Longitude,Latitude,individual-local-identifier,Date,timeAPM,Time,Season,DateTime,Month
15.37057393,-18.7333964,LA12,2010-04-01,12:00:00 AM,00:00:00,Hot-Wet,2010-04-01 00:00:00,4
15.37076416,-18.7333964,LA12,2010-04-01,12:20:00 AM,00:20:00,Hot-Wet,2010-04-01 00:20:00,4
15.37052612,-18.73325399,LA12,2010-04-01,12:40:00 AM,00:40:00,Hot-Wet,2010-04-01 00:40:00,4
15.37064819,-18.73317261,LA12,2010-04-01,01:00:00 AM,01:00:00,Hot-Wet,2010-04-01 01:00:00,4
15.37050374,-18.73303833,LA12,2010-04-01,01:20:00 AM,01:20:00,Hot-Wet,2010-04-01 01:20:00,4
15.37046509,-18.73307902,LA12,2010-04-01,01:40:00 AM,01:40:00,Hot-Wet,2010-04-01 01:40:00,4
15.3704366,-18.73311564,LA12,2010-04-01,02:00:00 AM,02:00:00,Hot-Wet,2010-04-01 02:00:00,4
15.37045593,-18.73306071,LA12,2010-04-01,02:20:00 AM,02:20:00,Hot-Wet,2010-04-01 02:20:00,4
15.37044474,-18.73306681,LA12,2010-04-01,02:40:00 AM,02:40:00,Hot-Wet,2010-04-01 02:40:00,4
15.37047424,-18.73306681,LA12,2010-04-01,03:00:00 AM,03:00:00,Hot-Wet,2010-04-01 03:00:00,4
15.37044576,-18.73307088,LA12,2010-04-01,03:20:00 AM,03:20:00,Hot-Wet,2010-04-01 03:20:00,4
15.3704244,-18.73307088,LA12,2010-04-01,03:40:00 AM,03:40:00,Hot-Wet,2010-04-01 03:40:00,4
15.37042338,-18.73306071,LA12,2010-04-01,04:01:00 AM,04:01:00,Hot-Wet,2010-04-01 04:01:00,4
15.37047424,-18.7331014,LA12,2010-04-01,04:20:00 AM,04:20:00,Hot-Wet,2010-04-01 04:20:00,4
15.37048645,-18.73309733,LA12,2010-04-01,04:40:00 AM,04:40:00,Hot-Wet,2010-04-01 04:40:00,4
15.37111206,-18.73301188,LA12,2010-04-01,05:00:00 AM,05:00:00,Hot-Wet,2010-04-01 05:00:00,4
15.37237956,-18.73276571,LA12,2010-04-01,05:20:00 AM,05:20:00,Hot-Wet,2010-04-01 05:20:00,4
15.37282104,-18.73256022,LA12,2010-04-01,05:40:00 AM,05:40:00,Hot-Wet,2010-04-01 05:40:00,4
15.37368266,-18.73274536,LA12,2010-04-01,06:00:00 AM,06:00:00,Hot-Wet,2010-04-01 06:00:00,4
15.37474467,-18.73256429,LA12,2010-04-01,06:20:00 AM,06:20:00,Hot-Wet,2010-04-01 06:20:00,4
15.37467448,-18.73246663,LA12,2010-04-01,06:40:00 AM,06:40:00,Hot-Wet,2010-04-01 06:40:00,4
15.37574361,-18.73152669,LA12,2010-04-01,07:00:00 AM,07:00:00,Hot-Wet,2010-04-01 07:00:00,4
15.37816874,-18.73292033,LA12,2010-04-01,07:20:00 AM,07:20:00,Hot-Wet,2010-04-01 07:20:00,4
15.37803345,-18.73328857,LA12,2010-04-01,07:40:00 AM,07:40:00,Hot-Wet,2010-04-01 07:40:00,4
15.3783549,-18.73393555,LA12,2010-04-01,08:00:00 AM,08:00:00,Hot-Wet,2010-04-01 08:00:00,4
15.37805176,-18.73938395,LA12,2010-04-01,08:20:00 AM,08:20:00,Hot-Wet,2010-04-01 08:20:00,4
15.37746582,-18.73949585,LA12,2010-04-01,08:40:00 AM,08:40:00,Hot-Wet,2010-04-01 08:40:00,4
15.37805278,-18.74480998,LA12,2010-04-01,09:00:00 AM,09:00:00,Hot-Wet,2010-04-01 09:00:00,4
15.37784322,-18.75393066,LA12,2010-04-01,09:20:00 AM,09:20:00,Hot-Wet,2010-04-01 09:20:00,4
15.37780355,-18.76328328,LA12,2010-04-01,09:40:00 AM,09:40:00,Hot-Wet,2010-04-01 09:40:00,4
15.37660929,-18.771934,LA12,2010-04-01,10:00:00 AM,10:00:00,Hot-Wet,2010-04-01 10:00:00,4
15.3757548,-18.7742513,LA12,2010-04-01,10:20:00 AM,10:20:00,Hot-Wet,2010-04-01 10:20:00,4
15.37589213,-18.77626343,LA12,2010-04-01,10:40:00 AM,10:40:00,Hot-Wet,2010-04-01 10:40:00,4
15.3761851,-18.77703654,LA12,2010-04-01,11:00:00 AM,11:00:00,Hot-Wet,2010-04-01 11:00:00,4
15.37701925,-18.7798055,LA12,2010-04-01,11:20:00 AM,11:20:00,Hot-Wet,2010-04-01 11:20:00,4
15.37751058,-18.78128459,LA12,2010-04-01,11:40:00 AM,11:40:00,Hot-Wet,2010-04-01 11:40:00,4
15.37768758,-18.78516846,LA12,2010-04-01,12:00:00 PM,12:00:00,Hot-Wet,2010-04-01 12:00:00,4
15.37771505,-18.78580119,LA12,2010-04-01,12:20:00 PM,12:20:00,Hot-Wet,2010-04-01 12:20:00,4
15.37620951,-18.78595378,LA12,2010-04-01,12:40:00 PM,12:40:00,Hot-Wet,2010-04-01 12:40:00,4
15.37100423,-18.78908285,LA12,2010-04-01,01:00:00 PM,13:00:00,Hot-Wet,2010-04-01 13:00:00,4
15.3670166,-18.7913147,LA12,2010-04-01,01:20:00 PM,13:20:00,Hot-Wet,2010-04-01 13:20:00,4
15.36351217,-18.79099731,LA12,2010-04-01,01:40:00 PM,13:40:00,Hot-Wet,2010-04-01 13:40:00,4
15.3635142,-18.79099731,LA12,2010-04-01,02:00:00 PM,14:00:00,Hot-Wet,2010-04-01 14:00:00,4
15.36351725,-18.79101359,LA12,2010-04-01,02:20:00 PM,14:20:00,Hot-Wet,2010-04-01 14:20:00,4
15.36354879,-18.79101156,LA12,2010-04-01,02:40:00 PM,14:40:00,Hot-Wet,2010-04-01 14:40:00,4
15.36587524,-18.79052327,LA12,2010-04-01,03:00:00 PM,15:00:00,Hot-Wet,2010-04-01 15:00:00,4
15.37119242,-18.79110718,LA12,2010-04-01,03:20:00 PM,15:20:00,Hot-Wet,2010-04-01 15:20:00,4
15.37993469,-18.79259644,LA12,2010-04-01,03:40:00 PM,15:40:00,Hot-Wet,2010-04-01 15:40:00,4
15.3893748,-18.79227498,LA12,2010-04-01,04:00:00 PM,16:00:00,Hot-Wet,2010-04-01 16:00:00,4
15.39068705,-18.7923055,LA12,2010-04-01,04:20:00 PM,16:20:00,Hot-Wet,2010-04-01 16:20:00,4
15.39375916,-18.79458618,LA12,2010-04-01,04:40:00 PM,16:40:00,Hot-Wet,2010-04-01 16:40:00,4
15.39469096,-18.79690552,LA12,2010-04-01,05:00:00 PM,17:00:00,Hot-Wet,2010-04-01 17:00:00,4
15.39531962,-18.79921672,LA12,2010-04-01,05:20:00 PM,17:20:00,Hot-Wet,2010-04-01 17:20:00,4
15.39590352,-18.7996582,LA12,2010-04-01,05:40:00 PM,17:40:00,Hot-Wet,2010-04-01 17:40:00,4
15.39657796,-18.79971517,LA12,2010-04-01,06:00:00 PM,18:00:00,Hot-Wet,2010-04-01 18:00:00,4
15.39885661,-18.80136719,LA12,2010-04-01,06:20:00 PM,18:20:00,Hot-Wet,2010-04-01 18:20:00,4
15.40093892,-18.80512288,LA12,2010-04-01,06:40:00 PM,18:40:00,Hot-Wet,2010-04-01 18:40:00,4
15.40088806,-18.80537516,LA12,2010-04-01,07:00:00 PM,19:00:00,Hot-Wet,2010-04-01 19:00:00,4
15.40290019,-18.80652262,LA12,2010-04-01,07:20:00 PM,19:20:00,Hot-Wet,2010-04-01 19:20:00,4
15.40518087,-18.80425415,LA12,2010-04-01,07:40:00 PM,19:40:00,Hot-Wet,2010-04-01 19:40:00,4
15.40527039,-18.80403646,LA12,2010-04-01,08:00:00 PM,20:00:00,Hot-Wet,2010-04-01 20:00:00,4
15.40547282,-18.80413615,LA12,2010-04-01,08:20:00 PM,20:20:00,Hot-Wet,2010-04-01 20:20:00,4
15.40750122,-18.80212199,LA12,2010-04-01,08:40:00 PM,20:40:00,Hot-Wet,2010-04-01 20:40:00,4
15.41090597,-18.79506632,LA12,2010-04-01,09:00:00 PM,21:00:00,Hot-Wet,2010-04-01 21:00:00,4
15.41888428,-18.79164632,LA12,2010-04-01,09:20:00 PM,21:20:00,Hot-Wet,2010-04-01 21:20:00,4
15.43045654,-18.79133301,LA12,2010-04-01,09:40:00 PM,21:40:00,Hot-Wet,2010-04-01 21:40:00,4
15.44220072,-18.79109904,LA12,2010-04-01,10:00:00 PM,22:00:00,Hot-Wet,2010-04-01 22:00:00,4
15.4537974,-18.79081421,LA12,2010-04-01,10:20:00 PM,22:20:00,Hot-Wet,2010-04-01 22:20:00,4
15.46678365,-18.79049072,LA12,2010-04-01,10:40:00 PM,22:40:00,Hot-Wet,2010-04-01 22:40:00,4
15.47928975,-18.79023641,LA12,2010-04-01,11:00:00 PM,23:00:00,Hot-Wet,2010-04-01 23:00:00,4
15.49296977,-18.78993937,LA12,2010-04-01,11:20:00 PM,23:20:00,Hot-Wet,2010-04-01 23:20:00,4
15.5064504,-18.78967285,LA12,2010-04-01,11:40:00 PM,23:40:00,Hot-Wet,2010-04-01 23:40:00,4
15.51805725,-18.78945719,LA12,2010-04-02,12:00:00 AM,00:00:00,Hot-Wet,2010-04-02 00:00:00,4
15.52543132,-18.78930257,LA12,2010-04-02,12:20:00 AM,00:20:00,Hot-Wet,2010-04-02 00:20:00,4
15.53471883,-18.78913778,LA12,2010-04-02,12:40:00 AM,00:40:00,Hot-Wet,2010-04-02 00:40:00,4
15.54220785,-18.78894043,LA12,2010-04-02,01:00:00 AM,01:00:00,Hot-Wet,2010-04-02 01:00:00,4
15.54258321,-18.78882243,LA12,2010-04-02,01:20:00 AM,01:20:00,Hot-Wet,2010-04-02 01:20:00,4
15.54804891,-18.78886719,LA12,2010-04-02,01:40:00 AM,01:40:00,Hot-Wet,2010-04-02 01:40:00,4
15.56020101,-18.78861491,LA12,2010-04-02,02:00:00 AM,02:00:00,Hot-Wet,2010-04-02 02:00:00,4
15.5616333,-18.78909912,LA12,2010-04-02,02:20:00 AM,02:20:00,Hot-Wet,2010-04-02 02:20:00,4
15.56311849,-18.78855591,LA12,2010-04-02,02:40:00 AM,02:40:00,Hot-Wet,2010-04-02 02:40:00,4
15.56951497,-18.78858439,LA12,2010-04-02,03:00:00 AM,03:00:00,Hot-Wet,2010-04-02 03:00:00,4
15.57001546,-18.78898315,LA12,2010-04-02,03:20:00 AM,03:20:00,Hot-Wet,2010-04-02 03:20:00,4
15.57070516,-18.78907267,LA12,2010-04-02,03:40:00 AM,03:40:00,Hot-Wet,2010-04-02 03:40:00,4
15.57128499,-18.7887085,LA12,2010-04-02,04:00:00 AM,04:00:00,Hot-Wet,2010-04-02 04:00:00,4
15.57194112,-18.78658244,LA12,2010-04-02,04:20:00 AM,04:20:00,Hot-Wet,2010-04-02 04:20:00,4
15.57193705,-18.78657633,LA12,2010-04-02,04:40:00 AM,04:40:00,Hot-Wet,2010-04-02 04:40:00,4
15.5720815,-18.78644409,LA12,2010-04-02,05:00:00 AM,05:00:00,Hot-Wet,2010-04-02 05:00:00,4
15.57329814,-18.78559367,LA12,2010-04-02,05:20:00 AM,05:20:00,Hot-Wet,2010-04-02 05:20:00,4
15.57406718,-18.78517456,LA12,2010-04-02,05:40:00 AM,05:40:00,Hot-Wet,2010-04-02 05:40:00,4
15.57518514,-18.78301595,LA12,2010-04-02,06:00:00 AM,06:00:00,Hot-Wet,2010-04-02 06:00:00,4
15.57724915,-18.78269857,LA12,2010-04-02,06:20:00 AM,06:20:00,Hot-Wet,2010-04-02 06:20:00,4
15.57731832,-18.78261515,LA12,2010-04-02,06:40:00 AM,06:40:00,Hot-Wet,2010-04-02 06:40:00,4
15.57784729,-18.78267415,LA12,2010-04-02,07:00:00 AM,07:00:00,Hot-Wet,2010-04-02 07:00:00,4
15.57920125,-18.7828654,LA12,2010-04-02,07:20:00 AM,07:20:00,Hot-Wet,2010-04-02 07:20:00,4
15.58084208,-18.78256429,LA12,2010-04-02,07:40:00 AM,07:40:00,Hot-Wet,2010-04-02 07:40:00,4
15.58395691,-18.78280029,LA12,2010-04-02,08:00:00 AM,08:00:00,Hot-Wet,2010-04-02 08:00:00,4
15.5839386,-18.78279622,LA12,2010-04-02,08:20:00 AM,08:20:00,Hot-Wet,2010-04-02 08:20:00,4
15.58393555,-18.78282064,LA12,2010-04-02,08:40:00 AM,08:40:00,Hot-Wet,2010-04-02 08:40:00,4
15.5859436,-18.78305664,LA12,2010-04-02,09:00:00 AM,09:00:00,Hot-Wet,2010-04-02 09:00:00,4
15.59144389,-18.78803101,LA12,2010-04-02,09:20:00 AM,09:20:00,Hot-Wet,2010-04-02 09:20:00,4
15.59895935,-18.78733927,LA12,2010-04-02,09:40:00 AM,09:40:00,Hot-Wet,2010-04-02 09:40:00,4
15.60560913,-18.78713989,LA12,2010-04-02,10:00:00 AM,10:00:00,Hot-Wet,2010-04-02 10:00:00,4
15.60697021,-18.78577474,LA12,2010-04-02,10:20:00 AM,10:20:00,Hot-Wet,2010-04-02 10:20:00,4
15.60787964,-18.78582357,LA12,2010-04-02,10:40:00 AM,10:40:00,Hot-Wet,2010-04-02 10:40:00,4
15.61367391,-18.78554891,LA12,2010-04-02,11:00:00 AM,11:00:00,Hot-Wet,2010-04-02 11:00:00,4
15.61976827,-18.78601278,LA12,2010-04-02,11:20:00 AM,11:20:00,Hot-Wet,2010-04-02 11:20:00,4
15.62772929,-18.78149821,LA12,2010-04-02,11:40:00 AM,11:40:00,Hot-Wet,2010-04-02 11:40:00,4
15.6295929,-18.78085531,LA12,2010-04-02,12:00:00 PM,12:00:00,Hot-Wet,2010-04-02 12:00:00,4
15.63118083,-18.78031006,LA12,2010-04-02,12:20:00 PM,12:20:00,Hot-Wet,2010-04-02 12:20:00,4
15.63119812,-18.78036092,LA12,2010-04-02,12:40:00 PM,12:40:00,Hot-Wet,2010-04-02 12:40:00,4
15.63315125,-18.77916463,LA12,2010-04-02,01:00:00 PM,13:00:00,Hot-Wet,2010-04-02 13:00:00,4
15.63528341,-18.77865601,LA12,2010-04-02,01:20:00 PM,13:20:00,Hot-Wet,2010-04-02 13:20:00,4
15.64298299,-18.77431234,LA12,2010-04-02,01:40:00 PM,13:40:00,Hot-Wet,2010-04-02 13:40:00,4
15.64877319,-18.77434692,LA12,2010-04-02,02:00:00 PM,14:00:00,Hot-Wet,2010-04-02 14:00:00,4
15.64955648,-18.77458496,LA12,2010-04-02,02:20:00 PM,14:20:00,Hot-Wet,2010-04-02 14:20:00,4
15.6503245,-18.77537028,LA12,2010-04-02,02:40:00 PM,14:40:00,Hot-Wet,2010-04-02 14:40:00,4
15.65467122,-18.77401326,LA12,2010-04-02,03:00:00 PM,15:00:00,Hot-Wet,2010-04-02 15:00:00,4
15.66083577,-18.77153117,LA12,2010-04-02,03:20:00 PM,15:20:00,Hot-Wet,2010-04-02 15:20:00,4
15.66128743,-18.77147013,LA12,2010-04-02,03:40:00 PM,15:40:00,Hot-Wet,2010-04-02 15:40:00,4
15.66175842,-18.7718811,LA12,2010-04-02,04:00:00 PM,16:00:00,Hot-Wet,2010-04-02 16:00:00,4
15.66530863,-18.77116292,LA12,2010-04-02,04:21:00 PM,16:21:00,Hot-Wet,2010-04-02 16:21:00,4
15.67098897,-18.76715291,LA12,2010-04-02,04:40:00 PM,16:40:00,Hot-Wet,2010-04-02 16:40:00,4
15.67893982,-18.76371257,LA12,2010-04-02,05:00:00 PM,17:00:00,Hot-Wet,2010-04-02 17:00:00,4
15.68744202,-18.76330363,LA12,2010-04-02,05:20:00 PM,17:20:00,Hot-Wet,2010-04-02 17:20:00,4
15.69801534,-18.76175944,LA12,2010-04-02,05:40:00 PM,17:40:00,Hot-Wet,2010-04-02 17:40:00,4
15.70484212,-18.76263428,LA12,2010-04-02,06:00:00 PM,18:00:00,Hot-Wet,2010-04-02 18:00:00,4
15.7118337,-18.75962931,LA12,2010-04-02,06:20:00 PM,18:20:00,Hot-Wet,2010-04-02 18:20:00,4
15.72054952,-18.7599589,LA12,2010-04-02,06:40:00 PM,18:40:00,Hot-Wet,2010-04-02 18:40:00,4
15.72755432,-18.76098022,LA12,2010-04-02,07:00:00 PM,19:00:00,Hot-Wet,2010-04-02 19:00:00,4
15.7327474,-18.76231079,LA12,2010-04-02,07:20:00 PM,19:20:00,Hot-Wet,2010-04-02 19:20:00,4
15.73701477,-18.76407878,LA12,2010-04-02,07:40:00 PM,19:40:00,Hot-Wet,2010-04-02 19:40:00,4
15.743514,-18.76771444,LA12,2010-04-02,08:00:00 PM,20:00:00,Hot-Wet,2010-04-02 20:00:00,4
15.74724731,-18.77011515,LA12,2010-04-02,08:20:00 PM,20:20:00,Hot-Wet,2010-04-02 20:20:00,4
15.75018209,-18.77208659,LA12,2010-04-02,08:40:00 PM,20:40:00,Hot-Wet,2010-04-02 20:40:00,4
15.754894,-18.77266235,LA12,2010-04-02,09:00:00 PM,21:00:00,Hot-Wet,2010-04-02 21:00:00,4
15.75633647,-18.77275391,LA12,2010-04-02,09:20:00 PM,21:20:00,Hot-Wet,2010-04-02 21:20:00,4
15.75759786,-18.77275391,LA12,2010-04-02,09:40:00 PM,21:40:00,Hot-Wet,2010-04-02 21:40:00,4
15.76021525,-18.77349447,LA12,2010-04-02,10:00:00 PM,22:00:00,Hot-Wet,2010-04-02 22:00:00,4
15.76347961,-18.77364502,LA12,2010-04-02,10:20:00 PM,22:20:00,Hot-Wet,2010-04-02 22:20:00,4
15.77142131,-18.77705688,LA12,2010-04-02,10:40:00 PM,22:40:00,Hot-Wet,2010-04-02 22:40:00,4
15.77557475,-18.78031006,LA12,2010-04-02,11:00:00 PM,23:00:00,Hot-Wet,2010-04-02 23:00:00,4
15.77556661,-18.78035685,LA12,2010-04-02,11:20:00 PM,23:20:00,Hot-Wet,2010-04-02 23:20:00,4
15.7755188,-18.7803243,LA12,2010-04-02,11:40:00 PM,23:40:00,Hot-Wet,2010-04-02 23:40:00,4
15.77571513,-18.78032837,LA12,2010-04-03,12:00:00 AM,00:00:00,Hot-Wet,2010-04-03 00:00:00,4
15.77565308,-18.78032633,LA12,2010-04-03,12:20:00 AM,00:20:00,Hot-Wet,2010-04-03 00:20:00,4
15.77568868,-18.78031006,LA12,2010-04-03,12:40:00 AM,00:40:00,Hot-Wet,2010-04-03 00:40:00,4
15.77576192,-18.78035685,LA12,2010-04-03,01:00:00 AM,01:00:00,Hot-Wet,2010-04-03 01:00:00,4
15.7758077,-18.78109334,LA12,2010-04-03,01:20:00 AM,01:20:00,Hot-Wet,2010-04-03 01:20:00,4
15.77598877,-18.78429159,LA12,2010-04-03,01:40:00 AM,01:40:00,Hot-Wet,2010-04-03 01:40:00,4
15.77705688,-18.78433431,LA12,2010-04-03,02:00:00 AM,02:00:00,Hot-Wet,2010-04-03 02:00:00,4
15.77726237,-18.78408407,LA12,2010-04-03,02:20:00 AM,02:20:00,Hot-Wet,2010-04-03 02:20:00,4
15.77748515,-18.78406982,LA12,2010-04-03,02:40:00 AM,02:40:00,Hot-Wet,2010-04-03 02:40:00,4
15.77740682,-18.78411458,LA12,2010-04-03,03:00:00 AM,03:00:00,Hot-Wet,2010-04-03 03:00:00,4
15.77799377,-18.78342896,LA12,2010-04-03,03:20:00 AM,03:20:00,Hot-Wet,2010-04-03 03:20:00,4
15.77802429,-18.78326009,LA12,2010-04-03,03:40:00 AM,03:40:00,Hot-Wet,2010-04-03 03:40:00,4
15.77801819,-18.78324992,LA12,2010-04-03,04:00:00 AM,04:00:00,Hot-Wet,2010-04-03 04:00:00,4
15.77799988,-18.78326416,LA12,2010-04-03,04:20:00 AM,04:20:00,Hot-Wet,2010-04-03 04:20:00,4
15.77802429,-18.7832784,LA12,2010-04-03,04:40:00 AM,04:40:00,Hot-Wet,2010-04-03 04:40:00,4
15.7779307,-18.78333944,LA12,2010-04-03,05:00:00 AM,05:00:00,Hot-Wet,2010-04-03 05:00:00,4
15.77782593,-18.78295695,LA12,2010-04-03,05:20:00 AM,05:20:00,Hot-Wet,2010-04-03 05:20:00,4
15.77743734,-18.7825826,LA12,2010-04-03,05:40:00 AM,05:40:00,Hot-Wet,2010-04-03 05:40:00,4
15.77751363,-18.7824585,LA12,2010-04-03,06:00:00 AM,06:00:00,Hot-Wet,2010-04-03 06:00:00,4
15.77775167,-18.78238932,LA12,2010-04-03,06:20:00 AM,06:20:00,Hot-Wet,2010-04-03 06:20:00,4
15.77774556,-18.78253581,LA12,2010-04-03,06:40:00 AM,06:40:00,Hot-Wet,2010-04-03 06:40:00,4
15.77783813,-18.78256429,LA12,2010-04-03,07:00:00 AM,07:00:00,Hot-Wet,2010-04-03 07:00:00,4
15.77679545,-18.78318481,LA12,2010-04-03,07:20:00 AM,07:20:00,Hot-Wet,2010-04-03 07:20:00,4
15.77691549,-18.78322754,LA12,2010-04-03,07:40:00 AM,07:40:00,Hot-Wet,2010-04-03 07:40:00,4
15.77658997,-18.78317668,LA12,2010-04-03,08:00:00 AM,08:00:00,Hot-Wet,2010-04-03 08:00:00,4
15.77618917,-18.78342082,LA12,2010-04-03,08:20:00 AM,08:20:00,Hot-Wet,2010-04-03 08:20:00,4
15.7762085,-18.78320516,LA12,2010-04-03,08:40:00 AM,08:40:00,Hot-Wet,2010-04-03 08:40:00,4
15.7762502,-18.78311361,LA12,2010-04-03,09:00:00 AM,09:00:00,Hot-Wet,2010-04-03 09:00:00,4
15.77612101,-18.78346151,LA12,2010-04-03,09:20:00 AM,09:20:00,Hot-Wet,2010-04-03 09:20:00,4
15.7744161,-18.78221842,LA12,2010-04-03,09:40:00 AM,09:40:00,Hot-Wet,2010-04-03 09:40:00,4
15.77398783,-18.78169759,LA12,2010-04-03,10:00:00 AM,10:00:00,Hot-Wet,2010-04-03 10:00:00,4
15.77360942,-18.78145752,LA12,2010-04-03,10:20:00 AM,10:20:00,Hot-Wet,2010-04-03 10:20:00,4
15.77255046,-18.78212077,LA12,2010-04-03,10:40:00 AM,10:40:00,Hot-Wet,2010-04-03 10:40:00,4
15.77009786,-18.78592529,LA12,2010-04-03,11:00:00 AM,11:00:00,Hot-Wet,2010-04-03 11:00:00,4
15.77155151,-18.78610026,LA12,2010-04-03,11:20:00 AM,11:20:00,Hot-Wet,2010-04-03 11:20:00,4
15.77191264,-18.78615316,LA12,2010-04-03,11:40:00 AM,11:40:00,Hot-Wet,2010-04-03 11:40:00,4
15.77034302,-18.78917643,LA12,2010-04-03,12:00:00 PM,12:00:00,Hot-Wet,2010-04-03 12:00:00,4
15.76176961,-18.78800863,LA12,2010-04-03,12:20:00 PM,12:20:00,Hot-Wet,2010-04-03 12:20:00,4
15.75291341,-18.78252157,LA12,2010-04-03,12:40:00 PM,12:40:00,Hot-Wet,2010-04-03 12:40:00,4
15.744163,-18.77543742,LA12,2010-04-03,01:00:00 PM,13:00:00,Hot-Wet,2010-04-03 13:00:00,4
15.73732605,-18.76875,LA12,2010-04-03,01:20:00 PM,13:20:00,Hot-Wet,2010-04-03 13:20:00,4
15.73746745,-18.76801758,LA12,2010-04-03,01:40:00 PM,13:40:00,Hot-Wet,2010-04-03 13:40:00,4
15.73550415,-18.76443685,LA12,2010-04-03,02:00:00 PM,14:00:00,Hot-Wet,2010-04-03 14:00:00,4
15.73083903,-18.76181844,LA12,2010-04-03,02:20:00 PM,14:20:00,Hot-Wet,2010-04-03 14:20:00,4
15.72404277,-18.7553894,LA12,2010-04-03,02:40:00 PM,14:40:00,Hot-Wet,2010-04-03 14:40:00,4
15.72403971,-18.75031128,LA12,2010-04-03,03:00:00 PM,15:00:00,Hot-Wet,2010-04-03 15:00:00,4
15.72376709,-18.743809,LA12,2010-04-03,03:20:00 PM,15:20:00,Hot-Wet,2010-04-03 15:20:00,4
15.72098389,-18.74151408,LA12,2010-04-03,03:40:00 PM,15:40:00,Hot-Wet,2010-04-03 15:40:00,4
15.72359619,-18.73953044,LA12,2010-04-03,04:00:00 PM,16:00:00,Hot-Wet,2010-04-03 16:00:00,4
15.73140971,-18.73605143,LA12,2010-04-03,04:20:00 PM,16:20:00,Hot-Wet,2010-04-03 16:20:00,4
15.7323995,-18.7404541,LA12,2010-04-03,04:40:00 PM,16:40:00,Hot-Wet,2010-04-03 16:40:00,4
15.73292236,-18.74295247,LA12,2010-04-03,05:00:00 PM,17:00:00,Hot-Wet,2010-04-03 17:00:00,4
15.73358561,-18.74378866,LA12,2010-04-03,05:20:00 PM,17:20:00,Hot-Wet,2010-04-03 17:20:00,4
15.73386027,-18.74422811,LA12,2010-04-03,05:40:00 PM,17:40:00,Hot-Wet,2010-04-03 17:40:00,4
15.73370667,-18.74402669,LA12,2010-04-03,06:00:00 PM,18:00:00,Hot-Wet,2010-04-03 18:00:00,4
15.73395793,-18.74406331,LA12,2010-04-03,06:20:00 PM,18:20:00,Hot-Wet,2010-04-03 18:20:00,4
15.73397624,-18.744045,LA12,2010-04-03,06:40:00 PM,18:40:00,Hot-Wet,2010-04-03 18:40:00,4
15.73387044,-18.74419963,LA12,2010-04-03,07:00:00 PM,19:00:00,Hot-Wet,2010-04-03 19:00:00,4
15.73324076,-18.74606323,LA12,2010-04-03,07:20:00 PM,19:20:00,Hot-Wet,2010-04-03 19:20:00,4
15.73292643,-18.74752604,LA12,2010-04-03,07:40:00 PM,19:40:00,Hot-Wet,2010-04-03 19:40:00,4
15.73221741,-18.75119019,LA12,2010-04-03,08:00:00 PM,20:00:00,Hot-Wet,2010-04-03 20:00:00,4
15.73202718,-18.75532633,LA12,2010-04-03,08:20:00 PM,20:20:00,Hot-Wet,2010-04-03 20:20:00,4
15.73159383,-18.75817057,LA12,2010-04-03,08:40:00 PM,20:40:00,Hot-Wet,2010-04-03 20:40:00,4
15.73111877,-18.76321411,LA12,2010-04-03,09:00:00 PM,21:00:00,Hot-Wet,2010-04-03 21:00:00,4
15.72813517,-18.76734009,LA12,2010-04-03,09:20:00 PM,21:20:00,Hot-Wet,2010-04-03 21:20:00,4
15.72721354,-18.76804606,LA12,2010-04-03,09:40:00 PM,21:40:00,Hot-Wet,2010-04-03 21:40:00,4
15.726415,-18.76810099,LA12,2010-04-03,10:00:00 PM,22:00:00,Hot-Wet,2010-04-03 22:00:00,4
15.72831624,-18.76981405,LA12,2010-04-03,10:20:00 PM,22:20:00,Hot-Wet,2010-04-03 22:20:00,4
15.72510274,-18.77558187,LA12,2010-04-03,10:40:00 PM,22:40:00,Hot-Wet,2010-04-03 22:40:00,4
15.71807048,-18.77491252,LA12,2010-04-03,11:00:00 PM,23:00:00,Hot-Wet,2010-04-03 23:00:00,4
15.71512044,-18.77072347,LA12,2010-04-03,11:20:00 PM,23:20:00,Hot-Wet,2010-04-03 23:20:00,4
15.71823018,-18.76941121,LA12,2010-04-03,11:40:00 PM,23:40:00,Hot-Wet,2010-04-03 23:40:00,4
15.72110291,-18.76996257,LA12,2010-04-04,12:00:00 AM,00:00:00,Hot-Wet,2010-04-04 00:00:00,4
15.72351481,-18.76890055,LA12,2010-04-04,12:20:00 AM,00:20:00,Hot-Wet,2010-04-04 00:20:00,4
15.72550863,-18.76937663,LA12,2010-04-04,12:40:00 AM,00:40:00,Hot-Wet,2010-04-04 00:40:00,4
15.72767537,-18.76967163,LA12,2010-04-04,01:00:00 AM,01:00:00,Hot-Wet,2010-04-04 01:00:00,4
15.72880452,-18.77085164,LA12,2010-04-04,01:20:00 AM,01:20:00,Hot-Wet,2010-04-04 01:20:00,4
15.72980042,-18.7719279,LA12,2010-04-04,01:40:00 AM,01:40:00,Hot-Wet,2010-04-04 01:40:00,4
15.72983704,-18.771934,LA12,2010-04-04,02:00:00 AM,02:00:00,Hot-Wet,2010-04-04 02:00:00,4
15.72982992,-18.77192383,LA12,2010-04-04,02:20:00 AM,02:20:00,Hot-Wet,2010-04-04 02:20:00,4
15.72981059,-18.77190755,LA12,2010-04-04,02:40:00 AM,02:40:00,Hot-Wet,2010-04-04 02:40:00,4
15.72984619,-18.77193604,LA12,2010-04-04,03:00:00 AM,03:00:00,Hot-Wet,2010-04-04 03:00:00,4
15.72985026,-18.77195435,LA12,2010-04-04,03:20:00 AM,03:20:00,Hot-Wet,2010-04-04 03:20:00,4
15.72983602,-18.77190348,LA12,2010-04-04,03:40:00 AM,03:40:00,Hot-Wet,2010-04-04 03:40:00,4
15.72978821,-18.77197266,LA12,2010-04-04,04:00:00 AM,04:00:00,Hot-Wet,2010-04-04 04:00:00,4
15.73045044,-18.77243245,LA12,2010-04-04,04:20:00 AM,04:20:00,Hot-Wet,2010-04-04 04:20:00,4
15.73191325,-18.77217,LA12,2010-04-04,04:40:00 AM,04:40:00,Hot-Wet,2010-04-04 04:40:00,4
15.73188171,-18.77192383,LA12,2010-04-04,05:00:00 AM,05:00:00,Hot-Wet,2010-04-04 05:00:00,4
15.73195597,-18.76982015,LA12,2010-04-04,05:20:00 AM,05:20:00,Hot-Wet,2010-04-04 05:20:00,4
15.73283386,-18.76213175,LA12,2010-04-04,05:40:00 AM,05:40:00,Hot-Wet,2010-04-04 05:40:00,4
15.73180339,-18.76207479,LA12,2010-04-04,06:00:00 AM,06:00:00,Hot-Wet,2010-04-04 06:00:00,4
15.72876383,-18.7613505,LA12,2010-04-04,06:20:00 AM,06:20:00,Hot-Wet,2010-04-04 06:20:00,4
15.72655538,-18.76165975,LA12,2010-04-04,06:40:00 AM,06:40:00,Hot-Wet,2010-04-04 06:40:00,4
15.72377828,-18.76086629,LA12,2010-04-04,07:00:00 AM,07:00:00,Hot-Wet,2010-04-04 07:00:00,4
15.72011007,-18.75986938,LA12,2010-04-04,07:20:00 AM,07:20:00,Hot-Wet,2010-04-04 07:20:00,4
15.71146139,-18.75891317,LA12,2010-04-04,07:40:00 AM,07:40:00,Hot-Wet,2010-04-04 07:40:00,4
15.70343018,-18.76171672,LA12,2010-04-04,08:00:00 AM,08:00:00,Hot-Wet,2010-04-04 08:00:00,4
15.69565531,-18.76207682,LA12,2010-04-04,08:20:00 AM,08:20:00,Hot-Wet,2010-04-04 08:20:00,4
15.6894165,-18.76309814,LA12,2010-04-04,08:40:00 AM,08:40:00,Hot-Wet,2010-04-04 08:40:00,4
15.68701579,-18.76341146,LA12,2010-04-04,09:00:00 AM,09:00:00,Hot-Wet,2010-04-04 09:00:00,4
15.68606567,-18.76280111,LA12,2010-04-04,09:20:00 AM,09:20:00,Hot-Wet,2010-04-04 09:20:00,4
15.68503215,-18.76271769,LA12,2010-04-04,09:40:00 AM,09:40:00,Hot-Wet,2010-04-04 09:40:00,4
15.6791921,-18.7614624,LA12,2010-04-04,10:00:00 AM,10:00:00,Hot-Wet,2010-04-04 10:00:00,4
15.67663167,-18.76152954,LA12,2010-04-04,10:20:00 AM,10:20:00,Hot-Wet,2010-04-04 10:20:00,4
15.66752218,-18.76543783,LA12,2010-04-04,10:40:00 AM,10:40:00,Hot-Wet,2010-04-04 10:40:00,4
15.66175028,-18.7692098,LA12,2010-04-04,11:00:00 AM,11:00:00,Hot-Wet,2010-04-04 11:00:00,4
15.66083679,-18.77143962,LA12,2010-04-04,11:20:00 AM,11:20:00,Hot-Wet,2010-04-04 11:20:00,4
15.65309652,-18.77443848,LA12,2010-04-04,11:40:00 AM,11:40:00,Hot-Wet,2010-04-04 11:40:00,4
15.64980265,-18.77489014,LA12,2010-04-04,12:00:00 PM,12:00:00,Hot-Wet,2010-04-04 12:00:00,4
15.64929199,-18.77463582,LA12,2010-04-04,12:20:00 PM,12:20:00,Hot-Wet,2010-04-04 12:20:00,4
15.64925334,-18.77432861,LA12,2010-04-04,12:41:00 PM,12:41:00,Hot-Wet,2010-04-04 12:41:00,4
15.64732361,-18.77375081,LA12,2010-04-04,01:00:00 PM,13:00:00,Hot-Wet,2010-04-04 13:00:00,4
15.6391866,-18.77603556,LA12,2010-04-04,01:20:00 PM,13:20:00,Hot-Wet,2010-04-04 13:20:00,4
15.63437297,-18.77884725,LA12,2010-04-04,01:40:00 PM,13:40:00,Hot-Wet,2010-04-04 13:40:00,4
15.63213603,-18.77991536,LA12,2010-04-04,02:00:00 PM,14:00:00,Hot-Wet,2010-04-04 14:00:00,4
15.62937724,-18.7809611,LA12,2010-04-04,02:20:00 PM,14:20:00,Hot-Wet,2010-04-04 14:20:00,4
15.62113953,-18.7851888,LA12,2010-04-04,02:40:00 PM,14:40:00,Hot-Wet,2010-04-04 14:40:00,4
15.61950175,-18.78771159,LA12,2010-04-04,03:00:00 PM,15:00:00,Hot-Wet,2010-04-04 15:00:00,4
15.62317607,-18.79460246,LA12,2010-04-04,03:20:00 PM,15:20:00,Hot-Wet,2010-04-04 15:20:00,4
15.62728984,-18.7995931,LA12,2010-04-04,03:40:00 PM,15:40:00,Hot-Wet,2010-04-04 15:40:00,4
15.63045349,-18.80400187,LA12,2010-04-04,04:00:00 PM,16:00:00,Hot-Wet,2010-04-04 16:00:00,4
15.63256836,-18.80731201,LA12,2010-04-04,04:20:00 PM,16:20:00,Hot-Wet,2010-04-04 16:20:00,4
15.63639526,-18.81144613,LA12,2010-04-04,04:40:00 PM,16:40:00,Hot-Wet,2010-04-04 16:40:00,4
15.63722026,-18.81360881,LA12,2010-04-04,05:00:00 PM,17:00:00,Hot-Wet,2010-04-04 17:00:00,4
15.63994141,-18.81725464,LA12,2010-04-04,05:20:00 PM,17:20:00,Hot-Wet,2010-04-04 17:20:00,4
15.64088745,-18.82071533,LA12,2010-04-04,05:40:00 PM,17:40:00,Hot-Wet,2010-04-04 17:40:00,4
15.64178874,-18.82503255,LA12,2010-04-04,06:00:00 PM,18:00:00,Hot-Wet,2010-04-04 18:00:00,4
15.63942668,-18.82836304,LA12,2010-04-04,06:20:00 PM,18:20:00,Hot-Wet,2010-04-04 18:20:00,4
15.63772074,-18.83373617,LA12,2010-04-04,06:40:00 PM,18:40:00,Hot-Wet,2010-04-04 18:40:00,4
15.63682251,-18.83514201,LA12,2010-04-04,07:00:00 PM,19:00:00,Hot-Wet,2010-04-04 19:00:00,4
15.64064433,-18.83347168,LA12,2010-04-04,07:20:00 PM,19:20:00,Hot-Wet,2010-04-04 19:20:00,4
15.64147644,-18.83250326,LA12,2010-04-04,07:40:00 PM,19:40:00,Hot-Wet,2010-04-04 19:40:00,4
15.6417867,-18.83112793,LA12,2010-04-04,08:00:00 PM,20:00:00,Hot-Wet,2010-04-04 20:00:00,4
15.64142965,-18.82789103,LA12,2010-04-04,08:20:00 PM,20:20:00,Hot-Wet,2010-04-04 20:20:00,4
15.6416158,-18.82763875,LA12,2010-04-04,08:40:00 PM,20:40:00,Hot-Wet,2010-04-04 20:40:00,4
15.64379985,-18.82574666,LA12,2010-04-04,09:00:00 PM,21:00:00,Hot-Wet,2010-04-04 21:00:00,4
15.64205221,-18.82226969,LA12,2010-04-04,09:20:00 PM,21:20:00,Hot-Wet,2010-04-04 21:20:00,4
15.63994649,-18.81881104,LA12,2010-04-04,09:40:00 PM,21:40:00,Hot-Wet,2010-04-04 21:40:00,4
15.64188436,-18.81875203,LA12,2010-04-04,10:00:00 PM,22:00:00,Hot-Wet,2010-04-04 22:00:00,4
15.64680786,-18.81963501,LA12,2010-04-04,10:20:00 PM,22:20:00,Hot-Wet,2010-04-04 22:20:00,4
15.64837646,-18.81914469,LA12,2010-04-04,10:40:00 PM,22:40:00,Hot-Wet,2010-04-04 22:40:00,4
15.65069275,-18.81877035,LA12,2010-04-04,11:00:00 PM,23:00:00,Hot-Wet,2010-04-04 23:00:00,4
15.65439148,-18.81977132,LA12,2010-04-04,11:20:00 PM,23:20:00,Hot-Wet,2010-04-04 23:20:00,4
15.6574941,-18.82027995,LA12,2010-04-04,11:40:00 PM,23:40:00,Hot-Wet,2010-04-04 23:40:00,4
15.66016337,-18.82085571,LA12,2010-04-05,12:00:00 AM,00:00:00,Hot-Wet,2010-04-05 00:00:00,4
15.66298828,-18.81958415,LA12,2010-04-05,12:20:00 AM,00:20:00,Hot-Wet,2010-04-05 00:20:00,4
15.66298523,-18.81957804,LA12,2010-04-05,12:40:00 AM,00:40:00,Hot-Wet,2010-04-05 00:40:00,4
15.66300252,-18.81956177,LA12,2010-04-05,01:00:00 AM,01:00:00,Hot-Wet,2010-04-05 01:00:00,4
15.66300964,-18.81959432,LA12,2010-04-05,01:20:00 AM,01:20:00,Hot-Wet,2010-04-05 01:20:00,4
15.66302389,-18.8196228,LA12,2010-04-05,01:40:00 AM,01:40:00,Hot-Wet,2010-04-05 01:40:00,4
15.66321716,-18.81953939,LA12,2010-04-05,02:00:00 AM,02:00:00,Hot-Wet,2010-04-05 02:00:00,4
15.66327616,-18.8195109,LA12,2010-04-05,02:20:00 AM,02:20:00,Hot-Wet,2010-04-05 02:20:00,4
15.66332397,-18.8194987,LA12,2010-04-05,02:40:00 AM,02:40:00,Hot-Wet,2010-04-05 02:40:00,4
15.66331177,-18.81951294,LA12,2010-04-05,03:00:00 AM,03:00:00,Hot-Wet,2010-04-05 03:00:00,4
15.66325989,-18.81950073,LA12,2010-04-05,03:20:00 AM,03:20:00,Hot-Wet,2010-04-05 03:20:00,4
15.66327922,-18.81948039,LA12,2010-04-05,03:40:00 AM,03:40:00,Hot-Wet,2010-04-05 03:40:00,4
15.6633372,-18.8194987,LA12,2010-04-05,04:00:00 AM,04:00:00,Hot-Wet,2010-04-05 04:00:00,4
15.66330566,-18.8194987,LA12,2010-04-05,04:20:00 AM,04:20:00,Hot-Wet,2010-04-05 04:20:00,4
15.66325989,-18.81946411,LA12,2010-04-05,04:40:00 AM,04:40:00,Hot-Wet,2010-04-05 04:40:00,4
15.66322225,-18.81953125,LA12,2010-04-05,05:00:00 AM,05:00:00,Hot-Wet,2010-04-05 05:00:00,4
15.66407776,-18.81774699,LA12,2010-04-05,05:20:00 AM,05:20:00,Hot-Wet,2010-04-05 05:20:00,4
15.66703389,-18.81468506,LA12,2010-04-05,05:40:00 AM,05:40:00,Hot-Wet,2010-04-05 05:40:00,4
15.66785278,-18.81207682,LA12,2010-04-05,06:00:00 AM,06:00:00,Hot-Wet,2010-04-05 06:00:00,4
15.66706034,-18.81106364,LA12,2010-04-05,06:20:00 AM,06:20:00,Hot-Wet,2010-04-05 06:20:00,4
15.66735738,-18.81028646,LA12,2010-04-05,06:40:00 AM,06:40:00,Hot-Wet,2010-04-05 06:40:00,4
15.66795247,-18.80975749,LA12,2010-04-05,07:00:00 AM,07:00:00,Hot-Wet,2010-04-05 07:00:00,4
15.66748657,-18.80879313,LA12,2010-04-05,07:20:00 AM,07:20:00,Hot-Wet,2010-04-05 07:20:00,4
15.66371053,-18.80568441,LA12,2010-04-05,07:40:00 AM,07:40:00,Hot-Wet,2010-04-05 07:40:00,4
15.66334229,-18.80346069,LA12,2010-04-05,08:00:00 AM,08:00:00,Hot-Wet,2010-04-05 08:00:00,4
15.66331177,-18.80345459,LA12,2010-04-05,08:20:00 AM,08:20:00,Hot-Wet,2010-04-05 08:20:00,4
15.66240234,-18.80265503,LA12,2010-04-05,08:40:00 AM,08:40:00,Hot-Wet,2010-04-05 08:40:00,4
15.66001383,-18.8020752,LA12,2010-04-05,09:00:00 AM,09:00:00,Hot-Wet,2010-04-05 09:00:00,4
15.65872294,-18.80200602,LA12,2010-04-05,09:20:00 AM,09:20:00,Hot-Wet,2010-04-05 09:20:00,4
15.65834147,-18.80223592,LA12,2010-04-05,09:40:00 AM,09:40:00,Hot-Wet,2010-04-05 09:40:00,4
15.65834351,-18.80222982,LA12,2010-04-05,10:00:00 AM,10:00:00,Hot-Wet,2010-04-05 10:00:00,4
15.65834249,-18.80221151,LA12,2010-04-05,10:20:00 AM,10:20:00,Hot-Wet,2010-04-05 10:20:00,4
15.65832214,-18.80220947,LA12,2010-04-05,10:40:00 AM,10:40:00,Hot-Wet,2010-04-05 10:40:00,4
15.65698853,-18.80182495,LA12,2010-04-05,11:00:00 AM,11:00:00,Hot-Wet,2010-04-05 11:00:00,4
15.65199687,-18.80027262,LA12,2010-04-05,11:20:00 AM,11:20:00,Hot-Wet,2010-04-05 11:20:00,4
15.64821269,-18.7983195,LA12,2010-04-05,11:40:00 AM,11:40:00,Hot-Wet,2010-04-05 11:40:00,4
15.64144999,-18.79672038,LA12,2010-04-05,12:00:00 PM,12:00:00,Hot-Wet,2010-04-05 12:00:00,4
15.64082743,-18.79662272,LA12,2010-04-05,12:20:00 PM,12:20:00,Hot-Wet,2010-04-05 12:20:00,4
15.6408254,-18.79662882,LA12,2010-04-05,12:40:00 PM,12:40:00,Hot-Wet,2010-04-05 12:40:00,4
15.64082031,-18.79664307,LA12,2010-04-05,01:00:00 PM,13:00:00,Hot-Wet,2010-04-05 13:00:00,4
15.63791911,-18.79585978,LA12,2010-04-05,01:20:00 PM,13:20:00,Hot-Wet,2010-04-05 13:20:00,4
15.63423055,-18.79406738,LA12,2010-04-05,01:40:00 PM,13:40:00,Hot-Wet,2010-04-05 13:40:00,4
15.63217061,-18.79338379,LA12,2010-04-05,02:00:00 PM,14:00:00,Hot-Wet,2010-04-05 14:00:00,4
15.62923279,-18.7909668,LA12,2010-04-05,02:20:00 PM,14:20:00,Hot-Wet,2010-04-05 14:20:00,4
15.62178243,-18.78719686,LA12,2010-04-05,02:40:00 PM,14:40:00,Hot-Wet,2010-04-05 14:40:00,4
15.61841125,-18.78659465,LA12,2010-04-05,03:00:00 PM,15:00:00,Hot-Wet,2010-04-05 15:00:00,4
15.61879679,-18.78682048,LA12,2010-04-05,03:20:00 PM,15:20:00,Hot-Wet,2010-04-05 15:20:00,4
15.61797994,-18.78909505,LA12,2010-04-05,03:40:00 PM,15:40:00,Hot-Wet,2010-04-05 15:40:00,4
15.61709188,-18.79016113,LA12,2010-04-05,04:00:00 PM,16:00:00,Hot-Wet,2010-04-05 16:00:00,4
15.61410828,-18.79738973,LA12,2010-04-05,04:20:00 PM,16:20:00,Hot-Wet,2010-04-05 16:20:00,4
15.60961405,-18.80026855,LA12,2010-04-05,04:40:00 PM,16:40:00,Hot-Wet,2010-04-05 16:40:00,4
15.60889181,-18.80146484,LA12,2010-04-05,05:00:00 PM,17:00:00,Hot-Wet,2010-04-05 17:00:00,4
15.60897115,-18.80210571,LA12,2010-04-05,05:20:00 PM,17:20:00,Hot-Wet,2010-04-05 17:20:00,4
15.60879517,-18.80241496,LA12,2010-04-05,05:40:00 PM,17:40:00,Hot-Wet,2010-04-05 17:40:00,4
15.60648092,-18.80240885,LA12,2010-04-05,06:00:00 PM,18:00:00,Hot-Wet,2010-04-05 18:00:00,4
15.60505269,-18.80033162,LA12,2010-04-05,06:20:00 PM,18:20:00,Hot-Wet,2010-04-05 18:20:00,4
15.60521342,-18.79989217,LA12,2010-04-05,06:40:00 PM,18:40:00,Hot-Wet,2010-04-05 18:40:00,4
15.60328064,-18.80056152,LA12,2010-04-05,07:00:00 PM,19:00:00,Hot-Wet,2010-04-05 19:00:00,4
15.60048218,-18.80250041,LA12,2010-04-05,07:20:00 PM,19:20:00,Hot-Wet,2010-04-05 19:20:00,4
15.59981588,-18.80231934,LA12,2010-04-05,07:40:00 PM,19:40:00,Hot-Wet,2010-04-05 19:40:00,4
15.59866231,-18.80279338,LA12,2010-04-05,08:00:00 PM,20:00:00,Hot-Wet,2010-04-05 20:00:00,4
15.5972229,-18.80486247,LA12,2010-04-05,08:20:00 PM,20:20:00,Hot-Wet,2010-04-05 20:20:00,4
15.59701945,-18.80492757,LA12,2010-04-05,08:40:00 PM,20:40:00,Hot-Wet,2010-04-05 20:40:00,4
15.59642029,-18.80550537,LA12,2010-04-05,09:00:00 PM,21:00:00,Hot-Wet,2010-04-05 21:00:00,4
15.59647624,-18.80603638,LA12,2010-04-05,09:20:00 PM,21:20:00,Hot-Wet,2010-04-05 21:20:00,4
15.59588013,-18.80606893,LA12,2010-04-05,09:40:00 PM,21:40:00,Hot-Wet,2010-04-05 21:40:00,4
15.59286092,-18.80701701,LA12,2010-04-05,10:00:00 PM,22:00:00,Hot-Wet,2010-04-05 22:00:00,4
15.59198201,-18.80786133,LA12,2010-04-05,10:20:00 PM,22:20:00,Hot-Wet,2010-04-05 22:20:00,4
15.58641663,-18.80999146,LA12,2010-04-05,10:40:00 PM,22:40:00,Hot-Wet,2010-04-05 22:40:00,4
15.58596903,-18.81054484,LA12,2010-04-05,11:01:00 PM,23:01:00,Hot-Wet,2010-04-05 23:01:00,4
15.58450317,-18.81091512,LA12,2010-04-05,11:20:00 PM,23:20:00,Hot-Wet,2010-04-05 23:20:00,4
15.5837738,-18.8108785,LA12,2010-04-05,11:40:00 PM,23:40:00,Hot-Wet,2010-04-05 23:40:00,4
15.58318685,-18.81121012,LA12,2010-04-06,12:00:00 AM,00:00:00,Hot-Wet,2010-04-06 00:00:00,4
15.5829834,-18.81111857,LA12,2010-04-06,12:20:00 AM,00:20:00,Hot-Wet,2010-04-06 00:20:00,4
15.58296407,-18.8111145,LA12,2010-04-06,12:40:00 AM,00:40:00,Hot-Wet,2010-04-06 00:40:00,4
15.58294271,-18.81110636,LA12,2010-04-06,01:00:00 AM,01:00:00,Hot-Wet,2010-04-06 01:00:00,4
15.58291626,-18.81110636,LA12,2010-04-06,01:20:00 AM,01:20:00,Hot-Wet,2010-04-06 01:20:00,4
15.58281962,-18.81136678,LA12,2010-04-06,01:40:00 AM,01:40:00,Hot-Wet,2010-04-06 01:40:00,4
15.58280945,-18.81136271,LA12,2010-04-06,02:00:00 AM,02:00:00,Hot-Wet,2010-04-06 02:00:00,4
15.58281148,-18.81136271,LA12,2010-04-06,02:20:00 AM,02:20:00,Hot-Wet,2010-04-06 02:20:00,4
15.58285014,-18.8114034,LA12,2010-04-06,02:40:00 AM,02:40:00,Hot-Wet,2010-04-06 02:40:00,4
15.58280029,-18.8113383,LA12,2010-04-06,03:00:00 AM,03:00:00,Hot-Wet,2010-04-06 03:00:00,4
15.58276672,-18.81131999,LA12,2010-04-06,03:20:00 AM,03:20:00,Hot-Wet,2010-04-06 03:20:00,4
15.58282166,-18.81128133,LA12,2010-04-06,03:40:00 AM,03:40:00,Hot-Wet,2010-04-06 03:40:00,4
15.58278198,-18.81138916,LA12,2010-04-06,04:00:00 AM,04:00:00,Hot-Wet,2010-04-06 04:00:00,4
15.58276469,-18.81134033,LA12,2010-04-06,04:20:00 AM,04:20:00,Hot-Wet,2010-04-06 04:20:00,4
15.58299459,-18.81157837,LA12,2010-04-06,04:40:00 AM,04:40:00,Hot-Wet,2010-04-06 04:40:00,4
15.58236389,-18.81056112,LA12,2010-04-06,05:00:00 AM,05:00:00,Hot-Wet,2010-04-06 05:00:00,4
15.58078206,-18.81030884,LA12,2010-04-06,05:20:00 AM,05:20:00,Hot-Wet,2010-04-06 05:20:00,4
15.57952881,-18.81024373,LA12,2010-04-06,05:40:00 AM,05:40:00,Hot-Wet,2010-04-06 05:40:00,4
15.57849528,-18.81114705,LA12,2010-04-06,06:00:00 AM,06:00:00,Hot-Wet,2010-04-06 06:00:00,4
15.57733561,-18.81247355,LA12,2010-04-06,06:20:00 AM,06:20:00,Hot-Wet,2010-04-06 06:20:00,4
15.57693278,-18.81256917,LA12,2010-04-06,06:40:00 AM,06:40:00,Hot-Wet,2010-04-06 06:40:00,4
15.57434692,-18.81390991,LA12,2010-04-06,07:00:00 AM,07:00:00,Hot-Wet,2010-04-06 07:00:00,4
15.57462667,-18.81362101,LA12,2010-04-06,07:20:00 AM,07:20:00,Hot-Wet,2010-04-06 07:20:00,4
15.57304789,-18.81413167,LA12,2010-04-06,07:40:00 AM,07:40:00,Hot-Wet,2010-04-06 07:40:00,4
15.57276001,-18.8141154,LA12,2010-04-06,08:00:00 AM,08:00:00,Hot-Wet,2010-04-06 08:00:00,4
15.5712087,-18.81409098,LA12,2010-04-06,08:20:00 AM,08:20:00,Hot-Wet,2010-04-06 08:20:00,4
15.57067668,-18.81384074,LA12,2010-04-06,08:40:00 AM,08:40:00,Hot-Wet,2010-04-06 08:40:00,4
15.57231344,-18.81267904,LA12,2010-04-06,09:00:00 AM,09:00:00,Hot-Wet,2010-04-06 09:00:00,4
15.57235311,-18.81266886,LA12,2010-04-06,09:20:00 AM,09:20:00,Hot-Wet,2010-04-06 09:20:00,4
15.57226359,-18.81200765,LA12,2010-04-06,09:40:00 AM,09:40:00,Hot-Wet,2010-04-06 09:40:00,4
15.57034607,-18.81089681,LA12,2010-04-06,10:00:00 AM,10:00:00,Hot-Wet,2010-04-06 10:00:00,4
15.56791789,-18.80850627,LA12,2010-04-06,10:20:00 AM,10:20:00,Hot-Wet,2010-04-06 10:20:00,4
15.56794128,-18.8081665,LA12,2010-04-06,10:40:00 AM,10:40:00,Hot-Wet,2010-04-06 10:40:00,4
15.56911316,-18.80584106,LA12,2010-04-06,11:00:00 AM,11:00:00,Hot-Wet,2010-04-06 11:00:00,4
15.57106425,-18.80318807,LA12,2010-04-06,11:20:00 AM,11:20:00,Hot-Wet,2010-04-06 11:20:00,4
15.5714091,-18.80153402,LA12,2010-04-06,11:40:00 AM,11:40:00,Hot-Wet,2010-04-06 11:40:00,4
15.57087097,-18.8011556,LA12,2010-04-06,12:00:00 PM,12:00:00,Hot-Wet,2010-04-06 12:00:00,4
15.5707489,-18.80109253,LA12,2010-04-06,12:20:00 PM,12:20:00,Hot-Wet,2010-04-06 12:20:00,4
15.57152913,-18.80036418,LA12,2010-04-06,12:40:00 PM,12:40:00,Hot-Wet,2010-04-06 12:40:00,4
15.57171733,-18.79981486,LA12,2010-04-06,01:00:00 PM,13:00:00,Hot-Wet,2010-04-06 13:00:00,4
15.57223307,-18.799646,LA12,2010-04-06,01:20:00 PM,13:20:00,Hot-Wet,2010-04-06 13:20:00,4
15.57247721,-18.79930623,LA12,2010-04-06,01:40:00 PM,13:40:00,Hot-Wet,2010-04-06 13:40:00,4
15.57298889,-18.7989624,LA12,2010-04-06,02:00:00 PM,14:00:00,Hot-Wet,2010-04-06 14:00:00,4
15.57289429,-18.79838257,LA12,2010-04-06,02:20:00 PM,14:20:00,Hot-Wet,2010-04-06 14:20:00,4
15.57294108,-18.79830119,LA12,2010-04-06,02:40:00 PM,14:40:00,Hot-Wet,2010-04-06 14:40:00,4
15.57386271,-18.79903971,LA12,2010-04-06,03:00:00 PM,15:00:00,Hot-Wet,2010-04-06 15:00:00,4
15.57495117,-18.79975586,LA12,2010-04-06,03:20:00 PM,15:20:00,Hot-Wet,2010-04-06 15:20:00,4
15.57595215,-18.80070394,LA12,2010-04-06,03:40:00 PM,15:40:00,Hot-Wet,2010-04-06 15:40:00,4
15.57724711,-18.80184937,LA12,2010-04-06,04:00:00 PM,16:00:00,Hot-Wet,2010-04-06 16:00:00,4
15.58066915,-18.80306396,LA12,2010-04-06,04:20:00 PM,16:20:00,Hot-Wet,2010-04-06 16:20:00,4
15.58376668,-18.80311686,LA12,2010-04-06,04:40:00 PM,16:40:00,Hot-Wet,2010-04-06 16:40:00,4
15.58507385,-18.80245361,LA12,2010-04-06,05:00:00 PM,17:00:00,Hot-Wet,2010-04-06 17:00:00,4
15.5865387,-18.8027181,LA12,2010-04-06,05:20:00 PM,17:20:00,Hot-Wet,2010-04-06 17:20:00,4
15.58878479,-18.80414225,LA12,2010-04-06,05:40:00 PM,17:40:00,Hot-Wet,2010-04-06 17:40:00,4
15.59042155,-18.80429688,LA12,2010-04-06,06:00:00 PM,18:00:00,Hot-Wet,2010-04-06 18:00:00,4
15.59149272,-18.80508423,LA12,2010-04-06,06:20:00 PM,18:20:00,Hot-Wet,2010-04-06 18:20:00,4
15.59120687,-18.80626424,LA12,2010-04-06,06:40:00 PM,18:40:00,Hot-Wet,2010-04-06 18:40:00,4
15.59169922,-18.80717773,LA12,2010-04-06,07:00:00 PM,19:00:00,Hot-Wet,2010-04-06 19:00:00,4
15.59170125,-18.8099528,LA12,2010-04-06,07:20:00 PM,19:20:00,Hot-Wet,2010-04-06 19:20:00,4
15.59216207,-18.81067098,LA12,2010-04-06,07:40:00 PM,19:40:00,Hot-Wet,2010-04-06 19:40:00,4
15.59232178,-18.8109965,LA12,2010-04-06,08:00:00 PM,20:00:00,Hot-Wet,2010-04-06 20:00:00,4
15.59243571,-18.8125061,LA12,2010-04-06,08:20:00 PM,20:20:00,Hot-Wet,2010-04-06 20:20:00,4
15.59080404,-18.81529948,LA12,2010-04-06,08:40:00 PM,20:40:00,Hot-Wet,2010-04-06 20:40:00,4
15.59015605,-18.81626383,LA12,2010-04-06,09:00:00 PM,21:00:00,Hot-Wet,2010-04-06 21:00:00,4
15.5902181,-18.81592407,LA12,2010-04-06,09:20:00 PM,21:20:00,Hot-Wet,2010-04-06 21:20:00,4
15.59159648,-18.81635132,LA12,2010-04-06,09:40:00 PM,21:40:00,Hot-Wet,2010-04-06 21:40:00,4
15.5915863,-18.8163208,LA12,2010-04-06,10:00:00 PM,22:00:00,Hot-Wet,2010-04-06 22:00:00,4
15.59159648,-18.81628825,LA12,2010-04-06,10:20:00 PM,22:20:00,Hot-Wet,2010-04-06 22:20:00,4
15.59390564,-18.81635742,LA12,2010-04-06,10:40:00 PM,22:40:00,Hot-Wet,2010-04-06 22:40:00,4
15.59783223,-18.81635539,LA12,2010-04-06,11:00:00 PM,23:00:00,Hot-Wet,2010-04-06 23:00:00,4
15.59921773,-18.81681925,LA12,2010-04-06,11:20:00 PM,23:20:00,Hot-Wet,2010-04-06 23:20:00,4
15.60439046,-18.81471761,LA12,2010-04-06,11:40:00 PM,23:40:00,Hot-Wet,2010-04-06 23:40:00,4
15.6109436,-18.81554565,LA12,2010-04-07,12:00:00 AM,00:00:00,Hot-Wet,2010-04-07 00:00:00,4
15.61253459,-18.8168986,LA12,2010-04-07,12:20:00 AM,00:20:00,Hot-Wet,2010-04-07 00:20:00,4
15.61244609,-18.81677246,LA12,2010-04-07,12:40:00 AM,00:40:00,Hot-Wet,2010-04-07 00:40:00,4
15.61384888,-18.81765544,LA12,2010-04-07,01:00:00 AM,01:00:00,Hot-Wet,2010-04-07 01:00:00,4
15.61371867,-18.81767985,LA12,2010-04-07,01:20:00 AM,01:20:00,Hot-Wet,2010-04-07 01:20:00,4
15.61371765,-18.81766561,LA12,2010-04-07,01:40:00 AM,01:40:00,Hot-Wet,2010-04-07 01:40:00,4
15.61368103,-18.81767375,LA12,2010-04-07,02:00:00 AM,02:00:00,Hot-Wet,2010-04-07 02:00:00,4
15.61370748,-18.81771647,LA12,2010-04-07,02:20:00 AM,02:20:00,Hot-Wet,2010-04-07 02:20:00,4
15.61372681,-18.81769002,LA12,2010-04-07,02:40:00 AM,02:40:00,Hot-Wet,2010-04-07 02:40:00,4
15.61372375,-18.81767782,LA12,2010-04-07,03:00:00 AM,03:00:00,Hot-Wet,2010-04-07 03:00:00,4
15.61374105,-18.81766357,LA12,2010-04-07,03:20:00 AM,03:20:00,Hot-Wet,2010-04-07 03:20:00,4
15.6137085,-18.81764933,LA12,2010-04-07,03:40:00 AM,03:40:00,Hot-Wet,2010-04-07 03:40:00,4
15.61372782,-18.81766561,LA12,2010-04-07,04:00:00 AM,04:00:00,Hot-Wet,2010-04-07 04:00:00,4
15.61372579,-18.81763306,LA12,2010-04-07,04:20:00 AM,04:20:00,Hot-Wet,2010-04-07 04:20:00,4
15.613679,-18.81773478,LA12,2010-04-07,04:40:00 AM,04:40:00,Hot-Wet,2010-04-07 04:40:00,4
15.61317851,-18.81835124,LA12,2010-04-07,05:00:00 AM,05:00:00,Hot-Wet,2010-04-07 05:00:00,4
15.61125997,-18.81987712,LA12,2010-04-07,05:20:00 AM,05:20:00,Hot-Wet,2010-04-07 05:20:00,4
15.60753174,-18.82084147,LA12,2010-04-07,05:40:00 AM,05:40:00,Hot-Wet,2010-04-07 05:40:00,4
15.60367635,-18.82021688,LA12,2010-04-07,06:00:00 AM,06:00:00,Hot-Wet,2010-04-07 06:00:00,4
15.59925537,-18.81765747,LA12,2010-04-07,06:20:00 AM,06:20:00,Hot-Wet,2010-04-07 06:20:00,4
15.5975057,-18.81561686,LA12,2010-04-07,06:40:00 AM,06:40:00,Hot-Wet,2010-04-07 06:40:00,4
15.59705098,-18.81273397,LA12,2010-04-07,07:00:00 AM,07:00:00,Hot-Wet,2010-04-07 07:00:00,4
15.59531047,-18.80901693,LA12,2010-04-07,07:20:00 AM,07:20:00,Hot-Wet,2010-04-07 07:20:00,4
15.59385885,-18.80754598,LA12,2010-04-07,07:40:00 AM,07:40:00,Hot-Wet,2010-04-07 07:40:00,4
15.59388936,-18.80752157,LA12,2010-04-07,08:00:00 AM,08:00:00,Hot-Wet,2010-04-07 08:00:00,4
15.59308268,-18.80646566,LA12,2010-04-07,08:20:00 AM,08:20:00,Hot-Wet,2010-04-07 08:20:00,4
15.5918162,-18.80622965,LA12,2010-04-07,08:40:00 AM,08:40:00,Hot-Wet,2010-04-07 08:40:00,4
15.58964945,-18.80588379,LA12,2010-04-07,09:00:00 AM,09:00:00,Hot-Wet,2010-04-07 09:00:00,4
15.58851725,-18.80771484,LA12,2010-04-07,09:20:00 AM,09:20:00,Hot-Wet,2010-04-07 09:20:00,4
15.58800151,-18.80816243,LA12,2010-04-07,09:40:00 AM,09:40:00,Hot-Wet,2010-04-07 09:40:00,4
15.5861084,-18.80841471,LA12,2010-04-07,10:00:00 AM,10:00:00,Hot-Wet,2010-04-07 10:00:00,4
15.58493652,-18.80935262,LA12,2010-04-07,10:20:00 AM,10:20:00,Hot-Wet,2010-04-07 10:20:00,4
15.58495789,-18.80940959,LA12,2010-04-07,10:40:00 AM,10:40:00,Hot-Wet,2010-04-07 10:40:00,4
15.58476156,-18.80961711,LA12,2010-04-07,11:00:00 AM,11:00:00,Hot-Wet,2010-04-07 11:00:00,4
15.58531698,-18.80950928,LA12,2010-04-07,11:20:00 AM,11:20:00,Hot-Wet,2010-04-07 11:20:00,4
15.58520406,-18.80905558,LA12,2010-04-07,11:40:00 AM,11:40:00,Hot-Wet,2010-04-07 11:40:00,4
15.58507894,-18.80945435,LA12,2010-04-07,12:00:00 PM,12:00:00,Hot-Wet,2010-04-07 12:00:00,4
15.58505961,-18.80945231,LA12,2010-04-07,12:20:00 PM,12:20:00,Hot-Wet,2010-04-07 12:20:00,4
15.58436279,-18.81008504,LA12,2010-04-07,12:40:00 PM,12:40:00,Hot-Wet,2010-04-07 12:40:00,4
15.584139,-18.81053467,LA12,2010-04-07,01:00:00 PM,13:00:00,Hot-Wet,2010-04-07 13:00:00,4
15.58401794,-18.81172282,LA12,2010-04-07,01:20:00 PM,13:20:00,Hot-Wet,2010-04-07 13:20:00,4
15.58384705,-18.81165975,LA12,2010-04-07,01:40:00 PM,13:40:00,Hot-Wet,2010-04-07 13:40:00,4
15.58384908,-18.81170044,LA12,2010-04-07,02:00:00 PM,14:00:00,Hot-Wet,2010-04-07 14:00:00,4
15.58396912,-18.81104126,LA12,2010-04-07,02:20:00 PM,14:20:00,Hot-Wet,2010-04-07 14:20:00,4
15.58427633,-18.81017456,LA12,2010-04-07,02:40:00 PM,14:40:00,Hot-Wet,2010-04-07 14:40:00,4
15.5822642,-18.81228638,LA12,2010-04-07,03:00:00 PM,15:00:00,Hot-Wet,2010-04-07 15:00:00,4
15.58193766,-18.81386108,LA12,2010-04-07,03:20:00 PM,15:20:00,Hot-Wet,2010-04-07 15:20:00,4
15.58147786,-18.81549479,LA12,2010-04-07,03:40:00 PM,15:40:00,Hot-Wet,2010-04-07 15:40:00,4
15.58254293,-18.81804606,LA12,2010-04-07,04:00:00 PM,16:00:00,Hot-Wet,2010-04-07 16:00:00,4
15.58339539,-18.82134196,LA12,2010-04-07,04:20:00 PM,16:20:00,Hot-Wet,2010-04-07 16:20:00,4
15.58409119,-18.82293091,LA12,2010-04-07,04:40:00 PM,16:40:00,Hot-Wet,2010-04-07 16:40:00,4
15.58395589,-18.82483724,LA12,2010-04-07,05:00:00 PM,17:00:00,Hot-Wet,2010-04-07 17:00:00,4
15.58486226,-18.82603353,LA12,2010-04-07,05:20:00 PM,17:20:00,Hot-Wet,2010-04-07 17:20:00,4
15.58597921,-18.8272644,LA12,2010-04-07,05:40:00 PM,17:40:00,Hot-Wet,2010-04-07 17:40:00,4
15.58599752,-18.82736206,LA12,2010-04-07,06:00:00 PM,18:00:00,Hot-Wet,2010-04-07 18:00:00,4
15.58598633,-18.8273763,LA12,2010-04-07,06:21:00 PM,18:21:00,Hot-Wet,2010-04-07 18:21:00,4
15.586026,-18.82734172,LA12,2010-04-07,06:40:00 PM,18:40:00,Hot-Wet,2010-04-07 18:40:00,4
15.58604431,-18.82799276,LA12,2010-04-07,07:00:00 PM,19:00:00,Hot-Wet,2010-04-07 19:00:00,4
15.58760986,-18.83300374,LA12,2010-04-07,07:20:00 PM,19:20:00,Hot-Wet,2010-04-07 19:20:00,4
15.58845113,-18.83401693,LA12,2010-04-07,07:40:00 PM,19:40:00,Hot-Wet,2010-04-07 19:40:00,4
15.59053446,-18.83558553,LA12,2010-04-07,08:00:00 PM,20:00:00,Hot-Wet,2010-04-07 20:00:00,4
15.59244588,-18.83502808,LA12,2010-04-07,08:20:00 PM,20:20:00,Hot-Wet,2010-04-07 20:20:00,4
15.59798075,-18.83892008,LA12,2010-04-07,08:40:00 PM,20:40:00,Hot-Wet,2010-04-07 20:40:00,4
15.60174255,-18.84073893,LA12,2010-04-07,09:00:00 PM,21:00:00,Hot-Wet,2010-04-07 21:00:00,4
15.60332133,-18.84146525,LA12,2010-04-07,09:20:00 PM,21:20:00,Hot-Wet,2010-04-07 21:20:00,4
15.6068929,-18.84307048,LA12,2010-04-07,09:40:00 PM,21:40:00,Hot-Wet,2010-04-07 21:40:00,4
15.61160278,-18.84532674,LA12,2010-04-07,10:00:00 PM,22:00:00,Hot-Wet,2010-04-07 22:00:00,4
15.61433207,-18.84853312,LA12,2010-04-07,10:20:00 PM,22:20:00,Hot-Wet,2010-04-07 22:20:00,4
15.61478577,-18.84896851,LA12,2010-04-07,10:40:00 PM,22:40:00,Hot-Wet,2010-04-07 22:40:00,4
15.61474711,-18.84897664,LA12,2010-04-07,11:00:00 PM,23:00:00,Hot-Wet,2010-04-07 23:00:00,4
15.6147817,-18.84894613,LA12,2010-04-07,11:20:00 PM,23:20:00,Hot-Wet,2010-04-07 23:20:00,4
15.61474101,-18.84894613,LA12,2010-04-07,11:40:00 PM,23:40:00,Hot-Wet,2010-04-07 23:40:00,4
15.6147817,-18.8489624,LA12,2010-04-08,12:00:00 AM,00:00:00,Hot-Wet,2010-04-08 00:00:00,4
15.61468709,-18.84947103,LA12,2010-04-08,12:20:00 AM,00:20:00,Hot-Wet,2010-04-08 00:20:00,4
15.61497091,-18.84903158,LA12,2010-04-08,12:40:00 AM,00:40:00,Hot-Wet,2010-04-08 00:40:00,4
15.61500854,-18.84962362,LA12,2010-04-08,01:00:00 AM,01:00:00,Hot-Wet,2010-04-08 01:00:00,4
15.61707458,-18.85227661,LA12,2010-04-08,01:20:00 AM,01:20:00,Hot-Wet,2010-04-08 01:20:00,4
15.61888123,-18.85509847,LA12,2010-04-08,01:40:00 AM,01:40:00,Hot-Wet,2010-04-08 01:40:00,4
15.6197581,-18.85569661,LA12,2010-04-08,02:00:00 AM,02:00:00,Hot-Wet,2010-04-08 02:00:00,4
15.61972656,-18.85571899,LA12,2010-04-08,02:20:00 AM,02:20:00,Hot-Wet,2010-04-08 02:20:00,4
15.6200297,-18.85575155,LA12,2010-04-08,02:40:00 AM,02:40:00,Hot-Wet,2010-04-08 02:40:00,4
15.61969401,-18.85571899,LA12,2010-04-08,03:00:00 AM,03:00:00,Hot-Wet,2010-04-08 03:00:00,4
15.61975199,-18.85570068,LA12,2010-04-08,03:20:00 AM,03:20:00,Hot-Wet,2010-04-08 03:20:00,4
15.61981812,-18.85567627,LA12,2010-04-08,03:40:00 AM,03:40:00,Hot-Wet,2010-04-08 03:40:00,4
15.61978353,-18.85572713,LA12,2010-04-08,04:00:00 AM,04:00:00,Hot-Wet,2010-04-08 04:00:00,4
15.61975606,-18.85576986,LA12,2010-04-08,04:20:00 AM,04:20:00,Hot-Wet,2010-04-08 04:20:00,4
15.61973775,-18.85566406,LA12,2010-04-08,04:40:00 AM,04:40:00,Hot-Wet,2010-04-08 04:40:00,4
15.61971741,-18.85561727,LA12,2010-04-08,05:00:00 AM,05:00:00,Hot-Wet,2010-04-08 05:00:00,4
15.6209493,-18.8568278,LA12,2010-04-08,05:20:00 AM,05:20:00,Hot-Wet,2010-04-08 05:20:00,4
15.62100525,-18.85721842,LA12,2010-04-08,05:40:00 AM,05:40:00,Hot-Wet,2010-04-08 05:40:00,4
15.61981913,-18.85884603,LA12,2010-04-08,06:00:00 AM,06:00:00,Hot-Wet,2010-04-08 06:00:00,4
15.61793518,-18.86043498,LA12,2010-04-08,06:20:00 AM,06:20:00,Hot-Wet,2010-04-08 06:20:00,4
15.61587728,-18.86489258,LA12,2010-04-08,06:40:00 AM,06:40:00,Hot-Wet,2010-04-08 06:40:00,4
15.6152415,-18.86461792,LA12,2010-04-08,07:00:00 AM,07:00:00,Hot-Wet,2010-04-08 07:00:00,4
15.6148997,-18.86479492,LA12,2010-04-08,07:20:00 AM,07:20:00,Hot-Wet,2010-04-08 07:20:00,4
15.61487325,-18.86479899,LA12,2010-04-08,07:40:00 AM,07:40:00,Hot-Wet,2010-04-08 07:40:00,4
15.61495768,-18.86479492,LA12,2010-04-08,08:00:00 AM,08:00:00,Hot-Wet,2010-04-08 08:00:00,4
15.61411133,-18.8664327,LA12,2010-04-08,08:20:00 AM,08:20:00,Hot-Wet,2010-04-08 08:20:00,4
15.6148234,-18.86908976,LA12,2010-04-08,08:40:00 AM,08:40:00,Hot-Wet,2010-04-08 08:40:00,4
15.61312663,-18.86886393,LA12,2010-04-08,09:00:00 AM,09:00:00,Hot-Wet,2010-04-08 09:00:00,4
15.60693359,-18.87141724,LA12,2010-04-08,09:20:00 AM,09:20:00,Hot-Wet,2010-04-08 09:20:00,4
15.60348307,-18.8725769,LA12,2010-04-08,09:40:00 AM,09:40:00,Hot-Wet,2010-04-08 09:40:00,4
15.60221863,-18.87154948,LA12,2010-04-08,10:00:00 AM,10:00:00,Hot-Wet,2010-04-08 10:00:00,4
15.6023234,-18.87160238,LA12,2010-04-08,10:20:00 AM,10:20:00,Hot-Wet,2010-04-08 10:20:00,4
15.60233561,-18.87160848,LA12,2010-04-08,10:40:00 AM,10:40:00,Hot-Wet,2010-04-08 10:40:00,4
15.60212708,-18.87157389,LA12,2010-04-08,11:00:00 AM,11:00:00,Hot-Wet,2010-04-08 11:00:00,4
15.60214132,-18.87158203,LA12,2010-04-08,11:20:00 AM,11:20:00,Hot-Wet,2010-04-08 11:20:00,4
15.60178833,-18.87167358,LA12,2010-04-08,11:40:00 AM,11:40:00,Hot-Wet,2010-04-08 11:40:00,4
15.59558512,-18.87145996,LA12,2010-04-08,12:00:00 PM,12:00:00,Hot-Wet,2010-04-08 12:00:00,4
15.59115702,-18.87539673,LA12,2010-04-08,12:20:00 PM,12:20:00,Hot-Wet,2010-04-08 12:20:00,4
15.58519491,-18.87755941,LA12,2010-04-08,12:40:00 PM,12:40:00,Hot-Wet,2010-04-08 12:40:00,4
15.58008219,-18.87829386,LA12,2010-04-08,01:00:00 PM,13:00:00,Hot-Wet,2010-04-08 13:00:00,4
15.57258606,-18.87465617,LA12,2010-04-08,01:20:00 PM,13:20:00,Hot-Wet,2010-04-08 13:20:00,4
15.56849976,-18.87718913,LA12,2010-04-08,01:40:00 PM,13:40:00,Hot-Wet,2010-04-08 13:40:00,4
15.56343079,-18.87853597,LA12,2010-04-08,02:00:00 PM,14:00:00,Hot-Wet,2010-04-08 14:00:00,4
15.55800171,-18.88457845,LA12,2010-04-08,02:20:00 PM,14:20:00,Hot-Wet,2010-04-08 14:20:00,4
15.55209351,-18.89049479,LA12,2010-04-08,02:40:00 PM,14:40:00,Hot-Wet,2010-04-08 14:40:00,4
15.5463206,-18.89720256,LA12,2010-04-08,03:00:00 PM,15:00:00,Hot-Wet,2010-04-08 15:00:00,4
15.54400024,-18.90174357,LA12,2010-04-08,03:20:00 PM,15:20:00,Hot-Wet,2010-04-08 15:20:00,4
15.54147542,-18.90281372,LA12,2010-04-08,03:40:00 PM,15:40:00,Hot-Wet,2010-04-08 15:40:00,4
15.53880107,-18.90957438,LA12,2010-04-08,04:00:00 PM,16:00:00,Hot-Wet,2010-04-08 16:00:00,4
15.53558553,-18.91446533,LA12,2010-04-08,04:20:00 PM,16:20:00,Hot-Wet,2010-04-08 16:20:00,4
15.53258667,-18.91954142,LA12,2010-04-08,04:40:00 PM,16:40:00,Hot-Wet,2010-04-08 16:40:00,4
15.52837626,-18.92566121,LA12,2010-04-08,05:00:00 PM,17:00:00,Hot-Wet,2010-04-08 17:00:00,4
15.52475586,-18.93016561,LA12,2010-04-08,05:20:00 PM,17:20:00,Hot-Wet,2010-04-08 17:20:00,4
15.51827494,-18.93877157,LA12,2010-04-08,05:40:00 PM,17:40:00,Hot-Wet,2010-04-08 17:40:00,4
15.51259664,-18.94920044,LA12,2010-04-08,06:00:00 PM,18:00:00,Hot-Wet,2010-04-08 18:00:00,4
15.50730794,-18.96015828,LA12,2010-04-08,06:20:00 PM,18:20:00,Hot-Wet,2010-04-08 18:20:00,4
15.50497437,-18.97196248,LA12,2010-04-08,06:40:00 PM,18:40:00,Hot-Wet,2010-04-08 18:40:00,4
15.50356649,-18.97660319,LA12,2010-04-08,07:00:00 PM,19:00:00,Hot-Wet,2010-04-08 19:00:00,4
15.49939372,-18.97749227,LA12,2010-04-08,07:20:00 PM,19:20:00,Hot-Wet,2010-04-08 19:20:00,4
15.48850403,-18.98011271,LA12,2010-04-08,07:40:00 PM,19:40:00,Hot-Wet,2010-04-08 19:40:00,4
15.47830098,-18.98127848,LA12,2010-04-08,08:00:00 PM,20:00:00,Hot-Wet,2010-04-08 20:00:00,4
15.47078857,-18.98104451,LA12,2010-04-08,08:20:00 PM,20:20:00,Hot-Wet,2010-04-08 20:20:00,4
15.46197713,-18.98082479,LA12,2010-04-08,08:40:00 PM,20:40:00,Hot-Wet,2010-04-08 20:40:00,4
15.45302022,-18.98016561,LA12,2010-04-08,09:00:00 PM,21:00:00,Hot-Wet,2010-04-08 21:00:00,4
15.44506327,-18.98003743,LA12,2010-04-08,09:20:00 PM,21:20:00,Hot-Wet,2010-04-08 21:20:00,4
15.43893026,-18.98008423,LA12,2010-04-08,09:40:00 PM,21:40:00,Hot-Wet,2010-04-08 21:40:00,4
15.43612874,-18.98004761,LA12,2010-04-08,10:00:00 PM,22:00:00,Hot-Wet,2010-04-08 22:00:00,4
15.4334554,-18.98181356,LA12,2010-04-08,10:20:00 PM,22:20:00,Hot-Wet,2010-04-08 22:20:00,4
15.4319397,-18.98394775,LA12,2010-04-08,10:40:00 PM,22:40:00,Hot-Wet,2010-04-08 22:40:00,4
15.42971497,-18.98319295,LA12,2010-04-08,11:00:00 PM,23:00:00,Hot-Wet,2010-04-08 23:00:00,4
15.42281087,-18.98186239,LA12,2010-04-08,11:20:00 PM,23:20:00,Hot-Wet,2010-04-08 23:20:00,4
15.41671549,-18.98023682,LA12,2010-04-08,11:40:00 PM,23:40:00,Hot-Wet,2010-04-08 23:40:00,4
15.40923258,-18.97699788,LA12,2010-04-09,12:00:00 AM,00:00:00,Hot-Wet,2010-04-09 00:00:00,4
15.41219177,-18.9679362,LA12,2010-04-09,12:20:00 AM,00:20:00,Hot-Wet,2010-04-09 00:20:00,4
15.41498617,-18.96086833,LA12,2010-04-09,12:40:00 AM,00:40:00,Hot-Wet,2010-04-09 00:40:00,4
15.41780294,-18.95632324,LA12,2010-04-09,01:00:00 AM,01:00:00,Hot-Wet,2010-04-09 01:00:00,4
15.41954041,-18.95286255,LA12,2010-04-09,01:20:00 AM,01:20:00,Hot-Wet,2010-04-09 01:20:00,4
15.41944784,-18.95182699,LA12,2010-04-09,01:40:00 AM,01:40:00,Hot-Wet,2010-04-09 01:40:00,4
15.41944071,-18.95176188,LA12,2010-04-09,02:00:00 AM,02:00:00,Hot-Wet,2010-04-09 02:00:00,4
15.41946106,-18.95180461,LA12,2010-04-09,02:20:00 AM,02:20:00,Hot-Wet,2010-04-09 02:20:00,4
15.41946309,-18.95177409,LA12,2010-04-09,02:40:00 AM,02:40:00,Hot-Wet,2010-04-09 02:40:00,4
15.41932373,-18.95182699,LA12,2010-04-09,03:00:00 AM,03:00:00,Hot-Wet,2010-04-09 03:00:00,4
15.41925659,-18.95185343,LA12,2010-04-09,03:20:00 AM,03:20:00,Hot-Wet,2010-04-09 03:20:00,4
15.41931966,-18.95182292,LA12,2010-04-09,03:40:00 AM,03:40:00,Hot-Wet,2010-04-09 03:40:00,4
15.41936747,-18.95205078,LA12,2010-04-09,04:00:00 AM,04:00:00,Hot-Wet,2010-04-09 04:00:00,4
15.41934204,-18.95205282,LA12,2010-04-09,04:20:00 AM,04:20:00,Hot-Wet,2010-04-09 04:20:00,4
15.41932475,-18.9520874,LA12,2010-04-09,04:40:00 AM,04:40:00,Hot-Wet,2010-04-09 04:40:00,4
15.41945394,-18.95198975,LA12,2010-04-09,05:00:00 AM,05:00:00,Hot-Wet,2010-04-09 05:00:00,4
15.41824544,-18.9524231,LA12,2010-04-09,05:20:00 AM,05:20:00,Hot-Wet,2010-04-09 05:20:00,4
15.41657817,-18.9528951,LA12,2010-04-09,05:40:00 AM,05:40:00,Hot-Wet,2010-04-09 05:40:00,4
15.41478068,-18.95268758,LA12,2010-04-09,06:00:00 AM,06:00:00,Hot-Wet,2010-04-09 06:00:00,4
15.41407166,-18.95314738,LA12,2010-04-09,06:20:00 AM,06:20:00,Hot-Wet,2010-04-09 06:20:00,4
15.41407267,-18.9536438,LA12,2010-04-09,06:40:00 AM,06:40:00,Hot-Wet,2010-04-09 06:40:00,4
15.41321411,-18.9526001,LA12,2010-04-09,07:00:00 AM,07:00:00,Hot-Wet,2010-04-09 07:00:00,4
15.41324463,-18.95263062,LA12,2010-04-09,07:20:00 AM,07:20:00,Hot-Wet,2010-04-09 07:20:00,4
15.41326396,-18.95313517,LA12,2010-04-09,07:40:00 AM,07:40:00,Hot-Wet,2010-04-09 07:40:00,4
15.41325887,-18.95313721,LA12,2010-04-09,08:00:00 AM,08:00:00,Hot-Wet,2010-04-09 08:00:00,4
15.41329956,-18.95340576,LA12,2010-04-09,08:20:00 AM,08:20:00,Hot-Wet,2010-04-09 08:20:00,4
15.4132843,-18.95337321,LA12,2010-04-09,08:40:00 AM,08:40:00,Hot-Wet,2010-04-09 08:40:00,4
15.4132253,-18.95345052,LA12,2010-04-09,09:00:00 AM,09:00:00,Hot-Wet,2010-04-09 09:00:00,4
15.4144338,-18.95513102,LA12,2010-04-09,09:20:00 AM,09:20:00,Hot-Wet,2010-04-09 09:20:00,4
15.41680705,-18.95510661,LA12,2010-04-09,09:40:00 AM,09:40:00,Hot-Wet,2010-04-09 09:40:00,4
15.41935832,-18.95530192,LA12,2010-04-09,10:00:00 AM,10:00:00,Hot-Wet,2010-04-09 10:00:00,4
15.41942952,-18.95593465,LA12,2010-04-09,10:20:00 AM,10:20:00,Hot-Wet,2010-04-09 10:20:00,4
15.41950582,-18.95679932,LA12,2010-04-09,10:40:00 AM,10:40:00,Hot-Wet,2010-04-09 10:40:00,4
15.41896261,-18.95722453,LA12,2010-04-09,11:00:00 AM,11:00:00,Hot-Wet,2010-04-09 11:00:00,4
15.41874491,-18.95686239,LA12,2010-04-09,11:20:00 AM,11:20:00,Hot-Wet,2010-04-09 11:20:00,4
15.41530762,-18.95570679,LA12,2010-04-09,11:40:00 AM,11:40:00,Hot-Wet,2010-04-09 11:40:00,4
15.41335144,-18.9565389,LA12,2010-04-09,12:00:00 PM,12:00:00,Hot-Wet,2010-04-09 12:00:00,4
15.41075846,-18.95565592,LA12,2010-04-09,12:20:00 PM,12:20:00,Hot-Wet,2010-04-09 12:20:00,4
15.40564779,-18.95890503,LA12,2010-04-09,12:40:00 PM,12:40:00,Hot-Wet,2010-04-09 12:40:00,4
15.40463562,-18.95906779,LA12,2010-04-09,01:00:00 PM,13:00:00,Hot-Wet,2010-04-09 13:00:00,4
15.40145467,-18.96232707,LA12,2010-04-09,01:20:00 PM,13:20:00,Hot-Wet,2010-04-09 13:20:00,4
15.39781291,-18.96596069,LA12,2010-04-09,01:40:00 PM,13:40:00,Hot-Wet,2010-04-09 13:40:00,4
15.398172,-18.96679077,LA12,2010-04-09,02:00:00 PM,14:00:00,Hot-Wet,2010-04-09 14:00:00,4
15.39712728,-18.96663615,LA12,2010-04-09,02:20:00 PM,14:20:00,Hot-Wet,2010-04-09 14:20:00,4
15.39637655,-18.96696167,LA12,2010-04-09,02:40:00 PM,14:40:00,Hot-Wet,2010-04-09 14:40:00,4
15.39626465,-18.96866862,LA12,2010-04-09,03:00:00 PM,15:00:00,Hot-Wet,2010-04-09 15:00:00,4
15.39371236,-18.96996867,LA12,2010-04-09,03:20:00 PM,15:20:00,Hot-Wet,2010-04-09 15:20:00,4
15.39225769,-18.97147827,LA12,2010-04-09,03:40:00 PM,15:40:00,Hot-Wet,2010-04-09 15:40:00,4
15.39192505,-18.97189535,LA12,2010-04-09,04:00:00 PM,16:00:00,Hot-Wet,2010-04-09 16:00:00,4
15.39175517,-18.97252401,LA12,2010-04-09,04:20:00 PM,16:20:00,Hot-Wet,2010-04-09 16:20:00,4
15.39069519,-18.97469076,LA12,2010-04-09,04:40:00 PM,16:40:00,Hot-Wet,2010-04-09 16:40:00,4
15.38893127,-18.9759847,LA12,2010-04-09,05:00:00 PM,17:00:00,Hot-Wet,2010-04-09 17:00:00,4
15.38703308,-18.97781779,LA12,2010-04-09,05:20:00 PM,17:20:00,Hot-Wet,2010-04-09 17:20:00,4
15.38562826,-18.97917277,LA12,2010-04-09,05:40:00 PM,17:40:00,Hot-Wet,2010-04-09 17:40:00,4
15.38483887,-18.97986857,LA12,2010-04-09,06:00:00 PM,18:00:00,Hot-Wet,2010-04-09 18:00:00,4
15.38308105,-18.98154093,LA12,2010-04-09,06:20:00 PM,18:20:00,Hot-Wet,2010-04-09 18:20:00,4
15.38091939,-18.98284098,LA12,2010-04-09,06:40:00 PM,18:40:00,Hot-Wet,2010-04-09 18:40:00,4
15.37926432,-18.98345744,LA12,2010-04-09,07:00:00 PM,19:00:00,Hot-Wet,2010-04-09 19:00:00,4
15.37860006,-18.98412272,LA12,2010-04-09,07:20:00 PM,19:20:00,Hot-Wet,2010-04-09 19:20:00,4
15.37859294,-18.98411662,LA12,2010-04-09,07:40:00 PM,19:40:00,Hot-Wet,2010-04-09 19:40:00,4
15.37813924,-18.98479207,LA12,2010-04-09,08:00:00 PM,20:00:00,Hot-Wet,2010-04-09 20:00:00,4
15.37771708,-18.98554281,LA12,2010-04-09,08:20:00 PM,20:20:00,Hot-Wet,2010-04-09 20:20:00,4
15.3777415,-18.98550618,LA12,2010-04-09,08:40:00 PM,20:40:00,Hot-Wet,2010-04-09 20:40:00,4
15.37773234,-18.98552856,LA12,2010-04-09,09:00:00 PM,21:00:00,Hot-Wet,2010-04-09 21:00:00,4
15.37773336,-18.9855306,LA12,2010-04-09,09:20:00 PM,21:20:00,Hot-Wet,2010-04-09 21:20:00,4
15.37781067,-18.98551229,LA12,2010-04-09,09:40:00 PM,21:40:00,Hot-Wet,2010-04-09 21:40:00,4
15.37779643,-18.98552043,LA12,2010-04-09,10:00:00 PM,22:00:00,Hot-Wet,2010-04-09 22:00:00,4
15.37690531,-18.98568319,LA12,2010-04-09,10:20:00 PM,22:20:00,Hot-Wet,2010-04-09 22:20:00,4
15.37614136,-18.98699544,LA12,2010-04-09,10:40:00 PM,22:40:00,Hot-Wet,2010-04-09 22:40:00,4
15.37621765,-18.98759969,LA12,2010-04-09,11:00:00 PM,23:00:00,Hot-Wet,2010-04-09 23:00:00,4
15.37621765,-18.9876241,LA12,2010-04-09,11:20:00 PM,23:20:00,Hot-Wet,2010-04-09 23:20:00,4
15.37621257,-18.98763428,LA12,2010-04-09,11:40:00 PM,23:40:00,Hot-Wet,2010-04-09 23:40:00,4
15.37621358,-18.987618,LA12,2010-04-10,12:00:00 AM,00:00:00,Hot-Wet,2010-04-10 00:00:00,4
15.37621257,-18.98759562,LA12,2010-04-10,12:20:00 AM,00:20:00,Hot-Wet,2010-04-10 00:20:00,4
15.37623698,-18.98746948,LA12,2010-04-10,12:40:00 AM,00:40:00,Hot-Wet,2010-04-10 00:40:00,4
15.37623698,-18.98746948,LA12,2010-04-10,01:00:00 AM,01:00:00,Hot-Wet,2010-04-10 01:00:00,4
15.37621867,-18.98747762,LA12,2010-04-10,01:20:00 AM,01:20:00,Hot-Wet,2010-04-10 01:20:00,4
15.37623393,-18.98744507,LA12,2010-04-10,01:40:00 AM,01:40:00,Hot-Wet,2010-04-10 01:40:00,4
15.37621562,-18.98747355,LA12,2010-04-10,02:00:00 AM,02:00:00,Hot-Wet,2010-04-10 02:00:00,4
15.37622579,-18.98747762,LA12,2010-04-10,02:20:00 AM,02:20:00,Hot-Wet,2010-04-10 02:20:00,4
15.37621562,-18.98748372,LA12,2010-04-10,02:40:00 AM,02:40:00,Hot-Wet,2010-04-10 02:40:00,4
15.37620443,-18.98746948,LA12,2010-04-10,03:00:00 AM,03:00:00,Hot-Wet,2010-04-10 03:00:00,4
15.37706706,-18.98747355,LA12,2010-04-10,03:20:00 AM,03:20:00,Hot-Wet,2010-04-10 03:20:00,4
15.37707418,-18.98746541,LA12,2010-04-10,03:40:00 AM,03:40:00,Hot-Wet,2010-04-10 03:40:00,4
15.3770579,-18.98745117,LA12,2010-04-10,04:00:00 AM,04:00:00,Hot-Wet,2010-04-10 04:00:00,4
15.37659709,-18.98869832,LA12,2010-04-10,04:20:00 AM,04:20:00,Hot-Wet,2010-04-10 04:20:00,4
15.37521464,-18.99119059,LA12,2010-04-10,04:40:00 AM,04:40:00,Hot-Wet,2010-04-10 04:40:00,4
15.37230225,-18.99180908,LA12,2010-04-10,05:00:00 AM,05:00:00,Hot-Wet,2010-04-10 05:00:00,4
15.36869507,-18.99367269,LA12,2010-04-10,05:20:00 AM,05:20:00,Hot-Wet,2010-04-10 05:20:00,4
15.36666463,-18.99274699,LA12,2010-04-10,05:40:00 AM,05:40:00,Hot-Wet,2010-04-10 05:40:00,4
15.36543477,-18.99435832,LA12,2010-04-10,06:00:00 AM,06:00:00,Hot-Wet,2010-04-10 06:00:00,4
15.36502075,-18.99481405,LA12,2010-04-10,06:20:00 AM,06:20:00,Hot-Wet,2010-04-10 06:20:00,4
15.36386719,-18.99612427,LA12,2010-04-10,06:40:00 AM,06:40:00,Hot-Wet,2010-04-10 06:40:00,4
15.36105042,-18.99819336,LA12,2010-04-10,07:00:00 AM,07:00:00,Hot-Wet,2010-04-10 07:00:00,4
15.35643616,-19.00142212,LA12,2010-04-10,07:20:00 AM,07:20:00,Hot-Wet,2010-04-10 07:20:00,4
15.35414734,-19.00269775,LA12,2010-04-10,07:40:00 AM,07:40:00,Hot-Wet,2010-04-10 07:40:00,4
15.35393168,-19.00277303,LA12,2010-04-10,08:00:00 AM,08:00:00,Hot-Wet,2010-04-10 08:00:00,4
15.35207418,-19.00309855,LA12,2010-04-10,08:20:00 AM,08:20:00,Hot-Wet,2010-04-10 08:20:00,4
15.35126139,-19.00468547,LA12,2010-04-10,08:40:00 AM,08:40:00,Hot-Wet,2010-04-10 08:40:00,4
15.3497996,-19.00680542,LA12,2010-04-10,09:00:00 AM,09:00:00,Hot-Wet,2010-04-10 09:00:00,4
15.34888306,-19.00765584,LA12,2010-04-10,09:20:00 AM,09:20:00,Hot-Wet,2010-04-10 09:20:00,4
15.34729207,-19.00804036,LA12,2010-04-10,09:40:00 AM,09:40:00,Hot-Wet,2010-04-10 09:40:00,4
15.34684753,-19.00859375,LA12,2010-04-10,10:00:00 AM,10:00:00,Hot-Wet,2010-04-10 10:00:00,4
15.34601135,-19.01008708,LA12,2010-04-10,10:20:00 AM,10:20:00,Hot-Wet,2010-04-10 10:20:00,4
15.34523824,-19.0123881,LA12,2010-04-10,10:40:00 AM,10:40:00,Hot-Wet,2010-04-10 10:40:00,4
15.3442393,-19.01390584,LA12,2010-04-10,11:00:00 AM,11:00:00,Hot-Wet,2010-04-10 11:00:00,4
15.34443665,-19.01677653,LA12,2010-04-10,11:20:00 AM,11:20:00,Hot-Wet,2010-04-10 11:20:00,4
15.34316101,-19.01695353,LA12,2010-04-10,11:40:00 AM,11:40:00,Hot-Wet,2010-04-10 11:40:00,4
15.34167582,-19.01756999,LA12,2010-04-10,12:00:00 PM,12:00:00,Hot-Wet,2010-04-10 12:00:00,4
15.34336243,-19.01814982,LA12,2010-04-10,12:20:00 PM,12:20:00,Hot-Wet,2010-04-10 12:20:00,4
15.34337158,-19.01750285,LA12,2010-04-10,12:40:00 PM,12:40:00,Hot-Wet,2010-04-10 12:40:00,4
15.34220378,-19.01996867,LA12,2010-04-10,01:00:00 PM,13:00:00,Hot-Wet,2010-04-10 13:00:00,4
15.3399058,-19.02126872,LA12,2010-04-10,01:20:00 PM,13:20:00,Hot-Wet,2010-04-10 13:20:00,4
15.33907369,-19.02336019,LA12,2010-04-10,01:40:00 PM,13:40:00,Hot-Wet,2010-04-10 13:40:00,4
15.33746643,-19.02487386,LA12,2010-04-10,02:00:00 PM,14:00:00,Hot-Wet,2010-04-10 14:00:00,4
15.33696086,-19.02619222,LA12,2010-04-10,02:20:00 PM,14:20:00,Hot-Wet,2010-04-10 14:20:00,4
15.33466187,-19.02799886,LA12,2010-04-10,02:40:00 PM,14:40:00,Hot-Wet,2010-04-10 14:40:00,4
15.33464661,-19.02798055,LA12,2010-04-10,03:00:00 PM,15:00:00,Hot-Wet,2010-04-10 15:00:00,4
15.33463949,-19.02798665,LA12,2010-04-10,03:20:00 PM,15:20:00,Hot-Wet,2010-04-10 15:20:00,4
15.33454183,-19.02920939,LA12,2010-04-10,03:40:00 PM,15:40:00,Hot-Wet,2010-04-10 15:40:00,4
15.33191935,-19.03135579,LA12,2010-04-10,04:00:00 PM,16:00:00,Hot-Wet,2010-04-10 16:00:00,4
15.33103434,-19.03288981,LA12,2010-04-10,04:20:00 PM,16:20:00,Hot-Wet,2010-04-10 16:20:00,4
15.33080037,-19.0357076,LA12,2010-04-10,04:40:00 PM,16:40:00,Hot-Wet,2010-04-10 16:40:00,4
15.33001811,-19.03774821,LA12,2010-04-10,05:00:00 PM,17:00:00,Hot-Wet,2010-04-10 17:00:00,4
15.33138733,-19.03962199,LA12,2010-04-10,05:20:00 PM,17:20:00,Hot-Wet,2010-04-10 17:20:00,4
15.33121033,-19.04115804,LA12,2010-04-10,05:40:00 PM,17:40:00,Hot-Wet,2010-04-10 17:40:00,4
15.33224182,-19.04290975,LA12,2010-04-10,06:00:00 PM,18:00:00,Hot-Wet,2010-04-10 18:00:00,4
15.3321991,-19.04464315,LA12,2010-04-10,06:20:00 PM,18:20:00,Hot-Wet,2010-04-10 18:20:00,4
15.33306173,-19.05015869,LA12,2010-04-10,06:40:00 PM,18:40:00,Hot-Wet,2010-04-10 18:40:00,4
15.333196,-19.05207113,LA12,2010-04-10,07:00:00 PM,19:00:00,Hot-Wet,2010-04-10 19:00:00,4
15.33400981,-19.0570577,LA12,2010-04-10,07:20:00 PM,19:20:00,Hot-Wet,2010-04-10 19:20:00,4
15.33446554,-19.06388957,LA12,2010-04-10,07:40:00 PM,19:40:00,Hot-Wet,2010-04-10 19:40:00,4
15.33514201,-19.06853638,LA12,2010-04-10,08:00:00 PM,20:00:00,Hot-Wet,2010-04-10 20:00:00,4
15.33536784,-19.07122396,LA12,2010-04-10,08:20:00 PM,20:20:00,Hot-Wet,2010-04-10 20:20:00,4
15.33572795,-19.07413534,LA12,2010-04-10,08:40:00 PM,20:40:00,Hot-Wet,2010-04-10 20:40:00,4
15.3364268,-19.07333984,LA12,2010-04-10,09:00:00 PM,21:00:00,Hot-Wet,2010-04-10 21:00:00,4
15.33522135,-19.06980794,LA12,2010-04-10,09:20:00 PM,21:20:00,Hot-Wet,2010-04-10 21:20:00,4
15.33462423,-19.06457113,LA12,2010-04-10,09:40:00 PM,21:40:00,Hot-Wet,2010-04-10 21:40:00,4
15.33394063,-19.06394653,LA12,2010-04-10,10:00:00 PM,22:00:00,Hot-Wet,2010-04-10 22:00:00,4
15.33418274,-19.06367594,LA12,2010-04-10,10:20:00 PM,22:20:00,Hot-Wet,2010-04-10 22:20:00,4
15.3339915,-19.06288859,LA12,2010-04-10,10:40:00 PM,22:40:00,Hot-Wet,2010-04-10 22:40:00,4
15.3332255,-19.06097819,LA12,2010-04-10,11:00:00 PM,23:00:00,Hot-Wet,2010-04-10 23:00:00,4
15.33373617,-19.0572408,LA12,2010-04-10,11:20:00 PM,23:20:00,Hot-Wet,2010-04-10 23:20:00,4
15.33372599,-19.05724894,LA12,2010-04-10,11:40:00 PM,23:40:00,Hot-Wet,2010-04-10 23:40:00,4
15.3337321,-19.05725911,LA12,2010-04-11,12:00:00 AM,00:00:00,Hot-Wet,2010-04-11 00:00:00,4
15.33372396,-19.05726929,LA12,2010-04-11,12:20:00 AM,00:20:00,Hot-Wet,2010-04-11 00:20:00,4
15.33375244,-19.05727946,LA12,2010-04-11,12:40:00 AM,00:40:00,Hot-Wet,2010-04-11 00:40:00,4
15.33373515,-19.0572408,LA12,2010-04-11,01:00:00 AM,01:00:00,Hot-Wet,2010-04-11 01:00:00,4
15.33374329,-19.05727946,LA12,2010-04-11,01:20:00 AM,01:20:00,Hot-Wet,2010-04-11 01:20:00,4
15.33371887,-19.05728149,LA12,2010-04-11,01:40:00 AM,01:40:00,Hot-Wet,2010-04-11 01:40:00,4
15.33371785,-19.05728149,LA12,2010-04-11,02:00:00 AM,02:00:00,Hot-Wet,2010-04-11 02:00:00,4
15.33371887,-19.05727743,LA12,2010-04-11,02:20:00 AM,02:20:00,Hot-Wet,2010-04-11 02:20:00,4
15.33374837,-19.05727539,LA12,2010-04-11,02:40:00 AM,02:40:00,Hot-Wet,2010-04-11 02:40:00,4
15.33373718,-19.05725708,LA12,2010-04-11,03:00:00 AM,03:00:00,Hot-Wet,2010-04-11 03:00:00,4
15.33373515,-19.05730387,LA12,2010-04-11,03:20:00 AM,03:20:00,Hot-Wet,2010-04-11 03:20:00,4
15.33372599,-19.05727539,LA12,2010-04-11,03:40:00 AM,03:40:00,Hot-Wet,2010-04-11 03:40:00,4
15.33370565,-19.0572347,LA12,2010-04-11,04:00:00 AM,04:00:00,Hot-Wet,2010-04-11 04:00:00,4
15.33370768,-19.05730591,LA12,2010-04-11,04:20:00 AM,04:20:00,Hot-Wet,2010-04-11 04:20:00,4
15.33227946,-19.05697225,LA12,2010-04-11,04:40:00 AM,04:40:00,Hot-Wet,2010-04-11 04:40:00,4
15.32729187,-19.05849202,LA12,2010-04-11,05:00:00 AM,05:00:00,Hot-Wet,2010-04-11 05:00:00,4
15.32343547,-19.06067912,LA12,2010-04-11,05:20:00 AM,05:20:00,Hot-Wet,2010-04-11 05:20:00,4
15.32041626,-19.06167196,LA12,2010-04-11,05:40:00 AM,05:40:00,Hot-Wet,2010-04-11 05:40:00,4
15.31908468,-19.06172078,LA12,2010-04-11,06:00:00 AM,06:00:00,Hot-Wet,2010-04-11 06:00:00,4
15.31892192,-19.06103109,LA12,2010-04-11,06:20:00 AM,06:20:00,Hot-Wet,2010-04-11 06:20:00,4
15.31413879,-19.06537272,LA12,2010-04-11,06:40:00 AM,06:40:00,Hot-Wet,2010-04-11 06:40:00,4
15.31072388,-19.06843058,LA12,2010-04-11,07:00:00 AM,07:00:00,Hot-Wet,2010-04-11 07:00:00,4
15.30940247,-19.06872965,LA12,2010-04-11,07:20:00 AM,07:20:00,Hot-Wet,2010-04-11 07:20:00,4
15.30888265,-19.06928711,LA12,2010-04-11,07:40:00 AM,07:40:00,Hot-Wet,2010-04-11 07:40:00,4
15.30912984,-19.06981405,LA12,2010-04-11,08:00:00 AM,08:00:00,Hot-Wet,2010-04-11 08:00:00,4
15.30859273,-19.07042033,LA12,2010-04-11,08:20:00 AM,08:20:00,Hot-Wet,2010-04-11 08:20:00,4
15.30741882,-19.06987305,LA12,2010-04-11,08:40:00 AM,08:40:00,Hot-Wet,2010-04-11 08:40:00,4
15.303184,-19.06984049,LA12,2010-04-11,09:00:00 AM,09:00:00,Hot-Wet,2010-04-11 09:00:00,4
15.30321045,-19.06984456,LA12,2010-04-11,09:20:00 AM,09:20:00,Hot-Wet,2010-04-11 09:20:00,4
15.30030212,-19.06986898,LA12,2010-04-11,09:40:00 AM,09:40:00,Hot-Wet,2010-04-11 09:40:00,4
15.29477641,-19.07283529,LA12,2010-04-11,10:00:00 AM,10:00:00,Hot-Wet,2010-04-11 10:00:00,4
15.29178975,-19.07230021,LA12,2010-04-11,10:20:00 AM,10:20:00,Hot-Wet,2010-04-11 10:20:00,4
15.2902537,-19.07159627,LA12,2010-04-11,10:40:00 AM,10:40:00,Hot-Wet,2010-04-11 10:40:00,4
15.28694051,-19.06952718,LA12,2010-04-11,11:00:00 AM,11:00:00,Hot-Wet,2010-04-11 11:00:00,4
15.28570048,-19.06942952,LA12,2010-04-11,11:20:00 AM,11:20:00,Hot-Wet,2010-04-11 11:20:00,4
15.28036804,-19.06905721,LA12,2010-04-11,11:40:00 AM,11:40:00,Hot-Wet,2010-04-11 11:40:00,4
15.27809143,-19.06974691,LA12,2010-04-11,12:00:00 PM,12:00:00,Hot-Wet,2010-04-11 12:00:00,4
15.27681885,-19.06933187,LA12,2010-04-11,12:20:00 PM,12:20:00,Hot-Wet,2010-04-11 12:20:00,4
15.27450867,-19.06976115,LA12,2010-04-11,12:40:00 PM,12:40:00,Hot-Wet,2010-04-11 12:40:00,4
15.27221273,-19.06961466,LA12,2010-04-11,01:00:00 PM,13:00:00,Hot-Wet,2010-04-11 13:00:00,4
15.27221476,-19.06962077,LA12,2010-04-11,01:20:00 PM,13:20:00,Hot-Wet,2010-04-11 13:20:00,4
15.27077738,-19.06940715,LA12,2010-04-11,01:40:00 PM,13:40:00,Hot-Wet,2010-04-11 13:40:00,4
15.26921082,-19.06904907,LA12,2010-04-11,02:00:00 PM,14:00:00,Hot-Wet,2010-04-11 14:00:00,4
15.26628621,-19.06578166,LA12,2010-04-11,02:20:00 PM,14:20:00,Hot-Wet,2010-04-11 14:20:00,4
15.26248271,-19.06327515,LA12,2010-04-11,02:40:00 PM,14:40:00,Hot-Wet,2010-04-11 14:40:00,4
15.25852254,-19.0603597,LA12,2010-04-11,03:00:00 PM,15:00:00,Hot-Wet,2010-04-11 15:00:00,4
15.25357564,-19.05739543,LA12,2010-04-11,03:20:00 PM,15:20:00,Hot-Wet,2010-04-11 15:20:00,4
15.24997457,-19.05594889,LA12,2010-04-11,03:40:00 PM,15:40:00,Hot-Wet,2010-04-11 15:40:00,4
15.24930216,-19.05558879,LA12,2010-04-11,04:00:00 PM,16:00:00,Hot-Wet,2010-04-11 16:00:00,4
15.24824829,-19.05420125,LA12,2010-04-11,04:20:00 PM,16:20:00,Hot-Wet,2010-04-11 16:20:00,4
15.24501851,-19.05368245,LA12,2010-04-11,04:40:00 PM,16:40:00,Hot-Wet,2010-04-11 16:40:00,4
15.23872782,-19.05306193,LA12,2010-04-11,05:00:00 PM,17:00:00,Hot-Wet,2010-04-11 17:00:00,4
15.23712667,-19.05264893,LA12,2010-04-11,05:20:00 PM,17:20:00,Hot-Wet,2010-04-11 17:20:00,4
15.23451335,-19.05127767,LA12,2010-04-11,05:40:00 PM,17:40:00,Hot-Wet,2010-04-11 17:40:00,4
15.23198649,-19.05069173,LA12,2010-04-11,06:00:00 PM,18:00:00,Hot-Wet,2010-04-11 18:00:00,4
15.22774658,-19.05009766,LA12,2010-04-11,06:20:00 PM,18:20:00,Hot-Wet,2010-04-11 18:20:00,4
15.22472127,-19.04793701,LA12,2010-04-11,06:40:00 PM,18:40:00,Hot-Wet,2010-04-11 18:40:00,4
15.22049764,-19.04858805,LA12,2010-04-11,07:00:00 PM,19:00:00,Hot-Wet,2010-04-11 19:00:00,4
15.21982422,-19.04891968,LA12,2010-04-11,07:20:00 PM,19:20:00,Hot-Wet,2010-04-11 19:20:00,4
15.21876729,-19.04792887,LA12,2010-04-11,07:40:00 PM,19:40:00,Hot-Wet,2010-04-11 19:40:00,4
15.21789653,-19.0480835,LA12,2010-04-11,08:00:00 PM,20:00:00,Hot-Wet,2010-04-11 20:00:00,4
15.21620992,-19.04804077,LA12,2010-04-11,08:20:00 PM,20:20:00,Hot-Wet,2010-04-11 20:20:00,4
15.21516927,-19.04790243,LA12,2010-04-11,08:40:00 PM,20:40:00,Hot-Wet,2010-04-11 20:40:00,4
15.21471558,-19.04818115,LA12,2010-04-11,09:00:00 PM,21:00:00,Hot-Wet,2010-04-11 21:00:00,4
15.21467387,-19.04792074,LA12,2010-04-11,09:20:00 PM,21:20:00,Hot-Wet,2010-04-11 21:20:00,4
15.21464132,-19.04788615,LA12,2010-04-11,09:40:00 PM,21:40:00,Hot-Wet,2010-04-11 21:40:00,4
15.21443685,-19.04771932,LA12,2010-04-11,10:00:00 PM,22:00:00,Hot-Wet,2010-04-11 22:00:00,4
15.21421814,-19.04782308,LA12,2010-04-11,10:20:00 PM,22:20:00,Hot-Wet,2010-04-11 22:20:00,4
15.21421814,-19.04781494,LA12,2010-04-11,10:40:00 PM,22:40:00,Hot-Wet,2010-04-11 22:40:00,4
15.21419271,-19.04782308,LA12,2010-04-11,11:00:00 PM,23:00:00,Hot-Wet,2010-04-11 23:00:00,4
15.21423747,-19.04781494,LA12,2010-04-11,11:20:00 PM,23:20:00,Hot-Wet,2010-04-11 23:20:00,4
15.21398315,-19.0478658,LA12,2010-04-11,11:40:00 PM,23:40:00,Hot-Wet,2010-04-11 23:40:00,4
15.21392314,-19.04806112,LA12,2010-04-12,12:00:00 AM,00:00:00,Hot-Wet,2010-04-12 00:00:00,4
15.21389262,-19.04804688,LA12,2010-04-12,12:20:00 AM,00:20:00,Hot-Wet,2010-04-12 00:20:00,4
15.21384481,-19.04793498,LA12,2010-04-12,12:40:00 AM,00:40:00,Hot-Wet,2010-04-12 00:40:00,4
15.21399434,-19.04711507,LA12,2010-04-12,01:00:00 AM,01:00:00,Hot-Wet,2010-04-12 01:00:00,4
15.21399231,-19.04710897,LA12,2010-04-12,01:20:00 AM,01:20:00,Hot-Wet,2010-04-12 01:20:00,4
15.21399536,-19.04710897,LA12,2010-04-12,01:40:00 AM,01:40:00,Hot-Wet,2010-04-12 01:40:00,4
15.21397705,-19.04711304,LA12,2010-04-12,02:00:00 AM,02:00:00,Hot-Wet,2010-04-12 02:00:00,4
15.21406352,-19.04719849,LA12,2010-04-12,02:20:00 AM,02:20:00,Hot-Wet,2010-04-12 02:20:00,4
15.2140564,-19.04720662,LA12,2010-04-12,02:40:00 AM,02:40:00,Hot-Wet,2010-04-12 02:40:00,4
15.21403809,-19.04721476,LA12,2010-04-12,03:00:00 AM,03:00:00,Hot-Wet,2010-04-12 03:00:00,4
15.21405843,-19.0472229,LA12,2010-04-12,03:20:00 AM,03:20:00,Hot-Wet,2010-04-12 03:20:00,4
15.21408691,-19.04717611,LA12,2010-04-12,03:40:00 AM,03:40:00,Hot-Wet,2010-04-12 03:40:00,4
15.21276957,-19.04714355,LA12,2010-04-12,04:00:00 AM,04:00:00,Hot-Wet,2010-04-12 04:00:00,4
15.21227926,-19.04598389,LA12,2010-04-12,04:20:00 AM,04:20:00,Hot-Wet,2010-04-12 04:20:00,4
15.21225179,-19.04603068,LA12,2010-04-12,04:40:00 AM,04:40:00,Hot-Wet,2010-04-12 04:40:00,4
15.21229858,-19.0460144,LA12,2010-04-12,05:00:00 AM,05:00:00,Hot-Wet,2010-04-12 05:00:00,4
15.21293742,-19.04475301,LA12,2010-04-12,05:20:00 AM,05:20:00,Hot-Wet,2010-04-12 05:20:00,4
15.2135376,-19.04249268,LA12,2010-04-12,05:40:00 AM,05:40:00,Hot-Wet,2010-04-12 05:40:00,4
15.21488342,-19.04057007,LA12,2010-04-12,06:00:00 AM,06:00:00,Hot-Wet,2010-04-12 06:00:00,4
15.21631877,-19.0391215,LA12,2010-04-12,06:20:00 AM,06:20:00,Hot-Wet,2010-04-12 06:20:00,4
15.2178009,-19.03677775,LA12,2010-04-12,06:40:00 AM,06:40:00,Hot-Wet,2010-04-12 06:40:00,4
15.21926778,-19.03511556,LA12,2010-04-12,07:00:00 AM,07:00:00,Hot-Wet,2010-04-12 07:00:00,4
15.21919352,-19.03295492,LA12,2010-04-12,07:20:00 AM,07:20:00,Hot-Wet,2010-04-12 07:20:00,4
15.22048747,-19.03012899,LA12,2010-04-12,07:40:00 AM,07:40:00,Hot-Wet,2010-04-12 07:40:00,4
15.21914266,-19.02664388,LA12,2010-04-12,08:00:00 AM,08:00:00,Hot-Wet,2010-04-12 08:00:00,4
15.21913656,-19.02582397,LA12,2010-04-12,08:20:00 AM,08:20:00,Hot-Wet,2010-04-12 08:20:00,4
15.21692505,-19.02632446,LA12,2010-04-12,08:40:00 AM,08:40:00,Hot-Wet,2010-04-12 08:40:00,4
15.21665039,-19.02703044,LA12,2010-04-12,09:00:00 AM,09:00:00,Hot-Wet,2010-04-12 09:00:00,4
15.21644491,-19.02738444,LA12,2010-04-12,09:20:00 AM,09:20:00,Hot-Wet,2010-04-12 09:20:00,4
15.21595357,-19.0277181,LA12,2010-04-12,09:40:00 AM,09:40:00,Hot-Wet,2010-04-12 09:40:00,4
15.21446838,-19.02654012,LA12,2010-04-12,10:00:00 AM,10:00:00,Hot-Wet,2010-04-12 10:00:00,4
15.21415405,-19.02640788,LA12,2010-04-12,10:20:00 AM,10:20:00,Hot-Wet,2010-04-12 10:20:00,4
15.21423848,-19.0255717,LA12,2010-04-12,10:40:00 AM,10:40:00,Hot-Wet,2010-04-12 10:40:00,4
15.21338094,-19.02409668,LA12,2010-04-12,11:00:00 AM,11:00:00,Hot-Wet,2010-04-12 11:00:00,4
15.2159139,-19.02098796,LA12,2010-04-12,11:20:00 AM,11:20:00,Hot-Wet,2010-04-12 11:20:00,4
15.217158,-19.01979777,LA12,2010-04-12,11:40:00 AM,11:40:00,Hot-Wet,2010-04-12 11:40:00,4
15.21911621,-19.01466471,LA12,2010-04-12,12:00:00 PM,12:00:00,Hot-Wet,2010-04-12 12:00:00,4
15.22476501,-19.00919189,LA12,2010-04-12,12:20:00 PM,12:20:00,Hot-Wet,2010-04-12 12:20:00,4
15.22656555,-19.00750732,LA12,2010-04-12,12:40:00 PM,12:40:00,Hot-Wet,2010-04-12 12:40:00,4
15.22943522,-19.00824585,LA12,2010-04-12,01:00:00 PM,13:00:00,Hot-Wet,2010-04-12 13:00:00,4
15.23285421,-19.01028442,LA12,2010-04-12,01:20:00 PM,13:20:00,Hot-Wet,2010-04-12 13:20:00,4
15.23698018,-19.01299438,LA12,2010-04-12,01:40:00 PM,13:40:00,Hot-Wet,2010-04-12 13:40:00,4
15.24173787,-19.01517944,LA12,2010-04-12,02:00:00 PM,14:00:00,Hot-Wet,2010-04-12 14:00:00,4
15.24971313,-19.01615397,LA12,2010-04-12,02:20:00 PM,14:20:00,Hot-Wet,2010-04-12 14:20:00,4
15.25371908,-19.01633708,LA12,2010-04-12,02:40:00 PM,14:40:00,Hot-Wet,2010-04-12 14:40:00,4
15.2538208,-19.01657511,LA12,2010-04-12,03:00:00 PM,15:00:00,Hot-Wet,2010-04-12 15:00:00,4
15.25398966,-19.01670329,LA12,2010-04-12,03:20:00 PM,15:20:00,Hot-Wet,2010-04-12 15:20:00,4
15.25403035,-19.0165446,LA12,2010-04-12,03:40:00 PM,15:40:00,Hot-Wet,2010-04-12 15:40:00,4
15.25484619,-19.01647949,LA12,2010-04-12,04:00:00 PM,16:00:00,Hot-Wet,2010-04-12 16:00:00,4
15.25514832,-19.01660563,LA12,2010-04-12,04:20:00 PM,16:20:00,Hot-Wet,2010-04-12 16:20:00,4
15.25661723,-19.01619466,LA12,2010-04-12,04:40:00 PM,16:40:00,Hot-Wet,2010-04-12 16:40:00,4
15.2576416,-19.01448161,LA12,2010-04-12,05:00:00 PM,17:00:00,Hot-Wet,2010-04-12 17:00:00,4
15.25816345,-19.01431885,LA12,2010-04-12,05:20:00 PM,17:20:00,Hot-Wet,2010-04-12 17:20:00,4
15.26033834,-19.01543783,LA12,2010-04-12,05:40:00 PM,17:40:00,Hot-Wet,2010-04-12 17:40:00,4
15.26072083,-19.01532593,LA12,2010-04-12,06:00:00 PM,18:00:00,Hot-Wet,2010-04-12 18:00:00,4
15.26109314,-19.01613566,LA12,2010-04-12,06:20:00 PM,18:20:00,Hot-Wet,2010-04-12 18:20:00,4
15.26137797,-19.01615601,LA12,2010-04-12,06:40:00 PM,18:40:00,Hot-Wet,2010-04-12 18:40:00,4
15.26154582,-19.01621297,LA12,2010-04-12,07:00:00 PM,19:00:00,Hot-Wet,2010-04-12 19:00:00,4
15.26213277,-19.01623739,LA12,2010-04-12,07:20:00 PM,19:20:00,Hot-Wet,2010-04-12 19:20:00,4
15.26288961,-19.01603597,LA12,2010-04-12,07:40:00 PM,19:40:00,Hot-Wet,2010-04-12 19:40:00,4
15.26384277,-19.01606242,LA12,2010-04-12,08:00:00 PM,20:00:00,Hot-Wet,2010-04-12 20:00:00,4
15.2682251,-19.01658122,LA12,2010-04-12,08:20:00 PM,20:20:00,Hot-Wet,2010-04-12 20:20:00,4
15.27178243,-19.01648356,LA12,2010-04-12,08:40:00 PM,20:40:00,Hot-Wet,2010-04-12 20:40:00,4
15.27184143,-19.0164388,LA12,2010-04-12,09:00:00 PM,21:00:00,Hot-Wet,2010-04-12 21:00:00,4
15.2726003,-19.01643066,LA12,2010-04-12,09:20:00 PM,21:20:00,Hot-Wet,2010-04-12 21:20:00,4
15.27401123,-19.01670329,LA12,2010-04-12,09:40:00 PM,21:40:00,Hot-Wet,2010-04-12 21:40:00,4
15.27507731,-19.01629842,LA12,2010-04-12,10:00:00 PM,22:00:00,Hot-Wet,2010-04-12 22:00:00,4
15.27518412,-19.01623332,LA12,2010-04-12,10:20:00 PM,22:20:00,Hot-Wet,2010-04-12 22:20:00,4
15.27520243,-19.01625977,LA12,2010-04-12,10:40:00 PM,22:40:00,Hot-Wet,2010-04-12 22:40:00,4
15.27519633,-19.01622721,LA12,2010-04-12,11:00:00 PM,23:00:00,Hot-Wet,2010-04-12 23:00:00,4
15.27515767,-19.01623535,LA12,2010-04-12,11:20:00 PM,23:20:00,Hot-Wet,2010-04-12 23:20:00,4
15.27518412,-19.01622111,LA12,2010-04-12,11:40:00 PM,23:40:00,Hot-Wet,2010-04-12 23:40:00,4
15.27536316,-19.01641439,LA12,2010-04-13,12:00:52 AM,00:00:00,Hot-Wet,2010-04-13 00:00:00,4
15.27537435,-19.01641439,LA12,2010-04-13,12:20:52 AM,00:20:00,Hot-Wet,2010-04-13 00:20:00,4
15.27535299,-19.01641439,LA12,2010-04-13,12:40:52 AM,00:40:00,Hot-Wet,2010-04-13 00:40:00,4
15.27535909,-19.01637573,LA12,2010-04-13,01:00:52 AM,01:00:00,Hot-Wet,2010-04-13 01:00:00,4
15.27556864,-19.01645304,LA12,2010-04-13,01:20:52 AM,01:20:00,Hot-Wet,2010-04-13 01:20:00,4
15.27560933,-19.01644491,LA12,2010-04-13,01:40:52 AM,01:40:00,Hot-Wet,2010-04-13 01:40:00,4
15.27557271,-19.01646729,LA12,2010-04-13,02:00:52 AM,02:00:00,Hot-Wet,2010-04-13 02:00:00,4
15.27542521,-19.01690267,LA12,2010-04-13,02:20:52 AM,02:20:00,Hot-Wet,2010-04-13 02:20:00,4
15.27721761,-19.01754557,LA12,2010-04-13,02:40:52 AM,02:40:00,Hot-Wet,2010-04-13 02:40:00,4
15.28015035,-19.01707357,LA12,2010-04-13,03:00:52 AM,03:00:00,Hot-Wet,2010-04-13 03:00:00,4
15.2804718,-19.01774089,LA12,2010-04-13,03:20:52 AM,03:20:00,Hot-Wet,2010-04-13 03:20:00,4
15.28048197,-19.01774902,LA12,2010-04-13,03:40:52 AM,03:40:00,Hot-Wet,2010-04-13 03:40:00,4
15.28047994,-19.01775106,LA12,2010-04-13,04:00:52 AM,04:00:00,Hot-Wet,2010-04-13 04:00:00,4
15.28052979,-19.01774292,LA12,2010-04-13,04:20:52 AM,04:20:00,Hot-Wet,2010-04-13 04:20:00,4
15.28050334,-19.01774495,LA12,2010-04-13,04:40:52 AM,04:40:00,Hot-Wet,2010-04-13 04:40:00,4
15.28052572,-19.01771444,LA12,2010-04-13,05:00:52 AM,05:00:00,Hot-Wet,2010-04-13 05:00:00,4
15.28385111,-19.01691691,LA12,2010-04-13,05:20:52 AM,05:20:00,Hot-Wet,2010-04-13 05:20:00,4
15.28734843,-19.01574707,LA12,2010-04-13,05:40:52 AM,05:40:00,Hot-Wet,2010-04-13 05:40:00,4
15.28969523,-19.01640422,LA12,2010-04-13,06:00:52 AM,06:00:00,Hot-Wet,2010-04-13 06:00:00,4
15.29346313,-19.0181132,LA12,2010-04-13,06:20:52 AM,06:20:00,Hot-Wet,2010-04-13 06:20:00,4
15.2968516,-19.01896973,LA12,2010-04-13,06:40:52 AM,06:40:00,Hot-Wet,2010-04-13 06:40:00,4
15.30036214,-19.01850382,LA12,2010-04-13,07:00:52 AM,07:00:00,Hot-Wet,2010-04-13 07:00:00,4
15.30397644,-19.01775513,LA12,2010-04-13,07:20:52 AM,07:20:00,Hot-Wet,2010-04-13 07:20:00,4
15.30788066,-19.01734212,LA12,2010-04-13,07:40:52 AM,07:40:00,Hot-Wet,2010-04-13 07:40:00,4
15.30903524,-19.01750081,LA12,2010-04-13,08:00:52 AM,08:00:00,Hot-Wet,2010-04-13 08:00:00,4
15.30926514,-19.01819661,LA12,2010-04-13,08:20:52 AM,08:20:00,Hot-Wet,2010-04-13 08:20:00,4
15.31218974,-19.0163269,LA12,2010-04-13,08:40:52 AM,08:40:00,Hot-Wet,2010-04-13 08:40:00,4
15.316745,-19.01489665,LA12,2010-04-13,09:00:52 AM,09:00:00,Hot-Wet,2010-04-13 09:00:00,4
15.32014567,-19.01497396,LA12,2010-04-13,09:20:52 AM,09:20:00,Hot-Wet,2010-04-13 09:20:00,4
15.3253713,-19.01450602,LA12,2010-04-13,09:40:52 AM,09:40:00,Hot-Wet,2010-04-13 09:40:00,4
15.32857056,-19.0137736,LA12,2010-04-13,10:00:52 AM,10:00:00,Hot-Wet,2010-04-13 10:00:00,4
15.33088074,-19.01383667,LA12,2010-04-13,10:20:52 AM,10:20:00,Hot-Wet,2010-04-13 10:20:00,4
15.33368734,-19.01251424,LA12,2010-04-13,10:40:52 AM,10:40:00,Hot-Wet,2010-04-13 10:40:00,4
15.33698222,-19.01218058,LA12,2010-04-13,11:00:52 AM,11:00:00,Hot-Wet,2010-04-13 11:00:00,4
15.3416626,-19.01484782,LA12,2010-04-13,11:20:52 AM,11:20:00,Hot-Wet,2010-04-13 11:20:00,4
15.34384867,-19.01718343,LA12,2010-04-13,11:40:52 AM,11:40:00,Hot-Wet,2010-04-13 11:40:00,4
15.34606018,-19.01553955,LA12,2010-04-13,12:00:52 PM,12:00:00,Hot-Wet,2010-04-13 12:00:00,4
15.3474172,-19.01389974,LA12,2010-04-13,12:20:53 PM,12:20:00,Hot-Wet,2010-04-13 12:20:00,4
15.35012309,-19.01341756,LA12,2010-04-13,12:40:52 PM,12:40:00,Hot-Wet,2010-04-13 12:40:00,4
15.35179036,-19.01347656,LA12,2010-04-13,01:00:52 PM,13:00:00,Hot-Wet,2010-04-13 13:00:00,4
15.35313009,-19.01176351,LA12,2010-04-13,01:20:52 PM,13:20:00,Hot-Wet,2010-04-13 13:20:00,4
15.35507609,-19.00860392,LA12,2010-04-13,01:40:52 PM,13:40:00,Hot-Wet,2010-04-13 13:40:00,4
15.35601908,-19.00807699,LA12,2010-04-13,02:00:52 PM,14:00:00,Hot-Wet,2010-04-13 14:00:00,4
15.35607707,-19.0081075,LA12,2010-04-13,02:20:52 PM,14:20:00,Hot-Wet,2010-04-13 14:20:00,4
15.35555318,-19.0068339,LA12,2010-04-13,02:40:52 PM,14:40:00,Hot-Wet,2010-04-13 14:40:00,4
15.35604146,-19.00360718,LA12,2010-04-13,03:00:52 PM,15:00:00,Hot-Wet,2010-04-13 15:00:00,4
15.35842489,-19.00186157,LA12,2010-04-13,03:20:52 PM,15:20:00,Hot-Wet,2010-04-13 15:20:00,4
15.35928752,-19.00024007,LA12,2010-04-13,03:40:52 PM,15:40:00,Hot-Wet,2010-04-13 15:40:00,4
15.36072591,-18.99879354,LA12,2010-04-13,04:00:52 PM,16:00:00,Hot-Wet,2010-04-13 16:00:00,4
15.36116028,-18.99790649,LA12,2010-04-13,04:20:52 PM,16:20:00,Hot-Wet,2010-04-13 16:20:00,4
15.36320292,-18.99934489,LA12,2010-04-13,04:40:52 PM,16:40:00,Hot-Wet,2010-04-13 16:40:00,4
15.365389,-18.99924316,LA12,2010-04-13,05:00:52 PM,17:00:00,Hot-Wet,2010-04-13 17:00:00,4
15.36585185,-18.99984538,LA12,2010-04-13,05:20:52 PM,17:20:00,Hot-Wet,2010-04-13 17:20:00,4
15.36546529,-19.0016805,LA12,2010-04-13,05:40:52 PM,17:40:00,Hot-Wet,2010-04-13 17:40:00,4
15.36511129,-19.00226644,LA12,2010-04-13,06:00:52 PM,18:00:00,Hot-Wet,2010-04-13 18:00:00,4
15.36746216,-19.00228068,LA12,2010-04-13,06:20:52 PM,18:20:00,Hot-Wet,2010-04-13 18:20:00,4
15.36883952,-19.00167643,LA12,2010-04-13,06:40:52 PM,18:40:00,Hot-Wet,2010-04-13 18:40:00,4
15.36927795,-19.00148519,LA12,2010-04-13,07:00:52 PM,19:00:00,Hot-Wet,2010-04-13 19:00:00,4
15.37003479,-19.00178426,LA12,2010-04-13,07:20:52 PM,19:20:00,Hot-Wet,2010-04-13 19:20:00,4
15.37096151,-19.00200806,LA12,2010-04-13,07:40:52 PM,19:40:00,Hot-Wet,2010-04-13 19:40:00,4
15.37226156,-19.0022644,LA12,2010-04-13,08:00:52 PM,20:00:00,Hot-Wet,2010-04-13 20:00:00,4
15.37228088,-19.00221965,LA12,2010-04-13,08:20:52 PM,20:20:00,Hot-Wet,2010-04-13 20:20:00,4
15.37239176,-19.00150757,LA12,2010-04-13,08:40:52 PM,20:40:00,Hot-Wet,2010-04-13 20:40:00,4
15.37239075,-19.00123494,LA12,2010-04-13,09:00:52 PM,21:00:00,Hot-Wet,2010-04-13 21:00:00,4
15.37318929,-19.00241292,LA12,2010-04-13,09:20:52 PM,21:20:00,Hot-Wet,2010-04-13 21:20:00,4
15.37373149,-19.00267131,LA12,2010-04-13,09:40:52 PM,21:40:00,Hot-Wet,2010-04-13 21:40:00,4
15.37370199,-19.00268962,LA12,2010-04-13,10:00:52 PM,22:00:00,Hot-Wet,2010-04-13 22:00:00,4
15.37371012,-19.00268758,LA12,2010-04-13,10:20:52 PM,22:20:00,Hot-Wet,2010-04-13 22:20:00,4
15.37515361,-19.00286662,LA12,2010-04-13,10:40:52 PM,22:40:00,Hot-Wet,2010-04-13 22:40:00,4
15.37768656,-19.00197957,LA12,2010-04-13,11:00:52 PM,23:00:00,Hot-Wet,2010-04-13 23:00:00,4
15.37877096,-18.99970296,LA12,2010-04-13,11:20:52 PM,23:20:00,Hot-Wet,2010-04-13 23:20:00,4
15.3812856,-18.99564412,LA12,2010-04-13,11:40:52 PM,23:40:00,Hot-Wet,2010-04-13 23:40:00,4
15.38386027,-18.99013672,LA12,2010-04-14,12:00:52 AM,00:00:00,Hot-Wet,2010-04-14 00:00:00,4
15.38855184,-18.984611,LA12,2010-04-14,12:20:53 AM,00:20:00,Hot-Wet,2010-04-14 00:20:00,4
15.39031067,-18.98130086,LA12,2010-04-14,12:40:52 AM,00:40:00,Hot-Wet,2010-04-14 00:40:00,4
15.39403076,-18.97375285,LA12,2010-04-14,01:00:52 AM,01:00:00,Hot-Wet,2010-04-14 01:00:00,4
15.39661357,-18.96775106,LA12,2010-04-14,01:20:52 AM,01:20:00,Hot-Wet,2010-04-14 01:20:00,4
15.39986776,-18.9612325,LA12,2010-04-14,01:40:52 AM,01:40:00,Hot-Wet,2010-04-14 01:40:00,4
15.4026947,-18.95790202,LA12,2010-04-14,02:00:52 AM,02:00:00,Hot-Wet,2010-04-14 02:00:00,4
15.40489299,-18.95618083,LA12,2010-04-14,02:20:52 AM,02:20:00,Hot-Wet,2010-04-14 02:20:00,4
15.4049408,-18.95616048,LA12,2010-04-14,02:40:52 AM,02:40:00,Hot-Wet,2010-04-14 02:40:00,4
15.40496012,-18.95615845,LA12,2010-04-14,03:00:52 AM,03:00:00,Hot-Wet,2010-04-14 03:00:00,4
15.40495097,-18.95615641,LA12,2010-04-14,03:20:52 AM,03:20:00,Hot-Wet,2010-04-14 03:20:00,4
15.40488485,-18.95619507,LA12,2010-04-14,03:40:58 AM,03:40:00,Hot-Wet,2010-04-14 03:40:00,4
15.40492859,-18.95614421,LA12,2010-04-14,04:00:52 AM,04:00:00,Hot-Wet,2010-04-14 04:00:00,4
15.40694478,-18.95413208,LA12,2010-04-14,04:21:02 AM,04:21:00,Hot-Wet,2010-04-14 04:21:00,4
15.41030172,-18.95034993,LA12,2010-04-14,04:40:52 AM,04:40:00,Hot-Wet,2010-04-14 04:40:00,4
15.41507161,-18.94503174,LA12,2010-04-14,05:00:52 AM,05:00:00,Hot-Wet,2010-04-14 05:00:00,4
15.4190155,-18.93845011,LA12,2010-04-14,05:20:52 AM,05:20:00,Hot-Wet,2010-04-14 05:20:00,4
15.42090251,-18.93347371,LA12,2010-04-14,05:40:52 AM,05:40:00,Hot-Wet,2010-04-14 05:40:00,4
15.42234192,-18.92845256,LA12,2010-04-14,06:00:52 AM,06:00:00,Hot-Wet,2010-04-14 06:00:00,4
15.42349752,-18.92542928,LA12,2010-04-14,06:20:52 AM,06:20:00,Hot-Wet,2010-04-14 06:20:00,4
15.4256724,-18.91866048,LA12,2010-04-14,06:40:53 AM,06:40:00,Hot-Wet,2010-04-14 06:40:00,4
15.43127543,-18.91488037,LA12,2010-04-14,07:00:52 AM,07:00:00,Hot-Wet,2010-04-14 07:00:00,4
15.43415222,-18.9094401,LA12,2010-04-14,07:20:52 AM,07:20:00,Hot-Wet,2010-04-14 07:20:00,4
15.4377004,-18.9074646,LA12,2010-04-14,07:40:52 AM,07:40:00,Hot-Wet,2010-04-14 07:40:00,4
15.44134115,-18.90411784,LA12,2010-04-14,08:00:52 AM,08:00:00,Hot-Wet,2010-04-14 08:00:00,4
15.4484965,-18.90061239,LA12,2010-04-14,08:20:52 AM,08:20:00,Hot-Wet,2010-04-14 08:20:00,4
15.45860596,-18.89762166,LA12,2010-04-14,08:40:52 AM,08:40:00,Hot-Wet,2010-04-14 08:40:00,4
15.46824646,-18.89351603,LA12,2010-04-14,09:00:52 AM,09:00:00,Hot-Wet,2010-04-14 09:00:00,4
15.47697042,-18.89087728,LA12,2010-04-14,09:20:52 AM,09:20:00,Hot-Wet,2010-04-14 09:20:00,4
15.48414612,-18.8881307,LA12,2010-04-14,09:40:52 AM,09:40:00,Hot-Wet,2010-04-14 09:40:00,4
15.48570964,-18.88701375,LA12,2010-04-14,10:00:52 AM,10:00:00,Hot-Wet,2010-04-14 10:00:00,4
15.48625285,-18.88714803,LA12,2010-04-14,10:20:52 AM,10:20:00,Hot-Wet,2010-04-14 10:20:00,4
15.48747253,-18.8859904,LA12,2010-04-14,10:40:52 AM,10:40:00,Hot-Wet,2010-04-14 10:40:00,4
15.48782756,-18.88538005,LA12,2010-04-14,11:00:52 AM,11:00:00,Hot-Wet,2010-04-14 11:00:00,4
15.48786926,-18.88513997,LA12,2010-04-14,11:20:52 AM,11:20:00,Hot-Wet,2010-04-14 11:20:00,4
15.48797913,-18.88507894,LA12,2010-04-14,11:40:52 AM,11:40:00,Hot-Wet,2010-04-14 11:40:00,4
15.48783162,-18.88510132,LA12,2010-04-14,12:00:52 PM,12:00:00,Hot-Wet,2010-04-14 12:00:00,4
15.48789876,-18.88469035,LA12,2010-04-14,12:20:52 PM,12:20:00,Hot-Wet,2010-04-14 12:20:00,4
15.48777059,-18.8844869,LA12,2010-04-14,12:40:52 PM,12:40:00,Hot-Wet,2010-04-14 12:40:00,4
15.48776754,-18.88448893,LA12,2010-04-14,01:00:52 PM,13:00:00,Hot-Wet,2010-04-14 13:00:00,4
15.48777466,-18.88449707,LA12,2010-04-14,01:20:52 PM,13:20:00,Hot-Wet,2010-04-14 13:20:00,4
15.48873494,-18.88451335,LA12,2010-04-14,01:40:52 PM,13:40:00,Hot-Wet,2010-04-14 13:40:00,4
15.48672384,-18.88484904,LA12,2010-04-14,02:00:52 PM,14:00:00,Hot-Wet,2010-04-14 14:00:00,4
15.485849,-18.8867513,LA12,2010-04-14,02:20:52 PM,14:20:00,Hot-Wet,2010-04-14 14:20:00,4
15.48582052,-18.88637695,LA12,2010-04-14,02:40:52 PM,14:40:00,Hot-Wet,2010-04-14 14:40:00,4
15.48757528,-18.88519897,LA12,2010-04-14,03:00:52 PM,15:00:00,Hot-Wet,2010-04-14 15:00:00,4
15.48922221,-18.88379924,LA12,2010-04-14,03:20:52 PM,15:20:00,Hot-Wet,2010-04-14 15:20:00,4
15.49070841,-18.88324585,LA12,2010-04-14,03:40:52 PM,15:40:00,Hot-Wet,2010-04-14 15:40:00,4
15.49227397,-18.88280233,LA12,2010-04-14,04:00:52 PM,16:00:00,Hot-Wet,2010-04-14 16:00:00,4
15.49289449,-18.88234049,LA12,2010-04-14,04:20:52 PM,16:20:00,Hot-Wet,2010-04-14 16:20:00,4
15.49390055,-18.880896,LA12,2010-04-14,04:40:52 PM,16:40:00,Hot-Wet,2010-04-14 16:40:00,4
15.49433695,-18.87997843,LA12,2010-04-14,05:00:52 PM,17:00:00,Hot-Wet,2010-04-14 17:00:00,4
15.49742432,-18.87770182,LA12,2010-04-14,05:20:52 PM,17:20:00,Hot-Wet,2010-04-14 17:20:00,4
15.50190633,-18.87694702,LA12,2010-04-14,05:40:52 PM,17:40:00,Hot-Wet,2010-04-14 17:40:00,4
15.50130208,-18.8755839,LA12,2010-04-14,06:00:52 PM,18:00:00,Hot-Wet,2010-04-14 18:00:00,4
15.50064494,-18.87414144,LA12,2010-04-14,06:20:52 PM,18:20:00,Hot-Wet,2010-04-14 18:20:00,4
15.50071106,-18.87189535,LA12,2010-04-14,06:40:52 PM,18:40:00,Hot-Wet,2010-04-14 18:40:00,4
15.50262553,-18.86854858,LA12,2010-04-14,07:00:52 PM,19:00:00,Hot-Wet,2010-04-14 19:00:00,4
15.50397746,-18.86850993,LA12,2010-04-14,07:20:52 PM,19:20:00,Hot-Wet,2010-04-14 19:20:00,4
15.50438334,-18.86598104,LA12,2010-04-14,07:40:52 PM,19:40:00,Hot-Wet,2010-04-14 19:40:00,4
15.50456238,-18.86596476,LA12,2010-04-14,08:00:52 PM,20:00:00,Hot-Wet,2010-04-14 20:00:00,4
15.50465393,-18.86493937,LA12,2010-04-14,08:20:52 PM,20:20:00,Hot-Wet,2010-04-14 20:20:00,4
15.50555623,-18.86439209,LA12,2010-04-14,08:40:52 PM,20:40:00,Hot-Wet,2010-04-14 20:40:00,4
15.50717367,-18.8633728,LA12,2010-04-14,09:00:52 PM,21:00:00,Hot-Wet,2010-04-14 21:00:00,4
15.50882365,-18.86312256,LA12,2010-04-14,09:20:52 PM,21:20:00,Hot-Wet,2010-04-14 21:20:00,4
15.50976156,-18.86342773,LA12,2010-04-14,09:40:52 PM,21:40:00,Hot-Wet,2010-04-14 21:40:00,4
15.51180013,-18.86005249,LA12,2010-04-14,10:00:52 PM,22:00:00,Hot-Wet,2010-04-14 22:00:00,4
15.51309001,-18.85885213,LA12,2010-04-14,10:20:52 PM,22:20:00,Hot-Wet,2010-04-14 22:20:00,4
15.51358643,-18.85823771,LA12,2010-04-14,10:40:52 PM,22:40:00,Hot-Wet,2010-04-14 22:40:00,4
15.51500041,-18.85548706,LA12,2010-04-14,11:00:52 PM,23:00:00,Hot-Wet,2010-04-14 23:00:00,4
15.51759542,-18.85329997,LA12,2010-04-14,11:20:52 PM,23:20:00,Hot-Wet,2010-04-14 23:20:00,4
15.52149862,-18.85120239,LA12,2010-04-14,11:40:52 PM,23:40:00,Hot-Wet,2010-04-14 23:40:00,4
15.52144267,-18.85120443,LA12,2010-04-15,12:00:52 AM,00:00:00,Hot-Wet,2010-04-15 00:00:00,4
15.52144674,-18.85119832,LA12,2010-04-15,12:20:52 AM,00:20:00,Hot-Wet,2010-04-15 00:20:00,4
15.52147929,-18.85118205,LA12,2010-04-15,12:40:52 AM,00:40:00,Hot-Wet,2010-04-15 00:40:00,4
15.52146301,-18.85119425,LA12,2010-04-15,01:00:52 AM,01:00:00,Hot-Wet,2010-04-15 01:00:00,4
15.52147319,-18.85119832,LA12,2010-04-15,01:20:52 AM,01:20:00,Hot-Wet,2010-04-15 01:20:00,4
15.52145182,-18.85123698,LA12,2010-04-15,01:40:52 AM,01:40:00,Hot-Wet,2010-04-15 01:40:00,4
15.52145487,-18.85121663,LA12,2010-04-15,02:00:52 AM,02:00:00,Hot-Wet,2010-04-15 02:00:00,4
15.52151896,-18.8511027,LA12,2010-04-15,02:20:52 AM,02:20:00,Hot-Wet,2010-04-15 02:20:00,4
15.52316589,-18.849823,LA12,2010-04-15,02:40:52 AM,02:40:00,Hot-Wet,2010-04-15 02:40:00,4
15.52539164,-18.84836426,LA12,2010-04-15,03:00:52 AM,03:00:00,Hot-Wet,2010-04-15 03:00:00,4
15.52612305,-18.84772542,LA12,2010-04-15,03:20:52 AM,03:20:00,Hot-Wet,2010-04-15 03:20:00,4
15.52613627,-18.84779663,LA12,2010-04-15,03:40:58 AM,03:40:00,Hot-Wet,2010-04-15 03:40:00,4
15.52614034,-18.84781291,LA12,2010-04-15,04:00:52 AM,04:00:00,Hot-Wet,2010-04-15 04:00:00,4
15.5261495,-18.8478007,LA12,2010-04-15,04:20:52 AM,04:20:00,Hot-Wet,2010-04-15 04:20:00,4
15.52629496,-18.84716593,LA12,2010-04-15,04:40:52 AM,04:40:00,Hot-Wet,2010-04-15 04:40:00,4
15.52688192,-18.84584351,LA12,2010-04-15,05:00:52 AM,05:00:00,Hot-Wet,2010-04-15 05:00:00,4
15.52938538,-18.84469401,LA12,2010-04-15,05:20:52 AM,05:20:00,Hot-Wet,2010-04-15 05:20:00,4
15.53076782,-18.84431559,LA12,2010-04-15,05:40:52 AM,05:40:00,Hot-Wet,2010-04-15 05:40:00,4
15.5333252,-18.84225057,LA12,2010-04-15,06:00:52 AM,06:00:00,Hot-Wet,2010-04-15 06:00:00,4
15.53431702,-18.84175212,LA12,2010-04-15,06:20:52 AM,06:20:00,Hot-Wet,2010-04-15 06:20:00,4
15.53516439,-18.84126994,LA12,2010-04-15,06:40:52 AM,06:40:00,Hot-Wet,2010-04-15 06:40:00,4
15.53532206,-18.84072266,LA12,2010-04-15,07:00:52 AM,07:00:00,Hot-Wet,2010-04-15 07:00:00,4
15.53752543,-18.84029948,LA12,2010-04-15,07:20:52 AM,07:20:00,Hot-Wet,2010-04-15 07:20:00,4
15.53924764,-18.83938599,LA12,2010-04-15,07:40:52 AM,07:40:00,Hot-Wet,2010-04-15 07:40:00,4
15.5397644,-18.83902181,LA12,2010-04-15,08:00:52 AM,08:00:00,Hot-Wet,2010-04-15 08:00:00,4
15.54290771,-18.83650309,LA12,2010-04-15,08:20:52 AM,08:20:00,Hot-Wet,2010-04-15 08:20:00,4
15.54647827,-18.83375244,LA12,2010-04-15,08:40:52 AM,08:40:00,Hot-Wet,2010-04-15 08:40:00,4
15.54646912,-18.83376872,LA12,2010-04-15,09:00:52 AM,09:00:00,Hot-Wet,2010-04-15 09:00:00,4
15.54616597,-18.83355103,LA12,2010-04-15,09:20:52 AM,09:20:00,Hot-Wet,2010-04-15 09:20:00,4
15.54440816,-18.83299357,LA12,2010-04-15,09:40:52 AM,09:40:00,Hot-Wet,2010-04-15 09:40:00,4
15.54429626,-18.83299967,LA12,2010-04-15,10:00:52 AM,10:00:00,Hot-Wet,2010-04-15 10:00:00,4
15.54141134,-18.83085734,LA12,2010-04-15,10:20:52 AM,10:20:00,Hot-Wet,2010-04-15 10:20:00,4
15.53746236,-18.82485555,LA12,2010-04-15,10:40:52 AM,10:40:00,Hot-Wet,2010-04-15 10:40:00,4
15.53603617,-18.82263184,LA12,2010-04-15,11:00:52 AM,11:00:00,Hot-Wet,2010-04-15 11:00:00,4
15.5358134,-18.82176717,LA12,2010-04-15,11:20:52 AM,11:20:00,Hot-Wet,2010-04-15 11:20:00,4
15.5363505,-18.82090454,LA12,2010-04-15,11:40:53 AM,11:40:00,Hot-Wet,2010-04-15 11:40:00,4
15.53729858,-18.82158813,LA12,2010-04-15,12:00:52 PM,12:00:00,Hot-Wet,2010-04-15 12:00:00,4
15.53626912,-18.82270915,LA12,2010-04-15,12:20:52 PM,12:20:00,Hot-Wet,2010-04-15 12:20:00,4
15.53600972,-18.82263794,LA12,2010-04-15,12:40:52 PM,12:40:00,Hot-Wet,2010-04-15 12:40:00,4
15.53556213,-18.8230245,LA12,2010-04-15,01:00:52 PM,13:00:00,Hot-Wet,2010-04-15 13:00:00,4
15.53456726,-18.82536621,LA12,2010-04-15,01:20:52 PM,13:20:00,Hot-Wet,2010-04-15 13:20:00,4
15.53373617,-18.8266154,LA12,2010-04-15,01:40:52 PM,13:40:00,Hot-Wet,2010-04-15 13:40:00,4
15.53464355,-18.82808838,LA12,2010-04-15,02:00:52 PM,14:00:00,Hot-Wet,2010-04-15 14:00:00,4
15.53390605,-18.83112183,LA12,2010-04-15,02:20:52 PM,14:20:00,Hot-Wet,2010-04-15 14:20:00,4
15.53313192,-18.83653768,LA12,2010-04-15,02:40:52 PM,14:40:00,Hot-Wet,2010-04-15 14:40:00,4
15.53450826,-18.83762004,LA12,2010-04-15,03:00:52 PM,15:00:00,Hot-Wet,2010-04-15 15:00:00,4
15.53437398,-18.83799642,LA12,2010-04-15,03:20:52 PM,15:20:00,Hot-Wet,2010-04-15 15:20:00,4
15.53470052,-18.83832397,LA12,2010-04-15,03:40:52 PM,15:40:00,Hot-Wet,2010-04-15 15:40:00,4
15.53466899,-18.83863322,LA12,2010-04-15,04:00:52 PM,16:00:00,Hot-Wet,2010-04-15 16:00:00,4
15.53392436,-18.83880005,LA12,2010-04-15,04:20:52 PM,16:20:00,Hot-Wet,2010-04-15 16:20:00,4
15.53274231,-18.83935343,LA12,2010-04-15,04:40:52 PM,16:40:00,Hot-Wet,2010-04-15 16:40:00,4
15.53113708,-18.84065755,LA12,2010-04-15,05:00:52 PM,17:00:00,Hot-Wet,2010-04-15 17:00:00,4
15.52709859,-18.84243164,LA12,2010-04-15,05:20:52 PM,17:20:00,Hot-Wet,2010-04-15 17:20:00,4
15.52353821,-18.84406331,LA12,2010-04-15,05:40:52 PM,17:40:00,Hot-Wet,2010-04-15 17:40:00,4
15.52540995,-18.84388835,LA12,2010-04-15,06:00:52 PM,18:00:00,Hot-Wet,2010-04-15 18:00:00,4
15.52730509,-18.84356486,LA12,2010-04-15,06:20:52 PM,18:20:00,Hot-Wet,2010-04-15 18:20:00,4
15.52812297,-18.84268595,LA12,2010-04-15,06:40:52 PM,18:40:00,Hot-Wet,2010-04-15 18:40:00,4
15.53016663,-18.84227498,LA12,2010-04-15,07:00:52 PM,19:00:00,Hot-Wet,2010-04-15 19:00:00,4
15.53115641,-18.84182332,LA12,2010-04-15,07:20:52 PM,19:20:00,Hot-Wet,2010-04-15 19:20:00,4
15.53203125,-18.84197388,LA12,2010-04-15,07:40:52 PM,19:40:00,Hot-Wet,2010-04-15 19:40:00,4
15.53207499,-18.84198405,LA12,2010-04-15,08:00:52 PM,20:00:00,Hot-Wet,2010-04-15 20:00:00,4
15.53214823,-18.84196981,LA12,2010-04-15,08:20:52 PM,20:20:00,Hot-Wet,2010-04-15 20:20:00,4
15.53299357,-18.84211629,LA12,2010-04-15,08:40:52 PM,20:40:00,Hot-Wet,2010-04-15 20:40:00,4
15.53354696,-18.84191691,LA12,2010-04-15,09:00:52 PM,21:00:00,Hot-Wet,2010-04-15 21:00:00,4
15.53486532,-18.84168701,LA12,2010-04-15,09:20:52 PM,21:20:00,Hot-Wet,2010-04-15 21:20:00,4
15.53601786,-18.84134928,LA12,2010-04-15,09:40:52 PM,21:40:00,Hot-Wet,2010-04-15 21:40:00,4
15.53601583,-18.84136353,LA12,2010-04-15,10:00:52 PM,22:00:00,Hot-Wet,2010-04-15 22:00:00,4
15.53601379,-18.84134928,LA12,2010-04-15,10:20:52 PM,22:20:00,Hot-Wet,2010-04-15 22:20:00,4
15.53601481,-18.84135539,LA12,2010-04-15,10:40:52 PM,22:40:00,Hot-Wet,2010-04-15 22:40:00,4
15.53601786,-18.84138794,LA12,2010-04-15,11:00:52 PM,23:00:00,Hot-Wet,2010-04-15 23:00:00,4
15.53602702,-18.84135335,LA12,2010-04-15,11:20:52 PM,23:20:00,Hot-Wet,2010-04-15 23:20:00,4
15.53605448,-18.84135335,LA12,2010-04-15,11:40:52 PM,23:40:00,Hot-Wet,2010-04-15 23:40:00,4
15.53606669,-18.8413737,LA12,2010-04-16,12:00:52 AM,00:00:00,Hot-Wet,2010-04-16 00:00:00,4
15.53603007,-18.84135946,LA12,2010-04-16,12:20:52 AM,00:20:00,Hot-Wet,2010-04-16 00:20:00,4
15.53615519,-18.84148763,LA12,2010-04-16,12:40:52 AM,00:40:00,Hot-Wet,2010-04-16 00:40:00,4
15.53604431,-18.84136353,LA12,2010-04-16,01:00:52 AM,01:00:00,Hot-Wet,2010-04-16 01:00:00,4
15.5359965,-18.84132284,LA12,2010-04-16,01:20:52 AM,01:20:00,Hot-Wet,2010-04-16 01:20:00,4
15.53602498,-18.84136556,LA12,2010-04-16,01:40:52 AM,01:40:00,Hot-Wet,2010-04-16 01:40:00,4
15.53599548,-18.84135946,LA12,2010-04-16,02:00:52 AM,02:00:00,Hot-Wet,2010-04-16 02:00:00,4
15.53595479,-18.8423645,LA12,2010-04-16,02:20:52 AM,02:20:00,Hot-Wet,2010-04-16 02:20:00,4
15.53591614,-18.84251302,LA12,2010-04-16,02:40:52 AM,02:40:00,Hot-Wet,2010-04-16 02:40:00,4
15.53592936,-18.84250692,LA12,2010-04-16,03:00:52 AM,03:00:00,Hot-Wet,2010-04-16 03:00:00,4
15.5359436,-18.84250895,LA12,2010-04-16,03:20:52 AM,03:20:00,Hot-Wet,2010-04-16 03:20:00,4
15.53595174,-18.84249878,LA12,2010-04-16,03:40:52 AM,03:40:00,Hot-Wet,2010-04-16 03:40:00,4
15.53540955,-18.84335124,LA12,2010-04-16,04:00:52 AM,04:00:00,Hot-Wet,2010-04-16 04:00:00,4
15.53539225,-18.843337,LA12,2010-04-16,04:20:52 AM,04:20:00,Hot-Wet,2010-04-16 04:20:00,4
15.53542074,-18.84335327,LA12,2010-04-16,04:40:52 AM,04:40:00,Hot-Wet,2010-04-16 04:40:00,4
15.53499552,-18.84418132,LA12,2010-04-16,05:00:52 AM,05:00:00,Hot-Wet,2010-04-16 05:00:00,4
15.53531494,-18.84468384,LA12,2010-04-16,05:20:52 AM,05:20:00,Hot-Wet,2010-04-16 05:20:00,4
15.53407084,-18.84411621,LA12,2010-04-16,05:40:52 AM,05:40:00,Hot-Wet,2010-04-16 05:40:00,4
15.53355815,-18.8446106,LA12,2010-04-16,06:00:52 AM,06:00:00,Hot-Wet,2010-04-16 06:00:00,4
15.52700806,-18.84797974,LA12,2010-04-16,06:20:52 AM,06:20:00,Hot-Wet,2010-04-16 06:20:00,4
15.5272054,-18.8493103,LA12,2010-04-16,06:40:52 AM,06:40:00,Hot-Wet,2010-04-16 06:40:00,4
15.52589925,-18.85118408,LA12,2010-04-16,07:00:52 AM,07:00:00,Hot-Wet,2010-04-16 07:00:00,4
15.52575378,-18.85207113,LA12,2010-04-16,07:20:52 AM,07:20:00,Hot-Wet,2010-04-16 07:20:00,4
15.5238973,-18.8526652,LA12,2010-04-16,07:40:52 AM,07:40:00,Hot-Wet,2010-04-16 07:40:00,4
15.51500854,-18.85639852,LA12,2010-04-16,08:00:52 AM,08:00:00,Hot-Wet,2010-04-16 08:00:00,4
15.5130483,-18.85832723,LA12,2010-04-16,08:20:52 AM,08:20:00,Hot-Wet,2010-04-16 08:20:00,4
15.50861816,-18.85747274,LA12,2010-04-16,08:40:52 AM,08:40:00,Hot-Wet,2010-04-16 08:40:00,4
15.50681763,-18.85848185,LA12,2010-04-16,09:00:52 AM,09:00:00,Hot-Wet,2010-04-16 09:00:00,4
15.50572611,-18.85762126,LA12,2010-04-16,09:20:52 AM,09:20:00,Hot-Wet,2010-04-16 09:20:00,4
15.50510152,-18.8583252,LA12,2010-04-16,09:40:52 AM,09:40:00,Hot-Wet,2010-04-16 09:40:00,4
15.50465597,-18.85741577,LA12,2010-04-16,10:00:52 AM,10:00:00,Hot-Wet,2010-04-16 10:00:00,4
15.50429179,-18.85726115,LA12,2010-04-16,10:20:52 AM,10:20:00,Hot-Wet,2010-04-16 10:20:00,4
15.49945679,-18.85652059,LA12,2010-04-16,10:40:52 AM,10:40:00,Hot-Wet,2010-04-16 10:40:00,4
15.49928589,-18.85734456,LA12,2010-04-16,11:00:52 AM,11:00:00,Hot-Wet,2010-04-16 11:00:00,4
15.49882609,-18.85847982,LA12,2010-04-16,11:20:52 AM,11:20:00,Hot-Wet,2010-04-16 11:20:00,4
15.49829814,-18.8591512,LA12,2010-04-16,11:40:52 AM,11:40:00,Hot-Wet,2010-04-16 11:40:00,4
15.49759928,-18.85800578,LA12,2010-04-16,12:00:52 PM,12:00:00,Hot-Wet,2010-04-16 12:00:00,4
15.49554036,-18.85646973,LA12,2010-04-16,12:20:52 PM,12:20:00,Hot-Wet,2010-04-16 12:20:00,4
15.49530334,-18.85540161,LA12,2010-04-16,12:40:52 PM,12:40:00,Hot-Wet,2010-04-16 12:40:00,4
15.49328308,-18.85610148,LA12,2010-04-16,01:00:52 PM,13:00:00,Hot-Wet,2010-04-16 13:00:00,4
15.49120178,-18.8558431,LA12,2010-04-16,01:20:52 PM,13:20:00,Hot-Wet,2010-04-16 13:20:00,4
15.4905426,-18.8553304,LA12,2010-04-16,01:40:52 PM,13:40:00,Hot-Wet,2010-04-16 13:40:00,4
15.48831278,-18.85390828,LA12,2010-04-16,02:00:52 PM,14:00:00,Hot-Wet,2010-04-16 14:00:00,4
15.48714701,-18.85358683,LA12,2010-04-16,02:20:52 PM,14:20:00,Hot-Wet,2010-04-16 14:20:00,4
15.48635661,-18.85563761,LA12,2010-04-16,02:40:52 PM,14:40:00,Hot-Wet,2010-04-16 14:40:00,4
15.48465068,-18.8567688,LA12,2010-04-16,03:00:52 PM,15:00:00,Hot-Wet,2010-04-16 15:00:00,4
15.48548991,-18.85873006,LA12,2010-04-16,03:20:52 PM,15:20:00,Hot-Wet,2010-04-16 15:20:00,4
15.48640035,-18.85959269,LA12,2010-04-16,03:40:52 PM,15:40:00,Hot-Wet,2010-04-16 15:40:00,4
15.48644104,-18.8613973,LA12,2010-04-16,04:00:52 PM,16:00:00,Hot-Wet,2010-04-16 16:00:00,4
15.48694661,-18.86432088,LA12,2010-04-16,04:20:52 PM,16:20:00,Hot-Wet,2010-04-16 16:20:00,4
15.486203,-18.86457723,LA12,2010-04-16,04:40:52 PM,16:40:00,Hot-Wet,2010-04-16 16:40:00,4
15.48679199,-18.86560262,LA12,2010-04-16,05:00:52 PM,17:00:00,Hot-Wet,2010-04-16 17:00:00,4
15.48640035,-18.86676229,LA12,2010-04-16,05:20:52 PM,17:20:00,Hot-Wet,2010-04-16 17:20:00,4
15.48648987,-18.86766357,LA12,2010-04-16,05:40:52 PM,17:40:00,Hot-Wet,2010-04-16 17:40:00,4
15.4862498,-18.86805827,LA12,2010-04-16,06:00:52 PM,18:00:00,Hot-Wet,2010-04-16 18:00:00,4
15.48622538,-18.86878459,LA12,2010-04-16,06:20:52 PM,18:20:00,Hot-Wet,2010-04-16 18:20:00,4
15.48519897,-18.86908569,LA12,2010-04-16,06:40:52 PM,18:40:00,Hot-Wet,2010-04-16 18:40:00,4
15.48351542,-18.86894735,LA12,2010-04-16,07:00:52 PM,19:00:00,Hot-Wet,2010-04-16 19:00:00,4
15.48320821,-18.86918945,LA12,2010-04-16,07:20:52 PM,19:20:00,Hot-Wet,2010-04-16 19:20:00,4
15.48365479,-18.87067464,LA12,2010-04-16,07:40:52 PM,19:40:00,Hot-Wet,2010-04-16 19:40:00,4
15.48274333,-18.87271729,LA12,2010-04-16,08:00:52 PM,20:00:00,Hot-Wet,2010-04-16 20:00:00,4
15.48121643,-18.87513631,LA12,2010-04-16,08:20:52 PM,20:20:00,Hot-Wet,2010-04-16 20:20:00,4
15.48178609,-18.87762044,LA12,2010-04-16,08:40:52 PM,20:40:00,Hot-Wet,2010-04-16 20:40:00,4
15.48166199,-18.87805379,LA12,2010-04-16,09:00:52 PM,21:00:00,Hot-Wet,2010-04-16 21:00:00,4
15.48138631,-18.87855428,LA12,2010-04-16,09:20:52 PM,21:20:00,Hot-Wet,2010-04-16 21:20:00,4
15.48068542,-18.87948201,LA12,2010-04-16,09:40:52 PM,21:40:00,Hot-Wet,2010-04-16 21:40:00,4
15.48028463,-18.88035685,LA12,2010-04-16,10:00:52 PM,22:00:00,Hot-Wet,2010-04-16 22:00:00,4
15.48029175,-18.88036296,LA12,2010-04-16,10:20:52 PM,22:20:00,Hot-Wet,2010-04-16 22:20:00,4
15.48031209,-18.88035075,LA12,2010-04-16,10:40:52 PM,22:40:00,Hot-Wet,2010-04-16 22:40:00,4
15.48029073,-18.8803833,LA12,2010-04-16,11:00:52 PM,23:00:00,Hot-Wet,2010-04-16 23:00:00,4
15.4802948,-18.88035889,LA12,2010-04-16,11:20:52 PM,23:20:00,Hot-Wet,2010-04-16 23:20:00,4
15.48030497,-18.88036296,LA12,2010-04-16,11:40:52 PM,23:40:00,Hot-Wet,2010-04-16 23:40:00,4
15.4802948,-18.88036092,LA12,2010-04-17,12:00:52 AM,00:00:00,Hot-Wet,2010-04-17 00:00:00,4
15.48043111,-18.88053589,LA12,2010-04-17,12:20:53 AM,00:20:00,Hot-Wet,2010-04-17 00:20:00,4
15.4805542,-18.88145142,LA12,2010-04-17,12:40:52 AM,00:40:00,Hot-Wet,2010-04-17 00:40:00,4
15.48083191,-18.88260295,LA12,2010-04-17,01:00:52 AM,01:00:00,Hot-Wet,2010-04-17 01:00:00,4
15.4808075,-18.88260701,LA12,2010-04-17,01:20:52 AM,01:20:00,Hot-Wet,2010-04-17 01:20:00,4
15.48079834,-18.88260701,LA12,2010-04-17,01:40:52 AM,01:40:00,Hot-Wet,2010-04-17 01:40:00,4
15.48081563,-18.88258057,LA12,2010-04-17,02:00:52 AM,02:00:00,Hot-Wet,2010-04-17 02:00:00,4
15.48019002,-18.88292033,LA12,2010-04-17,02:20:52 AM,02:20:00,Hot-Wet,2010-04-17 02:20:00,4
15.48010864,-18.88289998,LA12,2010-04-17,02:40:52 AM,02:40:00,Hot-Wet,2010-04-17 02:40:00,4
15.48007609,-18.88292033,LA12,2010-04-17,03:00:52 AM,03:00:00,Hot-Wet,2010-04-17 03:00:00,4
15.48012492,-18.88291829,LA12,2010-04-17,03:20:52 AM,03:20:00,Hot-Wet,2010-04-17 03:20:00,4
15.48009644,-18.88290812,LA12,2010-04-17,03:40:52 AM,03:40:00,Hot-Wet,2010-04-17 03:40:00,4
15.47998352,-18.88305257,LA12,2010-04-17,04:00:52 AM,04:00:00,Hot-Wet,2010-04-17 04:00:00,4
15.47943624,-18.88379313,LA12,2010-04-17,04:20:52 AM,04:20:00,Hot-Wet,2010-04-17 04:20:00,4
15.47759705,-18.88370361,LA12,2010-04-17,04:40:52 AM,04:40:00,Hot-Wet,2010-04-17 04:40:00,4
15.47734578,-18.88362834,LA12,2010-04-17,05:00:52 AM,05:00:00,Hot-Wet,2010-04-17 05:00:00,4
15.47682699,-18.88402303,LA12,2010-04-17,05:20:52 AM,05:20:00,Hot-Wet,2010-04-17 05:20:00,4
15.47551778,-18.88426717,LA12,2010-04-17,05:40:52 AM,05:40:00,Hot-Wet,2010-04-17 05:40:00,4
15.47494812,-18.88496094,LA12,2010-04-17,06:00:52 AM,06:00:00,Hot-Wet,2010-04-17 06:00:00,4
15.47471822,-18.88609212,LA12,2010-04-17,06:20:52 AM,06:20:00,Hot-Wet,2010-04-17 06:20:00,4
15.47392985,-18.8867391,LA12,2010-04-17,06:40:52 AM,06:40:00,Hot-Wet,2010-04-17 06:40:00,4
15.47226969,-18.88760579,LA12,2010-04-17,07:00:52 AM,07:00:00,Hot-Wet,2010-04-17 07:00:00,4
15.47035929,-18.88881632,LA12,2010-04-17,07:20:52 AM,07:20:00,Hot-Wet,2010-04-17 07:20:00,4
15.46770528,-18.89090169,LA12,2010-04-17,07:40:52 AM,07:40:00,Hot-Wet,2010-04-17 07:40:00,4
15.46758321,-18.89092204,LA12,2010-04-17,08:00:52 AM,08:00:00,Hot-Wet,2010-04-17 08:00:00,4
15.46702677,-18.89197184,LA12,2010-04-17,08:20:52 AM,08:20:00,Hot-Wet,2010-04-17 08:20:00,4
15.46721293,-18.89406331,LA12,2010-04-17,08:40:52 AM,08:40:00,Hot-Wet,2010-04-17 08:40:00,4
15.46833394,-18.89868571,LA12,2010-04-17,09:00:52 AM,09:00:00,Hot-Wet,2010-04-17 09:00:00,4
15.46870931,-18.89888306,LA12,2010-04-17,09:20:52 AM,09:20:00,Hot-Wet,2010-04-17 09:20:00,4
15.46949361,-18.89911499,LA12,2010-04-17,09:40:52 AM,09:40:00,Hot-Wet,2010-04-17 09:40:00,4
15.46933594,-18.89911702,LA12,2010-04-17,10:00:52 AM,10:00:00,Hot-Wet,2010-04-17 10:00:00,4
15.46933899,-18.89911092,LA12,2010-04-17,10:20:52 AM,10:20:00,Hot-Wet,2010-04-17 10:20:00,4
15.4693512,-18.89912923,LA12,2010-04-17,10:40:52 AM,10:40:00,Hot-Wet,2010-04-17 10:40:00,4
15.46857096,-18.89910075,LA12,2010-04-17,11:00:52 AM,11:00:00,Hot-Wet,2010-04-17 11:00:00,4
15.46791585,-18.89887288,LA12,2010-04-17,11:20:52 AM,11:20:00,Hot-Wet,2010-04-17 11:20:00,4
15.4641449,-18.90007121,LA12,2010-04-17,11:40:52 AM,11:40:00,Hot-Wet,2010-04-17 11:40:00,4
15.46028239,-18.90406494,LA12,2010-04-17,12:00:52 PM,12:00:00,Hot-Wet,2010-04-17 12:00:00,4
15.45619405,-18.90676066,LA12,2010-04-17,12:20:52 PM,12:20:00,Hot-Wet,2010-04-17 12:20:00,4
15.45157064,-18.91062826,LA12,2010-04-17,12:40:52 PM,12:40:00,Hot-Wet,2010-04-17 12:40:00,4
15.44624736,-18.91382039,LA12,2010-04-17,01:00:52 PM,13:00:00,Hot-Wet,2010-04-17 13:00:00,4
15.44300334,-18.91438192,LA12,2010-04-17,01:20:52 PM,13:20:00,Hot-Wet,2010-04-17 13:20:00,4
15.43950907,-18.91436157,LA12,2010-04-17,01:40:52 PM,13:40:00,Hot-Wet,2010-04-17 13:40:00,4
15.43168437,-18.91536865,LA12,2010-04-17,02:00:52 PM,14:00:00,Hot-Wet,2010-04-17 14:00:00,4
15.43103943,-18.91605428,LA12,2010-04-17,02:20:52 PM,14:20:00,Hot-Wet,2010-04-17 14:20:00,4
15.42847188,-18.92050374,LA12,2010-04-17,02:40:52 PM,14:40:00,Hot-Wet,2010-04-17 14:40:00,4
15.42654012,-18.92611491,LA12,2010-04-17,03:00:52 PM,15:00:00,Hot-Wet,2010-04-17 15:00:00,4
15.4219279,-18.9343221,LA12,2010-04-17,03:20:52 PM,15:20:00,Hot-Wet,2010-04-17 15:20:00,4
15.41949972,-18.94078979,LA12,2010-04-17,03:40:52 PM,15:40:00,Hot-Wet,2010-04-17 15:40:00,4
15.4188151,-18.94883016,LA12,2010-04-17,04:00:52 PM,16:00:00,Hot-Wet,2010-04-17 16:00:00,4
15.4186086,-18.95690511,LA12,2010-04-17,04:20:52 PM,16:20:00,Hot-Wet,2010-04-17 16:20:00,4
15.41615295,-18.96435343,LA12,2010-04-17,04:40:52 PM,16:40:00,Hot-Wet,2010-04-17 16:40:00,4
15.41187541,-18.97177327,LA12,2010-04-17,05:00:52 PM,17:00:00,Hot-Wet,2010-04-17 17:00:00,4
15.40877279,-18.98122152,LA12,2010-04-17,05:20:52 PM,17:20:00,Hot-Wet,2010-04-17 17:20:00,4
15.40157979,-18.98346761,LA12,2010-04-17,05:40:52 PM,17:40:00,Hot-Wet,2010-04-17 17:40:00,4
15.39475098,-18.98379517,LA12,2010-04-17,06:00:52 PM,18:00:00,Hot-Wet,2010-04-17 18:00:00,4
15.38871155,-18.98362834,LA12,2010-04-17,06:20:52 PM,18:20:00,Hot-Wet,2010-04-17 18:20:00,4
15.38735352,-18.98346151,LA12,2010-04-17,06:40:52 PM,18:40:00,Hot-Wet,2010-04-17 18:40:00,4
15.38347168,-18.98424479,LA12,2010-04-17,07:00:52 PM,19:00:00,Hot-Wet,2010-04-17 19:00:00,4
15.37631531,-18.98724162,LA12,2010-04-17,07:20:52 PM,19:20:00,Hot-Wet,2010-04-17 19:20:00,4
15.37190043,-18.98856405,LA12,2010-04-17,07:40:52 PM,19:40:00,Hot-Wet,2010-04-17 19:40:00,4
15.36497294,-18.99483032,LA12,2010-04-17,08:00:52 PM,20:00:00,Hot-Wet,2010-04-17 20:00:00,4
15.35859375,-19.00175781,LA12,2010-04-17,08:20:52 PM,20:20:00,Hot-Wet,2010-04-17 20:20:00,4
15.35594788,-19.00362752,LA12,2010-04-17,08:40:52 PM,20:40:00,Hot-Wet,2010-04-17 20:40:00,4
15.35416667,-19.00460409,LA12,2010-04-17,09:00:52 PM,21:00:00,Hot-Wet,2010-04-17 21:00:00,4
15.35345154,-19.0059611,LA12,2010-04-17,09:20:52 PM,21:20:00,Hot-Wet,2010-04-17 21:20:00,4
15.35215861,-19.00698853,LA12,2010-04-17,09:40:52 PM,21:40:00,Hot-Wet,2010-04-17 21:40:00,4
15.35165507,-19.00649821,LA12,2010-04-17,10:00:52 PM,22:00:00,Hot-Wet,2010-04-17 22:00:00,4
15.3515035,-19.00586344,LA12,2010-04-17,10:20:52 PM,22:20:00,Hot-Wet,2010-04-17 22:20:00,4
15.35246785,-19.00563354,LA12,2010-04-17,10:40:52 PM,22:40:00,Hot-Wet,2010-04-17 22:40:00,4
15.35230204,-19.00506592,LA12,2010-04-17,11:00:52 PM,23:00:00,Hot-Wet,2010-04-17 23:00:00,4
15.35174662,-19.00475871,LA12,2010-04-17,11:20:52 PM,23:20:00,Hot-Wet,2010-04-17 23:20:00,4
15.34792277,-19.00498657,LA12,2010-04-17,11:40:52 PM,23:40:00,Hot-Wet,2010-04-17 23:40:00,4
15.34487305,-19.00615438,LA12,2010-04-18,12:00:52 AM,00:00:00,Hot-Wet,2010-04-18 00:00:00,4
15.34310506,-19.00737508,LA12,2010-04-18,12:20:53 AM,00:20:00,Hot-Wet,2010-04-18 00:20:00,4
15.34204814,-19.00882772,LA12,2010-04-18,12:40:52 AM,00:40:00,Hot-Wet,2010-04-18 00:40:00,4
15.33892517,-19.01028849,LA12,2010-04-18,01:00:52 AM,01:00:00,Hot-Wet,2010-04-18 01:00:00,4
15.33742269,-19.009611,LA12,2010-04-18,01:20:52 AM,01:20:00,Hot-Wet,2010-04-18 01:20:00,4
15.33742269,-19.00962118,LA12,2010-04-18,01:40:52 AM,01:40:00,Hot-Wet,2010-04-18 01:40:00,4
15.33742676,-19.00960897,LA12,2010-04-18,02:00:52 AM,02:00:00,Hot-Wet,2010-04-18 02:00:00,4
15.33743795,-19.00960083,LA12,2010-04-18,02:20:52 AM,02:20:00,Hot-Wet,2010-04-18 02:20:00,4
15.33745829,-19.00962524,LA12,2010-04-18,02:40:52 AM,02:40:00,Hot-Wet,2010-04-18 02:40:00,4
15.33744405,-19.00959473,LA12,2010-04-18,03:00:52 AM,03:00:00,Hot-Wet,2010-04-18 03:00:00,4
15.33743591,-19.00959269,LA12,2010-04-18,03:20:52 AM,03:20:00,Hot-Wet,2010-04-18 03:20:00,4
15.33744507,-19.00956217,LA12,2010-04-18,03:40:52 AM,03:40:00,Hot-Wet,2010-04-18 03:40:00,4
15.33612671,-19.00948893,LA12,2010-04-18,04:00:52 AM,04:00:00,Hot-Wet,2010-04-18 04:00:00,4
15.33611959,-19.00951742,LA12,2010-04-18,04:20:52 AM,04:20:00,Hot-Wet,2010-04-18 04:20:00,4
15.33616333,-19.00951742,LA12,2010-04-18,04:40:52 AM,04:40:00,Hot-Wet,2010-04-18 04:40:00,4
15.33394572,-19.00950521,LA12,2010-04-18,05:00:52 AM,05:00:00,Hot-Wet,2010-04-18 05:00:00,4
15.32952677,-19.00832113,LA12,2010-04-18,05:20:52 AM,05:20:00,Hot-Wet,2010-04-18 05:20:00,4
15.32599386,-19.00783488,LA12,2010-04-18,05:40:52 AM,05:40:00,Hot-Wet,2010-04-18 05:40:00,4
15.32201538,-19.00640259,LA12,2010-04-18,06:00:52 AM,06:00:00,Hot-Wet,2010-04-18 06:00:00,4
15.32062276,-19.00764364,LA12,2010-04-18,06:20:52 AM,06:20:00,Hot-Wet,2010-04-18 06:20:00,4
15.32053019,-19.00856934,LA12,2010-04-18,06:40:52 AM,06:40:00,Hot-Wet,2010-04-18 06:40:00,4
15.31908061,-19.00845947,LA12,2010-04-18,07:00:52 AM,07:00:00,Hot-Wet,2010-04-18 07:00:00,4
15.31952311,-19.00818075,LA12,2010-04-18,07:20:52 AM,07:20:00,Hot-Wet,2010-04-18 07:20:00,4
15.32165731,-19.00914307,LA12,2010-04-18,07:40:52 AM,07:40:00,Hot-Wet,2010-04-18 07:40:00,4
15.32191874,-19.01045939,LA12,2010-04-18,08:00:52 AM,08:00:00,Hot-Wet,2010-04-18 08:00:00,4
15.32236837,-19.01140747,LA12,2010-04-18,08:20:52 AM,08:20:00,Hot-Wet,2010-04-18 08:20:00,4
15.32120667,-19.01188558,LA12,2010-04-18,08:40:52 AM,08:40:00,Hot-Wet,2010-04-18 08:40:00,4
15.31956991,-19.0132487,LA12,2010-04-18,09:00:52 AM,09:00:00,Hot-Wet,2010-04-18 09:00:00,4
15.31691488,-19.01472982,LA12,2010-04-18,09:20:52 AM,09:20:00,Hot-Wet,2010-04-18 09:20:00,4
15.31695455,-19.01388346,LA12,2010-04-18,09:40:52 AM,09:40:00,Hot-Wet,2010-04-18 09:40:00,4
15.31662699,-19.01224976,LA12,2010-04-18,10:00:52 AM,10:00:00,Hot-Wet,2010-04-18 10:00:00,4
15.31759033,-19.01098633,LA12,2010-04-18,10:20:52 AM,10:20:00,Hot-Wet,2010-04-18 10:20:00,4
15.31748657,-19.00959066,LA12,2010-04-18,10:40:52 AM,10:40:00,Hot-Wet,2010-04-18 10:40:00,4
15.31815592,-19.00791016,LA12,2010-04-18,11:00:52 AM,11:00:00,Hot-Wet,2010-04-18 11:00:00,4
15.32022807,-19.00684001,LA12,2010-04-18,11:20:52 AM,11:20:00,Hot-Wet,2010-04-18 11:20:00,4
15.31997172,-19.00697835,LA12,2010-04-18,11:40:52 AM,11:40:00,Hot-Wet,2010-04-18 11:40:00,4
15.31995036,-19.00677897,LA12,2010-04-18,12:00:52 PM,12:00:00,Hot-Wet,2010-04-18 12:00:00,4
15.31928202,-19.00799967,LA12,2010-04-18,12:20:52 PM,12:20:00,Hot-Wet,2010-04-18 12:20:00,4
15.31887716,-19.01058757,LA12,2010-04-18,12:40:52 PM,12:40:00,Hot-Wet,2010-04-18 12:40:00,4
15.31848348,-19.0133138,LA12,2010-04-18,01:00:52 PM,13:00:00,Hot-Wet,2010-04-18 13:00:00,4
15.31696676,-19.01508789,LA12,2010-04-18,01:20:52 PM,13:20:00,Hot-Wet,2010-04-18 13:20:00,4
15.31682739,-19.01623739,LA12,2010-04-18,01:40:52 PM,13:40:00,Hot-Wet,2010-04-18 13:40:00,4
15.31641642,-19.0171875,LA12,2010-04-18,02:00:52 PM,14:00:00,Hot-Wet,2010-04-18 14:00:00,4
15.31747233,-19.01814168,LA12,2010-04-18,02:20:52 PM,14:20:00,Hot-Wet,2010-04-18 14:20:00,4
15.317276,-19.01845907,LA12,2010-04-18,02:40:52 PM,14:40:00,Hot-Wet,2010-04-18 14:40:00,4
15.31799825,-19.01877035,LA12,2010-04-18,03:00:52 PM,15:00:00,Hot-Wet,2010-04-18 15:00:00,4
15.3190155,-19.02032674,LA12,2010-04-18,03:20:52 PM,15:20:00,Hot-Wet,2010-04-18 15:20:00,4
15.31887614,-19.02131958,LA12,2010-04-18,03:40:52 PM,15:40:00,Hot-Wet,2010-04-18 15:40:00,4
15.31738078,-19.02186076,LA12,2010-04-18,04:00:52 PM,16:00:00,Hot-Wet,2010-04-18 16:00:00,4
15.31646118,-19.02152913,LA12,2010-04-18,04:20:52 PM,16:20:00,Hot-Wet,2010-04-18 16:20:00,4
15.31743469,-19.02325439,LA12,2010-04-18,04:40:52 PM,16:40:00,Hot-Wet,2010-04-18 16:40:00,4
15.31917623,-19.02505493,LA12,2010-04-18,05:00:52 PM,17:00:00,Hot-Wet,2010-04-18 17:00:00,4
15.32018738,-19.02519328,LA12,2010-04-18,05:20:52 PM,17:20:00,Hot-Wet,2010-04-18 17:20:00,4
15.32130432,-19.02395833,LA12,2010-04-18,05:40:52 PM,17:40:00,Hot-Wet,2010-04-18 17:40:00,4
15.3250885,-19.02397664,LA12,2010-04-18,06:00:52 PM,18:00:00,Hot-Wet,2010-04-18 18:00:00,4
15.32510885,-19.02398071,LA12,2010-04-18,06:20:52 PM,18:20:00,Hot-Wet,2010-04-18 18:20:00,4
15.32668864,-19.02319743,LA12,2010-04-18,06:40:52 PM,18:40:00,Hot-Wet,2010-04-18 18:40:00,4
15.32836812,-19.0227417,LA12,2010-04-18,07:00:52 PM,19:00:00,Hot-Wet,2010-04-18 19:00:00,4
15.33008626,-19.02207235,LA12,2010-04-18,07:20:52 PM,19:20:00,Hot-Wet,2010-04-18 19:20:00,4
15.33260498,-19.02113037,LA12,2010-04-18,07:40:52 PM,19:40:00,Hot-Wet,2010-04-18 19:40:00,4
15.33362223,-19.01988729,LA12,2010-04-18,08:00:52 PM,20:00:00,Hot-Wet,2010-04-18 20:00:00,4
15.33542175,-19.01917725,LA12,2010-04-18,08:20:52 PM,20:20:00,Hot-Wet,2010-04-18 20:20:00,4
15.33486226,-19.01750285,LA12,2010-04-18,08:40:52 PM,20:40:00,Hot-Wet,2010-04-18 20:40:00,4
15.33438822,-19.0178304,LA12,2010-04-18,09:00:52 PM,21:00:00,Hot-Wet,2010-04-18 21:00:00,4
15.33448181,-19.0166626,LA12,2010-04-18,09:20:52 PM,21:20:00,Hot-Wet,2010-04-18 21:20:00,4
15.33497823,-19.01646118,LA12,2010-04-18,09:40:52 PM,21:40:00,Hot-Wet,2010-04-18 21:40:00,4
15.3350118,-19.0163798,LA12,2010-04-18,10:00:52 PM,22:00:00,Hot-Wet,2010-04-18 22:00:00,4
15.33498027,-19.01650798,LA12,2010-04-18,10:20:52 PM,22:20:00,Hot-Wet,2010-04-18 22:20:00,4
15.33495687,-19.01651815,LA12,2010-04-18,10:40:52 PM,22:40:00,Hot-Wet,2010-04-18 22:40:00,4
15.33495789,-19.01651815,LA12,2010-04-18,11:00:52 PM,23:00:00,Hot-Wet,2010-04-18 23:00:00,4
15.33496602,-19.01650798,LA12,2010-04-18,11:20:52 PM,23:20:00,Hot-Wet,2010-04-18 23:20:00,4
15.33494364,-19.01656494,LA12,2010-04-18,11:40:52 PM,23:40:00,Hot-Wet,2010-04-18 23:40:00,4
15.33529561,-19.01628011,LA12,2010-04-19,12:00:52 AM,00:00:00,Hot-Wet,2010-04-19 00:00:00,4
15.33498433,-19.01560262,LA12,2010-04-19,12:20:53 AM,00:20:00,Hot-Wet,2010-04-19 00:20:00,4
15.33494059,-19.01408285,LA12,2010-04-19,12:40:52 AM,00:40:00,Hot-Wet,2010-04-19 00:40:00,4
15.3349467,-19.0132019,LA12,2010-04-19,01:00:52 AM,01:00:00,Hot-Wet,2010-04-19 01:00:00,4
15.33165995,-19.01217448,LA12,2010-04-19,01:20:52 AM,01:20:00,Hot-Wet,2010-04-19 01:20:00,4
15.33094788,-19.01194051,LA12,2010-04-19,01:40:52 AM,01:40:00,Hot-Wet,2010-04-19 01:40:00,4
15.33097331,-19.01196899,LA12,2010-04-19,02:00:52 AM,02:00:00,Hot-Wet,2010-04-19 02:00:00,4
15.33076477,-19.01254476,LA12,2010-04-19,02:20:52 AM,02:20:00,Hot-Wet,2010-04-19 02:20:00,4
15.33063354,-19.012913,LA12,2010-04-19,02:40:52 AM,02:40:00,Hot-Wet,2010-04-19 02:40:00,4
15.33059489,-19.01286825,LA12,2010-04-19,03:00:52 AM,03:00:00,Hot-Wet,2010-04-19 03:00:00,4
15.33063965,-19.01288859,LA12,2010-04-19,03:20:52 AM,03:20:00,Hot-Wet,2010-04-19 03:20:00,4
15.33061523,-19.01282145,LA12,2010-04-19,03:41:54 AM,03:41:00,Hot-Wet,2010-04-19 03:41:00,4
15.33056234,-19.01292318,LA12,2010-04-19,04:00:52 AM,04:00:00,Hot-Wet,2010-04-19 04:00:00,4
15.33036804,-19.01335246,LA12,2010-04-19,04:20:52 AM,04:20:00,Hot-Wet,2010-04-19 04:20:00,4
15.33031921,-19.01339315,LA12,2010-04-19,04:40:52 AM,04:40:00,Hot-Wet,2010-04-19 04:40:00,4
15.32887777,-19.01329549,LA12,2010-04-19,05:00:52 AM,05:00:00,Hot-Wet,2010-04-19 05:00:00,4
15.32637227,-19.01282959,LA12,2010-04-19,05:20:52 AM,05:20:00,Hot-Wet,2010-04-19 05:20:00,4
15.32318319,-19.0138265,LA12,2010-04-19,05:40:52 AM,05:40:00,Hot-Wet,2010-04-19 05:40:00,4
15.32081299,-19.01385498,LA12,2010-04-19,06:00:52 AM,06:00:00,Hot-Wet,2010-04-19 06:00:00,4
15.3191213,-19.01610311,LA12,2010-04-19,06:20:52 AM,06:20:00,Hot-Wet,2010-04-19 06:20:00,4
15.31738892,-19.01831055,LA12,2010-04-19,06:40:52 AM,06:40:00,Hot-Wet,2010-04-19 06:40:00,4
15.31653035,-19.02042643,LA12,2010-04-19,07:00:52 AM,07:00:00,Hot-Wet,2010-04-19 07:00:00,4
15.31278076,-19.02014567,LA12,2010-04-19,07:20:52 AM,07:20:00,Hot-Wet,2010-04-19 07:20:00,4
15.31152852,-19.01586507,LA12,2010-04-19,07:40:52 AM,07:40:00,Hot-Wet,2010-04-19 07:40:00,4
15.31168925,-19.01290894,LA12,2010-04-19,08:00:52 AM,08:00:00,Hot-Wet,2010-04-19 08:00:00,4
15.31189473,-19.01065267,LA12,2010-04-19,08:20:52 AM,08:20:00,Hot-Wet,2010-04-19 08:20:00,4
15.3128245,-19.00836995,LA12,2010-04-19,08:40:52 AM,08:40:00,Hot-Wet,2010-04-19 08:40:00,4
15.31329244,-19.00734456,LA12,2010-04-19,09:00:52 AM,09:00:00,Hot-Wet,2010-04-19 09:00:00,4
15.31576945,-19.00681356,LA12,2010-04-19,09:20:52 AM,09:20:00,Hot-Wet,2010-04-19 09:20:00,4
15.32022095,-19.00679932,LA12,2010-04-19,09:40:52 AM,09:40:00,Hot-Wet,2010-04-19 09:40:00,4
15.32017619,-19.00694173,LA12,2010-04-19,10:00:52 AM,10:00:00,Hot-Wet,2010-04-19 10:00:00,4
15.32071838,-19.00617269,LA12,2010-04-19,10:20:52 AM,10:20:00,Hot-Wet,2010-04-19 10:20:00,4
15.32153625,-19.00424194,LA12,2010-04-19,10:40:52 AM,10:40:00,Hot-Wet,2010-04-19 10:40:00,4
15.32236532,-19.00440877,LA12,2010-04-19,11:00:52 AM,11:00:00,Hot-Wet,2010-04-19 11:00:00,4
15.32309774,-19.00184123,LA12,2010-04-19,11:20:52 AM,11:20:00,Hot-Wet,2010-04-19 11:20:00,4
15.3247996,-19.00057373,LA12,2010-04-19,11:40:52 AM,11:40:00,Hot-Wet,2010-04-19 11:40:00,4
15.32567546,-18.99960734,LA12,2010-04-19,12:00:52 PM,12:00:00,Hot-Wet,2010-04-19 12:00:00,4
15.32520447,-18.99956055,LA12,2010-04-19,12:20:52 PM,12:20:00,Hot-Wet,2010-04-19 12:20:00,4
15.32328084,-18.99762777,LA12,2010-04-19,12:40:52 PM,12:40:00,Hot-Wet,2010-04-19 12:40:00,4
15.32157186,-18.99661865,LA12,2010-04-19,01:00:52 PM,13:00:00,Hot-Wet,2010-04-19 13:00:00,4
15.32137655,-18.99644165,LA12,2010-04-19,01:20:52 PM,13:20:00,Hot-Wet,2010-04-19 13:20:00,4
15.32082214,-18.99590047,LA12,2010-04-19,01:40:52 PM,13:40:00,Hot-Wet,2010-04-19 13:40:00,4
15.32104696,-18.99596558,LA12,2010-04-19,02:00:52 PM,14:00:00,Hot-Wet,2010-04-19 14:00:00,4
15.32125448,-18.99650065,LA12,2010-04-19,02:20:52 PM,14:20:00,Hot-Wet,2010-04-19 14:20:00,4
15.32168884,-18.99665731,LA12,2010-04-19,02:40:52 PM,14:40:00,Hot-Wet,2010-04-19 14:40:00,4
15.32243144,-18.99638875,LA12,2010-04-19,03:00:52 PM,15:00:00,Hot-Wet,2010-04-19 15:00:00,4
15.32388407,-18.99561564,LA12,2010-04-19,03:20:52 PM,15:20:00,Hot-Wet,2010-04-19 15:20:00,4
15.32457987,-18.99382731,LA12,2010-04-19,03:40:52 PM,15:40:00,Hot-Wet,2010-04-19 15:40:00,4
15.32563273,-18.99332886,LA12,2010-04-19,04:00:52 PM,16:00:00,Hot-Wet,2010-04-19 16:00:00,4
15.32819519,-18.99529215,LA12,2010-04-19,04:20:52 PM,16:20:00,Hot-Wet,2010-04-19 16:20:00,4
15.32841492,-18.99550374,LA12,2010-04-19,04:40:52 PM,16:40:00,Hot-Wet,2010-04-19 16:40:00,4
15.32890828,-18.99607544,LA12,2010-04-19,05:00:52 PM,17:00:00,Hot-Wet,2010-04-19 17:00:00,4
15.33187459,-18.99825033,LA12,2010-04-19,05:20:52 PM,17:20:00,Hot-Wet,2010-04-19 17:20:00,4
15.33320516,-18.99832764,LA12,2010-04-19,05:40:52 PM,17:40:00,Hot-Wet,2010-04-19 17:40:00,4
15.33338114,-18.99865926,LA12,2010-04-19,06:00:52 PM,18:00:00,Hot-Wet,2010-04-19 18:00:00,4
15.33361003,-18.99969279,LA12,2010-04-19,06:20:52 PM,18:20:00,Hot-Wet,2010-04-19 18:20:00,4
15.33435771,-18.99822795,LA12,2010-04-19,06:40:52 PM,18:40:00,Hot-Wet,2010-04-19 18:40:00,4
15.33747355,-18.99881185,LA12,2010-04-19,07:00:52 PM,19:00:00,Hot-Wet,2010-04-19 19:00:00,4
15.33555603,-18.99691569,LA12,2010-04-19,07:20:52 PM,19:20:00,Hot-Wet,2010-04-19 19:20:00,4
15.33372803,-18.99493815,LA12,2010-04-19,07:40:52 PM,19:40:00,Hot-Wet,2010-04-19 19:40:00,4
15.33086243,-18.99382528,LA12,2010-04-19,08:00:52 PM,20:00:00,Hot-Wet,2010-04-19 20:00:00,4
15.32916565,-18.99321899,LA12,2010-04-19,08:20:52 PM,20:20:00,Hot-Wet,2010-04-19 20:20:00,4
15.32669373,-18.9922994,LA12,2010-04-19,08:40:52 PM,20:40:00,Hot-Wet,2010-04-19 20:40:00,4
15.3258667,-18.9917216,LA12,2010-04-19,09:00:52 PM,21:00:00,Hot-Wet,2010-04-19 21:00:00,4
15.32237142,-18.99094035,LA12,2010-04-19,09:20:52 PM,21:20:00,Hot-Wet,2010-04-19 21:20:00,4
15.31975911,-18.98735148,LA12,2010-04-19,09:40:52 PM,21:40:00,Hot-Wet,2010-04-19 21:40:00,4
15.31772359,-18.98613078,LA12,2010-04-19,10:00:52 PM,22:00:00,Hot-Wet,2010-04-19 22:00:00,4
15.3169637,-18.98520915,LA12,2010-04-19,10:20:52 PM,22:20:00,Hot-Wet,2010-04-19 22:20:00,4
15.31749674,-18.98477987,LA12,2010-04-19,10:40:52 PM,22:40:00,Hot-Wet,2010-04-19 22:40:00,4
15.31727702,-18.98444621,LA12,2010-04-19,11:00:52 PM,23:00:00,Hot-Wet,2010-04-19 23:00:00,4
15.31680908,-18.98423055,LA12,2010-04-19,11:20:52 PM,23:20:00,Hot-Wet,2010-04-19 23:20:00,4
15.31767985,-18.98331502,LA12,2010-04-19,11:40:52 PM,23:40:00,Hot-Wet,2010-04-19 23:40:00,4
15.31958313,-18.97962443,LA12,2010-04-20,12:00:52 AM,00:00:00,Hot-Wet,2010-04-20 00:00:00,4
15.3197347,-18.97943319,LA12,2010-04-20,12:20:53 AM,00:20:00,Hot-Wet,2010-04-20 00:20:00,4
15.32201436,-18.97822062,LA12,2010-04-20,12:40:52 AM,00:40:00,Hot-Wet,2010-04-20 00:40:00,4
15.32203979,-18.97823283,LA12,2010-04-20,01:00:52 AM,01:00:00,Hot-Wet,2010-04-20 01:00:00,4
15.32200724,-18.97822062,LA12,2010-04-20,01:20:58 AM,01:20:00,Hot-Wet,2010-04-20 01:20:00,4
15.32203776,-18.97825521,LA12,2010-04-20,01:40:52 AM,01:40:00,Hot-Wet,2010-04-20 01:40:00,4
15.32202657,-18.97826742,LA12,2010-04-20,02:00:52 AM,02:00:00,Hot-Wet,2010-04-20 02:00:00,4
15.32204793,-18.97827759,LA12,2010-04-20,02:20:52 AM,02:20:00,Hot-Wet,2010-04-20 02:20:00,4
15.32204386,-18.97827352,LA12,2010-04-20,02:40:52 AM,02:40:00,Hot-Wet,2010-04-20 02:40:00,4
15.32204997,-18.9782491,LA12,2010-04-20,03:00:52 AM,03:00:00,Hot-Wet,2010-04-20 03:00:00,4
15.32205404,-18.978243,LA12,2010-04-20,03:20:52 AM,03:20:00,Hot-Wet,2010-04-20 03:20:00,4
15.32203369,-18.97825317,LA12,2010-04-20,03:40:52 AM,03:40:00,Hot-Wet,2010-04-20 03:40:00,4
15.32204793,-18.97825317,LA12,2010-04-20,04:00:52 AM,04:00:00,Hot-Wet,2010-04-20 04:00:00,4
15.32271627,-18.97828166,LA12,2010-04-20,04:20:52 AM,04:20:00,Hot-Wet,2010-04-20 04:20:00,4
15.32273661,-18.9782959,LA12,2010-04-20,04:40:52 AM,04:40:00,Hot-Wet,2010-04-20 04:40:00,4
15.32269796,-18.97832438,LA12,2010-04-20,05:00:52 AM,05:00:00,Hot-Wet,2010-04-20 05:00:00,4
15.3218984,-18.97689819,LA12,2010-04-20,05:20:52 AM,05:20:00,Hot-Wet,2010-04-20 05:20:00,4
15.32182719,-18.97437337,LA12,2010-04-20,05:40:52 AM,05:40:00,Hot-Wet,2010-04-20 05:40:00,4
15.31880188,-18.97842204,LA12,2010-04-20,06:00:52 AM,06:00:00,Hot-Wet,2010-04-20 06:00:00,4
15.31611633,-18.98038534,LA12,2010-04-20,06:20:52 AM,06:20:00,Hot-Wet,2010-04-20 06:20:00,4
15.31555481,-18.9837443,LA12,2010-04-20,06:40:52 AM,06:40:00,Hot-Wet,2010-04-20 06:40:00,4
15.31604207,-18.98425496,LA12,2010-04-20,07:00:52 AM,07:00:00,Hot-Wet,2010-04-20 07:00:00,4
15.31569214,-18.98528646,LA12,2010-04-20,07:20:52 AM,07:20:00,Hot-Wet,2010-04-20 07:20:00,4
15.31701457,-18.98997192,LA12,2010-04-20,07:40:52 AM,07:40:00,Hot-Wet,2010-04-20 07:40:00,4
15.31849162,-18.99565226,LA12,2010-04-20,08:00:52 AM,08:00:00,Hot-Wet,2010-04-20 08:00:00,4
15.31799622,-19.00028687,LA12,2010-04-20,08:20:52 AM,08:20:00,Hot-Wet,2010-04-20 08:20:00,4
15.32016195,-19.00703532,LA12,2010-04-20,08:40:52 AM,08:40:00,Hot-Wet,2010-04-20 08:40:00,4
15.31934713,-19.00841878,LA12,2010-04-20,09:00:52 AM,09:00:00,Hot-Wet,2010-04-20 09:00:00,4
15.31856079,-19.01044108,LA12,2010-04-20,09:20:52 AM,09:20:00,Hot-Wet,2010-04-20 09:20:00,4
15.31826274,-19.01069132,LA12,2010-04-20,09:40:52 AM,09:40:00,Hot-Wet,2010-04-20 09:40:00,4
15.31735738,-19.01454875,LA12,2010-04-20,10:00:52 AM,10:00:00,Hot-Wet,2010-04-20 10:00:00,4
15.31619568,-19.01512858,LA12,2010-04-20,10:20:52 AM,10:20:00,Hot-Wet,2010-04-20 10:20:00,4
15.31377055,-19.01332397,LA12,2010-04-20,10:40:52 AM,10:40:00,Hot-Wet,2010-04-20 10:40:00,4
15.31164856,-19.0101827,LA12,2010-04-20,11:00:52 AM,11:00:00,Hot-Wet,2010-04-20 11:00:00,4
15.31166789,-19.01014404,LA12,2010-04-20,11:20:52 AM,11:20:00,Hot-Wet,2010-04-20 11:20:00,4
15.30970561,-19.00736694,LA12,2010-04-20,11:40:52 AM,11:40:00,Hot-Wet,2010-04-20 11:40:00,4
15.30913188,-19.00728353,LA12,2010-04-20,12:00:52 PM,12:00:00,Hot-Wet,2010-04-20 12:00:00,4
15.30776265,-19.00736084,LA12,2010-04-20,12:20:52 PM,12:20:00,Hot-Wet,2010-04-20 12:20:00,4
15.30640869,-19.00679118,LA12,2010-04-20,12:40:52 PM,12:40:00,Hot-Wet,2010-04-20 12:40:00,4
15.3061971,-19.00626831,LA12,2010-04-20,01:00:52 PM,13:00:00,Hot-Wet,2010-04-20 13:00:00,4
15.30617574,-19.00626831,LA12,2010-04-20,01:20:52 PM,13:20:00,Hot-Wet,2010-04-20 13:20:00,4
15.30648804,-19.00580241,LA12,2010-04-20,01:40:52 PM,13:40:00,Hot-Wet,2010-04-20 13:40:00,4
15.30843404,-19.00434774,LA12,2010-04-20,02:00:52 PM,14:00:00,Hot-Wet,2010-04-20 14:00:00,4
15.30651855,-18.99780273,LA12,2010-04-20,02:20:52 PM,14:20:00,Hot-Wet,2010-04-20 14:20:00,4
15.30932007,-18.99704183,LA12,2010-04-20,02:40:52 PM,14:40:00,Hot-Wet,2010-04-20 14:40:00,4
15.30892944,-18.99509888,LA12,2010-04-20,03:00:52 PM,15:00:00,Hot-Wet,2010-04-20 15:00:00,4
15.30958455,-18.99358317,LA12,2010-04-20,03:20:52 PM,15:20:00,Hot-Wet,2010-04-20 15:20:00,4
15.30999552,-18.99445801,LA12,2010-04-20,03:40:52 PM,15:40:00,Hot-Wet,2010-04-20 15:40:00,4
15.30702515,-18.99324137,LA12,2010-04-20,04:00:52 PM,16:00:00,Hot-Wet,2010-04-20 16:00:00,4
15.30711161,-18.99263713,LA12,2010-04-20,04:20:52 PM,16:20:00,Hot-Wet,2010-04-20 16:20:00,4
15.30538839,-18.99463094,LA12,2010-04-20,04:40:52 PM,16:40:00,Hot-Wet,2010-04-20 16:40:00,4
15.30325317,-18.99582723,LA12,2010-04-20,05:00:52 PM,17:00:00,Hot-Wet,2010-04-20 17:00:00,4
15.30463257,-18.99338582,LA12,2010-04-20,05:20:52 PM,17:20:00,Hot-Wet,2010-04-20 17:20:00,4
15.30696208,-18.99326579,LA12,2010-04-20,05:40:52 PM,17:40:00,Hot-Wet,2010-04-20 17:40:00,4
15.30866801,-18.99287313,LA12,2010-04-20,06:00:52 PM,18:00:00,Hot-Wet,2010-04-20 18:00:00,4
15.3114858,-18.99082235,LA12,2010-04-20,06:20:52 PM,18:20:00,Hot-Wet,2010-04-20 18:20:00,4
15.31488749,-18.98728841,LA12,2010-04-20,06:40:52 PM,18:40:00,Hot-Wet,2010-04-20 18:40:00,4
15.31602783,-18.98546346,LA12,2010-04-20,07:00:52 PM,19:00:00,Hot-Wet,2010-04-20 19:00:00,4
15.3164622,-18.98518677,LA12,2010-04-20,07:20:52 PM,19:20:00,Hot-Wet,2010-04-20 19:20:00,4
15.31617126,-18.98454793,LA12,2010-04-20,07:40:52 PM,19:40:00,Hot-Wet,2010-04-20 19:40:00,4
15.31827087,-18.98397827,LA12,2010-04-20,08:00:52 PM,20:00:00,Hot-Wet,2010-04-20 20:00:00,4
15.32249858,-18.97971802,LA12,2010-04-20,08:20:52 PM,20:20:00,Hot-Wet,2010-04-20 20:20:00,4
15.32480672,-18.9757548,LA12,2010-04-20,08:40:52 PM,20:40:00,Hot-Wet,2010-04-20 20:40:00,4
15.32755636,-18.968927,LA12,2010-04-20,09:00:52 PM,21:00:00,Hot-Wet,2010-04-20 21:00:00,4
15.32709452,-18.96987915,LA12,2010-04-20,09:20:52 PM,21:20:00,Hot-Wet,2010-04-20 21:20:00,4
15.32459208,-18.9763265,LA12,2010-04-20,09:40:52 PM,21:40:00,Hot-Wet,2010-04-20 21:40:00,4
15.32335103,-18.97914225,LA12,2010-04-20,10:00:52 PM,22:00:00,Hot-Wet,2010-04-20 22:00:00,4
15.32312113,-18.97918905,LA12,2010-04-20,10:20:52 PM,22:20:00,Hot-Wet,2010-04-20 22:20:00,4
15.3241333,-18.97733968,LA12,2010-04-20,10:40:52 PM,22:40:00,Hot-Wet,2010-04-20 22:40:00,4
15.32628784,-18.97415771,LA12,2010-04-20,11:00:52 PM,23:00:00,Hot-Wet,2010-04-20 23:00:00,4
15.32799988,-18.96860962,LA12,2010-04-20,11:20:52 PM,23:20:00,Hot-Wet,2010-04-20 23:20:00,4
15.32840373,-18.97027588,LA12,2010-04-20,11:40:52 PM,23:40:00,Hot-Wet,2010-04-20 23:40:00,4
15.32823181,-18.97431437,LA12,2010-04-21,12:00:52 AM,00:00:00,Hot-Wet,2010-04-21 00:00:00,4
15.32479858,-18.97705688,LA12,2010-04-21,12:20:53 AM,00:20:00,Hot-Wet,2010-04-21 00:20:00,4
15.32285055,-18.97770996,LA12,2010-04-21,12:40:52 AM,00:40:00,Hot-Wet,2010-04-21 00:40:00,4
15.3228892,-18.97768351,LA12,2010-04-21,01:00:52 AM,01:00:00,Hot-Wet,2010-04-21 01:00:00,4
15.32286784,-18.97766724,LA12,2010-04-21,01:20:52 AM,01:20:00,Hot-Wet,2010-04-21 01:20:00,4
15.32305705,-18.97931925,LA12,2010-04-21,01:40:52 AM,01:40:00,Hot-Wet,2010-04-21 01:40:00,4
15.32286072,-18.98005371,LA12,2010-04-21,02:00:52 AM,02:00:00,Hot-Wet,2010-04-21 02:00:00,4
15.32287191,-18.98007609,LA12,2010-04-21,02:20:52 AM,02:20:00,Hot-Wet,2010-04-21 02:20:00,4
15.32287394,-18.98005371,LA12,2010-04-21,02:40:52 AM,02:40:00,Hot-Wet,2010-04-21 02:40:00,4
15.32283223,-18.98008626,LA12,2010-04-21,03:00:52 AM,03:00:00,Hot-Wet,2010-04-21 03:00:00,4
15.32185669,-18.98143717,LA12,2010-04-21,03:20:52 AM,03:20:00,Hot-Wet,2010-04-21 03:20:00,4
15.31891683,-18.98451131,LA12,2010-04-21,03:40:52 AM,03:40:00,Hot-Wet,2010-04-21 03:40:00,4
15.31745504,-18.98451538,LA12,2010-04-21,04:00:52 AM,04:00:00,Hot-Wet,2010-04-21 04:00:00,4
15.31792094,-18.98858032,LA12,2010-04-21,04:20:52 AM,04:20:00,Hot-Wet,2010-04-21 04:20:00,4
15.31737874,-18.9924113,LA12,2010-04-21,04:40:52 AM,04:40:00,Hot-Wet,2010-04-21 04:40:00,4
15.31591593,-18.99412435,LA12,2010-04-21,05:00:52 AM,05:00:00,Hot-Wet,2010-04-21 05:00:00,4
15.31304118,-18.99599813,LA12,2010-04-21,05:20:52 AM,05:20:00,Hot-Wet,2010-04-21 05:20:00,4
15.31149801,-18.99621175,LA12,2010-04-21,05:40:52 AM,05:40:00,Hot-Wet,2010-04-21 05:40:00,4
15.30913391,-18.99711914,LA12,2010-04-21,06:00:52 AM,06:00:00,Hot-Wet,2010-04-21 06:00:00,4
15.30837301,-18.99755452,LA12,2010-04-21,06:20:52 AM,06:20:00,Hot-Wet,2010-04-21 06:20:00,4
15.30799154,-18.99772339,LA12,2010-04-21,06:40:52 AM,06:40:00,Hot-Wet,2010-04-21 06:40:00,4
15.30783081,-18.99786784,LA12,2010-04-21,07:00:52 AM,07:00:00,Hot-Wet,2010-04-21 07:00:00,4
15.30748291,-18.99820353,LA12,2010-04-21,07:20:52 AM,07:20:00,Hot-Wet,2010-04-21 07:20:00,4
15.30799357,-18.99877523,LA12,2010-04-21,07:40:52 AM,07:40:00,Hot-Wet,2010-04-21 07:40:00,4
15.30339661,-18.99833171,LA12,2010-04-21,08:00:52 AM,08:00:00,Hot-Wet,2010-04-21 08:00:00,4
15.29942322,-18.99865519,LA12,2010-04-21,08:20:52 AM,08:20:00,Hot-Wet,2010-04-21 08:20:00,4
15.29791158,-18.99894002,LA12,2010-04-21,08:40:52 AM,08:40:00,Hot-Wet,2010-04-21 08:40:00,4
15.29771627,-18.99978231,LA12,2010-04-21,09:00:52 AM,09:00:00,Hot-Wet,2010-04-21 09:00:00,4
15.29793396,-19.00396525,LA12,2010-04-21,09:20:52 AM,09:20:00,Hot-Wet,2010-04-21 09:20:00,4
15.30193278,-19.00651042,LA12,2010-04-21,09:40:52 AM,09:40:00,Hot-Wet,2010-04-21 09:40:00,4
15.30342306,-19.00617065,LA12,2010-04-21,10:00:52 AM,10:00:00,Hot-Wet,2010-04-21 10:00:00,4
15.30480347,-19.00801392,LA12,2010-04-21,10:20:52 AM,10:20:00,Hot-Wet,2010-04-21 10:20:00,4
15.31054281,-19.00945435,LA12,2010-04-21,10:40:52 AM,10:40:00,Hot-Wet,2010-04-21 10:40:00,4
15.31459859,-19.01261597,LA12,2010-04-21,11:00:52 AM,11:00:00,Hot-Wet,2010-04-21 11:00:00,4
15.31557821,-19.01384684,LA12,2010-04-21,11:20:52 AM,11:20:00,Hot-Wet,2010-04-21 11:20:00,4
15.31563517,-19.01397095,LA12,2010-04-21,11:40:52 AM,11:40:00,Hot-Wet,2010-04-21 11:40:00,4
15.31725871,-19.01486613,LA12,2010-04-21,12:00:52 PM,12:00:00,Hot-Wet,2010-04-21 12:00:00,4
15.31775106,-19.01755371,LA12,2010-04-21,12:20:52 PM,12:20:00,Hot-Wet,2010-04-21 12:20:00,4
15.31686198,-19.02022909,LA12,2010-04-21,12:40:52 PM,12:40:00,Hot-Wet,2010-04-21 12:40:00,4
15.31691081,-19.02161458,LA12,2010-04-21,01:00:52 PM,13:00:00,Hot-Wet,2010-04-21 13:00:00,4
15.31660461,-19.0214152,LA12,2010-04-21,01:20:52 PM,13:20:00,Hot-Wet,2010-04-21 13:20:00,4
15.31606038,-19.02119751,LA12,2010-04-21,01:40:52 PM,13:40:00,Hot-Wet,2010-04-21 13:40:00,4
15.31640625,-19.021639,LA12,2010-04-21,02:00:52 PM,14:00:00,Hot-Wet,2010-04-21 14:00:00,4
15.31954549,-19.02178141,LA12,2010-04-21,02:20:52 PM,14:20:00,Hot-Wet,2010-04-21 14:20:00,4
15.32432861,-19.02207642,LA12,2010-04-21,02:40:52 PM,14:40:00,Hot-Wet,2010-04-21 14:40:00,4
15.33241272,-19.02393799,LA12,2010-04-21,03:00:52 PM,15:00:00,Hot-Wet,2010-04-21 15:00:00,4
15.33894552,-19.02278035,LA12,2010-04-21,03:20:52 PM,15:20:00,Hot-Wet,2010-04-21 15:20:00,4
15.34741414,-19.02665812,LA12,2010-04-21,03:40:52 PM,15:40:00,Hot-Wet,2010-04-21 15:40:00,4
15.34970601,-19.02871094,LA12,2010-04-21,04:00:52 PM,16:00:00,Hot-Wet,2010-04-21 16:00:00,4
15.34872742,-19.02895711,LA12,2010-04-21,04:20:52 PM,16:20:00,Hot-Wet,2010-04-21 16:20:00,4
15.34896037,-19.02824707,LA12,2010-04-21,04:40:52 PM,16:40:00,Hot-Wet,2010-04-21 16:40:00,4
15.34743347,-19.0293925,LA12,2010-04-21,05:00:52 PM,17:00:00,Hot-Wet,2010-04-21 17:00:00,4
15.3456075,-19.03023885,LA12,2010-04-21,05:20:52 PM,17:20:00,Hot-Wet,2010-04-21 17:20:00,4
15.35256856,-19.03790283,LA12,2010-04-21,05:40:52 PM,17:40:00,Hot-Wet,2010-04-21 17:40:00,4
15.3579895,-19.04603678,LA12,2010-04-21,06:00:52 PM,18:00:00,Hot-Wet,2010-04-21 18:00:00,4
15.35671895,-19.04785767,LA12,2010-04-21,06:20:52 PM,18:20:00,Hot-Wet,2010-04-21 18:20:00,4
15.35663961,-19.04820964,LA12,2010-04-21,06:40:52 PM,18:40:00,Hot-Wet,2010-04-21 18:40:00,4
15.35327352,-19.0493042,LA12,2010-04-21,07:00:52 PM,19:00:00,Hot-Wet,2010-04-21 19:00:00,4
15.35039164,-19.04796956,LA12,2010-04-21,07:20:52 PM,19:20:00,Hot-Wet,2010-04-21 19:20:00,4
15.34984538,-19.04810994,LA12,2010-04-21,07:40:52 PM,19:40:00,Hot-Wet,2010-04-21 19:40:00,4
15.3455424,-19.04601237,LA12,2010-04-21,08:00:52 PM,20:00:00,Hot-Wet,2010-04-21 20:00:00,4
15.34190674,-19.04240316,LA12,2010-04-21,08:20:52 PM,20:20:00,Hot-Wet,2010-04-21 20:20:00,4
15.34124756,-19.04110718,LA12,2010-04-21,08:40:52 PM,20:40:00,Hot-Wet,2010-04-21 20:40:00,4
15.33920593,-19.03993123,LA12,2010-04-21,09:00:52 PM,21:00:00,Hot-Wet,2010-04-21 21:00:00,4
15.33543905,-19.03733317,LA12,2010-04-21,09:20:52 PM,21:20:00,Hot-Wet,2010-04-21 21:20:00,4
15.33145142,-19.03418579,LA12,2010-04-21,09:40:52 PM,21:40:00,Hot-Wet,2010-04-21 21:40:00,4
15.33023682,-19.02587891,LA12,2010-04-21,10:00:52 PM,22:00:00,Hot-Wet,2010-04-21 22:00:00,4
15.3283193,-19.01847941,LA12,2010-04-21,10:20:52 PM,22:20:00,Hot-Wet,2010-04-21 22:20:00,4
15.32655334,-19.0149882,LA12,2010-04-21,10:40:52 PM,22:40:00,Hot-Wet,2010-04-21 22:40:00,4
15.32193807,-19.01212769,LA12,2010-04-21,11:00:52 PM,23:00:00,Hot-Wet,2010-04-21 23:00:00,4
15.31808573,-19.01158244,LA12,2010-04-21,11:20:52 PM,23:20:00,Hot-Wet,2010-04-21 23:20:00,4
15.31699219,-19.01483561,LA12,2010-04-21,11:40:52 PM,23:40:00,Hot-Wet,2010-04-21 23:40:00,4
15.31690674,-19.01485596,LA12,2010-04-22,12:00:52 AM,00:00:00,Hot-Wet,2010-04-22 00:00:00,4
15.31693624,-19.01485596,LA12,2010-04-22,12:20:52 AM,00:20:00,Hot-Wet,2010-04-22 00:20:00,4
15.31693726,-19.01484985,LA12,2010-04-22,12:40:52 AM,00:40:00,Hot-Wet,2010-04-22 00:40:00,4
15.31826986,-19.01409709,LA12,2010-04-22,01:00:52 AM,01:00:00,Hot-Wet,2010-04-22 01:00:00,4
15.31899719,-19.01383057,LA12,2010-04-22,01:20:52 AM,01:20:00,Hot-Wet,2010-04-22 01:20:00,4
15.31970927,-19.01424357,LA12,2010-04-22,01:40:52 AM,01:40:00,Hot-Wet,2010-04-22 01:40:00,4
15.32021281,-19.01414795,LA12,2010-04-22,02:01:04 AM,02:01:00,Hot-Wet,2010-04-22 02:01:00,4
15.32024638,-19.01413778,LA12,2010-04-22,02:20:52 AM,02:20:00,Hot-Wet,2010-04-22 02:20:00,4
15.32023621,-19.01411743,LA12,2010-04-22,02:40:52 AM,02:40:00,Hot-Wet,2010-04-22 02:40:00,4
15.32024638,-19.01413371,LA12,2010-04-22,03:00:52 AM,03:00:00,Hot-Wet,2010-04-22 03:00:00,4
15.32023214,-19.01412354,LA12,2010-04-22,03:20:52 AM,03:20:00,Hot-Wet,2010-04-22 03:20:00,4
15.32026672,-19.01408895,LA12,2010-04-22,03:40:52 AM,03:40:00,Hot-Wet,2010-04-22 03:40:00,4
15.32031352,-19.01368205,LA12,2010-04-22,04:00:52 AM,04:00:00,Hot-Wet,2010-04-22 04:00:00,4
15.32030945,-19.01364543,LA12,2010-04-22,04:20:53 AM,04:20:00,Hot-Wet,2010-04-22 04:20:00,4
15.32042948,-19.01311849,LA12,2010-04-22,04:40:52 AM,04:40:00,Hot-Wet,2010-04-22 04:40:00,4
15.32090251,-19.01227824,LA12,2010-04-22,05:00:52 AM,05:00:00,Hot-Wet,2010-04-22 05:00:00,4
15.32059733,-19.0108724,LA12,2010-04-22,05:20:52 AM,05:20:00,Hot-Wet,2010-04-22 05:20:00,4
15.32018127,-19.01033122,LA12,2010-04-22,05:40:52 AM,05:40:00,Hot-Wet,2010-04-22 05:40:00,4
15.32069906,-19.00929362,LA12,2010-04-22,06:00:52 AM,06:00:00,Hot-Wet,2010-04-22 06:00:00,4
15.32250875,-19.00671997,LA12,2010-04-22,06:20:52 AM,06:20:00,Hot-Wet,2010-04-22 06:20:00,4
15.32245789,-19.00440877,LA12,2010-04-22,06:40:52 AM,06:40:00,Hot-Wet,2010-04-22 06:40:00,4
15.32173869,-19.00218709,LA12,2010-04-22,07:00:52 AM,07:00:00,Hot-Wet,2010-04-22 07:00:00,4
15.32049154,-19.00044352,LA12,2010-04-22,07:20:52 AM,07:20:00,Hot-Wet,2010-04-22 07:20:00,4
15.31965434,-18.99888102,LA12,2010-04-22,07:40:52 AM,07:40:00,Hot-Wet,2010-04-22 07:40:00,4
15.31844991,-18.99815063,LA12,2010-04-22,08:00:52 AM,08:00:00,Hot-Wet,2010-04-22 08:00:00,4
15.31933492,-18.99765625,LA12,2010-04-22,08:20:52 AM,08:20:00,Hot-Wet,2010-04-22 08:20:00,4
15.32156677,-18.99661662,LA12,2010-04-22,08:40:52 AM,08:40:00,Hot-Wet,2010-04-22 08:40:00,4
15.32176107,-18.99655762,LA12,2010-04-22,09:00:52 AM,09:00:00,Hot-Wet,2010-04-22 09:00:00,4
15.32167664,-18.99665324,LA12,2010-04-22,09:20:52 AM,09:20:00,Hot-Wet,2010-04-22 09:20:00,4
15.32163595,-18.99659424,LA12,2010-04-22,09:40:52 AM,09:40:00,Hot-Wet,2010-04-22 09:40:00,4
15.32169698,-18.99666138,LA12,2010-04-22,10:00:52 AM,10:00:00,Hot-Wet,2010-04-22 10:00:00,4
15.32149251,-18.99660645,LA12,2010-04-22,10:20:52 AM,10:20:00,Hot-Wet,2010-04-22 10:20:00,4
15.32083639,-18.99586792,LA12,2010-04-22,10:40:52 AM,10:40:00,Hot-Wet,2010-04-22 10:40:00,4
15.32078044,-18.99586792,LA12,2010-04-22,11:00:53 AM,11:00:00,Hot-Wet,2010-04-22 11:00:00,4
15.320696,-18.99608561,LA12,2010-04-22,11:20:52 AM,11:20:00,Hot-Wet,2010-04-22 11:20:00,4
15.32091777,-18.99623006,LA12,2010-04-22,11:40:52 AM,11:40:00,Hot-Wet,2010-04-22 11:40:00,4
15.32052511,-18.99883423,LA12,2010-04-22,12:00:52 PM,12:00:00,Hot-Wet,2010-04-22 12:00:00,4
15.32005514,-19.00532227,LA12,2010-04-22,12:20:53 PM,12:20:00,Hot-Wet,2010-04-22 12:20:00,4
15.3191274,-19.00950317,LA12,2010-04-22,12:40:52 PM,12:40:00,Hot-Wet,2010-04-22 12:40:00,4
15.31730042,-19.01469523,LA12,2010-04-22,01:00:52 PM,13:00:00,Hot-Wet,2010-04-22 13:00:00,4
15.31724243,-19.01499023,LA12,2010-04-22,01:20:52 PM,13:20:00,Hot-Wet,2010-04-22 13:20:00,4
15.31736247,-19.01519165,LA12,2010-04-22,01:40:52 PM,13:40:00,Hot-Wet,2010-04-22 13:40:00,4
15.31665649,-19.02030029,LA12,2010-04-22,02:00:52 PM,14:00:00,Hot-Wet,2010-04-22 14:00:00,4
15.31705729,-19.02127279,LA12,2010-04-22,02:20:52 PM,14:20:00,Hot-Wet,2010-04-22 14:20:00,4
15.31918742,-19.02281291,LA12,2010-04-22,02:40:52 PM,14:40:00,Hot-Wet,2010-04-22 14:40:00,4
15.32213745,-19.02370402,LA12,2010-04-22,03:00:52 PM,15:00:00,Hot-Wet,2010-04-22 15:00:00,4
15.32518514,-19.02517293,LA12,2010-04-22,03:20:52 PM,15:20:00,Hot-Wet,2010-04-22 15:20:00,4
15.33093974,-19.02599691,LA12,2010-04-22,03:40:52 PM,15:40:00,Hot-Wet,2010-04-22 15:40:00,4
15.33253479,-19.02679443,LA12,2010-04-22,04:00:52 PM,16:00:00,Hot-Wet,2010-04-22 16:00:00,4
15.33367208,-19.02658488,LA12,2010-04-22,04:20:52 PM,16:20:00,Hot-Wet,2010-04-22 16:20:00,4
15.33558553,-19.02639974,LA12,2010-04-22,04:40:52 PM,16:40:00,Hot-Wet,2010-04-22 16:40:00,4
15.33805745,-19.02813924,LA12,2010-04-22,05:00:52 PM,17:00:00,Hot-Wet,2010-04-22 17:00:00,4
15.33818258,-19.02892253,LA12,2010-04-22,05:20:52 PM,17:20:00,Hot-Wet,2010-04-22 17:20:00,4
15.33960164,-19.02973836,LA12,2010-04-22,05:40:52 PM,17:40:00,Hot-Wet,2010-04-22 17:40:00,4
15.33921407,-19.03301595,LA12,2010-04-22,06:00:52 PM,18:00:00,Hot-Wet,2010-04-22 18:00:00,4
15.33970642,-19.03369548,LA12,2010-04-22,06:20:52 PM,18:20:00,Hot-Wet,2010-04-22 18:20:00,4
15.33765971,-19.03610229,LA12,2010-04-22,06:40:52 PM,18:40:00,Hot-Wet,2010-04-22 18:40:00,4
15.33385824,-19.03799845,LA12,2010-04-22,07:00:52 PM,19:00:00,Hot-Wet,2010-04-22 19:00:00,4
15.33002319,-19.03877563,LA12,2010-04-22,07:20:52 PM,19:20:00,Hot-Wet,2010-04-22 19:20:00,4
15.32959493,-19.03938395,LA12,2010-04-22,07:40:52 PM,19:40:00,Hot-Wet,2010-04-22 19:40:00,4
15.33119405,-19.03804321,LA12,2010-04-22,08:00:52 PM,20:00:00,Hot-Wet,2010-04-22 20:00:00,4
15.33103943,-19.03785604,LA12,2010-04-22,08:20:52 PM,20:20:00,Hot-Wet,2010-04-22 20:20:00,4
15.33101908,-19.03756714,LA12,2010-04-22,08:40:52 PM,20:40:00,Hot-Wet,2010-04-22 20:40:00,4
15.33115946,-19.03762614,LA12,2010-04-22,09:00:52 PM,21:00:00,Hot-Wet,2010-04-22 21:00:00,4
15.33149923,-19.03669637,LA12,2010-04-22,09:20:52 PM,21:20:00,Hot-Wet,2010-04-22 21:20:00,4
15.33103739,-19.03708496,LA12,2010-04-22,09:40:52 PM,21:40:00,Hot-Wet,2010-04-22 21:40:00,4
15.33025004,-19.03690796,LA12,2010-04-22,10:00:52 PM,22:00:00,Hot-Wet,2010-04-22 22:00:00,4
15.33048299,-19.03710734,LA12,2010-04-22,10:20:52 PM,22:20:00,Hot-Wet,2010-04-22 22:20:00,4
15.32990214,-19.03799032,LA12,2010-04-22,10:40:52 PM,22:40:00,Hot-Wet,2010-04-22 22:40:00,4
15.33001811,-19.03771973,LA12,2010-04-22,11:00:52 PM,23:00:00,Hot-Wet,2010-04-22 23:00:00,4
15.33163249,-19.03513794,LA12,2010-04-22,11:20:52 PM,23:20:00,Hot-Wet,2010-04-22 23:20:00,4
15.33155721,-19.03500977,LA12,2010-04-22,11:40:53 PM,23:40:00,Hot-Wet,2010-04-22 23:40:00,4
15.33152568,-19.03503011,LA12,2010-04-23,12:00:52 AM,00:00:00,Hot-Wet,2010-04-23 00:00:00,4
15.33153076,-19.03502401,LA12,2010-04-23,12:20:52 AM,00:20:00,Hot-Wet,2010-04-23 00:20:00,4
15.33187358,-19.03498942,LA12,2010-04-23,12:40:52 AM,00:40:00,Hot-Wet,2010-04-23 00:40:00,4
15.33185933,-19.03500366,LA12,2010-04-23,01:00:52 AM,01:00:00,Hot-Wet,2010-04-23 01:00:00,4
15.33186951,-19.03499349,LA12,2010-04-23,01:20:52 AM,01:20:00,Hot-Wet,2010-04-23 01:20:00,4
15.33187663,-19.03494873,LA12,2010-04-23,01:40:52 AM,01:40:00,Hot-Wet,2010-04-23 01:40:00,4
15.33160502,-19.0333842,LA12,2010-04-23,02:00:52 AM,02:00:00,Hot-Wet,2010-04-23 02:00:00,4
15.33214417,-19.03156128,LA12,2010-04-23,02:20:52 AM,02:20:00,Hot-Wet,2010-04-23 02:20:00,4
15.33161926,-19.03107096,LA12,2010-04-23,02:40:52 AM,02:40:00,Hot-Wet,2010-04-23 02:40:00,4
15.33161926,-19.03117472,LA12,2010-04-23,03:00:52 AM,03:00:00,Hot-Wet,2010-04-23 03:00:00,4
15.33162333,-19.03120321,LA12,2010-04-23,03:20:52 AM,03:20:00,Hot-Wet,2010-04-23 03:20:00,4
15.33164368,-19.03122559,LA12,2010-04-23,03:40:52 AM,03:40:00,Hot-Wet,2010-04-23 03:40:00,4
15.33161723,-19.0311381,LA12,2010-04-23,04:00:52 AM,04:00:00,Hot-Wet,2010-04-23 04:00:00,4
15.33068136,-19.03034058,LA12,2010-04-23,04:20:52 AM,04:20:00,Hot-Wet,2010-04-23 04:20:00,4
15.32946065,-19.02921753,LA12,2010-04-23,04:40:52 AM,04:40:00,Hot-Wet,2010-04-23 04:40:00,4
15.32948812,-19.02921956,LA12,2010-04-23,05:00:52 AM,05:00:00,Hot-Wet,2010-04-23 05:00:00,4
15.33023682,-19.02787272,LA12,2010-04-23,05:20:52 AM,05:20:00,Hot-Wet,2010-04-23 05:20:00,4
15.32962443,-19.02667236,LA12,2010-04-23,05:40:52 AM,05:40:00,Hot-Wet,2010-04-23 05:40:00,4
15.32810059,-19.02373861,LA12,2010-04-23,06:00:52 AM,06:00:00,Hot-Wet,2010-04-23 06:00:00,4
15.32575887,-19.02036336,LA12,2010-04-23,06:20:52 AM,06:20:00,Hot-Wet,2010-04-23 06:20:00,4
15.32176717,-19.01735636,LA12,2010-04-23,06:40:52 AM,06:40:00,Hot-Wet,2010-04-23 06:40:00,4
15.3173116,-19.01501058,LA12,2010-04-23,07:00:52 AM,07:00:00,Hot-Wet,2010-04-23 07:00:00,4
15.31694845,-19.01473999,LA12,2010-04-23,07:20:52 AM,07:20:00,Hot-Wet,2010-04-23 07:20:00,4
15.31665344,-19.01409098,LA12,2010-04-23,07:40:52 AM,07:40:00,Hot-Wet,2010-04-23 07:40:00,4
15.31669108,-19.00997925,LA12,2010-04-23,08:00:52 AM,08:00:00,Hot-Wet,2010-04-23 08:00:00,4
15.31521098,-19.00859578,LA12,2010-04-23,08:20:52 AM,08:20:00,Hot-Wet,2010-04-23 08:20:00,4
15.31372681,-19.00713908,LA12,2010-04-23,08:40:52 AM,08:40:00,Hot-Wet,2010-04-23 08:40:00,4
15.31314596,-19.00707194,LA12,2010-04-23,09:00:52 AM,09:00:00,Hot-Wet,2010-04-23 09:00:00,4
15.31248576,-19.00789591,LA12,2010-04-23,09:20:52 AM,09:20:00,Hot-Wet,2010-04-23 09:20:00,4
15.31210327,-19.01025594,LA12,2010-04-23,09:40:52 AM,09:40:00,Hot-Wet,2010-04-23 09:40:00,4
15.31575928,-19.01463623,LA12,2010-04-23,10:00:52 AM,10:00:00,Hot-Wet,2010-04-23 10:00:00,4
15.31752828,-19.01485799,LA12,2010-04-23,10:20:52 AM,10:20:00,Hot-Wet,2010-04-23 10:20:00,4
15.32092997,-19.02286784,LA12,2010-04-23,10:40:52 AM,10:40:00,Hot-Wet,2010-04-23 10:40:00,4
15.32143962,-19.02974447,LA12,2010-04-23,11:00:52 AM,11:00:00,Hot-Wet,2010-04-23 11:00:00,4
15.32753398,-19.03545329,LA12,2010-04-23,11:20:53 AM,11:20:00,Hot-Wet,2010-04-23 11:20:00,4
15.33265483,-19.03662313,LA12,2010-04-23,11:40:52 AM,11:40:00,Hot-Wet,2010-04-23 11:40:00,4
15.33636373,-19.03922729,LA12,2010-04-23,12:00:52 PM,12:00:00,Hot-Wet,2010-04-23 12:00:00,4
15.33624573,-19.04485881,LA12,2010-04-23,12:20:53 PM,12:20:00,Hot-Wet,2010-04-23 12:20:00,4
15.3283905,-19.04055379,LA12,2010-04-23,12:40:52 PM,12:40:00,Hot-Wet,2010-04-23 12:40:00,4
15.33128662,-19.0456075,LA12,2010-04-23,01:00:52 PM,13:00:00,Hot-Wet,2010-04-23 13:00:00,4
15.32787984,-19.04888306,LA12,2010-04-23,01:20:52 PM,13:20:00,Hot-Wet,2010-04-23 13:20:00,4
15.32369893,-19.04842936,LA12,2010-04-23,01:40:52 PM,13:40:00,Hot-Wet,2010-04-23 13:40:00,4
15.32748922,-19.04424032,LA12,2010-04-23,02:00:52 PM,14:00:00,Hot-Wet,2010-04-23 14:00:00,4
15.32682495,-19.03854167,LA12,2010-04-23,02:20:52 PM,14:20:00,Hot-Wet,2010-04-23 14:20:00,4
15.31908976,-19.03217977,LA12,2010-04-23,02:40:52 PM,14:40:00,Hot-Wet,2010-04-23 14:40:00,4
15.31619568,-19.0235026,LA12,2010-04-23,03:00:52 PM,15:00:00,Hot-Wet,2010-04-23 15:00:00,4
15.3216685,-19.01864421,LA12,2010-04-23,03:20:52 PM,15:20:00,Hot-Wet,2010-04-23 15:20:00,4
15.32283529,-19.01889852,LA12,2010-04-23,03:40:52 PM,15:40:00,Hot-Wet,2010-04-23 15:40:00,4
15.3253245,-19.02216797,LA12,2010-04-23,04:00:52 PM,16:00:00,Hot-Wet,2010-04-23 16:00:00,4
15.3249644,-19.02773031,LA12,2010-04-23,04:20:52 PM,16:20:00,Hot-Wet,2010-04-23 16:20:00,4
15.32902323,-19.03403931,LA12,2010-04-23,04:40:52 PM,16:40:00,Hot-Wet,2010-04-23 16:40:00,4
15.32453206,-19.04017334,LA12,2010-04-23,05:00:52 PM,17:00:00,Hot-Wet,2010-04-23 17:00:00,4
15.32148539,-19.04112549,LA12,2010-04-23,05:20:52 PM,17:20:00,Hot-Wet,2010-04-23 17:20:00,4
15.32215474,-19.04249064,LA12,2010-04-23,05:40:52 PM,17:40:00,Hot-Wet,2010-04-23 17:40:00,4
15.3249644,-19.0443929,LA12,2010-04-23,06:00:52 PM,18:00:00,Hot-Wet,2010-04-23 18:00:00,4
15.32822469,-19.04542643,LA12,2010-04-23,06:20:52 PM,18:20:00,Hot-Wet,2010-04-23 18:20:00,4
15.3286143,-19.04462484,LA12,2010-04-23,06:40:52 PM,18:40:00,Hot-Wet,2010-04-23 18:40:00,4
15.32892354,-19.04474284,LA12,2010-04-23,07:00:52 PM,19:00:00,Hot-Wet,2010-04-23 19:00:00,4
15.33051249,-19.04522502,LA12,2010-04-23,07:20:52 PM,19:20:00,Hot-Wet,2010-04-23 19:20:00,4
15.32938232,-19.04850464,LA12,2010-04-23,07:40:52 PM,19:40:00,Hot-Wet,2010-04-23 19:40:00,4
15.33036296,-19.05008748,LA12,2010-04-23,08:00:52 PM,20:00:00,Hot-Wet,2010-04-23 20:00:00,4
15.33152364,-19.05145467,LA12,2010-04-23,08:20:52 PM,20:20:00,Hot-Wet,2010-04-23 20:20:00,4
15.32981669,-19.05135091,LA12,2010-04-23,08:40:52 PM,20:40:00,Hot-Wet,2010-04-23 20:40:00,4
15.33308919,-19.05005697,LA12,2010-04-23,09:00:52 PM,21:00:00,Hot-Wet,2010-04-23 21:00:00,4
15.33418884,-19.04884847,LA12,2010-04-23,09:20:52 PM,21:20:00,Hot-Wet,2010-04-23 21:20:00,4
15.34016622,-19.05090739,LA12,2010-04-23,09:40:52 PM,21:40:00,Hot-Wet,2010-04-23 21:40:00,4
15.33837179,-19.04842529,LA12,2010-04-23,10:00:52 PM,22:00:00,Hot-Wet,2010-04-23 22:00:00,4
15.33649699,-19.04724121,LA12,2010-04-23,10:20:52 PM,22:20:00,Hot-Wet,2010-04-23 22:20:00,4
15.33658752,-19.04689941,LA12,2010-04-23,10:40:52 PM,22:40:00,Hot-Wet,2010-04-23 22:40:00,4
15.33846944,-19.04586385,LA12,2010-04-23,11:00:52 PM,23:00:00,Hot-Wet,2010-04-23 23:00:00,4
15.33991191,-19.04626261,LA12,2010-04-23,11:20:52 PM,23:20:00,Hot-Wet,2010-04-23 23:20:00,4
15.34216817,-19.04902954,LA12,2010-04-23,11:40:52 PM,23:40:00,Hot-Wet,2010-04-23 23:40:00,4
15.34217631,-19.04903768,LA12,2010-04-24,12:00:52 AM,00:00:00,Hot-Wet,2010-04-24 00:00:00,4
15.34212748,-19.04904785,LA12,2010-04-24,12:20:53 AM,00:20:00,Hot-Wet,2010-04-24 00:20:00,4
15.34676208,-19.0543457,LA12,2010-04-24,12:40:52 AM,00:40:00,Hot-Wet,2010-04-24 00:40:00,4
15.35045573,-19.05628866,LA12,2010-04-24,01:00:52 AM,01:00:00,Hot-Wet,2010-04-24 01:00:00,4
15.35165304,-19.06042074,LA12,2010-04-24,01:20:52 AM,01:20:00,Hot-Wet,2010-04-24 01:20:00,4
15.35150859,-19.06119385,LA12,2010-04-24,01:40:52 AM,01:40:00,Hot-Wet,2010-04-24 01:40:00,4
15.34650167,-19.06252035,LA12,2010-04-24,02:00:52 AM,02:00:00,Hot-Wet,2010-04-24 02:00:00,4
15.34496867,-19.06298014,LA12,2010-04-24,02:20:52 AM,02:20:00,Hot-Wet,2010-04-24 02:20:00,4
15.34499003,-19.06298625,LA12,2010-04-24,02:40:52 AM,02:40:00,Hot-Wet,2010-04-24 02:40:00,4
15.34298604,-19.06626587,LA12,2010-04-24,03:00:52 AM,03:00:00,Hot-Wet,2010-04-24 03:00:00,4
15.34097392,-19.06864014,LA12,2010-04-24,03:20:52 AM,03:20:00,Hot-Wet,2010-04-24 03:20:00,4
15.34100647,-19.06858521,LA12,2010-04-24,03:40:52 AM,03:40:00,Hot-Wet,2010-04-24 03:40:00,4
15.34099121,-19.06860352,LA12,2010-04-24,04:00:52 AM,04:00:00,Hot-Wet,2010-04-24 04:00:00,4
15.3403595,-19.06934814,LA12,2010-04-24,04:20:52 AM,04:20:00,Hot-Wet,2010-04-24 04:20:00,4
15.34037781,-19.0734436,LA12,2010-04-24,04:40:52 AM,04:40:00,Hot-Wet,2010-04-24 04:40:00,4
15.34120076,-19.07722168,LA12,2010-04-24,05:00:52 AM,05:00:00,Hot-Wet,2010-04-24 05:00:00,4
15.34745382,-19.08078003,LA12,2010-04-24,05:20:52 AM,05:20:00,Hot-Wet,2010-04-24 05:20:00,4
15.35045573,-19.08107707,LA12,2010-04-24,05:40:52 AM,05:40:00,Hot-Wet,2010-04-24 05:40:00,4
15.35061239,-19.08070475,LA12,2010-04-24,06:00:52 AM,06:00:00,Hot-Wet,2010-04-24 06:00:00,4
15.35190735,-19.0794515,LA12,2010-04-24,06:20:52 AM,06:20:00,Hot-Wet,2010-04-24 06:20:00,4
15.35190633,-19.08018392,LA12,2010-04-24,06:40:52 AM,06:40:00,Hot-Wet,2010-04-24 06:40:00,4
15.35298564,-19.07958984,LA12,2010-04-24,07:00:52 AM,07:00:00,Hot-Wet,2010-04-24 07:00:00,4
15.35329488,-19.07912598,LA12,2010-04-24,07:20:52 AM,07:20:00,Hot-Wet,2010-04-24 07:20:00,4
15.35243429,-19.077948,LA12,2010-04-24,07:40:52 AM,07:40:00,Hot-Wet,2010-04-24 07:40:00,4
15.35072123,-19.07707316,LA12,2010-04-24,08:00:52 AM,08:00:00,Hot-Wet,2010-04-24 08:00:00,4
15.34507751,-19.07899373,LA12,2010-04-24,08:20:52 AM,08:20:00,Hot-Wet,2010-04-24 08:20:00,4
15.3331075,-19.07967122,LA12,2010-04-24,08:40:52 AM,08:40:00,Hot-Wet,2010-04-24 08:40:00,4
15.33791097,-19.08064575,LA12,2010-04-24,09:00:52 AM,09:00:00,Hot-Wet,2010-04-24 09:00:00,4
15.3395579,-19.07924805,LA12,2010-04-24,09:20:52 AM,09:20:00,Hot-Wet,2010-04-24 09:20:00,4
15.32574463,-19.07517293,LA12,2010-04-24,09:40:52 AM,09:40:00,Hot-Wet,2010-04-24 09:40:00,4
15.31731364,-19.06431681,LA12,2010-04-24,10:00:52 AM,10:00:00,Hot-Wet,2010-04-24 10:00:00,4
15.31172689,-19.05174561,LA12,2010-04-24,10:20:52 AM,10:20:00,Hot-Wet,2010-04-24 10:20:00,4
15.30554911,-19.03921305,LA12,2010-04-24,10:40:52 AM,10:40:00,Hot-Wet,2010-04-24 10:40:00,4
15.30543518,-19.02946981,LA12,2010-04-24,11:00:52 AM,11:00:00,Hot-Wet,2010-04-24 11:00:00,4
15.30435486,-19.03074951,LA12,2010-04-24,11:20:52 AM,11:20:00,Hot-Wet,2010-04-24 11:20:00,4
15.29763387,-19.02662964,LA12,2010-04-24,11:40:52 AM,11:40:00,Hot-Wet,2010-04-24 11:40:00,4
15.30842997,-19.01999715,LA12,2010-04-24,12:00:52 PM,12:00:00,Hot-Wet,2010-04-24 12:00:00,4
15.31659037,-19.02015991,LA12,2010-04-24,12:20:53 PM,12:20:00,Hot-Wet,2010-04-24 12:20:00,4
15.31717936,-19.0148234,LA12,2010-04-24,12:40:52 PM,12:40:00,Hot-Wet,2010-04-24 12:40:00,4
15.31188456,-19.01451213,LA12,2010-04-24,01:00:52 PM,13:00:00,Hot-Wet,2010-04-24 13:00:00,4
15.30944926,-19.00967407,LA12,2010-04-24,01:20:52 PM,13:20:00,Hot-Wet,2010-04-24 13:20:00,4
15.30527649,-19.01133016,LA12,2010-04-24,01:40:52 PM,13:40:00,Hot-Wet,2010-04-24 13:40:00,4
15.3053477,-19.01159668,LA12,2010-04-24,02:00:52 PM,14:00:00,Hot-Wet,2010-04-24 14:00:00,4
15.30526835,-19.0116923,LA12,2010-04-24,02:20:52 PM,14:20:00,Hot-Wet,2010-04-24 14:20:00,4
15.30522461,-19.01156616,LA12,2010-04-24,02:40:52 PM,14:40:00,Hot-Wet,2010-04-24 14:40:00,4
15.31113485,-19.00827637,LA12,2010-04-24,03:00:52 PM,15:00:00,Hot-Wet,2010-04-24 15:00:00,4
15.31334432,-19.00154419,LA12,2010-04-24,03:20:52 PM,15:20:00,Hot-Wet,2010-04-24 15:20:00,4
15.30860087,-18.9987264,LA12,2010-04-24,03:40:52 PM,15:40:00,Hot-Wet,2010-04-24 15:40:00,4
15.30812887,-18.99683838,LA12,2010-04-24,04:00:52 PM,16:00:00,Hot-Wet,2010-04-24 16:00:00,4
15.30938009,-18.99300741,LA12,2010-04-24,04:20:52 PM,16:20:00,Hot-Wet,2010-04-24 16:20:00,4
15.30999247,-18.99095052,LA12,2010-04-24,04:40:52 PM,16:40:00,Hot-Wet,2010-04-24 16:40:00,4
15.31274007,-18.98864136,LA12,2010-04-24,05:00:52 PM,17:00:00,Hot-Wet,2010-04-24 17:00:00,4
15.3169576,-18.98693034,LA12,2010-04-24,05:20:52 PM,17:20:00,Hot-Wet,2010-04-24 17:20:00,4
15.3170461,-18.98515015,LA12,2010-04-24,05:40:52 PM,17:40:00,Hot-Wet,2010-04-24 17:40:00,4
15.32327271,-18.97907308,LA12,2010-04-24,06:00:52 PM,18:00:00,Hot-Wet,2010-04-24 18:00:00,4
15.32473043,-18.97845256,LA12,2010-04-24,06:20:52 PM,18:20:00,Hot-Wet,2010-04-24 18:20:00,4
15.32652181,-18.97374674,LA12,2010-04-24,06:40:52 PM,18:40:00,Hot-Wet,2010-04-24 18:40:00,4
15.32818604,-18.96896362,LA12,2010-04-24,07:00:52 PM,19:00:00,Hot-Wet,2010-04-24 19:00:00,4
15.31968384,-18.97332967,LA12,2010-04-24,07:20:52 PM,19:20:00,Hot-Wet,2010-04-24 19:20:00,4
15.30976766,-18.9759847,LA12,2010-04-24,07:40:52 PM,19:40:00,Hot-Wet,2010-04-24 19:40:00,4
15.30126444,-18.97992757,LA12,2010-04-24,08:00:52 PM,20:00:00,Hot-Wet,2010-04-24 20:00:00,4
15.29200439,-18.98258057,LA12,2010-04-24,08:20:52 PM,20:20:00,Hot-Wet,2010-04-24 20:20:00,4
15.28829651,-18.98385213,LA12,2010-04-24,08:40:52 PM,20:40:00,Hot-Wet,2010-04-24 20:40:00,4
15.2815328,-18.98504435,LA12,2010-04-24,09:00:52 PM,21:00:00,Hot-Wet,2010-04-24 21:00:00,4
15.273408,-18.98698527,LA12,2010-04-24,09:20:52 PM,21:20:00,Hot-Wet,2010-04-24 21:20:00,4
15.25943095,-18.98810628,LA12,2010-04-24,09:40:52 PM,21:40:00,Hot-Wet,2010-04-24 21:40:00,4
15.25778707,-18.99569906,LA12,2010-04-24,10:00:52 PM,22:00:00,Hot-Wet,2010-04-24 22:00:00,4
15.25700684,-19.00285441,LA12,2010-04-24,10:20:52 PM,22:20:00,Hot-Wet,2010-04-24 22:20:00,4
15.25512899,-19.00760295,LA12,2010-04-24,10:40:52 PM,22:40:00,Hot-Wet,2010-04-24 22:40:00,4
15.25540466,-19.01308187,LA12,2010-04-24,11:00:52 PM,23:00:00,Hot-Wet,2010-04-24 23:00:00,4
15.25534566,-19.02068278,LA12,2010-04-24,11:20:52 PM,23:20:00,Hot-Wet,2010-04-24 23:20:00,4
15.25338033,-19.02438761,LA12,2010-04-24,11:40:52 PM,23:40:00,Hot-Wet,2010-04-24 23:40:00,4
15.25335897,-19.02469279,LA12,2010-04-25,12:00:52 AM,00:00:00,Hot-Wet,2010-04-25 00:00:00,4
15.2528951,-19.0250529,LA12,2010-04-25,12:20:53 AM,00:20:00,Hot-Wet,2010-04-25 00:20:00,4
15.25312703,-19.02537638,LA12,2010-04-25,12:41:02 AM,00:41:00,Hot-Wet,2010-04-25 00:41:00,4
15.2522349,-19.02602539,LA12,2010-04-25,01:00:52 AM,01:00:00,Hot-Wet,2010-04-25 01:00:00,4
15.24833984,-19.03319295,LA12,2010-04-25,01:20:52 AM,01:20:00,Hot-Wet,2010-04-25 01:20:00,4
15.24455465,-19.04038493,LA12,2010-04-25,01:40:52 AM,01:40:00,Hot-Wet,2010-04-25 01:40:00,4
15.23295898,-19.04598999,LA12,2010-04-25,02:00:52 AM,02:00:00,Hot-Wet,2010-04-25 02:00:00,4
15.22108053,-19.04881592,LA12,2010-04-25,02:20:52 AM,02:20:00,Hot-Wet,2010-04-25 02:20:00,4
15.21800435,-19.05400798,LA12,2010-04-25,02:40:52 AM,02:40:00,Hot-Wet,2010-04-25 02:40:00,4
15.21744283,-19.0545166,LA12,2010-04-25,03:00:52 AM,03:00:00,Hot-Wet,2010-04-25 03:00:00,4
15.21745809,-19.0545166,LA12,2010-04-25,03:20:52 AM,03:20:00,Hot-Wet,2010-04-25 03:20:00,4
15.21575928,-19.05414836,LA12,2010-04-25,03:40:52 AM,03:40:00,Hot-Wet,2010-04-25 03:40:00,4
15.21083374,-19.05475667,LA12,2010-04-25,04:00:52 AM,04:00:00,Hot-Wet,2010-04-25 04:00:00,4
15.20873515,-19.05866292,LA12,2010-04-25,04:20:52 AM,04:20:00,Hot-Wet,2010-04-25 04:20:00,4
15.20835164,-19.05939941,LA12,2010-04-25,04:40:52 AM,04:40:00,Hot-Wet,2010-04-25 04:40:00,4
15.20632833,-19.06072591,LA12,2010-04-25,05:00:52 AM,05:00:00,Hot-Wet,2010-04-25 05:00:00,4
15.20632222,-19.06069946,LA12,2010-04-25,05:20:52 AM,05:20:00,Hot-Wet,2010-04-25 05:20:00,4
15.20621236,-19.06208293,LA12,2010-04-25,05:40:52 AM,05:40:00,Hot-Wet,2010-04-25 05:40:00,4
15.20149841,-19.068691,LA12,2010-04-25,06:00:52 AM,06:00:00,Hot-Wet,2010-04-25 06:00:00,4
15.1985616,-19.07721151,LA12,2010-04-25,06:20:52 AM,06:20:00,Hot-Wet,2010-04-25 06:20:00,4
15.19356283,-19.08521118,LA12,2010-04-25,06:40:52 AM,06:40:00,Hot-Wet,2010-04-25 06:40:00,4
15.1853536,-19.09090576,LA12,2010-04-25,07:00:52 AM,07:00:00,Hot-Wet,2010-04-25 07:00:00,4
15.17677409,-19.09568685,LA12,2010-04-25,07:20:52 AM,07:20:00,Hot-Wet,2010-04-25 07:20:00,4
15.17196655,-19.10226237,LA12,2010-04-25,07:40:52 AM,07:40:00,Hot-Wet,2010-04-25 07:40:00,4
15.1628123,-19.10821737,LA12,2010-04-25,08:00:52 AM,08:00:00,Hot-Wet,2010-04-25 08:00:00,4
15.15865173,-19.11507975,LA12,2010-04-25,08:20:53 AM,08:20:00,Hot-Wet,2010-04-25 08:20:00,4
15.15294189,-19.11981812,LA12,2010-04-25,08:40:52 AM,08:40:00,Hot-Wet,2010-04-25 08:40:00,4
15.14441935,-19.12731323,LA12,2010-04-25,09:00:52 AM,09:00:00,Hot-Wet,2010-04-25 09:00:00,4
15.14029948,-19.1305603,LA12,2010-04-25,09:20:52 AM,09:20:00,Hot-Wet,2010-04-25 09:20:00,4
15.13745931,-19.13331909,LA12,2010-04-25,09:40:52 AM,09:40:00,Hot-Wet,2010-04-25 09:40:00,4
15.13256836,-19.13459676,LA12,2010-04-25,10:00:52 AM,10:00:00,Hot-Wet,2010-04-25 10:00:00,4
15.13245951,-19.13499756,LA12,2010-04-25,10:20:52 AM,10:20:00,Hot-Wet,2010-04-25 10:20:00,4
15.13247884,-19.13497111,LA12,2010-04-25,10:40:52 AM,10:40:00,Hot-Wet,2010-04-25 10:40:00,4
15.13097738,-19.13462524,LA12,2010-04-25,11:00:52 AM,11:00:00,Hot-Wet,2010-04-25 11:00:00,4
15.13103434,-19.13460286,LA12,2010-04-25,11:20:52 AM,11:20:00,Hot-Wet,2010-04-25 11:20:00,4
15.12856038,-19.1369222,LA12,2010-04-25,11:40:52 AM,11:40:00,Hot-Wet,2010-04-25 11:40:00,4
15.12920125,-19.14190674,LA12,2010-04-25,12:00:52 PM,12:00:00,Hot-Wet,2010-04-25 12:00:00,4
15.12654419,-19.14473267,LA12,2010-04-25,12:20:53 PM,12:20:00,Hot-Wet,2010-04-25 12:20:00,4
15.12195638,-19.14542033,LA12,2010-04-25,12:40:52 PM,12:40:00,Hot-Wet,2010-04-25 12:40:00,4
15.12064819,-19.14515991,LA12,2010-04-25,01:00:52 PM,13:00:00,Hot-Wet,2010-04-25 13:00:00,4
15.120165,-19.14516602,LA12,2010-04-25,01:20:52 PM,13:20:00,Hot-Wet,2010-04-25 13:20:00,4
15.11826375,-19.14576823,LA12,2010-04-25,01:40:52 PM,13:40:00,Hot-Wet,2010-04-25 13:40:00,4
15.11813253,-19.14546305,LA12,2010-04-25,02:00:52 PM,14:00:00,Hot-Wet,2010-04-25 14:00:00,4
15.11803284,-19.14469401,LA12,2010-04-25,02:20:52 PM,14:20:00,Hot-Wet,2010-04-25 14:20:00,4
15.11626282,-19.14480387,LA12,2010-04-25,02:40:52 PM,14:40:00,Hot-Wet,2010-04-25 14:40:00,4
15.1138916,-19.14871623,LA12,2010-04-25,03:00:52 PM,15:00:00,Hot-Wet,2010-04-25 15:00:00,4
15.1133311,-19.15004679,LA12,2010-04-25,03:20:52 PM,15:20:00,Hot-Wet,2010-04-25 15:20:00,4
15.11342163,-19.15071004,LA12,2010-04-25,03:40:52 PM,15:40:00,Hot-Wet,2010-04-25 15:40:00,4
15.11305135,-19.15278117,LA12,2010-04-25,04:00:52 PM,16:00:00,Hot-Wet,2010-04-25 16:00:00,4
15.11376953,-19.15639445,LA12,2010-04-25,04:20:52 PM,16:20:00,Hot-Wet,2010-04-25 16:20:00,4
15.11346944,-19.15690511,LA12,2010-04-25,04:40:52 PM,16:40:00,Hot-Wet,2010-04-25 16:40:00,4
15.11342061,-19.15751343,LA12,2010-04-25,05:00:52 PM,17:00:00,Hot-Wet,2010-04-25 17:00:00,4
15.10881246,-19.15802816,LA12,2010-04-25,05:20:52 PM,17:20:00,Hot-Wet,2010-04-25 17:20:00,4
15.10436198,-19.15727946,LA12,2010-04-25,05:40:52 PM,17:40:00,Hot-Wet,2010-04-25 17:40:00,4
15.099705,-19.15559082,LA12,2010-04-25,06:00:52 PM,18:00:00,Hot-Wet,2010-04-25 18:00:00,4
15.09891052,-19.15523885,LA12,2010-04-25,06:20:52 PM,18:20:00,Hot-Wet,2010-04-25 18:20:00,4
15.09823303,-19.15397949,LA12,2010-04-25,06:40:52 PM,18:40:00,Hot-Wet,2010-04-25 18:40:00,4
15.09771016,-19.15298258,LA12,2010-04-25,07:00:52 PM,19:00:00,Hot-Wet,2010-04-25 19:00:00,4
15.09560547,-19.15064494,LA12,2010-04-25,07:20:52 PM,19:20:00,Hot-Wet,2010-04-25 19:20:00,4
15.09496358,-19.15060018,LA12,2010-04-25,07:40:52 PM,19:40:00,Hot-Wet,2010-04-25 19:40:00,4
15.09429321,-19.15049032,LA12,2010-04-25,08:00:52 PM,20:00:00,Hot-Wet,2010-04-25 20:00:00,4
15.09389445,-19.14975993,LA12,2010-04-25,08:20:52 PM,20:20:00,Hot-Wet,2010-04-25 20:20:00,4
15.09312439,-19.14759725,LA12,2010-04-25,08:40:52 PM,20:40:00,Hot-Wet,2010-04-25 20:40:00,4
15.09164327,-19.14480387,LA12,2010-04-25,09:00:52 PM,21:00:00,Hot-Wet,2010-04-25 21:00:00,4
15.09046326,-19.14528605,LA12,2010-04-25,09:20:52 PM,21:20:00,Hot-Wet,2010-04-25 21:20:00,4
15.08759155,-19.14667358,LA12,2010-04-25,09:40:52 PM,21:40:00,Hot-Wet,2010-04-25 21:40:00,4
15.08662618,-19.14725342,LA12,2010-04-25,10:00:52 PM,22:00:00,Hot-Wet,2010-04-25 22:00:00,4
15.08525187,-19.14837036,LA12,2010-04-25,10:20:53 PM,22:20:00,Hot-Wet,2010-04-25 22:20:00,4
15.08527222,-19.14835815,LA12,2010-04-25,10:40:52 PM,22:40:00,Hot-Wet,2010-04-25 22:40:00,4
15.08525289,-19.14832153,LA12,2010-04-25,11:00:52 PM,23:00:00,Hot-Wet,2010-04-25 23:00:00,4
15.08312581,-19.14836833,LA12,2010-04-25,11:20:52 PM,23:20:00,Hot-Wet,2010-04-25 23:20:00,4
15.08048808,-19.14605306,LA12,2010-04-25,11:40:52 PM,23:40:00,Hot-Wet,2010-04-25 23:40:00,4
15.07950745,-19.14567668,LA12,2010-04-26,12:00:52 AM,00:00:00,Hot-Wet,2010-04-26 00:00:00,4
15.07950541,-19.14578044,LA12,2010-04-26,12:20:53 AM,00:20:00,Hot-Wet,2010-04-26 00:20:00,4
15.07949422,-19.14579061,LA12,2010-04-26,12:40:52 AM,00:40:00,Hot-Wet,2010-04-26 00:40:00,4
15.0794932,-19.14576009,LA12,2010-04-26,01:00:52 AM,01:00:00,Hot-Wet,2010-04-26 01:00:00,4
15.07946472,-19.14578044,LA12,2010-04-26,01:20:52 AM,01:20:00,Hot-Wet,2010-04-26 01:20:00,4
15.07948914,-19.14576416,LA12,2010-04-26,01:40:52 AM,01:40:00,Hot-Wet,2010-04-26 01:40:00,4
15.07946269,-19.14576213,LA12,2010-04-26,02:00:52 AM,02:00:00,Hot-Wet,2010-04-26 02:00:00,4
15.07947388,-19.14578247,LA12,2010-04-26,02:20:52 AM,02:20:00,Hot-Wet,2010-04-26 02:20:00,4
15.07946167,-19.14578247,LA12,2010-04-26,02:40:52 AM,02:40:00,Hot-Wet,2010-04-26 02:40:00,4
15.0794576,-19.14579875,LA12,2010-04-26,03:00:52 AM,03:00:00,Hot-Wet,2010-04-26 03:00:00,4
15.07947286,-19.14578247,LA12,2010-04-26,03:20:52 AM,03:20:00,Hot-Wet,2010-04-26 03:20:00,4
15.07954,-19.14576823,LA12,2010-04-26,03:40:52 AM,03:40:00,Hot-Wet,2010-04-26 03:40:00,4
15.07950948,-19.14575806,LA12,2010-04-26,04:00:52 AM,04:00:00,Hot-Wet,2010-04-26 04:00:00,4
15.07947489,-19.14581095,LA12,2010-04-26,04:20:52 AM,04:20:00,Hot-Wet,2010-04-26 04:20:00,4
15.07946472,-19.14581095,LA12,2010-04-26,04:40:52 AM,04:40:00,Hot-Wet,2010-04-26 04:40:00,4
15.07866007,-19.14487305,LA12,2010-04-26,05:00:52 AM,05:00:00,Hot-Wet,2010-04-26 05:00:00,4
15.07644145,-19.14097697,LA12,2010-04-26,05:20:52 AM,05:20:00,Hot-Wet,2010-04-26 05:20:00,4
15.07402547,-19.14072673,LA12,2010-04-26,05:40:52 AM,05:40:00,Hot-Wet,2010-04-26 05:40:00,4
15.0701416,-19.14040527,LA12,2010-04-26,06:00:52 AM,06:00:00,Hot-Wet,2010-04-26 06:00:00,4
15.06532898,-19.13793945,LA12,2010-04-26,06:20:52 AM,06:20:00,Hot-Wet,2010-04-26 06:20:00,4
15.05967712,-19.1314799,LA12,2010-04-26,06:40:52 AM,06:40:00,Hot-Wet,2010-04-26 06:40:00,4
15.05111491,-19.13115234,LA12,2010-04-26,07:00:52 AM,07:00:00,Hot-Wet,2010-04-26 07:00:00,4
15.04331258,-19.1270813,LA12,2010-04-26,07:20:52 AM,07:20:00,Hot-Wet,2010-04-26 07:20:00,4
15.03395894,-19.12891439,LA12,2010-04-26,07:40:52 AM,07:40:00,Hot-Wet,2010-04-26 07:40:00,4
15.02379761,-19.12866007,LA12,2010-04-26,08:00:52 AM,08:00:00,Hot-Wet,2010-04-26 08:00:00,4
15.01891479,-19.13117879,LA12,2010-04-26,08:20:52 AM,08:20:00,Hot-Wet,2010-04-26 08:20:00,4
15.01732178,-19.12871908,LA12,2010-04-26,08:40:52 AM,08:40:00,Hot-Wet,2010-04-26 08:40:00,4
15.01545715,-19.12749227,LA12,2010-04-26,09:00:52 AM,09:00:00,Hot-Wet,2010-04-26 09:00:00,4
15.01362305,-19.12767537,LA12,2010-04-26,09:20:52 AM,09:20:00,Hot-Wet,2010-04-26 09:20:00,4
15.01170553,-19.12928467,LA12,2010-04-26,09:40:52 AM,09:40:00,Hot-Wet,2010-04-26 09:40:00,4
15.01124471,-19.12920736,LA12,2010-04-26,10:00:52 AM,10:00:00,Hot-Wet,2010-04-26 10:00:00,4
15.01080119,-19.12997843,LA12,2010-04-26,10:20:52 AM,10:20:00,Hot-Wet,2010-04-26 10:20:00,4
15.01077576,-19.1299703,LA12,2010-04-26,10:40:52 AM,10:40:00,Hot-Wet,2010-04-26 10:40:00,4
15.01080322,-19.12999471,LA12,2010-04-26,11:00:52 AM,11:00:00,Hot-Wet,2010-04-26 11:00:00,4
15.01090393,-19.13003337,LA12,2010-04-26,11:20:52 AM,11:20:00,Hot-Wet,2010-04-26 11:20:00,4
15.01111348,-19.12993774,LA12,2010-04-26,11:40:52 AM,11:40:00,Hot-Wet,2010-04-26 11:40:00,4
15.01133626,-19.12986247,LA12,2010-04-26,12:00:52 PM,12:00:00,Hot-Wet,2010-04-26 12:00:00,4
15.01293335,-19.13004557,LA12,2010-04-26,12:20:53 PM,12:20:00,Hot-Wet,2010-04-26 12:20:00,4
15.01401774,-19.1305481,LA12,2010-04-26,12:40:52 PM,12:40:00,Hot-Wet,2010-04-26 12:40:00,4
15.01566569,-19.13233643,LA12,2010-04-26,01:00:52 PM,13:00:00,Hot-Wet,2010-04-26 13:00:00,4
15.01348877,-19.134493,LA12,2010-04-26,01:20:52 PM,13:20:00,Hot-Wet,2010-04-26 13:20:00,4
15.0136556,-19.13644206,LA12,2010-04-26,01:40:52 PM,13:40:00,Hot-Wet,2010-04-26 13:40:00,4
15.01234029,-19.1382609,LA12,2010-04-26,02:00:52 PM,14:00:00,Hot-Wet,2010-04-26 14:00:00,4
15.0099528,-19.14269002,LA12,2010-04-26,02:20:52 PM,14:20:00,Hot-Wet,2010-04-26 14:20:00,4
15.00886536,-19.14378052,LA12,2010-04-26,02:40:52 PM,14:40:00,Hot-Wet,2010-04-26 14:40:00,4
15.00783895,-19.14448039,LA12,2010-04-26,03:00:52 PM,15:00:00,Hot-Wet,2010-04-26 15:00:00,4
15.00723267,-19.14605916,LA12,2010-04-26,03:20:52 PM,15:20:00,Hot-Wet,2010-04-26 15:20:00,4
15.00693563,-19.14928589,LA12,2010-04-26,03:40:52 PM,15:40:00,Hot-Wet,2010-04-26 15:40:00,4
15.00759888,-19.15124512,LA12,2010-04-26,04:00:52 PM,16:00:00,Hot-Wet,2010-04-26 16:00:00,4
15.00838725,-19.15302327,LA12,2010-04-26,04:20:52 PM,16:20:00,Hot-Wet,2010-04-26 16:20:00,4
15.00832113,-19.15446574,LA12,2010-04-26,04:40:52 PM,16:40:00,Hot-Wet,2010-04-26 16:40:00,4
15.00894674,-19.15558472,LA12,2010-04-26,05:00:52 PM,17:00:00,Hot-Wet,2010-04-26 17:00:00,4
15.01010742,-19.15708211,LA12,2010-04-26,05:20:52 PM,17:20:00,Hot-Wet,2010-04-26 17:20:00,4
15.00951029,-19.15869954,LA12,2010-04-26,05:40:52 PM,17:40:00,Hot-Wet,2010-04-26 17:40:00,4
15.00963643,-19.16300456,LA12,2010-04-26,06:00:52 PM,18:00:00,Hot-Wet,2010-04-26 18:00:00,4
15.00972799,-19.16335653,LA12,2010-04-26,06:20:52 PM,18:20:00,Hot-Wet,2010-04-26 18:20:00,4
15.01150513,-19.16777344,LA12,2010-04-26,06:40:53 PM,18:40:00,Hot-Wet,2010-04-26 18:40:00,4
15.01091817,-19.17197266,LA12,2010-04-26,07:00:52 PM,19:00:00,Hot-Wet,2010-04-26 19:00:00,4
15.01102295,-19.17329305,LA12,2010-04-26,07:20:52 PM,19:20:00,Hot-Wet,2010-04-26 19:20:00,4
15.00919088,-19.1768453,LA12,2010-04-26,07:40:52 PM,19:40:00,Hot-Wet,2010-04-26 19:40:00,4
15.00696818,-19.17902629,LA12,2010-04-26,08:00:52 PM,20:00:00,Hot-Wet,2010-04-26 20:00:00,4
15.00760701,-19.17940063,LA12,2010-04-26,08:20:52 PM,20:20:00,Hot-Wet,2010-04-26 20:20:00,4
15.01021322,-19.17858276,LA12,2010-04-26,08:40:52 PM,20:40:00,Hot-Wet,2010-04-26 20:40:00,4
15.01100362,-19.17870483,LA12,2010-04-26,09:00:52 PM,21:00:00,Hot-Wet,2010-04-26 21:00:00,4
15.01022746,-19.17882894,LA12,2010-04-26,09:20:52 PM,21:20:00,Hot-Wet,2010-04-26 21:20:00,4
15.00990295,-19.1787089,LA12,2010-04-26,09:40:52 PM,21:40:00,Hot-Wet,2010-04-26 21:40:00,4
15.00948486,-19.18053182,LA12,2010-04-26,10:00:52 PM,22:00:00,Hot-Wet,2010-04-26 22:00:00,4
15.01047668,-19.18186442,LA12,2010-04-26,10:20:52 PM,22:20:00,Hot-Wet,2010-04-26 22:20:00,4
15.0109731,-19.18238118,LA12,2010-04-26,10:40:52 PM,22:40:00,Hot-Wet,2010-04-26 22:40:00,4
15.01086426,-19.18232625,LA12,2010-04-26,11:00:52 PM,23:00:00,Hot-Wet,2010-04-26 23:00:00,4
15.0104126,-19.18263143,LA12,2010-04-26,11:20:52 PM,23:20:00,Hot-Wet,2010-04-26 23:20:00,4
15.01016947,-19.18429769,LA12,2010-04-26,11:40:52 PM,23:40:00,Hot-Wet,2010-04-26 23:40:00,4
15.00949097,-19.18431396,LA12,2010-04-27,12:00:52 AM,00:00:00,Hot-Wet,2010-04-27 00:00:00,4
15.00741781,-19.18583577,LA12,2010-04-27,12:20:52 AM,00:20:00,Hot-Wet,2010-04-27 00:20:00,4
15.00579427,-19.18672282,LA12,2010-04-27,12:40:52 AM,00:40:00,Hot-Wet,2010-04-27 00:40:00,4
15.00528971,-19.18819377,LA12,2010-04-27,01:00:52 AM,01:00:00,Hot-Wet,2010-04-27 01:00:00,4
15.00472717,-19.18932902,LA12,2010-04-27,01:20:52 AM,01:20:00,Hot-Wet,2010-04-27 01:20:00,4
15.00461934,-19.18933716,LA12,2010-04-27,01:40:52 AM,01:40:00,Hot-Wet,2010-04-27 01:40:00,4
15.0046346,-19.18933716,LA12,2010-04-27,02:00:52 AM,02:00:00,Hot-Wet,2010-04-27 02:00:00,4
15.00462341,-19.18931681,LA12,2010-04-27,02:20:52 AM,02:20:00,Hot-Wet,2010-04-27 02:20:00,4
15.00463155,-19.1893514,LA12,2010-04-27,02:40:52 AM,02:40:00,Hot-Wet,2010-04-27 02:40:00,4
15.00459595,-19.18934326,LA12,2010-04-27,03:00:52 AM,03:00:00,Hot-Wet,2010-04-27 03:00:00,4
15.00460815,-19.18932699,LA12,2010-04-27,03:20:52 AM,03:20:00,Hot-Wet,2010-04-27 03:20:00,4
15.00458374,-19.18934123,LA12,2010-04-27,03:40:52 AM,03:40:00,Hot-Wet,2010-04-27 03:40:00,4
15.00461019,-19.18932495,LA12,2010-04-27,04:00:52 AM,04:00:00,Hot-Wet,2010-04-27 04:00:00,4
15.00459188,-19.18935343,LA12,2010-04-27,04:20:52 AM,04:20:00,Hot-Wet,2010-04-27 04:20:00,4
15.00420125,-19.18951009,LA12,2010-04-27,04:40:52 AM,04:40:00,Hot-Wet,2010-04-27 04:40:00,4
15.00360006,-19.18953654,LA12,2010-04-27,05:00:52 AM,05:00:00,Hot-Wet,2010-04-27 05:00:00,4
15.00309041,-19.18959961,LA12,2010-04-27,05:20:52 AM,05:20:00,Hot-Wet,2010-04-27 05:20:00,4
15.00012817,-19.18750814,LA12,2010-04-27,05:40:52 AM,05:40:00,Hot-Wet,2010-04-27 05:40:00,4
14.99770915,-19.18591309,LA12,2010-04-27,06:00:52 AM,06:00:00,Hot-Wet,2010-04-27 06:00:00,4
14.99447327,-19.18171183,LA12,2010-04-27,06:20:52 AM,06:20:00,Hot-Wet,2010-04-27 06:20:00,4
14.99144694,-19.17620443,LA12,2010-04-27,06:40:52 AM,06:40:00,Hot-Wet,2010-04-27 06:40:00,4
14.99070435,-19.17509969,LA12,2010-04-27,07:00:52 AM,07:00:00,Hot-Wet,2010-04-27 07:00:00,4
14.98924357,-19.17103475,LA12,2010-04-27,07:20:52 AM,07:20:00,Hot-Wet,2010-04-27 07:20:00,4
14.9877065,-19.16838175,LA12,2010-04-27,07:40:52 AM,07:40:00,Hot-Wet,2010-04-27 07:40:00,4
14.98609314,-19.16390584,LA12,2010-04-27,08:00:52 AM,08:00:00,Hot-Wet,2010-04-27 08:00:00,4
14.98540243,-19.15952352,LA12,2010-04-27,08:20:52 AM,08:20:00,Hot-Wet,2010-04-27 08:20:00,4
14.9871877,-19.15330607,LA12,2010-04-27,08:40:52 AM,08:40:00,Hot-Wet,2010-04-27 08:40:00,4
14.98809408,-19.15265096,LA12,2010-04-27,09:00:52 AM,09:00:00,Hot-Wet,2010-04-27 09:00:00,4
14.98910116,-19.1480896,LA12,2010-04-27,09:20:52 AM,09:20:00,Hot-Wet,2010-04-27 09:20:00,4
14.99298197,-19.14490153,LA12,2010-04-27,09:40:52 AM,09:40:00,Hot-Wet,2010-04-27 09:40:00,4
14.99715373,-19.14407349,LA12,2010-04-27,10:00:52 AM,10:00:00,Hot-Wet,2010-04-27 10:00:00,4
14.99945577,-19.14369507,LA12,2010-04-27,10:20:52 AM,10:20:00,Hot-Wet,2010-04-27 10:20:00,4
14.99907633,-19.14260864,LA12,2010-04-27,10:40:52 AM,10:40:00,Hot-Wet,2010-04-27 10:40:00,4
14.99657694,-19.13917847,LA12,2010-04-27,11:00:52 AM,11:00:00,Hot-Wet,2010-04-27 11:00:00,4
14.99578959,-19.13925171,LA12,2010-04-27,11:20:52 AM,11:20:00,Hot-Wet,2010-04-27 11:20:00,4
14.99526062,-19.13964844,LA12,2010-04-27,11:40:52 AM,11:40:00,Hot-Wet,2010-04-27 11:40:00,4
14.99400126,-19.14029541,LA12,2010-04-27,12:00:52 PM,12:00:00,Hot-Wet,2010-04-27 12:00:00,4
14.99354858,-19.14055176,LA12,2010-04-27,12:20:52 PM,12:20:00,Hot-Wet,2010-04-27 12:20:00,4
14.99362488,-19.14113973,LA12,2010-04-27,12:40:52 PM,12:40:00,Hot-Wet,2010-04-27 12:40:00,4
14.99379272,-19.14154256,LA12,2010-04-27,01:00:52 PM,13:00:00,Hot-Wet,2010-04-27 13:00:00,4
14.99379679,-19.14152832,LA12,2010-04-27,01:20:52 PM,13:20:00,Hot-Wet,2010-04-27 13:20:00,4
14.99419556,-19.14277751,LA12,2010-04-27,01:40:52 PM,13:40:00,Hot-Wet,2010-04-27 13:40:00,4
14.99662476,-19.14376831,LA12,2010-04-27,02:00:52 PM,14:00:00,Hot-Wet,2010-04-27 14:00:00,4
14.9969869,-19.14429728,LA12,2010-04-27,02:20:52 PM,14:20:00,Hot-Wet,2010-04-27 14:20:00,4
14.99771016,-19.14492798,LA12,2010-04-27,02:40:52 PM,14:40:00,Hot-Wet,2010-04-27 14:40:00,4
15.00239461,-19.14819539,LA12,2010-04-27,03:00:52 PM,15:00:00,Hot-Wet,2010-04-27 15:00:00,4
15.00499166,-19.15298462,LA12,2010-04-27,03:20:52 PM,15:20:00,Hot-Wet,2010-04-27 15:20:00,4
15.00889486,-19.16019287,LA12,2010-04-27,03:40:52 PM,15:40:00,Hot-Wet,2010-04-27 15:40:00,4
15.01263529,-19.16678874,LA12,2010-04-27,04:00:52 PM,16:00:00,Hot-Wet,2010-04-27 16:00:00,4
15.01561788,-19.17343953,LA12,2010-04-27,04:20:52 PM,16:20:00,Hot-Wet,2010-04-27 16:20:00,4
15.01682841,-19.18106486,LA12,2010-04-27,04:40:52 PM,16:40:00,Hot-Wet,2010-04-27 16:40:00,4
15.01916097,-19.18659261,LA12,2010-04-27,05:00:52 PM,17:00:00,Hot-Wet,2010-04-27 17:00:00,4
15.02094523,-19.19095662,LA12,2010-04-27,05:20:52 PM,17:20:00,Hot-Wet,2010-04-27 17:20:00,4
15.02658081,-19.19859416,LA12,2010-04-27,05:40:52 PM,17:40:00,Hot-Wet,2010-04-27 17:40:00,4
15.02886454,-19.20460205,LA12,2010-04-27,06:00:52 PM,18:00:00,Hot-Wet,2010-04-27 18:00:00,4
15.02973124,-19.20555216,LA12,2010-04-27,06:20:52 PM,18:20:00,Hot-Wet,2010-04-27 18:20:00,4
15.0320933,-19.20660197,LA12,2010-04-27,06:40:52 PM,18:40:00,Hot-Wet,2010-04-27 18:40:00,4
15.03452657,-19.20650228,LA12,2010-04-27,07:00:52 PM,19:00:00,Hot-Wet,2010-04-27 19:00:00,4
15.03465271,-19.20643107,LA12,2010-04-27,07:20:52 PM,19:20:00,Hot-Wet,2010-04-27 19:20:00,4
15.03449402,-19.20616048,LA12,2010-04-27,07:40:52 PM,19:40:00,Hot-Wet,2010-04-27 19:40:00,4
15.03448385,-19.20585734,LA12,2010-04-27,08:00:52 PM,20:00:00,Hot-Wet,2010-04-27 20:00:00,4
15.03421427,-19.20566203,LA12,2010-04-27,08:20:52 PM,20:20:00,Hot-Wet,2010-04-27 20:20:00,4
15.03395894,-19.20571289,LA12,2010-04-27,08:40:52 PM,20:40:00,Hot-Wet,2010-04-27 20:40:00,4
15.0344045,-19.20540568,LA12,2010-04-27,09:00:52 PM,21:00:00,Hot-Wet,2010-04-27 21:00:00,4
15.03496195,-19.20499268,LA12,2010-04-27,09:20:52 PM,21:20:00,Hot-Wet,2010-04-27 21:20:00,4
15.03651021,-19.20523275,LA12,2010-04-27,09:40:52 PM,21:40:00,Hot-Wet,2010-04-27 21:40:00,4
15.03696798,-19.20596517,LA12,2010-04-27,10:00:52 PM,22:00:00,Hot-Wet,2010-04-27 22:00:00,4
15.03756917,-19.20653483,LA12,2010-04-27,10:20:52 PM,22:20:00,Hot-Wet,2010-04-27 22:20:00,4
15.03818156,-19.20692139,LA12,2010-04-27,10:40:52 PM,22:40:00,Hot-Wet,2010-04-27 22:40:00,4
15.03857625,-19.20620728,LA12,2010-04-27,11:00:52 PM,23:00:00,Hot-Wet,2010-04-27 23:00:00,4
15.0387797,-19.20529582,LA12,2010-04-27,11:20:52 PM,23:20:00,Hot-Wet,2010-04-27 23:20:00,4
15.03912964,-19.20425212,LA12,2010-04-27,11:40:52 PM,23:40:00,Hot-Wet,2010-04-27 23:40:00,4
15.03911947,-19.20425212,LA12,2010-04-28,12:00:52 AM,00:00:00,Hot-Wet,2010-04-28 00:00:00,4
15.03888346,-19.20317586,LA12,2010-04-28,12:20:52 AM,00:20:00,Hot-Wet,2010-04-28 00:20:00,4
15.03831889,-19.20291138,LA12,2010-04-28,12:40:52 AM,00:40:00,Hot-Wet,2010-04-28 00:40:00,4
15.0383138,-19.2028951,LA12,2010-04-28,01:00:52 AM,01:00:00,Hot-Wet,2010-04-28 01:00:00,4
15.03833516,-19.202889,LA12,2010-04-28,01:20:52 AM,01:20:00,Hot-Wet,2010-04-28 01:20:00,4
15.03831075,-19.20288086,LA12,2010-04-28,01:40:52 AM,01:40:00,Hot-Wet,2010-04-28 01:40:00,4
15.03831991,-19.20292358,LA12,2010-04-28,02:00:52 AM,02:00:00,Hot-Wet,2010-04-28 02:00:00,4
15.03830668,-19.20290731,LA12,2010-04-28,02:20:52 AM,02:20:00,Hot-Wet,2010-04-28 02:20:00,4
15.03831889,-19.20292358,LA12,2010-04-28,02:40:53 AM,02:40:00,Hot-Wet,2010-04-28 02:40:00,4
15.03831177,-19.20291341,LA12,2010-04-28,03:00:52 AM,03:00:00,Hot-Wet,2010-04-28 03:00:00,4
15.03830261,-19.20292562,LA12,2010-04-28,03:20:52 AM,03:20:00,Hot-Wet,2010-04-28 03:20:00,4
15.03830872,-19.20290527,LA12,2010-04-28,03:40:52 AM,03:40:00,Hot-Wet,2010-04-28 03:40:00,4
15.03828939,-19.20286458,LA12,2010-04-28,04:00:52 AM,04:00:00,Hot-Wet,2010-04-28 04:00:00,4
15.03820699,-19.20263468,LA12,2010-04-28,04:20:52 AM,04:20:00,Hot-Wet,2010-04-28 04:20:00,4
15.03809306,-19.20125529,LA12,2010-04-28,04:41:02 AM,04:41:00,Hot-Wet,2010-04-28 04:41:00,4
15.03631388,-19.19926351,LA12,2010-04-28,05:00:52 AM,05:00:00,Hot-Wet,2010-04-28 05:00:00,4
15.03689575,-19.19696859,LA12,2010-04-28,05:20:52 AM,05:20:00,Hot-Wet,2010-04-28 05:20:00,4
15.03631999,-19.1920756,LA12,2010-04-28,05:40:52 AM,05:40:00,Hot-Wet,2010-04-28 05:40:00,4
15.03542277,-19.18905029,LA12,2010-04-28,06:00:52 AM,06:00:00,Hot-Wet,2010-04-28 06:00:00,4
15.03531698,-19.18862712,LA12,2010-04-28,06:20:52 AM,06:20:00,Hot-Wet,2010-04-28 06:20:00,4
15.0352061,-19.18845622,LA12,2010-04-28,06:40:52 AM,06:40:00,Hot-Wet,2010-04-28 06:40:00,4
15.03522237,-19.18844198,LA12,2010-04-28,07:00:52 AM,07:00:00,Hot-Wet,2010-04-28 07:00:00,4
15.03525289,-19.18842773,LA12,2010-04-28,07:20:52 AM,07:20:00,Hot-Wet,2010-04-28 07:20:00,4
15.03495585,-19.18765259,LA12,2010-04-28,07:40:52 AM,07:40:00,Hot-Wet,2010-04-28 07:40:00,4
15.03478902,-19.18371582,LA12,2010-04-28,08:00:52 AM,08:00:00,Hot-Wet,2010-04-28 08:00:00,4
15.03712056,-19.17990519,LA12,2010-04-28,08:20:52 AM,08:20:00,Hot-Wet,2010-04-28 08:20:00,4
15.0350474,-19.17825114,LA12,2010-04-28,08:40:52 AM,08:40:00,Hot-Wet,2010-04-28 08:40:00,4
15.03269145,-19.17567546,LA12,2010-04-28,09:00:52 AM,09:00:00,Hot-Wet,2010-04-28 09:00:00,4
15.03238322,-19.17512207,LA12,2010-04-28,09:20:52 AM,09:20:00,Hot-Wet,2010-04-28 09:20:00,4
15.03023682,-19.17395833,LA12,2010-04-28,09:40:52 AM,09:40:00,Hot-Wet,2010-04-28 09:40:00,4
15.02888184,-19.17286174,LA12,2010-04-28,10:00:52 AM,10:00:00,Hot-Wet,2010-04-28 10:00:00,4
15.02552287,-19.16848755,LA12,2010-04-28,10:20:52 AM,10:20:00,Hot-Wet,2010-04-28 10:20:00,4
15.01971741,-19.16248983,LA12,2010-04-28,10:40:52 AM,10:40:00,Hot-Wet,2010-04-28 10:40:00,4
15.01742045,-19.16150716,LA12,2010-04-28,11:00:52 AM,11:00:00,Hot-Wet,2010-04-28 11:00:00,4
15.01669312,-19.16197713,LA12,2010-04-28,11:20:52 AM,11:20:00,Hot-Wet,2010-04-28 11:20:00,4
15.01875,-19.16431885,LA12,2010-04-28,11:40:52 AM,11:40:00,Hot-Wet,2010-04-28 11:40:00,4
15.01896667,-19.1652832,LA12,2010-04-28,12:00:52 PM,12:00:00,Hot-Wet,2010-04-28 12:00:00,4
15.01854858,-19.16437785,LA12,2010-04-28,12:20:53 PM,12:20:00,Hot-Wet,2010-04-28 12:20:00,4
15.01923523,-19.16306763,LA12,2010-04-28,12:40:52 PM,12:40:00,Hot-Wet,2010-04-28 12:40:00,4
15.01581828,-19.15536499,LA12,2010-04-28,01:00:52 PM,13:00:00,Hot-Wet,2010-04-28 13:00:00,4
15.01598002,-19.1457255,LA12,2010-04-28,01:20:52 PM,13:20:00,Hot-Wet,2010-04-28 13:20:00,4
15.0152476,-19.13777873,LA12,2010-04-28,01:40:52 PM,13:40:00,Hot-Wet,2010-04-28 13:40:00,4
15.01890462,-19.13156942,LA12,2010-04-28,02:00:52 PM,14:00:00,Hot-Wet,2010-04-28 14:00:00,4
15.01930644,-19.13135783,LA12,2010-04-28,02:20:52 PM,14:20:00,Hot-Wet,2010-04-28 14:20:00,4
15.01832174,-19.13318888,LA12,2010-04-28,02:40:52 PM,14:40:00,Hot-Wet,2010-04-28 14:40:00,4
15.01874695,-19.13354289,LA12,2010-04-28,03:00:52 PM,15:00:00,Hot-Wet,2010-04-28 15:00:00,4
15.021462,-19.13774414,LA12,2010-04-28,03:20:52 PM,15:20:00,Hot-Wet,2010-04-28 15:20:00,4
15.02052409,-19.1400472,LA12,2010-04-28,03:40:53 PM,15:40:00,Hot-Wet,2010-04-28 15:40:00,4
15.02162679,-19.14329427,LA12,2010-04-28,04:00:52 PM,16:00:00,Hot-Wet,2010-04-28 16:00:00,4
15.02149353,-19.14851888,LA12,2010-04-28,04:20:52 PM,16:20:00,Hot-Wet,2010-04-28 16:20:00,4
15.02297363,-19.15372925,LA12,2010-04-28,04:40:52 PM,16:40:00,Hot-Wet,2010-04-28 16:40:00,4
15.02458903,-19.16071167,LA12,2010-04-28,05:00:52 PM,17:00:00,Hot-Wet,2010-04-28 17:00:00,4
15.02692464,-19.1682902,LA12,2010-04-28,05:20:52 PM,17:20:00,Hot-Wet,2010-04-28 17:20:00,4
15.02859802,-19.17437134,LA12,2010-04-28,05:40:52 PM,17:40:00,Hot-Wet,2010-04-28 17:40:00,4
15.027889,-19.17911784,LA12,2010-04-28,06:00:52 PM,18:00:00,Hot-Wet,2010-04-28 18:00:00,4
15.02835185,-19.18558146,LA12,2010-04-28,06:20:52 PM,18:20:00,Hot-Wet,2010-04-28 18:20:00,4
15.03235677,-19.19179688,LA12,2010-04-28,06:40:52 PM,18:40:00,Hot-Wet,2010-04-28 18:40:00,4
15.03633626,-19.19970703,LA12,2010-04-28,07:00:52 PM,19:00:00,Hot-Wet,2010-04-28 19:00:00,4
15.03678182,-19.20201619,LA12,2010-04-28,07:20:52 PM,19:20:00,Hot-Wet,2010-04-28 19:20:00,4
15.03893127,-19.20331828,LA12,2010-04-28,07:40:52 PM,19:40:00,Hot-Wet,2010-04-28 19:40:00,4
15.04021912,-19.20415039,LA12,2010-04-28,08:00:52 PM,20:00:00,Hot-Wet,2010-04-28 20:00:00,4
15.0404541,-19.20422363,LA12,2010-04-28,08:20:52 PM,20:20:00,Hot-Wet,2010-04-28 20:20:00,4
15.04067179,-19.20447795,LA12,2010-04-28,08:40:52 PM,20:40:00,Hot-Wet,2010-04-28 20:40:00,4
15.04111633,-19.2043457,LA12,2010-04-28,09:00:52 PM,21:00:00,Hot-Wet,2010-04-28 21:00:00,4
15.04196574,-19.2052063,LA12,2010-04-28,09:20:52 PM,21:20:00,Hot-Wet,2010-04-28 21:20:00,4
15.04218038,-19.20526123,LA12,2010-04-28,09:40:52 PM,21:40:00,Hot-Wet,2010-04-28 21:40:00,4
15.04269002,-19.20543416,LA12,2010-04-28,10:00:52 PM,22:00:00,Hot-Wet,2010-04-28 22:00:00,4
15.04359131,-19.20581665,LA12,2010-04-28,10:20:52 PM,22:20:00,Hot-Wet,2010-04-28 22:20:00,4
15.04429423,-19.20525309,LA12,2010-04-28,10:40:52 PM,22:40:00,Hot-Wet,2010-04-28 22:40:00,4
15.04454041,-19.20516357,LA12,2010-04-28,11:00:52 PM,23:00:00,Hot-Wet,2010-04-28 23:00:00,4
15.04554545,-19.20602417,LA12,2010-04-28,11:20:52 PM,23:20:00,Hot-Wet,2010-04-28 23:20:00,4
15.04554647,-19.20598958,LA12,2010-04-28,11:40:53 PM,23:40:00,Hot-Wet,2010-04-28 23:40:00,4
15.04579061,-19.20563354,LA12,2010-04-29,12:00:52 AM,00:00:00,Hot-Wet,2010-04-29 00:00:00,4
15.04608968,-19.2056132,LA12,2010-04-29,12:20:52 AM,00:20:00,Hot-Wet,2010-04-29 00:20:00,4
15.04627686,-19.20438029,LA12,2010-04-29,12:40:52 AM,00:40:00,Hot-Wet,2010-04-29 00:40:00,4
15.0463328,-19.2043396,LA12,2010-04-29,01:00:52 AM,01:00:00,Hot-Wet,2010-04-29 01:00:00,4
15.04633382,-19.20435384,LA12,2010-04-29,01:20:52 AM,01:20:00,Hot-Wet,2010-04-29 01:20:00,4
15.04635111,-19.20432536,LA12,2010-04-29,01:40:52 AM,01:40:00,Hot-Wet,2010-04-29 01:40:00,4
15.04599508,-19.20348714,LA12,2010-04-29,02:00:52 AM,02:00:00,Hot-Wet,2010-04-29 02:00:00,4
15.04667257,-19.20244344,LA12,2010-04-29,02:20:52 AM,02:20:00,Hot-Wet,2010-04-29 02:20:00,4
15.04694417,-19.20239868,LA12,2010-04-29,02:40:52 AM,02:40:00,Hot-Wet,2010-04-29 02:40:00,4
15.04693095,-19.20240275,LA12,2010-04-29,03:00:52 AM,03:00:00,Hot-Wet,2010-04-29 03:00:00,4
15.0469401,-19.20240275,LA12,2010-04-29,03:20:58 AM,03:20:00,Hot-Wet,2010-04-29 03:20:00,4
15.0469401,-19.20242106,LA12,2010-04-29,03:40:52 AM,03:40:00,Hot-Wet,2010-04-29 03:40:00,4
15.04693197,-19.20240885,LA12,2010-04-29,04:00:52 AM,04:00:00,Hot-Wet,2010-04-29 04:00:00,4
15.04704285,-19.20246175,LA12,2010-04-29,04:20:52 AM,04:20:00,Hot-Wet,2010-04-29 04:20:00,4
15.04560242,-19.20315348,LA12,2010-04-29,04:40:52 AM,04:40:00,Hot-Wet,2010-04-29 04:40:00,4
15.04471029,-19.20206299,LA12,2010-04-29,05:00:52 AM,05:00:00,Hot-Wet,2010-04-29 05:00:00,4
15.04396973,-19.19766439,LA12,2010-04-29,05:20:52 AM,05:20:00,Hot-Wet,2010-04-29 05:20:00,4
15.0429952,-19.19322306,LA12,2010-04-29,05:40:52 AM,05:40:00,Hot-Wet,2010-04-29 05:40:00,4
15.04156087,-19.19016724,LA12,2010-04-29,06:00:52 AM,06:00:00,Hot-Wet,2010-04-29 06:00:00,4
15.04093933,-19.19001261,LA12,2010-04-29,06:20:52 AM,06:20:00,Hot-Wet,2010-04-29 06:20:00,4
15.03995667,-19.18897298,LA12,2010-04-29,06:40:52 AM,06:40:00,Hot-Wet,2010-04-29 06:40:00,4
15.0397878,-19.18785197,LA12,2010-04-29,07:00:52 AM,07:00:00,Hot-Wet,2010-04-29 07:00:00,4
15.03962911,-19.1868042,LA12,2010-04-29,07:20:52 AM,07:20:00,Hot-Wet,2010-04-29 07:20:00,4
15.03835042,-19.18123983,LA12,2010-04-29,07:40:52 AM,07:40:00,Hot-Wet,2010-04-29 07:40:00,4
15.03851725,-19.17648315,LA12,2010-04-29,08:00:52 AM,08:00:00,Hot-Wet,2010-04-29 08:00:00,4
15.03584493,-19.16988932,LA12,2010-04-29,08:20:52 AM,08:20:00,Hot-Wet,2010-04-29 08:20:00,4
15.03135071,-19.16531169,LA12,2010-04-29,08:40:52 AM,08:40:00,Hot-Wet,2010-04-29 08:40:00,4
15.02684428,-19.16007487,LA12,2010-04-29,09:00:52 AM,09:00:00,Hot-Wet,2010-04-29 09:00:00,4
15.01967265,-19.15593058,LA12,2010-04-29,09:20:52 AM,09:20:00,Hot-Wet,2010-04-29 09:20:00,4
15.01673381,-19.14647013,LA12,2010-04-29,09:40:52 AM,09:40:00,Hot-Wet,2010-04-29 09:40:00,4
15.01561991,-19.1398763,LA12,2010-04-29,10:00:52 AM,10:00:00,Hot-Wet,2010-04-29 10:00:00,4
15.01651815,-19.13607381,LA12,2010-04-29,10:20:52 AM,10:20:00,Hot-Wet,2010-04-29 10:20:00,4
15.01747131,-19.13513997,LA12,2010-04-29,10:40:52 AM,10:40:00,Hot-Wet,2010-04-29 10:40:00,4
15.01888123,-19.13150024,LA12,2010-04-29,11:00:52 AM,11:00:00,Hot-Wet,2010-04-29 11:00:00,4
15.01888428,-19.13149211,LA12,2010-04-29,11:20:52 AM,11:20:00,Hot-Wet,2010-04-29 11:20:00,4
15.01902771,-19.13138835,LA12,2010-04-29,11:40:52 AM,11:40:00,Hot-Wet,2010-04-29 11:40:00,4
15.01902873,-19.13117676,LA12,2010-04-29,12:00:52 PM,12:00:00,Hot-Wet,2010-04-29 12:00:00,4
15.01901855,-19.13120728,LA12,2010-04-29,12:20:52 PM,12:20:00,Hot-Wet,2010-04-29 12:20:00,4
15.01882731,-19.1351888,LA12,2010-04-29,12:40:52 PM,12:40:00,Hot-Wet,2010-04-29 12:40:00,4
15.01735026,-19.14007365,LA12,2010-04-29,01:00:52 PM,13:00:00,Hot-Wet,2010-04-29 13:00:00,4
15.01600444,-19.14079386,LA12,2010-04-29,01:20:52 PM,13:20:00,Hot-Wet,2010-04-29 13:20:00,4
15.01130371,-19.13631592,LA12,2010-04-29,01:40:52 PM,13:40:00,Hot-Wet,2010-04-29 13:40:00,4
15.01107585,-19.13367716,LA12,2010-04-29,02:00:52 PM,14:00:00,Hot-Wet,2010-04-29 14:00:00,4
15.01408183,-19.13059082,LA12,2010-04-29,02:20:52 PM,14:20:00,Hot-Wet,2010-04-29 14:20:00,4
15.01983541,-19.13201701,LA12,2010-04-29,02:40:52 PM,14:40:00,Hot-Wet,2010-04-29 14:40:00,4
15.02065837,-19.14002889,LA12,2010-04-29,03:00:52 PM,15:00:00,Hot-Wet,2010-04-29 15:00:00,4
15.02158813,-19.14188843,LA12,2010-04-29,03:20:52 PM,15:20:00,Hot-Wet,2010-04-29 15:20:00,4
15.02024638,-19.14570109,LA12,2010-04-29,03:40:52 PM,15:40:00,Hot-Wet,2010-04-29 15:40:00,4
15.01883036,-19.15222982,LA12,2010-04-29,04:00:52 PM,16:00:00,Hot-Wet,2010-04-29 16:00:00,4
15.02061564,-19.16013184,LA12,2010-04-29,04:20:52 PM,16:20:00,Hot-Wet,2010-04-29 16:20:00,4
15.02327576,-19.16314697,LA12,2010-04-29,04:40:52 PM,16:40:00,Hot-Wet,2010-04-29 16:40:00,4
15.02445374,-19.16755981,LA12,2010-04-29,05:00:52 PM,17:00:00,Hot-Wet,2010-04-29 17:00:00,4
15.02618103,-19.17426758,LA12,2010-04-29,05:20:52 PM,17:20:00,Hot-Wet,2010-04-29 17:20:00,4
15.02737223,-19.17669881,LA12,2010-04-29,05:40:52 PM,17:40:00,Hot-Wet,2010-04-29 17:40:00,4
15.02848104,-19.17817179,LA12,2010-04-29,06:00:52 PM,18:00:00,Hot-Wet,2010-04-29 18:00:00,4
15.03488668,-19.18650513,LA12,2010-04-29,06:20:52 PM,18:20:00,Hot-Wet,2010-04-29 18:20:00,4
15.04107564,-19.19724325,LA12,2010-04-29,06:40:52 PM,18:40:00,Hot-Wet,2010-04-29 18:40:00,4
15.04358317,-19.20083822,LA12,2010-04-29,07:00:52 PM,19:00:00,Hot-Wet,2010-04-29 19:00:00,4
15.04329325,-19.20300496,LA12,2010-04-29,07:20:53 PM,19:20:00,Hot-Wet,2010-04-29 19:20:00,4
15.04289754,-19.203184,LA12,2010-04-29,07:40:52 PM,19:40:00,Hot-Wet,2010-04-29 19:40:00,4
15.04427185,-19.20455119,LA12,2010-04-29,08:00:52 PM,20:00:00,Hot-Wet,2010-04-29 20:00:00,4
15.04465739,-19.2045105,LA12,2010-04-29,08:20:52 PM,20:20:00,Hot-Wet,2010-04-29 20:20:00,4
15.04499715,-19.2044576,LA12,2010-04-29,08:40:52 PM,20:40:00,Hot-Wet,2010-04-29 20:40:00,4
15.04494019,-19.2049825,LA12,2010-04-29,09:00:52 PM,21:00:00,Hot-Wet,2010-04-29 21:00:00,4
15.0440684,-19.2052653,LA12,2010-04-29,09:20:52 PM,21:20:00,Hot-Wet,2010-04-29 21:20:00,4
15.04347839,-19.20512695,LA12,2010-04-29,09:40:52 PM,21:40:00,Hot-Wet,2010-04-29 21:40:00,4
15.04290873,-19.20469767,LA12,2010-04-29,10:00:52 PM,22:00:00,Hot-Wet,2010-04-29 22:00:00,4
15.04405111,-19.20571493,LA12,2010-04-29,10:20:52 PM,22:20:00,Hot-Wet,2010-04-29 22:20:00,4
15.04561768,-19.20659383,LA12,2010-04-29,10:40:52 PM,22:40:00,Hot-Wet,2010-04-29 22:40:00,4
15.04678853,-19.20702108,LA12,2010-04-29,11:00:52 PM,23:00:00,Hot-Wet,2010-04-29 23:00:00,4
15.04732259,-19.20698649,LA12,2010-04-29,11:20:52 PM,23:20:00,Hot-Wet,2010-04-29 23:20:00,4
15.04756978,-19.20692749,LA12,2010-04-29,11:40:52 PM,23:40:00,Hot-Wet,2010-04-29 23:40:00,4
15.04811503,-19.20590007,LA12,2010-04-30,12:00:52 AM,00:00:00,Hot-Wet,2010-04-30 00:00:00,4
15.0480896,-19.20591227,LA12,2010-04-30,12:20:52 AM,00:20:00,Hot-Wet,2010-04-30 00:20:00,4
15.04908854,-19.20514323,LA12,2010-04-30,12:41:02 AM,00:41:00,Hot-Wet,2010-04-30 00:41:00,4
15.04952087,-19.20465291,LA12,2010-04-30,01:00:52 AM,01:00:00,Hot-Wet,2010-04-30 01:00:00,4
15.05014547,-19.20482381,LA12,2010-04-30,01:20:52 AM,01:20:00,Hot-Wet,2010-04-30 01:20:00,4
15.05014547,-19.20481364,LA12,2010-04-30,01:40:52 AM,01:40:00,Hot-Wet,2010-04-30 01:40:00,4
15.05014445,-19.2048055,LA12,2010-04-30,02:00:52 AM,02:00:00,Hot-Wet,2010-04-30 02:00:00,4
15.05014852,-19.20481771,LA12,2010-04-30,02:20:52 AM,02:20:00,Hot-Wet,2010-04-30 02:20:00,4
15.05088094,-19.20172933,LA12,2010-04-30,02:40:52 AM,02:40:00,Hot-Wet,2010-04-30 02:40:00,4
15.05095317,-19.20174357,LA12,2010-04-30,03:00:52 AM,03:00:00,Hot-Wet,2010-04-30 03:00:00,4
15.05095927,-19.20172323,LA12,2010-04-30,03:20:52 AM,03:20:00,Hot-Wet,2010-04-30 03:20:00,4
15.05096944,-19.20172119,LA12,2010-04-30,03:40:52 AM,03:40:00,Hot-Wet,2010-04-30 03:40:00,4
15.05103149,-19.19984334,LA12,2010-04-30,04:00:52 AM,04:00:00,Hot-Wet,2010-04-30 04:00:00,4
15.05171712,-19.19964803,LA12,2010-04-30,04:20:52 AM,04:20:00,Hot-Wet,2010-04-30 04:20:00,4
15.05127157,-19.1987854,LA12,2010-04-30,04:40:52 AM,04:40:00,Hot-Wet,2010-04-30 04:40:00,4
15.04941508,-19.19351196,LA12,2010-04-30,05:00:52 AM,05:00:00,Hot-Wet,2010-04-30 05:00:00,4
15.0458608,-19.1907369,LA12,2010-04-30,05:20:52 AM,05:20:00,Hot-Wet,2010-04-30 05:20:00,4
15.04695333,-19.18920492,LA12,2010-04-30,05:40:52 AM,05:40:00,Hot-Wet,2010-04-30 05:40:00,4
15.04695638,-19.18920695,LA12,2010-04-30,06:00:52 AM,06:00:00,Hot-Wet,2010-04-30 06:00:00,4
15.0460378,-19.19011027,LA12,2010-04-30,06:20:52 AM,06:20:00,Hot-Wet,2010-04-30 06:20:00,4
15.04505412,-19.19184367,LA12,2010-04-30,06:40:52 AM,06:40:00,Hot-Wet,2010-04-30 06:40:00,4
15.04504801,-19.19356486,LA12,2010-04-30,07:00:52 AM,07:00:00,Hot-Wet,2010-04-30 07:00:00,4
15.04268188,-19.19430135,LA12,2010-04-30,07:20:52 AM,07:20:00,Hot-Wet,2010-04-30 07:20:00,4
15.04205729,-19.19451294,LA12,2010-04-30,07:40:52 AM,07:40:00,Hot-Wet,2010-04-30 07:40:00,4
15.04185994,-19.19454346,LA12,2010-04-30,08:00:52 AM,08:00:00,Hot-Wet,2010-04-30 08:00:00,4
15.0418457,-19.19453939,LA12,2010-04-30,08:20:52 AM,08:20:00,Hot-Wet,2010-04-30 08:20:00,4
15.04151001,-19.19417725,LA12,2010-04-30,08:40:52 AM,08:40:00,Hot-Wet,2010-04-30 08:40:00,4
15.04277242,-19.19330851,LA12,2010-04-30,09:00:52 AM,09:00:00,Hot-Wet,2010-04-30 09:00:00,4
15.04629211,-19.19522909,LA12,2010-04-30,09:20:52 AM,09:20:00,Hot-Wet,2010-04-30 09:20:00,4
15.04691366,-19.19648031,LA12,2010-04-30,09:40:52 AM,09:40:00,Hot-Wet,2010-04-30 09:40:00,4
15.04732259,-19.19776815,LA12,2010-04-30,10:00:52 AM,10:00:00,Hot-Wet,2010-04-30 10:00:00,4
15.04851379,-19.19908854,LA12,2010-04-30,10:20:52 AM,10:20:00,Hot-Wet,2010-04-30 10:20:00,4
15.04883118,-19.19924113,LA12,2010-04-30,10:40:52 AM,10:40:00,Hot-Wet,2010-04-30 10:40:00,4
15.05111186,-19.19687093,LA12,2010-04-30,11:00:52 AM,11:00:00,Hot-Wet,2010-04-30 11:00:00,4
15.05118103,-19.19683838,LA12,2010-04-30,11:20:52 AM,11:20:00,Hot-Wet,2010-04-30 11:20:00,4
15.05118205,-19.19685872,LA12,2010-04-30,11:40:52 AM,11:40:00,Hot-Wet,2010-04-30 11:40:00,4
15.05095825,-19.19696452,LA12,2010-04-30,12:00:52 PM,12:00:00,Hot-Wet,2010-04-30 12:00:00,4
15.05095723,-19.19696859,LA12,2010-04-30,12:20:52 PM,12:20:00,Hot-Wet,2010-04-30 12:20:00,4
15.05099894,-19.19664307,LA12,2010-04-30,12:40:52 PM,12:40:00,Hot-Wet,2010-04-30 12:40:00,4
15.0507843,-19.19615275,LA12,2010-04-30,01:00:52 PM,13:00:00,Hot-Wet,2010-04-30 13:00:00,4
15.05077209,-19.19614461,LA12,2010-04-30,01:20:52 PM,13:20:00,Hot-Wet,2010-04-30 13:20:00,4
15.05111694,-19.19524333,LA12,2010-04-30,01:40:52 PM,13:40:00,Hot-Wet,2010-04-30 13:40:00,4
15.05197652,-19.19546916,LA12,2010-04-30,02:00:52 PM,14:00:00,Hot-Wet,2010-04-30 14:00:00,4
15.05332235,-19.1981547,LA12,2010-04-30,02:20:52 PM,14:20:00,Hot-Wet,2010-04-30 14:20:00,4
15.05370585,-19.19900716,LA12,2010-04-30,02:40:52 PM,14:40:00,Hot-Wet,2010-04-30 14:40:00,4
15.05447795,-19.19989217,LA12,2010-04-30,03:00:52 PM,15:00:00,Hot-Wet,2010-04-30 15:00:00,4
15.05436096,-19.20003459,LA12,2010-04-30,03:20:52 PM,15:20:00,Hot-Wet,2010-04-30 15:20:00,4
15.05374146,-19.20186157,LA12,2010-04-30,03:40:52 PM,15:40:00,Hot-Wet,2010-04-30 15:40:00,4
15.05382182,-19.20354207,LA12,2010-04-30,04:00:53 PM,16:00:00,Hot-Wet,2010-04-30 16:00:00,4
15.0535848,-19.20523682,LA12,2010-04-30,04:20:52 PM,16:20:00,Hot-Wet,2010-04-30 16:20:00,4
15.05217896,-19.20741781,LA12,2010-04-30,04:40:52 PM,16:40:00,Hot-Wet,2010-04-30 16:40:00,4
15.04776306,-19.2075826,LA12,2010-04-30,05:00:52 PM,17:00:00,Hot-Wet,2010-04-30 17:00:00,4
15.043986,-19.20765381,LA12,2010-04-30,05:20:52 PM,17:20:00,Hot-Wet,2010-04-30 17:20:00,4
15.0414327,-19.20797933,LA12,2010-04-30,05:40:52 PM,17:40:00,Hot-Wet,2010-04-30 17:40:00,4
15.04035034,-19.20803019,LA12,2010-04-30,06:00:52 PM,18:00:00,Hot-Wet,2010-04-30 18:00:00,4
15.03846537,-19.20714315,LA12,2010-04-30,06:20:52 PM,18:20:00,Hot-Wet,2010-04-30 18:20:00,4
15.03826192,-19.20685018,LA12,2010-04-30,06:40:52 PM,18:40:00,Hot-Wet,2010-04-30 18:40:00,4
15.03667806,-19.20705566,LA12,2010-04-30,07:00:52 PM,19:00:00,Hot-Wet,2010-04-30 19:00:00,4
15.03271993,-19.20837199,LA12,2010-04-30,07:20:52 PM,19:20:00,Hot-Wet,2010-04-30 19:20:00,4
15.02426046,-19.20997314,LA12,2010-04-30,07:40:52 PM,19:40:00,Hot-Wet,2010-04-30 19:40:00,4
15.01689962,-19.21148682,LA12,2010-04-30,08:00:52 PM,20:00:00,Hot-Wet,2010-04-30 20:00:00,4
15.01158346,-19.21254069,LA12,2010-04-30,08:20:52 PM,20:20:00,Hot-Wet,2010-04-30 20:20:00,4
15.0070048,-19.21342163,LA12,2010-04-30,08:40:52 PM,20:40:00,Hot-Wet,2010-04-30 20:40:00,4
15.00009054,-19.21485392,LA12,2010-04-30,09:00:52 PM,21:00:00,Hot-Wet,2010-04-30 21:00:00,4
14.99520569,-19.21609497,LA12,2010-04-30,09:20:52 PM,21:20:00,Hot-Wet,2010-04-30 21:20:00,4
14.99340719,-19.21664632,LA12,2010-04-30,09:40:52 PM,21:40:00,Hot-Wet,2010-04-30 21:40:00,4
14.99086507,-19.21735026,LA12,2010-04-30,10:00:52 PM,22:00:00,Hot-Wet,2010-04-30 22:00:00,4
14.98833618,-19.21637166,LA12,2010-04-30,10:20:52 PM,22:20:00,Hot-Wet,2010-04-30 22:20:00,4
14.98723348,-19.2151062,LA12,2010-04-30,10:40:52 PM,22:40:00,Hot-Wet,2010-04-30 22:40:00,4
14.98564962,-19.21231079,LA12,2010-04-30,11:00:52 PM,23:00:00,Hot-Wet,2010-04-30 23:00:00,4
14.98250427,-19.21043091,LA12,2010-04-30,11:20:52 PM,23:20:00,Hot-Wet,2010-04-30 23:20:00,4
14.98300578,-19.20427653,LA12,2010-04-30,11:40:52 PM,23:40:00,Hot-Wet,2010-04-30 23:40:00,4
