Longitude,Latitude,individual-local-identifier,Date,timeAPM,Time,Season,DateTime,Month
15.88977865,-19.24573161,LA12,2010-11-01,12:00:00 AM,00:00:00,Hot-Dry,2010-11-01 00:00:00,11
15.88982747,-19.24570313,LA12,2010-11-01,12:20:00 AM,00:20:00,Hot-Dry,2010-11-01 00:20:00,11
15.88976949,-19.24578044,LA12,2010-11-01,12:40:00 AM,00:40:00,Hot-Dry,2010-11-01 00:40:00,11
15.88972168,-19.24593913,LA12,2010-11-01,01:00:00 AM,01:00:00,Hot-Dry,2010-11-01 01:00:00,11
15.88975525,-19.24572347,LA12,2010-11-01,01:22:00 AM,01:22:00,Hot-Dry,2010-11-01 01:22:00,11
15.88978271,-19.24567261,LA12,2010-11-01,01:40:00 AM,01:40:00,Hot-Dry,2010-11-01 01:40:00,11
15.88981222,-19.24564412,LA12,2010-11-01,02:00:00 AM,02:00:00,Hot-Dry,2010-11-01 02:00:00,11
15.88985291,-19.24555461,LA12,2010-11-01,02:20:00 AM,02:20:00,Hot-Dry,2010-11-01 02:20:00,11
15.88984985,-19.24571126,LA12,2010-11-01,02:40:00 AM,02:40:00,Hot-Dry,2010-11-01 02:40:00,11
15.8898112,-19.24563802,LA12,2010-11-01,03:00:00 AM,03:00:00,Hot-Dry,2010-11-01 03:00:00,11
15.88945211,-19.24548543,LA12,2010-11-01,03:20:00 AM,03:20:00,Hot-Dry,2010-11-01 03:20:00,11
15.88916423,-19.24539388,LA12,2010-11-01,03:40:00 AM,03:40:00,Hot-Dry,2010-11-01 03:40:00,11
15.88871867,-19.24381307,LA12,2010-11-01,04:00:00 AM,04:00:00,Hot-Dry,2010-11-01 04:00:00,11
15.88845825,-19.24265137,LA12,2010-11-01,04:20:00 AM,04:20:00,Hot-Dry,2010-11-01 04:20:00,11
15.88813477,-19.24192708,LA12,2010-11-01,04:40:00 AM,04:40:00,Hot-Dry,2010-11-01 04:40:00,11
15.88833923,-19.23955892,LA12,2010-11-01,05:00:00 AM,05:00:00,Hot-Dry,2010-11-01 05:00:00,11
15.88962911,-19.23668009,LA12,2010-11-01,05:20:00 AM,05:20:00,Hot-Dry,2010-11-01 05:20:00,11
15.89047343,-19.23399862,LA12,2010-11-01,05:40:00 AM,05:40:00,Hot-Dry,2010-11-01 05:40:00,11
15.89051615,-19.23106283,LA12,2010-11-01,06:00:00 AM,06:00:00,Hot-Dry,2010-11-01 06:00:00,11
15.88958333,-19.22860921,LA12,2010-11-01,06:20:00 AM,06:20:00,Hot-Dry,2010-11-01 06:20:00,11
15.88902079,-19.22473551,LA12,2010-11-01,06:40:00 AM,06:40:00,Hot-Dry,2010-11-01 06:40:00,11
15.88941142,-19.22416585,LA12,2010-11-01,07:00:00 AM,07:00:00,Hot-Dry,2010-11-01 07:00:00,11
15.89118652,-19.21850993,LA12,2010-11-01,07:20:00 AM,07:20:00,Hot-Dry,2010-11-01 07:20:00,11
15.89235229,-19.20838216,LA12,2010-11-01,07:40:00 AM,07:40:00,Hot-Dry,2010-11-01 07:40:00,11
15.89190572,-19.20665283,LA12,2010-11-01,08:00:00 AM,08:00:00,Hot-Dry,2010-11-01 08:00:00,11
15.89395142,-19.20122884,LA12,2010-11-01,08:20:00 AM,08:20:00,Hot-Dry,2010-11-01 08:20:00,11
15.89496053,-19.19519246,LA12,2010-11-01,08:40:00 AM,08:40:00,Hot-Dry,2010-11-01 08:40:00,11
15.8985026,-19.18887736,LA12,2010-11-01,09:00:00 AM,09:00:00,Hot-Dry,2010-11-01 09:00:00,11
15.9118571,-19.1814209,LA12,2010-11-01,09:20:00 AM,09:20:00,Hot-Dry,2010-11-01 09:20:00,11
15.91589457,-19.18081462,LA12,2010-11-01,09:40:00 AM,09:40:00,Hot-Dry,2010-11-01 09:40:00,11
15.91590983,-19.18084106,LA12,2010-11-01,10:00:00 AM,10:00:00,Hot-Dry,2010-11-01 10:00:00,11
15.91594238,-19.18088582,LA12,2010-11-01,10:20:00 AM,10:20:00,Hot-Dry,2010-11-01 10:20:00,11
15.91577148,-19.18082682,LA12,2010-11-01,10:40:00 AM,10:40:00,Hot-Dry,2010-11-01 10:40:00,11
15.91235657,-19.17854207,LA12,2010-11-01,11:00:00 AM,11:00:00,Hot-Dry,2010-11-01 11:00:00,11
15.91074626,-19.17739258,LA12,2010-11-01,11:20:00 AM,11:20:00,Hot-Dry,2010-11-01 11:20:00,11
15.91075541,-19.17736816,LA12,2010-11-01,11:40:00 AM,11:40:00,Hot-Dry,2010-11-01 11:40:00,11
15.91592712,-19.18087362,LA12,2010-11-01,12:00:00 PM,12:00:00,Hot-Dry,2010-11-01 12:00:00,11
15.91576843,-19.18084106,LA12,2010-11-01,12:20:00 PM,12:20:00,Hot-Dry,2010-11-01 12:20:00,11
15.91594238,-19.18088175,LA12,2010-11-01,12:40:00 PM,12:40:00,Hot-Dry,2010-11-01 12:40:00,11
15.91593323,-19.18087158,LA12,2010-11-01,01:00:00 PM,13:00:00,Hot-Dry,2010-11-01 13:00:00,11
15.91592814,-19.18084513,LA12,2010-11-01,01:20:00 PM,13:20:00,Hot-Dry,2010-11-01 13:20:00,11
15.91854045,-19.18376872,LA12,2010-11-01,01:40:00 PM,13:40:00,Hot-Dry,2010-11-01 13:40:00,11
15.9245046,-19.18706055,LA12,2010-11-01,02:00:00 PM,14:00:00,Hot-Dry,2010-11-01 14:00:00,11
15.93619893,-19.18906453,LA12,2010-11-01,02:20:00 PM,14:20:00,Hot-Dry,2010-11-01 14:20:00,11
15.94392802,-19.18893636,LA12,2010-11-01,02:40:00 PM,14:40:00,Hot-Dry,2010-11-01 14:40:00,11
15.94825745,-19.18916219,LA12,2010-11-01,03:00:00 PM,15:00:00,Hot-Dry,2010-11-01 15:00:00,11
15.94945068,-19.18936768,LA12,2010-11-01,03:20:00 PM,15:20:00,Hot-Dry,2010-11-01 15:20:00,11
15.95372416,-19.18954468,LA12,2010-11-01,03:40:00 PM,15:40:00,Hot-Dry,2010-11-01 15:40:00,11
15.96063843,-19.19009806,LA12,2010-11-01,04:00:00 PM,16:00:00,Hot-Dry,2010-11-01 16:00:00,11
15.96436361,-19.19140422,LA12,2010-11-01,04:20:00 PM,16:20:00,Hot-Dry,2010-11-01 16:20:00,11
15.97185669,-19.19488932,LA12,2010-11-01,04:40:00 PM,16:40:00,Hot-Dry,2010-11-01 16:40:00,11
15.97304789,-19.19604085,LA12,2010-11-01,05:00:00 PM,17:00:00,Hot-Dry,2010-11-01 17:00:00,11
15.97344666,-19.19678345,LA12,2010-11-01,05:20:00 PM,17:20:00,Hot-Dry,2010-11-01 17:20:00,11
15.97370504,-19.19698079,LA12,2010-11-01,05:40:00 PM,17:40:00,Hot-Dry,2010-11-01 17:40:00,11
15.97410482,-19.19769084,LA12,2010-11-01,06:00:00 PM,18:00:00,Hot-Dry,2010-11-01 18:00:00,11
15.97416178,-19.19795939,LA12,2010-11-01,06:20:00 PM,18:20:00,Hot-Dry,2010-11-01 18:20:00,11
15.9746287,-19.19836222,LA12,2010-11-01,06:40:00 PM,18:40:00,Hot-Dry,2010-11-01 18:40:00,11
15.97497864,-19.20130412,LA12,2010-11-01,07:00:00 PM,19:00:00,Hot-Dry,2010-11-01 19:00:00,11
15.97489319,-19.20157878,LA12,2010-11-01,07:20:00 PM,19:20:00,Hot-Dry,2010-11-01 19:20:00,11
15.97476095,-19.20187174,LA12,2010-11-01,07:40:00 PM,19:40:00,Hot-Dry,2010-11-01 19:40:00,11
15.97463277,-19.20231934,LA12,2010-11-01,08:00:00 PM,20:00:00,Hot-Dry,2010-11-01 20:00:00,11
15.97453512,-19.20246379,LA12,2010-11-01,08:20:00 PM,20:20:00,Hot-Dry,2010-11-01 20:20:00,11
15.97415161,-19.20262044,LA12,2010-11-01,08:40:00 PM,20:40:00,Hot-Dry,2010-11-01 20:40:00,11
15.9713857,-19.2021403,LA12,2010-11-01,09:00:00 PM,21:00:00,Hot-Dry,2010-11-01 21:00:00,11
15.97087504,-19.20247599,LA12,2010-11-01,09:20:00 PM,21:20:00,Hot-Dry,2010-11-01 21:20:00,11
15.97042338,-19.203243,LA12,2010-11-01,09:40:00 PM,21:40:00,Hot-Dry,2010-11-01 21:40:00,11
15.97051697,-19.2033488,LA12,2010-11-01,10:00:00 PM,22:00:00,Hot-Dry,2010-11-01 22:00:00,11
15.96945801,-19.20283407,LA12,2010-11-01,10:20:00 PM,22:20:00,Hot-Dry,2010-11-01 22:20:00,11
15.96734823,-19.20182292,LA12,2010-11-01,10:40:00 PM,22:40:00,Hot-Dry,2010-11-01 22:40:00,11
15.96550903,-19.20122681,LA12,2010-11-01,11:00:00 PM,23:00:00,Hot-Dry,2010-11-01 23:00:00,11
15.96233826,-19.20053507,LA12,2010-11-01,11:20:00 PM,23:20:00,Hot-Dry,2010-11-01 23:20:00,11
15.95529785,-19.19653931,LA12,2010-11-01,11:40:00 PM,23:40:00,Hot-Dry,2010-11-01 23:40:00,11
15.95347493,-19.19613444,LA12,2010-11-02,12:00:00 AM,00:00:00,Hot-Dry,2010-11-02 00:00:00,11
15.95282796,-19.19531657,LA12,2010-11-02,12:20:00 AM,00:20:00,Hot-Dry,2010-11-02 00:20:00,11
15.95118917,-19.19497477,LA12,2010-11-02,12:40:00 AM,00:40:00,Hot-Dry,2010-11-02 00:40:00,11
15.95017293,-19.19442749,LA12,2010-11-02,01:00:00 AM,01:00:00,Hot-Dry,2010-11-02 01:00:00,11
15.95009054,-19.19429932,LA12,2010-11-02,01:20:00 AM,01:20:00,Hot-Dry,2010-11-02 01:20:00,11
15.95001729,-19.19418742,LA12,2010-11-02,01:40:00 AM,01:40:00,Hot-Dry,2010-11-02 01:40:00,11
15.95001322,-19.19417114,LA12,2010-11-02,02:00:00 AM,02:00:00,Hot-Dry,2010-11-02 02:00:00,11
15.95005188,-19.19425659,LA12,2010-11-02,02:20:00 AM,02:20:00,Hot-Dry,2010-11-02 02:20:00,11
15.95003866,-19.19424235,LA12,2010-11-02,02:40:00 AM,02:40:00,Hot-Dry,2010-11-02 02:40:00,11
15.95000203,-19.19423421,LA12,2010-11-02,03:00:00 AM,03:00:00,Hot-Dry,2010-11-02 03:00:00,11
15.95003052,-19.19424032,LA12,2010-11-02,03:20:00 AM,03:20:00,Hot-Dry,2010-11-02 03:20:00,11
15.94968669,-19.19414266,LA12,2010-11-02,03:40:00 AM,03:40:00,Hot-Dry,2010-11-02 03:40:00,11
15.94957784,-19.19407552,LA12,2010-11-02,04:00:00 AM,04:00:00,Hot-Dry,2010-11-02 04:00:00,11
15.94855754,-19.19396566,LA12,2010-11-02,04:20:00 AM,04:20:00,Hot-Dry,2010-11-02 04:20:00,11
15.94794006,-19.19375203,LA12,2010-11-02,04:40:00 AM,04:40:00,Hot-Dry,2010-11-02 04:40:00,11
15.94775492,-19.19367472,LA12,2010-11-02,05:00:00 AM,05:00:00,Hot-Dry,2010-11-02 05:00:00,11
15.94541219,-19.19249878,LA12,2010-11-02,05:20:00 AM,05:20:00,Hot-Dry,2010-11-02 05:20:00,11
15.9438385,-19.19267375,LA12,2010-11-02,05:40:00 AM,05:40:00,Hot-Dry,2010-11-02 05:40:00,11
15.94276428,-19.19211019,LA12,2010-11-02,06:00:00 AM,06:00:00,Hot-Dry,2010-11-02 06:00:00,11
15.9415507,-19.19045207,LA12,2010-11-02,06:20:00 AM,06:20:00,Hot-Dry,2010-11-02 06:20:00,11
15.94122925,-19.18999837,LA12,2010-11-02,06:40:00 AM,06:40:00,Hot-Dry,2010-11-02 06:40:00,11
15.94090881,-19.18944092,LA12,2010-11-02,07:00:00 AM,07:00:00,Hot-Dry,2010-11-02 07:00:00,11
15.94020894,-19.18855794,LA12,2010-11-02,07:20:00 AM,07:20:00,Hot-Dry,2010-11-02 07:20:00,11
15.93367208,-19.19139404,LA12,2010-11-02,07:40:00 AM,07:40:00,Hot-Dry,2010-11-02 07:40:00,11
15.9225118,-19.19056396,LA12,2010-11-02,08:00:00 AM,08:00:00,Hot-Dry,2010-11-02 08:00:00,11
15.91595662,-19.18101807,LA12,2010-11-02,08:20:00 AM,08:20:00,Hot-Dry,2010-11-02 08:20:00,11
15.91572266,-19.18096517,LA12,2010-11-02,08:40:00 AM,08:40:00,Hot-Dry,2010-11-02 08:40:00,11
15.91476237,-19.18104451,LA12,2010-11-02,09:00:00 AM,09:00:00,Hot-Dry,2010-11-02 09:00:00,11
15.90661519,-19.17647095,LA12,2010-11-02,09:20:00 AM,09:20:00,Hot-Dry,2010-11-02 09:20:00,11
15.90500793,-19.17542521,LA12,2010-11-02,09:40:00 AM,09:40:00,Hot-Dry,2010-11-02 09:40:00,11
15.90506388,-19.17543945,LA12,2010-11-02,10:00:00 AM,10:00:00,Hot-Dry,2010-11-02 10:00:00,11
15.90520935,-19.17529704,LA12,2010-11-02,10:20:00 AM,10:20:00,Hot-Dry,2010-11-02 10:20:00,11
15.90520325,-19.1752828,LA12,2010-11-02,10:40:00 AM,10:40:00,Hot-Dry,2010-11-02 10:40:00,11
15.9055186,-19.1754598,LA12,2010-11-02,11:00:00 AM,11:00:00,Hot-Dry,2010-11-02 11:00:00,11
15.90881653,-19.17690633,LA12,2010-11-02,11:20:00 AM,11:20:00,Hot-Dry,2010-11-02 11:20:00,11
15.90997721,-19.17855428,LA12,2010-11-02,11:40:00 AM,11:40:00,Hot-Dry,2010-11-02 11:40:00,11
15.9114919,-19.1794637,LA12,2010-11-02,12:00:00 PM,12:00:00,Hot-Dry,2010-11-02 12:00:00,11
15.91595052,-19.18091431,LA12,2010-11-02,12:20:00 PM,12:20:00,Hot-Dry,2010-11-02 12:20:00,11
15.91259359,-19.17862956,LA12,2010-11-02,12:40:00 PM,12:40:00,Hot-Dry,2010-11-02 12:40:00,11
15.9147227,-19.18105876,LA12,2010-11-02,01:00:00 PM,13:00:00,Hot-Dry,2010-11-02 13:00:00,11
15.91556498,-19.18105062,LA12,2010-11-02,01:20:00 PM,13:20:00,Hot-Dry,2010-11-02 13:20:00,11
15.91022847,-19.18053589,LA12,2010-11-02,01:40:00 PM,13:40:00,Hot-Dry,2010-11-02 13:40:00,11
15.90289815,-19.17939657,LA12,2010-11-02,02:00:00 PM,14:00:00,Hot-Dry,2010-11-02 14:00:00,11
15.89782511,-19.18022257,LA12,2010-11-02,02:20:00 PM,14:20:00,Hot-Dry,2010-11-02 14:20:00,11
15.89641012,-19.18050334,LA12,2010-11-02,02:40:00 PM,14:40:00,Hot-Dry,2010-11-02 14:40:00,11
15.89375712,-19.18232015,LA12,2010-11-02,03:00:00 PM,15:00:00,Hot-Dry,2010-11-02 15:00:00,11
15.89190572,-19.18277791,LA12,2010-11-02,03:20:00 PM,15:20:00,Hot-Dry,2010-11-02 15:20:00,11
15.89086609,-19.18305054,LA12,2010-11-02,03:40:00 PM,15:40:00,Hot-Dry,2010-11-02 15:40:00,11
15.88973287,-19.18331299,LA12,2010-11-02,04:00:00 PM,16:00:00,Hot-Dry,2010-11-02 16:00:00,11
15.88880717,-19.18399455,LA12,2010-11-02,04:20:00 PM,16:20:00,Hot-Dry,2010-11-02 16:20:00,11
15.88634542,-19.18488363,LA12,2010-11-02,04:40:00 PM,16:40:00,Hot-Dry,2010-11-02 16:40:00,11
15.88492432,-19.19039714,LA12,2010-11-02,05:00:00 PM,17:00:00,Hot-Dry,2010-11-02 17:00:00,11
15.87967428,-19.19757487,LA12,2010-11-02,05:20:00 PM,17:20:00,Hot-Dry,2010-11-02 17:20:00,11
15.87580973,-19.20550741,LA12,2010-11-02,05:40:00 PM,17:40:00,Hot-Dry,2010-11-02 17:40:00,11
15.87558594,-19.20878906,LA12,2010-11-02,06:00:00 PM,18:00:00,Hot-Dry,2010-11-02 18:00:00,11
15.8756602,-19.21112874,LA12,2010-11-02,06:20:00 PM,18:20:00,Hot-Dry,2010-11-02 18:20:00,11
15.87545573,-19.2138855,LA12,2010-11-02,06:40:00 PM,18:40:00,Hot-Dry,2010-11-02 18:40:00,11
15.8754364,-19.21445109,LA12,2010-11-02,07:00:00 PM,19:00:00,Hot-Dry,2010-11-02 19:00:00,11
15.87495321,-19.21531169,LA12,2010-11-02,07:20:00 PM,19:20:00,Hot-Dry,2010-11-02 19:20:00,11
15.87427165,-19.21692708,LA12,2010-11-02,07:40:00 PM,19:40:00,Hot-Dry,2010-11-02 19:40:00,11
15.87408752,-19.21734823,LA12,2010-11-02,08:00:00 PM,20:00:00,Hot-Dry,2010-11-02 20:00:00,11
15.87397359,-19.21764323,LA12,2010-11-02,08:20:00 PM,20:20:00,Hot-Dry,2010-11-02 20:20:00,11
15.873821,-19.21788737,LA12,2010-11-02,08:40:00 PM,20:40:00,Hot-Dry,2010-11-02 20:40:00,11
15.87361654,-19.21826986,LA12,2010-11-02,09:00:00 PM,21:00:00,Hot-Dry,2010-11-02 21:00:00,11
15.87353516,-19.21928304,LA12,2010-11-02,09:20:00 PM,21:20:00,Hot-Dry,2010-11-02 21:20:00,11
15.87137858,-19.22187907,LA12,2010-11-02,09:40:00 PM,21:40:00,Hot-Dry,2010-11-02 21:40:00,11
15.870755,-19.22206217,LA12,2010-11-02,10:00:00 PM,22:00:00,Hot-Dry,2010-11-02 22:00:00,11
15.87060954,-19.22200724,LA12,2010-11-02,10:20:00 PM,22:20:00,Hot-Dry,2010-11-02 22:20:00,11
15.8703186,-19.22196248,LA12,2010-11-02,10:40:00 PM,22:40:00,Hot-Dry,2010-11-02 22:40:00,11
15.86943868,-19.22185872,LA12,2010-11-02,11:00:00 PM,23:00:00,Hot-Dry,2010-11-02 23:00:00,11
15.86890869,-19.22295736,LA12,2010-11-02,11:20:00 PM,23:20:00,Hot-Dry,2010-11-02 23:20:00,11
15.86872965,-19.22386475,LA12,2010-11-02,11:40:00 PM,23:40:00,Hot-Dry,2010-11-02 23:40:00,11
15.86768494,-19.22447917,LA12,2010-11-03,12:00:00 AM,00:00:00,Hot-Dry,2010-11-03 00:00:00,11
15.8666453,-19.22572835,LA12,2010-11-03,12:20:00 AM,00:20:00,Hot-Dry,2010-11-03 00:20:00,11
15.8666626,-19.22558594,LA12,2010-11-03,12:40:00 AM,00:40:00,Hot-Dry,2010-11-03 00:40:00,11
15.86670431,-19.22558797,LA12,2010-11-03,01:00:00 AM,01:00:00,Hot-Dry,2010-11-03 01:00:00,11
15.86667074,-19.22558797,LA12,2010-11-03,01:20:00 AM,01:20:00,Hot-Dry,2010-11-03 01:20:00,11
15.86666463,-19.22564901,LA12,2010-11-03,01:40:00 AM,01:40:00,Hot-Dry,2010-11-03 01:40:00,11
15.86664836,-19.22555339,LA12,2010-11-03,02:00:00 AM,02:00:00,Hot-Dry,2010-11-03 02:00:00,11
15.86665344,-19.22559001,LA12,2010-11-03,02:20:00 AM,02:20:00,Hot-Dry,2010-11-03 02:20:00,11
15.86664937,-19.22560628,LA12,2010-11-03,02:40:00 AM,02:40:00,Hot-Dry,2010-11-03 02:40:00,11
15.86664937,-19.22556966,LA12,2010-11-03,03:00:00 AM,03:00:00,Hot-Dry,2010-11-03 03:00:00,11
15.86662801,-19.22561239,LA12,2010-11-03,03:20:00 AM,03:20:00,Hot-Dry,2010-11-03 03:20:00,11
15.86784566,-19.22647298,LA12,2010-11-03,03:40:00 AM,03:40:00,Hot-Dry,2010-11-03 03:40:00,11
15.86915995,-19.22809855,LA12,2010-11-03,04:00:00 AM,04:00:00,Hot-Dry,2010-11-03 04:00:00,11
15.87151998,-19.22920125,LA12,2010-11-03,04:20:00 AM,04:20:00,Hot-Dry,2010-11-03 04:20:00,11
15.87198283,-19.22940063,LA12,2010-11-03,04:40:00 AM,04:40:00,Hot-Dry,2010-11-03 04:40:00,11
15.87265523,-19.22930501,LA12,2010-11-03,05:00:00 AM,05:00:00,Hot-Dry,2010-11-03 05:00:00,11
15.87313843,-19.22867025,LA12,2010-11-03,05:20:00 AM,05:20:00,Hot-Dry,2010-11-03 05:20:00,11
15.87511597,-19.22693685,LA12,2010-11-03,05:40:00 AM,05:40:00,Hot-Dry,2010-11-03 05:40:00,11
15.87845764,-19.22407227,LA12,2010-11-03,06:00:00 AM,06:00:00,Hot-Dry,2010-11-03 06:00:00,11
15.8800354,-19.2237264,LA12,2010-11-03,06:20:00 AM,06:20:00,Hot-Dry,2010-11-03 06:20:00,11
15.8805776,-19.22446086,LA12,2010-11-03,06:40:00 AM,06:40:00,Hot-Dry,2010-11-03 06:40:00,11
15.88069458,-19.225413,LA12,2010-11-03,07:00:00 AM,07:00:00,Hot-Dry,2010-11-03 07:00:00,11
15.87998861,-19.2276062,LA12,2010-11-03,07:20:00 AM,07:20:00,Hot-Dry,2010-11-03 07:20:00,11
15.88002116,-19.22749023,LA12,2010-11-03,07:40:00 AM,07:40:00,Hot-Dry,2010-11-03 07:40:00,11
15.88036499,-19.22828573,LA12,2010-11-03,08:00:00 AM,08:00:00,Hot-Dry,2010-11-03 08:00:00,11
15.88042501,-19.22827352,LA12,2010-11-03,08:20:00 AM,08:20:00,Hot-Dry,2010-11-03 08:20:00,11
15.88043213,-19.22828776,LA12,2010-11-03,08:40:00 AM,08:40:00,Hot-Dry,2010-11-03 08:40:00,11
15.88042908,-19.22836914,LA12,2010-11-03,09:00:00 AM,09:00:00,Hot-Dry,2010-11-03 09:00:00,11
15.88044434,-19.22836914,LA12,2010-11-03,09:20:00 AM,09:20:00,Hot-Dry,2010-11-03 09:20:00,11
15.88042908,-19.22834676,LA12,2010-11-03,09:40:00 AM,09:40:00,Hot-Dry,2010-11-03 09:40:00,11
15.88087158,-19.22827148,LA12,2010-11-03,10:00:00 AM,10:00:00,Hot-Dry,2010-11-03 10:00:00,11
15.88118998,-19.22839559,LA12,2010-11-03,10:20:00 AM,10:20:00,Hot-Dry,2010-11-03 10:20:00,11
15.88217672,-19.22891235,LA12,2010-11-03,10:40:00 AM,10:40:00,Hot-Dry,2010-11-03 10:40:00,11
15.88217163,-19.22896525,LA12,2010-11-03,11:00:00 AM,11:00:00,Hot-Dry,2010-11-03 11:00:00,11
15.88215739,-19.22894897,LA12,2010-11-03,11:20:00 AM,11:20:00,Hot-Dry,2010-11-03 11:20:00,11
15.88213806,-19.22892863,LA12,2010-11-03,11:40:00 AM,11:40:00,Hot-Dry,2010-11-03 11:40:00,11
15.88245341,-19.22895508,LA12,2010-11-03,12:00:00 PM,12:00:00,Hot-Dry,2010-11-03 12:00:00,11
15.88245748,-19.22896322,LA12,2010-11-03,12:20:00 PM,12:20:00,Hot-Dry,2010-11-03 12:20:00,11
15.88247986,-19.22895101,LA12,2010-11-03,12:40:00 PM,12:40:00,Hot-Dry,2010-11-03 12:40:00,11
15.8824412,-19.22897135,LA12,2010-11-03,01:00:00 PM,13:00:00,Hot-Dry,2010-11-03 13:00:00,11
15.88244324,-19.22896729,LA12,2010-11-03,01:20:00 PM,13:20:00,Hot-Dry,2010-11-03 13:20:00,11
15.88349508,-19.22917074,LA12,2010-11-03,01:40:00 PM,13:40:00,Hot-Dry,2010-11-03 13:40:00,11
15.88457642,-19.22947998,LA12,2010-11-03,02:00:00 PM,14:00:00,Hot-Dry,2010-11-03 14:00:00,11
15.88478394,-19.22971802,LA12,2010-11-03,02:20:00 PM,14:20:00,Hot-Dry,2010-11-03 14:20:00,11
15.88386536,-19.22938843,LA12,2010-11-03,02:40:00 PM,14:40:00,Hot-Dry,2010-11-03 14:40:00,11
15.88426717,-19.22932943,LA12,2010-11-03,03:00:00 PM,15:00:00,Hot-Dry,2010-11-03 15:00:00,11
15.88652649,-19.22901815,LA12,2010-11-03,03:20:00 PM,15:20:00,Hot-Dry,2010-11-03 15:20:00,11
15.88713582,-19.22814941,LA12,2010-11-03,03:40:00 PM,15:40:00,Hot-Dry,2010-11-03 15:40:00,11
15.8871521,-19.22782796,LA12,2010-11-03,04:00:00 PM,16:00:00,Hot-Dry,2010-11-03 16:00:00,11
15.88971252,-19.22371623,LA12,2010-11-03,04:20:00 PM,16:20:00,Hot-Dry,2010-11-03 16:20:00,11
15.89051921,-19.22286174,LA12,2010-11-03,04:40:00 PM,16:40:00,Hot-Dry,2010-11-03 16:40:00,11
15.89034119,-19.22240194,LA12,2010-11-03,05:00:00 PM,17:00:00,Hot-Dry,2010-11-03 17:00:00,11
15.89064636,-19.22187703,LA12,2010-11-03,05:20:00 PM,17:20:00,Hot-Dry,2010-11-03 17:20:00,11
15.89071655,-19.22038371,LA12,2010-11-03,05:40:00 PM,17:40:00,Hot-Dry,2010-11-03 17:40:00,11
15.89081726,-19.22003174,LA12,2010-11-03,06:00:00 PM,18:00:00,Hot-Dry,2010-11-03 18:00:00,11
15.89266561,-19.21780599,LA12,2010-11-03,06:20:00 PM,18:20:00,Hot-Dry,2010-11-03 18:20:00,11
15.89418844,-19.21671346,LA12,2010-11-03,06:40:00 PM,18:40:00,Hot-Dry,2010-11-03 18:40:00,11
15.89445699,-19.21656494,LA12,2010-11-03,07:00:00 PM,19:00:00,Hot-Dry,2010-11-03 19:00:00,11
15.89701538,-19.21338094,LA12,2010-11-03,07:20:00 PM,19:20:00,Hot-Dry,2010-11-03 19:20:00,11
15.89746602,-19.21293538,LA12,2010-11-03,07:40:00 PM,19:40:00,Hot-Dry,2010-11-03 19:40:00,11
15.89833883,-19.21072998,LA12,2010-11-03,08:00:00 PM,20:00:00,Hot-Dry,2010-11-03 20:00:00,11
15.89865621,-19.20944214,LA12,2010-11-03,08:20:00 PM,20:20:00,Hot-Dry,2010-11-03 20:20:00,11
15.89864705,-19.20941772,LA12,2010-11-03,08:40:00 PM,20:40:00,Hot-Dry,2010-11-03 20:40:00,11
15.89991353,-19.20412598,LA12,2010-11-03,09:00:00 PM,21:00:00,Hot-Dry,2010-11-03 21:00:00,11
15.90002747,-19.2028951,LA12,2010-11-03,09:20:00 PM,21:20:00,Hot-Dry,2010-11-03 21:20:00,11
15.8999766,-19.20259806,LA12,2010-11-03,09:40:00 PM,21:40:00,Hot-Dry,2010-11-03 21:40:00,11
15.90395813,-19.19439697,LA12,2010-11-03,10:00:00 PM,22:00:00,Hot-Dry,2010-11-03 22:00:00,11
15.90960592,-19.1861674,LA12,2010-11-03,10:20:00 PM,22:20:00,Hot-Dry,2010-11-03 22:20:00,11
15.91594137,-19.1809021,LA12,2010-11-03,10:40:00 PM,22:40:00,Hot-Dry,2010-11-03 22:40:00,11
15.9159434,-19.18090007,LA12,2010-11-03,11:00:00 PM,23:00:00,Hot-Dry,2010-11-03 23:00:00,11
15.91595561,-19.18085327,LA12,2010-11-03,11:20:00 PM,23:20:00,Hot-Dry,2010-11-03 23:20:00,11
15.91596375,-19.18096517,LA12,2010-11-03,11:40:00 PM,23:40:00,Hot-Dry,2010-11-03 23:40:00,11
15.9137736,-19.18515828,LA12,2010-11-04,12:00:00 AM,00:00:00,Hot-Dry,2010-11-04 00:00:00,11
15.91172384,-19.19111532,LA12,2010-11-04,12:20:00 AM,00:20:00,Hot-Dry,2010-11-04 00:20:00,11
15.90625814,-19.19944458,LA12,2010-11-04,12:40:00 AM,00:40:00,Hot-Dry,2010-11-04 00:40:00,11
15.90313924,-19.20718587,LA12,2010-11-04,01:00:00 AM,01:00:00,Hot-Dry,2010-11-04 01:00:00,11
15.90029704,-19.21213379,LA12,2010-11-04,01:20:00 AM,01:20:00,Hot-Dry,2010-11-04 01:20:00,11
15.89676208,-19.21968994,LA12,2010-11-04,01:40:00 AM,01:40:00,Hot-Dry,2010-11-04 01:40:00,11
15.89446615,-19.22225342,LA12,2010-11-04,02:00:00 AM,02:00:00,Hot-Dry,2010-11-04 02:00:00,11
15.8938914,-19.22442017,LA12,2010-11-04,02:20:00 AM,02:20:00,Hot-Dry,2010-11-04 02:20:00,11
15.89333394,-19.22674561,LA12,2010-11-04,02:40:00 AM,02:40:00,Hot-Dry,2010-11-04 02:40:00,11
15.89294332,-19.22716268,LA12,2010-11-04,03:00:00 AM,03:00:00,Hot-Dry,2010-11-04 03:00:00,11
15.89277445,-19.22752889,LA12,2010-11-04,03:20:00 AM,03:20:00,Hot-Dry,2010-11-04 03:20:00,11
15.892571,-19.22848511,LA12,2010-11-04,03:40:00 AM,03:40:00,Hot-Dry,2010-11-04 03:40:00,11
15.89270528,-19.22931722,LA12,2010-11-04,04:00:00 AM,04:00:00,Hot-Dry,2010-11-04 04:00:00,11
15.89300232,-19.22969564,LA12,2010-11-04,04:20:00 AM,04:20:00,Hot-Dry,2010-11-04 04:20:00,11
15.8918335,-19.23385417,LA12,2010-11-04,04:40:00 AM,04:40:00,Hot-Dry,2010-11-04 04:40:00,11
15.88891907,-19.23754272,LA12,2010-11-04,05:00:00 AM,05:00:00,Hot-Dry,2010-11-04 05:00:00,11
15.8884196,-19.23881836,LA12,2010-11-04,05:20:00 AM,05:20:00,Hot-Dry,2010-11-04 05:20:00,11
15.88842875,-19.23878377,LA12,2010-11-04,05:40:00 AM,05:40:00,Hot-Dry,2010-11-04 05:40:00,11
15.89111226,-19.24035238,LA12,2010-11-04,06:00:00 AM,06:00:00,Hot-Dry,2010-11-04 06:00:00,11
15.89138692,-19.24041138,LA12,2010-11-04,06:20:00 AM,06:20:00,Hot-Dry,2010-11-04 06:20:00,11
15.89177348,-19.24011434,LA12,2010-11-04,06:40:00 AM,06:40:00,Hot-Dry,2010-11-04 06:40:00,11
15.89273275,-19.24099325,LA12,2010-11-04,07:00:00 AM,07:00:00,Hot-Dry,2010-11-04 07:00:00,11
15.89334717,-19.24250081,LA12,2010-11-04,07:20:00 AM,07:20:00,Hot-Dry,2010-11-04 07:20:00,11
15.89320475,-19.24243571,LA12,2010-11-04,07:40:00 AM,07:40:00,Hot-Dry,2010-11-04 07:40:00,11
15.89326986,-19.24235433,LA12,2010-11-04,08:00:00 AM,08:00:00,Hot-Dry,2010-11-04 08:00:00,11
15.89327799,-19.24235229,LA12,2010-11-04,08:20:00 AM,08:20:00,Hot-Dry,2010-11-04 08:20:00,11
15.89327596,-19.24235636,LA12,2010-11-04,08:40:00 AM,08:40:00,Hot-Dry,2010-11-04 08:40:00,11
15.89329732,-19.2423645,LA12,2010-11-04,09:00:00 AM,09:00:00,Hot-Dry,2010-11-04 09:00:00,11
15.89359538,-19.24304403,LA12,2010-11-04,09:20:00 AM,09:20:00,Hot-Dry,2010-11-04 09:20:00,11
15.89353943,-19.24312541,LA12,2010-11-04,09:40:00 AM,09:40:00,Hot-Dry,2010-11-04 09:40:00,11
15.89268392,-19.2438619,LA12,2010-11-04,10:00:00 AM,10:00:00,Hot-Dry,2010-11-04 10:00:00,11
15.89269002,-19.24385986,LA12,2010-11-04,10:20:00 AM,10:20:00,Hot-Dry,2010-11-04 10:20:00,11
15.89272766,-19.24386393,LA12,2010-11-04,10:40:00 AM,10:40:00,Hot-Dry,2010-11-04 10:40:00,11
15.8927124,-19.24386393,LA12,2010-11-04,11:00:00 AM,11:00:00,Hot-Dry,2010-11-04 11:00:00,11
15.89269307,-19.24391073,LA12,2010-11-04,11:20:00 AM,11:20:00,Hot-Dry,2010-11-04 11:20:00,11
15.89269714,-19.2438619,LA12,2010-11-04,11:40:00 AM,11:40:00,Hot-Dry,2010-11-04 11:40:00,11
15.89216207,-19.24401245,LA12,2010-11-04,12:00:00 PM,12:00:00,Hot-Dry,2010-11-04 12:00:00,11
15.89210815,-19.24432576,LA12,2010-11-04,12:20:00 PM,12:20:00,Hot-Dry,2010-11-04 12:20:00,11
15.89189758,-19.2446228,LA12,2010-11-04,12:40:00 PM,12:40:00,Hot-Dry,2010-11-04 12:40:00,11
15.89191182,-19.24462891,LA12,2010-11-04,01:00:00 PM,13:00:00,Hot-Dry,2010-11-04 13:00:00,11
15.89186401,-19.24488118,LA12,2010-11-04,01:20:00 PM,13:20:00,Hot-Dry,2010-11-04 13:20:00,11
15.89295553,-19.24511719,LA12,2010-11-04,01:40:00 PM,13:40:00,Hot-Dry,2010-11-04 13:40:00,11
15.89345093,-19.24518026,LA12,2010-11-04,02:00:00 PM,14:00:00,Hot-Dry,2010-11-04 14:00:00,11
15.89392293,-19.24505005,LA12,2010-11-04,02:20:00 PM,14:20:00,Hot-Dry,2010-11-04 14:20:00,11
15.89443563,-19.24477743,LA12,2010-11-04,02:40:00 PM,14:40:00,Hot-Dry,2010-11-04 14:40:00,11
15.89470927,-19.24488118,LA12,2010-11-04,03:00:00 PM,15:00:00,Hot-Dry,2010-11-04 15:00:00,11
15.89543864,-19.24489746,LA12,2010-11-04,03:20:00 PM,15:20:00,Hot-Dry,2010-11-04 15:20:00,11
15.89640503,-19.24468384,LA12,2010-11-04,03:40:00 PM,15:40:00,Hot-Dry,2010-11-04 15:40:00,11
15.89721069,-19.24556478,LA12,2010-11-04,04:00:00 PM,16:00:00,Hot-Dry,2010-11-04 16:00:00,11
15.89714966,-19.24583944,LA12,2010-11-04,04:20:00 PM,16:20:00,Hot-Dry,2010-11-04 16:20:00,11
15.89602966,-19.24742839,LA12,2010-11-04,04:40:00 PM,16:40:00,Hot-Dry,2010-11-04 16:40:00,11
15.89431152,-19.24737549,LA12,2010-11-04,05:00:00 PM,17:00:00,Hot-Dry,2010-11-04 17:00:00,11
15.89235535,-19.24775391,LA12,2010-11-04,05:20:00 PM,17:20:00,Hot-Dry,2010-11-04 17:20:00,11
15.89164836,-19.2475647,LA12,2010-11-04,05:40:00 PM,17:40:00,Hot-Dry,2010-11-04 17:40:00,11
15.89132589,-19.24775798,LA12,2010-11-04,06:00:00 PM,18:00:00,Hot-Dry,2010-11-04 18:00:00,11
15.89131775,-19.2477478,LA12,2010-11-04,06:20:00 PM,18:20:00,Hot-Dry,2010-11-04 18:20:00,11
15.89133606,-19.24774373,LA12,2010-11-04,06:40:00 PM,18:40:00,Hot-Dry,2010-11-04 18:40:00,11
15.89009705,-19.24736125,LA12,2010-11-04,07:00:00 PM,19:00:00,Hot-Dry,2010-11-04 19:00:00,11
15.89036051,-19.24703776,LA12,2010-11-04,07:20:00 PM,19:20:00,Hot-Dry,2010-11-04 19:20:00,11
15.89121297,-19.24613037,LA12,2010-11-04,07:40:00 PM,19:40:00,Hot-Dry,2010-11-04 19:40:00,11
15.89109497,-19.24460449,LA12,2010-11-04,08:00:00 PM,20:00:00,Hot-Dry,2010-11-04 20:00:00,11
15.89061483,-19.24440104,LA12,2010-11-04,08:20:00 PM,20:20:00,Hot-Dry,2010-11-04 20:20:00,11
15.89077047,-19.24540405,LA12,2010-11-04,08:40:00 PM,20:40:00,Hot-Dry,2010-11-04 20:40:00,11
15.89075216,-19.24538167,LA12,2010-11-04,09:00:00 PM,21:00:00,Hot-Dry,2010-11-04 21:00:00,11
15.89076335,-19.24536743,LA12,2010-11-04,09:21:00 PM,21:21:00,Hot-Dry,2010-11-04 21:21:00,11
15.89076538,-19.24541016,LA12,2010-11-04,09:40:00 PM,21:40:00,Hot-Dry,2010-11-04 21:40:00,11
15.89076335,-19.24532674,LA12,2010-11-04,10:00:00 PM,22:00:00,Hot-Dry,2010-11-04 22:00:00,11
15.89063822,-19.24532471,LA12,2010-11-04,10:20:00 PM,22:20:00,Hot-Dry,2010-11-04 22:20:00,11
15.89063619,-19.24531657,LA12,2010-11-04,10:40:00 PM,22:40:00,Hot-Dry,2010-11-04 22:40:00,11
15.89208883,-19.24433797,LA12,2010-11-04,11:00:00 PM,23:00:00,Hot-Dry,2010-11-04 23:00:00,11
15.89210002,-19.24434001,LA12,2010-11-04,11:20:00 PM,23:20:00,Hot-Dry,2010-11-04 23:20:00,11
15.89187419,-19.24424032,LA12,2010-11-04,11:40:00 PM,23:40:00,Hot-Dry,2010-11-04 23:40:00,11
15.89297282,-19.24539998,LA12,2010-11-05,12:00:00 AM,00:00:00,Hot-Dry,2010-11-05 00:00:00,11
15.8929484,-19.24551595,LA12,2010-11-05,12:20:00 AM,00:20:00,Hot-Dry,2010-11-05 00:20:00,11
15.89217936,-19.24373983,LA12,2010-11-05,12:40:00 AM,00:40:00,Hot-Dry,2010-11-05 00:40:00,11
15.89231974,-19.24368693,LA12,2010-11-05,01:00:00 AM,01:00:00,Hot-Dry,2010-11-05 01:00:00,11
15.89312846,-19.24212443,LA12,2010-11-05,01:20:00 AM,01:20:00,Hot-Dry,2010-11-05 01:20:00,11
15.8931956,-19.24214071,LA12,2010-11-05,01:40:00 AM,01:40:00,Hot-Dry,2010-11-05 01:40:00,11
15.89314067,-19.24218547,LA12,2010-11-05,02:00:00 AM,02:00:00,Hot-Dry,2010-11-05 02:00:00,11
15.89321086,-19.24222412,LA12,2010-11-05,02:20:00 AM,02:20:00,Hot-Dry,2010-11-05 02:20:00,11
15.89316305,-19.24217733,LA12,2010-11-05,02:40:00 AM,02:40:00,Hot-Dry,2010-11-05 02:40:00,11
15.89317017,-19.24217326,LA12,2010-11-05,03:00:00 AM,03:00:00,Hot-Dry,2010-11-05 03:00:00,11
15.89314372,-19.24217122,LA12,2010-11-05,03:20:00 AM,03:20:00,Hot-Dry,2010-11-05 03:20:00,11
15.89313965,-19.24222819,LA12,2010-11-05,03:40:00 AM,03:40:00,Hot-Dry,2010-11-05 03:40:00,11
15.89317424,-19.24215698,LA12,2010-11-05,04:00:00 AM,04:00:00,Hot-Dry,2010-11-05 04:00:00,11
15.89264933,-19.24147339,LA12,2010-11-05,04:20:00 AM,04:20:00,Hot-Dry,2010-11-05 04:20:00,11
15.89209493,-19.23996379,LA12,2010-11-05,04:40:00 AM,04:40:00,Hot-Dry,2010-11-05 04:40:00,11
15.89110311,-19.23926188,LA12,2010-11-05,05:00:00 AM,05:00:00,Hot-Dry,2010-11-05 05:00:00,11
15.88924561,-19.23762004,LA12,2010-11-05,05:20:00 AM,05:20:00,Hot-Dry,2010-11-05 05:20:00,11
15.88834737,-19.2374939,LA12,2010-11-05,05:40:00 AM,05:40:00,Hot-Dry,2010-11-05 05:40:00,11
15.8883016,-19.2370931,LA12,2010-11-05,06:00:00 AM,06:00:00,Hot-Dry,2010-11-05 06:00:00,11
15.88773397,-19.23702189,LA12,2010-11-05,06:20:00 AM,06:20:00,Hot-Dry,2010-11-05 06:20:00,11
15.88669027,-19.23531494,LA12,2010-11-05,06:40:00 AM,06:40:00,Hot-Dry,2010-11-05 06:40:00,11
15.88482056,-19.2348999,LA12,2010-11-05,07:00:00 AM,07:00:00,Hot-Dry,2010-11-05 07:00:00,11
15.88481954,-19.23128866,LA12,2010-11-05,07:20:00 AM,07:20:00,Hot-Dry,2010-11-05 07:20:00,11
15.88822734,-19.22698568,LA12,2010-11-05,07:40:00 AM,07:40:00,Hot-Dry,2010-11-05 07:40:00,11
15.88998922,-19.2213501,LA12,2010-11-05,08:00:00 AM,08:00:00,Hot-Dry,2010-11-05 08:00:00,11
15.89034627,-19.21685384,LA12,2010-11-05,08:20:00 AM,08:20:00,Hot-Dry,2010-11-05 08:20:00,11
15.89186808,-19.21317139,LA12,2010-11-05,08:40:00 AM,08:40:00,Hot-Dry,2010-11-05 08:40:00,11
15.89365438,-19.20990601,LA12,2010-11-05,09:00:00 AM,09:00:00,Hot-Dry,2010-11-05 09:00:00,11
15.89398092,-19.20878906,LA12,2010-11-05,09:20:00 AM,09:20:00,Hot-Dry,2010-11-05 09:20:00,11
15.89393005,-19.20876058,LA12,2010-11-05,09:40:00 AM,09:40:00,Hot-Dry,2010-11-05 09:40:00,11
15.89401957,-19.20773112,LA12,2010-11-05,10:00:00 AM,10:00:00,Hot-Dry,2010-11-05 10:00:00,11
15.89634806,-19.20552165,LA12,2010-11-05,10:20:00 AM,10:20:00,Hot-Dry,2010-11-05 10:20:00,11
15.89632161,-19.2055013,LA12,2010-11-05,10:40:00 AM,10:40:00,Hot-Dry,2010-11-05 10:40:00,11
15.89697062,-19.20500692,LA12,2010-11-05,11:00:00 AM,11:00:00,Hot-Dry,2010-11-05 11:00:00,11
15.89792989,-19.20332845,LA12,2010-11-05,11:20:00 AM,11:20:00,Hot-Dry,2010-11-05 11:20:00,11
15.89789836,-19.20331828,LA12,2010-11-05,11:40:00 AM,11:40:00,Hot-Dry,2010-11-05 11:40:00,11
15.89789937,-19.20331014,LA12,2010-11-05,12:00:00 PM,12:00:00,Hot-Dry,2010-11-05 12:00:00,11
15.89790141,-19.20332031,LA12,2010-11-05,12:20:00 PM,12:20:00,Hot-Dry,2010-11-05 12:20:00,11
15.89957479,-19.20096842,LA12,2010-11-05,12:40:00 PM,12:40:00,Hot-Dry,2010-11-05 12:40:00,11
15.89959513,-19.20096842,LA12,2010-11-05,01:00:00 PM,13:00:00,Hot-Dry,2010-11-05 13:00:00,11
15.89956563,-19.20099487,LA12,2010-11-05,01:20:00 PM,13:20:00,Hot-Dry,2010-11-05 13:20:00,11
15.90083211,-19.20008341,LA12,2010-11-05,01:40:00 PM,13:40:00,Hot-Dry,2010-11-05 13:40:00,11
15.90213725,-19.19818929,LA12,2010-11-05,02:00:00 PM,14:00:00,Hot-Dry,2010-11-05 14:00:00,11
15.9045461,-19.19348348,LA12,2010-11-05,02:20:00 PM,14:20:00,Hot-Dry,2010-11-05 14:20:00,11
15.91055196,-19.18564046,LA12,2010-11-05,02:40:00 PM,14:40:00,Hot-Dry,2010-11-05 14:40:00,11
15.915743,-19.18098755,LA12,2010-11-05,03:00:00 PM,15:00:00,Hot-Dry,2010-11-05 15:00:00,11
15.91585693,-19.18075562,LA12,2010-11-05,03:20:00 PM,15:20:00,Hot-Dry,2010-11-05 15:20:00,11
15.91593933,-19.18105672,LA12,2010-11-05,03:40:00 PM,15:40:00,Hot-Dry,2010-11-05 15:40:00,11
15.91483459,-19.18111572,LA12,2010-11-05,04:00:00 PM,16:00:00,Hot-Dry,2010-11-05 16:00:00,11
15.90962423,-19.18212484,LA12,2010-11-05,04:20:00 PM,16:20:00,Hot-Dry,2010-11-05 16:20:00,11
15.90155233,-19.18862712,LA12,2010-11-05,04:40:00 PM,16:40:00,Hot-Dry,2010-11-05 16:40:00,11
15.89481913,-19.19466349,LA12,2010-11-05,05:00:00 PM,17:00:00,Hot-Dry,2010-11-05 17:00:00,11
15.8880839,-19.20012004,LA12,2010-11-05,05:20:00 PM,17:20:00,Hot-Dry,2010-11-05 17:20:00,11
15.88329671,-19.20636597,LA12,2010-11-05,05:40:00 PM,17:40:00,Hot-Dry,2010-11-05 17:40:00,11
15.88092041,-19.20951335,LA12,2010-11-05,06:00:00 PM,18:00:00,Hot-Dry,2010-11-05 18:00:00,11
15.878125,-19.21458537,LA12,2010-11-05,06:20:00 PM,18:20:00,Hot-Dry,2010-11-05 18:20:00,11
15.87405497,-19.21772054,LA12,2010-11-05,06:40:00 PM,18:40:00,Hot-Dry,2010-11-05 18:40:00,11
15.87367655,-19.21768595,LA12,2010-11-05,07:00:00 PM,19:00:00,Hot-Dry,2010-11-05 19:00:00,11
15.87351278,-19.21785278,LA12,2010-11-05,07:20:00 PM,19:20:00,Hot-Dry,2010-11-05 19:20:00,11
15.87305196,-19.2181722,LA12,2010-11-05,07:40:00 PM,19:40:00,Hot-Dry,2010-11-05 19:40:00,11
15.87300212,-19.21849976,LA12,2010-11-05,08:00:00 PM,20:00:00,Hot-Dry,2010-11-05 20:00:00,11
15.87108256,-19.22015991,LA12,2010-11-05,08:20:00 PM,20:20:00,Hot-Dry,2010-11-05 20:20:00,11
15.87096151,-19.22028605,LA12,2010-11-05,08:40:00 PM,20:40:00,Hot-Dry,2010-11-05 20:40:00,11
15.87072449,-19.22035522,LA12,2010-11-05,09:00:00 PM,21:00:00,Hot-Dry,2010-11-05 21:00:00,11
15.87065837,-19.22107951,LA12,2010-11-05,09:20:00 PM,21:20:00,Hot-Dry,2010-11-05 21:20:00,11
15.87036133,-19.22260132,LA12,2010-11-05,09:40:00 PM,21:40:00,Hot-Dry,2010-11-05 21:40:00,11
15.87029317,-19.22509562,LA12,2010-11-05,10:00:00 PM,22:00:00,Hot-Dry,2010-11-05 22:00:00,11
15.8702301,-19.22558187,LA12,2010-11-05,10:20:00 PM,22:20:00,Hot-Dry,2010-11-05 22:20:00,11
15.86938883,-19.22803548,LA12,2010-11-05,10:40:00 PM,22:40:00,Hot-Dry,2010-11-05 22:40:00,11
15.86822306,-19.23002116,LA12,2010-11-05,11:00:00 PM,23:00:00,Hot-Dry,2010-11-05 23:00:00,11
15.86788534,-19.23046265,LA12,2010-11-05,11:20:00 PM,23:20:00,Hot-Dry,2010-11-05 23:20:00,11
15.86795959,-19.23207804,LA12,2010-11-05,11:40:00 PM,23:40:00,Hot-Dry,2010-11-05 23:40:00,11
15.86817322,-19.23244832,LA12,2010-11-06,12:00:00 AM,00:00:00,Hot-Dry,2010-11-06 00:00:00,11
15.86850891,-19.23243815,LA12,2010-11-06,12:20:00 AM,00:20:00,Hot-Dry,2010-11-06 00:20:00,11
15.86856384,-19.2324707,LA12,2010-11-06,12:40:00 AM,00:40:00,Hot-Dry,2010-11-06 00:40:00,11
15.86895142,-19.23340861,LA12,2010-11-06,01:00:00 AM,01:00:00,Hot-Dry,2010-11-06 01:00:00,11
15.8688975,-19.23404134,LA12,2010-11-06,01:20:00 AM,01:20:00,Hot-Dry,2010-11-06 01:20:00,11
15.86886088,-19.23416341,LA12,2010-11-06,01:40:00 AM,01:40:00,Hot-Dry,2010-11-06 01:40:00,11
15.86886698,-19.23412476,LA12,2010-11-06,02:00:00 AM,02:00:00,Hot-Dry,2010-11-06 02:00:00,11
15.86885071,-19.23412272,LA12,2010-11-06,02:20:00 AM,02:20:00,Hot-Dry,2010-11-06 02:20:00,11
15.86882731,-19.23415934,LA12,2010-11-06,02:40:00 AM,02:40:00,Hot-Dry,2010-11-06 02:40:00,11
15.86875102,-19.23414307,LA12,2010-11-06,03:00:00 AM,03:00:00,Hot-Dry,2010-11-06 03:00:00,11
15.86925863,-19.23464966,LA12,2010-11-06,03:20:00 AM,03:20:00,Hot-Dry,2010-11-06 03:20:00,11
15.87035421,-19.23648071,LA12,2010-11-06,03:40:00 AM,03:40:00,Hot-Dry,2010-11-06 03:40:00,11
15.87063904,-19.23619792,LA12,2010-11-06,04:00:00 AM,04:00:00,Hot-Dry,2010-11-06 04:00:00,11
15.87069906,-19.23626709,LA12,2010-11-06,04:20:00 AM,04:20:00,Hot-Dry,2010-11-06 04:20:00,11
15.87088318,-19.23660685,LA12,2010-11-06,04:40:00 AM,04:40:00,Hot-Dry,2010-11-06 04:40:00,11
15.87089945,-19.23744914,LA12,2010-11-06,05:00:00 AM,05:00:00,Hot-Dry,2010-11-06 05:00:00,11
15.87060954,-19.23789673,LA12,2010-11-06,05:20:00 AM,05:20:00,Hot-Dry,2010-11-06 05:20:00,11
15.87035828,-19.23863525,LA12,2010-11-06,05:40:00 AM,05:40:00,Hot-Dry,2010-11-06 05:40:00,11
15.87032267,-19.23887736,LA12,2010-11-06,06:00:00 AM,06:00:00,Hot-Dry,2010-11-06 06:00:00,11
15.87011515,-19.23929443,LA12,2010-11-06,06:20:00 AM,06:20:00,Hot-Dry,2010-11-06 06:20:00,11
15.87035624,-19.24003296,LA12,2010-11-06,06:40:00 AM,06:40:00,Hot-Dry,2010-11-06 06:40:00,11
15.87048645,-19.24026489,LA12,2010-11-06,07:00:00 AM,07:00:00,Hot-Dry,2010-11-06 07:00:00,11
15.87130737,-19.24043172,LA12,2010-11-06,07:20:00 AM,07:20:00,Hot-Dry,2010-11-06 07:20:00,11
15.87149556,-19.24038289,LA12,2010-11-06,07:40:00 AM,07:40:00,Hot-Dry,2010-11-06 07:40:00,11
15.87149556,-19.24026286,LA12,2010-11-06,08:00:00 AM,08:00:00,Hot-Dry,2010-11-06 08:00:00,11
15.87151998,-19.24024862,LA12,2010-11-06,08:20:00 AM,08:20:00,Hot-Dry,2010-11-06 08:20:00,11
15.87153219,-19.24024455,LA12,2010-11-06,08:40:00 AM,08:40:00,Hot-Dry,2010-11-06 08:40:00,11
15.87155558,-19.24024455,LA12,2010-11-06,09:00:00 AM,09:00:00,Hot-Dry,2010-11-06 09:00:00,11
15.87155863,-19.24023031,LA12,2010-11-06,09:20:00 AM,09:20:00,Hot-Dry,2010-11-06 09:20:00,11
15.87155558,-19.24024658,LA12,2010-11-06,09:40:00 AM,09:40:00,Hot-Dry,2010-11-06 09:40:00,11
15.87297058,-19.24083252,LA12,2010-11-06,10:00:00 AM,10:00:00,Hot-Dry,2010-11-06 10:00:00,11
15.87460225,-19.24092407,LA12,2010-11-06,10:20:00 AM,10:20:00,Hot-Dry,2010-11-06 10:20:00,11
15.87461039,-19.24092204,LA12,2010-11-06,10:40:00 AM,10:40:00,Hot-Dry,2010-11-06 10:40:00,11
15.87462362,-19.24095256,LA12,2010-11-06,11:00:00 AM,11:00:00,Hot-Dry,2010-11-06 11:00:00,11
15.8746226,-19.2409668,LA12,2010-11-06,11:20:00 AM,11:20:00,Hot-Dry,2010-11-06 11:20:00,11
15.87397257,-19.24047038,LA12,2010-11-06,11:40:00 AM,11:40:00,Hot-Dry,2010-11-06 11:40:00,11
15.87397461,-19.24044596,LA12,2010-11-06,12:00:00 PM,12:00:00,Hot-Dry,2010-11-06 12:00:00,11
15.87397664,-19.24043376,LA12,2010-11-06,12:20:00 PM,12:20:00,Hot-Dry,2010-11-06 12:20:00,11
15.87398071,-19.24041748,LA12,2010-11-06,12:40:00 PM,12:40:00,Hot-Dry,2010-11-06 12:40:00,11
15.87395935,-19.24040934,LA12,2010-11-06,01:00:00 PM,13:00:00,Hot-Dry,2010-11-06 13:00:00,11
15.87401733,-19.24058838,LA12,2010-11-06,01:20:00 PM,13:20:00,Hot-Dry,2010-11-06 13:20:00,11
15.87398783,-19.24058634,LA12,2010-11-06,01:40:00 PM,13:40:00,Hot-Dry,2010-11-06 13:40:00,11
15.87402852,-19.24058024,LA12,2010-11-06,02:00:00 PM,14:00:00,Hot-Dry,2010-11-06 14:00:00,11
15.87512512,-19.24073079,LA12,2010-11-06,02:20:00 PM,14:20:00,Hot-Dry,2010-11-06 14:20:00,11
15.8753418,-19.240271,LA12,2010-11-06,02:40:00 PM,14:40:00,Hot-Dry,2010-11-06 14:40:00,11
15.87599894,-19.23978068,LA12,2010-11-06,03:00:00 PM,15:00:00,Hot-Dry,2010-11-06 15:00:00,11
15.87647196,-19.23944906,LA12,2010-11-06,03:20:00 PM,15:20:00,Hot-Dry,2010-11-06 15:20:00,11
15.87616069,-19.23927612,LA12,2010-11-06,03:40:00 PM,15:40:00,Hot-Dry,2010-11-06 15:40:00,11
15.87618205,-19.23896077,LA12,2010-11-06,04:00:00 PM,16:00:00,Hot-Dry,2010-11-06 16:00:00,11
15.8758077,-19.23713786,LA12,2010-11-06,04:20:00 PM,16:20:00,Hot-Dry,2010-11-06 16:20:00,11
15.87571004,-19.23548177,LA12,2010-11-06,04:40:00 PM,16:40:00,Hot-Dry,2010-11-06 16:40:00,11
15.87593689,-19.23412476,LA12,2010-11-06,05:00:00 PM,17:00:00,Hot-Dry,2010-11-06 17:00:00,11
15.87767639,-19.23306885,LA12,2010-11-06,05:20:00 PM,17:20:00,Hot-Dry,2010-11-06 17:20:00,11
15.8784729,-19.23264364,LA12,2010-11-06,05:40:00 PM,17:40:00,Hot-Dry,2010-11-06 17:40:00,11
15.87955627,-19.23127035,LA12,2010-11-06,06:00:00 PM,18:00:00,Hot-Dry,2010-11-06 18:00:00,11
15.87900289,-19.22929484,LA12,2010-11-06,06:20:00 PM,18:20:00,Hot-Dry,2010-11-06 18:20:00,11
15.8790741,-19.22833659,LA12,2010-11-06,06:40:00 PM,18:40:00,Hot-Dry,2010-11-06 18:40:00,11
15.87939148,-19.22737427,LA12,2010-11-06,07:00:00 PM,19:00:00,Hot-Dry,2010-11-06 19:00:00,11
15.87955627,-19.22709961,LA12,2010-11-06,07:20:00 PM,19:20:00,Hot-Dry,2010-11-06 19:20:00,11
15.88279928,-19.22568156,LA12,2010-11-06,07:40:00 PM,19:40:00,Hot-Dry,2010-11-06 19:40:00,11
15.88644409,-19.22462362,LA12,2010-11-06,08:00:00 PM,20:00:00,Hot-Dry,2010-11-06 20:00:00,11
15.8870575,-19.22446899,LA12,2010-11-06,08:20:00 PM,20:20:00,Hot-Dry,2010-11-06 20:20:00,11
15.8887502,-19.22323608,LA12,2010-11-06,08:40:00 PM,20:40:00,Hot-Dry,2010-11-06 20:40:00,11
15.890743,-19.21965332,LA12,2010-11-06,09:00:00 PM,21:00:00,Hot-Dry,2010-11-06 21:00:00,11
15.89508057,-19.21086426,LA12,2010-11-06,09:20:00 PM,21:20:00,Hot-Dry,2010-11-06 21:20:00,11
15.89987996,-19.2041158,LA12,2010-11-06,09:40:00 PM,21:40:00,Hot-Dry,2010-11-06 21:40:00,11
15.90158793,-19.19924927,LA12,2010-11-06,10:00:00 PM,22:00:00,Hot-Dry,2010-11-06 22:00:00,11
15.90745951,-19.18865763,LA12,2010-11-06,10:20:00 PM,22:20:00,Hot-Dry,2010-11-06 22:20:00,11
15.91583862,-19.18080851,LA12,2010-11-06,10:40:00 PM,22:40:00,Hot-Dry,2010-11-06 22:40:00,11
15.91594645,-19.18086141,LA12,2010-11-06,11:00:00 PM,23:00:00,Hot-Dry,2010-11-06 23:00:00,11
15.91588643,-19.18082072,LA12,2010-11-06,11:20:00 PM,23:20:00,Hot-Dry,2010-11-06 23:20:00,11
15.9081604,-19.18286743,LA12,2010-11-06,11:40:00 PM,23:40:00,Hot-Dry,2010-11-06 23:40:00,11
15.90264791,-19.1880839,LA12,2010-11-07,12:00:00 AM,00:00:00,Hot-Dry,2010-11-07 00:00:00,11
15.89888713,-19.19349976,LA12,2010-11-07,12:20:00 AM,00:20:00,Hot-Dry,2010-11-07 00:20:00,11
15.89250895,-19.19876709,LA12,2010-11-07,12:40:00 AM,00:40:00,Hot-Dry,2010-11-07 00:40:00,11
15.88912252,-19.20459188,LA12,2010-11-07,01:00:00 AM,01:00:00,Hot-Dry,2010-11-07 01:00:00,11
15.88861898,-19.20700887,LA12,2010-11-07,01:20:00 AM,01:20:00,Hot-Dry,2010-11-07 01:20:00,11
15.88578593,-19.21164144,LA12,2010-11-07,01:40:00 AM,01:40:00,Hot-Dry,2010-11-07 01:40:00,11
15.88374532,-19.21596476,LA12,2010-11-07,02:00:00 AM,02:00:00,Hot-Dry,2010-11-07 02:00:00,11
15.88307495,-19.21679077,LA12,2010-11-07,02:20:00 AM,02:20:00,Hot-Dry,2010-11-07 02:20:00,11
15.88254089,-19.21740316,LA12,2010-11-07,02:40:00 AM,02:40:00,Hot-Dry,2010-11-07 02:40:00,11
15.88183899,-19.2199585,LA12,2010-11-07,03:00:00 AM,03:00:00,Hot-Dry,2010-11-07 03:00:00,11
15.88144836,-19.22174886,LA12,2010-11-07,03:20:00 AM,03:20:00,Hot-Dry,2010-11-07 03:20:00,11
15.88109334,-19.22310994,LA12,2010-11-07,03:40:00 AM,03:40:00,Hot-Dry,2010-11-07 03:40:00,11
15.87903748,-19.22707316,LA12,2010-11-07,04:00:00 AM,04:00:00,Hot-Dry,2010-11-07 04:00:00,11
15.8788737,-19.23050537,LA12,2010-11-07,04:20:00 AM,04:20:00,Hot-Dry,2010-11-07 04:20:00,11
15.88169454,-19.2394633,LA12,2010-11-07,04:40:00 AM,04:40:00,Hot-Dry,2010-11-07 04:40:00,11
15.88083089,-19.24028524,LA12,2010-11-07,05:00:00 AM,05:00:00,Hot-Dry,2010-11-07 05:00:00,11
15.87957458,-19.24149373,LA12,2010-11-07,05:20:00 AM,05:20:00,Hot-Dry,2010-11-07 05:20:00,11
15.87920227,-19.24136963,LA12,2010-11-07,05:40:00 AM,05:40:00,Hot-Dry,2010-11-07 05:40:00,11
15.87943319,-19.24194336,LA12,2010-11-07,06:00:00 AM,06:00:00,Hot-Dry,2010-11-07 06:00:00,11
15.87940776,-19.24201457,LA12,2010-11-07,06:20:00 AM,06:20:00,Hot-Dry,2010-11-07 06:20:00,11
15.87925313,-19.24213664,LA12,2010-11-07,06:40:00 AM,06:40:00,Hot-Dry,2010-11-07 06:40:00,11
15.87935079,-19.24234009,LA12,2010-11-07,07:00:00 AM,07:00:00,Hot-Dry,2010-11-07 07:00:00,11
15.87978312,-19.2425883,LA12,2010-11-07,07:20:00 AM,07:20:00,Hot-Dry,2010-11-07 07:20:00,11
15.88299154,-19.24260864,LA12,2010-11-07,07:40:00 AM,07:40:00,Hot-Dry,2010-11-07 07:40:00,11
15.88771159,-19.2420756,LA12,2010-11-07,08:00:00 AM,08:00:00,Hot-Dry,2010-11-07 08:00:00,11
15.88769836,-19.24206746,LA12,2010-11-07,08:20:00 AM,08:20:00,Hot-Dry,2010-11-07 08:20:00,11
15.88770243,-19.2420756,LA12,2010-11-07,08:40:00 AM,08:40:00,Hot-Dry,2010-11-07 08:40:00,11
15.88772481,-19.2420756,LA12,2010-11-07,09:00:00 AM,09:00:00,Hot-Dry,2010-11-07 09:00:00,11
15.88770955,-19.24205322,LA12,2010-11-07,09:20:00 AM,09:20:00,Hot-Dry,2010-11-07 09:20:00,11
15.88771871,-19.24205729,LA12,2010-11-07,09:40:00 AM,09:40:00,Hot-Dry,2010-11-07 09:40:00,11
15.88770142,-19.24205526,LA12,2010-11-07,10:00:00 AM,10:00:00,Hot-Dry,2010-11-07 10:00:00,11
15.88771973,-19.24204915,LA12,2010-11-07,10:20:00 AM,10:20:00,Hot-Dry,2010-11-07 10:20:00,11
15.89044088,-19.24164632,LA12,2010-11-07,10:40:00 AM,10:40:00,Hot-Dry,2010-11-07 10:40:00,11
15.890448,-19.24167887,LA12,2010-11-07,11:00:00 AM,11:00:00,Hot-Dry,2010-11-07 11:00:00,11
15.89040934,-19.24162801,LA12,2010-11-07,11:20:00 AM,11:20:00,Hot-Dry,2010-11-07 11:20:00,11
15.89040527,-19.24165039,LA12,2010-11-07,11:40:00 AM,11:40:00,Hot-Dry,2010-11-07 11:40:00,11
15.89041341,-19.24167074,LA12,2010-11-07,12:00:00 PM,12:00:00,Hot-Dry,2010-11-07 12:00:00,11
15.89039714,-19.24168498,LA12,2010-11-07,12:20:00 PM,12:20:00,Hot-Dry,2010-11-07 12:20:00,11
15.89043884,-19.2416158,LA12,2010-11-07,12:40:00 PM,12:40:00,Hot-Dry,2010-11-07 12:40:00,11
15.89044291,-19.24161784,LA12,2010-11-07,01:00:00 PM,13:00:00,Hot-Dry,2010-11-07 13:00:00,11
15.89044902,-19.24163208,LA12,2010-11-07,01:20:00 PM,13:20:00,Hot-Dry,2010-11-07 13:20:00,11
15.89044902,-19.24162394,LA12,2010-11-07,01:40:00 PM,13:40:00,Hot-Dry,2010-11-07 13:40:00,11
15.89127401,-19.24149373,LA12,2010-11-07,02:00:00 PM,14:00:00,Hot-Dry,2010-11-07 14:00:00,11
15.89124756,-19.24150187,LA12,2010-11-07,02:20:00 PM,14:20:00,Hot-Dry,2010-11-07 14:20:00,11
15.89124858,-19.24149373,LA12,2010-11-07,02:40:00 PM,14:40:00,Hot-Dry,2010-11-07 14:40:00,11
15.89275614,-19.24113159,LA12,2010-11-07,03:00:00 PM,15:00:00,Hot-Dry,2010-11-07 15:00:00,11
15.89510701,-19.24196777,LA12,2010-11-07,03:20:00 PM,15:20:00,Hot-Dry,2010-11-07 15:20:00,11
15.89561869,-19.24191081,LA12,2010-11-07,03:40:00 PM,15:40:00,Hot-Dry,2010-11-07 15:40:00,11
15.89605611,-19.24192098,LA12,2010-11-07,04:00:00 PM,16:00:00,Hot-Dry,2010-11-07 16:00:00,11
15.8964447,-19.24182739,LA12,2010-11-07,04:20:00 PM,16:20:00,Hot-Dry,2010-11-07 16:20:00,11
15.89767354,-19.24200846,LA12,2010-11-07,04:40:00 PM,16:40:00,Hot-Dry,2010-11-07 16:40:00,11
15.898231,-19.2423055,LA12,2010-11-07,05:00:00 PM,17:00:00,Hot-Dry,2010-11-07 17:00:00,11
15.89896037,-19.2421224,LA12,2010-11-07,05:20:00 PM,17:20:00,Hot-Dry,2010-11-07 17:20:00,11
15.89988607,-19.24203084,LA12,2010-11-07,05:40:00 PM,17:40:00,Hot-Dry,2010-11-07 17:40:00,11
15.9005188,-19.24155273,LA12,2010-11-07,06:00:00 PM,18:00:00,Hot-Dry,2010-11-07 18:00:00,11
15.90051575,-19.24154256,LA12,2010-11-07,06:20:00 PM,18:20:00,Hot-Dry,2010-11-07 18:20:00,11
15.90083415,-19.24129639,LA12,2010-11-07,06:40:00 PM,18:40:00,Hot-Dry,2010-11-07 18:40:00,11
15.90134176,-19.24034424,LA12,2010-11-07,07:00:00 PM,19:00:00,Hot-Dry,2010-11-07 19:00:00,11
15.90196431,-19.23867594,LA12,2010-11-07,07:20:00 PM,19:20:00,Hot-Dry,2010-11-07 19:20:00,11
15.90289917,-19.2370341,LA12,2010-11-07,07:40:00 PM,19:40:00,Hot-Dry,2010-11-07 19:40:00,11
15.9034373,-19.23687948,LA12,2010-11-07,08:00:00 PM,20:00:00,Hot-Dry,2010-11-07 20:00:00,11
15.9034963,-19.23683879,LA12,2010-11-07,08:20:00 PM,20:20:00,Hot-Dry,2010-11-07 20:20:00,11
15.9035258,-19.23685913,LA12,2010-11-07,08:40:00 PM,20:40:00,Hot-Dry,2010-11-07 20:40:00,11
15.90352376,-19.23686117,LA12,2010-11-07,09:00:00 PM,21:00:00,Hot-Dry,2010-11-07 21:00:00,11
15.90352885,-19.23686523,LA12,2010-11-07,09:20:00 PM,21:20:00,Hot-Dry,2010-11-07 21:20:00,11
15.90351257,-19.23684285,LA12,2010-11-07,09:40:00 PM,21:40:00,Hot-Dry,2010-11-07 21:40:00,11
15.90335897,-19.23655192,LA12,2010-11-07,10:00:00 PM,22:00:00,Hot-Dry,2010-11-07 22:00:00,11
15.90312805,-19.2360026,LA12,2010-11-07,10:20:00 PM,22:20:00,Hot-Dry,2010-11-07 22:20:00,11
15.90324402,-19.23443807,LA12,2010-11-07,10:40:00 PM,22:40:00,Hot-Dry,2010-11-07 22:40:00,11
15.90253092,-19.23408,LA12,2010-11-07,11:00:00 PM,23:00:00,Hot-Dry,2010-11-07 23:00:00,11
15.90231323,-19.23373617,LA12,2010-11-07,11:20:00 PM,23:20:00,Hot-Dry,2010-11-07 23:20:00,11
15.90263875,-19.23299967,LA12,2010-11-07,11:40:00 PM,23:40:00,Hot-Dry,2010-11-07 23:40:00,11
15.90382589,-19.23173828,LA12,2010-11-08,12:00:00 AM,00:00:00,Hot-Dry,2010-11-08 00:00:00,11
15.90380351,-19.23174642,LA12,2010-11-08,12:20:00 AM,00:20:00,Hot-Dry,2010-11-08 00:20:00,11
15.90383606,-19.23172811,LA12,2010-11-08,12:40:00 AM,00:40:00,Hot-Dry,2010-11-08 00:40:00,11
15.90384928,-19.23172811,LA12,2010-11-08,01:00:00 AM,01:00:00,Hot-Dry,2010-11-08 01:00:00,11
15.90382996,-19.23170776,LA12,2010-11-08,01:20:00 AM,01:20:00,Hot-Dry,2010-11-08 01:20:00,11
15.90379435,-19.23176066,LA12,2010-11-08,01:40:00 AM,01:40:00,Hot-Dry,2010-11-08 01:40:00,11
15.90380859,-19.23173218,LA12,2010-11-08,02:00:00 AM,02:00:00,Hot-Dry,2010-11-08 02:00:00,11
15.90370178,-19.23170776,LA12,2010-11-08,02:20:00 AM,02:20:00,Hot-Dry,2010-11-08 02:20:00,11
15.90370687,-19.23169963,LA12,2010-11-08,02:40:00 AM,02:40:00,Hot-Dry,2010-11-08 02:40:00,11
15.90378215,-19.23172811,LA12,2010-11-08,03:00:00 AM,03:00:00,Hot-Dry,2010-11-08 03:00:00,11
15.90377197,-19.23173014,LA12,2010-11-08,03:20:00 AM,03:20:00,Hot-Dry,2010-11-08 03:20:00,11
15.90386963,-19.23167725,LA12,2010-11-08,03:40:00 AM,03:40:00,Hot-Dry,2010-11-08 03:40:00,11
15.9036204,-19.23143921,LA12,2010-11-08,04:00:00 AM,04:00:00,Hot-Dry,2010-11-08 04:00:00,11
15.903184,-19.23100586,LA12,2010-11-08,04:20:00 AM,04:20:00,Hot-Dry,2010-11-08 04:20:00,11
15.90173645,-19.23005168,LA12,2010-11-08,04:40:00 AM,04:40:00,Hot-Dry,2010-11-08 04:40:00,11
15.90171611,-19.22878011,LA12,2010-11-08,05:00:00 AM,05:00:00,Hot-Dry,2010-11-08 05:00:00,11
15.90131531,-19.22701213,LA12,2010-11-08,05:20:00 AM,05:20:00,Hot-Dry,2010-11-08 05:20:00,11
15.90154928,-19.22432861,LA12,2010-11-08,05:40:00 AM,05:40:00,Hot-Dry,2010-11-08 05:40:00,11
15.90131327,-19.22300212,LA12,2010-11-08,06:00:00 AM,06:00:00,Hot-Dry,2010-11-08 06:00:00,11
15.90137126,-19.21986084,LA12,2010-11-08,06:20:00 AM,06:20:00,Hot-Dry,2010-11-08 06:20:00,11
15.90133464,-19.21757406,LA12,2010-11-08,06:40:00 AM,06:40:00,Hot-Dry,2010-11-08 06:40:00,11
15.90138652,-19.21715698,LA12,2010-11-08,07:00:00 AM,07:00:00,Hot-Dry,2010-11-08 07:00:00,11
15.90204976,-19.21576131,LA12,2010-11-08,07:20:00 AM,07:20:00,Hot-Dry,2010-11-08 07:20:00,11
15.90131327,-19.21474609,LA12,2010-11-08,07:40:00 AM,07:40:00,Hot-Dry,2010-11-08 07:40:00,11
15.90158488,-19.21433716,LA12,2010-11-08,08:00:00 AM,08:00:00,Hot-Dry,2010-11-08 08:00:00,11
15.90359395,-19.21252645,LA12,2010-11-08,08:20:00 AM,08:20:00,Hot-Dry,2010-11-08 08:20:00,11
15.90534363,-19.21045125,LA12,2010-11-08,08:40:00 AM,08:40:00,Hot-Dry,2010-11-08 08:40:00,11
15.90702515,-19.20716553,LA12,2010-11-08,09:00:00 AM,09:00:00,Hot-Dry,2010-11-08 09:00:00,11
15.90533651,-19.20417074,LA12,2010-11-08,09:20:00 AM,09:20:00,Hot-Dry,2010-11-08 09:20:00,11
15.90080668,-19.20008341,LA12,2010-11-08,09:40:00 AM,09:40:00,Hot-Dry,2010-11-08 09:40:00,11
15.90382894,-19.19314372,LA12,2010-11-08,10:00:00 AM,10:00:00,Hot-Dry,2010-11-08 10:00:00,11
15.90724182,-19.18323975,LA12,2010-11-08,10:20:00 AM,10:20:00,Hot-Dry,2010-11-08 10:20:00,11
15.91601054,-19.18082886,LA12,2010-11-08,10:40:00 AM,10:40:00,Hot-Dry,2010-11-08 10:40:00,11
15.9158549,-19.18087972,LA12,2010-11-08,11:00:00 AM,11:00:00,Hot-Dry,2010-11-08 11:00:00,11
15.91587728,-19.18080037,LA12,2010-11-08,11:20:00 AM,11:20:00,Hot-Dry,2010-11-08 11:20:00,11
15.91590373,-19.180837,LA12,2010-11-08,11:40:00 AM,11:40:00,Hot-Dry,2010-11-08 11:40:00,11
15.91584574,-19.18082275,LA12,2010-11-08,12:00:00 PM,12:00:00,Hot-Dry,2010-11-08 12:00:00,11
15.91582642,-19.18082275,LA12,2010-11-08,12:20:00 PM,12:20:00,Hot-Dry,2010-11-08 12:20:00,11
15.91577352,-19.18086548,LA12,2010-11-08,12:40:00 PM,12:40:00,Hot-Dry,2010-11-08 12:40:00,11
15.91051331,-19.17756958,LA12,2010-11-08,01:00:00 PM,13:00:00,Hot-Dry,2010-11-08 13:00:00,11
15.90683492,-19.17733154,LA12,2010-11-08,01:20:00 PM,13:20:00,Hot-Dry,2010-11-08 13:20:00,11
15.90678609,-19.17729289,LA12,2010-11-08,01:40:00 PM,13:40:00,Hot-Dry,2010-11-08 13:40:00,11
15.90645854,-19.17717082,LA12,2010-11-08,02:00:00 PM,14:00:00,Hot-Dry,2010-11-08 14:00:00,11
15.90706278,-19.17612508,LA12,2010-11-08,02:20:00 PM,14:20:00,Hot-Dry,2010-11-08 14:20:00,11
15.90765177,-19.1751119,LA12,2010-11-08,02:40:00 PM,14:40:00,Hot-Dry,2010-11-08 14:40:00,11
15.90808716,-19.17524414,LA12,2010-11-08,03:00:00 PM,15:00:00,Hot-Dry,2010-11-08 15:00:00,11
15.90983683,-19.17483521,LA12,2010-11-08,03:20:00 PM,15:20:00,Hot-Dry,2010-11-08 15:20:00,11
15.91290385,-19.17380168,LA12,2010-11-08,03:40:00 PM,15:40:00,Hot-Dry,2010-11-08 15:40:00,11
15.91784871,-19.17309774,LA12,2010-11-08,04:00:00 PM,16:00:00,Hot-Dry,2010-11-08 16:00:00,11
15.92667643,-19.17067057,LA12,2010-11-08,04:20:00 PM,16:20:00,Hot-Dry,2010-11-08 16:20:00,11
15.93622233,-19.16576538,LA12,2010-11-08,04:40:00 PM,16:40:00,Hot-Dry,2010-11-08 16:40:00,11
15.94317627,-19.16165365,LA12,2010-11-08,05:00:00 PM,17:00:00,Hot-Dry,2010-11-08 17:00:00,11
15.94927063,-19.15852051,LA12,2010-11-08,05:20:00 PM,17:20:00,Hot-Dry,2010-11-08 17:20:00,11
15.95378215,-19.15441284,LA12,2010-11-08,05:40:00 PM,17:40:00,Hot-Dry,2010-11-08 17:40:00,11
15.95699565,-19.15385742,LA12,2010-11-08,06:00:00 PM,18:00:00,Hot-Dry,2010-11-08 18:00:00,11
15.95809428,-19.15458781,LA12,2010-11-08,06:20:00 PM,18:20:00,Hot-Dry,2010-11-08 18:20:00,11
15.95826925,-19.15467936,LA12,2010-11-08,06:40:00 PM,18:40:00,Hot-Dry,2010-11-08 18:40:00,11
15.9633901,-19.15565999,LA12,2010-11-08,07:00:00 PM,19:00:00,Hot-Dry,2010-11-08 19:00:00,11
15.97510478,-19.15746257,LA12,2010-11-08,07:20:00 PM,19:20:00,Hot-Dry,2010-11-08 19:20:00,11
15.98485413,-19.16112061,LA12,2010-11-08,07:40:00 PM,19:40:00,Hot-Dry,2010-11-08 19:40:00,11
15.98973999,-19.1615153,LA12,2010-11-08,08:00:00 PM,20:00:00,Hot-Dry,2010-11-08 20:00:00,11
15.99578349,-19.16315511,LA12,2010-11-08,08:20:00 PM,20:20:00,Hot-Dry,2010-11-08 20:20:00,11
15.99576721,-19.16340942,LA12,2010-11-08,08:40:00 PM,20:40:00,Hot-Dry,2010-11-08 20:40:00,11
15.99585266,-19.16453654,LA12,2010-11-08,09:00:00 PM,21:00:00,Hot-Dry,2010-11-08 21:00:00,11
15.99462891,-19.17105916,LA12,2010-11-08,09:20:00 PM,21:20:00,Hot-Dry,2010-11-08 21:20:00,11
15.99659932,-19.17819621,LA12,2010-11-08,09:40:00 PM,21:40:00,Hot-Dry,2010-11-08 21:40:00,11
15.99502767,-19.18238932,LA12,2010-11-08,10:00:00 PM,22:00:00,Hot-Dry,2010-11-08 22:00:00,11
15.99370728,-19.18383586,LA12,2010-11-08,10:20:00 PM,22:20:00,Hot-Dry,2010-11-08 22:20:00,11
15.99353434,-19.18400675,LA12,2010-11-08,10:40:00 PM,22:40:00,Hot-Dry,2010-11-08 22:40:00,11
15.99341939,-19.18418783,LA12,2010-11-08,11:00:00 PM,23:00:00,Hot-Dry,2010-11-08 23:00:00,11
15.99296773,-19.18469442,LA12,2010-11-08,11:20:00 PM,23:20:00,Hot-Dry,2010-11-08 23:20:00,11
15.99275818,-19.18489787,LA12,2010-11-08,11:40:00 PM,23:40:00,Hot-Dry,2010-11-08 23:40:00,11
15.9890391,-19.1862325,LA12,2010-11-09,12:00:00 AM,00:00:00,Hot-Dry,2010-11-09 00:00:00,11
15.98908386,-19.18689779,LA12,2010-11-09,12:20:00 AM,00:20:00,Hot-Dry,2010-11-09 00:20:00,11
15.98916016,-19.18706462,LA12,2010-11-09,12:40:00 AM,00:40:00,Hot-Dry,2010-11-09 00:40:00,11
15.98907166,-19.18712362,LA12,2010-11-09,01:00:00 AM,01:00:00,Hot-Dry,2010-11-09 01:00:00,11
15.98891703,-19.18732503,LA12,2010-11-09,01:20:00 AM,01:20:00,Hot-Dry,2010-11-09 01:20:00,11
15.98947144,-19.18735352,LA12,2010-11-09,01:40:00 AM,01:40:00,Hot-Dry,2010-11-09 01:40:00,11
15.9892985,-19.18728231,LA12,2010-11-09,02:00:00 AM,02:00:00,Hot-Dry,2010-11-09 02:00:00,11
15.98933818,-19.18724569,LA12,2010-11-09,02:20:00 AM,02:20:00,Hot-Dry,2010-11-09 02:20:00,11
15.98933309,-19.18727214,LA12,2010-11-09,02:40:00 AM,02:40:00,Hot-Dry,2010-11-09 02:40:00,11
15.98932088,-19.18725993,LA12,2010-11-09,03:00:00 AM,03:00:00,Hot-Dry,2010-11-09 03:00:00,11
15.98906555,-19.18730469,LA12,2010-11-09,03:20:00 AM,03:20:00,Hot-Dry,2010-11-09 03:20:00,11
15.98830566,-19.18755697,LA12,2010-11-09,03:40:00 AM,03:40:00,Hot-Dry,2010-11-09 03:40:00,11
15.98801676,-19.18755697,LA12,2010-11-09,04:00:00 AM,04:00:00,Hot-Dry,2010-11-09 04:00:00,11
15.98774007,-19.18748983,LA12,2010-11-09,04:20:00 AM,04:20:00,Hot-Dry,2010-11-09 04:20:00,11
15.98635356,-19.18800252,LA12,2010-11-09,04:40:00 AM,04:40:00,Hot-Dry,2010-11-09 04:40:00,11
15.98598124,-19.18783976,LA12,2010-11-09,05:00:00 AM,05:00:00,Hot-Dry,2010-11-09 05:00:00,11
15.98586324,-19.18779297,LA12,2010-11-09,05:20:00 AM,05:20:00,Hot-Dry,2010-11-09 05:20:00,11
15.98569132,-19.1880127,LA12,2010-11-09,05:40:00 AM,05:40:00,Hot-Dry,2010-11-09 05:40:00,11
15.98452148,-19.1891276,LA12,2010-11-09,06:00:00 AM,06:00:00,Hot-Dry,2010-11-09 06:00:00,11
15.98502706,-19.19016927,LA12,2010-11-09,06:20:00 AM,06:20:00,Hot-Dry,2010-11-09 06:20:00,11
15.98601888,-19.19054565,LA12,2010-11-09,06:40:00 AM,06:40:00,Hot-Dry,2010-11-09 06:40:00,11
15.98720194,-19.18931071,LA12,2010-11-09,07:00:00 AM,07:00:00,Hot-Dry,2010-11-09 07:00:00,11
15.98777974,-19.18856812,LA12,2010-11-09,07:20:00 AM,07:20:00,Hot-Dry,2010-11-09 07:20:00,11
15.98790181,-19.18820801,LA12,2010-11-09,07:40:00 AM,07:40:00,Hot-Dry,2010-11-09 07:40:00,11
15.98814189,-19.18685099,LA12,2010-11-09,08:00:00 AM,08:00:00,Hot-Dry,2010-11-09 08:00:00,11
15.98858236,-19.18604736,LA12,2010-11-09,08:20:00 AM,08:20:00,Hot-Dry,2010-11-09 08:20:00,11
15.9887502,-19.1853068,LA12,2010-11-09,08:40:00 AM,08:40:00,Hot-Dry,2010-11-09 08:40:00,11
15.98873088,-19.18405558,LA12,2010-11-09,09:00:00 AM,09:00:00,Hot-Dry,2010-11-09 09:00:00,11
15.98914897,-19.18337809,LA12,2010-11-09,09:20:00 AM,09:20:00,Hot-Dry,2010-11-09 09:20:00,11
15.98896993,-19.18263957,LA12,2010-11-09,09:40:00 AM,09:40:00,Hot-Dry,2010-11-09 09:40:00,11
15.99031169,-19.18053996,LA12,2010-11-09,10:00:00 AM,10:00:00,Hot-Dry,2010-11-09 10:00:00,11
15.99062907,-19.17799886,LA12,2010-11-09,10:20:00 AM,10:20:00,Hot-Dry,2010-11-09 10:20:00,11
15.99088135,-19.17316691,LA12,2010-11-09,10:40:00 AM,10:40:00,Hot-Dry,2010-11-09 10:40:00,11
15.99203898,-19.16976522,LA12,2010-11-09,11:00:00 AM,11:00:00,Hot-Dry,2010-11-09 11:00:00,11
15.99272054,-19.16685384,LA12,2010-11-09,11:20:00 AM,11:20:00,Hot-Dry,2010-11-09 11:20:00,11
15.99583028,-19.16326294,LA12,2010-11-09,11:40:00 AM,11:40:00,Hot-Dry,2010-11-09 11:40:00,11
15.99585063,-19.16320394,LA12,2010-11-09,12:00:00 PM,12:00:00,Hot-Dry,2010-11-09 12:00:00,11
15.99575602,-19.16313273,LA12,2010-11-09,12:20:00 PM,12:20:00,Hot-Dry,2010-11-09 12:20:00,11
15.99581299,-19.1631958,LA12,2010-11-09,12:40:00 PM,12:40:00,Hot-Dry,2010-11-09 12:40:00,11
15.99580688,-19.1632019,LA12,2010-11-09,01:00:00 PM,13:00:00,Hot-Dry,2010-11-09 13:00:00,11
15.99581807,-19.16321004,LA12,2010-11-09,01:20:00 PM,13:20:00,Hot-Dry,2010-11-09 13:20:00,11
15.99580994,-19.16379191,LA12,2010-11-09,01:40:00 PM,13:40:00,Hot-Dry,2010-11-09 13:40:00,11
15.99120178,-19.16745809,LA12,2010-11-09,02:00:00 PM,14:00:00,Hot-Dry,2010-11-09 14:00:00,11
15.98965251,-19.16810303,LA12,2010-11-09,02:20:00 PM,14:20:00,Hot-Dry,2010-11-09 14:20:00,11
15.98840942,-19.1700175,LA12,2010-11-09,02:40:00 PM,14:40:00,Hot-Dry,2010-11-09 14:40:00,11
15.98539734,-19.17153524,LA12,2010-11-09,03:00:00 PM,15:00:00,Hot-Dry,2010-11-09 15:00:00,11
15.98201192,-19.17174683,LA12,2010-11-09,03:20:00 PM,15:20:00,Hot-Dry,2010-11-09 15:20:00,11
15.98028056,-19.17556356,LA12,2010-11-09,03:40:00 PM,15:40:00,Hot-Dry,2010-11-09 15:40:00,11
15.96996155,-19.17853597,LA12,2010-11-09,04:00:00 PM,16:00:00,Hot-Dry,2010-11-09 16:00:00,11
15.9613678,-19.17893677,LA12,2010-11-09,04:20:00 PM,16:20:00,Hot-Dry,2010-11-09 16:20:00,11
15.95598145,-19.18071696,LA12,2010-11-09,04:40:00 PM,16:40:00,Hot-Dry,2010-11-09 16:40:00,11
15.94919637,-19.18584798,LA12,2010-11-09,05:00:00 PM,17:00:00,Hot-Dry,2010-11-09 17:00:00,11
15.940979,-19.18793945,LA12,2010-11-09,05:20:00 PM,17:20:00,Hot-Dry,2010-11-09 17:20:00,11
15.92957052,-19.18847249,LA12,2010-11-09,05:40:00 PM,17:40:00,Hot-Dry,2010-11-09 17:40:00,11
15.92205505,-19.18741252,LA12,2010-11-09,06:00:00 PM,18:00:00,Hot-Dry,2010-11-09 18:00:00,11
15.91979675,-19.18598633,LA12,2010-11-09,06:20:00 PM,18:20:00,Hot-Dry,2010-11-09 18:20:00,11
15.91552836,-19.18103638,LA12,2010-11-09,06:40:00 PM,18:40:00,Hot-Dry,2010-11-09 18:40:00,11
15.90927022,-19.18219198,LA12,2010-11-09,07:00:00 PM,19:00:00,Hot-Dry,2010-11-09 19:00:00,11
15.90386353,-19.18228353,LA12,2010-11-09,07:20:00 PM,19:20:00,Hot-Dry,2010-11-09 19:20:00,11
15.90009054,-19.18231405,LA12,2010-11-09,07:40:00 PM,19:40:00,Hot-Dry,2010-11-09 19:40:00,11
15.8952006,-19.1833842,LA12,2010-11-09,08:00:00 PM,20:00:00,Hot-Dry,2010-11-09 20:00:00,11
15.89074402,-19.18174438,LA12,2010-11-09,08:20:00 PM,20:20:00,Hot-Dry,2010-11-09 20:20:00,11
15.88822428,-19.18070882,LA12,2010-11-09,08:40:00 PM,20:40:00,Hot-Dry,2010-11-09 20:40:00,11
15.88717753,-19.18040365,LA12,2010-11-09,09:00:00 PM,21:00:00,Hot-Dry,2010-11-09 21:00:00,11
15.88634338,-19.17709351,LA12,2010-11-09,09:20:00 PM,21:20:00,Hot-Dry,2010-11-09 21:20:00,11
15.88577677,-19.17681681,LA12,2010-11-09,09:40:00 PM,21:40:00,Hot-Dry,2010-11-09 21:40:00,11
15.88493856,-19.17663981,LA12,2010-11-09,10:00:00 PM,22:00:00,Hot-Dry,2010-11-09 22:00:00,11
15.88481547,-19.17654012,LA12,2010-11-09,10:20:00 PM,22:20:00,Hot-Dry,2010-11-09 22:20:00,11
15.8841807,-19.17630412,LA12,2010-11-09,10:40:00 PM,22:40:00,Hot-Dry,2010-11-09 22:40:00,11
15.88423564,-19.17628174,LA12,2010-11-09,11:00:00 PM,23:00:00,Hot-Dry,2010-11-09 23:00:00,11
15.88590393,-19.17780965,LA12,2010-11-09,11:20:00 PM,23:20:00,Hot-Dry,2010-11-09 23:20:00,11
15.88606771,-19.17794393,LA12,2010-11-09,11:40:00 PM,23:40:00,Hot-Dry,2010-11-09 23:40:00,11
15.88888957,-19.17585653,LA12,2010-11-10,12:00:00 AM,00:00:00,Hot-Dry,2010-11-10 00:00:00,11
15.8930308,-19.17726644,LA12,2010-11-10,12:20:00 AM,00:20:00,Hot-Dry,2010-11-10 00:20:00,11
15.89888306,-19.1794515,LA12,2010-11-10,12:40:00 AM,00:40:00,Hot-Dry,2010-11-10 00:40:00,11
15.90538228,-19.17993164,LA12,2010-11-10,01:00:00 AM,01:00:00,Hot-Dry,2010-11-10 01:00:00,11
15.91440531,-19.18101196,LA12,2010-11-10,01:20:00 AM,01:20:00,Hot-Dry,2010-11-10 01:20:00,11
15.91410421,-19.18441569,LA12,2010-11-10,01:40:00 AM,01:40:00,Hot-Dry,2010-11-10 01:40:00,11
15.91109212,-19.19169312,LA12,2010-11-10,02:00:00 AM,02:00:00,Hot-Dry,2010-11-10 02:00:00,11
15.90936991,-19.19795532,LA12,2010-11-10,02:20:00 AM,02:20:00,Hot-Dry,2010-11-10 02:20:00,11
15.90885213,-19.20401815,LA12,2010-11-10,02:40:00 AM,02:40:00,Hot-Dry,2010-11-10 02:40:00,11
15.90855815,-19.20971069,LA12,2010-11-10,03:00:00 AM,03:00:00,Hot-Dry,2010-11-10 03:00:00,11
15.90999552,-19.21215413,LA12,2010-11-10,03:20:00 AM,03:20:00,Hot-Dry,2010-11-10 03:20:00,11
15.90994059,-19.21220093,LA12,2010-11-10,03:40:00 AM,03:40:00,Hot-Dry,2010-11-10 03:40:00,11
15.90793966,-19.21531779,LA12,2010-11-10,04:00:00 AM,04:00:00,Hot-Dry,2010-11-10 04:00:00,11
15.90189514,-19.22404378,LA12,2010-11-10,04:20:00 AM,04:20:00,Hot-Dry,2010-11-10 04:20:00,11
15.90129395,-19.23050334,LA12,2010-11-10,04:40:00 AM,04:40:00,Hot-Dry,2010-11-10 04:40:00,11
15.89650574,-19.23486735,LA12,2010-11-10,05:00:00 AM,05:00:00,Hot-Dry,2010-11-10 05:00:00,11
15.89304708,-19.2392863,LA12,2010-11-10,05:20:00 AM,05:20:00,Hot-Dry,2010-11-10 05:20:00,11
15.88772074,-19.2398173,LA12,2010-11-10,05:40:00 AM,05:40:00,Hot-Dry,2010-11-10 05:40:00,11
15.88655497,-19.240271,LA12,2010-11-10,06:00:00 AM,06:00:00,Hot-Dry,2010-11-10 06:00:00,11
15.88632914,-19.24034831,LA12,2010-11-10,06:20:00 AM,06:20:00,Hot-Dry,2010-11-10 06:20:00,11
15.88626302,-19.24042765,LA12,2010-11-10,06:40:00 AM,06:40:00,Hot-Dry,2010-11-10 06:40:00,11
15.88619995,-19.24054972,LA12,2010-11-10,07:00:00 AM,07:00:00,Hot-Dry,2010-11-10 07:00:00,11
15.88645121,-19.2414388,LA12,2010-11-10,07:20:00 AM,07:20:00,Hot-Dry,2010-11-10 07:20:00,11
15.88647766,-19.24141439,LA12,2010-11-10,07:40:00 AM,07:40:00,Hot-Dry,2010-11-10 07:40:00,11
15.88645325,-19.24141032,LA12,2010-11-10,08:00:00 AM,08:00:00,Hot-Dry,2010-11-10 08:00:00,11
15.8864624,-19.24142253,LA12,2010-11-10,08:20:00 AM,08:20:00,Hot-Dry,2010-11-10 08:20:00,11
15.88646749,-19.24143066,LA12,2010-11-10,08:40:00 AM,08:40:00,Hot-Dry,2010-11-10 08:40:00,11
15.8863973,-19.24153239,LA12,2010-11-10,09:00:00 AM,09:00:00,Hot-Dry,2010-11-10 09:00:00,11
15.8867218,-19.24228312,LA12,2010-11-10,09:20:00 AM,09:20:00,Hot-Dry,2010-11-10 09:20:00,11
15.88672689,-19.24225464,LA12,2010-11-10,09:40:00 AM,09:40:00,Hot-Dry,2010-11-10 09:40:00,11
15.88670858,-19.24225667,LA12,2010-11-10,10:00:00 AM,10:00:00,Hot-Dry,2010-11-10 10:00:00,11
15.88673706,-19.24225464,LA12,2010-11-10,10:20:00 AM,10:20:00,Hot-Dry,2010-11-10 10:20:00,11
15.88698018,-19.24290975,LA12,2010-11-10,10:40:00 AM,10:40:00,Hot-Dry,2010-11-10 10:40:00,11
15.88731588,-19.2443807,LA12,2010-11-10,11:00:00 AM,11:00:00,Hot-Dry,2010-11-10 11:00:00,11
15.88847249,-19.2458313,LA12,2010-11-10,11:20:00 AM,11:20:00,Hot-Dry,2010-11-10 11:20:00,11
15.88873494,-19.2460734,LA12,2010-11-10,11:40:00 AM,11:40:00,Hot-Dry,2010-11-10 11:40:00,11
15.88907471,-19.24624227,LA12,2010-11-10,12:00:00 PM,12:00:00,Hot-Dry,2010-11-10 12:00:00,11
15.88903809,-19.24625041,LA12,2010-11-10,12:20:00 PM,12:20:00,Hot-Dry,2010-11-10 12:20:00,11
15.88905945,-19.24626261,LA12,2010-11-10,12:40:00 PM,12:40:00,Hot-Dry,2010-11-10 12:40:00,11
15.88953247,-19.24607747,LA12,2010-11-10,01:00:00 PM,13:00:00,Hot-Dry,2010-11-10 13:00:00,11
15.88953451,-19.24609375,LA12,2010-11-10,01:20:00 PM,13:20:00,Hot-Dry,2010-11-10 13:20:00,11
15.88953451,-19.24610392,LA12,2010-11-10,01:40:00 PM,13:40:00,Hot-Dry,2010-11-10 13:40:00,11
15.88952535,-19.24608561,LA12,2010-11-10,02:00:00 PM,14:00:00,Hot-Dry,2010-11-10 14:00:00,11
15.88951823,-19.24609172,LA12,2010-11-10,02:20:00 PM,14:20:00,Hot-Dry,2010-11-10 14:20:00,11
15.88934326,-19.2464152,LA12,2010-11-10,02:40:00 PM,14:40:00,Hot-Dry,2010-11-10 14:40:00,11
15.88797201,-19.24666341,LA12,2010-11-10,03:00:00 PM,15:00:00,Hot-Dry,2010-11-10 15:00:00,11
15.88736674,-19.24736125,LA12,2010-11-10,03:20:00 PM,15:20:00,Hot-Dry,2010-11-10 15:20:00,11
15.88687236,-19.24759115,LA12,2010-11-10,03:40:00 PM,15:40:00,Hot-Dry,2010-11-10 15:40:00,11
15.88602498,-19.24755656,LA12,2010-11-10,04:00:00 PM,16:00:00,Hot-Dry,2010-11-10 16:00:00,11
15.88616231,-19.24836222,LA12,2010-11-10,04:20:00 PM,16:20:00,Hot-Dry,2010-11-10 16:20:00,11
15.88594055,-19.24952393,LA12,2010-11-10,04:40:00 PM,16:40:00,Hot-Dry,2010-11-10 16:40:00,11
15.88647664,-19.25163167,LA12,2010-11-10,05:00:00 PM,17:00:00,Hot-Dry,2010-11-10 17:00:00,11
15.88698324,-19.25169881,LA12,2010-11-10,05:20:00 PM,17:20:00,Hot-Dry,2010-11-10 17:20:00,11
15.8871755,-19.25086873,LA12,2010-11-10,05:40:00 PM,17:40:00,Hot-Dry,2010-11-10 17:40:00,11
15.88690694,-19.24978027,LA12,2010-11-10,06:00:00 PM,18:00:00,Hot-Dry,2010-11-10 18:00:00,11
15.88621521,-19.2493693,LA12,2010-11-10,06:20:00 PM,18:20:00,Hot-Dry,2010-11-10 18:20:00,11
15.88652445,-19.24957275,LA12,2010-11-10,06:40:00 PM,18:40:00,Hot-Dry,2010-11-10 18:40:00,11
15.88694967,-19.24989014,LA12,2010-11-10,07:00:00 PM,19:00:00,Hot-Dry,2010-11-10 19:00:00,11
15.88972778,-19.25200195,LA12,2010-11-10,07:20:00 PM,19:20:00,Hot-Dry,2010-11-10 19:20:00,11
15.8903656,-19.25232951,LA12,2010-11-10,07:40:00 PM,19:40:00,Hot-Dry,2010-11-10 19:40:00,11
15.8907725,-19.25275269,LA12,2010-11-10,08:00:00 PM,20:00:00,Hot-Dry,2010-11-10 20:00:00,11
15.88974711,-19.25369263,LA12,2010-11-10,08:20:00 PM,20:20:00,Hot-Dry,2010-11-10 20:20:00,11
15.88924255,-19.25317586,LA12,2010-11-10,08:40:00 PM,20:40:00,Hot-Dry,2010-11-10 20:40:00,11
15.88842265,-19.25346273,LA12,2010-11-10,09:00:00 PM,21:00:00,Hot-Dry,2010-11-10 21:00:00,11
15.88742879,-19.25275472,LA12,2010-11-10,09:20:00 PM,21:20:00,Hot-Dry,2010-11-10 21:20:00,11
15.88642069,-19.25176799,LA12,2010-11-10,09:40:00 PM,21:40:00,Hot-Dry,2010-11-10 21:40:00,11
15.88600057,-19.25197144,LA12,2010-11-10,10:00:00 PM,22:00:00,Hot-Dry,2010-11-10 22:00:00,11
15.88577067,-19.25236613,LA12,2010-11-10,10:20:00 PM,22:20:00,Hot-Dry,2010-11-10 22:20:00,11
15.88581034,-19.25225423,LA12,2010-11-10,10:40:00 PM,22:40:00,Hot-Dry,2010-11-10 22:40:00,11
15.88580119,-19.25226237,LA12,2010-11-10,11:00:00 PM,23:00:00,Hot-Dry,2010-11-10 23:00:00,11
15.88581136,-19.2522583,LA12,2010-11-10,11:20:00 PM,23:20:00,Hot-Dry,2010-11-10 23:20:00,11
15.8858134,-19.25222371,LA12,2010-11-10,11:40:00 PM,23:40:00,Hot-Dry,2010-11-10 23:40:00,11
15.88505961,-19.2524882,LA12,2010-11-11,12:00:00 AM,00:00:00,Hot-Dry,2010-11-11 00:00:00,11
15.8851359,-19.25250244,LA12,2010-11-11,12:20:00 AM,00:20:00,Hot-Dry,2010-11-11 00:20:00,11
15.88502604,-19.25243123,LA12,2010-11-11,12:40:00 AM,00:40:00,Hot-Dry,2010-11-11 00:40:00,11
15.8850942,-19.2524821,LA12,2010-11-11,01:00:00 AM,01:00:00,Hot-Dry,2010-11-11 01:00:00,11
15.88511658,-19.25249837,LA12,2010-11-11,01:20:00 AM,01:20:00,Hot-Dry,2010-11-11 01:20:00,11
15.88509725,-19.25244141,LA12,2010-11-11,01:40:00 AM,01:40:00,Hot-Dry,2010-11-11 01:40:00,11
15.88509216,-19.25239258,LA12,2010-11-11,02:00:00 AM,02:00:00,Hot-Dry,2010-11-11 02:00:00,11
15.88496806,-19.25242513,LA12,2010-11-11,02:20:00 AM,02:20:00,Hot-Dry,2010-11-11 02:20:00,11
15.88449605,-19.25155436,LA12,2010-11-11,02:40:00 AM,02:40:00,Hot-Dry,2010-11-11 02:40:00,11
15.88386841,-19.25053914,LA12,2010-11-11,03:00:00 AM,03:00:00,Hot-Dry,2010-11-11 03:00:00,11
15.88368937,-19.24961955,LA12,2010-11-11,03:20:00 AM,03:20:00,Hot-Dry,2010-11-11 03:20:00,11
15.88381348,-19.24877319,LA12,2010-11-11,03:40:00 AM,03:40:00,Hot-Dry,2010-11-11 03:40:00,11
15.88434652,-19.2487915,LA12,2010-11-11,04:00:00 AM,04:00:00,Hot-Dry,2010-11-11 04:00:00,11
15.88484701,-19.24826864,LA12,2010-11-11,04:20:00 AM,04:20:00,Hot-Dry,2010-11-11 04:20:00,11
15.88534953,-19.24723714,LA12,2010-11-11,04:40:00 AM,04:40:00,Hot-Dry,2010-11-11 04:40:00,11
15.88557332,-19.24627279,LA12,2010-11-11,05:00:00 AM,05:00:00,Hot-Dry,2010-11-11 05:00:00,11
15.88544108,-19.2442098,LA12,2010-11-11,05:20:00 AM,05:20:00,Hot-Dry,2010-11-11 05:20:00,11
15.88527222,-19.24293823,LA12,2010-11-11,05:40:00 AM,05:40:00,Hot-Dry,2010-11-11 05:40:00,11
15.88455811,-19.24117839,LA12,2010-11-11,06:00:00 AM,06:00:00,Hot-Dry,2010-11-11 06:00:00,11
15.88455404,-19.24070028,LA12,2010-11-11,06:20:00 AM,06:20:00,Hot-Dry,2010-11-11 06:20:00,11
15.88466492,-19.23996989,LA12,2010-11-11,06:40:00 AM,06:40:00,Hot-Dry,2010-11-11 06:40:00,11
15.88509216,-19.23819987,LA12,2010-11-11,07:00:00 AM,07:00:00,Hot-Dry,2010-11-11 07:00:00,11
15.8846873,-19.23630371,LA12,2010-11-11,07:20:00 AM,07:20:00,Hot-Dry,2010-11-11 07:20:00,11
15.88424377,-19.23419393,LA12,2010-11-11,07:40:00 AM,07:40:00,Hot-Dry,2010-11-11 07:40:00,11
15.8844635,-19.2328715,LA12,2010-11-11,08:00:00 AM,08:00:00,Hot-Dry,2010-11-11 08:00:00,11
15.88496195,-19.23114624,LA12,2010-11-11,08:20:00 AM,08:20:00,Hot-Dry,2010-11-11 08:20:00,11
15.88498332,-19.23106689,LA12,2010-11-11,08:40:00 AM,08:40:00,Hot-Dry,2010-11-11 08:40:00,11
15.88498637,-19.23106689,LA12,2010-11-11,09:00:00 AM,09:00:00,Hot-Dry,2010-11-11 09:00:00,11
15.88497721,-19.23110758,LA12,2010-11-11,09:20:00 AM,09:20:00,Hot-Dry,2010-11-11 09:20:00,11
15.88496094,-19.23106689,LA12,2010-11-11,09:40:00 AM,09:40:00,Hot-Dry,2010-11-11 09:40:00,11
15.88499654,-19.23106283,LA12,2010-11-11,10:00:00 AM,10:00:00,Hot-Dry,2010-11-11 10:00:00,11
15.88505554,-19.22963257,LA12,2010-11-11,10:20:00 AM,10:20:00,Hot-Dry,2010-11-11 10:20:00,11
15.88502706,-19.22964478,LA12,2010-11-11,10:40:00 AM,10:40:00,Hot-Dry,2010-11-11 10:40:00,11
15.88506673,-19.22660929,LA12,2010-11-11,11:00:00 AM,11:00:00,Hot-Dry,2010-11-11 11:00:00,11
15.88517761,-19.22210083,LA12,2010-11-11,11:20:00 AM,11:20:00,Hot-Dry,2010-11-11 11:20:00,11
15.88632304,-19.21861369,LA12,2010-11-11,11:40:00 AM,11:40:00,Hot-Dry,2010-11-11 11:40:00,11
15.88630676,-19.21860962,LA12,2010-11-11,12:00:00 PM,12:00:00,Hot-Dry,2010-11-11 12:00:00,11
15.8862854,-19.21858521,LA12,2010-11-11,12:20:00 PM,12:20:00,Hot-Dry,2010-11-11 12:20:00,11
15.88628947,-19.21860758,LA12,2010-11-11,12:40:00 PM,12:40:00,Hot-Dry,2010-11-11 12:40:00,11
15.88630168,-19.21862386,LA12,2010-11-11,01:00:00 PM,13:00:00,Hot-Dry,2010-11-11 13:00:00,11
15.88631083,-19.21861776,LA12,2010-11-11,01:20:00 PM,13:20:00,Hot-Dry,2010-11-11 13:20:00,11
15.88669128,-19.21827189,LA12,2010-11-11,01:40:00 PM,13:40:00,Hot-Dry,2010-11-11 13:40:00,11
15.88671163,-19.21829224,LA12,2010-11-11,02:00:00 PM,14:00:00,Hot-Dry,2010-11-11 14:00:00,11
15.88669535,-19.21828003,LA12,2010-11-11,02:20:00 PM,14:20:00,Hot-Dry,2010-11-11 14:20:00,11
15.88857422,-19.21707764,LA12,2010-11-11,02:40:00 PM,14:40:00,Hot-Dry,2010-11-11 14:40:00,11
15.88861389,-19.21687622,LA12,2010-11-11,03:00:00 PM,15:00:00,Hot-Dry,2010-11-11 15:00:00,11
15.88865763,-19.21683553,LA12,2010-11-11,03:20:00 PM,15:20:00,Hot-Dry,2010-11-11 15:20:00,11
15.89187113,-19.21317749,LA12,2010-11-11,03:40:00 PM,15:40:00,Hot-Dry,2010-11-11 15:40:00,11
15.89558919,-19.2106547,LA12,2010-11-11,04:00:00 PM,16:00:00,Hot-Dry,2010-11-11 16:00:00,11
15.89934998,-19.20780843,LA12,2010-11-11,04:20:00 PM,16:20:00,Hot-Dry,2010-11-11 16:20:00,11
15.9024587,-19.20075684,LA12,2010-11-11,04:40:00 PM,16:40:00,Hot-Dry,2010-11-11 16:40:00,11
15.90535787,-19.19217326,LA12,2010-11-11,05:00:00 PM,17:00:00,Hot-Dry,2010-11-11 17:00:00,11
15.91531576,-19.18121948,LA12,2010-11-11,05:20:00 PM,17:20:00,Hot-Dry,2010-11-11 17:20:00,11
15.9157725,-19.18087565,LA12,2010-11-11,05:40:00 PM,17:40:00,Hot-Dry,2010-11-11 17:40:00,11
15.91578369,-19.18099162,LA12,2010-11-11,06:00:00 PM,18:00:00,Hot-Dry,2010-11-11 18:00:00,11
15.91336772,-19.18090413,LA12,2010-11-11,06:20:00 PM,18:20:00,Hot-Dry,2010-11-11 18:20:00,11
15.91443278,-19.1809672,LA12,2010-11-11,06:40:00 PM,18:40:00,Hot-Dry,2010-11-11 18:40:00,11
15.90892741,-19.17776286,LA12,2010-11-11,07:00:00 PM,19:00:00,Hot-Dry,2010-11-11 19:00:00,11
15.89712728,-19.17542318,LA12,2010-11-11,07:20:00 PM,19:20:00,Hot-Dry,2010-11-11 19:20:00,11
15.89223735,-19.1738505,LA12,2010-11-11,07:40:00 PM,19:40:00,Hot-Dry,2010-11-11 19:40:00,11
15.89094645,-19.17280884,LA12,2010-11-11,08:00:00 PM,20:00:00,Hot-Dry,2010-11-11 20:00:00,11
15.88808492,-19.17131144,LA12,2010-11-11,08:20:00 PM,20:20:00,Hot-Dry,2010-11-11 20:20:00,11
15.88713888,-19.17156576,LA12,2010-11-11,08:40:00 PM,20:40:00,Hot-Dry,2010-11-11 20:40:00,11
15.88505554,-19.17005615,LA12,2010-11-11,09:00:00 PM,21:00:00,Hot-Dry,2010-11-11 21:00:00,11
15.88475342,-19.168632,LA12,2010-11-11,09:20:00 PM,21:20:00,Hot-Dry,2010-11-11 21:20:00,11
15.88488159,-19.16524251,LA12,2010-11-11,09:40:00 PM,21:40:00,Hot-Dry,2010-11-11 21:40:00,11
15.88548279,-19.1640035,LA12,2010-11-11,10:00:00 PM,22:00:00,Hot-Dry,2010-11-11 22:00:00,11
15.88748067,-19.16305339,LA12,2010-11-11,10:20:00 PM,22:20:00,Hot-Dry,2010-11-11 22:20:00,11
15.89211121,-19.16303101,LA12,2010-11-11,10:40:00 PM,22:40:00,Hot-Dry,2010-11-11 22:40:00,11
15.89885356,-19.1647644,LA12,2010-11-11,11:00:00 PM,23:00:00,Hot-Dry,2010-11-11 23:00:00,11
15.90334981,-19.16869507,LA12,2010-11-11,11:20:00 PM,23:20:00,Hot-Dry,2010-11-11 23:20:00,11
15.90975749,-19.17462769,LA12,2010-11-11,11:40:00 PM,23:40:00,Hot-Dry,2010-11-11 23:40:00,11
15.91582133,-19.18070475,LA12,2010-11-12,12:00:00 AM,00:00:00,Hot-Dry,2010-11-12 00:00:00,11
15.91614176,-19.18279215,LA12,2010-11-12,12:20:00 AM,00:20:00,Hot-Dry,2010-11-12 00:20:00,11
15.91231079,-19.18886312,LA12,2010-11-12,12:40:00 AM,00:40:00,Hot-Dry,2010-11-12 00:40:00,11
15.90950114,-19.19513957,LA12,2010-11-12,01:00:00 AM,01:00:00,Hot-Dry,2010-11-12 01:00:00,11
15.90777079,-19.20129395,LA12,2010-11-12,01:20:00 AM,01:20:00,Hot-Dry,2010-11-12 01:20:00,11
15.90673319,-19.20461629,LA12,2010-11-12,01:40:00 AM,01:40:00,Hot-Dry,2010-11-12 01:40:00,11
15.90595601,-19.20795288,LA12,2010-11-12,02:00:00 AM,02:00:00,Hot-Dry,2010-11-12 02:00:00,11
15.90525716,-19.21199137,LA12,2010-11-12,02:20:00 AM,02:20:00,Hot-Dry,2010-11-12 02:20:00,11
15.90526937,-19.2132019,LA12,2010-11-12,02:40:00 AM,02:40:00,Hot-Dry,2010-11-12 02:40:00,11
15.90486755,-19.2141805,LA12,2010-11-12,03:00:00 AM,03:00:00,Hot-Dry,2010-11-12 03:00:00,11
15.90486552,-19.21424357,LA12,2010-11-12,03:20:00 AM,03:20:00,Hot-Dry,2010-11-12 03:20:00,11
15.9046519,-19.21769816,LA12,2010-11-12,03:40:00 AM,03:40:00,Hot-Dry,2010-11-12 03:40:00,11
15.90467631,-19.22106527,LA12,2010-11-12,04:00:00 AM,04:00:00,Hot-Dry,2010-11-12 04:00:00,11
15.90424398,-19.22720133,LA12,2010-11-12,04:20:00 AM,04:20:00,Hot-Dry,2010-11-12 04:20:00,11
15.90427958,-19.23044434,LA12,2010-11-12,04:40:00 AM,04:40:00,Hot-Dry,2010-11-12 04:40:00,11
15.90431925,-19.23112386,LA12,2010-11-12,05:00:00 AM,05:00:00,Hot-Dry,2010-11-12 05:00:00,11
15.90460409,-19.23189697,LA12,2010-11-12,05:20:00 AM,05:20:00,Hot-Dry,2010-11-12 05:20:00,11
15.90464172,-19.23275553,LA12,2010-11-12,05:40:00 AM,05:40:00,Hot-Dry,2010-11-12 05:40:00,11
15.90439453,-19.2335734,LA12,2010-11-12,06:00:00 AM,06:00:00,Hot-Dry,2010-11-12 06:00:00,11
15.90256755,-19.23493042,LA12,2010-11-12,06:20:00 AM,06:20:00,Hot-Dry,2010-11-12 06:20:00,11
15.90256958,-19.23517456,LA12,2010-11-12,06:40:00 AM,06:40:00,Hot-Dry,2010-11-12 06:40:00,11
15.90261027,-19.2351827,LA12,2010-11-12,07:00:00 AM,07:00:00,Hot-Dry,2010-11-12 07:00:00,11
15.90262146,-19.23517253,LA12,2010-11-12,07:20:00 AM,07:20:00,Hot-Dry,2010-11-12 07:20:00,11
15.90268148,-19.23525187,LA12,2010-11-12,07:40:00 AM,07:40:00,Hot-Dry,2010-11-12 07:40:00,11
15.90267334,-19.23526204,LA12,2010-11-12,08:00:00 AM,08:00:00,Hot-Dry,2010-11-12 08:00:00,11
15.90338542,-19.23544515,LA12,2010-11-12,08:20:00 AM,08:20:00,Hot-Dry,2010-11-12 08:20:00,11
15.90412191,-19.2351888,LA12,2010-11-12,08:40:00 AM,08:40:00,Hot-Dry,2010-11-12 08:40:00,11
15.90402934,-19.23520101,LA12,2010-11-12,09:00:00 AM,09:00:00,Hot-Dry,2010-11-12 09:00:00,11
15.9040446,-19.23524577,LA12,2010-11-12,09:20:00 AM,09:20:00,Hot-Dry,2010-11-12 09:20:00,11
15.90404154,-19.23525187,LA12,2010-11-12,09:40:00 AM,09:40:00,Hot-Dry,2010-11-12 09:40:00,11
15.90404053,-19.23524984,LA12,2010-11-12,10:00:00 AM,10:00:00,Hot-Dry,2010-11-12 10:00:00,11
15.90402832,-19.23524577,LA12,2010-11-12,10:20:00 AM,10:20:00,Hot-Dry,2010-11-12 10:20:00,11
15.90431315,-19.23545532,LA12,2010-11-12,10:40:00 AM,10:40:00,Hot-Dry,2010-11-12 10:40:00,11
15.90357768,-19.23526815,LA12,2010-11-12,11:00:00 AM,11:00:00,Hot-Dry,2010-11-12 11:00:00,11
15.90354919,-19.23525798,LA12,2010-11-12,11:20:00 AM,11:20:00,Hot-Dry,2010-11-12 11:20:00,11
15.90361938,-19.23525798,LA12,2010-11-12,11:40:00 AM,11:40:00,Hot-Dry,2010-11-12 11:40:00,11
15.90359599,-19.23524577,LA12,2010-11-12,12:00:00 PM,12:00:00,Hot-Dry,2010-11-12 12:00:00,11
15.90360921,-19.23525187,LA12,2010-11-12,12:20:00 PM,12:20:00,Hot-Dry,2010-11-12 12:20:00,11
15.90360514,-19.23530477,LA12,2010-11-12,12:40:00 PM,12:40:00,Hot-Dry,2010-11-12 12:40:00,11
15.90391439,-19.23518677,LA12,2010-11-12,01:00:00 PM,13:00:00,Hot-Dry,2010-11-12 13:00:00,11
15.90391439,-19.23516235,LA12,2010-11-12,01:20:00 PM,13:20:00,Hot-Dry,2010-11-12 13:20:00,11
15.90392151,-19.23516642,LA12,2010-11-12,01:40:00 PM,13:40:00,Hot-Dry,2010-11-12 13:40:00,11
15.90392253,-19.23516846,LA12,2010-11-12,02:00:00 PM,14:00:00,Hot-Dry,2010-11-12 14:00:00,11
15.90470276,-19.23492228,LA12,2010-11-12,02:20:00 PM,14:20:00,Hot-Dry,2010-11-12 14:20:00,11
15.9052002,-19.23416545,LA12,2010-11-12,02:40:00 PM,14:40:00,Hot-Dry,2010-11-12 14:40:00,11
15.90519714,-19.23404744,LA12,2010-11-12,03:00:00 PM,15:00:00,Hot-Dry,2010-11-12 15:00:00,11
15.9054657,-19.23330282,LA12,2010-11-12,03:20:00 PM,15:20:00,Hot-Dry,2010-11-12 15:20:00,11
15.90647278,-19.23304647,LA12,2010-11-12,03:40:00 PM,15:40:00,Hot-Dry,2010-11-12 15:40:00,11
15.90736287,-19.23297323,LA12,2010-11-12,04:00:00 PM,16:00:00,Hot-Dry,2010-11-12 16:00:00,11
15.90722758,-19.23324992,LA12,2010-11-12,04:20:00 PM,16:20:00,Hot-Dry,2010-11-12 16:20:00,11
15.90767721,-19.23242594,LA12,2010-11-12,04:40:00 PM,16:40:00,Hot-Dry,2010-11-12 16:40:00,11
15.90779521,-19.23144735,LA12,2010-11-12,05:00:00 PM,17:00:00,Hot-Dry,2010-11-12 17:00:00,11
15.90749919,-19.23106689,LA12,2010-11-12,05:20:00 PM,17:20:00,Hot-Dry,2010-11-12 17:20:00,11
15.90755208,-19.23072917,LA12,2010-11-12,05:40:00 PM,17:40:00,Hot-Dry,2010-11-12 17:40:00,11
15.90709941,-19.23032227,LA12,2010-11-12,06:00:00 PM,18:00:00,Hot-Dry,2010-11-12 18:00:00,11
15.90672302,-19.23080851,LA12,2010-11-12,06:20:00 PM,18:20:00,Hot-Dry,2010-11-12 18:20:00,11
15.90655619,-19.23187663,LA12,2010-11-12,06:40:00 PM,18:40:00,Hot-Dry,2010-11-12 18:40:00,11
15.90667318,-19.23205363,LA12,2010-11-12,07:00:00 PM,19:00:00,Hot-Dry,2010-11-12 19:00:00,11
15.90655518,-19.23225301,LA12,2010-11-12,07:20:00 PM,19:20:00,Hot-Dry,2010-11-12 19:20:00,11
15.9065155,-19.23220011,LA12,2010-11-12,07:40:00 PM,19:40:00,Hot-Dry,2010-11-12 19:40:00,11
15.90649821,-19.23222453,LA12,2010-11-12,08:00:00 PM,20:00:00,Hot-Dry,2010-11-12 20:00:00,11
15.90654399,-19.23219604,LA12,2010-11-12,08:20:00 PM,20:20:00,Hot-Dry,2010-11-12 20:20:00,11
15.90660807,-19.23222046,LA12,2010-11-12,08:40:00 PM,20:40:00,Hot-Dry,2010-11-12 20:40:00,11
15.9062266,-19.23443197,LA12,2010-11-12,09:00:00 PM,21:00:00,Hot-Dry,2010-11-12 21:00:00,11
15.9058492,-19.23554281,LA12,2010-11-12,09:20:00 PM,21:20:00,Hot-Dry,2010-11-12 21:20:00,11
15.9072642,-19.23667806,LA12,2010-11-12,09:40:00 PM,21:40:00,Hot-Dry,2010-11-12 21:40:00,11
15.91185506,-19.23844198,LA12,2010-11-12,10:00:00 PM,22:00:00,Hot-Dry,2010-11-12 22:00:00,11
15.91507263,-19.23381755,LA12,2010-11-12,10:20:00 PM,22:20:00,Hot-Dry,2010-11-12 22:20:00,11
15.91483358,-19.23299561,LA12,2010-11-12,10:40:00 PM,22:40:00,Hot-Dry,2010-11-12 22:40:00,11
15.91387838,-19.23116862,LA12,2010-11-12,11:00:00 PM,23:00:00,Hot-Dry,2010-11-12 23:00:00,11
15.91204224,-19.22999878,LA12,2010-11-12,11:20:00 PM,23:20:00,Hot-Dry,2010-11-12 23:20:00,11
15.91207072,-19.2293925,LA12,2010-11-12,11:40:00 PM,23:40:00,Hot-Dry,2010-11-12 23:40:00,11
15.91131185,-19.22822469,LA12,2010-11-13,12:00:52 AM,00:00:00,Hot-Dry,2010-11-13 00:00:00,11
15.91115519,-19.22787272,LA12,2010-11-13,12:20:52 AM,00:20:00,Hot-Dry,2010-11-13 00:20:00,11
15.91096598,-19.2272583,LA12,2010-11-13,12:40:52 AM,00:40:00,Hot-Dry,2010-11-13 00:40:00,11
15.91068319,-19.22617594,LA12,2010-11-13,01:00:52 AM,01:00:00,Hot-Dry,2010-11-13 01:00:00,11
15.91089783,-19.22602132,LA12,2010-11-13,01:20:52 AM,01:20:00,Hot-Dry,2010-11-13 01:20:00,11
15.91094564,-19.22605998,LA12,2010-11-13,01:40:52 AM,01:40:00,Hot-Dry,2010-11-13 01:40:00,11
15.91092428,-19.22602539,LA12,2010-11-13,02:00:52 AM,02:00:00,Hot-Dry,2010-11-13 02:00:00,11
15.91090902,-19.22584839,LA12,2010-11-13,02:20:52 AM,02:20:00,Hot-Dry,2010-11-13 02:20:00,11
15.91084696,-19.22583211,LA12,2010-11-13,02:40:52 AM,02:40:00,Hot-Dry,2010-11-13 02:40:00,11
15.91093648,-19.2258667,LA12,2010-11-13,03:00:52 AM,03:00:00,Hot-Dry,2010-11-13 03:00:00,11
15.91091105,-19.22587484,LA12,2010-11-13,03:20:52 AM,03:20:00,Hot-Dry,2010-11-13 03:20:00,11
15.91086528,-19.22588501,LA12,2010-11-13,03:40:52 AM,03:40:00,Hot-Dry,2010-11-13 03:40:00,11
15.91015422,-19.22525838,LA12,2010-11-13,04:01:02 AM,04:01:00,Hot-Dry,2010-11-13 04:01:00,11
15.90925598,-19.22392375,LA12,2010-11-13,04:20:52 AM,04:20:00,Hot-Dry,2010-11-13 04:20:00,11
15.90615031,-19.22192179,LA12,2010-11-13,04:40:52 AM,04:40:00,Hot-Dry,2010-11-13 04:40:00,11
15.90510457,-19.22063599,LA12,2010-11-13,05:00:52 AM,05:00:00,Hot-Dry,2010-11-13 05:00:00,11
15.90463257,-19.21929525,LA12,2010-11-13,05:20:52 AM,05:20:00,Hot-Dry,2010-11-13 05:20:00,11
15.90552877,-19.21824544,LA12,2010-11-13,05:40:52 AM,05:40:00,Hot-Dry,2010-11-13 05:40:00,11
15.90624797,-19.21626994,LA12,2010-11-13,06:00:52 AM,06:00:00,Hot-Dry,2010-11-13 06:00:00,11
15.90624695,-19.21507365,LA12,2010-11-13,06:20:52 AM,06:20:00,Hot-Dry,2010-11-13 06:20:00,11
15.90603333,-19.21247762,LA12,2010-11-13,06:40:52 AM,06:40:00,Hot-Dry,2010-11-13 06:40:00,11
15.9059845,-19.21133016,LA12,2010-11-13,07:00:52 AM,07:00:00,Hot-Dry,2010-11-13 07:00:00,11
15.90694173,-19.20712484,LA12,2010-11-13,07:20:52 AM,07:20:00,Hot-Dry,2010-11-13 07:20:00,11
15.90691732,-19.20709025,LA12,2010-11-13,07:40:52 AM,07:40:00,Hot-Dry,2010-11-13 07:40:00,11
15.90696106,-19.20710856,LA12,2010-11-13,08:00:52 AM,08:00:00,Hot-Dry,2010-11-13 08:00:00,11
15.90714722,-19.20552979,LA12,2010-11-13,08:20:52 AM,08:20:00,Hot-Dry,2010-11-13 08:20:00,11
15.90668844,-19.20296631,LA12,2010-11-13,08:40:52 AM,08:40:00,Hot-Dry,2010-11-13 08:40:00,11
15.90594788,-19.19480794,LA12,2010-11-13,09:00:52 AM,09:00:00,Hot-Dry,2010-11-13 09:00:00,11
15.91263631,-19.18321737,LA12,2010-11-13,09:20:52 AM,09:20:00,Hot-Dry,2010-11-13 09:20:00,11
15.91587423,-19.18094482,LA12,2010-11-13,09:40:52 AM,09:40:00,Hot-Dry,2010-11-13 09:40:00,11
15.91589864,-19.18090617,LA12,2010-11-13,10:00:52 AM,10:00:00,Hot-Dry,2010-11-13 10:00:00,11
15.91599833,-19.18092244,LA12,2010-11-13,10:20:52 AM,10:20:00,Hot-Dry,2010-11-13 10:20:00,11
15.91573995,-19.18076986,LA12,2010-11-13,10:40:52 AM,10:40:00,Hot-Dry,2010-11-13 10:40:00,11
15.91574097,-19.18089803,LA12,2010-11-13,11:00:52 AM,11:00:00,Hot-Dry,2010-11-13 11:00:00,11
15.91578369,-19.18084106,LA12,2010-11-13,11:20:52 AM,11:20:00,Hot-Dry,2010-11-13 11:20:00,11
15.91578267,-19.18084717,LA12,2010-11-13,11:40:52 AM,11:40:00,Hot-Dry,2010-11-13 11:40:00,11
15.91580098,-19.18084106,LA12,2010-11-13,12:00:52 PM,12:00:00,Hot-Dry,2010-11-13 12:00:00,11
15.91573995,-19.18080037,LA12,2010-11-13,12:20:53 PM,12:20:00,Hot-Dry,2010-11-13 12:20:00,11
15.91596985,-19.18077189,LA12,2010-11-13,12:40:52 PM,12:40:00,Hot-Dry,2010-11-13 12:40:00,11
15.91733297,-19.18349813,LA12,2010-11-13,01:00:52 PM,13:00:00,Hot-Dry,2010-11-13 13:00:00,11
15.92189331,-19.18984782,LA12,2010-11-13,01:20:52 PM,13:20:00,Hot-Dry,2010-11-13 13:20:00,11
15.92310689,-19.19269816,LA12,2010-11-13,01:40:52 PM,13:40:00,Hot-Dry,2010-11-13 13:40:00,11
15.92309875,-19.19276123,LA12,2010-11-13,02:00:52 PM,14:00:00,Hot-Dry,2010-11-13 14:00:00,11
15.92420247,-19.19458211,LA12,2010-11-13,02:20:52 PM,14:20:00,Hot-Dry,2010-11-13 14:20:00,11
15.93190002,-19.19869385,LA12,2010-11-13,02:40:52 PM,14:40:00,Hot-Dry,2010-11-13 14:40:00,11
15.93893941,-19.20204468,LA12,2010-11-13,03:00:52 PM,15:00:00,Hot-Dry,2010-11-13 15:00:00,11
15.94424337,-19.20764974,LA12,2010-11-13,03:20:52 PM,15:20:00,Hot-Dry,2010-11-13 15:20:00,11
15.94499105,-19.20792236,LA12,2010-11-13,03:40:52 PM,15:40:00,Hot-Dry,2010-11-13 15:40:00,11
15.94577738,-19.20838216,LA12,2010-11-13,04:00:52 PM,16:00:00,Hot-Dry,2010-11-13 16:00:00,11
15.94745992,-19.20960897,LA12,2010-11-13,04:20:52 PM,16:20:00,Hot-Dry,2010-11-13 16:20:00,11
15.9489502,-19.21118571,LA12,2010-11-13,04:40:52 PM,16:40:00,Hot-Dry,2010-11-13 16:40:00,11
15.95143229,-19.21983032,LA12,2010-11-13,05:00:52 PM,17:00:00,Hot-Dry,2010-11-13 17:00:00,11
15.95201009,-19.2271993,LA12,2010-11-13,05:20:52 PM,17:20:00,Hot-Dry,2010-11-13 17:20:00,11
15.95418294,-19.23298747,LA12,2010-11-13,05:40:52 PM,17:40:00,Hot-Dry,2010-11-13 17:40:00,11
15.95647685,-19.23429769,LA12,2010-11-13,06:00:52 PM,18:00:00,Hot-Dry,2010-11-13 18:00:00,11
15.95683695,-19.23462524,LA12,2010-11-13,06:20:52 PM,18:20:00,Hot-Dry,2010-11-13 18:20:00,11
15.95764974,-19.23545939,LA12,2010-11-13,06:40:52 PM,18:40:00,Hot-Dry,2010-11-13 18:40:00,11
15.95927938,-19.23754476,LA12,2010-11-13,07:00:52 PM,19:00:00,Hot-Dry,2010-11-13 19:00:00,11
15.9600179,-19.2379598,LA12,2010-11-13,07:20:52 PM,19:20:00,Hot-Dry,2010-11-13 19:20:00,11
15.96052755,-19.23820394,LA12,2010-11-13,07:40:52 PM,19:40:00,Hot-Dry,2010-11-13 19:40:00,11
15.96167908,-19.23779907,LA12,2010-11-13,08:00:52 PM,20:00:00,Hot-Dry,2010-11-13 20:00:00,11
15.96196086,-19.23796794,LA12,2010-11-13,08:20:52 PM,20:20:00,Hot-Dry,2010-11-13 20:20:00,11
15.96221008,-19.23816935,LA12,2010-11-13,08:40:52 PM,20:40:00,Hot-Dry,2010-11-13 20:40:00,11
15.96299744,-19.23877563,LA12,2010-11-13,09:00:52 PM,21:00:00,Hot-Dry,2010-11-13 21:00:00,11
15.96629028,-19.2395284,LA12,2010-11-13,09:20:52 PM,21:20:00,Hot-Dry,2010-11-13 21:20:00,11
15.96733805,-19.24013672,LA12,2010-11-13,09:40:52 PM,21:40:00,Hot-Dry,2010-11-13 21:40:00,11
15.96934916,-19.24084676,LA12,2010-11-13,10:00:52 PM,22:00:00,Hot-Dry,2010-11-13 22:00:00,11
15.97064209,-19.2415507,LA12,2010-11-13,10:20:52 PM,22:20:00,Hot-Dry,2010-11-13 22:20:00,11
15.97136027,-19.24275513,LA12,2010-11-13,10:40:52 PM,22:40:00,Hot-Dry,2010-11-13 22:40:00,11
15.97158508,-19.24582113,LA12,2010-11-13,11:00:52 PM,23:00:00,Hot-Dry,2010-11-13 23:00:00,11
15.97150065,-19.24624634,LA12,2010-11-13,11:20:52 PM,23:20:00,Hot-Dry,2010-11-13 23:20:00,11
15.97134908,-19.24611206,LA12,2010-11-13,11:40:52 PM,23:40:00,Hot-Dry,2010-11-13 23:40:00,11
15.97134399,-19.24588623,LA12,2010-11-14,12:00:52 AM,00:00:00,Hot-Dry,2010-11-14 00:00:00,11
15.97127991,-19.24590454,LA12,2010-11-14,12:20:52 AM,00:20:00,Hot-Dry,2010-11-14 00:20:00,11
15.97171529,-19.2460083,LA12,2010-11-14,12:40:52 AM,00:40:00,Hot-Dry,2010-11-14 00:40:00,11
15.97210388,-19.24617513,LA12,2010-11-14,01:00:52 AM,01:00:00,Hot-Dry,2010-11-14 01:00:00,11
15.97200724,-19.24650269,LA12,2010-11-14,01:20:52 AM,01:20:00,Hot-Dry,2010-11-14 01:20:00,11
15.97168986,-19.24652913,LA12,2010-11-14,01:41:05 AM,01:41:00,Hot-Dry,2010-11-14 01:41:00,11
15.97169393,-19.24643962,LA12,2010-11-14,02:00:52 AM,02:00:00,Hot-Dry,2010-11-14 02:00:00,11
15.97166036,-19.24643351,LA12,2010-11-14,02:20:52 AM,02:20:00,Hot-Dry,2010-11-14 02:20:00,11
15.9716512,-19.24640503,LA12,2010-11-14,02:40:52 AM,02:40:00,Hot-Dry,2010-11-14 02:40:00,11
15.97166239,-19.24640299,LA12,2010-11-14,03:00:52 AM,03:00:00,Hot-Dry,2010-11-14 03:00:00,11
15.97194316,-19.24657593,LA12,2010-11-14,03:20:52 AM,03:20:00,Hot-Dry,2010-11-14 03:20:00,11
15.97246501,-19.24761149,LA12,2010-11-14,03:40:52 AM,03:40:00,Hot-Dry,2010-11-14 03:40:00,11
15.97320557,-19.24836629,LA12,2010-11-14,04:00:52 AM,04:00:00,Hot-Dry,2010-11-14 04:00:00,11
15.97365723,-19.24868571,LA12,2010-11-14,04:20:52 AM,04:20:00,Hot-Dry,2010-11-14 04:20:00,11
15.97298279,-19.25015462,LA12,2010-11-14,04:40:52 AM,04:40:00,Hot-Dry,2010-11-14 04:40:00,11
15.97147217,-19.25220133,LA12,2010-11-14,05:00:52 AM,05:00:00,Hot-Dry,2010-11-14 05:00:00,11
15.97136434,-19.25428263,LA12,2010-11-14,05:20:52 AM,05:20:00,Hot-Dry,2010-11-14 05:20:00,11
15.97018636,-19.25828451,LA12,2010-11-14,05:40:52 AM,05:40:00,Hot-Dry,2010-11-14 05:40:00,11
15.97091166,-19.26333822,LA12,2010-11-14,06:00:52 AM,06:00:00,Hot-Dry,2010-11-14 06:00:00,11
15.97311503,-19.26433309,LA12,2010-11-14,06:20:52 AM,06:20:00,Hot-Dry,2010-11-14 06:20:00,11
15.97443644,-19.26269938,LA12,2010-11-14,06:40:52 AM,06:40:00,Hot-Dry,2010-11-14 06:40:00,11
15.97523092,-19.26241862,LA12,2010-11-14,07:00:52 AM,07:00:00,Hot-Dry,2010-11-14 07:00:00,11
15.97497965,-19.26171265,LA12,2010-11-14,07:20:52 AM,07:20:00,Hot-Dry,2010-11-14 07:20:00,11
15.97440796,-19.2603597,LA12,2010-11-14,07:40:52 AM,07:40:00,Hot-Dry,2010-11-14 07:40:00,11
15.97396647,-19.25802816,LA12,2010-11-14,08:00:52 AM,08:00:00,Hot-Dry,2010-11-14 08:00:00,11
15.9753479,-19.25608114,LA12,2010-11-14,08:20:52 AM,08:20:00,Hot-Dry,2010-11-14 08:20:00,11
15.97551066,-19.25560303,LA12,2010-11-14,08:40:52 AM,08:40:00,Hot-Dry,2010-11-14 08:40:00,11
15.9749644,-19.25525309,LA12,2010-11-14,09:00:52 AM,09:00:00,Hot-Dry,2010-11-14 09:00:00,11
15.97852478,-19.25611165,LA12,2010-11-14,09:20:52 AM,09:20:00,Hot-Dry,2010-11-14 09:20:00,11
15.97955322,-19.25727946,LA12,2010-11-14,09:40:52 AM,09:40:00,Hot-Dry,2010-11-14 09:40:00,11
15.97994588,-19.25828654,LA12,2010-11-14,10:00:52 AM,10:00:00,Hot-Dry,2010-11-14 10:00:00,11
15.97963053,-19.26003418,LA12,2010-11-14,10:20:52 AM,10:20:00,Hot-Dry,2010-11-14 10:20:00,11
15.97790731,-19.26420288,LA12,2010-11-14,10:40:52 AM,10:40:00,Hot-Dry,2010-11-14 10:40:00,11
15.97638448,-19.26525879,LA12,2010-11-14,11:00:52 AM,11:00:00,Hot-Dry,2010-11-14 11:00:00,11
15.97639262,-19.26525879,LA12,2010-11-14,11:20:52 AM,11:20:00,Hot-Dry,2010-11-14 11:20:00,11
15.97635396,-19.26524251,LA12,2010-11-14,11:40:52 AM,11:40:00,Hot-Dry,2010-11-14 11:40:00,11
15.97636719,-19.26524251,LA12,2010-11-14,12:00:52 PM,12:00:00,Hot-Dry,2010-11-14 12:00:00,11
15.97637838,-19.26523641,LA12,2010-11-14,12:20:53 PM,12:20:00,Hot-Dry,2010-11-14 12:20:00,11
15.97633769,-19.26523031,LA12,2010-11-14,12:40:52 PM,12:40:00,Hot-Dry,2010-11-14 12:40:00,11
15.97605489,-19.26604411,LA12,2010-11-14,01:00:52 PM,13:00:00,Hot-Dry,2010-11-14 13:00:00,11
15.97609965,-19.26651408,LA12,2010-11-14,01:20:52 PM,13:20:00,Hot-Dry,2010-11-14 13:20:00,11
15.97613322,-19.26668701,LA12,2010-11-14,01:40:52 PM,13:40:00,Hot-Dry,2010-11-14 13:40:00,11
15.97561951,-19.26739502,LA12,2010-11-14,02:00:52 PM,14:00:00,Hot-Dry,2010-11-14 14:00:00,11
15.97559306,-19.26782633,LA12,2010-11-14,02:20:52 PM,14:20:00,Hot-Dry,2010-11-14 14:20:00,11
15.97531433,-19.26913249,LA12,2010-11-14,02:40:52 PM,14:40:00,Hot-Dry,2010-11-14 14:40:00,11
15.97430318,-19.27033488,LA12,2010-11-14,03:00:52 PM,15:00:00,Hot-Dry,2010-11-14 15:00:00,11
15.9719696,-19.27239787,LA12,2010-11-14,03:20:52 PM,15:20:00,Hot-Dry,2010-11-14 15:20:00,11
15.96938477,-19.27355957,LA12,2010-11-14,03:40:52 PM,15:40:00,Hot-Dry,2010-11-14 15:40:00,11
15.96824137,-19.27537842,LA12,2010-11-14,04:00:52 PM,16:00:00,Hot-Dry,2010-11-14 16:00:00,11
15.96569112,-19.27787882,LA12,2010-11-14,04:20:52 PM,16:20:00,Hot-Dry,2010-11-14 16:20:00,11
15.96342468,-19.28114624,LA12,2010-11-14,04:40:52 PM,16:40:00,Hot-Dry,2010-11-14 16:40:00,11
15.96070251,-19.28425293,LA12,2010-11-14,05:00:52 PM,17:00:00,Hot-Dry,2010-11-14 17:00:00,11
15.95902507,-19.28607381,LA12,2010-11-14,05:20:52 PM,17:20:00,Hot-Dry,2010-11-14 17:20:00,11
15.95382385,-19.29003092,LA12,2010-11-14,05:40:52 PM,17:40:00,Hot-Dry,2010-11-14 17:40:00,11
15.94870097,-19.29820557,LA12,2010-11-14,06:00:52 PM,18:00:00,Hot-Dry,2010-11-14 18:00:00,11
15.94477844,-19.30633748,LA12,2010-11-14,06:20:52 PM,18:20:00,Hot-Dry,2010-11-14 18:20:00,11
15.94174703,-19.31435547,LA12,2010-11-14,06:40:52 PM,18:40:00,Hot-Dry,2010-11-14 18:40:00,11
15.94131266,-19.31597697,LA12,2010-11-14,07:00:52 PM,19:00:00,Hot-Dry,2010-11-14 19:00:00,11
15.94126689,-19.31489054,LA12,2010-11-14,07:20:52 PM,19:20:00,Hot-Dry,2010-11-14 19:20:00,11
15.94121297,-19.3148763,LA12,2010-11-14,07:40:52 PM,19:40:00,Hot-Dry,2010-11-14 19:40:00,11
15.94101766,-19.31488241,LA12,2010-11-14,08:00:52 PM,20:00:00,Hot-Dry,2010-11-14 20:00:00,11
15.94040833,-19.31454264,LA12,2010-11-14,08:20:52 PM,20:20:00,Hot-Dry,2010-11-14 20:20:00,11
15.94150391,-19.31565145,LA12,2010-11-14,08:40:52 PM,20:40:00,Hot-Dry,2010-11-14 20:40:00,11
15.94030965,-19.31601563,LA12,2010-11-14,09:00:52 PM,21:00:00,Hot-Dry,2010-11-14 21:00:00,11
15.93731384,-19.3148702,LA12,2010-11-14,09:20:52 PM,21:20:00,Hot-Dry,2010-11-14 21:20:00,11
15.92970988,-19.31129761,LA12,2010-11-14,09:40:52 PM,21:40:00,Hot-Dry,2010-11-14 21:40:00,11
15.92192586,-19.30873006,LA12,2010-11-14,10:00:52 PM,22:00:00,Hot-Dry,2010-11-14 22:00:00,11
15.91328634,-19.30697225,LA12,2010-11-14,10:20:52 PM,22:20:00,Hot-Dry,2010-11-14 22:20:00,11
15.90930278,-19.30505981,LA12,2010-11-14,10:40:52 PM,22:40:00,Hot-Dry,2010-11-14 22:40:00,11
15.90923665,-19.30489909,LA12,2010-11-14,11:00:52 PM,23:00:00,Hot-Dry,2010-11-14 23:00:00,11
15.90885315,-19.30501099,LA12,2010-11-14,11:20:52 PM,23:20:00,Hot-Dry,2010-11-14 23:20:00,11
15.90730896,-19.30498047,LA12,2010-11-14,11:40:52 PM,23:40:00,Hot-Dry,2010-11-14 23:40:00,11
15.9019165,-19.30256755,LA12,2010-11-15,12:00:52 AM,00:00:00,Hot-Dry,2010-11-15 00:00:00,11
15.89783325,-19.29871012,LA12,2010-11-15,12:20:52 AM,00:20:00,Hot-Dry,2010-11-15 00:20:00,11
15.89405416,-19.29685262,LA12,2010-11-15,12:40:52 AM,00:40:00,Hot-Dry,2010-11-15 00:40:00,11
15.89197693,-19.29559937,LA12,2010-11-15,01:00:52 AM,01:00:00,Hot-Dry,2010-11-15 01:00:00,11
15.8904012,-19.29405721,LA12,2010-11-15,01:20:52 AM,01:20:00,Hot-Dry,2010-11-15 01:20:00,11
15.89056091,-19.29334106,LA12,2010-11-15,01:40:52 AM,01:40:00,Hot-Dry,2010-11-15 01:40:00,11
15.89053345,-19.29332479,LA12,2010-11-15,02:00:52 AM,02:00:00,Hot-Dry,2010-11-15 02:00:00,11
15.89057312,-19.29329834,LA12,2010-11-15,02:20:52 AM,02:20:00,Hot-Dry,2010-11-15 02:20:00,11
15.89056295,-19.29326172,LA12,2010-11-15,02:40:58 AM,02:40:00,Hot-Dry,2010-11-15 02:40:00,11
15.89048462,-19.29338379,LA12,2010-11-15,03:00:52 AM,03:00:00,Hot-Dry,2010-11-15 03:00:00,11
15.89053243,-19.2933492,LA12,2010-11-15,03:20:52 AM,03:20:00,Hot-Dry,2010-11-15 03:20:00,11
15.89053141,-19.29334106,LA12,2010-11-15,03:40:52 AM,03:40:00,Hot-Dry,2010-11-15 03:40:00,11
15.89016825,-19.2931783,LA12,2010-11-15,04:00:52 AM,04:00:00,Hot-Dry,2010-11-15 04:00:00,11
15.88948568,-19.29232381,LA12,2010-11-15,04:20:52 AM,04:20:00,Hot-Dry,2010-11-15 04:20:00,11
15.88585612,-19.2895813,LA12,2010-11-15,04:40:52 AM,04:40:00,Hot-Dry,2010-11-15 04:40:00,11
15.88311564,-19.28624674,LA12,2010-11-15,05:00:52 AM,05:00:00,Hot-Dry,2010-11-15 05:00:00,11
15.88027039,-19.28424072,LA12,2010-11-15,05:20:52 AM,05:20:00,Hot-Dry,2010-11-15 05:20:00,11
15.87727153,-19.27987874,LA12,2010-11-15,05:40:52 AM,05:40:00,Hot-Dry,2010-11-15 05:40:00,11
15.87543742,-19.27845052,LA12,2010-11-15,06:00:52 AM,06:00:00,Hot-Dry,2010-11-15 06:00:00,11
15.87424622,-19.27658895,LA12,2010-11-15,06:20:52 AM,06:20:00,Hot-Dry,2010-11-15 06:20:00,11
15.87418823,-19.27490031,LA12,2010-11-15,06:40:52 AM,06:40:00,Hot-Dry,2010-11-15 06:40:00,11
15.87443848,-19.27245687,LA12,2010-11-15,07:00:52 AM,07:00:00,Hot-Dry,2010-11-15 07:00:00,11
15.87601522,-19.27045695,LA12,2010-11-15,07:20:52 AM,07:20:00,Hot-Dry,2010-11-15 07:20:00,11
15.87677104,-19.26921387,LA12,2010-11-15,07:40:52 AM,07:40:00,Hot-Dry,2010-11-15 07:40:00,11
15.87673136,-19.26844889,LA12,2010-11-15,08:00:52 AM,08:00:00,Hot-Dry,2010-11-15 08:00:00,11
15.87665914,-19.26800741,LA12,2010-11-15,08:20:52 AM,08:20:00,Hot-Dry,2010-11-15 08:20:00,11
15.87648926,-19.26724243,LA12,2010-11-15,08:40:52 AM,08:40:00,Hot-Dry,2010-11-15 08:40:00,11
15.87550761,-19.26710409,LA12,2010-11-15,09:00:52 AM,09:00:00,Hot-Dry,2010-11-15 09:00:00,11
15.87540588,-19.2669637,LA12,2010-11-15,09:20:52 AM,09:20:00,Hot-Dry,2010-11-15 09:20:00,11
15.87548421,-19.26682129,LA12,2010-11-15,09:40:52 AM,09:40:00,Hot-Dry,2010-11-15 09:40:00,11
15.87450663,-19.26639404,LA12,2010-11-15,10:00:52 AM,10:00:00,Hot-Dry,2010-11-15 10:00:00,11
15.87390544,-19.26642456,LA12,2010-11-15,10:20:52 AM,10:20:00,Hot-Dry,2010-11-15 10:20:00,11
15.872229,-19.2675944,LA12,2010-11-15,10:40:52 AM,10:40:00,Hot-Dry,2010-11-15 10:40:00,11
15.87201538,-19.26615397,LA12,2010-11-15,11:00:52 AM,11:00:00,Hot-Dry,2010-11-15 11:00:00,11
15.87179972,-19.26573283,LA12,2010-11-15,11:20:52 AM,11:20:00,Hot-Dry,2010-11-15 11:20:00,11
15.87058818,-19.26380819,LA12,2010-11-15,11:40:52 AM,11:40:00,Hot-Dry,2010-11-15 11:40:00,11
15.87069092,-19.26200765,LA12,2010-11-15,12:00:52 PM,12:00:00,Hot-Dry,2010-11-15 12:00:00,11
15.86978861,-19.25740153,LA12,2010-11-15,12:20:53 PM,12:20:00,Hot-Dry,2010-11-15 12:20:00,11
15.86941121,-19.25685628,LA12,2010-11-15,12:40:52 PM,12:40:00,Hot-Dry,2010-11-15 12:40:00,11
15.86933797,-19.25679932,LA12,2010-11-15,01:00:52 PM,13:00:00,Hot-Dry,2010-11-15 13:00:00,11
15.86936137,-19.2568278,LA12,2010-11-15,01:20:52 PM,13:20:00,Hot-Dry,2010-11-15 13:20:00,11
15.86824748,-19.25578206,LA12,2010-11-15,01:40:52 PM,13:40:00,Hot-Dry,2010-11-15 13:40:00,11
15.86822917,-19.25577393,LA12,2010-11-15,02:00:52 PM,14:00:00,Hot-Dry,2010-11-15 14:00:00,11
15.86826477,-19.25572306,LA12,2010-11-15,02:20:52 PM,14:20:00,Hot-Dry,2010-11-15 14:20:00,11
15.8680481,-19.25555216,LA12,2010-11-15,02:40:52 PM,14:40:00,Hot-Dry,2010-11-15 14:40:00,11
15.86824341,-19.25484009,LA12,2010-11-15,03:00:52 PM,15:00:00,Hot-Dry,2010-11-15 15:00:00,11
15.8671814,-19.25379639,LA12,2010-11-15,03:20:52 PM,15:20:00,Hot-Dry,2010-11-15 15:20:00,11
15.86724854,-19.25256958,LA12,2010-11-15,03:40:52 PM,15:40:00,Hot-Dry,2010-11-15 15:40:00,11
15.86745707,-19.24960124,LA12,2010-11-15,04:00:52 PM,16:00:00,Hot-Dry,2010-11-15 16:00:00,11
15.86543986,-19.2457723,LA12,2010-11-15,04:20:52 PM,16:20:00,Hot-Dry,2010-11-15 16:20:00,11
15.86565552,-19.24121908,LA12,2010-11-15,04:40:52 PM,16:40:00,Hot-Dry,2010-11-15 16:40:00,11
15.86555888,-19.23422038,LA12,2010-11-15,05:00:52 PM,17:00:00,Hot-Dry,2010-11-15 17:00:00,11
15.86709798,-19.22840373,LA12,2010-11-15,05:20:52 PM,17:20:00,Hot-Dry,2010-11-15 17:20:00,11
15.86805115,-19.22311808,LA12,2010-11-15,05:40:52 PM,17:40:00,Hot-Dry,2010-11-15 17:40:00,11
15.86904704,-19.21956787,LA12,2010-11-15,06:00:52 PM,18:00:00,Hot-Dry,2010-11-15 18:00:00,11
15.86934509,-19.21843872,LA12,2010-11-15,06:20:52 PM,18:20:00,Hot-Dry,2010-11-15 18:20:00,11
15.87016195,-19.21749471,LA12,2010-11-15,06:40:52 PM,18:40:00,Hot-Dry,2010-11-15 18:40:00,11
15.87393188,-19.21234334,LA12,2010-11-15,07:00:52 PM,19:00:00,Hot-Dry,2010-11-15 19:00:00,11
15.87557068,-19.20998739,LA12,2010-11-15,07:20:52 PM,19:20:00,Hot-Dry,2010-11-15 19:20:00,11
15.87958577,-19.20330607,LA12,2010-11-15,07:40:52 PM,19:40:00,Hot-Dry,2010-11-15 19:40:00,11
15.88748881,-19.19831543,LA12,2010-11-15,08:00:52 PM,20:00:00,Hot-Dry,2010-11-15 20:00:00,11
15.89482625,-19.19365845,LA12,2010-11-15,08:20:52 PM,20:20:00,Hot-Dry,2010-11-15 20:20:00,11
15.90216166,-19.18910929,LA12,2010-11-15,08:40:52 PM,20:40:00,Hot-Dry,2010-11-15 20:40:00,11
15.90842896,-19.18271484,LA12,2010-11-15,09:00:52 PM,21:00:00,Hot-Dry,2010-11-15 21:00:00,11
15.9156545,-19.18092651,LA12,2010-11-15,09:20:52 PM,21:20:00,Hot-Dry,2010-11-15 21:20:00,11
15.91593119,-19.18099365,LA12,2010-11-15,09:40:52 PM,21:40:00,Hot-Dry,2010-11-15 21:40:00,11
15.91358236,-19.18096313,LA12,2010-11-15,10:00:52 PM,22:00:00,Hot-Dry,2010-11-15 22:00:00,11
15.90417684,-19.18072103,LA12,2010-11-15,10:20:52 PM,22:20:00,Hot-Dry,2010-11-15 22:20:00,11
15.89584147,-19.18317057,LA12,2010-11-15,10:40:52 PM,22:40:00,Hot-Dry,2010-11-15 22:40:00,11
15.89084778,-19.18578084,LA12,2010-11-15,11:00:52 PM,23:00:00,Hot-Dry,2010-11-15 23:00:00,11
15.88517965,-19.18852946,LA12,2010-11-15,11:20:52 PM,23:20:00,Hot-Dry,2010-11-15 23:20:00,11
15.87553609,-19.19250285,LA12,2010-11-15,11:40:52 PM,23:40:00,Hot-Dry,2010-11-15 23:40:00,11
15.87282104,-19.193986,LA12,2010-11-16,12:00:52 AM,00:00:00,Hot-Dry,2010-11-16 00:00:00,11
15.86685588,-19.19906616,LA12,2010-11-16,12:20:53 AM,00:20:00,Hot-Dry,2010-11-16 00:20:00,11
15.86353251,-19.20321859,LA12,2010-11-16,12:40:52 AM,00:40:00,Hot-Dry,2010-11-16 00:40:00,11
15.86228739,-19.20428874,LA12,2010-11-16,01:00:52 AM,01:00:00,Hot-Dry,2010-11-16 01:00:00,11
15.8599528,-19.2081604,LA12,2010-11-16,01:20:52 AM,01:20:00,Hot-Dry,2010-11-16 01:20:00,11
15.856191,-19.21230876,LA12,2010-11-16,01:40:52 AM,01:40:00,Hot-Dry,2010-11-16 01:40:00,11
15.85380249,-19.21545207,LA12,2010-11-16,02:00:52 AM,02:00:00,Hot-Dry,2010-11-16 02:00:00,11
15.85251363,-19.21777954,LA12,2010-11-16,02:20:52 AM,02:20:00,Hot-Dry,2010-11-16 02:20:00,11
15.85246684,-19.21779582,LA12,2010-11-16,02:40:52 AM,02:40:00,Hot-Dry,2010-11-16 02:40:00,11
15.85249736,-19.21774495,LA12,2010-11-16,03:00:52 AM,03:00:00,Hot-Dry,2010-11-16 03:00:00,11
15.85237834,-19.21778158,LA12,2010-11-16,03:20:52 AM,03:20:00,Hot-Dry,2010-11-16 03:20:00,11
15.8524526,-19.21778768,LA12,2010-11-16,03:40:52 AM,03:40:00,Hot-Dry,2010-11-16 03:40:00,11
15.85020752,-19.21777954,LA12,2010-11-16,04:00:52 AM,04:00:00,Hot-Dry,2010-11-16 04:00:00,11
15.84902445,-19.21914876,LA12,2010-11-16,04:21:02 AM,04:21:00,Hot-Dry,2010-11-16 04:21:00,11
15.848113,-19.22229614,LA12,2010-11-16,04:40:52 AM,04:40:00,Hot-Dry,2010-11-16 04:40:00,11
15.84721781,-19.2252299,LA12,2010-11-16,05:00:52 AM,05:00:00,Hot-Dry,2010-11-16 05:00:00,11
15.84511922,-19.22820841,LA12,2010-11-16,05:20:52 AM,05:20:00,Hot-Dry,2010-11-16 05:20:00,11
15.84470927,-19.22935588,LA12,2010-11-16,05:40:52 AM,05:40:00,Hot-Dry,2010-11-16 05:40:00,11
15.84402568,-19.22963867,LA12,2010-11-16,06:00:52 AM,06:00:00,Hot-Dry,2010-11-16 06:00:00,11
15.83825887,-19.23285319,LA12,2010-11-16,06:20:52 AM,06:20:00,Hot-Dry,2010-11-16 06:20:00,11
15.83647359,-19.23766276,LA12,2010-11-16,06:40:52 AM,06:40:00,Hot-Dry,2010-11-16 06:40:00,11
15.83414714,-19.23951009,LA12,2010-11-16,07:00:52 AM,07:00:00,Hot-Dry,2010-11-16 07:00:00,11
15.83170268,-19.24094442,LA12,2010-11-16,07:20:52 AM,07:20:00,Hot-Dry,2010-11-16 07:20:00,11
15.83140767,-19.24209595,LA12,2010-11-16,07:40:52 AM,07:40:00,Hot-Dry,2010-11-16 07:40:00,11
15.83151754,-19.24215495,LA12,2010-11-16,08:00:52 AM,08:00:00,Hot-Dry,2010-11-16 08:00:00,11
15.83127441,-19.24246826,LA12,2010-11-16,08:20:52 AM,08:20:00,Hot-Dry,2010-11-16 08:20:00,11
15.82995809,-19.24408366,LA12,2010-11-16,08:40:52 AM,08:40:00,Hot-Dry,2010-11-16 08:40:00,11
15.82451782,-19.24419963,LA12,2010-11-16,09:00:52 AM,09:00:00,Hot-Dry,2010-11-16 09:00:00,11
15.82473755,-19.24354655,LA12,2010-11-16,09:20:52 AM,09:20:00,Hot-Dry,2010-11-16 09:20:00,11
15.82394002,-19.24482625,LA12,2010-11-16,09:40:52 AM,09:40:00,Hot-Dry,2010-11-16 09:40:00,11
15.82493286,-19.24473267,LA12,2010-11-16,10:00:52 AM,10:00:00,Hot-Dry,2010-11-16 10:00:00,11
15.82495931,-19.24472046,LA12,2010-11-16,10:20:52 AM,10:20:00,Hot-Dry,2010-11-16 10:20:00,11
15.82494812,-19.24473674,LA12,2010-11-16,10:40:52 AM,10:40:00,Hot-Dry,2010-11-16 10:40:00,11
15.82494914,-19.24475301,LA12,2010-11-16,11:00:52 AM,11:00:00,Hot-Dry,2010-11-16 11:00:00,11
15.82508036,-19.24540405,LA12,2010-11-16,11:20:52 AM,11:20:00,Hot-Dry,2010-11-16 11:20:00,11
15.82374369,-19.24802856,LA12,2010-11-16,11:40:52 AM,11:40:00,Hot-Dry,2010-11-16 11:40:00,11
15.82306519,-19.24858398,LA12,2010-11-16,12:00:52 PM,12:00:00,Hot-Dry,2010-11-16 12:00:00,11
15.82307943,-19.24857178,LA12,2010-11-16,12:20:53 PM,12:20:00,Hot-Dry,2010-11-16 12:20:00,11
15.82306519,-19.24858398,LA12,2010-11-16,12:40:52 PM,12:40:00,Hot-Dry,2010-11-16 12:40:00,11
15.82307231,-19.24860636,LA12,2010-11-16,01:00:52 PM,13:00:00,Hot-Dry,2010-11-16 13:00:00,11
15.82306315,-19.24861247,LA12,2010-11-16,01:20:52 PM,13:20:00,Hot-Dry,2010-11-16 13:20:00,11
15.82311401,-19.24858602,LA12,2010-11-16,01:40:52 PM,13:40:00,Hot-Dry,2010-11-16 13:40:00,11
15.82180379,-19.24940592,LA12,2010-11-16,02:00:52 PM,14:00:00,Hot-Dry,2010-11-16 14:00:00,11
15.8166687,-19.25089518,LA12,2010-11-16,02:20:52 PM,14:20:00,Hot-Dry,2010-11-16 14:20:00,11
15.81104126,-19.25219523,LA12,2010-11-16,02:40:52 PM,14:40:00,Hot-Dry,2010-11-16 14:40:00,11
15.80227356,-19.25318604,LA12,2010-11-16,03:00:52 PM,15:00:00,Hot-Dry,2010-11-16 15:00:00,11
15.79858602,-19.25489299,LA12,2010-11-16,03:20:52 PM,15:20:00,Hot-Dry,2010-11-16 15:20:00,11
15.79735209,-19.25570068,LA12,2010-11-16,03:40:52 PM,15:40:00,Hot-Dry,2010-11-16 15:40:00,11
15.79254252,-19.25568644,LA12,2010-11-16,04:00:52 PM,16:00:00,Hot-Dry,2010-11-16 16:00:00,11
15.78024597,-19.25544637,LA12,2010-11-16,04:20:52 PM,16:20:00,Hot-Dry,2010-11-16 16:20:00,11
15.77030334,-19.2516866,LA12,2010-11-16,04:40:52 PM,16:40:00,Hot-Dry,2010-11-16 16:40:00,11
15.76759644,-19.24672852,LA12,2010-11-16,05:00:52 PM,17:00:00,Hot-Dry,2010-11-16 17:00:00,11
15.76164653,-19.23961995,LA12,2010-11-16,05:20:52 PM,17:20:00,Hot-Dry,2010-11-16 17:20:00,11
15.75609741,-19.23323568,LA12,2010-11-16,05:40:52 PM,17:40:00,Hot-Dry,2010-11-16 17:40:00,11
15.75456543,-19.23214925,LA12,2010-11-16,06:00:52 PM,18:00:00,Hot-Dry,2010-11-16 18:00:00,11
15.75196635,-19.23120524,LA12,2010-11-16,06:20:52 PM,18:20:00,Hot-Dry,2010-11-16 18:20:00,11
15.74432576,-19.2306722,LA12,2010-11-16,06:40:52 PM,18:40:00,Hot-Dry,2010-11-16 18:40:00,11
15.73551432,-19.23274129,LA12,2010-11-16,07:00:52 PM,19:00:00,Hot-Dry,2010-11-16 19:00:00,11
15.73016968,-19.23280436,LA12,2010-11-16,07:20:52 PM,19:20:00,Hot-Dry,2010-11-16 19:20:00,11
15.72272746,-19.23179525,LA12,2010-11-16,07:40:52 PM,19:40:00,Hot-Dry,2010-11-16 19:40:00,11
15.71643778,-19.23046265,LA12,2010-11-16,08:00:52 PM,20:00:00,Hot-Dry,2010-11-16 20:00:00,11
15.71044108,-19.22705688,LA12,2010-11-16,08:20:52 PM,20:20:00,Hot-Dry,2010-11-16 20:20:00,11
15.70508219,-19.22773641,LA12,2010-11-16,08:40:52 PM,20:40:00,Hot-Dry,2010-11-16 20:40:00,11
15.70171407,-19.22751668,LA12,2010-11-16,09:00:52 PM,21:00:00,Hot-Dry,2010-11-16 21:00:00,11
15.70007731,-19.22630005,LA12,2010-11-16,09:20:52 PM,21:20:00,Hot-Dry,2010-11-16 21:20:00,11
15.69929504,-19.22502441,LA12,2010-11-16,09:40:52 PM,21:40:00,Hot-Dry,2010-11-16 21:40:00,11
15.69248759,-19.21919759,LA12,2010-11-16,10:00:52 PM,22:00:00,Hot-Dry,2010-11-16 22:00:00,11
15.68445435,-19.21327108,LA12,2010-11-16,10:20:52 PM,22:20:00,Hot-Dry,2010-11-16 22:20:00,11
15.67602641,-19.21102498,LA12,2010-11-16,10:40:52 PM,22:40:00,Hot-Dry,2010-11-16 22:40:00,11
15.66926473,-19.21142985,LA12,2010-11-16,11:00:52 PM,23:00:00,Hot-Dry,2010-11-16 23:00:00,11
15.66661072,-19.21056519,LA12,2010-11-16,11:20:52 PM,23:20:00,Hot-Dry,2010-11-16 23:20:00,11
15.66038513,-19.2099528,LA12,2010-11-16,11:40:52 PM,23:40:00,Hot-Dry,2010-11-16 23:40:00,11
15.66037801,-19.20995076,LA12,2010-11-17,12:00:52 AM,00:00:00,Hot-Dry,2010-11-17 00:00:00,11
15.66003927,-19.20961914,LA12,2010-11-17,12:20:52 AM,00:20:00,Hot-Dry,2010-11-17 00:20:00,11
15.65929159,-19.20848592,LA12,2010-11-17,12:40:52 AM,00:40:00,Hot-Dry,2010-11-17 00:40:00,11
15.65904439,-19.20785116,LA12,2010-11-17,01:00:52 AM,01:00:00,Hot-Dry,2010-11-17 01:00:00,11
15.65900675,-19.20794271,LA12,2010-11-17,01:20:52 AM,01:20:00,Hot-Dry,2010-11-17 01:20:00,11
15.65899455,-19.20794474,LA12,2010-11-17,01:40:52 AM,01:40:00,Hot-Dry,2010-11-17 01:40:00,11
15.65840149,-19.20763957,LA12,2010-11-17,02:00:52 AM,02:00:00,Hot-Dry,2010-11-17 02:00:00,11
15.65838725,-19.20764974,LA12,2010-11-17,02:20:52 AM,02:20:00,Hot-Dry,2010-11-17 02:20:00,11
15.65843506,-19.20762329,LA12,2010-11-17,02:40:52 AM,02:40:00,Hot-Dry,2010-11-17 02:40:00,11
15.65843302,-19.20762939,LA12,2010-11-17,03:00:52 AM,03:00:00,Hot-Dry,2010-11-17 03:00:00,11
15.65841166,-19.20763346,LA12,2010-11-17,03:20:52 AM,03:20:00,Hot-Dry,2010-11-17 03:20:00,11
15.6583842,-19.20762736,LA12,2010-11-17,03:40:52 AM,03:40:00,Hot-Dry,2010-11-17 03:40:00,11
15.6582723,-19.20742798,LA12,2010-11-17,04:00:52 AM,04:00:00,Hot-Dry,2010-11-17 04:00:00,11
15.65686646,-19.20601603,LA12,2010-11-17,04:20:52 AM,04:20:00,Hot-Dry,2010-11-17 04:20:00,11
15.65543111,-19.20437012,LA12,2010-11-17,04:40:52 AM,04:40:00,Hot-Dry,2010-11-17 04:40:00,11
15.65477193,-19.20258586,LA12,2010-11-17,05:00:52 AM,05:00:00,Hot-Dry,2010-11-17 05:00:00,11
15.65622965,-19.19919637,LA12,2010-11-17,05:20:52 AM,05:20:00,Hot-Dry,2010-11-17 05:20:00,11
15.6604187,-19.19303996,LA12,2010-11-17,05:40:52 AM,05:40:00,Hot-Dry,2010-11-17 05:40:00,11
15.65937805,-19.18721313,LA12,2010-11-17,06:00:52 AM,06:00:00,Hot-Dry,2010-11-17 06:00:00,11
15.65831299,-19.18716634,LA12,2010-11-17,06:20:52 AM,06:20:00,Hot-Dry,2010-11-17 06:20:00,11
15.65756226,-19.1863444,LA12,2010-11-17,06:40:52 AM,06:40:00,Hot-Dry,2010-11-17 06:40:00,11
15.65547791,-19.18296509,LA12,2010-11-17,07:00:52 AM,07:00:00,Hot-Dry,2010-11-17 07:00:00,11
15.65496419,-19.18285726,LA12,2010-11-17,07:20:52 AM,07:20:00,Hot-Dry,2010-11-17 07:20:00,11
15.65491435,-19.18286133,LA12,2010-11-17,07:40:52 AM,07:40:00,Hot-Dry,2010-11-17 07:40:00,11
15.65409749,-19.18202922,LA12,2010-11-17,08:00:52 AM,08:00:00,Hot-Dry,2010-11-17 08:00:00,11
15.65409037,-19.18203328,LA12,2010-11-17,08:20:52 AM,08:20:00,Hot-Dry,2010-11-17 08:20:00,11
15.65404765,-19.18199666,LA12,2010-11-17,08:40:52 AM,08:40:00,Hot-Dry,2010-11-17 08:40:00,11
15.65406494,-19.18203532,LA12,2010-11-17,09:00:52 AM,09:00:00,Hot-Dry,2010-11-17 09:00:00,11
15.65406392,-19.18203125,LA12,2010-11-17,09:20:52 AM,09:20:00,Hot-Dry,2010-11-17 09:20:00,11
15.65406392,-19.18201294,LA12,2010-11-17,09:40:52 AM,09:40:00,Hot-Dry,2010-11-17 09:40:00,11
15.65407715,-19.18202515,LA12,2010-11-17,10:00:52 AM,10:00:00,Hot-Dry,2010-11-17 10:00:00,11
15.65406494,-19.18199056,LA12,2010-11-17,10:20:52 AM,10:20:00,Hot-Dry,2010-11-17 10:20:00,11
15.65410156,-19.18203125,LA12,2010-11-17,10:40:52 AM,10:40:00,Hot-Dry,2010-11-17 10:40:00,11
15.65404765,-19.18201294,LA12,2010-11-17,11:00:52 AM,11:00:00,Hot-Dry,2010-11-17 11:00:00,11
15.65411784,-19.18204142,LA12,2010-11-17,11:20:52 AM,11:20:00,Hot-Dry,2010-11-17 11:20:00,11
15.65456441,-19.18252563,LA12,2010-11-17,11:40:52 AM,11:40:00,Hot-Dry,2010-11-17 11:40:00,11
15.65452881,-19.18254191,LA12,2010-11-17,12:00:52 PM,12:00:00,Hot-Dry,2010-11-17 12:00:00,11
15.65457255,-19.18255819,LA12,2010-11-17,12:20:52 PM,12:20:00,Hot-Dry,2010-11-17 12:20:00,11
15.65148621,-19.1821167,LA12,2010-11-17,12:40:52 PM,12:40:00,Hot-Dry,2010-11-17 12:40:00,11
15.65148214,-19.18210246,LA12,2010-11-17,01:00:52 PM,13:00:00,Hot-Dry,2010-11-17 13:00:00,11
15.6499939,-19.18163249,LA12,2010-11-17,01:20:52 PM,13:20:00,Hot-Dry,2010-11-17 13:20:00,11
15.64576721,-19.17906494,LA12,2010-11-17,01:40:52 PM,13:40:00,Hot-Dry,2010-11-17 13:40:00,11
15.63965963,-19.1735616,LA12,2010-11-17,02:00:52 PM,14:00:00,Hot-Dry,2010-11-17 14:00:00,11
15.63552246,-19.16730754,LA12,2010-11-17,02:20:52 PM,14:20:00,Hot-Dry,2010-11-17 14:20:00,11
15.63381246,-19.15885824,LA12,2010-11-17,02:40:52 PM,14:40:00,Hot-Dry,2010-11-17 14:40:00,11
15.63417155,-19.15035604,LA12,2010-11-17,03:00:52 PM,15:00:00,Hot-Dry,2010-11-17 15:00:00,11
15.6321991,-19.14397583,LA12,2010-11-17,03:20:52 PM,15:20:00,Hot-Dry,2010-11-17 15:20:00,11
15.63613078,-19.13302816,LA12,2010-11-17,03:40:52 PM,15:40:00,Hot-Dry,2010-11-17 15:40:00,11
15.6298879,-19.11550293,LA12,2010-11-17,04:00:52 PM,16:00:00,Hot-Dry,2010-11-17 16:00:00,11
15.61822103,-19.10568237,LA12,2010-11-17,04:20:52 PM,16:20:00,Hot-Dry,2010-11-17 16:20:00,11
15.62090454,-19.09178874,LA12,2010-11-17,04:40:52 PM,16:40:00,Hot-Dry,2010-11-17 16:40:00,11
15.61667277,-19.07617391,LA12,2010-11-17,05:00:52 PM,17:00:00,Hot-Dry,2010-11-17 17:00:00,11
15.60677083,-19.06512451,LA12,2010-11-17,05:20:52 PM,17:20:00,Hot-Dry,2010-11-17 17:20:00,11
15.59593099,-19.05578206,LA12,2010-11-17,05:40:52 PM,17:40:00,Hot-Dry,2010-11-17 17:40:00,11
15.5844279,-19.04880981,LA12,2010-11-17,06:00:52 PM,18:00:00,Hot-Dry,2010-11-17 18:00:00,11
15.57291768,-19.05407308,LA12,2010-11-17,06:20:52 PM,18:20:00,Hot-Dry,2010-11-17 18:20:00,11
15.56983032,-19.05407308,LA12,2010-11-17,06:40:52 PM,18:40:00,Hot-Dry,2010-11-17 18:40:00,11
15.56311747,-19.05682983,LA12,2010-11-17,07:00:52 PM,19:00:00,Hot-Dry,2010-11-17 19:00:00,11
15.55929769,-19.05141398,LA12,2010-11-17,07:20:52 PM,19:20:00,Hot-Dry,2010-11-17 19:20:00,11
15.56309611,-19.04548747,LA12,2010-11-17,07:40:52 PM,19:40:00,Hot-Dry,2010-11-17 19:40:00,11
15.56284587,-19.04313558,LA12,2010-11-17,08:00:52 PM,20:00:00,Hot-Dry,2010-11-17 20:00:00,11
15.56171265,-19.0424703,LA12,2010-11-17,08:20:52 PM,20:20:00,Hot-Dry,2010-11-17 20:20:00,11
15.56008097,-19.04217326,LA12,2010-11-17,08:40:52 PM,20:40:00,Hot-Dry,2010-11-17 20:40:00,11
15.55804036,-19.04023844,LA12,2010-11-17,09:00:52 PM,21:00:00,Hot-Dry,2010-11-17 21:00:00,11
15.5567922,-19.03710938,LA12,2010-11-17,09:20:52 PM,21:20:00,Hot-Dry,2010-11-17 21:20:00,11
15.55765889,-19.03484497,LA12,2010-11-17,09:40:52 PM,21:40:00,Hot-Dry,2010-11-17 21:40:00,11
15.55766907,-19.02957153,LA12,2010-11-17,10:00:52 PM,22:00:00,Hot-Dry,2010-11-17 22:00:00,11
15.55751038,-19.02675171,LA12,2010-11-17,10:20:52 PM,22:20:00,Hot-Dry,2010-11-17 22:20:00,11
15.55582581,-19.02541504,LA12,2010-11-17,10:40:52 PM,22:40:00,Hot-Dry,2010-11-17 22:40:00,11
15.55469869,-19.02279663,LA12,2010-11-17,11:00:52 PM,23:00:00,Hot-Dry,2010-11-17 23:00:00,11
15.55482483,-19.0225708,LA12,2010-11-17,11:20:52 PM,23:20:00,Hot-Dry,2010-11-17 23:20:00,11
15.55694478,-19.01845296,LA12,2010-11-17,11:40:52 PM,23:40:00,Hot-Dry,2010-11-17 23:40:00,11
15.55720622,-19.01884155,LA12,2010-11-18,12:00:52 AM,00:00:00,Hot-Dry,2010-11-18 00:00:00,11
15.55532227,-19.01900838,LA12,2010-11-18,12:20:52 AM,00:20:00,Hot-Dry,2010-11-18 00:20:00,11
15.55429077,-19.01902873,LA12,2010-11-18,12:40:52 AM,00:40:00,Hot-Dry,2010-11-18 00:40:00,11
15.55427348,-19.01900024,LA12,2010-11-18,01:00:52 AM,01:00:00,Hot-Dry,2010-11-18 01:00:00,11
15.55430094,-19.01895549,LA12,2010-11-18,01:20:52 AM,01:20:00,Hot-Dry,2010-11-18 01:20:00,11
15.55432027,-19.01894531,LA12,2010-11-18,01:40:52 AM,01:40:00,Hot-Dry,2010-11-18 01:40:00,11
15.55428263,-19.01899211,LA12,2010-11-18,02:00:52 AM,02:00:00,Hot-Dry,2010-11-18 02:00:00,11
15.55425822,-19.01895955,LA12,2010-11-18,02:20:52 AM,02:20:00,Hot-Dry,2010-11-18 02:20:00,11
15.5543101,-19.01898804,LA12,2010-11-18,02:40:52 AM,02:40:00,Hot-Dry,2010-11-18 02:40:00,11
15.55429179,-19.01895752,LA12,2010-11-18,03:00:52 AM,03:00:00,Hot-Dry,2010-11-18 03:00:00,11
15.55428874,-19.01905314,LA12,2010-11-18,03:20:52 AM,03:20:00,Hot-Dry,2010-11-18 03:20:00,11
15.55426229,-19.01896362,LA12,2010-11-18,03:40:52 AM,03:40:00,Hot-Dry,2010-11-18 03:40:00,11
15.55426025,-19.01902669,LA12,2010-11-18,04:00:52 AM,04:00:00,Hot-Dry,2010-11-18 04:00:00,11
15.55424398,-19.01897176,LA12,2010-11-18,04:20:52 AM,04:20:00,Hot-Dry,2010-11-18 04:20:00,11
15.55442098,-19.01904093,LA12,2010-11-18,04:40:52 AM,04:40:00,Hot-Dry,2010-11-18 04:40:00,11
15.55438944,-19.01842448,LA12,2010-11-18,05:00:52 AM,05:00:00,Hot-Dry,2010-11-18 05:00:00,11
15.55502421,-19.01631063,LA12,2010-11-18,05:20:52 AM,05:20:00,Hot-Dry,2010-11-18 05:20:00,11
15.55524902,-19.01472575,LA12,2010-11-18,05:40:52 AM,05:40:00,Hot-Dry,2010-11-18 05:40:00,11
15.55504557,-19.01434326,LA12,2010-11-18,06:00:52 AM,06:00:00,Hot-Dry,2010-11-18 06:00:00,11
15.55567322,-19.01512248,LA12,2010-11-18,06:20:52 AM,06:20:00,Hot-Dry,2010-11-18 06:20:00,11
15.5572286,-19.01881917,LA12,2010-11-18,06:40:52 AM,06:40:00,Hot-Dry,2010-11-18 06:40:00,11
15.56204732,-19.02151693,LA12,2010-11-18,07:00:52 AM,07:00:00,Hot-Dry,2010-11-18 07:00:00,11
15.5624349,-19.01970418,LA12,2010-11-18,07:20:52 AM,07:20:00,Hot-Dry,2010-11-18 07:20:00,11
15.56227722,-19.01774902,LA12,2010-11-18,07:40:52 AM,07:40:00,Hot-Dry,2010-11-18 07:40:00,11
15.56231181,-19.01635946,LA12,2010-11-18,08:00:52 AM,08:00:00,Hot-Dry,2010-11-18 08:00:00,11
15.56253153,-19.0162089,LA12,2010-11-18,08:20:52 AM,08:20:00,Hot-Dry,2010-11-18 08:20:00,11
15.56180623,-19.01495972,LA12,2010-11-18,08:40:52 AM,08:40:00,Hot-Dry,2010-11-18 08:40:00,11
15.56177673,-19.01494141,LA12,2010-11-18,09:00:52 AM,09:00:00,Hot-Dry,2010-11-18 09:00:00,11
15.56178589,-19.01493937,LA12,2010-11-18,09:20:52 AM,09:20:00,Hot-Dry,2010-11-18 09:20:00,11
15.56169434,-19.01494141,LA12,2010-11-18,09:40:52 AM,09:40:00,Hot-Dry,2010-11-18 09:40:00,11
15.55635681,-19.01173706,LA12,2010-11-18,10:00:52 AM,10:00:00,Hot-Dry,2010-11-18 10:00:00,11
15.55446472,-19.01300863,LA12,2010-11-18,10:20:52 AM,10:20:00,Hot-Dry,2010-11-18 10:20:00,11
15.54819641,-19.0171875,LA12,2010-11-18,10:40:52 AM,10:40:00,Hot-Dry,2010-11-18 10:40:00,11
15.5363088,-19.01889445,LA12,2010-11-18,11:00:52 AM,11:00:00,Hot-Dry,2010-11-18 11:00:00,11
15.53339233,-19.01815389,LA12,2010-11-18,11:20:52 AM,11:20:00,Hot-Dry,2010-11-18 11:20:00,11
15.53254395,-19.0179952,LA12,2010-11-18,11:40:52 AM,11:40:00,Hot-Dry,2010-11-18 11:40:00,11
15.53254395,-19.01801147,LA12,2010-11-18,12:00:52 PM,12:00:00,Hot-Dry,2010-11-18 12:00:00,11
15.53254801,-19.0180013,LA12,2010-11-18,12:20:52 PM,12:20:00,Hot-Dry,2010-11-18 12:20:00,11
15.53257243,-19.01803182,LA12,2010-11-18,12:40:52 PM,12:40:00,Hot-Dry,2010-11-18 12:40:00,11
15.53243713,-19.01813965,LA12,2010-11-18,01:00:52 PM,13:00:00,Hot-Dry,2010-11-18 13:00:00,11
15.53244832,-19.01814982,LA12,2010-11-18,01:20:52 PM,13:20:00,Hot-Dry,2010-11-18 13:20:00,11
15.5324412,-19.01814575,LA12,2010-11-18,01:40:52 PM,13:40:00,Hot-Dry,2010-11-18 13:40:00,11
15.53245138,-19.01815186,LA12,2010-11-18,02:00:52 PM,14:00:00,Hot-Dry,2010-11-18 14:00:00,11
15.53007813,-19.01869507,LA12,2010-11-18,02:20:52 PM,14:20:00,Hot-Dry,2010-11-18 14:20:00,11
15.52831624,-19.01843465,LA12,2010-11-18,02:40:52 PM,14:40:00,Hot-Dry,2010-11-18 14:40:00,11
15.52326253,-19.01436971,LA12,2010-11-18,03:00:52 PM,15:00:00,Hot-Dry,2010-11-18 15:00:00,11
15.51914063,-19.01049398,LA12,2010-11-18,03:20:52 PM,15:20:00,Hot-Dry,2010-11-18 15:20:00,11
15.51065267,-19.00160522,LA12,2010-11-18,03:40:52 PM,15:40:00,Hot-Dry,2010-11-18 15:40:00,11
15.50141398,-19.00079549,LA12,2010-11-18,04:00:53 PM,16:00:00,Hot-Dry,2010-11-18 16:00:00,11
15.49775187,-18.9897583,LA12,2010-11-18,04:20:52 PM,16:20:00,Hot-Dry,2010-11-18 16:20:00,11
15.50358988,-18.97660929,LA12,2010-11-18,04:40:52 PM,16:40:00,Hot-Dry,2010-11-18 16:40:00,11
15.5036204,-18.97656657,LA12,2010-11-18,05:00:52 PM,17:00:00,Hot-Dry,2010-11-18 17:00:00,11
15.50499674,-18.97164917,LA12,2010-11-18,05:20:52 PM,17:20:00,Hot-Dry,2010-11-18 17:20:00,11
15.50630697,-18.96332194,LA12,2010-11-18,05:40:52 PM,17:40:00,Hot-Dry,2010-11-18 17:40:00,11
15.50948486,-18.95625203,LA12,2010-11-18,06:00:52 PM,18:00:00,Hot-Dry,2010-11-18 18:00:00,11
15.51267293,-18.9490804,LA12,2010-11-18,06:20:52 PM,18:20:00,Hot-Dry,2010-11-18 18:20:00,11
15.51666768,-18.94132487,LA12,2010-11-18,06:40:52 PM,18:40:00,Hot-Dry,2010-11-18 18:40:00,11
15.52178752,-18.93296916,LA12,2010-11-18,07:00:52 PM,19:00:00,Hot-Dry,2010-11-18 19:00:00,11
15.52382406,-18.92889608,LA12,2010-11-18,07:20:52 PM,19:20:00,Hot-Dry,2010-11-18 19:20:00,11
15.52436625,-18.92668254,LA12,2010-11-18,07:40:52 PM,19:40:00,Hot-Dry,2010-11-18 19:40:00,11
15.52698466,-18.91902873,LA12,2010-11-18,08:00:52 PM,20:00:00,Hot-Dry,2010-11-18 20:00:00,11
15.52495422,-18.91571045,LA12,2010-11-18,08:20:52 PM,20:20:00,Hot-Dry,2010-11-18 20:20:00,11
15.52466431,-18.91240031,LA12,2010-11-18,08:40:52 PM,20:40:00,Hot-Dry,2010-11-18 20:40:00,11
15.52487793,-18.90902913,LA12,2010-11-18,09:00:52 PM,21:00:00,Hot-Dry,2010-11-18 21:00:00,11
15.52921346,-18.90570475,LA12,2010-11-18,09:20:52 PM,21:20:00,Hot-Dry,2010-11-18 21:20:00,11
15.53213399,-18.90358276,LA12,2010-11-18,09:40:52 PM,21:40:00,Hot-Dry,2010-11-18 21:40:00,11
15.53315837,-18.90183919,LA12,2010-11-18,10:00:52 PM,22:00:00,Hot-Dry,2010-11-18 22:00:00,11
15.53663432,-18.8989502,LA12,2010-11-18,10:20:52 PM,22:20:00,Hot-Dry,2010-11-18 22:20:00,11
15.53978984,-18.89627075,LA12,2010-11-18,10:40:52 PM,22:40:00,Hot-Dry,2010-11-18 22:40:00,11
15.54422302,-18.89411214,LA12,2010-11-18,11:00:52 PM,23:00:00,Hot-Dry,2010-11-18 23:00:00,11
15.5443807,-18.89286702,LA12,2010-11-18,11:20:52 PM,23:20:00,Hot-Dry,2010-11-18 23:20:00,11
15.54484558,-18.89232992,LA12,2010-11-18,11:40:52 PM,23:40:00,Hot-Dry,2010-11-18 23:40:00,11
15.54505819,-18.88979899,LA12,2010-11-19,12:00:52 AM,00:00:00,Hot-Dry,2010-11-19 00:00:00,11
15.54552002,-18.8880188,LA12,2010-11-19,12:20:52 AM,00:20:00,Hot-Dry,2010-11-19 00:20:00,11
15.54654744,-18.88774007,LA12,2010-11-19,12:40:52 AM,00:40:00,Hot-Dry,2010-11-19 00:40:00,11
15.54867147,-18.88798014,LA12,2010-11-19,01:00:52 AM,01:00:00,Hot-Dry,2010-11-19 01:00:00,11
15.54867859,-18.88795166,LA12,2010-11-19,01:20:52 AM,01:20:00,Hot-Dry,2010-11-19 01:20:00,11
15.54866842,-18.88792114,LA12,2010-11-19,01:40:52 AM,01:40:00,Hot-Dry,2010-11-19 01:40:00,11
15.5486084,-18.88809611,LA12,2010-11-19,02:00:59 AM,02:00:00,Hot-Dry,2010-11-19 02:00:00,11
15.54875895,-18.88795573,LA12,2010-11-19,02:20:52 AM,02:20:00,Hot-Dry,2010-11-19 02:20:00,11
15.54891459,-18.88800659,LA12,2010-11-19,02:40:52 AM,02:40:00,Hot-Dry,2010-11-19 02:40:00,11
15.54888916,-18.8880188,LA12,2010-11-19,03:00:52 AM,03:00:00,Hot-Dry,2010-11-19 03:00:00,11
15.54891764,-18.88806559,LA12,2010-11-19,03:20:52 AM,03:20:00,Hot-Dry,2010-11-19 03:20:00,11
15.54888814,-18.88797607,LA12,2010-11-19,03:40:52 AM,03:40:00,Hot-Dry,2010-11-19 03:40:00,11
15.54923096,-18.88786011,LA12,2010-11-19,04:00:52 AM,04:00:00,Hot-Dry,2010-11-19 04:00:00,11
15.54944763,-18.8853068,LA12,2010-11-19,04:20:52 AM,04:20:00,Hot-Dry,2010-11-19 04:20:00,11
15.54984131,-18.88181966,LA12,2010-11-19,04:40:52 AM,04:40:00,Hot-Dry,2010-11-19 04:40:00,11
15.55474854,-18.87776693,LA12,2010-11-19,05:00:52 AM,05:00:00,Hot-Dry,2010-11-19 05:00:00,11
15.55914408,-18.87144775,LA12,2010-11-19,05:20:52 AM,05:20:00,Hot-Dry,2010-11-19 05:20:00,11
15.56208394,-18.86891073,LA12,2010-11-19,05:40:52 AM,05:40:00,Hot-Dry,2010-11-19 05:40:00,11
15.5657725,-18.86665039,LA12,2010-11-19,06:00:52 AM,06:00:00,Hot-Dry,2010-11-19 06:00:00,11
15.56779073,-18.86241048,LA12,2010-11-19,06:20:52 AM,06:20:00,Hot-Dry,2010-11-19 06:20:00,11
15.56572062,-18.86009928,LA12,2010-11-19,06:40:52 AM,06:40:00,Hot-Dry,2010-11-19 06:40:00,11
15.57078959,-18.8577535,LA12,2010-11-19,07:00:52 AM,07:00:00,Hot-Dry,2010-11-19 07:00:00,11
15.57574463,-18.85679525,LA12,2010-11-19,07:20:52 AM,07:20:00,Hot-Dry,2010-11-19 07:20:00,11
15.58035583,-18.85871582,LA12,2010-11-19,07:40:52 AM,07:40:00,Hot-Dry,2010-11-19 07:40:00,11
15.58125102,-18.85965373,LA12,2010-11-19,08:00:52 AM,08:00:00,Hot-Dry,2010-11-19 08:00:00,11
15.58134664,-18.85974528,LA12,2010-11-19,08:20:52 AM,08:20:00,Hot-Dry,2010-11-19 08:20:00,11
15.58237101,-18.86026408,LA12,2010-11-19,08:40:52 AM,08:40:00,Hot-Dry,2010-11-19 08:40:00,11
15.58278809,-18.85972697,LA12,2010-11-19,09:00:52 AM,09:00:00,Hot-Dry,2010-11-19 09:00:00,11
15.582783,-18.85975342,LA12,2010-11-19,09:20:52 AM,09:20:00,Hot-Dry,2010-11-19 09:20:00,11
15.58336995,-18.85937093,LA12,2010-11-19,09:40:52 AM,09:40:00,Hot-Dry,2010-11-19 09:40:00,11
15.58586833,-18.8605896,LA12,2010-11-19,10:00:52 AM,10:00:00,Hot-Dry,2010-11-19 10:00:00,11
15.58586426,-18.86081543,LA12,2010-11-19,10:20:53 AM,10:20:00,Hot-Dry,2010-11-19 10:20:00,11
15.58585815,-18.86083374,LA12,2010-11-19,10:40:52 AM,10:40:00,Hot-Dry,2010-11-19 10:40:00,11
15.58583984,-18.86078898,LA12,2010-11-19,11:00:52 AM,11:00:00,Hot-Dry,2010-11-19 11:00:00,11
15.58585815,-18.86079102,LA12,2010-11-19,11:20:52 AM,11:20:00,Hot-Dry,2010-11-19 11:20:00,11
15.5858724,-18.86061605,LA12,2010-11-19,11:40:52 AM,11:40:00,Hot-Dry,2010-11-19 11:40:00,11
15.58589071,-18.86079508,LA12,2010-11-19,12:00:52 PM,12:00:00,Hot-Dry,2010-11-19 12:00:00,11
15.58585714,-18.86079102,LA12,2010-11-19,12:20:52 PM,12:20:00,Hot-Dry,2010-11-19 12:20:00,11
15.58591309,-18.86080933,LA12,2010-11-19,12:40:52 PM,12:40:00,Hot-Dry,2010-11-19 12:40:00,11
15.58588155,-18.86082357,LA12,2010-11-19,01:00:52 PM,13:00:00,Hot-Dry,2010-11-19 13:00:00,11
15.58589172,-18.86081746,LA12,2010-11-19,01:20:52 PM,13:20:00,Hot-Dry,2010-11-19 13:20:00,11
15.58594055,-18.86110636,LA12,2010-11-19,01:40:52 PM,13:40:00,Hot-Dry,2010-11-19 13:40:00,11
15.5858785,-18.86082967,LA12,2010-11-19,02:00:52 PM,14:00:00,Hot-Dry,2010-11-19 14:00:00,11
15.58587748,-18.8608256,LA12,2010-11-19,02:20:52 PM,14:20:00,Hot-Dry,2010-11-19 14:20:00,11
15.58511556,-18.8587972,LA12,2010-11-19,02:40:52 PM,14:40:00,Hot-Dry,2010-11-19 14:40:00,11
15.58597717,-18.85660807,LA12,2010-11-19,03:00:52 PM,15:00:00,Hot-Dry,2010-11-19 15:00:00,11
15.58588867,-18.8550883,LA12,2010-11-19,03:20:52 PM,15:20:00,Hot-Dry,2010-11-19 15:20:00,11
15.58728841,-18.84974569,LA12,2010-11-19,03:40:52 PM,15:40:00,Hot-Dry,2010-11-19 15:40:00,11
15.59123128,-18.83923543,LA12,2010-11-19,04:00:52 PM,16:00:00,Hot-Dry,2010-11-19 16:00:00,11
15.59658712,-18.8314738,LA12,2010-11-19,04:20:52 PM,16:20:00,Hot-Dry,2010-11-19 16:20:00,11
15.60255839,-18.82376506,LA12,2010-11-19,04:40:52 PM,16:40:00,Hot-Dry,2010-11-19 16:40:00,11
15.60750529,-18.81594442,LA12,2010-11-19,05:00:52 PM,17:00:00,Hot-Dry,2010-11-19 17:00:00,11
15.60955709,-18.80867716,LA12,2010-11-19,05:20:52 PM,17:20:00,Hot-Dry,2010-11-19 17:20:00,11
15.61380107,-18.7980306,LA12,2010-11-19,05:40:52 PM,17:40:00,Hot-Dry,2010-11-19 17:40:00,11
15.61811625,-18.78760783,LA12,2010-11-19,06:00:52 PM,18:00:00,Hot-Dry,2010-11-19 18:00:00,11
15.61847839,-18.78679606,LA12,2010-11-19,06:20:52 PM,18:20:00,Hot-Dry,2010-11-19 18:20:00,11
15.61814168,-18.78549805,LA12,2010-11-19,06:40:52 PM,18:40:00,Hot-Dry,2010-11-19 18:40:00,11
15.61851501,-18.78672689,LA12,2010-11-19,07:00:52 PM,19:00:00,Hot-Dry,2010-11-19 19:00:00,11
15.62303569,-18.78498128,LA12,2010-11-19,07:20:52 PM,19:20:00,Hot-Dry,2010-11-19 19:20:00,11
15.62667542,-18.78460083,LA12,2010-11-19,07:40:52 PM,19:40:00,Hot-Dry,2010-11-19 19:40:00,11
15.63505147,-18.7853536,LA12,2010-11-19,08:00:52 PM,20:00:00,Hot-Dry,2010-11-19 20:00:00,11
15.6459432,-18.78573812,LA12,2010-11-19,08:20:52 PM,20:20:00,Hot-Dry,2010-11-19 20:20:00,11
15.65092367,-18.78607585,LA12,2010-11-19,08:40:52 PM,20:40:00,Hot-Dry,2010-11-19 20:40:00,11
15.65927022,-18.78332316,LA12,2010-11-19,09:00:52 PM,21:00:00,Hot-Dry,2010-11-19 21:00:00,11
15.66482035,-18.78354085,LA12,2010-11-19,09:20:52 PM,21:20:00,Hot-Dry,2010-11-19 21:20:00,11
15.67075297,-18.78354492,LA12,2010-11-19,09:40:52 PM,21:40:00,Hot-Dry,2010-11-19 21:40:00,11
15.67414042,-18.78325399,LA12,2010-11-19,10:00:52 PM,22:00:00,Hot-Dry,2010-11-19 22:00:00,11
15.68116252,-18.7794576,LA12,2010-11-19,10:20:52 PM,22:20:00,Hot-Dry,2010-11-19 22:20:00,11
15.68927714,-18.77473551,LA12,2010-11-19,10:40:52 PM,22:40:00,Hot-Dry,2010-11-19 22:40:00,11
15.69604289,-18.77235514,LA12,2010-11-19,11:00:52 PM,23:00:00,Hot-Dry,2010-11-19 23:00:00,11
15.6984904,-18.77009277,LA12,2010-11-19,11:20:52 PM,23:20:00,Hot-Dry,2010-11-19 23:20:00,11
15.69963277,-18.76956787,LA12,2010-11-19,11:40:52 PM,23:40:00,Hot-Dry,2010-11-19 23:40:00,11
15.70153097,-18.7678894,LA12,2010-11-20,12:00:52 AM,00:00:00,Hot-Dry,2010-11-20 00:00:00,11
15.70450643,-18.76618652,LA12,2010-11-20,12:20:52 AM,00:20:00,Hot-Dry,2010-11-20 00:20:00,11
15.70430196,-18.7664978,LA12,2010-11-20,12:40:52 AM,00:40:00,Hot-Dry,2010-11-20 00:40:00,11
15.70420837,-18.76650187,LA12,2010-11-20,01:00:52 AM,01:00:00,Hot-Dry,2010-11-20 01:00:00,11
15.70325419,-18.76511027,LA12,2010-11-20,01:20:52 AM,01:20:00,Hot-Dry,2010-11-20 01:20:00,11
15.70421143,-18.76312663,LA12,2010-11-20,01:40:52 AM,01:40:00,Hot-Dry,2010-11-20 01:40:00,11
15.70605469,-18.76273397,LA12,2010-11-20,02:00:52 AM,02:00:00,Hot-Dry,2010-11-20 02:00:00,11
15.70860189,-18.7611613,LA12,2010-11-20,02:20:52 AM,02:20:00,Hot-Dry,2010-11-20 02:20:00,11
15.71053162,-18.76194255,LA12,2010-11-20,02:40:52 AM,02:40:00,Hot-Dry,2010-11-20 02:40:00,11
15.71097209,-18.76168009,LA12,2010-11-20,03:00:52 AM,03:00:00,Hot-Dry,2010-11-20 03:00:00,11
15.71120911,-18.76164958,LA12,2010-11-20,03:20:52 AM,03:20:00,Hot-Dry,2010-11-20 03:20:00,11
15.71120809,-18.76152547,LA12,2010-11-20,03:40:52 AM,03:40:00,Hot-Dry,2010-11-20 03:40:00,11
15.71193034,-18.75671387,LA12,2010-11-20,04:00:52 AM,04:00:00,Hot-Dry,2010-11-20 04:00:00,11
15.71159566,-18.75313924,LA12,2010-11-20,04:20:52 AM,04:20:00,Hot-Dry,2010-11-20 04:20:00,11
15.71081543,-18.75279744,LA12,2010-11-20,04:40:52 AM,04:40:00,Hot-Dry,2010-11-20 04:40:00,11
15.71065572,-18.75281372,LA12,2010-11-20,05:00:52 AM,05:00:00,Hot-Dry,2010-11-20 05:00:00,11
15.71041667,-18.75340576,LA12,2010-11-20,05:20:52 AM,05:20:00,Hot-Dry,2010-11-20 05:20:00,11
15.71008199,-18.75374552,LA12,2010-11-20,05:40:52 AM,05:40:00,Hot-Dry,2010-11-20 05:40:00,11
15.70993856,-18.75391846,LA12,2010-11-20,06:00:52 AM,06:00:00,Hot-Dry,2010-11-20 06:00:00,11
15.70988363,-18.75386149,LA12,2010-11-20,06:20:52 AM,06:20:00,Hot-Dry,2010-11-20 06:20:00,11
15.70989889,-18.75397135,LA12,2010-11-20,06:40:52 AM,06:40:00,Hot-Dry,2010-11-20 06:40:00,11
15.70968526,-18.75398356,LA12,2010-11-20,07:00:52 AM,07:00:00,Hot-Dry,2010-11-20 07:00:00,11
15.70820007,-18.75469971,LA12,2010-11-20,07:20:52 AM,07:20:00,Hot-Dry,2010-11-20 07:20:00,11
15.70487874,-18.75637614,LA12,2010-11-20,07:40:52 AM,07:40:00,Hot-Dry,2010-11-20 07:40:00,11
15.70697428,-18.75991618,LA12,2010-11-20,08:00:52 AM,08:00:00,Hot-Dry,2010-11-20 08:00:00,11
15.71475627,-18.76088257,LA12,2010-11-20,08:20:52 AM,08:20:00,Hot-Dry,2010-11-20 08:20:00,11
15.7202596,-18.7579834,LA12,2010-11-20,08:40:52 AM,08:40:00,Hot-Dry,2010-11-20 08:40:00,11
15.72783407,-18.75301107,LA12,2010-11-20,09:00:52 AM,09:00:00,Hot-Dry,2010-11-20 09:00:00,11
15.73437602,-18.7487325,LA12,2010-11-20,09:20:52 AM,09:20:00,Hot-Dry,2010-11-20 09:20:00,11
15.73437398,-18.7487264,LA12,2010-11-20,09:40:52 AM,09:40:00,Hot-Dry,2010-11-20 09:40:00,11
15.73431905,-18.74864909,LA12,2010-11-20,10:00:52 AM,10:00:00,Hot-Dry,2010-11-20 10:00:00,11
15.73433228,-18.74864299,LA12,2010-11-20,10:20:52 AM,10:20:00,Hot-Dry,2010-11-20 10:20:00,11
15.73434448,-18.74862874,LA12,2010-11-20,10:40:52 AM,10:40:00,Hot-Dry,2010-11-20 10:40:00,11
15.73433431,-18.74864705,LA12,2010-11-20,11:00:52 AM,11:00:00,Hot-Dry,2010-11-20 11:00:00,11
15.73431091,-18.74862061,LA12,2010-11-20,11:20:52 AM,11:20:00,Hot-Dry,2010-11-20 11:20:00,11
15.73457642,-18.74758301,LA12,2010-11-20,11:40:52 AM,11:40:00,Hot-Dry,2010-11-20 11:40:00,11
15.73458862,-18.74757487,LA12,2010-11-20,12:00:52 PM,12:00:00,Hot-Dry,2010-11-20 12:00:00,11
15.73457642,-18.7476359,LA12,2010-11-20,12:20:53 PM,12:20:00,Hot-Dry,2010-11-20 12:20:00,11
15.73460185,-18.74760335,LA12,2010-11-20,12:40:52 PM,12:40:00,Hot-Dry,2010-11-20 12:40:00,11
15.73462016,-18.74760132,LA12,2010-11-20,01:00:52 PM,13:00:00,Hot-Dry,2010-11-20 13:00:00,11
15.73460185,-18.74762166,LA12,2010-11-20,01:20:52 PM,13:20:00,Hot-Dry,2010-11-20 13:20:00,11
15.73464457,-18.74760539,LA12,2010-11-20,01:40:52 PM,13:40:00,Hot-Dry,2010-11-20 13:40:00,11
15.73476766,-18.74758911,LA12,2010-11-20,02:00:52 PM,14:00:00,Hot-Dry,2010-11-20 14:00:00,11
15.73476664,-18.74755249,LA12,2010-11-20,02:20:52 PM,14:20:00,Hot-Dry,2010-11-20 14:20:00,11
15.73490092,-18.74768677,LA12,2010-11-20,02:40:52 PM,14:40:00,Hot-Dry,2010-11-20 14:40:00,11
15.73484904,-18.74773966,LA12,2010-11-20,03:00:52 PM,15:00:00,Hot-Dry,2010-11-20 15:00:00,11
15.74264018,-18.74698283,LA12,2010-11-20,03:20:52 PM,15:20:00,Hot-Dry,2010-11-20 15:20:00,11
15.74305725,-18.74822591,LA12,2010-11-20,03:40:52 PM,15:40:00,Hot-Dry,2010-11-20 15:40:00,11
15.74329224,-18.74761963,LA12,2010-11-20,04:00:52 PM,16:00:00,Hot-Dry,2010-11-20 16:00:00,11
15.74725444,-18.74465332,LA12,2010-11-20,04:20:52 PM,16:20:00,Hot-Dry,2010-11-20 16:20:00,11
15.74960531,-18.74298299,LA12,2010-11-20,04:40:52 PM,16:40:00,Hot-Dry,2010-11-20 16:40:00,11
15.75019531,-18.73951823,LA12,2010-11-20,05:00:52 PM,17:00:00,Hot-Dry,2010-11-20 17:00:00,11
15.74991964,-18.73623454,LA12,2010-11-20,05:20:52 PM,17:20:00,Hot-Dry,2010-11-20 17:20:00,11
15.74320984,-18.73078206,LA12,2010-11-20,05:40:52 PM,17:40:00,Hot-Dry,2010-11-20 17:40:00,11
15.74253438,-18.73082275,LA12,2010-11-20,06:00:52 PM,18:00:00,Hot-Dry,2010-11-20 18:00:00,11
15.74264119,-18.73613281,LA12,2010-11-20,06:20:52 PM,18:20:00,Hot-Dry,2010-11-20 18:20:00,11
15.74778748,-18.74134928,LA12,2010-11-20,06:40:52 PM,18:40:00,Hot-Dry,2010-11-20 18:40:00,11
15.74819438,-18.74192098,LA12,2010-11-20,07:00:52 PM,19:00:00,Hot-Dry,2010-11-20 19:00:00,11
15.74925944,-18.74288127,LA12,2010-11-20,07:20:52 PM,19:20:00,Hot-Dry,2010-11-20 19:20:00,11
15.7586263,-18.7451945,LA12,2010-11-20,07:40:53 PM,19:40:00,Hot-Dry,2010-11-20 19:40:00,11
15.7631958,-18.75415243,LA12,2010-11-20,08:00:52 PM,20:00:00,Hot-Dry,2010-11-20 20:00:00,11
15.76348877,-18.75667725,LA12,2010-11-20,08:20:52 PM,20:20:00,Hot-Dry,2010-11-20 20:20:00,11
15.76289775,-18.75751953,LA12,2010-11-20,08:40:52 PM,20:40:00,Hot-Dry,2010-11-20 20:40:00,11
15.76297201,-18.75791423,LA12,2010-11-20,09:00:52 PM,21:00:00,Hot-Dry,2010-11-20 21:00:00,11
15.7633077,-18.75837199,LA12,2010-11-20,09:20:52 PM,21:20:00,Hot-Dry,2010-11-20 21:20:00,11
15.76300354,-18.75850627,LA12,2010-11-20,09:40:52 PM,21:40:00,Hot-Dry,2010-11-20 21:40:00,11
15.76294963,-18.75858561,LA12,2010-11-20,10:00:52 PM,22:00:00,Hot-Dry,2010-11-20 22:00:00,11
15.762913,-18.75859172,LA12,2010-11-20,10:20:52 PM,22:20:00,Hot-Dry,2010-11-20 22:20:00,11
15.76289876,-18.75863037,LA12,2010-11-20,10:40:52 PM,22:40:00,Hot-Dry,2010-11-20 22:40:00,11
15.7629364,-18.75862223,LA12,2010-11-20,11:00:52 PM,23:00:00,Hot-Dry,2010-11-20 23:00:00,11
15.76279297,-18.75876872,LA12,2010-11-20,11:20:52 PM,23:20:00,Hot-Dry,2010-11-20 23:20:00,11
15.76277771,-18.75894572,LA12,2010-11-20,11:40:52 PM,23:40:00,Hot-Dry,2010-11-20 23:40:00,11
15.76262716,-18.75911458,LA12,2010-11-21,12:00:52 AM,00:00:00,Hot-Dry,2010-11-21 00:00:00,11
15.76162516,-18.75911662,LA12,2010-11-21,12:20:52 AM,00:20:00,Hot-Dry,2010-11-21 00:20:00,11
15.75879008,-18.75831909,LA12,2010-11-21,12:40:52 AM,00:40:00,Hot-Dry,2010-11-21 00:40:00,11
15.75540466,-18.75692749,LA12,2010-11-21,01:00:52 AM,01:00:00,Hot-Dry,2010-11-21 01:00:00,11
15.74949646,-18.75416463,LA12,2010-11-21,01:20:52 AM,01:20:00,Hot-Dry,2010-11-21 01:20:00,11
15.74830322,-18.75317179,LA12,2010-11-21,01:40:52 AM,01:40:00,Hot-Dry,2010-11-21 01:40:00,11
15.74826762,-18.75313924,LA12,2010-11-21,02:00:52 AM,02:00:00,Hot-Dry,2010-11-21 02:00:00,11
15.74830526,-18.753184,LA12,2010-11-21,02:20:52 AM,02:20:00,Hot-Dry,2010-11-21 02:20:00,11
15.74827576,-18.75312907,LA12,2010-11-21,02:40:52 AM,02:40:00,Hot-Dry,2010-11-21 02:40:00,11
15.74828796,-18.75315145,LA12,2010-11-21,03:00:52 AM,03:00:00,Hot-Dry,2010-11-21 03:00:00,11
15.74828389,-18.75316569,LA12,2010-11-21,03:20:52 AM,03:20:00,Hot-Dry,2010-11-21 03:20:00,11
15.74829915,-18.75314331,LA12,2010-11-21,03:40:53 AM,03:40:00,Hot-Dry,2010-11-21 03:40:00,11
15.74834595,-18.75314128,LA12,2010-11-21,04:00:52 AM,04:00:00,Hot-Dry,2010-11-21 04:00:00,11
15.74829508,-18.75314535,LA12,2010-11-21,04:20:52 AM,04:20:00,Hot-Dry,2010-11-21 04:20:00,11
15.74732869,-18.75327555,LA12,2010-11-21,04:40:52 AM,04:40:00,Hot-Dry,2010-11-21 04:40:00,11
15.74530945,-18.75386353,LA12,2010-11-21,05:00:52 AM,05:00:00,Hot-Dry,2010-11-21 05:00:00,11
15.74173686,-18.75600382,LA12,2010-11-21,05:20:52 AM,05:20:00,Hot-Dry,2010-11-21 05:20:00,11
15.73325399,-18.7587443,LA12,2010-11-21,05:40:52 AM,05:40:00,Hot-Dry,2010-11-21 05:40:00,11
15.72846985,-18.76080729,LA12,2010-11-21,06:00:52 AM,06:00:00,Hot-Dry,2010-11-21 06:00:00,11
15.72569071,-18.76078898,LA12,2010-11-21,06:20:52 AM,06:20:00,Hot-Dry,2010-11-21 06:20:00,11
15.7249115,-18.7608134,LA12,2010-11-21,06:40:52 AM,06:40:00,Hot-Dry,2010-11-21 06:40:00,11
15.72304789,-18.75916545,LA12,2010-11-21,07:00:52 AM,07:00:00,Hot-Dry,2010-11-21 07:00:00,11
15.71550191,-18.75508423,LA12,2010-11-21,07:20:52 AM,07:20:00,Hot-Dry,2010-11-21 07:20:00,11
15.70811768,-18.75462443,LA12,2010-11-21,07:40:52 AM,07:40:00,Hot-Dry,2010-11-21 07:40:00,11
15.70577291,-18.75482178,LA12,2010-11-21,08:00:52 AM,08:00:00,Hot-Dry,2010-11-21 08:00:00,11
15.70408529,-18.75497233,LA12,2010-11-21,08:20:52 AM,08:20:00,Hot-Dry,2010-11-21 08:20:00,11
15.70390015,-18.75500692,LA12,2010-11-21,08:40:52 AM,08:40:00,Hot-Dry,2010-11-21 08:40:00,11
15.70388184,-18.75502116,LA12,2010-11-21,09:00:52 AM,09:00:00,Hot-Dry,2010-11-21 09:00:00,11
15.70028687,-18.75529785,LA12,2010-11-21,09:20:52 AM,09:20:00,Hot-Dry,2010-11-21 09:20:00,11
15.69248149,-18.75790812,LA12,2010-11-21,09:40:52 AM,09:40:00,Hot-Dry,2010-11-21 09:40:00,11
15.68697408,-18.76332397,LA12,2010-11-21,10:00:52 AM,10:00:00,Hot-Dry,2010-11-21 10:00:00,11
15.68296305,-18.76400553,LA12,2010-11-21,10:20:52 AM,10:20:00,Hot-Dry,2010-11-21 10:20:00,11
15.68293966,-18.76400146,LA12,2010-11-21,10:40:52 AM,10:40:00,Hot-Dry,2010-11-21 10:40:00,11
15.68292033,-18.76404012,LA12,2010-11-21,11:00:52 AM,11:00:00,Hot-Dry,2010-11-21 11:00:00,11
15.68296,-18.76401978,LA12,2010-11-21,11:20:52 AM,11:20:00,Hot-Dry,2010-11-21 11:20:00,11
15.68288167,-18.76399943,LA12,2010-11-21,11:40:52 AM,11:40:00,Hot-Dry,2010-11-21 11:40:00,11
15.68294474,-18.76404012,LA12,2010-11-21,12:00:52 PM,12:00:00,Hot-Dry,2010-11-21 12:00:00,11
15.68294067,-18.76404419,LA12,2010-11-21,12:20:52 PM,12:20:00,Hot-Dry,2010-11-21 12:20:00,11
15.68296204,-18.76404622,LA12,2010-11-21,12:40:52 PM,12:40:00,Hot-Dry,2010-11-21 12:40:00,11
15.68294983,-18.76407267,LA12,2010-11-21,01:00:52 PM,13:00:00,Hot-Dry,2010-11-21 13:00:00,11
15.68298848,-18.76404215,LA12,2010-11-21,01:20:52 PM,13:20:00,Hot-Dry,2010-11-21 13:20:00,11
15.68017782,-18.76385498,LA12,2010-11-21,01:40:52 PM,13:40:00,Hot-Dry,2010-11-21 13:40:00,11
15.67306417,-18.76334839,LA12,2010-11-21,02:00:52 PM,14:00:00,Hot-Dry,2010-11-21 14:00:00,11
15.66409505,-18.76491292,LA12,2010-11-21,02:20:52 PM,14:20:00,Hot-Dry,2010-11-21 14:20:00,11
15.65719808,-18.76962077,LA12,2010-11-21,02:40:52 PM,14:40:00,Hot-Dry,2010-11-21 14:40:00,11
15.64705912,-18.77307943,LA12,2010-11-21,03:00:52 PM,15:00:00,Hot-Dry,2010-11-21 15:00:00,11
15.63580221,-18.77566121,LA12,2010-11-21,03:20:52 PM,15:20:00,Hot-Dry,2010-11-21 15:20:00,11
15.62307638,-18.78151245,LA12,2010-11-21,03:40:52 PM,15:40:00,Hot-Dry,2010-11-21 15:40:00,11
15.61837056,-18.78661499,LA12,2010-11-21,04:00:52 PM,16:00:00,Hot-Dry,2010-11-21 16:00:00,11
15.61838888,-18.78663127,LA12,2010-11-21,04:20:52 PM,16:20:00,Hot-Dry,2010-11-21 16:20:00,11
15.61922302,-18.78706462,LA12,2010-11-21,04:40:52 PM,16:40:00,Hot-Dry,2010-11-21 16:40:00,11
15.62251078,-18.77971191,LA12,2010-11-21,05:00:52 PM,17:00:00,Hot-Dry,2010-11-21 17:00:00,11
15.62886861,-18.77091268,LA12,2010-11-21,05:20:52 PM,17:20:00,Hot-Dry,2010-11-21 17:20:00,11
15.63502197,-18.76551107,LA12,2010-11-21,05:40:52 PM,17:40:00,Hot-Dry,2010-11-21 17:40:00,11
15.64140828,-18.75705973,LA12,2010-11-21,06:00:52 PM,18:00:00,Hot-Dry,2010-11-21 18:00:00,11
15.64879354,-18.74802856,LA12,2010-11-21,06:20:52 PM,18:20:00,Hot-Dry,2010-11-21 18:20:00,11
15.65645854,-18.74042358,LA12,2010-11-21,06:40:52 PM,18:40:00,Hot-Dry,2010-11-21 18:40:00,11
15.66091614,-18.73369751,LA12,2010-11-21,07:00:52 PM,19:00:00,Hot-Dry,2010-11-21 19:00:00,11
15.66458537,-18.7265564,LA12,2010-11-21,07:20:52 PM,19:20:00,Hot-Dry,2010-11-21 19:20:00,11
15.67078451,-18.71791789,LA12,2010-11-21,07:40:52 PM,19:40:00,Hot-Dry,2010-11-21 19:40:00,11
15.6756724,-18.71047567,LA12,2010-11-21,08:00:52 PM,20:00:00,Hot-Dry,2010-11-21 20:00:00,11
15.6828654,-18.70252279,LA12,2010-11-21,08:20:52 PM,20:20:00,Hot-Dry,2010-11-21 20:20:00,11
15.69171956,-18.69847209,LA12,2010-11-21,08:40:52 PM,20:40:00,Hot-Dry,2010-11-21 20:40:00,11
15.69359436,-18.69631348,LA12,2010-11-21,09:00:52 PM,21:00:00,Hot-Dry,2010-11-21 21:00:00,11
15.69619344,-18.69188639,LA12,2010-11-21,09:20:52 PM,21:20:00,Hot-Dry,2010-11-21 21:20:00,11
15.69793905,-18.69072062,LA12,2010-11-21,09:40:52 PM,21:40:00,Hot-Dry,2010-11-21 21:40:00,11
15.69896851,-18.68908081,LA12,2010-11-21,10:00:52 PM,22:00:00,Hot-Dry,2010-11-21 22:00:00,11
15.70079753,-18.68742676,LA12,2010-11-21,10:20:52 PM,22:20:00,Hot-Dry,2010-11-21 22:20:00,11
15.70073446,-18.68749186,LA12,2010-11-21,10:40:52 PM,22:40:00,Hot-Dry,2010-11-21 22:40:00,11
15.7006602,-18.68702596,LA12,2010-11-21,11:00:52 PM,23:00:00,Hot-Dry,2010-11-21 23:00:00,11
15.70246887,-18.68580119,LA12,2010-11-21,11:20:52 PM,23:20:00,Hot-Dry,2010-11-21 23:20:00,11
15.70268656,-18.68516642,LA12,2010-11-21,11:40:52 PM,23:40:00,Hot-Dry,2010-11-21 23:40:00,11
15.70228373,-18.68461914,LA12,2010-11-22,12:00:52 AM,00:00:00,Hot-Dry,2010-11-22 00:00:00,11
15.70206502,-18.68423055,LA12,2010-11-22,12:20:52 AM,00:20:00,Hot-Dry,2010-11-22 00:20:00,11
15.70183614,-18.68355509,LA12,2010-11-22,12:40:52 AM,00:40:00,Hot-Dry,2010-11-22 00:40:00,11
15.70224202,-18.68286336,LA12,2010-11-22,01:00:52 AM,01:00:00,Hot-Dry,2010-11-22 01:00:00,11
15.70219523,-18.68288981,LA12,2010-11-22,01:20:52 AM,01:20:00,Hot-Dry,2010-11-22 01:20:00,11
15.7022227,-18.68296102,LA12,2010-11-22,01:40:52 AM,01:40:00,Hot-Dry,2010-11-22 01:40:00,11
15.70224406,-18.68297729,LA12,2010-11-22,02:00:52 AM,02:00:00,Hot-Dry,2010-11-22 02:00:00,11
15.70220947,-18.68305461,LA12,2010-11-22,02:20:52 AM,02:20:00,Hot-Dry,2010-11-22 02:20:00,11
15.70225525,-18.68298543,LA12,2010-11-22,02:40:52 AM,02:40:00,Hot-Dry,2010-11-22 02:40:00,11
15.70223694,-18.68295492,LA12,2010-11-22,03:00:52 AM,03:00:00,Hot-Dry,2010-11-22 03:00:00,11
15.70224915,-18.68301595,LA12,2010-11-22,03:20:52 AM,03:20:00,Hot-Dry,2010-11-22 03:20:00,11
15.7021932,-18.68280029,LA12,2010-11-22,03:40:52 AM,03:40:00,Hot-Dry,2010-11-22 03:40:00,11
15.70342,-18.68228556,LA12,2010-11-22,04:00:52 AM,04:00:00,Hot-Dry,2010-11-22 04:00:00,11
15.70710246,-18.6832723,LA12,2010-11-22,04:20:52 AM,04:20:00,Hot-Dry,2010-11-22 04:20:00,11
15.71245321,-18.6875529,LA12,2010-11-22,04:40:52 AM,04:40:00,Hot-Dry,2010-11-22 04:40:00,11
15.71790059,-18.68622843,LA12,2010-11-22,05:00:52 AM,05:00:00,Hot-Dry,2010-11-22 05:00:00,11
15.72022298,-18.68540649,LA12,2010-11-22,05:20:52 AM,05:20:00,Hot-Dry,2010-11-22 05:20:00,11
15.72198486,-18.68640747,LA12,2010-11-22,05:40:52 AM,05:40:00,Hot-Dry,2010-11-22 05:40:00,11
15.7221049,-18.68646037,LA12,2010-11-22,06:00:52 AM,06:00:00,Hot-Dry,2010-11-22 06:00:00,11
15.72235921,-18.68661092,LA12,2010-11-22,06:20:52 AM,06:20:00,Hot-Dry,2010-11-22 06:20:00,11
15.72269796,-18.68742269,LA12,2010-11-22,06:40:52 AM,06:40:00,Hot-Dry,2010-11-22 06:40:00,11
15.72283529,-18.68752238,LA12,2010-11-22,07:00:52 AM,07:00:00,Hot-Dry,2010-11-22 07:00:00,11
15.7228007,-18.68806559,LA12,2010-11-22,07:20:52 AM,07:20:00,Hot-Dry,2010-11-22 07:20:00,11
15.7228241,-18.6880839,LA12,2010-11-22,07:40:52 AM,07:40:00,Hot-Dry,2010-11-22 07:40:00,11
15.72289124,-18.68805135,LA12,2010-11-22,08:00:52 AM,08:00:00,Hot-Dry,2010-11-22 08:00:00,11
15.72283427,-18.68809611,LA12,2010-11-22,08:20:52 AM,08:20:00,Hot-Dry,2010-11-22 08:20:00,11
15.72287496,-18.68820801,LA12,2010-11-22,08:40:52 AM,08:40:00,Hot-Dry,2010-11-22 08:40:00,11
15.7228068,-18.68806966,LA12,2010-11-22,09:00:52 AM,09:00:00,Hot-Dry,2010-11-22 09:00:00,11
15.72282003,-18.6880717,LA12,2010-11-22,09:20:52 AM,09:20:00,Hot-Dry,2010-11-22 09:20:00,11
15.72280273,-18.6880778,LA12,2010-11-22,09:40:52 AM,09:40:00,Hot-Dry,2010-11-22 09:40:00,11
15.72283834,-18.68809814,LA12,2010-11-22,10:00:52 AM,10:00:00,Hot-Dry,2010-11-22 10:00:00,11
15.72132467,-18.68995565,LA12,2010-11-22,10:20:52 AM,10:20:00,Hot-Dry,2010-11-22 10:20:00,11
15.71359456,-18.69470418,LA12,2010-11-22,10:40:52 AM,10:40:00,Hot-Dry,2010-11-22 10:40:00,11
15.71069946,-18.70040283,LA12,2010-11-22,11:00:52 AM,11:00:00,Hot-Dry,2010-11-22 11:00:00,11
15.71082764,-18.7013387,LA12,2010-11-22,11:20:52 AM,11:20:00,Hot-Dry,2010-11-22 11:20:00,11
15.71083069,-18.70137533,LA12,2010-11-22,11:40:52 AM,11:40:00,Hot-Dry,2010-11-22 11:40:00,11
15.71063232,-18.70131022,LA12,2010-11-22,12:00:52 PM,12:00:00,Hot-Dry,2010-11-22 12:00:00,11
15.71063538,-18.70132243,LA12,2010-11-22,12:20:52 PM,12:20:00,Hot-Dry,2010-11-22 12:20:00,11
15.71061401,-18.70130005,LA12,2010-11-22,12:40:52 PM,12:40:00,Hot-Dry,2010-11-22 12:40:00,11
15.71065267,-18.70133667,LA12,2010-11-22,01:00:52 PM,13:00:00,Hot-Dry,2010-11-22 13:00:00,11
15.71066081,-18.70134074,LA12,2010-11-22,01:20:52 PM,13:20:00,Hot-Dry,2010-11-22 13:20:00,11
15.7106547,-18.70132853,LA12,2010-11-22,01:40:52 PM,13:40:00,Hot-Dry,2010-11-22 13:40:00,11
15.71065572,-18.70134481,LA12,2010-11-22,02:00:52 PM,14:00:00,Hot-Dry,2010-11-22 14:00:00,11
15.71064758,-18.7013326,LA12,2010-11-22,02:20:52 PM,14:20:00,Hot-Dry,2010-11-22 14:20:00,11
15.71033732,-18.70170492,LA12,2010-11-22,02:40:52 PM,14:40:00,Hot-Dry,2010-11-22 14:40:00,11
15.70967102,-18.70224813,LA12,2010-11-22,03:00:52 PM,15:00:00,Hot-Dry,2010-11-22 15:00:00,11
15.70650431,-18.70402425,LA12,2010-11-22,03:20:52 PM,15:20:00,Hot-Dry,2010-11-22 15:20:00,11
15.70590922,-18.70379842,LA12,2010-11-22,03:40:52 PM,15:40:00,Hot-Dry,2010-11-22 15:40:00,11
15.70429484,-18.70421549,LA12,2010-11-22,04:00:52 PM,16:00:00,Hot-Dry,2010-11-22 16:00:00,11
15.70108643,-18.71153971,LA12,2010-11-22,04:20:52 PM,16:20:00,Hot-Dry,2010-11-22 16:20:00,11
15.69605509,-18.7181132,LA12,2010-11-22,04:40:52 PM,16:40:00,Hot-Dry,2010-11-22 16:40:00,11
15.69494222,-18.71872559,LA12,2010-11-22,05:00:52 PM,17:00:00,Hot-Dry,2010-11-22 17:00:00,11
15.69195455,-18.72005412,LA12,2010-11-22,05:20:52 PM,17:20:00,Hot-Dry,2010-11-22 17:20:00,11
15.69070129,-18.72206421,LA12,2010-11-22,05:40:52 PM,17:40:00,Hot-Dry,2010-11-22 17:40:00,11
15.68630778,-18.72260335,LA12,2010-11-22,06:00:52 PM,18:00:00,Hot-Dry,2010-11-22 18:00:00,11
15.68249105,-18.72274984,LA12,2010-11-22,06:20:52 PM,18:20:00,Hot-Dry,2010-11-22 18:20:00,11
15.67796936,-18.72374471,LA12,2010-11-22,06:40:52 PM,18:40:00,Hot-Dry,2010-11-22 18:40:00,11
15.67211202,-18.72484334,LA12,2010-11-22,07:00:52 PM,19:00:00,Hot-Dry,2010-11-22 19:00:00,11
15.66764933,-18.7263265,LA12,2010-11-22,07:20:52 PM,19:20:00,Hot-Dry,2010-11-22 19:20:00,11
15.66525269,-18.72848511,LA12,2010-11-22,07:40:52 PM,19:40:00,Hot-Dry,2010-11-22 19:40:00,11
15.6627889,-18.73199056,LA12,2010-11-22,08:00:52 PM,20:00:00,Hot-Dry,2010-11-22 20:00:00,11
15.6575826,-18.73903605,LA12,2010-11-22,08:20:52 PM,20:20:00,Hot-Dry,2010-11-22 20:20:00,11
15.65126851,-18.74576213,LA12,2010-11-22,08:40:52 PM,20:40:00,Hot-Dry,2010-11-22 20:40:00,11
15.64436646,-18.75228475,LA12,2010-11-22,09:00:53 PM,21:00:00,Hot-Dry,2010-11-22 21:00:00,11
15.63884379,-18.76106364,LA12,2010-11-22,09:20:52 PM,21:20:00,Hot-Dry,2010-11-22 21:20:00,11
15.63296509,-18.76891683,LA12,2010-11-22,09:40:52 PM,21:40:00,Hot-Dry,2010-11-22 21:40:00,11
15.626533,-18.77732747,LA12,2010-11-22,10:00:52 PM,22:00:00,Hot-Dry,2010-11-22 22:00:00,11
15.61925863,-18.78592122,LA12,2010-11-22,10:20:52 PM,22:20:00,Hot-Dry,2010-11-22 22:20:00,11
15.6186849,-18.7868042,LA12,2010-11-22,10:40:52 PM,22:40:00,Hot-Dry,2010-11-22 22:40:00,11
15.61988017,-18.78654582,LA12,2010-11-22,11:00:52 PM,23:00:00,Hot-Dry,2010-11-22 23:00:00,11
15.62876282,-18.78314006,LA12,2010-11-22,11:20:52 PM,23:20:00,Hot-Dry,2010-11-22 23:20:00,11
15.63386739,-18.77647705,LA12,2010-11-22,11:40:52 PM,23:40:00,Hot-Dry,2010-11-22 23:40:00,11
15.64402771,-18.77010091,LA12,2010-11-23,12:00:52 AM,00:00:00,Hot-Dry,2010-11-23 00:00:00,11
15.65487264,-18.762382,LA12,2010-11-23,12:20:52 AM,00:20:00,Hot-Dry,2010-11-23 00:20:00,11
15.66490173,-18.75692749,LA12,2010-11-23,12:40:52 AM,00:40:00,Hot-Dry,2010-11-23 00:40:00,11
15.66736552,-18.75203044,LA12,2010-11-23,01:00:52 AM,01:00:00,Hot-Dry,2010-11-23 01:00:00,11
15.66925659,-18.7483256,LA12,2010-11-23,01:20:52 AM,01:20:00,Hot-Dry,2010-11-23 01:20:00,11
15.67069194,-18.74609375,LA12,2010-11-23,01:40:52 AM,01:40:00,Hot-Dry,2010-11-23 01:40:00,11
15.67391459,-18.7445048,LA12,2010-11-23,02:00:52 AM,02:00:00,Hot-Dry,2010-11-23 02:00:00,11
15.67919922,-18.73806559,LA12,2010-11-23,02:20:52 AM,02:20:00,Hot-Dry,2010-11-23 02:20:00,11
15.68510234,-18.7323995,LA12,2010-11-23,02:40:52 AM,02:40:00,Hot-Dry,2010-11-23 02:40:00,11
15.69166463,-18.72436117,LA12,2010-11-23,03:00:52 AM,03:00:00,Hot-Dry,2010-11-23 03:00:00,11
15.69552612,-18.71861369,LA12,2010-11-23,03:20:52 AM,03:20:00,Hot-Dry,2010-11-23 03:20:00,11
15.70133057,-18.71104533,LA12,2010-11-23,03:40:52 AM,03:40:00,Hot-Dry,2010-11-23 03:40:00,11
15.70608114,-18.70333252,LA12,2010-11-23,04:00:52 AM,04:00:00,Hot-Dry,2010-11-23 04:00:00,11
15.7081899,-18.69618327,LA12,2010-11-23,04:20:52 AM,04:20:00,Hot-Dry,2010-11-23 04:20:00,11
15.71595052,-18.69321289,LA12,2010-11-23,04:40:52 AM,04:40:00,Hot-Dry,2010-11-23 04:40:00,11
15.7196462,-18.68635457,LA12,2010-11-23,05:00:52 AM,05:00:00,Hot-Dry,2010-11-23 05:00:00,11
15.72179159,-18.68103434,LA12,2010-11-23,05:20:52 AM,05:20:00,Hot-Dry,2010-11-23 05:20:00,11
15.72313639,-18.67885539,LA12,2010-11-23,05:40:52 AM,05:40:00,Hot-Dry,2010-11-23 05:40:00,11
15.72408956,-18.67768555,LA12,2010-11-23,06:00:52 AM,06:00:00,Hot-Dry,2010-11-23 06:00:00,11
15.72544963,-18.67683105,LA12,2010-11-23,06:20:52 AM,06:20:00,Hot-Dry,2010-11-23 06:20:00,11
15.72811076,-18.67507731,LA12,2010-11-23,06:40:52 AM,06:40:00,Hot-Dry,2010-11-23 06:40:00,11
15.72856445,-18.67441203,LA12,2010-11-23,07:00:52 AM,07:00:00,Hot-Dry,2010-11-23 07:00:00,11
15.72853699,-18.67444865,LA12,2010-11-23,07:20:52 AM,07:20:00,Hot-Dry,2010-11-23 07:20:00,11
15.72846476,-18.67439168,LA12,2010-11-23,07:40:52 AM,07:40:00,Hot-Dry,2010-11-23 07:40:00,11
15.72846883,-18.67440186,LA12,2010-11-23,08:00:52 AM,08:00:00,Hot-Dry,2010-11-23 08:00:00,11
15.72847697,-18.67439575,LA12,2010-11-23,08:20:52 AM,08:20:00,Hot-Dry,2010-11-23 08:20:00,11
15.7284729,-18.67440389,LA12,2010-11-23,08:40:52 AM,08:40:00,Hot-Dry,2010-11-23 08:40:00,11
15.72855021,-18.6744161,LA12,2010-11-23,09:00:52 AM,09:00:00,Hot-Dry,2010-11-23 09:00:00,11
15.72885335,-18.67416178,LA12,2010-11-23,09:20:52 AM,09:20:00,Hot-Dry,2010-11-23 09:20:00,11
15.73003133,-18.67196655,LA12,2010-11-23,09:40:52 AM,09:40:00,Hot-Dry,2010-11-23 09:40:00,11
15.73024394,-18.67175903,LA12,2010-11-23,10:00:52 AM,10:00:00,Hot-Dry,2010-11-23 10:00:00,11
15.73025614,-18.67173869,LA12,2010-11-23,10:20:52 AM,10:20:00,Hot-Dry,2010-11-23 10:20:00,11
15.73025106,-18.67176717,LA12,2010-11-23,10:40:52 AM,10:40:00,Hot-Dry,2010-11-23 10:40:00,11
15.7301239,-18.67202962,LA12,2010-11-23,11:00:52 AM,11:00:00,Hot-Dry,2010-11-23 11:00:00,11
15.73013509,-18.67202759,LA12,2010-11-23,11:20:52 AM,11:20:00,Hot-Dry,2010-11-23 11:20:00,11
15.73012797,-18.67201538,LA12,2010-11-23,11:40:52 AM,11:40:00,Hot-Dry,2010-11-23 11:40:00,11
15.73005575,-18.67202555,LA12,2010-11-23,12:00:52 PM,12:00:00,Hot-Dry,2010-11-23 12:00:00,11
15.73006185,-18.67202759,LA12,2010-11-23,12:20:52 PM,12:20:00,Hot-Dry,2010-11-23 12:20:00,11
15.7300415,-18.67199504,LA12,2010-11-23,12:40:52 PM,12:40:00,Hot-Dry,2010-11-23 12:40:00,11
15.73005575,-18.67202555,LA12,2010-11-23,01:00:52 PM,13:00:00,Hot-Dry,2010-11-23 13:00:00,11
15.7300293,-18.67202352,LA12,2010-11-23,01:20:52 PM,13:20:00,Hot-Dry,2010-11-23 13:20:00,11
15.73005371,-18.67202352,LA12,2010-11-23,01:40:52 PM,13:40:00,Hot-Dry,2010-11-23 13:40:00,11
15.73004456,-18.67201742,LA12,2010-11-23,02:00:52 PM,14:00:00,Hot-Dry,2010-11-23 14:00:00,11
15.73030599,-18.6717631,LA12,2010-11-23,02:20:52 PM,14:20:00,Hot-Dry,2010-11-23 14:20:00,11
15.73033346,-18.67151286,LA12,2010-11-23,02:40:52 PM,14:40:00,Hot-Dry,2010-11-23 14:40:00,11
15.73036601,-18.67138062,LA12,2010-11-23,03:00:52 PM,15:00:00,Hot-Dry,2010-11-23 15:00:00,11
15.73035177,-18.67153931,LA12,2010-11-23,03:20:52 PM,15:20:00,Hot-Dry,2010-11-23 15:20:00,11
15.73106588,-18.67184041,LA12,2010-11-23,03:40:52 PM,15:40:00,Hot-Dry,2010-11-23 15:40:00,11
15.73218384,-18.67130941,LA12,2010-11-23,04:00:52 PM,16:00:00,Hot-Dry,2010-11-23 16:00:00,11
15.73204549,-18.67125448,LA12,2010-11-23,04:20:52 PM,16:20:00,Hot-Dry,2010-11-23 16:20:00,11
15.73440247,-18.66837565,LA12,2010-11-23,04:40:52 PM,16:40:00,Hot-Dry,2010-11-23 16:40:00,11
15.73655192,-18.66810913,LA12,2010-11-23,05:00:52 PM,17:00:00,Hot-Dry,2010-11-23 17:00:00,11
15.74627787,-18.67005615,LA12,2010-11-23,05:20:52 PM,17:20:00,Hot-Dry,2010-11-23 17:20:00,11
15.75392965,-18.67602743,LA12,2010-11-23,05:40:52 PM,17:40:00,Hot-Dry,2010-11-23 17:40:00,11
15.75405884,-18.67683716,LA12,2010-11-23,06:00:52 PM,18:00:00,Hot-Dry,2010-11-23 18:00:00,11
15.7536733,-18.67810465,LA12,2010-11-23,06:20:52 PM,18:20:00,Hot-Dry,2010-11-23 18:20:00,11
15.75397237,-18.67854818,LA12,2010-11-23,06:40:52 PM,18:40:00,Hot-Dry,2010-11-23 18:40:00,11
15.7542806,-18.67888387,LA12,2010-11-23,07:00:52 PM,19:00:00,Hot-Dry,2010-11-23 19:00:00,11
15.75431213,-18.6788859,LA12,2010-11-23,07:20:52 PM,19:20:00,Hot-Dry,2010-11-23 19:20:00,11
15.75510661,-18.67897339,LA12,2010-11-23,07:40:52 PM,19:40:00,Hot-Dry,2010-11-23 19:40:00,11
15.75499674,-18.68083496,LA12,2010-11-23,08:00:52 PM,20:00:00,Hot-Dry,2010-11-23 20:00:00,11
15.75546672,-18.68120117,LA12,2010-11-23,08:20:52 PM,20:20:00,Hot-Dry,2010-11-23 20:20:00,11
15.75837911,-18.6816569,LA12,2010-11-23,08:40:52 PM,20:40:00,Hot-Dry,2010-11-23 20:40:00,11
15.77035929,-18.68453573,LA12,2010-11-23,09:00:52 PM,21:00:00,Hot-Dry,2010-11-23 21:00:00,11
15.77780863,-18.68496908,LA12,2010-11-23,09:20:52 PM,21:20:00,Hot-Dry,2010-11-23 21:20:00,11
15.78806152,-18.68103638,LA12,2010-11-23,09:40:52 PM,21:40:00,Hot-Dry,2010-11-23 21:40:00,11
15.79165955,-18.67946167,LA12,2010-11-23,10:00:52 PM,22:00:00,Hot-Dry,2010-11-23 22:00:00,11
15.79405314,-18.68037109,LA12,2010-11-23,10:20:52 PM,22:20:00,Hot-Dry,2010-11-23 22:20:00,11
15.79460653,-18.68058472,LA12,2010-11-23,10:40:52 PM,22:40:00,Hot-Dry,2010-11-23 22:40:00,11
15.79496155,-18.6809021,LA12,2010-11-23,11:00:52 PM,23:00:00,Hot-Dry,2010-11-23 23:00:00,11
15.79554545,-18.68011882,LA12,2010-11-23,11:20:52 PM,23:20:00,Hot-Dry,2010-11-23 23:20:00,11
15.79593913,-18.67941488,LA12,2010-11-23,11:40:52 PM,23:40:00,Hot-Dry,2010-11-23 23:40:00,11
15.79696554,-18.6798055,LA12,2010-11-24,12:00:52 AM,00:00:00,Hot-Dry,2010-11-24 00:00:00,11
15.79766235,-18.68055827,LA12,2010-11-24,12:20:52 AM,00:20:00,Hot-Dry,2010-11-24 00:20:00,11
15.79764913,-18.68052775,LA12,2010-11-24,12:40:52 AM,00:40:00,Hot-Dry,2010-11-24 00:40:00,11
15.79761149,-18.68052979,LA12,2010-11-24,01:00:52 AM,01:00:00,Hot-Dry,2010-11-24 01:00:00,11
15.79766947,-18.68051758,LA12,2010-11-24,01:20:52 AM,01:20:00,Hot-Dry,2010-11-24 01:20:00,11
15.79793091,-18.68045044,LA12,2010-11-24,01:40:52 AM,01:40:00,Hot-Dry,2010-11-24 01:40:00,11
15.79795837,-18.68043416,LA12,2010-11-24,02:00:52 AM,02:00:00,Hot-Dry,2010-11-24 02:00:00,11
15.79788717,-18.68046875,LA12,2010-11-24,02:20:52 AM,02:20:00,Hot-Dry,2010-11-24 02:20:00,11
15.79796549,-18.68045858,LA12,2010-11-24,02:40:52 AM,02:40:00,Hot-Dry,2010-11-24 02:40:00,11
15.79788106,-18.6804891,LA12,2010-11-24,03:00:52 AM,03:00:00,Hot-Dry,2010-11-24 03:00:00,11
15.79791972,-18.68049113,LA12,2010-11-24,03:20:52 AM,03:20:00,Hot-Dry,2010-11-24 03:20:00,11
15.79786479,-18.68051351,LA12,2010-11-24,03:40:52 AM,03:40:00,Hot-Dry,2010-11-24 03:40:00,11
15.79790751,-18.6804952,LA12,2010-11-24,04:00:52 AM,04:00:00,Hot-Dry,2010-11-24 04:00:00,11
15.79967651,-18.67808431,LA12,2010-11-24,04:20:52 AM,04:20:00,Hot-Dry,2010-11-24 04:20:00,11
15.80065816,-18.67602743,LA12,2010-11-24,04:40:52 AM,04:40:00,Hot-Dry,2010-11-24 04:40:00,11
15.80531108,-18.67067464,LA12,2010-11-24,05:00:52 AM,05:00:00,Hot-Dry,2010-11-24 05:00:00,11
15.8043162,-18.66550903,LA12,2010-11-24,05:20:52 AM,05:20:00,Hot-Dry,2010-11-24 05:20:00,11
15.80630391,-18.65975749,LA12,2010-11-24,05:40:52 AM,05:40:00,Hot-Dry,2010-11-24 05:40:00,11
15.80806274,-18.65773722,LA12,2010-11-24,06:00:52 AM,06:00:00,Hot-Dry,2010-11-24 06:00:00,11
15.81077474,-18.64949544,LA12,2010-11-24,06:20:52 AM,06:20:00,Hot-Dry,2010-11-24 06:20:00,11
15.81418762,-18.6425293,LA12,2010-11-24,06:40:52 AM,06:40:00,Hot-Dry,2010-11-24 06:40:00,11
15.81741435,-18.63799845,LA12,2010-11-24,07:00:52 AM,07:00:00,Hot-Dry,2010-11-24 07:00:00,11
15.82032572,-18.63610026,LA12,2010-11-24,07:20:52 AM,07:20:00,Hot-Dry,2010-11-24 07:20:00,11
15.828007,-18.63386027,LA12,2010-11-24,07:40:52 AM,07:40:00,Hot-Dry,2010-11-24 07:40:00,11
15.83203328,-18.62977091,LA12,2010-11-24,08:00:52 AM,08:00:00,Hot-Dry,2010-11-24 08:00:00,11
15.83630575,-18.62713826,LA12,2010-11-24,08:20:52 AM,08:20:00,Hot-Dry,2010-11-24 08:20:00,11
15.83859151,-18.62544759,LA12,2010-11-24,08:40:52 AM,08:40:00,Hot-Dry,2010-11-24 08:40:00,11
15.83969218,-18.62543742,LA12,2010-11-24,09:00:52 AM,09:00:00,Hot-Dry,2010-11-24 09:00:00,11
15.84452515,-18.62640991,LA12,2010-11-24,09:20:52 AM,09:20:00,Hot-Dry,2010-11-24 09:20:00,11
15.84441121,-18.62652995,LA12,2010-11-24,09:40:52 AM,09:40:00,Hot-Dry,2010-11-24 09:40:00,11
15.84439189,-18.62653402,LA12,2010-11-24,10:00:52 AM,10:00:00,Hot-Dry,2010-11-24 10:00:00,11
15.84438375,-18.62651774,LA12,2010-11-24,10:20:52 AM,10:20:00,Hot-Dry,2010-11-24 10:20:00,11
15.84440816,-18.6265564,LA12,2010-11-24,10:40:53 AM,10:40:00,Hot-Dry,2010-11-24 10:40:00,11
15.84448242,-18.62678426,LA12,2010-11-24,11:00:52 AM,11:00:00,Hot-Dry,2010-11-24 11:00:00,11
15.84447123,-18.62675171,LA12,2010-11-24,11:20:52 AM,11:20:00,Hot-Dry,2010-11-24 11:20:00,11
15.84448446,-18.62674561,LA12,2010-11-24,11:40:52 AM,11:40:00,Hot-Dry,2010-11-24 11:40:00,11
15.8444814,-18.62675374,LA12,2010-11-24,12:00:52 PM,12:00:00,Hot-Dry,2010-11-24 12:00:00,11
15.84448853,-18.62675578,LA12,2010-11-24,12:20:52 PM,12:20:00,Hot-Dry,2010-11-24 12:20:00,11
15.84450887,-18.62676188,LA12,2010-11-24,12:40:52 PM,12:40:00,Hot-Dry,2010-11-24 12:40:00,11
15.84453837,-18.62682088,LA12,2010-11-24,01:00:52 PM,13:00:00,Hot-Dry,2010-11-24 13:00:00,11
15.84451599,-18.62686971,LA12,2010-11-24,01:20:52 PM,13:20:00,Hot-Dry,2010-11-24 13:20:00,11
15.84453634,-18.62683105,LA12,2010-11-24,01:40:52 PM,13:40:00,Hot-Dry,2010-11-24 13:40:00,11
15.84448547,-18.62676595,LA12,2010-11-24,02:00:52 PM,14:00:00,Hot-Dry,2010-11-24 14:00:00,11
15.84448344,-18.62672933,LA12,2010-11-24,02:20:52 PM,14:20:00,Hot-Dry,2010-11-24 14:20:00,11
15.84438985,-18.62666829,LA12,2010-11-24,02:40:52 PM,14:40:00,Hot-Dry,2010-11-24 14:40:00,11
15.84448242,-18.6265686,LA12,2010-11-24,03:00:52 PM,15:00:00,Hot-Dry,2010-11-24 15:00:00,11
15.85206095,-18.62751872,LA12,2010-11-24,03:20:52 PM,15:20:00,Hot-Dry,2010-11-24 15:20:00,11
15.86116842,-18.62644246,LA12,2010-11-24,03:40:52 PM,15:40:00,Hot-Dry,2010-11-24 15:40:00,11
15.86687317,-18.62667643,LA12,2010-11-24,04:00:52 PM,16:00:00,Hot-Dry,2010-11-24 16:00:00,11
15.87691854,-18.62619019,LA12,2010-11-24,04:20:53 PM,16:20:00,Hot-Dry,2010-11-24 16:20:00,11
15.88436686,-18.62527262,LA12,2010-11-24,04:40:52 PM,16:40:00,Hot-Dry,2010-11-24 16:40:00,11
15.88821615,-18.62468262,LA12,2010-11-24,05:00:52 PM,17:00:00,Hot-Dry,2010-11-24 17:00:00,11
15.89201355,-18.6236084,LA12,2010-11-24,05:20:52 PM,17:20:00,Hot-Dry,2010-11-24 17:20:00,11
15.90114136,-18.62275391,LA12,2010-11-24,05:40:52 PM,17:40:00,Hot-Dry,2010-11-24 17:40:00,11
15.91503499,-18.62047526,LA12,2010-11-24,06:00:52 PM,18:00:00,Hot-Dry,2010-11-24 18:00:00,11
15.93108114,-18.61729329,LA12,2010-11-24,06:20:52 PM,18:20:00,Hot-Dry,2010-11-24 18:20:00,11
15.94076538,-18.61096395,LA12,2010-11-24,06:40:52 PM,18:40:00,Hot-Dry,2010-11-24 18:40:00,11
15.949882,-18.60187988,LA12,2010-11-24,07:00:52 PM,19:00:00,Hot-Dry,2010-11-24 19:00:00,11
15.96131185,-18.59711304,LA12,2010-11-24,07:20:52 PM,19:20:00,Hot-Dry,2010-11-24 19:20:00,11
15.97253418,-18.58970744,LA12,2010-11-24,07:40:52 PM,19:40:00,Hot-Dry,2010-11-24 19:40:00,11
15.9801829,-18.57593791,LA12,2010-11-24,08:00:52 PM,20:00:00,Hot-Dry,2010-11-24 20:00:00,11
15.99032898,-18.56921997,LA12,2010-11-24,08:20:52 PM,20:20:00,Hot-Dry,2010-11-24 20:20:00,11
15.99931844,-18.57210083,LA12,2010-11-24,08:40:52 PM,20:40:00,Hot-Dry,2010-11-24 20:40:00,11
16.00332845,-18.5727356,LA12,2010-11-24,09:00:53 PM,21:00:00,Hot-Dry,2010-11-24 21:00:00,11
16.00609334,-18.56587728,LA12,2010-11-24,09:20:52 PM,21:20:00,Hot-Dry,2010-11-24 21:20:00,11
16.0132019,-18.55796102,LA12,2010-11-24,09:40:52 PM,21:40:00,Hot-Dry,2010-11-24 21:40:00,11
16.01523641,-18.55023193,LA12,2010-11-24,10:00:52 PM,22:00:00,Hot-Dry,2010-11-24 22:00:00,11
16.02168172,-18.54478353,LA12,2010-11-24,10:20:52 PM,22:20:00,Hot-Dry,2010-11-24 22:20:00,11
16.02683512,-18.53582153,LA12,2010-11-24,10:40:52 PM,22:40:00,Hot-Dry,2010-11-24 22:40:00,11
16.02760111,-18.53025513,LA12,2010-11-24,11:00:52 PM,23:00:00,Hot-Dry,2010-11-24 23:00:00,11
16.02773438,-18.52849121,LA12,2010-11-24,11:20:52 PM,23:20:00,Hot-Dry,2010-11-24 23:20:00,11
16.02839355,-18.52844442,LA12,2010-11-24,11:40:52 PM,23:40:00,Hot-Dry,2010-11-24 23:40:00,11
16.02935079,-18.52624715,LA12,2010-11-25,12:00:52 AM,00:00:00,Hot-Dry,2010-11-25 00:00:00,11
16.0320343,-18.52664591,LA12,2010-11-25,12:20:52 AM,00:20:00,Hot-Dry,2010-11-25 00:20:00,11
16.03224894,-18.52681681,LA12,2010-11-25,12:40:52 AM,00:40:00,Hot-Dry,2010-11-25 00:40:00,11
16.03267924,-18.5269633,LA12,2010-11-25,01:00:52 AM,01:00:00,Hot-Dry,2010-11-25 01:00:00,11
16.03316549,-18.52699788,LA12,2010-11-25,01:20:52 AM,01:20:00,Hot-Dry,2010-11-25 01:20:00,11
16.03300374,-18.5264445,LA12,2010-11-25,01:40:52 AM,01:40:00,Hot-Dry,2010-11-25 01:40:00,11
16.03298848,-18.52651164,LA12,2010-11-25,02:00:52 AM,02:00:00,Hot-Dry,2010-11-25 02:00:00,11
16.03291423,-18.52657267,LA12,2010-11-25,02:20:52 AM,02:20:00,Hot-Dry,2010-11-25 02:20:00,11
16.03387553,-18.52693888,LA12,2010-11-25,02:40:52 AM,02:40:00,Hot-Dry,2010-11-25 02:40:00,11
16.03527425,-18.5265096,LA12,2010-11-25,03:00:52 AM,03:00:00,Hot-Dry,2010-11-25 03:00:00,11
16.03733012,-18.52714844,LA12,2010-11-25,03:20:52 AM,03:20:00,Hot-Dry,2010-11-25 03:20:00,11
16.04069112,-18.52866821,LA12,2010-11-25,03:40:52 AM,03:40:00,Hot-Dry,2010-11-25 03:40:00,11
16.04315592,-18.53169963,LA12,2010-11-25,04:00:52 AM,04:00:00,Hot-Dry,2010-11-25 04:00:00,11
16.0499705,-18.53513184,LA12,2010-11-25,04:20:52 AM,04:20:00,Hot-Dry,2010-11-25 04:20:00,11
16.060908,-18.53306681,LA12,2010-11-25,04:40:52 AM,04:40:00,Hot-Dry,2010-11-25 04:40:00,11
16.07354329,-18.53190511,LA12,2010-11-25,05:00:52 AM,05:00:00,Hot-Dry,2010-11-25 05:00:00,11
16.08822021,-18.53027547,LA12,2010-11-25,05:20:52 AM,05:20:00,Hot-Dry,2010-11-25 05:20:00,11
16.09499105,-18.54226278,LA12,2010-11-25,05:40:52 AM,05:40:00,Hot-Dry,2010-11-25 05:40:00,11
16.10316671,-18.54832153,LA12,2010-11-25,06:00:52 AM,06:00:00,Hot-Dry,2010-11-25 06:00:00,11
16.10737203,-18.54901123,LA12,2010-11-25,06:20:52 AM,06:20:00,Hot-Dry,2010-11-25 06:20:00,11
16.11243388,-18.55482585,LA12,2010-11-25,06:40:52 AM,06:40:00,Hot-Dry,2010-11-25 06:40:00,11
16.11730957,-18.56273193,LA12,2010-11-25,07:00:52 AM,07:00:00,Hot-Dry,2010-11-25 07:00:00,11
16.12239685,-18.56987305,LA12,2010-11-25,07:20:52 AM,07:20:00,Hot-Dry,2010-11-25 07:20:00,11
16.12316691,-18.57303874,LA12,2010-11-25,07:40:52 AM,07:40:00,Hot-Dry,2010-11-25 07:40:00,11
16.12295024,-18.57347819,LA12,2010-11-25,08:00:52 AM,08:00:00,Hot-Dry,2010-11-25 08:00:00,11
16.12323812,-18.57391764,LA12,2010-11-25,08:20:52 AM,08:20:00,Hot-Dry,2010-11-25 08:20:00,11
16.12357076,-18.57366333,LA12,2010-11-25,08:40:52 AM,08:40:00,Hot-Dry,2010-11-25 08:40:00,11
16.12563171,-18.57498576,LA12,2010-11-25,09:00:52 AM,09:00:00,Hot-Dry,2010-11-25 09:00:00,11
16.12678426,-18.5756958,LA12,2010-11-25,09:20:52 AM,09:20:00,Hot-Dry,2010-11-25 09:20:00,11
16.12684835,-18.57682088,LA12,2010-11-25,09:40:52 AM,09:40:00,Hot-Dry,2010-11-25 09:40:00,11
16.12685242,-18.57681885,LA12,2010-11-25,10:00:52 AM,10:00:00,Hot-Dry,2010-11-25 10:00:00,11
16.12686869,-18.57680054,LA12,2010-11-25,10:20:52 AM,10:20:00,Hot-Dry,2010-11-25 10:20:00,11
16.12686564,-18.57676595,LA12,2010-11-25,10:40:52 AM,10:40:00,Hot-Dry,2010-11-25 10:40:00,11
16.1268453,-18.57675578,LA12,2010-11-25,11:00:52 AM,11:00:00,Hot-Dry,2010-11-25 11:00:00,11
16.12687581,-18.5767863,LA12,2010-11-25,11:20:52 AM,11:20:00,Hot-Dry,2010-11-25 11:20:00,11
16.12689107,-18.57677612,LA12,2010-11-25,11:40:52 AM,11:40:00,Hot-Dry,2010-11-25 11:40:00,11
16.12689006,-18.5767985,LA12,2010-11-25,12:00:52 PM,12:00:00,Hot-Dry,2010-11-25 12:00:00,11
16.12695109,-18.57680461,LA12,2010-11-25,12:20:52 PM,12:20:00,Hot-Dry,2010-11-25 12:20:00,11
16.12690938,-18.57677816,LA12,2010-11-25,12:40:52 PM,12:40:00,Hot-Dry,2010-11-25 12:40:00,11
16.12690226,-18.5767863,LA12,2010-11-25,01:00:52 PM,13:00:00,Hot-Dry,2010-11-25 13:00:00,11
16.12691854,-18.57665405,LA12,2010-11-25,01:20:52 PM,13:20:00,Hot-Dry,2010-11-25 13:20:00,11
16.12703857,-18.57655233,LA12,2010-11-25,01:40:52 PM,13:40:00,Hot-Dry,2010-11-25 13:40:00,11
16.12691345,-18.57679036,LA12,2010-11-25,02:00:52 PM,14:00:00,Hot-Dry,2010-11-25 14:00:00,11
16.12708028,-18.57682292,LA12,2010-11-25,02:20:52 PM,14:20:00,Hot-Dry,2010-11-25 14:20:00,11
16.12698771,-18.57740479,LA12,2010-11-25,02:40:52 PM,14:40:00,Hot-Dry,2010-11-25 14:40:00,11
16.12785543,-18.57938029,LA12,2010-11-25,03:00:52 PM,15:00:00,Hot-Dry,2010-11-25 15:00:00,11
16.12727661,-18.5817749,LA12,2010-11-25,03:20:52 PM,15:20:00,Hot-Dry,2010-11-25 15:20:00,11
16.12729187,-18.58404744,LA12,2010-11-25,03:40:52 PM,15:40:00,Hot-Dry,2010-11-25 15:40:00,11
16.12668762,-18.58574219,LA12,2010-11-25,04:00:52 PM,16:00:00,Hot-Dry,2010-11-25 16:00:00,11
16.12770182,-18.58844198,LA12,2010-11-25,04:20:52 PM,16:20:00,Hot-Dry,2010-11-25 16:20:00,11
16.12395833,-18.5903422,LA12,2010-11-25,04:40:52 PM,16:40:00,Hot-Dry,2010-11-25 16:40:00,11
16.1191925,-18.58963216,LA12,2010-11-25,05:00:52 PM,17:00:00,Hot-Dry,2010-11-25 17:00:00,11
16.11044312,-18.58822632,LA12,2010-11-25,05:20:52 PM,17:20:00,Hot-Dry,2010-11-25 17:20:00,11
16.1028951,-18.58509318,LA12,2010-11-25,05:40:52 PM,17:40:00,Hot-Dry,2010-11-25 17:40:00,11
16.09621785,-18.58015544,LA12,2010-11-25,06:00:52 PM,18:00:00,Hot-Dry,2010-11-25 18:00:00,11
16.09233297,-18.57647298,LA12,2010-11-25,06:20:52 PM,18:20:00,Hot-Dry,2010-11-25 18:20:00,11
16.09112244,-18.57738647,LA12,2010-11-25,06:40:52 PM,18:40:00,Hot-Dry,2010-11-25 18:40:00,11
16.09158936,-18.57715658,LA12,2010-11-25,07:00:52 PM,19:00:00,Hot-Dry,2010-11-25 19:00:00,11
16.09189657,-18.5759908,LA12,2010-11-25,07:20:52 PM,19:20:00,Hot-Dry,2010-11-25 19:20:00,11
16.09121908,-18.57741699,LA12,2010-11-25,07:40:52 PM,19:40:00,Hot-Dry,2010-11-25 19:40:00,11
16.08480733,-18.57733561,LA12,2010-11-25,08:00:52 PM,20:00:00,Hot-Dry,2010-11-25 20:00:00,11
16.08354594,-18.57827759,LA12,2010-11-25,08:20:52 PM,20:20:00,Hot-Dry,2010-11-25 20:20:00,11
16.08216553,-18.57894287,LA12,2010-11-25,08:40:52 PM,20:40:00,Hot-Dry,2010-11-25 20:40:00,11
16.08245443,-18.57995402,LA12,2010-11-25,09:00:52 PM,21:00:00,Hot-Dry,2010-11-25 21:00:00,11
16.08239136,-18.58018595,LA12,2010-11-25,09:20:52 PM,21:20:00,Hot-Dry,2010-11-25 21:20:00,11
16.08258667,-18.58085124,LA12,2010-11-25,09:40:52 PM,21:40:00,Hot-Dry,2010-11-25 21:40:00,11
16.08273621,-18.58200684,LA12,2010-11-25,10:00:52 PM,22:00:00,Hot-Dry,2010-11-25 22:00:00,11
16.08805949,-18.58009237,LA12,2010-11-25,10:20:52 PM,22:20:00,Hot-Dry,2010-11-25 22:20:00,11
16.09141032,-18.57639364,LA12,2010-11-25,10:40:52 PM,22:40:00,Hot-Dry,2010-11-25 22:40:00,11
16.09756368,-18.57978719,LA12,2010-11-25,11:00:52 PM,23:00:00,Hot-Dry,2010-11-25 23:00:00,11
16.10207011,-18.58132324,LA12,2010-11-25,11:20:52 PM,23:20:00,Hot-Dry,2010-11-25 23:20:00,11
16.10594076,-18.58123779,LA12,2010-11-25,11:40:52 PM,23:40:00,Hot-Dry,2010-11-25 23:40:00,11
16.10702413,-18.57899984,LA12,2010-11-26,12:00:52 AM,00:00:00,Hot-Dry,2010-11-26 00:00:00,11
16.10876668,-18.57780762,LA12,2010-11-26,12:20:52 AM,00:20:00,Hot-Dry,2010-11-26 00:20:00,11
16.11018168,-18.57831014,LA12,2010-11-26,12:40:52 AM,00:40:00,Hot-Dry,2010-11-26 00:40:00,11
16.11089681,-18.5783488,LA12,2010-11-26,01:00:52 AM,01:00:00,Hot-Dry,2010-11-26 01:00:00,11
16.11088867,-18.5782369,LA12,2010-11-26,01:20:52 AM,01:20:00,Hot-Dry,2010-11-26 01:20:00,11
16.11089478,-18.57824097,LA12,2010-11-26,01:40:52 AM,01:40:00,Hot-Dry,2010-11-26 01:40:00,11
16.11091309,-18.57822266,LA12,2010-11-26,02:01:05 AM,02:01:00,Hot-Dry,2010-11-26 02:01:00,11
16.11086121,-18.5782491,LA12,2010-11-26,02:20:52 AM,02:20:00,Hot-Dry,2010-11-26 02:20:00,11
16.11088053,-18.5782369,LA12,2010-11-26,02:40:52 AM,02:40:00,Hot-Dry,2010-11-26 02:40:00,11
16.11087138,-18.57823893,LA12,2010-11-26,03:00:52 AM,03:00:00,Hot-Dry,2010-11-26 03:00:00,11
16.11088969,-18.57826335,LA12,2010-11-26,03:20:52 AM,03:20:00,Hot-Dry,2010-11-26 03:20:00,11
16.11087646,-18.57829183,LA12,2010-11-26,03:40:52 AM,03:40:00,Hot-Dry,2010-11-26 03:40:00,11
16.11086629,-18.57840983,LA12,2010-11-26,04:00:52 AM,04:00:00,Hot-Dry,2010-11-26 04:00:00,11
16.11178487,-18.5775411,LA12,2010-11-26,04:20:52 AM,04:20:00,Hot-Dry,2010-11-26 04:20:00,11
16.11167297,-18.57746582,LA12,2010-11-26,04:40:52 AM,04:40:00,Hot-Dry,2010-11-26 04:40:00,11
16.11167399,-18.57755941,LA12,2010-11-26,05:00:52 AM,05:00:00,Hot-Dry,2010-11-26 05:00:00,11
16.11228434,-18.57787069,LA12,2010-11-26,05:20:52 AM,05:20:00,Hot-Dry,2010-11-26 05:20:00,11
16.11306966,-18.57758586,LA12,2010-11-26,05:40:52 AM,05:40:00,Hot-Dry,2010-11-26 05:40:00,11
16.11419271,-18.57432861,LA12,2010-11-26,06:00:52 AM,06:00:00,Hot-Dry,2010-11-26 06:00:00,11
16.11339925,-18.57316081,LA12,2010-11-26,06:20:52 AM,06:20:00,Hot-Dry,2010-11-26 06:20:00,11
16.11301575,-18.57282715,LA12,2010-11-26,06:40:52 AM,06:40:00,Hot-Dry,2010-11-26 06:40:00,11
16.11145528,-18.57195841,LA12,2010-11-26,07:00:52 AM,07:00:00,Hot-Dry,2010-11-26 07:00:00,11
16.11125895,-18.57173665,LA12,2010-11-26,07:20:52 AM,07:20:00,Hot-Dry,2010-11-26 07:20:00,11
16.10969035,-18.56994222,LA12,2010-11-26,07:40:52 AM,07:40:00,Hot-Dry,2010-11-26 07:40:00,11
16.1081899,-18.5695638,LA12,2010-11-26,08:00:52 AM,08:00:00,Hot-Dry,2010-11-26 08:00:00,11
16.10469564,-18.56959025,LA12,2010-11-26,08:20:52 AM,08:20:00,Hot-Dry,2010-11-26 08:20:00,11
16.10390422,-18.56960246,LA12,2010-11-26,08:40:52 AM,08:40:00,Hot-Dry,2010-11-26 08:40:00,11
16.10179443,-18.57109985,LA12,2010-11-26,09:00:52 AM,09:00:00,Hot-Dry,2010-11-26 09:00:00,11
16.10234782,-18.57120565,LA12,2010-11-26,09:20:52 AM,09:20:00,Hot-Dry,2010-11-26 09:20:00,11
16.1018219,-18.57160645,LA12,2010-11-26,09:40:52 AM,09:40:00,Hot-Dry,2010-11-26 09:40:00,11
16.10363057,-18.57277832,LA12,2010-11-26,10:00:52 AM,10:00:00,Hot-Dry,2010-11-26 10:00:00,11
16.10361226,-18.57293905,LA12,2010-11-26,10:20:52 AM,10:20:00,Hot-Dry,2010-11-26 10:20:00,11
16.10380452,-18.57379964,LA12,2010-11-26,10:40:52 AM,10:40:00,Hot-Dry,2010-11-26 10:40:00,11
16.10463867,-18.57440389,LA12,2010-11-26,11:00:52 AM,11:00:00,Hot-Dry,2010-11-26 11:00:00,11
16.10729065,-18.5760498,LA12,2010-11-26,11:20:52 AM,11:20:00,Hot-Dry,2010-11-26 11:20:00,11
16.1078949,-18.57581177,LA12,2010-11-26,11:40:52 AM,11:40:00,Hot-Dry,2010-11-26 11:40:00,11
16.10773621,-18.57531942,LA12,2010-11-26,12:00:52 PM,12:00:00,Hot-Dry,2010-11-26 12:00:00,11
16.10737915,-18.57575887,LA12,2010-11-26,12:20:52 PM,12:20:00,Hot-Dry,2010-11-26 12:20:00,11
16.10839437,-18.57597453,LA12,2010-11-26,12:40:52 PM,12:40:00,Hot-Dry,2010-11-26 12:40:00,11
16.10840759,-18.57599691,LA12,2010-11-26,01:00:52 PM,13:00:00,Hot-Dry,2010-11-26 13:00:00,11
16.10833333,-18.57591349,LA12,2010-11-26,01:20:52 PM,13:20:00,Hot-Dry,2010-11-26 13:20:00,11
16.10839844,-18.57590739,LA12,2010-11-26,01:40:52 PM,13:40:00,Hot-Dry,2010-11-26 13:40:00,11
16.10837402,-18.57595622,LA12,2010-11-26,02:00:52 PM,14:00:00,Hot-Dry,2010-11-26 14:00:00,11
16.10859375,-18.57582194,LA12,2010-11-26,02:20:52 PM,14:20:00,Hot-Dry,2010-11-26 14:20:00,11
16.10751241,-18.57624715,LA12,2010-11-26,02:40:52 PM,14:40:00,Hot-Dry,2010-11-26 14:40:00,11
16.10762939,-18.5767985,LA12,2010-11-26,03:00:52 PM,15:00:00,Hot-Dry,2010-11-26 15:00:00,11
16.1071991,-18.57727254,LA12,2010-11-26,03:20:52 PM,15:20:00,Hot-Dry,2010-11-26 15:20:00,11
16.10684408,-18.5772522,LA12,2010-11-26,03:40:52 PM,15:40:00,Hot-Dry,2010-11-26 15:40:00,11
16.10475159,-18.57638957,LA12,2010-11-26,04:00:52 PM,16:00:00,Hot-Dry,2010-11-26 16:00:00,11
16.10187683,-18.57668864,LA12,2010-11-26,04:20:52 PM,16:20:00,Hot-Dry,2010-11-26 16:20:00,11
16.10104879,-18.57808838,LA12,2010-11-26,04:40:52 PM,16:40:00,Hot-Dry,2010-11-26 16:40:00,11
16.09973145,-18.57805786,LA12,2010-11-26,05:00:52 PM,17:00:00,Hot-Dry,2010-11-26 17:00:00,11
16.09346517,-18.57816366,LA12,2010-11-26,05:20:52 PM,17:20:00,Hot-Dry,2010-11-26 17:20:00,11
16.09118652,-18.57765503,LA12,2010-11-26,05:40:52 PM,17:40:00,Hot-Dry,2010-11-26 17:40:00,11
16.0937205,-18.57939657,LA12,2010-11-26,06:00:52 PM,18:00:00,Hot-Dry,2010-11-26 18:00:00,11
16.09708761,-18.57752279,LA12,2010-11-26,06:20:52 PM,18:20:00,Hot-Dry,2010-11-26 18:20:00,11
16.09994202,-18.57469482,LA12,2010-11-26,06:40:52 PM,18:40:00,Hot-Dry,2010-11-26 18:40:00,11
16.10165507,-18.57226766,LA12,2010-11-26,07:00:52 PM,19:00:00,Hot-Dry,2010-11-26 19:00:00,11
16.1035909,-18.57328695,LA12,2010-11-26,07:20:52 PM,19:20:00,Hot-Dry,2010-11-26 19:20:00,11
16.10421753,-18.57350057,LA12,2010-11-26,07:40:52 PM,19:40:00,Hot-Dry,2010-11-26 19:40:00,11
16.10685933,-18.57319336,LA12,2010-11-26,08:00:52 PM,20:00:00,Hot-Dry,2010-11-26 20:00:00,11
16.10886841,-18.5742513,LA12,2010-11-26,08:20:52 PM,20:20:00,Hot-Dry,2010-11-26 20:20:00,11
16.11052246,-18.57443644,LA12,2010-11-26,08:40:52 PM,20:40:00,Hot-Dry,2010-11-26 20:40:00,11
16.11056112,-18.57447103,LA12,2010-11-26,09:01:02 PM,21:01:00,Hot-Dry,2010-11-26 21:01:00,11
16.11163432,-18.57479858,LA12,2010-11-26,09:20:52 PM,21:20:00,Hot-Dry,2010-11-26 21:20:00,11
16.11187744,-18.57464193,LA12,2010-11-26,09:40:52 PM,21:40:00,Hot-Dry,2010-11-26 21:40:00,11
16.11196086,-18.57452799,LA12,2010-11-26,10:00:52 PM,22:00:00,Hot-Dry,2010-11-26 22:00:00,11
16.11200358,-18.57461141,LA12,2010-11-26,10:20:53 PM,22:20:00,Hot-Dry,2010-11-26 22:20:00,11
16.11218465,-18.57515462,LA12,2010-11-26,10:40:52 PM,22:40:00,Hot-Dry,2010-11-26 22:40:00,11
16.1123291,-18.57525228,LA12,2010-11-26,11:00:52 PM,23:00:00,Hot-Dry,2010-11-26 23:00:00,11
16.11233317,-18.57519938,LA12,2010-11-26,11:20:52 PM,23:20:00,Hot-Dry,2010-11-26 23:20:00,11
16.11235352,-18.57519328,LA12,2010-11-26,11:40:52 PM,23:40:00,Hot-Dry,2010-11-26 23:40:00,11
16.11233724,-18.57516276,LA12,2010-11-27,12:00:52 AM,00:00:00,Hot-Dry,2010-11-27 00:00:00,11
16.11232808,-18.57518514,LA12,2010-11-27,12:20:52 AM,00:20:00,Hot-Dry,2010-11-27 00:20:00,11
16.11232096,-18.57514648,LA12,2010-11-27,12:40:52 AM,00:40:00,Hot-Dry,2010-11-27 00:40:00,11
16.11231893,-18.57518311,LA12,2010-11-27,01:00:52 AM,01:00:00,Hot-Dry,2010-11-27 01:00:00,11
16.11233521,-18.57520142,LA12,2010-11-27,01:20:52 AM,01:20:00,Hot-Dry,2010-11-27 01:20:00,11
16.11230164,-18.57515055,LA12,2010-11-27,01:40:52 AM,01:40:00,Hot-Dry,2010-11-27 01:40:00,11
16.11236064,-18.57519938,LA12,2010-11-27,02:00:52 AM,02:00:00,Hot-Dry,2010-11-27 02:00:00,11
16.11241964,-18.57535604,LA12,2010-11-27,02:20:52 AM,02:20:00,Hot-Dry,2010-11-27 02:20:00,11
16.11254272,-18.57521159,LA12,2010-11-27,02:40:52 AM,02:40:00,Hot-Dry,2010-11-27 02:40:00,11
16.11247559,-18.57516073,LA12,2010-11-27,03:00:52 AM,03:00:00,Hot-Dry,2010-11-27 03:00:00,11
16.11282247,-18.57460327,LA12,2010-11-27,03:20:52 AM,03:20:00,Hot-Dry,2010-11-27 03:20:00,11
16.11302795,-18.57418416,LA12,2010-11-27,03:40:52 AM,03:40:00,Hot-Dry,2010-11-27 03:40:00,11
16.11316223,-18.57412923,LA12,2010-11-27,04:00:52 AM,04:00:00,Hot-Dry,2010-11-27 04:00:00,11
16.11638997,-18.57237956,LA12,2010-11-27,04:20:53 AM,04:20:00,Hot-Dry,2010-11-27 04:20:00,11
16.1187561,-18.56984049,LA12,2010-11-27,04:40:52 AM,04:40:00,Hot-Dry,2010-11-27 04:40:00,11
16.11956278,-18.56954549,LA12,2010-11-27,05:00:52 AM,05:00:00,Hot-Dry,2010-11-27 05:00:00,11
16.12120768,-18.56979777,LA12,2010-11-27,05:20:52 AM,05:20:00,Hot-Dry,2010-11-27 05:20:00,11
16.12312113,-18.57002767,LA12,2010-11-27,05:40:52 AM,05:40:00,Hot-Dry,2010-11-27 05:40:00,11
16.12536214,-18.56925252,LA12,2010-11-27,06:00:52 AM,06:00:00,Hot-Dry,2010-11-27 06:00:00,11
16.12585347,-18.56795654,LA12,2010-11-27,06:20:52 AM,06:20:00,Hot-Dry,2010-11-27 06:20:00,11
16.12521871,-18.56731364,LA12,2010-11-27,06:40:52 AM,06:40:00,Hot-Dry,2010-11-27 06:40:00,11
16.12678019,-18.56677246,LA12,2010-11-27,07:00:52 AM,07:00:00,Hot-Dry,2010-11-27 07:00:00,11
16.12651876,-18.56909383,LA12,2010-11-27,07:20:52 AM,07:20:00,Hot-Dry,2010-11-27 07:20:00,11
16.12655233,-18.56930949,LA12,2010-11-27,07:40:52 AM,07:40:00,Hot-Dry,2010-11-27 07:40:00,11
16.12671102,-18.56951294,LA12,2010-11-27,08:00:52 AM,08:00:00,Hot-Dry,2010-11-27 08:00:00,11
16.12605082,-18.57022909,LA12,2010-11-27,08:20:52 AM,08:20:00,Hot-Dry,2010-11-27 08:20:00,11
16.12486165,-18.57092082,LA12,2010-11-27,08:40:52 AM,08:40:00,Hot-Dry,2010-11-27 08:40:00,11
16.12465719,-18.5708903,LA12,2010-11-27,09:00:52 AM,09:00:00,Hot-Dry,2010-11-27 09:00:00,11
16.12443949,-18.57093506,LA12,2010-11-27,09:20:52 AM,09:20:00,Hot-Dry,2010-11-27 09:20:00,11
16.11867879,-18.56761068,LA12,2010-11-27,09:40:52 AM,09:40:00,Hot-Dry,2010-11-27 09:40:00,11
16.11665243,-18.56732992,LA12,2010-11-27,10:00:52 AM,10:00:00,Hot-Dry,2010-11-27 10:00:00,11
16.1138265,-18.56548055,LA12,2010-11-27,10:20:52 AM,10:20:00,Hot-Dry,2010-11-27 10:20:00,11
16.11384074,-18.56550903,LA12,2010-11-27,10:40:52 AM,10:40:00,Hot-Dry,2010-11-27 10:40:00,11
16.11384176,-18.56550293,LA12,2010-11-27,11:00:52 AM,11:00:00,Hot-Dry,2010-11-27 11:00:00,11
16.11386312,-18.56548462,LA12,2010-11-27,11:20:52 AM,11:20:00,Hot-Dry,2010-11-27 11:20:00,11
16.113856,-18.56549276,LA12,2010-11-27,11:40:52 AM,11:40:00,Hot-Dry,2010-11-27 11:40:00,11
16.11386719,-18.56549886,LA12,2010-11-27,12:00:52 PM,12:00:00,Hot-Dry,2010-11-27 12:00:00,11
16.11281433,-18.56585897,LA12,2010-11-27,12:20:52 PM,12:20:00,Hot-Dry,2010-11-27 12:20:00,11
16.11177877,-18.56692098,LA12,2010-11-27,12:40:52 PM,12:40:00,Hot-Dry,2010-11-27 12:40:00,11
16.1119873,-18.56715495,LA12,2010-11-27,01:00:52 PM,13:00:00,Hot-Dry,2010-11-27 13:00:00,11
16.11212667,-18.56741333,LA12,2010-11-27,01:20:52 PM,13:20:00,Hot-Dry,2010-11-27 13:20:00,11
16.11213786,-18.56740723,LA12,2010-11-27,01:40:52 PM,13:40:00,Hot-Dry,2010-11-27 13:40:00,11
16.11148376,-18.56765747,LA12,2010-11-27,02:00:52 PM,14:00:00,Hot-Dry,2010-11-27 14:00:00,11
16.11102295,-18.5660909,LA12,2010-11-27,02:20:52 PM,14:20:00,Hot-Dry,2010-11-27 14:20:00,11
16.10966899,-18.56420695,LA12,2010-11-27,02:40:52 PM,14:40:00,Hot-Dry,2010-11-27 14:40:00,11
16.10674947,-18.56305339,LA12,2010-11-27,03:00:52 PM,15:00:00,Hot-Dry,2010-11-27 15:00:00,11
16.10261739,-18.56560059,LA12,2010-11-27,03:20:52 PM,15:20:00,Hot-Dry,2010-11-27 15:20:00,11
16.09700724,-18.56982015,LA12,2010-11-27,03:40:52 PM,15:40:00,Hot-Dry,2010-11-27 15:40:00,11
16.08921916,-18.57838542,LA12,2010-11-27,04:00:52 PM,16:00:00,Hot-Dry,2010-11-27 16:00:00,11
16.08254395,-18.58198649,LA12,2010-11-27,04:20:52 PM,16:20:00,Hot-Dry,2010-11-27 16:20:00,11
16.08006185,-18.58251546,LA12,2010-11-27,04:40:52 PM,16:40:00,Hot-Dry,2010-11-27 16:40:00,11
16.06933085,-18.57980347,LA12,2010-11-27,05:00:52 PM,17:00:00,Hot-Dry,2010-11-27 17:00:00,11
16.06240641,-18.584021,LA12,2010-11-27,05:20:52 PM,17:20:00,Hot-Dry,2010-11-27 17:20:00,11
16.0530599,-18.58721924,LA12,2010-11-27,05:40:52 PM,17:40:00,Hot-Dry,2010-11-27 17:40:00,11
16.04570109,-18.59182332,LA12,2010-11-27,06:00:52 PM,18:00:00,Hot-Dry,2010-11-27 18:00:00,11
16.03692424,-18.59447021,LA12,2010-11-27,06:20:52 PM,18:20:00,Hot-Dry,2010-11-27 18:20:00,11
16.02405802,-18.59399821,LA12,2010-11-27,06:40:52 PM,18:40:00,Hot-Dry,2010-11-27 18:40:00,11
16.02040304,-18.58500163,LA12,2010-11-27,07:00:52 PM,19:00:00,Hot-Dry,2010-11-27 19:00:00,11
16.01864522,-18.57412516,LA12,2010-11-27,07:20:52 PM,19:20:00,Hot-Dry,2010-11-27 19:20:00,11
16.00718486,-18.57467041,LA12,2010-11-27,07:40:52 PM,19:40:00,Hot-Dry,2010-11-27 19:40:00,11
15.99839274,-18.56990153,LA12,2010-11-27,08:00:52 PM,20:00:00,Hot-Dry,2010-11-27 20:00:00,11
15.9881134,-18.56900228,LA12,2010-11-27,08:20:52 PM,20:20:00,Hot-Dry,2010-11-27 20:20:00,11
15.98086243,-18.57071737,LA12,2010-11-27,08:40:52 PM,20:40:00,Hot-Dry,2010-11-27 20:40:00,11
15.98019511,-18.57082316,LA12,2010-11-27,09:00:52 PM,21:00:00,Hot-Dry,2010-11-27 21:00:00,11
15.97852376,-18.57263794,LA12,2010-11-27,09:20:52 PM,21:20:00,Hot-Dry,2010-11-27 21:20:00,11
15.97519531,-18.57753906,LA12,2010-11-27,09:40:52 PM,21:40:00,Hot-Dry,2010-11-27 21:40:00,11
15.97421061,-18.58175659,LA12,2010-11-27,10:00:52 PM,22:00:00,Hot-Dry,2010-11-27 22:00:00,11
15.97365824,-18.58424479,LA12,2010-11-27,10:20:52 PM,22:20:00,Hot-Dry,2010-11-27 22:20:00,11
15.97412415,-18.58487549,LA12,2010-11-27,10:40:52 PM,22:40:00,Hot-Dry,2010-11-27 22:40:00,11
15.97064412,-18.59016724,LA12,2010-11-27,11:00:53 PM,23:00:00,Hot-Dry,2010-11-27 23:00:00,11
15.96242778,-18.59661051,LA12,2010-11-27,11:20:52 PM,23:20:00,Hot-Dry,2010-11-27 23:20:00,11
15.96023153,-18.59810384,LA12,2010-11-27,11:40:52 PM,23:40:00,Hot-Dry,2010-11-27 23:40:00,11
15.95590007,-18.60209554,LA12,2010-11-28,12:00:52 AM,00:00:00,Hot-Dry,2010-11-28 00:00:00,11
15.95244446,-18.60434774,LA12,2010-11-28,12:20:52 AM,00:20:00,Hot-Dry,2010-11-28 00:20:00,11
15.94957784,-18.60738118,LA12,2010-11-28,12:40:52 AM,00:40:00,Hot-Dry,2010-11-28 00:40:00,11
15.94540914,-18.61050008,LA12,2010-11-28,01:00:52 AM,01:00:00,Hot-Dry,2010-11-28 01:00:00,11
15.94199727,-18.61451009,LA12,2010-11-28,01:20:52 AM,01:20:00,Hot-Dry,2010-11-28 01:20:00,11
15.93933105,-18.61634725,LA12,2010-11-28,01:40:52 AM,01:40:00,Hot-Dry,2010-11-28 01:40:00,11
15.93601278,-18.61869507,LA12,2010-11-28,02:00:52 AM,02:00:00,Hot-Dry,2010-11-28 02:00:00,11
15.93327332,-18.6226766,LA12,2010-11-28,02:20:52 AM,02:20:00,Hot-Dry,2010-11-28 02:20:00,11
15.93048706,-18.62600098,LA12,2010-11-28,02:40:52 AM,02:40:00,Hot-Dry,2010-11-28 02:40:00,11
15.92950846,-18.62701009,LA12,2010-11-28,03:00:52 AM,03:00:00,Hot-Dry,2010-11-28 03:00:00,11
15.9270874,-18.6289978,LA12,2010-11-28,03:20:52 AM,03:20:00,Hot-Dry,2010-11-28 03:20:00,11
15.92480265,-18.63056844,LA12,2010-11-28,03:40:52 AM,03:40:00,Hot-Dry,2010-11-28 03:40:00,11
15.924823,-18.63067627,LA12,2010-11-28,04:00:52 AM,04:00:00,Hot-Dry,2010-11-28 04:00:00,11
15.92452087,-18.63328451,LA12,2010-11-28,04:20:52 AM,04:20:00,Hot-Dry,2010-11-28 04:20:00,11
15.92163391,-18.63830363,LA12,2010-11-28,04:40:52 AM,04:40:00,Hot-Dry,2010-11-28 04:40:00,11
15.92148844,-18.63999023,LA12,2010-11-28,05:00:52 AM,05:00:00,Hot-Dry,2010-11-28 05:00:00,11
15.91888224,-18.64082438,LA12,2010-11-28,05:20:52 AM,05:20:00,Hot-Dry,2010-11-28 05:20:00,11
15.91622721,-18.64183757,LA12,2010-11-28,05:40:52 AM,05:40:00,Hot-Dry,2010-11-28 05:40:00,11
15.91507975,-18.64250488,LA12,2010-11-28,06:00:52 AM,06:00:00,Hot-Dry,2010-11-28 06:00:00,11
15.9152181,-18.64327799,LA12,2010-11-28,06:20:52 AM,06:20:00,Hot-Dry,2010-11-28 06:20:00,11
15.91375326,-18.64435628,LA12,2010-11-28,06:40:52 AM,06:40:00,Hot-Dry,2010-11-28 06:40:00,11
15.91340637,-18.64568075,LA12,2010-11-28,07:00:52 AM,07:00:00,Hot-Dry,2010-11-28 07:00:00,11
15.91342061,-18.64704793,LA12,2010-11-28,07:20:52 AM,07:20:00,Hot-Dry,2010-11-28 07:20:00,11
15.91339518,-18.64721273,LA12,2010-11-28,07:40:53 AM,07:40:00,Hot-Dry,2010-11-28 07:40:00,11
15.91303101,-18.64785156,LA12,2010-11-28,08:00:52 AM,08:00:00,Hot-Dry,2010-11-28 08:00:00,11
15.91277364,-18.64852905,LA12,2010-11-28,08:20:52 AM,08:20:00,Hot-Dry,2010-11-28 08:20:00,11
15.9124471,-18.6483724,LA12,2010-11-28,08:40:52 AM,08:40:00,Hot-Dry,2010-11-28 08:40:00,11
15.91145528,-18.64867554,LA12,2010-11-28,09:00:52 AM,09:00:00,Hot-Dry,2010-11-28 09:00:00,11
15.90958761,-18.64916382,LA12,2010-11-28,09:20:52 AM,09:20:00,Hot-Dry,2010-11-28 09:20:00,11
15.90745239,-18.64769287,LA12,2010-11-28,09:40:52 AM,09:40:00,Hot-Dry,2010-11-28 09:40:00,11
15.90721741,-18.64766439,LA12,2010-11-28,10:00:52 AM,10:00:00,Hot-Dry,2010-11-28 10:00:00,11
15.90708211,-18.64772339,LA12,2010-11-28,10:20:52 AM,10:20:00,Hot-Dry,2010-11-28 10:20:00,11
15.90710347,-18.64771118,LA12,2010-11-28,10:40:52 AM,10:40:00,Hot-Dry,2010-11-28 10:40:00,11
15.9070872,-18.64766439,LA12,2010-11-28,11:00:52 AM,11:00:00,Hot-Dry,2010-11-28 11:00:00,11
15.90712077,-18.64764201,LA12,2010-11-28,11:20:52 AM,11:20:00,Hot-Dry,2010-11-28 11:20:00,11
15.90694784,-18.64672648,LA12,2010-11-28,11:40:52 AM,11:40:00,Hot-Dry,2010-11-28 11:40:00,11
15.90596822,-18.64666545,LA12,2010-11-28,12:00:52 PM,12:00:00,Hot-Dry,2010-11-28 12:00:00,11
15.90504354,-18.64628906,LA12,2010-11-28,12:20:52 PM,12:20:00,Hot-Dry,2010-11-28 12:20:00,11
15.90498657,-18.64622599,LA12,2010-11-28,12:40:52 PM,12:40:00,Hot-Dry,2010-11-28 12:40:00,11
15.90498759,-18.64628703,LA12,2010-11-28,01:00:52 PM,13:00:00,Hot-Dry,2010-11-28 13:00:00,11
15.90497843,-18.64623617,LA12,2010-11-28,01:20:52 PM,13:20:00,Hot-Dry,2010-11-28 13:20:00,11
15.9044342,-18.64499512,LA12,2010-11-28,01:40:52 PM,13:40:00,Hot-Dry,2010-11-28 13:40:00,11
15.90430603,-18.64398397,LA12,2010-11-28,02:00:52 PM,14:00:00,Hot-Dry,2010-11-28 14:00:00,11
15.90431824,-18.64400838,LA12,2010-11-28,02:20:52 PM,14:20:00,Hot-Dry,2010-11-28 14:20:00,11
15.90432638,-18.64401449,LA12,2010-11-28,02:40:52 PM,14:40:00,Hot-Dry,2010-11-28 14:40:00,11
15.90435689,-18.64367676,LA12,2010-11-28,03:00:52 PM,15:00:00,Hot-Dry,2010-11-28 15:00:00,11
15.90464579,-18.64196167,LA12,2010-11-28,03:20:52 PM,15:20:00,Hot-Dry,2010-11-28 15:20:00,11
15.90373739,-18.64200033,LA12,2010-11-28,03:40:52 PM,15:40:00,Hot-Dry,2010-11-28 15:40:00,11
15.90330404,-18.64178263,LA12,2010-11-28,04:00:52 PM,16:00:00,Hot-Dry,2010-11-28 16:00:00,11
15.90299479,-18.6408549,LA12,2010-11-28,04:20:52 PM,16:20:00,Hot-Dry,2010-11-28 16:20:00,11
15.90260925,-18.63955892,LA12,2010-11-28,04:40:52 PM,16:40:00,Hot-Dry,2010-11-28 16:40:00,11
15.9032074,-18.63848267,LA12,2010-11-28,05:00:52 PM,17:00:00,Hot-Dry,2010-11-28 17:00:00,11
15.90431213,-18.63627726,LA12,2010-11-28,05:20:52 PM,17:20:00,Hot-Dry,2010-11-28 17:20:00,11
15.90743306,-18.63611857,LA12,2010-11-28,05:40:52 PM,17:40:00,Hot-Dry,2010-11-28 17:40:00,11
15.91034546,-18.63671468,LA12,2010-11-28,06:00:52 PM,18:00:00,Hot-Dry,2010-11-28 18:00:00,11
15.91048279,-18.63976644,LA12,2010-11-28,06:20:52 PM,18:20:00,Hot-Dry,2010-11-28 18:20:00,11
15.91066182,-18.64266561,LA12,2010-11-28,06:40:52 PM,18:40:00,Hot-Dry,2010-11-28 18:40:00,11
15.91129964,-18.64464315,LA12,2010-11-28,07:00:52 PM,19:00:00,Hot-Dry,2010-11-28 19:00:00,11
15.91244507,-18.65021159,LA12,2010-11-28,07:20:52 PM,19:20:00,Hot-Dry,2010-11-28 19:20:00,11
15.90906169,-18.65839233,LA12,2010-11-28,07:40:52 PM,19:40:00,Hot-Dry,2010-11-28 19:40:00,11
15.90648092,-18.66236979,LA12,2010-11-28,08:00:52 PM,20:00:00,Hot-Dry,2010-11-28 20:00:00,11
15.9011912,-18.65928752,LA12,2010-11-28,08:20:52 PM,20:20:00,Hot-Dry,2010-11-28 20:20:00,11
15.90159505,-18.65709432,LA12,2010-11-28,08:40:52 PM,20:40:00,Hot-Dry,2010-11-28 20:40:00,11
15.90789388,-18.66175944,LA12,2010-11-28,09:00:52 PM,21:00:00,Hot-Dry,2010-11-28 21:00:00,11
15.90861511,-18.66256714,LA12,2010-11-28,09:20:52 PM,21:20:00,Hot-Dry,2010-11-28 21:20:00,11
15.90691528,-18.6620931,LA12,2010-11-28,09:40:52 PM,21:40:00,Hot-Dry,2010-11-28 21:40:00,11
15.89965108,-18.66207275,LA12,2010-11-28,10:00:52 PM,22:00:00,Hot-Dry,2010-11-28 22:00:00,11
15.89608968,-18.65885213,LA12,2010-11-28,10:20:52 PM,22:20:00,Hot-Dry,2010-11-28 22:20:00,11
15.89603577,-18.65870972,LA12,2010-11-28,10:40:52 PM,22:40:00,Hot-Dry,2010-11-28 22:40:00,11
15.89667358,-18.65521647,LA12,2010-11-28,11:00:52 PM,23:00:00,Hot-Dry,2010-11-28 23:00:00,11
15.89573771,-18.65207113,LA12,2010-11-28,11:20:52 PM,23:20:00,Hot-Dry,2010-11-28 23:20:00,11
15.89329325,-18.64453532,LA12,2010-11-28,11:40:52 PM,23:40:00,Hot-Dry,2010-11-28 23:40:00,11
15.8896993,-18.63795166,LA12,2010-11-29,12:00:52 AM,00:00:00,Hot-Dry,2010-11-29 00:00:00,11
15.8882548,-18.62994181,LA12,2010-11-29,12:20:52 AM,00:20:00,Hot-Dry,2010-11-29 00:20:00,11
15.88911235,-18.62353923,LA12,2010-11-29,12:40:52 AM,00:40:00,Hot-Dry,2010-11-29 00:40:00,11
15.89129842,-18.6199117,LA12,2010-11-29,01:00:52 AM,01:00:00,Hot-Dry,2010-11-29 01:00:00,11
15.8942098,-18.62027384,LA12,2010-11-29,01:20:52 AM,01:20:00,Hot-Dry,2010-11-29 01:20:00,11
15.89723206,-18.62029419,LA12,2010-11-29,01:40:52 AM,01:40:00,Hot-Dry,2010-11-29 01:40:00,11
15.89912109,-18.62229818,LA12,2010-11-29,02:00:52 AM,02:00:00,Hot-Dry,2010-11-29 02:00:00,11
15.8992686,-18.62259928,LA12,2010-11-29,02:20:52 AM,02:20:00,Hot-Dry,2010-11-29 02:20:00,11
15.90094198,-18.62370402,LA12,2010-11-29,02:40:52 AM,02:40:00,Hot-Dry,2010-11-29 02:40:00,11
15.90287984,-18.6253479,LA12,2010-11-29,03:00:52 AM,03:00:00,Hot-Dry,2010-11-29 03:00:00,11
15.90382996,-18.62543132,LA12,2010-11-29,03:20:52 AM,03:20:00,Hot-Dry,2010-11-29 03:20:00,11
15.90331116,-18.62443237,LA12,2010-11-29,03:40:52 AM,03:40:00,Hot-Dry,2010-11-29 03:40:00,11
15.90343831,-18.62409871,LA12,2010-11-29,04:00:52 AM,04:00:00,Hot-Dry,2010-11-29 04:00:00,11
15.90311991,-18.62390544,LA12,2010-11-29,04:20:52 AM,04:20:00,Hot-Dry,2010-11-29 04:20:00,11
15.90285441,-18.62343953,LA12,2010-11-29,04:40:52 AM,04:40:00,Hot-Dry,2010-11-29 04:40:00,11
15.90355225,-18.62300212,LA12,2010-11-29,05:00:52 AM,05:00:00,Hot-Dry,2010-11-29 05:00:00,11
15.90326029,-18.62292277,LA12,2010-11-29,05:20:52 AM,05:20:00,Hot-Dry,2010-11-29 05:20:00,11
15.90328878,-18.62259115,LA12,2010-11-29,05:40:52 AM,05:40:00,Hot-Dry,2010-11-29 05:40:00,11
15.90348511,-18.62259521,LA12,2010-11-29,06:00:52 AM,06:00:00,Hot-Dry,2010-11-29 06:00:00,11
15.90340576,-18.62269694,LA12,2010-11-29,06:20:52 AM,06:20:00,Hot-Dry,2010-11-29 06:20:00,11
15.90389303,-18.62270915,LA12,2010-11-29,06:40:52 AM,06:40:00,Hot-Dry,2010-11-29 06:40:00,11
15.90443115,-18.6231486,LA12,2010-11-29,07:00:52 AM,07:00:00,Hot-Dry,2010-11-29 07:00:00,11
15.90450439,-18.63011678,LA12,2010-11-29,07:20:52 AM,07:20:00,Hot-Dry,2010-11-29 07:20:00,11
15.90625509,-18.63594767,LA12,2010-11-29,07:40:52 AM,07:40:00,Hot-Dry,2010-11-29 07:40:00,11
15.89983927,-18.63425293,LA12,2010-11-29,08:00:52 AM,08:00:00,Hot-Dry,2010-11-29 08:00:00,11
15.8932841,-18.63241781,LA12,2010-11-29,08:20:52 AM,08:20:00,Hot-Dry,2010-11-29 08:20:00,11
15.88886414,-18.63296916,LA12,2010-11-29,08:40:52 AM,08:40:00,Hot-Dry,2010-11-29 08:40:00,11
15.88887126,-18.63296916,LA12,2010-11-29,09:00:52 AM,09:00:00,Hot-Dry,2010-11-29 09:00:00,11
15.88889567,-18.63296509,LA12,2010-11-29,09:20:52 AM,09:20:00,Hot-Dry,2010-11-29 09:20:00,11
15.88887227,-18.63297729,LA12,2010-11-29,09:40:52 AM,09:40:00,Hot-Dry,2010-11-29 09:40:00,11
15.88819885,-18.63179321,LA12,2010-11-29,10:00:52 AM,10:00:00,Hot-Dry,2010-11-29 10:00:00,11
15.88882141,-18.62852173,LA12,2010-11-29,10:20:52 AM,10:20:00,Hot-Dry,2010-11-29 10:20:00,11
15.89215698,-18.62675985,LA12,2010-11-29,10:40:52 AM,10:40:00,Hot-Dry,2010-11-29 10:40:00,11
15.89399007,-18.62422282,LA12,2010-11-29,11:00:52 AM,11:00:00,Hot-Dry,2010-11-29 11:00:00,11
15.89527588,-18.62369181,LA12,2010-11-29,11:20:52 AM,11:20:00,Hot-Dry,2010-11-29 11:20:00,11
15.89597778,-18.62355754,LA12,2010-11-29,11:40:52 AM,11:40:00,Hot-Dry,2010-11-29 11:40:00,11
15.89952494,-18.62267049,LA12,2010-11-29,12:00:52 PM,12:00:00,Hot-Dry,2010-11-29 12:00:00,11
15.9008077,-18.62316488,LA12,2010-11-29,12:20:52 PM,12:20:00,Hot-Dry,2010-11-29 12:20:00,11
15.90024414,-18.62053019,LA12,2010-11-29,12:40:52 PM,12:40:00,Hot-Dry,2010-11-29 12:40:00,11
15.89855754,-18.61963501,LA12,2010-11-29,01:00:52 PM,13:00:00,Hot-Dry,2010-11-29 13:00:00,11
15.89785055,-18.61865234,LA12,2010-11-29,01:20:52 PM,13:20:00,Hot-Dry,2010-11-29 13:20:00,11
15.89861755,-18.61793823,LA12,2010-11-29,01:40:52 PM,13:40:00,Hot-Dry,2010-11-29 13:40:00,11
15.89891663,-18.6172526,LA12,2010-11-29,02:00:52 PM,14:00:00,Hot-Dry,2010-11-29 14:00:00,11
15.89944865,-18.61735229,LA12,2010-11-29,02:20:52 PM,14:20:00,Hot-Dry,2010-11-29 14:20:00,11
15.89763692,-18.61780396,LA12,2010-11-29,02:40:52 PM,14:40:00,Hot-Dry,2010-11-29 14:40:00,11
15.89635824,-18.61907959,LA12,2010-11-29,03:00:52 PM,15:00:00,Hot-Dry,2010-11-29 15:00:00,11
15.89611003,-18.62129517,LA12,2010-11-29,03:20:52 PM,15:20:00,Hot-Dry,2010-11-29 15:20:00,11
15.89661051,-18.62308553,LA12,2010-11-29,03:40:52 PM,15:40:00,Hot-Dry,2010-11-29 15:40:00,11
15.89630127,-18.62334188,LA12,2010-11-29,04:00:52 PM,16:00:00,Hot-Dry,2010-11-29 16:00:00,11
15.89912821,-18.62434489,LA12,2010-11-29,04:20:52 PM,16:20:00,Hot-Dry,2010-11-29 16:20:00,11
15.9020752,-18.62388306,LA12,2010-11-29,04:40:52 PM,16:40:00,Hot-Dry,2010-11-29 16:40:00,11
15.90288188,-18.62471924,LA12,2010-11-29,05:00:52 PM,17:00:00,Hot-Dry,2010-11-29 17:00:00,11
15.90549622,-18.62678019,LA12,2010-11-29,05:20:52 PM,17:20:00,Hot-Dry,2010-11-29 17:20:00,11
15.9032491,-18.6286377,LA12,2010-11-29,05:40:52 PM,17:40:00,Hot-Dry,2010-11-29 17:40:00,11
15.89656881,-18.62996012,LA12,2010-11-29,06:00:52 PM,18:00:00,Hot-Dry,2010-11-29 18:00:00,11
15.89011739,-18.63285116,LA12,2010-11-29,06:20:52 PM,18:20:00,Hot-Dry,2010-11-29 18:20:00,11
15.89402466,-18.62837728,LA12,2010-11-29,06:40:52 PM,18:40:00,Hot-Dry,2010-11-29 18:40:00,11
15.89638875,-18.63274536,LA12,2010-11-29,07:00:52 PM,19:00:00,Hot-Dry,2010-11-29 19:00:00,11
15.89836426,-18.637559,LA12,2010-11-29,07:20:52 PM,19:20:00,Hot-Dry,2010-11-29 19:20:00,11
15.90077311,-18.6421285,LA12,2010-11-29,07:40:52 PM,19:40:00,Hot-Dry,2010-11-29 19:40:00,11
15.90161743,-18.64201253,LA12,2010-11-29,08:00:52 PM,20:00:00,Hot-Dry,2010-11-29 20:00:00,11
15.90171407,-18.64198201,LA12,2010-11-29,08:20:52 PM,20:20:00,Hot-Dry,2010-11-29 20:20:00,11
15.90195618,-18.6420756,LA12,2010-11-29,08:40:52 PM,20:40:00,Hot-Dry,2010-11-29 20:40:00,11
15.90255534,-18.6425293,LA12,2010-11-29,09:00:52 PM,21:00:00,Hot-Dry,2010-11-29 21:00:00,11
15.90367635,-18.64346517,LA12,2010-11-29,09:20:52 PM,21:20:00,Hot-Dry,2010-11-29 21:20:00,11
15.90416667,-18.64420166,LA12,2010-11-29,09:40:52 PM,21:40:00,Hot-Dry,2010-11-29 21:40:00,11
15.90455627,-18.64484863,LA12,2010-11-29,10:00:52 PM,22:00:00,Hot-Dry,2010-11-29 22:00:00,11
15.90466919,-18.64491781,LA12,2010-11-29,10:20:52 PM,22:20:00,Hot-Dry,2010-11-29 22:20:00,11
15.90478516,-18.64555054,LA12,2010-11-29,10:40:52 PM,22:40:00,Hot-Dry,2010-11-29 22:40:00,11
15.90503031,-18.64602458,LA12,2010-11-29,11:00:52 PM,23:00:00,Hot-Dry,2010-11-29 23:00:00,11
15.90498962,-18.64627482,LA12,2010-11-29,11:20:52 PM,23:20:00,Hot-Dry,2010-11-29 23:20:00,11
15.90494588,-18.64671224,LA12,2010-11-29,11:40:52 PM,23:40:00,Hot-Dry,2010-11-29 23:40:00,11
15.90495504,-18.64671224,LA12,2010-11-30,12:00:52 AM,00:00:00,Hot-Dry,2010-11-30 00:00:00,11
15.90499674,-18.64676717,LA12,2010-11-30,12:20:52 AM,00:20:00,Hot-Dry,2010-11-30 00:20:00,11
15.9049703,-18.64679362,LA12,2010-11-30,12:40:52 AM,00:40:00,Hot-Dry,2010-11-30 00:40:00,11
15.90497945,-18.64679565,LA12,2010-11-30,01:00:52 AM,01:00:00,Hot-Dry,2010-11-30 01:00:00,11
15.90487366,-18.64658813,LA12,2010-11-30,01:20:52 AM,01:20:00,Hot-Dry,2010-11-30 01:20:00,11
15.90494588,-18.64664103,LA12,2010-11-30,01:40:52 AM,01:40:00,Hot-Dry,2010-11-30 01:40:00,11
15.90495911,-18.64671224,LA12,2010-11-30,02:00:52 AM,02:00:00,Hot-Dry,2010-11-30 02:00:00,11
15.90496318,-18.64672038,LA12,2010-11-30,02:20:52 AM,02:20:00,Hot-Dry,2010-11-30 02:20:00,11
15.90512797,-18.646698,LA12,2010-11-30,02:40:52 AM,02:40:00,Hot-Dry,2010-11-30 02:40:00,11
15.90501099,-18.64672038,LA12,2010-11-30,03:00:52 AM,03:00:00,Hot-Dry,2010-11-30 03:00:00,11
15.90505371,-18.64665527,LA12,2010-11-30,03:20:52 AM,03:20:00,Hot-Dry,2010-11-30 03:20:00,11
15.90497742,-18.64666748,LA12,2010-11-30,03:40:52 AM,03:40:00,Hot-Dry,2010-11-30 03:40:00,11
15.90497843,-18.64671427,LA12,2010-11-30,04:00:52 AM,04:00:00,Hot-Dry,2010-11-30 04:00:00,11
15.90509135,-18.64657796,LA12,2010-11-30,04:20:52 AM,04:20:00,Hot-Dry,2010-11-30 04:20:00,11
15.90459391,-18.64605306,LA12,2010-11-30,04:40:52 AM,04:40:00,Hot-Dry,2010-11-30 04:40:00,11
15.90467529,-18.64488525,LA12,2010-11-30,05:00:52 AM,05:00:00,Hot-Dry,2010-11-30 05:00:00,11
15.90466919,-18.64490763,LA12,2010-11-30,05:20:52 AM,05:20:00,Hot-Dry,2010-11-30 05:20:00,11
15.90476176,-18.64492391,LA12,2010-11-30,05:40:52 AM,05:40:00,Hot-Dry,2010-11-30 05:40:00,11
15.90405273,-18.64457601,LA12,2010-11-30,06:00:52 AM,06:00:00,Hot-Dry,2010-11-30 06:00:00,11
15.90430501,-18.64244792,LA12,2010-11-30,06:20:52 AM,06:20:00,Hot-Dry,2010-11-30 06:20:00,11
15.90476379,-18.64127197,LA12,2010-11-30,06:40:52 AM,06:40:00,Hot-Dry,2010-11-30 06:40:00,11
15.90401306,-18.64086507,LA12,2010-11-30,07:00:52 AM,07:00:00,Hot-Dry,2010-11-30 07:00:00,11
15.90441284,-18.64076131,LA12,2010-11-30,07:20:52 AM,07:20:00,Hot-Dry,2010-11-30 07:20:00,11
15.90577291,-18.63898315,LA12,2010-11-30,07:40:52 AM,07:40:00,Hot-Dry,2010-11-30 07:40:00,11
15.9063324,-18.63752441,LA12,2010-11-30,08:00:52 AM,08:00:00,Hot-Dry,2010-11-30 08:00:00,11
15.90656738,-18.63736165,LA12,2010-11-30,08:20:52 AM,08:20:00,Hot-Dry,2010-11-30 08:20:00,11
15.90749105,-18.63692017,LA12,2010-11-30,08:40:52 AM,08:40:00,Hot-Dry,2010-11-30 08:40:00,11
15.90749308,-18.63689575,LA12,2010-11-30,09:00:52 AM,09:00:00,Hot-Dry,2010-11-30 09:00:00,11
15.90747986,-18.63687134,LA12,2010-11-30,09:20:52 AM,09:20:00,Hot-Dry,2010-11-30 09:20:00,11
15.90749308,-18.63688761,LA12,2010-11-30,09:40:52 AM,09:40:00,Hot-Dry,2010-11-30 09:40:00,11
15.90750427,-18.6368632,LA12,2010-11-30,10:00:52 AM,10:00:00,Hot-Dry,2010-11-30 10:00:00,11
15.90799866,-18.63743896,LA12,2010-11-30,10:20:52 AM,10:20:00,Hot-Dry,2010-11-30 10:20:00,11
15.91048686,-18.63697917,LA12,2010-11-30,10:40:52 AM,10:40:00,Hot-Dry,2010-11-30 10:40:00,11
15.9103831,-18.63687948,LA12,2010-11-30,11:00:52 AM,11:00:00,Hot-Dry,2010-11-30 11:00:00,11
15.90968628,-18.63709513,LA12,2010-11-30,11:20:52 AM,11:20:00,Hot-Dry,2010-11-30 11:20:00,11
15.91124776,-18.63787028,LA12,2010-11-30,11:40:52 AM,11:40:00,Hot-Dry,2010-11-30 11:40:00,11
15.91198832,-18.63956299,LA12,2010-11-30,12:00:52 PM,12:00:00,Hot-Dry,2010-11-30 12:00:00,11
15.91313782,-18.6415568,LA12,2010-11-30,12:20:52 PM,12:20:00,Hot-Dry,2010-11-30 12:20:00,11
15.91391602,-18.64276733,LA12,2010-11-30,12:40:52 PM,12:40:00,Hot-Dry,2010-11-30 12:40:00,11
15.91506653,-18.6431783,LA12,2010-11-30,01:00:52 PM,13:00:00,Hot-Dry,2010-11-30 13:00:00,11
15.915743,-18.64325358,LA12,2010-11-30,01:20:52 PM,13:20:00,Hot-Dry,2010-11-30 13:20:00,11
15.92224019,-18.64333496,LA12,2010-11-30,01:40:52 PM,13:40:00,Hot-Dry,2010-11-30 13:40:00,11
15.93205872,-18.644045,LA12,2010-11-30,02:00:52 PM,14:00:00,Hot-Dry,2010-11-30 14:00:00,11
15.93921204,-18.64442749,LA12,2010-11-30,02:20:52 PM,14:20:00,Hot-Dry,2010-11-30 14:20:00,11
15.94177551,-18.64442749,LA12,2010-11-30,02:40:52 PM,14:40:00,Hot-Dry,2010-11-30 14:40:00,11
15.94356689,-18.64473063,LA12,2010-11-30,03:00:52 PM,15:00:00,Hot-Dry,2010-11-30 15:00:00,11
15.9445282,-18.64519857,LA12,2010-11-30,03:20:52 PM,15:20:00,Hot-Dry,2010-11-30 15:20:00,11
15.94453634,-18.64519043,LA12,2010-11-30,03:40:52 PM,15:40:00,Hot-Dry,2010-11-30 15:40:00,11
15.94558818,-18.64704793,LA12,2010-11-30,04:00:52 PM,16:00:00,Hot-Dry,2010-11-30 16:00:00,11
15.945519,-18.64885661,LA12,2010-11-30,04:20:52 PM,16:20:00,Hot-Dry,2010-11-30 16:20:00,11
15.94424032,-18.6510498,LA12,2010-11-30,04:40:52 PM,16:40:00,Hot-Dry,2010-11-30 16:40:00,11
15.94336344,-18.65358073,LA12,2010-11-30,05:00:52 PM,17:00:00,Hot-Dry,2010-11-30 17:00:00,11
15.94280599,-18.6554423,LA12,2010-11-30,05:20:52 PM,17:20:00,Hot-Dry,2010-11-30 17:20:00,11
15.94174601,-18.65769246,LA12,2010-11-30,05:40:52 PM,17:40:00,Hot-Dry,2010-11-30 17:40:00,11
15.94156901,-18.65773926,LA12,2010-11-30,06:00:52 PM,18:00:00,Hot-Dry,2010-11-30 18:00:00,11
15.94153748,-18.65767619,LA12,2010-11-30,06:20:52 PM,18:20:00,Hot-Dry,2010-11-30 18:20:00,11
15.94141744,-18.65773519,LA12,2010-11-30,06:40:52 PM,18:40:00,Hot-Dry,2010-11-30 18:40:00,11
15.93957825,-18.65998942,LA12,2010-11-30,07:00:52 PM,19:00:00,Hot-Dry,2010-11-30 19:00:00,11
15.93920797,-18.66043294,LA12,2010-11-30,07:20:52 PM,19:20:00,Hot-Dry,2010-11-30 19:20:00,11
15.93909098,-18.66043091,LA12,2010-11-30,07:40:52 PM,19:40:00,Hot-Dry,2010-11-30 19:40:00,11
15.93894552,-18.66096191,LA12,2010-11-30,08:00:52 PM,20:00:00,Hot-Dry,2010-11-30 20:00:00,11
15.93902079,-18.66133016,LA12,2010-11-30,08:20:52 PM,20:20:00,Hot-Dry,2010-11-30 20:20:00,11
15.9386851,-18.66105347,LA12,2010-11-30,08:40:52 PM,20:40:00,Hot-Dry,2010-11-30 20:40:00,11
15.93901469,-18.66034953,LA12,2010-11-30,09:00:52 PM,21:00:00,Hot-Dry,2010-11-30 21:00:00,11
15.93902283,-18.6603597,LA12,2010-11-30,09:20:52 PM,21:20:00,Hot-Dry,2010-11-30 21:20:00,11
15.93899536,-18.66038818,LA12,2010-11-30,09:40:52 PM,21:40:00,Hot-Dry,2010-11-30 21:40:00,11
15.93900655,-18.66036174,LA12,2010-11-30,10:00:52 PM,22:00:00,Hot-Dry,2010-11-30 22:00:00,11
15.93898519,-18.66035767,LA12,2010-11-30,10:20:52 PM,22:20:00,Hot-Dry,2010-11-30 22:20:00,11
15.93920288,-18.66031698,LA12,2010-11-30,10:40:52 PM,22:40:00,Hot-Dry,2010-11-30 22:40:00,11
15.9391805,-18.6602946,LA12,2010-11-30,11:00:52 PM,23:00:00,Hot-Dry,2010-11-30 23:00:00,11
15.93913371,-18.66028035,LA12,2010-11-30,11:20:52 PM,23:20:00,Hot-Dry,2010-11-30 23:20:00,11
15.93915304,-18.66029053,LA12,2010-11-30,11:40:52 PM,23:40:00,Hot-Dry,2010-11-30 23:40:00,11
