Longitude,Latitude,individual-local-identifier,Date,timeAPM,Time,Season,DateTime,Month
15.48891398,-19.22152507,LA1,2009-01-01,12:00:00 AM,00:00:00,Hot-Wet,2009-01-01 00:00:00,1
15.48897807,-19.22139282,LA1,2009-01-01,12:20:00 AM,00:20:00,Hot-Wet,2009-01-01 00:20:00,1
15.48907776,-19.22558797,LA1,2009-01-01,12:40:00 AM,00:40:00,Hot-Wet,2009-01-01 00:40:00,1
15.49133403,-19.22688192,LA1,2009-01-01,01:00:00 AM,01:00:00,Hot-Wet,2009-01-01 01:00:00,1
15.49163717,-19.22712199,LA1,2009-01-01,01:20:00 AM,01:20:00,Hot-Wet,2009-01-01 01:20:00,1
15.49158529,-19.2271403,LA1,2009-01-01,01:40:00 AM,01:40:00,Hot-Wet,2009-01-01 01:40:00,1
15.49167074,-19.22706909,LA1,2009-01-01,02:00:00 AM,02:00:00,Hot-Wet,2009-01-01 02:00:00,1
15.49166361,-19.22709961,LA1,2009-01-01,02:20:00 AM,02:20:00,Hot-Wet,2009-01-01 02:20:00,1
15.49164124,-19.22701823,LA1,2009-01-01,02:40:00 AM,02:40:00,Hot-Wet,2009-01-01 02:40:00,1
15.49162801,-19.22704671,LA1,2009-01-01,03:00:00 AM,03:00:00,Hot-Wet,2009-01-01 03:00:00,1
15.49162699,-19.22705078,LA1,2009-01-01,03:20:00 AM,03:20:00,Hot-Wet,2009-01-01 03:20:00,1
15.49163411,-19.22705485,LA1,2009-01-01,03:40:00 AM,03:40:00,Hot-Wet,2009-01-01 03:40:00,1
15.49167786,-19.22701009,LA1,2009-01-01,04:00:00 AM,04:00:00,Hot-Wet,2009-01-01 04:00:00,1
15.49981791,-19.2269633,LA1,2009-01-01,04:20:00 AM,04:20:00,Hot-Wet,2009-01-01 04:20:00,1
15.50527852,-19.22583211,LA1,2009-01-01,04:40:00 AM,04:40:00,Hot-Wet,2009-01-01 04:40:00,1
15.5126475,-19.22209676,LA1,2009-01-01,05:00:00 AM,05:00:00,Hot-Wet,2009-01-01 05:00:00,1
15.51757202,-19.22223714,LA1,2009-01-01,05:20:00 AM,05:20:00,Hot-Wet,2009-01-01 05:20:00,1
15.51865133,-19.22087199,LA1,2009-01-01,05:40:00 AM,05:40:00,Hot-Wet,2009-01-01 05:40:00,1
15.51939697,-19.21989339,LA1,2009-01-01,06:00:00 AM,06:00:00,Hot-Wet,2009-01-01 06:00:00,1
15.51945597,-19.21725871,LA1,2009-01-01,06:20:00 AM,06:20:00,Hot-Wet,2009-01-01 06:20:00,1
15.52093302,-19.21570231,LA1,2009-01-01,06:40:00 AM,06:40:00,Hot-Wet,2009-01-01 06:40:00,1
15.5271932,-19.21390584,LA1,2009-01-01,07:00:00 AM,07:00:00,Hot-Wet,2009-01-01 07:00:00,1
15.52345581,-19.21105143,LA1,2009-01-01,07:20:00 AM,07:20:00,Hot-Wet,2009-01-01 07:20:00,1
15.5213206,-19.21605632,LA1,2009-01-01,07:40:00 AM,07:40:00,Hot-Wet,2009-01-01 07:40:00,1
15.5213267,-19.21605835,LA1,2009-01-01,08:00:00 AM,08:00:00,Hot-Wet,2009-01-01 08:00:00,1
15.52712809,-19.22131755,LA1,2009-01-01,08:20:00 AM,08:20:00,Hot-Wet,2009-01-01 08:20:00,1
15.54697469,-19.22443441,LA1,2009-01-01,08:40:00 AM,08:40:00,Hot-Wet,2009-01-01 08:40:00,1
15.54696452,-19.22443441,LA1,2009-01-01,09:00:00 AM,09:00:00,Hot-Wet,2009-01-01 09:00:00,1
15.55892741,-19.22698364,LA1,2009-01-01,09:20:00 AM,09:20:00,Hot-Wet,2009-01-01 09:20:00,1
15.57072652,-19.22764689,LA1,2009-01-01,09:40:00 AM,09:40:00,Hot-Wet,2009-01-01 09:40:00,1
15.58869629,-19.22620036,LA1,2009-01-01,10:00:00 AM,10:00:00,Hot-Wet,2009-01-01 10:00:00,1
15.58868815,-19.22618815,LA1,2009-01-01,10:20:00 AM,10:20:00,Hot-Wet,2009-01-01 10:20:00,1
15.58869832,-19.22745768,LA1,2009-01-01,10:40:00 AM,10:40:00,Hot-Wet,2009-01-01 10:40:00,1
15.58869731,-19.22745565,LA1,2009-01-01,11:00:00 AM,11:00:00,Hot-Wet,2009-01-01 11:00:00,1
15.58870138,-19.22828979,LA1,2009-01-01,11:20:00 AM,11:20:00,Hot-Wet,2009-01-01 11:20:00,1
15.58871358,-19.228302,LA1,2009-01-01,11:40:00 AM,11:40:00,Hot-Wet,2009-01-01 11:40:00,1
15.58750712,-19.22845662,LA1,2009-01-01,12:00:00 PM,12:00:00,Hot-Wet,2009-01-01 12:00:00,1
15.58750407,-19.22844442,LA1,2009-01-01,12:20:00 PM,12:20:00,Hot-Wet,2009-01-01 12:20:00,1
15.58748271,-19.22845256,LA1,2009-01-01,12:40:00 PM,12:40:00,Hot-Wet,2009-01-01 12:40:00,1
15.5875061,-19.22843018,LA1,2009-01-01,01:00:00 PM,13:00:00,Hot-Wet,2009-01-01 13:00:00,1
15.59336141,-19.22365112,LA1,2009-01-01,01:20:00 PM,13:20:00,Hot-Wet,2009-01-01 13:20:00,1
15.59335938,-19.22177327,LA1,2009-01-01,01:40:00 PM,13:40:00,Hot-Wet,2009-01-01 13:40:00,1
15.59379985,-19.21966553,LA1,2009-01-01,02:00:00 PM,14:00:00,Hot-Wet,2009-01-01 14:00:00,1
15.59301453,-19.21845296,LA1,2009-01-01,02:20:00 PM,14:20:00,Hot-Wet,2009-01-01 14:20:00,1
15.59302165,-19.21843669,LA1,2009-01-01,02:40:00 PM,14:40:00,Hot-Wet,2009-01-01 14:40:00,1
15.59254354,-19.21404622,LA1,2009-01-01,03:00:00 PM,15:00:00,Hot-Wet,2009-01-01 15:00:00,1
15.58803406,-19.20868734,LA1,2009-01-01,03:20:00 PM,15:20:00,Hot-Wet,2009-01-01 15:20:00,1
15.57972005,-19.20779419,LA1,2009-01-01,03:40:00 PM,15:40:00,Hot-Wet,2009-01-01 15:40:00,1
15.57095235,-19.2083842,LA1,2009-01-01,04:00:00 PM,16:00:00,Hot-Wet,2009-01-01 16:00:00,1
15.56160685,-19.20953166,LA1,2009-01-01,04:20:00 PM,16:20:00,Hot-Wet,2009-01-01 16:20:00,1
15.5522522,-19.20824382,LA1,2009-01-01,04:40:00 PM,16:40:00,Hot-Wet,2009-01-01 16:40:00,1
15.53914185,-19.20789795,LA1,2009-01-01,05:00:00 PM,17:00:00,Hot-Wet,2009-01-01 17:00:00,1
15.52674052,-19.20904134,LA1,2009-01-01,05:20:00 PM,17:20:00,Hot-Wet,2009-01-01 17:20:00,1
15.52541402,-19.19535929,LA1,2009-01-01,05:40:00 PM,17:40:00,Hot-Wet,2009-01-01 17:40:00,1
15.51917216,-19.18329468,LA1,2009-01-01,06:00:00 PM,18:00:00,Hot-Wet,2009-01-01 18:00:00,1
15.51196899,-19.17376709,LA1,2009-01-01,06:20:00 PM,18:20:00,Hot-Wet,2009-01-01 18:20:00,1
15.50742391,-19.16298625,LA1,2009-01-01,06:40:00 PM,18:40:00,Hot-Wet,2009-01-01 18:40:00,1
15.50140076,-19.14838257,LA1,2009-01-01,07:00:00 PM,19:00:00,Hot-Wet,2009-01-01 19:00:00,1
15.49424947,-19.13703817,LA1,2009-01-01,07:20:00 PM,19:20:00,Hot-Wet,2009-01-01 19:20:00,1
15.4839915,-19.12803141,LA1,2009-01-01,07:40:00 PM,19:40:00,Hot-Wet,2009-01-01 19:40:00,1
15.47761841,-19.1204895,LA1,2009-01-01,08:00:00 PM,20:00:00,Hot-Wet,2009-01-01 20:00:00,1
15.4692627,-19.11005859,LA1,2009-01-01,08:20:00 PM,20:20:00,Hot-Wet,2009-01-01 20:20:00,1
15.46420898,-19.09991048,LA1,2009-01-01,08:40:00 PM,20:40:00,Hot-Wet,2009-01-01 20:40:00,1
15.4616394,-19.08826497,LA1,2009-01-01,09:00:00 PM,21:00:00,Hot-Wet,2009-01-01 21:00:00,1
15.45618693,-19.07715454,LA1,2009-01-01,09:20:00 PM,21:20:00,Hot-Wet,2009-01-01 21:20:00,1
15.45383199,-19.06491292,LA1,2009-01-01,09:40:00 PM,21:40:00,Hot-Wet,2009-01-01 21:40:00,1
15.45382792,-19.06494751,LA1,2009-01-01,10:00:00 PM,22:00:00,Hot-Wet,2009-01-01 22:00:00,1
15.45634054,-19.05321452,LA1,2009-01-01,10:20:00 PM,22:20:00,Hot-Wet,2009-01-01 22:20:00,1
15.4598114,-19.03976237,LA1,2009-01-01,10:40:00 PM,22:40:00,Hot-Wet,2009-01-01 22:40:00,1
15.46566264,-19.03010457,LA1,2009-01-01,11:00:00 PM,23:00:00,Hot-Wet,2009-01-01 23:00:00,1
15.47447205,-19.0202474,LA1,2009-01-01,11:20:00 PM,23:20:00,Hot-Wet,2009-01-01 23:20:00,1
15.48233744,-19.01275838,LA1,2009-01-01,11:40:00 PM,23:40:00,Hot-Wet,2009-01-01 23:40:00,1
15.48958333,-19.0015625,LA1,2009-01-02,12:00:00 AM,00:00:00,Hot-Wet,2009-01-02 00:00:00,1
15.49393616,-18.98833211,LA1,2009-01-02,12:20:00 AM,00:20:00,Hot-Wet,2009-01-02 00:20:00,1
15.50362142,-18.97654622,LA1,2009-01-02,12:40:00 AM,00:40:00,Hot-Wet,2009-01-02 00:40:00,1
15.5036204,-18.97654826,LA1,2009-01-02,01:00:00 AM,01:00:00,Hot-Wet,2009-01-02 01:00:00,1
15.50211385,-18.97659098,LA1,2009-01-02,01:20:00 AM,01:20:00,Hot-Wet,2009-01-02 01:20:00,1
15.50179342,-18.97700602,LA1,2009-01-02,01:40:00 AM,01:40:00,Hot-Wet,2009-01-02 01:40:00,1
15.49755656,-18.97816976,LA1,2009-01-02,02:00:00 AM,02:00:00,Hot-Wet,2009-01-02 02:00:00,1
15.49591268,-18.97895711,LA1,2009-01-02,02:20:00 AM,02:20:00,Hot-Wet,2009-01-02 02:20:00,1
15.49224854,-18.98051351,LA1,2009-01-02,02:40:00 AM,02:40:00,Hot-Wet,2009-01-02 02:40:00,1
15.47832845,-18.98115641,LA1,2009-01-02,03:00:00 AM,03:00:00,Hot-Wet,2009-01-02 03:00:00,1
15.46931559,-18.98089803,LA1,2009-01-02,03:20:00 AM,03:20:00,Hot-Wet,2009-01-02 03:20:00,1
15.45892639,-18.98057861,LA1,2009-01-02,03:40:00 AM,03:40:00,Hot-Wet,2009-01-02 03:40:00,1
15.44648438,-18.97940674,LA1,2009-01-02,04:00:00 AM,04:00:00,Hot-Wet,2009-01-02 04:00:00,1
15.43689067,-18.97914022,LA1,2009-01-02,04:20:00 AM,04:20:00,Hot-Wet,2009-01-02 04:20:00,1
15.4354716,-18.98865153,LA1,2009-01-02,04:40:00 AM,04:40:00,Hot-Wet,2009-01-02 04:40:00,1
15.43545939,-18.98859253,LA1,2009-01-02,05:00:00 AM,05:00:00,Hot-Wet,2009-01-02 05:00:00,1
15.44576314,-19.00297038,LA1,2009-01-02,05:20:00 AM,05:20:00,Hot-Wet,2009-01-02 05:20:00,1
15.44275513,-19.01940715,LA1,2009-01-02,05:40:00 AM,05:40:00,Hot-Wet,2009-01-02 05:40:00,1
15.43052979,-19.02018026,LA1,2009-01-02,06:00:00 AM,06:00:00,Hot-Wet,2009-01-02 06:00:00,1
15.42673747,-19.01971639,LA1,2009-01-02,06:20:00 AM,06:20:00,Hot-Wet,2009-01-02 06:20:00,1
15.42671611,-19.01968994,LA1,2009-01-02,06:40:00 AM,06:40:00,Hot-Wet,2009-01-02 06:40:00,1
15.42660014,-19.01958211,LA1,2009-01-02,07:00:00 AM,07:00:00,Hot-Wet,2009-01-02 07:00:00,1
15.42659302,-19.01959025,LA1,2009-01-02,07:20:00 AM,07:20:00,Hot-Wet,2009-01-02 07:20:00,1
15.42661947,-19.01958415,LA1,2009-01-02,07:40:00 AM,07:40:00,Hot-Wet,2009-01-02 07:40:00,1
15.42310994,-19.01907145,LA1,2009-01-02,08:00:00 AM,08:00:00,Hot-Wet,2009-01-02 08:00:00,1
15.42308044,-19.01905924,LA1,2009-01-02,08:20:00 AM,08:20:00,Hot-Wet,2009-01-02 08:20:00,1
15.42229106,-19.01869507,LA1,2009-01-02,08:40:00 AM,08:40:00,Hot-Wet,2009-01-02 08:40:00,1
15.42204285,-19.01880493,LA1,2009-01-02,09:00:00 AM,09:00:00,Hot-Wet,2009-01-02 09:00:00,1
15.42204386,-19.018809,LA1,2009-01-02,09:20:00 AM,09:20:00,Hot-Wet,2009-01-02 09:20:00,1
15.42097778,-19.01806234,LA1,2009-01-02,09:40:00 AM,09:40:00,Hot-Wet,2009-01-02 09:40:00,1
15.41989746,-19.01656698,LA1,2009-01-02,10:00:00 AM,10:00:00,Hot-Wet,2009-01-02 10:00:00,1
15.41946309,-19.01578369,LA1,2009-01-02,10:20:00 AM,10:20:00,Hot-Wet,2009-01-02 10:20:00,1
15.41944885,-19.01577148,LA1,2009-01-02,10:40:00 AM,10:40:00,Hot-Wet,2009-01-02 10:40:00,1
15.41945089,-19.01578166,LA1,2009-01-02,11:00:00 AM,11:00:00,Hot-Wet,2009-01-02 11:00:00,1
15.41948853,-19.01579997,LA1,2009-01-02,11:20:00 AM,11:20:00,Hot-Wet,2009-01-02 11:20:00,1
15.4184021,-19.01519572,LA1,2009-01-02,11:40:00 AM,11:40:00,Hot-Wet,2009-01-02 11:40:00,1
15.41532593,-19.01353353,LA1,2009-01-02,12:00:00 PM,12:00:00,Hot-Wet,2009-01-02 12:00:00,1
15.41292318,-19.01247965,LA1,2009-01-02,12:20:00 PM,12:20:00,Hot-Wet,2009-01-02 12:20:00,1
15.41283162,-19.01251831,LA1,2009-01-02,12:40:00 PM,12:40:00,Hot-Wet,2009-01-02 12:40:00,1
15.41283162,-19.01250407,LA1,2009-01-02,01:00:00 PM,13:00:00,Hot-Wet,2009-01-02 13:00:00,1
15.41281026,-19.01252441,LA1,2009-01-02,01:20:00 PM,13:20:00,Hot-Wet,2009-01-02 13:20:00,1
15.41280924,-19.0125,LA1,2009-01-02,01:40:00 PM,13:40:00,Hot-Wet,2009-01-02 13:40:00,1
15.41283061,-19.01252238,LA1,2009-01-02,02:00:00 PM,14:00:00,Hot-Wet,2009-01-02 14:00:00,1
15.40704244,-19.01205851,LA1,2009-01-02,02:20:00 PM,14:20:00,Hot-Wet,2009-01-02 14:20:00,1
15.40256958,-19.01153768,LA1,2009-01-02,02:40:00 PM,14:40:00,Hot-Wet,2009-01-02 14:40:00,1
15.39735006,-19.01115112,LA1,2009-01-02,03:00:00 PM,15:00:00,Hot-Wet,2009-01-02 15:00:00,1
15.39308675,-19.00903931,LA1,2009-01-02,03:20:00 PM,15:20:00,Hot-Wet,2009-01-02 15:20:00,1
15.3883372,-19.00560099,LA1,2009-01-02,03:40:00 PM,15:40:00,Hot-Wet,2009-01-02 15:40:00,1
15.3837026,-19.00497233,LA1,2009-01-02,04:00:00 PM,16:00:00,Hot-Wet,2009-01-02 16:00:00,1
15.38045349,-19.00159912,LA1,2009-01-02,04:20:00 PM,16:20:00,Hot-Wet,2009-01-02 16:20:00,1
15.37286072,-19.00052083,LA1,2009-01-02,04:40:00 PM,16:40:00,Hot-Wet,2009-01-02 16:40:00,1
15.36612956,-18.99628703,LA1,2009-01-02,05:00:00 PM,17:00:00,Hot-Wet,2009-01-02 17:00:00,1
15.36134542,-18.99293416,LA1,2009-01-02,05:20:00 PM,17:20:00,Hot-Wet,2009-01-02 17:20:00,1
15.35414734,-18.98881022,LA1,2009-01-02,05:40:00 PM,17:40:00,Hot-Wet,2009-01-02 17:40:00,1
15.34870402,-18.98640951,LA1,2009-01-02,06:00:00 PM,18:00:00,Hot-Wet,2009-01-02 18:00:00,1
15.34314473,-18.98328654,LA1,2009-01-02,06:20:00 PM,18:20:00,Hot-Wet,2009-01-02 18:20:00,1
15.33607483,-18.97741496,LA1,2009-01-02,06:40:00 PM,18:40:00,Hot-Wet,2009-01-02 18:40:00,1
15.32820231,-18.96894735,LA1,2009-01-02,07:00:00 PM,19:00:00,Hot-Wet,2009-01-02 19:00:00,1
15.32790833,-18.96836751,LA1,2009-01-02,07:20:00 PM,19:20:00,Hot-Wet,2009-01-02 19:20:00,1
15.32717794,-18.9680603,LA1,2009-01-02,07:40:00 PM,19:40:00,Hot-Wet,2009-01-02 19:40:00,1
15.32485962,-18.96966756,LA1,2009-01-02,08:00:00 PM,20:00:00,Hot-Wet,2009-01-02 20:00:00,1
15.32401021,-18.9692627,LA1,2009-01-02,08:20:00 PM,20:20:00,Hot-Wet,2009-01-02 20:20:00,1
15.32336731,-18.96930542,LA1,2009-01-02,08:40:00 PM,20:40:00,Hot-Wet,2009-01-02 20:40:00,1
15.32290649,-18.96926676,LA1,2009-01-02,09:00:00 PM,21:00:00,Hot-Wet,2009-01-02 21:00:00,1
15.3226237,-18.96939087,LA1,2009-01-02,09:20:00 PM,21:20:00,Hot-Wet,2009-01-02 21:20:00,1
15.3213328,-18.96986287,LA1,2009-01-02,09:40:00 PM,21:40:00,Hot-Wet,2009-01-02 21:40:00,1
15.31677348,-18.97028605,LA1,2009-01-02,10:00:00 PM,22:00:00,Hot-Wet,2009-01-02 22:00:00,1
15.30872294,-18.97236328,LA1,2009-01-02,10:20:00 PM,22:20:00,Hot-Wet,2009-01-02 22:20:00,1
15.3068929,-18.97245687,LA1,2009-01-02,10:40:00 PM,22:40:00,Hot-Wet,2009-01-02 22:40:00,1
15.29911194,-18.97490438,LA1,2009-01-02,11:00:00 PM,23:00:00,Hot-Wet,2009-01-02 23:00:00,1
15.29520671,-18.97669271,LA1,2009-01-02,11:20:00 PM,23:20:00,Hot-Wet,2009-01-02 23:20:00,1
15.29578247,-18.97805583,LA1,2009-01-02,11:40:00 PM,23:40:00,Hot-Wet,2009-01-02 23:40:00,1
15.29665629,-18.9786377,LA1,2009-01-03,12:00:00 AM,00:00:00,Hot-Wet,2009-01-03 00:00:00,1
15.29762268,-18.97978719,LA1,2009-01-03,12:20:00 AM,00:20:00,Hot-Wet,2009-01-03 00:20:00,1
15.29451294,-18.98221436,LA1,2009-01-03,12:40:00 AM,00:40:00,Hot-Wet,2009-01-03 00:40:00,1
15.29115601,-18.98602498,LA1,2009-01-03,01:00:00 AM,01:00:00,Hot-Wet,2009-01-03 01:00:00,1
15.28832703,-18.98798014,LA1,2009-01-03,01:20:00 AM,01:20:00,Hot-Wet,2009-01-03 01:20:00,1
15.2884196,-18.98886312,LA1,2009-01-03,01:40:00 AM,01:40:00,Hot-Wet,2009-01-03 01:40:00,1
15.28842977,-18.98885701,LA1,2009-01-03,02:00:00 AM,02:00:00,Hot-Wet,2009-01-03 02:00:00,1
15.28842773,-18.98884684,LA1,2009-01-03,02:20:00 AM,02:20:00,Hot-Wet,2009-01-03 02:20:00,1
15.28846232,-18.98882446,LA1,2009-01-03,02:40:00 AM,02:40:00,Hot-Wet,2009-01-03 02:40:00,1
15.28840027,-18.98886108,LA1,2009-01-03,03:00:00 AM,03:00:00,Hot-Wet,2009-01-03 03:00:00,1
15.28839823,-18.98883464,LA1,2009-01-03,03:20:00 AM,03:20:00,Hot-Wet,2009-01-03 03:20:00,1
15.28830363,-18.98907267,LA1,2009-01-03,03:40:00 AM,03:40:00,Hot-Wet,2009-01-03 03:40:00,1
15.28154704,-18.99409587,LA1,2009-01-03,04:00:00 AM,04:00:00,Hot-Wet,2009-01-03 04:00:00,1
15.27422994,-18.99318237,LA1,2009-01-03,04:20:00 AM,04:20:00,Hot-Wet,2009-01-03 04:20:00,1
15.27158813,-18.9945638,LA1,2009-01-03,04:40:00 AM,04:40:00,Hot-Wet,2009-01-03 04:40:00,1
15.26631978,-18.99164225,LA1,2009-01-03,05:00:00 AM,05:00:00,Hot-Wet,2009-01-03 05:00:00,1
15.26342875,-18.98908691,LA1,2009-01-03,05:20:00 AM,05:20:00,Hot-Wet,2009-01-03 05:20:00,1
15.26057536,-18.98759359,LA1,2009-01-03,05:40:00 AM,05:40:00,Hot-Wet,2009-01-03 05:40:00,1
15.25958455,-18.98787842,LA1,2009-01-03,06:00:00 AM,06:00:00,Hot-Wet,2009-01-03 06:00:00,1
15.2598877,-18.98722738,LA1,2009-01-03,06:20:00 AM,06:20:00,Hot-Wet,2009-01-03 06:20:00,1
15.26040141,-18.98863932,LA1,2009-01-03,06:40:00 AM,06:40:00,Hot-Wet,2009-01-03 06:40:00,1
15.26159159,-18.98846232,LA1,2009-01-03,07:00:00 AM,07:00:00,Hot-Wet,2009-01-03 07:00:00,1
15.2643809,-18.98722534,LA1,2009-01-03,07:20:00 AM,07:20:00,Hot-Wet,2009-01-03 07:20:00,1
15.26454569,-18.98729858,LA1,2009-01-03,07:40:00 AM,07:40:00,Hot-Wet,2009-01-03 07:40:00,1
15.26335449,-18.98626709,LA1,2009-01-03,08:00:00 AM,08:00:00,Hot-Wet,2009-01-03 08:00:00,1
15.26063843,-18.98600871,LA1,2009-01-03,08:20:00 AM,08:20:00,Hot-Wet,2009-01-03 08:20:00,1
15.25998942,-18.98793945,LA1,2009-01-03,08:40:00 AM,08:40:00,Hot-Wet,2009-01-03 08:40:00,1
15.25961812,-18.98529256,LA1,2009-01-03,09:00:00 AM,09:00:00,Hot-Wet,2009-01-03 09:00:00,1
15.2593516,-18.98507894,LA1,2009-01-03,09:20:00 AM,09:20:00,Hot-Wet,2009-01-03 09:20:00,1
15.25907084,-18.98522339,LA1,2009-01-03,09:40:00 AM,09:40:00,Hot-Wet,2009-01-03 09:40:00,1
15.2584554,-18.98732096,LA1,2009-01-03,10:00:00 AM,10:00:00,Hot-Wet,2009-01-03 10:00:00,1
15.25859578,-18.98851725,LA1,2009-01-03,10:20:00 AM,10:20:00,Hot-Wet,2009-01-03 10:20:00,1
15.26021525,-18.98295898,LA1,2009-01-03,10:40:00 AM,10:40:00,Hot-Wet,2009-01-03 10:40:00,1
15.25926208,-18.98071899,LA1,2009-01-03,11:00:00 AM,11:00:00,Hot-Wet,2009-01-03 11:00:00,1
15.25920105,-18.97857666,LA1,2009-01-03,11:20:00 AM,11:20:00,Hot-Wet,2009-01-03 11:20:00,1
15.25637004,-18.97833049,LA1,2009-01-03,11:40:00 AM,11:40:00,Hot-Wet,2009-01-03 11:40:00,1
15.25829366,-18.97729899,LA1,2009-01-03,12:00:00 PM,12:00:00,Hot-Wet,2009-01-03 12:00:00,1
15.25835673,-18.97735799,LA1,2009-01-03,12:20:00 PM,12:20:00,Hot-Wet,2009-01-03 12:20:00,1
15.25834554,-18.97735596,LA1,2009-01-03,12:40:00 PM,12:40:00,Hot-Wet,2009-01-03 12:40:00,1
15.25759684,-18.97752075,LA1,2009-01-03,01:00:00 PM,13:00:00,Hot-Wet,2009-01-03 13:00:00,1
15.25725708,-18.97749023,LA1,2009-01-03,01:20:00 PM,13:20:00,Hot-Wet,2009-01-03 13:20:00,1
15.25682576,-18.97747396,LA1,2009-01-03,01:40:00 PM,13:40:00,Hot-Wet,2009-01-03 13:40:00,1
15.2566925,-18.97763875,LA1,2009-01-03,02:00:00 PM,14:00:00,Hot-Wet,2009-01-03 14:00:00,1
15.25810445,-18.97665812,LA1,2009-01-03,02:20:00 PM,14:20:00,Hot-Wet,2009-01-03 14:20:00,1
15.2603536,-18.9774882,LA1,2009-01-03,02:40:00 PM,14:40:00,Hot-Wet,2009-01-03 14:40:00,1
15.2609019,-18.97731934,LA1,2009-01-03,03:00:00 PM,15:00:00,Hot-Wet,2009-01-03 15:00:00,1
15.26091003,-18.9773763,LA1,2009-01-03,03:20:00 PM,15:20:00,Hot-Wet,2009-01-03 15:20:00,1
15.26116028,-18.97728678,LA1,2009-01-03,03:40:00 PM,15:40:00,Hot-Wet,2009-01-03 15:40:00,1
15.26074931,-18.97435506,LA1,2009-01-03,04:00:00 PM,16:00:00,Hot-Wet,2009-01-03 16:00:00,1
15.25819092,-18.97747599,LA1,2009-01-03,04:20:00 PM,16:20:00,Hot-Wet,2009-01-03 16:20:00,1
15.25681051,-18.978007,LA1,2009-01-03,04:40:00 PM,16:40:00,Hot-Wet,2009-01-03 16:40:00,1
15.2566803,-18.97805379,LA1,2009-01-03,05:00:00 PM,17:00:00,Hot-Wet,2009-01-03 17:00:00,1
15.25713806,-18.97812093,LA1,2009-01-03,05:20:00 PM,17:20:00,Hot-Wet,2009-01-03 17:20:00,1
15.25030823,-18.9791158,LA1,2009-01-03,05:40:00 PM,17:40:00,Hot-Wet,2009-01-03 17:40:00,1
15.25195313,-18.98439331,LA1,2009-01-03,06:00:00 PM,18:00:00,Hot-Wet,2009-01-03 18:00:00,1
15.25378621,-18.98677572,LA1,2009-01-03,06:20:00 PM,18:20:00,Hot-Wet,2009-01-03 18:20:00,1
15.25597636,-18.98783162,LA1,2009-01-03,06:40:00 PM,18:40:00,Hot-Wet,2009-01-03 18:40:00,1
15.2582723,-18.98717448,LA1,2009-01-03,07:00:00 PM,19:00:00,Hot-Wet,2009-01-03 19:00:00,1
15.25880941,-18.99019368,LA1,2009-01-03,07:20:00 PM,19:20:00,Hot-Wet,2009-01-03 19:20:00,1
15.25882467,-18.9907369,LA1,2009-01-03,07:40:00 PM,19:40:00,Hot-Wet,2009-01-03 19:40:00,1
15.25951436,-18.99098714,LA1,2009-01-03,08:00:00 PM,20:00:00,Hot-Wet,2009-01-03 20:00:00,1
15.26090495,-18.99317424,LA1,2009-01-03,08:20:00 PM,20:20:00,Hot-Wet,2009-01-03 20:20:00,1
15.26272481,-18.99600423,LA1,2009-01-03,08:40:00 PM,20:40:00,Hot-Wet,2009-01-03 20:40:00,1
15.26335449,-18.99737142,LA1,2009-01-03,09:00:00 PM,21:00:00,Hot-Wet,2009-01-03 21:00:00,1
15.26456604,-18.99753418,LA1,2009-01-03,09:20:00 PM,21:20:00,Hot-Wet,2009-01-03 21:20:00,1
15.26600952,-18.99641927,LA1,2009-01-03,09:40:00 PM,21:40:00,Hot-Wet,2009-01-03 21:40:00,1
15.26734212,-18.99611206,LA1,2009-01-03,10:00:00 PM,22:00:00,Hot-Wet,2009-01-03 22:00:00,1
15.26909688,-18.9939738,LA1,2009-01-03,10:20:00 PM,22:20:00,Hot-Wet,2009-01-03 22:20:00,1
15.26902059,-18.99303182,LA1,2009-01-03,10:40:00 PM,22:40:00,Hot-Wet,2009-01-03 22:40:00,1
15.26909688,-18.99222209,LA1,2009-01-03,11:00:00 PM,23:00:00,Hot-Wet,2009-01-03 23:00:00,1
15.26908875,-18.99222412,LA1,2009-01-03,11:20:00 PM,23:20:00,Hot-Wet,2009-01-03 23:20:00,1
15.26908875,-18.99220378,LA1,2009-01-03,11:40:00 PM,23:40:00,Hot-Wet,2009-01-03 23:40:00,1
15.26906331,-18.99219564,LA1,2009-01-04,12:00:00 AM,00:00:00,Hot-Wet,2009-01-04 00:00:00,1
15.26908671,-18.99219767,LA1,2009-01-04,12:20:00 AM,00:20:00,Hot-Wet,2009-01-04 00:20:00,1
15.26908061,-18.9921936,LA1,2009-01-04,12:40:00 AM,00:40:00,Hot-Wet,2009-01-04 00:40:00,1
15.26904602,-18.99219564,LA1,2009-01-04,01:00:00 AM,01:00:00,Hot-Wet,2009-01-04 01:00:00,1
15.26906128,-18.99219767,LA1,2009-01-04,01:20:00 AM,01:20:00,Hot-Wet,2009-01-04 01:20:00,1
15.26905009,-18.99219157,LA1,2009-01-04,01:40:00 AM,01:40:00,Hot-Wet,2009-01-04 01:40:00,1
15.26906942,-18.99220581,LA1,2009-01-04,02:00:00 AM,02:00:00,Hot-Wet,2009-01-04 02:00:00,1
15.26907959,-18.99221191,LA1,2009-01-04,02:20:00 AM,02:20:00,Hot-Wet,2009-01-04 02:20:00,1
15.26908875,-18.99221191,LA1,2009-01-04,02:40:00 AM,02:40:00,Hot-Wet,2009-01-04 02:40:00,1
15.26905518,-18.99221395,LA1,2009-01-04,03:00:00 AM,03:00:00,Hot-Wet,2009-01-04 03:00:00,1
15.26903992,-18.99225464,LA1,2009-01-04,03:20:00 AM,03:20:00,Hot-Wet,2009-01-04 03:20:00,1
15.26863912,-18.99211222,LA1,2009-01-04,03:40:00 AM,03:40:00,Hot-Wet,2009-01-04 03:40:00,1
15.26864217,-18.99149373,LA1,2009-01-04,04:00:00 AM,04:00:00,Hot-Wet,2009-01-04 04:00:00,1
15.26889648,-18.98978475,LA1,2009-01-04,04:20:00 AM,04:20:00,Hot-Wet,2009-01-04 04:20:00,1
15.26653951,-18.9862203,LA1,2009-01-04,04:40:00 AM,04:40:00,Hot-Wet,2009-01-04 04:40:00,1
15.26232096,-18.9826884,LA1,2009-01-04,05:00:00 AM,05:00:00,Hot-Wet,2009-01-04 05:00:00,1
15.26070964,-18.9803772,LA1,2009-01-04,05:20:00 AM,05:20:00,Hot-Wet,2009-01-04 05:20:00,1
15.2611613,-18.97942098,LA1,2009-01-04,05:40:00 AM,05:40:00,Hot-Wet,2009-01-04 05:40:00,1
15.26121623,-18.97930908,LA1,2009-01-04,06:00:00 AM,06:00:00,Hot-Wet,2009-01-04 06:00:00,1
15.26140238,-18.97937215,LA1,2009-01-04,06:20:00 AM,06:20:00,Hot-Wet,2009-01-04 06:20:00,1
15.26297506,-18.97883504,LA1,2009-01-04,06:40:00 AM,06:40:00,Hot-Wet,2009-01-04 06:40:00,1
15.26335246,-18.9790446,LA1,2009-01-04,07:00:00 AM,07:00:00,Hot-Wet,2009-01-04 07:00:00,1
15.26429443,-18.9799703,LA1,2009-01-04,07:20:00 AM,07:20:00,Hot-Wet,2009-01-04 07:20:00,1
15.26428935,-18.97891235,LA1,2009-01-04,07:40:00 AM,07:40:00,Hot-Wet,2009-01-04 07:40:00,1
15.26424459,-18.97877808,LA1,2009-01-04,08:00:00 AM,08:00:00,Hot-Wet,2009-01-04 08:00:00,1
15.26420898,-18.97873942,LA1,2009-01-04,08:20:00 AM,08:20:00,Hot-Wet,2009-01-04 08:20:00,1
15.26421204,-18.97874756,LA1,2009-01-04,08:40:00 AM,08:40:00,Hot-Wet,2009-01-04 08:40:00,1
15.25974121,-18.97794189,LA1,2009-01-04,09:00:00 AM,09:00:00,Hot-Wet,2009-01-04 09:00:00,1
15.25689392,-18.97786662,LA1,2009-01-04,09:20:00 AM,09:20:00,Hot-Wet,2009-01-04 09:20:00,1
15.25676575,-18.97740885,LA1,2009-01-04,09:40:00 AM,09:40:00,Hot-Wet,2009-01-04 09:40:00,1
15.25694885,-18.97729492,LA1,2009-01-04,10:00:00 AM,10:00:00,Hot-Wet,2009-01-04 10:00:00,1
15.25635376,-18.98006185,LA1,2009-01-04,10:20:00 AM,10:20:00,Hot-Wet,2009-01-04 10:20:00,1
15.25726318,-18.98161214,LA1,2009-01-04,10:40:00 AM,10:40:00,Hot-Wet,2009-01-04 10:40:00,1
15.25803935,-18.98486735,LA1,2009-01-04,11:00:00 AM,11:00:00,Hot-Wet,2009-01-04 11:00:00,1
15.259611,-18.98789673,LA1,2009-01-04,11:20:00 AM,11:20:00,Hot-Wet,2009-01-04 11:20:00,1
15.25966593,-18.98786418,LA1,2009-01-04,11:40:00 AM,11:40:00,Hot-Wet,2009-01-04 11:40:00,1
15.25967306,-18.98786011,LA1,2009-01-04,12:00:00 PM,12:00:00,Hot-Wet,2009-01-04 12:00:00,1
15.26035563,-18.98844808,LA1,2009-01-04,12:20:00 PM,12:20:00,Hot-Wet,2009-01-04 12:20:00,1
15.26058553,-18.98888143,LA1,2009-01-04,12:40:00 PM,12:40:00,Hot-Wet,2009-01-04 12:40:00,1
15.26064453,-18.98897705,LA1,2009-01-04,01:00:00 PM,13:00:00,Hot-Wet,2009-01-04 13:00:00,1
15.26067708,-18.98337199,LA1,2009-01-04,01:20:00 PM,13:20:00,Hot-Wet,2009-01-04 13:20:00,1
15.26066386,-18.98339437,LA1,2009-01-04,01:40:00 PM,13:40:00,Hot-Wet,2009-01-04 13:40:00,1
15.2606191,-18.98287964,LA1,2009-01-04,02:00:00 PM,14:00:00,Hot-Wet,2009-01-04 14:00:00,1
15.25834045,-18.98361613,LA1,2009-01-04,02:20:00 PM,14:20:00,Hot-Wet,2009-01-04 14:20:00,1
15.25840861,-18.98355509,LA1,2009-01-04,02:40:00 PM,14:40:00,Hot-Wet,2009-01-04 14:40:00,1
15.2649943,-18.98856812,LA1,2009-01-04,03:00:00 PM,15:00:00,Hot-Wet,2009-01-04 15:00:00,1
15.27075806,-18.9878418,LA1,2009-01-04,03:20:00 PM,15:20:00,Hot-Wet,2009-01-04 15:20:00,1
15.27144267,-18.98767293,LA1,2009-01-04,03:40:00 PM,15:40:00,Hot-Wet,2009-01-04 15:40:00,1
15.26905314,-18.98868001,LA1,2009-01-04,04:00:00 PM,16:00:00,Hot-Wet,2009-01-04 16:00:00,1
15.26320394,-18.99020182,LA1,2009-01-04,04:20:00 PM,16:20:00,Hot-Wet,2009-01-04 16:20:00,1
15.26178487,-18.9913737,LA1,2009-01-04,04:40:00 PM,16:40:00,Hot-Wet,2009-01-04 16:40:00,1
15.26042582,-18.99164429,LA1,2009-01-04,05:00:00 PM,17:00:00,Hot-Wet,2009-01-04 17:00:00,1
15.26011047,-18.98473307,LA1,2009-01-04,05:20:00 PM,17:20:00,Hot-Wet,2009-01-04 17:20:00,1
15.2601064,-18.98476766,LA1,2009-01-04,05:40:00 PM,17:40:00,Hot-Wet,2009-01-04 17:40:00,1
15.26060588,-18.9825765,LA1,2009-01-04,06:00:00 PM,18:00:00,Hot-Wet,2009-01-04 18:00:00,1
15.26265869,-18.98127238,LA1,2009-01-04,06:20:00 PM,18:20:00,Hot-Wet,2009-01-04 18:20:00,1
15.26742452,-18.98015951,LA1,2009-01-04,06:40:00 PM,18:40:00,Hot-Wet,2009-01-04 18:40:00,1
15.26887817,-18.98167928,LA1,2009-01-04,07:00:00 PM,19:00:00,Hot-Wet,2009-01-04 19:00:00,1
15.26984558,-18.9845459,LA1,2009-01-04,07:20:00 PM,19:20:00,Hot-Wet,2009-01-04 19:20:00,1
15.2706665,-18.98603719,LA1,2009-01-04,07:40:00 PM,19:40:00,Hot-Wet,2009-01-04 19:40:00,1
15.27114665,-18.98677165,LA1,2009-01-04,08:00:00 PM,20:00:00,Hot-Wet,2009-01-04 20:00:00,1
15.27117818,-18.98672892,LA1,2009-01-04,08:20:00 PM,20:20:00,Hot-Wet,2009-01-04 20:20:00,1
15.27167664,-18.98803507,LA1,2009-01-04,08:40:00 PM,20:40:00,Hot-Wet,2009-01-04 20:40:00,1
15.27134501,-18.98860881,LA1,2009-01-04,09:00:00 PM,21:00:00,Hot-Wet,2009-01-04 21:00:00,1
15.27135111,-18.98861287,LA1,2009-01-04,09:20:00 PM,21:20:00,Hot-Wet,2009-01-04 21:20:00,1
15.27441406,-18.9868103,LA1,2009-01-04,09:40:00 PM,21:40:00,Hot-Wet,2009-01-04 21:40:00,1
15.27802124,-18.98344727,LA1,2009-01-04,10:00:00 PM,22:00:00,Hot-Wet,2009-01-04 22:00:00,1
15.27813416,-18.98278402,LA1,2009-01-04,10:20:00 PM,22:20:00,Hot-Wet,2009-01-04 22:20:00,1
15.28383789,-18.9802124,LA1,2009-01-04,10:40:00 PM,22:40:00,Hot-Wet,2009-01-04 22:40:00,1
15.28240458,-18.97891846,LA1,2009-01-04,11:00:00 PM,23:00:00,Hot-Wet,2009-01-04 23:00:00,1
15.28197428,-18.97900594,LA1,2009-01-04,11:20:00 PM,23:20:00,Hot-Wet,2009-01-04 23:20:00,1
15.28180339,-18.97775472,LA1,2009-01-04,11:40:00 PM,23:40:00,Hot-Wet,2009-01-04 23:40:00,1
15.28181763,-18.97774862,LA1,2009-01-05,12:00:00 AM,00:00:00,Hot-Wet,2009-01-05 00:00:00,1
15.28182475,-18.97778117,LA1,2009-01-05,12:20:00 AM,00:20:00,Hot-Wet,2009-01-05 00:20:00,1
15.28182373,-18.9777832,LA1,2009-01-05,12:40:00 AM,00:40:00,Hot-Wet,2009-01-05 00:40:00,1
15.28182475,-18.97777507,LA1,2009-01-05,01:00:00 AM,01:00:00,Hot-Wet,2009-01-05 01:00:00,1
15.28181966,-18.97775472,LA1,2009-01-05,01:20:00 AM,01:20:00,Hot-Wet,2009-01-05 01:20:00,1
15.28182271,-18.977771,LA1,2009-01-05,01:40:00 AM,01:40:00,Hot-Wet,2009-01-05 01:40:00,1
15.28182068,-18.97774251,LA1,2009-01-05,02:00:00 AM,02:00:00,Hot-Wet,2009-01-05 02:00:00,1
15.28181966,-18.97774658,LA1,2009-01-05,02:20:00 AM,02:20:00,Hot-Wet,2009-01-05 02:20:00,1
15.28182475,-18.97770793,LA1,2009-01-05,02:40:00 AM,02:40:00,Hot-Wet,2009-01-05 02:40:00,1
15.28181966,-18.97772217,LA1,2009-01-05,03:00:00 AM,03:00:00,Hot-Wet,2009-01-05 03:00:00,1
15.28179728,-18.97775879,LA1,2009-01-05,03:20:00 AM,03:20:00,Hot-Wet,2009-01-05 03:20:00,1
15.28003438,-18.9774821,LA1,2009-01-05,03:40:00 AM,03:40:00,Hot-Wet,2009-01-05 03:40:00,1
15.27879537,-18.97671712,LA1,2009-01-05,04:00:00 AM,04:00:00,Hot-Wet,2009-01-05 04:00:00,1
15.27880656,-18.97670288,LA1,2009-01-05,04:20:00 AM,04:20:00,Hot-Wet,2009-01-05 04:20:00,1
15.27883301,-18.97624512,LA1,2009-01-05,04:40:00 AM,04:40:00,Hot-Wet,2009-01-05 04:40:00,1
15.27952474,-18.97473145,LA1,2009-01-05,05:00:00 AM,05:00:00,Hot-Wet,2009-01-05 05:00:00,1
15.27998149,-18.97468058,LA1,2009-01-05,05:20:00 AM,05:20:00,Hot-Wet,2009-01-05 05:20:00,1
15.28131714,-18.97753499,LA1,2009-01-05,05:40:00 AM,05:40:00,Hot-Wet,2009-01-05 05:40:00,1
15.28132222,-18.97753703,LA1,2009-01-05,06:00:00 AM,06:00:00,Hot-Wet,2009-01-05 06:00:00,1
15.28187256,-18.9789917,LA1,2009-01-05,06:20:00 AM,06:20:00,Hot-Wet,2009-01-05 06:20:00,1
15.28198954,-18.97906087,LA1,2009-01-05,06:40:00 AM,06:40:00,Hot-Wet,2009-01-05 06:40:00,1
15.28384806,-18.97899577,LA1,2009-01-05,07:00:00 AM,07:00:00,Hot-Wet,2009-01-05 07:00:00,1
15.28302307,-18.97502238,LA1,2009-01-05,07:20:00 AM,07:20:00,Hot-Wet,2009-01-05 07:20:00,1
15.28217875,-18.97504272,LA1,2009-01-05,07:40:00 AM,07:40:00,Hot-Wet,2009-01-05 07:40:00,1
15.28159281,-18.97532959,LA1,2009-01-05,08:00:00 AM,08:00:00,Hot-Wet,2009-01-05 08:00:00,1
15.28096924,-18.97664388,LA1,2009-01-05,08:20:00 AM,08:20:00,Hot-Wet,2009-01-05 08:20:00,1
15.28092346,-18.97894491,LA1,2009-01-05,08:40:00 AM,08:40:00,Hot-Wet,2009-01-05 08:40:00,1
15.27747701,-18.97904053,LA1,2009-01-05,09:00:00 AM,09:00:00,Hot-Wet,2009-01-05 09:00:00,1
15.26956482,-18.9778422,LA1,2009-01-05,09:20:00 AM,09:20:00,Hot-Wet,2009-01-05 09:20:00,1
15.26235555,-18.97802734,LA1,2009-01-05,09:40:00 AM,09:40:00,Hot-Wet,2009-01-05 09:40:00,1
15.25708822,-18.97790527,LA1,2009-01-05,10:00:00 AM,10:00:00,Hot-Wet,2009-01-05 10:00:00,1
15.25686747,-18.97784831,LA1,2009-01-05,10:20:00 AM,10:20:00,Hot-Wet,2009-01-05 10:20:00,1
15.25688985,-18.9778422,LA1,2009-01-05,10:40:00 AM,10:40:00,Hot-Wet,2009-01-05 10:40:00,1
15.25695089,-18.98033854,LA1,2009-01-05,11:00:00 AM,11:00:00,Hot-Wet,2009-01-05 11:00:00,1
15.25959473,-18.98789063,LA1,2009-01-05,11:20:00 AM,11:20:00,Hot-Wet,2009-01-05 11:20:00,1
15.25960693,-18.98789469,LA1,2009-01-05,11:40:00 AM,11:40:00,Hot-Wet,2009-01-05 11:40:00,1
15.26039836,-18.98845825,LA1,2009-01-05,12:00:00 PM,12:00:00,Hot-Wet,2009-01-05 12:00:00,1
15.26064046,-18.98905843,LA1,2009-01-05,12:20:00 PM,12:20:00,Hot-Wet,2009-01-05 12:20:00,1
15.26097717,-18.99092407,LA1,2009-01-05,12:40:00 PM,12:40:00,Hot-Wet,2009-01-05 12:40:00,1
15.26019185,-18.99182739,LA1,2009-01-05,01:00:00 PM,13:00:00,Hot-Wet,2009-01-05 13:00:00,1
15.26021932,-18.99180705,LA1,2009-01-05,01:20:00 PM,13:20:00,Hot-Wet,2009-01-05 13:20:00,1
15.26305745,-18.99341227,LA1,2009-01-05,01:40:00 PM,13:40:00,Hot-Wet,2009-01-05 13:40:00,1
15.26631368,-18.98978475,LA1,2009-01-05,02:00:00 PM,14:00:00,Hot-Wet,2009-01-05 14:00:00,1
15.26726176,-18.99044393,LA1,2009-01-05,02:20:00 PM,14:20:00,Hot-Wet,2009-01-05 14:20:00,1
15.26558838,-18.99064128,LA1,2009-01-05,02:40:00 PM,14:40:00,Hot-Wet,2009-01-05 14:40:00,1
15.2617808,-18.99141642,LA1,2009-01-05,03:00:00 PM,15:00:00,Hot-Wet,2009-01-05 15:00:00,1
15.26179403,-18.99141235,LA1,2009-01-05,03:20:00 PM,15:20:00,Hot-Wet,2009-01-05 15:20:00,1
15.26311442,-18.99178263,LA1,2009-01-05,03:40:00 PM,15:40:00,Hot-Wet,2009-01-05 15:40:00,1
15.26519165,-18.99303385,LA1,2009-01-05,04:00:00 PM,16:00:00,Hot-Wet,2009-01-05 16:00:00,1
15.26853027,-18.99348348,LA1,2009-01-05,04:20:00 PM,16:20:00,Hot-Wet,2009-01-05 16:20:00,1
15.27010091,-18.99242554,LA1,2009-01-05,04:40:00 PM,16:40:00,Hot-Wet,2009-01-05 16:40:00,1
15.26920573,-18.99137777,LA1,2009-01-05,05:00:00 PM,17:00:00,Hot-Wet,2009-01-05 17:00:00,1
15.26882629,-18.990448,LA1,2009-01-05,05:20:00 PM,17:20:00,Hot-Wet,2009-01-05 17:20:00,1
15.26882731,-18.99049072,LA1,2009-01-05,05:40:00 PM,17:40:00,Hot-Wet,2009-01-05 17:40:00,1
15.26225993,-18.98015951,LA1,2009-01-05,06:00:00 PM,18:00:00,Hot-Wet,2009-01-05 18:00:00,1
15.26102498,-18.98082682,LA1,2009-01-05,06:20:00 PM,18:20:00,Hot-Wet,2009-01-05 18:20:00,1
15.25825806,-18.9857605,LA1,2009-01-05,06:40:00 PM,18:40:00,Hot-Wet,2009-01-05 18:40:00,1
15.25745646,-18.98638509,LA1,2009-01-05,07:00:00 PM,19:00:00,Hot-Wet,2009-01-05 19:00:00,1
15.25743815,-18.98647257,LA1,2009-01-05,07:20:00 PM,19:20:00,Hot-Wet,2009-01-05 19:20:00,1
15.25744324,-18.98647461,LA1,2009-01-05,07:40:00 PM,19:40:00,Hot-Wet,2009-01-05 19:40:00,1
15.25595194,-18.98723551,LA1,2009-01-05,08:00:00 PM,20:00:00,Hot-Wet,2009-01-05 20:00:00,1
15.25166219,-18.98429769,LA1,2009-01-05,08:20:00 PM,20:20:00,Hot-Wet,2009-01-05 20:20:00,1
15.24616394,-18.9818217,LA1,2009-01-05,08:40:00 PM,20:40:00,Hot-Wet,2009-01-05 20:40:00,1
15.24616089,-18.98181356,LA1,2009-01-05,09:00:00 PM,21:00:00,Hot-Wet,2009-01-05 21:00:00,1
15.24728699,-18.98311971,LA1,2009-01-05,09:20:00 PM,21:20:00,Hot-Wet,2009-01-05 21:20:00,1
15.24779663,-18.98881836,LA1,2009-01-05,09:40:00 PM,21:40:00,Hot-Wet,2009-01-05 21:40:00,1
15.2478007,-18.98900757,LA1,2009-01-05,10:00:00 PM,22:00:00,Hot-Wet,2009-01-05 22:00:00,1
15.24779256,-18.9890035,LA1,2009-01-05,10:20:00 PM,22:20:00,Hot-Wet,2009-01-05 22:20:00,1
15.24837341,-18.99141846,LA1,2009-01-05,10:40:00 PM,22:40:00,Hot-Wet,2009-01-05 22:40:00,1
15.24965312,-18.99354248,LA1,2009-01-05,11:00:00 PM,23:00:00,Hot-Wet,2009-01-05 23:00:00,1
15.24924622,-19.00163371,LA1,2009-01-05,11:20:00 PM,23:20:00,Hot-Wet,2009-01-05 23:20:00,1
15.24794108,-19.00413411,LA1,2009-01-05,11:40:00 PM,23:40:00,Hot-Wet,2009-01-05 23:40:00,1
15.24793905,-19.00413818,LA1,2009-01-06,12:00:00 AM,00:00:00,Hot-Wet,2009-01-06 00:00:00,1
15.24640605,-19.01361491,LA1,2009-01-06,12:20:00 AM,00:20:00,Hot-Wet,2009-01-06 00:20:00,1
15.2463562,-19.01351929,LA1,2009-01-06,12:40:00 AM,00:40:00,Hot-Wet,2009-01-06 00:40:00,1
15.24688517,-19.01807454,LA1,2009-01-06,01:00:00 AM,01:00:00,Hot-Wet,2009-01-06 01:00:00,1
15.24818522,-19.0215271,LA1,2009-01-06,01:20:00 AM,01:20:00,Hot-Wet,2009-01-06 01:20:00,1
15.24818319,-19.02152913,LA1,2009-01-06,01:40:00 AM,01:40:00,Hot-Wet,2009-01-06 01:40:00,1
15.24995117,-19.02515869,LA1,2009-01-06,02:00:00 AM,02:00:00,Hot-Wet,2009-01-06 02:00:00,1
15.25494995,-19.02817586,LA1,2009-01-06,02:20:00 AM,02:20:00,Hot-Wet,2009-01-06 02:20:00,1
15.26101685,-19.02767131,LA1,2009-01-06,02:40:00 AM,02:40:00,Hot-Wet,2009-01-06 02:40:00,1
15.2647939,-19.03128459,LA1,2009-01-06,03:00:00 AM,03:00:00,Hot-Wet,2009-01-06 03:00:00,1
15.25939636,-19.03756714,LA1,2009-01-06,03:20:00 AM,03:20:00,Hot-Wet,2009-01-06 03:20:00,1
15.25794373,-19.03803914,LA1,2009-01-06,03:40:00 AM,03:40:00,Hot-Wet,2009-01-06 03:40:00,1
15.25794169,-19.03803507,LA1,2009-01-06,04:00:00 AM,04:00:00,Hot-Wet,2009-01-06 04:00:00,1
15.2548645,-19.04225667,LA1,2009-01-06,04:20:00 AM,04:20:00,Hot-Wet,2009-01-06 04:20:00,1
15.24396973,-19.04335531,LA1,2009-01-06,04:40:00 AM,04:40:00,Hot-Wet,2009-01-06 04:40:00,1
15.2295105,-19.04700114,LA1,2009-01-06,05:00:00 AM,05:00:00,Hot-Wet,2009-01-06 05:00:00,1
15.22256571,-19.05996094,LA1,2009-01-06,05:20:00 AM,05:20:00,Hot-Wet,2009-01-06 05:20:00,1
15.21730245,-19.06531982,LA1,2009-01-06,05:40:00 AM,05:40:00,Hot-Wet,2009-01-06 05:40:00,1
15.21627604,-19.07017008,LA1,2009-01-06,06:00:00 AM,06:00:00,Hot-Wet,2009-01-06 06:00:00,1
15.21463826,-19.07541707,LA1,2009-01-06,06:20:00 AM,06:20:00,Hot-Wet,2009-01-06 06:20:00,1
15.20984497,-19.08291829,LA1,2009-01-06,06:40:00 AM,06:40:00,Hot-Wet,2009-01-06 06:40:00,1
15.20283203,-19.08447876,LA1,2009-01-06,07:00:00 AM,07:00:00,Hot-Wet,2009-01-06 07:00:00,1
15.20078837,-19.0918457,LA1,2009-01-06,07:20:00 AM,07:20:00,Hot-Wet,2009-01-06 07:20:00,1
15.20064596,-19.09560547,LA1,2009-01-06,07:40:00 AM,07:40:00,Hot-Wet,2009-01-06 07:40:00,1
15.20061442,-19.09558105,LA1,2009-01-06,08:00:00 AM,08:00:00,Hot-Wet,2009-01-06 08:00:00,1
15.20532227,-19.09629313,LA1,2009-01-06,08:20:00 AM,08:20:00,Hot-Wet,2009-01-06 08:20:00,1
15.2053243,-19.09631144,LA1,2009-01-06,08:40:00 AM,08:40:00,Hot-Wet,2009-01-06 08:40:00,1
15.20532532,-19.09630737,LA1,2009-01-06,09:00:00 AM,09:00:00,Hot-Wet,2009-01-06 09:00:00,1
15.20737203,-19.09403483,LA1,2009-01-06,09:20:00 AM,09:20:00,Hot-Wet,2009-01-06 09:20:00,1
15.2056193,-19.09376424,LA1,2009-01-06,09:40:00 AM,09:40:00,Hot-Wet,2009-01-06 09:40:00,1
15.20534871,-19.09353231,LA1,2009-01-06,10:00:00 AM,10:00:00,Hot-Wet,2009-01-06 10:00:00,1
15.20535075,-19.09353231,LA1,2009-01-06,10:20:00 AM,10:20:00,Hot-Wet,2009-01-06 10:20:00,1
15.20695292,-19.09317627,LA1,2009-01-06,10:40:00 AM,10:40:00,Hot-Wet,2009-01-06 10:40:00,1
15.21299947,-19.09425863,LA1,2009-01-06,11:00:00 AM,11:00:00,Hot-Wet,2009-01-06 11:00:00,1
15.21635946,-19.08627116,LA1,2009-01-06,11:20:00 AM,11:20:00,Hot-Wet,2009-01-06 11:20:00,1
15.21636047,-19.08626506,LA1,2009-01-06,11:40:00 AM,11:40:00,Hot-Wet,2009-01-06 11:40:00,1
15.21635437,-19.08626302,LA1,2009-01-06,12:00:00 PM,12:00:00,Hot-Wet,2009-01-06 12:00:00,1
15.21598104,-19.08734334,LA1,2009-01-06,12:20:00 PM,12:20:00,Hot-Wet,2009-01-06 12:20:00,1
15.21599223,-19.08735555,LA1,2009-01-06,12:40:00 PM,12:40:00,Hot-Wet,2009-01-06 12:40:00,1
15.21807861,-19.08975627,LA1,2009-01-06,01:00:00 PM,13:00:00,Hot-Wet,2009-01-06 13:00:00,1
15.21806742,-19.08971761,LA1,2009-01-06,01:20:00 PM,13:20:00,Hot-Wet,2009-01-06 13:20:00,1
15.21745605,-19.08978475,LA1,2009-01-06,01:40:00 PM,13:40:00,Hot-Wet,2009-01-06 13:40:00,1
15.21740417,-19.08989868,LA1,2009-01-06,02:00:00 PM,14:00:00,Hot-Wet,2009-01-06 14:00:00,1
15.21741028,-19.08990072,LA1,2009-01-06,02:20:00 PM,14:20:00,Hot-Wet,2009-01-06 14:20:00,1
15.21862488,-19.08858643,LA1,2009-01-06,02:40:00 PM,14:40:00,Hot-Wet,2009-01-06 14:40:00,1
15.21979268,-19.0867391,LA1,2009-01-06,03:00:00 PM,15:00:00,Hot-Wet,2009-01-06 15:00:00,1
15.22039083,-19.08528035,LA1,2009-01-06,03:20:00 PM,15:20:00,Hot-Wet,2009-01-06 15:20:00,1
15.22038574,-19.08528442,LA1,2009-01-06,03:40:00 PM,15:40:00,Hot-Wet,2009-01-06 15:40:00,1
15.22038981,-19.08529256,LA1,2009-01-06,04:00:00 PM,16:00:00,Hot-Wet,2009-01-06 16:00:00,1
15.22072347,-19.08172811,LA1,2009-01-06,04:20:00 PM,16:20:00,Hot-Wet,2009-01-06 16:20:00,1
15.22154439,-19.08056844,LA1,2009-01-06,04:40:00 PM,16:40:00,Hot-Wet,2009-01-06 16:40:00,1
15.22032064,-19.07689209,LA1,2009-01-06,05:00:00 PM,17:00:00,Hot-Wet,2009-01-06 17:00:00,1
15.22020976,-19.07349447,LA1,2009-01-06,05:20:00 PM,17:20:00,Hot-Wet,2009-01-06 17:20:00,1
15.21859741,-19.06944173,LA1,2009-01-06,05:40:00 PM,17:40:00,Hot-Wet,2009-01-06 17:40:00,1
15.21711731,-19.06592814,LA1,2009-01-06,06:00:00 PM,18:00:00,Hot-Wet,2009-01-06 18:00:00,1
15.21506348,-19.05973511,LA1,2009-01-06,06:20:00 PM,18:20:00,Hot-Wet,2009-01-06 18:20:00,1
15.2114919,-19.05392863,LA1,2009-01-06,06:40:00 PM,18:40:00,Hot-Wet,2009-01-06 18:40:00,1
15.21148783,-19.05395508,LA1,2009-01-06,07:00:00 PM,19:00:00,Hot-Wet,2009-01-06 19:00:00,1
15.20968221,-19.04568888,LA1,2009-01-06,07:20:00 PM,19:20:00,Hot-Wet,2009-01-06 19:20:00,1
15.2096639,-19.04568888,LA1,2009-01-06,07:40:00 PM,19:40:00,Hot-Wet,2009-01-06 19:40:00,1
15.21237488,-19.04145101,LA1,2009-01-06,08:00:00 PM,20:00:00,Hot-Wet,2009-01-06 20:00:00,1
15.21421407,-19.0368693,LA1,2009-01-06,08:20:00 PM,20:20:00,Hot-Wet,2009-01-06 20:20:00,1
15.21434937,-19.03241374,LA1,2009-01-06,08:40:00 PM,20:40:00,Hot-Wet,2009-01-06 20:40:00,1
15.21602478,-19.02773844,LA1,2009-01-06,09:00:00 PM,21:00:00,Hot-Wet,2009-01-06 21:00:00,1
15.2202596,-19.02032471,LA1,2009-01-06,09:20:00 PM,21:20:00,Hot-Wet,2009-01-06 21:20:00,1
15.22894287,-19.0119283,LA1,2009-01-06,09:40:00 PM,21:40:00,Hot-Wet,2009-01-06 21:40:00,1
15.24071045,-19.00605672,LA1,2009-01-06,10:00:00 PM,22:00:00,Hot-Wet,2009-01-06 22:00:00,1
15.25186768,-18.99703369,LA1,2009-01-06,10:20:00 PM,22:20:00,Hot-Wet,2009-01-06 22:20:00,1
15.25953267,-18.98789876,LA1,2009-01-06,10:40:00 PM,22:40:00,Hot-Wet,2009-01-06 22:40:00,1
15.25953267,-18.98789266,LA1,2009-01-06,11:00:00 PM,23:00:00,Hot-Wet,2009-01-06 23:00:00,1
15.25601603,-18.98766479,LA1,2009-01-06,11:20:00 PM,23:20:00,Hot-Wet,2009-01-06 23:20:00,1
15.25455322,-18.98699341,LA1,2009-01-06,11:40:00 PM,23:40:00,Hot-Wet,2009-01-06 23:40:00,1
15.25397644,-18.9869222,LA1,2009-01-07,12:00:00 AM,00:00:00,Hot-Wet,2009-01-07 00:00:00,1
15.25387777,-18.98703613,LA1,2009-01-07,12:20:00 AM,00:20:00,Hot-Wet,2009-01-07 00:20:00,1
15.25338949,-18.98814697,LA1,2009-01-07,12:40:00 AM,00:40:00,Hot-Wet,2009-01-07 00:40:00,1
15.2533905,-18.98814901,LA1,2009-01-07,01:00:00 AM,01:00:00,Hot-Wet,2009-01-07 01:00:00,1
15.2549113,-18.99100138,LA1,2009-01-07,01:20:00 AM,01:20:00,Hot-Wet,2009-01-07 01:20:00,1
15.26114909,-18.99099121,LA1,2009-01-07,01:40:00 AM,01:40:00,Hot-Wet,2009-01-07 01:40:00,1
15.26707865,-18.990389,LA1,2009-01-07,02:00:00 AM,02:00:00,Hot-Wet,2009-01-07 02:00:00,1
15.2677653,-18.99001261,LA1,2009-01-07,02:20:00 AM,02:20:00,Hot-Wet,2009-01-07 02:20:00,1
15.26833903,-18.98988444,LA1,2009-01-07,02:40:00 AM,02:40:00,Hot-Wet,2009-01-07 02:40:00,1
15.27006632,-18.99012044,LA1,2009-01-07,03:00:00 AM,03:00:00,Hot-Wet,2009-01-07 03:00:00,1
15.27223511,-18.98838094,LA1,2009-01-07,03:20:00 AM,03:20:00,Hot-Wet,2009-01-07 03:20:00,1
15.27759196,-18.98329061,LA1,2009-01-07,03:40:00 AM,03:40:00,Hot-Wet,2009-01-07 03:40:00,1
15.27957865,-18.97952881,LA1,2009-01-07,04:00:00 AM,04:00:00,Hot-Wet,2009-01-07 04:00:00,1
15.28181559,-18.9777771,LA1,2009-01-07,04:20:00 AM,04:20:00,Hot-Wet,2009-01-07 04:20:00,1
15.28478394,-18.97491659,LA1,2009-01-07,04:40:00 AM,04:40:00,Hot-Wet,2009-01-07 04:40:00,1
15.28476969,-18.97491659,LA1,2009-01-07,05:00:00 AM,05:00:00,Hot-Wet,2009-01-07 05:00:00,1
15.28597209,-18.97893677,LA1,2009-01-07,05:20:00 AM,05:20:00,Hot-Wet,2009-01-07 05:20:00,1
15.28366394,-18.97708944,LA1,2009-01-07,05:40:00 AM,05:40:00,Hot-Wet,2009-01-07 05:40:00,1
15.28368123,-18.97708944,LA1,2009-01-07,06:00:00 AM,06:00:00,Hot-Wet,2009-01-07 06:00:00,1
15.28035278,-18.97618815,LA1,2009-01-07,06:20:00 AM,06:20:00,Hot-Wet,2009-01-07 06:20:00,1
15.27859192,-18.97589315,LA1,2009-01-07,06:40:00 AM,06:40:00,Hot-Wet,2009-01-07 06:40:00,1
15.27724609,-18.97450765,LA1,2009-01-07,07:00:00 AM,07:00:00,Hot-Wet,2009-01-07 07:00:00,1
15.27696838,-18.97313639,LA1,2009-01-07,07:20:00 AM,07:20:00,Hot-Wet,2009-01-07 07:20:00,1
15.27512614,-18.97207438,LA1,2009-01-07,07:40:00 AM,07:40:00,Hot-Wet,2009-01-07 07:40:00,1
15.27255249,-18.97113241,LA1,2009-01-07,08:00:00 AM,08:00:00,Hot-Wet,2009-01-07 08:00:00,1
15.26778971,-18.97246908,LA1,2009-01-07,08:20:00 AM,08:20:00,Hot-Wet,2009-01-07 08:20:00,1
15.26594747,-18.97420858,LA1,2009-01-07,08:40:00 AM,08:40:00,Hot-Wet,2009-01-07 08:40:00,1
15.26072693,-18.97884521,LA1,2009-01-07,09:00:00 AM,09:00:00,Hot-Wet,2009-01-07 09:00:00,1
15.25854289,-18.98036702,LA1,2009-01-07,09:20:00 AM,09:20:00,Hot-Wet,2009-01-07 09:20:00,1
15.25834859,-18.97996012,LA1,2009-01-07,09:40:00 AM,09:40:00,Hot-Wet,2009-01-07 09:40:00,1
15.25748901,-18.97896729,LA1,2009-01-07,10:00:00 AM,10:00:00,Hot-Wet,2009-01-07 10:00:00,1
15.25739136,-18.97847493,LA1,2009-01-07,10:20:00 AM,10:20:00,Hot-Wet,2009-01-07 10:20:00,1
15.25740662,-18.97862956,LA1,2009-01-07,10:40:00 AM,10:40:00,Hot-Wet,2009-01-07 10:40:00,1
15.25866597,-18.97729492,LA1,2009-01-07,11:00:00 AM,11:00:00,Hot-Wet,2009-01-07 11:00:00,1
15.25864868,-18.9773112,LA1,2009-01-07,11:20:00 AM,11:20:00,Hot-Wet,2009-01-07 11:20:00,1
15.25863953,-18.9773173,LA1,2009-01-07,11:40:00 AM,11:40:00,Hot-Wet,2009-01-07 11:40:00,1
15.25867513,-18.97730103,LA1,2009-01-07,12:00:00 PM,12:00:00,Hot-Wet,2009-01-07 12:00:00,1
15.25900675,-18.97706502,LA1,2009-01-07,12:20:00 PM,12:20:00,Hot-Wet,2009-01-07 12:20:00,1
15.26005351,-18.97401937,LA1,2009-01-07,12:40:00 PM,12:40:00,Hot-Wet,2009-01-07 12:40:00,1
15.26147156,-18.971757,LA1,2009-01-07,01:00:00 PM,13:00:00,Hot-Wet,2009-01-07 13:00:00,1
15.26754354,-18.97233073,LA1,2009-01-07,01:20:00 PM,13:20:00,Hot-Wet,2009-01-07 13:20:00,1
15.26912638,-18.97073161,LA1,2009-01-07,01:40:00 PM,13:40:00,Hot-Wet,2009-01-07 13:40:00,1
15.26983846,-18.96900024,LA1,2009-01-07,02:00:00 PM,14:00:00,Hot-Wet,2009-01-07 14:00:00,1
15.26985677,-18.9666748,LA1,2009-01-07,02:20:00 PM,14:20:00,Hot-Wet,2009-01-07 14:20:00,1
15.2698466,-18.96669108,LA1,2009-01-07,02:40:00 PM,14:40:00,Hot-Wet,2009-01-07 14:40:00,1
15.2689565,-18.96542562,LA1,2009-01-07,03:00:00 PM,15:00:00,Hot-Wet,2009-01-07 15:00:00,1
15.26764425,-18.96504924,LA1,2009-01-07,03:20:00 PM,15:20:00,Hot-Wet,2009-01-07 15:20:00,1
15.26766459,-18.96506348,LA1,2009-01-07,03:40:00 PM,15:40:00,Hot-Wet,2009-01-07 15:40:00,1
15.2708903,-18.96190796,LA1,2009-01-07,04:00:00 PM,16:00:00,Hot-Wet,2009-01-07 16:00:00,1
15.27427877,-18.96019084,LA1,2009-01-07,04:20:00 PM,16:20:00,Hot-Wet,2009-01-07 16:20:00,1
15.27428996,-18.96019084,LA1,2009-01-07,04:40:00 PM,16:40:00,Hot-Wet,2009-01-07 16:40:00,1
15.27607727,-18.95791626,LA1,2009-01-07,05:00:00 PM,17:00:00,Hot-Wet,2009-01-07 17:00:00,1
15.2780304,-18.95802816,LA1,2009-01-07,05:20:00 PM,17:20:00,Hot-Wet,2009-01-07 17:20:00,1
15.27918701,-18.95625407,LA1,2009-01-07,05:40:00 PM,17:40:00,Hot-Wet,2009-01-07 17:40:00,1
15.279304,-18.9546224,LA1,2009-01-07,06:00:00 PM,18:00:00,Hot-Wet,2009-01-07 18:00:00,1
15.28008626,-18.9524882,LA1,2009-01-07,06:20:00 PM,18:20:00,Hot-Wet,2009-01-07 18:20:00,1
15.28140462,-18.94612223,LA1,2009-01-07,06:40:00 PM,18:40:00,Hot-Wet,2009-01-07 18:40:00,1
15.28298442,-18.94613444,LA1,2009-01-07,07:00:00 PM,19:00:00,Hot-Wet,2009-01-07 19:00:00,1
15.28522135,-18.94477336,LA1,2009-01-07,07:20:00 PM,19:20:00,Hot-Wet,2009-01-07 19:20:00,1
15.28770752,-18.94591675,LA1,2009-01-07,07:40:00 PM,19:40:00,Hot-Wet,2009-01-07 19:40:00,1
15.28776143,-18.94610799,LA1,2009-01-07,08:00:00 PM,20:00:00,Hot-Wet,2009-01-07 20:00:00,1
15.30184733,-18.95208537,LA1,2009-01-07,08:20:00 PM,20:20:00,Hot-Wet,2009-01-07 20:20:00,1
15.30761108,-18.95575968,LA1,2009-01-07,08:40:00 PM,20:40:00,Hot-Wet,2009-01-07 20:40:00,1
15.307606,-18.95575562,LA1,2009-01-07,09:00:00 PM,21:00:00,Hot-Wet,2009-01-07 21:00:00,1
15.31224365,-18.95898641,LA1,2009-01-07,09:20:00 PM,21:20:00,Hot-Wet,2009-01-07 21:20:00,1
15.32306213,-18.9656901,LA1,2009-01-07,09:40:00 PM,21:40:00,Hot-Wet,2009-01-07 21:40:00,1
15.32812703,-18.96641235,LA1,2009-01-07,10:00:00 PM,22:00:00,Hot-Wet,2009-01-07 22:00:00,1
15.32787984,-18.96065674,LA1,2009-01-07,10:20:00 PM,22:20:00,Hot-Wet,2009-01-07 22:20:00,1
15.3268748,-18.95165405,LA1,2009-01-07,10:40:00 PM,22:40:00,Hot-Wet,2009-01-07 22:40:00,1
15.32689514,-18.95179443,LA1,2009-01-07,11:00:00 PM,23:00:00,Hot-Wet,2009-01-07 23:00:00,1
15.32695821,-18.94371745,LA1,2009-01-07,11:20:00 PM,23:20:00,Hot-Wet,2009-01-07 23:20:00,1
15.32720947,-18.93460897,LA1,2009-01-07,11:40:00 PM,23:40:00,Hot-Wet,2009-01-07 23:40:00,1
15.32755636,-18.92172648,LA1,2009-01-08,12:00:00 AM,00:00:00,Hot-Wet,2009-01-08 00:00:00,1
15.32753499,-18.92176107,LA1,2009-01-08,12:20:00 AM,00:20:00,Hot-Wet,2009-01-08 00:20:00,1
15.32992655,-18.92033488,LA1,2009-01-08,12:40:00 AM,00:40:00,Hot-Wet,2009-01-08 00:40:00,1
15.33134867,-18.91584269,LA1,2009-01-08,01:00:00 AM,01:00:00,Hot-Wet,2009-01-08 01:00:00,1
15.33059082,-18.90356852,LA1,2009-01-08,01:20:00 AM,01:20:00,Hot-Wet,2009-01-08 01:20:00,1
15.32910156,-18.90291341,LA1,2009-01-08,01:40:00 AM,01:40:00,Hot-Wet,2009-01-08 01:40:00,1
15.32667847,-18.90118815,LA1,2009-01-08,02:00:00 AM,02:00:00,Hot-Wet,2009-01-08 02:00:00,1
15.32666626,-18.90118408,LA1,2009-01-08,02:20:00 AM,02:20:00,Hot-Wet,2009-01-08 02:20:00,1
15.32515462,-18.90131836,LA1,2009-01-08,02:40:00 AM,02:40:00,Hot-Wet,2009-01-08 02:40:00,1
15.32515259,-18.90131836,LA1,2009-01-08,03:00:00 AM,03:00:00,Hot-Wet,2009-01-08 03:00:00,1
15.32515462,-18.90135701,LA1,2009-01-08,03:20:00 AM,03:20:00,Hot-Wet,2009-01-08 03:20:00,1
15.32513428,-18.9013916,LA1,2009-01-08,03:40:00 AM,03:40:00,Hot-Wet,2009-01-08 03:40:00,1
15.32513326,-18.90134888,LA1,2009-01-08,04:00:00 AM,04:00:00,Hot-Wet,2009-01-08 04:00:00,1
15.32257487,-18.8979248,LA1,2009-01-08,04:20:00 AM,04:20:00,Hot-Wet,2009-01-08 04:20:00,1
15.3169932,-18.89339396,LA1,2009-01-08,04:40:00 AM,04:40:00,Hot-Wet,2009-01-08 04:40:00,1
15.31099955,-18.89316203,LA1,2009-01-08,05:00:00 AM,05:00:00,Hot-Wet,2009-01-08 05:00:00,1
15.30409953,-18.88803304,LA1,2009-01-08,05:20:00 AM,05:20:00,Hot-Wet,2009-01-08 05:20:00,1
15.29740702,-18.87927856,LA1,2009-01-08,05:40:00 AM,05:40:00,Hot-Wet,2009-01-08 05:40:00,1
15.29569092,-18.86932373,LA1,2009-01-08,06:00:00 AM,06:00:00,Hot-Wet,2009-01-08 06:00:00,1
15.28697103,-18.86405233,LA1,2009-01-08,06:20:00 AM,06:20:00,Hot-Wet,2009-01-08 06:20:00,1
15.27693888,-18.8552714,LA1,2009-01-08,06:40:00 AM,06:40:00,Hot-Wet,2009-01-08 06:40:00,1
15.27027283,-18.84477743,LA1,2009-01-08,07:00:00 AM,07:00:00,Hot-Wet,2009-01-08 07:00:00,1
15.26476034,-18.83313802,LA1,2009-01-08,07:20:00 AM,07:20:00,Hot-Wet,2009-01-08 07:20:00,1
15.26470947,-18.82040202,LA1,2009-01-08,07:40:00 AM,07:40:00,Hot-Wet,2009-01-08 07:40:00,1
15.26467082,-18.80769857,LA1,2009-01-08,08:00:00 AM,08:00:00,Hot-Wet,2009-01-08 08:00:00,1
15.26462708,-18.79457804,LA1,2009-01-08,08:20:00 AM,08:20:00,Hot-Wet,2009-01-08 08:20:00,1
15.26459961,-18.7852356,LA1,2009-01-08,08:40:00 AM,08:40:00,Hot-Wet,2009-01-08 08:40:00,1
15.26457723,-18.77578328,LA1,2009-01-08,09:00:00 AM,09:00:00,Hot-Wet,2009-01-08 09:00:00,1
15.2645813,-18.76439616,LA1,2009-01-08,09:20:00 AM,09:20:00,Hot-Wet,2009-01-08 09:20:00,1
15.264328,-18.75919189,LA1,2009-01-08,09:40:00 AM,09:40:00,Hot-Wet,2009-01-08 09:40:00,1
15.2631724,-18.75262858,LA1,2009-01-08,10:00:00 AM,10:00:00,Hot-Wet,2009-01-08 10:00:00,1
15.26298726,-18.75052287,LA1,2009-01-08,10:20:00 AM,10:20:00,Hot-Wet,2009-01-08 10:20:00,1
15.26454671,-18.74344889,LA1,2009-01-08,10:40:00 AM,10:40:00,Hot-Wet,2009-01-08 10:40:00,1
15.2645874,-18.74380697,LA1,2009-01-08,11:00:00 AM,11:00:00,Hot-Wet,2009-01-08 11:00:00,1
15.26208394,-18.75207113,LA1,2009-01-08,11:20:00 AM,11:20:00,Hot-Wet,2009-01-08 11:20:00,1
15.26434631,-18.762854,LA1,2009-01-08,11:40:00 AM,11:40:00,Hot-Wet,2009-01-08 11:40:00,1
15.264387,-18.76289266,LA1,2009-01-08,12:00:00 PM,12:00:00,Hot-Wet,2009-01-08 12:00:00,1
15.26437174,-18.762854,LA1,2009-01-08,12:20:00 PM,12:20:00,Hot-Wet,2009-01-08 12:20:00,1
15.2633901,-18.76257731,LA1,2009-01-08,12:40:00 PM,12:40:00,Hot-Wet,2009-01-08 12:40:00,1
15.26238098,-18.76219076,LA1,2009-01-08,01:00:00 PM,13:00:00,Hot-Wet,2009-01-08 13:00:00,1
15.26103414,-18.76057129,LA1,2009-01-08,01:20:00 PM,13:20:00,Hot-Wet,2009-01-08 13:20:00,1
15.26418152,-18.76210938,LA1,2009-01-08,01:40:00 PM,13:40:00,Hot-Wet,2009-01-08 13:40:00,1
15.2643748,-18.76285807,LA1,2009-01-08,02:00:00 PM,14:00:00,Hot-Wet,2009-01-08 14:00:00,1
15.26439921,-18.76285604,LA1,2009-01-08,02:20:00 PM,14:20:00,Hot-Wet,2009-01-08 14:20:00,1
15.26439616,-18.76286825,LA1,2009-01-08,02:40:00 PM,14:40:00,Hot-Wet,2009-01-08 14:40:00,1
15.2644043,-18.76287028,LA1,2009-01-08,03:00:00 PM,15:00:00,Hot-Wet,2009-01-08 15:00:00,1
15.26387329,-18.7631368,LA1,2009-01-08,03:20:00 PM,15:20:00,Hot-Wet,2009-01-08 15:20:00,1
15.25922038,-18.76676229,LA1,2009-01-08,03:40:00 PM,15:40:00,Hot-Wet,2009-01-08 15:40:00,1
15.25493673,-18.76609904,LA1,2009-01-08,04:00:00 PM,16:00:00,Hot-Wet,2009-01-08 16:00:00,1
15.24852702,-18.76341349,LA1,2009-01-08,04:20:00 PM,16:20:00,Hot-Wet,2009-01-08 16:20:00,1
15.24371134,-18.7624349,LA1,2009-01-08,04:40:00 PM,16:40:00,Hot-Wet,2009-01-08 16:40:00,1
15.23715312,-18.76420085,LA1,2009-01-08,05:00:00 PM,17:00:00,Hot-Wet,2009-01-08 17:00:00,1
15.23151347,-18.76648153,LA1,2009-01-08,05:20:00 PM,17:20:00,Hot-Wet,2009-01-08 17:20:00,1
15.22669983,-18.76946208,LA1,2009-01-08,05:40:00 PM,17:40:00,Hot-Wet,2009-01-08 17:40:00,1
15.22040812,-18.77000529,LA1,2009-01-08,06:00:00 PM,18:00:00,Hot-Wet,2009-01-08 18:00:00,1
15.21552327,-18.7734965,LA1,2009-01-08,06:20:00 PM,18:20:00,Hot-Wet,2009-01-08 18:20:00,1
15.21219076,-18.77657267,LA1,2009-01-08,06:40:00 PM,18:40:00,Hot-Wet,2009-01-08 18:40:00,1
15.20759074,-18.78211263,LA1,2009-01-08,07:00:00 PM,19:00:00,Hot-Wet,2009-01-08 19:00:00,1
15.20570068,-18.78833822,LA1,2009-01-08,07:20:00 PM,19:20:00,Hot-Wet,2009-01-08 19:20:00,1
15.19980469,-18.79547526,LA1,2009-01-08,07:40:00 PM,19:40:00,Hot-Wet,2009-01-08 19:40:00,1
15.1907664,-18.80012817,LA1,2009-01-08,08:00:00 PM,20:00:00,Hot-Wet,2009-01-08 20:00:00,1
15.1772939,-18.80069784,LA1,2009-01-08,08:20:00 PM,20:20:00,Hot-Wet,2009-01-08 20:20:00,1
15.16626383,-18.80118408,LA1,2009-01-08,08:40:00 PM,20:40:00,Hot-Wet,2009-01-08 20:40:00,1
15.15436707,-18.80171509,LA1,2009-01-08,09:00:00 PM,21:00:00,Hot-Wet,2009-01-08 21:00:00,1
15.142512,-18.80224202,LA1,2009-01-08,09:20:00 PM,21:20:00,Hot-Wet,2009-01-08 21:20:00,1
15.12974447,-18.80282186,LA1,2009-01-08,09:40:00 PM,21:40:00,Hot-Wet,2009-01-08 21:40:00,1
15.11843974,-18.80330811,LA1,2009-01-08,10:00:00 PM,22:00:00,Hot-Wet,2009-01-08 22:00:00,1
15.10674845,-18.80388997,LA1,2009-01-08,10:20:00 PM,22:20:00,Hot-Wet,2009-01-08 22:20:00,1
15.09454651,-18.80434977,LA1,2009-01-08,10:40:00 PM,22:40:00,Hot-Wet,2009-01-08 22:40:00,1
15.08282471,-18.80490112,LA1,2009-01-08,11:00:00 PM,23:00:00,Hot-Wet,2009-01-08 23:00:00,1
15.07312317,-18.80547689,LA1,2009-01-08,11:20:00 PM,23:20:00,Hot-Wet,2009-01-08 23:20:00,1
15.05891724,-18.80590413,LA1,2009-01-08,11:40:00 PM,23:40:00,Hot-Wet,2009-01-08 23:40:00,1
15.05504964,-18.80659383,LA1,2009-01-09,12:00:00 AM,00:00:00,Hot-Wet,2009-01-09 00:00:00,1
15.0507314,-18.80820516,LA1,2009-01-09,12:20:00 AM,00:20:00,Hot-Wet,2009-01-09 00:20:00,1
15.04505107,-18.8094279,LA1,2009-01-09,12:40:00 AM,00:40:00,Hot-Wet,2009-01-09 00:40:00,1
15.03308716,-18.81294759,LA1,2009-01-09,01:00:00 AM,01:00:00,Hot-Wet,2009-01-09 01:00:00,1
15.02438761,-18.8183492,LA1,2009-01-09,01:20:00 AM,01:20:00,Hot-Wet,2009-01-09 01:20:00,1
15.02159932,-18.8203654,LA1,2009-01-09,01:40:00 AM,01:40:00,Hot-Wet,2009-01-09 01:40:00,1
15.01582031,-18.82505493,LA1,2009-01-09,02:00:00 AM,02:00:00,Hot-Wet,2009-01-09 02:00:00,1
15.01160685,-18.82753499,LA1,2009-01-09,02:20:00 AM,02:20:00,Hot-Wet,2009-01-09 02:20:00,1
15.00947774,-18.83110758,LA1,2009-01-09,02:40:00 AM,02:40:00,Hot-Wet,2009-01-09 02:40:00,1
15.00405579,-18.83543498,LA1,2009-01-09,03:00:00 AM,03:00:00,Hot-Wet,2009-01-09 03:00:00,1
15.00263468,-18.83558146,LA1,2009-01-09,03:20:00 AM,03:20:00,Hot-Wet,2009-01-09 03:20:00,1
15.0026062,-18.83558146,LA1,2009-01-09,03:40:00 AM,03:40:00,Hot-Wet,2009-01-09 03:40:00,1
15.00018921,-18.83898926,LA1,2009-01-09,04:00:00 AM,04:00:00,Hot-Wet,2009-01-09 04:00:00,1
14.99659831,-18.84861857,LA1,2009-01-09,04:20:00 AM,04:20:00,Hot-Wet,2009-01-09 04:20:00,1
14.99116923,-18.85964355,LA1,2009-01-09,04:40:00 AM,04:40:00,Hot-Wet,2009-01-09 04:40:00,1
14.99248352,-18.8709432,LA1,2009-01-09,05:00:00 AM,05:00:00,Hot-Wet,2009-01-09 05:00:00,1
14.99282532,-18.87805786,LA1,2009-01-09,05:20:00 AM,05:20:00,Hot-Wet,2009-01-09 05:20:00,1
14.99276326,-18.88395996,LA1,2009-01-09,05:40:00 AM,05:40:00,Hot-Wet,2009-01-09 05:40:00,1
14.99735107,-18.89183757,LA1,2009-01-09,06:00:00 AM,06:00:00,Hot-Wet,2009-01-09 06:00:00,1
15.00235596,-18.89845378,LA1,2009-01-09,06:20:00 AM,06:20:00,Hot-Wet,2009-01-09 06:20:00,1
15.00433553,-18.90374349,LA1,2009-01-09,06:40:00 AM,06:40:00,Hot-Wet,2009-01-09 06:40:00,1
15.00455526,-18.9047994,LA1,2009-01-09,07:00:00 AM,07:00:00,Hot-Wet,2009-01-09 07:00:00,1
15.00450134,-18.9050415,LA1,2009-01-09,07:20:00 AM,07:20:00,Hot-Wet,2009-01-09 07:20:00,1
15.00449117,-18.9050415,LA1,2009-01-09,07:40:00 AM,07:40:00,Hot-Wet,2009-01-09 07:40:00,1
15.00448608,-18.90502523,LA1,2009-01-09,08:00:00 AM,08:00:00,Hot-Wet,2009-01-09 08:00:00,1
15.00546977,-18.90732829,LA1,2009-01-09,08:20:00 AM,08:20:00,Hot-Wet,2009-01-09 08:20:00,1
14.99981079,-18.91245931,LA1,2009-01-09,08:40:00 AM,08:40:00,Hot-Wet,2009-01-09 08:40:00,1
14.99469198,-18.91648763,LA1,2009-01-09,09:00:00 AM,09:00:00,Hot-Wet,2009-01-09 09:00:00,1
14.99315389,-18.91647135,LA1,2009-01-09,09:20:00 AM,09:20:00,Hot-Wet,2009-01-09 09:20:00,1
14.99316305,-18.91645711,LA1,2009-01-09,09:40:00 AM,09:40:00,Hot-Wet,2009-01-09 09:40:00,1
14.99237264,-18.91613159,LA1,2009-01-09,10:00:00 AM,10:00:00,Hot-Wet,2009-01-09 10:00:00,1
14.99159139,-18.91605225,LA1,2009-01-09,10:20:00 AM,10:20:00,Hot-Wet,2009-01-09 10:20:00,1
14.99162394,-18.91602783,LA1,2009-01-09,10:40:00 AM,10:40:00,Hot-Wet,2009-01-09 10:40:00,1
14.99177144,-18.91583252,LA1,2009-01-09,11:00:00 AM,11:00:00,Hot-Wet,2009-01-09 11:00:00,1
14.99177551,-18.91584676,LA1,2009-01-09,11:20:00 AM,11:20:00,Hot-Wet,2009-01-09 11:20:00,1
14.9916392,-18.91600749,LA1,2009-01-09,11:40:00 AM,11:40:00,Hot-Wet,2009-01-09 11:40:00,1
14.99177755,-18.91582235,LA1,2009-01-09,12:00:00 PM,12:00:00,Hot-Wet,2009-01-09 12:00:00,1
14.99179179,-18.91581217,LA1,2009-01-09,12:20:00 PM,12:20:00,Hot-Wet,2009-01-09 12:20:00,1
14.99180196,-18.91583659,LA1,2009-01-09,12:40:00 PM,12:40:00,Hot-Wet,2009-01-09 12:40:00,1
14.99195964,-18.91560262,LA1,2009-01-09,01:00:00 PM,13:00:00,Hot-Wet,2009-01-09 13:00:00,1
14.9919637,-18.91561483,LA1,2009-01-09,01:20:00 PM,13:20:00,Hot-Wet,2009-01-09 13:20:00,1
14.99194946,-18.91560669,LA1,2009-01-09,01:40:00 PM,13:40:00,Hot-Wet,2009-01-09 13:40:00,1
14.99163818,-18.91610514,LA1,2009-01-09,02:00:00 PM,14:00:00,Hot-Wet,2009-01-09 14:00:00,1
14.99116923,-18.91649373,LA1,2009-01-09,02:20:00 PM,14:20:00,Hot-Wet,2009-01-09 14:20:00,1
14.99117533,-18.91650187,LA1,2009-01-09,02:40:00 PM,14:40:00,Hot-Wet,2009-01-09 14:40:00,1
14.98936056,-18.91665039,LA1,2009-01-09,03:00:00 PM,15:00:00,Hot-Wet,2009-01-09 15:00:00,1
14.98236694,-18.918986,LA1,2009-01-09,03:20:00 PM,15:20:00,Hot-Wet,2009-01-09 15:20:00,1
14.97774862,-18.92089233,LA1,2009-01-09,03:40:00 PM,15:40:00,Hot-Wet,2009-01-09 15:40:00,1
14.97441915,-18.92618001,LA1,2009-01-09,04:00:00 PM,16:00:00,Hot-Wet,2009-01-09 16:00:00,1
14.97089539,-18.93483887,LA1,2009-01-09,04:20:00 PM,16:20:00,Hot-Wet,2009-01-09 16:20:00,1
14.96539612,-18.94046834,LA1,2009-01-09,04:40:00 PM,16:40:00,Hot-Wet,2009-01-09 16:40:00,1
14.96253255,-18.94800212,LA1,2009-01-09,05:00:00 PM,17:00:00,Hot-Wet,2009-01-09 17:00:00,1
14.95990397,-18.95374146,LA1,2009-01-09,05:20:00 PM,17:20:00,Hot-Wet,2009-01-09 17:20:00,1
14.95798645,-18.96646118,LA1,2009-01-09,05:40:00 PM,17:40:00,Hot-Wet,2009-01-09 17:40:00,1
14.95792135,-18.97148844,LA1,2009-01-09,06:00:00 PM,18:00:00,Hot-Wet,2009-01-09 18:00:00,1
14.95479736,-18.97118327,LA1,2009-01-09,06:20:00 PM,18:20:00,Hot-Wet,2009-01-09 18:20:00,1
14.94619954,-18.96854451,LA1,2009-01-09,06:40:00 PM,18:40:00,Hot-Wet,2009-01-09 18:40:00,1
14.94318136,-18.97230021,LA1,2009-01-09,07:00:00 PM,19:00:00,Hot-Wet,2009-01-09 19:00:00,1
14.94284871,-18.97288005,LA1,2009-01-09,07:20:00 PM,19:20:00,Hot-Wet,2009-01-09 19:20:00,1
14.94276225,-18.97267253,LA1,2009-01-09,07:40:00 PM,19:40:00,Hot-Wet,2009-01-09 19:40:00,1
14.94218241,-18.97261149,LA1,2009-01-09,08:00:00 PM,20:00:00,Hot-Wet,2009-01-09 20:00:00,1
14.94089966,-18.97272542,LA1,2009-01-09,08:20:00 PM,20:20:00,Hot-Wet,2009-01-09 20:20:00,1
14.93895467,-18.97169596,LA1,2009-01-09,08:40:00 PM,20:40:00,Hot-Wet,2009-01-09 20:40:00,1
14.93803406,-18.97164917,LA1,2009-01-09,09:00:00 PM,21:00:00,Hot-Wet,2009-01-09 21:00:00,1
14.93737793,-18.97159017,LA1,2009-01-09,09:20:00 PM,21:20:00,Hot-Wet,2009-01-09 21:20:00,1
14.93641052,-18.9715922,LA1,2009-01-09,09:40:00 PM,21:40:00,Hot-Wet,2009-01-09 21:40:00,1
14.93618571,-18.9714152,LA1,2009-01-09,10:00:00 PM,22:00:00,Hot-Wet,2009-01-09 22:00:00,1
14.93464661,-18.97082316,LA1,2009-01-09,10:20:00 PM,22:20:00,Hot-Wet,2009-01-09 22:20:00,1
14.93400167,-18.97068888,LA1,2009-01-09,10:40:00 PM,22:40:00,Hot-Wet,2009-01-09 22:40:00,1
14.93569845,-18.97093709,LA1,2009-01-09,11:00:00 PM,23:00:00,Hot-Wet,2009-01-09 23:00:00,1
14.9362915,-18.9713562,LA1,2009-01-09,11:20:00 PM,23:20:00,Hot-Wet,2009-01-09 23:20:00,1
14.93704936,-18.97150065,LA1,2009-01-09,11:40:00 PM,23:40:00,Hot-Wet,2009-01-09 23:40:00,1
14.93794963,-18.97195028,LA1,2009-01-10,12:00:00 AM,00:00:00,Hot-Wet,2009-01-10 00:00:00,1
14.93768717,-18.9726298,LA1,2009-01-10,12:20:00 AM,00:20:00,Hot-Wet,2009-01-10 00:20:00,1
14.93836568,-18.97420858,LA1,2009-01-10,12:40:00 AM,00:40:00,Hot-Wet,2009-01-10 00:40:00,1
14.93901876,-18.97487386,LA1,2009-01-10,01:00:00 AM,01:00:00,Hot-Wet,2009-01-10 01:00:00,1
14.93859049,-18.97562256,LA1,2009-01-10,01:20:00 AM,01:20:00,Hot-Wet,2009-01-10 01:20:00,1
14.93858643,-18.97561849,LA1,2009-01-10,01:40:00 AM,01:40:00,Hot-Wet,2009-01-10 01:40:00,1
14.93858236,-18.97559408,LA1,2009-01-10,02:00:00 AM,02:00:00,Hot-Wet,2009-01-10 02:00:00,1
14.93859151,-18.97560018,LA1,2009-01-10,02:20:00 AM,02:20:00,Hot-Wet,2009-01-10 02:20:00,1
14.93791911,-18.97657674,LA1,2009-01-10,02:40:00 AM,02:40:00,Hot-Wet,2009-01-10 02:40:00,1
14.93792318,-18.97659098,LA1,2009-01-10,03:00:00 AM,03:00:00,Hot-Wet,2009-01-10 03:00:00,1
14.93790894,-18.97659098,LA1,2009-01-10,03:20:00 AM,03:20:00,Hot-Wet,2009-01-10 03:20:00,1
14.93791707,-18.97659098,LA1,2009-01-10,03:40:00 AM,03:40:00,Hot-Wet,2009-01-10 03:40:00,1
14.93638814,-18.97932943,LA1,2009-01-10,04:00:00 AM,04:00:00,Hot-Wet,2009-01-10 04:00:00,1
14.93394368,-18.98129272,LA1,2009-01-10,04:20:00 AM,04:20:00,Hot-Wet,2009-01-10 04:20:00,1
14.92577922,-18.97616577,LA1,2009-01-10,04:40:00 AM,04:40:00,Hot-Wet,2009-01-10 04:40:00,1
14.92274679,-18.97156576,LA1,2009-01-10,05:00:00 AM,05:00:00,Hot-Wet,2009-01-10 05:00:00,1
14.92173971,-18.97003377,LA1,2009-01-10,05:20:00 AM,05:20:00,Hot-Wet,2009-01-10 05:20:00,1
14.91784363,-18.9703654,LA1,2009-01-10,05:40:00 AM,05:40:00,Hot-Wet,2009-01-10 05:40:00,1
14.9158783,-18.96999919,LA1,2009-01-10,06:00:00 AM,06:00:00,Hot-Wet,2009-01-10 06:00:00,1
14.90660299,-18.9669515,LA1,2009-01-10,06:20:00 AM,06:20:00,Hot-Wet,2009-01-10 06:20:00,1
14.89694316,-18.96513062,LA1,2009-01-10,06:40:00 AM,06:40:00,Hot-Wet,2009-01-10 06:40:00,1
14.89544881,-18.96322632,LA1,2009-01-10,07:00:00 AM,07:00:00,Hot-Wet,2009-01-10 07:00:00,1
14.89471436,-18.9617981,LA1,2009-01-10,07:20:00 AM,07:20:00,Hot-Wet,2009-01-10 07:20:00,1
14.89447123,-18.95819295,LA1,2009-01-10,07:40:00 AM,07:40:00,Hot-Wet,2009-01-10 07:40:00,1
14.89439494,-18.95719198,LA1,2009-01-10,08:00:00 AM,08:00:00,Hot-Wet,2009-01-10 08:00:00,1
14.89425151,-18.95529378,LA1,2009-01-10,08:20:00 AM,08:20:00,Hot-Wet,2009-01-10 08:20:00,1
14.88857422,-18.95514933,LA1,2009-01-10,08:40:00 AM,08:40:00,Hot-Wet,2009-01-10 08:40:00,1
14.88666077,-18.95539754,LA1,2009-01-10,09:00:00 AM,09:00:00,Hot-Wet,2009-01-10 09:00:00,1
14.88665975,-18.95539754,LA1,2009-01-10,09:20:00 AM,09:20:00,Hot-Wet,2009-01-10 09:20:00,1
14.88401388,-18.95533854,LA1,2009-01-10,09:40:00 AM,09:40:00,Hot-Wet,2009-01-10 09:40:00,1
14.88395793,-18.95531616,LA1,2009-01-10,10:00:00 AM,10:00:00,Hot-Wet,2009-01-10 10:00:00,1
14.88398844,-18.9553182,LA1,2009-01-10,10:20:00 AM,10:20:00,Hot-Wet,2009-01-10 10:20:00,1
14.88398641,-18.9553182,LA1,2009-01-10,10:40:00 AM,10:40:00,Hot-Wet,2009-01-10 10:40:00,1
14.88399963,-18.95532023,LA1,2009-01-10,11:00:00 AM,11:00:00,Hot-Wet,2009-01-10 11:00:00,1
14.88293457,-18.95475057,LA1,2009-01-10,11:20:00 AM,11:20:00,Hot-Wet,2009-01-10 11:20:00,1
14.88187459,-18.95226644,LA1,2009-01-10,11:40:00 AM,11:40:00,Hot-Wet,2009-01-10 11:40:00,1
14.88187459,-18.95227458,LA1,2009-01-10,12:00:00 PM,12:00:00,Hot-Wet,2009-01-10 12:00:00,1
14.88189087,-18.9522054,LA1,2009-01-10,12:20:00 PM,12:20:00,Hot-Wet,2009-01-10 12:20:00,1
14.88191121,-18.95222982,LA1,2009-01-10,12:40:00 PM,12:40:00,Hot-Wet,2009-01-10 12:40:00,1
14.88189697,-18.95221965,LA1,2009-01-10,01:00:00 PM,13:00:00,Hot-Wet,2009-01-10 13:00:00,1
14.88190409,-18.95221761,LA1,2009-01-10,01:20:00 PM,13:20:00,Hot-Wet,2009-01-10 13:20:00,1
14.88189392,-18.9521993,LA1,2009-01-10,01:40:00 PM,13:40:00,Hot-Wet,2009-01-10 13:40:00,1
14.88190104,-18.9522054,LA1,2009-01-10,02:00:00 PM,14:00:00,Hot-Wet,2009-01-10 14:00:00,1
14.88190409,-18.95219116,LA1,2009-01-10,02:20:00 PM,14:20:00,Hot-Wet,2009-01-10 14:20:00,1
14.88191325,-18.95217896,LA1,2009-01-10,02:40:00 PM,14:40:00,Hot-Wet,2009-01-10 14:40:00,1
14.87774658,-18.95325317,LA1,2009-01-10,03:00:00 PM,15:00:00,Hot-Wet,2009-01-10 15:00:00,1
14.87468262,-18.95337728,LA1,2009-01-10,03:20:00 PM,15:20:00,Hot-Wet,2009-01-10 15:20:00,1
14.8677297,-18.95964152,LA1,2009-01-10,03:40:00 PM,15:40:00,Hot-Wet,2009-01-10 15:40:00,1
14.86021627,-18.96676229,LA1,2009-01-10,04:00:00 PM,16:00:00,Hot-Wet,2009-01-10 16:00:00,1
14.86058451,-18.96499227,LA1,2009-01-10,04:20:00 PM,16:20:00,Hot-Wet,2009-01-10 16:20:00,1
14.86049805,-18.96499227,LA1,2009-01-10,04:40:00 PM,16:40:00,Hot-Wet,2009-01-10 16:40:00,1
14.85726217,-18.96159465,LA1,2009-01-10,05:00:00 PM,17:00:00,Hot-Wet,2009-01-10 17:00:00,1
14.85765279,-18.96089071,LA1,2009-01-10,05:20:00 PM,17:20:00,Hot-Wet,2009-01-10 17:20:00,1
14.85669963,-18.9597168,LA1,2009-01-10,05:40:00 PM,17:40:00,Hot-Wet,2009-01-10 17:40:00,1
14.85519613,-18.95858765,LA1,2009-01-10,06:00:00 PM,18:00:00,Hot-Wet,2009-01-10 18:00:00,1
14.85397441,-18.95865275,LA1,2009-01-10,06:20:00 PM,18:20:00,Hot-Wet,2009-01-10 18:20:00,1
14.85640157,-18.96276855,LA1,2009-01-10,06:40:00 PM,18:40:00,Hot-Wet,2009-01-10 18:40:00,1
14.85577901,-18.9633138,LA1,2009-01-10,07:00:00 PM,19:00:00,Hot-Wet,2009-01-10 19:00:00,1
14.8565623,-18.96569214,LA1,2009-01-10,07:20:00 PM,19:20:00,Hot-Wet,2009-01-10 19:20:00,1
14.85656738,-18.965684,LA1,2009-01-10,07:40:00 PM,19:40:00,Hot-Wet,2009-01-10 19:40:00,1
14.86051025,-18.96500651,LA1,2009-01-10,08:00:00 PM,20:00:00,Hot-Wet,2009-01-10 20:00:00,1
14.86096802,-18.96522013,LA1,2009-01-10,08:20:00 PM,20:20:00,Hot-Wet,2009-01-10 20:20:00,1
14.86096903,-18.96522624,LA1,2009-01-10,08:40:00 PM,20:40:00,Hot-Wet,2009-01-10 20:40:00,1
14.86246948,-18.96636963,LA1,2009-01-10,09:00:00 PM,21:00:00,Hot-Wet,2009-01-10 21:00:00,1
14.86348572,-18.96568197,LA1,2009-01-10,09:20:00 PM,21:20:00,Hot-Wet,2009-01-10 21:20:00,1
14.86463826,-18.96522217,LA1,2009-01-10,09:40:00 PM,21:40:00,Hot-Wet,2009-01-10 21:40:00,1
14.86551921,-18.96426392,LA1,2009-01-10,10:00:00 PM,22:00:00,Hot-Wet,2009-01-10 22:00:00,1
14.86564636,-18.96397909,LA1,2009-01-10,10:20:00 PM,22:20:00,Hot-Wet,2009-01-10 22:20:00,1
14.87058105,-18.96340332,LA1,2009-01-10,10:40:00 PM,22:40:00,Hot-Wet,2009-01-10 22:40:00,1
14.8713206,-18.9624471,LA1,2009-01-10,11:00:00 PM,23:00:00,Hot-Wet,2009-01-10 23:00:00,1
14.87246094,-18.95835571,LA1,2009-01-10,11:20:00 PM,23:20:00,Hot-Wet,2009-01-10 23:20:00,1
14.87245382,-18.95835571,LA1,2009-01-10,11:40:00 PM,23:40:00,Hot-Wet,2009-01-10 23:40:00,1
14.873526,-18.95796712,LA1,2009-01-11,12:00:00 AM,00:00:00,Hot-Wet,2009-01-11 00:00:00,1
14.87690837,-18.95632324,LA1,2009-01-11,12:20:00 AM,00:20:00,Hot-Wet,2009-01-11 00:20:00,1
14.87691345,-18.95633341,LA1,2009-01-11,12:40:00 AM,00:40:00,Hot-Wet,2009-01-11 00:40:00,1
14.87776082,-18.95613607,LA1,2009-01-11,01:00:00 AM,01:00:00,Hot-Wet,2009-01-11 01:00:00,1
14.87886861,-18.95608317,LA1,2009-01-11,01:20:00 AM,01:20:00,Hot-Wet,2009-01-11 01:20:00,1
14.88074849,-18.95608114,LA1,2009-01-11,01:40:00 AM,01:40:00,Hot-Wet,2009-01-11 01:40:00,1
14.88703206,-18.95450846,LA1,2009-01-11,02:00:00 AM,02:00:00,Hot-Wet,2009-01-11 02:00:00,1
14.88793538,-18.95499471,LA1,2009-01-11,02:20:00 AM,02:20:00,Hot-Wet,2009-01-11 02:20:00,1
14.88793132,-18.95498657,LA1,2009-01-11,02:40:00 AM,02:40:00,Hot-Wet,2009-01-11 02:40:00,1
14.88842265,-18.95475057,LA1,2009-01-11,03:00:00 AM,03:00:00,Hot-Wet,2009-01-11 03:00:00,1
14.88840739,-18.95477702,LA1,2009-01-11,03:20:00 AM,03:20:00,Hot-Wet,2009-01-11 03:20:00,1
14.88842468,-18.95476074,LA1,2009-01-11,03:40:00 AM,03:40:00,Hot-Wet,2009-01-11 03:40:00,1
14.88843384,-18.95474854,LA1,2009-01-11,04:00:00 AM,04:00:00,Hot-Wet,2009-01-11 04:00:00,1
14.88842672,-18.95474447,LA1,2009-01-11,04:20:00 AM,04:20:00,Hot-Wet,2009-01-11 04:20:00,1
14.88980306,-18.9521993,LA1,2009-01-11,04:40:00 AM,04:40:00,Hot-Wet,2009-01-11 04:40:00,1
14.88981832,-18.95220947,LA1,2009-01-11,05:00:00 AM,05:00:00,Hot-Wet,2009-01-11 05:00:00,1
14.89110209,-18.94869995,LA1,2009-01-11,05:20:00 AM,05:20:00,Hot-Wet,2009-01-11 05:20:00,1
14.89625753,-18.94554443,LA1,2009-01-11,05:40:00 AM,05:40:00,Hot-Wet,2009-01-11 05:40:00,1
14.89683838,-18.94558716,LA1,2009-01-11,06:00:00 AM,06:00:00,Hot-Wet,2009-01-11 06:00:00,1
14.89776204,-18.93740438,LA1,2009-01-11,06:20:00 AM,06:20:00,Hot-Wet,2009-01-11 06:20:00,1
14.89775391,-18.93739827,LA1,2009-01-11,06:40:00 AM,06:40:00,Hot-Wet,2009-01-11 06:40:00,1
14.89813944,-18.93719686,LA1,2009-01-11,07:00:00 AM,07:00:00,Hot-Wet,2009-01-11 07:00:00,1
14.90654704,-18.94022827,LA1,2009-01-11,07:20:00 AM,07:20:00,Hot-Wet,2009-01-11 07:20:00,1
14.90573527,-18.94061686,LA1,2009-01-11,07:40:00 AM,07:40:00,Hot-Wet,2009-01-11 07:40:00,1
14.90537211,-18.94140015,LA1,2009-01-11,08:00:00 AM,08:00:00,Hot-Wet,2009-01-11 08:00:00,1
14.90467834,-18.94302979,LA1,2009-01-11,08:20:00 AM,08:20:00,Hot-Wet,2009-01-11 08:20:00,1
14.90427653,-18.94336751,LA1,2009-01-11,08:40:00 AM,08:40:00,Hot-Wet,2009-01-11 08:40:00,1
14.90245565,-18.94308472,LA1,2009-01-11,09:00:00 AM,09:00:00,Hot-Wet,2009-01-11 09:00:00,1
14.90130005,-18.94382528,LA1,2009-01-11,09:20:00 AM,09:20:00,Hot-Wet,2009-01-11 09:20:00,1
14.90132345,-18.94384155,LA1,2009-01-11,09:40:00 AM,09:40:00,Hot-Wet,2009-01-11 09:40:00,1
14.90139567,-18.94348958,LA1,2009-01-11,10:00:00 AM,10:00:00,Hot-Wet,2009-01-11 10:00:00,1
14.90287476,-18.94630127,LA1,2009-01-11,10:20:00 AM,10:20:00,Hot-Wet,2009-01-11 10:20:00,1
14.90287272,-18.94629924,LA1,2009-01-11,10:40:00 AM,10:40:00,Hot-Wet,2009-01-11 10:40:00,1
14.90250142,-18.94608968,LA1,2009-01-11,11:00:00 AM,11:00:00,Hot-Wet,2009-01-11 11:00:00,1
14.90251058,-18.94610392,LA1,2009-01-11,11:20:00 AM,11:20:00,Hot-Wet,2009-01-11 11:20:00,1
14.90381571,-18.94916382,LA1,2009-01-11,11:40:00 AM,11:40:00,Hot-Wet,2009-01-11 11:40:00,1
14.90330505,-18.9493571,LA1,2009-01-11,12:00:00 PM,12:00:00,Hot-Wet,2009-01-11 12:00:00,1
14.90330912,-18.9493571,LA1,2009-01-11,12:20:00 PM,12:20:00,Hot-Wet,2009-01-11 12:20:00,1
14.9033193,-18.94936523,LA1,2009-01-11,12:40:00 PM,12:40:00,Hot-Wet,2009-01-11 12:40:00,1
14.90332031,-18.94936523,LA1,2009-01-11,01:00:00 PM,13:00:00,Hot-Wet,2009-01-11 13:00:00,1
14.90333252,-18.94936523,LA1,2009-01-11,01:20:00 PM,13:20:00,Hot-Wet,2009-01-11 13:20:00,1
14.90332133,-18.94936523,LA1,2009-01-11,01:40:00 PM,13:40:00,Hot-Wet,2009-01-11 13:40:00,1
14.90332947,-18.94937134,LA1,2009-01-11,02:00:00 PM,14:00:00,Hot-Wet,2009-01-11 14:00:00,1
14.90331421,-18.94937744,LA1,2009-01-11,02:20:00 PM,14:20:00,Hot-Wet,2009-01-11 14:20:00,1
14.90332133,-18.94940592,LA1,2009-01-11,02:40:00 PM,14:40:00,Hot-Wet,2009-01-11 14:40:00,1
14.90332438,-18.94940999,LA1,2009-01-11,03:00:00 PM,15:00:00,Hot-Wet,2009-01-11 15:00:00,1
14.90141602,-18.95106201,LA1,2009-01-11,03:20:00 PM,15:20:00,Hot-Wet,2009-01-11 15:20:00,1
14.89764709,-18.95195109,LA1,2009-01-11,03:40:00 PM,15:40:00,Hot-Wet,2009-01-11 15:40:00,1
14.89521281,-18.95262451,LA1,2009-01-11,04:00:00 PM,16:00:00,Hot-Wet,2009-01-11 16:00:00,1
14.8941864,-18.95285645,LA1,2009-01-11,04:20:00 PM,16:20:00,Hot-Wet,2009-01-11 16:20:00,1
14.89378052,-18.95237427,LA1,2009-01-11,04:40:00 PM,16:40:00,Hot-Wet,2009-01-11 16:40:00,1
14.89031372,-18.95085449,LA1,2009-01-11,05:00:00 PM,17:00:00,Hot-Wet,2009-01-11 17:00:00,1
14.88637288,-18.95012004,LA1,2009-01-11,05:20:00 PM,17:20:00,Hot-Wet,2009-01-11 17:20:00,1
14.87926534,-18.95132243,LA1,2009-01-11,05:40:00 PM,17:40:00,Hot-Wet,2009-01-11 17:40:00,1
14.87426758,-18.9546285,LA1,2009-01-11,06:00:00 PM,18:00:00,Hot-Wet,2009-01-11 18:00:00,1
14.87001648,-18.95794067,LA1,2009-01-11,06:20:00 PM,18:20:00,Hot-Wet,2009-01-11 18:20:00,1
14.8605011,-18.96497803,LA1,2009-01-11,06:40:00 PM,18:40:00,Hot-Wet,2009-01-11 18:40:00,1
14.86049805,-18.96499023,LA1,2009-01-11,07:00:00 PM,19:00:00,Hot-Wet,2009-01-11 19:00:00,1
14.86020406,-18.96592204,LA1,2009-01-11,07:20:00 PM,19:20:00,Hot-Wet,2009-01-11 19:20:00,1
14.85967407,-18.96664225,LA1,2009-01-11,07:40:00 PM,19:40:00,Hot-Wet,2009-01-11 19:40:00,1
14.85967102,-18.96664632,LA1,2009-01-11,08:00:00 PM,20:00:00,Hot-Wet,2009-01-11 20:00:00,1
14.86038818,-18.96517944,LA1,2009-01-11,08:20:00 PM,20:20:00,Hot-Wet,2009-01-11 20:20:00,1
14.86037598,-18.96518962,LA1,2009-01-11,08:40:00 PM,20:40:00,Hot-Wet,2009-01-11 20:40:00,1
14.86082458,-18.96315308,LA1,2009-01-11,09:00:00 PM,21:00:00,Hot-Wet,2009-01-11 21:00:00,1
14.86216125,-18.95972493,LA1,2009-01-11,09:20:00 PM,21:20:00,Hot-Wet,2009-01-11 21:20:00,1
14.86408997,-18.95908813,LA1,2009-01-11,09:40:00 PM,21:40:00,Hot-Wet,2009-01-11 21:40:00,1
14.86483663,-18.95844116,LA1,2009-01-11,10:00:00 PM,22:00:00,Hot-Wet,2009-01-11 22:00:00,1
14.86498718,-18.95713704,LA1,2009-01-11,10:20:00 PM,22:20:00,Hot-Wet,2009-01-11 22:20:00,1
14.86763204,-18.953243,LA1,2009-01-11,10:40:00 PM,22:40:00,Hot-Wet,2009-01-11 22:40:00,1
14.87135925,-18.94976603,LA1,2009-01-11,11:00:00 PM,23:00:00,Hot-Wet,2009-01-11 23:00:00,1
14.88121338,-18.94341431,LA1,2009-01-11,11:20:00 PM,23:20:00,Hot-Wet,2009-01-11 23:20:00,1
14.88121236,-18.94342041,LA1,2009-01-11,11:40:00 PM,23:40:00,Hot-Wet,2009-01-11 23:40:00,1
14.88291321,-18.94322306,LA1,2009-01-12,12:00:00 AM,00:00:00,Hot-Wet,2009-01-12 00:00:00,1
14.88389486,-18.94327393,LA1,2009-01-12,12:20:00 AM,00:20:00,Hot-Wet,2009-01-12 00:20:00,1
14.88446757,-18.94292603,LA1,2009-01-12,12:40:00 AM,00:40:00,Hot-Wet,2009-01-12 00:40:00,1
14.88613892,-18.93887533,LA1,2009-01-12,01:00:00 AM,01:00:00,Hot-Wet,2009-01-12 01:00:00,1
14.88617147,-18.93896281,LA1,2009-01-12,01:20:00 AM,01:20:00,Hot-Wet,2009-01-12 01:20:00,1
14.88825378,-18.93494263,LA1,2009-01-12,01:40:00 AM,01:40:00,Hot-Wet,2009-01-12 01:40:00,1
14.89107971,-18.93424886,LA1,2009-01-12,02:00:00 AM,02:00:00,Hot-Wet,2009-01-12 02:00:00,1
14.89337565,-18.93312988,LA1,2009-01-12,02:20:00 AM,02:20:00,Hot-Wet,2009-01-12 02:20:00,1
14.89397278,-18.93276164,LA1,2009-01-12,02:40:00 AM,02:40:00,Hot-Wet,2009-01-12 02:40:00,1
14.89397481,-18.93277588,LA1,2009-01-12,03:00:00 AM,03:00:00,Hot-Wet,2009-01-12 03:00:00,1
14.893986,-18.93278605,LA1,2009-01-12,03:20:00 AM,03:20:00,Hot-Wet,2009-01-12 03:20:00,1
14.89399516,-18.9328125,LA1,2009-01-12,03:40:00 AM,03:40:00,Hot-Wet,2009-01-12 03:40:00,1
14.89399211,-18.93277995,LA1,2009-01-12,04:00:00 AM,04:00:00,Hot-Wet,2009-01-12 04:00:00,1
14.89551188,-18.93322144,LA1,2009-01-12,04:20:00 AM,04:20:00,Hot-Wet,2009-01-12 04:20:00,1
14.89552104,-18.93322347,LA1,2009-01-12,04:40:00 AM,04:40:00,Hot-Wet,2009-01-12 04:40:00,1
14.89863281,-18.93509115,LA1,2009-01-12,05:00:00 AM,05:00:00,Hot-Wet,2009-01-12 05:00:00,1
14.90083923,-18.93643799,LA1,2009-01-12,05:20:00 AM,05:20:00,Hot-Wet,2009-01-12 05:20:00,1
14.90630493,-18.93591309,LA1,2009-01-12,05:40:00 AM,05:40:00,Hot-Wet,2009-01-12 05:40:00,1
14.9080953,-18.93580729,LA1,2009-01-12,06:00:00 AM,06:00:00,Hot-Wet,2009-01-12 06:00:00,1
14.91000468,-18.93684692,LA1,2009-01-12,06:20:00 AM,06:20:00,Hot-Wet,2009-01-12 06:20:00,1
14.91054382,-18.93583374,LA1,2009-01-12,06:40:00 AM,06:40:00,Hot-Wet,2009-01-12 06:40:00,1
14.91116435,-18.937618,LA1,2009-01-12,07:00:00 AM,07:00:00,Hot-Wet,2009-01-12 07:00:00,1
14.91085917,-18.93903198,LA1,2009-01-12,07:20:00 AM,07:20:00,Hot-Wet,2009-01-12 07:20:00,1
14.91017965,-18.94013265,LA1,2009-01-12,07:40:00 AM,07:40:00,Hot-Wet,2009-01-12 07:40:00,1
14.91005859,-18.94046834,LA1,2009-01-12,08:00:00 AM,08:00:00,Hot-Wet,2009-01-12 08:00:00,1
14.9101827,-18.9412618,LA1,2009-01-12,08:20:00 AM,08:20:00,Hot-Wet,2009-01-12 08:20:00,1
14.90977071,-18.94099731,LA1,2009-01-12,08:40:00 AM,08:40:00,Hot-Wet,2009-01-12 08:40:00,1
14.90930074,-18.94064535,LA1,2009-01-12,09:00:00 AM,09:00:00,Hot-Wet,2009-01-12 09:00:00,1
14.90605367,-18.93865967,LA1,2009-01-12,09:20:00 AM,09:20:00,Hot-Wet,2009-01-12 09:20:00,1
14.90526326,-18.93838908,LA1,2009-01-12,09:40:00 AM,09:40:00,Hot-Wet,2009-01-12 09:40:00,1
14.90527852,-18.93838501,LA1,2009-01-12,10:00:00 AM,10:00:00,Hot-Wet,2009-01-12 10:00:00,1
14.90525716,-18.93839111,LA1,2009-01-12,10:20:00 AM,10:20:00,Hot-Wet,2009-01-12 10:20:00,1
14.90303141,-18.93748372,LA1,2009-01-12,10:40:00 AM,10:40:00,Hot-Wet,2009-01-12 10:40:00,1
14.90145264,-18.93748983,LA1,2009-01-12,11:00:00 AM,11:00:00,Hot-Wet,2009-01-12 11:00:00,1
14.89836426,-18.93898926,LA1,2009-01-12,11:20:00 AM,11:20:00,Hot-Wet,2009-01-12 11:20:00,1
14.89790548,-18.93817546,LA1,2009-01-12,11:40:00 AM,11:40:00,Hot-Wet,2009-01-12 11:40:00,1
14.89780986,-18.93820801,LA1,2009-01-12,12:00:00 PM,12:00:00,Hot-Wet,2009-01-12 12:00:00,1
14.89780782,-18.93820597,LA1,2009-01-12,12:20:00 PM,12:20:00,Hot-Wet,2009-01-12 12:20:00,1
14.89789225,-18.93816528,LA1,2009-01-12,12:40:00 PM,12:40:00,Hot-Wet,2009-01-12 12:40:00,1
14.89789937,-18.93816935,LA1,2009-01-12,01:00:00 PM,13:00:00,Hot-Wet,2009-01-12 13:00:00,1
14.89789836,-18.93817342,LA1,2009-01-12,01:20:00 PM,13:20:00,Hot-Wet,2009-01-12 13:20:00,1
14.89788717,-18.93816935,LA1,2009-01-12,01:40:00 PM,13:40:00,Hot-Wet,2009-01-12 13:40:00,1
14.89789225,-18.93816732,LA1,2009-01-12,02:00:00 PM,14:00:00,Hot-Wet,2009-01-12 14:00:00,1
14.89788513,-18.93816528,LA1,2009-01-12,02:20:00 PM,14:20:00,Hot-Wet,2009-01-12 14:20:00,1
14.89786174,-18.93817342,LA1,2009-01-12,02:40:00 PM,14:40:00,Hot-Wet,2009-01-12 14:40:00,1
14.89674174,-18.93855794,LA1,2009-01-12,03:00:00 PM,15:00:00,Hot-Wet,2009-01-12 15:00:00,1
14.89620565,-18.94065145,LA1,2009-01-12,03:20:00 PM,15:20:00,Hot-Wet,2009-01-12 15:20:00,1
14.89619853,-18.94065552,LA1,2009-01-12,03:40:00 PM,15:40:00,Hot-Wet,2009-01-12 15:40:00,1
14.89424438,-18.94099935,LA1,2009-01-12,04:00:00 PM,16:00:00,Hot-Wet,2009-01-12 16:00:00,1
14.89228007,-18.94129842,LA1,2009-01-12,04:20:00 PM,16:20:00,Hot-Wet,2009-01-12 16:20:00,1
14.89176127,-18.9417745,LA1,2009-01-12,04:40:00 PM,16:40:00,Hot-Wet,2009-01-12 16:40:00,1
14.89073079,-18.94188639,LA1,2009-01-12,05:00:00 PM,17:00:00,Hot-Wet,2009-01-12 17:00:00,1
14.88538208,-18.94210612,LA1,2009-01-12,05:20:00 PM,17:20:00,Hot-Wet,2009-01-12 17:20:00,1
14.8826416,-18.94440918,LA1,2009-01-12,05:40:00 PM,17:40:00,Hot-Wet,2009-01-12 17:40:00,1
14.8802124,-18.94839884,LA1,2009-01-12,06:00:00 PM,18:00:00,Hot-Wet,2009-01-12 18:00:00,1
14.87710673,-18.95225016,LA1,2009-01-12,06:20:00 PM,18:20:00,Hot-Wet,2009-01-12 18:20:00,1
14.87183329,-18.95622965,LA1,2009-01-12,06:40:00 PM,18:40:00,Hot-Wet,2009-01-12 18:40:00,1
14.86422729,-18.96248372,LA1,2009-01-12,07:00:00 PM,19:00:00,Hot-Wet,2009-01-12 19:00:00,1
14.86052551,-18.96431885,LA1,2009-01-12,07:20:00 PM,19:20:00,Hot-Wet,2009-01-12 19:20:00,1
14.86044922,-18.96490885,LA1,2009-01-12,07:40:00 PM,19:40:00,Hot-Wet,2009-01-12 19:40:00,1
14.86056519,-18.96497396,LA1,2009-01-12,08:00:00 PM,20:00:00,Hot-Wet,2009-01-12 20:00:00,1
14.85967306,-18.96694336,LA1,2009-01-12,08:20:00 PM,20:20:00,Hot-Wet,2009-01-12 20:20:00,1
14.85960795,-18.96664429,LA1,2009-01-12,08:40:00 PM,20:40:00,Hot-Wet,2009-01-12 20:40:00,1
14.85963542,-18.9666748,LA1,2009-01-12,09:00:00 PM,21:00:00,Hot-Wet,2009-01-12 21:00:00,1
14.86088359,-18.9671875,LA1,2009-01-12,09:20:00 PM,21:20:00,Hot-Wet,2009-01-12 21:20:00,1
14.86121012,-18.96458333,LA1,2009-01-12,09:40:00 PM,21:40:00,Hot-Wet,2009-01-12 21:40:00,1
14.86257324,-18.96381632,LA1,2009-01-12,10:00:00 PM,22:00:00,Hot-Wet,2009-01-12 22:00:00,1
14.86256612,-18.96382243,LA1,2009-01-12,10:20:00 PM,22:20:00,Hot-Wet,2009-01-12 22:20:00,1
14.86607869,-18.96025391,LA1,2009-01-12,10:40:00 PM,22:40:00,Hot-Wet,2009-01-12 22:40:00,1
14.86917318,-18.95518799,LA1,2009-01-12,11:00:00 PM,23:00:00,Hot-Wet,2009-01-12 23:00:00,1
14.87035116,-18.95394084,LA1,2009-01-12,11:20:00 PM,23:20:00,Hot-Wet,2009-01-12 23:20:00,1
14.87164205,-18.94666748,LA1,2009-01-12,11:40:00 PM,23:40:00,Hot-Wet,2009-01-12 23:40:00,1
14.8714152,-18.94509277,LA1,2009-01-13,12:00:00 AM,00:00:00,Hot-Wet,2009-01-13 00:00:00,1
14.87143453,-18.94506429,LA1,2009-01-13,12:20:38 AM,00:20:00,Hot-Wet,2009-01-13 00:20:00,1
14.87110189,-18.94187622,LA1,2009-01-13,12:40:38 AM,00:40:00,Hot-Wet,2009-01-13 00:40:00,1
14.87149353,-18.94016724,LA1,2009-01-13,01:00:38 AM,01:00:00,Hot-Wet,2009-01-13 01:00:00,1
14.87204183,-18.93918457,LA1,2009-01-13,01:20:38 AM,01:20:00,Hot-Wet,2009-01-13 01:20:00,1
14.87438049,-18.93790894,LA1,2009-01-13,01:40:38 AM,01:40:00,Hot-Wet,2009-01-13 01:40:00,1
14.87955627,-18.93712972,LA1,2009-01-13,02:00:38 AM,02:00:00,Hot-Wet,2009-01-13 02:00:00,1
14.88494568,-18.93654785,LA1,2009-01-13,02:20:38 AM,02:20:00,Hot-Wet,2009-01-13 02:20:00,1
14.88663127,-18.93635864,LA1,2009-01-13,02:40:38 AM,02:40:00,Hot-Wet,2009-01-13 02:40:00,1
14.88764445,-18.93764852,LA1,2009-01-13,03:00:38 AM,03:00:00,Hot-Wet,2009-01-13 03:00:00,1
14.88769735,-18.93782959,LA1,2009-01-13,03:20:38 AM,03:20:00,Hot-Wet,2009-01-13 03:20:00,1
14.88768819,-18.93783976,LA1,2009-01-13,03:40:38 AM,03:40:00,Hot-Wet,2009-01-13 03:40:00,1
14.88770854,-18.93786825,LA1,2009-01-13,04:00:38 AM,04:00:00,Hot-Wet,2009-01-13 04:00:00,1
14.88769023,-18.9378479,LA1,2009-01-13,04:20:38 AM,04:20:00,Hot-Wet,2009-01-13 04:20:00,1
14.88781942,-18.93762614,LA1,2009-01-13,04:40:38 AM,04:40:00,Hot-Wet,2009-01-13 04:40:00,1
14.89425354,-18.93357544,LA1,2009-01-13,05:00:38 AM,05:00:00,Hot-Wet,2009-01-13 05:00:00,1
14.89797465,-18.93608195,LA1,2009-01-13,05:20:38 AM,05:20:00,Hot-Wet,2009-01-13 05:20:00,1
14.90007426,-18.93659261,LA1,2009-01-13,05:40:38 AM,05:40:00,Hot-Wet,2009-01-13 05:40:00,1
14.90132141,-18.93684082,LA1,2009-01-13,06:00:38 AM,06:00:00,Hot-Wet,2009-01-13 06:00:00,1
14.90153503,-18.93695475,LA1,2009-01-13,06:20:38 AM,06:20:00,Hot-Wet,2009-01-13 06:20:00,1
14.90245056,-18.9370341,LA1,2009-01-13,06:40:38 AM,06:40:00,Hot-Wet,2009-01-13 06:40:00,1
14.90167948,-18.93661092,LA1,2009-01-13,07:00:38 AM,07:00:00,Hot-Wet,2009-01-13 07:00:00,1
14.90081787,-18.93650513,LA1,2009-01-13,07:20:38 AM,07:20:00,Hot-Wet,2009-01-13 07:20:00,1
14.90011902,-18.9363973,LA1,2009-01-13,07:40:38 AM,07:40:00,Hot-Wet,2009-01-13 07:40:00,1
14.9001241,-18.9364034,LA1,2009-01-13,08:00:38 AM,08:00:00,Hot-Wet,2009-01-13 08:00:00,1
14.90384521,-18.94200846,LA1,2009-01-13,08:20:38 AM,08:20:00,Hot-Wet,2009-01-13 08:20:00,1
14.90384013,-18.9420105,LA1,2009-01-13,08:40:38 AM,08:40:00,Hot-Wet,2009-01-13 08:40:00,1
14.905012,-18.94271037,LA1,2009-01-13,09:00:38 AM,09:00:00,Hot-Wet,2009-01-13 09:00:00,1
14.90501099,-18.94270833,LA1,2009-01-13,09:20:38 AM,09:20:00,Hot-Wet,2009-01-13 09:20:00,1
14.90525004,-18.94267578,LA1,2009-01-13,09:40:38 AM,09:40:00,Hot-Wet,2009-01-13 09:40:00,1
14.90526225,-18.94267985,LA1,2009-01-13,10:00:38 AM,10:00:00,Hot-Wet,2009-01-13 10:00:00,1
14.90269267,-18.94331258,LA1,2009-01-13,10:20:38 AM,10:20:00,Hot-Wet,2009-01-13 10:20:00,1
14.90129089,-18.94382528,LA1,2009-01-13,10:40:38 AM,10:40:00,Hot-Wet,2009-01-13 10:40:00,1
14.89949443,-18.94397176,LA1,2009-01-13,11:00:38 AM,11:00:00,Hot-Wet,2009-01-13 11:00:00,1
14.89948934,-18.94407552,LA1,2009-01-13,11:20:38 AM,11:20:00,Hot-Wet,2009-01-13 11:20:00,1
14.89949239,-18.94407552,LA1,2009-01-13,11:40:38 AM,11:40:00,Hot-Wet,2009-01-13 11:40:00,1
14.89932353,-18.94400635,LA1,2009-01-13,12:00:38 PM,12:00:00,Hot-Wet,2009-01-13 12:00:00,1
14.89786377,-18.94100952,LA1,2009-01-13,12:20:49 PM,12:20:00,Hot-Wet,2009-01-13 12:20:00,1
14.89787394,-18.94100545,LA1,2009-01-13,12:40:48 PM,12:40:00,Hot-Wet,2009-01-13 12:40:00,1
14.89787394,-18.94101156,LA1,2009-01-13,01:00:48 PM,13:00:00,Hot-Wet,2009-01-13 13:00:00,1
14.89785055,-18.94101359,LA1,2009-01-13,01:20:48 PM,13:20:00,Hot-Wet,2009-01-13 13:20:00,1
14.8978597,-18.94099528,LA1,2009-01-13,01:40:48 PM,13:40:00,Hot-Wet,2009-01-13 13:40:00,1
14.8978831,-18.94101563,LA1,2009-01-13,02:00:49 PM,14:00:00,Hot-Wet,2009-01-13 14:00:00,1
14.89789022,-18.94100749,LA1,2009-01-13,02:20:48 PM,14:20:00,Hot-Wet,2009-01-13 14:20:00,1
14.89582316,-18.94179484,LA1,2009-01-13,02:40:48 PM,14:40:00,Hot-Wet,2009-01-13 14:40:00,1
14.8916036,-18.94188639,LA1,2009-01-13,03:00:48 PM,15:00:00,Hot-Wet,2009-01-13 15:00:00,1
14.88939514,-18.94336548,LA1,2009-01-13,03:20:48 PM,15:20:00,Hot-Wet,2009-01-13 15:20:00,1
14.88577372,-18.94520671,LA1,2009-01-13,03:40:48 PM,15:40:00,Hot-Wet,2009-01-13 15:40:00,1
14.88454692,-18.94617716,LA1,2009-01-13,04:00:48 PM,16:00:00,Hot-Wet,2009-01-13 16:00:00,1
14.88247884,-18.94756877,LA1,2009-01-13,04:20:48 PM,16:20:00,Hot-Wet,2009-01-13 16:20:00,1
14.87960815,-18.94939779,LA1,2009-01-13,04:40:48 PM,16:40:00,Hot-Wet,2009-01-13 16:40:00,1
14.87259115,-18.95402425,LA1,2009-01-13,05:00:48 PM,17:00:00,Hot-Wet,2009-01-13 17:00:00,1
14.8653951,-18.95917969,LA1,2009-01-13,05:20:48 PM,17:20:00,Hot-Wet,2009-01-13 17:20:00,1
14.86051737,-18.96497803,LA1,2009-01-13,05:40:48 PM,17:40:00,Hot-Wet,2009-01-13 17:40:00,1
14.86008911,-18.96456299,LA1,2009-01-13,06:00:48 PM,18:00:00,Hot-Wet,2009-01-13 18:00:00,1
14.85557454,-18.9612264,LA1,2009-01-13,06:20:49 PM,18:20:00,Hot-Wet,2009-01-13 18:20:00,1
14.85489197,-18.96075643,LA1,2009-01-13,06:40:48 PM,18:40:00,Hot-Wet,2009-01-13 18:40:00,1
14.84475708,-18.95221761,LA1,2009-01-13,07:00:48 PM,19:00:00,Hot-Wet,2009-01-13 19:00:00,1
14.84180501,-18.94857788,LA1,2009-01-13,07:20:48 PM,19:20:00,Hot-Wet,2009-01-13 19:20:00,1
14.83456014,-18.94306844,LA1,2009-01-13,07:40:48 PM,19:40:00,Hot-Wet,2009-01-13 19:40:00,1
14.82941996,-18.93944499,LA1,2009-01-13,08:00:49 PM,20:00:00,Hot-Wet,2009-01-13 20:00:00,1
14.82700806,-18.93735352,LA1,2009-01-13,08:20:48 PM,20:20:00,Hot-Wet,2009-01-13 20:20:00,1
14.82510478,-18.93602702,LA1,2009-01-13,08:40:48 PM,20:40:00,Hot-Wet,2009-01-13 20:40:00,1
14.82462056,-18.93556722,LA1,2009-01-13,09:00:48 PM,21:00:00,Hot-Wet,2009-01-13 21:00:00,1
14.82181498,-18.93567912,LA1,2009-01-13,09:20:48 PM,21:20:00,Hot-Wet,2009-01-13 21:20:00,1
14.82029826,-18.9365092,LA1,2009-01-13,09:40:48 PM,21:40:00,Hot-Wet,2009-01-13 21:40:00,1
14.82020874,-18.93675741,LA1,2009-01-13,10:00:48 PM,22:00:00,Hot-Wet,2009-01-13 22:00:00,1
14.81727905,-18.94157308,LA1,2009-01-13,10:20:48 PM,22:20:00,Hot-Wet,2009-01-13 22:20:00,1
14.81543986,-18.94494629,LA1,2009-01-13,10:40:49 PM,22:40:00,Hot-Wet,2009-01-13 22:40:00,1
14.81461487,-18.94696045,LA1,2009-01-13,11:00:48 PM,23:00:00,Hot-Wet,2009-01-13 23:00:00,1
14.8124644,-18.95193075,LA1,2009-01-13,11:20:48 PM,23:20:00,Hot-Wet,2009-01-13 23:20:00,1
14.81247559,-18.9519043,LA1,2009-01-13,11:40:38 PM,23:40:00,Hot-Wet,2009-01-13 23:40:00,1
14.81135763,-18.95399577,LA1,2009-01-14,12:00:38 AM,00:00:00,Hot-Wet,2009-01-14 00:00:00,1
14.80928446,-18.95727336,LA1,2009-01-14,12:20:38 AM,00:20:00,Hot-Wet,2009-01-14 00:20:00,1
14.80929464,-18.95727336,LA1,2009-01-14,12:40:38 AM,00:40:00,Hot-Wet,2009-01-14 00:40:00,1
14.80558472,-18.96162516,LA1,2009-01-14,01:00:38 AM,01:00:00,Hot-Wet,2009-01-14 01:00:00,1
14.80321655,-18.97025757,LA1,2009-01-14,01:20:38 AM,01:20:00,Hot-Wet,2009-01-14 01:20:00,1
14.80120544,-18.97474976,LA1,2009-01-14,01:40:38 AM,01:40:00,Hot-Wet,2009-01-14 01:40:00,1
14.79794312,-18.98319499,LA1,2009-01-14,02:00:38 AM,02:00:00,Hot-Wet,2009-01-14 02:00:00,1
14.79456889,-18.99036662,LA1,2009-01-14,02:20:38 AM,02:20:00,Hot-Wet,2009-01-14 02:20:00,1
14.79229635,-18.99842326,LA1,2009-01-14,02:40:38 AM,02:40:00,Hot-Wet,2009-01-14 02:40:00,1
14.79102173,-19.00119425,LA1,2009-01-14,03:00:38 AM,03:00:00,Hot-Wet,2009-01-14 03:00:00,1
14.79243978,-19.00279541,LA1,2009-01-14,03:20:38 AM,03:20:00,Hot-Wet,2009-01-14 03:20:00,1
14.79270833,-19.00286458,LA1,2009-01-14,03:40:38 AM,03:40:00,Hot-Wet,2009-01-14 03:40:00,1
14.7932607,-19.00303141,LA1,2009-01-14,04:00:38 AM,04:00:00,Hot-Wet,2009-01-14 04:00:00,1
14.79321289,-19.00304362,LA1,2009-01-14,04:20:38 AM,04:20:00,Hot-Wet,2009-01-14 04:20:00,1
14.79326274,-19.00307414,LA1,2009-01-14,04:40:38 AM,04:40:00,Hot-Wet,2009-01-14 04:40:00,1
14.79347026,-19.00397339,LA1,2009-01-14,05:00:38 AM,05:00:00,Hot-Wet,2009-01-14 05:00:00,1
14.79074097,-19.01225382,LA1,2009-01-14,05:20:38 AM,05:20:00,Hot-Wet,2009-01-14 05:20:00,1
14.79220072,-19.01979574,LA1,2009-01-14,05:40:38 AM,05:40:00,Hot-Wet,2009-01-14 05:40:00,1
14.79615987,-19.02341105,LA1,2009-01-14,06:00:38 AM,06:00:00,Hot-Wet,2009-01-14 06:00:00,1
14.79873861,-19.03334351,LA1,2009-01-14,06:20:38 AM,06:20:00,Hot-Wet,2009-01-14 06:20:00,1
14.7994161,-19.03990072,LA1,2009-01-14,06:40:38 AM,06:40:00,Hot-Wet,2009-01-14 06:40:00,1
14.80113118,-19.04472249,LA1,2009-01-14,07:00:38 AM,07:00:00,Hot-Wet,2009-01-14 07:00:00,1
14.80311991,-19.04798991,LA1,2009-01-14,07:20:38 AM,07:20:00,Hot-Wet,2009-01-14 07:20:00,1
14.80595805,-19.0544515,LA1,2009-01-14,07:40:38 AM,07:40:00,Hot-Wet,2009-01-14 07:40:00,1
14.805955,-19.0544515,LA1,2009-01-14,08:00:38 AM,08:00:00,Hot-Wet,2009-01-14 08:00:00,1
14.80196025,-19.05690511,LA1,2009-01-14,08:20:38 AM,08:20:00,Hot-Wet,2009-01-14 08:20:00,1
14.80196126,-19.05690715,LA1,2009-01-14,08:40:38 AM,08:40:00,Hot-Wet,2009-01-14 08:40:00,1
14.79747213,-19.05606893,LA1,2009-01-14,09:00:38 AM,09:00:00,Hot-Wet,2009-01-14 09:00:00,1
14.79747213,-19.05607096,LA1,2009-01-14,09:20:38 AM,09:20:00,Hot-Wet,2009-01-14 09:20:00,1
14.79606323,-19.05590007,LA1,2009-01-14,09:40:38 AM,09:40:00,Hot-Wet,2009-01-14 09:40:00,1
14.7957784,-19.05607096,LA1,2009-01-14,10:00:38 AM,10:00:00,Hot-Wet,2009-01-14 10:00:00,1
14.79379781,-19.05411784,LA1,2009-01-14,10:20:38 AM,10:20:00,Hot-Wet,2009-01-14 10:20:00,1
14.79297689,-19.05381877,LA1,2009-01-14,10:40:38 AM,10:40:00,Hot-Wet,2009-01-14 10:40:00,1
14.79298197,-19.0538208,LA1,2009-01-14,11:00:38 AM,11:00:00,Hot-Wet,2009-01-14 11:00:00,1
14.79098714,-19.05302531,LA1,2009-01-14,11:20:38 AM,11:20:00,Hot-Wet,2009-01-14 11:20:00,1
14.78581238,-19.0519043,LA1,2009-01-14,11:40:48 AM,11:40:00,Hot-Wet,2009-01-14 11:40:00,1
14.78565572,-19.05188395,LA1,2009-01-14,12:00:48 PM,12:00:00,Hot-Wet,2009-01-14 12:00:00,1
14.78038737,-19.05142008,LA1,2009-01-14,12:20:49 PM,12:20:00,Hot-Wet,2009-01-14 12:20:00,1
14.78039042,-19.05143229,LA1,2009-01-14,12:40:48 PM,12:40:00,Hot-Wet,2009-01-14 12:40:00,1
14.78039347,-19.05143229,LA1,2009-01-14,01:00:48 PM,13:00:00,Hot-Wet,2009-01-14 13:00:00,1
14.7803894,-19.05143636,LA1,2009-01-14,01:20:48 PM,13:20:00,Hot-Wet,2009-01-14 13:20:00,1
14.78039653,-19.05144857,LA1,2009-01-14,01:40:48 PM,13:40:00,Hot-Wet,2009-01-14 13:40:00,1
14.78039347,-19.0514506,LA1,2009-01-14,02:00:48 PM,14:00:00,Hot-Wet,2009-01-14 14:00:00,1
14.78038737,-19.05143636,LA1,2009-01-14,02:20:48 PM,14:20:00,Hot-Wet,2009-01-14 14:20:00,1
14.78040873,-19.05143636,LA1,2009-01-14,02:40:48 PM,14:40:00,Hot-Wet,2009-01-14 14:40:00,1
14.78042806,-19.05143433,LA1,2009-01-14,03:00:48 PM,15:00:00,Hot-Wet,2009-01-14 15:00:00,1
14.77804871,-19.05114746,LA1,2009-01-14,03:20:48 PM,15:20:00,Hot-Wet,2009-01-14 15:20:00,1
14.77041931,-19.05466105,LA1,2009-01-14,03:40:48 PM,15:40:00,Hot-Wet,2009-01-14 15:40:00,1
14.76251322,-19.05790812,LA1,2009-01-14,04:00:49 PM,16:00:00,Hot-Wet,2009-01-14 16:00:00,1
14.75730286,-19.06232096,LA1,2009-01-14,04:20:48 PM,16:20:00,Hot-Wet,2009-01-14 16:20:00,1
14.75729574,-19.06318766,LA1,2009-01-14,04:40:48 PM,16:40:00,Hot-Wet,2009-01-14 16:40:00,1
14.75546672,-19.07120158,LA1,2009-01-14,05:00:48 PM,17:00:00,Hot-Wet,2009-01-14 17:00:00,1
14.75168966,-19.07681885,LA1,2009-01-14,05:20:48 PM,17:20:00,Hot-Wet,2009-01-14 17:20:00,1
14.74984334,-19.08366089,LA1,2009-01-14,05:40:48 PM,17:40:00,Hot-Wet,2009-01-14 17:40:00,1
14.74922689,-19.08314412,LA1,2009-01-14,06:00:48 PM,18:00:00,Hot-Wet,2009-01-14 18:00:00,1
14.75058594,-19.08094279,LA1,2009-01-14,06:20:48 PM,18:20:00,Hot-Wet,2009-01-14 18:20:00,1
14.75043233,-19.08093058,LA1,2009-01-14,06:40:49 PM,18:40:00,Hot-Wet,2009-01-14 18:40:00,1
14.74900004,-19.08122965,LA1,2009-01-14,07:00:48 PM,19:00:00,Hot-Wet,2009-01-14 19:00:00,1
14.74875692,-19.08123169,LA1,2009-01-14,07:20:48 PM,19:20:00,Hot-Wet,2009-01-14 19:20:00,1
14.748231,-19.0814209,LA1,2009-01-14,07:40:49 PM,19:40:00,Hot-Wet,2009-01-14 19:40:00,1
14.74789429,-19.08228149,LA1,2009-01-14,08:00:48 PM,20:00:00,Hot-Wet,2009-01-14 20:00:00,1
14.7467926,-19.08213501,LA1,2009-01-14,08:20:48 PM,20:20:00,Hot-Wet,2009-01-14 20:20:00,1
14.74321899,-19.08899943,LA1,2009-01-14,08:40:48 PM,20:40:00,Hot-Wet,2009-01-14 20:40:00,1
14.74318339,-19.08824259,LA1,2009-01-14,09:00:48 PM,21:00:00,Hot-Wet,2009-01-14 21:00:00,1
14.74389038,-19.08554891,LA1,2009-01-14,09:20:48 PM,21:20:00,Hot-Wet,2009-01-14 21:20:00,1
14.74395447,-19.08518066,LA1,2009-01-14,09:40:49 PM,21:40:00,Hot-Wet,2009-01-14 21:40:00,1
14.74430745,-19.08485107,LA1,2009-01-14,10:00:48 PM,22:00:00,Hot-Wet,2009-01-14 22:00:00,1
14.74402364,-19.084198,LA1,2009-01-14,10:20:49 PM,22:20:00,Hot-Wet,2009-01-14 22:20:00,1
14.74391886,-19.08421021,LA1,2009-01-14,10:40:48 PM,22:40:00,Hot-Wet,2009-01-14 22:40:00,1
14.74393616,-19.08393555,LA1,2009-01-14,11:00:48 PM,23:00:00,Hot-Wet,2009-01-14 23:00:00,1
14.7462148,-19.08211873,LA1,2009-01-14,11:20:48 PM,23:20:00,Hot-Wet,2009-01-14 23:20:00,1
14.74726563,-19.08171183,LA1,2009-01-14,11:40:49 PM,23:40:00,Hot-Wet,2009-01-14 23:40:00,1
14.74782613,-19.08201497,LA1,2009-01-15,12:00:49 AM,00:00:00,Hot-Wet,2009-01-15 00:00:00,1
14.74870504,-19.08077393,LA1,2009-01-15,12:20:49 AM,00:20:00,Hot-Wet,2009-01-15 00:20:00,1
14.75012004,-19.07821859,LA1,2009-01-15,12:40:48 AM,00:40:00,Hot-Wet,2009-01-15 00:40:00,1
14.74988302,-19.07790731,LA1,2009-01-15,01:00:49 AM,01:00:00,Hot-Wet,2009-01-15 01:00:00,1
14.74987996,-19.07793172,LA1,2009-01-15,01:20:48 AM,01:20:00,Hot-Wet,2009-01-15 01:20:00,1
14.74988708,-19.07791951,LA1,2009-01-15,01:40:48 AM,01:40:00,Hot-Wet,2009-01-15 01:40:00,1
14.74985555,-19.07787476,LA1,2009-01-15,02:00:48 AM,02:00:00,Hot-Wet,2009-01-15 02:00:00,1
14.75211385,-19.07804565,LA1,2009-01-15,02:20:48 AM,02:20:00,Hot-Wet,2009-01-15 02:20:00,1
14.75739034,-19.07127279,LA1,2009-01-15,02:40:49 AM,02:40:00,Hot-Wet,2009-01-15 02:40:00,1
14.75973714,-19.06836751,LA1,2009-01-15,03:00:48 AM,03:00:00,Hot-Wet,2009-01-15 03:00:00,1
14.75766296,-19.06172689,LA1,2009-01-15,03:20:48 AM,03:20:00,Hot-Wet,2009-01-15 03:20:00,1
14.75763957,-19.0617452,LA1,2009-01-15,03:40:38 AM,03:40:00,Hot-Wet,2009-01-15 03:40:00,1
14.75723165,-19.06317342,LA1,2009-01-15,04:00:38 AM,04:00:00,Hot-Wet,2009-01-15 04:00:00,1
14.76064555,-19.06463013,LA1,2009-01-15,04:20:38 AM,04:20:00,Hot-Wet,2009-01-15 04:20:00,1
14.76053874,-19.06676025,LA1,2009-01-15,04:40:38 AM,04:40:00,Hot-Wet,2009-01-15 04:40:00,1
14.76121928,-19.07825724,LA1,2009-01-15,05:00:38 AM,05:00:00,Hot-Wet,2009-01-15 05:00:00,1
14.76121623,-19.08318075,LA1,2009-01-15,05:20:38 AM,05:20:00,Hot-Wet,2009-01-15 05:20:00,1
14.75832723,-19.08468221,LA1,2009-01-15,05:40:38 AM,05:40:00,Hot-Wet,2009-01-15 05:40:00,1
14.75802816,-19.08922119,LA1,2009-01-15,06:00:38 AM,06:00:00,Hot-Wet,2009-01-15 06:00:00,1
14.76057129,-19.08817749,LA1,2009-01-15,06:20:38 AM,06:20:00,Hot-Wet,2009-01-15 06:20:00,1
14.76137695,-19.08864746,LA1,2009-01-15,06:40:38 AM,06:40:00,Hot-Wet,2009-01-15 06:40:00,1
14.76207072,-19.08944499,LA1,2009-01-15,07:00:38 AM,07:00:00,Hot-Wet,2009-01-15 07:00:00,1
14.76378682,-19.09136963,LA1,2009-01-15,07:20:38 AM,07:20:00,Hot-Wet,2009-01-15 07:20:00,1
14.76725362,-19.09248657,LA1,2009-01-15,07:40:38 AM,07:40:00,Hot-Wet,2009-01-15 07:40:00,1
14.76725667,-19.09249064,LA1,2009-01-15,08:00:38 AM,08:00:00,Hot-Wet,2009-01-15 08:00:00,1
14.76656189,-19.09423828,LA1,2009-01-15,08:20:38 AM,08:20:00,Hot-Wet,2009-01-15 08:20:00,1
14.76656392,-19.09424032,LA1,2009-01-15,08:40:38 AM,08:40:00,Hot-Wet,2009-01-15 08:40:00,1
14.76964417,-19.08415934,LA1,2009-01-15,09:00:38 AM,09:00:00,Hot-Wet,2009-01-15 09:00:00,1
14.76964315,-19.08416951,LA1,2009-01-15,09:20:38 AM,09:20:00,Hot-Wet,2009-01-15 09:20:00,1
14.76638997,-19.07674967,LA1,2009-01-15,09:40:38 AM,09:40:00,Hot-Wet,2009-01-15 09:40:00,1
14.76510518,-19.07675374,LA1,2009-01-15,10:00:38 AM,10:00:00,Hot-Wet,2009-01-15 10:00:00,1
14.76161702,-19.06740112,LA1,2009-01-15,10:20:38 AM,10:20:00,Hot-Wet,2009-01-15 10:20:00,1
14.75755615,-19.06243083,LA1,2009-01-15,10:40:38 AM,10:40:00,Hot-Wet,2009-01-15 10:40:00,1
14.75756836,-19.06243083,LA1,2009-01-15,11:00:38 AM,11:00:00,Hot-Wet,2009-01-15 11:00:00,1
14.75880737,-19.0603597,LA1,2009-01-15,11:20:38 AM,11:20:00,Hot-Wet,2009-01-15 11:20:00,1
14.75978394,-19.06105347,LA1,2009-01-15,11:40:38 AM,11:40:00,Hot-Wet,2009-01-15 11:40:00,1
14.75999654,-19.06125895,LA1,2009-01-15,12:00:38 PM,12:00:00,Hot-Wet,2009-01-15 12:00:00,1
14.76000163,-19.06128133,LA1,2009-01-15,12:20:38 PM,12:20:00,Hot-Wet,2009-01-15 12:20:00,1
14.75999552,-19.06124471,LA1,2009-01-15,12:40:38 PM,12:40:00,Hot-Wet,2009-01-15 12:40:00,1
14.75856832,-19.06072388,LA1,2009-01-15,01:00:38 PM,13:00:00,Hot-Wet,2009-01-15 13:00:00,1
14.76006571,-19.06268311,LA1,2009-01-15,01:20:38 PM,13:20:00,Hot-Wet,2009-01-15 13:20:00,1
14.76342061,-19.06541341,LA1,2009-01-15,01:40:38 PM,13:40:00,Hot-Wet,2009-01-15 13:40:00,1
14.76485494,-19.06805623,LA1,2009-01-15,02:00:38 PM,14:00:00,Hot-Wet,2009-01-15 14:00:00,1
14.76893311,-19.07049764,LA1,2009-01-15,02:20:38 PM,14:20:00,Hot-Wet,2009-01-15 14:20:00,1
14.77007446,-19.07192179,LA1,2009-01-15,02:40:38 PM,14:40:00,Hot-Wet,2009-01-15 14:40:00,1
14.77010091,-19.07191162,LA1,2009-01-15,03:00:38 PM,15:00:00,Hot-Wet,2009-01-15 15:00:00,1
14.770165,-19.07201131,LA1,2009-01-15,03:20:38 PM,15:20:00,Hot-Wet,2009-01-15 15:20:00,1
14.77088928,-19.07303263,LA1,2009-01-15,03:40:38 PM,15:40:00,Hot-Wet,2009-01-15 15:40:00,1
14.77148844,-19.07307536,LA1,2009-01-15,04:00:38 PM,16:00:00,Hot-Wet,2009-01-15 16:00:00,1
14.77149353,-19.07308146,LA1,2009-01-15,04:20:38 PM,16:20:00,Hot-Wet,2009-01-15 16:20:00,1
14.77147624,-19.07307536,LA1,2009-01-15,04:40:38 PM,16:40:00,Hot-Wet,2009-01-15 16:40:00,1
14.77184652,-19.07237549,LA1,2009-01-15,05:00:38 PM,17:00:00,Hot-Wet,2009-01-15 17:00:00,1
14.77278646,-19.07259928,LA1,2009-01-15,05:20:38 PM,17:20:00,Hot-Wet,2009-01-15 17:20:00,1
14.77264404,-19.07200521,LA1,2009-01-15,05:40:38 PM,17:40:00,Hot-Wet,2009-01-15 17:40:00,1
14.77164917,-19.07191569,LA1,2009-01-15,06:00:38 PM,18:00:00,Hot-Wet,2009-01-15 18:00:00,1
14.7715627,-19.0721049,LA1,2009-01-15,06:20:38 PM,18:20:00,Hot-Wet,2009-01-15 18:20:00,1
14.77116191,-19.07191569,LA1,2009-01-15,06:40:38 PM,18:40:00,Hot-Wet,2009-01-15 18:40:00,1
14.77105204,-19.07204793,LA1,2009-01-15,07:00:38 PM,19:00:00,Hot-Wet,2009-01-15 19:00:00,1
14.77095947,-19.0719991,LA1,2009-01-15,07:20:38 PM,19:20:00,Hot-Wet,2009-01-15 19:20:00,1
14.77100016,-19.07238973,LA1,2009-01-15,07:40:38 PM,19:40:00,Hot-Wet,2009-01-15 19:40:00,1
14.77103577,-19.07241618,LA1,2009-01-15,08:00:38 PM,20:00:00,Hot-Wet,2009-01-15 20:00:00,1
14.77115377,-19.07266439,LA1,2009-01-15,08:20:38 PM,20:20:00,Hot-Wet,2009-01-15 20:20:00,1
14.77180176,-19.07386271,LA1,2009-01-15,08:40:38 PM,20:40:00,Hot-Wet,2009-01-15 20:40:00,1
14.77314351,-19.07653809,LA1,2009-01-15,09:00:38 PM,21:00:00,Hot-Wet,2009-01-15 21:00:00,1
14.77564799,-19.08316243,LA1,2009-01-15,09:20:38 PM,21:20:00,Hot-Wet,2009-01-15 21:20:00,1
14.77498983,-19.08638509,LA1,2009-01-15,09:40:38 PM,21:40:00,Hot-Wet,2009-01-15 21:40:00,1
14.77270711,-19.08662923,LA1,2009-01-15,10:00:38 PM,22:00:00,Hot-Wet,2009-01-15 22:00:00,1
14.76818441,-19.09321289,LA1,2009-01-15,10:20:38 PM,22:20:00,Hot-Wet,2009-01-15 22:20:00,1
14.7602651,-19.09644775,LA1,2009-01-15,10:40:38 PM,22:40:00,Hot-Wet,2009-01-15 22:40:00,1
14.75568542,-19.1019694,LA1,2009-01-15,11:00:38 PM,23:00:00,Hot-Wet,2009-01-15 23:00:00,1
14.74998169,-19.10484212,LA1,2009-01-15,11:20:38 PM,23:20:00,Hot-Wet,2009-01-15 23:20:00,1
14.74921468,-19.11034139,LA1,2009-01-15,11:40:38 PM,23:40:00,Hot-Wet,2009-01-15 23:40:00,1
14.74115295,-19.1150533,LA1,2009-01-16,12:00:38 AM,00:00:00,Hot-Wet,2009-01-16 00:00:00,1
14.7411499,-19.11506348,LA1,2009-01-16,12:20:38 AM,00:20:00,Hot-Wet,2009-01-16 00:20:00,1
14.74302165,-19.1233134,LA1,2009-01-16,12:40:38 AM,00:40:00,Hot-Wet,2009-01-16 00:40:00,1
14.73747864,-19.12076416,LA1,2009-01-16,01:00:38 AM,01:00:00,Hot-Wet,2009-01-16 01:00:00,1
14.73150533,-19.12253621,LA1,2009-01-16,01:20:38 AM,01:20:00,Hot-Wet,2009-01-16 01:20:00,1
14.72657166,-19.12897746,LA1,2009-01-16,01:40:38 AM,01:40:00,Hot-Wet,2009-01-16 01:40:00,1
14.72462667,-19.12921143,LA1,2009-01-16,02:00:38 AM,02:00:00,Hot-Wet,2009-01-16 02:00:00,1
14.72099202,-19.13111979,LA1,2009-01-16,02:20:38 AM,02:20:00,Hot-Wet,2009-01-16 02:20:00,1
14.71416321,-19.13602498,LA1,2009-01-16,02:40:38 AM,02:40:00,Hot-Wet,2009-01-16 02:40:00,1
14.70357259,-19.13791504,LA1,2009-01-16,03:00:38 AM,03:00:00,Hot-Wet,2009-01-16 03:00:00,1
14.69766439,-19.13920898,LA1,2009-01-16,03:20:38 AM,03:20:00,Hot-Wet,2009-01-16 03:20:00,1
14.69537557,-19.14142456,LA1,2009-01-16,03:40:38 AM,03:40:00,Hot-Wet,2009-01-16 03:40:00,1
14.68998108,-19.1423116,LA1,2009-01-16,04:00:38 AM,04:00:00,Hot-Wet,2009-01-16 04:00:00,1
14.68677877,-19.14555868,LA1,2009-01-16,04:20:38 AM,04:20:00,Hot-Wet,2009-01-16 04:20:00,1
14.68260396,-19.15010986,LA1,2009-01-16,04:40:38 AM,04:40:00,Hot-Wet,2009-01-16 04:40:00,1
14.67491557,-19.15456543,LA1,2009-01-16,05:00:38 AM,05:00:00,Hot-Wet,2009-01-16 05:00:00,1
14.67491557,-19.1545634,LA1,2009-01-16,05:20:38 AM,05:20:00,Hot-Wet,2009-01-16 05:20:00,1
14.67321981,-19.15897827,LA1,2009-01-16,05:40:38 AM,05:40:00,Hot-Wet,2009-01-16 05:40:00,1
14.66937052,-19.16231893,LA1,2009-01-16,06:00:38 AM,06:00:00,Hot-Wet,2009-01-16 06:00:00,1
14.66880595,-19.16676839,LA1,2009-01-16,06:20:38 AM,06:20:00,Hot-Wet,2009-01-16 06:20:00,1
14.6691335,-19.16699015,LA1,2009-01-16,06:40:38 AM,06:40:00,Hot-Wet,2009-01-16 06:40:00,1
14.66884867,-19.16713257,LA1,2009-01-16,07:00:38 AM,07:00:00,Hot-Wet,2009-01-16 07:00:00,1
14.66879679,-19.16680908,LA1,2009-01-16,07:20:38 AM,07:20:00,Hot-Wet,2009-01-16 07:20:00,1
14.66909993,-19.16656291,LA1,2009-01-16,07:40:38 AM,07:40:00,Hot-Wet,2009-01-16 07:40:00,1
14.66813049,-19.16375122,LA1,2009-01-16,08:00:38 AM,08:00:00,Hot-Wet,2009-01-16 08:00:00,1
14.66813049,-19.16376139,LA1,2009-01-16,08:20:38 AM,08:20:00,Hot-Wet,2009-01-16 08:20:00,1
14.66422017,-19.15697021,LA1,2009-01-16,08:40:38 AM,08:40:00,Hot-Wet,2009-01-16 08:40:00,1
14.65793152,-19.14166056,LA1,2009-01-16,09:00:38 AM,09:00:00,Hot-Wet,2009-01-16 09:00:00,1
14.65793355,-19.14167074,LA1,2009-01-16,09:20:38 AM,09:20:00,Hot-Wet,2009-01-16 09:20:00,1
14.65689494,-19.137205,LA1,2009-01-16,09:40:38 AM,09:40:00,Hot-Wet,2009-01-16 09:40:00,1
14.65682373,-19.13717041,LA1,2009-01-16,10:00:38 AM,10:00:00,Hot-Wet,2009-01-16 10:00:00,1
14.65684916,-19.13717244,LA1,2009-01-16,10:20:38 AM,10:20:00,Hot-Wet,2009-01-16 10:20:00,1
14.65688375,-19.1371582,LA1,2009-01-16,10:40:38 AM,10:40:00,Hot-Wet,2009-01-16 10:40:00,1
14.6568807,-19.1371582,LA1,2009-01-16,11:00:38 AM,11:00:00,Hot-Wet,2009-01-16 11:00:00,1
14.6568634,-19.13719076,LA1,2009-01-16,11:20:38 AM,11:20:00,Hot-Wet,2009-01-16 11:20:00,1
14.65683187,-19.13712158,LA1,2009-01-16,11:40:38 AM,11:40:00,Hot-Wet,2009-01-16 11:40:00,1
14.65687154,-19.13715617,LA1,2009-01-16,12:00:38 PM,12:00:00,Hot-Wet,2009-01-16 12:00:00,1
14.65683594,-19.137146,LA1,2009-01-16,12:20:38 PM,12:20:00,Hot-Wet,2009-01-16 12:20:00,1
14.65689087,-19.1371582,LA1,2009-01-16,12:40:38 PM,12:40:00,Hot-Wet,2009-01-16 12:40:00,1
14.65684102,-19.13716024,LA1,2009-01-16,01:00:38 PM,13:00:00,Hot-Wet,2009-01-16 13:00:00,1
14.65687663,-19.13716431,LA1,2009-01-16,01:20:38 PM,13:20:00,Hot-Wet,2009-01-16 13:20:00,1
14.65686747,-19.13714803,LA1,2009-01-16,01:40:38 PM,13:40:00,Hot-Wet,2009-01-16 13:40:00,1
14.65687358,-19.13715617,LA1,2009-01-16,02:00:38 PM,14:00:00,Hot-Wet,2009-01-16 14:00:00,1
14.65685933,-19.13717651,LA1,2009-01-16,02:20:38 PM,14:20:00,Hot-Wet,2009-01-16 14:20:00,1
14.65685832,-19.137146,LA1,2009-01-16,02:40:38 PM,14:40:00,Hot-Wet,2009-01-16 14:40:00,1
14.65672811,-19.137146,LA1,2009-01-16,03:00:38 PM,15:00:00,Hot-Wet,2009-01-16 15:00:00,1
14.65687866,-19.13716838,LA1,2009-01-16,03:20:38 PM,15:20:00,Hot-Wet,2009-01-16 15:20:00,1
14.65755615,-19.13857422,LA1,2009-01-16,03:40:38 PM,15:40:00,Hot-Wet,2009-01-16 15:40:00,1
14.65811259,-19.14316813,LA1,2009-01-16,04:00:38 PM,16:00:00,Hot-Wet,2009-01-16 16:00:00,1
14.66026917,-19.14745687,LA1,2009-01-16,04:20:38 PM,16:20:00,Hot-Wet,2009-01-16 16:20:00,1
14.66255798,-19.15161133,LA1,2009-01-16,04:40:38 PM,16:40:00,Hot-Wet,2009-01-16 16:40:00,1
14.66420593,-19.15402425,LA1,2009-01-16,05:00:38 PM,17:00:00,Hot-Wet,2009-01-16 17:00:00,1
14.66526693,-19.15629069,LA1,2009-01-16,05:20:38 PM,17:20:00,Hot-Wet,2009-01-16 17:20:00,1
14.66455383,-19.15949504,LA1,2009-01-16,05:40:38 PM,17:40:00,Hot-Wet,2009-01-16 17:40:00,1
14.66269836,-19.16299845,LA1,2009-01-16,06:00:38 PM,18:00:00,Hot-Wet,2009-01-16 18:00:00,1
14.66352641,-19.1688619,LA1,2009-01-16,06:20:38 PM,18:20:00,Hot-Wet,2009-01-16 18:20:00,1
14.66427816,-19.17146403,LA1,2009-01-16,06:40:38 PM,18:40:00,Hot-Wet,2009-01-16 18:40:00,1
14.66399536,-19.17170817,LA1,2009-01-16,07:00:38 PM,19:00:00,Hot-Wet,2009-01-16 19:00:00,1
14.6639211,-19.17189331,LA1,2009-01-16,07:20:38 PM,19:20:00,Hot-Wet,2009-01-16 19:20:00,1
14.66392924,-19.17200928,LA1,2009-01-16,07:40:38 PM,19:40:00,Hot-Wet,2009-01-16 19:40:00,1
14.66396383,-19.17206828,LA1,2009-01-16,08:00:38 PM,20:00:00,Hot-Wet,2009-01-16 20:00:00,1
14.66396383,-19.17206828,LA1,2009-01-16,08:20:38 PM,20:20:00,Hot-Wet,2009-01-16 20:20:00,1
14.66383362,-19.172111,LA1,2009-01-16,08:40:38 PM,20:40:00,Hot-Wet,2009-01-16 20:40:00,1
14.6634908,-19.17235107,LA1,2009-01-16,09:00:38 PM,21:00:00,Hot-Wet,2009-01-16 21:00:00,1
14.66345723,-19.17271322,LA1,2009-01-16,09:20:38 PM,21:20:00,Hot-Wet,2009-01-16 21:20:00,1
14.66345723,-19.17273153,LA1,2009-01-16,09:40:38 PM,21:40:00,Hot-Wet,2009-01-16 21:40:00,1
14.66344401,-19.17271322,LA1,2009-01-16,10:00:38 PM,22:00:00,Hot-Wet,2009-01-16 22:00:00,1
14.66343384,-19.17266235,LA1,2009-01-16,10:20:38 PM,22:20:00,Hot-Wet,2009-01-16 22:20:00,1
14.66347961,-19.1727356,LA1,2009-01-16,10:40:38 PM,22:40:00,Hot-Wet,2009-01-16 22:40:00,1
14.66348267,-19.17273966,LA1,2009-01-16,11:00:38 PM,23:00:00,Hot-Wet,2009-01-16 23:00:00,1
14.66347555,-19.17273763,LA1,2009-01-16,11:20:38 PM,23:20:00,Hot-Wet,2009-01-16 23:20:00,1
14.66348368,-19.1727356,LA1,2009-01-16,11:40:38 PM,23:40:00,Hot-Wet,2009-01-16 23:40:00,1
14.66350301,-19.17271729,LA1,2009-01-17,12:00:38 AM,00:00:00,Hot-Wet,2009-01-17 00:00:00,1
14.66343689,-19.17270711,LA1,2009-01-17,12:20:38 AM,00:20:00,Hot-Wet,2009-01-17 00:20:00,1
14.66341451,-19.17269491,LA1,2009-01-17,12:40:38 AM,00:40:00,Hot-Wet,2009-01-17 00:40:00,1
14.66343384,-19.17261759,LA1,2009-01-17,01:00:38 AM,01:00:00,Hot-Wet,2009-01-17 01:00:00,1
14.66334229,-19.17243449,LA1,2009-01-17,01:20:38 AM,01:20:00,Hot-Wet,2009-01-17 01:20:00,1
14.66316935,-19.1722168,LA1,2009-01-17,01:40:38 AM,01:40:00,Hot-Wet,2009-01-17 01:40:00,1
14.66342875,-19.17268677,LA1,2009-01-17,02:00:38 AM,02:00:00,Hot-Wet,2009-01-17 02:00:00,1
14.66343282,-19.17269491,LA1,2009-01-17,02:20:38 AM,02:20:00,Hot-Wet,2009-01-17 02:20:00,1
14.66342672,-19.17268677,LA1,2009-01-17,02:40:38 AM,02:40:00,Hot-Wet,2009-01-17 02:40:00,1
14.66346842,-19.17273356,LA1,2009-01-17,03:00:38 AM,03:00:00,Hot-Wet,2009-01-17 03:00:00,1
14.66344604,-19.17272542,LA1,2009-01-17,03:20:38 AM,03:20:00,Hot-Wet,2009-01-17 03:20:00,1
14.66345622,-19.17271322,LA1,2009-01-17,03:40:38 AM,03:40:00,Hot-Wet,2009-01-17 03:40:00,1
14.66343689,-19.17271729,LA1,2009-01-17,04:00:38 AM,04:00:00,Hot-Wet,2009-01-17 04:00:00,1
14.66355286,-19.17267049,LA1,2009-01-17,04:20:38 AM,04:20:00,Hot-Wet,2009-01-17 04:20:00,1
14.66370036,-19.1725118,LA1,2009-01-17,04:40:38 AM,04:40:00,Hot-Wet,2009-01-17 04:40:00,1
14.66383158,-19.17274373,LA1,2009-01-17,05:00:38 AM,05:00:00,Hot-Wet,2009-01-17 05:00:00,1
14.6640625,-19.17261963,LA1,2009-01-17,05:20:38 AM,05:20:00,Hot-Wet,2009-01-17 05:20:00,1
14.66181132,-19.17353516,LA1,2009-01-17,05:40:38 AM,05:40:00,Hot-Wet,2009-01-17 05:40:00,1
14.66429036,-19.17434489,LA1,2009-01-17,06:00:38 AM,06:00:00,Hot-Wet,2009-01-17 06:00:00,1
14.6642629,-19.17440796,LA1,2009-01-17,06:20:38 AM,06:20:00,Hot-Wet,2009-01-17 06:20:00,1
14.66716207,-19.17566732,LA1,2009-01-17,06:40:38 AM,06:40:00,Hot-Wet,2009-01-17 06:40:00,1
14.67215881,-19.17868449,LA1,2009-01-17,07:00:38 AM,07:00:00,Hot-Wet,2009-01-17 07:00:00,1
14.67214762,-19.17867839,LA1,2009-01-17,07:20:38 AM,07:20:00,Hot-Wet,2009-01-17 07:20:00,1
14.67272644,-19.17906291,LA1,2009-01-17,07:40:38 AM,07:40:00,Hot-Wet,2009-01-17 07:40:00,1
14.6747467,-19.17973836,LA1,2009-01-17,08:00:38 AM,08:00:00,Hot-Wet,2009-01-17 08:00:00,1
14.67475586,-19.17974854,LA1,2009-01-17,08:20:38 AM,08:20:00,Hot-Wet,2009-01-17 08:20:00,1
14.67720439,-19.18016764,LA1,2009-01-17,08:40:38 AM,08:40:00,Hot-Wet,2009-01-17 08:40:00,1
14.67720439,-19.18015951,LA1,2009-01-17,09:00:38 AM,09:00:00,Hot-Wet,2009-01-17 09:00:00,1
14.67836609,-19.17987671,LA1,2009-01-17,09:20:38 AM,09:20:00,Hot-Wet,2009-01-17 09:20:00,1
14.68522644,-19.18186849,LA1,2009-01-17,09:40:38 AM,09:40:00,Hot-Wet,2009-01-17 09:40:00,1
14.68899231,-19.18304647,LA1,2009-01-17,10:00:38 AM,10:00:00,Hot-Wet,2009-01-17 10:00:00,1
14.68899434,-19.18299154,LA1,2009-01-17,10:20:38 AM,10:20:00,Hot-Wet,2009-01-17 10:20:00,1
14.6890035,-19.18302002,LA1,2009-01-17,10:40:38 AM,10:40:00,Hot-Wet,2009-01-17 10:40:00,1
14.6889445,-19.18305257,LA1,2009-01-17,11:00:38 AM,11:00:00,Hot-Wet,2009-01-17 11:00:00,1
14.68897298,-19.18302002,LA1,2009-01-17,11:20:38 AM,11:20:00,Hot-Wet,2009-01-17 11:20:00,1
14.68905436,-19.18302816,LA1,2009-01-17,11:40:48 AM,11:40:00,Hot-Wet,2009-01-17 11:40:00,1
14.68900859,-19.18298747,LA1,2009-01-17,12:00:48 PM,12:00:00,Hot-Wet,2009-01-17 12:00:00,1
14.68906148,-19.18299357,LA1,2009-01-17,12:20:49 PM,12:20:00,Hot-Wet,2009-01-17 12:20:00,1
14.68905029,-19.18301188,LA1,2009-01-17,12:40:48 PM,12:40:00,Hot-Wet,2009-01-17 12:40:00,1
14.68905945,-19.18299764,LA1,2009-01-17,01:00:48 PM,13:00:00,Hot-Wet,2009-01-17 13:00:00,1
14.68903707,-19.18302002,LA1,2009-01-17,01:20:48 PM,13:20:00,Hot-Wet,2009-01-17 13:20:00,1
14.68907572,-19.18302816,LA1,2009-01-17,01:40:48 PM,13:40:00,Hot-Wet,2009-01-17 13:40:00,1
14.68907369,-19.18302816,LA1,2009-01-17,02:00:48 PM,14:00:00,Hot-Wet,2009-01-17 14:00:00,1
14.68907267,-19.18303833,LA1,2009-01-17,02:20:48 PM,14:20:00,Hot-Wet,2009-01-17 14:20:00,1
14.68958842,-19.18340861,LA1,2009-01-17,02:40:48 PM,14:40:00,Hot-Wet,2009-01-17 14:40:00,1
14.68959045,-19.18338623,LA1,2009-01-17,03:00:48 PM,15:00:00,Hot-Wet,2009-01-17 15:00:00,1
14.68959757,-19.18339233,LA1,2009-01-17,03:20:48 PM,15:20:00,Hot-Wet,2009-01-17 15:20:00,1
14.6899292,-19.18357747,LA1,2009-01-17,03:40:48 PM,15:40:00,Hot-Wet,2009-01-17 15:40:00,1
14.68987122,-19.18376668,LA1,2009-01-17,04:00:48 PM,16:00:00,Hot-Wet,2009-01-17 16:00:00,1
14.69220479,-19.18376872,LA1,2009-01-17,04:20:48 PM,16:20:00,Hot-Wet,2009-01-17 16:20:00,1
14.69310913,-19.18378703,LA1,2009-01-17,04:40:48 PM,16:40:00,Hot-Wet,2009-01-17 16:40:00,1
14.69697571,-19.18355103,LA1,2009-01-17,05:00:48 PM,17:00:00,Hot-Wet,2009-01-17 17:00:00,1
14.70475362,-19.1833374,LA1,2009-01-17,05:20:48 PM,17:20:00,Hot-Wet,2009-01-17 17:20:00,1
14.71198222,-19.18484904,LA1,2009-01-17,05:40:48 PM,17:40:00,Hot-Wet,2009-01-17 17:40:00,1
14.71636963,-19.1838501,LA1,2009-01-17,06:00:48 PM,18:00:00,Hot-Wet,2009-01-17 18:00:00,1
14.72477926,-19.18066203,LA1,2009-01-17,06:20:48 PM,18:20:00,Hot-Wet,2009-01-17 18:20:00,1
14.73357951,-19.17541707,LA1,2009-01-17,06:40:48 PM,18:40:00,Hot-Wet,2009-01-17 18:40:00,1
14.74107463,-19.17283122,LA1,2009-01-17,07:00:48 PM,19:00:00,Hot-Wet,2009-01-17 19:00:00,1
14.75295817,-19.16889242,LA1,2009-01-17,07:20:48 PM,19:20:00,Hot-Wet,2009-01-17 19:20:00,1
14.76226908,-19.16354777,LA1,2009-01-17,07:40:48 PM,19:40:00,Hot-Wet,2009-01-17 19:40:00,1
14.76596476,-19.16121419,LA1,2009-01-17,08:00:48 PM,20:00:00,Hot-Wet,2009-01-17 20:00:00,1
14.77582194,-19.15456136,LA1,2009-01-17,08:20:48 PM,20:20:00,Hot-Wet,2009-01-17 20:20:00,1
14.78032939,-19.15230509,LA1,2009-01-17,08:40:48 PM,20:40:00,Hot-Wet,2009-01-17 20:40:00,1
14.78016866,-19.14555054,LA1,2009-01-17,09:00:48 PM,21:00:00,Hot-Wet,2009-01-17 21:00:00,1
14.78045553,-19.13475545,LA1,2009-01-17,09:20:48 PM,21:20:00,Hot-Wet,2009-01-17 21:20:00,1
14.77998861,-19.13273315,LA1,2009-01-17,09:40:48 PM,21:40:00,Hot-Wet,2009-01-17 21:40:00,1
14.77788289,-19.13461914,LA1,2009-01-17,10:00:48 PM,22:00:00,Hot-Wet,2009-01-17 22:00:00,1
14.77262573,-19.13704427,LA1,2009-01-17,10:20:48 PM,22:20:00,Hot-Wet,2009-01-17 22:20:00,1
14.77104289,-19.13764648,LA1,2009-01-17,10:40:48 PM,22:40:00,Hot-Wet,2009-01-17 22:40:00,1
14.76421712,-19.13746948,LA1,2009-01-17,11:00:48 PM,23:00:00,Hot-Wet,2009-01-17 23:00:00,1
14.75331217,-19.13598836,LA1,2009-01-17,11:20:48 PM,23:20:00,Hot-Wet,2009-01-17 23:20:00,1
14.74444682,-19.13581543,LA1,2009-01-17,11:40:48 PM,23:40:00,Hot-Wet,2009-01-17 23:40:00,1
14.73674825,-19.13891602,LA1,2009-01-18,12:00:48 AM,00:00:00,Hot-Wet,2009-01-18 00:00:00,1
14.73638306,-19.14089559,LA1,2009-01-18,12:20:49 AM,00:20:00,Hot-Wet,2009-01-18 00:20:00,1
14.7363505,-19.14083659,LA1,2009-01-18,12:40:48 AM,00:40:00,Hot-Wet,2009-01-18 00:40:00,1
14.73645223,-19.1409078,LA1,2009-01-18,01:00:48 AM,01:00:00,Hot-Wet,2009-01-18 01:00:00,1
14.73642375,-19.1409078,LA1,2009-01-18,01:20:48 AM,01:20:00,Hot-Wet,2009-01-18 01:20:00,1
14.73283895,-19.14240112,LA1,2009-01-18,01:40:48 AM,01:40:00,Hot-Wet,2009-01-18 01:40:00,1
14.72483927,-19.14169718,LA1,2009-01-18,02:00:48 AM,02:00:00,Hot-Wet,2009-01-18 02:00:00,1
14.71509806,-19.14012451,LA1,2009-01-18,02:20:48 AM,02:20:00,Hot-Wet,2009-01-18 02:20:00,1
14.70490621,-19.13829549,LA1,2009-01-18,02:40:48 AM,02:40:00,Hot-Wet,2009-01-18 02:40:00,1
14.69469808,-19.13651123,LA1,2009-01-18,03:00:48 AM,03:00:00,Hot-Wet,2009-01-18 03:00:00,1
14.68392232,-19.13697306,LA1,2009-01-18,03:20:48 AM,03:20:00,Hot-Wet,2009-01-18 03:20:00,1
14.682606,-19.13765666,LA1,2009-01-18,03:40:48 AM,03:40:00,Hot-Wet,2009-01-18 03:40:00,1
14.68105062,-19.13625488,LA1,2009-01-18,04:00:48 AM,04:00:00,Hot-Wet,2009-01-18 04:00:00,1
14.66902771,-19.1349467,LA1,2009-01-18,04:20:48 AM,04:20:00,Hot-Wet,2009-01-18 04:20:00,1
14.65684001,-19.13715413,LA1,2009-01-18,04:40:48 AM,04:40:00,Hot-Wet,2009-01-18 04:40:00,1
14.65683187,-19.1371582,LA1,2009-01-18,05:00:48 AM,05:00:00,Hot-Wet,2009-01-18 05:00:00,1
14.65684306,-19.13715413,LA1,2009-01-18,05:20:48 AM,05:20:00,Hot-Wet,2009-01-18 05:20:00,1
14.65684001,-19.13714193,LA1,2009-01-18,05:40:48 AM,05:40:00,Hot-Wet,2009-01-18 05:40:00,1
14.6613088,-19.14046224,LA1,2009-01-18,06:00:48 AM,06:00:00,Hot-Wet,2009-01-18 06:00:00,1
14.66294759,-19.14246012,LA1,2009-01-18,06:20:48 AM,06:20:00,Hot-Wet,2009-01-18 06:20:00,1
14.66631063,-19.14556681,LA1,2009-01-18,06:40:48 AM,06:40:00,Hot-Wet,2009-01-18 06:40:00,1
14.66756083,-19.14726156,LA1,2009-01-18,07:00:48 AM,07:00:00,Hot-Wet,2009-01-18 07:00:00,1
14.66762695,-19.14710083,LA1,2009-01-18,07:20:48 AM,07:20:00,Hot-Wet,2009-01-18 07:20:00,1
14.66746216,-19.14691976,LA1,2009-01-18,07:40:48 AM,07:40:00,Hot-Wet,2009-01-18 07:40:00,1
14.66424459,-19.14259237,LA1,2009-01-18,08:00:48 AM,08:00:00,Hot-Wet,2009-01-18 08:00:00,1
14.65863444,-19.13764648,LA1,2009-01-18,08:20:48 AM,08:20:00,Hot-Wet,2009-01-18 08:20:00,1
14.65688375,-19.13771769,LA1,2009-01-18,08:40:48 AM,08:40:00,Hot-Wet,2009-01-18 08:40:00,1
14.65358988,-19.14466756,LA1,2009-01-18,09:00:48 AM,09:00:00,Hot-Wet,2009-01-18 09:00:00,1
14.64418538,-19.15340576,LA1,2009-01-18,09:20:48 AM,09:20:00,Hot-Wet,2009-01-18 09:20:00,1
14.63502502,-19.16262817,LA1,2009-01-18,09:40:48 AM,09:40:00,Hot-Wet,2009-01-18 09:40:00,1
14.62718608,-19.16810303,LA1,2009-01-18,10:00:48 AM,10:00:00,Hot-Wet,2009-01-18 10:00:00,1
14.62033997,-19.17364909,LA1,2009-01-18,10:20:48 AM,10:20:00,Hot-Wet,2009-01-18 10:20:00,1
14.61665141,-19.17594808,LA1,2009-01-18,10:40:48 AM,10:40:00,Hot-Wet,2009-01-18 10:40:00,1
14.61545207,-19.17501221,LA1,2009-01-18,11:00:48 AM,11:00:00,Hot-Wet,2009-01-18 11:00:00,1
14.61348165,-19.1738973,LA1,2009-01-18,11:20:48 AM,11:20:00,Hot-Wet,2009-01-18 11:20:00,1
14.61305033,-19.17323405,LA1,2009-01-18,11:40:48 AM,11:40:00,Hot-Wet,2009-01-18 11:40:00,1
14.61305847,-19.17324015,LA1,2009-01-18,12:00:48 PM,12:00:00,Hot-Wet,2009-01-18 12:00:00,1
14.61309611,-19.17322795,LA1,2009-01-18,12:20:49 PM,12:20:00,Hot-Wet,2009-01-18 12:20:00,1
14.61306051,-19.17324422,LA1,2009-01-18,12:40:48 PM,12:40:00,Hot-Wet,2009-01-18 12:40:00,1
14.61308492,-19.17324015,LA1,2009-01-18,01:00:48 PM,13:00:00,Hot-Wet,2009-01-18 13:00:00,1
14.61301575,-19.1732076,LA1,2009-01-18,01:20:48 PM,13:20:00,Hot-Wet,2009-01-18 13:20:00,1
14.61309204,-19.17332153,LA1,2009-01-18,01:40:48 PM,13:40:00,Hot-Wet,2009-01-18 13:40:00,1
14.60778503,-19.17548218,LA1,2009-01-18,02:00:48 PM,14:00:00,Hot-Wet,2009-01-18 14:00:00,1
14.60048726,-19.17502848,LA1,2009-01-18,02:20:48 PM,14:20:00,Hot-Wet,2009-01-18 14:20:00,1
14.59038493,-19.17538859,LA1,2009-01-18,02:40:48 PM,14:40:00,Hot-Wet,2009-01-18 14:40:00,1
14.57952576,-19.17511597,LA1,2009-01-18,03:00:48 PM,15:00:00,Hot-Wet,2009-01-18 15:00:00,1
14.57112325,-19.17467041,LA1,2009-01-18,03:20:48 PM,15:20:00,Hot-Wet,2009-01-18 15:20:00,1
14.56480713,-19.17248942,LA1,2009-01-18,03:40:48 PM,15:40:00,Hot-Wet,2009-01-18 15:40:00,1
14.55649719,-19.16976318,LA1,2009-01-18,04:00:48 PM,16:00:00,Hot-Wet,2009-01-18 16:00:00,1
14.54217224,-19.16943359,LA1,2009-01-18,04:20:48 PM,16:20:00,Hot-Wet,2009-01-18 16:20:00,1
14.53022868,-19.17427368,LA1,2009-01-18,04:40:48 PM,16:40:00,Hot-Wet,2009-01-18 16:40:00,1
14.53022664,-19.17427775,LA1,2009-01-18,05:00:48 PM,17:00:00,Hot-Wet,2009-01-18 17:00:00,1
14.53023478,-19.17427165,LA1,2009-01-18,05:20:48 PM,17:20:00,Hot-Wet,2009-01-18 17:20:00,1
14.53023783,-19.17427165,LA1,2009-01-18,05:40:48 PM,17:40:00,Hot-Wet,2009-01-18 17:40:00,1
14.53024495,-19.17426554,LA1,2009-01-18,06:00:48 PM,18:00:00,Hot-Wet,2009-01-18 18:00:00,1
14.53356628,-19.17514852,LA1,2009-01-18,06:20:48 PM,18:20:00,Hot-Wet,2009-01-18 18:20:00,1
14.53513692,-19.1752299,LA1,2009-01-18,06:40:48 PM,18:40:00,Hot-Wet,2009-01-18 18:40:00,1
14.53577271,-19.17593587,LA1,2009-01-18,07:00:48 PM,19:00:00,Hot-Wet,2009-01-18 19:00:00,1
14.53657735,-19.17659912,LA1,2009-01-18,07:20:48 PM,19:20:00,Hot-Wet,2009-01-18 19:20:00,1
14.53734233,-19.17768148,LA1,2009-01-18,07:40:48 PM,19:40:00,Hot-Wet,2009-01-18 19:40:00,1
14.53802185,-19.17859701,LA1,2009-01-18,08:00:48 PM,20:00:00,Hot-Wet,2009-01-18 20:00:00,1
14.54072978,-19.18024292,LA1,2009-01-18,08:20:48 PM,20:20:00,Hot-Wet,2009-01-18 20:20:00,1
14.54394938,-19.1842631,LA1,2009-01-18,08:40:48 PM,20:40:00,Hot-Wet,2009-01-18 20:40:00,1
14.5452769,-19.18732503,LA1,2009-01-18,09:00:48 PM,21:00:00,Hot-Wet,2009-01-18 21:00:00,1
14.54430644,-19.18810221,LA1,2009-01-18,09:20:48 PM,21:20:00,Hot-Wet,2009-01-18 21:20:00,1
14.54463806,-19.18861694,LA1,2009-01-18,09:40:48 PM,21:40:00,Hot-Wet,2009-01-18 21:40:00,1
14.54327291,-19.18899943,LA1,2009-01-18,10:00:48 PM,22:00:00,Hot-Wet,2009-01-18 22:00:00,1
14.54315389,-19.18869425,LA1,2009-01-18,10:20:48 PM,22:20:00,Hot-Wet,2009-01-18 22:20:00,1
14.5428599,-19.1883138,LA1,2009-01-18,10:40:48 PM,22:40:00,Hot-Wet,2009-01-18 22:40:00,1
14.54289856,-19.18825277,LA1,2009-01-18,11:00:48 PM,23:00:00,Hot-Wet,2009-01-18 23:00:00,1
14.54283549,-19.18823446,LA1,2009-01-18,11:20:48 PM,23:20:00,Hot-Wet,2009-01-18 23:20:00,1
14.54289653,-19.18827515,LA1,2009-01-18,11:40:48 PM,23:40:00,Hot-Wet,2009-01-18 23:40:00,1
14.54204,-19.18638306,LA1,2009-01-19,12:00:48 AM,00:00:00,Hot-Wet,2009-01-19 00:00:00,1
14.54108276,-19.18315023,LA1,2009-01-19,12:20:49 AM,00:20:00,Hot-Wet,2009-01-19 00:20:00,1
14.53914286,-19.18018799,LA1,2009-01-19,12:40:48 AM,00:40:00,Hot-Wet,2009-01-19 00:40:00,1
14.53025614,-19.1742513,LA1,2009-01-19,01:00:48 AM,01:00:00,Hot-Wet,2009-01-19 01:00:00,1
14.5337026,-19.17406209,LA1,2009-01-19,01:20:48 AM,01:20:00,Hot-Wet,2009-01-19 01:20:00,1
14.53887838,-19.17631226,LA1,2009-01-19,01:40:48 AM,01:40:00,Hot-Wet,2009-01-19 01:40:00,1
14.54015503,-19.17749023,LA1,2009-01-19,02:00:48 AM,02:00:00,Hot-Wet,2009-01-19 02:00:00,1
14.54103088,-19.17835083,LA1,2009-01-19,02:20:48 AM,02:20:00,Hot-Wet,2009-01-19 02:20:00,1
14.54149679,-19.17885335,LA1,2009-01-19,02:40:48 AM,02:40:00,Hot-Wet,2009-01-19 02:40:00,1
14.54149984,-19.17884725,LA1,2009-01-19,03:00:48 AM,03:00:00,Hot-Wet,2009-01-19 03:00:00,1
14.5415151,-19.17884725,LA1,2009-01-19,03:20:48 AM,03:20:00,Hot-Wet,2009-01-19 03:20:00,1
14.54179179,-19.17914429,LA1,2009-01-19,03:40:48 AM,03:40:00,Hot-Wet,2009-01-19 03:40:00,1
14.54255371,-19.17940063,LA1,2009-01-19,04:00:48 AM,04:00:00,Hot-Wet,2009-01-19 04:00:00,1
14.54319661,-19.18031616,LA1,2009-01-19,04:20:58 AM,04:20:00,Hot-Wet,2009-01-19 04:20:00,1
14.54694824,-19.18410645,LA1,2009-01-19,04:40:48 AM,04:40:00,Hot-Wet,2009-01-19 04:40:00,1
14.54867554,-19.18643595,LA1,2009-01-19,05:00:48 AM,05:00:00,Hot-Wet,2009-01-19 05:00:00,1
14.55373739,-19.18981323,LA1,2009-01-19,05:20:48 AM,05:20:00,Hot-Wet,2009-01-19 05:20:00,1
14.55871582,-19.19446208,LA1,2009-01-19,05:40:48 AM,05:40:00,Hot-Wet,2009-01-19 05:40:00,1
14.56081848,-19.19796549,LA1,2009-01-19,06:00:48 AM,06:00:00,Hot-Wet,2009-01-19 06:00:00,1
14.56997782,-19.19793905,LA1,2009-01-19,06:20:48 AM,06:20:00,Hot-Wet,2009-01-19 06:20:00,1
14.5802358,-19.20202433,LA1,2009-01-19,06:40:48 AM,06:40:00,Hot-Wet,2009-01-19 06:40:00,1
14.59141235,-19.19884237,LA1,2009-01-19,07:00:48 AM,07:00:00,Hot-Wet,2009-01-19 07:00:00,1
14.59965413,-19.19406331,LA1,2009-01-19,07:20:48 AM,07:20:00,Hot-Wet,2009-01-19 07:20:00,1
14.60574137,-19.19238078,LA1,2009-01-19,07:40:48 AM,07:40:00,Hot-Wet,2009-01-19 07:40:00,1
14.60888367,-19.1928304,LA1,2009-01-19,08:00:48 AM,08:00:00,Hot-Wet,2009-01-19 08:00:00,1
14.60904643,-19.19275513,LA1,2009-01-19,08:20:48 AM,08:20:00,Hot-Wet,2009-01-19 08:20:00,1
14.61074829,-19.19418132,LA1,2009-01-19,08:40:48 AM,08:40:00,Hot-Wet,2009-01-19 08:40:00,1
14.61119181,-19.19436849,LA1,2009-01-19,09:00:48 AM,09:00:00,Hot-Wet,2009-01-19 09:00:00,1
14.61179708,-19.19508667,LA1,2009-01-19,09:20:48 AM,09:20:00,Hot-Wet,2009-01-19 09:20:00,1
14.61307475,-19.19631551,LA1,2009-01-19,09:40:48 AM,09:40:00,Hot-Wet,2009-01-19 09:40:00,1
14.61309001,-19.19632772,LA1,2009-01-19,10:00:48 AM,10:00:00,Hot-Wet,2009-01-19 10:00:00,1
14.61430155,-19.19689128,LA1,2009-01-19,10:20:48 AM,10:20:00,Hot-Wet,2009-01-19 10:20:00,1
14.61506551,-19.19731852,LA1,2009-01-19,10:40:48 AM,10:40:00,Hot-Wet,2009-01-19 10:40:00,1
14.61508484,-19.19686483,LA1,2009-01-19,11:00:48 AM,11:00:00,Hot-Wet,2009-01-19 11:00:00,1
14.61496785,-19.19665934,LA1,2009-01-19,11:20:48 AM,11:20:00,Hot-Wet,2009-01-19 11:20:00,1
14.61497396,-19.19661255,LA1,2009-01-19,11:40:48 AM,11:40:00,Hot-Wet,2009-01-19 11:40:00,1
14.61466064,-19.19650472,LA1,2009-01-19,12:00:48 PM,12:00:00,Hot-Wet,2009-01-19 12:00:00,1
14.61467896,-19.19650269,LA1,2009-01-19,12:20:49 PM,12:20:00,Hot-Wet,2009-01-19 12:20:00,1
14.61494344,-19.19693197,LA1,2009-01-19,12:40:48 PM,12:40:00,Hot-Wet,2009-01-19 12:40:00,1
14.6168925,-19.19879964,LA1,2009-01-19,01:00:48 PM,13:00:00,Hot-Wet,2009-01-19 13:00:00,1
14.61748556,-19.19999186,LA1,2009-01-19,01:20:48 PM,13:20:00,Hot-Wet,2009-01-19 13:20:00,1
14.61832275,-19.19963582,LA1,2009-01-19,01:40:48 PM,13:40:00,Hot-Wet,2009-01-19 13:40:00,1
14.62089844,-19.19580282,LA1,2009-01-19,02:00:48 PM,14:00:00,Hot-Wet,2009-01-19 14:00:00,1
14.62722168,-19.19271647,LA1,2009-01-19,02:20:48 PM,14:20:00,Hot-Wet,2009-01-19 14:20:00,1
14.63464559,-19.19555868,LA1,2009-01-19,02:40:48 PM,14:40:00,Hot-Wet,2009-01-19 14:40:00,1
14.6358134,-19.19542236,LA1,2009-01-19,03:00:48 PM,15:00:00,Hot-Wet,2009-01-19 15:00:00,1
14.63576457,-19.19535522,LA1,2009-01-19,03:20:48 PM,15:20:00,Hot-Wet,2009-01-19 15:20:00,1
14.63644206,-19.19550985,LA1,2009-01-19,03:40:48 PM,15:40:00,Hot-Wet,2009-01-19 15:40:00,1
14.63698018,-19.19562785,LA1,2009-01-19,04:00:48 PM,16:00:00,Hot-Wet,2009-01-19 16:00:00,1
14.63707275,-19.19544067,LA1,2009-01-19,04:20:48 PM,16:20:00,Hot-Wet,2009-01-19 16:20:00,1
14.63702393,-19.19526367,LA1,2009-01-19,04:40:48 PM,16:40:00,Hot-Wet,2009-01-19 16:40:00,1
14.63709005,-19.19558716,LA1,2009-01-19,05:00:48 PM,17:00:00,Hot-Wet,2009-01-19 17:00:00,1
14.63941345,-19.19799805,LA1,2009-01-19,05:20:48 PM,17:20:00,Hot-Wet,2009-01-19 17:20:00,1
14.64642131,-19.19927979,LA1,2009-01-19,05:40:48 PM,17:40:00,Hot-Wet,2009-01-19 17:40:00,1
14.64973145,-19.1987854,LA1,2009-01-19,06:00:48 PM,18:00:00,Hot-Wet,2009-01-19 18:00:00,1
14.65473226,-19.19867554,LA1,2009-01-19,06:20:48 PM,18:20:00,Hot-Wet,2009-01-19 18:20:00,1
14.6587148,-19.20059001,LA1,2009-01-19,06:40:48 PM,18:40:00,Hot-Wet,2009-01-19 18:40:00,1
14.66276957,-19.20329793,LA1,2009-01-19,07:00:48 PM,19:00:00,Hot-Wet,2009-01-19 19:00:00,1
14.66463928,-19.20639038,LA1,2009-01-19,07:20:48 PM,19:20:00,Hot-Wet,2009-01-19 19:20:00,1
14.66729431,-19.20728353,LA1,2009-01-19,07:40:48 PM,19:40:00,Hot-Wet,2009-01-19 19:40:00,1
14.66757202,-19.20964355,LA1,2009-01-19,08:00:48 PM,20:00:00,Hot-Wet,2009-01-19 20:00:00,1
14.66827799,-19.21207275,LA1,2009-01-19,08:20:48 PM,20:20:00,Hot-Wet,2009-01-19 20:20:00,1
14.66907756,-19.21360881,LA1,2009-01-19,08:40:48 PM,20:40:00,Hot-Wet,2009-01-19 20:40:00,1
14.67020162,-19.21430054,LA1,2009-01-19,09:00:48 PM,21:00:00,Hot-Wet,2009-01-19 21:00:00,1
14.67416382,-19.21616211,LA1,2009-01-19,09:20:48 PM,21:20:00,Hot-Wet,2009-01-19 21:20:00,1
14.67598877,-19.21963704,LA1,2009-01-19,09:40:48 PM,21:40:00,Hot-Wet,2009-01-19 21:40:00,1
14.67606812,-19.21963908,LA1,2009-01-19,10:00:48 PM,22:00:00,Hot-Wet,2009-01-19 22:00:00,1
14.67663981,-19.2203064,LA1,2009-01-19,10:20:48 PM,22:20:00,Hot-Wet,2009-01-19 22:20:00,1
14.6765564,-19.22036336,LA1,2009-01-19,10:40:48 PM,22:40:00,Hot-Wet,2009-01-19 22:40:00,1
14.67662354,-19.2203654,LA1,2009-01-19,11:00:48 PM,23:00:00,Hot-Wet,2009-01-19 23:00:00,1
14.67706095,-19.22070516,LA1,2009-01-19,11:20:48 PM,23:20:00,Hot-Wet,2009-01-19 23:20:00,1
14.67709452,-19.22075602,LA1,2009-01-19,11:40:48 PM,23:40:00,Hot-Wet,2009-01-19 23:40:00,1
14.67707011,-19.22075399,LA1,2009-01-20,12:00:48 AM,00:00:00,Hot-Wet,2009-01-20 00:00:00,1
14.6795634,-19.22098592,LA1,2009-01-20,12:20:00 AM,00:20:00,Hot-Wet,2009-01-20 00:20:00,1
14.68170675,-19.22049357,LA1,2009-01-20,12:40:48 AM,00:40:00,Hot-Wet,2009-01-20 00:40:00,1
14.68575846,-19.22050578,LA1,2009-01-20,01:00:48 AM,01:00:00,Hot-Wet,2009-01-20 01:00:00,1
14.68785604,-19.21943156,LA1,2009-01-20,01:20:48 AM,01:20:00,Hot-Wet,2009-01-20 01:20:00,1
14.68782349,-19.21949463,LA1,2009-01-20,01:40:48 AM,01:40:00,Hot-Wet,2009-01-20 01:40:00,1
14.68786418,-19.2194458,LA1,2009-01-20,02:00:48 AM,02:00:00,Hot-Wet,2009-01-20 02:00:00,1
14.68788249,-19.21945597,LA1,2009-01-20,02:20:48 AM,02:20:00,Hot-Wet,2009-01-20 02:20:00,1
14.68788554,-19.21942546,LA1,2009-01-20,02:40:48 AM,02:40:00,Hot-Wet,2009-01-20 02:40:00,1
14.68787944,-19.21943156,LA1,2009-01-20,03:00:48 AM,03:00:00,Hot-Wet,2009-01-20 03:00:00,1
14.68786723,-19.21942749,LA1,2009-01-20,03:20:48 AM,03:20:00,Hot-Wet,2009-01-20 03:20:00,1
14.68785807,-19.21943156,LA1,2009-01-20,03:40:38 AM,03:40:00,Hot-Wet,2009-01-20 03:40:00,1
14.68793437,-19.21941935,LA1,2009-01-20,04:00:38 AM,04:00:00,Hot-Wet,2009-01-20 04:00:00,1
14.68765971,-19.21934814,LA1,2009-01-20,04:20:38 AM,04:20:00,Hot-Wet,2009-01-20 04:20:00,1
14.68742472,-19.21914266,LA1,2009-01-20,04:40:38 AM,04:40:00,Hot-Wet,2009-01-20 04:40:00,1
14.68761393,-19.21899211,LA1,2009-01-20,05:00:38 AM,05:00:00,Hot-Wet,2009-01-20 05:00:00,1
14.68847453,-19.21892293,LA1,2009-01-20,05:20:38 AM,05:20:00,Hot-Wet,2009-01-20 05:20:00,1
14.6898641,-19.21915487,LA1,2009-01-20,05:40:38 AM,05:40:00,Hot-Wet,2009-01-20 05:40:00,1
14.69216715,-19.21948853,LA1,2009-01-20,06:00:38 AM,06:00:00,Hot-Wet,2009-01-20 06:00:00,1
14.69230957,-19.21956584,LA1,2009-01-20,06:20:38 AM,06:20:00,Hot-Wet,2009-01-20 06:20:00,1
14.69301046,-19.21974894,LA1,2009-01-20,06:40:38 AM,06:40:00,Hot-Wet,2009-01-20 06:40:00,1
14.69440206,-19.21963704,LA1,2009-01-20,07:00:38 AM,07:00:00,Hot-Wet,2009-01-20 07:00:00,1
14.69532267,-19.21952718,LA1,2009-01-20,07:20:38 AM,07:20:00,Hot-Wet,2009-01-20 07:20:00,1
14.69532979,-19.21951497,LA1,2009-01-20,07:40:38 AM,07:40:00,Hot-Wet,2009-01-20 07:40:00,1
14.69747518,-19.21910197,LA1,2009-01-20,08:00:38 AM,08:00:00,Hot-Wet,2009-01-20 08:00:00,1
14.69778748,-19.21900838,LA1,2009-01-20,08:20:38 AM,08:20:00,Hot-Wet,2009-01-20 08:20:00,1
14.70194194,-19.21976115,LA1,2009-01-20,08:40:38 AM,08:40:00,Hot-Wet,2009-01-20 08:40:00,1
14.70193481,-19.21975708,LA1,2009-01-20,09:00:38 AM,09:00:00,Hot-Wet,2009-01-20 09:00:00,1
14.70548299,-19.2192688,LA1,2009-01-20,09:20:38 AM,09:20:00,Hot-Wet,2009-01-20 09:20:00,1
14.70544128,-19.21925049,LA1,2009-01-20,09:40:38 AM,09:40:00,Hot-Wet,2009-01-20 09:40:00,1
14.70546468,-19.21924438,LA1,2009-01-20,10:00:38 AM,10:00:00,Hot-Wet,2009-01-20 10:00:00,1
14.70719401,-19.21799316,LA1,2009-01-20,10:20:38 AM,10:20:00,Hot-Wet,2009-01-20 10:20:00,1
14.7071818,-19.21798299,LA1,2009-01-20,10:40:38 AM,10:40:00,Hot-Wet,2009-01-20 10:40:00,1
14.71107076,-19.22198893,LA1,2009-01-20,11:00:38 AM,11:00:00,Hot-Wet,2009-01-20 11:00:00,1
14.71563517,-19.22578735,LA1,2009-01-20,11:20:38 AM,11:20:00,Hot-Wet,2009-01-20 11:20:00,1
14.71977336,-19.22531942,LA1,2009-01-20,11:40:38 AM,11:40:00,Hot-Wet,2009-01-20 11:40:00,1
14.71974589,-19.22530721,LA1,2009-01-20,12:00:38 PM,12:00:00,Hot-Wet,2009-01-20 12:00:00,1
14.71991272,-19.22528687,LA1,2009-01-20,12:20:38 PM,12:20:00,Hot-Wet,2009-01-20 12:20:00,1
14.72064819,-19.2257487,LA1,2009-01-20,12:40:38 PM,12:40:00,Hot-Wet,2009-01-20 12:40:00,1
14.72127482,-19.22539673,LA1,2009-01-20,01:00:38 PM,13:00:00,Hot-Wet,2009-01-20 13:00:00,1
14.72126872,-19.2253418,LA1,2009-01-20,01:20:38 PM,13:20:00,Hot-Wet,2009-01-20 13:20:00,1
14.72194722,-19.22630005,LA1,2009-01-20,01:40:38 PM,13:40:00,Hot-Wet,2009-01-20 13:40:00,1
14.72206523,-19.22625936,LA1,2009-01-20,02:00:38 PM,14:00:00,Hot-Wet,2009-01-20 14:00:00,1
14.72205098,-19.22626139,LA1,2009-01-20,02:20:38 PM,14:20:00,Hot-Wet,2009-01-20 14:20:00,1
14.725059,-19.22573649,LA1,2009-01-20,02:40:38 PM,14:40:00,Hot-Wet,2009-01-20 14:40:00,1
14.7251943,-19.22556559,LA1,2009-01-20,03:00:38 PM,15:00:00,Hot-Wet,2009-01-20 15:00:00,1
14.72821859,-19.2236674,LA1,2009-01-20,03:20:38 PM,15:20:00,Hot-Wet,2009-01-20 15:20:00,1
14.73576152,-19.2257609,LA1,2009-01-20,03:40:38 PM,15:40:00,Hot-Wet,2009-01-20 15:40:00,1
14.73575541,-19.2257548,LA1,2009-01-20,04:00:38 PM,16:00:00,Hot-Wet,2009-01-20 16:00:00,1
14.73845418,-19.22833049,LA1,2009-01-20,04:20:38 PM,16:20:00,Hot-Wet,2009-01-20 16:20:00,1
14.74647624,-19.23433634,LA1,2009-01-20,04:40:38 PM,16:40:00,Hot-Wet,2009-01-20 16:40:00,1
14.75744832,-19.23243205,LA1,2009-01-20,05:00:38 PM,17:00:00,Hot-Wet,2009-01-20 17:00:00,1
14.76955973,-19.22705892,LA1,2009-01-20,05:20:38 PM,17:20:00,Hot-Wet,2009-01-20 17:20:00,1
14.77933757,-19.22448324,LA1,2009-01-20,05:40:38 PM,17:40:00,Hot-Wet,2009-01-20 17:40:00,1
14.78191833,-19.22025757,LA1,2009-01-20,06:00:38 PM,18:00:00,Hot-Wet,2009-01-20 18:00:00,1
14.78355916,-19.22072754,LA1,2009-01-20,06:20:38 PM,18:20:00,Hot-Wet,2009-01-20 18:20:00,1
14.78622945,-19.22294312,LA1,2009-01-20,06:40:38 PM,18:40:00,Hot-Wet,2009-01-20 18:40:00,1
14.78680929,-19.22277832,LA1,2009-01-20,07:00:38 PM,19:00:00,Hot-Wet,2009-01-20 19:00:00,1
14.78982137,-19.22016602,LA1,2009-01-20,07:20:38 PM,19:20:00,Hot-Wet,2009-01-20 19:20:00,1
14.78960876,-19.2178833,LA1,2009-01-20,07:40:38 PM,19:40:00,Hot-Wet,2009-01-20 19:40:00,1
14.7896047,-19.21788737,LA1,2009-01-20,08:00:38 PM,20:00:00,Hot-Wet,2009-01-20 20:00:00,1
14.78946431,-19.21791178,LA1,2009-01-20,08:20:38 PM,20:20:00,Hot-Wet,2009-01-20 20:20:00,1
14.79124858,-19.21947632,LA1,2009-01-20,08:40:38 PM,20:40:00,Hot-Wet,2009-01-20 20:40:00,1
14.79207967,-19.22048747,LA1,2009-01-20,09:00:38 PM,21:00:00,Hot-Wet,2009-01-20 21:00:00,1
14.79106954,-19.22320557,LA1,2009-01-20,09:20:38 PM,21:20:00,Hot-Wet,2009-01-20 21:20:00,1
14.79101054,-19.22337036,LA1,2009-01-20,09:40:38 PM,21:40:00,Hot-Wet,2009-01-20 21:40:00,1
14.79099833,-19.22336629,LA1,2009-01-20,10:00:38 PM,22:00:00,Hot-Wet,2009-01-20 22:00:00,1
14.79264526,-19.22222697,LA1,2009-01-20,10:20:38 PM,22:20:00,Hot-Wet,2009-01-20 22:20:00,1
14.79264221,-19.22223918,LA1,2009-01-20,10:40:38 PM,22:40:00,Hot-Wet,2009-01-20 22:40:00,1
14.79741414,-19.22381795,LA1,2009-01-20,11:00:38 PM,23:00:00,Hot-Wet,2009-01-20 23:00:00,1
14.79815674,-19.22466838,LA1,2009-01-20,11:20:38 PM,23:20:00,Hot-Wet,2009-01-20 23:20:00,1
14.7990092,-19.22501628,LA1,2009-01-20,11:40:38 PM,23:40:00,Hot-Wet,2009-01-20 23:40:00,1
14.79902547,-19.22501831,LA1,2009-01-21,12:00:38 AM,00:00:00,Hot-Wet,2009-01-21 00:00:00,1
14.79905396,-19.22503052,LA1,2009-01-21,12:20:38 AM,00:20:00,Hot-Wet,2009-01-21 00:20:00,1
14.7990509,-19.22503255,LA1,2009-01-21,12:40:38 AM,00:40:00,Hot-Wet,2009-01-21 00:40:00,1
14.79989726,-19.22550659,LA1,2009-01-21,01:00:38 AM,01:00:00,Hot-Wet,2009-01-21 01:00:00,1
14.79984334,-19.22547607,LA1,2009-01-21,01:21:33 AM,01:21:00,Hot-Wet,2009-01-21 01:21:00,1
14.79985148,-19.22551473,LA1,2009-01-21,01:40:38 AM,01:40:00,Hot-Wet,2009-01-21 01:40:00,1
14.79985046,-19.22551676,LA1,2009-01-21,02:00:38 AM,02:00:00,Hot-Wet,2009-01-21 02:00:00,1
14.79988098,-19.22555542,LA1,2009-01-21,02:20:38 AM,02:20:00,Hot-Wet,2009-01-21 02:20:00,1
14.79989929,-19.22555542,LA1,2009-01-21,02:40:38 AM,02:40:00,Hot-Wet,2009-01-21 02:40:00,1
14.79988708,-19.22554321,LA1,2009-01-21,03:00:38 AM,03:00:00,Hot-Wet,2009-01-21 03:00:00,1
14.799823,-19.22556559,LA1,2009-01-21,03:20:38 AM,03:20:00,Hot-Wet,2009-01-21 03:20:00,1
14.79983114,-19.22620646,LA1,2009-01-21,03:40:38 AM,03:40:00,Hot-Wet,2009-01-21 03:40:00,1
14.79976807,-19.22625936,LA1,2009-01-21,04:00:38 AM,04:00:00,Hot-Wet,2009-01-21 04:00:00,1
14.79976095,-19.22627157,LA1,2009-01-21,04:20:38 AM,04:20:00,Hot-Wet,2009-01-21 04:20:00,1
14.79978536,-19.22619832,LA1,2009-01-21,04:40:38 AM,04:40:00,Hot-Wet,2009-01-21 04:40:00,1
14.80028076,-19.22705688,LA1,2009-01-21,05:00:38 AM,05:00:00,Hot-Wet,2009-01-21 05:00:00,1
14.80185343,-19.22781779,LA1,2009-01-21,05:20:38 AM,05:20:00,Hot-Wet,2009-01-21 05:20:00,1
14.80501912,-19.22899373,LA1,2009-01-21,05:40:38 AM,05:40:00,Hot-Wet,2009-01-21 05:40:00,1
14.80536397,-19.22929484,LA1,2009-01-21,06:00:38 AM,06:00:00,Hot-Wet,2009-01-21 06:00:00,1
14.80577393,-19.22955933,LA1,2009-01-21,06:20:38 AM,06:20:00,Hot-Wet,2009-01-21 06:20:00,1
14.80877991,-19.23118286,LA1,2009-01-21,06:40:38 AM,06:40:00,Hot-Wet,2009-01-21 06:40:00,1
14.81060486,-19.23242188,LA1,2009-01-21,07:00:38 AM,07:00:00,Hot-Wet,2009-01-21 07:00:00,1
14.81570231,-19.234729,LA1,2009-01-21,07:20:38 AM,07:20:00,Hot-Wet,2009-01-21 07:20:00,1
14.81616821,-19.23481852,LA1,2009-01-21,07:40:38 AM,07:40:00,Hot-Wet,2009-01-21 07:40:00,1
14.81616516,-19.23481852,LA1,2009-01-21,08:00:38 AM,08:00:00,Hot-Wet,2009-01-21 08:00:00,1
14.81993306,-19.23579508,LA1,2009-01-21,08:20:38 AM,08:20:00,Hot-Wet,2009-01-21 08:20:00,1
14.82123311,-19.23501587,LA1,2009-01-21,08:40:38 AM,08:40:00,Hot-Wet,2009-01-21 08:40:00,1
14.82121989,-19.23489176,LA1,2009-01-21,09:00:38 AM,09:00:00,Hot-Wet,2009-01-21 09:00:00,1
14.82112935,-19.23493856,LA1,2009-01-21,09:20:38 AM,09:20:00,Hot-Wet,2009-01-21 09:20:00,1
14.82120463,-19.23488363,LA1,2009-01-21,09:40:38 AM,09:40:00,Hot-Wet,2009-01-21 09:40:00,1
14.82171529,-19.23425293,LA1,2009-01-21,10:00:38 AM,10:00:00,Hot-Wet,2009-01-21 10:00:00,1
14.82187602,-19.2339152,LA1,2009-01-21,10:20:38 AM,10:20:00,Hot-Wet,2009-01-21 10:20:00,1
14.82187805,-19.2339091,LA1,2009-01-21,10:40:38 AM,10:40:00,Hot-Wet,2009-01-21 10:40:00,1
14.82229614,-19.23369344,LA1,2009-01-21,11:00:38 AM,11:00:00,Hot-Wet,2009-01-21 11:00:00,1
14.82447713,-19.22840169,LA1,2009-01-21,11:20:38 AM,11:20:00,Hot-Wet,2009-01-21 11:20:00,1
14.82602539,-19.22490234,LA1,2009-01-21,11:40:38 AM,11:40:00,Hot-Wet,2009-01-21 11:40:00,1
14.82919312,-19.21872965,LA1,2009-01-21,12:00:38 PM,12:00:00,Hot-Wet,2009-01-21 12:00:00,1
14.83418172,-19.20973307,LA1,2009-01-21,12:20:38 PM,12:20:00,Hot-Wet,2009-01-21 12:20:00,1
14.83499349,-19.20521444,LA1,2009-01-21,12:40:38 PM,12:40:00,Hot-Wet,2009-01-21 12:40:00,1
14.83356934,-19.20487061,LA1,2009-01-21,01:00:38 PM,13:00:00,Hot-Wet,2009-01-21 13:00:00,1
14.83253377,-19.20302734,LA1,2009-01-21,01:20:38 PM,13:20:00,Hot-Wet,2009-01-21 13:20:00,1
14.8314504,-19.20190837,LA1,2009-01-21,01:40:38 PM,13:40:00,Hot-Wet,2009-01-21 13:40:00,1
14.83043518,-19.20128377,LA1,2009-01-21,02:00:38 PM,14:00:00,Hot-Wet,2009-01-21 14:00:00,1
14.83071493,-19.19697266,LA1,2009-01-21,02:20:38 PM,14:20:00,Hot-Wet,2009-01-21 14:20:00,1
14.83111776,-19.19658203,LA1,2009-01-21,02:40:38 PM,14:40:00,Hot-Wet,2009-01-21 14:40:00,1
14.83341064,-19.190802,LA1,2009-01-21,03:00:38 PM,15:00:00,Hot-Wet,2009-01-21 15:00:00,1
14.82920329,-19.18843384,LA1,2009-01-21,03:20:38 PM,15:20:00,Hot-Wet,2009-01-21 15:20:00,1
14.82670186,-19.18615519,LA1,2009-01-21,03:40:38 PM,15:40:00,Hot-Wet,2009-01-21 15:40:00,1
14.82325846,-19.18462524,LA1,2009-01-21,04:00:38 PM,16:00:00,Hot-Wet,2009-01-21 16:00:00,1
14.82440796,-19.18256836,LA1,2009-01-21,04:20:38 PM,16:20:00,Hot-Wet,2009-01-21 16:20:00,1
14.82486776,-19.18351847,LA1,2009-01-21,04:40:38 PM,16:40:00,Hot-Wet,2009-01-21 16:40:00,1
14.82444051,-19.18485718,LA1,2009-01-21,05:00:38 PM,17:00:00,Hot-Wet,2009-01-21 17:00:00,1
14.82504679,-19.18671061,LA1,2009-01-21,05:20:38 PM,17:20:00,Hot-Wet,2009-01-21 17:20:00,1
14.82840271,-19.18950806,LA1,2009-01-21,05:40:38 PM,17:40:00,Hot-Wet,2009-01-21 17:40:00,1
14.82907715,-19.18969116,LA1,2009-01-21,06:00:38 PM,18:00:00,Hot-Wet,2009-01-21 18:00:00,1
14.83006694,-19.1902771,LA1,2009-01-21,06:20:38 PM,18:20:00,Hot-Wet,2009-01-21 18:20:00,1
14.83270264,-19.19041138,LA1,2009-01-21,06:40:38 PM,18:40:00,Hot-Wet,2009-01-21 18:40:00,1
14.83589478,-19.19286296,LA1,2009-01-21,07:00:38 PM,19:00:00,Hot-Wet,2009-01-21 19:00:00,1
14.8367452,-19.19364014,LA1,2009-01-21,07:20:38 PM,19:20:00,Hot-Wet,2009-01-21 19:20:00,1
14.83711039,-19.19372152,LA1,2009-01-21,07:40:38 PM,19:40:00,Hot-Wet,2009-01-21 19:40:00,1
14.83710836,-19.19372355,LA1,2009-01-21,08:00:38 PM,20:00:00,Hot-Wet,2009-01-21 20:00:00,1
14.83716736,-19.19377035,LA1,2009-01-21,08:20:38 PM,20:20:00,Hot-Wet,2009-01-21 20:20:00,1
14.8371582,-19.19438273,LA1,2009-01-21,08:40:38 PM,20:40:00,Hot-Wet,2009-01-21 20:40:00,1
14.83719279,-19.19482625,LA1,2009-01-21,09:00:38 PM,21:00:00,Hot-Wet,2009-01-21 21:00:00,1
14.83716736,-19.19487712,LA1,2009-01-21,09:20:38 PM,21:20:00,Hot-Wet,2009-01-21 21:20:00,1
14.83718363,-19.19489746,LA1,2009-01-21,09:40:38 PM,21:40:00,Hot-Wet,2009-01-21 21:40:00,1
14.8371521,-19.19485067,LA1,2009-01-21,10:00:38 PM,22:00:00,Hot-Wet,2009-01-21 22:00:00,1
14.83719686,-19.1948995,LA1,2009-01-21,10:20:38 PM,22:20:00,Hot-Wet,2009-01-21 22:20:00,1
14.83718058,-19.19485881,LA1,2009-01-21,10:40:38 PM,22:40:00,Hot-Wet,2009-01-21 22:40:00,1
14.83717957,-19.19485677,LA1,2009-01-21,11:00:38 PM,23:00:00,Hot-Wet,2009-01-21 23:00:00,1
14.83796387,-19.19544678,LA1,2009-01-21,11:20:38 PM,23:20:00,Hot-Wet,2009-01-21 23:20:00,1
14.83793538,-19.19544474,LA1,2009-01-21,11:40:38 PM,23:40:00,Hot-Wet,2009-01-21 23:40:00,1
14.83793132,-19.19546305,LA1,2009-01-22,12:00:38 AM,00:00:00,Hot-Wet,2009-01-22 00:00:00,1
14.83798319,-19.19544881,LA1,2009-01-22,12:20:38 AM,00:20:00,Hot-Wet,2009-01-22 00:20:00,1
14.83868917,-19.19667358,LA1,2009-01-22,12:40:38 AM,00:40:00,Hot-Wet,2009-01-22 00:40:00,1
14.83843384,-19.19685872,LA1,2009-01-22,01:00:38 AM,01:00:00,Hot-Wet,2009-01-22 01:00:00,1
14.83848063,-19.19685262,LA1,2009-01-22,01:20:38 AM,01:20:00,Hot-Wet,2009-01-22 01:20:00,1
14.83850301,-19.19685465,LA1,2009-01-22,01:40:38 AM,01:40:00,Hot-Wet,2009-01-22 01:40:00,1
14.8384786,-19.19686076,LA1,2009-01-22,02:00:38 AM,02:00:00,Hot-Wet,2009-01-22 02:00:00,1
14.83850606,-19.19687093,LA1,2009-01-22,02:20:38 AM,02:20:00,Hot-Wet,2009-01-22 02:20:00,1
14.83851013,-19.19683634,LA1,2009-01-22,02:40:38 AM,02:40:00,Hot-Wet,2009-01-22 02:40:00,1
14.83845927,-19.19685059,LA1,2009-01-22,03:00:38 AM,03:00:00,Hot-Wet,2009-01-22 03:00:00,1
14.83855998,-19.19684855,LA1,2009-01-22,03:20:38 AM,03:20:00,Hot-Wet,2009-01-22 03:20:00,1
14.83849589,-19.19682617,LA1,2009-01-22,03:40:38 AM,03:40:00,Hot-Wet,2009-01-22 03:40:00,1
14.83865255,-19.19684448,LA1,2009-01-22,04:00:38 AM,04:00:00,Hot-Wet,2009-01-22 04:00:00,1
14.83865051,-19.19685059,LA1,2009-01-22,04:20:38 AM,04:20:00,Hot-Wet,2009-01-22 04:20:00,1
14.83936869,-19.19720662,LA1,2009-01-22,04:40:38 AM,04:40:00,Hot-Wet,2009-01-22 04:40:00,1
14.84112244,-19.19762166,LA1,2009-01-22,05:00:38 AM,05:00:00,Hot-Wet,2009-01-22 05:00:00,1
14.84170329,-19.19736938,LA1,2009-01-22,05:20:38 AM,05:20:00,Hot-Wet,2009-01-22 05:20:00,1
14.84198507,-19.19733073,LA1,2009-01-22,05:40:38 AM,05:40:00,Hot-Wet,2009-01-22 05:40:00,1
14.84255168,-19.19751587,LA1,2009-01-22,06:00:38 AM,06:00:00,Hot-Wet,2009-01-22 06:00:00,1
14.84480387,-19.19825033,LA1,2009-01-22,06:20:38 AM,06:20:00,Hot-Wet,2009-01-22 06:20:00,1
14.85078023,-19.20282389,LA1,2009-01-22,06:40:38 AM,06:40:00,Hot-Wet,2009-01-22 06:40:00,1
14.85085246,-19.2030721,LA1,2009-01-22,07:00:48 AM,07:00:00,Hot-Wet,2009-01-22 07:00:00,1
14.85127258,-19.20321452,LA1,2009-01-22,07:20:48 AM,07:20:00,Hot-Wet,2009-01-22 07:20:00,1
14.85126038,-19.20323486,LA1,2009-01-22,07:40:48 AM,07:40:00,Hot-Wet,2009-01-22 07:40:00,1
14.8512085,-19.20315959,LA1,2009-01-22,08:00:48 AM,08:00:00,Hot-Wet,2009-01-22 08:00:00,1
14.85115153,-19.20298462,LA1,2009-01-22,08:20:48 AM,08:20:00,Hot-Wet,2009-01-22 08:20:00,1
14.85035807,-19.20262655,LA1,2009-01-22,08:40:48 AM,08:40:00,Hot-Wet,2009-01-22 08:40:00,1
14.84839986,-19.20146281,LA1,2009-01-22,09:00:48 AM,09:00:00,Hot-Wet,2009-01-22 09:00:00,1
14.84619344,-19.20040894,LA1,2009-01-22,09:20:48 AM,09:20:00,Hot-Wet,2009-01-22 09:20:00,1
14.84353434,-19.19893188,LA1,2009-01-22,09:40:48 AM,09:40:00,Hot-Wet,2009-01-22 09:40:00,1
14.84046224,-19.19685465,LA1,2009-01-22,10:00:48 AM,10:00:00,Hot-Wet,2009-01-22 10:00:00,1
14.8372345,-19.19418538,LA1,2009-01-22,10:20:48 AM,10:20:00,Hot-Wet,2009-01-22 10:20:00,1
14.82945557,-19.1881368,LA1,2009-01-22,10:40:48 AM,10:40:00,Hot-Wet,2009-01-22 10:40:00,1
14.82437236,-19.18252157,LA1,2009-01-22,11:00:48 AM,11:00:00,Hot-Wet,2009-01-22 11:00:00,1
14.82440287,-19.18251139,LA1,2009-01-22,11:20:48 AM,11:20:00,Hot-Wet,2009-01-22 11:20:00,1
14.82579651,-19.18269653,LA1,2009-01-22,11:40:48 AM,11:40:00,Hot-Wet,2009-01-22 11:40:00,1
14.82676392,-19.18336995,LA1,2009-01-22,12:00:48 PM,12:00:00,Hot-Wet,2009-01-22 12:00:00,1
14.82756653,-19.18316243,LA1,2009-01-22,12:20:49 PM,12:20:00,Hot-Wet,2009-01-22 12:20:00,1
14.82691243,-19.18312174,LA1,2009-01-22,12:40:48 PM,12:40:00,Hot-Wet,2009-01-22 12:40:00,1
14.82643636,-19.18300985,LA1,2009-01-22,01:00:48 PM,13:00:00,Hot-Wet,2009-01-22 13:00:00,1
14.82562358,-19.18262329,LA1,2009-01-22,01:20:48 PM,13:20:00,Hot-Wet,2009-01-22 13:20:00,1
14.82346802,-19.1835083,LA1,2009-01-22,01:40:48 PM,13:40:00,Hot-Wet,2009-01-22 13:40:00,1
14.82345683,-19.18448079,LA1,2009-01-22,02:00:48 PM,14:00:00,Hot-Wet,2009-01-22 14:00:00,1
14.82692362,-19.18620199,LA1,2009-01-22,02:20:48 PM,14:20:00,Hot-Wet,2009-01-22 14:20:00,1
14.82881877,-19.18728434,LA1,2009-01-22,02:40:48 PM,14:40:00,Hot-Wet,2009-01-22 14:40:00,1
14.82851868,-19.18750407,LA1,2009-01-22,03:00:48 PM,15:00:00,Hot-Wet,2009-01-22 15:00:00,1
14.82868245,-19.18746948,LA1,2009-01-22,03:20:48 PM,15:20:00,Hot-Wet,2009-01-22 15:20:00,1
14.83070272,-19.18783976,LA1,2009-01-22,03:40:48 PM,15:40:00,Hot-Wet,2009-01-22 15:40:00,1
14.83258362,-19.1884196,LA1,2009-01-22,04:00:48 PM,16:00:00,Hot-Wet,2009-01-22 16:00:00,1
14.83415324,-19.18882853,LA1,2009-01-22,04:20:48 PM,16:20:00,Hot-Wet,2009-01-22 16:20:00,1
14.83486023,-19.18888346,LA1,2009-01-22,04:40:48 PM,16:40:00,Hot-Wet,2009-01-22 16:40:00,1
14.8356486,-19.18924154,LA1,2009-01-22,05:00:48 PM,17:00:00,Hot-Wet,2009-01-22 17:00:00,1
14.83721822,-19.18937988,LA1,2009-01-22,05:20:48 PM,17:20:00,Hot-Wet,2009-01-22 17:20:00,1
14.83924357,-19.19076335,LA1,2009-01-22,05:40:48 PM,17:40:00,Hot-Wet,2009-01-22 17:40:00,1
14.84333496,-19.19341227,LA1,2009-01-22,06:00:48 PM,18:00:00,Hot-Wet,2009-01-22 18:00:00,1
14.84441325,-19.19420369,LA1,2009-01-22,06:20:48 PM,18:20:00,Hot-Wet,2009-01-22 18:20:00,1
14.84417114,-19.19438883,LA1,2009-01-22,06:40:48 PM,18:40:00,Hot-Wet,2009-01-22 18:40:00,1
14.84426575,-19.19451497,LA1,2009-01-22,07:00:48 PM,19:00:00,Hot-Wet,2009-01-22 19:00:00,1
14.8442983,-19.19447835,LA1,2009-01-22,07:20:48 PM,19:20:00,Hot-Wet,2009-01-22 19:20:00,1
14.84432271,-19.19450887,LA1,2009-01-22,07:40:48 PM,19:40:00,Hot-Wet,2009-01-22 19:40:00,1
14.8446401,-19.19459635,LA1,2009-01-22,08:00:48 PM,20:00:00,Hot-Wet,2009-01-22 20:00:00,1
14.84636841,-19.1957255,LA1,2009-01-22,08:20:48 PM,20:20:00,Hot-Wet,2009-01-22 20:20:00,1
14.84741618,-19.1964742,LA1,2009-01-22,08:40:48 PM,20:40:00,Hot-Wet,2009-01-22 20:40:00,1
14.84781698,-19.19700114,LA1,2009-01-22,09:00:48 PM,21:00:00,Hot-Wet,2009-01-22 21:00:00,1
14.85002848,-19.197111,LA1,2009-01-22,09:20:48 PM,21:20:00,Hot-Wet,2009-01-22 21:20:00,1
14.85167236,-19.1977417,LA1,2009-01-22,09:40:48 PM,21:40:00,Hot-Wet,2009-01-22 21:40:00,1
14.85181681,-19.1976888,LA1,2009-01-22,10:00:48 PM,22:00:00,Hot-Wet,2009-01-22 22:00:00,1
14.85176392,-19.19770508,LA1,2009-01-22,10:20:48 PM,22:20:00,Hot-Wet,2009-01-22 22:20:00,1
14.85174764,-19.19774984,LA1,2009-01-22,10:40:48 PM,22:40:00,Hot-Wet,2009-01-22 22:40:00,1
14.85178426,-19.19772949,LA1,2009-01-22,11:00:48 PM,23:00:00,Hot-Wet,2009-01-22 23:00:00,1
14.85177002,-19.19776001,LA1,2009-01-22,11:20:48 PM,23:20:00,Hot-Wet,2009-01-22 23:20:00,1
14.85171712,-19.19772542,LA1,2009-01-22,11:40:48 PM,23:40:00,Hot-Wet,2009-01-22 23:40:00,1
14.85182699,-19.1976766,LA1,2009-01-23,12:00:48 AM,00:00:00,Hot-Wet,2009-01-23 00:00:00,1
14.85174154,-19.19770508,LA1,2009-01-23,12:20:49 AM,00:20:00,Hot-Wet,2009-01-23 00:20:00,1
14.85180054,-19.1976766,LA1,2009-01-23,12:40:48 AM,00:40:00,Hot-Wet,2009-01-23 00:40:00,1
14.85171916,-19.19771729,LA1,2009-01-23,01:00:54 AM,01:00:00,Hot-Wet,2009-01-23 01:00:00,1
14.85170593,-19.19772339,LA1,2009-01-23,01:20:55 AM,01:20:00,Hot-Wet,2009-01-23 01:20:00,1
14.85172119,-19.19769897,LA1,2009-01-23,01:40:48 AM,01:40:00,Hot-Wet,2009-01-23 01:40:00,1
14.85173645,-19.19771525,LA1,2009-01-23,02:00:48 AM,02:00:00,Hot-Wet,2009-01-23 02:00:00,1
14.85169474,-19.19769897,LA1,2009-01-23,02:20:48 AM,02:20:00,Hot-Wet,2009-01-23 02:20:00,1
14.85176086,-19.19773356,LA1,2009-01-23,02:40:48 AM,02:40:00,Hot-Wet,2009-01-23 02:40:00,1
14.85175374,-19.19773153,LA1,2009-01-23,03:00:48 AM,03:00:00,Hot-Wet,2009-01-23 03:00:00,1
14.85181783,-19.19774577,LA1,2009-01-23,03:20:48 AM,03:20:00,Hot-Wet,2009-01-23 03:20:00,1
14.85158081,-19.1979248,LA1,2009-01-23,03:40:48 AM,03:40:00,Hot-Wet,2009-01-23 03:40:00,1
14.85155945,-19.19783122,LA1,2009-01-23,04:00:48 AM,04:00:00,Hot-Wet,2009-01-23 04:00:00,1
14.8515391,-19.1978007,LA1,2009-01-23,04:20:48 AM,04:20:00,Hot-Wet,2009-01-23 04:20:00,1
14.85132141,-19.19785156,LA1,2009-01-23,04:40:48 AM,04:40:00,Hot-Wet,2009-01-23 04:40:00,1
14.85134786,-19.19734294,LA1,2009-01-23,05:00:48 AM,05:00:00,Hot-Wet,2009-01-23 05:00:00,1
14.85300903,-19.19772542,LA1,2009-01-23,05:20:48 AM,05:20:00,Hot-Wet,2009-01-23 05:20:00,1
14.85342407,-19.19815267,LA1,2009-01-23,05:40:48 AM,05:40:00,Hot-Wet,2009-01-23 05:40:00,1
14.8538859,-19.19872437,LA1,2009-01-23,06:00:48 AM,06:00:00,Hot-Wet,2009-01-23 06:00:00,1
14.85421651,-19.19889933,LA1,2009-01-23,06:20:48 AM,06:20:00,Hot-Wet,2009-01-23 06:20:00,1
14.85564575,-19.19850057,LA1,2009-01-23,06:40:48 AM,06:40:00,Hot-Wet,2009-01-23 06:40:00,1
14.8595164,-19.19704997,LA1,2009-01-23,07:00:48 AM,07:00:00,Hot-Wet,2009-01-23 07:00:00,1
14.86700948,-19.19923299,LA1,2009-01-23,07:20:48 AM,07:20:00,Hot-Wet,2009-01-23 07:20:00,1
14.8710673,-19.20044556,LA1,2009-01-23,07:40:48 AM,07:40:00,Hot-Wet,2009-01-23 07:40:00,1
14.87513936,-19.20360107,LA1,2009-01-23,08:00:48 AM,08:00:00,Hot-Wet,2009-01-23 08:00:00,1
14.88112895,-19.20730184,LA1,2009-01-23,08:20:48 AM,08:20:00,Hot-Wet,2009-01-23 08:20:00,1
14.8833547,-19.20912272,LA1,2009-01-23,08:40:48 AM,08:40:00,Hot-Wet,2009-01-23 08:40:00,1
14.88545024,-19.21065674,LA1,2009-01-23,09:00:48 AM,09:00:00,Hot-Wet,2009-01-23 09:00:00,1
14.8857666,-19.21146851,LA1,2009-01-23,09:20:48 AM,09:20:00,Hot-Wet,2009-01-23 09:20:00,1
14.88546448,-19.2121521,LA1,2009-01-23,09:40:48 AM,09:40:00,Hot-Wet,2009-01-23 09:40:00,1
14.88642578,-19.21276245,LA1,2009-01-23,10:00:48 AM,10:00:00,Hot-Wet,2009-01-23 10:00:00,1
14.88763936,-19.21326294,LA1,2009-01-23,10:20:48 AM,10:20:00,Hot-Wet,2009-01-23 10:20:00,1
14.89007568,-19.21451213,LA1,2009-01-23,10:40:48 AM,10:40:00,Hot-Wet,2009-01-23 10:40:00,1
14.89389954,-19.21583049,LA1,2009-01-23,11:00:48 AM,11:00:00,Hot-Wet,2009-01-23 11:00:00,1
14.89404093,-19.21611532,LA1,2009-01-23,11:20:48 AM,11:20:00,Hot-Wet,2009-01-23 11:20:00,1
14.89403992,-19.21611532,LA1,2009-01-23,11:40:38 AM,11:40:00,Hot-Wet,2009-01-23 11:40:00,1
14.89697367,-19.21898804,LA1,2009-01-23,12:00:38 PM,12:00:00,Hot-Wet,2009-01-23 12:00:00,1
14.90096537,-19.21786499,LA1,2009-01-23,12:20:38 PM,12:20:00,Hot-Wet,2009-01-23 12:20:00,1
14.9062144,-19.21979777,LA1,2009-01-23,12:40:38 PM,12:40:00,Hot-Wet,2009-01-23 12:40:00,1
14.90832926,-19.22069295,LA1,2009-01-23,01:00:38 PM,13:00:00,Hot-Wet,2009-01-23 13:00:00,1
14.91257426,-19.22188314,LA1,2009-01-23,01:20:38 PM,13:20:00,Hot-Wet,2009-01-23 13:20:00,1
14.9127594,-19.22216593,LA1,2009-01-23,01:40:38 PM,13:40:00,Hot-Wet,2009-01-23 13:40:00,1
14.91601969,-19.22390747,LA1,2009-01-23,02:00:38 PM,14:00:00,Hot-Wet,2009-01-23 14:00:00,1
14.91923421,-19.22555745,LA1,2009-01-23,02:20:38 PM,14:20:00,Hot-Wet,2009-01-23 14:20:00,1
14.92411906,-19.2290446,LA1,2009-01-23,02:40:38 PM,14:40:00,Hot-Wet,2009-01-23 14:40:00,1
14.93190206,-19.23016561,LA1,2009-01-23,03:00:38 PM,15:00:00,Hot-Wet,2009-01-23 15:00:00,1
14.93900146,-19.22035522,LA1,2009-01-23,03:20:38 PM,15:20:00,Hot-Wet,2009-01-23 15:20:00,1
14.93900045,-19.22035726,LA1,2009-01-23,03:40:38 PM,15:40:00,Hot-Wet,2009-01-23 15:40:00,1
14.93706156,-19.21834717,LA1,2009-01-23,04:00:38 PM,16:00:00,Hot-Wet,2009-01-23 16:00:00,1
14.93567301,-19.21702067,LA1,2009-01-23,04:20:38 PM,16:20:00,Hot-Wet,2009-01-23 16:20:00,1
14.93613383,-19.21415405,LA1,2009-01-23,04:40:38 PM,16:40:00,Hot-Wet,2009-01-23 16:40:00,1
14.93690694,-19.2123759,LA1,2009-01-23,05:00:38 PM,17:00:00,Hot-Wet,2009-01-23 17:00:00,1
14.93775126,-19.21137695,LA1,2009-01-23,05:20:38 PM,17:20:00,Hot-Wet,2009-01-23 17:20:00,1
14.93835653,-19.21002604,LA1,2009-01-23,05:40:38 PM,17:40:00,Hot-Wet,2009-01-23 17:40:00,1
14.93946431,-19.20666707,LA1,2009-01-23,06:00:38 PM,18:00:00,Hot-Wet,2009-01-23 18:00:00,1
14.93933919,-19.20472616,LA1,2009-01-23,06:20:38 PM,18:20:00,Hot-Wet,2009-01-23 18:20:00,1
14.93949178,-19.20297852,LA1,2009-01-23,06:40:38 PM,18:40:00,Hot-Wet,2009-01-23 18:40:00,1
14.93949483,-19.20298462,LA1,2009-01-23,07:00:38 PM,19:00:00,Hot-Wet,2009-01-23 19:00:00,1
14.93913066,-19.2019755,LA1,2009-01-23,07:20:38 PM,19:20:00,Hot-Wet,2009-01-23 19:20:00,1
14.93912455,-19.20197957,LA1,2009-01-23,07:40:38 PM,19:40:00,Hot-Wet,2009-01-23 19:40:00,1
14.93921509,-19.20192668,LA1,2009-01-23,08:00:38 PM,20:00:00,Hot-Wet,2009-01-23 20:00:00,1
14.93921407,-19.20192668,LA1,2009-01-23,08:20:38 PM,20:20:00,Hot-Wet,2009-01-23 20:20:00,1
14.93912862,-19.20196126,LA1,2009-01-23,08:40:38 PM,20:40:00,Hot-Wet,2009-01-23 20:40:00,1
14.93914083,-19.20197754,LA1,2009-01-23,09:00:38 PM,21:00:00,Hot-Wet,2009-01-23 21:00:00,1
14.93915507,-19.2019694,LA1,2009-01-23,09:20:38 PM,21:20:00,Hot-Wet,2009-01-23 21:20:00,1
14.9391215,-19.20196126,LA1,2009-01-23,09:40:38 PM,21:40:00,Hot-Wet,2009-01-23 21:40:00,1
14.93878886,-19.20213216,LA1,2009-01-23,10:00:38 PM,22:00:00,Hot-Wet,2009-01-23 22:00:00,1
14.93878682,-19.20212199,LA1,2009-01-23,10:20:38 PM,22:20:00,Hot-Wet,2009-01-23 22:20:00,1
14.9385376,-19.20213623,LA1,2009-01-23,10:40:38 PM,22:40:00,Hot-Wet,2009-01-23 22:40:00,1
14.93851624,-19.20216471,LA1,2009-01-23,11:00:38 PM,23:00:00,Hot-Wet,2009-01-23 23:00:00,1
14.93855184,-19.20215251,LA1,2009-01-23,11:20:38 PM,23:20:00,Hot-Wet,2009-01-23 23:20:00,1
14.93858846,-19.20215251,LA1,2009-01-23,11:40:38 PM,23:40:00,Hot-Wet,2009-01-23 23:40:00,1
14.93852844,-19.20212606,LA1,2009-01-24,12:00:38 AM,00:00:00,Hot-Wet,2009-01-24 00:00:00,1
14.93852437,-19.20209961,LA1,2009-01-24,12:20:38 AM,00:20:00,Hot-Wet,2009-01-24 00:20:00,1
14.93854268,-19.20211792,LA1,2009-01-24,12:40:38 AM,00:40:00,Hot-Wet,2009-01-24 00:40:00,1
14.93850301,-19.20209554,LA1,2009-01-24,01:00:38 AM,01:00:00,Hot-Wet,2009-01-24 01:00:00,1
14.93854268,-19.20209147,LA1,2009-01-24,01:20:38 AM,01:20:00,Hot-Wet,2009-01-24 01:20:00,1
14.93827108,-19.20210775,LA1,2009-01-24,01:40:38 AM,01:40:00,Hot-Wet,2009-01-24 01:40:00,1
14.93815206,-19.20199788,LA1,2009-01-24,02:00:38 AM,02:00:00,Hot-Wet,2009-01-24 02:00:00,1
14.93776143,-19.20254517,LA1,2009-01-24,02:20:38 AM,02:20:00,Hot-Wet,2009-01-24 02:20:00,1
14.93770447,-19.20239258,LA1,2009-01-24,02:40:38 AM,02:40:00,Hot-Wet,2009-01-24 02:40:00,1
14.93690389,-19.20183309,LA1,2009-01-24,03:00:38 AM,03:00:00,Hot-Wet,2009-01-24 03:00:00,1
14.93691508,-19.20180664,LA1,2009-01-24,03:20:38 AM,03:20:00,Hot-Wet,2009-01-24 03:20:00,1
14.93689982,-19.20180868,LA1,2009-01-24,03:40:38 AM,03:40:00,Hot-Wet,2009-01-24 03:40:00,1
14.93690796,-19.20182699,LA1,2009-01-24,04:00:38 AM,04:00:00,Hot-Wet,2009-01-24 04:00:00,1
14.93689575,-19.20182292,LA1,2009-01-24,04:20:38 AM,04:20:00,Hot-Wet,2009-01-24 04:20:00,1
14.93687642,-19.20183919,LA1,2009-01-24,04:40:38 AM,04:40:00,Hot-Wet,2009-01-24 04:40:00,1
14.93690084,-19.20183105,LA1,2009-01-24,05:00:38 AM,05:00:00,Hot-Wet,2009-01-24 05:00:00,1
14.93686727,-19.20172323,LA1,2009-01-24,05:20:38 AM,05:20:00,Hot-Wet,2009-01-24 05:20:00,1
14.93657735,-19.20082194,LA1,2009-01-24,05:40:38 AM,05:40:00,Hot-Wet,2009-01-24 05:40:00,1
14.93672994,-19.19891968,LA1,2009-01-24,06:00:38 AM,06:00:00,Hot-Wet,2009-01-24 06:00:00,1
14.93640951,-19.19589844,LA1,2009-01-24,06:20:38 AM,06:20:00,Hot-Wet,2009-01-24 06:20:00,1
14.93579407,-19.19181722,LA1,2009-01-24,06:40:38 AM,06:40:00,Hot-Wet,2009-01-24 06:40:00,1
14.9368042,-19.1862203,LA1,2009-01-24,07:00:38 AM,07:00:00,Hot-Wet,2009-01-24 07:00:00,1
14.93795573,-19.1824056,LA1,2009-01-24,07:20:38 AM,07:20:00,Hot-Wet,2009-01-24 07:20:00,1
14.94017436,-19.17209676,LA1,2009-01-24,07:40:38 AM,07:40:00,Hot-Wet,2009-01-24 07:40:00,1
14.94017944,-19.17209676,LA1,2009-01-24,08:00:38 AM,08:00:00,Hot-Wet,2009-01-24 08:00:00,1
14.94309591,-19.1680481,LA1,2009-01-24,08:20:38 AM,08:20:00,Hot-Wet,2009-01-24 08:20:00,1
14.94309184,-19.16805216,LA1,2009-01-24,08:40:38 AM,08:40:00,Hot-Wet,2009-01-24 08:40:00,1
14.94526672,-19.16471761,LA1,2009-01-24,09:00:38 AM,09:00:00,Hot-Wet,2009-01-24 09:00:00,1
14.94526978,-19.16467082,LA1,2009-01-24,09:20:38 AM,09:20:00,Hot-Wet,2009-01-24 09:20:00,1
14.94601034,-19.1629008,LA1,2009-01-24,09:40:38 AM,09:40:00,Hot-Wet,2009-01-24 09:40:00,1
14.94703878,-19.16199748,LA1,2009-01-24,10:00:38 AM,10:00:00,Hot-Wet,2009-01-24 10:00:00,1
14.94704183,-19.16199748,LA1,2009-01-24,10:20:38 AM,10:20:00,Hot-Wet,2009-01-24 10:20:00,1
14.94861247,-19.16042887,LA1,2009-01-24,10:40:38 AM,10:40:00,Hot-Wet,2009-01-24 10:40:00,1
14.94947917,-19.15883382,LA1,2009-01-24,11:00:38 AM,11:00:00,Hot-Wet,2009-01-24 11:00:00,1
14.95117391,-19.15326742,LA1,2009-01-24,11:20:38 AM,11:20:00,Hot-Wet,2009-01-24 11:20:00,1
14.94963481,-19.14933675,LA1,2009-01-24,11:40:38 AM,11:40:00,Hot-Wet,2009-01-24 11:40:00,1
14.94920451,-19.14827677,LA1,2009-01-24,12:00:38 PM,12:00:00,Hot-Wet,2009-01-24 12:00:00,1
14.945578,-19.14634806,LA1,2009-01-24,12:20:38 PM,12:20:00,Hot-Wet,2009-01-24 12:20:00,1
14.94521891,-19.14532674,LA1,2009-01-24,12:40:38 PM,12:40:00,Hot-Wet,2009-01-24 12:40:00,1
14.9436971,-19.14494222,LA1,2009-01-24,01:00:38 PM,13:00:00,Hot-Wet,2009-01-24 13:00:00,1
14.94282227,-19.14449056,LA1,2009-01-24,01:20:38 PM,13:20:00,Hot-Wet,2009-01-24 13:20:00,1
14.94167989,-19.14501953,LA1,2009-01-24,01:40:38 PM,13:40:00,Hot-Wet,2009-01-24 13:40:00,1
14.93501689,-19.14335531,LA1,2009-01-24,02:00:38 PM,14:00:00,Hot-Wet,2009-01-24 14:00:00,1
14.92828573,-19.14439697,LA1,2009-01-24,02:20:38 PM,14:20:00,Hot-Wet,2009-01-24 14:20:00,1
14.92612712,-19.14439697,LA1,2009-01-24,02:40:38 PM,14:40:00,Hot-Wet,2009-01-24 14:40:00,1
14.92633769,-19.14478556,LA1,2009-01-24,03:00:38 PM,15:00:00,Hot-Wet,2009-01-24 15:00:00,1
14.92549947,-19.14690552,LA1,2009-01-24,03:20:38 PM,15:20:00,Hot-Wet,2009-01-24 15:20:00,1
14.92549133,-19.14690348,LA1,2009-01-24,03:40:38 PM,15:40:00,Hot-Wet,2009-01-24 15:40:00,1
14.93120728,-19.15026449,LA1,2009-01-24,04:00:38 PM,16:00:00,Hot-Wet,2009-01-24 16:00:00,1
14.93676961,-19.15009969,LA1,2009-01-24,04:20:38 PM,16:20:00,Hot-Wet,2009-01-24 16:20:00,1
14.93893941,-19.15111491,LA1,2009-01-24,04:40:38 PM,16:40:00,Hot-Wet,2009-01-24 16:40:00,1
14.94102071,-19.15284424,LA1,2009-01-24,05:00:38 PM,17:00:00,Hot-Wet,2009-01-24 17:00:00,1
14.94212341,-19.15356852,LA1,2009-01-24,05:20:38 PM,17:20:00,Hot-Wet,2009-01-24 17:20:00,1
14.94243876,-19.15368449,LA1,2009-01-24,05:40:38 PM,17:40:00,Hot-Wet,2009-01-24 17:40:00,1
14.94414775,-19.15600993,LA1,2009-01-24,06:00:38 PM,18:00:00,Hot-Wet,2009-01-24 18:00:00,1
14.94625244,-19.15631917,LA1,2009-01-24,06:20:38 PM,18:20:00,Hot-Wet,2009-01-24 18:20:00,1
14.94781392,-19.15675456,LA1,2009-01-24,06:40:38 PM,18:40:00,Hot-Wet,2009-01-24 18:40:00,1
14.94889832,-19.15527954,LA1,2009-01-24,07:00:38 PM,19:00:00,Hot-Wet,2009-01-24 19:00:00,1
14.94888,-19.15428874,LA1,2009-01-24,07:20:38 PM,19:20:00,Hot-Wet,2009-01-24 19:20:00,1
14.94998983,-19.15385539,LA1,2009-01-24,07:40:48 PM,19:40:00,Hot-Wet,2009-01-24 19:40:00,1
14.95078125,-19.15385946,LA1,2009-01-24,08:00:48 PM,20:00:00,Hot-Wet,2009-01-24 20:00:00,1
14.95083313,-19.15388997,LA1,2009-01-24,08:20:48 PM,20:20:00,Hot-Wet,2009-01-24 20:20:00,1
14.95111796,-19.15341593,LA1,2009-01-24,08:40:48 PM,20:40:00,Hot-Wet,2009-01-24 20:40:00,1
14.95327555,-19.15434367,LA1,2009-01-24,09:00:48 PM,21:00:00,Hot-Wet,2009-01-24 21:00:00,1
14.95287272,-19.15580851,LA1,2009-01-24,09:20:48 PM,21:20:00,Hot-Wet,2009-01-24 21:20:00,1
14.9525533,-19.15659383,LA1,2009-01-24,09:40:48 PM,21:40:00,Hot-Wet,2009-01-24 21:40:00,1
14.95193278,-19.16035156,LA1,2009-01-24,10:00:48 PM,22:00:00,Hot-Wet,2009-01-24 22:00:00,1
14.95193685,-19.16082357,LA1,2009-01-24,10:20:48 PM,22:20:00,Hot-Wet,2009-01-24 22:20:00,1
14.95229085,-19.1632487,LA1,2009-01-24,10:40:48 PM,22:40:00,Hot-Wet,2009-01-24 22:40:00,1
14.95227661,-19.16323649,LA1,2009-01-24,11:00:48 PM,23:00:00,Hot-Wet,2009-01-24 23:00:00,1
14.95224202,-19.16325684,LA1,2009-01-24,11:20:48 PM,23:20:00,Hot-Wet,2009-01-24 23:20:00,1
14.95224406,-19.16321818,LA1,2009-01-24,11:40:48 PM,23:40:00,Hot-Wet,2009-01-24 23:40:00,1
14.95224711,-19.16318563,LA1,2009-01-25,12:00:48 AM,00:00:00,Hot-Wet,2009-01-25 00:00:00,1
14.95227865,-19.16324463,LA1,2009-01-25,12:20:49 AM,00:20:00,Hot-Wet,2009-01-25 00:20:00,1
14.95232137,-19.16321615,LA1,2009-01-25,12:40:48 AM,00:40:00,Hot-Wet,2009-01-25 00:40:00,1
14.95195109,-19.16359456,LA1,2009-01-25,01:00:48 AM,01:00:00,Hot-Wet,2009-01-25 01:00:00,1
14.95273946,-19.16524048,LA1,2009-01-25,01:20:48 AM,01:20:00,Hot-Wet,2009-01-25 01:20:00,1
14.95467631,-19.16839803,LA1,2009-01-25,01:40:48 AM,01:40:00,Hot-Wet,2009-01-25 01:40:00,1
14.95647074,-19.17032267,LA1,2009-01-25,02:00:48 AM,02:00:00,Hot-Wet,2009-01-25 02:00:00,1
14.95650533,-19.17039185,LA1,2009-01-25,02:20:48 AM,02:20:00,Hot-Wet,2009-01-25 02:20:00,1
14.95647583,-19.17034912,LA1,2009-01-25,02:40:48 AM,02:40:00,Hot-Wet,2009-01-25 02:40:00,1
14.95651042,-19.17028809,LA1,2009-01-25,03:00:48 AM,03:00:00,Hot-Wet,2009-01-25 03:00:00,1
14.95649109,-19.17041219,LA1,2009-01-25,03:20:48 AM,03:20:00,Hot-Wet,2009-01-25 03:20:00,1
14.95648804,-19.17035319,LA1,2009-01-25,03:40:48 AM,03:40:00,Hot-Wet,2009-01-25 03:40:00,1
14.95705668,-19.17046102,LA1,2009-01-25,04:00:48 AM,04:00:00,Hot-Wet,2009-01-25 04:00:00,1
14.95788574,-19.17105713,LA1,2009-01-25,04:20:48 AM,04:20:00,Hot-Wet,2009-01-25 04:20:00,1
14.95911662,-19.17198283,LA1,2009-01-25,04:40:48 AM,04:40:00,Hot-Wet,2009-01-25 04:40:00,1
14.96100159,-19.1745402,LA1,2009-01-25,05:00:48 AM,05:00:00,Hot-Wet,2009-01-25 05:00:00,1
14.96230367,-19.17567546,LA1,2009-01-25,05:20:48 AM,05:20:00,Hot-Wet,2009-01-25 05:20:00,1
14.96301575,-19.17618001,LA1,2009-01-25,05:40:48 AM,05:40:00,Hot-Wet,2009-01-25 05:40:00,1
14.96268514,-19.17674967,LA1,2009-01-25,06:00:48 AM,06:00:00,Hot-Wet,2009-01-25 06:00:00,1
14.9634613,-19.17731323,LA1,2009-01-25,06:20:48 AM,06:20:00,Hot-Wet,2009-01-25 06:20:00,1
14.96387533,-19.17748617,LA1,2009-01-25,06:40:48 AM,06:40:00,Hot-Wet,2009-01-25 06:40:00,1
14.96537679,-19.178361,LA1,2009-01-25,07:00:48 AM,07:00:00,Hot-Wet,2009-01-25 07:00:00,1
14.96647339,-19.17879435,LA1,2009-01-25,07:20:48 AM,07:20:00,Hot-Wet,2009-01-25 07:20:00,1
14.96795451,-19.18023071,LA1,2009-01-25,07:40:48 AM,07:40:00,Hot-Wet,2009-01-25 07:40:00,1
14.96931559,-19.18385824,LA1,2009-01-25,08:00:48 AM,08:00:00,Hot-Wet,2009-01-25 08:00:00,1
14.97269185,-19.18475138,LA1,2009-01-25,08:20:48 AM,08:20:00,Hot-Wet,2009-01-25 08:20:00,1
14.97573344,-19.18468831,LA1,2009-01-25,08:40:48 AM,08:40:00,Hot-Wet,2009-01-25 08:40:00,1
14.9759196,-19.18477783,LA1,2009-01-25,09:00:48 AM,09:00:00,Hot-Wet,2009-01-25 09:00:00,1
14.97652486,-19.18621826,LA1,2009-01-25,09:20:48 AM,09:20:00,Hot-Wet,2009-01-25 09:20:00,1
14.97813416,-19.18792521,LA1,2009-01-25,09:40:48 AM,09:40:00,Hot-Wet,2009-01-25 09:40:00,1
14.97853292,-19.18844604,LA1,2009-01-25,10:00:48 AM,10:00:00,Hot-Wet,2009-01-25 10:00:00,1
14.97941488,-19.18954061,LA1,2009-01-25,10:20:48 AM,10:20:00,Hot-Wet,2009-01-25 10:20:00,1
14.97951864,-19.18966471,LA1,2009-01-25,10:40:48 AM,10:40:00,Hot-Wet,2009-01-25 10:40:00,1
14.97922567,-19.19237874,LA1,2009-01-25,11:00:48 AM,11:00:00,Hot-Wet,2009-01-25 11:00:00,1
14.97744751,-19.19828491,LA1,2009-01-25,11:20:48 AM,11:20:00,Hot-Wet,2009-01-25 11:20:00,1
14.97746073,-19.1982666,LA1,2009-01-25,11:40:38 AM,11:40:00,Hot-Wet,2009-01-25 11:40:00,1
14.97489726,-19.19303589,LA1,2009-01-25,12:00:38 PM,12:00:00,Hot-Wet,2009-01-25 12:00:00,1
14.97537537,-19.18742879,LA1,2009-01-25,12:20:38 PM,12:20:00,Hot-Wet,2009-01-25 12:20:00,1
14.97613932,-19.18576864,LA1,2009-01-25,12:40:38 PM,12:40:00,Hot-Wet,2009-01-25 12:40:00,1
14.97578328,-19.18404541,LA1,2009-01-25,01:00:38 PM,13:00:00,Hot-Wet,2009-01-25 13:00:00,1
14.97655538,-19.18206584,LA1,2009-01-25,01:20:38 PM,13:20:00,Hot-Wet,2009-01-25 13:20:00,1
14.97643127,-19.18192342,LA1,2009-01-25,01:40:38 PM,13:40:00,Hot-Wet,2009-01-25 13:40:00,1
14.9773407,-19.17897949,LA1,2009-01-25,02:00:38 PM,14:00:00,Hot-Wet,2009-01-25 14:00:00,1
14.97674459,-19.17581991,LA1,2009-01-25,02:20:38 PM,14:20:00,Hot-Wet,2009-01-25 14:20:00,1
14.97617391,-19.17423299,LA1,2009-01-25,02:40:38 PM,14:40:00,Hot-Wet,2009-01-25 14:40:00,1
14.97618205,-19.17423096,LA1,2009-01-25,03:00:38 PM,15:00:00,Hot-Wet,2009-01-25 15:00:00,1
14.97619934,-19.17423096,LA1,2009-01-25,03:20:38 PM,15:20:00,Hot-Wet,2009-01-25 15:20:00,1
14.97624105,-19.17407023,LA1,2009-01-25,03:40:38 PM,15:40:00,Hot-Wet,2009-01-25 15:40:00,1
14.9763682,-19.17355143,LA1,2009-01-25,04:00:38 PM,16:00:00,Hot-Wet,2009-01-25 16:00:00,1
14.97496134,-19.17296753,LA1,2009-01-25,04:20:38 PM,16:20:00,Hot-Wet,2009-01-25 16:20:00,1
14.97351583,-19.1726888,LA1,2009-01-25,04:40:38 PM,16:40:00,Hot-Wet,2009-01-25 16:40:00,1
14.97303263,-19.17002563,LA1,2009-01-25,05:00:38 PM,17:00:00,Hot-Wet,2009-01-25 17:00:00,1
14.97261047,-19.16976725,LA1,2009-01-25,05:20:38 PM,17:20:00,Hot-Wet,2009-01-25 17:20:00,1
14.97332255,-19.17004598,LA1,2009-01-25,05:40:38 PM,17:40:00,Hot-Wet,2009-01-25 17:40:00,1
14.97394206,-19.16993205,LA1,2009-01-25,06:00:38 PM,18:00:00,Hot-Wet,2009-01-25 18:00:00,1
14.97525533,-19.17079671,LA1,2009-01-25,06:20:38 PM,18:20:00,Hot-Wet,2009-01-25 18:20:00,1
14.97565816,-19.17096761,LA1,2009-01-25,06:40:38 PM,18:40:00,Hot-Wet,2009-01-25 18:40:00,1
14.97727865,-19.17270915,LA1,2009-01-25,07:00:38 PM,19:00:00,Hot-Wet,2009-01-25 19:00:00,1
14.97706401,-19.17421265,LA1,2009-01-25,07:20:38 PM,19:20:00,Hot-Wet,2009-01-25 19:20:00,1
14.97658183,-19.17558594,LA1,2009-01-25,07:40:38 PM,19:40:00,Hot-Wet,2009-01-25 19:40:00,1
14.97674459,-19.17591146,LA1,2009-01-25,08:00:38 PM,20:00:00,Hot-Wet,2009-01-25 20:00:00,1
14.97684326,-19.17758179,LA1,2009-01-25,08:20:38 PM,20:20:00,Hot-Wet,2009-01-25 20:20:00,1
14.97733561,-19.18015544,LA1,2009-01-25,08:40:38 PM,20:40:00,Hot-Wet,2009-01-25 20:40:00,1
14.97792257,-19.18116862,LA1,2009-01-25,09:00:38 PM,21:00:00,Hot-Wet,2009-01-25 21:00:00,1
14.9797526,-19.18322347,LA1,2009-01-25,09:20:38 PM,21:20:00,Hot-Wet,2009-01-25 21:20:00,1
14.97998454,-19.18402913,LA1,2009-01-25,09:40:38 PM,21:40:00,Hot-Wet,2009-01-25 21:40:00,1
14.98004456,-19.18411458,LA1,2009-01-25,10:00:38 PM,22:00:00,Hot-Wet,2009-01-25 22:00:00,1
14.98029582,-19.18423258,LA1,2009-01-25,10:20:38 PM,22:20:00,Hot-Wet,2009-01-25 22:20:00,1
14.98035075,-19.18428141,LA1,2009-01-25,10:40:38 PM,22:40:00,Hot-Wet,2009-01-25 22:40:00,1
14.98036906,-19.18426921,LA1,2009-01-25,11:00:38 PM,23:00:00,Hot-Wet,2009-01-25 23:00:00,1
14.98052979,-19.18426921,LA1,2009-01-25,11:20:38 PM,23:20:00,Hot-Wet,2009-01-25 23:20:00,1
14.98112284,-19.18497518,LA1,2009-01-25,11:40:38 PM,23:40:00,Hot-Wet,2009-01-25 23:40:00,1
14.98115438,-19.18497518,LA1,2009-01-26,12:00:38 AM,00:00:00,Hot-Wet,2009-01-26 00:00:00,1
14.98109741,-19.18498535,LA1,2009-01-26,12:20:38 AM,00:20:00,Hot-Wet,2009-01-26 00:20:00,1
14.98105164,-19.18496297,LA1,2009-01-26,12:40:38 AM,00:40:00,Hot-Wet,2009-01-26 00:40:00,1
14.98109741,-19.18496094,LA1,2009-01-26,01:00:38 AM,01:00:00,Hot-Wet,2009-01-26 01:00:00,1
14.98109538,-19.18497314,LA1,2009-01-26,01:20:38 AM,01:20:00,Hot-Wet,2009-01-26 01:20:00,1
14.98108826,-19.18496297,LA1,2009-01-26,01:40:38 AM,01:40:00,Hot-Wet,2009-01-26 01:40:00,1
14.98106486,-19.18497925,LA1,2009-01-26,02:00:38 AM,02:00:00,Hot-Wet,2009-01-26 02:00:00,1
14.98107605,-19.18496094,LA1,2009-01-26,02:20:38 AM,02:20:00,Hot-Wet,2009-01-26 02:20:00,1
14.98109029,-19.18498535,LA1,2009-01-26,02:40:38 AM,02:40:00,Hot-Wet,2009-01-26 02:40:00,1
14.98109334,-19.18498942,LA1,2009-01-26,03:00:38 AM,03:00:00,Hot-Wet,2009-01-26 03:00:00,1
14.98103638,-19.18498942,LA1,2009-01-26,03:20:38 AM,03:20:00,Hot-Wet,2009-01-26 03:20:00,1
14.98104045,-19.18498332,LA1,2009-01-26,03:40:38 AM,03:40:00,Hot-Wet,2009-01-26 03:40:00,1
14.98109843,-19.18496908,LA1,2009-01-26,04:00:38 AM,04:00:00,Hot-Wet,2009-01-26 04:00:00,1
14.98108622,-19.18495483,LA1,2009-01-26,04:20:38 AM,04:20:00,Hot-Wet,2009-01-26 04:20:00,1
14.98105164,-19.1849589,LA1,2009-01-26,04:40:38 AM,04:40:00,Hot-Wet,2009-01-26 04:40:00,1
14.98107808,-19.18497314,LA1,2009-01-26,05:00:38 AM,05:00:00,Hot-Wet,2009-01-26 05:00:00,1
14.98115743,-19.18497721,LA1,2009-01-26,05:20:38 AM,05:20:00,Hot-Wet,2009-01-26 05:20:00,1
14.98172913,-19.18514608,LA1,2009-01-26,05:40:38 AM,05:40:00,Hot-Wet,2009-01-26 05:40:00,1
14.98268127,-19.1838033,LA1,2009-01-26,06:00:38 AM,06:00:00,Hot-Wet,2009-01-26 06:00:00,1
14.98365275,-19.1822937,LA1,2009-01-26,06:20:38 AM,06:20:00,Hot-Wet,2009-01-26 06:20:00,1
14.9851532,-19.18166097,LA1,2009-01-26,06:40:38 AM,06:40:00,Hot-Wet,2009-01-26 06:40:00,1
14.98723958,-19.18091634,LA1,2009-01-26,07:00:38 AM,07:00:00,Hot-Wet,2009-01-26 07:00:00,1
14.98723348,-19.18091634,LA1,2009-01-26,07:20:38 AM,07:20:00,Hot-Wet,2009-01-26 07:20:00,1
14.9876119,-19.18103231,LA1,2009-01-26,07:40:38 AM,07:40:00,Hot-Wet,2009-01-26 07:40:00,1
14.98857422,-19.18116455,LA1,2009-01-26,08:00:38 AM,08:00:00,Hot-Wet,2009-01-26 08:00:00,1
14.99264018,-19.17757161,LA1,2009-01-26,08:20:38 AM,08:20:00,Hot-Wet,2009-01-26 08:20:00,1
14.99262594,-19.17756755,LA1,2009-01-26,08:40:38 AM,08:40:00,Hot-Wet,2009-01-26 08:40:00,1
14.99951681,-19.17578735,LA1,2009-01-26,09:00:38 AM,09:00:00,Hot-Wet,2009-01-26 09:00:00,1
15.00035807,-19.1761617,LA1,2009-01-26,09:20:38 AM,09:20:00,Hot-Wet,2009-01-26 09:20:00,1
15.00092265,-19.17647705,LA1,2009-01-26,09:40:38 AM,09:40:00,Hot-Wet,2009-01-26 09:40:00,1
15.00967916,-19.17658488,LA1,2009-01-26,10:00:38 AM,10:00:00,Hot-Wet,2009-01-26 10:00:00,1
15.00967204,-19.17658691,LA1,2009-01-26,10:20:38 AM,10:20:00,Hot-Wet,2009-01-26 10:20:00,1
15.01127319,-19.17607015,LA1,2009-01-26,10:40:38 AM,10:40:00,Hot-Wet,2009-01-26 10:40:00,1
15.01140645,-19.17581584,LA1,2009-01-26,11:00:38 AM,11:00:00,Hot-Wet,2009-01-26 11:00:00,1
15.01371969,-19.17374471,LA1,2009-01-26,11:20:38 AM,11:20:00,Hot-Wet,2009-01-26 11:20:00,1
15.01491699,-19.17073771,LA1,2009-01-26,11:40:38 AM,11:40:00,Hot-Wet,2009-01-26 11:40:00,1
15.01498413,-19.17021891,LA1,2009-01-26,12:00:38 PM,12:00:00,Hot-Wet,2009-01-26 12:00:00,1
15.0140096,-19.17207031,LA1,2009-01-26,12:20:38 PM,12:20:00,Hot-Wet,2009-01-26 12:20:00,1
15.01036987,-19.17622274,LA1,2009-01-26,12:40:38 PM,12:40:00,Hot-Wet,2009-01-26 12:40:00,1
15.00819295,-19.17710368,LA1,2009-01-26,01:00:38 PM,13:00:00,Hot-Wet,2009-01-26 13:00:00,1
15.00753886,-19.17699382,LA1,2009-01-26,01:20:38 PM,13:20:00,Hot-Wet,2009-01-26 13:20:00,1
15.00558879,-19.17748413,LA1,2009-01-26,01:40:38 PM,13:40:00,Hot-Wet,2009-01-26 13:40:00,1
15.00544128,-19.17758993,LA1,2009-01-26,02:00:38 PM,14:00:00,Hot-Wet,2009-01-26 14:00:00,1
15.00426331,-19.17690633,LA1,2009-01-26,02:20:38 PM,14:20:00,Hot-Wet,2009-01-26 14:20:00,1
15.00111186,-19.17677612,LA1,2009-01-26,02:40:38 PM,14:40:00,Hot-Wet,2009-01-26 14:40:00,1
15.00049642,-19.17672933,LA1,2009-01-26,03:00:38 PM,15:00:00,Hot-Wet,2009-01-26 15:00:00,1
15.00021464,-19.17631836,LA1,2009-01-26,03:20:38 PM,15:20:00,Hot-Wet,2009-01-26 15:20:00,1
15.00021667,-19.17631632,LA1,2009-01-26,03:40:38 PM,15:40:00,Hot-Wet,2009-01-26 15:40:00,1
15.0000651,-19.17590739,LA1,2009-01-26,04:00:38 PM,16:00:00,Hot-Wet,2009-01-26 16:00:00,1
14.99726766,-19.17828979,LA1,2009-01-26,04:20:38 PM,16:20:00,Hot-Wet,2009-01-26 16:20:00,1
14.99781087,-19.18118286,LA1,2009-01-26,04:40:38 PM,16:40:00,Hot-Wet,2009-01-26 16:40:00,1
14.9966095,-19.1818807,LA1,2009-01-26,05:00:38 PM,17:00:00,Hot-Wet,2009-01-26 17:00:00,1
14.99487915,-19.18358561,LA1,2009-01-26,05:20:38 PM,17:20:00,Hot-Wet,2009-01-26 17:20:00,1
14.99448446,-19.18474528,LA1,2009-01-26,05:40:38 PM,17:40:00,Hot-Wet,2009-01-26 17:40:00,1
14.99644775,-19.18572184,LA1,2009-01-26,06:00:38 PM,18:00:00,Hot-Wet,2009-01-26 18:00:00,1
14.99815063,-19.18743083,LA1,2009-01-26,06:20:38 PM,18:20:00,Hot-Wet,2009-01-26 18:20:00,1
14.99814657,-19.1875651,LA1,2009-01-26,06:40:38 PM,18:40:00,Hot-Wet,2009-01-26 18:40:00,1
14.9991038,-19.18927816,LA1,2009-01-26,07:00:38 PM,19:00:00,Hot-Wet,2009-01-26 19:00:00,1
14.99924316,-19.18983358,LA1,2009-01-26,07:20:38 PM,19:20:00,Hot-Wet,2009-01-26 19:20:00,1
14.99923604,-19.18983561,LA1,2009-01-26,07:40:38 PM,19:40:00,Hot-Wet,2009-01-26 19:40:00,1
14.99931641,-19.18977051,LA1,2009-01-26,08:00:38 PM,20:00:00,Hot-Wet,2009-01-26 20:00:00,1
14.99910177,-19.19088949,LA1,2009-01-26,08:20:38 PM,20:20:00,Hot-Wet,2009-01-26 20:20:00,1
14.9986318,-19.1912557,LA1,2009-01-26,08:40:38 PM,20:40:00,Hot-Wet,2009-01-26 20:40:00,1
14.99859517,-19.19135132,LA1,2009-01-26,09:00:38 PM,21:00:00,Hot-Wet,2009-01-26 21:00:00,1
14.99861043,-19.19132487,LA1,2009-01-26,09:20:48 PM,21:20:00,Hot-Wet,2009-01-26 21:20:00,1
14.99806417,-19.19123535,LA1,2009-01-26,09:40:48 PM,21:40:00,Hot-Wet,2009-01-26 21:40:00,1
14.99766134,-19.1913269,LA1,2009-01-26,10:00:48 PM,22:00:00,Hot-Wet,2009-01-26 22:00:00,1
14.99772847,-19.19133911,LA1,2009-01-26,10:20:48 PM,22:20:00,Hot-Wet,2009-01-26 22:20:00,1
14.9977478,-19.19133911,LA1,2009-01-26,10:40:48 PM,22:40:00,Hot-Wet,2009-01-26 22:40:00,1
14.9977417,-19.19131063,LA1,2009-01-26,11:00:48 PM,23:00:00,Hot-Wet,2009-01-26 23:00:00,1
14.9977417,-19.19133911,LA1,2009-01-26,11:20:48 PM,23:20:00,Hot-Wet,2009-01-26 23:20:00,1
14.99773254,-19.1913208,LA1,2009-01-26,11:40:48 PM,23:40:00,Hot-Wet,2009-01-26 23:40:00,1
14.99773254,-19.19131877,LA1,2009-01-27,12:00:48 AM,00:00:00,Hot-Wet,2009-01-27 00:00:00,1
14.99738363,-19.19102783,LA1,2009-01-27,12:20:49 AM,00:20:00,Hot-Wet,2009-01-27 00:20:00,1
14.99580587,-19.1894633,LA1,2009-01-27,12:40:48 AM,00:40:00,Hot-Wet,2009-01-27 00:40:00,1
14.98817342,-19.1862793,LA1,2009-01-27,01:00:48 AM,01:00:00,Hot-Wet,2009-01-27 01:00:00,1
14.98597921,-19.18391724,LA1,2009-01-27,01:20:48 AM,01:20:00,Hot-Wet,2009-01-27 01:20:00,1
14.98599752,-19.18397217,LA1,2009-01-27,01:40:48 AM,01:40:00,Hot-Wet,2009-01-27 01:40:00,1
14.98597717,-19.18394979,LA1,2009-01-27,02:00:48 AM,02:00:00,Hot-Wet,2009-01-27 02:00:00,1
14.98601379,-19.18390299,LA1,2009-01-27,02:20:48 AM,02:20:00,Hot-Wet,2009-01-27 02:20:00,1
14.98597412,-19.18393555,LA1,2009-01-27,02:40:48 AM,02:40:00,Hot-Wet,2009-01-27 02:40:00,1
14.98598836,-19.18398438,LA1,2009-01-27,03:00:48 AM,03:00:00,Hot-Wet,2009-01-27 03:00:00,1
14.98599447,-19.18391927,LA1,2009-01-27,03:20:48 AM,03:20:00,Hot-Wet,2009-01-27 03:20:00,1
14.98600769,-19.18395996,LA1,2009-01-27,03:40:48 AM,03:40:00,Hot-Wet,2009-01-27 03:40:00,1
14.98600769,-19.18395589,LA1,2009-01-27,04:00:48 AM,04:00:00,Hot-Wet,2009-01-27 04:00:00,1
14.98595785,-19.18393962,LA1,2009-01-27,04:20:48 AM,04:20:00,Hot-Wet,2009-01-27 04:20:00,1
14.98618673,-19.18357747,LA1,2009-01-27,04:40:48 AM,04:40:00,Hot-Wet,2009-01-27 04:40:00,1
14.98541158,-19.18099365,LA1,2009-01-27,05:00:48 AM,05:00:00,Hot-Wet,2009-01-27 05:00:00,1
14.98344625,-19.17881063,LA1,2009-01-27,05:20:48 AM,05:20:00,Hot-Wet,2009-01-27 05:20:00,1
14.98304647,-19.17907511,LA1,2009-01-27,05:40:48 AM,05:40:00,Hot-Wet,2009-01-27 05:40:00,1
14.98252563,-19.17930094,LA1,2009-01-27,06:00:48 AM,06:00:00,Hot-Wet,2009-01-27 06:00:00,1
14.98348592,-19.17976074,LA1,2009-01-27,06:20:48 AM,06:20:00,Hot-Wet,2009-01-27 06:20:00,1
14.98465474,-19.17999064,LA1,2009-01-27,06:40:48 AM,06:40:00,Hot-Wet,2009-01-27 06:40:00,1
14.9868693,-19.17984009,LA1,2009-01-27,07:00:48 AM,07:00:00,Hot-Wet,2009-01-27 07:00:00,1
14.98772278,-19.17938843,LA1,2009-01-27,07:20:38 AM,07:20:00,Hot-Wet,2009-01-27 07:20:00,1
14.98772583,-19.17938843,LA1,2009-01-27,07:40:38 AM,07:40:00,Hot-Wet,2009-01-27 07:40:00,1
14.99538167,-19.17934977,LA1,2009-01-27,08:00:38 AM,08:00:00,Hot-Wet,2009-01-27 08:00:00,1
14.99537659,-19.1793457,LA1,2009-01-27,08:20:38 AM,08:20:00,Hot-Wet,2009-01-27 08:20:00,1
14.99732259,-19.17825317,LA1,2009-01-27,08:40:38 AM,08:40:00,Hot-Wet,2009-01-27 08:40:00,1
14.9974589,-19.1784078,LA1,2009-01-27,09:00:38 AM,09:00:00,Hot-Wet,2009-01-27 09:00:00,1
14.99691976,-19.17817179,LA1,2009-01-27,09:20:38 AM,09:20:00,Hot-Wet,2009-01-27 09:20:00,1
14.99710286,-19.17862549,LA1,2009-01-27,09:40:38 AM,09:40:00,Hot-Wet,2009-01-27 09:40:00,1
14.99793193,-19.17800903,LA1,2009-01-27,10:00:38 AM,10:00:00,Hot-Wet,2009-01-27 10:00:00,1
14.99794108,-19.178007,LA1,2009-01-27,10:20:38 AM,10:20:00,Hot-Wet,2009-01-27 10:20:00,1
14.99906413,-19.17682292,LA1,2009-01-27,10:40:38 AM,10:40:00,Hot-Wet,2009-01-27 10:40:00,1
14.99970907,-19.17630819,LA1,2009-01-27,11:00:38 AM,11:00:00,Hot-Wet,2009-01-27 11:00:00,1
15.0003184,-19.17578735,LA1,2009-01-27,11:20:38 AM,11:20:00,Hot-Wet,2009-01-27 11:20:00,1
15.00013428,-19.17577718,LA1,2009-01-27,11:40:38 AM,11:40:00,Hot-Wet,2009-01-27 11:40:00,1
14.99727885,-19.17832438,LA1,2009-01-27,12:00:38 PM,12:00:00,Hot-Wet,2009-01-27 12:00:00,1
14.99733785,-19.17832845,LA1,2009-01-27,12:20:38 PM,12:20:00,Hot-Wet,2009-01-27 12:20:00,1
14.99737244,-19.17834473,LA1,2009-01-27,12:40:38 PM,12:40:00,Hot-Wet,2009-01-27 12:40:00,1
14.99735209,-19.18033651,LA1,2009-01-27,01:00:38 PM,13:00:00,Hot-Wet,2009-01-27 13:00:00,1
14.99739278,-19.18286743,LA1,2009-01-27,01:20:38 PM,13:20:00,Hot-Wet,2009-01-27 13:20:00,1
14.99764506,-19.18413493,LA1,2009-01-27,01:40:38 PM,13:40:00,Hot-Wet,2009-01-27 13:40:00,1
14.99778341,-19.18413696,LA1,2009-01-27,02:00:38 PM,14:00:00,Hot-Wet,2009-01-27 14:00:00,1
14.99770813,-19.18433024,LA1,2009-01-27,02:20:38 PM,14:20:00,Hot-Wet,2009-01-27 14:20:00,1
14.99685974,-19.18479207,LA1,2009-01-27,02:40:38 PM,14:40:00,Hot-Wet,2009-01-27 14:40:00,1
14.99664917,-19.18474731,LA1,2009-01-27,03:00:38 PM,15:00:00,Hot-Wet,2009-01-27 15:00:00,1
14.99664307,-19.18474935,LA1,2009-01-27,03:20:38 PM,15:20:00,Hot-Wet,2009-01-27 15:20:00,1
14.99621887,-19.18499552,LA1,2009-01-27,03:40:38 PM,15:40:00,Hot-Wet,2009-01-27 15:40:00,1
14.99512736,-19.184552,LA1,2009-01-27,04:00:38 PM,16:00:00,Hot-Wet,2009-01-27 16:00:00,1
14.99503072,-19.18420614,LA1,2009-01-27,04:20:38 PM,16:20:00,Hot-Wet,2009-01-27 16:20:00,1
14.99517619,-19.18399658,LA1,2009-01-27,04:40:38 PM,16:40:00,Hot-Wet,2009-01-27 16:40:00,1
14.99503988,-19.18364868,LA1,2009-01-27,05:00:38 PM,17:00:00,Hot-Wet,2009-01-27 17:00:00,1
14.9945872,-19.18360799,LA1,2009-01-27,05:20:38 PM,17:20:00,Hot-Wet,2009-01-27 17:20:00,1
14.99382629,-19.18412679,LA1,2009-01-27,05:40:38 PM,17:40:00,Hot-Wet,2009-01-27 17:40:00,1
14.99348551,-19.18480835,LA1,2009-01-27,06:00:38 PM,18:00:00,Hot-Wet,2009-01-27 18:00:00,1
14.99420166,-19.18541463,LA1,2009-01-27,06:20:38 PM,18:20:00,Hot-Wet,2009-01-27 18:20:00,1
14.99422506,-19.18522339,LA1,2009-01-27,06:40:38 PM,18:40:00,Hot-Wet,2009-01-27 18:40:00,1
14.99410095,-19.18558553,LA1,2009-01-27,07:00:38 PM,19:00:00,Hot-Wet,2009-01-27 19:00:00,1
14.99410197,-19.18558146,LA1,2009-01-27,07:20:38 PM,19:20:00,Hot-Wet,2009-01-27 19:20:00,1
14.99404907,-19.18549398,LA1,2009-01-27,07:40:38 PM,19:40:00,Hot-Wet,2009-01-27 19:40:00,1
14.99405619,-19.18550618,LA1,2009-01-27,08:00:38 PM,20:00:00,Hot-Wet,2009-01-27 20:00:00,1
14.99404399,-19.18546956,LA1,2009-01-27,08:20:38 PM,20:20:00,Hot-Wet,2009-01-27 20:20:00,1
14.99405518,-19.18547974,LA1,2009-01-27,08:40:38 PM,20:40:00,Hot-Wet,2009-01-27 20:40:00,1
14.9943929,-19.18513184,LA1,2009-01-27,09:00:38 PM,21:00:00,Hot-Wet,2009-01-27 21:00:00,1
14.99420064,-19.18456421,LA1,2009-01-27,09:20:38 PM,21:20:00,Hot-Wet,2009-01-27 21:20:00,1
14.99462077,-19.18442586,LA1,2009-01-27,09:40:38 PM,21:40:00,Hot-Wet,2009-01-27 21:40:00,1
14.99517721,-19.18447062,LA1,2009-01-27,10:00:38 PM,22:00:00,Hot-Wet,2009-01-27 22:00:00,1
14.99514465,-19.18448079,LA1,2009-01-27,10:20:38 PM,22:20:00,Hot-Wet,2009-01-27 22:20:00,1
14.99519653,-19.18440552,LA1,2009-01-27,10:40:38 PM,22:40:00,Hot-Wet,2009-01-27 22:40:00,1
14.99517008,-19.184434,LA1,2009-01-27,11:00:38 PM,23:00:00,Hot-Wet,2009-01-27 23:00:00,1
14.99523824,-19.18444621,LA1,2009-01-27,11:20:38 PM,23:20:00,Hot-Wet,2009-01-27 23:20:00,1
14.99541626,-19.18413289,LA1,2009-01-27,11:40:38 PM,23:40:00,Hot-Wet,2009-01-27 23:40:00,1
14.99542135,-19.184139,LA1,2009-01-28,12:00:38 AM,00:00:00,Hot-Wet,2009-01-28 00:00:00,1
14.99566956,-19.18359985,LA1,2009-01-28,12:20:38 AM,00:20:00,Hot-Wet,2009-01-28 00:20:00,1
14.99681498,-19.18066203,LA1,2009-01-28,12:40:38 AM,00:40:00,Hot-Wet,2009-01-28 00:40:00,1
14.99729106,-19.17839559,LA1,2009-01-28,01:00:38 AM,01:00:00,Hot-Wet,2009-01-28 01:00:00,1
14.99813538,-19.17809855,LA1,2009-01-28,01:20:38 AM,01:20:00,Hot-Wet,2009-01-28 01:20:00,1
14.99863586,-19.17858073,LA1,2009-01-28,01:40:38 AM,01:40:00,Hot-Wet,2009-01-28 01:40:00,1
14.99871216,-19.17872518,LA1,2009-01-28,02:00:38 AM,02:00:00,Hot-Wet,2009-01-28 02:00:00,1
14.99871623,-19.17873128,LA1,2009-01-28,02:20:38 AM,02:20:00,Hot-Wet,2009-01-28 02:20:00,1
14.99867655,-19.17871908,LA1,2009-01-28,02:40:38 AM,02:40:00,Hot-Wet,2009-01-28 02:40:00,1
14.99868164,-19.17872518,LA1,2009-01-28,03:00:38 AM,03:00:00,Hot-Wet,2009-01-28 03:00:00,1
14.99880981,-19.17868449,LA1,2009-01-28,03:20:38 AM,03:20:00,Hot-Wet,2009-01-28 03:20:00,1
14.99876709,-19.17855632,LA1,2009-01-28,03:40:38 AM,03:40:00,Hot-Wet,2009-01-28 03:40:00,1
14.99877218,-19.17855428,LA1,2009-01-28,04:00:38 AM,04:00:00,Hot-Wet,2009-01-28 04:00:00,1
14.99920858,-19.17732951,LA1,2009-01-28,04:20:38 AM,04:20:00,Hot-Wet,2009-01-28 04:20:00,1
14.99907837,-19.17679443,LA1,2009-01-28,04:40:38 AM,04:40:00,Hot-Wet,2009-01-28 04:40:00,1
15.00027873,-19.17595418,LA1,2009-01-28,05:00:38 AM,05:00:00,Hot-Wet,2009-01-28 05:00:00,1
15.00041809,-19.17556356,LA1,2009-01-28,05:20:38 AM,05:20:00,Hot-Wet,2009-01-28 05:20:00,1
15.00078227,-19.17503255,LA1,2009-01-28,05:40:38 AM,05:40:00,Hot-Wet,2009-01-28 05:40:00,1
15.00193176,-19.17367757,LA1,2009-01-28,06:00:38 AM,06:00:00,Hot-Wet,2009-01-28 06:00:00,1
15.00237325,-19.17318929,LA1,2009-01-28,06:20:38 AM,06:20:00,Hot-Wet,2009-01-28 06:20:00,1
15.00307515,-19.17371419,LA1,2009-01-28,06:40:38 AM,06:40:00,Hot-Wet,2009-01-28 06:40:00,1
15.00307312,-19.17371216,LA1,2009-01-28,07:00:38 AM,07:00:00,Hot-Wet,2009-01-28 07:00:00,1
15.00414836,-19.16727091,LA1,2009-01-28,07:20:38 AM,07:20:00,Hot-Wet,2009-01-28 07:20:00,1
15.00415141,-19.16727905,LA1,2009-01-28,07:40:38 AM,07:40:00,Hot-Wet,2009-01-28 07:40:00,1
15.00094299,-19.1607137,LA1,2009-01-28,08:00:38 AM,08:00:00,Hot-Wet,2009-01-28 08:00:00,1
15.00094808,-19.16071167,LA1,2009-01-28,08:20:38 AM,08:20:00,Hot-Wet,2009-01-28 08:20:00,1
15.00054932,-19.15836589,LA1,2009-01-28,08:40:38 AM,08:40:00,Hot-Wet,2009-01-28 08:40:00,1
14.99925435,-19.15311076,LA1,2009-01-28,09:00:38 AM,09:00:00,Hot-Wet,2009-01-28 09:00:00,1
14.9987264,-19.14699504,LA1,2009-01-28,09:20:38 AM,09:20:00,Hot-Wet,2009-01-28 09:20:00,1
14.99887899,-19.14494222,LA1,2009-01-28,09:40:38 AM,09:40:00,Hot-Wet,2009-01-28 09:40:00,1
14.99873962,-19.14074097,LA1,2009-01-28,10:00:38 AM,10:00:00,Hot-Wet,2009-01-28 10:00:00,1
14.99963175,-19.13983561,LA1,2009-01-28,10:20:38 AM,10:20:00,Hot-Wet,2009-01-28 10:20:00,1
14.99883423,-19.13890177,LA1,2009-01-28,10:40:38 AM,10:40:00,Hot-Wet,2009-01-28 10:40:00,1
14.99573466,-19.13831787,LA1,2009-01-28,11:00:38 AM,11:00:00,Hot-Wet,2009-01-28 11:00:00,1
14.9950826,-19.13584798,LA1,2009-01-28,11:20:38 AM,11:20:00,Hot-Wet,2009-01-28 11:20:00,1
14.99488627,-19.13567912,LA1,2009-01-28,11:40:38 AM,11:40:00,Hot-Wet,2009-01-28 11:40:00,1
14.99563192,-19.13602702,LA1,2009-01-28,12:00:38 PM,12:00:00,Hot-Wet,2009-01-28 12:00:00,1
14.99585673,-19.1361674,LA1,2009-01-28,12:40:38 PM,12:40:00,Hot-Wet,2009-01-28 12:40:00,1
14.99504801,-19.13515828,LA1,2009-01-28,01:00:38 PM,13:00:00,Hot-Wet,2009-01-28 13:00:00,1
14.99522705,-19.13526204,LA1,2009-01-28,01:20:38 PM,13:20:00,Hot-Wet,2009-01-28 13:20:00,1
14.9950002,-19.13341878,LA1,2009-01-28,01:40:38 PM,13:40:00,Hot-Wet,2009-01-28 13:40:00,1
14.9944397,-19.13322144,LA1,2009-01-28,02:00:38 PM,14:00:00,Hot-Wet,2009-01-28 14:00:00,1
14.99488017,-19.13314412,LA1,2009-01-28,02:20:38 PM,14:20:00,Hot-Wet,2009-01-28 14:20:00,1
14.99548136,-19.13370361,LA1,2009-01-28,02:40:38 PM,14:40:00,Hot-Wet,2009-01-28 14:40:00,1
14.99538778,-19.13556925,LA1,2009-01-28,03:00:38 PM,15:00:00,Hot-Wet,2009-01-28 15:00:00,1
14.99539286,-19.13557129,LA1,2009-01-28,03:20:38 PM,15:20:00,Hot-Wet,2009-01-28 15:20:00,1
14.9964447,-19.13567301,LA1,2009-01-28,03:40:38 PM,15:40:00,Hot-Wet,2009-01-28 15:40:00,1
14.99664612,-19.13546956,LA1,2009-01-28,04:00:38 PM,16:00:00,Hot-Wet,2009-01-28 16:00:00,1
14.99679159,-19.13483887,LA1,2009-01-28,04:20:38 PM,16:20:00,Hot-Wet,2009-01-28 16:20:00,1
14.99732259,-19.13316447,LA1,2009-01-28,04:40:48 PM,16:40:00,Hot-Wet,2009-01-28 16:40:00,1
14.99609477,-19.13281047,LA1,2009-01-28,05:00:48 PM,17:00:00,Hot-Wet,2009-01-28 17:00:00,1
14.99553223,-19.13217163,LA1,2009-01-28,05:20:48 PM,17:20:00,Hot-Wet,2009-01-28 17:20:00,1
14.99557699,-19.13421021,LA1,2009-01-28,05:40:48 PM,17:40:00,Hot-Wet,2009-01-28 17:40:00,1
14.99472961,-19.13800252,LA1,2009-01-28,06:00:48 PM,18:00:00,Hot-Wet,2009-01-28 18:00:00,1
14.99657084,-19.13841146,LA1,2009-01-28,06:20:48 PM,18:20:00,Hot-Wet,2009-01-28 18:20:00,1
14.99713236,-19.13839925,LA1,2009-01-28,06:40:48 PM,18:40:00,Hot-Wet,2009-01-28 18:40:00,1
14.99967041,-19.13886108,LA1,2009-01-28,07:00:48 PM,19:00:00,Hot-Wet,2009-01-28 19:00:00,1
14.99946086,-19.13902791,LA1,2009-01-28,07:20:48 PM,19:20:00,Hot-Wet,2009-01-28 19:20:00,1
14.99943441,-19.13897502,LA1,2009-01-28,07:40:48 PM,19:40:00,Hot-Wet,2009-01-28 19:40:00,1
14.99940186,-19.13902995,LA1,2009-01-28,08:00:48 PM,20:00:00,Hot-Wet,2009-01-28 20:00:00,1
14.99955648,-19.13897705,LA1,2009-01-28,08:20:48 PM,20:20:00,Hot-Wet,2009-01-28 20:20:00,1
15.00038554,-19.13898519,LA1,2009-01-28,08:40:48 PM,20:40:00,Hot-Wet,2009-01-28 20:40:00,1
15.00057576,-19.13890788,LA1,2009-01-28,09:00:48 PM,21:00:00,Hot-Wet,2009-01-28 21:00:00,1
15.00074158,-19.13851318,LA1,2009-01-28,09:20:49 PM,21:20:00,Hot-Wet,2009-01-28 21:20:00,1
15.00085653,-19.13882243,LA1,2009-01-28,09:40:48 PM,21:40:00,Hot-Wet,2009-01-28 21:40:00,1
15.00082703,-19.13930664,LA1,2009-01-28,10:00:48 PM,22:00:00,Hot-Wet,2009-01-28 22:00:00,1
15.00164693,-19.14043986,LA1,2009-01-28,10:20:48 PM,22:20:00,Hot-Wet,2009-01-28 22:20:00,1
15.00248922,-19.14041748,LA1,2009-01-28,10:40:48 PM,22:40:00,Hot-Wet,2009-01-28 22:40:00,1
15.00247803,-19.14050496,LA1,2009-01-28,11:00:49 PM,23:00:00,Hot-Wet,2009-01-28 23:00:00,1
15.00246073,-19.14048055,LA1,2009-01-28,11:20:48 PM,23:20:00,Hot-Wet,2009-01-28 23:20:00,1
15.00247803,-19.14047648,LA1,2009-01-28,11:40:48 PM,23:40:00,Hot-Wet,2009-01-28 23:40:00,1
15.0024587,-19.14047038,LA1,2009-01-29,12:00:48 AM,00:00:00,Hot-Wet,2009-01-29 00:00:00,1
15.00255127,-19.14085897,LA1,2009-01-29,12:20:48 AM,00:20:00,Hot-Wet,2009-01-29 00:20:00,1
15.00274658,-19.14233398,LA1,2009-01-29,12:40:48 AM,00:40:00,Hot-Wet,2009-01-29 00:40:00,1
15.00349833,-19.14497884,LA1,2009-01-29,01:00:48 AM,01:00:00,Hot-Wet,2009-01-29 01:00:00,1
15.00363261,-19.14636434,LA1,2009-01-29,01:20:48 AM,01:20:00,Hot-Wet,2009-01-29 01:20:00,1
15.00367737,-19.14639486,LA1,2009-01-29,01:40:48 AM,01:40:00,Hot-Wet,2009-01-29 01:40:00,1
15.00375773,-19.14645386,LA1,2009-01-29,02:00:48 AM,02:00:00,Hot-Wet,2009-01-29 02:00:00,1
15.00365194,-19.14639689,LA1,2009-01-29,02:20:48 AM,02:20:00,Hot-Wet,2009-01-29 02:20:00,1
15.00372213,-19.14641113,LA1,2009-01-29,02:40:48 AM,02:40:00,Hot-Wet,2009-01-29 02:40:00,1
15.00373433,-19.14641113,LA1,2009-01-29,03:00:48 AM,03:00:00,Hot-Wet,2009-01-29 03:00:00,1
15.00369364,-19.14640503,LA1,2009-01-29,03:20:48 AM,03:20:00,Hot-Wet,2009-01-29 03:20:00,1
15.00369263,-19.14640706,LA1,2009-01-29,03:40:48 AM,03:40:00,Hot-Wet,2009-01-29 03:40:00,1
15.0036967,-19.1464152,LA1,2009-01-29,04:00:48 AM,04:00:00,Hot-Wet,2009-01-29 04:00:00,1
15.00382792,-19.14663289,LA1,2009-01-29,04:20:48 AM,04:20:00,Hot-Wet,2009-01-29 04:20:00,1
15.00453288,-19.14697062,LA1,2009-01-29,04:40:48 AM,04:40:00,Hot-Wet,2009-01-29 04:40:00,1
15.00587056,-19.14738566,LA1,2009-01-29,05:00:48 AM,05:00:00,Hot-Wet,2009-01-29 05:00:00,1
15.00613403,-19.14729614,LA1,2009-01-29,05:20:48 AM,05:20:00,Hot-Wet,2009-01-29 05:20:00,1
15.00605265,-19.14651896,LA1,2009-01-29,05:40:48 AM,05:40:00,Hot-Wet,2009-01-29 05:40:00,1
15.00710653,-19.14595133,LA1,2009-01-29,06:00:48 AM,06:00:00,Hot-Wet,2009-01-29 06:00:00,1
15.00716654,-19.14630534,LA1,2009-01-29,06:20:48 AM,06:20:00,Hot-Wet,2009-01-29 06:20:00,1
15.00739848,-19.14570109,LA1,2009-01-29,06:40:48 AM,06:40:00,Hot-Wet,2009-01-29 06:40:00,1
15.00690002,-19.14400228,LA1,2009-01-29,07:00:48 AM,07:00:00,Hot-Wet,2009-01-29 07:00:00,1
15.00690104,-19.14387207,LA1,2009-01-29,07:20:48 AM,07:20:00,Hot-Wet,2009-01-29 07:20:00,1
15.00681661,-19.14368896,LA1,2009-01-29,07:40:48 AM,07:40:00,Hot-Wet,2009-01-29 07:40:00,1
15.00563761,-19.14270426,LA1,2009-01-29,08:00:48 AM,08:00:00,Hot-Wet,2009-01-29 08:00:00,1
15.00379639,-19.1405131,LA1,2009-01-29,08:20:48 AM,08:20:00,Hot-Wet,2009-01-29 08:20:00,1
15.0039917,-19.137736,LA1,2009-01-29,08:40:48 AM,08:40:00,Hot-Wet,2009-01-29 08:40:00,1
15.00420837,-19.13718465,LA1,2009-01-29,09:00:48 AM,09:00:00,Hot-Wet,2009-01-29 09:00:00,1
15.00261129,-19.13690389,LA1,2009-01-29,09:20:48 AM,09:20:00,Hot-Wet,2009-01-29 09:20:00,1
14.99946594,-19.13712565,LA1,2009-01-29,09:40:48 AM,09:40:00,Hot-Wet,2009-01-29 09:40:00,1
14.99571737,-19.13829549,LA1,2009-01-29,10:00:48 AM,10:00:00,Hot-Wet,2009-01-29 10:00:00,1
14.99347026,-19.13822225,LA1,2009-01-29,10:20:48 AM,10:20:00,Hot-Wet,2009-01-29 10:20:00,1
14.99322205,-19.13843994,LA1,2009-01-29,10:40:48 AM,10:40:00,Hot-Wet,2009-01-29 10:40:00,1
14.99280904,-19.13860474,LA1,2009-01-29,11:00:48 AM,11:00:00,Hot-Wet,2009-01-29 11:00:00,1
14.99236552,-19.13843791,LA1,2009-01-29,11:20:48 AM,11:20:00,Hot-Wet,2009-01-29 11:20:00,1
14.99203084,-19.13863322,LA1,2009-01-29,11:40:48 AM,11:40:00,Hot-Wet,2009-01-29 11:40:00,1
14.9917277,-19.1386617,LA1,2009-01-29,12:00:48 PM,12:00:00,Hot-Wet,2009-01-29 12:00:00,1
14.99215088,-19.13797201,LA1,2009-01-29,12:20:49 PM,12:20:00,Hot-Wet,2009-01-29 12:20:00,1
14.99347534,-19.13765259,LA1,2009-01-29,12:40:48 PM,12:40:00,Hot-Wet,2009-01-29 12:40:00,1
14.9923584,-19.13671672,LA1,2009-01-29,01:00:48 PM,13:00:00,Hot-Wet,2009-01-29 13:00:00,1
14.99134216,-19.13601481,LA1,2009-01-29,01:20:48 PM,13:20:00,Hot-Wet,2009-01-29 13:20:00,1
14.98837687,-19.13533529,LA1,2009-01-29,01:40:48 PM,13:40:00,Hot-Wet,2009-01-29 13:40:00,1
14.9868276,-19.13267415,LA1,2009-01-29,02:00:48 PM,14:00:00,Hot-Wet,2009-01-29 14:00:00,1
14.98119812,-19.12807414,LA1,2009-01-29,02:20:48 PM,14:20:00,Hot-Wet,2009-01-29 14:20:00,1
14.97345378,-19.12622681,LA1,2009-01-29,02:40:48 PM,14:40:00,Hot-Wet,2009-01-29 14:40:00,1
14.97322388,-19.12545776,LA1,2009-01-29,03:00:48 PM,15:00:00,Hot-Wet,2009-01-29 15:00:00,1
14.97336833,-19.12493896,LA1,2009-01-29,03:20:48 PM,15:20:00,Hot-Wet,2009-01-29 15:20:00,1
14.97549845,-19.12434082,LA1,2009-01-29,03:40:48 PM,15:40:00,Hot-Wet,2009-01-29 15:40:00,1
14.97573954,-19.12398885,LA1,2009-01-29,04:00:48 PM,16:00:00,Hot-Wet,2009-01-29 16:00:00,1
14.97675578,-19.12181396,LA1,2009-01-29,04:20:48 PM,16:20:00,Hot-Wet,2009-01-29 16:20:00,1
14.97655334,-19.11960856,LA1,2009-01-29,04:40:48 PM,16:40:00,Hot-Wet,2009-01-29 16:40:00,1
14.97604167,-19.11797078,LA1,2009-01-29,05:00:48 PM,17:00:00,Hot-Wet,2009-01-29 17:00:00,1
14.97546285,-19.11460978,LA1,2009-01-29,05:20:48 PM,17:20:00,Hot-Wet,2009-01-29 17:20:00,1
14.97583415,-19.11470337,LA1,2009-01-29,05:40:48 PM,17:40:00,Hot-Wet,2009-01-29 17:40:00,1
14.97599284,-19.11461792,LA1,2009-01-29,06:00:48 PM,18:00:00,Hot-Wet,2009-01-29 18:00:00,1
14.97736308,-19.11472778,LA1,2009-01-29,06:20:48 PM,18:20:00,Hot-Wet,2009-01-29 18:20:00,1
14.97762349,-19.1149353,LA1,2009-01-29,06:40:48 PM,18:40:00,Hot-Wet,2009-01-29 18:40:00,1
14.97771912,-19.11508789,LA1,2009-01-29,07:00:48 PM,19:00:00,Hot-Wet,2009-01-29 19:00:00,1
14.97825317,-19.11517131,LA1,2009-01-29,07:20:48 PM,19:20:00,Hot-Wet,2009-01-29 19:20:00,1
14.97914124,-19.11566366,LA1,2009-01-29,07:40:48 PM,19:40:00,Hot-Wet,2009-01-29 19:40:00,1
14.97991435,-19.11533203,LA1,2009-01-29,08:00:48 PM,20:00:00,Hot-Wet,2009-01-29 20:00:00,1
14.98105164,-19.11598307,LA1,2009-01-29,08:20:48 PM,20:20:00,Hot-Wet,2009-01-29 20:20:00,1
14.98134257,-19.11627808,LA1,2009-01-29,08:40:48 PM,20:40:00,Hot-Wet,2009-01-29 20:40:00,1
14.9825887,-19.11611532,LA1,2009-01-29,09:00:48 PM,21:00:00,Hot-Wet,2009-01-29 21:00:00,1
14.98337809,-19.118632,LA1,2009-01-29,09:20:48 PM,21:20:00,Hot-Wet,2009-01-29 21:20:00,1
14.98320109,-19.11886393,LA1,2009-01-29,09:40:48 PM,21:40:00,Hot-Wet,2009-01-29 21:40:00,1
14.98163757,-19.12046916,LA1,2009-01-29,10:00:48 PM,22:00:00,Hot-Wet,2009-01-29 22:00:00,1
14.9813324,-19.12072754,LA1,2009-01-29,10:20:48 PM,22:20:00,Hot-Wet,2009-01-29 22:20:00,1
14.98149414,-19.12076619,LA1,2009-01-29,10:40:48 PM,22:40:00,Hot-Wet,2009-01-29 22:40:00,1
14.98146566,-19.12079061,LA1,2009-01-29,11:00:48 PM,23:00:00,Hot-Wet,2009-01-29 23:00:00,1
14.98150533,-19.12079468,LA1,2009-01-29,11:20:48 PM,23:20:00,Hot-Wet,2009-01-29 23:20:00,1
14.98149007,-19.12079264,LA1,2009-01-29,11:40:48 PM,23:40:00,Hot-Wet,2009-01-29 23:40:00,1
14.98146566,-19.12078857,LA1,2009-01-30,12:00:48 AM,00:00:00,Hot-Wet,2009-01-30 00:00:00,1
14.98144836,-19.12081095,LA1,2009-01-30,12:20:49 AM,00:20:00,Hot-Wet,2009-01-30 00:20:00,1
14.98147786,-19.12078451,LA1,2009-01-30,12:40:48 AM,00:40:00,Hot-Wet,2009-01-30 00:40:00,1
14.98145243,-19.12092285,LA1,2009-01-30,01:00:48 AM,01:00:00,Hot-Wet,2009-01-30 01:00:00,1
14.98144938,-19.12077026,LA1,2009-01-30,01:20:48 AM,01:20:00,Hot-Wet,2009-01-30 01:20:00,1
14.98172302,-19.12108968,LA1,2009-01-30,01:40:48 AM,01:40:00,Hot-Wet,2009-01-30 01:40:00,1
14.98189901,-19.12132161,LA1,2009-01-30,02:00:48 AM,02:00:00,Hot-Wet,2009-01-30 02:00:00,1
14.98182373,-19.12137451,LA1,2009-01-30,02:20:48 AM,02:20:00,Hot-Wet,2009-01-30 02:20:00,1
14.9819163,-19.12132365,LA1,2009-01-30,02:40:49 AM,02:40:00,Hot-Wet,2009-01-30 02:40:00,1
14.98187358,-19.12131755,LA1,2009-01-30,03:00:49 AM,03:00:00,Hot-Wet,2009-01-30 03:00:00,1
14.98187256,-19.12127686,LA1,2009-01-30,03:20:48 AM,03:20:00,Hot-Wet,2009-01-30 03:20:00,1
14.98187764,-19.12129924,LA1,2009-01-30,03:40:48 AM,03:40:00,Hot-Wet,2009-01-30 03:40:00,1
14.98187764,-19.12131348,LA1,2009-01-30,04:00:48 AM,04:00:00,Hot-Wet,2009-01-30 04:00:00,1
14.98188375,-19.12131144,LA1,2009-01-30,04:20:48 AM,04:20:00,Hot-Wet,2009-01-30 04:20:00,1
14.98219503,-19.12168579,LA1,2009-01-30,04:40:48 AM,04:40:00,Hot-Wet,2009-01-30 04:40:00,1
14.98236694,-19.12149862,LA1,2009-01-30,05:00:48 AM,05:00:00,Hot-Wet,2009-01-30 05:00:00,1
14.9814738,-19.1213501,LA1,2009-01-30,05:20:48 AM,05:20:00,Hot-Wet,2009-01-30 05:20:00,1
14.9806722,-19.12123617,LA1,2009-01-30,05:40:48 AM,05:40:00,Hot-Wet,2009-01-30 05:40:00,1
14.98070475,-19.12126058,LA1,2009-01-30,06:00:48 AM,06:00:00,Hot-Wet,2009-01-30 06:00:00,1
14.9819753,-19.12032878,LA1,2009-01-30,06:20:48 AM,06:20:00,Hot-Wet,2009-01-30 06:20:00,1
14.98496094,-19.1170105,LA1,2009-01-30,06:40:48 AM,06:40:00,Hot-Wet,2009-01-30 06:40:00,1
14.98717855,-19.11737467,LA1,2009-01-30,07:00:48 AM,07:00:00,Hot-Wet,2009-01-30 07:00:00,1
14.98959554,-19.11716105,LA1,2009-01-30,07:20:38 AM,07:20:00,Hot-Wet,2009-01-30 07:20:00,1
14.98959452,-19.11716512,LA1,2009-01-30,07:40:38 AM,07:40:00,Hot-Wet,2009-01-30 07:40:00,1
14.99116007,-19.12362467,LA1,2009-01-30,08:00:48 AM,08:00:00,Hot-Wet,2009-01-30 08:00:00,1
14.9926768,-19.12597453,LA1,2009-01-30,08:20:48 AM,08:20:00,Hot-Wet,2009-01-30 08:20:00,1
14.99540609,-19.12778931,LA1,2009-01-30,08:40:48 AM,08:40:00,Hot-Wet,2009-01-30 08:40:00,1
14.99847209,-19.12915446,LA1,2009-01-30,09:00:48 AM,09:00:00,Hot-Wet,2009-01-30 09:00:00,1
15.00273234,-19.12637126,LA1,2009-01-30,09:20:48 AM,09:20:00,Hot-Wet,2009-01-30 09:20:00,1
15.00269775,-19.12607218,LA1,2009-01-30,09:40:48 AM,09:40:00,Hot-Wet,2009-01-30 09:40:00,1
15.0008962,-19.12040812,LA1,2009-01-30,10:00:48 AM,10:00:00,Hot-Wet,2009-01-30 10:00:00,1
15.00108744,-19.11886393,LA1,2009-01-30,10:20:48 AM,10:20:00,Hot-Wet,2009-01-30 10:20:00,1
15.0012502,-19.11781209,LA1,2009-01-30,10:40:48 AM,10:40:00,Hot-Wet,2009-01-30 10:40:00,1
15.00151469,-19.11731567,LA1,2009-01-30,11:00:48 AM,11:00:00,Hot-Wet,2009-01-30 11:00:00,1
15.00493164,-19.11688639,LA1,2009-01-30,11:20:48 AM,11:20:00,Hot-Wet,2009-01-30 11:20:00,1
15.00621948,-19.11744792,LA1,2009-01-30,11:40:48 AM,11:40:00,Hot-Wet,2009-01-30 11:40:00,1
15.01016846,-19.11639811,LA1,2009-01-30,12:00:48 PM,12:00:00,Hot-Wet,2009-01-30 12:00:00,1
15.00992635,-19.11243083,LA1,2009-01-30,12:20:48 PM,12:20:00,Hot-Wet,2009-01-30 12:20:00,1
15.01310832,-19.11044922,LA1,2009-01-30,12:40:48 PM,12:40:00,Hot-Wet,2009-01-30 12:40:00,1
15.01627706,-19.10909831,LA1,2009-01-30,01:00:48 PM,13:00:00,Hot-Wet,2009-01-30 13:00:00,1
15.0188741,-19.10640869,LA1,2009-01-30,01:20:48 PM,13:20:00,Hot-Wet,2009-01-30 13:20:00,1
15.01956278,-19.10658976,LA1,2009-01-30,01:40:48 PM,13:40:00,Hot-Wet,2009-01-30 13:40:00,1
15.01768697,-19.1038859,LA1,2009-01-30,02:00:48 PM,14:00:00,Hot-Wet,2009-01-30 14:00:00,1
15.01423848,-19.09434611,LA1,2009-01-30,02:20:48 PM,14:20:00,Hot-Wet,2009-01-30 14:20:00,1
15.00903015,-19.08706055,LA1,2009-01-30,02:40:48 PM,14:40:00,Hot-Wet,2009-01-30 14:40:00,1
15.00556946,-19.08263957,LA1,2009-01-30,03:00:48 PM,15:00:00,Hot-Wet,2009-01-30 15:00:00,1
15.00185445,-19.07782389,LA1,2009-01-30,03:20:48 PM,15:20:00,Hot-Wet,2009-01-30 15:20:00,1
15.0022054,-19.06987508,LA1,2009-01-30,03:40:48 PM,15:40:00,Hot-Wet,2009-01-30 15:40:00,1
15.00665894,-19.06695557,LA1,2009-01-30,04:00:48 PM,16:00:00,Hot-Wet,2009-01-30 16:00:00,1
15.00846151,-19.06336873,LA1,2009-01-30,04:20:48 PM,16:20:00,Hot-Wet,2009-01-30 16:20:00,1
15.01134237,-19.06009725,LA1,2009-01-30,04:40:48 PM,16:40:00,Hot-Wet,2009-01-30 16:40:00,1
15.01266378,-19.05864868,LA1,2009-01-30,05:00:48 PM,17:00:00,Hot-Wet,2009-01-30 17:00:00,1
15.01210632,-19.05720622,LA1,2009-01-30,05:20:48 PM,17:20:00,Hot-Wet,2009-01-30 17:20:00,1
15.01627604,-19.05442301,LA1,2009-01-30,05:40:48 PM,17:40:00,Hot-Wet,2009-01-30 17:40:00,1
15.02111003,-19.05053711,LA1,2009-01-30,06:00:48 PM,18:00:00,Hot-Wet,2009-01-30 18:00:00,1
15.02633769,-19.04474487,LA1,2009-01-30,06:20:48 PM,18:20:00,Hot-Wet,2009-01-30 18:20:00,1
15.03032227,-19.04045817,LA1,2009-01-30,06:40:48 PM,18:40:00,Hot-Wet,2009-01-30 18:40:00,1
15.03776449,-19.03292847,LA1,2009-01-30,07:00:48 PM,19:00:00,Hot-Wet,2009-01-30 19:00:00,1
15.04144389,-19.02952881,LA1,2009-01-30,07:20:48 PM,19:20:00,Hot-Wet,2009-01-30 19:20:00,1
15.05002645,-19.02025146,LA1,2009-01-30,07:40:48 PM,19:40:00,Hot-Wet,2009-01-30 19:40:00,1
15.05512288,-19.01275635,LA1,2009-01-30,08:00:48 PM,20:00:00,Hot-Wet,2009-01-30 20:00:00,1
15.05518901,-19.00924072,LA1,2009-01-30,08:20:48 PM,20:20:00,Hot-Wet,2009-01-30 20:20:00,1
15.05678609,-19.00769246,LA1,2009-01-30,08:40:48 PM,20:40:00,Hot-Wet,2009-01-30 20:40:00,1
15.06078796,-19.0048055,LA1,2009-01-30,09:00:48 PM,21:00:00,Hot-Wet,2009-01-30 21:00:00,1
15.06266073,-19.00347087,LA1,2009-01-30,09:20:48 PM,21:20:00,Hot-Wet,2009-01-30 21:20:00,1
15.06395772,-19.00344035,LA1,2009-01-30,09:40:48 PM,21:40:00,Hot-Wet,2009-01-30 21:40:00,1
15.06702169,-19.00222982,LA1,2009-01-30,10:00:48 PM,22:00:00,Hot-Wet,2009-01-30 22:00:00,1
15.06836039,-18.99558105,LA1,2009-01-30,10:20:48 PM,22:20:00,Hot-Wet,2009-01-30 22:20:00,1
15.06508382,-18.98699748,LA1,2009-01-30,10:40:48 PM,22:40:00,Hot-Wet,2009-01-30 22:40:00,1
15.0616394,-18.97993571,LA1,2009-01-30,11:00:48 PM,23:00:00,Hot-Wet,2009-01-30 23:00:00,1
15.06096293,-18.98005981,LA1,2009-01-30,11:20:48 PM,23:20:00,Hot-Wet,2009-01-30 23:20:00,1
15.06159871,-18.97989502,LA1,2009-01-30,11:40:48 PM,23:40:00,Hot-Wet,2009-01-30 23:40:00,1
15.06376648,-18.98088989,LA1,2009-01-31,12:00:48 AM,00:00:00,Hot-Wet,2009-01-31 00:00:00,1
15.06901754,-18.98530884,LA1,2009-01-31,12:20:49 AM,00:20:00,Hot-Wet,2009-01-31 00:20:00,1
15.0709554,-18.98673096,LA1,2009-01-31,12:40:48 AM,00:40:00,Hot-Wet,2009-01-31 00:40:00,1
15.07097066,-18.98671875,LA1,2009-01-31,01:00:48 AM,01:00:00,Hot-Wet,2009-01-31 01:00:00,1
15.07159729,-18.98707682,LA1,2009-01-31,01:20:48 AM,01:20:00,Hot-Wet,2009-01-31 01:20:00,1
15.07179362,-18.98710327,LA1,2009-01-31,01:40:48 AM,01:40:00,Hot-Wet,2009-01-31 01:40:00,1
15.07255351,-18.98763835,LA1,2009-01-31,02:00:48 AM,02:00:00,Hot-Wet,2009-01-31 02:00:00,1
15.07654521,-18.99000854,LA1,2009-01-31,02:20:48 AM,02:20:00,Hot-Wet,2009-01-31 02:20:00,1
15.08033854,-18.99298706,LA1,2009-01-31,02:40:48 AM,02:40:00,Hot-Wet,2009-01-31 02:40:00,1
15.08370667,-18.9949117,LA1,2009-01-31,03:00:48 AM,03:00:00,Hot-Wet,2009-01-31 03:00:00,1
15.08728638,-18.9978658,LA1,2009-01-31,03:20:48 AM,03:20:00,Hot-Wet,2009-01-31 03:20:00,1
15.08948059,-18.99887899,LA1,2009-01-31,03:40:48 AM,03:40:00,Hot-Wet,2009-01-31 03:40:00,1
15.0896759,-18.99894816,LA1,2009-01-31,04:00:48 AM,04:00:00,Hot-Wet,2009-01-31 04:00:00,1
15.09159749,-18.99989421,LA1,2009-01-31,04:20:48 AM,04:20:00,Hot-Wet,2009-01-31 04:20:00,1
15.09164632,-19.00007121,LA1,2009-01-31,04:40:48 AM,04:40:00,Hot-Wet,2009-01-31 04:40:00,1
15.0915273,-19.0001709,LA1,2009-01-31,05:00:48 AM,05:00:00,Hot-Wet,2009-01-31 05:00:00,1
15.09697367,-19.00399373,LA1,2009-01-31,05:20:48 AM,05:20:00,Hot-Wet,2009-01-31 05:20:00,1
15.10183309,-19.00757039,LA1,2009-01-31,05:40:48 AM,05:40:00,Hot-Wet,2009-01-31 05:40:00,1
15.10479533,-19.00969238,LA1,2009-01-31,06:00:48 AM,06:00:00,Hot-Wet,2009-01-31 06:00:00,1
15.10906169,-19.01326904,LA1,2009-01-31,06:20:48 AM,06:20:00,Hot-Wet,2009-01-31 06:20:00,1
15.10840556,-19.01519979,LA1,2009-01-31,06:40:48 AM,06:40:00,Hot-Wet,2009-01-31 06:40:00,1
15.10790202,-19.01531372,LA1,2009-01-31,07:00:48 AM,07:00:00,Hot-Wet,2009-01-31 07:00:00,1
15.10766703,-19.0164856,LA1,2009-01-31,07:20:48 AM,07:20:00,Hot-Wet,2009-01-31 07:20:00,1
15.10950521,-19.02161051,LA1,2009-01-31,07:40:48 AM,07:40:00,Hot-Wet,2009-01-31 07:40:00,1
15.11065369,-19.02513631,LA1,2009-01-31,08:00:48 AM,08:00:00,Hot-Wet,2009-01-31 08:00:00,1
15.1127238,-19.02958374,LA1,2009-01-31,08:20:48 AM,08:20:00,Hot-Wet,2009-01-31 08:20:00,1
15.11587728,-19.03506673,LA1,2009-01-31,08:40:48 AM,08:40:00,Hot-Wet,2009-01-31 08:40:00,1
15.12001851,-19.03957926,LA1,2009-01-31,09:00:48 AM,09:00:00,Hot-Wet,2009-01-31 09:00:00,1
15.12729594,-19.04223836,LA1,2009-01-31,09:20:48 AM,09:20:00,Hot-Wet,2009-01-31 09:20:00,1
15.13733114,-19.04436849,LA1,2009-01-31,09:40:48 AM,09:40:00,Hot-Wet,2009-01-31 09:40:00,1
15.14064941,-19.04475708,LA1,2009-01-31,10:00:48 AM,10:00:00,Hot-Wet,2009-01-31 10:00:00,1
15.14675293,-19.04647624,LA1,2009-01-31,10:20:48 AM,10:20:00,Hot-Wet,2009-01-31 10:20:00,1
15.14960531,-19.04696859,LA1,2009-01-31,10:40:48 AM,10:40:00,Hot-Wet,2009-01-31 10:40:00,1
15.15570475,-19.04788615,LA1,2009-01-31,11:00:48 AM,11:00:00,Hot-Wet,2009-01-31 11:00:00,1
15.15748596,-19.05077515,LA1,2009-01-31,11:20:48 AM,11:20:00,Hot-Wet,2009-01-31 11:20:00,1
15.15501607,-19.05604858,LA1,2009-01-31,11:40:48 AM,11:40:00,Hot-Wet,2009-01-31 11:40:00,1
15.15499064,-19.0583313,LA1,2009-01-31,12:00:48 PM,12:00:00,Hot-Wet,2009-01-31 12:00:00,1
15.15439351,-19.05920614,LA1,2009-01-31,12:20:48 PM,12:20:00,Hot-Wet,2009-01-31 12:20:00,1
15.15481059,-19.05962118,LA1,2009-01-31,12:40:48 PM,12:40:00,Hot-Wet,2009-01-31 12:40:00,1
15.15481669,-19.05961711,LA1,2009-01-31,01:00:48 PM,13:00:00,Hot-Wet,2009-01-31 13:00:00,1
15.15466512,-19.06010335,LA1,2009-01-31,01:20:48 PM,13:20:00,Hot-Wet,2009-01-31 13:20:00,1
15.15402832,-19.06147257,LA1,2009-01-31,01:40:48 PM,13:40:00,Hot-Wet,2009-01-31 13:40:00,1
15.15166626,-19.06912231,LA1,2009-01-31,02:00:48 PM,14:00:00,Hot-Wet,2009-01-31 14:00:00,1
15.1498881,-19.07163493,LA1,2009-01-31,02:20:48 PM,14:20:00,Hot-Wet,2009-01-31 14:20:00,1
15.14937032,-19.07206421,LA1,2009-01-31,02:40:48 PM,14:40:00,Hot-Wet,2009-01-31 14:40:00,1
15.14892578,-19.07223307,LA1,2009-01-31,03:00:48 PM,15:00:00,Hot-Wet,2009-01-31 15:00:00,1
15.14715881,-19.07509359,LA1,2009-01-31,03:20:48 PM,15:20:00,Hot-Wet,2009-01-31 15:20:00,1
15.14875488,-19.07783407,LA1,2009-01-31,03:40:48 PM,15:40:00,Hot-Wet,2009-01-31 15:40:00,1
15.14940491,-19.07806803,LA1,2009-01-31,04:00:48 PM,16:00:00,Hot-Wet,2009-01-31 16:00:00,1
15.15021566,-19.0798116,LA1,2009-01-31,04:20:48 PM,16:20:00,Hot-Wet,2009-01-31 16:20:00,1
15.15267843,-19.0830424,LA1,2009-01-31,04:40:48 PM,16:40:00,Hot-Wet,2009-01-31 16:40:00,1
15.15404867,-19.09005737,LA1,2009-01-31,05:00:48 PM,17:00:00,Hot-Wet,2009-01-31 17:00:00,1
15.15385539,-19.09757894,LA1,2009-01-31,05:20:48 PM,17:20:00,Hot-Wet,2009-01-31 17:20:00,1
15.15293783,-19.10443522,LA1,2009-01-31,05:40:48 PM,17:40:00,Hot-Wet,2009-01-31 17:40:00,1
15.15701701,-19.11126506,LA1,2009-01-31,06:00:48 PM,18:00:00,Hot-Wet,2009-01-31 18:00:00,1
15.16253866,-19.11466675,LA1,2009-01-31,06:20:48 PM,18:20:00,Hot-Wet,2009-01-31 18:20:00,1
15.16783956,-19.12235514,LA1,2009-01-31,06:40:48 PM,18:40:00,Hot-Wet,2009-01-31 18:40:00,1
15.1685201,-19.12831421,LA1,2009-01-31,07:00:48 PM,19:00:00,Hot-Wet,2009-01-31 19:00:00,1
15.16462199,-19.12971802,LA1,2009-01-31,07:20:48 PM,19:20:00,Hot-Wet,2009-01-31 19:20:00,1
15.16169942,-19.13078003,LA1,2009-01-31,07:40:48 PM,19:40:00,Hot-Wet,2009-01-31 19:40:00,1
15.15905558,-19.13268229,LA1,2009-01-31,08:00:48 PM,20:00:00,Hot-Wet,2009-01-31 20:00:00,1
15.15901489,-19.13274536,LA1,2009-01-31,08:20:48 PM,20:20:00,Hot-Wet,2009-01-31 20:20:00,1
15.15903931,-19.13275757,LA1,2009-01-31,08:40:48 PM,20:40:00,Hot-Wet,2009-01-31 20:40:00,1
15.15901693,-19.13276571,LA1,2009-01-31,09:00:48 PM,21:00:00,Hot-Wet,2009-01-31 21:00:00,1
15.15902812,-19.13273722,LA1,2009-01-31,09:20:48 PM,21:20:00,Hot-Wet,2009-01-31 21:20:00,1
15.15902608,-19.13273315,LA1,2009-01-31,09:40:48 PM,21:40:00,Hot-Wet,2009-01-31 21:40:00,1
15.15889384,-19.1327006,LA1,2009-01-31,10:00:48 PM,22:00:00,Hot-Wet,2009-01-31 22:00:00,1
15.15874023,-19.13278605,LA1,2009-01-31,10:20:48 PM,22:20:00,Hot-Wet,2009-01-31 22:20:00,1
15.15853882,-19.1326945,LA1,2009-01-31,10:40:48 PM,22:40:00,Hot-Wet,2009-01-31 22:40:00,1
15.15847473,-19.13276571,LA1,2009-01-31,11:00:55 PM,23:00:00,Hot-Wet,2009-01-31 23:00:00,1
15.15845846,-19.13276164,LA1,2009-01-31,11:20:48 PM,23:20:00,Hot-Wet,2009-01-31 23:20:00,1
15.15845032,-19.1327474,LA1,2009-01-31,11:40:48 PM,23:40:00,Hot-Wet,2009-01-31 23:40:00,1
