Longitude,Latitude,individual-local-identifier,Date,timeAPM,Time,Season,DateTime,Month
15.80164693,-19.22210897,LA1,2009-08-01,12:00:00 AM,00:00:00,Cold-Dry,2009-08-01 00:00:00,8
15.80079346,-19.22194417,LA1,2009-08-01,12:20:00 AM,00:20:00,Cold-Dry,2009-08-01 00:20:00,8
15.8007609,-19.22179769,LA1,2009-08-01,12:40:00 AM,00:40:00,Cold-Dry,2009-08-01 00:40:00,8
15.80057475,-19.22225952,LA1,2009-08-01,01:00:00 AM,01:00:00,Cold-Dry,2009-08-01 01:00:00,8
15.80051982,-19.22239583,LA1,2009-08-01,01:20:00 AM,01:20:00,Cold-Dry,2009-08-01 01:20:00,8
15.80015869,-19.22228394,LA1,2009-08-01,01:40:00 AM,01:40:00,Cold-Dry,2009-08-01 01:40:00,8
15.79991353,-19.22211507,LA1,2009-08-01,02:00:00 AM,02:00:00,Cold-Dry,2009-08-01 02:00:00,8
15.79992472,-19.22212728,LA1,2009-08-01,02:20:00 AM,02:20:00,Cold-Dry,2009-08-01 02:20:00,8
15.79990641,-19.22214762,LA1,2009-08-01,02:40:00 AM,02:40:00,Cold-Dry,2009-08-01 02:40:00,8
15.79999695,-19.22215169,LA1,2009-08-01,03:00:00 AM,03:00:00,Cold-Dry,2009-08-01 03:00:00,8
15.79984639,-19.22214152,LA1,2009-08-01,03:20:00 AM,03:20:00,Cold-Dry,2009-08-01 03:20:00,8
15.7999644,-19.22212321,LA1,2009-08-01,03:40:00 AM,03:40:00,Cold-Dry,2009-08-01 03:40:00,8
15.79997152,-19.22212524,LA1,2009-08-01,04:00:00 AM,04:00:00,Cold-Dry,2009-08-01 04:00:00,8
15.79999288,-19.22212321,LA1,2009-08-01,04:20:00 AM,04:20:00,Cold-Dry,2009-08-01 04:20:00,8
15.79993083,-19.22213745,LA1,2009-08-01,04:40:00 AM,04:40:00,Cold-Dry,2009-08-01 04:40:00,8
15.79966838,-19.22196248,LA1,2009-08-01,05:00:00 AM,05:00:00,Cold-Dry,2009-08-01 05:00:00,8
15.79950663,-19.2214742,LA1,2009-08-01,05:20:00 AM,05:20:00,Cold-Dry,2009-08-01 05:20:00,8
15.79968567,-19.22125854,LA1,2009-08-01,05:40:00 AM,05:40:00,Cold-Dry,2009-08-01 05:40:00,8
15.7997701,-19.22099813,LA1,2009-08-01,06:00:00 AM,06:00:00,Cold-Dry,2009-08-01 06:00:00,8
15.79992879,-19.22069702,LA1,2009-08-01,06:20:00 AM,06:20:00,Cold-Dry,2009-08-01 06:20:00,8
15.80045776,-19.22025146,LA1,2009-08-01,06:40:00 AM,06:40:00,Cold-Dry,2009-08-01 06:40:00,8
15.8010498,-19.21934408,LA1,2009-08-01,07:00:00 AM,07:00:00,Cold-Dry,2009-08-01 07:00:00,8
15.80108337,-19.21884359,LA1,2009-08-01,07:20:00 AM,07:20:00,Cold-Dry,2009-08-01 07:20:00,8
15.80171204,-19.21836344,LA1,2009-08-01,07:40:00 AM,07:40:00,Cold-Dry,2009-08-01 07:40:00,8
15.80132955,-19.21812541,LA1,2009-08-01,08:00:00 AM,08:00:00,Cold-Dry,2009-08-01 08:00:00,8
15.80112101,-19.21824544,LA1,2009-08-01,08:20:00 AM,08:20:00,Cold-Dry,2009-08-01 08:20:00,8
15.80138753,-19.21796265,LA1,2009-08-01,08:40:00 AM,08:40:00,Cold-Dry,2009-08-01 08:40:00,8
15.80292562,-19.21754964,LA1,2009-08-01,09:00:00 AM,09:00:00,Cold-Dry,2009-08-01 09:00:00,8
15.80442505,-19.21723429,LA1,2009-08-01,09:20:00 AM,09:20:00,Cold-Dry,2009-08-01 09:20:00,8
15.80493266,-19.21696574,LA1,2009-08-01,09:40:00 AM,09:40:00,Cold-Dry,2009-08-01 09:40:00,8
15.80555827,-19.21525269,LA1,2009-08-01,10:00:00 AM,10:00:00,Cold-Dry,2009-08-01 10:00:00,8
15.80551554,-19.21375732,LA1,2009-08-01,10:20:00 AM,10:20:00,Cold-Dry,2009-08-01 10:20:00,8
15.80558472,-19.21298218,LA1,2009-08-01,10:40:00 AM,10:40:00,Cold-Dry,2009-08-01 10:40:00,8
15.8063385,-19.21085612,LA1,2009-08-01,11:00:00 AM,11:00:00,Cold-Dry,2009-08-01 11:00:00,8
15.80634054,-19.21082153,LA1,2009-08-01,11:20:00 AM,11:20:00,Cold-Dry,2009-08-01 11:20:00,8
15.8063446,-19.21082153,LA1,2009-08-01,11:40:00 AM,11:40:00,Cold-Dry,2009-08-01 11:40:00,8
15.80634969,-19.21080933,LA1,2009-08-01,12:00:00 PM,12:00:00,Cold-Dry,2009-08-01 12:00:00,8
15.80678101,-19.21016235,LA1,2009-08-01,12:20:00 PM,12:20:00,Cold-Dry,2009-08-01 12:20:00,8
15.80679525,-19.21015015,LA1,2009-08-01,12:40:00 PM,12:40:00,Cold-Dry,2009-08-01 12:40:00,8
15.80821228,-19.2085144,LA1,2009-08-01,01:00:00 PM,13:00:00,Cold-Dry,2009-08-01 13:00:00,8
15.81083984,-19.20398966,LA1,2009-08-01,01:20:00 PM,13:20:00,Cold-Dry,2009-08-01 13:20:00,8
15.81263529,-19.20184937,LA1,2009-08-01,01:40:00 PM,13:40:00,Cold-Dry,2009-08-01 13:40:00,8
15.81268412,-19.20137736,LA1,2009-08-01,02:00:00 PM,14:00:00,Cold-Dry,2009-08-01 14:00:00,8
15.81285502,-19.2009196,LA1,2009-08-01,02:20:00 PM,14:20:00,Cold-Dry,2009-08-01 14:20:00,8
15.81465047,-19.19877523,LA1,2009-08-01,02:40:00 PM,14:40:00,Cold-Dry,2009-08-01 14:40:00,8
15.81528015,-19.19778239,LA1,2009-08-01,03:00:00 PM,15:00:00,Cold-Dry,2009-08-01 15:00:00,8
15.81544698,-19.19769694,LA1,2009-08-01,03:20:00 PM,15:20:00,Cold-Dry,2009-08-01 15:20:00,8
15.81561076,-19.19744466,LA1,2009-08-01,03:40:00 PM,15:40:00,Cold-Dry,2009-08-01 15:40:00,8
15.81599833,-19.19726969,LA1,2009-08-01,04:00:00 PM,16:00:00,Cold-Dry,2009-08-01 16:00:00,8
15.81791077,-19.19643148,LA1,2009-08-01,04:20:00 PM,16:20:00,Cold-Dry,2009-08-01 16:20:00,8
15.8212026,-19.19339193,LA1,2009-08-01,04:40:00 PM,16:40:00,Cold-Dry,2009-08-01 16:40:00,8
15.82046204,-19.19259644,LA1,2009-08-01,05:00:00 PM,17:00:00,Cold-Dry,2009-08-01 17:00:00,8
15.82049154,-19.19262085,LA1,2009-08-01,05:20:00 PM,17:20:00,Cold-Dry,2009-08-01 17:20:00,8
15.82141418,-19.19184774,LA1,2009-08-01,05:40:00 PM,17:40:00,Cold-Dry,2009-08-01 17:40:00,8
15.82557068,-19.19187419,LA1,2009-08-01,06:00:00 PM,18:00:00,Cold-Dry,2009-08-01 18:00:00,8
15.82610779,-19.19175415,LA1,2009-08-01,06:20:00 PM,18:20:00,Cold-Dry,2009-08-01 18:20:00,8
15.82974854,-19.19075317,LA1,2009-08-01,06:40:00 PM,18:40:00,Cold-Dry,2009-08-01 18:40:00,8
15.83026123,-19.18953451,LA1,2009-08-01,07:00:00 PM,19:00:00,Cold-Dry,2009-08-01 19:00:00,8
15.83652039,-19.19007161,LA1,2009-08-01,07:20:00 PM,19:20:00,Cold-Dry,2009-08-01 19:20:00,8
15.83745422,-19.1899292,LA1,2009-08-01,07:40:00 PM,19:40:00,Cold-Dry,2009-08-01 19:40:00,8
15.83783468,-19.18997192,LA1,2009-08-01,08:00:00 PM,20:00:00,Cold-Dry,2009-08-01 20:00:00,8
15.83808594,-19.18978678,LA1,2009-08-01,08:20:00 PM,20:20:00,Cold-Dry,2009-08-01 20:20:00,8
15.8430481,-19.18935954,LA1,2009-08-01,08:40:00 PM,20:40:00,Cold-Dry,2009-08-01 20:40:00,8
15.84723307,-19.18722534,LA1,2009-08-01,09:00:00 PM,21:00:00,Cold-Dry,2009-08-01 21:00:00,8
15.84873962,-19.18601074,LA1,2009-08-01,09:20:00 PM,21:20:00,Cold-Dry,2009-08-01 21:20:00,8
15.85212911,-19.18484701,LA1,2009-08-01,09:40:00 PM,21:40:00,Cold-Dry,2009-08-01 21:40:00,8
15.85792847,-19.18321126,LA1,2009-08-01,10:00:00 PM,22:00:00,Cold-Dry,2009-08-01 22:00:00,8
15.86592712,-19.18187459,LA1,2009-08-01,10:20:00 PM,22:20:00,Cold-Dry,2009-08-01 22:20:00,8
15.87041524,-19.18037923,LA1,2009-08-01,10:40:00 PM,22:40:00,Cold-Dry,2009-08-01 22:40:00,8
15.87209981,-19.18094279,LA1,2009-08-01,11:00:00 PM,23:00:00,Cold-Dry,2009-08-01 23:00:00,8
15.87842814,-19.18007813,LA1,2009-08-01,11:20:00 PM,23:20:00,Cold-Dry,2009-08-01 23:20:00,8
15.88869731,-19.17899577,LA1,2009-08-01,11:40:00 PM,23:40:00,Cold-Dry,2009-08-01 23:40:00,8
15.89924113,-19.1794576,LA1,2009-08-02,12:00:00 AM,00:00:00,Cold-Dry,2009-08-02 00:00:00,8
15.90932719,-19.18053182,LA1,2009-08-02,12:20:00 AM,00:20:00,Cold-Dry,2009-08-02 00:20:00,8
15.91592712,-19.18093669,LA1,2009-08-02,12:40:00 AM,00:40:00,Cold-Dry,2009-08-02 00:40:00,8
15.91590983,-19.18094076,LA1,2009-08-02,01:00:00 AM,01:00:00,Cold-Dry,2009-08-02 01:00:00,8
15.91409403,-19.17960815,LA1,2009-08-02,01:20:00 AM,01:20:00,Cold-Dry,2009-08-02 01:20:00,8
15.90696208,-19.17502441,LA1,2009-08-02,01:40:00 AM,01:40:00,Cold-Dry,2009-08-02 01:40:00,8
15.90060628,-19.17161051,LA1,2009-08-02,02:00:00 AM,02:00:00,Cold-Dry,2009-08-02 02:00:00,8
15.89853516,-19.16808675,LA1,2009-08-02,02:20:00 AM,02:20:00,Cold-Dry,2009-08-02 02:20:00,8
15.89702861,-19.16605225,LA1,2009-08-02,02:40:00 AM,02:40:00,Cold-Dry,2009-08-02 02:40:00,8
15.89677327,-19.16578573,LA1,2009-08-02,03:00:00 AM,03:00:00,Cold-Dry,2009-08-02 03:00:00,8
15.89609477,-19.16503703,LA1,2009-08-02,03:20:00 AM,03:20:00,Cold-Dry,2009-08-02 03:20:00,8
15.89583537,-19.16473185,LA1,2009-08-02,03:40:00 AM,03:40:00,Cold-Dry,2009-08-02 03:40:00,8
15.89202881,-19.16229655,LA1,2009-08-02,04:00:00 AM,04:00:00,Cold-Dry,2009-08-02 04:00:00,8
15.88994649,-19.15898031,LA1,2009-08-02,04:20:00 AM,04:20:00,Cold-Dry,2009-08-02 04:20:00,8
15.8899648,-19.15899048,LA1,2009-08-02,04:40:00 AM,04:40:00,Cold-Dry,2009-08-02 04:40:00,8
15.88995972,-19.15900269,LA1,2009-08-02,05:00:00 AM,05:00:00,Cold-Dry,2009-08-02 05:00:00,8
15.88996277,-19.15899455,LA1,2009-08-02,05:20:00 AM,05:20:00,Cold-Dry,2009-08-02 05:20:00,8
15.88904724,-19.15866903,LA1,2009-08-02,05:40:00 AM,05:40:00,Cold-Dry,2009-08-02 05:40:00,8
15.88898722,-19.15864868,LA1,2009-08-02,06:00:00 AM,06:00:00,Cold-Dry,2009-08-02 06:00:00,8
15.88895874,-19.15859782,LA1,2009-08-02,06:20:00 AM,06:20:00,Cold-Dry,2009-08-02 06:20:00,8
15.88905538,-19.1582255,LA1,2009-08-02,06:40:00 AM,06:40:00,Cold-Dry,2009-08-02 06:40:00,8
15.88901367,-19.15803223,LA1,2009-08-02,07:00:00 AM,07:00:00,Cold-Dry,2009-08-02 07:00:00,8
15.8888621,-19.15769043,LA1,2009-08-02,07:20:00 AM,07:20:00,Cold-Dry,2009-08-02 07:20:00,8
15.88887126,-19.15750732,LA1,2009-08-02,07:40:00 AM,07:40:00,Cold-Dry,2009-08-02 07:40:00,8
15.88891093,-19.15739339,LA1,2009-08-02,08:00:00 AM,08:00:00,Cold-Dry,2009-08-02 08:00:00,8
15.8884847,-19.15714315,LA1,2009-08-02,08:20:00 AM,08:20:00,Cold-Dry,2009-08-02 08:20:00,8
15.88845927,-19.15713501,LA1,2009-08-02,08:40:00 AM,08:40:00,Cold-Dry,2009-08-02 08:40:00,8
15.88848063,-19.15717163,LA1,2009-08-02,09:00:00 AM,09:00:00,Cold-Dry,2009-08-02 09:00:00,8
15.88849792,-19.15715129,LA1,2009-08-02,09:20:00 AM,09:20:00,Cold-Dry,2009-08-02 09:20:00,8
15.88840841,-19.15700887,LA1,2009-08-02,09:40:00 AM,09:40:00,Cold-Dry,2009-08-02 09:40:00,8
15.88842367,-19.15701701,LA1,2009-08-02,10:00:00 AM,10:00:00,Cold-Dry,2009-08-02 10:00:00,8
15.88866781,-19.1571696,LA1,2009-08-02,10:20:00 AM,10:20:00,Cold-Dry,2009-08-02 10:20:00,8
15.88901062,-19.15730184,LA1,2009-08-02,10:40:00 AM,10:40:00,Cold-Dry,2009-08-02 10:40:00,8
15.88914185,-19.15771281,LA1,2009-08-02,11:00:00 AM,11:00:00,Cold-Dry,2009-08-02 11:00:00,8
15.88938395,-19.15791016,LA1,2009-08-02,11:20:00 AM,11:20:00,Cold-Dry,2009-08-02 11:20:00,8
15.88921204,-19.15830078,LA1,2009-08-02,11:40:00 AM,11:40:00,Cold-Dry,2009-08-02 11:40:00,8
15.88894958,-19.15826619,LA1,2009-08-02,12:00:00 PM,12:00:00,Cold-Dry,2009-08-02 12:00:00,8
15.88882039,-19.15826213,LA1,2009-08-02,12:20:00 PM,12:20:00,Cold-Dry,2009-08-02 12:20:00,8
15.88808289,-19.15812581,LA1,2009-08-02,12:40:00 PM,12:40:00,Cold-Dry,2009-08-02 12:40:00,8
15.88705851,-19.15766195,LA1,2009-08-02,01:00:00 PM,13:00:00,Cold-Dry,2009-08-02 13:00:00,8
15.88637288,-19.15722656,LA1,2009-08-02,01:20:00 PM,13:20:00,Cold-Dry,2009-08-02 13:20:00,8
15.88605143,-19.15720418,LA1,2009-08-02,01:40:00 PM,13:40:00,Cold-Dry,2009-08-02 13:40:00,8
15.88605957,-19.15720825,LA1,2009-08-02,02:00:00 PM,14:00:00,Cold-Dry,2009-08-02 14:00:00,8
15.88703817,-19.15522257,LA1,2009-08-02,02:20:00 PM,14:20:00,Cold-Dry,2009-08-02 14:20:00,8
15.88711751,-19.15516154,LA1,2009-08-02,02:40:00 PM,14:40:00,Cold-Dry,2009-08-02 14:40:00,8
15.88727824,-19.15512899,LA1,2009-08-02,03:00:00 PM,15:00:00,Cold-Dry,2009-08-02 15:00:00,8
15.88773905,-19.15514119,LA1,2009-08-02,03:20:00 PM,15:20:00,Cold-Dry,2009-08-02 15:20:00,8
15.88870036,-19.15537516,LA1,2009-08-02,03:40:00 PM,15:40:00,Cold-Dry,2009-08-02 15:40:00,8
15.89051717,-19.15626221,LA1,2009-08-02,04:00:00 PM,16:00:00,Cold-Dry,2009-08-02 16:00:00,8
15.89286397,-19.15693359,LA1,2009-08-02,04:20:00 PM,16:20:00,Cold-Dry,2009-08-02 16:20:00,8
15.89326681,-19.15759684,LA1,2009-08-02,04:40:00 PM,16:40:00,Cold-Dry,2009-08-02 16:40:00,8
15.89390055,-19.15828044,LA1,2009-08-02,05:00:00 PM,17:00:00,Cold-Dry,2009-08-02 17:00:00,8
15.8955424,-19.1583903,LA1,2009-08-02,05:20:00 PM,17:20:00,Cold-Dry,2009-08-02 17:20:00,8
15.89642537,-19.15901693,LA1,2009-08-02,05:40:00 PM,17:40:00,Cold-Dry,2009-08-02 17:40:00,8
15.90033569,-19.16091512,LA1,2009-08-02,06:00:00 PM,18:00:00,Cold-Dry,2009-08-02 18:00:00,8
15.90119731,-19.16161499,LA1,2009-08-02,06:20:00 PM,18:20:00,Cold-Dry,2009-08-02 18:20:00,8
15.90060425,-19.16489054,LA1,2009-08-02,06:40:00 PM,18:40:00,Cold-Dry,2009-08-02 18:40:00,8
15.90100708,-19.16569214,LA1,2009-08-02,07:00:00 PM,19:00:00,Cold-Dry,2009-08-02 19:00:00,8
15.90391744,-19.16936849,LA1,2009-08-02,07:20:00 PM,19:20:00,Cold-Dry,2009-08-02 19:20:00,8
15.9080953,-19.17323608,LA1,2009-08-02,07:40:00 PM,19:40:00,Cold-Dry,2009-08-02 19:40:00,8
15.91320394,-19.1786438,LA1,2009-08-02,08:00:00 PM,20:00:00,Cold-Dry,2009-08-02 20:00:00,8
15.91599426,-19.18092244,LA1,2009-08-02,08:20:00 PM,20:20:00,Cold-Dry,2009-08-02 20:20:00,8
15.91593018,-19.180896,LA1,2009-08-02,08:40:00 PM,20:40:00,Cold-Dry,2009-08-02 20:40:00,8
15.91583252,-19.18074951,LA1,2009-08-02,09:00:00 PM,21:00:00,Cold-Dry,2009-08-02 21:00:00,8
15.91468404,-19.18104045,LA1,2009-08-02,09:20:00 PM,21:20:00,Cold-Dry,2009-08-02 21:20:00,8
15.90781555,-19.18039347,LA1,2009-08-02,09:40:00 PM,21:40:00,Cold-Dry,2009-08-02 21:40:00,8
15.89854024,-19.17943929,LA1,2009-08-02,10:00:00 PM,22:00:00,Cold-Dry,2009-08-02 22:00:00,8
15.89098002,-19.17902832,LA1,2009-08-02,10:20:00 PM,22:20:00,Cold-Dry,2009-08-02 22:20:00,8
15.88246663,-19.17783,LA1,2009-08-02,10:40:00 PM,22:40:00,Cold-Dry,2009-08-02 22:40:00,8
15.8782369,-19.1769694,LA1,2009-08-02,11:00:00 PM,23:00:00,Cold-Dry,2009-08-02 23:00:00,8
15.87775065,-19.17693278,LA1,2009-08-02,11:20:00 PM,23:20:00,Cold-Dry,2009-08-02 23:20:00,8
15.87703044,-19.17668864,LA1,2009-08-02,11:40:00 PM,23:40:00,Cold-Dry,2009-08-02 23:40:00,8
15.87582397,-19.17663778,LA1,2009-08-03,12:00:00 AM,00:00:00,Cold-Dry,2009-08-03 00:00:00,8
15.87201233,-19.17579346,LA1,2009-08-03,12:20:00 AM,00:20:00,Cold-Dry,2009-08-03 00:20:00,8
15.86624756,-19.17098592,LA1,2009-08-03,12:40:00 AM,00:40:00,Cold-Dry,2009-08-03 00:40:00,8
15.8656545,-19.17076009,LA1,2009-08-03,01:00:00 AM,01:00:00,Cold-Dry,2009-08-03 01:00:00,8
15.86405945,-19.17028198,LA1,2009-08-03,01:20:00 AM,01:20:00,Cold-Dry,2009-08-03 01:20:00,8
15.85741984,-19.16940104,LA1,2009-08-03,01:40:00 AM,01:40:00,Cold-Dry,2009-08-03 01:40:00,8
15.8550944,-19.16909587,LA1,2009-08-03,02:00:00 AM,02:00:00,Cold-Dry,2009-08-03 02:00:00,8
15.85511271,-19.16911418,LA1,2009-08-03,02:20:00 AM,02:20:00,Cold-Dry,2009-08-03 02:20:00,8
15.85510457,-19.1690979,LA1,2009-08-03,02:40:00 AM,02:40:00,Cold-Dry,2009-08-03 02:40:00,8
15.85478109,-19.16925659,LA1,2009-08-03,03:00:00 AM,03:00:00,Cold-Dry,2009-08-03 03:00:00,8
15.85477397,-19.16925863,LA1,2009-08-03,03:20:00 AM,03:20:00,Cold-Dry,2009-08-03 03:20:00,8
15.85447896,-19.16904093,LA1,2009-08-03,03:40:00 AM,03:40:00,Cold-Dry,2009-08-03 03:40:00,8
15.85459391,-19.16923014,LA1,2009-08-03,04:00:00 AM,04:00:00,Cold-Dry,2009-08-03 04:00:00,8
15.85457052,-19.16921997,LA1,2009-08-03,04:20:00 AM,04:20:00,Cold-Dry,2009-08-03 04:20:00,8
15.85197144,-19.16744385,LA1,2009-08-03,04:40:00 AM,04:40:00,Cold-Dry,2009-08-03 04:40:00,8
15.85096944,-19.16640625,LA1,2009-08-03,05:00:00 AM,05:00:00,Cold-Dry,2009-08-03 05:00:00,8
15.85091248,-19.16640625,LA1,2009-08-03,05:20:00 AM,05:20:00,Cold-Dry,2009-08-03 05:20:00,8
15.85078634,-19.16633504,LA1,2009-08-03,05:40:00 AM,05:40:00,Cold-Dry,2009-08-03 05:40:00,8
15.84794922,-19.16424764,LA1,2009-08-03,06:00:00 AM,06:00:00,Cold-Dry,2009-08-03 06:00:00,8
15.84253133,-19.16305949,LA1,2009-08-03,06:20:00 AM,06:20:00,Cold-Dry,2009-08-03 06:20:00,8
15.84006144,-19.16280721,LA1,2009-08-03,06:40:00 AM,06:40:00,Cold-Dry,2009-08-03 06:40:00,8
15.83973897,-19.16258748,LA1,2009-08-03,07:00:00 AM,07:00:00,Cold-Dry,2009-08-03 07:00:00,8
15.83916016,-19.16241252,LA1,2009-08-03,07:20:00 AM,07:20:00,Cold-Dry,2009-08-03 07:20:00,8
15.83753459,-19.16136271,LA1,2009-08-03,07:40:00 AM,07:40:00,Cold-Dry,2009-08-03 07:40:00,8
15.83469543,-19.15932414,LA1,2009-08-03,08:00:00 AM,08:00:00,Cold-Dry,2009-08-03 08:00:00,8
15.83317261,-19.15858968,LA1,2009-08-03,08:20:00 AM,08:20:00,Cold-Dry,2009-08-03 08:20:00,8
15.83215535,-19.15810954,LA1,2009-08-03,08:40:00 AM,08:40:00,Cold-Dry,2009-08-03 08:40:00,8
15.83143005,-19.15791423,LA1,2009-08-03,09:00:00 AM,09:00:00,Cold-Dry,2009-08-03 09:00:00,8
15.83082581,-19.15691528,LA1,2009-08-03,09:20:00 AM,09:20:00,Cold-Dry,2009-08-03 09:20:00,8
15.82955729,-19.15533651,LA1,2009-08-03,09:40:00 AM,09:40:00,Cold-Dry,2009-08-03 09:40:00,8
15.82923991,-19.15441488,LA1,2009-08-03,10:00:00 AM,10:00:00,Cold-Dry,2009-08-03 10:00:00,8
15.82928263,-19.15442912,LA1,2009-08-03,10:20:00 AM,10:20:00,Cold-Dry,2009-08-03 10:20:00,8
15.82926941,-19.15444743,LA1,2009-08-03,10:40:00 AM,10:40:00,Cold-Dry,2009-08-03 10:40:00,8
15.82926839,-19.15443115,LA1,2009-08-03,11:00:00 AM,11:00:00,Cold-Dry,2009-08-03 11:00:00,8
15.82927856,-19.15442912,LA1,2009-08-03,11:20:00 AM,11:20:00,Cold-Dry,2009-08-03 11:20:00,8
15.82926025,-19.15443115,LA1,2009-08-03,11:40:00 AM,11:40:00,Cold-Dry,2009-08-03 11:40:00,8
15.82927856,-19.15443726,LA1,2009-08-03,12:00:00 PM,12:00:00,Cold-Dry,2009-08-03 12:00:00,8
15.82907104,-19.15432129,LA1,2009-08-03,12:20:00 PM,12:20:00,Cold-Dry,2009-08-03 12:20:00,8
15.82880046,-19.15400187,LA1,2009-08-03,12:40:00 PM,12:40:00,Cold-Dry,2009-08-03 12:40:00,8
15.82810059,-19.15371501,LA1,2009-08-03,01:00:00 PM,13:00:00,Cold-Dry,2009-08-03 13:00:00,8
15.82773438,-19.15351563,LA1,2009-08-03,01:20:00 PM,13:20:00,Cold-Dry,2009-08-03 13:20:00,8
15.82712402,-19.15303955,LA1,2009-08-03,01:40:00 PM,13:40:00,Cold-Dry,2009-08-03 13:40:00,8
15.82535197,-19.15117391,LA1,2009-08-03,02:00:00 PM,14:00:00,Cold-Dry,2009-08-03 14:00:00,8
15.82536011,-19.15118612,LA1,2009-08-03,02:20:00 PM,14:20:00,Cold-Dry,2009-08-03 14:20:00,8
15.82521871,-19.15090942,LA1,2009-08-03,02:40:00 PM,14:40:00,Cold-Dry,2009-08-03 14:40:00,8
15.81842244,-19.14805298,LA1,2009-08-03,03:00:00 PM,15:00:00,Cold-Dry,2009-08-03 15:00:00,8
15.81779378,-19.14736125,LA1,2009-08-03,03:20:00 PM,15:20:00,Cold-Dry,2009-08-03 15:20:00,8
15.81745605,-19.14684245,LA1,2009-08-03,03:40:00 PM,15:40:00,Cold-Dry,2009-08-03 15:40:00,8
15.81698507,-19.14671021,LA1,2009-08-03,04:00:00 PM,16:00:00,Cold-Dry,2009-08-03 16:00:00,8
15.81698507,-19.14671021,LA1,2009-08-03,04:20:00 PM,16:20:00,Cold-Dry,2009-08-03 16:20:00,8
15.81701457,-19.14649048,LA1,2009-08-03,04:40:00 PM,16:40:00,Cold-Dry,2009-08-03 16:40:00,8
15.81682129,-19.14512126,LA1,2009-08-03,05:00:00 PM,17:00:00,Cold-Dry,2009-08-03 17:00:00,8
15.81683655,-19.14513753,LA1,2009-08-03,05:20:00 PM,17:20:00,Cold-Dry,2009-08-03 17:20:00,8
15.81679993,-19.14515177,LA1,2009-08-03,05:40:00 PM,17:40:00,Cold-Dry,2009-08-03 17:40:00,8
15.81628418,-19.1450826,LA1,2009-08-03,06:00:00 PM,18:00:00,Cold-Dry,2009-08-03 18:00:00,8
15.8149587,-19.14535929,LA1,2009-08-03,06:20:00 PM,18:20:00,Cold-Dry,2009-08-03 18:20:00,8
15.81330261,-19.14431966,LA1,2009-08-03,06:40:00 PM,18:40:00,Cold-Dry,2009-08-03 18:40:00,8
15.81201884,-19.14292806,LA1,2009-08-03,07:00:00 PM,19:00:00,Cold-Dry,2009-08-03 19:00:00,8
15.81082764,-19.14199422,LA1,2009-08-03,07:20:00 PM,19:20:00,Cold-Dry,2009-08-03 19:20:00,8
15.80371908,-19.14075928,LA1,2009-08-03,07:40:00 PM,19:40:00,Cold-Dry,2009-08-03 19:40:00,8
15.80185649,-19.14112142,LA1,2009-08-03,08:00:00 PM,20:00:00,Cold-Dry,2009-08-03 20:00:00,8
15.80114543,-19.14131266,LA1,2009-08-03,08:20:00 PM,20:20:00,Cold-Dry,2009-08-03 20:20:00,8
15.80050151,-19.14130656,LA1,2009-08-03,08:40:00 PM,20:40:00,Cold-Dry,2009-08-03 20:40:00,8
15.80012207,-19.14088745,LA1,2009-08-03,09:00:00 PM,21:00:00,Cold-Dry,2009-08-03 21:00:00,8
15.79998881,-19.14072469,LA1,2009-08-03,09:20:00 PM,21:20:00,Cold-Dry,2009-08-03 21:20:00,8
15.80004985,-19.13766276,LA1,2009-08-03,09:40:00 PM,21:40:00,Cold-Dry,2009-08-03 21:40:00,8
15.80019328,-19.13659871,LA1,2009-08-03,10:00:00 PM,22:00:00,Cold-Dry,2009-08-03 22:00:00,8
15.79982605,-19.13630168,LA1,2009-08-03,10:20:00 PM,22:20:00,Cold-Dry,2009-08-03 22:20:00,8
15.79976603,-19.1360555,LA1,2009-08-03,10:40:00 PM,22:40:00,Cold-Dry,2009-08-03 22:40:00,8
15.79969482,-19.13602091,LA1,2009-08-03,11:00:00 PM,23:00:00,Cold-Dry,2009-08-03 23:00:00,8
15.79946493,-19.13585612,LA1,2009-08-03,11:20:00 PM,23:20:00,Cold-Dry,2009-08-03 23:20:00,8
15.79944865,-19.13585205,LA1,2009-08-03,11:40:00 PM,23:40:00,Cold-Dry,2009-08-03 23:40:00,8
15.79967041,-19.13567912,LA1,2009-08-04,12:00:00 AM,00:00:00,Cold-Dry,2009-08-04 00:00:00,8
15.79869995,-19.13520915,LA1,2009-08-04,12:20:00 AM,00:20:00,Cold-Dry,2009-08-04 00:20:00,8
15.79765015,-19.13480632,LA1,2009-08-04,12:40:00 AM,00:40:00,Cold-Dry,2009-08-04 00:40:00,8
15.79765625,-19.13480632,LA1,2009-08-04,01:00:00 AM,01:00:00,Cold-Dry,2009-08-04 01:00:00,8
15.79766439,-19.13481038,LA1,2009-08-04,01:20:00 AM,01:20:00,Cold-Dry,2009-08-04 01:20:00,8
15.79749959,-19.13488973,LA1,2009-08-04,01:40:00 AM,01:40:00,Cold-Dry,2009-08-04 01:40:00,8
15.79748535,-19.13487345,LA1,2009-08-04,02:00:00 AM,02:00:00,Cold-Dry,2009-08-04 02:00:00,8
15.79748637,-19.13485311,LA1,2009-08-04,02:20:00 AM,02:20:00,Cold-Dry,2009-08-04 02:20:00,8
15.79747721,-19.13486735,LA1,2009-08-04,02:40:00 AM,02:40:00,Cold-Dry,2009-08-04 02:40:00,8
15.79750977,-19.1348409,LA1,2009-08-04,03:00:00 AM,03:00:00,Cold-Dry,2009-08-04 03:00:00,8
15.79750468,-19.13485718,LA1,2009-08-04,03:20:00 AM,03:20:00,Cold-Dry,2009-08-04 03:20:00,8
15.7975057,-19.13486328,LA1,2009-08-04,03:40:00 AM,03:40:00,Cold-Dry,2009-08-04 03:40:00,8
15.79748128,-19.13485921,LA1,2009-08-04,04:00:00 AM,04:00:00,Cold-Dry,2009-08-04 04:00:00,8
15.79748433,-19.13487956,LA1,2009-08-04,04:20:00 AM,04:20:00,Cold-Dry,2009-08-04 04:20:00,8
15.79746908,-19.13486938,LA1,2009-08-04,04:40:00 AM,04:40:00,Cold-Dry,2009-08-04 04:40:00,8
15.79746297,-19.13490601,LA1,2009-08-04,05:00:00 AM,05:00:00,Cold-Dry,2009-08-04 05:00:00,8
15.79779663,-19.13585612,LA1,2009-08-04,05:20:00 AM,05:20:00,Cold-Dry,2009-08-04 05:20:00,8
15.79901326,-19.13789266,LA1,2009-08-04,05:40:00 AM,05:40:00,Cold-Dry,2009-08-04 05:40:00,8
15.7990092,-19.13793945,LA1,2009-08-04,06:00:00 AM,06:00:00,Cold-Dry,2009-08-04 06:00:00,8
15.79945272,-19.13757731,LA1,2009-08-04,06:20:00 AM,06:20:00,Cold-Dry,2009-08-04 06:20:00,8
15.79981283,-19.1362915,LA1,2009-08-04,06:40:00 AM,06:40:00,Cold-Dry,2009-08-04 06:40:00,8
15.79966227,-19.13607585,LA1,2009-08-04,07:00:00 AM,07:00:00,Cold-Dry,2009-08-04 07:00:00,8
15.79988098,-19.13592529,LA1,2009-08-04,07:20:00 AM,07:20:00,Cold-Dry,2009-08-04 07:20:00,8
15.79989929,-19.13591309,LA1,2009-08-04,07:40:00 AM,07:40:00,Cold-Dry,2009-08-04 07:40:00,8
15.80034485,-19.1360555,LA1,2009-08-04,08:00:00 AM,08:00:00,Cold-Dry,2009-08-04 08:00:00,8
15.80091146,-19.13681844,LA1,2009-08-04,08:20:00 AM,08:20:00,Cold-Dry,2009-08-04 08:20:00,8
15.80122477,-19.13688965,LA1,2009-08-04,08:40:00 AM,08:40:00,Cold-Dry,2009-08-04 08:40:00,8
15.8013265,-19.13690186,LA1,2009-08-04,09:00:00 AM,09:00:00,Cold-Dry,2009-08-04 09:00:00,8
15.8021637,-19.13660685,LA1,2009-08-04,09:20:00 AM,09:20:00,Cold-Dry,2009-08-04 09:20:00,8
15.8035085,-19.13615926,LA1,2009-08-04,09:40:00 AM,09:40:00,Cold-Dry,2009-08-04 09:40:00,8
15.8036377,-19.1361674,LA1,2009-08-04,10:00:00 AM,10:00:00,Cold-Dry,2009-08-04 10:00:00,8
15.80575663,-19.13711751,LA1,2009-08-04,10:20:00 AM,10:20:00,Cold-Dry,2009-08-04 10:20:00,8
15.8072998,-19.13784993,LA1,2009-08-04,10:40:00 AM,10:40:00,Cold-Dry,2009-08-04 10:40:00,8
15.80849711,-19.13841146,LA1,2009-08-04,11:00:00 AM,11:00:00,Cold-Dry,2009-08-04 11:00:00,8
15.80856222,-19.13857218,LA1,2009-08-04,11:20:00 AM,11:20:00,Cold-Dry,2009-08-04 11:20:00,8
15.80856832,-19.13861694,LA1,2009-08-04,11:40:00 AM,11:40:00,Cold-Dry,2009-08-04 11:40:00,8
15.80858358,-19.13860881,LA1,2009-08-04,12:00:00 PM,12:00:00,Cold-Dry,2009-08-04 12:00:00,8
15.80857035,-19.13860474,LA1,2009-08-04,12:20:00 PM,12:20:00,Cold-Dry,2009-08-04 12:20:00,8
15.80856934,-19.13859253,LA1,2009-08-04,12:40:00 PM,12:40:00,Cold-Dry,2009-08-04 12:40:00,8
15.80855306,-19.13833211,LA1,2009-08-04,01:00:00 PM,13:00:00,Cold-Dry,2009-08-04 13:00:00,8
15.80840149,-19.13815918,LA1,2009-08-04,01:20:00 PM,13:20:00,Cold-Dry,2009-08-04 13:20:00,8
15.80861918,-19.13862101,LA1,2009-08-04,01:40:00 PM,13:40:00,Cold-Dry,2009-08-04 13:40:00,8
15.81071269,-19.13914388,LA1,2009-08-04,02:00:00 PM,14:00:00,Cold-Dry,2009-08-04 14:00:00,8
15.81128947,-19.13925171,LA1,2009-08-04,02:20:00 PM,14:20:00,Cold-Dry,2009-08-04 14:20:00,8
15.81293945,-19.14017131,LA1,2009-08-04,02:40:00 PM,14:40:00,Cold-Dry,2009-08-04 14:40:00,8
15.81589254,-19.14090983,LA1,2009-08-04,03:00:00 PM,15:00:00,Cold-Dry,2009-08-04 15:00:00,8
15.81752523,-19.14124349,LA1,2009-08-04,03:20:00 PM,15:20:00,Cold-Dry,2009-08-04 15:20:00,8
15.82235209,-19.14234823,LA1,2009-08-04,03:40:00 PM,15:40:00,Cold-Dry,2009-08-04 15:40:00,8
15.82658386,-19.14376628,LA1,2009-08-04,04:00:00 PM,16:00:00,Cold-Dry,2009-08-04 16:00:00,8
15.83261312,-19.14570923,LA1,2009-08-04,04:20:00 PM,16:20:00,Cold-Dry,2009-08-04 16:20:00,8
15.83343099,-19.14639079,LA1,2009-08-04,04:40:00 PM,16:40:00,Cold-Dry,2009-08-04 16:40:00,8
15.83373922,-19.14691772,LA1,2009-08-04,05:00:00 PM,17:00:00,Cold-Dry,2009-08-04 17:00:00,8
15.83420512,-19.14708862,LA1,2009-08-04,05:20:00 PM,17:20:00,Cold-Dry,2009-08-04 17:20:00,8
15.83453776,-19.14708862,LA1,2009-08-04,05:40:00 PM,17:40:00,Cold-Dry,2009-08-04 17:40:00,8
15.83804423,-19.14840495,LA1,2009-08-04,06:00:00 PM,18:00:00,Cold-Dry,2009-08-04 18:00:00,8
15.84062703,-19.14933675,LA1,2009-08-04,06:20:00 PM,18:20:00,Cold-Dry,2009-08-04 18:20:00,8
15.84974162,-19.15284017,LA1,2009-08-04,06:40:00 PM,18:40:00,Cold-Dry,2009-08-04 18:40:00,8
15.8554952,-19.15520223,LA1,2009-08-04,07:00:00 PM,19:00:00,Cold-Dry,2009-08-04 19:00:00,8
15.86054993,-19.15660604,LA1,2009-08-04,07:20:00 PM,19:20:00,Cold-Dry,2009-08-04 19:20:00,8
15.86257833,-19.15700684,LA1,2009-08-04,07:40:00 PM,19:40:00,Cold-Dry,2009-08-04 19:40:00,8
15.86993815,-19.15956421,LA1,2009-08-04,08:00:00 PM,20:00:00,Cold-Dry,2009-08-04 20:00:00,8
15.87271729,-19.16009521,LA1,2009-08-04,08:20:00 PM,20:20:00,Cold-Dry,2009-08-04 20:20:00,8
15.87730815,-19.16155192,LA1,2009-08-04,08:40:00 PM,20:40:00,Cold-Dry,2009-08-04 20:40:00,8
15.88062642,-19.16210124,LA1,2009-08-04,09:00:00 PM,21:00:00,Cold-Dry,2009-08-04 21:00:00,8
15.8878418,-19.16484985,LA1,2009-08-04,09:20:00 PM,21:20:00,Cold-Dry,2009-08-04 21:20:00,8
15.89335225,-19.16558228,LA1,2009-08-04,09:40:00 PM,21:40:00,Cold-Dry,2009-08-04 21:40:00,8
15.89964701,-19.16738688,LA1,2009-08-04,10:00:00 PM,22:00:00,Cold-Dry,2009-08-04 22:00:00,8
15.90487569,-19.17051595,LA1,2009-08-04,10:20:00 PM,22:20:00,Cold-Dry,2009-08-04 22:20:00,8
15.91176046,-19.17633464,LA1,2009-08-04,10:40:00 PM,22:40:00,Cold-Dry,2009-08-04 22:40:00,8
15.91594238,-19.18087769,LA1,2009-08-04,11:00:00 PM,23:00:00,Cold-Dry,2009-08-04 23:00:00,8
15.91593323,-19.18089193,LA1,2009-08-04,11:20:00 PM,23:20:00,Cold-Dry,2009-08-04 23:20:00,8
15.91596273,-19.18085531,LA1,2009-08-04,11:40:00 PM,23:40:00,Cold-Dry,2009-08-04 23:40:00,8
15.91595459,-19.18087158,LA1,2009-08-05,12:00:00 AM,00:00:00,Cold-Dry,2009-08-05 00:00:00,8
15.91595662,-19.18087362,LA1,2009-08-05,12:20:00 AM,00:20:00,Cold-Dry,2009-08-05 00:20:00,8
15.91595764,-19.18087362,LA1,2009-08-05,12:40:00 AM,00:40:00,Cold-Dry,2009-08-05 00:40:00,8
15.91498413,-19.18104248,LA1,2009-08-05,01:00:00 AM,01:00:00,Cold-Dry,2009-08-05 01:00:00,8
15.90750529,-19.18035482,LA1,2009-08-05,01:20:00 AM,01:20:00,Cold-Dry,2009-08-05 01:20:00,8
15.90112508,-19.17792765,LA1,2009-08-05,01:40:00 AM,01:40:00,Cold-Dry,2009-08-05 01:40:00,8
15.90043742,-19.17728882,LA1,2009-08-05,02:00:00 AM,02:00:00,Cold-Dry,2009-08-05 02:00:00,8
15.89815369,-19.17662964,LA1,2009-08-05,02:20:00 AM,02:20:00,Cold-Dry,2009-08-05 02:20:00,8
15.89804789,-19.17661743,LA1,2009-08-05,02:40:00 AM,02:40:00,Cold-Dry,2009-08-05 02:40:00,8
15.89295553,-19.17535604,LA1,2009-08-05,03:00:00 AM,03:00:00,Cold-Dry,2009-08-05 03:00:00,8
15.89083252,-19.17524007,LA1,2009-08-05,03:20:00 AM,03:20:00,Cold-Dry,2009-08-05 03:20:00,8
15.89039307,-19.17526245,LA1,2009-08-05,03:40:00 AM,03:40:00,Cold-Dry,2009-08-05 03:40:00,8
15.88973389,-19.17491659,LA1,2009-08-05,04:00:00 AM,04:00:00,Cold-Dry,2009-08-05 04:00:00,8
15.88824158,-19.17373657,LA1,2009-08-05,04:20:00 AM,04:20:00,Cold-Dry,2009-08-05 04:20:00,8
15.88724365,-19.17289632,LA1,2009-08-05,04:40:00 AM,04:40:00,Cold-Dry,2009-08-05 04:40:00,8
15.88584798,-19.1726766,LA1,2009-08-05,05:00:00 AM,05:00:00,Cold-Dry,2009-08-05 05:00:00,8
15.88514913,-19.1726359,LA1,2009-08-05,05:20:00 AM,05:20:00,Cold-Dry,2009-08-05 05:20:00,8
15.88367208,-19.17177124,LA1,2009-08-05,05:40:00 AM,05:40:00,Cold-Dry,2009-08-05 05:40:00,8
15.88330587,-19.1712382,LA1,2009-08-05,06:00:00 AM,06:00:00,Cold-Dry,2009-08-05 06:00:00,8
15.88020426,-19.16974284,LA1,2009-08-05,06:20:00 AM,06:20:00,Cold-Dry,2009-08-05 06:20:00,8
15.87971497,-19.16931763,LA1,2009-08-05,06:40:00 AM,06:40:00,Cold-Dry,2009-08-05 06:40:00,8
15.87887878,-19.168986,LA1,2009-08-05,07:00:00 AM,07:00:00,Cold-Dry,2009-08-05 07:00:00,8
15.87803955,-19.16908366,LA1,2009-08-05,07:20:00 AM,07:20:00,Cold-Dry,2009-08-05 07:20:00,8
15.87799072,-19.16908162,LA1,2009-08-05,07:40:00 AM,07:40:00,Cold-Dry,2009-08-05 07:40:00,8
15.8779775,-19.16908366,LA1,2009-08-05,08:00:00 AM,08:00:00,Cold-Dry,2009-08-05 08:00:00,8
15.87742208,-19.16816406,LA1,2009-08-05,08:20:00 AM,08:20:00,Cold-Dry,2009-08-05 08:20:00,8
15.87763468,-19.16781209,LA1,2009-08-05,08:40:00 AM,08:40:00,Cold-Dry,2009-08-05 08:40:00,8
15.87763468,-19.16783447,LA1,2009-08-05,09:00:00 AM,09:00:00,Cold-Dry,2009-08-05 09:00:00,8
15.87761841,-19.16780396,LA1,2009-08-05,09:20:00 AM,09:20:00,Cold-Dry,2009-08-05 09:20:00,8
15.87759603,-19.16781616,LA1,2009-08-05,09:40:00 AM,09:40:00,Cold-Dry,2009-08-05 09:40:00,8
15.87761536,-19.16783651,LA1,2009-08-05,10:00:00 AM,10:00:00,Cold-Dry,2009-08-05 10:00:00,8
15.87814738,-19.16737874,LA1,2009-08-05,10:20:00 AM,10:20:00,Cold-Dry,2009-08-05 10:20:00,8
15.87975871,-19.16688843,LA1,2009-08-05,10:40:00 AM,10:40:00,Cold-Dry,2009-08-05 10:40:00,8
15.88041077,-19.16575724,LA1,2009-08-05,11:00:00 AM,11:00:00,Cold-Dry,2009-08-05 11:00:00,8
15.88073018,-19.16568604,LA1,2009-08-05,11:20:00 AM,11:20:00,Cold-Dry,2009-08-05 11:20:00,8
15.88070577,-19.1656901,LA1,2009-08-05,11:40:00 AM,11:40:00,Cold-Dry,2009-08-05 11:40:00,8
15.88068746,-19.165684,LA1,2009-08-05,12:00:00 PM,12:00:00,Cold-Dry,2009-08-05 12:00:00,8
15.88070272,-19.16569621,LA1,2009-08-05,12:20:00 PM,12:20:00,Cold-Dry,2009-08-05 12:20:00,8
15.88161926,-19.16548462,LA1,2009-08-05,12:40:00 PM,12:40:00,Cold-Dry,2009-08-05 12:40:00,8
15.88136495,-19.16549886,LA1,2009-08-05,01:00:00 PM,13:00:00,Cold-Dry,2009-08-05 13:00:00,8
15.88137512,-19.16548258,LA1,2009-08-05,01:20:00 PM,13:20:00,Cold-Dry,2009-08-05 13:20:00,8
15.88135681,-19.1655131,LA1,2009-08-05,01:40:00 PM,13:40:00,Cold-Dry,2009-08-05 13:40:00,8
15.88163757,-19.16549886,LA1,2009-08-05,02:00:00 PM,14:00:00,Cold-Dry,2009-08-05 14:00:00,8
15.88506877,-19.16548665,LA1,2009-08-05,02:20:00 PM,14:20:00,Cold-Dry,2009-08-05 14:20:00,8
15.88720805,-19.16567993,LA1,2009-08-05,02:40:00 PM,14:40:00,Cold-Dry,2009-08-05 14:40:00,8
15.88916931,-19.1651591,LA1,2009-08-05,03:00:00 PM,15:00:00,Cold-Dry,2009-08-05 15:00:00,8
15.88972066,-19.16484985,LA1,2009-08-05,03:20:00 PM,15:20:00,Cold-Dry,2009-08-05 15:20:00,8
15.89119161,-19.16508586,LA1,2009-08-05,03:40:00 PM,15:40:00,Cold-Dry,2009-08-05 15:40:00,8
15.89333801,-19.16506551,LA1,2009-08-05,04:00:00 PM,16:00:00,Cold-Dry,2009-08-05 16:00:00,8
15.89478556,-19.16579997,LA1,2009-08-05,04:20:00 PM,16:20:00,Cold-Dry,2009-08-05 16:20:00,8
15.89689433,-19.16735433,LA1,2009-08-05,04:40:00 PM,16:40:00,Cold-Dry,2009-08-05 16:40:00,8
15.89973551,-19.168337,LA1,2009-08-05,05:00:00 PM,17:00:00,Cold-Dry,2009-08-05 17:00:00,8
15.90393066,-19.1693807,LA1,2009-08-05,05:20:00 PM,17:20:00,Cold-Dry,2009-08-05 17:20:00,8
15.90508626,-19.17070109,LA1,2009-08-05,05:40:00 PM,17:40:00,Cold-Dry,2009-08-05 17:40:00,8
15.90835368,-19.17325643,LA1,2009-08-05,06:00:00 PM,18:00:00,Cold-Dry,2009-08-05 18:00:00,8
15.9114268,-19.17602336,LA1,2009-08-05,06:20:00 PM,18:20:00,Cold-Dry,2009-08-05 18:20:00,8
15.9153717,-19.18048299,LA1,2009-08-05,06:40:00 PM,18:40:00,Cold-Dry,2009-08-05 18:40:00,8
15.91593424,-19.18086955,LA1,2009-08-05,07:00:00 PM,19:00:00,Cold-Dry,2009-08-05 19:00:00,8
15.91578471,-19.18075562,LA1,2009-08-05,07:20:00 PM,19:20:00,Cold-Dry,2009-08-05 19:20:00,8
15.90831604,-19.18045858,LA1,2009-08-05,07:40:00 PM,19:40:00,Cold-Dry,2009-08-05 19:40:00,8
15.89937439,-19.17945964,LA1,2009-08-05,08:00:00 PM,20:00:00,Cold-Dry,2009-08-05 20:00:00,8
15.8892985,-19.17910563,LA1,2009-08-05,08:20:00 PM,20:20:00,Cold-Dry,2009-08-05 20:20:00,8
15.87938436,-19.17730306,LA1,2009-08-05,08:40:00 PM,20:40:00,Cold-Dry,2009-08-05 20:40:00,8
15.87750448,-19.17690226,LA1,2009-08-05,09:02:00 PM,21:02:00,Cold-Dry,2009-08-05 21:02:00,8
15.87713623,-19.17675985,LA1,2009-08-05,09:20:00 PM,21:20:00,Cold-Dry,2009-08-05 21:20:00,8
15.87655131,-19.17672526,LA1,2009-08-05,09:40:00 PM,21:40:00,Cold-Dry,2009-08-05 21:40:00,8
15.87449544,-19.17683512,LA1,2009-08-05,10:00:00 PM,22:00:00,Cold-Dry,2009-08-05 22:00:00,8
15.86732686,-19.17417399,LA1,2009-08-05,10:20:00 PM,22:20:00,Cold-Dry,2009-08-05 22:20:00,8
15.86547139,-19.17462769,LA1,2009-08-05,10:40:00 PM,22:40:00,Cold-Dry,2009-08-05 22:40:00,8
15.86434937,-19.17504069,LA1,2009-08-05,11:00:00 PM,23:00:00,Cold-Dry,2009-08-05 23:00:00,8
15.86403402,-19.17507324,LA1,2009-08-05,11:20:00 PM,23:20:00,Cold-Dry,2009-08-05 23:20:00,8
15.85955709,-19.1747701,LA1,2009-08-05,11:40:00 PM,23:40:00,Cold-Dry,2009-08-05 23:40:00,8
15.85952861,-19.17477214,LA1,2009-08-06,12:00:00 AM,00:00:00,Cold-Dry,2009-08-06 00:00:00,8
15.8567627,-19.17376912,LA1,2009-08-06,12:20:00 AM,00:20:00,Cold-Dry,2009-08-06 00:20:00,8
15.85066325,-19.17469889,LA1,2009-08-06,12:40:00 AM,00:40:00,Cold-Dry,2009-08-06 00:40:00,8
15.84407756,-19.17461548,LA1,2009-08-06,01:00:00 AM,01:00:00,Cold-Dry,2009-08-06 01:00:00,8
15.83741455,-19.17294312,LA1,2009-08-06,01:20:00 AM,01:20:00,Cold-Dry,2009-08-06 01:20:00,8
15.83338623,-19.17169596,LA1,2009-08-06,01:40:00 AM,01:40:00,Cold-Dry,2009-08-06 01:40:00,8
15.8327474,-19.17149048,LA1,2009-08-06,02:00:00 AM,02:00:00,Cold-Dry,2009-08-06 02:00:00,8
15.83114726,-19.1708964,LA1,2009-08-06,02:20:00 AM,02:20:00,Cold-Dry,2009-08-06 02:20:00,8
15.82979838,-19.1702596,LA1,2009-08-06,02:40:00 AM,02:40:00,Cold-Dry,2009-08-06 02:40:00,8
15.82884623,-19.16965535,LA1,2009-08-06,03:00:00 AM,03:00:00,Cold-Dry,2009-08-06 03:00:00,8
15.82883708,-19.16966146,LA1,2009-08-06,03:20:00 AM,03:20:00,Cold-Dry,2009-08-06 03:20:00,8
15.82883504,-19.16966146,LA1,2009-08-06,03:40:00 AM,03:40:00,Cold-Dry,2009-08-06 03:40:00,8
15.82886556,-19.16967977,LA1,2009-08-06,04:00:00 AM,04:00:00,Cold-Dry,2009-08-06 04:00:00,8
15.8288503,-19.16964518,LA1,2009-08-06,04:20:00 AM,04:20:00,Cold-Dry,2009-08-06 04:20:00,8
15.82887268,-19.16964722,LA1,2009-08-06,04:40:00 AM,04:40:00,Cold-Dry,2009-08-06 04:40:00,8
15.82883097,-19.16964925,LA1,2009-08-06,05:00:00 AM,05:00:00,Cold-Dry,2009-08-06 05:00:00,8
15.82878723,-19.16968791,LA1,2009-08-06,05:20:00 AM,05:20:00,Cold-Dry,2009-08-06 05:20:00,8
15.82761943,-19.16813354,LA1,2009-08-06,05:40:00 AM,05:40:00,Cold-Dry,2009-08-06 05:40:00,8
15.82761434,-19.16816813,LA1,2009-08-06,06:00:00 AM,06:00:00,Cold-Dry,2009-08-06 06:00:00,8
0.989166832,-19.16778971,LA1,2009-08-06,06:20:00 AM,06:20:00,Cold-Dry,2009-08-06 06:20:00,8
15.82372945,-19.16587728,LA1,2009-08-06,06:40:00 AM,06:40:00,Cold-Dry,2009-08-06 06:40:00,8
15.82100016,-19.16454875,LA1,2009-08-06,07:00:00 AM,07:00:00,Cold-Dry,2009-08-06 07:00:00,8
15.81868998,-19.16366781,LA1,2009-08-06,07:20:00 AM,07:20:00,Cold-Dry,2009-08-06 07:20:00,8
15.81666667,-19.16328735,LA1,2009-08-06,07:40:00 AM,07:40:00,Cold-Dry,2009-08-06 07:40:00,8
15.81546122,-19.16275228,LA1,2009-08-06,08:00:00 AM,08:00:00,Cold-Dry,2009-08-06 08:00:00,8
15.81402079,-19.1626709,LA1,2009-08-06,08:20:00 AM,08:20:00,Cold-Dry,2009-08-06 08:20:00,8
15.81270549,-19.16216634,LA1,2009-08-06,08:40:00 AM,08:40:00,Cold-Dry,2009-08-06 08:40:00,8
15.80960083,-19.15933431,LA1,2009-08-06,09:00:00 AM,09:00:00,Cold-Dry,2009-08-06 09:00:00,8
15.80880839,-19.15754801,LA1,2009-08-06,09:20:00 AM,09:20:00,Cold-Dry,2009-08-06 09:20:00,8
15.8069163,-19.15711263,LA1,2009-08-06,09:40:00 AM,09:40:00,Cold-Dry,2009-08-06 09:40:00,8
15.80690613,-19.15709025,LA1,2009-08-06,10:00:00 AM,10:00:00,Cold-Dry,2009-08-06 10:00:00,8
15.80691121,-19.15711466,LA1,2009-08-06,10:20:00 AM,10:20:00,Cold-Dry,2009-08-06 10:20:00,8
15.80690918,-19.15706584,LA1,2009-08-06,10:40:00 AM,10:40:00,Cold-Dry,2009-08-06 10:40:00,8
15.80636597,-19.15636597,LA1,2009-08-06,11:00:00 AM,11:00:00,Cold-Dry,2009-08-06 11:00:00,8
15.80569458,-19.15448201,LA1,2009-08-06,11:20:00 AM,11:20:00,Cold-Dry,2009-08-06 11:20:00,8
15.80497945,-19.15366821,LA1,2009-08-06,11:40:00 AM,11:40:00,Cold-Dry,2009-08-06 11:40:00,8
15.80494181,-19.15332438,LA1,2009-08-06,12:00:00 PM,12:00:00,Cold-Dry,2009-08-06 12:00:00,8
15.80475667,-19.15239868,LA1,2009-08-06,12:20:00 PM,12:20:00,Cold-Dry,2009-08-06 12:20:00,8
15.8047526,-19.15241699,LA1,2009-08-06,12:40:00 PM,12:40:00,Cold-Dry,2009-08-06 12:40:00,8
15.80343323,-19.1520752,LA1,2009-08-06,01:00:00 PM,13:00:00,Cold-Dry,2009-08-06 13:00:00,8
15.80324605,-19.15225627,LA1,2009-08-06,01:20:00 PM,13:20:00,Cold-Dry,2009-08-06 13:20:00,8
15.80323079,-19.15224813,LA1,2009-08-06,01:40:00 PM,13:40:00,Cold-Dry,2009-08-06 13:40:00,8
15.80324198,-19.1522583,LA1,2009-08-06,02:00:00 PM,14:00:00,Cold-Dry,2009-08-06 14:00:00,8
15.80324198,-19.15226644,LA1,2009-08-06,02:20:00 PM,14:20:00,Cold-Dry,2009-08-06 14:20:00,8
15.8031484,-19.15194295,LA1,2009-08-06,02:40:00 PM,14:40:00,Cold-Dry,2009-08-06 14:40:00,8
15.80346476,-19.15078735,LA1,2009-08-06,03:00:00 PM,15:00:00,Cold-Dry,2009-08-06 15:00:00,8
15.80384216,-19.15033366,LA1,2009-08-06,03:20:00 PM,15:20:00,Cold-Dry,2009-08-06 15:20:00,8
15.80387268,-19.14990845,LA1,2009-08-06,03:40:00 PM,15:40:00,Cold-Dry,2009-08-06 15:40:00,8
15.80387878,-19.14989624,LA1,2009-08-06,04:00:00 PM,16:00:00,Cold-Dry,2009-08-06 16:00:00,8
15.80442098,-19.14897664,LA1,2009-08-06,04:20:00 PM,16:20:00,Cold-Dry,2009-08-06 16:20:00,8
15.80460612,-19.14881592,LA1,2009-08-06,04:40:00 PM,16:40:00,Cold-Dry,2009-08-06 16:40:00,8
15.80370687,-19.14809163,LA1,2009-08-06,05:00:00 PM,17:00:00,Cold-Dry,2009-08-06 17:00:00,8
15.80341899,-19.14751383,LA1,2009-08-06,05:20:00 PM,17:20:00,Cold-Dry,2009-08-06 17:20:00,8
15.80154317,-19.14691976,LA1,2009-08-06,05:40:00 PM,17:40:00,Cold-Dry,2009-08-06 17:40:00,8
15.80077108,-19.14630534,LA1,2009-08-06,06:00:00 PM,18:00:00,Cold-Dry,2009-08-06 18:00:00,8
15.80074361,-19.14633179,LA1,2009-08-06,06:20:00 PM,18:20:00,Cold-Dry,2009-08-06 18:20:00,8
15.79998169,-19.14673665,LA1,2009-08-06,06:40:00 PM,18:40:00,Cold-Dry,2009-08-06 18:40:00,8
15.79952799,-19.14665934,LA1,2009-08-06,07:00:00 PM,19:00:00,Cold-Dry,2009-08-06 19:00:00,8
15.7989034,-19.14590658,LA1,2009-08-06,07:20:00 PM,19:20:00,Cold-Dry,2009-08-06 19:20:00,8
15.79880371,-19.14555054,LA1,2009-08-06,07:40:00 PM,19:40:00,Cold-Dry,2009-08-06 19:40:00,8
15.79848022,-19.14479777,LA1,2009-08-06,08:00:00 PM,20:00:00,Cold-Dry,2009-08-06 20:00:00,8
15.79785868,-19.14425659,LA1,2009-08-06,08:20:00 PM,20:20:00,Cold-Dry,2009-08-06 20:20:00,8
15.79770304,-19.14399618,LA1,2009-08-06,08:40:00 PM,20:40:00,Cold-Dry,2009-08-06 20:40:00,8
15.79746602,-19.14370321,LA1,2009-08-06,09:01:00 PM,21:01:00,Cold-Dry,2009-08-06 21:01:00,8
15.79745483,-19.14371948,LA1,2009-08-06,09:20:00 PM,21:20:00,Cold-Dry,2009-08-06 21:20:00,8
15.79663391,-19.14377645,LA1,2009-08-06,09:40:00 PM,21:40:00,Cold-Dry,2009-08-06 21:40:00,8
15.79664612,-19.14377238,LA1,2009-08-06,10:00:00 PM,22:00:00,Cold-Dry,2009-08-06 22:00:00,8
15.796639,-19.14378662,LA1,2009-08-06,10:20:00 PM,22:20:00,Cold-Dry,2009-08-06 22:20:00,8
15.798172,-19.1428894,LA1,2009-08-06,10:40:00 PM,22:40:00,Cold-Dry,2009-08-06 22:40:00,8
15.79821981,-19.14287313,LA1,2009-08-06,11:01:00 PM,23:01:00,Cold-Dry,2009-08-06 23:01:00,8
15.79813639,-19.14287923,LA1,2009-08-06,11:20:00 PM,23:20:00,Cold-Dry,2009-08-06 23:20:00,8
15.79814962,-19.14284261,LA1,2009-08-06,11:40:00 PM,23:40:00,Cold-Dry,2009-08-06 23:40:00,8
15.79812113,-19.14282837,LA1,2009-08-07,12:00:00 AM,00:00:00,Cold-Dry,2009-08-07 00:00:00,8
15.79815369,-19.14283854,LA1,2009-08-07,12:20:00 AM,00:20:00,Cold-Dry,2009-08-07 00:20:00,8
15.79817301,-19.14282023,LA1,2009-08-07,12:40:00 AM,00:40:00,Cold-Dry,2009-08-07 00:40:00,8
15.79827067,-19.14278361,LA1,2009-08-07,01:00:00 AM,01:00:00,Cold-Dry,2009-08-07 01:00:00,8
15.79829305,-19.14277547,LA1,2009-08-07,01:20:00 AM,01:20:00,Cold-Dry,2009-08-07 01:20:00,8
15.79816488,-19.14274699,LA1,2009-08-07,01:40:00 AM,01:40:00,Cold-Dry,2009-08-07 01:40:00,8
15.7982961,-19.14286296,LA1,2009-08-07,02:00:00 AM,02:00:00,Cold-Dry,2009-08-07 02:00:00,8
15.79827067,-19.14288534,LA1,2009-08-07,02:20:00 AM,02:20:00,Cold-Dry,2009-08-07 02:20:00,8
15.79821879,-19.14290365,LA1,2009-08-07,02:40:00 AM,02:40:00,Cold-Dry,2009-08-07 02:40:00,8
15.79825846,-19.14287313,LA1,2009-08-07,03:00:00 AM,03:00:00,Cold-Dry,2009-08-07 03:00:00,8
15.7984019,-19.1428833,LA1,2009-08-07,03:20:00 AM,03:20:00,Cold-Dry,2009-08-07 03:20:00,8
15.79841003,-19.14288737,LA1,2009-08-07,03:40:00 AM,03:40:00,Cold-Dry,2009-08-07 03:40:00,8
15.79826762,-19.14290365,LA1,2009-08-07,04:00:00 AM,04:00:00,Cold-Dry,2009-08-07 04:00:00,8
15.79840495,-19.14257813,LA1,2009-08-07,04:20:00 AM,04:20:00,Cold-Dry,2009-08-07 04:20:00,8
15.79773966,-19.14200439,LA1,2009-08-07,04:40:00 AM,04:40:00,Cold-Dry,2009-08-07 04:40:00,8
15.79722697,-19.14151001,LA1,2009-08-07,05:00:00 AM,05:00:00,Cold-Dry,2009-08-07 05:00:00,8
15.79723816,-19.14126587,LA1,2009-08-07,05:20:00 AM,05:20:00,Cold-Dry,2009-08-07 05:20:00,8
15.79712016,-19.14101969,LA1,2009-08-07,05:40:00 AM,05:40:00,Cold-Dry,2009-08-07 05:40:00,8
15.79705709,-19.14060669,LA1,2009-08-07,06:00:00 AM,06:00:00,Cold-Dry,2009-08-07 06:00:00,8
15.79739787,-19.13925374,LA1,2009-08-07,06:20:00 AM,06:20:00,Cold-Dry,2009-08-07 06:20:00,8
15.79728394,-19.13891805,LA1,2009-08-07,06:40:00 AM,06:40:00,Cold-Dry,2009-08-07 06:40:00,8
15.79744364,-19.13879395,LA1,2009-08-07,07:00:00 AM,07:00:00,Cold-Dry,2009-08-07 07:00:00,8
15.7976888,-19.13861287,LA1,2009-08-07,07:20:00 AM,07:20:00,Cold-Dry,2009-08-07 07:20:00,8
15.79810994,-19.13828328,LA1,2009-08-07,07:40:00 AM,07:40:00,Cold-Dry,2009-08-07 07:40:00,8
15.79839681,-19.13788859,LA1,2009-08-07,08:00:00 AM,08:00:00,Cold-Dry,2009-08-07 08:00:00,8
15.79897461,-19.13680827,LA1,2009-08-07,08:20:00 AM,08:20:00,Cold-Dry,2009-08-07 08:20:00,8
15.79908244,-19.1362264,LA1,2009-08-07,08:40:00 AM,08:40:00,Cold-Dry,2009-08-07 08:40:00,8
15.79925435,-19.13592733,LA1,2009-08-07,09:00:00 AM,09:00:00,Cold-Dry,2009-08-07 09:00:00,8
15.7995402,-19.13572591,LA1,2009-08-07,09:20:00 AM,09:20:00,Cold-Dry,2009-08-07 09:20:00,8
15.79982096,-19.13551432,LA1,2009-08-07,09:40:00 AM,09:40:00,Cold-Dry,2009-08-07 09:40:00,8
15.80031128,-19.13607381,LA1,2009-08-07,10:00:00 AM,10:00:00,Cold-Dry,2009-08-07 10:00:00,8
15.79999186,-19.13629964,LA1,2009-08-07,10:20:00 AM,10:20:00,Cold-Dry,2009-08-07 10:20:00,8
15.80004069,-19.13743896,LA1,2009-08-07,10:40:00 AM,10:40:00,Cold-Dry,2009-08-07 10:40:00,8
15.80013224,-19.13830363,LA1,2009-08-07,11:00:00 AM,11:00:00,Cold-Dry,2009-08-07 11:00:00,8
15.80016378,-19.13829142,LA1,2009-08-07,11:20:00 AM,11:20:00,Cold-Dry,2009-08-07 11:20:00,8
15.80016174,-19.13830973,LA1,2009-08-07,11:40:00 AM,11:40:00,Cold-Dry,2009-08-07 11:40:00,8
15.8001475,-19.13829753,LA1,2009-08-07,12:00:00 PM,12:00:00,Cold-Dry,2009-08-07 12:00:00,8
15.80016378,-19.1383138,LA1,2009-08-07,12:20:00 PM,12:20:00,Cold-Dry,2009-08-07 12:20:00,8
15.80015971,-19.1383138,LA1,2009-08-07,12:40:00 PM,12:40:00,Cold-Dry,2009-08-07 12:40:00,8
15.80048726,-19.13853353,LA1,2009-08-07,01:00:00 PM,13:00:00,Cold-Dry,2009-08-07 13:00:00,8
15.80058187,-19.13860881,LA1,2009-08-07,01:20:00 PM,13:20:00,Cold-Dry,2009-08-07 13:20:00,8
15.80046285,-19.13861084,LA1,2009-08-07,01:40:00 PM,13:40:00,Cold-Dry,2009-08-07 13:40:00,8
15.80151062,-19.13911743,LA1,2009-08-07,02:00:00 PM,14:00:00,Cold-Dry,2009-08-07 14:00:00,8
15.80149434,-19.13910726,LA1,2009-08-07,02:20:00 PM,14:20:00,Cold-Dry,2009-08-07 14:20:00,8
15.80153503,-19.13911947,LA1,2009-08-07,02:40:00 PM,14:40:00,Cold-Dry,2009-08-07 14:40:00,8
15.80457255,-19.13894246,LA1,2009-08-07,03:00:00 PM,15:00:00,Cold-Dry,2009-08-07 15:00:00,8
15.80479126,-19.13892008,LA1,2009-08-07,03:20:00 PM,15:20:00,Cold-Dry,2009-08-07 15:20:00,8
15.80708008,-19.13814901,LA1,2009-08-07,03:40:00 PM,15:40:00,Cold-Dry,2009-08-07 15:40:00,8
15.8093984,-19.13802083,LA1,2009-08-07,04:00:00 PM,16:00:00,Cold-Dry,2009-08-07 16:00:00,8
15.8101532,-19.1382609,LA1,2009-08-07,04:20:00 PM,16:20:00,Cold-Dry,2009-08-07 16:20:00,8
15.81037903,-19.13846639,LA1,2009-08-07,04:40:00 PM,16:40:00,Cold-Dry,2009-08-07 16:40:00,8
15.81114197,-19.1388265,LA1,2009-08-07,05:00:00 PM,17:00:00,Cold-Dry,2009-08-07 17:00:00,8
15.81114909,-19.1388265,LA1,2009-08-07,05:20:00 PM,17:20:00,Cold-Dry,2009-08-07 17:20:00,8
15.81112874,-19.13882853,LA1,2009-08-07,05:40:00 PM,17:40:00,Cold-Dry,2009-08-07 17:40:00,8
15.81410726,-19.1394165,LA1,2009-08-07,06:00:00 PM,18:00:00,Cold-Dry,2009-08-07 18:00:00,8
15.81402384,-19.13959554,LA1,2009-08-07,06:20:00 PM,18:20:00,Cold-Dry,2009-08-07 18:20:00,8
15.81392314,-19.13968913,LA1,2009-08-07,06:40:00 PM,18:40:00,Cold-Dry,2009-08-07 18:40:00,8
15.81519979,-19.1396464,LA1,2009-08-07,07:00:00 PM,19:00:00,Cold-Dry,2009-08-07 19:00:00,8
15.8153717,-19.13971354,LA1,2009-08-07,07:20:00 PM,19:20:00,Cold-Dry,2009-08-07 19:20:00,8
15.8159495,-19.13968709,LA1,2009-08-07,07:40:00 PM,19:40:00,Cold-Dry,2009-08-07 19:40:00,8
15.81640727,-19.13989868,LA1,2009-08-07,08:00:00 PM,20:00:00,Cold-Dry,2009-08-07 20:00:00,8
15.82014058,-19.14012248,LA1,2009-08-07,08:20:00 PM,20:20:00,Cold-Dry,2009-08-07 20:20:00,8
15.82035319,-19.13998006,LA1,2009-08-07,08:40:00 PM,20:40:00,Cold-Dry,2009-08-07 20:40:00,8
15.82314758,-19.14034017,LA1,2009-08-07,09:00:00 PM,21:00:00,Cold-Dry,2009-08-07 21:00:00,8
15.82896118,-19.14228109,LA1,2009-08-07,09:20:00 PM,21:20:00,Cold-Dry,2009-08-07 21:20:00,8
15.83140055,-19.14473877,LA1,2009-08-07,09:40:00 PM,21:40:00,Cold-Dry,2009-08-07 21:40:00,8
15.83308309,-19.14538167,LA1,2009-08-07,10:00:00 PM,22:00:00,Cold-Dry,2009-08-07 22:00:00,8
15.83334656,-19.14591064,LA1,2009-08-07,10:20:00 PM,22:20:00,Cold-Dry,2009-08-07 22:20:00,8
15.83346863,-19.14617716,LA1,2009-08-07,10:40:00 PM,22:40:00,Cold-Dry,2009-08-07 22:40:00,8
15.83337199,-19.14710083,LA1,2009-08-07,11:00:00 PM,23:00:00,Cold-Dry,2009-08-07 23:00:00,8
15.8333547,-19.147111,LA1,2009-08-07,11:20:00 PM,23:20:00,Cold-Dry,2009-08-07 23:20:00,8
15.8333547,-19.147111,LA1,2009-08-07,11:40:00 PM,23:40:00,Cold-Dry,2009-08-07 23:40:00,8
15.83335164,-19.14708659,LA1,2009-08-08,12:00:00 AM,00:00:00,Cold-Dry,2009-08-08 00:00:00,8
15.83342285,-19.14706421,LA1,2009-08-08,12:20:00 AM,00:20:00,Cold-Dry,2009-08-08 00:20:00,8
15.83334452,-19.14714762,LA1,2009-08-08,12:40:00 AM,00:40:00,Cold-Dry,2009-08-08 00:40:00,8
15.83333842,-19.14712321,LA1,2009-08-08,01:00:00 AM,01:00:00,Cold-Dry,2009-08-08 01:00:00,8
15.83329264,-19.14714559,LA1,2009-08-08,01:20:00 AM,01:20:00,Cold-Dry,2009-08-08 01:20:00,8
15.83335775,-19.14712118,LA1,2009-08-08,01:40:00 AM,01:40:00,Cold-Dry,2009-08-08 01:40:00,8
15.83335978,-19.14713135,LA1,2009-08-08,02:00:00 AM,02:00:00,Cold-Dry,2009-08-08 02:00:00,8
15.83341675,-19.14711304,LA1,2009-08-08,02:20:00 AM,02:20:00,Cold-Dry,2009-08-08 02:20:00,8
15.83337199,-19.1470988,LA1,2009-08-08,02:40:00 AM,02:40:00,Cold-Dry,2009-08-08 02:40:00,8
15.83333435,-19.14706828,LA1,2009-08-08,03:00:00 AM,03:00:00,Cold-Dry,2009-08-08 03:00:00,8
15.8336202,-19.14701945,LA1,2009-08-08,03:20:00 AM,03:20:00,Cold-Dry,2009-08-08 03:20:00,8
15.83360392,-19.14702962,LA1,2009-08-08,03:40:00 AM,03:40:00,Cold-Dry,2009-08-08 03:40:00,8
15.83362325,-19.14709066,LA1,2009-08-08,04:00:00 AM,04:00:00,Cold-Dry,2009-08-08 04:00:00,8
15.83368937,-19.14763387,LA1,2009-08-08,04:20:00 AM,04:20:00,Cold-Dry,2009-08-08 04:20:00,8
15.83365479,-19.14763387,LA1,2009-08-08,04:40:00 AM,04:40:00,Cold-Dry,2009-08-08 04:40:00,8
15.83365784,-19.14767049,LA1,2009-08-08,05:00:00 AM,05:00:00,Cold-Dry,2009-08-08 05:00:00,8
15.83438822,-19.14788411,LA1,2009-08-08,05:20:00 AM,05:20:00,Cold-Dry,2009-08-08 05:20:00,8
15.83439636,-19.14784139,LA1,2009-08-08,05:40:00 AM,05:40:00,Cold-Dry,2009-08-08 05:40:00,8
15.83801676,-19.1483724,LA1,2009-08-08,06:00:00 AM,06:00:00,Cold-Dry,2009-08-08 06:00:00,8
15.83823751,-19.14843547,LA1,2009-08-08,06:20:00 AM,06:20:00,Cold-Dry,2009-08-08 06:20:00,8
15.84441935,-19.15031942,LA1,2009-08-08,06:40:00 AM,06:40:00,Cold-Dry,2009-08-08 06:40:00,8
15.85090739,-19.15219116,LA1,2009-08-08,07:00:00 AM,07:00:00,Cold-Dry,2009-08-08 07:00:00,8
15.85258586,-19.1527832,LA1,2009-08-08,07:20:00 AM,07:20:00,Cold-Dry,2009-08-08 07:20:00,8
15.85509338,-19.1539266,LA1,2009-08-08,07:40:00 AM,07:40:00,Cold-Dry,2009-08-08 07:40:00,8
15.86116333,-19.15700277,LA1,2009-08-08,08:00:00 AM,08:00:00,Cold-Dry,2009-08-08 08:00:00,8
15.86963603,-19.15958455,LA1,2009-08-08,08:20:00 AM,08:20:00,Cold-Dry,2009-08-08 08:20:00,8
15.87316386,-19.16123454,LA1,2009-08-08,08:40:00 AM,08:40:00,Cold-Dry,2009-08-08 08:40:00,8
15.87591248,-19.16234945,LA1,2009-08-08,09:00:00 AM,09:00:00,Cold-Dry,2009-08-08 09:00:00,8
15.88479716,-19.16657918,LA1,2009-08-08,09:20:00 AM,09:20:00,Cold-Dry,2009-08-08 09:20:00,8
15.89168599,-19.1702474,LA1,2009-08-08,09:40:00 AM,09:40:00,Cold-Dry,2009-08-08 09:40:00,8
15.89818217,-19.17510173,LA1,2009-08-08,10:00:00 AM,10:00:00,Cold-Dry,2009-08-08 10:00:00,8
15.90214335,-19.17698161,LA1,2009-08-08,10:20:00 AM,10:20:00,Cold-Dry,2009-08-08 10:20:00,8
15.91046448,-19.17875977,LA1,2009-08-08,10:40:00 AM,10:40:00,Cold-Dry,2009-08-08 10:40:00,8
15.91588338,-19.18086344,LA1,2009-08-08,11:00:00 AM,11:00:00,Cold-Dry,2009-08-08 11:00:00,8
15.91597595,-19.18085531,LA1,2009-08-08,11:20:00 AM,11:20:00,Cold-Dry,2009-08-08 11:20:00,8
15.91596476,-19.18089193,LA1,2009-08-08,11:40:00 AM,11:40:00,Cold-Dry,2009-08-08 11:40:00,8
15.91594035,-19.18086751,LA1,2009-08-08,12:00:00 PM,12:00:00,Cold-Dry,2009-08-08 12:00:00,8
15.91598002,-19.18087769,LA1,2009-08-08,12:20:00 PM,12:20:00,Cold-Dry,2009-08-08 12:20:00,8
15.91598307,-19.18086141,LA1,2009-08-08,12:40:00 PM,12:40:00,Cold-Dry,2009-08-08 12:40:00,8
15.91595052,-19.18087565,LA1,2009-08-08,01:00:00 PM,13:00:00,Cold-Dry,2009-08-08 13:00:00,8
15.91366781,-19.18107503,LA1,2009-08-08,01:20:00 PM,13:20:00,Cold-Dry,2009-08-08 13:20:00,8
15.90559998,-19.18210449,LA1,2009-08-08,01:40:00 PM,13:40:00,Cold-Dry,2009-08-08 13:40:00,8
15.8984904,-19.18268026,LA1,2009-08-08,02:00:00 PM,14:00:00,Cold-Dry,2009-08-08 14:00:00,8
15.89653524,-19.18387655,LA1,2009-08-08,02:20:00 PM,14:20:00,Cold-Dry,2009-08-08 14:20:00,8
15.89642232,-19.18397013,LA1,2009-08-08,02:40:00 PM,14:40:00,Cold-Dry,2009-08-08 14:40:00,8
15.89613241,-19.18368937,LA1,2009-08-08,03:00:00 PM,15:00:00,Cold-Dry,2009-08-08 15:00:00,8
15.89562073,-19.18351034,LA1,2009-08-08,03:20:00 PM,15:20:00,Cold-Dry,2009-08-08 15:20:00,8
15.89487712,-19.18358154,LA1,2009-08-08,03:40:00 PM,15:40:00,Cold-Dry,2009-08-08 15:40:00,8
15.88681234,-19.18377482,LA1,2009-08-08,04:00:00 PM,16:00:00,Cold-Dry,2009-08-08 16:00:00,8
15.8783783,-19.18407186,LA1,2009-08-08,04:20:00 PM,16:20:00,Cold-Dry,2009-08-08 16:20:00,8
15.87243551,-19.18497721,LA1,2009-08-08,04:40:00 PM,16:40:00,Cold-Dry,2009-08-08 16:40:00,8
15.87202657,-19.18508708,LA1,2009-08-08,05:00:00 PM,17:00:00,Cold-Dry,2009-08-08 17:00:00,8
15.87129822,-19.18531901,LA1,2009-08-08,05:20:00 PM,17:20:00,Cold-Dry,2009-08-08 17:20:00,8
15.87007955,-19.18631185,LA1,2009-08-08,05:40:00 PM,17:40:00,Cold-Dry,2009-08-08 17:40:00,8
15.86804403,-19.18670247,LA1,2009-08-08,06:00:00 PM,18:00:00,Cold-Dry,2009-08-08 18:00:00,8
15.86597799,-19.18757731,LA1,2009-08-08,06:20:00 PM,18:20:00,Cold-Dry,2009-08-08 18:20:00,8
15.86592916,-19.1880249,LA1,2009-08-08,06:40:00 PM,18:40:00,Cold-Dry,2009-08-08 18:40:00,8
15.8650767,-19.18815511,LA1,2009-08-08,07:00:00 PM,19:00:00,Cold-Dry,2009-08-08 19:00:00,8
15.85490824,-19.1893514,LA1,2009-08-08,07:20:00 PM,19:20:00,Cold-Dry,2009-08-08 19:20:00,8
15.85262858,-19.19011434,LA1,2009-08-08,07:40:00 PM,19:40:00,Cold-Dry,2009-08-08 19:40:00,8
15.84953512,-19.19148153,LA1,2009-08-08,08:00:00 PM,20:00:00,Cold-Dry,2009-08-08 20:00:00,8
15.8494873,-19.19142456,LA1,2009-08-08,08:20:00 PM,20:20:00,Cold-Dry,2009-08-08 20:20:00,8
15.84903768,-19.19143066,LA1,2009-08-08,08:40:00 PM,20:40:00,Cold-Dry,2009-08-08 20:40:00,8
15.84729513,-19.19009399,LA1,2009-08-08,09:00:00 PM,21:00:00,Cold-Dry,2009-08-08 21:00:00,8
15.84544983,-19.18945516,LA1,2009-08-08,09:20:00 PM,21:20:00,Cold-Dry,2009-08-08 21:20:00,8
15.84129944,-19.19042969,LA1,2009-08-08,09:40:00 PM,21:40:00,Cold-Dry,2009-08-08 21:40:00,8
15.83366292,-19.19330648,LA1,2009-08-08,10:00:00 PM,22:00:00,Cold-Dry,2009-08-08 22:00:00,8
15.82699382,-19.19434408,LA1,2009-08-08,10:20:00 PM,22:20:00,Cold-Dry,2009-08-08 22:20:00,8
15.82088318,-19.19704793,LA1,2009-08-08,10:40:00 PM,22:40:00,Cold-Dry,2009-08-08 22:40:00,8
15.81790059,-19.19923096,LA1,2009-08-08,11:00:00 PM,23:00:00,Cold-Dry,2009-08-08 23:00:00,8
15.81790466,-19.19926554,LA1,2009-08-08,11:20:00 PM,23:20:00,Cold-Dry,2009-08-08 23:20:00,8
15.81743876,-19.19972127,LA1,2009-08-08,11:40:00 PM,23:40:00,Cold-Dry,2009-08-08 23:40:00,8
15.81588745,-19.2012085,LA1,2009-08-09,12:00:00 AM,00:00:00,Cold-Dry,2009-08-09 00:00:00,8
15.81476542,-19.20216471,LA1,2009-08-09,12:20:00 AM,00:20:00,Cold-Dry,2009-08-09 00:20:00,8
15.81091003,-19.20463664,LA1,2009-08-09,12:40:00 AM,00:40:00,Cold-Dry,2009-08-09 00:40:00,8
15.80929871,-19.20620931,LA1,2009-08-09,01:00:00 AM,01:00:00,Cold-Dry,2009-08-09 01:00:00,8
15.80726115,-19.20828654,LA1,2009-08-09,01:20:00 AM,01:20:00,Cold-Dry,2009-08-09 01:20:00,8
15.80605164,-19.20942179,LA1,2009-08-09,01:40:00 AM,01:40:00,Cold-Dry,2009-08-09 01:40:00,8
15.80559285,-19.21005046,LA1,2009-08-09,02:00:00 AM,02:00:00,Cold-Dry,2009-08-09 02:00:00,8
15.80519918,-19.21026204,LA1,2009-08-09,02:20:00 AM,02:20:00,Cold-Dry,2009-08-09 02:20:00,8
15.80519104,-19.21026815,LA1,2009-08-09,02:40:00 AM,02:40:00,Cold-Dry,2009-08-09 02:40:00,8
15.80506795,-19.21038411,LA1,2009-08-09,03:00:00 AM,03:00:00,Cold-Dry,2009-08-09 03:00:00,8
15.80254211,-19.21167196,LA1,2009-08-09,03:20:00 AM,03:20:00,Cold-Dry,2009-08-09 03:20:00,8
15.80025024,-19.21308187,LA1,2009-08-09,03:40:00 AM,03:40:00,Cold-Dry,2009-08-09 03:40:00,8
15.79906413,-19.2134196,LA1,2009-08-09,04:00:00 AM,04:00:00,Cold-Dry,2009-08-09 04:00:00,8
15.79868774,-19.21404826,LA1,2009-08-09,04:20:00 AM,04:20:00,Cold-Dry,2009-08-09 04:20:00,8
15.79866028,-19.21407267,LA1,2009-08-09,04:40:00 AM,04:40:00,Cold-Dry,2009-08-09 04:40:00,8
15.79812113,-19.21450602,LA1,2009-08-09,05:00:00 AM,05:00:00,Cold-Dry,2009-08-09 05:00:00,8
15.79777222,-19.21467896,LA1,2009-08-09,05:20:00 AM,05:20:00,Cold-Dry,2009-08-09 05:20:00,8
15.79663289,-19.21538493,LA1,2009-08-09,05:40:00 AM,05:40:00,Cold-Dry,2009-08-09 05:40:00,8
15.79616597,-19.21545003,LA1,2009-08-09,06:00:00 AM,06:00:00,Cold-Dry,2009-08-09 06:00:00,8
15.79535319,-19.2156901,LA1,2009-08-09,06:20:00 AM,06:20:00,Cold-Dry,2009-08-09 06:20:00,8
15.79359538,-19.21637777,LA1,2009-08-09,06:40:00 AM,06:40:00,Cold-Dry,2009-08-09 06:40:00,8
15.79302673,-19.21677653,LA1,2009-08-09,07:00:00 AM,07:00:00,Cold-Dry,2009-08-09 07:00:00,8
15.79077962,-19.21717326,LA1,2009-08-09,07:20:00 AM,07:20:00,Cold-Dry,2009-08-09 07:20:00,8
15.78965861,-19.2175354,LA1,2009-08-09,07:40:00 AM,07:40:00,Cold-Dry,2009-08-09 07:40:00,8
15.78869019,-19.21758219,LA1,2009-08-09,08:00:00 AM,08:00:00,Cold-Dry,2009-08-09 08:00:00,8
15.78744202,-19.21805623,LA1,2009-08-09,08:20:00 AM,08:20:00,Cold-Dry,2009-08-09 08:20:00,8
15.78511759,-19.2180013,LA1,2009-08-09,08:40:00 AM,08:40:00,Cold-Dry,2009-08-09 08:40:00,8
15.78280334,-19.21817017,LA1,2009-08-09,09:00:00 AM,09:00:00,Cold-Dry,2009-08-09 09:00:00,8
15.78071187,-19.21790161,LA1,2009-08-09,09:20:00 AM,09:20:00,Cold-Dry,2009-08-09 09:20:00,8
15.78014526,-19.21767375,LA1,2009-08-09,09:40:00 AM,09:40:00,Cold-Dry,2009-08-09 09:40:00,8
15.78015442,-19.21767782,LA1,2009-08-09,10:00:00 AM,10:00:00,Cold-Dry,2009-08-09 10:00:00,8
15.78013916,-19.21769816,LA1,2009-08-09,10:20:00 AM,10:20:00,Cold-Dry,2009-08-09 10:20:00,8
15.78003133,-19.21775309,LA1,2009-08-09,10:40:00 AM,10:40:00,Cold-Dry,2009-08-09 10:40:00,8
15.77902934,-19.21782023,LA1,2009-08-09,11:00:00 AM,11:00:00,Cold-Dry,2009-08-09 11:00:00,8
15.77808024,-19.21793823,LA1,2009-08-09,11:20:00 AM,11:20:00,Cold-Dry,2009-08-09 11:20:00,8
15.7765625,-19.21744995,LA1,2009-08-09,11:40:00 AM,11:40:00,Cold-Dry,2009-08-09 11:40:00,8
15.77655233,-19.21744385,LA1,2009-08-09,12:00:00 PM,12:00:00,Cold-Dry,2009-08-09 12:00:00,8
15.77655843,-19.21744995,LA1,2009-08-09,12:20:00 PM,12:20:00,Cold-Dry,2009-08-09 12:20:00,8
15.77655741,-19.21743368,LA1,2009-08-09,12:40:00 PM,12:40:00,Cold-Dry,2009-08-09 12:40:00,8
15.77656047,-19.21744385,LA1,2009-08-09,01:00:00 PM,13:00:00,Cold-Dry,2009-08-09 13:00:00,8
15.77609253,-19.21758423,LA1,2009-08-09,01:20:00 PM,13:20:00,Cold-Dry,2009-08-09 13:20:00,8
15.77406108,-19.21650187,LA1,2009-08-09,01:40:00 PM,13:40:00,Cold-Dry,2009-08-09 13:40:00,8
15.77379049,-19.21644491,LA1,2009-08-09,02:00:00 PM,14:00:00,Cold-Dry,2009-08-09 14:00:00,8
15.77289022,-19.21661987,LA1,2009-08-09,02:20:00 PM,14:20:00,Cold-Dry,2009-08-09 14:20:00,8
15.77139384,-19.21652018,LA1,2009-08-09,02:40:00 PM,14:40:00,Cold-Dry,2009-08-09 14:40:00,8
15.77039185,-19.2164917,LA1,2009-08-09,03:00:00 PM,15:00:00,Cold-Dry,2009-08-09 15:00:00,8
15.77040405,-19.21650391,LA1,2009-08-09,03:20:00 PM,15:20:00,Cold-Dry,2009-08-09 15:20:00,8
15.77040202,-19.21649577,LA1,2009-08-09,03:40:00 PM,15:40:00,Cold-Dry,2009-08-09 15:40:00,8
15.76985779,-19.21636353,LA1,2009-08-09,04:00:00 PM,16:00:00,Cold-Dry,2009-08-09 16:00:00,8
15.76953837,-19.21663818,LA1,2009-08-09,04:20:00 PM,16:20:00,Cold-Dry,2009-08-09 16:20:00,8
15.76873067,-19.21674805,LA1,2009-08-09,04:40:00 PM,16:40:00,Cold-Dry,2009-08-09 16:40:00,8
15.76800028,-19.21625977,LA1,2009-08-09,05:00:00 PM,17:00:00,Cold-Dry,2009-08-09 17:00:00,8
15.76685079,-19.21653035,LA1,2009-08-09,05:20:00 PM,17:20:00,Cold-Dry,2009-08-09 17:20:00,8
15.76676127,-19.21658529,LA1,2009-08-09,05:40:00 PM,17:40:00,Cold-Dry,2009-08-09 17:40:00,8
15.76652934,-19.21694132,LA1,2009-08-09,06:00:00 PM,18:00:00,Cold-Dry,2009-08-09 18:00:00,8
15.76622009,-19.21699626,LA1,2009-08-09,06:20:00 PM,18:20:00,Cold-Dry,2009-08-09 18:20:00,8
15.76588949,-19.21706746,LA1,2009-08-09,06:40:00 PM,18:40:00,Cold-Dry,2009-08-09 18:40:00,8
15.76579997,-19.2169576,LA1,2009-08-09,07:00:00 PM,19:00:00,Cold-Dry,2009-08-09 19:00:00,8
15.765625,-19.21780802,LA1,2009-08-09,07:20:00 PM,19:20:00,Cold-Dry,2009-08-09 19:20:00,8
15.76545919,-19.21803792,LA1,2009-08-09,07:40:00 PM,19:40:00,Cold-Dry,2009-08-09 19:40:00,8
15.76507568,-19.2181193,LA1,2009-08-09,08:00:00 PM,20:00:00,Cold-Dry,2009-08-09 20:00:00,8
15.76482951,-19.21818441,LA1,2009-08-09,08:20:00 PM,20:20:00,Cold-Dry,2009-08-09 20:20:00,8
15.76469014,-19.21813354,LA1,2009-08-09,08:40:00 PM,20:40:00,Cold-Dry,2009-08-09 20:40:00,8
15.76451518,-19.21805216,LA1,2009-08-09,09:00:00 PM,21:00:00,Cold-Dry,2009-08-09 21:00:00,8
15.76397807,-19.21721395,LA1,2009-08-09,09:20:00 PM,21:20:00,Cold-Dry,2009-08-09 21:20:00,8
15.76397196,-19.21692912,LA1,2009-08-09,09:40:00 PM,21:40:00,Cold-Dry,2009-08-09 21:40:00,8
15.76344299,-19.21672974,LA1,2009-08-09,10:00:00 PM,22:00:00,Cold-Dry,2009-08-09 22:00:00,8
15.76342061,-19.21652018,LA1,2009-08-09,10:20:00 PM,22:20:00,Cold-Dry,2009-08-09 22:20:00,8
15.76336263,-19.21647135,LA1,2009-08-09,10:40:00 PM,22:40:00,Cold-Dry,2009-08-09 22:40:00,8
15.76227214,-19.21770223,LA1,2009-08-09,11:00:00 PM,23:00:00,Cold-Dry,2009-08-09 23:00:00,8
15.76219889,-19.2178833,LA1,2009-08-09,11:20:00 PM,23:20:00,Cold-Dry,2009-08-09 23:20:00,8
15.7622111,-19.21793213,LA1,2009-08-09,11:40:00 PM,23:40:00,Cold-Dry,2009-08-09 23:40:00,8
15.76218262,-19.21794027,LA1,2009-08-10,12:00:00 AM,00:00:00,Cold-Dry,2009-08-10 00:00:00,8
15.76212972,-19.21788127,LA1,2009-08-10,12:20:00 AM,00:20:00,Cold-Dry,2009-08-10 00:20:00,8
15.76211243,-19.2178833,LA1,2009-08-10,12:40:00 AM,00:40:00,Cold-Dry,2009-08-10 00:40:00,8
15.76215007,-19.21789754,LA1,2009-08-10,01:00:00 AM,01:00:00,Cold-Dry,2009-08-10 01:00:00,8
15.76211243,-19.2178894,LA1,2009-08-10,01:20:00 AM,01:20:00,Cold-Dry,2009-08-10 01:20:00,8
15.76213684,-19.21789347,LA1,2009-08-10,01:40:00 AM,01:40:00,Cold-Dry,2009-08-10 01:40:00,8
15.76212362,-19.21788534,LA1,2009-08-10,02:00:00 AM,02:00:00,Cold-Dry,2009-08-10 02:00:00,8
15.76213379,-19.21791382,LA1,2009-08-10,02:20:00 AM,02:20:00,Cold-Dry,2009-08-10 02:20:00,8
15.76212463,-19.21793009,LA1,2009-08-10,02:40:00 AM,02:40:00,Cold-Dry,2009-08-10 02:40:00,8
15.76220601,-19.21772868,LA1,2009-08-10,03:00:00 AM,03:00:00,Cold-Dry,2009-08-10 03:00:00,8
15.76216736,-19.2177002,LA1,2009-08-10,03:20:00 AM,03:20:00,Cold-Dry,2009-08-10 03:20:00,8
15.76219076,-19.21771647,LA1,2009-08-10,03:40:00 AM,03:40:00,Cold-Dry,2009-08-10 03:40:00,8
15.76237895,-19.2175415,LA1,2009-08-10,04:00:00 AM,04:00:00,Cold-Dry,2009-08-10 04:00:00,8
15.76239624,-19.2171936,LA1,2009-08-10,04:20:00 AM,04:20:00,Cold-Dry,2009-08-10 04:20:00,8
15.76249797,-19.21662598,LA1,2009-08-10,04:40:00 AM,04:40:00,Cold-Dry,2009-08-10 04:40:00,8
15.76287435,-19.21651815,LA1,2009-08-10,05:00:00 AM,05:00:00,Cold-Dry,2009-08-10 05:00:00,8
15.76276245,-19.21579793,LA1,2009-08-10,05:20:00 AM,05:20:00,Cold-Dry,2009-08-10 05:20:00,8
15.76261393,-19.2156311,LA1,2009-08-10,05:40:00 AM,05:40:00,Cold-Dry,2009-08-10 05:40:00,8
15.76274516,-19.21556396,LA1,2009-08-10,06:00:00 AM,06:00:00,Cold-Dry,2009-08-10 06:00:00,8
15.76285299,-19.21542765,LA1,2009-08-10,06:20:00 AM,06:20:00,Cold-Dry,2009-08-10 06:20:00,8
15.76301778,-19.21526693,LA1,2009-08-10,06:40:00 AM,06:40:00,Cold-Dry,2009-08-10 06:40:00,8
15.76405334,-19.21427816,LA1,2009-08-10,07:00:00 AM,07:00:00,Cold-Dry,2009-08-10 07:00:00,8
15.76415609,-19.21295166,LA1,2009-08-10,07:20:00 AM,07:20:00,Cold-Dry,2009-08-10 07:20:00,8
15.76461589,-19.21151937,LA1,2009-08-10,07:40:00 AM,07:40:00,Cold-Dry,2009-08-10 07:40:00,8
15.76474915,-19.21092936,LA1,2009-08-10,08:00:00 AM,08:00:00,Cold-Dry,2009-08-10 08:00:00,8
15.76538696,-19.21039632,LA1,2009-08-10,08:20:00 AM,08:20:00,Cold-Dry,2009-08-10 08:20:00,8
15.76654561,-19.20954183,LA1,2009-08-10,08:40:00 AM,08:40:00,Cold-Dry,2009-08-10 08:40:00,8
15.76910807,-19.20662231,LA1,2009-08-10,09:00:00 AM,09:00:00,Cold-Dry,2009-08-10 09:00:00,8
15.77085368,-19.20486247,LA1,2009-08-10,09:20:00 AM,09:20:00,Cold-Dry,2009-08-10 09:20:00,8
15.77151591,-19.20395508,LA1,2009-08-10,09:40:00 AM,09:40:00,Cold-Dry,2009-08-10 09:40:00,8
15.77138468,-19.2037618,LA1,2009-08-10,10:00:00 AM,10:00:00,Cold-Dry,2009-08-10 10:00:00,8
15.77135722,-19.20376587,LA1,2009-08-10,10:20:00 AM,10:20:00,Cold-Dry,2009-08-10 10:20:00,8
15.77138062,-19.20375977,LA1,2009-08-10,10:40:00 AM,10:40:00,Cold-Dry,2009-08-10 10:40:00,8
15.77136536,-19.20376587,LA1,2009-08-10,11:00:00 AM,11:00:00,Cold-Dry,2009-08-10 11:00:00,8
15.77137044,-19.20377604,LA1,2009-08-10,11:20:00 AM,11:20:00,Cold-Dry,2009-08-10 11:20:00,8
15.77137146,-19.2037557,LA1,2009-08-10,11:40:00 AM,11:40:00,Cold-Dry,2009-08-10 11:40:00,8
15.77137146,-19.20377808,LA1,2009-08-10,12:00:00 PM,12:00:00,Cold-Dry,2009-08-10 12:00:00,8
15.77137146,-19.20375977,LA1,2009-08-10,12:20:00 PM,12:20:00,Cold-Dry,2009-08-10 12:20:00,8
15.77326152,-19.20418701,LA1,2009-08-10,12:40:00 PM,12:40:00,Cold-Dry,2009-08-10 12:40:00,8
15.77433472,-19.20256755,LA1,2009-08-10,01:00:00 PM,13:00:00,Cold-Dry,2009-08-10 13:00:00,8
15.77657979,-19.20247192,LA1,2009-08-10,01:20:00 PM,13:20:00,Cold-Dry,2009-08-10 13:20:00,8
15.77660116,-19.2024882,LA1,2009-08-10,01:40:00 PM,13:40:00,Cold-Dry,2009-08-10 13:40:00,8
15.77658691,-19.2024821,LA1,2009-08-10,02:00:00 PM,14:00:00,Cold-Dry,2009-08-10 14:00:00,8
15.77672221,-19.2025411,LA1,2009-08-10,02:20:00 PM,14:20:00,Cold-Dry,2009-08-10 14:20:00,8
15.77911682,-19.20312093,LA1,2009-08-10,02:40:00 PM,14:40:00,Cold-Dry,2009-08-10 14:40:00,8
15.78114319,-19.20260824,LA1,2009-08-10,03:00:00 PM,15:00:00,Cold-Dry,2009-08-10 15:00:00,8
15.78251139,-19.20199992,LA1,2009-08-10,03:20:00 PM,15:20:00,Cold-Dry,2009-08-10 15:20:00,8
15.78275553,-19.20159912,LA1,2009-08-10,03:40:00 PM,15:40:00,Cold-Dry,2009-08-10 15:40:00,8
15.78403219,-19.20339152,LA1,2009-08-10,04:00:00 PM,16:00:00,Cold-Dry,2009-08-10 16:00:00,8
15.78710632,-19.20376587,LA1,2009-08-10,04:20:00 PM,16:20:00,Cold-Dry,2009-08-10 16:20:00,8
15.78931986,-19.20308228,LA1,2009-08-10,04:40:00 PM,16:40:00,Cold-Dry,2009-08-10 16:40:00,8
15.78993123,-19.20339966,LA1,2009-08-10,05:00:00 PM,17:00:00,Cold-Dry,2009-08-10 17:00:00,8
15.79037679,-19.20356038,LA1,2009-08-10,05:20:00 PM,17:20:00,Cold-Dry,2009-08-10 17:20:00,8
15.79191488,-19.20407104,LA1,2009-08-10,05:40:00 PM,17:40:00,Cold-Dry,2009-08-10 17:40:00,8
15.79211019,-19.20406291,LA1,2009-08-10,06:00:00 PM,18:00:00,Cold-Dry,2009-08-10 18:00:00,8
15.7924174,-19.20428467,LA1,2009-08-10,06:20:00 PM,18:20:00,Cold-Dry,2009-08-10 18:20:00,8
15.79202067,-19.20455526,LA1,2009-08-10,06:40:00 PM,18:40:00,Cold-Dry,2009-08-10 18:40:00,8
15.79223429,-19.20496826,LA1,2009-08-10,07:00:00 PM,19:00:00,Cold-Dry,2009-08-10 19:00:00,8
15.79209798,-19.20536702,LA1,2009-08-10,07:20:00 PM,19:20:00,Cold-Dry,2009-08-10 19:20:00,8
15.79215698,-19.20535685,LA1,2009-08-10,07:40:00 PM,19:40:00,Cold-Dry,2009-08-10 19:40:00,8
15.79216003,-19.2053182,LA1,2009-08-10,08:00:00 PM,20:00:00,Cold-Dry,2009-08-10 20:00:00,8
15.79216207,-19.20535278,LA1,2009-08-10,08:20:00 PM,20:20:00,Cold-Dry,2009-08-10 20:20:00,8
15.79208679,-19.20535889,LA1,2009-08-10,08:40:00 PM,20:40:00,Cold-Dry,2009-08-10 20:40:00,8
15.79218547,-19.20530192,LA1,2009-08-10,09:00:00 PM,21:00:00,Cold-Dry,2009-08-10 21:00:00,8
15.79213257,-19.20535889,LA1,2009-08-10,09:20:00 PM,21:20:00,Cold-Dry,2009-08-10 21:20:00,8
15.79210205,-19.20536702,LA1,2009-08-10,09:40:00 PM,21:40:00,Cold-Dry,2009-08-10 21:40:00,8
15.79211324,-19.20533651,LA1,2009-08-10,10:00:00 PM,22:00:00,Cold-Dry,2009-08-10 22:00:00,8
15.79213765,-19.20531413,LA1,2009-08-10,10:21:00 PM,22:21:00,Cold-Dry,2009-08-10 22:21:00,8
15.79189657,-19.20541992,LA1,2009-08-10,10:40:00 PM,22:40:00,Cold-Dry,2009-08-10 22:40:00,8
15.79158732,-19.20549113,LA1,2009-08-10,11:00:00 PM,23:00:00,Cold-Dry,2009-08-10 23:00:00,8
15.79112854,-19.20567627,LA1,2009-08-10,11:20:00 PM,23:20:00,Cold-Dry,2009-08-10 23:20:00,8
15.79152222,-19.20628052,LA1,2009-08-10,11:40:00 PM,23:40:00,Cold-Dry,2009-08-10 23:40:00,8
15.79145813,-19.20654093,LA1,2009-08-11,12:00:00 AM,00:00:00,Cold-Dry,2009-08-11 00:00:00,8
15.79139303,-19.20687256,LA1,2009-08-11,12:20:00 AM,00:20:00,Cold-Dry,2009-08-11 00:20:00,8
15.79183757,-19.20735881,LA1,2009-08-11,12:40:00 AM,00:40:00,Cold-Dry,2009-08-11 00:40:00,8
15.79275716,-19.20706787,LA1,2009-08-11,01:00:00 AM,01:00:00,Cold-Dry,2009-08-11 01:00:00,8
15.79359334,-19.20697021,LA1,2009-08-11,01:20:00 AM,01:20:00,Cold-Dry,2009-08-11 01:20:00,8
15.7939799,-19.20679321,LA1,2009-08-11,01:40:00 AM,01:40:00,Cold-Dry,2009-08-11 01:40:00,8
15.79492289,-19.20638021,LA1,2009-08-11,02:00:00 AM,02:00:00,Cold-Dry,2009-08-11 02:00:00,8
15.79504395,-19.20621948,LA1,2009-08-11,02:20:00 AM,02:20:00,Cold-Dry,2009-08-11 02:20:00,8
15.79506429,-19.20621948,LA1,2009-08-11,02:40:00 AM,02:40:00,Cold-Dry,2009-08-11 02:40:00,8
15.79508464,-19.20619914,LA1,2009-08-11,03:00:00 AM,03:00:00,Cold-Dry,2009-08-11 03:00:00,8
15.7950765,-19.20622152,LA1,2009-08-11,03:20:00 AM,03:20:00,Cold-Dry,2009-08-11 03:20:00,8
15.79504089,-19.20625,LA1,2009-08-11,03:40:00 AM,03:40:00,Cold-Dry,2009-08-11 03:40:00,8
15.79507345,-19.2061849,LA1,2009-08-11,04:00:00 AM,04:00:00,Cold-Dry,2009-08-11 04:00:00,8
15.79504089,-19.20622152,LA1,2009-08-11,04:20:00 AM,04:20:00,Cold-Dry,2009-08-11 04:20:00,8
15.79506531,-19.20621948,LA1,2009-08-11,04:40:00 AM,04:40:00,Cold-Dry,2009-08-11 04:40:00,8
15.79502665,-19.20628052,LA1,2009-08-11,05:00:00 AM,05:00:00,Cold-Dry,2009-08-11 05:00:00,8
15.79531962,-19.20643921,LA1,2009-08-11,05:20:00 AM,05:20:00,Cold-Dry,2009-08-11 05:20:00,8
15.79629415,-19.20668335,LA1,2009-08-11,05:40:00 AM,05:40:00,Cold-Dry,2009-08-11 05:40:00,8
15.79822591,-19.20633138,LA1,2009-08-11,06:00:00 AM,06:00:00,Cold-Dry,2009-08-11 06:00:00,8
15.80041809,-19.20555623,LA1,2009-08-11,06:20:00 AM,06:20:00,Cold-Dry,2009-08-11 06:20:00,8
15.80460409,-19.20460002,LA1,2009-08-11,06:40:00 AM,06:40:00,Cold-Dry,2009-08-11 06:40:00,8
15.80808614,-19.20293783,LA1,2009-08-11,07:00:00 AM,07:00:00,Cold-Dry,2009-08-11 07:00:00,8
15.80866292,-19.20326742,LA1,2009-08-11,07:20:00 AM,07:20:00,Cold-Dry,2009-08-11 07:20:00,8
15.81079407,-19.20298869,LA1,2009-08-11,07:40:00 AM,07:40:00,Cold-Dry,2009-08-11 07:40:00,8
15.81456299,-19.2025533,LA1,2009-08-11,08:00:00 AM,08:00:00,Cold-Dry,2009-08-11 08:00:00,8
15.82095235,-19.20046997,LA1,2009-08-11,08:20:00 AM,08:20:00,Cold-Dry,2009-08-11 08:20:00,8
15.82746379,-19.19656372,LA1,2009-08-11,08:40:00 AM,08:40:00,Cold-Dry,2009-08-11 08:40:00,8
15.83567098,-19.19254354,LA1,2009-08-11,09:00:00 AM,09:00:00,Cold-Dry,2009-08-11 09:00:00,8
15.84208069,-19.1902832,LA1,2009-08-11,09:20:00 AM,09:20:00,Cold-Dry,2009-08-11 09:20:00,8
15.85099386,-19.18535156,LA1,2009-08-11,09:40:00 AM,09:40:00,Cold-Dry,2009-08-11 09:40:00,8
15.85878092,-19.18348592,LA1,2009-08-11,10:00:00 AM,10:00:00,Cold-Dry,2009-08-11 10:00:00,8
15.86717326,-19.18168945,LA1,2009-08-11,10:20:00 AM,10:20:00,Cold-Dry,2009-08-11 10:20:00,8
15.87098694,-19.18049927,LA1,2009-08-11,10:40:00 AM,10:40:00,Cold-Dry,2009-08-11 10:40:00,8
15.87572225,-19.18070882,LA1,2009-08-11,11:00:00 AM,11:00:00,Cold-Dry,2009-08-11 11:00:00,8
15.88574626,-19.17892253,LA1,2009-08-11,11:20:00 AM,11:20:00,Cold-Dry,2009-08-11 11:20:00,8
15.89527791,-19.17906291,LA1,2009-08-11,11:40:00 AM,11:40:00,Cold-Dry,2009-08-11 11:40:00,8
15.90534668,-19.17991536,LA1,2009-08-11,12:00:00 PM,12:00:00,Cold-Dry,2009-08-11 12:00:00,8
15.91589966,-19.18089193,LA1,2009-08-11,12:20:00 PM,12:20:00,Cold-Dry,2009-08-11 12:20:00,8
15.91596375,-19.18086141,LA1,2009-08-11,12:40:00 PM,12:40:00,Cold-Dry,2009-08-11 12:40:00,8
15.91596171,-19.18086141,LA1,2009-08-11,01:00:00 PM,13:00:00,Cold-Dry,2009-08-11 13:00:00,8
15.91587016,-19.18092651,LA1,2009-08-11,01:20:00 PM,13:20:00,Cold-Dry,2009-08-11 13:20:00,8
15.91585388,-19.18086141,LA1,2009-08-11,01:40:00 PM,13:40:00,Cold-Dry,2009-08-11 13:40:00,8
15.91598409,-19.18087565,LA1,2009-08-11,02:00:00 PM,14:00:00,Cold-Dry,2009-08-11 14:00:00,8
15.91597392,-19.18088989,LA1,2009-08-11,02:20:00 PM,14:20:00,Cold-Dry,2009-08-11 14:20:00,8
15.91582336,-19.18078206,LA1,2009-08-11,02:40:00 PM,14:40:00,Cold-Dry,2009-08-11 14:40:00,8
15.91593323,-19.18089803,LA1,2009-08-11,03:00:00 PM,15:00:00,Cold-Dry,2009-08-11 15:00:00,8
15.91592712,-19.18088379,LA1,2009-08-11,03:20:00 PM,15:20:00,Cold-Dry,2009-08-11 15:20:00,8
15.91596273,-19.1809021,LA1,2009-08-11,03:40:00 PM,15:40:00,Cold-Dry,2009-08-11 15:40:00,8
15.91257324,-19.18100586,LA1,2009-08-11,04:00:00 PM,16:00:00,Cold-Dry,2009-08-11 16:00:00,8
15.90411072,-19.1798055,LA1,2009-08-11,04:20:00 PM,16:20:00,Cold-Dry,2009-08-11 16:20:00,8
15.90052083,-19.17791951,LA1,2009-08-11,04:40:00 PM,16:40:00,Cold-Dry,2009-08-11 16:40:00,8
15.89712219,-19.17821248,LA1,2009-08-11,05:00:00 PM,17:00:00,Cold-Dry,2009-08-11 17:00:00,8
15.89504496,-19.17821859,LA1,2009-08-11,05:20:00 PM,17:20:00,Cold-Dry,2009-08-11 17:20:00,8
15.89062602,-19.17918091,LA1,2009-08-11,05:40:00 PM,17:40:00,Cold-Dry,2009-08-11 17:40:00,8
15.88048096,-19.1775533,LA1,2009-08-11,06:00:00 PM,18:00:00,Cold-Dry,2009-08-11 18:00:00,8
15.87294108,-19.17660319,LA1,2009-08-11,06:20:00 PM,18:20:00,Cold-Dry,2009-08-11 18:20:00,8
15.86789449,-19.17572632,LA1,2009-08-11,06:40:00 PM,18:40:00,Cold-Dry,2009-08-11 18:40:00,8
15.86692912,-19.17534587,LA1,2009-08-11,07:00:00 PM,19:00:00,Cold-Dry,2009-08-11 19:00:00,8
15.86512146,-19.1755249,LA1,2009-08-11,07:20:00 PM,19:20:00,Cold-Dry,2009-08-11 19:20:00,8
15.86294657,-19.17569173,LA1,2009-08-11,07:40:00 PM,19:40:00,Cold-Dry,2009-08-11 19:40:00,8
15.85929871,-19.174764,LA1,2009-08-11,08:00:00 PM,20:00:00,Cold-Dry,2009-08-11 20:00:00,8
15.8479248,-19.17444661,LA1,2009-08-11,08:20:00 PM,20:20:00,Cold-Dry,2009-08-11 20:20:00,8
15.84239095,-19.17461344,LA1,2009-08-11,08:40:00 PM,20:40:00,Cold-Dry,2009-08-11 20:40:00,8
15.83291829,-19.17411296,LA1,2009-08-11,09:00:00 PM,21:00:00,Cold-Dry,2009-08-11 21:00:00,8
15.82709859,-19.17573853,LA1,2009-08-11,09:20:00 PM,21:20:00,Cold-Dry,2009-08-11 21:20:00,8
15.82529195,-19.17614339,LA1,2009-08-11,09:40:00 PM,21:40:00,Cold-Dry,2009-08-11 21:40:00,8
15.82374573,-19.17623901,LA1,2009-08-11,10:00:00 PM,22:00:00,Cold-Dry,2009-08-11 22:00:00,8
15.82253215,-19.17722778,LA1,2009-08-11,10:20:00 PM,22:20:00,Cold-Dry,2009-08-11 22:20:00,8
15.8179718,-19.17717896,LA1,2009-08-11,10:40:00 PM,22:40:00,Cold-Dry,2009-08-11 22:40:00,8
15.81729431,-19.17692668,LA1,2009-08-11,11:00:00 PM,23:00:00,Cold-Dry,2009-08-11 23:00:00,8
15.81649475,-19.17692871,LA1,2009-08-11,11:20:00 PM,23:20:00,Cold-Dry,2009-08-11 23:20:00,8
15.81549174,-19.17653198,LA1,2009-08-11,11:40:00 PM,23:40:00,Cold-Dry,2009-08-11 23:40:00,8
15.8135498,-19.17658488,LA1,2009-08-12,12:00:00 AM,00:00:00,Cold-Dry,2009-08-12 00:00:00,8
15.81326294,-19.17644857,LA1,2009-08-12,12:20:00 AM,00:20:00,Cold-Dry,2009-08-12 00:20:00,8
15.81116333,-19.17720744,LA1,2009-08-12,12:40:00 AM,00:40:00,Cold-Dry,2009-08-12 00:40:00,8
15.80851034,-19.17744954,LA1,2009-08-12,01:00:00 AM,01:00:00,Cold-Dry,2009-08-12 01:00:00,8
15.80844828,-19.17747599,LA1,2009-08-12,01:20:00 AM,01:20:00,Cold-Dry,2009-08-12 01:20:00,8
15.80800883,-19.17751261,LA1,2009-08-12,01:40:00 AM,01:40:00,Cold-Dry,2009-08-12 01:40:00,8
15.8062144,-19.17746175,LA1,2009-08-12,02:00:00 AM,02:00:00,Cold-Dry,2009-08-12 02:00:00,8
15.7991689,-19.17662557,LA1,2009-08-12,02:20:00 AM,02:20:00,Cold-Dry,2009-08-12 02:20:00,8
15.79611918,-19.17606812,LA1,2009-08-12,02:40:00 AM,02:40:00,Cold-Dry,2009-08-12 02:40:00,8
15.79487101,-19.17557576,LA1,2009-08-12,03:00:00 AM,03:00:00,Cold-Dry,2009-08-12 03:00:00,8
15.79482422,-19.1755717,LA1,2009-08-12,03:20:00 AM,03:20:00,Cold-Dry,2009-08-12 03:20:00,8
15.79142049,-19.17360433,LA1,2009-08-12,03:40:00 AM,03:40:00,Cold-Dry,2009-08-12 03:40:00,8
15.78849691,-19.17177938,LA1,2009-08-12,04:00:00 AM,04:00:00,Cold-Dry,2009-08-12 04:00:00,8
15.78280436,-19.16794637,LA1,2009-08-12,04:20:00 AM,04:20:00,Cold-Dry,2009-08-12 04:20:00,8
15.78162944,-19.1678182,LA1,2009-08-12,04:40:00 AM,04:40:00,Cold-Dry,2009-08-12 04:40:00,8
15.78129069,-19.1678182,LA1,2009-08-12,05:00:00 AM,05:00:00,Cold-Dry,2009-08-12 05:00:00,8
15.78046977,-19.16837565,LA1,2009-08-12,05:20:00 AM,05:20:00,Cold-Dry,2009-08-12 05:20:00,8
15.78002014,-19.16881307,LA1,2009-08-12,05:40:00 AM,05:40:00,Cold-Dry,2009-08-12 05:40:00,8
15.77939148,-19.16936646,LA1,2009-08-12,06:00:00 AM,06:00:00,Cold-Dry,2009-08-12 06:00:00,8
15.77933858,-19.16936035,LA1,2009-08-12,06:20:00 AM,06:20:00,Cold-Dry,2009-08-12 06:20:00,8
15.7792867,-19.16933594,LA1,2009-08-12,06:40:00 AM,06:40:00,Cold-Dry,2009-08-12 06:40:00,8
15.77785746,-19.16747233,LA1,2009-08-12,07:00:00 AM,07:00:00,Cold-Dry,2009-08-12 07:00:00,8
15.77673035,-19.16651815,LA1,2009-08-12,07:20:00 AM,07:20:00,Cold-Dry,2009-08-12 07:20:00,8
15.77711385,-19.16606852,LA1,2009-08-12,07:40:00 AM,07:40:00,Cold-Dry,2009-08-12 07:40:00,8
15.77764282,-19.1646403,LA1,2009-08-12,08:00:00 AM,08:00:00,Cold-Dry,2009-08-12 08:00:00,8
15.77869568,-19.16205037,LA1,2009-08-12,08:20:00 AM,08:20:00,Cold-Dry,2009-08-12 08:20:00,8
15.77889811,-19.16172282,LA1,2009-08-12,08:40:00 AM,08:40:00,Cold-Dry,2009-08-12 08:40:00,8
15.77917175,-19.16200358,LA1,2009-08-12,09:00:00 AM,09:00:00,Cold-Dry,2009-08-12 09:00:00,8
15.77934672,-19.16263021,LA1,2009-08-12,09:20:00 AM,09:20:00,Cold-Dry,2009-08-12 09:20:00,8
15.77933248,-19.16262004,LA1,2009-08-12,09:40:00 AM,09:40:00,Cold-Dry,2009-08-12 09:40:00,8
15.77889913,-19.16174723,LA1,2009-08-12,10:00:00 AM,10:00:00,Cold-Dry,2009-08-12 10:00:00,8
15.77864685,-19.16083577,LA1,2009-08-12,10:20:00 AM,10:20:00,Cold-Dry,2009-08-12 10:20:00,8
15.7791097,-19.15848592,LA1,2009-08-12,10:40:00 AM,10:40:00,Cold-Dry,2009-08-12 10:40:00,8
15.77831217,-19.15827433,LA1,2009-08-12,11:00:00 AM,11:00:00,Cold-Dry,2009-08-12 11:00:00,8
15.77577311,-19.15473836,LA1,2009-08-12,11:20:00 AM,11:20:00,Cold-Dry,2009-08-12 11:20:00,8
15.77584229,-19.15373332,LA1,2009-08-12,11:40:00 AM,11:40:00,Cold-Dry,2009-08-12 11:40:00,8
15.7758433,-19.15371908,LA1,2009-08-12,12:00:00 PM,12:00:00,Cold-Dry,2009-08-12 12:00:00,8
15.77584127,-19.15372518,LA1,2009-08-12,12:20:00 PM,12:20:00,Cold-Dry,2009-08-12 12:20:00,8
15.77583822,-19.15373535,LA1,2009-08-12,12:40:00 PM,12:40:00,Cold-Dry,2009-08-12 12:40:00,8
15.77584025,-19.15374756,LA1,2009-08-12,01:00:00 PM,13:00:00,Cold-Dry,2009-08-12 13:00:00,8
15.77583415,-19.15372925,LA1,2009-08-12,01:20:00 PM,13:20:00,Cold-Dry,2009-08-12 13:20:00,8
15.77582499,-19.15373942,LA1,2009-08-12,01:40:00 PM,13:40:00,Cold-Dry,2009-08-12 13:40:00,8
15.77584229,-19.15374552,LA1,2009-08-12,02:00:00 PM,14:00:00,Cold-Dry,2009-08-12 14:00:00,8
15.77581278,-19.15375773,LA1,2009-08-12,02:20:00 PM,14:20:00,Cold-Dry,2009-08-12 14:20:00,8
15.77259827,-19.15229696,LA1,2009-08-12,02:40:00 PM,14:40:00,Cold-Dry,2009-08-12 14:40:00,8
15.77094625,-19.15074666,LA1,2009-08-12,03:00:00 PM,15:00:00,Cold-Dry,2009-08-12 15:00:00,8
15.76483968,-19.14720866,LA1,2009-08-12,03:20:00 PM,15:20:00,Cold-Dry,2009-08-12 15:20:00,8
15.76447347,-19.14696859,LA1,2009-08-12,03:40:00 PM,15:40:00,Cold-Dry,2009-08-12 15:40:00,8
15.76372986,-19.14459839,LA1,2009-08-12,04:00:00 PM,16:00:00,Cold-Dry,2009-08-12 16:00:00,8
15.76351115,-19.14408976,LA1,2009-08-12,04:20:00 PM,16:20:00,Cold-Dry,2009-08-12 16:20:00,8
15.7630839,-19.14424845,LA1,2009-08-12,04:40:00 PM,16:40:00,Cold-Dry,2009-08-12 16:40:00,8
15.76299845,-19.14427694,LA1,2009-08-12,05:00:00 PM,17:00:00,Cold-Dry,2009-08-12 17:00:00,8
15.76213786,-19.14331055,LA1,2009-08-12,05:20:00 PM,17:20:00,Cold-Dry,2009-08-12 17:20:00,8
15.76253459,-19.14257406,LA1,2009-08-12,05:40:00 PM,17:40:00,Cold-Dry,2009-08-12 17:40:00,8
15.76254883,-19.14234009,LA1,2009-08-12,06:00:00 PM,18:00:00,Cold-Dry,2009-08-12 18:00:00,8
15.7626241,-19.14163615,LA1,2009-08-12,06:20:00 PM,18:20:00,Cold-Dry,2009-08-12 18:20:00,8
15.76260885,-19.14137166,LA1,2009-08-12,06:40:00 PM,18:40:00,Cold-Dry,2009-08-12 18:40:00,8
15.76195984,-19.14128418,LA1,2009-08-12,07:00:00 PM,19:00:00,Cold-Dry,2009-08-12 19:00:00,8
15.7616333,-19.14087524,LA1,2009-08-12,07:20:00 PM,19:20:00,Cold-Dry,2009-08-12 19:20:00,8
15.76134644,-19.14044189,LA1,2009-08-12,07:40:00 PM,19:40:00,Cold-Dry,2009-08-12 19:40:00,8
15.76110433,-19.14054565,LA1,2009-08-12,08:00:00 PM,20:00:00,Cold-Dry,2009-08-12 20:00:00,8
15.76060282,-19.14098918,LA1,2009-08-12,08:20:00 PM,20:20:00,Cold-Dry,2009-08-12 20:20:00,8
15.76054688,-19.14112752,LA1,2009-08-12,08:40:00 PM,20:40:00,Cold-Dry,2009-08-12 20:40:00,8
15.76059774,-19.14108276,LA1,2009-08-12,09:00:00 PM,21:00:00,Cold-Dry,2009-08-12 21:00:00,8
15.76060689,-19.14109701,LA1,2009-08-12,09:20:00 PM,21:20:00,Cold-Dry,2009-08-12 21:20:00,8
15.76061096,-19.14111328,LA1,2009-08-12,09:40:00 PM,21:40:00,Cold-Dry,2009-08-12 21:40:00,8
15.76059367,-19.14113566,LA1,2009-08-12,10:00:00 PM,22:00:00,Cold-Dry,2009-08-12 22:00:00,8
15.76067505,-19.14107463,LA1,2009-08-12,10:20:00 PM,22:20:00,Cold-Dry,2009-08-12 22:20:00,8
15.76057231,-19.1411438,LA1,2009-08-12,10:40:00 PM,22:40:00,Cold-Dry,2009-08-12 22:40:00,8
15.76060384,-19.14101359,LA1,2009-08-12,11:00:00 PM,23:00:00,Cold-Dry,2009-08-12 23:00:00,8
15.76048584,-19.14111938,LA1,2009-08-12,11:20:00 PM,23:20:00,Cold-Dry,2009-08-12 23:20:00,8
15.76064453,-19.14086507,LA1,2009-08-12,11:40:00 PM,23:40:00,Cold-Dry,2009-08-12 23:40:00,8
15.760672,-19.1403422,LA1,2009-08-13,12:00:48 AM,00:00:00,Cold-Dry,2009-08-13 00:00:00,8
15.76088257,-19.14000854,LA1,2009-08-13,12:20:49 AM,00:20:00,Cold-Dry,2009-08-13 00:20:00,8
15.7609019,-19.13994751,LA1,2009-08-13,12:40:48 AM,00:40:00,Cold-Dry,2009-08-13 00:40:00,8
15.7608846,-19.13949178,LA1,2009-08-13,01:00:48 AM,01:00:00,Cold-Dry,2009-08-13 01:00:00,8
15.76042277,-19.13913167,LA1,2009-08-13,01:20:48 AM,01:20:00,Cold-Dry,2009-08-13 01:20:00,8
15.75942078,-19.13801066,LA1,2009-08-13,01:40:48 AM,01:40:00,Cold-Dry,2009-08-13 01:40:00,8
15.75933126,-19.13794759,LA1,2009-08-13,02:00:48 AM,02:00:00,Cold-Dry,2009-08-13 02:00:00,8
15.75916036,-19.13780721,LA1,2009-08-13,02:20:48 AM,02:20:00,Cold-Dry,2009-08-13 02:20:00,8
15.7590861,-19.13770142,LA1,2009-08-13,02:40:48 AM,02:40:00,Cold-Dry,2009-08-13 02:40:00,8
15.75901286,-19.13760376,LA1,2009-08-13,03:00:48 AM,03:00:00,Cold-Dry,2009-08-13 03:00:00,8
15.75898641,-19.13817342,LA1,2009-08-13,03:20:48 AM,03:20:00,Cold-Dry,2009-08-13 03:20:00,8
15.75908915,-19.13837891,LA1,2009-08-13,03:40:48 AM,03:40:00,Cold-Dry,2009-08-13 03:40:00,8
15.75917155,-19.1383728,LA1,2009-08-13,04:00:58 AM,04:00:00,Cold-Dry,2009-08-13 04:00:00,8
15.75927531,-19.13850098,LA1,2009-08-13,04:20:48 AM,04:20:00,Cold-Dry,2009-08-13 04:20:00,8
15.75907796,-19.1384318,LA1,2009-08-13,04:40:48 AM,04:40:00,Cold-Dry,2009-08-13 04:40:00,8
15.75917358,-19.13844401,LA1,2009-08-13,05:00:48 AM,05:00:00,Cold-Dry,2009-08-13 05:00:00,8
15.75978495,-19.13759359,LA1,2009-08-13,05:20:48 AM,05:20:00,Cold-Dry,2009-08-13 05:20:00,8
15.76369527,-19.13663127,LA1,2009-08-13,05:40:48 AM,05:40:00,Cold-Dry,2009-08-13 05:40:00,8
15.76608988,-19.13507284,LA1,2009-08-13,06:00:48 AM,06:00:00,Cold-Dry,2009-08-13 06:00:00,8
15.76593933,-19.13441772,LA1,2009-08-13,06:20:48 AM,06:20:00,Cold-Dry,2009-08-13 06:20:00,8
15.76526082,-19.13324788,LA1,2009-08-13,06:40:48 AM,06:40:00,Cold-Dry,2009-08-13 06:40:00,8
15.76559347,-19.13293254,LA1,2009-08-13,07:00:48 AM,07:00:00,Cold-Dry,2009-08-13 07:00:00,8
15.76496379,-19.13222249,LA1,2009-08-13,07:20:48 AM,07:20:00,Cold-Dry,2009-08-13 07:20:00,8
15.76496175,-19.13217977,LA1,2009-08-13,07:40:48 AM,07:40:00,Cold-Dry,2009-08-13 07:40:00,8
15.76498006,-19.13219604,LA1,2009-08-13,08:00:48 AM,08:00:00,Cold-Dry,2009-08-13 08:00:00,8
15.76493022,-19.13220215,LA1,2009-08-13,08:20:48 AM,08:20:00,Cold-Dry,2009-08-13 08:20:00,8
15.7649231,-19.13196208,LA1,2009-08-13,08:40:48 AM,08:40:00,Cold-Dry,2009-08-13 08:40:00,8
15.7648641,-19.13163045,LA1,2009-08-13,09:00:48 AM,09:00:00,Cold-Dry,2009-08-13 09:00:00,8
15.7647939,-19.13077799,LA1,2009-08-13,09:20:48 AM,09:20:00,Cold-Dry,2009-08-13 09:20:00,8
15.76478271,-19.13088582,LA1,2009-08-13,09:40:48 AM,09:40:00,Cold-Dry,2009-08-13 09:40:00,8
15.76478475,-19.13080851,LA1,2009-08-13,10:00:48 AM,10:00:00,Cold-Dry,2009-08-13 10:00:00,8
15.76478373,-19.13082682,LA1,2009-08-13,10:20:48 AM,10:20:00,Cold-Dry,2009-08-13 10:20:00,8
15.76478068,-19.13083903,LA1,2009-08-13,10:40:48 AM,10:40:00,Cold-Dry,2009-08-13 10:40:00,8
15.76481323,-19.13079834,LA1,2009-08-13,11:00:48 AM,11:00:00,Cold-Dry,2009-08-13 11:00:00,8
15.76483154,-19.13081665,LA1,2009-08-13,11:20:48 AM,11:20:00,Cold-Dry,2009-08-13 11:20:00,8
15.76484172,-19.13084513,LA1,2009-08-13,11:40:48 AM,11:40:00,Cold-Dry,2009-08-13 11:40:00,8
15.7648112,-19.13082479,LA1,2009-08-13,12:00:48 PM,12:00:00,Cold-Dry,2009-08-13 12:00:00,8
15.76479899,-19.13083496,LA1,2009-08-13,12:20:49 PM,12:20:00,Cold-Dry,2009-08-13 12:20:00,8
15.76511739,-19.13072306,LA1,2009-08-13,12:40:48 PM,12:40:00,Cold-Dry,2009-08-13 12:40:00,8
15.76690267,-19.13059082,LA1,2009-08-13,01:00:48 PM,13:00:00,Cold-Dry,2009-08-13 13:00:00,8
15.76853943,-19.13082275,LA1,2009-08-13,01:20:48 PM,13:20:00,Cold-Dry,2009-08-13 13:20:00,8
15.76902059,-19.1306193,LA1,2009-08-13,01:40:48 PM,13:40:00,Cold-Dry,2009-08-13 13:40:00,8
15.76960856,-19.13031209,LA1,2009-08-13,02:00:48 PM,14:00:00,Cold-Dry,2009-08-13 14:00:00,8
15.77003377,-19.13017985,LA1,2009-08-13,02:20:48 PM,14:20:00,Cold-Dry,2009-08-13 14:20:00,8
15.77104289,-19.12993571,LA1,2009-08-13,02:40:48 PM,14:40:00,Cold-Dry,2009-08-13 14:40:00,8
15.77427063,-19.13059082,LA1,2009-08-13,03:00:48 PM,15:00:00,Cold-Dry,2009-08-13 15:00:00,8
15.77518616,-19.12964478,LA1,2009-08-13,03:20:48 PM,15:20:00,Cold-Dry,2009-08-13 15:20:00,8
15.7768453,-19.12946574,LA1,2009-08-13,03:40:48 PM,15:40:00,Cold-Dry,2009-08-13 15:40:00,8
15.77707825,-19.13009237,LA1,2009-08-13,04:00:48 PM,16:00:00,Cold-Dry,2009-08-13 16:00:00,8
15.77863464,-19.12912598,LA1,2009-08-13,04:20:48 PM,16:20:00,Cold-Dry,2009-08-13 16:20:00,8
15.78025004,-19.12984823,LA1,2009-08-13,04:40:48 PM,16:40:00,Cold-Dry,2009-08-13 16:40:00,8
15.78165588,-19.13035278,LA1,2009-08-13,05:00:48 PM,17:00:00,Cold-Dry,2009-08-13 17:00:00,8
15.78198242,-19.13023478,LA1,2009-08-13,05:20:48 PM,17:20:00,Cold-Dry,2009-08-13 17:20:00,8
15.78453064,-19.12796224,LA1,2009-08-13,05:40:48 PM,17:40:00,Cold-Dry,2009-08-13 17:40:00,8
15.78696086,-19.12675985,LA1,2009-08-13,06:00:48 PM,18:00:00,Cold-Dry,2009-08-13 18:00:00,8
15.7901652,-19.12656047,LA1,2009-08-13,06:20:48 PM,18:20:00,Cold-Dry,2009-08-13 18:20:00,8
15.7935791,-19.12622884,LA1,2009-08-13,06:40:48 PM,18:40:00,Cold-Dry,2009-08-13 18:40:00,8
15.7938619,-19.12627767,LA1,2009-08-13,07:00:48 PM,19:00:00,Cold-Dry,2009-08-13 19:00:00,8
15.79389038,-19.12628377,LA1,2009-08-13,07:20:48 PM,19:20:00,Cold-Dry,2009-08-13 19:20:00,8
15.79608358,-19.12466024,LA1,2009-08-13,07:40:48 PM,19:40:00,Cold-Dry,2009-08-13 19:40:00,8
15.79848429,-19.12390951,LA1,2009-08-13,08:00:48 PM,20:00:00,Cold-Dry,2009-08-13 20:00:00,8
15.80099996,-19.12379354,LA1,2009-08-13,08:20:48 PM,20:20:00,Cold-Dry,2009-08-13 20:20:00,8
15.8023997,-19.12429606,LA1,2009-08-13,08:40:48 PM,20:40:00,Cold-Dry,2009-08-13 20:40:00,8
15.80304464,-19.12519124,LA1,2009-08-13,09:00:48 PM,21:00:00,Cold-Dry,2009-08-13 21:00:00,8
15.80387166,-19.12526449,LA1,2009-08-13,09:20:48 PM,21:20:00,Cold-Dry,2009-08-13 21:20:00,8
15.80752767,-19.12452799,LA1,2009-08-13,09:40:48 PM,21:40:00,Cold-Dry,2009-08-13 21:40:00,8
15.80820211,-19.12463786,LA1,2009-08-13,10:00:48 PM,22:00:00,Cold-Dry,2009-08-13 22:00:00,8
15.80827128,-19.12494914,LA1,2009-08-13,10:20:48 PM,22:20:00,Cold-Dry,2009-08-13 22:20:00,8
15.80948181,-19.1267863,LA1,2009-08-13,10:40:48 PM,22:40:00,Cold-Dry,2009-08-13 22:40:00,8
15.81137492,-19.12794596,LA1,2009-08-13,11:00:48 PM,23:00:00,Cold-Dry,2009-08-13 23:00:00,8
15.81276652,-19.12869466,LA1,2009-08-13,11:20:48 PM,23:20:00,Cold-Dry,2009-08-13 23:20:00,8
15.81349691,-19.12951457,LA1,2009-08-13,11:40:48 PM,23:40:00,Cold-Dry,2009-08-13 23:40:00,8
15.8133606,-19.12957153,LA1,2009-08-14,12:00:48 AM,00:00:00,Cold-Dry,2009-08-14 00:00:00,8
15.81336466,-19.12952881,LA1,2009-08-14,12:20:49 AM,00:20:00,Cold-Dry,2009-08-14 00:20:00,8
15.81340434,-19.12956543,LA1,2009-08-14,12:40:48 AM,00:40:00,Cold-Dry,2009-08-14 00:40:00,8
15.81340332,-19.12952067,LA1,2009-08-14,01:00:48 AM,01:00:00,Cold-Dry,2009-08-14 01:00:00,8
15.81335958,-19.12954508,LA1,2009-08-14,01:20:48 AM,01:20:00,Cold-Dry,2009-08-14 01:20:00,8
15.81337891,-19.12952881,LA1,2009-08-14,01:40:48 AM,01:40:00,Cold-Dry,2009-08-14 01:40:00,8
15.81340027,-19.12952271,LA1,2009-08-14,02:00:48 AM,02:00:00,Cold-Dry,2009-08-14 02:00:00,8
15.81332804,-19.12963053,LA1,2009-08-14,02:20:48 AM,02:20:00,Cold-Dry,2009-08-14 02:20:00,8
15.81334635,-19.12964071,LA1,2009-08-14,02:40:48 AM,02:40:00,Cold-Dry,2009-08-14 02:40:00,8
15.8133138,-19.12963867,LA1,2009-08-14,03:00:48 AM,03:00:00,Cold-Dry,2009-08-14 03:00:00,8
15.81333211,-19.12964274,LA1,2009-08-14,03:20:48 AM,03:20:00,Cold-Dry,2009-08-14 03:20:00,8
15.81380514,-19.12965902,LA1,2009-08-14,03:40:48 AM,03:40:00,Cold-Dry,2009-08-14 03:40:00,8
15.8142568,-19.13005981,LA1,2009-08-14,04:00:48 AM,04:00:00,Cold-Dry,2009-08-14 04:00:00,8
15.81461385,-19.1301473,LA1,2009-08-14,04:20:48 AM,04:20:00,Cold-Dry,2009-08-14 04:20:00,8
15.81541443,-19.13133748,LA1,2009-08-14,04:40:48 AM,04:40:00,Cold-Dry,2009-08-14 04:40:00,8
15.81554565,-19.13202515,LA1,2009-08-14,05:00:48 AM,05:00:00,Cold-Dry,2009-08-14 05:00:00,8
15.81602885,-19.13243815,LA1,2009-08-14,05:20:48 AM,05:20:00,Cold-Dry,2009-08-14 05:20:00,8
15.8167216,-19.13251953,LA1,2009-08-14,05:40:48 AM,05:40:00,Cold-Dry,2009-08-14 05:40:00,8
15.81919861,-19.13355306,LA1,2009-08-14,06:00:48 AM,06:00:00,Cold-Dry,2009-08-14 06:00:00,8
15.82318115,-19.13555705,LA1,2009-08-14,06:20:48 AM,06:20:00,Cold-Dry,2009-08-14 06:20:00,8
15.82793783,-19.13766479,LA1,2009-08-14,06:40:48 AM,06:40:00,Cold-Dry,2009-08-14 06:40:00,8
15.83122152,-19.1384908,LA1,2009-08-14,07:00:48 AM,07:00:00,Cold-Dry,2009-08-14 07:00:00,8
15.83935649,-19.13895467,LA1,2009-08-14,07:20:48 AM,07:20:00,Cold-Dry,2009-08-14 07:20:00,8
15.84196676,-19.14010417,LA1,2009-08-14,07:40:48 AM,07:40:00,Cold-Dry,2009-08-14 07:40:00,8
15.84476217,-19.14140218,LA1,2009-08-14,08:00:48 AM,08:00:00,Cold-Dry,2009-08-14 08:00:00,8
15.8514211,-19.14611206,LA1,2009-08-14,08:20:48 AM,08:20:00,Cold-Dry,2009-08-14 08:20:00,8
15.85201925,-19.14670003,LA1,2009-08-14,08:40:48 AM,08:40:00,Cold-Dry,2009-08-14 08:40:00,8
15.85622253,-19.14923706,LA1,2009-08-14,09:00:48 AM,09:00:00,Cold-Dry,2009-08-14 09:00:00,8
15.85758158,-19.15030314,LA1,2009-08-14,09:20:48 AM,09:20:00,Cold-Dry,2009-08-14 09:20:00,8
15.85809428,-19.15049438,LA1,2009-08-14,09:40:48 AM,09:40:00,Cold-Dry,2009-08-14 09:40:00,8
15.86059367,-19.15133057,LA1,2009-08-14,10:00:48 AM,10:00:00,Cold-Dry,2009-08-14 10:00:00,8
15.86554769,-19.15481974,LA1,2009-08-14,10:20:48 AM,10:20:00,Cold-Dry,2009-08-14 10:20:00,8
15.87055766,-19.15825602,LA1,2009-08-14,10:40:48 AM,10:40:00,Cold-Dry,2009-08-14 10:40:00,8
15.87845256,-19.16130371,LA1,2009-08-14,11:00:48 AM,11:00:00,Cold-Dry,2009-08-14 11:00:00,8
15.88684082,-19.1646403,LA1,2009-08-14,11:20:48 AM,11:20:00,Cold-Dry,2009-08-14 11:20:00,8
15.89424744,-19.16942342,LA1,2009-08-14,11:40:48 AM,11:40:00,Cold-Dry,2009-08-14 11:40:00,8
15.90059001,-19.17173869,LA1,2009-08-14,12:00:48 PM,12:00:00,Cold-Dry,2009-08-14 12:00:00,8
15.90762431,-19.17534587,LA1,2009-08-14,12:20:49 PM,12:20:00,Cold-Dry,2009-08-14 12:20:00,8
15.91586812,-19.18089396,LA1,2009-08-14,12:40:48 PM,12:40:00,Cold-Dry,2009-08-14 12:40:00,8
15.91588643,-19.18088379,LA1,2009-08-14,01:00:48 PM,13:00:00,Cold-Dry,2009-08-14 13:00:00,8
15.91596781,-19.18090413,LA1,2009-08-14,01:20:48 PM,13:20:00,Cold-Dry,2009-08-14 13:20:00,8
15.91585897,-19.18087362,LA1,2009-08-14,01:40:48 PM,13:40:00,Cold-Dry,2009-08-14 13:40:00,8
15.91584778,-19.18083496,LA1,2009-08-14,02:00:48 PM,14:00:00,Cold-Dry,2009-08-14 14:00:00,8
15.91574707,-19.18079224,LA1,2009-08-14,02:20:48 PM,14:20:00,Cold-Dry,2009-08-14 14:20:00,8
15.915271,-19.18100179,LA1,2009-08-14,02:40:48 PM,14:40:00,Cold-Dry,2009-08-14 14:40:00,8
15.90921733,-19.18019002,LA1,2009-08-14,03:00:48 PM,15:00:00,Cold-Dry,2009-08-14 15:00:00,8
15.90806274,-19.1794047,LA1,2009-08-14,03:20:48 PM,15:20:00,Cold-Dry,2009-08-14 15:20:00,8
15.90278931,-19.17741089,LA1,2009-08-14,03:40:48 PM,15:40:00,Cold-Dry,2009-08-14 15:40:00,8
15.90192261,-19.17732747,LA1,2009-08-14,04:00:48 PM,16:00:00,Cold-Dry,2009-08-14 16:00:00,8
15.90151571,-19.17710775,LA1,2009-08-14,04:20:48 PM,16:20:00,Cold-Dry,2009-08-14 16:20:00,8
15.90081482,-19.17691447,LA1,2009-08-14,04:40:48 PM,16:40:00,Cold-Dry,2009-08-14 16:40:00,8
15.90020142,-19.17683919,LA1,2009-08-14,05:00:48 PM,17:00:00,Cold-Dry,2009-08-14 17:00:00,8
15.8998525,-19.17658895,LA1,2009-08-14,05:20:48 PM,17:20:00,Cold-Dry,2009-08-14 17:20:00,8
15.89590149,-19.17600911,LA1,2009-08-14,05:40:48 PM,17:40:00,Cold-Dry,2009-08-14 17:40:00,8
15.89573771,-19.17495728,LA1,2009-08-14,06:00:48 PM,18:00:00,Cold-Dry,2009-08-14 18:00:00,8
15.89542033,-19.17392985,LA1,2009-08-14,06:20:48 PM,18:20:00,Cold-Dry,2009-08-14 18:20:00,8
15.89284566,-19.16982015,LA1,2009-08-14,06:40:48 PM,18:40:00,Cold-Dry,2009-08-14 18:40:00,8
15.89211528,-19.16706746,LA1,2009-08-14,07:00:48 PM,19:00:00,Cold-Dry,2009-08-14 19:00:00,8
15.89177653,-19.1665507,LA1,2009-08-14,07:20:48 PM,19:20:00,Cold-Dry,2009-08-14 19:20:00,8
15.8914327,-19.16628011,LA1,2009-08-14,07:40:48 PM,19:40:00,Cold-Dry,2009-08-14 19:40:00,8
15.89120585,-19.1659668,LA1,2009-08-14,08:00:48 PM,20:00:00,Cold-Dry,2009-08-14 20:00:00,8
15.88859151,-19.16493734,LA1,2009-08-14,08:20:48 PM,20:20:00,Cold-Dry,2009-08-14 20:20:00,8
15.88781433,-19.16471558,LA1,2009-08-14,08:40:48 PM,20:40:00,Cold-Dry,2009-08-14 20:40:00,8
15.88753052,-19.16464233,LA1,2009-08-14,09:00:48 PM,21:00:00,Cold-Dry,2009-08-14 21:00:00,8
15.88559265,-19.16416626,LA1,2009-08-14,09:20:48 PM,21:20:00,Cold-Dry,2009-08-14 21:20:00,8
15.88294576,-19.16204834,LA1,2009-08-14,09:40:48 PM,21:40:00,Cold-Dry,2009-08-14 21:40:00,8
15.88239034,-19.16042887,LA1,2009-08-14,10:00:48 PM,22:00:00,Cold-Dry,2009-08-14 22:00:00,8
15.88238932,-19.16042277,LA1,2009-08-14,10:20:48 PM,22:20:00,Cold-Dry,2009-08-14 22:20:00,8
15.88193766,-19.15916138,LA1,2009-08-14,10:40:48 PM,22:40:00,Cold-Dry,2009-08-14 22:40:00,8
15.88169352,-19.15847982,LA1,2009-08-14,11:00:48 PM,23:00:00,Cold-Dry,2009-08-14 23:00:00,8
15.88177694,-19.15834351,LA1,2009-08-14,11:20:49 PM,23:20:00,Cold-Dry,2009-08-14 23:20:00,8
15.88167521,-19.15836995,LA1,2009-08-14,11:40:48 PM,23:40:00,Cold-Dry,2009-08-14 23:40:00,8
15.88174744,-19.15831706,LA1,2009-08-15,12:00:48 AM,00:00:00,Cold-Dry,2009-08-15 00:00:00,8
15.88175761,-19.15832316,LA1,2009-08-15,12:20:49 AM,00:20:00,Cold-Dry,2009-08-15 00:20:00,8
15.88174032,-19.15832113,LA1,2009-08-15,12:40:48 AM,00:40:00,Cold-Dry,2009-08-15 00:40:00,8
15.88169149,-19.15834554,LA1,2009-08-15,01:00:48 AM,01:00:00,Cold-Dry,2009-08-15 01:00:00,8
15.88167928,-19.15837199,LA1,2009-08-15,01:20:48 AM,01:20:00,Cold-Dry,2009-08-15 01:20:00,8
15.88168233,-19.15836995,LA1,2009-08-15,01:40:48 AM,01:40:00,Cold-Dry,2009-08-15 01:40:00,8
15.88101807,-19.15755005,LA1,2009-08-15,02:00:48 AM,02:00:00,Cold-Dry,2009-08-15 02:00:00,8
15.88087158,-19.15741374,LA1,2009-08-15,02:20:48 AM,02:20:00,Cold-Dry,2009-08-15 02:20:00,8
15.88082784,-19.15740967,LA1,2009-08-15,02:40:48 AM,02:40:00,Cold-Dry,2009-08-15 02:40:00,8
15.88047587,-19.15734863,LA1,2009-08-15,03:00:48 AM,03:00:00,Cold-Dry,2009-08-15 03:00:00,8
15.87974854,-19.15710653,LA1,2009-08-15,03:20:48 AM,03:20:00,Cold-Dry,2009-08-15 03:20:00,8
15.87945862,-19.15670166,LA1,2009-08-15,03:40:48 AM,03:40:00,Cold-Dry,2009-08-15 03:40:00,8
15.87938741,-19.1565389,LA1,2009-08-15,04:00:48 AM,04:00:00,Cold-Dry,2009-08-15 04:00:00,8
15.87926127,-19.156486,LA1,2009-08-15,04:20:48 AM,04:20:00,Cold-Dry,2009-08-15 04:20:00,8
15.87910665,-19.15650024,LA1,2009-08-15,04:40:48 AM,04:40:00,Cold-Dry,2009-08-15 04:40:00,8
15.87885234,-19.15651042,LA1,2009-08-15,05:00:48 AM,05:00:00,Cold-Dry,2009-08-15 05:00:00,8
15.87879333,-19.15708211,LA1,2009-08-15,05:20:48 AM,05:20:00,Cold-Dry,2009-08-15 05:20:00,8
15.87810262,-19.15767415,LA1,2009-08-15,05:40:48 AM,05:40:00,Cold-Dry,2009-08-15 05:40:00,8
15.87751668,-19.15792033,LA1,2009-08-15,06:00:48 AM,06:00:00,Cold-Dry,2009-08-15 06:00:00,8
15.87693787,-19.15788167,LA1,2009-08-15,06:20:48 AM,06:20:00,Cold-Dry,2009-08-15 06:20:00,8
15.8761556,-19.15720825,LA1,2009-08-15,06:40:48 AM,06:40:00,Cold-Dry,2009-08-15 06:40:00,8
15.87511495,-19.15658773,LA1,2009-08-15,07:00:48 AM,07:00:00,Cold-Dry,2009-08-15 07:00:00,8
15.87381185,-19.15565999,LA1,2009-08-15,07:20:48 AM,07:20:00,Cold-Dry,2009-08-15 07:20:00,8
15.87406921,-19.15549723,LA1,2009-08-15,07:40:48 AM,07:40:00,Cold-Dry,2009-08-15 07:40:00,8
15.87428284,-19.15520426,LA1,2009-08-15,08:00:48 AM,08:00:00,Cold-Dry,2009-08-15 08:00:00,8
15.87463989,-19.15397542,LA1,2009-08-15,08:20:48 AM,08:20:00,Cold-Dry,2009-08-15 08:20:00,8
15.874823,-19.15265299,LA1,2009-08-15,08:40:48 AM,08:40:00,Cold-Dry,2009-08-15 08:40:00,8
15.87526652,-19.15209757,LA1,2009-08-15,09:00:48 AM,09:00:00,Cold-Dry,2009-08-15 09:00:00,8
15.87599691,-19.15195516,LA1,2009-08-15,09:20:48 AM,09:20:00,Cold-Dry,2009-08-15 09:20:00,8
15.87760315,-19.15248413,LA1,2009-08-15,09:40:48 AM,09:40:00,Cold-Dry,2009-08-15 09:40:00,8
15.88052877,-19.15231323,LA1,2009-08-15,10:00:48 AM,10:00:00,Cold-Dry,2009-08-15 10:00:00,8
15.88152262,-19.15215861,LA1,2009-08-15,10:20:48 AM,10:20:00,Cold-Dry,2009-08-15 10:20:00,8
15.88150736,-19.15215454,LA1,2009-08-15,10:40:49 AM,10:40:00,Cold-Dry,2009-08-15 10:40:00,8
15.88154093,-19.15214437,LA1,2009-08-15,11:00:48 AM,11:00:00,Cold-Dry,2009-08-15 11:00:00,8
15.881545,-19.15216471,LA1,2009-08-15,11:20:48 AM,11:20:00,Cold-Dry,2009-08-15 11:20:00,8
15.88162231,-19.15217896,LA1,2009-08-15,11:40:48 AM,11:40:00,Cold-Dry,2009-08-15 11:40:00,8
15.88240255,-19.15224202,LA1,2009-08-15,12:00:48 PM,12:00:00,Cold-Dry,2009-08-15 12:00:00,8
15.88260905,-19.15269979,LA1,2009-08-15,12:20:49 PM,12:20:00,Cold-Dry,2009-08-15 12:20:00,8
15.88296204,-19.15321248,LA1,2009-08-15,12:40:48 PM,12:40:00,Cold-Dry,2009-08-15 12:40:00,8
15.88370565,-19.15251668,LA1,2009-08-15,01:00:48 PM,13:00:00,Cold-Dry,2009-08-15 13:00:00,8
15.88373006,-19.15251668,LA1,2009-08-15,01:20:48 PM,13:20:00,Cold-Dry,2009-08-15 13:20:00,8
15.88371582,-19.15251261,LA1,2009-08-15,01:40:48 PM,13:40:00,Cold-Dry,2009-08-15 13:40:00,8
15.88376261,-19.1525411,LA1,2009-08-15,02:00:48 PM,14:00:00,Cold-Dry,2009-08-15 14:00:00,8
15.88375956,-19.15254313,LA1,2009-08-15,02:20:48 PM,14:20:00,Cold-Dry,2009-08-15 14:20:00,8
15.88373515,-19.15253092,LA1,2009-08-15,02:40:48 PM,14:40:00,Cold-Dry,2009-08-15 14:40:00,8
15.88465576,-19.15246175,LA1,2009-08-15,03:00:48 PM,15:00:00,Cold-Dry,2009-08-15 15:00:00,8
15.88504842,-19.15224813,LA1,2009-08-15,03:20:48 PM,15:20:00,Cold-Dry,2009-08-15 15:20:00,8
15.88547465,-19.15233968,LA1,2009-08-15,03:40:48 PM,15:40:00,Cold-Dry,2009-08-15 15:40:00,8
15.88622335,-19.15236206,LA1,2009-08-15,04:00:48 PM,16:00:00,Cold-Dry,2009-08-15 16:00:00,8
15.88862508,-19.15300903,LA1,2009-08-15,04:20:48 PM,16:20:00,Cold-Dry,2009-08-15 16:20:00,8
15.88945007,-19.15296021,LA1,2009-08-15,04:40:48 PM,16:40:00,Cold-Dry,2009-08-15 16:40:00,8
15.89056498,-19.15297445,LA1,2009-08-15,05:00:48 PM,17:00:00,Cold-Dry,2009-08-15 17:00:00,8
15.89153341,-19.15313924,LA1,2009-08-15,05:20:48 PM,17:20:00,Cold-Dry,2009-08-15 17:20:00,8
15.89078776,-19.15255127,LA1,2009-08-15,05:40:48 PM,17:40:00,Cold-Dry,2009-08-15 17:40:00,8
15.89044393,-19.15282796,LA1,2009-08-15,06:00:48 PM,18:00:00,Cold-Dry,2009-08-15 18:00:00,8
15.89073588,-19.15433553,LA1,2009-08-15,06:20:48 PM,18:20:00,Cold-Dry,2009-08-15 18:20:00,8
15.8910909,-19.15466309,LA1,2009-08-15,06:40:48 PM,18:40:00,Cold-Dry,2009-08-15 18:40:00,8
15.89232788,-19.15622762,LA1,2009-08-15,07:00:48 PM,19:00:00,Cold-Dry,2009-08-15 19:00:00,8
15.89476725,-19.15931193,LA1,2009-08-15,07:20:48 PM,19:20:00,Cold-Dry,2009-08-15 19:20:00,8
15.89550069,-19.15952148,LA1,2009-08-15,07:40:48 PM,19:40:00,Cold-Dry,2009-08-15 19:40:00,8
15.89733988,-19.16137288,LA1,2009-08-15,08:00:48 PM,20:00:00,Cold-Dry,2009-08-15 20:00:00,8
15.89852498,-19.16263835,LA1,2009-08-15,08:20:49 PM,20:20:00,Cold-Dry,2009-08-15 20:20:00,8
15.89886576,-19.16284383,LA1,2009-08-15,08:40:48 PM,20:40:00,Cold-Dry,2009-08-15 20:40:00,8
15.89986064,-19.16397705,LA1,2009-08-15,09:00:48 PM,21:00:00,Cold-Dry,2009-08-15 21:00:00,8
15.90207723,-19.16714884,LA1,2009-08-15,09:20:48 PM,21:20:00,Cold-Dry,2009-08-15 21:20:00,8
15.90279948,-19.16773478,LA1,2009-08-15,09:40:48 PM,21:40:00,Cold-Dry,2009-08-15 21:40:00,8
15.90504557,-19.17072144,LA1,2009-08-15,10:00:48 PM,22:00:00,Cold-Dry,2009-08-15 22:00:00,8
15.91012166,-19.17508748,LA1,2009-08-15,10:20:48 PM,22:20:00,Cold-Dry,2009-08-15 22:20:00,8
15.91430562,-19.1797526,LA1,2009-08-15,10:40:48 PM,22:40:00,Cold-Dry,2009-08-15 22:40:00,8
15.91595764,-19.18089803,LA1,2009-08-15,11:00:48 PM,23:00:00,Cold-Dry,2009-08-15 23:00:00,8
15.91571859,-19.18070882,LA1,2009-08-15,11:20:48 PM,23:20:00,Cold-Dry,2009-08-15 23:20:00,8
15.91308492,-19.18075765,LA1,2009-08-15,11:40:48 PM,23:40:00,Cold-Dry,2009-08-15 23:40:00,8
15.90550435,-19.17831217,LA1,2009-08-16,12:00:48 AM,00:00:00,Cold-Dry,2009-08-16 00:00:00,8
15.90134277,-19.17634888,LA1,2009-08-16,12:20:48 AM,00:20:00,Cold-Dry,2009-08-16 00:20:00,8
15.89976298,-19.17595215,LA1,2009-08-16,12:40:48 AM,00:40:00,Cold-Dry,2009-08-16 00:40:00,8
15.89927877,-19.17569987,LA1,2009-08-16,01:00:48 AM,01:00:00,Cold-Dry,2009-08-16 01:00:00,8
15.89825745,-19.17531331,LA1,2009-08-16,01:20:48 AM,01:20:00,Cold-Dry,2009-08-16 01:20:00,8
15.8968221,-19.1744161,LA1,2009-08-16,01:40:48 AM,01:40:00,Cold-Dry,2009-08-16 01:40:00,8
15.89675598,-19.17437541,LA1,2009-08-16,02:00:48 AM,02:00:00,Cold-Dry,2009-08-16 02:00:00,8
15.89595133,-19.17413127,LA1,2009-08-16,02:20:48 AM,02:20:00,Cold-Dry,2009-08-16 02:20:00,8
15.89503276,-19.17349447,LA1,2009-08-16,02:40:48 AM,02:40:00,Cold-Dry,2009-08-16 02:40:00,8
15.89486898,-19.17339884,LA1,2009-08-16,03:00:48 AM,03:00:00,Cold-Dry,2009-08-16 03:00:00,8
15.89483541,-19.17337646,LA1,2009-08-16,03:20:48 AM,03:20:00,Cold-Dry,2009-08-16 03:20:00,8
15.89486796,-19.17337036,LA1,2009-08-16,03:40:48 AM,03:40:00,Cold-Dry,2009-08-16 03:40:00,8
15.89495341,-19.17344767,LA1,2009-08-16,04:00:48 AM,04:00:00,Cold-Dry,2009-08-16 04:00:00,8
15.89487406,-19.17341105,LA1,2009-08-16,04:20:48 AM,04:20:00,Cold-Dry,2009-08-16 04:20:00,8
15.8949117,-19.17342122,LA1,2009-08-16,04:40:48 AM,04:40:00,Cold-Dry,2009-08-16 04:40:00,8
15.89493917,-19.17340088,LA1,2009-08-16,05:00:48 AM,05:00:00,Cold-Dry,2009-08-16 05:00:00,8
15.89496358,-19.17337443,LA1,2009-08-16,05:20:48 AM,05:20:00,Cold-Dry,2009-08-16 05:20:00,8
15.8950236,-19.17318929,LA1,2009-08-16,05:40:48 AM,05:40:00,Cold-Dry,2009-08-16 05:40:00,8
15.89524638,-19.17312419,LA1,2009-08-16,06:00:48 AM,06:00:00,Cold-Dry,2009-08-16 06:00:00,8
15.89568481,-19.17312215,LA1,2009-08-16,06:20:48 AM,06:20:00,Cold-Dry,2009-08-16 06:20:00,8
15.89605916,-19.17307943,LA1,2009-08-16,06:40:48 AM,06:40:00,Cold-Dry,2009-08-16 06:40:00,8
15.89637349,-19.17306722,LA1,2009-08-16,07:00:48 AM,07:00:00,Cold-Dry,2009-08-16 07:00:00,8
15.89669596,-19.17270101,LA1,2009-08-16,07:20:48 AM,07:20:00,Cold-Dry,2009-08-16 07:20:00,8
15.89713338,-19.17340902,LA1,2009-08-16,07:40:48 AM,07:40:00,Cold-Dry,2009-08-16 07:40:00,8
15.89734294,-19.17344767,LA1,2009-08-16,08:00:48 AM,08:00:00,Cold-Dry,2009-08-16 08:00:00,8
15.89749044,-19.17338867,LA1,2009-08-16,08:20:48 AM,08:20:00,Cold-Dry,2009-08-16 08:20:00,8
15.89766947,-19.17328898,LA1,2009-08-16,08:40:48 AM,08:40:00,Cold-Dry,2009-08-16 08:40:00,8
15.89842326,-19.1737325,LA1,2009-08-16,09:00:48 AM,09:00:00,Cold-Dry,2009-08-16 09:00:00,8
15.89877421,-19.17335815,LA1,2009-08-16,09:20:48 AM,09:20:00,Cold-Dry,2009-08-16 09:20:00,8
15.89873352,-19.17298177,LA1,2009-08-16,09:40:48 AM,09:40:00,Cold-Dry,2009-08-16 09:40:00,8
15.89885457,-19.17239787,LA1,2009-08-16,10:00:48 AM,10:00:00,Cold-Dry,2009-08-16 10:00:00,8
15.89904175,-19.17228394,LA1,2009-08-16,10:20:48 AM,10:20:00,Cold-Dry,2009-08-16 10:20:00,8
15.89961243,-19.17195638,LA1,2009-08-16,10:40:48 AM,10:40:00,Cold-Dry,2009-08-16 10:40:00,8
15.89981384,-19.17166341,LA1,2009-08-16,11:00:48 AM,11:00:00,Cold-Dry,2009-08-16 11:00:00,8
15.90004374,-19.17128296,LA1,2009-08-16,11:20:48 AM,11:20:00,Cold-Dry,2009-08-16 11:20:00,8
15.90004883,-19.17127279,LA1,2009-08-16,11:40:48 AM,11:40:00,Cold-Dry,2009-08-16 11:40:00,8
15.90007222,-19.17126668,LA1,2009-08-16,12:00:48 PM,12:00:00,Cold-Dry,2009-08-16 12:00:00,8
15.90008138,-19.17128703,LA1,2009-08-16,12:20:48 PM,12:20:00,Cold-Dry,2009-08-16 12:20:00,8
15.9007782,-19.17145182,LA1,2009-08-16,12:40:48 PM,12:40:00,Cold-Dry,2009-08-16 12:40:00,8
15.90317281,-19.17274984,LA1,2009-08-16,01:00:48 PM,13:00:00,Cold-Dry,2009-08-16 13:00:00,8
15.90383403,-19.17267049,LA1,2009-08-16,01:20:48 PM,13:20:00,Cold-Dry,2009-08-16 13:20:00,8
15.90779419,-19.1730306,LA1,2009-08-16,01:40:48 PM,13:40:00,Cold-Dry,2009-08-16 13:40:00,8
15.91170247,-19.17602946,LA1,2009-08-16,02:00:48 PM,14:00:00,Cold-Dry,2009-08-16 14:00:00,8
15.91589254,-19.18086955,LA1,2009-08-16,02:20:48 PM,14:20:00,Cold-Dry,2009-08-16 14:20:00,8
15.91489054,-19.18104248,LA1,2009-08-16,02:40:48 PM,14:40:00,Cold-Dry,2009-08-16 14:40:00,8
15.90995789,-19.17848714,LA1,2009-08-16,03:00:48 PM,15:00:00,Cold-Dry,2009-08-16 15:00:00,8
15.90495911,-19.17818197,LA1,2009-08-16,03:20:48 PM,15:20:00,Cold-Dry,2009-08-16 15:20:00,8
15.90013021,-19.1762085,LA1,2009-08-16,03:40:48 PM,15:40:00,Cold-Dry,2009-08-16 15:40:00,8
15.89505514,-19.17652181,LA1,2009-08-16,04:00:48 PM,16:00:00,Cold-Dry,2009-08-16 16:00:00,8
15.89063314,-19.17592367,LA1,2009-08-16,04:20:48 PM,16:20:00,Cold-Dry,2009-08-16 16:20:00,8
15.88800659,-19.17531128,LA1,2009-08-16,04:40:48 PM,16:40:00,Cold-Dry,2009-08-16 16:40:00,8
15.88253784,-19.17376099,LA1,2009-08-16,05:00:48 PM,17:00:00,Cold-Dry,2009-08-16 17:00:00,8
15.87628377,-19.17224121,LA1,2009-08-16,05:20:48 PM,17:20:00,Cold-Dry,2009-08-16 17:20:00,8
15.87007141,-19.16977946,LA1,2009-08-16,05:40:48 PM,17:40:00,Cold-Dry,2009-08-16 17:40:00,8
15.8696757,-19.16905721,LA1,2009-08-16,06:00:48 PM,18:00:00,Cold-Dry,2009-08-16 18:00:00,8
15.86861979,-19.16896973,LA1,2009-08-16,06:20:48 PM,18:20:00,Cold-Dry,2009-08-16 18:20:00,8
15.8677063,-19.16880697,LA1,2009-08-16,06:40:48 PM,18:40:00,Cold-Dry,2009-08-16 18:40:00,8
15.866038,-19.16854655,LA1,2009-08-16,07:00:48 PM,19:00:00,Cold-Dry,2009-08-16 19:00:00,8
15.86349792,-19.1671875,LA1,2009-08-16,07:20:49 PM,19:20:00,Cold-Dry,2009-08-16 19:20:00,8
15.86233012,-19.16668091,LA1,2009-08-16,07:40:48 PM,19:40:00,Cold-Dry,2009-08-16 19:40:00,8
15.8575826,-19.1647644,LA1,2009-08-16,08:00:48 PM,20:00:00,Cold-Dry,2009-08-16 20:00:00,8
15.8540507,-19.16411336,LA1,2009-08-16,08:20:48 PM,20:20:00,Cold-Dry,2009-08-16 20:20:00,8
15.85079549,-19.16309204,LA1,2009-08-16,08:40:48 PM,20:40:00,Cold-Dry,2009-08-16 20:40:00,8
15.84675903,-19.16137695,LA1,2009-08-16,09:00:48 PM,21:00:00,Cold-Dry,2009-08-16 21:00:00,8
15.84102478,-19.16014608,LA1,2009-08-16,09:20:48 PM,21:20:00,Cold-Dry,2009-08-16 21:20:00,8
15.83980103,-19.15955404,LA1,2009-08-16,09:40:48 PM,21:40:00,Cold-Dry,2009-08-16 21:40:00,8
15.83528646,-19.15853475,LA1,2009-08-16,10:00:48 PM,22:00:00,Cold-Dry,2009-08-16 22:00:00,8
15.8322052,-19.15652669,LA1,2009-08-16,10:20:48 PM,22:20:00,Cold-Dry,2009-08-16 22:20:00,8
15.83120931,-19.15545451,LA1,2009-08-16,10:40:48 PM,22:40:00,Cold-Dry,2009-08-16 22:40:00,8
15.82928467,-19.15467326,LA1,2009-08-16,11:00:48 PM,23:00:00,Cold-Dry,2009-08-16 23:00:00,8
15.82905172,-19.15431112,LA1,2009-08-16,11:20:48 PM,23:20:00,Cold-Dry,2009-08-16 23:20:00,8
15.82897644,-19.15428467,LA1,2009-08-16,11:40:48 PM,23:40:00,Cold-Dry,2009-08-16 23:40:00,8
15.82899475,-19.15407511,LA1,2009-08-17,12:00:48 AM,00:00:00,Cold-Dry,2009-08-17 00:00:00,8
15.82862345,-19.15403442,LA1,2009-08-17,12:20:49 AM,00:20:00,Cold-Dry,2009-08-17 00:20:00,8
15.82752177,-19.15321248,LA1,2009-08-17,12:40:48 AM,00:40:00,Cold-Dry,2009-08-17 00:40:00,8
15.8270874,-19.15286458,LA1,2009-08-17,01:00:48 AM,01:00:00,Cold-Dry,2009-08-17 01:00:00,8
15.826887,-19.15263265,LA1,2009-08-17,01:20:48 AM,01:20:00,Cold-Dry,2009-08-17 01:20:00,8
15.82542928,-19.15116984,LA1,2009-08-17,01:40:48 AM,01:40:00,Cold-Dry,2009-08-17 01:40:00,8
15.82496745,-19.15089315,LA1,2009-08-17,02:00:48 AM,02:00:00,Cold-Dry,2009-08-17 02:00:00,8
15.82440084,-19.15065104,LA1,2009-08-17,02:20:48 AM,02:20:00,Cold-Dry,2009-08-17 02:20:00,8
15.82436218,-19.15059611,LA1,2009-08-17,02:40:48 AM,02:40:00,Cold-Dry,2009-08-17 02:40:00,8
15.82440694,-19.15062052,LA1,2009-08-17,03:00:48 AM,03:00:00,Cold-Dry,2009-08-17 03:00:00,8
15.82401937,-19.15108439,LA1,2009-08-17,03:20:48 AM,03:20:00,Cold-Dry,2009-08-17 03:20:00,8
15.82338562,-19.15166016,LA1,2009-08-17,03:40:48 AM,03:40:00,Cold-Dry,2009-08-17 03:40:00,8
15.82342529,-19.15165812,LA1,2009-08-17,04:00:48 AM,04:00:00,Cold-Dry,2009-08-17 04:00:00,8
15.82337341,-19.15164388,LA1,2009-08-17,04:20:48 AM,04:20:00,Cold-Dry,2009-08-17 04:20:00,8
15.82336629,-19.15166219,LA1,2009-08-17,04:40:48 AM,04:40:00,Cold-Dry,2009-08-17 04:40:00,8
15.82340597,-19.15165812,LA1,2009-08-17,05:00:48 AM,05:00:00,Cold-Dry,2009-08-17 05:00:00,8
15.8233724,-19.15145264,LA1,2009-08-17,05:20:48 AM,05:20:00,Cold-Dry,2009-08-17 05:20:00,8
15.82238566,-19.15064901,LA1,2009-08-17,05:40:48 AM,05:40:00,Cold-Dry,2009-08-17 05:40:00,8
15.82238464,-19.15066732,LA1,2009-08-17,06:00:48 AM,06:00:00,Cold-Dry,2009-08-17 06:00:00,8
15.82176819,-19.15035604,LA1,2009-08-17,06:20:48 AM,06:20:00,Cold-Dry,2009-08-17 06:20:00,8
15.82083232,-19.14990438,LA1,2009-08-17,06:40:48 AM,06:40:00,Cold-Dry,2009-08-17 06:40:00,8
15.82008565,-19.14944865,LA1,2009-08-17,07:00:48 AM,07:00:00,Cold-Dry,2009-08-17 07:00:00,8
15.81872152,-19.14746908,LA1,2009-08-17,07:20:48 AM,07:20:00,Cold-Dry,2009-08-17 07:20:00,8
15.81850789,-19.14712321,LA1,2009-08-17,07:40:48 AM,07:40:00,Cold-Dry,2009-08-17 07:40:00,8
15.81783854,-19.14621989,LA1,2009-08-17,08:00:48 AM,08:00:00,Cold-Dry,2009-08-17 08:00:00,8
15.81771647,-19.14595744,LA1,2009-08-17,08:20:48 AM,08:20:00,Cold-Dry,2009-08-17 08:20:00,8
15.81769002,-19.14596761,LA1,2009-08-17,08:40:48 AM,08:40:00,Cold-Dry,2009-08-17 08:40:00,8
15.81578267,-19.1447876,LA1,2009-08-17,09:00:48 AM,09:00:00,Cold-Dry,2009-08-17 09:00:00,8
15.81440837,-19.14311523,LA1,2009-08-17,09:20:48 AM,09:20:00,Cold-Dry,2009-08-17 09:20:00,8
15.81390381,-19.14265544,LA1,2009-08-17,09:40:48 AM,09:40:00,Cold-Dry,2009-08-17 09:40:00,8
15.81364644,-19.14263306,LA1,2009-08-17,10:00:48 AM,10:00:00,Cold-Dry,2009-08-17 10:00:00,8
15.8125946,-19.14203898,LA1,2009-08-17,10:20:48 AM,10:20:00,Cold-Dry,2009-08-17 10:20:00,8
15.81079915,-19.14160156,LA1,2009-08-17,10:40:48 AM,10:40:00,Cold-Dry,2009-08-17 10:40:00,8
15.80560913,-19.14078369,LA1,2009-08-17,11:00:48 AM,11:00:00,Cold-Dry,2009-08-17 11:00:00,8
15.8022939,-19.14083252,LA1,2009-08-17,11:20:48 AM,11:20:00,Cold-Dry,2009-08-17 11:20:00,8
15.80196838,-19.14106038,LA1,2009-08-17,11:40:48 AM,11:40:00,Cold-Dry,2009-08-17 11:40:00,8
15.801769,-19.14110311,LA1,2009-08-17,12:00:48 PM,12:00:00,Cold-Dry,2009-08-17 12:00:00,8
15.80178731,-19.14110514,LA1,2009-08-17,12:20:49 PM,12:20:00,Cold-Dry,2009-08-17 12:20:00,8
15.80176595,-19.14109294,LA1,2009-08-17,12:40:48 PM,12:40:00,Cold-Dry,2009-08-17 12:40:00,8
15.80176697,-19.1410909,LA1,2009-08-17,01:00:48 PM,13:00:00,Cold-Dry,2009-08-17 13:00:00,8
15.80177714,-19.1410848,LA1,2009-08-17,01:20:48 PM,13:20:00,Cold-Dry,2009-08-17 13:20:00,8
15.80160116,-19.1410909,LA1,2009-08-17,01:40:48 PM,13:40:00,Cold-Dry,2009-08-17 13:40:00,8
15.8004659,-19.13985799,LA1,2009-08-17,02:00:48 PM,14:00:00,Cold-Dry,2009-08-17 14:00:00,8
15.80042114,-19.13961385,LA1,2009-08-17,02:20:48 PM,14:20:00,Cold-Dry,2009-08-17 14:20:00,8
15.80050557,-19.13757935,LA1,2009-08-17,02:40:48 PM,14:40:00,Cold-Dry,2009-08-17 14:40:00,8
15.80049032,-19.13751017,LA1,2009-08-17,03:00:48 PM,15:00:00,Cold-Dry,2009-08-17 15:00:00,8
15.80048828,-19.13724569,LA1,2009-08-17,03:20:48 PM,15:20:00,Cold-Dry,2009-08-17 15:20:00,8
15.799764,-19.1348938,LA1,2009-08-17,03:40:48 PM,15:40:00,Cold-Dry,2009-08-17 15:40:00,8
15.80014038,-19.13482259,LA1,2009-08-17,04:00:48 PM,16:00:00,Cold-Dry,2009-08-17 16:00:00,8
15.80023905,-19.13494466,LA1,2009-08-17,04:20:48 PM,16:20:00,Cold-Dry,2009-08-17 16:20:00,8
15.79996033,-19.13466187,LA1,2009-08-17,04:40:48 PM,16:40:00,Cold-Dry,2009-08-17 16:40:00,8
15.80127767,-19.13200887,LA1,2009-08-17,05:00:48 PM,17:00:00,Cold-Dry,2009-08-17 17:00:00,8
15.80138855,-19.1284668,LA1,2009-08-17,05:20:48 PM,17:20:00,Cold-Dry,2009-08-17 17:20:00,8
15.80146586,-19.12774862,LA1,2009-08-17,05:40:48 PM,17:40:00,Cold-Dry,2009-08-17 17:40:00,8
15.80155945,-19.12752075,LA1,2009-08-17,06:00:48 PM,18:00:00,Cold-Dry,2009-08-17 18:00:00,8
15.80199585,-19.12658488,LA1,2009-08-17,06:20:48 PM,18:20:00,Cold-Dry,2009-08-17 18:20:00,8
15.80218099,-19.1266805,LA1,2009-08-17,06:40:48 PM,18:40:00,Cold-Dry,2009-08-17 18:40:00,8
15.80223999,-19.1267334,LA1,2009-08-17,07:00:48 PM,19:00:00,Cold-Dry,2009-08-17 19:00:00,8
15.80225118,-19.12673747,LA1,2009-08-17,07:20:48 PM,19:20:00,Cold-Dry,2009-08-17 19:20:00,8
15.80245972,-19.12672729,LA1,2009-08-17,07:40:48 PM,19:40:00,Cold-Dry,2009-08-17 19:40:00,8
15.80293274,-19.12647095,LA1,2009-08-17,08:00:48 PM,20:00:00,Cold-Dry,2009-08-17 20:00:00,8
15.80391134,-19.12637533,LA1,2009-08-17,08:20:48 PM,20:20:00,Cold-Dry,2009-08-17 20:20:00,8
15.8042511,-19.12646281,LA1,2009-08-17,08:40:48 PM,20:40:00,Cold-Dry,2009-08-17 20:40:00,8
15.8043752,-19.12636108,LA1,2009-08-17,09:00:48 PM,21:00:00,Cold-Dry,2009-08-17 21:00:00,8
15.80473836,-19.12610881,LA1,2009-08-17,09:20:48 PM,21:20:00,Cold-Dry,2009-08-17 21:20:00,8
15.8047231,-19.12608236,LA1,2009-08-17,09:40:48 PM,21:40:00,Cold-Dry,2009-08-17 21:40:00,8
15.80467631,-19.12607829,LA1,2009-08-17,10:00:48 PM,22:00:00,Cold-Dry,2009-08-17 22:00:00,8
15.80471903,-19.12608643,LA1,2009-08-17,10:20:48 PM,22:20:00,Cold-Dry,2009-08-17 22:20:00,8
15.80467428,-19.12607422,LA1,2009-08-17,10:40:48 PM,22:40:00,Cold-Dry,2009-08-17 22:40:00,8
15.80470378,-19.12611491,LA1,2009-08-17,11:00:48 PM,23:00:00,Cold-Dry,2009-08-17 23:00:00,8
15.804717,-19.12611084,LA1,2009-08-17,11:20:48 PM,23:20:00,Cold-Dry,2009-08-17 23:20:00,8
15.80469666,-19.12610677,LA1,2009-08-17,11:40:48 PM,23:40:00,Cold-Dry,2009-08-17 23:40:00,8
15.80463664,-19.12611287,LA1,2009-08-18,12:00:48 AM,00:00:00,Cold-Dry,2009-08-18 00:00:00,8
15.80472209,-19.12612915,LA1,2009-08-18,12:20:49 AM,00:20:00,Cold-Dry,2009-08-18 00:20:00,8
15.80456746,-19.12642008,LA1,2009-08-18,12:40:48 AM,00:40:00,Cold-Dry,2009-08-18 00:40:00,8
15.80479838,-19.1265096,LA1,2009-08-18,01:00:48 AM,01:00:00,Cold-Dry,2009-08-18 01:00:00,8
15.80488892,-19.12677612,LA1,2009-08-18,01:20:48 AM,01:20:00,Cold-Dry,2009-08-18 01:20:00,8
15.80512288,-19.12692464,LA1,2009-08-18,01:40:48 AM,01:40:00,Cold-Dry,2009-08-18 01:40:00,8
15.80539042,-19.1267334,LA1,2009-08-18,02:00:48 AM,02:00:00,Cold-Dry,2009-08-18 02:00:00,8
15.80538432,-19.1267395,LA1,2009-08-18,02:20:48 AM,02:20:00,Cold-Dry,2009-08-18 02:20:00,8
15.80553487,-19.12683716,LA1,2009-08-18,02:40:48 AM,02:40:00,Cold-Dry,2009-08-18 02:40:00,8
15.80595703,-19.12682699,LA1,2009-08-18,03:00:48 AM,03:00:00,Cold-Dry,2009-08-18 03:00:00,8
15.80593363,-19.12681071,LA1,2009-08-18,03:20:48 AM,03:20:00,Cold-Dry,2009-08-18 03:20:00,8
15.80594279,-19.12683919,LA1,2009-08-18,03:40:48 AM,03:40:00,Cold-Dry,2009-08-18 03:40:00,8
15.80826213,-19.12479655,LA1,2009-08-18,04:00:48 AM,04:00:00,Cold-Dry,2009-08-18 04:00:00,8
15.8082723,-19.12469279,LA1,2009-08-18,04:20:48 AM,04:20:00,Cold-Dry,2009-08-18 04:20:00,8
15.80842183,-19.12467855,LA1,2009-08-18,04:40:48 AM,04:40:00,Cold-Dry,2009-08-18 04:40:00,8
15.80902303,-19.12936401,LA1,2009-08-18,05:00:48 AM,05:00:00,Cold-Dry,2009-08-18 05:00:00,8
15.80803223,-19.13111165,LA1,2009-08-18,05:20:48 AM,05:20:00,Cold-Dry,2009-08-18 05:20:00,8
15.80757345,-19.13201294,LA1,2009-08-18,05:40:48 AM,05:40:00,Cold-Dry,2009-08-18 05:40:00,8
15.80392863,-19.13577881,LA1,2009-08-18,06:00:48 AM,06:00:00,Cold-Dry,2009-08-18 06:00:00,8
15.80072021,-19.13725789,LA1,2009-08-18,06:20:49 AM,06:20:00,Cold-Dry,2009-08-18 06:20:00,8
15.79952901,-19.13809814,LA1,2009-08-18,06:40:48 AM,06:40:00,Cold-Dry,2009-08-18 06:40:00,8
15.79912211,-19.13855794,LA1,2009-08-18,07:00:48 AM,07:00:00,Cold-Dry,2009-08-18 07:00:00,8
15.79903768,-19.1386617,LA1,2009-08-18,07:20:48 AM,07:20:00,Cold-Dry,2009-08-18 07:20:00,8
15.79891052,-19.13897705,LA1,2009-08-18,07:40:48 AM,07:40:00,Cold-Dry,2009-08-18 07:40:00,8
15.79795227,-19.1388265,LA1,2009-08-18,08:00:48 AM,08:00:00,Cold-Dry,2009-08-18 08:00:00,8
15.79729411,-19.13889974,LA1,2009-08-18,08:20:48 AM,08:20:00,Cold-Dry,2009-08-18 08:20:00,8
15.79738464,-19.13902995,LA1,2009-08-18,08:40:48 AM,08:40:00,Cold-Dry,2009-08-18 08:40:00,8
15.79754639,-19.13916016,LA1,2009-08-18,09:00:48 AM,09:00:00,Cold-Dry,2009-08-18 09:00:00,8
15.79786479,-19.13942871,LA1,2009-08-18,09:20:48 AM,09:20:00,Cold-Dry,2009-08-18 09:20:00,8
15.79898987,-19.13984782,LA1,2009-08-18,09:40:48 AM,09:40:00,Cold-Dry,2009-08-18 09:40:00,8
15.79896647,-19.13990072,LA1,2009-08-18,10:00:48 AM,10:00:00,Cold-Dry,2009-08-18 10:00:00,8
15.79926453,-19.13992513,LA1,2009-08-18,10:20:48 AM,10:20:00,Cold-Dry,2009-08-18 10:20:00,8
15.79924215,-19.13990479,LA1,2009-08-18,10:40:48 AM,10:40:00,Cold-Dry,2009-08-18 10:40:00,8
15.80003357,-19.13961995,LA1,2009-08-18,11:00:48 AM,11:00:00,Cold-Dry,2009-08-18 11:00:00,8
15.80001119,-19.13962199,LA1,2009-08-18,11:20:48 AM,11:20:00,Cold-Dry,2009-08-18 11:20:00,8
15.80000814,-19.13954061,LA1,2009-08-18,11:40:48 AM,11:40:00,Cold-Dry,2009-08-18 11:40:00,8
15.8000234,-19.13958333,LA1,2009-08-18,12:00:48 PM,12:00:00,Cold-Dry,2009-08-18 12:00:00,8
15.80002747,-19.13959351,LA1,2009-08-18,12:20:49 PM,12:20:00,Cold-Dry,2009-08-18 12:20:00,8
15.80000102,-19.13957926,LA1,2009-08-18,12:40:48 PM,12:40:00,Cold-Dry,2009-08-18 12:40:00,8
15.80004272,-19.13960571,LA1,2009-08-18,01:00:48 PM,13:00:00,Cold-Dry,2009-08-18 13:00:00,8
15.8000885,-19.1397583,LA1,2009-08-18,01:20:48 PM,13:20:00,Cold-Dry,2009-08-18 13:20:00,8
15.80014852,-19.14070231,LA1,2009-08-18,01:40:48 PM,13:40:00,Cold-Dry,2009-08-18 13:40:00,8
15.80033569,-19.14124756,LA1,2009-08-18,02:00:48 PM,14:00:00,Cold-Dry,2009-08-18 14:00:00,8
15.80171102,-19.14196777,LA1,2009-08-18,02:20:48 PM,14:20:00,Cold-Dry,2009-08-18 14:20:00,8
15.80178528,-19.1419515,LA1,2009-08-18,02:40:48 PM,14:40:00,Cold-Dry,2009-08-18 14:40:00,8
15.80343628,-19.14257609,LA1,2009-08-18,03:00:48 PM,15:00:00,Cold-Dry,2009-08-18 15:00:00,8
15.80454712,-19.14182739,LA1,2009-08-18,03:20:48 PM,15:20:00,Cold-Dry,2009-08-18 15:20:00,8
15.80468343,-19.14178263,LA1,2009-08-18,03:40:48 PM,15:40:00,Cold-Dry,2009-08-18 15:40:00,8
15.80861206,-19.14077555,LA1,2009-08-18,04:00:48 PM,16:00:00,Cold-Dry,2009-08-18 16:00:00,8
15.81306966,-19.14110718,LA1,2009-08-18,04:20:48 PM,16:20:00,Cold-Dry,2009-08-18 16:20:00,8
15.81519267,-19.14090576,LA1,2009-08-18,04:40:48 PM,16:40:00,Cold-Dry,2009-08-18 16:40:00,8
15.81585592,-19.1406779,LA1,2009-08-18,05:00:48 PM,17:00:00,Cold-Dry,2009-08-18 17:00:00,8
15.81607869,-19.14069824,LA1,2009-08-18,05:20:48 PM,17:20:00,Cold-Dry,2009-08-18 17:20:00,8
15.81758525,-19.14008789,LA1,2009-08-18,05:40:48 PM,17:40:00,Cold-Dry,2009-08-18 17:40:00,8
15.82014567,-19.14007772,LA1,2009-08-18,06:00:48 PM,18:00:00,Cold-Dry,2009-08-18 18:00:00,8
15.82037659,-19.13999634,LA1,2009-08-18,06:20:48 PM,18:20:00,Cold-Dry,2009-08-18 18:20:00,8
15.82067566,-19.13998617,LA1,2009-08-18,06:40:48 PM,18:40:00,Cold-Dry,2009-08-18 18:40:00,8
15.82711182,-19.13995565,LA1,2009-08-18,07:00:48 PM,19:00:00,Cold-Dry,2009-08-18 19:00:00,8
15.82826029,-19.13973999,LA1,2009-08-18,07:20:48 PM,19:20:00,Cold-Dry,2009-08-18 19:20:00,8
15.82877808,-19.13943075,LA1,2009-08-18,07:40:48 PM,19:40:00,Cold-Dry,2009-08-18 19:40:00,8
15.83820903,-19.14001261,LA1,2009-08-18,08:00:48 PM,20:00:00,Cold-Dry,2009-08-18 20:00:00,8
15.84016825,-19.13957723,LA1,2009-08-18,08:20:48 PM,20:20:00,Cold-Dry,2009-08-18 20:20:00,8
15.84055684,-19.13972778,LA1,2009-08-18,08:40:48 PM,20:40:00,Cold-Dry,2009-08-18 20:40:00,8
15.84102275,-19.14010824,LA1,2009-08-18,09:00:48 PM,21:00:00,Cold-Dry,2009-08-18 21:00:00,8
15.84161275,-19.14111125,LA1,2009-08-18,09:20:48 PM,21:20:00,Cold-Dry,2009-08-18 21:20:00,8
15.84253743,-19.14246216,LA1,2009-08-18,09:40:48 PM,21:40:00,Cold-Dry,2009-08-18 21:40:00,8
15.84254354,-19.14246419,LA1,2009-08-18,10:00:48 PM,22:00:00,Cold-Dry,2009-08-18 22:00:00,8
15.8425415,-19.1424703,LA1,2009-08-18,10:20:48 PM,22:20:00,Cold-Dry,2009-08-18 22:20:00,8
15.84253438,-19.14246419,LA1,2009-08-18,10:40:48 PM,22:40:00,Cold-Dry,2009-08-18 22:40:00,8
15.84253133,-19.14246419,LA1,2009-08-18,11:00:48 PM,23:00:00,Cold-Dry,2009-08-18 23:00:00,8
15.84273783,-19.14243164,LA1,2009-08-18,11:20:48 PM,23:20:00,Cold-Dry,2009-08-18 23:20:00,8
15.84272054,-19.14243368,LA1,2009-08-18,11:40:48 PM,23:40:00,Cold-Dry,2009-08-18 23:40:00,8
15.84271342,-19.14239909,LA1,2009-08-19,12:00:48 AM,00:00:00,Cold-Dry,2009-08-19 00:00:00,8
15.84274089,-19.14240926,LA1,2009-08-19,12:20:49 AM,00:20:00,Cold-Dry,2009-08-19 00:20:00,8
15.84273987,-19.14244995,LA1,2009-08-19,12:40:48 AM,00:40:00,Cold-Dry,2009-08-19 00:40:00,8
15.84273173,-19.1424703,LA1,2009-08-19,01:00:48 AM,01:00:00,Cold-Dry,2009-08-19 01:00:00,8
15.84273682,-19.14245402,LA1,2009-08-19,01:20:48 AM,01:20:00,Cold-Dry,2009-08-19 01:20:00,8
15.84272563,-19.1424764,LA1,2009-08-19,01:40:48 AM,01:40:00,Cold-Dry,2009-08-19 01:40:00,8
15.84377238,-19.14249674,LA1,2009-08-19,02:00:48 AM,02:00:00,Cold-Dry,2009-08-19 02:00:00,8
15.84825745,-19.14395549,LA1,2009-08-19,02:20:48 AM,02:20:00,Cold-Dry,2009-08-19 02:20:00,8
15.85079041,-19.14450684,LA1,2009-08-19,02:40:48 AM,02:40:00,Cold-Dry,2009-08-19 02:40:00,8
15.85186564,-19.14469401,LA1,2009-08-19,03:00:48 AM,03:00:00,Cold-Dry,2009-08-19 03:00:00,8
15.85187276,-19.14460246,LA1,2009-08-19,03:20:48 AM,03:20:00,Cold-Dry,2009-08-19 03:20:00,8
15.8529836,-19.14421387,LA1,2009-08-19,03:40:48 AM,03:40:00,Cold-Dry,2009-08-19 03:40:00,8
15.8538859,-19.14411011,LA1,2009-08-19,04:00:48 AM,04:00:00,Cold-Dry,2009-08-19 04:00:00,8
15.85447795,-19.144045,LA1,2009-08-19,04:20:48 AM,04:20:00,Cold-Dry,2009-08-19 04:20:00,8
15.85492655,-19.14397583,LA1,2009-08-19,04:40:48 AM,04:40:00,Cold-Dry,2009-08-19 04:40:00,8
15.85504252,-19.14397176,LA1,2009-08-19,05:00:48 AM,05:00:00,Cold-Dry,2009-08-19 05:00:00,8
15.85513814,-19.14402669,LA1,2009-08-19,05:20:48 AM,05:20:00,Cold-Dry,2009-08-19 05:20:00,8
15.85516968,-19.14415894,LA1,2009-08-19,05:40:48 AM,05:40:00,Cold-Dry,2009-08-19 05:40:00,8
15.85635274,-19.14497884,LA1,2009-08-19,06:00:48 AM,06:00:00,Cold-Dry,2009-08-19 06:00:00,8
15.86158956,-19.1463623,LA1,2009-08-19,06:20:48 AM,06:20:00,Cold-Dry,2009-08-19 06:20:00,8
15.86712036,-19.14742839,LA1,2009-08-19,06:40:48 AM,06:40:00,Cold-Dry,2009-08-19 06:40:00,8
15.87372843,-19.15047201,LA1,2009-08-19,07:00:48 AM,07:00:00,Cold-Dry,2009-08-19 07:00:00,8
15.87513529,-19.15201009,LA1,2009-08-19,07:20:48 AM,07:20:00,Cold-Dry,2009-08-19 07:20:00,8
15.88037313,-19.15581462,LA1,2009-08-19,07:40:48 AM,07:40:00,Cold-Dry,2009-08-19 07:40:00,8
15.88795776,-19.16039632,LA1,2009-08-19,08:00:48 AM,08:00:00,Cold-Dry,2009-08-19 08:00:00,8
15.89657796,-19.16477254,LA1,2009-08-19,08:20:49 AM,08:20:00,Cold-Dry,2009-08-19 08:20:00,8
15.90453084,-19.1701945,LA1,2009-08-19,08:40:48 AM,08:40:00,Cold-Dry,2009-08-19 08:40:00,8
15.91175028,-19.17632243,LA1,2009-08-19,09:00:48 AM,09:00:00,Cold-Dry,2009-08-19 09:00:00,8
15.91593424,-19.18088379,LA1,2009-08-19,09:20:48 AM,09:20:00,Cold-Dry,2009-08-19 09:20:00,8
15.91594442,-19.18089193,LA1,2009-08-19,09:40:48 AM,09:40:00,Cold-Dry,2009-08-19 09:40:00,8
15.91596069,-19.18089396,LA1,2009-08-19,10:00:48 AM,10:00:00,Cold-Dry,2009-08-19 10:00:00,8
15.91595256,-19.18090617,LA1,2009-08-19,10:20:48 AM,10:20:00,Cold-Dry,2009-08-19 10:20:00,8
15.91095581,-19.17972616,LA1,2009-08-19,10:40:48 AM,10:40:00,Cold-Dry,2009-08-19 10:40:00,8
15.91592306,-19.18085938,LA1,2009-08-19,11:00:48 AM,11:00:00,Cold-Dry,2009-08-19 11:00:00,8
15.9159139,-19.18091227,LA1,2009-08-19,11:20:48 AM,11:20:00,Cold-Dry,2009-08-19 11:20:00,8
15.91591797,-19.18088786,LA1,2009-08-19,11:40:48 AM,11:40:00,Cold-Dry,2009-08-19 11:40:00,8
15.91595357,-19.18087769,LA1,2009-08-19,12:00:48 PM,12:00:00,Cold-Dry,2009-08-19 12:00:00,8
15.9159139,-19.18088786,LA1,2009-08-19,12:20:48 PM,12:20:00,Cold-Dry,2009-08-19 12:20:00,8
15.91593424,-19.1809082,LA1,2009-08-19,12:40:48 PM,12:40:00,Cold-Dry,2009-08-19 12:40:00,8
15.91596069,-19.18094076,LA1,2009-08-19,01:00:48 PM,13:00:00,Cold-Dry,2009-08-19 13:00:00,8
15.91576742,-19.18117879,LA1,2009-08-19,01:20:48 PM,13:20:00,Cold-Dry,2009-08-19 13:20:00,8
15.91592916,-19.1810262,LA1,2009-08-19,01:40:49 PM,13:40:00,Cold-Dry,2009-08-19 13:40:00,8
15.91583964,-19.18087972,LA1,2009-08-19,02:00:48 PM,14:00:00,Cold-Dry,2009-08-19 14:00:00,8
15.9091512,-19.17796021,LA1,2009-08-19,02:20:48 PM,14:20:00,Cold-Dry,2009-08-19 14:20:00,8
15.90308736,-19.1771403,LA1,2009-08-19,02:40:48 PM,14:40:00,Cold-Dry,2009-08-19 14:40:00,8
15.90128682,-19.17627563,LA1,2009-08-19,03:00:48 PM,15:00:00,Cold-Dry,2009-08-19 15:00:00,8
15.90006612,-19.17605184,LA1,2009-08-19,03:20:48 PM,15:20:00,Cold-Dry,2009-08-19 15:20:00,8
15.89971517,-19.17611084,LA1,2009-08-19,03:40:48 PM,15:40:00,Cold-Dry,2009-08-19 15:40:00,8
15.89654439,-19.17422078,LA1,2009-08-19,04:00:48 PM,16:00:00,Cold-Dry,2009-08-19 16:00:00,8
15.89545186,-19.17240804,LA1,2009-08-19,04:20:48 PM,16:20:00,Cold-Dry,2009-08-19 16:20:00,8
15.89327698,-19.16748657,LA1,2009-08-19,04:40:48 PM,16:40:00,Cold-Dry,2009-08-19 16:40:00,8
15.89200236,-19.1660909,LA1,2009-08-19,05:00:48 PM,17:00:00,Cold-Dry,2009-08-19 17:00:00,8
15.89167684,-19.16589762,LA1,2009-08-19,05:20:48 PM,17:20:00,Cold-Dry,2009-08-19 17:20:00,8
15.89123128,-19.1655721,LA1,2009-08-19,05:40:48 PM,17:40:00,Cold-Dry,2009-08-19 17:40:00,8
15.88865865,-19.16500448,LA1,2009-08-19,06:00:49 PM,18:00:00,Cold-Dry,2009-08-19 18:00:00,8
15.88788656,-19.16467489,LA1,2009-08-19,06:20:48 PM,18:20:00,Cold-Dry,2009-08-19 18:20:00,8
15.88504537,-19.1639506,LA1,2009-08-19,06:40:48 PM,18:40:00,Cold-Dry,2009-08-19 18:40:00,8
15.88400981,-19.16194865,LA1,2009-08-19,07:00:48 PM,19:00:00,Cold-Dry,2009-08-19 19:00:00,8
15.88201599,-19.15956014,LA1,2009-08-19,07:20:48 PM,19:20:00,Cold-Dry,2009-08-19 19:20:00,8
15.88043416,-19.15608927,LA1,2009-08-19,07:40:48 PM,19:40:00,Cold-Dry,2009-08-19 19:40:00,8
15.87825216,-19.15427856,LA1,2009-08-19,08:00:48 PM,20:00:00,Cold-Dry,2009-08-19 20:00:00,8
15.87807719,-19.15399984,LA1,2009-08-19,08:20:48 PM,20:20:00,Cold-Dry,2009-08-19 20:20:00,8
15.87764689,-19.15367025,LA1,2009-08-19,08:40:48 PM,20:40:00,Cold-Dry,2009-08-19 20:40:00,8
15.87556051,-19.15249837,LA1,2009-08-19,09:00:48 PM,21:00:00,Cold-Dry,2009-08-19 21:00:00,8
15.87498067,-19.15193278,LA1,2009-08-19,09:20:48 PM,21:20:00,Cold-Dry,2009-08-19 21:20:00,8
15.87404683,-19.15134074,LA1,2009-08-19,09:40:48 PM,21:40:00,Cold-Dry,2009-08-19 21:40:00,8
15.87380066,-19.1512675,LA1,2009-08-19,10:00:48 PM,22:00:00,Cold-Dry,2009-08-19 22:00:00,8
15.87238871,-19.15059204,LA1,2009-08-19,10:20:48 PM,22:20:00,Cold-Dry,2009-08-19 22:20:00,8
15.87142843,-19.1504069,LA1,2009-08-19,10:40:48 PM,22:40:00,Cold-Dry,2009-08-19 22:40:00,8
15.86671549,-19.1503479,LA1,2009-08-19,11:00:48 PM,23:00:00,Cold-Dry,2009-08-19 23:00:00,8
15.86451213,-19.14984538,LA1,2009-08-19,11:20:48 PM,23:20:00,Cold-Dry,2009-08-19 23:20:00,8
15.86414998,-19.14967448,LA1,2009-08-19,11:40:48 PM,23:40:00,Cold-Dry,2009-08-19 23:40:00,8
15.86394145,-19.14959106,LA1,2009-08-20,12:00:48 AM,00:00:00,Cold-Dry,2009-08-20 00:00:00,8
15.8639384,-19.14956462,LA1,2009-08-20,12:20:49 AM,00:20:00,Cold-Dry,2009-08-20 00:20:00,8
15.86383158,-19.14956665,LA1,2009-08-20,12:40:48 AM,00:40:00,Cold-Dry,2009-08-20 00:40:00,8
15.86319173,-19.1495931,LA1,2009-08-20,01:00:48 AM,01:00:00,Cold-Dry,2009-08-20 01:00:00,8
15.86177673,-19.14867147,LA1,2009-08-20,01:20:48 AM,01:20:00,Cold-Dry,2009-08-20 01:20:00,8
15.86088053,-19.14743652,LA1,2009-08-20,01:40:48 AM,01:40:00,Cold-Dry,2009-08-20 01:40:00,8
15.86086324,-19.14745076,LA1,2009-08-20,02:00:48 AM,02:00:00,Cold-Dry,2009-08-20 02:00:00,8
15.86085103,-19.14744263,LA1,2009-08-20,02:20:48 AM,02:20:00,Cold-Dry,2009-08-20 02:20:00,8
15.86086426,-19.1474467,LA1,2009-08-20,02:40:48 AM,02:40:00,Cold-Dry,2009-08-20 02:40:00,8
15.86065572,-19.14732463,LA1,2009-08-20,03:00:48 AM,03:00:00,Cold-Dry,2009-08-20 03:00:00,8
15.86019999,-19.14555257,LA1,2009-08-20,03:20:48 AM,03:20:00,Cold-Dry,2009-08-20 03:20:00,8
15.86023458,-19.14403076,LA1,2009-08-20,03:40:48 AM,03:40:00,Cold-Dry,2009-08-20 03:40:00,8
15.86017863,-19.14394531,LA1,2009-08-20,04:00:48 AM,04:00:00,Cold-Dry,2009-08-20 04:00:00,8
15.85955811,-19.14354248,LA1,2009-08-20,04:20:48 AM,04:20:00,Cold-Dry,2009-08-20 04:20:00,8
15.8594869,-19.14352824,LA1,2009-08-20,04:40:48 AM,04:40:00,Cold-Dry,2009-08-20 04:40:00,8
15.85940247,-19.143455,LA1,2009-08-20,05:00:48 AM,05:00:00,Cold-Dry,2009-08-20 05:00:00,8
15.85943197,-19.14337972,LA1,2009-08-20,05:20:48 AM,05:20:00,Cold-Dry,2009-08-20 05:20:00,8
15.85947164,-19.1433492,LA1,2009-08-20,05:40:48 AM,05:40:00,Cold-Dry,2009-08-20 05:40:00,8
15.85947062,-19.14335327,LA1,2009-08-20,06:00:48 AM,06:00:00,Cold-Dry,2009-08-20 06:00:00,8
15.85941162,-19.1432373,LA1,2009-08-20,06:20:48 AM,06:20:00,Cold-Dry,2009-08-20 06:20:00,8
15.85934448,-19.14318441,LA1,2009-08-20,06:40:48 AM,06:40:00,Cold-Dry,2009-08-20 06:40:00,8
15.85931091,-19.14312948,LA1,2009-08-20,07:00:48 AM,07:00:00,Cold-Dry,2009-08-20 07:00:00,8
15.85926717,-19.14311727,LA1,2009-08-20,07:20:48 AM,07:20:00,Cold-Dry,2009-08-20 07:20:00,8
15.85907389,-19.1432841,LA1,2009-08-20,07:40:48 AM,07:40:00,Cold-Dry,2009-08-20 07:40:00,8
15.85909526,-19.14338379,LA1,2009-08-20,08:00:48 AM,08:00:00,Cold-Dry,2009-08-20 08:00:00,8
15.85804952,-19.14481405,LA1,2009-08-20,08:20:48 AM,08:20:00,Cold-Dry,2009-08-20 08:20:00,8
15.85685933,-19.1454305,LA1,2009-08-20,08:40:48 AM,08:40:00,Cold-Dry,2009-08-20 08:40:00,8
15.85660706,-19.1452535,LA1,2009-08-20,09:00:48 AM,09:00:00,Cold-Dry,2009-08-20 09:00:00,8
15.85661418,-19.14525757,LA1,2009-08-20,09:20:48 AM,09:20:00,Cold-Dry,2009-08-20 09:20:00,8
15.85654297,-19.14515991,LA1,2009-08-20,09:40:48 AM,09:40:00,Cold-Dry,2009-08-20 09:40:00,8
15.85645752,-19.14483439,LA1,2009-08-20,10:00:48 AM,10:00:00,Cold-Dry,2009-08-20 10:00:00,8
15.85650736,-19.14471436,LA1,2009-08-20,10:20:48 AM,10:20:00,Cold-Dry,2009-08-20 10:20:00,8
15.85630798,-19.14399618,LA1,2009-08-20,10:40:48 AM,10:40:00,Cold-Dry,2009-08-20 10:40:00,8
15.8557841,-19.14429932,LA1,2009-08-20,11:00:48 AM,11:00:00,Cold-Dry,2009-08-20 11:00:00,8
15.85591838,-19.14406331,LA1,2009-08-20,11:20:48 AM,11:20:00,Cold-Dry,2009-08-20 11:20:00,8
15.85618998,-19.14392293,LA1,2009-08-20,11:40:48 AM,11:40:00,Cold-Dry,2009-08-20 11:40:00,8
15.85561625,-19.14479574,LA1,2009-08-20,12:00:48 PM,12:00:00,Cold-Dry,2009-08-20 12:00:00,8
15.85560913,-19.14476929,LA1,2009-08-20,12:20:49 PM,12:20:00,Cold-Dry,2009-08-20 12:20:00,8
15.85558777,-19.1447998,LA1,2009-08-20,12:40:48 PM,12:40:00,Cold-Dry,2009-08-20 12:40:00,8
15.85555623,-19.14474894,LA1,2009-08-20,01:00:48 PM,13:00:00,Cold-Dry,2009-08-20 13:00:00,8
15.85558472,-19.14477336,LA1,2009-08-20,01:20:48 PM,13:20:00,Cold-Dry,2009-08-20 13:20:00,8
15.85487467,-19.14368896,LA1,2009-08-20,01:40:48 PM,13:40:00,Cold-Dry,2009-08-20 13:40:00,8
15.85463257,-19.14334106,LA1,2009-08-20,02:00:48 PM,14:00:00,Cold-Dry,2009-08-20 14:00:00,8
15.85466207,-19.14318034,LA1,2009-08-20,02:20:48 PM,14:20:00,Cold-Dry,2009-08-20 14:20:00,8
15.85467631,-19.14315999,LA1,2009-08-20,02:40:48 PM,14:40:00,Cold-Dry,2009-08-20 14:40:00,8
15.85437317,-19.14399821,LA1,2009-08-20,03:00:48 PM,15:00:00,Cold-Dry,2009-08-20 15:00:00,8
15.85389201,-19.14426676,LA1,2009-08-20,03:20:48 PM,15:20:00,Cold-Dry,2009-08-20 15:20:00,8
15.8526001,-19.14220174,LA1,2009-08-20,03:40:48 PM,15:40:00,Cold-Dry,2009-08-20 15:40:00,8
15.85128174,-19.14109701,LA1,2009-08-20,04:00:48 PM,16:00:00,Cold-Dry,2009-08-20 16:00:00,8
15.84732056,-19.13764648,LA1,2009-08-20,04:20:48 PM,16:20:00,Cold-Dry,2009-08-20 16:20:00,8
15.84429525,-19.13468221,LA1,2009-08-20,04:40:48 PM,16:40:00,Cold-Dry,2009-08-20 16:40:00,8
15.84339803,-19.13318278,LA1,2009-08-20,05:00:48 PM,17:00:00,Cold-Dry,2009-08-20 17:00:00,8
15.84185486,-19.13072306,LA1,2009-08-20,05:20:48 PM,17:20:00,Cold-Dry,2009-08-20 17:20:00,8
15.84073893,-19.12959595,LA1,2009-08-20,05:40:48 PM,17:40:00,Cold-Dry,2009-08-20 17:40:00,8
15.84051412,-19.12947184,LA1,2009-08-20,06:00:48 PM,18:00:00,Cold-Dry,2009-08-20 18:00:00,8
15.84027812,-19.12897949,LA1,2009-08-20,06:20:48 PM,18:20:00,Cold-Dry,2009-08-20 18:20:00,8
15.8402181,-19.12899373,LA1,2009-08-20,06:40:48 PM,18:40:00,Cold-Dry,2009-08-20 18:40:00,8
15.84019063,-19.12899984,LA1,2009-08-20,07:00:48 PM,19:00:00,Cold-Dry,2009-08-20 19:00:00,8
15.83792725,-19.13191528,LA1,2009-08-20,07:20:48 PM,19:20:00,Cold-Dry,2009-08-20 19:20:00,8
15.83688558,-19.13167521,LA1,2009-08-20,07:40:48 PM,19:40:00,Cold-Dry,2009-08-20 19:40:00,8
15.83486125,-19.13164673,LA1,2009-08-20,08:00:48 PM,20:00:00,Cold-Dry,2009-08-20 20:00:00,8
15.83199972,-19.1312439,LA1,2009-08-20,08:20:48 PM,20:20:00,Cold-Dry,2009-08-20 20:20:00,8
15.83169556,-19.13123372,LA1,2009-08-20,08:40:49 PM,20:40:00,Cold-Dry,2009-08-20 20:40:00,8
15.83173523,-19.13121541,LA1,2009-08-20,09:00:48 PM,21:00:00,Cold-Dry,2009-08-20 21:00:00,8
15.83171387,-19.13125,LA1,2009-08-20,09:20:48 PM,21:20:00,Cold-Dry,2009-08-20 21:20:00,8
15.83171082,-19.13125203,LA1,2009-08-20,09:40:48 PM,21:40:00,Cold-Dry,2009-08-20 21:40:00,8
15.8316803,-19.13124186,LA1,2009-08-20,10:00:48 PM,22:00:00,Cold-Dry,2009-08-20 22:00:00,8
15.83169047,-19.13122965,LA1,2009-08-20,10:20:48 PM,22:20:00,Cold-Dry,2009-08-20 22:20:00,8
15.83168437,-19.13125,LA1,2009-08-20,10:40:48 PM,22:40:00,Cold-Dry,2009-08-20 22:40:00,8
15.83167928,-19.13125407,LA1,2009-08-20,11:00:48 PM,23:00:00,Cold-Dry,2009-08-20 23:00:00,8
15.83113302,-19.13108114,LA1,2009-08-20,11:20:48 PM,23:20:00,Cold-Dry,2009-08-20 23:20:00,8
15.83113505,-19.13101807,LA1,2009-08-20,11:40:48 PM,23:40:00,Cold-Dry,2009-08-20 23:40:00,8
15.83105977,-19.13100179,LA1,2009-08-21,12:00:48 AM,00:00:00,Cold-Dry,2009-08-21 00:00:00,8
15.83068746,-19.13091634,LA1,2009-08-21,12:20:49 AM,00:20:00,Cold-Dry,2009-08-21 00:20:00,8
15.83070374,-19.13087972,LA1,2009-08-21,12:40:48 AM,00:40:00,Cold-Dry,2009-08-21 00:40:00,8
15.83030802,-19.13068034,LA1,2009-08-21,01:00:48 AM,01:00:00,Cold-Dry,2009-08-21 01:00:00,8
15.82995504,-19.13073324,LA1,2009-08-21,01:20:48 AM,01:20:00,Cold-Dry,2009-08-21 01:20:00,8
15.82960205,-19.13056844,LA1,2009-08-21,01:40:48 AM,01:40:00,Cold-Dry,2009-08-21 01:40:00,8
15.82948405,-19.13064372,LA1,2009-08-21,02:00:48 AM,02:00:00,Cold-Dry,2009-08-21 02:00:00,8
15.8293691,-19.13034058,LA1,2009-08-21,02:20:48 AM,02:20:00,Cold-Dry,2009-08-21 02:20:00,8
15.82935181,-19.13034668,LA1,2009-08-21,02:40:48 AM,02:40:00,Cold-Dry,2009-08-21 02:40:00,8
15.82869771,-19.13037516,LA1,2009-08-21,03:00:48 AM,03:00:00,Cold-Dry,2009-08-21 03:00:00,8
15.8286967,-19.13038534,LA1,2009-08-21,03:20:48 AM,03:20:00,Cold-Dry,2009-08-21 03:20:00,8
15.82834371,-19.1304423,LA1,2009-08-21,03:40:48 AM,03:40:00,Cold-Dry,2009-08-21 03:40:00,8
15.82831828,-19.13034465,LA1,2009-08-21,04:00:48 AM,04:00:00,Cold-Dry,2009-08-21 04:00:00,8
15.82827962,-19.13038127,LA1,2009-08-21,04:20:48 AM,04:20:00,Cold-Dry,2009-08-21 04:20:00,8
15.82826233,-19.13036092,LA1,2009-08-21,04:40:48 AM,04:40:00,Cold-Dry,2009-08-21 04:40:00,8
15.82825521,-19.13037109,LA1,2009-08-21,05:00:48 AM,05:00:00,Cold-Dry,2009-08-21 05:00:00,8
15.82824198,-19.13032227,LA1,2009-08-21,05:20:48 AM,05:20:00,Cold-Dry,2009-08-21 05:20:00,8
15.82811076,-19.13065592,LA1,2009-08-21,05:40:48 AM,05:40:00,Cold-Dry,2009-08-21 05:40:00,8
15.82821859,-19.131073,LA1,2009-08-21,06:00:48 AM,06:00:00,Cold-Dry,2009-08-21 06:00:00,8
15.82841492,-19.13234456,LA1,2009-08-21,06:20:48 AM,06:20:00,Cold-Dry,2009-08-21 06:20:00,8
15.82943522,-19.13618774,LA1,2009-08-21,06:40:48 AM,06:40:00,Cold-Dry,2009-08-21 06:40:00,8
15.83082377,-19.13980713,LA1,2009-08-21,07:00:48 AM,07:00:00,Cold-Dry,2009-08-21 07:00:00,8
15.83240458,-19.1456665,LA1,2009-08-21,07:20:48 AM,07:20:00,Cold-Dry,2009-08-21 07:20:00,8
15.83269043,-19.14599609,LA1,2009-08-21,07:40:48 AM,07:40:00,Cold-Dry,2009-08-21 07:40:00,8
15.83276164,-19.14642741,LA1,2009-08-21,08:00:48 AM,08:00:00,Cold-Dry,2009-08-21 08:00:00,8
15.8327006,-19.14663493,LA1,2009-08-21,08:20:48 AM,08:20:00,Cold-Dry,2009-08-21 08:20:00,8
15.83251139,-19.14703166,LA1,2009-08-21,08:40:48 AM,08:40:00,Cold-Dry,2009-08-21 08:40:00,8
15.83249715,-19.14765625,LA1,2009-08-21,09:00:48 AM,09:00:00,Cold-Dry,2009-08-21 09:00:00,8
15.83213704,-19.14772746,LA1,2009-08-21,09:20:48 AM,09:20:00,Cold-Dry,2009-08-21 09:20:00,8
15.83197021,-19.14761353,LA1,2009-08-21,09:40:48 AM,09:40:00,Cold-Dry,2009-08-21 09:40:00,8
15.83175761,-19.14761963,LA1,2009-08-21,10:00:48 AM,10:00:00,Cold-Dry,2009-08-21 10:00:00,8
15.83177999,-19.14760335,LA1,2009-08-21,10:20:48 AM,10:20:00,Cold-Dry,2009-08-21 10:20:00,8
15.83179932,-19.14760132,LA1,2009-08-21,10:40:48 AM,10:40:00,Cold-Dry,2009-08-21 10:40:00,8
15.83175456,-19.14759521,LA1,2009-08-21,11:00:48 AM,11:00:00,Cold-Dry,2009-08-21 11:00:00,8
15.83180033,-19.14734904,LA1,2009-08-21,11:20:48 AM,11:20:00,Cold-Dry,2009-08-21 11:20:00,8
15.83194885,-19.14732463,LA1,2009-08-21,11:40:48 AM,11:40:00,Cold-Dry,2009-08-21 11:40:00,8
15.83193461,-19.14732666,LA1,2009-08-21,12:00:48 PM,12:00:00,Cold-Dry,2009-08-21 12:00:00,8
15.8320638,-19.14745076,LA1,2009-08-21,12:20:49 PM,12:20:00,Cold-Dry,2009-08-21 12:20:00,8
15.83207296,-19.1474589,LA1,2009-08-21,12:40:48 PM,12:40:00,Cold-Dry,2009-08-21 12:40:00,8
15.83285116,-19.14764608,LA1,2009-08-21,01:00:48 PM,13:00:00,Cold-Dry,2009-08-21 13:00:00,8
15.83328756,-19.14788005,LA1,2009-08-21,01:20:48 PM,13:20:00,Cold-Dry,2009-08-21 13:20:00,8
15.83352763,-19.14819132,LA1,2009-08-21,01:40:48 PM,13:40:00,Cold-Dry,2009-08-21 13:40:00,8
15.83350118,-19.14820353,LA1,2009-08-21,02:00:48 PM,14:00:00,Cold-Dry,2009-08-21 14:00:00,8
15.83351746,-19.14819946,LA1,2009-08-21,02:20:48 PM,14:20:00,Cold-Dry,2009-08-21 14:20:00,8
15.8335083,-19.14818726,LA1,2009-08-21,02:40:48 PM,14:40:00,Cold-Dry,2009-08-21 14:40:00,8
15.83314616,-19.14841309,LA1,2009-08-21,03:00:48 PM,15:00:00,Cold-Dry,2009-08-21 15:00:00,8
15.83237101,-19.14888713,LA1,2009-08-21,03:20:48 PM,15:20:00,Cold-Dry,2009-08-21 15:20:00,8
15.83221944,-19.14944051,LA1,2009-08-21,03:40:48 PM,15:40:00,Cold-Dry,2009-08-21 15:40:00,8
15.83224284,-19.15039469,LA1,2009-08-21,04:00:48 PM,16:00:00,Cold-Dry,2009-08-21 16:00:00,8
15.83156331,-19.15130412,LA1,2009-08-21,04:20:48 PM,16:20:00,Cold-Dry,2009-08-21 16:20:00,8
15.83056641,-19.15192464,LA1,2009-08-21,04:40:48 PM,16:40:00,Cold-Dry,2009-08-21 16:40:00,8
15.83040161,-19.15183309,LA1,2009-08-21,05:00:48 PM,17:00:00,Cold-Dry,2009-08-21 17:00:00,8
15.82907104,-19.1515564,LA1,2009-08-21,05:20:48 PM,17:20:00,Cold-Dry,2009-08-21 17:20:00,8
15.82885539,-19.15149943,LA1,2009-08-21,05:40:48 PM,17:40:00,Cold-Dry,2009-08-21 17:40:00,8
15.82891235,-19.15151164,LA1,2009-08-21,06:00:48 PM,18:00:00,Cold-Dry,2009-08-21 18:00:00,8
15.82888692,-19.15139771,LA1,2009-08-21,06:20:48 PM,18:20:00,Cold-Dry,2009-08-21 18:20:00,8
15.82888082,-19.15137126,LA1,2009-08-21,06:40:48 PM,18:40:00,Cold-Dry,2009-08-21 18:40:00,8
15.82896423,-19.15147909,LA1,2009-08-21,07:00:48 PM,19:00:00,Cold-Dry,2009-08-21 19:00:00,8
15.82890218,-19.15147298,LA1,2009-08-21,07:20:48 PM,19:20:00,Cold-Dry,2009-08-21 19:20:00,8
15.82887777,-19.15148112,LA1,2009-08-21,07:40:48 PM,19:40:00,Cold-Dry,2009-08-21 19:40:00,8
15.82902832,-19.15152791,LA1,2009-08-21,08:00:48 PM,20:00:00,Cold-Dry,2009-08-21 20:00:00,8
15.82962545,-19.15209554,LA1,2009-08-21,08:20:48 PM,20:20:00,Cold-Dry,2009-08-21 20:20:00,8
15.82975159,-19.15220744,LA1,2009-08-21,08:40:48 PM,20:40:00,Cold-Dry,2009-08-21 20:40:00,8
15.82988688,-19.15229696,LA1,2009-08-21,09:00:48 PM,21:00:00,Cold-Dry,2009-08-21 21:00:00,8
15.83010457,-19.1526123,LA1,2009-08-21,09:20:48 PM,21:20:00,Cold-Dry,2009-08-21 21:20:00,8
15.83149211,-19.15277303,LA1,2009-08-21,09:40:48 PM,21:40:00,Cold-Dry,2009-08-21 21:40:00,8
15.83236694,-19.15286458,LA1,2009-08-21,10:00:48 PM,22:00:00,Cold-Dry,2009-08-21 22:00:00,8
15.83264669,-19.15296631,LA1,2009-08-21,10:20:48 PM,22:20:00,Cold-Dry,2009-08-21 22:20:00,8
15.83313395,-19.15340373,LA1,2009-08-21,10:40:48 PM,22:40:00,Cold-Dry,2009-08-21 22:40:00,8
15.83382263,-19.15375977,LA1,2009-08-21,11:00:48 PM,23:00:00,Cold-Dry,2009-08-21 23:00:00,8
15.83547872,-19.15550741,LA1,2009-08-21,11:20:48 PM,23:20:00,Cold-Dry,2009-08-21 23:20:00,8
15.83621521,-19.15579427,LA1,2009-08-21,11:40:48 PM,23:40:00,Cold-Dry,2009-08-21 23:40:00,8
15.83817444,-19.15546061,LA1,2009-08-22,12:00:48 AM,00:00:00,Cold-Dry,2009-08-22 00:00:00,8
15.83843994,-19.15532227,LA1,2009-08-22,12:20:49 AM,00:20:00,Cold-Dry,2009-08-22 00:20:00,8
15.83987223,-19.15510254,LA1,2009-08-22,12:40:48 AM,00:40:00,Cold-Dry,2009-08-22 00:40:00,8
15.83992615,-19.15506795,LA1,2009-08-22,01:00:48 AM,01:00:00,Cold-Dry,2009-08-22 01:00:00,8
15.8453186,-19.15534668,LA1,2009-08-22,01:20:48 AM,01:20:00,Cold-Dry,2009-08-22 01:20:00,8
15.84993083,-19.15453288,LA1,2009-08-22,01:40:49 AM,01:40:00,Cold-Dry,2009-08-22 01:40:00,8
15.85099894,-19.15411377,LA1,2009-08-22,02:00:48 AM,02:00:00,Cold-Dry,2009-08-22 02:00:00,8
15.85307617,-19.15287679,LA1,2009-08-22,02:20:48 AM,02:20:00,Cold-Dry,2009-08-22 02:20:00,8
15.85302633,-19.15283407,LA1,2009-08-22,02:40:48 AM,02:40:00,Cold-Dry,2009-08-22 02:40:00,8
15.85305583,-19.15286865,LA1,2009-08-22,03:00:48 AM,03:00:00,Cold-Dry,2009-08-22 03:00:00,8
15.85304362,-19.15284831,LA1,2009-08-22,03:20:48 AM,03:20:00,Cold-Dry,2009-08-22 03:20:00,8
15.8530599,-19.15286051,LA1,2009-08-22,03:40:48 AM,03:40:00,Cold-Dry,2009-08-22 03:40:00,8
15.85304057,-19.15285645,LA1,2009-08-22,04:00:48 AM,04:00:00,Cold-Dry,2009-08-22 04:00:00,8
15.85304972,-19.15281982,LA1,2009-08-22,04:20:48 AM,04:20:00,Cold-Dry,2009-08-22 04:20:00,8
15.8530365,-19.15283407,LA1,2009-08-22,04:40:48 AM,04:40:00,Cold-Dry,2009-08-22 04:40:00,8
15.8548116,-19.15222168,LA1,2009-08-22,05:00:48 AM,05:00:00,Cold-Dry,2009-08-22 05:00:00,8
15.85599365,-19.1521403,LA1,2009-08-22,05:20:48 AM,05:20:00,Cold-Dry,2009-08-22 05:20:00,8
15.85641988,-19.15206502,LA1,2009-08-22,05:40:48 AM,05:40:00,Cold-Dry,2009-08-22 05:40:00,8
15.85798645,-19.15254313,LA1,2009-08-22,06:00:48 AM,06:00:00,Cold-Dry,2009-08-22 06:00:00,8
15.85911764,-19.15350749,LA1,2009-08-22,06:20:48 AM,06:20:00,Cold-Dry,2009-08-22 06:20:00,8
15.85971883,-19.1542867,LA1,2009-08-22,06:40:48 AM,06:40:00,Cold-Dry,2009-08-22 06:40:00,8
15.85982259,-19.15490723,LA1,2009-08-22,07:00:48 AM,07:00:00,Cold-Dry,2009-08-22 07:00:00,8
15.86173604,-19.15688273,LA1,2009-08-22,07:20:48 AM,07:20:00,Cold-Dry,2009-08-22 07:20:00,8
15.86994527,-19.15970662,LA1,2009-08-22,07:40:48 AM,07:40:00,Cold-Dry,2009-08-22 07:40:00,8
15.86997375,-19.16005452,LA1,2009-08-22,08:00:48 AM,08:00:00,Cold-Dry,2009-08-22 08:00:00,8
15.87510173,-19.16202189,LA1,2009-08-22,08:20:48 AM,08:20:00,Cold-Dry,2009-08-22 08:20:00,8
15.88182475,-19.16545614,LA1,2009-08-22,08:40:48 AM,08:40:00,Cold-Dry,2009-08-22 08:40:00,8
15.88705343,-19.16731567,LA1,2009-08-22,09:00:48 AM,09:00:00,Cold-Dry,2009-08-22 09:00:00,8
15.89283447,-19.17086995,LA1,2009-08-22,09:20:48 AM,09:20:00,Cold-Dry,2009-08-22 09:20:00,8
15.89969482,-19.17414144,LA1,2009-08-22,09:40:48 AM,09:40:00,Cold-Dry,2009-08-22 09:40:00,8
15.90738932,-19.17671916,LA1,2009-08-22,10:00:48 AM,10:00:00,Cold-Dry,2009-08-22 10:00:00,8
15.91595459,-19.18085938,LA1,2009-08-22,10:20:48 AM,10:20:00,Cold-Dry,2009-08-22 10:20:00,8
15.91585999,-19.18088786,LA1,2009-08-22,10:40:48 AM,10:40:00,Cold-Dry,2009-08-22 10:40:00,8
15.91594442,-19.18087972,LA1,2009-08-22,11:00:48 AM,11:00:00,Cold-Dry,2009-08-22 11:00:00,8
15.91577454,-19.18074137,LA1,2009-08-22,11:20:48 AM,11:20:00,Cold-Dry,2009-08-22 11:20:00,8
15.91597392,-19.180837,LA1,2009-08-22,11:40:48 AM,11:40:00,Cold-Dry,2009-08-22 11:40:00,8
15.91598409,-19.18092448,LA1,2009-08-22,12:00:48 PM,12:00:00,Cold-Dry,2009-08-22 12:00:00,8
15.91593831,-19.18103027,LA1,2009-08-22,12:20:49 PM,12:20:00,Cold-Dry,2009-08-22 12:20:00,8
15.9100647,-19.18049927,LA1,2009-08-22,12:40:48 PM,12:40:00,Cold-Dry,2009-08-22 12:40:00,8
15.90607198,-19.17971802,LA1,2009-08-22,01:00:48 PM,13:00:00,Cold-Dry,2009-08-22 13:00:00,8
15.90553691,-19.17943115,LA1,2009-08-22,01:20:48 PM,13:20:00,Cold-Dry,2009-08-22 13:20:00,8
15.90435994,-19.17857056,LA1,2009-08-22,01:40:48 PM,13:40:00,Cold-Dry,2009-08-22 13:40:00,8
15.9040568,-19.17847087,LA1,2009-08-22,02:00:48 PM,14:00:00,Cold-Dry,2009-08-22 14:00:00,8
15.90397135,-19.17849731,LA1,2009-08-22,02:20:48 PM,14:20:00,Cold-Dry,2009-08-22 14:20:00,8
15.90498759,-19.17804565,LA1,2009-08-22,02:40:48 PM,14:40:00,Cold-Dry,2009-08-22 14:40:00,8
15.90556742,-19.17811279,LA1,2009-08-22,03:00:48 PM,15:00:00,Cold-Dry,2009-08-22 15:00:00,8
15.90718892,-19.17832642,LA1,2009-08-22,03:20:48 PM,15:20:00,Cold-Dry,2009-08-22 15:20:00,8
15.9122406,-19.18021851,LA1,2009-08-22,03:40:48 PM,15:40:00,Cold-Dry,2009-08-22 15:40:00,8
15.91593831,-19.18089396,LA1,2009-08-22,04:00:48 PM,16:00:00,Cold-Dry,2009-08-22 16:00:00,8
15.91348063,-19.17900798,LA1,2009-08-22,04:20:48 PM,16:20:00,Cold-Dry,2009-08-22 16:20:00,8
15.91224976,-19.17361043,LA1,2009-08-22,04:40:48 PM,16:40:00,Cold-Dry,2009-08-22 16:40:00,8
15.91176147,-19.17026978,LA1,2009-08-22,05:00:48 PM,17:00:00,Cold-Dry,2009-08-22 17:00:00,8
15.911262,-19.16828003,LA1,2009-08-22,05:20:48 PM,17:20:00,Cold-Dry,2009-08-22 17:20:00,8
15.91108805,-19.16814168,LA1,2009-08-22,05:40:48 PM,17:40:00,Cold-Dry,2009-08-22 17:40:00,8
15.91027527,-19.16878662,LA1,2009-08-22,06:00:48 PM,18:00:00,Cold-Dry,2009-08-22 18:00:00,8
15.91031189,-19.16819865,LA1,2009-08-22,06:20:48 PM,18:20:00,Cold-Dry,2009-08-22 18:20:00,8
15.9070872,-19.16786092,LA1,2009-08-22,06:40:48 PM,18:40:00,Cold-Dry,2009-08-22 18:40:00,8
15.90602417,-19.16808065,LA1,2009-08-22,07:00:48 PM,19:00:00,Cold-Dry,2009-08-22 19:00:00,8
15.90538534,-19.16769816,LA1,2009-08-22,07:20:48 PM,19:20:00,Cold-Dry,2009-08-22 19:20:00,8
15.90505168,-19.16778768,LA1,2009-08-22,07:40:48 PM,19:40:00,Cold-Dry,2009-08-22 19:40:00,8
15.90365906,-19.16723633,LA1,2009-08-22,08:00:48 PM,20:00:00,Cold-Dry,2009-08-22 20:00:00,8
15.90249125,-19.1665507,LA1,2009-08-22,08:20:48 PM,20:20:00,Cold-Dry,2009-08-22 20:20:00,8
15.89850769,-19.16531372,LA1,2009-08-22,08:40:48 PM,20:40:00,Cold-Dry,2009-08-22 20:40:00,8
15.89491882,-19.16389974,LA1,2009-08-22,09:00:48 PM,21:00:00,Cold-Dry,2009-08-22 21:00:00,8
15.88569031,-19.15843709,LA1,2009-08-22,09:20:48 PM,21:20:00,Cold-Dry,2009-08-22 21:20:00,8
15.88221029,-19.15683594,LA1,2009-08-22,09:40:48 PM,21:40:00,Cold-Dry,2009-08-22 21:40:00,8
15.88133036,-19.15635579,LA1,2009-08-22,10:00:48 PM,22:00:00,Cold-Dry,2009-08-22 22:00:00,8
15.88114217,-19.15620524,LA1,2009-08-22,10:20:48 PM,22:20:00,Cold-Dry,2009-08-22 22:20:00,8
15.87863566,-19.1548055,LA1,2009-08-22,10:40:48 PM,22:40:00,Cold-Dry,2009-08-22 22:40:00,8
15.87827759,-19.15460002,LA1,2009-08-22,11:00:48 PM,23:00:00,Cold-Dry,2009-08-22 23:00:00,8
15.87628479,-19.15298869,LA1,2009-08-22,11:20:48 PM,23:20:00,Cold-Dry,2009-08-22 23:20:00,8
15.87418823,-19.15173543,LA1,2009-08-22,11:40:48 PM,23:40:00,Cold-Dry,2009-08-22 23:40:00,8
15.87418823,-19.15174967,LA1,2009-08-23,12:00:48 AM,00:00:00,Cold-Dry,2009-08-23 00:00:00,8
15.87389628,-19.15172323,LA1,2009-08-23,12:20:49 AM,00:20:00,Cold-Dry,2009-08-23 00:20:00,8
15.873408,-19.15177612,LA1,2009-08-23,12:40:48 AM,00:40:00,Cold-Dry,2009-08-23 00:40:00,8
15.87033386,-19.15119832,LA1,2009-08-23,01:00:49 AM,01:00:00,Cold-Dry,2009-08-23 01:00:00,8
15.86874593,-19.15119629,LA1,2009-08-23,01:20:48 AM,01:20:00,Cold-Dry,2009-08-23 01:20:00,8
15.86749268,-19.15047404,LA1,2009-08-23,01:40:48 AM,01:40:00,Cold-Dry,2009-08-23 01:40:00,8
15.86690979,-19.1501119,LA1,2009-08-23,02:00:48 AM,02:00:00,Cold-Dry,2009-08-23 02:00:00,8
15.86412252,-19.14882406,LA1,2009-08-23,02:20:48 AM,02:20:00,Cold-Dry,2009-08-23 02:20:00,8
15.86160482,-19.14700724,LA1,2009-08-23,02:40:48 AM,02:40:00,Cold-Dry,2009-08-23 02:40:00,8
15.86161092,-19.14703776,LA1,2009-08-23,03:00:48 AM,03:00:00,Cold-Dry,2009-08-23 03:00:00,8
15.8615977,-19.14701538,LA1,2009-08-23,03:20:48 AM,03:20:00,Cold-Dry,2009-08-23 03:20:00,8
15.86160482,-19.14700724,LA1,2009-08-23,03:40:48 AM,03:40:00,Cold-Dry,2009-08-23 03:40:00,8
15.86161397,-19.14702148,LA1,2009-08-23,04:00:48 AM,04:00:00,Cold-Dry,2009-08-23 04:00:00,8
15.86132711,-19.1469401,LA1,2009-08-23,04:20:48 AM,04:20:00,Cold-Dry,2009-08-23 04:20:00,8
15.86133525,-19.1469401,LA1,2009-08-23,04:40:48 AM,04:40:00,Cold-Dry,2009-08-23 04:40:00,8
15.86131388,-19.14694417,LA1,2009-08-23,05:00:48 AM,05:00:00,Cold-Dry,2009-08-23 05:00:00,8
15.85974121,-19.14474284,LA1,2009-08-23,05:20:48 AM,05:20:00,Cold-Dry,2009-08-23 05:20:00,8
15.85926514,-19.14378255,LA1,2009-08-23,05:40:48 AM,05:40:00,Cold-Dry,2009-08-23 05:40:00,8
15.85927836,-19.14381104,LA1,2009-08-23,06:00:48 AM,06:00:00,Cold-Dry,2009-08-23 06:00:00,8
15.85926005,-19.14365234,LA1,2009-08-23,06:20:48 AM,06:20:00,Cold-Dry,2009-08-23 06:20:00,8
15.85923564,-19.14362183,LA1,2009-08-23,06:40:48 AM,06:40:00,Cold-Dry,2009-08-23 06:40:00,8
15.85926819,-19.14309082,LA1,2009-08-23,07:00:48 AM,07:00:00,Cold-Dry,2009-08-23 07:00:00,8
15.85916341,-19.14286702,LA1,2009-08-23,07:20:48 AM,07:20:00,Cold-Dry,2009-08-23 07:20:00,8
15.85938924,-19.14289754,LA1,2009-08-23,07:40:48 AM,07:40:00,Cold-Dry,2009-08-23 07:40:00,8
15.85941366,-19.14289347,LA1,2009-08-23,08:00:48 AM,08:00:00,Cold-Dry,2009-08-23 08:00:00,8
15.85923665,-19.14282227,LA1,2009-08-23,08:20:48 AM,08:20:00,Cold-Dry,2009-08-23 08:20:00,8
15.85896301,-19.14318441,LA1,2009-08-23,08:40:48 AM,08:40:00,Cold-Dry,2009-08-23 08:40:00,8
15.85713196,-19.1444458,LA1,2009-08-23,09:00:48 AM,09:00:00,Cold-Dry,2009-08-23 09:00:00,8
15.8557607,-19.14500122,LA1,2009-08-23,09:20:48 AM,09:20:00,Cold-Dry,2009-08-23 09:20:00,8
15.8555837,-19.14476522,LA1,2009-08-23,09:40:48 AM,09:40:00,Cold-Dry,2009-08-23 09:40:00,8
15.85560303,-19.14477336,LA1,2009-08-23,10:00:48 AM,10:00:00,Cold-Dry,2009-08-23 10:00:00,8
15.85557149,-19.14477743,LA1,2009-08-23,10:20:48 AM,10:20:00,Cold-Dry,2009-08-23 10:20:00,8
15.85559387,-19.14480387,LA1,2009-08-23,10:40:48 AM,10:40:00,Cold-Dry,2009-08-23 10:40:00,8
15.85558268,-19.14480591,LA1,2009-08-23,11:00:48 AM,11:00:00,Cold-Dry,2009-08-23 11:00:00,8
15.85557353,-19.14476115,LA1,2009-08-23,11:20:48 AM,11:20:00,Cold-Dry,2009-08-23 11:20:00,8
15.8556132,-19.14458211,LA1,2009-08-23,11:40:48 AM,11:40:00,Cold-Dry,2009-08-23 11:40:00,8
15.85517985,-19.14353027,LA1,2009-08-23,12:00:48 PM,12:00:00,Cold-Dry,2009-08-23 12:00:00,8
15.85517375,-19.14317424,LA1,2009-08-23,12:20:48 PM,12:20:00,Cold-Dry,2009-08-23 12:20:00,8
15.85460307,-19.14534912,LA1,2009-08-23,12:40:48 PM,12:40:00,Cold-Dry,2009-08-23 12:40:00,8
15.85416565,-19.14559733,LA1,2009-08-23,01:00:48 PM,13:00:00,Cold-Dry,2009-08-23 13:00:00,8
15.85420125,-19.14561564,LA1,2009-08-23,01:20:48 PM,13:20:00,Cold-Dry,2009-08-23 13:20:00,8
15.85416667,-19.14557902,LA1,2009-08-23,01:40:48 PM,13:40:00,Cold-Dry,2009-08-23 13:40:00,8
15.8537384,-19.1449056,LA1,2009-08-23,02:00:48 PM,14:00:00,Cold-Dry,2009-08-23 14:00:00,8
15.85349121,-19.14422607,LA1,2009-08-23,02:20:48 PM,14:20:00,Cold-Dry,2009-08-23 14:20:00,8
15.85245667,-19.14192708,LA1,2009-08-23,02:40:48 PM,14:40:00,Cold-Dry,2009-08-23 14:40:00,8
15.85246277,-19.1419047,LA1,2009-08-23,03:00:48 PM,15:00:00,Cold-Dry,2009-08-23 15:00:00,8
15.85244954,-19.14191895,LA1,2009-08-23,03:20:48 PM,15:20:00,Cold-Dry,2009-08-23 15:20:00,8
15.84988607,-19.13835449,LA1,2009-08-23,03:40:48 PM,15:40:00,Cold-Dry,2009-08-23 15:40:00,8
15.84686584,-19.13475342,LA1,2009-08-23,04:00:48 PM,16:00:00,Cold-Dry,2009-08-23 16:00:00,8
15.84356995,-19.13079631,LA1,2009-08-23,04:20:48 PM,16:20:00,Cold-Dry,2009-08-23 16:20:00,8
15.84261068,-19.12863363,LA1,2009-08-23,04:40:49 PM,16:40:00,Cold-Dry,2009-08-23 16:40:00,8
15.84135335,-19.1281779,LA1,2009-08-23,05:00:48 PM,17:00:00,Cold-Dry,2009-08-23 17:00:00,8
15.84133809,-19.12810465,LA1,2009-08-23,05:20:49 PM,17:20:00,Cold-Dry,2009-08-23 17:20:00,8
15.84054972,-19.12657878,LA1,2009-08-23,05:40:48 PM,17:40:00,Cold-Dry,2009-08-23 17:40:00,8
15.83803101,-19.12425944,LA1,2009-08-23,06:00:48 PM,18:00:00,Cold-Dry,2009-08-23 18:00:00,8
15.83806661,-19.12421265,LA1,2009-08-23,06:20:48 PM,18:20:00,Cold-Dry,2009-08-23 18:20:00,8
15.83774719,-19.12399902,LA1,2009-08-23,06:40:48 PM,18:40:00,Cold-Dry,2009-08-23 18:40:00,8
15.83734741,-19.12374674,LA1,2009-08-23,07:00:48 PM,19:00:00,Cold-Dry,2009-08-23 19:00:00,8
15.83721415,-19.12370809,LA1,2009-08-23,07:20:48 PM,19:20:00,Cold-Dry,2009-08-23 19:20:00,8
15.83667603,-19.12310994,LA1,2009-08-23,07:40:48 PM,19:40:00,Cold-Dry,2009-08-23 19:40:00,8
15.83667908,-19.12312419,LA1,2009-08-23,08:00:48 PM,20:00:00,Cold-Dry,2009-08-23 20:00:00,8
15.83653971,-19.12299601,LA1,2009-08-23,08:20:48 PM,20:20:00,Cold-Dry,2009-08-23 20:20:00,8
15.83653361,-19.12302043,LA1,2009-08-23,08:40:48 PM,20:40:00,Cold-Dry,2009-08-23 20:40:00,8
15.83563538,-19.1225647,LA1,2009-08-23,09:00:48 PM,21:00:00,Cold-Dry,2009-08-23 21:00:00,8
15.83582967,-19.12227783,LA1,2009-08-23,09:20:48 PM,21:20:00,Cold-Dry,2009-08-23 21:20:00,8
15.83631388,-19.12191366,LA1,2009-08-23,09:40:48 PM,21:40:00,Cold-Dry,2009-08-23 21:40:00,8
15.83606873,-19.12218424,LA1,2009-08-23,10:00:48 PM,22:00:00,Cold-Dry,2009-08-23 22:00:00,8
15.83533529,-19.12217204,LA1,2009-08-23,10:20:48 PM,22:20:00,Cold-Dry,2009-08-23 22:20:00,8
15.83518677,-19.12199097,LA1,2009-08-23,10:40:48 PM,22:40:00,Cold-Dry,2009-08-23 22:40:00,8
15.83416646,-19.12270304,LA1,2009-08-23,11:00:48 PM,23:00:00,Cold-Dry,2009-08-23 23:00:00,8
15.83216248,-19.12344564,LA1,2009-08-23,11:20:48 PM,23:20:00,Cold-Dry,2009-08-23 23:20:00,8
15.83054301,-19.12381185,LA1,2009-08-23,11:40:48 PM,23:40:00,Cold-Dry,2009-08-23 23:40:00,8
15.82946269,-19.12377523,LA1,2009-08-24,12:00:48 AM,00:00:00,Cold-Dry,2009-08-24 00:00:00,8
15.82833862,-19.12393595,LA1,2009-08-24,12:20:48 AM,00:20:00,Cold-Dry,2009-08-24 00:20:00,8
15.82654826,-19.12389323,LA1,2009-08-24,12:40:48 AM,00:40:00,Cold-Dry,2009-08-24 00:40:00,8
15.82556966,-19.12404378,LA1,2009-08-24,01:00:48 AM,01:00:00,Cold-Dry,2009-08-24 01:00:00,8
15.82277222,-19.1255717,LA1,2009-08-24,01:20:48 AM,01:20:00,Cold-Dry,2009-08-24 01:20:00,8
15.81837158,-19.12607015,LA1,2009-08-24,01:40:48 AM,01:40:00,Cold-Dry,2009-08-24 01:40:00,8
15.81650696,-19.12585653,LA1,2009-08-24,02:00:48 AM,02:00:00,Cold-Dry,2009-08-24 02:00:00,8
15.81639811,-19.12583618,LA1,2009-08-24,02:20:48 AM,02:20:00,Cold-Dry,2009-08-24 02:20:00,8
15.81639811,-19.1258077,LA1,2009-08-24,02:40:48 AM,02:40:00,Cold-Dry,2009-08-24 02:40:00,8
15.81639913,-19.12589722,LA1,2009-08-24,03:00:48 AM,03:00:00,Cold-Dry,2009-08-24 03:00:00,8
15.81641439,-19.12585246,LA1,2009-08-24,03:20:48 AM,03:20:00,Cold-Dry,2009-08-24 03:20:00,8
15.81639709,-19.12586873,LA1,2009-08-24,03:40:48 AM,03:40:00,Cold-Dry,2009-08-24 03:40:00,8
15.81632996,-19.12591553,LA1,2009-08-24,04:00:48 AM,04:00:00,Cold-Dry,2009-08-24 04:00:00,8
15.81639201,-19.12585246,LA1,2009-08-24,04:20:48 AM,04:20:00,Cold-Dry,2009-08-24 04:20:00,8
15.81640625,-19.12582194,LA1,2009-08-24,04:40:48 AM,04:40:00,Cold-Dry,2009-08-24 04:40:00,8
15.8157725,-19.12647909,LA1,2009-08-24,05:00:48 AM,05:00:00,Cold-Dry,2009-08-24 05:00:00,8
15.81464335,-19.12962646,LA1,2009-08-24,05:20:48 AM,05:20:00,Cold-Dry,2009-08-24 05:20:00,8
15.81067912,-19.13470662,LA1,2009-08-24,05:40:48 AM,05:40:00,Cold-Dry,2009-08-24 05:40:00,8
15.80516968,-19.1366394,LA1,2009-08-24,06:00:48 AM,06:00:00,Cold-Dry,2009-08-24 06:00:00,8
15.79976196,-19.13862101,LA1,2009-08-24,06:20:48 AM,06:20:00,Cold-Dry,2009-08-24 06:20:00,8
15.79928385,-19.13874715,LA1,2009-08-24,06:40:48 AM,06:40:00,Cold-Dry,2009-08-24 06:40:00,8
15.79883931,-19.13893026,LA1,2009-08-24,07:00:48 AM,07:00:00,Cold-Dry,2009-08-24 07:00:00,8
15.79861348,-19.13945719,LA1,2009-08-24,07:20:48 AM,07:20:00,Cold-Dry,2009-08-24 07:20:00,8
15.79766744,-19.13925985,LA1,2009-08-24,07:40:48 AM,07:40:00,Cold-Dry,2009-08-24 07:40:00,8
15.79726664,-19.13892822,LA1,2009-08-24,08:00:48 AM,08:00:00,Cold-Dry,2009-08-24 08:00:00,8
15.79639079,-19.1391744,LA1,2009-08-24,08:20:48 AM,08:20:00,Cold-Dry,2009-08-24 08:20:00,8
15.79459127,-19.14046021,LA1,2009-08-24,08:40:48 AM,08:40:00,Cold-Dry,2009-08-24 08:40:00,8
15.79350382,-19.14087321,LA1,2009-08-24,09:00:48 AM,09:00:00,Cold-Dry,2009-08-24 09:00:00,8
15.79322815,-19.14089762,LA1,2009-08-24,09:20:48 AM,09:20:00,Cold-Dry,2009-08-24 09:20:00,8
15.79202779,-19.13981527,LA1,2009-08-24,09:40:48 AM,09:40:00,Cold-Dry,2009-08-24 09:40:00,8
15.79128215,-19.13901164,LA1,2009-08-24,10:00:48 AM,10:00:00,Cold-Dry,2009-08-24 10:00:00,8
15.79132792,-19.13870646,LA1,2009-08-24,10:20:48 AM,10:20:00,Cold-Dry,2009-08-24 10:20:00,8
15.79132589,-19.13871257,LA1,2009-08-24,10:40:48 AM,10:40:00,Cold-Dry,2009-08-24 10:40:00,8
15.79135132,-19.13870443,LA1,2009-08-24,11:00:48 AM,11:00:00,Cold-Dry,2009-08-24 11:00:00,8
15.79125671,-19.1386556,LA1,2009-08-24,11:20:48 AM,11:20:00,Cold-Dry,2009-08-24 11:20:00,8
15.79029338,-19.13705241,LA1,2009-08-24,11:40:48 AM,11:40:00,Cold-Dry,2009-08-24 11:40:00,8
15.78890381,-19.13509318,LA1,2009-08-24,12:00:48 PM,12:00:00,Cold-Dry,2009-08-24 12:00:00,8
15.78818156,-19.13424886,LA1,2009-08-24,12:20:49 PM,12:20:00,Cold-Dry,2009-08-24 12:20:00,8
15.78726196,-19.13352661,LA1,2009-08-24,12:40:48 PM,12:40:00,Cold-Dry,2009-08-24 12:40:00,8
15.78726095,-19.13354289,LA1,2009-08-24,01:00:48 PM,13:00:00,Cold-Dry,2009-08-24 13:00:00,8
15.78725179,-19.13355306,LA1,2009-08-24,01:20:48 PM,13:20:00,Cold-Dry,2009-08-24 13:20:00,8
15.78725077,-19.13354696,LA1,2009-08-24,01:40:48 PM,13:40:00,Cold-Dry,2009-08-24 13:40:00,8
15.78727214,-19.13354696,LA1,2009-08-24,02:00:48 PM,14:00:00,Cold-Dry,2009-08-24 14:00:00,8
15.78726603,-19.13354289,LA1,2009-08-24,02:20:48 PM,14:20:00,Cold-Dry,2009-08-24 14:20:00,8
15.78735962,-19.13211466,LA1,2009-08-24,02:40:48 PM,14:40:00,Cold-Dry,2009-08-24 14:40:00,8
15.78739827,-19.13202922,LA1,2009-08-24,03:00:48 PM,15:00:00,Cold-Dry,2009-08-24 15:00:00,8
15.7874176,-19.13198853,LA1,2009-08-24,03:20:48 PM,15:20:00,Cold-Dry,2009-08-24 15:20:00,8
15.78732402,-19.13155314,LA1,2009-08-24,03:40:48 PM,15:40:00,Cold-Dry,2009-08-24 15:40:00,8
15.78810018,-19.13108724,LA1,2009-08-24,04:00:48 PM,16:00:00,Cold-Dry,2009-08-24 16:00:00,8
15.78897196,-19.13069051,LA1,2009-08-24,04:20:48 PM,16:20:00,Cold-Dry,2009-08-24 16:20:00,8
15.78969828,-19.12932943,LA1,2009-08-24,04:40:48 PM,16:40:00,Cold-Dry,2009-08-24 16:40:00,8
15.78980815,-19.12916463,LA1,2009-08-24,05:00:48 PM,17:00:00,Cold-Dry,2009-08-24 17:00:00,8
15.78981934,-19.12886353,LA1,2009-08-24,05:20:48 PM,17:20:00,Cold-Dry,2009-08-24 17:20:00,8
15.78994751,-19.12860107,LA1,2009-08-24,05:40:48 PM,17:40:00,Cold-Dry,2009-08-24 17:40:00,8
15.79017537,-19.12820638,LA1,2009-08-24,06:00:48 PM,18:00:00,Cold-Dry,2009-08-24 18:00:00,8
15.79063314,-19.128007,LA1,2009-08-24,06:20:48 PM,18:20:00,Cold-Dry,2009-08-24 18:20:00,8
15.78802795,-19.12916056,LA1,2009-08-24,06:40:48 PM,18:40:00,Cold-Dry,2009-08-24 18:40:00,8
15.7881307,-19.13064982,LA1,2009-08-24,07:00:48 PM,19:00:00,Cold-Dry,2009-08-24 19:00:00,8
15.78796387,-19.13088786,LA1,2009-08-24,07:20:48 PM,19:20:00,Cold-Dry,2009-08-24 19:20:00,8
15.78789775,-19.13138631,LA1,2009-08-24,07:40:48 PM,19:40:00,Cold-Dry,2009-08-24 19:40:00,8
15.78822632,-19.13140869,LA1,2009-08-24,08:00:48 PM,20:00:00,Cold-Dry,2009-08-24 20:00:00,8
15.78895365,-19.13133545,LA1,2009-08-24,08:20:48 PM,20:20:00,Cold-Dry,2009-08-24 20:20:00,8
15.79050496,-19.13106486,LA1,2009-08-24,08:40:48 PM,20:40:00,Cold-Dry,2009-08-24 20:40:00,8
15.7905955,-19.13133138,LA1,2009-08-24,09:00:48 PM,21:00:00,Cold-Dry,2009-08-24 21:00:00,8
15.79139811,-19.13189087,LA1,2009-08-24,09:20:48 PM,21:20:00,Cold-Dry,2009-08-24 21:20:00,8
15.79258728,-19.13255208,LA1,2009-08-24,09:40:48 PM,21:40:00,Cold-Dry,2009-08-24 21:40:00,8
15.79258423,-19.13254598,LA1,2009-08-24,10:00:48 PM,22:00:00,Cold-Dry,2009-08-24 22:00:00,8
15.79259338,-19.13265584,LA1,2009-08-24,10:20:48 PM,22:20:00,Cold-Dry,2009-08-24 22:20:00,8
15.79428101,-19.13273519,LA1,2009-08-24,10:40:48 PM,22:40:00,Cold-Dry,2009-08-24 22:40:00,8
15.7943512,-19.13274943,LA1,2009-08-24,11:00:48 PM,23:00:00,Cold-Dry,2009-08-24 23:00:00,8
15.79431763,-19.13276367,LA1,2009-08-24,11:20:48 PM,23:20:00,Cold-Dry,2009-08-24 23:20:00,8
15.79429525,-19.13276978,LA1,2009-08-24,11:40:48 PM,23:40:00,Cold-Dry,2009-08-24 23:40:00,8
15.79428507,-19.13278605,LA1,2009-08-25,12:00:48 AM,00:00:00,Cold-Dry,2009-08-25 00:00:00,8
15.79426371,-19.13277791,LA1,2009-08-25,12:20:49 AM,00:20:00,Cold-Dry,2009-08-25 00:20:00,8
15.79613241,-19.13254801,LA1,2009-08-25,12:40:48 AM,00:40:00,Cold-Dry,2009-08-25 00:40:00,8
15.79606425,-19.13263753,LA1,2009-08-25,01:00:48 AM,01:00:00,Cold-Dry,2009-08-25 01:00:00,8
15.79605916,-19.13261922,LA1,2009-08-25,01:20:48 AM,01:20:00,Cold-Dry,2009-08-25 01:20:00,8
15.79607239,-19.13263346,LA1,2009-08-25,01:40:48 AM,01:40:00,Cold-Dry,2009-08-25 01:40:00,8
15.79606222,-19.13262939,LA1,2009-08-25,02:00:48 AM,02:00:00,Cold-Dry,2009-08-25 02:00:00,8
15.79607239,-19.13267212,LA1,2009-08-25,02:20:48 AM,02:20:00,Cold-Dry,2009-08-25 02:20:00,8
15.79606527,-19.1326416,LA1,2009-08-25,02:40:48 AM,02:40:00,Cold-Dry,2009-08-25 02:40:00,8
15.79606018,-19.1326416,LA1,2009-08-25,03:00:48 AM,03:00:00,Cold-Dry,2009-08-25 03:00:00,8
15.79609273,-19.13262329,LA1,2009-08-25,03:20:48 AM,03:20:00,Cold-Dry,2009-08-25 03:20:00,8
15.79605408,-19.13262736,LA1,2009-08-25,03:40:48 AM,03:40:00,Cold-Dry,2009-08-25 03:40:00,8
15.79609172,-19.13261108,LA1,2009-08-25,04:00:48 AM,04:00:00,Cold-Dry,2009-08-25 04:00:00,8
15.79632263,-19.13285522,LA1,2009-08-25,04:20:48 AM,04:20:00,Cold-Dry,2009-08-25 04:20:00,8
15.79726156,-19.13345337,LA1,2009-08-25,04:40:48 AM,04:40:00,Cold-Dry,2009-08-25 04:40:00,8
15.79800924,-19.13427938,LA1,2009-08-25,05:00:48 AM,05:00:00,Cold-Dry,2009-08-25 05:00:00,8
15.79833679,-19.13479004,LA1,2009-08-25,05:20:48 AM,05:20:00,Cold-Dry,2009-08-25 05:20:00,8
15.79913737,-19.13795776,LA1,2009-08-25,05:40:48 AM,05:40:00,Cold-Dry,2009-08-25 05:40:00,8
15.79896851,-19.13827718,LA1,2009-08-25,06:00:48 AM,06:00:00,Cold-Dry,2009-08-25 06:00:00,8
15.79874776,-19.13906657,LA1,2009-08-25,06:20:48 AM,06:20:00,Cold-Dry,2009-08-25 06:20:00,8
15.80107625,-19.13913574,LA1,2009-08-25,06:40:48 AM,06:40:00,Cold-Dry,2009-08-25 06:40:00,8
15.80306803,-19.14008789,LA1,2009-08-25,07:00:48 AM,07:00:00,Cold-Dry,2009-08-25 07:00:00,8
15.80461833,-19.14072469,LA1,2009-08-25,07:20:48 AM,07:20:00,Cold-Dry,2009-08-25 07:20:00,8
15.80476481,-19.14100138,LA1,2009-08-25,07:40:48 AM,07:40:00,Cold-Dry,2009-08-25 07:40:00,8
15.80819906,-19.14092,LA1,2009-08-25,08:00:48 AM,08:00:00,Cold-Dry,2009-08-25 08:00:00,8
15.81299032,-19.14185994,LA1,2009-08-25,08:20:48 AM,08:20:00,Cold-Dry,2009-08-25 08:20:00,8
15.81320496,-19.14199422,LA1,2009-08-25,08:40:48 AM,08:40:00,Cold-Dry,2009-08-25 08:40:00,8
15.81605123,-19.14272054,LA1,2009-08-25,09:00:48 AM,09:00:00,Cold-Dry,2009-08-25 09:00:00,8
15.82350667,-19.14569499,LA1,2009-08-25,09:20:48 AM,09:20:00,Cold-Dry,2009-08-25 09:20:00,8
15.82778219,-19.14547729,LA1,2009-08-25,09:40:48 AM,09:40:00,Cold-Dry,2009-08-25 09:40:00,8
15.83194071,-19.14727376,LA1,2009-08-25,10:00:48 AM,10:00:00,Cold-Dry,2009-08-25 10:00:00,8
15.83284607,-19.14727783,LA1,2009-08-25,10:20:48 AM,10:20:00,Cold-Dry,2009-08-25 10:20:00,8
15.83360596,-19.1473938,LA1,2009-08-25,10:40:48 AM,10:40:00,Cold-Dry,2009-08-25 10:40:00,8
15.83416545,-19.14733683,LA1,2009-08-25,11:00:48 AM,11:00:00,Cold-Dry,2009-08-25 11:00:00,8
15.83800456,-19.14832764,LA1,2009-08-25,11:20:48 AM,11:20:00,Cold-Dry,2009-08-25 11:20:00,8
15.84558716,-19.15086466,LA1,2009-08-25,11:40:48 AM,11:40:00,Cold-Dry,2009-08-25 11:40:00,8
15.84886068,-19.15238444,LA1,2009-08-25,12:00:48 PM,12:00:00,Cold-Dry,2009-08-25 12:00:00,8
15.85595805,-19.1553243,LA1,2009-08-25,12:20:49 PM,12:20:00,Cold-Dry,2009-08-25 12:20:00,8
15.86250203,-19.15711466,LA1,2009-08-25,12:40:48 PM,12:40:00,Cold-Dry,2009-08-25 12:40:00,8
15.87135518,-19.15970662,LA1,2009-08-25,01:00:48 PM,13:00:00,Cold-Dry,2009-08-25 13:00:00,8
15.88028666,-19.16190796,LA1,2009-08-25,01:20:48 PM,13:20:00,Cold-Dry,2009-08-25 13:20:00,8
15.88816528,-19.16497599,LA1,2009-08-25,01:40:48 PM,13:40:00,Cold-Dry,2009-08-25 13:40:00,8
15.89373067,-19.1656779,LA1,2009-08-25,02:00:48 PM,14:00:00,Cold-Dry,2009-08-25 14:00:00,8
15.9007548,-19.16811727,LA1,2009-08-25,02:20:48 PM,14:20:00,Cold-Dry,2009-08-25 14:20:00,8
15.90843302,-19.17346191,LA1,2009-08-25,02:40:48 PM,14:40:00,Cold-Dry,2009-08-25 14:40:00,8
15.9153656,-19.18045247,LA1,2009-08-25,03:00:48 PM,15:00:00,Cold-Dry,2009-08-25 15:00:00,8
15.91593018,-19.18088582,LA1,2009-08-25,03:20:48 PM,15:20:00,Cold-Dry,2009-08-25 15:20:00,8
15.91592306,-19.18085327,LA1,2009-08-25,03:40:48 PM,15:40:00,Cold-Dry,2009-08-25 15:40:00,8
15.9159495,-19.18090007,LA1,2009-08-25,04:00:48 PM,16:00:00,Cold-Dry,2009-08-25 16:00:00,8
15.9156545,-19.18069865,LA1,2009-08-25,04:20:48 PM,16:20:00,Cold-Dry,2009-08-25 16:20:00,8
15.90851339,-19.1784078,LA1,2009-08-25,04:40:48 PM,16:40:00,Cold-Dry,2009-08-25 16:40:00,8
15.90474752,-19.17808634,LA1,2009-08-25,05:00:48 PM,17:00:00,Cold-Dry,2009-08-25 17:00:00,8
15.90229696,-19.17766113,LA1,2009-08-25,05:20:48 PM,17:20:00,Cold-Dry,2009-08-25 17:20:00,8
15.90173035,-19.17740072,LA1,2009-08-25,05:40:48 PM,17:40:00,Cold-Dry,2009-08-25 17:40:00,8
15.9011912,-19.17714844,LA1,2009-08-25,06:00:48 PM,18:00:00,Cold-Dry,2009-08-25 18:00:00,8
15.899646,-19.1776591,LA1,2009-08-25,06:20:48 PM,18:20:00,Cold-Dry,2009-08-25 18:20:00,8
15.89987996,-19.17745158,LA1,2009-08-25,06:40:48 PM,18:40:00,Cold-Dry,2009-08-25 18:40:00,8
15.89965413,-19.17727254,LA1,2009-08-25,07:00:48 PM,19:00:00,Cold-Dry,2009-08-25 19:00:00,8
15.89940186,-19.17642822,LA1,2009-08-25,07:20:48 PM,19:20:00,Cold-Dry,2009-08-25 19:20:00,8
15.89865417,-19.17646891,LA1,2009-08-25,07:40:48 PM,19:40:00,Cold-Dry,2009-08-25 19:40:00,8
15.89710185,-19.17657878,LA1,2009-08-25,08:00:48 PM,20:00:00,Cold-Dry,2009-08-25 20:00:00,8
15.89647115,-19.17682088,LA1,2009-08-25,08:20:48 PM,20:20:00,Cold-Dry,2009-08-25 20:20:00,8
15.89597778,-19.17676188,LA1,2009-08-25,08:40:48 PM,20:40:00,Cold-Dry,2009-08-25 20:40:00,8
15.89506022,-19.17674967,LA1,2009-08-25,09:00:48 PM,21:00:00,Cold-Dry,2009-08-25 21:00:00,8
15.89461466,-19.17661336,LA1,2009-08-25,09:20:48 PM,21:20:00,Cold-Dry,2009-08-25 21:20:00,8
15.8936849,-19.1762675,LA1,2009-08-25,09:40:49 PM,21:40:00,Cold-Dry,2009-08-25 21:40:00,8
15.89339498,-19.17630412,LA1,2009-08-25,10:00:48 PM,22:00:00,Cold-Dry,2009-08-25 22:00:00,8
15.89295553,-19.17552694,LA1,2009-08-25,10:20:48 PM,22:20:00,Cold-Dry,2009-08-25 22:20:00,8
15.89279582,-19.17506714,LA1,2009-08-25,10:40:48 PM,22:40:00,Cold-Dry,2009-08-25 22:40:00,8
15.89322408,-19.1738973,LA1,2009-08-25,11:00:48 PM,23:00:00,Cold-Dry,2009-08-25 23:00:00,8
15.89585164,-19.17061971,LA1,2009-08-25,11:20:48 PM,23:20:00,Cold-Dry,2009-08-25 23:20:00,8
15.89782613,-19.16813965,LA1,2009-08-25,11:40:49 PM,23:40:00,Cold-Dry,2009-08-25 23:40:00,8
15.8980601,-19.1671875,LA1,2009-08-26,12:00:48 AM,00:00:00,Cold-Dry,2009-08-26 00:00:00,8
15.89832357,-19.1666687,LA1,2009-08-26,12:20:49 AM,00:20:00,Cold-Dry,2009-08-26 00:20:00,8
15.89957479,-19.16637573,LA1,2009-08-26,12:40:48 AM,00:40:00,Cold-Dry,2009-08-26 00:40:00,8
15.90123494,-19.16509806,LA1,2009-08-26,01:00:49 AM,01:00:00,Cold-Dry,2009-08-26 01:00:00,8
15.90377909,-19.16368408,LA1,2009-08-26,01:20:48 AM,01:20:00,Cold-Dry,2009-08-26 01:20:00,8
15.90432027,-19.16339315,LA1,2009-08-26,01:40:48 AM,01:40:00,Cold-Dry,2009-08-26 01:40:00,8
15.90437927,-19.16330973,LA1,2009-08-26,02:00:48 AM,02:00:00,Cold-Dry,2009-08-26 02:00:00,8
15.90478923,-19.16304525,LA1,2009-08-26,02:20:48 AM,02:20:00,Cold-Dry,2009-08-26 02:20:00,8
15.90651042,-19.16204427,LA1,2009-08-26,02:40:48 AM,02:40:00,Cold-Dry,2009-08-26 02:40:00,8
15.90918579,-19.16074829,LA1,2009-08-26,03:00:48 AM,03:00:00,Cold-Dry,2009-08-26 03:00:00,8
15.90970459,-19.1604248,LA1,2009-08-26,03:20:48 AM,03:20:00,Cold-Dry,2009-08-26 03:20:00,8
15.91175334,-19.15947062,LA1,2009-08-26,03:40:48 AM,03:40:00,Cold-Dry,2009-08-26 03:40:00,8
15.91255188,-19.15913493,LA1,2009-08-26,04:00:49 AM,04:00:00,Cold-Dry,2009-08-26 04:00:00,8
15.91432393,-19.15901286,LA1,2009-08-26,04:20:48 AM,04:20:00,Cold-Dry,2009-08-26 04:20:00,8
15.91984965,-19.15851644,LA1,2009-08-26,04:40:48 AM,04:40:00,Cold-Dry,2009-08-26 04:40:00,8
15.92199707,-19.15900472,LA1,2009-08-26,05:00:48 AM,05:00:00,Cold-Dry,2009-08-26 05:00:00,8
15.93048706,-19.16015218,LA1,2009-08-26,05:20:48 AM,05:20:00,Cold-Dry,2009-08-26 05:20:00,8
15.93429769,-19.16010946,LA1,2009-08-26,05:40:49 AM,05:40:00,Cold-Dry,2009-08-26 05:40:00,8
15.93576558,-19.16190592,LA1,2009-08-26,06:00:48 AM,06:00:00,Cold-Dry,2009-08-26 06:00:00,8
15.93578186,-19.16198934,LA1,2009-08-26,06:20:48 AM,06:20:00,Cold-Dry,2009-08-26 06:20:00,8
15.93609721,-19.16218465,LA1,2009-08-26,06:40:48 AM,06:40:00,Cold-Dry,2009-08-26 06:40:00,8
15.93669942,-19.16262817,LA1,2009-08-26,07:00:48 AM,07:00:00,Cold-Dry,2009-08-26 07:00:00,8
15.93691508,-19.16288656,LA1,2009-08-26,07:20:48 AM,07:20:00,Cold-Dry,2009-08-26 07:20:00,8
15.93710022,-19.16292318,LA1,2009-08-26,07:40:48 AM,07:40:00,Cold-Dry,2009-08-26 07:40:00,8
15.93756917,-19.1634318,LA1,2009-08-26,08:00:49 AM,08:00:00,Cold-Dry,2009-08-26 08:00:00,8
15.93763835,-19.16362305,LA1,2009-08-26,08:20:48 AM,08:20:00,Cold-Dry,2009-08-26 08:20:00,8
15.93851725,-19.16387533,LA1,2009-08-26,08:40:48 AM,08:40:00,Cold-Dry,2009-08-26 08:40:00,8
15.93960673,-19.16364543,LA1,2009-08-26,09:00:48 AM,09:00:00,Cold-Dry,2009-08-26 09:00:00,8
15.94169515,-19.16338501,LA1,2009-08-26,09:20:48 AM,09:20:00,Cold-Dry,2009-08-26 09:20:00,8
15.94248454,-19.16358236,LA1,2009-08-26,09:40:48 AM,09:40:00,Cold-Dry,2009-08-26 09:40:00,8
15.94276835,-19.16372884,LA1,2009-08-26,10:00:48 AM,10:00:00,Cold-Dry,2009-08-26 10:00:00,8
15.94264526,-19.16371257,LA1,2009-08-26,10:20:48 AM,10:20:00,Cold-Dry,2009-08-26 10:20:00,8
15.94320984,-19.16375122,LA1,2009-08-26,10:40:48 AM,10:40:00,Cold-Dry,2009-08-26 10:40:00,8
15.94327291,-19.16357625,LA1,2009-08-26,11:00:48 AM,11:00:00,Cold-Dry,2009-08-26 11:00:00,8
15.94327189,-19.16355591,LA1,2009-08-26,11:20:48 AM,11:20:00,Cold-Dry,2009-08-26 11:20:00,8
15.94271851,-19.16396891,LA1,2009-08-26,11:40:48 AM,11:40:00,Cold-Dry,2009-08-26 11:40:00,8
15.9410909,-19.1644694,LA1,2009-08-26,12:00:48 PM,12:00:00,Cold-Dry,2009-08-26 12:00:00,8
15.93810832,-19.16461995,LA1,2009-08-26,12:21:48 PM,12:21:00,Cold-Dry,2009-08-26 12:21:00,8
15.9334493,-19.16723836,LA1,2009-08-26,12:42:48 PM,12:42:00,Cold-Dry,2009-08-26 12:42:00,8
15.93343099,-19.16723836,LA1,2009-08-26,01:00:19 PM,13:00:00,Cold-Dry,2009-08-26 13:00:00,8
15.93340149,-19.16720988,LA1,2009-08-26,01:20:49 PM,13:20:00,Cold-Dry,2009-08-26 13:20:00,8
15.93343811,-19.16724447,LA1,2009-08-26,01:42:19 PM,13:42:00,Cold-Dry,2009-08-26 13:42:00,8
15.9334727,-19.16726888,LA1,2009-08-26,02:02:19 PM,14:02:00,Cold-Dry,2009-08-26 14:02:00,8
15.93347168,-19.16723226,LA1,2009-08-26,02:20:49 PM,14:20:00,Cold-Dry,2009-08-26 14:20:00,8
15.93318481,-19.16805827,LA1,2009-08-26,02:40:48 PM,14:40:00,Cold-Dry,2009-08-26 14:40:00,8
15.93243205,-19.16919149,LA1,2009-08-26,03:00:48 PM,15:00:00,Cold-Dry,2009-08-26 15:00:00,8
15.93127441,-19.17100627,LA1,2009-08-26,03:20:48 PM,15:20:00,Cold-Dry,2009-08-26 15:20:00,8
15.9308492,-19.1712972,LA1,2009-08-26,03:40:48 PM,15:40:00,Cold-Dry,2009-08-26 15:40:00,8
15.93060608,-19.17162882,LA1,2009-08-26,04:00:48 PM,16:00:00,Cold-Dry,2009-08-26 16:00:00,8
15.93059692,-19.17179362,LA1,2009-08-26,04:20:48 PM,16:20:00,Cold-Dry,2009-08-26 16:20:00,8
15.93124288,-19.17304484,LA1,2009-08-26,04:40:48 PM,16:40:00,Cold-Dry,2009-08-26 16:40:00,8
15.93081055,-19.1755839,LA1,2009-08-26,05:00:48 PM,17:00:00,Cold-Dry,2009-08-26 17:00:00,8
15.93038839,-19.17588298,LA1,2009-08-26,05:20:48 PM,17:20:00,Cold-Dry,2009-08-26 17:20:00,8
15.93050334,-19.17622884,LA1,2009-08-26,05:40:48 PM,17:40:00,Cold-Dry,2009-08-26 17:40:00,8
15.92943522,-19.17602132,LA1,2009-08-26,06:00:48 PM,18:00:00,Cold-Dry,2009-08-26 18:00:00,8
15.92670288,-19.17711182,LA1,2009-08-26,06:20:48 PM,18:20:00,Cold-Dry,2009-08-26 18:20:00,8
15.92504883,-19.17805379,LA1,2009-08-26,06:40:49 PM,18:40:00,Cold-Dry,2009-08-26 18:40:00,8
15.92213949,-19.18016561,LA1,2009-08-26,07:00:48 PM,19:00:00,Cold-Dry,2009-08-26 19:00:00,8
15.91585999,-19.18078206,LA1,2009-08-26,07:20:48 PM,19:20:00,Cold-Dry,2009-08-26 19:20:00,8
15.91595561,-19.18087565,LA1,2009-08-26,07:40:48 PM,19:40:00,Cold-Dry,2009-08-26 19:40:00,8
15.90926615,-19.17823893,LA1,2009-08-26,08:00:48 PM,20:00:00,Cold-Dry,2009-08-26 20:00:00,8
15.90359395,-19.17754924,LA1,2009-08-26,08:20:48 PM,20:20:00,Cold-Dry,2009-08-26 20:20:00,8
15.90141093,-19.1763855,LA1,2009-08-26,08:40:48 PM,20:40:00,Cold-Dry,2009-08-26 20:40:00,8
15.90017293,-19.1760376,LA1,2009-08-26,09:00:48 PM,21:00:00,Cold-Dry,2009-08-26 21:00:00,8
15.89990234,-19.17593587,LA1,2009-08-26,09:20:48 PM,21:20:00,Cold-Dry,2009-08-26 21:20:00,8
15.89783834,-19.1749349,LA1,2009-08-26,09:40:49 PM,21:40:00,Cold-Dry,2009-08-26 21:40:00,8
15.89650981,-19.17460327,LA1,2009-08-26,10:00:49 PM,22:00:00,Cold-Dry,2009-08-26 22:00:00,8
15.89603068,-19.17472331,LA1,2009-08-26,10:20:48 PM,22:20:00,Cold-Dry,2009-08-26 22:20:00,8
15.89585775,-19.17465007,LA1,2009-08-26,10:40:48 PM,22:40:00,Cold-Dry,2009-08-26 22:40:00,8
15.89529419,-19.17448934,LA1,2009-08-26,11:00:48 PM,23:00:00,Cold-Dry,2009-08-26 23:00:00,8
15.89512939,-19.17441406,LA1,2009-08-26,11:20:48 PM,23:20:00,Cold-Dry,2009-08-26 23:20:00,8
15.89452413,-19.17397257,LA1,2009-08-26,11:40:48 PM,23:40:00,Cold-Dry,2009-08-26 23:40:00,8
15.89441935,-19.17397664,LA1,2009-08-27,12:00:48 AM,00:00:00,Cold-Dry,2009-08-27 00:00:00,8
15.89439697,-19.17397257,LA1,2009-08-27,12:20:49 AM,00:20:00,Cold-Dry,2009-08-27 00:20:00,8
15.89485474,-19.1734375,LA1,2009-08-27,12:40:48 AM,00:40:00,Cold-Dry,2009-08-27 00:40:00,8
15.89483439,-19.17348633,LA1,2009-08-27,01:00:48 AM,01:00:00,Cold-Dry,2009-08-27 01:00:00,8
15.8948761,-19.17344157,LA1,2009-08-27,01:20:48 AM,01:20:00,Cold-Dry,2009-08-27 01:20:00,8
15.89480896,-19.1734314,LA1,2009-08-27,01:40:48 AM,01:40:00,Cold-Dry,2009-08-27 01:40:00,8
15.89483337,-19.17345174,LA1,2009-08-27,02:00:48 AM,02:00:00,Cold-Dry,2009-08-27 02:00:00,8
15.89480998,-19.17339478,LA1,2009-08-27,02:20:48 AM,02:20:00,Cold-Dry,2009-08-27 02:20:00,8
15.89485168,-19.17341309,LA1,2009-08-27,02:40:48 AM,02:40:00,Cold-Dry,2009-08-27 02:40:00,8
15.89484762,-19.17344767,LA1,2009-08-27,03:00:48 AM,03:00:00,Cold-Dry,2009-08-27 03:00:00,8
15.89483337,-19.17339884,LA1,2009-08-27,03:20:48 AM,03:20:00,Cold-Dry,2009-08-27 03:20:00,8
15.89482524,-19.17345378,LA1,2009-08-27,03:40:48 AM,03:40:00,Cold-Dry,2009-08-27 03:40:00,8
15.89486389,-19.17342122,LA1,2009-08-27,04:00:48 AM,04:00:00,Cold-Dry,2009-08-27 04:00:00,8
15.89486491,-19.17343343,LA1,2009-08-27,04:20:48 AM,04:20:00,Cold-Dry,2009-08-27 04:20:00,8
15.89486796,-19.17339274,LA1,2009-08-27,04:40:48 AM,04:40:00,Cold-Dry,2009-08-27 04:40:00,8
15.89473572,-19.17337646,LA1,2009-08-27,05:00:48 AM,05:00:00,Cold-Dry,2009-08-27 05:00:00,8
15.89421183,-19.17359416,LA1,2009-08-27,05:20:48 AM,05:20:00,Cold-Dry,2009-08-27 05:20:00,8
15.89393921,-19.17320353,LA1,2009-08-27,05:40:48 AM,05:40:00,Cold-Dry,2009-08-27 05:40:00,8
15.89334005,-19.17245687,LA1,2009-08-27,06:00:48 AM,06:00:00,Cold-Dry,2009-08-27 06:00:00,8
15.89473368,-19.17026978,LA1,2009-08-27,06:20:48 AM,06:20:00,Cold-Dry,2009-08-27 06:20:00,8
15.89551392,-19.16956177,LA1,2009-08-27,06:40:48 AM,06:40:00,Cold-Dry,2009-08-27 06:40:00,8
15.89572245,-19.16934001,LA1,2009-08-27,07:00:48 AM,07:00:00,Cold-Dry,2009-08-27 07:00:00,8
15.89769185,-19.16772664,LA1,2009-08-27,07:20:48 AM,07:20:00,Cold-Dry,2009-08-27 07:20:00,8
15.89856262,-19.16759033,LA1,2009-08-27,07:40:48 AM,07:40:00,Cold-Dry,2009-08-27 07:40:00,8
15.90119934,-19.16736654,LA1,2009-08-27,08:00:49 AM,08:00:00,Cold-Dry,2009-08-27 08:00:00,8
15.90366211,-19.16661174,LA1,2009-08-27,08:20:48 AM,08:20:00,Cold-Dry,2009-08-27 08:20:00,8
15.90747579,-19.16518148,LA1,2009-08-27,08:40:49 AM,08:40:00,Cold-Dry,2009-08-27 08:40:00,8
15.90894572,-19.16452637,LA1,2009-08-27,09:00:48 AM,09:00:00,Cold-Dry,2009-08-27 09:00:00,8
15.90921224,-19.16454264,LA1,2009-08-27,09:20:48 AM,09:20:00,Cold-Dry,2009-08-27 09:20:00,8
15.90922953,-19.16469523,LA1,2009-08-27,09:40:48 AM,09:40:00,Cold-Dry,2009-08-27 09:40:00,8
15.90919088,-19.16512858,LA1,2009-08-27,10:00:48 AM,10:00:00,Cold-Dry,2009-08-27 10:00:00,8
15.90926208,-19.16608683,LA1,2009-08-27,10:20:48 AM,10:20:00,Cold-Dry,2009-08-27 10:20:00,8
15.91036682,-19.16940104,LA1,2009-08-27,10:40:49 AM,10:40:00,Cold-Dry,2009-08-27 10:40:00,8
15.91028748,-19.16980998,LA1,2009-08-27,11:00:48 AM,11:00:00,Cold-Dry,2009-08-27 11:00:00,8
15.91028748,-19.16978963,LA1,2009-08-27,11:20:48 AM,11:20:00,Cold-Dry,2009-08-27 11:20:00,8
15.91029358,-19.16976725,LA1,2009-08-27,11:40:49 AM,11:40:00,Cold-Dry,2009-08-27 11:40:00,8
15.91023356,-19.16996053,LA1,2009-08-27,12:00:48 PM,12:00:00,Cold-Dry,2009-08-27 12:00:00,8
15.91182963,-19.17296753,LA1,2009-08-27,12:20:49 PM,12:20:00,Cold-Dry,2009-08-27 12:20:00,8
15.9125356,-19.17542114,LA1,2009-08-27,12:40:48 PM,12:40:00,Cold-Dry,2009-08-27 12:40:00,8
15.91501261,-19.18021037,LA1,2009-08-27,01:00:48 PM,13:00:00,Cold-Dry,2009-08-27 13:00:00,8
15.91592916,-19.18089193,LA1,2009-08-27,01:20:49 PM,13:20:00,Cold-Dry,2009-08-27 13:20:00,8
15.91606649,-19.18088786,LA1,2009-08-27,01:40:48 PM,13:40:00,Cold-Dry,2009-08-27 13:40:00,8
15.91595052,-19.18087362,LA1,2009-08-27,02:00:48 PM,14:00:00,Cold-Dry,2009-08-27 14:00:00,8
15.91592407,-19.18085734,LA1,2009-08-27,02:20:48 PM,14:20:00,Cold-Dry,2009-08-27 14:20:00,8
15.91592814,-19.18086344,LA1,2009-08-27,02:40:48 PM,14:40:00,Cold-Dry,2009-08-27 14:40:00,8
15.91578573,-19.18143514,LA1,2009-08-27,03:00:48 PM,15:00:00,Cold-Dry,2009-08-27 15:00:00,8
15.92151489,-19.18073527,LA1,2009-08-27,03:20:48 PM,15:20:00,Cold-Dry,2009-08-27 15:20:00,8
15.92739054,-19.1769104,LA1,2009-08-27,03:40:48 PM,15:40:00,Cold-Dry,2009-08-27 15:40:00,8
15.9307841,-19.17552694,LA1,2009-08-27,04:00:48 PM,16:00:00,Cold-Dry,2009-08-27 16:00:00,8
15.93150533,-19.17526449,LA1,2009-08-27,04:20:48 PM,16:20:00,Cold-Dry,2009-08-27 16:20:00,8
15.93294067,-19.1728658,LA1,2009-08-27,04:40:48 PM,16:40:00,Cold-Dry,2009-08-27 16:40:00,8
15.93329976,-19.17234497,LA1,2009-08-27,05:00:49 PM,17:00:00,Cold-Dry,2009-08-27 17:00:00,8
15.93377787,-19.1719991,LA1,2009-08-27,05:20:48 PM,17:20:00,Cold-Dry,2009-08-27 17:20:00,8
15.93429769,-19.17155151,LA1,2009-08-27,05:40:48 PM,17:40:00,Cold-Dry,2009-08-27 17:40:00,8
15.93485514,-19.17113647,LA1,2009-08-27,06:00:48 PM,18:00:00,Cold-Dry,2009-08-27 18:00:00,8
15.93484294,-19.1711263,LA1,2009-08-27,06:20:48 PM,18:20:00,Cold-Dry,2009-08-27 18:20:00,8
15.9350942,-19.17073771,LA1,2009-08-27,06:40:48 PM,18:40:00,Cold-Dry,2009-08-27 18:40:00,8
15.93511149,-19.17074178,LA1,2009-08-27,07:00:48 PM,19:00:00,Cold-Dry,2009-08-27 19:00:00,8
15.93538717,-19.17052816,LA1,2009-08-27,07:20:48 PM,19:20:00,Cold-Dry,2009-08-27 19:20:00,8
15.93626099,-19.16970011,LA1,2009-08-27,07:40:48 PM,19:40:00,Cold-Dry,2009-08-27 19:40:00,8
15.93889771,-19.16597697,LA1,2009-08-27,08:00:48 PM,20:00:00,Cold-Dry,2009-08-27 20:00:00,8
15.93918762,-19.16582031,LA1,2009-08-27,08:20:48 PM,20:20:00,Cold-Dry,2009-08-27 20:20:00,8
15.94058736,-19.16433716,LA1,2009-08-27,08:40:48 PM,20:40:00,Cold-Dry,2009-08-27 20:40:00,8
15.94207764,-19.16397298,LA1,2009-08-27,09:00:48 PM,21:00:00,Cold-Dry,2009-08-27 21:00:00,8
15.94276123,-19.16390177,LA1,2009-08-27,09:20:48 PM,21:20:00,Cold-Dry,2009-08-27 21:20:00,8
15.94370321,-19.16301676,LA1,2009-08-27,09:40:49 PM,21:40:00,Cold-Dry,2009-08-27 21:40:00,8
15.94506836,-19.16156616,LA1,2009-08-27,10:00:48 PM,22:00:00,Cold-Dry,2009-08-27 22:00:00,8
15.94526469,-19.16142985,LA1,2009-08-27,10:20:48 PM,22:20:00,Cold-Dry,2009-08-27 22:20:00,8
15.94551086,-19.1611145,LA1,2009-08-27,10:40:48 PM,22:40:00,Cold-Dry,2009-08-27 22:40:00,8
15.94575704,-19.16106771,LA1,2009-08-27,11:00:48 PM,23:00:00,Cold-Dry,2009-08-27 23:00:00,8
15.94625448,-19.1612203,LA1,2009-08-27,11:20:48 PM,23:20:00,Cold-Dry,2009-08-27 23:20:00,8
15.94626872,-19.16122437,LA1,2009-08-27,11:40:48 PM,23:40:00,Cold-Dry,2009-08-27 23:40:00,8
15.94629924,-19.16123454,LA1,2009-08-28,12:00:48 AM,00:00:00,Cold-Dry,2009-08-28 00:00:00,8
15.94649251,-19.16146037,LA1,2009-08-28,12:20:49 AM,00:20:00,Cold-Dry,2009-08-28 00:20:00,8
15.94684957,-19.16153768,LA1,2009-08-28,12:40:48 AM,00:40:00,Cold-Dry,2009-08-28 00:40:00,8
15.9472463,-19.16158244,LA1,2009-08-28,01:00:48 AM,01:00:00,Cold-Dry,2009-08-28 01:00:00,8
15.94742533,-19.16157023,LA1,2009-08-28,01:20:49 AM,01:20:00,Cold-Dry,2009-08-28 01:20:00,8
15.94742635,-19.1615682,LA1,2009-08-28,01:40:48 AM,01:40:00,Cold-Dry,2009-08-28 01:40:00,8
15.94804789,-19.16094564,LA1,2009-08-28,02:00:48 AM,02:00:00,Cold-Dry,2009-08-28 02:00:00,8
15.94807027,-19.16092529,LA1,2009-08-28,02:20:48 AM,02:20:00,Cold-Dry,2009-08-28 02:20:00,8
15.94808044,-19.16096191,LA1,2009-08-28,02:40:48 AM,02:40:00,Cold-Dry,2009-08-28 02:40:00,8
15.94809875,-19.16095785,LA1,2009-08-28,03:00:48 AM,03:00:00,Cold-Dry,2009-08-28 03:00:00,8
15.94808858,-19.16092529,LA1,2009-08-28,03:20:48 AM,03:20:00,Cold-Dry,2009-08-28 03:20:00,8
15.94812826,-19.16090291,LA1,2009-08-28,03:40:48 AM,03:40:00,Cold-Dry,2009-08-28 03:40:00,8
15.94810893,-19.16089478,LA1,2009-08-28,04:00:49 AM,04:00:00,Cold-Dry,2009-08-28 04:00:00,8
15.94809875,-19.1609314,LA1,2009-08-28,04:20:48 AM,04:20:00,Cold-Dry,2009-08-28 04:20:00,8
15.94809469,-19.16093953,LA1,2009-08-28,04:40:48 AM,04:40:00,Cold-Dry,2009-08-28 04:40:00,8
15.94808451,-19.16104329,LA1,2009-08-28,05:00:48 AM,05:00:00,Cold-Dry,2009-08-28 05:00:00,8
15.94820455,-19.16121216,LA1,2009-08-28,05:20:48 AM,05:20:00,Cold-Dry,2009-08-28 05:20:00,8
15.94852498,-19.16130575,LA1,2009-08-28,05:40:48 AM,05:40:00,Cold-Dry,2009-08-28 05:40:00,8
15.94871826,-19.16137085,LA1,2009-08-28,06:00:48 AM,06:00:00,Cold-Dry,2009-08-28 06:00:00,8
15.94875081,-19.16137085,LA1,2009-08-28,06:20:48 AM,06:20:00,Cold-Dry,2009-08-28 06:20:00,8
15.94902445,-19.16119792,LA1,2009-08-28,06:40:48 AM,06:40:00,Cold-Dry,2009-08-28 06:40:00,8
15.94906108,-19.16118368,LA1,2009-08-28,07:00:48 AM,07:00:00,Cold-Dry,2009-08-28 07:00:00,8
15.95077209,-19.16063029,LA1,2009-08-28,07:20:48 AM,07:20:00,Cold-Dry,2009-08-28 07:20:00,8
15.95116781,-19.16051229,LA1,2009-08-28,07:40:48 AM,07:40:00,Cold-Dry,2009-08-28 07:40:00,8
15.95130717,-19.16056519,LA1,2009-08-28,08:00:48 AM,08:00:00,Cold-Dry,2009-08-28 08:00:00,8
15.95126648,-19.16062826,LA1,2009-08-28,08:20:48 AM,08:20:00,Cold-Dry,2009-08-28 08:20:00,8
15.95134888,-19.16053467,LA1,2009-08-28,08:40:48 AM,08:40:00,Cold-Dry,2009-08-28 08:40:00,8
15.95196533,-19.16033936,LA1,2009-08-28,09:00:48 AM,09:00:00,Cold-Dry,2009-08-28 09:00:00,8
15.95190023,-19.16047363,LA1,2009-08-28,09:20:49 AM,09:20:00,Cold-Dry,2009-08-28 09:20:00,8
15.95188802,-19.16045329,LA1,2009-08-28,09:40:48 AM,09:40:00,Cold-Dry,2009-08-28 09:40:00,8
15.95188904,-19.16045329,LA1,2009-08-28,10:00:48 AM,10:00:00,Cold-Dry,2009-08-28 10:00:00,8
15.95246175,-19.16001383,LA1,2009-08-28,10:20:48 AM,10:20:00,Cold-Dry,2009-08-28 10:20:00,8
15.95244446,-19.15969849,LA1,2009-08-28,10:40:48 AM,10:40:00,Cold-Dry,2009-08-28 10:40:00,8
15.95253092,-19.15972697,LA1,2009-08-28,11:00:48 AM,11:00:00,Cold-Dry,2009-08-28 11:00:00,8
15.95246379,-19.15965983,LA1,2009-08-28,11:20:48 AM,11:20:00,Cold-Dry,2009-08-28 11:20:00,8
15.95204773,-19.15899048,LA1,2009-08-28,11:40:48 AM,11:40:00,Cold-Dry,2009-08-28 11:40:00,8
15.95230611,-19.15833333,LA1,2009-08-28,12:00:48 PM,12:00:00,Cold-Dry,2009-08-28 12:00:00,8
15.9523112,-19.15833333,LA1,2009-08-28,12:20:48 PM,12:20:00,Cold-Dry,2009-08-28 12:20:00,8
15.95230713,-19.15831706,LA1,2009-08-28,12:40:49 PM,12:40:00,Cold-Dry,2009-08-28 12:40:00,8
15.95229696,-19.15833333,LA1,2009-08-28,01:00:48 PM,13:00:00,Cold-Dry,2009-08-28 13:00:00,8
15.95233968,-19.15835164,LA1,2009-08-28,01:20:48 PM,13:20:00,Cold-Dry,2009-08-28 13:20:00,8
15.9522644,-19.1584493,LA1,2009-08-28,01:40:48 PM,13:40:00,Cold-Dry,2009-08-28 13:40:00,8
15.95225728,-19.15842082,LA1,2009-08-28,02:00:48 PM,14:00:00,Cold-Dry,2009-08-28 14:00:00,8
15.95226644,-19.15845744,LA1,2009-08-28,02:20:48 PM,14:20:00,Cold-Dry,2009-08-28 14:20:00,8
15.95220235,-19.15845744,LA1,2009-08-28,02:40:48 PM,14:40:00,Cold-Dry,2009-08-28 14:40:00,8
15.95219014,-19.15852458,LA1,2009-08-28,03:00:48 PM,15:00:00,Cold-Dry,2009-08-28 15:00:00,8
15.95233663,-19.15851644,LA1,2009-08-28,03:20:48 PM,15:20:00,Cold-Dry,2009-08-28 15:20:00,8
15.95333862,-19.15869344,LA1,2009-08-28,03:40:48 PM,15:40:00,Cold-Dry,2009-08-28 15:40:00,8
15.95451355,-19.15744425,LA1,2009-08-28,04:00:48 PM,16:00:00,Cold-Dry,2009-08-28 16:00:00,8
15.95630697,-19.15647583,LA1,2009-08-28,04:20:48 PM,16:20:00,Cold-Dry,2009-08-28 16:20:00,8
15.95807597,-19.15464478,LA1,2009-08-28,04:40:49 PM,16:40:00,Cold-Dry,2009-08-28 16:40:00,8
15.95969645,-19.15361532,LA1,2009-08-28,05:00:48 PM,17:00:00,Cold-Dry,2009-08-28 17:00:00,8
15.96003113,-19.15256144,LA1,2009-08-28,05:20:49 PM,17:20:00,Cold-Dry,2009-08-28 17:20:00,8
15.96021729,-19.15217285,LA1,2009-08-28,05:40:48 PM,17:40:00,Cold-Dry,2009-08-28 17:40:00,8
15.96201477,-19.15074056,LA1,2009-08-28,06:00:49 PM,18:00:00,Cold-Dry,2009-08-28 18:00:00,8
15.96246236,-19.15048625,LA1,2009-08-28,06:20:48 PM,18:20:00,Cold-Dry,2009-08-28 18:20:00,8
15.96198425,-19.14971313,LA1,2009-08-28,06:40:48 PM,18:40:00,Cold-Dry,2009-08-28 18:40:00,8
15.96071167,-19.14886678,LA1,2009-08-28,07:00:48 PM,19:00:00,Cold-Dry,2009-08-28 19:00:00,8
15.96065674,-19.14797567,LA1,2009-08-28,07:20:48 PM,19:20:00,Cold-Dry,2009-08-28 19:20:00,8
15.95994771,-19.14805298,LA1,2009-08-28,07:40:48 PM,19:40:00,Cold-Dry,2009-08-28 19:40:00,8
15.95925395,-19.14807943,LA1,2009-08-28,08:00:48 PM,20:00:00,Cold-Dry,2009-08-28 20:00:00,8
15.95957133,-19.146698,LA1,2009-08-28,08:20:48 PM,20:20:00,Cold-Dry,2009-08-28 20:20:00,8
15.96115926,-19.14598185,LA1,2009-08-28,08:40:48 PM,20:40:00,Cold-Dry,2009-08-28 20:40:00,8
15.96306966,-19.14647827,LA1,2009-08-28,09:00:48 PM,21:00:00,Cold-Dry,2009-08-28 21:00:00,8
15.9634023,-19.14657186,LA1,2009-08-28,09:20:48 PM,21:20:00,Cold-Dry,2009-08-28 21:20:00,8
15.96447957,-19.14736125,LA1,2009-08-28,09:40:49 PM,21:40:00,Cold-Dry,2009-08-28 21:40:00,8
15.96450297,-19.14732463,LA1,2009-08-28,10:00:48 PM,22:00:00,Cold-Dry,2009-08-28 22:00:00,8
15.96454468,-19.14743856,LA1,2009-08-28,10:20:48 PM,22:20:00,Cold-Dry,2009-08-28 22:20:00,8
15.96431274,-19.14773966,LA1,2009-08-28,10:40:48 PM,22:40:00,Cold-Dry,2009-08-28 22:40:00,8
15.96443176,-19.14805705,LA1,2009-08-28,11:00:48 PM,23:00:00,Cold-Dry,2009-08-28 23:00:00,8
15.96761068,-19.14809977,LA1,2009-08-28,11:20:48 PM,23:20:00,Cold-Dry,2009-08-28 23:20:00,8
15.96844889,-19.1490682,LA1,2009-08-28,11:40:48 PM,23:40:00,Cold-Dry,2009-08-28 23:40:00,8
15.96968892,-19.15119019,LA1,2009-08-29,12:00:48 AM,00:00:00,Cold-Dry,2009-08-29 00:00:00,8
15.96966248,-19.15114339,LA1,2009-08-29,12:20:49 AM,00:20:00,Cold-Dry,2009-08-29 00:20:00,8
15.96966654,-19.15112508,LA1,2009-08-29,12:40:48 AM,00:40:00,Cold-Dry,2009-08-29 00:40:00,8
15.96962585,-19.15114136,LA1,2009-08-29,01:00:48 AM,01:00:00,Cold-Dry,2009-08-29 01:00:00,8
15.96968079,-19.15113118,LA1,2009-08-29,01:20:48 AM,01:20:00,Cold-Dry,2009-08-29 01:20:00,8
15.96968384,-19.15120443,LA1,2009-08-29,01:40:48 AM,01:40:00,Cold-Dry,2009-08-29 01:40:00,8
15.96968892,-19.15118001,LA1,2009-08-29,02:00:48 AM,02:00:00,Cold-Dry,2009-08-29 02:00:00,8
15.96969299,-19.15119629,LA1,2009-08-29,02:20:48 AM,02:20:00,Cold-Dry,2009-08-29 02:20:00,8
15.96969198,-19.15118612,LA1,2009-08-29,02:40:48 AM,02:40:00,Cold-Dry,2009-08-29 02:40:00,8
15.96970113,-19.15119019,LA1,2009-08-29,03:00:49 AM,03:00:00,Cold-Dry,2009-08-29 03:00:00,8
15.96971334,-19.15115153,LA1,2009-08-29,03:20:48 AM,03:20:00,Cold-Dry,2009-08-29 03:20:00,8
15.96970418,-19.15114339,LA1,2009-08-29,03:40:48 AM,03:40:00,Cold-Dry,2009-08-29 03:40:00,8
15.96968892,-19.15113118,LA1,2009-08-29,04:00:48 AM,04:00:00,Cold-Dry,2009-08-29 04:00:00,8
15.96970113,-19.15119222,LA1,2009-08-29,04:20:48 AM,04:20:00,Cold-Dry,2009-08-29 04:20:00,8
15.96976115,-19.1520223,LA1,2009-08-29,04:40:48 AM,04:40:00,Cold-Dry,2009-08-29 04:40:00,8
15.96908671,-19.15354411,LA1,2009-08-29,05:00:49 AM,05:00:00,Cold-Dry,2009-08-29 05:00:00,8
15.96830343,-19.15466105,LA1,2009-08-29,05:20:48 AM,05:20:00,Cold-Dry,2009-08-29 05:20:00,8
15.96745707,-19.15540161,LA1,2009-08-29,05:40:48 AM,05:40:00,Cold-Dry,2009-08-29 05:40:00,8
15.96547241,-19.15710449,LA1,2009-08-29,06:00:49 AM,06:00:00,Cold-Dry,2009-08-29 06:00:00,8
15.96315715,-19.15883993,LA1,2009-08-29,06:20:48 AM,06:20:00,Cold-Dry,2009-08-29 06:20:00,8
15.96295471,-19.15920614,LA1,2009-08-29,06:40:49 AM,06:40:00,Cold-Dry,2009-08-29 06:40:00,8
15.96276042,-19.16031494,LA1,2009-08-29,07:00:48 AM,07:00:00,Cold-Dry,2009-08-29 07:00:00,8
15.96241557,-19.16082764,LA1,2009-08-29,07:20:49 AM,07:20:00,Cold-Dry,2009-08-29 07:20:00,8
15.96249797,-19.16139933,LA1,2009-08-29,07:40:48 AM,07:40:00,Cold-Dry,2009-08-29 07:40:00,8
15.96246338,-19.16141561,LA1,2009-08-29,08:00:48 AM,08:00:00,Cold-Dry,2009-08-29 08:00:00,8
15.96246033,-19.16141154,LA1,2009-08-29,08:20:49 AM,08:20:00,Cold-Dry,2009-08-29 08:20:00,8
15.96293844,-19.16221313,LA1,2009-08-29,08:40:48 AM,08:40:00,Cold-Dry,2009-08-29 08:40:00,8
15.96288859,-19.16220907,LA1,2009-08-29,09:00:48 AM,09:00:00,Cold-Dry,2009-08-29 09:00:00,8
15.96289368,-19.16230062,LA1,2009-08-29,09:20:48 AM,09:20:00,Cold-Dry,2009-08-29 09:20:00,8
15.96311035,-19.16242676,LA1,2009-08-29,09:40:48 AM,09:40:00,Cold-Dry,2009-08-29 09:40:00,8
15.96351929,-19.1625061,LA1,2009-08-29,10:00:48 AM,10:00:00,Cold-Dry,2009-08-29 10:00:00,8
15.96561381,-19.16366984,LA1,2009-08-29,10:20:48 AM,10:20:00,Cold-Dry,2009-08-29 10:20:00,8
15.9678833,-19.16409098,LA1,2009-08-29,10:40:49 AM,10:40:00,Cold-Dry,2009-08-29 10:40:00,8
15.97080994,-19.16489054,LA1,2009-08-29,11:00:49 AM,11:00:00,Cold-Dry,2009-08-29 11:00:00,8
15.97672933,-19.16464844,LA1,2009-08-29,11:20:49 AM,11:20:00,Cold-Dry,2009-08-29 11:20:00,8
15.98053385,-19.16525675,LA1,2009-08-29,11:40:48 AM,11:40:00,Cold-Dry,2009-08-29 11:40:00,8
15.98400167,-19.16612752,LA1,2009-08-29,12:00:48 PM,12:00:00,Cold-Dry,2009-08-29 12:00:00,8
15.98853963,-19.16565145,LA1,2009-08-29,12:20:48 PM,12:20:00,Cold-Dry,2009-08-29 12:20:00,8
15.99578756,-19.16312663,LA1,2009-08-29,12:40:49 PM,12:40:00,Cold-Dry,2009-08-29 12:40:00,8
15.99579366,-19.16310832,LA1,2009-08-29,01:00:48 PM,13:00:00,Cold-Dry,2009-08-29 13:00:00,8
15.9958018,-19.16311442,LA1,2009-08-29,01:20:48 PM,13:20:00,Cold-Dry,2009-08-29 13:20:00,8
15.99579671,-19.16311035,LA1,2009-08-29,01:40:48 PM,13:40:00,Cold-Dry,2009-08-29 13:40:00,8
15.99488932,-19.16827596,LA1,2009-08-29,02:00:48 PM,14:00:00,Cold-Dry,2009-08-29 14:00:00,8
15.99489034,-19.17346802,LA1,2009-08-29,02:20:48 PM,14:20:00,Cold-Dry,2009-08-29 14:20:00,8
15.99322001,-19.17679036,LA1,2009-08-29,02:40:48 PM,14:40:00,Cold-Dry,2009-08-29 14:40:00,8
15.99324544,-19.17683309,LA1,2009-08-29,03:00:48 PM,15:00:00,Cold-Dry,2009-08-29 15:00:00,8
15.99353333,-19.17680461,LA1,2009-08-29,03:20:48 PM,15:20:00,Cold-Dry,2009-08-29 15:20:00,8
15.99351501,-19.17675374,LA1,2009-08-29,03:40:48 PM,15:40:00,Cold-Dry,2009-08-29 15:40:00,8
15.99350789,-19.17674764,LA1,2009-08-29,04:00:48 PM,16:00:00,Cold-Dry,2009-08-29 16:00:00,8
15.99347839,-19.17674764,LA1,2009-08-29,04:20:48 PM,16:20:00,Cold-Dry,2009-08-29 16:20:00,8
15.99347839,-19.17675374,LA1,2009-08-29,04:40:49 PM,16:40:00,Cold-Dry,2009-08-29 16:40:00,8
15.9938619,-19.17666016,LA1,2009-08-29,05:00:48 PM,17:00:00,Cold-Dry,2009-08-29 17:00:00,8
15.99374898,-19.1763326,LA1,2009-08-29,05:20:48 PM,17:20:00,Cold-Dry,2009-08-29 17:20:00,8
15.99373576,-19.17601115,LA1,2009-08-29,05:40:49 PM,17:40:00,Cold-Dry,2009-08-29 17:40:00,8
15.99389038,-19.17561442,LA1,2009-08-29,06:00:49 PM,18:00:00,Cold-Dry,2009-08-29 18:00:00,8
15.99431051,-19.17382406,LA1,2009-08-29,06:20:49 PM,18:20:00,Cold-Dry,2009-08-29 18:20:00,8
15.99443766,-19.17319132,LA1,2009-08-29,06:40:49 PM,18:40:00,Cold-Dry,2009-08-29 18:40:00,8
15.99445089,-19.17300212,LA1,2009-08-29,07:00:49 PM,19:00:00,Cold-Dry,2009-08-29 19:00:00,8
15.99456482,-19.17289225,LA1,2009-08-29,07:20:48 PM,19:20:00,Cold-Dry,2009-08-29 19:20:00,8
15.99598796,-19.16396688,LA1,2009-08-29,07:40:48 PM,19:40:00,Cold-Dry,2009-08-29 19:40:00,8
15.99581502,-19.16311239,LA1,2009-08-29,08:00:48 PM,20:00:00,Cold-Dry,2009-08-29 20:00:00,8
15.99630025,-19.1633606,LA1,2009-08-29,08:20:48 PM,20:20:00,Cold-Dry,2009-08-29 20:20:00,8
15.99590251,-19.1635437,LA1,2009-08-29,08:40:48 PM,20:40:00,Cold-Dry,2009-08-29 20:40:00,8
15.99578654,-19.16312459,LA1,2009-08-29,09:00:49 PM,21:00:00,Cold-Dry,2009-08-29 21:00:00,8
15.99371338,-19.16541748,LA1,2009-08-29,09:20:48 PM,21:20:00,Cold-Dry,2009-08-29 21:20:00,8
15.98906453,-19.17609456,LA1,2009-08-29,09:40:49 PM,21:40:00,Cold-Dry,2009-08-29 21:40:00,8
15.98781026,-19.18222046,LA1,2009-08-29,10:00:49 PM,22:00:00,Cold-Dry,2009-08-29 22:00:00,8
15.98821411,-19.18291626,LA1,2009-08-29,10:20:48 PM,22:20:00,Cold-Dry,2009-08-29 22:20:00,8
15.98863322,-19.18383586,LA1,2009-08-29,10:40:48 PM,22:40:00,Cold-Dry,2009-08-29 22:40:00,8
15.9886027,-19.18957723,LA1,2009-08-29,11:00:48 PM,23:00:00,Cold-Dry,2009-08-29 23:00:00,8
15.98772583,-19.1943339,LA1,2009-08-29,11:20:48 PM,23:20:00,Cold-Dry,2009-08-29 23:20:00,8
15.98502604,-19.2009196,LA1,2009-08-29,11:40:48 PM,23:40:00,Cold-Dry,2009-08-29 23:40:00,8
15.98430176,-19.2047465,LA1,2009-08-30,12:00:48 AM,00:00:00,Cold-Dry,2009-08-30 00:00:00,8
15.98315735,-19.20721232,LA1,2009-08-30,12:20:49 AM,00:20:00,Cold-Dry,2009-08-30 00:20:00,8
15.98223063,-19.2080953,LA1,2009-08-30,12:40:48 AM,00:40:00,Cold-Dry,2009-08-30 00:40:00,8
15.9811615,-19.20898234,LA1,2009-08-30,01:00:48 AM,01:00:00,Cold-Dry,2009-08-30 01:00:00,8
15.97733866,-19.21495158,LA1,2009-08-30,01:20:48 AM,01:20:00,Cold-Dry,2009-08-30 01:20:00,8
15.97099711,-19.22334188,LA1,2009-08-30,01:40:48 AM,01:40:00,Cold-Dry,2009-08-30 01:40:00,8
15.97040304,-19.22648315,LA1,2009-08-30,02:00:49 AM,02:00:00,Cold-Dry,2009-08-30 02:00:00,8
15.96999919,-19.22704875,LA1,2009-08-30,02:20:48 AM,02:20:00,Cold-Dry,2009-08-30 02:20:00,8
15.96966146,-19.22811076,LA1,2009-08-30,02:40:48 AM,02:40:00,Cold-Dry,2009-08-30 02:40:00,8
15.96962382,-19.22811279,LA1,2009-08-30,03:00:49 AM,03:00:00,Cold-Dry,2009-08-30 03:00:00,8
15.96964111,-19.22809855,LA1,2009-08-30,03:20:48 AM,03:20:00,Cold-Dry,2009-08-30 03:20:00,8
15.96961568,-19.22813314,LA1,2009-08-30,03:40:48 AM,03:40:00,Cold-Dry,2009-08-30 03:40:00,8
15.96965129,-19.22810669,LA1,2009-08-30,04:00:48 AM,04:00:00,Cold-Dry,2009-08-30 04:00:00,8
15.96961873,-19.228125,LA1,2009-08-30,04:20:48 AM,04:20:00,Cold-Dry,2009-08-30 04:20:00,8
15.96936849,-19.22827759,LA1,2009-08-30,04:40:49 AM,04:40:00,Cold-Dry,2009-08-30 04:40:00,8
15.96885376,-19.22894084,LA1,2009-08-30,05:00:49 AM,05:00:00,Cold-Dry,2009-08-30 05:00:00,8
15.96831055,-19.22991943,LA1,2009-08-30,05:20:48 AM,05:20:00,Cold-Dry,2009-08-30 05:20:00,8
15.96822611,-19.23010254,LA1,2009-08-30,05:40:48 AM,05:40:00,Cold-Dry,2009-08-30 05:40:00,8
15.96746623,-19.23131714,LA1,2009-08-30,06:00:49 AM,06:00:00,Cold-Dry,2009-08-30 06:00:00,8
15.96734924,-19.23215942,LA1,2009-08-30,06:20:48 AM,06:20:00,Cold-Dry,2009-08-30 06:20:00,8
15.96720683,-19.23268636,LA1,2009-08-30,06:40:48 AM,06:40:00,Cold-Dry,2009-08-30 06:40:00,8
15.96706441,-19.23283488,LA1,2009-08-30,07:00:49 AM,07:00:00,Cold-Dry,2009-08-30 07:00:00,8
15.96698812,-19.23331909,LA1,2009-08-30,07:20:48 AM,07:20:00,Cold-Dry,2009-08-30 07:20:00,8
15.96701253,-19.23334961,LA1,2009-08-30,07:40:48 AM,07:40:00,Cold-Dry,2009-08-30 07:40:00,8
15.96682434,-19.23357951,LA1,2009-08-30,08:00:49 AM,08:00:00,Cold-Dry,2009-08-30 08:00:00,8
15.96652425,-19.23364665,LA1,2009-08-30,08:20:48 AM,08:20:00,Cold-Dry,2009-08-30 08:20:00,8
15.96625061,-19.23355509,LA1,2009-08-30,08:40:49 AM,08:40:00,Cold-Dry,2009-08-30 08:40:00,8
15.96631673,-19.2335083,LA1,2009-08-30,09:00:48 AM,09:00:00,Cold-Dry,2009-08-30 09:00:00,8
15.96627502,-19.23342489,LA1,2009-08-30,09:20:49 AM,09:20:00,Cold-Dry,2009-08-30 09:20:00,8
15.96621602,-19.23303426,LA1,2009-08-30,09:40:49 AM,09:40:00,Cold-Dry,2009-08-30 09:40:00,8
15.9661499,-19.2326945,LA1,2009-08-30,10:00:48 AM,10:00:00,Cold-Dry,2009-08-30 10:00:00,8
15.96641947,-19.23184408,LA1,2009-08-30,10:20:48 AM,10:20:00,Cold-Dry,2009-08-30 10:20:00,8
15.96628418,-19.23114827,LA1,2009-08-30,10:40:49 AM,10:40:00,Cold-Dry,2009-08-30 10:40:00,8
15.96673787,-19.23026123,LA1,2009-08-30,11:00:48 AM,11:00:00,Cold-Dry,2009-08-30 11:00:00,8
15.96671549,-19.23027344,LA1,2009-08-30,11:20:48 AM,11:20:00,Cold-Dry,2009-08-30 11:20:00,8
15.96674296,-19.2302714,LA1,2009-08-30,11:40:48 AM,11:40:00,Cold-Dry,2009-08-30 11:40:00,8
15.96659037,-19.22902832,LA1,2009-08-30,12:00:48 PM,12:00:00,Cold-Dry,2009-08-30 12:00:00,8
15.96609904,-19.22812703,LA1,2009-08-30,12:20:48 PM,12:20:00,Cold-Dry,2009-08-30 12:20:00,8
15.96611226,-19.22814331,LA1,2009-08-30,12:40:48 PM,12:40:00,Cold-Dry,2009-08-30 12:40:00,8
15.96611735,-19.22815348,LA1,2009-08-30,01:00:48 PM,13:00:00,Cold-Dry,2009-08-30 13:00:00,8
15.96610209,-19.22814128,LA1,2009-08-30,01:20:48 PM,13:20:00,Cold-Dry,2009-08-30 13:20:00,8
15.96612549,-19.22815959,LA1,2009-08-30,01:40:48 PM,13:40:00,Cold-Dry,2009-08-30 13:40:00,8
15.96720886,-19.22622884,LA1,2009-08-30,02:00:48 PM,14:00:00,Cold-Dry,2009-08-30 14:00:00,8
15.96699422,-19.22573039,LA1,2009-08-30,02:20:48 PM,14:20:00,Cold-Dry,2009-08-30 14:20:00,8
15.96745402,-19.22341512,LA1,2009-08-30,02:40:48 PM,14:40:00,Cold-Dry,2009-08-30 14:40:00,8
15.96917114,-19.22110596,LA1,2009-08-30,03:00:48 PM,15:00:00,Cold-Dry,2009-08-30 15:00:00,8
15.9692454,-19.22102661,LA1,2009-08-30,03:20:48 PM,15:20:00,Cold-Dry,2009-08-30 15:20:00,8
15.96924947,-19.22049357,LA1,2009-08-30,03:40:48 PM,15:40:00,Cold-Dry,2009-08-30 15:40:00,8
15.96917318,-19.22017212,LA1,2009-08-30,04:00:48 PM,16:00:00,Cold-Dry,2009-08-30 16:00:00,8
15.9692159,-19.22008464,LA1,2009-08-30,04:20:48 PM,16:20:00,Cold-Dry,2009-08-30 16:20:00,8
15.96888123,-19.21927287,LA1,2009-08-30,04:40:48 PM,16:40:00,Cold-Dry,2009-08-30 16:40:00,8
15.96824036,-19.21777547,LA1,2009-08-30,05:00:48 PM,17:00:00,Cold-Dry,2009-08-30 17:00:00,8
15.96769002,-19.21500854,LA1,2009-08-30,05:20:48 PM,17:20:00,Cold-Dry,2009-08-30 17:20:00,8
15.96796163,-19.21034139,LA1,2009-08-30,05:40:48 PM,17:40:00,Cold-Dry,2009-08-30 17:40:00,8
15.96919759,-19.20549723,LA1,2009-08-30,06:00:49 PM,18:00:00,Cold-Dry,2009-08-30 18:00:00,8
15.96985779,-19.20371908,LA1,2009-08-30,06:20:48 PM,18:20:00,Cold-Dry,2009-08-30 18:20:00,8
15.96987813,-19.20315348,LA1,2009-08-30,06:40:49 PM,18:40:00,Cold-Dry,2009-08-30 18:40:00,8
15.97124532,-19.20270182,LA1,2009-08-30,07:00:48 PM,19:00:00,Cold-Dry,2009-08-30 19:00:00,8
15.97165833,-19.20262655,LA1,2009-08-30,07:20:48 PM,19:20:00,Cold-Dry,2009-08-30 19:20:00,8
15.97207235,-19.20232747,LA1,2009-08-30,07:40:48 PM,19:40:00,Cold-Dry,2009-08-30 19:40:00,8
15.97320658,-19.20222575,LA1,2009-08-30,08:00:48 PM,20:00:00,Cold-Dry,2009-08-30 20:00:00,8
15.97322388,-19.2021932,LA1,2009-08-30,08:20:48 PM,20:20:00,Cold-Dry,2009-08-30 20:20:00,8
15.97359517,-19.20203247,LA1,2009-08-30,08:40:48 PM,20:40:00,Cold-Dry,2009-08-30 20:40:00,8
15.97368062,-19.20193888,LA1,2009-08-30,09:00:48 PM,21:00:00,Cold-Dry,2009-08-30 21:00:00,8
15.97360331,-19.20195719,LA1,2009-08-30,09:20:49 PM,21:20:00,Cold-Dry,2009-08-30 21:20:00,8
15.97362366,-19.20191854,LA1,2009-08-30,09:40:48 PM,21:40:00,Cold-Dry,2009-08-30 21:40:00,8
15.97363383,-19.20193075,LA1,2009-08-30,10:00:48 PM,22:00:00,Cold-Dry,2009-08-30 22:00:00,8
15.97367147,-19.20192057,LA1,2009-08-30,10:20:48 PM,22:20:00,Cold-Dry,2009-08-30 22:20:00,8
15.97358907,-19.20188599,LA1,2009-08-30,10:40:48 PM,22:40:00,Cold-Dry,2009-08-30 22:40:00,8
15.97365112,-19.20190633,LA1,2009-08-30,11:00:48 PM,23:00:00,Cold-Dry,2009-08-30 23:00:00,8
15.97362569,-19.20188802,LA1,2009-08-30,11:20:48 PM,23:20:00,Cold-Dry,2009-08-30 23:20:00,8
15.97367045,-19.20166219,LA1,2009-08-30,11:40:48 PM,23:40:00,Cold-Dry,2009-08-30 23:40:00,8
15.97421875,-19.20118205,LA1,2009-08-31,12:00:48 AM,00:00:00,Cold-Dry,2009-08-31 00:00:00,8
15.97442424,-19.19934489,LA1,2009-08-31,12:20:48 AM,00:20:00,Cold-Dry,2009-08-31 00:20:00,8
15.97388407,-19.19883219,LA1,2009-08-31,12:40:48 AM,00:40:00,Cold-Dry,2009-08-31 00:40:00,8
15.97301432,-19.19872233,LA1,2009-08-31,01:00:49 AM,01:00:00,Cold-Dry,2009-08-31 01:00:00,8
15.97163595,-19.19765015,LA1,2009-08-31,01:20:48 AM,01:20:00,Cold-Dry,2009-08-31 01:20:00,8
15.97205404,-19.19657389,LA1,2009-08-31,01:40:48 AM,01:40:00,Cold-Dry,2009-08-31 01:40:00,8
15.97204488,-19.19676514,LA1,2009-08-31,02:00:48 AM,02:00:00,Cold-Dry,2009-08-31 02:00:00,8
15.97284241,-19.19585978,LA1,2009-08-31,02:20:48 AM,02:20:00,Cold-Dry,2009-08-31 02:20:00,8
15.97268982,-19.19516805,LA1,2009-08-31,02:40:48 AM,02:40:00,Cold-Dry,2009-08-31 02:40:00,8
15.97268473,-19.19516602,LA1,2009-08-31,03:00:49 AM,03:00:00,Cold-Dry,2009-08-31 03:00:00,8
15.9726888,-19.19517415,LA1,2009-08-31,03:20:48 AM,03:20:00,Cold-Dry,2009-08-31 03:20:00,8
15.97270304,-19.1951416,LA1,2009-08-31,03:40:48 AM,03:40:00,Cold-Dry,2009-08-31 03:40:00,8
15.97268066,-19.19515991,LA1,2009-08-31,04:00:48 AM,04:00:00,Cold-Dry,2009-08-31 04:00:00,8
15.97264404,-19.19523315,LA1,2009-08-31,04:20:48 AM,04:20:00,Cold-Dry,2009-08-31 04:20:00,8
15.97279358,-19.1951416,LA1,2009-08-31,04:40:49 AM,04:40:00,Cold-Dry,2009-08-31 04:40:00,8
15.97282308,-19.19511312,LA1,2009-08-31,05:00:48 AM,05:00:00,Cold-Dry,2009-08-31 05:00:00,8
15.97314148,-19.19521077,LA1,2009-08-31,05:20:48 AM,05:20:00,Cold-Dry,2009-08-31 05:20:00,8
15.97338664,-19.1947876,LA1,2009-08-31,05:40:48 AM,05:40:00,Cold-Dry,2009-08-31 05:40:00,8
15.97471212,-19.19309082,LA1,2009-08-31,06:00:49 AM,06:00:00,Cold-Dry,2009-08-31 06:00:00,8
15.97546183,-19.1905131,LA1,2009-08-31,06:20:48 AM,06:20:00,Cold-Dry,2009-08-31 06:20:00,8
15.97870178,-19.18786214,LA1,2009-08-31,06:40:48 AM,06:40:00,Cold-Dry,2009-08-31 06:40:00,8
15.97955017,-19.1862915,LA1,2009-08-31,07:00:49 AM,07:00:00,Cold-Dry,2009-08-31 07:00:00,8
15.97966614,-19.18609823,LA1,2009-08-31,07:20:48 AM,07:20:00,Cold-Dry,2009-08-31 07:20:00,8
15.97959798,-19.18546549,LA1,2009-08-31,07:40:48 AM,07:40:00,Cold-Dry,2009-08-31 07:40:00,8
15.97976786,-19.18519694,LA1,2009-08-31,08:00:48 AM,08:00:00,Cold-Dry,2009-08-31 08:00:00,8
15.98212891,-19.18198446,LA1,2009-08-31,08:20:49 AM,08:20:00,Cold-Dry,2009-08-31 08:20:00,8
15.98625895,-19.17712402,LA1,2009-08-31,08:40:49 AM,08:40:00,Cold-Dry,2009-08-31 08:40:00,8
15.98692932,-19.1765686,LA1,2009-08-31,09:00:48 AM,09:00:00,Cold-Dry,2009-08-31 09:00:00,8
15.99104513,-19.1725118,LA1,2009-08-31,09:20:48 AM,09:20:00,Cold-Dry,2009-08-31 09:20:00,8
15.99400533,-19.16523234,LA1,2009-08-31,09:40:49 AM,09:40:00,Cold-Dry,2009-08-31 09:40:00,8
15.99579773,-19.16312866,LA1,2009-08-31,10:00:49 AM,10:00:00,Cold-Dry,2009-08-31 10:00:00,8
15.99579671,-19.16312866,LA1,2009-08-31,10:20:49 AM,10:20:00,Cold-Dry,2009-08-31 10:20:00,8
15.99491475,-19.16311035,LA1,2009-08-31,10:40:48 AM,10:40:00,Cold-Dry,2009-08-31 10:40:00,8
15.9913442,-19.16318563,LA1,2009-08-31,11:00:48 AM,11:00:00,Cold-Dry,2009-08-31 11:00:00,8
15.99137268,-19.16318766,LA1,2009-08-31,11:20:48 AM,11:20:00,Cold-Dry,2009-08-31 11:20:00,8
15.99135335,-19.16321411,LA1,2009-08-31,11:40:48 AM,11:40:00,Cold-Dry,2009-08-31 11:40:00,8
15.99134725,-19.16318359,LA1,2009-08-31,12:00:48 PM,12:00:00,Cold-Dry,2009-08-31 12:00:00,8
15.99124654,-19.16328735,LA1,2009-08-31,12:20:48 PM,12:20:00,Cold-Dry,2009-08-31 12:20:00,8
15.99211019,-19.16314494,LA1,2009-08-31,12:40:48 PM,12:40:00,Cold-Dry,2009-08-31 12:40:00,8
15.99315694,-19.16366984,LA1,2009-08-31,01:00:48 PM,13:00:00,Cold-Dry,2009-08-31 13:00:00,8
15.99580994,-19.16312866,LA1,2009-08-31,01:20:48 PM,13:20:00,Cold-Dry,2009-08-31 13:20:00,8
15.99582113,-19.16310832,LA1,2009-08-31,01:40:48 PM,13:40:00,Cold-Dry,2009-08-31 13:40:00,8
15.99578552,-19.16314494,LA1,2009-08-31,02:00:48 PM,14:00:00,Cold-Dry,2009-08-31 14:00:00,8
15.99246419,-19.1623759,LA1,2009-08-31,02:20:48 PM,14:20:00,Cold-Dry,2009-08-31 14:20:00,8
15.99249268,-19.16145426,LA1,2009-08-31,02:40:48 PM,14:40:00,Cold-Dry,2009-08-31 14:40:00,8
15.99264526,-19.16158244,LA1,2009-08-31,03:00:48 PM,15:00:00,Cold-Dry,2009-08-31 15:00:00,8
15.9924825,-19.16162516,LA1,2009-08-31,03:20:48 PM,15:20:00,Cold-Dry,2009-08-31 15:20:00,8
15.99111938,-19.16232096,LA1,2009-08-31,03:40:48 PM,15:40:00,Cold-Dry,2009-08-31 15:40:00,8
15.99188436,-19.16176554,LA1,2009-08-31,04:00:48 PM,16:00:00,Cold-Dry,2009-08-31 16:00:00,8
15.99290365,-19.16179403,LA1,2009-08-31,04:20:48 PM,16:20:00,Cold-Dry,2009-08-31 16:20:00,8
15.99584045,-19.16305949,LA1,2009-08-31,04:40:49 PM,16:40:00,Cold-Dry,2009-08-31 16:40:00,8
15.99498088,-19.16675822,LA1,2009-08-31,05:00:49 PM,17:00:00,Cold-Dry,2009-08-31 17:00:00,8
15.99489339,-19.17119344,LA1,2009-08-31,05:20:48 PM,17:20:00,Cold-Dry,2009-08-31 17:20:00,8
15.99241536,-19.17903646,LA1,2009-08-31,05:40:49 PM,17:40:00,Cold-Dry,2009-08-31 17:40:00,8
15.99097595,-19.18512166,LA1,2009-08-31,06:00:49 PM,18:00:00,Cold-Dry,2009-08-31 18:00:00,8
15.99082031,-19.18734741,LA1,2009-08-31,06:20:49 PM,18:20:00,Cold-Dry,2009-08-31 18:20:00,8
15.99090373,-19.18747762,LA1,2009-08-31,06:40:49 PM,18:40:00,Cold-Dry,2009-08-31 18:40:00,8
15.99159139,-19.18828125,LA1,2009-08-31,07:00:48 PM,19:00:00,Cold-Dry,2009-08-31 19:00:00,8
15.99077861,-19.18843587,LA1,2009-08-31,07:20:49 PM,19:20:00,Cold-Dry,2009-08-31 19:20:00,8
15.99064128,-19.18863118,LA1,2009-08-31,07:40:48 PM,19:40:00,Cold-Dry,2009-08-31 19:40:00,8
15.98775126,-19.19430542,LA1,2009-08-31,08:00:48 PM,20:00:00,Cold-Dry,2009-08-31 20:00:00,8
15.98618062,-19.19748128,LA1,2009-08-31,08:20:49 PM,20:20:00,Cold-Dry,2009-08-31 20:20:00,8
15.98598531,-19.19780477,LA1,2009-08-31,08:40:48 PM,20:40:00,Cold-Dry,2009-08-31 20:40:00,8
15.98347371,-19.20409749,LA1,2009-08-31,09:00:49 PM,21:00:00,Cold-Dry,2009-08-31 21:00:00,8
15.98347066,-19.2044515,LA1,2009-08-31,09:20:49 PM,21:20:00,Cold-Dry,2009-08-31 21:20:00,8
15.98245036,-19.205955,LA1,2009-08-31,09:40:49 PM,21:40:00,Cold-Dry,2009-08-31 21:40:00,8
15.98142497,-19.20770874,LA1,2009-08-31,10:00:48 PM,22:00:00,Cold-Dry,2009-08-31 22:00:00,8
15.98103841,-19.20844727,LA1,2009-08-31,10:20:48 PM,22:20:00,Cold-Dry,2009-08-31 22:20:00,8
15.97983398,-19.2108724,LA1,2009-08-31,10:40:48 PM,22:40:00,Cold-Dry,2009-08-31 22:40:00,8
15.97331136,-19.22003581,LA1,2009-08-31,11:00:49 PM,23:00:00,Cold-Dry,2009-08-31 23:00:00,8
15.96938782,-19.22726034,LA1,2009-08-31,11:20:49 PM,23:20:00,Cold-Dry,2009-08-31 23:20:00,8
15.96926778,-19.22805583,LA1,2009-08-31,11:40:49 PM,23:40:00,Cold-Dry,2009-08-31 23:40:00,8
