Longitude,Latitude,individual-local-identifier,Date,timeAPM,Time,Season,DateTime,Month
15.38038025,-18.95622559,LA3,2010-08-01,12:00:00 AM,00:00:00,Cold-Dry,2010-08-01 00:00:00,8
15.37996012,-18.95680135,LA3,2010-08-01,12:20:00 AM,00:20:00,Cold-Dry,2010-08-01 00:20:00,8
15.37983093,-18.95681152,LA3,2010-08-01,12:40:00 AM,00:40:00,Cold-Dry,2010-08-01 00:40:00,8
15.37857869,-18.95692139,LA3,2010-08-01,01:00:00 AM,01:00:00,Cold-Dry,2010-08-01 01:00:00,8
15.3784139,-18.95688273,LA3,2010-08-01,01:20:00 AM,01:20:00,Cold-Dry,2010-08-01 01:20:00,8
15.37785136,-18.95652873,LA3,2010-08-01,01:40:00 AM,01:40:00,Cold-Dry,2010-08-01 01:40:00,8
15.37751567,-18.95680339,LA3,2010-08-01,02:00:00 AM,02:00:00,Cold-Dry,2010-08-01 02:00:00,8
15.37750549,-18.95678101,LA3,2010-08-01,02:20:00 AM,02:20:00,Cold-Dry,2010-08-01 02:20:00,8
15.37747091,-18.95674235,LA3,2010-08-01,02:40:00 AM,02:40:00,Cold-Dry,2010-08-01 02:40:00,8
15.37748922,-18.9567627,LA3,2010-08-01,03:00:00 AM,03:00:00,Cold-Dry,2010-08-01 03:00:00,8
15.37746175,-18.95677897,LA3,2010-08-01,03:20:00 AM,03:20:00,Cold-Dry,2010-08-01 03:20:00,8
15.37748922,-18.95680745,LA3,2010-08-01,03:40:00 AM,03:40:00,Cold-Dry,2010-08-01 03:40:00,8
15.37755025,-18.95674235,LA3,2010-08-01,04:00:00 AM,04:00:00,Cold-Dry,2010-08-01 04:00:00,8
15.37768758,-18.95648397,LA3,2010-08-01,04:20:00 AM,04:20:00,Cold-Dry,2010-08-01 04:20:00,8
15.37829183,-18.9556661,LA3,2010-08-01,04:40:00 AM,04:40:00,Cold-Dry,2010-08-01 04:40:00,8
15.37769877,-18.95478516,LA3,2010-08-01,05:00:00 AM,05:00:00,Cold-Dry,2010-08-01 05:00:00,8
15.37726949,-18.95509033,LA3,2010-08-01,05:20:00 AM,05:20:00,Cold-Dry,2010-08-01 05:20:00,8
15.37702738,-18.95506185,LA3,2010-08-01,05:40:00 AM,05:40:00,Cold-Dry,2010-08-01 05:40:00,8
15.37709452,-18.95490316,LA3,2010-08-01,06:00:00 AM,06:00:00,Cold-Dry,2010-08-01 06:00:00,8
15.37709045,-18.95533447,LA3,2010-08-01,06:20:00 AM,06:20:00,Cold-Dry,2010-08-01 06:20:00,8
15.37576803,-18.95679321,LA3,2010-08-01,06:40:00 AM,06:40:00,Cold-Dry,2010-08-01 06:40:00,8
15.37591349,-18.95730184,LA3,2010-08-01,07:00:00 AM,07:00:00,Cold-Dry,2010-08-01 07:00:00,8
15.37331848,-18.95959676,LA3,2010-08-01,07:20:00 AM,07:20:00,Cold-Dry,2010-08-01 07:20:00,8
15.37157389,-18.96086833,LA3,2010-08-01,07:40:00 AM,07:40:00,Cold-Dry,2010-08-01 07:40:00,8
15.37120667,-18.96112264,LA3,2010-08-01,08:00:00 AM,08:00:00,Cold-Dry,2010-08-01 08:00:00,8
15.37159017,-18.96103516,LA3,2010-08-01,08:20:00 AM,08:20:00,Cold-Dry,2010-08-01 08:20:00,8
15.3716746,-18.96119792,LA3,2010-08-01,08:40:00 AM,08:40:00,Cold-Dry,2010-08-01 08:40:00,8
15.37198588,-18.96073405,LA3,2010-08-01,09:00:00 AM,09:00:00,Cold-Dry,2010-08-01 09:00:00,8
15.36987305,-18.96032308,LA3,2010-08-01,09:20:00 AM,09:20:00,Cold-Dry,2010-08-01 09:20:00,8
15.36775208,-18.95991618,LA3,2010-08-01,09:40:00 AM,09:40:00,Cold-Dry,2010-08-01 09:40:00,8
15.36699524,-18.95966187,LA3,2010-08-01,10:00:00 AM,10:00:00,Cold-Dry,2010-08-01 10:00:00,8
15.36734314,-18.95970662,LA3,2010-08-01,10:20:00 AM,10:20:00,Cold-Dry,2010-08-01 10:20:00,8
15.36751912,-18.95957235,LA3,2010-08-01,10:40:00 AM,10:40:00,Cold-Dry,2010-08-01 10:40:00,8
15.36705119,-18.95870972,LA3,2010-08-01,11:00:00 AM,11:00:00,Cold-Dry,2010-08-01 11:00:00,8
15.36697998,-18.95964355,LA3,2010-08-01,11:20:00 AM,11:20:00,Cold-Dry,2010-08-01 11:20:00,8
15.36517029,-18.96060181,LA3,2010-08-01,11:40:00 AM,11:40:00,Cold-Dry,2010-08-01 11:40:00,8
15.36474202,-18.96096802,LA3,2010-08-01,12:00:00 PM,12:00:00,Cold-Dry,2010-08-01 12:00:00,8
15.36134033,-18.96241659,LA3,2010-08-01,12:20:00 PM,12:20:00,Cold-Dry,2010-08-01 12:20:00,8
15.35761617,-18.96367798,LA3,2010-08-01,12:40:00 PM,12:40:00,Cold-Dry,2010-08-01 12:40:00,8
15.35359294,-18.96414185,LA3,2010-08-01,01:00:00 PM,13:00:00,Cold-Dry,2010-08-01 13:00:00,8
15.34514364,-18.965684,LA3,2010-08-01,01:20:00 PM,13:20:00,Cold-Dry,2010-08-01 13:20:00,8
15.33669535,-18.96748454,LA3,2010-08-01,01:40:00 PM,13:40:00,Cold-Dry,2010-08-01 13:40:00,8
15.32819621,-18.96896769,LA3,2010-08-01,02:00:00 PM,14:00:00,Cold-Dry,2010-08-01 14:00:00,8
15.32819824,-18.96896566,LA3,2010-08-01,02:20:00 PM,14:20:00,Cold-Dry,2010-08-01 14:20:00,8
15.32819722,-18.96895752,LA3,2010-08-01,02:40:00 PM,14:40:00,Cold-Dry,2010-08-01 14:40:00,8
15.32852681,-18.96871948,LA3,2010-08-01,03:00:00 PM,15:00:00,Cold-Dry,2010-08-01 15:00:00,8
15.33130086,-18.96838786,LA3,2010-08-01,03:20:00 PM,15:20:00,Cold-Dry,2010-08-01 15:20:00,8
15.3353302,-18.9694987,LA3,2010-08-01,03:40:00 PM,15:40:00,Cold-Dry,2010-08-01 15:40:00,8
15.33673401,-18.96901855,LA3,2010-08-01,04:00:00 PM,16:00:00,Cold-Dry,2010-08-01 16:00:00,8
15.33849792,-18.96853231,LA3,2010-08-01,04:20:00 PM,16:20:00,Cold-Dry,2010-08-01 16:20:00,8
15.34023234,-18.96801147,LA3,2010-08-01,04:40:00 PM,16:40:00,Cold-Dry,2010-08-01 16:40:00,8
15.3401652,-18.96782633,LA3,2010-08-01,05:00:00 PM,17:00:00,Cold-Dry,2010-08-01 17:00:00,8
15.3393809,-18.96720785,LA3,2010-08-01,05:20:00 PM,17:20:00,Cold-Dry,2010-08-01 17:20:00,8
15.33451029,-18.96812134,LA3,2010-08-01,05:40:00 PM,17:40:00,Cold-Dry,2010-08-01 17:40:00,8
15.33140971,-18.96806641,LA3,2010-08-01,06:00:00 PM,18:00:00,Cold-Dry,2010-08-01 18:00:00,8
15.33132528,-18.96809285,LA3,2010-08-01,06:20:00 PM,18:20:00,Cold-Dry,2010-08-01 18:20:00,8
15.33032939,-18.96835327,LA3,2010-08-01,06:40:00 PM,18:40:00,Cold-Dry,2010-08-01 18:40:00,8
15.32817891,-18.96896566,LA3,2010-08-01,07:00:00 PM,19:00:00,Cold-Dry,2010-08-01 19:00:00,8
15.32818909,-18.96895549,LA3,2010-08-01,07:20:00 PM,19:20:00,Cold-Dry,2010-08-01 19:20:00,8
15.32843018,-18.96875,LA3,2010-08-01,07:40:00 PM,19:40:00,Cold-Dry,2010-08-01 19:40:00,8
15.32875773,-18.96880493,LA3,2010-08-01,08:00:00 PM,20:00:00,Cold-Dry,2010-08-01 20:00:00,8
15.32879842,-18.96880493,LA3,2010-08-01,08:20:00 PM,20:20:00,Cold-Dry,2010-08-01 20:20:00,8
15.33154704,-18.96802368,LA3,2010-08-01,08:40:00 PM,20:40:00,Cold-Dry,2010-08-01 20:40:00,8
15.33381246,-18.9680542,LA3,2010-08-01,09:00:00 PM,21:00:00,Cold-Dry,2010-08-01 21:00:00,8
15.33413696,-18.96792603,LA3,2010-08-01,09:20:00 PM,21:20:00,Cold-Dry,2010-08-01 21:20:00,8
15.33824972,-18.96734416,LA3,2010-08-01,09:40:00 PM,21:40:00,Cold-Dry,2010-08-01 21:40:00,8
15.34393412,-18.96620687,LA3,2010-08-01,10:00:00 PM,22:00:00,Cold-Dry,2010-08-01 22:00:00,8
15.34507853,-18.9666158,LA3,2010-08-01,10:20:00 PM,22:20:00,Cold-Dry,2010-08-01 22:20:00,8
15.34686279,-18.96703898,LA3,2010-08-01,10:40:00 PM,22:40:00,Cold-Dry,2010-08-01 22:40:00,8
15.34922384,-18.96847127,LA3,2010-08-01,11:00:00 PM,23:00:00,Cold-Dry,2010-08-01 23:00:00,8
15.349764,-18.96851807,LA3,2010-08-01,11:20:00 PM,23:20:00,Cold-Dry,2010-08-01 23:20:00,8
15.34972331,-18.96854045,LA3,2010-08-01,11:40:00 PM,23:40:00,Cold-Dry,2010-08-01 23:40:00,8
15.34980062,-18.968455,LA3,2010-08-02,12:00:00 AM,00:00:00,Cold-Dry,2010-08-02 00:00:00,8
15.3502533,-18.96818237,LA3,2010-08-02,12:20:00 AM,00:20:00,Cold-Dry,2010-08-02 00:20:00,8
15.35066121,-18.96789347,LA3,2010-08-02,12:40:00 AM,00:40:00,Cold-Dry,2010-08-02 00:40:00,8
15.35195109,-18.96677653,LA3,2010-08-02,01:00:00 AM,01:00:00,Cold-Dry,2010-08-02 01:00:00,8
15.35624898,-18.9644165,LA3,2010-08-02,01:20:00 AM,01:20:00,Cold-Dry,2010-08-02 01:20:00,8
15.35713094,-18.96378377,LA3,2010-08-02,01:40:00 AM,01:40:00,Cold-Dry,2010-08-02 01:40:00,8
15.35908,-18.96364136,LA3,2010-08-02,02:00:00 AM,02:00:00,Cold-Dry,2010-08-02 02:00:00,8
15.35964966,-18.96368205,LA3,2010-08-02,02:20:00 AM,02:20:00,Cold-Dry,2010-08-02 02:20:00,8
15.36190592,-18.96399333,LA3,2010-08-02,02:40:00 AM,02:40:00,Cold-Dry,2010-08-02 02:40:00,8
15.36504924,-18.96395467,LA3,2010-08-02,03:00:00 AM,03:00:00,Cold-Dry,2010-08-02 03:00:00,8
15.36591187,-18.96383057,LA3,2010-08-02,03:20:00 AM,03:20:00,Cold-Dry,2010-08-02 03:20:00,8
15.36673787,-18.96404826,LA3,2010-08-02,03:40:00 AM,03:40:00,Cold-Dry,2010-08-02 03:40:00,8
15.36770528,-18.96414591,LA3,2010-08-02,04:00:00 AM,04:00:00,Cold-Dry,2010-08-02 04:00:00,8
15.36895345,-18.96375529,LA3,2010-08-02,04:20:00 AM,04:20:00,Cold-Dry,2010-08-02 04:20:00,8
15.37027486,-18.96356608,LA3,2010-08-02,04:40:00 AM,04:40:00,Cold-Dry,2010-08-02 04:40:00,8
15.37059937,-18.9634318,LA3,2010-08-02,05:00:00 AM,05:00:00,Cold-Dry,2010-08-02 05:00:00,8
15.37375692,-18.96338094,LA3,2010-08-02,05:20:00 AM,05:20:00,Cold-Dry,2010-08-02 05:20:00,8
15.37443644,-18.96430461,LA3,2010-08-02,05:40:00 AM,05:40:00,Cold-Dry,2010-08-02 05:40:00,8
15.37494812,-18.96506144,LA3,2010-08-02,06:00:00 AM,06:00:00,Cold-Dry,2010-08-02 06:00:00,8
15.37530314,-18.96546021,LA3,2010-08-02,06:20:00 AM,06:20:00,Cold-Dry,2010-08-02 06:20:00,8
15.37587484,-18.96817627,LA3,2010-08-02,06:40:00 AM,06:40:00,Cold-Dry,2010-08-02 06:40:00,8
15.37714335,-18.97000122,LA3,2010-08-02,07:00:00 AM,07:00:00,Cold-Dry,2010-08-02 07:00:00,8
15.37761637,-18.97361247,LA3,2010-08-02,07:20:00 AM,07:20:00,Cold-Dry,2010-08-02 07:20:00,8
15.37741292,-18.97481893,LA3,2010-08-02,07:40:00 AM,07:40:00,Cold-Dry,2010-08-02 07:40:00,8
15.37789103,-18.97635091,LA3,2010-08-02,08:00:00 AM,08:00:00,Cold-Dry,2010-08-02 08:00:00,8
15.37789307,-18.97657267,LA3,2010-08-02,08:20:00 AM,08:20:00,Cold-Dry,2010-08-02 08:20:00,8
15.37815857,-18.97775879,LA3,2010-08-02,08:40:00 AM,08:40:00,Cold-Dry,2010-08-02 08:40:00,8
15.37730306,-18.97930908,LA3,2010-08-02,09:00:00 AM,09:00:00,Cold-Dry,2010-08-02 09:00:00,8
15.37731628,-18.97929484,LA3,2010-08-02,09:20:00 AM,09:20:00,Cold-Dry,2010-08-02 09:20:00,8
15.37675069,-18.98010864,LA3,2010-08-02,09:40:00 AM,09:40:00,Cold-Dry,2010-08-02 09:40:00,8
15.37583618,-18.98181356,LA3,2010-08-02,10:00:00 AM,10:00:00,Cold-Dry,2010-08-02 10:00:00,8
15.37537333,-18.98470459,LA3,2010-08-02,10:20:00 AM,10:20:00,Cold-Dry,2010-08-02 10:20:00,8
15.3745992,-18.98681844,LA3,2010-08-02,10:40:00 AM,10:40:00,Cold-Dry,2010-08-02 10:40:00,8
15.37322388,-18.98850098,LA3,2010-08-02,11:00:00 AM,11:00:00,Cold-Dry,2010-08-02 11:00:00,8
15.37279256,-18.98871663,LA3,2010-08-02,11:20:00 AM,11:20:00,Cold-Dry,2010-08-02 11:20:00,8
15.37135518,-18.98920898,LA3,2010-08-02,11:40:00 AM,11:40:00,Cold-Dry,2010-08-02 11:40:00,8
15.3713328,-18.98922526,LA3,2010-08-02,12:00:00 PM,12:00:00,Cold-Dry,2010-08-02 12:00:00,8
15.37134806,-18.98921916,LA3,2010-08-02,12:20:00 PM,12:20:00,Cold-Dry,2010-08-02 12:20:00,8
15.37136129,-18.98922526,LA3,2010-08-02,12:40:00 PM,12:40:00,Cold-Dry,2010-08-02 12:40:00,8
15.37136943,-18.98922933,LA3,2010-08-02,01:00:00 PM,13:00:00,Cold-Dry,2010-08-02 13:00:00,8
15.37137146,-18.98922729,LA3,2010-08-02,01:20:00 PM,13:20:00,Cold-Dry,2010-08-02 13:20:00,8
15.3706014,-18.98865153,LA3,2010-08-02,01:40:00 PM,13:40:00,Cold-Dry,2010-08-02 13:40:00,8
15.37028605,-18.98829142,LA3,2010-08-02,02:00:00 PM,14:00:00,Cold-Dry,2010-08-02 14:00:00,8
15.3699646,-18.98823649,LA3,2010-08-02,02:20:00 PM,14:20:00,Cold-Dry,2010-08-02 14:20:00,8
15.36909383,-18.98889364,LA3,2010-08-02,02:40:00 PM,14:40:00,Cold-Dry,2010-08-02 14:40:00,8
15.3686676,-18.98904622,LA3,2010-08-02,03:00:00 PM,15:00:00,Cold-Dry,2010-08-02 15:00:00,8
15.36829936,-18.98939412,LA3,2010-08-02,03:20:00 PM,15:20:00,Cold-Dry,2010-08-02 15:20:00,8
15.36816305,-18.99039103,LA3,2010-08-02,03:40:00 PM,15:40:00,Cold-Dry,2010-08-02 15:40:00,8
15.36807963,-18.99046427,LA3,2010-08-02,04:00:00 PM,16:00:00,Cold-Dry,2010-08-02 16:00:00,8
15.36758219,-18.99210409,LA3,2010-08-02,04:20:00 PM,16:20:00,Cold-Dry,2010-08-02 16:20:00,8
15.36693522,-18.99284871,LA3,2010-08-02,04:40:00 PM,16:40:00,Cold-Dry,2010-08-02 16:40:00,8
15.36623332,-18.9927002,LA3,2010-08-02,05:00:00 PM,17:00:00,Cold-Dry,2010-08-02 17:00:00,8
15.36464945,-18.99354655,LA3,2010-08-02,05:20:00 PM,17:20:00,Cold-Dry,2010-08-02 17:20:00,8
15.36426493,-18.99361572,LA3,2010-08-02,05:40:00 PM,17:40:00,Cold-Dry,2010-08-02 17:40:00,8
15.36416321,-18.99397583,LA3,2010-08-02,06:00:00 PM,18:00:00,Cold-Dry,2010-08-02 18:00:00,8
15.36371663,-18.99456177,LA3,2010-08-02,06:20:00 PM,18:20:00,Cold-Dry,2010-08-02 18:20:00,8
15.3635081,-18.99470011,LA3,2010-08-02,06:40:00 PM,18:40:00,Cold-Dry,2010-08-02 18:40:00,8
15.36294556,-18.9952474,LA3,2010-08-02,07:00:00 PM,19:00:00,Cold-Dry,2010-08-02 19:00:00,8
15.36297607,-18.99521891,LA3,2010-08-02,07:20:00 PM,19:20:00,Cold-Dry,2010-08-02 19:20:00,8
15.36292114,-18.99541016,LA3,2010-08-02,07:40:00 PM,19:40:00,Cold-Dry,2010-08-02 19:40:00,8
15.36229553,-18.99571533,LA3,2010-08-02,08:00:00 PM,20:00:00,Cold-Dry,2010-08-02 20:00:00,8
15.36180013,-18.99584351,LA3,2010-08-02,08:20:00 PM,20:20:00,Cold-Dry,2010-08-02 20:20:00,8
15.36112467,-18.99620565,LA3,2010-08-02,08:40:00 PM,20:40:00,Cold-Dry,2010-08-02 20:40:00,8
15.36065369,-18.99657593,LA3,2010-08-02,09:00:00 PM,21:00:00,Cold-Dry,2010-08-02 21:00:00,8
15.36045024,-18.99674072,LA3,2010-08-02,09:20:00 PM,21:20:00,Cold-Dry,2010-08-02 21:20:00,8
15.35991414,-18.99806925,LA3,2010-08-02,09:40:00 PM,21:40:00,Cold-Dry,2010-08-02 21:40:00,8
15.36012065,-18.99828491,LA3,2010-08-02,10:00:00 PM,22:00:00,Cold-Dry,2010-08-02 22:00:00,8
15.36016235,-18.99825846,LA3,2010-08-02,10:20:00 PM,22:20:00,Cold-Dry,2010-08-02 22:20:00,8
15.36012777,-18.99828491,LA3,2010-08-02,10:40:00 PM,22:40:00,Cold-Dry,2010-08-02 22:40:00,8
15.36014201,-18.99827881,LA3,2010-08-02,11:00:00 PM,23:00:00,Cold-Dry,2010-08-02 23:00:00,8
15.36015015,-18.99828491,LA3,2010-08-02,11:20:00 PM,23:20:00,Cold-Dry,2010-08-02 23:20:00,8
15.36011556,-18.99827474,LA3,2010-08-02,11:40:00 PM,23:40:00,Cold-Dry,2010-08-02 23:40:00,8
15.35911458,-19.00034383,LA3,2010-08-03,12:00:00 AM,00:00:00,Cold-Dry,2010-08-03 00:00:00,8
15.35818888,-19.0009786,LA3,2010-08-03,12:20:00 AM,00:20:00,Cold-Dry,2010-08-03 00:20:00,8
15.35724487,-19.00154419,LA3,2010-08-03,12:40:00 AM,00:40:00,Cold-Dry,2010-08-03 00:40:00,8
15.35697632,-19.00130005,LA3,2010-08-03,01:00:00 AM,01:00:00,Cold-Dry,2010-08-03 01:00:00,8
15.35674438,-19.00124919,LA3,2010-08-03,01:20:00 AM,01:20:00,Cold-Dry,2010-08-03 01:20:00,8
15.35645142,-19.00124308,LA3,2010-08-03,01:40:00 AM,01:40:00,Cold-Dry,2010-08-03 01:40:00,8
15.35530904,-19.00266927,LA3,2010-08-03,02:00:00 AM,02:00:00,Cold-Dry,2010-08-03 02:00:00,8
15.35495504,-19.0030009,LA3,2010-08-03,02:20:00 AM,02:20:00,Cold-Dry,2010-08-03 02:20:00,8
15.35392863,-19.00314128,LA3,2010-08-03,02:40:00 AM,02:40:00,Cold-Dry,2010-08-03 02:40:00,8
15.3531545,-19.00317993,LA3,2010-08-03,03:00:00 AM,03:00:00,Cold-Dry,2010-08-03 03:00:00,8
15.35293986,-19.00320841,LA3,2010-08-03,03:20:00 AM,03:20:00,Cold-Dry,2010-08-03 03:20:00,8
15.35245463,-19.00347493,LA3,2010-08-03,03:40:00 AM,03:40:00,Cold-Dry,2010-08-03 03:40:00,8
15.35192261,-19.00330811,LA3,2010-08-03,04:00:00 AM,04:00:00,Cold-Dry,2010-08-03 04:00:00,8
15.35194804,-19.00332031,LA3,2010-08-03,04:20:00 AM,04:20:00,Cold-Dry,2010-08-03 04:20:00,8
15.35195719,-19.00329793,LA3,2010-08-03,04:40:00 AM,04:40:00,Cold-Dry,2010-08-03 04:40:00,8
15.35194092,-19.00331624,LA3,2010-08-03,05:00:00 AM,05:00:00,Cold-Dry,2010-08-03 05:00:00,8
15.351887,-19.00336304,LA3,2010-08-03,05:20:00 AM,05:20:00,Cold-Dry,2010-08-03 05:20:00,8
15.351946,-19.00334066,LA3,2010-08-03,05:40:00 AM,05:40:00,Cold-Dry,2010-08-03 05:40:00,8
15.35191956,-19.00338949,LA3,2010-08-03,06:00:00 AM,06:00:00,Cold-Dry,2010-08-03 06:00:00,8
15.3517395,-19.00346476,LA3,2010-08-03,06:20:00 AM,06:20:00,Cold-Dry,2010-08-03 06:20:00,8
15.35160014,-19.00425415,LA3,2010-08-03,06:40:00 AM,06:40:00,Cold-Dry,2010-08-03 06:40:00,8
15.35153402,-19.0049764,LA3,2010-08-03,07:00:00 AM,07:00:00,Cold-Dry,2010-08-03 07:00:00,8
15.35140483,-19.00509237,LA3,2010-08-03,07:20:00 AM,07:20:00,Cold-Dry,2010-08-03 07:20:00,8
15.34981588,-19.00461426,LA3,2010-08-03,07:40:00 AM,07:40:00,Cold-Dry,2010-08-03 07:40:00,8
15.34896647,-19.0039388,LA3,2010-08-03,08:00:00 AM,08:00:00,Cold-Dry,2010-08-03 08:00:00,8
15.3484965,-19.00386556,LA3,2010-08-03,08:20:00 AM,08:20:00,Cold-Dry,2010-08-03 08:20:00,8
15.34834188,-19.00385742,LA3,2010-08-03,08:40:00 AM,08:40:00,Cold-Dry,2010-08-03 08:40:00,8
15.34705302,-19.00340983,LA3,2010-08-03,09:00:00 AM,09:00:00,Cold-Dry,2010-08-03 09:00:00,8
15.34614868,-19.00304769,LA3,2010-08-03,09:20:00 AM,09:20:00,Cold-Dry,2010-08-03 09:20:00,8
15.34584757,-19.00279134,LA3,2010-08-03,09:40:00 AM,09:40:00,Cold-Dry,2010-08-03 09:40:00,8
15.34453532,-19.00240072,LA3,2010-08-03,10:00:00 AM,10:00:00,Cold-Dry,2010-08-03 10:00:00,8
15.34223735,-19.00079549,LA3,2010-08-03,10:20:00 AM,10:20:00,Cold-Dry,2010-08-03 10:20:00,8
15.34163005,-19.00025024,LA3,2010-08-03,10:40:00 AM,10:40:00,Cold-Dry,2010-08-03 10:40:00,8
15.33997396,-18.99932048,LA3,2010-08-03,11:00:00 AM,11:00:00,Cold-Dry,2010-08-03 11:00:00,8
15.33838501,-18.99782918,LA3,2010-08-03,11:20:00 AM,11:20:00,Cold-Dry,2010-08-03 11:20:00,8
15.33771769,-18.99752604,LA3,2010-08-03,11:40:00 AM,11:40:00,Cold-Dry,2010-08-03 11:40:00,8
15.3377004,-18.99749349,LA3,2010-08-03,12:00:00 PM,12:00:00,Cold-Dry,2010-08-03 12:00:00,8
15.33769938,-18.99749959,LA3,2010-08-03,12:20:00 PM,12:20:00,Cold-Dry,2010-08-03 12:20:00,8
15.33771973,-18.99752197,LA3,2010-08-03,12:40:00 PM,12:40:00,Cold-Dry,2010-08-03 12:40:00,8
15.33751831,-18.99723918,LA3,2010-08-03,01:00:00 PM,13:00:00,Cold-Dry,2010-08-03 13:00:00,8
15.3375061,-18.99724528,LA3,2010-08-03,01:20:00 PM,13:20:00,Cold-Dry,2010-08-03 13:20:00,8
15.33726807,-18.99687703,LA3,2010-08-03,01:40:00 PM,13:40:00,Cold-Dry,2010-08-03 13:40:00,8
15.33698018,-18.99660238,LA3,2010-08-03,02:00:00 PM,14:00:00,Cold-Dry,2010-08-03 14:00:00,8
15.33640747,-18.9964152,LA3,2010-08-03,02:20:00 PM,14:20:00,Cold-Dry,2010-08-03 14:20:00,8
15.33591207,-18.99599406,LA3,2010-08-03,02:40:00 PM,14:40:00,Cold-Dry,2010-08-03 14:40:00,8
15.33563131,-18.99492391,LA3,2010-08-03,03:00:00 PM,15:00:00,Cold-Dry,2010-08-03 15:00:00,8
15.33499451,-18.99385783,LA3,2010-08-03,03:20:00 PM,15:20:00,Cold-Dry,2010-08-03 15:20:00,8
15.33439128,-18.99315389,LA3,2010-08-03,03:40:00 PM,15:40:00,Cold-Dry,2010-08-03 15:40:00,8
15.33408508,-18.9927002,LA3,2010-08-03,04:00:00 PM,16:00:00,Cold-Dry,2010-08-03 16:00:00,8
15.3339742,-18.99234823,LA3,2010-08-03,04:20:00 PM,16:20:00,Cold-Dry,2010-08-03 16:20:00,8
15.33218486,-18.98777873,LA3,2010-08-03,04:40:00 PM,16:40:00,Cold-Dry,2010-08-03 16:40:00,8
15.3315745,-18.98516642,LA3,2010-08-03,05:00:00 PM,17:00:00,Cold-Dry,2010-08-03 17:00:00,8
15.33138631,-18.98455607,LA3,2010-08-03,05:20:00 PM,17:20:00,Cold-Dry,2010-08-03 17:20:00,8
15.33141683,-18.98450114,LA3,2010-08-03,05:40:00 PM,17:40:00,Cold-Dry,2010-08-03 17:40:00,8
15.33012797,-18.98076986,LA3,2010-08-03,06:00:00 PM,18:00:00,Cold-Dry,2010-08-03 18:00:00,8
15.32813212,-18.9762085,LA3,2010-08-03,06:20:00 PM,18:20:00,Cold-Dry,2010-08-03 18:20:00,8
15.32777608,-18.97332967,LA3,2010-08-03,06:40:00 PM,18:40:00,Cold-Dry,2010-08-03 18:40:00,8
15.32756551,-18.97237142,LA3,2010-08-03,07:00:00 PM,19:00:00,Cold-Dry,2010-08-03 19:00:00,8
15.32817993,-18.96895345,LA3,2010-08-03,07:20:00 PM,19:20:00,Cold-Dry,2010-08-03 19:20:00,8
15.32817078,-18.96895142,LA3,2010-08-03,07:40:00 PM,19:40:00,Cold-Dry,2010-08-03 19:40:00,8
15.32831319,-18.96938273,LA3,2010-08-03,08:00:00 PM,20:00:00,Cold-Dry,2010-08-03 20:00:00,8
15.32820028,-18.96914266,LA3,2010-08-03,08:20:00 PM,20:20:00,Cold-Dry,2010-08-03 20:20:00,8
15.32811076,-18.96905314,LA3,2010-08-03,08:40:00 PM,20:40:00,Cold-Dry,2010-08-03 20:40:00,8
15.32794189,-18.96920776,LA3,2010-08-03,09:00:00 PM,21:00:00,Cold-Dry,2010-08-03 21:00:00,8
15.32802429,-18.97474772,LA3,2010-08-03,09:20:00 PM,21:20:00,Cold-Dry,2010-08-03 21:20:00,8
15.32793376,-18.98076375,LA3,2010-08-03,09:40:00 PM,21:40:00,Cold-Dry,2010-08-03 21:40:00,8
15.32784932,-18.98409831,LA3,2010-08-03,10:00:00 PM,22:00:00,Cold-Dry,2010-08-03 22:00:00,8
15.32778219,-18.98549601,LA3,2010-08-03,10:20:00 PM,22:20:00,Cold-Dry,2010-08-03 22:20:00,8
15.3279307,-18.98719686,LA3,2010-08-03,10:40:00 PM,22:40:00,Cold-Dry,2010-08-03 22:40:00,8
15.32805278,-18.98757731,LA3,2010-08-03,11:00:00 PM,23:00:00,Cold-Dry,2010-08-03 23:00:00,8
15.32922974,-18.99029541,LA3,2010-08-03,11:20:00 PM,23:20:00,Cold-Dry,2010-08-03 23:20:00,8
15.32990214,-18.99167074,LA3,2010-08-03,11:40:00 PM,23:40:00,Cold-Dry,2010-08-03 23:40:00,8
15.33009135,-18.9922465,LA3,2010-08-04,12:00:00 AM,00:00:00,Cold-Dry,2010-08-04 00:00:00,8
15.33031209,-18.9923116,LA3,2010-08-04,12:20:00 AM,00:20:00,Cold-Dry,2010-08-04 00:20:00,8
15.33048808,-18.99317627,LA3,2010-08-04,12:40:00 AM,00:40:00,Cold-Dry,2010-08-04 00:40:00,8
15.33067322,-18.99362996,LA3,2010-08-04,01:00:00 AM,01:00:00,Cold-Dry,2010-08-04 01:00:00,8
15.33077901,-18.99446411,LA3,2010-08-04,01:20:00 AM,01:20:00,Cold-Dry,2010-08-04 01:20:00,8
15.32931112,-18.997052,LA3,2010-08-04,01:40:00 AM,01:40:00,Cold-Dry,2010-08-04 01:40:00,8
15.3278656,-19.0003418,LA3,2010-08-04,02:00:00 AM,02:00:00,Cold-Dry,2010-08-04 02:00:00,8
15.32713318,-19.00384725,LA3,2010-08-04,02:20:00 AM,02:20:00,Cold-Dry,2010-08-04 02:20:00,8
15.32689718,-19.00423584,LA3,2010-08-04,02:40:00 AM,02:40:00,Cold-Dry,2010-08-04 02:40:00,8
15.32610982,-19.00586548,LA3,2010-08-04,03:00:00 AM,03:00:00,Cold-Dry,2010-08-04 03:00:00,8
15.32627258,-19.00614014,LA3,2010-08-04,03:20:00 AM,03:20:00,Cold-Dry,2010-08-04 03:20:00,8
15.32574361,-19.00715739,LA3,2010-08-04,03:40:00 AM,03:40:00,Cold-Dry,2010-08-04 03:40:00,8
15.32503662,-19.00776164,LA3,2010-08-04,04:00:00 AM,04:00:00,Cold-Dry,2010-08-04 04:00:00,8
15.32352295,-19.00992025,LA3,2010-08-04,04:20:00 AM,04:20:00,Cold-Dry,2010-08-04 04:20:00,8
15.32350566,-19.01141561,LA3,2010-08-04,04:40:00 AM,04:40:00,Cold-Dry,2010-08-04 04:40:00,8
15.32384135,-19.01270752,LA3,2010-08-04,05:00:00 AM,05:00:00,Cold-Dry,2010-08-04 05:00:00,8
15.32381999,-19.01273397,LA3,2010-08-04,05:20:00 AM,05:20:00,Cold-Dry,2010-08-04 05:20:00,8
15.32383219,-19.01268921,LA3,2010-08-04,05:40:00 AM,05:40:00,Cold-Dry,2010-08-04 05:40:00,8
15.32384033,-19.01274211,LA3,2010-08-04,06:00:00 AM,06:00:00,Cold-Dry,2010-08-04 06:00:00,8
15.3238505,-19.01270142,LA3,2010-08-04,06:20:00 AM,06:20:00,Cold-Dry,2010-08-04 06:20:00,8
15.32387797,-19.01278687,LA3,2010-08-04,06:40:00 AM,06:40:00,Cold-Dry,2010-08-04 06:40:00,8
15.32413635,-19.01328532,LA3,2010-08-04,07:00:00 AM,07:00:00,Cold-Dry,2010-08-04 07:00:00,8
15.32425639,-19.01337484,LA3,2010-08-04,07:20:00 AM,07:20:00,Cold-Dry,2010-08-04 07:20:00,8
15.32448222,-19.01344808,LA3,2010-08-04,07:40:00 AM,07:40:00,Cold-Dry,2010-08-04 07:40:00,8
15.32469279,-19.0134196,LA3,2010-08-04,08:00:00 AM,08:00:00,Cold-Dry,2010-08-04 08:00:00,8
15.32473246,-19.01360881,LA3,2010-08-04,08:20:00 AM,08:20:00,Cold-Dry,2010-08-04 08:20:00,8
15.32473653,-19.01369019,LA3,2010-08-04,08:40:00 AM,08:40:00,Cold-Dry,2010-08-04 08:40:00,8
15.32480672,-19.01407878,LA3,2010-08-04,09:00:00 AM,09:00:00,Cold-Dry,2010-08-04 09:00:00,8
15.32403564,-19.01531982,LA3,2010-08-04,09:20:00 AM,09:20:00,Cold-Dry,2010-08-04 09:20:00,8
15.32321879,-19.01677856,LA3,2010-08-04,09:40:00 AM,09:40:00,Cold-Dry,2010-08-04 09:40:00,8
15.32331238,-19.01904704,LA3,2010-08-04,10:00:00 AM,10:00:00,Cold-Dry,2010-08-04 10:00:00,8
15.32303162,-19.01999105,LA3,2010-08-04,10:20:00 AM,10:20:00,Cold-Dry,2010-08-04 10:20:00,8
15.32302653,-19.0199646,LA3,2010-08-04,10:40:00 AM,10:40:00,Cold-Dry,2010-08-04 10:40:00,8
15.32302958,-19.01998698,LA3,2010-08-04,11:00:00 AM,11:00:00,Cold-Dry,2010-08-04 11:00:00,8
15.32302856,-19.01998698,LA3,2010-08-04,11:20:00 AM,11:20:00,Cold-Dry,2010-08-04 11:20:00,8
15.32303569,-19.01998494,LA3,2010-08-04,11:40:00 AM,11:40:00,Cold-Dry,2010-08-04 11:40:00,8
15.32304789,-19.02001343,LA3,2010-08-04,12:00:00 PM,12:00:00,Cold-Dry,2010-08-04 12:00:00,8
15.32322184,-19.02048747,LA3,2010-08-04,12:20:00 PM,12:20:00,Cold-Dry,2010-08-04 12:20:00,8
15.32350769,-19.02078451,LA3,2010-08-04,12:40:00 PM,12:40:00,Cold-Dry,2010-08-04 12:40:00,8
15.32370199,-19.02062174,LA3,2010-08-04,01:00:00 PM,13:00:00,Cold-Dry,2010-08-04 13:00:00,8
15.32372945,-19.02060547,LA3,2010-08-04,01:20:00 PM,13:20:00,Cold-Dry,2010-08-04 13:20:00,8
15.32371928,-19.02061971,LA3,2010-08-04,01:40:00 PM,13:40:00,Cold-Dry,2010-08-04 13:40:00,8
15.32336934,-19.02054443,LA3,2010-08-04,02:00:00 PM,14:00:00,Cold-Dry,2010-08-04 14:00:00,8
15.32307332,-19.02057088,LA3,2010-08-04,02:20:00 PM,14:20:00,Cold-Dry,2010-08-04 14:20:00,8
15.32321065,-19.02034709,LA3,2010-08-04,02:40:00 PM,14:40:00,Cold-Dry,2010-08-04 14:40:00,8
15.3228536,-19.02025553,LA3,2010-08-04,03:00:00 PM,15:00:00,Cold-Dry,2010-08-04 15:00:00,8
15.32269999,-19.02024333,LA3,2010-08-04,03:20:00 PM,15:20:00,Cold-Dry,2010-08-04 15:20:00,8
15.32293701,-19.02080688,LA3,2010-08-04,03:40:00 PM,15:40:00,Cold-Dry,2010-08-04 15:40:00,8
15.32318319,-19.02137044,LA3,2010-08-04,04:00:00 PM,16:00:00,Cold-Dry,2010-08-04 16:00:00,8
15.32294922,-19.02185669,LA3,2010-08-04,04:20:00 PM,16:20:00,Cold-Dry,2010-08-04 16:20:00,8
15.32280375,-19.02283325,LA3,2010-08-04,04:40:00 PM,16:40:00,Cold-Dry,2010-08-04 16:40:00,8
15.32228394,-19.0237264,LA3,2010-08-04,05:00:00 PM,17:00:00,Cold-Dry,2010-08-04 17:00:00,8
15.32194316,-19.02385254,LA3,2010-08-04,05:20:00 PM,17:20:00,Cold-Dry,2010-08-04 17:20:00,8
15.32193604,-19.02385864,LA3,2010-08-04,05:40:00 PM,17:40:00,Cold-Dry,2010-08-04 17:40:00,8
15.32191772,-19.02385254,LA3,2010-08-04,06:00:00 PM,18:00:00,Cold-Dry,2010-08-04 18:00:00,8
15.32195028,-19.02388509,LA3,2010-08-04,06:20:00 PM,18:20:00,Cold-Dry,2010-08-04 18:20:00,8
15.32189026,-19.02389933,LA3,2010-08-04,06:40:00 PM,18:40:00,Cold-Dry,2010-08-04 18:40:00,8
15.32133687,-19.02451782,LA3,2010-08-04,07:00:00 PM,19:00:00,Cold-Dry,2010-08-04 19:00:00,8
15.3205129,-19.02546997,LA3,2010-08-04,07:20:00 PM,19:20:00,Cold-Dry,2010-08-04 19:20:00,8
15.3201121,-19.02564697,LA3,2010-08-04,07:40:00 PM,19:40:00,Cold-Dry,2010-08-04 19:40:00,8
15.31953227,-19.02623088,LA3,2010-08-04,08:00:00 PM,20:00:00,Cold-Dry,2010-08-04 20:00:00,8
15.31919047,-19.02691854,LA3,2010-08-04,08:20:00 PM,20:20:00,Cold-Dry,2010-08-04 20:20:00,8
15.31890361,-19.02696737,LA3,2010-08-04,08:40:00 PM,20:40:00,Cold-Dry,2010-08-04 20:40:00,8
15.31852112,-19.0270874,LA3,2010-08-04,09:00:00 PM,21:00:00,Cold-Dry,2010-08-04 21:00:00,8
15.31837056,-19.02802734,LA3,2010-08-04,09:20:00 PM,21:20:00,Cold-Dry,2010-08-04 21:20:00,8
15.3177592,-19.02945353,LA3,2010-08-04,09:40:00 PM,21:40:00,Cold-Dry,2010-08-04 21:40:00,8
15.31775004,-19.03132324,LA3,2010-08-04,10:00:00 PM,22:00:00,Cold-Dry,2010-08-04 22:00:00,8
15.31825053,-19.0321228,LA3,2010-08-04,10:20:00 PM,22:20:00,Cold-Dry,2010-08-04 22:20:00,8
15.31826172,-19.03212077,LA3,2010-08-04,10:40:00 PM,22:40:00,Cold-Dry,2010-08-04 22:40:00,8
15.31822815,-19.03215332,LA3,2010-08-04,11:00:00 PM,23:00:00,Cold-Dry,2010-08-04 23:00:00,8
15.31830037,-19.03283691,LA3,2010-08-04,11:20:00 PM,23:20:00,Cold-Dry,2010-08-04 23:20:00,8
15.31846212,-19.03328044,LA3,2010-08-04,11:40:00 PM,23:40:00,Cold-Dry,2010-08-04 23:40:00,8
15.31850281,-19.03394775,LA3,2010-08-05,12:00:00 AM,00:00:00,Cold-Dry,2010-08-05 00:00:00,8
15.31815287,-19.03416138,LA3,2010-08-05,12:20:00 AM,00:20:00,Cold-Dry,2010-08-05 00:20:00,8
15.31806437,-19.03422445,LA3,2010-08-05,12:40:00 AM,00:40:00,Cold-Dry,2010-08-05 00:40:00,8
15.31798197,-19.03453979,LA3,2010-08-05,01:00:00 AM,01:00:00,Cold-Dry,2010-08-05 01:00:00,8
15.31840312,-19.03516032,LA3,2010-08-05,01:20:00 AM,01:20:00,Cold-Dry,2010-08-05 01:20:00,8
15.31841532,-19.03516642,LA3,2010-08-05,01:40:00 AM,01:40:00,Cold-Dry,2010-08-05 01:40:00,8
15.31841939,-19.03517049,LA3,2010-08-05,02:00:00 AM,02:00:00,Cold-Dry,2010-08-05 02:00:00,8
15.31838888,-19.03517049,LA3,2010-08-05,02:20:00 AM,02:20:00,Cold-Dry,2010-08-05 02:20:00,8
15.31840922,-19.03516235,LA3,2010-08-05,02:40:00 AM,02:40:00,Cold-Dry,2010-08-05 02:40:00,8
15.31836344,-19.03515015,LA3,2010-08-05,03:00:00 AM,03:00:00,Cold-Dry,2010-08-05 03:00:00,8
15.31841227,-19.03517253,LA3,2010-08-05,03:20:00 AM,03:20:00,Cold-Dry,2010-08-05 03:20:00,8
15.31822611,-19.03537191,LA3,2010-08-05,03:40:00 AM,03:40:00,Cold-Dry,2010-08-05 03:40:00,8
15.31743164,-19.03641968,LA3,2010-08-05,04:00:00 AM,04:00:00,Cold-Dry,2010-08-05 04:00:00,8
15.31742961,-19.03665975,LA3,2010-08-05,04:20:00 AM,04:20:00,Cold-Dry,2010-08-05 04:20:00,8
15.31750997,-19.03671061,LA3,2010-08-05,04:40:00 AM,04:40:00,Cold-Dry,2010-08-05 04:40:00,8
15.31766154,-19.03758341,LA3,2010-08-05,05:00:00 AM,05:00:00,Cold-Dry,2010-08-05 05:00:00,8
15.31804911,-19.03823039,LA3,2010-08-05,05:20:00 AM,05:20:00,Cold-Dry,2010-08-05 05:20:00,8
15.3178599,-19.03828532,LA3,2010-08-05,05:40:00 AM,05:40:00,Cold-Dry,2010-08-05 05:40:00,8
15.31784973,-19.03902995,LA3,2010-08-05,06:00:00 AM,06:00:00,Cold-Dry,2010-08-05 06:00:00,8
15.31754557,-19.03979085,LA3,2010-08-05,06:20:00 AM,06:20:00,Cold-Dry,2010-08-05 06:20:00,8
15.3176829,-19.0398112,LA3,2010-08-05,06:40:00 AM,06:40:00,Cold-Dry,2010-08-05 06:40:00,8
15.31799113,-19.0398234,LA3,2010-08-05,07:00:00 AM,07:00:00,Cold-Dry,2010-08-05 07:00:00,8
15.3182607,-19.03960571,LA3,2010-08-05,07:20:00 AM,07:20:00,Cold-Dry,2010-08-05 07:20:00,8
15.31887919,-19.04020589,LA3,2010-08-05,07:40:00 AM,07:40:00,Cold-Dry,2010-08-05 07:40:00,8
15.31913961,-19.04064535,LA3,2010-08-05,08:00:00 AM,08:00:00,Cold-Dry,2010-08-05 08:00:00,8
15.31921488,-19.04184163,LA3,2010-08-05,08:20:00 AM,08:20:00,Cold-Dry,2010-08-05 08:20:00,8
15.31908875,-19.04272054,LA3,2010-08-05,08:40:00 AM,08:40:00,Cold-Dry,2010-08-05 08:40:00,8
15.31809794,-19.04351603,LA3,2010-08-05,09:00:00 AM,09:00:00,Cold-Dry,2010-08-05 09:00:00,8
15.31809387,-19.04351603,LA3,2010-08-05,09:20:00 AM,09:20:00,Cold-Dry,2010-08-05 09:20:00,8
15.31729838,-19.0428304,LA3,2010-08-05,09:40:00 AM,09:40:00,Cold-Dry,2010-08-05 09:40:00,8
15.31729635,-19.04282023,LA3,2010-08-05,10:00:00 AM,10:00:00,Cold-Dry,2010-08-05 10:00:00,8
15.31730042,-19.04282837,LA3,2010-08-05,10:20:00 AM,10:20:00,Cold-Dry,2010-08-05 10:20:00,8
15.31729329,-19.04283447,LA3,2010-08-05,10:40:00 AM,10:40:00,Cold-Dry,2010-08-05 10:40:00,8
15.31730855,-19.0428243,LA3,2010-08-05,11:00:00 AM,11:00:00,Cold-Dry,2010-08-05 11:00:00,8
15.31673381,-19.0415446,LA3,2010-08-05,11:20:00 AM,11:20:00,Cold-Dry,2010-08-05 11:20:00,8
15.3161204,-19.04062297,LA3,2010-08-05,11:40:00 AM,11:40:00,Cold-Dry,2010-08-05 11:40:00,8
15.3152771,-19.03982951,LA3,2010-08-05,12:00:00 PM,12:00:00,Cold-Dry,2010-08-05 12:00:00,8
15.31360982,-19.0389445,LA3,2010-08-05,12:20:00 PM,12:20:00,Cold-Dry,2010-08-05 12:20:00,8
15.31362101,-19.03895467,LA3,2010-08-05,12:40:00 PM,12:40:00,Cold-Dry,2010-08-05 12:40:00,8
15.31364441,-19.03897705,LA3,2010-08-05,01:00:00 PM,13:00:00,Cold-Dry,2010-08-05 13:00:00,8
15.31363627,-19.03895874,LA3,2010-08-05,01:20:00 PM,13:20:00,Cold-Dry,2010-08-05 13:20:00,8
15.31363729,-19.03897298,LA3,2010-08-05,01:40:00 PM,13:40:00,Cold-Dry,2010-08-05 13:40:00,8
15.31315002,-19.03875122,LA3,2010-08-05,02:00:00 PM,14:00:00,Cold-Dry,2010-08-05 14:00:00,8
15.31286519,-19.03861084,LA3,2010-08-05,02:20:00 PM,14:20:00,Cold-Dry,2010-08-05 14:20:00,8
15.31222432,-19.03850301,LA3,2010-08-05,02:40:00 PM,14:40:00,Cold-Dry,2010-08-05 14:40:00,8
15.31198018,-19.03838704,LA3,2010-08-05,03:00:00 PM,15:00:00,Cold-Dry,2010-08-05 15:00:00,8
15.31152649,-19.03821004,LA3,2010-08-05,03:20:00 PM,15:20:00,Cold-Dry,2010-08-05 15:20:00,8
15.31031087,-19.03793335,LA3,2010-08-05,03:40:00 PM,15:40:00,Cold-Dry,2010-08-05 15:40:00,8
15.30931193,-19.03749593,LA3,2010-08-05,04:00:00 PM,16:00:00,Cold-Dry,2010-08-05 16:00:00,8
15.30890299,-19.03787638,LA3,2010-08-05,04:20:00 PM,16:20:00,Cold-Dry,2010-08-05 16:20:00,8
15.30775045,-19.03783162,LA3,2010-08-05,04:40:00 PM,16:40:00,Cold-Dry,2010-08-05 16:40:00,8
15.30673319,-19.03788452,LA3,2010-08-05,05:00:00 PM,17:00:00,Cold-Dry,2010-08-05 17:00:00,8
15.30543722,-19.03776449,LA3,2010-08-05,05:20:00 PM,17:20:00,Cold-Dry,2010-08-05 17:20:00,8
15.30427246,-19.03761393,LA3,2010-08-05,05:40:00 PM,17:40:00,Cold-Dry,2010-08-05 17:40:00,8
15.30359497,-19.03754883,LA3,2010-08-05,06:00:00 PM,18:00:00,Cold-Dry,2010-08-05 18:00:00,8
15.30278219,-19.03726603,LA3,2010-08-05,06:20:00 PM,18:20:00,Cold-Dry,2010-08-05 18:20:00,8
15.30216166,-19.03706665,LA3,2010-08-05,06:40:00 PM,18:40:00,Cold-Dry,2010-08-05 18:40:00,8
15.30086772,-19.03639119,LA3,2010-08-05,07:00:00 PM,19:00:00,Cold-Dry,2010-08-05 19:00:00,8
15.29976501,-19.0365804,LA3,2010-08-05,07:20:00 PM,19:20:00,Cold-Dry,2010-08-05 19:20:00,8
15.29932149,-19.03650513,LA3,2010-08-05,07:40:00 PM,19:40:00,Cold-Dry,2010-08-05 19:40:00,8
15.29823507,-19.03688558,LA3,2010-08-05,08:00:00 PM,20:00:00,Cold-Dry,2010-08-05 20:00:00,8
15.29788615,-19.03699951,LA3,2010-08-05,08:20:00 PM,20:20:00,Cold-Dry,2010-08-05 20:20:00,8
15.29754639,-19.03688558,LA3,2010-08-05,08:40:00 PM,20:40:00,Cold-Dry,2010-08-05 20:40:00,8
15.29759623,-19.03678182,LA3,2010-08-05,09:00:00 PM,21:00:00,Cold-Dry,2010-08-05 21:00:00,8
15.29777425,-19.03648885,LA3,2010-08-05,09:20:00 PM,21:20:00,Cold-Dry,2010-08-05 21:20:00,8
15.29838765,-19.0364563,LA3,2010-08-05,09:40:00 PM,21:40:00,Cold-Dry,2010-08-05 21:40:00,8
15.29836731,-19.0364563,LA3,2010-08-05,10:00:00 PM,22:00:00,Cold-Dry,2010-08-05 22:00:00,8
15.29838053,-19.03644816,LA3,2010-08-05,10:20:00 PM,22:20:00,Cold-Dry,2010-08-05 22:20:00,8
15.29836324,-19.03645223,LA3,2010-08-05,10:40:00 PM,22:40:00,Cold-Dry,2010-08-05 22:40:00,8
15.29836833,-19.03644409,LA3,2010-08-05,11:00:00 PM,23:00:00,Cold-Dry,2010-08-05 23:00:00,8
15.29834696,-19.03643595,LA3,2010-08-05,11:20:00 PM,23:20:00,Cold-Dry,2010-08-05 23:20:00,8
15.29835307,-19.03640951,LA3,2010-08-05,11:40:00 PM,23:40:00,Cold-Dry,2010-08-05 23:40:00,8
15.2984019,-19.03641561,LA3,2010-08-06,12:00:00 AM,00:00:00,Cold-Dry,2010-08-06 00:00:00,8
15.29882914,-19.03624674,LA3,2010-08-06,12:20:00 AM,00:20:00,Cold-Dry,2010-08-06 00:20:00,8
15.30027974,-19.03510335,LA3,2010-08-06,12:40:00 AM,00:40:00,Cold-Dry,2010-08-06 00:40:00,8
15.30085653,-19.03462524,LA3,2010-08-06,01:00:00 AM,01:00:00,Cold-Dry,2010-08-06 01:00:00,8
15.30131531,-19.03411458,LA3,2010-08-06,01:20:00 AM,01:20:00,Cold-Dry,2010-08-06 01:20:00,8
15.3015391,-19.03438314,LA3,2010-08-06,01:40:00 AM,01:40:00,Cold-Dry,2010-08-06 01:40:00,8
15.30155843,-19.03437093,LA3,2010-08-06,02:00:00 AM,02:00:00,Cold-Dry,2010-08-06 02:00:00,8
15.30155029,-19.03433838,LA3,2010-08-06,02:20:00 AM,02:20:00,Cold-Dry,2010-08-06 02:20:00,8
15.30153097,-19.03438721,LA3,2010-08-06,02:40:00 AM,02:40:00,Cold-Dry,2010-08-06 02:40:00,8
15.30153809,-19.03433838,LA3,2010-08-06,03:00:00 AM,03:00:00,Cold-Dry,2010-08-06 03:00:00,8
15.30154928,-19.03435262,LA3,2010-08-06,03:20:00 AM,03:20:00,Cold-Dry,2010-08-06 03:20:00,8
15.30153402,-19.03436076,LA3,2010-08-06,03:40:00 AM,03:40:00,Cold-Dry,2010-08-06 03:40:00,8
15.30153198,-19.03436076,LA3,2010-08-06,04:00:00 AM,04:00:00,Cold-Dry,2010-08-06 04:00:00,8
15.30146891,-19.03401286,LA3,2010-08-06,04:20:00 AM,04:20:00,Cold-Dry,2010-08-06 04:20:00,8
15.30177714,-19.03246257,LA3,2010-08-06,04:40:00 AM,04:40:00,Cold-Dry,2010-08-06 04:40:00,8
15.30182088,-19.03242188,LA3,2010-08-06,05:00:00 AM,05:00:00,Cold-Dry,2010-08-06 05:00:00,8
15.30185242,-19.0324117,LA3,2010-08-06,05:20:00 AM,05:20:00,Cold-Dry,2010-08-06 05:20:00,8
15.30181885,-19.03243205,LA3,2010-08-06,05:40:00 AM,05:40:00,Cold-Dry,2010-08-06 05:40:00,8
15.30105489,-19.03123372,LA3,2010-08-06,06:00:00 AM,06:00:00,Cold-Dry,2010-08-06 06:00:00,8
15.29884949,-19.02938843,LA3,2010-08-06,06:20:00 AM,06:20:00,Cold-Dry,2010-08-06 06:20:00,8
15.29823608,-19.02869059,LA3,2010-08-06,06:40:00 AM,06:40:00,Cold-Dry,2010-08-06 06:40:00,8
15.29494629,-19.02444255,LA3,2010-08-06,07:00:00 AM,07:00:00,Cold-Dry,2010-08-06 07:00:00,8
15.29233093,-19.02201742,LA3,2010-08-06,07:20:00 AM,07:20:00,Cold-Dry,2010-08-06 07:20:00,8
15.28746948,-19.01777954,LA3,2010-08-06,07:40:00 AM,07:40:00,Cold-Dry,2010-08-06 07:40:00,8
15.28294983,-19.01409098,LA3,2010-08-06,08:00:00 AM,08:00:00,Cold-Dry,2010-08-06 08:00:00,8
15.27632446,-19.00828857,LA3,2010-08-06,08:20:00 AM,08:20:00,Cold-Dry,2010-08-06 08:20:00,8
15.27096659,-19.00254313,LA3,2010-08-06,08:40:00 AM,08:40:00,Cold-Dry,2010-08-06 08:40:00,8
15.26883952,-19.00176595,LA3,2010-08-06,09:00:00 AM,09:00:00,Cold-Dry,2010-08-06 09:00:00,8
15.26762492,-18.99863688,LA3,2010-08-06,09:20:00 AM,09:20:00,Cold-Dry,2010-08-06 09:20:00,8
15.26340841,-18.99301758,LA3,2010-08-06,09:40:00 AM,09:40:00,Cold-Dry,2010-08-06 09:40:00,8
15.25970052,-18.98765055,LA3,2010-08-06,10:00:00 AM,10:00:00,Cold-Dry,2010-08-06 10:00:00,8
15.25969747,-18.98765055,LA3,2010-08-06,10:20:00 AM,10:20:00,Cold-Dry,2010-08-06 10:20:00,8
15.25965068,-18.9880249,LA3,2010-08-06,10:40:00 AM,10:40:00,Cold-Dry,2010-08-06 10:40:00,8
15.25971069,-18.98763021,LA3,2010-08-06,11:00:00 AM,11:00:00,Cold-Dry,2010-08-06 11:00:00,8
15.25971476,-18.98763428,LA3,2010-08-06,11:20:00 AM,11:20:00,Cold-Dry,2010-08-06 11:20:00,8
15.26012573,-18.98608195,LA3,2010-08-06,11:40:00 AM,11:40:00,Cold-Dry,2010-08-06 11:40:00,8
15.26013184,-18.98567912,LA3,2010-08-06,12:00:00 PM,12:00:00,Cold-Dry,2010-08-06 12:00:00,8
15.26000773,-18.98556519,LA3,2010-08-06,12:20:00 PM,12:20:00,Cold-Dry,2010-08-06 12:20:00,8
15.25994568,-18.98542074,LA3,2010-08-06,12:40:00 PM,12:40:00,Cold-Dry,2010-08-06 12:40:00,8
15.25979106,-18.98540243,LA3,2010-08-06,01:00:00 PM,13:00:00,Cold-Dry,2010-08-06 13:00:00,8
15.25939128,-18.98573608,LA3,2010-08-06,01:20:00 PM,13:20:00,Cold-Dry,2010-08-06 13:20:00,8
15.25928446,-18.98579508,LA3,2010-08-06,01:40:00 PM,13:40:00,Cold-Dry,2010-08-06 13:40:00,8
15.25927531,-18.98578695,LA3,2010-08-06,02:00:00 PM,14:00:00,Cold-Dry,2010-08-06 14:00:00,8
15.2594279,-18.98602498,LA3,2010-08-06,02:20:00 PM,14:20:00,Cold-Dry,2010-08-06 14:20:00,8
15.25962219,-18.98683472,LA3,2010-08-06,02:40:00 PM,14:40:00,Cold-Dry,2010-08-06 14:40:00,8
15.259729,-18.98702596,LA3,2010-08-06,03:00:00 PM,15:00:00,Cold-Dry,2010-08-06 15:00:00,8
15.25967916,-18.98778483,LA3,2010-08-06,03:20:00 PM,15:20:00,Cold-Dry,2010-08-06 15:20:00,8
15.25982869,-18.98804321,LA3,2010-08-06,03:40:00 PM,15:40:00,Cold-Dry,2010-08-06 15:40:00,8
15.25970256,-18.98764852,LA3,2010-08-06,04:00:00 PM,16:00:00,Cold-Dry,2010-08-06 16:00:00,8
15.25971069,-18.98766276,LA3,2010-08-06,04:20:00 PM,16:20:00,Cold-Dry,2010-08-06 16:20:00,8
15.26088257,-18.98712972,LA3,2010-08-06,04:40:00 PM,16:40:00,Cold-Dry,2010-08-06 16:40:00,8
15.2619517,-18.98728231,LA3,2010-08-06,05:00:00 PM,17:00:00,Cold-Dry,2010-08-06 17:00:00,8
15.26220805,-18.98733114,LA3,2010-08-06,05:20:00 PM,17:20:00,Cold-Dry,2010-08-06 17:20:00,8
15.26258952,-18.98834025,LA3,2010-08-06,05:40:00 PM,17:40:00,Cold-Dry,2010-08-06 17:40:00,8
15.26245321,-18.9902181,LA3,2010-08-06,06:00:00 PM,18:00:00,Cold-Dry,2010-08-06 18:00:00,8
15.26360982,-18.99040731,LA3,2010-08-06,06:20:00 PM,18:20:00,Cold-Dry,2010-08-06 18:20:00,8
15.26372782,-18.99037476,LA3,2010-08-06,06:40:00 PM,18:40:00,Cold-Dry,2010-08-06 18:40:00,8
15.26473185,-18.99133708,LA3,2010-08-06,07:00:00 PM,19:00:00,Cold-Dry,2010-08-06 19:00:00,8
15.26515401,-18.9928833,LA3,2010-08-06,07:20:00 PM,19:20:00,Cold-Dry,2010-08-06 19:20:00,8
15.26518148,-18.99308879,LA3,2010-08-06,07:40:00 PM,19:40:00,Cold-Dry,2010-08-06 19:40:00,8
15.26536764,-18.99337565,LA3,2010-08-06,08:00:00 PM,20:00:00,Cold-Dry,2010-08-06 20:00:00,8
15.26532898,-18.99347127,LA3,2010-08-06,08:20:00 PM,20:20:00,Cold-Dry,2010-08-06 20:20:00,8
15.26543376,-18.99378255,LA3,2010-08-06,08:40:00 PM,20:40:00,Cold-Dry,2010-08-06 20:40:00,8
15.26538798,-18.99395142,LA3,2010-08-06,09:00:00 PM,21:00:00,Cold-Dry,2010-08-06 21:00:00,8
15.26517639,-18.99457804,LA3,2010-08-06,09:20:00 PM,21:20:00,Cold-Dry,2010-08-06 21:20:00,8
15.26564535,-18.99655151,LA3,2010-08-06,09:40:00 PM,21:40:00,Cold-Dry,2010-08-06 21:40:00,8
15.26840413,-18.99911296,LA3,2010-08-06,10:00:00 PM,22:00:00,Cold-Dry,2010-08-06 22:00:00,8
15.26921183,-18.99990845,LA3,2010-08-06,10:20:00 PM,22:20:00,Cold-Dry,2010-08-06 22:20:00,8
15.27087097,-19.00201823,LA3,2010-08-06,10:40:00 PM,22:40:00,Cold-Dry,2010-08-06 22:40:00,8
15.27229207,-19.00417887,LA3,2010-08-06,11:00:00 PM,23:00:00,Cold-Dry,2010-08-06 23:00:00,8
15.27380066,-19.0053894,LA3,2010-08-06,11:20:00 PM,23:20:00,Cold-Dry,2010-08-06 23:20:00,8
15.27400411,-19.00557251,LA3,2010-08-06,11:40:00 PM,23:40:00,Cold-Dry,2010-08-06 23:40:00,8
15.27409465,-19.00555827,LA3,2010-08-07,12:00:00 AM,00:00:00,Cold-Dry,2010-08-07 00:00:00,8
15.27404887,-19.00565592,LA3,2010-08-07,12:20:00 AM,00:20:00,Cold-Dry,2010-08-07 00:20:00,8
15.27409973,-19.00552368,LA3,2010-08-07,12:40:00 AM,00:40:00,Cold-Dry,2010-08-07 00:40:00,8
15.27432454,-19.00522461,LA3,2010-08-07,01:00:00 AM,01:00:00,Cold-Dry,2010-08-07 01:00:00,8
15.2744812,-19.00540568,LA3,2010-08-07,01:20:00 AM,01:20:00,Cold-Dry,2010-08-07 01:20:00,8
15.27407023,-19.00557861,LA3,2010-08-07,01:40:00 AM,01:40:00,Cold-Dry,2010-08-07 01:40:00,8
15.27388306,-19.00539754,LA3,2010-08-07,02:00:00 AM,02:00:00,Cold-Dry,2010-08-07 02:00:00,8
15.27389018,-19.0053833,LA3,2010-08-07,02:20:00 AM,02:20:00,Cold-Dry,2010-08-07 02:20:00,8
15.27390442,-19.00536702,LA3,2010-08-07,02:40:00 AM,02:40:00,Cold-Dry,2010-08-07 02:40:00,8
15.2738973,-19.00536499,LA3,2010-08-07,03:00:00 AM,03:00:00,Cold-Dry,2010-08-07 03:00:00,8
15.27390238,-19.00536499,LA3,2010-08-07,03:20:00 AM,03:20:00,Cold-Dry,2010-08-07 03:20:00,8
15.27390442,-19.00536092,LA3,2010-08-07,03:40:00 AM,03:40:00,Cold-Dry,2010-08-07 03:40:00,8
15.27385356,-19.00550944,LA3,2010-08-07,04:00:00 AM,04:00:00,Cold-Dry,2010-08-07 04:00:00,8
15.27420553,-19.00583496,LA3,2010-08-07,04:20:00 AM,04:20:00,Cold-Dry,2010-08-07 04:20:00,8
15.27446798,-19.00595093,LA3,2010-08-07,04:40:00 AM,04:40:00,Cold-Dry,2010-08-07 04:40:00,8
15.27460225,-19.00594279,LA3,2010-08-07,05:00:00 AM,05:00:00,Cold-Dry,2010-08-07 05:00:00,8
15.27442118,-19.00604248,LA3,2010-08-07,05:20:00 AM,05:20:00,Cold-Dry,2010-08-07 05:20:00,8
15.27418823,-19.0059672,LA3,2010-08-07,05:40:00 AM,05:40:00,Cold-Dry,2010-08-07 05:40:00,8
15.27374166,-19.00554199,LA3,2010-08-07,06:00:00 AM,06:00:00,Cold-Dry,2010-08-07 06:00:00,8
15.27244975,-19.0044637,LA3,2010-08-07,06:20:00 AM,06:20:00,Cold-Dry,2010-08-07 06:20:00,8
15.27132161,-19.00294393,LA3,2010-08-07,06:40:00 AM,06:40:00,Cold-Dry,2010-08-07 06:40:00,8
15.2705719,-19.00320231,LA3,2010-08-07,07:00:00 AM,07:00:00,Cold-Dry,2010-08-07 07:00:00,8
15.27017822,-19.00359701,LA3,2010-08-07,07:20:00 AM,07:20:00,Cold-Dry,2010-08-07 07:20:00,8
15.26901245,-19.00389201,LA3,2010-08-07,07:40:00 AM,07:40:00,Cold-Dry,2010-08-07 07:40:00,8
15.2687205,-19.00406087,LA3,2010-08-07,08:00:00 AM,08:00:00,Cold-Dry,2010-08-07 08:00:00,8
15.26722616,-19.00336711,LA3,2010-08-07,08:20:00 AM,08:20:00,Cold-Dry,2010-08-07 08:20:00,8
15.26693726,-19.00277507,LA3,2010-08-07,08:40:00 AM,08:40:00,Cold-Dry,2010-08-07 08:40:00,8
15.26668396,-19.00255127,LA3,2010-08-07,09:00:00 AM,09:00:00,Cold-Dry,2010-08-07 09:00:00,8
15.26603088,-19.00202637,LA3,2010-08-07,09:20:00 AM,09:20:00,Cold-Dry,2010-08-07 09:20:00,8
15.26605428,-19.00233561,LA3,2010-08-07,09:40:00 AM,09:40:00,Cold-Dry,2010-08-07 09:40:00,8
15.26572571,-19.00239461,LA3,2010-08-07,10:00:00 AM,10:00:00,Cold-Dry,2010-08-07 10:00:00,8
15.26551005,-19.00229492,LA3,2010-08-07,10:20:00 AM,10:20:00,Cold-Dry,2010-08-07 10:20:00,8
15.26455383,-19.0001241,LA3,2010-08-07,10:40:00 AM,10:40:00,Cold-Dry,2010-08-07 10:40:00,8
15.26384989,-18.99781698,LA3,2010-08-07,11:00:00 AM,11:00:00,Cold-Dry,2010-08-07 11:00:00,8
15.26328939,-18.99320882,LA3,2010-08-07,11:20:00 AM,11:20:00,Cold-Dry,2010-08-07 11:20:00,8
15.25969849,-18.98761393,LA3,2010-08-07,11:40:00 AM,11:40:00,Cold-Dry,2010-08-07 11:40:00,8
15.25969035,-18.98762817,LA3,2010-08-07,12:00:00 PM,12:00:00,Cold-Dry,2010-08-07 12:00:00,8
15.25970459,-18.98765055,LA3,2010-08-07,12:20:00 PM,12:20:00,Cold-Dry,2010-08-07 12:20:00,8
15.25969747,-18.98764242,LA3,2010-08-07,12:40:00 PM,12:40:00,Cold-Dry,2010-08-07 12:40:00,8
15.25992228,-18.98594971,LA3,2010-08-07,01:00:00 PM,13:00:00,Cold-Dry,2010-08-07 13:00:00,8
15.26024984,-18.98509521,LA3,2010-08-07,01:20:00 PM,13:20:00,Cold-Dry,2010-08-07 13:20:00,8
15.26026001,-18.98510742,LA3,2010-08-07,01:40:00 PM,13:40:00,Cold-Dry,2010-08-07 13:40:00,8
15.26021322,-18.98509115,LA3,2010-08-07,02:00:00 PM,14:00:00,Cold-Dry,2010-08-07 14:00:00,8
15.2602183,-18.98508097,LA3,2010-08-07,02:20:00 PM,14:20:00,Cold-Dry,2010-08-07 14:20:00,8
15.2601064,-18.9841451,LA3,2010-08-07,02:40:00 PM,14:40:00,Cold-Dry,2010-08-07 14:40:00,8
15.26074829,-18.98303223,LA3,2010-08-07,03:00:00 PM,15:00:00,Cold-Dry,2010-08-07 15:00:00,8
15.26078491,-18.98290202,LA3,2010-08-07,03:20:00 PM,15:20:00,Cold-Dry,2010-08-07 15:20:00,8
15.26074015,-18.98273926,LA3,2010-08-07,03:40:00 PM,15:40:00,Cold-Dry,2010-08-07 15:40:00,8
15.26059875,-18.98236491,LA3,2010-08-07,04:00:00 PM,16:00:00,Cold-Dry,2010-08-07 16:00:00,8
15.2605957,-18.98212484,LA3,2010-08-07,04:20:00 PM,16:20:00,Cold-Dry,2010-08-07 16:20:00,8
15.2598643,-18.98161011,LA3,2010-08-07,04:40:00 PM,16:40:00,Cold-Dry,2010-08-07 16:40:00,8
15.25865885,-18.98076579,LA3,2010-08-07,05:00:00 PM,17:00:00,Cold-Dry,2010-08-07 17:00:00,8
15.25868835,-18.98080037,LA3,2010-08-07,05:20:00 PM,17:20:00,Cold-Dry,2010-08-07 17:20:00,8
15.25874532,-18.98149821,LA3,2010-08-07,05:40:00 PM,17:40:00,Cold-Dry,2010-08-07 17:40:00,8
15.25837199,-18.98282064,LA3,2010-08-07,06:00:00 PM,18:00:00,Cold-Dry,2010-08-07 18:00:00,8
15.25828857,-18.98297526,LA3,2010-08-07,06:20:00 PM,18:20:00,Cold-Dry,2010-08-07 18:20:00,8
15.25848897,-18.98334351,LA3,2010-08-07,06:40:00 PM,18:40:00,Cold-Dry,2010-08-07 18:40:00,8
15.2594106,-18.98620199,LA3,2010-08-07,07:00:00 PM,19:00:00,Cold-Dry,2010-08-07 19:00:00,8
15.25976563,-18.98763631,LA3,2010-08-07,07:20:00 PM,19:20:00,Cold-Dry,2010-08-07 19:20:00,8
15.25957743,-18.98758952,LA3,2010-08-07,07:40:00 PM,19:40:00,Cold-Dry,2010-08-07 19:40:00,8
15.26025391,-18.98814901,LA3,2010-08-07,08:00:00 PM,20:00:00,Cold-Dry,2010-08-07 20:00:00,8
15.26242676,-18.99021606,LA3,2010-08-07,08:20:00 PM,20:20:00,Cold-Dry,2010-08-07 20:20:00,8
15.26321411,-18.99265137,LA3,2010-08-07,08:40:00 PM,20:40:00,Cold-Dry,2010-08-07 20:40:00,8
15.26394552,-18.99427897,LA3,2010-08-07,09:00:00 PM,21:00:00,Cold-Dry,2010-08-07 21:00:00,8
15.26496684,-18.99648438,LA3,2010-08-07,09:20:00 PM,21:20:00,Cold-Dry,2010-08-07 21:20:00,8
15.26497498,-18.9966451,LA3,2010-08-07,09:40:00 PM,21:40:00,Cold-Dry,2010-08-07 21:40:00,8
15.26518046,-18.99748128,LA3,2010-08-07,10:00:00 PM,22:00:00,Cold-Dry,2010-08-07 22:00:00,8
15.26517232,-18.9976298,LA3,2010-08-07,10:20:00 PM,22:20:00,Cold-Dry,2010-08-07 22:20:00,8
15.26517232,-18.99763794,LA3,2010-08-07,10:40:00 PM,22:40:00,Cold-Dry,2010-08-07 22:40:00,8
15.26522725,-18.9978007,LA3,2010-08-07,11:00:00 PM,23:00:00,Cold-Dry,2010-08-07 23:00:00,8
15.26516215,-18.99889119,LA3,2010-08-07,11:20:00 PM,23:20:00,Cold-Dry,2010-08-07 23:20:00,8
15.26639811,-18.99939372,LA3,2010-08-07,11:40:00 PM,23:40:00,Cold-Dry,2010-08-07 23:40:00,8
15.26749674,-19.00003255,LA3,2010-08-08,12:00:00 AM,00:00:00,Cold-Dry,2010-08-08 00:00:00,8
15.26906535,-19.00099894,LA3,2010-08-08,12:20:00 AM,00:20:00,Cold-Dry,2010-08-08 00:20:00,8
15.27016805,-19.00137126,LA3,2010-08-08,12:40:00 AM,00:40:00,Cold-Dry,2010-08-08 00:40:00,8
15.27543132,-19.0072998,LA3,2010-08-08,01:00:00 AM,01:00:00,Cold-Dry,2010-08-08 01:00:00,8
15.27860514,-19.01138102,LA3,2010-08-08,01:20:00 AM,01:20:00,Cold-Dry,2010-08-08 01:20:00,8
15.28105265,-19.01466471,LA3,2010-08-08,01:40:00 AM,01:40:00,Cold-Dry,2010-08-08 01:40:00,8
15.28382975,-19.01499227,LA3,2010-08-08,02:00:00 AM,02:00:00,Cold-Dry,2010-08-08 02:00:00,8
15.28382161,-19.01498617,LA3,2010-08-08,02:20:00 AM,02:20:00,Cold-Dry,2010-08-08 02:20:00,8
15.28380636,-19.01498413,LA3,2010-08-08,02:40:00 AM,02:40:00,Cold-Dry,2010-08-08 02:40:00,8
15.28378601,-19.01498617,LA3,2010-08-08,03:00:00 AM,03:00:00,Cold-Dry,2010-08-08 03:00:00,8
15.28381755,-19.01497396,LA3,2010-08-08,03:20:00 AM,03:20:00,Cold-Dry,2010-08-08 03:20:00,8
15.28379822,-19.01497396,LA3,2010-08-08,03:40:00 AM,03:40:00,Cold-Dry,2010-08-08 03:40:00,8
15.28381856,-19.01498413,LA3,2010-08-08,04:00:00 AM,04:00:00,Cold-Dry,2010-08-08 04:00:00,8
15.28410441,-19.01502889,LA3,2010-08-08,04:20:00 AM,04:20:00,Cold-Dry,2010-08-08 04:20:00,8
15.28415426,-19.01505127,LA3,2010-08-08,04:40:00 AM,04:40:00,Cold-Dry,2010-08-08 04:40:00,8
15.28442179,-19.0148702,LA3,2010-08-08,05:00:00 AM,05:00:00,Cold-Dry,2010-08-08 05:00:00,8
15.28467509,-19.01493123,LA3,2010-08-08,05:20:00 AM,05:20:00,Cold-Dry,2010-08-08 05:20:00,8
15.28525187,-19.01514893,LA3,2010-08-08,05:40:00 AM,05:40:00,Cold-Dry,2010-08-08 05:40:00,8
15.28616231,-19.01532593,LA3,2010-08-08,06:00:00 AM,06:00:00,Cold-Dry,2010-08-08 06:00:00,8
15.28697306,-19.01524251,LA3,2010-08-08,06:20:00 AM,06:20:00,Cold-Dry,2010-08-08 06:20:00,8
15.28705343,-19.01528524,LA3,2010-08-08,06:40:00 AM,06:40:00,Cold-Dry,2010-08-08 06:40:00,8
15.28731283,-19.01516113,LA3,2010-08-08,07:00:00 AM,07:00:00,Cold-Dry,2010-08-08 07:00:00,8
15.2884257,-19.01508789,LA3,2010-08-08,07:20:00 AM,07:20:00,Cold-Dry,2010-08-08 07:20:00,8
15.28902384,-19.01493327,LA3,2010-08-08,07:40:00 AM,07:40:00,Cold-Dry,2010-08-08 07:40:00,8
15.28961283,-19.01485799,LA3,2010-08-08,08:00:00 AM,08:00:00,Cold-Dry,2010-08-08 08:00:00,8
15.29020081,-19.01507568,LA3,2010-08-08,08:20:00 AM,08:20:00,Cold-Dry,2010-08-08 08:20:00,8
15.29140727,-19.01476847,LA3,2010-08-08,08:40:00 AM,08:40:00,Cold-Dry,2010-08-08 08:40:00,8
15.2922526,-19.01479899,LA3,2010-08-08,09:00:00 AM,09:00:00,Cold-Dry,2010-08-08 09:00:00,8
15.2930481,-19.01477661,LA3,2010-08-08,09:20:00 AM,09:20:00,Cold-Dry,2010-08-08 09:20:00,8
15.29442444,-19.01460164,LA3,2010-08-08,09:40:00 AM,09:40:00,Cold-Dry,2010-08-08 09:40:00,8
15.29442546,-19.01459554,LA3,2010-08-08,10:00:00 AM,10:00:00,Cold-Dry,2010-08-08 10:00:00,8
15.29439799,-19.01461385,LA3,2010-08-08,10:20:00 AM,10:20:00,Cold-Dry,2010-08-08 10:20:00,8
15.29441528,-19.01462199,LA3,2010-08-08,10:40:00 AM,10:40:00,Cold-Dry,2010-08-08 10:40:00,8
15.29476013,-19.01452637,LA3,2010-08-08,11:00:00 AM,11:00:00,Cold-Dry,2010-08-08 11:00:00,8
15.29595744,-19.01417643,LA3,2010-08-08,11:20:00 AM,11:20:00,Cold-Dry,2010-08-08 11:20:00,8
15.29595744,-19.0141276,LA3,2010-08-08,11:40:00 AM,11:40:00,Cold-Dry,2010-08-08 11:40:00,8
15.29595337,-19.01418254,LA3,2010-08-08,12:00:00 PM,12:00:00,Cold-Dry,2010-08-08 12:00:00,8
15.2959493,-19.01418254,LA3,2010-08-08,12:20:00 PM,12:20:00,Cold-Dry,2010-08-08 12:20:00,8
15.29597371,-19.0141866,LA3,2010-08-08,12:40:00 PM,12:40:00,Cold-Dry,2010-08-08 12:40:00,8
15.29596965,-19.0141805,LA3,2010-08-08,01:00:00 PM,13:00:00,Cold-Dry,2010-08-08 13:00:00,8
15.29596252,-19.01418864,LA3,2010-08-08,01:20:00 PM,13:20:00,Cold-Dry,2010-08-08 13:20:00,8
15.29614665,-19.01413981,LA3,2010-08-08,01:40:00 PM,13:40:00,Cold-Dry,2010-08-08 13:40:00,8
15.2962677,-19.0139974,LA3,2010-08-08,02:00:00 PM,14:00:00,Cold-Dry,2010-08-08 14:00:00,8
15.29671733,-19.01402384,LA3,2010-08-08,02:20:00 PM,14:20:00,Cold-Dry,2010-08-08 14:20:00,8
15.29678955,-19.01401571,LA3,2010-08-08,02:40:00 PM,14:40:00,Cold-Dry,2010-08-08 14:40:00,8
15.29683736,-19.01404215,LA3,2010-08-08,03:00:00 PM,15:00:00,Cold-Dry,2010-08-08 15:00:00,8
15.29731852,-19.01365153,LA3,2010-08-08,03:20:00 PM,15:20:00,Cold-Dry,2010-08-08 15:20:00,8
15.29767761,-19.01360677,LA3,2010-08-08,03:40:00 PM,15:40:00,Cold-Dry,2010-08-08 15:40:00,8
15.29825948,-19.01297811,LA3,2010-08-08,04:00:00 PM,16:00:00,Cold-Dry,2010-08-08 16:00:00,8
15.29870097,-19.01271362,LA3,2010-08-08,04:20:00 PM,16:20:00,Cold-Dry,2010-08-08 16:20:00,8
15.30004171,-19.0111145,LA3,2010-08-08,04:40:00 PM,16:40:00,Cold-Dry,2010-08-08 16:40:00,8
15.30100911,-19.00970459,LA3,2010-08-08,05:00:00 PM,17:00:00,Cold-Dry,2010-08-08 17:00:00,8
15.3011617,-19.00947469,LA3,2010-08-08,05:20:00 PM,17:20:00,Cold-Dry,2010-08-08 17:20:00,8
15.30166321,-19.00915324,LA3,2010-08-08,05:40:00 PM,17:40:00,Cold-Dry,2010-08-08 17:40:00,8
15.30183105,-19.009021,LA3,2010-08-08,06:00:00 PM,18:00:00,Cold-Dry,2010-08-08 18:00:00,8
15.30187073,-19.00903117,LA3,2010-08-08,06:20:00 PM,18:20:00,Cold-Dry,2010-08-08 18:20:00,8
15.30244242,-19.00871379,LA3,2010-08-08,06:40:00 PM,18:40:00,Cold-Dry,2010-08-08 18:40:00,8
15.30295817,-19.00854289,LA3,2010-08-08,07:00:00 PM,19:00:00,Cold-Dry,2010-08-08 19:00:00,8
15.30365601,-19.00793254,LA3,2010-08-08,07:20:00 PM,19:20:00,Cold-Dry,2010-08-08 19:20:00,8
15.30410461,-19.0078715,LA3,2010-08-08,07:40:00 PM,19:40:00,Cold-Dry,2010-08-08 19:40:00,8
15.30428874,-19.00797323,LA3,2010-08-08,08:00:00 PM,20:00:00,Cold-Dry,2010-08-08 20:00:00,8
15.30427246,-19.00795695,LA3,2010-08-08,08:20:00 PM,20:20:00,Cold-Dry,2010-08-08 20:20:00,8
15.30423991,-19.0079305,LA3,2010-08-08,08:40:00 PM,20:40:00,Cold-Dry,2010-08-08 20:40:00,8
15.30425618,-19.0079244,LA3,2010-08-08,09:00:00 PM,21:00:00,Cold-Dry,2010-08-08 21:00:00,8
15.30426941,-19.00794474,LA3,2010-08-08,09:20:00 PM,21:20:00,Cold-Dry,2010-08-08 21:20:00,8
15.30427348,-19.00792847,LA3,2010-08-08,09:40:00 PM,21:40:00,Cold-Dry,2010-08-08 21:40:00,8
15.30426636,-19.00794881,LA3,2010-08-08,10:00:00 PM,22:00:00,Cold-Dry,2010-08-08 22:00:00,8
15.3042572,-19.00795492,LA3,2010-08-08,10:20:00 PM,22:20:00,Cold-Dry,2010-08-08 22:20:00,8
15.30433044,-19.00794067,LA3,2010-08-08,10:40:00 PM,22:40:00,Cold-Dry,2010-08-08 22:40:00,8
15.30441589,-19.00764567,LA3,2010-08-08,11:00:00 PM,23:00:00,Cold-Dry,2010-08-08 23:00:00,8
15.30449117,-19.00755615,LA3,2010-08-08,11:20:00 PM,23:20:00,Cold-Dry,2010-08-08 23:20:00,8
15.30461019,-19.00747884,LA3,2010-08-08,11:40:00 PM,23:40:00,Cold-Dry,2010-08-08 23:40:00,8
15.30489299,-19.00760905,LA3,2010-08-09,12:00:00 AM,00:00:00,Cold-Dry,2010-08-09 00:00:00,8
15.30505066,-19.00764567,LA3,2010-08-09,12:20:00 AM,00:20:00,Cold-Dry,2010-08-09 00:20:00,8
15.30509847,-19.0076884,LA3,2010-08-09,12:40:00 AM,00:40:00,Cold-Dry,2010-08-09 00:40:00,8
15.30511882,-19.00764974,LA3,2010-08-09,01:00:00 AM,01:00:00,Cold-Dry,2010-08-09 01:00:00,8
15.30496521,-19.00786336,LA3,2010-08-09,01:20:00 AM,01:20:00,Cold-Dry,2010-08-09 01:20:00,8
15.30481771,-19.00813192,LA3,2010-08-09,01:40:00 AM,01:40:00,Cold-Dry,2010-08-09 01:40:00,8
15.30481567,-19.00812988,LA3,2010-08-09,02:00:00 AM,02:00:00,Cold-Dry,2010-08-09 02:00:00,8
15.30482585,-19.00812988,LA3,2010-08-09,02:20:00 AM,02:20:00,Cold-Dry,2010-08-09 02:20:00,8
15.30481262,-19.00811768,LA3,2010-08-09,02:40:00 AM,02:40:00,Cold-Dry,2010-08-09 02:40:00,8
15.30481364,-19.00811361,LA3,2010-08-09,03:00:00 AM,03:00:00,Cold-Dry,2010-08-09 03:00:00,8
15.30485535,-19.00811564,LA3,2010-08-09,03:20:00 AM,03:20:00,Cold-Dry,2010-08-09 03:20:00,8
15.30485026,-19.0081075,LA3,2010-08-09,03:40:00 AM,03:40:00,Cold-Dry,2010-08-09 03:40:00,8
15.30480957,-19.00809937,LA3,2010-08-09,04:00:00 AM,04:00:00,Cold-Dry,2010-08-09 04:00:00,8
15.3047994,-19.00811157,LA3,2010-08-09,04:20:00 AM,04:20:00,Cold-Dry,2010-08-09 04:20:00,8
15.30481974,-19.00811564,LA3,2010-08-09,04:40:00 AM,04:40:00,Cold-Dry,2010-08-09 04:40:00,8
15.30483093,-19.00811768,LA3,2010-08-09,05:00:00 AM,05:00:00,Cold-Dry,2010-08-09 05:00:00,8
15.30481669,-19.00811768,LA3,2010-08-09,05:20:00 AM,05:20:00,Cold-Dry,2010-08-09 05:20:00,8
15.30481873,-19.00815226,LA3,2010-08-09,05:40:00 AM,05:40:00,Cold-Dry,2010-08-09 05:40:00,8
15.30479024,-19.00808716,LA3,2010-08-09,06:00:00 AM,06:00:00,Cold-Dry,2010-08-09 06:00:00,8
15.30506694,-19.0075826,LA3,2010-08-09,06:20:00 AM,06:20:00,Cold-Dry,2010-08-09 06:20:00,8
15.30610962,-19.00722656,LA3,2010-08-09,06:40:00 AM,06:40:00,Cold-Dry,2010-08-09 06:40:00,8
15.30716451,-19.00675659,LA3,2010-08-09,07:00:00 AM,07:00:00,Cold-Dry,2010-08-09 07:00:00,8
15.30780945,-19.00645752,LA3,2010-08-09,07:20:00 AM,07:20:00,Cold-Dry,2010-08-09 07:20:00,8
15.30904236,-19.00582479,LA3,2010-08-09,07:40:00 AM,07:40:00,Cold-Dry,2010-08-09 07:40:00,8
15.31119385,-19.00485026,LA3,2010-08-09,08:00:00 AM,08:00:00,Cold-Dry,2010-08-09 08:00:00,8
15.31344096,-19.00336711,LA3,2010-08-09,08:20:00 AM,08:20:00,Cold-Dry,2010-08-09 08:20:00,8
15.31414998,-19.002948,LA3,2010-08-09,08:40:00 AM,08:40:00,Cold-Dry,2010-08-09 08:40:00,8
15.31442362,-19.00277507,LA3,2010-08-09,09:00:00 AM,09:00:00,Cold-Dry,2010-08-09 09:00:00,8
15.31755676,-19.00029907,LA3,2010-08-09,09:20:00 AM,09:20:00,Cold-Dry,2010-08-09 09:20:00,8
15.31965841,-18.99518229,LA3,2010-08-09,09:40:00 AM,09:40:00,Cold-Dry,2010-08-09 09:40:00,8
15.32243449,-18.98972778,LA3,2010-08-09,10:00:00 AM,10:00:00,Cold-Dry,2010-08-09 10:00:00,8
15.32675171,-18.98496501,LA3,2010-08-09,10:20:00 AM,10:20:00,Cold-Dry,2010-08-09 10:20:00,8
15.32813721,-18.9771403,LA3,2010-08-09,10:40:00 AM,10:40:00,Cold-Dry,2010-08-09 10:40:00,8
15.3281901,-18.96896566,LA3,2010-08-09,11:00:00 AM,11:00:00,Cold-Dry,2010-08-09 11:00:00,8
15.32819417,-18.96894328,LA3,2010-08-09,11:20:00 AM,11:20:00,Cold-Dry,2010-08-09 11:20:00,8
15.33253581,-18.96795247,LA3,2010-08-09,11:40:00 AM,11:40:00,Cold-Dry,2010-08-09 11:40:00,8
15.33522847,-18.96868896,LA3,2010-08-09,12:00:00 PM,12:00:00,Cold-Dry,2010-08-09 12:00:00,8
15.33706767,-18.96980184,LA3,2010-08-09,12:20:00 PM,12:20:00,Cold-Dry,2010-08-09 12:20:00,8
15.3393748,-18.97074788,LA3,2010-08-09,12:40:00 PM,12:40:00,Cold-Dry,2010-08-09 12:40:00,8
15.34076029,-18.97127889,LA3,2010-08-09,01:00:00 PM,13:00:00,Cold-Dry,2010-08-09 13:00:00,8
15.34134623,-18.97145996,LA3,2010-08-09,01:20:00 PM,13:20:00,Cold-Dry,2010-08-09 13:20:00,8
15.34218648,-18.97215576,LA3,2010-08-09,01:40:00 PM,13:40:00,Cold-Dry,2010-08-09 13:40:00,8
15.34311422,-18.97309774,LA3,2010-08-09,02:00:00 PM,14:00:00,Cold-Dry,2010-08-09 14:00:00,8
15.34309896,-18.97308146,LA3,2010-08-09,02:20:00 PM,14:20:00,Cold-Dry,2010-08-09 14:20:00,8
15.3443044,-18.97384847,LA3,2010-08-09,02:40:00 PM,14:40:00,Cold-Dry,2010-08-09 14:40:00,8
15.3447286,-18.97428182,LA3,2010-08-09,03:00:00 PM,15:00:00,Cold-Dry,2010-08-09 15:00:00,8
15.34723714,-18.97495524,LA3,2010-08-09,03:20:00 PM,15:20:00,Cold-Dry,2010-08-09 15:20:00,8
15.35002441,-18.97630819,LA3,2010-08-09,03:40:00 PM,15:40:00,Cold-Dry,2010-08-09 15:40:00,8
15.35072327,-18.97683309,LA3,2010-08-09,04:00:00 PM,16:00:00,Cold-Dry,2010-08-09 16:00:00,8
15.35137736,-18.97699992,LA3,2010-08-09,04:20:00 PM,16:20:00,Cold-Dry,2010-08-09 16:20:00,8
15.35317383,-18.97706706,LA3,2010-08-09,04:40:00 PM,16:40:00,Cold-Dry,2010-08-09 16:40:00,8
15.35461934,-18.97728678,LA3,2010-08-09,05:00:00 PM,17:00:00,Cold-Dry,2010-08-09 17:00:00,8
15.35573324,-18.97783203,LA3,2010-08-09,05:20:00 PM,17:20:00,Cold-Dry,2010-08-09 17:20:00,8
15.36121419,-18.97802938,LA3,2010-08-09,05:40:00 PM,17:40:00,Cold-Dry,2010-08-09 17:40:00,8
15.36422831,-18.97817383,LA3,2010-08-09,06:00:00 PM,18:00:00,Cold-Dry,2010-08-09 18:00:00,8
15.36615601,-18.97804972,LA3,2010-08-09,06:20:00 PM,18:20:00,Cold-Dry,2010-08-09 18:20:00,8
15.37144979,-18.97733154,LA3,2010-08-09,06:40:00 PM,18:40:00,Cold-Dry,2010-08-09 18:40:00,8
15.37254944,-18.97720337,LA3,2010-08-09,07:00:00 PM,19:00:00,Cold-Dry,2010-08-09 19:00:00,8
15.37398071,-18.97690226,LA3,2010-08-09,07:20:00 PM,19:20:00,Cold-Dry,2010-08-09 19:20:00,8
15.37557068,-18.97681274,LA3,2010-08-09,07:40:00 PM,19:40:00,Cold-Dry,2010-08-09 19:40:00,8
15.37619629,-18.97669067,LA3,2010-08-09,08:00:00 PM,20:00:00,Cold-Dry,2010-08-09 20:00:00,8
15.37627462,-18.97663371,LA3,2010-08-09,08:20:00 PM,20:20:00,Cold-Dry,2010-08-09 20:20:00,8
15.37631429,-18.97666423,LA3,2010-08-09,08:40:00 PM,20:40:00,Cold-Dry,2010-08-09 20:40:00,8
15.37710876,-18.97679036,LA3,2010-08-09,09:00:00 PM,21:00:00,Cold-Dry,2010-08-09 21:00:00,8
15.37715658,-18.97687785,LA3,2010-08-09,09:20:00 PM,21:20:00,Cold-Dry,2010-08-09 21:20:00,8
15.37720032,-18.97694295,LA3,2010-08-09,09:40:00 PM,21:40:00,Cold-Dry,2010-08-09 21:40:00,8
15.37732951,-18.97692057,LA3,2010-08-09,10:00:00 PM,22:00:00,Cold-Dry,2010-08-09 22:00:00,8
15.37833252,-18.9767395,LA3,2010-08-09,10:20:00 PM,22:20:00,Cold-Dry,2010-08-09 22:20:00,8
15.37873332,-18.97657064,LA3,2010-08-09,10:40:00 PM,22:40:00,Cold-Dry,2010-08-09 22:40:00,8
15.38311869,-18.9773173,LA3,2010-08-09,11:00:00 PM,23:00:00,Cold-Dry,2010-08-09 23:00:00,8
15.38847555,-18.97904053,LA3,2010-08-09,11:20:00 PM,23:20:00,Cold-Dry,2010-08-09 23:20:00,8
15.39002075,-18.97919312,LA3,2010-08-09,11:40:00 PM,23:40:00,Cold-Dry,2010-08-09 23:40:00,8
15.39370626,-18.97916463,LA3,2010-08-10,12:00:00 AM,00:00:00,Cold-Dry,2010-08-10 00:00:00,8
15.39439799,-18.9791748,LA3,2010-08-10,12:20:00 AM,00:20:00,Cold-Dry,2010-08-10 00:20:00,8
15.39949849,-18.97968953,LA3,2010-08-10,12:40:00 AM,00:40:00,Cold-Dry,2010-08-10 00:40:00,8
15.40193787,-18.97992757,LA3,2010-08-10,01:00:00 AM,01:00:00,Cold-Dry,2010-08-10 01:00:00,8
15.40753174,-18.9782959,LA3,2010-08-10,01:20:00 AM,01:20:00,Cold-Dry,2010-08-10 01:20:00,8
15.41272685,-18.97692057,LA3,2010-08-10,01:40:00 AM,01:40:00,Cold-Dry,2010-08-10 01:40:00,8
15.41877848,-18.97715658,LA3,2010-08-10,02:00:00 AM,02:00:00,Cold-Dry,2010-08-10 02:00:00,8
15.42237142,-18.97756348,LA3,2010-08-10,02:20:00 AM,02:20:00,Cold-Dry,2010-08-10 02:20:00,8
15.42232666,-18.97762451,LA3,2010-08-10,02:40:00 AM,02:40:00,Cold-Dry,2010-08-10 02:40:00,8
15.42235006,-18.9776123,LA3,2010-08-10,03:00:00 AM,03:00:00,Cold-Dry,2010-08-10 03:00:00,8
15.42234395,-18.97762655,LA3,2010-08-10,03:20:00 AM,03:20:00,Cold-Dry,2010-08-10 03:20:00,8
15.42233785,-18.97763875,LA3,2010-08-10,03:40:00 AM,03:40:00,Cold-Dry,2010-08-10 03:40:00,8
15.42232157,-18.9776123,LA3,2010-08-10,04:00:00 AM,04:00:00,Cold-Dry,2010-08-10 04:00:00,8
15.4223704,-18.97761637,LA3,2010-08-10,04:20:00 AM,04:20:00,Cold-Dry,2010-08-10 04:20:00,8
15.42230733,-18.97764079,LA3,2010-08-10,04:40:00 AM,04:40:00,Cold-Dry,2010-08-10 04:40:00,8
15.4224823,-18.97772827,LA3,2010-08-10,05:00:00 AM,05:00:00,Cold-Dry,2010-08-10 05:00:00,8
15.42254944,-18.97808024,LA3,2010-08-10,05:20:00 AM,05:20:00,Cold-Dry,2010-08-10 05:20:00,8
15.42276611,-18.97842407,LA3,2010-08-10,05:40:00 AM,05:40:00,Cold-Dry,2010-08-10 05:40:00,8
15.42297262,-18.97877401,LA3,2010-08-10,06:00:00 AM,06:00:00,Cold-Dry,2010-08-10 06:00:00,8
15.42374064,-18.97965291,LA3,2010-08-10,06:20:00 AM,06:20:00,Cold-Dry,2010-08-10 06:20:00,8
15.42544963,-18.98132935,LA3,2010-08-10,06:40:00 AM,06:40:00,Cold-Dry,2010-08-10 06:40:00,8
15.42927144,-18.98491821,LA3,2010-08-10,07:00:00 AM,07:00:00,Cold-Dry,2010-08-10 07:00:00,8
15.42986247,-18.98505859,LA3,2010-08-10,07:20:00 AM,07:20:00,Cold-Dry,2010-08-10 07:20:00,8
15.43019613,-18.98544108,LA3,2010-08-10,07:40:00 AM,07:40:00,Cold-Dry,2010-08-10 07:40:00,8
15.43065592,-18.9853658,LA3,2010-08-10,08:00:00 AM,08:00:00,Cold-Dry,2010-08-10 08:00:00,8
15.43167521,-18.9865743,LA3,2010-08-10,08:20:00 AM,08:20:00,Cold-Dry,2010-08-10 08:20:00,8
15.43265279,-18.98775838,LA3,2010-08-10,08:40:00 AM,08:40:00,Cold-Dry,2010-08-10 08:40:00,8
15.43363953,-18.9887797,LA3,2010-08-10,09:00:00 AM,09:00:00,Cold-Dry,2010-08-10 09:00:00,8
15.43427124,-18.99012858,LA3,2010-08-10,09:20:00 AM,09:20:00,Cold-Dry,2010-08-10 09:20:00,8
15.43426819,-18.99013265,LA3,2010-08-10,09:40:00 AM,09:40:00,Cold-Dry,2010-08-10 09:40:00,8
15.43537598,-18.99193319,LA3,2010-08-10,10:00:00 AM,10:00:00,Cold-Dry,2010-08-10 10:00:00,8
15.43676453,-18.99375407,LA3,2010-08-10,10:20:00 AM,10:20:00,Cold-Dry,2010-08-10 10:20:00,8
15.4370575,-18.9947347,LA3,2010-08-10,10:40:00 AM,10:40:00,Cold-Dry,2010-08-10 10:40:00,8
15.43729045,-18.99518636,LA3,2010-08-10,11:00:00 AM,11:00:00,Cold-Dry,2010-08-10 11:00:00,8
15.4372996,-18.9952006,LA3,2010-08-10,11:20:00 AM,11:20:00,Cold-Dry,2010-08-10 11:20:00,8
15.43736877,-18.99579264,LA3,2010-08-10,11:40:00 AM,11:40:00,Cold-Dry,2010-08-10 11:40:00,8
15.43740641,-18.9959493,LA3,2010-08-10,12:00:00 PM,12:00:00,Cold-Dry,2010-08-10 12:00:00,8
15.43754374,-18.99672852,LA3,2010-08-10,12:20:00 PM,12:20:00,Cold-Dry,2010-08-10 12:20:00,8
15.43854268,-18.99782918,LA3,2010-08-10,12:40:00 PM,12:40:00,Cold-Dry,2010-08-10 12:40:00,8
15.43853658,-18.99781494,LA3,2010-08-10,01:00:00 PM,13:00:00,Cold-Dry,2010-08-10 13:00:00,8
15.43852641,-18.99781087,LA3,2010-08-10,01:20:00 PM,13:20:00,Cold-Dry,2010-08-10 13:20:00,8
15.4385203,-18.9977946,LA3,2010-08-10,01:40:00 PM,13:40:00,Cold-Dry,2010-08-10 13:40:00,8
15.43878682,-18.99794312,LA3,2010-08-10,02:00:00 PM,14:00:00,Cold-Dry,2010-08-10 14:00:00,8
15.43892314,-18.99836426,LA3,2010-08-10,02:20:00 PM,14:20:00,Cold-Dry,2010-08-10 14:20:00,8
15.439505,-18.99975993,LA3,2010-08-10,02:40:00 PM,14:40:00,Cold-Dry,2010-08-10 14:40:00,8
15.44141235,-19.0027242,LA3,2010-08-10,03:00:00 PM,15:00:00,Cold-Dry,2010-08-10 15:00:00,8
15.44287415,-19.00448201,LA3,2010-08-10,03:20:00 PM,15:20:00,Cold-Dry,2010-08-10 15:20:00,8
15.44324849,-19.00483602,LA3,2010-08-10,03:40:00 PM,15:40:00,Cold-Dry,2010-08-10 15:40:00,8
15.4437439,-19.00540568,LA3,2010-08-10,04:00:00 PM,16:00:00,Cold-Dry,2010-08-10 16:00:00,8
15.44372355,-19.0056193,LA3,2010-08-10,04:20:00 PM,16:20:00,Cold-Dry,2010-08-10 16:20:00,8
15.44393311,-19.00588989,LA3,2010-08-10,04:40:00 PM,16:40:00,Cold-Dry,2010-08-10 16:40:00,8
15.44554036,-19.00873413,LA3,2010-08-10,05:00:00 PM,17:00:00,Cold-Dry,2010-08-10 17:00:00,8
15.44751282,-19.01210938,LA3,2010-08-10,05:20:00 PM,17:20:00,Cold-Dry,2010-08-10 17:20:00,8
15.45031535,-19.01537882,LA3,2010-08-10,05:40:00 PM,17:40:00,Cold-Dry,2010-08-10 17:40:00,8
15.45457052,-19.01977743,LA3,2010-08-10,06:00:00 PM,18:00:00,Cold-Dry,2010-08-10 18:00:00,8
15.45775553,-19.02349243,LA3,2010-08-10,06:20:00 PM,18:20:00,Cold-Dry,2010-08-10 18:20:00,8
15.45791931,-19.02375692,LA3,2010-08-10,06:40:00 PM,18:40:00,Cold-Dry,2010-08-10 18:40:00,8
15.45830485,-19.0241862,LA3,2010-08-10,07:00:00 PM,19:00:00,Cold-Dry,2010-08-10 19:00:00,8
15.45868734,-19.02449341,LA3,2010-08-10,07:20:00 PM,19:20:00,Cold-Dry,2010-08-10 19:20:00,8
15.4586853,-19.02449748,LA3,2010-08-10,07:40:00 PM,19:40:00,Cold-Dry,2010-08-10 19:40:00,8
15.46168213,-19.02548014,LA3,2010-08-10,08:00:00 PM,20:00:00,Cold-Dry,2010-08-10 20:00:00,8
15.46596069,-19.0274943,LA3,2010-08-10,08:20:00 PM,20:20:00,Cold-Dry,2010-08-10 20:20:00,8
15.46890666,-19.03135783,LA3,2010-08-10,08:40:00 PM,20:40:00,Cold-Dry,2010-08-10 20:40:00,8
15.47016602,-19.03358561,LA3,2010-08-10,09:00:00 PM,21:00:00,Cold-Dry,2010-08-10 21:00:00,8
15.47453105,-19.03913574,LA3,2010-08-10,09:20:00 PM,21:20:00,Cold-Dry,2010-08-10 21:20:00,8
15.47539775,-19.04009603,LA3,2010-08-10,09:40:00 PM,21:40:00,Cold-Dry,2010-08-10 21:40:00,8
15.47541911,-19.04011841,LA3,2010-08-10,10:00:00 PM,22:00:00,Cold-Dry,2010-08-10 22:00:00,8
15.47564697,-19.04025269,LA3,2010-08-10,10:20:00 PM,22:20:00,Cold-Dry,2010-08-10 22:20:00,8
15.47797038,-19.04315389,LA3,2010-08-10,10:40:00 PM,22:40:00,Cold-Dry,2010-08-10 22:40:00,8
15.47832133,-19.04343669,LA3,2010-08-10,11:00:00 PM,23:00:00,Cold-Dry,2010-08-10 23:00:00,8
15.4783193,-19.04344482,LA3,2010-08-10,11:20:00 PM,23:20:00,Cold-Dry,2010-08-10 23:20:00,8
15.47829793,-19.04345703,LA3,2010-08-10,11:40:00 PM,23:40:00,Cold-Dry,2010-08-10 23:40:00,8
15.47831217,-19.04345093,LA3,2010-08-11,12:00:00 AM,00:00:00,Cold-Dry,2010-08-11 00:00:00,8
15.47831726,-19.04345703,LA3,2010-08-11,12:20:00 AM,00:20:00,Cold-Dry,2010-08-11 00:20:00,8
15.4782959,-19.043455,LA3,2010-08-11,12:40:00 AM,00:40:00,Cold-Dry,2010-08-11 00:40:00,8
15.47831319,-19.04344889,LA3,2010-08-11,01:00:00 AM,01:00:00,Cold-Dry,2010-08-11 01:00:00,8
15.47831319,-19.04344686,LA3,2010-08-11,01:20:00 AM,01:20:00,Cold-Dry,2010-08-11 01:20:00,8
15.47831014,-19.04345703,LA3,2010-08-11,01:40:00 AM,01:40:00,Cold-Dry,2010-08-11 01:40:00,8
15.47831624,-19.04345093,LA3,2010-08-11,02:00:00 AM,02:00:00,Cold-Dry,2010-08-11 02:00:00,8
15.47832743,-19.04344076,LA3,2010-08-11,02:20:00 AM,02:20:00,Cold-Dry,2010-08-11 02:20:00,8
15.47829997,-19.04343669,LA3,2010-08-11,02:40:00 AM,02:40:00,Cold-Dry,2010-08-11 02:40:00,8
15.47831828,-19.04346517,LA3,2010-08-11,03:00:00 AM,03:00:00,Cold-Dry,2010-08-11 03:00:00,8
15.47840678,-19.04396769,LA3,2010-08-11,03:20:00 AM,03:20:00,Cold-Dry,2010-08-11 03:20:00,8
15.47881877,-19.04476115,LA3,2010-08-11,03:40:00 AM,03:40:00,Cold-Dry,2010-08-11 03:40:00,8
15.47890625,-19.04470825,LA3,2010-08-11,04:00:00 AM,04:00:00,Cold-Dry,2010-08-11 04:00:00,8
15.47886149,-19.04473267,LA3,2010-08-11,04:20:00 AM,04:20:00,Cold-Dry,2010-08-11 04:20:00,8
15.47883504,-19.04476318,LA3,2010-08-11,04:40:00 AM,04:40:00,Cold-Dry,2010-08-11 04:40:00,8
15.47881266,-19.0447998,LA3,2010-08-11,05:00:00 AM,05:00:00,Cold-Dry,2010-08-11 05:00:00,8
15.47881877,-19.04476929,LA3,2010-08-11,05:20:00 AM,05:20:00,Cold-Dry,2010-08-11 05:20:00,8
15.47886353,-19.04475708,LA3,2010-08-11,05:40:00 AM,05:40:00,Cold-Dry,2010-08-11 05:40:00,8
15.47892558,-19.04517008,LA3,2010-08-11,06:00:00 AM,06:00:00,Cold-Dry,2010-08-11 06:00:00,8
15.48006897,-19.04717,LA3,2010-08-11,06:20:00 AM,06:20:00,Cold-Dry,2010-08-11 06:20:00,8
15.48009644,-19.04801432,LA3,2010-08-11,06:40:00 AM,06:40:00,Cold-Dry,2010-08-11 06:40:00,8
15.48310649,-19.05089925,LA3,2010-08-11,07:00:00 AM,07:00:00,Cold-Dry,2010-08-11 07:00:00,8
15.4850769,-19.05360107,LA3,2010-08-11,07:20:00 AM,07:20:00,Cold-Dry,2010-08-11 07:20:00,8
15.4867686,-19.05568644,LA3,2010-08-11,07:40:00 AM,07:40:00,Cold-Dry,2010-08-11 07:40:00,8
15.48778483,-19.05680949,LA3,2010-08-11,08:00:00 AM,08:00:00,Cold-Dry,2010-08-11 08:00:00,8
15.49118551,-19.0609904,LA3,2010-08-11,08:20:00 AM,08:20:00,Cold-Dry,2010-08-11 08:20:00,8
15.49344177,-19.06479085,LA3,2010-08-11,08:40:00 AM,08:40:00,Cold-Dry,2010-08-11 08:40:00,8
15.49677836,-19.06911011,LA3,2010-08-11,09:00:00 AM,09:00:00,Cold-Dry,2010-08-11 09:00:00,8
15.4962087,-19.07015788,LA3,2010-08-11,09:20:00 AM,09:20:00,Cold-Dry,2010-08-11 09:20:00,8
15.49547526,-19.0705953,LA3,2010-08-11,09:40:00 AM,09:40:00,Cold-Dry,2010-08-11 09:40:00,8
15.49545186,-19.07127889,LA3,2010-08-11,10:00:00 AM,10:00:00,Cold-Dry,2010-08-11 10:00:00,8
15.4955658,-19.07159831,LA3,2010-08-11,10:20:00 AM,10:20:00,Cold-Dry,2010-08-11 10:20:00,8
15.49455465,-19.0743632,LA3,2010-08-11,10:40:00 AM,10:40:00,Cold-Dry,2010-08-11 10:40:00,8
15.49401347,-19.0763387,LA3,2010-08-11,11:00:00 AM,11:00:00,Cold-Dry,2010-08-11 11:00:00,8
15.49364726,-19.0806193,LA3,2010-08-11,11:20:00 AM,11:20:00,Cold-Dry,2010-08-11 11:20:00,8
15.49324748,-19.0836853,LA3,2010-08-11,11:40:00 AM,11:40:00,Cold-Dry,2010-08-11 11:40:00,8
15.49317118,-19.0857076,LA3,2010-08-11,12:00:00 PM,12:00:00,Cold-Dry,2010-08-11 12:00:00,8
15.49315999,-19.08603312,LA3,2010-08-11,12:20:00 PM,12:20:00,Cold-Dry,2010-08-11 12:20:00,8
15.49316305,-19.08602702,LA3,2010-08-11,12:40:00 PM,12:40:00,Cold-Dry,2010-08-11 12:40:00,8
15.49309184,-19.08601685,LA3,2010-08-11,01:00:00 PM,13:00:00,Cold-Dry,2010-08-11 13:00:00,8
15.49322713,-19.08651326,LA3,2010-08-11,01:20:00 PM,13:20:00,Cold-Dry,2010-08-11 13:20:00,8
15.4941274,-19.08786825,LA3,2010-08-11,01:40:00 PM,13:40:00,Cold-Dry,2010-08-11 13:40:00,8
15.49412028,-19.08787842,LA3,2010-08-11,02:00:00 PM,14:00:00,Cold-Dry,2010-08-11 14:00:00,8
15.49351298,-19.08850911,LA3,2010-08-11,02:20:00 PM,14:20:00,Cold-Dry,2010-08-11 14:20:00,8
15.49202067,-19.08987223,LA3,2010-08-11,02:40:00 PM,14:40:00,Cold-Dry,2010-08-11 14:40:00,8
15.49023743,-19.09499919,LA3,2010-08-11,03:00:00 PM,15:00:00,Cold-Dry,2010-08-11 15:00:00,8
15.49014079,-19.09837443,LA3,2010-08-11,03:20:00 PM,15:20:00,Cold-Dry,2010-08-11 15:20:00,8
15.4902476,-19.09983114,LA3,2010-08-11,03:40:00 PM,15:40:00,Cold-Dry,2010-08-11 15:40:00,8
15.49063314,-19.10194295,LA3,2010-08-11,04:00:00 PM,16:00:00,Cold-Dry,2010-08-11 16:00:00,8
15.48925781,-19.10859172,LA3,2010-08-11,04:20:00 PM,16:20:00,Cold-Dry,2010-08-11 16:20:00,8
15.48796488,-19.11530965,LA3,2010-08-11,04:40:00 PM,16:40:00,Cold-Dry,2010-08-11 16:40:00,8
15.48780721,-19.1162028,LA3,2010-08-11,05:00:00 PM,17:00:00,Cold-Dry,2010-08-11 17:00:00,8
15.48889465,-19.12109578,LA3,2010-08-11,05:20:00 PM,17:20:00,Cold-Dry,2010-08-11 17:20:00,8
15.49068807,-19.12426961,LA3,2010-08-11,05:40:00 PM,17:40:00,Cold-Dry,2010-08-11 17:40:00,8
15.49070231,-19.12470703,LA3,2010-08-11,06:00:00 PM,18:00:00,Cold-Dry,2010-08-11 18:00:00,8
15.4908549,-19.12552694,LA3,2010-08-11,06:20:00 PM,18:20:00,Cold-Dry,2010-08-11 18:20:00,8
15.49078979,-19.12593791,LA3,2010-08-11,06:40:00 PM,18:40:00,Cold-Dry,2010-08-11 18:40:00,8
15.49103292,-19.12854411,LA3,2010-08-11,07:00:00 PM,19:00:00,Cold-Dry,2010-08-11 19:00:00,8
15.49186707,-19.13121745,LA3,2010-08-11,07:20:00 PM,19:20:00,Cold-Dry,2010-08-11 19:20:00,8
15.49362386,-19.1338501,LA3,2010-08-11,07:40:00 PM,19:40:00,Cold-Dry,2010-08-11 19:40:00,8
15.4955658,-19.1375529,LA3,2010-08-11,08:00:00 PM,20:00:00,Cold-Dry,2010-08-11 20:00:00,8
15.49880473,-19.14194336,LA3,2010-08-11,08:20:00 PM,20:20:00,Cold-Dry,2010-08-11 20:20:00,8
15.50092061,-19.14760742,LA3,2010-08-11,08:40:00 PM,20:40:00,Cold-Dry,2010-08-11 20:40:00,8
15.50311381,-19.15158691,LA3,2010-08-11,09:00:00 PM,21:00:00,Cold-Dry,2010-08-11 21:00:00,8
15.5054362,-19.15546875,LA3,2010-08-11,09:20:00 PM,21:20:00,Cold-Dry,2010-08-11 21:20:00,8
15.50546773,-19.15598145,LA3,2010-08-11,09:40:00 PM,21:40:00,Cold-Dry,2010-08-11 21:40:00,8
15.50668844,-19.15979614,LA3,2010-08-11,10:00:00 PM,22:00:00,Cold-Dry,2010-08-11 22:00:00,8
15.50836182,-19.1668925,LA3,2010-08-11,10:20:00 PM,22:20:00,Cold-Dry,2010-08-11 22:20:00,8
15.5127828,-19.17455444,LA3,2010-08-11,10:40:00 PM,22:40:00,Cold-Dry,2010-08-11 22:40:00,8
15.5184845,-19.18221029,LA3,2010-08-11,11:00:00 PM,23:00:00,Cold-Dry,2010-08-11 23:00:00,8
15.52374471,-19.1899882,LA3,2010-08-11,11:20:00 PM,23:20:00,Cold-Dry,2010-08-11 23:20:00,8
15.52691447,-19.19811401,LA3,2010-08-11,11:40:00 PM,23:40:00,Cold-Dry,2010-08-11 23:40:00,8
15.52917887,-19.20682983,LA3,2010-08-12,12:00:00 AM,00:00:00,Cold-Dry,2010-08-12 00:00:00,8
15.53012695,-19.21225993,LA3,2010-08-12,12:20:00 AM,00:20:00,Cold-Dry,2010-08-12 00:20:00,8
15.53009949,-19.21225586,LA3,2010-08-12,12:40:00 AM,00:40:00,Cold-Dry,2010-08-12 00:40:00,8
15.53010152,-19.21225586,LA3,2010-08-12,01:00:00 AM,01:00:00,Cold-Dry,2010-08-12 01:00:00,8
15.53067627,-19.21239421,LA3,2010-08-12,01:20:00 AM,01:20:00,Cold-Dry,2010-08-12 01:20:00,8
15.53021851,-19.21236572,LA3,2010-08-12,01:40:00 AM,01:40:00,Cold-Dry,2010-08-12 01:40:00,8
15.53049825,-19.21233521,LA3,2010-08-12,02:00:00 AM,02:00:00,Cold-Dry,2010-08-12 02:00:00,8
15.53010763,-19.21225179,LA3,2010-08-12,02:20:00 AM,02:20:00,Cold-Dry,2010-08-12 02:20:00,8
15.53694865,-19.21352132,LA3,2010-08-12,02:40:00 AM,02:40:00,Cold-Dry,2010-08-12 02:40:00,8
15.53707886,-19.21307576,LA3,2010-08-12,03:00:00 AM,03:00:00,Cold-Dry,2010-08-12 03:00:00,8
15.54064433,-19.21337484,LA3,2010-08-12,03:20:00 AM,03:20:00,Cold-Dry,2010-08-12 03:20:00,8
15.54210103,-19.21283773,LA3,2010-08-12,03:40:00 AM,03:40:00,Cold-Dry,2010-08-12 03:40:00,8
15.54405619,-19.21218262,LA3,2010-08-12,04:00:00 AM,04:00:00,Cold-Dry,2010-08-12 04:00:00,8
15.54577535,-19.21139323,LA3,2010-08-12,04:20:00 AM,04:20:00,Cold-Dry,2010-08-12 04:20:00,8
15.54676107,-19.21054688,LA3,2010-08-12,04:40:00 AM,04:40:00,Cold-Dry,2010-08-12 04:40:00,8
15.54790243,-19.21007487,LA3,2010-08-12,05:00:00 AM,05:00:00,Cold-Dry,2010-08-12 05:00:00,8
15.54792582,-19.21004232,LA3,2010-08-12,05:20:00 AM,05:20:00,Cold-Dry,2010-08-12 05:20:00,8
15.54792277,-19.21004842,LA3,2010-08-12,05:40:00 AM,05:40:00,Cold-Dry,2010-08-12 05:40:00,8
15.54821167,-19.20954997,LA3,2010-08-12,06:00:00 AM,06:00:00,Cold-Dry,2010-08-12 06:00:00,8
15.54902852,-19.20910034,LA3,2010-08-12,06:20:00 AM,06:20:00,Cold-Dry,2010-08-12 06:20:00,8
15.54900208,-19.20909017,LA3,2010-08-12,06:40:00 AM,06:40:00,Cold-Dry,2010-08-12 06:40:00,8
15.54900309,-19.20908203,LA3,2010-08-12,07:00:00 AM,07:00:00,Cold-Dry,2010-08-12 07:00:00,8
15.54901123,-19.20909627,LA3,2010-08-12,07:20:00 AM,07:20:00,Cold-Dry,2010-08-12 07:20:00,8
15.54900208,-19.20906779,LA3,2010-08-12,07:40:00 AM,07:40:00,Cold-Dry,2010-08-12 07:40:00,8
15.54897257,-19.20907389,LA3,2010-08-12,08:00:00 AM,08:00:00,Cold-Dry,2010-08-12 08:00:00,8
15.54861552,-19.20883382,LA3,2010-08-12,08:20:00 AM,08:20:00,Cold-Dry,2010-08-12 08:20:00,8
15.54862671,-19.20883382,LA3,2010-08-12,08:40:00 AM,08:40:00,Cold-Dry,2010-08-12 08:40:00,8
15.54863078,-19.20884806,LA3,2010-08-12,09:00:00 AM,09:00:00,Cold-Dry,2010-08-12 09:00:00,8
15.54826253,-19.20858358,LA3,2010-08-12,09:20:00 AM,09:20:00,Cold-Dry,2010-08-12 09:20:00,8
15.5480957,-19.20857544,LA3,2010-08-12,09:40:00 AM,09:40:00,Cold-Dry,2010-08-12 09:40:00,8
15.54819539,-19.20876465,LA3,2010-08-12,10:00:00 AM,10:00:00,Cold-Dry,2010-08-12 10:00:00,8
15.54826762,-19.2087911,LA3,2010-08-12,10:20:00 AM,10:20:00,Cold-Dry,2010-08-12 10:20:00,8
15.54844971,-19.20914103,LA3,2010-08-12,10:40:00 AM,10:40:00,Cold-Dry,2010-08-12 10:40:00,8
15.5484436,-19.209139,LA3,2010-08-12,11:00:00 AM,11:00:00,Cold-Dry,2010-08-12 11:00:00,8
15.54850464,-19.20906779,LA3,2010-08-12,11:20:00 AM,11:20:00,Cold-Dry,2010-08-12 11:20:00,8
15.54854431,-19.20912272,LA3,2010-08-12,11:40:00 AM,11:40:00,Cold-Dry,2010-08-12 11:40:00,8
15.54882202,-19.20910848,LA3,2010-08-12,12:00:00 PM,12:00:00,Cold-Dry,2010-08-12 12:00:00,8
15.54931844,-19.2096578,LA3,2010-08-12,12:20:00 PM,12:20:00,Cold-Dry,2010-08-12 12:20:00,8
15.54900716,-19.21036784,LA3,2010-08-12,12:40:00 PM,12:40:00,Cold-Dry,2010-08-12 12:40:00,8
15.5489858,-19.21035563,LA3,2010-08-12,01:00:00 PM,13:00:00,Cold-Dry,2010-08-12 13:00:00,8
15.54882507,-19.21041667,LA3,2010-08-12,01:20:00 PM,13:20:00,Cold-Dry,2010-08-12 13:20:00,8
15.54847921,-19.21071574,LA3,2010-08-12,01:40:00 PM,13:40:00,Cold-Dry,2010-08-12 13:40:00,8
15.54802653,-19.21057332,LA3,2010-08-12,02:00:00 PM,14:00:00,Cold-Dry,2010-08-12 14:00:00,8
15.54749044,-19.21077271,LA3,2010-08-12,02:20:00 PM,14:20:00,Cold-Dry,2010-08-12 14:20:00,8
15.54733378,-19.21067708,LA3,2010-08-12,02:40:00 PM,14:40:00,Cold-Dry,2010-08-12 14:40:00,8
15.54739482,-19.21051229,LA3,2010-08-12,03:00:00 PM,15:00:00,Cold-Dry,2010-08-12 15:00:00,8
15.54752299,-19.2104187,LA3,2010-08-12,03:20:00 PM,15:20:00,Cold-Dry,2010-08-12 15:20:00,8
15.5475352,-19.21042277,LA3,2010-08-12,03:40:00 PM,15:40:00,Cold-Dry,2010-08-12 15:40:00,8
15.54731344,-19.21022746,LA3,2010-08-12,04:00:00 PM,16:00:00,Cold-Dry,2010-08-12 16:00:00,8
15.5466746,-19.20984701,LA3,2010-08-12,04:20:00 PM,16:20:00,Cold-Dry,2010-08-12 16:20:00,8
15.54427083,-19.20982666,LA3,2010-08-12,04:40:00 PM,16:40:00,Cold-Dry,2010-08-12 16:40:00,8
15.53832397,-19.21050618,LA3,2010-08-12,05:00:00 PM,17:00:00,Cold-Dry,2010-08-12 17:00:00,8
15.53256226,-19.21137492,LA3,2010-08-12,05:20:00 PM,17:20:00,Cold-Dry,2010-08-12 17:20:00,8
15.53012594,-19.21226603,LA3,2010-08-12,05:40:00 PM,17:40:00,Cold-Dry,2010-08-12 17:40:00,8
15.53013407,-19.21226807,LA3,2010-08-12,06:00:00 PM,18:00:00,Cold-Dry,2010-08-12 18:00:00,8
15.53014221,-19.21226196,LA3,2010-08-12,06:20:00 PM,18:20:00,Cold-Dry,2010-08-12 18:20:00,8
15.5298116,-19.21200765,LA3,2010-08-12,06:40:00 PM,18:40:00,Cold-Dry,2010-08-12 18:40:00,8
15.5298818,-19.21203206,LA3,2010-08-12,07:00:00 PM,19:00:00,Cold-Dry,2010-08-12 19:00:00,8
15.53014119,-19.21226603,LA3,2010-08-12,07:20:00 PM,19:20:00,Cold-Dry,2010-08-12 19:20:00,8
15.53014628,-19.21247152,LA3,2010-08-12,07:40:00 PM,19:40:00,Cold-Dry,2010-08-12 19:40:00,8
15.5324412,-19.21307983,LA3,2010-08-12,08:00:00 PM,20:00:00,Cold-Dry,2010-08-12 20:00:00,8
15.5386556,-19.21284383,LA3,2010-08-12,08:20:00 PM,20:20:00,Cold-Dry,2010-08-12 20:20:00,8
15.54084269,-19.21200155,LA3,2010-08-12,08:40:00 PM,20:40:00,Cold-Dry,2010-08-12 20:40:00,8
15.54191488,-19.21115926,LA3,2010-08-12,09:00:00 PM,21:00:00,Cold-Dry,2010-08-12 21:00:00,8
15.54443868,-19.21004639,LA3,2010-08-12,09:20:00 PM,21:20:00,Cold-Dry,2010-08-12 21:20:00,8
15.54615377,-19.20913493,LA3,2010-08-12,09:40:00 PM,21:40:00,Cold-Dry,2010-08-12 21:40:00,8
15.54670715,-19.20891317,LA3,2010-08-12,10:00:00 PM,22:00:00,Cold-Dry,2010-08-12 22:00:00,8
15.54649353,-19.20893555,LA3,2010-08-12,10:20:00 PM,22:20:00,Cold-Dry,2010-08-12 22:20:00,8
15.54690552,-19.20889079,LA3,2010-08-12,10:40:00 PM,22:40:00,Cold-Dry,2010-08-12 22:40:00,8
15.54721171,-19.2089152,LA3,2010-08-12,11:00:00 PM,23:00:00,Cold-Dry,2010-08-12 23:00:00,8
15.54735311,-19.20893758,LA3,2010-08-12,11:20:00 PM,23:20:00,Cold-Dry,2010-08-12 23:20:00,8
15.54804179,-19.20823975,LA3,2010-08-12,11:40:00 PM,23:40:00,Cold-Dry,2010-08-12 23:40:00,8
15.54860128,-19.20804443,LA3,2010-08-13,12:00:48 AM,00:00:00,Cold-Dry,2010-08-13 00:00:00,8
15.54871114,-19.20802409,LA3,2010-08-13,12:20:48 AM,00:20:00,Cold-Dry,2010-08-13 00:20:00,8
15.55036519,-19.20679118,LA3,2010-08-13,12:40:48 AM,00:40:00,Cold-Dry,2010-08-13 00:40:00,8
15.55210063,-19.20561117,LA3,2010-08-13,01:00:48 AM,01:00:00,Cold-Dry,2010-08-13 01:00:00,8
15.55237732,-19.20551554,LA3,2010-08-13,01:20:49 AM,01:20:00,Cold-Dry,2010-08-13 01:20:00,8
15.55257263,-19.20539347,LA3,2010-08-13,01:40:48 AM,01:40:00,Cold-Dry,2010-08-13 01:40:00,8
15.55261739,-19.20536906,LA3,2010-08-13,02:00:48 AM,02:00:00,Cold-Dry,2010-08-13 02:00:00,8
15.55260213,-19.20532227,LA3,2010-08-13,02:20:48 AM,02:20:00,Cold-Dry,2010-08-13 02:20:00,8
15.55261434,-19.20536906,LA3,2010-08-13,02:40:48 AM,02:40:00,Cold-Dry,2010-08-13 02:40:00,8
15.55254822,-19.20536092,LA3,2010-08-13,03:00:48 AM,03:00:00,Cold-Dry,2010-08-13 03:00:00,8
15.5525828,-19.20535482,LA3,2010-08-13,03:20:48 AM,03:20:00,Cold-Dry,2010-08-13 03:20:00,8
15.55256449,-19.20539754,LA3,2010-08-13,03:40:48 AM,03:40:00,Cold-Dry,2010-08-13 03:40:00,8
15.55260111,-19.20541789,LA3,2010-08-13,04:00:48 AM,04:00:00,Cold-Dry,2010-08-13 04:00:00,8
15.55297241,-19.20473836,LA3,2010-08-13,04:20:48 AM,04:20:00,Cold-Dry,2010-08-13 04:20:00,8
15.55377299,-19.20424601,LA3,2010-08-13,04:40:48 AM,04:40:00,Cold-Dry,2010-08-13 04:40:00,8
15.55380046,-19.2042277,LA3,2010-08-13,05:00:48 AM,05:00:00,Cold-Dry,2010-08-13 05:00:00,8
15.55382996,-19.20421956,LA3,2010-08-13,05:20:48 AM,05:20:00,Cold-Dry,2010-08-13 05:20:00,8
15.55377502,-19.20426839,LA3,2010-08-13,05:40:48 AM,05:40:00,Cold-Dry,2010-08-13 05:40:00,8
15.55381877,-19.20420939,LA3,2010-08-13,06:00:48 AM,06:00:00,Cold-Dry,2010-08-13 06:00:00,8
15.55384521,-19.20443522,LA3,2010-08-13,06:20:48 AM,06:20:00,Cold-Dry,2010-08-13 06:20:00,8
15.5541158,-19.20435791,LA3,2010-08-13,06:40:48 AM,06:40:00,Cold-Dry,2010-08-13 06:40:00,8
15.55425517,-19.20445964,LA3,2010-08-13,07:00:48 AM,07:00:00,Cold-Dry,2010-08-13 07:00:00,8
15.55438741,-19.2043335,LA3,2010-08-13,07:20:48 AM,07:20:00,Cold-Dry,2010-08-13 07:20:00,8
15.55452983,-19.20436198,LA3,2010-08-13,07:40:48 AM,07:40:00,Cold-Dry,2010-08-13 07:40:00,8
15.5547994,-19.20444539,LA3,2010-08-13,08:00:48 AM,08:00:00,Cold-Dry,2010-08-13 08:00:00,8
15.55645142,-19.20444946,LA3,2010-08-13,08:20:48 AM,08:20:00,Cold-Dry,2010-08-13 08:20:00,8
15.5580719,-19.20473226,LA3,2010-08-13,08:40:48 AM,08:40:00,Cold-Dry,2010-08-13 08:40:00,8
15.55846659,-19.2046814,LA3,2010-08-13,09:00:48 AM,09:00:00,Cold-Dry,2010-08-13 09:00:00,8
15.55855306,-19.20481567,LA3,2010-08-13,09:20:48 AM,09:20:00,Cold-Dry,2010-08-13 09:20:00,8
15.55873413,-19.2049235,LA3,2010-08-13,09:40:48 AM,09:40:00,Cold-Dry,2010-08-13 09:40:00,8
15.55887451,-19.20493774,LA3,2010-08-13,10:00:48 AM,10:00:00,Cold-Dry,2010-08-13 10:00:00,8
15.55895487,-19.20496419,LA3,2010-08-13,10:20:48 AM,10:20:00,Cold-Dry,2010-08-13 10:20:00,8
15.55906372,-19.20496623,LA3,2010-08-13,10:40:48 AM,10:40:00,Cold-Dry,2010-08-13 10:40:00,8
15.55911865,-19.20493978,LA3,2010-08-13,11:00:48 AM,11:00:00,Cold-Dry,2010-08-13 11:00:00,8
15.55911865,-19.20488892,LA3,2010-08-13,11:20:48 AM,11:20:00,Cold-Dry,2010-08-13 11:20:00,8
15.55897929,-19.20500895,LA3,2010-08-13,11:40:48 AM,11:40:00,Cold-Dry,2010-08-13 11:40:00,8
15.55902303,-19.20511882,LA3,2010-08-13,12:00:48 PM,12:00:00,Cold-Dry,2010-08-13 12:00:00,8
15.5590566,-19.20514119,LA3,2010-08-13,12:20:48 PM,12:20:00,Cold-Dry,2010-08-13 12:20:00,8
15.55906982,-19.2052124,LA3,2010-08-13,12:40:48 PM,12:40:00,Cold-Dry,2010-08-13 12:40:00,8
15.55873922,-19.2050883,LA3,2010-08-13,01:00:48 PM,13:00:00,Cold-Dry,2010-08-13 13:00:00,8
15.5587148,-19.20511271,LA3,2010-08-13,01:20:49 PM,13:20:00,Cold-Dry,2010-08-13 13:20:00,8
15.55883687,-19.20501709,LA3,2010-08-13,01:40:48 PM,13:40:00,Cold-Dry,2010-08-13 13:40:00,8
15.55891012,-19.20484823,LA3,2010-08-13,02:00:48 PM,14:00:00,Cold-Dry,2010-08-13 14:00:00,8
15.55891724,-19.20472209,LA3,2010-08-13,02:20:48 PM,14:20:00,Cold-Dry,2010-08-13 14:20:00,8
15.55897624,-19.20475464,LA3,2010-08-13,02:40:48 PM,14:40:00,Cold-Dry,2010-08-13 14:40:00,8
15.55922038,-19.20483195,LA3,2010-08-13,03:00:48 PM,15:00:00,Cold-Dry,2010-08-13 15:00:00,8
15.5592865,-19.20501099,LA3,2010-08-13,03:20:48 PM,15:20:00,Cold-Dry,2010-08-13 15:20:00,8
15.55911458,-19.2051473,LA3,2010-08-13,03:40:48 PM,15:40:00,Cold-Dry,2010-08-13 15:40:00,8
15.55887044,-19.20556437,LA3,2010-08-13,04:00:48 PM,16:00:00,Cold-Dry,2010-08-13 16:00:00,8
15.55691121,-19.20741374,LA3,2010-08-13,04:20:48 PM,16:20:00,Cold-Dry,2010-08-13 16:20:00,8
15.55396118,-19.20909831,LA3,2010-08-13,04:40:48 PM,16:40:00,Cold-Dry,2010-08-13 16:40:00,8
15.55204163,-19.21043905,LA3,2010-08-13,05:00:48 PM,17:00:00,Cold-Dry,2010-08-13 17:00:00,8
15.55107422,-19.21162923,LA3,2010-08-13,05:20:48 PM,17:20:00,Cold-Dry,2010-08-13 17:20:00,8
15.55073039,-19.2129069,LA3,2010-08-13,05:40:48 PM,17:40:00,Cold-Dry,2010-08-13 17:40:00,8
15.55070394,-19.21299845,LA3,2010-08-13,06:00:48 PM,18:00:00,Cold-Dry,2010-08-13 18:00:00,8
15.55070801,-19.2133016,LA3,2010-08-13,06:20:48 PM,18:20:00,Cold-Dry,2010-08-13 18:20:00,8
15.55070699,-19.21361694,LA3,2010-08-13,06:40:48 PM,18:40:00,Cold-Dry,2010-08-13 18:40:00,8
15.54936727,-19.21416016,LA3,2010-08-13,07:00:48 PM,19:00:00,Cold-Dry,2010-08-13 19:00:00,8
15.54937541,-19.21415812,LA3,2010-08-13,07:20:48 PM,19:20:00,Cold-Dry,2010-08-13 19:20:00,8
15.54887594,-19.21463623,LA3,2010-08-13,07:40:49 PM,19:40:00,Cold-Dry,2010-08-13 19:40:00,8
15.54781799,-19.21524455,LA3,2010-08-13,08:00:48 PM,20:00:00,Cold-Dry,2010-08-13 20:00:00,8
15.54509888,-19.21584269,LA3,2010-08-13,08:20:48 PM,20:20:00,Cold-Dry,2010-08-13 20:20:00,8
15.53838399,-19.21502482,LA3,2010-08-13,08:40:48 PM,20:40:00,Cold-Dry,2010-08-13 20:40:00,8
15.53328756,-19.21339111,LA3,2010-08-13,09:00:48 PM,21:00:00,Cold-Dry,2010-08-13 21:00:00,8
15.53019206,-19.2122111,LA3,2010-08-13,09:20:48 PM,21:20:00,Cold-Dry,2010-08-13 21:20:00,8
15.53019409,-19.21224162,LA3,2010-08-13,09:40:48 PM,21:40:00,Cold-Dry,2010-08-13 21:40:00,8
15.53020833,-19.21224162,LA3,2010-08-13,10:00:48 PM,22:00:00,Cold-Dry,2010-08-13 22:00:00,8
15.53054301,-19.20982259,LA3,2010-08-13,10:20:49 PM,22:20:00,Cold-Dry,2010-08-13 22:20:00,8
15.53373515,-19.20352376,LA3,2010-08-13,10:40:48 PM,22:40:00,Cold-Dry,2010-08-13 22:40:00,8
15.53503927,-19.20084635,LA3,2010-08-13,11:00:48 PM,23:00:00,Cold-Dry,2010-08-13 23:00:00,8
15.53453878,-19.19819539,LA3,2010-08-13,11:20:48 PM,23:20:00,Cold-Dry,2010-08-13 23:20:00,8
15.53522746,-19.19159342,LA3,2010-08-13,11:40:48 PM,23:40:00,Cold-Dry,2010-08-13 23:40:00,8
15.53550924,-19.19075317,LA3,2010-08-14,12:00:49 AM,00:00:00,Cold-Dry,2010-08-14 00:00:00,8
15.5379303,-19.18658447,LA3,2010-08-14,12:20:48 AM,00:20:00,Cold-Dry,2010-08-14 00:20:00,8
15.53896586,-19.18552246,LA3,2010-08-14,12:40:48 AM,00:40:00,Cold-Dry,2010-08-14 00:40:00,8
15.54193217,-19.18299764,LA3,2010-08-14,01:00:48 AM,01:00:00,Cold-Dry,2010-08-14 01:00:00,8
15.54359945,-19.18100382,LA3,2010-08-14,01:20:49 AM,01:20:00,Cold-Dry,2010-08-14 01:20:00,8
15.5452301,-19.17907918,LA3,2010-08-14,01:40:48 AM,01:40:00,Cold-Dry,2010-08-14 01:40:00,8
15.54547323,-19.17856038,LA3,2010-08-14,02:00:48 AM,02:00:00,Cold-Dry,2010-08-14 02:00:00,8
15.54876607,-19.17612101,LA3,2010-08-14,02:20:48 AM,02:20:00,Cold-Dry,2010-08-14 02:20:00,8
15.55112508,-19.17543335,LA3,2010-08-14,02:40:48 AM,02:40:00,Cold-Dry,2010-08-14 02:40:00,8
15.55113424,-19.17544963,LA3,2010-08-14,03:00:48 AM,03:00:00,Cold-Dry,2010-08-14 03:00:00,8
15.55115763,-19.17544149,LA3,2010-08-14,03:20:48 AM,03:20:00,Cold-Dry,2010-08-14 03:20:00,8
15.55123901,-19.17537435,LA3,2010-08-14,03:40:48 AM,03:40:00,Cold-Dry,2010-08-14 03:40:00,8
15.55124003,-19.17535197,LA3,2010-08-14,04:00:48 AM,04:00:00,Cold-Dry,2010-08-14 04:00:00,8
15.55122274,-19.17535807,LA3,2010-08-14,04:20:48 AM,04:20:00,Cold-Dry,2010-08-14 04:20:00,8
15.55120951,-19.17534993,LA3,2010-08-14,04:40:48 AM,04:40:00,Cold-Dry,2010-08-14 04:40:00,8
15.55121765,-19.1753479,LA3,2010-08-14,05:00:48 AM,05:00:00,Cold-Dry,2010-08-14 05:00:00,8
15.55166016,-19.17487996,LA3,2010-08-14,05:20:48 AM,05:20:00,Cold-Dry,2010-08-14 05:20:00,8
15.55184428,-19.17480062,LA3,2010-08-14,05:40:48 AM,05:40:00,Cold-Dry,2010-08-14 05:40:00,8
15.55236206,-19.17472941,LA3,2010-08-14,06:00:48 AM,06:00:00,Cold-Dry,2010-08-14 06:00:00,8
15.55422668,-19.17397461,LA3,2010-08-14,06:20:48 AM,06:20:00,Cold-Dry,2010-08-14 06:20:00,8
15.55540161,-19.17360636,LA3,2010-08-14,06:40:48 AM,06:40:00,Cold-Dry,2010-08-14 06:40:00,8
15.55651143,-19.17342529,LA3,2010-08-14,07:00:48 AM,07:00:00,Cold-Dry,2010-08-14 07:00:00,8
15.55755819,-19.17183024,LA3,2010-08-14,07:20:48 AM,07:20:00,Cold-Dry,2010-08-14 07:20:00,8
15.5577891,-19.1717509,LA3,2010-08-14,07:40:48 AM,07:40:00,Cold-Dry,2010-08-14 07:40:00,8
15.55782369,-19.17175496,LA3,2010-08-14,08:00:48 AM,08:00:00,Cold-Dry,2010-08-14 08:00:00,8
15.55792542,-19.171698,LA3,2010-08-14,08:20:48 AM,08:20:00,Cold-Dry,2010-08-14 08:20:00,8
15.55779826,-19.17148844,LA3,2010-08-14,08:40:48 AM,08:40:00,Cold-Dry,2010-08-14 08:40:00,8
15.5581838,-19.1715861,LA3,2010-08-14,09:00:48 AM,09:00:00,Cold-Dry,2010-08-14 09:00:00,8
15.55828552,-19.1715922,LA3,2010-08-14,09:20:48 AM,09:20:00,Cold-Dry,2010-08-14 09:20:00,8
15.55827332,-19.17156779,LA3,2010-08-14,09:40:48 AM,09:40:00,Cold-Dry,2010-08-14 09:40:00,8
15.55839335,-19.17095744,LA3,2010-08-14,10:00:48 AM,10:00:00,Cold-Dry,2010-08-14 10:00:00,8
15.55842997,-19.17082723,LA3,2010-08-14,10:20:48 AM,10:20:00,Cold-Dry,2010-08-14 10:20:00,8
15.55856934,-19.17028605,LA3,2010-08-14,10:40:48 AM,10:40:00,Cold-Dry,2010-08-14 10:40:00,8
15.55847575,-19.16970418,LA3,2010-08-14,11:00:48 AM,11:00:00,Cold-Dry,2010-08-14 11:00:00,8
15.55856222,-19.1696818,LA3,2010-08-14,11:20:48 AM,11:20:00,Cold-Dry,2010-08-14 11:20:00,8
15.55857646,-19.16970215,LA3,2010-08-14,11:40:48 AM,11:40:00,Cold-Dry,2010-08-14 11:40:00,8
15.55859578,-19.16971029,LA3,2010-08-14,12:00:48 PM,12:00:00,Cold-Dry,2010-08-14 12:00:00,8
15.55856425,-19.1697286,LA3,2010-08-14,12:20:48 PM,12:20:00,Cold-Dry,2010-08-14 12:20:00,8
15.55856527,-19.16971639,LA3,2010-08-14,12:40:48 PM,12:40:00,Cold-Dry,2010-08-14 12:40:00,8
15.55856323,-19.16972046,LA3,2010-08-14,01:00:48 PM,13:00:00,Cold-Dry,2010-08-14 13:00:00,8
15.55858053,-19.16972046,LA3,2010-08-14,01:20:49 PM,13:20:00,Cold-Dry,2010-08-14 13:20:00,8
15.5585673,-19.16970011,LA3,2010-08-14,01:40:48 PM,13:40:00,Cold-Dry,2010-08-14 13:40:00,8
15.55848999,-19.16959229,LA3,2010-08-14,02:00:48 PM,14:00:00,Cold-Dry,2010-08-14 14:00:00,8
15.55847575,-19.16947835,LA3,2010-08-14,02:20:48 PM,14:20:00,Cold-Dry,2010-08-14 14:20:00,8
15.55864054,-19.16946208,LA3,2010-08-14,02:40:48 PM,14:40:00,Cold-Dry,2010-08-14 14:40:00,8
15.56137187,-19.16908976,LA3,2010-08-14,03:00:48 PM,15:00:00,Cold-Dry,2010-08-14 15:00:00,8
15.5634318,-19.16889648,LA3,2010-08-14,03:20:48 PM,15:20:00,Cold-Dry,2010-08-14 15:20:00,8
15.56696269,-19.16925049,LA3,2010-08-14,03:40:48 PM,15:40:00,Cold-Dry,2010-08-14 15:40:00,8
15.56888529,-19.16876017,LA3,2010-08-14,04:00:48 PM,16:00:00,Cold-Dry,2010-08-14 16:00:00,8
15.57592875,-19.16910604,LA3,2010-08-14,04:20:48 PM,16:20:00,Cold-Dry,2010-08-14 16:20:00,8
15.57957764,-19.16727702,LA3,2010-08-14,04:40:48 PM,16:40:00,Cold-Dry,2010-08-14 16:40:00,8
15.58178609,-19.16484985,LA3,2010-08-14,05:00:48 PM,17:00:00,Cold-Dry,2010-08-14 17:00:00,8
15.58488261,-19.16181844,LA3,2010-08-14,05:20:48 PM,17:20:00,Cold-Dry,2010-08-14 17:20:00,8
15.58577983,-19.16118978,LA3,2010-08-14,05:40:48 PM,17:40:00,Cold-Dry,2010-08-14 17:40:00,8
15.58705648,-19.1594991,LA3,2010-08-14,06:00:48 PM,18:00:00,Cold-Dry,2010-08-14 18:00:00,8
15.59182638,-19.15407715,LA3,2010-08-14,06:20:48 PM,18:20:00,Cold-Dry,2010-08-14 18:20:00,8
15.59242961,-19.15338949,LA3,2010-08-14,06:40:48 PM,18:40:00,Cold-Dry,2010-08-14 18:40:00,8
15.59256694,-19.15335286,LA3,2010-08-14,07:00:48 PM,19:00:00,Cold-Dry,2010-08-14 19:00:00,8
15.59414571,-19.15123698,LA3,2010-08-14,07:20:48 PM,19:20:00,Cold-Dry,2010-08-14 19:20:00,8
15.5966685,-19.1483724,LA3,2010-08-14,07:40:48 PM,19:40:00,Cold-Dry,2010-08-14 19:40:00,8
15.59743347,-19.14748128,LA3,2010-08-14,08:00:48 PM,20:00:00,Cold-Dry,2010-08-14 20:00:00,8
15.59957784,-19.14539591,LA3,2010-08-14,08:20:48 PM,20:20:00,Cold-Dry,2010-08-14 20:20:00,8
15.6017863,-19.14444173,LA3,2010-08-14,08:40:48 PM,20:40:00,Cold-Dry,2010-08-14 20:40:00,8
15.60272725,-19.14393107,LA3,2010-08-14,09:00:48 PM,21:00:00,Cold-Dry,2010-08-14 21:00:00,8
15.60379537,-19.14342244,LA3,2010-08-14,09:20:48 PM,21:20:00,Cold-Dry,2010-08-14 21:20:00,8
15.60666606,-19.14324341,LA3,2010-08-14,09:40:48 PM,21:40:00,Cold-Dry,2010-08-14 21:40:00,8
15.61268717,-19.14197388,LA3,2010-08-14,10:00:48 PM,22:00:00,Cold-Dry,2010-08-14 22:00:00,8
15.61480204,-19.14179077,LA3,2010-08-14,10:20:48 PM,22:20:00,Cold-Dry,2010-08-14 22:20:00,8
15.61485494,-19.14180501,LA3,2010-08-14,10:40:48 PM,22:40:00,Cold-Dry,2010-08-14 22:40:00,8
15.61693014,-19.14126587,LA3,2010-08-14,11:00:48 PM,23:00:00,Cold-Dry,2010-08-14 23:00:00,8
15.62132975,-19.13966878,LA3,2010-08-14,11:20:48 PM,23:20:00,Cold-Dry,2010-08-14 23:20:00,8
15.62330119,-19.13911947,LA3,2010-08-14,11:40:48 PM,23:40:00,Cold-Dry,2010-08-14 23:40:00,8
15.62367452,-19.13911947,LA3,2010-08-15,12:00:48 AM,00:00:00,Cold-Dry,2010-08-15 00:00:00,8
15.62409058,-19.13861084,LA3,2010-08-15,12:20:48 AM,00:20:00,Cold-Dry,2010-08-15 00:20:00,8
15.62457275,-19.1383138,LA3,2010-08-15,12:40:48 AM,00:40:00,Cold-Dry,2010-08-15 00:40:00,8
15.62486267,-19.13800049,LA3,2010-08-15,01:00:48 AM,01:00:00,Cold-Dry,2010-08-15 01:00:00,8
15.62482605,-19.13803507,LA3,2010-08-15,01:20:49 AM,01:20:00,Cold-Dry,2010-08-15 01:20:00,8
15.62491455,-19.13809408,LA3,2010-08-15,01:40:48 AM,01:40:00,Cold-Dry,2010-08-15 01:40:00,8
15.62484843,-19.13798421,LA3,2010-08-15,02:00:48 AM,02:00:00,Cold-Dry,2010-08-15 02:00:00,8
15.62489319,-19.13803914,LA3,2010-08-15,02:20:48 AM,02:20:00,Cold-Dry,2010-08-15 02:20:00,8
15.62490031,-19.13795573,LA3,2010-08-15,02:40:48 AM,02:40:00,Cold-Dry,2010-08-15 02:40:00,8
15.62499288,-19.13791707,LA3,2010-08-15,03:00:48 AM,03:00:00,Cold-Dry,2010-08-15 03:00:00,8
15.62516378,-19.13798218,LA3,2010-08-15,03:20:48 AM,03:20:00,Cold-Dry,2010-08-15 03:20:00,8
15.62511088,-19.13805949,LA3,2010-08-15,03:40:48 AM,03:40:00,Cold-Dry,2010-08-15 03:40:00,8
15.62515462,-19.13797811,LA3,2010-08-15,04:00:48 AM,04:00:00,Cold-Dry,2010-08-15 04:00:00,8
15.62509155,-19.13797404,LA3,2010-08-15,04:20:48 AM,04:20:00,Cold-Dry,2010-08-15 04:20:00,8
15.62504069,-19.13797607,LA3,2010-08-15,04:40:48 AM,04:40:00,Cold-Dry,2010-08-15 04:40:00,8
15.62518005,-19.13791911,LA3,2010-08-15,05:00:48 AM,05:00:00,Cold-Dry,2010-08-15 05:00:00,8
15.62550557,-19.13770549,LA3,2010-08-15,05:20:48 AM,05:20:00,Cold-Dry,2010-08-15 05:20:00,8
15.62589417,-19.13725789,LA3,2010-08-15,05:40:48 AM,05:40:00,Cold-Dry,2010-08-15 05:40:00,8
15.62598775,-19.1371582,LA3,2010-08-15,06:00:48 AM,06:00:00,Cold-Dry,2010-08-15 06:00:00,8
15.62604777,-19.1369161,LA3,2010-08-15,06:20:48 AM,06:20:00,Cold-Dry,2010-08-15 06:20:00,8
15.62631327,-19.13658651,LA3,2010-08-15,06:40:48 AM,06:40:00,Cold-Dry,2010-08-15 06:40:00,8
15.6262502,-19.1364034,LA3,2010-08-15,07:00:48 AM,07:00:00,Cold-Dry,2010-08-15 07:00:00,8
15.6267395,-19.13605957,LA3,2010-08-15,07:20:48 AM,07:20:00,Cold-Dry,2010-08-15 07:20:00,8
15.62686259,-19.13612061,LA3,2010-08-15,07:40:48 AM,07:40:00,Cold-Dry,2010-08-15 07:40:00,8
15.62706401,-19.13611247,LA3,2010-08-15,08:00:48 AM,08:00:00,Cold-Dry,2010-08-15 08:00:00,8
15.62727051,-19.13562826,LA3,2010-08-15,08:20:48 AM,08:20:00,Cold-Dry,2010-08-15 08:20:00,8
15.62727051,-19.13559977,LA3,2010-08-15,08:40:48 AM,08:40:00,Cold-Dry,2010-08-15 08:40:00,8
15.62769877,-19.13517863,LA3,2010-08-15,09:00:48 AM,09:00:00,Cold-Dry,2010-08-15 09:00:00,8
15.62805176,-19.13524373,LA3,2010-08-15,09:20:48 AM,09:20:00,Cold-Dry,2010-08-15 09:20:00,8
15.62821248,-19.1351237,LA3,2010-08-15,09:40:48 AM,09:40:00,Cold-Dry,2010-08-15 09:40:00,8
15.62832235,-19.13492635,LA3,2010-08-15,10:00:48 AM,10:00:00,Cold-Dry,2010-08-15 10:00:00,8
15.62862651,-19.13472493,LA3,2010-08-15,10:20:48 AM,10:20:00,Cold-Dry,2010-08-15 10:20:00,8
15.62894592,-19.13448486,LA3,2010-08-15,10:40:48 AM,10:40:00,Cold-Dry,2010-08-15 10:40:00,8
15.62930908,-19.13455404,LA3,2010-08-15,11:00:48 AM,11:00:00,Cold-Dry,2010-08-15 11:00:00,8
15.62958883,-19.13467407,LA3,2010-08-15,11:20:48 AM,11:20:00,Cold-Dry,2010-08-15 11:20:00,8
15.62961222,-19.13471476,LA3,2010-08-15,11:40:48 AM,11:40:00,Cold-Dry,2010-08-15 11:40:00,8
15.6296051,-19.13469849,LA3,2010-08-15,12:00:48 PM,12:00:00,Cold-Dry,2010-08-15 12:00:00,8
15.62961731,-19.134729,LA3,2010-08-15,12:20:48 PM,12:20:00,Cold-Dry,2010-08-15 12:20:00,8
15.63040263,-19.13381348,LA3,2010-08-15,12:40:48 PM,12:40:00,Cold-Dry,2010-08-15 12:40:00,8
15.63098857,-19.13272095,LA3,2010-08-15,01:00:48 PM,13:00:00,Cold-Dry,2010-08-15 13:00:00,8
15.63155619,-19.13166504,LA3,2010-08-15,01:20:49 PM,13:20:00,Cold-Dry,2010-08-15 13:20:00,8
15.63170369,-19.13029785,LA3,2010-08-15,01:40:48 PM,13:40:00,Cold-Dry,2010-08-15 13:40:00,8
15.63234456,-19.12884725,LA3,2010-08-15,02:00:49 PM,14:00:00,Cold-Dry,2010-08-15 14:00:00,8
15.63233541,-19.12885132,LA3,2010-08-15,02:20:48 PM,14:20:00,Cold-Dry,2010-08-15 14:20:00,8
15.63234253,-19.12885742,LA3,2010-08-15,02:40:48 PM,14:40:00,Cold-Dry,2010-08-15 14:40:00,8
15.63274434,-19.12815755,LA3,2010-08-15,03:00:48 PM,15:00:00,Cold-Dry,2010-08-15 15:00:00,8
15.63420308,-19.12748413,LA3,2010-08-15,03:20:48 PM,15:20:00,Cold-Dry,2010-08-15 15:20:00,8
15.63537394,-19.12659302,LA3,2010-08-15,03:40:48 PM,15:40:00,Cold-Dry,2010-08-15 15:40:00,8
15.63619893,-19.12644653,LA3,2010-08-15,04:00:48 PM,16:00:00,Cold-Dry,2010-08-15 16:00:00,8
15.63621114,-19.12646688,LA3,2010-08-15,04:20:48 PM,16:20:00,Cold-Dry,2010-08-15 16:20:00,8
15.64118347,-19.12423299,LA3,2010-08-15,04:40:48 PM,16:40:00,Cold-Dry,2010-08-15 16:40:00,8
15.64523824,-19.12348429,LA3,2010-08-15,05:00:48 PM,17:00:00,Cold-Dry,2010-08-15 17:00:00,8
15.64697673,-19.1227946,LA3,2010-08-15,05:20:48 PM,17:20:00,Cold-Dry,2010-08-15 17:20:00,8
15.64874878,-19.12293701,LA3,2010-08-15,05:40:48 PM,17:40:00,Cold-Dry,2010-08-15 17:40:00,8
15.64915568,-19.12290649,LA3,2010-08-15,06:00:48 PM,18:00:00,Cold-Dry,2010-08-15 18:00:00,8
15.65297546,-19.12340291,LA3,2010-08-15,06:20:48 PM,18:20:00,Cold-Dry,2010-08-15 18:20:00,8
15.65375061,-19.12343343,LA3,2010-08-15,06:40:48 PM,18:40:00,Cold-Dry,2010-08-15 18:40:00,8
15.65766703,-19.12315674,LA3,2010-08-15,07:00:48 PM,19:00:00,Cold-Dry,2010-08-15 19:00:00,8
15.66147563,-19.12359212,LA3,2010-08-15,07:20:48 PM,19:20:00,Cold-Dry,2010-08-15 19:20:00,8
15.66158752,-19.12365926,LA3,2010-08-15,07:40:48 PM,19:40:00,Cold-Dry,2010-08-15 19:40:00,8
15.66297709,-19.12348836,LA3,2010-08-15,08:00:48 PM,20:00:00,Cold-Dry,2010-08-15 20:00:00,8
15.66819153,-19.12402751,LA3,2010-08-15,08:20:48 PM,20:20:00,Cold-Dry,2010-08-15 20:20:00,8
15.67580973,-19.12436523,LA3,2010-08-15,08:40:48 PM,20:40:00,Cold-Dry,2010-08-15 20:40:00,8
15.68030497,-19.12470296,LA3,2010-08-15,09:00:48 PM,21:00:00,Cold-Dry,2010-08-15 21:00:00,8
15.68404643,-19.12784017,LA3,2010-08-15,09:20:48 PM,21:20:00,Cold-Dry,2010-08-15 21:20:00,8
15.69085795,-19.13026733,LA3,2010-08-15,09:40:48 PM,21:40:00,Cold-Dry,2010-08-15 21:40:00,8
15.696698,-19.13410645,LA3,2010-08-15,10:00:48 PM,22:00:00,Cold-Dry,2010-08-15 22:00:00,8
15.70206706,-19.1357015,LA3,2010-08-15,10:20:48 PM,22:20:00,Cold-Dry,2010-08-15 22:20:00,8
15.70354004,-19.13665975,LA3,2010-08-15,10:40:48 PM,22:40:00,Cold-Dry,2010-08-15 22:40:00,8
15.70484823,-19.13706258,LA3,2010-08-15,11:00:48 PM,23:00:00,Cold-Dry,2010-08-15 23:00:00,8
15.70508525,-19.13722331,LA3,2010-08-15,11:20:48 PM,23:20:00,Cold-Dry,2010-08-15 23:20:00,8
15.70509237,-19.13716227,LA3,2010-08-15,11:40:48 PM,23:40:00,Cold-Dry,2010-08-15 23:40:00,8
