<?xml version="1.0" ?>
<kml xmlns="http://www.opengis.net/kml/2.2">
  <Document>
    <name>Elephant 01fe - 2010 Waterhole Visits</name>
    <description>Points colored by month for elephant 01fe in 2010</description>
    <Style id="month1_style">
      <IconStyle>
        <color>ff0000ff</color>
        <Icon>
          <href>http://maps.google.com/mapfiles/kml/shapes/placemark_circle.png</href>
        </Icon>
      </IconStyle>
      <LabelStyle>
        <color>ff0000ff</color>
      </LabelStyle>
    </Style>
    <Style id="month2_style">
      <IconStyle>
        <color>ff00ff00</color>
        <Icon>
          <href>http://maps.google.com/mapfiles/kml/shapes/placemark_circle.png</href>
        </Icon>
      </IconStyle>
      <LabelStyle>
        <color>ff00ff00</color>
      </LabelStyle>
    </Style>
    <Style id="month3_style">
      <IconStyle>
        <color>ffff0000</color>
        <Icon>
          <href>http://maps.google.com/mapfiles/kml/shapes/placemark_circle.png</href>
        </Icon>
      </IconStyle>
      <LabelStyle>
        <color>ffff0000</color>
      </LabelStyle>
    </Style>
    <Style id="month4_style">
      <IconStyle>
        <color>ff00ffff</color>
        <Icon>
          <href>http://maps.google.com/mapfiles/kml/shapes/placemark_circle.png</href>
        </Icon>
      </IconStyle>
      <LabelStyle>
        <color>ff00ffff</color>
      </LabelStyle>
    </Style>
    <Style id="month5_style">
      <IconStyle>
        <color>ffff00ff</color>
        <Icon>
          <href>http://maps.google.com/mapfiles/kml/shapes/placemark_circle.png</href>
        </Icon>
      </IconStyle>
      <LabelStyle>
        <color>ffff00ff</color>
      </LabelStyle>
    </Style>
    <Style id="month6_style">
      <IconStyle>
        <color>ff808080</color>
        <Icon>
          <href>http://maps.google.com/mapfiles/kml/shapes/placemark_circle.png</href>
        </Icon>
      </IconStyle>
      <LabelStyle>
        <color>ff808080</color>
      </LabelStyle>
    </Style>
    <Style id="month7_style">
      <IconStyle>
        <color>ff8000ff</color>
        <Icon>
          <href>http://maps.google.com/mapfiles/kml/shapes/placemark_circle.png</href>
        </Icon>
      </IconStyle>
      <LabelStyle>
        <color>ff8000ff</color>
      </LabelStyle>
    </Style>
    <Style id="month8_style">
      <IconStyle>
        <color>ff0080ff</color>
        <Icon>
          <href>http://maps.google.com/mapfiles/kml/shapes/placemark_circle.png</href>
        </Icon>
      </IconStyle>
      <LabelStyle>
        <color>ff0080ff</color>
      </LabelStyle>
    </Style>
    <Style id="month9_style">
      <IconStyle>
        <color>ff80ff00</color>
        <Icon>
          <href>http://maps.google.com/mapfiles/kml/shapes/placemark_circle.png</href>
        </Icon>
      </IconStyle>
      <LabelStyle>
        <color>ff80ff00</color>
      </LabelStyle>
    </Style>
    <Style id="month10_style">
      <IconStyle>
        <color>ffff8000</color>
        <Icon>
          <href>http://maps.google.com/mapfiles/kml/shapes/placemark_circle.png</href>
        </Icon>
      </IconStyle>
      <LabelStyle>
        <color>ffff8000</color>
      </LabelStyle>
    </Style>
    <Style id="month11_style">
      <IconStyle>
        <color>ff008000</color>
        <Icon>
          <href>http://maps.google.com/mapfiles/kml/shapes/placemark_circle.png</href>
        </Icon>
      </IconStyle>
      <LabelStyle>
        <color>ff008000</color>
      </LabelStyle>
    </Style>
    <Style id="month12_style">
      <IconStyle>
        <color>ff800000</color>
        <Icon>
          <href>http://maps.google.com/mapfiles/kml/shapes/placemark_circle.png</href>
        </Icon>
      </IconStyle>
      <LabelStyle>
        <color>ff800000</color>
      </LabelStyle>
    </Style>
    <Folder>
      <name>Waterhole Visits</name>
      <description>Each point represents an observation at a waterhole, colored by month</description>
      <Placemark>
        <name>Gemsbokvlakte - Month 5</name>
        <description>Waterhole: Gemsbokvlakte, Month: 5, Time: 2010-05-24 16:00:00, Lon: 16.058540, Lat: -19.213125</description>
        <styleUrl>#month5_style</styleUrl>
        <Point>
          <coordinates>16.058540,-19.213125,0</coordinates>
        </Point>
      </Placemark>
      <Placemark>
        <name>Gemsbokvlakte - Month 5</name>
        <description>Waterhole: Gemsbokvlakte, Month: 5, Time: 2010-05-24 16:20:00, Lon: 16.053983, Lat: -19.216064</description>
        <styleUrl>#month5_style</styleUrl>
        <Point>
          <coordinates>16.053983,-19.216064,0</coordinates>
        </Point>
      </Placemark>
      <Placemark>
        <name>Ozonjuitji m'Bari - Month 5</name>
        <description>Waterhole: Ozonjuitji m'Bari, Month: 5, Time: 2010-05-30 23:40:00, Lon: 15.503631, Lat: -18.975391</description>
        <styleUrl>#month5_style</styleUrl>
        <Point>
          <coordinates>15.503631,-18.975391,0</coordinates>
        </Point>
      </Placemark>
      <Placemark>
        <name>Ozonjuitji m'Bari - Month 5</name>
        <description>Waterhole: Ozonjuitji m'Bari, Month: 5, Time: 2010-05-31 00:00:00, Lon: 15.501539, Lat: -18.969639</description>
        <styleUrl>#month5_style</styleUrl>
        <Point>
          <coordinates>15.501539,-18.969639,0</coordinates>
        </Point>
      </Placemark>
      <Placemark>
        <name>Ozonjuitji m'Bari - Month 6</name>
        <description>Waterhole: Ozonjuitji m'Bari, Month: 6, Time: 2010-06-03 18:40:00, Lon: 15.505658, Lat: -18.968105</description>
        <styleUrl>#month6_style</styleUrl>
        <Point>
          <coordinates>15.505658,-18.968105,0</coordinates>
        </Point>
      </Placemark>
      <Placemark>
        <name>Ozonjuitji m'Bari - Month 6</name>
        <description>Waterhole: Ozonjuitji m'Bari, Month: 6, Time: 2010-06-03 19:00:00, Lon: 15.503552, Lat: -18.976510</description>
        <styleUrl>#month6_style</styleUrl>
        <Point>
          <coordinates>15.503552,-18.976510,0</coordinates>
        </Point>
      </Placemark>
      <Placemark>
        <name>Ozonjuitji m'Bari - Month 6</name>
        <description>Waterhole: Ozonjuitji m'Bari, Month: 6, Time: 2010-06-03 19:20:00, Lon: 15.504325, Lat: -18.976638</description>
        <styleUrl>#month6_style</styleUrl>
        <Point>
          <coordinates>15.504325,-18.976638,0</coordinates>
        </Point>
      </Placemark>
      <Placemark>
        <name>Ozonjuitji m'Bari - Month 6</name>
        <description>Waterhole: Ozonjuitji m'Bari, Month: 6, Time: 2010-06-04 18:00:00, Lon: 15.503540, Lat: -18.976548</description>
        <styleUrl>#month6_style</styleUrl>
        <Point>
          <coordinates>15.503540,-18.976548,0</coordinates>
        </Point>
      </Placemark>
      <Placemark>
        <name>Ozonjuitji m'Bari - Month 6</name>
        <description>Waterhole: Ozonjuitji m'Bari, Month: 6, Time: 2010-06-04 18:20:00, Lon: 15.503674, Lat: -18.976809</description>
        <styleUrl>#month6_style</styleUrl>
        <Point>
          <coordinates>15.503674,-18.976809,0</coordinates>
        </Point>
      </Placemark>
      <Placemark>
        <name>Ozonjuitji m'Bari - Month 6</name>
        <description>Waterhole: Ozonjuitji m'Bari, Month: 6, Time: 2010-06-04 18:40:00, Lon: 15.505187, Lat: -18.977236</description>
        <styleUrl>#month6_style</styleUrl>
        <Point>
          <coordinates>15.505187,-18.977236,0</coordinates>
        </Point>
      </Placemark>
      <Placemark>
        <name>Ozonjuitji m'Bari - Month 6</name>
        <description>Waterhole: Ozonjuitji m'Bari, Month: 6, Time: 2010-06-04 19:00:00, Lon: 15.508705, Lat: -18.978611</description>
        <styleUrl>#month6_style</styleUrl>
        <Point>
          <coordinates>15.508705,-18.978611,0</coordinates>
        </Point>
      </Placemark>
      <Placemark>
        <name>Ozonjuitji m'Bari - Month 6</name>
        <description>Waterhole: Ozonjuitji m'Bari, Month: 6, Time: 2010-06-05 18:00:00, Lon: 15.504086, Lat: -18.978475</description>
        <styleUrl>#month6_style</styleUrl>
        <Point>
          <coordinates>15.504086,-18.978475,0</coordinates>
        </Point>
      </Placemark>
      <Placemark>
        <name>Ozonjuitji m'Bari - Month 6</name>
        <description>Waterhole: Ozonjuitji m'Bari, Month: 6, Time: 2010-06-05 18:20:00, Lon: 15.503496, Lat: -18.976499</description>
        <styleUrl>#month6_style</styleUrl>
        <Point>
          <coordinates>15.503496,-18.976499,0</coordinates>
        </Point>
      </Placemark>
      <Placemark>
        <name>Ozonjuitji m'Bari - Month 6</name>
        <description>Waterhole: Ozonjuitji m'Bari, Month: 6, Time: 2010-06-05 18:40:00, Lon: 15.503545, Lat: -18.976491</description>
        <styleUrl>#month6_style</styleUrl>
        <Point>
          <coordinates>15.503545,-18.976491,0</coordinates>
        </Point>
      </Placemark>
      <Placemark>
        <name>Ozonjuitji m'Bari - Month 6</name>
        <description>Waterhole: Ozonjuitji m'Bari, Month: 6, Time: 2010-06-05 19:00:00, Lon: 15.503684, Lat: -18.976473</description>
        <styleUrl>#month6_style</styleUrl>
        <Point>
          <coordinates>15.503684,-18.976473,0</coordinates>
        </Point>
      </Placemark>
      <Placemark>
        <name>Ozonjuitji m'Bari - Month 6</name>
        <description>Waterhole: Ozonjuitji m'Bari, Month: 6, Time: 2010-06-05 19:20:00, Lon: 15.505057, Lat: -18.977264</description>
        <styleUrl>#month6_style</styleUrl>
        <Point>
          <coordinates>15.505057,-18.977264,0</coordinates>
        </Point>
      </Placemark>
      <Placemark>
        <name>Ozonjuitji m'Bari - Month 6</name>
        <description>Waterhole: Ozonjuitji m'Bari, Month: 6, Time: 2010-06-05 19:40:00, Lon: 15.511799, Lat: -18.980770</description>
        <styleUrl>#month6_style</styleUrl>
        <Point>
          <coordinates>15.511799,-18.980770,0</coordinates>
        </Point>
      </Placemark>
      <Placemark>
        <name>Ozonjuitji m'Bari - Month 6</name>
        <description>Waterhole: Ozonjuitji m'Bari, Month: 6, Time: 2010-06-06 19:40:00, Lon: 15.504479, Lat: -18.979836</description>
        <styleUrl>#month6_style</styleUrl>
        <Point>
          <coordinates>15.504479,-18.979836,0</coordinates>
        </Point>
      </Placemark>
      <Placemark>
        <name>Ozonjuitji m'Bari - Month 6</name>
        <description>Waterhole: Ozonjuitji m'Bari, Month: 6, Time: 2010-06-06 20:00:00, Lon: 15.503543, Lat: -18.976522</description>
        <styleUrl>#month6_style</styleUrl>
        <Point>
          <coordinates>15.503543,-18.976522,0</coordinates>
        </Point>
      </Placemark>
      <Placemark>
        <name>Ozonjuitji m'Bari - Month 6</name>
        <description>Waterhole: Ozonjuitji m'Bari, Month: 6, Time: 2010-06-06 20:20:00, Lon: 15.503654, Lat: -18.976634</description>
        <styleUrl>#month6_style</styleUrl>
        <Point>
          <coordinates>15.503654,-18.976634,0</coordinates>
        </Point>
      </Placemark>
      <Placemark>
        <name>Ozonjuitji m'Bari - Month 6</name>
        <description>Waterhole: Ozonjuitji m'Bari, Month: 6, Time: 2010-06-06 20:40:00, Lon: 15.507535, Lat: -18.978664</description>
        <styleUrl>#month6_style</styleUrl>
        <Point>
          <coordinates>15.507535,-18.978664,0</coordinates>
        </Point>
      </Placemark>
      <Placemark>
        <name>Ozonjuitji m'Bari - Month 6</name>
        <description>Waterhole: Ozonjuitji m'Bari, Month: 6, Time: 2010-06-07 19:00:00, Lon: 15.503572, Lat: -18.976595</description>
        <styleUrl>#month6_style</styleUrl>
        <Point>
          <coordinates>15.503572,-18.976595,0</coordinates>
        </Point>
      </Placemark>
      <Placemark>
        <name>Ozonjuitji m'Bari - Month 6</name>
        <description>Waterhole: Ozonjuitji m'Bari, Month: 6, Time: 2010-06-07 19:20:00, Lon: 15.503544, Lat: -18.976636</description>
        <styleUrl>#month6_style</styleUrl>
        <Point>
          <coordinates>15.503544,-18.976636,0</coordinates>
        </Point>
      </Placemark>
      <Placemark>
        <name>Ozonjuitji m'Bari - Month 6</name>
        <description>Waterhole: Ozonjuitji m'Bari, Month: 6, Time: 2010-06-07 19:40:00, Lon: 15.505981, Lat: -18.977852</description>
        <styleUrl>#month6_style</styleUrl>
        <Point>
          <coordinates>15.505981,-18.977852,0</coordinates>
        </Point>
      </Placemark>
      <Placemark>
        <name>Ozonjuitji m'Bari - Month 6</name>
        <description>Waterhole: Ozonjuitji m'Bari, Month: 6, Time: 2010-06-07 20:00:00, Lon: 15.511017, Lat: -18.980424</description>
        <styleUrl>#month6_style</styleUrl>
        <Point>
          <coordinates>15.511017,-18.980424,0</coordinates>
        </Point>
      </Placemark>
      <Placemark>
        <name>Ozonjuitji m'Bari - Month 6</name>
        <description>Waterhole: Ozonjuitji m'Bari, Month: 6, Time: 2010-06-09 13:20:00, Lon: 15.504224, Lat: -18.978925</description>
        <styleUrl>#month6_style</styleUrl>
        <Point>
          <coordinates>15.504224,-18.978925,0</coordinates>
        </Point>
      </Placemark>
      <Placemark>
        <name>Ozonjuitji m'Bari - Month 6</name>
        <description>Waterhole: Ozonjuitji m'Bari, Month: 6, Time: 2010-06-09 13:40:00, Lon: 15.503499, Lat: -18.975793</description>
        <styleUrl>#month6_style</styleUrl>
        <Point>
          <coordinates>15.503499,-18.975793,0</coordinates>
        </Point>
      </Placemark>
      <Placemark>
        <name>Ozonjuitji m'Bari - Month 6</name>
        <description>Waterhole: Ozonjuitji m'Bari, Month: 6, Time: 2010-06-09 14:00:00, Lon: 15.501491, Lat: -18.973639</description>
        <styleUrl>#month6_style</styleUrl>
        <Point>
          <coordinates>15.501491,-18.973639,0</coordinates>
        </Point>
      </Placemark>
      <Placemark>
        <name>Ozonjuitji m'Bari - Month 6</name>
        <description>Waterhole: Ozonjuitji m'Bari, Month: 6, Time: 2010-06-09 14:20:00, Lon: 15.501704, Lat: -18.973551</description>
        <styleUrl>#month6_style</styleUrl>
        <Point>
          <coordinates>15.501704,-18.973551,0</coordinates>
        </Point>
      </Placemark>
      <Placemark>
        <name>Ozonjuitji m'Bari - Month 6</name>
        <description>Waterhole: Ozonjuitji m'Bari, Month: 6, Time: 2010-06-09 14:40:00, Lon: 15.503811, Lat: -18.974813</description>
        <styleUrl>#month6_style</styleUrl>
        <Point>
          <coordinates>15.503811,-18.974813,0</coordinates>
        </Point>
      </Placemark>
      <Placemark>
        <name>Ozonjuitji m'Bari - Month 6</name>
        <description>Waterhole: Ozonjuitji m'Bari, Month: 6, Time: 2010-06-09 15:00:00, Lon: 15.504366, Lat: -18.974438</description>
        <styleUrl>#month6_style</styleUrl>
        <Point>
          <coordinates>15.504366,-18.974438,0</coordinates>
        </Point>
      </Placemark>
      <Placemark>
        <name>Ozonjuitji m'Bari - Month 6</name>
        <description>Waterhole: Ozonjuitji m'Bari, Month: 6, Time: 2010-06-09 15:20:00, Lon: 15.504257, Lat: -18.974556</description>
        <styleUrl>#month6_style</styleUrl>
        <Point>
          <coordinates>15.504257,-18.974556,0</coordinates>
        </Point>
      </Placemark>
      <Placemark>
        <name>Ozonjuitji m'Bari - Month 6</name>
        <description>Waterhole: Ozonjuitji m'Bari, Month: 6, Time: 2010-06-09 15:40:00, Lon: 15.503536, Lat: -18.976585</description>
        <styleUrl>#month6_style</styleUrl>
        <Point>
          <coordinates>15.503536,-18.976585,0</coordinates>
        </Point>
      </Placemark>
      <Placemark>
        <name>Ozonjuitji m'Bari - Month 6</name>
        <description>Waterhole: Ozonjuitji m'Bari, Month: 6, Time: 2010-06-09 16:00:00, Lon: 15.505391, Lat: -18.976068</description>
        <styleUrl>#month6_style</styleUrl>
        <Point>
          <coordinates>15.505391,-18.976068,0</coordinates>
        </Point>
      </Placemark>
      <Placemark>
        <name>Ozonjuitji m'Bari - Month 6</name>
        <description>Waterhole: Ozonjuitji m'Bari, Month: 6, Time: 2010-06-09 16:20:00, Lon: 15.511705, Lat: -18.978733</description>
        <styleUrl>#month6_style</styleUrl>
        <Point>
          <coordinates>15.511705,-18.978733,0</coordinates>
        </Point>
      </Placemark>
      <Placemark>
        <name>Ozonjuitji m'Bari - Month 6</name>
        <description>Waterhole: Ozonjuitji m'Bari, Month: 6, Time: 2010-06-10 19:20:00, Lon: 15.506223, Lat: -18.981449</description>
        <styleUrl>#month6_style</styleUrl>
        <Point>
          <coordinates>15.506223,-18.981449,0</coordinates>
        </Point>
      </Placemark>
      <Placemark>
        <name>Ozonjuitji m'Bari - Month 6</name>
        <description>Waterhole: Ozonjuitji m'Bari, Month: 6, Time: 2010-06-10 19:40:00, Lon: 15.504926, Lat: -18.980214</description>
        <styleUrl>#month6_style</styleUrl>
        <Point>
          <coordinates>15.504926,-18.980214,0</coordinates>
        </Point>
      </Placemark>
      <Placemark>
        <name>Ozonjuitji m'Bari - Month 6</name>
        <description>Waterhole: Ozonjuitji m'Bari, Month: 6, Time: 2010-06-10 20:00:00, Lon: 15.504798, Lat: -18.979572</description>
        <styleUrl>#month6_style</styleUrl>
        <Point>
          <coordinates>15.504798,-18.979572,0</coordinates>
        </Point>
      </Placemark>
      <Placemark>
        <name>Ozonjuitji m'Bari - Month 6</name>
        <description>Waterhole: Ozonjuitji m'Bari, Month: 6, Time: 2010-06-10 20:20:00, Lon: 15.504774, Lat: -18.979161</description>
        <styleUrl>#month6_style</styleUrl>
        <Point>
          <coordinates>15.504774,-18.979161,0</coordinates>
        </Point>
      </Placemark>
      <Placemark>
        <name>Ozonjuitji m'Bari - Month 6</name>
        <description>Waterhole: Ozonjuitji m'Bari, Month: 6, Time: 2010-06-10 20:40:00, Lon: 15.503532, Lat: -18.976558</description>
        <styleUrl>#month6_style</styleUrl>
        <Point>
          <coordinates>15.503532,-18.976558,0</coordinates>
        </Point>
      </Placemark>
      <Placemark>
        <name>Ozonjuitji m'Bari - Month 6</name>
        <description>Waterhole: Ozonjuitji m'Bari, Month: 6, Time: 2010-06-10 21:00:00, Lon: 15.504890, Lat: -18.977590</description>
        <styleUrl>#month6_style</styleUrl>
        <Point>
          <coordinates>15.504890,-18.977590,0</coordinates>
        </Point>
      </Placemark>
      <Placemark>
        <name>Ozonjuitji m'Bari - Month 6</name>
        <description>Waterhole: Ozonjuitji m'Bari, Month: 6, Time: 2010-06-12 17:00:00, Lon: 15.505693, Lat: -18.977586</description>
        <styleUrl>#month6_style</styleUrl>
        <Point>
          <coordinates>15.505693,-18.977586,0</coordinates>
        </Point>
      </Placemark>
      <Placemark>
        <name>Ozonjuitji m'Bari - Month 6</name>
        <description>Waterhole: Ozonjuitji m'Bari, Month: 6, Time: 2010-06-12 17:20:00, Lon: 15.503515, Lat: -18.976524</description>
        <styleUrl>#month6_style</styleUrl>
        <Point>
          <coordinates>15.503515,-18.976524,0</coordinates>
        </Point>
      </Placemark>
      <Placemark>
        <name>Ozonjuitji m'Bari - Month 6</name>
        <description>Waterhole: Ozonjuitji m'Bari, Month: 6, Time: 2010-06-12 17:40:00, Lon: 15.503519, Lat: -18.976546</description>
        <styleUrl>#month6_style</styleUrl>
        <Point>
          <coordinates>15.503519,-18.976546,0</coordinates>
        </Point>
      </Placemark>
      <Placemark>
        <name>Ozonjuitji m'Bari - Month 6</name>
        <description>Waterhole: Ozonjuitji m'Bari, Month: 6, Time: 2010-06-12 18:00:00, Lon: 15.503947, Lat: -18.976514</description>
        <styleUrl>#month6_style</styleUrl>
        <Point>
          <coordinates>15.503947,-18.976514,0</coordinates>
        </Point>
      </Placemark>
      <Placemark>
        <name>Ozonjuitji m'Bari - Month 6</name>
        <description>Waterhole: Ozonjuitji m'Bari, Month: 6, Time: 2010-06-12 18:20:00, Lon: 15.504250, Lat: -18.976467</description>
        <styleUrl>#month6_style</styleUrl>
        <Point>
          <coordinates>15.504250,-18.976467,0</coordinates>
        </Point>
      </Placemark>
      <Placemark>
        <name>Ozonjuitji m'Bari - Month 6</name>
        <description>Waterhole: Ozonjuitji m'Bari, Month: 6, Time: 2010-06-12 18:40:00, Lon: 15.505667, Lat: -18.974215</description>
        <styleUrl>#month6_style</styleUrl>
        <Point>
          <coordinates>15.505667,-18.974215,0</coordinates>
        </Point>
      </Placemark>
      <Placemark>
        <name>Ozonjuitji m'Bari - Month 6</name>
        <description>Waterhole: Ozonjuitji m'Bari, Month: 6, Time: 2010-06-12 19:00:00, Lon: 15.509238, Lat: -18.972705</description>
        <styleUrl>#month6_style</styleUrl>
        <Point>
          <coordinates>15.509238,-18.972705,0</coordinates>
        </Point>
      </Placemark>
      <Placemark>
        <name>Ozonjuitji m'Bari - Month 6</name>
        <description>Waterhole: Ozonjuitji m'Bari, Month: 6, Time: 2010-06-12 19:20:00, Lon: 15.511526, Lat: -18.973476</description>
        <styleUrl>#month6_style</styleUrl>
        <Point>
          <coordinates>15.511526,-18.973476,0</coordinates>
        </Point>
      </Placemark>
      <Placemark>
        <name>Olifantsbad Waterhole - Month 6</name>
        <description>Waterhole: Olifantsbad Waterhole, Month: 6, Time: 2010-06-17 09:40:00, Lon: 16.137711, Lat: -19.243768</description>
        <styleUrl>#month6_style</styleUrl>
        <Point>
          <coordinates>16.137711,-19.243768,0</coordinates>
        </Point>
      </Placemark>
      <Placemark>
        <name>Olifantsbad Waterhole - Month 6</name>
        <description>Waterhole: Olifantsbad Waterhole, Month: 6, Time: 2010-06-17 10:00:00, Lon: 16.134873, Lat: -19.242767</description>
        <styleUrl>#month6_style</styleUrl>
        <Point>
          <coordinates>16.134873,-19.242767,0</coordinates>
        </Point>
      </Placemark>
      <Placemark>
        <name>Olifantsbad Waterhole - Month 6</name>
        <description>Waterhole: Olifantsbad Waterhole, Month: 6, Time: 2010-06-17 10:20:00, Lon: 16.133752, Lat: -19.242330</description>
        <styleUrl>#month6_style</styleUrl>
        <Point>
          <coordinates>16.133752,-19.242330,0</coordinates>
        </Point>
      </Placemark>
      <Placemark>
        <name>Olifantsbad Waterhole - Month 6</name>
        <description>Waterhole: Olifantsbad Waterhole, Month: 6, Time: 2010-06-17 10:40:00, Lon: 16.133593, Lat: -19.242230</description>
        <styleUrl>#month6_style</styleUrl>
        <Point>
          <coordinates>16.133593,-19.242230,0</coordinates>
        </Point>
      </Placemark>
      <Placemark>
        <name>Olifantsbad Waterhole - Month 6</name>
        <description>Waterhole: Olifantsbad Waterhole, Month: 6, Time: 2010-06-17 11:00:00, Lon: 16.133564, Lat: -19.242253</description>
        <styleUrl>#month6_style</styleUrl>
        <Point>
          <coordinates>16.133564,-19.242253,0</coordinates>
        </Point>
      </Placemark>
      <Placemark>
        <name>Olifantsbad Waterhole - Month 6</name>
        <description>Waterhole: Olifantsbad Waterhole, Month: 6, Time: 2010-06-17 11:20:00, Lon: 16.133546, Lat: -19.242251</description>
        <styleUrl>#month6_style</styleUrl>
        <Point>
          <coordinates>16.133546,-19.242251,0</coordinates>
        </Point>
      </Placemark>
      <Placemark>
        <name>Olifantsbad Waterhole - Month 6</name>
        <description>Waterhole: Olifantsbad Waterhole, Month: 6, Time: 2010-06-17 11:40:00, Lon: 16.132915, Lat: -19.242128</description>
        <styleUrl>#month6_style</styleUrl>
        <Point>
          <coordinates>16.132915,-19.242128,0</coordinates>
        </Point>
      </Placemark>
      <Placemark>
        <name>Olifantsbad Waterhole - Month 6</name>
        <description>Waterhole: Olifantsbad Waterhole, Month: 6, Time: 2010-06-17 12:00:00, Lon: 16.131430, Lat: -19.239825</description>
        <styleUrl>#month6_style</styleUrl>
        <Point>
          <coordinates>16.131430,-19.239825,0</coordinates>
        </Point>
      </Placemark>
      <Placemark>
        <name>Olifantsbad Waterhole - Month 6</name>
        <description>Waterhole: Olifantsbad Waterhole, Month: 6, Time: 2010-06-17 12:20:00, Lon: 16.131852, Lat: -19.238574</description>
        <styleUrl>#month6_style</styleUrl>
        <Point>
          <coordinates>16.131852,-19.238574,0</coordinates>
        </Point>
      </Placemark>
      <Placemark>
        <name>Olifantsbad Waterhole - Month 6</name>
        <description>Waterhole: Olifantsbad Waterhole, Month: 6, Time: 2010-06-17 12:40:00, Lon: 16.133094, Lat: -19.239231</description>
        <styleUrl>#month6_style</styleUrl>
        <Point>
          <coordinates>16.133094,-19.239231,0</coordinates>
        </Point>
      </Placemark>
      <Placemark>
        <name>Olifantsbad Waterhole - Month 6</name>
        <description>Waterhole: Olifantsbad Waterhole, Month: 6, Time: 2010-06-17 13:00:00, Lon: 16.135374, Lat: -19.239596</description>
        <styleUrl>#month6_style</styleUrl>
        <Point>
          <coordinates>16.135374,-19.239596,0</coordinates>
        </Point>
      </Placemark>
      <Placemark>
        <name>Olifantsbad Waterhole - Month 6</name>
        <description>Waterhole: Olifantsbad Waterhole, Month: 6, Time: 2010-06-17 13:20:00, Lon: 16.136227, Lat: -19.239514</description>
        <styleUrl>#month6_style</styleUrl>
        <Point>
          <coordinates>16.136227,-19.239514,0</coordinates>
        </Point>
      </Placemark>
      <Placemark>
        <name>Olifantsbad Waterhole - Month 6</name>
        <description>Waterhole: Olifantsbad Waterhole, Month: 6, Time: 2010-06-17 13:40:00, Lon: 16.136632, Lat: -19.239734</description>
        <styleUrl>#month6_style</styleUrl>
        <Point>
          <coordinates>16.136632,-19.239734,0</coordinates>
        </Point>
      </Placemark>
      <Placemark>
        <name>Olifantsbad Waterhole - Month 6</name>
        <description>Waterhole: Olifantsbad Waterhole, Month: 6, Time: 2010-06-17 14:00:00, Lon: 16.136263, Lat: -19.241412</description>
        <styleUrl>#month6_style</styleUrl>
        <Point>
          <coordinates>16.136263,-19.241412,0</coordinates>
        </Point>
      </Placemark>
      <Placemark>
        <name>Olifantsbad Waterhole - Month 6</name>
        <description>Waterhole: Olifantsbad Waterhole, Month: 6, Time: 2010-06-17 14:20:00, Lon: 16.135816, Lat: -19.242700</description>
        <styleUrl>#month6_style</styleUrl>
        <Point>
          <coordinates>16.135816,-19.242700,0</coordinates>
        </Point>
      </Placemark>
      <Placemark>
        <name>Olifantsbad Waterhole - Month 6</name>
        <description>Waterhole: Olifantsbad Waterhole, Month: 6, Time: 2010-06-17 14:40:00, Lon: 16.135383, Lat: -19.245658</description>
        <styleUrl>#month6_style</styleUrl>
        <Point>
          <coordinates>16.135383,-19.245658,0</coordinates>
        </Point>
      </Placemark>
      <Placemark>
        <name>Olifantsbad Waterhole - Month 6</name>
        <description>Waterhole: Olifantsbad Waterhole, Month: 6, Time: 2010-06-18 12:20:00, Lon: 16.138136, Lat: -19.240293</description>
        <styleUrl>#month6_style</styleUrl>
        <Point>
          <coordinates>16.138136,-19.240293,0</coordinates>
        </Point>
      </Placemark>
      <Placemark>
        <name>Olifantsbad Waterhole - Month 6</name>
        <description>Waterhole: Olifantsbad Waterhole, Month: 6, Time: 2010-06-18 12:40:00, Lon: 16.131684, Lat: -19.238611</description>
        <styleUrl>#month6_style</styleUrl>
        <Point>
          <coordinates>16.131684,-19.238611,0</coordinates>
        </Point>
      </Placemark>
      <Placemark>
        <name>Olifantsbad Waterhole - Month 6</name>
        <description>Waterhole: Olifantsbad Waterhole, Month: 6, Time: 2010-06-18 13:00:00, Lon: 16.131603, Lat: -19.238822</description>
        <styleUrl>#month6_style</styleUrl>
        <Point>
          <coordinates>16.131603,-19.238822,0</coordinates>
        </Point>
      </Placemark>
      <Placemark>
        <name>Olifantsbad Waterhole - Month 6</name>
        <description>Waterhole: Olifantsbad Waterhole, Month: 6, Time: 2010-06-18 13:20:00, Lon: 16.131522, Lat: -19.236977</description>
        <styleUrl>#month6_style</styleUrl>
        <Point>
          <coordinates>16.131522,-19.236977,0</coordinates>
        </Point>
      </Placemark>
      <Placemark>
        <name>Olifantsbad Waterhole - Month 6</name>
        <description>Waterhole: Olifantsbad Waterhole, Month: 6, Time: 2010-06-18 13:40:00, Lon: 16.131037, Lat: -19.234914</description>
        <styleUrl>#month6_style</styleUrl>
        <Point>
          <coordinates>16.131037,-19.234914,0</coordinates>
        </Point>
      </Placemark>
      <Placemark>
        <name>Olifantsbad Waterhole - Month 6</name>
        <description>Waterhole: Olifantsbad Waterhole, Month: 6, Time: 2010-06-18 14:00:00, Lon: 16.131923, Lat: -19.234182</description>
        <styleUrl>#month6_style</styleUrl>
        <Point>
          <coordinates>16.131923,-19.234182,0</coordinates>
        </Point>
      </Placemark>
      <Placemark>
        <name>Olifantsbad Waterhole - Month 6</name>
        <description>Waterhole: Olifantsbad Waterhole, Month: 6, Time: 2010-06-18 14:20:00, Lon: 16.133940, Lat: -19.232265</description>
        <styleUrl>#month6_style</styleUrl>
        <Point>
          <coordinates>16.133940,-19.232265,0</coordinates>
        </Point>
      </Placemark>
      <Placemark>
        <name>Olifantsbad Waterhole - Month 6</name>
        <description>Waterhole: Olifantsbad Waterhole, Month: 6, Time: 2010-06-18 14:40:00, Lon: 16.133774, Lat: -19.230646</description>
        <styleUrl>#month6_style</styleUrl>
        <Point>
          <coordinates>16.133774,-19.230646,0</coordinates>
        </Point>
      </Placemark>
      <Placemark>
        <name>Olifantsbad Waterhole - Month 6</name>
        <description>Waterhole: Olifantsbad Waterhole, Month: 6, Time: 2010-06-19 12:40:00, Lon: 16.138164, Lat: -19.233358</description>
        <styleUrl>#month6_style</styleUrl>
        <Point>
          <coordinates>16.138164,-19.233358,0</coordinates>
        </Point>
      </Placemark>
      <Placemark>
        <name>Olifantsbad Waterhole - Month 6</name>
        <description>Waterhole: Olifantsbad Waterhole, Month: 6, Time: 2010-06-19 13:00:00, Lon: 16.134624, Lat: -19.236908</description>
        <styleUrl>#month6_style</styleUrl>
        <Point>
          <coordinates>16.134624,-19.236908,0</coordinates>
        </Point>
      </Placemark>
      <Placemark>
        <name>Olifantsbad Waterhole - Month 6</name>
        <description>Waterhole: Olifantsbad Waterhole, Month: 6, Time: 2010-06-19 13:20:00, Lon: 16.131839, Lat: -19.238611</description>
        <styleUrl>#month6_style</styleUrl>
        <Point>
          <coordinates>16.131839,-19.238611,0</coordinates>
        </Point>
      </Placemark>
      <Placemark>
        <name>Olifantsbad Waterhole - Month 6</name>
        <description>Waterhole: Olifantsbad Waterhole, Month: 6, Time: 2010-06-19 13:40:00, Lon: 16.131798, Lat: -19.238623</description>
        <styleUrl>#month6_style</styleUrl>
        <Point>
          <coordinates>16.131798,-19.238623,0</coordinates>
        </Point>
      </Placemark>
      <Placemark>
        <name>Olifantsbad Waterhole - Month 6</name>
        <description>Waterhole: Olifantsbad Waterhole, Month: 6, Time: 2010-06-19 14:00:00, Lon: 16.131657, Lat: -19.238664</description>
        <styleUrl>#month6_style</styleUrl>
        <Point>
          <coordinates>16.131657,-19.238664,0</coordinates>
        </Point>
      </Placemark>
      <Placemark>
        <name>Olifantsbad Waterhole - Month 6</name>
        <description>Waterhole: Olifantsbad Waterhole, Month: 6, Time: 2010-06-19 14:20:00, Lon: 16.134732, Lat: -19.239771</description>
        <styleUrl>#month6_style</styleUrl>
        <Point>
          <coordinates>16.134732,-19.239771,0</coordinates>
        </Point>
      </Placemark>
      <Placemark>
        <name>Olifantsbad Waterhole - Month 6</name>
        <description>Waterhole: Olifantsbad Waterhole, Month: 6, Time: 2010-06-19 14:40:00, Lon: 16.135481, Lat: -19.239020</description>
        <styleUrl>#month6_style</styleUrl>
        <Point>
          <coordinates>16.135481,-19.239020,0</coordinates>
        </Point>
      </Placemark>
      <Placemark>
        <name>Olifantsbad Waterhole - Month 6</name>
        <description>Waterhole: Olifantsbad Waterhole, Month: 6, Time: 2010-06-19 15:00:00, Lon: 16.137163, Lat: -19.238320</description>
        <styleUrl>#month6_style</styleUrl>
        <Point>
          <coordinates>16.137163,-19.238320,0</coordinates>
        </Point>
      </Placemark>
      <Placemark>
        <name>Olifantsbad Waterhole - Month 6</name>
        <description>Waterhole: Olifantsbad Waterhole, Month: 6, Time: 2010-06-19 15:21:00, Lon: 16.139801, Lat: -19.237148</description>
        <styleUrl>#month6_style</styleUrl>
        <Point>
          <coordinates>16.139801,-19.237148,0</coordinates>
        </Point>
      </Placemark>
      <Placemark>
        <name>Olifantsbad Waterhole - Month 6</name>
        <description>Waterhole: Olifantsbad Waterhole, Month: 6, Time: 2010-06-20 11:00:00, Lon: 16.134515, Lat: -19.236985</description>
        <styleUrl>#month6_style</styleUrl>
        <Point>
          <coordinates>16.134515,-19.236985,0</coordinates>
        </Point>
      </Placemark>
      <Placemark>
        <name>Olifantsbad Waterhole - Month 6</name>
        <description>Waterhole: Olifantsbad Waterhole, Month: 6, Time: 2010-06-20 11:20:00, Lon: 16.131578, Lat: -19.238727</description>
        <styleUrl>#month6_style</styleUrl>
        <Point>
          <coordinates>16.131578,-19.238727,0</coordinates>
        </Point>
      </Placemark>
      <Placemark>
        <name>Olifantsbad Waterhole - Month 6</name>
        <description>Waterhole: Olifantsbad Waterhole, Month: 6, Time: 2010-06-20 11:40:00, Lon: 16.131581, Lat: -19.238739</description>
        <styleUrl>#month6_style</styleUrl>
        <Point>
          <coordinates>16.131581,-19.238739,0</coordinates>
        </Point>
      </Placemark>
      <Placemark>
        <name>Olifantsbad Waterhole - Month 6</name>
        <description>Waterhole: Olifantsbad Waterhole, Month: 6, Time: 2010-06-20 12:00:00, Lon: 16.131740, Lat: -19.238639</description>
        <styleUrl>#month6_style</styleUrl>
        <Point>
          <coordinates>16.131740,-19.238639,0</coordinates>
        </Point>
      </Placemark>
      <Placemark>
        <name>Olifantsbad Waterhole - Month 6</name>
        <description>Waterhole: Olifantsbad Waterhole, Month: 6, Time: 2010-06-20 12:20:00, Lon: 16.132609, Lat: -19.236772</description>
        <styleUrl>#month6_style</styleUrl>
        <Point>
          <coordinates>16.132609,-19.236772,0</coordinates>
        </Point>
      </Placemark>
      <Placemark>
        <name>Olifantsbad Waterhole - Month 6</name>
        <description>Waterhole: Olifantsbad Waterhole, Month: 6, Time: 2010-06-20 12:40:00, Lon: 16.132718, Lat: -19.236641</description>
        <styleUrl>#month6_style</styleUrl>
        <Point>
          <coordinates>16.132718,-19.236641,0</coordinates>
        </Point>
      </Placemark>
      <Placemark>
        <name>Olifantsbad Waterhole - Month 6</name>
        <description>Waterhole: Olifantsbad Waterhole, Month: 6, Time: 2010-06-20 13:00:00, Lon: 16.132047, Lat: -19.237193</description>
        <styleUrl>#month6_style</styleUrl>
        <Point>
          <coordinates>16.132047,-19.237193,0</coordinates>
        </Point>
      </Placemark>
      <Placemark>
        <name>Olifantsbad Waterhole - Month 6</name>
        <description>Waterhole: Olifantsbad Waterhole, Month: 6, Time: 2010-06-20 13:20:00, Lon: 16.131861, Lat: -19.237832</description>
        <styleUrl>#month6_style</styleUrl>
        <Point>
          <coordinates>16.131861,-19.237832,0</coordinates>
        </Point>
      </Placemark>
      <Placemark>
        <name>Olifantsbad Waterhole - Month 6</name>
        <description>Waterhole: Olifantsbad Waterhole, Month: 6, Time: 2010-06-20 13:40:00, Lon: 16.131702, Lat: -19.238452</description>
        <styleUrl>#month6_style</styleUrl>
        <Point>
          <coordinates>16.131702,-19.238452,0</coordinates>
        </Point>
      </Placemark>
      <Placemark>
        <name>Olifantsbad Waterhole - Month 6</name>
        <description>Waterhole: Olifantsbad Waterhole, Month: 6, Time: 2010-06-20 14:00:00, Lon: 16.131618, Lat: -19.237610</description>
        <styleUrl>#month6_style</styleUrl>
        <Point>
          <coordinates>16.131618,-19.237610,0</coordinates>
        </Point>
      </Placemark>
      <Placemark>
        <name>Olifantsbad Waterhole - Month 6</name>
        <description>Waterhole: Olifantsbad Waterhole, Month: 6, Time: 2010-06-20 14:20:00, Lon: 16.131808, Lat: -19.236776</description>
        <styleUrl>#month6_style</styleUrl>
        <Point>
          <coordinates>16.131808,-19.236776,0</coordinates>
        </Point>
      </Placemark>
      <Placemark>
        <name>Olifantsbad Waterhole - Month 6</name>
        <description>Waterhole: Olifantsbad Waterhole, Month: 6, Time: 2010-06-20 14:40:00, Lon: 16.133980, Lat: -19.234080</description>
        <styleUrl>#month6_style</styleUrl>
        <Point>
          <coordinates>16.133980,-19.234080,0</coordinates>
        </Point>
      </Placemark>
      <Placemark>
        <name>Olifantsbad Waterhole - Month 6</name>
        <description>Waterhole: Olifantsbad Waterhole, Month: 6, Time: 2010-06-20 15:00:00, Lon: 16.135424, Lat: -19.232725</description>
        <styleUrl>#month6_style</styleUrl>
        <Point>
          <coordinates>16.135424,-19.232725,0</coordinates>
        </Point>
      </Placemark>
      <Placemark>
        <name>Olifantsbad Waterhole - Month 6</name>
        <description>Waterhole: Olifantsbad Waterhole, Month: 6, Time: 2010-06-20 15:20:00, Lon: 16.136014, Lat: -19.232483</description>
        <styleUrl>#month6_style</styleUrl>
        <Point>
          <coordinates>16.136014,-19.232483,0</coordinates>
        </Point>
      </Placemark>
      <Placemark>
        <name>Olifantsbad Waterhole - Month 6</name>
        <description>Waterhole: Olifantsbad Waterhole, Month: 6, Time: 2010-06-21 13:00:00, Lon: 16.135918, Lat: -19.235822</description>
        <styleUrl>#month6_style</styleUrl>
        <Point>
          <coordinates>16.135918,-19.235822,0</coordinates>
        </Point>
      </Placemark>
      <Placemark>
        <name>Olifantsbad Waterhole - Month 6</name>
        <description>Waterhole: Olifantsbad Waterhole, Month: 6, Time: 2010-06-21 13:20:00, Lon: 16.131717, Lat: -19.238466</description>
        <styleUrl>#month6_style</styleUrl>
        <Point>
          <coordinates>16.131717,-19.238466,0</coordinates>
        </Point>
      </Placemark>
      <Placemark>
        <name>Olifantsbad Waterhole - Month 6</name>
        <description>Waterhole: Olifantsbad Waterhole, Month: 6, Time: 2010-06-21 13:40:00, Lon: 16.131872, Lat: -19.238489</description>
        <styleUrl>#month6_style</styleUrl>
        <Point>
          <coordinates>16.131872,-19.238489,0</coordinates>
        </Point>
      </Placemark>
      <Placemark>
        <name>Olifantsbad Waterhole - Month 6</name>
        <description>Waterhole: Olifantsbad Waterhole, Month: 6, Time: 2010-06-21 14:00:00, Lon: 16.132009, Lat: -19.238487</description>
        <styleUrl>#month6_style</styleUrl>
        <Point>
          <coordinates>16.132009,-19.238487,0</coordinates>
        </Point>
      </Placemark>
      <Placemark>
        <name>Olifantsbad Waterhole - Month 6</name>
        <description>Waterhole: Olifantsbad Waterhole, Month: 6, Time: 2010-06-21 14:20:00, Lon: 16.133912, Lat: -19.239528</description>
        <styleUrl>#month6_style</styleUrl>
        <Point>
          <coordinates>16.133912,-19.239528,0</coordinates>
        </Point>
      </Placemark>
      <Placemark>
        <name>Olifantsbad Waterhole - Month 6</name>
        <description>Waterhole: Olifantsbad Waterhole, Month: 6, Time: 2010-06-21 14:40:00, Lon: 16.135110, Lat: -19.239563</description>
        <styleUrl>#month6_style</styleUrl>
        <Point>
          <coordinates>16.135110,-19.239563,0</coordinates>
        </Point>
      </Placemark>
      <Placemark>
        <name>Olifantsbad Waterhole - Month 6</name>
        <description>Waterhole: Olifantsbad Waterhole, Month: 6, Time: 2010-06-21 15:00:00, Lon: 16.136992, Lat: -19.241113</description>
        <styleUrl>#month6_style</styleUrl>
        <Point>
          <coordinates>16.136992,-19.241113,0</coordinates>
        </Point>
      </Placemark>
      <Placemark>
        <name>Olifantsbad Waterhole - Month 6</name>
        <description>Waterhole: Olifantsbad Waterhole, Month: 6, Time: 2010-06-21 15:20:00, Lon: 16.138894, Lat: -19.240997</description>
        <styleUrl>#month6_style</styleUrl>
        <Point>
          <coordinates>16.138894,-19.240997,0</coordinates>
        </Point>
      </Placemark>
      <Placemark>
        <name>Olifantsbad Waterhole - Month 6</name>
        <description>Waterhole: Olifantsbad Waterhole, Month: 6, Time: 2010-06-22 13:00:00, Lon: 16.137382, Lat: -19.240944</description>
        <styleUrl>#month6_style</styleUrl>
        <Point>
          <coordinates>16.137382,-19.240944,0</coordinates>
        </Point>
      </Placemark>
      <Placemark>
        <name>Olifantsbad Waterhole - Month 6</name>
        <description>Waterhole: Olifantsbad Waterhole, Month: 6, Time: 2010-06-22 13:20:00, Lon: 16.131694, Lat: -19.238641</description>
        <styleUrl>#month6_style</styleUrl>
        <Point>
          <coordinates>16.131694,-19.238641,0</coordinates>
        </Point>
      </Placemark>
      <Placemark>
        <name>Olifantsbad Waterhole - Month 6</name>
        <description>Waterhole: Olifantsbad Waterhole, Month: 6, Time: 2010-06-22 13:40:00, Lon: 16.131765, Lat: -19.238556</description>
        <styleUrl>#month6_style</styleUrl>
        <Point>
          <coordinates>16.131765,-19.238556,0</coordinates>
        </Point>
      </Placemark>
      <Placemark>
        <name>Olifantsbad Waterhole - Month 6</name>
        <description>Waterhole: Olifantsbad Waterhole, Month: 6, Time: 2010-06-22 14:00:00, Lon: 16.131946, Lat: -19.238574</description>
        <styleUrl>#month6_style</styleUrl>
        <Point>
          <coordinates>16.131946,-19.238574,0</coordinates>
        </Point>
      </Placemark>
      <Placemark>
        <name>Olifantsbad Waterhole - Month 6</name>
        <description>Waterhole: Olifantsbad Waterhole, Month: 6, Time: 2010-06-22 14:20:00, Lon: 16.131979, Lat: -19.238588</description>
        <styleUrl>#month6_style</styleUrl>
        <Point>
          <coordinates>16.131979,-19.238588,0</coordinates>
        </Point>
      </Placemark>
      <Placemark>
        <name>Olifantsbad Waterhole - Month 6</name>
        <description>Waterhole: Olifantsbad Waterhole, Month: 6, Time: 2010-06-22 14:40:00, Lon: 16.133008, Lat: -19.237840</description>
        <styleUrl>#month6_style</styleUrl>
        <Point>
          <coordinates>16.133008,-19.237840,0</coordinates>
        </Point>
      </Placemark>
      <Placemark>
        <name>Olifantsbad Waterhole - Month 6</name>
        <description>Waterhole: Olifantsbad Waterhole, Month: 6, Time: 2010-06-22 15:00:00, Lon: 16.133264, Lat: -19.237823</description>
        <styleUrl>#month6_style</styleUrl>
        <Point>
          <coordinates>16.133264,-19.237823,0</coordinates>
        </Point>
      </Placemark>
      <Placemark>
        <name>Olifantsbad Waterhole - Month 6</name>
        <description>Waterhole: Olifantsbad Waterhole, Month: 6, Time: 2010-06-22 15:20:00, Lon: 16.133264, Lat: -19.237903</description>
        <styleUrl>#month6_style</styleUrl>
        <Point>
          <coordinates>16.133264,-19.237903,0</coordinates>
        </Point>
      </Placemark>
      <Placemark>
        <name>Olifantsbad Waterhole - Month 6</name>
        <description>Waterhole: Olifantsbad Waterhole, Month: 6, Time: 2010-06-22 15:40:00, Lon: 16.133085, Lat: -19.238232</description>
        <styleUrl>#month6_style</styleUrl>
        <Point>
          <coordinates>16.133085,-19.238232,0</coordinates>
        </Point>
      </Placemark>
      <Placemark>
        <name>Olifantsbad Waterhole - Month 6</name>
        <description>Waterhole: Olifantsbad Waterhole, Month: 6, Time: 2010-06-22 16:00:00, Lon: 16.131694, Lat: -19.238625</description>
        <styleUrl>#month6_style</styleUrl>
        <Point>
          <coordinates>16.131694,-19.238625,0</coordinates>
        </Point>
      </Placemark>
      <Placemark>
        <name>Olifantsbad Waterhole - Month 6</name>
        <description>Waterhole: Olifantsbad Waterhole, Month: 6, Time: 2010-06-22 16:20:00, Lon: 16.135084, Lat: -19.237307</description>
        <styleUrl>#month6_style</styleUrl>
        <Point>
          <coordinates>16.135084,-19.237307,0</coordinates>
        </Point>
      </Placemark>
      <Placemark>
        <name>Olifantsbad Waterhole - Month 6</name>
        <description>Waterhole: Olifantsbad Waterhole, Month: 6, Time: 2010-06-22 16:40:00, Lon: 16.136813, Lat: -19.236631</description>
        <styleUrl>#month6_style</styleUrl>
        <Point>
          <coordinates>16.136813,-19.236631,0</coordinates>
        </Point>
      </Placemark>
      <Placemark>
        <name>Olifantsbad Waterhole - Month 6</name>
        <description>Waterhole: Olifantsbad Waterhole, Month: 6, Time: 2010-06-22 17:00:00, Lon: 16.137762, Lat: -19.236235</description>
        <styleUrl>#month6_style</styleUrl>
        <Point>
          <coordinates>16.137762,-19.236235,0</coordinates>
        </Point>
      </Placemark>
      <Placemark>
        <name>Olifantsbad Waterhole - Month 6</name>
        <description>Waterhole: Olifantsbad Waterhole, Month: 6, Time: 2010-06-22 17:20:00, Lon: 16.139527, Lat: -19.234951</description>
        <styleUrl>#month6_style</styleUrl>
        <Point>
          <coordinates>16.139527,-19.234951,0</coordinates>
        </Point>
      </Placemark>
      <Placemark>
        <name>Olifantsbad Waterhole - Month 6</name>
        <description>Waterhole: Olifantsbad Waterhole, Month: 6, Time: 2010-06-23 14:20:00, Lon: 16.136476, Lat: -19.234792</description>
        <styleUrl>#month6_style</styleUrl>
        <Point>
          <coordinates>16.136476,-19.234792,0</coordinates>
        </Point>
      </Placemark>
      <Placemark>
        <name>Olifantsbad Waterhole - Month 6</name>
        <description>Waterhole: Olifantsbad Waterhole, Month: 6, Time: 2010-06-23 14:40:00, Lon: 16.131724, Lat: -19.238544</description>
        <styleUrl>#month6_style</styleUrl>
        <Point>
          <coordinates>16.131724,-19.238544,0</coordinates>
        </Point>
      </Placemark>
      <Placemark>
        <name>Olifantsbad Waterhole - Month 6</name>
        <description>Waterhole: Olifantsbad Waterhole, Month: 6, Time: 2010-06-23 15:00:00, Lon: 16.131897, Lat: -19.238507</description>
        <styleUrl>#month6_style</styleUrl>
        <Point>
          <coordinates>16.131897,-19.238507,0</coordinates>
        </Point>
      </Placemark>
      <Placemark>
        <name>Olifantsbad Waterhole - Month 6</name>
        <description>Waterhole: Olifantsbad Waterhole, Month: 6, Time: 2010-06-23 15:20:00, Lon: 16.133233, Lat: -19.238883</description>
        <styleUrl>#month6_style</styleUrl>
        <Point>
          <coordinates>16.133233,-19.238883,0</coordinates>
        </Point>
      </Placemark>
      <Placemark>
        <name>Olifantsbad Waterhole - Month 6</name>
        <description>Waterhole: Olifantsbad Waterhole, Month: 6, Time: 2010-06-23 15:40:00, Lon: 16.135052, Lat: -19.239565</description>
        <styleUrl>#month6_style</styleUrl>
        <Point>
          <coordinates>16.135052,-19.239565,0</coordinates>
        </Point>
      </Placemark>
      <Placemark>
        <name>Olifantsbad Waterhole - Month 6</name>
        <description>Waterhole: Olifantsbad Waterhole, Month: 6, Time: 2010-06-23 16:00:00, Lon: 16.138164, Lat: -19.240908</description>
        <styleUrl>#month6_style</styleUrl>
        <Point>
          <coordinates>16.138164,-19.240908,0</coordinates>
        </Point>
      </Placemark>
      <Placemark>
        <name>Olifantsbad Waterhole - Month 6</name>
        <description>Waterhole: Olifantsbad Waterhole, Month: 6, Time: 2010-06-24 16:40:00, Lon: 16.138723, Lat: -19.237272</description>
        <styleUrl>#month6_style</styleUrl>
        <Point>
          <coordinates>16.138723,-19.237272,0</coordinates>
        </Point>
      </Placemark>
      <Placemark>
        <name>Olifantsbad Waterhole - Month 6</name>
        <description>Waterhole: Olifantsbad Waterhole, Month: 6, Time: 2010-06-24 17:00:00, Lon: 16.131658, Lat: -19.238700</description>
        <styleUrl>#month6_style</styleUrl>
        <Point>
          <coordinates>16.131658,-19.238700,0</coordinates>
        </Point>
      </Placemark>
      <Placemark>
        <name>Olifantsbad Waterhole - Month 6</name>
        <description>Waterhole: Olifantsbad Waterhole, Month: 6, Time: 2010-06-24 17:20:00, Lon: 16.132569, Lat: -19.238169</description>
        <styleUrl>#month6_style</styleUrl>
        <Point>
          <coordinates>16.132569,-19.238169,0</coordinates>
        </Point>
      </Placemark>
      <Placemark>
        <name>Olifantsbad Waterhole - Month 6</name>
        <description>Waterhole: Olifantsbad Waterhole, Month: 6, Time: 2010-06-24 17:40:00, Lon: 16.134778, Lat: -19.236552</description>
        <styleUrl>#month6_style</styleUrl>
        <Point>
          <coordinates>16.134778,-19.236552,0</coordinates>
        </Point>
      </Placemark>
      <Placemark>
        <name>Olifantsbad Waterhole - Month 6</name>
        <description>Waterhole: Olifantsbad Waterhole, Month: 6, Time: 2010-06-24 18:00:00, Lon: 16.136399, Lat: -19.235343</description>
        <styleUrl>#month6_style</styleUrl>
        <Point>
          <coordinates>16.136399,-19.235343,0</coordinates>
        </Point>
      </Placemark>
      <Placemark>
        <name>Olifantsbad Waterhole - Month 6</name>
        <description>Waterhole: Olifantsbad Waterhole, Month: 6, Time: 2010-06-24 18:20:00, Lon: 16.138583, Lat: -19.233799</description>
        <styleUrl>#month6_style</styleUrl>
        <Point>
          <coordinates>16.138583,-19.233799,0</coordinates>
        </Point>
      </Placemark>
      <Placemark>
        <name>Olifantsbad Waterhole - Month 6</name>
        <description>Waterhole: Olifantsbad Waterhole, Month: 6, Time: 2010-06-25 14:40:00, Lon: 16.135265, Lat: -19.231930</description>
        <styleUrl>#month6_style</styleUrl>
        <Point>
          <coordinates>16.135265,-19.231930,0</coordinates>
        </Point>
      </Placemark>
      <Placemark>
        <name>Olifantsbad Waterhole - Month 6</name>
        <description>Waterhole: Olifantsbad Waterhole, Month: 6, Time: 2010-06-25 15:00:00, Lon: 16.132227, Lat: -19.237301</description>
        <styleUrl>#month6_style</styleUrl>
        <Point>
          <coordinates>16.132227,-19.237301,0</coordinates>
        </Point>
      </Placemark>
      <Placemark>
        <name>Olifantsbad Waterhole - Month 6</name>
        <description>Waterhole: Olifantsbad Waterhole, Month: 6, Time: 2010-06-25 15:20:00, Lon: 16.131761, Lat: -19.238615</description>
        <styleUrl>#month6_style</styleUrl>
        <Point>
          <coordinates>16.131761,-19.238615,0</coordinates>
        </Point>
      </Placemark>
      <Placemark>
        <name>Olifantsbad Waterhole - Month 6</name>
        <description>Waterhole: Olifantsbad Waterhole, Month: 6, Time: 2010-06-25 15:40:00, Lon: 16.131868, Lat: -19.238656</description>
        <styleUrl>#month6_style</styleUrl>
        <Point>
          <coordinates>16.131868,-19.238656,0</coordinates>
        </Point>
      </Placemark>
      <Placemark>
        <name>Olifantsbad Waterhole - Month 6</name>
        <description>Waterhole: Olifantsbad Waterhole, Month: 6, Time: 2010-06-25 16:00:00, Lon: 16.131612, Lat: -19.237687</description>
        <styleUrl>#month6_style</styleUrl>
        <Point>
          <coordinates>16.131612,-19.237687,0</coordinates>
        </Point>
      </Placemark>
      <Placemark>
        <name>Olifantsbad Waterhole - Month 6</name>
        <description>Waterhole: Olifantsbad Waterhole, Month: 6, Time: 2010-06-25 16:20:00, Lon: 16.131118, Lat: -19.235286</description>
        <styleUrl>#month6_style</styleUrl>
        <Point>
          <coordinates>16.131118,-19.235286,0</coordinates>
        </Point>
      </Placemark>
      <Placemark>
        <name>Olifantsbad Waterhole - Month 6</name>
        <description>Waterhole: Olifantsbad Waterhole, Month: 6, Time: 2010-06-25 16:40:00, Lon: 16.132527, Lat: -19.230538</description>
        <styleUrl>#month6_style</styleUrl>
        <Point>
          <coordinates>16.132527,-19.230538,0</coordinates>
        </Point>
      </Placemark>
      <Placemark>
        <name>Olifantsbad Waterhole - Month 6</name>
        <description>Waterhole: Olifantsbad Waterhole, Month: 6, Time: 2010-06-26 10:20:00, Lon: 16.127929, Lat: -19.232792</description>
        <styleUrl>#month6_style</styleUrl>
        <Point>
          <coordinates>16.127929,-19.232792,0</coordinates>
        </Point>
      </Placemark>
      <Placemark>
        <name>Olifantsbad Waterhole - Month 6</name>
        <description>Waterhole: Olifantsbad Waterhole, Month: 6, Time: 2010-06-26 10:40:00, Lon: 16.129848, Lat: -19.235449</description>
        <styleUrl>#month6_style</styleUrl>
        <Point>
          <coordinates>16.129848,-19.235449,0</coordinates>
        </Point>
      </Placemark>
      <Placemark>
        <name>Olifantsbad Waterhole - Month 6</name>
        <description>Waterhole: Olifantsbad Waterhole, Month: 6, Time: 2010-06-26 11:00:00, Lon: 16.131752, Lat: -19.238595</description>
        <styleUrl>#month6_style</styleUrl>
        <Point>
          <coordinates>16.131752,-19.238595,0</coordinates>
        </Point>
      </Placemark>
      <Placemark>
        <name>Olifantsbad Waterhole - Month 6</name>
        <description>Waterhole: Olifantsbad Waterhole, Month: 6, Time: 2010-06-26 11:20:00, Lon: 16.131749, Lat: -19.238625</description>
        <styleUrl>#month6_style</styleUrl>
        <Point>
          <coordinates>16.131749,-19.238625,0</coordinates>
        </Point>
      </Placemark>
      <Placemark>
        <name>Olifantsbad Waterhole - Month 6</name>
        <description>Waterhole: Olifantsbad Waterhole, Month: 6, Time: 2010-06-26 11:40:00, Lon: 16.131718, Lat: -19.238615</description>
        <styleUrl>#month6_style</styleUrl>
        <Point>
          <coordinates>16.131718,-19.238615,0</coordinates>
        </Point>
      </Placemark>
      <Placemark>
        <name>Olifantsbad Waterhole - Month 6</name>
        <description>Waterhole: Olifantsbad Waterhole, Month: 6, Time: 2010-06-26 12:00:00, Lon: 16.132037, Lat: -19.238654</description>
        <styleUrl>#month6_style</styleUrl>
        <Point>
          <coordinates>16.132037,-19.238654,0</coordinates>
        </Point>
      </Placemark>
      <Placemark>
        <name>Olifantsbad Waterhole - Month 6</name>
        <description>Waterhole: Olifantsbad Waterhole, Month: 6, Time: 2010-06-26 12:20:00, Lon: 16.133786, Lat: -19.239880</description>
        <styleUrl>#month6_style</styleUrl>
        <Point>
          <coordinates>16.133786,-19.239880,0</coordinates>
        </Point>
      </Placemark>
      <Placemark>
        <name>Olifantsbad Waterhole - Month 6</name>
        <description>Waterhole: Olifantsbad Waterhole, Month: 6, Time: 2010-06-26 12:40:00, Lon: 16.134041, Lat: -19.240605</description>
        <styleUrl>#month6_style</styleUrl>
        <Point>
          <coordinates>16.134041,-19.240605,0</coordinates>
        </Point>
      </Placemark>
      <Placemark>
        <name>Olifantsbad Waterhole - Month 6</name>
        <description>Waterhole: Olifantsbad Waterhole, Month: 6, Time: 2010-06-26 13:00:00, Lon: 16.134505, Lat: -19.241044</description>
        <styleUrl>#month6_style</styleUrl>
        <Point>
          <coordinates>16.134505,-19.241044,0</coordinates>
        </Point>
      </Placemark>
      <Placemark>
        <name>Olifantsbad Waterhole - Month 6</name>
        <description>Waterhole: Olifantsbad Waterhole, Month: 6, Time: 2010-06-26 13:20:00, Lon: 16.134612, Lat: -19.241138</description>
        <styleUrl>#month6_style</styleUrl>
        <Point>
          <coordinates>16.134612,-19.241138,0</coordinates>
        </Point>
      </Placemark>
      <Placemark>
        <name>Olifantsbad Waterhole - Month 6</name>
        <description>Waterhole: Olifantsbad Waterhole, Month: 6, Time: 2010-06-26 13:40:00, Lon: 16.134602, Lat: -19.241323</description>
        <styleUrl>#month6_style</styleUrl>
        <Point>
          <coordinates>16.134602,-19.241323,0</coordinates>
        </Point>
      </Placemark>
      <Placemark>
        <name>Olifantsbad Waterhole - Month 6</name>
        <description>Waterhole: Olifantsbad Waterhole, Month: 6, Time: 2010-06-26 14:00:00, Lon: 16.134558, Lat: -19.241915</description>
        <styleUrl>#month6_style</styleUrl>
        <Point>
          <coordinates>16.134558,-19.241915,0</coordinates>
        </Point>
      </Placemark>
      <Placemark>
        <name>Olifantsbad Waterhole - Month 6</name>
        <description>Waterhole: Olifantsbad Waterhole, Month: 6, Time: 2010-06-26 14:20:00, Lon: 16.135022, Lat: -19.242763</description>
        <styleUrl>#month6_style</styleUrl>
        <Point>
          <coordinates>16.135022,-19.242763,0</coordinates>
        </Point>
      </Placemark>
      <Placemark>
        <name>Olifantsbad Waterhole - Month 6</name>
        <description>Waterhole: Olifantsbad Waterhole, Month: 6, Time: 2010-06-26 14:40:00, Lon: 16.136815, Lat: -19.243878</description>
        <styleUrl>#month6_style</styleUrl>
        <Point>
          <coordinates>16.136815,-19.243878,0</coordinates>
        </Point>
      </Placemark>
      <Placemark>
        <name>Olifantsbad Waterhole - Month 6</name>
        <description>Waterhole: Olifantsbad Waterhole, Month: 6, Time: 2010-06-27 15:00:00, Lon: 16.133514, Lat: -19.243087</description>
        <styleUrl>#month6_style</styleUrl>
        <Point>
          <coordinates>16.133514,-19.243087,0</coordinates>
        </Point>
      </Placemark>
      <Placemark>
        <name>Olifantsbad Waterhole - Month 6</name>
        <description>Waterhole: Olifantsbad Waterhole, Month: 6, Time: 2010-06-27 15:20:00, Lon: 16.131826, Lat: -19.238810</description>
        <styleUrl>#month6_style</styleUrl>
        <Point>
          <coordinates>16.131826,-19.238810,0</coordinates>
        </Point>
      </Placemark>
      <Placemark>
        <name>Olifantsbad Waterhole - Month 6</name>
        <description>Waterhole: Olifantsbad Waterhole, Month: 6, Time: 2010-06-27 15:40:00, Lon: 16.131882, Lat: -19.238387</description>
        <styleUrl>#month6_style</styleUrl>
        <Point>
          <coordinates>16.131882,-19.238387,0</coordinates>
        </Point>
      </Placemark>
      <Placemark>
        <name>Olifantsbad Waterhole - Month 6</name>
        <description>Waterhole: Olifantsbad Waterhole, Month: 6, Time: 2010-06-27 16:00:00, Lon: 16.134403, Lat: -19.236658</description>
        <styleUrl>#month6_style</styleUrl>
        <Point>
          <coordinates>16.134403,-19.236658,0</coordinates>
        </Point>
      </Placemark>
      <Placemark>
        <name>Olifantsbad Waterhole - Month 6</name>
        <description>Waterhole: Olifantsbad Waterhole, Month: 6, Time: 2010-06-27 16:20:00, Lon: 16.138598, Lat: -19.236798</description>
        <styleUrl>#month6_style</styleUrl>
        <Point>
          <coordinates>16.138598,-19.236798,0</coordinates>
        </Point>
      </Placemark>
      <Placemark>
        <name>Aus Fountain - Month 6</name>
        <description>Waterhole: Aus Fountain, Month: 6, Time: 2010-06-28 10:20:00, Lon: 16.188208, Lat: -19.207743</description>
        <styleUrl>#month6_style</styleUrl>
        <Point>
          <coordinates>16.188208,-19.207743,0</coordinates>
        </Point>
      </Placemark>
      <Placemark>
        <name>Aus Fountain - Month 6</name>
        <description>Waterhole: Aus Fountain, Month: 6, Time: 2010-06-28 10:40:00, Lon: 16.192465, Lat: -19.206480</description>
        <styleUrl>#month6_style</styleUrl>
        <Point>
          <coordinates>16.192465,-19.206480,0</coordinates>
        </Point>
      </Placemark>
      <Placemark>
        <name>Aus Fountain - Month 6</name>
        <description>Waterhole: Aus Fountain, Month: 6, Time: 2010-06-28 11:00:00, Lon: 16.194961, Lat: -19.204889</description>
        <styleUrl>#month6_style</styleUrl>
        <Point>
          <coordinates>16.194961,-19.204889,0</coordinates>
        </Point>
      </Placemark>
      <Placemark>
        <name>Aus Fountain - Month 6</name>
        <description>Waterhole: Aus Fountain, Month: 6, Time: 2010-06-28 11:20:00, Lon: 16.195138, Lat: -19.205168</description>
        <styleUrl>#month6_style</styleUrl>
        <Point>
          <coordinates>16.195138,-19.205168,0</coordinates>
        </Point>
      </Placemark>
      <Placemark>
        <name>Aus Fountain - Month 6</name>
        <description>Waterhole: Aus Fountain, Month: 6, Time: 2010-06-28 11:40:00, Lon: 16.194883, Lat: -19.205377</description>
        <styleUrl>#month6_style</styleUrl>
        <Point>
          <coordinates>16.194883,-19.205377,0</coordinates>
        </Point>
      </Placemark>
      <Placemark>
        <name>Aus Fountain - Month 6</name>
        <description>Waterhole: Aus Fountain, Month: 6, Time: 2010-06-28 12:00:00, Lon: 16.194194, Lat: -19.205436</description>
        <styleUrl>#month6_style</styleUrl>
        <Point>
          <coordinates>16.194194,-19.205436,0</coordinates>
        </Point>
      </Placemark>
      <Placemark>
        <name>Aus Fountain - Month 6</name>
        <description>Waterhole: Aus Fountain, Month: 6, Time: 2010-06-28 12:20:00, Lon: 16.193383, Lat: -19.205275</description>
        <styleUrl>#month6_style</styleUrl>
        <Point>
          <coordinates>16.193383,-19.205275,0</coordinates>
        </Point>
      </Placemark>
      <Placemark>
        <name>Aus Fountain - Month 6</name>
        <description>Waterhole: Aus Fountain, Month: 6, Time: 2010-06-28 12:40:00, Lon: 16.194686, Lat: -19.204734</description>
        <styleUrl>#month6_style</styleUrl>
        <Point>
          <coordinates>16.194686,-19.204734,0</coordinates>
        </Point>
      </Placemark>
      <Placemark>
        <name>Aus Fountain - Month 6</name>
        <description>Waterhole: Aus Fountain, Month: 6, Time: 2010-06-28 13:00:00, Lon: 16.194680, Lat: -19.204915</description>
        <styleUrl>#month6_style</styleUrl>
        <Point>
          <coordinates>16.194680,-19.204915,0</coordinates>
        </Point>
      </Placemark>
      <Placemark>
        <name>Aus Fountain - Month 6</name>
        <description>Waterhole: Aus Fountain, Month: 6, Time: 2010-06-28 13:20:00, Lon: 16.195363, Lat: -19.205058</description>
        <styleUrl>#month6_style</styleUrl>
        <Point>
          <coordinates>16.195363,-19.205058,0</coordinates>
        </Point>
      </Placemark>
      <Placemark>
        <name>Aus Fountain - Month 6</name>
        <description>Waterhole: Aus Fountain, Month: 6, Time: 2010-06-28 13:40:00, Lon: 16.195561, Lat: -19.205715</description>
        <styleUrl>#month6_style</styleUrl>
        <Point>
          <coordinates>16.195561,-19.205715,0</coordinates>
        </Point>
      </Placemark>
      <Placemark>
        <name>Aus Fountain - Month 6</name>
        <description>Waterhole: Aus Fountain, Month: 6, Time: 2010-06-28 14:00:00, Lon: 16.195392, Lat: -19.205837</description>
        <styleUrl>#month6_style</styleUrl>
        <Point>
          <coordinates>16.195392,-19.205837,0</coordinates>
        </Point>
      </Placemark>
      <Placemark>
        <name>Aus Fountain - Month 6</name>
        <description>Waterhole: Aus Fountain, Month: 6, Time: 2010-06-28 14:20:00, Lon: 16.195358, Lat: -19.206561</description>
        <styleUrl>#month6_style</styleUrl>
        <Point>
          <coordinates>16.195358,-19.206561,0</coordinates>
        </Point>
      </Placemark>
      <Placemark>
        <name>Aus Fountain - Month 6</name>
        <description>Waterhole: Aus Fountain, Month: 6, Time: 2010-06-28 14:40:00, Lon: 16.194265, Lat: -19.206173</description>
        <styleUrl>#month6_style</styleUrl>
        <Point>
          <coordinates>16.194265,-19.206173,0</coordinates>
        </Point>
      </Placemark>
      <Placemark>
        <name>Aus Fountain - Month 6</name>
        <description>Waterhole: Aus Fountain, Month: 6, Time: 2010-06-28 15:00:00, Lon: 16.192218, Lat: -19.207371</description>
        <styleUrl>#month6_style</styleUrl>
        <Point>
          <coordinates>16.192218,-19.207371,0</coordinates>
        </Point>
      </Placemark>
      <Placemark>
        <name>Aus Fountain - Month 6</name>
        <description>Waterhole: Aus Fountain, Month: 6, Time: 2010-06-28 15:20:00, Lon: 16.192151, Lat: -19.207947</description>
        <styleUrl>#month6_style</styleUrl>
        <Point>
          <coordinates>16.192151,-19.207947,0</coordinates>
        </Point>
      </Placemark>
      <Placemark>
        <name>Aus Fountain - Month 6</name>
        <description>Waterhole: Aus Fountain, Month: 6, Time: 2010-06-28 15:40:00, Lon: 16.191161, Lat: -19.210114</description>
        <styleUrl>#month6_style</styleUrl>
        <Point>
          <coordinates>16.191161,-19.210114,0</coordinates>
        </Point>
      </Placemark>
      <Placemark>
        <name>Aus Fountain - Month 6</name>
        <description>Waterhole: Aus Fountain, Month: 6, Time: 2010-06-28 16:00:00, Lon: 16.189431, Lat: -19.211788</description>
        <styleUrl>#month6_style</styleUrl>
        <Point>
          <coordinates>16.189431,-19.211788,0</coordinates>
        </Point>
      </Placemark>
      <Placemark>
        <name>Olifantsbad Waterhole - Month 6</name>
        <description>Waterhole: Olifantsbad Waterhole, Month: 6, Time: 2010-06-29 08:20:00, Lon: 16.134458, Lat: -19.238348</description>
        <styleUrl>#month6_style</styleUrl>
        <Point>
          <coordinates>16.134458,-19.238348,0</coordinates>
        </Point>
      </Placemark>
      <Placemark>
        <name>Olifantsbad Waterhole - Month 6</name>
        <description>Waterhole: Olifantsbad Waterhole, Month: 6, Time: 2010-06-29 08:40:00, Lon: 16.130266, Lat: -19.237522</description>
        <styleUrl>#month6_style</styleUrl>
        <Point>
          <coordinates>16.130266,-19.237522,0</coordinates>
        </Point>
      </Placemark>
      <Placemark>
        <name>Olifantsbad Waterhole - Month 6</name>
        <description>Waterhole: Olifantsbad Waterhole, Month: 6, Time: 2010-06-29 09:00:00, Lon: 16.126764, Lat: -19.235740</description>
        <styleUrl>#month6_style</styleUrl>
        <Point>
          <coordinates>16.126764,-19.235740,0</coordinates>
        </Point>
      </Placemark>
      <Placemark>
        <name>Olifantsbad Waterhole - Month 6</name>
        <description>Waterhole: Olifantsbad Waterhole, Month: 6, Time: 2010-06-29 14:40:00, Lon: 16.127881, Lat: -19.238892</description>
        <styleUrl>#month6_style</styleUrl>
        <Point>
          <coordinates>16.127881,-19.238892,0</coordinates>
        </Point>
      </Placemark>
      <Placemark>
        <name>Olifantsbad Waterhole - Month 6</name>
        <description>Waterhole: Olifantsbad Waterhole, Month: 6, Time: 2010-06-29 15:00:00, Lon: 16.131666, Lat: -19.238674</description>
        <styleUrl>#month6_style</styleUrl>
        <Point>
          <coordinates>16.131666,-19.238674,0</coordinates>
        </Point>
      </Placemark>
      <Placemark>
        <name>Olifantsbad Waterhole - Month 6</name>
        <description>Waterhole: Olifantsbad Waterhole, Month: 6, Time: 2010-06-29 15:20:00, Lon: 16.131066, Lat: -19.241630</description>
        <styleUrl>#month6_style</styleUrl>
        <Point>
          <coordinates>16.131066,-19.241630,0</coordinates>
        </Point>
      </Placemark>
      <Placemark>
        <name>Olifantsbad Waterhole - Month 6</name>
        <description>Waterhole: Olifantsbad Waterhole, Month: 6, Time: 2010-06-29 15:40:00, Lon: 16.128128, Lat: -19.244212</description>
        <styleUrl>#month6_style</styleUrl>
        <Point>
          <coordinates>16.128128,-19.244212,0</coordinates>
        </Point>
      </Placemark>
      <Placemark>
        <name>Gemsbokvlakte - Month 6</name>
        <description>Waterhole: Gemsbokvlakte, Month: 6, Time: 2010-06-30 17:00:00, Lon: 16.057278, Lat: -19.218329</description>
        <styleUrl>#month6_style</styleUrl>
        <Point>
          <coordinates>16.057278,-19.218329,0</coordinates>
        </Point>
      </Placemark>
      <Placemark>
        <name>Gemsbokvlakte - Month 6</name>
        <description>Waterhole: Gemsbokvlakte, Month: 6, Time: 2010-06-30 17:20:00, Lon: 16.058779, Lat: -19.213190</description>
        <styleUrl>#month6_style</styleUrl>
        <Point>
          <coordinates>16.058779,-19.213190,0</coordinates>
        </Point>
      </Placemark>
      <Placemark>
        <name>Gemsbokvlakte - Month 6</name>
        <description>Waterhole: Gemsbokvlakte, Month: 6, Time: 2010-06-30 17:40:00, Lon: 16.056889, Lat: -19.215306</description>
        <styleUrl>#month6_style</styleUrl>
        <Point>
          <coordinates>16.056889,-19.215306,0</coordinates>
        </Point>
      </Placemark>
      <Placemark>
        <name>Ombika - Month 7</name>
        <description>Waterhole: Ombika, Month: 7, Time: 2010-07-07 15:40:00, Lon: 15.941201, Lat: -19.313306</description>
        <styleUrl>#month7_style</styleUrl>
        <Point>
          <coordinates>15.941201,-19.313306,0</coordinates>
        </Point>
      </Placemark>
      <Placemark>
        <name>Ombika - Month 7</name>
        <description>Waterhole: Ombika, Month: 7, Time: 2010-07-07 16:00:00, Lon: 15.941006, Lat: -19.316341</description>
        <styleUrl>#month7_style</styleUrl>
        <Point>
          <coordinates>15.941006,-19.316341,0</coordinates>
        </Point>
      </Placemark>
      <Placemark>
        <name>Ombika - Month 7</name>
        <description>Waterhole: Ombika, Month: 7, Time: 2010-07-07 16:20:00, Lon: 15.938464, Lat: -19.315767</description>
        <styleUrl>#month7_style</styleUrl>
        <Point>
          <coordinates>15.938464,-19.315767,0</coordinates>
        </Point>
      </Placemark>
      <Placemark>
        <name>Ombika - Month 7</name>
        <description>Waterhole: Ombika, Month: 7, Time: 2010-07-07 16:40:00, Lon: 15.937936, Lat: -19.316227</description>
        <styleUrl>#month7_style</styleUrl>
        <Point>
          <coordinates>15.937936,-19.316227,0</coordinates>
        </Point>
      </Placemark>
      <Placemark>
        <name>Ombika - Month 7</name>
        <description>Waterhole: Ombika, Month: 7, Time: 2010-07-07 17:00:00, Lon: 15.936426, Lat: -19.315651</description>
        <styleUrl>#month7_style</styleUrl>
        <Point>
          <coordinates>15.936426,-19.315651,0</coordinates>
        </Point>
      </Placemark>
      <Placemark>
        <name>Ombika - Month 7</name>
        <description>Waterhole: Ombika, Month: 7, Time: 2010-07-07 17:20:00, Lon: 15.936588, Lat: -19.316294</description>
        <styleUrl>#month7_style</styleUrl>
        <Point>
          <coordinates>15.936588,-19.316294,0</coordinates>
        </Point>
      </Placemark>
      <Placemark>
        <name>Ombika - Month 7</name>
        <description>Waterhole: Ombika, Month: 7, Time: 2010-07-07 17:40:00, Lon: 15.937954, Lat: -19.315686</description>
        <styleUrl>#month7_style</styleUrl>
        <Point>
          <coordinates>15.937954,-19.315686,0</coordinates>
        </Point>
      </Placemark>
      <Placemark>
        <name>Ombika - Month 7</name>
        <description>Waterhole: Ombika, Month: 7, Time: 2010-07-07 18:00:00, Lon: 15.940981, Lat: -19.316270</description>
        <styleUrl>#month7_style</styleUrl>
        <Point>
          <coordinates>15.940981,-19.316270,0</coordinates>
        </Point>
      </Placemark>
      <Placemark>
        <name>Ombika - Month 7</name>
        <description>Waterhole: Ombika, Month: 7, Time: 2010-07-07 18:20:00, Lon: 15.941125, Lat: -19.316209</description>
        <styleUrl>#month7_style</styleUrl>
        <Point>
          <coordinates>15.941125,-19.316209,0</coordinates>
        </Point>
      </Placemark>
      <Placemark>
        <name>Ombika - Month 7</name>
        <description>Waterhole: Ombika, Month: 7, Time: 2010-07-07 18:40:00, Lon: 15.934828, Lat: -19.313352</description>
        <styleUrl>#month7_style</styleUrl>
        <Point>
          <coordinates>15.934828,-19.313352,0</coordinates>
        </Point>
      </Placemark>
      <Placemark>
        <name>Ombika - Month 7</name>
        <description>Waterhole: Ombika, Month: 7, Time: 2010-07-07 19:00:00, Lon: 15.934242, Lat: -19.312695</description>
        <styleUrl>#month7_style</styleUrl>
        <Point>
          <coordinates>15.934242,-19.312695,0</coordinates>
        </Point>
      </Placemark>
      <Placemark>
        <name>Ombika - Month 7</name>
        <description>Waterhole: Ombika, Month: 7, Time: 2010-07-07 19:20:00, Lon: 15.933066, Lat: -19.312004</description>
        <styleUrl>#month7_style</styleUrl>
        <Point>
          <coordinates>15.933066,-19.312004,0</coordinates>
        </Point>
      </Placemark>
      <Placemark>
        <name>Gemsbokvlakte - Month 7</name>
        <description>Waterhole: Gemsbokvlakte, Month: 7, Time: 2010-07-10 18:20:00, Lon: 16.053398, Lat: -19.211462</description>
        <styleUrl>#month7_style</styleUrl>
        <Point>
          <coordinates>16.053398,-19.211462,0</coordinates>
        </Point>
      </Placemark>
      <Placemark>
        <name>Gemsbokvlakte - Month 7</name>
        <description>Waterhole: Gemsbokvlakte, Month: 7, Time: 2010-07-10 18:40:00, Lon: 16.058655, Lat: -19.213204</description>
        <styleUrl>#month7_style</styleUrl>
        <Point>
          <coordinates>16.058655,-19.213204,0</coordinates>
        </Point>
      </Placemark>
      <Placemark>
        <name>Gemsbokvlakte - Month 7</name>
        <description>Waterhole: Gemsbokvlakte, Month: 7, Time: 2010-07-10 19:00:00, Lon: 16.063633, Lat: -19.209639</description>
        <styleUrl>#month7_style</styleUrl>
        <Point>
          <coordinates>16.063633,-19.209639,0</coordinates>
        </Point>
      </Placemark>
      <Placemark>
        <name>Gemsbokvlakte - Month 7</name>
        <description>Waterhole: Gemsbokvlakte, Month: 7, Time: 2010-07-10 19:20:00, Lon: 16.065878, Lat: -19.208614</description>
        <styleUrl>#month7_style</styleUrl>
        <Point>
          <coordinates>16.065878,-19.208614,0</coordinates>
        </Point>
      </Placemark>
      <Placemark>
        <name>Olifantsbad Waterhole - Month 7</name>
        <description>Waterhole: Olifantsbad Waterhole, Month: 7, Time: 2010-07-11 10:00:00, Lon: 16.129106, Lat: -19.234503</description>
        <styleUrl>#month7_style</styleUrl>
        <Point>
          <coordinates>16.129106,-19.234503,0</coordinates>
        </Point>
      </Placemark>
      <Placemark>
        <name>Olifantsbad Waterhole - Month 7</name>
        <description>Waterhole: Olifantsbad Waterhole, Month: 7, Time: 2010-07-11 10:20:00, Lon: 16.131655, Lat: -19.238717</description>
        <styleUrl>#month7_style</styleUrl>
        <Point>
          <coordinates>16.131655,-19.238717,0</coordinates>
        </Point>
      </Placemark>
      <Placemark>
        <name>Olifantsbad Waterhole - Month 7</name>
        <description>Waterhole: Olifantsbad Waterhole, Month: 7, Time: 2010-07-11 10:40:00, Lon: 16.130423, Lat: -19.237830</description>
        <styleUrl>#month7_style</styleUrl>
        <Point>
          <coordinates>16.130423,-19.237830,0</coordinates>
        </Point>
      </Placemark>
      <Placemark>
        <name>Olifantsbad Waterhole - Month 7</name>
        <description>Waterhole: Olifantsbad Waterhole, Month: 7, Time: 2010-07-11 11:00:00, Lon: 16.128936, Lat: -19.236306</description>
        <styleUrl>#month7_style</styleUrl>
        <Point>
          <coordinates>16.128936,-19.236306,0</coordinates>
        </Point>
      </Placemark>
      <Placemark>
        <name>Olifantsbad Waterhole - Month 7</name>
        <description>Waterhole: Olifantsbad Waterhole, Month: 7, Time: 2010-07-11 11:20:00, Lon: 16.128335, Lat: -19.235791</description>
        <styleUrl>#month7_style</styleUrl>
        <Point>
          <coordinates>16.128335,-19.235791,0</coordinates>
        </Point>
      </Placemark>
      <Placemark>
        <name>Olifantsbad Waterhole - Month 7</name>
        <description>Waterhole: Olifantsbad Waterhole, Month: 7, Time: 2010-07-11 11:40:00, Lon: 16.126976, Lat: -19.235130</description>
        <styleUrl>#month7_style</styleUrl>
        <Point>
          <coordinates>16.126976,-19.235130,0</coordinates>
        </Point>
      </Placemark>
      <Placemark>
        <name>Olifantsbad Waterhole - Month 7</name>
        <description>Waterhole: Olifantsbad Waterhole, Month: 7, Time: 2010-07-11 12:00:00, Lon: 16.125184, Lat: -19.234865</description>
        <styleUrl>#month7_style</styleUrl>
        <Point>
          <coordinates>16.125184,-19.234865,0</coordinates>
        </Point>
      </Placemark>
      <Placemark>
        <name>Gemsbokvlakte - Month 7</name>
        <description>Waterhole: Gemsbokvlakte, Month: 7, Time: 2010-07-12 16:40:00, Lon: 16.051301, Lat: -19.217440</description>
        <styleUrl>#month7_style</styleUrl>
        <Point>
          <coordinates>16.051301,-19.217440,0</coordinates>
        </Point>
      </Placemark>
      <Placemark>
        <name>Gemsbokvlakte - Month 7</name>
        <description>Waterhole: Gemsbokvlakte, Month: 7, Time: 2010-07-12 17:00:00, Lon: 16.057275, Lat: -19.214016</description>
        <styleUrl>#month7_style</styleUrl>
        <Point>
          <coordinates>16.057275,-19.214016,0</coordinates>
        </Point>
      </Placemark>
      <Placemark>
        <name>Gemsbokvlakte - Month 7</name>
        <description>Waterhole: Gemsbokvlakte, Month: 7, Time: 2010-07-12 17:20:00, Lon: 16.058432, Lat: -19.213702</description>
        <styleUrl>#month7_style</styleUrl>
        <Point>
          <coordinates>16.058432,-19.213702,0</coordinates>
        </Point>
      </Placemark>
      <Placemark>
        <name>Gemsbokvlakte - Month 7</name>
        <description>Waterhole: Gemsbokvlakte, Month: 7, Time: 2010-07-13 18:00:00, Lon: 16.056208, Lat: -19.215991</description>
        <styleUrl>#month7_style</styleUrl>
        <Point>
          <coordinates>16.056208,-19.215991,0</coordinates>
        </Point>
      </Placemark>
      <Placemark>
        <name>Gemsbokvlakte - Month 7</name>
        <description>Waterhole: Gemsbokvlakte, Month: 7, Time: 2010-07-13 18:20:00, Lon: 16.058805, Lat: -19.213218</description>
        <styleUrl>#month7_style</styleUrl>
        <Point>
          <coordinates>16.058805,-19.213218,0</coordinates>
        </Point>
      </Placemark>
      <Placemark>
        <name>Gemsbokvlakte - Month 7</name>
        <description>Waterhole: Gemsbokvlakte, Month: 7, Time: 2010-07-13 18:40:00, Lon: 16.058705, Lat: -19.213192</description>
        <styleUrl>#month7_style</styleUrl>
        <Point>
          <coordinates>16.058705,-19.213192,0</coordinates>
        </Point>
      </Placemark>
      <Placemark>
        <name>Gemsbokvlakte - Month 7</name>
        <description>Waterhole: Gemsbokvlakte, Month: 7, Time: 2010-07-13 19:00:00, Lon: 16.055201, Lat: -19.217143</description>
        <styleUrl>#month7_style</styleUrl>
        <Point>
          <coordinates>16.055201,-19.217143,0</coordinates>
        </Point>
      </Placemark>
      <Placemark>
        <name>Gemsbokvlakte - Month 7</name>
        <description>Waterhole: Gemsbokvlakte, Month: 7, Time: 2010-07-14 17:40:00, Lon: 16.054772, Lat: -19.217592</description>
        <styleUrl>#month7_style</styleUrl>
        <Point>
          <coordinates>16.054772,-19.217592,0</coordinates>
        </Point>
      </Placemark>
      <Placemark>
        <name>Gemsbokvlakte - Month 7</name>
        <description>Waterhole: Gemsbokvlakte, Month: 7, Time: 2010-07-14 18:00:00, Lon: 16.058826, Lat: -19.213497</description>
        <styleUrl>#month7_style</styleUrl>
        <Point>
          <coordinates>16.058826,-19.213497,0</coordinates>
        </Point>
      </Placemark>
      <Placemark>
        <name>Gemsbokvlakte - Month 7</name>
        <description>Waterhole: Gemsbokvlakte, Month: 7, Time: 2010-07-14 18:20:00, Lon: 16.058828, Lat: -19.213413</description>
        <styleUrl>#month7_style</styleUrl>
        <Point>
          <coordinates>16.058828,-19.213413,0</coordinates>
        </Point>
      </Placemark>
      <Placemark>
        <name>Gemsbokvlakte - Month 7</name>
        <description>Waterhole: Gemsbokvlakte, Month: 7, Time: 2010-07-14 18:40:00, Lon: 16.054190, Lat: -19.218223</description>
        <styleUrl>#month7_style</styleUrl>
        <Point>
          <coordinates>16.054190,-19.218223,0</coordinates>
        </Point>
      </Placemark>
      <Placemark>
        <name>Gemsbokvlakte - Month 7</name>
        <description>Waterhole: Gemsbokvlakte, Month: 7, Time: 2010-07-15 18:40:00, Lon: 16.055035, Lat: -19.217212</description>
        <styleUrl>#month7_style</styleUrl>
        <Point>
          <coordinates>16.055035,-19.217212,0</coordinates>
        </Point>
      </Placemark>
      <Placemark>
        <name>Gemsbokvlakte - Month 7</name>
        <description>Waterhole: Gemsbokvlakte, Month: 7, Time: 2010-07-15 19:00:00, Lon: 16.058791, Lat: -19.213212</description>
        <styleUrl>#month7_style</styleUrl>
        <Point>
          <coordinates>16.058791,-19.213212,0</coordinates>
        </Point>
      </Placemark>
      <Placemark>
        <name>Gemsbokvlakte - Month 7</name>
        <description>Waterhole: Gemsbokvlakte, Month: 7, Time: 2010-07-15 19:20:00, Lon: 16.058382, Lat: -19.213190</description>
        <styleUrl>#month7_style</styleUrl>
        <Point>
          <coordinates>16.058382,-19.213190,0</coordinates>
        </Point>
      </Placemark>
      <Placemark>
        <name>Gemsbokvlakte - Month 7</name>
        <description>Waterhole: Gemsbokvlakte, Month: 7, Time: 2010-07-15 19:40:00, Lon: 16.058799, Lat: -19.213495</description>
        <styleUrl>#month7_style</styleUrl>
        <Point>
          <coordinates>16.058799,-19.213495,0</coordinates>
        </Point>
      </Placemark>
      <Placemark>
        <name>Gemsbokvlakte - Month 7</name>
        <description>Waterhole: Gemsbokvlakte, Month: 7, Time: 2010-07-15 20:00:00, Lon: 16.056135, Lat: -19.215877</description>
        <styleUrl>#month7_style</styleUrl>
        <Point>
          <coordinates>16.056135,-19.215877,0</coordinates>
        </Point>
      </Placemark>
      <Placemark>
        <name>Gemsbokvlakte - Month 7</name>
        <description>Waterhole: Gemsbokvlakte, Month: 7, Time: 2010-07-16 19:40:00, Lon: 16.053023, Lat: -19.219668</description>
        <styleUrl>#month7_style</styleUrl>
        <Point>
          <coordinates>16.053023,-19.219668,0</coordinates>
        </Point>
      </Placemark>
      <Placemark>
        <name>Gemsbokvlakte - Month 7</name>
        <description>Waterhole: Gemsbokvlakte, Month: 7, Time: 2010-07-16 20:00:00, Lon: 16.058726, Lat: -19.213381</description>
        <styleUrl>#month7_style</styleUrl>
        <Point>
          <coordinates>16.058726,-19.213381,0</coordinates>
        </Point>
      </Placemark>
      <Placemark>
        <name>Gemsbokvlakte - Month 7</name>
        <description>Waterhole: Gemsbokvlakte, Month: 7, Time: 2010-07-16 20:20:00, Lon: 16.058430, Lat: -19.214008</description>
        <styleUrl>#month7_style</styleUrl>
        <Point>
          <coordinates>16.058430,-19.214008,0</coordinates>
        </Point>
      </Placemark>
      <Placemark>
        <name>Gemsbokvlakte - Month 7</name>
        <description>Waterhole: Gemsbokvlakte, Month: 7, Time: 2010-07-17 18:20:00, Lon: 16.054518, Lat: -19.214860</description>
        <styleUrl>#month7_style</styleUrl>
        <Point>
          <coordinates>16.054518,-19.214860,0</coordinates>
        </Point>
      </Placemark>
      <Placemark>
        <name>Gemsbokvlakte - Month 7</name>
        <description>Waterhole: Gemsbokvlakte, Month: 7, Time: 2010-07-17 18:40:00, Lon: 16.058670, Lat: -19.213230</description>
        <styleUrl>#month7_style</styleUrl>
        <Point>
          <coordinates>16.058670,-19.213230,0</coordinates>
        </Point>
      </Placemark>
      <Placemark>
        <name>Gemsbokvlakte - Month 7</name>
        <description>Waterhole: Gemsbokvlakte, Month: 7, Time: 2010-07-17 19:00:00, Lon: 16.055613, Lat: -19.216628</description>
        <styleUrl>#month7_style</styleUrl>
        <Point>
          <coordinates>16.055613,-19.216628,0</coordinates>
        </Point>
      </Placemark>
      <Placemark>
        <name>Gemsbokvlakte - Month 7</name>
        <description>Waterhole: Gemsbokvlakte, Month: 7, Time: 2010-07-18 18:00:00, Lon: 16.055385, Lat: -19.214543</description>
        <styleUrl>#month7_style</styleUrl>
        <Point>
          <coordinates>16.055385,-19.214543,0</coordinates>
        </Point>
      </Placemark>
      <Placemark>
        <name>Gemsbokvlakte - Month 7</name>
        <description>Waterhole: Gemsbokvlakte, Month: 7, Time: 2010-07-18 18:20:00, Lon: 16.058639, Lat: -19.213371</description>
        <styleUrl>#month7_style</styleUrl>
        <Point>
          <coordinates>16.058639,-19.213371,0</coordinates>
        </Point>
      </Placemark>
      <Placemark>
        <name>Gemsbokvlakte - Month 7</name>
        <description>Waterhole: Gemsbokvlakte, Month: 7, Time: 2010-07-18 18:40:00, Lon: 16.056624, Lat: -19.215615</description>
        <styleUrl>#month7_style</styleUrl>
        <Point>
          <coordinates>16.056624,-19.215615,0</coordinates>
        </Point>
      </Placemark>
      <Placemark>
        <name>Gemsbokvlakte - Month 7</name>
        <description>Waterhole: Gemsbokvlakte, Month: 7, Time: 2010-07-19 17:00:00, Lon: 16.057598, Lat: -19.214644</description>
        <styleUrl>#month7_style</styleUrl>
        <Point>
          <coordinates>16.057598,-19.214644,0</coordinates>
        </Point>
      </Placemark>
      <Placemark>
        <name>Gemsbokvlakte - Month 7</name>
        <description>Waterhole: Gemsbokvlakte, Month: 7, Time: 2010-07-19 17:20:00, Lon: 16.058885, Lat: -19.213416</description>
        <styleUrl>#month7_style</styleUrl>
        <Point>
          <coordinates>16.058885,-19.213416,0</coordinates>
        </Point>
      </Placemark>
      <Placemark>
        <name>Gemsbokvlakte - Month 7</name>
        <description>Waterhole: Gemsbokvlakte, Month: 7, Time: 2010-07-19 17:40:00, Lon: 16.058925, Lat: -19.213438</description>
        <styleUrl>#month7_style</styleUrl>
        <Point>
          <coordinates>16.058925,-19.213438,0</coordinates>
        </Point>
      </Placemark>
      <Placemark>
        <name>Gemsbokvlakte - Month 7</name>
        <description>Waterhole: Gemsbokvlakte, Month: 7, Time: 2010-07-19 18:00:00, Lon: 16.055597, Lat: -19.216642</description>
        <styleUrl>#month7_style</styleUrl>
        <Point>
          <coordinates>16.055597,-19.216642,0</coordinates>
        </Point>
      </Placemark>
      <Placemark>
        <name>Gemsbokvlakte - Month 7</name>
        <description>Waterhole: Gemsbokvlakte, Month: 7, Time: 2010-07-20 18:40:00, Lon: 16.057070, Lat: -19.213910</description>
        <styleUrl>#month7_style</styleUrl>
        <Point>
          <coordinates>16.057070,-19.213910,0</coordinates>
        </Point>
      </Placemark>
      <Placemark>
        <name>Gemsbokvlakte - Month 7</name>
        <description>Waterhole: Gemsbokvlakte, Month: 7, Time: 2010-07-20 19:00:00, Lon: 16.058679, Lat: -19.213169</description>
        <styleUrl>#month7_style</styleUrl>
        <Point>
          <coordinates>16.058679,-19.213169,0</coordinates>
        </Point>
      </Placemark>
      <Placemark>
        <name>Gemsbokvlakte - Month 7</name>
        <description>Waterhole: Gemsbokvlakte, Month: 7, Time: 2010-07-20 19:20:00, Lon: 16.057114, Lat: -19.215186</description>
        <styleUrl>#month7_style</styleUrl>
        <Point>
          <coordinates>16.057114,-19.215186,0</coordinates>
        </Point>
      </Placemark>
      <Placemark>
        <name>Gemsbokvlakte - Month 7</name>
        <description>Waterhole: Gemsbokvlakte, Month: 7, Time: 2010-07-27 20:20:00, Lon: 16.058847, Lat: -19.213428</description>
        <styleUrl>#month7_style</styleUrl>
        <Point>
          <coordinates>16.058847,-19.213428,0</coordinates>
        </Point>
      </Placemark>
      <Placemark>
        <name>Gemsbokvlakte - Month 7</name>
        <description>Waterhole: Gemsbokvlakte, Month: 7, Time: 2010-07-27 20:40:00, Lon: 16.058667, Lat: -19.213253</description>
        <styleUrl>#month7_style</styleUrl>
        <Point>
          <coordinates>16.058667,-19.213253,0</coordinates>
        </Point>
      </Placemark>
      <Placemark>
        <name>Gemsbokvlakte - Month 7</name>
        <description>Waterhole: Gemsbokvlakte, Month: 7, Time: 2010-07-27 21:00:00, Lon: 16.054505, Lat: -19.217967</description>
        <styleUrl>#month7_style</styleUrl>
        <Point>
          <coordinates>16.054505,-19.217967,0</coordinates>
        </Point>
      </Placemark>
      <Placemark>
        <name>Gemsbokvlakte - Month 7</name>
        <description>Waterhole: Gemsbokvlakte, Month: 7, Time: 2010-07-31 19:40:00, Lon: 16.056849, Lat: -19.215444</description>
        <styleUrl>#month7_style</styleUrl>
        <Point>
          <coordinates>16.056849,-19.215444,0</coordinates>
        </Point>
      </Placemark>
      <Placemark>
        <name>Gemsbokvlakte - Month 7</name>
        <description>Waterhole: Gemsbokvlakte, Month: 7, Time: 2010-07-31 20:00:00, Lon: 16.058789, Lat: -19.213536</description>
        <styleUrl>#month7_style</styleUrl>
        <Point>
          <coordinates>16.058789,-19.213536,0</coordinates>
        </Point>
      </Placemark>
      <Placemark>
        <name>Gemsbokvlakte - Month 7</name>
        <description>Waterhole: Gemsbokvlakte, Month: 7, Time: 2010-07-31 20:20:00, Lon: 16.057464, Lat: -19.215749</description>
        <styleUrl>#month7_style</styleUrl>
        <Point>
          <coordinates>16.057464,-19.215749,0</coordinates>
        </Point>
      </Placemark>
      <Placemark>
        <name>Gemsbokvlakte - Month 8</name>
        <description>Waterhole: Gemsbokvlakte, Month: 8, Time: 2010-08-04 20:00:00, Lon: 16.058835, Lat: -19.213454</description>
        <styleUrl>#month8_style</styleUrl>
        <Point>
          <coordinates>16.058835,-19.213454,0</coordinates>
        </Point>
      </Placemark>
      <Placemark>
        <name>Gemsbokvlakte - Month 8</name>
        <description>Waterhole: Gemsbokvlakte, Month: 8, Time: 2010-08-04 20:20:00, Lon: 16.058730, Lat: -19.213198</description>
        <styleUrl>#month8_style</styleUrl>
        <Point>
          <coordinates>16.058730,-19.213198,0</coordinates>
        </Point>
      </Placemark>
      <Placemark>
        <name>Gemsbokvlakte - Month 8</name>
        <description>Waterhole: Gemsbokvlakte, Month: 8, Time: 2010-08-04 20:40:00, Lon: 16.057050, Lat: -19.215240</description>
        <styleUrl>#month8_style</styleUrl>
        <Point>
          <coordinates>16.057050,-19.215240,0</coordinates>
        </Point>
      </Placemark>
      <Placemark>
        <name>Ombika - Month 8</name>
        <description>Waterhole: Ombika, Month: 8, Time: 2010-08-06 14:00:00, Lon: 15.943039, Lat: -19.310240</description>
        <styleUrl>#month8_style</styleUrl>
        <Point>
          <coordinates>15.943039,-19.310240,0</coordinates>
        </Point>
      </Placemark>
      <Placemark>
        <name>Ombika - Month 8</name>
        <description>Waterhole: Ombika, Month: 8, Time: 2010-08-06 14:20:00, Lon: 15.941166, Lat: -19.316193</description>
        <styleUrl>#month8_style</styleUrl>
        <Point>
          <coordinates>15.941166,-19.316193,0</coordinates>
        </Point>
      </Placemark>
      <Placemark>
        <name>Ombika - Month 8</name>
        <description>Waterhole: Ombika, Month: 8, Time: 2010-08-06 14:40:00, Lon: 15.941004, Lat: -19.316176</description>
        <styleUrl>#month8_style</styleUrl>
        <Point>
          <coordinates>15.941004,-19.316176,0</coordinates>
        </Point>
      </Placemark>
      <Placemark>
        <name>Ombika - Month 8</name>
        <description>Waterhole: Ombika, Month: 8, Time: 2010-08-06 15:00:00, Lon: 15.941333, Lat: -19.316268</description>
        <styleUrl>#month8_style</styleUrl>
        <Point>
          <coordinates>15.941333,-19.316268,0</coordinates>
        </Point>
      </Placemark>
      <Placemark>
        <name>Ombika - Month 8</name>
        <description>Waterhole: Ombika, Month: 8, Time: 2010-08-06 15:20:00, Lon: 15.940972, Lat: -19.316252</description>
        <styleUrl>#month8_style</styleUrl>
        <Point>
          <coordinates>15.940972,-19.316252,0</coordinates>
        </Point>
      </Placemark>
      <Placemark>
        <name>Ombika - Month 8</name>
        <description>Waterhole: Ombika, Month: 8, Time: 2010-08-06 15:40:00, Lon: 15.941113, Lat: -19.316217</description>
        <styleUrl>#month8_style</styleUrl>
        <Point>
          <coordinates>15.941113,-19.316217,0</coordinates>
        </Point>
      </Placemark>
      <Placemark>
        <name>Ombika - Month 8</name>
        <description>Waterhole: Ombika, Month: 8, Time: 2010-08-06 16:00:00, Lon: 15.940992, Lat: -19.316180</description>
        <styleUrl>#month8_style</styleUrl>
        <Point>
          <coordinates>15.940992,-19.316180,0</coordinates>
        </Point>
      </Placemark>
      <Placemark>
        <name>Ombika - Month 8</name>
        <description>Waterhole: Ombika, Month: 8, Time: 2010-08-06 16:20:00, Lon: 15.940997, Lat: -19.316280</description>
        <styleUrl>#month8_style</styleUrl>
        <Point>
          <coordinates>15.940997,-19.316280,0</coordinates>
        </Point>
      </Placemark>
      <Placemark>
        <name>Ombika - Month 8</name>
        <description>Waterhole: Ombika, Month: 8, Time: 2010-08-06 16:40:00, Lon: 15.941040, Lat: -19.316138</description>
        <styleUrl>#month8_style</styleUrl>
        <Point>
          <coordinates>15.941040,-19.316138,0</coordinates>
        </Point>
      </Placemark>
      <Placemark>
        <name>Ombika - Month 8</name>
        <description>Waterhole: Ombika, Month: 8, Time: 2010-08-06 17:00:00, Lon: 15.940970, Lat: -19.316276</description>
        <styleUrl>#month8_style</styleUrl>
        <Point>
          <coordinates>15.940970,-19.316276,0</coordinates>
        </Point>
      </Placemark>
      <Placemark>
        <name>Ombika - Month 8</name>
        <description>Waterhole: Ombika, Month: 8, Time: 2010-08-06 17:21:00, Lon: 15.942475, Lat: -19.315234</description>
        <styleUrl>#month8_style</styleUrl>
        <Point>
          <coordinates>15.942475,-19.315234,0</coordinates>
        </Point>
      </Placemark>
      <Placemark>
        <name>Ombika - Month 8</name>
        <description>Waterhole: Ombika, Month: 8, Time: 2010-08-06 17:40:00, Lon: 15.943159, Lat: -19.314315</description>
        <styleUrl>#month8_style</styleUrl>
        <Point>
          <coordinates>15.943159,-19.314315,0</coordinates>
        </Point>
      </Placemark>
      <Placemark>
        <name>Ombika - Month 8</name>
        <description>Waterhole: Ombika, Month: 8, Time: 2010-08-06 18:00:00, Lon: 15.943285, Lat: -19.314589</description>
        <styleUrl>#month8_style</styleUrl>
        <Point>
          <coordinates>15.943285,-19.314589,0</coordinates>
        </Point>
      </Placemark>
      <Placemark>
        <name>Ombika - Month 8</name>
        <description>Waterhole: Ombika, Month: 8, Time: 2010-08-06 18:20:00, Lon: 15.942152, Lat: -19.315029</description>
        <styleUrl>#month8_style</styleUrl>
        <Point>
          <coordinates>15.942152,-19.315029,0</coordinates>
        </Point>
      </Placemark>
      <Placemark>
        <name>Ombika - Month 8</name>
        <description>Waterhole: Ombika, Month: 8, Time: 2010-08-06 18:40:00, Lon: 15.941440, Lat: -19.315778</description>
        <styleUrl>#month8_style</styleUrl>
        <Point>
          <coordinates>15.941440,-19.315778,0</coordinates>
        </Point>
      </Placemark>
      <Placemark>
        <name>Ombika - Month 8</name>
        <description>Waterhole: Ombika, Month: 8, Time: 2010-08-06 19:00:00, Lon: 15.943523, Lat: -19.312113</description>
        <styleUrl>#month8_style</styleUrl>
        <Point>
          <coordinates>15.943523,-19.312113,0</coordinates>
        </Point>
      </Placemark>
      <Placemark>
        <name>Ombika - Month 8</name>
        <description>Waterhole: Ombika, Month: 8, Time: 2010-08-06 19:20:00, Lon: 15.944697, Lat: -19.309780</description>
        <styleUrl>#month8_style</styleUrl>
        <Point>
          <coordinates>15.944697,-19.309780,0</coordinates>
        </Point>
      </Placemark>
      <Placemark>
        <name>Ombika - Month 8</name>
        <description>Waterhole: Ombika, Month: 8, Time: 2010-08-06 19:40:00, Lon: 15.943819, Lat: -19.310209</description>
        <styleUrl>#month8_style</styleUrl>
        <Point>
          <coordinates>15.943819,-19.310209,0</coordinates>
        </Point>
      </Placemark>
      <Placemark>
        <name>Ombika - Month 8</name>
        <description>Waterhole: Ombika, Month: 8, Time: 2010-08-06 20:00:00, Lon: 15.944330, Lat: -19.308431</description>
        <styleUrl>#month8_style</styleUrl>
        <Point>
          <coordinates>15.944330,-19.308431,0</coordinates>
        </Point>
      </Placemark>
      <Placemark>
        <name>Gemsbokvlakte - Month 8</name>
        <description>Waterhole: Gemsbokvlakte, Month: 8, Time: 2010-08-18 17:40:00, Lon: 16.058151, Lat: -19.211796</description>
        <styleUrl>#month8_style</styleUrl>
        <Point>
          <coordinates>16.058151,-19.211796,0</coordinates>
        </Point>
      </Placemark>
      <Placemark>
        <name>Gemsbokvlakte - Month 8</name>
        <description>Waterhole: Gemsbokvlakte, Month: 8, Time: 2010-08-18 18:00:00, Lon: 16.061076, Lat: -19.211668</description>
        <styleUrl>#month8_style</styleUrl>
        <Point>
          <coordinates>16.061076,-19.211668,0</coordinates>
        </Point>
      </Placemark>
      <Placemark>
        <name>Gemsbokvlakte - Month 8</name>
        <description>Waterhole: Gemsbokvlakte, Month: 8, Time: 2010-08-18 18:20:00, Lon: 16.064126, Lat: -19.206340</description>
        <styleUrl>#month8_style</styleUrl>
        <Point>
          <coordinates>16.064126,-19.206340,0</coordinates>
        </Point>
      </Placemark>
      <Placemark>
        <name>Gemsbokvlakte - Month 8</name>
        <description>Waterhole: Gemsbokvlakte, Month: 8, Time: 2010-08-19 17:20:00, Lon: 16.063601, Lat: -19.207690</description>
        <styleUrl>#month8_style</styleUrl>
        <Point>
          <coordinates>16.063601,-19.207690,0</coordinates>
        </Point>
      </Placemark>
      <Placemark>
        <name>Gemsbokvlakte - Month 8</name>
        <description>Waterhole: Gemsbokvlakte, Month: 8, Time: 2010-08-19 17:40:00, Lon: 16.058816, Lat: -19.213393</description>
        <styleUrl>#month8_style</styleUrl>
        <Point>
          <coordinates>16.058816,-19.213393,0</coordinates>
        </Point>
      </Placemark>
      <Placemark>
        <name>Gemsbokvlakte - Month 8</name>
        <description>Waterhole: Gemsbokvlakte, Month: 8, Time: 2010-08-19 18:00:00, Lon: 16.058761, Lat: -19.213458</description>
        <styleUrl>#month8_style</styleUrl>
        <Point>
          <coordinates>16.058761,-19.213458,0</coordinates>
        </Point>
      </Placemark>
      <Placemark>
        <name>Gemsbokvlakte - Month 8</name>
        <description>Waterhole: Gemsbokvlakte, Month: 8, Time: 2010-08-19 18:20:00, Lon: 16.059414, Lat: -19.212712</description>
        <styleUrl>#month8_style</styleUrl>
        <Point>
          <coordinates>16.059414,-19.212712,0</coordinates>
        </Point>
      </Placemark>
      <Placemark>
        <name>Gemsbokvlakte - Month 8</name>
        <description>Waterhole: Gemsbokvlakte, Month: 8, Time: 2010-08-19 18:40:00, Lon: 16.063230, Lat: -19.208714</description>
        <styleUrl>#month8_style</styleUrl>
        <Point>
          <coordinates>16.063230,-19.208714,0</coordinates>
        </Point>
      </Placemark>
      <Placemark>
        <name>Gemsbokvlakte - Month 8</name>
        <description>Waterhole: Gemsbokvlakte, Month: 8, Time: 2010-08-19 19:00:00, Lon: 16.065291, Lat: -19.206911</description>
        <styleUrl>#month8_style</styleUrl>
        <Point>
          <coordinates>16.065291,-19.206911,0</coordinates>
        </Point>
      </Placemark>
      <Placemark>
        <name>Gemsbokvlakte - Month 8</name>
        <description>Waterhole: Gemsbokvlakte, Month: 8, Time: 2010-08-20 22:00:00, Lon: 16.061728, Lat: -19.207454</description>
        <styleUrl>#month8_style</styleUrl>
        <Point>
          <coordinates>16.061728,-19.207454,0</coordinates>
        </Point>
      </Placemark>
      <Placemark>
        <name>Gemsbokvlakte - Month 8</name>
        <description>Waterhole: Gemsbokvlakte, Month: 8, Time: 2010-08-20 22:20:00, Lon: 16.058757, Lat: -19.213204</description>
        <styleUrl>#month8_style</styleUrl>
        <Point>
          <coordinates>16.058757,-19.213204,0</coordinates>
        </Point>
      </Placemark>
      <Placemark>
        <name>Gemsbokvlakte - Month 8</name>
        <description>Waterhole: Gemsbokvlakte, Month: 8, Time: 2010-08-20 22:40:00, Lon: 16.060898, Lat: -19.211155</description>
        <styleUrl>#month8_style</styleUrl>
        <Point>
          <coordinates>16.060898,-19.211155,0</coordinates>
        </Point>
      </Placemark>
      <Placemark>
        <name>Gemsbokvlakte - Month 8</name>
        <description>Waterhole: Gemsbokvlakte, Month: 8, Time: 2010-08-21 18:20:00, Lon: 16.067140, Lat: -19.208781</description>
        <styleUrl>#month8_style</styleUrl>
        <Point>
          <coordinates>16.067140,-19.208781,0</coordinates>
        </Point>
      </Placemark>
      <Placemark>
        <name>Gemsbokvlakte - Month 8</name>
        <description>Waterhole: Gemsbokvlakte, Month: 8, Time: 2010-08-21 18:40:00, Lon: 16.061827, Lat: -19.211654</description>
        <styleUrl>#month8_style</styleUrl>
        <Point>
          <coordinates>16.061827,-19.211654,0</coordinates>
        </Point>
      </Placemark>
      <Placemark>
        <name>Gemsbokvlakte - Month 8</name>
        <description>Waterhole: Gemsbokvlakte, Month: 8, Time: 2010-08-21 19:00:00, Lon: 16.059191, Lat: -19.213157</description>
        <styleUrl>#month8_style</styleUrl>
        <Point>
          <coordinates>16.059191,-19.213157,0</coordinates>
        </Point>
      </Placemark>
      <Placemark>
        <name>Gemsbokvlakte - Month 8</name>
        <description>Waterhole: Gemsbokvlakte, Month: 8, Time: 2010-08-21 19:20:00, Lon: 16.058893, Lat: -19.213196</description>
        <styleUrl>#month8_style</styleUrl>
        <Point>
          <coordinates>16.058893,-19.213196,0</coordinates>
        </Point>
      </Placemark>
      <Placemark>
        <name>Gemsbokvlakte - Month 8</name>
        <description>Waterhole: Gemsbokvlakte, Month: 8, Time: 2010-08-21 19:40:00, Lon: 16.062467, Lat: -19.208244</description>
        <styleUrl>#month8_style</styleUrl>
        <Point>
          <coordinates>16.062467,-19.208244,0</coordinates>
        </Point>
      </Placemark>
      <Placemark>
        <name>Gemsbokvlakte - Month 8</name>
        <description>Waterhole: Gemsbokvlakte, Month: 8, Time: 2010-08-22 16:00:00, Lon: 16.067955, Lat: -19.210160</description>
        <styleUrl>#month8_style</styleUrl>
        <Point>
          <coordinates>16.067955,-19.210160,0</coordinates>
        </Point>
      </Placemark>
      <Placemark>
        <name>Gemsbokvlakte - Month 8</name>
        <description>Waterhole: Gemsbokvlakte, Month: 8, Time: 2010-08-22 16:20:00, Lon: 16.058659, Lat: -19.213234</description>
        <styleUrl>#month8_style</styleUrl>
        <Point>
          <coordinates>16.058659,-19.213234,0</coordinates>
        </Point>
      </Placemark>
      <Placemark>
        <name>Gemsbokvlakte - Month 8</name>
        <description>Waterhole: Gemsbokvlakte, Month: 8, Time: 2010-08-22 16:40:00, Lon: 16.059009, Lat: -19.213112</description>
        <styleUrl>#month8_style</styleUrl>
        <Point>
          <coordinates>16.059009,-19.213112,0</coordinates>
        </Point>
      </Placemark>
      <Placemark>
        <name>Gemsbokvlakte - Month 8</name>
        <description>Waterhole: Gemsbokvlakte, Month: 8, Time: 2010-08-22 17:00:00, Lon: 16.059260, Lat: -19.213045</description>
        <styleUrl>#month8_style</styleUrl>
        <Point>
          <coordinates>16.059260,-19.213045,0</coordinates>
        </Point>
      </Placemark>
      <Placemark>
        <name>Gemsbokvlakte - Month 8</name>
        <description>Waterhole: Gemsbokvlakte, Month: 8, Time: 2010-08-22 17:20:00, Lon: 16.061408, Lat: -19.214357</description>
        <styleUrl>#month8_style</styleUrl>
        <Point>
          <coordinates>16.061408,-19.214357,0</coordinates>
        </Point>
      </Placemark>
      <Placemark>
        <name>Gemsbokvlakte - Month 8</name>
        <description>Waterhole: Gemsbokvlakte, Month: 8, Time: 2010-08-22 17:40:00, Lon: 16.066403, Lat: -19.216048</description>
        <styleUrl>#month8_style</styleUrl>
        <Point>
          <coordinates>16.066403,-19.216048,0</coordinates>
        </Point>
      </Placemark>
      <Placemark>
        <name>Olifantsbad Waterhole - Month 8</name>
        <description>Waterhole: Olifantsbad Waterhole, Month: 8, Time: 2010-08-23 06:20:00, Lon: 16.126953, Lat: -19.230988</description>
        <styleUrl>#month8_style</styleUrl>
        <Point>
          <coordinates>16.126953,-19.230988,0</coordinates>
        </Point>
      </Placemark>
      <Placemark>
        <name>Olifantsbad Waterhole - Month 8</name>
        <description>Waterhole: Olifantsbad Waterhole, Month: 8, Time: 2010-08-23 06:40:00, Lon: 16.131683, Lat: -19.238483</description>
        <styleUrl>#month8_style</styleUrl>
        <Point>
          <coordinates>16.131683,-19.238483,0</coordinates>
        </Point>
      </Placemark>
      <Placemark>
        <name>Olifantsbad Waterhole - Month 8</name>
        <description>Waterhole: Olifantsbad Waterhole, Month: 8, Time: 2010-08-23 07:00:00, Lon: 16.130517, Lat: -19.236721</description>
        <styleUrl>#month8_style</styleUrl>
        <Point>
          <coordinates>16.130517,-19.236721,0</coordinates>
        </Point>
      </Placemark>
      <Placemark>
        <name>Olifantsbad Waterhole - Month 8</name>
        <description>Waterhole: Olifantsbad Waterhole, Month: 8, Time: 2010-08-23 07:20:00, Lon: 16.126056, Lat: -19.235138</description>
        <styleUrl>#month8_style</styleUrl>
        <Point>
          <coordinates>16.126056,-19.235138,0</coordinates>
        </Point>
      </Placemark>
      <Placemark>
        <name>Olifantsbad Waterhole - Month 8</name>
        <description>Waterhole: Olifantsbad Waterhole, Month: 8, Time: 2010-08-23 07:40:00, Lon: 16.124435, Lat: -19.234888</description>
        <styleUrl>#month8_style</styleUrl>
        <Point>
          <coordinates>16.124435,-19.234888,0</coordinates>
        </Point>
      </Placemark>
      <Placemark>
        <name>Olifantsbad Waterhole - Month 8</name>
        <description>Waterhole: Olifantsbad Waterhole, Month: 8, Time: 2010-08-23 08:00:00, Lon: 16.123278, Lat: -19.234727</description>
        <styleUrl>#month8_style</styleUrl>
        <Point>
          <coordinates>16.123278,-19.234727,0</coordinates>
        </Point>
      </Placemark>
      <Placemark>
        <name>Olifantsbad Waterhole - Month 8</name>
        <description>Waterhole: Olifantsbad Waterhole, Month: 8, Time: 2010-08-23 10:00:00, Lon: 16.125529, Lat: -19.234424</description>
        <styleUrl>#month8_style</styleUrl>
        <Point>
          <coordinates>16.125529,-19.234424,0</coordinates>
        </Point>
      </Placemark>
      <Placemark>
        <name>Olifantsbad Waterhole - Month 8</name>
        <description>Waterhole: Olifantsbad Waterhole, Month: 8, Time: 2010-08-23 10:20:00, Lon: 16.127888, Lat: -19.236021</description>
        <styleUrl>#month8_style</styleUrl>
        <Point>
          <coordinates>16.127888,-19.236021,0</coordinates>
        </Point>
      </Placemark>
      <Placemark>
        <name>Olifantsbad Waterhole - Month 8</name>
        <description>Waterhole: Olifantsbad Waterhole, Month: 8, Time: 2010-08-23 10:40:00, Lon: 16.131733, Lat: -19.238590</description>
        <styleUrl>#month8_style</styleUrl>
        <Point>
          <coordinates>16.131733,-19.238590,0</coordinates>
        </Point>
      </Placemark>
      <Placemark>
        <name>Olifantsbad Waterhole - Month 8</name>
        <description>Waterhole: Olifantsbad Waterhole, Month: 8, Time: 2010-08-23 11:00:00, Lon: 16.131586, Lat: -19.236399</description>
        <styleUrl>#month8_style</styleUrl>
        <Point>
          <coordinates>16.131586,-19.236399,0</coordinates>
        </Point>
      </Placemark>
      <Placemark>
        <name>Olifantsbad Waterhole - Month 8</name>
        <description>Waterhole: Olifantsbad Waterhole, Month: 8, Time: 2010-08-23 11:20:00, Lon: 16.131122, Lat: -19.235421</description>
        <styleUrl>#month8_style</styleUrl>
        <Point>
          <coordinates>16.131122,-19.235421,0</coordinates>
        </Point>
      </Placemark>
      <Placemark>
        <name>Olifantsbad Waterhole - Month 8</name>
        <description>Waterhole: Olifantsbad Waterhole, Month: 8, Time: 2010-08-23 11:40:00, Lon: 16.131124, Lat: -19.235429</description>
        <styleUrl>#month8_style</styleUrl>
        <Point>
          <coordinates>16.131124,-19.235429,0</coordinates>
        </Point>
      </Placemark>
      <Placemark>
        <name>Olifantsbad Waterhole - Month 8</name>
        <description>Waterhole: Olifantsbad Waterhole, Month: 8, Time: 2010-08-23 12:00:00, Lon: 16.131234, Lat: -19.235510</description>
        <styleUrl>#month8_style</styleUrl>
        <Point>
          <coordinates>16.131234,-19.235510,0</coordinates>
        </Point>
      </Placemark>
      <Placemark>
        <name>Olifantsbad Waterhole - Month 8</name>
        <description>Waterhole: Olifantsbad Waterhole, Month: 8, Time: 2010-08-23 12:20:00, Lon: 16.130813, Lat: -19.236186</description>
        <styleUrl>#month8_style</styleUrl>
        <Point>
          <coordinates>16.130813,-19.236186,0</coordinates>
        </Point>
      </Placemark>
      <Placemark>
        <name>Olifantsbad Waterhole - Month 8</name>
        <description>Waterhole: Olifantsbad Waterhole, Month: 8, Time: 2010-08-23 12:40:00, Lon: 16.131572, Lat: -19.238719</description>
        <styleUrl>#month8_style</styleUrl>
        <Point>
          <coordinates>16.131572,-19.238719,0</coordinates>
        </Point>
      </Placemark>
      <Placemark>
        <name>Olifantsbad Waterhole - Month 8</name>
        <description>Waterhole: Olifantsbad Waterhole, Month: 8, Time: 2010-08-23 13:00:00, Lon: 16.131649, Lat: -19.238719</description>
        <styleUrl>#month8_style</styleUrl>
        <Point>
          <coordinates>16.131649,-19.238719,0</coordinates>
        </Point>
      </Placemark>
      <Placemark>
        <name>Olifantsbad Waterhole - Month 8</name>
        <description>Waterhole: Olifantsbad Waterhole, Month: 8, Time: 2010-08-23 13:20:00, Lon: 16.130573, Lat: -19.235919</description>
        <styleUrl>#month8_style</styleUrl>
        <Point>
          <coordinates>16.130573,-19.235919,0</coordinates>
        </Point>
      </Placemark>
      <Placemark>
        <name>Olifantsbad Waterhole - Month 8</name>
        <description>Waterhole: Olifantsbad Waterhole, Month: 8, Time: 2010-08-23 13:40:00, Lon: 16.130348, Lat: -19.234855</description>
        <styleUrl>#month8_style</styleUrl>
        <Point>
          <coordinates>16.130348,-19.234855,0</coordinates>
        </Point>
      </Placemark>
      <Placemark>
        <name>Olifantsbad Waterhole - Month 8</name>
        <description>Waterhole: Olifantsbad Waterhole, Month: 8, Time: 2010-08-23 14:00:00, Lon: 16.130048, Lat: -19.234336</description>
        <styleUrl>#month8_style</styleUrl>
        <Point>
          <coordinates>16.130048,-19.234336,0</coordinates>
        </Point>
      </Placemark>
      <Placemark>
        <name>Olifantsbad Waterhole - Month 8</name>
        <description>Waterhole: Olifantsbad Waterhole, Month: 8, Time: 2010-08-23 14:20:00, Lon: 16.128925, Lat: -19.233437</description>
        <styleUrl>#month8_style</styleUrl>
        <Point>
          <coordinates>16.128925,-19.233437,0</coordinates>
        </Point>
      </Placemark>
      <Placemark>
        <name>Olifantsbad Waterhole - Month 8</name>
        <description>Waterhole: Olifantsbad Waterhole, Month: 8, Time: 2010-08-23 14:40:00, Lon: 16.127832, Lat: -19.232959</description>
        <styleUrl>#month8_style</styleUrl>
        <Point>
          <coordinates>16.127832,-19.232959,0</coordinates>
        </Point>
      </Placemark>
      <Placemark>
        <name>Olifantsbad Waterhole - Month 8</name>
        <description>Waterhole: Olifantsbad Waterhole, Month: 8, Time: 2010-08-23 15:00:00, Lon: 16.127339, Lat: -19.233384</description>
        <styleUrl>#month8_style</styleUrl>
        <Point>
          <coordinates>16.127339,-19.233384,0</coordinates>
        </Point>
      </Placemark>
      <Placemark>
        <name>Olifantsbad Waterhole - Month 8</name>
        <description>Waterhole: Olifantsbad Waterhole, Month: 8, Time: 2010-08-23 15:20:00, Lon: 16.126805, Lat: -19.233518</description>
        <styleUrl>#month8_style</styleUrl>
        <Point>
          <coordinates>16.126805,-19.233518,0</coordinates>
        </Point>
      </Placemark>
      <Placemark>
        <name>Olifantsbad Waterhole - Month 8</name>
        <description>Waterhole: Olifantsbad Waterhole, Month: 8, Time: 2010-08-23 15:40:00, Lon: 16.126162, Lat: -19.233431</description>
        <styleUrl>#month8_style</styleUrl>
        <Point>
          <coordinates>16.126162,-19.233431,0</coordinates>
        </Point>
      </Placemark>
      <Placemark>
        <name>Gemsbokvlakte - Month 8</name>
        <description>Waterhole: Gemsbokvlakte, Month: 8, Time: 2010-08-24 17:00:00, Lon: 16.065735, Lat: -19.213865</description>
        <styleUrl>#month8_style</styleUrl>
        <Point>
          <coordinates>16.065735,-19.213865,0</coordinates>
        </Point>
      </Placemark>
      <Placemark>
        <name>Gemsbokvlakte - Month 8</name>
        <description>Waterhole: Gemsbokvlakte, Month: 8, Time: 2010-08-24 17:20:00, Lon: 16.058739, Lat: -19.213550</description>
        <styleUrl>#month8_style</styleUrl>
        <Point>
          <coordinates>16.058739,-19.213550,0</coordinates>
        </Point>
      </Placemark>
      <Placemark>
        <name>Gemsbokvlakte - Month 8</name>
        <description>Waterhole: Gemsbokvlakte, Month: 8, Time: 2010-08-24 17:40:00, Lon: 16.058738, Lat: -19.213558</description>
        <styleUrl>#month8_style</styleUrl>
        <Point>
          <coordinates>16.058738,-19.213558,0</coordinates>
        </Point>
      </Placemark>
      <Placemark>
        <name>Gemsbokvlakte - Month 8</name>
        <description>Waterhole: Gemsbokvlakte, Month: 8, Time: 2010-08-24 18:00:00, Lon: 16.055516, Lat: -19.212465</description>
        <styleUrl>#month8_style</styleUrl>
        <Point>
          <coordinates>16.055516,-19.212465,0</coordinates>
        </Point>
      </Placemark>
      <Placemark>
        <name>Gemsbokvlakte - Month 8</name>
        <description>Waterhole: Gemsbokvlakte, Month: 8, Time: 2010-08-24 18:20:00, Lon: 16.050964, Lat: -19.210461</description>
        <styleUrl>#month8_style</styleUrl>
        <Point>
          <coordinates>16.050964,-19.210461,0</coordinates>
        </Point>
      </Placemark>
      <Placemark>
        <name>Ombika - Month 8</name>
        <description>Waterhole: Ombika, Month: 8, Time: 2010-08-31 16:40:00, Lon: 15.936441, Lat: -19.314834</description>
        <styleUrl>#month8_style</styleUrl>
        <Point>
          <coordinates>15.936441,-19.314834,0</coordinates>
        </Point>
      </Placemark>
      <Placemark>
        <name>Ombika - Month 8</name>
        <description>Waterhole: Ombika, Month: 8, Time: 2010-08-31 17:00:00, Lon: 15.941225, Lat: -19.316152</description>
        <styleUrl>#month8_style</styleUrl>
        <Point>
          <coordinates>15.941225,-19.316152,0</coordinates>
        </Point>
      </Placemark>
      <Placemark>
        <name>Ombika - Month 8</name>
        <description>Waterhole: Ombika, Month: 8, Time: 2010-08-31 17:20:00, Lon: 15.940998, Lat: -19.316317</description>
        <styleUrl>#month8_style</styleUrl>
        <Point>
          <coordinates>15.940998,-19.316317,0</coordinates>
        </Point>
      </Placemark>
      <Placemark>
        <name>Ombika - Month 8</name>
        <description>Waterhole: Ombika, Month: 8, Time: 2010-08-31 17:40:00, Lon: 15.940990, Lat: -19.316288</description>
        <styleUrl>#month8_style</styleUrl>
        <Point>
          <coordinates>15.940990,-19.316288,0</coordinates>
        </Point>
      </Placemark>
      <Placemark>
        <name>Ombika - Month 8</name>
        <description>Waterhole: Ombika, Month: 8, Time: 2010-08-31 18:00:00, Lon: 15.940994, Lat: -19.316235</description>
        <styleUrl>#month8_style</styleUrl>
        <Point>
          <coordinates>15.940994,-19.316235,0</coordinates>
        </Point>
      </Placemark>
      <Placemark>
        <name>Ombika - Month 8</name>
        <description>Waterhole: Ombika, Month: 8, Time: 2010-08-31 18:20:00, Lon: 15.940967, Lat: -19.316170</description>
        <styleUrl>#month8_style</styleUrl>
        <Point>
          <coordinates>15.940967,-19.316170,0</coordinates>
        </Point>
      </Placemark>
      <Placemark>
        <name>Ombika - Month 8</name>
        <description>Waterhole: Ombika, Month: 8, Time: 2010-08-31 18:40:00, Lon: 15.941262, Lat: -19.316097</description>
        <styleUrl>#month8_style</styleUrl>
        <Point>
          <coordinates>15.941262,-19.316097,0</coordinates>
        </Point>
      </Placemark>
      <Placemark>
        <name>Ombika - Month 8</name>
        <description>Waterhole: Ombika, Month: 8, Time: 2010-08-31 19:00:00, Lon: 15.941151, Lat: -19.316241</description>
        <styleUrl>#month8_style</styleUrl>
        <Point>
          <coordinates>15.941151,-19.316241,0</coordinates>
        </Point>
      </Placemark>
      <Placemark>
        <name>Ombika - Month 8</name>
        <description>Waterhole: Ombika, Month: 8, Time: 2010-08-31 19:20:00, Lon: 15.941529, Lat: -19.313747</description>
        <styleUrl>#month8_style</styleUrl>
        <Point>
          <coordinates>15.941529,-19.313747,0</coordinates>
        </Point>
      </Placemark>
      <Placemark>
        <name>Ombika - Month 8</name>
        <description>Waterhole: Ombika, Month: 8, Time: 2010-08-31 19:40:00, Lon: 15.941984, Lat: -19.312878</description>
        <styleUrl>#month8_style</styleUrl>
        <Point>
          <coordinates>15.941984,-19.312878,0</coordinates>
        </Point>
      </Placemark>
      <Placemark>
        <name>Ombika - Month 8</name>
        <description>Waterhole: Ombika, Month: 8, Time: 2010-08-31 20:00:00, Lon: 15.942382, Lat: -19.311192</description>
        <styleUrl>#month8_style</styleUrl>
        <Point>
          <coordinates>15.942382,-19.311192,0</coordinates>
        </Point>
      </Placemark>
      <Placemark>
        <name>Ombika - Month 8</name>
        <description>Waterhole: Ombika, Month: 8, Time: 2010-08-31 20:20:00, Lon: 15.943329, Lat: -19.308836</description>
        <styleUrl>#month8_style</styleUrl>
        <Point>
          <coordinates>15.943329,-19.308836,0</coordinates>
        </Point>
      </Placemark>
      <Placemark>
        <name>Gemsbokvlakte - Month 9</name>
        <description>Waterhole: Gemsbokvlakte, Month: 9, Time: 2010-09-01 20:40:00, Lon: 16.053743, Lat: -19.215035</description>
        <styleUrl>#month9_style</styleUrl>
        <Point>
          <coordinates>16.053743,-19.215035,0</coordinates>
        </Point>
      </Placemark>
      <Placemark>
        <name>Gemsbokvlakte - Month 9</name>
        <description>Waterhole: Gemsbokvlakte, Month: 9, Time: 2010-09-01 21:00:00, Lon: 16.058883, Lat: -19.213475</description>
        <styleUrl>#month9_style</styleUrl>
        <Point>
          <coordinates>16.058883,-19.213475,0</coordinates>
        </Point>
      </Placemark>
      <Placemark>
        <name>Gemsbokvlakte - Month 9</name>
        <description>Waterhole: Gemsbokvlakte, Month: 9, Time: 2010-09-01 21:20:00, Lon: 16.061859, Lat: -19.211100</description>
        <styleUrl>#month9_style</styleUrl>
        <Point>
          <coordinates>16.061859,-19.211100,0</coordinates>
        </Point>
      </Placemark>
      <Placemark>
        <name>Gemsbokvlakte - Month 9</name>
        <description>Waterhole: Gemsbokvlakte, Month: 9, Time: 2010-09-02 17:20:00, Lon: 16.058809, Lat: -19.213383</description>
        <styleUrl>#month9_style</styleUrl>
        <Point>
          <coordinates>16.058809,-19.213383,0</coordinates>
        </Point>
      </Placemark>
      <Placemark>
        <name>Gemsbokvlakte - Month 9</name>
        <description>Waterhole: Gemsbokvlakte, Month: 9, Time: 2010-09-02 17:40:00, Lon: 16.058923, Lat: -19.213330</description>
        <styleUrl>#month9_style</styleUrl>
        <Point>
          <coordinates>16.058923,-19.213330,0</coordinates>
        </Point>
      </Placemark>
      <Placemark>
        <name>Gemsbokvlakte - Month 9</name>
        <description>Waterhole: Gemsbokvlakte, Month: 9, Time: 2010-09-02 18:00:00, Lon: 16.058802, Lat: -19.213210</description>
        <styleUrl>#month9_style</styleUrl>
        <Point>
          <coordinates>16.058802,-19.213210,0</coordinates>
        </Point>
      </Placemark>
      <Placemark>
        <name>Gemsbokvlakte - Month 9</name>
        <description>Waterhole: Gemsbokvlakte, Month: 9, Time: 2010-09-02 18:20:00, Lon: 16.056490, Lat: -19.209298</description>
        <styleUrl>#month9_style</styleUrl>
        <Point>
          <coordinates>16.056490,-19.209298,0</coordinates>
        </Point>
      </Placemark>
      <Placemark>
        <name>Gemsbokvlakte - Month 9</name>
        <description>Waterhole: Gemsbokvlakte, Month: 9, Time: 2010-09-03 20:00:00, Lon: 16.055878, Lat: -19.208785</description>
        <styleUrl>#month9_style</styleUrl>
        <Point>
          <coordinates>16.055878,-19.208785,0</coordinates>
        </Point>
      </Placemark>
      <Placemark>
        <name>Gemsbokvlakte - Month 9</name>
        <description>Waterhole: Gemsbokvlakte, Month: 9, Time: 2010-09-03 20:20:00, Lon: 16.058757, Lat: -19.213210</description>
        <styleUrl>#month9_style</styleUrl>
        <Point>
          <coordinates>16.058757,-19.213210,0</coordinates>
        </Point>
      </Placemark>
      <Placemark>
        <name>Gemsbokvlakte - Month 9</name>
        <description>Waterhole: Gemsbokvlakte, Month: 9, Time: 2010-09-03 20:40:00, Lon: 16.064621, Lat: -19.208966</description>
        <styleUrl>#month9_style</styleUrl>
        <Point>
          <coordinates>16.064621,-19.208966,0</coordinates>
        </Point>
      </Placemark>
      <Placemark>
        <name>Gemsbokvlakte - Month 9</name>
        <description>Waterhole: Gemsbokvlakte, Month: 9, Time: 2010-09-03 21:00:00, Lon: 16.066065, Lat: -19.209294</description>
        <styleUrl>#month9_style</styleUrl>
        <Point>
          <coordinates>16.066065,-19.209294,0</coordinates>
        </Point>
      </Placemark>
      <Placemark>
        <name>Gemsbokvlakte - Month 9</name>
        <description>Waterhole: Gemsbokvlakte, Month: 9, Time: 2010-09-04 17:00:00, Lon: 16.060714, Lat: -19.212427</description>
        <styleUrl>#month9_style</styleUrl>
        <Point>
          <coordinates>16.060714,-19.212427,0</coordinates>
        </Point>
      </Placemark>
      <Placemark>
        <name>Gemsbokvlakte - Month 9</name>
        <description>Waterhole: Gemsbokvlakte, Month: 9, Time: 2010-09-04 17:20:00, Lon: 16.058885, Lat: -19.213239</description>
        <styleUrl>#month9_style</styleUrl>
        <Point>
          <coordinates>16.058885,-19.213239,0</coordinates>
        </Point>
      </Placemark>
      <Placemark>
        <name>Gemsbokvlakte - Month 9</name>
        <description>Waterhole: Gemsbokvlakte, Month: 9, Time: 2010-09-04 17:40:00, Lon: 16.058188, Lat: -19.212642</description>
        <styleUrl>#month9_style</styleUrl>
        <Point>
          <coordinates>16.058188,-19.212642,0</coordinates>
        </Point>
      </Placemark>
      <Placemark>
        <name>Gemsbokvlakte - Month 9</name>
        <description>Waterhole: Gemsbokvlakte, Month: 9, Time: 2010-09-04 18:00:00, Lon: 16.060805, Lat: -19.207387</description>
        <styleUrl>#month9_style</styleUrl>
        <Point>
          <coordinates>16.060805,-19.207387,0</coordinates>
        </Point>
      </Placemark>
      <Placemark>
        <name>Ondongab - Month 9</name>
        <description>Waterhole: Ondongab, Month: 9, Time: 2010-09-05 08:20:00, Lon: 16.104428, Lat: -19.111471</description>
        <styleUrl>#month9_style</styleUrl>
        <Point>
          <coordinates>16.104428,-19.111471,0</coordinates>
        </Point>
      </Placemark>
      <Placemark>
        <name>Ondongab - Month 9</name>
        <description>Waterhole: Ondongab, Month: 9, Time: 2010-09-05 08:40:00, Lon: 16.106017, Lat: -19.109849</description>
        <styleUrl>#month9_style</styleUrl>
        <Point>
          <coordinates>16.106017,-19.109849,0</coordinates>
        </Point>
      </Placemark>
      <Placemark>
        <name>Ondongab - Month 9</name>
        <description>Waterhole: Ondongab, Month: 9, Time: 2010-09-05 09:00:00, Lon: 16.107194, Lat: -19.107395</description>
        <styleUrl>#month9_style</styleUrl>
        <Point>
          <coordinates>16.107194,-19.107395,0</coordinates>
        </Point>
      </Placemark>
      <Placemark>
        <name>Ondongab - Month 9</name>
        <description>Waterhole: Ondongab, Month: 9, Time: 2010-09-05 09:20:00, Lon: 16.106827, Lat: -19.106742</description>
        <styleUrl>#month9_style</styleUrl>
        <Point>
          <coordinates>16.106827,-19.106742,0</coordinates>
        </Point>
      </Placemark>
      <Placemark>
        <name>Ondongab - Month 9</name>
        <description>Waterhole: Ondongab, Month: 9, Time: 2010-09-05 09:40:00, Lon: 16.106871, Lat: -19.106517</description>
        <styleUrl>#month9_style</styleUrl>
        <Point>
          <coordinates>16.106871,-19.106517,0</coordinates>
        </Point>
      </Placemark>
      <Placemark>
        <name>Ondongab - Month 9</name>
        <description>Waterhole: Ondongab, Month: 9, Time: 2010-09-05 10:00:00, Lon: 16.106900, Lat: -19.106510</description>
        <styleUrl>#month9_style</styleUrl>
        <Point>
          <coordinates>16.106900,-19.106510,0</coordinates>
        </Point>
      </Placemark>
      <Placemark>
        <name>Ondongab - Month 9</name>
        <description>Waterhole: Ondongab, Month: 9, Time: 2010-09-05 10:20:00, Lon: 16.106669, Lat: -19.107094</description>
        <styleUrl>#month9_style</styleUrl>
        <Point>
          <coordinates>16.106669,-19.107094,0</coordinates>
        </Point>
      </Placemark>
      <Placemark>
        <name>Ondongab - Month 9</name>
        <description>Waterhole: Ondongab, Month: 9, Time: 2010-09-05 10:40:00, Lon: 16.106661, Lat: -19.107086</description>
        <styleUrl>#month9_style</styleUrl>
        <Point>
          <coordinates>16.106661,-19.107086,0</coordinates>
        </Point>
      </Placemark>
      <Placemark>
        <name>Ondongab - Month 9</name>
        <description>Waterhole: Ondongab, Month: 9, Time: 2010-09-05 11:00:00, Lon: 16.106647, Lat: -19.107090</description>
        <styleUrl>#month9_style</styleUrl>
        <Point>
          <coordinates>16.106647,-19.107090,0</coordinates>
        </Point>
      </Placemark>
      <Placemark>
        <name>Ondongab - Month 9</name>
        <description>Waterhole: Ondongab, Month: 9, Time: 2010-09-05 11:20:00, Lon: 16.106680, Lat: -19.107094</description>
        <styleUrl>#month9_style</styleUrl>
        <Point>
          <coordinates>16.106680,-19.107094,0</coordinates>
        </Point>
      </Placemark>
      <Placemark>
        <name>Ondongab - Month 9</name>
        <description>Waterhole: Ondongab, Month: 9, Time: 2010-09-05 11:40:00, Lon: 16.106669, Lat: -19.107102</description>
        <styleUrl>#month9_style</styleUrl>
        <Point>
          <coordinates>16.106669,-19.107102,0</coordinates>
        </Point>
      </Placemark>
      <Placemark>
        <name>Ondongab - Month 9</name>
        <description>Waterhole: Ondongab, Month: 9, Time: 2010-09-05 12:00:00, Lon: 16.106655, Lat: -19.107109</description>
        <styleUrl>#month9_style</styleUrl>
        <Point>
          <coordinates>16.106655,-19.107109,0</coordinates>
        </Point>
      </Placemark>
      <Placemark>
        <name>Ondongab - Month 9</name>
        <description>Waterhole: Ondongab, Month: 9, Time: 2010-09-05 12:20:00, Lon: 16.106684, Lat: -19.107113</description>
        <styleUrl>#month9_style</styleUrl>
        <Point>
          <coordinates>16.106684,-19.107113,0</coordinates>
        </Point>
      </Placemark>
      <Placemark>
        <name>Ondongab - Month 9</name>
        <description>Waterhole: Ondongab, Month: 9, Time: 2010-09-05 12:40:00, Lon: 16.106669, Lat: -19.107098</description>
        <styleUrl>#month9_style</styleUrl>
        <Point>
          <coordinates>16.106669,-19.107098,0</coordinates>
        </Point>
      </Placemark>
      <Placemark>
        <name>Ondongab - Month 9</name>
        <description>Waterhole: Ondongab, Month: 9, Time: 2010-09-05 13:00:00, Lon: 16.106728, Lat: -19.107143</description>
        <styleUrl>#month9_style</styleUrl>
        <Point>
          <coordinates>16.106728,-19.107143,0</coordinates>
        </Point>
      </Placemark>
      <Placemark>
        <name>Ondongab - Month 9</name>
        <description>Waterhole: Ondongab, Month: 9, Time: 2010-09-05 13:20:00, Lon: 16.106744, Lat: -19.107145</description>
        <styleUrl>#month9_style</styleUrl>
        <Point>
          <coordinates>16.106744,-19.107145,0</coordinates>
        </Point>
      </Placemark>
      <Placemark>
        <name>Ondongab - Month 9</name>
        <description>Waterhole: Ondongab, Month: 9, Time: 2010-09-05 13:40:00, Lon: 16.106740, Lat: -19.107145</description>
        <styleUrl>#month9_style</styleUrl>
        <Point>
          <coordinates>16.106740,-19.107145,0</coordinates>
        </Point>
      </Placemark>
      <Placemark>
        <name>Ondongab - Month 9</name>
        <description>Waterhole: Ondongab, Month: 9, Time: 2010-09-05 14:00:00, Lon: 16.106745, Lat: -19.107149</description>
        <styleUrl>#month9_style</styleUrl>
        <Point>
          <coordinates>16.106745,-19.107149,0</coordinates>
        </Point>
      </Placemark>
      <Placemark>
        <name>Ondongab - Month 9</name>
        <description>Waterhole: Ondongab, Month: 9, Time: 2010-09-05 14:20:00, Lon: 16.106719, Lat: -19.107151</description>
        <styleUrl>#month9_style</styleUrl>
        <Point>
          <coordinates>16.106719,-19.107151,0</coordinates>
        </Point>
      </Placemark>
      <Placemark>
        <name>Ondongab - Month 9</name>
        <description>Waterhole: Ondongab, Month: 9, Time: 2010-09-05 14:40:00, Lon: 16.106176, Lat: -19.106930</description>
        <styleUrl>#month9_style</styleUrl>
        <Point>
          <coordinates>16.106176,-19.106930,0</coordinates>
        </Point>
      </Placemark>
      <Placemark>
        <name>Ondongab - Month 9</name>
        <description>Waterhole: Ondongab, Month: 9, Time: 2010-09-05 15:00:00, Lon: 16.104063, Lat: -19.107928</description>
        <styleUrl>#month9_style</styleUrl>
        <Point>
          <coordinates>16.104063,-19.107928,0</coordinates>
        </Point>
      </Placemark>
      <Placemark>
        <name>Ondongab - Month 9</name>
        <description>Waterhole: Ondongab, Month: 9, Time: 2010-09-05 15:20:00, Lon: 16.104010, Lat: -19.107937</description>
        <styleUrl>#month9_style</styleUrl>
        <Point>
          <coordinates>16.104010,-19.107937,0</coordinates>
        </Point>
      </Placemark>
      <Placemark>
        <name>Ondongab - Month 9</name>
        <description>Waterhole: Ondongab, Month: 9, Time: 2010-09-05 15:40:00, Lon: 16.102960, Lat: -19.108311</description>
        <styleUrl>#month9_style</styleUrl>
        <Point>
          <coordinates>16.102960,-19.108311,0</coordinates>
        </Point>
      </Placemark>
      <Placemark>
        <name>Ondongab - Month 9</name>
        <description>Waterhole: Ondongab, Month: 9, Time: 2010-09-05 16:00:00, Lon: 16.103061, Lat: -19.108248</description>
        <styleUrl>#month9_style</styleUrl>
        <Point>
          <coordinates>16.103061,-19.108248,0</coordinates>
        </Point>
      </Placemark>
      <Placemark>
        <name>Gemsbokvlakte - Month 9</name>
        <description>Waterhole: Gemsbokvlakte, Month: 9, Time: 2010-09-05 23:20:00, Lon: 16.058840, Lat: -19.213422</description>
        <styleUrl>#month9_style</styleUrl>
        <Point>
          <coordinates>16.058840,-19.213422,0</coordinates>
        </Point>
      </Placemark>
      <Placemark>
        <name>Gemsbokvlakte - Month 9</name>
        <description>Waterhole: Gemsbokvlakte, Month: 9, Time: 2010-09-05 23:40:00, Lon: 16.058936, Lat: -19.213354</description>
        <styleUrl>#month9_style</styleUrl>
        <Point>
          <coordinates>16.058936,-19.213354,0</coordinates>
        </Point>
      </Placemark>
      <Placemark>
        <name>Gemsbokvlakte - Month 9</name>
        <description>Waterhole: Gemsbokvlakte, Month: 9, Time: 2010-09-06 00:00:00, Lon: 16.053860, Lat: -19.211591</description>
        <styleUrl>#month9_style</styleUrl>
        <Point>
          <coordinates>16.053860,-19.211591,0</coordinates>
        </Point>
      </Placemark>
      <Placemark>
        <name>Gemsbokvlakte - Month 9</name>
        <description>Waterhole: Gemsbokvlakte, Month: 9, Time: 2010-09-08 18:20:00, Lon: 16.057750, Lat: -19.211143</description>
        <styleUrl>#month9_style</styleUrl>
        <Point>
          <coordinates>16.057750,-19.211143,0</coordinates>
        </Point>
      </Placemark>
      <Placemark>
        <name>Gemsbokvlakte - Month 9</name>
        <description>Waterhole: Gemsbokvlakte, Month: 9, Time: 2010-09-08 18:40:00, Lon: 16.058860, Lat: -19.213493</description>
        <styleUrl>#month9_style</styleUrl>
        <Point>
          <coordinates>16.058860,-19.213493,0</coordinates>
        </Point>
      </Placemark>
      <Placemark>
        <name>Gemsbokvlakte - Month 9</name>
        <description>Waterhole: Gemsbokvlakte, Month: 9, Time: 2010-09-08 19:00:00, Lon: 16.063748, Lat: -19.218250</description>
        <styleUrl>#month9_style</styleUrl>
        <Point>
          <coordinates>16.063748,-19.218250,0</coordinates>
        </Point>
      </Placemark>
      <Placemark>
        <name>Olifantsbad Waterhole - Month 9</name>
        <description>Waterhole: Olifantsbad Waterhole, Month: 9, Time: 2010-09-09 09:40:00, Lon: 16.127705, Lat: -19.233862</description>
        <styleUrl>#month9_style</styleUrl>
        <Point>
          <coordinates>16.127705,-19.233862,0</coordinates>
        </Point>
      </Placemark>
      <Placemark>
        <name>Olifantsbad Waterhole - Month 9</name>
        <description>Waterhole: Olifantsbad Waterhole, Month: 9, Time: 2010-09-09 10:00:00, Lon: 16.131764, Lat: -19.238629</description>
        <styleUrl>#month9_style</styleUrl>
        <Point>
          <coordinates>16.131764,-19.238629,0</coordinates>
        </Point>
      </Placemark>
      <Placemark>
        <name>Olifantsbad Waterhole - Month 9</name>
        <description>Waterhole: Olifantsbad Waterhole, Month: 9, Time: 2010-09-09 10:20:00, Lon: 16.131805, Lat: -19.238721</description>
        <styleUrl>#month9_style</styleUrl>
        <Point>
          <coordinates>16.131805,-19.238721,0</coordinates>
        </Point>
      </Placemark>
      <Placemark>
        <name>Olifantsbad Waterhole - Month 9</name>
        <description>Waterhole: Olifantsbad Waterhole, Month: 9, Time: 2010-09-09 10:40:00, Lon: 16.131817, Lat: -19.238680</description>
        <styleUrl>#month9_style</styleUrl>
        <Point>
          <coordinates>16.131817,-19.238680,0</coordinates>
        </Point>
      </Placemark>
      <Placemark>
        <name>Olifantsbad Waterhole - Month 9</name>
        <description>Waterhole: Olifantsbad Waterhole, Month: 9, Time: 2010-09-09 11:00:00, Lon: 16.128895, Lat: -19.235978</description>
        <styleUrl>#month9_style</styleUrl>
        <Point>
          <coordinates>16.128895,-19.235978,0</coordinates>
        </Point>
      </Placemark>
      <Placemark>
        <name>Olifantsbad Waterhole - Month 9</name>
        <description>Waterhole: Olifantsbad Waterhole, Month: 9, Time: 2010-09-09 11:20:00, Lon: 16.122723, Lat: -19.236100</description>
        <styleUrl>#month9_style</styleUrl>
        <Point>
          <coordinates>16.122723,-19.236100,0</coordinates>
        </Point>
      </Placemark>
      <Placemark>
        <name>Olifantsbad Waterhole - Month 9</name>
        <description>Waterhole: Olifantsbad Waterhole, Month: 9, Time: 2010-09-10 09:20:00, Lon: 16.130582, Lat: -19.235291</description>
        <styleUrl>#month9_style</styleUrl>
        <Point>
          <coordinates>16.130582,-19.235291,0</coordinates>
        </Point>
      </Placemark>
      <Placemark>
        <name>Olifantsbad Waterhole - Month 9</name>
        <description>Waterhole: Olifantsbad Waterhole, Month: 9, Time: 2010-09-10 09:40:00, Lon: 16.131783, Lat: -19.238647</description>
        <styleUrl>#month9_style</styleUrl>
        <Point>
          <coordinates>16.131783,-19.238647,0</coordinates>
        </Point>
      </Placemark>
      <Placemark>
        <name>Olifantsbad Waterhole - Month 9</name>
        <description>Waterhole: Olifantsbad Waterhole, Month: 9, Time: 2010-09-10 10:00:00, Lon: 16.131707, Lat: -19.238796</description>
        <styleUrl>#month9_style</styleUrl>
        <Point>
          <coordinates>16.131707,-19.238796,0</coordinates>
        </Point>
      </Placemark>
      <Placemark>
        <name>Olifantsbad Waterhole - Month 9</name>
        <description>Waterhole: Olifantsbad Waterhole, Month: 9, Time: 2010-09-10 10:20:00, Lon: 16.131775, Lat: -19.238757</description>
        <styleUrl>#month9_style</styleUrl>
        <Point>
          <coordinates>16.131775,-19.238757,0</coordinates>
        </Point>
      </Placemark>
      <Placemark>
        <name>Olifantsbad Waterhole - Month 9</name>
        <description>Waterhole: Olifantsbad Waterhole, Month: 9, Time: 2010-09-10 10:40:00, Lon: 16.131748, Lat: -19.238772</description>
        <styleUrl>#month9_style</styleUrl>
        <Point>
          <coordinates>16.131748,-19.238772,0</coordinates>
        </Point>
      </Placemark>
      <Placemark>
        <name>Olifantsbad Waterhole - Month 9</name>
        <description>Waterhole: Olifantsbad Waterhole, Month: 9, Time: 2010-09-10 11:00:00, Lon: 16.131823, Lat: -19.238684</description>
        <styleUrl>#month9_style</styleUrl>
        <Point>
          <coordinates>16.131823,-19.238684,0</coordinates>
        </Point>
      </Placemark>
      <Placemark>
        <name>Olifantsbad Waterhole - Month 9</name>
        <description>Waterhole: Olifantsbad Waterhole, Month: 9, Time: 2010-09-10 11:20:00, Lon: 16.131837, Lat: -19.238696</description>
        <styleUrl>#month9_style</styleUrl>
        <Point>
          <coordinates>16.131837,-19.238696,0</coordinates>
        </Point>
      </Placemark>
      <Placemark>
        <name>Olifantsbad Waterhole - Month 9</name>
        <description>Waterhole: Olifantsbad Waterhole, Month: 9, Time: 2010-09-10 11:40:00, Lon: 16.131830, Lat: -19.238709</description>
        <styleUrl>#month9_style</styleUrl>
        <Point>
          <coordinates>16.131830,-19.238709,0</coordinates>
        </Point>
      </Placemark>
      <Placemark>
        <name>Olifantsbad Waterhole - Month 9</name>
        <description>Waterhole: Olifantsbad Waterhole, Month: 9, Time: 2010-09-10 12:00:00, Lon: 16.131668, Lat: -19.238635</description>
        <styleUrl>#month9_style</styleUrl>
        <Point>
          <coordinates>16.131668,-19.238635,0</coordinates>
        </Point>
      </Placemark>
      <Placemark>
        <name>Olifantsbad Waterhole - Month 9</name>
        <description>Waterhole: Olifantsbad Waterhole, Month: 9, Time: 2010-09-10 12:20:00, Lon: 16.131712, Lat: -19.238615</description>
        <styleUrl>#month9_style</styleUrl>
        <Point>
          <coordinates>16.131712,-19.238615,0</coordinates>
        </Point>
      </Placemark>
      <Placemark>
        <name>Olifantsbad Waterhole - Month 9</name>
        <description>Waterhole: Olifantsbad Waterhole, Month: 9, Time: 2010-09-10 12:40:00, Lon: 16.131721, Lat: -19.238599</description>
        <styleUrl>#month9_style</styleUrl>
        <Point>
          <coordinates>16.131721,-19.238599,0</coordinates>
        </Point>
      </Placemark>
      <Placemark>
        <name>Olifantsbad Waterhole - Month 9</name>
        <description>Waterhole: Olifantsbad Waterhole, Month: 9, Time: 2010-09-10 13:00:00, Lon: 16.131771, Lat: -19.238529</description>
        <styleUrl>#month9_style</styleUrl>
        <Point>
          <coordinates>16.131771,-19.238529,0</coordinates>
        </Point>
      </Placemark>
      <Placemark>
        <name>Olifantsbad Waterhole - Month 9</name>
        <description>Waterhole: Olifantsbad Waterhole, Month: 9, Time: 2010-09-10 13:20:00, Lon: 16.131622, Lat: -19.236202</description>
        <styleUrl>#month9_style</styleUrl>
        <Point>
          <coordinates>16.131622,-19.236202,0</coordinates>
        </Point>
      </Placemark>
      <Placemark>
        <name>Olifantsbad Waterhole - Month 9</name>
        <description>Waterhole: Olifantsbad Waterhole, Month: 9, Time: 2010-09-10 13:40:00, Lon: 16.131812, Lat: -19.235643</description>
        <styleUrl>#month9_style</styleUrl>
        <Point>
          <coordinates>16.131812,-19.235643,0</coordinates>
        </Point>
      </Placemark>
      <Placemark>
        <name>Olifantsbad Waterhole - Month 9</name>
        <description>Waterhole: Olifantsbad Waterhole, Month: 9, Time: 2010-09-10 14:00:00, Lon: 16.131801, Lat: -19.235647</description>
        <styleUrl>#month9_style</styleUrl>
        <Point>
          <coordinates>16.131801,-19.235647,0</coordinates>
        </Point>
      </Placemark>
      <Placemark>
        <name>Olifantsbad Waterhole - Month 9</name>
        <description>Waterhole: Olifantsbad Waterhole, Month: 9, Time: 2010-09-10 14:20:00, Lon: 16.130832, Lat: -19.235199</description>
        <styleUrl>#month9_style</styleUrl>
        <Point>
          <coordinates>16.130832,-19.235199,0</coordinates>
        </Point>
      </Placemark>
      <Placemark>
        <name>Olifantsbad Waterhole - Month 9</name>
        <description>Waterhole: Olifantsbad Waterhole, Month: 9, Time: 2010-09-10 14:40:00, Lon: 16.131238, Lat: -19.234798</description>
        <styleUrl>#month9_style</styleUrl>
        <Point>
          <coordinates>16.131238,-19.234798,0</coordinates>
        </Point>
      </Placemark>
      <Placemark>
        <name>Olifantsbad Waterhole - Month 9</name>
        <description>Waterhole: Olifantsbad Waterhole, Month: 9, Time: 2010-09-10 15:00:00, Lon: 16.130376, Lat: -19.232886</description>
        <styleUrl>#month9_style</styleUrl>
        <Point>
          <coordinates>16.130376,-19.232886,0</coordinates>
        </Point>
      </Placemark>
      <Placemark>
        <name>Olifantsbad Waterhole - Month 9</name>
        <description>Waterhole: Olifantsbad Waterhole, Month: 9, Time: 2010-09-10 15:20:00, Lon: 16.130108, Lat: -19.232452</description>
        <styleUrl>#month9_style</styleUrl>
        <Point>
          <coordinates>16.130108,-19.232452,0</coordinates>
        </Point>
      </Placemark>
      <Placemark>
        <name>Gemsbokvlakte - Month 9</name>
        <description>Waterhole: Gemsbokvlakte, Month: 9, Time: 2010-09-11 17:20:00, Lon: 16.067500, Lat: -19.211094</description>
        <styleUrl>#month9_style</styleUrl>
        <Point>
          <coordinates>16.067500,-19.211094,0</coordinates>
        </Point>
      </Placemark>
      <Placemark>
        <name>Gemsbokvlakte - Month 9</name>
        <description>Waterhole: Gemsbokvlakte, Month: 9, Time: 2010-09-11 17:40:00, Lon: 16.059498, Lat: -19.212844</description>
        <styleUrl>#month9_style</styleUrl>
        <Point>
          <coordinates>16.059498,-19.212844,0</coordinates>
        </Point>
      </Placemark>
      <Placemark>
        <name>Gemsbokvlakte - Month 9</name>
        <description>Waterhole: Gemsbokvlakte, Month: 9, Time: 2010-09-11 18:00:00, Lon: 16.058782, Lat: -19.213151</description>
        <styleUrl>#month9_style</styleUrl>
        <Point>
          <coordinates>16.058782,-19.213151,0</coordinates>
        </Point>
      </Placemark>
      <Placemark>
        <name>Gemsbokvlakte - Month 9</name>
        <description>Waterhole: Gemsbokvlakte, Month: 9, Time: 2010-09-11 18:20:00, Lon: 16.059327, Lat: -19.211713</description>
        <styleUrl>#month9_style</styleUrl>
        <Point>
          <coordinates>16.059327,-19.211713,0</coordinates>
        </Point>
      </Placemark>
      <Placemark>
        <name>Gemsbokvlakte - Month 9</name>
        <description>Waterhole: Gemsbokvlakte, Month: 9, Time: 2010-09-11 18:40:00, Lon: 16.061106, Lat: -19.206590</description>
        <styleUrl>#month9_style</styleUrl>
        <Point>
          <coordinates>16.061106,-19.206590,0</coordinates>
        </Point>
      </Placemark>
      <Placemark>
        <name>Gemsbokvlakte - Month 9</name>
        <description>Waterhole: Gemsbokvlakte, Month: 9, Time: 2010-09-13 11:00:00, Lon: 16.063043, Lat: -19.210740</description>
        <styleUrl>#month9_style</styleUrl>
        <Point>
          <coordinates>16.063043,-19.210740,0</coordinates>
        </Point>
      </Placemark>
      <Placemark>
        <name>Gemsbokvlakte - Month 9</name>
        <description>Waterhole: Gemsbokvlakte, Month: 9, Time: 2010-09-13 11:20:00, Lon: 16.058833, Lat: -19.213413</description>
        <styleUrl>#month9_style</styleUrl>
        <Point>
          <coordinates>16.058833,-19.213413,0</coordinates>
        </Point>
      </Placemark>
      <Placemark>
        <name>Gemsbokvlakte - Month 9</name>
        <description>Waterhole: Gemsbokvlakte, Month: 9, Time: 2010-09-13 11:40:00, Lon: 16.058749, Lat: -19.213153</description>
        <styleUrl>#month9_style</styleUrl>
        <Point>
          <coordinates>16.058749,-19.213153,0</coordinates>
        </Point>
      </Placemark>
      <Placemark>
        <name>Gemsbokvlakte - Month 9</name>
        <description>Waterhole: Gemsbokvlakte, Month: 9, Time: 2010-09-13 12:00:00, Lon: 16.057273, Lat: -19.209599</description>
        <styleUrl>#month9_style</styleUrl>
        <Point>
          <coordinates>16.057273,-19.209599,0</coordinates>
        </Point>
      </Placemark>
      <Placemark>
        <name>Gemsbokvlakte - Month 9</name>
        <description>Waterhole: Gemsbokvlakte, Month: 9, Time: 2010-09-13 12:20:00, Lon: 16.057746, Lat: -19.208417</description>
        <styleUrl>#month9_style</styleUrl>
        <Point>
          <coordinates>16.057746,-19.208417,0</coordinates>
        </Point>
      </Placemark>
      <Placemark>
        <name>Gemsbokvlakte - Month 9</name>
        <description>Waterhole: Gemsbokvlakte, Month: 9, Time: 2010-09-13 12:40:00, Lon: 16.057843, Lat: -19.208712</description>
        <styleUrl>#month9_style</styleUrl>
        <Point>
          <coordinates>16.057843,-19.208712,0</coordinates>
        </Point>
      </Placemark>
      <Placemark>
        <name>Gemsbokvlakte - Month 9</name>
        <description>Waterhole: Gemsbokvlakte, Month: 9, Time: 2010-09-13 13:00:00, Lon: 16.057824, Lat: -19.208732</description>
        <styleUrl>#month9_style</styleUrl>
        <Point>
          <coordinates>16.057824,-19.208732,0</coordinates>
        </Point>
      </Placemark>
      <Placemark>
        <name>Gemsbokvlakte - Month 9</name>
        <description>Waterhole: Gemsbokvlakte, Month: 9, Time: 2010-09-13 13:20:00, Lon: 16.057804, Lat: -19.208722</description>
        <styleUrl>#month9_style</styleUrl>
        <Point>
          <coordinates>16.057804,-19.208722,0</coordinates>
        </Point>
      </Placemark>
      <Placemark>
        <name>Gemsbokvlakte - Month 9</name>
        <description>Waterhole: Gemsbokvlakte, Month: 9, Time: 2010-09-13 13:40:00, Lon: 16.057813, Lat: -19.208714</description>
        <styleUrl>#month9_style</styleUrl>
        <Point>
          <coordinates>16.057813,-19.208714,0</coordinates>
        </Point>
      </Placemark>
      <Placemark>
        <name>Gemsbokvlakte - Month 9</name>
        <description>Waterhole: Gemsbokvlakte, Month: 9, Time: 2010-09-13 14:00:00, Lon: 16.057814, Lat: -19.208726</description>
        <styleUrl>#month9_style</styleUrl>
        <Point>
          <coordinates>16.057814,-19.208726,0</coordinates>
        </Point>
      </Placemark>
      <Placemark>
        <name>Gemsbokvlakte - Month 9</name>
        <description>Waterhole: Gemsbokvlakte, Month: 9, Time: 2010-09-13 14:20:00, Lon: 16.057707, Lat: -19.209851</description>
        <styleUrl>#month9_style</styleUrl>
        <Point>
          <coordinates>16.057707,-19.209851,0</coordinates>
        </Point>
      </Placemark>
      <Placemark>
        <name>Gemsbokvlakte - Month 9</name>
        <description>Waterhole: Gemsbokvlakte, Month: 9, Time: 2010-09-13 14:40:00, Lon: 16.058735, Lat: -19.212901</description>
        <styleUrl>#month9_style</styleUrl>
        <Point>
          <coordinates>16.058735,-19.212901,0</coordinates>
        </Point>
      </Placemark>
      <Placemark>
        <name>Gemsbokvlakte - Month 9</name>
        <description>Waterhole: Gemsbokvlakte, Month: 9, Time: 2010-09-13 15:00:00, Lon: 16.054601, Lat: -19.207292</description>
        <styleUrl>#month9_style</styleUrl>
        <Point>
          <coordinates>16.054601,-19.207292,0</coordinates>
        </Point>
      </Placemark>
      <Placemark>
        <name>Gemsbokvlakte - Month 9</name>
        <description>Waterhole: Gemsbokvlakte, Month: 9, Time: 2010-09-16 19:40:00, Lon: 16.057824, Lat: -19.211296</description>
        <styleUrl>#month9_style</styleUrl>
        <Point>
          <coordinates>16.057824,-19.211296,0</coordinates>
        </Point>
      </Placemark>
      <Placemark>
        <name>Gemsbokvlakte - Month 9</name>
        <description>Waterhole: Gemsbokvlakte, Month: 9, Time: 2010-09-16 20:00:00, Lon: 16.061962, Lat: -19.217065</description>
        <styleUrl>#month9_style</styleUrl>
        <Point>
          <coordinates>16.061962,-19.217065,0</coordinates>
        </Point>
      </Placemark>
      <Placemark>
        <name>Gemsbokvlakte - Month 9</name>
        <description>Waterhole: Gemsbokvlakte, Month: 9, Time: 2010-09-17 17:20:00, Lon: 16.059099, Lat: -19.219722</description>
        <styleUrl>#month9_style</styleUrl>
        <Point>
          <coordinates>16.059099,-19.219722,0</coordinates>
        </Point>
      </Placemark>
      <Placemark>
        <name>Gemsbokvlakte - Month 9</name>
        <description>Waterhole: Gemsbokvlakte, Month: 9, Time: 2010-09-17 17:40:00, Lon: 16.058687, Lat: -19.213234</description>
        <styleUrl>#month9_style</styleUrl>
        <Point>
          <coordinates>16.058687,-19.213234,0</coordinates>
        </Point>
      </Placemark>
      <Placemark>
        <name>Gemsbokvlakte - Month 9</name>
        <description>Waterhole: Gemsbokvlakte, Month: 9, Time: 2010-09-17 18:00:00, Lon: 16.055358, Lat: -19.212417</description>
        <styleUrl>#month9_style</styleUrl>
        <Point>
          <coordinates>16.055358,-19.212417,0</coordinates>
        </Point>
      </Placemark>
      <Placemark>
        <name>Gemsbokvlakte - Month 9</name>
        <description>Waterhole: Gemsbokvlakte, Month: 9, Time: 2010-09-20 18:40:00, Lon: 16.058904, Lat: -19.213304</description>
        <styleUrl>#month9_style</styleUrl>
        <Point>
          <coordinates>16.058904,-19.213304,0</coordinates>
        </Point>
      </Placemark>
      <Placemark>
        <name>Gemsbokvlakte - Month 9</name>
        <description>Waterhole: Gemsbokvlakte, Month: 9, Time: 2010-09-20 19:00:00, Lon: 16.059577, Lat: -19.214166</description>
        <styleUrl>#month9_style</styleUrl>
        <Point>
          <coordinates>16.059577,-19.214166,0</coordinates>
        </Point>
      </Placemark>
      <Placemark>
        <name>Gemsbokvlakte - Month 9</name>
        <description>Waterhole: Gemsbokvlakte, Month: 9, Time: 2010-09-21 18:20:00, Lon: 16.063813, Lat: -19.219556</description>
        <styleUrl>#month9_style</styleUrl>
        <Point>
          <coordinates>16.063813,-19.219556,0</coordinates>
        </Point>
      </Placemark>
      <Placemark>
        <name>Gemsbokvlakte - Month 9</name>
        <description>Waterhole: Gemsbokvlakte, Month: 9, Time: 2010-09-21 18:40:00, Lon: 16.058860, Lat: -19.213314</description>
        <styleUrl>#month9_style</styleUrl>
        <Point>
          <coordinates>16.058860,-19.213314,0</coordinates>
        </Point>
      </Placemark>
      <Placemark>
        <name>Gemsbokvlakte - Month 9</name>
        <description>Waterhole: Gemsbokvlakte, Month: 9, Time: 2010-09-21 19:00:00, Lon: 16.054750, Lat: -19.211945</description>
        <styleUrl>#month9_style</styleUrl>
        <Point>
          <coordinates>16.054750,-19.211945,0</coordinates>
        </Point>
      </Placemark>
      <Placemark>
        <name>Gemsbokvlakte - Month 9</name>
        <description>Waterhole: Gemsbokvlakte, Month: 9, Time: 2010-09-26 18:20:00, Lon: 16.058795, Lat: -19.213285</description>
        <styleUrl>#month9_style</styleUrl>
        <Point>
          <coordinates>16.058795,-19.213285,0</coordinates>
        </Point>
      </Placemark>
      <Placemark>
        <name>Gemsbokvlakte - Month 9</name>
        <description>Waterhole: Gemsbokvlakte, Month: 9, Time: 2010-09-26 18:40:00, Lon: 16.060191, Lat: -19.215068</description>
        <styleUrl>#month9_style</styleUrl>
        <Point>
          <coordinates>16.060191,-19.215068,0</coordinates>
        </Point>
      </Placemark>
      <Placemark>
        <name>Gemsbokvlakte - Month 9</name>
        <description>Waterhole: Gemsbokvlakte, Month: 9, Time: 2010-09-27 18:00:00, Lon: 16.062054, Lat: -19.217344</description>
        <styleUrl>#month9_style</styleUrl>
        <Point>
          <coordinates>16.062054,-19.217344,0</coordinates>
        </Point>
      </Placemark>
      <Placemark>
        <name>Gemsbokvlakte - Month 9</name>
        <description>Waterhole: Gemsbokvlakte, Month: 9, Time: 2010-09-27 18:20:00, Lon: 16.058860, Lat: -19.213247</description>
        <styleUrl>#month9_style</styleUrl>
        <Point>
          <coordinates>16.058860,-19.213247,0</coordinates>
        </Point>
      </Placemark>
      <Placemark>
        <name>Gemsbokvlakte - Month 9</name>
        <description>Waterhole: Gemsbokvlakte, Month: 9, Time: 2010-09-27 18:40:00, Lon: 16.055010, Lat: -19.211953</description>
        <styleUrl>#month9_style</styleUrl>
        <Point>
          <coordinates>16.055010,-19.211953,0</coordinates>
        </Point>
      </Placemark>
      <Placemark>
        <name>Gemsbokvlakte - Month 10</name>
        <description>Waterhole: Gemsbokvlakte, Month: 10, Time: 2010-10-01 19:40:00, Lon: 16.057403, Lat: -19.210596</description>
        <styleUrl>#month10_style</styleUrl>
        <Point>
          <coordinates>16.057403,-19.210596,0</coordinates>
        </Point>
      </Placemark>
      <Placemark>
        <name>Gemsbokvlakte - Month 10</name>
        <description>Waterhole: Gemsbokvlakte, Month: 10, Time: 2010-10-01 20:00:00, Lon: 16.058840, Lat: -19.213216</description>
        <styleUrl>#month10_style</styleUrl>
        <Point>
          <coordinates>16.058840,-19.213216,0</coordinates>
        </Point>
      </Placemark>
      <Placemark>
        <name>Gemsbokvlakte - Month 10</name>
        <description>Waterhole: Gemsbokvlakte, Month: 10, Time: 2010-10-01 20:20:00, Lon: 16.060463, Lat: -19.214614</description>
        <styleUrl>#month10_style</styleUrl>
        <Point>
          <coordinates>16.060463,-19.214614,0</coordinates>
        </Point>
      </Placemark>
      <Placemark>
        <name>Gemsbokvlakte - Month 10</name>
        <description>Waterhole: Gemsbokvlakte, Month: 10, Time: 2010-10-02 15:40:00, Lon: 16.059954, Lat: -19.214797</description>
        <styleUrl>#month10_style</styleUrl>
        <Point>
          <coordinates>16.059954,-19.214797,0</coordinates>
        </Point>
      </Placemark>
      <Placemark>
        <name>Gemsbokvlakte - Month 10</name>
        <description>Waterhole: Gemsbokvlakte, Month: 10, Time: 2010-10-02 16:00:00, Lon: 16.054076, Lat: -19.212988</description>
        <styleUrl>#month10_style</styleUrl>
        <Point>
          <coordinates>16.054076,-19.212988,0</coordinates>
        </Point>
      </Placemark>
      <Placemark>
        <name>Gemsbokvlakte - Month 10</name>
        <description>Waterhole: Gemsbokvlakte, Month: 10, Time: 2010-10-03 20:00:00, Lon: 16.057979, Lat: -19.211525</description>
        <styleUrl>#month10_style</styleUrl>
        <Point>
          <coordinates>16.057979,-19.211525,0</coordinates>
        </Point>
      </Placemark>
      <Placemark>
        <name>Gemsbokvlakte - Month 10</name>
        <description>Waterhole: Gemsbokvlakte, Month: 10, Time: 2010-10-03 20:20:00, Lon: 16.058724, Lat: -19.213104</description>
        <styleUrl>#month10_style</styleUrl>
        <Point>
          <coordinates>16.058724,-19.213104,0</coordinates>
        </Point>
      </Placemark>
      <Placemark>
        <name>Gemsbokvlakte - Month 10</name>
        <description>Waterhole: Gemsbokvlakte, Month: 10, Time: 2010-10-03 20:40:00, Lon: 16.058251, Lat: -19.212386</description>
        <styleUrl>#month10_style</styleUrl>
        <Point>
          <coordinates>16.058251,-19.212386,0</coordinates>
        </Point>
      </Placemark>
      <Placemark>
        <name>Gemsbokvlakte - Month 10</name>
        <description>Waterhole: Gemsbokvlakte, Month: 10, Time: 2010-10-03 21:00:00, Lon: 16.052901, Lat: -19.211442</description>
        <styleUrl>#month10_style</styleUrl>
        <Point>
          <coordinates>16.052901,-19.211442,0</coordinates>
        </Point>
      </Placemark>
      <Placemark>
        <name>Gemsbokvlakte - Month 10</name>
        <description>Waterhole: Gemsbokvlakte, Month: 10, Time: 2010-10-06 20:00:00, Lon: 16.056776, Lat: -19.210097</description>
        <styleUrl>#month10_style</styleUrl>
        <Point>
          <coordinates>16.056776,-19.210097,0</coordinates>
        </Point>
      </Placemark>
      <Placemark>
        <name>Gemsbokvlakte - Month 10</name>
        <description>Waterhole: Gemsbokvlakte, Month: 10, Time: 2010-10-06 20:20:00, Lon: 16.058839, Lat: -19.213420</description>
        <styleUrl>#month10_style</styleUrl>
        <Point>
          <coordinates>16.058839,-19.213420,0</coordinates>
        </Point>
      </Placemark>
      <Placemark>
        <name>Gemsbokvlakte - Month 10</name>
        <description>Waterhole: Gemsbokvlakte, Month: 10, Time: 2010-10-06 20:40:00, Lon: 16.061458, Lat: -19.214097</description>
        <styleUrl>#month10_style</styleUrl>
        <Point>
          <coordinates>16.061458,-19.214097,0</coordinates>
        </Point>
      </Placemark>
      <Placemark>
        <name>Olifantsbad Waterhole - Month 10</name>
        <description>Waterhole: Olifantsbad Waterhole, Month: 10, Time: 2010-10-07 11:20:00, Lon: 16.123355, Lat: -19.235970</description>
        <styleUrl>#month10_style</styleUrl>
        <Point>
          <coordinates>16.123355,-19.235970,0</coordinates>
        </Point>
      </Placemark>
      <Placemark>
        <name>Olifantsbad Waterhole - Month 10</name>
        <description>Waterhole: Olifantsbad Waterhole, Month: 10, Time: 2010-10-07 11:40:00, Lon: 16.131610, Lat: -19.238503</description>
        <styleUrl>#month10_style</styleUrl>
        <Point>
          <coordinates>16.131610,-19.238503,0</coordinates>
        </Point>
      </Placemark>
      <Placemark>
        <name>Olifantsbad Waterhole - Month 10</name>
        <description>Waterhole: Olifantsbad Waterhole, Month: 10, Time: 2010-10-07 12:00:00, Lon: 16.131919, Lat: -19.238527</description>
        <styleUrl>#month10_style</styleUrl>
        <Point>
          <coordinates>16.131919,-19.238527,0</coordinates>
        </Point>
      </Placemark>
      <Placemark>
        <name>Olifantsbad Waterhole - Month 10</name>
        <description>Waterhole: Olifantsbad Waterhole, Month: 10, Time: 2010-10-07 12:20:00, Lon: 16.131910, Lat: -19.238531</description>
        <styleUrl>#month10_style</styleUrl>
        <Point>
          <coordinates>16.131910,-19.238531,0</coordinates>
        </Point>
      </Placemark>
      <Placemark>
        <name>Olifantsbad Waterhole - Month 10</name>
        <description>Waterhole: Olifantsbad Waterhole, Month: 10, Time: 2010-10-07 12:40:00, Lon: 16.131652, Lat: -19.238690</description>
        <styleUrl>#month10_style</styleUrl>
        <Point>
          <coordinates>16.131652,-19.238690,0</coordinates>
        </Point>
      </Placemark>
      <Placemark>
        <name>Olifantsbad Waterhole - Month 10</name>
        <description>Waterhole: Olifantsbad Waterhole, Month: 10, Time: 2010-10-07 13:00:00, Lon: 16.131788, Lat: -19.238552</description>
        <styleUrl>#month10_style</styleUrl>
        <Point>
          <coordinates>16.131788,-19.238552,0</coordinates>
        </Point>
      </Placemark>
      <Placemark>
        <name>Olifantsbad Waterhole - Month 10</name>
        <description>Waterhole: Olifantsbad Waterhole, Month: 10, Time: 2010-10-07 13:20:00, Lon: 16.131852, Lat: -19.238245</description>
        <styleUrl>#month10_style</styleUrl>
        <Point>
          <coordinates>16.131852,-19.238245,0</coordinates>
        </Point>
      </Placemark>
      <Placemark>
        <name>Olifantsbad Waterhole - Month 10</name>
        <description>Waterhole: Olifantsbad Waterhole, Month: 10, Time: 2010-10-07 13:40:00, Lon: 16.131475, Lat: -19.236405</description>
        <styleUrl>#month10_style</styleUrl>
        <Point>
          <coordinates>16.131475,-19.236405,0</coordinates>
        </Point>
      </Placemark>
      <Placemark>
        <name>Olifantsbad Waterhole - Month 10</name>
        <description>Waterhole: Olifantsbad Waterhole, Month: 10, Time: 2010-10-07 14:00:00, Lon: 16.129596, Lat: -19.235594</description>
        <styleUrl>#month10_style</styleUrl>
        <Point>
          <coordinates>16.129596,-19.235594,0</coordinates>
        </Point>
      </Placemark>
      <Placemark>
        <name>Olifantsbad Waterhole - Month 10</name>
        <description>Waterhole: Olifantsbad Waterhole, Month: 10, Time: 2010-10-07 14:20:00, Lon: 16.129400, Lat: -19.235525</description>
        <styleUrl>#month10_style</styleUrl>
        <Point>
          <coordinates>16.129400,-19.235525,0</coordinates>
        </Point>
      </Placemark>
      <Placemark>
        <name>Olifantsbad Waterhole - Month 10</name>
        <description>Waterhole: Olifantsbad Waterhole, Month: 10, Time: 2010-10-07 14:40:00, Lon: 16.129581, Lat: -19.235594</description>
        <styleUrl>#month10_style</styleUrl>
        <Point>
          <coordinates>16.129581,-19.235594,0</coordinates>
        </Point>
      </Placemark>
      <Placemark>
        <name>Olifantsbad Waterhole - Month 10</name>
        <description>Waterhole: Olifantsbad Waterhole, Month: 10, Time: 2010-10-07 15:00:00, Lon: 16.129945, Lat: -19.235596</description>
        <styleUrl>#month10_style</styleUrl>
        <Point>
          <coordinates>16.129945,-19.235596,0</coordinates>
        </Point>
      </Placemark>
      <Placemark>
        <name>Olifantsbad Waterhole - Month 10</name>
        <description>Waterhole: Olifantsbad Waterhole, Month: 10, Time: 2010-10-07 15:20:00, Lon: 16.130928, Lat: -19.236351</description>
        <styleUrl>#month10_style</styleUrl>
        <Point>
          <coordinates>16.130928,-19.236351,0</coordinates>
        </Point>
      </Placemark>
      <Placemark>
        <name>Olifantsbad Waterhole - Month 10</name>
        <description>Waterhole: Olifantsbad Waterhole, Month: 10, Time: 2010-10-07 15:40:00, Lon: 16.131272, Lat: -19.235592</description>
        <styleUrl>#month10_style</styleUrl>
        <Point>
          <coordinates>16.131272,-19.235592,0</coordinates>
        </Point>
      </Placemark>
      <Placemark>
        <name>Olifantsbad Waterhole - Month 10</name>
        <description>Waterhole: Olifantsbad Waterhole, Month: 10, Time: 2010-10-07 16:00:00, Lon: 16.129544, Lat: -19.233942</description>
        <styleUrl>#month10_style</styleUrl>
        <Point>
          <coordinates>16.129544,-19.233942,0</coordinates>
        </Point>
      </Placemark>
      <Placemark>
        <name>Olifantsbad Waterhole - Month 10</name>
        <description>Waterhole: Olifantsbad Waterhole, Month: 10, Time: 2010-10-07 16:20:00, Lon: 16.127295, Lat: -19.232119</description>
        <styleUrl>#month10_style</styleUrl>
        <Point>
          <coordinates>16.127295,-19.232119,0</coordinates>
        </Point>
      </Placemark>
      <Placemark>
        <name>Gemsbokvlakte - Month 10</name>
        <description>Waterhole: Gemsbokvlakte, Month: 10, Time: 2010-10-08 15:00:00, Lon: 16.066930, Lat: -19.216974</description>
        <styleUrl>#month10_style</styleUrl>
        <Point>
          <coordinates>16.066930,-19.216974,0</coordinates>
        </Point>
      </Placemark>
      <Placemark>
        <name>Gemsbokvlakte - Month 10</name>
        <description>Waterhole: Gemsbokvlakte, Month: 10, Time: 2010-10-08 15:20:00, Lon: 16.060519, Lat: -19.214286</description>
        <styleUrl>#month10_style</styleUrl>
        <Point>
          <coordinates>16.060519,-19.214286,0</coordinates>
        </Point>
      </Placemark>
      <Placemark>
        <name>Gemsbokvlakte - Month 10</name>
        <description>Waterhole: Gemsbokvlakte, Month: 10, Time: 2010-10-08 15:40:00, Lon: 16.058561, Lat: -19.212433</description>
        <styleUrl>#month10_style</styleUrl>
        <Point>
          <coordinates>16.058561,-19.212433,0</coordinates>
        </Point>
      </Placemark>
      <Placemark>
        <name>Gemsbokvlakte - Month 10</name>
        <description>Waterhole: Gemsbokvlakte, Month: 10, Time: 2010-10-08 16:00:00, Lon: 16.060041, Lat: -19.209979</description>
        <styleUrl>#month10_style</styleUrl>
        <Point>
          <coordinates>16.060041,-19.209979,0</coordinates>
        </Point>
      </Placemark>
      <Placemark>
        <name>Gemsbokvlakte - Month 10</name>
        <description>Waterhole: Gemsbokvlakte, Month: 10, Time: 2010-10-09 20:00:00, Lon: 16.057125, Lat: -19.210120</description>
        <styleUrl>#month10_style</styleUrl>
        <Point>
          <coordinates>16.057125,-19.210120,0</coordinates>
        </Point>
      </Placemark>
      <Placemark>
        <name>Gemsbokvlakte - Month 10</name>
        <description>Waterhole: Gemsbokvlakte, Month: 10, Time: 2010-10-09 20:20:00, Lon: 16.058855, Lat: -19.213322</description>
        <styleUrl>#month10_style</styleUrl>
        <Point>
          <coordinates>16.058855,-19.213322,0</coordinates>
        </Point>
      </Placemark>
      <Placemark>
        <name>Gemsbokvlakte - Month 10</name>
        <description>Waterhole: Gemsbokvlakte, Month: 10, Time: 2010-10-09 20:40:00, Lon: 16.062194, Lat: -19.210870</description>
        <styleUrl>#month10_style</styleUrl>
        <Point>
          <coordinates>16.062194,-19.210870,0</coordinates>
        </Point>
      </Placemark>
      <Placemark>
        <name>Olifantsbad Waterhole - Month 10</name>
        <description>Waterhole: Olifantsbad Waterhole, Month: 10, Time: 2010-10-10 12:40:00, Lon: 16.128108, Lat: -19.234115</description>
        <styleUrl>#month10_style</styleUrl>
        <Point>
          <coordinates>16.128108,-19.234115,0</coordinates>
        </Point>
      </Placemark>
      <Placemark>
        <name>Olifantsbad Waterhole - Month 10</name>
        <description>Waterhole: Olifantsbad Waterhole, Month: 10, Time: 2010-10-10 13:00:00, Lon: 16.131743, Lat: -19.238611</description>
        <styleUrl>#month10_style</styleUrl>
        <Point>
          <coordinates>16.131743,-19.238611,0</coordinates>
        </Point>
      </Placemark>
      <Placemark>
        <name>Olifantsbad Waterhole - Month 10</name>
        <description>Waterhole: Olifantsbad Waterhole, Month: 10, Time: 2010-10-10 13:20:00, Lon: 16.131760, Lat: -19.238599</description>
        <styleUrl>#month10_style</styleUrl>
        <Point>
          <coordinates>16.131760,-19.238599,0</coordinates>
        </Point>
      </Placemark>
      <Placemark>
        <name>Olifantsbad Waterhole - Month 10</name>
        <description>Waterhole: Olifantsbad Waterhole, Month: 10, Time: 2010-10-10 13:40:00, Lon: 16.131562, Lat: -19.238743</description>
        <styleUrl>#month10_style</styleUrl>
        <Point>
          <coordinates>16.131562,-19.238743,0</coordinates>
        </Point>
      </Placemark>
      <Placemark>
        <name>Olifantsbad Waterhole - Month 10</name>
        <description>Waterhole: Olifantsbad Waterhole, Month: 10, Time: 2010-10-10 14:00:00, Lon: 16.131416, Lat: -19.237103</description>
        <styleUrl>#month10_style</styleUrl>
        <Point>
          <coordinates>16.131416,-19.237103,0</coordinates>
        </Point>
      </Placemark>
      <Placemark>
        <name>Olifantsbad Waterhole - Month 10</name>
        <description>Waterhole: Olifantsbad Waterhole, Month: 10, Time: 2010-10-10 14:20:00, Lon: 16.132063, Lat: -19.235541</description>
        <styleUrl>#month10_style</styleUrl>
        <Point>
          <coordinates>16.132063,-19.235541,0</coordinates>
        </Point>
      </Placemark>
      <Placemark>
        <name>Olifantsbad Waterhole - Month 10</name>
        <description>Waterhole: Olifantsbad Waterhole, Month: 10, Time: 2010-10-10 14:40:00, Lon: 16.131315, Lat: -19.234184</description>
        <styleUrl>#month10_style</styleUrl>
        <Point>
          <coordinates>16.131315,-19.234184,0</coordinates>
        </Point>
      </Placemark>
      <Placemark>
        <name>Olifantsbad Waterhole - Month 10</name>
        <description>Waterhole: Olifantsbad Waterhole, Month: 10, Time: 2010-10-10 15:00:00, Lon: 16.130790, Lat: -19.233649</description>
        <styleUrl>#month10_style</styleUrl>
        <Point>
          <coordinates>16.130790,-19.233649,0</coordinates>
        </Point>
      </Placemark>
      <Placemark>
        <name>Olifantsbad Waterhole - Month 10</name>
        <description>Waterhole: Olifantsbad Waterhole, Month: 10, Time: 2010-10-10 15:20:00, Lon: 16.129240, Lat: -19.232027</description>
        <styleUrl>#month10_style</styleUrl>
        <Point>
          <coordinates>16.129240,-19.232027,0</coordinates>
        </Point>
      </Placemark>
      <Placemark>
        <name>Olifantsbad Waterhole - Month 10</name>
        <description>Waterhole: Olifantsbad Waterhole, Month: 10, Time: 2010-10-10 15:40:00, Lon: 16.128730, Lat: -19.230216</description>
        <styleUrl>#month10_style</styleUrl>
        <Point>
          <coordinates>16.128730,-19.230216,0</coordinates>
        </Point>
      </Placemark>
      <Placemark>
        <name>Olifantsbad Waterhole - Month 10</name>
        <description>Waterhole: Olifantsbad Waterhole, Month: 10, Time: 2010-10-11 10:00:00, Lon: 16.125217, Lat: -19.233252</description>
        <styleUrl>#month10_style</styleUrl>
        <Point>
          <coordinates>16.125217,-19.233252,0</coordinates>
        </Point>
      </Placemark>
      <Placemark>
        <name>Olifantsbad Waterhole - Month 10</name>
        <description>Waterhole: Olifantsbad Waterhole, Month: 10, Time: 2010-10-11 10:20:00, Lon: 16.128892, Lat: -19.236814</description>
        <styleUrl>#month10_style</styleUrl>
        <Point>
          <coordinates>16.128892,-19.236814,0</coordinates>
        </Point>
      </Placemark>
      <Placemark>
        <name>Olifantsbad Waterhole - Month 10</name>
        <description>Waterhole: Olifantsbad Waterhole, Month: 10, Time: 2010-10-11 10:40:00, Lon: 16.131814, Lat: -19.238713</description>
        <styleUrl>#month10_style</styleUrl>
        <Point>
          <coordinates>16.131814,-19.238713,0</coordinates>
        </Point>
      </Placemark>
      <Placemark>
        <name>Olifantsbad Waterhole - Month 10</name>
        <description>Waterhole: Olifantsbad Waterhole, Month: 10, Time: 2010-10-11 11:00:00, Lon: 16.131828, Lat: -19.238713</description>
        <styleUrl>#month10_style</styleUrl>
        <Point>
          <coordinates>16.131828,-19.238713,0</coordinates>
        </Point>
      </Placemark>
      <Placemark>
        <name>Olifantsbad Waterhole - Month 10</name>
        <description>Waterhole: Olifantsbad Waterhole, Month: 10, Time: 2010-10-11 11:20:00, Lon: 16.131769, Lat: -19.238690</description>
        <styleUrl>#month10_style</styleUrl>
        <Point>
          <coordinates>16.131769,-19.238690,0</coordinates>
        </Point>
      </Placemark>
      <Placemark>
        <name>Olifantsbad Waterhole - Month 10</name>
        <description>Waterhole: Olifantsbad Waterhole, Month: 10, Time: 2010-10-11 11:40:00, Lon: 16.131715, Lat: -19.238635</description>
        <styleUrl>#month10_style</styleUrl>
        <Point>
          <coordinates>16.131715,-19.238635,0</coordinates>
        </Point>
      </Placemark>
      <Placemark>
        <name>Olifantsbad Waterhole - Month 10</name>
        <description>Waterhole: Olifantsbad Waterhole, Month: 10, Time: 2010-10-11 12:00:00, Lon: 16.131665, Lat: -19.238625</description>
        <styleUrl>#month10_style</styleUrl>
        <Point>
          <coordinates>16.131665,-19.238625,0</coordinates>
        </Point>
      </Placemark>
      <Placemark>
        <name>Olifantsbad Waterhole - Month 10</name>
        <description>Waterhole: Olifantsbad Waterhole, Month: 10, Time: 2010-10-11 12:20:00, Lon: 16.131078, Lat: -19.239252</description>
        <styleUrl>#month10_style</styleUrl>
        <Point>
          <coordinates>16.131078,-19.239252,0</coordinates>
        </Point>
      </Placemark>
      <Placemark>
        <name>Olifantsbad Waterhole - Month 10</name>
        <description>Waterhole: Olifantsbad Waterhole, Month: 10, Time: 2010-10-11 12:40:00, Lon: 16.130848, Lat: -19.239264</description>
        <styleUrl>#month10_style</styleUrl>
        <Point>
          <coordinates>16.130848,-19.239264,0</coordinates>
        </Point>
      </Placemark>
      <Placemark>
        <name>Olifantsbad Waterhole - Month 10</name>
        <description>Waterhole: Olifantsbad Waterhole, Month: 10, Time: 2010-10-11 13:00:00, Lon: 16.130069, Lat: -19.236733</description>
        <styleUrl>#month10_style</styleUrl>
        <Point>
          <coordinates>16.130069,-19.236733,0</coordinates>
        </Point>
      </Placemark>
      <Placemark>
        <name>Olifantsbad Waterhole - Month 10</name>
        <description>Waterhole: Olifantsbad Waterhole, Month: 10, Time: 2010-10-11 13:20:00, Lon: 16.129848, Lat: -19.236593</description>
        <styleUrl>#month10_style</styleUrl>
        <Point>
          <coordinates>16.129848,-19.236593,0</coordinates>
        </Point>
      </Placemark>
      <Placemark>
        <name>Olifantsbad Waterhole - Month 10</name>
        <description>Waterhole: Olifantsbad Waterhole, Month: 10, Time: 2010-10-11 13:40:00, Lon: 16.130062, Lat: -19.236395</description>
        <styleUrl>#month10_style</styleUrl>
        <Point>
          <coordinates>16.130062,-19.236395,0</coordinates>
        </Point>
      </Placemark>
      <Placemark>
        <name>Olifantsbad Waterhole - Month 10</name>
        <description>Waterhole: Olifantsbad Waterhole, Month: 10, Time: 2010-10-11 14:00:00, Lon: 16.130332, Lat: -19.236428</description>
        <styleUrl>#month10_style</styleUrl>
        <Point>
          <coordinates>16.130332,-19.236428,0</coordinates>
        </Point>
      </Placemark>
      <Placemark>
        <name>Olifantsbad Waterhole - Month 10</name>
        <description>Waterhole: Olifantsbad Waterhole, Month: 10, Time: 2010-10-11 14:20:00, Lon: 16.129880, Lat: -19.235586</description>
        <styleUrl>#month10_style</styleUrl>
        <Point>
          <coordinates>16.129880,-19.235586,0</coordinates>
        </Point>
      </Placemark>
      <Placemark>
        <name>Olifantsbad Waterhole - Month 10</name>
        <description>Waterhole: Olifantsbad Waterhole, Month: 10, Time: 2010-10-11 14:40:00, Lon: 16.126061, Lat: -19.234074</description>
        <styleUrl>#month10_style</styleUrl>
        <Point>
          <coordinates>16.126061,-19.234074,0</coordinates>
        </Point>
      </Placemark>
      <Placemark>
        <name>Olifantsbad Waterhole - Month 10</name>
        <description>Waterhole: Olifantsbad Waterhole, Month: 10, Time: 2010-10-11 15:00:00, Lon: 16.123628, Lat: -19.233891</description>
        <styleUrl>#month10_style</styleUrl>
        <Point>
          <coordinates>16.123628,-19.233891,0</coordinates>
        </Point>
      </Placemark>
      <Placemark>
        <name>Gemsbokvlakte - Month 10</name>
        <description>Waterhole: Gemsbokvlakte, Month: 10, Time: 2010-10-12 16:00:00, Lon: 16.065240, Lat: -19.211493</description>
        <styleUrl>#month10_style</styleUrl>
        <Point>
          <coordinates>16.065240,-19.211493,0</coordinates>
        </Point>
      </Placemark>
      <Placemark>
        <name>Gemsbokvlakte - Month 10</name>
        <description>Waterhole: Gemsbokvlakte, Month: 10, Time: 2010-10-12 16:20:00, Lon: 16.058694, Lat: -19.213306</description>
        <styleUrl>#month10_style</styleUrl>
        <Point>
          <coordinates>16.058694,-19.213306,0</coordinates>
        </Point>
      </Placemark>
      <Placemark>
        <name>Gemsbokvlakte - Month 10</name>
        <description>Waterhole: Gemsbokvlakte, Month: 10, Time: 2010-10-12 16:40:00, Lon: 16.058735, Lat: -19.209780</description>
        <styleUrl>#month10_style</styleUrl>
        <Point>
          <coordinates>16.058735,-19.209780,0</coordinates>
        </Point>
      </Placemark>
      <Placemark>
        <name>Gemsbokvlakte - Month 10</name>
        <description>Waterhole: Gemsbokvlakte, Month: 10, Time: 2010-10-15 20:00:00, Lon: 16.058672, Lat: -19.213186</description>
        <styleUrl>#month10_style</styleUrl>
        <Point>
          <coordinates>16.058672,-19.213186,0</coordinates>
        </Point>
      </Placemark>
      <Placemark>
        <name>Gemsbokvlakte - Month 10</name>
        <description>Waterhole: Gemsbokvlakte, Month: 10, Time: 2010-10-15 20:20:00, Lon: 16.057819, Lat: -19.210990</description>
        <styleUrl>#month10_style</styleUrl>
        <Point>
          <coordinates>16.057819,-19.210990,0</coordinates>
        </Point>
      </Placemark>
      <Placemark>
        <name>Gemsbokvlakte - Month 10</name>
        <description>Waterhole: Gemsbokvlakte, Month: 10, Time: 2010-10-15 20:40:00, Lon: 16.054732, Lat: -19.207619</description>
        <styleUrl>#month10_style</styleUrl>
        <Point>
          <coordinates>16.054732,-19.207619,0</coordinates>
        </Point>
      </Placemark>
      <Placemark>
        <name>Gemsbokvlakte - Month 10</name>
        <description>Waterhole: Gemsbokvlakte, Month: 10, Time: 2010-10-15 21:20:00, Lon: 16.056463, Lat: -19.208883</description>
        <styleUrl>#month10_style</styleUrl>
        <Point>
          <coordinates>16.056463,-19.208883,0</coordinates>
        </Point>
      </Placemark>
      <Placemark>
        <name>Gemsbokvlakte - Month 10</name>
        <description>Waterhole: Gemsbokvlakte, Month: 10, Time: 2010-10-15 21:40:00, Lon: 16.065369, Lat: -19.208659</description>
        <styleUrl>#month10_style</styleUrl>
        <Point>
          <coordinates>16.065369,-19.208659,0</coordinates>
        </Point>
      </Placemark>
      <Placemark>
        <name>Gemsbokvlakte - Month 10</name>
        <description>Waterhole: Gemsbokvlakte, Month: 10, Time: 2010-10-16 19:00:00, Lon: 16.063329, Lat: -19.211589</description>
        <styleUrl>#month10_style</styleUrl>
        <Point>
          <coordinates>16.063329,-19.211589,0</coordinates>
        </Point>
      </Placemark>
      <Placemark>
        <name>Gemsbokvlakte - Month 10</name>
        <description>Waterhole: Gemsbokvlakte, Month: 10, Time: 2010-10-16 19:20:00, Lon: 16.058838, Lat: -19.213210</description>
        <styleUrl>#month10_style</styleUrl>
        <Point>
          <coordinates>16.058838,-19.213210,0</coordinates>
        </Point>
      </Placemark>
      <Placemark>
        <name>Gemsbokvlakte - Month 10</name>
        <description>Waterhole: Gemsbokvlakte, Month: 10, Time: 2010-10-16 19:40:00, Lon: 16.058892, Lat: -19.213462</description>
        <styleUrl>#month10_style</styleUrl>
        <Point>
          <coordinates>16.058892,-19.213462,0</coordinates>
        </Point>
      </Placemark>
      <Placemark>
        <name>Gemsbokvlakte - Month 10</name>
        <description>Waterhole: Gemsbokvlakte, Month: 10, Time: 2010-10-16 20:00:00, Lon: 16.061239, Lat: -19.208781</description>
        <styleUrl>#month10_style</styleUrl>
        <Point>
          <coordinates>16.061239,-19.208781,0</coordinates>
        </Point>
      </Placemark>
      <Placemark>
        <name>Gemsbokvlakte - Month 10</name>
        <description>Waterhole: Gemsbokvlakte, Month: 10, Time: 2010-10-18 09:00:00, Lon: 16.060860, Lat: -19.209330</description>
        <styleUrl>#month10_style</styleUrl>
        <Point>
          <coordinates>16.060860,-19.209330,0</coordinates>
        </Point>
      </Placemark>
      <Placemark>
        <name>Gemsbokvlakte - Month 10</name>
        <description>Waterhole: Gemsbokvlakte, Month: 10, Time: 2010-10-18 09:20:00, Lon: 16.058769, Lat: -19.213253</description>
        <styleUrl>#month10_style</styleUrl>
        <Point>
          <coordinates>16.058769,-19.213253,0</coordinates>
        </Point>
      </Placemark>
      <Placemark>
        <name>Gemsbokvlakte - Month 10</name>
        <description>Waterhole: Gemsbokvlakte, Month: 10, Time: 2010-10-18 09:40:00, Lon: 16.058912, Lat: -19.213407</description>
        <styleUrl>#month10_style</styleUrl>
        <Point>
          <coordinates>16.058912,-19.213407,0</coordinates>
        </Point>
      </Placemark>
      <Placemark>
        <name>Gemsbokvlakte - Month 10</name>
        <description>Waterhole: Gemsbokvlakte, Month: 10, Time: 2010-10-18 10:00:00, Lon: 16.058923, Lat: -19.213379</description>
        <styleUrl>#month10_style</styleUrl>
        <Point>
          <coordinates>16.058923,-19.213379,0</coordinates>
        </Point>
      </Placemark>
      <Placemark>
        <name>Gemsbokvlakte - Month 10</name>
        <description>Waterhole: Gemsbokvlakte, Month: 10, Time: 2010-10-18 10:20:00, Lon: 16.058890, Lat: -19.213263</description>
        <styleUrl>#month10_style</styleUrl>
        <Point>
          <coordinates>16.058890,-19.213263,0</coordinates>
        </Point>
      </Placemark>
      <Placemark>
        <name>Gemsbokvlakte - Month 10</name>
        <description>Waterhole: Gemsbokvlakte, Month: 10, Time: 2010-10-18 10:40:00, Lon: 16.058896, Lat: -19.213544</description>
        <styleUrl>#month10_style</styleUrl>
        <Point>
          <coordinates>16.058896,-19.213544,0</coordinates>
        </Point>
      </Placemark>
      <Placemark>
        <name>Gemsbokvlakte - Month 10</name>
        <description>Waterhole: Gemsbokvlakte, Month: 10, Time: 2010-10-18 11:00:00, Lon: 16.058926, Lat: -19.213308</description>
        <styleUrl>#month10_style</styleUrl>
        <Point>
          <coordinates>16.058926,-19.213308,0</coordinates>
        </Point>
      </Placemark>
      <Placemark>
        <name>Gemsbokvlakte - Month 10</name>
        <description>Waterhole: Gemsbokvlakte, Month: 10, Time: 2010-10-18 11:20:00, Lon: 16.057669, Lat: -19.208984</description>
        <styleUrl>#month10_style</styleUrl>
        <Point>
          <coordinates>16.057669,-19.208984,0</coordinates>
        </Point>
      </Placemark>
      <Placemark>
        <name>Gemsbokvlakte - Month 10</name>
        <description>Waterhole: Gemsbokvlakte, Month: 10, Time: 2010-10-18 11:40:00, Lon: 16.057969, Lat: -19.208866</description>
        <styleUrl>#month10_style</styleUrl>
        <Point>
          <coordinates>16.057969,-19.208866,0</coordinates>
        </Point>
      </Placemark>
      <Placemark>
        <name>Gemsbokvlakte - Month 10</name>
        <description>Waterhole: Gemsbokvlakte, Month: 10, Time: 2010-10-18 12:00:00, Lon: 16.058855, Lat: -19.209224</description>
        <styleUrl>#month10_style</styleUrl>
        <Point>
          <coordinates>16.058855,-19.209224,0</coordinates>
        </Point>
      </Placemark>
      <Placemark>
        <name>Gemsbokvlakte - Month 10</name>
        <description>Waterhole: Gemsbokvlakte, Month: 10, Time: 2010-10-18 12:20:00, Lon: 16.058958, Lat: -19.213310</description>
        <styleUrl>#month10_style</styleUrl>
        <Point>
          <coordinates>16.058958,-19.213310,0</coordinates>
        </Point>
      </Placemark>
      <Placemark>
        <name>Gemsbokvlakte - Month 10</name>
        <description>Waterhole: Gemsbokvlakte, Month: 10, Time: 2010-10-18 12:40:00, Lon: 16.057995, Lat: -19.210350</description>
        <styleUrl>#month10_style</styleUrl>
        <Point>
          <coordinates>16.057995,-19.210350,0</coordinates>
        </Point>
      </Placemark>
      <Placemark>
        <name>Gemsbokvlakte - Month 10</name>
        <description>Waterhole: Gemsbokvlakte, Month: 10, Time: 2010-10-18 13:00:00, Lon: 16.057984, Lat: -19.207825</description>
        <styleUrl>#month10_style</styleUrl>
        <Point>
          <coordinates>16.057984,-19.207825,0</coordinates>
        </Point>
      </Placemark>
      <Placemark>
        <name>Gemsbokvlakte - Month 10</name>
        <description>Waterhole: Gemsbokvlakte, Month: 10, Time: 2010-10-18 13:20:00, Lon: 16.057879, Lat: -19.207609</description>
        <styleUrl>#month10_style</styleUrl>
        <Point>
          <coordinates>16.057879,-19.207609,0</coordinates>
        </Point>
      </Placemark>
      <Placemark>
        <name>Gemsbokvlakte - Month 10</name>
        <description>Waterhole: Gemsbokvlakte, Month: 10, Time: 2010-10-18 13:40:00, Lon: 16.058064, Lat: -19.207640</description>
        <styleUrl>#month10_style</styleUrl>
        <Point>
          <coordinates>16.058064,-19.207640,0</coordinates>
        </Point>
      </Placemark>
      <Placemark>
        <name>Gemsbokvlakte - Month 10</name>
        <description>Waterhole: Gemsbokvlakte, Month: 10, Time: 2010-10-18 14:00:00, Lon: 16.058060, Lat: -19.207644</description>
        <styleUrl>#month10_style</styleUrl>
        <Point>
          <coordinates>16.058060,-19.207644,0</coordinates>
        </Point>
      </Placemark>
      <Placemark>
        <name>Gemsbokvlakte - Month 10</name>
        <description>Waterhole: Gemsbokvlakte, Month: 10, Time: 2010-10-18 14:20:00, Lon: 16.058017, Lat: -19.207737</description>
        <styleUrl>#month10_style</styleUrl>
        <Point>
          <coordinates>16.058017,-19.207737,0</coordinates>
        </Point>
      </Placemark>
      <Placemark>
        <name>Gemsbokvlakte - Month 10</name>
        <description>Waterhole: Gemsbokvlakte, Month: 10, Time: 2010-10-18 14:40:00, Lon: 16.058106, Lat: -19.207749</description>
        <styleUrl>#month10_style</styleUrl>
        <Point>
          <coordinates>16.058106,-19.207749,0</coordinates>
        </Point>
      </Placemark>
      <Placemark>
        <name>Gemsbokvlakte - Month 10</name>
        <description>Waterhole: Gemsbokvlakte, Month: 10, Time: 2010-10-18 15:00:00, Lon: 16.058890, Lat: -19.209322</description>
        <styleUrl>#month10_style</styleUrl>
        <Point>
          <coordinates>16.058890,-19.209322,0</coordinates>
        </Point>
      </Placemark>
      <Placemark>
        <name>Gemsbokvlakte - Month 10</name>
        <description>Waterhole: Gemsbokvlakte, Month: 10, Time: 2010-10-18 15:20:00, Lon: 16.059000, Lat: -19.211829</description>
        <styleUrl>#month10_style</styleUrl>
        <Point>
          <coordinates>16.059000,-19.211829,0</coordinates>
        </Point>
      </Placemark>
      <Placemark>
        <name>Gemsbokvlakte - Month 10</name>
        <description>Waterhole: Gemsbokvlakte, Month: 10, Time: 2010-10-18 15:40:00, Lon: 16.057910, Lat: -19.210388</description>
        <styleUrl>#month10_style</styleUrl>
        <Point>
          <coordinates>16.057910,-19.210388,0</coordinates>
        </Point>
      </Placemark>
      <Placemark>
        <name>Gemsbokvlakte - Month 10</name>
        <description>Waterhole: Gemsbokvlakte, Month: 10, Time: 2010-10-18 16:00:00, Lon: 16.059575, Lat: -19.205113</description>
        <styleUrl>#month10_style</styleUrl>
        <Point>
          <coordinates>16.059575,-19.205113,0</coordinates>
        </Point>
      </Placemark>
      <Placemark>
        <name>Gemsbokvlakte - Month 10</name>
        <description>Waterhole: Gemsbokvlakte, Month: 10, Time: 2010-10-19 20:20:00, Lon: 16.062504, Lat: -19.206224</description>
        <styleUrl>#month10_style</styleUrl>
        <Point>
          <coordinates>16.062504,-19.206224,0</coordinates>
        </Point>
      </Placemark>
      <Placemark>
        <name>Gemsbokvlakte - Month 10</name>
        <description>Waterhole: Gemsbokvlakte, Month: 10, Time: 2010-10-19 20:40:00, Lon: 16.058781, Lat: -19.213304</description>
        <styleUrl>#month10_style</styleUrl>
        <Point>
          <coordinates>16.058781,-19.213304,0</coordinates>
        </Point>
      </Placemark>
      <Placemark>
        <name>Gemsbokvlakte - Month 10</name>
        <description>Waterhole: Gemsbokvlakte, Month: 10, Time: 2010-10-19 21:00:00, Lon: 16.058843, Lat: -19.213147</description>
        <styleUrl>#month10_style</styleUrl>
        <Point>
          <coordinates>16.058843,-19.213147,0</coordinates>
        </Point>
      </Placemark>
      <Placemark>
        <name>Gemsbokvlakte - Month 10</name>
        <description>Waterhole: Gemsbokvlakte, Month: 10, Time: 2010-10-19 21:20:00, Lon: 16.063743, Lat: -19.206087</description>
        <styleUrl>#month10_style</styleUrl>
        <Point>
          <coordinates>16.063743,-19.206087,0</coordinates>
        </Point>
      </Placemark>
      <Placemark>
        <name>Gemsbokvlakte - Month 10</name>
        <description>Waterhole: Gemsbokvlakte, Month: 10, Time: 2010-10-20 21:00:00, Lon: 16.067441, Lat: -19.210640</description>
        <styleUrl>#month10_style</styleUrl>
        <Point>
          <coordinates>16.067441,-19.210640,0</coordinates>
        </Point>
      </Placemark>
      <Placemark>
        <name>Gemsbokvlakte - Month 10</name>
        <description>Waterhole: Gemsbokvlakte, Month: 10, Time: 2010-10-20 21:20:00, Lon: 16.058649, Lat: -19.213236</description>
        <styleUrl>#month10_style</styleUrl>
        <Point>
          <coordinates>16.058649,-19.213236,0</coordinates>
        </Point>
      </Placemark>
      <Placemark>
        <name>Gemsbokvlakte - Month 10</name>
        <description>Waterhole: Gemsbokvlakte, Month: 10, Time: 2010-10-20 21:40:00, Lon: 16.059877, Lat: -19.211375</description>
        <styleUrl>#month10_style</styleUrl>
        <Point>
          <coordinates>16.059877,-19.211375,0</coordinates>
        </Point>
      </Placemark>
      <Placemark>
        <name>Gemsbokvlakte - Month 10</name>
        <description>Waterhole: Gemsbokvlakte, Month: 10, Time: 2010-10-21 21:20:00, Lon: 16.061417, Lat: -19.208219</description>
        <styleUrl>#month10_style</styleUrl>
        <Point>
          <coordinates>16.061417,-19.208219,0</coordinates>
        </Point>
      </Placemark>
      <Placemark>
        <name>Gemsbokvlakte - Month 10</name>
        <description>Waterhole: Gemsbokvlakte, Month: 10, Time: 2010-10-21 21:40:00, Lon: 16.058825, Lat: -19.213411</description>
        <styleUrl>#month10_style</styleUrl>
        <Point>
          <coordinates>16.058825,-19.213411,0</coordinates>
        </Point>
      </Placemark>
      <Placemark>
        <name>Gemsbokvlakte - Month 10</name>
        <description>Waterhole: Gemsbokvlakte, Month: 10, Time: 2010-10-21 22:00:00, Lon: 16.062090, Lat: -19.208331</description>
        <styleUrl>#month10_style</styleUrl>
        <Point>
          <coordinates>16.062090,-19.208331,0</coordinates>
        </Point>
      </Placemark>
      <Placemark>
        <name>Olifantsbad Waterhole - Month 10</name>
        <description>Waterhole: Olifantsbad Waterhole, Month: 10, Time: 2010-10-23 09:20:00, Lon: 16.127578, Lat: -19.231010</description>
        <styleUrl>#month10_style</styleUrl>
        <Point>
          <coordinates>16.127578,-19.231010,0</coordinates>
        </Point>
      </Placemark>
      <Placemark>
        <name>Olifantsbad Waterhole - Month 10</name>
        <description>Waterhole: Olifantsbad Waterhole, Month: 10, Time: 2010-10-23 09:40:00, Lon: 16.131584, Lat: -19.238670</description>
        <styleUrl>#month10_style</styleUrl>
        <Point>
          <coordinates>16.131584,-19.238670,0</coordinates>
        </Point>
      </Placemark>
      <Placemark>
        <name>Olifantsbad Waterhole - Month 10</name>
        <description>Waterhole: Olifantsbad Waterhole, Month: 10, Time: 2010-10-23 10:00:00, Lon: 16.131918, Lat: -19.238593</description>
        <styleUrl>#month10_style</styleUrl>
        <Point>
          <coordinates>16.131918,-19.238593,0</coordinates>
        </Point>
      </Placemark>
      <Placemark>
        <name>Olifantsbad Waterhole - Month 10</name>
        <description>Waterhole: Olifantsbad Waterhole, Month: 10, Time: 2010-10-23 10:20:00, Lon: 16.131781, Lat: -19.238652</description>
        <styleUrl>#month10_style</styleUrl>
        <Point>
          <coordinates>16.131781,-19.238652,0</coordinates>
        </Point>
      </Placemark>
      <Placemark>
        <name>Olifantsbad Waterhole - Month 10</name>
        <description>Waterhole: Olifantsbad Waterhole, Month: 10, Time: 2010-10-23 10:40:00, Lon: 16.131807, Lat: -19.238713</description>
        <styleUrl>#month10_style</styleUrl>
        <Point>
          <coordinates>16.131807,-19.238713,0</coordinates>
        </Point>
      </Placemark>
      <Placemark>
        <name>Olifantsbad Waterhole - Month 10</name>
        <description>Waterhole: Olifantsbad Waterhole, Month: 10, Time: 2010-10-23 11:00:00, Lon: 16.131817, Lat: -19.238717</description>
        <styleUrl>#month10_style</styleUrl>
        <Point>
          <coordinates>16.131817,-19.238717,0</coordinates>
        </Point>
      </Placemark>
      <Placemark>
        <name>Olifantsbad Waterhole - Month 10</name>
        <description>Waterhole: Olifantsbad Waterhole, Month: 10, Time: 2010-10-23 11:20:00, Lon: 16.131807, Lat: -19.238505</description>
        <styleUrl>#month10_style</styleUrl>
        <Point>
          <coordinates>16.131807,-19.238505,0</coordinates>
        </Point>
      </Placemark>
      <Placemark>
        <name>Olifantsbad Waterhole - Month 10</name>
        <description>Waterhole: Olifantsbad Waterhole, Month: 10, Time: 2010-10-23 11:40:00, Lon: 16.131317, Lat: -19.238438</description>
        <styleUrl>#month10_style</styleUrl>
        <Point>
          <coordinates>16.131317,-19.238438,0</coordinates>
        </Point>
      </Placemark>
      <Placemark>
        <name>Olifantsbad Waterhole - Month 10</name>
        <description>Waterhole: Olifantsbad Waterhole, Month: 10, Time: 2010-10-23 12:00:00, Lon: 16.130078, Lat: -19.236503</description>
        <styleUrl>#month10_style</styleUrl>
        <Point>
          <coordinates>16.130078,-19.236503,0</coordinates>
        </Point>
      </Placemark>
      <Placemark>
        <name>Olifantsbad Waterhole - Month 10</name>
        <description>Waterhole: Olifantsbad Waterhole, Month: 10, Time: 2010-10-23 12:20:00, Lon: 16.128850, Lat: -19.235437</description>
        <styleUrl>#month10_style</styleUrl>
        <Point>
          <coordinates>16.128850,-19.235437,0</coordinates>
        </Point>
      </Placemark>
      <Placemark>
        <name>Olifantsbad Waterhole - Month 10</name>
        <description>Waterhole: Olifantsbad Waterhole, Month: 10, Time: 2010-10-23 12:40:00, Lon: 16.126994, Lat: -19.235337</description>
        <styleUrl>#month10_style</styleUrl>
        <Point>
          <coordinates>16.126994,-19.235337,0</coordinates>
        </Point>
      </Placemark>
      <Placemark>
        <name>Olifantsbad Waterhole - Month 10</name>
        <description>Waterhole: Olifantsbad Waterhole, Month: 10, Time: 2010-10-23 13:00:00, Lon: 16.128946, Lat: -19.235986</description>
        <styleUrl>#month10_style</styleUrl>
        <Point>
          <coordinates>16.128946,-19.235986,0</coordinates>
        </Point>
      </Placemark>
      <Placemark>
        <name>Olifantsbad Waterhole - Month 10</name>
        <description>Waterhole: Olifantsbad Waterhole, Month: 10, Time: 2010-10-23 13:20:00, Lon: 16.128931, Lat: -19.235990</description>
        <styleUrl>#month10_style</styleUrl>
        <Point>
          <coordinates>16.128931,-19.235990,0</coordinates>
        </Point>
      </Placemark>
      <Placemark>
        <name>Olifantsbad Waterhole - Month 10</name>
        <description>Waterhole: Olifantsbad Waterhole, Month: 10, Time: 2010-10-23 13:40:00, Lon: 16.128931, Lat: -19.235958</description>
        <styleUrl>#month10_style</styleUrl>
        <Point>
          <coordinates>16.128931,-19.235958,0</coordinates>
        </Point>
      </Placemark>
      <Placemark>
        <name>Olifantsbad Waterhole - Month 10</name>
        <description>Waterhole: Olifantsbad Waterhole, Month: 10, Time: 2010-10-23 14:00:00, Lon: 16.128945, Lat: -19.235966</description>
        <styleUrl>#month10_style</styleUrl>
        <Point>
          <coordinates>16.128945,-19.235966,0</coordinates>
        </Point>
      </Placemark>
      <Placemark>
        <name>Gemsbokvlakte - Month 10</name>
        <description>Waterhole: Gemsbokvlakte, Month: 10, Time: 2010-10-24 18:20:00, Lon: 16.062185, Lat: -19.207745</description>
        <styleUrl>#month10_style</styleUrl>
        <Point>
          <coordinates>16.062185,-19.207745,0</coordinates>
        </Point>
      </Placemark>
      <Placemark>
        <name>Gemsbokvlakte - Month 10</name>
        <description>Waterhole: Gemsbokvlakte, Month: 10, Time: 2010-10-24 18:40:00, Lon: 16.058858, Lat: -19.213316</description>
        <styleUrl>#month10_style</styleUrl>
        <Point>
          <coordinates>16.058858,-19.213316,0</coordinates>
        </Point>
      </Placemark>
      <Placemark>
        <name>Gemsbokvlakte - Month 10</name>
        <description>Waterhole: Gemsbokvlakte, Month: 10, Time: 2010-10-24 19:00:00, Lon: 16.058326, Lat: -19.212179</description>
        <styleUrl>#month10_style</styleUrl>
        <Point>
          <coordinates>16.058326,-19.212179,0</coordinates>
        </Point>
      </Placemark>
      <Placemark>
        <name>Gemsbokvlakte - Month 10</name>
        <description>Waterhole: Gemsbokvlakte, Month: 10, Time: 2010-10-24 19:20:00, Lon: 16.054962, Lat: -19.207428</description>
        <styleUrl>#month10_style</styleUrl>
        <Point>
          <coordinates>16.054962,-19.207428,0</coordinates>
        </Point>
      </Placemark>
      <Placemark>
        <name>Gemsbokvlakte - Month 10</name>
        <description>Waterhole: Gemsbokvlakte, Month: 10, Time: 2010-10-27 22:20:00, Lon: 16.053983, Lat: -19.214962</description>
        <styleUrl>#month10_style</styleUrl>
        <Point>
          <coordinates>16.053983,-19.214962,0</coordinates>
        </Point>
      </Placemark>
      <Placemark>
        <name>Gemsbokvlakte - Month 10</name>
        <description>Waterhole: Gemsbokvlakte, Month: 10, Time: 2010-10-27 22:40:00, Lon: 16.058838, Lat: -19.213230</description>
        <styleUrl>#month10_style</styleUrl>
        <Point>
          <coordinates>16.058838,-19.213230,0</coordinates>
        </Point>
      </Placemark>
      <Placemark>
        <name>Gemsbokvlakte - Month 10</name>
        <description>Waterhole: Gemsbokvlakte, Month: 10, Time: 2010-10-27 23:00:00, Lon: 16.060214, Lat: -19.212284</description>
        <styleUrl>#month10_style</styleUrl>
        <Point>
          <coordinates>16.060214,-19.212284,0</coordinates>
        </Point>
      </Placemark>
      <Placemark>
        <name>Gemsbokvlakte - Month 10</name>
        <description>Waterhole: Gemsbokvlakte, Month: 10, Time: 2010-10-27 23:20:00, Lon: 16.065122, Lat: -19.207546</description>
        <styleUrl>#month10_style</styleUrl>
        <Point>
          <coordinates>16.065122,-19.207546,0</coordinates>
        </Point>
      </Placemark>
      <Placemark>
        <name>Gemsbokvlakte - Month 10</name>
        <description>Waterhole: Gemsbokvlakte, Month: 10, Time: 2010-10-28 22:00:00, Lon: 16.060157, Lat: -19.210905</description>
        <styleUrl>#month10_style</styleUrl>
        <Point>
          <coordinates>16.060157,-19.210905,0</coordinates>
        </Point>
      </Placemark>
      <Placemark>
        <name>Gemsbokvlakte - Month 10</name>
        <description>Waterhole: Gemsbokvlakte, Month: 10, Time: 2010-10-28 22:20:00, Lon: 16.058864, Lat: -19.213289</description>
        <styleUrl>#month10_style</styleUrl>
        <Point>
          <coordinates>16.058864,-19.213289,0</coordinates>
        </Point>
      </Placemark>
      <Placemark>
        <name>Gemsbokvlakte - Month 10</name>
        <description>Waterhole: Gemsbokvlakte, Month: 10, Time: 2010-10-28 22:40:00, Lon: 16.058844, Lat: -19.213173</description>
        <styleUrl>#month10_style</styleUrl>
        <Point>
          <coordinates>16.058844,-19.213173,0</coordinates>
        </Point>
      </Placemark>
      <Placemark>
        <name>Gemsbokvlakte - Month 10</name>
        <description>Waterhole: Gemsbokvlakte, Month: 10, Time: 2010-10-28 23:00:00, Lon: 16.054156, Lat: -19.211713</description>
        <styleUrl>#month10_style</styleUrl>
        <Point>
          <coordinates>16.054156,-19.211713,0</coordinates>
        </Point>
      </Placemark>
      <Placemark>
        <name>Ombika - Month 11</name>
        <description>Waterhole: Ombika, Month: 11, Time: 2010-11-14 18:40:00, Lon: 15.941507, Lat: -19.315232</description>
        <styleUrl>#month11_style</styleUrl>
        <Point>
          <coordinates>15.941507,-19.315232,0</coordinates>
        </Point>
      </Placemark>
      <Placemark>
        <name>Ombika - Month 11</name>
        <description>Waterhole: Ombika, Month: 11, Time: 2010-11-14 19:00:00, Lon: 15.941112, Lat: -19.316298</description>
        <styleUrl>#month11_style</styleUrl>
        <Point>
          <coordinates>15.941112,-19.316298,0</coordinates>
        </Point>
      </Placemark>
      <Placemark>
        <name>Ombika - Month 11</name>
        <description>Waterhole: Ombika, Month: 11, Time: 2010-11-14 19:20:00, Lon: 15.940951, Lat: -19.316270</description>
        <styleUrl>#month11_style</styleUrl>
        <Point>
          <coordinates>15.940951,-19.316270,0</coordinates>
        </Point>
      </Placemark>
      <Placemark>
        <name>Ombika - Month 11</name>
        <description>Waterhole: Ombika, Month: 11, Time: 2010-11-14 19:40:00, Lon: 15.940942, Lat: -19.316272</description>
        <styleUrl>#month11_style</styleUrl>
        <Point>
          <coordinates>15.940942,-19.316272,0</coordinates>
        </Point>
      </Placemark>
      <Placemark>
        <name>Ombika - Month 11</name>
        <description>Waterhole: Ombika, Month: 11, Time: 2010-11-14 20:00:00, Lon: 15.941366, Lat: -19.316280</description>
        <styleUrl>#month11_style</styleUrl>
        <Point>
          <coordinates>15.941366,-19.316280,0</coordinates>
        </Point>
      </Placemark>
      <Placemark>
        <name>Ombika - Month 11</name>
        <description>Waterhole: Ombika, Month: 11, Time: 2010-11-14 20:20:00, Lon: 15.940618, Lat: -19.316176</description>
        <styleUrl>#month11_style</styleUrl>
        <Point>
          <coordinates>15.940618,-19.316176,0</coordinates>
        </Point>
      </Placemark>
      <Placemark>
        <name>Ombika - Month 11</name>
        <description>Waterhole: Ombika, Month: 11, Time: 2010-11-14 20:40:00, Lon: 15.939255, Lat: -19.312154</description>
        <styleUrl>#month11_style</styleUrl>
        <Point>
          <coordinates>15.939255,-19.312154,0</coordinates>
        </Point>
      </Placemark>
      <Placemark>
        <name>Ombika - Month 11</name>
        <description>Waterhole: Ombika, Month: 11, Time: 2010-11-14 21:00:00, Lon: 15.939140, Lat: -19.312120</description>
        <styleUrl>#month11_style</styleUrl>
        <Point>
          <coordinates>15.939140,-19.312120,0</coordinates>
        </Point>
      </Placemark>
      <Placemark>
        <name>Ombika - Month 11</name>
        <description>Waterhole: Ombika, Month: 11, Time: 2010-11-14 21:20:00, Lon: 15.933583, Lat: -19.312622</description>
        <styleUrl>#month11_style</styleUrl>
        <Point>
          <coordinates>15.933583,-19.312622,0</coordinates>
        </Point>
      </Placemark>
      <Placemark>
        <name>Grünewald waterhole - Month 11</name>
        <description>Waterhole: Grünewald waterhole, Month: 11, Time: 2010-11-17 15:40:00, Lon: 15.636903, Lat: -19.127332</description>
        <styleUrl>#month11_style</styleUrl>
        <Point>
          <coordinates>15.636903,-19.127332,0</coordinates>
        </Point>
      </Placemark>
      <Placemark>
        <name>Ozonjuitji m'Bari - Month 11</name>
        <description>Waterhole: Ozonjuitji m'Bari, Month: 11, Time: 2010-11-18 16:40:00, Lon: 15.502240, Lat: -18.977246</description>
        <styleUrl>#month11_style</styleUrl>
        <Point>
          <coordinates>15.502240,-18.977246,0</coordinates>
        </Point>
      </Placemark>
      <Placemark>
        <name>Ozonjuitji m'Bari - Month 11</name>
        <description>Waterhole: Ozonjuitji m'Bari, Month: 11, Time: 2010-11-18 17:00:00, Lon: 15.504699, Lat: -18.973307</description>
        <styleUrl>#month11_style</styleUrl>
        <Point>
          <coordinates>15.504699,-18.973307,0</coordinates>
        </Point>
      </Placemark>
      <Placemark>
        <name>Ozonjuitji m'Bari - Month 11</name>
        <description>Waterhole: Ozonjuitji m'Bari, Month: 11, Time: 2010-11-18 17:20:00, Lon: 15.505393, Lat: -18.969307</description>
        <styleUrl>#month11_style</styleUrl>
        <Point>
          <coordinates>15.505393,-18.969307,0</coordinates>
        </Point>
      </Placemark>
      <Placemark>
        <name>Ozonjuitji m'Bari - Month 4</name>
        <description>Waterhole: Ozonjuitji m'Bari, Month: 4, Time: 2010-04-13 18:00:00, Lon: 15.503566, Lat: -18.976624</description>
        <styleUrl>#month4_style</styleUrl>
        <Point>
          <coordinates>15.503566,-18.976624,0</coordinates>
        </Point>
      </Placemark>
      <Placemark>
        <name>Olifantsbad Waterhole - Month 4</name>
        <description>Waterhole: Olifantsbad Waterhole, Month: 4, Time: 2010-04-17 10:20:00, Lon: 16.128474, Lat: -19.231295</description>
        <styleUrl>#month4_style</styleUrl>
        <Point>
          <coordinates>16.128474,-19.231295,0</coordinates>
        </Point>
      </Placemark>
      <Placemark>
        <name>Olifantsbad Waterhole - Month 4</name>
        <description>Waterhole: Olifantsbad Waterhole, Month: 4, Time: 2010-04-17 10:40:00, Lon: 16.129741, Lat: -19.232239</description>
        <styleUrl>#month4_style</styleUrl>
        <Point>
          <coordinates>16.129741,-19.232239,0</coordinates>
        </Point>
      </Placemark>
      <Placemark>
        <name>Olifantsbad Waterhole - Month 4</name>
        <description>Waterhole: Olifantsbad Waterhole, Month: 4, Time: 2010-04-17 11:00:00, Lon: 16.129737, Lat: -19.232241</description>
        <styleUrl>#month4_style</styleUrl>
        <Point>
          <coordinates>16.129737,-19.232241,0</coordinates>
        </Point>
      </Placemark>
      <Placemark>
        <name>Olifantsbad Waterhole - Month 4</name>
        <description>Waterhole: Olifantsbad Waterhole, Month: 4, Time: 2010-04-17 11:20:00, Lon: 16.132467, Lat: -19.233571</description>
        <styleUrl>#month4_style</styleUrl>
        <Point>
          <coordinates>16.132467,-19.233571,0</coordinates>
        </Point>
      </Placemark>
      <Placemark>
        <name>Olifantsbad Waterhole - Month 4</name>
        <description>Waterhole: Olifantsbad Waterhole, Month: 4, Time: 2010-04-17 11:40:00, Lon: 16.132484, Lat: -19.233559</description>
        <styleUrl>#month4_style</styleUrl>
        <Point>
          <coordinates>16.132484,-19.233559,0</coordinates>
        </Point>
      </Placemark>
      <Placemark>
        <name>Olifantsbad Waterhole - Month 4</name>
        <description>Waterhole: Olifantsbad Waterhole, Month: 4, Time: 2010-04-17 12:00:00, Lon: 16.132479, Lat: -19.233580</description>
        <styleUrl>#month4_style</styleUrl>
        <Point>
          <coordinates>16.132479,-19.233580,0</coordinates>
        </Point>
      </Placemark>
      <Placemark>
        <name>Olifantsbad Waterhole - Month 4</name>
        <description>Waterhole: Olifantsbad Waterhole, Month: 4, Time: 2010-04-17 12:20:00, Lon: 16.132484, Lat: -19.233580</description>
        <styleUrl>#month4_style</styleUrl>
        <Point>
          <coordinates>16.132484,-19.233580,0</coordinates>
        </Point>
      </Placemark>
      <Placemark>
        <name>Olifantsbad Waterhole - Month 4</name>
        <description>Waterhole: Olifantsbad Waterhole, Month: 4, Time: 2010-04-17 12:40:00, Lon: 16.131718, Lat: -19.238609</description>
        <styleUrl>#month4_style</styleUrl>
        <Point>
          <coordinates>16.131718,-19.238609,0</coordinates>
        </Point>
      </Placemark>
      <Placemark>
        <name>Olifantsbad Waterhole - Month 4</name>
        <description>Waterhole: Olifantsbad Waterhole, Month: 4, Time: 2010-04-17 13:00:00, Lon: 16.138182, Lat: -19.240881</description>
        <styleUrl>#month4_style</styleUrl>
        <Point>
          <coordinates>16.138182,-19.240881,0</coordinates>
        </Point>
      </Placemark>
      <Placemark>
        <name>Aus Fountain - Month 4</name>
        <description>Waterhole: Aus Fountain, Month: 4, Time: 2010-04-23 15:40:00, Lon: 16.194264, Lat: -19.206502</description>
        <styleUrl>#month4_style</styleUrl>
        <Point>
          <coordinates>16.194264,-19.206502,0</coordinates>
        </Point>
      </Placemark>
      <Placemark>
        <name>Aus Fountain - Month 4</name>
        <description>Waterhole: Aus Fountain, Month: 4, Time: 2010-04-23 16:00:00, Lon: 16.190762, Lat: -19.208565</description>
        <styleUrl>#month4_style</styleUrl>
        <Point>
          <coordinates>16.190762,-19.208565,0</coordinates>
        </Point>
      </Placemark>
    </Folder>
  </Document>
</kml>
