<?xml version="1.0" ?>
<kml xmlns="http://www.opengis.net/kml/2.2">
  <Document>
    <name>Elephant 01me - 2010 Waterhole Visits</name>
    <description>Points colored by month for elephant 01me in 2010</description>
    <Style id="month1_style">
      <IconStyle>
        <color>ff0000ff</color>
        <Icon>
          <href>http://maps.google.com/mapfiles/kml/shapes/placemark_circle.png</href>
        </Icon>
      </IconStyle>
      <LabelStyle>
        <color>ff0000ff</color>
      </LabelStyle>
    </Style>
    <Style id="month2_style">
      <IconStyle>
        <color>ff00ff00</color>
        <Icon>
          <href>http://maps.google.com/mapfiles/kml/shapes/placemark_circle.png</href>
        </Icon>
      </IconStyle>
      <LabelStyle>
        <color>ff00ff00</color>
      </LabelStyle>
    </Style>
    <Style id="month3_style">
      <IconStyle>
        <color>ffff0000</color>
        <Icon>
          <href>http://maps.google.com/mapfiles/kml/shapes/placemark_circle.png</href>
        </Icon>
      </IconStyle>
      <LabelStyle>
        <color>ffff0000</color>
      </LabelStyle>
    </Style>
    <Style id="month4_style">
      <IconStyle>
        <color>ff00ffff</color>
        <Icon>
          <href>http://maps.google.com/mapfiles/kml/shapes/placemark_circle.png</href>
        </Icon>
      </IconStyle>
      <LabelStyle>
        <color>ff00ffff</color>
      </LabelStyle>
    </Style>
    <Style id="month5_style">
      <IconStyle>
        <color>ffff00ff</color>
        <Icon>
          <href>http://maps.google.com/mapfiles/kml/shapes/placemark_circle.png</href>
        </Icon>
      </IconStyle>
      <LabelStyle>
        <color>ffff00ff</color>
      </LabelStyle>
    </Style>
    <Style id="month6_style">
      <IconStyle>
        <color>ff808080</color>
        <Icon>
          <href>http://maps.google.com/mapfiles/kml/shapes/placemark_circle.png</href>
        </Icon>
      </IconStyle>
      <LabelStyle>
        <color>ff808080</color>
      </LabelStyle>
    </Style>
    <Style id="month7_style">
      <IconStyle>
        <color>ff8000ff</color>
        <Icon>
          <href>http://maps.google.com/mapfiles/kml/shapes/placemark_circle.png</href>
        </Icon>
      </IconStyle>
      <LabelStyle>
        <color>ff8000ff</color>
      </LabelStyle>
    </Style>
    <Style id="month8_style">
      <IconStyle>
        <color>ff0080ff</color>
        <Icon>
          <href>http://maps.google.com/mapfiles/kml/shapes/placemark_circle.png</href>
        </Icon>
      </IconStyle>
      <LabelStyle>
        <color>ff0080ff</color>
      </LabelStyle>
    </Style>
    <Style id="month9_style">
      <IconStyle>
        <color>ff80ff00</color>
        <Icon>
          <href>http://maps.google.com/mapfiles/kml/shapes/placemark_circle.png</href>
        </Icon>
      </IconStyle>
      <LabelStyle>
        <color>ff80ff00</color>
      </LabelStyle>
    </Style>
    <Style id="month10_style">
      <IconStyle>
        <color>ffff8000</color>
        <Icon>
          <href>http://maps.google.com/mapfiles/kml/shapes/placemark_circle.png</href>
        </Icon>
      </IconStyle>
      <LabelStyle>
        <color>ffff8000</color>
      </LabelStyle>
    </Style>
    <Style id="month11_style">
      <IconStyle>
        <color>ff008000</color>
        <Icon>
          <href>http://maps.google.com/mapfiles/kml/shapes/placemark_circle.png</href>
        </Icon>
      </IconStyle>
      <LabelStyle>
        <color>ff008000</color>
      </LabelStyle>
    </Style>
    <Style id="month12_style">
      <IconStyle>
        <color>ff800000</color>
        <Icon>
          <href>http://maps.google.com/mapfiles/kml/shapes/placemark_circle.png</href>
        </Icon>
      </IconStyle>
      <LabelStyle>
        <color>ff800000</color>
      </LabelStyle>
    </Style>
    <Folder>
      <name>Waterhole Visits</name>
      <description>Each point represents an observation at a waterhole, colored by month</description>
      <Placemark>
        <name>Duikerdrink - Month 5</name>
        <description>Waterhole: Duikerdrink, Month: 5, Time: 2010-05-12 14:40:00, Lon: 14.781950, Lat: -19.152956</description>
        <styleUrl>#month5_style</styleUrl>
        <Point>
          <coordinates>14.781950,-19.152956,0</coordinates>
        </Point>
      </Placemark>
      <Placemark>
        <name>Duikerdrink - Month 5</name>
        <description>Waterhole: Duikerdrink, Month: 5, Time: 2010-05-12 15:00:00, Lon: 14.773837, Lat: -19.148751</description>
        <styleUrl>#month5_style</styleUrl>
        <Point>
          <coordinates>14.773837,-19.148751,0</coordinates>
        </Point>
      </Placemark>
      <Placemark>
        <name>Jakalswater - Month 5</name>
        <description>Waterhole: Jakalswater, Month: 5, Time: 2010-05-12 18:40:00, Lon: 14.660775, Lat: -19.136546</description>
        <styleUrl>#month5_style</styleUrl>
        <Point>
          <coordinates>14.660775,-19.136546,0</coordinates>
        </Point>
      </Placemark>
      <Placemark>
        <name>Jakalswater - Month 5</name>
        <description>Waterhole: Jakalswater, Month: 5, Time: 2010-05-12 19:00:00, Lon: 14.656877, Lat: -19.137150</description>
        <styleUrl>#month5_style</styleUrl>
        <Point>
          <coordinates>14.656877,-19.137150,0</coordinates>
        </Point>
      </Placemark>
      <Placemark>
        <name>Jakalswater - Month 5</name>
        <description>Waterhole: Jakalswater, Month: 5, Time: 2010-05-12 19:20:00, Lon: 14.656829, Lat: -19.137109</description>
        <styleUrl>#month5_style</styleUrl>
        <Point>
          <coordinates>14.656829,-19.137109,0</coordinates>
        </Point>
      </Placemark>
      <Placemark>
        <name>Jakalswater - Month 5</name>
        <description>Waterhole: Jakalswater, Month: 5, Time: 2010-05-12 19:40:00, Lon: 14.662531, Lat: -19.131504</description>
        <styleUrl>#month5_style</styleUrl>
        <Point>
          <coordinates>14.662531,-19.131504,0</coordinates>
        </Point>
      </Placemark>
      <Placemark>
        <name>Olifantsrus - Month 5</name>
        <description>Waterhole: Olifantsrus, Month: 5, Time: 2010-05-22 14:20:00, Lon: 14.859709, Lat: -18.971810</description>
        <styleUrl>#month5_style</styleUrl>
        <Point>
          <coordinates>14.859709,-18.971810,0</coordinates>
        </Point>
      </Placemark>
      <Placemark>
        <name>Olifantsrus - Month 5</name>
        <description>Waterhole: Olifantsrus, Month: 5, Time: 2010-05-22 14:40:00, Lon: 14.859589, Lat: -18.966614</description>
        <styleUrl>#month5_style</styleUrl>
        <Point>
          <coordinates>14.859589,-18.966614,0</coordinates>
        </Point>
      </Placemark>
      <Placemark>
        <name>Olifantsrus - Month 5</name>
        <description>Waterhole: Olifantsrus, Month: 5, Time: 2010-05-22 15:00:00, Lon: 14.862610, Lat: -18.967004</description>
        <styleUrl>#month5_style</styleUrl>
        <Point>
          <coordinates>14.862610,-18.967004,0</coordinates>
        </Point>
      </Placemark>
      <Placemark>
        <name>Olifantsrus - Month 5</name>
        <description>Waterhole: Olifantsrus, Month: 5, Time: 2010-05-22 15:20:00, Lon: 14.863563, Lat: -18.967871</description>
        <styleUrl>#month5_style</styleUrl>
        <Point>
          <coordinates>14.863563,-18.967871,0</coordinates>
        </Point>
      </Placemark>
      <Placemark>
        <name>Olifantsrus - Month 5</name>
        <description>Waterhole: Olifantsrus, Month: 5, Time: 2010-05-22 15:40:00, Lon: 14.867469, Lat: -18.972133</description>
        <styleUrl>#month5_style</styleUrl>
        <Point>
          <coordinates>14.867469,-18.972133,0</coordinates>
        </Point>
      </Placemark>
      <Placemark>
        <name>Duikerdrink - Month 5</name>
        <description>Waterhole: Duikerdrink, Month: 5, Time: 2010-05-24 22:40:00, Lon: 14.775711, Lat: -19.148122</description>
        <styleUrl>#month5_style</styleUrl>
        <Point>
          <coordinates>14.775711,-19.148122,0</coordinates>
        </Point>
      </Placemark>
      <Placemark>
        <name>Duikerdrink - Month 5</name>
        <description>Waterhole: Duikerdrink, Month: 5, Time: 2010-05-24 23:00:00, Lon: 14.777024, Lat: -19.151349</description>
        <styleUrl>#month5_style</styleUrl>
        <Point>
          <coordinates>14.777024,-19.151349,0</coordinates>
        </Point>
      </Placemark>
      <Placemark>
        <name>Duikerdrink - Month 5</name>
        <description>Waterhole: Duikerdrink, Month: 5, Time: 2010-05-24 23:20:00, Lon: 14.779813, Lat: -19.153501</description>
        <styleUrl>#month5_style</styleUrl>
        <Point>
          <coordinates>14.779813,-19.153501,0</coordinates>
        </Point>
      </Placemark>
      <Placemark>
        <name>Duikerdrink - Month 5</name>
        <description>Waterhole: Duikerdrink, Month: 5, Time: 2010-05-29 14:20:00, Lon: 14.784038, Lat: -19.149084</description>
        <styleUrl>#month5_style</styleUrl>
        <Point>
          <coordinates>14.784038,-19.149084,0</coordinates>
        </Point>
      </Placemark>
      <Placemark>
        <name>Duikerdrink - Month 5</name>
        <description>Waterhole: Duikerdrink, Month: 5, Time: 2010-05-29 14:40:00, Lon: 14.779045, Lat: -19.147011</description>
        <styleUrl>#month5_style</styleUrl>
        <Point>
          <coordinates>14.779045,-19.147011,0</coordinates>
        </Point>
      </Placemark>
      <Placemark>
        <name>Jakalswater - Month 5</name>
        <description>Waterhole: Jakalswater, Month: 5, Time: 2010-05-29 18:20:00, Lon: 14.656127, Lat: -19.136882</description>
        <styleUrl>#month5_style</styleUrl>
        <Point>
          <coordinates>14.656127,-19.136882,0</coordinates>
        </Point>
      </Placemark>
      <Placemark>
        <name>Jakalswater - Month 5</name>
        <description>Waterhole: Jakalswater, Month: 5, Time: 2010-05-29 18:40:00, Lon: 14.654507, Lat: -19.137724</description>
        <styleUrl>#month5_style</styleUrl>
        <Point>
          <coordinates>14.654507,-19.137724,0</coordinates>
        </Point>
      </Placemark>
      <Placemark>
        <name>Jakalswater - Month 5</name>
        <description>Waterhole: Jakalswater, Month: 5, Time: 2010-05-29 19:00:00, Lon: 14.649554, Lat: -19.139705</description>
        <styleUrl>#month5_style</styleUrl>
        <Point>
          <coordinates>14.649554,-19.139705,0</coordinates>
        </Point>
      </Placemark>
      <Placemark>
        <name>Jakalswater - Month 5</name>
        <description>Waterhole: Jakalswater, Month: 5, Time: 2010-05-29 19:40:00, Lon: 14.657427, Lat: -19.138062</description>
        <styleUrl>#month5_style</styleUrl>
        <Point>
          <coordinates>14.657427,-19.138062,0</coordinates>
        </Point>
      </Placemark>
      <Placemark>
        <name>Jakalswater - Month 5</name>
        <description>Waterhole: Jakalswater, Month: 5, Time: 2010-05-29 20:00:00, Lon: 14.658681, Lat: -19.142120</description>
        <styleUrl>#month5_style</styleUrl>
        <Point>
          <coordinates>14.658681,-19.142120,0</coordinates>
        </Point>
      </Placemark>
      <Placemark>
        <name>Jakalswater - Month 5</name>
        <description>Waterhole: Jakalswater, Month: 5, Time: 2010-05-30 11:20:00, Lon: 14.659061, Lat: -19.140216</description>
        <styleUrl>#month5_style</styleUrl>
        <Point>
          <coordinates>14.659061,-19.140216,0</coordinates>
        </Point>
      </Placemark>
      <Placemark>
        <name>Jakalswater - Month 5</name>
        <description>Waterhole: Jakalswater, Month: 5, Time: 2010-05-30 11:40:00, Lon: 14.656837, Lat: -19.137158</description>
        <styleUrl>#month5_style</styleUrl>
        <Point>
          <coordinates>14.656837,-19.137158,0</coordinates>
        </Point>
      </Placemark>
      <Placemark>
        <name>Jakalswater - Month 5</name>
        <description>Waterhole: Jakalswater, Month: 5, Time: 2010-05-30 12:00:00, Lon: 14.656822, Lat: -19.137148</description>
        <styleUrl>#month5_style</styleUrl>
        <Point>
          <coordinates>14.656822,-19.137148,0</coordinates>
        </Point>
      </Placemark>
      <Placemark>
        <name>Jakalswater - Month 5</name>
        <description>Waterhole: Jakalswater, Month: 5, Time: 2010-05-30 12:20:00, Lon: 14.659315, Lat: -19.140645</description>
        <styleUrl>#month5_style</styleUrl>
        <Point>
          <coordinates>14.659315,-19.140645,0</coordinates>
        </Point>
      </Placemark>
      <Placemark>
        <name>Jakalswater - Month 5</name>
        <description>Waterhole: Jakalswater, Month: 5, Time: 2010-05-30 12:40:00, Lon: 14.661055, Lat: -19.144436</description>
        <styleUrl>#month5_style</styleUrl>
        <Point>
          <coordinates>14.661055,-19.144436,0</coordinates>
        </Point>
      </Placemark>
      <Placemark>
        <name>Jakalswater - Month 5</name>
        <description>Waterhole: Jakalswater, Month: 5, Time: 2010-05-30 16:00:00, Lon: 14.663594, Lat: -19.142232</description>
        <styleUrl>#month5_style</styleUrl>
        <Point>
          <coordinates>14.663594,-19.142232,0</coordinates>
        </Point>
      </Placemark>
      <Placemark>
        <name>Jakalswater - Month 5</name>
        <description>Waterhole: Jakalswater, Month: 5, Time: 2010-05-30 16:20:00, Lon: 14.661667, Lat: -19.139571</description>
        <styleUrl>#month5_style</styleUrl>
        <Point>
          <coordinates>14.661667,-19.139571,0</coordinates>
        </Point>
      </Placemark>
      <Placemark>
        <name>Jakalswater - Month 5</name>
        <description>Waterhole: Jakalswater, Month: 5, Time: 2010-05-30 16:40:00, Lon: 14.656850, Lat: -19.137142</description>
        <styleUrl>#month5_style</styleUrl>
        <Point>
          <coordinates>14.656850,-19.137142,0</coordinates>
        </Point>
      </Placemark>
      <Placemark>
        <name>Jakalswater - Month 5</name>
        <description>Waterhole: Jakalswater, Month: 5, Time: 2010-05-30 17:00:00, Lon: 14.656018, Lat: -19.136835</description>
        <styleUrl>#month5_style</styleUrl>
        <Point>
          <coordinates>14.656018,-19.136835,0</coordinates>
        </Point>
      </Placemark>
      <Placemark>
        <name>Jakalswater - Month 5</name>
        <description>Waterhole: Jakalswater, Month: 5, Time: 2010-05-30 17:20:00, Lon: 14.656863, Lat: -19.137144</description>
        <styleUrl>#month5_style</styleUrl>
        <Point>
          <coordinates>14.656863,-19.137144,0</coordinates>
        </Point>
      </Placemark>
      <Placemark>
        <name>Jakalswater - Month 5</name>
        <description>Waterhole: Jakalswater, Month: 5, Time: 2010-05-30 17:40:00, Lon: 14.658129, Lat: -19.137390</description>
        <styleUrl>#month5_style</styleUrl>
        <Point>
          <coordinates>14.658129,-19.137390,0</coordinates>
        </Point>
      </Placemark>
      <Placemark>
        <name>Jakalswater - Month 5</name>
        <description>Waterhole: Jakalswater, Month: 5, Time: 2010-05-30 18:00:00, Lon: 14.657657, Lat: -19.138790</description>
        <styleUrl>#month5_style</styleUrl>
        <Point>
          <coordinates>14.657657,-19.138790,0</coordinates>
        </Point>
      </Placemark>
      <Placemark>
        <name>Jakalswater - Month 5</name>
        <description>Waterhole: Jakalswater, Month: 5, Time: 2010-05-30 18:20:00, Lon: 14.655507, Lat: -19.139555</description>
        <styleUrl>#month5_style</styleUrl>
        <Point>
          <coordinates>14.655507,-19.139555,0</coordinates>
        </Point>
      </Placemark>
      <Placemark>
        <name>Jakalswater - Month 5</name>
        <description>Waterhole: Jakalswater, Month: 5, Time: 2010-05-30 18:40:00, Lon: 14.654871, Lat: -19.139766</description>
        <styleUrl>#month5_style</styleUrl>
        <Point>
          <coordinates>14.654871,-19.139766,0</coordinates>
        </Point>
      </Placemark>
      <Placemark>
        <name>Jakalswater - Month 5</name>
        <description>Waterhole: Jakalswater, Month: 5, Time: 2010-05-30 19:00:00, Lon: 14.654874, Lat: -19.140432</description>
        <styleUrl>#month5_style</styleUrl>
        <Point>
          <coordinates>14.654874,-19.140432,0</coordinates>
        </Point>
      </Placemark>
      <Placemark>
        <name>Jakalswater - Month 5</name>
        <description>Waterhole: Jakalswater, Month: 5, Time: 2010-05-30 19:20:00, Lon: 14.657078, Lat: -19.140470</description>
        <styleUrl>#month5_style</styleUrl>
        <Point>
          <coordinates>14.657078,-19.140470,0</coordinates>
        </Point>
      </Placemark>
      <Placemark>
        <name>Jakalswater - Month 5</name>
        <description>Waterhole: Jakalswater, Month: 5, Time: 2010-05-30 19:40:00, Lon: 14.659797, Lat: -19.141066</description>
        <styleUrl>#month5_style</styleUrl>
        <Point>
          <coordinates>14.659797,-19.141066,0</coordinates>
        </Point>
      </Placemark>
      <Placemark>
        <name>Jakalswater - Month 5</name>
        <description>Waterhole: Jakalswater, Month: 5, Time: 2010-05-30 20:00:00, Lon: 14.663095, Lat: -19.142719</description>
        <styleUrl>#month5_style</styleUrl>
        <Point>
          <coordinates>14.663095,-19.142719,0</coordinates>
        </Point>
      </Placemark>
      <Placemark>
        <name>Jakalswater - Month 6</name>
        <description>Waterhole: Jakalswater, Month: 6, Time: 2010-06-01 13:40:00, Lon: 14.664031, Lat: -19.138177</description>
        <styleUrl>#month6_style</styleUrl>
        <Point>
          <coordinates>14.664031,-19.138177,0</coordinates>
        </Point>
      </Placemark>
      <Placemark>
        <name>Jakalswater - Month 6</name>
        <description>Waterhole: Jakalswater, Month: 6, Time: 2010-06-01 14:00:00, Lon: 14.660184, Lat: -19.137201</description>
        <styleUrl>#month6_style</styleUrl>
        <Point>
          <coordinates>14.660184,-19.137201,0</coordinates>
        </Point>
      </Placemark>
      <Placemark>
        <name>Jakalswater - Month 6</name>
        <description>Waterhole: Jakalswater, Month: 6, Time: 2010-06-01 14:20:00, Lon: 14.659898, Lat: -19.137138</description>
        <styleUrl>#month6_style</styleUrl>
        <Point>
          <coordinates>14.659898,-19.137138,0</coordinates>
        </Point>
      </Placemark>
      <Placemark>
        <name>Jakalswater - Month 6</name>
        <description>Waterhole: Jakalswater, Month: 6, Time: 2010-06-01 14:40:00, Lon: 14.656859, Lat: -19.137136</description>
        <styleUrl>#month6_style</styleUrl>
        <Point>
          <coordinates>14.656859,-19.137136,0</coordinates>
        </Point>
      </Placemark>
      <Placemark>
        <name>Jakalswater - Month 6</name>
        <description>Waterhole: Jakalswater, Month: 6, Time: 2010-06-01 15:00:00, Lon: 14.661552, Lat: -19.137740</description>
        <styleUrl>#month6_style</styleUrl>
        <Point>
          <coordinates>14.661552,-19.137740,0</coordinates>
        </Point>
      </Placemark>
      <Placemark>
        <name>Jakalswater - Month 6</name>
        <description>Waterhole: Jakalswater, Month: 6, Time: 2010-06-01 15:20:00, Lon: 14.662110, Lat: -19.137895</description>
        <styleUrl>#month6_style</styleUrl>
        <Point>
          <coordinates>14.662110,-19.137895,0</coordinates>
        </Point>
      </Placemark>
      <Placemark>
        <name>Jakalswater - Month 6</name>
        <description>Waterhole: Jakalswater, Month: 6, Time: 2010-06-01 15:40:00, Lon: 14.661605, Lat: -19.137624</description>
        <styleUrl>#month6_style</styleUrl>
        <Point>
          <coordinates>14.661605,-19.137624,0</coordinates>
        </Point>
      </Placemark>
      <Placemark>
        <name>Jakalswater - Month 6</name>
        <description>Waterhole: Jakalswater, Month: 6, Time: 2010-06-01 16:00:00, Lon: 14.661576, Lat: -19.137541</description>
        <styleUrl>#month6_style</styleUrl>
        <Point>
          <coordinates>14.661576,-19.137541,0</coordinates>
        </Point>
      </Placemark>
      <Placemark>
        <name>Jakalswater - Month 6</name>
        <description>Waterhole: Jakalswater, Month: 6, Time: 2010-06-01 16:20:00, Lon: 14.661578, Lat: -19.137679</description>
        <styleUrl>#month6_style</styleUrl>
        <Point>
          <coordinates>14.661578,-19.137679,0</coordinates>
        </Point>
      </Placemark>
      <Placemark>
        <name>Jakalswater - Month 6</name>
        <description>Waterhole: Jakalswater, Month: 6, Time: 2010-06-01 16:40:00, Lon: 14.656832, Lat: -19.137071</description>
        <styleUrl>#month6_style</styleUrl>
        <Point>
          <coordinates>14.656832,-19.137071,0</coordinates>
        </Point>
      </Placemark>
      <Placemark>
        <name>Jakalswater - Month 6</name>
        <description>Waterhole: Jakalswater, Month: 6, Time: 2010-06-01 17:00:00, Lon: 14.656788, Lat: -19.137115</description>
        <styleUrl>#month6_style</styleUrl>
        <Point>
          <coordinates>14.656788,-19.137115,0</coordinates>
        </Point>
      </Placemark>
      <Placemark>
        <name>Jakalswater - Month 6</name>
        <description>Waterhole: Jakalswater, Month: 6, Time: 2010-06-01 17:20:00, Lon: 14.655677, Lat: -19.137510</description>
        <styleUrl>#month6_style</styleUrl>
        <Point>
          <coordinates>14.655677,-19.137510,0</coordinates>
        </Point>
      </Placemark>
      <Placemark>
        <name>Jakalswater - Month 6</name>
        <description>Waterhole: Jakalswater, Month: 6, Time: 2010-06-01 17:40:00, Lon: 14.658338, Lat: -19.136664</description>
        <styleUrl>#month6_style</styleUrl>
        <Point>
          <coordinates>14.658338,-19.136664,0</coordinates>
        </Point>
      </Placemark>
      <Placemark>
        <name>Jakalswater - Month 6</name>
        <description>Waterhole: Jakalswater, Month: 6, Time: 2010-06-01 18:00:00, Lon: 14.656853, Lat: -19.137260</description>
        <styleUrl>#month6_style</styleUrl>
        <Point>
          <coordinates>14.656853,-19.137260,0</coordinates>
        </Point>
      </Placemark>
      <Placemark>
        <name>Jakalswater - Month 6</name>
        <description>Waterhole: Jakalswater, Month: 6, Time: 2010-06-01 18:20:00, Lon: 14.648301, Lat: -19.140743</description>
        <styleUrl>#month6_style</styleUrl>
        <Point>
          <coordinates>14.648301,-19.140743,0</coordinates>
        </Point>
      </Placemark>
      <Placemark>
        <name>Jakalswater - Month 6</name>
        <description>Waterhole: Jakalswater, Month: 6, Time: 2010-06-01 19:00:00, Lon: 14.650782, Lat: -19.139732</description>
        <styleUrl>#month6_style</styleUrl>
        <Point>
          <coordinates>14.650782,-19.139732,0</coordinates>
        </Point>
      </Placemark>
      <Placemark>
        <name>Jakalswater - Month 6</name>
        <description>Waterhole: Jakalswater, Month: 6, Time: 2010-06-01 19:20:00, Lon: 14.656669, Lat: -19.137223</description>
        <styleUrl>#month6_style</styleUrl>
        <Point>
          <coordinates>14.656669,-19.137223,0</coordinates>
        </Point>
      </Placemark>
      <Placemark>
        <name>Jakalswater - Month 6</name>
        <description>Waterhole: Jakalswater, Month: 6, Time: 2010-06-01 19:40:00, Lon: 14.656768, Lat: -19.137663</description>
        <styleUrl>#month6_style</styleUrl>
        <Point>
          <coordinates>14.656768,-19.137663,0</coordinates>
        </Point>
      </Placemark>
      <Placemark>
        <name>Jakalswater - Month 6</name>
        <description>Waterhole: Jakalswater, Month: 6, Time: 2010-06-01 20:00:00, Lon: 14.655389, Lat: -19.139840</description>
        <styleUrl>#month6_style</styleUrl>
        <Point>
          <coordinates>14.655389,-19.139840,0</coordinates>
        </Point>
      </Placemark>
      <Placemark>
        <name>Jakalswater - Month 6</name>
        <description>Waterhole: Jakalswater, Month: 6, Time: 2010-06-01 20:20:00, Lon: 14.654646, Lat: -19.140692</description>
        <styleUrl>#month6_style</styleUrl>
        <Point>
          <coordinates>14.654646,-19.140692,0</coordinates>
        </Point>
      </Placemark>
      <Placemark>
        <name>Jakalswater - Month 6</name>
        <description>Waterhole: Jakalswater, Month: 6, Time: 2010-06-01 20:40:00, Lon: 14.654642, Lat: -19.143022</description>
        <styleUrl>#month6_style</styleUrl>
        <Point>
          <coordinates>14.654642,-19.143022,0</coordinates>
        </Point>
      </Placemark>
      <Placemark>
        <name>Jakalswater - Month 6</name>
        <description>Waterhole: Jakalswater, Month: 6, Time: 2010-06-01 21:00:00, Lon: 14.654966, Lat: -19.144169</description>
        <styleUrl>#month6_style</styleUrl>
        <Point>
          <coordinates>14.654966,-19.144169,0</coordinates>
        </Point>
      </Placemark>
      <Placemark>
        <name>Jakalswater - Month 6</name>
        <description>Waterhole: Jakalswater, Month: 6, Time: 2010-06-01 21:20:00, Lon: 14.655766, Lat: -19.145654</description>
        <styleUrl>#month6_style</styleUrl>
        <Point>
          <coordinates>14.655766,-19.145654,0</coordinates>
        </Point>
      </Placemark>
      <Placemark>
        <name>Jakalswater - Month 6</name>
        <description>Waterhole: Jakalswater, Month: 6, Time: 2010-06-02 17:20:00, Lon: 14.656986, Lat: -19.140485</description>
        <styleUrl>#month6_style</styleUrl>
        <Point>
          <coordinates>14.656986,-19.140485,0</coordinates>
        </Point>
      </Placemark>
      <Placemark>
        <name>Jakalswater - Month 6</name>
        <description>Waterhole: Jakalswater, Month: 6, Time: 2010-06-02 17:40:00, Lon: 14.656851, Lat: -19.137215</description>
        <styleUrl>#month6_style</styleUrl>
        <Point>
          <coordinates>14.656851,-19.137215,0</coordinates>
        </Point>
      </Placemark>
      <Placemark>
        <name>Jakalswater - Month 6</name>
        <description>Waterhole: Jakalswater, Month: 6, Time: 2010-06-02 18:00:00, Lon: 14.657501, Lat: -19.136892</description>
        <styleUrl>#month6_style</styleUrl>
        <Point>
          <coordinates>14.657501,-19.136892,0</coordinates>
        </Point>
      </Placemark>
      <Placemark>
        <name>Jakalswater - Month 6</name>
        <description>Waterhole: Jakalswater, Month: 6, Time: 2010-06-02 18:20:00, Lon: 14.657811, Lat: -19.142922</description>
        <styleUrl>#month6_style</styleUrl>
        <Point>
          <coordinates>14.657811,-19.142922,0</coordinates>
        </Point>
      </Placemark>
      <Placemark>
        <name>Jakalswater - Month 6</name>
        <description>Waterhole: Jakalswater, Month: 6, Time: 2010-06-02 18:40:00, Lon: 14.656251, Lat: -19.143166</description>
        <styleUrl>#month6_style</styleUrl>
        <Point>
          <coordinates>14.656251,-19.143166,0</coordinates>
        </Point>
      </Placemark>
      <Placemark>
        <name>Jakalswater - Month 6</name>
        <description>Waterhole: Jakalswater, Month: 6, Time: 2010-06-02 19:00:00, Lon: 14.656760, Lat: -19.142002</description>
        <styleUrl>#month6_style</styleUrl>
        <Point>
          <coordinates>14.656760,-19.142002,0</coordinates>
        </Point>
      </Placemark>
      <Placemark>
        <name>Jakalswater - Month 6</name>
        <description>Waterhole: Jakalswater, Month: 6, Time: 2010-06-02 19:20:00, Lon: 14.656577, Lat: -19.141821</description>
        <styleUrl>#month6_style</styleUrl>
        <Point>
          <coordinates>14.656577,-19.141821,0</coordinates>
        </Point>
      </Placemark>
      <Placemark>
        <name>Jakalswater - Month 6</name>
        <description>Waterhole: Jakalswater, Month: 6, Time: 2010-06-02 19:40:00, Lon: 14.656862, Lat: -19.139596</description>
        <styleUrl>#month6_style</styleUrl>
        <Point>
          <coordinates>14.656862,-19.139596,0</coordinates>
        </Point>
      </Placemark>
      <Placemark>
        <name>Jakalswater - Month 6</name>
        <description>Waterhole: Jakalswater, Month: 6, Time: 2010-06-02 20:00:00, Lon: 14.656998, Lat: -19.138788</description>
        <styleUrl>#month6_style</styleUrl>
        <Point>
          <coordinates>14.656998,-19.138788,0</coordinates>
        </Point>
      </Placemark>
      <Placemark>
        <name>Jakalswater - Month 6</name>
        <description>Waterhole: Jakalswater, Month: 6, Time: 2010-06-02 20:20:00, Lon: 14.656937, Lat: -19.137120</description>
        <styleUrl>#month6_style</styleUrl>
        <Point>
          <coordinates>14.656937,-19.137120,0</coordinates>
        </Point>
      </Placemark>
      <Placemark>
        <name>Jakalswater - Month 6</name>
        <description>Waterhole: Jakalswater, Month: 6, Time: 2010-06-02 20:40:00, Lon: 14.657072, Lat: -19.137126</description>
        <styleUrl>#month6_style</styleUrl>
        <Point>
          <coordinates>14.657072,-19.137126,0</coordinates>
        </Point>
      </Placemark>
      <Placemark>
        <name>Jakalswater - Month 6</name>
        <description>Waterhole: Jakalswater, Month: 6, Time: 2010-06-02 21:00:00, Lon: 14.658092, Lat: -19.138558</description>
        <styleUrl>#month6_style</styleUrl>
        <Point>
          <coordinates>14.658092,-19.138558,0</coordinates>
        </Point>
      </Placemark>
      <Placemark>
        <name>Jakalswater - Month 6</name>
        <description>Waterhole: Jakalswater, Month: 6, Time: 2010-06-02 21:20:00, Lon: 14.659103, Lat: -19.141431</description>
        <styleUrl>#month6_style</styleUrl>
        <Point>
          <coordinates>14.659103,-19.141431,0</coordinates>
        </Point>
      </Placemark>
      <Placemark>
        <name>Jakalswater - Month 6</name>
        <description>Waterhole: Jakalswater, Month: 6, Time: 2010-06-02 21:40:00, Lon: 14.662788, Lat: -19.142676</description>
        <styleUrl>#month6_style</styleUrl>
        <Point>
          <coordinates>14.662788,-19.142676,0</coordinates>
        </Point>
      </Placemark>
      <Placemark>
        <name>Jakalswater - Month 6</name>
        <description>Waterhole: Jakalswater, Month: 6, Time: 2010-06-06 17:20:00, Lon: 14.663585, Lat: -19.130566</description>
        <styleUrl>#month6_style</styleUrl>
        <Point>
          <coordinates>14.663585,-19.130566,0</coordinates>
        </Point>
      </Placemark>
      <Placemark>
        <name>Jakalswater - Month 6</name>
        <description>Waterhole: Jakalswater, Month: 6, Time: 2010-06-06 17:40:00, Lon: 14.656851, Lat: -19.137148</description>
        <styleUrl>#month6_style</styleUrl>
        <Point>
          <coordinates>14.656851,-19.137148,0</coordinates>
        </Point>
      </Placemark>
      <Placemark>
        <name>Jakalswater - Month 6</name>
        <description>Waterhole: Jakalswater, Month: 6, Time: 2010-06-06 18:00:00, Lon: 14.656898, Lat: -19.137343</description>
        <styleUrl>#month6_style</styleUrl>
        <Point>
          <coordinates>14.656898,-19.137343,0</coordinates>
        </Point>
      </Placemark>
      <Placemark>
        <name>Jakalswater - Month 6</name>
        <description>Waterhole: Jakalswater, Month: 6, Time: 2010-06-06 18:20:00, Lon: 14.657335, Lat: -19.138226</description>
        <styleUrl>#month6_style</styleUrl>
        <Point>
          <coordinates>14.657335,-19.138226,0</coordinates>
        </Point>
      </Placemark>
      <Placemark>
        <name>Jakalswater - Month 6</name>
        <description>Waterhole: Jakalswater, Month: 6, Time: 2010-06-06 18:40:00, Lon: 14.655958, Lat: -19.138186</description>
        <styleUrl>#month6_style</styleUrl>
        <Point>
          <coordinates>14.655958,-19.138186,0</coordinates>
        </Point>
      </Placemark>
      <Placemark>
        <name>Jakalswater - Month 6</name>
        <description>Waterhole: Jakalswater, Month: 6, Time: 2010-06-06 19:00:00, Lon: 14.658656, Lat: -19.139598</description>
        <styleUrl>#month6_style</styleUrl>
        <Point>
          <coordinates>14.658656,-19.139598,0</coordinates>
        </Point>
      </Placemark>
      <Placemark>
        <name>Jakalswater - Month 6</name>
        <description>Waterhole: Jakalswater, Month: 6, Time: 2010-06-06 19:20:00, Lon: 14.659367, Lat: -19.143949</description>
        <styleUrl>#month6_style</styleUrl>
        <Point>
          <coordinates>14.659367,-19.143949,0</coordinates>
        </Point>
      </Placemark>
      <Placemark>
        <name>Jakalswater - Month 6</name>
        <description>Waterhole: Jakalswater, Month: 6, Time: 2010-06-07 16:00:00, Lon: 14.660253, Lat: -19.131042</description>
        <styleUrl>#month6_style</styleUrl>
        <Point>
          <coordinates>14.660253,-19.131042,0</coordinates>
        </Point>
      </Placemark>
      <Placemark>
        <name>Jakalswater - Month 6</name>
        <description>Waterhole: Jakalswater, Month: 6, Time: 2010-06-07 16:20:00, Lon: 14.657737, Lat: -19.133704</description>
        <styleUrl>#month6_style</styleUrl>
        <Point>
          <coordinates>14.657737,-19.133704,0</coordinates>
        </Point>
      </Placemark>
      <Placemark>
        <name>Jakalswater - Month 6</name>
        <description>Waterhole: Jakalswater, Month: 6, Time: 2010-06-07 16:40:00, Lon: 14.656802, Lat: -19.137120</description>
        <styleUrl>#month6_style</styleUrl>
        <Point>
          <coordinates>14.656802,-19.137120,0</coordinates>
        </Point>
      </Placemark>
      <Placemark>
        <name>Jakalswater - Month 6</name>
        <description>Waterhole: Jakalswater, Month: 6, Time: 2010-06-07 17:00:00, Lon: 14.656846, Lat: -19.137166</description>
        <styleUrl>#month6_style</styleUrl>
        <Point>
          <coordinates>14.656846,-19.137166,0</coordinates>
        </Point>
      </Placemark>
      <Placemark>
        <name>Jakalswater - Month 6</name>
        <description>Waterhole: Jakalswater, Month: 6, Time: 2010-06-07 17:20:00, Lon: 14.655950, Lat: -19.136936</description>
        <styleUrl>#month6_style</styleUrl>
        <Point>
          <coordinates>14.655950,-19.136936,0</coordinates>
        </Point>
      </Placemark>
      <Placemark>
        <name>Jakalswater - Month 6</name>
        <description>Waterhole: Jakalswater, Month: 6, Time: 2010-06-07 17:40:00, Lon: 14.649065, Lat: -19.138340</description>
        <styleUrl>#month6_style</styleUrl>
        <Point>
          <coordinates>14.649065,-19.138340,0</coordinates>
        </Point>
      </Placemark>
      <Placemark>
        <name>Jakalswater - Month 6</name>
        <description>Waterhole: Jakalswater, Month: 6, Time: 2010-06-08 17:40:00, Lon: 14.659393, Lat: -19.136818</description>
        <styleUrl>#month6_style</styleUrl>
        <Point>
          <coordinates>14.659393,-19.136818,0</coordinates>
        </Point>
      </Placemark>
      <Placemark>
        <name>Jakalswater - Month 6</name>
        <description>Waterhole: Jakalswater, Month: 6, Time: 2010-06-08 18:00:00, Lon: 14.657327, Lat: -19.138340</description>
        <styleUrl>#month6_style</styleUrl>
        <Point>
          <coordinates>14.657327,-19.138340,0</coordinates>
        </Point>
      </Placemark>
      <Placemark>
        <name>Duikerdrink - Month 6</name>
        <description>Waterhole: Duikerdrink, Month: 6, Time: 2010-06-11 16:40:00, Lon: 14.783140, Lat: -19.146704</description>
        <styleUrl>#month6_style</styleUrl>
        <Point>
          <coordinates>14.783140,-19.146704,0</coordinates>
        </Point>
      </Placemark>
      <Placemark>
        <name>Duikerdrink - Month 6</name>
        <description>Waterhole: Duikerdrink, Month: 6, Time: 2010-06-11 17:00:00, Lon: 14.779987, Lat: -19.152279</description>
        <styleUrl>#month6_style</styleUrl>
        <Point>
          <coordinates>14.779987,-19.152279,0</coordinates>
        </Point>
      </Placemark>
      <Placemark>
        <name>Duikerdrink - Month 6</name>
        <description>Waterhole: Duikerdrink, Month: 6, Time: 2010-06-11 17:20:00, Lon: 14.779120, Lat: -19.150407</description>
        <styleUrl>#month6_style</styleUrl>
        <Point>
          <coordinates>14.779120,-19.150407,0</coordinates>
        </Point>
      </Placemark>
      <Placemark>
        <name>Duikerdrink - Month 6</name>
        <description>Waterhole: Duikerdrink, Month: 6, Time: 2010-06-11 17:40:00, Lon: 14.777891, Lat: -19.146950</description>
        <styleUrl>#month6_style</styleUrl>
        <Point>
          <coordinates>14.777891,-19.146950,0</coordinates>
        </Point>
      </Placemark>
      <Placemark>
        <name>Mirador de Nomab - Month 6</name>
        <description>Waterhole: Mirador de Nomab, Month: 6, Time: 2010-06-13 17:40:00, Lon: 14.761654, Lat: -18.970959</description>
        <styleUrl>#month6_style</styleUrl>
        <Point>
          <coordinates>14.761654,-18.970959,0</coordinates>
        </Point>
      </Placemark>
      <Placemark>
        <name>Mirador de Nomab - Month 6</name>
        <description>Waterhole: Mirador de Nomab, Month: 6, Time: 2010-06-13 18:00:00, Lon: 14.764285, Lat: -18.965407</description>
        <styleUrl>#month6_style</styleUrl>
        <Point>
          <coordinates>14.764285,-18.965407,0</coordinates>
        </Point>
      </Placemark>
      <Placemark>
        <name>Mirador de Nomab - Month 6</name>
        <description>Waterhole: Mirador de Nomab, Month: 6, Time: 2010-06-13 18:20:00, Lon: 14.761810, Lat: -18.969147</description>
        <styleUrl>#month6_style</styleUrl>
        <Point>
          <coordinates>14.761810,-18.969147,0</coordinates>
        </Point>
      </Placemark>
      <Placemark>
        <name>Mirador de Nomab - Month 6</name>
        <description>Waterhole: Mirador de Nomab, Month: 6, Time: 2010-06-13 18:40:00, Lon: 14.760883, Lat: -18.968972</description>
        <styleUrl>#month6_style</styleUrl>
        <Point>
          <coordinates>14.760883,-18.968972,0</coordinates>
        </Point>
      </Placemark>
      <Placemark>
        <name>Mirador de Nomab - Month 6</name>
        <description>Waterhole: Mirador de Nomab, Month: 6, Time: 2010-06-13 19:00:00, Lon: 14.760659, Lat: -18.971535</description>
        <styleUrl>#month6_style</styleUrl>
        <Point>
          <coordinates>14.760659,-18.971535,0</coordinates>
        </Point>
      </Placemark>
      <Placemark>
        <name>Mirador de Nomab - Month 6</name>
        <description>Waterhole: Mirador de Nomab, Month: 6, Time: 2010-06-13 19:20:00, Lon: 14.759737, Lat: -18.968711</description>
        <styleUrl>#month6_style</styleUrl>
        <Point>
          <coordinates>14.759737,-18.968711,0</coordinates>
        </Point>
      </Placemark>
      <Placemark>
        <name>Mirador de Nomab - Month 6</name>
        <description>Waterhole: Mirador de Nomab, Month: 6, Time: 2010-06-13 19:40:00, Lon: 14.764518, Lat: -18.965245</description>
        <styleUrl>#month6_style</styleUrl>
        <Point>
          <coordinates>14.764518,-18.965245,0</coordinates>
        </Point>
      </Placemark>
      <Placemark>
        <name>Olifantsrus - Month 6</name>
        <description>Waterhole: Olifantsrus, Month: 6, Time: 2010-06-15 19:20:00, Lon: 14.860529, Lat: -18.964886</description>
        <styleUrl>#month6_style</styleUrl>
        <Point>
          <coordinates>14.860529,-18.964886,0</coordinates>
        </Point>
      </Placemark>
      <Placemark>
        <name>Olifantsrus - Month 6</name>
        <description>Waterhole: Olifantsrus, Month: 6, Time: 2010-06-15 19:40:00, Lon: 14.859835, Lat: -18.966982</description>
        <styleUrl>#month6_style</styleUrl>
        <Point>
          <coordinates>14.859835,-18.966982,0</coordinates>
        </Point>
      </Placemark>
      <Placemark>
        <name>Olifantsrus - Month 6</name>
        <description>Waterhole: Olifantsrus, Month: 6, Time: 2010-06-15 20:00:00, Lon: 14.860705, Lat: -18.976587</description>
        <styleUrl>#month6_style</styleUrl>
        <Point>
          <coordinates>14.860705,-18.976587,0</coordinates>
        </Point>
      </Placemark>
      <Placemark>
        <name>Olifantsrus - Month 6</name>
        <description>Waterhole: Olifantsrus, Month: 6, Time: 2010-06-15 20:20:00, Lon: 14.858806, Lat: -18.978735</description>
        <styleUrl>#month6_style</styleUrl>
        <Point>
          <coordinates>14.858806,-18.978735,0</coordinates>
        </Point>
      </Placemark>
      <Placemark>
        <name>Duikerdrink - Month 6</name>
        <description>Waterhole: Duikerdrink, Month: 6, Time: 2010-06-18 13:40:00, Lon: 14.786663, Lat: -19.146859</description>
        <styleUrl>#month6_style</styleUrl>
        <Point>
          <coordinates>14.786663,-19.146859,0</coordinates>
        </Point>
      </Placemark>
      <Placemark>
        <name>Duikerdrink - Month 6</name>
        <description>Waterhole: Duikerdrink, Month: 6, Time: 2010-06-19 14:20:00, Lon: 14.783544, Lat: -19.145988</description>
        <styleUrl>#month6_style</styleUrl>
        <Point>
          <coordinates>14.783544,-19.145988,0</coordinates>
        </Point>
      </Placemark>
      <Placemark>
        <name>Duikerdrink - Month 6</name>
        <description>Waterhole: Duikerdrink, Month: 6, Time: 2010-06-19 14:40:00, Lon: 14.781523, Lat: -19.149003</description>
        <styleUrl>#month6_style</styleUrl>
        <Point>
          <coordinates>14.781523,-19.149003,0</coordinates>
        </Point>
      </Placemark>
      <Placemark>
        <name>Duikerdrink - Month 6</name>
        <description>Waterhole: Duikerdrink, Month: 6, Time: 2010-06-19 15:00:00, Lon: 14.779736, Lat: -19.151986</description>
        <styleUrl>#month6_style</styleUrl>
        <Point>
          <coordinates>14.779736,-19.151986,0</coordinates>
        </Point>
      </Placemark>
      <Placemark>
        <name>Duikerdrink - Month 6</name>
        <description>Waterhole: Duikerdrink, Month: 6, Time: 2010-06-19 15:20:00, Lon: 14.779871, Lat: -19.157204</description>
        <styleUrl>#month6_style</styleUrl>
        <Point>
          <coordinates>14.779871,-19.157204,0</coordinates>
        </Point>
      </Placemark>
      <Placemark>
        <name>Duikerdrink - Month 6</name>
        <description>Waterhole: Duikerdrink, Month: 6, Time: 2010-06-20 19:40:00, Lon: 14.780957, Lat: -19.146552</description>
        <styleUrl>#month6_style</styleUrl>
        <Point>
          <coordinates>14.780957,-19.146552,0</coordinates>
        </Point>
      </Placemark>
      <Placemark>
        <name>Duikerdrink - Month 6</name>
        <description>Waterhole: Duikerdrink, Month: 6, Time: 2010-06-20 20:00:00, Lon: 14.782003, Lat: -19.149015</description>
        <styleUrl>#month6_style</styleUrl>
        <Point>
          <coordinates>14.782003,-19.149015,0</coordinates>
        </Point>
      </Placemark>
      <Placemark>
        <name>Duikerdrink - Month 6</name>
        <description>Waterhole: Duikerdrink, Month: 6, Time: 2010-06-20 20:20:00, Lon: 14.781870, Lat: -19.150006</description>
        <styleUrl>#month6_style</styleUrl>
        <Point>
          <coordinates>14.781870,-19.150006,0</coordinates>
        </Point>
      </Placemark>
      <Placemark>
        <name>Duikerdrink - Month 6</name>
        <description>Waterhole: Duikerdrink, Month: 6, Time: 2010-06-20 20:40:00, Lon: 14.780423, Lat: -19.148981</description>
        <styleUrl>#month6_style</styleUrl>
        <Point>
          <coordinates>14.780423,-19.148981,0</coordinates>
        </Point>
      </Placemark>
      <Placemark>
        <name>Duikerdrink - Month 6</name>
        <description>Waterhole: Duikerdrink, Month: 6, Time: 2010-06-20 21:00:00, Lon: 14.781845, Lat: -19.148763</description>
        <styleUrl>#month6_style</styleUrl>
        <Point>
          <coordinates>14.781845,-19.148763,0</coordinates>
        </Point>
      </Placemark>
      <Placemark>
        <name>Duikerdrink - Month 6</name>
        <description>Waterhole: Duikerdrink, Month: 6, Time: 2010-06-20 21:20:00, Lon: 14.782574, Lat: -19.149780</description>
        <styleUrl>#month6_style</styleUrl>
        <Point>
          <coordinates>14.782574,-19.149780,0</coordinates>
        </Point>
      </Placemark>
      <Placemark>
        <name>Duikerdrink - Month 6</name>
        <description>Waterhole: Duikerdrink, Month: 6, Time: 2010-06-20 21:40:00, Lon: 14.783200, Lat: -19.151855</description>
        <styleUrl>#month6_style</styleUrl>
        <Point>
          <coordinates>14.783200,-19.151855,0</coordinates>
        </Point>
      </Placemark>
      <Placemark>
        <name>Duikerdrink - Month 6</name>
        <description>Waterhole: Duikerdrink, Month: 6, Time: 2010-06-20 22:00:00, Lon: 14.784656, Lat: -19.153864</description>
        <styleUrl>#month6_style</styleUrl>
        <Point>
          <coordinates>14.784656,-19.153864,0</coordinates>
        </Point>
      </Placemark>
      <Placemark>
        <name>Duikerdrink - Month 6</name>
        <description>Waterhole: Duikerdrink, Month: 6, Time: 2010-06-20 22:20:00, Lon: 14.784473, Lat: -19.155041</description>
        <styleUrl>#month6_style</styleUrl>
        <Point>
          <coordinates>14.784473,-19.155041,0</coordinates>
        </Point>
      </Placemark>
      <Placemark>
        <name>Duikerdrink - Month 6</name>
        <description>Waterhole: Duikerdrink, Month: 6, Time: 2010-06-20 22:40:00, Lon: 14.783149, Lat: -19.158777</description>
        <styleUrl>#month6_style</styleUrl>
        <Point>
          <coordinates>14.783149,-19.158777,0</coordinates>
        </Point>
      </Placemark>
      <Placemark>
        <name>Duikerdrink - Month 6</name>
        <description>Waterhole: Duikerdrink, Month: 6, Time: 2010-06-22 14:00:00, Lon: 14.786210, Lat: -19.151261</description>
        <styleUrl>#month6_style</styleUrl>
        <Point>
          <coordinates>14.786210,-19.151261,0</coordinates>
        </Point>
      </Placemark>
      <Placemark>
        <name>Duikerdrink - Month 6</name>
        <description>Waterhole: Duikerdrink, Month: 6, Time: 2010-06-22 14:20:00, Lon: 14.782823, Lat: -19.151894</description>
        <styleUrl>#month6_style</styleUrl>
        <Point>
          <coordinates>14.782823,-19.151894,0</coordinates>
        </Point>
      </Placemark>
      <Placemark>
        <name>Duikerdrink - Month 6</name>
        <description>Waterhole: Duikerdrink, Month: 6, Time: 2010-06-22 14:40:00, Lon: 14.777772, Lat: -19.149259</description>
        <styleUrl>#month6_style</styleUrl>
        <Point>
          <coordinates>14.777772,-19.149259,0</coordinates>
        </Point>
      </Placemark>
      <Placemark>
        <name>Tobieroen - Month 6</name>
        <description>Waterhole: Tobieroen, Month: 6, Time: 2010-06-24 17:00:00, Lon: 14.953872, Lat: -18.978457</description>
        <styleUrl>#month6_style</styleUrl>
        <Point>
          <coordinates>14.953872,-18.978457,0</coordinates>
        </Point>
      </Placemark>
      <Placemark>
        <name>Tobieroen - Month 6</name>
        <description>Waterhole: Tobieroen, Month: 6, Time: 2010-06-24 17:20:00, Lon: 14.957489, Lat: -18.971564</description>
        <styleUrl>#month6_style</styleUrl>
        <Point>
          <coordinates>14.957489,-18.971564,0</coordinates>
        </Point>
      </Placemark>
      <Placemark>
        <name>Tobieroen - Month 6</name>
        <description>Waterhole: Tobieroen, Month: 6, Time: 2010-06-24 17:40:00, Lon: 14.960419, Lat: -18.971566</description>
        <styleUrl>#month6_style</styleUrl>
        <Point>
          <coordinates>14.960419,-18.971566,0</coordinates>
        </Point>
      </Placemark>
      <Placemark>
        <name>Teespoet waterhole - Month 6</name>
        <description>Waterhole: Teespoet waterhole, Month: 6, Time: 2010-06-24 22:20:00, Lon: 15.061396, Lat: -18.979930</description>
        <styleUrl>#month6_style</styleUrl>
        <Point>
          <coordinates>15.061396,-18.979930,0</coordinates>
        </Point>
      </Placemark>
      <Placemark>
        <name>Teespoet waterhole - Month 6</name>
        <description>Waterhole: Teespoet waterhole, Month: 6, Time: 2010-06-24 22:40:00, Lon: 15.068120, Lat: -18.978208</description>
        <styleUrl>#month6_style</styleUrl>
        <Point>
          <coordinates>15.068120,-18.978208,0</coordinates>
        </Point>
      </Placemark>
      <Placemark>
        <name>Bitterwater Waterhole - Month 6</name>
        <description>Waterhole: Bitterwater Waterhole, Month: 6, Time: 2010-06-25 01:20:00, Lon: 15.160628, Lat: -18.976420</description>
        <styleUrl>#month6_style</styleUrl>
        <Point>
          <coordinates>15.160628,-18.976420,0</coordinates>
        </Point>
      </Placemark>
      <Placemark>
        <name>Bitterwater Waterhole - Month 6</name>
        <description>Waterhole: Bitterwater Waterhole, Month: 6, Time: 2010-06-25 01:40:00, Lon: 15.162941, Lat: -18.975659</description>
        <styleUrl>#month6_style</styleUrl>
        <Point>
          <coordinates>15.162941,-18.975659,0</coordinates>
        </Point>
      </Placemark>
      <Placemark>
        <name>Bitterwater Waterhole - Month 6</name>
        <description>Waterhole: Bitterwater Waterhole, Month: 6, Time: 2010-06-25 02:00:00, Lon: 15.168208, Lat: -18.973108</description>
        <styleUrl>#month6_style</styleUrl>
        <Point>
          <coordinates>15.168208,-18.973108,0</coordinates>
        </Point>
      </Placemark>
      <Placemark>
        <name>Duiwelsvuur - Month 6</name>
        <description>Waterhole: Duiwelsvuur, Month: 6, Time: 2010-06-25 13:20:00, Lon: 15.258980, Lat: -18.984692</description>
        <styleUrl>#month6_style</styleUrl>
        <Point>
          <coordinates>15.258980,-18.984692,0</coordinates>
        </Point>
      </Placemark>
      <Placemark>
        <name>Duiwelsvuur - Month 6</name>
        <description>Waterhole: Duiwelsvuur, Month: 6, Time: 2010-06-25 13:40:00, Lon: 15.259711, Lat: -18.987651</description>
        <styleUrl>#month6_style</styleUrl>
        <Point>
          <coordinates>15.259711,-18.987651,0</coordinates>
        </Point>
      </Placemark>
      <Placemark>
        <name>Duiwelsvuur - Month 6</name>
        <description>Waterhole: Duiwelsvuur, Month: 6, Time: 2010-06-25 14:00:00, Lon: 15.259496, Lat: -18.987079</description>
        <styleUrl>#month6_style</styleUrl>
        <Point>
          <coordinates>15.259496,-18.987079,0</coordinates>
        </Point>
      </Placemark>
      <Placemark>
        <name>Duiwelsvuur - Month 6</name>
        <description>Waterhole: Duiwelsvuur, Month: 6, Time: 2010-06-25 14:20:00, Lon: 15.259715, Lat: -18.987644</description>
        <styleUrl>#month6_style</styleUrl>
        <Point>
          <coordinates>15.259715,-18.987644,0</coordinates>
        </Point>
      </Placemark>
      <Placemark>
        <name>Duiwelsvuur - Month 6</name>
        <description>Waterhole: Duiwelsvuur, Month: 6, Time: 2010-06-25 14:40:00, Lon: 15.262523, Lat: -18.987115</description>
        <styleUrl>#month6_style</styleUrl>
        <Point>
          <coordinates>15.262523,-18.987115,0</coordinates>
        </Point>
      </Placemark>
      <Placemark>
        <name>Sonderkop waterhole - Month 6</name>
        <description>Waterhole: Sonderkop waterhole, Month: 6, Time: 2010-06-25 17:40:00, Lon: 15.327263, Lat: -18.968964</description>
        <styleUrl>#month6_style</styleUrl>
        <Point>
          <coordinates>15.327263,-18.968964,0</coordinates>
        </Point>
      </Placemark>
      <Placemark>
        <name>Sonderkop waterhole - Month 6</name>
        <description>Waterhole: Sonderkop waterhole, Month: 6, Time: 2010-06-25 18:00:00, Lon: 15.335568, Lat: -18.966042</description>
        <styleUrl>#month6_style</styleUrl>
        <Point>
          <coordinates>15.335568,-18.966042,0</coordinates>
        </Point>
      </Placemark>
      <Placemark>
        <name>Sonderkop waterhole - Month 6</name>
        <description>Waterhole: Sonderkop waterhole, Month: 6, Time: 2010-06-25 23:00:00, Lon: 15.328414, Lat: -18.968758</description>
        <styleUrl>#month6_style</styleUrl>
        <Point>
          <coordinates>15.328414,-18.968758,0</coordinates>
        </Point>
      </Placemark>
      <Placemark>
        <name>Sonderkop waterhole - Month 6</name>
        <description>Waterhole: Sonderkop waterhole, Month: 6, Time: 2010-06-25 23:20:00, Lon: 15.327605, Lat: -18.968852</description>
        <styleUrl>#month6_style</styleUrl>
        <Point>
          <coordinates>15.327605,-18.968852,0</coordinates>
        </Point>
      </Placemark>
      <Placemark>
        <name>Sonderkop waterhole - Month 6</name>
        <description>Waterhole: Sonderkop waterhole, Month: 6, Time: 2010-06-25 23:40:00, Lon: 15.331112, Lat: -18.961892</description>
        <styleUrl>#month6_style</styleUrl>
        <Point>
          <coordinates>15.331112,-18.961892,0</coordinates>
        </Point>
      </Placemark>
      <Placemark>
        <name>Sonderkop waterhole - Month 6</name>
        <description>Waterhole: Sonderkop waterhole, Month: 6, Time: 2010-06-26 17:40:00, Lon: 15.326521, Lat: -18.961198</description>
        <styleUrl>#month6_style</styleUrl>
        <Point>
          <coordinates>15.326521,-18.961198,0</coordinates>
        </Point>
      </Placemark>
      <Placemark>
        <name>Sonderkop waterhole - Month 6</name>
        <description>Waterhole: Sonderkop waterhole, Month: 6, Time: 2010-06-26 18:00:00, Lon: 15.327717, Lat: -18.968929</description>
        <styleUrl>#month6_style</styleUrl>
        <Point>
          <coordinates>15.327717,-18.968929,0</coordinates>
        </Point>
      </Placemark>
      <Placemark>
        <name>Sonderkop waterhole - Month 6</name>
        <description>Waterhole: Sonderkop waterhole, Month: 6, Time: 2010-06-26 18:20:00, Lon: 15.328188, Lat: -18.968960</description>
        <styleUrl>#month6_style</styleUrl>
        <Point>
          <coordinates>15.328188,-18.968960,0</coordinates>
        </Point>
      </Placemark>
      <Placemark>
        <name>Sonderkop waterhole - Month 6</name>
        <description>Waterhole: Sonderkop waterhole, Month: 6, Time: 2010-06-26 18:40:00, Lon: 15.327225, Lat: -18.966844</description>
        <styleUrl>#month6_style</styleUrl>
        <Point>
          <coordinates>15.327225,-18.966844,0</coordinates>
        </Point>
      </Placemark>
      <Placemark>
        <name>Sonderkop waterhole - Month 6</name>
        <description>Waterhole: Sonderkop waterhole, Month: 6, Time: 2010-06-26 19:00:00, Lon: 15.327797, Lat: -18.965245</description>
        <styleUrl>#month6_style</styleUrl>
        <Point>
          <coordinates>15.327797,-18.965245,0</coordinates>
        </Point>
      </Placemark>
      <Placemark>
        <name>Sonderkop waterhole - Month 6</name>
        <description>Waterhole: Sonderkop waterhole, Month: 6, Time: 2010-06-26 19:20:00, Lon: 15.329880, Lat: -18.961613</description>
        <styleUrl>#month6_style</styleUrl>
        <Point>
          <coordinates>15.329880,-18.961613,0</coordinates>
        </Point>
      </Placemark>
      <Placemark>
        <name>Sonderkop waterhole - Month 6</name>
        <description>Waterhole: Sonderkop waterhole, Month: 6, Time: 2010-06-26 19:40:00, Lon: 15.328706, Lat: -18.960626</description>
        <styleUrl>#month6_style</styleUrl>
        <Point>
          <coordinates>15.328706,-18.960626,0</coordinates>
        </Point>
      </Placemark>
      <Placemark>
        <name>Sonderkop waterhole - Month 6</name>
        <description>Waterhole: Sonderkop waterhole, Month: 6, Time: 2010-06-26 20:00:00, Lon: 15.330039, Lat: -18.961298</description>
        <styleUrl>#month6_style</styleUrl>
        <Point>
          <coordinates>15.330039,-18.961298,0</coordinates>
        </Point>
      </Placemark>
      <Placemark>
        <name>Sonderkop waterhole - Month 6</name>
        <description>Waterhole: Sonderkop waterhole, Month: 6, Time: 2010-06-27 16:20:00, Lon: 15.335222, Lat: -18.964821</description>
        <styleUrl>#month6_style</styleUrl>
        <Point>
          <coordinates>15.335222,-18.964821,0</coordinates>
        </Point>
      </Placemark>
      <Placemark>
        <name>Sonderkop waterhole - Month 6</name>
        <description>Waterhole: Sonderkop waterhole, Month: 6, Time: 2010-06-27 16:40:00, Lon: 15.334755, Lat: -18.965743</description>
        <styleUrl>#month6_style</styleUrl>
        <Point>
          <coordinates>15.334755,-18.965743,0</coordinates>
        </Point>
      </Placemark>
      <Placemark>
        <name>Sonderkop waterhole - Month 6</name>
        <description>Waterhole: Sonderkop waterhole, Month: 6, Time: 2010-06-27 17:00:00, Lon: 15.334097, Lat: -18.966620</description>
        <styleUrl>#month6_style</styleUrl>
        <Point>
          <coordinates>15.334097,-18.966620,0</coordinates>
        </Point>
      </Placemark>
      <Placemark>
        <name>Sonderkop waterhole - Month 6</name>
        <description>Waterhole: Sonderkop waterhole, Month: 6, Time: 2010-06-27 17:20:00, Lon: 15.328198, Lat: -18.968964</description>
        <styleUrl>#month6_style</styleUrl>
        <Point>
          <coordinates>15.328198,-18.968964,0</coordinates>
        </Point>
      </Placemark>
      <Placemark>
        <name>Sonderkop waterhole - Month 6</name>
        <description>Waterhole: Sonderkop waterhole, Month: 6, Time: 2010-06-27 17:40:00, Lon: 15.328193, Lat: -18.968972</description>
        <styleUrl>#month6_style</styleUrl>
        <Point>
          <coordinates>15.328193,-18.968972,0</coordinates>
        </Point>
      </Placemark>
      <Placemark>
        <name>Sonderkop waterhole - Month 6</name>
        <description>Waterhole: Sonderkop waterhole, Month: 6, Time: 2010-06-27 18:00:00, Lon: 15.328041, Lat: -18.968500</description>
        <styleUrl>#month6_style</styleUrl>
        <Point>
          <coordinates>15.328041,-18.968500,0</coordinates>
        </Point>
      </Placemark>
      <Placemark>
        <name>Sonderkop waterhole - Month 6</name>
        <description>Waterhole: Sonderkop waterhole, Month: 6, Time: 2010-06-27 18:20:00, Lon: 15.328081, Lat: -18.968730</description>
        <styleUrl>#month6_style</styleUrl>
        <Point>
          <coordinates>15.328081,-18.968730,0</coordinates>
        </Point>
      </Placemark>
      <Placemark>
        <name>Sonderkop waterhole - Month 6</name>
        <description>Waterhole: Sonderkop waterhole, Month: 6, Time: 2010-06-27 18:40:00, Lon: 15.327805, Lat: -18.973275</description>
        <styleUrl>#month6_style</styleUrl>
        <Point>
          <coordinates>15.327805,-18.973275,0</coordinates>
        </Point>
      </Placemark>
      <Placemark>
        <name>Sonderkop waterhole - Month 6</name>
        <description>Waterhole: Sonderkop waterhole, Month: 6, Time: 2010-06-27 19:00:00, Lon: 15.328006, Lat: -18.975594</description>
        <styleUrl>#month6_style</styleUrl>
        <Point>
          <coordinates>15.328006,-18.975594,0</coordinates>
        </Point>
      </Placemark>
      <Placemark>
        <name>Sonderkop waterhole - Month 6</name>
        <description>Waterhole: Sonderkop waterhole, Month: 6, Time: 2010-06-28 18:20:00, Lon: 15.324770, Lat: -18.976050</description>
        <styleUrl>#month6_style</styleUrl>
        <Point>
          <coordinates>15.324770,-18.976050,0</coordinates>
        </Point>
      </Placemark>
      <Placemark>
        <name>Sonderkop waterhole - Month 6</name>
        <description>Waterhole: Sonderkop waterhole, Month: 6, Time: 2010-06-28 18:40:00, Lon: 15.326856, Lat: -18.968136</description>
        <styleUrl>#month6_style</styleUrl>
        <Point>
          <coordinates>15.326856,-18.968136,0</coordinates>
        </Point>
      </Placemark>
      <Placemark>
        <name>Sonderkop waterhole - Month 6</name>
        <description>Waterhole: Sonderkop waterhole, Month: 6, Time: 2010-06-28 19:00:00, Lon: 15.327647, Lat: -18.968917</description>
        <styleUrl>#month6_style</styleUrl>
        <Point>
          <coordinates>15.327647,-18.968917,0</coordinates>
        </Point>
      </Placemark>
      <Placemark>
        <name>Sonderkop waterhole - Month 6</name>
        <description>Waterhole: Sonderkop waterhole, Month: 6, Time: 2010-06-28 19:20:00, Lon: 15.328413, Lat: -18.968372</description>
        <styleUrl>#month6_style</styleUrl>
        <Point>
          <coordinates>15.328413,-18.968372,0</coordinates>
        </Point>
      </Placemark>
      <Placemark>
        <name>Sonderkop waterhole - Month 6</name>
        <description>Waterhole: Sonderkop waterhole, Month: 6, Time: 2010-06-29 17:40:00, Lon: 15.331322, Lat: -18.964893</description>
        <styleUrl>#month6_style</styleUrl>
        <Point>
          <coordinates>15.331322,-18.964893,0</coordinates>
        </Point>
      </Placemark>
      <Placemark>
        <name>Sonderkop waterhole - Month 6</name>
        <description>Waterhole: Sonderkop waterhole, Month: 6, Time: 2010-06-29 18:00:00, Lon: 15.328187, Lat: -18.968960</description>
        <styleUrl>#month6_style</styleUrl>
        <Point>
          <coordinates>15.328187,-18.968960,0</coordinates>
        </Point>
      </Placemark>
      <Placemark>
        <name>Sonderkop waterhole - Month 6</name>
        <description>Waterhole: Sonderkop waterhole, Month: 6, Time: 2010-06-29 18:20:00, Lon: 15.327635, Lat: -18.968903</description>
        <styleUrl>#month6_style</styleUrl>
        <Point>
          <coordinates>15.327635,-18.968903,0</coordinates>
        </Point>
      </Placemark>
      <Placemark>
        <name>Sonderkop waterhole - Month 6</name>
        <description>Waterhole: Sonderkop waterhole, Month: 6, Time: 2010-06-29 18:40:00, Lon: 15.327455, Lat: -18.968270</description>
        <styleUrl>#month6_style</styleUrl>
        <Point>
          <coordinates>15.327455,-18.968270,0</coordinates>
        </Point>
      </Placemark>
      <Placemark>
        <name>Sonderkop waterhole - Month 6</name>
        <description>Waterhole: Sonderkop waterhole, Month: 6, Time: 2010-06-29 19:00:00, Lon: 15.327743, Lat: -18.973096</description>
        <styleUrl>#month6_style</styleUrl>
        <Point>
          <coordinates>15.327743,-18.973096,0</coordinates>
        </Point>
      </Placemark>
      <Placemark>
        <name>Duiwelsvuur - Month 6</name>
        <description>Waterhole: Duiwelsvuur, Month: 6, Time: 2010-06-30 15:40:00, Lon: 15.265137, Lat: -18.995268</description>
        <styleUrl>#month6_style</styleUrl>
        <Point>
          <coordinates>15.265137,-18.995268,0</coordinates>
        </Point>
      </Placemark>
      <Placemark>
        <name>Duiwelsvuur - Month 6</name>
        <description>Waterhole: Duiwelsvuur, Month: 6, Time: 2010-06-30 16:00:00, Lon: 15.263259, Lat: -18.988275</description>
        <styleUrl>#month6_style</styleUrl>
        <Point>
          <coordinates>15.263259,-18.988275,0</coordinates>
        </Point>
      </Placemark>
      <Placemark>
        <name>Duiwelsvuur - Month 6</name>
        <description>Waterhole: Duiwelsvuur, Month: 6, Time: 2010-06-30 16:20:00, Lon: 15.259732, Lat: -18.987689</description>
        <styleUrl>#month6_style</styleUrl>
        <Point>
          <coordinates>15.259732,-18.987689,0</coordinates>
        </Point>
      </Placemark>
      <Placemark>
        <name>Duiwelsvuur - Month 6</name>
        <description>Waterhole: Duiwelsvuur, Month: 6, Time: 2010-06-30 16:40:00, Lon: 15.259528, Lat: -18.991659</description>
        <styleUrl>#month6_style</styleUrl>
        <Point>
          <coordinates>15.259528,-18.991659,0</coordinates>
        </Point>
      </Placemark>
      <Placemark>
        <name>Duiwelsvuur - Month 7</name>
        <description>Waterhole: Duiwelsvuur, Month: 7, Time: 2010-07-02 11:00:00, Lon: 15.259753, Lat: -18.987663</description>
        <styleUrl>#month7_style</styleUrl>
        <Point>
          <coordinates>15.259753,-18.987663,0</coordinates>
        </Point>
      </Placemark>
      <Placemark>
        <name>Duiwelsvuur - Month 7</name>
        <description>Waterhole: Duiwelsvuur, Month: 7, Time: 2010-07-02 11:20:00, Lon: 15.259712, Lat: -18.987634</description>
        <styleUrl>#month7_style</styleUrl>
        <Point>
          <coordinates>15.259712,-18.987634,0</coordinates>
        </Point>
      </Placemark>
      <Placemark>
        <name>Duiwelsvuur - Month 7</name>
        <description>Waterhole: Duiwelsvuur, Month: 7, Time: 2010-07-02 11:40:00, Lon: 15.259723, Lat: -18.987638</description>
        <styleUrl>#month7_style</styleUrl>
        <Point>
          <coordinates>15.259723,-18.987638,0</coordinates>
        </Point>
      </Placemark>
      <Placemark>
        <name>Duiwelsvuur - Month 7</name>
        <description>Waterhole: Duiwelsvuur, Month: 7, Time: 2010-07-02 12:00:00, Lon: 15.264748, Lat: -18.990889</description>
        <styleUrl>#month7_style</styleUrl>
        <Point>
          <coordinates>15.264748,-18.990889,0</coordinates>
        </Point>
      </Placemark>
      <Placemark>
        <name>Duiwelsvuur - Month 7</name>
        <description>Waterhole: Duiwelsvuur, Month: 7, Time: 2010-07-02 12:20:00, Lon: 15.265870, Lat: -18.991960</description>
        <styleUrl>#month7_style</styleUrl>
        <Point>
          <coordinates>15.265870,-18.991960,0</coordinates>
        </Point>
      </Placemark>
      <Placemark>
        <name>Duiwelsvuur - Month 7</name>
        <description>Waterhole: Duiwelsvuur, Month: 7, Time: 2010-07-02 12:40:00, Lon: 15.266364, Lat: -18.992778</description>
        <styleUrl>#month7_style</styleUrl>
        <Point>
          <coordinates>15.266364,-18.992778,0</coordinates>
        </Point>
      </Placemark>
      <Placemark>
        <name>Duiwelsvuur - Month 7</name>
        <description>Waterhole: Duiwelsvuur, Month: 7, Time: 2010-07-02 13:00:00, Lon: 15.266467, Lat: -18.993262</description>
        <styleUrl>#month7_style</styleUrl>
        <Point>
          <coordinates>15.266467,-18.993262,0</coordinates>
        </Point>
      </Placemark>
      <Placemark>
        <name>Duiwelsvuur - Month 7</name>
        <description>Waterhole: Duiwelsvuur, Month: 7, Time: 2010-07-02 13:20:00, Lon: 15.266279, Lat: -18.993390</description>
        <styleUrl>#month7_style</styleUrl>
        <Point>
          <coordinates>15.266279,-18.993390,0</coordinates>
        </Point>
      </Placemark>
      <Placemark>
        <name>Duiwelsvuur - Month 7</name>
        <description>Waterhole: Duiwelsvuur, Month: 7, Time: 2010-07-02 13:40:00, Lon: 15.266014, Lat: -18.993374</description>
        <styleUrl>#month7_style</styleUrl>
        <Point>
          <coordinates>15.266014,-18.993374,0</coordinates>
        </Point>
      </Placemark>
      <Placemark>
        <name>Duiwelsvuur - Month 7</name>
        <description>Waterhole: Duiwelsvuur, Month: 7, Time: 2010-07-02 14:00:00, Lon: 15.265932, Lat: -18.993467</description>
        <styleUrl>#month7_style</styleUrl>
        <Point>
          <coordinates>15.265932,-18.993467,0</coordinates>
        </Point>
      </Placemark>
      <Placemark>
        <name>Duiwelsvuur - Month 7</name>
        <description>Waterhole: Duiwelsvuur, Month: 7, Time: 2010-07-02 14:20:00, Lon: 15.265813, Lat: -18.993388</description>
        <styleUrl>#month7_style</styleUrl>
        <Point>
          <coordinates>15.265813,-18.993388,0</coordinates>
        </Point>
      </Placemark>
      <Placemark>
        <name>Duiwelsvuur - Month 7</name>
        <description>Waterhole: Duiwelsvuur, Month: 7, Time: 2010-07-02 14:40:00, Lon: 15.265599, Lat: -18.993486</description>
        <styleUrl>#month7_style</styleUrl>
        <Point>
          <coordinates>15.265599,-18.993486,0</coordinates>
        </Point>
      </Placemark>
      <Placemark>
        <name>Duiwelsvuur - Month 7</name>
        <description>Waterhole: Duiwelsvuur, Month: 7, Time: 2010-07-02 15:00:00, Lon: 15.265199, Lat: -18.992924</description>
        <styleUrl>#month7_style</styleUrl>
        <Point>
          <coordinates>15.265199,-18.992924,0</coordinates>
        </Point>
      </Placemark>
      <Placemark>
        <name>Duiwelsvuur - Month 7</name>
        <description>Waterhole: Duiwelsvuur, Month: 7, Time: 2010-07-02 15:20:00, Lon: 15.265088, Lat: -18.992596</description>
        <styleUrl>#month7_style</styleUrl>
        <Point>
          <coordinates>15.265088,-18.992596,0</coordinates>
        </Point>
      </Placemark>
      <Placemark>
        <name>Duiwelsvuur - Month 7</name>
        <description>Waterhole: Duiwelsvuur, Month: 7, Time: 2010-07-02 15:40:00, Lon: 15.262823, Lat: -18.989412</description>
        <styleUrl>#month7_style</styleUrl>
        <Point>
          <coordinates>15.262823,-18.989412,0</coordinates>
        </Point>
      </Placemark>
      <Placemark>
        <name>Duiwelsvuur - Month 7</name>
        <description>Waterhole: Duiwelsvuur, Month: 7, Time: 2010-07-02 16:00:00, Lon: 15.259787, Lat: -18.987720</description>
        <styleUrl>#month7_style</styleUrl>
        <Point>
          <coordinates>15.259787,-18.987720,0</coordinates>
        </Point>
      </Placemark>
      <Placemark>
        <name>Duiwelsvuur - Month 7</name>
        <description>Waterhole: Duiwelsvuur, Month: 7, Time: 2010-07-02 16:20:00, Lon: 15.263284, Lat: -18.992839</description>
        <styleUrl>#month7_style</styleUrl>
        <Point>
          <coordinates>15.263284,-18.992839,0</coordinates>
        </Point>
      </Placemark>
      <Placemark>
        <name>Duiwelsvuur - Month 7</name>
        <description>Waterhole: Duiwelsvuur, Month: 7, Time: 2010-07-02 16:40:00, Lon: 15.263078, Lat: -18.993604</description>
        <styleUrl>#month7_style</styleUrl>
        <Point>
          <coordinates>15.263078,-18.993604,0</coordinates>
        </Point>
      </Placemark>
      <Placemark>
        <name>Duiwelsvuur - Month 7</name>
        <description>Waterhole: Duiwelsvuur, Month: 7, Time: 2010-07-02 17:00:00, Lon: 15.263974, Lat: -18.995032</description>
        <styleUrl>#month7_style</styleUrl>
        <Point>
          <coordinates>15.263974,-18.995032,0</coordinates>
        </Point>
      </Placemark>
      <Placemark>
        <name>Duiwelsvuur - Month 7</name>
        <description>Waterhole: Duiwelsvuur, Month: 7, Time: 2010-07-02 17:20:00, Lon: 15.263991, Lat: -18.995388</description>
        <styleUrl>#month7_style</styleUrl>
        <Point>
          <coordinates>15.263991,-18.995388,0</coordinates>
        </Point>
      </Placemark>
      <Placemark>
        <name>Duiwelsvuur - Month 7</name>
        <description>Waterhole: Duiwelsvuur, Month: 7, Time: 2010-07-02 17:40:00, Lon: 15.263936, Lat: -18.995955</description>
        <styleUrl>#month7_style</styleUrl>
        <Point>
          <coordinates>15.263936,-18.995955,0</coordinates>
        </Point>
      </Placemark>
      <Placemark>
        <name>Duiwelsvuur - Month 7</name>
        <description>Waterhole: Duiwelsvuur, Month: 7, Time: 2010-07-03 13:40:00, Lon: 15.259980, Lat: -18.995406</description>
        <styleUrl>#month7_style</styleUrl>
        <Point>
          <coordinates>15.259980,-18.995406,0</coordinates>
        </Point>
      </Placemark>
      <Placemark>
        <name>Duiwelsvuur - Month 7</name>
        <description>Waterhole: Duiwelsvuur, Month: 7, Time: 2010-07-03 14:00:00, Lon: 15.259705, Lat: -18.987673</description>
        <styleUrl>#month7_style</styleUrl>
        <Point>
          <coordinates>15.259705,-18.987673,0</coordinates>
        </Point>
      </Placemark>
      <Placemark>
        <name>Duiwelsvuur - Month 7</name>
        <description>Waterhole: Duiwelsvuur, Month: 7, Time: 2010-07-03 14:20:00, Lon: 15.259706, Lat: -18.987585</description>
        <styleUrl>#month7_style</styleUrl>
        <Point>
          <coordinates>15.259706,-18.987585,0</coordinates>
        </Point>
      </Placemark>
      <Placemark>
        <name>Duiwelsvuur - Month 7</name>
        <description>Waterhole: Duiwelsvuur, Month: 7, Time: 2010-07-03 14:40:00, Lon: 15.259837, Lat: -18.987500</description>
        <styleUrl>#month7_style</styleUrl>
        <Point>
          <coordinates>15.259837,-18.987500,0</coordinates>
        </Point>
      </Placemark>
      <Placemark>
        <name>Duiwelsvuur - Month 7</name>
        <description>Waterhole: Duiwelsvuur, Month: 7, Time: 2010-07-03 15:00:00, Lon: 15.259775, Lat: -18.987638</description>
        <styleUrl>#month7_style</styleUrl>
        <Point>
          <coordinates>15.259775,-18.987638,0</coordinates>
        </Point>
      </Placemark>
      <Placemark>
        <name>Duiwelsvuur - Month 7</name>
        <description>Waterhole: Duiwelsvuur, Month: 7, Time: 2010-07-03 15:20:00, Lon: 15.262665, Lat: -18.991349</description>
        <styleUrl>#month7_style</styleUrl>
        <Point>
          <coordinates>15.262665,-18.991349,0</coordinates>
        </Point>
      </Placemark>
      <Placemark>
        <name>Sonderkop waterhole - Month 7</name>
        <description>Waterhole: Sonderkop waterhole, Month: 7, Time: 2010-07-04 11:00:00, Lon: 15.320061, Lat: -18.969999</description>
        <styleUrl>#month7_style</styleUrl>
        <Point>
          <coordinates>15.320061,-18.969999,0</coordinates>
        </Point>
      </Placemark>
      <Placemark>
        <name>Sonderkop waterhole - Month 7</name>
        <description>Waterhole: Sonderkop waterhole, Month: 7, Time: 2010-07-04 11:20:00, Lon: 15.328191, Lat: -18.968941</description>
        <styleUrl>#month7_style</styleUrl>
        <Point>
          <coordinates>15.328191,-18.968941,0</coordinates>
        </Point>
      </Placemark>
      <Placemark>
        <name>Sonderkop waterhole - Month 7</name>
        <description>Waterhole: Sonderkop waterhole, Month: 7, Time: 2010-07-04 11:40:00, Lon: 15.328177, Lat: -18.968923</description>
        <styleUrl>#month7_style</styleUrl>
        <Point>
          <coordinates>15.328177,-18.968923,0</coordinates>
        </Point>
      </Placemark>
      <Placemark>
        <name>Sonderkop waterhole - Month 7</name>
        <description>Waterhole: Sonderkop waterhole, Month: 7, Time: 2010-07-04 12:00:00, Lon: 15.329933, Lat: -18.969596</description>
        <styleUrl>#month7_style</styleUrl>
        <Point>
          <coordinates>15.329933,-18.969596,0</coordinates>
        </Point>
      </Placemark>
      <Placemark>
        <name>Sonderkop waterhole - Month 7</name>
        <description>Waterhole: Sonderkop waterhole, Month: 7, Time: 2010-07-04 12:20:00, Lon: 15.328086, Lat: -18.970658</description>
        <styleUrl>#month7_style</styleUrl>
        <Point>
          <coordinates>15.328086,-18.970658,0</coordinates>
        </Point>
      </Placemark>
      <Placemark>
        <name>Sonderkop waterhole - Month 7</name>
        <description>Waterhole: Sonderkop waterhole, Month: 7, Time: 2010-07-04 12:40:00, Lon: 15.325719, Lat: -18.974308</description>
        <styleUrl>#month7_style</styleUrl>
        <Point>
          <coordinates>15.325719,-18.974308,0</coordinates>
        </Point>
      </Placemark>
      <Placemark>
        <name>Sonderkop waterhole - Month 7</name>
        <description>Waterhole: Sonderkop waterhole, Month: 7, Time: 2010-07-04 13:00:00, Lon: 15.323113, Lat: -18.974345</description>
        <styleUrl>#month7_style</styleUrl>
        <Point>
          <coordinates>15.323113,-18.974345,0</coordinates>
        </Point>
      </Placemark>
      <Placemark>
        <name>Sonderkop waterhole - Month 7</name>
        <description>Waterhole: Sonderkop waterhole, Month: 7, Time: 2010-07-04 13:20:00, Lon: 15.323826, Lat: -18.977144</description>
        <styleUrl>#month7_style</styleUrl>
        <Point>
          <coordinates>15.323826,-18.977144,0</coordinates>
        </Point>
      </Placemark>
      <Placemark>
        <name>Sonderkop waterhole - Month 7</name>
        <description>Waterhole: Sonderkop waterhole, Month: 7, Time: 2010-07-04 13:40:00, Lon: 15.327617, Lat: -18.977083</description>
        <styleUrl>#month7_style</styleUrl>
        <Point>
          <coordinates>15.327617,-18.977083,0</coordinates>
        </Point>
      </Placemark>
      <Placemark>
        <name>Sonderkop waterhole - Month 7</name>
        <description>Waterhole: Sonderkop waterhole, Month: 7, Time: 2010-07-04 14:00:00, Lon: 15.324057, Lat: -18.970984</description>
        <styleUrl>#month7_style</styleUrl>
        <Point>
          <coordinates>15.324057,-18.970984,0</coordinates>
        </Point>
      </Placemark>
      <Placemark>
        <name>Sonderkop waterhole - Month 7</name>
        <description>Waterhole: Sonderkop waterhole, Month: 7, Time: 2010-07-04 14:20:00, Lon: 15.332925, Lat: -18.967767</description>
        <styleUrl>#month7_style</styleUrl>
        <Point>
          <coordinates>15.332925,-18.967767,0</coordinates>
        </Point>
      </Placemark>
      <Placemark>
        <name>Ozonjuitji m'Bari - Month 7</name>
        <description>Waterhole: Ozonjuitji m'Bari, Month: 7, Time: 2010-07-05 19:20:00, Lon: 15.498045, Lat: -18.971490</description>
        <styleUrl>#month7_style</styleUrl>
        <Point>
          <coordinates>15.498045,-18.971490,0</coordinates>
        </Point>
      </Placemark>
      <Placemark>
        <name>Ozonjuitji m'Bari - Month 7</name>
        <description>Waterhole: Ozonjuitji m'Bari, Month: 7, Time: 2010-07-05 19:40:00, Lon: 15.503603, Lat: -18.976589</description>
        <styleUrl>#month7_style</styleUrl>
        <Point>
          <coordinates>15.503603,-18.976589,0</coordinates>
        </Point>
      </Placemark>
      <Placemark>
        <name>Ozonjuitji m'Bari - Month 7</name>
        <description>Waterhole: Ozonjuitji m'Bari, Month: 7, Time: 2010-07-05 20:00:00, Lon: 15.503550, Lat: -18.976617</description>
        <styleUrl>#month7_style</styleUrl>
        <Point>
          <coordinates>15.503550,-18.976617,0</coordinates>
        </Point>
      </Placemark>
      <Placemark>
        <name>Ozonjuitji m'Bari - Month 7</name>
        <description>Waterhole: Ozonjuitji m'Bari, Month: 7, Time: 2010-07-05 20:20:00, Lon: 15.503825, Lat: -18.975944</description>
        <styleUrl>#month7_style</styleUrl>
        <Point>
          <coordinates>15.503825,-18.975944,0</coordinates>
        </Point>
      </Placemark>
      <Placemark>
        <name>Ozonjuitji m'Bari - Month 7</name>
        <description>Waterhole: Ozonjuitji m'Bari, Month: 7, Time: 2010-07-05 20:40:00, Lon: 15.500056, Lat: -18.972085</description>
        <styleUrl>#month7_style</styleUrl>
        <Point>
          <coordinates>15.500056,-18.972085,0</coordinates>
        </Point>
      </Placemark>
      <Placemark>
        <name>Ozonjuitji m'Bari - Month 7</name>
        <description>Waterhole: Ozonjuitji m'Bari, Month: 7, Time: 2010-07-05 21:00:00, Lon: 15.498407, Lat: -18.971236</description>
        <styleUrl>#month7_style</styleUrl>
        <Point>
          <coordinates>15.498407,-18.971236,0</coordinates>
        </Point>
      </Placemark>
      <Placemark>
        <name>Ozonjuitji m'Bari - Month 7</name>
        <description>Waterhole: Ozonjuitji m'Bari, Month: 7, Time: 2010-07-05 21:20:00, Lon: 15.497572, Lat: -18.971059</description>
        <styleUrl>#month7_style</styleUrl>
        <Point>
          <coordinates>15.497572,-18.971059,0</coordinates>
        </Point>
      </Placemark>
      <Placemark>
        <name>Ozonjuitji m'Bari - Month 7</name>
        <description>Waterhole: Ozonjuitji m'Bari, Month: 7, Time: 2010-07-06 15:20:00, Lon: 15.499606, Lat: -18.969342</description>
        <styleUrl>#month7_style</styleUrl>
        <Point>
          <coordinates>15.499606,-18.969342,0</coordinates>
        </Point>
      </Placemark>
      <Placemark>
        <name>Ozonjuitji m'Bari - Month 7</name>
        <description>Waterhole: Ozonjuitji m'Bari, Month: 7, Time: 2010-07-06 15:40:00, Lon: 15.500145, Lat: -18.972213</description>
        <styleUrl>#month7_style</styleUrl>
        <Point>
          <coordinates>15.500145,-18.972213,0</coordinates>
        </Point>
      </Placemark>
      <Placemark>
        <name>Ozonjuitji m'Bari - Month 7</name>
        <description>Waterhole: Ozonjuitji m'Bari, Month: 7, Time: 2010-07-06 16:00:00, Lon: 15.501001, Lat: -18.974284</description>
        <styleUrl>#month7_style</styleUrl>
        <Point>
          <coordinates>15.501001,-18.974284,0</coordinates>
        </Point>
      </Placemark>
      <Placemark>
        <name>Ozonjuitji m'Bari - Month 7</name>
        <description>Waterhole: Ozonjuitji m'Bari, Month: 7, Time: 2010-07-06 16:20:00, Lon: 15.503606, Lat: -18.976532</description>
        <styleUrl>#month7_style</styleUrl>
        <Point>
          <coordinates>15.503606,-18.976532,0</coordinates>
        </Point>
      </Placemark>
      <Placemark>
        <name>Ozonjuitji m'Bari - Month 7</name>
        <description>Waterhole: Ozonjuitji m'Bari, Month: 7, Time: 2010-07-06 16:40:00, Lon: 15.503523, Lat: -18.973855</description>
        <styleUrl>#month7_style</styleUrl>
        <Point>
          <coordinates>15.503523,-18.973855,0</coordinates>
        </Point>
      </Placemark>
      <Placemark>
        <name>Ozonjuitji m'Bari - Month 7</name>
        <description>Waterhole: Ozonjuitji m'Bari, Month: 7, Time: 2010-07-06 17:00:00, Lon: 15.502050, Lat: -18.971830</description>
        <styleUrl>#month7_style</styleUrl>
        <Point>
          <coordinates>15.502050,-18.971830,0</coordinates>
        </Point>
      </Placemark>
      <Placemark>
        <name>Ozonjuitji m'Bari - Month 7</name>
        <description>Waterhole: Ozonjuitji m'Bari, Month: 7, Time: 2010-07-06 17:20:00, Lon: 15.501710, Lat: -18.971029</description>
        <styleUrl>#month7_style</styleUrl>
        <Point>
          <coordinates>15.501710,-18.971029,0</coordinates>
        </Point>
      </Placemark>
      <Placemark>
        <name>Ozonjuitji m'Bari - Month 7</name>
        <description>Waterhole: Ozonjuitji m'Bari, Month: 7, Time: 2010-07-06 17:40:00, Lon: 15.501718, Lat: -18.970500</description>
        <styleUrl>#month7_style</styleUrl>
        <Point>
          <coordinates>15.501718,-18.970500,0</coordinates>
        </Point>
      </Placemark>
      <Placemark>
        <name>Ozonjuitji m'Bari - Month 7</name>
        <description>Waterhole: Ozonjuitji m'Bari, Month: 7, Time: 2010-07-06 18:00:00, Lon: 15.501595, Lat: -18.970176</description>
        <styleUrl>#month7_style</styleUrl>
        <Point>
          <coordinates>15.501595,-18.970176,0</coordinates>
        </Point>
      </Placemark>
      <Placemark>
        <name>Ozonjuitji m'Bari - Month 7</name>
        <description>Waterhole: Ozonjuitji m'Bari, Month: 7, Time: 2010-07-06 18:20:00, Lon: 15.501943, Lat: -18.969796</description>
        <styleUrl>#month7_style</styleUrl>
        <Point>
          <coordinates>15.501943,-18.969796,0</coordinates>
        </Point>
      </Placemark>
      <Placemark>
        <name>Ozonjuitji m'Bari - Month 7</name>
        <description>Waterhole: Ozonjuitji m'Bari, Month: 7, Time: 2010-07-06 18:40:00, Lon: 15.502246, Lat: -18.969397</description>
        <styleUrl>#month7_style</styleUrl>
        <Point>
          <coordinates>15.502246,-18.969397,0</coordinates>
        </Point>
      </Placemark>
      <Placemark>
        <name>Ozonjuitji m'Bari - Month 7</name>
        <description>Waterhole: Ozonjuitji m'Bari, Month: 7, Time: 2010-07-06 20:20:00, Lon: 15.502780, Lat: -18.975136</description>
        <styleUrl>#month7_style</styleUrl>
        <Point>
          <coordinates>15.502780,-18.975136,0</coordinates>
        </Point>
      </Placemark>
      <Placemark>
        <name>Ozonjuitji m'Bari - Month 7</name>
        <description>Waterhole: Ozonjuitji m'Bari, Month: 7, Time: 2010-07-07 18:40:00, Lon: 15.503362, Lat: -18.977230</description>
        <styleUrl>#month7_style</styleUrl>
        <Point>
          <coordinates>15.503362,-18.977230,0</coordinates>
        </Point>
      </Placemark>
      <Placemark>
        <name>Ozonjuitji m'Bari - Month 7</name>
        <description>Waterhole: Ozonjuitji m'Bari, Month: 7, Time: 2010-07-07 19:00:00, Lon: 15.504362, Lat: -18.977053</description>
        <styleUrl>#month7_style</styleUrl>
        <Point>
          <coordinates>15.504362,-18.977053,0</coordinates>
        </Point>
      </Placemark>
      <Placemark>
        <name>Ozonjuitji m'Bari - Month 7</name>
        <description>Waterhole: Ozonjuitji m'Bari, Month: 7, Time: 2010-07-08 19:00:00, Lon: 15.507694, Lat: -18.978233</description>
        <styleUrl>#month7_style</styleUrl>
        <Point>
          <coordinates>15.507694,-18.978233,0</coordinates>
        </Point>
      </Placemark>
      <Placemark>
        <name>Ozonjuitji m'Bari - Month 7</name>
        <description>Waterhole: Ozonjuitji m'Bari, Month: 7, Time: 2010-07-08 19:20:00, Lon: 15.503597, Lat: -18.976542</description>
        <styleUrl>#month7_style</styleUrl>
        <Point>
          <coordinates>15.503597,-18.976542,0</coordinates>
        </Point>
      </Placemark>
      <Placemark>
        <name>Ozonjuitji m'Bari - Month 7</name>
        <description>Waterhole: Ozonjuitji m'Bari, Month: 7, Time: 2010-07-08 19:40:00, Lon: 15.499284, Lat: -18.972817</description>
        <styleUrl>#month7_style</styleUrl>
        <Point>
          <coordinates>15.499284,-18.972817,0</coordinates>
        </Point>
      </Placemark>
      <Placemark>
        <name>Ozonjuitji m'Bari - Month 7</name>
        <description>Waterhole: Ozonjuitji m'Bari, Month: 7, Time: 2010-07-08 20:00:00, Lon: 15.496961, Lat: -18.970321</description>
        <styleUrl>#month7_style</styleUrl>
        <Point>
          <coordinates>15.496961,-18.970321,0</coordinates>
        </Point>
      </Placemark>
      <Placemark>
        <name>Ozonjuitji m'Bari - Month 7</name>
        <description>Waterhole: Ozonjuitji m'Bari, Month: 7, Time: 2010-07-09 15:20:00, Lon: 15.496298, Lat: -18.976044</description>
        <styleUrl>#month7_style</styleUrl>
        <Point>
          <coordinates>15.496298,-18.976044,0</coordinates>
        </Point>
      </Placemark>
      <Placemark>
        <name>Ozonjuitji m'Bari - Month 7</name>
        <description>Waterhole: Ozonjuitji m'Bari, Month: 7, Time: 2010-07-09 15:40:00, Lon: 15.503600, Lat: -18.976556</description>
        <styleUrl>#month7_style</styleUrl>
        <Point>
          <coordinates>15.503600,-18.976556,0</coordinates>
        </Point>
      </Placemark>
      <Placemark>
        <name>Ozonjuitji m'Bari - Month 7</name>
        <description>Waterhole: Ozonjuitji m'Bari, Month: 7, Time: 2010-07-09 16:00:00, Lon: 15.503608, Lat: -18.976540</description>
        <styleUrl>#month7_style</styleUrl>
        <Point>
          <coordinates>15.503608,-18.976540,0</coordinates>
        </Point>
      </Placemark>
      <Placemark>
        <name>Ozonjuitji m'Bari - Month 7</name>
        <description>Waterhole: Ozonjuitji m'Bari, Month: 7, Time: 2010-07-09 16:20:00, Lon: 15.504230, Lat: -18.974910</description>
        <styleUrl>#month7_style</styleUrl>
        <Point>
          <coordinates>15.504230,-18.974910,0</coordinates>
        </Point>
      </Placemark>
      <Placemark>
        <name>Ozonjuitji m'Bari - Month 7</name>
        <description>Waterhole: Ozonjuitji m'Bari, Month: 7, Time: 2010-07-09 16:40:00, Lon: 15.503990, Lat: -18.976310</description>
        <styleUrl>#month7_style</styleUrl>
        <Point>
          <coordinates>15.503990,-18.976310,0</coordinates>
        </Point>
      </Placemark>
      <Placemark>
        <name>Ozonjuitji m'Bari - Month 7</name>
        <description>Waterhole: Ozonjuitji m'Bari, Month: 7, Time: 2010-07-09 17:00:00, Lon: 15.504801, Lat: -18.972603</description>
        <styleUrl>#month7_style</styleUrl>
        <Point>
          <coordinates>15.504801,-18.972603,0</coordinates>
        </Point>
      </Placemark>
      <Placemark>
        <name>Ozonjuitji m'Bari - Month 7</name>
        <description>Waterhole: Ozonjuitji m'Bari, Month: 7, Time: 2010-07-09 17:20:00, Lon: 15.505343, Lat: -18.969889</description>
        <styleUrl>#month7_style</styleUrl>
        <Point>
          <coordinates>15.505343,-18.969889,0</coordinates>
        </Point>
      </Placemark>
      <Placemark>
        <name>Ozonjuitji m'Bari - Month 7</name>
        <description>Waterhole: Ozonjuitji m'Bari, Month: 7, Time: 2010-07-09 17:40:00, Lon: 15.502281, Lat: -18.971267</description>
        <styleUrl>#month7_style</styleUrl>
        <Point>
          <coordinates>15.502281,-18.971267,0</coordinates>
        </Point>
      </Placemark>
      <Placemark>
        <name>Ozonjuitji m'Bari - Month 7</name>
        <description>Waterhole: Ozonjuitji m'Bari, Month: 7, Time: 2010-07-09 18:00:00, Lon: 15.501163, Lat: -18.972005</description>
        <styleUrl>#month7_style</styleUrl>
        <Point>
          <coordinates>15.501163,-18.972005,0</coordinates>
        </Point>
      </Placemark>
      <Placemark>
        <name>Ozonjuitji m'Bari - Month 7</name>
        <description>Waterhole: Ozonjuitji m'Bari, Month: 7, Time: 2010-07-09 18:20:00, Lon: 15.501652, Lat: -18.972127</description>
        <styleUrl>#month7_style</styleUrl>
        <Point>
          <coordinates>15.501652,-18.972127,0</coordinates>
        </Point>
      </Placemark>
      <Placemark>
        <name>Ozonjuitji m'Bari - Month 7</name>
        <description>Waterhole: Ozonjuitji m'Bari, Month: 7, Time: 2010-07-09 18:40:00, Lon: 15.502535, Lat: -18.972744</description>
        <styleUrl>#month7_style</styleUrl>
        <Point>
          <coordinates>15.502535,-18.972744,0</coordinates>
        </Point>
      </Placemark>
      <Placemark>
        <name>Ozonjuitji m'Bari - Month 7</name>
        <description>Waterhole: Ozonjuitji m'Bari, Month: 7, Time: 2010-07-09 19:00:00, Lon: 15.501942, Lat: -18.977500</description>
        <styleUrl>#month7_style</styleUrl>
        <Point>
          <coordinates>15.501942,-18.977500,0</coordinates>
        </Point>
      </Placemark>
      <Placemark>
        <name>Ozonjuitji m'Bari - Month 7</name>
        <description>Waterhole: Ozonjuitji m'Bari, Month: 7, Time: 2010-07-09 19:20:00, Lon: 15.500923, Lat: -18.978778</description>
        <styleUrl>#month7_style</styleUrl>
        <Point>
          <coordinates>15.500923,-18.978778,0</coordinates>
        </Point>
      </Placemark>
      <Placemark>
        <name>Ozonjuitji m'Bari - Month 7</name>
        <description>Waterhole: Ozonjuitji m'Bari, Month: 7, Time: 2010-07-10 16:00:00, Lon: 15.494926, Lat: -18.979519</description>
        <styleUrl>#month7_style</styleUrl>
        <Point>
          <coordinates>15.494926,-18.979519,0</coordinates>
        </Point>
      </Placemark>
      <Placemark>
        <name>Ozonjuitji m'Bari - Month 7</name>
        <description>Waterhole: Ozonjuitji m'Bari, Month: 7, Time: 2010-07-10 16:20:00, Lon: 15.500287, Lat: -18.978766</description>
        <styleUrl>#month7_style</styleUrl>
        <Point>
          <coordinates>15.500287,-18.978766,0</coordinates>
        </Point>
      </Placemark>
      <Placemark>
        <name>Ozonjuitji m'Bari - Month 7</name>
        <description>Waterhole: Ozonjuitji m'Bari, Month: 7, Time: 2010-07-10 16:40:00, Lon: 15.503346, Lat: -18.976388</description>
        <styleUrl>#month7_style</styleUrl>
        <Point>
          <coordinates>15.503346,-18.976388,0</coordinates>
        </Point>
      </Placemark>
      <Placemark>
        <name>Ozonjuitji m'Bari - Month 7</name>
        <description>Waterhole: Ozonjuitji m'Bari, Month: 7, Time: 2010-07-10 17:00:00, Lon: 15.504172, Lat: -18.976088</description>
        <styleUrl>#month7_style</styleUrl>
        <Point>
          <coordinates>15.504172,-18.976088,0</coordinates>
        </Point>
      </Placemark>
      <Placemark>
        <name>Ozonjuitji m'Bari - Month 7</name>
        <description>Waterhole: Ozonjuitji m'Bari, Month: 7, Time: 2010-07-10 17:20:00, Lon: 15.503906, Lat: -18.976497</description>
        <styleUrl>#month7_style</styleUrl>
        <Point>
          <coordinates>15.503906,-18.976497,0</coordinates>
        </Point>
      </Placemark>
      <Placemark>
        <name>Ozonjuitji m'Bari - Month 7</name>
        <description>Waterhole: Ozonjuitji m'Bari, Month: 7, Time: 2010-07-10 17:40:00, Lon: 15.503863, Lat: -18.976624</description>
        <styleUrl>#month7_style</styleUrl>
        <Point>
          <coordinates>15.503863,-18.976624,0</coordinates>
        </Point>
      </Placemark>
      <Placemark>
        <name>Ozonjuitji m'Bari - Month 7</name>
        <description>Waterhole: Ozonjuitji m'Bari, Month: 7, Time: 2010-07-10 18:00:00, Lon: 15.503611, Lat: -18.976536</description>
        <styleUrl>#month7_style</styleUrl>
        <Point>
          <coordinates>15.503611,-18.976536,0</coordinates>
        </Point>
      </Placemark>
      <Placemark>
        <name>Ozonjuitji m'Bari - Month 7</name>
        <description>Waterhole: Ozonjuitji m'Bari, Month: 7, Time: 2010-07-10 18:20:00, Lon: 15.503780, Lat: -18.976953</description>
        <styleUrl>#month7_style</styleUrl>
        <Point>
          <coordinates>15.503780,-18.976953,0</coordinates>
        </Point>
      </Placemark>
      <Placemark>
        <name>Ozonjuitji m'Bari - Month 7</name>
        <description>Waterhole: Ozonjuitji m'Bari, Month: 7, Time: 2010-07-10 19:00:00, Lon: 15.510398, Lat: -18.977991</description>
        <styleUrl>#month7_style</styleUrl>
        <Point>
          <coordinates>15.510398,-18.977991,0</coordinates>
        </Point>
      </Placemark>
      <Placemark>
        <name>Ozonjuitji m'Bari - Month 7</name>
        <description>Waterhole: Ozonjuitji m'Bari, Month: 7, Time: 2010-07-10 19:20:00, Lon: 15.504974, Lat: -18.977244</description>
        <styleUrl>#month7_style</styleUrl>
        <Point>
          <coordinates>15.504974,-18.977244,0</coordinates>
        </Point>
      </Placemark>
      <Placemark>
        <name>Ozonjuitji m'Bari - Month 7</name>
        <description>Waterhole: Ozonjuitji m'Bari, Month: 7, Time: 2010-07-10 19:40:00, Lon: 15.503606, Lat: -18.976540</description>
        <styleUrl>#month7_style</styleUrl>
        <Point>
          <coordinates>15.503606,-18.976540,0</coordinates>
        </Point>
      </Placemark>
      <Placemark>
        <name>Ozonjuitji m'Bari - Month 7</name>
        <description>Waterhole: Ozonjuitji m'Bari, Month: 7, Time: 2010-07-10 20:00:00, Lon: 15.503598, Lat: -18.976544</description>
        <styleUrl>#month7_style</styleUrl>
        <Point>
          <coordinates>15.503598,-18.976544,0</coordinates>
        </Point>
      </Placemark>
      <Placemark>
        <name>Ozonjuitji m'Bari - Month 7</name>
        <description>Waterhole: Ozonjuitji m'Bari, Month: 7, Time: 2010-07-10 20:20:00, Lon: 15.509677, Lat: -18.979783</description>
        <styleUrl>#month7_style</styleUrl>
        <Point>
          <coordinates>15.509677,-18.979783,0</coordinates>
        </Point>
      </Placemark>
      <Placemark>
        <name>Ozonjuitji m'Bari - Month 7</name>
        <description>Waterhole: Ozonjuitji m'Bari, Month: 7, Time: 2010-07-11 17:40:00, Lon: 15.510554, Lat: -18.980292</description>
        <styleUrl>#month7_style</styleUrl>
        <Point>
          <coordinates>15.510554,-18.980292,0</coordinates>
        </Point>
      </Placemark>
      <Placemark>
        <name>Ozonjuitji m'Bari - Month 7</name>
        <description>Waterhole: Ozonjuitji m'Bari, Month: 7, Time: 2010-07-11 18:00:00, Lon: 15.508570, Lat: -18.979293</description>
        <styleUrl>#month7_style</styleUrl>
        <Point>
          <coordinates>15.508570,-18.979293,0</coordinates>
        </Point>
      </Placemark>
      <Placemark>
        <name>Ozonjuitji m'Bari - Month 7</name>
        <description>Waterhole: Ozonjuitji m'Bari, Month: 7, Time: 2010-07-11 18:20:00, Lon: 15.503615, Lat: -18.976497</description>
        <styleUrl>#month7_style</styleUrl>
        <Point>
          <coordinates>15.503615,-18.976497,0</coordinates>
        </Point>
      </Placemark>
      <Placemark>
        <name>Ozonjuitji m'Bari - Month 7</name>
        <description>Waterhole: Ozonjuitji m'Bari, Month: 7, Time: 2010-07-11 18:40:00, Lon: 15.503855, Lat: -18.975873</description>
        <styleUrl>#month7_style</styleUrl>
        <Point>
          <coordinates>15.503855,-18.975873,0</coordinates>
        </Point>
      </Placemark>
      <Placemark>
        <name>Ozonjuitji m'Bari - Month 7</name>
        <description>Waterhole: Ozonjuitji m'Bari, Month: 7, Time: 2010-07-11 19:00:00, Lon: 15.503396, Lat: -18.975987</description>
        <styleUrl>#month7_style</styleUrl>
        <Point>
          <coordinates>15.503396,-18.975987,0</coordinates>
        </Point>
      </Placemark>
      <Placemark>
        <name>Ozonjuitji m'Bari - Month 7</name>
        <description>Waterhole: Ozonjuitji m'Bari, Month: 7, Time: 2010-07-11 19:20:00, Lon: 15.502337, Lat: -18.972178</description>
        <styleUrl>#month7_style</styleUrl>
        <Point>
          <coordinates>15.502337,-18.972178,0</coordinates>
        </Point>
      </Placemark>
      <Placemark>
        <name>Ozonjuitji m'Bari - Month 7</name>
        <description>Waterhole: Ozonjuitji m'Bari, Month: 7, Time: 2010-07-11 19:40:00, Lon: 15.502254, Lat: -18.971220</description>
        <styleUrl>#month7_style</styleUrl>
        <Point>
          <coordinates>15.502254,-18.971220,0</coordinates>
        </Point>
      </Placemark>
      <Placemark>
        <name>Ozonjuitji m'Bari - Month 7</name>
        <description>Waterhole: Ozonjuitji m'Bari, Month: 7, Time: 2010-07-11 20:00:00, Lon: 15.502109, Lat: -18.970231</description>
        <styleUrl>#month7_style</styleUrl>
        <Point>
          <coordinates>15.502109,-18.970231,0</coordinates>
        </Point>
      </Placemark>
      <Placemark>
        <name>Ozonjuitji m'Bari - Month 7</name>
        <description>Waterhole: Ozonjuitji m'Bari, Month: 7, Time: 2010-07-11 20:20:00, Lon: 15.501889, Lat: -18.970807</description>
        <styleUrl>#month7_style</styleUrl>
        <Point>
          <coordinates>15.501889,-18.970807,0</coordinates>
        </Point>
      </Placemark>
      <Placemark>
        <name>Ozonjuitji m'Bari - Month 7</name>
        <description>Waterhole: Ozonjuitji m'Bari, Month: 7, Time: 2010-07-11 20:40:00, Lon: 15.501620, Lat: -18.971193</description>
        <styleUrl>#month7_style</styleUrl>
        <Point>
          <coordinates>15.501620,-18.971193,0</coordinates>
        </Point>
      </Placemark>
      <Placemark>
        <name>Ozonjuitji m'Bari - Month 7</name>
        <description>Waterhole: Ozonjuitji m'Bari, Month: 7, Time: 2010-07-11 21:00:00, Lon: 15.503582, Lat: -18.976082</description>
        <styleUrl>#month7_style</styleUrl>
        <Point>
          <coordinates>15.503582,-18.976082,0</coordinates>
        </Point>
      </Placemark>
      <Placemark>
        <name>Ozonjuitji m'Bari - Month 7</name>
        <description>Waterhole: Ozonjuitji m'Bari, Month: 7, Time: 2010-07-11 21:20:00, Lon: 15.503619, Lat: -18.976280</description>
        <styleUrl>#month7_style</styleUrl>
        <Point>
          <coordinates>15.503619,-18.976280,0</coordinates>
        </Point>
      </Placemark>
      <Placemark>
        <name>Ozonjuitji m'Bari - Month 7</name>
        <description>Waterhole: Ozonjuitji m'Bari, Month: 7, Time: 2010-07-11 21:40:00, Lon: 15.501863, Lat: -18.974961</description>
        <styleUrl>#month7_style</styleUrl>
        <Point>
          <coordinates>15.501863,-18.974961,0</coordinates>
        </Point>
      </Placemark>
      <Placemark>
        <name>Ozonjuitji m'Bari - Month 7</name>
        <description>Waterhole: Ozonjuitji m'Bari, Month: 7, Time: 2010-07-11 22:00:00, Lon: 15.499276, Lat: -18.973126</description>
        <styleUrl>#month7_style</styleUrl>
        <Point>
          <coordinates>15.499276,-18.973126,0</coordinates>
        </Point>
      </Placemark>
      <Placemark>
        <name>Ozonjuitji m'Bari - Month 7</name>
        <description>Waterhole: Ozonjuitji m'Bari, Month: 7, Time: 2010-07-11 22:20:00, Lon: 15.498863, Lat: -18.972707</description>
        <styleUrl>#month7_style</styleUrl>
        <Point>
          <coordinates>15.498863,-18.972707,0</coordinates>
        </Point>
      </Placemark>
      <Placemark>
        <name>Ozonjuitji m'Bari - Month 7</name>
        <description>Waterhole: Ozonjuitji m'Bari, Month: 7, Time: 2010-07-11 22:40:00, Lon: 15.499691, Lat: -18.973281</description>
        <styleUrl>#month7_style</styleUrl>
        <Point>
          <coordinates>15.499691,-18.973281,0</coordinates>
        </Point>
      </Placemark>
      <Placemark>
        <name>Ozonjuitji m'Bari - Month 7</name>
        <description>Waterhole: Ozonjuitji m'Bari, Month: 7, Time: 2010-07-11 23:00:00, Lon: 15.499197, Lat: -18.975289</description>
        <styleUrl>#month7_style</styleUrl>
        <Point>
          <coordinates>15.499197,-18.975289,0</coordinates>
        </Point>
      </Placemark>
      <Placemark>
        <name>Ozonjuitji m'Bari - Month 7</name>
        <description>Waterhole: Ozonjuitji m'Bari, Month: 7, Time: 2010-07-11 23:20:00, Lon: 15.499544, Lat: -18.973307</description>
        <styleUrl>#month7_style</styleUrl>
        <Point>
          <coordinates>15.499544,-18.973307,0</coordinates>
        </Point>
      </Placemark>
      <Placemark>
        <name>Ozonjuitji m'Bari - Month 7</name>
        <description>Waterhole: Ozonjuitji m'Bari, Month: 7, Time: 2010-07-11 23:40:00, Lon: 15.498233, Lat: -18.971116</description>
        <styleUrl>#month7_style</styleUrl>
        <Point>
          <coordinates>15.498233,-18.971116,0</coordinates>
        </Point>
      </Placemark>
      <Placemark>
        <name>Ozonjuitji m'Bari - Month 7</name>
        <description>Waterhole: Ozonjuitji m'Bari, Month: 7, Time: 2010-07-12 00:00:00, Lon: 15.498425, Lat: -18.971132</description>
        <styleUrl>#month7_style</styleUrl>
        <Point>
          <coordinates>15.498425,-18.971132,0</coordinates>
        </Point>
      </Placemark>
      <Placemark>
        <name>Ozonjuitji m'Bari - Month 7</name>
        <description>Waterhole: Ozonjuitji m'Bari, Month: 7, Time: 2010-07-12 00:20:00, Lon: 15.498361, Lat: -18.971399</description>
        <styleUrl>#month7_style</styleUrl>
        <Point>
          <coordinates>15.498361,-18.971399,0</coordinates>
        </Point>
      </Placemark>
      <Placemark>
        <name>Ozonjuitji m'Bari - Month 7</name>
        <description>Waterhole: Ozonjuitji m'Bari, Month: 7, Time: 2010-07-12 00:40:00, Lon: 15.498362, Lat: -18.971429</description>
        <styleUrl>#month7_style</styleUrl>
        <Point>
          <coordinates>15.498362,-18.971429,0</coordinates>
        </Point>
      </Placemark>
      <Placemark>
        <name>Ozonjuitji m'Bari - Month 7</name>
        <description>Waterhole: Ozonjuitji m'Bari, Month: 7, Time: 2010-07-12 16:40:00, Lon: 15.501042, Lat: -18.968752</description>
        <styleUrl>#month7_style</styleUrl>
        <Point>
          <coordinates>15.501042,-18.968752,0</coordinates>
        </Point>
      </Placemark>
      <Placemark>
        <name>Ozonjuitji m'Bari - Month 7</name>
        <description>Waterhole: Ozonjuitji m'Bari, Month: 7, Time: 2010-07-12 17:00:00, Lon: 15.501556, Lat: -18.969725</description>
        <styleUrl>#month7_style</styleUrl>
        <Point>
          <coordinates>15.501556,-18.969725,0</coordinates>
        </Point>
      </Placemark>
      <Placemark>
        <name>Ozonjuitji m'Bari - Month 7</name>
        <description>Waterhole: Ozonjuitji m'Bari, Month: 7, Time: 2010-07-12 17:20:00, Lon: 15.503729, Lat: -18.976048</description>
        <styleUrl>#month7_style</styleUrl>
        <Point>
          <coordinates>15.503729,-18.976048,0</coordinates>
        </Point>
      </Placemark>
      <Placemark>
        <name>Ozonjuitji m'Bari - Month 7</name>
        <description>Waterhole: Ozonjuitji m'Bari, Month: 7, Time: 2010-07-12 17:40:00, Lon: 15.503277, Lat: -18.976526</description>
        <styleUrl>#month7_style</styleUrl>
        <Point>
          <coordinates>15.503277,-18.976526,0</coordinates>
        </Point>
      </Placemark>
      <Placemark>
        <name>Ozonjuitji m'Bari - Month 7</name>
        <description>Waterhole: Ozonjuitji m'Bari, Month: 7, Time: 2010-07-12 18:00:00, Lon: 15.503613, Lat: -18.976685</description>
        <styleUrl>#month7_style</styleUrl>
        <Point>
          <coordinates>15.503613,-18.976685,0</coordinates>
        </Point>
      </Placemark>
      <Placemark>
        <name>Ozonjuitji m'Bari - Month 7</name>
        <description>Waterhole: Ozonjuitji m'Bari, Month: 7, Time: 2010-07-12 18:20:00, Lon: 15.504233, Lat: -18.976174</description>
        <styleUrl>#month7_style</styleUrl>
        <Point>
          <coordinates>15.504233,-18.976174,0</coordinates>
        </Point>
      </Placemark>
      <Placemark>
        <name>Ozonjuitji m'Bari - Month 7</name>
        <description>Waterhole: Ozonjuitji m'Bari, Month: 7, Time: 2010-07-12 18:40:00, Lon: 15.503611, Lat: -18.976689</description>
        <styleUrl>#month7_style</styleUrl>
        <Point>
          <coordinates>15.503611,-18.976689,0</coordinates>
        </Point>
      </Placemark>
      <Placemark>
        <name>Ozonjuitji m'Bari - Month 7</name>
        <description>Waterhole: Ozonjuitji m'Bari, Month: 7, Time: 2010-07-12 19:00:00, Lon: 15.496232, Lat: -18.978394</description>
        <styleUrl>#month7_style</styleUrl>
        <Point>
          <coordinates>15.496232,-18.978394,0</coordinates>
        </Point>
      </Placemark>
      <Placemark>
        <name>Arendsnes - Month 7</name>
        <description>Waterhole: Arendsnes, Month: 7, Time: 2010-07-13 07:20:00, Lon: 15.416040, Lat: -18.974184</description>
        <styleUrl>#month7_style</styleUrl>
        <Point>
          <coordinates>15.416040,-18.974184,0</coordinates>
        </Point>
      </Placemark>
      <Placemark>
        <name>Arendsnes - Month 7</name>
        <description>Waterhole: Arendsnes, Month: 7, Time: 2010-07-13 07:40:00, Lon: 15.413646, Lat: -18.973751</description>
        <styleUrl>#month7_style</styleUrl>
        <Point>
          <coordinates>15.413646,-18.973751,0</coordinates>
        </Point>
      </Placemark>
      <Placemark>
        <name>Arendsnes - Month 7</name>
        <description>Waterhole: Arendsnes, Month: 7, Time: 2010-07-13 08:00:00, Lon: 15.403680, Lat: -18.974878</description>
        <styleUrl>#month7_style</styleUrl>
        <Point>
          <coordinates>15.403680,-18.974878,0</coordinates>
        </Point>
      </Placemark>
      <Placemark>
        <name>Sonderkop waterhole - Month 7</name>
        <description>Waterhole: Sonderkop waterhole, Month: 7, Time: 2010-07-13 11:40:00, Lon: 15.328194, Lat: -18.968960</description>
        <styleUrl>#month7_style</styleUrl>
        <Point>
          <coordinates>15.328194,-18.968960,0</coordinates>
        </Point>
      </Placemark>
      <Placemark>
        <name>Sonderkop waterhole - Month 7</name>
        <description>Waterhole: Sonderkop waterhole, Month: 7, Time: 2010-07-13 12:00:00, Lon: 15.328168, Lat: -18.968947</description>
        <styleUrl>#month7_style</styleUrl>
        <Point>
          <coordinates>15.328168,-18.968947,0</coordinates>
        </Point>
      </Placemark>
      <Placemark>
        <name>Sonderkop waterhole - Month 7</name>
        <description>Waterhole: Sonderkop waterhole, Month: 7, Time: 2010-07-13 12:20:00, Lon: 15.328199, Lat: -18.968953</description>
        <styleUrl>#month7_style</styleUrl>
        <Point>
          <coordinates>15.328199,-18.968953,0</coordinates>
        </Point>
      </Placemark>
      <Placemark>
        <name>Sonderkop waterhole - Month 7</name>
        <description>Waterhole: Sonderkop waterhole, Month: 7, Time: 2010-07-13 12:40:00, Lon: 15.327568, Lat: -18.970048</description>
        <styleUrl>#month7_style</styleUrl>
        <Point>
          <coordinates>15.327568,-18.970048,0</coordinates>
        </Point>
      </Placemark>
      <Placemark>
        <name>Sonderkop waterhole - Month 7</name>
        <description>Waterhole: Sonderkop waterhole, Month: 7, Time: 2010-07-13 13:00:00, Lon: 15.326269, Lat: -18.973383</description>
        <styleUrl>#month7_style</styleUrl>
        <Point>
          <coordinates>15.326269,-18.973383,0</coordinates>
        </Point>
      </Placemark>
      <Placemark>
        <name>Sonderkop waterhole - Month 7</name>
        <description>Waterhole: Sonderkop waterhole, Month: 7, Time: 2010-07-13 13:20:00, Lon: 15.323347, Lat: -18.973118</description>
        <styleUrl>#month7_style</styleUrl>
        <Point>
          <coordinates>15.323347,-18.973118,0</coordinates>
        </Point>
      </Placemark>
      <Placemark>
        <name>Sonderkop waterhole - Month 7</name>
        <description>Waterhole: Sonderkop waterhole, Month: 7, Time: 2010-07-13 13:40:00, Lon: 15.322906, Lat: -18.972426</description>
        <styleUrl>#month7_style</styleUrl>
        <Point>
          <coordinates>15.322906,-18.972426,0</coordinates>
        </Point>
      </Placemark>
      <Placemark>
        <name>Sonderkop waterhole - Month 7</name>
        <description>Waterhole: Sonderkop waterhole, Month: 7, Time: 2010-07-13 14:00:00, Lon: 15.324807, Lat: -18.966455</description>
        <styleUrl>#month7_style</styleUrl>
        <Point>
          <coordinates>15.324807,-18.966455,0</coordinates>
        </Point>
      </Placemark>
      <Placemark>
        <name>Sonderkop waterhole - Month 7</name>
        <description>Waterhole: Sonderkop waterhole, Month: 7, Time: 2010-07-13 14:20:00, Lon: 15.335444, Lat: -18.966071</description>
        <styleUrl>#month7_style</styleUrl>
        <Point>
          <coordinates>15.335444,-18.966071,0</coordinates>
        </Point>
      </Placemark>
      <Placemark>
        <name>Sonderkop waterhole - Month 7</name>
        <description>Waterhole: Sonderkop waterhole, Month: 7, Time: 2010-07-13 14:40:00, Lon: 15.330506, Lat: -18.971960</description>
        <styleUrl>#month7_style</styleUrl>
        <Point>
          <coordinates>15.330506,-18.971960,0</coordinates>
        </Point>
      </Placemark>
      <Placemark>
        <name>Sonderkop waterhole - Month 7</name>
        <description>Waterhole: Sonderkop waterhole, Month: 7, Time: 2010-07-13 16:20:00, Lon: 15.332774, Lat: -18.976453</description>
        <styleUrl>#month7_style</styleUrl>
        <Point>
          <coordinates>15.332774,-18.976453,0</coordinates>
        </Point>
      </Placemark>
      <Placemark>
        <name>Sonderkop waterhole - Month 7</name>
        <description>Waterhole: Sonderkop waterhole, Month: 7, Time: 2010-07-13 16:40:00, Lon: 15.332473, Lat: -18.976754</description>
        <styleUrl>#month7_style</styleUrl>
        <Point>
          <coordinates>15.332473,-18.976754,0</coordinates>
        </Point>
      </Placemark>
      <Placemark>
        <name>Sonderkop waterhole - Month 7</name>
        <description>Waterhole: Sonderkop waterhole, Month: 7, Time: 2010-07-13 17:00:00, Lon: 15.328354, Lat: -18.976904</description>
        <styleUrl>#month7_style</styleUrl>
        <Point>
          <coordinates>15.328354,-18.976904,0</coordinates>
        </Point>
      </Placemark>
      <Placemark>
        <name>Sonderkop waterhole - Month 7</name>
        <description>Waterhole: Sonderkop waterhole, Month: 7, Time: 2010-07-13 17:20:00, Lon: 15.326880, Lat: -18.977283</description>
        <styleUrl>#month7_style</styleUrl>
        <Point>
          <coordinates>15.326880,-18.977283,0</coordinates>
        </Point>
      </Placemark>
      <Placemark>
        <name>Sonderkop waterhole - Month 7</name>
        <description>Waterhole: Sonderkop waterhole, Month: 7, Time: 2010-07-13 17:40:00, Lon: 15.324596, Lat: -18.976499</description>
        <styleUrl>#month7_style</styleUrl>
        <Point>
          <coordinates>15.324596,-18.976499,0</coordinates>
        </Point>
      </Placemark>
      <Placemark>
        <name>Sonderkop waterhole - Month 7</name>
        <description>Waterhole: Sonderkop waterhole, Month: 7, Time: 2010-07-13 18:00:00, Lon: 15.325000, Lat: -18.971104</description>
        <styleUrl>#month7_style</styleUrl>
        <Point>
          <coordinates>15.325000,-18.971104,0</coordinates>
        </Point>
      </Placemark>
      <Placemark>
        <name>Sonderkop waterhole - Month 7</name>
        <description>Waterhole: Sonderkop waterhole, Month: 7, Time: 2010-07-13 18:20:00, Lon: 15.328197, Lat: -18.968945</description>
        <styleUrl>#month7_style</styleUrl>
        <Point>
          <coordinates>15.328197,-18.968945,0</coordinates>
        </Point>
      </Placemark>
      <Placemark>
        <name>Sonderkop waterhole - Month 7</name>
        <description>Waterhole: Sonderkop waterhole, Month: 7, Time: 2010-07-13 18:40:00, Lon: 15.325806, Lat: -18.971051</description>
        <styleUrl>#month7_style</styleUrl>
        <Point>
          <coordinates>15.325806,-18.971051,0</coordinates>
        </Point>
      </Placemark>
      <Placemark>
        <name>Duiwelsvuur - Month 7</name>
        <description>Waterhole: Duiwelsvuur, Month: 7, Time: 2010-07-14 10:00:00, Lon: 15.267309, Lat: -18.987797</description>
        <styleUrl>#month7_style</styleUrl>
        <Point>
          <coordinates>15.267309,-18.987797,0</coordinates>
        </Point>
      </Placemark>
      <Placemark>
        <name>Duiwelsvuur - Month 7</name>
        <description>Waterhole: Duiwelsvuur, Month: 7, Time: 2010-07-14 10:20:00, Lon: 15.259714, Lat: -18.987657</description>
        <styleUrl>#month7_style</styleUrl>
        <Point>
          <coordinates>15.259714,-18.987657,0</coordinates>
        </Point>
      </Placemark>
      <Placemark>
        <name>Duiwelsvuur - Month 7</name>
        <description>Waterhole: Duiwelsvuur, Month: 7, Time: 2010-07-14 10:40:00, Lon: 15.259619, Lat: -18.987866</description>
        <styleUrl>#month7_style</styleUrl>
        <Point>
          <coordinates>15.259619,-18.987866,0</coordinates>
        </Point>
      </Placemark>
      <Placemark>
        <name>Duiwelsvuur - Month 7</name>
        <description>Waterhole: Duiwelsvuur, Month: 7, Time: 2010-07-14 11:00:00, Lon: 15.259648, Lat: -18.987793</description>
        <styleUrl>#month7_style</styleUrl>
        <Point>
          <coordinates>15.259648,-18.987793,0</coordinates>
        </Point>
      </Placemark>
      <Placemark>
        <name>Duiwelsvuur - Month 7</name>
        <description>Waterhole: Duiwelsvuur, Month: 7, Time: 2010-07-14 11:20:00, Lon: 15.259653, Lat: -18.987771</description>
        <styleUrl>#month7_style</styleUrl>
        <Point>
          <coordinates>15.259653,-18.987771,0</coordinates>
        </Point>
      </Placemark>
      <Placemark>
        <name>Duiwelsvuur - Month 7</name>
        <description>Waterhole: Duiwelsvuur, Month: 7, Time: 2010-07-14 11:40:00, Lon: 15.259777, Lat: -18.987811</description>
        <styleUrl>#month7_style</styleUrl>
        <Point>
          <coordinates>15.259777,-18.987811,0</coordinates>
        </Point>
      </Placemark>
      <Placemark>
        <name>Duiwelsvuur - Month 7</name>
        <description>Waterhole: Duiwelsvuur, Month: 7, Time: 2010-07-14 12:00:00, Lon: 15.259881, Lat: -18.987687</description>
        <styleUrl>#month7_style</styleUrl>
        <Point>
          <coordinates>15.259881,-18.987687,0</coordinates>
        </Point>
      </Placemark>
      <Placemark>
        <name>Duiwelsvuur - Month 7</name>
        <description>Waterhole: Duiwelsvuur, Month: 7, Time: 2010-07-14 12:20:00, Lon: 15.259715, Lat: -18.987638</description>
        <styleUrl>#month7_style</styleUrl>
        <Point>
          <coordinates>15.259715,-18.987638,0</coordinates>
        </Point>
      </Placemark>
      <Placemark>
        <name>Duiwelsvuur - Month 7</name>
        <description>Waterhole: Duiwelsvuur, Month: 7, Time: 2010-07-14 12:40:00, Lon: 15.259782, Lat: -18.988023</description>
        <styleUrl>#month7_style</styleUrl>
        <Point>
          <coordinates>15.259782,-18.988023,0</coordinates>
        </Point>
      </Placemark>
      <Placemark>
        <name>Duiwelsvuur - Month 7</name>
        <description>Waterhole: Duiwelsvuur, Month: 7, Time: 2010-07-14 13:00:00, Lon: 15.261825, Lat: -18.988896</description>
        <styleUrl>#month7_style</styleUrl>
        <Point>
          <coordinates>15.261825,-18.988896,0</coordinates>
        </Point>
      </Placemark>
      <Placemark>
        <name>Duiwelsvuur - Month 7</name>
        <description>Waterhole: Duiwelsvuur, Month: 7, Time: 2010-07-14 13:20:00, Lon: 15.265115, Lat: -18.990007</description>
        <styleUrl>#month7_style</styleUrl>
        <Point>
          <coordinates>15.265115,-18.990007,0</coordinates>
        </Point>
      </Placemark>
      <Placemark>
        <name>Duiwelsvuur - Month 7</name>
        <description>Waterhole: Duiwelsvuur, Month: 7, Time: 2010-07-14 13:40:00, Lon: 15.265783, Lat: -18.990090</description>
        <styleUrl>#month7_style</styleUrl>
        <Point>
          <coordinates>15.265783,-18.990090,0</coordinates>
        </Point>
      </Placemark>
      <Placemark>
        <name>Duiwelsvuur - Month 7</name>
        <description>Waterhole: Duiwelsvuur, Month: 7, Time: 2010-07-14 14:00:00, Lon: 15.265736, Lat: -18.990049</description>
        <styleUrl>#month7_style</styleUrl>
        <Point>
          <coordinates>15.265736,-18.990049,0</coordinates>
        </Point>
      </Placemark>
      <Placemark>
        <name>Duiwelsvuur - Month 7</name>
        <description>Waterhole: Duiwelsvuur, Month: 7, Time: 2010-07-14 14:20:00, Lon: 15.265588, Lat: -18.989555</description>
        <styleUrl>#month7_style</styleUrl>
        <Point>
          <coordinates>15.265588,-18.989555,0</coordinates>
        </Point>
      </Placemark>
      <Placemark>
        <name>Duiwelsvuur - Month 7</name>
        <description>Waterhole: Duiwelsvuur, Month: 7, Time: 2010-07-14 14:40:00, Lon: 15.265582, Lat: -18.989634</description>
        <styleUrl>#month7_style</styleUrl>
        <Point>
          <coordinates>15.265582,-18.989634,0</coordinates>
        </Point>
      </Placemark>
      <Placemark>
        <name>Duiwelsvuur - Month 7</name>
        <description>Waterhole: Duiwelsvuur, Month: 7, Time: 2010-07-14 15:00:00, Lon: 15.265228, Lat: -18.991001</description>
        <styleUrl>#month7_style</styleUrl>
        <Point>
          <coordinates>15.265228,-18.991001,0</coordinates>
        </Point>
      </Placemark>
      <Placemark>
        <name>Duiwelsvuur - Month 7</name>
        <description>Waterhole: Duiwelsvuur, Month: 7, Time: 2010-07-14 15:20:00, Lon: 15.264835, Lat: -18.990643</description>
        <styleUrl>#month7_style</styleUrl>
        <Point>
          <coordinates>15.264835,-18.990643,0</coordinates>
        </Point>
      </Placemark>
      <Placemark>
        <name>Duiwelsvuur - Month 7</name>
        <description>Waterhole: Duiwelsvuur, Month: 7, Time: 2010-07-14 15:40:00, Lon: 15.264573, Lat: -18.991634</description>
        <styleUrl>#month7_style</styleUrl>
        <Point>
          <coordinates>15.264573,-18.991634,0</coordinates>
        </Point>
      </Placemark>
      <Placemark>
        <name>Duiwelsvuur - Month 7</name>
        <description>Waterhole: Duiwelsvuur, Month: 7, Time: 2010-07-14 16:00:00, Lon: 15.264509, Lat: -18.993648</description>
        <styleUrl>#month7_style</styleUrl>
        <Point>
          <coordinates>15.264509,-18.993648,0</coordinates>
        </Point>
      </Placemark>
      <Placemark>
        <name>Duiwelsvuur - Month 7</name>
        <description>Waterhole: Duiwelsvuur, Month: 7, Time: 2010-07-14 16:20:00, Lon: 15.265456, Lat: -18.994786</description>
        <styleUrl>#month7_style</styleUrl>
        <Point>
          <coordinates>15.265456,-18.994786,0</coordinates>
        </Point>
      </Placemark>
      <Placemark>
        <name>Duiwelsvuur - Month 7</name>
        <description>Waterhole: Duiwelsvuur, Month: 7, Time: 2010-07-15 10:20:00, Lon: 15.259653, Lat: -18.996995</description>
        <styleUrl>#month7_style</styleUrl>
        <Point>
          <coordinates>15.259653,-18.996995,0</coordinates>
        </Point>
      </Placemark>
      <Placemark>
        <name>Duiwelsvuur - Month 7</name>
        <description>Waterhole: Duiwelsvuur, Month: 7, Time: 2010-07-15 10:40:00, Lon: 15.259328, Lat: -18.989062</description>
        <styleUrl>#month7_style</styleUrl>
        <Point>
          <coordinates>15.259328,-18.989062,0</coordinates>
        </Point>
      </Placemark>
      <Placemark>
        <name>Duiwelsvuur - Month 7</name>
        <description>Waterhole: Duiwelsvuur, Month: 7, Time: 2010-07-15 11:00:00, Lon: 15.259697, Lat: -18.987653</description>
        <styleUrl>#month7_style</styleUrl>
        <Point>
          <coordinates>15.259697,-18.987653,0</coordinates>
        </Point>
      </Placemark>
      <Placemark>
        <name>Duiwelsvuur - Month 7</name>
        <description>Waterhole: Duiwelsvuur, Month: 7, Time: 2010-07-15 11:20:00, Lon: 15.259622, Lat: -18.988944</description>
        <styleUrl>#month7_style</styleUrl>
        <Point>
          <coordinates>15.259622,-18.988944,0</coordinates>
        </Point>
      </Placemark>
      <Placemark>
        <name>Duiwelsvuur - Month 7</name>
        <description>Waterhole: Duiwelsvuur, Month: 7, Time: 2010-07-15 11:40:00, Lon: 15.258416, Lat: -18.989447</description>
        <styleUrl>#month7_style</styleUrl>
        <Point>
          <coordinates>15.258416,-18.989447,0</coordinates>
        </Point>
      </Placemark>
      <Placemark>
        <name>Duiwelsvuur - Month 7</name>
        <description>Waterhole: Duiwelsvuur, Month: 7, Time: 2010-07-15 12:00:00, Lon: 15.257977, Lat: -18.988829</description>
        <styleUrl>#month7_style</styleUrl>
        <Point>
          <coordinates>15.257977,-18.988829,0</coordinates>
        </Point>
      </Placemark>
      <Placemark>
        <name>Duiwelsvuur - Month 7</name>
        <description>Waterhole: Duiwelsvuur, Month: 7, Time: 2010-07-15 12:20:00, Lon: 15.260351, Lat: -18.986641</description>
        <styleUrl>#month7_style</styleUrl>
        <Point>
          <coordinates>15.260351,-18.986641,0</coordinates>
        </Point>
      </Placemark>
      <Placemark>
        <name>Duiwelsvuur - Month 7</name>
        <description>Waterhole: Duiwelsvuur, Month: 7, Time: 2010-07-15 12:40:00, Lon: 15.260879, Lat: -18.987183</description>
        <styleUrl>#month7_style</styleUrl>
        <Point>
          <coordinates>15.260879,-18.987183,0</coordinates>
        </Point>
      </Placemark>
      <Placemark>
        <name>Duiwelsvuur - Month 7</name>
        <description>Waterhole: Duiwelsvuur, Month: 7, Time: 2010-07-15 13:00:00, Lon: 15.260855, Lat: -18.987148</description>
        <styleUrl>#month7_style</styleUrl>
        <Point>
          <coordinates>15.260855,-18.987148,0</coordinates>
        </Point>
      </Placemark>
      <Placemark>
        <name>Duiwelsvuur - Month 7</name>
        <description>Waterhole: Duiwelsvuur, Month: 7, Time: 2010-07-15 13:20:00, Lon: 15.259840, Lat: -18.986609</description>
        <styleUrl>#month7_style</styleUrl>
        <Point>
          <coordinates>15.259840,-18.986609,0</coordinates>
        </Point>
      </Placemark>
      <Placemark>
        <name>Duiwelsvuur - Month 7</name>
        <description>Waterhole: Duiwelsvuur, Month: 7, Time: 2010-07-15 13:40:00, Lon: 15.259913, Lat: -18.987909</description>
        <styleUrl>#month7_style</styleUrl>
        <Point>
          <coordinates>15.259913,-18.987909,0</coordinates>
        </Point>
      </Placemark>
      <Placemark>
        <name>Duiwelsvuur - Month 7</name>
        <description>Waterhole: Duiwelsvuur, Month: 7, Time: 2010-07-15 14:00:00, Lon: 15.260773, Lat: -18.985610</description>
        <styleUrl>#month7_style</styleUrl>
        <Point>
          <coordinates>15.260773,-18.985610,0</coordinates>
        </Point>
      </Placemark>
      <Placemark>
        <name>Duiwelsvuur - Month 7</name>
        <description>Waterhole: Duiwelsvuur, Month: 7, Time: 2010-07-15 14:20:00, Lon: 15.259860, Lat: -18.983396</description>
        <styleUrl>#month7_style</styleUrl>
        <Point>
          <coordinates>15.259860,-18.983396,0</coordinates>
        </Point>
      </Placemark>
      <Placemark>
        <name>Duiwelsvuur - Month 7</name>
        <description>Waterhole: Duiwelsvuur, Month: 7, Time: 2010-07-15 14:40:00, Lon: 15.259515, Lat: -18.982815</description>
        <styleUrl>#month7_style</styleUrl>
        <Point>
          <coordinates>15.259515,-18.982815,0</coordinates>
        </Point>
      </Placemark>
      <Placemark>
        <name>Duiwelsvuur - Month 7</name>
        <description>Waterhole: Duiwelsvuur, Month: 7, Time: 2010-07-15 15:00:00, Lon: 15.259498, Lat: -18.982347</description>
        <styleUrl>#month7_style</styleUrl>
        <Point>
          <coordinates>15.259498,-18.982347,0</coordinates>
        </Point>
      </Placemark>
      <Placemark>
        <name>Duiwelsvuur - Month 7</name>
        <description>Waterhole: Duiwelsvuur, Month: 7, Time: 2010-07-15 15:20:00, Lon: 15.260388, Lat: -18.982597</description>
        <styleUrl>#month7_style</styleUrl>
        <Point>
          <coordinates>15.260388,-18.982597,0</coordinates>
        </Point>
      </Placemark>
      <Placemark>
        <name>Duiwelsvuur - Month 7</name>
        <description>Waterhole: Duiwelsvuur, Month: 7, Time: 2010-07-15 15:40:00, Lon: 15.260150, Lat: -18.982019</description>
        <styleUrl>#month7_style</styleUrl>
        <Point>
          <coordinates>15.260150,-18.982019,0</coordinates>
        </Point>
      </Placemark>
      <Placemark>
        <name>Duiwelsvuur - Month 7</name>
        <description>Waterhole: Duiwelsvuur, Month: 7, Time: 2010-07-15 16:00:00, Lon: 15.259462, Lat: -18.981040</description>
        <styleUrl>#month7_style</styleUrl>
        <Point>
          <coordinates>15.259462,-18.981040,0</coordinates>
        </Point>
      </Placemark>
      <Placemark>
        <name>Duiwelsvuur - Month 7</name>
        <description>Waterhole: Duiwelsvuur, Month: 7, Time: 2010-07-15 16:20:00, Lon: 15.258927, Lat: -18.980137</description>
        <styleUrl>#month7_style</styleUrl>
        <Point>
          <coordinates>15.258927,-18.980137,0</coordinates>
        </Point>
      </Placemark>
      <Placemark>
        <name>Sonderkop waterhole - Month 7</name>
        <description>Waterhole: Sonderkop waterhole, Month: 7, Time: 2010-07-16 15:00:00, Lon: 15.328209, Lat: -18.968968</description>
        <styleUrl>#month7_style</styleUrl>
        <Point>
          <coordinates>15.328209,-18.968968,0</coordinates>
        </Point>
      </Placemark>
      <Placemark>
        <name>Sonderkop waterhole - Month 7</name>
        <description>Waterhole: Sonderkop waterhole, Month: 7, Time: 2010-07-16 15:20:00, Lon: 15.328552, Lat: -18.969222</description>
        <styleUrl>#month7_style</styleUrl>
        <Point>
          <coordinates>15.328552,-18.969222,0</coordinates>
        </Point>
      </Placemark>
      <Placemark>
        <name>Sonderkop waterhole - Month 7</name>
        <description>Waterhole: Sonderkop waterhole, Month: 7, Time: 2010-07-16 15:40:00, Lon: 15.328467, Lat: -18.969244</description>
        <styleUrl>#month7_style</styleUrl>
        <Point>
          <coordinates>15.328467,-18.969244,0</coordinates>
        </Point>
      </Placemark>
      <Placemark>
        <name>Sonderkop waterhole - Month 7</name>
        <description>Waterhole: Sonderkop waterhole, Month: 7, Time: 2010-07-16 16:00:00, Lon: 15.325799, Lat: -18.975881</description>
        <styleUrl>#month7_style</styleUrl>
        <Point>
          <coordinates>15.325799,-18.975881,0</coordinates>
        </Point>
      </Placemark>
      <Placemark>
        <name>Sonderkop waterhole - Month 7</name>
        <description>Waterhole: Sonderkop waterhole, Month: 7, Time: 2010-07-17 16:40:00, Lon: 15.322776, Lat: -18.970864</description>
        <styleUrl>#month7_style</styleUrl>
        <Point>
          <coordinates>15.322776,-18.970864,0</coordinates>
        </Point>
      </Placemark>
      <Placemark>
        <name>Sonderkop waterhole - Month 7</name>
        <description>Waterhole: Sonderkop waterhole, Month: 7, Time: 2010-07-17 17:00:00, Lon: 15.327444, Lat: -18.968909</description>
        <styleUrl>#month7_style</styleUrl>
        <Point>
          <coordinates>15.327444,-18.968909,0</coordinates>
        </Point>
      </Placemark>
      <Placemark>
        <name>Sonderkop waterhole - Month 7</name>
        <description>Waterhole: Sonderkop waterhole, Month: 7, Time: 2010-07-17 17:20:00, Lon: 15.327236, Lat: -18.968941</description>
        <styleUrl>#month7_style</styleUrl>
        <Point>
          <coordinates>15.327236,-18.968941,0</coordinates>
        </Point>
      </Placemark>
      <Placemark>
        <name>Sonderkop waterhole - Month 7</name>
        <description>Waterhole: Sonderkop waterhole, Month: 7, Time: 2010-07-17 17:40:00, Lon: 15.328198, Lat: -18.968951</description>
        <styleUrl>#month7_style</styleUrl>
        <Point>
          <coordinates>15.328198,-18.968951,0</coordinates>
        </Point>
      </Placemark>
      <Placemark>
        <name>Sonderkop waterhole - Month 7</name>
        <description>Waterhole: Sonderkop waterhole, Month: 7, Time: 2010-07-17 18:00:00, Lon: 15.328153, Lat: -18.969049</description>
        <styleUrl>#month7_style</styleUrl>
        <Point>
          <coordinates>15.328153,-18.969049,0</coordinates>
        </Point>
      </Placemark>
      <Placemark>
        <name>Sonderkop waterhole - Month 7</name>
        <description>Waterhole: Sonderkop waterhole, Month: 7, Time: 2010-07-17 18:20:00, Lon: 15.328187, Lat: -18.968923</description>
        <styleUrl>#month7_style</styleUrl>
        <Point>
          <coordinates>15.328187,-18.968923,0</coordinates>
        </Point>
      </Placemark>
      <Placemark>
        <name>Sonderkop waterhole - Month 7</name>
        <description>Waterhole: Sonderkop waterhole, Month: 7, Time: 2010-07-17 18:40:00, Lon: 15.328198, Lat: -18.968958</description>
        <styleUrl>#month7_style</styleUrl>
        <Point>
          <coordinates>15.328198,-18.968958,0</coordinates>
        </Point>
      </Placemark>
      <Placemark>
        <name>Sonderkop waterhole - Month 7</name>
        <description>Waterhole: Sonderkop waterhole, Month: 7, Time: 2010-07-17 19:00:00, Lon: 15.319227, Lat: -18.969607</description>
        <styleUrl>#month7_style</styleUrl>
        <Point>
          <coordinates>15.319227,-18.969607,0</coordinates>
        </Point>
      </Placemark>
      <Placemark>
        <name>Duiwelsvuur - Month 7</name>
        <description>Waterhole: Duiwelsvuur, Month: 7, Time: 2010-07-17 21:20:00, Lon: 15.259683, Lat: -18.987697</description>
        <styleUrl>#month7_style</styleUrl>
        <Point>
          <coordinates>15.259683,-18.987697,0</coordinates>
        </Point>
      </Placemark>
      <Placemark>
        <name>Duiwelsvuur - Month 7</name>
        <description>Waterhole: Duiwelsvuur, Month: 7, Time: 2010-07-17 21:40:00, Lon: 15.264351, Lat: -18.995107</description>
        <styleUrl>#month7_style</styleUrl>
        <Point>
          <coordinates>15.264351,-18.995107,0</coordinates>
        </Point>
      </Placemark>
      <Placemark>
        <name>Duiwelsvuur - Month 7</name>
        <description>Waterhole: Duiwelsvuur, Month: 7, Time: 2010-07-18 09:40:00, Lon: 15.256919, Lat: -18.994120</description>
        <styleUrl>#month7_style</styleUrl>
        <Point>
          <coordinates>15.256919,-18.994120,0</coordinates>
        </Point>
      </Placemark>
      <Placemark>
        <name>Duiwelsvuur - Month 7</name>
        <description>Waterhole: Duiwelsvuur, Month: 7, Time: 2010-07-18 10:00:00, Lon: 15.259708, Lat: -18.987659</description>
        <styleUrl>#month7_style</styleUrl>
        <Point>
          <coordinates>15.259708,-18.987659,0</coordinates>
        </Point>
      </Placemark>
      <Placemark>
        <name>Duiwelsvuur - Month 7</name>
        <description>Waterhole: Duiwelsvuur, Month: 7, Time: 2010-07-18 10:20:00, Lon: 15.259713, Lat: -18.987661</description>
        <styleUrl>#month7_style</styleUrl>
        <Point>
          <coordinates>15.259713,-18.987661,0</coordinates>
        </Point>
      </Placemark>
      <Placemark>
        <name>Duiwelsvuur - Month 7</name>
        <description>Waterhole: Duiwelsvuur, Month: 7, Time: 2010-07-18 10:40:00, Lon: 15.259727, Lat: -18.987614</description>
        <styleUrl>#month7_style</styleUrl>
        <Point>
          <coordinates>15.259727,-18.987614,0</coordinates>
        </Point>
      </Placemark>
      <Placemark>
        <name>Duiwelsvuur - Month 7</name>
        <description>Waterhole: Duiwelsvuur, Month: 7, Time: 2010-07-18 11:00:00, Lon: 15.259695, Lat: -18.987644</description>
        <styleUrl>#month7_style</styleUrl>
        <Point>
          <coordinates>15.259695,-18.987644,0</coordinates>
        </Point>
      </Placemark>
      <Placemark>
        <name>Duiwelsvuur - Month 7</name>
        <description>Waterhole: Duiwelsvuur, Month: 7, Time: 2010-07-18 11:20:00, Lon: 15.259704, Lat: -18.987642</description>
        <styleUrl>#month7_style</styleUrl>
        <Point>
          <coordinates>15.259704,-18.987642,0</coordinates>
        </Point>
      </Placemark>
      <Placemark>
        <name>Duiwelsvuur - Month 7</name>
        <description>Waterhole: Duiwelsvuur, Month: 7, Time: 2010-07-18 11:40:00, Lon: 15.259720, Lat: -18.987636</description>
        <styleUrl>#month7_style</styleUrl>
        <Point>
          <coordinates>15.259720,-18.987636,0</coordinates>
        </Point>
      </Placemark>
      <Placemark>
        <name>Duiwelsvuur - Month 7</name>
        <description>Waterhole: Duiwelsvuur, Month: 7, Time: 2010-07-18 12:00:00, Lon: 15.259038, Lat: -18.985429</description>
        <styleUrl>#month7_style</styleUrl>
        <Point>
          <coordinates>15.259038,-18.985429,0</coordinates>
        </Point>
      </Placemark>
      <Placemark>
        <name>Duiwelsvuur - Month 7</name>
        <description>Waterhole: Duiwelsvuur, Month: 7, Time: 2010-07-18 12:20:00, Lon: 15.258749, Lat: -18.984477</description>
        <styleUrl>#month7_style</styleUrl>
        <Point>
          <coordinates>15.258749,-18.984477,0</coordinates>
        </Point>
      </Placemark>
      <Placemark>
        <name>Duiwelsvuur - Month 7</name>
        <description>Waterhole: Duiwelsvuur, Month: 7, Time: 2010-07-18 12:40:00, Lon: 15.258753, Lat: -18.983305</description>
        <styleUrl>#month7_style</styleUrl>
        <Point>
          <coordinates>15.258753,-18.983305,0</coordinates>
        </Point>
      </Placemark>
      <Placemark>
        <name>Duiwelsvuur - Month 7</name>
        <description>Waterhole: Duiwelsvuur, Month: 7, Time: 2010-07-18 13:00:00, Lon: 15.259618, Lat: -18.982713</description>
        <styleUrl>#month7_style</styleUrl>
        <Point>
          <coordinates>15.259618,-18.982713,0</coordinates>
        </Point>
      </Placemark>
      <Placemark>
        <name>Duiwelsvuur - Month 7</name>
        <description>Waterhole: Duiwelsvuur, Month: 7, Time: 2010-07-18 13:20:00, Lon: 15.259873, Lat: -18.982912</description>
        <styleUrl>#month7_style</styleUrl>
        <Point>
          <coordinates>15.259873,-18.982912,0</coordinates>
        </Point>
      </Placemark>
      <Placemark>
        <name>Duiwelsvuur - Month 7</name>
        <description>Waterhole: Duiwelsvuur, Month: 7, Time: 2010-07-18 13:40:00, Lon: 15.260392, Lat: -18.983419</description>
        <styleUrl>#month7_style</styleUrl>
        <Point>
          <coordinates>15.260392,-18.983419,0</coordinates>
        </Point>
      </Placemark>
      <Placemark>
        <name>Duiwelsvuur - Month 7</name>
        <description>Waterhole: Duiwelsvuur, Month: 7, Time: 2010-07-18 14:00:00, Lon: 15.260480, Lat: -18.983498</description>
        <styleUrl>#month7_style</styleUrl>
        <Point>
          <coordinates>15.260480,-18.983498,0</coordinates>
        </Point>
      </Placemark>
      <Placemark>
        <name>Duiwelsvuur - Month 7</name>
        <description>Waterhole: Duiwelsvuur, Month: 7, Time: 2010-07-18 14:20:00, Lon: 15.260868, Lat: -18.983614</description>
        <styleUrl>#month7_style</styleUrl>
        <Point>
          <coordinates>15.260868,-18.983614,0</coordinates>
        </Point>
      </Placemark>
      <Placemark>
        <name>Duiwelsvuur - Month 7</name>
        <description>Waterhole: Duiwelsvuur, Month: 7, Time: 2010-07-18 14:40:00, Lon: 15.261131, Lat: -18.984058</description>
        <styleUrl>#month7_style</styleUrl>
        <Point>
          <coordinates>15.261131,-18.984058,0</coordinates>
        </Point>
      </Placemark>
      <Placemark>
        <name>Duiwelsvuur - Month 7</name>
        <description>Waterhole: Duiwelsvuur, Month: 7, Time: 2010-07-18 15:00:00, Lon: 15.262113, Lat: -18.983537</description>
        <styleUrl>#month7_style</styleUrl>
        <Point>
          <coordinates>15.262113,-18.983537,0</coordinates>
        </Point>
      </Placemark>
      <Placemark>
        <name>Duiwelsvuur - Month 7</name>
        <description>Waterhole: Duiwelsvuur, Month: 7, Time: 2010-07-18 15:20:00, Lon: 15.262985, Lat: -18.982284</description>
        <styleUrl>#month7_style</styleUrl>
        <Point>
          <coordinates>15.262985,-18.982284,0</coordinates>
        </Point>
      </Placemark>
      <Placemark>
        <name>Duiwelsvuur - Month 7</name>
        <description>Waterhole: Duiwelsvuur, Month: 7, Time: 2010-07-19 11:00:00, Lon: 15.264177, Lat: -18.986812</description>
        <styleUrl>#month7_style</styleUrl>
        <Point>
          <coordinates>15.264177,-18.986812,0</coordinates>
        </Point>
      </Placemark>
      <Placemark>
        <name>Duiwelsvuur - Month 7</name>
        <description>Waterhole: Duiwelsvuur, Month: 7, Time: 2010-07-19 11:20:00, Lon: 15.261094, Lat: -18.987337</description>
        <styleUrl>#month7_style</styleUrl>
        <Point>
          <coordinates>15.261094,-18.987337,0</coordinates>
        </Point>
      </Placemark>
      <Placemark>
        <name>Duiwelsvuur - Month 7</name>
        <description>Waterhole: Duiwelsvuur, Month: 7, Time: 2010-07-19 11:40:00, Lon: 15.259722, Lat: -18.987646</description>
        <styleUrl>#month7_style</styleUrl>
        <Point>
          <coordinates>15.259722,-18.987646,0</coordinates>
        </Point>
      </Placemark>
      <Placemark>
        <name>Duiwelsvuur - Month 7</name>
        <description>Waterhole: Duiwelsvuur, Month: 7, Time: 2010-07-19 12:00:00, Lon: 15.259794, Lat: -18.987783</description>
        <styleUrl>#month7_style</styleUrl>
        <Point>
          <coordinates>15.259794,-18.987783,0</coordinates>
        </Point>
      </Placemark>
      <Placemark>
        <name>Duiwelsvuur - Month 7</name>
        <description>Waterhole: Duiwelsvuur, Month: 7, Time: 2010-07-19 12:20:00, Lon: 15.259780, Lat: -18.987817</description>
        <styleUrl>#month7_style</styleUrl>
        <Point>
          <coordinates>15.259780,-18.987817,0</coordinates>
        </Point>
      </Placemark>
      <Placemark>
        <name>Duiwelsvuur - Month 7</name>
        <description>Waterhole: Duiwelsvuur, Month: 7, Time: 2010-07-19 12:40:00, Lon: 15.259774, Lat: -18.987834</description>
        <styleUrl>#month7_style</styleUrl>
        <Point>
          <coordinates>15.259774,-18.987834,0</coordinates>
        </Point>
      </Placemark>
      <Placemark>
        <name>Duiwelsvuur - Month 7</name>
        <description>Waterhole: Duiwelsvuur, Month: 7, Time: 2010-07-19 13:00:00, Lon: 15.259606, Lat: -18.987712</description>
        <styleUrl>#month7_style</styleUrl>
        <Point>
          <coordinates>15.259606,-18.987712,0</coordinates>
        </Point>
      </Placemark>
      <Placemark>
        <name>Duiwelsvuur - Month 7</name>
        <description>Waterhole: Duiwelsvuur, Month: 7, Time: 2010-07-19 13:20:00, Lon: 15.259705, Lat: -18.987657</description>
        <styleUrl>#month7_style</styleUrl>
        <Point>
          <coordinates>15.259705,-18.987657,0</coordinates>
        </Point>
      </Placemark>
      <Placemark>
        <name>Duiwelsvuur - Month 7</name>
        <description>Waterhole: Duiwelsvuur, Month: 7, Time: 2010-07-19 13:40:00, Lon: 15.259102, Lat: -18.985252</description>
        <styleUrl>#month7_style</styleUrl>
        <Point>
          <coordinates>15.259102,-18.985252,0</coordinates>
        </Point>
      </Placemark>
      <Placemark>
        <name>Duiwelsvuur - Month 7</name>
        <description>Waterhole: Duiwelsvuur, Month: 7, Time: 2010-07-19 14:00:00, Lon: 15.258427, Lat: -18.982987</description>
        <styleUrl>#month7_style</styleUrl>
        <Point>
          <coordinates>15.258427,-18.982987,0</coordinates>
        </Point>
      </Placemark>
      <Placemark>
        <name>Duiwelsvuur - Month 7</name>
        <description>Waterhole: Duiwelsvuur, Month: 7, Time: 2010-07-19 14:20:00, Lon: 15.257812, Lat: -18.981472</description>
        <styleUrl>#month7_style</styleUrl>
        <Point>
          <coordinates>15.257812,-18.981472,0</coordinates>
        </Point>
      </Placemark>
      <Placemark>
        <name>Duiwelsvuur - Month 7</name>
        <description>Waterhole: Duiwelsvuur, Month: 7, Time: 2010-07-19 14:40:00, Lon: 15.257778, Lat: -18.981213</description>
        <styleUrl>#month7_style</styleUrl>
        <Point>
          <coordinates>15.257778,-18.981213,0</coordinates>
        </Point>
      </Placemark>
      <Placemark>
        <name>Duiwelsvuur - Month 7</name>
        <description>Waterhole: Duiwelsvuur, Month: 7, Time: 2010-07-19 15:00:00, Lon: 15.257792, Lat: -18.980739</description>
        <styleUrl>#month7_style</styleUrl>
        <Point>
          <coordinates>15.257792,-18.980739,0</coordinates>
        </Point>
      </Placemark>
      <Placemark>
        <name>Duiwelsvuur - Month 7</name>
        <description>Waterhole: Duiwelsvuur, Month: 7, Time: 2010-07-19 15:20:00, Lon: 15.258124, Lat: -18.980485</description>
        <styleUrl>#month7_style</styleUrl>
        <Point>
          <coordinates>15.258124,-18.980485,0</coordinates>
        </Point>
      </Placemark>
      <Placemark>
        <name>Duiwelsvuur - Month 7</name>
        <description>Waterhole: Duiwelsvuur, Month: 7, Time: 2010-07-19 15:40:00, Lon: 15.257828, Lat: -18.980446</description>
        <styleUrl>#month7_style</styleUrl>
        <Point>
          <coordinates>15.257828,-18.980446,0</coordinates>
        </Point>
      </Placemark>
      <Placemark>
        <name>Duiwelsvuur - Month 7</name>
        <description>Waterhole: Duiwelsvuur, Month: 7, Time: 2010-07-19 16:00:00, Lon: 15.257199, Lat: -18.979948</description>
        <styleUrl>#month7_style</styleUrl>
        <Point>
          <coordinates>15.257199,-18.979948,0</coordinates>
        </Point>
      </Placemark>
      <Placemark>
        <name>Duiwelsvuur - Month 7</name>
        <description>Waterhole: Duiwelsvuur, Month: 7, Time: 2010-07-20 11:20:00, Lon: 15.264352, Lat: -18.982481</description>
        <styleUrl>#month7_style</styleUrl>
        <Point>
          <coordinates>15.264352,-18.982481,0</coordinates>
        </Point>
      </Placemark>
      <Placemark>
        <name>Duiwelsvuur - Month 7</name>
        <description>Waterhole: Duiwelsvuur, Month: 7, Time: 2010-07-20 11:40:00, Lon: 15.261884, Lat: -18.984031</description>
        <styleUrl>#month7_style</styleUrl>
        <Point>
          <coordinates>15.261884,-18.984031,0</coordinates>
        </Point>
      </Placemark>
      <Placemark>
        <name>Duiwelsvuur - Month 7</name>
        <description>Waterhole: Duiwelsvuur, Month: 7, Time: 2010-07-20 12:00:00, Lon: 15.259717, Lat: -18.987636</description>
        <styleUrl>#month7_style</styleUrl>
        <Point>
          <coordinates>15.259717,-18.987636,0</coordinates>
        </Point>
      </Placemark>
      <Placemark>
        <name>Duiwelsvuur - Month 7</name>
        <description>Waterhole: Duiwelsvuur, Month: 7, Time: 2010-07-20 12:20:00, Lon: 15.259804, Lat: -18.987889</description>
        <styleUrl>#month7_style</styleUrl>
        <Point>
          <coordinates>15.259804,-18.987889,0</coordinates>
        </Point>
      </Placemark>
      <Placemark>
        <name>Duiwelsvuur - Month 7</name>
        <description>Waterhole: Duiwelsvuur, Month: 7, Time: 2010-07-20 12:40:00, Lon: 15.259560, Lat: -18.987895</description>
        <styleUrl>#month7_style</styleUrl>
        <Point>
          <coordinates>15.259560,-18.987895,0</coordinates>
        </Point>
      </Placemark>
      <Placemark>
        <name>Duiwelsvuur - Month 7</name>
        <description>Waterhole: Duiwelsvuur, Month: 7, Time: 2010-07-20 13:00:00, Lon: 15.259386, Lat: -18.987868</description>
        <styleUrl>#month7_style</styleUrl>
        <Point>
          <coordinates>15.259386,-18.987868,0</coordinates>
        </Point>
      </Placemark>
      <Placemark>
        <name>Duiwelsvuur - Month 7</name>
        <description>Waterhole: Duiwelsvuur, Month: 7, Time: 2010-07-20 13:20:00, Lon: 15.259805, Lat: -18.987370</description>
        <styleUrl>#month7_style</styleUrl>
        <Point>
          <coordinates>15.259805,-18.987370,0</coordinates>
        </Point>
      </Placemark>
      <Placemark>
        <name>Duiwelsvuur - Month 7</name>
        <description>Waterhole: Duiwelsvuur, Month: 7, Time: 2010-07-20 13:40:00, Lon: 15.260433, Lat: -18.983374</description>
        <styleUrl>#month7_style</styleUrl>
        <Point>
          <coordinates>15.260433,-18.983374,0</coordinates>
        </Point>
      </Placemark>
      <Placemark>
        <name>Duiwelsvuur - Month 7</name>
        <description>Waterhole: Duiwelsvuur, Month: 7, Time: 2010-07-20 14:00:00, Lon: 15.260875, Lat: -18.982094</description>
        <styleUrl>#month7_style</styleUrl>
        <Point>
          <coordinates>15.260875,-18.982094,0</coordinates>
        </Point>
      </Placemark>
      <Placemark>
        <name>Duiwelsvuur - Month 7</name>
        <description>Waterhole: Duiwelsvuur, Month: 7, Time: 2010-07-20 14:20:00, Lon: 15.261452, Lat: -18.981317</description>
        <styleUrl>#month7_style</styleUrl>
        <Point>
          <coordinates>15.261452,-18.981317,0</coordinates>
        </Point>
      </Placemark>
      <Placemark>
        <name>Duiwelsvuur - Month 7</name>
        <description>Waterhole: Duiwelsvuur, Month: 7, Time: 2010-07-20 14:40:00, Lon: 15.261219, Lat: -18.980784</description>
        <styleUrl>#month7_style</styleUrl>
        <Point>
          <coordinates>15.261219,-18.980784,0</coordinates>
        </Point>
      </Placemark>
      <Placemark>
        <name>Duiwelsvuur - Month 7</name>
        <description>Waterhole: Duiwelsvuur, Month: 7, Time: 2010-07-20 15:00:00, Lon: 15.261668, Lat: -18.980164</description>
        <styleUrl>#month7_style</styleUrl>
        <Point>
          <coordinates>15.261668,-18.980164,0</coordinates>
        </Point>
      </Placemark>
      <Placemark>
        <name>Duiwelsvuur - Month 7</name>
        <description>Waterhole: Duiwelsvuur, Month: 7, Time: 2010-07-20 15:20:00, Lon: 15.261713, Lat: -18.979474</description>
        <styleUrl>#month7_style</styleUrl>
        <Point>
          <coordinates>15.261713,-18.979474,0</coordinates>
        </Point>
      </Placemark>
      <Placemark>
        <name>Duiwelsvuur - Month 7</name>
        <description>Waterhole: Duiwelsvuur, Month: 7, Time: 2010-07-21 09:00:00, Lon: 15.268230, Lat: -18.991593</description>
        <styleUrl>#month7_style</styleUrl>
        <Point>
          <coordinates>15.268230,-18.991593,0</coordinates>
        </Point>
      </Placemark>
      <Placemark>
        <name>Duiwelsvuur - Month 7</name>
        <description>Waterhole: Duiwelsvuur, Month: 7, Time: 2010-07-21 09:20:00, Lon: 15.266719, Lat: -18.990653</description>
        <styleUrl>#month7_style</styleUrl>
        <Point>
          <coordinates>15.266719,-18.990653,0</coordinates>
        </Point>
      </Placemark>
      <Placemark>
        <name>Duiwelsvuur - Month 7</name>
        <description>Waterhole: Duiwelsvuur, Month: 7, Time: 2010-07-21 09:40:00, Lon: 15.262097, Lat: -18.988753</description>
        <styleUrl>#month7_style</styleUrl>
        <Point>
          <coordinates>15.262097,-18.988753,0</coordinates>
        </Point>
      </Placemark>
      <Placemark>
        <name>Duiwelsvuur - Month 7</name>
        <description>Waterhole: Duiwelsvuur, Month: 7, Time: 2010-07-21 10:00:00, Lon: 15.259713, Lat: -18.987646</description>
        <styleUrl>#month7_style</styleUrl>
        <Point>
          <coordinates>15.259713,-18.987646,0</coordinates>
        </Point>
      </Placemark>
      <Placemark>
        <name>Duiwelsvuur - Month 7</name>
        <description>Waterhole: Duiwelsvuur, Month: 7, Time: 2010-07-21 10:20:00, Lon: 15.259974, Lat: -18.987697</description>
        <styleUrl>#month7_style</styleUrl>
        <Point>
          <coordinates>15.259974,-18.987697,0</coordinates>
        </Point>
      </Placemark>
      <Placemark>
        <name>Duiwelsvuur - Month 7</name>
        <description>Waterhole: Duiwelsvuur, Month: 7, Time: 2010-07-21 10:40:00, Lon: 15.260264, Lat: -18.987899</description>
        <styleUrl>#month7_style</styleUrl>
        <Point>
          <coordinates>15.260264,-18.987899,0</coordinates>
        </Point>
      </Placemark>
      <Placemark>
        <name>Duiwelsvuur - Month 7</name>
        <description>Waterhole: Duiwelsvuur, Month: 7, Time: 2010-07-21 11:00:00, Lon: 15.260255, Lat: -18.987885</description>
        <styleUrl>#month7_style</styleUrl>
        <Point>
          <coordinates>15.260255,-18.987885,0</coordinates>
        </Point>
      </Placemark>
      <Placemark>
        <name>Duiwelsvuur - Month 7</name>
        <description>Waterhole: Duiwelsvuur, Month: 7, Time: 2010-07-21 11:20:00, Lon: 15.260282, Lat: -18.987846</description>
        <styleUrl>#month7_style</styleUrl>
        <Point>
          <coordinates>15.260282,-18.987846,0</coordinates>
        </Point>
      </Placemark>
      <Placemark>
        <name>Duiwelsvuur - Month 7</name>
        <description>Waterhole: Duiwelsvuur, Month: 7, Time: 2010-07-21 11:40:00, Lon: 15.260006, Lat: -18.987632</description>
        <styleUrl>#month7_style</styleUrl>
        <Point>
          <coordinates>15.260006,-18.987632,0</coordinates>
        </Point>
      </Placemark>
      <Placemark>
        <name>Duiwelsvuur - Month 7</name>
        <description>Waterhole: Duiwelsvuur, Month: 7, Time: 2010-07-21 12:00:00, Lon: 15.259823, Lat: -18.987716</description>
        <styleUrl>#month7_style</styleUrl>
        <Point>
          <coordinates>15.259823,-18.987716,0</coordinates>
        </Point>
      </Placemark>
      <Placemark>
        <name>Duiwelsvuur - Month 7</name>
        <description>Waterhole: Duiwelsvuur, Month: 7, Time: 2010-07-21 12:20:00, Lon: 15.259831, Lat: -18.987697</description>
        <styleUrl>#month7_style</styleUrl>
        <Point>
          <coordinates>15.259831,-18.987697,0</coordinates>
        </Point>
      </Placemark>
      <Placemark>
        <name>Duiwelsvuur - Month 7</name>
        <description>Waterhole: Duiwelsvuur, Month: 7, Time: 2010-07-21 12:40:00, Lon: 15.259670, Lat: -18.987553</description>
        <styleUrl>#month7_style</styleUrl>
        <Point>
          <coordinates>15.259670,-18.987553,0</coordinates>
        </Point>
      </Placemark>
      <Placemark>
        <name>Duiwelsvuur - Month 7</name>
        <description>Waterhole: Duiwelsvuur, Month: 7, Time: 2010-07-21 13:00:00, Lon: 15.257784, Lat: -18.983181</description>
        <styleUrl>#month7_style</styleUrl>
        <Point>
          <coordinates>15.257784,-18.983181,0</coordinates>
        </Point>
      </Placemark>
      <Placemark>
        <name>Duiwelsvuur - Month 7</name>
        <description>Waterhole: Duiwelsvuur, Month: 7, Time: 2010-07-21 13:20:00, Lon: 15.257599, Lat: -18.981445</description>
        <styleUrl>#month7_style</styleUrl>
        <Point>
          <coordinates>15.257599,-18.981445,0</coordinates>
        </Point>
      </Placemark>
      <Placemark>
        <name>Duiwelsvuur - Month 7</name>
        <description>Waterhole: Duiwelsvuur, Month: 7, Time: 2010-07-21 13:40:00, Lon: 15.257084, Lat: -18.980992</description>
        <styleUrl>#month7_style</styleUrl>
        <Point>
          <coordinates>15.257084,-18.980992,0</coordinates>
        </Point>
      </Placemark>
      <Placemark>
        <name>Duiwelsvuur - Month 7</name>
        <description>Waterhole: Duiwelsvuur, Month: 7, Time: 2010-07-21 14:00:00, Lon: 15.256250, Lat: -18.980516</description>
        <styleUrl>#month7_style</styleUrl>
        <Point>
          <coordinates>15.256250,-18.980516,0</coordinates>
        </Point>
      </Placemark>
      <Placemark>
        <name>Duiwelsvuur - Month 7</name>
        <description>Waterhole: Duiwelsvuur, Month: 7, Time: 2010-07-21 15:40:00, Lon: 15.255090, Lat: -18.980762</description>
        <styleUrl>#month7_style</styleUrl>
        <Point>
          <coordinates>15.255090,-18.980762,0</coordinates>
        </Point>
      </Placemark>
      <Placemark>
        <name>Duiwelsvuur - Month 7</name>
        <description>Waterhole: Duiwelsvuur, Month: 7, Time: 2010-07-21 16:00:00, Lon: 15.254035, Lat: -18.981138</description>
        <styleUrl>#month7_style</styleUrl>
        <Point>
          <coordinates>15.254035,-18.981138,0</coordinates>
        </Point>
      </Placemark>
      <Placemark>
        <name>Duiwelsvuur - Month 7</name>
        <description>Waterhole: Duiwelsvuur, Month: 7, Time: 2010-07-21 16:20:00, Lon: 15.254140, Lat: -18.981519</description>
        <styleUrl>#month7_style</styleUrl>
        <Point>
          <coordinates>15.254140,-18.981519,0</coordinates>
        </Point>
      </Placemark>
      <Placemark>
        <name>Duiwelsvuur - Month 7</name>
        <description>Waterhole: Duiwelsvuur, Month: 7, Time: 2010-07-21 16:40:00, Lon: 15.253566, Lat: -18.981942</description>
        <styleUrl>#month7_style</styleUrl>
        <Point>
          <coordinates>15.253566,-18.981942,0</coordinates>
        </Point>
      </Placemark>
      <Placemark>
        <name>Duiwelsvuur - Month 7</name>
        <description>Waterhole: Duiwelsvuur, Month: 7, Time: 2010-07-21 17:00:00, Lon: 15.253620, Lat: -18.983392</description>
        <styleUrl>#month7_style</styleUrl>
        <Point>
          <coordinates>15.253620,-18.983392,0</coordinates>
        </Point>
      </Placemark>
      <Placemark>
        <name>Duiwelsvuur - Month 7</name>
        <description>Waterhole: Duiwelsvuur, Month: 7, Time: 2010-07-21 17:40:00, Lon: 15.252567, Lat: -18.984519</description>
        <styleUrl>#month7_style</styleUrl>
        <Point>
          <coordinates>15.252567,-18.984519,0</coordinates>
        </Point>
      </Placemark>
      <Placemark>
        <name>Duiwelsvuur - Month 7</name>
        <description>Waterhole: Duiwelsvuur, Month: 7, Time: 2010-07-21 18:00:00, Lon: 15.255259, Lat: -18.986578</description>
        <styleUrl>#month7_style</styleUrl>
        <Point>
          <coordinates>15.255259,-18.986578,0</coordinates>
        </Point>
      </Placemark>
      <Placemark>
        <name>Duiwelsvuur - Month 7</name>
        <description>Waterhole: Duiwelsvuur, Month: 7, Time: 2010-07-21 18:20:00, Lon: 15.260681, Lat: -18.987642</description>
        <styleUrl>#month7_style</styleUrl>
        <Point>
          <coordinates>15.260681,-18.987642,0</coordinates>
        </Point>
      </Placemark>
      <Placemark>
        <name>Duiwelsvuur - Month 7</name>
        <description>Waterhole: Duiwelsvuur, Month: 7, Time: 2010-07-21 18:40:00, Lon: 15.261042, Lat: -18.988883</description>
        <styleUrl>#month7_style</styleUrl>
        <Point>
          <coordinates>15.261042,-18.988883,0</coordinates>
        </Point>
      </Placemark>
      <Placemark>
        <name>Duiwelsvuur - Month 7</name>
        <description>Waterhole: Duiwelsvuur, Month: 7, Time: 2010-07-21 19:00:00, Lon: 15.259087, Lat: -18.994255</description>
        <styleUrl>#month7_style</styleUrl>
        <Point>
          <coordinates>15.259087,-18.994255,0</coordinates>
        </Point>
      </Placemark>
      <Placemark>
        <name>Duiwelsvuur - Month 7</name>
        <description>Waterhole: Duiwelsvuur, Month: 7, Time: 2010-07-22 12:20:00, Lon: 15.257802, Lat: -18.990393</description>
        <styleUrl>#month7_style</styleUrl>
        <Point>
          <coordinates>15.257802,-18.990393,0</coordinates>
        </Point>
      </Placemark>
      <Placemark>
        <name>Duiwelsvuur - Month 7</name>
        <description>Waterhole: Duiwelsvuur, Month: 7, Time: 2010-07-22 12:40:00, Lon: 15.259780, Lat: -18.987805</description>
        <styleUrl>#month7_style</styleUrl>
        <Point>
          <coordinates>15.259780,-18.987805,0</coordinates>
        </Point>
      </Placemark>
      <Placemark>
        <name>Duiwelsvuur - Month 7</name>
        <description>Waterhole: Duiwelsvuur, Month: 7, Time: 2010-07-22 13:00:00, Lon: 15.259555, Lat: -18.987903</description>
        <styleUrl>#month7_style</styleUrl>
        <Point>
          <coordinates>15.259555,-18.987903,0</coordinates>
        </Point>
      </Placemark>
      <Placemark>
        <name>Duiwelsvuur - Month 7</name>
        <description>Waterhole: Duiwelsvuur, Month: 7, Time: 2010-07-22 13:20:00, Lon: 15.259620, Lat: -18.987856</description>
        <styleUrl>#month7_style</styleUrl>
        <Point>
          <coordinates>15.259620,-18.987856,0</coordinates>
        </Point>
      </Placemark>
      <Placemark>
        <name>Duiwelsvuur - Month 7</name>
        <description>Waterhole: Duiwelsvuur, Month: 7, Time: 2010-07-22 13:40:00, Lon: 15.259726, Lat: -18.987646</description>
        <styleUrl>#month7_style</styleUrl>
        <Point>
          <coordinates>15.259726,-18.987646,0</coordinates>
        </Point>
      </Placemark>
      <Placemark>
        <name>Duiwelsvuur - Month 7</name>
        <description>Waterhole: Duiwelsvuur, Month: 7, Time: 2010-07-22 14:00:00, Lon: 15.259840, Lat: -18.987642</description>
        <styleUrl>#month7_style</styleUrl>
        <Point>
          <coordinates>15.259840,-18.987642,0</coordinates>
        </Point>
      </Placemark>
      <Placemark>
        <name>Duiwelsvuur - Month 7</name>
        <description>Waterhole: Duiwelsvuur, Month: 7, Time: 2010-07-22 14:20:00, Lon: 15.259946, Lat: -18.987748</description>
        <styleUrl>#month7_style</styleUrl>
        <Point>
          <coordinates>15.259946,-18.987748,0</coordinates>
        </Point>
      </Placemark>
      <Placemark>
        <name>Duiwelsvuur - Month 7</name>
        <description>Waterhole: Duiwelsvuur, Month: 7, Time: 2010-07-22 14:40:00, Lon: 15.259934, Lat: -18.987730</description>
        <styleUrl>#month7_style</styleUrl>
        <Point>
          <coordinates>15.259934,-18.987730,0</coordinates>
        </Point>
      </Placemark>
      <Placemark>
        <name>Duiwelsvuur - Month 7</name>
        <description>Waterhole: Duiwelsvuur, Month: 7, Time: 2010-07-22 15:00:00, Lon: 15.259676, Lat: -18.987168</description>
        <styleUrl>#month7_style</styleUrl>
        <Point>
          <coordinates>15.259676,-18.987168,0</coordinates>
        </Point>
      </Placemark>
      <Placemark>
        <name>Duiwelsvuur - Month 7</name>
        <description>Waterhole: Duiwelsvuur, Month: 7, Time: 2010-07-22 15:20:00, Lon: 15.259946, Lat: -18.986505</description>
        <styleUrl>#month7_style</styleUrl>
        <Point>
          <coordinates>15.259946,-18.986505,0</coordinates>
        </Point>
      </Placemark>
      <Placemark>
        <name>Duiwelsvuur - Month 7</name>
        <description>Waterhole: Duiwelsvuur, Month: 7, Time: 2010-07-22 15:40:00, Lon: 15.261837, Lat: -18.981189</description>
        <styleUrl>#month7_style</styleUrl>
        <Point>
          <coordinates>15.261837,-18.981189,0</coordinates>
        </Point>
      </Placemark>
      <Placemark>
        <name>Duiwelsvuur - Month 7</name>
        <description>Waterhole: Duiwelsvuur, Month: 7, Time: 2010-07-22 16:00:00, Lon: 15.262169, Lat: -18.980180</description>
        <styleUrl>#month7_style</styleUrl>
        <Point>
          <coordinates>15.262169,-18.980180,0</coordinates>
        </Point>
      </Placemark>
      <Placemark>
        <name>Duiwelsvuur - Month 7</name>
        <description>Waterhole: Duiwelsvuur, Month: 7, Time: 2010-07-23 10:40:00, Lon: 15.263922, Lat: -18.986902</description>
        <styleUrl>#month7_style</styleUrl>
        <Point>
          <coordinates>15.263922,-18.986902,0</coordinates>
        </Point>
      </Placemark>
      <Placemark>
        <name>Duiwelsvuur - Month 7</name>
        <description>Waterhole: Duiwelsvuur, Month: 7, Time: 2010-07-23 11:00:00, Lon: 15.259716, Lat: -18.987634</description>
        <styleUrl>#month7_style</styleUrl>
        <Point>
          <coordinates>15.259716,-18.987634,0</coordinates>
        </Point>
      </Placemark>
      <Placemark>
        <name>Duiwelsvuur - Month 7</name>
        <description>Waterhole: Duiwelsvuur, Month: 7, Time: 2010-07-23 11:20:00, Lon: 15.259798, Lat: -18.988131</description>
        <styleUrl>#month7_style</styleUrl>
        <Point>
          <coordinates>15.259798,-18.988131,0</coordinates>
        </Point>
      </Placemark>
      <Placemark>
        <name>Duiwelsvuur - Month 7</name>
        <description>Waterhole: Duiwelsvuur, Month: 7, Time: 2010-07-23 11:40:00, Lon: 15.260038, Lat: -18.988515</description>
        <styleUrl>#month7_style</styleUrl>
        <Point>
          <coordinates>15.260038,-18.988515,0</coordinates>
        </Point>
      </Placemark>
      <Placemark>
        <name>Duiwelsvuur - Month 7</name>
        <description>Waterhole: Duiwelsvuur, Month: 7, Time: 2010-07-23 12:00:00, Lon: 15.260675, Lat: -18.986737</description>
        <styleUrl>#month7_style</styleUrl>
        <Point>
          <coordinates>15.260675,-18.986737,0</coordinates>
        </Point>
      </Placemark>
      <Placemark>
        <name>Duiwelsvuur - Month 7</name>
        <description>Waterhole: Duiwelsvuur, Month: 7, Time: 2010-07-23 12:20:00, Lon: 15.262755, Lat: -18.988367</description>
        <styleUrl>#month7_style</styleUrl>
        <Point>
          <coordinates>15.262755,-18.988367,0</coordinates>
        </Point>
      </Placemark>
      <Placemark>
        <name>Duiwelsvuur - Month 7</name>
        <description>Waterhole: Duiwelsvuur, Month: 7, Time: 2010-07-23 12:40:00, Lon: 15.264389, Lat: -18.989067</description>
        <styleUrl>#month7_style</styleUrl>
        <Point>
          <coordinates>15.264389,-18.989067,0</coordinates>
        </Point>
      </Placemark>
      <Placemark>
        <name>Duiwelsvuur - Month 7</name>
        <description>Waterhole: Duiwelsvuur, Month: 7, Time: 2010-07-23 13:00:00, Lon: 15.264613, Lat: -18.988837</description>
        <styleUrl>#month7_style</styleUrl>
        <Point>
          <coordinates>15.264613,-18.988837,0</coordinates>
        </Point>
      </Placemark>
      <Placemark>
        <name>Duiwelsvuur - Month 7</name>
        <description>Waterhole: Duiwelsvuur, Month: 7, Time: 2010-07-23 13:20:00, Lon: 15.265268, Lat: -18.988898</description>
        <styleUrl>#month7_style</styleUrl>
        <Point>
          <coordinates>15.265268,-18.988898,0</coordinates>
        </Point>
      </Placemark>
      <Placemark>
        <name>Duiwelsvuur - Month 7</name>
        <description>Waterhole: Duiwelsvuur, Month: 7, Time: 2010-07-23 13:40:00, Lon: 15.265725, Lat: -18.988704</description>
        <styleUrl>#month7_style</styleUrl>
        <Point>
          <coordinates>15.265725,-18.988704,0</coordinates>
        </Point>
      </Placemark>
      <Placemark>
        <name>Duiwelsvuur - Month 7</name>
        <description>Waterhole: Duiwelsvuur, Month: 7, Time: 2010-07-23 14:00:00, Lon: 15.265801, Lat: -18.988348</description>
        <styleUrl>#month7_style</styleUrl>
        <Point>
          <coordinates>15.265801,-18.988348,0</coordinates>
        </Point>
      </Placemark>
      <Placemark>
        <name>Duiwelsvuur - Month 7</name>
        <description>Waterhole: Duiwelsvuur, Month: 7, Time: 2010-07-23 14:20:00, Lon: 15.262616, Lat: -18.988110</description>
        <styleUrl>#month7_style</styleUrl>
        <Point>
          <coordinates>15.262616,-18.988110,0</coordinates>
        </Point>
      </Placemark>
      <Placemark>
        <name>Duiwelsvuur - Month 7</name>
        <description>Waterhole: Duiwelsvuur, Month: 7, Time: 2010-07-23 14:40:00, Lon: 15.261459, Lat: -18.987893</description>
        <styleUrl>#month7_style</styleUrl>
        <Point>
          <coordinates>15.261459,-18.987893,0</coordinates>
        </Point>
      </Placemark>
      <Placemark>
        <name>Duiwelsvuur - Month 7</name>
        <description>Waterhole: Duiwelsvuur, Month: 7, Time: 2010-07-23 15:00:00, Lon: 15.260930, Lat: -18.987840</description>
        <styleUrl>#month7_style</styleUrl>
        <Point>
          <coordinates>15.260930,-18.987840,0</coordinates>
        </Point>
      </Placemark>
      <Placemark>
        <name>Duiwelsvuur - Month 7</name>
        <description>Waterhole: Duiwelsvuur, Month: 7, Time: 2010-07-23 15:20:00, Lon: 15.259910, Lat: -18.987612</description>
        <styleUrl>#month7_style</styleUrl>
        <Point>
          <coordinates>15.259910,-18.987612,0</coordinates>
        </Point>
      </Placemark>
      <Placemark>
        <name>Duiwelsvuur - Month 7</name>
        <description>Waterhole: Duiwelsvuur, Month: 7, Time: 2010-07-23 15:40:00, Lon: 15.259813, Lat: -18.987669</description>
        <styleUrl>#month7_style</styleUrl>
        <Point>
          <coordinates>15.259813,-18.987669,0</coordinates>
        </Point>
      </Placemark>
      <Placemark>
        <name>Duiwelsvuur - Month 7</name>
        <description>Waterhole: Duiwelsvuur, Month: 7, Time: 2010-07-23 16:00:00, Lon: 15.261183, Lat: -18.988843</description>
        <styleUrl>#month7_style</styleUrl>
        <Point>
          <coordinates>15.261183,-18.988843,0</coordinates>
        </Point>
      </Placemark>
      <Placemark>
        <name>Duiwelsvuur - Month 7</name>
        <description>Waterhole: Duiwelsvuur, Month: 7, Time: 2010-07-24 10:00:00, Lon: 15.259653, Lat: -18.996842</description>
        <styleUrl>#month7_style</styleUrl>
        <Point>
          <coordinates>15.259653,-18.996842,0</coordinates>
        </Point>
      </Placemark>
      <Placemark>
        <name>Duiwelsvuur - Month 7</name>
        <description>Waterhole: Duiwelsvuur, Month: 7, Time: 2010-07-24 10:20:00, Lon: 15.259494, Lat: -18.993083</description>
        <styleUrl>#month7_style</styleUrl>
        <Point>
          <coordinates>15.259494,-18.993083,0</coordinates>
        </Point>
      </Placemark>
      <Placemark>
        <name>Duiwelsvuur - Month 7</name>
        <description>Waterhole: Duiwelsvuur, Month: 7, Time: 2010-07-24 10:40:00, Lon: 15.259557, Lat: -18.988318</description>
        <styleUrl>#month7_style</styleUrl>
        <Point>
          <coordinates>15.259557,-18.988318,0</coordinates>
        </Point>
      </Placemark>
      <Placemark>
        <name>Duiwelsvuur - Month 7</name>
        <description>Waterhole: Duiwelsvuur, Month: 7, Time: 2010-07-24 11:00:00, Lon: 15.259725, Lat: -18.988070</description>
        <styleUrl>#month7_style</styleUrl>
        <Point>
          <coordinates>15.259725,-18.988070,0</coordinates>
        </Point>
      </Placemark>
      <Placemark>
        <name>Duiwelsvuur - Month 7</name>
        <description>Waterhole: Duiwelsvuur, Month: 7, Time: 2010-07-24 11:20:00, Lon: 15.259939, Lat: -18.988206</description>
        <styleUrl>#month7_style</styleUrl>
        <Point>
          <coordinates>15.259939,-18.988206,0</coordinates>
        </Point>
      </Placemark>
      <Placemark>
        <name>Duiwelsvuur - Month 7</name>
        <description>Waterhole: Duiwelsvuur, Month: 7, Time: 2010-07-24 11:40:00, Lon: 15.259807, Lat: -18.987579</description>
        <styleUrl>#month7_style</styleUrl>
        <Point>
          <coordinates>15.259807,-18.987579,0</coordinates>
        </Point>
      </Placemark>
      <Placemark>
        <name>Duiwelsvuur - Month 7</name>
        <description>Waterhole: Duiwelsvuur, Month: 7, Time: 2010-07-24 12:00:00, Lon: 15.259792, Lat: -18.987583</description>
        <styleUrl>#month7_style</styleUrl>
        <Point>
          <coordinates>15.259792,-18.987583,0</coordinates>
        </Point>
      </Placemark>
      <Placemark>
        <name>Duiwelsvuur - Month 7</name>
        <description>Waterhole: Duiwelsvuur, Month: 7, Time: 2010-07-24 12:20:00, Lon: 15.259802, Lat: -18.987575</description>
        <styleUrl>#month7_style</styleUrl>
        <Point>
          <coordinates>15.259802,-18.987575,0</coordinates>
        </Point>
      </Placemark>
      <Placemark>
        <name>Duiwelsvuur - Month 7</name>
        <description>Waterhole: Duiwelsvuur, Month: 7, Time: 2010-07-24 12:40:00, Lon: 15.259798, Lat: -18.987600</description>
        <styleUrl>#month7_style</styleUrl>
        <Point>
          <coordinates>15.259798,-18.987600,0</coordinates>
        </Point>
      </Placemark>
      <Placemark>
        <name>Duiwelsvuur - Month 7</name>
        <description>Waterhole: Duiwelsvuur, Month: 7, Time: 2010-07-24 13:00:00, Lon: 15.259962, Lat: -18.987671</description>
        <styleUrl>#month7_style</styleUrl>
        <Point>
          <coordinates>15.259962,-18.987671,0</coordinates>
        </Point>
      </Placemark>
      <Placemark>
        <name>Duiwelsvuur - Month 7</name>
        <description>Waterhole: Duiwelsvuur, Month: 7, Time: 2010-07-24 13:20:00, Lon: 15.259949, Lat: -18.987695</description>
        <styleUrl>#month7_style</styleUrl>
        <Point>
          <coordinates>15.259949,-18.987695,0</coordinates>
        </Point>
      </Placemark>
      <Placemark>
        <name>Duiwelsvuur - Month 7</name>
        <description>Waterhole: Duiwelsvuur, Month: 7, Time: 2010-07-24 13:40:00, Lon: 15.259929, Lat: -18.987695</description>
        <styleUrl>#month7_style</styleUrl>
        <Point>
          <coordinates>15.259929,-18.987695,0</coordinates>
        </Point>
      </Placemark>
      <Placemark>
        <name>Duiwelsvuur - Month 7</name>
        <description>Waterhole: Duiwelsvuur, Month: 7, Time: 2010-07-24 14:00:00, Lon: 15.259857, Lat: -18.987722</description>
        <styleUrl>#month7_style</styleUrl>
        <Point>
          <coordinates>15.259857,-18.987722,0</coordinates>
        </Point>
      </Placemark>
      <Placemark>
        <name>Duiwelsvuur - Month 7</name>
        <description>Waterhole: Duiwelsvuur, Month: 7, Time: 2010-07-24 14:20:00, Lon: 15.259802, Lat: -18.987714</description>
        <styleUrl>#month7_style</styleUrl>
        <Point>
          <coordinates>15.259802,-18.987714,0</coordinates>
        </Point>
      </Placemark>
      <Placemark>
        <name>Duiwelsvuur - Month 7</name>
        <description>Waterhole: Duiwelsvuur, Month: 7, Time: 2010-07-24 14:40:00, Lon: 15.259767, Lat: -18.987606</description>
        <styleUrl>#month7_style</styleUrl>
        <Point>
          <coordinates>15.259767,-18.987606,0</coordinates>
        </Point>
      </Placemark>
      <Placemark>
        <name>Duiwelsvuur - Month 7</name>
        <description>Waterhole: Duiwelsvuur, Month: 7, Time: 2010-07-24 15:00:00, Lon: 15.259873, Lat: -18.987091</description>
        <styleUrl>#month7_style</styleUrl>
        <Point>
          <coordinates>15.259873,-18.987091,0</coordinates>
        </Point>
      </Placemark>
      <Placemark>
        <name>Duiwelsvuur - Month 7</name>
        <description>Waterhole: Duiwelsvuur, Month: 7, Time: 2010-07-24 15:20:00, Lon: 15.260848, Lat: -18.985748</description>
        <styleUrl>#month7_style</styleUrl>
        <Point>
          <coordinates>15.260848,-18.985748,0</coordinates>
        </Point>
      </Placemark>
      <Placemark>
        <name>Duiwelsvuur - Month 7</name>
        <description>Waterhole: Duiwelsvuur, Month: 7, Time: 2010-07-24 15:40:00, Lon: 15.259723, Lat: -18.987649</description>
        <styleUrl>#month7_style</styleUrl>
        <Point>
          <coordinates>15.259723,-18.987649,0</coordinates>
        </Point>
      </Placemark>
      <Placemark>
        <name>Duiwelsvuur - Month 7</name>
        <description>Waterhole: Duiwelsvuur, Month: 7, Time: 2010-07-24 16:00:00, Lon: 15.260987, Lat: -18.987256</description>
        <styleUrl>#month7_style</styleUrl>
        <Point>
          <coordinates>15.260987,-18.987256,0</coordinates>
        </Point>
      </Placemark>
      <Placemark>
        <name>Duiwelsvuur - Month 7</name>
        <description>Waterhole: Duiwelsvuur, Month: 7, Time: 2010-07-25 10:20:00, Lon: 15.260138, Lat: -18.984735</description>
        <styleUrl>#month7_style</styleUrl>
        <Point>
          <coordinates>15.260138,-18.984735,0</coordinates>
        </Point>
      </Placemark>
      <Placemark>
        <name>Duiwelsvuur - Month 7</name>
        <description>Waterhole: Duiwelsvuur, Month: 7, Time: 2010-07-25 10:40:00, Lon: 15.259760, Lat: -18.988068</description>
        <styleUrl>#month7_style</styleUrl>
        <Point>
          <coordinates>15.259760,-18.988068,0</coordinates>
        </Point>
      </Placemark>
      <Placemark>
        <name>Duiwelsvuur - Month 7</name>
        <description>Waterhole: Duiwelsvuur, Month: 7, Time: 2010-07-25 11:00:00, Lon: 15.259711, Lat: -18.987653</description>
        <styleUrl>#month7_style</styleUrl>
        <Point>
          <coordinates>15.259711,-18.987653,0</coordinates>
        </Point>
      </Placemark>
      <Placemark>
        <name>Duiwelsvuur - Month 7</name>
        <description>Waterhole: Duiwelsvuur, Month: 7, Time: 2010-07-25 11:20:00, Lon: 15.260499, Lat: -18.988247</description>
        <styleUrl>#month7_style</styleUrl>
        <Point>
          <coordinates>15.260499,-18.988247,0</coordinates>
        </Point>
      </Placemark>
      <Placemark>
        <name>Duiwelsvuur - Month 7</name>
        <description>Waterhole: Duiwelsvuur, Month: 7, Time: 2010-07-25 11:40:00, Lon: 15.260039, Lat: -18.987968</description>
        <styleUrl>#month7_style</styleUrl>
        <Point>
          <coordinates>15.260039,-18.987968,0</coordinates>
        </Point>
      </Placemark>
      <Placemark>
        <name>Duiwelsvuur - Month 7</name>
        <description>Waterhole: Duiwelsvuur, Month: 7, Time: 2010-07-25 12:00:00, Lon: 15.260014, Lat: -18.987939</description>
        <styleUrl>#month7_style</styleUrl>
        <Point>
          <coordinates>15.260014,-18.987939,0</coordinates>
        </Point>
      </Placemark>
      <Placemark>
        <name>Duiwelsvuur - Month 7</name>
        <description>Waterhole: Duiwelsvuur, Month: 7, Time: 2010-07-25 12:20:00, Lon: 15.259869, Lat: -18.987931</description>
        <styleUrl>#month7_style</styleUrl>
        <Point>
          <coordinates>15.259869,-18.987931,0</coordinates>
        </Point>
      </Placemark>
      <Placemark>
        <name>Duiwelsvuur - Month 7</name>
        <description>Waterhole: Duiwelsvuur, Month: 7, Time: 2010-07-25 12:40:00, Lon: 15.259795, Lat: -18.987852</description>
        <styleUrl>#month7_style</styleUrl>
        <Point>
          <coordinates>15.259795,-18.987852,0</coordinates>
        </Point>
      </Placemark>
      <Placemark>
        <name>Duiwelsvuur - Month 7</name>
        <description>Waterhole: Duiwelsvuur, Month: 7, Time: 2010-07-25 13:00:00, Lon: 15.259838, Lat: -18.987701</description>
        <styleUrl>#month7_style</styleUrl>
        <Point>
          <coordinates>15.259838,-18.987701,0</coordinates>
        </Point>
      </Placemark>
      <Placemark>
        <name>Duiwelsvuur - Month 7</name>
        <description>Waterhole: Duiwelsvuur, Month: 7, Time: 2010-07-25 13:20:00, Lon: 15.259724, Lat: -18.987657</description>
        <styleUrl>#month7_style</styleUrl>
        <Point>
          <coordinates>15.259724,-18.987657,0</coordinates>
        </Point>
      </Placemark>
      <Placemark>
        <name>Duiwelsvuur - Month 7</name>
        <description>Waterhole: Duiwelsvuur, Month: 7, Time: 2010-07-25 13:40:00, Lon: 15.264210, Lat: -18.987321</description>
        <styleUrl>#month7_style</styleUrl>
        <Point>
          <coordinates>15.264210,-18.987321,0</coordinates>
        </Point>
      </Placemark>
      <Placemark>
        <name>Duiwelsvuur - Month 7</name>
        <description>Waterhole: Duiwelsvuur, Month: 7, Time: 2010-07-25 14:00:00, Lon: 15.265942, Lat: -18.988544</description>
        <styleUrl>#month7_style</styleUrl>
        <Point>
          <coordinates>15.265942,-18.988544,0</coordinates>
        </Point>
      </Placemark>
      <Placemark>
        <name>Duiwelsvuur - Month 7</name>
        <description>Waterhole: Duiwelsvuur, Month: 7, Time: 2010-07-25 14:20:00, Lon: 15.266691, Lat: -18.989390</description>
        <styleUrl>#month7_style</styleUrl>
        <Point>
          <coordinates>15.266691,-18.989390,0</coordinates>
        </Point>
      </Placemark>
      <Placemark>
        <name>Duiwelsvuur - Month 7</name>
        <description>Waterhole: Duiwelsvuur, Month: 7, Time: 2010-07-25 14:40:00, Lon: 15.267293, Lat: -18.989799</description>
        <styleUrl>#month7_style</styleUrl>
        <Point>
          <coordinates>15.267293,-18.989799,0</coordinates>
        </Point>
      </Placemark>
      <Placemark>
        <name>Duiwelsvuur - Month 7</name>
        <description>Waterhole: Duiwelsvuur, Month: 7, Time: 2010-07-26 09:40:00, Lon: 15.260439, Lat: -18.996413</description>
        <styleUrl>#month7_style</styleUrl>
        <Point>
          <coordinates>15.260439,-18.996413,0</coordinates>
        </Point>
      </Placemark>
      <Placemark>
        <name>Duiwelsvuur - Month 7</name>
        <description>Waterhole: Duiwelsvuur, Month: 7, Time: 2010-07-26 10:00:00, Lon: 15.262865, Lat: -18.993129</description>
        <styleUrl>#month7_style</styleUrl>
        <Point>
          <coordinates>15.262865,-18.993129,0</coordinates>
        </Point>
      </Placemark>
      <Placemark>
        <name>Duiwelsvuur - Month 7</name>
        <description>Waterhole: Duiwelsvuur, Month: 7, Time: 2010-07-26 10:20:00, Lon: 15.262914, Lat: -18.991949</description>
        <styleUrl>#month7_style</styleUrl>
        <Point>
          <coordinates>15.262914,-18.991949,0</coordinates>
        </Point>
      </Placemark>
      <Placemark>
        <name>Duiwelsvuur - Month 7</name>
        <description>Waterhole: Duiwelsvuur, Month: 7, Time: 2010-07-26 10:40:00, Lon: 15.259723, Lat: -18.987649</description>
        <styleUrl>#month7_style</styleUrl>
        <Point>
          <coordinates>15.259723,-18.987649,0</coordinates>
        </Point>
      </Placemark>
      <Placemark>
        <name>Duiwelsvuur - Month 7</name>
        <description>Waterhole: Duiwelsvuur, Month: 7, Time: 2010-07-26 11:00:00, Lon: 15.259752, Lat: -18.987885</description>
        <styleUrl>#month7_style</styleUrl>
        <Point>
          <coordinates>15.259752,-18.987885,0</coordinates>
        </Point>
      </Placemark>
      <Placemark>
        <name>Duiwelsvuur - Month 7</name>
        <description>Waterhole: Duiwelsvuur, Month: 7, Time: 2010-07-26 11:20:00, Lon: 15.260225, Lat: -18.987823</description>
        <styleUrl>#month7_style</styleUrl>
        <Point>
          <coordinates>15.260225,-18.987823,0</coordinates>
        </Point>
      </Placemark>
      <Placemark>
        <name>Duiwelsvuur - Month 7</name>
        <description>Waterhole: Duiwelsvuur, Month: 7, Time: 2010-07-26 11:40:00, Lon: 15.259848, Lat: -18.987740</description>
        <styleUrl>#month7_style</styleUrl>
        <Point>
          <coordinates>15.259848,-18.987740,0</coordinates>
        </Point>
      </Placemark>
      <Placemark>
        <name>Duiwelsvuur - Month 7</name>
        <description>Waterhole: Duiwelsvuur, Month: 7, Time: 2010-07-26 12:00:00, Lon: 15.259932, Lat: -18.987510</description>
        <styleUrl>#month7_style</styleUrl>
        <Point>
          <coordinates>15.259932,-18.987510,0</coordinates>
        </Point>
      </Placemark>
      <Placemark>
        <name>Duiwelsvuur - Month 7</name>
        <description>Waterhole: Duiwelsvuur, Month: 7, Time: 2010-07-26 12:20:00, Lon: 15.260767, Lat: -18.987388</description>
        <styleUrl>#month7_style</styleUrl>
        <Point>
          <coordinates>15.260767,-18.987388,0</coordinates>
        </Point>
      </Placemark>
      <Placemark>
        <name>Duiwelsvuur - Month 7</name>
        <description>Waterhole: Duiwelsvuur, Month: 7, Time: 2010-07-26 12:40:00, Lon: 15.263932, Lat: -18.987168</description>
        <styleUrl>#month7_style</styleUrl>
        <Point>
          <coordinates>15.263932,-18.987168,0</coordinates>
        </Point>
      </Placemark>
      <Placemark>
        <name>Duiwelsvuur - Month 7</name>
        <description>Waterhole: Duiwelsvuur, Month: 7, Time: 2010-07-26 13:00:00, Lon: 15.264477, Lat: -18.987168</description>
        <styleUrl>#month7_style</styleUrl>
        <Point>
          <coordinates>15.264477,-18.987168,0</coordinates>
        </Point>
      </Placemark>
      <Placemark>
        <name>Duiwelsvuur - Month 7</name>
        <description>Waterhole: Duiwelsvuur, Month: 7, Time: 2010-07-26 13:20:00, Lon: 15.265052, Lat: -18.987136</description>
        <styleUrl>#month7_style</styleUrl>
        <Point>
          <coordinates>15.265052,-18.987136,0</coordinates>
        </Point>
      </Placemark>
      <Placemark>
        <name>Duiwelsvuur - Month 7</name>
        <description>Waterhole: Duiwelsvuur, Month: 7, Time: 2010-07-26 13:40:00, Lon: 15.264852, Lat: -18.987056</description>
        <styleUrl>#month7_style</styleUrl>
        <Point>
          <coordinates>15.264852,-18.987056,0</coordinates>
        </Point>
      </Placemark>
      <Placemark>
        <name>Duiwelsvuur - Month 7</name>
        <description>Waterhole: Duiwelsvuur, Month: 7, Time: 2010-07-26 14:00:00, Lon: 15.264688, Lat: -18.986737</description>
        <styleUrl>#month7_style</styleUrl>
        <Point>
          <coordinates>15.264688,-18.986737,0</coordinates>
        </Point>
      </Placemark>
      <Placemark>
        <name>Duiwelsvuur - Month 7</name>
        <description>Waterhole: Duiwelsvuur, Month: 7, Time: 2010-07-26 14:20:00, Lon: 15.264330, Lat: -18.986772</description>
        <styleUrl>#month7_style</styleUrl>
        <Point>
          <coordinates>15.264330,-18.986772,0</coordinates>
        </Point>
      </Placemark>
      <Placemark>
        <name>Duiwelsvuur - Month 7</name>
        <description>Waterhole: Duiwelsvuur, Month: 7, Time: 2010-07-26 14:40:00, Lon: 15.259796, Lat: -18.987602</description>
        <styleUrl>#month7_style</styleUrl>
        <Point>
          <coordinates>15.259796,-18.987602,0</coordinates>
        </Point>
      </Placemark>
      <Placemark>
        <name>Duiwelsvuur - Month 7</name>
        <description>Waterhole: Duiwelsvuur, Month: 7, Time: 2010-07-26 15:00:00, Lon: 15.259710, Lat: -18.987673</description>
        <styleUrl>#month7_style</styleUrl>
        <Point>
          <coordinates>15.259710,-18.987673,0</coordinates>
        </Point>
      </Placemark>
      <Placemark>
        <name>Duiwelsvuur - Month 7</name>
        <description>Waterhole: Duiwelsvuur, Month: 7, Time: 2010-07-26 15:20:00, Lon: 15.263682, Lat: -18.987006</description>
        <styleUrl>#month7_style</styleUrl>
        <Point>
          <coordinates>15.263682,-18.987006,0</coordinates>
        </Point>
      </Placemark>
      <Placemark>
        <name>Sonderkop waterhole - Month 7</name>
        <description>Waterhole: Sonderkop waterhole, Month: 7, Time: 2010-07-26 22:20:00, Lon: 15.324664, Lat: -18.971912</description>
        <styleUrl>#month7_style</styleUrl>
        <Point>
          <coordinates>15.324664,-18.971912,0</coordinates>
        </Point>
      </Placemark>
      <Placemark>
        <name>Sonderkop waterhole - Month 7</name>
        <description>Waterhole: Sonderkop waterhole, Month: 7, Time: 2010-07-26 22:40:00, Lon: 15.329926, Lat: -18.971307</description>
        <styleUrl>#month7_style</styleUrl>
        <Point>
          <coordinates>15.329926,-18.971307,0</coordinates>
        </Point>
      </Placemark>
      <Placemark>
        <name>Sonderkop waterhole - Month 7</name>
        <description>Waterhole: Sonderkop waterhole, Month: 7, Time: 2010-07-28 15:40:00, Lon: 15.328106, Lat: -18.975688</description>
        <styleUrl>#month7_style</styleUrl>
        <Point>
          <coordinates>15.328106,-18.975688,0</coordinates>
        </Point>
      </Placemark>
      <Placemark>
        <name>Sonderkop waterhole - Month 7</name>
        <description>Waterhole: Sonderkop waterhole, Month: 7, Time: 2010-07-28 16:00:00, Lon: 15.328191, Lat: -18.968962</description>
        <styleUrl>#month7_style</styleUrl>
        <Point>
          <coordinates>15.328191,-18.968962,0</coordinates>
        </Point>
      </Placemark>
      <Placemark>
        <name>Sonderkop waterhole - Month 7</name>
        <description>Waterhole: Sonderkop waterhole, Month: 7, Time: 2010-07-28 16:20:00, Lon: 15.328190, Lat: -18.968966</description>
        <styleUrl>#month7_style</styleUrl>
        <Point>
          <coordinates>15.328190,-18.968966,0</coordinates>
        </Point>
      </Placemark>
      <Placemark>
        <name>Sonderkop waterhole - Month 7</name>
        <description>Waterhole: Sonderkop waterhole, Month: 7, Time: 2010-07-28 16:40:00, Lon: 15.328404, Lat: -18.968715</description>
        <styleUrl>#month7_style</styleUrl>
        <Point>
          <coordinates>15.328404,-18.968715,0</coordinates>
        </Point>
      </Placemark>
      <Placemark>
        <name>Sonderkop waterhole - Month 7</name>
        <description>Waterhole: Sonderkop waterhole, Month: 7, Time: 2010-07-28 17:00:00, Lon: 15.330362, Lat: -18.966783</description>
        <styleUrl>#month7_style</styleUrl>
        <Point>
          <coordinates>15.330362,-18.966783,0</coordinates>
        </Point>
      </Placemark>
      <Placemark>
        <name>Sonderkop waterhole - Month 7</name>
        <description>Waterhole: Sonderkop waterhole, Month: 7, Time: 2010-07-28 17:20:00, Lon: 15.331057, Lat: -18.965562</description>
        <styleUrl>#month7_style</styleUrl>
        <Point>
          <coordinates>15.331057,-18.965562,0</coordinates>
        </Point>
      </Placemark>
      <Placemark>
        <name>Sonderkop waterhole - Month 7</name>
        <description>Waterhole: Sonderkop waterhole, Month: 7, Time: 2010-07-28 17:40:00, Lon: 15.333562, Lat: -18.966276</description>
        <styleUrl>#month7_style</styleUrl>
        <Point>
          <coordinates>15.333562,-18.966276,0</coordinates>
        </Point>
      </Placemark>
      <Placemark>
        <name>Sonderkop waterhole - Month 7</name>
        <description>Waterhole: Sonderkop waterhole, Month: 7, Time: 2010-07-28 18:00:00, Lon: 15.331866, Lat: -18.968115</description>
        <styleUrl>#month7_style</styleUrl>
        <Point>
          <coordinates>15.331866,-18.968115,0</coordinates>
        </Point>
      </Placemark>
      <Placemark>
        <name>Sonderkop waterhole - Month 7</name>
        <description>Waterhole: Sonderkop waterhole, Month: 7, Time: 2010-07-28 18:20:00, Lon: 15.331530, Lat: -18.968850</description>
        <styleUrl>#month7_style</styleUrl>
        <Point>
          <coordinates>15.331530,-18.968850,0</coordinates>
        </Point>
      </Placemark>
      <Placemark>
        <name>Sonderkop waterhole - Month 7</name>
        <description>Waterhole: Sonderkop waterhole, Month: 7, Time: 2010-07-28 18:40:00, Lon: 15.328204, Lat: -18.968949</description>
        <styleUrl>#month7_style</styleUrl>
        <Point>
          <coordinates>15.328204,-18.968949,0</coordinates>
        </Point>
      </Placemark>
      <Placemark>
        <name>Sonderkop waterhole - Month 7</name>
        <description>Waterhole: Sonderkop waterhole, Month: 7, Time: 2010-07-28 19:00:00, Lon: 15.329510, Lat: -18.971474</description>
        <styleUrl>#month7_style</styleUrl>
        <Point>
          <coordinates>15.329510,-18.971474,0</coordinates>
        </Point>
      </Placemark>
      <Placemark>
        <name>Sonderkop waterhole - Month 7</name>
        <description>Waterhole: Sonderkop waterhole, Month: 7, Time: 2010-07-28 19:20:00, Lon: 15.333684, Lat: -18.974032</description>
        <styleUrl>#month7_style</styleUrl>
        <Point>
          <coordinates>15.333684,-18.974032,0</coordinates>
        </Point>
      </Placemark>
      <Placemark>
        <name>Sonderkop waterhole - Month 7</name>
        <description>Waterhole: Sonderkop waterhole, Month: 7, Time: 2010-07-29 12:00:00, Lon: 15.326499, Lat: -18.973802</description>
        <styleUrl>#month7_style</styleUrl>
        <Point>
          <coordinates>15.326499,-18.973802,0</coordinates>
        </Point>
      </Placemark>
      <Placemark>
        <name>Sonderkop waterhole - Month 7</name>
        <description>Waterhole: Sonderkop waterhole, Month: 7, Time: 2010-07-29 12:20:00, Lon: 15.328207, Lat: -18.968966</description>
        <styleUrl>#month7_style</styleUrl>
        <Point>
          <coordinates>15.328207,-18.968966,0</coordinates>
        </Point>
      </Placemark>
      <Placemark>
        <name>Sonderkop waterhole - Month 7</name>
        <description>Waterhole: Sonderkop waterhole, Month: 7, Time: 2010-07-29 12:40:00, Lon: 15.328182, Lat: -18.968964</description>
        <styleUrl>#month7_style</styleUrl>
        <Point>
          <coordinates>15.328182,-18.968964,0</coordinates>
        </Point>
      </Placemark>
      <Placemark>
        <name>Sonderkop waterhole - Month 7</name>
        <description>Waterhole: Sonderkop waterhole, Month: 7, Time: 2010-07-29 13:00:00, Lon: 15.330756, Lat: -18.974359</description>
        <styleUrl>#month7_style</styleUrl>
        <Point>
          <coordinates>15.330756,-18.974359,0</coordinates>
        </Point>
      </Placemark>
      <Placemark>
        <name>Sonderkop waterhole - Month 7</name>
        <description>Waterhole: Sonderkop waterhole, Month: 7, Time: 2010-07-30 18:20:00, Lon: 15.336141, Lat: -18.968028</description>
        <styleUrl>#month7_style</styleUrl>
        <Point>
          <coordinates>15.336141,-18.968028,0</coordinates>
        </Point>
      </Placemark>
      <Placemark>
        <name>Sonderkop waterhole - Month 7</name>
        <description>Waterhole: Sonderkop waterhole, Month: 7, Time: 2010-07-30 18:40:00, Lon: 15.328196, Lat: -18.968974</description>
        <styleUrl>#month7_style</styleUrl>
        <Point>
          <coordinates>15.328196,-18.968974,0</coordinates>
        </Point>
      </Placemark>
      <Placemark>
        <name>Sonderkop waterhole - Month 7</name>
        <description>Waterhole: Sonderkop waterhole, Month: 7, Time: 2010-07-30 19:00:00, Lon: 15.330369, Lat: -18.971663</description>
        <styleUrl>#month7_style</styleUrl>
        <Point>
          <coordinates>15.330369,-18.971663,0</coordinates>
        </Point>
      </Placemark>
      <Placemark>
        <name>Sonderkop waterhole - Month 7</name>
        <description>Waterhole: Sonderkop waterhole, Month: 7, Time: 2010-07-30 19:20:00, Lon: 15.336115, Lat: -18.972734</description>
        <styleUrl>#month7_style</styleUrl>
        <Point>
          <coordinates>15.336115,-18.972734,0</coordinates>
        </Point>
      </Placemark>
      <Placemark>
        <name>Sonderkop waterhole - Month 7</name>
        <description>Waterhole: Sonderkop waterhole, Month: 7, Time: 2010-07-31 15:20:00, Lon: 15.330150, Lat: -18.971680</description>
        <styleUrl>#month7_style</styleUrl>
        <Point>
          <coordinates>15.330150,-18.971680,0</coordinates>
        </Point>
      </Placemark>
      <Placemark>
        <name>Sonderkop waterhole - Month 7</name>
        <description>Waterhole: Sonderkop waterhole, Month: 7, Time: 2010-07-31 15:40:00, Lon: 15.328197, Lat: -18.968974</description>
        <styleUrl>#month7_style</styleUrl>
        <Point>
          <coordinates>15.328197,-18.968974,0</coordinates>
        </Point>
      </Placemark>
      <Placemark>
        <name>Sonderkop waterhole - Month 7</name>
        <description>Waterhole: Sonderkop waterhole, Month: 7, Time: 2010-07-31 16:00:00, Lon: 15.328195, Lat: -18.968972</description>
        <styleUrl>#month7_style</styleUrl>
        <Point>
          <coordinates>15.328195,-18.968972,0</coordinates>
        </Point>
      </Placemark>
      <Placemark>
        <name>Sonderkop waterhole - Month 7</name>
        <description>Waterhole: Sonderkop waterhole, Month: 7, Time: 2010-07-31 16:20:00, Lon: 15.325944, Lat: -18.974514</description>
        <styleUrl>#month7_style</styleUrl>
        <Point>
          <coordinates>15.325944,-18.974514,0</coordinates>
        </Point>
      </Placemark>
      <Placemark>
        <name>Sonderkop waterhole - Month 7</name>
        <description>Waterhole: Sonderkop waterhole, Month: 7, Time: 2010-07-31 16:40:00, Lon: 15.326238, Lat: -18.974736</description>
        <styleUrl>#month7_style</styleUrl>
        <Point>
          <coordinates>15.326238,-18.974736,0</coordinates>
        </Point>
      </Placemark>
      <Placemark>
        <name>Sonderkop waterhole - Month 7</name>
        <description>Waterhole: Sonderkop waterhole, Month: 7, Time: 2010-07-31 17:00:00, Lon: 15.326700, Lat: -18.974261</description>
        <styleUrl>#month7_style</styleUrl>
        <Point>
          <coordinates>15.326700,-18.974261,0</coordinates>
        </Point>
      </Placemark>
      <Placemark>
        <name>Sonderkop waterhole - Month 7</name>
        <description>Waterhole: Sonderkop waterhole, Month: 7, Time: 2010-07-31 17:20:00, Lon: 15.327357, Lat: -18.973037</description>
        <styleUrl>#month7_style</styleUrl>
        <Point>
          <coordinates>15.327357,-18.973037,0</coordinates>
        </Point>
      </Placemark>
      <Placemark>
        <name>Sonderkop waterhole - Month 7</name>
        <description>Waterhole: Sonderkop waterhole, Month: 7, Time: 2010-07-31 17:40:00, Lon: 15.327474, Lat: -18.968791</description>
        <styleUrl>#month7_style</styleUrl>
        <Point>
          <coordinates>15.327474,-18.968791,0</coordinates>
        </Point>
      </Placemark>
      <Placemark>
        <name>Sonderkop waterhole - Month 7</name>
        <description>Waterhole: Sonderkop waterhole, Month: 7, Time: 2010-07-31 18:00:00, Lon: 15.328282, Lat: -18.968966</description>
        <styleUrl>#month7_style</styleUrl>
        <Point>
          <coordinates>15.328282,-18.968966,0</coordinates>
        </Point>
      </Placemark>
      <Placemark>
        <name>Sonderkop waterhole - Month 7</name>
        <description>Waterhole: Sonderkop waterhole, Month: 7, Time: 2010-07-31 18:20:00, Lon: 15.326872, Lat: -18.967354</description>
        <styleUrl>#month7_style</styleUrl>
        <Point>
          <coordinates>15.326872,-18.967354,0</coordinates>
        </Point>
      </Placemark>
      <Placemark>
        <name>Sonderkop waterhole - Month 7</name>
        <description>Waterhole: Sonderkop waterhole, Month: 7, Time: 2010-07-31 18:40:00, Lon: 15.323809, Lat: -18.963265</description>
        <styleUrl>#month7_style</styleUrl>
        <Point>
          <coordinates>15.323809,-18.963265,0</coordinates>
        </Point>
      </Placemark>
      <Placemark>
        <name>Sonderkop waterhole - Month 7</name>
        <description>Waterhole: Sonderkop waterhole, Month: 7, Time: 2010-07-31 19:00:00, Lon: 15.322857, Lat: -18.963493</description>
        <styleUrl>#month7_style</styleUrl>
        <Point>
          <coordinates>15.322857,-18.963493,0</coordinates>
        </Point>
      </Placemark>
      <Placemark>
        <name>Sonderkop waterhole - Month 7</name>
        <description>Waterhole: Sonderkop waterhole, Month: 7, Time: 2010-07-31 19:20:00, Lon: 15.323315, Lat: -18.963269</description>
        <styleUrl>#month7_style</styleUrl>
        <Point>
          <coordinates>15.323315,-18.963269,0</coordinates>
        </Point>
      </Placemark>
      <Placemark>
        <name>Sonderkop waterhole - Month 7</name>
        <description>Waterhole: Sonderkop waterhole, Month: 7, Time: 2010-07-31 19:40:00, Lon: 15.324709, Lat: -18.962984</description>
        <styleUrl>#month7_style</styleUrl>
        <Point>
          <coordinates>15.324709,-18.962984,0</coordinates>
        </Point>
      </Placemark>
      <Placemark>
        <name>Sonderkop waterhole - Month 7</name>
        <description>Waterhole: Sonderkop waterhole, Month: 7, Time: 2010-07-31 20:00:00, Lon: 15.329696, Lat: -18.963011</description>
        <styleUrl>#month7_style</styleUrl>
        <Point>
          <coordinates>15.329696,-18.963011,0</coordinates>
        </Point>
      </Placemark>
      <Placemark>
        <name>Sonderkop waterhole - Month 8</name>
        <description>Waterhole: Sonderkop waterhole, Month: 8, Time: 2010-08-01 21:00:00, Lon: 15.333816, Lat: -18.968020</description>
        <styleUrl>#month8_style</styleUrl>
        <Point>
          <coordinates>15.333816,-18.968020,0</coordinates>
        </Point>
      </Placemark>
      <Placemark>
        <name>Sonderkop waterhole - Month 8</name>
        <description>Waterhole: Sonderkop waterhole, Month: 8, Time: 2010-08-01 21:20:00, Lon: 15.329055, Lat: -18.968536</description>
        <styleUrl>#month8_style</styleUrl>
        <Point>
          <coordinates>15.329055,-18.968536,0</coordinates>
        </Point>
      </Placemark>
      <Placemark>
        <name>Sonderkop waterhole - Month 8</name>
        <description>Waterhole: Sonderkop waterhole, Month: 8, Time: 2010-08-01 21:40:00, Lon: 15.328712, Lat: -18.967523</description>
        <styleUrl>#month8_style</styleUrl>
        <Point>
          <coordinates>15.328712,-18.967523,0</coordinates>
        </Point>
      </Placemark>
      <Placemark>
        <name>Sonderkop waterhole - Month 8</name>
        <description>Waterhole: Sonderkop waterhole, Month: 8, Time: 2010-08-02 17:20:00, Lon: 15.332911, Lat: -18.968054</description>
        <styleUrl>#month8_style</styleUrl>
        <Point>
          <coordinates>15.332911,-18.968054,0</coordinates>
        </Point>
      </Placemark>
      <Placemark>
        <name>Sonderkop waterhole - Month 8</name>
        <description>Waterhole: Sonderkop waterhole, Month: 8, Time: 2010-08-02 17:40:00, Lon: 15.328200, Lat: -18.968960</description>
        <styleUrl>#month8_style</styleUrl>
        <Point>
          <coordinates>15.328200,-18.968960,0</coordinates>
        </Point>
      </Placemark>
      <Placemark>
        <name>Sonderkop waterhole - Month 8</name>
        <description>Waterhole: Sonderkop waterhole, Month: 8, Time: 2010-08-02 18:00:00, Lon: 15.327579, Lat: -18.968909</description>
        <styleUrl>#month8_style</styleUrl>
        <Point>
          <coordinates>15.327579,-18.968909,0</coordinates>
        </Point>
      </Placemark>
      <Placemark>
        <name>Sonderkop waterhole - Month 8</name>
        <description>Waterhole: Sonderkop waterhole, Month: 8, Time: 2010-08-02 18:20:00, Lon: 15.327906, Lat: -18.968923</description>
        <styleUrl>#month8_style</styleUrl>
        <Point>
          <coordinates>15.327906,-18.968923,0</coordinates>
        </Point>
      </Placemark>
      <Placemark>
        <name>Sonderkop waterhole - Month 8</name>
        <description>Waterhole: Sonderkop waterhole, Month: 8, Time: 2010-08-02 18:40:00, Lon: 15.328754, Lat: -18.968758</description>
        <styleUrl>#month8_style</styleUrl>
        <Point>
          <coordinates>15.328754,-18.968758,0</coordinates>
        </Point>
      </Placemark>
      <Placemark>
        <name>Sonderkop waterhole - Month 8</name>
        <description>Waterhole: Sonderkop waterhole, Month: 8, Time: 2010-08-02 19:00:00, Lon: 15.331049, Lat: -18.965297</description>
        <styleUrl>#month8_style</styleUrl>
        <Point>
          <coordinates>15.331049,-18.965297,0</coordinates>
        </Point>
      </Placemark>
      <Placemark>
        <name>Sonderkop waterhole - Month 8</name>
        <description>Waterhole: Sonderkop waterhole, Month: 8, Time: 2010-08-02 19:20:00, Lon: 15.331200, Lat: -18.964801</description>
        <styleUrl>#month8_style</styleUrl>
        <Point>
          <coordinates>15.331200,-18.964801,0</coordinates>
        </Point>
      </Placemark>
      <Placemark>
        <name>Sonderkop waterhole - Month 8</name>
        <description>Waterhole: Sonderkop waterhole, Month: 8, Time: 2010-08-03 18:00:00, Lon: 15.330282, Lat: -18.966644</description>
        <styleUrl>#month8_style</styleUrl>
        <Point>
          <coordinates>15.330282,-18.966644,0</coordinates>
        </Point>
      </Placemark>
      <Placemark>
        <name>Sonderkop waterhole - Month 8</name>
        <description>Waterhole: Sonderkop waterhole, Month: 8, Time: 2010-08-03 18:20:00, Lon: 15.328185, Lat: -18.968968</description>
        <styleUrl>#month8_style</styleUrl>
        <Point>
          <coordinates>15.328185,-18.968968,0</coordinates>
        </Point>
      </Placemark>
      <Placemark>
        <name>Sonderkop waterhole - Month 8</name>
        <description>Waterhole: Sonderkop waterhole, Month: 8, Time: 2010-08-03 18:40:00, Lon: 15.328157, Lat: -18.968931</description>
        <styleUrl>#month8_style</styleUrl>
        <Point>
          <coordinates>15.328157,-18.968931,0</coordinates>
        </Point>
      </Placemark>
      <Placemark>
        <name>Sonderkop waterhole - Month 8</name>
        <description>Waterhole: Sonderkop waterhole, Month: 8, Time: 2010-08-03 19:00:00, Lon: 15.334954, Lat: -18.968066</description>
        <styleUrl>#month8_style</styleUrl>
        <Point>
          <coordinates>15.334954,-18.968066,0</coordinates>
        </Point>
      </Placemark>
      <Placemark>
        <name>Sonderkop waterhole - Month 8</name>
        <description>Waterhole: Sonderkop waterhole, Month: 8, Time: 2010-08-05 00:00:00, Lon: 15.328769, Lat: -18.968431</description>
        <styleUrl>#month8_style</styleUrl>
        <Point>
          <coordinates>15.328769,-18.968431,0</coordinates>
        </Point>
      </Placemark>
      <Placemark>
        <name>Sonderkop waterhole - Month 8</name>
        <description>Waterhole: Sonderkop waterhole, Month: 8, Time: 2010-08-05 00:20:00, Lon: 15.328742, Lat: -18.967444</description>
        <styleUrl>#month8_style</styleUrl>
        <Point>
          <coordinates>15.328742,-18.967444,0</coordinates>
        </Point>
      </Placemark>
      <Placemark>
        <name>Sonderkop waterhole - Month 8</name>
        <description>Waterhole: Sonderkop waterhole, Month: 8, Time: 2010-08-05 15:00:00, Lon: 15.331863, Lat: -18.964498</description>
        <styleUrl>#month8_style</styleUrl>
        <Point>
          <coordinates>15.331863,-18.964498,0</coordinates>
        </Point>
      </Placemark>
      <Placemark>
        <name>Sonderkop waterhole - Month 8</name>
        <description>Waterhole: Sonderkop waterhole, Month: 8, Time: 2010-08-05 15:20:00, Lon: 15.331957, Lat: -18.964567</description>
        <styleUrl>#month8_style</styleUrl>
        <Point>
          <coordinates>15.331957,-18.964567,0</coordinates>
        </Point>
      </Placemark>
      <Placemark>
        <name>Sonderkop waterhole - Month 8</name>
        <description>Waterhole: Sonderkop waterhole, Month: 8, Time: 2010-08-05 15:40:00, Lon: 15.328615, Lat: -18.968555</description>
        <styleUrl>#month8_style</styleUrl>
        <Point>
          <coordinates>15.328615,-18.968555,0</coordinates>
        </Point>
      </Placemark>
      <Placemark>
        <name>Sonderkop waterhole - Month 8</name>
        <description>Waterhole: Sonderkop waterhole, Month: 8, Time: 2010-08-05 16:00:00, Lon: 15.328207, Lat: -18.968982</description>
        <styleUrl>#month8_style</styleUrl>
        <Point>
          <coordinates>15.328207,-18.968982,0</coordinates>
        </Point>
      </Placemark>
      <Placemark>
        <name>Sonderkop waterhole - Month 8</name>
        <description>Waterhole: Sonderkop waterhole, Month: 8, Time: 2010-08-05 16:20:00, Lon: 15.328506, Lat: -18.969100</description>
        <styleUrl>#month8_style</styleUrl>
        <Point>
          <coordinates>15.328506,-18.969100,0</coordinates>
        </Point>
      </Placemark>
      <Placemark>
        <name>Sonderkop waterhole - Month 8</name>
        <description>Waterhole: Sonderkop waterhole, Month: 8, Time: 2010-08-05 16:40:00, Lon: 15.329627, Lat: -18.969200</description>
        <styleUrl>#month8_style</styleUrl>
        <Point>
          <coordinates>15.329627,-18.969200,0</coordinates>
        </Point>
      </Placemark>
      <Placemark>
        <name>Sonderkop waterhole - Month 8</name>
        <description>Waterhole: Sonderkop waterhole, Month: 8, Time: 2010-08-05 17:00:00, Lon: 15.330306, Lat: -18.968579</description>
        <styleUrl>#month8_style</styleUrl>
        <Point>
          <coordinates>15.330306,-18.968579,0</coordinates>
        </Point>
      </Placemark>
      <Placemark>
        <name>Sonderkop waterhole - Month 8</name>
        <description>Waterhole: Sonderkop waterhole, Month: 8, Time: 2010-08-05 17:20:00, Lon: 15.336148, Lat: -18.972915</description>
        <styleUrl>#month8_style</styleUrl>
        <Point>
          <coordinates>15.336148,-18.972915,0</coordinates>
        </Point>
      </Placemark>
      <Placemark>
        <name>Sonderkop waterhole - Month 8</name>
        <description>Waterhole: Sonderkop waterhole, Month: 8, Time: 2010-08-05 18:20:00, Lon: 15.333459, Lat: -18.973767</description>
        <styleUrl>#month8_style</styleUrl>
        <Point>
          <coordinates>15.333459,-18.973767,0</coordinates>
        </Point>
      </Placemark>
      <Placemark>
        <name>Sonderkop waterhole - Month 8</name>
        <description>Waterhole: Sonderkop waterhole, Month: 8, Time: 2010-08-05 18:40:00, Lon: 15.328182, Lat: -18.968986</description>
        <styleUrl>#month8_style</styleUrl>
        <Point>
          <coordinates>15.328182,-18.968986,0</coordinates>
        </Point>
      </Placemark>
      <Placemark>
        <name>Sonderkop waterhole - Month 8</name>
        <description>Waterhole: Sonderkop waterhole, Month: 8, Time: 2010-08-05 19:00:00, Lon: 15.329064, Lat: -18.966370</description>
        <styleUrl>#month8_style</styleUrl>
        <Point>
          <coordinates>15.329064,-18.966370,0</coordinates>
        </Point>
      </Placemark>
      <Placemark>
        <name>Sonderkop waterhole - Month 8</name>
        <description>Waterhole: Sonderkop waterhole, Month: 8, Time: 2010-08-05 19:20:00, Lon: 15.327713, Lat: -18.968408</description>
        <styleUrl>#month8_style</styleUrl>
        <Point>
          <coordinates>15.327713,-18.968408,0</coordinates>
        </Point>
      </Placemark>
      <Placemark>
        <name>Sonderkop waterhole - Month 8</name>
        <description>Waterhole: Sonderkop waterhole, Month: 8, Time: 2010-08-05 19:40:00, Lon: 15.333052, Lat: -18.971059</description>
        <styleUrl>#month8_style</styleUrl>
        <Point>
          <coordinates>15.333052,-18.971059,0</coordinates>
        </Point>
      </Placemark>
      <Placemark>
        <name>Sonderkop waterhole - Month 8</name>
        <description>Waterhole: Sonderkop waterhole, Month: 8, Time: 2010-08-05 20:00:00, Lon: 15.332488, Lat: -18.969057</description>
        <styleUrl>#month8_style</styleUrl>
        <Point>
          <coordinates>15.332488,-18.969057,0</coordinates>
        </Point>
      </Placemark>
      <Placemark>
        <name>Sonderkop waterhole - Month 8</name>
        <description>Waterhole: Sonderkop waterhole, Month: 8, Time: 2010-08-05 20:20:00, Lon: 15.331463, Lat: -18.971033</description>
        <styleUrl>#month8_style</styleUrl>
        <Point>
          <coordinates>15.331463,-18.971033,0</coordinates>
        </Point>
      </Placemark>
      <Placemark>
        <name>Sonderkop waterhole - Month 8</name>
        <description>Waterhole: Sonderkop waterhole, Month: 8, Time: 2010-08-05 20:40:00, Lon: 15.331172, Lat: -18.970742</description>
        <styleUrl>#month8_style</styleUrl>
        <Point>
          <coordinates>15.331172,-18.970742,0</coordinates>
        </Point>
      </Placemark>
      <Placemark>
        <name>Sonderkop waterhole - Month 8</name>
        <description>Waterhole: Sonderkop waterhole, Month: 8, Time: 2010-08-05 21:00:00, Lon: 15.336005, Lat: -18.972644</description>
        <styleUrl>#month8_style</styleUrl>
        <Point>
          <coordinates>15.336005,-18.972644,0</coordinates>
        </Point>
      </Placemark>
      <Placemark>
        <name>Sonderkop waterhole - Month 8</name>
        <description>Waterhole: Sonderkop waterhole, Month: 8, Time: 2010-08-06 19:40:00, Lon: 15.331558, Lat: -18.973730</description>
        <styleUrl>#month8_style</styleUrl>
        <Point>
          <coordinates>15.331558,-18.973730,0</coordinates>
        </Point>
      </Placemark>
      <Placemark>
        <name>Sonderkop waterhole - Month 8</name>
        <description>Waterhole: Sonderkop waterhole, Month: 8, Time: 2010-08-06 20:00:00, Lon: 15.327627, Lat: -18.968894</description>
        <styleUrl>#month8_style</styleUrl>
        <Point>
          <coordinates>15.327627,-18.968894,0</coordinates>
        </Point>
      </Placemark>
      <Placemark>
        <name>Sonderkop waterhole - Month 8</name>
        <description>Waterhole: Sonderkop waterhole, Month: 8, Time: 2010-08-06 20:20:00, Lon: 15.328117, Lat: -18.969132</description>
        <styleUrl>#month8_style</styleUrl>
        <Point>
          <coordinates>15.328117,-18.969132,0</coordinates>
        </Point>
      </Placemark>
      <Placemark>
        <name>Sonderkop waterhole - Month 8</name>
        <description>Waterhole: Sonderkop waterhole, Month: 8, Time: 2010-08-06 20:40:00, Lon: 15.328261, Lat: -18.969033</description>
        <styleUrl>#month8_style</styleUrl>
        <Point>
          <coordinates>15.328261,-18.969033,0</coordinates>
        </Point>
      </Placemark>
      <Placemark>
        <name>Sonderkop waterhole - Month 8</name>
        <description>Waterhole: Sonderkop waterhole, Month: 8, Time: 2010-08-06 21:00:00, Lon: 15.328299, Lat: -18.969021</description>
        <styleUrl>#month8_style</styleUrl>
        <Point>
          <coordinates>15.328299,-18.969021,0</coordinates>
        </Point>
      </Placemark>
      <Placemark>
        <name>Sonderkop waterhole - Month 8</name>
        <description>Waterhole: Sonderkop waterhole, Month: 8, Time: 2010-08-06 21:20:00, Lon: 15.326562, Lat: -18.969135</description>
        <styleUrl>#month8_style</styleUrl>
        <Point>
          <coordinates>15.326562,-18.969135,0</coordinates>
        </Point>
      </Placemark>
      <Placemark>
        <name>Sonderkop waterhole - Month 8</name>
        <description>Waterhole: Sonderkop waterhole, Month: 8, Time: 2010-08-06 21:40:00, Lon: 15.329768, Lat: -18.967578</description>
        <styleUrl>#month8_style</styleUrl>
        <Point>
          <coordinates>15.329768,-18.967578,0</coordinates>
        </Point>
      </Placemark>
      <Placemark>
        <name>Sonderkop waterhole - Month 8</name>
        <description>Waterhole: Sonderkop waterhole, Month: 8, Time: 2010-08-06 22:00:00, Lon: 15.330407, Lat: -18.964905</description>
        <styleUrl>#month8_style</styleUrl>
        <Point>
          <coordinates>15.330407,-18.964905,0</coordinates>
        </Point>
      </Placemark>
      <Placemark>
        <name>Sonderkop waterhole - Month 8</name>
        <description>Waterhole: Sonderkop waterhole, Month: 8, Time: 2010-08-06 22:20:00, Lon: 15.331813, Lat: -18.974182</description>
        <styleUrl>#month8_style</styleUrl>
        <Point>
          <coordinates>15.331813,-18.974182,0</coordinates>
        </Point>
      </Placemark>
      <Placemark>
        <name>Sonderkop waterhole - Month 8</name>
        <description>Waterhole: Sonderkop waterhole, Month: 8, Time: 2010-08-08 17:40:00, Lon: 15.328237, Lat: -18.969019</description>
        <styleUrl>#month8_style</styleUrl>
        <Point>
          <coordinates>15.328237,-18.969019,0</coordinates>
        </Point>
      </Placemark>
      <Placemark>
        <name>Sonderkop waterhole - Month 8</name>
        <description>Waterhole: Sonderkop waterhole, Month: 8, Time: 2010-08-08 18:00:00, Lon: 15.327430, Lat: -18.968866</description>
        <styleUrl>#month8_style</styleUrl>
        <Point>
          <coordinates>15.327430,-18.968866,0</coordinates>
        </Point>
      </Placemark>
      <Placemark>
        <name>Sonderkop waterhole - Month 8</name>
        <description>Waterhole: Sonderkop waterhole, Month: 8, Time: 2010-08-08 18:20:00, Lon: 15.327711, Lat: -18.968958</description>
        <styleUrl>#month8_style</styleUrl>
        <Point>
          <coordinates>15.327711,-18.968958,0</coordinates>
        </Point>
      </Placemark>
      <Placemark>
        <name>Sonderkop waterhole - Month 8</name>
        <description>Waterhole: Sonderkop waterhole, Month: 8, Time: 2010-08-08 18:40:00, Lon: 15.328261, Lat: -18.968982</description>
        <styleUrl>#month8_style</styleUrl>
        <Point>
          <coordinates>15.328261,-18.968982,0</coordinates>
        </Point>
      </Placemark>
      <Placemark>
        <name>Sonderkop waterhole - Month 8</name>
        <description>Waterhole: Sonderkop waterhole, Month: 8, Time: 2010-08-08 19:00:00, Lon: 15.328261, Lat: -18.968978</description>
        <styleUrl>#month8_style</styleUrl>
        <Point>
          <coordinates>15.328261,-18.968978,0</coordinates>
        </Point>
      </Placemark>
      <Placemark>
        <name>Sonderkop waterhole - Month 8</name>
        <description>Waterhole: Sonderkop waterhole, Month: 8, Time: 2010-08-08 19:20:00, Lon: 15.328518, Lat: -18.968862</description>
        <styleUrl>#month8_style</styleUrl>
        <Point>
          <coordinates>15.328518,-18.968862,0</coordinates>
        </Point>
      </Placemark>
      <Placemark>
        <name>Sonderkop waterhole - Month 8</name>
        <description>Waterhole: Sonderkop waterhole, Month: 8, Time: 2010-08-08 19:40:00, Lon: 15.331426, Lat: -18.965257</description>
        <styleUrl>#month8_style</styleUrl>
        <Point>
          <coordinates>15.331426,-18.965257,0</coordinates>
        </Point>
      </Placemark>
      <Placemark>
        <name>Sonderkop waterhole - Month 8</name>
        <description>Waterhole: Sonderkop waterhole, Month: 8, Time: 2010-08-08 20:00:00, Lon: 15.333060, Lat: -18.964327</description>
        <styleUrl>#month8_style</styleUrl>
        <Point>
          <coordinates>15.333060,-18.964327,0</coordinates>
        </Point>
      </Placemark>
      <Placemark>
        <name>Sonderkop waterhole - Month 8</name>
        <description>Waterhole: Sonderkop waterhole, Month: 8, Time: 2010-08-08 20:20:00, Lon: 15.333701, Lat: -18.963672</description>
        <styleUrl>#month8_style</styleUrl>
        <Point>
          <coordinates>15.333701,-18.963672,0</coordinates>
        </Point>
      </Placemark>
      <Placemark>
        <name>Sonderkop waterhole - Month 8</name>
        <description>Waterhole: Sonderkop waterhole, Month: 8, Time: 2010-08-08 23:40:00, Lon: 15.330893, Lat: -18.962502</description>
        <styleUrl>#month8_style</styleUrl>
        <Point>
          <coordinates>15.330893,-18.962502,0</coordinates>
        </Point>
      </Placemark>
      <Placemark>
        <name>Sonderkop waterhole - Month 8</name>
        <description>Waterhole: Sonderkop waterhole, Month: 8, Time: 2010-08-09 00:00:00, Lon: 15.328284, Lat: -18.968978</description>
        <styleUrl>#month8_style</styleUrl>
        <Point>
          <coordinates>15.328284,-18.968978,0</coordinates>
        </Point>
      </Placemark>
      <Placemark>
        <name>Sonderkop waterhole - Month 8</name>
        <description>Waterhole: Sonderkop waterhole, Month: 8, Time: 2010-08-09 00:20:00, Lon: 15.330034, Lat: -18.967102</description>
        <styleUrl>#month8_style</styleUrl>
        <Point>
          <coordinates>15.330034,-18.967102,0</coordinates>
        </Point>
      </Placemark>
      <Placemark>
        <name>Ozonjuitji m'Bari - Month 8</name>
        <description>Waterhole: Ozonjuitji m'Bari, Month: 8, Time: 2010-08-10 17:00:00, Lon: 15.503534, Lat: -18.976619</description>
        <styleUrl>#month8_style</styleUrl>
        <Point>
          <coordinates>15.503534,-18.976619,0</coordinates>
        </Point>
      </Placemark>
      <Placemark>
        <name>Ozonjuitji m'Bari - Month 8</name>
        <description>Waterhole: Ozonjuitji m'Bari, Month: 8, Time: 2010-08-10 17:20:00, Lon: 15.503561, Lat: -18.976652</description>
        <styleUrl>#month8_style</styleUrl>
        <Point>
          <coordinates>15.503561,-18.976652,0</coordinates>
        </Point>
      </Placemark>
      <Placemark>
        <name>Ozonjuitji m'Bari - Month 8</name>
        <description>Waterhole: Ozonjuitji m'Bari, Month: 8, Time: 2010-08-10 17:40:00, Lon: 15.503605, Lat: -18.976550</description>
        <styleUrl>#month8_style</styleUrl>
        <Point>
          <coordinates>15.503605,-18.976550,0</coordinates>
        </Point>
      </Placemark>
      <Placemark>
        <name>Ozonjuitji m'Bari - Month 8</name>
        <description>Waterhole: Ozonjuitji m'Bari, Month: 8, Time: 2010-08-10 18:00:00, Lon: 15.503446, Lat: -18.976599</description>
        <styleUrl>#month8_style</styleUrl>
        <Point>
          <coordinates>15.503446,-18.976599,0</coordinates>
        </Point>
      </Placemark>
      <Placemark>
        <name>Ozonjuitji m'Bari - Month 8</name>
        <description>Waterhole: Ozonjuitji m'Bari, Month: 8, Time: 2010-08-10 18:20:00, Lon: 15.503440, Lat: -18.976622</description>
        <styleUrl>#month8_style</styleUrl>
        <Point>
          <coordinates>15.503440,-18.976622,0</coordinates>
        </Point>
      </Placemark>
      <Placemark>
        <name>Ozonjuitji m'Bari - Month 8</name>
        <description>Waterhole: Ozonjuitji m'Bari, Month: 8, Time: 2010-08-10 18:40:00, Lon: 15.503440, Lat: -18.976609</description>
        <styleUrl>#month8_style</styleUrl>
        <Point>
          <coordinates>15.503440,-18.976609,0</coordinates>
        </Point>
      </Placemark>
      <Placemark>
        <name>Ozonjuitji m'Bari - Month 8</name>
        <description>Waterhole: Ozonjuitji m'Bari, Month: 8, Time: 2010-08-10 19:00:00, Lon: 15.503496, Lat: -18.976571</description>
        <styleUrl>#month8_style</styleUrl>
        <Point>
          <coordinates>15.503496,-18.976571,0</coordinates>
        </Point>
      </Placemark>
      <Placemark>
        <name>Ozonjuitji m'Bari - Month 8</name>
        <description>Waterhole: Ozonjuitji m'Bari, Month: 8, Time: 2010-08-10 19:20:00, Lon: 15.503447, Lat: -18.976579</description>
        <styleUrl>#month8_style</styleUrl>
        <Point>
          <coordinates>15.503447,-18.976579,0</coordinates>
        </Point>
      </Placemark>
      <Placemark>
        <name>Ozonjuitji m'Bari - Month 8</name>
        <description>Waterhole: Ozonjuitji m'Bari, Month: 8, Time: 2010-08-10 19:40:00, Lon: 15.504821, Lat: -18.979197</description>
        <styleUrl>#month8_style</styleUrl>
        <Point>
          <coordinates>15.504821,-18.979197,0</coordinates>
        </Point>
      </Placemark>
      <Placemark>
        <name>Ozonjuitji m'Bari - Month 8</name>
        <description>Waterhole: Ozonjuitji m'Bari, Month: 8, Time: 2010-08-10 20:00:00, Lon: 15.506777, Lat: -18.978267</description>
        <styleUrl>#month8_style</styleUrl>
        <Point>
          <coordinates>15.506777,-18.978267,0</coordinates>
        </Point>
      </Placemark>
      <Placemark>
        <name>Ozonjuitji m'Bari - Month 8</name>
        <description>Waterhole: Ozonjuitji m'Bari, Month: 8, Time: 2010-08-10 20:20:00, Lon: 15.500355, Lat: -18.980627</description>
        <styleUrl>#month8_style</styleUrl>
        <Point>
          <coordinates>15.500355,-18.980627,0</coordinates>
        </Point>
      </Placemark>
      <Placemark>
        <name>Sonderkop waterhole - Month 8</name>
        <description>Waterhole: Sonderkop waterhole, Month: 8, Time: 2010-08-11 18:20:00, Lon: 15.329947, Lat: -18.969729</description>
        <styleUrl>#month8_style</styleUrl>
        <Point>
          <coordinates>15.329947,-18.969729,0</coordinates>
        </Point>
      </Placemark>
      <Placemark>
        <name>Sonderkop waterhole - Month 8</name>
        <description>Waterhole: Sonderkop waterhole, Month: 8, Time: 2010-08-11 18:40:00, Lon: 15.328363, Lat: -18.969552</description>
        <styleUrl>#month8_style</styleUrl>
        <Point>
          <coordinates>15.328363,-18.969552,0</coordinates>
        </Point>
      </Placemark>
      <Placemark>
        <name>Sonderkop waterhole - Month 8</name>
        <description>Waterhole: Sonderkop waterhole, Month: 8, Time: 2010-08-11 19:00:00, Lon: 15.328061, Lat: -18.977279</description>
        <styleUrl>#month8_style</styleUrl>
        <Point>
          <coordinates>15.328061,-18.977279,0</coordinates>
        </Point>
      </Placemark>
      <Placemark>
        <name>Sonderkop waterhole - Month 8</name>
        <description>Waterhole: Sonderkop waterhole, Month: 8, Time: 2010-08-11 21:00:00, Lon: 15.332070, Lat: -18.972349</description>
        <styleUrl>#month8_style</styleUrl>
        <Point>
          <coordinates>15.332070,-18.972349,0</coordinates>
        </Point>
      </Placemark>
      <Placemark>
        <name>Sonderkop waterhole - Month 8</name>
        <description>Waterhole: Sonderkop waterhole, Month: 8, Time: 2010-08-11 21:20:00, Lon: 15.327885, Lat: -18.969177</description>
        <styleUrl>#month8_style</styleUrl>
        <Point>
          <coordinates>15.327885,-18.969177,0</coordinates>
        </Point>
      </Placemark>
      <Placemark>
        <name>Sonderkop waterhole - Month 8</name>
        <description>Waterhole: Sonderkop waterhole, Month: 8, Time: 2010-08-11 21:40:00, Lon: 15.330608, Lat: -18.973391</description>
        <styleUrl>#month8_style</styleUrl>
        <Point>
          <coordinates>15.330608,-18.973391,0</coordinates>
        </Point>
      </Placemark>
      <Placemark>
        <name>Duiwelsvuur - Month 8</name>
        <description>Waterhole: Duiwelsvuur, Month: 8, Time: 2010-08-12 15:20:00, Lon: 15.268685, Lat: -18.987671</description>
        <styleUrl>#month8_style</styleUrl>
        <Point>
          <coordinates>15.268685,-18.987671,0</coordinates>
        </Point>
      </Placemark>
      <Placemark>
        <name>Duiwelsvuur - Month 8</name>
        <description>Waterhole: Duiwelsvuur, Month: 8, Time: 2010-08-12 15:40:00, Lon: 15.260057, Lat: -18.987716</description>
        <styleUrl>#month8_style</styleUrl>
        <Point>
          <coordinates>15.260057,-18.987716,0</coordinates>
        </Point>
      </Placemark>
      <Placemark>
        <name>Duiwelsvuur - Month 8</name>
        <description>Waterhole: Duiwelsvuur, Month: 8, Time: 2010-08-12 16:00:00, Lon: 15.259397, Lat: -18.987612</description>
        <styleUrl>#month8_style</styleUrl>
        <Point>
          <coordinates>15.259397,-18.987612,0</coordinates>
        </Point>
      </Placemark>
      <Placemark>
        <name>Duiwelsvuur - Month 8</name>
        <description>Waterhole: Duiwelsvuur, Month: 8, Time: 2010-08-12 16:20:00, Lon: 15.259728, Lat: -18.987689</description>
        <styleUrl>#month8_style</styleUrl>
        <Point>
          <coordinates>15.259728,-18.987689,0</coordinates>
        </Point>
      </Placemark>
      <Placemark>
        <name>Duiwelsvuur - Month 8</name>
        <description>Waterhole: Duiwelsvuur, Month: 8, Time: 2010-08-12 16:40:00, Lon: 15.262759, Lat: -18.991581</description>
        <styleUrl>#month8_style</styleUrl>
        <Point>
          <coordinates>15.262759,-18.991581,0</coordinates>
        </Point>
      </Placemark>
      <Placemark>
        <name>Duiwelsvuur - Month 8</name>
        <description>Waterhole: Duiwelsvuur, Month: 8, Time: 2010-08-13 11:20:00, Lon: 15.262984, Lat: -18.992037</description>
        <styleUrl>#month8_style</styleUrl>
        <Point>
          <coordinates>15.262984,-18.992037,0</coordinates>
        </Point>
      </Placemark>
      <Placemark>
        <name>Duiwelsvuur - Month 8</name>
        <description>Waterhole: Duiwelsvuur, Month: 8, Time: 2010-08-13 11:40:00, Lon: 15.259688, Lat: -18.987598</description>
        <styleUrl>#month8_style</styleUrl>
        <Point>
          <coordinates>15.259688,-18.987598,0</coordinates>
        </Point>
      </Placemark>
      <Placemark>
        <name>Duiwelsvuur - Month 8</name>
        <description>Waterhole: Duiwelsvuur, Month: 8, Time: 2010-08-13 12:00:00, Lon: 15.259710, Lat: -18.987653</description>
        <styleUrl>#month8_style</styleUrl>
        <Point>
          <coordinates>15.259710,-18.987653,0</coordinates>
        </Point>
      </Placemark>
      <Placemark>
        <name>Duiwelsvuur - Month 8</name>
        <description>Waterhole: Duiwelsvuur, Month: 8, Time: 2010-08-13 12:20:00, Lon: 15.259669, Lat: -18.987655</description>
        <styleUrl>#month8_style</styleUrl>
        <Point>
          <coordinates>15.259669,-18.987655,0</coordinates>
        </Point>
      </Placemark>
      <Placemark>
        <name>Duiwelsvuur - Month 8</name>
        <description>Waterhole: Duiwelsvuur, Month: 8, Time: 2010-08-13 12:40:00, Lon: 15.259786, Lat: -18.987663</description>
        <styleUrl>#month8_style</styleUrl>
        <Point>
          <coordinates>15.259786,-18.987663,0</coordinates>
        </Point>
      </Placemark>
      <Placemark>
        <name>Duiwelsvuur - Month 8</name>
        <description>Waterhole: Duiwelsvuur, Month: 8, Time: 2010-08-13 13:00:00, Lon: 15.259736, Lat: -18.987701</description>
        <styleUrl>#month8_style</styleUrl>
        <Point>
          <coordinates>15.259736,-18.987701,0</coordinates>
        </Point>
      </Placemark>
      <Placemark>
        <name>Duiwelsvuur - Month 8</name>
        <description>Waterhole: Duiwelsvuur, Month: 8, Time: 2010-08-13 13:20:00, Lon: 15.259743, Lat: -18.987596</description>
        <styleUrl>#month8_style</styleUrl>
        <Point>
          <coordinates>15.259743,-18.987596,0</coordinates>
        </Point>
      </Placemark>
      <Placemark>
        <name>Duiwelsvuur - Month 8</name>
        <description>Waterhole: Duiwelsvuur, Month: 8, Time: 2010-08-13 13:40:00, Lon: 15.259853, Lat: -18.987189</description>
        <styleUrl>#month8_style</styleUrl>
        <Point>
          <coordinates>15.259853,-18.987189,0</coordinates>
        </Point>
      </Placemark>
      <Placemark>
        <name>Duiwelsvuur - Month 8</name>
        <description>Waterhole: Duiwelsvuur, Month: 8, Time: 2010-08-13 14:00:00, Lon: 15.260736, Lat: -18.984996</description>
        <styleUrl>#month8_style</styleUrl>
        <Point>
          <coordinates>15.260736,-18.984996,0</coordinates>
        </Point>
      </Placemark>
      <Placemark>
        <name>Duiwelsvuur - Month 8</name>
        <description>Waterhole: Duiwelsvuur, Month: 8, Time: 2010-08-13 14:21:00, Lon: 15.260902, Lat: -18.983693</description>
        <styleUrl>#month8_style</styleUrl>
        <Point>
          <coordinates>15.260902,-18.983693,0</coordinates>
        </Point>
      </Placemark>
      <Placemark>
        <name>Duiwelsvuur - Month 8</name>
        <description>Waterhole: Duiwelsvuur, Month: 8, Time: 2010-08-13 14:40:00, Lon: 15.260186, Lat: -18.982312</description>
        <styleUrl>#month8_style</styleUrl>
        <Point>
          <coordinates>15.260186,-18.982312,0</coordinates>
        </Point>
      </Placemark>
      <Placemark>
        <name>Duiwelsvuur - Month 8</name>
        <description>Waterhole: Duiwelsvuur, Month: 8, Time: 2010-08-13 15:00:00, Lon: 15.259511, Lat: -18.981995</description>
        <styleUrl>#month8_style</styleUrl>
        <Point>
          <coordinates>15.259511,-18.981995,0</coordinates>
        </Point>
      </Placemark>
      <Placemark>
        <name>Duiwelsvuur - Month 8</name>
        <description>Waterhole: Duiwelsvuur, Month: 8, Time: 2010-08-13 15:20:00, Lon: 15.259256, Lat: -18.981818</description>
        <styleUrl>#month8_style</styleUrl>
        <Point>
          <coordinates>15.259256,-18.981818,0</coordinates>
        </Point>
      </Placemark>
      <Placemark>
        <name>Duiwelsvuur - Month 8</name>
        <description>Waterhole: Duiwelsvuur, Month: 8, Time: 2010-08-13 15:40:00, Lon: 15.259506, Lat: -18.981433</description>
        <styleUrl>#month8_style</styleUrl>
        <Point>
          <coordinates>15.259506,-18.981433,0</coordinates>
        </Point>
      </Placemark>
      <Placemark>
        <name>Duiwelsvuur - Month 8</name>
        <description>Waterhole: Duiwelsvuur, Month: 8, Time: 2010-08-13 16:00:00, Lon: 15.258569, Lat: -18.981319</description>
        <styleUrl>#month8_style</styleUrl>
        <Point>
          <coordinates>15.258569,-18.981319,0</coordinates>
        </Point>
      </Placemark>
      <Placemark>
        <name>Duiwelsvuur - Month 8</name>
        <description>Waterhole: Duiwelsvuur, Month: 8, Time: 2010-08-13 16:20:00, Lon: 15.257325, Lat: -18.983480</description>
        <styleUrl>#month8_style</styleUrl>
        <Point>
          <coordinates>15.257325,-18.983480,0</coordinates>
        </Point>
      </Placemark>
      <Placemark>
        <name>Duiwelsvuur - Month 8</name>
        <description>Waterhole: Duiwelsvuur, Month: 8, Time: 2010-08-13 16:40:00, Lon: 15.257401, Lat: -18.984220</description>
        <styleUrl>#month8_style</styleUrl>
        <Point>
          <coordinates>15.257401,-18.984220,0</coordinates>
        </Point>
      </Placemark>
      <Placemark>
        <name>Duiwelsvuur - Month 8</name>
        <description>Waterhole: Duiwelsvuur, Month: 8, Time: 2010-08-13 17:00:00, Lon: 15.258122, Lat: -18.986029</description>
        <styleUrl>#month8_style</styleUrl>
        <Point>
          <coordinates>15.258122,-18.986029,0</coordinates>
        </Point>
      </Placemark>
      <Placemark>
        <name>Duiwelsvuur - Month 8</name>
        <description>Waterhole: Duiwelsvuur, Month: 8, Time: 2010-08-13 17:20:00, Lon: 15.259917, Lat: -18.986666</description>
        <styleUrl>#month8_style</styleUrl>
        <Point>
          <coordinates>15.259917,-18.986666,0</coordinates>
        </Point>
      </Placemark>
      <Placemark>
        <name>Duiwelsvuur - Month 8</name>
        <description>Waterhole: Duiwelsvuur, Month: 8, Time: 2010-08-13 17:40:00, Lon: 15.259687, Lat: -18.987659</description>
        <styleUrl>#month8_style</styleUrl>
        <Point>
          <coordinates>15.259687,-18.987659,0</coordinates>
        </Point>
      </Placemark>
      <Placemark>
        <name>Duiwelsvuur - Month 8</name>
        <description>Waterhole: Duiwelsvuur, Month: 8, Time: 2010-08-13 18:00:00, Lon: 15.259601, Lat: -18.987885</description>
        <styleUrl>#month8_style</styleUrl>
        <Point>
          <coordinates>15.259601,-18.987885,0</coordinates>
        </Point>
      </Placemark>
      <Placemark>
        <name>Duiwelsvuur - Month 8</name>
        <description>Waterhole: Duiwelsvuur, Month: 8, Time: 2010-08-13 18:20:00, Lon: 15.259500, Lat: -18.987659</description>
        <styleUrl>#month8_style</styleUrl>
        <Point>
          <coordinates>15.259500,-18.987659,0</coordinates>
        </Point>
      </Placemark>
      <Placemark>
        <name>Duiwelsvuur - Month 8</name>
        <description>Waterhole: Duiwelsvuur, Month: 8, Time: 2010-08-13 18:40:00, Lon: 15.256908, Lat: -18.985427</description>
        <styleUrl>#month8_style</styleUrl>
        <Point>
          <coordinates>15.256908,-18.985427,0</coordinates>
        </Point>
      </Placemark>
      <Placemark>
        <name>Duiwelsvuur - Month 8</name>
        <description>Waterhole: Duiwelsvuur, Month: 8, Time: 2010-08-14 08:20:00, Lon: 15.259963, Lat: -18.983718</description>
        <styleUrl>#month8_style</styleUrl>
        <Point>
          <coordinates>15.259963,-18.983718,0</coordinates>
        </Point>
      </Placemark>
      <Placemark>
        <name>Duiwelsvuur - Month 8</name>
        <description>Waterhole: Duiwelsvuur, Month: 8, Time: 2010-08-14 08:40:00, Lon: 15.259767, Lat: -18.987671</description>
        <styleUrl>#month8_style</styleUrl>
        <Point>
          <coordinates>15.259767,-18.987671,0</coordinates>
        </Point>
      </Placemark>
      <Placemark>
        <name>Duiwelsvuur - Month 8</name>
        <description>Waterhole: Duiwelsvuur, Month: 8, Time: 2010-08-14 09:00:00, Lon: 15.259670, Lat: -18.987620</description>
        <styleUrl>#month8_style</styleUrl>
        <Point>
          <coordinates>15.259670,-18.987620,0</coordinates>
        </Point>
      </Placemark>
      <Placemark>
        <name>Duiwelsvuur - Month 8</name>
        <description>Waterhole: Duiwelsvuur, Month: 8, Time: 2010-08-14 09:20:00, Lon: 15.259075, Lat: -18.985185</description>
        <styleUrl>#month8_style</styleUrl>
        <Point>
          <coordinates>15.259075,-18.985185,0</coordinates>
        </Point>
      </Placemark>
      <Placemark>
        <name>Duiwelsvuur - Month 8</name>
        <description>Waterhole: Duiwelsvuur, Month: 8, Time: 2010-08-14 09:40:00, Lon: 15.259135, Lat: -18.982684</description>
        <styleUrl>#month8_style</styleUrl>
        <Point>
          <coordinates>15.259135,-18.982684,0</coordinates>
        </Point>
      </Placemark>
      <Placemark>
        <name>Duiwelsvuur - Month 8</name>
        <description>Waterhole: Duiwelsvuur, Month: 8, Time: 2010-08-14 10:00:00, Lon: 15.259518, Lat: -18.982928</description>
        <styleUrl>#month8_style</styleUrl>
        <Point>
          <coordinates>15.259518,-18.982928,0</coordinates>
        </Point>
      </Placemark>
      <Placemark>
        <name>Duiwelsvuur - Month 8</name>
        <description>Waterhole: Duiwelsvuur, Month: 8, Time: 2010-08-14 10:20:00, Lon: 15.259604, Lat: -18.983152</description>
        <styleUrl>#month8_style</styleUrl>
        <Point>
          <coordinates>15.259604,-18.983152,0</coordinates>
        </Point>
      </Placemark>
      <Placemark>
        <name>Duiwelsvuur - Month 8</name>
        <description>Waterhole: Duiwelsvuur, Month: 8, Time: 2010-08-14 10:40:00, Lon: 15.259682, Lat: -18.983449</description>
        <styleUrl>#month8_style</styleUrl>
        <Point>
          <coordinates>15.259682,-18.983449,0</coordinates>
        </Point>
      </Placemark>
      <Placemark>
        <name>Duiwelsvuur - Month 8</name>
        <description>Waterhole: Duiwelsvuur, Month: 8, Time: 2010-08-14 11:00:00, Lon: 15.260131, Lat: -18.983940</description>
        <styleUrl>#month8_style</styleUrl>
        <Point>
          <coordinates>15.260131,-18.983940,0</coordinates>
        </Point>
      </Placemark>
      <Placemark>
        <name>Duiwelsvuur - Month 8</name>
        <description>Waterhole: Duiwelsvuur, Month: 8, Time: 2010-08-14 11:20:00, Lon: 15.260162, Lat: -18.984043</description>
        <styleUrl>#month8_style</styleUrl>
        <Point>
          <coordinates>15.260162,-18.984043,0</coordinates>
        </Point>
      </Placemark>
      <Placemark>
        <name>Duiwelsvuur - Month 8</name>
        <description>Waterhole: Duiwelsvuur, Month: 8, Time: 2010-08-14 11:40:00, Lon: 15.259794, Lat: -18.987581</description>
        <styleUrl>#month8_style</styleUrl>
        <Point>
          <coordinates>15.259794,-18.987581,0</coordinates>
        </Point>
      </Placemark>
      <Placemark>
        <name>Duiwelsvuur - Month 8</name>
        <description>Waterhole: Duiwelsvuur, Month: 8, Time: 2010-08-14 12:00:00, Lon: 15.259792, Lat: -18.987614</description>
        <styleUrl>#month8_style</styleUrl>
        <Point>
          <coordinates>15.259792,-18.987614,0</coordinates>
        </Point>
      </Placemark>
      <Placemark>
        <name>Duiwelsvuur - Month 8</name>
        <description>Waterhole: Duiwelsvuur, Month: 8, Time: 2010-08-14 12:20:00, Lon: 15.259802, Lat: -18.987604</description>
        <styleUrl>#month8_style</styleUrl>
        <Point>
          <coordinates>15.259802,-18.987604,0</coordinates>
        </Point>
      </Placemark>
      <Placemark>
        <name>Duiwelsvuur - Month 8</name>
        <description>Waterhole: Duiwelsvuur, Month: 8, Time: 2010-08-14 12:40:00, Lon: 15.259786, Lat: -18.987590</description>
        <styleUrl>#month8_style</styleUrl>
        <Point>
          <coordinates>15.259786,-18.987590,0</coordinates>
        </Point>
      </Placemark>
      <Placemark>
        <name>Duiwelsvuur - Month 8</name>
        <description>Waterhole: Duiwelsvuur, Month: 8, Time: 2010-08-14 13:00:00, Lon: 15.259769, Lat: -18.987610</description>
        <styleUrl>#month8_style</styleUrl>
        <Point>
          <coordinates>15.259769,-18.987610,0</coordinates>
        </Point>
      </Placemark>
      <Placemark>
        <name>Duiwelsvuur - Month 8</name>
        <description>Waterhole: Duiwelsvuur, Month: 8, Time: 2010-08-14 13:20:00, Lon: 15.259686, Lat: -18.987740</description>
        <styleUrl>#month8_style</styleUrl>
        <Point>
          <coordinates>15.259686,-18.987740,0</coordinates>
        </Point>
      </Placemark>
      <Placemark>
        <name>Duiwelsvuur - Month 8</name>
        <description>Waterhole: Duiwelsvuur, Month: 8, Time: 2010-08-14 13:40:00, Lon: 15.259754, Lat: -18.987667</description>
        <styleUrl>#month8_style</styleUrl>
        <Point>
          <coordinates>15.259754,-18.987667,0</coordinates>
        </Point>
      </Placemark>
      <Placemark>
        <name>Duiwelsvuur - Month 8</name>
        <description>Waterhole: Duiwelsvuur, Month: 8, Time: 2010-08-14 14:00:00, Lon: 15.259918, Lat: -18.987917</description>
        <styleUrl>#month8_style</styleUrl>
        <Point>
          <coordinates>15.259918,-18.987917,0</coordinates>
        </Point>
      </Placemark>
      <Placemark>
        <name>Duiwelsvuur - Month 8</name>
        <description>Waterhole: Duiwelsvuur, Month: 8, Time: 2010-08-14 14:20:00, Lon: 15.261425, Lat: -18.986578</description>
        <styleUrl>#month8_style</styleUrl>
        <Point>
          <coordinates>15.261425,-18.986578,0</coordinates>
        </Point>
      </Placemark>
      <Placemark>
        <name>Sonderkop waterhole - Month 8</name>
        <description>Waterhole: Sonderkop waterhole, Month: 8, Time: 2010-08-14 21:20:00, Lon: 15.323436, Lat: -18.968986</description>
        <styleUrl>#month8_style</styleUrl>
        <Point>
          <coordinates>15.323436,-18.968986,0</coordinates>
        </Point>
      </Placemark>
      <Placemark>
        <name>Sonderkop waterhole - Month 8</name>
        <description>Waterhole: Sonderkop waterhole, Month: 8, Time: 2010-08-14 21:40:00, Lon: 15.328712, Lat: -18.968441</description>
        <styleUrl>#month8_style</styleUrl>
        <Point>
          <coordinates>15.328712,-18.968441,0</coordinates>
        </Point>
      </Placemark>
      <Placemark>
        <name>Sonderkop waterhole - Month 8</name>
        <description>Waterhole: Sonderkop waterhole, Month: 8, Time: 2010-08-16 19:20:00, Lon: 15.331425, Lat: -18.976198</description>
        <styleUrl>#month8_style</styleUrl>
        <Point>
          <coordinates>15.331425,-18.976198,0</coordinates>
        </Point>
      </Placemark>
      <Placemark>
        <name>Sonderkop waterhole - Month 8</name>
        <description>Waterhole: Sonderkop waterhole, Month: 8, Time: 2010-08-16 19:40:00, Lon: 15.331507, Lat: -18.976292</description>
        <styleUrl>#month8_style</styleUrl>
        <Point>
          <coordinates>15.331507,-18.976292,0</coordinates>
        </Point>
      </Placemark>
      <Placemark>
        <name>Sonderkop waterhole - Month 8</name>
        <description>Waterhole: Sonderkop waterhole, Month: 8, Time: 2010-08-16 20:00:00, Lon: 15.331525, Lat: -18.976284</description>
        <styleUrl>#month8_style</styleUrl>
        <Point>
          <coordinates>15.331525,-18.976284,0</coordinates>
        </Point>
      </Placemark>
      <Placemark>
        <name>Sonderkop waterhole - Month 8</name>
        <description>Waterhole: Sonderkop waterhole, Month: 8, Time: 2010-08-16 20:20:00, Lon: 15.328446, Lat: -18.975159</description>
        <styleUrl>#month8_style</styleUrl>
        <Point>
          <coordinates>15.328446,-18.975159,0</coordinates>
        </Point>
      </Placemark>
      <Placemark>
        <name>Sonderkop waterhole - Month 8</name>
        <description>Waterhole: Sonderkop waterhole, Month: 8, Time: 2010-08-16 20:40:00, Lon: 15.326254, Lat: -18.973492</description>
        <styleUrl>#month8_style</styleUrl>
        <Point>
          <coordinates>15.326254,-18.973492,0</coordinates>
        </Point>
      </Placemark>
      <Placemark>
        <name>Sonderkop waterhole - Month 8</name>
        <description>Waterhole: Sonderkop waterhole, Month: 8, Time: 2010-08-16 21:00:00, Lon: 15.326225, Lat: -18.973381</description>
        <styleUrl>#month8_style</styleUrl>
        <Point>
          <coordinates>15.326225,-18.973381,0</coordinates>
        </Point>
      </Placemark>
      <Placemark>
        <name>Sonderkop waterhole - Month 8</name>
        <description>Waterhole: Sonderkop waterhole, Month: 8, Time: 2010-08-16 21:20:00, Lon: 15.326241, Lat: -18.973374</description>
        <styleUrl>#month8_style</styleUrl>
        <Point>
          <coordinates>15.326241,-18.973374,0</coordinates>
        </Point>
      </Placemark>
      <Placemark>
        <name>Sonderkop waterhole - Month 8</name>
        <description>Waterhole: Sonderkop waterhole, Month: 8, Time: 2010-08-16 21:40:00, Lon: 15.326250, Lat: -18.973383</description>
        <styleUrl>#month8_style</styleUrl>
        <Point>
          <coordinates>15.326250,-18.973383,0</coordinates>
        </Point>
      </Placemark>
      <Placemark>
        <name>Sonderkop waterhole - Month 8</name>
        <description>Waterhole: Sonderkop waterhole, Month: 8, Time: 2010-08-16 22:00:00, Lon: 15.326490, Lat: -18.973138</description>
        <styleUrl>#month8_style</styleUrl>
        <Point>
          <coordinates>15.326490,-18.973138,0</coordinates>
        </Point>
      </Placemark>
      <Placemark>
        <name>Sonderkop waterhole - Month 8</name>
        <description>Waterhole: Sonderkop waterhole, Month: 8, Time: 2010-08-16 22:20:00, Lon: 15.328294, Lat: -18.972160</description>
        <styleUrl>#month8_style</styleUrl>
        <Point>
          <coordinates>15.328294,-18.972160,0</coordinates>
        </Point>
      </Placemark>
      <Placemark>
        <name>Sonderkop waterhole - Month 8</name>
        <description>Waterhole: Sonderkop waterhole, Month: 8, Time: 2010-08-16 22:40:00, Lon: 15.327967, Lat: -18.973844</description>
        <styleUrl>#month8_style</styleUrl>
        <Point>
          <coordinates>15.327967,-18.973844,0</coordinates>
        </Point>
      </Placemark>
      <Placemark>
        <name>Duiwelsvuur - Month 8</name>
        <description>Waterhole: Duiwelsvuur, Month: 8, Time: 2010-08-17 18:00:00, Lon: 15.261970, Lat: -18.989929</description>
        <styleUrl>#month8_style</styleUrl>
        <Point>
          <coordinates>15.261970,-18.989929,0</coordinates>
        </Point>
      </Placemark>
      <Placemark>
        <name>Duiwelsvuur - Month 8</name>
        <description>Waterhole: Duiwelsvuur, Month: 8, Time: 2010-08-17 18:20:00, Lon: 15.259695, Lat: -18.987657</description>
        <styleUrl>#month8_style</styleUrl>
        <Point>
          <coordinates>15.259695,-18.987657,0</coordinates>
        </Point>
      </Placemark>
      <Placemark>
        <name>Duiwelsvuur - Month 8</name>
        <description>Waterhole: Duiwelsvuur, Month: 8, Time: 2010-08-17 18:40:00, Lon: 15.261242, Lat: -18.986686</description>
        <styleUrl>#month8_style</styleUrl>
        <Point>
          <coordinates>15.261242,-18.986686,0</coordinates>
        </Point>
      </Placemark>
      <Placemark>
        <name>Duiwelsvuur - Month 8</name>
        <description>Waterhole: Duiwelsvuur, Month: 8, Time: 2010-08-17 19:00:00, Lon: 15.267682, Lat: -18.986418</description>
        <styleUrl>#month8_style</styleUrl>
        <Point>
          <coordinates>15.267682,-18.986418,0</coordinates>
        </Point>
      </Placemark>
      <Placemark>
        <name>Duiwelsvuur - Month 8</name>
        <description>Waterhole: Duiwelsvuur, Month: 8, Time: 2010-08-18 00:20:00, Lon: 15.264041, Lat: -18.986873</description>
        <styleUrl>#month8_style</styleUrl>
        <Point>
          <coordinates>15.264041,-18.986873,0</coordinates>
        </Point>
      </Placemark>
      <Placemark>
        <name>Duiwelsvuur - Month 8</name>
        <description>Waterhole: Duiwelsvuur, Month: 8, Time: 2010-08-18 00:40:00, Lon: 15.259737, Lat: -18.987663</description>
        <styleUrl>#month8_style</styleUrl>
        <Point>
          <coordinates>15.259737,-18.987663,0</coordinates>
        </Point>
      </Placemark>
      <Placemark>
        <name>Duiwelsvuur - Month 8</name>
        <description>Waterhole: Duiwelsvuur, Month: 8, Time: 2010-08-18 01:00:00, Lon: 15.259537, Lat: -18.988824</description>
        <styleUrl>#month8_style</styleUrl>
        <Point>
          <coordinates>15.259537,-18.988824,0</coordinates>
        </Point>
      </Placemark>
      <Placemark>
        <name>Duiwelsvuur - Month 8</name>
        <description>Waterhole: Duiwelsvuur, Month: 8, Time: 2010-08-18 01:20:00, Lon: 15.259388, Lat: -18.995188</description>
        <styleUrl>#month8_style</styleUrl>
        <Point>
          <coordinates>15.259388,-18.995188,0</coordinates>
        </Point>
      </Placemark>
      <Placemark>
        <name>Duiwelsvuur - Month 8</name>
        <description>Waterhole: Duiwelsvuur, Month: 8, Time: 2010-08-18 07:20:00, Lon: 15.265610, Lat: -18.995048</description>
        <styleUrl>#month8_style</styleUrl>
        <Point>
          <coordinates>15.265610,-18.995048,0</coordinates>
        </Point>
      </Placemark>
      <Placemark>
        <name>Duiwelsvuur - Month 8</name>
        <description>Waterhole: Duiwelsvuur, Month: 8, Time: 2010-08-18 07:40:00, Lon: 15.265456, Lat: -18.994295</description>
        <styleUrl>#month8_style</styleUrl>
        <Point>
          <coordinates>15.265456,-18.994295,0</coordinates>
        </Point>
      </Placemark>
      <Placemark>
        <name>Duiwelsvuur - Month 8</name>
        <description>Waterhole: Duiwelsvuur, Month: 8, Time: 2010-08-18 08:00:00, Lon: 15.264857, Lat: -18.993068</description>
        <styleUrl>#month8_style</styleUrl>
        <Point>
          <coordinates>15.264857,-18.993068,0</coordinates>
        </Point>
      </Placemark>
      <Placemark>
        <name>Duiwelsvuur - Month 8</name>
        <description>Waterhole: Duiwelsvuur, Month: 8, Time: 2010-08-18 08:20:00, Lon: 15.264500, Lat: -18.992104</description>
        <styleUrl>#month8_style</styleUrl>
        <Point>
          <coordinates>15.264500,-18.992104,0</coordinates>
        </Point>
      </Placemark>
      <Placemark>
        <name>Duiwelsvuur - Month 8</name>
        <description>Waterhole: Duiwelsvuur, Month: 8, Time: 2010-08-18 08:40:00, Lon: 15.260918, Lat: -18.987903</description>
        <styleUrl>#month8_style</styleUrl>
        <Point>
          <coordinates>15.260918,-18.987903,0</coordinates>
        </Point>
      </Placemark>
      <Placemark>
        <name>Duiwelsvuur - Month 8</name>
        <description>Waterhole: Duiwelsvuur, Month: 8, Time: 2010-08-18 09:00:00, Lon: 15.259846, Lat: -18.987699</description>
        <styleUrl>#month8_style</styleUrl>
        <Point>
          <coordinates>15.259846,-18.987699,0</coordinates>
        </Point>
      </Placemark>
      <Placemark>
        <name>Duiwelsvuur - Month 8</name>
        <description>Waterhole: Duiwelsvuur, Month: 8, Time: 2010-08-18 09:20:00, Lon: 15.260041, Lat: -18.987913</description>
        <styleUrl>#month8_style</styleUrl>
        <Point>
          <coordinates>15.260041,-18.987913,0</coordinates>
        </Point>
      </Placemark>
      <Placemark>
        <name>Duiwelsvuur - Month 8</name>
        <description>Waterhole: Duiwelsvuur, Month: 8, Time: 2010-08-18 09:40:00, Lon: 15.260054, Lat: -18.987925</description>
        <styleUrl>#month8_style</styleUrl>
        <Point>
          <coordinates>15.260054,-18.987925,0</coordinates>
        </Point>
      </Placemark>
      <Placemark>
        <name>Duiwelsvuur - Month 8</name>
        <description>Waterhole: Duiwelsvuur, Month: 8, Time: 2010-08-18 10:00:00, Lon: 15.259804, Lat: -18.987760</description>
        <styleUrl>#month8_style</styleUrl>
        <Point>
          <coordinates>15.259804,-18.987760,0</coordinates>
        </Point>
      </Placemark>
      <Placemark>
        <name>Duiwelsvuur - Month 8</name>
        <description>Waterhole: Duiwelsvuur, Month: 8, Time: 2010-08-18 10:20:00, Lon: 15.259664, Lat: -18.987685</description>
        <styleUrl>#month8_style</styleUrl>
        <Point>
          <coordinates>15.259664,-18.987685,0</coordinates>
        </Point>
      </Placemark>
      <Placemark>
        <name>Duiwelsvuur - Month 8</name>
        <description>Waterhole: Duiwelsvuur, Month: 8, Time: 2010-08-18 10:40:00, Lon: 15.259636, Lat: -18.987646</description>
        <styleUrl>#month8_style</styleUrl>
        <Point>
          <coordinates>15.259636,-18.987646,0</coordinates>
        </Point>
      </Placemark>
      <Placemark>
        <name>Duiwelsvuur - Month 8</name>
        <description>Waterhole: Duiwelsvuur, Month: 8, Time: 2010-08-18 11:00:00, Lon: 15.259715, Lat: -18.987671</description>
        <styleUrl>#month8_style</styleUrl>
        <Point>
          <coordinates>15.259715,-18.987671,0</coordinates>
        </Point>
      </Placemark>
      <Placemark>
        <name>Duiwelsvuur - Month 8</name>
        <description>Waterhole: Duiwelsvuur, Month: 8, Time: 2010-08-18 11:20:00, Lon: 15.259708, Lat: -18.987642</description>
        <styleUrl>#month8_style</styleUrl>
        <Point>
          <coordinates>15.259708,-18.987642,0</coordinates>
        </Point>
      </Placemark>
      <Placemark>
        <name>Duiwelsvuur - Month 8</name>
        <description>Waterhole: Duiwelsvuur, Month: 8, Time: 2010-08-18 11:40:00, Lon: 15.259643, Lat: -18.987693</description>
        <styleUrl>#month8_style</styleUrl>
        <Point>
          <coordinates>15.259643,-18.987693,0</coordinates>
        </Point>
      </Placemark>
      <Placemark>
        <name>Duiwelsvuur - Month 8</name>
        <description>Waterhole: Duiwelsvuur, Month: 8, Time: 2010-08-18 12:00:00, Lon: 15.258699, Lat: -18.984357</description>
        <styleUrl>#month8_style</styleUrl>
        <Point>
          <coordinates>15.258699,-18.984357,0</coordinates>
        </Point>
      </Placemark>
      <Placemark>
        <name>Duiwelsvuur - Month 8</name>
        <description>Waterhole: Duiwelsvuur, Month: 8, Time: 2010-08-18 12:20:00, Lon: 15.258311, Lat: -18.982595</description>
        <styleUrl>#month8_style</styleUrl>
        <Point>
          <coordinates>15.258311,-18.982595,0</coordinates>
        </Point>
      </Placemark>
      <Placemark>
        <name>Duiwelsvuur - Month 8</name>
        <description>Waterhole: Duiwelsvuur, Month: 8, Time: 2010-08-18 12:40:00, Lon: 15.258248, Lat: -18.982756</description>
        <styleUrl>#month8_style</styleUrl>
        <Point>
          <coordinates>15.258248,-18.982756,0</coordinates>
        </Point>
      </Placemark>
      <Placemark>
        <name>Duiwelsvuur - Month 8</name>
        <description>Waterhole: Duiwelsvuur, Month: 8, Time: 2010-08-18 13:00:00, Lon: 15.258245, Lat: -18.982747</description>
        <styleUrl>#month8_style</styleUrl>
        <Point>
          <coordinates>15.258245,-18.982747,0</coordinates>
        </Point>
      </Placemark>
      <Placemark>
        <name>Duiwelsvuur - Month 8</name>
        <description>Waterhole: Duiwelsvuur, Month: 8, Time: 2010-08-18 13:20:00, Lon: 15.258252, Lat: -18.982725</description>
        <styleUrl>#month8_style</styleUrl>
        <Point>
          <coordinates>15.258252,-18.982725,0</coordinates>
        </Point>
      </Placemark>
      <Placemark>
        <name>Duiwelsvuur - Month 8</name>
        <description>Waterhole: Duiwelsvuur, Month: 8, Time: 2010-08-18 13:40:00, Lon: 15.258223, Lat: -18.982760</description>
        <styleUrl>#month8_style</styleUrl>
        <Point>
          <coordinates>15.258223,-18.982760,0</coordinates>
        </Point>
      </Placemark>
      <Placemark>
        <name>Duiwelsvuur - Month 8</name>
        <description>Waterhole: Duiwelsvuur, Month: 8, Time: 2010-08-18 14:00:00, Lon: 15.258178, Lat: -18.982741</description>
        <styleUrl>#month8_style</styleUrl>
        <Point>
          <coordinates>15.258178,-18.982741,0</coordinates>
        </Point>
      </Placemark>
      <Placemark>
        <name>Duiwelsvuur - Month 8</name>
        <description>Waterhole: Duiwelsvuur, Month: 8, Time: 2010-08-18 14:20:00, Lon: 15.257966, Lat: -18.982646</description>
        <styleUrl>#month8_style</styleUrl>
        <Point>
          <coordinates>15.257966,-18.982646,0</coordinates>
        </Point>
      </Placemark>
      <Placemark>
        <name>Duiwelsvuur - Month 8</name>
        <description>Waterhole: Duiwelsvuur, Month: 8, Time: 2010-08-18 14:40:00, Lon: 15.257949, Lat: -18.982690</description>
        <styleUrl>#month8_style</styleUrl>
        <Point>
          <coordinates>15.257949,-18.982690,0</coordinates>
        </Point>
      </Placemark>
      <Placemark>
        <name>Duiwelsvuur - Month 8</name>
        <description>Waterhole: Duiwelsvuur, Month: 8, Time: 2010-08-18 15:00:00, Lon: 15.257678, Lat: -18.982867</description>
        <styleUrl>#month8_style</styleUrl>
        <Point>
          <coordinates>15.257678,-18.982867,0</coordinates>
        </Point>
      </Placemark>
      <Placemark>
        <name>Duiwelsvuur - Month 8</name>
        <description>Waterhole: Duiwelsvuur, Month: 8, Time: 2010-08-18 15:20:00, Lon: 15.258227, Lat: -18.984338</description>
        <styleUrl>#month8_style</styleUrl>
        <Point>
          <coordinates>15.258227,-18.984338,0</coordinates>
        </Point>
      </Placemark>
      <Placemark>
        <name>Duiwelsvuur - Month 8</name>
        <description>Waterhole: Duiwelsvuur, Month: 8, Time: 2010-08-18 15:40:00, Lon: 15.259963, Lat: -18.986357</description>
        <styleUrl>#month8_style</styleUrl>
        <Point>
          <coordinates>15.259963,-18.986357,0</coordinates>
        </Point>
      </Placemark>
      <Placemark>
        <name>Duiwelsvuur - Month 8</name>
        <description>Waterhole: Duiwelsvuur, Month: 8, Time: 2010-08-18 16:00:00, Lon: 15.261608, Lat: -18.981781</description>
        <styleUrl>#month8_style</styleUrl>
        <Point>
          <coordinates>15.261608,-18.981781,0</coordinates>
        </Point>
      </Placemark>
      <Placemark>
        <name>Duiwelsvuur - Month 8</name>
        <description>Waterhole: Duiwelsvuur, Month: 8, Time: 2010-08-18 16:20:00, Lon: 15.262443, Lat: -18.979999</description>
        <styleUrl>#month8_style</styleUrl>
        <Point>
          <coordinates>15.262443,-18.979999,0</coordinates>
        </Point>
      </Placemark>
      <Placemark>
        <name>Duiwelsvuur - Month 8</name>
        <description>Waterhole: Duiwelsvuur, Month: 8, Time: 2010-08-19 08:00:00, Lon: 15.265167, Lat: -18.982666</description>
        <styleUrl>#month8_style</styleUrl>
        <Point>
          <coordinates>15.265167,-18.982666,0</coordinates>
        </Point>
      </Placemark>
      <Placemark>
        <name>Duiwelsvuur - Month 8</name>
        <description>Waterhole: Duiwelsvuur, Month: 8, Time: 2010-08-19 08:20:00, Lon: 15.262146, Lat: -18.984839</description>
        <styleUrl>#month8_style</styleUrl>
        <Point>
          <coordinates>15.262146,-18.984839,0</coordinates>
        </Point>
      </Placemark>
      <Placemark>
        <name>Duiwelsvuur - Month 8</name>
        <description>Waterhole: Duiwelsvuur, Month: 8, Time: 2010-08-19 08:40:00, Lon: 15.262154, Lat: -18.984847</description>
        <styleUrl>#month8_style</styleUrl>
        <Point>
          <coordinates>15.262154,-18.984847,0</coordinates>
        </Point>
      </Placemark>
      <Placemark>
        <name>Duiwelsvuur - Month 8</name>
        <description>Waterhole: Duiwelsvuur, Month: 8, Time: 2010-08-19 09:00:00, Lon: 15.260459, Lat: -18.986961</description>
        <styleUrl>#month8_style</styleUrl>
        <Point>
          <coordinates>15.260459,-18.986961,0</coordinates>
        </Point>
      </Placemark>
      <Placemark>
        <name>Duiwelsvuur - Month 8</name>
        <description>Waterhole: Duiwelsvuur, Month: 8, Time: 2010-08-19 09:20:00, Lon: 15.259586, Lat: -18.987634</description>
        <styleUrl>#month8_style</styleUrl>
        <Point>
          <coordinates>15.259586,-18.987634,0</coordinates>
        </Point>
      </Placemark>
      <Placemark>
        <name>Duiwelsvuur - Month 8</name>
        <description>Waterhole: Duiwelsvuur, Month: 8, Time: 2010-08-19 09:40:00, Lon: 15.259719, Lat: -18.987632</description>
        <styleUrl>#month8_style</styleUrl>
        <Point>
          <coordinates>15.259719,-18.987632,0</coordinates>
        </Point>
      </Placemark>
      <Placemark>
        <name>Duiwelsvuur - Month 8</name>
        <description>Waterhole: Duiwelsvuur, Month: 8, Time: 2010-08-19 10:00:00, Lon: 15.259725, Lat: -18.987651</description>
        <styleUrl>#month8_style</styleUrl>
        <Point>
          <coordinates>15.259725,-18.987651,0</coordinates>
        </Point>
      </Placemark>
      <Placemark>
        <name>Duiwelsvuur - Month 8</name>
        <description>Waterhole: Duiwelsvuur, Month: 8, Time: 2010-08-19 10:20:00, Lon: 15.259763, Lat: -18.987590</description>
        <styleUrl>#month8_style</styleUrl>
        <Point>
          <coordinates>15.259763,-18.987590,0</coordinates>
        </Point>
      </Placemark>
      <Placemark>
        <name>Duiwelsvuur - Month 8</name>
        <description>Waterhole: Duiwelsvuur, Month: 8, Time: 2010-08-19 10:40:00, Lon: 15.259718, Lat: -18.987642</description>
        <styleUrl>#month8_style</styleUrl>
        <Point>
          <coordinates>15.259718,-18.987642,0</coordinates>
        </Point>
      </Placemark>
      <Placemark>
        <name>Duiwelsvuur - Month 8</name>
        <description>Waterhole: Duiwelsvuur, Month: 8, Time: 2010-08-19 11:00:00, Lon: 15.259767, Lat: -18.987539</description>
        <styleUrl>#month8_style</styleUrl>
        <Point>
          <coordinates>15.259767,-18.987539,0</coordinates>
        </Point>
      </Placemark>
      <Placemark>
        <name>Duiwelsvuur - Month 8</name>
        <description>Waterhole: Duiwelsvuur, Month: 8, Time: 2010-08-19 11:20:00, Lon: 15.259805, Lat: -18.987742</description>
        <styleUrl>#month8_style</styleUrl>
        <Point>
          <coordinates>15.259805,-18.987742,0</coordinates>
        </Point>
      </Placemark>
      <Placemark>
        <name>Duiwelsvuur - Month 8</name>
        <description>Waterhole: Duiwelsvuur, Month: 8, Time: 2010-08-19 11:40:00, Lon: 15.259630, Lat: -18.987976</description>
        <styleUrl>#month8_style</styleUrl>
        <Point>
          <coordinates>15.259630,-18.987976,0</coordinates>
        </Point>
      </Placemark>
      <Placemark>
        <name>Duiwelsvuur - Month 8</name>
        <description>Waterhole: Duiwelsvuur, Month: 8, Time: 2010-08-19 12:00:00, Lon: 15.259913, Lat: -18.987701</description>
        <styleUrl>#month8_style</styleUrl>
        <Point>
          <coordinates>15.259913,-18.987701,0</coordinates>
        </Point>
      </Placemark>
      <Placemark>
        <name>Duiwelsvuur - Month 8</name>
        <description>Waterhole: Duiwelsvuur, Month: 8, Time: 2010-08-19 12:20:00, Lon: 15.260421, Lat: -18.986173</description>
        <styleUrl>#month8_style</styleUrl>
        <Point>
          <coordinates>15.260421,-18.986173,0</coordinates>
        </Point>
      </Placemark>
      <Placemark>
        <name>Duiwelsvuur - Month 8</name>
        <description>Waterhole: Duiwelsvuur, Month: 8, Time: 2010-08-19 12:40:00, Lon: 15.260641, Lat: -18.985311</description>
        <styleUrl>#month8_style</styleUrl>
        <Point>
          <coordinates>15.260641,-18.985311,0</coordinates>
        </Point>
      </Placemark>
      <Placemark>
        <name>Duiwelsvuur - Month 8</name>
        <description>Waterhole: Duiwelsvuur, Month: 8, Time: 2010-08-19 13:00:00, Lon: 15.260678, Lat: -18.984979</description>
        <styleUrl>#month8_style</styleUrl>
        <Point>
          <coordinates>15.260678,-18.984979,0</coordinates>
        </Point>
      </Placemark>
      <Placemark>
        <name>Duiwelsvuur - Month 8</name>
        <description>Waterhole: Duiwelsvuur, Month: 8, Time: 2010-08-19 13:20:00, Lon: 15.260615, Lat: -18.984902</description>
        <styleUrl>#month8_style</styleUrl>
        <Point>
          <coordinates>15.260615,-18.984902,0</coordinates>
        </Point>
      </Placemark>
      <Placemark>
        <name>Duiwelsvuur - Month 8</name>
        <description>Waterhole: Duiwelsvuur, Month: 8, Time: 2010-08-19 13:40:00, Lon: 15.260710, Lat: -18.984926</description>
        <styleUrl>#month8_style</styleUrl>
        <Point>
          <coordinates>15.260710,-18.984926,0</coordinates>
        </Point>
      </Placemark>
      <Placemark>
        <name>Duiwelsvuur - Month 8</name>
        <description>Waterhole: Duiwelsvuur, Month: 8, Time: 2010-08-19 14:00:00, Lon: 15.260660, Lat: -18.984745</description>
        <styleUrl>#month8_style</styleUrl>
        <Point>
          <coordinates>15.260660,-18.984745,0</coordinates>
        </Point>
      </Placemark>
      <Placemark>
        <name>Duiwelsvuur - Month 8</name>
        <description>Waterhole: Duiwelsvuur, Month: 8, Time: 2010-08-19 14:20:00, Lon: 15.260225, Lat: -18.985087</description>
        <styleUrl>#month8_style</styleUrl>
        <Point>
          <coordinates>15.260225,-18.985087,0</coordinates>
        </Point>
      </Placemark>
      <Placemark>
        <name>Duiwelsvuur - Month 8</name>
        <description>Waterhole: Duiwelsvuur, Month: 8, Time: 2010-08-19 14:40:00, Lon: 15.260234, Lat: -18.985089</description>
        <styleUrl>#month8_style</styleUrl>
        <Point>
          <coordinates>15.260234,-18.985089,0</coordinates>
        </Point>
      </Placemark>
      <Placemark>
        <name>Duiwelsvuur - Month 8</name>
        <description>Waterhole: Duiwelsvuur, Month: 8, Time: 2010-08-19 15:00:00, Lon: 15.260239, Lat: -18.985083</description>
        <styleUrl>#month8_style</styleUrl>
        <Point>
          <coordinates>15.260239,-18.985083,0</coordinates>
        </Point>
      </Placemark>
      <Placemark>
        <name>Duiwelsvuur - Month 8</name>
        <description>Waterhole: Duiwelsvuur, Month: 8, Time: 2010-08-19 15:20:00, Lon: 15.261015, Lat: -18.984686</description>
        <styleUrl>#month8_style</styleUrl>
        <Point>
          <coordinates>15.261015,-18.984686,0</coordinates>
        </Point>
      </Placemark>
      <Placemark>
        <name>Duiwelsvuur - Month 8</name>
        <description>Waterhole: Duiwelsvuur, Month: 8, Time: 2010-08-19 15:40:00, Lon: 15.261786, Lat: -18.984300</description>
        <styleUrl>#month8_style</styleUrl>
        <Point>
          <coordinates>15.261786,-18.984300,0</coordinates>
        </Point>
      </Placemark>
      <Placemark>
        <name>Duiwelsvuur - Month 8</name>
        <description>Waterhole: Duiwelsvuur, Month: 8, Time: 2010-08-19 16:00:00, Lon: 15.263411, Lat: -18.980733</description>
        <styleUrl>#month8_style</styleUrl>
        <Point>
          <coordinates>15.263411,-18.980733,0</coordinates>
        </Point>
      </Placemark>
      <Placemark>
        <name>Duiwelsvuur - Month 8</name>
        <description>Waterhole: Duiwelsvuur, Month: 8, Time: 2010-08-20 09:00:00, Lon: 15.266331, Lat: -18.983773</description>
        <styleUrl>#month8_style</styleUrl>
        <Point>
          <coordinates>15.266331,-18.983773,0</coordinates>
        </Point>
      </Placemark>
      <Placemark>
        <name>Duiwelsvuur - Month 8</name>
        <description>Waterhole: Duiwelsvuur, Month: 8, Time: 2010-08-20 09:20:00, Lon: 15.259720, Lat: -18.987653</description>
        <styleUrl>#month8_style</styleUrl>
        <Point>
          <coordinates>15.259720,-18.987653,0</coordinates>
        </Point>
      </Placemark>
      <Placemark>
        <name>Duiwelsvuur - Month 8</name>
        <description>Waterhole: Duiwelsvuur, Month: 8, Time: 2010-08-20 09:40:00, Lon: 15.259715, Lat: -18.987651</description>
        <styleUrl>#month8_style</styleUrl>
        <Point>
          <coordinates>15.259715,-18.987651,0</coordinates>
        </Point>
      </Placemark>
      <Placemark>
        <name>Duiwelsvuur - Month 8</name>
        <description>Waterhole: Duiwelsvuur, Month: 8, Time: 2010-08-20 10:00:00, Lon: 15.259801, Lat: -18.987671</description>
        <styleUrl>#month8_style</styleUrl>
        <Point>
          <coordinates>15.259801,-18.987671,0</coordinates>
        </Point>
      </Placemark>
      <Placemark>
        <name>Duiwelsvuur - Month 8</name>
        <description>Waterhole: Duiwelsvuur, Month: 8, Time: 2010-08-20 10:20:00, Lon: 15.259726, Lat: -18.987726</description>
        <styleUrl>#month8_style</styleUrl>
        <Point>
          <coordinates>15.259726,-18.987726,0</coordinates>
        </Point>
      </Placemark>
      <Placemark>
        <name>Duiwelsvuur - Month 8</name>
        <description>Waterhole: Duiwelsvuur, Month: 8, Time: 2010-08-20 10:40:00, Lon: 15.259859, Lat: -18.985872</description>
        <styleUrl>#month8_style</styleUrl>
        <Point>
          <coordinates>15.259859,-18.985872,0</coordinates>
        </Point>
      </Placemark>
      <Placemark>
        <name>Duiwelsvuur - Month 8</name>
        <description>Waterhole: Duiwelsvuur, Month: 8, Time: 2010-08-20 11:00:00, Lon: 15.259784, Lat: -18.986041</description>
        <styleUrl>#month8_style</styleUrl>
        <Point>
          <coordinates>15.259784,-18.986041,0</coordinates>
        </Point>
      </Placemark>
      <Placemark>
        <name>Duiwelsvuur - Month 8</name>
        <description>Waterhole: Duiwelsvuur, Month: 8, Time: 2010-08-20 11:20:00, Lon: 15.259667, Lat: -18.987549</description>
        <styleUrl>#month8_style</styleUrl>
        <Point>
          <coordinates>15.259667,-18.987549,0</coordinates>
        </Point>
      </Placemark>
      <Placemark>
        <name>Duiwelsvuur - Month 8</name>
        <description>Waterhole: Duiwelsvuur, Month: 8, Time: 2010-08-20 11:40:00, Lon: 15.260344, Lat: -18.987179</description>
        <styleUrl>#month8_style</styleUrl>
        <Point>
          <coordinates>15.260344,-18.987179,0</coordinates>
        </Point>
      </Placemark>
      <Placemark>
        <name>Duiwelsvuur - Month 8</name>
        <description>Waterhole: Duiwelsvuur, Month: 8, Time: 2010-08-20 12:00:00, Lon: 15.260193, Lat: -18.983923</description>
        <styleUrl>#month8_style</styleUrl>
        <Point>
          <coordinates>15.260193,-18.983923,0</coordinates>
        </Point>
      </Placemark>
      <Placemark>
        <name>Duiwelsvuur - Month 8</name>
        <description>Waterhole: Duiwelsvuur, Month: 8, Time: 2010-08-20 12:20:00, Lon: 15.259733, Lat: -18.981940</description>
        <styleUrl>#month8_style</styleUrl>
        <Point>
          <coordinates>15.259733,-18.981940,0</coordinates>
        </Point>
      </Placemark>
      <Placemark>
        <name>Duiwelsvuur - Month 8</name>
        <description>Waterhole: Duiwelsvuur, Month: 8, Time: 2010-08-20 12:40:00, Lon: 15.259383, Lat: -18.981543</description>
        <styleUrl>#month8_style</styleUrl>
        <Point>
          <coordinates>15.259383,-18.981543,0</coordinates>
        </Point>
      </Placemark>
      <Placemark>
        <name>Duiwelsvuur - Month 8</name>
        <description>Waterhole: Duiwelsvuur, Month: 8, Time: 2010-08-20 13:00:00, Lon: 15.259182, Lat: -18.980387</description>
        <styleUrl>#month8_style</styleUrl>
        <Point>
          <coordinates>15.259182,-18.980387,0</coordinates>
        </Point>
      </Placemark>
      <Placemark>
        <name>Duiwelsvuur - Month 8</name>
        <description>Waterhole: Duiwelsvuur, Month: 8, Time: 2010-08-20 13:20:00, Lon: 15.259366, Lat: -18.980359</description>
        <styleUrl>#month8_style</styleUrl>
        <Point>
          <coordinates>15.259366,-18.980359,0</coordinates>
        </Point>
      </Placemark>
      <Placemark>
        <name>Duiwelsvuur - Month 8</name>
        <description>Waterhole: Duiwelsvuur, Month: 8, Time: 2010-08-20 13:40:00, Lon: 15.259356, Lat: -18.980351</description>
        <styleUrl>#month8_style</styleUrl>
        <Point>
          <coordinates>15.259356,-18.980351,0</coordinates>
        </Point>
      </Placemark>
      <Placemark>
        <name>Duiwelsvuur - Month 8</name>
        <description>Waterhole: Duiwelsvuur, Month: 8, Time: 2010-08-20 14:00:00, Lon: 15.259326, Lat: -18.980337</description>
        <styleUrl>#month8_style</styleUrl>
        <Point>
          <coordinates>15.259326,-18.980337,0</coordinates>
        </Point>
      </Placemark>
      <Placemark>
        <name>Duiwelsvuur - Month 8</name>
        <description>Waterhole: Duiwelsvuur, Month: 8, Time: 2010-08-20 14:20:00, Lon: 15.259595, Lat: -18.980383</description>
        <styleUrl>#month8_style</styleUrl>
        <Point>
          <coordinates>15.259595,-18.980383,0</coordinates>
        </Point>
      </Placemark>
      <Placemark>
        <name>Duiwelsvuur - Month 8</name>
        <description>Waterhole: Duiwelsvuur, Month: 8, Time: 2010-08-20 14:40:00, Lon: 15.260414, Lat: -18.980166</description>
        <styleUrl>#month8_style</styleUrl>
        <Point>
          <coordinates>15.260414,-18.980166,0</coordinates>
        </Point>
      </Placemark>
      <Placemark>
        <name>Duiwelsvuur - Month 8</name>
        <description>Waterhole: Duiwelsvuur, Month: 8, Time: 2010-08-20 15:00:00, Lon: 15.260893, Lat: -18.979989</description>
        <styleUrl>#month8_style</styleUrl>
        <Point>
          <coordinates>15.260893,-18.979989,0</coordinates>
        </Point>
      </Placemark>
      <Placemark>
        <name>Duiwelsvuur - Month 8</name>
        <description>Waterhole: Duiwelsvuur, Month: 8, Time: 2010-08-20 15:20:00, Lon: 15.262392, Lat: -18.979889</description>
        <styleUrl>#month8_style</styleUrl>
        <Point>
          <coordinates>15.262392,-18.979889,0</coordinates>
        </Point>
      </Placemark>
      <Placemark>
        <name>Duiwelsvuur - Month 8</name>
        <description>Waterhole: Duiwelsvuur, Month: 8, Time: 2010-08-20 15:40:00, Lon: 15.262930, Lat: -18.979769</description>
        <styleUrl>#month8_style</styleUrl>
        <Point>
          <coordinates>15.262930,-18.979769,0</coordinates>
        </Point>
      </Placemark>
      <Placemark>
        <name>Duiwelsvuur - Month 8</name>
        <description>Waterhole: Duiwelsvuur, Month: 8, Time: 2010-08-21 09:00:00, Lon: 15.258606, Lat: -18.981940</description>
        <styleUrl>#month8_style</styleUrl>
        <Point>
          <coordinates>15.258606,-18.981940,0</coordinates>
        </Point>
      </Placemark>
      <Placemark>
        <name>Duiwelsvuur - Month 8</name>
        <description>Waterhole: Duiwelsvuur, Month: 8, Time: 2010-08-21 09:20:00, Lon: 15.259708, Lat: -18.987520</description>
        <styleUrl>#month8_style</styleUrl>
        <Point>
          <coordinates>15.259708,-18.987520,0</coordinates>
        </Point>
      </Placemark>
      <Placemark>
        <name>Duiwelsvuur - Month 8</name>
        <description>Waterhole: Duiwelsvuur, Month: 8, Time: 2010-08-21 09:40:00, Lon: 15.259756, Lat: -18.987657</description>
        <styleUrl>#month8_style</styleUrl>
        <Point>
          <coordinates>15.259756,-18.987657,0</coordinates>
        </Point>
      </Placemark>
      <Placemark>
        <name>Duiwelsvuur - Month 8</name>
        <description>Waterhole: Duiwelsvuur, Month: 8, Time: 2010-08-21 10:00:00, Lon: 15.259794, Lat: -18.987777</description>
        <styleUrl>#month8_style</styleUrl>
        <Point>
          <coordinates>15.259794,-18.987777,0</coordinates>
        </Point>
      </Placemark>
      <Placemark>
        <name>Duiwelsvuur - Month 8</name>
        <description>Waterhole: Duiwelsvuur, Month: 8, Time: 2010-08-21 10:20:00, Lon: 15.259830, Lat: -18.987663</description>
        <styleUrl>#month8_style</styleUrl>
        <Point>
          <coordinates>15.259830,-18.987663,0</coordinates>
        </Point>
      </Placemark>
      <Placemark>
        <name>Duiwelsvuur - Month 8</name>
        <description>Waterhole: Duiwelsvuur, Month: 8, Time: 2010-08-21 10:40:00, Lon: 15.259863, Lat: -18.987673</description>
        <styleUrl>#month8_style</styleUrl>
        <Point>
          <coordinates>15.259863,-18.987673,0</coordinates>
        </Point>
      </Placemark>
      <Placemark>
        <name>Duiwelsvuur - Month 8</name>
        <description>Waterhole: Duiwelsvuur, Month: 8, Time: 2010-08-21 11:00:00, Lon: 15.259742, Lat: -18.987856</description>
        <styleUrl>#month8_style</styleUrl>
        <Point>
          <coordinates>15.259742,-18.987856,0</coordinates>
        </Point>
      </Placemark>
      <Placemark>
        <name>Duiwelsvuur - Month 8</name>
        <description>Waterhole: Duiwelsvuur, Month: 8, Time: 2010-08-21 11:20:00, Lon: 15.259747, Lat: -18.987673</description>
        <styleUrl>#month8_style</styleUrl>
        <Point>
          <coordinates>15.259747,-18.987673,0</coordinates>
        </Point>
      </Placemark>
      <Placemark>
        <name>Duiwelsvuur - Month 8</name>
        <description>Waterhole: Duiwelsvuur, Month: 8, Time: 2010-08-21 11:40:00, Lon: 15.261280, Lat: -18.986346</description>
        <styleUrl>#month8_style</styleUrl>
        <Point>
          <coordinates>15.261280,-18.986346,0</coordinates>
        </Point>
      </Placemark>
      <Placemark>
        <name>Duiwelsvuur - Month 8</name>
        <description>Waterhole: Duiwelsvuur, Month: 8, Time: 2010-08-21 12:00:00, Lon: 15.261864, Lat: -18.986981</description>
        <styleUrl>#month8_style</styleUrl>
        <Point>
          <coordinates>15.261864,-18.986981,0</coordinates>
        </Point>
      </Placemark>
      <Placemark>
        <name>Duiwelsvuur - Month 8</name>
        <description>Waterhole: Duiwelsvuur, Month: 8, Time: 2010-08-21 12:20:00, Lon: 15.261830, Lat: -18.987535</description>
        <styleUrl>#month8_style</styleUrl>
        <Point>
          <coordinates>15.261830,-18.987535,0</coordinates>
        </Point>
      </Placemark>
      <Placemark>
        <name>Duiwelsvuur - Month 8</name>
        <description>Waterhole: Duiwelsvuur, Month: 8, Time: 2010-08-21 12:40:00, Lon: 15.259777, Lat: -18.987675</description>
        <styleUrl>#month8_style</styleUrl>
        <Point>
          <coordinates>15.259777,-18.987675,0</coordinates>
        </Point>
      </Placemark>
      <Placemark>
        <name>Duiwelsvuur - Month 8</name>
        <description>Waterhole: Duiwelsvuur, Month: 8, Time: 2010-08-21 13:00:00, Lon: 15.259777, Lat: -18.987661</description>
        <styleUrl>#month8_style</styleUrl>
        <Point>
          <coordinates>15.259777,-18.987661,0</coordinates>
        </Point>
      </Placemark>
      <Placemark>
        <name>Duiwelsvuur - Month 8</name>
        <description>Waterhole: Duiwelsvuur, Month: 8, Time: 2010-08-21 13:20:00, Lon: 15.262226, Lat: -18.987415</description>
        <styleUrl>#month8_style</styleUrl>
        <Point>
          <coordinates>15.262226,-18.987415,0</coordinates>
        </Point>
      </Placemark>
      <Placemark>
        <name>Duiwelsvuur - Month 8</name>
        <description>Waterhole: Duiwelsvuur, Month: 8, Time: 2010-08-21 13:40:00, Lon: 15.262987, Lat: -18.987467</description>
        <styleUrl>#month8_style</styleUrl>
        <Point>
          <coordinates>15.262987,-18.987467,0</coordinates>
        </Point>
      </Placemark>
      <Placemark>
        <name>Duiwelsvuur - Month 8</name>
        <description>Waterhole: Duiwelsvuur, Month: 8, Time: 2010-08-21 14:00:00, Lon: 15.262677, Lat: -18.987392</description>
        <styleUrl>#month8_style</styleUrl>
        <Point>
          <coordinates>15.262677,-18.987392,0</coordinates>
        </Point>
      </Placemark>
      <Placemark>
        <name>Duiwelsvuur - Month 8</name>
        <description>Waterhole: Duiwelsvuur, Month: 8, Time: 2010-08-21 14:20:00, Lon: 15.261670, Lat: -18.987390</description>
        <styleUrl>#month8_style</styleUrl>
        <Point>
          <coordinates>15.261670,-18.987390,0</coordinates>
        </Point>
      </Placemark>
      <Placemark>
        <name>Arendsnes - Month 8</name>
        <description>Waterhole: Arendsnes, Month: 8, Time: 2010-08-21 21:40:00, Lon: 15.408852, Lat: -18.976306</description>
        <styleUrl>#month8_style</styleUrl>
        <Point>
          <coordinates>15.408852,-18.976306,0</coordinates>
        </Point>
      </Placemark>
      <Placemark>
        <name>Ozonjuitji m'Bari - Month 9</name>
        <description>Waterhole: Ozonjuitji m'Bari, Month: 9, Time: 2010-09-12 21:20:00, Lon: 15.504658, Lat: -18.973002</description>
        <styleUrl>#month9_style</styleUrl>
        <Point>
          <coordinates>15.504658,-18.973002,0</coordinates>
        </Point>
      </Placemark>
      <Placemark>
        <name>Ozonjuitji m'Bari - Month 9</name>
        <description>Waterhole: Ozonjuitji m'Bari, Month: 9, Time: 2010-09-12 21:40:00, Lon: 15.506002, Lat: -18.977846</description>
        <styleUrl>#month9_style</styleUrl>
        <Point>
          <coordinates>15.506002,-18.977846,0</coordinates>
        </Point>
      </Placemark>
      <Placemark>
        <name>Gemsbokvlakte - Month 9</name>
        <description>Waterhole: Gemsbokvlakte, Month: 9, Time: 2010-09-17 19:00:00, Lon: 16.055753, Lat: -19.209996</description>
        <styleUrl>#month9_style</styleUrl>
        <Point>
          <coordinates>16.055753,-19.209996,0</coordinates>
        </Point>
      </Placemark>
      <Placemark>
        <name>Gemsbokvlakte - Month 9</name>
        <description>Waterhole: Gemsbokvlakte, Month: 9, Time: 2010-09-17 19:20:00, Lon: 16.057736, Lat: -19.214494</description>
        <styleUrl>#month9_style</styleUrl>
        <Point>
          <coordinates>16.057736,-19.214494,0</coordinates>
        </Point>
      </Placemark>
      <Placemark>
        <name>Gemsbokvlakte - Month 9</name>
        <description>Waterhole: Gemsbokvlakte, Month: 9, Time: 2010-09-20 18:40:00, Lon: 16.057966, Lat: -19.211489</description>
        <styleUrl>#month9_style</styleUrl>
        <Point>
          <coordinates>16.057966,-19.211489,0</coordinates>
        </Point>
      </Placemark>
      <Placemark>
        <name>Gemsbokvlakte - Month 9</name>
        <description>Waterhole: Gemsbokvlakte, Month: 9, Time: 2010-09-20 19:00:00, Lon: 16.059879, Lat: -19.214724</description>
        <styleUrl>#month9_style</styleUrl>
        <Point>
          <coordinates>16.059879,-19.214724,0</coordinates>
        </Point>
      </Placemark>
      <Placemark>
        <name>Gemsbokvlakte - Month 9</name>
        <description>Waterhole: Gemsbokvlakte, Month: 9, Time: 2010-09-21 19:00:00, Lon: 16.062268, Lat: -19.217570</description>
        <styleUrl>#month9_style</styleUrl>
        <Point>
          <coordinates>16.062268,-19.217570,0</coordinates>
        </Point>
      </Placemark>
      <Placemark>
        <name>Gemsbokvlakte - Month 9</name>
        <description>Waterhole: Gemsbokvlakte, Month: 9, Time: 2010-09-21 19:20:00, Lon: 16.056628, Lat: -19.212480</description>
        <styleUrl>#month9_style</styleUrl>
        <Point>
          <coordinates>16.056628,-19.212480,0</coordinates>
        </Point>
      </Placemark>
      <Placemark>
        <name>Gemsbokvlakte - Month 9</name>
        <description>Waterhole: Gemsbokvlakte, Month: 9, Time: 2010-09-26 18:00:00, Lon: 16.053805, Lat: -19.206895</description>
        <styleUrl>#month9_style</styleUrl>
        <Point>
          <coordinates>16.053805,-19.206895,0</coordinates>
        </Point>
      </Placemark>
      <Placemark>
        <name>Gemsbokvlakte - Month 9</name>
        <description>Waterhole: Gemsbokvlakte, Month: 9, Time: 2010-09-26 18:20:00, Lon: 16.058840, Lat: -19.213454</description>
        <styleUrl>#month9_style</styleUrl>
        <Point>
          <coordinates>16.058840,-19.213454,0</coordinates>
        </Point>
      </Placemark>
      <Placemark>
        <name>Gemsbokvlakte - Month 9</name>
        <description>Waterhole: Gemsbokvlakte, Month: 9, Time: 2010-09-26 18:40:00, Lon: 16.061820, Lat: -19.216956</description>
        <styleUrl>#month9_style</styleUrl>
        <Point>
          <coordinates>16.061820,-19.216956,0</coordinates>
        </Point>
      </Placemark>
      <Placemark>
        <name>Olifantsbad Waterhole - Month 9</name>
        <description>Waterhole: Olifantsbad Waterhole, Month: 9, Time: 2010-09-27 11:00:00, Lon: 16.123564, Lat: -19.236029</description>
        <styleUrl>#month9_style</styleUrl>
        <Point>
          <coordinates>16.123564,-19.236029,0</coordinates>
        </Point>
      </Placemark>
      <Placemark>
        <name>Olifantsbad Waterhole - Month 9</name>
        <description>Waterhole: Olifantsbad Waterhole, Month: 9, Time: 2010-09-27 11:20:00, Lon: 16.131127, Lat: -19.238344</description>
        <styleUrl>#month9_style</styleUrl>
        <Point>
          <coordinates>16.131127,-19.238344,0</coordinates>
        </Point>
      </Placemark>
      <Placemark>
        <name>Olifantsbad Waterhole - Month 9</name>
        <description>Waterhole: Olifantsbad Waterhole, Month: 9, Time: 2010-09-27 11:40:00, Lon: 16.131738, Lat: -19.238507</description>
        <styleUrl>#month9_style</styleUrl>
        <Point>
          <coordinates>16.131738,-19.238507,0</coordinates>
        </Point>
      </Placemark>
      <Placemark>
        <name>Olifantsbad Waterhole - Month 9</name>
        <description>Waterhole: Olifantsbad Waterhole, Month: 9, Time: 2010-09-27 12:00:00, Lon: 16.131603, Lat: -19.238745</description>
        <styleUrl>#month9_style</styleUrl>
        <Point>
          <coordinates>16.131603,-19.238745,0</coordinates>
        </Point>
      </Placemark>
      <Placemark>
        <name>Olifantsbad Waterhole - Month 9</name>
        <description>Waterhole: Olifantsbad Waterhole, Month: 9, Time: 2010-09-27 12:20:00, Lon: 16.131595, Lat: -19.238737</description>
        <styleUrl>#month9_style</styleUrl>
        <Point>
          <coordinates>16.131595,-19.238737,0</coordinates>
        </Point>
      </Placemark>
      <Placemark>
        <name>Olifantsbad Waterhole - Month 9</name>
        <description>Waterhole: Olifantsbad Waterhole, Month: 9, Time: 2010-09-27 12:40:00, Lon: 16.131595, Lat: -19.238749</description>
        <styleUrl>#month9_style</styleUrl>
        <Point>
          <coordinates>16.131595,-19.238749,0</coordinates>
        </Point>
      </Placemark>
      <Placemark>
        <name>Olifantsbad Waterhole - Month 9</name>
        <description>Waterhole: Olifantsbad Waterhole, Month: 9, Time: 2010-09-27 13:00:00, Lon: 16.131577, Lat: -19.238723</description>
        <styleUrl>#month9_style</styleUrl>
        <Point>
          <coordinates>16.131577,-19.238723,0</coordinates>
        </Point>
      </Placemark>
      <Placemark>
        <name>Olifantsbad Waterhole - Month 9</name>
        <description>Waterhole: Olifantsbad Waterhole, Month: 9, Time: 2010-09-27 13:20:00, Lon: 16.130233, Lat: -19.237734</description>
        <styleUrl>#month9_style</styleUrl>
        <Point>
          <coordinates>16.130233,-19.237734,0</coordinates>
        </Point>
      </Placemark>
      <Placemark>
        <name>Olifantsbad Waterhole - Month 9</name>
        <description>Waterhole: Olifantsbad Waterhole, Month: 9, Time: 2010-09-27 13:40:00, Lon: 16.126690, Lat: -19.234721</description>
        <styleUrl>#month9_style</styleUrl>
        <Point>
          <coordinates>16.126690,-19.234721,0</coordinates>
        </Point>
      </Placemark>
      <Placemark>
        <name>Olifantsbad Waterhole - Month 9</name>
        <description>Waterhole: Olifantsbad Waterhole, Month: 9, Time: 2010-09-27 14:00:00, Lon: 16.126602, Lat: -19.234690</description>
        <styleUrl>#month9_style</styleUrl>
        <Point>
          <coordinates>16.126602,-19.234690,0</coordinates>
        </Point>
      </Placemark>
      <Placemark>
        <name>Olifantsbad Waterhole - Month 9</name>
        <description>Waterhole: Olifantsbad Waterhole, Month: 9, Time: 2010-09-27 14:20:00, Lon: 16.126234, Lat: -19.234550</description>
        <styleUrl>#month9_style</styleUrl>
        <Point>
          <coordinates>16.126234,-19.234550,0</coordinates>
        </Point>
      </Placemark>
      <Placemark>
        <name>Olifantsbad Waterhole - Month 9</name>
        <description>Waterhole: Olifantsbad Waterhole, Month: 9, Time: 2010-09-27 14:40:00, Lon: 16.125854, Lat: -19.234347</description>
        <styleUrl>#month9_style</styleUrl>
        <Point>
          <coordinates>16.125854,-19.234347,0</coordinates>
        </Point>
      </Placemark>
      <Placemark>
        <name>Gemsbokvlakte - Month 9</name>
        <description>Waterhole: Gemsbokvlakte, Month: 9, Time: 2010-09-28 18:40:00, Lon: 16.064675, Lat: -19.208606</description>
        <styleUrl>#month9_style</styleUrl>
        <Point>
          <coordinates>16.064675,-19.208606,0</coordinates>
        </Point>
      </Placemark>
      <Placemark>
        <name>Gemsbokvlakte - Month 9</name>
        <description>Waterhole: Gemsbokvlakte, Month: 9, Time: 2010-09-28 19:00:00, Lon: 16.058819, Lat: -19.213477</description>
        <styleUrl>#month9_style</styleUrl>
        <Point>
          <coordinates>16.058819,-19.213477,0</coordinates>
        </Point>
      </Placemark>
      <Placemark>
        <name>Gemsbokvlakte - Month 9</name>
        <description>Waterhole: Gemsbokvlakte, Month: 9, Time: 2010-09-28 19:20:00, Lon: 16.058879, Lat: -19.213442</description>
        <styleUrl>#month9_style</styleUrl>
        <Point>
          <coordinates>16.058879,-19.213442,0</coordinates>
        </Point>
      </Placemark>
      <Placemark>
        <name>Gemsbokvlakte - Month 9</name>
        <description>Waterhole: Gemsbokvlakte, Month: 9, Time: 2010-09-28 19:40:00, Lon: 16.062825, Lat: -19.216105</description>
        <styleUrl>#month9_style</styleUrl>
        <Point>
          <coordinates>16.062825,-19.216105,0</coordinates>
        </Point>
      </Placemark>
      <Placemark>
        <name>Olifantsbad Waterhole - Month 9</name>
        <description>Waterhole: Olifantsbad Waterhole, Month: 9, Time: 2010-09-29 03:20:00, Lon: 16.125686, Lat: -19.241634</description>
        <styleUrl>#month9_style</styleUrl>
        <Point>
          <coordinates>16.125686,-19.241634,0</coordinates>
        </Point>
      </Placemark>
      <Placemark>
        <name>Olifantsbad Waterhole - Month 9</name>
        <description>Waterhole: Olifantsbad Waterhole, Month: 9, Time: 2010-09-29 03:40:00, Lon: 16.125587, Lat: -19.238904</description>
        <styleUrl>#month9_style</styleUrl>
        <Point>
          <coordinates>16.125587,-19.238904,0</coordinates>
        </Point>
      </Placemark>
      <Placemark>
        <name>Olifantsbad Waterhole - Month 9</name>
        <description>Waterhole: Olifantsbad Waterhole, Month: 9, Time: 2010-09-29 04:00:00, Lon: 16.124442, Lat: -19.232338</description>
        <styleUrl>#month9_style</styleUrl>
        <Point>
          <coordinates>16.124442,-19.232338,0</coordinates>
        </Point>
      </Placemark>
      <Placemark>
        <name>Gemsbokvlakte - Month 9</name>
        <description>Waterhole: Gemsbokvlakte, Month: 9, Time: 2010-09-29 18:00:00, Lon: 16.059401, Lat: -19.212337</description>
        <styleUrl>#month9_style</styleUrl>
        <Point>
          <coordinates>16.059401,-19.212337,0</coordinates>
        </Point>
      </Placemark>
      <Placemark>
        <name>Gemsbokvlakte - Month 9</name>
        <description>Waterhole: Gemsbokvlakte, Month: 9, Time: 2010-09-29 18:20:00, Lon: 16.058861, Lat: -19.213416</description>
        <styleUrl>#month9_style</styleUrl>
        <Point>
          <coordinates>16.058861,-19.213416,0</coordinates>
        </Point>
      </Placemark>
      <Placemark>
        <name>Gemsbokvlakte - Month 10</name>
        <description>Waterhole: Gemsbokvlakte, Month: 10, Time: 2010-10-01 19:40:00, Lon: 16.058444, Lat: -19.212443</description>
        <styleUrl>#month10_style</styleUrl>
        <Point>
          <coordinates>16.058444,-19.212443,0</coordinates>
        </Point>
      </Placemark>
      <Placemark>
        <name>Gemsbokvlakte - Month 10</name>
        <description>Waterhole: Gemsbokvlakte, Month: 10, Time: 2010-10-01 20:00:00, Lon: 16.058793, Lat: -19.213285</description>
        <styleUrl>#month10_style</styleUrl>
        <Point>
          <coordinates>16.058793,-19.213285,0</coordinates>
        </Point>
      </Placemark>
      <Placemark>
        <name>Gemsbokvlakte - Month 10</name>
        <description>Waterhole: Gemsbokvlakte, Month: 10, Time: 2010-10-01 20:20:00, Lon: 16.060523, Lat: -19.214891</description>
        <styleUrl>#month10_style</styleUrl>
        <Point>
          <coordinates>16.060523,-19.214891,0</coordinates>
        </Point>
      </Placemark>
      <Placemark>
        <name>Gemsbokvlakte - Month 10</name>
        <description>Waterhole: Gemsbokvlakte, Month: 10, Time: 2010-10-02 15:40:00, Lon: 16.059801, Lat: -19.214567</description>
        <styleUrl>#month10_style</styleUrl>
        <Point>
          <coordinates>16.059801,-19.214567,0</coordinates>
        </Point>
      </Placemark>
      <Placemark>
        <name>Gemsbokvlakte - Month 10</name>
        <description>Waterhole: Gemsbokvlakte, Month: 10, Time: 2010-10-02 16:00:00, Lon: 16.057294, Lat: -19.208610</description>
        <styleUrl>#month10_style</styleUrl>
        <Point>
          <coordinates>16.057294,-19.208610,0</coordinates>
        </Point>
      </Placemark>
      <Placemark>
        <name>Gemsbokvlakte - Month 10</name>
        <description>Waterhole: Gemsbokvlakte, Month: 10, Time: 2010-10-03 20:00:00, Lon: 16.058030, Lat: -19.211633</description>
        <styleUrl>#month10_style</styleUrl>
        <Point>
          <coordinates>16.058030,-19.211633,0</coordinates>
        </Point>
      </Placemark>
      <Placemark>
        <name>Gemsbokvlakte - Month 10</name>
        <description>Waterhole: Gemsbokvlakte, Month: 10, Time: 2010-10-03 20:20:00, Lon: 16.058892, Lat: -19.213397</description>
        <styleUrl>#month10_style</styleUrl>
        <Point>
          <coordinates>16.058892,-19.213397,0</coordinates>
        </Point>
      </Placemark>
      <Placemark>
        <name>Gemsbokvlakte - Month 10</name>
        <description>Waterhole: Gemsbokvlakte, Month: 10, Time: 2010-10-03 20:40:00, Lon: 16.058762, Lat: -19.213114</description>
        <styleUrl>#month10_style</styleUrl>
        <Point>
          <coordinates>16.058762,-19.213114,0</coordinates>
        </Point>
      </Placemark>
      <Placemark>
        <name>Gemsbokvlakte - Month 10</name>
        <description>Waterhole: Gemsbokvlakte, Month: 10, Time: 2010-10-03 21:00:00, Lon: 16.053196, Lat: -19.211489</description>
        <styleUrl>#month10_style</styleUrl>
        <Point>
          <coordinates>16.053196,-19.211489,0</coordinates>
        </Point>
      </Placemark>
      <Placemark>
        <name>Gemsbokvlakte - Month 10</name>
        <description>Waterhole: Gemsbokvlakte, Month: 10, Time: 2010-10-06 20:00:00, Lon: 16.057422, Lat: -19.210618</description>
        <styleUrl>#month10_style</styleUrl>
        <Point>
          <coordinates>16.057422,-19.210618,0</coordinates>
        </Point>
      </Placemark>
      <Placemark>
        <name>Gemsbokvlakte - Month 10</name>
        <description>Waterhole: Gemsbokvlakte, Month: 10, Time: 2010-10-06 20:20:00, Lon: 16.058934, Lat: -19.213662</description>
        <styleUrl>#month10_style</styleUrl>
        <Point>
          <coordinates>16.058934,-19.213662,0</coordinates>
        </Point>
      </Placemark>
      <Placemark>
        <name>Gemsbokvlakte - Month 10</name>
        <description>Waterhole: Gemsbokvlakte, Month: 10, Time: 2010-10-06 20:40:00, Lon: 16.062838, Lat: -19.217965</description>
        <styleUrl>#month10_style</styleUrl>
        <Point>
          <coordinates>16.062838,-19.217965,0</coordinates>
        </Point>
      </Placemark>
      <Placemark>
        <name>Olifantsbad Waterhole - Month 10</name>
        <description>Waterhole: Olifantsbad Waterhole, Month: 10, Time: 2010-10-07 11:20:00, Lon: 16.123662, Lat: -19.236023</description>
        <styleUrl>#month10_style</styleUrl>
        <Point>
          <coordinates>16.123662,-19.236023,0</coordinates>
        </Point>
      </Placemark>
      <Placemark>
        <name>Olifantsbad Waterhole - Month 10</name>
        <description>Waterhole: Olifantsbad Waterhole, Month: 10, Time: 2010-10-07 11:40:00, Lon: 16.131565, Lat: -19.238660</description>
        <styleUrl>#month10_style</styleUrl>
        <Point>
          <coordinates>16.131565,-19.238660,0</coordinates>
        </Point>
      </Placemark>
      <Placemark>
        <name>Olifantsbad Waterhole - Month 10</name>
        <description>Waterhole: Olifantsbad Waterhole, Month: 10, Time: 2010-10-07 12:00:00, Lon: 16.131726, Lat: -19.238499</description>
        <styleUrl>#month10_style</styleUrl>
        <Point>
          <coordinates>16.131726,-19.238499,0</coordinates>
        </Point>
      </Placemark>
      <Placemark>
        <name>Olifantsbad Waterhole - Month 10</name>
        <description>Waterhole: Olifantsbad Waterhole, Month: 10, Time: 2010-10-07 12:20:00, Lon: 16.131729, Lat: -19.238503</description>
        <styleUrl>#month10_style</styleUrl>
        <Point>
          <coordinates>16.131729,-19.238503,0</coordinates>
        </Point>
      </Placemark>
      <Placemark>
        <name>Olifantsbad Waterhole - Month 10</name>
        <description>Waterhole: Olifantsbad Waterhole, Month: 10, Time: 2010-10-07 12:40:00, Lon: 16.131722, Lat: -19.238491</description>
        <styleUrl>#month10_style</styleUrl>
        <Point>
          <coordinates>16.131722,-19.238491,0</coordinates>
        </Point>
      </Placemark>
      <Placemark>
        <name>Olifantsbad Waterhole - Month 10</name>
        <description>Waterhole: Olifantsbad Waterhole, Month: 10, Time: 2010-10-07 13:00:00, Lon: 16.131715, Lat: -19.238495</description>
        <styleUrl>#month10_style</styleUrl>
        <Point>
          <coordinates>16.131715,-19.238495,0</coordinates>
        </Point>
      </Placemark>
      <Placemark>
        <name>Olifantsbad Waterhole - Month 10</name>
        <description>Waterhole: Olifantsbad Waterhole, Month: 10, Time: 2010-10-07 13:20:00, Lon: 16.131711, Lat: -19.238503</description>
        <styleUrl>#month10_style</styleUrl>
        <Point>
          <coordinates>16.131711,-19.238503,0</coordinates>
        </Point>
      </Placemark>
      <Placemark>
        <name>Olifantsbad Waterhole - Month 10</name>
        <description>Waterhole: Olifantsbad Waterhole, Month: 10, Time: 2010-10-07 13:40:00, Lon: 16.131577, Lat: -19.237510</description>
        <styleUrl>#month10_style</styleUrl>
        <Point>
          <coordinates>16.131577,-19.237510,0</coordinates>
        </Point>
      </Placemark>
      <Placemark>
        <name>Olifantsbad Waterhole - Month 10</name>
        <description>Waterhole: Olifantsbad Waterhole, Month: 10, Time: 2010-10-07 14:00:00, Lon: 16.129384, Lat: -19.235101</description>
        <styleUrl>#month10_style</styleUrl>
        <Point>
          <coordinates>16.129384,-19.235101,0</coordinates>
        </Point>
      </Placemark>
      <Placemark>
        <name>Olifantsbad Waterhole - Month 10</name>
        <description>Waterhole: Olifantsbad Waterhole, Month: 10, Time: 2010-10-07 14:20:00, Lon: 16.129052, Lat: -19.235028</description>
        <styleUrl>#month10_style</styleUrl>
        <Point>
          <coordinates>16.129052,-19.235028,0</coordinates>
        </Point>
      </Placemark>
      <Placemark>
        <name>Olifantsbad Waterhole - Month 10</name>
        <description>Waterhole: Olifantsbad Waterhole, Month: 10, Time: 2010-10-07 14:40:00, Lon: 16.128572, Lat: -19.234721</description>
        <styleUrl>#month10_style</styleUrl>
        <Point>
          <coordinates>16.128572,-19.234721,0</coordinates>
        </Point>
      </Placemark>
      <Placemark>
        <name>Olifantsbad Waterhole - Month 10</name>
        <description>Waterhole: Olifantsbad Waterhole, Month: 10, Time: 2010-10-07 15:00:00, Lon: 16.127492, Lat: -19.234292</description>
        <styleUrl>#month10_style</styleUrl>
        <Point>
          <coordinates>16.127492,-19.234292,0</coordinates>
        </Point>
      </Placemark>
      <Placemark>
        <name>Olifantsbad Waterhole - Month 10</name>
        <description>Waterhole: Olifantsbad Waterhole, Month: 10, Time: 2010-10-07 15:20:00, Lon: 16.126835, Lat: -19.234094</description>
        <styleUrl>#month10_style</styleUrl>
        <Point>
          <coordinates>16.126835,-19.234094,0</coordinates>
        </Point>
      </Placemark>
      <Placemark>
        <name>Olifantsbad Waterhole - Month 10</name>
        <description>Waterhole: Olifantsbad Waterhole, Month: 10, Time: 2010-10-07 15:40:00, Lon: 16.126304, Lat: -19.233563</description>
        <styleUrl>#month10_style</styleUrl>
        <Point>
          <coordinates>16.126304,-19.233563,0</coordinates>
        </Point>
      </Placemark>
      <Placemark>
        <name>Olifantsbad Waterhole - Month 10</name>
        <description>Waterhole: Olifantsbad Waterhole, Month: 10, Time: 2010-10-07 16:00:00, Lon: 16.126850, Lat: -19.232992</description>
        <styleUrl>#month10_style</styleUrl>
        <Point>
          <coordinates>16.126850,-19.232992,0</coordinates>
        </Point>
      </Placemark>
      <Placemark>
        <name>Olifantsbad Waterhole - Month 10</name>
        <description>Waterhole: Olifantsbad Waterhole, Month: 10, Time: 2010-10-07 16:20:00, Lon: 16.126187, Lat: -19.232015</description>
        <styleUrl>#month10_style</styleUrl>
        <Point>
          <coordinates>16.126187,-19.232015,0</coordinates>
        </Point>
      </Placemark>
      <Placemark>
        <name>Gemsbokvlakte - Month 10</name>
        <description>Waterhole: Gemsbokvlakte, Month: 10, Time: 2010-10-08 15:00:00, Lon: 16.066815, Lat: -19.216890</description>
        <styleUrl>#month10_style</styleUrl>
        <Point>
          <coordinates>16.066815,-19.216890,0</coordinates>
        </Point>
      </Placemark>
      <Placemark>
        <name>Gemsbokvlakte - Month 10</name>
        <description>Waterhole: Gemsbokvlakte, Month: 10, Time: 2010-10-08 15:20:00, Lon: 16.060286, Lat: -19.214250</description>
        <styleUrl>#month10_style</styleUrl>
        <Point>
          <coordinates>16.060286,-19.214250,0</coordinates>
        </Point>
      </Placemark>
      <Placemark>
        <name>Gemsbokvlakte - Month 10</name>
        <description>Waterhole: Gemsbokvlakte, Month: 10, Time: 2010-10-08 15:40:00, Lon: 16.058420, Lat: -19.212427</description>
        <styleUrl>#month10_style</styleUrl>
        <Point>
          <coordinates>16.058420,-19.212427,0</coordinates>
        </Point>
      </Placemark>
      <Placemark>
        <name>Gemsbokvlakte - Month 10</name>
        <description>Waterhole: Gemsbokvlakte, Month: 10, Time: 2010-10-08 16:00:00, Lon: 16.057571, Lat: -19.209009</description>
        <styleUrl>#month10_style</styleUrl>
        <Point>
          <coordinates>16.057571,-19.209009,0</coordinates>
        </Point>
      </Placemark>
      <Placemark>
        <name>Gemsbokvlakte - Month 10</name>
        <description>Waterhole: Gemsbokvlakte, Month: 10, Time: 2010-10-08 16:20:00, Lon: 16.057525, Lat: -19.207977</description>
        <styleUrl>#month10_style</styleUrl>
        <Point>
          <coordinates>16.057525,-19.207977,0</coordinates>
        </Point>
      </Placemark>
      <Placemark>
        <name>Gemsbokvlakte - Month 10</name>
        <description>Waterhole: Gemsbokvlakte, Month: 10, Time: 2010-10-08 16:40:00, Lon: 16.056019, Lat: -19.205337</description>
        <styleUrl>#month10_style</styleUrl>
        <Point>
          <coordinates>16.056019,-19.205337,0</coordinates>
        </Point>
      </Placemark>
      <Placemark>
        <name>Gemsbokvlakte - Month 10</name>
        <description>Waterhole: Gemsbokvlakte, Month: 10, Time: 2010-10-15 20:00:00, Lon: 16.057220, Lat: -19.210329</description>
        <styleUrl>#month10_style</styleUrl>
        <Point>
          <coordinates>16.057220,-19.210329,0</coordinates>
        </Point>
      </Placemark>
      <Placemark>
        <name>Gemsbokvlakte - Month 10</name>
        <description>Waterhole: Gemsbokvlakte, Month: 10, Time: 2010-10-15 20:20:00, Lon: 16.058885, Lat: -19.213359</description>
        <styleUrl>#month10_style</styleUrl>
        <Point>
          <coordinates>16.058885,-19.213359,0</coordinates>
        </Point>
      </Placemark>
      <Placemark>
        <name>Gemsbokvlakte - Month 10</name>
        <description>Waterhole: Gemsbokvlakte, Month: 10, Time: 2010-10-15 20:40:00, Lon: 16.061809, Lat: -19.210376</description>
        <styleUrl>#month10_style</styleUrl>
        <Point>
          <coordinates>16.061809,-19.210376,0</coordinates>
        </Point>
      </Placemark>
      <Placemark>
        <name>Gemsbokvlakte - Month 10</name>
        <description>Waterhole: Gemsbokvlakte, Month: 10, Time: 2010-10-15 21:00:00, Lon: 16.062598, Lat: -19.209007</description>
        <styleUrl>#month10_style</styleUrl>
        <Point>
          <coordinates>16.062598,-19.209007,0</coordinates>
        </Point>
      </Placemark>
      <Placemark>
        <name>Gemsbokvlakte - Month 10</name>
        <description>Waterhole: Gemsbokvlakte, Month: 10, Time: 2010-10-15 21:20:00, Lon: 16.062497, Lat: -19.208250</description>
        <styleUrl>#month10_style</styleUrl>
        <Point>
          <coordinates>16.062497,-19.208250,0</coordinates>
        </Point>
      </Placemark>
      <Placemark>
        <name>Gemsbokvlakte - Month 10</name>
        <description>Waterhole: Gemsbokvlakte, Month: 10, Time: 2010-10-15 21:40:00, Lon: 16.064915, Lat: -19.208531</description>
        <styleUrl>#month10_style</styleUrl>
        <Point>
          <coordinates>16.064915,-19.208531,0</coordinates>
        </Point>
      </Placemark>
      <Placemark>
        <name>Kapupuhedi - Month 10</name>
        <description>Waterhole: Kapupuhedi, Month: 10, Time: 2010-10-17 17:40:00, Lon: 16.078289, Lat: -19.123846</description>
        <styleUrl>#month10_style</styleUrl>
        <Point>
          <coordinates>16.078289,-19.123846,0</coordinates>
        </Point>
      </Placemark>
      <Placemark>
        <name>Kapupuhedi - Month 10</name>
        <description>Waterhole: Kapupuhedi, Month: 10, Time: 2010-10-17 18:00:00, Lon: 16.077863, Lat: -19.124158</description>
        <styleUrl>#month10_style</styleUrl>
        <Point>
          <coordinates>16.077863,-19.124158,0</coordinates>
        </Point>
      </Placemark>
      <Placemark>
        <name>Kapupuhedi - Month 10</name>
        <description>Waterhole: Kapupuhedi, Month: 10, Time: 2010-10-17 18:20:00, Lon: 16.078383, Lat: -19.124713</description>
        <styleUrl>#month10_style</styleUrl>
        <Point>
          <coordinates>16.078383,-19.124713,0</coordinates>
        </Point>
      </Placemark>
      <Placemark>
        <name>Gemsbokvlakte - Month 10</name>
        <description>Waterhole: Gemsbokvlakte, Month: 10, Time: 2010-10-18 00:00:00, Lon: 16.058805, Lat: -19.213302</description>
        <styleUrl>#month10_style</styleUrl>
        <Point>
          <coordinates>16.058805,-19.213302,0</coordinates>
        </Point>
      </Placemark>
      <Placemark>
        <name>Gemsbokvlakte - Month 10</name>
        <description>Waterhole: Gemsbokvlakte, Month: 10, Time: 2010-10-18 00:20:00, Lon: 16.058821, Lat: -19.213387</description>
        <styleUrl>#month10_style</styleUrl>
        <Point>
          <coordinates>16.058821,-19.213387,0</coordinates>
        </Point>
      </Placemark>
      <Placemark>
        <name>Gemsbokvlakte - Month 10</name>
        <description>Waterhole: Gemsbokvlakte, Month: 10, Time: 2010-10-18 00:40:00, Lon: 16.060743, Lat: -19.211106</description>
        <styleUrl>#month10_style</styleUrl>
        <Point>
          <coordinates>16.060743,-19.211106,0</coordinates>
        </Point>
      </Placemark>
      <Placemark>
        <name>Gemsbokvlakte - Month 10</name>
        <description>Waterhole: Gemsbokvlakte, Month: 10, Time: 2010-10-18 09:00:00, Lon: 16.060910, Lat: -19.209473</description>
        <styleUrl>#month10_style</styleUrl>
        <Point>
          <coordinates>16.060910,-19.209473,0</coordinates>
        </Point>
      </Placemark>
      <Placemark>
        <name>Gemsbokvlakte - Month 10</name>
        <description>Waterhole: Gemsbokvlakte, Month: 10, Time: 2010-10-18 09:20:00, Lon: 16.058992, Lat: -19.213357</description>
        <styleUrl>#month10_style</styleUrl>
        <Point>
          <coordinates>16.058992,-19.213357,0</coordinates>
        </Point>
      </Placemark>
      <Placemark>
        <name>Gemsbokvlakte - Month 10</name>
        <description>Waterhole: Gemsbokvlakte, Month: 10, Time: 2010-10-18 09:40:00, Lon: 16.058799, Lat: -19.213322</description>
        <styleUrl>#month10_style</styleUrl>
        <Point>
          <coordinates>16.058799,-19.213322,0</coordinates>
        </Point>
      </Placemark>
      <Placemark>
        <name>Gemsbokvlakte - Month 10</name>
        <description>Waterhole: Gemsbokvlakte, Month: 10, Time: 2010-10-18 10:00:00, Lon: 16.058832, Lat: -19.213464</description>
        <styleUrl>#month10_style</styleUrl>
        <Point>
          <coordinates>16.058832,-19.213464,0</coordinates>
        </Point>
      </Placemark>
      <Placemark>
        <name>Gemsbokvlakte - Month 10</name>
        <description>Waterhole: Gemsbokvlakte, Month: 10, Time: 2010-10-18 10:20:00, Lon: 16.058939, Lat: -19.213320</description>
        <styleUrl>#month10_style</styleUrl>
        <Point>
          <coordinates>16.058939,-19.213320,0</coordinates>
        </Point>
      </Placemark>
      <Placemark>
        <name>Gemsbokvlakte - Month 10</name>
        <description>Waterhole: Gemsbokvlakte, Month: 10, Time: 2010-10-18 10:40:00, Lon: 16.058853, Lat: -19.213232</description>
        <styleUrl>#month10_style</styleUrl>
        <Point>
          <coordinates>16.058853,-19.213232,0</coordinates>
        </Point>
      </Placemark>
      <Placemark>
        <name>Gemsbokvlakte - Month 10</name>
        <description>Waterhole: Gemsbokvlakte, Month: 10, Time: 2010-10-18 11:00:00, Lon: 16.058829, Lat: -19.213241</description>
        <styleUrl>#month10_style</styleUrl>
        <Point>
          <coordinates>16.058829,-19.213241,0</coordinates>
        </Point>
      </Placemark>
      <Placemark>
        <name>Gemsbokvlakte - Month 10</name>
        <description>Waterhole: Gemsbokvlakte, Month: 10, Time: 2010-10-18 11:20:00, Lon: 16.057760, Lat: -19.210128</description>
        <styleUrl>#month10_style</styleUrl>
        <Point>
          <coordinates>16.057760,-19.210128,0</coordinates>
        </Point>
      </Placemark>
      <Placemark>
        <name>Gemsbokvlakte - Month 10</name>
        <description>Waterhole: Gemsbokvlakte, Month: 10, Time: 2010-10-18 11:40:00, Lon: 16.057863, Lat: -19.208925</description>
        <styleUrl>#month10_style</styleUrl>
        <Point>
          <coordinates>16.057863,-19.208925,0</coordinates>
        </Point>
      </Placemark>
      <Placemark>
        <name>Gemsbokvlakte - Month 10</name>
        <description>Waterhole: Gemsbokvlakte, Month: 10, Time: 2010-10-18 12:00:00, Lon: 16.058589, Lat: -19.209141</description>
        <styleUrl>#month10_style</styleUrl>
        <Point>
          <coordinates>16.058589,-19.209141,0</coordinates>
        </Point>
      </Placemark>
      <Placemark>
        <name>Gemsbokvlakte - Month 10</name>
        <description>Waterhole: Gemsbokvlakte, Month: 10, Time: 2010-10-18 12:20:00, Lon: 16.058853, Lat: -19.213420</description>
        <styleUrl>#month10_style</styleUrl>
        <Point>
          <coordinates>16.058853,-19.213420,0</coordinates>
        </Point>
      </Placemark>
      <Placemark>
        <name>Gemsbokvlakte - Month 10</name>
        <description>Waterhole: Gemsbokvlakte, Month: 10, Time: 2010-10-18 12:40:00, Lon: 16.058841, Lat: -19.213222</description>
        <styleUrl>#month10_style</styleUrl>
        <Point>
          <coordinates>16.058841,-19.213222,0</coordinates>
        </Point>
      </Placemark>
      <Placemark>
        <name>Gemsbokvlakte - Month 10</name>
        <description>Waterhole: Gemsbokvlakte, Month: 10, Time: 2010-10-18 13:00:00, Lon: 16.058624, Lat: -19.209831</description>
        <styleUrl>#month10_style</styleUrl>
        <Point>
          <coordinates>16.058624,-19.209831,0</coordinates>
        </Point>
      </Placemark>
      <Placemark>
        <name>Gemsbokvlakte - Month 10</name>
        <description>Waterhole: Gemsbokvlakte, Month: 10, Time: 2010-10-18 13:20:00, Lon: 16.057720, Lat: -19.208490</description>
        <styleUrl>#month10_style</styleUrl>
        <Point>
          <coordinates>16.057720,-19.208490,0</coordinates>
        </Point>
      </Placemark>
      <Placemark>
        <name>Gemsbokvlakte - Month 10</name>
        <description>Waterhole: Gemsbokvlakte, Month: 10, Time: 2010-10-18 13:40:00, Lon: 16.057724, Lat: -19.208488</description>
        <styleUrl>#month10_style</styleUrl>
        <Point>
          <coordinates>16.057724,-19.208488,0</coordinates>
        </Point>
      </Placemark>
      <Placemark>
        <name>Gemsbokvlakte - Month 10</name>
        <description>Waterhole: Gemsbokvlakte, Month: 10, Time: 2010-10-18 14:00:00, Lon: 16.057703, Lat: -19.208492</description>
        <styleUrl>#month10_style</styleUrl>
        <Point>
          <coordinates>16.057703,-19.208492,0</coordinates>
        </Point>
      </Placemark>
      <Placemark>
        <name>Gemsbokvlakte - Month 10</name>
        <description>Waterhole: Gemsbokvlakte, Month: 10, Time: 2010-10-18 14:20:00, Lon: 16.057712, Lat: -19.208502</description>
        <styleUrl>#month10_style</styleUrl>
        <Point>
          <coordinates>16.057712,-19.208502,0</coordinates>
        </Point>
      </Placemark>
      <Placemark>
        <name>Gemsbokvlakte - Month 10</name>
        <description>Waterhole: Gemsbokvlakte, Month: 10, Time: 2010-10-18 14:40:00, Lon: 16.057737, Lat: -19.208539</description>
        <styleUrl>#month10_style</styleUrl>
        <Point>
          <coordinates>16.057737,-19.208539,0</coordinates>
        </Point>
      </Placemark>
      <Placemark>
        <name>Gemsbokvlakte - Month 10</name>
        <description>Waterhole: Gemsbokvlakte, Month: 10, Time: 2010-10-18 15:00:00, Lon: 16.057528, Lat: -19.208643</description>
        <styleUrl>#month10_style</styleUrl>
        <Point>
          <coordinates>16.057528,-19.208643,0</coordinates>
        </Point>
      </Placemark>
      <Placemark>
        <name>Gemsbokvlakte - Month 10</name>
        <description>Waterhole: Gemsbokvlakte, Month: 10, Time: 2010-10-18 15:20:00, Lon: 16.058967, Lat: -19.211707</description>
        <styleUrl>#month10_style</styleUrl>
        <Point>
          <coordinates>16.058967,-19.211707,0</coordinates>
        </Point>
      </Placemark>
      <Placemark>
        <name>Gemsbokvlakte - Month 10</name>
        <description>Waterhole: Gemsbokvlakte, Month: 10, Time: 2010-10-18 15:40:00, Lon: 16.057766, Lat: -19.210760</description>
        <styleUrl>#month10_style</styleUrl>
        <Point>
          <coordinates>16.057766,-19.210760,0</coordinates>
        </Point>
      </Placemark>
      <Placemark>
        <name>Gemsbokvlakte - Month 10</name>
        <description>Waterhole: Gemsbokvlakte, Month: 10, Time: 2010-10-18 16:00:00, Lon: 16.059829, Lat: -19.205035</description>
        <styleUrl>#month10_style</styleUrl>
        <Point>
          <coordinates>16.059829,-19.205035,0</coordinates>
        </Point>
      </Placemark>
      <Placemark>
        <name>Gemsbokvlakte - Month 10</name>
        <description>Waterhole: Gemsbokvlakte, Month: 10, Time: 2010-10-19 20:20:00, Lon: 16.062640, Lat: -19.205542</description>
        <styleUrl>#month10_style</styleUrl>
        <Point>
          <coordinates>16.062640,-19.205542,0</coordinates>
        </Point>
      </Placemark>
      <Placemark>
        <name>Gemsbokvlakte - Month 10</name>
        <description>Waterhole: Gemsbokvlakte, Month: 10, Time: 2010-10-19 20:40:00, Lon: 16.058796, Lat: -19.213352</description>
        <styleUrl>#month10_style</styleUrl>
        <Point>
          <coordinates>16.058796,-19.213352,0</coordinates>
        </Point>
      </Placemark>
      <Placemark>
        <name>Gemsbokvlakte - Month 10</name>
        <description>Waterhole: Gemsbokvlakte, Month: 10, Time: 2010-10-19 21:00:00, Lon: 16.058823, Lat: -19.213472</description>
        <styleUrl>#month10_style</styleUrl>
        <Point>
          <coordinates>16.058823,-19.213472,0</coordinates>
        </Point>
      </Placemark>
      <Placemark>
        <name>Gemsbokvlakte - Month 10</name>
        <description>Waterhole: Gemsbokvlakte, Month: 10, Time: 2010-10-19 21:20:00, Lon: 16.065296, Lat: -19.207402</description>
        <styleUrl>#month10_style</styleUrl>
        <Point>
          <coordinates>16.065296,-19.207402,0</coordinates>
        </Point>
      </Placemark>
      <Placemark>
        <name>Gemsbokvlakte - Month 10</name>
        <description>Waterhole: Gemsbokvlakte, Month: 10, Time: 2010-10-20 21:00:00, Lon: 16.067535, Lat: -19.210718</description>
        <styleUrl>#month10_style</styleUrl>
        <Point>
          <coordinates>16.067535,-19.210718,0</coordinates>
        </Point>
      </Placemark>
      <Placemark>
        <name>Gemsbokvlakte - Month 10</name>
        <description>Waterhole: Gemsbokvlakte, Month: 10, Time: 2010-10-20 21:20:00, Lon: 16.058814, Lat: -19.213420</description>
        <styleUrl>#month10_style</styleUrl>
        <Point>
          <coordinates>16.058814,-19.213420,0</coordinates>
        </Point>
      </Placemark>
      <Placemark>
        <name>Gemsbokvlakte - Month 10</name>
        <description>Waterhole: Gemsbokvlakte, Month: 10, Time: 2010-10-20 21:40:00, Lon: 16.058918, Lat: -19.213224</description>
        <styleUrl>#month10_style</styleUrl>
        <Point>
          <coordinates>16.058918,-19.213224,0</coordinates>
        </Point>
      </Placemark>
      <Placemark>
        <name>Gemsbokvlakte - Month 10</name>
        <description>Waterhole: Gemsbokvlakte, Month: 10, Time: 2010-10-20 22:00:00, Lon: 16.062219, Lat: -19.206413</description>
        <styleUrl>#month10_style</styleUrl>
        <Point>
          <coordinates>16.062219,-19.206413,0</coordinates>
        </Point>
      </Placemark>
      <Placemark>
        <name>Gemsbokvlakte - Month 10</name>
        <description>Waterhole: Gemsbokvlakte, Month: 10, Time: 2010-10-21 21:20:00, Lon: 16.061526, Lat: -19.207953</description>
        <styleUrl>#month10_style</styleUrl>
        <Point>
          <coordinates>16.061526,-19.207953,0</coordinates>
        </Point>
      </Placemark>
      <Placemark>
        <name>Gemsbokvlakte - Month 10</name>
        <description>Waterhole: Gemsbokvlakte, Month: 10, Time: 2010-10-21 21:40:00, Lon: 16.058824, Lat: -19.213475</description>
        <styleUrl>#month10_style</styleUrl>
        <Point>
          <coordinates>16.058824,-19.213475,0</coordinates>
        </Point>
      </Placemark>
      <Placemark>
        <name>Gemsbokvlakte - Month 10</name>
        <description>Waterhole: Gemsbokvlakte, Month: 10, Time: 2010-10-21 22:00:00, Lon: 16.063041, Lat: -19.209816</description>
        <styleUrl>#month10_style</styleUrl>
        <Point>
          <coordinates>16.063041,-19.209816,0</coordinates>
        </Point>
      </Placemark>
      <Placemark>
        <name>Olifantsbad Waterhole - Month 10</name>
        <description>Waterhole: Olifantsbad Waterhole, Month: 10, Time: 2010-10-23 09:20:00, Lon: 16.127466, Lat: -19.230501</description>
        <styleUrl>#month10_style</styleUrl>
        <Point>
          <coordinates>16.127466,-19.230501,0</coordinates>
        </Point>
      </Placemark>
      <Placemark>
        <name>Olifantsbad Waterhole - Month 10</name>
        <description>Waterhole: Olifantsbad Waterhole, Month: 10, Time: 2010-10-23 09:40:00, Lon: 16.131724, Lat: -19.238507</description>
        <styleUrl>#month10_style</styleUrl>
        <Point>
          <coordinates>16.131724,-19.238507,0</coordinates>
        </Point>
      </Placemark>
      <Placemark>
        <name>Olifantsbad Waterhole - Month 10</name>
        <description>Waterhole: Olifantsbad Waterhole, Month: 10, Time: 2010-10-23 10:00:00, Lon: 16.131583, Lat: -19.238733</description>
        <styleUrl>#month10_style</styleUrl>
        <Point>
          <coordinates>16.131583,-19.238733,0</coordinates>
        </Point>
      </Placemark>
      <Placemark>
        <name>Olifantsbad Waterhole - Month 10</name>
        <description>Waterhole: Olifantsbad Waterhole, Month: 10, Time: 2010-10-23 10:20:00, Lon: 16.131580, Lat: -19.238737</description>
        <styleUrl>#month10_style</styleUrl>
        <Point>
          <coordinates>16.131580,-19.238737,0</coordinates>
        </Point>
      </Placemark>
      <Placemark>
        <name>Olifantsbad Waterhole - Month 10</name>
        <description>Waterhole: Olifantsbad Waterhole, Month: 10, Time: 2010-10-23 10:40:00, Lon: 16.131590, Lat: -19.238727</description>
        <styleUrl>#month10_style</styleUrl>
        <Point>
          <coordinates>16.131590,-19.238727,0</coordinates>
        </Point>
      </Placemark>
      <Placemark>
        <name>Olifantsbad Waterhole - Month 10</name>
        <description>Waterhole: Olifantsbad Waterhole, Month: 10, Time: 2010-10-23 11:00:00, Lon: 16.131600, Lat: -19.238715</description>
        <styleUrl>#month10_style</styleUrl>
        <Point>
          <coordinates>16.131600,-19.238715,0</coordinates>
        </Point>
      </Placemark>
      <Placemark>
        <name>Olifantsbad Waterhole - Month 10</name>
        <description>Waterhole: Olifantsbad Waterhole, Month: 10, Time: 2010-10-23 11:20:00, Lon: 16.131583, Lat: -19.238731</description>
        <styleUrl>#month10_style</styleUrl>
        <Point>
          <coordinates>16.131583,-19.238731,0</coordinates>
        </Point>
      </Placemark>
      <Placemark>
        <name>Olifantsbad Waterhole - Month 10</name>
        <description>Waterhole: Olifantsbad Waterhole, Month: 10, Time: 2010-10-23 11:40:00, Lon: 16.131487, Lat: -19.238680</description>
        <styleUrl>#month10_style</styleUrl>
        <Point>
          <coordinates>16.131487,-19.238680,0</coordinates>
        </Point>
      </Placemark>
      <Placemark>
        <name>Olifantsbad Waterhole - Month 10</name>
        <description>Waterhole: Olifantsbad Waterhole, Month: 10, Time: 2010-10-23 12:00:00, Lon: 16.131715, Lat: -19.238493</description>
        <styleUrl>#month10_style</styleUrl>
        <Point>
          <coordinates>16.131715,-19.238493,0</coordinates>
        </Point>
      </Placemark>
      <Placemark>
        <name>Olifantsbad Waterhole - Month 10</name>
        <description>Waterhole: Olifantsbad Waterhole, Month: 10, Time: 2010-10-23 12:20:00, Lon: 16.128875, Lat: -19.236857</description>
        <styleUrl>#month10_style</styleUrl>
        <Point>
          <coordinates>16.128875,-19.236857,0</coordinates>
        </Point>
      </Placemark>
      <Placemark>
        <name>Olifantsbad Waterhole - Month 10</name>
        <description>Waterhole: Olifantsbad Waterhole, Month: 10, Time: 2010-10-23 12:40:00, Lon: 16.127752, Lat: -19.236108</description>
        <styleUrl>#month10_style</styleUrl>
        <Point>
          <coordinates>16.127752,-19.236108,0</coordinates>
        </Point>
      </Placemark>
      <Placemark>
        <name>Olifantsbad Waterhole - Month 10</name>
        <description>Waterhole: Olifantsbad Waterhole, Month: 10, Time: 2010-10-23 13:00:00, Lon: 16.127715, Lat: -19.235820</description>
        <styleUrl>#month10_style</styleUrl>
        <Point>
          <coordinates>16.127715,-19.235820,0</coordinates>
        </Point>
      </Placemark>
      <Placemark>
        <name>Olifantsbad Waterhole - Month 10</name>
        <description>Waterhole: Olifantsbad Waterhole, Month: 10, Time: 2010-10-23 13:20:00, Lon: 16.128575, Lat: -19.235917</description>
        <styleUrl>#month10_style</styleUrl>
        <Point>
          <coordinates>16.128575,-19.235917,0</coordinates>
        </Point>
      </Placemark>
      <Placemark>
        <name>Olifantsbad Waterhole - Month 10</name>
        <description>Waterhole: Olifantsbad Waterhole, Month: 10, Time: 2010-10-23 13:40:00, Lon: 16.128574, Lat: -19.235897</description>
        <styleUrl>#month10_style</styleUrl>
        <Point>
          <coordinates>16.128574,-19.235897,0</coordinates>
        </Point>
      </Placemark>
      <Placemark>
        <name>Olifantsbad Waterhole - Month 10</name>
        <description>Waterhole: Olifantsbad Waterhole, Month: 10, Time: 2010-10-23 14:00:00, Lon: 16.128565, Lat: -19.235909</description>
        <styleUrl>#month10_style</styleUrl>
        <Point>
          <coordinates>16.128565,-19.235909,0</coordinates>
        </Point>
      </Placemark>
      <Placemark>
        <name>Olifantsbad Waterhole - Month 10</name>
        <description>Waterhole: Olifantsbad Waterhole, Month: 10, Time: 2010-10-23 14:20:00, Lon: 16.128622, Lat: -19.236108</description>
        <styleUrl>#month10_style</styleUrl>
        <Point>
          <coordinates>16.128622,-19.236108,0</coordinates>
        </Point>
      </Placemark>
      <Placemark>
        <name>Olifantsbad Waterhole - Month 10</name>
        <description>Waterhole: Olifantsbad Waterhole, Month: 10, Time: 2010-10-23 14:40:00, Lon: 16.130076, Lat: -19.236664</description>
        <styleUrl>#month10_style</styleUrl>
        <Point>
          <coordinates>16.130076,-19.236664,0</coordinates>
        </Point>
      </Placemark>
      <Placemark>
        <name>Olifantsbad Waterhole - Month 10</name>
        <description>Waterhole: Olifantsbad Waterhole, Month: 10, Time: 2010-10-23 15:00:00, Lon: 16.131590, Lat: -19.238739</description>
        <styleUrl>#month10_style</styleUrl>
        <Point>
          <coordinates>16.131590,-19.238739,0</coordinates>
        </Point>
      </Placemark>
      <Placemark>
        <name>Olifantsbad Waterhole - Month 10</name>
        <description>Waterhole: Olifantsbad Waterhole, Month: 10, Time: 2010-10-23 15:20:00, Lon: 16.133598, Lat: -19.237543</description>
        <styleUrl>#month10_style</styleUrl>
        <Point>
          <coordinates>16.133598,-19.237543,0</coordinates>
        </Point>
      </Placemark>
      <Placemark>
        <name>Olifantsbad Waterhole - Month 10</name>
        <description>Waterhole: Olifantsbad Waterhole, Month: 10, Time: 2010-10-23 15:40:00, Lon: 16.136425, Lat: -19.234483</description>
        <styleUrl>#month10_style</styleUrl>
        <Point>
          <coordinates>16.136425,-19.234483,0</coordinates>
        </Point>
      </Placemark>
      <Placemark>
        <name>Gemsbokvlakte - Month 10</name>
        <description>Waterhole: Gemsbokvlakte, Month: 10, Time: 2010-10-24 18:40:00, Lon: 16.066853, Lat: -19.208105</description>
        <styleUrl>#month10_style</styleUrl>
        <Point>
          <coordinates>16.066853,-19.208105,0</coordinates>
        </Point>
      </Placemark>
      <Placemark>
        <name>Gemsbokvlakte - Month 10</name>
        <description>Waterhole: Gemsbokvlakte, Month: 10, Time: 2010-10-24 19:00:00, Lon: 16.058776, Lat: -19.213300</description>
        <styleUrl>#month10_style</styleUrl>
        <Point>
          <coordinates>16.058776,-19.213300,0</coordinates>
        </Point>
      </Placemark>
      <Placemark>
        <name>Gemsbokvlakte - Month 10</name>
        <description>Waterhole: Gemsbokvlakte, Month: 10, Time: 2010-10-24 19:20:00, Lon: 16.055272, Lat: -19.208215</description>
        <styleUrl>#month10_style</styleUrl>
        <Point>
          <coordinates>16.055272,-19.208215,0</coordinates>
        </Point>
      </Placemark>
      <Placemark>
        <name>Gemsbokvlakte - Month 10</name>
        <description>Waterhole: Gemsbokvlakte, Month: 10, Time: 2010-10-27 22:20:00, Lon: 16.054680, Lat: -19.214773</description>
        <styleUrl>#month10_style</styleUrl>
        <Point>
          <coordinates>16.054680,-19.214773,0</coordinates>
        </Point>
      </Placemark>
      <Placemark>
        <name>Gemsbokvlakte - Month 10</name>
        <description>Waterhole: Gemsbokvlakte, Month: 10, Time: 2010-10-27 22:40:00, Lon: 16.058810, Lat: -19.213324</description>
        <styleUrl>#month10_style</styleUrl>
        <Point>
          <coordinates>16.058810,-19.213324,0</coordinates>
        </Point>
      </Placemark>
      <Placemark>
        <name>Gemsbokvlakte - Month 10</name>
        <description>Waterhole: Gemsbokvlakte, Month: 10, Time: 2010-10-27 23:00:00, Lon: 16.058867, Lat: -19.213363</description>
        <styleUrl>#month10_style</styleUrl>
        <Point>
          <coordinates>16.058867,-19.213363,0</coordinates>
        </Point>
      </Placemark>
      <Placemark>
        <name>Gemsbokvlakte - Month 10</name>
        <description>Waterhole: Gemsbokvlakte, Month: 10, Time: 2010-10-27 23:20:00, Lon: 16.063679, Lat: -19.209074</description>
        <styleUrl>#month10_style</styleUrl>
        <Point>
          <coordinates>16.063679,-19.209074,0</coordinates>
        </Point>
      </Placemark>
      <Placemark>
        <name>Gemsbokvlakte - Month 10</name>
        <description>Waterhole: Gemsbokvlakte, Month: 10, Time: 2010-10-28 22:00:00, Lon: 16.060219, Lat: -19.210771</description>
        <styleUrl>#month10_style</styleUrl>
        <Point>
          <coordinates>16.060219,-19.210771,0</coordinates>
        </Point>
      </Placemark>
      <Placemark>
        <name>Gemsbokvlakte - Month 10</name>
        <description>Waterhole: Gemsbokvlakte, Month: 10, Time: 2010-10-28 22:20:00, Lon: 16.058838, Lat: -19.213340</description>
        <styleUrl>#month10_style</styleUrl>
        <Point>
          <coordinates>16.058838,-19.213340,0</coordinates>
        </Point>
      </Placemark>
      <Placemark>
        <name>Gemsbokvlakte - Month 10</name>
        <description>Waterhole: Gemsbokvlakte, Month: 10, Time: 2010-10-28 22:40:00, Lon: 16.058833, Lat: -19.213354</description>
        <styleUrl>#month10_style</styleUrl>
        <Point>
          <coordinates>16.058833,-19.213354,0</coordinates>
        </Point>
      </Placemark>
      <Placemark>
        <name>Gemsbokvlakte - Month 10</name>
        <description>Waterhole: Gemsbokvlakte, Month: 10, Time: 2010-10-28 23:00:00, Lon: 16.054680, Lat: -19.211924</description>
        <styleUrl>#month10_style</styleUrl>
        <Point>
          <coordinates>16.054680,-19.211924,0</coordinates>
        </Point>
      </Placemark>
      <Placemark>
        <name>Ombika - Month 11</name>
        <description>Waterhole: Ombika, Month: 11, Time: 2010-11-14 18:40:00, Lon: 15.941747, Lat: -19.314355</description>
        <styleUrl>#month11_style</styleUrl>
        <Point>
          <coordinates>15.941747,-19.314355,0</coordinates>
        </Point>
      </Placemark>
      <Placemark>
        <name>Ombika - Month 11</name>
        <description>Waterhole: Ombika, Month: 11, Time: 2010-11-14 19:00:00, Lon: 15.941313, Lat: -19.315977</description>
        <styleUrl>#month11_style</styleUrl>
        <Point>
          <coordinates>15.941313,-19.315977,0</coordinates>
        </Point>
      </Placemark>
      <Placemark>
        <name>Ombika - Month 11</name>
        <description>Waterhole: Ombika, Month: 11, Time: 2010-11-14 19:20:00, Lon: 15.941267, Lat: -19.314891</description>
        <styleUrl>#month11_style</styleUrl>
        <Point>
          <coordinates>15.941267,-19.314891,0</coordinates>
        </Point>
      </Placemark>
      <Placemark>
        <name>Ombika - Month 11</name>
        <description>Waterhole: Ombika, Month: 11, Time: 2010-11-14 19:40:00, Lon: 15.941213, Lat: -19.314876</description>
        <styleUrl>#month11_style</styleUrl>
        <Point>
          <coordinates>15.941213,-19.314876,0</coordinates>
        </Point>
      </Placemark>
      <Placemark>
        <name>Ombika - Month 11</name>
        <description>Waterhole: Ombika, Month: 11, Time: 2010-11-14 20:00:00, Lon: 15.941018, Lat: -19.314882</description>
        <styleUrl>#month11_style</styleUrl>
        <Point>
          <coordinates>15.941018,-19.314882,0</coordinates>
        </Point>
      </Placemark>
      <Placemark>
        <name>Ombika - Month 11</name>
        <description>Waterhole: Ombika, Month: 11, Time: 2010-11-14 20:20:00, Lon: 15.940408, Lat: -19.314543</description>
        <styleUrl>#month11_style</styleUrl>
        <Point>
          <coordinates>15.940408,-19.314543,0</coordinates>
        </Point>
      </Placemark>
      <Placemark>
        <name>Ombika - Month 11</name>
        <description>Waterhole: Ombika, Month: 11, Time: 2010-11-14 20:40:00, Lon: 15.941504, Lat: -19.315651</description>
        <styleUrl>#month11_style</styleUrl>
        <Point>
          <coordinates>15.941504,-19.315651,0</coordinates>
        </Point>
      </Placemark>
      <Placemark>
        <name>Ombika - Month 11</name>
        <description>Waterhole: Ombika, Month: 11, Time: 2010-11-14 21:00:00, Lon: 15.940310, Lat: -19.316016</description>
        <styleUrl>#month11_style</styleUrl>
        <Point>
          <coordinates>15.940310,-19.316016,0</coordinates>
        </Point>
      </Placemark>
      <Placemark>
        <name>Ombika - Month 11</name>
        <description>Waterhole: Ombika, Month: 11, Time: 2010-11-14 21:20:00, Lon: 15.937314, Lat: -19.314870</description>
        <styleUrl>#month11_style</styleUrl>
        <Point>
          <coordinates>15.937314,-19.314870,0</coordinates>
        </Point>
      </Placemark>
      <Placemark>
        <name>Grünewald waterhole - Month 11</name>
        <description>Waterhole: Grünewald waterhole, Month: 11, Time: 2010-11-17 15:40:00, Lon: 15.636131, Lat: -19.133028</description>
        <styleUrl>#month11_style</styleUrl>
        <Point>
          <coordinates>15.636131,-19.133028,0</coordinates>
        </Point>
      </Placemark>
      <Placemark>
        <name>Ozonjuitji m'Bari - Month 11</name>
        <description>Waterhole: Ozonjuitji m'Bari, Month: 11, Time: 2010-11-18 16:40:00, Lon: 15.503590, Lat: -18.976609</description>
        <styleUrl>#month11_style</styleUrl>
        <Point>
          <coordinates>15.503590,-18.976609,0</coordinates>
        </Point>
      </Placemark>
      <Placemark>
        <name>Ozonjuitji m'Bari - Month 11</name>
        <description>Waterhole: Ozonjuitji m'Bari, Month: 11, Time: 2010-11-18 17:00:00, Lon: 15.503620, Lat: -18.976567</description>
        <styleUrl>#month11_style</styleUrl>
        <Point>
          <coordinates>15.503620,-18.976567,0</coordinates>
        </Point>
      </Placemark>
      <Placemark>
        <name>Ozonjuitji m'Bari - Month 11</name>
        <description>Waterhole: Ozonjuitji m'Bari, Month: 11, Time: 2010-11-18 17:20:00, Lon: 15.504997, Lat: -18.971649</description>
        <styleUrl>#month11_style</styleUrl>
        <Point>
          <coordinates>15.504997,-18.971649,0</coordinates>
        </Point>
      </Placemark>
      <Placemark>
        <name>Duiwelsvuur - Month 2</name>
        <description>Waterhole: Duiwelsvuur, Month: 2, Time: 2010-02-24 21:20:00, Lon: 15.259869, Lat: -18.984157</description>
        <styleUrl>#month2_style</styleUrl>
        <Point>
          <coordinates>15.259869,-18.984157,0</coordinates>
        </Point>
      </Placemark>
      <Placemark>
        <name>Duiwelsvuur - Month 2</name>
        <description>Waterhole: Duiwelsvuur, Month: 2, Time: 2010-02-24 21:40:00, Lon: 15.258672, Lat: -18.987174</description>
        <styleUrl>#month2_style</styleUrl>
        <Point>
          <coordinates>15.258672,-18.987174,0</coordinates>
        </Point>
      </Placemark>
      <Placemark>
        <name>Duiwelsvuur - Month 2</name>
        <description>Waterhole: Duiwelsvuur, Month: 2, Time: 2010-02-24 22:00:00, Lon: 15.256971, Lat: -18.982298</description>
        <styleUrl>#month2_style</styleUrl>
        <Point>
          <coordinates>15.256971,-18.982298,0</coordinates>
        </Point>
      </Placemark>
      <Placemark>
        <name>Duiwelsvuur - Month 3</name>
        <description>Waterhole: Duiwelsvuur, Month: 3, Time: 2010-03-22 06:40:00, Lon: 15.257488, Lat: -18.993278</description>
        <styleUrl>#month3_style</styleUrl>
        <Point>
          <coordinates>15.257488,-18.993278,0</coordinates>
        </Point>
      </Placemark>
      <Placemark>
        <name>Duiwelsvuur - Month 3</name>
        <description>Waterhole: Duiwelsvuur, Month: 3, Time: 2010-03-22 07:00:00, Lon: 15.259705, Lat: -18.987657</description>
        <styleUrl>#month3_style</styleUrl>
        <Point>
          <coordinates>15.259705,-18.987657,0</coordinates>
        </Point>
      </Placemark>
      <Placemark>
        <name>Duiwelsvuur - Month 3</name>
        <description>Waterhole: Duiwelsvuur, Month: 3, Time: 2010-03-22 07:20:00, Lon: 15.259709, Lat: -18.987655</description>
        <styleUrl>#month3_style</styleUrl>
        <Point>
          <coordinates>15.259709,-18.987655,0</coordinates>
        </Point>
      </Placemark>
      <Placemark>
        <name>Duiwelsvuur - Month 3</name>
        <description>Waterhole: Duiwelsvuur, Month: 3, Time: 2010-03-22 07:40:00, Lon: 15.259710, Lat: -18.987655</description>
        <styleUrl>#month3_style</styleUrl>
        <Point>
          <coordinates>15.259710,-18.987655,0</coordinates>
        </Point>
      </Placemark>
      <Placemark>
        <name>Duiwelsvuur - Month 3</name>
        <description>Waterhole: Duiwelsvuur, Month: 3, Time: 2010-03-22 08:00:00, Lon: 15.260390, Lat: -18.986985</description>
        <styleUrl>#month3_style</styleUrl>
        <Point>
          <coordinates>15.260390,-18.986985,0</coordinates>
        </Point>
      </Placemark>
      <Placemark>
        <name>Duiwelsvuur - Month 3</name>
        <description>Waterhole: Duiwelsvuur, Month: 3, Time: 2010-03-22 08:20:00, Lon: 15.260396, Lat: -18.983164</description>
        <styleUrl>#month3_style</styleUrl>
        <Point>
          <coordinates>15.260396,-18.983164,0</coordinates>
        </Point>
      </Placemark>
      <Placemark>
        <name>Duiwelsvuur - Month 3</name>
        <description>Waterhole: Duiwelsvuur, Month: 3, Time: 2010-03-22 08:40:00, Lon: 15.260351, Lat: -18.982733</description>
        <styleUrl>#month3_style</styleUrl>
        <Point>
          <coordinates>15.260351,-18.982733,0</coordinates>
        </Point>
      </Placemark>
      <Placemark>
        <name>Duiwelsvuur - Month 3</name>
        <description>Waterhole: Duiwelsvuur, Month: 3, Time: 2010-03-22 09:00:00, Lon: 15.260846, Lat: -18.982399</description>
        <styleUrl>#month3_style</styleUrl>
        <Point>
          <coordinates>15.260846,-18.982399,0</coordinates>
        </Point>
      </Placemark>
      <Placemark>
        <name>Duiwelsvuur - Month 3</name>
        <description>Waterhole: Duiwelsvuur, Month: 3, Time: 2010-03-22 09:20:00, Lon: 15.260860, Lat: -18.982713</description>
        <styleUrl>#month3_style</styleUrl>
        <Point>
          <coordinates>15.260860,-18.982713,0</coordinates>
        </Point>
      </Placemark>
      <Placemark>
        <name>Duiwelsvuur - Month 3</name>
        <description>Waterhole: Duiwelsvuur, Month: 3, Time: 2010-03-22 09:40:00, Lon: 15.260622, Lat: -18.983020</description>
        <styleUrl>#month3_style</styleUrl>
        <Point>
          <coordinates>15.260622,-18.983020,0</coordinates>
        </Point>
      </Placemark>
      <Placemark>
        <name>Duiwelsvuur - Month 3</name>
        <description>Waterhole: Duiwelsvuur, Month: 3, Time: 2010-03-22 10:00:00, Lon: 15.259715, Lat: -18.987665</description>
        <styleUrl>#month3_style</styleUrl>
        <Point>
          <coordinates>15.259715,-18.987665,0</coordinates>
        </Point>
      </Placemark>
      <Placemark>
        <name>Duiwelsvuur - Month 3</name>
        <description>Waterhole: Duiwelsvuur, Month: 3, Time: 2010-03-22 10:20:00, Lon: 15.260422, Lat: -18.988247</description>
        <styleUrl>#month3_style</styleUrl>
        <Point>
          <coordinates>15.260422,-18.988247,0</coordinates>
        </Point>
      </Placemark>
      <Placemark>
        <name>Duiwelsvuur - Month 3</name>
        <description>Waterhole: Duiwelsvuur, Month: 3, Time: 2010-03-22 10:40:00, Lon: 15.260954, Lat: -18.984729</description>
        <styleUrl>#month3_style</styleUrl>
        <Point>
          <coordinates>15.260954,-18.984729,0</coordinates>
        </Point>
      </Placemark>
      <Placemark>
        <name>Duiwelsvuur - Month 3</name>
        <description>Waterhole: Duiwelsvuur, Month: 3, Time: 2010-03-22 11:00:00, Lon: 15.260265, Lat: -18.983126</description>
        <styleUrl>#month3_style</styleUrl>
        <Point>
          <coordinates>15.260265,-18.983126,0</coordinates>
        </Point>
      </Placemark>
      <Placemark>
        <name>Duiwelsvuur - Month 3</name>
        <description>Waterhole: Duiwelsvuur, Month: 3, Time: 2010-03-22 11:20:00, Lon: 15.260644, Lat: -18.982741</description>
        <styleUrl>#month3_style</styleUrl>
        <Point>
          <coordinates>15.260644,-18.982741,0</coordinates>
        </Point>
      </Placemark>
      <Placemark>
        <name>Duiwelsvuur - Month 3</name>
        <description>Waterhole: Duiwelsvuur, Month: 3, Time: 2010-03-22 11:40:00, Lon: 15.260580, Lat: -18.982361</description>
        <styleUrl>#month3_style</styleUrl>
        <Point>
          <coordinates>15.260580,-18.982361,0</coordinates>
        </Point>
      </Placemark>
      <Placemark>
        <name>Sonderkop waterhole - Month 3</name>
        <description>Waterhole: Sonderkop waterhole, Month: 3, Time: 2010-03-22 20:00:00, Lon: 15.323027, Lat: -18.967198</description>
        <styleUrl>#month3_style</styleUrl>
        <Point>
          <coordinates>15.323027,-18.967198,0</coordinates>
        </Point>
      </Placemark>
      <Placemark>
        <name>Sonderkop waterhole - Month 3</name>
        <description>Waterhole: Sonderkop waterhole, Month: 3, Time: 2010-03-22 20:20:00, Lon: 15.327590, Lat: -18.968872</description>
        <styleUrl>#month3_style</styleUrl>
        <Point>
          <coordinates>15.327590,-18.968872,0</coordinates>
        </Point>
      </Placemark>
      <Placemark>
        <name>Sonderkop waterhole - Month 3</name>
        <description>Waterhole: Sonderkop waterhole, Month: 3, Time: 2010-03-22 20:40:00, Lon: 15.327508, Lat: -18.968199</description>
        <styleUrl>#month3_style</styleUrl>
        <Point>
          <coordinates>15.327508,-18.968199,0</coordinates>
        </Point>
      </Placemark>
      <Placemark>
        <name>Sonderkop waterhole - Month 3</name>
        <description>Waterhole: Sonderkop waterhole, Month: 3, Time: 2010-03-22 21:00:00, Lon: 15.331310, Lat: -18.968093</description>
        <styleUrl>#month3_style</styleUrl>
        <Point>
          <coordinates>15.331310,-18.968093,0</coordinates>
        </Point>
      </Placemark>
      <Placemark>
        <name>Arendsnes - Month 3</name>
        <description>Waterhole: Arendsnes, Month: 3, Time: 2010-03-23 15:20:00, Lon: 15.401488, Lat: -18.975732</description>
        <styleUrl>#month3_style</styleUrl>
        <Point>
          <coordinates>15.401488,-18.975732,0</coordinates>
        </Point>
      </Placemark>
      <Placemark>
        <name>Arendsnes - Month 3</name>
        <description>Waterhole: Arendsnes, Month: 3, Time: 2010-03-23 15:40:00, Lon: 15.409769, Lat: -18.976750</description>
        <styleUrl>#month3_style</styleUrl>
        <Point>
          <coordinates>15.409769,-18.976750,0</coordinates>
        </Point>
      </Placemark>
      <Placemark>
        <name>Arendsnes - Month 3</name>
        <description>Waterhole: Arendsnes, Month: 3, Time: 2010-03-23 16:00:00, Lon: 15.414646, Lat: -18.973220</description>
        <styleUrl>#month3_style</styleUrl>
        <Point>
          <coordinates>15.414646,-18.973220,0</coordinates>
        </Point>
      </Placemark>
      <Placemark>
        <name>Arendsnes - Month 3</name>
        <description>Waterhole: Arendsnes, Month: 3, Time: 2010-03-23 16:20:00, Lon: 15.417143, Lat: -18.973169</description>
        <styleUrl>#month3_style</styleUrl>
        <Point>
          <coordinates>15.417143,-18.973169,0</coordinates>
        </Point>
      </Placemark>
      <Placemark>
        <name>Arendsnes - Month 3</name>
        <description>Waterhole: Arendsnes, Month: 3, Time: 2010-03-26 11:00:00, Lon: 15.407760, Lat: -18.969676</description>
        <styleUrl>#month3_style</styleUrl>
        <Point>
          <coordinates>15.407760,-18.969676,0</coordinates>
        </Point>
      </Placemark>
      <Placemark>
        <name>Arendsnes - Month 3</name>
        <description>Waterhole: Arendsnes, Month: 3, Time: 2010-03-26 11:20:00, Lon: 15.409313, Lat: -18.977022</description>
        <styleUrl>#month3_style</styleUrl>
        <Point>
          <coordinates>15.409313,-18.977022,0</coordinates>
        </Point>
      </Placemark>
      <Placemark>
        <name>Arendsnes - Month 3</name>
        <description>Waterhole: Arendsnes, Month: 3, Time: 2010-03-26 11:40:00, Lon: 15.406706, Lat: -18.976935</description>
        <styleUrl>#month3_style</styleUrl>
        <Point>
          <coordinates>15.406706,-18.976935,0</coordinates>
        </Point>
      </Placemark>
      <Placemark>
        <name>Arendsnes - Month 3</name>
        <description>Waterhole: Arendsnes, Month: 3, Time: 2010-03-26 12:00:00, Lon: 15.406700, Lat: -18.976782</description>
        <styleUrl>#month3_style</styleUrl>
        <Point>
          <coordinates>15.406700,-18.976782,0</coordinates>
        </Point>
      </Placemark>
      <Placemark>
        <name>Arendsnes - Month 3</name>
        <description>Waterhole: Arendsnes, Month: 3, Time: 2010-03-26 12:20:00, Lon: 15.407563, Lat: -18.974986</description>
        <styleUrl>#month3_style</styleUrl>
        <Point>
          <coordinates>15.407563,-18.974986,0</coordinates>
        </Point>
      </Placemark>
      <Placemark>
        <name>Arendsnes - Month 3</name>
        <description>Waterhole: Arendsnes, Month: 3, Time: 2010-03-26 12:40:00, Lon: 15.407568, Lat: -18.975018</description>
        <styleUrl>#month3_style</styleUrl>
        <Point>
          <coordinates>15.407568,-18.975018,0</coordinates>
        </Point>
      </Placemark>
      <Placemark>
        <name>Arendsnes - Month 3</name>
        <description>Waterhole: Arendsnes, Month: 3, Time: 2010-03-26 13:00:00, Lon: 15.407561, Lat: -18.975002</description>
        <styleUrl>#month3_style</styleUrl>
        <Point>
          <coordinates>15.407561,-18.975002,0</coordinates>
        </Point>
      </Placemark>
      <Placemark>
        <name>Arendsnes - Month 3</name>
        <description>Waterhole: Arendsnes, Month: 3, Time: 2010-03-26 13:20:00, Lon: 15.407566, Lat: -18.975008</description>
        <styleUrl>#month3_style</styleUrl>
        <Point>
          <coordinates>15.407566,-18.975008,0</coordinates>
        </Point>
      </Placemark>
      <Placemark>
        <name>Arendsnes - Month 3</name>
        <description>Waterhole: Arendsnes, Month: 3, Time: 2010-03-26 13:40:00, Lon: 15.407914, Lat: -18.970984</description>
        <styleUrl>#month3_style</styleUrl>
        <Point>
          <coordinates>15.407914,-18.970984,0</coordinates>
        </Point>
      </Placemark>
      <Placemark>
        <name>Arendsnes - Month 3</name>
        <description>Waterhole: Arendsnes, Month: 3, Time: 2010-03-26 14:00:00, Lon: 15.402998, Lat: -18.971405</description>
        <styleUrl>#month3_style</styleUrl>
        <Point>
          <coordinates>15.402998,-18.971405,0</coordinates>
        </Point>
      </Placemark>
      <Placemark>
        <name>Sonderkop waterhole - Month 3</name>
        <description>Waterhole: Sonderkop waterhole, Month: 3, Time: 2010-03-26 19:00:00, Lon: 15.330810, Lat: -18.971812</description>
        <styleUrl>#month3_style</styleUrl>
        <Point>
          <coordinates>15.330810,-18.971812,0</coordinates>
        </Point>
      </Placemark>
      <Placemark>
        <name>Sonderkop waterhole - Month 3</name>
        <description>Waterhole: Sonderkop waterhole, Month: 3, Time: 2010-03-26 19:20:00, Lon: 15.327504, Lat: -18.968958</description>
        <styleUrl>#month3_style</styleUrl>
        <Point>
          <coordinates>15.327504,-18.968958,0</coordinates>
        </Point>
      </Placemark>
      <Placemark>
        <name>Sonderkop waterhole - Month 3</name>
        <description>Waterhole: Sonderkop waterhole, Month: 3, Time: 2010-03-26 19:40:00, Lon: 15.319757, Lat: -18.967118</description>
        <styleUrl>#month3_style</styleUrl>
        <Point>
          <coordinates>15.319757,-18.967118,0</coordinates>
        </Point>
      </Placemark>
      <Placemark>
        <name>Duiwelsvuur - Month 3</name>
        <description>Waterhole: Duiwelsvuur, Month: 3, Time: 2010-03-27 07:40:00, Lon: 15.261600, Lat: -18.981744</description>
        <styleUrl>#month3_style</styleUrl>
        <Point>
          <coordinates>15.261600,-18.981744,0</coordinates>
        </Point>
      </Placemark>
      <Placemark>
        <name>Duiwelsvuur - Month 3</name>
        <description>Waterhole: Duiwelsvuur, Month: 3, Time: 2010-03-27 08:00:00, Lon: 15.259718, Lat: -18.987632</description>
        <styleUrl>#month3_style</styleUrl>
        <Point>
          <coordinates>15.259718,-18.987632,0</coordinates>
        </Point>
      </Placemark>
      <Placemark>
        <name>Duiwelsvuur - Month 3</name>
        <description>Waterhole: Duiwelsvuur, Month: 3, Time: 2010-03-27 08:20:00, Lon: 15.257312, Lat: -18.990887</description>
        <styleUrl>#month3_style</styleUrl>
        <Point>
          <coordinates>15.257312,-18.990887,0</coordinates>
        </Point>
      </Placemark>
      <Placemark>
        <name>Bitterwater Waterhole - Month 3</name>
        <description>Waterhole: Bitterwater Waterhole, Month: 3, Time: 2010-03-27 23:40:00, Lon: 15.167920, Lat: -18.978628</description>
        <styleUrl>#month3_style</styleUrl>
        <Point>
          <coordinates>15.167920,-18.978628,0</coordinates>
        </Point>
      </Placemark>
      <Placemark>
        <name>Ozonjuitji m'Bari - Month 4</name>
        <description>Waterhole: Ozonjuitji m'Bari, Month: 4, Time: 2010-04-08 18:40:00, Lon: 15.504974, Lat: -18.971962</description>
        <styleUrl>#month4_style</styleUrl>
        <Point>
          <coordinates>15.504974,-18.971962,0</coordinates>
        </Point>
      </Placemark>
      <Placemark>
        <name>Ozonjuitji m'Bari - Month 4</name>
        <description>Waterhole: Ozonjuitji m'Bari, Month: 4, Time: 2010-04-08 19:00:00, Lon: 15.503566, Lat: -18.976603</description>
        <styleUrl>#month4_style</styleUrl>
        <Point>
          <coordinates>15.503566,-18.976603,0</coordinates>
        </Point>
      </Placemark>
      <Placemark>
        <name>Ozonjuitji m'Bari - Month 4</name>
        <description>Waterhole: Ozonjuitji m'Bari, Month: 4, Time: 2010-04-08 19:20:00, Lon: 15.499394, Lat: -18.977492</description>
        <styleUrl>#month4_style</styleUrl>
        <Point>
          <coordinates>15.499394,-18.977492,0</coordinates>
        </Point>
      </Placemark>
      <Placemark>
        <name>Arendsnes - Month 4</name>
        <description>Waterhole: Arendsnes, Month: 4, Time: 2010-04-08 23:40:00, Lon: 15.416715, Lat: -18.980237</description>
        <styleUrl>#month4_style</styleUrl>
        <Point>
          <coordinates>15.416715,-18.980237,0</coordinates>
        </Point>
      </Placemark>
      <Placemark>
        <name>Arendsnes - Month 4</name>
        <description>Waterhole: Arendsnes, Month: 4, Time: 2010-04-09 00:00:00, Lon: 15.409233, Lat: -18.976998</description>
        <styleUrl>#month4_style</styleUrl>
        <Point>
          <coordinates>15.409233,-18.976998,0</coordinates>
        </Point>
      </Placemark>
      <Placemark>
        <name>Arendsnes - Month 4</name>
        <description>Waterhole: Arendsnes, Month: 4, Time: 2010-04-17 17:00:00, Lon: 15.411875, Lat: -18.971773</description>
        <styleUrl>#month4_style</styleUrl>
        <Point>
          <coordinates>15.411875,-18.971773,0</coordinates>
        </Point>
      </Placemark>
      <Placemark>
        <name>Arendsnes - Month 4</name>
        <description>Waterhole: Arendsnes, Month: 4, Time: 2010-04-17 17:20:00, Lon: 15.408773, Lat: -18.981222</description>
        <styleUrl>#month4_style</styleUrl>
        <Point>
          <coordinates>15.408773,-18.981222,0</coordinates>
        </Point>
      </Placemark>
      <Placemark>
        <name>Sonderkop waterhole - Month 4</name>
        <description>Waterhole: Sonderkop waterhole, Month: 4, Time: 2010-04-20 05:40:00, Lon: 15.321827, Lat: -18.974373</description>
        <styleUrl>#month4_style</styleUrl>
        <Point>
          <coordinates>15.321827,-18.974373,0</coordinates>
        </Point>
      </Placemark>
      <Placemark>
        <name>Sonderkop waterhole - Month 4</name>
        <description>Waterhole: Sonderkop waterhole, Month: 4, Time: 2010-04-20 20:40:00, Lon: 15.324807, Lat: -18.975755</description>
        <styleUrl>#month4_style</styleUrl>
        <Point>
          <coordinates>15.324807,-18.975755,0</coordinates>
        </Point>
      </Placemark>
      <Placemark>
        <name>Sonderkop waterhole - Month 4</name>
        <description>Waterhole: Sonderkop waterhole, Month: 4, Time: 2010-04-20 21:00:00, Lon: 15.327556, Lat: -18.968927</description>
        <styleUrl>#month4_style</styleUrl>
        <Point>
          <coordinates>15.327556,-18.968927,0</coordinates>
        </Point>
      </Placemark>
      <Placemark>
        <name>Sonderkop waterhole - Month 4</name>
        <description>Waterhole: Sonderkop waterhole, Month: 4, Time: 2010-04-20 21:20:00, Lon: 15.327095, Lat: -18.969879</description>
        <styleUrl>#month4_style</styleUrl>
        <Point>
          <coordinates>15.327095,-18.969879,0</coordinates>
        </Point>
      </Placemark>
      <Placemark>
        <name>Sonderkop waterhole - Month 4</name>
        <description>Waterhole: Sonderkop waterhole, Month: 4, Time: 2010-04-20 21:40:00, Lon: 15.324592, Lat: -18.976326</description>
        <styleUrl>#month4_style</styleUrl>
        <Point>
          <coordinates>15.324592,-18.976326,0</coordinates>
        </Point>
      </Placemark>
      <Placemark>
        <name>Sonderkop waterhole - Month 4</name>
        <description>Waterhole: Sonderkop waterhole, Month: 4, Time: 2010-04-20 22:40:00, Lon: 15.324133, Lat: -18.977340</description>
        <styleUrl>#month4_style</styleUrl>
        <Point>
          <coordinates>15.324133,-18.977340,0</coordinates>
        </Point>
      </Placemark>
      <Placemark>
        <name>Sonderkop waterhole - Month 4</name>
        <description>Waterhole: Sonderkop waterhole, Month: 4, Time: 2010-04-20 23:00:00, Lon: 15.326288, Lat: -18.974158</description>
        <styleUrl>#month4_style</styleUrl>
        <Point>
          <coordinates>15.326288,-18.974158,0</coordinates>
        </Point>
      </Placemark>
      <Placemark>
        <name>Sonderkop waterhole - Month 4</name>
        <description>Waterhole: Sonderkop waterhole, Month: 4, Time: 2010-04-20 23:20:00, Lon: 15.328000, Lat: -18.968610</description>
        <styleUrl>#month4_style</styleUrl>
        <Point>
          <coordinates>15.328000,-18.968610,0</coordinates>
        </Point>
      </Placemark>
      <Placemark>
        <name>Sonderkop waterhole - Month 4</name>
        <description>Waterhole: Sonderkop waterhole, Month: 4, Time: 2010-04-20 23:40:00, Lon: 15.328404, Lat: -18.970276</description>
        <styleUrl>#month4_style</styleUrl>
        <Point>
          <coordinates>15.328404,-18.970276,0</coordinates>
        </Point>
      </Placemark>
      <Placemark>
        <name>Sonderkop waterhole - Month 4</name>
        <description>Waterhole: Sonderkop waterhole, Month: 4, Time: 2010-04-21 00:00:00, Lon: 15.328232, Lat: -18.974314</description>
        <styleUrl>#month4_style</styleUrl>
        <Point>
          <coordinates>15.328232,-18.974314,0</coordinates>
        </Point>
      </Placemark>
      <Placemark>
        <name>Sonderkop waterhole - Month 4</name>
        <description>Waterhole: Sonderkop waterhole, Month: 4, Time: 2010-04-21 00:20:00, Lon: 15.324799, Lat: -18.977057</description>
        <styleUrl>#month4_style</styleUrl>
        <Point>
          <coordinates>15.324799,-18.977057,0</coordinates>
        </Point>
      </Placemark>
      <Placemark>
        <name>Sonderkop waterhole - Month 4</name>
        <description>Waterhole: Sonderkop waterhole, Month: 4, Time: 2010-04-24 18:40:00, Lon: 15.326522, Lat: -18.973747</description>
        <styleUrl>#month4_style</styleUrl>
        <Point>
          <coordinates>15.326522,-18.973747,0</coordinates>
        </Point>
      </Placemark>
      <Placemark>
        <name>Sonderkop waterhole - Month 4</name>
        <description>Waterhole: Sonderkop waterhole, Month: 4, Time: 2010-04-24 19:00:00, Lon: 15.328186, Lat: -18.968964</description>
        <styleUrl>#month4_style</styleUrl>
        <Point>
          <coordinates>15.328186,-18.968964,0</coordinates>
        </Point>
      </Placemark>
      <Placemark>
        <name>Sonderkop waterhole - Month 4</name>
        <description>Waterhole: Sonderkop waterhole, Month: 4, Time: 2010-04-24 19:20:00, Lon: 15.319684, Lat: -18.973330</description>
        <styleUrl>#month4_style</styleUrl>
        <Point>
          <coordinates>15.319684,-18.973330,0</coordinates>
        </Point>
      </Placemark>
      <Placemark>
        <name>Duiwelsvuur - Month 4</name>
        <description>Waterhole: Duiwelsvuur, Month: 4, Time: 2010-04-24 21:40:00, Lon: 15.259431, Lat: -18.988106</description>
        <styleUrl>#month4_style</styleUrl>
        <Point>
          <coordinates>15.259431,-18.988106,0</coordinates>
        </Point>
      </Placemark>
      <Placemark>
        <name>Duiwelsvuur - Month 4</name>
        <description>Waterhole: Duiwelsvuur, Month: 4, Time: 2010-04-24 22:00:00, Lon: 15.257787, Lat: -18.995699</description>
        <styleUrl>#month4_style</styleUrl>
        <Point>
          <coordinates>15.257787,-18.995699,0</coordinates>
        </Point>
      </Placemark>
    </Folder>
  </Document>
</kml>
