<?xml version="1.0" ?>
<kml xmlns="http://www.opengis.net/kml/2.2">
  <Document>
    <name>Elephant 02fe - 2010 Waterhole Visits</name>
    <description>Points colored by month for elephant 02fe in 2010</description>
    <Style id="month1_style">
      <IconStyle>
        <color>ff0000ff</color>
        <Icon>
          <href>http://maps.google.com/mapfiles/kml/shapes/placemark_circle.png</href>
        </Icon>
      </IconStyle>
      <LabelStyle>
        <color>ff0000ff</color>
      </LabelStyle>
    </Style>
    <Style id="month2_style">
      <IconStyle>
        <color>ff00ff00</color>
        <Icon>
          <href>http://maps.google.com/mapfiles/kml/shapes/placemark_circle.png</href>
        </Icon>
      </IconStyle>
      <LabelStyle>
        <color>ff00ff00</color>
      </LabelStyle>
    </Style>
    <Style id="month3_style">
      <IconStyle>
        <color>ffff0000</color>
        <Icon>
          <href>http://maps.google.com/mapfiles/kml/shapes/placemark_circle.png</href>
        </Icon>
      </IconStyle>
      <LabelStyle>
        <color>ffff0000</color>
      </LabelStyle>
    </Style>
    <Style id="month4_style">
      <IconStyle>
        <color>ff00ffff</color>
        <Icon>
          <href>http://maps.google.com/mapfiles/kml/shapes/placemark_circle.png</href>
        </Icon>
      </IconStyle>
      <LabelStyle>
        <color>ff00ffff</color>
      </LabelStyle>
    </Style>
    <Style id="month5_style">
      <IconStyle>
        <color>ffff00ff</color>
        <Icon>
          <href>http://maps.google.com/mapfiles/kml/shapes/placemark_circle.png</href>
        </Icon>
      </IconStyle>
      <LabelStyle>
        <color>ffff00ff</color>
      </LabelStyle>
    </Style>
    <Style id="month6_style">
      <IconStyle>
        <color>ff808080</color>
        <Icon>
          <href>http://maps.google.com/mapfiles/kml/shapes/placemark_circle.png</href>
        </Icon>
      </IconStyle>
      <LabelStyle>
        <color>ff808080</color>
      </LabelStyle>
    </Style>
    <Style id="month7_style">
      <IconStyle>
        <color>ff8000ff</color>
        <Icon>
          <href>http://maps.google.com/mapfiles/kml/shapes/placemark_circle.png</href>
        </Icon>
      </IconStyle>
      <LabelStyle>
        <color>ff8000ff</color>
      </LabelStyle>
    </Style>
    <Style id="month8_style">
      <IconStyle>
        <color>ff0080ff</color>
        <Icon>
          <href>http://maps.google.com/mapfiles/kml/shapes/placemark_circle.png</href>
        </Icon>
      </IconStyle>
      <LabelStyle>
        <color>ff0080ff</color>
      </LabelStyle>
    </Style>
    <Style id="month9_style">
      <IconStyle>
        <color>ff80ff00</color>
        <Icon>
          <href>http://maps.google.com/mapfiles/kml/shapes/placemark_circle.png</href>
        </Icon>
      </IconStyle>
      <LabelStyle>
        <color>ff80ff00</color>
      </LabelStyle>
    </Style>
    <Style id="month10_style">
      <IconStyle>
        <color>ffff8000</color>
        <Icon>
          <href>http://maps.google.com/mapfiles/kml/shapes/placemark_circle.png</href>
        </Icon>
      </IconStyle>
      <LabelStyle>
        <color>ffff8000</color>
      </LabelStyle>
    </Style>
    <Style id="month11_style">
      <IconStyle>
        <color>ff008000</color>
        <Icon>
          <href>http://maps.google.com/mapfiles/kml/shapes/placemark_circle.png</href>
        </Icon>
      </IconStyle>
      <LabelStyle>
        <color>ff008000</color>
      </LabelStyle>
    </Style>
    <Style id="month12_style">
      <IconStyle>
        <color>ff800000</color>
        <Icon>
          <href>http://maps.google.com/mapfiles/kml/shapes/placemark_circle.png</href>
        </Icon>
      </IconStyle>
      <LabelStyle>
        <color>ff800000</color>
      </LabelStyle>
    </Style>
    <Folder>
      <name>Waterhole Visits</name>
      <description>Each point represents an observation at a waterhole, colored by month</description>
      <Placemark>
        <name>Gemsbokvlakte - Month 5</name>
        <description>Waterhole: Gemsbokvlakte, Month: 5, Time: 2010-05-24 16:00:00, Lon: 16.058830, Lat: -19.213102</description>
        <styleUrl>#month5_style</styleUrl>
        <Point>
          <coordinates>16.058830,-19.213102,0</coordinates>
        </Point>
      </Placemark>
      <Placemark>
        <name>Gemsbokvlakte - Month 5</name>
        <description>Waterhole: Gemsbokvlakte, Month: 5, Time: 2010-05-24 16:20:00, Lon: 16.054429, Lat: -19.215916</description>
        <styleUrl>#month5_style</styleUrl>
        <Point>
          <coordinates>16.054429,-19.215916,0</coordinates>
        </Point>
      </Placemark>
      <Placemark>
        <name>Ombika - Month 5</name>
        <description>Waterhole: Ombika, Month: 5, Time: 2010-05-25 17:20:00, Lon: 15.942458, Lat: -19.312929</description>
        <styleUrl>#month5_style</styleUrl>
        <Point>
          <coordinates>15.942458,-19.312929,0</coordinates>
        </Point>
      </Placemark>
      <Placemark>
        <name>Ombika - Month 5</name>
        <description>Waterhole: Ombika, Month: 5, Time: 2010-05-25 17:40:00, Lon: 15.941169, Lat: -19.316132</description>
        <styleUrl>#month5_style</styleUrl>
        <Point>
          <coordinates>15.941169,-19.316132,0</coordinates>
        </Point>
      </Placemark>
      <Placemark>
        <name>Ombika - Month 5</name>
        <description>Waterhole: Ombika, Month: 5, Time: 2010-05-25 18:00:00, Lon: 15.941154, Lat: -19.316146</description>
        <styleUrl>#month5_style</styleUrl>
        <Point>
          <coordinates>15.941154,-19.316146,0</coordinates>
        </Point>
      </Placemark>
      <Placemark>
        <name>Ombika - Month 5</name>
        <description>Waterhole: Ombika, Month: 5, Time: 2010-05-25 18:20:00, Lon: 15.941024, Lat: -19.316227</description>
        <styleUrl>#month5_style</styleUrl>
        <Point>
          <coordinates>15.941024,-19.316227,0</coordinates>
        </Point>
      </Placemark>
      <Placemark>
        <name>Ombika - Month 5</name>
        <description>Waterhole: Ombika, Month: 5, Time: 2010-05-25 18:40:00, Lon: 15.941078, Lat: -19.316227</description>
        <styleUrl>#month5_style</styleUrl>
        <Point>
          <coordinates>15.941078,-19.316227,0</coordinates>
        </Point>
      </Placemark>
      <Placemark>
        <name>Ombika - Month 5</name>
        <description>Waterhole: Ombika, Month: 5, Time: 2010-05-25 19:00:00, Lon: 15.940854, Lat: -19.311794</description>
        <styleUrl>#month5_style</styleUrl>
        <Point>
          <coordinates>15.940854,-19.311794,0</coordinates>
        </Point>
      </Placemark>
      <Placemark>
        <name>Ozonjuitji m'Bari - Month 5</name>
        <description>Waterhole: Ozonjuitji m'Bari, Month: 5, Time: 2010-05-30 23:20:00, Lon: 15.504849, Lat: -18.981612</description>
        <styleUrl>#month5_style</styleUrl>
        <Point>
          <coordinates>15.504849,-18.981612,0</coordinates>
        </Point>
      </Placemark>
      <Placemark>
        <name>Ozonjuitji m'Bari - Month 5</name>
        <description>Waterhole: Ozonjuitji m'Bari, Month: 5, Time: 2010-05-30 23:40:00, Lon: 15.503599, Lat: -18.976695</description>
        <styleUrl>#month5_style</styleUrl>
        <Point>
          <coordinates>15.503599,-18.976695,0</coordinates>
        </Point>
      </Placemark>
      <Placemark>
        <name>Ozonjuitji m'Bari - Month 5</name>
        <description>Waterhole: Ozonjuitji m'Bari, Month: 5, Time: 2010-05-31 00:00:00, Lon: 15.501542, Lat: -18.969303</description>
        <styleUrl>#month5_style</styleUrl>
        <Point>
          <coordinates>15.501542,-18.969303,0</coordinates>
        </Point>
      </Placemark>
      <Placemark>
        <name>Ozonjuitji m'Bari - Month 6</name>
        <description>Waterhole: Ozonjuitji m'Bari, Month: 6, Time: 2010-06-03 18:40:00, Lon: 15.505549, Lat: -18.968671</description>
        <styleUrl>#month6_style</styleUrl>
        <Point>
          <coordinates>15.505549,-18.968671,0</coordinates>
        </Point>
      </Placemark>
      <Placemark>
        <name>Ozonjuitji m'Bari - Month 6</name>
        <description>Waterhole: Ozonjuitji m'Bari, Month: 6, Time: 2010-06-03 19:00:00, Lon: 15.503600, Lat: -18.976697</description>
        <styleUrl>#month6_style</styleUrl>
        <Point>
          <coordinates>15.503600,-18.976697,0</coordinates>
        </Point>
      </Placemark>
      <Placemark>
        <name>Ozonjuitji m'Bari - Month 6</name>
        <description>Waterhole: Ozonjuitji m'Bari, Month: 6, Time: 2010-06-03 19:20:00, Lon: 15.503518, Lat: -18.976569</description>
        <styleUrl>#month6_style</styleUrl>
        <Point>
          <coordinates>15.503518,-18.976569,0</coordinates>
        </Point>
      </Placemark>
      <Placemark>
        <name>Ozonjuitji m'Bari - Month 6</name>
        <description>Waterhole: Ozonjuitji m'Bari, Month: 6, Time: 2010-06-03 19:40:00, Lon: 15.507293, Lat: -18.978548</description>
        <styleUrl>#month6_style</styleUrl>
        <Point>
          <coordinates>15.507293,-18.978548,0</coordinates>
        </Point>
      </Placemark>
      <Placemark>
        <name>Ozonjuitji m'Bari - Month 6</name>
        <description>Waterhole: Ozonjuitji m'Bari, Month: 6, Time: 2010-06-04 18:20:00, Lon: 15.505552, Lat: -18.980766</description>
        <styleUrl>#month6_style</styleUrl>
        <Point>
          <coordinates>15.505552,-18.980766,0</coordinates>
        </Point>
      </Placemark>
      <Placemark>
        <name>Ozonjuitji m'Bari - Month 6</name>
        <description>Waterhole: Ozonjuitji m'Bari, Month: 6, Time: 2010-06-04 18:40:00, Lon: 15.503590, Lat: -18.976628</description>
        <styleUrl>#month6_style</styleUrl>
        <Point>
          <coordinates>15.503590,-18.976628,0</coordinates>
        </Point>
      </Placemark>
      <Placemark>
        <name>Ozonjuitji m'Bari - Month 6</name>
        <description>Waterhole: Ozonjuitji m'Bari, Month: 6, Time: 2010-06-04 19:00:00, Lon: 15.506293, Lat: -18.977901</description>
        <styleUrl>#month6_style</styleUrl>
        <Point>
          <coordinates>15.506293,-18.977901,0</coordinates>
        </Point>
      </Placemark>
      <Placemark>
        <name>Ozonjuitji m'Bari - Month 6</name>
        <description>Waterhole: Ozonjuitji m'Bari, Month: 6, Time: 2010-06-05 18:00:00, Lon: 15.504124, Lat: -18.978479</description>
        <styleUrl>#month6_style</styleUrl>
        <Point>
          <coordinates>15.504124,-18.978479,0</coordinates>
        </Point>
      </Placemark>
      <Placemark>
        <name>Ozonjuitji m'Bari - Month 6</name>
        <description>Waterhole: Ozonjuitji m'Bari, Month: 6, Time: 2010-06-05 18:20:00, Lon: 15.503519, Lat: -18.976571</description>
        <styleUrl>#month6_style</styleUrl>
        <Point>
          <coordinates>15.503519,-18.976571,0</coordinates>
        </Point>
      </Placemark>
      <Placemark>
        <name>Ozonjuitji m'Bari - Month 6</name>
        <description>Waterhole: Ozonjuitji m'Bari, Month: 6, Time: 2010-06-05 18:40:00, Lon: 15.503435, Lat: -18.976575</description>
        <styleUrl>#month6_style</styleUrl>
        <Point>
          <coordinates>15.503435,-18.976575,0</coordinates>
        </Point>
      </Placemark>
      <Placemark>
        <name>Ozonjuitji m'Bari - Month 6</name>
        <description>Waterhole: Ozonjuitji m'Bari, Month: 6, Time: 2010-06-05 19:00:00, Lon: 15.503514, Lat: -18.976587</description>
        <styleUrl>#month6_style</styleUrl>
        <Point>
          <coordinates>15.503514,-18.976587,0</coordinates>
        </Point>
      </Placemark>
      <Placemark>
        <name>Ozonjuitji m'Bari - Month 6</name>
        <description>Waterhole: Ozonjuitji m'Bari, Month: 6, Time: 2010-06-05 19:20:00, Lon: 15.505245, Lat: -18.977338</description>
        <styleUrl>#month6_style</styleUrl>
        <Point>
          <coordinates>15.505245,-18.977338,0</coordinates>
        </Point>
      </Placemark>
      <Placemark>
        <name>Ozonjuitji m'Bari - Month 6</name>
        <description>Waterhole: Ozonjuitji m'Bari, Month: 6, Time: 2010-06-05 19:40:00, Lon: 15.511559, Lat: -18.980654</description>
        <styleUrl>#month6_style</styleUrl>
        <Point>
          <coordinates>15.511559,-18.980654,0</coordinates>
        </Point>
      </Placemark>
      <Placemark>
        <name>Ozonjuitji m'Bari - Month 6</name>
        <description>Waterhole: Ozonjuitji m'Bari, Month: 6, Time: 2010-06-06 19:40:00, Lon: 15.504812, Lat: -18.978959</description>
        <styleUrl>#month6_style</styleUrl>
        <Point>
          <coordinates>15.504812,-18.978959,0</coordinates>
        </Point>
      </Placemark>
      <Placemark>
        <name>Ozonjuitji m'Bari - Month 6</name>
        <description>Waterhole: Ozonjuitji m'Bari, Month: 6, Time: 2010-06-06 20:00:00, Lon: 15.503620, Lat: -18.976143</description>
        <styleUrl>#month6_style</styleUrl>
        <Point>
          <coordinates>15.503620,-18.976143,0</coordinates>
        </Point>
      </Placemark>
      <Placemark>
        <name>Ozonjuitji m'Bari - Month 6</name>
        <description>Waterhole: Ozonjuitji m'Bari, Month: 6, Time: 2010-06-06 20:20:00, Lon: 15.503519, Lat: -18.976548</description>
        <styleUrl>#month6_style</styleUrl>
        <Point>
          <coordinates>15.503519,-18.976548,0</coordinates>
        </Point>
      </Placemark>
      <Placemark>
        <name>Ozonjuitji m'Bari - Month 6</name>
        <description>Waterhole: Ozonjuitji m'Bari, Month: 6, Time: 2010-06-06 20:40:00, Lon: 15.503869, Lat: -18.976815</description>
        <styleUrl>#month6_style</styleUrl>
        <Point>
          <coordinates>15.503869,-18.976815,0</coordinates>
        </Point>
      </Placemark>
      <Placemark>
        <name>Ozonjuitji m'Bari - Month 6</name>
        <description>Waterhole: Ozonjuitji m'Bari, Month: 6, Time: 2010-06-07 19:00:00, Lon: 15.503343, Lat: -18.976691</description>
        <styleUrl>#month6_style</styleUrl>
        <Point>
          <coordinates>15.503343,-18.976691,0</coordinates>
        </Point>
      </Placemark>
      <Placemark>
        <name>Ozonjuitji m'Bari - Month 6</name>
        <description>Waterhole: Ozonjuitji m'Bari, Month: 6, Time: 2010-06-07 19:20:00, Lon: 15.503492, Lat: -18.976569</description>
        <styleUrl>#month6_style</styleUrl>
        <Point>
          <coordinates>15.503492,-18.976569,0</coordinates>
        </Point>
      </Placemark>
      <Placemark>
        <name>Ozonjuitji m'Bari - Month 6</name>
        <description>Waterhole: Ozonjuitji m'Bari, Month: 6, Time: 2010-06-07 19:40:00, Lon: 15.503576, Lat: -18.976626</description>
        <styleUrl>#month6_style</styleUrl>
        <Point>
          <coordinates>15.503576,-18.976626,0</coordinates>
        </Point>
      </Placemark>
      <Placemark>
        <name>Ozonjuitji m'Bari - Month 6</name>
        <description>Waterhole: Ozonjuitji m'Bari, Month: 6, Time: 2010-06-07 20:00:00, Lon: 15.506921, Lat: -18.978314</description>
        <styleUrl>#month6_style</styleUrl>
        <Point>
          <coordinates>15.506921,-18.978314,0</coordinates>
        </Point>
      </Placemark>
      <Placemark>
        <name>Ozonjuitji m'Bari - Month 6</name>
        <description>Waterhole: Ozonjuitji m'Bari, Month: 6, Time: 2010-06-09 13:20:00, Lon: 15.504346, Lat: -18.978957</description>
        <styleUrl>#month6_style</styleUrl>
        <Point>
          <coordinates>15.504346,-18.978957,0</coordinates>
        </Point>
      </Placemark>
      <Placemark>
        <name>Ozonjuitji m'Bari - Month 6</name>
        <description>Waterhole: Ozonjuitji m'Bari, Month: 6, Time: 2010-06-09 13:40:00, Lon: 15.503534, Lat: -18.976528</description>
        <styleUrl>#month6_style</styleUrl>
        <Point>
          <coordinates>15.503534,-18.976528,0</coordinates>
        </Point>
      </Placemark>
      <Placemark>
        <name>Ozonjuitji m'Bari - Month 6</name>
        <description>Waterhole: Ozonjuitji m'Bari, Month: 6, Time: 2010-06-09 14:00:00, Lon: 15.501630, Lat: -18.973582</description>
        <styleUrl>#month6_style</styleUrl>
        <Point>
          <coordinates>15.501630,-18.973582,0</coordinates>
        </Point>
      </Placemark>
      <Placemark>
        <name>Ozonjuitji m'Bari - Month 6</name>
        <description>Waterhole: Ozonjuitji m'Bari, Month: 6, Time: 2010-06-09 14:20:00, Lon: 15.501699, Lat: -18.973391</description>
        <styleUrl>#month6_style</styleUrl>
        <Point>
          <coordinates>15.501699,-18.973391,0</coordinates>
        </Point>
      </Placemark>
      <Placemark>
        <name>Ozonjuitji m'Bari - Month 6</name>
        <description>Waterhole: Ozonjuitji m'Bari, Month: 6, Time: 2010-06-09 14:40:00, Lon: 15.503730, Lat: -18.974510</description>
        <styleUrl>#month6_style</styleUrl>
        <Point>
          <coordinates>15.503730,-18.974510,0</coordinates>
        </Point>
      </Placemark>
      <Placemark>
        <name>Ozonjuitji m'Bari - Month 6</name>
        <description>Waterhole: Ozonjuitji m'Bari, Month: 6, Time: 2010-06-09 15:00:00, Lon: 15.504069, Lat: -18.974223</description>
        <styleUrl>#month6_style</styleUrl>
        <Point>
          <coordinates>15.504069,-18.974223,0</coordinates>
        </Point>
      </Placemark>
      <Placemark>
        <name>Ozonjuitji m'Bari - Month 6</name>
        <description>Waterhole: Ozonjuitji m'Bari, Month: 6, Time: 2010-06-09 15:20:00, Lon: 15.504032, Lat: -18.974227</description>
        <styleUrl>#month6_style</styleUrl>
        <Point>
          <coordinates>15.504032,-18.974227,0</coordinates>
        </Point>
      </Placemark>
      <Placemark>
        <name>Ozonjuitji m'Bari - Month 6</name>
        <description>Waterhole: Ozonjuitji m'Bari, Month: 6, Time: 2010-06-09 15:40:00, Lon: 15.503687, Lat: -18.976562</description>
        <styleUrl>#month6_style</styleUrl>
        <Point>
          <coordinates>15.503687,-18.976562,0</coordinates>
        </Point>
      </Placemark>
      <Placemark>
        <name>Ozonjuitji m'Bari - Month 6</name>
        <description>Waterhole: Ozonjuitji m'Bari, Month: 6, Time: 2010-06-09 16:00:00, Lon: 15.503597, Lat: -18.976530</description>
        <styleUrl>#month6_style</styleUrl>
        <Point>
          <coordinates>15.503597,-18.976530,0</coordinates>
        </Point>
      </Placemark>
      <Placemark>
        <name>Ozonjuitji m'Bari - Month 6</name>
        <description>Waterhole: Ozonjuitji m'Bari, Month: 6, Time: 2010-06-09 16:20:00, Lon: 15.511165, Lat: -18.978772</description>
        <styleUrl>#month6_style</styleUrl>
        <Point>
          <coordinates>15.511165,-18.978772,0</coordinates>
        </Point>
      </Placemark>
      <Placemark>
        <name>Ozonjuitji m'Bari - Month 6</name>
        <description>Waterhole: Ozonjuitji m'Bari, Month: 6, Time: 2010-06-10 19:20:00, Lon: 15.505761, Lat: -18.981002</description>
        <styleUrl>#month6_style</styleUrl>
        <Point>
          <coordinates>15.505761,-18.981002,0</coordinates>
        </Point>
      </Placemark>
      <Placemark>
        <name>Ozonjuitji m'Bari - Month 6</name>
        <description>Waterhole: Ozonjuitji m'Bari, Month: 6, Time: 2010-06-10 19:40:00, Lon: 15.504541, Lat: -18.979580</description>
        <styleUrl>#month6_style</styleUrl>
        <Point>
          <coordinates>15.504541,-18.979580,0</coordinates>
        </Point>
      </Placemark>
      <Placemark>
        <name>Ozonjuitji m'Bari - Month 6</name>
        <description>Waterhole: Ozonjuitji m'Bari, Month: 6, Time: 2010-06-10 20:00:00, Lon: 15.503522, Lat: -18.976556</description>
        <styleUrl>#month6_style</styleUrl>
        <Point>
          <coordinates>15.503522,-18.976556,0</coordinates>
        </Point>
      </Placemark>
      <Placemark>
        <name>Ozonjuitji m'Bari - Month 6</name>
        <description>Waterhole: Ozonjuitji m'Bari, Month: 6, Time: 2010-06-10 20:20:00, Lon: 15.503638, Lat: -18.976493</description>
        <styleUrl>#month6_style</styleUrl>
        <Point>
          <coordinates>15.503638,-18.976493,0</coordinates>
        </Point>
      </Placemark>
      <Placemark>
        <name>Ozonjuitji m'Bari - Month 6</name>
        <description>Waterhole: Ozonjuitji m'Bari, Month: 6, Time: 2010-06-10 20:40:00, Lon: 15.506641, Lat: -18.978092</description>
        <styleUrl>#month6_style</styleUrl>
        <Point>
          <coordinates>15.506641,-18.978092,0</coordinates>
        </Point>
      </Placemark>
      <Placemark>
        <name>Ozonjuitji m'Bari - Month 6</name>
        <description>Waterhole: Ozonjuitji m'Bari, Month: 6, Time: 2010-06-10 21:00:00, Lon: 15.510969, Lat: -18.980369</description>
        <styleUrl>#month6_style</styleUrl>
        <Point>
          <coordinates>15.510969,-18.980369,0</coordinates>
        </Point>
      </Placemark>
      <Placemark>
        <name>Ozonjuitji m'Bari - Month 6</name>
        <description>Waterhole: Ozonjuitji m'Bari, Month: 6, Time: 2010-06-12 00:20:00, Lon: 15.509937, Lat: -18.979779</description>
        <styleUrl>#month6_style</styleUrl>
        <Point>
          <coordinates>15.509937,-18.979779,0</coordinates>
        </Point>
      </Placemark>
      <Placemark>
        <name>Ozonjuitji m'Bari - Month 6</name>
        <description>Waterhole: Ozonjuitji m'Bari, Month: 6, Time: 2010-06-12 00:40:00, Lon: 15.503613, Lat: -18.976526</description>
        <styleUrl>#month6_style</styleUrl>
        <Point>
          <coordinates>15.503613,-18.976526,0</coordinates>
        </Point>
      </Placemark>
      <Placemark>
        <name>Ozonjuitji m'Bari - Month 6</name>
        <description>Waterhole: Ozonjuitji m'Bari, Month: 6, Time: 2010-06-12 01:00:00, Lon: 15.504924, Lat: -18.977248</description>
        <styleUrl>#month6_style</styleUrl>
        <Point>
          <coordinates>15.504924,-18.977248,0</coordinates>
        </Point>
      </Placemark>
      <Placemark>
        <name>Ozonjuitji m'Bari - Month 6</name>
        <description>Waterhole: Ozonjuitji m'Bari, Month: 6, Time: 2010-06-12 01:20:00, Lon: 15.511216, Lat: -18.979700</description>
        <styleUrl>#month6_style</styleUrl>
        <Point>
          <coordinates>15.511216,-18.979700,0</coordinates>
        </Point>
      </Placemark>
      <Placemark>
        <name>Ozonjuitji m'Bari - Month 6</name>
        <description>Waterhole: Ozonjuitji m'Bari, Month: 6, Time: 2010-06-12 17:00:00, Lon: 15.509147, Lat: -18.978705</description>
        <styleUrl>#month6_style</styleUrl>
        <Point>
          <coordinates>15.509147,-18.978705,0</coordinates>
        </Point>
      </Placemark>
      <Placemark>
        <name>Ozonjuitji m'Bari - Month 6</name>
        <description>Waterhole: Ozonjuitji m'Bari, Month: 6, Time: 2010-06-12 17:20:00, Lon: 15.503356, Lat: -18.976569</description>
        <styleUrl>#month6_style</styleUrl>
        <Point>
          <coordinates>15.503356,-18.976569,0</coordinates>
        </Point>
      </Placemark>
      <Placemark>
        <name>Ozonjuitji m'Bari - Month 6</name>
        <description>Waterhole: Ozonjuitji m'Bari, Month: 6, Time: 2010-06-12 17:40:00, Lon: 15.503497, Lat: -18.976652</description>
        <styleUrl>#month6_style</styleUrl>
        <Point>
          <coordinates>15.503497,-18.976652,0</coordinates>
        </Point>
      </Placemark>
      <Placemark>
        <name>Ozonjuitji m'Bari - Month 6</name>
        <description>Waterhole: Ozonjuitji m'Bari, Month: 6, Time: 2010-06-12 18:00:00, Lon: 15.503652, Lat: -18.976436</description>
        <styleUrl>#month6_style</styleUrl>
        <Point>
          <coordinates>15.503652,-18.976436,0</coordinates>
        </Point>
      </Placemark>
      <Placemark>
        <name>Ozonjuitji m'Bari - Month 6</name>
        <description>Waterhole: Ozonjuitji m'Bari, Month: 6, Time: 2010-06-12 18:20:00, Lon: 15.503433, Lat: -18.976524</description>
        <styleUrl>#month6_style</styleUrl>
        <Point>
          <coordinates>15.503433,-18.976524,0</coordinates>
        </Point>
      </Placemark>
      <Placemark>
        <name>Ozonjuitji m'Bari - Month 6</name>
        <description>Waterhole: Ozonjuitji m'Bari, Month: 6, Time: 2010-06-12 18:40:00, Lon: 15.506314, Lat: -18.973918</description>
        <styleUrl>#month6_style</styleUrl>
        <Point>
          <coordinates>15.506314,-18.973918,0</coordinates>
        </Point>
      </Placemark>
      <Placemark>
        <name>Ozonjuitji m'Bari - Month 6</name>
        <description>Waterhole: Ozonjuitji m'Bari, Month: 6, Time: 2010-06-12 19:00:00, Lon: 15.509915, Lat: -18.971436</description>
        <styleUrl>#month6_style</styleUrl>
        <Point>
          <coordinates>15.509915,-18.971436,0</coordinates>
        </Point>
      </Placemark>
      <Placemark>
        <name>Ozonjuitji m'Bari - Month 6</name>
        <description>Waterhole: Ozonjuitji m'Bari, Month: 6, Time: 2010-06-12 19:20:00, Lon: 15.511947, Lat: -18.972929</description>
        <styleUrl>#month6_style</styleUrl>
        <Point>
          <coordinates>15.511947,-18.972929,0</coordinates>
        </Point>
      </Placemark>
      <Placemark>
        <name>Gemsbokvlakte - Month 6</name>
        <description>Waterhole: Gemsbokvlakte, Month: 6, Time: 2010-06-15 20:00:00, Lon: 16.052556, Lat: -19.215224</description>
        <styleUrl>#month6_style</styleUrl>
        <Point>
          <coordinates>16.052556,-19.215224,0</coordinates>
        </Point>
      </Placemark>
      <Placemark>
        <name>Gemsbokvlakte - Month 6</name>
        <description>Waterhole: Gemsbokvlakte, Month: 6, Time: 2010-06-15 20:20:00, Lon: 16.058711, Lat: -19.213186</description>
        <styleUrl>#month6_style</styleUrl>
        <Point>
          <coordinates>16.058711,-19.213186,0</coordinates>
        </Point>
      </Placemark>
      <Placemark>
        <name>Gemsbokvlakte - Month 6</name>
        <description>Waterhole: Gemsbokvlakte, Month: 6, Time: 2010-06-15 20:40:00, Lon: 16.064372, Lat: -19.220001</description>
        <styleUrl>#month6_style</styleUrl>
        <Point>
          <coordinates>16.064372,-19.220001,0</coordinates>
        </Point>
      </Placemark>
      <Placemark>
        <name>Olifantsbad Waterhole - Month 6</name>
        <description>Waterhole: Olifantsbad Waterhole, Month: 6, Time: 2010-06-16 11:40:00, Lon: 16.127875, Lat: -19.243191</description>
        <styleUrl>#month6_style</styleUrl>
        <Point>
          <coordinates>16.127875,-19.243191,0</coordinates>
        </Point>
      </Placemark>
      <Placemark>
        <name>Olifantsbad Waterhole - Month 6</name>
        <description>Waterhole: Olifantsbad Waterhole, Month: 6, Time: 2010-06-16 12:00:00, Lon: 16.131557, Lat: -19.238729</description>
        <styleUrl>#month6_style</styleUrl>
        <Point>
          <coordinates>16.131557,-19.238729,0</coordinates>
        </Point>
      </Placemark>
      <Placemark>
        <name>Olifantsbad Waterhole - Month 6</name>
        <description>Waterhole: Olifantsbad Waterhole, Month: 6, Time: 2010-06-16 12:20:00, Lon: 16.131570, Lat: -19.238719</description>
        <styleUrl>#month6_style</styleUrl>
        <Point>
          <coordinates>16.131570,-19.238719,0</coordinates>
        </Point>
      </Placemark>
      <Placemark>
        <name>Olifantsbad Waterhole - Month 6</name>
        <description>Waterhole: Olifantsbad Waterhole, Month: 6, Time: 2010-06-16 12:40:00, Lon: 16.131162, Lat: -19.242261</description>
        <styleUrl>#month6_style</styleUrl>
        <Point>
          <coordinates>16.131162,-19.242261,0</coordinates>
        </Point>
      </Placemark>
      <Placemark>
        <name>Olifantsbad Waterhole - Month 6</name>
        <description>Waterhole: Olifantsbad Waterhole, Month: 6, Time: 2010-06-16 13:00:00, Lon: 16.131502, Lat: -19.242183</description>
        <styleUrl>#month6_style</styleUrl>
        <Point>
          <coordinates>16.131502,-19.242183,0</coordinates>
        </Point>
      </Placemark>
      <Placemark>
        <name>Olifantsbad Waterhole - Month 6</name>
        <description>Waterhole: Olifantsbad Waterhole, Month: 6, Time: 2010-06-16 13:20:00, Lon: 16.131705, Lat: -19.242348</description>
        <styleUrl>#month6_style</styleUrl>
        <Point>
          <coordinates>16.131705,-19.242348,0</coordinates>
        </Point>
      </Placemark>
      <Placemark>
        <name>Olifantsbad Waterhole - Month 6</name>
        <description>Waterhole: Olifantsbad Waterhole, Month: 6, Time: 2010-06-16 13:40:00, Lon: 16.132892, Lat: -19.243339</description>
        <styleUrl>#month6_style</styleUrl>
        <Point>
          <coordinates>16.132892,-19.243339,0</coordinates>
        </Point>
      </Placemark>
      <Placemark>
        <name>Olifantsbad Waterhole - Month 6</name>
        <description>Waterhole: Olifantsbad Waterhole, Month: 6, Time: 2010-06-16 14:00:00, Lon: 16.133111, Lat: -19.243803</description>
        <styleUrl>#month6_style</styleUrl>
        <Point>
          <coordinates>16.133111,-19.243803,0</coordinates>
        </Point>
      </Placemark>
      <Placemark>
        <name>Olifantsbad Waterhole - Month 6</name>
        <description>Waterhole: Olifantsbad Waterhole, Month: 6, Time: 2010-06-16 14:20:00, Lon: 16.133683, Lat: -19.244464</description>
        <styleUrl>#month6_style</styleUrl>
        <Point>
          <coordinates>16.133683,-19.244464,0</coordinates>
        </Point>
      </Placemark>
      <Placemark>
        <name>Olifantsbad Waterhole - Month 6</name>
        <description>Waterhole: Olifantsbad Waterhole, Month: 6, Time: 2010-06-16 14:40:00, Lon: 16.134515, Lat: -19.244887</description>
        <styleUrl>#month6_style</styleUrl>
        <Point>
          <coordinates>16.134515,-19.244887,0</coordinates>
        </Point>
      </Placemark>
      <Placemark>
        <name>Olifantsbad Waterhole - Month 6</name>
        <description>Waterhole: Olifantsbad Waterhole, Month: 6, Time: 2010-06-16 15:00:00, Lon: 16.136498, Lat: -19.245026</description>
        <styleUrl>#month6_style</styleUrl>
        <Point>
          <coordinates>16.136498,-19.245026,0</coordinates>
        </Point>
      </Placemark>
      <Placemark>
        <name>Olifantsbad Waterhole - Month 6</name>
        <description>Waterhole: Olifantsbad Waterhole, Month: 6, Time: 2010-06-17 09:40:00, Lon: 16.136683, Lat: -19.243262</description>
        <styleUrl>#month6_style</styleUrl>
        <Point>
          <coordinates>16.136683,-19.243262,0</coordinates>
        </Point>
      </Placemark>
      <Placemark>
        <name>Olifantsbad Waterhole - Month 6</name>
        <description>Waterhole: Olifantsbad Waterhole, Month: 6, Time: 2010-06-17 10:00:00, Lon: 16.134333, Lat: -19.243317</description>
        <styleUrl>#month6_style</styleUrl>
        <Point>
          <coordinates>16.134333,-19.243317,0</coordinates>
        </Point>
      </Placemark>
      <Placemark>
        <name>Olifantsbad Waterhole - Month 6</name>
        <description>Waterhole: Olifantsbad Waterhole, Month: 6, Time: 2010-06-17 10:20:00, Lon: 16.133980, Lat: -19.243306</description>
        <styleUrl>#month6_style</styleUrl>
        <Point>
          <coordinates>16.133980,-19.243306,0</coordinates>
        </Point>
      </Placemark>
      <Placemark>
        <name>Olifantsbad Waterhole - Month 6</name>
        <description>Waterhole: Olifantsbad Waterhole, Month: 6, Time: 2010-06-17 10:40:00, Lon: 16.133985, Lat: -19.243286</description>
        <styleUrl>#month6_style</styleUrl>
        <Point>
          <coordinates>16.133985,-19.243286,0</coordinates>
        </Point>
      </Placemark>
      <Placemark>
        <name>Olifantsbad Waterhole - Month 6</name>
        <description>Waterhole: Olifantsbad Waterhole, Month: 6, Time: 2010-06-17 11:00:00, Lon: 16.133981, Lat: -19.243290</description>
        <styleUrl>#month6_style</styleUrl>
        <Point>
          <coordinates>16.133981,-19.243290,0</coordinates>
        </Point>
      </Placemark>
      <Placemark>
        <name>Olifantsbad Waterhole - Month 6</name>
        <description>Waterhole: Olifantsbad Waterhole, Month: 6, Time: 2010-06-17 11:20:00, Lon: 16.133995, Lat: -19.243298</description>
        <styleUrl>#month6_style</styleUrl>
        <Point>
          <coordinates>16.133995,-19.243298,0</coordinates>
        </Point>
      </Placemark>
      <Placemark>
        <name>Olifantsbad Waterhole - Month 6</name>
        <description>Waterhole: Olifantsbad Waterhole, Month: 6, Time: 2010-06-17 11:40:00, Lon: 16.133952, Lat: -19.243260</description>
        <styleUrl>#month6_style</styleUrl>
        <Point>
          <coordinates>16.133952,-19.243260,0</coordinates>
        </Point>
      </Placemark>
      <Placemark>
        <name>Olifantsbad Waterhole - Month 6</name>
        <description>Waterhole: Olifantsbad Waterhole, Month: 6, Time: 2010-06-17 12:00:00, Lon: 16.133229, Lat: -19.243278</description>
        <styleUrl>#month6_style</styleUrl>
        <Point>
          <coordinates>16.133229,-19.243278,0</coordinates>
        </Point>
      </Placemark>
      <Placemark>
        <name>Olifantsbad Waterhole - Month 6</name>
        <description>Waterhole: Olifantsbad Waterhole, Month: 6, Time: 2010-06-17 12:20:00, Lon: 16.132834, Lat: -19.243288</description>
        <styleUrl>#month6_style</styleUrl>
        <Point>
          <coordinates>16.132834,-19.243288,0</coordinates>
        </Point>
      </Placemark>
      <Placemark>
        <name>Olifantsbad Waterhole - Month 6</name>
        <description>Waterhole: Olifantsbad Waterhole, Month: 6, Time: 2010-06-17 12:40:00, Lon: 16.131766, Lat: -19.242918</description>
        <styleUrl>#month6_style</styleUrl>
        <Point>
          <coordinates>16.131766,-19.242918,0</coordinates>
        </Point>
      </Placemark>
      <Placemark>
        <name>Olifantsbad Waterhole - Month 6</name>
        <description>Waterhole: Olifantsbad Waterhole, Month: 6, Time: 2010-06-17 13:00:00, Lon: 16.130906, Lat: -19.242033</description>
        <styleUrl>#month6_style</styleUrl>
        <Point>
          <coordinates>16.130906,-19.242033,0</coordinates>
        </Point>
      </Placemark>
      <Placemark>
        <name>Olifantsbad Waterhole - Month 6</name>
        <description>Waterhole: Olifantsbad Waterhole, Month: 6, Time: 2010-06-17 13:20:00, Lon: 16.131724, Lat: -19.238460</description>
        <styleUrl>#month6_style</styleUrl>
        <Point>
          <coordinates>16.131724,-19.238460,0</coordinates>
        </Point>
      </Placemark>
      <Placemark>
        <name>Olifantsbad Waterhole - Month 6</name>
        <description>Waterhole: Olifantsbad Waterhole, Month: 6, Time: 2010-06-17 13:40:00, Lon: 16.132721, Lat: -19.240287</description>
        <styleUrl>#month6_style</styleUrl>
        <Point>
          <coordinates>16.132721,-19.240287,0</coordinates>
        </Point>
      </Placemark>
      <Placemark>
        <name>Olifantsbad Waterhole - Month 6</name>
        <description>Waterhole: Olifantsbad Waterhole, Month: 6, Time: 2010-06-17 14:00:00, Lon: 16.135002, Lat: -19.242131</description>
        <styleUrl>#month6_style</styleUrl>
        <Point>
          <coordinates>16.135002,-19.242131,0</coordinates>
        </Point>
      </Placemark>
      <Placemark>
        <name>Olifantsbad Waterhole - Month 6</name>
        <description>Waterhole: Olifantsbad Waterhole, Month: 6, Time: 2010-06-17 14:20:00, Lon: 16.135016, Lat: -19.243109</description>
        <styleUrl>#month6_style</styleUrl>
        <Point>
          <coordinates>16.135016,-19.243109,0</coordinates>
        </Point>
      </Placemark>
      <Placemark>
        <name>Olifantsbad Waterhole - Month 6</name>
        <description>Waterhole: Olifantsbad Waterhole, Month: 6, Time: 2010-06-17 14:40:00, Lon: 16.135345, Lat: -19.245813</description>
        <styleUrl>#month6_style</styleUrl>
        <Point>
          <coordinates>16.135345,-19.245813,0</coordinates>
        </Point>
      </Placemark>
      <Placemark>
        <name>Olifantsbad Waterhole - Month 6</name>
        <description>Waterhole: Olifantsbad Waterhole, Month: 6, Time: 2010-06-18 12:20:00, Lon: 16.138046, Lat: -19.240857</description>
        <styleUrl>#month6_style</styleUrl>
        <Point>
          <coordinates>16.138046,-19.240857,0</coordinates>
        </Point>
      </Placemark>
      <Placemark>
        <name>Olifantsbad Waterhole - Month 6</name>
        <description>Waterhole: Olifantsbad Waterhole, Month: 6, Time: 2010-06-18 12:40:00, Lon: 16.134702, Lat: -19.239754</description>
        <styleUrl>#month6_style</styleUrl>
        <Point>
          <coordinates>16.134702,-19.239754,0</coordinates>
        </Point>
      </Placemark>
      <Placemark>
        <name>Olifantsbad Waterhole - Month 6</name>
        <description>Waterhole: Olifantsbad Waterhole, Month: 6, Time: 2010-06-18 13:00:00, Lon: 16.131464, Lat: -19.238725</description>
        <styleUrl>#month6_style</styleUrl>
        <Point>
          <coordinates>16.131464,-19.238725,0</coordinates>
        </Point>
      </Placemark>
      <Placemark>
        <name>Olifantsbad Waterhole - Month 6</name>
        <description>Waterhole: Olifantsbad Waterhole, Month: 6, Time: 2010-06-18 13:20:00, Lon: 16.131711, Lat: -19.238466</description>
        <styleUrl>#month6_style</styleUrl>
        <Point>
          <coordinates>16.131711,-19.238466,0</coordinates>
        </Point>
      </Placemark>
      <Placemark>
        <name>Olifantsbad Waterhole - Month 6</name>
        <description>Waterhole: Olifantsbad Waterhole, Month: 6, Time: 2010-06-18 13:40:00, Lon: 16.132455, Lat: -19.236792</description>
        <styleUrl>#month6_style</styleUrl>
        <Point>
          <coordinates>16.132455,-19.236792,0</coordinates>
        </Point>
      </Placemark>
      <Placemark>
        <name>Olifantsbad Waterhole - Month 6</name>
        <description>Waterhole: Olifantsbad Waterhole, Month: 6, Time: 2010-06-18 14:00:00, Lon: 16.133915, Lat: -19.235402</description>
        <styleUrl>#month6_style</styleUrl>
        <Point>
          <coordinates>16.133915,-19.235402,0</coordinates>
        </Point>
      </Placemark>
      <Placemark>
        <name>Olifantsbad Waterhole - Month 6</name>
        <description>Waterhole: Olifantsbad Waterhole, Month: 6, Time: 2010-06-18 14:20:00, Lon: 16.134997, Lat: -19.231543</description>
        <styleUrl>#month6_style</styleUrl>
        <Point>
          <coordinates>16.134997,-19.231543,0</coordinates>
        </Point>
      </Placemark>
      <Placemark>
        <name>Olifantsbad Waterhole - Month 6</name>
        <description>Waterhole: Olifantsbad Waterhole, Month: 6, Time: 2010-06-18 14:40:00, Lon: 16.134995, Lat: -19.231433</description>
        <styleUrl>#month6_style</styleUrl>
        <Point>
          <coordinates>16.134995,-19.231433,0</coordinates>
        </Point>
      </Placemark>
      <Placemark>
        <name>Olifantsbad Waterhole - Month 6</name>
        <description>Waterhole: Olifantsbad Waterhole, Month: 6, Time: 2010-06-19 12:40:00, Lon: 16.138570, Lat: -19.233305</description>
        <styleUrl>#month6_style</styleUrl>
        <Point>
          <coordinates>16.138570,-19.233305,0</coordinates>
        </Point>
      </Placemark>
      <Placemark>
        <name>Olifantsbad Waterhole - Month 6</name>
        <description>Waterhole: Olifantsbad Waterhole, Month: 6, Time: 2010-06-19 13:00:00, Lon: 16.134493, Lat: -19.236973</description>
        <styleUrl>#month6_style</styleUrl>
        <Point>
          <coordinates>16.134493,-19.236973,0</coordinates>
        </Point>
      </Placemark>
      <Placemark>
        <name>Olifantsbad Waterhole - Month 6</name>
        <description>Waterhole: Olifantsbad Waterhole, Month: 6, Time: 2010-06-19 13:20:00, Lon: 16.131778, Lat: -19.238747</description>
        <styleUrl>#month6_style</styleUrl>
        <Point>
          <coordinates>16.131778,-19.238747,0</coordinates>
        </Point>
      </Placemark>
      <Placemark>
        <name>Olifantsbad Waterhole - Month 6</name>
        <description>Waterhole: Olifantsbad Waterhole, Month: 6, Time: 2010-06-19 13:40:00, Lon: 16.131664, Lat: -19.238670</description>
        <styleUrl>#month6_style</styleUrl>
        <Point>
          <coordinates>16.131664,-19.238670,0</coordinates>
        </Point>
      </Placemark>
      <Placemark>
        <name>Olifantsbad Waterhole - Month 6</name>
        <description>Waterhole: Olifantsbad Waterhole, Month: 6, Time: 2010-06-19 14:00:00, Lon: 16.131631, Lat: -19.238717</description>
        <styleUrl>#month6_style</styleUrl>
        <Point>
          <coordinates>16.131631,-19.238717,0</coordinates>
        </Point>
      </Placemark>
      <Placemark>
        <name>Olifantsbad Waterhole - Month 6</name>
        <description>Waterhole: Olifantsbad Waterhole, Month: 6, Time: 2010-06-19 14:20:00, Lon: 16.134377, Lat: -19.239726</description>
        <styleUrl>#month6_style</styleUrl>
        <Point>
          <coordinates>16.134377,-19.239726,0</coordinates>
        </Point>
      </Placemark>
      <Placemark>
        <name>Olifantsbad Waterhole - Month 6</name>
        <description>Waterhole: Olifantsbad Waterhole, Month: 6, Time: 2010-06-19 14:40:00, Lon: 16.135040, Lat: -19.239333</description>
        <styleUrl>#month6_style</styleUrl>
        <Point>
          <coordinates>16.135040,-19.239333,0</coordinates>
        </Point>
      </Placemark>
      <Placemark>
        <name>Olifantsbad Waterhole - Month 6</name>
        <description>Waterhole: Olifantsbad Waterhole, Month: 6, Time: 2010-06-19 15:00:00, Lon: 16.137406, Lat: -19.239058</description>
        <styleUrl>#month6_style</styleUrl>
        <Point>
          <coordinates>16.137406,-19.239058,0</coordinates>
        </Point>
      </Placemark>
      <Placemark>
        <name>Olifantsbad Waterhole - Month 6</name>
        <description>Waterhole: Olifantsbad Waterhole, Month: 6, Time: 2010-06-19 15:20:00, Lon: 16.140514, Lat: -19.237964</description>
        <styleUrl>#month6_style</styleUrl>
        <Point>
          <coordinates>16.140514,-19.237964,0</coordinates>
        </Point>
      </Placemark>
      <Placemark>
        <name>Olifantsbad Waterhole - Month 6</name>
        <description>Waterhole: Olifantsbad Waterhole, Month: 6, Time: 2010-06-20 11:20:00, Lon: 16.139377, Lat: -19.235459</description>
        <styleUrl>#month6_style</styleUrl>
        <Point>
          <coordinates>16.139377,-19.235459,0</coordinates>
        </Point>
      </Placemark>
      <Placemark>
        <name>Olifantsbad Waterhole - Month 6</name>
        <description>Waterhole: Olifantsbad Waterhole, Month: 6, Time: 2010-06-20 11:40:00, Lon: 16.135424, Lat: -19.236949</description>
        <styleUrl>#month6_style</styleUrl>
        <Point>
          <coordinates>16.135424,-19.236949,0</coordinates>
        </Point>
      </Placemark>
      <Placemark>
        <name>Olifantsbad Waterhole - Month 6</name>
        <description>Waterhole: Olifantsbad Waterhole, Month: 6, Time: 2010-06-20 12:00:00, Lon: 16.133998, Lat: -19.237417</description>
        <styleUrl>#month6_style</styleUrl>
        <Point>
          <coordinates>16.133998,-19.237417,0</coordinates>
        </Point>
      </Placemark>
      <Placemark>
        <name>Olifantsbad Waterhole - Month 6</name>
        <description>Waterhole: Olifantsbad Waterhole, Month: 6, Time: 2010-06-20 12:20:00, Lon: 16.131642, Lat: -19.238420</description>
        <styleUrl>#month6_style</styleUrl>
        <Point>
          <coordinates>16.131642,-19.238420,0</coordinates>
        </Point>
      </Placemark>
      <Placemark>
        <name>Olifantsbad Waterhole - Month 6</name>
        <description>Waterhole: Olifantsbad Waterhole, Month: 6, Time: 2010-06-20 12:40:00, Lon: 16.131648, Lat: -19.238428</description>
        <styleUrl>#month6_style</styleUrl>
        <Point>
          <coordinates>16.131648,-19.238428,0</coordinates>
        </Point>
      </Placemark>
      <Placemark>
        <name>Olifantsbad Waterhole - Month 6</name>
        <description>Waterhole: Olifantsbad Waterhole, Month: 6, Time: 2010-06-20 13:00:00, Lon: 16.131674, Lat: -19.238379</description>
        <styleUrl>#month6_style</styleUrl>
        <Point>
          <coordinates>16.131674,-19.238379,0</coordinates>
        </Point>
      </Placemark>
      <Placemark>
        <name>Olifantsbad Waterhole - Month 6</name>
        <description>Waterhole: Olifantsbad Waterhole, Month: 6, Time: 2010-06-20 13:20:00, Lon: 16.131615, Lat: -19.237655</description>
        <styleUrl>#month6_style</styleUrl>
        <Point>
          <coordinates>16.131615,-19.237655,0</coordinates>
        </Point>
      </Placemark>
      <Placemark>
        <name>Olifantsbad Waterhole - Month 6</name>
        <description>Waterhole: Olifantsbad Waterhole, Month: 6, Time: 2010-06-20 13:40:00, Lon: 16.131495, Lat: -19.236757</description>
        <styleUrl>#month6_style</styleUrl>
        <Point>
          <coordinates>16.131495,-19.236757,0</coordinates>
        </Point>
      </Placemark>
      <Placemark>
        <name>Olifantsbad Waterhole - Month 6</name>
        <description>Waterhole: Olifantsbad Waterhole, Month: 6, Time: 2010-06-20 14:00:00, Lon: 16.131090, Lat: -19.236717</description>
        <styleUrl>#month6_style</styleUrl>
        <Point>
          <coordinates>16.131090,-19.236717,0</coordinates>
        </Point>
      </Placemark>
      <Placemark>
        <name>Olifantsbad Waterhole - Month 6</name>
        <description>Waterhole: Olifantsbad Waterhole, Month: 6, Time: 2010-06-20 14:20:00, Lon: 16.131913, Lat: -19.236454</description>
        <styleUrl>#month6_style</styleUrl>
        <Point>
          <coordinates>16.131913,-19.236454,0</coordinates>
        </Point>
      </Placemark>
      <Placemark>
        <name>Olifantsbad Waterhole - Month 6</name>
        <description>Waterhole: Olifantsbad Waterhole, Month: 6, Time: 2010-06-20 14:40:00, Lon: 16.133931, Lat: -19.233842</description>
        <styleUrl>#month6_style</styleUrl>
        <Point>
          <coordinates>16.133931,-19.233842,0</coordinates>
        </Point>
      </Placemark>
      <Placemark>
        <name>Olifantsbad Waterhole - Month 6</name>
        <description>Waterhole: Olifantsbad Waterhole, Month: 6, Time: 2010-06-20 15:00:00, Lon: 16.134244, Lat: -19.232530</description>
        <styleUrl>#month6_style</styleUrl>
        <Point>
          <coordinates>16.134244,-19.232530,0</coordinates>
        </Point>
      </Placemark>
      <Placemark>
        <name>Olifantsbad Waterhole - Month 6</name>
        <description>Waterhole: Olifantsbad Waterhole, Month: 6, Time: 2010-06-20 15:20:00, Lon: 16.134802, Lat: -19.232035</description>
        <styleUrl>#month6_style</styleUrl>
        <Point>
          <coordinates>16.134802,-19.232035,0</coordinates>
        </Point>
      </Placemark>
      <Placemark>
        <name>Olifantsbad Waterhole - Month 6</name>
        <description>Waterhole: Olifantsbad Waterhole, Month: 6, Time: 2010-06-20 15:40:00, Lon: 16.135327, Lat: -19.231437</description>
        <styleUrl>#month6_style</styleUrl>
        <Point>
          <coordinates>16.135327,-19.231437,0</coordinates>
        </Point>
      </Placemark>
      <Placemark>
        <name>Olifantsbad Waterhole - Month 6</name>
        <description>Waterhole: Olifantsbad Waterhole, Month: 6, Time: 2010-06-21 11:40:00, Lon: 16.138723, Lat: -19.234131</description>
        <styleUrl>#month6_style</styleUrl>
        <Point>
          <coordinates>16.138723,-19.234131,0</coordinates>
        </Point>
      </Placemark>
      <Placemark>
        <name>Olifantsbad Waterhole - Month 6</name>
        <description>Waterhole: Olifantsbad Waterhole, Month: 6, Time: 2010-06-21 12:00:00, Lon: 16.137704, Lat: -19.234880</description>
        <styleUrl>#month6_style</styleUrl>
        <Point>
          <coordinates>16.137704,-19.234880,0</coordinates>
        </Point>
      </Placemark>
      <Placemark>
        <name>Olifantsbad Waterhole - Month 6</name>
        <description>Waterhole: Olifantsbad Waterhole, Month: 6, Time: 2010-06-21 12:20:00, Lon: 16.137238, Lat: -19.235337</description>
        <styleUrl>#month6_style</styleUrl>
        <Point>
          <coordinates>16.137238,-19.235337,0</coordinates>
        </Point>
      </Placemark>
      <Placemark>
        <name>Olifantsbad Waterhole - Month 6</name>
        <description>Waterhole: Olifantsbad Waterhole, Month: 6, Time: 2010-06-21 12:40:00, Lon: 16.133829, Lat: -19.237439</description>
        <styleUrl>#month6_style</styleUrl>
        <Point>
          <coordinates>16.133829,-19.237439,0</coordinates>
        </Point>
      </Placemark>
      <Placemark>
        <name>Olifantsbad Waterhole - Month 6</name>
        <description>Waterhole: Olifantsbad Waterhole, Month: 6, Time: 2010-06-21 13:00:00, Lon: 16.131681, Lat: -19.238448</description>
        <styleUrl>#month6_style</styleUrl>
        <Point>
          <coordinates>16.131681,-19.238448,0</coordinates>
        </Point>
      </Placemark>
      <Placemark>
        <name>Olifantsbad Waterhole - Month 6</name>
        <description>Waterhole: Olifantsbad Waterhole, Month: 6, Time: 2010-06-21 13:20:00, Lon: 16.131668, Lat: -19.238652</description>
        <styleUrl>#month6_style</styleUrl>
        <Point>
          <coordinates>16.131668,-19.238652,0</coordinates>
        </Point>
      </Placemark>
      <Placemark>
        <name>Olifantsbad Waterhole - Month 6</name>
        <description>Waterhole: Olifantsbad Waterhole, Month: 6, Time: 2010-06-21 13:40:00, Lon: 16.131782, Lat: -19.238538</description>
        <styleUrl>#month6_style</styleUrl>
        <Point>
          <coordinates>16.131782,-19.238538,0</coordinates>
        </Point>
      </Placemark>
      <Placemark>
        <name>Olifantsbad Waterhole - Month 6</name>
        <description>Waterhole: Olifantsbad Waterhole, Month: 6, Time: 2010-06-21 14:00:00, Lon: 16.131920, Lat: -19.238647</description>
        <styleUrl>#month6_style</styleUrl>
        <Point>
          <coordinates>16.131920,-19.238647,0</coordinates>
        </Point>
      </Placemark>
      <Placemark>
        <name>Olifantsbad Waterhole - Month 6</name>
        <description>Waterhole: Olifantsbad Waterhole, Month: 6, Time: 2010-06-21 14:20:00, Lon: 16.131735, Lat: -19.238615</description>
        <styleUrl>#month6_style</styleUrl>
        <Point>
          <coordinates>16.131735,-19.238615,0</coordinates>
        </Point>
      </Placemark>
      <Placemark>
        <name>Olifantsbad Waterhole - Month 6</name>
        <description>Waterhole: Olifantsbad Waterhole, Month: 6, Time: 2010-06-21 14:40:00, Lon: 16.133654, Lat: -19.240356</description>
        <styleUrl>#month6_style</styleUrl>
        <Point>
          <coordinates>16.133654,-19.240356,0</coordinates>
        </Point>
      </Placemark>
      <Placemark>
        <name>Olifantsbad Waterhole - Month 6</name>
        <description>Waterhole: Olifantsbad Waterhole, Month: 6, Time: 2010-06-21 15:00:00, Lon: 16.134172, Lat: -19.240863</description>
        <styleUrl>#month6_style</styleUrl>
        <Point>
          <coordinates>16.134172,-19.240863,0</coordinates>
        </Point>
      </Placemark>
      <Placemark>
        <name>Olifantsbad Waterhole - Month 6</name>
        <description>Waterhole: Olifantsbad Waterhole, Month: 6, Time: 2010-06-22 15:00:00, Lon: 16.135321, Lat: -19.246208</description>
        <styleUrl>#month6_style</styleUrl>
        <Point>
          <coordinates>16.135321,-19.246208,0</coordinates>
        </Point>
      </Placemark>
      <Placemark>
        <name>Olifantsbad Waterhole - Month 6</name>
        <description>Waterhole: Olifantsbad Waterhole, Month: 6, Time: 2010-06-22 15:20:00, Lon: 16.134084, Lat: -19.244952</description>
        <styleUrl>#month6_style</styleUrl>
        <Point>
          <coordinates>16.134084,-19.244952,0</coordinates>
        </Point>
      </Placemark>
      <Placemark>
        <name>Olifantsbad Waterhole - Month 6</name>
        <description>Waterhole: Olifantsbad Waterhole, Month: 6, Time: 2010-06-22 15:40:00, Lon: 16.131989, Lat: -19.239242</description>
        <styleUrl>#month6_style</styleUrl>
        <Point>
          <coordinates>16.131989,-19.239242,0</coordinates>
        </Point>
      </Placemark>
      <Placemark>
        <name>Olifantsbad Waterhole - Month 6</name>
        <description>Waterhole: Olifantsbad Waterhole, Month: 6, Time: 2010-06-22 16:00:00, Lon: 16.131664, Lat: -19.238704</description>
        <styleUrl>#month6_style</styleUrl>
        <Point>
          <coordinates>16.131664,-19.238704,0</coordinates>
        </Point>
      </Placemark>
      <Placemark>
        <name>Olifantsbad Waterhole - Month 6</name>
        <description>Waterhole: Olifantsbad Waterhole, Month: 6, Time: 2010-06-22 16:20:00, Lon: 16.134626, Lat: -19.236837</description>
        <styleUrl>#month6_style</styleUrl>
        <Point>
          <coordinates>16.134626,-19.236837,0</coordinates>
        </Point>
      </Placemark>
      <Placemark>
        <name>Olifantsbad Waterhole - Month 6</name>
        <description>Waterhole: Olifantsbad Waterhole, Month: 6, Time: 2010-06-22 16:40:00, Lon: 16.136800, Lat: -19.235679</description>
        <styleUrl>#month6_style</styleUrl>
        <Point>
          <coordinates>16.136800,-19.235679,0</coordinates>
        </Point>
      </Placemark>
      <Placemark>
        <name>Olifantsbad Waterhole - Month 6</name>
        <description>Waterhole: Olifantsbad Waterhole, Month: 6, Time: 2010-06-22 17:00:00, Lon: 16.138008, Lat: -19.234808</description>
        <styleUrl>#month6_style</styleUrl>
        <Point>
          <coordinates>16.138008,-19.234808,0</coordinates>
        </Point>
      </Placemark>
      <Placemark>
        <name>Olifantsbad Waterhole - Month 6</name>
        <description>Waterhole: Olifantsbad Waterhole, Month: 6, Time: 2010-06-22 17:20:00, Lon: 16.139105, Lat: -19.234615</description>
        <styleUrl>#month6_style</styleUrl>
        <Point>
          <coordinates>16.139105,-19.234615,0</coordinates>
        </Point>
      </Placemark>
      <Placemark>
        <name>Olifantsbad Waterhole - Month 6</name>
        <description>Waterhole: Olifantsbad Waterhole, Month: 6, Time: 2010-06-23 11:40:00, Lon: 16.135745, Lat: -19.236841</description>
        <styleUrl>#month6_style</styleUrl>
        <Point>
          <coordinates>16.135745,-19.236841,0</coordinates>
        </Point>
      </Placemark>
      <Placemark>
        <name>Olifantsbad Waterhole - Month 6</name>
        <description>Waterhole: Olifantsbad Waterhole, Month: 6, Time: 2010-06-23 12:00:00, Lon: 16.131598, Lat: -19.238715</description>
        <styleUrl>#month6_style</styleUrl>
        <Point>
          <coordinates>16.131598,-19.238715,0</coordinates>
        </Point>
      </Placemark>
      <Placemark>
        <name>Olifantsbad Waterhole - Month 6</name>
        <description>Waterhole: Olifantsbad Waterhole, Month: 6, Time: 2010-06-23 12:20:00, Lon: 16.131716, Lat: -19.238460</description>
        <styleUrl>#month6_style</styleUrl>
        <Point>
          <coordinates>16.131716,-19.238460,0</coordinates>
        </Point>
      </Placemark>
      <Placemark>
        <name>Olifantsbad Waterhole - Month 6</name>
        <description>Waterhole: Olifantsbad Waterhole, Month: 6, Time: 2010-06-23 12:40:00, Lon: 16.131603, Lat: -19.237488</description>
        <styleUrl>#month6_style</styleUrl>
        <Point>
          <coordinates>16.131603,-19.237488,0</coordinates>
        </Point>
      </Placemark>
      <Placemark>
        <name>Olifantsbad Waterhole - Month 6</name>
        <description>Waterhole: Olifantsbad Waterhole, Month: 6, Time: 2010-06-23 13:00:00, Lon: 16.131592, Lat: -19.235181</description>
        <styleUrl>#month6_style</styleUrl>
        <Point>
          <coordinates>16.131592,-19.235181,0</coordinates>
        </Point>
      </Placemark>
      <Placemark>
        <name>Olifantsbad Waterhole - Month 6</name>
        <description>Waterhole: Olifantsbad Waterhole, Month: 6, Time: 2010-06-23 13:20:00, Lon: 16.132397, Lat: -19.235089</description>
        <styleUrl>#month6_style</styleUrl>
        <Point>
          <coordinates>16.132397,-19.235089,0</coordinates>
        </Point>
      </Placemark>
      <Placemark>
        <name>Olifantsbad Waterhole - Month 6</name>
        <description>Waterhole: Olifantsbad Waterhole, Month: 6, Time: 2010-06-23 13:40:00, Lon: 16.132658, Lat: -19.235215</description>
        <styleUrl>#month6_style</styleUrl>
        <Point>
          <coordinates>16.132658,-19.235215,0</coordinates>
        </Point>
      </Placemark>
      <Placemark>
        <name>Olifantsbad Waterhole - Month 6</name>
        <description>Waterhole: Olifantsbad Waterhole, Month: 6, Time: 2010-06-23 14:00:00, Lon: 16.132607, Lat: -19.235284</description>
        <styleUrl>#month6_style</styleUrl>
        <Point>
          <coordinates>16.132607,-19.235284,0</coordinates>
        </Point>
      </Placemark>
      <Placemark>
        <name>Olifantsbad Waterhole - Month 6</name>
        <description>Waterhole: Olifantsbad Waterhole, Month: 6, Time: 2010-06-23 14:20:00, Lon: 16.132511, Lat: -19.235307</description>
        <styleUrl>#month6_style</styleUrl>
        <Point>
          <coordinates>16.132511,-19.235307,0</coordinates>
        </Point>
      </Placemark>
      <Placemark>
        <name>Olifantsbad Waterhole - Month 6</name>
        <description>Waterhole: Olifantsbad Waterhole, Month: 6, Time: 2010-06-23 14:40:00, Lon: 16.132404, Lat: -19.235406</description>
        <styleUrl>#month6_style</styleUrl>
        <Point>
          <coordinates>16.132404,-19.235406,0</coordinates>
        </Point>
      </Placemark>
      <Placemark>
        <name>Olifantsbad Waterhole - Month 6</name>
        <description>Waterhole: Olifantsbad Waterhole, Month: 6, Time: 2010-06-23 15:00:00, Lon: 16.132339, Lat: -19.235734</description>
        <styleUrl>#month6_style</styleUrl>
        <Point>
          <coordinates>16.132339,-19.235734,0</coordinates>
        </Point>
      </Placemark>
      <Placemark>
        <name>Olifantsbad Waterhole - Month 6</name>
        <description>Waterhole: Olifantsbad Waterhole, Month: 6, Time: 2010-06-23 15:20:00, Lon: 16.132283, Lat: -19.236721</description>
        <styleUrl>#month6_style</styleUrl>
        <Point>
          <coordinates>16.132283,-19.236721,0</coordinates>
        </Point>
      </Placemark>
      <Placemark>
        <name>Olifantsbad Waterhole - Month 6</name>
        <description>Waterhole: Olifantsbad Waterhole, Month: 6, Time: 2010-06-23 15:40:00, Lon: 16.131778, Lat: -19.238493</description>
        <styleUrl>#month6_style</styleUrl>
        <Point>
          <coordinates>16.131778,-19.238493,0</coordinates>
        </Point>
      </Placemark>
      <Placemark>
        <name>Olifantsbad Waterhole - Month 6</name>
        <description>Waterhole: Olifantsbad Waterhole, Month: 6, Time: 2010-06-23 16:00:00, Lon: 16.137222, Lat: -19.241593</description>
        <styleUrl>#month6_style</styleUrl>
        <Point>
          <coordinates>16.137222,-19.241593,0</coordinates>
        </Point>
      </Placemark>
      <Placemark>
        <name>Olifantsbad Waterhole - Month 6</name>
        <description>Waterhole: Olifantsbad Waterhole, Month: 6, Time: 2010-06-24 15:40:00, Lon: 16.137336, Lat: -19.240938</description>
        <styleUrl>#month6_style</styleUrl>
        <Point>
          <coordinates>16.137336,-19.240938,0</coordinates>
        </Point>
      </Placemark>
      <Placemark>
        <name>Olifantsbad Waterhole - Month 6</name>
        <description>Waterhole: Olifantsbad Waterhole, Month: 6, Time: 2010-06-24 16:00:00, Lon: 16.131726, Lat: -19.238499</description>
        <styleUrl>#month6_style</styleUrl>
        <Point>
          <coordinates>16.131726,-19.238499,0</coordinates>
        </Point>
      </Placemark>
      <Placemark>
        <name>Olifantsbad Waterhole - Month 6</name>
        <description>Waterhole: Olifantsbad Waterhole, Month: 6, Time: 2010-06-24 16:20:00, Lon: 16.132711, Lat: -19.238078</description>
        <styleUrl>#month6_style</styleUrl>
        <Point>
          <coordinates>16.132711,-19.238078,0</coordinates>
        </Point>
      </Placemark>
      <Placemark>
        <name>Olifantsbad Waterhole - Month 6</name>
        <description>Waterhole: Olifantsbad Waterhole, Month: 6, Time: 2010-06-24 16:40:00, Lon: 16.134782, Lat: -19.237404</description>
        <styleUrl>#month6_style</styleUrl>
        <Point>
          <coordinates>16.134782,-19.237404,0</coordinates>
        </Point>
      </Placemark>
      <Placemark>
        <name>Olifantsbad Waterhole - Month 6</name>
        <description>Waterhole: Olifantsbad Waterhole, Month: 6, Time: 2010-06-24 17:00:00, Lon: 16.133445, Lat: -19.237297</description>
        <styleUrl>#month6_style</styleUrl>
        <Point>
          <coordinates>16.133445,-19.237297,0</coordinates>
        </Point>
      </Placemark>
      <Placemark>
        <name>Olifantsbad Waterhole - Month 6</name>
        <description>Waterhole: Olifantsbad Waterhole, Month: 6, Time: 2010-06-24 17:20:00, Lon: 16.133133, Lat: -19.237996</description>
        <styleUrl>#month6_style</styleUrl>
        <Point>
          <coordinates>16.133133,-19.237996,0</coordinates>
        </Point>
      </Placemark>
      <Placemark>
        <name>Olifantsbad Waterhole - Month 6</name>
        <description>Waterhole: Olifantsbad Waterhole, Month: 6, Time: 2010-06-24 17:40:00, Lon: 16.134919, Lat: -19.236519</description>
        <styleUrl>#month6_style</styleUrl>
        <Point>
          <coordinates>16.134919,-19.236519,0</coordinates>
        </Point>
      </Placemark>
      <Placemark>
        <name>Olifantsbad Waterhole - Month 6</name>
        <description>Waterhole: Olifantsbad Waterhole, Month: 6, Time: 2010-06-24 18:00:00, Lon: 16.137501, Lat: -19.234377</description>
        <styleUrl>#month6_style</styleUrl>
        <Point>
          <coordinates>16.137501,-19.234377,0</coordinates>
        </Point>
      </Placemark>
      <Placemark>
        <name>Olifantsbad Waterhole - Month 6</name>
        <description>Waterhole: Olifantsbad Waterhole, Month: 6, Time: 2010-06-24 18:20:00, Lon: 16.137931, Lat: -19.233877</description>
        <styleUrl>#month6_style</styleUrl>
        <Point>
          <coordinates>16.137931,-19.233877,0</coordinates>
        </Point>
      </Placemark>
      <Placemark>
        <name>Olifantsbad Waterhole - Month 6</name>
        <description>Waterhole: Olifantsbad Waterhole, Month: 6, Time: 2010-06-24 18:40:00, Lon: 16.137984, Lat: -19.233681</description>
        <styleUrl>#month6_style</styleUrl>
        <Point>
          <coordinates>16.137984,-19.233681,0</coordinates>
        </Point>
      </Placemark>
      <Placemark>
        <name>Olifantsbad Waterhole - Month 6</name>
        <description>Waterhole: Olifantsbad Waterhole, Month: 6, Time: 2010-06-25 14:20:00, Lon: 16.134849, Lat: -19.230804</description>
        <styleUrl>#month6_style</styleUrl>
        <Point>
          <coordinates>16.134849,-19.230804,0</coordinates>
        </Point>
      </Placemark>
      <Placemark>
        <name>Olifantsbad Waterhole - Month 6</name>
        <description>Waterhole: Olifantsbad Waterhole, Month: 6, Time: 2010-06-25 14:40:00, Lon: 16.135017, Lat: -19.233506</description>
        <styleUrl>#month6_style</styleUrl>
        <Point>
          <coordinates>16.135017,-19.233506,0</coordinates>
        </Point>
      </Placemark>
      <Placemark>
        <name>Olifantsbad Waterhole - Month 6</name>
        <description>Waterhole: Olifantsbad Waterhole, Month: 6, Time: 2010-06-25 15:00:00, Lon: 16.131718, Lat: -19.238422</description>
        <styleUrl>#month6_style</styleUrl>
        <Point>
          <coordinates>16.131718,-19.238422,0</coordinates>
        </Point>
      </Placemark>
      <Placemark>
        <name>Olifantsbad Waterhole - Month 6</name>
        <description>Waterhole: Olifantsbad Waterhole, Month: 6, Time: 2010-06-25 15:20:00, Lon: 16.131707, Lat: -19.238647</description>
        <styleUrl>#month6_style</styleUrl>
        <Point>
          <coordinates>16.131707,-19.238647,0</coordinates>
        </Point>
      </Placemark>
      <Placemark>
        <name>Olifantsbad Waterhole - Month 6</name>
        <description>Waterhole: Olifantsbad Waterhole, Month: 6, Time: 2010-06-25 15:40:00, Lon: 16.131494, Lat: -19.238688</description>
        <styleUrl>#month6_style</styleUrl>
        <Point>
          <coordinates>16.131494,-19.238688,0</coordinates>
        </Point>
      </Placemark>
      <Placemark>
        <name>Olifantsbad Waterhole - Month 6</name>
        <description>Waterhole: Olifantsbad Waterhole, Month: 6, Time: 2010-06-25 16:00:00, Lon: 16.131687, Lat: -19.238672</description>
        <styleUrl>#month6_style</styleUrl>
        <Point>
          <coordinates>16.131687,-19.238672,0</coordinates>
        </Point>
      </Placemark>
      <Placemark>
        <name>Olifantsbad Waterhole - Month 6</name>
        <description>Waterhole: Olifantsbad Waterhole, Month: 6, Time: 2010-06-25 16:20:00, Lon: 16.130822, Lat: -19.235535</description>
        <styleUrl>#month6_style</styleUrl>
        <Point>
          <coordinates>16.130822,-19.235535,0</coordinates>
        </Point>
      </Placemark>
      <Placemark>
        <name>Olifantsbad Waterhole - Month 6</name>
        <description>Waterhole: Olifantsbad Waterhole, Month: 6, Time: 2010-06-25 16:40:00, Lon: 16.130898, Lat: -19.233586</description>
        <styleUrl>#month6_style</styleUrl>
        <Point>
          <coordinates>16.130898,-19.233586,0</coordinates>
        </Point>
      </Placemark>
      <Placemark>
        <name>Olifantsbad Waterhole - Month 6</name>
        <description>Waterhole: Olifantsbad Waterhole, Month: 6, Time: 2010-06-25 17:00:00, Lon: 16.130876, Lat: -19.232015</description>
        <styleUrl>#month6_style</styleUrl>
        <Point>
          <coordinates>16.130876,-19.232015,0</coordinates>
        </Point>
      </Placemark>
      <Placemark>
        <name>Olifantsbad Waterhole - Month 6</name>
        <description>Waterhole: Olifantsbad Waterhole, Month: 6, Time: 2010-06-26 10:00:00, Lon: 16.126701, Lat: -19.232005</description>
        <styleUrl>#month6_style</styleUrl>
        <Point>
          <coordinates>16.126701,-19.232005,0</coordinates>
        </Point>
      </Placemark>
      <Placemark>
        <name>Olifantsbad Waterhole - Month 6</name>
        <description>Waterhole: Olifantsbad Waterhole, Month: 6, Time: 2010-06-26 10:20:00, Lon: 16.127043, Lat: -19.233535</description>
        <styleUrl>#month6_style</styleUrl>
        <Point>
          <coordinates>16.127043,-19.233535,0</coordinates>
        </Point>
      </Placemark>
      <Placemark>
        <name>Olifantsbad Waterhole - Month 6</name>
        <description>Waterhole: Olifantsbad Waterhole, Month: 6, Time: 2010-06-26 10:40:00, Lon: 16.129001, Lat: -19.234460</description>
        <styleUrl>#month6_style</styleUrl>
        <Point>
          <coordinates>16.129001,-19.234460,0</coordinates>
        </Point>
      </Placemark>
      <Placemark>
        <name>Olifantsbad Waterhole - Month 6</name>
        <description>Waterhole: Olifantsbad Waterhole, Month: 6, Time: 2010-06-26 11:00:00, Lon: 16.131965, Lat: -19.238523</description>
        <styleUrl>#month6_style</styleUrl>
        <Point>
          <coordinates>16.131965,-19.238523,0</coordinates>
        </Point>
      </Placemark>
      <Placemark>
        <name>Olifantsbad Waterhole - Month 6</name>
        <description>Waterhole: Olifantsbad Waterhole, Month: 6, Time: 2010-06-26 11:20:00, Lon: 16.131484, Lat: -19.238668</description>
        <styleUrl>#month6_style</styleUrl>
        <Point>
          <coordinates>16.131484,-19.238668,0</coordinates>
        </Point>
      </Placemark>
      <Placemark>
        <name>Olifantsbad Waterhole - Month 6</name>
        <description>Waterhole: Olifantsbad Waterhole, Month: 6, Time: 2010-06-26 11:40:00, Lon: 16.131171, Lat: -19.240881</description>
        <styleUrl>#month6_style</styleUrl>
        <Point>
          <coordinates>16.131171,-19.240881,0</coordinates>
        </Point>
      </Placemark>
      <Placemark>
        <name>Olifantsbad Waterhole - Month 6</name>
        <description>Waterhole: Olifantsbad Waterhole, Month: 6, Time: 2010-06-26 12:00:00, Lon: 16.131155, Lat: -19.241266</description>
        <styleUrl>#month6_style</styleUrl>
        <Point>
          <coordinates>16.131155,-19.241266,0</coordinates>
        </Point>
      </Placemark>
      <Placemark>
        <name>Olifantsbad Waterhole - Month 6</name>
        <description>Waterhole: Olifantsbad Waterhole, Month: 6, Time: 2010-06-26 12:20:00, Lon: 16.131264, Lat: -19.241402</description>
        <styleUrl>#month6_style</styleUrl>
        <Point>
          <coordinates>16.131264,-19.241402,0</coordinates>
        </Point>
      </Placemark>
      <Placemark>
        <name>Olifantsbad Waterhole - Month 6</name>
        <description>Waterhole: Olifantsbad Waterhole, Month: 6, Time: 2010-06-26 12:40:00, Lon: 16.131563, Lat: -19.241911</description>
        <styleUrl>#month6_style</styleUrl>
        <Point>
          <coordinates>16.131563,-19.241911,0</coordinates>
        </Point>
      </Placemark>
      <Placemark>
        <name>Olifantsbad Waterhole - Month 6</name>
        <description>Waterhole: Olifantsbad Waterhole, Month: 6, Time: 2010-06-26 13:00:00, Lon: 16.132047, Lat: -19.242464</description>
        <styleUrl>#month6_style</styleUrl>
        <Point>
          <coordinates>16.132047,-19.242464,0</coordinates>
        </Point>
      </Placemark>
      <Placemark>
        <name>Olifantsbad Waterhole - Month 6</name>
        <description>Waterhole: Olifantsbad Waterhole, Month: 6, Time: 2010-06-26 13:20:00, Lon: 16.132478, Lat: -19.243046</description>
        <styleUrl>#month6_style</styleUrl>
        <Point>
          <coordinates>16.132478,-19.243046,0</coordinates>
        </Point>
      </Placemark>
      <Placemark>
        <name>Olifantsbad Waterhole - Month 6</name>
        <description>Waterhole: Olifantsbad Waterhole, Month: 6, Time: 2010-06-26 13:40:00, Lon: 16.132711, Lat: -19.243313</description>
        <styleUrl>#month6_style</styleUrl>
        <Point>
          <coordinates>16.132711,-19.243313,0</coordinates>
        </Point>
      </Placemark>
      <Placemark>
        <name>Olifantsbad Waterhole - Month 6</name>
        <description>Waterhole: Olifantsbad Waterhole, Month: 6, Time: 2010-06-26 14:00:00, Lon: 16.134333, Lat: -19.244440</description>
        <styleUrl>#month6_style</styleUrl>
        <Point>
          <coordinates>16.134333,-19.244440,0</coordinates>
        </Point>
      </Placemark>
      <Placemark>
        <name>Olifantsbad Waterhole - Month 6</name>
        <description>Waterhole: Olifantsbad Waterhole, Month: 6, Time: 2010-06-26 14:20:00, Lon: 16.136191, Lat: -19.245725</description>
        <styleUrl>#month6_style</styleUrl>
        <Point>
          <coordinates>16.136191,-19.245725,0</coordinates>
        </Point>
      </Placemark>
      <Placemark>
        <name>Olifantsbad Waterhole - Month 6</name>
        <description>Waterhole: Olifantsbad Waterhole, Month: 6, Time: 2010-06-29 08:20:00, Lon: 16.135308, Lat: -19.238420</description>
        <styleUrl>#month6_style</styleUrl>
        <Point>
          <coordinates>16.135308,-19.238420,0</coordinates>
        </Point>
      </Placemark>
      <Placemark>
        <name>Olifantsbad Waterhole - Month 6</name>
        <description>Waterhole: Olifantsbad Waterhole, Month: 6, Time: 2010-06-29 08:40:00, Lon: 16.130488, Lat: -19.237909</description>
        <styleUrl>#month6_style</styleUrl>
        <Point>
          <coordinates>16.130488,-19.237909,0</coordinates>
        </Point>
      </Placemark>
      <Placemark>
        <name>Olifantsbad Waterhole - Month 6</name>
        <description>Waterhole: Olifantsbad Waterhole, Month: 6, Time: 2010-06-29 09:00:00, Lon: 16.126649, Lat: -19.235685</description>
        <styleUrl>#month6_style</styleUrl>
        <Point>
          <coordinates>16.126649,-19.235685,0</coordinates>
        </Point>
      </Placemark>
      <Placemark>
        <name>Olifantsbad Waterhole - Month 6</name>
        <description>Waterhole: Olifantsbad Waterhole, Month: 6, Time: 2010-06-29 09:20:00, Lon: 16.122889, Lat: -19.234442</description>
        <styleUrl>#month6_style</styleUrl>
        <Point>
          <coordinates>16.122889,-19.234442,0</coordinates>
        </Point>
      </Placemark>
      <Placemark>
        <name>Olifantsbad Waterhole - Month 6</name>
        <description>Waterhole: Olifantsbad Waterhole, Month: 6, Time: 2010-06-29 13:40:00, Lon: 16.121737, Lat: -19.237880</description>
        <styleUrl>#month6_style</styleUrl>
        <Point>
          <coordinates>16.121737,-19.237880,0</coordinates>
        </Point>
      </Placemark>
      <Placemark>
        <name>Olifantsbad Waterhole - Month 6</name>
        <description>Waterhole: Olifantsbad Waterhole, Month: 6, Time: 2010-06-29 14:00:00, Lon: 16.124756, Lat: -19.238564</description>
        <styleUrl>#month6_style</styleUrl>
        <Point>
          <coordinates>16.124756,-19.238564,0</coordinates>
        </Point>
      </Placemark>
      <Placemark>
        <name>Olifantsbad Waterhole - Month 6</name>
        <description>Waterhole: Olifantsbad Waterhole, Month: 6, Time: 2010-06-29 14:20:00, Lon: 16.125693, Lat: -19.239412</description>
        <styleUrl>#month6_style</styleUrl>
        <Point>
          <coordinates>16.125693,-19.239412,0</coordinates>
        </Point>
      </Placemark>
      <Placemark>
        <name>Olifantsbad Waterhole - Month 6</name>
        <description>Waterhole: Olifantsbad Waterhole, Month: 6, Time: 2010-06-29 14:40:00, Lon: 16.127351, Lat: -19.240007</description>
        <styleUrl>#month6_style</styleUrl>
        <Point>
          <coordinates>16.127351,-19.240007,0</coordinates>
        </Point>
      </Placemark>
      <Placemark>
        <name>Olifantsbad Waterhole - Month 6</name>
        <description>Waterhole: Olifantsbad Waterhole, Month: 6, Time: 2010-06-29 15:00:00, Lon: 16.131647, Lat: -19.238440</description>
        <styleUrl>#month6_style</styleUrl>
        <Point>
          <coordinates>16.131647,-19.238440,0</coordinates>
        </Point>
      </Placemark>
      <Placemark>
        <name>Olifantsbad Waterhole - Month 6</name>
        <description>Waterhole: Olifantsbad Waterhole, Month: 6, Time: 2010-06-29 15:20:00, Lon: 16.131450, Lat: -19.239998</description>
        <styleUrl>#month6_style</styleUrl>
        <Point>
          <coordinates>16.131450,-19.239998,0</coordinates>
        </Point>
      </Placemark>
      <Placemark>
        <name>Olifantsbad Waterhole - Month 6</name>
        <description>Waterhole: Olifantsbad Waterhole, Month: 6, Time: 2010-06-29 15:40:00, Lon: 16.127473, Lat: -19.244977</description>
        <styleUrl>#month6_style</styleUrl>
        <Point>
          <coordinates>16.127473,-19.244977,0</coordinates>
        </Point>
      </Placemark>
      <Placemark>
        <name>Gemsbokvlakte - Month 6</name>
        <description>Waterhole: Gemsbokvlakte, Month: 6, Time: 2010-06-30 17:00:00, Lon: 16.058012, Lat: -19.216130</description>
        <styleUrl>#month6_style</styleUrl>
        <Point>
          <coordinates>16.058012,-19.216130,0</coordinates>
        </Point>
      </Placemark>
      <Placemark>
        <name>Gemsbokvlakte - Month 6</name>
        <description>Waterhole: Gemsbokvlakte, Month: 6, Time: 2010-06-30 17:20:00, Lon: 16.058702, Lat: -19.213340</description>
        <styleUrl>#month6_style</styleUrl>
        <Point>
          <coordinates>16.058702,-19.213340,0</coordinates>
        </Point>
      </Placemark>
      <Placemark>
        <name>Gemsbokvlakte - Month 6</name>
        <description>Waterhole: Gemsbokvlakte, Month: 6, Time: 2010-06-30 17:40:00, Lon: 16.058865, Lat: -19.213558</description>
        <styleUrl>#month6_style</styleUrl>
        <Point>
          <coordinates>16.058865,-19.213558,0</coordinates>
        </Point>
      </Placemark>
      <Placemark>
        <name>Gemsbokvlakte - Month 6</name>
        <description>Waterhole: Gemsbokvlakte, Month: 6, Time: 2010-06-30 18:00:00, Lon: 16.053969, Lat: -19.218685</description>
        <styleUrl>#month6_style</styleUrl>
        <Point>
          <coordinates>16.053969,-19.218685,0</coordinates>
        </Point>
      </Placemark>
      <Placemark>
        <name>Ombika - Month 7</name>
        <description>Waterhole: Ombika, Month: 7, Time: 2010-07-07 15:40:00, Lon: 15.941096, Lat: -19.312805</description>
        <styleUrl>#month7_style</styleUrl>
        <Point>
          <coordinates>15.941096,-19.312805,0</coordinates>
        </Point>
      </Placemark>
      <Placemark>
        <name>Ombika - Month 7</name>
        <description>Waterhole: Ombika, Month: 7, Time: 2010-07-07 16:00:00, Lon: 15.940842, Lat: -19.316416</description>
        <styleUrl>#month7_style</styleUrl>
        <Point>
          <coordinates>15.940842,-19.316416,0</coordinates>
        </Point>
      </Placemark>
      <Placemark>
        <name>Ombika - Month 7</name>
        <description>Waterhole: Ombika, Month: 7, Time: 2010-07-07 16:20:00, Lon: 15.941162, Lat: -19.316105</description>
        <styleUrl>#month7_style</styleUrl>
        <Point>
          <coordinates>15.941162,-19.316105,0</coordinates>
        </Point>
      </Placemark>
      <Placemark>
        <name>Ombika - Month 7</name>
        <description>Waterhole: Ombika, Month: 7, Time: 2010-07-07 16:40:00, Lon: 15.940942, Lat: -19.316205</description>
        <styleUrl>#month7_style</styleUrl>
        <Point>
          <coordinates>15.940942,-19.316205,0</coordinates>
        </Point>
      </Placemark>
      <Placemark>
        <name>Ombika - Month 7</name>
        <description>Waterhole: Ombika, Month: 7, Time: 2010-07-07 17:00:00, Lon: 15.940534, Lat: -19.316097</description>
        <styleUrl>#month7_style</styleUrl>
        <Point>
          <coordinates>15.940534,-19.316097,0</coordinates>
        </Point>
      </Placemark>
      <Placemark>
        <name>Ombika - Month 7</name>
        <description>Waterhole: Ombika, Month: 7, Time: 2010-07-07 17:20:00, Lon: 15.935810, Lat: -19.315322</description>
        <styleUrl>#month7_style</styleUrl>
        <Point>
          <coordinates>15.935810,-19.315322,0</coordinates>
        </Point>
      </Placemark>
      <Placemark>
        <name>Ombika - Month 7</name>
        <description>Waterhole: Ombika, Month: 7, Time: 2010-07-07 17:40:00, Lon: 15.934609, Lat: -19.315249</description>
        <styleUrl>#month7_style</styleUrl>
        <Point>
          <coordinates>15.934609,-19.315249,0</coordinates>
        </Point>
      </Placemark>
      <Placemark>
        <name>Ombika - Month 7</name>
        <description>Waterhole: Ombika, Month: 7, Time: 2010-07-07 18:00:00, Lon: 15.933998, Lat: -19.315112</description>
        <styleUrl>#month7_style</styleUrl>
        <Point>
          <coordinates>15.933998,-19.315112,0</coordinates>
        </Point>
      </Placemark>
      <Placemark>
        <name>Ombika - Month 7</name>
        <description>Waterhole: Ombika, Month: 7, Time: 2010-07-07 18:20:00, Lon: 15.932570, Lat: -19.314404</description>
        <styleUrl>#month7_style</styleUrl>
        <Point>
          <coordinates>15.932570,-19.314404,0</coordinates>
        </Point>
      </Placemark>
      <Placemark>
        <name>Gemsbokvlakte - Month 7</name>
        <description>Waterhole: Gemsbokvlakte, Month: 7, Time: 2010-07-10 18:20:00, Lon: 16.051838, Lat: -19.210844</description>
        <styleUrl>#month7_style</styleUrl>
        <Point>
          <coordinates>16.051838,-19.210844,0</coordinates>
        </Point>
      </Placemark>
      <Placemark>
        <name>Gemsbokvlakte - Month 7</name>
        <description>Waterhole: Gemsbokvlakte, Month: 7, Time: 2010-07-10 18:40:00, Lon: 16.058783, Lat: -19.213245</description>
        <styleUrl>#month7_style</styleUrl>
        <Point>
          <coordinates>16.058783,-19.213245,0</coordinates>
        </Point>
      </Placemark>
      <Placemark>
        <name>Gemsbokvlakte - Month 7</name>
        <description>Waterhole: Gemsbokvlakte, Month: 7, Time: 2010-07-10 19:00:00, Lon: 16.064488, Lat: -19.209971</description>
        <styleUrl>#month7_style</styleUrl>
        <Point>
          <coordinates>16.064488,-19.209971,0</coordinates>
        </Point>
      </Placemark>
      <Placemark>
        <name>Gemsbokvlakte - Month 7</name>
        <description>Waterhole: Gemsbokvlakte, Month: 7, Time: 2010-07-10 19:20:00, Lon: 16.066056, Lat: -19.209536</description>
        <styleUrl>#month7_style</styleUrl>
        <Point>
          <coordinates>16.066056,-19.209536,0</coordinates>
        </Point>
      </Placemark>
      <Placemark>
        <name>Olifantsbad Waterhole - Month 7</name>
        <description>Waterhole: Olifantsbad Waterhole, Month: 7, Time: 2010-07-11 10:00:00, Lon: 16.129253, Lat: -19.234631</description>
        <styleUrl>#month7_style</styleUrl>
        <Point>
          <coordinates>16.129253,-19.234631,0</coordinates>
        </Point>
      </Placemark>
      <Placemark>
        <name>Olifantsbad Waterhole - Month 7</name>
        <description>Waterhole: Olifantsbad Waterhole, Month: 7, Time: 2010-07-11 10:20:00, Lon: 16.131820, Lat: -19.238900</description>
        <styleUrl>#month7_style</styleUrl>
        <Point>
          <coordinates>16.131820,-19.238900,0</coordinates>
        </Point>
      </Placemark>
      <Placemark>
        <name>Olifantsbad Waterhole - Month 7</name>
        <description>Waterhole: Olifantsbad Waterhole, Month: 7, Time: 2010-07-11 10:40:00, Lon: 16.130319, Lat: -19.237760</description>
        <styleUrl>#month7_style</styleUrl>
        <Point>
          <coordinates>16.130319,-19.237760,0</coordinates>
        </Point>
      </Placemark>
      <Placemark>
        <name>Olifantsbad Waterhole - Month 7</name>
        <description>Waterhole: Olifantsbad Waterhole, Month: 7, Time: 2010-07-11 11:00:00, Lon: 16.128950, Lat: -19.237307</description>
        <styleUrl>#month7_style</styleUrl>
        <Point>
          <coordinates>16.128950,-19.237307,0</coordinates>
        </Point>
      </Placemark>
      <Placemark>
        <name>Olifantsbad Waterhole - Month 7</name>
        <description>Waterhole: Olifantsbad Waterhole, Month: 7, Time: 2010-07-11 11:20:00, Lon: 16.127181, Lat: -19.238304</description>
        <styleUrl>#month7_style</styleUrl>
        <Point>
          <coordinates>16.127181,-19.238304,0</coordinates>
        </Point>
      </Placemark>
      <Placemark>
        <name>Olifantsbad Waterhole - Month 7</name>
        <description>Waterhole: Olifantsbad Waterhole, Month: 7, Time: 2010-07-11 11:40:00, Lon: 16.125365, Lat: -19.236941</description>
        <styleUrl>#month7_style</styleUrl>
        <Point>
          <coordinates>16.125365,-19.236941,0</coordinates>
        </Point>
      </Placemark>
      <Placemark>
        <name>Olifantsbad Waterhole - Month 7</name>
        <description>Waterhole: Olifantsbad Waterhole, Month: 7, Time: 2010-07-11 12:00:00, Lon: 16.125418, Lat: -19.236904</description>
        <styleUrl>#month7_style</styleUrl>
        <Point>
          <coordinates>16.125418,-19.236904,0</coordinates>
        </Point>
      </Placemark>
      <Placemark>
        <name>Olifantsbad Waterhole - Month 7</name>
        <description>Waterhole: Olifantsbad Waterhole, Month: 7, Time: 2010-07-11 12:20:00, Lon: 16.125431, Lat: -19.236900</description>
        <styleUrl>#month7_style</styleUrl>
        <Point>
          <coordinates>16.125431,-19.236900,0</coordinates>
        </Point>
      </Placemark>
      <Placemark>
        <name>Olifantsbad Waterhole - Month 7</name>
        <description>Waterhole: Olifantsbad Waterhole, Month: 7, Time: 2010-07-11 12:40:00, Lon: 16.125055, Lat: -19.237244</description>
        <styleUrl>#month7_style</styleUrl>
        <Point>
          <coordinates>16.125055,-19.237244,0</coordinates>
        </Point>
      </Placemark>
      <Placemark>
        <name>Olifantsbad Waterhole - Month 7</name>
        <description>Waterhole: Olifantsbad Waterhole, Month: 7, Time: 2010-07-11 13:00:00, Lon: 16.124407, Lat: -19.237453</description>
        <styleUrl>#month7_style</styleUrl>
        <Point>
          <coordinates>16.124407,-19.237453,0</coordinates>
        </Point>
      </Placemark>
      <Placemark>
        <name>Olifantsbad Waterhole - Month 7</name>
        <description>Waterhole: Olifantsbad Waterhole, Month: 7, Time: 2010-07-11 13:20:00, Lon: 16.124156, Lat: -19.237413</description>
        <styleUrl>#month7_style</styleUrl>
        <Point>
          <coordinates>16.124156,-19.237413,0</coordinates>
        </Point>
      </Placemark>
      <Placemark>
        <name>Olifantsbad Waterhole - Month 7</name>
        <description>Waterhole: Olifantsbad Waterhole, Month: 7, Time: 2010-07-11 13:40:00, Lon: 16.121762, Lat: -19.237429</description>
        <styleUrl>#month7_style</styleUrl>
        <Point>
          <coordinates>16.121762,-19.237429,0</coordinates>
        </Point>
      </Placemark>
      <Placemark>
        <name>Olifantsbad Waterhole - Month 7</name>
        <description>Waterhole: Olifantsbad Waterhole, Month: 7, Time: 2010-07-11 14:20:00, Lon: 16.121683, Lat: -19.237242</description>
        <styleUrl>#month7_style</styleUrl>
        <Point>
          <coordinates>16.121683,-19.237242,0</coordinates>
        </Point>
      </Placemark>
      <Placemark>
        <name>Olifantsbad Waterhole - Month 7</name>
        <description>Waterhole: Olifantsbad Waterhole, Month: 7, Time: 2010-07-11 14:40:00, Lon: 16.122072, Lat: -19.237343</description>
        <styleUrl>#month7_style</styleUrl>
        <Point>
          <coordinates>16.122072,-19.237343,0</coordinates>
        </Point>
      </Placemark>
      <Placemark>
        <name>Gemsbokvlakte - Month 7</name>
        <description>Waterhole: Gemsbokvlakte, Month: 7, Time: 2010-07-12 16:40:00, Lon: 16.051137, Lat: -19.217576</description>
        <styleUrl>#month7_style</styleUrl>
        <Point>
          <coordinates>16.051137,-19.217576,0</coordinates>
        </Point>
      </Placemark>
      <Placemark>
        <name>Gemsbokvlakte - Month 7</name>
        <description>Waterhole: Gemsbokvlakte, Month: 7, Time: 2010-07-12 17:00:00, Lon: 16.057192, Lat: -19.214142</description>
        <styleUrl>#month7_style</styleUrl>
        <Point>
          <coordinates>16.057192,-19.214142,0</coordinates>
        </Point>
      </Placemark>
      <Placemark>
        <name>Gemsbokvlakte - Month 7</name>
        <description>Waterhole: Gemsbokvlakte, Month: 7, Time: 2010-07-12 17:20:00, Lon: 16.058734, Lat: -19.213601</description>
        <styleUrl>#month7_style</styleUrl>
        <Point>
          <coordinates>16.058734,-19.213601,0</coordinates>
        </Point>
      </Placemark>
      <Placemark>
        <name>Gemsbokvlakte - Month 7</name>
        <description>Waterhole: Gemsbokvlakte, Month: 7, Time: 2010-07-12 17:40:00, Lon: 16.053480, Lat: -19.219234</description>
        <styleUrl>#month7_style</styleUrl>
        <Point>
          <coordinates>16.053480,-19.219234,0</coordinates>
        </Point>
      </Placemark>
      <Placemark>
        <name>Gemsbokvlakte - Month 7</name>
        <description>Waterhole: Gemsbokvlakte, Month: 7, Time: 2010-07-13 18:00:00, Lon: 16.056428, Lat: -19.215800</description>
        <styleUrl>#month7_style</styleUrl>
        <Point>
          <coordinates>16.056428,-19.215800,0</coordinates>
        </Point>
      </Placemark>
      <Placemark>
        <name>Gemsbokvlakte - Month 7</name>
        <description>Waterhole: Gemsbokvlakte, Month: 7, Time: 2010-07-13 18:20:00, Lon: 16.058648, Lat: -19.213257</description>
        <styleUrl>#month7_style</styleUrl>
        <Point>
          <coordinates>16.058648,-19.213257,0</coordinates>
        </Point>
      </Placemark>
      <Placemark>
        <name>Gemsbokvlakte - Month 7</name>
        <description>Waterhole: Gemsbokvlakte, Month: 7, Time: 2010-07-13 18:40:00, Lon: 16.058942, Lat: -19.213552</description>
        <styleUrl>#month7_style</styleUrl>
        <Point>
          <coordinates>16.058942,-19.213552,0</coordinates>
        </Point>
      </Placemark>
      <Placemark>
        <name>Gemsbokvlakte - Month 7</name>
        <description>Waterhole: Gemsbokvlakte, Month: 7, Time: 2010-07-13 19:00:00, Lon: 16.056776, Lat: -19.216746</description>
        <styleUrl>#month7_style</styleUrl>
        <Point>
          <coordinates>16.056776,-19.216746,0</coordinates>
        </Point>
      </Placemark>
      <Placemark>
        <name>Gemsbokvlakte - Month 7</name>
        <description>Waterhole: Gemsbokvlakte, Month: 7, Time: 2010-07-14 17:40:00, Lon: 16.054977, Lat: -19.217299</description>
        <styleUrl>#month7_style</styleUrl>
        <Point>
          <coordinates>16.054977,-19.217299,0</coordinates>
        </Point>
      </Placemark>
      <Placemark>
        <name>Gemsbokvlakte - Month 7</name>
        <description>Waterhole: Gemsbokvlakte, Month: 7, Time: 2010-07-14 18:00:00, Lon: 16.058703, Lat: -19.213220</description>
        <styleUrl>#month7_style</styleUrl>
        <Point>
          <coordinates>16.058703,-19.213220,0</coordinates>
        </Point>
      </Placemark>
      <Placemark>
        <name>Gemsbokvlakte - Month 7</name>
        <description>Waterhole: Gemsbokvlakte, Month: 7, Time: 2010-07-14 18:20:00, Lon: 16.058078, Lat: -19.214178</description>
        <styleUrl>#month7_style</styleUrl>
        <Point>
          <coordinates>16.058078,-19.214178,0</coordinates>
        </Point>
      </Placemark>
      <Placemark>
        <name>Gemsbokvlakte - Month 7</name>
        <description>Waterhole: Gemsbokvlakte, Month: 7, Time: 2010-07-14 18:40:00, Lon: 16.054474, Lat: -19.218030</description>
        <styleUrl>#month7_style</styleUrl>
        <Point>
          <coordinates>16.054474,-19.218030,0</coordinates>
        </Point>
      </Placemark>
      <Placemark>
        <name>Gemsbokvlakte - Month 7</name>
        <description>Waterhole: Gemsbokvlakte, Month: 7, Time: 2010-07-15 18:40:00, Lon: 16.055401, Lat: -19.216815</description>
        <styleUrl>#month7_style</styleUrl>
        <Point>
          <coordinates>16.055401,-19.216815,0</coordinates>
        </Point>
      </Placemark>
      <Placemark>
        <name>Gemsbokvlakte - Month 7</name>
        <description>Waterhole: Gemsbokvlakte, Month: 7, Time: 2010-07-15 19:00:00, Lon: 16.058898, Lat: -19.213245</description>
        <styleUrl>#month7_style</styleUrl>
        <Point>
          <coordinates>16.058898,-19.213245,0</coordinates>
        </Point>
      </Placemark>
      <Placemark>
        <name>Gemsbokvlakte - Month 7</name>
        <description>Waterhole: Gemsbokvlakte, Month: 7, Time: 2010-07-15 19:20:00, Lon: 16.058749, Lat: -19.213674</description>
        <styleUrl>#month7_style</styleUrl>
        <Point>
          <coordinates>16.058749,-19.213674,0</coordinates>
        </Point>
      </Placemark>
      <Placemark>
        <name>Gemsbokvlakte - Month 7</name>
        <description>Waterhole: Gemsbokvlakte, Month: 7, Time: 2010-07-15 19:40:00, Lon: 16.058881, Lat: -19.213503</description>
        <styleUrl>#month7_style</styleUrl>
        <Point>
          <coordinates>16.058881,-19.213503,0</coordinates>
        </Point>
      </Placemark>
      <Placemark>
        <name>Gemsbokvlakte - Month 7</name>
        <description>Waterhole: Gemsbokvlakte, Month: 7, Time: 2010-07-15 20:00:00, Lon: 16.054568, Lat: -19.217784</description>
        <styleUrl>#month7_style</styleUrl>
        <Point>
          <coordinates>16.054568,-19.217784,0</coordinates>
        </Point>
      </Placemark>
      <Placemark>
        <name>Gemsbokvlakte - Month 7</name>
        <description>Waterhole: Gemsbokvlakte, Month: 7, Time: 2010-07-16 19:40:00, Lon: 16.053444, Lat: -19.219261</description>
        <styleUrl>#month7_style</styleUrl>
        <Point>
          <coordinates>16.053444,-19.219261,0</coordinates>
        </Point>
      </Placemark>
      <Placemark>
        <name>Gemsbokvlakte - Month 7</name>
        <description>Waterhole: Gemsbokvlakte, Month: 7, Time: 2010-07-16 20:00:00, Lon: 16.058687, Lat: -19.213214</description>
        <styleUrl>#month7_style</styleUrl>
        <Point>
          <coordinates>16.058687,-19.213214,0</coordinates>
        </Point>
      </Placemark>
      <Placemark>
        <name>Gemsbokvlakte - Month 7</name>
        <description>Waterhole: Gemsbokvlakte, Month: 7, Time: 2010-07-16 20:20:00, Lon: 16.058500, Lat: -19.215456</description>
        <styleUrl>#month7_style</styleUrl>
        <Point>
          <coordinates>16.058500,-19.215456,0</coordinates>
        </Point>
      </Placemark>
      <Placemark>
        <name>Gemsbokvlakte - Month 7</name>
        <description>Waterhole: Gemsbokvlakte, Month: 7, Time: 2010-07-16 20:40:00, Lon: 16.053004, Lat: -19.219816</description>
        <styleUrl>#month7_style</styleUrl>
        <Point>
          <coordinates>16.053004,-19.219816,0</coordinates>
        </Point>
      </Placemark>
      <Placemark>
        <name>Gemsbokvlakte - Month 7</name>
        <description>Waterhole: Gemsbokvlakte, Month: 7, Time: 2010-07-17 18:20:00, Lon: 16.054335, Lat: -19.214943</description>
        <styleUrl>#month7_style</styleUrl>
        <Point>
          <coordinates>16.054335,-19.214943,0</coordinates>
        </Point>
      </Placemark>
      <Placemark>
        <name>Gemsbokvlakte - Month 7</name>
        <description>Waterhole: Gemsbokvlakte, Month: 7, Time: 2010-07-17 18:40:00, Lon: 16.058867, Lat: -19.213511</description>
        <styleUrl>#month7_style</styleUrl>
        <Point>
          <coordinates>16.058867,-19.213511,0</coordinates>
        </Point>
      </Placemark>
      <Placemark>
        <name>Gemsbokvlakte - Month 7</name>
        <description>Waterhole: Gemsbokvlakte, Month: 7, Time: 2010-07-17 19:00:00, Lon: 16.056972, Lat: -19.215312</description>
        <styleUrl>#month7_style</styleUrl>
        <Point>
          <coordinates>16.056972,-19.215312,0</coordinates>
        </Point>
      </Placemark>
      <Placemark>
        <name>Gemsbokvlakte - Month 7</name>
        <description>Waterhole: Gemsbokvlakte, Month: 7, Time: 2010-07-18 18:00:00, Lon: 16.055468, Lat: -19.215204</description>
        <styleUrl>#month7_style</styleUrl>
        <Point>
          <coordinates>16.055468,-19.215204,0</coordinates>
        </Point>
      </Placemark>
      <Placemark>
        <name>Gemsbokvlakte - Month 7</name>
        <description>Waterhole: Gemsbokvlakte, Month: 7, Time: 2010-07-18 18:20:00, Lon: 16.058796, Lat: -19.213257</description>
        <styleUrl>#month7_style</styleUrl>
        <Point>
          <coordinates>16.058796,-19.213257,0</coordinates>
        </Point>
      </Placemark>
      <Placemark>
        <name>Gemsbokvlakte - Month 7</name>
        <description>Waterhole: Gemsbokvlakte, Month: 7, Time: 2010-07-18 18:40:00, Lon: 16.057650, Lat: -19.214638</description>
        <styleUrl>#month7_style</styleUrl>
        <Point>
          <coordinates>16.057650,-19.214638,0</coordinates>
        </Point>
      </Placemark>
      <Placemark>
        <name>Gemsbokvlakte - Month 7</name>
        <description>Waterhole: Gemsbokvlakte, Month: 7, Time: 2010-07-19 17:00:00, Lon: 16.058893, Lat: -19.213334</description>
        <styleUrl>#month7_style</styleUrl>
        <Point>
          <coordinates>16.058893,-19.213334,0</coordinates>
        </Point>
      </Placemark>
      <Placemark>
        <name>Gemsbokvlakte - Month 7</name>
        <description>Waterhole: Gemsbokvlakte, Month: 7, Time: 2010-07-19 17:20:00, Lon: 16.058733, Lat: -19.213373</description>
        <styleUrl>#month7_style</styleUrl>
        <Point>
          <coordinates>16.058733,-19.213373,0</coordinates>
        </Point>
      </Placemark>
      <Placemark>
        <name>Gemsbokvlakte - Month 7</name>
        <description>Waterhole: Gemsbokvlakte, Month: 7, Time: 2010-07-19 17:40:00, Lon: 16.057803, Lat: -19.214439</description>
        <styleUrl>#month7_style</styleUrl>
        <Point>
          <coordinates>16.057803,-19.214439,0</coordinates>
        </Point>
      </Placemark>
      <Placemark>
        <name>Gemsbokvlakte - Month 7</name>
        <description>Waterhole: Gemsbokvlakte, Month: 7, Time: 2010-07-19 18:00:00, Lon: 16.053947, Lat: -19.218683</description>
        <styleUrl>#month7_style</styleUrl>
        <Point>
          <coordinates>16.053947,-19.218683,0</coordinates>
        </Point>
      </Placemark>
      <Placemark>
        <name>Gemsbokvlakte - Month 7</name>
        <description>Waterhole: Gemsbokvlakte, Month: 7, Time: 2010-07-20 18:40:00, Lon: 16.057388, Lat: -19.213831</description>
        <styleUrl>#month7_style</styleUrl>
        <Point>
          <coordinates>16.057388,-19.213831,0</coordinates>
        </Point>
      </Placemark>
      <Placemark>
        <name>Gemsbokvlakte - Month 7</name>
        <description>Waterhole: Gemsbokvlakte, Month: 7, Time: 2010-07-20 19:00:00, Lon: 16.058730, Lat: -19.213430</description>
        <styleUrl>#month7_style</styleUrl>
        <Point>
          <coordinates>16.058730,-19.213430,0</coordinates>
        </Point>
      </Placemark>
      <Placemark>
        <name>Gemsbokvlakte - Month 7</name>
        <description>Waterhole: Gemsbokvlakte, Month: 7, Time: 2010-07-20 19:20:00, Lon: 16.057239, Lat: -19.218294</description>
        <styleUrl>#month7_style</styleUrl>
        <Point>
          <coordinates>16.057239,-19.218294,0</coordinates>
        </Point>
      </Placemark>
      <Placemark>
        <name>Gemsbokvlakte - Month 7</name>
        <description>Waterhole: Gemsbokvlakte, Month: 7, Time: 2010-07-20 19:40:00, Lon: 16.054611, Lat: -19.220917</description>
        <styleUrl>#month7_style</styleUrl>
        <Point>
          <coordinates>16.054611,-19.220917,0</coordinates>
        </Point>
      </Placemark>
      <Placemark>
        <name>Gemsbokvlakte - Month 7</name>
        <description>Waterhole: Gemsbokvlakte, Month: 7, Time: 2010-07-27 21:00:00, Lon: 16.054849, Lat: -19.217507</description>
        <styleUrl>#month7_style</styleUrl>
        <Point>
          <coordinates>16.054849,-19.217507,0</coordinates>
        </Point>
      </Placemark>
      <Placemark>
        <name>Ombika - Month 7</name>
        <description>Waterhole: Ombika, Month: 7, Time: 2010-07-29 00:20:00, Lon: 15.943140, Lat: -19.310020</description>
        <styleUrl>#month7_style</styleUrl>
        <Point>
          <coordinates>15.943140,-19.310020,0</coordinates>
        </Point>
      </Placemark>
      <Placemark>
        <name>Ombika - Month 7</name>
        <description>Waterhole: Ombika, Month: 7, Time: 2010-07-29 00:40:00, Lon: 15.941012, Lat: -19.315354</description>
        <styleUrl>#month7_style</styleUrl>
        <Point>
          <coordinates>15.941012,-19.315354,0</coordinates>
        </Point>
      </Placemark>
      <Placemark>
        <name>Ombika - Month 7</name>
        <description>Waterhole: Ombika, Month: 7, Time: 2010-07-29 01:00:00, Lon: 15.941501, Lat: -19.315424</description>
        <styleUrl>#month7_style</styleUrl>
        <Point>
          <coordinates>15.941501,-19.315424,0</coordinates>
        </Point>
      </Placemark>
      <Placemark>
        <name>Ombika - Month 7</name>
        <description>Waterhole: Ombika, Month: 7, Time: 2010-07-29 01:20:00, Lon: 15.943040, Lat: -19.310614</description>
        <styleUrl>#month7_style</styleUrl>
        <Point>
          <coordinates>15.943040,-19.310614,0</coordinates>
        </Point>
      </Placemark>
      <Placemark>
        <name>Gemsbokvlakte - Month 7</name>
        <description>Waterhole: Gemsbokvlakte, Month: 7, Time: 2010-07-31 19:40:00, Lon: 16.057040, Lat: -19.215238</description>
        <styleUrl>#month7_style</styleUrl>
        <Point>
          <coordinates>16.057040,-19.215238,0</coordinates>
        </Point>
      </Placemark>
      <Placemark>
        <name>Gemsbokvlakte - Month 7</name>
        <description>Waterhole: Gemsbokvlakte, Month: 7, Time: 2010-07-31 20:00:00, Lon: 16.059078, Lat: -19.213623</description>
        <styleUrl>#month7_style</styleUrl>
        <Point>
          <coordinates>16.059078,-19.213623,0</coordinates>
        </Point>
      </Placemark>
      <Placemark>
        <name>Gemsbokvlakte - Month 7</name>
        <description>Waterhole: Gemsbokvlakte, Month: 7, Time: 2010-07-31 20:20:00, Lon: 16.057430, Lat: -19.214880</description>
        <styleUrl>#month7_style</styleUrl>
        <Point>
          <coordinates>16.057430,-19.214880,0</coordinates>
        </Point>
      </Placemark>
      <Placemark>
        <name>Ombika - Month 8</name>
        <description>Waterhole: Ombika, Month: 8, Time: 2010-08-01 18:00:00, Lon: 15.943553, Lat: -19.308614</description>
        <styleUrl>#month8_style</styleUrl>
        <Point>
          <coordinates>15.943553,-19.308614,0</coordinates>
        </Point>
      </Placemark>
      <Placemark>
        <name>Ombika - Month 8</name>
        <description>Waterhole: Ombika, Month: 8, Time: 2010-08-01 18:20:00, Lon: 15.941069, Lat: -19.316227</description>
        <styleUrl>#month8_style</styleUrl>
        <Point>
          <coordinates>15.941069,-19.316227,0</coordinates>
        </Point>
      </Placemark>
      <Placemark>
        <name>Ombika - Month 8</name>
        <description>Waterhole: Ombika, Month: 8, Time: 2010-08-01 18:40:00, Lon: 15.940995, Lat: -19.316199</description>
        <styleUrl>#month8_style</styleUrl>
        <Point>
          <coordinates>15.940995,-19.316199,0</coordinates>
        </Point>
      </Placemark>
      <Placemark>
        <name>Ombika - Month 8</name>
        <description>Waterhole: Ombika, Month: 8, Time: 2010-08-01 19:00:00, Lon: 15.942217, Lat: -19.314903</description>
        <styleUrl>#month8_style</styleUrl>
        <Point>
          <coordinates>15.942217,-19.314903,0</coordinates>
        </Point>
      </Placemark>
      <Placemark>
        <name>Ombika - Month 8</name>
        <description>Waterhole: Ombika, Month: 8, Time: 2010-08-01 19:20:00, Lon: 15.942767, Lat: -19.311302</description>
        <styleUrl>#month8_style</styleUrl>
        <Point>
          <coordinates>15.942767,-19.311302,0</coordinates>
        </Point>
      </Placemark>
      <Placemark>
        <name>Ombika - Month 8</name>
        <description>Waterhole: Ombika, Month: 8, Time: 2010-08-01 19:40:00, Lon: 15.942919, Lat: -19.307880</description>
        <styleUrl>#month8_style</styleUrl>
        <Point>
          <coordinates>15.942919,-19.307880,0</coordinates>
        </Point>
      </Placemark>
      <Placemark>
        <name>Ombika - Month 8</name>
        <description>Waterhole: Ombika, Month: 8, Time: 2010-08-02 23:00:00, Lon: 15.939457, Lat: -19.309847</description>
        <styleUrl>#month8_style</styleUrl>
        <Point>
          <coordinates>15.939457,-19.309847,0</coordinates>
        </Point>
      </Placemark>
      <Placemark>
        <name>Ombika - Month 8</name>
        <description>Waterhole: Ombika, Month: 8, Time: 2010-08-02 23:20:00, Lon: 15.941083, Lat: -19.316221</description>
        <styleUrl>#month8_style</styleUrl>
        <Point>
          <coordinates>15.941083,-19.316221,0</coordinates>
        </Point>
      </Placemark>
      <Placemark>
        <name>Ombika - Month 8</name>
        <description>Waterhole: Ombika, Month: 8, Time: 2010-08-02 23:40:00, Lon: 15.941188, Lat: -19.313521</description>
        <styleUrl>#month8_style</styleUrl>
        <Point>
          <coordinates>15.941188,-19.313521,0</coordinates>
        </Point>
      </Placemark>
      <Placemark>
        <name>Ombika - Month 8</name>
        <description>Waterhole: Ombika, Month: 8, Time: 2010-08-03 00:00:00, Lon: 15.940431, Lat: -19.309037</description>
        <styleUrl>#month8_style</styleUrl>
        <Point>
          <coordinates>15.940431,-19.309037,0</coordinates>
        </Point>
      </Placemark>
      <Placemark>
        <name>Ombika - Month 8</name>
        <description>Waterhole: Ombika, Month: 8, Time: 2010-08-04 02:40:00, Lon: 15.938926, Lat: -19.307896</description>
        <styleUrl>#month8_style</styleUrl>
        <Point>
          <coordinates>15.938926,-19.307896,0</coordinates>
        </Point>
      </Placemark>
      <Placemark>
        <name>Ombika - Month 8</name>
        <description>Waterhole: Ombika, Month: 8, Time: 2010-08-04 03:00:00, Lon: 15.941041, Lat: -19.316213</description>
        <styleUrl>#month8_style</styleUrl>
        <Point>
          <coordinates>15.941041,-19.316213,0</coordinates>
        </Point>
      </Placemark>
      <Placemark>
        <name>Ombika - Month 8</name>
        <description>Waterhole: Ombika, Month: 8, Time: 2010-08-04 03:20:00, Lon: 15.941780, Lat: -19.314298</description>
        <styleUrl>#month8_style</styleUrl>
        <Point>
          <coordinates>15.941780,-19.314298,0</coordinates>
        </Point>
      </Placemark>
      <Placemark>
        <name>Ombika - Month 8</name>
        <description>Waterhole: Ombika, Month: 8, Time: 2010-08-04 03:40:00, Lon: 15.943655, Lat: -19.307863</description>
        <styleUrl>#month8_style</styleUrl>
        <Point>
          <coordinates>15.943655,-19.307863,0</coordinates>
        </Point>
      </Placemark>
      <Placemark>
        <name>Ombika - Month 8</name>
        <description>Waterhole: Ombika, Month: 8, Time: 2010-08-04 20:20:00, Lon: 15.941522, Lat: -19.314931</description>
        <styleUrl>#month8_style</styleUrl>
        <Point>
          <coordinates>15.941522,-19.314931,0</coordinates>
        </Point>
      </Placemark>
      <Placemark>
        <name>Ombika - Month 8</name>
        <description>Waterhole: Ombika, Month: 8, Time: 2010-08-04 20:40:00, Lon: 15.941081, Lat: -19.316154</description>
        <styleUrl>#month8_style</styleUrl>
        <Point>
          <coordinates>15.941081,-19.316154,0</coordinates>
        </Point>
      </Placemark>
      <Placemark>
        <name>Ombika - Month 8</name>
        <description>Waterhole: Ombika, Month: 8, Time: 2010-08-04 21:00:00, Lon: 15.941017, Lat: -19.316199</description>
        <styleUrl>#month8_style</styleUrl>
        <Point>
          <coordinates>15.941017,-19.316199,0</coordinates>
        </Point>
      </Placemark>
      <Placemark>
        <name>Ombika - Month 8</name>
        <description>Waterhole: Ombika, Month: 8, Time: 2010-08-04 21:20:00, Lon: 15.941096, Lat: -19.316231</description>
        <styleUrl>#month8_style</styleUrl>
        <Point>
          <coordinates>15.941096,-19.316231,0</coordinates>
        </Point>
      </Placemark>
      <Placemark>
        <name>Ombika - Month 8</name>
        <description>Waterhole: Ombika, Month: 8, Time: 2010-08-04 21:40:00, Lon: 15.938468, Lat: -19.315505</description>
        <styleUrl>#month8_style</styleUrl>
        <Point>
          <coordinates>15.938468,-19.315505,0</coordinates>
        </Point>
      </Placemark>
      <Placemark>
        <name>Ombika - Month 8</name>
        <description>Waterhole: Ombika, Month: 8, Time: 2010-08-04 22:00:00, Lon: 15.935498, Lat: -19.312964</description>
        <styleUrl>#month8_style</styleUrl>
        <Point>
          <coordinates>15.935498,-19.312964,0</coordinates>
        </Point>
      </Placemark>
      <Placemark>
        <name>Ombika - Month 8</name>
        <description>Waterhole: Ombika, Month: 8, Time: 2010-08-04 22:20:00, Lon: 15.934375, Lat: -19.310984</description>
        <styleUrl>#month8_style</styleUrl>
        <Point>
          <coordinates>15.934375,-19.310984,0</coordinates>
        </Point>
      </Placemark>
      <Placemark>
        <name>Ombika - Month 8</name>
        <description>Waterhole: Ombika, Month: 8, Time: 2010-08-05 18:00:00, Lon: 15.940276, Lat: -19.310968</description>
        <styleUrl>#month8_style</styleUrl>
        <Point>
          <coordinates>15.940276,-19.310968,0</coordinates>
        </Point>
      </Placemark>
      <Placemark>
        <name>Ombika - Month 8</name>
        <description>Waterhole: Ombika, Month: 8, Time: 2010-08-05 18:20:00, Lon: 15.941084, Lat: -19.316241</description>
        <styleUrl>#month8_style</styleUrl>
        <Point>
          <coordinates>15.941084,-19.316241,0</coordinates>
        </Point>
      </Placemark>
      <Placemark>
        <name>Ombika - Month 8</name>
        <description>Waterhole: Ombika, Month: 8, Time: 2010-08-05 18:40:00, Lon: 15.941096, Lat: -19.316121</description>
        <styleUrl>#month8_style</styleUrl>
        <Point>
          <coordinates>15.941096,-19.316121,0</coordinates>
        </Point>
      </Placemark>
      <Placemark>
        <name>Ombika - Month 8</name>
        <description>Waterhole: Ombika, Month: 8, Time: 2010-08-05 19:00:00, Lon: 15.941302, Lat: -19.315946</description>
        <styleUrl>#month8_style</styleUrl>
        <Point>
          <coordinates>15.941302,-19.315946,0</coordinates>
        </Point>
      </Placemark>
      <Placemark>
        <name>Ombika - Month 8</name>
        <description>Waterhole: Ombika, Month: 8, Time: 2010-08-05 19:20:00, Lon: 15.943455, Lat: -19.308927</description>
        <styleUrl>#month8_style</styleUrl>
        <Point>
          <coordinates>15.943455,-19.308927,0</coordinates>
        </Point>
      </Placemark>
      <Placemark>
        <name>Ombika - Month 8</name>
        <description>Waterhole: Ombika, Month: 8, Time: 2010-08-06 14:00:00, Lon: 15.943167, Lat: -19.310189</description>
        <styleUrl>#month8_style</styleUrl>
        <Point>
          <coordinates>15.943167,-19.310189,0</coordinates>
        </Point>
      </Placemark>
      <Placemark>
        <name>Ombika - Month 8</name>
        <description>Waterhole: Ombika, Month: 8, Time: 2010-08-06 14:20:00, Lon: 15.941350, Lat: -19.316001</description>
        <styleUrl>#month8_style</styleUrl>
        <Point>
          <coordinates>15.941350,-19.316001,0</coordinates>
        </Point>
      </Placemark>
      <Placemark>
        <name>Ombika - Month 8</name>
        <description>Waterhole: Ombika, Month: 8, Time: 2010-08-06 14:40:00, Lon: 15.941483, Lat: -19.316073</description>
        <styleUrl>#month8_style</styleUrl>
        <Point>
          <coordinates>15.941483,-19.316073,0</coordinates>
        </Point>
      </Placemark>
      <Placemark>
        <name>Ombika - Month 8</name>
        <description>Waterhole: Ombika, Month: 8, Time: 2010-08-06 15:00:00, Lon: 15.941437, Lat: -19.316130</description>
        <styleUrl>#month8_style</styleUrl>
        <Point>
          <coordinates>15.941437,-19.316130,0</coordinates>
        </Point>
      </Placemark>
      <Placemark>
        <name>Ombika - Month 8</name>
        <description>Waterhole: Ombika, Month: 8, Time: 2010-08-06 15:20:00, Lon: 15.941321, Lat: -19.316117</description>
        <styleUrl>#month8_style</styleUrl>
        <Point>
          <coordinates>15.941321,-19.316117,0</coordinates>
        </Point>
      </Placemark>
      <Placemark>
        <name>Ombika - Month 8</name>
        <description>Waterhole: Ombika, Month: 8, Time: 2010-08-06 15:40:00, Lon: 15.941287, Lat: -19.316119</description>
        <styleUrl>#month8_style</styleUrl>
        <Point>
          <coordinates>15.941287,-19.316119,0</coordinates>
        </Point>
      </Placemark>
      <Placemark>
        <name>Ombika - Month 8</name>
        <description>Waterhole: Ombika, Month: 8, Time: 2010-08-06 16:00:00, Lon: 15.941258, Lat: -19.316150</description>
        <styleUrl>#month8_style</styleUrl>
        <Point>
          <coordinates>15.941258,-19.316150,0</coordinates>
        </Point>
      </Placemark>
      <Placemark>
        <name>Ombika - Month 8</name>
        <description>Waterhole: Ombika, Month: 8, Time: 2010-08-06 16:20:00, Lon: 15.941320, Lat: -19.316130</description>
        <styleUrl>#month8_style</styleUrl>
        <Point>
          <coordinates>15.941320,-19.316130,0</coordinates>
        </Point>
      </Placemark>
      <Placemark>
        <name>Ombika - Month 8</name>
        <description>Waterhole: Ombika, Month: 8, Time: 2010-08-06 16:40:00, Lon: 15.941287, Lat: -19.316003</description>
        <styleUrl>#month8_style</styleUrl>
        <Point>
          <coordinates>15.941287,-19.316003,0</coordinates>
        </Point>
      </Placemark>
      <Placemark>
        <name>Ombika - Month 8</name>
        <description>Waterhole: Ombika, Month: 8, Time: 2010-08-06 17:00:00, Lon: 15.941460, Lat: -19.316130</description>
        <styleUrl>#month8_style</styleUrl>
        <Point>
          <coordinates>15.941460,-19.316130,0</coordinates>
        </Point>
      </Placemark>
      <Placemark>
        <name>Ombika - Month 8</name>
        <description>Waterhole: Ombika, Month: 8, Time: 2010-08-06 17:20:00, Lon: 15.940980, Lat: -19.316160</description>
        <styleUrl>#month8_style</styleUrl>
        <Point>
          <coordinates>15.940980,-19.316160,0</coordinates>
        </Point>
      </Placemark>
      <Placemark>
        <name>Ombika - Month 8</name>
        <description>Waterhole: Ombika, Month: 8, Time: 2010-08-06 17:40:00, Lon: 15.941243, Lat: -19.316064</description>
        <styleUrl>#month8_style</styleUrl>
        <Point>
          <coordinates>15.941243,-19.316064,0</coordinates>
        </Point>
      </Placemark>
      <Placemark>
        <name>Ombika - Month 8</name>
        <description>Waterhole: Ombika, Month: 8, Time: 2010-08-06 18:00:00, Lon: 15.942429, Lat: -19.315141</description>
        <styleUrl>#month8_style</styleUrl>
        <Point>
          <coordinates>15.942429,-19.315141,0</coordinates>
        </Point>
      </Placemark>
      <Placemark>
        <name>Ombika - Month 8</name>
        <description>Waterhole: Ombika, Month: 8, Time: 2010-08-06 18:20:00, Lon: 15.943807, Lat: -19.313702</description>
        <styleUrl>#month8_style</styleUrl>
        <Point>
          <coordinates>15.943807,-19.313702,0</coordinates>
        </Point>
      </Placemark>
      <Placemark>
        <name>Ombika - Month 8</name>
        <description>Waterhole: Ombika, Month: 8, Time: 2010-08-06 18:40:00, Lon: 15.944347, Lat: -19.312858</description>
        <styleUrl>#month8_style</styleUrl>
        <Point>
          <coordinates>15.944347,-19.312858,0</coordinates>
        </Point>
      </Placemark>
      <Placemark>
        <name>Ombika - Month 8</name>
        <description>Waterhole: Ombika, Month: 8, Time: 2010-08-06 19:00:00, Lon: 15.945127, Lat: -19.311727</description>
        <styleUrl>#month8_style</styleUrl>
        <Point>
          <coordinates>15.945127,-19.311727,0</coordinates>
        </Point>
      </Placemark>
      <Placemark>
        <name>Ombika - Month 8</name>
        <description>Waterhole: Ombika, Month: 8, Time: 2010-08-06 19:20:00, Lon: 15.945589, Lat: -19.309829</description>
        <styleUrl>#month8_style</styleUrl>
        <Point>
          <coordinates>15.945589,-19.309829,0</coordinates>
        </Point>
      </Placemark>
      <Placemark>
        <name>Gemsbokvlakte - Month 8</name>
        <description>Waterhole: Gemsbokvlakte, Month: 8, Time: 2010-08-18 17:40:00, Lon: 16.058459, Lat: -19.212484</description>
        <styleUrl>#month8_style</styleUrl>
        <Point>
          <coordinates>16.058459,-19.212484,0</coordinates>
        </Point>
      </Placemark>
      <Placemark>
        <name>Gemsbokvlakte - Month 8</name>
        <description>Waterhole: Gemsbokvlakte, Month: 8, Time: 2010-08-18 18:00:00, Lon: 16.060298, Lat: -19.212193</description>
        <styleUrl>#month8_style</styleUrl>
        <Point>
          <coordinates>16.060298,-19.212193,0</coordinates>
        </Point>
      </Placemark>
      <Placemark>
        <name>Gemsbokvlakte - Month 8</name>
        <description>Waterhole: Gemsbokvlakte, Month: 8, Time: 2010-08-18 18:20:00, Lon: 16.064677, Lat: -19.206958</description>
        <styleUrl>#month8_style</styleUrl>
        <Point>
          <coordinates>16.064677,-19.206958,0</coordinates>
        </Point>
      </Placemark>
      <Placemark>
        <name>Gemsbokvlakte - Month 8</name>
        <description>Waterhole: Gemsbokvlakte, Month: 8, Time: 2010-08-19 17:20:00, Lon: 16.063187, Lat: -19.207330</description>
        <styleUrl>#month8_style</styleUrl>
        <Point>
          <coordinates>16.063187,-19.207330,0</coordinates>
        </Point>
      </Placemark>
      <Placemark>
        <name>Gemsbokvlakte - Month 8</name>
        <description>Waterhole: Gemsbokvlakte, Month: 8, Time: 2010-08-19 17:40:00, Lon: 16.058732, Lat: -19.213409</description>
        <styleUrl>#month8_style</styleUrl>
        <Point>
          <coordinates>16.058732,-19.213409,0</coordinates>
        </Point>
      </Placemark>
      <Placemark>
        <name>Gemsbokvlakte - Month 8</name>
        <description>Waterhole: Gemsbokvlakte, Month: 8, Time: 2010-08-19 18:00:00, Lon: 16.058944, Lat: -19.213588</description>
        <styleUrl>#month8_style</styleUrl>
        <Point>
          <coordinates>16.058944,-19.213588,0</coordinates>
        </Point>
      </Placemark>
      <Placemark>
        <name>Gemsbokvlakte - Month 8</name>
        <description>Waterhole: Gemsbokvlakte, Month: 8, Time: 2010-08-19 18:20:00, Lon: 16.059328, Lat: -19.212913</description>
        <styleUrl>#month8_style</styleUrl>
        <Point>
          <coordinates>16.059328,-19.212913,0</coordinates>
        </Point>
      </Placemark>
      <Placemark>
        <name>Gemsbokvlakte - Month 8</name>
        <description>Waterhole: Gemsbokvlakte, Month: 8, Time: 2010-08-19 18:40:00, Lon: 16.064488, Lat: -19.208736</description>
        <styleUrl>#month8_style</styleUrl>
        <Point>
          <coordinates>16.064488,-19.208736,0</coordinates>
        </Point>
      </Placemark>
      <Placemark>
        <name>Gemsbokvlakte - Month 8</name>
        <description>Waterhole: Gemsbokvlakte, Month: 8, Time: 2010-08-20 22:00:00, Lon: 16.061670, Lat: -19.207566</description>
        <styleUrl>#month8_style</styleUrl>
        <Point>
          <coordinates>16.061670,-19.207566,0</coordinates>
        </Point>
      </Placemark>
      <Placemark>
        <name>Gemsbokvlakte - Month 8</name>
        <description>Waterhole: Gemsbokvlakte, Month: 8, Time: 2010-08-20 22:20:00, Lon: 16.058896, Lat: -19.213243</description>
        <styleUrl>#month8_style</styleUrl>
        <Point>
          <coordinates>16.058896,-19.213243,0</coordinates>
        </Point>
      </Placemark>
      <Placemark>
        <name>Gemsbokvlakte - Month 8</name>
        <description>Waterhole: Gemsbokvlakte, Month: 8, Time: 2010-08-20 22:40:00, Lon: 16.062297, Lat: -19.210673</description>
        <styleUrl>#month8_style</styleUrl>
        <Point>
          <coordinates>16.062297,-19.210673,0</coordinates>
        </Point>
      </Placemark>
      <Placemark>
        <name>Gemsbokvlakte - Month 8</name>
        <description>Waterhole: Gemsbokvlakte, Month: 8, Time: 2010-08-21 18:20:00, Lon: 16.064440, Lat: -19.208915</description>
        <styleUrl>#month8_style</styleUrl>
        <Point>
          <coordinates>16.064440,-19.208915,0</coordinates>
        </Point>
      </Placemark>
      <Placemark>
        <name>Gemsbokvlakte - Month 8</name>
        <description>Waterhole: Gemsbokvlakte, Month: 8, Time: 2010-08-21 18:40:00, Lon: 16.058800, Lat: -19.213228</description>
        <styleUrl>#month8_style</styleUrl>
        <Point>
          <coordinates>16.058800,-19.213228,0</coordinates>
        </Point>
      </Placemark>
      <Placemark>
        <name>Gemsbokvlakte - Month 8</name>
        <description>Waterhole: Gemsbokvlakte, Month: 8, Time: 2010-08-21 19:00:00, Lon: 16.058731, Lat: -19.213405</description>
        <styleUrl>#month8_style</styleUrl>
        <Point>
          <coordinates>16.058731,-19.213405,0</coordinates>
        </Point>
      </Placemark>
      <Placemark>
        <name>Gemsbokvlakte - Month 8</name>
        <description>Waterhole: Gemsbokvlakte, Month: 8, Time: 2010-08-21 19:20:00, Lon: 16.058840, Lat: -19.213196</description>
        <styleUrl>#month8_style</styleUrl>
        <Point>
          <coordinates>16.058840,-19.213196,0</coordinates>
        </Point>
      </Placemark>
      <Placemark>
        <name>Gemsbokvlakte - Month 8</name>
        <description>Waterhole: Gemsbokvlakte, Month: 8, Time: 2010-08-21 19:40:00, Lon: 16.061395, Lat: -19.208317</description>
        <styleUrl>#month8_style</styleUrl>
        <Point>
          <coordinates>16.061395,-19.208317,0</coordinates>
        </Point>
      </Placemark>
      <Placemark>
        <name>Gemsbokvlakte - Month 8</name>
        <description>Waterhole: Gemsbokvlakte, Month: 8, Time: 2010-08-22 17:00:00, Lon: 16.062073, Lat: -19.211643</description>
        <styleUrl>#month8_style</styleUrl>
        <Point>
          <coordinates>16.062073,-19.211643,0</coordinates>
        </Point>
      </Placemark>
      <Placemark>
        <name>Gemsbokvlakte - Month 8</name>
        <description>Waterhole: Gemsbokvlakte, Month: 8, Time: 2010-08-22 17:20:00, Lon: 16.061388, Lat: -19.214659</description>
        <styleUrl>#month8_style</styleUrl>
        <Point>
          <coordinates>16.061388,-19.214659,0</coordinates>
        </Point>
      </Placemark>
      <Placemark>
        <name>Olifantsbad Waterhole - Month 8</name>
        <description>Waterhole: Olifantsbad Waterhole, Month: 8, Time: 2010-08-22 22:40:00, Lon: 16.125872, Lat: -19.234229</description>
        <styleUrl>#month8_style</styleUrl>
        <Point>
          <coordinates>16.125872,-19.234229,0</coordinates>
        </Point>
      </Placemark>
      <Placemark>
        <name>Olifantsbad Waterhole - Month 8</name>
        <description>Waterhole: Olifantsbad Waterhole, Month: 8, Time: 2010-08-22 23:00:00, Lon: 16.131654, Lat: -19.238670</description>
        <styleUrl>#month8_style</styleUrl>
        <Point>
          <coordinates>16.131654,-19.238670,0</coordinates>
        </Point>
      </Placemark>
      <Placemark>
        <name>Olifantsbad Waterhole - Month 8</name>
        <description>Waterhole: Olifantsbad Waterhole, Month: 8, Time: 2010-08-22 23:20:00, Lon: 16.130912, Lat: -19.235787</description>
        <styleUrl>#month8_style</styleUrl>
        <Point>
          <coordinates>16.130912,-19.235787,0</coordinates>
        </Point>
      </Placemark>
      <Placemark>
        <name>Olifantsbad Waterhole - Month 8</name>
        <description>Waterhole: Olifantsbad Waterhole, Month: 8, Time: 2010-08-22 23:40:00, Lon: 16.129354, Lat: -19.232707</description>
        <styleUrl>#month8_style</styleUrl>
        <Point>
          <coordinates>16.129354,-19.232707,0</coordinates>
        </Point>
      </Placemark>
      <Placemark>
        <name>Olifantsbad Waterhole - Month 8</name>
        <description>Waterhole: Olifantsbad Waterhole, Month: 8, Time: 2010-08-23 00:00:00, Lon: 16.128294, Lat: -19.231486</description>
        <styleUrl>#month8_style</styleUrl>
        <Point>
          <coordinates>16.128294,-19.231486,0</coordinates>
        </Point>
      </Placemark>
      <Placemark>
        <name>Olifantsbad Waterhole - Month 8</name>
        <description>Waterhole: Olifantsbad Waterhole, Month: 8, Time: 2010-08-23 09:20:00, Lon: 16.124525, Lat: -19.232473</description>
        <styleUrl>#month8_style</styleUrl>
        <Point>
          <coordinates>16.124525,-19.232473,0</coordinates>
        </Point>
      </Placemark>
      <Placemark>
        <name>Olifantsbad Waterhole - Month 8</name>
        <description>Waterhole: Olifantsbad Waterhole, Month: 8, Time: 2010-08-23 09:40:00, Lon: 16.126075, Lat: -19.235111</description>
        <styleUrl>#month8_style</styleUrl>
        <Point>
          <coordinates>16.126075,-19.235111,0</coordinates>
        </Point>
      </Placemark>
      <Placemark>
        <name>Olifantsbad Waterhole - Month 8</name>
        <description>Waterhole: Olifantsbad Waterhole, Month: 8, Time: 2010-08-23 10:00:00, Lon: 16.127546, Lat: -19.235626</description>
        <styleUrl>#month8_style</styleUrl>
        <Point>
          <coordinates>16.127546,-19.235626,0</coordinates>
        </Point>
      </Placemark>
      <Placemark>
        <name>Olifantsbad Waterhole - Month 8</name>
        <description>Waterhole: Olifantsbad Waterhole, Month: 8, Time: 2010-08-23 10:20:00, Lon: 16.131777, Lat: -19.238774</description>
        <styleUrl>#month8_style</styleUrl>
        <Point>
          <coordinates>16.131777,-19.238774,0</coordinates>
        </Point>
      </Placemark>
      <Placemark>
        <name>Olifantsbad Waterhole - Month 8</name>
        <description>Waterhole: Olifantsbad Waterhole, Month: 8, Time: 2010-08-23 10:40:00, Lon: 16.131848, Lat: -19.237819</description>
        <styleUrl>#month8_style</styleUrl>
        <Point>
          <coordinates>16.131848,-19.237819,0</coordinates>
        </Point>
      </Placemark>
      <Placemark>
        <name>Olifantsbad Waterhole - Month 8</name>
        <description>Waterhole: Olifantsbad Waterhole, Month: 8, Time: 2010-08-23 11:00:00, Lon: 16.132392, Lat: -19.236743</description>
        <styleUrl>#month8_style</styleUrl>
        <Point>
          <coordinates>16.132392,-19.236743,0</coordinates>
        </Point>
      </Placemark>
      <Placemark>
        <name>Olifantsbad Waterhole - Month 8</name>
        <description>Waterhole: Olifantsbad Waterhole, Month: 8, Time: 2010-08-23 11:20:00, Lon: 16.133576, Lat: -19.235431</description>
        <styleUrl>#month8_style</styleUrl>
        <Point>
          <coordinates>16.133576,-19.235431,0</coordinates>
        </Point>
      </Placemark>
      <Placemark>
        <name>Olifantsbad Waterhole - Month 8</name>
        <description>Waterhole: Olifantsbad Waterhole, Month: 8, Time: 2010-08-23 11:40:00, Lon: 16.133408, Lat: -19.235726</description>
        <styleUrl>#month8_style</styleUrl>
        <Point>
          <coordinates>16.133408,-19.235726,0</coordinates>
        </Point>
      </Placemark>
      <Placemark>
        <name>Olifantsbad Waterhole - Month 8</name>
        <description>Waterhole: Olifantsbad Waterhole, Month: 8, Time: 2010-08-23 12:00:00, Lon: 16.133418, Lat: -19.235708</description>
        <styleUrl>#month8_style</styleUrl>
        <Point>
          <coordinates>16.133418,-19.235708,0</coordinates>
        </Point>
      </Placemark>
      <Placemark>
        <name>Olifantsbad Waterhole - Month 8</name>
        <description>Waterhole: Olifantsbad Waterhole, Month: 8, Time: 2010-08-23 12:20:00, Lon: 16.133412, Lat: -19.235679</description>
        <styleUrl>#month8_style</styleUrl>
        <Point>
          <coordinates>16.133412,-19.235679,0</coordinates>
        </Point>
      </Placemark>
      <Placemark>
        <name>Olifantsbad Waterhole - Month 8</name>
        <description>Waterhole: Olifantsbad Waterhole, Month: 8, Time: 2010-08-23 12:40:00, Lon: 16.133426, Lat: -19.235710</description>
        <styleUrl>#month8_style</styleUrl>
        <Point>
          <coordinates>16.133426,-19.235710,0</coordinates>
        </Point>
      </Placemark>
      <Placemark>
        <name>Olifantsbad Waterhole - Month 8</name>
        <description>Waterhole: Olifantsbad Waterhole, Month: 8, Time: 2010-08-23 13:00:00, Lon: 16.133416, Lat: -19.235695</description>
        <styleUrl>#month8_style</styleUrl>
        <Point>
          <coordinates>16.133416,-19.235695,0</coordinates>
        </Point>
      </Placemark>
      <Placemark>
        <name>Olifantsbad Waterhole - Month 8</name>
        <description>Waterhole: Olifantsbad Waterhole, Month: 8, Time: 2010-08-23 13:20:00, Lon: 16.133419, Lat: -19.235706</description>
        <styleUrl>#month8_style</styleUrl>
        <Point>
          <coordinates>16.133419,-19.235706,0</coordinates>
        </Point>
      </Placemark>
      <Placemark>
        <name>Olifantsbad Waterhole - Month 8</name>
        <description>Waterhole: Olifantsbad Waterhole, Month: 8, Time: 2010-08-23 13:40:00, Lon: 16.132849, Lat: -19.234648</description>
        <styleUrl>#month8_style</styleUrl>
        <Point>
          <coordinates>16.132849,-19.234648,0</coordinates>
        </Point>
      </Placemark>
      <Placemark>
        <name>Olifantsbad Waterhole - Month 8</name>
        <description>Waterhole: Olifantsbad Waterhole, Month: 8, Time: 2010-08-23 14:00:00, Lon: 16.132504, Lat: -19.233533</description>
        <styleUrl>#month8_style</styleUrl>
        <Point>
          <coordinates>16.132504,-19.233533,0</coordinates>
        </Point>
      </Placemark>
      <Placemark>
        <name>Olifantsbad Waterhole - Month 8</name>
        <description>Waterhole: Olifantsbad Waterhole, Month: 8, Time: 2010-08-23 14:20:00, Lon: 16.131825, Lat: -19.232971</description>
        <styleUrl>#month8_style</styleUrl>
        <Point>
          <coordinates>16.131825,-19.232971,0</coordinates>
        </Point>
      </Placemark>
      <Placemark>
        <name>Olifantsbad Waterhole - Month 8</name>
        <description>Waterhole: Olifantsbad Waterhole, Month: 8, Time: 2010-08-23 14:40:00, Lon: 16.131465, Lat: -19.232867</description>
        <styleUrl>#month8_style</styleUrl>
        <Point>
          <coordinates>16.131465,-19.232867,0</coordinates>
        </Point>
      </Placemark>
      <Placemark>
        <name>Olifantsbad Waterhole - Month 8</name>
        <description>Waterhole: Olifantsbad Waterhole, Month: 8, Time: 2010-08-23 15:00:00, Lon: 16.130254, Lat: -19.232489</description>
        <styleUrl>#month8_style</styleUrl>
        <Point>
          <coordinates>16.130254,-19.232489,0</coordinates>
        </Point>
      </Placemark>
      <Placemark>
        <name>Olifantsbad Waterhole - Month 8</name>
        <description>Waterhole: Olifantsbad Waterhole, Month: 8, Time: 2010-08-23 15:20:00, Lon: 16.129821, Lat: -19.231997</description>
        <styleUrl>#month8_style</styleUrl>
        <Point>
          <coordinates>16.129821,-19.231997,0</coordinates>
        </Point>
      </Placemark>
      <Placemark>
        <name>Olifantsbad Waterhole - Month 8</name>
        <description>Waterhole: Olifantsbad Waterhole, Month: 8, Time: 2010-08-23 15:40:00, Lon: 16.129433, Lat: -19.231531</description>
        <styleUrl>#month8_style</styleUrl>
        <Point>
          <coordinates>16.129433,-19.231531,0</coordinates>
        </Point>
      </Placemark>
      <Placemark>
        <name>Gemsbokvlakte - Month 8</name>
        <description>Waterhole: Gemsbokvlakte, Month: 8, Time: 2010-08-24 17:00:00, Lon: 16.065220, Lat: -19.214459</description>
        <styleUrl>#month8_style</styleUrl>
        <Point>
          <coordinates>16.065220,-19.214459,0</coordinates>
        </Point>
      </Placemark>
      <Placemark>
        <name>Gemsbokvlakte - Month 8</name>
        <description>Waterhole: Gemsbokvlakte, Month: 8, Time: 2010-08-24 17:20:00, Lon: 16.058843, Lat: -19.213263</description>
        <styleUrl>#month8_style</styleUrl>
        <Point>
          <coordinates>16.058843,-19.213263,0</coordinates>
        </Point>
      </Placemark>
      <Placemark>
        <name>Gemsbokvlakte - Month 8</name>
        <description>Waterhole: Gemsbokvlakte, Month: 8, Time: 2010-08-24 17:40:00, Lon: 16.058707, Lat: -19.213340</description>
        <styleUrl>#month8_style</styleUrl>
        <Point>
          <coordinates>16.058707,-19.213340,0</coordinates>
        </Point>
      </Placemark>
      <Placemark>
        <name>Gemsbokvlakte - Month 8</name>
        <description>Waterhole: Gemsbokvlakte, Month: 8, Time: 2010-08-24 18:00:00, Lon: 16.058653, Lat: -19.213599</description>
        <styleUrl>#month8_style</styleUrl>
        <Point>
          <coordinates>16.058653,-19.213599,0</coordinates>
        </Point>
      </Placemark>
      <Placemark>
        <name>Gemsbokvlakte - Month 8</name>
        <description>Waterhole: Gemsbokvlakte, Month: 8, Time: 2010-08-24 18:20:00, Lon: 16.058828, Lat: -19.213487</description>
        <styleUrl>#month8_style</styleUrl>
        <Point>
          <coordinates>16.058828,-19.213487,0</coordinates>
        </Point>
      </Placemark>
      <Placemark>
        <name>Gemsbokvlakte - Month 8</name>
        <description>Waterhole: Gemsbokvlakte, Month: 8, Time: 2010-08-24 18:40:00, Lon: 16.058832, Lat: -19.213466</description>
        <styleUrl>#month8_style</styleUrl>
        <Point>
          <coordinates>16.058832,-19.213466,0</coordinates>
        </Point>
      </Placemark>
      <Placemark>
        <name>Gemsbokvlakte - Month 8</name>
        <description>Waterhole: Gemsbokvlakte, Month: 8, Time: 2010-08-24 19:00:00, Lon: 16.060991, Lat: -19.207225</description>
        <styleUrl>#month8_style</styleUrl>
        <Point>
          <coordinates>16.060991,-19.207225,0</coordinates>
        </Point>
      </Placemark>
      <Placemark>
        <name>Ombika - Month 8</name>
        <description>Waterhole: Ombika, Month: 8, Time: 2010-08-31 17:00:00, Lon: 15.941015, Lat: -19.316317</description>
        <styleUrl>#month8_style</styleUrl>
        <Point>
          <coordinates>15.941015,-19.316317,0</coordinates>
        </Point>
      </Placemark>
      <Placemark>
        <name>Ombika - Month 8</name>
        <description>Waterhole: Ombika, Month: 8, Time: 2010-08-31 17:20:00, Lon: 15.941006, Lat: -19.316221</description>
        <styleUrl>#month8_style</styleUrl>
        <Point>
          <coordinates>15.941006,-19.316221,0</coordinates>
        </Point>
      </Placemark>
      <Placemark>
        <name>Ombika - Month 8</name>
        <description>Waterhole: Ombika, Month: 8, Time: 2010-08-31 17:40:00, Lon: 15.941350, Lat: -19.315991</description>
        <styleUrl>#month8_style</styleUrl>
        <Point>
          <coordinates>15.941350,-19.315991,0</coordinates>
        </Point>
      </Placemark>
      <Placemark>
        <name>Ombika - Month 8</name>
        <description>Waterhole: Ombika, Month: 8, Time: 2010-08-31 18:00:00, Lon: 15.941104, Lat: -19.316040</description>
        <styleUrl>#month8_style</styleUrl>
        <Point>
          <coordinates>15.941104,-19.316040,0</coordinates>
        </Point>
      </Placemark>
      <Placemark>
        <name>Ombika - Month 8</name>
        <description>Waterhole: Ombika, Month: 8, Time: 2010-08-31 18:20:00, Lon: 15.941258, Lat: -19.316091</description>
        <styleUrl>#month8_style</styleUrl>
        <Point>
          <coordinates>15.941258,-19.316091,0</coordinates>
        </Point>
      </Placemark>
      <Placemark>
        <name>Ombika - Month 8</name>
        <description>Waterhole: Ombika, Month: 8, Time: 2010-08-31 18:40:00, Lon: 15.941385, Lat: -19.315871</description>
        <styleUrl>#month8_style</styleUrl>
        <Point>
          <coordinates>15.941385,-19.315871,0</coordinates>
        </Point>
      </Placemark>
      <Placemark>
        <name>Ombika - Month 8</name>
        <description>Waterhole: Ombika, Month: 8, Time: 2010-08-31 19:00:00, Lon: 15.941353, Lat: -19.315824</description>
        <styleUrl>#month8_style</styleUrl>
        <Point>
          <coordinates>15.941353,-19.315824,0</coordinates>
        </Point>
      </Placemark>
      <Placemark>
        <name>Ombika - Month 8</name>
        <description>Waterhole: Ombika, Month: 8, Time: 2010-08-31 19:20:00, Lon: 15.941121, Lat: -19.316178</description>
        <styleUrl>#month8_style</styleUrl>
        <Point>
          <coordinates>15.941121,-19.316178,0</coordinates>
        </Point>
      </Placemark>
      <Placemark>
        <name>Ombika - Month 8</name>
        <description>Waterhole: Ombika, Month: 8, Time: 2010-08-31 19:40:00, Lon: 15.941135, Lat: -19.315975</description>
        <styleUrl>#month8_style</styleUrl>
        <Point>
          <coordinates>15.941135,-19.315975,0</coordinates>
        </Point>
      </Placemark>
      <Placemark>
        <name>Ombika - Month 8</name>
        <description>Waterhole: Ombika, Month: 8, Time: 2010-08-31 20:00:00, Lon: 15.942504, Lat: -19.313212</description>
        <styleUrl>#month8_style</styleUrl>
        <Point>
          <coordinates>15.942504,-19.313212,0</coordinates>
        </Point>
      </Placemark>
      <Placemark>
        <name>Ombika - Month 8</name>
        <description>Waterhole: Ombika, Month: 8, Time: 2010-08-31 20:20:00, Lon: 15.942935, Lat: -19.311981</description>
        <styleUrl>#month8_style</styleUrl>
        <Point>
          <coordinates>15.942935,-19.311981,0</coordinates>
        </Point>
      </Placemark>
      <Placemark>
        <name>Gemsbokvlakte - Month 9</name>
        <description>Waterhole: Gemsbokvlakte, Month: 9, Time: 2010-09-01 20:40:00, Lon: 16.053304, Lat: -19.215110</description>
        <styleUrl>#month9_style</styleUrl>
        <Point>
          <coordinates>16.053304,-19.215110,0</coordinates>
        </Point>
      </Placemark>
      <Placemark>
        <name>Gemsbokvlakte - Month 9</name>
        <description>Waterhole: Gemsbokvlakte, Month: 9, Time: 2010-09-01 21:00:00, Lon: 16.058801, Lat: -19.213188</description>
        <styleUrl>#month9_style</styleUrl>
        <Point>
          <coordinates>16.058801,-19.213188,0</coordinates>
        </Point>
      </Placemark>
      <Placemark>
        <name>Gemsbokvlakte - Month 9</name>
        <description>Waterhole: Gemsbokvlakte, Month: 9, Time: 2010-09-01 21:20:00, Lon: 16.062331, Lat: -19.210746</description>
        <styleUrl>#month9_style</styleUrl>
        <Point>
          <coordinates>16.062331,-19.210746,0</coordinates>
        </Point>
      </Placemark>
      <Placemark>
        <name>Gemsbokvlakte - Month 9</name>
        <description>Waterhole: Gemsbokvlakte, Month: 9, Time: 2010-09-02 17:20:00, Lon: 16.059849, Lat: -19.212636</description>
        <styleUrl>#month9_style</styleUrl>
        <Point>
          <coordinates>16.059849,-19.212636,0</coordinates>
        </Point>
      </Placemark>
      <Placemark>
        <name>Gemsbokvlakte - Month 9</name>
        <description>Waterhole: Gemsbokvlakte, Month: 9, Time: 2010-09-02 17:40:00, Lon: 16.058853, Lat: -19.213495</description>
        <styleUrl>#month9_style</styleUrl>
        <Point>
          <coordinates>16.058853,-19.213495,0</coordinates>
        </Point>
      </Placemark>
      <Placemark>
        <name>Gemsbokvlakte - Month 9</name>
        <description>Waterhole: Gemsbokvlakte, Month: 9, Time: 2010-09-02 18:00:00, Lon: 16.058805, Lat: -19.213568</description>
        <styleUrl>#month9_style</styleUrl>
        <Point>
          <coordinates>16.058805,-19.213568,0</coordinates>
        </Point>
      </Placemark>
      <Placemark>
        <name>Gemsbokvlakte - Month 9</name>
        <description>Waterhole: Gemsbokvlakte, Month: 9, Time: 2010-09-02 18:20:00, Lon: 16.058823, Lat: -19.213483</description>
        <styleUrl>#month9_style</styleUrl>
        <Point>
          <coordinates>16.058823,-19.213483,0</coordinates>
        </Point>
      </Placemark>
      <Placemark>
        <name>Gemsbokvlakte - Month 9</name>
        <description>Waterhole: Gemsbokvlakte, Month: 9, Time: 2010-09-03 20:00:00, Lon: 16.055087, Lat: -19.208075</description>
        <styleUrl>#month9_style</styleUrl>
        <Point>
          <coordinates>16.055087,-19.208075,0</coordinates>
        </Point>
      </Placemark>
      <Placemark>
        <name>Gemsbokvlakte - Month 9</name>
        <description>Waterhole: Gemsbokvlakte, Month: 9, Time: 2010-09-03 20:20:00, Lon: 16.058708, Lat: -19.213324</description>
        <styleUrl>#month9_style</styleUrl>
        <Point>
          <coordinates>16.058708,-19.213324,0</coordinates>
        </Point>
      </Placemark>
      <Placemark>
        <name>Gemsbokvlakte - Month 9</name>
        <description>Waterhole: Gemsbokvlakte, Month: 9, Time: 2010-09-03 20:40:00, Lon: 16.063238, Lat: -19.209658</description>
        <styleUrl>#month9_style</styleUrl>
        <Point>
          <coordinates>16.063238,-19.209658,0</coordinates>
        </Point>
      </Placemark>
      <Placemark>
        <name>Gemsbokvlakte - Month 9</name>
        <description>Waterhole: Gemsbokvlakte, Month: 9, Time: 2010-09-03 21:00:00, Lon: 16.066010, Lat: -19.209827</description>
        <styleUrl>#month9_style</styleUrl>
        <Point>
          <coordinates>16.066010,-19.209827,0</coordinates>
        </Point>
      </Placemark>
      <Placemark>
        <name>Gemsbokvlakte - Month 9</name>
        <description>Waterhole: Gemsbokvlakte, Month: 9, Time: 2010-09-03 21:20:00, Lon: 16.067126, Lat: -19.209576</description>
        <styleUrl>#month9_style</styleUrl>
        <Point>
          <coordinates>16.067126,-19.209576,0</coordinates>
        </Point>
      </Placemark>
      <Placemark>
        <name>Gemsbokvlakte - Month 9</name>
        <description>Waterhole: Gemsbokvlakte, Month: 9, Time: 2010-09-04 17:00:00, Lon: 16.060202, Lat: -19.212626</description>
        <styleUrl>#month9_style</styleUrl>
        <Point>
          <coordinates>16.060202,-19.212626,0</coordinates>
        </Point>
      </Placemark>
      <Placemark>
        <name>Gemsbokvlakte - Month 9</name>
        <description>Waterhole: Gemsbokvlakte, Month: 9, Time: 2010-09-04 17:20:00, Lon: 16.058881, Lat: -19.213403</description>
        <styleUrl>#month9_style</styleUrl>
        <Point>
          <coordinates>16.058881,-19.213403,0</coordinates>
        </Point>
      </Placemark>
      <Placemark>
        <name>Gemsbokvlakte - Month 9</name>
        <description>Waterhole: Gemsbokvlakte, Month: 9, Time: 2010-09-04 17:40:00, Lon: 16.058808, Lat: -19.212602</description>
        <styleUrl>#month9_style</styleUrl>
        <Point>
          <coordinates>16.058808,-19.212602,0</coordinates>
        </Point>
      </Placemark>
      <Placemark>
        <name>Gemsbokvlakte - Month 9</name>
        <description>Waterhole: Gemsbokvlakte, Month: 9, Time: 2010-09-04 18:00:00, Lon: 16.060875, Lat: -19.206500</description>
        <styleUrl>#month9_style</styleUrl>
        <Point>
          <coordinates>16.060875,-19.206500,0</coordinates>
        </Point>
      </Placemark>
      <Placemark>
        <name>Ondongab - Month 9</name>
        <description>Waterhole: Ondongab, Month: 9, Time: 2010-09-05 08:40:00, Lon: 16.105999, Lat: -19.109991</description>
        <styleUrl>#month9_style</styleUrl>
        <Point>
          <coordinates>16.105999,-19.109991,0</coordinates>
        </Point>
      </Placemark>
      <Placemark>
        <name>Ondongab - Month 9</name>
        <description>Waterhole: Ondongab, Month: 9, Time: 2010-09-05 09:00:00, Lon: 16.107265, Lat: -19.107357</description>
        <styleUrl>#month9_style</styleUrl>
        <Point>
          <coordinates>16.107265,-19.107357,0</coordinates>
        </Point>
      </Placemark>
      <Placemark>
        <name>Ondongab - Month 9</name>
        <description>Waterhole: Ondongab, Month: 9, Time: 2010-09-05 09:20:00, Lon: 16.107307, Lat: -19.106278</description>
        <styleUrl>#month9_style</styleUrl>
        <Point>
          <coordinates>16.107307,-19.106278,0</coordinates>
        </Point>
      </Placemark>
      <Placemark>
        <name>Ondongab - Month 9</name>
        <description>Waterhole: Ondongab, Month: 9, Time: 2010-09-05 09:40:00, Lon: 16.107291, Lat: -19.106185</description>
        <styleUrl>#month9_style</styleUrl>
        <Point>
          <coordinates>16.107291,-19.106185,0</coordinates>
        </Point>
      </Placemark>
      <Placemark>
        <name>Ondongab - Month 9</name>
        <description>Waterhole: Ondongab, Month: 9, Time: 2010-09-05 10:00:00, Lon: 16.107294, Lat: -19.106228</description>
        <styleUrl>#month9_style</styleUrl>
        <Point>
          <coordinates>16.107294,-19.106228,0</coordinates>
        </Point>
      </Placemark>
      <Placemark>
        <name>Ondongab - Month 9</name>
        <description>Waterhole: Ondongab, Month: 9, Time: 2010-09-05 10:20:00, Lon: 16.107072, Lat: -19.106071</description>
        <styleUrl>#month9_style</styleUrl>
        <Point>
          <coordinates>16.107072,-19.106071,0</coordinates>
        </Point>
      </Placemark>
      <Placemark>
        <name>Ondongab - Month 9</name>
        <description>Waterhole: Ondongab, Month: 9, Time: 2010-09-05 10:40:00, Lon: 16.107350, Lat: -19.106256</description>
        <styleUrl>#month9_style</styleUrl>
        <Point>
          <coordinates>16.107350,-19.106256,0</coordinates>
        </Point>
      </Placemark>
      <Placemark>
        <name>Ondongab - Month 9</name>
        <description>Waterhole: Ondongab, Month: 9, Time: 2010-09-05 11:00:00, Lon: 16.107369, Lat: -19.106240</description>
        <styleUrl>#month9_style</styleUrl>
        <Point>
          <coordinates>16.107369,-19.106240,0</coordinates>
        </Point>
      </Placemark>
      <Placemark>
        <name>Ondongab - Month 9</name>
        <description>Waterhole: Ondongab, Month: 9, Time: 2010-09-05 11:20:00, Lon: 16.107377, Lat: -19.106256</description>
        <styleUrl>#month9_style</styleUrl>
        <Point>
          <coordinates>16.107377,-19.106256,0</coordinates>
        </Point>
      </Placemark>
      <Placemark>
        <name>Ondongab - Month 9</name>
        <description>Waterhole: Ondongab, Month: 9, Time: 2010-09-05 11:40:00, Lon: 16.107387, Lat: -19.106266</description>
        <styleUrl>#month9_style</styleUrl>
        <Point>
          <coordinates>16.107387,-19.106266,0</coordinates>
        </Point>
      </Placemark>
      <Placemark>
        <name>Ondongab - Month 9</name>
        <description>Waterhole: Ondongab, Month: 9, Time: 2010-09-05 12:00:00, Lon: 16.107394, Lat: -19.106268</description>
        <styleUrl>#month9_style</styleUrl>
        <Point>
          <coordinates>16.107394,-19.106268,0</coordinates>
        </Point>
      </Placemark>
      <Placemark>
        <name>Ondongab - Month 9</name>
        <description>Waterhole: Ondongab, Month: 9, Time: 2010-09-05 12:20:00, Lon: 16.107413, Lat: -19.106285</description>
        <styleUrl>#month9_style</styleUrl>
        <Point>
          <coordinates>16.107413,-19.106285,0</coordinates>
        </Point>
      </Placemark>
      <Placemark>
        <name>Ondongab - Month 9</name>
        <description>Waterhole: Ondongab, Month: 9, Time: 2010-09-05 12:40:00, Lon: 16.107371, Lat: -19.106244</description>
        <styleUrl>#month9_style</styleUrl>
        <Point>
          <coordinates>16.107371,-19.106244,0</coordinates>
        </Point>
      </Placemark>
      <Placemark>
        <name>Ondongab - Month 9</name>
        <description>Waterhole: Ondongab, Month: 9, Time: 2010-09-05 13:00:00, Lon: 16.107179, Lat: -19.106126</description>
        <styleUrl>#month9_style</styleUrl>
        <Point>
          <coordinates>16.107179,-19.106126,0</coordinates>
        </Point>
      </Placemark>
      <Placemark>
        <name>Ondongab - Month 9</name>
        <description>Waterhole: Ondongab, Month: 9, Time: 2010-09-05 13:20:00, Lon: 16.107074, Lat: -19.106065</description>
        <styleUrl>#month9_style</styleUrl>
        <Point>
          <coordinates>16.107074,-19.106065,0</coordinates>
        </Point>
      </Placemark>
      <Placemark>
        <name>Ondongab - Month 9</name>
        <description>Waterhole: Ondongab, Month: 9, Time: 2010-09-05 13:41:00, Lon: 16.107065, Lat: -19.106063</description>
        <styleUrl>#month9_style</styleUrl>
        <Point>
          <coordinates>16.107065,-19.106063,0</coordinates>
        </Point>
      </Placemark>
      <Placemark>
        <name>Ondongab - Month 9</name>
        <description>Waterhole: Ondongab, Month: 9, Time: 2010-09-05 14:00:00, Lon: 16.107076, Lat: -19.106091</description>
        <styleUrl>#month9_style</styleUrl>
        <Point>
          <coordinates>16.107076,-19.106091,0</coordinates>
        </Point>
      </Placemark>
      <Placemark>
        <name>Ondongab - Month 9</name>
        <description>Waterhole: Ondongab, Month: 9, Time: 2010-09-05 14:20:00, Lon: 16.107104, Lat: -19.106042</description>
        <styleUrl>#month9_style</styleUrl>
        <Point>
          <coordinates>16.107104,-19.106042,0</coordinates>
        </Point>
      </Placemark>
      <Placemark>
        <name>Ondongab - Month 9</name>
        <description>Waterhole: Ondongab, Month: 9, Time: 2010-09-05 14:40:00, Lon: 16.107089, Lat: -19.106051</description>
        <styleUrl>#month9_style</styleUrl>
        <Point>
          <coordinates>16.107089,-19.106051,0</coordinates>
        </Point>
      </Placemark>
      <Placemark>
        <name>Ondongab - Month 9</name>
        <description>Waterhole: Ondongab, Month: 9, Time: 2010-09-05 15:00:00, Lon: 16.106799, Lat: -19.105992</description>
        <styleUrl>#month9_style</styleUrl>
        <Point>
          <coordinates>16.106799,-19.105992,0</coordinates>
        </Point>
      </Placemark>
      <Placemark>
        <name>Ondongab - Month 9</name>
        <description>Waterhole: Ondongab, Month: 9, Time: 2010-09-05 15:20:00, Lon: 16.106553, Lat: -19.106020</description>
        <styleUrl>#month9_style</styleUrl>
        <Point>
          <coordinates>16.106553,-19.106020,0</coordinates>
        </Point>
      </Placemark>
      <Placemark>
        <name>Ondongab - Month 9</name>
        <description>Waterhole: Ondongab, Month: 9, Time: 2010-09-05 15:40:00, Lon: 16.103268, Lat: -19.107302</description>
        <styleUrl>#month9_style</styleUrl>
        <Point>
          <coordinates>16.103268,-19.107302,0</coordinates>
        </Point>
      </Placemark>
      <Placemark>
        <name>Ondongab - Month 9</name>
        <description>Waterhole: Ondongab, Month: 9, Time: 2010-09-05 16:00:00, Lon: 16.102401, Lat: -19.108012</description>
        <styleUrl>#month9_style</styleUrl>
        <Point>
          <coordinates>16.102401,-19.108012,0</coordinates>
        </Point>
      </Placemark>
      <Placemark>
        <name>Gemsbokvlakte - Month 9</name>
        <description>Waterhole: Gemsbokvlakte, Month: 9, Time: 2010-09-05 23:20:00, Lon: 16.058745, Lat: -19.213194</description>
        <styleUrl>#month9_style</styleUrl>
        <Point>
          <coordinates>16.058745,-19.213194,0</coordinates>
        </Point>
      </Placemark>
      <Placemark>
        <name>Gemsbokvlakte - Month 9</name>
        <description>Waterhole: Gemsbokvlakte, Month: 9, Time: 2010-09-05 23:40:00, Lon: 16.058646, Lat: -19.213285</description>
        <styleUrl>#month9_style</styleUrl>
        <Point>
          <coordinates>16.058646,-19.213285,0</coordinates>
        </Point>
      </Placemark>
      <Placemark>
        <name>Gemsbokvlakte - Month 9</name>
        <description>Waterhole: Gemsbokvlakte, Month: 9, Time: 2010-09-06 00:00:00, Lon: 16.052903, Lat: -19.211405</description>
        <styleUrl>#month9_style</styleUrl>
        <Point>
          <coordinates>16.052903,-19.211405,0</coordinates>
        </Point>
      </Placemark>
      <Placemark>
        <name>Gemsbokvlakte - Month 9</name>
        <description>Waterhole: Gemsbokvlakte, Month: 9, Time: 2010-09-08 18:20:00, Lon: 16.057218, Lat: -19.210295</description>
        <styleUrl>#month9_style</styleUrl>
        <Point>
          <coordinates>16.057218,-19.210295,0</coordinates>
        </Point>
      </Placemark>
      <Placemark>
        <name>Gemsbokvlakte - Month 9</name>
        <description>Waterhole: Gemsbokvlakte, Month: 9, Time: 2010-09-08 18:40:00, Lon: 16.058999, Lat: -19.213700</description>
        <styleUrl>#month9_style</styleUrl>
        <Point>
          <coordinates>16.058999,-19.213700,0</coordinates>
        </Point>
      </Placemark>
      <Placemark>
        <name>Gemsbokvlakte - Month 9</name>
        <description>Waterhole: Gemsbokvlakte, Month: 9, Time: 2010-09-08 19:00:00, Lon: 16.063920, Lat: -19.218443</description>
        <styleUrl>#month9_style</styleUrl>
        <Point>
          <coordinates>16.063920,-19.218443,0</coordinates>
        </Point>
      </Placemark>
      <Placemark>
        <name>Olifantsbad Waterhole - Month 9</name>
        <description>Waterhole: Olifantsbad Waterhole, Month: 9, Time: 2010-09-09 09:40:00, Lon: 16.127111, Lat: -19.233590</description>
        <styleUrl>#month9_style</styleUrl>
        <Point>
          <coordinates>16.127111,-19.233590,0</coordinates>
        </Point>
      </Placemark>
      <Placemark>
        <name>Olifantsbad Waterhole - Month 9</name>
        <description>Waterhole: Olifantsbad Waterhole, Month: 9, Time: 2010-09-09 10:00:00, Lon: 16.131944, Lat: -19.238849</description>
        <styleUrl>#month9_style</styleUrl>
        <Point>
          <coordinates>16.131944,-19.238849,0</coordinates>
        </Point>
      </Placemark>
      <Placemark>
        <name>Olifantsbad Waterhole - Month 9</name>
        <description>Waterhole: Olifantsbad Waterhole, Month: 9, Time: 2010-09-09 10:20:00, Lon: 16.131725, Lat: -19.238698</description>
        <styleUrl>#month9_style</styleUrl>
        <Point>
          <coordinates>16.131725,-19.238698,0</coordinates>
        </Point>
      </Placemark>
      <Placemark>
        <name>Olifantsbad Waterhole - Month 9</name>
        <description>Waterhole: Olifantsbad Waterhole, Month: 9, Time: 2010-09-09 10:40:00, Lon: 16.131934, Lat: -19.238770</description>
        <styleUrl>#month9_style</styleUrl>
        <Point>
          <coordinates>16.131934,-19.238770,0</coordinates>
        </Point>
      </Placemark>
      <Placemark>
        <name>Olifantsbad Waterhole - Month 9</name>
        <description>Waterhole: Olifantsbad Waterhole, Month: 9, Time: 2010-09-09 11:00:00, Lon: 16.129049, Lat: -19.236263</description>
        <styleUrl>#month9_style</styleUrl>
        <Point>
          <coordinates>16.129049,-19.236263,0</coordinates>
        </Point>
      </Placemark>
      <Placemark>
        <name>Olifantsbad Waterhole - Month 9</name>
        <description>Waterhole: Olifantsbad Waterhole, Month: 9, Time: 2010-09-09 11:20:00, Lon: 16.123932, Lat: -19.234735</description>
        <styleUrl>#month9_style</styleUrl>
        <Point>
          <coordinates>16.123932,-19.234735,0</coordinates>
        </Point>
      </Placemark>
      <Placemark>
        <name>Olifantsbad Waterhole - Month 9</name>
        <description>Waterhole: Olifantsbad Waterhole, Month: 9, Time: 2010-09-10 09:20:00, Lon: 16.131317, Lat: -19.236806</description>
        <styleUrl>#month9_style</styleUrl>
        <Point>
          <coordinates>16.131317,-19.236806,0</coordinates>
        </Point>
      </Placemark>
      <Placemark>
        <name>Olifantsbad Waterhole - Month 9</name>
        <description>Waterhole: Olifantsbad Waterhole, Month: 9, Time: 2010-09-10 09:40:00, Lon: 16.131566, Lat: -19.238717</description>
        <styleUrl>#month9_style</styleUrl>
        <Point>
          <coordinates>16.131566,-19.238717,0</coordinates>
        </Point>
      </Placemark>
      <Placemark>
        <name>Olifantsbad Waterhole - Month 9</name>
        <description>Waterhole: Olifantsbad Waterhole, Month: 9, Time: 2010-09-10 10:00:00, Lon: 16.131756, Lat: -19.238523</description>
        <styleUrl>#month9_style</styleUrl>
        <Point>
          <coordinates>16.131756,-19.238523,0</coordinates>
        </Point>
      </Placemark>
      <Placemark>
        <name>Olifantsbad Waterhole - Month 9</name>
        <description>Waterhole: Olifantsbad Waterhole, Month: 9, Time: 2010-09-10 10:20:00, Lon: 16.131976, Lat: -19.238609</description>
        <styleUrl>#month9_style</styleUrl>
        <Point>
          <coordinates>16.131976,-19.238609,0</coordinates>
        </Point>
      </Placemark>
      <Placemark>
        <name>Olifantsbad Waterhole - Month 9</name>
        <description>Waterhole: Olifantsbad Waterhole, Month: 9, Time: 2010-09-10 10:40:00, Lon: 16.131864, Lat: -19.238814</description>
        <styleUrl>#month9_style</styleUrl>
        <Point>
          <coordinates>16.131864,-19.238814,0</coordinates>
        </Point>
      </Placemark>
      <Placemark>
        <name>Olifantsbad Waterhole - Month 9</name>
        <description>Waterhole: Olifantsbad Waterhole, Month: 9, Time: 2010-09-10 11:00:00, Lon: 16.131630, Lat: -19.238684</description>
        <styleUrl>#month9_style</styleUrl>
        <Point>
          <coordinates>16.131630,-19.238684,0</coordinates>
        </Point>
      </Placemark>
      <Placemark>
        <name>Olifantsbad Waterhole - Month 9</name>
        <description>Waterhole: Olifantsbad Waterhole, Month: 9, Time: 2010-09-10 11:20:00, Lon: 16.131585, Lat: -19.238737</description>
        <styleUrl>#month9_style</styleUrl>
        <Point>
          <coordinates>16.131585,-19.238737,0</coordinates>
        </Point>
      </Placemark>
      <Placemark>
        <name>Olifantsbad Waterhole - Month 9</name>
        <description>Waterhole: Olifantsbad Waterhole, Month: 9, Time: 2010-09-10 11:40:00, Lon: 16.131708, Lat: -19.238475</description>
        <styleUrl>#month9_style</styleUrl>
        <Point>
          <coordinates>16.131708,-19.238475,0</coordinates>
        </Point>
      </Placemark>
      <Placemark>
        <name>Olifantsbad Waterhole - Month 9</name>
        <description>Waterhole: Olifantsbad Waterhole, Month: 9, Time: 2010-09-10 12:00:00, Lon: 16.131770, Lat: -19.237282</description>
        <styleUrl>#month9_style</styleUrl>
        <Point>
          <coordinates>16.131770,-19.237282,0</coordinates>
        </Point>
      </Placemark>
      <Placemark>
        <name>Olifantsbad Waterhole - Month 9</name>
        <description>Waterhole: Olifantsbad Waterhole, Month: 9, Time: 2010-09-10 12:20:00, Lon: 16.131898, Lat: -19.236235</description>
        <styleUrl>#month9_style</styleUrl>
        <Point>
          <coordinates>16.131898,-19.236235,0</coordinates>
        </Point>
      </Placemark>
      <Placemark>
        <name>Olifantsbad Waterhole - Month 9</name>
        <description>Waterhole: Olifantsbad Waterhole, Month: 9, Time: 2010-09-10 12:40:00, Lon: 16.132358, Lat: -19.236047</description>
        <styleUrl>#month9_style</styleUrl>
        <Point>
          <coordinates>16.132358,-19.236047,0</coordinates>
        </Point>
      </Placemark>
      <Placemark>
        <name>Olifantsbad Waterhole - Month 9</name>
        <description>Waterhole: Olifantsbad Waterhole, Month: 9, Time: 2010-09-10 13:00:00, Lon: 16.132805, Lat: -19.236385</description>
        <styleUrl>#month9_style</styleUrl>
        <Point>
          <coordinates>16.132805,-19.236385,0</coordinates>
        </Point>
      </Placemark>
      <Placemark>
        <name>Olifantsbad Waterhole - Month 9</name>
        <description>Waterhole: Olifantsbad Waterhole, Month: 9, Time: 2010-09-10 13:20:00, Lon: 16.131539, Lat: -19.238523</description>
        <styleUrl>#month9_style</styleUrl>
        <Point>
          <coordinates>16.131539,-19.238523,0</coordinates>
        </Point>
      </Placemark>
      <Placemark>
        <name>Olifantsbad Waterhole - Month 9</name>
        <description>Waterhole: Olifantsbad Waterhole, Month: 9, Time: 2010-09-10 13:40:00, Lon: 16.130920, Lat: -19.238208</description>
        <styleUrl>#month9_style</styleUrl>
        <Point>
          <coordinates>16.130920,-19.238208,0</coordinates>
        </Point>
      </Placemark>
      <Placemark>
        <name>Olifantsbad Waterhole - Month 9</name>
        <description>Waterhole: Olifantsbad Waterhole, Month: 9, Time: 2010-09-10 14:00:00, Lon: 16.128672, Lat: -19.235343</description>
        <styleUrl>#month9_style</styleUrl>
        <Point>
          <coordinates>16.128672,-19.235343,0</coordinates>
        </Point>
      </Placemark>
      <Placemark>
        <name>Olifantsbad Waterhole - Month 9</name>
        <description>Waterhole: Olifantsbad Waterhole, Month: 9, Time: 2010-09-10 14:20:00, Lon: 16.128515, Lat: -19.234892</description>
        <styleUrl>#month9_style</styleUrl>
        <Point>
          <coordinates>16.128515,-19.234892,0</coordinates>
        </Point>
      </Placemark>
      <Placemark>
        <name>Olifantsbad Waterhole - Month 9</name>
        <description>Waterhole: Olifantsbad Waterhole, Month: 9, Time: 2010-09-10 14:40:00, Lon: 16.127696, Lat: -19.234269</description>
        <styleUrl>#month9_style</styleUrl>
        <Point>
          <coordinates>16.127696,-19.234269,0</coordinates>
        </Point>
      </Placemark>
      <Placemark>
        <name>Olifantsbad Waterhole - Month 9</name>
        <description>Waterhole: Olifantsbad Waterhole, Month: 9, Time: 2010-09-10 15:00:00, Lon: 16.127293, Lat: -19.233421</description>
        <styleUrl>#month9_style</styleUrl>
        <Point>
          <coordinates>16.127293,-19.233421,0</coordinates>
        </Point>
      </Placemark>
      <Placemark>
        <name>Olifantsbad Waterhole - Month 9</name>
        <description>Waterhole: Olifantsbad Waterhole, Month: 9, Time: 2010-09-10 15:20:00, Lon: 16.126514, Lat: -19.232747</description>
        <styleUrl>#month9_style</styleUrl>
        <Point>
          <coordinates>16.126514,-19.232747,0</coordinates>
        </Point>
      </Placemark>
      <Placemark>
        <name>Olifantsbad Waterhole - Month 9</name>
        <description>Waterhole: Olifantsbad Waterhole, Month: 9, Time: 2010-09-10 15:40:00, Lon: 16.125730, Lat: -19.232163</description>
        <styleUrl>#month9_style</styleUrl>
        <Point>
          <coordinates>16.125730,-19.232163,0</coordinates>
        </Point>
      </Placemark>
      <Placemark>
        <name>Gemsbokvlakte - Month 9</name>
        <description>Waterhole: Gemsbokvlakte, Month: 9, Time: 2010-09-11 17:20:00, Lon: 16.067668, Lat: -19.211159</description>
        <styleUrl>#month9_style</styleUrl>
        <Point>
          <coordinates>16.067668,-19.211159,0</coordinates>
        </Point>
      </Placemark>
      <Placemark>
        <name>Gemsbokvlakte - Month 9</name>
        <description>Waterhole: Gemsbokvlakte, Month: 9, Time: 2010-09-11 17:40:00, Lon: 16.059907, Lat: -19.212478</description>
        <styleUrl>#month9_style</styleUrl>
        <Point>
          <coordinates>16.059907,-19.212478,0</coordinates>
        </Point>
      </Placemark>
      <Placemark>
        <name>Gemsbokvlakte - Month 9</name>
        <description>Waterhole: Gemsbokvlakte, Month: 9, Time: 2010-09-11 18:00:00, Lon: 16.058650, Lat: -19.213253</description>
        <styleUrl>#month9_style</styleUrl>
        <Point>
          <coordinates>16.058650,-19.213253,0</coordinates>
        </Point>
      </Placemark>
      <Placemark>
        <name>Gemsbokvlakte - Month 9</name>
        <description>Waterhole: Gemsbokvlakte, Month: 9, Time: 2010-09-11 18:20:00, Lon: 16.059655, Lat: -19.211157</description>
        <styleUrl>#month9_style</styleUrl>
        <Point>
          <coordinates>16.059655,-19.211157,0</coordinates>
        </Point>
      </Placemark>
      <Placemark>
        <name>Gemsbokvlakte - Month 9</name>
        <description>Waterhole: Gemsbokvlakte, Month: 9, Time: 2010-09-11 18:40:00, Lon: 16.060589, Lat: -19.206681</description>
        <styleUrl>#month9_style</styleUrl>
        <Point>
          <coordinates>16.060589,-19.206681,0</coordinates>
        </Point>
      </Placemark>
      <Placemark>
        <name>Gemsbokvlakte - Month 9</name>
        <description>Waterhole: Gemsbokvlakte, Month: 9, Time: 2010-09-13 11:00:00, Lon: 16.062799, Lat: -19.210693</description>
        <styleUrl>#month9_style</styleUrl>
        <Point>
          <coordinates>16.062799,-19.210693,0</coordinates>
        </Point>
      </Placemark>
      <Placemark>
        <name>Gemsbokvlakte - Month 9</name>
        <description>Waterhole: Gemsbokvlakte, Month: 9, Time: 2010-09-13 11:20:00, Lon: 16.058661, Lat: -19.213338</description>
        <styleUrl>#month9_style</styleUrl>
        <Point>
          <coordinates>16.058661,-19.213338,0</coordinates>
        </Point>
      </Placemark>
      <Placemark>
        <name>Gemsbokvlakte - Month 9</name>
        <description>Waterhole: Gemsbokvlakte, Month: 9, Time: 2010-09-13 11:40:00, Lon: 16.058710, Lat: -19.213198</description>
        <styleUrl>#month9_style</styleUrl>
        <Point>
          <coordinates>16.058710,-19.213198,0</coordinates>
        </Point>
      </Placemark>
      <Placemark>
        <name>Gemsbokvlakte - Month 9</name>
        <description>Waterhole: Gemsbokvlakte, Month: 9, Time: 2010-09-13 12:00:00, Lon: 16.057108, Lat: -19.209998</description>
        <styleUrl>#month9_style</styleUrl>
        <Point>
          <coordinates>16.057108,-19.209998,0</coordinates>
        </Point>
      </Placemark>
      <Placemark>
        <name>Gemsbokvlakte - Month 9</name>
        <description>Waterhole: Gemsbokvlakte, Month: 9, Time: 2010-09-13 12:20:00, Lon: 16.057616, Lat: -19.208350</description>
        <styleUrl>#month9_style</styleUrl>
        <Point>
          <coordinates>16.057616,-19.208350,0</coordinates>
        </Point>
      </Placemark>
      <Placemark>
        <name>Gemsbokvlakte - Month 9</name>
        <description>Waterhole: Gemsbokvlakte, Month: 9, Time: 2010-09-13 12:40:00, Lon: 16.057666, Lat: -19.208071</description>
        <styleUrl>#month9_style</styleUrl>
        <Point>
          <coordinates>16.057666,-19.208071,0</coordinates>
        </Point>
      </Placemark>
      <Placemark>
        <name>Gemsbokvlakte - Month 9</name>
        <description>Waterhole: Gemsbokvlakte, Month: 9, Time: 2010-09-13 13:00:00, Lon: 16.058509, Lat: -19.208724</description>
        <styleUrl>#month9_style</styleUrl>
        <Point>
          <coordinates>16.058509,-19.208724,0</coordinates>
        </Point>
      </Placemark>
      <Placemark>
        <name>Gemsbokvlakte - Month 9</name>
        <description>Waterhole: Gemsbokvlakte, Month: 9, Time: 2010-09-13 13:20:00, Lon: 16.058561, Lat: -19.208734</description>
        <styleUrl>#month9_style</styleUrl>
        <Point>
          <coordinates>16.058561,-19.208734,0</coordinates>
        </Point>
      </Placemark>
      <Placemark>
        <name>Gemsbokvlakte - Month 9</name>
        <description>Waterhole: Gemsbokvlakte, Month: 9, Time: 2010-09-13 13:40:00, Lon: 16.058599, Lat: -19.209064</description>
        <styleUrl>#month9_style</styleUrl>
        <Point>
          <coordinates>16.058599,-19.209064,0</coordinates>
        </Point>
      </Placemark>
      <Placemark>
        <name>Gemsbokvlakte - Month 9</name>
        <description>Waterhole: Gemsbokvlakte, Month: 9, Time: 2010-09-13 14:00:00, Lon: 16.058514, Lat: -19.209062</description>
        <styleUrl>#month9_style</styleUrl>
        <Point>
          <coordinates>16.058514,-19.209062,0</coordinates>
        </Point>
      </Placemark>
      <Placemark>
        <name>Gemsbokvlakte - Month 9</name>
        <description>Waterhole: Gemsbokvlakte, Month: 9, Time: 2010-09-13 14:20:00, Lon: 16.058047, Lat: -19.209585</description>
        <styleUrl>#month9_style</styleUrl>
        <Point>
          <coordinates>16.058047,-19.209585,0</coordinates>
        </Point>
      </Placemark>
      <Placemark>
        <name>Gemsbokvlakte - Month 9</name>
        <description>Waterhole: Gemsbokvlakte, Month: 9, Time: 2010-09-13 14:40:00, Lon: 16.058630, Lat: -19.213025</description>
        <styleUrl>#month9_style</styleUrl>
        <Point>
          <coordinates>16.058630,-19.213025,0</coordinates>
        </Point>
      </Placemark>
      <Placemark>
        <name>Gemsbokvlakte - Month 9</name>
        <description>Waterhole: Gemsbokvlakte, Month: 9, Time: 2010-09-13 15:01:00, Lon: 16.054885, Lat: -19.207220</description>
        <styleUrl>#month9_style</styleUrl>
        <Point>
          <coordinates>16.054885,-19.207220,0</coordinates>
        </Point>
      </Placemark>
      <Placemark>
        <name>Gemsbokvlakte - Month 9</name>
        <description>Waterhole: Gemsbokvlakte, Month: 9, Time: 2010-09-16 19:40:00, Lon: 16.057992, Lat: -19.211615</description>
        <styleUrl>#month9_style</styleUrl>
        <Point>
          <coordinates>16.057992,-19.211615,0</coordinates>
        </Point>
      </Placemark>
      <Placemark>
        <name>Gemsbokvlakte - Month 9</name>
        <description>Waterhole: Gemsbokvlakte, Month: 9, Time: 2010-09-16 20:00:00, Lon: 16.062129, Lat: -19.217430</description>
        <styleUrl>#month9_style</styleUrl>
        <Point>
          <coordinates>16.062129,-19.217430,0</coordinates>
        </Point>
      </Placemark>
      <Placemark>
        <name>Gemsbokvlakte - Month 9</name>
        <description>Waterhole: Gemsbokvlakte, Month: 9, Time: 2010-09-17 17:20:00, Lon: 16.059353, Lat: -19.219513</description>
        <styleUrl>#month9_style</styleUrl>
        <Point>
          <coordinates>16.059353,-19.219513,0</coordinates>
        </Point>
      </Placemark>
      <Placemark>
        <name>Gemsbokvlakte - Month 9</name>
        <description>Waterhole: Gemsbokvlakte, Month: 9, Time: 2010-09-17 17:40:00, Lon: 16.058793, Lat: -19.213275</description>
        <styleUrl>#month9_style</styleUrl>
        <Point>
          <coordinates>16.058793,-19.213275,0</coordinates>
        </Point>
      </Placemark>
      <Placemark>
        <name>Gemsbokvlakte - Month 9</name>
        <description>Waterhole: Gemsbokvlakte, Month: 9, Time: 2010-09-17 18:00:00, Lon: 16.058841, Lat: -19.213385</description>
        <styleUrl>#month9_style</styleUrl>
        <Point>
          <coordinates>16.058841,-19.213385,0</coordinates>
        </Point>
      </Placemark>
      <Placemark>
        <name>Gemsbokvlakte - Month 9</name>
        <description>Waterhole: Gemsbokvlakte, Month: 9, Time: 2010-09-17 18:20:00, Lon: 16.050947, Lat: -19.210468</description>
        <styleUrl>#month9_style</styleUrl>
        <Point>
          <coordinates>16.050947,-19.210468,0</coordinates>
        </Point>
      </Placemark>
      <Placemark>
        <name>Gemsbokvlakte - Month 9</name>
        <description>Waterhole: Gemsbokvlakte, Month: 9, Time: 2010-09-20 18:40:00, Lon: 16.058802, Lat: -19.213271</description>
        <styleUrl>#month9_style</styleUrl>
        <Point>
          <coordinates>16.058802,-19.213271,0</coordinates>
        </Point>
      </Placemark>
      <Placemark>
        <name>Gemsbokvlakte - Month 9</name>
        <description>Waterhole: Gemsbokvlakte, Month: 9, Time: 2010-09-20 19:00:00, Lon: 16.060130, Lat: -19.215027</description>
        <styleUrl>#month9_style</styleUrl>
        <Point>
          <coordinates>16.060130,-19.215027,0</coordinates>
        </Point>
      </Placemark>
      <Placemark>
        <name>Gemsbokvlakte - Month 9</name>
        <description>Waterhole: Gemsbokvlakte, Month: 9, Time: 2010-09-21 18:00:00, Lon: 16.064180, Lat: -19.220215</description>
        <styleUrl>#month9_style</styleUrl>
        <Point>
          <coordinates>16.064180,-19.220215,0</coordinates>
        </Point>
      </Placemark>
      <Placemark>
        <name>Gemsbokvlakte - Month 9</name>
        <description>Waterhole: Gemsbokvlakte, Month: 9, Time: 2010-09-21 18:20:00, Lon: 16.059037, Lat: -19.213521</description>
        <styleUrl>#month9_style</styleUrl>
        <Point>
          <coordinates>16.059037,-19.213521,0</coordinates>
        </Point>
      </Placemark>
      <Placemark>
        <name>Gemsbokvlakte - Month 9</name>
        <description>Waterhole: Gemsbokvlakte, Month: 9, Time: 2010-09-21 18:40:00, Lon: 16.058616, Lat: -19.213247</description>
        <styleUrl>#month9_style</styleUrl>
        <Point>
          <coordinates>16.058616,-19.213247,0</coordinates>
        </Point>
      </Placemark>
      <Placemark>
        <name>Gemsbokvlakte - Month 9</name>
        <description>Waterhole: Gemsbokvlakte, Month: 9, Time: 2010-09-21 19:00:00, Lon: 16.058834, Lat: -19.213479</description>
        <styleUrl>#month9_style</styleUrl>
        <Point>
          <coordinates>16.058834,-19.213479,0</coordinates>
        </Point>
      </Placemark>
      <Placemark>
        <name>Gemsbokvlakte - Month 9</name>
        <description>Waterhole: Gemsbokvlakte, Month: 9, Time: 2010-09-26 18:20:00, Lon: 16.058745, Lat: -19.213391</description>
        <styleUrl>#month9_style</styleUrl>
        <Point>
          <coordinates>16.058745,-19.213391,0</coordinates>
        </Point>
      </Placemark>
      <Placemark>
        <name>Gemsbokvlakte - Month 9</name>
        <description>Waterhole: Gemsbokvlakte, Month: 9, Time: 2010-09-26 18:40:00, Lon: 16.061594, Lat: -19.216793</description>
        <styleUrl>#month9_style</styleUrl>
        <Point>
          <coordinates>16.061594,-19.216793,0</coordinates>
        </Point>
      </Placemark>
      <Placemark>
        <name>Gemsbokvlakte - Month 9</name>
        <description>Waterhole: Gemsbokvlakte, Month: 9, Time: 2010-09-27 18:00:00, Lon: 16.062204, Lat: -19.217541</description>
        <styleUrl>#month9_style</styleUrl>
        <Point>
          <coordinates>16.062204,-19.217541,0</coordinates>
        </Point>
      </Placemark>
      <Placemark>
        <name>Gemsbokvlakte - Month 9</name>
        <description>Waterhole: Gemsbokvlakte, Month: 9, Time: 2010-09-27 18:20:00, Lon: 16.058703, Lat: -19.213403</description>
        <styleUrl>#month9_style</styleUrl>
        <Point>
          <coordinates>16.058703,-19.213403,0</coordinates>
        </Point>
      </Placemark>
      <Placemark>
        <name>Gemsbokvlakte - Month 9</name>
        <description>Waterhole: Gemsbokvlakte, Month: 9, Time: 2010-09-27 18:40:00, Lon: 16.057828, Lat: -19.213214</description>
        <styleUrl>#month9_style</styleUrl>
        <Point>
          <coordinates>16.057828,-19.213214,0</coordinates>
        </Point>
      </Placemark>
      <Placemark>
        <name>Gemsbokvlakte - Month 10</name>
        <description>Waterhole: Gemsbokvlakte, Month: 10, Time: 2010-10-01 19:40:00, Lon: 16.057863, Lat: -19.211344</description>
        <styleUrl>#month10_style</styleUrl>
        <Point>
          <coordinates>16.057863,-19.211344,0</coordinates>
        </Point>
      </Placemark>
      <Placemark>
        <name>Gemsbokvlakte - Month 10</name>
        <description>Waterhole: Gemsbokvlakte, Month: 10, Time: 2010-10-01 20:00:00, Lon: 16.058726, Lat: -19.213224</description>
        <styleUrl>#month10_style</styleUrl>
        <Point>
          <coordinates>16.058726,-19.213224,0</coordinates>
        </Point>
      </Placemark>
      <Placemark>
        <name>Gemsbokvlakte - Month 10</name>
        <description>Waterhole: Gemsbokvlakte, Month: 10, Time: 2010-10-01 20:20:00, Lon: 16.061137, Lat: -19.216195</description>
        <styleUrl>#month10_style</styleUrl>
        <Point>
          <coordinates>16.061137,-19.216195,0</coordinates>
        </Point>
      </Placemark>
      <Placemark>
        <name>Gemsbokvlakte - Month 10</name>
        <description>Waterhole: Gemsbokvlakte, Month: 10, Time: 2010-10-02 15:40:00, Lon: 16.059839, Lat: -19.214606</description>
        <styleUrl>#month10_style</styleUrl>
        <Point>
          <coordinates>16.059839,-19.214606,0</coordinates>
        </Point>
      </Placemark>
      <Placemark>
        <name>Gemsbokvlakte - Month 10</name>
        <description>Waterhole: Gemsbokvlakte, Month: 10, Time: 2010-10-02 16:00:00, Lon: 16.057810, Lat: -19.208911</description>
        <styleUrl>#month10_style</styleUrl>
        <Point>
          <coordinates>16.057810,-19.208911,0</coordinates>
        </Point>
      </Placemark>
      <Placemark>
        <name>Gemsbokvlakte - Month 10</name>
        <description>Waterhole: Gemsbokvlakte, Month: 10, Time: 2010-10-03 20:00:00, Lon: 16.057910, Lat: -19.211420</description>
        <styleUrl>#month10_style</styleUrl>
        <Point>
          <coordinates>16.057910,-19.211420,0</coordinates>
        </Point>
      </Placemark>
      <Placemark>
        <name>Gemsbokvlakte - Month 10</name>
        <description>Waterhole: Gemsbokvlakte, Month: 10, Time: 2010-10-03 20:20:00, Lon: 16.058891, Lat: -19.213489</description>
        <styleUrl>#month10_style</styleUrl>
        <Point>
          <coordinates>16.058891,-19.213489,0</coordinates>
        </Point>
      </Placemark>
      <Placemark>
        <name>Gemsbokvlakte - Month 10</name>
        <description>Waterhole: Gemsbokvlakte, Month: 10, Time: 2010-10-03 20:40:00, Lon: 16.059619, Lat: -19.213898</description>
        <styleUrl>#month10_style</styleUrl>
        <Point>
          <coordinates>16.059619,-19.213898,0</coordinates>
        </Point>
      </Placemark>
      <Placemark>
        <name>Gemsbokvlakte - Month 10</name>
        <description>Waterhole: Gemsbokvlakte, Month: 10, Time: 2010-10-03 21:00:00, Lon: 16.053691, Lat: -19.211597</description>
        <styleUrl>#month10_style</styleUrl>
        <Point>
          <coordinates>16.053691,-19.211597,0</coordinates>
        </Point>
      </Placemark>
      <Placemark>
        <name>Gemsbokvlakte - Month 10</name>
        <description>Waterhole: Gemsbokvlakte, Month: 10, Time: 2010-10-06 20:00:00, Lon: 16.056868, Lat: -19.209715</description>
        <styleUrl>#month10_style</styleUrl>
        <Point>
          <coordinates>16.056868,-19.209715,0</coordinates>
        </Point>
      </Placemark>
      <Placemark>
        <name>Gemsbokvlakte - Month 10</name>
        <description>Waterhole: Gemsbokvlakte, Month: 10, Time: 2010-10-06 20:20:00, Lon: 16.058692, Lat: -19.213318</description>
        <styleUrl>#month10_style</styleUrl>
        <Point>
          <coordinates>16.058692,-19.213318,0</coordinates>
        </Point>
      </Placemark>
      <Placemark>
        <name>Gemsbokvlakte - Month 10</name>
        <description>Waterhole: Gemsbokvlakte, Month: 10, Time: 2010-10-06 20:40:00, Lon: 16.061916, Lat: -19.217173</description>
        <styleUrl>#month10_style</styleUrl>
        <Point>
          <coordinates>16.061916,-19.217173,0</coordinates>
        </Point>
      </Placemark>
      <Placemark>
        <name>Olifantsbad Waterhole - Month 10</name>
        <description>Waterhole: Olifantsbad Waterhole, Month: 10, Time: 2010-10-07 13:40:00, Lon: 16.131021, Lat: -19.235557</description>
        <styleUrl>#month10_style</styleUrl>
        <Point>
          <coordinates>16.131021,-19.235557,0</coordinates>
        </Point>
      </Placemark>
      <Placemark>
        <name>Olifantsbad Waterhole - Month 10</name>
        <description>Waterhole: Olifantsbad Waterhole, Month: 10, Time: 2010-10-07 14:00:00, Lon: 16.130116, Lat: -19.235197</description>
        <styleUrl>#month10_style</styleUrl>
        <Point>
          <coordinates>16.130116,-19.235197,0</coordinates>
        </Point>
      </Placemark>
      <Placemark>
        <name>Olifantsbad Waterhole - Month 10</name>
        <description>Waterhole: Olifantsbad Waterhole, Month: 10, Time: 2010-10-07 14:20:00, Lon: 16.129886, Lat: -19.235105</description>
        <styleUrl>#month10_style</styleUrl>
        <Point>
          <coordinates>16.129886,-19.235105,0</coordinates>
        </Point>
      </Placemark>
      <Placemark>
        <name>Olifantsbad Waterhole - Month 10</name>
        <description>Waterhole: Olifantsbad Waterhole, Month: 10, Time: 2010-10-07 14:40:00, Lon: 16.129254, Lat: -19.235002</description>
        <styleUrl>#month10_style</styleUrl>
        <Point>
          <coordinates>16.129254,-19.235002,0</coordinates>
        </Point>
      </Placemark>
      <Placemark>
        <name>Olifantsbad Waterhole - Month 10</name>
        <description>Waterhole: Olifantsbad Waterhole, Month: 10, Time: 2010-10-07 15:00:00, Lon: 16.129166, Lat: -19.234934</description>
        <styleUrl>#month10_style</styleUrl>
        <Point>
          <coordinates>16.129166,-19.234934,0</coordinates>
        </Point>
      </Placemark>
      <Placemark>
        <name>Olifantsbad Waterhole - Month 10</name>
        <description>Waterhole: Olifantsbad Waterhole, Month: 10, Time: 2010-10-07 15:20:00, Lon: 16.129067, Lat: -19.235099</description>
        <styleUrl>#month10_style</styleUrl>
        <Point>
          <coordinates>16.129067,-19.235099,0</coordinates>
        </Point>
      </Placemark>
      <Placemark>
        <name>Olifantsbad Waterhole - Month 10</name>
        <description>Waterhole: Olifantsbad Waterhole, Month: 10, Time: 2010-10-07 15:40:00, Lon: 16.129181, Lat: -19.235339</description>
        <styleUrl>#month10_style</styleUrl>
        <Point>
          <coordinates>16.129181,-19.235339,0</coordinates>
        </Point>
      </Placemark>
      <Placemark>
        <name>Olifantsbad Waterhole - Month 10</name>
        <description>Waterhole: Olifantsbad Waterhole, Month: 10, Time: 2010-10-07 16:00:00, Lon: 16.127808, Lat: -19.234377</description>
        <styleUrl>#month10_style</styleUrl>
        <Point>
          <coordinates>16.127808,-19.234377,0</coordinates>
        </Point>
      </Placemark>
      <Placemark>
        <name>Olifantsbad Waterhole - Month 10</name>
        <description>Waterhole: Olifantsbad Waterhole, Month: 10, Time: 2010-10-07 16:20:00, Lon: 16.126132, Lat: -19.233219</description>
        <styleUrl>#month10_style</styleUrl>
        <Point>
          <coordinates>16.126132,-19.233219,0</coordinates>
        </Point>
      </Placemark>
      <Placemark>
        <name>Gemsbokvlakte - Month 10</name>
        <description>Waterhole: Gemsbokvlakte, Month: 10, Time: 2010-10-08 15:00:00, Lon: 16.067004, Lat: -19.216958</description>
        <styleUrl>#month10_style</styleUrl>
        <Point>
          <coordinates>16.067004,-19.216958,0</coordinates>
        </Point>
      </Placemark>
      <Placemark>
        <name>Gemsbokvlakte - Month 10</name>
        <description>Waterhole: Gemsbokvlakte, Month: 10, Time: 2010-10-08 15:20:00, Lon: 16.060414, Lat: -19.214429</description>
        <styleUrl>#month10_style</styleUrl>
        <Point>
          <coordinates>16.060414,-19.214429,0</coordinates>
        </Point>
      </Placemark>
      <Placemark>
        <name>Gemsbokvlakte - Month 10</name>
        <description>Waterhole: Gemsbokvlakte, Month: 10, Time: 2010-10-08 15:40:00, Lon: 16.058739, Lat: -19.213375</description>
        <styleUrl>#month10_style</styleUrl>
        <Point>
          <coordinates>16.058739,-19.213375,0</coordinates>
        </Point>
      </Placemark>
      <Placemark>
        <name>Gemsbokvlakte - Month 10</name>
        <description>Waterhole: Gemsbokvlakte, Month: 10, Time: 2010-10-08 16:00:00, Lon: 16.059426, Lat: -19.209975</description>
        <styleUrl>#month10_style</styleUrl>
        <Point>
          <coordinates>16.059426,-19.209975,0</coordinates>
        </Point>
      </Placemark>
      <Placemark>
        <name>Gemsbokvlakte - Month 10</name>
        <description>Waterhole: Gemsbokvlakte, Month: 10, Time: 2010-10-09 20:00:00, Lon: 16.054789, Lat: -19.207792</description>
        <styleUrl>#month10_style</styleUrl>
        <Point>
          <coordinates>16.054789,-19.207792,0</coordinates>
        </Point>
      </Placemark>
      <Placemark>
        <name>Gemsbokvlakte - Month 10</name>
        <description>Waterhole: Gemsbokvlakte, Month: 10, Time: 2010-10-09 20:20:00, Lon: 16.058707, Lat: -19.213269</description>
        <styleUrl>#month10_style</styleUrl>
        <Point>
          <coordinates>16.058707,-19.213269,0</coordinates>
        </Point>
      </Placemark>
      <Placemark>
        <name>Gemsbokvlakte - Month 10</name>
        <description>Waterhole: Gemsbokvlakte, Month: 10, Time: 2010-10-09 20:40:00, Lon: 16.061050, Lat: -19.211688</description>
        <styleUrl>#month10_style</styleUrl>
        <Point>
          <coordinates>16.061050,-19.211688,0</coordinates>
        </Point>
      </Placemark>
      <Placemark>
        <name>Olifantsbad Waterhole - Month 10</name>
        <description>Waterhole: Olifantsbad Waterhole, Month: 10, Time: 2010-10-10 17:00:00, Lon: 16.130313, Lat: -19.235913</description>
        <styleUrl>#month10_style</styleUrl>
        <Point>
          <coordinates>16.130313,-19.235913,0</coordinates>
        </Point>
      </Placemark>
      <Placemark>
        <name>Olifantsbad Waterhole - Month 10</name>
        <description>Waterhole: Olifantsbad Waterhole, Month: 10, Time: 2010-10-10 17:20:00, Lon: 16.131626, Lat: -19.238735</description>
        <styleUrl>#month10_style</styleUrl>
        <Point>
          <coordinates>16.131626,-19.238735,0</coordinates>
        </Point>
      </Placemark>
      <Placemark>
        <name>Olifantsbad Waterhole - Month 10</name>
        <description>Waterhole: Olifantsbad Waterhole, Month: 10, Time: 2010-10-10 17:40:00, Lon: 16.130981, Lat: -19.238957</description>
        <styleUrl>#month10_style</styleUrl>
        <Point>
          <coordinates>16.130981,-19.238957,0</coordinates>
        </Point>
      </Placemark>
      <Placemark>
        <name>Olifantsbad Waterhole - Month 10</name>
        <description>Waterhole: Olifantsbad Waterhole, Month: 10, Time: 2010-10-10 18:00:00, Lon: 16.127923, Lat: -19.237832</description>
        <styleUrl>#month10_style</styleUrl>
        <Point>
          <coordinates>16.127923,-19.237832,0</coordinates>
        </Point>
      </Placemark>
      <Placemark>
        <name>Olifantsbad Waterhole - Month 10</name>
        <description>Waterhole: Olifantsbad Waterhole, Month: 10, Time: 2010-10-10 18:20:00, Lon: 16.122426, Lat: -19.238236</description>
        <styleUrl>#month10_style</styleUrl>
        <Point>
          <coordinates>16.122426,-19.238236,0</coordinates>
        </Point>
      </Placemark>
      <Placemark>
        <name>Olifantsbad Waterhole - Month 10</name>
        <description>Waterhole: Olifantsbad Waterhole, Month: 10, Time: 2010-10-11 09:40:00, Lon: 16.129330, Lat: -19.242552</description>
        <styleUrl>#month10_style</styleUrl>
        <Point>
          <coordinates>16.129330,-19.242552,0</coordinates>
        </Point>
      </Placemark>
      <Placemark>
        <name>Olifantsbad Waterhole - Month 10</name>
        <description>Waterhole: Olifantsbad Waterhole, Month: 10, Time: 2010-10-11 10:00:00, Lon: 16.131703, Lat: -19.238584</description>
        <styleUrl>#month10_style</styleUrl>
        <Point>
          <coordinates>16.131703,-19.238584,0</coordinates>
        </Point>
      </Placemark>
      <Placemark>
        <name>Olifantsbad Waterhole - Month 10</name>
        <description>Waterhole: Olifantsbad Waterhole, Month: 10, Time: 2010-10-11 10:20:00, Lon: 16.131737, Lat: -19.238495</description>
        <styleUrl>#month10_style</styleUrl>
        <Point>
          <coordinates>16.131737,-19.238495,0</coordinates>
        </Point>
      </Placemark>
      <Placemark>
        <name>Olifantsbad Waterhole - Month 10</name>
        <description>Waterhole: Olifantsbad Waterhole, Month: 10, Time: 2010-10-11 10:40:00, Lon: 16.131636, Lat: -19.238668</description>
        <styleUrl>#month10_style</styleUrl>
        <Point>
          <coordinates>16.131636,-19.238668,0</coordinates>
        </Point>
      </Placemark>
      <Placemark>
        <name>Olifantsbad Waterhole - Month 10</name>
        <description>Waterhole: Olifantsbad Waterhole, Month: 10, Time: 2010-10-11 11:00:00, Lon: 16.131718, Lat: -19.238715</description>
        <styleUrl>#month10_style</styleUrl>
        <Point>
          <coordinates>16.131718,-19.238715,0</coordinates>
        </Point>
      </Placemark>
      <Placemark>
        <name>Olifantsbad Waterhole - Month 10</name>
        <description>Waterhole: Olifantsbad Waterhole, Month: 10, Time: 2010-10-11 11:20:00, Lon: 16.131588, Lat: -19.237809</description>
        <styleUrl>#month10_style</styleUrl>
        <Point>
          <coordinates>16.131588,-19.237809,0</coordinates>
        </Point>
      </Placemark>
      <Placemark>
        <name>Olifantsbad Waterhole - Month 10</name>
        <description>Waterhole: Olifantsbad Waterhole, Month: 10, Time: 2010-10-11 11:40:00, Lon: 16.131587, Lat: -19.237516</description>
        <styleUrl>#month10_style</styleUrl>
        <Point>
          <coordinates>16.131587,-19.237516,0</coordinates>
        </Point>
      </Placemark>
      <Placemark>
        <name>Olifantsbad Waterhole - Month 10</name>
        <description>Waterhole: Olifantsbad Waterhole, Month: 10, Time: 2010-10-11 12:00:00, Lon: 16.131711, Lat: -19.238464</description>
        <styleUrl>#month10_style</styleUrl>
        <Point>
          <coordinates>16.131711,-19.238464,0</coordinates>
        </Point>
      </Placemark>
      <Placemark>
        <name>Olifantsbad Waterhole - Month 10</name>
        <description>Waterhole: Olifantsbad Waterhole, Month: 10, Time: 2010-10-11 12:20:00, Lon: 16.131698, Lat: -19.238442</description>
        <styleUrl>#month10_style</styleUrl>
        <Point>
          <coordinates>16.131698,-19.238442,0</coordinates>
        </Point>
      </Placemark>
      <Placemark>
        <name>Olifantsbad Waterhole - Month 10</name>
        <description>Waterhole: Olifantsbad Waterhole, Month: 10, Time: 2010-10-11 12:40:00, Lon: 16.131047, Lat: -19.239262</description>
        <styleUrl>#month10_style</styleUrl>
        <Point>
          <coordinates>16.131047,-19.239262,0</coordinates>
        </Point>
      </Placemark>
      <Placemark>
        <name>Olifantsbad Waterhole - Month 10</name>
        <description>Waterhole: Olifantsbad Waterhole, Month: 10, Time: 2010-10-11 13:00:00, Lon: 16.129375, Lat: -19.237038</description>
        <styleUrl>#month10_style</styleUrl>
        <Point>
          <coordinates>16.129375,-19.237038,0</coordinates>
        </Point>
      </Placemark>
      <Placemark>
        <name>Olifantsbad Waterhole - Month 10</name>
        <description>Waterhole: Olifantsbad Waterhole, Month: 10, Time: 2010-10-11 13:20:00, Lon: 16.128804, Lat: -19.235435</description>
        <styleUrl>#month10_style</styleUrl>
        <Point>
          <coordinates>16.128804,-19.235435,0</coordinates>
        </Point>
      </Placemark>
      <Placemark>
        <name>Olifantsbad Waterhole - Month 10</name>
        <description>Waterhole: Olifantsbad Waterhole, Month: 10, Time: 2010-10-11 13:40:00, Lon: 16.128929, Lat: -19.235380</description>
        <styleUrl>#month10_style</styleUrl>
        <Point>
          <coordinates>16.128929,-19.235380,0</coordinates>
        </Point>
      </Placemark>
      <Placemark>
        <name>Olifantsbad Waterhole - Month 10</name>
        <description>Waterhole: Olifantsbad Waterhole, Month: 10, Time: 2010-10-11 14:00:00, Lon: 16.128992, Lat: -19.235103</description>
        <styleUrl>#month10_style</styleUrl>
        <Point>
          <coordinates>16.128992,-19.235103,0</coordinates>
        </Point>
      </Placemark>
      <Placemark>
        <name>Olifantsbad Waterhole - Month 10</name>
        <description>Waterhole: Olifantsbad Waterhole, Month: 10, Time: 2010-10-11 14:20:00, Lon: 16.128620, Lat: -19.234810</description>
        <styleUrl>#month10_style</styleUrl>
        <Point>
          <coordinates>16.128620,-19.234810,0</coordinates>
        </Point>
      </Placemark>
      <Placemark>
        <name>Olifantsbad Waterhole - Month 10</name>
        <description>Waterhole: Olifantsbad Waterhole, Month: 10, Time: 2010-10-11 14:40:00, Lon: 16.126526, Lat: -19.234410</description>
        <styleUrl>#month10_style</styleUrl>
        <Point>
          <coordinates>16.126526,-19.234410,0</coordinates>
        </Point>
      </Placemark>
      <Placemark>
        <name>Olifantsbad Waterhole - Month 10</name>
        <description>Waterhole: Olifantsbad Waterhole, Month: 10, Time: 2010-10-11 15:00:00, Lon: 16.123548, Lat: -19.234375</description>
        <styleUrl>#month10_style</styleUrl>
        <Point>
          <coordinates>16.123548,-19.234375,0</coordinates>
        </Point>
      </Placemark>
      <Placemark>
        <name>Gemsbokvlakte - Month 10</name>
        <description>Waterhole: Gemsbokvlakte, Month: 10, Time: 2010-10-12 16:00:00, Lon: 16.065156, Lat: -19.211444</description>
        <styleUrl>#month10_style</styleUrl>
        <Point>
          <coordinates>16.065156,-19.211444,0</coordinates>
        </Point>
      </Placemark>
      <Placemark>
        <name>Gemsbokvlakte - Month 10</name>
        <description>Waterhole: Gemsbokvlakte, Month: 10, Time: 2010-10-12 16:20:00, Lon: 16.058627, Lat: -19.213139</description>
        <styleUrl>#month10_style</styleUrl>
        <Point>
          <coordinates>16.058627,-19.213139,0</coordinates>
        </Point>
      </Placemark>
      <Placemark>
        <name>Gemsbokvlakte - Month 10</name>
        <description>Waterhole: Gemsbokvlakte, Month: 10, Time: 2010-10-12 16:40:00, Lon: 16.059179, Lat: -19.209768</description>
        <styleUrl>#month10_style</styleUrl>
        <Point>
          <coordinates>16.059179,-19.209768,0</coordinates>
        </Point>
      </Placemark>
      <Placemark>
        <name>Gemsbokvlakte - Month 10</name>
        <description>Waterhole: Gemsbokvlakte, Month: 10, Time: 2010-10-15 20:00:00, Lon: 16.058914, Lat: -19.213409</description>
        <styleUrl>#month10_style</styleUrl>
        <Point>
          <coordinates>16.058914,-19.213409,0</coordinates>
        </Point>
      </Placemark>
      <Placemark>
        <name>Gemsbokvlakte - Month 10</name>
        <description>Waterhole: Gemsbokvlakte, Month: 10, Time: 2010-10-15 20:20:00, Lon: 16.059301, Lat: -19.212665</description>
        <styleUrl>#month10_style</styleUrl>
        <Point>
          <coordinates>16.059301,-19.212665,0</coordinates>
        </Point>
      </Placemark>
      <Placemark>
        <name>Gemsbokvlakte - Month 10</name>
        <description>Waterhole: Gemsbokvlakte, Month: 10, Time: 2010-10-15 20:40:00, Lon: 16.066199, Lat: -19.207831</description>
        <styleUrl>#month10_style</styleUrl>
        <Point>
          <coordinates>16.066199,-19.207831,0</coordinates>
        </Point>
      </Placemark>
      <Placemark>
        <name>Gemsbokvlakte - Month 10</name>
        <description>Waterhole: Gemsbokvlakte, Month: 10, Time: 2010-10-16 19:00:00, Lon: 16.064494, Lat: -19.211566</description>
        <styleUrl>#month10_style</styleUrl>
        <Point>
          <coordinates>16.064494,-19.211566,0</coordinates>
        </Point>
      </Placemark>
      <Placemark>
        <name>Gemsbokvlakte - Month 10</name>
        <description>Waterhole: Gemsbokvlakte, Month: 10, Time: 2010-10-16 19:20:00, Lon: 16.058927, Lat: -19.213483</description>
        <styleUrl>#month10_style</styleUrl>
        <Point>
          <coordinates>16.058927,-19.213483,0</coordinates>
        </Point>
      </Placemark>
      <Placemark>
        <name>Gemsbokvlakte - Month 10</name>
        <description>Waterhole: Gemsbokvlakte, Month: 10, Time: 2010-10-16 19:40:00, Lon: 16.058877, Lat: -19.213263</description>
        <styleUrl>#month10_style</styleUrl>
        <Point>
          <coordinates>16.058877,-19.213263,0</coordinates>
        </Point>
      </Placemark>
      <Placemark>
        <name>Gemsbokvlakte - Month 10</name>
        <description>Waterhole: Gemsbokvlakte, Month: 10, Time: 2010-10-16 20:00:00, Lon: 16.060680, Lat: -19.209920</description>
        <styleUrl>#month10_style</styleUrl>
        <Point>
          <coordinates>16.060680,-19.209920,0</coordinates>
        </Point>
      </Placemark>
      <Placemark>
        <name>Kapupuhedi - Month 10</name>
        <description>Waterhole: Kapupuhedi, Month: 10, Time: 2010-10-17 17:40:00, Lon: 16.078663, Lat: -19.123604</description>
        <styleUrl>#month10_style</styleUrl>
        <Point>
          <coordinates>16.078663,-19.123604,0</coordinates>
        </Point>
      </Placemark>
      <Placemark>
        <name>Kapupuhedi - Month 10</name>
        <description>Waterhole: Kapupuhedi, Month: 10, Time: 2010-10-17 18:00:00, Lon: 16.078513, Lat: -19.123704</description>
        <styleUrl>#month10_style</styleUrl>
        <Point>
          <coordinates>16.078513,-19.123704,0</coordinates>
        </Point>
      </Placemark>
      <Placemark>
        <name>Kapupuhedi - Month 10</name>
        <description>Waterhole: Kapupuhedi, Month: 10, Time: 2010-10-17 18:20:00, Lon: 16.078174, Lat: -19.124534</description>
        <styleUrl>#month10_style</styleUrl>
        <Point>
          <coordinates>16.078174,-19.124534,0</coordinates>
        </Point>
      </Placemark>
      <Placemark>
        <name>Gemsbokvlakte - Month 10</name>
        <description>Waterhole: Gemsbokvlakte, Month: 10, Time: 2010-10-18 09:00:00, Lon: 16.060772, Lat: -19.209314</description>
        <styleUrl>#month10_style</styleUrl>
        <Point>
          <coordinates>16.060772,-19.209314,0</coordinates>
        </Point>
      </Placemark>
      <Placemark>
        <name>Gemsbokvlakte - Month 10</name>
        <description>Waterhole: Gemsbokvlakte, Month: 10, Time: 2010-10-18 09:20:00, Lon: 16.058757, Lat: -19.213147</description>
        <styleUrl>#month10_style</styleUrl>
        <Point>
          <coordinates>16.058757,-19.213147,0</coordinates>
        </Point>
      </Placemark>
      <Placemark>
        <name>Gemsbokvlakte - Month 10</name>
        <description>Waterhole: Gemsbokvlakte, Month: 10, Time: 2010-10-18 09:40:00, Lon: 16.058843, Lat: -19.213247</description>
        <styleUrl>#month10_style</styleUrl>
        <Point>
          <coordinates>16.058843,-19.213247,0</coordinates>
        </Point>
      </Placemark>
      <Placemark>
        <name>Gemsbokvlakte - Month 10</name>
        <description>Waterhole: Gemsbokvlakte, Month: 10, Time: 2010-10-18 10:00:00, Lon: 16.058820, Lat: -19.213259</description>
        <styleUrl>#month10_style</styleUrl>
        <Point>
          <coordinates>16.058820,-19.213259,0</coordinates>
        </Point>
      </Placemark>
      <Placemark>
        <name>Gemsbokvlakte - Month 10</name>
        <description>Waterhole: Gemsbokvlakte, Month: 10, Time: 2010-10-18 10:20:00, Lon: 16.058814, Lat: -19.213226</description>
        <styleUrl>#month10_style</styleUrl>
        <Point>
          <coordinates>16.058814,-19.213226,0</coordinates>
        </Point>
      </Placemark>
      <Placemark>
        <name>Gemsbokvlakte - Month 10</name>
        <description>Waterhole: Gemsbokvlakte, Month: 10, Time: 2010-10-18 10:40:00, Lon: 16.058799, Lat: -19.213255</description>
        <styleUrl>#month10_style</styleUrl>
        <Point>
          <coordinates>16.058799,-19.213255,0</coordinates>
        </Point>
      </Placemark>
      <Placemark>
        <name>Gemsbokvlakte - Month 10</name>
        <description>Waterhole: Gemsbokvlakte, Month: 10, Time: 2010-10-18 11:00:00, Lon: 16.058306, Lat: -19.211823</description>
        <styleUrl>#month10_style</styleUrl>
        <Point>
          <coordinates>16.058306,-19.211823,0</coordinates>
        </Point>
      </Placemark>
      <Placemark>
        <name>Gemsbokvlakte - Month 10</name>
        <description>Waterhole: Gemsbokvlakte, Month: 10, Time: 2010-10-18 11:20:00, Lon: 16.057820, Lat: -19.208893</description>
        <styleUrl>#month10_style</styleUrl>
        <Point>
          <coordinates>16.057820,-19.208893,0</coordinates>
        </Point>
      </Placemark>
      <Placemark>
        <name>Gemsbokvlakte - Month 10</name>
        <description>Waterhole: Gemsbokvlakte, Month: 10, Time: 2010-10-18 11:40:00, Lon: 16.058411, Lat: -19.208948</description>
        <styleUrl>#month10_style</styleUrl>
        <Point>
          <coordinates>16.058411,-19.208948,0</coordinates>
        </Point>
      </Placemark>
      <Placemark>
        <name>Gemsbokvlakte - Month 10</name>
        <description>Waterhole: Gemsbokvlakte, Month: 10, Time: 2010-10-18 12:00:00, Lon: 16.058669, Lat: -19.209513</description>
        <styleUrl>#month10_style</styleUrl>
        <Point>
          <coordinates>16.058669,-19.209513,0</coordinates>
        </Point>
      </Placemark>
      <Placemark>
        <name>Gemsbokvlakte - Month 10</name>
        <description>Waterhole: Gemsbokvlakte, Month: 10, Time: 2010-10-18 12:20:00, Lon: 16.058927, Lat: -19.213434</description>
        <styleUrl>#month10_style</styleUrl>
        <Point>
          <coordinates>16.058927,-19.213434,0</coordinates>
        </Point>
      </Placemark>
      <Placemark>
        <name>Gemsbokvlakte - Month 10</name>
        <description>Waterhole: Gemsbokvlakte, Month: 10, Time: 2010-10-18 12:40:00, Lon: 16.058033, Lat: -19.211163</description>
        <styleUrl>#month10_style</styleUrl>
        <Point>
          <coordinates>16.058033,-19.211163,0</coordinates>
        </Point>
      </Placemark>
      <Placemark>
        <name>Gemsbokvlakte - Month 10</name>
        <description>Waterhole: Gemsbokvlakte, Month: 10, Time: 2010-10-18 13:00:00, Lon: 16.057754, Lat: -19.208689</description>
        <styleUrl>#month10_style</styleUrl>
        <Point>
          <coordinates>16.057754,-19.208689,0</coordinates>
        </Point>
      </Placemark>
      <Placemark>
        <name>Gemsbokvlakte - Month 10</name>
        <description>Waterhole: Gemsbokvlakte, Month: 10, Time: 2010-10-18 13:20:00, Lon: 16.057609, Lat: -19.207656</description>
        <styleUrl>#month10_style</styleUrl>
        <Point>
          <coordinates>16.057609,-19.207656,0</coordinates>
        </Point>
      </Placemark>
      <Placemark>
        <name>Gemsbokvlakte - Month 10</name>
        <description>Waterhole: Gemsbokvlakte, Month: 10, Time: 2010-10-18 13:40:00, Lon: 16.057819, Lat: -19.207713</description>
        <styleUrl>#month10_style</styleUrl>
        <Point>
          <coordinates>16.057819,-19.207713,0</coordinates>
        </Point>
      </Placemark>
      <Placemark>
        <name>Gemsbokvlakte - Month 10</name>
        <description>Waterhole: Gemsbokvlakte, Month: 10, Time: 2010-10-18 14:00:00, Lon: 16.057825, Lat: -19.207686</description>
        <styleUrl>#month10_style</styleUrl>
        <Point>
          <coordinates>16.057825,-19.207686,0</coordinates>
        </Point>
      </Placemark>
      <Placemark>
        <name>Gemsbokvlakte - Month 10</name>
        <description>Waterhole: Gemsbokvlakte, Month: 10, Time: 2010-10-18 14:20:00, Lon: 16.057831, Lat: -19.207735</description>
        <styleUrl>#month10_style</styleUrl>
        <Point>
          <coordinates>16.057831,-19.207735,0</coordinates>
        </Point>
      </Placemark>
      <Placemark>
        <name>Gemsbokvlakte - Month 10</name>
        <description>Waterhole: Gemsbokvlakte, Month: 10, Time: 2010-10-18 14:40:00, Lon: 16.057526, Lat: -19.207788</description>
        <styleUrl>#month10_style</styleUrl>
        <Point>
          <coordinates>16.057526,-19.207788,0</coordinates>
        </Point>
      </Placemark>
      <Placemark>
        <name>Gemsbokvlakte - Month 10</name>
        <description>Waterhole: Gemsbokvlakte, Month: 10, Time: 2010-10-18 15:00:00, Lon: 16.057335, Lat: -19.207806</description>
        <styleUrl>#month10_style</styleUrl>
        <Point>
          <coordinates>16.057335,-19.207806,0</coordinates>
        </Point>
      </Placemark>
      <Placemark>
        <name>Gemsbokvlakte - Month 10</name>
        <description>Waterhole: Gemsbokvlakte, Month: 10, Time: 2010-10-18 15:20:00, Lon: 16.058928, Lat: -19.211745</description>
        <styleUrl>#month10_style</styleUrl>
        <Point>
          <coordinates>16.058928,-19.211745,0</coordinates>
        </Point>
      </Placemark>
      <Placemark>
        <name>Gemsbokvlakte - Month 10</name>
        <description>Waterhole: Gemsbokvlakte, Month: 10, Time: 2010-10-18 15:40:00, Lon: 16.058837, Lat: -19.213479</description>
        <styleUrl>#month10_style</styleUrl>
        <Point>
          <coordinates>16.058837,-19.213479,0</coordinates>
        </Point>
      </Placemark>
      <Placemark>
        <name>Gemsbokvlakte - Month 10</name>
        <description>Waterhole: Gemsbokvlakte, Month: 10, Time: 2010-10-18 16:00:00, Lon: 16.061135, Lat: -19.205607</description>
        <styleUrl>#month10_style</styleUrl>
        <Point>
          <coordinates>16.061135,-19.205607,0</coordinates>
        </Point>
      </Placemark>
      <Placemark>
        <name>Gemsbokvlakte - Month 10</name>
        <description>Waterhole: Gemsbokvlakte, Month: 10, Time: 2010-10-19 20:40:00, Lon: 16.058786, Lat: -19.213472</description>
        <styleUrl>#month10_style</styleUrl>
        <Point>
          <coordinates>16.058786,-19.213472,0</coordinates>
        </Point>
      </Placemark>
      <Placemark>
        <name>Gemsbokvlakte - Month 10</name>
        <description>Waterhole: Gemsbokvlakte, Month: 10, Time: 2010-10-19 21:00:00, Lon: 16.058855, Lat: -19.213261</description>
        <styleUrl>#month10_style</styleUrl>
        <Point>
          <coordinates>16.058855,-19.213261,0</coordinates>
        </Point>
      </Placemark>
      <Placemark>
        <name>Gemsbokvlakte - Month 10</name>
        <description>Waterhole: Gemsbokvlakte, Month: 10, Time: 2010-10-19 21:20:00, Lon: 16.066484, Lat: -19.208346</description>
        <styleUrl>#month10_style</styleUrl>
        <Point>
          <coordinates>16.066484,-19.208346,0</coordinates>
        </Point>
      </Placemark>
      <Placemark>
        <name>Olifantsbad Waterhole - Month 10</name>
        <description>Waterhole: Olifantsbad Waterhole, Month: 10, Time: 2010-10-20 12:00:00, Lon: 16.129945, Lat: -19.235510</description>
        <styleUrl>#month10_style</styleUrl>
        <Point>
          <coordinates>16.129945,-19.235510,0</coordinates>
        </Point>
      </Placemark>
      <Placemark>
        <name>Olifantsbad Waterhole - Month 10</name>
        <description>Waterhole: Olifantsbad Waterhole, Month: 10, Time: 2010-10-20 12:20:00, Lon: 16.131739, Lat: -19.238586</description>
        <styleUrl>#month10_style</styleUrl>
        <Point>
          <coordinates>16.131739,-19.238586,0</coordinates>
        </Point>
      </Placemark>
      <Placemark>
        <name>Olifantsbad Waterhole - Month 10</name>
        <description>Waterhole: Olifantsbad Waterhole, Month: 10, Time: 2010-10-20 12:40:00, Lon: 16.131010, Lat: -19.235608</description>
        <styleUrl>#month10_style</styleUrl>
        <Point>
          <coordinates>16.131010,-19.235608,0</coordinates>
        </Point>
      </Placemark>
      <Placemark>
        <name>Olifantsbad Waterhole - Month 10</name>
        <description>Waterhole: Olifantsbad Waterhole, Month: 10, Time: 2010-10-20 13:00:00, Lon: 16.131046, Lat: -19.234875</description>
        <styleUrl>#month10_style</styleUrl>
        <Point>
          <coordinates>16.131046,-19.234875,0</coordinates>
        </Point>
      </Placemark>
      <Placemark>
        <name>Olifantsbad Waterhole - Month 10</name>
        <description>Waterhole: Olifantsbad Waterhole, Month: 10, Time: 2010-10-20 13:20:00, Lon: 16.131089, Lat: -19.234782</description>
        <styleUrl>#month10_style</styleUrl>
        <Point>
          <coordinates>16.131089,-19.234782,0</coordinates>
        </Point>
      </Placemark>
      <Placemark>
        <name>Olifantsbad Waterhole - Month 10</name>
        <description>Waterhole: Olifantsbad Waterhole, Month: 10, Time: 2010-10-20 13:40:00, Lon: 16.131249, Lat: -19.234399</description>
        <styleUrl>#month10_style</styleUrl>
        <Point>
          <coordinates>16.131249,-19.234399,0</coordinates>
        </Point>
      </Placemark>
      <Placemark>
        <name>Olifantsbad Waterhole - Month 10</name>
        <description>Waterhole: Olifantsbad Waterhole, Month: 10, Time: 2010-10-20 14:00:00, Lon: 16.131492, Lat: -19.234241</description>
        <styleUrl>#month10_style</styleUrl>
        <Point>
          <coordinates>16.131492,-19.234241,0</coordinates>
        </Point>
      </Placemark>
      <Placemark>
        <name>Olifantsbad Waterhole - Month 10</name>
        <description>Waterhole: Olifantsbad Waterhole, Month: 10, Time: 2010-10-20 14:20:00, Lon: 16.131629, Lat: -19.233954</description>
        <styleUrl>#month10_style</styleUrl>
        <Point>
          <coordinates>16.131629,-19.233954,0</coordinates>
        </Point>
      </Placemark>
      <Placemark>
        <name>Olifantsbad Waterhole - Month 10</name>
        <description>Waterhole: Olifantsbad Waterhole, Month: 10, Time: 2010-10-20 14:40:00, Lon: 16.131643, Lat: -19.233942</description>
        <styleUrl>#month10_style</styleUrl>
        <Point>
          <coordinates>16.131643,-19.233942,0</coordinates>
        </Point>
      </Placemark>
      <Placemark>
        <name>Olifantsbad Waterhole - Month 10</name>
        <description>Waterhole: Olifantsbad Waterhole, Month: 10, Time: 2010-10-20 15:00:00, Lon: 16.131669, Lat: -19.234056</description>
        <styleUrl>#month10_style</styleUrl>
        <Point>
          <coordinates>16.131669,-19.234056,0</coordinates>
        </Point>
      </Placemark>
      <Placemark>
        <name>Olifantsbad Waterhole - Month 10</name>
        <description>Waterhole: Olifantsbad Waterhole, Month: 10, Time: 2010-10-20 15:20:00, Lon: 16.131604, Lat: -19.234257</description>
        <styleUrl>#month10_style</styleUrl>
        <Point>
          <coordinates>16.131604,-19.234257,0</coordinates>
        </Point>
      </Placemark>
      <Placemark>
        <name>Olifantsbad Waterhole - Month 10</name>
        <description>Waterhole: Olifantsbad Waterhole, Month: 10, Time: 2010-10-20 15:40:00, Lon: 16.131246, Lat: -19.235095</description>
        <styleUrl>#month10_style</styleUrl>
        <Point>
          <coordinates>16.131246,-19.235095,0</coordinates>
        </Point>
      </Placemark>
      <Placemark>
        <name>Olifantsbad Waterhole - Month 10</name>
        <description>Waterhole: Olifantsbad Waterhole, Month: 10, Time: 2010-10-20 16:00:00, Lon: 16.131094, Lat: -19.238096</description>
        <styleUrl>#month10_style</styleUrl>
        <Point>
          <coordinates>16.131094,-19.238096,0</coordinates>
        </Point>
      </Placemark>
      <Placemark>
        <name>Olifantsbad Waterhole - Month 10</name>
        <description>Waterhole: Olifantsbad Waterhole, Month: 10, Time: 2010-10-20 16:20:00, Lon: 16.128177, Lat: -19.234912</description>
        <styleUrl>#month10_style</styleUrl>
        <Point>
          <coordinates>16.128177,-19.234912,0</coordinates>
        </Point>
      </Placemark>
      <Placemark>
        <name>Olifantsbad Waterhole - Month 10</name>
        <description>Waterhole: Olifantsbad Waterhole, Month: 10, Time: 2010-10-20 16:40:00, Lon: 16.126125, Lat: -19.231793</description>
        <styleUrl>#month10_style</styleUrl>
        <Point>
          <coordinates>16.126125,-19.231793,0</coordinates>
        </Point>
      </Placemark>
      <Placemark>
        <name>Olifantsbad Waterhole - Month 10</name>
        <description>Waterhole: Olifantsbad Waterhole, Month: 10, Time: 2010-10-21 09:20:00, Lon: 16.129005, Lat: -19.236900</description>
        <styleUrl>#month10_style</styleUrl>
        <Point>
          <coordinates>16.129005,-19.236900,0</coordinates>
        </Point>
      </Placemark>
      <Placemark>
        <name>Olifantsbad Waterhole - Month 10</name>
        <description>Waterhole: Olifantsbad Waterhole, Month: 10, Time: 2010-10-21 09:40:00, Lon: 16.131657, Lat: -19.238534</description>
        <styleUrl>#month10_style</styleUrl>
        <Point>
          <coordinates>16.131657,-19.238534,0</coordinates>
        </Point>
      </Placemark>
      <Placemark>
        <name>Olifantsbad Waterhole - Month 10</name>
        <description>Waterhole: Olifantsbad Waterhole, Month: 10, Time: 2010-10-21 10:00:00, Lon: 16.131048, Lat: -19.235624</description>
        <styleUrl>#month10_style</styleUrl>
        <Point>
          <coordinates>16.131048,-19.235624,0</coordinates>
        </Point>
      </Placemark>
      <Placemark>
        <name>Olifantsbad Waterhole - Month 10</name>
        <description>Waterhole: Olifantsbad Waterhole, Month: 10, Time: 2010-10-21 10:20:00, Lon: 16.130664, Lat: -19.234456</description>
        <styleUrl>#month10_style</styleUrl>
        <Point>
          <coordinates>16.130664,-19.234456,0</coordinates>
        </Point>
      </Placemark>
      <Placemark>
        <name>Olifantsbad Waterhole - Month 10</name>
        <description>Waterhole: Olifantsbad Waterhole, Month: 10, Time: 2010-10-21 10:40:00, Lon: 16.130643, Lat: -19.234265</description>
        <styleUrl>#month10_style</styleUrl>
        <Point>
          <coordinates>16.130643,-19.234265,0</coordinates>
        </Point>
      </Placemark>
      <Placemark>
        <name>Olifantsbad Waterhole - Month 10</name>
        <description>Waterhole: Olifantsbad Waterhole, Month: 10, Time: 2010-10-21 11:00:00, Lon: 16.130771, Lat: -19.234198</description>
        <styleUrl>#month10_style</styleUrl>
        <Point>
          <coordinates>16.130771,-19.234198,0</coordinates>
        </Point>
      </Placemark>
      <Placemark>
        <name>Olifantsbad Waterhole - Month 10</name>
        <description>Waterhole: Olifantsbad Waterhole, Month: 10, Time: 2010-10-21 11:20:00, Lon: 16.130881, Lat: -19.234198</description>
        <styleUrl>#month10_style</styleUrl>
        <Point>
          <coordinates>16.130881,-19.234198,0</coordinates>
        </Point>
      </Placemark>
      <Placemark>
        <name>Olifantsbad Waterhole - Month 10</name>
        <description>Waterhole: Olifantsbad Waterhole, Month: 10, Time: 2010-10-21 11:40:00, Lon: 16.130950, Lat: -19.234344</description>
        <styleUrl>#month10_style</styleUrl>
        <Point>
          <coordinates>16.130950,-19.234344,0</coordinates>
        </Point>
      </Placemark>
      <Placemark>
        <name>Olifantsbad Waterhole - Month 10</name>
        <description>Waterhole: Olifantsbad Waterhole, Month: 10, Time: 2010-10-21 12:00:00, Lon: 16.131057, Lat: -19.234444</description>
        <styleUrl>#month10_style</styleUrl>
        <Point>
          <coordinates>16.131057,-19.234444,0</coordinates>
        </Point>
      </Placemark>
      <Placemark>
        <name>Olifantsbad Waterhole - Month 10</name>
        <description>Waterhole: Olifantsbad Waterhole, Month: 10, Time: 2010-10-21 12:20:00, Lon: 16.131047, Lat: -19.235173</description>
        <styleUrl>#month10_style</styleUrl>
        <Point>
          <coordinates>16.131047,-19.235173,0</coordinates>
        </Point>
      </Placemark>
      <Placemark>
        <name>Olifantsbad Waterhole - Month 10</name>
        <description>Waterhole: Olifantsbad Waterhole, Month: 10, Time: 2010-10-21 12:40:00, Lon: 16.131019, Lat: -19.235183</description>
        <styleUrl>#month10_style</styleUrl>
        <Point>
          <coordinates>16.131019,-19.235183,0</coordinates>
        </Point>
      </Placemark>
      <Placemark>
        <name>Olifantsbad Waterhole - Month 10</name>
        <description>Waterhole: Olifantsbad Waterhole, Month: 10, Time: 2010-10-21 13:00:00, Lon: 16.131032, Lat: -19.235211</description>
        <styleUrl>#month10_style</styleUrl>
        <Point>
          <coordinates>16.131032,-19.235211,0</coordinates>
        </Point>
      </Placemark>
      <Placemark>
        <name>Olifantsbad Waterhole - Month 10</name>
        <description>Waterhole: Olifantsbad Waterhole, Month: 10, Time: 2010-10-21 13:20:00, Lon: 16.131129, Lat: -19.235860</description>
        <styleUrl>#month10_style</styleUrl>
        <Point>
          <coordinates>16.131129,-19.235860,0</coordinates>
        </Point>
      </Placemark>
      <Placemark>
        <name>Olifantsbad Waterhole - Month 10</name>
        <description>Waterhole: Olifantsbad Waterhole, Month: 10, Time: 2010-10-21 13:40:00, Lon: 16.131579, Lat: -19.238733</description>
        <styleUrl>#month10_style</styleUrl>
        <Point>
          <coordinates>16.131579,-19.238733,0</coordinates>
        </Point>
      </Placemark>
      <Placemark>
        <name>Olifantsbad Waterhole - Month 10</name>
        <description>Waterhole: Olifantsbad Waterhole, Month: 10, Time: 2010-10-21 14:00:00, Lon: 16.131721, Lat: -19.238497</description>
        <styleUrl>#month10_style</styleUrl>
        <Point>
          <coordinates>16.131721,-19.238497,0</coordinates>
        </Point>
      </Placemark>
      <Placemark>
        <name>Olifantsbad Waterhole - Month 10</name>
        <description>Waterhole: Olifantsbad Waterhole, Month: 10, Time: 2010-10-21 14:20:00, Lon: 16.130537, Lat: -19.233543</description>
        <styleUrl>#month10_style</styleUrl>
        <Point>
          <coordinates>16.130537,-19.233543,0</coordinates>
        </Point>
      </Placemark>
      <Placemark>
        <name>Olifantsbad Waterhole - Month 10</name>
        <description>Waterhole: Olifantsbad Waterhole, Month: 10, Time: 2010-10-21 14:40:00, Lon: 16.128758, Lat: -19.230316</description>
        <styleUrl>#month10_style</styleUrl>
        <Point>
          <coordinates>16.128758,-19.230316,0</coordinates>
        </Point>
      </Placemark>
      <Placemark>
        <name>Gemsbokvlakte - Month 10</name>
        <description>Waterhole: Gemsbokvlakte, Month: 10, Time: 2010-10-22 17:20:00, Lon: 16.061513, Lat: -19.208230</description>
        <styleUrl>#month10_style</styleUrl>
        <Point>
          <coordinates>16.061513,-19.208230,0</coordinates>
        </Point>
      </Placemark>
      <Placemark>
        <name>Gemsbokvlakte - Month 10</name>
        <description>Waterhole: Gemsbokvlakte, Month: 10, Time: 2010-10-22 17:40:00, Lon: 16.058820, Lat: -19.213369</description>
        <styleUrl>#month10_style</styleUrl>
        <Point>
          <coordinates>16.058820,-19.213369,0</coordinates>
        </Point>
      </Placemark>
      <Placemark>
        <name>Gemsbokvlakte - Month 10</name>
        <description>Waterhole: Gemsbokvlakte, Month: 10, Time: 2010-10-22 18:00:00, Lon: 16.055257, Lat: -19.212211</description>
        <styleUrl>#month10_style</styleUrl>
        <Point>
          <coordinates>16.055257,-19.212211,0</coordinates>
        </Point>
      </Placemark>
      <Placemark>
        <name>Gemsbokvlakte - Month 10</name>
        <description>Waterhole: Gemsbokvlakte, Month: 10, Time: 2010-10-27 22:20:00, Lon: 16.053371, Lat: -19.215072</description>
        <styleUrl>#month10_style</styleUrl>
        <Point>
          <coordinates>16.053371,-19.215072,0</coordinates>
        </Point>
      </Placemark>
      <Placemark>
        <name>Gemsbokvlakte - Month 10</name>
        <description>Waterhole: Gemsbokvlakte, Month: 10, Time: 2010-10-27 22:40:00, Lon: 16.058729, Lat: -19.213399</description>
        <styleUrl>#month10_style</styleUrl>
        <Point>
          <coordinates>16.058729,-19.213399,0</coordinates>
        </Point>
      </Placemark>
      <Placemark>
        <name>Gemsbokvlakte - Month 10</name>
        <description>Waterhole: Gemsbokvlakte, Month: 10, Time: 2010-10-27 23:00:00, Lon: 16.061135, Lat: -19.211654</description>
        <styleUrl>#month10_style</styleUrl>
        <Point>
          <coordinates>16.061135,-19.211654,0</coordinates>
        </Point>
      </Placemark>
      <Placemark>
        <name>Gemsbokvlakte - Month 10</name>
        <description>Waterhole: Gemsbokvlakte, Month: 10, Time: 2010-10-27 23:20:00, Lon: 16.066220, Lat: -19.208293</description>
        <styleUrl>#month10_style</styleUrl>
        <Point>
          <coordinates>16.066220,-19.208293,0</coordinates>
        </Point>
      </Placemark>
      <Placemark>
        <name>Gemsbokvlakte - Month 10</name>
        <description>Waterhole: Gemsbokvlakte, Month: 10, Time: 2010-10-28 22:00:00, Lon: 16.060166, Lat: -19.210771</description>
        <styleUrl>#month10_style</styleUrl>
        <Point>
          <coordinates>16.060166,-19.210771,0</coordinates>
        </Point>
      </Placemark>
      <Placemark>
        <name>Gemsbokvlakte - Month 10</name>
        <description>Waterhole: Gemsbokvlakte, Month: 10, Time: 2010-10-28 22:20:00, Lon: 16.058809, Lat: -19.213275</description>
        <styleUrl>#month10_style</styleUrl>
        <Point>
          <coordinates>16.058809,-19.213275,0</coordinates>
        </Point>
      </Placemark>
      <Placemark>
        <name>Gemsbokvlakte - Month 10</name>
        <description>Waterhole: Gemsbokvlakte, Month: 10, Time: 2010-10-28 22:40:00, Lon: 16.058832, Lat: -19.213275</description>
        <styleUrl>#month10_style</styleUrl>
        <Point>
          <coordinates>16.058832,-19.213275,0</coordinates>
        </Point>
      </Placemark>
      <Placemark>
        <name>Gemsbokvlakte - Month 10</name>
        <description>Waterhole: Gemsbokvlakte, Month: 10, Time: 2010-10-28 23:00:00, Lon: 16.057931, Lat: -19.213226</description>
        <styleUrl>#month10_style</styleUrl>
        <Point>
          <coordinates>16.057931,-19.213226,0</coordinates>
        </Point>
      </Placemark>
      <Placemark>
        <name>Ombika - Month 11</name>
        <description>Waterhole: Ombika, Month: 11, Time: 2010-11-14 18:40:00, Lon: 15.941506, Lat: -19.315053</description>
        <styleUrl>#month11_style</styleUrl>
        <Point>
          <coordinates>15.941506,-19.315053,0</coordinates>
        </Point>
      </Placemark>
      <Placemark>
        <name>Ombika - Month 11</name>
        <description>Waterhole: Ombika, Month: 11, Time: 2010-11-14 19:00:00, Lon: 15.940958, Lat: -19.316176</description>
        <styleUrl>#month11_style</styleUrl>
        <Point>
          <coordinates>15.940958,-19.316176,0</coordinates>
        </Point>
      </Placemark>
      <Placemark>
        <name>Ombika - Month 11</name>
        <description>Waterhole: Ombika, Month: 11, Time: 2010-11-14 19:20:00, Lon: 15.940759, Lat: -19.316221</description>
        <styleUrl>#month11_style</styleUrl>
        <Point>
          <coordinates>15.940759,-19.316221,0</coordinates>
        </Point>
      </Placemark>
      <Placemark>
        <name>Ombika - Month 11</name>
        <description>Waterhole: Ombika, Month: 11, Time: 2010-11-14 19:40:00, Lon: 15.940956, Lat: -19.316341</description>
        <styleUrl>#month11_style</styleUrl>
        <Point>
          <coordinates>15.940956,-19.316341,0</coordinates>
        </Point>
      </Placemark>
      <Placemark>
        <name>Ombika - Month 11</name>
        <description>Waterhole: Ombika, Month: 11, Time: 2010-11-14 20:00:00, Lon: 15.940922, Lat: -19.316246</description>
        <styleUrl>#month11_style</styleUrl>
        <Point>
          <coordinates>15.940922,-19.316246,0</coordinates>
        </Point>
      </Placemark>
      <Placemark>
        <name>Ombika - Month 11</name>
        <description>Waterhole: Ombika, Month: 11, Time: 2010-11-14 20:20:00, Lon: 15.940456, Lat: -19.316115</description>
        <styleUrl>#month11_style</styleUrl>
        <Point>
          <coordinates>15.940456,-19.316115,0</coordinates>
        </Point>
      </Placemark>
      <Placemark>
        <name>Ombika - Month 11</name>
        <description>Waterhole: Ombika, Month: 11, Time: 2010-11-14 20:40:00, Lon: 15.938690, Lat: -19.315592</description>
        <styleUrl>#month11_style</styleUrl>
        <Point>
          <coordinates>15.938690,-19.315592,0</coordinates>
        </Point>
      </Placemark>
      <Placemark>
        <name>Ombika - Month 11</name>
        <description>Waterhole: Ombika, Month: 11, Time: 2010-11-14 21:00:00, Lon: 15.934426, Lat: -19.313371</description>
        <styleUrl>#month11_style</styleUrl>
        <Point>
          <coordinates>15.934426,-19.313371,0</coordinates>
        </Point>
      </Placemark>
      <Placemark>
        <name>Grünewald waterhole - Month 11</name>
        <description>Waterhole: Grünewald waterhole, Month: 11, Time: 2010-11-17 15:40:00, Lon: 15.639754, Lat: -19.122024</description>
        <styleUrl>#month11_style</styleUrl>
        <Point>
          <coordinates>15.639754,-19.122024,0</coordinates>
        </Point>
      </Placemark>
      <Placemark>
        <name>Ozonjuitji m'Bari - Month 11</name>
        <description>Waterhole: Ozonjuitji m'Bari, Month: 11, Time: 2010-11-18 16:40:00, Lon: 15.503617, Lat: -18.976518</description>
        <styleUrl>#month11_style</styleUrl>
        <Point>
          <coordinates>15.503617,-18.976518,0</coordinates>
        </Point>
      </Placemark>
      <Placemark>
        <name>Ozonjuitji m'Bari - Month 11</name>
        <description>Waterhole: Ozonjuitji m'Bari, Month: 11, Time: 2010-11-18 17:00:00, Lon: 15.503889, Lat: -18.975999</description>
        <styleUrl>#month11_style</styleUrl>
        <Point>
          <coordinates>15.503889,-18.975999,0</coordinates>
        </Point>
      </Placemark>
      <Placemark>
        <name>Ozonjuitji m'Bari - Month 11</name>
        <description>Waterhole: Ozonjuitji m'Bari, Month: 11, Time: 2010-11-18 17:20:00, Lon: 15.504998, Lat: -18.972278</description>
        <styleUrl>#month11_style</styleUrl>
        <Point>
          <coordinates>15.504998,-18.972278,0</coordinates>
        </Point>
      </Placemark>
      <Placemark>
        <name>Ozonjuitji m'Bari - Month 4</name>
        <description>Waterhole: Ozonjuitji m'Bari, Month: 4, Time: 2010-04-13 18:00:00, Lon: 15.503758, Lat: -18.976003</description>
        <styleUrl>#month4_style</styleUrl>
        <Point>
          <coordinates>15.503758,-18.976003,0</coordinates>
        </Point>
      </Placemark>
      <Placemark>
        <name>Gemsbokvlakte - Month 4</name>
        <description>Waterhole: Gemsbokvlakte, Month: 4, Time: 2010-04-16 21:20:00, Lon: 16.055319, Lat: -19.215297</description>
        <styleUrl>#month4_style</styleUrl>
        <Point>
          <coordinates>16.055319,-19.215297,0</coordinates>
        </Point>
      </Placemark>
      <Placemark>
        <name>Gemsbokvlakte - Month 4</name>
        <description>Waterhole: Gemsbokvlakte, Month: 4, Time: 2010-04-16 21:40:00, Lon: 16.062263, Lat: -19.214457</description>
        <styleUrl>#month4_style</styleUrl>
        <Point>
          <coordinates>16.062263,-19.214457,0</coordinates>
        </Point>
      </Placemark>
      <Placemark>
        <name>Olifantsbad Waterhole - Month 4</name>
        <description>Waterhole: Olifantsbad Waterhole, Month: 4, Time: 2010-04-17 10:20:00, Lon: 16.127897, Lat: -19.230855</description>
        <styleUrl>#month4_style</styleUrl>
        <Point>
          <coordinates>16.127897,-19.230855,0</coordinates>
        </Point>
      </Placemark>
      <Placemark>
        <name>Olifantsbad Waterhole - Month 4</name>
        <description>Waterhole: Olifantsbad Waterhole, Month: 4, Time: 2010-04-17 10:40:00, Lon: 16.129829, Lat: -19.231972</description>
        <styleUrl>#month4_style</styleUrl>
        <Point>
          <coordinates>16.129829,-19.231972,0</coordinates>
        </Point>
      </Placemark>
      <Placemark>
        <name>Olifantsbad Waterhole - Month 4</name>
        <description>Waterhole: Olifantsbad Waterhole, Month: 4, Time: 2010-04-17 11:00:00, Lon: 16.130801, Lat: -19.231683</description>
        <styleUrl>#month4_style</styleUrl>
        <Point>
          <coordinates>16.130801,-19.231683,0</coordinates>
        </Point>
      </Placemark>
      <Placemark>
        <name>Olifantsbad Waterhole - Month 4</name>
        <description>Waterhole: Olifantsbad Waterhole, Month: 4, Time: 2010-04-17 11:20:00, Lon: 16.131590, Lat: -19.231962</description>
        <styleUrl>#month4_style</styleUrl>
        <Point>
          <coordinates>16.131590,-19.231962,0</coordinates>
        </Point>
      </Placemark>
      <Placemark>
        <name>Olifantsbad Waterhole - Month 4</name>
        <description>Waterhole: Olifantsbad Waterhole, Month: 4, Time: 2010-04-17 11:40:00, Lon: 16.131570, Lat: -19.231952</description>
        <styleUrl>#month4_style</styleUrl>
        <Point>
          <coordinates>16.131570,-19.231952,0</coordinates>
        </Point>
      </Placemark>
      <Placemark>
        <name>Olifantsbad Waterhole - Month 4</name>
        <description>Waterhole: Olifantsbad Waterhole, Month: 4, Time: 2010-04-17 12:00:00, Lon: 16.131601, Lat: -19.231940</description>
        <styleUrl>#month4_style</styleUrl>
        <Point>
          <coordinates>16.131601,-19.231940,0</coordinates>
        </Point>
      </Placemark>
      <Placemark>
        <name>Olifantsbad Waterhole - Month 4</name>
        <description>Waterhole: Olifantsbad Waterhole, Month: 4, Time: 2010-04-17 12:20:00, Lon: 16.133533, Lat: -19.231293</description>
        <styleUrl>#month4_style</styleUrl>
        <Point>
          <coordinates>16.133533,-19.231293,0</coordinates>
        </Point>
      </Placemark>
      <Placemark>
        <name>Olifantsbad Waterhole - Month 4</name>
        <description>Waterhole: Olifantsbad Waterhole, Month: 4, Time: 2010-04-17 12:40:00, Lon: 16.134855, Lat: -19.231193</description>
        <styleUrl>#month4_style</styleUrl>
        <Point>
          <coordinates>16.134855,-19.231193,0</coordinates>
        </Point>
      </Placemark>
      <Placemark>
        <name>Aus Fountain - Month 4</name>
        <description>Waterhole: Aus Fountain, Month: 4, Time: 2010-04-23 15:40:00, Lon: 16.194502, Lat: -19.206765</description>
        <styleUrl>#month4_style</styleUrl>
        <Point>
          <coordinates>16.194502,-19.206765,0</coordinates>
        </Point>
      </Placemark>
      <Placemark>
        <name>Aus Fountain - Month 4</name>
        <description>Waterhole: Aus Fountain, Month: 4, Time: 2010-04-23 16:00:00, Lon: 16.188636, Lat: -19.207351</description>
        <styleUrl>#month4_style</styleUrl>
        <Point>
          <coordinates>16.188636,-19.207351,0</coordinates>
        </Point>
      </Placemark>
      <Placemark>
        <name>Olifantsbad Waterhole - Month 4</name>
        <description>Waterhole: Olifantsbad Waterhole, Month: 4, Time: 2010-04-24 10:20:00, Lon: 16.137751, Lat: -19.244082</description>
        <styleUrl>#month4_style</styleUrl>
        <Point>
          <coordinates>16.137751,-19.244082,0</coordinates>
        </Point>
      </Placemark>
      <Placemark>
        <name>Olifantsbad Waterhole - Month 4</name>
        <description>Waterhole: Olifantsbad Waterhole, Month: 4, Time: 2010-04-24 10:40:00, Lon: 16.132363, Lat: -19.245994</description>
        <styleUrl>#month4_style</styleUrl>
        <Point>
          <coordinates>16.132363,-19.245994,0</coordinates>
        </Point>
      </Placemark>
      <Placemark>
        <name>Olifantsbad Waterhole - Month 4</name>
        <description>Waterhole: Olifantsbad Waterhole, Month: 4, Time: 2010-04-24 11:00:00, Lon: 16.130329, Lat: -19.244971</description>
        <styleUrl>#month4_style</styleUrl>
        <Point>
          <coordinates>16.130329,-19.244971,0</coordinates>
        </Point>
      </Placemark>
      <Placemark>
        <name>Olifantsbad Waterhole - Month 4</name>
        <description>Waterhole: Olifantsbad Waterhole, Month: 4, Time: 2010-04-24 11:20:00, Lon: 16.127728, Lat: -19.244305</description>
        <styleUrl>#month4_style</styleUrl>
        <Point>
          <coordinates>16.127728,-19.244305,0</coordinates>
        </Point>
      </Placemark>
    </Folder>
  </Document>
</kml>
