<?xml version="1.0" ?>
<kml xmlns="http://www.opengis.net/kml/2.2">
  <Document>
    <name>Elephant 03fe - 2010 Waterhole Visits</name>
    <description>Points colored by month for elephant 03fe in 2010</description>
    <Style id="month1_style">
      <IconStyle>
        <color>ff0000ff</color>
        <Icon>
          <href>http://maps.google.com/mapfiles/kml/shapes/placemark_circle.png</href>
        </Icon>
      </IconStyle>
      <LabelStyle>
        <color>ff0000ff</color>
      </LabelStyle>
    </Style>
    <Style id="month2_style">
      <IconStyle>
        <color>ff00ff00</color>
        <Icon>
          <href>http://maps.google.com/mapfiles/kml/shapes/placemark_circle.png</href>
        </Icon>
      </IconStyle>
      <LabelStyle>
        <color>ff00ff00</color>
      </LabelStyle>
    </Style>
    <Style id="month3_style">
      <IconStyle>
        <color>ffff0000</color>
        <Icon>
          <href>http://maps.google.com/mapfiles/kml/shapes/placemark_circle.png</href>
        </Icon>
      </IconStyle>
      <LabelStyle>
        <color>ffff0000</color>
      </LabelStyle>
    </Style>
    <Style id="month4_style">
      <IconStyle>
        <color>ff00ffff</color>
        <Icon>
          <href>http://maps.google.com/mapfiles/kml/shapes/placemark_circle.png</href>
        </Icon>
      </IconStyle>
      <LabelStyle>
        <color>ff00ffff</color>
      </LabelStyle>
    </Style>
    <Style id="month5_style">
      <IconStyle>
        <color>ffff00ff</color>
        <Icon>
          <href>http://maps.google.com/mapfiles/kml/shapes/placemark_circle.png</href>
        </Icon>
      </IconStyle>
      <LabelStyle>
        <color>ffff00ff</color>
      </LabelStyle>
    </Style>
    <Style id="month6_style">
      <IconStyle>
        <color>ff808080</color>
        <Icon>
          <href>http://maps.google.com/mapfiles/kml/shapes/placemark_circle.png</href>
        </Icon>
      </IconStyle>
      <LabelStyle>
        <color>ff808080</color>
      </LabelStyle>
    </Style>
    <Style id="month7_style">
      <IconStyle>
        <color>ff8000ff</color>
        <Icon>
          <href>http://maps.google.com/mapfiles/kml/shapes/placemark_circle.png</href>
        </Icon>
      </IconStyle>
      <LabelStyle>
        <color>ff8000ff</color>
      </LabelStyle>
    </Style>
    <Style id="month8_style">
      <IconStyle>
        <color>ff0080ff</color>
        <Icon>
          <href>http://maps.google.com/mapfiles/kml/shapes/placemark_circle.png</href>
        </Icon>
      </IconStyle>
      <LabelStyle>
        <color>ff0080ff</color>
      </LabelStyle>
    </Style>
    <Style id="month9_style">
      <IconStyle>
        <color>ff80ff00</color>
        <Icon>
          <href>http://maps.google.com/mapfiles/kml/shapes/placemark_circle.png</href>
        </Icon>
      </IconStyle>
      <LabelStyle>
        <color>ff80ff00</color>
      </LabelStyle>
    </Style>
    <Style id="month10_style">
      <IconStyle>
        <color>ffff8000</color>
        <Icon>
          <href>http://maps.google.com/mapfiles/kml/shapes/placemark_circle.png</href>
        </Icon>
      </IconStyle>
      <LabelStyle>
        <color>ffff8000</color>
      </LabelStyle>
    </Style>
    <Style id="month11_style">
      <IconStyle>
        <color>ff008000</color>
        <Icon>
          <href>http://maps.google.com/mapfiles/kml/shapes/placemark_circle.png</href>
        </Icon>
      </IconStyle>
      <LabelStyle>
        <color>ff008000</color>
      </LabelStyle>
    </Style>
    <Style id="month12_style">
      <IconStyle>
        <color>ff800000</color>
        <Icon>
          <href>http://maps.google.com/mapfiles/kml/shapes/placemark_circle.png</href>
        </Icon>
      </IconStyle>
      <LabelStyle>
        <color>ff800000</color>
      </LabelStyle>
    </Style>
    <Folder>
      <name>Waterhole Visits</name>
      <description>Each point represents an observation at a waterhole, colored by month</description>
      <Placemark>
        <name>Olifantsbad Waterhole - Month 5</name>
        <description>Waterhole: Olifantsbad Waterhole, Month: 5, Time: 2010-05-09 16:00:00, Lon: 16.127218, Lat: -19.245188</description>
        <styleUrl>#month5_style</styleUrl>
        <Point>
          <coordinates>16.127218,-19.245188,0</coordinates>
        </Point>
      </Placemark>
      <Placemark>
        <name>Olifantsbad Waterhole - Month 5</name>
        <description>Waterhole: Olifantsbad Waterhole, Month: 5, Time: 2010-05-09 16:20:00, Lon: 16.131599, Lat: -19.238709</description>
        <styleUrl>#month5_style</styleUrl>
        <Point>
          <coordinates>16.131599,-19.238709,0</coordinates>
        </Point>
      </Placemark>
      <Placemark>
        <name>Olifantsbad Waterhole - Month 5</name>
        <description>Waterhole: Olifantsbad Waterhole, Month: 5, Time: 2010-05-09 16:40:00, Lon: 16.130123, Lat: -19.240470</description>
        <styleUrl>#month5_style</styleUrl>
        <Point>
          <coordinates>16.130123,-19.240470,0</coordinates>
        </Point>
      </Placemark>
      <Placemark>
        <name>Olifantsbad Waterhole - Month 5</name>
        <description>Waterhole: Olifantsbad Waterhole, Month: 5, Time: 2010-05-09 17:00:00, Lon: 16.129023, Lat: -19.240706</description>
        <styleUrl>#month5_style</styleUrl>
        <Point>
          <coordinates>16.129023,-19.240706,0</coordinates>
        </Point>
      </Placemark>
      <Placemark>
        <name>Olifantsbad Waterhole - Month 5</name>
        <description>Waterhole: Olifantsbad Waterhole, Month: 5, Time: 2010-05-09 17:20:00, Lon: 16.129150, Lat: -19.240767</description>
        <styleUrl>#month5_style</styleUrl>
        <Point>
          <coordinates>16.129150,-19.240767,0</coordinates>
        </Point>
      </Placemark>
      <Placemark>
        <name>Olifantsbad Waterhole - Month 5</name>
        <description>Waterhole: Olifantsbad Waterhole, Month: 5, Time: 2010-05-09 17:40:00, Lon: 16.126281, Lat: -19.244025</description>
        <styleUrl>#month5_style</styleUrl>
        <Point>
          <coordinates>16.126281,-19.244025,0</coordinates>
        </Point>
      </Placemark>
      <Placemark>
        <name>Olifantsbad Waterhole - Month 5</name>
        <description>Waterhole: Olifantsbad Waterhole, Month: 5, Time: 2010-05-15 13:20:00, Lon: 16.130869, Lat: -19.247496</description>
        <styleUrl>#month5_style</styleUrl>
        <Point>
          <coordinates>16.130869,-19.247496,0</coordinates>
        </Point>
      </Placemark>
      <Placemark>
        <name>Olifantsbad Waterhole - Month 5</name>
        <description>Waterhole: Olifantsbad Waterhole, Month: 5, Time: 2010-05-15 13:40:00, Lon: 16.131647, Lat: -19.238452</description>
        <styleUrl>#month5_style</styleUrl>
        <Point>
          <coordinates>16.131647,-19.238452,0</coordinates>
        </Point>
      </Placemark>
      <Placemark>
        <name>Olifantsbad Waterhole - Month 5</name>
        <description>Waterhole: Olifantsbad Waterhole, Month: 5, Time: 2010-05-15 14:00:00, Lon: 16.131394, Lat: -19.240226</description>
        <styleUrl>#month5_style</styleUrl>
        <Point>
          <coordinates>16.131394,-19.240226,0</coordinates>
        </Point>
      </Placemark>
      <Placemark>
        <name>Olifantsbad Waterhole - Month 5</name>
        <description>Waterhole: Olifantsbad Waterhole, Month: 5, Time: 2010-05-15 14:20:00, Lon: 16.130630, Lat: -19.239034</description>
        <styleUrl>#month5_style</styleUrl>
        <Point>
          <coordinates>16.130630,-19.239034,0</coordinates>
        </Point>
      </Placemark>
      <Placemark>
        <name>Olifantsbad Waterhole - Month 5</name>
        <description>Waterhole: Olifantsbad Waterhole, Month: 5, Time: 2010-05-15 14:40:00, Lon: 16.130569, Lat: -19.239738</description>
        <styleUrl>#month5_style</styleUrl>
        <Point>
          <coordinates>16.130569,-19.239738,0</coordinates>
        </Point>
      </Placemark>
      <Placemark>
        <name>Olifantsbad Waterhole - Month 5</name>
        <description>Waterhole: Olifantsbad Waterhole, Month: 5, Time: 2010-05-15 15:00:00, Lon: 16.131016, Lat: -19.239616</description>
        <styleUrl>#month5_style</styleUrl>
        <Point>
          <coordinates>16.131016,-19.239616,0</coordinates>
        </Point>
      </Placemark>
      <Placemark>
        <name>Olifantsbad Waterhole - Month 5</name>
        <description>Waterhole: Olifantsbad Waterhole, Month: 5, Time: 2010-05-15 15:20:00, Lon: 16.131060, Lat: -19.241370</description>
        <styleUrl>#month5_style</styleUrl>
        <Point>
          <coordinates>16.131060,-19.241370,0</coordinates>
        </Point>
      </Placemark>
      <Placemark>
        <name>Olifantsbad Waterhole - Month 5</name>
        <description>Waterhole: Olifantsbad Waterhole, Month: 5, Time: 2010-05-15 15:40:00, Lon: 16.130380, Lat: -19.243536</description>
        <styleUrl>#month5_style</styleUrl>
        <Point>
          <coordinates>16.130380,-19.243536,0</coordinates>
        </Point>
      </Placemark>
      <Placemark>
        <name>Olifantsbad Waterhole - Month 5</name>
        <description>Waterhole: Olifantsbad Waterhole, Month: 5, Time: 2010-05-15 16:00:00, Lon: 16.130168, Lat: -19.246633</description>
        <styleUrl>#month5_style</styleUrl>
        <Point>
          <coordinates>16.130168,-19.246633,0</coordinates>
        </Point>
      </Placemark>
      <Placemark>
        <name>Olifantsbad Waterhole - Month 5</name>
        <description>Waterhole: Olifantsbad Waterhole, Month: 5, Time: 2010-05-16 11:20:00, Lon: 16.134006, Lat: -19.240670</description>
        <styleUrl>#month5_style</styleUrl>
        <Point>
          <coordinates>16.134006,-19.240670,0</coordinates>
        </Point>
      </Placemark>
      <Placemark>
        <name>Olifantsbad Waterhole - Month 5</name>
        <description>Waterhole: Olifantsbad Waterhole, Month: 5, Time: 2010-05-16 11:40:00, Lon: 16.132907, Lat: -19.238768</description>
        <styleUrl>#month5_style</styleUrl>
        <Point>
          <coordinates>16.132907,-19.238768,0</coordinates>
        </Point>
      </Placemark>
      <Placemark>
        <name>Olifantsbad Waterhole - Month 5</name>
        <description>Waterhole: Olifantsbad Waterhole, Month: 5, Time: 2010-05-16 12:00:00, Lon: 16.134416, Lat: -19.239252</description>
        <styleUrl>#month5_style</styleUrl>
        <Point>
          <coordinates>16.134416,-19.239252,0</coordinates>
        </Point>
      </Placemark>
      <Placemark>
        <name>Olifantsbad Waterhole - Month 5</name>
        <description>Waterhole: Olifantsbad Waterhole, Month: 5, Time: 2010-05-16 12:20:00, Lon: 16.136632, Lat: -19.239274</description>
        <styleUrl>#month5_style</styleUrl>
        <Point>
          <coordinates>16.136632,-19.239274,0</coordinates>
        </Point>
      </Placemark>
      <Placemark>
        <name>Olifantsbad Waterhole - Month 5</name>
        <description>Waterhole: Olifantsbad Waterhole, Month: 5, Time: 2010-05-16 12:40:00, Lon: 16.137616, Lat: -19.238584</description>
        <styleUrl>#month5_style</styleUrl>
        <Point>
          <coordinates>16.137616,-19.238584,0</coordinates>
        </Point>
      </Placemark>
      <Placemark>
        <name>Olifantsbad Waterhole - Month 5</name>
        <description>Waterhole: Olifantsbad Waterhole, Month: 5, Time: 2010-05-16 13:00:00, Lon: 16.139213, Lat: -19.237807</description>
        <styleUrl>#month5_style</styleUrl>
        <Point>
          <coordinates>16.139213,-19.237807,0</coordinates>
        </Point>
      </Placemark>
      <Placemark>
        <name>Olifantsbad Waterhole - Month 5</name>
        <description>Waterhole: Olifantsbad Waterhole, Month: 5, Time: 2010-05-18 17:20:00, Lon: 16.126736, Lat: -19.243856</description>
        <styleUrl>#month5_style</styleUrl>
        <Point>
          <coordinates>16.126736,-19.243856,0</coordinates>
        </Point>
      </Placemark>
      <Placemark>
        <name>Olifantsbad Waterhole - Month 5</name>
        <description>Waterhole: Olifantsbad Waterhole, Month: 5, Time: 2010-05-18 17:40:00, Lon: 16.131609, Lat: -19.238715</description>
        <styleUrl>#month5_style</styleUrl>
        <Point>
          <coordinates>16.131609,-19.238715,0</coordinates>
        </Point>
      </Placemark>
      <Placemark>
        <name>Olifantsbad Waterhole - Month 5</name>
        <description>Waterhole: Olifantsbad Waterhole, Month: 5, Time: 2010-05-18 18:00:00, Lon: 16.134163, Lat: -19.242621</description>
        <styleUrl>#month5_style</styleUrl>
        <Point>
          <coordinates>16.134163,-19.242621,0</coordinates>
        </Point>
      </Placemark>
      <Placemark>
        <name>Olifantsbad Waterhole - Month 5</name>
        <description>Waterhole: Olifantsbad Waterhole, Month: 5, Time: 2010-05-19 10:00:00, Lon: 16.134383, Lat: -19.246021</description>
        <styleUrl>#month5_style</styleUrl>
        <Point>
          <coordinates>16.134383,-19.246021,0</coordinates>
        </Point>
      </Placemark>
      <Placemark>
        <name>Olifantsbad Waterhole - Month 5</name>
        <description>Waterhole: Olifantsbad Waterhole, Month: 5, Time: 2010-05-19 10:20:00, Lon: 16.131156, Lat: -19.242902</description>
        <styleUrl>#month5_style</styleUrl>
        <Point>
          <coordinates>16.131156,-19.242902,0</coordinates>
        </Point>
      </Placemark>
      <Placemark>
        <name>Olifantsbad Waterhole - Month 5</name>
        <description>Waterhole: Olifantsbad Waterhole, Month: 5, Time: 2010-05-19 10:40:00, Lon: 16.131707, Lat: -19.238460</description>
        <styleUrl>#month5_style</styleUrl>
        <Point>
          <coordinates>16.131707,-19.238460,0</coordinates>
        </Point>
      </Placemark>
      <Placemark>
        <name>Olifantsbad Waterhole - Month 5</name>
        <description>Waterhole: Olifantsbad Waterhole, Month: 5, Time: 2010-05-19 11:00:00, Lon: 16.131593, Lat: -19.238747</description>
        <styleUrl>#month5_style</styleUrl>
        <Point>
          <coordinates>16.131593,-19.238747,0</coordinates>
        </Point>
      </Placemark>
      <Placemark>
        <name>Olifantsbad Waterhole - Month 5</name>
        <description>Waterhole: Olifantsbad Waterhole, Month: 5, Time: 2010-05-19 11:20:00, Lon: 16.133773, Lat: -19.243490</description>
        <styleUrl>#month5_style</styleUrl>
        <Point>
          <coordinates>16.133773,-19.243490,0</coordinates>
        </Point>
      </Placemark>
      <Placemark>
        <name>Olifantsbad Waterhole - Month 5</name>
        <description>Waterhole: Olifantsbad Waterhole, Month: 5, Time: 2010-05-19 11:40:00, Lon: 16.132103, Lat: -19.247715</description>
        <styleUrl>#month5_style</styleUrl>
        <Point>
          <coordinates>16.132103,-19.247715,0</coordinates>
        </Point>
      </Placemark>
      <Placemark>
        <name>Olifantsbad Waterhole - Month 5</name>
        <description>Waterhole: Olifantsbad Waterhole, Month: 5, Time: 2010-05-19 13:00:00, Lon: 16.130843, Lat: -19.247451</description>
        <styleUrl>#month5_style</styleUrl>
        <Point>
          <coordinates>16.130843,-19.247451,0</coordinates>
        </Point>
      </Placemark>
      <Placemark>
        <name>Olifantsbad Waterhole - Month 5</name>
        <description>Waterhole: Olifantsbad Waterhole, Month: 5, Time: 2010-05-19 13:20:00, Lon: 16.129689, Lat: -19.246163</description>
        <styleUrl>#month5_style</styleUrl>
        <Point>
          <coordinates>16.129689,-19.246163,0</coordinates>
        </Point>
      </Placemark>
      <Placemark>
        <name>Olifantsbad Waterhole - Month 5</name>
        <description>Waterhole: Olifantsbad Waterhole, Month: 5, Time: 2010-05-19 13:40:00, Lon: 16.129627, Lat: -19.245750</description>
        <styleUrl>#month5_style</styleUrl>
        <Point>
          <coordinates>16.129627,-19.245750,0</coordinates>
        </Point>
      </Placemark>
      <Placemark>
        <name>Olifantsbad Waterhole - Month 5</name>
        <description>Waterhole: Olifantsbad Waterhole, Month: 5, Time: 2010-05-19 14:00:00, Lon: 16.128967, Lat: -19.244236</description>
        <styleUrl>#month5_style</styleUrl>
        <Point>
          <coordinates>16.128967,-19.244236,0</coordinates>
        </Point>
      </Placemark>
      <Placemark>
        <name>Olifantsbad Waterhole - Month 5</name>
        <description>Waterhole: Olifantsbad Waterhole, Month: 5, Time: 2010-05-19 14:20:00, Lon: 16.131408, Lat: -19.239296</description>
        <styleUrl>#month5_style</styleUrl>
        <Point>
          <coordinates>16.131408,-19.239296,0</coordinates>
        </Point>
      </Placemark>
      <Placemark>
        <name>Olifantsbad Waterhole - Month 5</name>
        <description>Waterhole: Olifantsbad Waterhole, Month: 5, Time: 2010-05-19 14:40:00, Lon: 16.131779, Lat: -19.239003</description>
        <styleUrl>#month5_style</styleUrl>
        <Point>
          <coordinates>16.131779,-19.239003,0</coordinates>
        </Point>
      </Placemark>
      <Placemark>
        <name>Olifantsbad Waterhole - Month 5</name>
        <description>Waterhole: Olifantsbad Waterhole, Month: 5, Time: 2010-05-19 15:00:00, Lon: 16.133130, Lat: -19.244895</description>
        <styleUrl>#month5_style</styleUrl>
        <Point>
          <coordinates>16.133130,-19.244895,0</coordinates>
        </Point>
      </Placemark>
      <Placemark>
        <name>Olifantsbad Waterhole - Month 5</name>
        <description>Waterhole: Olifantsbad Waterhole, Month: 5, Time: 2010-05-20 12:40:00, Lon: 16.127050, Lat: -19.245923</description>
        <styleUrl>#month5_style</styleUrl>
        <Point>
          <coordinates>16.127050,-19.245923,0</coordinates>
        </Point>
      </Placemark>
      <Placemark>
        <name>Olifantsbad Waterhole - Month 5</name>
        <description>Waterhole: Olifantsbad Waterhole, Month: 5, Time: 2010-05-20 13:00:00, Lon: 16.126616, Lat: -19.244360</description>
        <styleUrl>#month5_style</styleUrl>
        <Point>
          <coordinates>16.126616,-19.244360,0</coordinates>
        </Point>
      </Placemark>
      <Placemark>
        <name>Olifantsbad Waterhole - Month 5</name>
        <description>Waterhole: Olifantsbad Waterhole, Month: 5, Time: 2010-05-20 13:20:00, Lon: 16.131475, Lat: -19.239870</description>
        <styleUrl>#month5_style</styleUrl>
        <Point>
          <coordinates>16.131475,-19.239870,0</coordinates>
        </Point>
      </Placemark>
      <Placemark>
        <name>Olifantsbad Waterhole - Month 5</name>
        <description>Waterhole: Olifantsbad Waterhole, Month: 5, Time: 2010-05-20 13:40:00, Lon: 16.131765, Lat: -19.238599</description>
        <styleUrl>#month5_style</styleUrl>
        <Point>
          <coordinates>16.131765,-19.238599,0</coordinates>
        </Point>
      </Placemark>
      <Placemark>
        <name>Olifantsbad Waterhole - Month 5</name>
        <description>Waterhole: Olifantsbad Waterhole, Month: 5, Time: 2010-05-20 14:00:00, Lon: 16.135106, Lat: -19.243545</description>
        <styleUrl>#month5_style</styleUrl>
        <Point>
          <coordinates>16.135106,-19.243545,0</coordinates>
        </Point>
      </Placemark>
      <Placemark>
        <name>Olifantsbad Waterhole - Month 5</name>
        <description>Waterhole: Olifantsbad Waterhole, Month: 5, Time: 2010-05-22 11:20:00, Lon: 16.132158, Lat: -19.244234</description>
        <styleUrl>#month5_style</styleUrl>
        <Point>
          <coordinates>16.132158,-19.244234,0</coordinates>
        </Point>
      </Placemark>
      <Placemark>
        <name>Olifantsbad Waterhole - Month 5</name>
        <description>Waterhole: Olifantsbad Waterhole, Month: 5, Time: 2010-05-22 11:40:00, Lon: 16.131642, Lat: -19.238713</description>
        <styleUrl>#month5_style</styleUrl>
        <Point>
          <coordinates>16.131642,-19.238713,0</coordinates>
        </Point>
      </Placemark>
      <Placemark>
        <name>Olifantsbad Waterhole - Month 5</name>
        <description>Waterhole: Olifantsbad Waterhole, Month: 5, Time: 2010-05-22 12:00:00, Lon: 16.131754, Lat: -19.238523</description>
        <styleUrl>#month5_style</styleUrl>
        <Point>
          <coordinates>16.131754,-19.238523,0</coordinates>
        </Point>
      </Placemark>
      <Placemark>
        <name>Olifantsbad Waterhole - Month 5</name>
        <description>Waterhole: Olifantsbad Waterhole, Month: 5, Time: 2010-05-22 12:20:00, Lon: 16.131772, Lat: -19.238513</description>
        <styleUrl>#month5_style</styleUrl>
        <Point>
          <coordinates>16.131772,-19.238513,0</coordinates>
        </Point>
      </Placemark>
      <Placemark>
        <name>Olifantsbad Waterhole - Month 5</name>
        <description>Waterhole: Olifantsbad Waterhole, Month: 5, Time: 2010-05-22 12:40:00, Lon: 16.131649, Lat: -19.238692</description>
        <styleUrl>#month5_style</styleUrl>
        <Point>
          <coordinates>16.131649,-19.238692,0</coordinates>
        </Point>
      </Placemark>
      <Placemark>
        <name>Olifantsbad Waterhole - Month 5</name>
        <description>Waterhole: Olifantsbad Waterhole, Month: 5, Time: 2010-05-22 13:00:00, Lon: 16.133583, Lat: -19.239305</description>
        <styleUrl>#month5_style</styleUrl>
        <Point>
          <coordinates>16.133583,-19.239305,0</coordinates>
        </Point>
      </Placemark>
      <Placemark>
        <name>Olifantsbad Waterhole - Month 5</name>
        <description>Waterhole: Olifantsbad Waterhole, Month: 5, Time: 2010-05-22 13:20:00, Lon: 16.136991, Lat: -19.239919</description>
        <styleUrl>#month5_style</styleUrl>
        <Point>
          <coordinates>16.136991,-19.239919,0</coordinates>
        </Point>
      </Placemark>
      <Placemark>
        <name>Olifantsbad Waterhole - Month 5</name>
        <description>Waterhole: Olifantsbad Waterhole, Month: 5, Time: 2010-05-22 13:40:00, Lon: 16.138743, Lat: -19.239919</description>
        <styleUrl>#month5_style</styleUrl>
        <Point>
          <coordinates>16.138743,-19.239919,0</coordinates>
        </Point>
      </Placemark>
      <Placemark>
        <name>Olifantsbad Waterhole - Month 5</name>
        <description>Waterhole: Olifantsbad Waterhole, Month: 5, Time: 2010-05-23 13:00:00, Lon: 16.139368, Lat: -19.237270</description>
        <styleUrl>#month5_style</styleUrl>
        <Point>
          <coordinates>16.139368,-19.237270,0</coordinates>
        </Point>
      </Placemark>
      <Placemark>
        <name>Olifantsbad Waterhole - Month 5</name>
        <description>Waterhole: Olifantsbad Waterhole, Month: 5, Time: 2010-05-23 13:20:00, Lon: 16.131799, Lat: -19.238820</description>
        <styleUrl>#month5_style</styleUrl>
        <Point>
          <coordinates>16.131799,-19.238820,0</coordinates>
        </Point>
      </Placemark>
      <Placemark>
        <name>Olifantsbad Waterhole - Month 5</name>
        <description>Waterhole: Olifantsbad Waterhole, Month: 5, Time: 2010-05-23 13:40:00, Lon: 16.130814, Lat: -19.239628</description>
        <styleUrl>#month5_style</styleUrl>
        <Point>
          <coordinates>16.130814,-19.239628,0</coordinates>
        </Point>
      </Placemark>
      <Placemark>
        <name>Olifantsbad Waterhole - Month 5</name>
        <description>Waterhole: Olifantsbad Waterhole, Month: 5, Time: 2010-05-23 14:00:00, Lon: 16.129709, Lat: -19.240572</description>
        <styleUrl>#month5_style</styleUrl>
        <Point>
          <coordinates>16.129709,-19.240572,0</coordinates>
        </Point>
      </Placemark>
      <Placemark>
        <name>Olifantsbad Waterhole - Month 5</name>
        <description>Waterhole: Olifantsbad Waterhole, Month: 5, Time: 2010-05-23 18:00:00, Lon: 16.124540, Lat: -19.245213</description>
        <styleUrl>#month5_style</styleUrl>
        <Point>
          <coordinates>16.124540,-19.245213,0</coordinates>
        </Point>
      </Placemark>
      <Placemark>
        <name>Olifantsbad Waterhole - Month 5</name>
        <description>Waterhole: Olifantsbad Waterhole, Month: 5, Time: 2010-05-23 18:21:00, Lon: 16.128127, Lat: -19.243009</description>
        <styleUrl>#month5_style</styleUrl>
        <Point>
          <coordinates>16.128127,-19.243009,0</coordinates>
        </Point>
      </Placemark>
      <Placemark>
        <name>Olifantsbad Waterhole - Month 5</name>
        <description>Waterhole: Olifantsbad Waterhole, Month: 5, Time: 2010-05-23 18:40:00, Lon: 16.131630, Lat: -19.238662</description>
        <styleUrl>#month5_style</styleUrl>
        <Point>
          <coordinates>16.131630,-19.238662,0</coordinates>
        </Point>
      </Placemark>
      <Placemark>
        <name>Olifantsbad Waterhole - Month 5</name>
        <description>Waterhole: Olifantsbad Waterhole, Month: 5, Time: 2010-05-23 19:00:00, Lon: 16.139937, Lat: -19.237286</description>
        <styleUrl>#month5_style</styleUrl>
        <Point>
          <coordinates>16.139937,-19.237286,0</coordinates>
        </Point>
      </Placemark>
      <Placemark>
        <name>Olifantsbad Waterhole - Month 5</name>
        <description>Waterhole: Olifantsbad Waterhole, Month: 5, Time: 2010-05-24 18:40:00, Lon: 16.134104, Lat: -19.237384</description>
        <styleUrl>#month5_style</styleUrl>
        <Point>
          <coordinates>16.134104,-19.237384,0</coordinates>
        </Point>
      </Placemark>
      <Placemark>
        <name>Olifantsbad Waterhole - Month 5</name>
        <description>Waterhole: Olifantsbad Waterhole, Month: 5, Time: 2010-05-24 19:00:00, Lon: 16.128080, Lat: -19.236230</description>
        <styleUrl>#month5_style</styleUrl>
        <Point>
          <coordinates>16.128080,-19.236230,0</coordinates>
        </Point>
      </Placemark>
      <Placemark>
        <name>Olifantsbad Waterhole - Month 5</name>
        <description>Waterhole: Olifantsbad Waterhole, Month: 5, Time: 2010-05-25 17:00:00, Lon: 16.125840, Lat: -19.235018</description>
        <styleUrl>#month5_style</styleUrl>
        <Point>
          <coordinates>16.125840,-19.235018,0</coordinates>
        </Point>
      </Placemark>
      <Placemark>
        <name>Olifantsbad Waterhole - Month 5</name>
        <description>Waterhole: Olifantsbad Waterhole, Month: 5, Time: 2010-05-25 17:20:00, Lon: 16.131637, Lat: -19.238729</description>
        <styleUrl>#month5_style</styleUrl>
        <Point>
          <coordinates>16.131637,-19.238729,0</coordinates>
        </Point>
      </Placemark>
      <Placemark>
        <name>Olifantsbad Waterhole - Month 5</name>
        <description>Waterhole: Olifantsbad Waterhole, Month: 5, Time: 2010-05-25 17:40:00, Lon: 16.131195, Lat: -19.238479</description>
        <styleUrl>#month5_style</styleUrl>
        <Point>
          <coordinates>16.131195,-19.238479,0</coordinates>
        </Point>
      </Placemark>
      <Placemark>
        <name>Olifantsbad Waterhole - Month 5</name>
        <description>Waterhole: Olifantsbad Waterhole, Month: 5, Time: 2010-05-25 18:00:00, Lon: 16.128251, Lat: -19.236361</description>
        <styleUrl>#month5_style</styleUrl>
        <Point>
          <coordinates>16.128251,-19.236361,0</coordinates>
        </Point>
      </Placemark>
      <Placemark>
        <name>Olifantsbad Waterhole - Month 5</name>
        <description>Waterhole: Olifantsbad Waterhole, Month: 5, Time: 2010-05-26 17:20:00, Lon: 16.128548, Lat: -19.236584</description>
        <styleUrl>#month5_style</styleUrl>
        <Point>
          <coordinates>16.128548,-19.236584,0</coordinates>
        </Point>
      </Placemark>
      <Placemark>
        <name>Olifantsbad Waterhole - Month 5</name>
        <description>Waterhole: Olifantsbad Waterhole, Month: 5, Time: 2010-05-26 17:40:00, Lon: 16.131807, Lat: -19.238586</description>
        <styleUrl>#month5_style</styleUrl>
        <Point>
          <coordinates>16.131807,-19.238586,0</coordinates>
        </Point>
      </Placemark>
      <Placemark>
        <name>Olifantsbad Waterhole - Month 5</name>
        <description>Waterhole: Olifantsbad Waterhole, Month: 5, Time: 2010-05-26 18:00:00, Lon: 16.131771, Lat: -19.238601</description>
        <styleUrl>#month5_style</styleUrl>
        <Point>
          <coordinates>16.131771,-19.238601,0</coordinates>
        </Point>
      </Placemark>
      <Placemark>
        <name>Olifantsbad Waterhole - Month 5</name>
        <description>Waterhole: Olifantsbad Waterhole, Month: 5, Time: 2010-05-26 18:20:00, Lon: 16.131746, Lat: -19.238617</description>
        <styleUrl>#month5_style</styleUrl>
        <Point>
          <coordinates>16.131746,-19.238617,0</coordinates>
        </Point>
      </Placemark>
      <Placemark>
        <name>Olifantsbad Waterhole - Month 5</name>
        <description>Waterhole: Olifantsbad Waterhole, Month: 5, Time: 2010-05-26 18:40:00, Lon: 16.136152, Lat: -19.240399</description>
        <styleUrl>#month5_style</styleUrl>
        <Point>
          <coordinates>16.136152,-19.240399,0</coordinates>
        </Point>
      </Placemark>
      <Placemark>
        <name>Olifantsbad Waterhole - Month 5</name>
        <description>Waterhole: Olifantsbad Waterhole, Month: 5, Time: 2010-05-26 19:00:00, Lon: 16.136976, Lat: -19.240424</description>
        <styleUrl>#month5_style</styleUrl>
        <Point>
          <coordinates>16.136976,-19.240424,0</coordinates>
        </Point>
      </Placemark>
      <Placemark>
        <name>Olifantsbad Waterhole - Month 5</name>
        <description>Waterhole: Olifantsbad Waterhole, Month: 5, Time: 2010-05-26 19:20:00, Lon: 16.137506, Lat: -19.239795</description>
        <styleUrl>#month5_style</styleUrl>
        <Point>
          <coordinates>16.137506,-19.239795,0</coordinates>
        </Point>
      </Placemark>
      <Placemark>
        <name>Olifantsbad Waterhole - Month 5</name>
        <description>Waterhole: Olifantsbad Waterhole, Month: 5, Time: 2010-05-26 19:40:00, Lon: 16.138794, Lat: -19.240147</description>
        <styleUrl>#month5_style</styleUrl>
        <Point>
          <coordinates>16.138794,-19.240147,0</coordinates>
        </Point>
      </Placemark>
      <Placemark>
        <name>Olifantsbad Waterhole - Month 5</name>
        <description>Waterhole: Olifantsbad Waterhole, Month: 5, Time: 2010-05-27 14:20:00, Lon: 16.135849, Lat: -19.240263</description>
        <styleUrl>#month5_style</styleUrl>
        <Point>
          <coordinates>16.135849,-19.240263,0</coordinates>
        </Point>
      </Placemark>
      <Placemark>
        <name>Olifantsbad Waterhole - Month 5</name>
        <description>Waterhole: Olifantsbad Waterhole, Month: 5, Time: 2010-05-27 14:40:00, Lon: 16.131576, Lat: -19.238727</description>
        <styleUrl>#month5_style</styleUrl>
        <Point>
          <coordinates>16.131576,-19.238727,0</coordinates>
        </Point>
      </Placemark>
      <Placemark>
        <name>Olifantsbad Waterhole - Month 5</name>
        <description>Waterhole: Olifantsbad Waterhole, Month: 5, Time: 2010-05-27 15:00:00, Lon: 16.131583, Lat: -19.238704</description>
        <styleUrl>#month5_style</styleUrl>
        <Point>
          <coordinates>16.131583,-19.238704,0</coordinates>
        </Point>
      </Placemark>
      <Placemark>
        <name>Olifantsbad Waterhole - Month 5</name>
        <description>Waterhole: Olifantsbad Waterhole, Month: 5, Time: 2010-05-27 15:20:00, Lon: 16.135966, Lat: -19.241585</description>
        <styleUrl>#month5_style</styleUrl>
        <Point>
          <coordinates>16.135966,-19.241585,0</coordinates>
        </Point>
      </Placemark>
      <Placemark>
        <name>Olifantsbad Waterhole - Month 5</name>
        <description>Waterhole: Olifantsbad Waterhole, Month: 5, Time: 2010-05-28 17:00:00, Lon: 16.138312, Lat: -19.242816</description>
        <styleUrl>#month5_style</styleUrl>
        <Point>
          <coordinates>16.138312,-19.242816,0</coordinates>
        </Point>
      </Placemark>
      <Placemark>
        <name>Olifantsbad Waterhole - Month 5</name>
        <description>Waterhole: Olifantsbad Waterhole, Month: 5, Time: 2010-05-28 17:20:00, Lon: 16.131717, Lat: -19.238552</description>
        <styleUrl>#month5_style</styleUrl>
        <Point>
          <coordinates>16.131717,-19.238552,0</coordinates>
        </Point>
      </Placemark>
      <Placemark>
        <name>Olifantsbad Waterhole - Month 5</name>
        <description>Waterhole: Olifantsbad Waterhole, Month: 5, Time: 2010-05-28 17:40:00, Lon: 16.131506, Lat: -19.238584</description>
        <styleUrl>#month5_style</styleUrl>
        <Point>
          <coordinates>16.131506,-19.238584,0</coordinates>
        </Point>
      </Placemark>
      <Placemark>
        <name>Olifantsbad Waterhole - Month 5</name>
        <description>Waterhole: Olifantsbad Waterhole, Month: 5, Time: 2010-05-28 18:00:00, Lon: 16.131736, Lat: -19.238493</description>
        <styleUrl>#month5_style</styleUrl>
        <Point>
          <coordinates>16.131736,-19.238493,0</coordinates>
        </Point>
      </Placemark>
      <Placemark>
        <name>Olifantsbad Waterhole - Month 5</name>
        <description>Waterhole: Olifantsbad Waterhole, Month: 5, Time: 2010-05-28 18:20:00, Lon: 16.132159, Lat: -19.237354</description>
        <styleUrl>#month5_style</styleUrl>
        <Point>
          <coordinates>16.132159,-19.237354,0</coordinates>
        </Point>
      </Placemark>
      <Placemark>
        <name>Olifantsbad Waterhole - Month 5</name>
        <description>Waterhole: Olifantsbad Waterhole, Month: 5, Time: 2010-05-28 18:40:00, Lon: 16.132720, Lat: -19.233289</description>
        <styleUrl>#month5_style</styleUrl>
        <Point>
          <coordinates>16.132720,-19.233289,0</coordinates>
        </Point>
      </Placemark>
      <Placemark>
        <name>Olifantsbad Waterhole - Month 5</name>
        <description>Waterhole: Olifantsbad Waterhole, Month: 5, Time: 2010-05-28 19:00:00, Lon: 16.132444, Lat: -19.230927</description>
        <styleUrl>#month5_style</styleUrl>
        <Point>
          <coordinates>16.132444,-19.230927,0</coordinates>
        </Point>
      </Placemark>
      <Placemark>
        <name>Olifantsbad Waterhole - Month 5</name>
        <description>Waterhole: Olifantsbad Waterhole, Month: 5, Time: 2010-05-29 10:40:00, Lon: 16.130526, Lat: -19.231803</description>
        <styleUrl>#month5_style</styleUrl>
        <Point>
          <coordinates>16.130526,-19.231803,0</coordinates>
        </Point>
      </Placemark>
      <Placemark>
        <name>Olifantsbad Waterhole - Month 5</name>
        <description>Waterhole: Olifantsbad Waterhole, Month: 5, Time: 2010-05-29 11:00:00, Lon: 16.131771, Lat: -19.238511</description>
        <styleUrl>#month5_style</styleUrl>
        <Point>
          <coordinates>16.131771,-19.238511,0</coordinates>
        </Point>
      </Placemark>
      <Placemark>
        <name>Olifantsbad Waterhole - Month 5</name>
        <description>Waterhole: Olifantsbad Waterhole, Month: 5, Time: 2010-05-29 11:20:00, Lon: 16.132016, Lat: -19.238829</description>
        <styleUrl>#month5_style</styleUrl>
        <Point>
          <coordinates>16.132016,-19.238829,0</coordinates>
        </Point>
      </Placemark>
      <Placemark>
        <name>Olifantsbad Waterhole - Month 5</name>
        <description>Waterhole: Olifantsbad Waterhole, Month: 5, Time: 2010-05-29 11:40:00, Lon: 16.131960, Lat: -19.238820</description>
        <styleUrl>#month5_style</styleUrl>
        <Point>
          <coordinates>16.131960,-19.238820,0</coordinates>
        </Point>
      </Placemark>
      <Placemark>
        <name>Olifantsbad Waterhole - Month 5</name>
        <description>Waterhole: Olifantsbad Waterhole, Month: 5, Time: 2010-05-29 12:00:00, Lon: 16.131570, Lat: -19.238711</description>
        <styleUrl>#month5_style</styleUrl>
        <Point>
          <coordinates>16.131570,-19.238711,0</coordinates>
        </Point>
      </Placemark>
      <Placemark>
        <name>Olifantsbad Waterhole - Month 5</name>
        <description>Waterhole: Olifantsbad Waterhole, Month: 5, Time: 2010-05-29 12:20:00, Lon: 16.131558, Lat: -19.238784</description>
        <styleUrl>#month5_style</styleUrl>
        <Point>
          <coordinates>16.131558,-19.238784,0</coordinates>
        </Point>
      </Placemark>
      <Placemark>
        <name>Olifantsbad Waterhole - Month 5</name>
        <description>Waterhole: Olifantsbad Waterhole, Month: 5, Time: 2010-05-29 12:40:00, Lon: 16.131668, Lat: -19.238641</description>
        <styleUrl>#month5_style</styleUrl>
        <Point>
          <coordinates>16.131668,-19.238641,0</coordinates>
        </Point>
      </Placemark>
      <Placemark>
        <name>Olifantsbad Waterhole - Month 5</name>
        <description>Waterhole: Olifantsbad Waterhole, Month: 5, Time: 2010-05-29 13:00:00, Lon: 16.131417, Lat: -19.238737</description>
        <styleUrl>#month5_style</styleUrl>
        <Point>
          <coordinates>16.131417,-19.238737,0</coordinates>
        </Point>
      </Placemark>
      <Placemark>
        <name>Olifantsbad Waterhole - Month 5</name>
        <description>Waterhole: Olifantsbad Waterhole, Month: 5, Time: 2010-05-29 13:20:00, Lon: 16.131523, Lat: -19.238556</description>
        <styleUrl>#month5_style</styleUrl>
        <Point>
          <coordinates>16.131523,-19.238556,0</coordinates>
        </Point>
      </Placemark>
      <Placemark>
        <name>Olifantsbad Waterhole - Month 5</name>
        <description>Waterhole: Olifantsbad Waterhole, Month: 5, Time: 2010-05-29 13:40:00, Lon: 16.132293, Lat: -19.237042</description>
        <styleUrl>#month5_style</styleUrl>
        <Point>
          <coordinates>16.132293,-19.237042,0</coordinates>
        </Point>
      </Placemark>
      <Placemark>
        <name>Olifantsbad Waterhole - Month 5</name>
        <description>Waterhole: Olifantsbad Waterhole, Month: 5, Time: 2010-05-29 14:00:00, Lon: 16.133859, Lat: -19.236536</description>
        <styleUrl>#month5_style</styleUrl>
        <Point>
          <coordinates>16.133859,-19.236536,0</coordinates>
        </Point>
      </Placemark>
      <Placemark>
        <name>Olifantsbad Waterhole - Month 5</name>
        <description>Waterhole: Olifantsbad Waterhole, Month: 5, Time: 2010-05-29 14:20:00, Lon: 16.135711, Lat: -19.234922</description>
        <styleUrl>#month5_style</styleUrl>
        <Point>
          <coordinates>16.135711,-19.234922,0</coordinates>
        </Point>
      </Placemark>
      <Placemark>
        <name>Olifantsbad Waterhole - Month 5</name>
        <description>Waterhole: Olifantsbad Waterhole, Month: 5, Time: 2010-05-29 14:40:00, Lon: 16.137287, Lat: -19.235162</description>
        <styleUrl>#month5_style</styleUrl>
        <Point>
          <coordinates>16.137287,-19.235162,0</coordinates>
        </Point>
      </Placemark>
      <Placemark>
        <name>Olifantsbad Waterhole - Month 5</name>
        <description>Waterhole: Olifantsbad Waterhole, Month: 5, Time: 2010-05-29 15:00:00, Lon: 16.138164, Lat: -19.234574</description>
        <styleUrl>#month5_style</styleUrl>
        <Point>
          <coordinates>16.138164,-19.234574,0</coordinates>
        </Point>
      </Placemark>
      <Placemark>
        <name>Aus Fountain - Month 5</name>
        <description>Waterhole: Aus Fountain, Month: 5, Time: 2010-05-30 16:20:00, Lon: 16.187239, Lat: -19.210787</description>
        <styleUrl>#month5_style</styleUrl>
        <Point>
          <coordinates>16.187239,-19.210787,0</coordinates>
        </Point>
      </Placemark>
      <Placemark>
        <name>Aus Fountain - Month 5</name>
        <description>Waterhole: Aus Fountain, Month: 5, Time: 2010-05-30 16:40:00, Lon: 16.191816, Lat: -19.208006</description>
        <styleUrl>#month5_style</styleUrl>
        <Point>
          <coordinates>16.191816,-19.208006,0</coordinates>
        </Point>
      </Placemark>
      <Placemark>
        <name>Aus Fountain - Month 5</name>
        <description>Waterhole: Aus Fountain, Month: 5, Time: 2010-05-30 17:00:00, Lon: 16.193482, Lat: -19.205377</description>
        <styleUrl>#month5_style</styleUrl>
        <Point>
          <coordinates>16.193482,-19.205377,0</coordinates>
        </Point>
      </Placemark>
      <Placemark>
        <name>Aus Fountain - Month 5</name>
        <description>Waterhole: Aus Fountain, Month: 5, Time: 2010-05-30 17:20:00, Lon: 16.193536, Lat: -19.205402</description>
        <styleUrl>#month5_style</styleUrl>
        <Point>
          <coordinates>16.193536,-19.205402,0</coordinates>
        </Point>
      </Placemark>
      <Placemark>
        <name>Aus Fountain - Month 5</name>
        <description>Waterhole: Aus Fountain, Month: 5, Time: 2010-05-30 17:40:00, Lon: 16.194162, Lat: -19.202665</description>
        <styleUrl>#month5_style</styleUrl>
        <Point>
          <coordinates>16.194162,-19.202665,0</coordinates>
        </Point>
      </Placemark>
      <Placemark>
        <name>Aus Fountain - Month 5</name>
        <description>Waterhole: Aus Fountain, Month: 5, Time: 2010-05-30 18:00:00, Lon: 16.194175, Lat: -19.202297</description>
        <styleUrl>#month5_style</styleUrl>
        <Point>
          <coordinates>16.194175,-19.202297,0</coordinates>
        </Point>
      </Placemark>
      <Placemark>
        <name>Aus Fountain - Month 5</name>
        <description>Waterhole: Aus Fountain, Month: 5, Time: 2010-05-30 18:20:00, Lon: 16.194353, Lat: -19.201699</description>
        <styleUrl>#month5_style</styleUrl>
        <Point>
          <coordinates>16.194353,-19.201699,0</coordinates>
        </Point>
      </Placemark>
      <Placemark>
        <name>Aus Fountain - Month 5</name>
        <description>Waterhole: Aus Fountain, Month: 5, Time: 2010-05-30 18:40:00, Lon: 16.194264, Lat: -19.199103</description>
        <styleUrl>#month5_style</styleUrl>
        <Point>
          <coordinates>16.194264,-19.199103,0</coordinates>
        </Point>
      </Placemark>
      <Placemark>
        <name>Aus Fountain - Month 5</name>
        <description>Waterhole: Aus Fountain, Month: 5, Time: 2010-05-31 20:00:00, Lon: 16.194450, Lat: -19.196834</description>
        <styleUrl>#month5_style</styleUrl>
        <Point>
          <coordinates>16.194450,-19.196834,0</coordinates>
        </Point>
      </Placemark>
      <Placemark>
        <name>Aus Fountain - Month 5</name>
        <description>Waterhole: Aus Fountain, Month: 5, Time: 2010-05-31 20:20:00, Lon: 16.193291, Lat: -19.205251</description>
        <styleUrl>#month5_style</styleUrl>
        <Point>
          <coordinates>16.193291,-19.205251,0</coordinates>
        </Point>
      </Placemark>
      <Placemark>
        <name>Aus Fountain - Month 5</name>
        <description>Waterhole: Aus Fountain, Month: 5, Time: 2010-05-31 20:40:00, Lon: 16.193140, Lat: -19.205375</description>
        <styleUrl>#month5_style</styleUrl>
        <Point>
          <coordinates>16.193140,-19.205375,0</coordinates>
        </Point>
      </Placemark>
      <Placemark>
        <name>Aus Fountain - Month 5</name>
        <description>Waterhole: Aus Fountain, Month: 5, Time: 2010-05-31 21:00:00, Lon: 16.193405, Lat: -19.205251</description>
        <styleUrl>#month5_style</styleUrl>
        <Point>
          <coordinates>16.193405,-19.205251,0</coordinates>
        </Point>
      </Placemark>
      <Placemark>
        <name>Aus Fountain - Month 5</name>
        <description>Waterhole: Aus Fountain, Month: 5, Time: 2010-05-31 21:20:00, Lon: 16.193378, Lat: -19.205278</description>
        <styleUrl>#month5_style</styleUrl>
        <Point>
          <coordinates>16.193378,-19.205278,0</coordinates>
        </Point>
      </Placemark>
      <Placemark>
        <name>Aus Fountain - Month 5</name>
        <description>Waterhole: Aus Fountain, Month: 5, Time: 2010-05-31 21:40:00, Lon: 16.193470, Lat: -19.205424</description>
        <styleUrl>#month5_style</styleUrl>
        <Point>
          <coordinates>16.193470,-19.205424,0</coordinates>
        </Point>
      </Placemark>
      <Placemark>
        <name>Aus Fountain - Month 5</name>
        <description>Waterhole: Aus Fountain, Month: 5, Time: 2010-05-31 22:00:00, Lon: 16.193357, Lat: -19.205212</description>
        <styleUrl>#month5_style</styleUrl>
        <Point>
          <coordinates>16.193357,-19.205212,0</coordinates>
        </Point>
      </Placemark>
      <Placemark>
        <name>Aus Fountain - Month 5</name>
        <description>Waterhole: Aus Fountain, Month: 5, Time: 2010-05-31 22:20:00, Lon: 16.193385, Lat: -19.205259</description>
        <styleUrl>#month5_style</styleUrl>
        <Point>
          <coordinates>16.193385,-19.205259,0</coordinates>
        </Point>
      </Placemark>
      <Placemark>
        <name>Aus Fountain - Month 5</name>
        <description>Waterhole: Aus Fountain, Month: 5, Time: 2010-05-31 22:40:00, Lon: 16.193527, Lat: -19.205343</description>
        <styleUrl>#month5_style</styleUrl>
        <Point>
          <coordinates>16.193527,-19.205343,0</coordinates>
        </Point>
      </Placemark>
      <Placemark>
        <name>Aus Fountain - Month 5</name>
        <description>Waterhole: Aus Fountain, Month: 5, Time: 2010-05-31 23:00:00, Lon: 16.193405, Lat: -19.205259</description>
        <styleUrl>#month5_style</styleUrl>
        <Point>
          <coordinates>16.193405,-19.205259,0</coordinates>
        </Point>
      </Placemark>
      <Placemark>
        <name>Aus Fountain - Month 5</name>
        <description>Waterhole: Aus Fountain, Month: 5, Time: 2010-05-31 23:20:00, Lon: 16.192256, Lat: -19.201546</description>
        <styleUrl>#month5_style</styleUrl>
        <Point>
          <coordinates>16.192256,-19.201546,0</coordinates>
        </Point>
      </Placemark>
      <Placemark>
        <name>Aus Fountain - Month 5</name>
        <description>Waterhole: Aus Fountain, Month: 5, Time: 2010-05-31 23:40:00, Lon: 16.191074, Lat: -19.199302</description>
        <styleUrl>#month5_style</styleUrl>
        <Point>
          <coordinates>16.191074,-19.199302,0</coordinates>
        </Point>
      </Placemark>
      <Placemark>
        <name>Aus Fountain - Month 6</name>
        <description>Waterhole: Aus Fountain, Month: 6, Time: 2010-06-02 04:00:00, Lon: 16.194097, Lat: -19.197406</description>
        <styleUrl>#month6_style</styleUrl>
        <Point>
          <coordinates>16.194097,-19.197406,0</coordinates>
        </Point>
      </Placemark>
      <Placemark>
        <name>Aus Fountain - Month 6</name>
        <description>Waterhole: Aus Fountain, Month: 6, Time: 2010-06-02 04:20:00, Lon: 16.193476, Lat: -19.205343</description>
        <styleUrl>#month6_style</styleUrl>
        <Point>
          <coordinates>16.193476,-19.205343,0</coordinates>
        </Point>
      </Placemark>
      <Placemark>
        <name>Aus Fountain - Month 6</name>
        <description>Waterhole: Aus Fountain, Month: 6, Time: 2010-06-02 04:40:00, Lon: 16.193467, Lat: -19.205290</description>
        <styleUrl>#month6_style</styleUrl>
        <Point>
          <coordinates>16.193467,-19.205290,0</coordinates>
        </Point>
      </Placemark>
      <Placemark>
        <name>Aus Fountain - Month 6</name>
        <description>Waterhole: Aus Fountain, Month: 6, Time: 2010-06-02 05:00:00, Lon: 16.192369, Lat: -19.200258</description>
        <styleUrl>#month6_style</styleUrl>
        <Point>
          <coordinates>16.192369,-19.200258,0</coordinates>
        </Point>
      </Placemark>
      <Placemark>
        <name>Aus Fountain - Month 6</name>
        <description>Waterhole: Aus Fountain, Month: 6, Time: 2010-06-02 05:20:00, Lon: 16.191942, Lat: -19.196899</description>
        <styleUrl>#month6_style</styleUrl>
        <Point>
          <coordinates>16.191942,-19.196899,0</coordinates>
        </Point>
      </Placemark>
      <Placemark>
        <name>Aus Fountain - Month 6</name>
        <description>Waterhole: Aus Fountain, Month: 6, Time: 2010-06-02 11:00:00, Lon: 16.188359, Lat: -19.199646</description>
        <styleUrl>#month6_style</styleUrl>
        <Point>
          <coordinates>16.188359,-19.199646,0</coordinates>
        </Point>
      </Placemark>
      <Placemark>
        <name>Aus Fountain - Month 6</name>
        <description>Waterhole: Aus Fountain, Month: 6, Time: 2010-06-02 11:20:00, Lon: 16.190484, Lat: -19.201689</description>
        <styleUrl>#month6_style</styleUrl>
        <Point>
          <coordinates>16.190484,-19.201689,0</coordinates>
        </Point>
      </Placemark>
      <Placemark>
        <name>Aus Fountain - Month 6</name>
        <description>Waterhole: Aus Fountain, Month: 6, Time: 2010-06-02 11:40:00, Lon: 16.191696, Lat: -19.202675</description>
        <styleUrl>#month6_style</styleUrl>
        <Point>
          <coordinates>16.191696,-19.202675,0</coordinates>
        </Point>
      </Placemark>
      <Placemark>
        <name>Aus Fountain - Month 6</name>
        <description>Waterhole: Aus Fountain, Month: 6, Time: 2010-06-02 12:00:00, Lon: 16.193441, Lat: -19.205302</description>
        <styleUrl>#month6_style</styleUrl>
        <Point>
          <coordinates>16.193441,-19.205302,0</coordinates>
        </Point>
      </Placemark>
      <Placemark>
        <name>Aus Fountain - Month 6</name>
        <description>Waterhole: Aus Fountain, Month: 6, Time: 2010-06-02 12:20:00, Lon: 16.193502, Lat: -19.205316</description>
        <styleUrl>#month6_style</styleUrl>
        <Point>
          <coordinates>16.193502,-19.205316,0</coordinates>
        </Point>
      </Placemark>
      <Placemark>
        <name>Aus Fountain - Month 6</name>
        <description>Waterhole: Aus Fountain, Month: 6, Time: 2010-06-02 12:40:00, Lon: 16.193966, Lat: -19.205035</description>
        <styleUrl>#month6_style</styleUrl>
        <Point>
          <coordinates>16.193966,-19.205035,0</coordinates>
        </Point>
      </Placemark>
      <Placemark>
        <name>Aus Fountain - Month 6</name>
        <description>Waterhole: Aus Fountain, Month: 6, Time: 2010-06-02 13:00:00, Lon: 16.195464, Lat: -19.199398</description>
        <styleUrl>#month6_style</styleUrl>
        <Point>
          <coordinates>16.195464,-19.199398,0</coordinates>
        </Point>
      </Placemark>
      <Placemark>
        <name>Aus Fountain - Month 6</name>
        <description>Waterhole: Aus Fountain, Month: 6, Time: 2010-06-02 13:20:00, Lon: 16.195318, Lat: -19.197211</description>
        <styleUrl>#month6_style</styleUrl>
        <Point>
          <coordinates>16.195318,-19.197211,0</coordinates>
        </Point>
      </Placemark>
      <Placemark>
        <name>Aus Fountain - Month 6</name>
        <description>Waterhole: Aus Fountain, Month: 6, Time: 2010-06-03 14:20:00, Lon: 16.197675, Lat: -19.197481</description>
        <styleUrl>#month6_style</styleUrl>
        <Point>
          <coordinates>16.197675,-19.197481,0</coordinates>
        </Point>
      </Placemark>
      <Placemark>
        <name>Aus Fountain - Month 6</name>
        <description>Waterhole: Aus Fountain, Month: 6, Time: 2010-06-03 14:40:00, Lon: 16.195926, Lat: -19.200635</description>
        <styleUrl>#month6_style</styleUrl>
        <Point>
          <coordinates>16.195926,-19.200635,0</coordinates>
        </Point>
      </Placemark>
      <Placemark>
        <name>Aus Fountain - Month 6</name>
        <description>Waterhole: Aus Fountain, Month: 6, Time: 2010-06-03 15:00:00, Lon: 16.193409, Lat: -19.205320</description>
        <styleUrl>#month6_style</styleUrl>
        <Point>
          <coordinates>16.193409,-19.205320,0</coordinates>
        </Point>
      </Placemark>
      <Placemark>
        <name>Aus Fountain - Month 6</name>
        <description>Waterhole: Aus Fountain, Month: 6, Time: 2010-06-03 15:20:00, Lon: 16.193512, Lat: -19.205259</description>
        <styleUrl>#month6_style</styleUrl>
        <Point>
          <coordinates>16.193512,-19.205259,0</coordinates>
        </Point>
      </Placemark>
      <Placemark>
        <name>Aus Fountain - Month 6</name>
        <description>Waterhole: Aus Fountain, Month: 6, Time: 2010-06-03 15:40:00, Lon: 16.193301, Lat: -19.205316</description>
        <styleUrl>#month6_style</styleUrl>
        <Point>
          <coordinates>16.193301,-19.205316,0</coordinates>
        </Point>
      </Placemark>
      <Placemark>
        <name>Aus Fountain - Month 6</name>
        <description>Waterhole: Aus Fountain, Month: 6, Time: 2010-06-03 16:00:00, Lon: 16.193537, Lat: -19.204946</description>
        <styleUrl>#month6_style</styleUrl>
        <Point>
          <coordinates>16.193537,-19.204946,0</coordinates>
        </Point>
      </Placemark>
      <Placemark>
        <name>Aus Fountain - Month 6</name>
        <description>Waterhole: Aus Fountain, Month: 6, Time: 2010-06-03 16:20:00, Lon: 16.193713, Lat: -19.204883</description>
        <styleUrl>#month6_style</styleUrl>
        <Point>
          <coordinates>16.193713,-19.204883,0</coordinates>
        </Point>
      </Placemark>
      <Placemark>
        <name>Aus Fountain - Month 6</name>
        <description>Waterhole: Aus Fountain, Month: 6, Time: 2010-06-03 16:40:00, Lon: 16.193521, Lat: -19.205385</description>
        <styleUrl>#month6_style</styleUrl>
        <Point>
          <coordinates>16.193521,-19.205385,0</coordinates>
        </Point>
      </Placemark>
      <Placemark>
        <name>Aus Fountain - Month 6</name>
        <description>Waterhole: Aus Fountain, Month: 6, Time: 2010-06-03 17:00:00, Lon: 16.193780, Lat: -19.203733</description>
        <styleUrl>#month6_style</styleUrl>
        <Point>
          <coordinates>16.193780,-19.203733,0</coordinates>
        </Point>
      </Placemark>
      <Placemark>
        <name>Aus Fountain - Month 6</name>
        <description>Waterhole: Aus Fountain, Month: 6, Time: 2010-06-03 17:20:00, Lon: 16.194229, Lat: -19.202297</description>
        <styleUrl>#month6_style</styleUrl>
        <Point>
          <coordinates>16.194229,-19.202297,0</coordinates>
        </Point>
      </Placemark>
      <Placemark>
        <name>Aus Fountain - Month 6</name>
        <description>Waterhole: Aus Fountain, Month: 6, Time: 2010-06-03 17:40:00, Lon: 16.194133, Lat: -19.199538</description>
        <styleUrl>#month6_style</styleUrl>
        <Point>
          <coordinates>16.194133,-19.199538,0</coordinates>
        </Point>
      </Placemark>
      <Placemark>
        <name>Aus Fountain - Month 6</name>
        <description>Waterhole: Aus Fountain, Month: 6, Time: 2010-06-03 18:00:00, Lon: 16.193879, Lat: -19.197231</description>
        <styleUrl>#month6_style</styleUrl>
        <Point>
          <coordinates>16.193879,-19.197231,0</coordinates>
        </Point>
      </Placemark>
      <Placemark>
        <name>Aus Fountain - Month 6</name>
        <description>Waterhole: Aus Fountain, Month: 6, Time: 2010-06-03 18:20:00, Lon: 16.193670, Lat: -19.196423</description>
        <styleUrl>#month6_style</styleUrl>
        <Point>
          <coordinates>16.193670,-19.196423,0</coordinates>
        </Point>
      </Placemark>
      <Placemark>
        <name>Aus Fountain - Month 6</name>
        <description>Waterhole: Aus Fountain, Month: 6, Time: 2010-06-04 19:20:00, Lon: 16.193877, Lat: -19.200480</description>
        <styleUrl>#month6_style</styleUrl>
        <Point>
          <coordinates>16.193877,-19.200480,0</coordinates>
        </Point>
      </Placemark>
      <Placemark>
        <name>Aus Fountain - Month 6</name>
        <description>Waterhole: Aus Fountain, Month: 6, Time: 2010-06-04 19:40:00, Lon: 16.193330, Lat: -19.205446</description>
        <styleUrl>#month6_style</styleUrl>
        <Point>
          <coordinates>16.193330,-19.205446,0</coordinates>
        </Point>
      </Placemark>
      <Placemark>
        <name>Aus Fountain - Month 6</name>
        <description>Waterhole: Aus Fountain, Month: 6, Time: 2010-06-04 20:00:00, Lon: 16.190984, Lat: -19.203735</description>
        <styleUrl>#month6_style</styleUrl>
        <Point>
          <coordinates>16.190984,-19.203735,0</coordinates>
        </Point>
      </Placemark>
      <Placemark>
        <name>Aus Fountain - Month 6</name>
        <description>Waterhole: Aus Fountain, Month: 6, Time: 2010-06-04 20:21:00, Lon: 16.189850, Lat: -19.204439</description>
        <styleUrl>#month6_style</styleUrl>
        <Point>
          <coordinates>16.189850,-19.204439,0</coordinates>
        </Point>
      </Placemark>
      <Placemark>
        <name>Aus Fountain - Month 6</name>
        <description>Waterhole: Aus Fountain, Month: 6, Time: 2010-06-04 20:40:00, Lon: 16.189537, Lat: -19.204572</description>
        <styleUrl>#month6_style</styleUrl>
        <Point>
          <coordinates>16.189537,-19.204572,0</coordinates>
        </Point>
      </Placemark>
      <Placemark>
        <name>Aus Fountain - Month 6</name>
        <description>Waterhole: Aus Fountain, Month: 6, Time: 2010-06-04 21:00:00, Lon: 16.188426, Lat: -19.205048</description>
        <styleUrl>#month6_style</styleUrl>
        <Point>
          <coordinates>16.188426,-19.205048,0</coordinates>
        </Point>
      </Placemark>
      <Placemark>
        <name>Aus Fountain - Month 6</name>
        <description>Waterhole: Aus Fountain, Month: 6, Time: 2010-06-04 21:20:00, Lon: 16.186664, Lat: -19.205212</description>
        <styleUrl>#month6_style</styleUrl>
        <Point>
          <coordinates>16.186664,-19.205212,0</coordinates>
        </Point>
      </Placemark>
      <Placemark>
        <name>Aus Fountain - Month 6</name>
        <description>Waterhole: Aus Fountain, Month: 6, Time: 2010-06-04 21:40:00, Lon: 16.186232, Lat: -19.205811</description>
        <styleUrl>#month6_style</styleUrl>
        <Point>
          <coordinates>16.186232,-19.205811,0</coordinates>
        </Point>
      </Placemark>
      <Placemark>
        <name>Aus Fountain - Month 6</name>
        <description>Waterhole: Aus Fountain, Month: 6, Time: 2010-06-04 22:00:00, Lon: 16.185902, Lat: -19.206403</description>
        <styleUrl>#month6_style</styleUrl>
        <Point>
          <coordinates>16.185902,-19.206403,0</coordinates>
        </Point>
      </Placemark>
      <Placemark>
        <name>Aus Fountain - Month 6</name>
        <description>Waterhole: Aus Fountain, Month: 6, Time: 2010-06-04 22:20:00, Lon: 16.184929, Lat: -19.206702</description>
        <styleUrl>#month6_style</styleUrl>
        <Point>
          <coordinates>16.184929,-19.206702,0</coordinates>
        </Point>
      </Placemark>
      <Placemark>
        <name>Aus Fountain - Month 6</name>
        <description>Waterhole: Aus Fountain, Month: 6, Time: 2010-06-04 22:40:00, Lon: 16.184756, Lat: -19.207290</description>
        <styleUrl>#month6_style</styleUrl>
        <Point>
          <coordinates>16.184756,-19.207290,0</coordinates>
        </Point>
      </Placemark>
      <Placemark>
        <name>Aus Fountain - Month 6</name>
        <description>Waterhole: Aus Fountain, Month: 6, Time: 2010-06-05 08:20:00, Lon: 16.184964, Lat: -19.208413</description>
        <styleUrl>#month6_style</styleUrl>
        <Point>
          <coordinates>16.184964,-19.208413,0</coordinates>
        </Point>
      </Placemark>
      <Placemark>
        <name>Aus Fountain - Month 6</name>
        <description>Waterhole: Aus Fountain, Month: 6, Time: 2010-06-05 08:40:00, Lon: 16.189735, Lat: -19.206748</description>
        <styleUrl>#month6_style</styleUrl>
        <Point>
          <coordinates>16.189735,-19.206748,0</coordinates>
        </Point>
      </Placemark>
      <Placemark>
        <name>Aus Fountain - Month 6</name>
        <description>Waterhole: Aus Fountain, Month: 6, Time: 2010-06-05 09:00:00, Lon: 16.192553, Lat: -19.205550</description>
        <styleUrl>#month6_style</styleUrl>
        <Point>
          <coordinates>16.192553,-19.205550,0</coordinates>
        </Point>
      </Placemark>
      <Placemark>
        <name>Aus Fountain - Month 6</name>
        <description>Waterhole: Aus Fountain, Month: 6, Time: 2010-06-05 09:20:00, Lon: 16.193289, Lat: -19.205314</description>
        <styleUrl>#month6_style</styleUrl>
        <Point>
          <coordinates>16.193289,-19.205314,0</coordinates>
        </Point>
      </Placemark>
      <Placemark>
        <name>Aus Fountain - Month 6</name>
        <description>Waterhole: Aus Fountain, Month: 6, Time: 2010-06-05 09:40:00, Lon: 16.193035, Lat: -19.205619</description>
        <styleUrl>#month6_style</styleUrl>
        <Point>
          <coordinates>16.193035,-19.205619,0</coordinates>
        </Point>
      </Placemark>
      <Placemark>
        <name>Aus Fountain - Month 6</name>
        <description>Waterhole: Aus Fountain, Month: 6, Time: 2010-06-05 10:00:00, Lon: 16.193157, Lat: -19.205194</description>
        <styleUrl>#month6_style</styleUrl>
        <Point>
          <coordinates>16.193157,-19.205194,0</coordinates>
        </Point>
      </Placemark>
      <Placemark>
        <name>Aus Fountain - Month 6</name>
        <description>Waterhole: Aus Fountain, Month: 6, Time: 2010-06-05 10:20:00, Lon: 16.190778, Lat: -19.203691</description>
        <styleUrl>#month6_style</styleUrl>
        <Point>
          <coordinates>16.190778,-19.203691,0</coordinates>
        </Point>
      </Placemark>
      <Placemark>
        <name>Aus Fountain - Month 6</name>
        <description>Waterhole: Aus Fountain, Month: 6, Time: 2010-06-05 10:40:00, Lon: 16.189029, Lat: -19.202677</description>
        <styleUrl>#month6_style</styleUrl>
        <Point>
          <coordinates>16.189029,-19.202677,0</coordinates>
        </Point>
      </Placemark>
      <Placemark>
        <name>Aus Fountain - Month 6</name>
        <description>Waterhole: Aus Fountain, Month: 6, Time: 2010-06-05 11:00:00, Lon: 16.187265, Lat: -19.201453</description>
        <styleUrl>#month6_style</styleUrl>
        <Point>
          <coordinates>16.187265,-19.201453,0</coordinates>
        </Point>
      </Placemark>
      <Placemark>
        <name>Aus Fountain - Month 6</name>
        <description>Waterhole: Aus Fountain, Month: 6, Time: 2010-06-05 11:20:00, Lon: 16.186541, Lat: -19.201300</description>
        <styleUrl>#month6_style</styleUrl>
        <Point>
          <coordinates>16.186541,-19.201300,0</coordinates>
        </Point>
      </Placemark>
      <Placemark>
        <name>Aus Fountain - Month 6</name>
        <description>Waterhole: Aus Fountain, Month: 6, Time: 2010-06-05 11:40:00, Lon: 16.186133, Lat: -19.201196</description>
        <styleUrl>#month6_style</styleUrl>
        <Point>
          <coordinates>16.186133,-19.201196,0</coordinates>
        </Point>
      </Placemark>
      <Placemark>
        <name>Aus Fountain - Month 6</name>
        <description>Waterhole: Aus Fountain, Month: 6, Time: 2010-06-05 12:00:00, Lon: 16.185947, Lat: -19.201009</description>
        <styleUrl>#month6_style</styleUrl>
        <Point>
          <coordinates>16.185947,-19.201009,0</coordinates>
        </Point>
      </Placemark>
      <Placemark>
        <name>Aus Fountain - Month 6</name>
        <description>Waterhole: Aus Fountain, Month: 6, Time: 2010-06-05 12:20:00, Lon: 16.185159, Lat: -19.201194</description>
        <styleUrl>#month6_style</styleUrl>
        <Point>
          <coordinates>16.185159,-19.201194,0</coordinates>
        </Point>
      </Placemark>
      <Placemark>
        <name>Olifantsbad Waterhole - Month 6</name>
        <description>Waterhole: Olifantsbad Waterhole, Month: 6, Time: 2010-06-06 09:40:00, Lon: 16.134170, Lat: -19.238110</description>
        <styleUrl>#month6_style</styleUrl>
        <Point>
          <coordinates>16.134170,-19.238110,0</coordinates>
        </Point>
      </Placemark>
      <Placemark>
        <name>Olifantsbad Waterhole - Month 6</name>
        <description>Waterhole: Olifantsbad Waterhole, Month: 6, Time: 2010-06-06 10:00:00, Lon: 16.131649, Lat: -19.238293</description>
        <styleUrl>#month6_style</styleUrl>
        <Point>
          <coordinates>16.131649,-19.238293,0</coordinates>
        </Point>
      </Placemark>
      <Placemark>
        <name>Olifantsbad Waterhole - Month 6</name>
        <description>Waterhole: Olifantsbad Waterhole, Month: 6, Time: 2010-06-06 10:20:00, Lon: 16.131611, Lat: -19.238190</description>
        <styleUrl>#month6_style</styleUrl>
        <Point>
          <coordinates>16.131611,-19.238190,0</coordinates>
        </Point>
      </Placemark>
      <Placemark>
        <name>Olifantsbad Waterhole - Month 6</name>
        <description>Waterhole: Olifantsbad Waterhole, Month: 6, Time: 2010-06-06 10:40:00, Lon: 16.131626, Lat: -19.238222</description>
        <styleUrl>#month6_style</styleUrl>
        <Point>
          <coordinates>16.131626,-19.238222,0</coordinates>
        </Point>
      </Placemark>
      <Placemark>
        <name>Olifantsbad Waterhole - Month 6</name>
        <description>Waterhole: Olifantsbad Waterhole, Month: 6, Time: 2010-06-06 11:00:00, Lon: 16.131653, Lat: -19.238477</description>
        <styleUrl>#month6_style</styleUrl>
        <Point>
          <coordinates>16.131653,-19.238477,0</coordinates>
        </Point>
      </Placemark>
      <Placemark>
        <name>Olifantsbad Waterhole - Month 6</name>
        <description>Waterhole: Olifantsbad Waterhole, Month: 6, Time: 2010-06-06 11:20:00, Lon: 16.131708, Lat: -19.238479</description>
        <styleUrl>#month6_style</styleUrl>
        <Point>
          <coordinates>16.131708,-19.238479,0</coordinates>
        </Point>
      </Placemark>
      <Placemark>
        <name>Olifantsbad Waterhole - Month 6</name>
        <description>Waterhole: Olifantsbad Waterhole, Month: 6, Time: 2010-06-06 11:40:00, Lon: 16.132304, Lat: -19.234955</description>
        <styleUrl>#month6_style</styleUrl>
        <Point>
          <coordinates>16.132304,-19.234955,0</coordinates>
        </Point>
      </Placemark>
      <Placemark>
        <name>Olifantsbad Waterhole - Month 6</name>
        <description>Waterhole: Olifantsbad Waterhole, Month: 6, Time: 2010-06-06 12:00:00, Lon: 16.130445, Lat: -19.230371</description>
        <styleUrl>#month6_style</styleUrl>
        <Point>
          <coordinates>16.130445,-19.230371,0</coordinates>
        </Point>
      </Placemark>
      <Placemark>
        <name>Olifantsbad Waterhole - Month 6</name>
        <description>Waterhole: Olifantsbad Waterhole, Month: 6, Time: 2010-06-06 16:20:00, Lon: 16.127349, Lat: -19.232674</description>
        <styleUrl>#month6_style</styleUrl>
        <Point>
          <coordinates>16.127349,-19.232674,0</coordinates>
        </Point>
      </Placemark>
      <Placemark>
        <name>Olifantsbad Waterhole - Month 6</name>
        <description>Waterhole: Olifantsbad Waterhole, Month: 6, Time: 2010-06-06 16:40:00, Lon: 16.129722, Lat: -19.236401</description>
        <styleUrl>#month6_style</styleUrl>
        <Point>
          <coordinates>16.129722,-19.236401,0</coordinates>
        </Point>
      </Placemark>
      <Placemark>
        <name>Olifantsbad Waterhole - Month 6</name>
        <description>Waterhole: Olifantsbad Waterhole, Month: 6, Time: 2010-06-06 17:00:00, Lon: 16.131529, Lat: -19.238686</description>
        <styleUrl>#month6_style</styleUrl>
        <Point>
          <coordinates>16.131529,-19.238686,0</coordinates>
        </Point>
      </Placemark>
      <Placemark>
        <name>Olifantsbad Waterhole - Month 6</name>
        <description>Waterhole: Olifantsbad Waterhole, Month: 6, Time: 2010-06-06 17:20:00, Lon: 16.133412, Lat: -19.237655</description>
        <styleUrl>#month6_style</styleUrl>
        <Point>
          <coordinates>16.133412,-19.237655,0</coordinates>
        </Point>
      </Placemark>
      <Placemark>
        <name>Olifantsbad Waterhole - Month 6</name>
        <description>Waterhole: Olifantsbad Waterhole, Month: 6, Time: 2010-06-07 16:20:00, Lon: 16.132854, Lat: -19.238041</description>
        <styleUrl>#month6_style</styleUrl>
        <Point>
          <coordinates>16.132854,-19.238041,0</coordinates>
        </Point>
      </Placemark>
      <Placemark>
        <name>Olifantsbad Waterhole - Month 6</name>
        <description>Waterhole: Olifantsbad Waterhole, Month: 6, Time: 2010-06-07 16:40:00, Lon: 16.131657, Lat: -19.238684</description>
        <styleUrl>#month6_style</styleUrl>
        <Point>
          <coordinates>16.131657,-19.238684,0</coordinates>
        </Point>
      </Placemark>
      <Placemark>
        <name>Olifantsbad Waterhole - Month 6</name>
        <description>Waterhole: Olifantsbad Waterhole, Month: 6, Time: 2010-06-07 17:00:00, Lon: 16.136396, Lat: -19.237120</description>
        <styleUrl>#month6_style</styleUrl>
        <Point>
          <coordinates>16.136396,-19.237120,0</coordinates>
        </Point>
      </Placemark>
      <Placemark>
        <name>Olifantsbad Waterhole - Month 6</name>
        <description>Waterhole: Olifantsbad Waterhole, Month: 6, Time: 2010-06-07 17:20:00, Lon: 16.138383, Lat: -19.237925</description>
        <styleUrl>#month6_style</styleUrl>
        <Point>
          <coordinates>16.138383,-19.237925,0</coordinates>
        </Point>
      </Placemark>
      <Placemark>
        <name>Olifantsbad Waterhole - Month 6</name>
        <description>Waterhole: Olifantsbad Waterhole, Month: 6, Time: 2010-06-08 17:40:00, Lon: 16.131620, Lat: -19.238481</description>
        <styleUrl>#month6_style</styleUrl>
        <Point>
          <coordinates>16.131620,-19.238481,0</coordinates>
        </Point>
      </Placemark>
      <Placemark>
        <name>Olifantsbad Waterhole - Month 6</name>
        <description>Waterhole: Olifantsbad Waterhole, Month: 6, Time: 2010-06-08 18:00:00, Lon: 16.129137, Lat: -19.238668</description>
        <styleUrl>#month6_style</styleUrl>
        <Point>
          <coordinates>16.129137,-19.238668,0</coordinates>
        </Point>
      </Placemark>
      <Placemark>
        <name>Olifantsbad Waterhole - Month 6</name>
        <description>Waterhole: Olifantsbad Waterhole, Month: 6, Time: 2010-06-08 18:20:00, Lon: 16.123718, Lat: -19.238479</description>
        <styleUrl>#month6_style</styleUrl>
        <Point>
          <coordinates>16.123718,-19.238479,0</coordinates>
        </Point>
      </Placemark>
      <Placemark>
        <name>Olifantsbad Waterhole - Month 6</name>
        <description>Waterhole: Olifantsbad Waterhole, Month: 6, Time: 2010-06-09 10:00:00, Lon: 16.125774, Lat: -19.244027</description>
        <styleUrl>#month6_style</styleUrl>
        <Point>
          <coordinates>16.125774,-19.244027,0</coordinates>
        </Point>
      </Placemark>
      <Placemark>
        <name>Olifantsbad Waterhole - Month 6</name>
        <description>Waterhole: Olifantsbad Waterhole, Month: 6, Time: 2010-06-09 10:20:00, Lon: 16.131403, Lat: -19.239569</description>
        <styleUrl>#month6_style</styleUrl>
        <Point>
          <coordinates>16.131403,-19.239569,0</coordinates>
        </Point>
      </Placemark>
      <Placemark>
        <name>Olifantsbad Waterhole - Month 6</name>
        <description>Waterhole: Olifantsbad Waterhole, Month: 6, Time: 2010-06-09 10:40:00, Lon: 16.127125, Lat: -19.234829</description>
        <styleUrl>#month6_style</styleUrl>
        <Point>
          <coordinates>16.127125,-19.234829,0</coordinates>
        </Point>
      </Placemark>
      <Placemark>
        <name>Olifantsbad Waterhole - Month 6</name>
        <description>Waterhole: Olifantsbad Waterhole, Month: 6, Time: 2010-06-10 17:20:00, Lon: 16.130886, Lat: -19.241250</description>
        <styleUrl>#month6_style</styleUrl>
        <Point>
          <coordinates>16.130886,-19.241250,0</coordinates>
        </Point>
      </Placemark>
      <Placemark>
        <name>Olifantsbad Waterhole - Month 6</name>
        <description>Waterhole: Olifantsbad Waterhole, Month: 6, Time: 2010-06-10 17:40:00, Lon: 16.131554, Lat: -19.238719</description>
        <styleUrl>#month6_style</styleUrl>
        <Point>
          <coordinates>16.131554,-19.238719,0</coordinates>
        </Point>
      </Placemark>
      <Placemark>
        <name>Olifantsbad Waterhole - Month 6</name>
        <description>Waterhole: Olifantsbad Waterhole, Month: 6, Time: 2010-06-10 18:00:00, Lon: 16.127588, Lat: -19.238621</description>
        <styleUrl>#month6_style</styleUrl>
        <Point>
          <coordinates>16.127588,-19.238621,0</coordinates>
        </Point>
      </Placemark>
      <Placemark>
        <name>Olifantsbad Waterhole - Month 6</name>
        <description>Waterhole: Olifantsbad Waterhole, Month: 6, Time: 2010-06-11 17:40:00, Lon: 16.129593, Lat: -19.242143</description>
        <styleUrl>#month6_style</styleUrl>
        <Point>
          <coordinates>16.129593,-19.242143,0</coordinates>
        </Point>
      </Placemark>
      <Placemark>
        <name>Olifantsbad Waterhole - Month 6</name>
        <description>Waterhole: Olifantsbad Waterhole, Month: 6, Time: 2010-06-11 18:00:00, Lon: 16.131576, Lat: -19.238731</description>
        <styleUrl>#month6_style</styleUrl>
        <Point>
          <coordinates>16.131576,-19.238731,0</coordinates>
        </Point>
      </Placemark>
      <Placemark>
        <name>Olifantsbad Waterhole - Month 6</name>
        <description>Waterhole: Olifantsbad Waterhole, Month: 6, Time: 2010-06-11 18:20:00, Lon: 16.127605, Lat: -19.238621</description>
        <styleUrl>#month6_style</styleUrl>
        <Point>
          <coordinates>16.127605,-19.238621,0</coordinates>
        </Point>
      </Placemark>
      <Placemark>
        <name>Olifantsbad Waterhole - Month 6</name>
        <description>Waterhole: Olifantsbad Waterhole, Month: 6, Time: 2010-06-13 16:20:00, Lon: 16.128916, Lat: -19.244836</description>
        <styleUrl>#month6_style</styleUrl>
        <Point>
          <coordinates>16.128916,-19.244836,0</coordinates>
        </Point>
      </Placemark>
      <Placemark>
        <name>Olifantsbad Waterhole - Month 6</name>
        <description>Waterhole: Olifantsbad Waterhole, Month: 6, Time: 2010-06-13 16:40:00, Lon: 16.131720, Lat: -19.238509</description>
        <styleUrl>#month6_style</styleUrl>
        <Point>
          <coordinates>16.131720,-19.238509,0</coordinates>
        </Point>
      </Placemark>
      <Placemark>
        <name>Olifantsbad Waterhole - Month 6</name>
        <description>Waterhole: Olifantsbad Waterhole, Month: 6, Time: 2010-06-13 17:00:00, Lon: 16.131732, Lat: -19.238629</description>
        <styleUrl>#month6_style</styleUrl>
        <Point>
          <coordinates>16.131732,-19.238629,0</coordinates>
        </Point>
      </Placemark>
      <Placemark>
        <name>Olifantsbad Waterhole - Month 6</name>
        <description>Waterhole: Olifantsbad Waterhole, Month: 6, Time: 2010-06-13 17:20:00, Lon: 16.126237, Lat: -19.238621</description>
        <styleUrl>#month6_style</styleUrl>
        <Point>
          <coordinates>16.126237,-19.238621,0</coordinates>
        </Point>
      </Placemark>
      <Placemark>
        <name>Olifantsbad Waterhole - Month 6</name>
        <description>Waterhole: Olifantsbad Waterhole, Month: 6, Time: 2010-06-15 00:20:00, Lon: 16.126511, Lat: -19.243941</description>
        <styleUrl>#month6_style</styleUrl>
        <Point>
          <coordinates>16.126511,-19.243941,0</coordinates>
        </Point>
      </Placemark>
      <Placemark>
        <name>Olifantsbad Waterhole - Month 6</name>
        <description>Waterhole: Olifantsbad Waterhole, Month: 6, Time: 2010-06-15 00:40:00, Lon: 16.131716, Lat: -19.238458</description>
        <styleUrl>#month6_style</styleUrl>
        <Point>
          <coordinates>16.131716,-19.238458,0</coordinates>
        </Point>
      </Placemark>
      <Placemark>
        <name>Olifantsbad Waterhole - Month 6</name>
        <description>Waterhole: Olifantsbad Waterhole, Month: 6, Time: 2010-06-15 01:00:00, Lon: 16.130210, Lat: -19.234165</description>
        <styleUrl>#month6_style</styleUrl>
        <Point>
          <coordinates>16.130210,-19.234165,0</coordinates>
        </Point>
      </Placemark>
      <Placemark>
        <name>Olifantsbad Waterhole - Month 6</name>
        <description>Waterhole: Olifantsbad Waterhole, Month: 6, Time: 2010-06-15 01:20:00, Lon: 16.127832, Lat: -19.231746</description>
        <styleUrl>#month6_style</styleUrl>
        <Point>
          <coordinates>16.127832,-19.231746,0</coordinates>
        </Point>
      </Placemark>
      <Placemark>
        <name>Olifantsbad Waterhole - Month 6</name>
        <description>Waterhole: Olifantsbad Waterhole, Month: 6, Time: 2010-06-16 12:00:00, Lon: 16.129032, Lat: -19.230754</description>
        <styleUrl>#month6_style</styleUrl>
        <Point>
          <coordinates>16.129032,-19.230754,0</coordinates>
        </Point>
      </Placemark>
      <Placemark>
        <name>Olifantsbad Waterhole - Month 6</name>
        <description>Waterhole: Olifantsbad Waterhole, Month: 6, Time: 2010-06-16 12:20:00, Lon: 16.129069, Lat: -19.230790</description>
        <styleUrl>#month6_style</styleUrl>
        <Point>
          <coordinates>16.129069,-19.230790,0</coordinates>
        </Point>
      </Placemark>
      <Placemark>
        <name>Olifantsbad Waterhole - Month 6</name>
        <description>Waterhole: Olifantsbad Waterhole, Month: 6, Time: 2010-06-16 12:40:00, Lon: 16.129397, Lat: -19.231474</description>
        <styleUrl>#month6_style</styleUrl>
        <Point>
          <coordinates>16.129397,-19.231474,0</coordinates>
        </Point>
      </Placemark>
      <Placemark>
        <name>Olifantsbad Waterhole - Month 6</name>
        <description>Waterhole: Olifantsbad Waterhole, Month: 6, Time: 2010-06-16 13:00:00, Lon: 16.131720, Lat: -19.238615</description>
        <styleUrl>#month6_style</styleUrl>
        <Point>
          <coordinates>16.131720,-19.238615,0</coordinates>
        </Point>
      </Placemark>
      <Placemark>
        <name>Olifantsbad Waterhole - Month 6</name>
        <description>Waterhole: Olifantsbad Waterhole, Month: 6, Time: 2010-06-16 13:20:00, Lon: 16.131728, Lat: -19.238477</description>
        <styleUrl>#month6_style</styleUrl>
        <Point>
          <coordinates>16.131728,-19.238477,0</coordinates>
        </Point>
      </Placemark>
      <Placemark>
        <name>Olifantsbad Waterhole - Month 6</name>
        <description>Waterhole: Olifantsbad Waterhole, Month: 6, Time: 2010-06-16 13:40:00, Lon: 16.132351, Lat: -19.241496</description>
        <styleUrl>#month6_style</styleUrl>
        <Point>
          <coordinates>16.132351,-19.241496,0</coordinates>
        </Point>
      </Placemark>
      <Placemark>
        <name>Olifantsbad Waterhole - Month 6</name>
        <description>Waterhole: Olifantsbad Waterhole, Month: 6, Time: 2010-06-16 14:00:00, Lon: 16.133050, Lat: -19.243829</description>
        <styleUrl>#month6_style</styleUrl>
        <Point>
          <coordinates>16.133050,-19.243829,0</coordinates>
        </Point>
      </Placemark>
      <Placemark>
        <name>Olifantsbad Waterhole - Month 6</name>
        <description>Waterhole: Olifantsbad Waterhole, Month: 6, Time: 2010-06-16 14:20:00, Lon: 16.133550, Lat: -19.244448</description>
        <styleUrl>#month6_style</styleUrl>
        <Point>
          <coordinates>16.133550,-19.244448,0</coordinates>
        </Point>
      </Placemark>
      <Placemark>
        <name>Olifantsbad Waterhole - Month 6</name>
        <description>Waterhole: Olifantsbad Waterhole, Month: 6, Time: 2010-06-16 14:40:00, Lon: 16.134054, Lat: -19.245662</description>
        <styleUrl>#month6_style</styleUrl>
        <Point>
          <coordinates>16.134054,-19.245662,0</coordinates>
        </Point>
      </Placemark>
      <Placemark>
        <name>Olifantsbad Waterhole - Month 6</name>
        <description>Waterhole: Olifantsbad Waterhole, Month: 6, Time: 2010-06-17 16:20:00, Lon: 16.134628, Lat: -19.245921</description>
        <styleUrl>#month6_style</styleUrl>
        <Point>
          <coordinates>16.134628,-19.245921,0</coordinates>
        </Point>
      </Placemark>
      <Placemark>
        <name>Olifantsbad Waterhole - Month 6</name>
        <description>Waterhole: Olifantsbad Waterhole, Month: 6, Time: 2010-06-17 16:40:00, Lon: 16.133510, Lat: -19.242891</description>
        <styleUrl>#month6_style</styleUrl>
        <Point>
          <coordinates>16.133510,-19.242891,0</coordinates>
        </Point>
      </Placemark>
      <Placemark>
        <name>Olifantsbad Waterhole - Month 6</name>
        <description>Waterhole: Olifantsbad Waterhole, Month: 6, Time: 2010-06-17 17:00:00, Lon: 16.131732, Lat: -19.238509</description>
        <styleUrl>#month6_style</styleUrl>
        <Point>
          <coordinates>16.131732,-19.238509,0</coordinates>
        </Point>
      </Placemark>
      <Placemark>
        <name>Olifantsbad Waterhole - Month 6</name>
        <description>Waterhole: Olifantsbad Waterhole, Month: 6, Time: 2010-06-17 17:20:00, Lon: 16.131521, Lat: -19.238727</description>
        <styleUrl>#month6_style</styleUrl>
        <Point>
          <coordinates>16.131521,-19.238727,0</coordinates>
        </Point>
      </Placemark>
      <Placemark>
        <name>Olifantsbad Waterhole - Month 6</name>
        <description>Waterhole: Olifantsbad Waterhole, Month: 6, Time: 2010-06-17 17:40:00, Lon: 16.135084, Lat: -19.243160</description>
        <styleUrl>#month6_style</styleUrl>
        <Point>
          <coordinates>16.135084,-19.243160,0</coordinates>
        </Point>
      </Placemark>
      <Placemark>
        <name>Olifantsbad Waterhole - Month 6</name>
        <description>Waterhole: Olifantsbad Waterhole, Month: 6, Time: 2010-06-18 21:40:00, Lon: 16.134081, Lat: -19.239473</description>
        <styleUrl>#month6_style</styleUrl>
        <Point>
          <coordinates>16.134081,-19.239473,0</coordinates>
        </Point>
      </Placemark>
      <Placemark>
        <name>Olifantsbad Waterhole - Month 6</name>
        <description>Waterhole: Olifantsbad Waterhole, Month: 6, Time: 2010-06-18 22:00:00, Lon: 16.129881, Lat: -19.237415</description>
        <styleUrl>#month6_style</styleUrl>
        <Point>
          <coordinates>16.129881,-19.237415,0</coordinates>
        </Point>
      </Placemark>
      <Placemark>
        <name>Olifantsbad Waterhole - Month 6</name>
        <description>Waterhole: Olifantsbad Waterhole, Month: 6, Time: 2010-06-18 22:20:00, Lon: 16.122145, Lat: -19.238283</description>
        <styleUrl>#month6_style</styleUrl>
        <Point>
          <coordinates>16.122145,-19.238283,0</coordinates>
        </Point>
      </Placemark>
      <Placemark>
        <name>Olifantsbad Waterhole - Month 6</name>
        <description>Waterhole: Olifantsbad Waterhole, Month: 6, Time: 2010-06-19 16:20:00, Lon: 16.125315, Lat: -19.238692</description>
        <styleUrl>#month6_style</styleUrl>
        <Point>
          <coordinates>16.125315,-19.238692,0</coordinates>
        </Point>
      </Placemark>
      <Placemark>
        <name>Olifantsbad Waterhole - Month 6</name>
        <description>Waterhole: Olifantsbad Waterhole, Month: 6, Time: 2010-06-19 16:40:00, Lon: 16.129339, Lat: -19.238709</description>
        <styleUrl>#month6_style</styleUrl>
        <Point>
          <coordinates>16.129339,-19.238709,0</coordinates>
        </Point>
      </Placemark>
      <Placemark>
        <name>Olifantsbad Waterhole - Month 6</name>
        <description>Waterhole: Olifantsbad Waterhole, Month: 6, Time: 2010-06-19 17:00:00, Lon: 16.131601, Lat: -19.238721</description>
        <styleUrl>#month6_style</styleUrl>
        <Point>
          <coordinates>16.131601,-19.238721,0</coordinates>
        </Point>
      </Placemark>
      <Placemark>
        <name>Olifantsbad Waterhole - Month 6</name>
        <description>Waterhole: Olifantsbad Waterhole, Month: 6, Time: 2010-06-19 17:20:00, Lon: 16.131571, Lat: -19.238739</description>
        <styleUrl>#month6_style</styleUrl>
        <Point>
          <coordinates>16.131571,-19.238739,0</coordinates>
        </Point>
      </Placemark>
      <Placemark>
        <name>Olifantsbad Waterhole - Month 6</name>
        <description>Waterhole: Olifantsbad Waterhole, Month: 6, Time: 2010-06-19 17:40:00, Lon: 16.134504, Lat: -19.239663</description>
        <styleUrl>#month6_style</styleUrl>
        <Point>
          <coordinates>16.134504,-19.239663,0</coordinates>
        </Point>
      </Placemark>
      <Placemark>
        <name>Olifantsbad Waterhole - Month 6</name>
        <description>Waterhole: Olifantsbad Waterhole, Month: 6, Time: 2010-06-19 18:00:00, Lon: 16.139030, Lat: -19.238615</description>
        <styleUrl>#month6_style</styleUrl>
        <Point>
          <coordinates>16.139030,-19.238615,0</coordinates>
        </Point>
      </Placemark>
      <Placemark>
        <name>Olifantsbad Waterhole - Month 6</name>
        <description>Waterhole: Olifantsbad Waterhole, Month: 6, Time: 2010-06-20 19:00:00, Lon: 16.133604, Lat: -19.237516</description>
        <styleUrl>#month6_style</styleUrl>
        <Point>
          <coordinates>16.133604,-19.237516,0</coordinates>
        </Point>
      </Placemark>
      <Placemark>
        <name>Olifantsbad Waterhole - Month 6</name>
        <description>Waterhole: Olifantsbad Waterhole, Month: 6, Time: 2010-06-20 19:20:00, Lon: 16.131748, Lat: -19.238548</description>
        <styleUrl>#month6_style</styleUrl>
        <Point>
          <coordinates>16.131748,-19.238548,0</coordinates>
        </Point>
      </Placemark>
      <Placemark>
        <name>Olifantsbad Waterhole - Month 6</name>
        <description>Waterhole: Olifantsbad Waterhole, Month: 6, Time: 2010-06-20 19:40:00, Lon: 16.130706, Lat: -19.234153</description>
        <styleUrl>#month6_style</styleUrl>
        <Point>
          <coordinates>16.130706,-19.234153,0</coordinates>
        </Point>
      </Placemark>
      <Placemark>
        <name>Olifantsbad Waterhole - Month 6</name>
        <description>Waterhole: Olifantsbad Waterhole, Month: 6, Time: 2010-06-20 20:00:00, Lon: 16.130552, Lat: -19.231445</description>
        <styleUrl>#month6_style</styleUrl>
        <Point>
          <coordinates>16.130552,-19.231445,0</coordinates>
        </Point>
      </Placemark>
      <Placemark>
        <name>Olifantsbad Waterhole - Month 6</name>
        <description>Waterhole: Olifantsbad Waterhole, Month: 6, Time: 2010-06-22 17:20:00, Lon: 16.131695, Lat: -19.238613</description>
        <styleUrl>#month6_style</styleUrl>
        <Point>
          <coordinates>16.131695,-19.238613,0</coordinates>
        </Point>
      </Placemark>
      <Placemark>
        <name>Olifantsbad Waterhole - Month 6</name>
        <description>Waterhole: Olifantsbad Waterhole, Month: 6, Time: 2010-06-22 17:40:00, Lon: 16.131754, Lat: -19.238599</description>
        <styleUrl>#month6_style</styleUrl>
        <Point>
          <coordinates>16.131754,-19.238599,0</coordinates>
        </Point>
      </Placemark>
      <Placemark>
        <name>Olifantsbad Waterhole - Month 6</name>
        <description>Waterhole: Olifantsbad Waterhole, Month: 6, Time: 2010-06-22 18:00:00, Lon: 16.136780, Lat: -19.235116</description>
        <styleUrl>#month6_style</styleUrl>
        <Point>
          <coordinates>16.136780,-19.235116,0</coordinates>
        </Point>
      </Placemark>
      <Placemark>
        <name>Aus Fountain - Month 6</name>
        <description>Waterhole: Aus Fountain, Month: 6, Time: 2010-06-23 18:00:00, Lon: 16.192915, Lat: -19.206169</description>
        <styleUrl>#month6_style</styleUrl>
        <Point>
          <coordinates>16.192915,-19.206169,0</coordinates>
        </Point>
      </Placemark>
      <Placemark>
        <name>Aus Fountain - Month 6</name>
        <description>Waterhole: Aus Fountain, Month: 6, Time: 2010-06-23 18:20:00, Lon: 16.193120, Lat: -19.208030</description>
        <styleUrl>#month6_style</styleUrl>
        <Point>
          <coordinates>16.193120,-19.208030,0</coordinates>
        </Point>
      </Placemark>
      <Placemark>
        <name>Aus Fountain - Month 6</name>
        <description>Waterhole: Aus Fountain, Month: 6, Time: 2010-06-23 18:40:00, Lon: 16.193580, Lat: -19.208374</description>
        <styleUrl>#month6_style</styleUrl>
        <Point>
          <coordinates>16.193580,-19.208374,0</coordinates>
        </Point>
      </Placemark>
      <Placemark>
        <name>Aus Fountain - Month 6</name>
        <description>Waterhole: Aus Fountain, Month: 6, Time: 2010-06-23 19:00:00, Lon: 16.192304, Lat: -19.209790</description>
        <styleUrl>#month6_style</styleUrl>
        <Point>
          <coordinates>16.192304,-19.209790,0</coordinates>
        </Point>
      </Placemark>
      <Placemark>
        <name>Olifantsbad Waterhole - Month 6</name>
        <description>Waterhole: Olifantsbad Waterhole, Month: 6, Time: 2010-06-23 21:00:00, Lon: 16.134974, Lat: -19.237128</description>
        <styleUrl>#month6_style</styleUrl>
        <Point>
          <coordinates>16.134974,-19.237128,0</coordinates>
        </Point>
      </Placemark>
      <Placemark>
        <name>Olifantsbad Waterhole - Month 6</name>
        <description>Waterhole: Olifantsbad Waterhole, Month: 6, Time: 2010-06-23 21:20:00, Lon: 16.128998, Lat: -19.242533</description>
        <styleUrl>#month6_style</styleUrl>
        <Point>
          <coordinates>16.128998,-19.242533,0</coordinates>
        </Point>
      </Placemark>
      <Placemark>
        <name>Ombika - Month 6</name>
        <description>Waterhole: Ombika, Month: 6, Time: 2010-06-24 19:20:00, Lon: 15.946373, Lat: -19.308508</description>
        <styleUrl>#month6_style</styleUrl>
        <Point>
          <coordinates>15.946373,-19.308508,0</coordinates>
        </Point>
      </Placemark>
      <Placemark>
        <name>Ombika - Month 6</name>
        <description>Waterhole: Ombika, Month: 6, Time: 2010-06-24 19:40:00, Lon: 15.941103, Lat: -19.316170</description>
        <styleUrl>#month6_style</styleUrl>
        <Point>
          <coordinates>15.941103,-19.316170,0</coordinates>
        </Point>
      </Placemark>
      <Placemark>
        <name>Ombika - Month 6</name>
        <description>Waterhole: Ombika, Month: 6, Time: 2010-06-24 20:00:00, Lon: 15.940488, Lat: -19.311395</description>
        <styleUrl>#month6_style</styleUrl>
        <Point>
          <coordinates>15.940488,-19.311395,0</coordinates>
        </Point>
      </Placemark>
      <Placemark>
        <name>Ombika - Month 6</name>
        <description>Waterhole: Ombika, Month: 6, Time: 2010-06-27 16:00:00, Lon: 15.936255, Lat: -19.314207</description>
        <styleUrl>#month6_style</styleUrl>
        <Point>
          <coordinates>15.936255,-19.314207,0</coordinates>
        </Point>
      </Placemark>
      <Placemark>
        <name>Ombika - Month 6</name>
        <description>Waterhole: Ombika, Month: 6, Time: 2010-06-27 16:20:00, Lon: 15.941090, Lat: -19.316172</description>
        <styleUrl>#month6_style</styleUrl>
        <Point>
          <coordinates>15.941090,-19.316172,0</coordinates>
        </Point>
      </Placemark>
      <Placemark>
        <name>Ombika - Month 6</name>
        <description>Waterhole: Ombika, Month: 6, Time: 2010-06-27 16:40:00, Lon: 15.941110, Lat: -19.316335</description>
        <styleUrl>#month6_style</styleUrl>
        <Point>
          <coordinates>15.941110,-19.316335,0</coordinates>
        </Point>
      </Placemark>
      <Placemark>
        <name>Ombika - Month 6</name>
        <description>Waterhole: Ombika, Month: 6, Time: 2010-06-27 17:00:00, Lon: 15.936694, Lat: -19.314998</description>
        <styleUrl>#month6_style</styleUrl>
        <Point>
          <coordinates>15.936694,-19.314998,0</coordinates>
        </Point>
      </Placemark>
      <Placemark>
        <name>Ombika - Month 6</name>
        <description>Waterhole: Ombika, Month: 6, Time: 2010-06-27 17:20:00, Lon: 15.933702, Lat: -19.313367</description>
        <styleUrl>#month6_style</styleUrl>
        <Point>
          <coordinates>15.933702,-19.313367,0</coordinates>
        </Point>
      </Placemark>
      <Placemark>
        <name>Ombika - Month 6</name>
        <description>Waterhole: Ombika, Month: 6, Time: 2010-06-28 20:20:00, Lon: 15.939418, Lat: -19.309774</description>
        <styleUrl>#month6_style</styleUrl>
        <Point>
          <coordinates>15.939418,-19.309774,0</coordinates>
        </Point>
      </Placemark>
      <Placemark>
        <name>Ombika - Month 6</name>
        <description>Waterhole: Ombika, Month: 6, Time: 2010-06-28 20:40:00, Lon: 15.941095, Lat: -19.315426</description>
        <styleUrl>#month6_style</styleUrl>
        <Point>
          <coordinates>15.941095,-19.315426,0</coordinates>
        </Point>
      </Placemark>
      <Placemark>
        <name>Ombika - Month 6</name>
        <description>Waterhole: Ombika, Month: 6, Time: 2010-06-28 21:00:00, Lon: 15.941066, Lat: -19.316182</description>
        <styleUrl>#month6_style</styleUrl>
        <Point>
          <coordinates>15.941066,-19.316182,0</coordinates>
        </Point>
      </Placemark>
      <Placemark>
        <name>Ombika - Month 6</name>
        <description>Waterhole: Ombika, Month: 6, Time: 2010-06-28 21:20:00, Lon: 15.939119, Lat: -19.308588</description>
        <styleUrl>#month6_style</styleUrl>
        <Point>
          <coordinates>15.939119,-19.308588,0</coordinates>
        </Point>
      </Placemark>
      <Placemark>
        <name>Ombika - Month 6</name>
        <description>Waterhole: Ombika, Month: 6, Time: 2010-06-29 20:40:00, Lon: 15.943021, Lat: -19.312187</description>
        <styleUrl>#month6_style</styleUrl>
        <Point>
          <coordinates>15.943021,-19.312187,0</coordinates>
        </Point>
      </Placemark>
      <Placemark>
        <name>Ombika - Month 6</name>
        <description>Waterhole: Ombika, Month: 6, Time: 2010-06-29 21:00:00, Lon: 15.941094, Lat: -19.316229</description>
        <styleUrl>#month6_style</styleUrl>
        <Point>
          <coordinates>15.941094,-19.316229,0</coordinates>
        </Point>
      </Placemark>
      <Placemark>
        <name>Ombika - Month 6</name>
        <description>Waterhole: Ombika, Month: 6, Time: 2010-06-29 21:20:00, Lon: 15.941370, Lat: -19.315763</description>
        <styleUrl>#month6_style</styleUrl>
        <Point>
          <coordinates>15.941370,-19.315763,0</coordinates>
        </Point>
      </Placemark>
      <Placemark>
        <name>Ombika - Month 6</name>
        <description>Waterhole: Ombika, Month: 6, Time: 2010-06-29 21:40:00, Lon: 15.941131, Lat: -19.314754</description>
        <styleUrl>#month6_style</styleUrl>
        <Point>
          <coordinates>15.941131,-19.314754,0</coordinates>
        </Point>
      </Placemark>
      <Placemark>
        <name>Ombika - Month 6</name>
        <description>Waterhole: Ombika, Month: 6, Time: 2010-06-29 22:00:00, Lon: 15.939144, Lat: -19.309198</description>
        <styleUrl>#month6_style</styleUrl>
        <Point>
          <coordinates>15.939144,-19.309198,0</coordinates>
        </Point>
      </Placemark>
      <Placemark>
        <name>Ombika - Month 7</name>
        <description>Waterhole: Ombika, Month: 7, Time: 2010-07-01 15:40:00, Lon: 15.936675, Lat: -19.314478</description>
        <styleUrl>#month7_style</styleUrl>
        <Point>
          <coordinates>15.936675,-19.314478,0</coordinates>
        </Point>
      </Placemark>
      <Placemark>
        <name>Ombika - Month 7</name>
        <description>Waterhole: Ombika, Month: 7, Time: 2010-07-01 16:00:00, Lon: 15.941104, Lat: -19.316215</description>
        <styleUrl>#month7_style</styleUrl>
        <Point>
          <coordinates>15.941104,-19.316215,0</coordinates>
        </Point>
      </Placemark>
      <Placemark>
        <name>Ombika - Month 7</name>
        <description>Waterhole: Ombika, Month: 7, Time: 2010-07-01 16:20:00, Lon: 15.938870, Lat: -19.316781</description>
        <styleUrl>#month7_style</styleUrl>
        <Point>
          <coordinates>15.938870,-19.316781,0</coordinates>
        </Point>
      </Placemark>
      <Placemark>
        <name>Ombika - Month 7</name>
        <description>Waterhole: Ombika, Month: 7, Time: 2010-07-01 16:40:00, Lon: 15.937656, Lat: -19.316252</description>
        <styleUrl>#month7_style</styleUrl>
        <Point>
          <coordinates>15.937656,-19.316252,0</coordinates>
        </Point>
      </Placemark>
      <Placemark>
        <name>Ombika - Month 7</name>
        <description>Waterhole: Ombika, Month: 7, Time: 2010-07-01 17:00:00, Lon: 15.933369, Lat: -19.319271</description>
        <styleUrl>#month7_style</styleUrl>
        <Point>
          <coordinates>15.933369,-19.319271,0</coordinates>
        </Point>
      </Placemark>
      <Placemark>
        <name>Ombika - Month 7</name>
        <description>Waterhole: Ombika, Month: 7, Time: 2010-07-01 18:20:00, Lon: 15.935398, Lat: -19.322689</description>
        <styleUrl>#month7_style</styleUrl>
        <Point>
          <coordinates>15.935398,-19.322689,0</coordinates>
        </Point>
      </Placemark>
      <Placemark>
        <name>Ombika - Month 7</name>
        <description>Waterhole: Ombika, Month: 7, Time: 2010-07-01 18:40:00, Lon: 15.936462, Lat: -19.321954</description>
        <styleUrl>#month7_style</styleUrl>
        <Point>
          <coordinates>15.936462,-19.321954,0</coordinates>
        </Point>
      </Placemark>
      <Placemark>
        <name>Ombika - Month 7</name>
        <description>Waterhole: Ombika, Month: 7, Time: 2010-07-01 19:00:00, Lon: 15.936792, Lat: -19.321696</description>
        <styleUrl>#month7_style</styleUrl>
        <Point>
          <coordinates>15.936792,-19.321696,0</coordinates>
        </Point>
      </Placemark>
      <Placemark>
        <name>Ombika - Month 7</name>
        <description>Waterhole: Ombika, Month: 7, Time: 2010-07-01 19:20:00, Lon: 15.937149, Lat: -19.320390</description>
        <styleUrl>#month7_style</styleUrl>
        <Point>
          <coordinates>15.937149,-19.320390,0</coordinates>
        </Point>
      </Placemark>
      <Placemark>
        <name>Ombika - Month 7</name>
        <description>Waterhole: Ombika, Month: 7, Time: 2010-07-01 19:40:00, Lon: 15.937401, Lat: -19.318854</description>
        <styleUrl>#month7_style</styleUrl>
        <Point>
          <coordinates>15.937401,-19.318854,0</coordinates>
        </Point>
      </Placemark>
      <Placemark>
        <name>Ombika - Month 7</name>
        <description>Waterhole: Ombika, Month: 7, Time: 2010-07-01 20:00:00, Lon: 15.941104, Lat: -19.316174</description>
        <styleUrl>#month7_style</styleUrl>
        <Point>
          <coordinates>15.941104,-19.316174,0</coordinates>
        </Point>
      </Placemark>
      <Placemark>
        <name>Ombika - Month 7</name>
        <description>Waterhole: Ombika, Month: 7, Time: 2010-07-01 20:20:00, Lon: 15.939595, Lat: -19.313694</description>
        <styleUrl>#month7_style</styleUrl>
        <Point>
          <coordinates>15.939595,-19.313694,0</coordinates>
        </Point>
      </Placemark>
      <Placemark>
        <name>Ombika - Month 7</name>
        <description>Waterhole: Ombika, Month: 7, Time: 2010-07-01 20:40:00, Lon: 15.937885, Lat: -19.310455</description>
        <styleUrl>#month7_style</styleUrl>
        <Point>
          <coordinates>15.937885,-19.310455,0</coordinates>
        </Point>
      </Placemark>
      <Placemark>
        <name>Ombika - Month 7</name>
        <description>Waterhole: Ombika, Month: 7, Time: 2010-07-02 22:20:00, Lon: 15.943437, Lat: -19.308606</description>
        <styleUrl>#month7_style</styleUrl>
        <Point>
          <coordinates>15.943437,-19.308606,0</coordinates>
        </Point>
      </Placemark>
      <Placemark>
        <name>Ombika - Month 7</name>
        <description>Waterhole: Ombika, Month: 7, Time: 2010-07-02 22:40:00, Lon: 15.943119, Lat: -19.312455</description>
        <styleUrl>#month7_style</styleUrl>
        <Point>
          <coordinates>15.943119,-19.312455,0</coordinates>
        </Point>
      </Placemark>
      <Placemark>
        <name>Ombika - Month 7</name>
        <description>Waterhole: Ombika, Month: 7, Time: 2010-07-02 23:00:00, Lon: 15.941483, Lat: -19.315108</description>
        <styleUrl>#month7_style</styleUrl>
        <Point>
          <coordinates>15.941483,-19.315108,0</coordinates>
        </Point>
      </Placemark>
      <Placemark>
        <name>Ombika - Month 7</name>
        <description>Waterhole: Ombika, Month: 7, Time: 2010-07-02 23:20:00, Lon: 15.941500, Lat: -19.315700</description>
        <styleUrl>#month7_style</styleUrl>
        <Point>
          <coordinates>15.941500,-19.315700,0</coordinates>
        </Point>
      </Placemark>
      <Placemark>
        <name>Ombika - Month 7</name>
        <description>Waterhole: Ombika, Month: 7, Time: 2010-07-02 23:40:00, Lon: 15.941047, Lat: -19.312415</description>
        <styleUrl>#month7_style</styleUrl>
        <Point>
          <coordinates>15.941047,-19.312415,0</coordinates>
        </Point>
      </Placemark>
      <Placemark>
        <name>Ombika - Month 7</name>
        <description>Waterhole: Ombika, Month: 7, Time: 2010-07-03 20:40:00, Lon: 15.940705, Lat: -19.311727</description>
        <styleUrl>#month7_style</styleUrl>
        <Point>
          <coordinates>15.940705,-19.311727,0</coordinates>
        </Point>
      </Placemark>
      <Placemark>
        <name>Ombika - Month 7</name>
        <description>Waterhole: Ombika, Month: 7, Time: 2010-07-03 21:00:00, Lon: 15.941089, Lat: -19.316197</description>
        <styleUrl>#month7_style</styleUrl>
        <Point>
          <coordinates>15.941089,-19.316197,0</coordinates>
        </Point>
      </Placemark>
      <Placemark>
        <name>Ombika - Month 7</name>
        <description>Waterhole: Ombika, Month: 7, Time: 2010-07-03 21:20:00, Lon: 15.934007, Lat: -19.313171</description>
        <styleUrl>#month7_style</styleUrl>
        <Point>
          <coordinates>15.934007,-19.313171,0</coordinates>
        </Point>
      </Placemark>
      <Placemark>
        <name>Ombika - Month 7</name>
        <description>Waterhole: Ombika, Month: 7, Time: 2010-07-04 18:00:00, Lon: 15.935526, Lat: -19.309814</description>
        <styleUrl>#month7_style</styleUrl>
        <Point>
          <coordinates>15.935526,-19.309814,0</coordinates>
        </Point>
      </Placemark>
      <Placemark>
        <name>Ombika - Month 7</name>
        <description>Waterhole: Ombika, Month: 7, Time: 2010-07-04 18:20:00, Lon: 15.941007, Lat: -19.315535</description>
        <styleUrl>#month7_style</styleUrl>
        <Point>
          <coordinates>15.941007,-19.315535,0</coordinates>
        </Point>
      </Placemark>
      <Placemark>
        <name>Ombika - Month 7</name>
        <description>Waterhole: Ombika, Month: 7, Time: 2010-07-04 18:40:00, Lon: 15.941121, Lat: -19.316195</description>
        <styleUrl>#month7_style</styleUrl>
        <Point>
          <coordinates>15.941121,-19.316195,0</coordinates>
        </Point>
      </Placemark>
      <Placemark>
        <name>Ombika - Month 7</name>
        <description>Waterhole: Ombika, Month: 7, Time: 2010-07-04 19:00:00, Lon: 15.941148, Lat: -19.316170</description>
        <styleUrl>#month7_style</styleUrl>
        <Point>
          <coordinates>15.941148,-19.316170,0</coordinates>
        </Point>
      </Placemark>
      <Placemark>
        <name>Ombika - Month 7</name>
        <description>Waterhole: Ombika, Month: 7, Time: 2010-07-04 19:20:00, Lon: 15.940906, Lat: -19.316205</description>
        <styleUrl>#month7_style</styleUrl>
        <Point>
          <coordinates>15.940906,-19.316205,0</coordinates>
        </Point>
      </Placemark>
      <Placemark>
        <name>Ombika - Month 7</name>
        <description>Waterhole: Ombika, Month: 7, Time: 2010-07-04 19:40:00, Lon: 15.936498, Lat: -19.314193</description>
        <styleUrl>#month7_style</styleUrl>
        <Point>
          <coordinates>15.936498,-19.314193,0</coordinates>
        </Point>
      </Placemark>
      <Placemark>
        <name>Ombika - Month 7</name>
        <description>Waterhole: Ombika, Month: 7, Time: 2010-07-04 20:00:00, Lon: 15.935494, Lat: -19.313218</description>
        <styleUrl>#month7_style</styleUrl>
        <Point>
          <coordinates>15.935494,-19.313218,0</coordinates>
        </Point>
      </Placemark>
      <Placemark>
        <name>Ombika - Month 7</name>
        <description>Waterhole: Ombika, Month: 7, Time: 2010-07-04 20:20:00, Lon: 15.934777, Lat: -19.311729</description>
        <styleUrl>#month7_style</styleUrl>
        <Point>
          <coordinates>15.934777,-19.311729,0</coordinates>
        </Point>
      </Placemark>
      <Placemark>
        <name>Ombika - Month 7</name>
        <description>Waterhole: Ombika, Month: 7, Time: 2010-07-04 20:40:00, Lon: 15.934714, Lat: -19.311127</description>
        <styleUrl>#month7_style</styleUrl>
        <Point>
          <coordinates>15.934714,-19.311127,0</coordinates>
        </Point>
      </Placemark>
      <Placemark>
        <name>Ombika - Month 7</name>
        <description>Waterhole: Ombika, Month: 7, Time: 2010-07-05 18:40:00, Lon: 15.940269, Lat: -19.308431</description>
        <styleUrl>#month7_style</styleUrl>
        <Point>
          <coordinates>15.940269,-19.308431,0</coordinates>
        </Point>
      </Placemark>
      <Placemark>
        <name>Ombika - Month 7</name>
        <description>Waterhole: Ombika, Month: 7, Time: 2010-07-05 19:00:00, Lon: 15.940997, Lat: -19.314630</description>
        <styleUrl>#month7_style</styleUrl>
        <Point>
          <coordinates>15.940997,-19.314630,0</coordinates>
        </Point>
      </Placemark>
      <Placemark>
        <name>Ombika - Month 7</name>
        <description>Waterhole: Ombika, Month: 7, Time: 2010-07-05 19:20:00, Lon: 15.941042, Lat: -19.316193</description>
        <styleUrl>#month7_style</styleUrl>
        <Point>
          <coordinates>15.941042,-19.316193,0</coordinates>
        </Point>
      </Placemark>
      <Placemark>
        <name>Ombika - Month 7</name>
        <description>Waterhole: Ombika, Month: 7, Time: 2010-07-05 19:40:00, Lon: 15.940932, Lat: -19.316213</description>
        <styleUrl>#month7_style</styleUrl>
        <Point>
          <coordinates>15.940932,-19.316213,0</coordinates>
        </Point>
      </Placemark>
      <Placemark>
        <name>Ombika - Month 7</name>
        <description>Waterhole: Ombika, Month: 7, Time: 2010-07-05 20:00:00, Lon: 15.939195, Lat: -19.313318</description>
        <styleUrl>#month7_style</styleUrl>
        <Point>
          <coordinates>15.939195,-19.313318,0</coordinates>
        </Point>
      </Placemark>
      <Placemark>
        <name>Ombika - Month 7</name>
        <description>Waterhole: Ombika, Month: 7, Time: 2010-07-05 20:20:00, Lon: 15.937442, Lat: -19.313059</description>
        <styleUrl>#month7_style</styleUrl>
        <Point>
          <coordinates>15.937442,-19.313059,0</coordinates>
        </Point>
      </Placemark>
      <Placemark>
        <name>Ombika - Month 7</name>
        <description>Waterhole: Ombika, Month: 7, Time: 2010-07-05 20:40:00, Lon: 15.936866, Lat: -19.313814</description>
        <styleUrl>#month7_style</styleUrl>
        <Point>
          <coordinates>15.936866,-19.313814,0</coordinates>
        </Point>
      </Placemark>
      <Placemark>
        <name>Ombika - Month 7</name>
        <description>Waterhole: Ombika, Month: 7, Time: 2010-07-05 21:00:00, Lon: 15.937711, Lat: -19.313900</description>
        <styleUrl>#month7_style</styleUrl>
        <Point>
          <coordinates>15.937711,-19.313900,0</coordinates>
        </Point>
      </Placemark>
      <Placemark>
        <name>Ombika - Month 7</name>
        <description>Waterhole: Ombika, Month: 7, Time: 2010-07-05 21:20:00, Lon: 15.936675, Lat: -19.312349</description>
        <styleUrl>#month7_style</styleUrl>
        <Point>
          <coordinates>15.936675,-19.312349,0</coordinates>
        </Point>
      </Placemark>
      <Placemark>
        <name>Ombika - Month 7</name>
        <description>Waterhole: Ombika, Month: 7, Time: 2010-07-05 21:40:00, Lon: 15.936508, Lat: -19.310699</description>
        <styleUrl>#month7_style</styleUrl>
        <Point>
          <coordinates>15.936508,-19.310699,0</coordinates>
        </Point>
      </Placemark>
      <Placemark>
        <name>Ombika - Month 7</name>
        <description>Waterhole: Ombika, Month: 7, Time: 2010-07-05 22:00:00, Lon: 15.938278, Lat: -19.308372</description>
        <styleUrl>#month7_style</styleUrl>
        <Point>
          <coordinates>15.938278,-19.308372,0</coordinates>
        </Point>
      </Placemark>
      <Placemark>
        <name>Ombika - Month 7</name>
        <description>Waterhole: Ombika, Month: 7, Time: 2010-07-10 17:40:00, Lon: 15.939515, Lat: -19.309912</description>
        <styleUrl>#month7_style</styleUrl>
        <Point>
          <coordinates>15.939515,-19.309912,0</coordinates>
        </Point>
      </Placemark>
      <Placemark>
        <name>Ombika - Month 7</name>
        <description>Waterhole: Ombika, Month: 7, Time: 2010-07-10 18:00:00, Lon: 15.941102, Lat: -19.316199</description>
        <styleUrl>#month7_style</styleUrl>
        <Point>
          <coordinates>15.941102,-19.316199,0</coordinates>
        </Point>
      </Placemark>
      <Placemark>
        <name>Ombika - Month 7</name>
        <description>Waterhole: Ombika, Month: 7, Time: 2010-07-10 18:20:00, Lon: 15.941141, Lat: -19.316105</description>
        <styleUrl>#month7_style</styleUrl>
        <Point>
          <coordinates>15.941141,-19.316105,0</coordinates>
        </Point>
      </Placemark>
      <Placemark>
        <name>Ombika - Month 7</name>
        <description>Waterhole: Ombika, Month: 7, Time: 2010-07-10 18:40:00, Lon: 15.941204, Lat: -19.316162</description>
        <styleUrl>#month7_style</styleUrl>
        <Point>
          <coordinates>15.941204,-19.316162,0</coordinates>
        </Point>
      </Placemark>
      <Placemark>
        <name>Ombika - Month 7</name>
        <description>Waterhole: Ombika, Month: 7, Time: 2010-07-10 19:00:00, Lon: 15.941282, Lat: -19.316014</description>
        <styleUrl>#month7_style</styleUrl>
        <Point>
          <coordinates>15.941282,-19.316014,0</coordinates>
        </Point>
      </Placemark>
      <Placemark>
        <name>Ombika - Month 7</name>
        <description>Waterhole: Ombika, Month: 7, Time: 2010-07-10 19:20:00, Lon: 15.943058, Lat: -19.314716</description>
        <styleUrl>#month7_style</styleUrl>
        <Point>
          <coordinates>15.943058,-19.314716,0</coordinates>
        </Point>
      </Placemark>
      <Placemark>
        <name>Ombika - Month 7</name>
        <description>Waterhole: Ombika, Month: 7, Time: 2010-07-10 19:40:00, Lon: 15.944098, Lat: -19.313717</description>
        <styleUrl>#month7_style</styleUrl>
        <Point>
          <coordinates>15.944098,-19.313717,0</coordinates>
        </Point>
      </Placemark>
      <Placemark>
        <name>Ombika - Month 7</name>
        <description>Waterhole: Ombika, Month: 7, Time: 2010-07-10 20:00:00, Lon: 15.944255, Lat: -19.313639</description>
        <styleUrl>#month7_style</styleUrl>
        <Point>
          <coordinates>15.944255,-19.313639,0</coordinates>
        </Point>
      </Placemark>
      <Placemark>
        <name>Ombika - Month 7</name>
        <description>Waterhole: Ombika, Month: 7, Time: 2010-07-10 20:21:00, Lon: 15.944382, Lat: -19.313513</description>
        <styleUrl>#month7_style</styleUrl>
        <Point>
          <coordinates>15.944382,-19.313513,0</coordinates>
        </Point>
      </Placemark>
      <Placemark>
        <name>Ombika - Month 7</name>
        <description>Waterhole: Ombika, Month: 7, Time: 2010-07-10 20:40:00, Lon: 15.944153, Lat: -19.313112</description>
        <styleUrl>#month7_style</styleUrl>
        <Point>
          <coordinates>15.944153,-19.313112,0</coordinates>
        </Point>
      </Placemark>
      <Placemark>
        <name>Ombika - Month 7</name>
        <description>Waterhole: Ombika, Month: 7, Time: 2010-07-10 21:00:00, Lon: 15.944203, Lat: -19.312138</description>
        <styleUrl>#month7_style</styleUrl>
        <Point>
          <coordinates>15.944203,-19.312138,0</coordinates>
        </Point>
      </Placemark>
      <Placemark>
        <name>Ombika - Month 7</name>
        <description>Waterhole: Ombika, Month: 7, Time: 2010-07-10 21:20:00, Lon: 15.944029, Lat: -19.312394</description>
        <styleUrl>#month7_style</styleUrl>
        <Point>
          <coordinates>15.944029,-19.312394,0</coordinates>
        </Point>
      </Placemark>
      <Placemark>
        <name>Ombika - Month 7</name>
        <description>Waterhole: Ombika, Month: 7, Time: 2010-07-10 21:40:00, Lon: 15.944326, Lat: -19.314022</description>
        <styleUrl>#month7_style</styleUrl>
        <Point>
          <coordinates>15.944326,-19.314022,0</coordinates>
        </Point>
      </Placemark>
      <Placemark>
        <name>Ombika - Month 7</name>
        <description>Waterhole: Ombika, Month: 7, Time: 2010-07-10 22:00:00, Lon: 15.941110, Lat: -19.316119</description>
        <styleUrl>#month7_style</styleUrl>
        <Point>
          <coordinates>15.941110,-19.316119,0</coordinates>
        </Point>
      </Placemark>
      <Placemark>
        <name>Ombika - Month 7</name>
        <description>Waterhole: Ombika, Month: 7, Time: 2010-07-10 22:20:00, Lon: 15.943879, Lat: -19.307133</description>
        <styleUrl>#month7_style</styleUrl>
        <Point>
          <coordinates>15.943879,-19.307133,0</coordinates>
        </Point>
      </Placemark>
      <Placemark>
        <name>Ombika - Month 7</name>
        <description>Waterhole: Ombika, Month: 7, Time: 2010-07-11 21:00:00, Lon: 15.945973, Lat: -19.314943</description>
        <styleUrl>#month7_style</styleUrl>
        <Point>
          <coordinates>15.945973,-19.314943,0</coordinates>
        </Point>
      </Placemark>
      <Placemark>
        <name>Ombika - Month 7</name>
        <description>Waterhole: Ombika, Month: 7, Time: 2010-07-11 21:20:00, Lon: 15.944065, Lat: -19.315452</description>
        <styleUrl>#month7_style</styleUrl>
        <Point>
          <coordinates>15.944065,-19.315452,0</coordinates>
        </Point>
      </Placemark>
      <Placemark>
        <name>Ombika - Month 7</name>
        <description>Waterhole: Ombika, Month: 7, Time: 2010-07-11 21:40:00, Lon: 15.943397, Lat: -19.315802</description>
        <styleUrl>#month7_style</styleUrl>
        <Point>
          <coordinates>15.943397,-19.315802,0</coordinates>
        </Point>
      </Placemark>
      <Placemark>
        <name>Ombika - Month 7</name>
        <description>Waterhole: Ombika, Month: 7, Time: 2010-07-11 22:00:00, Lon: 15.941101, Lat: -19.316211</description>
        <styleUrl>#month7_style</styleUrl>
        <Point>
          <coordinates>15.941101,-19.316211,0</coordinates>
        </Point>
      </Placemark>
      <Placemark>
        <name>Ombika - Month 7</name>
        <description>Waterhole: Ombika, Month: 7, Time: 2010-07-11 22:20:00, Lon: 15.941057, Lat: -19.312490</description>
        <styleUrl>#month7_style</styleUrl>
        <Point>
          <coordinates>15.941057,-19.312490,0</coordinates>
        </Point>
      </Placemark>
      <Placemark>
        <name>Ombika - Month 7</name>
        <description>Waterhole: Ombika, Month: 7, Time: 2010-07-13 12:00:00, Lon: 15.934315, Lat: -19.313149</description>
        <styleUrl>#month7_style</styleUrl>
        <Point>
          <coordinates>15.934315,-19.313149,0</coordinates>
        </Point>
      </Placemark>
      <Placemark>
        <name>Ombika - Month 7</name>
        <description>Waterhole: Ombika, Month: 7, Time: 2010-07-13 12:20:00, Lon: 15.941117, Lat: -19.316227</description>
        <styleUrl>#month7_style</styleUrl>
        <Point>
          <coordinates>15.941117,-19.316227,0</coordinates>
        </Point>
      </Placemark>
      <Placemark>
        <name>Ombika - Month 7</name>
        <description>Waterhole: Ombika, Month: 7, Time: 2010-07-13 12:40:00, Lon: 15.941061, Lat: -19.316339</description>
        <styleUrl>#month7_style</styleUrl>
        <Point>
          <coordinates>15.941061,-19.316339,0</coordinates>
        </Point>
      </Placemark>
      <Placemark>
        <name>Ombika - Month 7</name>
        <description>Waterhole: Ombika, Month: 7, Time: 2010-07-13 13:00:00, Lon: 15.941142, Lat: -19.316359</description>
        <styleUrl>#month7_style</styleUrl>
        <Point>
          <coordinates>15.941142,-19.316359,0</coordinates>
        </Point>
      </Placemark>
      <Placemark>
        <name>Ombika - Month 7</name>
        <description>Waterhole: Ombika, Month: 7, Time: 2010-07-13 13:20:00, Lon: 15.941072, Lat: -19.316418</description>
        <styleUrl>#month7_style</styleUrl>
        <Point>
          <coordinates>15.941072,-19.316418,0</coordinates>
        </Point>
      </Placemark>
      <Placemark>
        <name>Ombika - Month 7</name>
        <description>Waterhole: Ombika, Month: 7, Time: 2010-07-13 13:40:00, Lon: 15.941072, Lat: -19.316327</description>
        <styleUrl>#month7_style</styleUrl>
        <Point>
          <coordinates>15.941072,-19.316327,0</coordinates>
        </Point>
      </Placemark>
      <Placemark>
        <name>Ombika - Month 7</name>
        <description>Waterhole: Ombika, Month: 7, Time: 2010-07-13 14:00:00, Lon: 15.941352, Lat: -19.316024</description>
        <styleUrl>#month7_style</styleUrl>
        <Point>
          <coordinates>15.941352,-19.316024,0</coordinates>
        </Point>
      </Placemark>
      <Placemark>
        <name>Ombika - Month 7</name>
        <description>Waterhole: Ombika, Month: 7, Time: 2010-07-13 14:20:00, Lon: 15.941581, Lat: -19.316233</description>
        <styleUrl>#month7_style</styleUrl>
        <Point>
          <coordinates>15.941581,-19.316233,0</coordinates>
        </Point>
      </Placemark>
      <Placemark>
        <name>Ombika - Month 7</name>
        <description>Waterhole: Ombika, Month: 7, Time: 2010-07-13 14:40:00, Lon: 15.941292, Lat: -19.316282</description>
        <styleUrl>#month7_style</styleUrl>
        <Point>
          <coordinates>15.941292,-19.316282,0</coordinates>
        </Point>
      </Placemark>
      <Placemark>
        <name>Ombika - Month 7</name>
        <description>Waterhole: Ombika, Month: 7, Time: 2010-07-13 15:00:00, Lon: 15.941235, Lat: -19.316128</description>
        <styleUrl>#month7_style</styleUrl>
        <Point>
          <coordinates>15.941235,-19.316128,0</coordinates>
        </Point>
      </Placemark>
      <Placemark>
        <name>Ombika - Month 7</name>
        <description>Waterhole: Ombika, Month: 7, Time: 2010-07-13 15:20:00, Lon: 15.943069, Lat: -19.315456</description>
        <styleUrl>#month7_style</styleUrl>
        <Point>
          <coordinates>15.943069,-19.315456,0</coordinates>
        </Point>
      </Placemark>
      <Placemark>
        <name>Ombika - Month 7</name>
        <description>Waterhole: Ombika, Month: 7, Time: 2010-07-13 15:40:00, Lon: 15.941113, Lat: -19.316237</description>
        <styleUrl>#month7_style</styleUrl>
        <Point>
          <coordinates>15.941113,-19.316237,0</coordinates>
        </Point>
      </Placemark>
      <Placemark>
        <name>Ombika - Month 7</name>
        <description>Waterhole: Ombika, Month: 7, Time: 2010-07-13 16:00:00, Lon: 15.944788, Lat: -19.313961</description>
        <styleUrl>#month7_style</styleUrl>
        <Point>
          <coordinates>15.944788,-19.313961,0</coordinates>
        </Point>
      </Placemark>
      <Placemark>
        <name>Ombika - Month 7</name>
        <description>Waterhole: Ombika, Month: 7, Time: 2010-07-13 16:20:00, Lon: 15.945494, Lat: -19.311847</description>
        <styleUrl>#month7_style</styleUrl>
        <Point>
          <coordinates>15.945494,-19.311847,0</coordinates>
        </Point>
      </Placemark>
      <Placemark>
        <name>Ombika - Month 7</name>
        <description>Waterhole: Ombika, Month: 7, Time: 2010-07-13 16:40:00, Lon: 15.945225, Lat: -19.311548</description>
        <styleUrl>#month7_style</styleUrl>
        <Point>
          <coordinates>15.945225,-19.311548,0</coordinates>
        </Point>
      </Placemark>
      <Placemark>
        <name>Ombika - Month 7</name>
        <description>Waterhole: Ombika, Month: 7, Time: 2010-07-13 17:00:00, Lon: 15.946514, Lat: -19.309727</description>
        <styleUrl>#month7_style</styleUrl>
        <Point>
          <coordinates>15.946514,-19.309727,0</coordinates>
        </Point>
      </Placemark>
      <Placemark>
        <name>Ombika - Month 7</name>
        <description>Waterhole: Ombika, Month: 7, Time: 2010-07-16 16:40:00, Lon: 15.940312, Lat: -19.311043</description>
        <styleUrl>#month7_style</styleUrl>
        <Point>
          <coordinates>15.940312,-19.311043,0</coordinates>
        </Point>
      </Placemark>
      <Placemark>
        <name>Ombika - Month 7</name>
        <description>Waterhole: Ombika, Month: 7, Time: 2010-07-16 17:00:00, Lon: 15.941130, Lat: -19.316250</description>
        <styleUrl>#month7_style</styleUrl>
        <Point>
          <coordinates>15.941130,-19.316250,0</coordinates>
        </Point>
      </Placemark>
      <Placemark>
        <name>Ombika - Month 7</name>
        <description>Waterhole: Ombika, Month: 7, Time: 2010-07-16 17:20:00, Lon: 15.941132, Lat: -19.316184</description>
        <styleUrl>#month7_style</styleUrl>
        <Point>
          <coordinates>15.941132,-19.316184,0</coordinates>
        </Point>
      </Placemark>
      <Placemark>
        <name>Ombika - Month 7</name>
        <description>Waterhole: Ombika, Month: 7, Time: 2010-07-16 17:40:00, Lon: 15.941620, Lat: -19.314528</description>
        <styleUrl>#month7_style</styleUrl>
        <Point>
          <coordinates>15.941620,-19.314528,0</coordinates>
        </Point>
      </Placemark>
      <Placemark>
        <name>Ombika - Month 7</name>
        <description>Waterhole: Ombika, Month: 7, Time: 2010-07-16 18:00:00, Lon: 15.943233, Lat: -19.309780</description>
        <styleUrl>#month7_style</styleUrl>
        <Point>
          <coordinates>15.943233,-19.309780,0</coordinates>
        </Point>
      </Placemark>
      <Placemark>
        <name>Ombika - Month 7</name>
        <description>Waterhole: Ombika, Month: 7, Time: 2010-07-17 22:00:00, Lon: 15.941835, Lat: -19.314270</description>
        <styleUrl>#month7_style</styleUrl>
        <Point>
          <coordinates>15.941835,-19.314270,0</coordinates>
        </Point>
      </Placemark>
      <Placemark>
        <name>Ombika - Month 7</name>
        <description>Waterhole: Ombika, Month: 7, Time: 2010-07-17 22:20:00, Lon: 15.941057, Lat: -19.316178</description>
        <styleUrl>#month7_style</styleUrl>
        <Point>
          <coordinates>15.941057,-19.316178,0</coordinates>
        </Point>
      </Placemark>
      <Placemark>
        <name>Ombika - Month 7</name>
        <description>Waterhole: Ombika, Month: 7, Time: 2010-07-17 22:40:00, Lon: 15.941063, Lat: -19.316140</description>
        <styleUrl>#month7_style</styleUrl>
        <Point>
          <coordinates>15.941063,-19.316140,0</coordinates>
        </Point>
      </Placemark>
      <Placemark>
        <name>Ombika - Month 7</name>
        <description>Waterhole: Ombika, Month: 7, Time: 2010-07-17 23:00:00, Lon: 15.942852, Lat: -19.315027</description>
        <styleUrl>#month7_style</styleUrl>
        <Point>
          <coordinates>15.942852,-19.315027,0</coordinates>
        </Point>
      </Placemark>
      <Placemark>
        <name>Ombika - Month 7</name>
        <description>Waterhole: Ombika, Month: 7, Time: 2010-07-17 23:20:00, Lon: 15.943283, Lat: -19.312748</description>
        <styleUrl>#month7_style</styleUrl>
        <Point>
          <coordinates>15.943283,-19.312748,0</coordinates>
        </Point>
      </Placemark>
      <Placemark>
        <name>Ombika - Month 7</name>
        <description>Waterhole: Ombika, Month: 7, Time: 2010-07-20 19:40:00, Lon: 15.939022, Lat: -19.308230</description>
        <styleUrl>#month7_style</styleUrl>
        <Point>
          <coordinates>15.939022,-19.308230,0</coordinates>
        </Point>
      </Placemark>
      <Placemark>
        <name>Ombika - Month 7</name>
        <description>Waterhole: Ombika, Month: 7, Time: 2010-07-20 20:00:00, Lon: 15.941065, Lat: -19.314988</description>
        <styleUrl>#month7_style</styleUrl>
        <Point>
          <coordinates>15.941065,-19.314988,0</coordinates>
        </Point>
      </Placemark>
      <Placemark>
        <name>Ombika - Month 7</name>
        <description>Waterhole: Ombika, Month: 7, Time: 2010-07-20 20:20:00, Lon: 15.941361, Lat: -19.315859</description>
        <styleUrl>#month7_style</styleUrl>
        <Point>
          <coordinates>15.941361,-19.315859,0</coordinates>
        </Point>
      </Placemark>
      <Placemark>
        <name>Ombika - Month 7</name>
        <description>Waterhole: Ombika, Month: 7, Time: 2010-07-20 20:40:00, Lon: 15.942920, Lat: -19.310215</description>
        <styleUrl>#month7_style</styleUrl>
        <Point>
          <coordinates>15.942920,-19.310215,0</coordinates>
        </Point>
      </Placemark>
      <Placemark>
        <name>Ombika - Month 7</name>
        <description>Waterhole: Ombika, Month: 7, Time: 2010-07-22 17:00:00, Lon: 15.943600, Lat: -19.308293</description>
        <styleUrl>#month7_style</styleUrl>
        <Point>
          <coordinates>15.943600,-19.308293,0</coordinates>
        </Point>
      </Placemark>
      <Placemark>
        <name>Ombika - Month 7</name>
        <description>Waterhole: Ombika, Month: 7, Time: 2010-07-22 17:20:00, Lon: 15.941084, Lat: -19.316219</description>
        <styleUrl>#month7_style</styleUrl>
        <Point>
          <coordinates>15.941084,-19.316219,0</coordinates>
        </Point>
      </Placemark>
      <Placemark>
        <name>Ombika - Month 7</name>
        <description>Waterhole: Ombika, Month: 7, Time: 2010-07-22 17:40:00, Lon: 15.941019, Lat: -19.316211</description>
        <styleUrl>#month7_style</styleUrl>
        <Point>
          <coordinates>15.941019,-19.316211,0</coordinates>
        </Point>
      </Placemark>
      <Placemark>
        <name>Ombika - Month 7</name>
        <description>Waterhole: Ombika, Month: 7, Time: 2010-07-22 18:00:00, Lon: 15.938768, Lat: -19.315560</description>
        <styleUrl>#month7_style</styleUrl>
        <Point>
          <coordinates>15.938768,-19.315560,0</coordinates>
        </Point>
      </Placemark>
      <Placemark>
        <name>Ombika - Month 7</name>
        <description>Waterhole: Ombika, Month: 7, Time: 2010-07-22 18:20:00, Lon: 15.936701, Lat: -19.313765</description>
        <styleUrl>#month7_style</styleUrl>
        <Point>
          <coordinates>15.936701,-19.313765,0</coordinates>
        </Point>
      </Placemark>
      <Placemark>
        <name>Ombika - Month 7</name>
        <description>Waterhole: Ombika, Month: 7, Time: 2010-07-22 18:40:00, Lon: 15.936771, Lat: -19.312160</description>
        <styleUrl>#month7_style</styleUrl>
        <Point>
          <coordinates>15.936771,-19.312160,0</coordinates>
        </Point>
      </Placemark>
      <Placemark>
        <name>Ombika - Month 7</name>
        <description>Waterhole: Ombika, Month: 7, Time: 2010-07-23 19:00:00, Lon: 15.943570, Lat: -19.308535</description>
        <styleUrl>#month7_style</styleUrl>
        <Point>
          <coordinates>15.943570,-19.308535,0</coordinates>
        </Point>
      </Placemark>
      <Placemark>
        <name>Ombika - Month 7</name>
        <description>Waterhole: Ombika, Month: 7, Time: 2010-07-23 19:20:00, Lon: 15.941105, Lat: -19.316189</description>
        <styleUrl>#month7_style</styleUrl>
        <Point>
          <coordinates>15.941105,-19.316189,0</coordinates>
        </Point>
      </Placemark>
      <Placemark>
        <name>Ombika - Month 7</name>
        <description>Waterhole: Ombika, Month: 7, Time: 2010-07-23 19:40:00, Lon: 15.941072, Lat: -19.316203</description>
        <styleUrl>#month7_style</styleUrl>
        <Point>
          <coordinates>15.941072,-19.316203,0</coordinates>
        </Point>
      </Placemark>
      <Placemark>
        <name>Ombika - Month 7</name>
        <description>Waterhole: Ombika, Month: 7, Time: 2010-07-23 20:00:00, Lon: 15.941320, Lat: -19.315835</description>
        <styleUrl>#month7_style</styleUrl>
        <Point>
          <coordinates>15.941320,-19.315835,0</coordinates>
        </Point>
      </Placemark>
      <Placemark>
        <name>Ombika - Month 7</name>
        <description>Waterhole: Ombika, Month: 7, Time: 2010-07-23 20:20:00, Lon: 15.941331, Lat: -19.315885</description>
        <styleUrl>#month7_style</styleUrl>
        <Point>
          <coordinates>15.941331,-19.315885,0</coordinates>
        </Point>
      </Placemark>
      <Placemark>
        <name>Ombika - Month 7</name>
        <description>Waterhole: Ombika, Month: 7, Time: 2010-07-23 20:40:00, Lon: 15.940997, Lat: -19.314008</description>
        <styleUrl>#month7_style</styleUrl>
        <Point>
          <coordinates>15.940997,-19.314008,0</coordinates>
        </Point>
      </Placemark>
      <Placemark>
        <name>Ombika - Month 7</name>
        <description>Waterhole: Ombika, Month: 7, Time: 2010-07-25 17:20:00, Lon: 15.941194, Lat: -19.313186</description>
        <styleUrl>#month7_style</styleUrl>
        <Point>
          <coordinates>15.941194,-19.313186,0</coordinates>
        </Point>
      </Placemark>
      <Placemark>
        <name>Ombika - Month 7</name>
        <description>Waterhole: Ombika, Month: 7, Time: 2010-07-25 17:40:00, Lon: 15.941114, Lat: -19.316233</description>
        <styleUrl>#month7_style</styleUrl>
        <Point>
          <coordinates>15.941114,-19.316233,0</coordinates>
        </Point>
      </Placemark>
      <Placemark>
        <name>Ombika - Month 7</name>
        <description>Waterhole: Ombika, Month: 7, Time: 2010-07-25 18:00:00, Lon: 15.941096, Lat: -19.316248</description>
        <styleUrl>#month7_style</styleUrl>
        <Point>
          <coordinates>15.941096,-19.316248,0</coordinates>
        </Point>
      </Placemark>
      <Placemark>
        <name>Ombika - Month 7</name>
        <description>Waterhole: Ombika, Month: 7, Time: 2010-07-25 18:20:00, Lon: 15.941108, Lat: -19.316225</description>
        <styleUrl>#month7_style</styleUrl>
        <Point>
          <coordinates>15.941108,-19.316225,0</coordinates>
        </Point>
      </Placemark>
      <Placemark>
        <name>Ombika - Month 7</name>
        <description>Waterhole: Ombika, Month: 7, Time: 2010-07-25 18:40:00, Lon: 15.940913, Lat: -19.316109</description>
        <styleUrl>#month7_style</styleUrl>
        <Point>
          <coordinates>15.940913,-19.316109,0</coordinates>
        </Point>
      </Placemark>
      <Placemark>
        <name>Ombika - Month 7</name>
        <description>Waterhole: Ombika, Month: 7, Time: 2010-07-25 19:00:00, Lon: 15.941188, Lat: -19.316121</description>
        <styleUrl>#month7_style</styleUrl>
        <Point>
          <coordinates>15.941188,-19.316121,0</coordinates>
        </Point>
      </Placemark>
      <Placemark>
        <name>Ombika - Month 7</name>
        <description>Waterhole: Ombika, Month: 7, Time: 2010-07-25 19:20:00, Lon: 15.939125, Lat: -19.312339</description>
        <styleUrl>#month7_style</styleUrl>
        <Point>
          <coordinates>15.939125,-19.312339,0</coordinates>
        </Point>
      </Placemark>
      <Placemark>
        <name>Ombika - Month 7</name>
        <description>Waterhole: Ombika, Month: 7, Time: 2010-07-25 19:40:00, Lon: 15.938552, Lat: -19.312136</description>
        <styleUrl>#month7_style</styleUrl>
        <Point>
          <coordinates>15.938552,-19.312136,0</coordinates>
        </Point>
      </Placemark>
      <Placemark>
        <name>Ombika - Month 7</name>
        <description>Waterhole: Ombika, Month: 7, Time: 2010-07-25 20:00:00, Lon: 15.938200, Lat: -19.311916</description>
        <styleUrl>#month7_style</styleUrl>
        <Point>
          <coordinates>15.938200,-19.311916,0</coordinates>
        </Point>
      </Placemark>
      <Placemark>
        <name>Ombika - Month 7</name>
        <description>Waterhole: Ombika, Month: 7, Time: 2010-07-25 20:20:00, Lon: 15.936628, Lat: -19.311355</description>
        <styleUrl>#month7_style</styleUrl>
        <Point>
          <coordinates>15.936628,-19.311355,0</coordinates>
        </Point>
      </Placemark>
      <Placemark>
        <name>Ombika - Month 7</name>
        <description>Waterhole: Ombika, Month: 7, Time: 2010-07-25 20:40:00, Lon: 15.936362, Lat: -19.311707</description>
        <styleUrl>#month7_style</styleUrl>
        <Point>
          <coordinates>15.936362,-19.311707,0</coordinates>
        </Point>
      </Placemark>
      <Placemark>
        <name>Ombika - Month 7</name>
        <description>Waterhole: Ombika, Month: 7, Time: 2010-07-25 21:00:00, Lon: 15.937037, Lat: -19.310366</description>
        <styleUrl>#month7_style</styleUrl>
        <Point>
          <coordinates>15.937037,-19.310366,0</coordinates>
        </Point>
      </Placemark>
      <Placemark>
        <name>Ombika - Month 7</name>
        <description>Waterhole: Ombika, Month: 7, Time: 2010-07-25 21:20:00, Lon: 15.937378, Lat: -19.309644</description>
        <styleUrl>#month7_style</styleUrl>
        <Point>
          <coordinates>15.937378,-19.309644,0</coordinates>
        </Point>
      </Placemark>
      <Placemark>
        <name>Ombika - Month 7</name>
        <description>Waterhole: Ombika, Month: 7, Time: 2010-07-25 21:40:00, Lon: 15.938111, Lat: -19.308561</description>
        <styleUrl>#month7_style</styleUrl>
        <Point>
          <coordinates>15.938111,-19.308561,0</coordinates>
        </Point>
      </Placemark>
      <Placemark>
        <name>Ombika - Month 7</name>
        <description>Waterhole: Ombika, Month: 7, Time: 2010-07-26 23:20:00, Lon: 15.944293, Lat: -19.308523</description>
        <styleUrl>#month7_style</styleUrl>
        <Point>
          <coordinates>15.944293,-19.308523,0</coordinates>
        </Point>
      </Placemark>
      <Placemark>
        <name>Ombika - Month 7</name>
        <description>Waterhole: Ombika, Month: 7, Time: 2010-07-26 23:40:00, Lon: 15.943419, Lat: -19.309841</description>
        <styleUrl>#month7_style</styleUrl>
        <Point>
          <coordinates>15.943419,-19.309841,0</coordinates>
        </Point>
      </Placemark>
      <Placemark>
        <name>Ombika - Month 7</name>
        <description>Waterhole: Ombika, Month: 7, Time: 2010-07-27 00:00:00, Lon: 15.941027, Lat: -19.316241</description>
        <styleUrl>#month7_style</styleUrl>
        <Point>
          <coordinates>15.941027,-19.316241,0</coordinates>
        </Point>
      </Placemark>
      <Placemark>
        <name>Ombika - Month 7</name>
        <description>Waterhole: Ombika, Month: 7, Time: 2010-07-27 00:20:00, Lon: 15.941096, Lat: -19.316215</description>
        <styleUrl>#month7_style</styleUrl>
        <Point>
          <coordinates>15.941096,-19.316215,0</coordinates>
        </Point>
      </Placemark>
      <Placemark>
        <name>Ombika - Month 7</name>
        <description>Waterhole: Ombika, Month: 7, Time: 2010-07-27 00:40:00, Lon: 15.941000, Lat: -19.316176</description>
        <styleUrl>#month7_style</styleUrl>
        <Point>
          <coordinates>15.941000,-19.316176,0</coordinates>
        </Point>
      </Placemark>
      <Placemark>
        <name>Ombika - Month 7</name>
        <description>Waterhole: Ombika, Month: 7, Time: 2010-07-27 01:00:00, Lon: 15.939486, Lat: -19.309853</description>
        <styleUrl>#month7_style</styleUrl>
        <Point>
          <coordinates>15.939486,-19.309853,0</coordinates>
        </Point>
      </Placemark>
      <Placemark>
        <name>Ombika - Month 7</name>
        <description>Waterhole: Ombika, Month: 7, Time: 2010-07-28 18:00:00, Lon: 15.940375, Lat: -19.311125</description>
        <styleUrl>#month7_style</styleUrl>
        <Point>
          <coordinates>15.940375,-19.311125,0</coordinates>
        </Point>
      </Placemark>
      <Placemark>
        <name>Ombika - Month 7</name>
        <description>Waterhole: Ombika, Month: 7, Time: 2010-07-28 18:20:00, Lon: 15.941098, Lat: -19.316184</description>
        <styleUrl>#month7_style</styleUrl>
        <Point>
          <coordinates>15.941098,-19.316184,0</coordinates>
        </Point>
      </Placemark>
      <Placemark>
        <name>Ombika - Month 7</name>
        <description>Waterhole: Ombika, Month: 7, Time: 2010-07-28 18:40:00, Lon: 15.941096, Lat: -19.316164</description>
        <styleUrl>#month7_style</styleUrl>
        <Point>
          <coordinates>15.941096,-19.316164,0</coordinates>
        </Point>
      </Placemark>
      <Placemark>
        <name>Ombika - Month 7</name>
        <description>Waterhole: Ombika, Month: 7, Time: 2010-07-28 19:00:00, Lon: 15.940627, Lat: -19.316056</description>
        <styleUrl>#month7_style</styleUrl>
        <Point>
          <coordinates>15.940627,-19.316056,0</coordinates>
        </Point>
      </Placemark>
      <Placemark>
        <name>Ombika - Month 7</name>
        <description>Waterhole: Ombika, Month: 7, Time: 2010-07-28 19:20:00, Lon: 15.941260, Lat: -19.316028</description>
        <styleUrl>#month7_style</styleUrl>
        <Point>
          <coordinates>15.941260,-19.316028,0</coordinates>
        </Point>
      </Placemark>
      <Placemark>
        <name>Ombika - Month 7</name>
        <description>Waterhole: Ombika, Month: 7, Time: 2010-07-28 19:40:00, Lon: 15.942065, Lat: -19.310291</description>
        <styleUrl>#month7_style</styleUrl>
        <Point>
          <coordinates>15.942065,-19.310291,0</coordinates>
        </Point>
      </Placemark>
      <Placemark>
        <name>Ombika - Month 7</name>
        <description>Waterhole: Ombika, Month: 7, Time: 2010-07-28 20:00:00, Lon: 15.941537, Lat: -19.308655</description>
        <styleUrl>#month7_style</styleUrl>
        <Point>
          <coordinates>15.941537,-19.308655,0</coordinates>
        </Point>
      </Placemark>
      <Placemark>
        <name>Ombika - Month 7</name>
        <description>Waterhole: Ombika, Month: 7, Time: 2010-07-28 20:20:00, Lon: 15.941601, Lat: -19.306850</description>
        <styleUrl>#month7_style</styleUrl>
        <Point>
          <coordinates>15.941601,-19.306850,0</coordinates>
        </Point>
      </Placemark>
      <Placemark>
        <name>Ombika - Month 7</name>
        <description>Waterhole: Ombika, Month: 7, Time: 2010-07-30 00:40:00, Lon: 15.942531, Lat: -19.312653</description>
        <styleUrl>#month7_style</styleUrl>
        <Point>
          <coordinates>15.942531,-19.312653,0</coordinates>
        </Point>
      </Placemark>
      <Placemark>
        <name>Ombika - Month 7</name>
        <description>Waterhole: Ombika, Month: 7, Time: 2010-07-30 01:00:00, Lon: 15.941103, Lat: -19.316241</description>
        <styleUrl>#month7_style</styleUrl>
        <Point>
          <coordinates>15.941103,-19.316241,0</coordinates>
        </Point>
      </Placemark>
      <Placemark>
        <name>Ombika - Month 7</name>
        <description>Waterhole: Ombika, Month: 7, Time: 2010-07-30 01:20:00, Lon: 15.941090, Lat: -19.316229</description>
        <styleUrl>#month7_style</styleUrl>
        <Point>
          <coordinates>15.941090,-19.316229,0</coordinates>
        </Point>
      </Placemark>
      <Placemark>
        <name>Ombika - Month 7</name>
        <description>Waterhole: Ombika, Month: 7, Time: 2010-07-30 01:40:00, Lon: 15.940988, Lat: -19.316239</description>
        <styleUrl>#month7_style</styleUrl>
        <Point>
          <coordinates>15.940988,-19.316239,0</coordinates>
        </Point>
      </Placemark>
      <Placemark>
        <name>Ombika - Month 7</name>
        <description>Waterhole: Ombika, Month: 7, Time: 2010-07-30 02:00:00, Lon: 15.941250, Lat: -19.315977</description>
        <styleUrl>#month7_style</styleUrl>
        <Point>
          <coordinates>15.941250,-19.315977,0</coordinates>
        </Point>
      </Placemark>
      <Placemark>
        <name>Ombika - Month 7</name>
        <description>Waterhole: Ombika, Month: 7, Time: 2010-07-30 02:20:00, Lon: 15.940081, Lat: -19.310472</description>
        <styleUrl>#month7_style</styleUrl>
        <Point>
          <coordinates>15.940081,-19.310472,0</coordinates>
        </Point>
      </Placemark>
      <Placemark>
        <name>Ombika - Month 7</name>
        <description>Waterhole: Ombika, Month: 7, Time: 2010-07-30 02:40:00, Lon: 15.939462, Lat: -19.308238</description>
        <styleUrl>#month7_style</styleUrl>
        <Point>
          <coordinates>15.939462,-19.308238,0</coordinates>
        </Point>
      </Placemark>
      <Placemark>
        <name>Ombika - Month 7</name>
        <description>Waterhole: Ombika, Month: 7, Time: 2010-07-30 03:00:00, Lon: 15.939379, Lat: -19.306917</description>
        <styleUrl>#month7_style</styleUrl>
        <Point>
          <coordinates>15.939379,-19.306917,0</coordinates>
        </Point>
      </Placemark>
      <Placemark>
        <name>Ombika - Month 7</name>
        <description>Waterhole: Ombika, Month: 7, Time: 2010-07-31 00:40:00, Lon: 15.943292, Lat: -19.309548</description>
        <styleUrl>#month7_style</styleUrl>
        <Point>
          <coordinates>15.943292,-19.309548,0</coordinates>
        </Point>
      </Placemark>
      <Placemark>
        <name>Ombika - Month 7</name>
        <description>Waterhole: Ombika, Month: 7, Time: 2010-07-31 01:00:00, Lon: 15.941331, Lat: -19.315906</description>
        <styleUrl>#month7_style</styleUrl>
        <Point>
          <coordinates>15.941331,-19.315906,0</coordinates>
        </Point>
      </Placemark>
      <Placemark>
        <name>Ombika - Month 7</name>
        <description>Waterhole: Ombika, Month: 7, Time: 2010-07-31 01:20:00, Lon: 15.941078, Lat: -19.316134</description>
        <styleUrl>#month7_style</styleUrl>
        <Point>
          <coordinates>15.941078,-19.316134,0</coordinates>
        </Point>
      </Placemark>
      <Placemark>
        <name>Ombika - Month 7</name>
        <description>Waterhole: Ombika, Month: 7, Time: 2010-07-31 01:40:00, Lon: 15.942616, Lat: -19.312260</description>
        <styleUrl>#month7_style</styleUrl>
        <Point>
          <coordinates>15.942616,-19.312260,0</coordinates>
        </Point>
      </Placemark>
      <Placemark>
        <name>Ombika - Month 8</name>
        <description>Waterhole: Ombika, Month: 8, Time: 2010-08-03 02:00:00, Lon: 15.942433, Lat: -19.313127</description>
        <styleUrl>#month8_style</styleUrl>
        <Point>
          <coordinates>15.942433,-19.313127,0</coordinates>
        </Point>
      </Placemark>
      <Placemark>
        <name>Ombika - Month 8</name>
        <description>Waterhole: Ombika, Month: 8, Time: 2010-08-03 02:20:00, Lon: 15.941038, Lat: -19.316174</description>
        <styleUrl>#month8_style</styleUrl>
        <Point>
          <coordinates>15.941038,-19.316174,0</coordinates>
        </Point>
      </Placemark>
      <Placemark>
        <name>Ombika - Month 8</name>
        <description>Waterhole: Ombika, Month: 8, Time: 2010-08-03 02:40:00, Lon: 15.942934, Lat: -19.314718</description>
        <styleUrl>#month8_style</styleUrl>
        <Point>
          <coordinates>15.942934,-19.314718,0</coordinates>
        </Point>
      </Placemark>
      <Placemark>
        <name>Ombika - Month 8</name>
        <description>Waterhole: Ombika, Month: 8, Time: 2010-08-03 03:00:00, Lon: 15.947997, Lat: -19.310276</description>
        <styleUrl>#month8_style</styleUrl>
        <Point>
          <coordinates>15.947997,-19.310276,0</coordinates>
        </Point>
      </Placemark>
      <Placemark>
        <name>Ombika - Month 8</name>
        <description>Waterhole: Ombika, Month: 8, Time: 2010-08-04 18:00:00, Lon: 15.942699, Lat: -19.315753</description>
        <styleUrl>#month8_style</styleUrl>
        <Point>
          <coordinates>15.942699,-19.315753,0</coordinates>
        </Point>
      </Placemark>
      <Placemark>
        <name>Ombika - Month 8</name>
        <description>Waterhole: Ombika, Month: 8, Time: 2010-08-04 18:20:00, Lon: 15.941100, Lat: -19.316239</description>
        <styleUrl>#month8_style</styleUrl>
        <Point>
          <coordinates>15.941100,-19.316239,0</coordinates>
        </Point>
      </Placemark>
      <Placemark>
        <name>Ombika - Month 8</name>
        <description>Waterhole: Ombika, Month: 8, Time: 2010-08-04 18:40:00, Lon: 15.941057, Lat: -19.316270</description>
        <styleUrl>#month8_style</styleUrl>
        <Point>
          <coordinates>15.941057,-19.316270,0</coordinates>
        </Point>
      </Placemark>
      <Placemark>
        <name>Ombika - Month 8</name>
        <description>Waterhole: Ombika, Month: 8, Time: 2010-08-04 19:00:00, Lon: 15.944629, Lat: -19.313491</description>
        <styleUrl>#month8_style</styleUrl>
        <Point>
          <coordinates>15.944629,-19.313491,0</coordinates>
        </Point>
      </Placemark>
      <Placemark>
        <name>Ombika - Month 8</name>
        <description>Waterhole: Ombika, Month: 8, Time: 2010-08-05 20:40:00, Lon: 15.942671, Lat: -19.311792</description>
        <styleUrl>#month8_style</styleUrl>
        <Point>
          <coordinates>15.942671,-19.311792,0</coordinates>
        </Point>
      </Placemark>
      <Placemark>
        <name>Ombika - Month 8</name>
        <description>Waterhole: Ombika, Month: 8, Time: 2010-08-05 21:00:00, Lon: 15.941273, Lat: -19.316024</description>
        <styleUrl>#month8_style</styleUrl>
        <Point>
          <coordinates>15.941273,-19.316024,0</coordinates>
        </Point>
      </Placemark>
      <Placemark>
        <name>Ombika - Month 8</name>
        <description>Waterhole: Ombika, Month: 8, Time: 2010-08-05 21:20:00, Lon: 15.941174, Lat: -19.316182</description>
        <styleUrl>#month8_style</styleUrl>
        <Point>
          <coordinates>15.941174,-19.316182,0</coordinates>
        </Point>
      </Placemark>
      <Placemark>
        <name>Ombika - Month 8</name>
        <description>Waterhole: Ombika, Month: 8, Time: 2010-08-05 21:40:00, Lon: 15.941039, Lat: -19.316125</description>
        <styleUrl>#month8_style</styleUrl>
        <Point>
          <coordinates>15.941039,-19.316125,0</coordinates>
        </Point>
      </Placemark>
      <Placemark>
        <name>Ombika - Month 8</name>
        <description>Waterhole: Ombika, Month: 8, Time: 2010-08-05 22:00:00, Lon: 15.941060, Lat: -19.316176</description>
        <styleUrl>#month8_style</styleUrl>
        <Point>
          <coordinates>15.941060,-19.316176,0</coordinates>
        </Point>
      </Placemark>
      <Placemark>
        <name>Ombika - Month 8</name>
        <description>Waterhole: Ombika, Month: 8, Time: 2010-08-05 22:20:00, Lon: 15.941532, Lat: -19.315566</description>
        <styleUrl>#month8_style</styleUrl>
        <Point>
          <coordinates>15.941532,-19.315566,0</coordinates>
        </Point>
      </Placemark>
      <Placemark>
        <name>Ombika - Month 8</name>
        <description>Waterhole: Ombika, Month: 8, Time: 2010-08-05 22:40:00, Lon: 15.941076, Lat: -19.315808</description>
        <styleUrl>#month8_style</styleUrl>
        <Point>
          <coordinates>15.941076,-19.315808,0</coordinates>
        </Point>
      </Placemark>
      <Placemark>
        <name>Ombika - Month 8</name>
        <description>Waterhole: Ombika, Month: 8, Time: 2010-08-05 23:00:00, Lon: 15.938808, Lat: -19.307511</description>
        <styleUrl>#month8_style</styleUrl>
        <Point>
          <coordinates>15.938808,-19.307511,0</coordinates>
        </Point>
      </Placemark>
      <Placemark>
        <name>Ombika - Month 8</name>
        <description>Waterhole: Ombika, Month: 8, Time: 2010-08-07 17:40:00, Lon: 15.941021, Lat: -19.312347</description>
        <styleUrl>#month8_style</styleUrl>
        <Point>
          <coordinates>15.941021,-19.312347,0</coordinates>
        </Point>
      </Placemark>
      <Placemark>
        <name>Ombika - Month 8</name>
        <description>Waterhole: Ombika, Month: 8, Time: 2010-08-07 18:00:00, Lon: 15.941105, Lat: -19.316231</description>
        <styleUrl>#month8_style</styleUrl>
        <Point>
          <coordinates>15.941105,-19.316231,0</coordinates>
        </Point>
      </Placemark>
      <Placemark>
        <name>Ombika - Month 8</name>
        <description>Waterhole: Ombika, Month: 8, Time: 2010-08-07 18:20:00, Lon: 15.941023, Lat: -19.316201</description>
        <styleUrl>#month8_style</styleUrl>
        <Point>
          <coordinates>15.941023,-19.316201,0</coordinates>
        </Point>
      </Placemark>
      <Placemark>
        <name>Ombika - Month 8</name>
        <description>Waterhole: Ombika, Month: 8, Time: 2010-08-07 18:40:00, Lon: 15.941084, Lat: -19.316125</description>
        <styleUrl>#month8_style</styleUrl>
        <Point>
          <coordinates>15.941084,-19.316125,0</coordinates>
        </Point>
      </Placemark>
      <Placemark>
        <name>Ombika - Month 8</name>
        <description>Waterhole: Ombika, Month: 8, Time: 2010-08-07 19:00:00, Lon: 15.941038, Lat: -19.316252</description>
        <styleUrl>#month8_style</styleUrl>
        <Point>
          <coordinates>15.941038,-19.316252,0</coordinates>
        </Point>
      </Placemark>
      <Placemark>
        <name>Ombika - Month 8</name>
        <description>Waterhole: Ombika, Month: 8, Time: 2010-08-07 19:20:00, Lon: 15.944635, Lat: -19.313802</description>
        <styleUrl>#month8_style</styleUrl>
        <Point>
          <coordinates>15.944635,-19.313802,0</coordinates>
        </Point>
      </Placemark>
      <Placemark>
        <name>Ombika - Month 8</name>
        <description>Waterhole: Ombika, Month: 8, Time: 2010-08-07 19:40:00, Lon: 15.945551, Lat: -19.313367</description>
        <styleUrl>#month8_style</styleUrl>
        <Point>
          <coordinates>15.945551,-19.313367,0</coordinates>
        </Point>
      </Placemark>
      <Placemark>
        <name>Ombika - Month 8</name>
        <description>Waterhole: Ombika, Month: 8, Time: 2010-08-07 20:00:00, Lon: 15.946479, Lat: -19.313289</description>
        <styleUrl>#month8_style</styleUrl>
        <Point>
          <coordinates>15.946479,-19.313289,0</coordinates>
        </Point>
      </Placemark>
      <Placemark>
        <name>Ombika - Month 8</name>
        <description>Waterhole: Ombika, Month: 8, Time: 2010-08-07 20:20:00, Lon: 15.946588, Lat: -19.313076</description>
        <styleUrl>#month8_style</styleUrl>
        <Point>
          <coordinates>15.946588,-19.313076,0</coordinates>
        </Point>
      </Placemark>
      <Placemark>
        <name>Ombika - Month 8</name>
        <description>Waterhole: Ombika, Month: 8, Time: 2010-08-07 20:40:00, Lon: 15.948235, Lat: -19.311635</description>
        <styleUrl>#month8_style</styleUrl>
        <Point>
          <coordinates>15.948235,-19.311635,0</coordinates>
        </Point>
      </Placemark>
      <Placemark>
        <name>Ombika - Month 8</name>
        <description>Waterhole: Ombika, Month: 8, Time: 2010-08-09 00:20:00, Lon: 15.947088, Lat: -19.316510</description>
        <styleUrl>#month8_style</styleUrl>
        <Point>
          <coordinates>15.947088,-19.316510,0</coordinates>
        </Point>
      </Placemark>
      <Placemark>
        <name>Ombika - Month 8</name>
        <description>Waterhole: Ombika, Month: 8, Time: 2010-08-09 00:40:00, Lon: 15.945224, Lat: -19.316581</description>
        <styleUrl>#month8_style</styleUrl>
        <Point>
          <coordinates>15.945224,-19.316581,0</coordinates>
        </Point>
      </Placemark>
      <Placemark>
        <name>Ombika - Month 8</name>
        <description>Waterhole: Ombika, Month: 8, Time: 2010-08-09 01:00:00, Lon: 15.944489, Lat: -19.316268</description>
        <styleUrl>#month8_style</styleUrl>
        <Point>
          <coordinates>15.944489,-19.316268,0</coordinates>
        </Point>
      </Placemark>
      <Placemark>
        <name>Ombika - Month 8</name>
        <description>Waterhole: Ombika, Month: 8, Time: 2010-08-09 01:20:00, Lon: 15.943947, Lat: -19.316007</description>
        <styleUrl>#month8_style</styleUrl>
        <Point>
          <coordinates>15.943947,-19.316007,0</coordinates>
        </Point>
      </Placemark>
      <Placemark>
        <name>Ombika - Month 8</name>
        <description>Waterhole: Ombika, Month: 8, Time: 2010-08-09 01:40:00, Lon: 15.941090, Lat: -19.316239</description>
        <styleUrl>#month8_style</styleUrl>
        <Point>
          <coordinates>15.941090,-19.316239,0</coordinates>
        </Point>
      </Placemark>
      <Placemark>
        <name>Ombika - Month 8</name>
        <description>Waterhole: Ombika, Month: 8, Time: 2010-08-09 02:00:00, Lon: 15.941027, Lat: -19.316213</description>
        <styleUrl>#month8_style</styleUrl>
        <Point>
          <coordinates>15.941027,-19.316213,0</coordinates>
        </Point>
      </Placemark>
      <Placemark>
        <name>Ombika - Month 8</name>
        <description>Waterhole: Ombika, Month: 8, Time: 2010-08-09 02:20:00, Lon: 15.940981, Lat: -19.313322</description>
        <styleUrl>#month8_style</styleUrl>
        <Point>
          <coordinates>15.940981,-19.313322,0</coordinates>
        </Point>
      </Placemark>
      <Placemark>
        <name>Ombika - Month 8</name>
        <description>Waterhole: Ombika, Month: 8, Time: 2010-08-10 17:00:00, Lon: 15.934221, Lat: -19.313253</description>
        <styleUrl>#month8_style</styleUrl>
        <Point>
          <coordinates>15.934221,-19.313253,0</coordinates>
        </Point>
      </Placemark>
      <Placemark>
        <name>Ombika - Month 8</name>
        <description>Waterhole: Ombika, Month: 8, Time: 2010-08-10 17:20:00, Lon: 15.941111, Lat: -19.316250</description>
        <styleUrl>#month8_style</styleUrl>
        <Point>
          <coordinates>15.941111,-19.316250,0</coordinates>
        </Point>
      </Placemark>
      <Placemark>
        <name>Ombika - Month 8</name>
        <description>Waterhole: Ombika, Month: 8, Time: 2010-08-10 17:40:00, Lon: 15.941031, Lat: -19.316266</description>
        <styleUrl>#month8_style</styleUrl>
        <Point>
          <coordinates>15.941031,-19.316266,0</coordinates>
        </Point>
      </Placemark>
      <Placemark>
        <name>Ombika - Month 8</name>
        <description>Waterhole: Ombika, Month: 8, Time: 2010-08-10 18:00:00, Lon: 15.935569, Lat: -19.314671</description>
        <styleUrl>#month8_style</styleUrl>
        <Point>
          <coordinates>15.935569,-19.314671,0</coordinates>
        </Point>
      </Placemark>
      <Placemark>
        <name>Ombika - Month 8</name>
        <description>Waterhole: Ombika, Month: 8, Time: 2010-08-12 16:00:00, Lon: 15.935474, Lat: -19.313680</description>
        <styleUrl>#month8_style</styleUrl>
        <Point>
          <coordinates>15.935474,-19.313680,0</coordinates>
        </Point>
      </Placemark>
      <Placemark>
        <name>Ombika - Month 8</name>
        <description>Waterhole: Ombika, Month: 8, Time: 2010-08-12 16:20:00, Lon: 15.941061, Lat: -19.316203</description>
        <styleUrl>#month8_style</styleUrl>
        <Point>
          <coordinates>15.941061,-19.316203,0</coordinates>
        </Point>
      </Placemark>
      <Placemark>
        <name>Ombika - Month 8</name>
        <description>Waterhole: Ombika, Month: 8, Time: 2010-08-12 16:40:00, Lon: 15.941083, Lat: -19.316215</description>
        <styleUrl>#month8_style</styleUrl>
        <Point>
          <coordinates>15.941083,-19.316215,0</coordinates>
        </Point>
      </Placemark>
      <Placemark>
        <name>Ombika - Month 8</name>
        <description>Waterhole: Ombika, Month: 8, Time: 2010-08-12 17:00:00, Lon: 15.940035, Lat: -19.316634</description>
        <styleUrl>#month8_style</styleUrl>
        <Point>
          <coordinates>15.940035,-19.316634,0</coordinates>
        </Point>
      </Placemark>
      <Placemark>
        <name>Ombika - Month 8</name>
        <description>Waterhole: Ombika, Month: 8, Time: 2010-08-12 17:20:00, Lon: 15.936937, Lat: -19.319218</description>
        <styleUrl>#month8_style</styleUrl>
        <Point>
          <coordinates>15.936937,-19.319218,0</coordinates>
        </Point>
      </Placemark>
      <Placemark>
        <name>Ombika - Month 8</name>
        <description>Waterhole: Ombika, Month: 8, Time: 2010-08-12 17:40:00, Lon: 15.935645, Lat: -19.321383</description>
        <styleUrl>#month8_style</styleUrl>
        <Point>
          <coordinates>15.935645,-19.321383,0</coordinates>
        </Point>
      </Placemark>
      <Placemark>
        <name>Ombika - Month 8</name>
        <description>Waterhole: Ombika, Month: 8, Time: 2010-08-12 18:00:00, Lon: 15.934714, Lat: -19.321680</description>
        <styleUrl>#month8_style</styleUrl>
        <Point>
          <coordinates>15.934714,-19.321680,0</coordinates>
        </Point>
      </Placemark>
      <Placemark>
        <name>Ombika - Month 8</name>
        <description>Waterhole: Ombika, Month: 8, Time: 2010-08-12 18:20:00, Lon: 15.934592, Lat: -19.321348</description>
        <styleUrl>#month8_style</styleUrl>
        <Point>
          <coordinates>15.934592,-19.321348,0</coordinates>
        </Point>
      </Placemark>
      <Placemark>
        <name>Ombika - Month 8</name>
        <description>Waterhole: Ombika, Month: 8, Time: 2010-08-12 23:40:00, Lon: 15.934668, Lat: -19.321242</description>
        <styleUrl>#month8_style</styleUrl>
        <Point>
          <coordinates>15.934668,-19.321242,0</coordinates>
        </Point>
      </Placemark>
      <Placemark>
        <name>Ombika - Month 8</name>
        <description>Waterhole: Ombika, Month: 8, Time: 2010-08-13 00:00:00, Lon: 15.935210, Lat: -19.320414</description>
        <styleUrl>#month8_style</styleUrl>
        <Point>
          <coordinates>15.935210,-19.320414,0</coordinates>
        </Point>
      </Placemark>
      <Placemark>
        <name>Ombika - Month 8</name>
        <description>Waterhole: Ombika, Month: 8, Time: 2010-08-13 00:20:00, Lon: 15.936450, Lat: -19.317944</description>
        <styleUrl>#month8_style</styleUrl>
        <Point>
          <coordinates>15.936450,-19.317944,0</coordinates>
        </Point>
      </Placemark>
      <Placemark>
        <name>Ombika - Month 8</name>
        <description>Waterhole: Ombika, Month: 8, Time: 2010-08-13 00:40:00, Lon: 15.941091, Lat: -19.316191</description>
        <styleUrl>#month8_style</styleUrl>
        <Point>
          <coordinates>15.941091,-19.316191,0</coordinates>
        </Point>
      </Placemark>
      <Placemark>
        <name>Ombika - Month 8</name>
        <description>Waterhole: Ombika, Month: 8, Time: 2010-08-13 01:00:00, Lon: 15.940440, Lat: -19.314545</description>
        <styleUrl>#month8_style</styleUrl>
        <Point>
          <coordinates>15.940440,-19.314545,0</coordinates>
        </Point>
      </Placemark>
      <Placemark>
        <name>Ombika - Month 8</name>
        <description>Waterhole: Ombika, Month: 8, Time: 2010-08-13 01:20:00, Lon: 15.936335, Lat: -19.310797</description>
        <styleUrl>#month8_style</styleUrl>
        <Point>
          <coordinates>15.936335,-19.310797,0</coordinates>
        </Point>
      </Placemark>
      <Placemark>
        <name>Ombika - Month 8</name>
        <description>Waterhole: Ombika, Month: 8, Time: 2010-08-13 01:40:00, Lon: 15.935873, Lat: -19.309796</description>
        <styleUrl>#month8_style</styleUrl>
        <Point>
          <coordinates>15.935873,-19.309796,0</coordinates>
        </Point>
      </Placemark>
      <Placemark>
        <name>Ombika - Month 8</name>
        <description>Waterhole: Ombika, Month: 8, Time: 2010-08-14 17:20:00, Lon: 15.934111, Lat: -19.312380</description>
        <styleUrl>#month8_style</styleUrl>
        <Point>
          <coordinates>15.934111,-19.312380,0</coordinates>
        </Point>
      </Placemark>
      <Placemark>
        <name>Ombika - Month 8</name>
        <description>Waterhole: Ombika, Month: 8, Time: 2010-08-14 17:40:00, Lon: 15.939626, Lat: -19.315796</description>
        <styleUrl>#month8_style</styleUrl>
        <Point>
          <coordinates>15.939626,-19.315796,0</coordinates>
        </Point>
      </Placemark>
      <Placemark>
        <name>Ombika - Month 8</name>
        <description>Waterhole: Ombika, Month: 8, Time: 2010-08-14 18:00:00, Lon: 15.941095, Lat: -19.316237</description>
        <styleUrl>#month8_style</styleUrl>
        <Point>
          <coordinates>15.941095,-19.316237,0</coordinates>
        </Point>
      </Placemark>
      <Placemark>
        <name>Ombika - Month 8</name>
        <description>Waterhole: Ombika, Month: 8, Time: 2010-08-14 18:20:00, Lon: 15.941031, Lat: -19.316209</description>
        <styleUrl>#month8_style</styleUrl>
        <Point>
          <coordinates>15.941031,-19.316209,0</coordinates>
        </Point>
      </Placemark>
      <Placemark>
        <name>Ombika - Month 8</name>
        <description>Waterhole: Ombika, Month: 8, Time: 2010-08-14 18:40:00, Lon: 15.940540, Lat: -19.316073</description>
        <styleUrl>#month8_style</styleUrl>
        <Point>
          <coordinates>15.940540,-19.316073,0</coordinates>
        </Point>
      </Placemark>
      <Placemark>
        <name>Ombika - Month 8</name>
        <description>Waterhole: Ombika, Month: 8, Time: 2010-08-14 19:00:00, Lon: 15.936439, Lat: -19.314215</description>
        <styleUrl>#month8_style</styleUrl>
        <Point>
          <coordinates>15.936439,-19.314215,0</coordinates>
        </Point>
      </Placemark>
      <Placemark>
        <name>Ombika - Month 8</name>
        <description>Waterhole: Ombika, Month: 8, Time: 2010-08-14 19:20:00, Lon: 15.936367, Lat: -19.313611</description>
        <styleUrl>#month8_style</styleUrl>
        <Point>
          <coordinates>15.936367,-19.313611,0</coordinates>
        </Point>
      </Placemark>
      <Placemark>
        <name>Ombika - Month 8</name>
        <description>Waterhole: Ombika, Month: 8, Time: 2010-08-14 19:40:00, Lon: 15.935578, Lat: -19.312516</description>
        <styleUrl>#month8_style</styleUrl>
        <Point>
          <coordinates>15.935578,-19.312516,0</coordinates>
        </Point>
      </Placemark>
      <Placemark>
        <name>Ombika - Month 8</name>
        <description>Waterhole: Ombika, Month: 8, Time: 2010-08-14 20:00:00, Lon: 15.933864, Lat: -19.311715</description>
        <styleUrl>#month8_style</styleUrl>
        <Point>
          <coordinates>15.933864,-19.311715,0</coordinates>
        </Point>
      </Placemark>
      <Placemark>
        <name>Ombika - Month 8</name>
        <description>Waterhole: Ombika, Month: 8, Time: 2010-08-16 17:40:00, Lon: 15.933577, Lat: -19.312032</description>
        <styleUrl>#month8_style</styleUrl>
        <Point>
          <coordinates>15.933577,-19.312032,0</coordinates>
        </Point>
      </Placemark>
      <Placemark>
        <name>Ombika - Month 8</name>
        <description>Waterhole: Ombika, Month: 8, Time: 2010-08-16 18:00:00, Lon: 15.941086, Lat: -19.316233</description>
        <styleUrl>#month8_style</styleUrl>
        <Point>
          <coordinates>15.941086,-19.316233,0</coordinates>
        </Point>
      </Placemark>
      <Placemark>
        <name>Ombika - Month 8</name>
        <description>Waterhole: Ombika, Month: 8, Time: 2010-08-16 18:20:00, Lon: 15.941057, Lat: -19.316248</description>
        <styleUrl>#month8_style</styleUrl>
        <Point>
          <coordinates>15.941057,-19.316248,0</coordinates>
        </Point>
      </Placemark>
      <Placemark>
        <name>Ombika - Month 8</name>
        <description>Waterhole: Ombika, Month: 8, Time: 2010-08-16 18:40:00, Lon: 15.939826, Lat: -19.315820</description>
        <styleUrl>#month8_style</styleUrl>
        <Point>
          <coordinates>15.939826,-19.315820,0</coordinates>
        </Point>
      </Placemark>
      <Placemark>
        <name>Ombika - Month 8</name>
        <description>Waterhole: Ombika, Month: 8, Time: 2010-08-16 19:00:00, Lon: 15.938147, Lat: -19.314268</description>
        <styleUrl>#month8_style</styleUrl>
        <Point>
          <coordinates>15.938147,-19.314268,0</coordinates>
        </Point>
      </Placemark>
      <Placemark>
        <name>Ombika - Month 8</name>
        <description>Waterhole: Ombika, Month: 8, Time: 2010-08-16 19:20:00, Lon: 15.937783, Lat: -19.313479</description>
        <styleUrl>#month8_style</styleUrl>
        <Point>
          <coordinates>15.937783,-19.313479,0</coordinates>
        </Point>
      </Placemark>
      <Placemark>
        <name>Ombika - Month 8</name>
        <description>Waterhole: Ombika, Month: 8, Time: 2010-08-16 19:40:00, Lon: 15.936142, Lat: -19.311898</description>
        <styleUrl>#month8_style</styleUrl>
        <Point>
          <coordinates>15.936142,-19.311898,0</coordinates>
        </Point>
      </Placemark>
      <Placemark>
        <name>Ombika - Month 8</name>
        <description>Waterhole: Ombika, Month: 8, Time: 2010-08-16 20:00:00, Lon: 15.935226, Lat: -19.311534</description>
        <styleUrl>#month8_style</styleUrl>
        <Point>
          <coordinates>15.935226,-19.311534,0</coordinates>
        </Point>
      </Placemark>
      <Placemark>
        <name>Ombika - Month 8</name>
        <description>Waterhole: Ombika, Month: 8, Time: 2010-08-16 20:20:00, Lon: 15.934080, Lat: -19.311218</description>
        <styleUrl>#month8_style</styleUrl>
        <Point>
          <coordinates>15.934080,-19.311218,0</coordinates>
        </Point>
      </Placemark>
      <Placemark>
        <name>Ombika - Month 8</name>
        <description>Waterhole: Ombika, Month: 8, Time: 2010-08-16 20:40:00, Lon: 15.933663, Lat: -19.311206</description>
        <styleUrl>#month8_style</styleUrl>
        <Point>
          <coordinates>15.933663,-19.311206,0</coordinates>
        </Point>
      </Placemark>
      <Placemark>
        <name>Ombika - Month 8</name>
        <description>Waterhole: Ombika, Month: 8, Time: 2010-08-17 18:00:00, Lon: 15.934209, Lat: -19.310232</description>
        <styleUrl>#month8_style</styleUrl>
        <Point>
          <coordinates>15.934209,-19.310232,0</coordinates>
        </Point>
      </Placemark>
      <Placemark>
        <name>Ombika - Month 8</name>
        <description>Waterhole: Ombika, Month: 8, Time: 2010-08-17 18:20:00, Lon: 15.936401, Lat: -19.311731</description>
        <styleUrl>#month8_style</styleUrl>
        <Point>
          <coordinates>15.936401,-19.311731,0</coordinates>
        </Point>
      </Placemark>
      <Placemark>
        <name>Ombika - Month 8</name>
        <description>Waterhole: Ombika, Month: 8, Time: 2010-08-17 18:40:00, Lon: 15.936625, Lat: -19.312044</description>
        <styleUrl>#month8_style</styleUrl>
        <Point>
          <coordinates>15.936625,-19.312044,0</coordinates>
        </Point>
      </Placemark>
      <Placemark>
        <name>Ombika - Month 8</name>
        <description>Waterhole: Ombika, Month: 8, Time: 2010-08-17 19:00:00, Lon: 15.937291, Lat: -19.312140</description>
        <styleUrl>#month8_style</styleUrl>
        <Point>
          <coordinates>15.937291,-19.312140,0</coordinates>
        </Point>
      </Placemark>
      <Placemark>
        <name>Ombika - Month 8</name>
        <description>Waterhole: Ombika, Month: 8, Time: 2010-08-17 19:20:00, Lon: 15.941107, Lat: -19.316180</description>
        <styleUrl>#month8_style</styleUrl>
        <Point>
          <coordinates>15.941107,-19.316180,0</coordinates>
        </Point>
      </Placemark>
      <Placemark>
        <name>Ombika - Month 8</name>
        <description>Waterhole: Ombika, Month: 8, Time: 2010-08-17 19:40:00, Lon: 15.941145, Lat: -19.316164</description>
        <styleUrl>#month8_style</styleUrl>
        <Point>
          <coordinates>15.941145,-19.316164,0</coordinates>
        </Point>
      </Placemark>
      <Placemark>
        <name>Ombika - Month 8</name>
        <description>Waterhole: Ombika, Month: 8, Time: 2010-08-17 20:00:00, Lon: 15.941476, Lat: -19.315609</description>
        <styleUrl>#month8_style</styleUrl>
        <Point>
          <coordinates>15.941476,-19.315609,0</coordinates>
        </Point>
      </Placemark>
      <Placemark>
        <name>Ombika - Month 8</name>
        <description>Waterhole: Ombika, Month: 8, Time: 2010-08-17 20:20:00, Lon: 15.942380, Lat: -19.313420</description>
        <styleUrl>#month8_style</styleUrl>
        <Point>
          <coordinates>15.942380,-19.313420,0</coordinates>
        </Point>
      </Placemark>
      <Placemark>
        <name>Ombika - Month 8</name>
        <description>Waterhole: Ombika, Month: 8, Time: 2010-08-17 20:40:00, Lon: 15.939883, Lat: -19.307686</description>
        <styleUrl>#month8_style</styleUrl>
        <Point>
          <coordinates>15.939883,-19.307686,0</coordinates>
        </Point>
      </Placemark>
      <Placemark>
        <name>Ombika - Month 8</name>
        <description>Waterhole: Ombika, Month: 8, Time: 2010-08-18 20:00:00, Lon: 15.946835, Lat: -19.312356</description>
        <styleUrl>#month8_style</styleUrl>
        <Point>
          <coordinates>15.946835,-19.312356,0</coordinates>
        </Point>
      </Placemark>
      <Placemark>
        <name>Ombika - Month 8</name>
        <description>Waterhole: Ombika, Month: 8, Time: 2010-08-18 20:20:00, Lon: 15.947428, Lat: -19.312895</description>
        <styleUrl>#month8_style</styleUrl>
        <Point>
          <coordinates>15.947428,-19.312895,0</coordinates>
        </Point>
      </Placemark>
      <Placemark>
        <name>Ombika - Month 8</name>
        <description>Waterhole: Ombika, Month: 8, Time: 2010-08-18 20:40:00, Lon: 15.945493, Lat: -19.313481</description>
        <styleUrl>#month8_style</styleUrl>
        <Point>
          <coordinates>15.945493,-19.313481,0</coordinates>
        </Point>
      </Placemark>
      <Placemark>
        <name>Ombika - Month 8</name>
        <description>Waterhole: Ombika, Month: 8, Time: 2010-08-18 21:00:00, Lon: 15.941091, Lat: -19.316248</description>
        <styleUrl>#month8_style</styleUrl>
        <Point>
          <coordinates>15.941091,-19.316248,0</coordinates>
        </Point>
      </Placemark>
      <Placemark>
        <name>Ombika - Month 8</name>
        <description>Waterhole: Ombika, Month: 8, Time: 2010-08-18 21:20:00, Lon: 15.941158, Lat: -19.315363</description>
        <styleUrl>#month8_style</styleUrl>
        <Point>
          <coordinates>15.941158,-19.315363,0</coordinates>
        </Point>
      </Placemark>
      <Placemark>
        <name>Ombika - Month 8</name>
        <description>Waterhole: Ombika, Month: 8, Time: 2010-08-18 21:40:00, Lon: 15.940425, Lat: -19.311255</description>
        <styleUrl>#month8_style</styleUrl>
        <Point>
          <coordinates>15.940425,-19.311255,0</coordinates>
        </Point>
      </Placemark>
      <Placemark>
        <name>Ombika - Month 8</name>
        <description>Waterhole: Ombika, Month: 8, Time: 2010-08-18 22:00:00, Lon: 15.939274, Lat: -19.309617</description>
        <styleUrl>#month8_style</styleUrl>
        <Point>
          <coordinates>15.939274,-19.309617,0</coordinates>
        </Point>
      </Placemark>
      <Placemark>
        <name>Ombika - Month 8</name>
        <description>Waterhole: Ombika, Month: 8, Time: 2010-08-20 20:00:00, Lon: 15.942866, Lat: -19.311082</description>
        <styleUrl>#month8_style</styleUrl>
        <Point>
          <coordinates>15.942866,-19.311082,0</coordinates>
        </Point>
      </Placemark>
      <Placemark>
        <name>Ombika - Month 8</name>
        <description>Waterhole: Ombika, Month: 8, Time: 2010-08-20 20:20:00, Lon: 15.940961, Lat: -19.316134</description>
        <styleUrl>#month8_style</styleUrl>
        <Point>
          <coordinates>15.940961,-19.316134,0</coordinates>
        </Point>
      </Placemark>
      <Placemark>
        <name>Ombika - Month 8</name>
        <description>Waterhole: Ombika, Month: 8, Time: 2010-08-20 20:40:00, Lon: 15.941007, Lat: -19.316197</description>
        <styleUrl>#month8_style</styleUrl>
        <Point>
          <coordinates>15.941007,-19.316197,0</coordinates>
        </Point>
      </Placemark>
      <Placemark>
        <name>Ombika - Month 8</name>
        <description>Waterhole: Ombika, Month: 8, Time: 2010-08-20 21:00:00, Lon: 15.941125, Lat: -19.316115</description>
        <styleUrl>#month8_style</styleUrl>
        <Point>
          <coordinates>15.941125,-19.316115,0</coordinates>
        </Point>
      </Placemark>
      <Placemark>
        <name>Ombika - Month 8</name>
        <description>Waterhole: Ombika, Month: 8, Time: 2010-08-20 21:20:00, Lon: 15.941102, Lat: -19.316211</description>
        <styleUrl>#month8_style</styleUrl>
        <Point>
          <coordinates>15.941102,-19.316211,0</coordinates>
        </Point>
      </Placemark>
      <Placemark>
        <name>Ombika - Month 8</name>
        <description>Waterhole: Ombika, Month: 8, Time: 2010-08-20 21:40:00, Lon: 15.941115, Lat: -19.316176</description>
        <styleUrl>#month8_style</styleUrl>
        <Point>
          <coordinates>15.941115,-19.316176,0</coordinates>
        </Point>
      </Placemark>
      <Placemark>
        <name>Ombika - Month 8</name>
        <description>Waterhole: Ombika, Month: 8, Time: 2010-08-20 22:00:00, Lon: 15.940968, Lat: -19.316160</description>
        <styleUrl>#month8_style</styleUrl>
        <Point>
          <coordinates>15.940968,-19.316160,0</coordinates>
        </Point>
      </Placemark>
      <Placemark>
        <name>Ombika - Month 8</name>
        <description>Waterhole: Ombika, Month: 8, Time: 2010-08-20 22:20:00, Lon: 15.941038, Lat: -19.316217</description>
        <styleUrl>#month8_style</styleUrl>
        <Point>
          <coordinates>15.941038,-19.316217,0</coordinates>
        </Point>
      </Placemark>
      <Placemark>
        <name>Ombika - Month 8</name>
        <description>Waterhole: Ombika, Month: 8, Time: 2010-08-20 22:40:00, Lon: 15.944339, Lat: -19.314073</description>
        <styleUrl>#month8_style</styleUrl>
        <Point>
          <coordinates>15.944339,-19.314073,0</coordinates>
        </Point>
      </Placemark>
      <Placemark>
        <name>Ombika - Month 8</name>
        <description>Waterhole: Ombika, Month: 8, Time: 2010-08-20 23:00:00, Lon: 15.945063, Lat: -19.312555</description>
        <styleUrl>#month8_style</styleUrl>
        <Point>
          <coordinates>15.945063,-19.312555,0</coordinates>
        </Point>
      </Placemark>
      <Placemark>
        <name>Ombika - Month 8</name>
        <description>Waterhole: Ombika, Month: 8, Time: 2010-08-20 23:20:00, Lon: 15.945209, Lat: -19.312059</description>
        <styleUrl>#month8_style</styleUrl>
        <Point>
          <coordinates>15.945209,-19.312059,0</coordinates>
        </Point>
      </Placemark>
      <Placemark>
        <name>Ombika - Month 8</name>
        <description>Waterhole: Ombika, Month: 8, Time: 2010-08-20 23:40:00, Lon: 15.947397, Lat: -19.310675</description>
        <styleUrl>#month8_style</styleUrl>
        <Point>
          <coordinates>15.947397,-19.310675,0</coordinates>
        </Point>
      </Placemark>
      <Placemark>
        <name>Ombika - Month 8</name>
        <description>Waterhole: Ombika, Month: 8, Time: 2010-08-23 20:40:00, Lon: 15.944114, Lat: -19.308777</description>
        <styleUrl>#month8_style</styleUrl>
        <Point>
          <coordinates>15.944114,-19.308777,0</coordinates>
        </Point>
      </Placemark>
      <Placemark>
        <name>Ombika - Month 8</name>
        <description>Waterhole: Ombika, Month: 8, Time: 2010-08-23 21:00:00, Lon: 15.944533, Lat: -19.310000</description>
        <styleUrl>#month8_style</styleUrl>
        <Point>
          <coordinates>15.944533,-19.310000,0</coordinates>
        </Point>
      </Placemark>
      <Placemark>
        <name>Ombika - Month 8</name>
        <description>Waterhole: Ombika, Month: 8, Time: 2010-08-23 21:20:00, Lon: 15.944069, Lat: -19.311298</description>
        <styleUrl>#month8_style</styleUrl>
        <Point>
          <coordinates>15.944069,-19.311298,0</coordinates>
        </Point>
      </Placemark>
      <Placemark>
        <name>Ombika - Month 8</name>
        <description>Waterhole: Ombika, Month: 8, Time: 2010-08-23 21:40:00, Lon: 15.944128, Lat: -19.312028</description>
        <styleUrl>#month8_style</styleUrl>
        <Point>
          <coordinates>15.944128,-19.312028,0</coordinates>
        </Point>
      </Placemark>
      <Placemark>
        <name>Ombika - Month 8</name>
        <description>Waterhole: Ombika, Month: 8, Time: 2010-08-23 22:00:00, Lon: 15.943743, Lat: -19.314337</description>
        <styleUrl>#month8_style</styleUrl>
        <Point>
          <coordinates>15.943743,-19.314337,0</coordinates>
        </Point>
      </Placemark>
      <Placemark>
        <name>Ombika - Month 8</name>
        <description>Waterhole: Ombika, Month: 8, Time: 2010-08-23 22:20:00, Lon: 15.940856, Lat: -19.316345</description>
        <styleUrl>#month8_style</styleUrl>
        <Point>
          <coordinates>15.940856,-19.316345,0</coordinates>
        </Point>
      </Placemark>
      <Placemark>
        <name>Ombika - Month 8</name>
        <description>Waterhole: Ombika, Month: 8, Time: 2010-08-23 22:40:00, Lon: 15.942989, Lat: -19.314703</description>
        <styleUrl>#month8_style</styleUrl>
        <Point>
          <coordinates>15.942989,-19.314703,0</coordinates>
        </Point>
      </Placemark>
      <Placemark>
        <name>Ombika - Month 8</name>
        <description>Waterhole: Ombika, Month: 8, Time: 2010-08-23 23:00:00, Lon: 15.945027, Lat: -19.313247</description>
        <styleUrl>#month8_style</styleUrl>
        <Point>
          <coordinates>15.945027,-19.313247,0</coordinates>
        </Point>
      </Placemark>
      <Placemark>
        <name>Ombika - Month 8</name>
        <description>Waterhole: Ombika, Month: 8, Time: 2010-08-25 17:20:00, Lon: 15.946435, Lat: -19.314811</description>
        <styleUrl>#month8_style</styleUrl>
        <Point>
          <coordinates>15.946435,-19.314811,0</coordinates>
        </Point>
      </Placemark>
      <Placemark>
        <name>Ombika - Month 8</name>
        <description>Waterhole: Ombika, Month: 8, Time: 2010-08-25 17:40:00, Lon: 15.941046, Lat: -19.316180</description>
        <styleUrl>#month8_style</styleUrl>
        <Point>
          <coordinates>15.941046,-19.316180,0</coordinates>
        </Point>
      </Placemark>
      <Placemark>
        <name>Ombika - Month 8</name>
        <description>Waterhole: Ombika, Month: 8, Time: 2010-08-25 18:00:00, Lon: 15.941054, Lat: -19.316209</description>
        <styleUrl>#month8_style</styleUrl>
        <Point>
          <coordinates>15.941054,-19.316209,0</coordinates>
        </Point>
      </Placemark>
      <Placemark>
        <name>Ombika - Month 8</name>
        <description>Waterhole: Ombika, Month: 8, Time: 2010-08-25 18:20:00, Lon: 15.936944, Lat: -19.314646</description>
        <styleUrl>#month8_style</styleUrl>
        <Point>
          <coordinates>15.936944,-19.314646,0</coordinates>
        </Point>
      </Placemark>
      <Placemark>
        <name>Ombika - Month 8</name>
        <description>Waterhole: Ombika, Month: 8, Time: 2010-08-25 18:40:00, Lon: 15.935178, Lat: -19.314386</description>
        <styleUrl>#month8_style</styleUrl>
        <Point>
          <coordinates>15.935178,-19.314386,0</coordinates>
        </Point>
      </Placemark>
      <Placemark>
        <name>Ombika - Month 8</name>
        <description>Waterhole: Ombika, Month: 8, Time: 2010-08-25 19:00:00, Lon: 15.932643, Lat: -19.313810</description>
        <styleUrl>#month8_style</styleUrl>
        <Point>
          <coordinates>15.932643,-19.313810,0</coordinates>
        </Point>
      </Placemark>
      <Placemark>
        <name>Ombika - Month 8</name>
        <description>Waterhole: Ombika, Month: 8, Time: 2010-08-26 17:20:00, Lon: 15.935896, Lat: -19.313328</description>
        <styleUrl>#month8_style</styleUrl>
        <Point>
          <coordinates>15.935896,-19.313328,0</coordinates>
        </Point>
      </Placemark>
      <Placemark>
        <name>Ombika - Month 8</name>
        <description>Waterhole: Ombika, Month: 8, Time: 2010-08-26 17:40:00, Lon: 15.939333, Lat: -19.315694</description>
        <styleUrl>#month8_style</styleUrl>
        <Point>
          <coordinates>15.939333,-19.315694,0</coordinates>
        </Point>
      </Placemark>
      <Placemark>
        <name>Ombika - Month 8</name>
        <description>Waterhole: Ombika, Month: 8, Time: 2010-08-26 18:00:00, Lon: 15.941113, Lat: -19.316237</description>
        <styleUrl>#month8_style</styleUrl>
        <Point>
          <coordinates>15.941113,-19.316237,0</coordinates>
        </Point>
      </Placemark>
      <Placemark>
        <name>Ombika - Month 8</name>
        <description>Waterhole: Ombika, Month: 8, Time: 2010-08-26 18:20:00, Lon: 15.941146, Lat: -19.316235</description>
        <styleUrl>#month8_style</styleUrl>
        <Point>
          <coordinates>15.941146,-19.316235,0</coordinates>
        </Point>
      </Placemark>
      <Placemark>
        <name>Ombika - Month 8</name>
        <description>Waterhole: Ombika, Month: 8, Time: 2010-08-26 18:40:00, Lon: 15.941123, Lat: -19.316189</description>
        <styleUrl>#month8_style</styleUrl>
        <Point>
          <coordinates>15.941123,-19.316189,0</coordinates>
        </Point>
      </Placemark>
      <Placemark>
        <name>Ombika - Month 8</name>
        <description>Waterhole: Ombika, Month: 8, Time: 2010-08-26 19:00:00, Lon: 15.938058, Lat: -19.312773</description>
        <styleUrl>#month8_style</styleUrl>
        <Point>
          <coordinates>15.938058,-19.312773,0</coordinates>
        </Point>
      </Placemark>
      <Placemark>
        <name>Ombika - Month 8</name>
        <description>Waterhole: Ombika, Month: 8, Time: 2010-08-26 19:20:00, Lon: 15.937244, Lat: -19.312113</description>
        <styleUrl>#month8_style</styleUrl>
        <Point>
          <coordinates>15.937244,-19.312113,0</coordinates>
        </Point>
      </Placemark>
      <Placemark>
        <name>Ombika - Month 8</name>
        <description>Waterhole: Ombika, Month: 8, Time: 2010-08-26 19:40:00, Lon: 15.936565, Lat: -19.311589</description>
        <styleUrl>#month8_style</styleUrl>
        <Point>
          <coordinates>15.936565,-19.311589,0</coordinates>
        </Point>
      </Placemark>
      <Placemark>
        <name>Ombika - Month 8</name>
        <description>Waterhole: Ombika, Month: 8, Time: 2010-08-26 20:00:00, Lon: 15.934706, Lat: -19.309812</description>
        <styleUrl>#month8_style</styleUrl>
        <Point>
          <coordinates>15.934706,-19.309812,0</coordinates>
        </Point>
      </Placemark>
      <Placemark>
        <name>Ombika - Month 8</name>
        <description>Waterhole: Ombika, Month: 8, Time: 2010-08-28 20:20:00, Lon: 15.940180, Lat: -19.310811</description>
        <styleUrl>#month8_style</styleUrl>
        <Point>
          <coordinates>15.940180,-19.310811,0</coordinates>
        </Point>
      </Placemark>
      <Placemark>
        <name>Ombika - Month 8</name>
        <description>Waterhole: Ombika, Month: 8, Time: 2010-08-28 20:40:00, Lon: 15.941121, Lat: -19.316207</description>
        <styleUrl>#month8_style</styleUrl>
        <Point>
          <coordinates>15.941121,-19.316207,0</coordinates>
        </Point>
      </Placemark>
      <Placemark>
        <name>Ombika - Month 8</name>
        <description>Waterhole: Ombika, Month: 8, Time: 2010-08-28 21:00:00, Lon: 15.941138, Lat: -19.316160</description>
        <styleUrl>#month8_style</styleUrl>
        <Point>
          <coordinates>15.941138,-19.316160,0</coordinates>
        </Point>
      </Placemark>
      <Placemark>
        <name>Ombika - Month 8</name>
        <description>Waterhole: Ombika, Month: 8, Time: 2010-08-28 21:20:00, Lon: 15.944325, Lat: -19.313804</description>
        <styleUrl>#month8_style</styleUrl>
        <Point>
          <coordinates>15.944325,-19.313804,0</coordinates>
        </Point>
      </Placemark>
      <Placemark>
        <name>Ombika - Month 8</name>
        <description>Waterhole: Ombika, Month: 8, Time: 2010-08-28 21:40:00, Lon: 15.944567, Lat: -19.313076</description>
        <styleUrl>#month8_style</styleUrl>
        <Point>
          <coordinates>15.944567,-19.313076,0</coordinates>
        </Point>
      </Placemark>
      <Placemark>
        <name>Ombika - Month 8</name>
        <description>Waterhole: Ombika, Month: 8, Time: 2010-08-28 22:00:00, Lon: 15.945070, Lat: -19.311383</description>
        <styleUrl>#month8_style</styleUrl>
        <Point>
          <coordinates>15.945070,-19.311383,0</coordinates>
        </Point>
      </Placemark>
      <Placemark>
        <name>Ombika - Month 8</name>
        <description>Waterhole: Ombika, Month: 8, Time: 2010-08-28 22:20:00, Lon: 15.945149, Lat: -19.310643</description>
        <styleUrl>#month8_style</styleUrl>
        <Point>
          <coordinates>15.945149,-19.310643,0</coordinates>
        </Point>
      </Placemark>
      <Placemark>
        <name>Ombika - Month 8</name>
        <description>Waterhole: Ombika, Month: 8, Time: 2010-08-29 22:00:00, Lon: 15.942811, Lat: -19.311294</description>
        <styleUrl>#month8_style</styleUrl>
        <Point>
          <coordinates>15.942811,-19.311294,0</coordinates>
        </Point>
      </Placemark>
      <Placemark>
        <name>Ombika - Month 8</name>
        <description>Waterhole: Ombika, Month: 8, Time: 2010-08-29 22:20:00, Lon: 15.941024, Lat: -19.316241</description>
        <styleUrl>#month8_style</styleUrl>
        <Point>
          <coordinates>15.941024,-19.316241,0</coordinates>
        </Point>
      </Placemark>
      <Placemark>
        <name>Ombika - Month 8</name>
        <description>Waterhole: Ombika, Month: 8, Time: 2010-08-29 22:40:00, Lon: 15.941010, Lat: -19.316272</description>
        <styleUrl>#month8_style</styleUrl>
        <Point>
          <coordinates>15.941010,-19.316272,0</coordinates>
        </Point>
      </Placemark>
      <Placemark>
        <name>Ombika - Month 8</name>
        <description>Waterhole: Ombika, Month: 8, Time: 2010-08-29 23:00:00, Lon: 15.941013, Lat: -19.316246</description>
        <styleUrl>#month8_style</styleUrl>
        <Point>
          <coordinates>15.941013,-19.316246,0</coordinates>
        </Point>
      </Placemark>
      <Placemark>
        <name>Ombika - Month 8</name>
        <description>Waterhole: Ombika, Month: 8, Time: 2010-08-29 23:20:00, Lon: 15.941483, Lat: -19.315631</description>
        <styleUrl>#month8_style</styleUrl>
        <Point>
          <coordinates>15.941483,-19.315631,0</coordinates>
        </Point>
      </Placemark>
      <Placemark>
        <name>Ombika - Month 8</name>
        <description>Waterhole: Ombika, Month: 8, Time: 2010-08-29 23:40:00, Lon: 15.942855, Lat: -19.316060</description>
        <styleUrl>#month8_style</styleUrl>
        <Point>
          <coordinates>15.942855,-19.316060,0</coordinates>
        </Point>
      </Placemark>
      <Placemark>
        <name>Ombika - Month 8</name>
        <description>Waterhole: Ombika, Month: 8, Time: 2010-08-30 00:00:00, Lon: 15.941462, Lat: -19.316978</description>
        <styleUrl>#month8_style</styleUrl>
        <Point>
          <coordinates>15.941462,-19.316978,0</coordinates>
        </Point>
      </Placemark>
      <Placemark>
        <name>Ombika - Month 8</name>
        <description>Waterhole: Ombika, Month: 8, Time: 2010-08-30 00:20:00, Lon: 15.941087, Lat: -19.317902</description>
        <styleUrl>#month8_style</styleUrl>
        <Point>
          <coordinates>15.941087,-19.317902,0</coordinates>
        </Point>
      </Placemark>
      <Placemark>
        <name>Ombika - Month 8</name>
        <description>Waterhole: Ombika, Month: 8, Time: 2010-08-30 00:40:00, Lon: 15.941596, Lat: -19.319002</description>
        <styleUrl>#month8_style</styleUrl>
        <Point>
          <coordinates>15.941596,-19.319002,0</coordinates>
        </Point>
      </Placemark>
      <Placemark>
        <name>Ombika - Month 8</name>
        <description>Waterhole: Ombika, Month: 8, Time: 2010-08-30 01:00:00, Lon: 15.941394, Lat: -19.319739</description>
        <styleUrl>#month8_style</styleUrl>
        <Point>
          <coordinates>15.941394,-19.319739,0</coordinates>
        </Point>
      </Placemark>
      <Placemark>
        <name>Ombika - Month 8</name>
        <description>Waterhole: Ombika, Month: 8, Time: 2010-08-30 01:20:00, Lon: 15.940789, Lat: -19.323826</description>
        <styleUrl>#month8_style</styleUrl>
        <Point>
          <coordinates>15.940789,-19.323826,0</coordinates>
        </Point>
      </Placemark>
      <Placemark>
        <name>Ombika - Month 8</name>
        <description>Waterhole: Ombika, Month: 8, Time: 2010-08-30 05:00:00, Lon: 15.945083, Lat: -19.323407</description>
        <styleUrl>#month8_style</styleUrl>
        <Point>
          <coordinates>15.945083,-19.323407,0</coordinates>
        </Point>
      </Placemark>
      <Placemark>
        <name>Ombika - Month 8</name>
        <description>Waterhole: Ombika, Month: 8, Time: 2010-08-30 05:20:00, Lon: 15.945583, Lat: -19.322597</description>
        <styleUrl>#month8_style</styleUrl>
        <Point>
          <coordinates>15.945583,-19.322597,0</coordinates>
        </Point>
      </Placemark>
      <Placemark>
        <name>Ombika - Month 8</name>
        <description>Waterhole: Ombika, Month: 8, Time: 2010-08-30 05:40:00, Lon: 15.945578, Lat: -19.322040</description>
        <styleUrl>#month8_style</styleUrl>
        <Point>
          <coordinates>15.945578,-19.322040,0</coordinates>
        </Point>
      </Placemark>
      <Placemark>
        <name>Ombika - Month 8</name>
        <description>Waterhole: Ombika, Month: 8, Time: 2010-08-30 06:00:00, Lon: 15.945402, Lat: -19.322001</description>
        <styleUrl>#month8_style</styleUrl>
        <Point>
          <coordinates>15.945402,-19.322001,0</coordinates>
        </Point>
      </Placemark>
      <Placemark>
        <name>Ombika - Month 8</name>
        <description>Waterhole: Ombika, Month: 8, Time: 2010-08-30 06:20:00, Lon: 15.945442, Lat: -19.321867</description>
        <styleUrl>#month8_style</styleUrl>
        <Point>
          <coordinates>15.945442,-19.321867,0</coordinates>
        </Point>
      </Placemark>
      <Placemark>
        <name>Ombika - Month 8</name>
        <description>Waterhole: Ombika, Month: 8, Time: 2010-08-30 06:40:00, Lon: 15.945685, Lat: -19.320386</description>
        <styleUrl>#month8_style</styleUrl>
        <Point>
          <coordinates>15.945685,-19.320386,0</coordinates>
        </Point>
      </Placemark>
      <Placemark>
        <name>Ombika - Month 8</name>
        <description>Waterhole: Ombika, Month: 8, Time: 2010-08-30 07:01:00, Lon: 15.945520, Lat: -19.319987</description>
        <styleUrl>#month8_style</styleUrl>
        <Point>
          <coordinates>15.945520,-19.319987,0</coordinates>
        </Point>
      </Placemark>
      <Placemark>
        <name>Ombika - Month 8</name>
        <description>Waterhole: Ombika, Month: 8, Time: 2010-08-30 07:20:00, Lon: 15.945591, Lat: -19.319273</description>
        <styleUrl>#month8_style</styleUrl>
        <Point>
          <coordinates>15.945591,-19.319273,0</coordinates>
        </Point>
      </Placemark>
      <Placemark>
        <name>Ombika - Month 8</name>
        <description>Waterhole: Ombika, Month: 8, Time: 2010-08-30 07:40:00, Lon: 15.945199, Lat: -19.317999</description>
        <styleUrl>#month8_style</styleUrl>
        <Point>
          <coordinates>15.945199,-19.317999,0</coordinates>
        </Point>
      </Placemark>
      <Placemark>
        <name>Ombika - Month 8</name>
        <description>Waterhole: Ombika, Month: 8, Time: 2010-08-30 08:00:00, Lon: 15.940844, Lat: -19.316030</description>
        <styleUrl>#month8_style</styleUrl>
        <Point>
          <coordinates>15.940844,-19.316030,0</coordinates>
        </Point>
      </Placemark>
      <Placemark>
        <name>Ombika - Month 8</name>
        <description>Waterhole: Ombika, Month: 8, Time: 2010-08-30 08:20:00, Lon: 15.940933, Lat: -19.316290</description>
        <styleUrl>#month8_style</styleUrl>
        <Point>
          <coordinates>15.940933,-19.316290,0</coordinates>
        </Point>
      </Placemark>
      <Placemark>
        <name>Ombika - Month 8</name>
        <description>Waterhole: Ombika, Month: 8, Time: 2010-08-30 08:40:00, Lon: 15.940991, Lat: -19.316309</description>
        <styleUrl>#month8_style</styleUrl>
        <Point>
          <coordinates>15.940991,-19.316309,0</coordinates>
        </Point>
      </Placemark>
      <Placemark>
        <name>Ombika - Month 8</name>
        <description>Waterhole: Ombika, Month: 8, Time: 2010-08-30 09:00:00, Lon: 15.940792, Lat: -19.316779</description>
        <styleUrl>#month8_style</styleUrl>
        <Point>
          <coordinates>15.940792,-19.316779,0</coordinates>
        </Point>
      </Placemark>
      <Placemark>
        <name>Ombika - Month 8</name>
        <description>Waterhole: Ombika, Month: 8, Time: 2010-08-30 09:20:00, Lon: 15.941097, Lat: -19.316227</description>
        <styleUrl>#month8_style</styleUrl>
        <Point>
          <coordinates>15.941097,-19.316227,0</coordinates>
        </Point>
      </Placemark>
      <Placemark>
        <name>Ombika - Month 8</name>
        <description>Waterhole: Ombika, Month: 8, Time: 2010-08-30 09:40:00, Lon: 15.940839, Lat: -19.316807</description>
        <styleUrl>#month8_style</styleUrl>
        <Point>
          <coordinates>15.940839,-19.316807,0</coordinates>
        </Point>
      </Placemark>
      <Placemark>
        <name>Ombika - Month 8</name>
        <description>Waterhole: Ombika, Month: 8, Time: 2010-08-30 10:00:00, Lon: 15.940887, Lat: -19.316874</description>
        <styleUrl>#month8_style</styleUrl>
        <Point>
          <coordinates>15.940887,-19.316874,0</coordinates>
        </Point>
      </Placemark>
      <Placemark>
        <name>Ombika - Month 8</name>
        <description>Waterhole: Ombika, Month: 8, Time: 2010-08-30 10:20:00, Lon: 15.942037, Lat: -19.317061</description>
        <styleUrl>#month8_style</styleUrl>
        <Point>
          <coordinates>15.942037,-19.317061,0</coordinates>
        </Point>
      </Placemark>
      <Placemark>
        <name>Ombika - Month 8</name>
        <description>Waterhole: Ombika, Month: 8, Time: 2010-08-30 10:40:00, Lon: 15.942062, Lat: -19.317027</description>
        <styleUrl>#month8_style</styleUrl>
        <Point>
          <coordinates>15.942062,-19.317027,0</coordinates>
        </Point>
      </Placemark>
      <Placemark>
        <name>Ombika - Month 8</name>
        <description>Waterhole: Ombika, Month: 8, Time: 2010-08-30 11:00:00, Lon: 15.942062, Lat: -19.317041</description>
        <styleUrl>#month8_style</styleUrl>
        <Point>
          <coordinates>15.942062,-19.317041,0</coordinates>
        </Point>
      </Placemark>
      <Placemark>
        <name>Ombika - Month 8</name>
        <description>Waterhole: Ombika, Month: 8, Time: 2010-08-30 11:20:00, Lon: 15.941324, Lat: -19.317464</description>
        <styleUrl>#month8_style</styleUrl>
        <Point>
          <coordinates>15.941324,-19.317464,0</coordinates>
        </Point>
      </Placemark>
      <Placemark>
        <name>Ombika - Month 8</name>
        <description>Waterhole: Ombika, Month: 8, Time: 2010-08-30 11:40:00, Lon: 15.940906, Lat: -19.316933</description>
        <styleUrl>#month8_style</styleUrl>
        <Point>
          <coordinates>15.940906,-19.316933,0</coordinates>
        </Point>
      </Placemark>
      <Placemark>
        <name>Ombika - Month 8</name>
        <description>Waterhole: Ombika, Month: 8, Time: 2010-08-30 12:00:00, Lon: 15.940926, Lat: -19.316925</description>
        <styleUrl>#month8_style</styleUrl>
        <Point>
          <coordinates>15.940926,-19.316925,0</coordinates>
        </Point>
      </Placemark>
      <Placemark>
        <name>Ombika - Month 8</name>
        <description>Waterhole: Ombika, Month: 8, Time: 2010-08-30 12:20:00, Lon: 15.940947, Lat: -19.317377</description>
        <styleUrl>#month8_style</styleUrl>
        <Point>
          <coordinates>15.940947,-19.317377,0</coordinates>
        </Point>
      </Placemark>
      <Placemark>
        <name>Ombika - Month 8</name>
        <description>Waterhole: Ombika, Month: 8, Time: 2010-08-30 12:40:00, Lon: 15.940926, Lat: -19.316927</description>
        <styleUrl>#month8_style</styleUrl>
        <Point>
          <coordinates>15.940926,-19.316927,0</coordinates>
        </Point>
      </Placemark>
      <Placemark>
        <name>Ombika - Month 8</name>
        <description>Waterhole: Ombika, Month: 8, Time: 2010-08-30 13:00:00, Lon: 15.941382, Lat: -19.317149</description>
        <styleUrl>#month8_style</styleUrl>
        <Point>
          <coordinates>15.941382,-19.317149,0</coordinates>
        </Point>
      </Placemark>
      <Placemark>
        <name>Ombika - Month 8</name>
        <description>Waterhole: Ombika, Month: 8, Time: 2010-08-30 13:20:00, Lon: 15.942068, Lat: -19.317031</description>
        <styleUrl>#month8_style</styleUrl>
        <Point>
          <coordinates>15.942068,-19.317031,0</coordinates>
        </Point>
      </Placemark>
      <Placemark>
        <name>Ombika - Month 8</name>
        <description>Waterhole: Ombika, Month: 8, Time: 2010-08-30 13:40:00, Lon: 15.942063, Lat: -19.317019</description>
        <styleUrl>#month8_style</styleUrl>
        <Point>
          <coordinates>15.942063,-19.317019,0</coordinates>
        </Point>
      </Placemark>
      <Placemark>
        <name>Ombika - Month 8</name>
        <description>Waterhole: Ombika, Month: 8, Time: 2010-08-30 14:00:00, Lon: 15.942144, Lat: -19.316888</description>
        <styleUrl>#month8_style</styleUrl>
        <Point>
          <coordinates>15.942144,-19.316888,0</coordinates>
        </Point>
      </Placemark>
      <Placemark>
        <name>Ombika - Month 8</name>
        <description>Waterhole: Ombika, Month: 8, Time: 2010-08-30 14:20:00, Lon: 15.942587, Lat: -19.317883</description>
        <styleUrl>#month8_style</styleUrl>
        <Point>
          <coordinates>15.942587,-19.317883,0</coordinates>
        </Point>
      </Placemark>
      <Placemark>
        <name>Ombika - Month 8</name>
        <description>Waterhole: Ombika, Month: 8, Time: 2010-08-30 14:40:00, Lon: 15.943192, Lat: -19.319560</description>
        <styleUrl>#month8_style</styleUrl>
        <Point>
          <coordinates>15.943192,-19.319560,0</coordinates>
        </Point>
      </Placemark>
      <Placemark>
        <name>Ombika - Month 8</name>
        <description>Waterhole: Ombika, Month: 8, Time: 2010-08-30 15:00:00, Lon: 15.942301, Lat: -19.319517</description>
        <styleUrl>#month8_style</styleUrl>
        <Point>
          <coordinates>15.942301,-19.319517,0</coordinates>
        </Point>
      </Placemark>
      <Placemark>
        <name>Ombika - Month 8</name>
        <description>Waterhole: Ombika, Month: 8, Time: 2010-08-30 15:20:00, Lon: 15.941366, Lat: -19.320138</description>
        <styleUrl>#month8_style</styleUrl>
        <Point>
          <coordinates>15.941366,-19.320138,0</coordinates>
        </Point>
      </Placemark>
      <Placemark>
        <name>Ombika - Month 8</name>
        <description>Waterhole: Ombika, Month: 8, Time: 2010-08-30 15:40:00, Lon: 15.942262, Lat: -19.321991</description>
        <styleUrl>#month8_style</styleUrl>
        <Point>
          <coordinates>15.942262,-19.321991,0</coordinates>
        </Point>
      </Placemark>
      <Placemark>
        <name>Ombika - Month 8</name>
        <description>Waterhole: Ombika, Month: 8, Time: 2010-08-30 16:00:00, Lon: 15.943756, Lat: -19.323551</description>
        <styleUrl>#month8_style</styleUrl>
        <Point>
          <coordinates>15.943756,-19.323551,0</coordinates>
        </Point>
      </Placemark>
      <Placemark>
        <name>Ombika - Month 8</name>
        <description>Waterhole: Ombika, Month: 8, Time: 2010-08-30 18:00:00, Lon: 15.941401, Lat: -19.319405</description>
        <styleUrl>#month8_style</styleUrl>
        <Point>
          <coordinates>15.941401,-19.319405,0</coordinates>
        </Point>
      </Placemark>
      <Placemark>
        <name>Ombika - Month 8</name>
        <description>Waterhole: Ombika, Month: 8, Time: 2010-08-30 18:20:00, Lon: 15.940751, Lat: -19.316166</description>
        <styleUrl>#month8_style</styleUrl>
        <Point>
          <coordinates>15.940751,-19.316166,0</coordinates>
        </Point>
      </Placemark>
      <Placemark>
        <name>Ombika - Month 8</name>
        <description>Waterhole: Ombika, Month: 8, Time: 2010-08-30 18:40:00, Lon: 15.940747, Lat: -19.316154</description>
        <styleUrl>#month8_style</styleUrl>
        <Point>
          <coordinates>15.940747,-19.316154,0</coordinates>
        </Point>
      </Placemark>
      <Placemark>
        <name>Ombika - Month 8</name>
        <description>Waterhole: Ombika, Month: 8, Time: 2010-08-30 19:00:00, Lon: 15.940868, Lat: -19.316252</description>
        <styleUrl>#month8_style</styleUrl>
        <Point>
          <coordinates>15.940868,-19.316252,0</coordinates>
        </Point>
      </Placemark>
      <Placemark>
        <name>Ombika - Month 8</name>
        <description>Waterhole: Ombika, Month: 8, Time: 2010-08-30 19:20:00, Lon: 15.941249, Lat: -19.315965</description>
        <styleUrl>#month8_style</styleUrl>
        <Point>
          <coordinates>15.941249,-19.315965,0</coordinates>
        </Point>
      </Placemark>
      <Placemark>
        <name>Ombika - Month 8</name>
        <description>Waterhole: Ombika, Month: 8, Time: 2010-08-30 19:40:00, Lon: 15.941138, Lat: -19.316026</description>
        <styleUrl>#month8_style</styleUrl>
        <Point>
          <coordinates>15.941138,-19.316026,0</coordinates>
        </Point>
      </Placemark>
      <Placemark>
        <name>Ombika - Month 8</name>
        <description>Waterhole: Ombika, Month: 8, Time: 2010-08-30 20:00:00, Lon: 15.941317, Lat: -19.315885</description>
        <styleUrl>#month8_style</styleUrl>
        <Point>
          <coordinates>15.941317,-19.315885,0</coordinates>
        </Point>
      </Placemark>
      <Placemark>
        <name>Ombika - Month 8</name>
        <description>Waterhole: Ombika, Month: 8, Time: 2010-08-30 20:20:00, Lon: 15.941121, Lat: -19.316138</description>
        <styleUrl>#month8_style</styleUrl>
        <Point>
          <coordinates>15.941121,-19.316138,0</coordinates>
        </Point>
      </Placemark>
      <Placemark>
        <name>Ombika - Month 8</name>
        <description>Waterhole: Ombika, Month: 8, Time: 2010-08-30 20:40:00, Lon: 15.941073, Lat: -19.316156</description>
        <styleUrl>#month8_style</styleUrl>
        <Point>
          <coordinates>15.941073,-19.316156,0</coordinates>
        </Point>
      </Placemark>
      <Placemark>
        <name>Ombika - Month 8</name>
        <description>Waterhole: Ombika, Month: 8, Time: 2010-08-30 21:00:00, Lon: 15.941092, Lat: -19.316252</description>
        <styleUrl>#month8_style</styleUrl>
        <Point>
          <coordinates>15.941092,-19.316252,0</coordinates>
        </Point>
      </Placemark>
      <Placemark>
        <name>Ombika - Month 8</name>
        <description>Waterhole: Ombika, Month: 8, Time: 2010-08-30 21:20:00, Lon: 15.941096, Lat: -19.316252</description>
        <styleUrl>#month8_style</styleUrl>
        <Point>
          <coordinates>15.941096,-19.316252,0</coordinates>
        </Point>
      </Placemark>
      <Placemark>
        <name>Ombika - Month 8</name>
        <description>Waterhole: Ombika, Month: 8, Time: 2010-08-30 21:40:00, Lon: 15.941108, Lat: -19.316243</description>
        <styleUrl>#month8_style</styleUrl>
        <Point>
          <coordinates>15.941108,-19.316243,0</coordinates>
        </Point>
      </Placemark>
      <Placemark>
        <name>Ombika - Month 8</name>
        <description>Waterhole: Ombika, Month: 8, Time: 2010-08-30 22:00:00, Lon: 15.943291, Lat: -19.312581</description>
        <styleUrl>#month8_style</styleUrl>
        <Point>
          <coordinates>15.943291,-19.312581,0</coordinates>
        </Point>
      </Placemark>
      <Placemark>
        <name>Ombika - Month 8</name>
        <description>Waterhole: Ombika, Month: 8, Time: 2010-08-30 22:20:00, Lon: 15.946046, Lat: -19.309985</description>
        <styleUrl>#month8_style</styleUrl>
        <Point>
          <coordinates>15.946046,-19.309985,0</coordinates>
        </Point>
      </Placemark>
      <Placemark>
        <name>Ombika - Month 9</name>
        <description>Waterhole: Ombika, Month: 9, Time: 2010-09-01 17:00:00, Lon: 15.941978, Lat: -19.313945</description>
        <styleUrl>#month9_style</styleUrl>
        <Point>
          <coordinates>15.941978,-19.313945,0</coordinates>
        </Point>
      </Placemark>
      <Placemark>
        <name>Ombika - Month 9</name>
        <description>Waterhole: Ombika, Month: 9, Time: 2010-09-01 17:20:00, Lon: 15.941059, Lat: -19.316170</description>
        <styleUrl>#month9_style</styleUrl>
        <Point>
          <coordinates>15.941059,-19.316170,0</coordinates>
        </Point>
      </Placemark>
      <Placemark>
        <name>Ombika - Month 9</name>
        <description>Waterhole: Ombika, Month: 9, Time: 2010-09-01 17:40:00, Lon: 15.941118, Lat: -19.316260</description>
        <styleUrl>#month9_style</styleUrl>
        <Point>
          <coordinates>15.941118,-19.316260,0</coordinates>
        </Point>
      </Placemark>
      <Placemark>
        <name>Ombika - Month 9</name>
        <description>Waterhole: Ombika, Month: 9, Time: 2010-09-01 18:00:00, Lon: 15.941231, Lat: -19.316140</description>
        <styleUrl>#month9_style</styleUrl>
        <Point>
          <coordinates>15.941231,-19.316140,0</coordinates>
        </Point>
      </Placemark>
      <Placemark>
        <name>Ombika - Month 9</name>
        <description>Waterhole: Ombika, Month: 9, Time: 2010-09-01 18:20:00, Lon: 15.941110, Lat: -19.316246</description>
        <styleUrl>#month9_style</styleUrl>
        <Point>
          <coordinates>15.941110,-19.316246,0</coordinates>
        </Point>
      </Placemark>
      <Placemark>
        <name>Ombika - Month 9</name>
        <description>Waterhole: Ombika, Month: 9, Time: 2010-09-01 18:40:00, Lon: 15.941035, Lat: -19.316219</description>
        <styleUrl>#month9_style</styleUrl>
        <Point>
          <coordinates>15.941035,-19.316219,0</coordinates>
        </Point>
      </Placemark>
      <Placemark>
        <name>Ombika - Month 9</name>
        <description>Waterhole: Ombika, Month: 9, Time: 2010-09-01 19:00:00, Lon: 15.939181, Lat: -19.315387</description>
        <styleUrl>#month9_style</styleUrl>
        <Point>
          <coordinates>15.939181,-19.315387,0</coordinates>
        </Point>
      </Placemark>
      <Placemark>
        <name>Ombika - Month 9</name>
        <description>Waterhole: Ombika, Month: 9, Time: 2010-09-01 19:20:00, Lon: 15.938337, Lat: -19.314819</description>
        <styleUrl>#month9_style</styleUrl>
        <Point>
          <coordinates>15.938337,-19.314819,0</coordinates>
        </Point>
      </Placemark>
      <Placemark>
        <name>Ombika - Month 9</name>
        <description>Waterhole: Ombika, Month: 9, Time: 2010-09-01 19:40:00, Lon: 15.938477, Lat: -19.313831</description>
        <styleUrl>#month9_style</styleUrl>
        <Point>
          <coordinates>15.938477,-19.313831,0</coordinates>
        </Point>
      </Placemark>
      <Placemark>
        <name>Ombika - Month 9</name>
        <description>Waterhole: Ombika, Month: 9, Time: 2010-09-01 20:00:00, Lon: 15.938214, Lat: -19.313625</description>
        <styleUrl>#month9_style</styleUrl>
        <Point>
          <coordinates>15.938214,-19.313625,0</coordinates>
        </Point>
      </Placemark>
      <Placemark>
        <name>Ombika - Month 9</name>
        <description>Waterhole: Ombika, Month: 9, Time: 2010-09-01 20:20:00, Lon: 15.937704, Lat: -19.313375</description>
        <styleUrl>#month9_style</styleUrl>
        <Point>
          <coordinates>15.937704,-19.313375,0</coordinates>
        </Point>
      </Placemark>
      <Placemark>
        <name>Ombika - Month 9</name>
        <description>Waterhole: Ombika, Month: 9, Time: 2010-09-01 20:40:00, Lon: 15.938114, Lat: -19.313025</description>
        <styleUrl>#month9_style</styleUrl>
        <Point>
          <coordinates>15.938114,-19.313025,0</coordinates>
        </Point>
      </Placemark>
      <Placemark>
        <name>Ombika - Month 9</name>
        <description>Waterhole: Ombika, Month: 9, Time: 2010-09-01 21:00:00, Lon: 15.938399, Lat: -19.312968</description>
        <styleUrl>#month9_style</styleUrl>
        <Point>
          <coordinates>15.938399,-19.312968,0</coordinates>
        </Point>
      </Placemark>
      <Placemark>
        <name>Ombika - Month 9</name>
        <description>Waterhole: Ombika, Month: 9, Time: 2010-09-01 21:20:00, Lon: 15.938174, Lat: -19.313590</description>
        <styleUrl>#month9_style</styleUrl>
        <Point>
          <coordinates>15.938174,-19.313590,0</coordinates>
        </Point>
      </Placemark>
      <Placemark>
        <name>Ombika - Month 9</name>
        <description>Waterhole: Ombika, Month: 9, Time: 2010-09-01 21:40:00, Lon: 15.938505, Lat: -19.313562</description>
        <styleUrl>#month9_style</styleUrl>
        <Point>
          <coordinates>15.938505,-19.313562,0</coordinates>
        </Point>
      </Placemark>
      <Placemark>
        <name>Ombika - Month 9</name>
        <description>Waterhole: Ombika, Month: 9, Time: 2010-09-01 22:00:00, Lon: 15.940809, Lat: -19.314891</description>
        <styleUrl>#month9_style</styleUrl>
        <Point>
          <coordinates>15.940809,-19.314891,0</coordinates>
        </Point>
      </Placemark>
      <Placemark>
        <name>Ombika - Month 9</name>
        <description>Waterhole: Ombika, Month: 9, Time: 2010-09-01 22:20:00, Lon: 15.941148, Lat: -19.316199</description>
        <styleUrl>#month9_style</styleUrl>
        <Point>
          <coordinates>15.941148,-19.316199,0</coordinates>
        </Point>
      </Placemark>
      <Placemark>
        <name>Ombika - Month 9</name>
        <description>Waterhole: Ombika, Month: 9, Time: 2010-09-01 22:40:00, Lon: 15.936744, Lat: -19.314510</description>
        <styleUrl>#month9_style</styleUrl>
        <Point>
          <coordinates>15.936744,-19.314510,0</coordinates>
        </Point>
      </Placemark>
      <Placemark>
        <name>Ombika - Month 9</name>
        <description>Waterhole: Ombika, Month: 9, Time: 2010-09-01 23:00:00, Lon: 15.933962, Lat: -19.312880</description>
        <styleUrl>#month9_style</styleUrl>
        <Point>
          <coordinates>15.933962,-19.312880,0</coordinates>
        </Point>
      </Placemark>
      <Placemark>
        <name>Ombika - Month 9</name>
        <description>Waterhole: Ombika, Month: 9, Time: 2010-09-02 21:40:00, Lon: 15.934577, Lat: -19.311501</description>
        <styleUrl>#month9_style</styleUrl>
        <Point>
          <coordinates>15.934577,-19.311501,0</coordinates>
        </Point>
      </Placemark>
      <Placemark>
        <name>Ombika - Month 9</name>
        <description>Waterhole: Ombika, Month: 9, Time: 2010-09-02 22:00:00, Lon: 15.937246, Lat: -19.312118</description>
        <styleUrl>#month9_style</styleUrl>
        <Point>
          <coordinates>15.937246,-19.312118,0</coordinates>
        </Point>
      </Placemark>
      <Placemark>
        <name>Ombika - Month 9</name>
        <description>Waterhole: Ombika, Month: 9, Time: 2010-09-02 22:20:00, Lon: 15.940963, Lat: -19.314799</description>
        <styleUrl>#month9_style</styleUrl>
        <Point>
          <coordinates>15.940963,-19.314799,0</coordinates>
        </Point>
      </Placemark>
      <Placemark>
        <name>Ombika - Month 9</name>
        <description>Waterhole: Ombika, Month: 9, Time: 2010-09-02 22:40:00, Lon: 15.940993, Lat: -19.316199</description>
        <styleUrl>#month9_style</styleUrl>
        <Point>
          <coordinates>15.940993,-19.316199,0</coordinates>
        </Point>
      </Placemark>
      <Placemark>
        <name>Ombika - Month 9</name>
        <description>Waterhole: Ombika, Month: 9, Time: 2010-09-02 23:00:00, Lon: 15.941236, Lat: -19.316014</description>
        <styleUrl>#month9_style</styleUrl>
        <Point>
          <coordinates>15.941236,-19.316014,0</coordinates>
        </Point>
      </Placemark>
      <Placemark>
        <name>Ombika - Month 9</name>
        <description>Waterhole: Ombika, Month: 9, Time: 2010-09-02 23:20:00, Lon: 15.941113, Lat: -19.316136</description>
        <styleUrl>#month9_style</styleUrl>
        <Point>
          <coordinates>15.941113,-19.316136,0</coordinates>
        </Point>
      </Placemark>
      <Placemark>
        <name>Ombika - Month 9</name>
        <description>Waterhole: Ombika, Month: 9, Time: 2010-09-02 23:40:00, Lon: 15.942413, Lat: -19.314714</description>
        <styleUrl>#month9_style</styleUrl>
        <Point>
          <coordinates>15.942413,-19.314714,0</coordinates>
        </Point>
      </Placemark>
      <Placemark>
        <name>Ombika - Month 9</name>
        <description>Waterhole: Ombika, Month: 9, Time: 2010-09-03 00:00:00, Lon: 15.944263, Lat: -19.313692</description>
        <styleUrl>#month9_style</styleUrl>
        <Point>
          <coordinates>15.944263,-19.313692,0</coordinates>
        </Point>
      </Placemark>
      <Placemark>
        <name>Ombika - Month 9</name>
        <description>Waterhole: Ombika, Month: 9, Time: 2010-09-03 00:20:00, Lon: 15.944213, Lat: -19.312998</description>
        <styleUrl>#month9_style</styleUrl>
        <Point>
          <coordinates>15.944213,-19.312998,0</coordinates>
        </Point>
      </Placemark>
      <Placemark>
        <name>Ombika - Month 9</name>
        <description>Waterhole: Ombika, Month: 9, Time: 2010-09-03 00:40:00, Lon: 15.944358, Lat: -19.312797</description>
        <styleUrl>#month9_style</styleUrl>
        <Point>
          <coordinates>15.944358,-19.312797,0</coordinates>
        </Point>
      </Placemark>
      <Placemark>
        <name>Ombika - Month 9</name>
        <description>Waterhole: Ombika, Month: 9, Time: 2010-09-03 01:00:00, Lon: 15.944516, Lat: -19.312567</description>
        <styleUrl>#month9_style</styleUrl>
        <Point>
          <coordinates>15.944516,-19.312567,0</coordinates>
        </Point>
      </Placemark>
      <Placemark>
        <name>Ombika - Month 9</name>
        <description>Waterhole: Ombika, Month: 9, Time: 2010-09-03 01:20:00, Lon: 15.944627, Lat: -19.311794</description>
        <styleUrl>#month9_style</styleUrl>
        <Point>
          <coordinates>15.944627,-19.311794,0</coordinates>
        </Point>
      </Placemark>
      <Placemark>
        <name>Ombika - Month 9</name>
        <description>Waterhole: Ombika, Month: 9, Time: 2010-09-03 01:40:00, Lon: 15.944941, Lat: -19.309910</description>
        <styleUrl>#month9_style</styleUrl>
        <Point>
          <coordinates>15.944941,-19.309910,0</coordinates>
        </Point>
      </Placemark>
      <Placemark>
        <name>Olifantsbad Waterhole - Month 9</name>
        <description>Waterhole: Olifantsbad Waterhole, Month: 9, Time: 2010-09-04 23:20:00, Lon: 16.125685, Lat: -19.244543</description>
        <styleUrl>#month9_style</styleUrl>
        <Point>
          <coordinates>16.125685,-19.244543,0</coordinates>
        </Point>
      </Placemark>
      <Placemark>
        <name>Olifantsbad Waterhole - Month 9</name>
        <description>Waterhole: Olifantsbad Waterhole, Month: 9, Time: 2010-09-04 23:40:00, Lon: 16.131619, Lat: -19.239183</description>
        <styleUrl>#month9_style</styleUrl>
        <Point>
          <coordinates>16.131619,-19.239183,0</coordinates>
        </Point>
      </Placemark>
      <Placemark>
        <name>Olifantsbad Waterhole - Month 9</name>
        <description>Waterhole: Olifantsbad Waterhole, Month: 9, Time: 2010-09-05 00:00:00, Lon: 16.136040, Lat: -19.235415</description>
        <styleUrl>#month9_style</styleUrl>
        <Point>
          <coordinates>16.136040,-19.235415,0</coordinates>
        </Point>
      </Placemark>
      <Placemark>
        <name>Aus Fountain - Month 9</name>
        <description>Waterhole: Aus Fountain, Month: 9, Time: 2010-09-05 21:40:00, Lon: 16.193200, Lat: -19.205251</description>
        <styleUrl>#month9_style</styleUrl>
        <Point>
          <coordinates>16.193200,-19.205251,0</coordinates>
        </Point>
      </Placemark>
      <Placemark>
        <name>Aus Fountain - Month 9</name>
        <description>Waterhole: Aus Fountain, Month: 9, Time: 2010-09-05 22:00:00, Lon: 16.193445, Lat: -19.205162</description>
        <styleUrl>#month9_style</styleUrl>
        <Point>
          <coordinates>16.193445,-19.205162,0</coordinates>
        </Point>
      </Placemark>
      <Placemark>
        <name>Aus Fountain - Month 9</name>
        <description>Waterhole: Aus Fountain, Month: 9, Time: 2010-09-05 22:20:00, Lon: 16.193438, Lat: -19.205290</description>
        <styleUrl>#month9_style</styleUrl>
        <Point>
          <coordinates>16.193438,-19.205290,0</coordinates>
        </Point>
      </Placemark>
      <Placemark>
        <name>Aus Fountain - Month 9</name>
        <description>Waterhole: Aus Fountain, Month: 9, Time: 2010-09-05 22:40:00, Lon: 16.193450, Lat: -19.205194</description>
        <styleUrl>#month9_style</styleUrl>
        <Point>
          <coordinates>16.193450,-19.205194,0</coordinates>
        </Point>
      </Placemark>
      <Placemark>
        <name>Aus Fountain - Month 9</name>
        <description>Waterhole: Aus Fountain, Month: 9, Time: 2010-09-05 23:00:00, Lon: 16.192382, Lat: -19.198403</description>
        <styleUrl>#month9_style</styleUrl>
        <Point>
          <coordinates>16.192382,-19.198403,0</coordinates>
        </Point>
      </Placemark>
      <Placemark>
        <name>Aus Fountain - Month 9</name>
        <description>Waterhole: Aus Fountain, Month: 9, Time: 2010-09-05 23:20:00, Lon: 16.192666, Lat: -19.196452</description>
        <styleUrl>#month9_style</styleUrl>
        <Point>
          <coordinates>16.192666,-19.196452,0</coordinates>
        </Point>
      </Placemark>
      <Placemark>
        <name>Rietfontein Fountain - Month 9</name>
        <description>Waterhole: Rietfontein Fountain, Month: 9, Time: 2010-09-07 19:20:00, Lon: 16.340095, Lat: -19.040356</description>
        <styleUrl>#month9_style</styleUrl>
        <Point>
          <coordinates>16.340095,-19.040356,0</coordinates>
        </Point>
      </Placemark>
      <Placemark>
        <name>Rietfontein Fountain - Month 9</name>
        <description>Waterhole: Rietfontein Fountain, Month: 9, Time: 2010-09-07 19:40:00, Lon: 16.343048, Lat: -19.036902</description>
        <styleUrl>#month9_style</styleUrl>
        <Point>
          <coordinates>16.343048,-19.036902,0</coordinates>
        </Point>
      </Placemark>
      <Placemark>
        <name>Rietfontein Fountain - Month 9</name>
        <description>Waterhole: Rietfontein Fountain, Month: 9, Time: 2010-09-14 20:20:00, Lon: 16.342796, Lat: -19.036678</description>
        <styleUrl>#month9_style</styleUrl>
        <Point>
          <coordinates>16.342796,-19.036678,0</coordinates>
        </Point>
      </Placemark>
      <Placemark>
        <name>Rietfontein Fountain - Month 9</name>
        <description>Waterhole: Rietfontein Fountain, Month: 9, Time: 2010-09-14 20:40:00, Lon: 16.341899, Lat: -19.037183</description>
        <styleUrl>#month9_style</styleUrl>
        <Point>
          <coordinates>16.341899,-19.037183,0</coordinates>
        </Point>
      </Placemark>
      <Placemark>
        <name>Rietfontein Fountain - Month 9</name>
        <description>Waterhole: Rietfontein Fountain, Month: 9, Time: 2010-09-14 21:00:00, Lon: 16.338950, Lat: -19.042865</description>
        <styleUrl>#month9_style</styleUrl>
        <Point>
          <coordinates>16.338950,-19.042865,0</coordinates>
        </Point>
      </Placemark>
      <Placemark>
        <name>Homob Fountain - Month 9</name>
        <description>Waterhole: Homob Fountain, Month: 9, Time: 2010-09-15 23:20:00, Lon: 16.198189, Lat: -19.058299</description>
        <styleUrl>#month9_style</styleUrl>
        <Point>
          <coordinates>16.198189,-19.058299,0</coordinates>
        </Point>
      </Placemark>
      <Placemark>
        <name>Homob Fountain - Month 9</name>
        <description>Waterhole: Homob Fountain, Month: 9, Time: 2010-09-15 23:40:00, Lon: 16.193097, Lat: -19.053347</description>
        <styleUrl>#month9_style</styleUrl>
        <Point>
          <coordinates>16.193097,-19.053347,0</coordinates>
        </Point>
      </Placemark>
      <Placemark>
        <name>Aus Fountain - Month 9</name>
        <description>Waterhole: Aus Fountain, Month: 9, Time: 2010-09-16 21:40:00, Lon: 16.193383, Lat: -19.204004</description>
        <styleUrl>#month9_style</styleUrl>
        <Point>
          <coordinates>16.193383,-19.204004,0</coordinates>
        </Point>
      </Placemark>
      <Placemark>
        <name>Aus Fountain - Month 9</name>
        <description>Waterhole: Aus Fountain, Month: 9, Time: 2010-09-16 22:00:00, Lon: 16.192763, Lat: -19.205111</description>
        <styleUrl>#month9_style</styleUrl>
        <Point>
          <coordinates>16.192763,-19.205111,0</coordinates>
        </Point>
      </Placemark>
      <Placemark>
        <name>Aus Fountain - Month 9</name>
        <description>Waterhole: Aus Fountain, Month: 9, Time: 2010-09-16 22:20:00, Lon: 16.187267, Lat: -19.200350</description>
        <styleUrl>#month9_style</styleUrl>
        <Point>
          <coordinates>16.187267,-19.200350,0</coordinates>
        </Point>
      </Placemark>
      <Placemark>
        <name>Olifantsbad Waterhole - Month 9</name>
        <description>Waterhole: Olifantsbad Waterhole, Month: 9, Time: 2010-09-17 22:40:00, Lon: 16.134477, Lat: -19.234385</description>
        <styleUrl>#month9_style</styleUrl>
        <Point>
          <coordinates>16.134477,-19.234385,0</coordinates>
        </Point>
      </Placemark>
      <Placemark>
        <name>Olifantsbad Waterhole - Month 9</name>
        <description>Waterhole: Olifantsbad Waterhole, Month: 9, Time: 2010-09-17 23:00:00, Lon: 16.131649, Lat: -19.238658</description>
        <styleUrl>#month9_style</styleUrl>
        <Point>
          <coordinates>16.131649,-19.238658,0</coordinates>
        </Point>
      </Placemark>
      <Placemark>
        <name>Olifantsbad Waterhole - Month 9</name>
        <description>Waterhole: Olifantsbad Waterhole, Month: 9, Time: 2010-09-17 23:20:00, Lon: 16.130496, Lat: -19.241895</description>
        <styleUrl>#month9_style</styleUrl>
        <Point>
          <coordinates>16.130496,-19.241895,0</coordinates>
        </Point>
      </Placemark>
      <Placemark>
        <name>Ombika - Month 9</name>
        <description>Waterhole: Ombika, Month: 9, Time: 2010-09-19 19:40:00, Lon: 15.941091, Lat: -19.316148</description>
        <styleUrl>#month9_style</styleUrl>
        <Point>
          <coordinates>15.941091,-19.316148,0</coordinates>
        </Point>
      </Placemark>
      <Placemark>
        <name>Ombika - Month 9</name>
        <description>Waterhole: Ombika, Month: 9, Time: 2010-09-19 20:00:00, Lon: 15.941111, Lat: -19.316182</description>
        <styleUrl>#month9_style</styleUrl>
        <Point>
          <coordinates>15.941111,-19.316182,0</coordinates>
        </Point>
      </Placemark>
      <Placemark>
        <name>Ombika - Month 9</name>
        <description>Waterhole: Ombika, Month: 9, Time: 2010-09-19 20:20:00, Lon: 15.941033, Lat: -19.316215</description>
        <styleUrl>#month9_style</styleUrl>
        <Point>
          <coordinates>15.941033,-19.316215,0</coordinates>
        </Point>
      </Placemark>
      <Placemark>
        <name>Ombika - Month 9</name>
        <description>Waterhole: Ombika, Month: 9, Time: 2010-09-19 20:40:00, Lon: 15.941054, Lat: -19.316239</description>
        <styleUrl>#month9_style</styleUrl>
        <Point>
          <coordinates>15.941054,-19.316239,0</coordinates>
        </Point>
      </Placemark>
      <Placemark>
        <name>Ombika - Month 9</name>
        <description>Waterhole: Ombika, Month: 9, Time: 2010-09-19 21:00:00, Lon: 15.943146, Lat: -19.310647</description>
        <styleUrl>#month9_style</styleUrl>
        <Point>
          <coordinates>15.943146,-19.310647,0</coordinates>
        </Point>
      </Placemark>
      <Placemark>
        <name>Gemsbokvlakte - Month 9</name>
        <description>Waterhole: Gemsbokvlakte, Month: 9, Time: 2010-09-21 02:40:00, Lon: 16.065825, Lat: -19.213420</description>
        <styleUrl>#month9_style</styleUrl>
        <Point>
          <coordinates>16.065825,-19.213420,0</coordinates>
        </Point>
      </Placemark>
      <Placemark>
        <name>Olifantsbad Waterhole - Month 9</name>
        <description>Waterhole: Olifantsbad Waterhole, Month: 9, Time: 2010-09-21 04:40:00, Lon: 16.135595, Lat: -19.231222</description>
        <styleUrl>#month9_style</styleUrl>
        <Point>
          <coordinates>16.135595,-19.231222,0</coordinates>
        </Point>
      </Placemark>
      <Placemark>
        <name>Olifantsbad Waterhole - Month 9</name>
        <description>Waterhole: Olifantsbad Waterhole, Month: 9, Time: 2010-09-21 19:00:00, Lon: 16.135269, Lat: -19.236296</description>
        <styleUrl>#month9_style</styleUrl>
        <Point>
          <coordinates>16.135269,-19.236296,0</coordinates>
        </Point>
      </Placemark>
      <Placemark>
        <name>Olifantsbad Waterhole - Month 9</name>
        <description>Waterhole: Olifantsbad Waterhole, Month: 9, Time: 2010-09-21 19:20:00, Lon: 16.131633, Lat: -19.238464</description>
        <styleUrl>#month9_style</styleUrl>
        <Point>
          <coordinates>16.131633,-19.238464,0</coordinates>
        </Point>
      </Placemark>
      <Placemark>
        <name>Olifantsbad Waterhole - Month 9</name>
        <description>Waterhole: Olifantsbad Waterhole, Month: 9, Time: 2010-09-21 19:40:00, Lon: 16.130567, Lat: -19.233730</description>
        <styleUrl>#month9_style</styleUrl>
        <Point>
          <coordinates>16.130567,-19.233730,0</coordinates>
        </Point>
      </Placemark>
      <Placemark>
        <name>Olifantsbad Waterhole - Month 9</name>
        <description>Waterhole: Olifantsbad Waterhole, Month: 9, Time: 2010-09-21 20:00:00, Lon: 16.131426, Lat: -19.232233</description>
        <styleUrl>#month9_style</styleUrl>
        <Point>
          <coordinates>16.131426,-19.232233,0</coordinates>
        </Point>
      </Placemark>
      <Placemark>
        <name>Olifantsbad Waterhole - Month 9</name>
        <description>Waterhole: Olifantsbad Waterhole, Month: 9, Time: 2010-09-22 19:20:00, Lon: 16.131582, Lat: -19.238731</description>
        <styleUrl>#month9_style</styleUrl>
        <Point>
          <coordinates>16.131582,-19.238731,0</coordinates>
        </Point>
      </Placemark>
      <Placemark>
        <name>Olifantsbad Waterhole - Month 9</name>
        <description>Waterhole: Olifantsbad Waterhole, Month: 9, Time: 2010-09-22 19:40:00, Lon: 16.127024, Lat: -19.238650</description>
        <styleUrl>#month9_style</styleUrl>
        <Point>
          <coordinates>16.127024,-19.238650,0</coordinates>
        </Point>
      </Placemark>
      <Placemark>
        <name>Olifantsbad Waterhole - Month 9</name>
        <description>Waterhole: Olifantsbad Waterhole, Month: 9, Time: 2010-09-24 07:00:00, Lon: 16.125544, Lat: -19.244645</description>
        <styleUrl>#month9_style</styleUrl>
        <Point>
          <coordinates>16.125544,-19.244645,0</coordinates>
        </Point>
      </Placemark>
      <Placemark>
        <name>Olifantsbad Waterhole - Month 9</name>
        <description>Waterhole: Olifantsbad Waterhole, Month: 9, Time: 2010-09-24 07:20:00, Lon: 16.131618, Lat: -19.238698</description>
        <styleUrl>#month9_style</styleUrl>
        <Point>
          <coordinates>16.131618,-19.238698,0</coordinates>
        </Point>
      </Placemark>
      <Placemark>
        <name>Olifantsbad Waterhole - Month 9</name>
        <description>Waterhole: Olifantsbad Waterhole, Month: 9, Time: 2010-09-24 07:40:00, Lon: 16.131724, Lat: -19.238485</description>
        <styleUrl>#month9_style</styleUrl>
        <Point>
          <coordinates>16.131724,-19.238485,0</coordinates>
        </Point>
      </Placemark>
      <Placemark>
        <name>Olifantsbad Waterhole - Month 9</name>
        <description>Waterhole: Olifantsbad Waterhole, Month: 9, Time: 2010-09-24 08:00:00, Lon: 16.134500, Lat: -19.235396</description>
        <styleUrl>#month9_style</styleUrl>
        <Point>
          <coordinates>16.134500,-19.235396,0</coordinates>
        </Point>
      </Placemark>
      <Placemark>
        <name>Olifantsbad Waterhole - Month 9</name>
        <description>Waterhole: Olifantsbad Waterhole, Month: 9, Time: 2010-09-25 16:40:00, Lon: 16.137444, Lat: -19.237109</description>
        <styleUrl>#month9_style</styleUrl>
        <Point>
          <coordinates>16.137444,-19.237109,0</coordinates>
        </Point>
      </Placemark>
      <Placemark>
        <name>Olifantsbad Waterhole - Month 9</name>
        <description>Waterhole: Olifantsbad Waterhole, Month: 9, Time: 2010-09-25 17:00:00, Lon: 16.131788, Lat: -19.238796</description>
        <styleUrl>#month9_style</styleUrl>
        <Point>
          <coordinates>16.131788,-19.238796,0</coordinates>
        </Point>
      </Placemark>
      <Placemark>
        <name>Olifantsbad Waterhole - Month 9</name>
        <description>Waterhole: Olifantsbad Waterhole, Month: 9, Time: 2010-09-25 17:20:00, Lon: 16.132490, Lat: -19.237028</description>
        <styleUrl>#month9_style</styleUrl>
        <Point>
          <coordinates>16.132490,-19.237028,0</coordinates>
        </Point>
      </Placemark>
      <Placemark>
        <name>Olifantsbad Waterhole - Month 9</name>
        <description>Waterhole: Olifantsbad Waterhole, Month: 9, Time: 2010-09-25 17:40:00, Lon: 16.135301, Lat: -19.231942</description>
        <styleUrl>#month9_style</styleUrl>
        <Point>
          <coordinates>16.135301,-19.231942,0</coordinates>
        </Point>
      </Placemark>
      <Placemark>
        <name>Aus Fountain - Month 9</name>
        <description>Waterhole: Aus Fountain, Month: 9, Time: 2010-09-26 22:00:00, Lon: 16.186348, Lat: -19.204673</description>
        <styleUrl>#month9_style</styleUrl>
        <Point>
          <coordinates>16.186348,-19.204673,0</coordinates>
        </Point>
      </Placemark>
      <Placemark>
        <name>Aus Fountain - Month 9</name>
        <description>Waterhole: Aus Fountain, Month: 9, Time: 2010-09-26 22:20:00, Lon: 16.193357, Lat: -19.205389</description>
        <styleUrl>#month9_style</styleUrl>
        <Point>
          <coordinates>16.193357,-19.205389,0</coordinates>
        </Point>
      </Placemark>
      <Placemark>
        <name>Aus Fountain - Month 9</name>
        <description>Waterhole: Aus Fountain, Month: 9, Time: 2010-09-26 22:40:00, Lon: 16.193465, Lat: -19.205375</description>
        <styleUrl>#month9_style</styleUrl>
        <Point>
          <coordinates>16.193465,-19.205375,0</coordinates>
        </Point>
      </Placemark>
      <Placemark>
        <name>Aus Fountain - Month 9</name>
        <description>Waterhole: Aus Fountain, Month: 9, Time: 2010-09-26 23:00:00, Lon: 16.193964, Lat: -19.205027</description>
        <styleUrl>#month9_style</styleUrl>
        <Point>
          <coordinates>16.193964,-19.205027,0</coordinates>
        </Point>
      </Placemark>
      <Placemark>
        <name>Aus Fountain - Month 9</name>
        <description>Waterhole: Aus Fountain, Month: 9, Time: 2010-09-26 23:20:00, Lon: 16.193926, Lat: -19.200260</description>
        <styleUrl>#month9_style</styleUrl>
        <Point>
          <coordinates>16.193926,-19.200260,0</coordinates>
        </Point>
      </Placemark>
      <Placemark>
        <name>Aus Fountain - Month 9</name>
        <description>Waterhole: Aus Fountain, Month: 9, Time: 2010-09-28 17:00:00, Lon: 16.196143, Lat: -19.199894</description>
        <styleUrl>#month9_style</styleUrl>
        <Point>
          <coordinates>16.196143,-19.199894,0</coordinates>
        </Point>
      </Placemark>
      <Placemark>
        <name>Aus Fountain - Month 9</name>
        <description>Waterhole: Aus Fountain, Month: 9, Time: 2010-09-28 17:20:00, Lon: 16.193232, Lat: -19.205345</description>
        <styleUrl>#month9_style</styleUrl>
        <Point>
          <coordinates>16.193232,-19.205345,0</coordinates>
        </Point>
      </Placemark>
      <Placemark>
        <name>Aus Fountain - Month 9</name>
        <description>Waterhole: Aus Fountain, Month: 9, Time: 2010-09-28 17:40:00, Lon: 16.193211, Lat: -19.205477</description>
        <styleUrl>#month9_style</styleUrl>
        <Point>
          <coordinates>16.193211,-19.205477,0</coordinates>
        </Point>
      </Placemark>
      <Placemark>
        <name>Aus Fountain - Month 9</name>
        <description>Waterhole: Aus Fountain, Month: 9, Time: 2010-09-28 18:00:00, Lon: 16.189762, Lat: -19.202203</description>
        <styleUrl>#month9_style</styleUrl>
        <Point>
          <coordinates>16.189762,-19.202203,0</coordinates>
        </Point>
      </Placemark>
      <Placemark>
        <name>Aus Fountain - Month 9</name>
        <description>Waterhole: Aus Fountain, Month: 9, Time: 2010-09-29 19:00:00, Lon: 16.194159, Lat: -19.199778</description>
        <styleUrl>#month9_style</styleUrl>
        <Point>
          <coordinates>16.194159,-19.199778,0</coordinates>
        </Point>
      </Placemark>
      <Placemark>
        <name>Aus Fountain - Month 9</name>
        <description>Waterhole: Aus Fountain, Month: 9, Time: 2010-09-29 19:20:00, Lon: 16.193529, Lat: -19.205349</description>
        <styleUrl>#month9_style</styleUrl>
        <Point>
          <coordinates>16.193529,-19.205349,0</coordinates>
        </Point>
      </Placemark>
      <Placemark>
        <name>Aus Fountain - Month 9</name>
        <description>Waterhole: Aus Fountain, Month: 9, Time: 2010-09-29 19:40:00, Lon: 16.193534, Lat: -19.205373</description>
        <styleUrl>#month9_style</styleUrl>
        <Point>
          <coordinates>16.193534,-19.205373,0</coordinates>
        </Point>
      </Placemark>
      <Placemark>
        <name>Aus Fountain - Month 9</name>
        <description>Waterhole: Aus Fountain, Month: 9, Time: 2010-09-29 20:00:00, Lon: 16.193916, Lat: -19.206305</description>
        <styleUrl>#month9_style</styleUrl>
        <Point>
          <coordinates>16.193916,-19.206305,0</coordinates>
        </Point>
      </Placemark>
      <Placemark>
        <name>Aus Fountain - Month 9</name>
        <description>Waterhole: Aus Fountain, Month: 9, Time: 2010-09-29 20:20:00, Lon: 16.197108, Lat: -19.205924</description>
        <styleUrl>#month9_style</styleUrl>
        <Point>
          <coordinates>16.197108,-19.205924,0</coordinates>
        </Point>
      </Placemark>
      <Placemark>
        <name>Aus Fountain - Month 9</name>
        <description>Waterhole: Aus Fountain, Month: 9, Time: 2010-09-29 20:40:00, Lon: 16.200266, Lat: -19.204673</description>
        <styleUrl>#month9_style</styleUrl>
        <Point>
          <coordinates>16.200266,-19.204673,0</coordinates>
        </Point>
      </Placemark>
      <Placemark>
        <name>Aus Fountain - Month 10</name>
        <description>Waterhole: Aus Fountain, Month: 10, Time: 2010-10-01 18:40:00, Lon: 16.193337, Lat: -19.205387</description>
        <styleUrl>#month10_style</styleUrl>
        <Point>
          <coordinates>16.193337,-19.205387,0</coordinates>
        </Point>
      </Placemark>
      <Placemark>
        <name>Aus Fountain - Month 10</name>
        <description>Waterhole: Aus Fountain, Month: 10, Time: 2010-10-01 19:00:00, Lon: 16.193374, Lat: -19.205457</description>
        <styleUrl>#month10_style</styleUrl>
        <Point>
          <coordinates>16.193374,-19.205457,0</coordinates>
        </Point>
      </Placemark>
      <Placemark>
        <name>Aus Fountain - Month 10</name>
        <description>Waterhole: Aus Fountain, Month: 10, Time: 2010-10-01 19:20:00, Lon: 16.193460, Lat: -19.205424</description>
        <styleUrl>#month10_style</styleUrl>
        <Point>
          <coordinates>16.193460,-19.205424,0</coordinates>
        </Point>
      </Placemark>
      <Placemark>
        <name>Aus Fountain - Month 10</name>
        <description>Waterhole: Aus Fountain, Month: 10, Time: 2010-10-01 19:40:00, Lon: 16.192801, Lat: -19.204930</description>
        <styleUrl>#month10_style</styleUrl>
        <Point>
          <coordinates>16.192801,-19.204930,0</coordinates>
        </Point>
      </Placemark>
      <Placemark>
        <name>Aus Fountain - Month 10</name>
        <description>Waterhole: Aus Fountain, Month: 10, Time: 2010-10-01 20:00:00, Lon: 16.189972, Lat: -19.204960</description>
        <styleUrl>#month10_style</styleUrl>
        <Point>
          <coordinates>16.189972,-19.204960,0</coordinates>
        </Point>
      </Placemark>
      <Placemark>
        <name>Aus Fountain - Month 10</name>
        <description>Waterhole: Aus Fountain, Month: 10, Time: 2010-10-01 20:20:00, Lon: 16.184452, Lat: -19.203029</description>
        <styleUrl>#month10_style</styleUrl>
        <Point>
          <coordinates>16.184452,-19.203029,0</coordinates>
        </Point>
      </Placemark>
      <Placemark>
        <name>Aus Fountain - Month 10</name>
        <description>Waterhole: Aus Fountain, Month: 10, Time: 2010-10-02 19:20:00, Lon: 16.187002, Lat: -19.200128</description>
        <styleUrl>#month10_style</styleUrl>
        <Point>
          <coordinates>16.187002,-19.200128,0</coordinates>
        </Point>
      </Placemark>
      <Placemark>
        <name>Aus Fountain - Month 10</name>
        <description>Waterhole: Aus Fountain, Month: 10, Time: 2010-10-02 19:40:00, Lon: 16.193560, Lat: -19.205355</description>
        <styleUrl>#month10_style</styleUrl>
        <Point>
          <coordinates>16.193560,-19.205355,0</coordinates>
        </Point>
      </Placemark>
      <Placemark>
        <name>Aus Fountain - Month 10</name>
        <description>Waterhole: Aus Fountain, Month: 10, Time: 2010-10-02 20:00:00, Lon: 16.193462, Lat: -19.205339</description>
        <styleUrl>#month10_style</styleUrl>
        <Point>
          <coordinates>16.193462,-19.205339,0</coordinates>
        </Point>
      </Placemark>
      <Placemark>
        <name>Aus Fountain - Month 10</name>
        <description>Waterhole: Aus Fountain, Month: 10, Time: 2010-10-02 20:20:00, Lon: 16.193378, Lat: -19.204460</description>
        <styleUrl>#month10_style</styleUrl>
        <Point>
          <coordinates>16.193378,-19.204460,0</coordinates>
        </Point>
      </Placemark>
      <Placemark>
        <name>Aus Fountain - Month 10</name>
        <description>Waterhole: Aus Fountain, Month: 10, Time: 2010-10-02 20:40:00, Lon: 16.193682, Lat: -19.199904</description>
        <styleUrl>#month10_style</styleUrl>
        <Point>
          <coordinates>16.193682,-19.199904,0</coordinates>
        </Point>
      </Placemark>
      <Placemark>
        <name>Aus Fountain - Month 10</name>
        <description>Waterhole: Aus Fountain, Month: 10, Time: 2010-10-04 17:40:00, Lon: 16.197052, Lat: -19.198415</description>
        <styleUrl>#month10_style</styleUrl>
        <Point>
          <coordinates>16.197052,-19.198415,0</coordinates>
        </Point>
      </Placemark>
      <Placemark>
        <name>Aus Fountain - Month 10</name>
        <description>Waterhole: Aus Fountain, Month: 10, Time: 2010-10-04 18:00:00, Lon: 16.193223, Lat: -19.205398</description>
        <styleUrl>#month10_style</styleUrl>
        <Point>
          <coordinates>16.193223,-19.205398,0</coordinates>
        </Point>
      </Placemark>
      <Placemark>
        <name>Aus Fountain - Month 10</name>
        <description>Waterhole: Aus Fountain, Month: 10, Time: 2010-10-04 18:20:00, Lon: 16.193095, Lat: -19.205363</description>
        <styleUrl>#month10_style</styleUrl>
        <Point>
          <coordinates>16.193095,-19.205363,0</coordinates>
        </Point>
      </Placemark>
      <Placemark>
        <name>Aus Fountain - Month 10</name>
        <description>Waterhole: Aus Fountain, Month: 10, Time: 2010-10-04 18:40:00, Lon: 16.192496, Lat: -19.205247</description>
        <styleUrl>#month10_style</styleUrl>
        <Point>
          <coordinates>16.192496,-19.205247,0</coordinates>
        </Point>
      </Placemark>
      <Placemark>
        <name>Aus Fountain - Month 10</name>
        <description>Waterhole: Aus Fountain, Month: 10, Time: 2010-10-04 19:00:00, Lon: 16.190279, Lat: -19.202639</description>
        <styleUrl>#month10_style</styleUrl>
        <Point>
          <coordinates>16.190279,-19.202639,0</coordinates>
        </Point>
      </Placemark>
      <Placemark>
        <name>Aus Fountain - Month 10</name>
        <description>Waterhole: Aus Fountain, Month: 10, Time: 2010-10-04 19:20:00, Lon: 16.187052, Lat: -19.200136</description>
        <styleUrl>#month10_style</styleUrl>
        <Point>
          <coordinates>16.187052,-19.200136,0</coordinates>
        </Point>
      </Placemark>
      <Placemark>
        <name>Aus Fountain - Month 10</name>
        <description>Waterhole: Aus Fountain, Month: 10, Time: 2010-10-05 20:20:00, Lon: 16.194160, Lat: -19.197188</description>
        <styleUrl>#month10_style</styleUrl>
        <Point>
          <coordinates>16.194160,-19.197188,0</coordinates>
        </Point>
      </Placemark>
      <Placemark>
        <name>Aus Fountain - Month 10</name>
        <description>Waterhole: Aus Fountain, Month: 10, Time: 2010-10-05 20:40:00, Lon: 16.193394, Lat: -19.205361</description>
        <styleUrl>#month10_style</styleUrl>
        <Point>
          <coordinates>16.193394,-19.205361,0</coordinates>
        </Point>
      </Placemark>
      <Placemark>
        <name>Aus Fountain - Month 10</name>
        <description>Waterhole: Aus Fountain, Month: 10, Time: 2010-10-05 21:00:00, Lon: 16.193352, Lat: -19.205391</description>
        <styleUrl>#month10_style</styleUrl>
        <Point>
          <coordinates>16.193352,-19.205391,0</coordinates>
        </Point>
      </Placemark>
      <Placemark>
        <name>Aus Fountain - Month 10</name>
        <description>Waterhole: Aus Fountain, Month: 10, Time: 2010-10-05 21:20:00, Lon: 16.193494, Lat: -19.205334</description>
        <styleUrl>#month10_style</styleUrl>
        <Point>
          <coordinates>16.193494,-19.205334,0</coordinates>
        </Point>
      </Placemark>
      <Placemark>
        <name>Aus Fountain - Month 10</name>
        <description>Waterhole: Aus Fountain, Month: 10, Time: 2010-10-05 21:40:00, Lon: 16.195079, Lat: -19.204228</description>
        <styleUrl>#month10_style</styleUrl>
        <Point>
          <coordinates>16.195079,-19.204228,0</coordinates>
        </Point>
      </Placemark>
      <Placemark>
        <name>Aus Fountain - Month 10</name>
        <description>Waterhole: Aus Fountain, Month: 10, Time: 2010-10-05 22:00:00, Lon: 16.196397, Lat: -19.202372</description>
        <styleUrl>#month10_style</styleUrl>
        <Point>
          <coordinates>16.196397,-19.202372,0</coordinates>
        </Point>
      </Placemark>
      <Placemark>
        <name>Aus Fountain - Month 10</name>
        <description>Waterhole: Aus Fountain, Month: 10, Time: 2010-10-05 22:20:00, Lon: 16.197285, Lat: -19.200140</description>
        <styleUrl>#month10_style</styleUrl>
        <Point>
          <coordinates>16.197285,-19.200140,0</coordinates>
        </Point>
      </Placemark>
      <Placemark>
        <name>Aus Fountain - Month 10</name>
        <description>Waterhole: Aus Fountain, Month: 10, Time: 2010-10-05 22:40:00, Lon: 16.198194, Lat: -19.198458</description>
        <styleUrl>#month10_style</styleUrl>
        <Point>
          <coordinates>16.198194,-19.198458,0</coordinates>
        </Point>
      </Placemark>
      <Placemark>
        <name>Aus Fountain - Month 10</name>
        <description>Waterhole: Aus Fountain, Month: 10, Time: 2010-10-07 19:00:00, Lon: 16.195613, Lat: -19.201768</description>
        <styleUrl>#month10_style</styleUrl>
        <Point>
          <coordinates>16.195613,-19.201768,0</coordinates>
        </Point>
      </Placemark>
      <Placemark>
        <name>Aus Fountain - Month 10</name>
        <description>Waterhole: Aus Fountain, Month: 10, Time: 2010-10-07 19:20:00, Lon: 16.193320, Lat: -19.205369</description>
        <styleUrl>#month10_style</styleUrl>
        <Point>
          <coordinates>16.193320,-19.205369,0</coordinates>
        </Point>
      </Placemark>
      <Placemark>
        <name>Aus Fountain - Month 10</name>
        <description>Waterhole: Aus Fountain, Month: 10, Time: 2010-10-07 19:40:00, Lon: 16.193482, Lat: -19.205400</description>
        <styleUrl>#month10_style</styleUrl>
        <Point>
          <coordinates>16.193482,-19.205400,0</coordinates>
        </Point>
      </Placemark>
      <Placemark>
        <name>Aus Fountain - Month 10</name>
        <description>Waterhole: Aus Fountain, Month: 10, Time: 2010-10-07 20:00:00, Lon: 16.192545, Lat: -19.204690</description>
        <styleUrl>#month10_style</styleUrl>
        <Point>
          <coordinates>16.192545,-19.204690,0</coordinates>
        </Point>
      </Placemark>
      <Placemark>
        <name>Aus Fountain - Month 10</name>
        <description>Waterhole: Aus Fountain, Month: 10, Time: 2010-10-07 20:20:00, Lon: 16.188805, Lat: -19.204820</description>
        <styleUrl>#month10_style</styleUrl>
        <Point>
          <coordinates>16.188805,-19.204820,0</coordinates>
        </Point>
      </Placemark>
      <Placemark>
        <name>Aus Fountain - Month 10</name>
        <description>Waterhole: Aus Fountain, Month: 10, Time: 2010-10-07 20:40:00, Lon: 16.184778, Lat: -19.203861</description>
        <styleUrl>#month10_style</styleUrl>
        <Point>
          <coordinates>16.184778,-19.203861,0</coordinates>
        </Point>
      </Placemark>
      <Placemark>
        <name>Aus Fountain - Month 10</name>
        <description>Waterhole: Aus Fountain, Month: 10, Time: 2010-10-08 20:20:00, Lon: 16.194203, Lat: -19.198568</description>
        <styleUrl>#month10_style</styleUrl>
        <Point>
          <coordinates>16.194203,-19.198568,0</coordinates>
        </Point>
      </Placemark>
      <Placemark>
        <name>Aus Fountain - Month 10</name>
        <description>Waterhole: Aus Fountain, Month: 10, Time: 2010-10-08 20:40:00, Lon: 16.193184, Lat: -19.205257</description>
        <styleUrl>#month10_style</styleUrl>
        <Point>
          <coordinates>16.193184,-19.205257,0</coordinates>
        </Point>
      </Placemark>
      <Placemark>
        <name>Aus Fountain - Month 10</name>
        <description>Waterhole: Aus Fountain, Month: 10, Time: 2010-10-08 21:00:00, Lon: 16.193809, Lat: -19.205062</description>
        <styleUrl>#month10_style</styleUrl>
        <Point>
          <coordinates>16.193809,-19.205062,0</coordinates>
        </Point>
      </Placemark>
      <Placemark>
        <name>Aus Fountain - Month 10</name>
        <description>Waterhole: Aus Fountain, Month: 10, Time: 2010-10-08 21:20:00, Lon: 16.195458, Lat: -19.204348</description>
        <styleUrl>#month10_style</styleUrl>
        <Point>
          <coordinates>16.195458,-19.204348,0</coordinates>
        </Point>
      </Placemark>
      <Placemark>
        <name>Aus Fountain - Month 10</name>
        <description>Waterhole: Aus Fountain, Month: 10, Time: 2010-10-08 21:40:00, Lon: 16.196451, Lat: -19.201383</description>
        <styleUrl>#month10_style</styleUrl>
        <Point>
          <coordinates>16.196451,-19.201383,0</coordinates>
        </Point>
      </Placemark>
      <Placemark>
        <name>Aus Fountain - Month 10</name>
        <description>Waterhole: Aus Fountain, Month: 10, Time: 2010-10-08 22:00:00, Lon: 16.199835, Lat: -19.200094</description>
        <styleUrl>#month10_style</styleUrl>
        <Point>
          <coordinates>16.199835,-19.200094,0</coordinates>
        </Point>
      </Placemark>
      <Placemark>
        <name>Homob Fountain - Month 10</name>
        <description>Waterhole: Homob Fountain, Month: 10, Time: 2010-10-10 19:40:00, Lon: 16.193024, Lat: -19.053365</description>
        <styleUrl>#month10_style</styleUrl>
        <Point>
          <coordinates>16.193024,-19.053365,0</coordinates>
        </Point>
      </Placemark>
      <Placemark>
        <name>Homob Fountain - Month 10</name>
        <description>Waterhole: Homob Fountain, Month: 10, Time: 2010-10-10 20:00:00, Lon: 16.193704, Lat: -19.053866</description>
        <styleUrl>#month10_style</styleUrl>
        <Point>
          <coordinates>16.193704,-19.053866,0</coordinates>
        </Point>
      </Placemark>
      <Placemark>
        <name>Homob Fountain - Month 10</name>
        <description>Waterhole: Homob Fountain, Month: 10, Time: 2010-10-10 20:20:00, Lon: 16.198101, Lat: -19.058348</description>
        <styleUrl>#month10_style</styleUrl>
        <Point>
          <coordinates>16.198101,-19.058348,0</coordinates>
        </Point>
      </Placemark>
      <Placemark>
        <name>Rietfontein Fountain - Month 10</name>
        <description>Waterhole: Rietfontein Fountain, Month: 10, Time: 2010-10-11 19:20:00, Lon: 16.339497, Lat: -19.041809</description>
        <styleUrl>#month10_style</styleUrl>
        <Point>
          <coordinates>16.339497,-19.041809,0</coordinates>
        </Point>
      </Placemark>
      <Placemark>
        <name>Rietfontein Fountain - Month 10</name>
        <description>Waterhole: Rietfontein Fountain, Month: 10, Time: 2010-10-11 19:40:00, Lon: 16.342553, Lat: -19.036412</description>
        <styleUrl>#month10_style</styleUrl>
        <Point>
          <coordinates>16.342553,-19.036412,0</coordinates>
        </Point>
      </Placemark>
      <Placemark>
        <name>Rietfontein Fountain - Month 10</name>
        <description>Waterhole: Rietfontein Fountain, Month: 10, Time: 2010-10-11 20:00:00, Lon: 16.343977, Lat: -19.037677</description>
        <styleUrl>#month10_style</styleUrl>
        <Point>
          <coordinates>16.343977,-19.037677,0</coordinates>
        </Point>
      </Placemark>
      <Placemark>
        <name>Rietfontein Fountain - Month 10</name>
        <description>Waterhole: Rietfontein Fountain, Month: 10, Time: 2010-10-11 20:20:00, Lon: 16.350627, Lat: -19.040763</description>
        <styleUrl>#month10_style</styleUrl>
        <Point>
          <coordinates>16.350627,-19.040763,0</coordinates>
        </Point>
      </Placemark>
      <Placemark>
        <name>Goas 1 Fountain - Month 11</name>
        <description>Waterhole: Goas 1 Fountain, Month: 11, Time: 2010-11-01 19:40:00, Lon: 16.557359, Lat: -18.991561</description>
        <styleUrl>#month11_style</styleUrl>
        <Point>
          <coordinates>16.557359,-18.991561,0</coordinates>
        </Point>
      </Placemark>
      <Placemark>
        <name>Goas 1 Fountain - Month 11</name>
        <description>Waterhole: Goas 1 Fountain, Month: 11, Time: 2010-11-01 20:00:00, Lon: 16.558047, Lat: -18.992043</description>
        <styleUrl>#month11_style</styleUrl>
        <Point>
          <coordinates>16.558047,-18.992043,0</coordinates>
        </Point>
      </Placemark>
      <Placemark>
        <name>Goas 1 Fountain - Month 11</name>
        <description>Waterhole: Goas 1 Fountain, Month: 11, Time: 2010-11-01 20:20:00, Lon: 16.559762, Lat: -18.994615</description>
        <styleUrl>#month11_style</styleUrl>
        <Point>
          <coordinates>16.559762,-18.994615,0</coordinates>
        </Point>
      </Placemark>
      <Placemark>
        <name>Goas 1 Fountain - Month 11</name>
        <description>Waterhole: Goas 1 Fountain, Month: 11, Time: 2010-11-01 20:40:00, Lon: 16.560761, Lat: -18.995591</description>
        <styleUrl>#month11_style</styleUrl>
        <Point>
          <coordinates>16.560761,-18.995591,0</coordinates>
        </Point>
      </Placemark>
      <Placemark>
        <name>Goas 1 Fountain - Month 11</name>
        <description>Waterhole: Goas 1 Fountain, Month: 11, Time: 2010-11-01 21:00:00, Lon: 16.563276, Lat: -18.995585</description>
        <styleUrl>#month11_style</styleUrl>
        <Point>
          <coordinates>16.563276,-18.995585,0</coordinates>
        </Point>
      </Placemark>
      <Placemark>
        <name>Goas 1 Fountain - Month 11</name>
        <description>Waterhole: Goas 1 Fountain, Month: 11, Time: 2010-11-02 18:40:00, Lon: 16.566884, Lat: -18.991860</description>
        <styleUrl>#month11_style</styleUrl>
        <Point>
          <coordinates>16.566884,-18.991860,0</coordinates>
        </Point>
      </Placemark>
      <Placemark>
        <name>Goas 1 Fountain - Month 11</name>
        <description>Waterhole: Goas 1 Fountain, Month: 11, Time: 2010-11-02 19:00:00, Lon: 16.562056, Lat: -18.991848</description>
        <styleUrl>#month11_style</styleUrl>
        <Point>
          <coordinates>16.562056,-18.991848,0</coordinates>
        </Point>
      </Placemark>
      <Placemark>
        <name>Goas 1 Fountain - Month 11</name>
        <description>Waterhole: Goas 1 Fountain, Month: 11, Time: 2010-11-02 19:20:00, Lon: 16.558056, Lat: -18.989945</description>
        <styleUrl>#month11_style</styleUrl>
        <Point>
          <coordinates>16.558056,-18.989945,0</coordinates>
        </Point>
      </Placemark>
      <Placemark>
        <name>Goas 1 Fountain - Month 11</name>
        <description>Waterhole: Goas 1 Fountain, Month: 11, Time: 2010-11-02 19:40:00, Lon: 16.560305, Lat: -18.988397</description>
        <styleUrl>#month11_style</styleUrl>
        <Point>
          <coordinates>16.560305,-18.988397,0</coordinates>
        </Point>
      </Placemark>
      <Placemark>
        <name>Goas 1 Fountain - Month 11</name>
        <description>Waterhole: Goas 1 Fountain, Month: 11, Time: 2010-11-02 20:00:00, Lon: 16.562919, Lat: -18.986863</description>
        <styleUrl>#month11_style</styleUrl>
        <Point>
          <coordinates>16.562919,-18.986863,0</coordinates>
        </Point>
      </Placemark>
      <Placemark>
        <name>Goas 1 Fountain - Month 11</name>
        <description>Waterhole: Goas 1 Fountain, Month: 11, Time: 2010-11-03 21:00:00, Lon: 16.559413, Lat: -18.990592</description>
        <styleUrl>#month11_style</styleUrl>
        <Point>
          <coordinates>16.559413,-18.990592,0</coordinates>
        </Point>
      </Placemark>
      <Placemark>
        <name>Goas 1 Fountain - Month 11</name>
        <description>Waterhole: Goas 1 Fountain, Month: 11, Time: 2010-11-03 21:20:00, Lon: 16.557914, Lat: -18.991870</description>
        <styleUrl>#month11_style</styleUrl>
        <Point>
          <coordinates>16.557914,-18.991870,0</coordinates>
        </Point>
      </Placemark>
      <Placemark>
        <name>Goas 1 Fountain - Month 11</name>
        <description>Waterhole: Goas 1 Fountain, Month: 11, Time: 2010-11-03 21:40:00, Lon: 16.562436, Lat: -18.995239</description>
        <styleUrl>#month11_style</styleUrl>
        <Point>
          <coordinates>16.562436,-18.995239,0</coordinates>
        </Point>
      </Placemark>
      <Placemark>
        <name>Goas 1 Fountain - Month 11</name>
        <description>Waterhole: Goas 1 Fountain, Month: 11, Time: 2010-11-08 01:40:00, Lon: 16.562947, Lat: -18.992074</description>
        <styleUrl>#month11_style</styleUrl>
        <Point>
          <coordinates>16.562947,-18.992074,0</coordinates>
        </Point>
      </Placemark>
      <Placemark>
        <name>Goas 1 Fountain - Month 11</name>
        <description>Waterhole: Goas 1 Fountain, Month: 11, Time: 2010-11-08 02:00:00, Lon: 16.558020, Lat: -18.989941</description>
        <styleUrl>#month11_style</styleUrl>
        <Point>
          <coordinates>16.558020,-18.989941,0</coordinates>
        </Point>
      </Placemark>
      <Placemark>
        <name>Goas 1 Fountain - Month 11</name>
        <description>Waterhole: Goas 1 Fountain, Month: 11, Time: 2010-11-08 02:20:00, Lon: 16.557154, Lat: -18.990139</description>
        <styleUrl>#month11_style</styleUrl>
        <Point>
          <coordinates>16.557154,-18.990139,0</coordinates>
        </Point>
      </Placemark>
      <Placemark>
        <name>Goas 1 Fountain - Month 11</name>
        <description>Waterhole: Goas 1 Fountain, Month: 11, Time: 2010-11-08 02:40:00, Lon: 16.554290, Lat: -18.992017</description>
        <styleUrl>#month11_style</styleUrl>
        <Point>
          <coordinates>16.554290,-18.992017,0</coordinates>
        </Point>
      </Placemark>
      <Placemark>
        <name>Goas 1 Fountain - Month 11</name>
        <description>Waterhole: Goas 1 Fountain, Month: 11, Time: 2010-11-08 03:00:00, Lon: 16.550505, Lat: -18.993101</description>
        <styleUrl>#month11_style</styleUrl>
        <Point>
          <coordinates>16.550505,-18.993101,0</coordinates>
        </Point>
      </Placemark>
      <Placemark>
        <name>Goas 1 Fountain - Month 11</name>
        <description>Waterhole: Goas 1 Fountain, Month: 11, Time: 2010-11-08 18:00:00, Lon: 16.550763, Lat: -18.990700</description>
        <styleUrl>#month11_style</styleUrl>
        <Point>
          <coordinates>16.550763,-18.990700,0</coordinates>
        </Point>
      </Placemark>
      <Placemark>
        <name>Goas 1 Fountain - Month 11</name>
        <description>Waterhole: Goas 1 Fountain, Month: 11, Time: 2010-11-08 18:20:00, Lon: 16.555915, Lat: -18.990462</description>
        <styleUrl>#month11_style</styleUrl>
        <Point>
          <coordinates>16.555915,-18.990462,0</coordinates>
        </Point>
      </Placemark>
      <Placemark>
        <name>Goas 1 Fountain - Month 11</name>
        <description>Waterhole: Goas 1 Fountain, Month: 11, Time: 2010-11-08 18:40:00, Lon: 16.558067, Lat: -18.989480</description>
        <styleUrl>#month11_style</styleUrl>
        <Point>
          <coordinates>16.558067,-18.989480,0</coordinates>
        </Point>
      </Placemark>
      <Placemark>
        <name>Goas 1 Fountain - Month 11</name>
        <description>Waterhole: Goas 1 Fountain, Month: 11, Time: 2010-11-08 19:00:00, Lon: 16.558275, Lat: -18.990417</description>
        <styleUrl>#month11_style</styleUrl>
        <Point>
          <coordinates>16.558275,-18.990417,0</coordinates>
        </Point>
      </Placemark>
      <Placemark>
        <name>Goas 1 Fountain - Month 11</name>
        <description>Waterhole: Goas 1 Fountain, Month: 11, Time: 2010-11-08 19:20:00, Lon: 16.561831, Lat: -18.989620</description>
        <styleUrl>#month11_style</styleUrl>
        <Point>
          <coordinates>16.561831,-18.989620,0</coordinates>
        </Point>
      </Placemark>
      <Placemark>
        <name>Goas 1 Fountain - Month 11</name>
        <description>Waterhole: Goas 1 Fountain, Month: 11, Time: 2010-11-09 19:20:00, Lon: 16.564809, Lat: -18.992979</description>
        <styleUrl>#month11_style</styleUrl>
        <Point>
          <coordinates>16.564809,-18.992979,0</coordinates>
        </Point>
      </Placemark>
      <Placemark>
        <name>Goas 1 Fountain - Month 11</name>
        <description>Waterhole: Goas 1 Fountain, Month: 11, Time: 2010-11-09 19:40:00, Lon: 16.557965, Lat: -18.990033</description>
        <styleUrl>#month11_style</styleUrl>
        <Point>
          <coordinates>16.557965,-18.990033,0</coordinates>
        </Point>
      </Placemark>
      <Placemark>
        <name>Goas 1 Fountain - Month 11</name>
        <description>Waterhole: Goas 1 Fountain, Month: 11, Time: 2010-11-09 20:00:00, Lon: 16.558030, Lat: -18.989777</description>
        <styleUrl>#month11_style</styleUrl>
        <Point>
          <coordinates>16.558030,-18.989777,0</coordinates>
        </Point>
      </Placemark>
      <Placemark>
        <name>Goas 1 Fountain - Month 11</name>
        <description>Waterhole: Goas 1 Fountain, Month: 11, Time: 2010-11-09 20:20:00, Lon: 16.560344, Lat: -18.988517</description>
        <styleUrl>#month11_style</styleUrl>
        <Point>
          <coordinates>16.560344,-18.988517,0</coordinates>
        </Point>
      </Placemark>
      <Placemark>
        <name>Goas 1 Fountain - Month 11</name>
        <description>Waterhole: Goas 1 Fountain, Month: 11, Time: 2010-11-09 20:40:00, Lon: 16.565469, Lat: -18.989252</description>
        <styleUrl>#month11_style</styleUrl>
        <Point>
          <coordinates>16.565469,-18.989252,0</coordinates>
        </Point>
      </Placemark>
      <Placemark>
        <name>Ombika - Month 4</name>
        <description>Waterhole: Ombika, Month: 4, Time: 2010-04-17 18:40:00, Lon: 15.935866, Lat: -19.312256</description>
        <styleUrl>#month4_style</styleUrl>
        <Point>
          <coordinates>15.935866,-19.312256,0</coordinates>
        </Point>
      </Placemark>
      <Placemark>
        <name>Ombika - Month 4</name>
        <description>Waterhole: Ombika, Month: 4, Time: 2010-04-17 19:00:00, Lon: 15.943553, Lat: -19.316264</description>
        <styleUrl>#month4_style</styleUrl>
        <Point>
          <coordinates>15.943553,-19.316264,0</coordinates>
        </Point>
      </Placemark>
      <Placemark>
        <name>Ombika - Month 4</name>
        <description>Waterhole: Ombika, Month: 4, Time: 2010-04-17 19:20:00, Lon: 15.948167, Lat: -19.311373</description>
        <styleUrl>#month4_style</styleUrl>
        <Point>
          <coordinates>15.948167,-19.311373,0</coordinates>
        </Point>
      </Placemark>
      <Placemark>
        <name>Ombika - Month 4</name>
        <description>Waterhole: Ombika, Month: 4, Time: 2010-04-19 21:20:00, Lon: 15.941505, Lat: -19.315776</description>
        <styleUrl>#month4_style</styleUrl>
        <Point>
          <coordinates>15.941505,-19.315776,0</coordinates>
        </Point>
      </Placemark>
      <Placemark>
        <name>Ombika - Month 4</name>
        <description>Waterhole: Ombika, Month: 4, Time: 2010-04-19 21:40:00, Lon: 15.941513, Lat: -19.316197</description>
        <styleUrl>#month4_style</styleUrl>
        <Point>
          <coordinates>15.941513,-19.316197,0</coordinates>
        </Point>
      </Placemark>
      <Placemark>
        <name>Ombika - Month 4</name>
        <description>Waterhole: Ombika, Month: 4, Time: 2010-04-19 22:00:00, Lon: 15.942258, Lat: -19.315556</description>
        <styleUrl>#month4_style</styleUrl>
        <Point>
          <coordinates>15.942258,-19.315556,0</coordinates>
        </Point>
      </Placemark>
      <Placemark>
        <name>Ombika - Month 4</name>
        <description>Waterhole: Ombika, Month: 4, Time: 2010-04-19 22:20:00, Lon: 15.942476, Lat: -19.313202</description>
        <styleUrl>#month4_style</styleUrl>
        <Point>
          <coordinates>15.942476,-19.313202,0</coordinates>
        </Point>
      </Placemark>
      <Placemark>
        <name>Ombika - Month 4</name>
        <description>Waterhole: Ombika, Month: 4, Time: 2010-04-19 22:40:00, Lon: 15.942807, Lat: -19.311904</description>
        <styleUrl>#month4_style</styleUrl>
        <Point>
          <coordinates>15.942807,-19.311904,0</coordinates>
        </Point>
      </Placemark>
      <Placemark>
        <name>Ombika - Month 4</name>
        <description>Waterhole: Ombika, Month: 4, Time: 2010-04-19 23:00:00, Lon: 15.943822, Lat: -19.308144</description>
        <styleUrl>#month4_style</styleUrl>
        <Point>
          <coordinates>15.943822,-19.308144,0</coordinates>
        </Point>
      </Placemark>
      <Placemark>
        <name>Ombika - Month 4</name>
        <description>Waterhole: Ombika, Month: 4, Time: 2010-04-20 18:20:00, Lon: 15.941104, Lat: -19.315788</description>
        <styleUrl>#month4_style</styleUrl>
        <Point>
          <coordinates>15.941104,-19.315788,0</coordinates>
        </Point>
      </Placemark>
      <Placemark>
        <name>Ombika - Month 4</name>
        <description>Waterhole: Ombika, Month: 4, Time: 2010-04-20 18:40:00, Lon: 15.943759, Lat: -19.317126</description>
        <styleUrl>#month4_style</styleUrl>
        <Point>
          <coordinates>15.943759,-19.317126,0</coordinates>
        </Point>
      </Placemark>
      <Placemark>
        <name>Ombika - Month 4</name>
        <description>Waterhole: Ombika, Month: 4, Time: 2010-04-20 19:00:00, Lon: 15.949187, Lat: -19.320414</description>
        <styleUrl>#month4_style</styleUrl>
        <Point>
          <coordinates>15.949187,-19.320414,0</coordinates>
        </Point>
      </Placemark>
      <Placemark>
        <name>Ombika - Month 4</name>
        <description>Waterhole: Ombika, Month: 4, Time: 2010-04-24 00:20:00, Lon: 15.945134, Lat: -19.315147</description>
        <styleUrl>#month4_style</styleUrl>
        <Point>
          <coordinates>15.945134,-19.315147,0</coordinates>
        </Point>
      </Placemark>
      <Placemark>
        <name>Ombika - Month 4</name>
        <description>Waterhole: Ombika, Month: 4, Time: 2010-04-24 00:40:00, Lon: 15.942160, Lat: -19.313639</description>
        <styleUrl>#month4_style</styleUrl>
        <Point>
          <coordinates>15.942160,-19.313639,0</coordinates>
        </Point>
      </Placemark>
      <Placemark>
        <name>Ombika - Month 4</name>
        <description>Waterhole: Ombika, Month: 4, Time: 2010-04-24 01:00:00, Lon: 15.943312, Lat: -19.309528</description>
        <styleUrl>#month4_style</styleUrl>
        <Point>
          <coordinates>15.943312,-19.309528,0</coordinates>
        </Point>
      </Placemark>
      <Placemark>
        <name>Olifantsbad Waterhole - Month 4</name>
        <description>Waterhole: Olifantsbad Waterhole, Month: 4, Time: 2010-04-25 15:40:00, Lon: 16.131249, Lat: -19.240529</description>
        <styleUrl>#month4_style</styleUrl>
        <Point>
          <coordinates>16.131249,-19.240529,0</coordinates>
        </Point>
      </Placemark>
      <Placemark>
        <name>Olifantsbad Waterhole - Month 4</name>
        <description>Waterhole: Olifantsbad Waterhole, Month: 4, Time: 2010-04-25 16:00:00, Lon: 16.134854, Lat: -19.244314</description>
        <styleUrl>#month4_style</styleUrl>
        <Point>
          <coordinates>16.134854,-19.244314,0</coordinates>
        </Point>
      </Placemark>
    </Folder>
  </Document>
</kml>
