<?xml version="1.0" ?>
<kml xmlns="http://www.opengis.net/kml/2.2">
  <Document>
    <name>Elephant 07fe - 2010 Waterhole Visits</name>
    <description>Points colored by month for elephant 07fe in 2010</description>
    <Style id="month1_style">
      <IconStyle>
        <color>ff0000ff</color>
        <Icon>
          <href>http://maps.google.com/mapfiles/kml/shapes/placemark_circle.png</href>
        </Icon>
      </IconStyle>
      <LabelStyle>
        <color>ff0000ff</color>
      </LabelStyle>
    </Style>
    <Style id="month2_style">
      <IconStyle>
        <color>ff00ff00</color>
        <Icon>
          <href>http://maps.google.com/mapfiles/kml/shapes/placemark_circle.png</href>
        </Icon>
      </IconStyle>
      <LabelStyle>
        <color>ff00ff00</color>
      </LabelStyle>
    </Style>
    <Style id="month3_style">
      <IconStyle>
        <color>ffff0000</color>
        <Icon>
          <href>http://maps.google.com/mapfiles/kml/shapes/placemark_circle.png</href>
        </Icon>
      </IconStyle>
      <LabelStyle>
        <color>ffff0000</color>
      </LabelStyle>
    </Style>
    <Style id="month4_style">
      <IconStyle>
        <color>ff00ffff</color>
        <Icon>
          <href>http://maps.google.com/mapfiles/kml/shapes/placemark_circle.png</href>
        </Icon>
      </IconStyle>
      <LabelStyle>
        <color>ff00ffff</color>
      </LabelStyle>
    </Style>
    <Style id="month5_style">
      <IconStyle>
        <color>ffff00ff</color>
        <Icon>
          <href>http://maps.google.com/mapfiles/kml/shapes/placemark_circle.png</href>
        </Icon>
      </IconStyle>
      <LabelStyle>
        <color>ffff00ff</color>
      </LabelStyle>
    </Style>
    <Style id="month6_style">
      <IconStyle>
        <color>ff808080</color>
        <Icon>
          <href>http://maps.google.com/mapfiles/kml/shapes/placemark_circle.png</href>
        </Icon>
      </IconStyle>
      <LabelStyle>
        <color>ff808080</color>
      </LabelStyle>
    </Style>
    <Style id="month7_style">
      <IconStyle>
        <color>ff8000ff</color>
        <Icon>
          <href>http://maps.google.com/mapfiles/kml/shapes/placemark_circle.png</href>
        </Icon>
      </IconStyle>
      <LabelStyle>
        <color>ff8000ff</color>
      </LabelStyle>
    </Style>
    <Style id="month8_style">
      <IconStyle>
        <color>ff0080ff</color>
        <Icon>
          <href>http://maps.google.com/mapfiles/kml/shapes/placemark_circle.png</href>
        </Icon>
      </IconStyle>
      <LabelStyle>
        <color>ff0080ff</color>
      </LabelStyle>
    </Style>
    <Style id="month9_style">
      <IconStyle>
        <color>ff80ff00</color>
        <Icon>
          <href>http://maps.google.com/mapfiles/kml/shapes/placemark_circle.png</href>
        </Icon>
      </IconStyle>
      <LabelStyle>
        <color>ff80ff00</color>
      </LabelStyle>
    </Style>
    <Style id="month10_style">
      <IconStyle>
        <color>ffff8000</color>
        <Icon>
          <href>http://maps.google.com/mapfiles/kml/shapes/placemark_circle.png</href>
        </Icon>
      </IconStyle>
      <LabelStyle>
        <color>ffff8000</color>
      </LabelStyle>
    </Style>
    <Style id="month11_style">
      <IconStyle>
        <color>ff008000</color>
        <Icon>
          <href>http://maps.google.com/mapfiles/kml/shapes/placemark_circle.png</href>
        </Icon>
      </IconStyle>
      <LabelStyle>
        <color>ff008000</color>
      </LabelStyle>
    </Style>
    <Style id="month12_style">
      <IconStyle>
        <color>ff800000</color>
        <Icon>
          <href>http://maps.google.com/mapfiles/kml/shapes/placemark_circle.png</href>
        </Icon>
      </IconStyle>
      <LabelStyle>
        <color>ff800000</color>
      </LabelStyle>
    </Style>
    <Folder>
      <name>Waterhole Visits</name>
      <description>Each point represents an observation at a waterhole, colored by month</description>
      <Placemark>
        <name>Olifantsrus - Month 5</name>
        <description>Waterhole: Olifantsrus, Month: 5, Time: 2010-05-11 23:00:00, Lon: 14.855092, Lat: -18.965743</description>
        <styleUrl>#month5_style</styleUrl>
        <Point>
          <coordinates>14.855092,-18.965743,0</coordinates>
        </Point>
      </Placemark>
      <Placemark>
        <name>Olifantsrus - Month 5</name>
        <description>Waterhole: Olifantsrus, Month: 5, Time: 2010-05-11 23:20:00, Lon: 14.860374, Lat: -18.964766</description>
        <styleUrl>#month5_style</styleUrl>
        <Point>
          <coordinates>14.860374,-18.964766,0</coordinates>
        </Point>
      </Placemark>
      <Placemark>
        <name>Olifantsrus - Month 5</name>
        <description>Waterhole: Olifantsrus, Month: 5, Time: 2010-05-11 23:40:00, Lon: 14.860575, Lat: -18.965942</description>
        <styleUrl>#month5_style</styleUrl>
        <Point>
          <coordinates>14.860575,-18.965942,0</coordinates>
        </Point>
      </Placemark>
      <Placemark>
        <name>Olifantsrus - Month 5</name>
        <description>Waterhole: Olifantsrus, Month: 5, Time: 2010-05-12 00:00:00, Lon: 14.861973, Lat: -18.968532</description>
        <styleUrl>#month5_style</styleUrl>
        <Point>
          <coordinates>14.861973,-18.968532,0</coordinates>
        </Point>
      </Placemark>
      <Placemark>
        <name>Olifantsrus - Month 5</name>
        <description>Waterhole: Olifantsrus, Month: 5, Time: 2010-05-12 00:20:00, Lon: 14.862910, Lat: -18.973647</description>
        <styleUrl>#month5_style</styleUrl>
        <Point>
          <coordinates>14.862910,-18.973647,0</coordinates>
        </Point>
      </Placemark>
      <Placemark>
        <name>Olifantsrus - Month 5</name>
        <description>Waterhole: Olifantsrus, Month: 5, Time: 2010-05-12 00:40:00, Lon: 14.860928, Lat: -18.976670</description>
        <styleUrl>#month5_style</styleUrl>
        <Point>
          <coordinates>14.860928,-18.976670,0</coordinates>
        </Point>
      </Placemark>
      <Placemark>
        <name>Olifantsrus - Month 5</name>
        <description>Waterhole: Olifantsrus, Month: 5, Time: 2010-05-13 18:20:00, Lon: 14.851818, Lat: -18.966848</description>
        <styleUrl>#month5_style</styleUrl>
        <Point>
          <coordinates>14.851818,-18.966848,0</coordinates>
        </Point>
      </Placemark>
      <Placemark>
        <name>Olifantsrus - Month 5</name>
        <description>Waterhole: Olifantsrus, Month: 5, Time: 2010-05-13 18:40:00, Lon: 14.859609, Lat: -18.966569</description>
        <styleUrl>#month5_style</styleUrl>
        <Point>
          <coordinates>14.859609,-18.966569,0</coordinates>
        </Point>
      </Placemark>
      <Placemark>
        <name>Olifantsrus - Month 5</name>
        <description>Waterhole: Olifantsrus, Month: 5, Time: 2010-05-13 19:00:00, Lon: 14.860500, Lat: -18.964891</description>
        <styleUrl>#month5_style</styleUrl>
        <Point>
          <coordinates>14.860500,-18.964891,0</coordinates>
        </Point>
      </Placemark>
      <Placemark>
        <name>Tobieroen - Month 5</name>
        <description>Waterhole: Tobieroen, Month: 5, Time: 2010-05-17 23:40:00, Lon: 14.953226, Lat: -18.970121</description>
        <styleUrl>#month5_style</styleUrl>
        <Point>
          <coordinates>14.953226,-18.970121,0</coordinates>
        </Point>
      </Placemark>
      <Placemark>
        <name>Tobieroen - Month 5</name>
        <description>Waterhole: Tobieroen, Month: 5, Time: 2010-05-18 00:00:00, Lon: 14.957712, Lat: -18.976339</description>
        <styleUrl>#month5_style</styleUrl>
        <Point>
          <coordinates>14.957712,-18.976339,0</coordinates>
        </Point>
      </Placemark>
      <Placemark>
        <name>Tobieroen - Month 5</name>
        <description>Waterhole: Tobieroen, Month: 5, Time: 2010-05-23 19:40:00, Lon: 14.951704, Lat: -18.965063</description>
        <styleUrl>#month5_style</styleUrl>
        <Point>
          <coordinates>14.951704,-18.965063,0</coordinates>
        </Point>
      </Placemark>
      <Placemark>
        <name>Tobieroen - Month 5</name>
        <description>Waterhole: Tobieroen, Month: 5, Time: 2010-05-24 22:00:00, Lon: 14.957661, Lat: -18.971623</description>
        <styleUrl>#month5_style</styleUrl>
        <Point>
          <coordinates>14.957661,-18.971623,0</coordinates>
        </Point>
      </Placemark>
      <Placemark>
        <name>Tobieroen - Month 5</name>
        <description>Waterhole: Tobieroen, Month: 5, Time: 2010-05-24 22:20:00, Lon: 14.958179, Lat: -18.979362</description>
        <styleUrl>#month5_style</styleUrl>
        <Point>
          <coordinates>14.958179,-18.979362,0</coordinates>
        </Point>
      </Placemark>
      <Placemark>
        <name>Tobieroen - Month 5</name>
        <description>Waterhole: Tobieroen, Month: 5, Time: 2010-05-25 17:20:00, Lon: 14.957336, Lat: -18.971785</description>
        <styleUrl>#month5_style</styleUrl>
        <Point>
          <coordinates>14.957336,-18.971785,0</coordinates>
        </Point>
      </Placemark>
      <Placemark>
        <name>Tobieroen - Month 5</name>
        <description>Waterhole: Tobieroen, Month: 5, Time: 2010-05-25 17:40:00, Lon: 14.957014, Lat: -18.971224</description>
        <styleUrl>#month5_style</styleUrl>
        <Point>
          <coordinates>14.957014,-18.971224,0</coordinates>
        </Point>
      </Placemark>
      <Placemark>
        <name>Tobieroen - Month 5</name>
        <description>Waterhole: Tobieroen, Month: 5, Time: 2010-05-25 18:00:00, Lon: 14.956947, Lat: -18.971191</description>
        <styleUrl>#month5_style</styleUrl>
        <Point>
          <coordinates>14.956947,-18.971191,0</coordinates>
        </Point>
      </Placemark>
      <Placemark>
        <name>Tobieroen - Month 5</name>
        <description>Waterhole: Tobieroen, Month: 5, Time: 2010-05-25 18:20:00, Lon: 14.957251, Lat: -18.967975</description>
        <styleUrl>#month5_style</styleUrl>
        <Point>
          <coordinates>14.957251,-18.967975,0</coordinates>
        </Point>
      </Placemark>
      <Placemark>
        <name>Tobieroen - Month 5</name>
        <description>Waterhole: Tobieroen, Month: 5, Time: 2010-05-30 20:20:00, Lon: 14.957883, Lat: -18.971383</description>
        <styleUrl>#month5_style</styleUrl>
        <Point>
          <coordinates>14.957883,-18.971383,0</coordinates>
        </Point>
      </Placemark>
      <Placemark>
        <name>Tobieroen - Month 5</name>
        <description>Waterhole: Tobieroen, Month: 5, Time: 2010-05-30 20:40:00, Lon: 14.956935, Lat: -18.971368</description>
        <styleUrl>#month5_style</styleUrl>
        <Point>
          <coordinates>14.956935,-18.971368,0</coordinates>
        </Point>
      </Placemark>
      <Placemark>
        <name>Tobieroen - Month 5</name>
        <description>Waterhole: Tobieroen, Month: 5, Time: 2010-05-30 21:00:00, Lon: 14.954634, Lat: -18.970107</description>
        <styleUrl>#month5_style</styleUrl>
        <Point>
          <coordinates>14.954634,-18.970107,0</coordinates>
        </Point>
      </Placemark>
      <Placemark>
        <name>Tobieroen - Month 5</name>
        <description>Waterhole: Tobieroen, Month: 5, Time: 2010-05-30 21:20:00, Lon: 14.950783, Lat: -18.973505</description>
        <styleUrl>#month5_style</styleUrl>
        <Point>
          <coordinates>14.950783,-18.973505,0</coordinates>
        </Point>
      </Placemark>
      <Placemark>
        <name>Olifantsrus - Month 5</name>
        <description>Waterhole: Olifantsrus, Month: 5, Time: 2010-05-31 17:40:00, Lon: 14.866755, Lat: -18.967320</description>
        <styleUrl>#month5_style</styleUrl>
        <Point>
          <coordinates>14.866755,-18.967320,0</coordinates>
        </Point>
      </Placemark>
      <Placemark>
        <name>Olifantsrus - Month 5</name>
        <description>Waterhole: Olifantsrus, Month: 5, Time: 2010-05-31 18:00:00, Lon: 14.860088, Lat: -18.965411</description>
        <styleUrl>#month5_style</styleUrl>
        <Point>
          <coordinates>14.860088,-18.965411,0</coordinates>
        </Point>
      </Placemark>
      <Placemark>
        <name>Olifantsrus - Month 5</name>
        <description>Waterhole: Olifantsrus, Month: 5, Time: 2010-05-31 18:20:00, Lon: 14.860792, Lat: -18.965318</description>
        <styleUrl>#month5_style</styleUrl>
        <Point>
          <coordinates>14.860792,-18.965318,0</coordinates>
        </Point>
      </Placemark>
      <Placemark>
        <name>Olifantsrus - Month 5</name>
        <description>Waterhole: Olifantsrus, Month: 5, Time: 2010-05-31 18:40:00, Lon: 14.859649, Lat: -18.966600</description>
        <styleUrl>#month5_style</styleUrl>
        <Point>
          <coordinates>14.859649,-18.966600,0</coordinates>
        </Point>
      </Placemark>
      <Placemark>
        <name>Olifantsrus - Month 5</name>
        <description>Waterhole: Olifantsrus, Month: 5, Time: 2010-05-31 19:00:00, Lon: 14.859614, Lat: -18.966508</description>
        <styleUrl>#month5_style</styleUrl>
        <Point>
          <coordinates>14.859614,-18.966508,0</coordinates>
        </Point>
      </Placemark>
      <Placemark>
        <name>Olifantsrus - Month 5</name>
        <description>Waterhole: Olifantsrus, Month: 5, Time: 2010-05-31 19:20:00, Lon: 14.859730, Lat: -18.966093</description>
        <styleUrl>#month5_style</styleUrl>
        <Point>
          <coordinates>14.859730,-18.966093,0</coordinates>
        </Point>
      </Placemark>
      <Placemark>
        <name>Olifantsrus - Month 5</name>
        <description>Waterhole: Olifantsrus, Month: 5, Time: 2010-05-31 19:40:00, Lon: 14.860428, Lat: -18.964939</description>
        <styleUrl>#month5_style</styleUrl>
        <Point>
          <coordinates>14.860428,-18.964939,0</coordinates>
        </Point>
      </Placemark>
      <Placemark>
        <name>Olifantsrus - Month 5</name>
        <description>Waterhole: Olifantsrus, Month: 5, Time: 2010-05-31 20:00:00, Lon: 14.860424, Lat: -18.964976</description>
        <styleUrl>#month5_style</styleUrl>
        <Point>
          <coordinates>14.860424,-18.964976,0</coordinates>
        </Point>
      </Placemark>
      <Placemark>
        <name>Olifantsrus - Month 5</name>
        <description>Waterhole: Olifantsrus, Month: 5, Time: 2010-05-31 20:20:00, Lon: 14.860290, Lat: -18.964439</description>
        <styleUrl>#month5_style</styleUrl>
        <Point>
          <coordinates>14.860290,-18.964439,0</coordinates>
        </Point>
      </Placemark>
      <Placemark>
        <name>Olifantsrus - Month 5</name>
        <description>Waterhole: Olifantsrus, Month: 5, Time: 2010-05-31 20:40:00, Lon: 14.860279, Lat: -18.964014</description>
        <styleUrl>#month5_style</styleUrl>
        <Point>
          <coordinates>14.860279,-18.964014,0</coordinates>
        </Point>
      </Placemark>
      <Placemark>
        <name>Olifantsrus - Month 5</name>
        <description>Waterhole: Olifantsrus, Month: 5, Time: 2010-05-31 21:00:00, Lon: 14.860824, Lat: -18.961698</description>
        <styleUrl>#month5_style</styleUrl>
        <Point>
          <coordinates>14.860824,-18.961698,0</coordinates>
        </Point>
      </Placemark>
      <Placemark>
        <name>Olifantsrus - Month 6</name>
        <description>Waterhole: Olifantsrus, Month: 6, Time: 2010-06-01 18:20:00, Lon: 14.860529, Lat: -18.964986</description>
        <styleUrl>#month6_style</styleUrl>
        <Point>
          <coordinates>14.860529,-18.964986,0</coordinates>
        </Point>
      </Placemark>
      <Placemark>
        <name>Olifantsrus - Month 6</name>
        <description>Waterhole: Olifantsrus, Month: 6, Time: 2010-06-01 18:40:00, Lon: 14.860440, Lat: -18.964960</description>
        <styleUrl>#month6_style</styleUrl>
        <Point>
          <coordinates>14.860440,-18.964960,0</coordinates>
        </Point>
      </Placemark>
      <Placemark>
        <name>Olifantsrus - Month 6</name>
        <description>Waterhole: Olifantsrus, Month: 6, Time: 2010-06-01 19:00:00, Lon: 14.860244, Lat: -18.966420</description>
        <styleUrl>#month6_style</styleUrl>
        <Point>
          <coordinates>14.860244,-18.966420,0</coordinates>
        </Point>
      </Placemark>
      <Placemark>
        <name>Olifantsrus - Month 6</name>
        <description>Waterhole: Olifantsrus, Month: 6, Time: 2010-06-01 19:20:00, Lon: 14.861399, Lat: -18.964866</description>
        <styleUrl>#month6_style</styleUrl>
        <Point>
          <coordinates>14.861399,-18.964866,0</coordinates>
        </Point>
      </Placemark>
      <Placemark>
        <name>Tobieroen - Month 6</name>
        <description>Waterhole: Tobieroen, Month: 6, Time: 2010-06-02 20:20:00, Lon: 14.953127, Lat: -18.966484</description>
        <styleUrl>#month6_style</styleUrl>
        <Point>
          <coordinates>14.953127,-18.966484,0</coordinates>
        </Point>
      </Placemark>
      <Placemark>
        <name>Tobieroen - Month 6</name>
        <description>Waterhole: Tobieroen, Month: 6, Time: 2010-06-02 20:40:00, Lon: 14.956416, Lat: -18.968691</description>
        <styleUrl>#month6_style</styleUrl>
        <Point>
          <coordinates>14.956416,-18.968691,0</coordinates>
        </Point>
      </Placemark>
      <Placemark>
        <name>Tobieroen - Month 6</name>
        <description>Waterhole: Tobieroen, Month: 6, Time: 2010-06-02 21:00:00, Lon: 14.957716, Lat: -18.971480</description>
        <styleUrl>#month6_style</styleUrl>
        <Point>
          <coordinates>14.957716,-18.971480,0</coordinates>
        </Point>
      </Placemark>
      <Placemark>
        <name>Tobieroen - Month 6</name>
        <description>Waterhole: Tobieroen, Month: 6, Time: 2010-06-02 21:20:00, Lon: 14.956414, Lat: -18.970927</description>
        <styleUrl>#month6_style</styleUrl>
        <Point>
          <coordinates>14.956414,-18.970927,0</coordinates>
        </Point>
      </Placemark>
      <Placemark>
        <name>Tobieroen - Month 6</name>
        <description>Waterhole: Tobieroen, Month: 6, Time: 2010-06-02 21:40:00, Lon: 14.953311, Lat: -18.968821</description>
        <styleUrl>#month6_style</styleUrl>
        <Point>
          <coordinates>14.953311,-18.968821,0</coordinates>
        </Point>
      </Placemark>
      <Placemark>
        <name>Tobieroen - Month 6</name>
        <description>Waterhole: Tobieroen, Month: 6, Time: 2010-06-02 22:00:00, Lon: 14.952676, Lat: -18.967861</description>
        <styleUrl>#month6_style</styleUrl>
        <Point>
          <coordinates>14.952676,-18.967861,0</coordinates>
        </Point>
      </Placemark>
      <Placemark>
        <name>Tobieroen - Month 6</name>
        <description>Waterhole: Tobieroen, Month: 6, Time: 2010-06-02 22:20:00, Lon: 14.952188, Lat: -18.967458</description>
        <styleUrl>#month6_style</styleUrl>
        <Point>
          <coordinates>14.952188,-18.967458,0</coordinates>
        </Point>
      </Placemark>
      <Placemark>
        <name>Olifantsrus - Month 6</name>
        <description>Waterhole: Olifantsrus, Month: 6, Time: 2010-06-03 22:20:00, Lon: 14.860487, Lat: -18.964876</description>
        <styleUrl>#month6_style</styleUrl>
        <Point>
          <coordinates>14.860487,-18.964876,0</coordinates>
        </Point>
      </Placemark>
      <Placemark>
        <name>Olifantsrus - Month 6</name>
        <description>Waterhole: Olifantsrus, Month: 6, Time: 2010-06-03 22:40:00, Lon: 14.860265, Lat: -18.966811</description>
        <styleUrl>#month6_style</styleUrl>
        <Point>
          <coordinates>14.860265,-18.966811,0</coordinates>
        </Point>
      </Placemark>
      <Placemark>
        <name>Olifantsrus - Month 6</name>
        <description>Waterhole: Olifantsrus, Month: 6, Time: 2010-06-03 23:00:00, Lon: 14.860366, Lat: -18.973971</description>
        <styleUrl>#month6_style</styleUrl>
        <Point>
          <coordinates>14.860366,-18.973971,0</coordinates>
        </Point>
      </Placemark>
      <Placemark>
        <name>Olifantsrus - Month 6</name>
        <description>Waterhole: Olifantsrus, Month: 6, Time: 2010-06-04 14:20:00, Lon: 14.856718, Lat: -18.978007</description>
        <styleUrl>#month6_style</styleUrl>
        <Point>
          <coordinates>14.856718,-18.978007,0</coordinates>
        </Point>
      </Placemark>
      <Placemark>
        <name>Olifantsrus - Month 6</name>
        <description>Waterhole: Olifantsrus, Month: 6, Time: 2010-06-04 14:40:00, Lon: 14.856867, Lat: -18.975592</description>
        <styleUrl>#month6_style</styleUrl>
        <Point>
          <coordinates>14.856867,-18.975592,0</coordinates>
        </Point>
      </Placemark>
      <Placemark>
        <name>Olifantsrus - Month 6</name>
        <description>Waterhole: Olifantsrus, Month: 6, Time: 2010-06-04 15:00:00, Lon: 14.857040, Lat: -18.973761</description>
        <styleUrl>#month6_style</styleUrl>
        <Point>
          <coordinates>14.857040,-18.973761,0</coordinates>
        </Point>
      </Placemark>
      <Placemark>
        <name>Olifantsrus - Month 6</name>
        <description>Waterhole: Olifantsrus, Month: 6, Time: 2010-06-04 15:20:00, Lon: 14.857638, Lat: -18.972660</description>
        <styleUrl>#month6_style</styleUrl>
        <Point>
          <coordinates>14.857638,-18.972660,0</coordinates>
        </Point>
      </Placemark>
      <Placemark>
        <name>Olifantsrus - Month 6</name>
        <description>Waterhole: Olifantsrus, Month: 6, Time: 2010-06-04 15:40:00, Lon: 14.860009, Lat: -18.965670</description>
        <styleUrl>#month6_style</styleUrl>
        <Point>
          <coordinates>14.860009,-18.965670,0</coordinates>
        </Point>
      </Placemark>
      <Placemark>
        <name>Olifantsrus - Month 6</name>
        <description>Waterhole: Olifantsrus, Month: 6, Time: 2010-06-04 16:00:00, Lon: 14.859847, Lat: -18.964884</description>
        <styleUrl>#month6_style</styleUrl>
        <Point>
          <coordinates>14.859847,-18.964884,0</coordinates>
        </Point>
      </Placemark>
      <Placemark>
        <name>Olifantsrus - Month 6</name>
        <description>Waterhole: Olifantsrus, Month: 6, Time: 2010-06-04 20:00:00, Lon: 14.859247, Lat: -18.961062</description>
        <styleUrl>#month6_style</styleUrl>
        <Point>
          <coordinates>14.859247,-18.961062,0</coordinates>
        </Point>
      </Placemark>
      <Placemark>
        <name>Olifantsrus - Month 6</name>
        <description>Waterhole: Olifantsrus, Month: 6, Time: 2010-06-04 20:20:00, Lon: 14.859541, Lat: -18.963003</description>
        <styleUrl>#month6_style</styleUrl>
        <Point>
          <coordinates>14.859541,-18.963003,0</coordinates>
        </Point>
      </Placemark>
      <Placemark>
        <name>Olifantsrus - Month 6</name>
        <description>Waterhole: Olifantsrus, Month: 6, Time: 2010-06-04 20:40:00, Lon: 14.860492, Lat: -18.964986</description>
        <styleUrl>#month6_style</styleUrl>
        <Point>
          <coordinates>14.860492,-18.964986,0</coordinates>
        </Point>
      </Placemark>
      <Placemark>
        <name>Olifantsrus - Month 6</name>
        <description>Waterhole: Olifantsrus, Month: 6, Time: 2010-06-04 21:00:00, Lon: 14.861604, Lat: -18.965515</description>
        <styleUrl>#month6_style</styleUrl>
        <Point>
          <coordinates>14.861604,-18.965515,0</coordinates>
        </Point>
      </Placemark>
      <Placemark>
        <name>Olifantsrus - Month 6</name>
        <description>Waterhole: Olifantsrus, Month: 6, Time: 2010-06-04 21:20:00, Lon: 14.864339, Lat: -18.966829</description>
        <styleUrl>#month6_style</styleUrl>
        <Point>
          <coordinates>14.864339,-18.966829,0</coordinates>
        </Point>
      </Placemark>
      <Placemark>
        <name>Olifantsrus - Month 6</name>
        <description>Waterhole: Olifantsrus, Month: 6, Time: 2010-06-04 21:40:00, Lon: 14.865046, Lat: -18.966667</description>
        <styleUrl>#month6_style</styleUrl>
        <Point>
          <coordinates>14.865046,-18.966667,0</coordinates>
        </Point>
      </Placemark>
      <Placemark>
        <name>Olifantsrus - Month 6</name>
        <description>Waterhole: Olifantsrus, Month: 6, Time: 2010-06-05 17:20:00, Lon: 14.861507, Lat: -18.965611</description>
        <styleUrl>#month6_style</styleUrl>
        <Point>
          <coordinates>14.861507,-18.965611,0</coordinates>
        </Point>
      </Placemark>
      <Placemark>
        <name>Olifantsrus - Month 6</name>
        <description>Waterhole: Olifantsrus, Month: 6, Time: 2010-06-05 17:40:00, Lon: 14.860604, Lat: -18.964966</description>
        <styleUrl>#month6_style</styleUrl>
        <Point>
          <coordinates>14.860604,-18.964966,0</coordinates>
        </Point>
      </Placemark>
      <Placemark>
        <name>Olifantsrus - Month 6</name>
        <description>Waterhole: Olifantsrus, Month: 6, Time: 2010-06-05 18:00:00, Lon: 14.860521, Lat: -18.964811</description>
        <styleUrl>#month6_style</styleUrl>
        <Point>
          <coordinates>14.860521,-18.964811,0</coordinates>
        </Point>
      </Placemark>
      <Placemark>
        <name>Olifantsrus - Month 6</name>
        <description>Waterhole: Olifantsrus, Month: 6, Time: 2010-06-07 16:40:00, Lon: 14.862933, Lat: -18.963918</description>
        <styleUrl>#month6_style</styleUrl>
        <Point>
          <coordinates>14.862933,-18.963918,0</coordinates>
        </Point>
      </Placemark>
      <Placemark>
        <name>Olifantsrus - Month 6</name>
        <description>Waterhole: Olifantsrus, Month: 6, Time: 2010-06-07 17:00:00, Lon: 14.860623, Lat: -18.964561</description>
        <styleUrl>#month6_style</styleUrl>
        <Point>
          <coordinates>14.860623,-18.964561,0</coordinates>
        </Point>
      </Placemark>
      <Placemark>
        <name>Olifantsrus - Month 6</name>
        <description>Waterhole: Olifantsrus, Month: 6, Time: 2010-06-07 17:20:00, Lon: 14.860313, Lat: -18.964488</description>
        <styleUrl>#month6_style</styleUrl>
        <Point>
          <coordinates>14.860313,-18.964488,0</coordinates>
        </Point>
      </Placemark>
      <Placemark>
        <name>Olifantsrus - Month 6</name>
        <description>Waterhole: Olifantsrus, Month: 6, Time: 2010-06-07 17:40:00, Lon: 14.860462, Lat: -18.962301</description>
        <styleUrl>#month6_style</styleUrl>
        <Point>
          <coordinates>14.860462,-18.962301,0</coordinates>
        </Point>
      </Placemark>
      <Placemark>
        <name>Olifantsrus - Month 6</name>
        <description>Waterhole: Olifantsrus, Month: 6, Time: 2010-06-07 18:00:00, Lon: 14.860752, Lat: -18.961892</description>
        <styleUrl>#month6_style</styleUrl>
        <Point>
          <coordinates>14.860752,-18.961892,0</coordinates>
        </Point>
      </Placemark>
      <Placemark>
        <name>Tobieroen - Month 6</name>
        <description>Waterhole: Tobieroen, Month: 6, Time: 2010-06-08 20:00:00, Lon: 14.949652, Lat: -18.968681</description>
        <styleUrl>#month6_style</styleUrl>
        <Point>
          <coordinates>14.949652,-18.968681,0</coordinates>
        </Point>
      </Placemark>
      <Placemark>
        <name>Tobieroen - Month 6</name>
        <description>Waterhole: Tobieroen, Month: 6, Time: 2010-06-08 20:20:00, Lon: 14.956609, Lat: -18.971035</description>
        <styleUrl>#month6_style</styleUrl>
        <Point>
          <coordinates>14.956609,-18.971035,0</coordinates>
        </Point>
      </Placemark>
      <Placemark>
        <name>Tobieroen - Month 6</name>
        <description>Waterhole: Tobieroen, Month: 6, Time: 2010-06-08 20:40:00, Lon: 14.958718, Lat: -18.972827</description>
        <styleUrl>#month6_style</styleUrl>
        <Point>
          <coordinates>14.958718,-18.972827,0</coordinates>
        </Point>
      </Placemark>
      <Placemark>
        <name>Tobieroen - Month 6</name>
        <description>Waterhole: Tobieroen, Month: 6, Time: 2010-06-08 21:00:00, Lon: 14.961809, Lat: -18.975842</description>
        <styleUrl>#month6_style</styleUrl>
        <Point>
          <coordinates>14.961809,-18.975842,0</coordinates>
        </Point>
      </Placemark>
      <Placemark>
        <name>Tobieroen - Month 6</name>
        <description>Waterhole: Tobieroen, Month: 6, Time: 2010-06-08 21:20:00, Lon: 14.962842, Lat: -18.976569</description>
        <styleUrl>#month6_style</styleUrl>
        <Point>
          <coordinates>14.962842,-18.976569,0</coordinates>
        </Point>
      </Placemark>
      <Placemark>
        <name>Tobieroen - Month 6</name>
        <description>Waterhole: Tobieroen, Month: 6, Time: 2010-06-08 21:40:00, Lon: 14.963694, Lat: -18.977236</description>
        <styleUrl>#month6_style</styleUrl>
        <Point>
          <coordinates>14.963694,-18.977236,0</coordinates>
        </Point>
      </Placemark>
      <Placemark>
        <name>Tobieroen - Month 6</name>
        <description>Waterhole: Tobieroen, Month: 6, Time: 2010-06-08 22:00:00, Lon: 14.963905, Lat: -18.977340</description>
        <styleUrl>#month6_style</styleUrl>
        <Point>
          <coordinates>14.963905,-18.977340,0</coordinates>
        </Point>
      </Placemark>
      <Placemark>
        <name>Teespoet waterhole - Month 6</name>
        <description>Waterhole: Teespoet waterhole, Month: 6, Time: 2010-06-09 17:40:00, Lon: 15.056011, Lat: -18.981478</description>
        <styleUrl>#month6_style</styleUrl>
        <Point>
          <coordinates>15.056011,-18.981478,0</coordinates>
        </Point>
      </Placemark>
      <Placemark>
        <name>Teespoet waterhole - Month 6</name>
        <description>Waterhole: Teespoet waterhole, Month: 6, Time: 2010-06-09 18:00:00, Lon: 15.065180, Lat: -18.980330</description>
        <styleUrl>#month6_style</styleUrl>
        <Point>
          <coordinates>15.065180,-18.980330,0</coordinates>
        </Point>
      </Placemark>
      <Placemark>
        <name>Bitterwater Waterhole - Month 6</name>
        <description>Waterhole: Bitterwater Waterhole, Month: 6, Time: 2010-06-09 22:20:00, Lon: 15.160493, Lat: -18.977330</description>
        <styleUrl>#month6_style</styleUrl>
        <Point>
          <coordinates>15.160493,-18.977330,0</coordinates>
        </Point>
      </Placemark>
      <Placemark>
        <name>Bitterwater Waterhole - Month 6</name>
        <description>Waterhole: Bitterwater Waterhole, Month: 6, Time: 2010-06-09 22:40:00, Lon: 15.166338, Lat: -18.976634</description>
        <styleUrl>#month6_style</styleUrl>
        <Point>
          <coordinates>15.166338,-18.976634,0</coordinates>
        </Point>
      </Placemark>
      <Placemark>
        <name>Duiwelsvuur - Month 6</name>
        <description>Waterhole: Duiwelsvuur, Month: 6, Time: 2010-06-10 02:20:00, Lon: 15.259730, Lat: -18.987695</description>
        <styleUrl>#month6_style</styleUrl>
        <Point>
          <coordinates>15.259730,-18.987695,0</coordinates>
        </Point>
      </Placemark>
      <Placemark>
        <name>Duiwelsvuur - Month 6</name>
        <description>Waterhole: Duiwelsvuur, Month: 6, Time: 2010-06-10 02:40:00, Lon: 15.259798, Lat: -18.987636</description>
        <styleUrl>#month6_style</styleUrl>
        <Point>
          <coordinates>15.259798,-18.987636,0</coordinates>
        </Point>
      </Placemark>
      <Placemark>
        <name>Duiwelsvuur - Month 6</name>
        <description>Waterhole: Duiwelsvuur, Month: 6, Time: 2010-06-10 03:00:00, Lon: 15.263658, Lat: -18.988340</description>
        <styleUrl>#month6_style</styleUrl>
        <Point>
          <coordinates>15.263658,-18.988340,0</coordinates>
        </Point>
      </Placemark>
      <Placemark>
        <name>Sonderkop waterhole - Month 6</name>
        <description>Waterhole: Sonderkop waterhole, Month: 6, Time: 2010-06-10 16:40:00, Lon: 15.320978, Lat: -18.969173</description>
        <styleUrl>#month6_style</styleUrl>
        <Point>
          <coordinates>15.320978,-18.969173,0</coordinates>
        </Point>
      </Placemark>
      <Placemark>
        <name>Sonderkop waterhole - Month 6</name>
        <description>Waterhole: Sonderkop waterhole, Month: 6, Time: 2010-06-10 17:00:00, Lon: 15.327971, Lat: -18.968443</description>
        <styleUrl>#month6_style</styleUrl>
        <Point>
          <coordinates>15.327971,-18.968443,0</coordinates>
        </Point>
      </Placemark>
      <Placemark>
        <name>Sonderkop waterhole - Month 6</name>
        <description>Waterhole: Sonderkop waterhole, Month: 6, Time: 2010-06-10 17:20:00, Lon: 15.328047, Lat: -18.968697</description>
        <styleUrl>#month6_style</styleUrl>
        <Point>
          <coordinates>15.328047,-18.968697,0</coordinates>
        </Point>
      </Placemark>
      <Placemark>
        <name>Sonderkop waterhole - Month 6</name>
        <description>Waterhole: Sonderkop waterhole, Month: 6, Time: 2010-06-10 17:40:00, Lon: 15.327966, Lat: -18.968451</description>
        <styleUrl>#month6_style</styleUrl>
        <Point>
          <coordinates>15.327966,-18.968451,0</coordinates>
        </Point>
      </Placemark>
      <Placemark>
        <name>Sonderkop waterhole - Month 6</name>
        <description>Waterhole: Sonderkop waterhole, Month: 6, Time: 2010-06-10 18:00:00, Lon: 15.328062, Lat: -18.968490</description>
        <styleUrl>#month6_style</styleUrl>
        <Point>
          <coordinates>15.328062,-18.968490,0</coordinates>
        </Point>
      </Placemark>
      <Placemark>
        <name>Ozonjuitji m'Bari - Month 6</name>
        <description>Waterhole: Ozonjuitji m'Bari, Month: 6, Time: 2010-06-11 18:00:00, Lon: 15.497092, Lat: -18.981708</description>
        <styleUrl>#month6_style</styleUrl>
        <Point>
          <coordinates>15.497092,-18.981708,0</coordinates>
        </Point>
      </Placemark>
      <Placemark>
        <name>Ozonjuitji m'Bari - Month 6</name>
        <description>Waterhole: Ozonjuitji m'Bari, Month: 6, Time: 2010-06-11 18:20:00, Lon: 15.503557, Lat: -18.976583</description>
        <styleUrl>#month6_style</styleUrl>
        <Point>
          <coordinates>15.503557,-18.976583,0</coordinates>
        </Point>
      </Placemark>
      <Placemark>
        <name>Ozonjuitji m'Bari - Month 6</name>
        <description>Waterhole: Ozonjuitji m'Bari, Month: 6, Time: 2010-06-11 18:40:00, Lon: 15.503609, Lat: -18.976534</description>
        <styleUrl>#month6_style</styleUrl>
        <Point>
          <coordinates>15.503609,-18.976534,0</coordinates>
        </Point>
      </Placemark>
      <Placemark>
        <name>Ozonjuitji m'Bari - Month 6</name>
        <description>Waterhole: Ozonjuitji m'Bari, Month: 6, Time: 2010-06-11 19:00:00, Lon: 15.509762, Lat: -18.979877</description>
        <styleUrl>#month6_style</styleUrl>
        <Point>
          <coordinates>15.509762,-18.979877,0</coordinates>
        </Point>
      </Placemark>
      <Placemark>
        <name>Ozonjuitji m'Bari - Month 6</name>
        <description>Waterhole: Ozonjuitji m'Bari, Month: 6, Time: 2010-06-12 18:20:00, Lon: 15.509794, Lat: -18.979401</description>
        <styleUrl>#month6_style</styleUrl>
        <Point>
          <coordinates>15.509794,-18.979401,0</coordinates>
        </Point>
      </Placemark>
      <Placemark>
        <name>Ozonjuitji m'Bari - Month 6</name>
        <description>Waterhole: Ozonjuitji m'Bari, Month: 6, Time: 2010-06-12 18:40:00, Lon: 15.505832, Lat: -18.977808</description>
        <styleUrl>#month6_style</styleUrl>
        <Point>
          <coordinates>15.505832,-18.977808,0</coordinates>
        </Point>
      </Placemark>
      <Placemark>
        <name>Ozonjuitji m'Bari - Month 6</name>
        <description>Waterhole: Ozonjuitji m'Bari, Month: 6, Time: 2010-06-12 19:00:00, Lon: 15.503512, Lat: -18.976815</description>
        <styleUrl>#month6_style</styleUrl>
        <Point>
          <coordinates>15.503512,-18.976815,0</coordinates>
        </Point>
      </Placemark>
      <Placemark>
        <name>Ozonjuitji m'Bari - Month 6</name>
        <description>Waterhole: Ozonjuitji m'Bari, Month: 6, Time: 2010-06-12 19:20:00, Lon: 15.503632, Lat: -18.976575</description>
        <styleUrl>#month6_style</styleUrl>
        <Point>
          <coordinates>15.503632,-18.976575,0</coordinates>
        </Point>
      </Placemark>
      <Placemark>
        <name>Ozonjuitji m'Bari - Month 6</name>
        <description>Waterhole: Ozonjuitji m'Bari, Month: 6, Time: 2010-06-12 19:40:00, Lon: 15.503792, Lat: -18.976615</description>
        <styleUrl>#month6_style</styleUrl>
        <Point>
          <coordinates>15.503792,-18.976615,0</coordinates>
        </Point>
      </Placemark>
      <Placemark>
        <name>Ozonjuitji m'Bari - Month 6</name>
        <description>Waterhole: Ozonjuitji m'Bari, Month: 6, Time: 2010-06-12 20:00:00, Lon: 15.503620, Lat: -18.976548</description>
        <styleUrl>#month6_style</styleUrl>
        <Point>
          <coordinates>15.503620,-18.976548,0</coordinates>
        </Point>
      </Placemark>
      <Placemark>
        <name>Ozonjuitji m'Bari - Month 6</name>
        <description>Waterhole: Ozonjuitji m'Bari, Month: 6, Time: 2010-06-12 20:20:00, Lon: 15.503528, Lat: -18.976005</description>
        <styleUrl>#month6_style</styleUrl>
        <Point>
          <coordinates>15.503528,-18.976005,0</coordinates>
        </Point>
      </Placemark>
      <Placemark>
        <name>Ozonjuitji m'Bari - Month 6</name>
        <description>Waterhole: Ozonjuitji m'Bari, Month: 6, Time: 2010-06-12 20:40:00, Lon: 15.504927, Lat: -18.976919</description>
        <styleUrl>#month6_style</styleUrl>
        <Point>
          <coordinates>15.504927,-18.976919,0</coordinates>
        </Point>
      </Placemark>
      <Placemark>
        <name>Ozonjuitji m'Bari - Month 6</name>
        <description>Waterhole: Ozonjuitji m'Bari, Month: 6, Time: 2010-06-12 21:00:00, Lon: 15.510772, Lat: -18.977362</description>
        <styleUrl>#month6_style</styleUrl>
        <Point>
          <coordinates>15.510772,-18.977362,0</coordinates>
        </Point>
      </Placemark>
      <Placemark>
        <name>Ozonjuitji m'Bari - Month 6</name>
        <description>Waterhole: Ozonjuitji m'Bari, Month: 6, Time: 2010-06-13 20:20:00, Lon: 15.503583, Lat: -18.976562</description>
        <styleUrl>#month6_style</styleUrl>
        <Point>
          <coordinates>15.503583,-18.976562,0</coordinates>
        </Point>
      </Placemark>
      <Placemark>
        <name>Ozonjuitji m'Bari - Month 6</name>
        <description>Waterhole: Ozonjuitji m'Bari, Month: 6, Time: 2010-06-13 20:40:00, Lon: 15.503601, Lat: -18.976538</description>
        <styleUrl>#month6_style</styleUrl>
        <Point>
          <coordinates>15.503601,-18.976538,0</coordinates>
        </Point>
      </Placemark>
      <Placemark>
        <name>Ozonjuitji m'Bari - Month 6</name>
        <description>Waterhole: Ozonjuitji m'Bari, Month: 6, Time: 2010-06-13 21:00:00, Lon: 15.503639, Lat: -18.976573</description>
        <styleUrl>#month6_style</styleUrl>
        <Point>
          <coordinates>15.503639,-18.976573,0</coordinates>
        </Point>
      </Placemark>
      <Placemark>
        <name>Ozonjuitji m'Bari - Month 6</name>
        <description>Waterhole: Ozonjuitji m'Bari, Month: 6, Time: 2010-06-13 21:20:00, Lon: 15.503627, Lat: -18.976512</description>
        <styleUrl>#month6_style</styleUrl>
        <Point>
          <coordinates>15.503627,-18.976512,0</coordinates>
        </Point>
      </Placemark>
      <Placemark>
        <name>Ozonjuitji m'Bari - Month 6</name>
        <description>Waterhole: Ozonjuitji m'Bari, Month: 6, Time: 2010-06-13 21:40:00, Lon: 15.503605, Lat: -18.976542</description>
        <styleUrl>#month6_style</styleUrl>
        <Point>
          <coordinates>15.503605,-18.976542,0</coordinates>
        </Point>
      </Placemark>
      <Placemark>
        <name>Ozonjuitji m'Bari - Month 6</name>
        <description>Waterhole: Ozonjuitji m'Bari, Month: 6, Time: 2010-06-13 22:00:00, Lon: 15.503659, Lat: -18.976506</description>
        <styleUrl>#month6_style</styleUrl>
        <Point>
          <coordinates>15.503659,-18.976506,0</coordinates>
        </Point>
      </Placemark>
      <Placemark>
        <name>Ozonjuitji m'Bari - Month 6</name>
        <description>Waterhole: Ozonjuitji m'Bari, Month: 6, Time: 2010-06-13 22:20:00, Lon: 15.503639, Lat: -18.976499</description>
        <styleUrl>#month6_style</styleUrl>
        <Point>
          <coordinates>15.503639,-18.976499,0</coordinates>
        </Point>
      </Placemark>
      <Placemark>
        <name>Ozonjuitji m'Bari - Month 6</name>
        <description>Waterhole: Ozonjuitji m'Bari, Month: 6, Time: 2010-06-13 22:40:00, Lon: 15.506817, Lat: -18.978290</description>
        <styleUrl>#month6_style</styleUrl>
        <Point>
          <coordinates>15.506817,-18.978290,0</coordinates>
        </Point>
      </Placemark>
      <Placemark>
        <name>Ozonjuitji m'Bari - Month 6</name>
        <description>Waterhole: Ozonjuitji m'Bari, Month: 6, Time: 2010-06-14 19:20:00, Lon: 15.506667, Lat: -18.978243</description>
        <styleUrl>#month6_style</styleUrl>
        <Point>
          <coordinates>15.506667,-18.978243,0</coordinates>
        </Point>
      </Placemark>
      <Placemark>
        <name>Ozonjuitji m'Bari - Month 6</name>
        <description>Waterhole: Ozonjuitji m'Bari, Month: 6, Time: 2010-06-14 19:40:00, Lon: 15.503618, Lat: -18.976542</description>
        <styleUrl>#month6_style</styleUrl>
        <Point>
          <coordinates>15.503618,-18.976542,0</coordinates>
        </Point>
      </Placemark>
      <Placemark>
        <name>Ozonjuitji m'Bari - Month 6</name>
        <description>Waterhole: Ozonjuitji m'Bari, Month: 6, Time: 2010-06-14 20:00:00, Lon: 15.503618, Lat: -18.976540</description>
        <styleUrl>#month6_style</styleUrl>
        <Point>
          <coordinates>15.503618,-18.976540,0</coordinates>
        </Point>
      </Placemark>
      <Placemark>
        <name>Ozonjuitji m'Bari - Month 6</name>
        <description>Waterhole: Ozonjuitji m'Bari, Month: 6, Time: 2010-06-14 20:20:00, Lon: 15.503603, Lat: -18.976522</description>
        <styleUrl>#month6_style</styleUrl>
        <Point>
          <coordinates>15.503603,-18.976522,0</coordinates>
        </Point>
      </Placemark>
      <Placemark>
        <name>Ozonjuitji m'Bari - Month 6</name>
        <description>Waterhole: Ozonjuitji m'Bari, Month: 6, Time: 2010-06-14 20:40:00, Lon: 15.504794, Lat: -18.977173</description>
        <styleUrl>#month6_style</styleUrl>
        <Point>
          <coordinates>15.504794,-18.977173,0</coordinates>
        </Point>
      </Placemark>
      <Placemark>
        <name>Ozonjuitji m'Bari - Month 6</name>
        <description>Waterhole: Ozonjuitji m'Bari, Month: 6, Time: 2010-06-14 21:00:00, Lon: 15.509858, Lat: -18.979919</description>
        <styleUrl>#month6_style</styleUrl>
        <Point>
          <coordinates>15.509858,-18.979919,0</coordinates>
        </Point>
      </Placemark>
      <Placemark>
        <name>Ozonjuitji m'Bari - Month 6</name>
        <description>Waterhole: Ozonjuitji m'Bari, Month: 6, Time: 2010-06-15 19:00:00, Lon: 15.511326, Lat: -18.981360</description>
        <styleUrl>#month6_style</styleUrl>
        <Point>
          <coordinates>15.511326,-18.981360,0</coordinates>
        </Point>
      </Placemark>
      <Placemark>
        <name>Ozonjuitji m'Bari - Month 6</name>
        <description>Waterhole: Ozonjuitji m'Bari, Month: 6, Time: 2010-06-15 19:20:00, Lon: 15.507664, Lat: -18.979234</description>
        <styleUrl>#month6_style</styleUrl>
        <Point>
          <coordinates>15.507664,-18.979234,0</coordinates>
        </Point>
      </Placemark>
      <Placemark>
        <name>Ozonjuitji m'Bari - Month 6</name>
        <description>Waterhole: Ozonjuitji m'Bari, Month: 6, Time: 2010-06-15 19:40:00, Lon: 15.507676, Lat: -18.979250</description>
        <styleUrl>#month6_style</styleUrl>
        <Point>
          <coordinates>15.507676,-18.979250,0</coordinates>
        </Point>
      </Placemark>
      <Placemark>
        <name>Ozonjuitji m'Bari - Month 6</name>
        <description>Waterhole: Ozonjuitji m'Bari, Month: 6, Time: 2010-06-15 20:00:00, Lon: 15.507647, Lat: -18.979248</description>
        <styleUrl>#month6_style</styleUrl>
        <Point>
          <coordinates>15.507647,-18.979248,0</coordinates>
        </Point>
      </Placemark>
      <Placemark>
        <name>Ozonjuitji m'Bari - Month 6</name>
        <description>Waterhole: Ozonjuitji m'Bari, Month: 6, Time: 2010-06-15 20:20:00, Lon: 15.507648, Lat: -18.979218</description>
        <styleUrl>#month6_style</styleUrl>
        <Point>
          <coordinates>15.507648,-18.979218,0</coordinates>
        </Point>
      </Placemark>
      <Placemark>
        <name>Ozonjuitji m'Bari - Month 6</name>
        <description>Waterhole: Ozonjuitji m'Bari, Month: 6, Time: 2010-06-15 20:40:00, Lon: 15.507460, Lat: -18.978815</description>
        <styleUrl>#month6_style</styleUrl>
        <Point>
          <coordinates>15.507460,-18.978815,0</coordinates>
        </Point>
      </Placemark>
      <Placemark>
        <name>Ozonjuitji m'Bari - Month 6</name>
        <description>Waterhole: Ozonjuitji m'Bari, Month: 6, Time: 2010-06-15 21:00:00, Lon: 15.505725, Lat: -18.977952</description>
        <styleUrl>#month6_style</styleUrl>
        <Point>
          <coordinates>15.505725,-18.977952,0</coordinates>
        </Point>
      </Placemark>
      <Placemark>
        <name>Ozonjuitji m'Bari - Month 6</name>
        <description>Waterhole: Ozonjuitji m'Bari, Month: 6, Time: 2010-06-15 21:20:00, Lon: 15.505463, Lat: -18.977808</description>
        <styleUrl>#month6_style</styleUrl>
        <Point>
          <coordinates>15.505463,-18.977808,0</coordinates>
        </Point>
      </Placemark>
      <Placemark>
        <name>Ozonjuitji m'Bari - Month 6</name>
        <description>Waterhole: Ozonjuitji m'Bari, Month: 6, Time: 2010-06-15 21:40:00, Lon: 15.503436, Lat: -18.977307</description>
        <styleUrl>#month6_style</styleUrl>
        <Point>
          <coordinates>15.503436,-18.977307,0</coordinates>
        </Point>
      </Placemark>
      <Placemark>
        <name>Ozonjuitji m'Bari - Month 6</name>
        <description>Waterhole: Ozonjuitji m'Bari, Month: 6, Time: 2010-06-15 22:00:00, Lon: 15.503592, Lat: -18.976501</description>
        <styleUrl>#month6_style</styleUrl>
        <Point>
          <coordinates>15.503592,-18.976501,0</coordinates>
        </Point>
      </Placemark>
      <Placemark>
        <name>Ozonjuitji m'Bari - Month 6</name>
        <description>Waterhole: Ozonjuitji m'Bari, Month: 6, Time: 2010-06-15 22:20:00, Lon: 15.502955, Lat: -18.976300</description>
        <styleUrl>#month6_style</styleUrl>
        <Point>
          <coordinates>15.502955,-18.976300,0</coordinates>
        </Point>
      </Placemark>
      <Placemark>
        <name>Ozonjuitji m'Bari - Month 6</name>
        <description>Waterhole: Ozonjuitji m'Bari, Month: 6, Time: 2010-06-15 22:40:00, Lon: 15.498893, Lat: -18.975468</description>
        <styleUrl>#month6_style</styleUrl>
        <Point>
          <coordinates>15.498893,-18.975468,0</coordinates>
        </Point>
      </Placemark>
      <Placemark>
        <name>Ozonjuitji m'Bari - Month 6</name>
        <description>Waterhole: Ozonjuitji m'Bari, Month: 6, Time: 2010-06-16 18:00:00, Lon: 15.495786, Lat: -18.977063</description>
        <styleUrl>#month6_style</styleUrl>
        <Point>
          <coordinates>15.495786,-18.977063,0</coordinates>
        </Point>
      </Placemark>
      <Placemark>
        <name>Ozonjuitji m'Bari - Month 6</name>
        <description>Waterhole: Ozonjuitji m'Bari, Month: 6, Time: 2010-06-16 18:20:00, Lon: 15.501921, Lat: -18.976841</description>
        <styleUrl>#month6_style</styleUrl>
        <Point>
          <coordinates>15.501921,-18.976841,0</coordinates>
        </Point>
      </Placemark>
      <Placemark>
        <name>Ozonjuitji m'Bari - Month 6</name>
        <description>Waterhole: Ozonjuitji m'Bari, Month: 6, Time: 2010-06-16 18:40:00, Lon: 15.503620, Lat: -18.976536</description>
        <styleUrl>#month6_style</styleUrl>
        <Point>
          <coordinates>15.503620,-18.976536,0</coordinates>
        </Point>
      </Placemark>
      <Placemark>
        <name>Ozonjuitji m'Bari - Month 6</name>
        <description>Waterhole: Ozonjuitji m'Bari, Month: 6, Time: 2010-06-16 19:00:00, Lon: 15.505703, Lat: -18.977665</description>
        <styleUrl>#month6_style</styleUrl>
        <Point>
          <coordinates>15.505703,-18.977665,0</coordinates>
        </Point>
      </Placemark>
      <Placemark>
        <name>Ozonjuitji m'Bari - Month 6</name>
        <description>Waterhole: Ozonjuitji m'Bari, Month: 6, Time: 2010-06-17 18:20:00, Lon: 15.507294, Lat: -18.978548</description>
        <styleUrl>#month6_style</styleUrl>
        <Point>
          <coordinates>15.507294,-18.978548,0</coordinates>
        </Point>
      </Placemark>
      <Placemark>
        <name>Ozonjuitji m'Bari - Month 6</name>
        <description>Waterhole: Ozonjuitji m'Bari, Month: 6, Time: 2010-06-17 18:40:00, Lon: 15.503040, Lat: -18.976560</description>
        <styleUrl>#month6_style</styleUrl>
        <Point>
          <coordinates>15.503040,-18.976560,0</coordinates>
        </Point>
      </Placemark>
      <Placemark>
        <name>Ozonjuitji m'Bari - Month 6</name>
        <description>Waterhole: Ozonjuitji m'Bari, Month: 6, Time: 2010-06-17 19:00:00, Lon: 15.496479, Lat: -18.974697</description>
        <styleUrl>#month6_style</styleUrl>
        <Point>
          <coordinates>15.496479,-18.974697,0</coordinates>
        </Point>
      </Placemark>
      <Placemark>
        <name>Ozonjuitji m'Bari - Month 6</name>
        <description>Waterhole: Ozonjuitji m'Bari, Month: 6, Time: 2010-06-18 16:20:00, Lon: 15.495153, Lat: -18.978743</description>
        <styleUrl>#month6_style</styleUrl>
        <Point>
          <coordinates>15.495153,-18.978743,0</coordinates>
        </Point>
      </Placemark>
      <Placemark>
        <name>Ozonjuitji m'Bari - Month 6</name>
        <description>Waterhole: Ozonjuitji m'Bari, Month: 6, Time: 2010-06-18 16:40:00, Lon: 15.503621, Lat: -18.976550</description>
        <styleUrl>#month6_style</styleUrl>
        <Point>
          <coordinates>15.503621,-18.976550,0</coordinates>
        </Point>
      </Placemark>
      <Placemark>
        <name>Ozonjuitji m'Bari - Month 6</name>
        <description>Waterhole: Ozonjuitji m'Bari, Month: 6, Time: 2010-06-18 17:00:00, Lon: 15.503597, Lat: -18.976524</description>
        <styleUrl>#month6_style</styleUrl>
        <Point>
          <coordinates>15.503597,-18.976524,0</coordinates>
        </Point>
      </Placemark>
      <Placemark>
        <name>Ozonjuitji m'Bari - Month 6</name>
        <description>Waterhole: Ozonjuitji m'Bari, Month: 6, Time: 2010-06-18 17:20:00, Lon: 15.508263, Lat: -18.979085</description>
        <styleUrl>#month6_style</styleUrl>
        <Point>
          <coordinates>15.508263,-18.979085,0</coordinates>
        </Point>
      </Placemark>
      <Placemark>
        <name>Ozonjuitji m'Bari - Month 6</name>
        <description>Waterhole: Ozonjuitji m'Bari, Month: 6, Time: 2010-06-19 18:40:00, Lon: 15.506022, Lat: -18.984788</description>
        <styleUrl>#month6_style</styleUrl>
        <Point>
          <coordinates>15.506022,-18.984788,0</coordinates>
        </Point>
      </Placemark>
      <Placemark>
        <name>Ozonjuitji m'Bari - Month 6</name>
        <description>Waterhole: Ozonjuitji m'Bari, Month: 6, Time: 2010-06-19 19:00:00, Lon: 15.504924, Lat: -18.983879</description>
        <styleUrl>#month6_style</styleUrl>
        <Point>
          <coordinates>15.504924,-18.983879,0</coordinates>
        </Point>
      </Placemark>
      <Placemark>
        <name>Ozonjuitji m'Bari - Month 6</name>
        <description>Waterhole: Ozonjuitji m'Bari, Month: 6, Time: 2010-06-19 19:20:00, Lon: 15.504208, Lat: -18.978925</description>
        <styleUrl>#month6_style</styleUrl>
        <Point>
          <coordinates>15.504208,-18.978925,0</coordinates>
        </Point>
      </Placemark>
      <Placemark>
        <name>Ozonjuitji m'Bari - Month 6</name>
        <description>Waterhole: Ozonjuitji m'Bari, Month: 6, Time: 2010-06-19 19:40:00, Lon: 15.503208, Lat: -18.976290</description>
        <styleUrl>#month6_style</styleUrl>
        <Point>
          <coordinates>15.503208,-18.976290,0</coordinates>
        </Point>
      </Placemark>
      <Placemark>
        <name>Ozonjuitji m'Bari - Month 6</name>
        <description>Waterhole: Ozonjuitji m'Bari, Month: 6, Time: 2010-06-19 20:00:00, Lon: 15.503608, Lat: -18.976526</description>
        <styleUrl>#month6_style</styleUrl>
        <Point>
          <coordinates>15.503608,-18.976526,0</coordinates>
        </Point>
      </Placemark>
      <Placemark>
        <name>Ozonjuitji m'Bari - Month 6</name>
        <description>Waterhole: Ozonjuitji m'Bari, Month: 6, Time: 2010-06-19 20:20:00, Lon: 15.503606, Lat: -18.976670</description>
        <styleUrl>#month6_style</styleUrl>
        <Point>
          <coordinates>15.503606,-18.976670,0</coordinates>
        </Point>
      </Placemark>
      <Placemark>
        <name>Ozonjuitji m'Bari - Month 6</name>
        <description>Waterhole: Ozonjuitji m'Bari, Month: 6, Time: 2010-06-19 20:40:00, Lon: 15.509294, Lat: -18.979588</description>
        <styleUrl>#month6_style</styleUrl>
        <Point>
          <coordinates>15.509294,-18.979588,0</coordinates>
        </Point>
      </Placemark>
      <Placemark>
        <name>Ozonjuitji m'Bari - Month 6</name>
        <description>Waterhole: Ozonjuitji m'Bari, Month: 6, Time: 2010-06-20 20:00:00, Lon: 15.508519, Lat: -18.976947</description>
        <styleUrl>#month6_style</styleUrl>
        <Point>
          <coordinates>15.508519,-18.976947,0</coordinates>
        </Point>
      </Placemark>
      <Placemark>
        <name>Ozonjuitji m'Bari - Month 6</name>
        <description>Waterhole: Ozonjuitji m'Bari, Month: 6, Time: 2010-06-20 20:20:00, Lon: 15.504698, Lat: -18.976874</description>
        <styleUrl>#month6_style</styleUrl>
        <Point>
          <coordinates>15.504698,-18.976874,0</coordinates>
        </Point>
      </Placemark>
      <Placemark>
        <name>Ozonjuitji m'Bari - Month 6</name>
        <description>Waterhole: Ozonjuitji m'Bari, Month: 6, Time: 2010-06-20 20:40:00, Lon: 15.503623, Lat: -18.976526</description>
        <styleUrl>#month6_style</styleUrl>
        <Point>
          <coordinates>15.503623,-18.976526,0</coordinates>
        </Point>
      </Placemark>
      <Placemark>
        <name>Ozonjuitji m'Bari - Month 6</name>
        <description>Waterhole: Ozonjuitji m'Bari, Month: 6, Time: 2010-06-20 21:00:00, Lon: 15.502067, Lat: -18.970209</description>
        <styleUrl>#month6_style</styleUrl>
        <Point>
          <coordinates>15.502067,-18.970209,0</coordinates>
        </Point>
      </Placemark>
      <Placemark>
        <name>Ozonjuitji m'Bari - Month 6</name>
        <description>Waterhole: Ozonjuitji m'Bari, Month: 6, Time: 2010-06-21 18:20:00, Lon: 15.501922, Lat: -18.973503</description>
        <styleUrl>#month6_style</styleUrl>
        <Point>
          <coordinates>15.501922,-18.973503,0</coordinates>
        </Point>
      </Placemark>
      <Placemark>
        <name>Ozonjuitji m'Bari - Month 6</name>
        <description>Waterhole: Ozonjuitji m'Bari, Month: 6, Time: 2010-06-21 18:40:00, Lon: 15.503618, Lat: -18.976540</description>
        <styleUrl>#month6_style</styleUrl>
        <Point>
          <coordinates>15.503618,-18.976540,0</coordinates>
        </Point>
      </Placemark>
      <Placemark>
        <name>Ozonjuitji m'Bari - Month 6</name>
        <description>Waterhole: Ozonjuitji m'Bari, Month: 6, Time: 2010-06-21 19:00:00, Lon: 15.503613, Lat: -18.976538</description>
        <styleUrl>#month6_style</styleUrl>
        <Point>
          <coordinates>15.503613,-18.976538,0</coordinates>
        </Point>
      </Placemark>
      <Placemark>
        <name>Ozonjuitji m'Bari - Month 6</name>
        <description>Waterhole: Ozonjuitji m'Bari, Month: 6, Time: 2010-06-21 19:20:00, Lon: 15.509303, Lat: -18.979588</description>
        <styleUrl>#month6_style</styleUrl>
        <Point>
          <coordinates>15.509303,-18.979588,0</coordinates>
        </Point>
      </Placemark>
      <Placemark>
        <name>Ozonjuitji m'Bari - Month 6</name>
        <description>Waterhole: Ozonjuitji m'Bari, Month: 6, Time: 2010-06-23 16:00:00, Lon: 15.494678, Lat: -18.977671</description>
        <styleUrl>#month6_style</styleUrl>
        <Point>
          <coordinates>15.494678,-18.977671,0</coordinates>
        </Point>
      </Placemark>
      <Placemark>
        <name>Ozonjuitji m'Bari - Month 6</name>
        <description>Waterhole: Ozonjuitji m'Bari, Month: 6, Time: 2010-06-23 16:20:00, Lon: 15.503594, Lat: -18.976516</description>
        <styleUrl>#month6_style</styleUrl>
        <Point>
          <coordinates>15.503594,-18.976516,0</coordinates>
        </Point>
      </Placemark>
      <Placemark>
        <name>Ozonjuitji m'Bari - Month 6</name>
        <description>Waterhole: Ozonjuitji m'Bari, Month: 6, Time: 2010-06-23 16:40:00, Lon: 15.503705, Lat: -18.976518</description>
        <styleUrl>#month6_style</styleUrl>
        <Point>
          <coordinates>15.503705,-18.976518,0</coordinates>
        </Point>
      </Placemark>
      <Placemark>
        <name>Ozonjuitji m'Bari - Month 6</name>
        <description>Waterhole: Ozonjuitji m'Bari, Month: 6, Time: 2010-06-23 17:00:00, Lon: 15.503624, Lat: -18.976536</description>
        <styleUrl>#month6_style</styleUrl>
        <Point>
          <coordinates>15.503624,-18.976536,0</coordinates>
        </Point>
      </Placemark>
      <Placemark>
        <name>Ozonjuitji m'Bari - Month 6</name>
        <description>Waterhole: Ozonjuitji m'Bari, Month: 6, Time: 2010-06-23 17:20:00, Lon: 15.503947, Lat: -18.975777</description>
        <styleUrl>#month6_style</styleUrl>
        <Point>
          <coordinates>15.503947,-18.975777,0</coordinates>
        </Point>
      </Placemark>
      <Placemark>
        <name>Ozonjuitji m'Bari - Month 6</name>
        <description>Waterhole: Ozonjuitji m'Bari, Month: 6, Time: 2010-06-23 17:40:00, Lon: 15.504224, Lat: -18.975523</description>
        <styleUrl>#month6_style</styleUrl>
        <Point>
          <coordinates>15.504224,-18.975523,0</coordinates>
        </Point>
      </Placemark>
      <Placemark>
        <name>Ozonjuitji m'Bari - Month 6</name>
        <description>Waterhole: Ozonjuitji m'Bari, Month: 6, Time: 2010-06-23 18:00:00, Lon: 15.503150, Lat: -18.970390</description>
        <styleUrl>#month6_style</styleUrl>
        <Point>
          <coordinates>15.503150,-18.970390,0</coordinates>
        </Point>
      </Placemark>
      <Placemark>
        <name>Ozonjuitji m'Bari - Month 6</name>
        <description>Waterhole: Ozonjuitji m'Bari, Month: 6, Time: 2010-06-23 18:20:00, Lon: 15.501131, Lat: -18.968530</description>
        <styleUrl>#month6_style</styleUrl>
        <Point>
          <coordinates>15.501131,-18.968530,0</coordinates>
        </Point>
      </Placemark>
      <Placemark>
        <name>Ozonjuitji m'Bari - Month 6</name>
        <description>Waterhole: Ozonjuitji m'Bari, Month: 6, Time: 2010-06-24 15:00:00, Lon: 15.503792, Lat: -18.968290</description>
        <styleUrl>#month6_style</styleUrl>
        <Point>
          <coordinates>15.503792,-18.968290,0</coordinates>
        </Point>
      </Placemark>
      <Placemark>
        <name>Ozonjuitji m'Bari - Month 6</name>
        <description>Waterhole: Ozonjuitji m'Bari, Month: 6, Time: 2010-06-24 15:20:00, Lon: 15.503956, Lat: -18.970052</description>
        <styleUrl>#month6_style</styleUrl>
        <Point>
          <coordinates>15.503956,-18.970052,0</coordinates>
        </Point>
      </Placemark>
      <Placemark>
        <name>Ozonjuitji m'Bari - Month 6</name>
        <description>Waterhole: Ozonjuitji m'Bari, Month: 6, Time: 2010-06-24 15:40:00, Lon: 15.503922, Lat: -18.972378</description>
        <styleUrl>#month6_style</styleUrl>
        <Point>
          <coordinates>15.503922,-18.972378,0</coordinates>
        </Point>
      </Placemark>
      <Placemark>
        <name>Ozonjuitji m'Bari - Month 6</name>
        <description>Waterhole: Ozonjuitji m'Bari, Month: 6, Time: 2010-06-24 16:00:00, Lon: 15.503262, Lat: -18.973537</description>
        <styleUrl>#month6_style</styleUrl>
        <Point>
          <coordinates>15.503262,-18.973537,0</coordinates>
        </Point>
      </Placemark>
      <Placemark>
        <name>Ozonjuitji m'Bari - Month 6</name>
        <description>Waterhole: Ozonjuitji m'Bari, Month: 6, Time: 2010-06-24 16:20:00, Lon: 15.503218, Lat: -18.974109</description>
        <styleUrl>#month6_style</styleUrl>
        <Point>
          <coordinates>15.503218,-18.974109,0</coordinates>
        </Point>
      </Placemark>
      <Placemark>
        <name>Ozonjuitji m'Bari - Month 6</name>
        <description>Waterhole: Ozonjuitji m'Bari, Month: 6, Time: 2010-06-24 16:40:00, Lon: 15.502961, Lat: -18.976778</description>
        <styleUrl>#month6_style</styleUrl>
        <Point>
          <coordinates>15.502961,-18.976778,0</coordinates>
        </Point>
      </Placemark>
      <Placemark>
        <name>Ozonjuitji m'Bari - Month 6</name>
        <description>Waterhole: Ozonjuitji m'Bari, Month: 6, Time: 2010-06-24 17:00:00, Lon: 15.503238, Lat: -18.976719</description>
        <styleUrl>#month6_style</styleUrl>
        <Point>
          <coordinates>15.503238,-18.976719,0</coordinates>
        </Point>
      </Placemark>
      <Placemark>
        <name>Ozonjuitji m'Bari - Month 6</name>
        <description>Waterhole: Ozonjuitji m'Bari, Month: 6, Time: 2010-06-24 17:20:00, Lon: 15.503486, Lat: -18.976652</description>
        <styleUrl>#month6_style</styleUrl>
        <Point>
          <coordinates>15.503486,-18.976652,0</coordinates>
        </Point>
      </Placemark>
      <Placemark>
        <name>Ozonjuitji m'Bari - Month 6</name>
        <description>Waterhole: Ozonjuitji m'Bari, Month: 6, Time: 2010-06-24 17:40:00, Lon: 15.503609, Lat: -18.976581</description>
        <styleUrl>#month6_style</styleUrl>
        <Point>
          <coordinates>15.503609,-18.976581,0</coordinates>
        </Point>
      </Placemark>
      <Placemark>
        <name>Ozonjuitji m'Bari - Month 6</name>
        <description>Waterhole: Ozonjuitji m'Bari, Month: 6, Time: 2010-06-24 18:00:00, Lon: 15.500794, Lat: -18.974097</description>
        <styleUrl>#month6_style</styleUrl>
        <Point>
          <coordinates>15.500794,-18.974097,0</coordinates>
        </Point>
      </Placemark>
      <Placemark>
        <name>Ozonjuitji m'Bari - Month 6</name>
        <description>Waterhole: Ozonjuitji m'Bari, Month: 6, Time: 2010-06-24 18:20:00, Lon: 15.496844, Lat: -18.972803</description>
        <styleUrl>#month6_style</styleUrl>
        <Point>
          <coordinates>15.496844,-18.972803,0</coordinates>
        </Point>
      </Placemark>
      <Placemark>
        <name>Ozonjuitji m'Bari - Month 6</name>
        <description>Waterhole: Ozonjuitji m'Bari, Month: 6, Time: 2010-06-25 15:20:00, Lon: 15.498264, Lat: -18.971655</description>
        <styleUrl>#month6_style</styleUrl>
        <Point>
          <coordinates>15.498264,-18.971655,0</coordinates>
        </Point>
      </Placemark>
      <Placemark>
        <name>Ozonjuitji m'Bari - Month 6</name>
        <description>Waterhole: Ozonjuitji m'Bari, Month: 6, Time: 2010-06-25 15:40:00, Lon: 15.502562, Lat: -18.971531</description>
        <styleUrl>#month6_style</styleUrl>
        <Point>
          <coordinates>15.502562,-18.971531,0</coordinates>
        </Point>
      </Placemark>
      <Placemark>
        <name>Ozonjuitji m'Bari - Month 6</name>
        <description>Waterhole: Ozonjuitji m'Bari, Month: 6, Time: 2010-06-25 16:00:00, Lon: 15.503828, Lat: -18.972312</description>
        <styleUrl>#month6_style</styleUrl>
        <Point>
          <coordinates>15.503828,-18.972312,0</coordinates>
        </Point>
      </Placemark>
      <Placemark>
        <name>Ozonjuitji m'Bari - Month 6</name>
        <description>Waterhole: Ozonjuitji m'Bari, Month: 6, Time: 2010-06-25 16:20:00, Lon: 15.503561, Lat: -18.972662</description>
        <styleUrl>#month6_style</styleUrl>
        <Point>
          <coordinates>15.503561,-18.972662,0</coordinates>
        </Point>
      </Placemark>
      <Placemark>
        <name>Ozonjuitji m'Bari - Month 6</name>
        <description>Waterhole: Ozonjuitji m'Bari, Month: 6, Time: 2010-06-25 16:40:00, Lon: 15.503910, Lat: -18.973950</description>
        <styleUrl>#month6_style</styleUrl>
        <Point>
          <coordinates>15.503910,-18.973950,0</coordinates>
        </Point>
      </Placemark>
      <Placemark>
        <name>Ozonjuitji m'Bari - Month 6</name>
        <description>Waterhole: Ozonjuitji m'Bari, Month: 6, Time: 2010-06-25 17:00:00, Lon: 15.503604, Lat: -18.976534</description>
        <styleUrl>#month6_style</styleUrl>
        <Point>
          <coordinates>15.503604,-18.976534,0</coordinates>
        </Point>
      </Placemark>
      <Placemark>
        <name>Ozonjuitji m'Bari - Month 6</name>
        <description>Waterhole: Ozonjuitji m'Bari, Month: 6, Time: 2010-06-25 17:20:00, Lon: 15.510042, Lat: -18.979974</description>
        <styleUrl>#month6_style</styleUrl>
        <Point>
          <coordinates>15.510042,-18.979974,0</coordinates>
        </Point>
      </Placemark>
      <Placemark>
        <name>Ozonjuitji m'Bari - Month 6</name>
        <description>Waterhole: Ozonjuitji m'Bari, Month: 6, Time: 2010-06-26 20:40:00, Lon: 15.509020, Lat: -18.980060</description>
        <styleUrl>#month6_style</styleUrl>
        <Point>
          <coordinates>15.509020,-18.980060,0</coordinates>
        </Point>
      </Placemark>
      <Placemark>
        <name>Ozonjuitji m'Bari - Month 6</name>
        <description>Waterhole: Ozonjuitji m'Bari, Month: 6, Time: 2010-06-26 21:00:00, Lon: 15.504531, Lat: -18.977171</description>
        <styleUrl>#month6_style</styleUrl>
        <Point>
          <coordinates>15.504531,-18.977171,0</coordinates>
        </Point>
      </Placemark>
      <Placemark>
        <name>Ozonjuitji m'Bari - Month 6</name>
        <description>Waterhole: Ozonjuitji m'Bari, Month: 6, Time: 2010-06-26 21:20:00, Lon: 15.501061, Lat: -18.976119</description>
        <styleUrl>#month6_style</styleUrl>
        <Point>
          <coordinates>15.501061,-18.976119,0</coordinates>
        </Point>
      </Placemark>
      <Placemark>
        <name>Ozonjuitji m'Bari - Month 6</name>
        <description>Waterhole: Ozonjuitji m'Bari, Month: 6, Time: 2010-06-26 21:40:00, Lon: 15.496030, Lat: -18.976658</description>
        <styleUrl>#month6_style</styleUrl>
        <Point>
          <coordinates>15.496030,-18.976658,0</coordinates>
        </Point>
      </Placemark>
      <Placemark>
        <name>Ozonjuitji m'Bari - Month 6</name>
        <description>Waterhole: Ozonjuitji m'Bari, Month: 6, Time: 2010-06-28 00:20:00, Lon: 15.499699, Lat: -18.975698</description>
        <styleUrl>#month6_style</styleUrl>
        <Point>
          <coordinates>15.499699,-18.975698,0</coordinates>
        </Point>
      </Placemark>
      <Placemark>
        <name>Ozonjuitji m'Bari - Month 6</name>
        <description>Waterhole: Ozonjuitji m'Bari, Month: 6, Time: 2010-06-28 00:40:00, Lon: 15.503600, Lat: -18.976579</description>
        <styleUrl>#month6_style</styleUrl>
        <Point>
          <coordinates>15.503600,-18.976579,0</coordinates>
        </Point>
      </Placemark>
      <Placemark>
        <name>Ozonjuitji m'Bari - Month 6</name>
        <description>Waterhole: Ozonjuitji m'Bari, Month: 6, Time: 2010-06-28 01:00:00, Lon: 15.503609, Lat: -18.976562</description>
        <styleUrl>#month6_style</styleUrl>
        <Point>
          <coordinates>15.503609,-18.976562,0</coordinates>
        </Point>
      </Placemark>
      <Placemark>
        <name>Ozonjuitji m'Bari - Month 6</name>
        <description>Waterhole: Ozonjuitji m'Bari, Month: 6, Time: 2010-06-28 01:20:00, Lon: 15.496172, Lat: -18.977132</description>
        <styleUrl>#month6_style</styleUrl>
        <Point>
          <coordinates>15.496172,-18.977132,0</coordinates>
        </Point>
      </Placemark>
      <Placemark>
        <name>Ozonjuitji m'Bari - Month 6</name>
        <description>Waterhole: Ozonjuitji m'Bari, Month: 6, Time: 2010-06-28 23:20:00, Lon: 15.500173, Lat: -18.973525</description>
        <styleUrl>#month6_style</styleUrl>
        <Point>
          <coordinates>15.500173,-18.973525,0</coordinates>
        </Point>
      </Placemark>
      <Placemark>
        <name>Ozonjuitji m'Bari - Month 6</name>
        <description>Waterhole: Ozonjuitji m'Bari, Month: 6, Time: 2010-06-28 23:40:00, Lon: 15.503623, Lat: -18.976534</description>
        <styleUrl>#month6_style</styleUrl>
        <Point>
          <coordinates>15.503623,-18.976534,0</coordinates>
        </Point>
      </Placemark>
      <Placemark>
        <name>Ozonjuitji m'Bari - Month 6</name>
        <description>Waterhole: Ozonjuitji m'Bari, Month: 6, Time: 2010-06-29 00:00:00, Lon: 15.503573, Lat: -18.976453</description>
        <styleUrl>#month6_style</styleUrl>
        <Point>
          <coordinates>15.503573,-18.976453,0</coordinates>
        </Point>
      </Placemark>
      <Placemark>
        <name>Ozonjuitji m'Bari - Month 6</name>
        <description>Waterhole: Ozonjuitji m'Bari, Month: 6, Time: 2010-06-29 00:20:00, Lon: 15.503561, Lat: -18.976444</description>
        <styleUrl>#month6_style</styleUrl>
        <Point>
          <coordinates>15.503561,-18.976444,0</coordinates>
        </Point>
      </Placemark>
      <Placemark>
        <name>Ozonjuitji m'Bari - Month 6</name>
        <description>Waterhole: Ozonjuitji m'Bari, Month: 6, Time: 2010-06-29 00:40:00, Lon: 15.501162, Lat: -18.976951</description>
        <styleUrl>#month6_style</styleUrl>
        <Point>
          <coordinates>15.501162,-18.976951,0</coordinates>
        </Point>
      </Placemark>
      <Placemark>
        <name>Ozonjuitji m'Bari - Month 6</name>
        <description>Waterhole: Ozonjuitji m'Bari, Month: 6, Time: 2010-06-29 16:20:00, Lon: 15.496877, Lat: -18.979549</description>
        <styleUrl>#month6_style</styleUrl>
        <Point>
          <coordinates>15.496877,-18.979549,0</coordinates>
        </Point>
      </Placemark>
      <Placemark>
        <name>Ozonjuitji m'Bari - Month 6</name>
        <description>Waterhole: Ozonjuitji m'Bari, Month: 6, Time: 2010-06-29 16:40:00, Lon: 15.503609, Lat: -18.976534</description>
        <styleUrl>#month6_style</styleUrl>
        <Point>
          <coordinates>15.503609,-18.976534,0</coordinates>
        </Point>
      </Placemark>
      <Placemark>
        <name>Ozonjuitji m'Bari - Month 6</name>
        <description>Waterhole: Ozonjuitji m'Bari, Month: 6, Time: 2010-06-29 17:00:00, Lon: 15.503597, Lat: -18.976538</description>
        <styleUrl>#month6_style</styleUrl>
        <Point>
          <coordinates>15.503597,-18.976538,0</coordinates>
        </Point>
      </Placemark>
      <Placemark>
        <name>Ozonjuitji m'Bari - Month 6</name>
        <description>Waterhole: Ozonjuitji m'Bari, Month: 6, Time: 2010-06-29 17:20:00, Lon: 15.501400, Lat: -18.975968</description>
        <styleUrl>#month6_style</styleUrl>
        <Point>
          <coordinates>15.501400,-18.975968,0</coordinates>
        </Point>
      </Placemark>
      <Placemark>
        <name>Ozonjuitji m'Bari - Month 6</name>
        <description>Waterhole: Ozonjuitji m'Bari, Month: 6, Time: 2010-06-29 17:40:00, Lon: 15.499426, Lat: -18.975633</description>
        <styleUrl>#month6_style</styleUrl>
        <Point>
          <coordinates>15.499426,-18.975633,0</coordinates>
        </Point>
      </Placemark>
      <Placemark>
        <name>Ozonjuitji m'Bari - Month 6</name>
        <description>Waterhole: Ozonjuitji m'Bari, Month: 6, Time: 2010-06-29 18:00:00, Lon: 15.499037, Lat: -18.975592</description>
        <styleUrl>#month6_style</styleUrl>
        <Point>
          <coordinates>15.499037,-18.975592,0</coordinates>
        </Point>
      </Placemark>
      <Placemark>
        <name>Ozonjuitji m'Bari - Month 6</name>
        <description>Waterhole: Ozonjuitji m'Bari, Month: 6, Time: 2010-06-29 18:20:00, Lon: 15.496617, Lat: -18.975368</description>
        <styleUrl>#month6_style</styleUrl>
        <Point>
          <coordinates>15.496617,-18.975368,0</coordinates>
        </Point>
      </Placemark>
      <Placemark>
        <name>Ozonjuitji m'Bari - Month 6</name>
        <description>Waterhole: Ozonjuitji m'Bari, Month: 6, Time: 2010-06-29 18:40:00, Lon: 15.494835, Lat: -18.976805</description>
        <styleUrl>#month6_style</styleUrl>
        <Point>
          <coordinates>15.494835,-18.976805,0</coordinates>
        </Point>
      </Placemark>
      <Placemark>
        <name>Ozonjuitji m'Bari - Month 6</name>
        <description>Waterhole: Ozonjuitji m'Bari, Month: 6, Time: 2010-06-29 21:20:00, Lon: 15.498332, Lat: -18.977185</description>
        <styleUrl>#month6_style</styleUrl>
        <Point>
          <coordinates>15.498332,-18.977185,0</coordinates>
        </Point>
      </Placemark>
      <Placemark>
        <name>Ozonjuitji m'Bari - Month 6</name>
        <description>Waterhole: Ozonjuitji m'Bari, Month: 6, Time: 2010-06-29 21:40:00, Lon: 15.503552, Lat: -18.976479</description>
        <styleUrl>#month6_style</styleUrl>
        <Point>
          <coordinates>15.503552,-18.976479,0</coordinates>
        </Point>
      </Placemark>
      <Placemark>
        <name>Ozonjuitji m'Bari - Month 6</name>
        <description>Waterhole: Ozonjuitji m'Bari, Month: 6, Time: 2010-06-29 22:00:00, Lon: 15.503593, Lat: -18.976532</description>
        <styleUrl>#month6_style</styleUrl>
        <Point>
          <coordinates>15.503593,-18.976532,0</coordinates>
        </Point>
      </Placemark>
      <Placemark>
        <name>Ozonjuitji m'Bari - Month 6</name>
        <description>Waterhole: Ozonjuitji m'Bari, Month: 6, Time: 2010-06-29 22:20:00, Lon: 15.503016, Lat: -18.976532</description>
        <styleUrl>#month6_style</styleUrl>
        <Point>
          <coordinates>15.503016,-18.976532,0</coordinates>
        </Point>
      </Placemark>
      <Placemark>
        <name>Ozonjuitji m'Bari - Month 6</name>
        <description>Waterhole: Ozonjuitji m'Bari, Month: 6, Time: 2010-06-29 22:40:00, Lon: 15.496560, Lat: -18.974750</description>
        <styleUrl>#month6_style</styleUrl>
        <Point>
          <coordinates>15.496560,-18.974750,0</coordinates>
        </Point>
      </Placemark>
      <Placemark>
        <name>Ozonjuitji m'Bari - Month 6</name>
        <description>Waterhole: Ozonjuitji m'Bari, Month: 6, Time: 2010-06-30 14:40:00, Lon: 15.496044, Lat: -18.980379</description>
        <styleUrl>#month6_style</styleUrl>
        <Point>
          <coordinates>15.496044,-18.980379,0</coordinates>
        </Point>
      </Placemark>
      <Placemark>
        <name>Ozonjuitji m'Bari - Month 6</name>
        <description>Waterhole: Ozonjuitji m'Bari, Month: 6, Time: 2010-06-30 15:00:00, Lon: 15.496967, Lat: -18.980355</description>
        <styleUrl>#month6_style</styleUrl>
        <Point>
          <coordinates>15.496967,-18.980355,0</coordinates>
        </Point>
      </Placemark>
      <Placemark>
        <name>Ozonjuitji m'Bari - Month 6</name>
        <description>Waterhole: Ozonjuitji m'Bari, Month: 6, Time: 2010-06-30 15:20:00, Lon: 15.500016, Lat: -18.978951</description>
        <styleUrl>#month6_style</styleUrl>
        <Point>
          <coordinates>15.500016,-18.978951,0</coordinates>
        </Point>
      </Placemark>
      <Placemark>
        <name>Ozonjuitji m'Bari - Month 6</name>
        <description>Waterhole: Ozonjuitji m'Bari, Month: 6, Time: 2010-06-30 15:40:00, Lon: 15.501711, Lat: -18.979220</description>
        <styleUrl>#month6_style</styleUrl>
        <Point>
          <coordinates>15.501711,-18.979220,0</coordinates>
        </Point>
      </Placemark>
      <Placemark>
        <name>Ozonjuitji m'Bari - Month 6</name>
        <description>Waterhole: Ozonjuitji m'Bari, Month: 6, Time: 2010-06-30 16:00:00, Lon: 15.501752, Lat: -18.979372</description>
        <styleUrl>#month6_style</styleUrl>
        <Point>
          <coordinates>15.501752,-18.979372,0</coordinates>
        </Point>
      </Placemark>
      <Placemark>
        <name>Ozonjuitji m'Bari - Month 6</name>
        <description>Waterhole: Ozonjuitji m'Bari, Month: 6, Time: 2010-06-30 16:20:00, Lon: 15.501839, Lat: -18.979075</description>
        <styleUrl>#month6_style</styleUrl>
        <Point>
          <coordinates>15.501839,-18.979075,0</coordinates>
        </Point>
      </Placemark>
      <Placemark>
        <name>Ozonjuitji m'Bari - Month 6</name>
        <description>Waterhole: Ozonjuitji m'Bari, Month: 6, Time: 2010-06-30 16:40:00, Lon: 15.503615, Lat: -18.976489</description>
        <styleUrl>#month6_style</styleUrl>
        <Point>
          <coordinates>15.503615,-18.976489,0</coordinates>
        </Point>
      </Placemark>
      <Placemark>
        <name>Ozonjuitji m'Bari - Month 6</name>
        <description>Waterhole: Ozonjuitji m'Bari, Month: 6, Time: 2010-06-30 17:00:00, Lon: 15.503596, Lat: -18.976483</description>
        <styleUrl>#month6_style</styleUrl>
        <Point>
          <coordinates>15.503596,-18.976483,0</coordinates>
        </Point>
      </Placemark>
      <Placemark>
        <name>Ozonjuitji m'Bari - Month 6</name>
        <description>Waterhole: Ozonjuitji m'Bari, Month: 6, Time: 2010-06-30 17:20:00, Lon: 15.503649, Lat: -18.976540</description>
        <styleUrl>#month6_style</styleUrl>
        <Point>
          <coordinates>15.503649,-18.976540,0</coordinates>
        </Point>
      </Placemark>
      <Placemark>
        <name>Ozonjuitji m'Bari - Month 6</name>
        <description>Waterhole: Ozonjuitji m'Bari, Month: 6, Time: 2010-06-30 17:40:00, Lon: 15.503661, Lat: -18.976524</description>
        <styleUrl>#month6_style</styleUrl>
        <Point>
          <coordinates>15.503661,-18.976524,0</coordinates>
        </Point>
      </Placemark>
      <Placemark>
        <name>Ozonjuitji m'Bari - Month 6</name>
        <description>Waterhole: Ozonjuitji m'Bari, Month: 6, Time: 2010-06-30 18:00:00, Lon: 15.503657, Lat: -18.976583</description>
        <styleUrl>#month6_style</styleUrl>
        <Point>
          <coordinates>15.503657,-18.976583,0</coordinates>
        </Point>
      </Placemark>
      <Placemark>
        <name>Ozonjuitji m'Bari - Month 6</name>
        <description>Waterhole: Ozonjuitji m'Bari, Month: 6, Time: 2010-06-30 18:20:00, Lon: 15.503631, Lat: -18.976392</description>
        <styleUrl>#month6_style</styleUrl>
        <Point>
          <coordinates>15.503631,-18.976392,0</coordinates>
        </Point>
      </Placemark>
      <Placemark>
        <name>Ozonjuitji m'Bari - Month 6</name>
        <description>Waterhole: Ozonjuitji m'Bari, Month: 6, Time: 2010-06-30 18:40:00, Lon: 15.503582, Lat: -18.976542</description>
        <styleUrl>#month6_style</styleUrl>
        <Point>
          <coordinates>15.503582,-18.976542,0</coordinates>
        </Point>
      </Placemark>
      <Placemark>
        <name>Ozonjuitji m'Bari - Month 6</name>
        <description>Waterhole: Ozonjuitji m'Bari, Month: 6, Time: 2010-06-30 19:00:00, Lon: 15.503635, Lat: -18.976609</description>
        <styleUrl>#month6_style</styleUrl>
        <Point>
          <coordinates>15.503635,-18.976609,0</coordinates>
        </Point>
      </Placemark>
      <Placemark>
        <name>Ozonjuitji m'Bari - Month 6</name>
        <description>Waterhole: Ozonjuitji m'Bari, Month: 6, Time: 2010-06-30 19:20:00, Lon: 15.502091, Lat: -18.973804</description>
        <styleUrl>#month6_style</styleUrl>
        <Point>
          <coordinates>15.502091,-18.973804,0</coordinates>
        </Point>
      </Placemark>
      <Placemark>
        <name>Ozonjuitji m'Bari - Month 6</name>
        <description>Waterhole: Ozonjuitji m'Bari, Month: 6, Time: 2010-06-30 19:40:00, Lon: 15.499838, Lat: -18.972272</description>
        <styleUrl>#month6_style</styleUrl>
        <Point>
          <coordinates>15.499838,-18.972272,0</coordinates>
        </Point>
      </Placemark>
      <Placemark>
        <name>Ozonjuitji m'Bari - Month 6</name>
        <description>Waterhole: Ozonjuitji m'Bari, Month: 6, Time: 2010-06-30 20:00:00, Lon: 15.498424, Lat: -18.971234</description>
        <styleUrl>#month6_style</styleUrl>
        <Point>
          <coordinates>15.498424,-18.971234,0</coordinates>
        </Point>
      </Placemark>
      <Placemark>
        <name>Ozonjuitji m'Bari - Month 6</name>
        <description>Waterhole: Ozonjuitji m'Bari, Month: 6, Time: 2010-06-30 20:20:00, Lon: 15.497967, Lat: -18.971010</description>
        <styleUrl>#month6_style</styleUrl>
        <Point>
          <coordinates>15.497967,-18.971010,0</coordinates>
        </Point>
      </Placemark>
      <Placemark>
        <name>Ozonjuitji m'Bari - Month 6</name>
        <description>Waterhole: Ozonjuitji m'Bari, Month: 6, Time: 2010-06-30 20:40:00, Lon: 15.497838, Lat: -18.970994</description>
        <styleUrl>#month6_style</styleUrl>
        <Point>
          <coordinates>15.497838,-18.970994,0</coordinates>
        </Point>
      </Placemark>
      <Placemark>
        <name>Ozonjuitji m'Bari - Month 7</name>
        <description>Waterhole: Ozonjuitji m'Bari, Month: 7, Time: 2010-07-01 16:00:00, Lon: 15.494427, Lat: -18.974941</description>
        <styleUrl>#month7_style</styleUrl>
        <Point>
          <coordinates>15.494427,-18.974941,0</coordinates>
        </Point>
      </Placemark>
      <Placemark>
        <name>Ozonjuitji m'Bari - Month 7</name>
        <description>Waterhole: Ozonjuitji m'Bari, Month: 7, Time: 2010-07-01 16:20:00, Lon: 15.496011, Lat: -18.974825</description>
        <styleUrl>#month7_style</styleUrl>
        <Point>
          <coordinates>15.496011,-18.974825,0</coordinates>
        </Point>
      </Placemark>
      <Placemark>
        <name>Ozonjuitji m'Bari - Month 7</name>
        <description>Waterhole: Ozonjuitji m'Bari, Month: 7, Time: 2010-07-01 16:40:00, Lon: 15.496626, Lat: -18.974709</description>
        <styleUrl>#month7_style</styleUrl>
        <Point>
          <coordinates>15.496626,-18.974709,0</coordinates>
        </Point>
      </Placemark>
      <Placemark>
        <name>Ozonjuitji m'Bari - Month 7</name>
        <description>Waterhole: Ozonjuitji m'Bari, Month: 7, Time: 2010-07-01 17:00:00, Lon: 15.497405, Lat: -18.973767</description>
        <styleUrl>#month7_style</styleUrl>
        <Point>
          <coordinates>15.497405,-18.973767,0</coordinates>
        </Point>
      </Placemark>
      <Placemark>
        <name>Ozonjuitji m'Bari - Month 7</name>
        <description>Waterhole: Ozonjuitji m'Bari, Month: 7, Time: 2010-07-01 17:20:00, Lon: 15.499443, Lat: -18.973533</description>
        <styleUrl>#month7_style</styleUrl>
        <Point>
          <coordinates>15.499443,-18.973533,0</coordinates>
        </Point>
      </Placemark>
      <Placemark>
        <name>Ozonjuitji m'Bari - Month 7</name>
        <description>Waterhole: Ozonjuitji m'Bari, Month: 7, Time: 2010-07-01 17:40:00, Lon: 15.500592, Lat: -18.973969</description>
        <styleUrl>#month7_style</styleUrl>
        <Point>
          <coordinates>15.500592,-18.973969,0</coordinates>
        </Point>
      </Placemark>
      <Placemark>
        <name>Ozonjuitji m'Bari - Month 7</name>
        <description>Waterhole: Ozonjuitji m'Bari, Month: 7, Time: 2010-07-01 18:00:00, Lon: 15.503572, Lat: -18.976542</description>
        <styleUrl>#month7_style</styleUrl>
        <Point>
          <coordinates>15.503572,-18.976542,0</coordinates>
        </Point>
      </Placemark>
      <Placemark>
        <name>Ozonjuitji m'Bari - Month 7</name>
        <description>Waterhole: Ozonjuitji m'Bari, Month: 7, Time: 2010-07-01 18:20:00, Lon: 15.503659, Lat: -18.976518</description>
        <styleUrl>#month7_style</styleUrl>
        <Point>
          <coordinates>15.503659,-18.976518,0</coordinates>
        </Point>
      </Placemark>
      <Placemark>
        <name>Ozonjuitji m'Bari - Month 7</name>
        <description>Waterhole: Ozonjuitji m'Bari, Month: 7, Time: 2010-07-01 18:40:00, Lon: 15.503419, Lat: -18.976573</description>
        <styleUrl>#month7_style</styleUrl>
        <Point>
          <coordinates>15.503419,-18.976573,0</coordinates>
        </Point>
      </Placemark>
      <Placemark>
        <name>Ozonjuitji m'Bari - Month 7</name>
        <description>Waterhole: Ozonjuitji m'Bari, Month: 7, Time: 2010-07-01 19:00:00, Lon: 15.496554, Lat: -18.978274</description>
        <styleUrl>#month7_style</styleUrl>
        <Point>
          <coordinates>15.496554,-18.978274,0</coordinates>
        </Point>
      </Placemark>
      <Placemark>
        <name>Ozonjuitji m'Bari - Month 7</name>
        <description>Waterhole: Ozonjuitji m'Bari, Month: 7, Time: 2010-07-02 18:00:00, Lon: 15.495727, Lat: -18.978628</description>
        <styleUrl>#month7_style</styleUrl>
        <Point>
          <coordinates>15.495727,-18.978628,0</coordinates>
        </Point>
      </Placemark>
      <Placemark>
        <name>Ozonjuitji m'Bari - Month 7</name>
        <description>Waterhole: Ozonjuitji m'Bari, Month: 7, Time: 2010-07-02 18:20:00, Lon: 15.503582, Lat: -18.976516</description>
        <styleUrl>#month7_style</styleUrl>
        <Point>
          <coordinates>15.503582,-18.976516,0</coordinates>
        </Point>
      </Placemark>
      <Placemark>
        <name>Ozonjuitji m'Bari - Month 7</name>
        <description>Waterhole: Ozonjuitji m'Bari, Month: 7, Time: 2010-07-02 18:40:00, Lon: 15.503645, Lat: -18.976524</description>
        <styleUrl>#month7_style</styleUrl>
        <Point>
          <coordinates>15.503645,-18.976524,0</coordinates>
        </Point>
      </Placemark>
      <Placemark>
        <name>Ozonjuitji m'Bari - Month 7</name>
        <description>Waterhole: Ozonjuitji m'Bari, Month: 7, Time: 2010-07-02 19:00:00, Lon: 15.503589, Lat: -18.976453</description>
        <styleUrl>#month7_style</styleUrl>
        <Point>
          <coordinates>15.503589,-18.976453,0</coordinates>
        </Point>
      </Placemark>
      <Placemark>
        <name>Ozonjuitji m'Bari - Month 7</name>
        <description>Waterhole: Ozonjuitji m'Bari, Month: 7, Time: 2010-07-02 19:20:00, Lon: 15.503592, Lat: -18.976463</description>
        <styleUrl>#month7_style</styleUrl>
        <Point>
          <coordinates>15.503592,-18.976463,0</coordinates>
        </Point>
      </Placemark>
      <Placemark>
        <name>Ozonjuitji m'Bari - Month 7</name>
        <description>Waterhole: Ozonjuitji m'Bari, Month: 7, Time: 2010-07-02 19:40:00, Lon: 15.501541, Lat: -18.978017</description>
        <styleUrl>#month7_style</styleUrl>
        <Point>
          <coordinates>15.501541,-18.978017,0</coordinates>
        </Point>
      </Placemark>
      <Placemark>
        <name>Ozonjuitji m'Bari - Month 7</name>
        <description>Waterhole: Ozonjuitji m'Bari, Month: 7, Time: 2010-07-02 20:00:00, Lon: 15.499577, Lat: -18.980514</description>
        <styleUrl>#month7_style</styleUrl>
        <Point>
          <coordinates>15.499577,-18.980514,0</coordinates>
        </Point>
      </Placemark>
      <Placemark>
        <name>Ozonjuitji m'Bari - Month 7</name>
        <description>Waterhole: Ozonjuitji m'Bari, Month: 7, Time: 2010-07-03 16:40:00, Lon: 15.497447, Lat: -18.981335</description>
        <styleUrl>#month7_style</styleUrl>
        <Point>
          <coordinates>15.497447,-18.981335,0</coordinates>
        </Point>
      </Placemark>
      <Placemark>
        <name>Ozonjuitji m'Bari - Month 7</name>
        <description>Waterhole: Ozonjuitji m'Bari, Month: 7, Time: 2010-07-03 17:00:00, Lon: 15.498987, Lat: -18.979759</description>
        <styleUrl>#month7_style</styleUrl>
        <Point>
          <coordinates>15.498987,-18.979759,0</coordinates>
        </Point>
      </Placemark>
      <Placemark>
        <name>Ozonjuitji m'Bari - Month 7</name>
        <description>Waterhole: Ozonjuitji m'Bari, Month: 7, Time: 2010-07-03 17:20:00, Lon: 15.503622, Lat: -18.976560</description>
        <styleUrl>#month7_style</styleUrl>
        <Point>
          <coordinates>15.503622,-18.976560,0</coordinates>
        </Point>
      </Placemark>
      <Placemark>
        <name>Ozonjuitji m'Bari - Month 7</name>
        <description>Waterhole: Ozonjuitji m'Bari, Month: 7, Time: 2010-07-03 17:40:00, Lon: 15.507303, Lat: -18.978495</description>
        <styleUrl>#month7_style</styleUrl>
        <Point>
          <coordinates>15.507303,-18.978495,0</coordinates>
        </Point>
      </Placemark>
      <Placemark>
        <name>Ozonjuitji m'Bari - Month 7</name>
        <description>Waterhole: Ozonjuitji m'Bari, Month: 7, Time: 2010-07-04 19:00:00, Lon: 15.503569, Lat: -18.976562</description>
        <styleUrl>#month7_style</styleUrl>
        <Point>
          <coordinates>15.503569,-18.976562,0</coordinates>
        </Point>
      </Placemark>
      <Placemark>
        <name>Ozonjuitji m'Bari - Month 7</name>
        <description>Waterhole: Ozonjuitji m'Bari, Month: 7, Time: 2010-07-04 19:20:00, Lon: 15.503585, Lat: -18.976532</description>
        <styleUrl>#month7_style</styleUrl>
        <Point>
          <coordinates>15.503585,-18.976532,0</coordinates>
        </Point>
      </Placemark>
      <Placemark>
        <name>Ozonjuitji m'Bari - Month 7</name>
        <description>Waterhole: Ozonjuitji m'Bari, Month: 7, Time: 2010-07-04 19:40:00, Lon: 15.503691, Lat: -18.976481</description>
        <styleUrl>#month7_style</styleUrl>
        <Point>
          <coordinates>15.503691,-18.976481,0</coordinates>
        </Point>
      </Placemark>
      <Placemark>
        <name>Ozonjuitji m'Bari - Month 7</name>
        <description>Waterhole: Ozonjuitji m'Bari, Month: 7, Time: 2010-07-04 20:00:00, Lon: 15.507641, Lat: -18.978715</description>
        <styleUrl>#month7_style</styleUrl>
        <Point>
          <coordinates>15.507641,-18.978715,0</coordinates>
        </Point>
      </Placemark>
      <Placemark>
        <name>Ozonjuitji m'Bari - Month 7</name>
        <description>Waterhole: Ozonjuitji m'Bari, Month: 7, Time: 2010-07-05 19:20:00, Lon: 15.504881, Lat: -18.983543</description>
        <styleUrl>#month7_style</styleUrl>
        <Point>
          <coordinates>15.504881,-18.983543,0</coordinates>
        </Point>
      </Placemark>
      <Placemark>
        <name>Ozonjuitji m'Bari - Month 7</name>
        <description>Waterhole: Ozonjuitji m'Bari, Month: 7, Time: 2010-07-05 19:40:00, Lon: 15.503684, Lat: -18.976831</description>
        <styleUrl>#month7_style</styleUrl>
        <Point>
          <coordinates>15.503684,-18.976831,0</coordinates>
        </Point>
      </Placemark>
      <Placemark>
        <name>Ozonjuitji m'Bari - Month 7</name>
        <description>Waterhole: Ozonjuitji m'Bari, Month: 7, Time: 2010-07-05 20:00:00, Lon: 15.503044, Lat: -18.976685</description>
        <styleUrl>#month7_style</styleUrl>
        <Point>
          <coordinates>15.503044,-18.976685,0</coordinates>
        </Point>
      </Placemark>
      <Placemark>
        <name>Ozonjuitji m'Bari - Month 7</name>
        <description>Waterhole: Ozonjuitji m'Bari, Month: 7, Time: 2010-07-05 20:20:00, Lon: 15.503612, Lat: -18.976536</description>
        <styleUrl>#month7_style</styleUrl>
        <Point>
          <coordinates>15.503612,-18.976536,0</coordinates>
        </Point>
      </Placemark>
      <Placemark>
        <name>Ozonjuitji m'Bari - Month 7</name>
        <description>Waterhole: Ozonjuitji m'Bari, Month: 7, Time: 2010-07-05 20:40:00, Lon: 15.499268, Lat: -18.971737</description>
        <styleUrl>#month7_style</styleUrl>
        <Point>
          <coordinates>15.499268,-18.971737,0</coordinates>
        </Point>
      </Placemark>
      <Placemark>
        <name>Ozonjuitji m'Bari - Month 7</name>
        <description>Waterhole: Ozonjuitji m'Bari, Month: 7, Time: 2010-07-05 21:00:00, Lon: 15.498010, Lat: -18.971267</description>
        <styleUrl>#month7_style</styleUrl>
        <Point>
          <coordinates>15.498010,-18.971267,0</coordinates>
        </Point>
      </Placemark>
      <Placemark>
        <name>Ozonjuitji m'Bari - Month 7</name>
        <description>Waterhole: Ozonjuitji m'Bari, Month: 7, Time: 2010-07-06 15:20:00, Lon: 15.497267, Lat: -18.970504</description>
        <styleUrl>#month7_style</styleUrl>
        <Point>
          <coordinates>15.497267,-18.970504,0</coordinates>
        </Point>
      </Placemark>
      <Placemark>
        <name>Ozonjuitji m'Bari - Month 7</name>
        <description>Waterhole: Ozonjuitji m'Bari, Month: 7, Time: 2010-07-06 15:40:00, Lon: 15.497310, Lat: -18.971657</description>
        <styleUrl>#month7_style</styleUrl>
        <Point>
          <coordinates>15.497310,-18.971657,0</coordinates>
        </Point>
      </Placemark>
      <Placemark>
        <name>Ozonjuitji m'Bari - Month 7</name>
        <description>Waterhole: Ozonjuitji m'Bari, Month: 7, Time: 2010-07-06 16:00:00, Lon: 15.497147, Lat: -18.972520</description>
        <styleUrl>#month7_style</styleUrl>
        <Point>
          <coordinates>15.497147,-18.972520,0</coordinates>
        </Point>
      </Placemark>
      <Placemark>
        <name>Ozonjuitji m'Bari - Month 7</name>
        <description>Waterhole: Ozonjuitji m'Bari, Month: 7, Time: 2010-07-06 16:20:00, Lon: 15.497034, Lat: -18.973615</description>
        <styleUrl>#month7_style</styleUrl>
        <Point>
          <coordinates>15.497034,-18.973615,0</coordinates>
        </Point>
      </Placemark>
      <Placemark>
        <name>Ozonjuitji m'Bari - Month 7</name>
        <description>Waterhole: Ozonjuitji m'Bari, Month: 7, Time: 2010-07-06 16:40:00, Lon: 15.498224, Lat: -18.974304</description>
        <styleUrl>#month7_style</styleUrl>
        <Point>
          <coordinates>15.498224,-18.974304,0</coordinates>
        </Point>
      </Placemark>
      <Placemark>
        <name>Ozonjuitji m'Bari - Month 7</name>
        <description>Waterhole: Ozonjuitji m'Bari, Month: 7, Time: 2010-07-06 17:00:00, Lon: 15.501922, Lat: -18.974512</description>
        <styleUrl>#month7_style</styleUrl>
        <Point>
          <coordinates>15.501922,-18.974512,0</coordinates>
        </Point>
      </Placemark>
      <Placemark>
        <name>Ozonjuitji m'Bari - Month 7</name>
        <description>Waterhole: Ozonjuitji m'Bari, Month: 7, Time: 2010-07-06 17:20:00, Lon: 15.503608, Lat: -18.976528</description>
        <styleUrl>#month7_style</styleUrl>
        <Point>
          <coordinates>15.503608,-18.976528,0</coordinates>
        </Point>
      </Placemark>
      <Placemark>
        <name>Ozonjuitji m'Bari - Month 7</name>
        <description>Waterhole: Ozonjuitji m'Bari, Month: 7, Time: 2010-07-06 17:40:00, Lon: 15.504067, Lat: -18.976111</description>
        <styleUrl>#month7_style</styleUrl>
        <Point>
          <coordinates>15.504067,-18.976111,0</coordinates>
        </Point>
      </Placemark>
      <Placemark>
        <name>Ozonjuitji m'Bari - Month 7</name>
        <description>Waterhole: Ozonjuitji m'Bari, Month: 7, Time: 2010-07-06 18:00:00, Lon: 15.503865, Lat: -18.976044</description>
        <styleUrl>#month7_style</styleUrl>
        <Point>
          <coordinates>15.503865,-18.976044,0</coordinates>
        </Point>
      </Placemark>
      <Placemark>
        <name>Ozonjuitji m'Bari - Month 7</name>
        <description>Waterhole: Ozonjuitji m'Bari, Month: 7, Time: 2010-07-06 18:20:00, Lon: 15.499701, Lat: -18.975724</description>
        <styleUrl>#month7_style</styleUrl>
        <Point>
          <coordinates>15.499701,-18.975724,0</coordinates>
        </Point>
      </Placemark>
      <Placemark>
        <name>Ozonjuitji m'Bari - Month 7</name>
        <description>Waterhole: Ozonjuitji m'Bari, Month: 7, Time: 2010-07-06 18:40:00, Lon: 15.496279, Lat: -18.974003</description>
        <styleUrl>#month7_style</styleUrl>
        <Point>
          <coordinates>15.496279,-18.974003,0</coordinates>
        </Point>
      </Placemark>
      <Placemark>
        <name>Ozonjuitji m'Bari - Month 7</name>
        <description>Waterhole: Ozonjuitji m'Bari, Month: 7, Time: 2010-07-07 14:40:00, Lon: 15.496946, Lat: -18.972345</description>
        <styleUrl>#month7_style</styleUrl>
        <Point>
          <coordinates>15.496946,-18.972345,0</coordinates>
        </Point>
      </Placemark>
      <Placemark>
        <name>Ozonjuitji m'Bari - Month 7</name>
        <description>Waterhole: Ozonjuitji m'Bari, Month: 7, Time: 2010-07-07 15:00:00, Lon: 15.497999, Lat: -18.972192</description>
        <styleUrl>#month7_style</styleUrl>
        <Point>
          <coordinates>15.497999,-18.972192,0</coordinates>
        </Point>
      </Placemark>
      <Placemark>
        <name>Ozonjuitji m'Bari - Month 7</name>
        <description>Waterhole: Ozonjuitji m'Bari, Month: 7, Time: 2010-07-07 15:20:00, Lon: 15.502379, Lat: -18.971885</description>
        <styleUrl>#month7_style</styleUrl>
        <Point>
          <coordinates>15.502379,-18.971885,0</coordinates>
        </Point>
      </Placemark>
      <Placemark>
        <name>Ozonjuitji m'Bari - Month 7</name>
        <description>Waterhole: Ozonjuitji m'Bari, Month: 7, Time: 2010-07-07 15:40:00, Lon: 15.504132, Lat: -18.972363</description>
        <styleUrl>#month7_style</styleUrl>
        <Point>
          <coordinates>15.504132,-18.972363,0</coordinates>
        </Point>
      </Placemark>
      <Placemark>
        <name>Ozonjuitji m'Bari - Month 7</name>
        <description>Waterhole: Ozonjuitji m'Bari, Month: 7, Time: 2010-07-07 16:00:00, Lon: 15.504639, Lat: -18.972076</description>
        <styleUrl>#month7_style</styleUrl>
        <Point>
          <coordinates>15.504639,-18.972076,0</coordinates>
        </Point>
      </Placemark>
      <Placemark>
        <name>Ozonjuitji m'Bari - Month 7</name>
        <description>Waterhole: Ozonjuitji m'Bari, Month: 7, Time: 2010-07-07 16:20:00, Lon: 15.505892, Lat: -18.972786</description>
        <styleUrl>#month7_style</styleUrl>
        <Point>
          <coordinates>15.505892,-18.972786,0</coordinates>
        </Point>
      </Placemark>
      <Placemark>
        <name>Ozonjuitji m'Bari - Month 7</name>
        <description>Waterhole: Ozonjuitji m'Bari, Month: 7, Time: 2010-07-07 16:40:00, Lon: 15.505161, Lat: -18.974133</description>
        <styleUrl>#month7_style</styleUrl>
        <Point>
          <coordinates>15.505161,-18.974133,0</coordinates>
        </Point>
      </Placemark>
      <Placemark>
        <name>Ozonjuitji m'Bari - Month 7</name>
        <description>Waterhole: Ozonjuitji m'Bari, Month: 7, Time: 2010-07-07 17:00:00, Lon: 15.503600, Lat: -18.976536</description>
        <styleUrl>#month7_style</styleUrl>
        <Point>
          <coordinates>15.503600,-18.976536,0</coordinates>
        </Point>
      </Placemark>
      <Placemark>
        <name>Ozonjuitji m'Bari - Month 7</name>
        <description>Waterhole: Ozonjuitji m'Bari, Month: 7, Time: 2010-07-07 17:20:00, Lon: 15.506979, Lat: -18.978400</description>
        <styleUrl>#month7_style</styleUrl>
        <Point>
          <coordinates>15.506979,-18.978400,0</coordinates>
        </Point>
      </Placemark>
      <Placemark>
        <name>Ozonjuitji m'Bari - Month 7</name>
        <description>Waterhole: Ozonjuitji m'Bari, Month: 7, Time: 2010-07-08 19:00:00, Lon: 15.509070, Lat: -18.979336</description>
        <styleUrl>#month7_style</styleUrl>
        <Point>
          <coordinates>15.509070,-18.979336,0</coordinates>
        </Point>
      </Placemark>
      <Placemark>
        <name>Ozonjuitji m'Bari - Month 7</name>
        <description>Waterhole: Ozonjuitji m'Bari, Month: 7, Time: 2010-07-08 19:20:00, Lon: 15.506367, Lat: -18.978076</description>
        <styleUrl>#month7_style</styleUrl>
        <Point>
          <coordinates>15.506367,-18.978076,0</coordinates>
        </Point>
      </Placemark>
      <Placemark>
        <name>Ozonjuitji m'Bari - Month 7</name>
        <description>Waterhole: Ozonjuitji m'Bari, Month: 7, Time: 2010-07-08 19:40:00, Lon: 15.503578, Lat: -18.976522</description>
        <styleUrl>#month7_style</styleUrl>
        <Point>
          <coordinates>15.503578,-18.976522,0</coordinates>
        </Point>
      </Placemark>
      <Placemark>
        <name>Ozonjuitji m'Bari - Month 7</name>
        <description>Waterhole: Ozonjuitji m'Bari, Month: 7, Time: 2010-07-08 20:00:00, Lon: 15.498612, Lat: -18.975391</description>
        <styleUrl>#month7_style</styleUrl>
        <Point>
          <coordinates>15.498612,-18.975391,0</coordinates>
        </Point>
      </Placemark>
      <Placemark>
        <name>Ozonjuitji m'Bari - Month 7</name>
        <description>Waterhole: Ozonjuitji m'Bari, Month: 7, Time: 2010-07-09 17:20:00, Lon: 15.498352, Lat: -18.977055</description>
        <styleUrl>#month7_style</styleUrl>
        <Point>
          <coordinates>15.498352,-18.977055,0</coordinates>
        </Point>
      </Placemark>
      <Placemark>
        <name>Ozonjuitji m'Bari - Month 7</name>
        <description>Waterhole: Ozonjuitji m'Bari, Month: 7, Time: 2010-07-09 17:40:00, Lon: 15.503613, Lat: -18.976485</description>
        <styleUrl>#month7_style</styleUrl>
        <Point>
          <coordinates>15.503613,-18.976485,0</coordinates>
        </Point>
      </Placemark>
      <Placemark>
        <name>Ozonjuitji m'Bari - Month 7</name>
        <description>Waterhole: Ozonjuitji m'Bari, Month: 7, Time: 2010-07-09 18:00:00, Lon: 15.503600, Lat: -18.976540</description>
        <styleUrl>#month7_style</styleUrl>
        <Point>
          <coordinates>15.503600,-18.976540,0</coordinates>
        </Point>
      </Placemark>
      <Placemark>
        <name>Ozonjuitji m'Bari - Month 7</name>
        <description>Waterhole: Ozonjuitji m'Bari, Month: 7, Time: 2010-07-09 18:20:00, Lon: 15.503625, Lat: -18.976617</description>
        <styleUrl>#month7_style</styleUrl>
        <Point>
          <coordinates>15.503625,-18.976617,0</coordinates>
        </Point>
      </Placemark>
      <Placemark>
        <name>Ozonjuitji m'Bari - Month 7</name>
        <description>Waterhole: Ozonjuitji m'Bari, Month: 7, Time: 2010-07-09 18:40:00, Lon: 15.503611, Lat: -18.976567</description>
        <styleUrl>#month7_style</styleUrl>
        <Point>
          <coordinates>15.503611,-18.976567,0</coordinates>
        </Point>
      </Placemark>
      <Placemark>
        <name>Ozonjuitji m'Bari - Month 7</name>
        <description>Waterhole: Ozonjuitji m'Bari, Month: 7, Time: 2010-07-09 19:00:00, Lon: 15.501079, Lat: -18.977452</description>
        <styleUrl>#month7_style</styleUrl>
        <Point>
          <coordinates>15.501079,-18.977452,0</coordinates>
        </Point>
      </Placemark>
      <Placemark>
        <name>Ozonjuitji m'Bari - Month 7</name>
        <description>Waterhole: Ozonjuitji m'Bari, Month: 7, Time: 2010-07-09 19:20:00, Lon: 15.497374, Lat: -18.980817</description>
        <styleUrl>#month7_style</styleUrl>
        <Point>
          <coordinates>15.497374,-18.980817,0</coordinates>
        </Point>
      </Placemark>
      <Placemark>
        <name>Ozonjuitji m'Bari - Month 7</name>
        <description>Waterhole: Ozonjuitji m'Bari, Month: 7, Time: 2010-07-10 16:40:00, Lon: 15.494166, Lat: -18.975905</description>
        <styleUrl>#month7_style</styleUrl>
        <Point>
          <coordinates>15.494166,-18.975905,0</coordinates>
        </Point>
      </Placemark>
      <Placemark>
        <name>Ozonjuitji m'Bari - Month 7</name>
        <description>Waterhole: Ozonjuitji m'Bari, Month: 7, Time: 2010-07-10 17:00:00, Lon: 15.494647, Lat: -18.975478</description>
        <styleUrl>#month7_style</styleUrl>
        <Point>
          <coordinates>15.494647,-18.975478,0</coordinates>
        </Point>
      </Placemark>
      <Placemark>
        <name>Ozonjuitji m'Bari - Month 7</name>
        <description>Waterhole: Ozonjuitji m'Bari, Month: 7, Time: 2010-07-10 17:20:00, Lon: 15.495329, Lat: -18.975509</description>
        <styleUrl>#month7_style</styleUrl>
        <Point>
          <coordinates>15.495329,-18.975509,0</coordinates>
        </Point>
      </Placemark>
      <Placemark>
        <name>Ozonjuitji m'Bari - Month 7</name>
        <description>Waterhole: Ozonjuitji m'Bari, Month: 7, Time: 2010-07-10 17:40:00, Lon: 15.498303, Lat: -18.975323</description>
        <styleUrl>#month7_style</styleUrl>
        <Point>
          <coordinates>15.498303,-18.975323,0</coordinates>
        </Point>
      </Placemark>
      <Placemark>
        <name>Ozonjuitji m'Bari - Month 7</name>
        <description>Waterhole: Ozonjuitji m'Bari, Month: 7, Time: 2010-07-10 18:00:00, Lon: 15.498293, Lat: -18.975366</description>
        <styleUrl>#month7_style</styleUrl>
        <Point>
          <coordinates>15.498293,-18.975366,0</coordinates>
        </Point>
      </Placemark>
      <Placemark>
        <name>Ozonjuitji m'Bari - Month 7</name>
        <description>Waterhole: Ozonjuitji m'Bari, Month: 7, Time: 2010-07-10 18:20:00, Lon: 15.499246, Lat: -18.975625</description>
        <styleUrl>#month7_style</styleUrl>
        <Point>
          <coordinates>15.499246,-18.975625,0</coordinates>
        </Point>
      </Placemark>
      <Placemark>
        <name>Ozonjuitji m'Bari - Month 7</name>
        <description>Waterhole: Ozonjuitji m'Bari, Month: 7, Time: 2010-07-10 18:40:00, Lon: 15.499498, Lat: -18.975777</description>
        <styleUrl>#month7_style</styleUrl>
        <Point>
          <coordinates>15.499498,-18.975777,0</coordinates>
        </Point>
      </Placemark>
      <Placemark>
        <name>Ozonjuitji m'Bari - Month 7</name>
        <description>Waterhole: Ozonjuitji m'Bari, Month: 7, Time: 2010-07-10 19:00:00, Lon: 15.501391, Lat: -18.976215</description>
        <styleUrl>#month7_style</styleUrl>
        <Point>
          <coordinates>15.501391,-18.976215,0</coordinates>
        </Point>
      </Placemark>
      <Placemark>
        <name>Ozonjuitji m'Bari - Month 7</name>
        <description>Waterhole: Ozonjuitji m'Bari, Month: 7, Time: 2010-07-10 19:20:00, Lon: 15.503610, Lat: -18.976540</description>
        <styleUrl>#month7_style</styleUrl>
        <Point>
          <coordinates>15.503610,-18.976540,0</coordinates>
        </Point>
      </Placemark>
      <Placemark>
        <name>Ozonjuitji m'Bari - Month 7</name>
        <description>Waterhole: Ozonjuitji m'Bari, Month: 7, Time: 2010-07-10 19:40:00, Lon: 15.503665, Lat: -18.976508</description>
        <styleUrl>#month7_style</styleUrl>
        <Point>
          <coordinates>15.503665,-18.976508,0</coordinates>
        </Point>
      </Placemark>
      <Placemark>
        <name>Ozonjuitji m'Bari - Month 7</name>
        <description>Waterhole: Ozonjuitji m'Bari, Month: 7, Time: 2010-07-10 20:00:00, Lon: 15.503664, Lat: -18.976556</description>
        <styleUrl>#month7_style</styleUrl>
        <Point>
          <coordinates>15.503664,-18.976556,0</coordinates>
        </Point>
      </Placemark>
      <Placemark>
        <name>Ozonjuitji m'Bari - Month 7</name>
        <description>Waterhole: Ozonjuitji m'Bari, Month: 7, Time: 2010-07-10 20:20:00, Lon: 15.503612, Lat: -18.976552</description>
        <styleUrl>#month7_style</styleUrl>
        <Point>
          <coordinates>15.503612,-18.976552,0</coordinates>
        </Point>
      </Placemark>
      <Placemark>
        <name>Ozonjuitji m'Bari - Month 7</name>
        <description>Waterhole: Ozonjuitji m'Bari, Month: 7, Time: 2010-07-10 20:40:00, Lon: 15.505160, Lat: -18.977399</description>
        <styleUrl>#month7_style</styleUrl>
        <Point>
          <coordinates>15.505160,-18.977399,0</coordinates>
        </Point>
      </Placemark>
      <Placemark>
        <name>Ozonjuitji m'Bari - Month 7</name>
        <description>Waterhole: Ozonjuitji m'Bari, Month: 7, Time: 2010-07-11 19:20:00, Lon: 15.508822, Lat: -18.979399</description>
        <styleUrl>#month7_style</styleUrl>
        <Point>
          <coordinates>15.508822,-18.979399,0</coordinates>
        </Point>
      </Placemark>
      <Placemark>
        <name>Ozonjuitji m'Bari - Month 7</name>
        <description>Waterhole: Ozonjuitji m'Bari, Month: 7, Time: 2010-07-11 19:40:00, Lon: 15.503116, Lat: -18.976776</description>
        <styleUrl>#month7_style</styleUrl>
        <Point>
          <coordinates>15.503116,-18.976776,0</coordinates>
        </Point>
      </Placemark>
      <Placemark>
        <name>Ozonjuitji m'Bari - Month 7</name>
        <description>Waterhole: Ozonjuitji m'Bari, Month: 7, Time: 2010-07-11 20:00:00, Lon: 15.502979, Lat: -18.976160</description>
        <styleUrl>#month7_style</styleUrl>
        <Point>
          <coordinates>15.502979,-18.976160,0</coordinates>
        </Point>
      </Placemark>
      <Placemark>
        <name>Ozonjuitji m'Bari - Month 7</name>
        <description>Waterhole: Ozonjuitji m'Bari, Month: 7, Time: 2010-07-11 20:20:00, Lon: 15.503011, Lat: -18.975704</description>
        <styleUrl>#month7_style</styleUrl>
        <Point>
          <coordinates>15.503011,-18.975704,0</coordinates>
        </Point>
      </Placemark>
      <Placemark>
        <name>Ozonjuitji m'Bari - Month 7</name>
        <description>Waterhole: Ozonjuitji m'Bari, Month: 7, Time: 2010-07-11 20:40:00, Lon: 15.503521, Lat: -18.976103</description>
        <styleUrl>#month7_style</styleUrl>
        <Point>
          <coordinates>15.503521,-18.976103,0</coordinates>
        </Point>
      </Placemark>
      <Placemark>
        <name>Ozonjuitji m'Bari - Month 7</name>
        <description>Waterhole: Ozonjuitji m'Bari, Month: 7, Time: 2010-07-11 21:00:00, Lon: 15.503826, Lat: -18.976040</description>
        <styleUrl>#month7_style</styleUrl>
        <Point>
          <coordinates>15.503826,-18.976040,0</coordinates>
        </Point>
      </Placemark>
      <Placemark>
        <name>Ozonjuitji m'Bari - Month 7</name>
        <description>Waterhole: Ozonjuitji m'Bari, Month: 7, Time: 2010-07-11 21:20:00, Lon: 15.503710, Lat: -18.976282</description>
        <styleUrl>#month7_style</styleUrl>
        <Point>
          <coordinates>15.503710,-18.976282,0</coordinates>
        </Point>
      </Placemark>
      <Placemark>
        <name>Ozonjuitji m'Bari - Month 7</name>
        <description>Waterhole: Ozonjuitji m'Bari, Month: 7, Time: 2010-07-11 21:40:00, Lon: 15.503619, Lat: -18.976524</description>
        <styleUrl>#month7_style</styleUrl>
        <Point>
          <coordinates>15.503619,-18.976524,0</coordinates>
        </Point>
      </Placemark>
      <Placemark>
        <name>Ozonjuitji m'Bari - Month 7</name>
        <description>Waterhole: Ozonjuitji m'Bari, Month: 7, Time: 2010-07-11 22:00:00, Lon: 15.503660, Lat: -18.976520</description>
        <styleUrl>#month7_style</styleUrl>
        <Point>
          <coordinates>15.503660,-18.976520,0</coordinates>
        </Point>
      </Placemark>
      <Placemark>
        <name>Ozonjuitji m'Bari - Month 7</name>
        <description>Waterhole: Ozonjuitji m'Bari, Month: 7, Time: 2010-07-11 22:20:00, Lon: 15.503633, Lat: -18.976510</description>
        <styleUrl>#month7_style</styleUrl>
        <Point>
          <coordinates>15.503633,-18.976510,0</coordinates>
        </Point>
      </Placemark>
      <Placemark>
        <name>Ozonjuitji m'Bari - Month 7</name>
        <description>Waterhole: Ozonjuitji m'Bari, Month: 7, Time: 2010-07-11 22:40:00, Lon: 15.503605, Lat: -18.976532</description>
        <styleUrl>#month7_style</styleUrl>
        <Point>
          <coordinates>15.503605,-18.976532,0</coordinates>
        </Point>
      </Placemark>
      <Placemark>
        <name>Ozonjuitji m'Bari - Month 7</name>
        <description>Waterhole: Ozonjuitji m'Bari, Month: 7, Time: 2010-07-11 23:00:00, Lon: 15.501109, Lat: -18.974382</description>
        <styleUrl>#month7_style</styleUrl>
        <Point>
          <coordinates>15.501109,-18.974382,0</coordinates>
        </Point>
      </Placemark>
      <Placemark>
        <name>Ozonjuitji m'Bari - Month 7</name>
        <description>Waterhole: Ozonjuitji m'Bari, Month: 7, Time: 2010-07-11 23:20:00, Lon: 15.498640, Lat: -18.971724</description>
        <styleUrl>#month7_style</styleUrl>
        <Point>
          <coordinates>15.498640,-18.971724,0</coordinates>
        </Point>
      </Placemark>
      <Placemark>
        <name>Ozonjuitji m'Bari - Month 7</name>
        <description>Waterhole: Ozonjuitji m'Bari, Month: 7, Time: 2010-07-11 23:40:00, Lon: 15.498250, Lat: -18.971041</description>
        <styleUrl>#month7_style</styleUrl>
        <Point>
          <coordinates>15.498250,-18.971041,0</coordinates>
        </Point>
      </Placemark>
      <Placemark>
        <name>Ozonjuitji m'Bari - Month 7</name>
        <description>Waterhole: Ozonjuitji m'Bari, Month: 7, Time: 2010-07-12 00:00:00, Lon: 15.497482, Lat: -18.971035</description>
        <styleUrl>#month7_style</styleUrl>
        <Point>
          <coordinates>15.497482,-18.971035,0</coordinates>
        </Point>
      </Placemark>
      <Placemark>
        <name>Ozonjuitji m'Bari - Month 7</name>
        <description>Waterhole: Ozonjuitji m'Bari, Month: 7, Time: 2010-07-12 00:20:00, Lon: 15.496728, Lat: -18.971377</description>
        <styleUrl>#month7_style</styleUrl>
        <Point>
          <coordinates>15.496728,-18.971377,0</coordinates>
        </Point>
      </Placemark>
      <Placemark>
        <name>Ozonjuitji m'Bari - Month 7</name>
        <description>Waterhole: Ozonjuitji m'Bari, Month: 7, Time: 2010-07-12 00:40:00, Lon: 15.496355, Lat: -18.971092</description>
        <styleUrl>#month7_style</styleUrl>
        <Point>
          <coordinates>15.496355,-18.971092,0</coordinates>
        </Point>
      </Placemark>
      <Placemark>
        <name>Ozonjuitji m'Bari - Month 7</name>
        <description>Waterhole: Ozonjuitji m'Bari, Month: 7, Time: 2010-07-12 18:20:00, Lon: 15.500241, Lat: -18.969655</description>
        <styleUrl>#month7_style</styleUrl>
        <Point>
          <coordinates>15.500241,-18.969655,0</coordinates>
        </Point>
      </Placemark>
      <Placemark>
        <name>Ozonjuitji m'Bari - Month 7</name>
        <description>Waterhole: Ozonjuitji m'Bari, Month: 7, Time: 2010-07-12 18:40:00, Lon: 15.500904, Lat: -18.972076</description>
        <styleUrl>#month7_style</styleUrl>
        <Point>
          <coordinates>15.500904,-18.972076,0</coordinates>
        </Point>
      </Placemark>
      <Placemark>
        <name>Ozonjuitji m'Bari - Month 7</name>
        <description>Waterhole: Ozonjuitji m'Bari, Month: 7, Time: 2010-07-12 19:00:00, Lon: 15.503367, Lat: -18.976406</description>
        <styleUrl>#month7_style</styleUrl>
        <Point>
          <coordinates>15.503367,-18.976406,0</coordinates>
        </Point>
      </Placemark>
      <Placemark>
        <name>Ozonjuitji m'Bari - Month 7</name>
        <description>Waterhole: Ozonjuitji m'Bari, Month: 7, Time: 2010-07-12 19:20:00, Lon: 15.503624, Lat: -18.976678</description>
        <styleUrl>#month7_style</styleUrl>
        <Point>
          <coordinates>15.503624,-18.976678,0</coordinates>
        </Point>
      </Placemark>
      <Placemark>
        <name>Ozonjuitji m'Bari - Month 7</name>
        <description>Waterhole: Ozonjuitji m'Bari, Month: 7, Time: 2010-07-12 19:40:00, Lon: 15.503561, Lat: -18.976727</description>
        <styleUrl>#month7_style</styleUrl>
        <Point>
          <coordinates>15.503561,-18.976727,0</coordinates>
        </Point>
      </Placemark>
      <Placemark>
        <name>Ozonjuitji m'Bari - Month 7</name>
        <description>Waterhole: Ozonjuitji m'Bari, Month: 7, Time: 2010-07-12 20:00:00, Lon: 15.502966, Lat: -18.976778</description>
        <styleUrl>#month7_style</styleUrl>
        <Point>
          <coordinates>15.502966,-18.976778,0</coordinates>
        </Point>
      </Placemark>
      <Placemark>
        <name>Ozonjuitji m'Bari - Month 7</name>
        <description>Waterhole: Ozonjuitji m'Bari, Month: 7, Time: 2010-07-12 20:20:00, Lon: 15.503689, Lat: -18.976626</description>
        <styleUrl>#month7_style</styleUrl>
        <Point>
          <coordinates>15.503689,-18.976626,0</coordinates>
        </Point>
      </Placemark>
      <Placemark>
        <name>Ozonjuitji m'Bari - Month 7</name>
        <description>Waterhole: Ozonjuitji m'Bari, Month: 7, Time: 2010-07-12 20:40:00, Lon: 15.499688, Lat: -18.977336</description>
        <styleUrl>#month7_style</styleUrl>
        <Point>
          <coordinates>15.499688,-18.977336,0</coordinates>
        </Point>
      </Placemark>
      <Placemark>
        <name>Sonderkop waterhole - Month 7</name>
        <description>Waterhole: Sonderkop waterhole, Month: 7, Time: 2010-07-13 15:40:00, Lon: 15.330792, Lat: -18.968235</description>
        <styleUrl>#month7_style</styleUrl>
        <Point>
          <coordinates>15.330792,-18.968235,0</coordinates>
        </Point>
      </Placemark>
      <Placemark>
        <name>Sonderkop waterhole - Month 7</name>
        <description>Waterhole: Sonderkop waterhole, Month: 7, Time: 2010-07-13 16:00:00, Lon: 15.328195, Lat: -18.968964</description>
        <styleUrl>#month7_style</styleUrl>
        <Point>
          <coordinates>15.328195,-18.968964,0</coordinates>
        </Point>
      </Placemark>
      <Placemark>
        <name>Sonderkop waterhole - Month 7</name>
        <description>Waterhole: Sonderkop waterhole, Month: 7, Time: 2010-07-13 16:20:00, Lon: 15.328124, Lat: -18.968955</description>
        <styleUrl>#month7_style</styleUrl>
        <Point>
          <coordinates>15.328124,-18.968955,0</coordinates>
        </Point>
      </Placemark>
      <Placemark>
        <name>Sonderkop waterhole - Month 7</name>
        <description>Waterhole: Sonderkop waterhole, Month: 7, Time: 2010-07-13 16:40:00, Lon: 15.328116, Lat: -18.968945</description>
        <styleUrl>#month7_style</styleUrl>
        <Point>
          <coordinates>15.328116,-18.968945,0</coordinates>
        </Point>
      </Placemark>
      <Placemark>
        <name>Sonderkop waterhole - Month 7</name>
        <description>Waterhole: Sonderkop waterhole, Month: 7, Time: 2010-07-13 17:00:00, Lon: 15.328194, Lat: -18.968962</description>
        <styleUrl>#month7_style</styleUrl>
        <Point>
          <coordinates>15.328194,-18.968962,0</coordinates>
        </Point>
      </Placemark>
      <Placemark>
        <name>Sonderkop waterhole - Month 7</name>
        <description>Waterhole: Sonderkop waterhole, Month: 7, Time: 2010-07-13 17:20:00, Lon: 15.323049, Lat: -18.971792</description>
        <styleUrl>#month7_style</styleUrl>
        <Point>
          <coordinates>15.323049,-18.971792,0</coordinates>
        </Point>
      </Placemark>
      <Placemark>
        <name>Sonderkop waterhole - Month 7</name>
        <description>Waterhole: Sonderkop waterhole, Month: 7, Time: 2010-07-13 17:40:00, Lon: 15.320488, Lat: -18.973214</description>
        <styleUrl>#month7_style</styleUrl>
        <Point>
          <coordinates>15.320488,-18.973214,0</coordinates>
        </Point>
      </Placemark>
      <Placemark>
        <name>Duiwelsvuur - Month 7</name>
        <description>Waterhole: Duiwelsvuur, Month: 7, Time: 2010-07-14 09:40:00, Lon: 15.266195, Lat: -18.987907</description>
        <styleUrl>#month7_style</styleUrl>
        <Point>
          <coordinates>15.266195,-18.987907,0</coordinates>
        </Point>
      </Placemark>
      <Placemark>
        <name>Duiwelsvuur - Month 7</name>
        <description>Waterhole: Duiwelsvuur, Month: 7, Time: 2010-07-14 10:00:00, Lon: 15.259696, Lat: -18.987649</description>
        <styleUrl>#month7_style</styleUrl>
        <Point>
          <coordinates>15.259696,-18.987649,0</coordinates>
        </Point>
      </Placemark>
      <Placemark>
        <name>Duiwelsvuur - Month 7</name>
        <description>Waterhole: Duiwelsvuur, Month: 7, Time: 2010-07-14 10:20:00, Lon: 15.259640, Lat: -18.987699</description>
        <styleUrl>#month7_style</styleUrl>
        <Point>
          <coordinates>15.259640,-18.987699,0</coordinates>
        </Point>
      </Placemark>
      <Placemark>
        <name>Duiwelsvuur - Month 7</name>
        <description>Waterhole: Duiwelsvuur, Month: 7, Time: 2010-07-14 10:40:00, Lon: 15.259693, Lat: -18.987718</description>
        <styleUrl>#month7_style</styleUrl>
        <Point>
          <coordinates>15.259693,-18.987718,0</coordinates>
        </Point>
      </Placemark>
      <Placemark>
        <name>Duiwelsvuur - Month 7</name>
        <description>Waterhole: Duiwelsvuur, Month: 7, Time: 2010-07-14 11:00:00, Lon: 15.259897, Lat: -18.987921</description>
        <styleUrl>#month7_style</styleUrl>
        <Point>
          <coordinates>15.259897,-18.987921,0</coordinates>
        </Point>
      </Placemark>
      <Placemark>
        <name>Duiwelsvuur - Month 7</name>
        <description>Waterhole: Duiwelsvuur, Month: 7, Time: 2010-07-14 11:20:00, Lon: 15.259901, Lat: -18.987931</description>
        <styleUrl>#month7_style</styleUrl>
        <Point>
          <coordinates>15.259901,-18.987931,0</coordinates>
        </Point>
      </Placemark>
      <Placemark>
        <name>Duiwelsvuur - Month 7</name>
        <description>Waterhole: Duiwelsvuur, Month: 7, Time: 2010-07-14 11:40:00, Lon: 15.259796, Lat: -18.987679</description>
        <styleUrl>#month7_style</styleUrl>
        <Point>
          <coordinates>15.259796,-18.987679,0</coordinates>
        </Point>
      </Placemark>
      <Placemark>
        <name>Duiwelsvuur - Month 7</name>
        <description>Waterhole: Duiwelsvuur, Month: 7, Time: 2010-07-14 12:00:00, Lon: 15.261849, Lat: -18.988629</description>
        <styleUrl>#month7_style</styleUrl>
        <Point>
          <coordinates>15.261849,-18.988629,0</coordinates>
        </Point>
      </Placemark>
      <Placemark>
        <name>Duiwelsvuur - Month 7</name>
        <description>Waterhole: Duiwelsvuur, Month: 7, Time: 2010-07-14 12:20:00, Lon: 15.264465, Lat: -18.990342</description>
        <styleUrl>#month7_style</styleUrl>
        <Point>
          <coordinates>15.264465,-18.990342,0</coordinates>
        </Point>
      </Placemark>
      <Placemark>
        <name>Duiwelsvuur - Month 7</name>
        <description>Waterhole: Duiwelsvuur, Month: 7, Time: 2010-07-14 12:40:00, Lon: 15.265488, Lat: -18.990668</description>
        <styleUrl>#month7_style</styleUrl>
        <Point>
          <coordinates>15.265488,-18.990668,0</coordinates>
        </Point>
      </Placemark>
      <Placemark>
        <name>Duiwelsvuur - Month 7</name>
        <description>Waterhole: Duiwelsvuur, Month: 7, Time: 2010-07-14 13:00:00, Lon: 15.265465, Lat: -18.990592</description>
        <styleUrl>#month7_style</styleUrl>
        <Point>
          <coordinates>15.265465,-18.990592,0</coordinates>
        </Point>
      </Placemark>
      <Placemark>
        <name>Duiwelsvuur - Month 7</name>
        <description>Waterhole: Duiwelsvuur, Month: 7, Time: 2010-07-14 13:40:00, Lon: 15.266125, Lat: -18.990574</description>
        <styleUrl>#month7_style</styleUrl>
        <Point>
          <coordinates>15.266125,-18.990574,0</coordinates>
        </Point>
      </Placemark>
      <Placemark>
        <name>Duiwelsvuur - Month 7</name>
        <description>Waterhole: Duiwelsvuur, Month: 7, Time: 2010-07-14 14:00:00, Lon: 15.266141, Lat: -18.990302</description>
        <styleUrl>#month7_style</styleUrl>
        <Point>
          <coordinates>15.266141,-18.990302,0</coordinates>
        </Point>
      </Placemark>
      <Placemark>
        <name>Duiwelsvuur - Month 7</name>
        <description>Waterhole: Duiwelsvuur, Month: 7, Time: 2010-07-14 14:20:00, Lon: 15.265822, Lat: -18.990072</description>
        <styleUrl>#month7_style</styleUrl>
        <Point>
          <coordinates>15.265822,-18.990072,0</coordinates>
        </Point>
      </Placemark>
      <Placemark>
        <name>Duiwelsvuur - Month 7</name>
        <description>Waterhole: Duiwelsvuur, Month: 7, Time: 2010-07-14 14:40:00, Lon: 15.265811, Lat: -18.990074</description>
        <styleUrl>#month7_style</styleUrl>
        <Point>
          <coordinates>15.265811,-18.990074,0</coordinates>
        </Point>
      </Placemark>
      <Placemark>
        <name>Duiwelsvuur - Month 7</name>
        <description>Waterhole: Duiwelsvuur, Month: 7, Time: 2010-07-14 15:00:00, Lon: 15.264729, Lat: -18.989856</description>
        <styleUrl>#month7_style</styleUrl>
        <Point>
          <coordinates>15.264729,-18.989856,0</coordinates>
        </Point>
      </Placemark>
      <Placemark>
        <name>Duiwelsvuur - Month 7</name>
        <description>Waterhole: Duiwelsvuur, Month: 7, Time: 2010-07-14 15:20:00, Lon: 15.263812, Lat: -18.989610</description>
        <styleUrl>#month7_style</styleUrl>
        <Point>
          <coordinates>15.263812,-18.989610,0</coordinates>
        </Point>
      </Placemark>
      <Placemark>
        <name>Duiwelsvuur - Month 7</name>
        <description>Waterhole: Duiwelsvuur, Month: 7, Time: 2010-07-14 15:40:00, Lon: 15.263426, Lat: -18.989459</description>
        <styleUrl>#month7_style</styleUrl>
        <Point>
          <coordinates>15.263426,-18.989459,0</coordinates>
        </Point>
      </Placemark>
      <Placemark>
        <name>Duiwelsvuur - Month 7</name>
        <description>Waterhole: Duiwelsvuur, Month: 7, Time: 2010-07-14 16:00:00, Lon: 15.262962, Lat: -18.989301</description>
        <styleUrl>#month7_style</styleUrl>
        <Point>
          <coordinates>15.262962,-18.989301,0</coordinates>
        </Point>
      </Placemark>
      <Placemark>
        <name>Duiwelsvuur - Month 7</name>
        <description>Waterhole: Duiwelsvuur, Month: 7, Time: 2010-07-14 16:20:00, Lon: 15.262834, Lat: -18.989185</description>
        <styleUrl>#month7_style</styleUrl>
        <Point>
          <coordinates>15.262834,-18.989185,0</coordinates>
        </Point>
      </Placemark>
      <Placemark>
        <name>Duiwelsvuur - Month 7</name>
        <description>Waterhole: Duiwelsvuur, Month: 7, Time: 2010-07-14 16:40:00, Lon: 15.262541, Lat: -18.988920</description>
        <styleUrl>#month7_style</styleUrl>
        <Point>
          <coordinates>15.262541,-18.988920,0</coordinates>
        </Point>
      </Placemark>
      <Placemark>
        <name>Duiwelsvuur - Month 7</name>
        <description>Waterhole: Duiwelsvuur, Month: 7, Time: 2010-07-14 17:00:00, Lon: 15.261727, Lat: -18.988542</description>
        <styleUrl>#month7_style</styleUrl>
        <Point>
          <coordinates>15.261727,-18.988542,0</coordinates>
        </Point>
      </Placemark>
      <Placemark>
        <name>Duiwelsvuur - Month 7</name>
        <description>Waterhole: Duiwelsvuur, Month: 7, Time: 2010-07-14 17:20:00, Lon: 15.260866, Lat: -18.988485</description>
        <styleUrl>#month7_style</styleUrl>
        <Point>
          <coordinates>15.260866,-18.988485,0</coordinates>
        </Point>
      </Placemark>
      <Placemark>
        <name>Duiwelsvuur - Month 7</name>
        <description>Waterhole: Duiwelsvuur, Month: 7, Time: 2010-07-14 17:40:00, Lon: 15.264220, Lat: -18.994716</description>
        <styleUrl>#month7_style</styleUrl>
        <Point>
          <coordinates>15.264220,-18.994716,0</coordinates>
        </Point>
      </Placemark>
      <Placemark>
        <name>Duiwelsvuur - Month 7</name>
        <description>Waterhole: Duiwelsvuur, Month: 7, Time: 2010-07-15 11:00:00, Lon: 15.259671, Lat: -18.994409</description>
        <styleUrl>#month7_style</styleUrl>
        <Point>
          <coordinates>15.259671,-18.994409,0</coordinates>
        </Point>
      </Placemark>
      <Placemark>
        <name>Duiwelsvuur - Month 7</name>
        <description>Waterhole: Duiwelsvuur, Month: 7, Time: 2010-07-15 11:20:00, Lon: 15.259740, Lat: -18.987622</description>
        <styleUrl>#month7_style</styleUrl>
        <Point>
          <coordinates>15.259740,-18.987622,0</coordinates>
        </Point>
      </Placemark>
      <Placemark>
        <name>Duiwelsvuur - Month 7</name>
        <description>Waterhole: Duiwelsvuur, Month: 7, Time: 2010-07-15 11:40:00, Lon: 15.259718, Lat: -18.987638</description>
        <styleUrl>#month7_style</styleUrl>
        <Point>
          <coordinates>15.259718,-18.987638,0</coordinates>
        </Point>
      </Placemark>
      <Placemark>
        <name>Duiwelsvuur - Month 7</name>
        <description>Waterhole: Duiwelsvuur, Month: 7, Time: 2010-07-15 12:00:00, Lon: 15.259727, Lat: -18.987644</description>
        <styleUrl>#month7_style</styleUrl>
        <Point>
          <coordinates>15.259727,-18.987644,0</coordinates>
        </Point>
      </Placemark>
      <Placemark>
        <name>Duiwelsvuur - Month 7</name>
        <description>Waterhole: Duiwelsvuur, Month: 7, Time: 2010-07-15 12:20:00, Lon: 15.259715, Lat: -18.987649</description>
        <styleUrl>#month7_style</styleUrl>
        <Point>
          <coordinates>15.259715,-18.987649,0</coordinates>
        </Point>
      </Placemark>
      <Placemark>
        <name>Duiwelsvuur - Month 7</name>
        <description>Waterhole: Duiwelsvuur, Month: 7, Time: 2010-07-15 12:40:00, Lon: 15.259747, Lat: -18.987653</description>
        <styleUrl>#month7_style</styleUrl>
        <Point>
          <coordinates>15.259747,-18.987653,0</coordinates>
        </Point>
      </Placemark>
      <Placemark>
        <name>Duiwelsvuur - Month 7</name>
        <description>Waterhole: Duiwelsvuur, Month: 7, Time: 2010-07-15 13:00:00, Lon: 15.259071, Lat: -18.985984</description>
        <styleUrl>#month7_style</styleUrl>
        <Point>
          <coordinates>15.259071,-18.985984,0</coordinates>
        </Point>
      </Placemark>
      <Placemark>
        <name>Duiwelsvuur - Month 7</name>
        <description>Waterhole: Duiwelsvuur, Month: 7, Time: 2010-07-15 13:20:00, Lon: 15.259569, Lat: -18.985012</description>
        <styleUrl>#month7_style</styleUrl>
        <Point>
          <coordinates>15.259569,-18.985012,0</coordinates>
        </Point>
      </Placemark>
      <Placemark>
        <name>Duiwelsvuur - Month 7</name>
        <description>Waterhole: Duiwelsvuur, Month: 7, Time: 2010-07-15 13:40:00, Lon: 15.259186, Lat: -18.984373</description>
        <styleUrl>#month7_style</styleUrl>
        <Point>
          <coordinates>15.259186,-18.984373,0</coordinates>
        </Point>
      </Placemark>
      <Placemark>
        <name>Duiwelsvuur - Month 7</name>
        <description>Waterhole: Duiwelsvuur, Month: 7, Time: 2010-07-15 14:00:00, Lon: 15.258894, Lat: -18.983266</description>
        <styleUrl>#month7_style</styleUrl>
        <Point>
          <coordinates>15.258894,-18.983266,0</coordinates>
        </Point>
      </Placemark>
      <Placemark>
        <name>Duiwelsvuur - Month 7</name>
        <description>Waterhole: Duiwelsvuur, Month: 7, Time: 2010-07-15 14:20:00, Lon: 15.258962, Lat: -18.983162</description>
        <styleUrl>#month7_style</styleUrl>
        <Point>
          <coordinates>15.258962,-18.983162,0</coordinates>
        </Point>
      </Placemark>
      <Placemark>
        <name>Duiwelsvuur - Month 7</name>
        <description>Waterhole: Duiwelsvuur, Month: 7, Time: 2010-07-15 14:40:00, Lon: 15.258876, Lat: -18.983008</description>
        <styleUrl>#month7_style</styleUrl>
        <Point>
          <coordinates>15.258876,-18.983008,0</coordinates>
        </Point>
      </Placemark>
      <Placemark>
        <name>Duiwelsvuur - Month 7</name>
        <description>Waterhole: Duiwelsvuur, Month: 7, Time: 2010-07-15 15:00:00, Lon: 15.258553, Lat: -18.982511</description>
        <styleUrl>#month7_style</styleUrl>
        <Point>
          <coordinates>15.258553,-18.982511,0</coordinates>
        </Point>
      </Placemark>
      <Placemark>
        <name>Duiwelsvuur - Month 7</name>
        <description>Waterhole: Duiwelsvuur, Month: 7, Time: 2010-07-15 15:20:00, Lon: 15.258256, Lat: -18.982184</description>
        <styleUrl>#month7_style</styleUrl>
        <Point>
          <coordinates>15.258256,-18.982184,0</coordinates>
        </Point>
      </Placemark>
      <Placemark>
        <name>Duiwelsvuur - Month 7</name>
        <description>Waterhole: Duiwelsvuur, Month: 7, Time: 2010-07-15 15:40:00, Lon: 15.258044, Lat: -18.981889</description>
        <styleUrl>#month7_style</styleUrl>
        <Point>
          <coordinates>15.258044,-18.981889,0</coordinates>
        </Point>
      </Placemark>
      <Placemark>
        <name>Duiwelsvuur - Month 7</name>
        <description>Waterhole: Duiwelsvuur, Month: 7, Time: 2010-07-15 16:00:00, Lon: 15.258359, Lat: -18.981185</description>
        <styleUrl>#month7_style</styleUrl>
        <Point>
          <coordinates>15.258359,-18.981185,0</coordinates>
        </Point>
      </Placemark>
      <Placemark>
        <name>Duiwelsvuur - Month 7</name>
        <description>Waterhole: Duiwelsvuur, Month: 7, Time: 2010-07-15 16:20:00, Lon: 15.257629, Lat: -18.980153</description>
        <styleUrl>#month7_style</styleUrl>
        <Point>
          <coordinates>15.257629,-18.980153,0</coordinates>
        </Point>
      </Placemark>
      <Placemark>
        <name>Duiwelsvuur - Month 7</name>
        <description>Waterhole: Duiwelsvuur, Month: 7, Time: 2010-07-16 15:20:00, Lon: 15.262613, Lat: -18.980192</description>
        <styleUrl>#month7_style</styleUrl>
        <Point>
          <coordinates>15.262613,-18.980192,0</coordinates>
        </Point>
      </Placemark>
      <Placemark>
        <name>Duiwelsvuur - Month 7</name>
        <description>Waterhole: Duiwelsvuur, Month: 7, Time: 2010-07-16 15:40:00, Lon: 15.260539, Lat: -18.984613</description>
        <styleUrl>#month7_style</styleUrl>
        <Point>
          <coordinates>15.260539,-18.984613,0</coordinates>
        </Point>
      </Placemark>
      <Placemark>
        <name>Duiwelsvuur - Month 7</name>
        <description>Waterhole: Duiwelsvuur, Month: 7, Time: 2010-07-16 16:00:00, Lon: 15.259713, Lat: -18.987659</description>
        <styleUrl>#month7_style</styleUrl>
        <Point>
          <coordinates>15.259713,-18.987659,0</coordinates>
        </Point>
      </Placemark>
      <Placemark>
        <name>Duiwelsvuur - Month 7</name>
        <description>Waterhole: Duiwelsvuur, Month: 7, Time: 2010-07-16 16:20:00, Lon: 15.259733, Lat: -18.987754</description>
        <styleUrl>#month7_style</styleUrl>
        <Point>
          <coordinates>15.259733,-18.987754,0</coordinates>
        </Point>
      </Placemark>
      <Placemark>
        <name>Duiwelsvuur - Month 7</name>
        <description>Waterhole: Duiwelsvuur, Month: 7, Time: 2010-07-16 16:40:00, Lon: 15.263558, Lat: -18.987028</description>
        <styleUrl>#month7_style</styleUrl>
        <Point>
          <coordinates>15.263558,-18.987028,0</coordinates>
        </Point>
      </Placemark>
      <Placemark>
        <name>Sonderkop waterhole - Month 7</name>
        <description>Waterhole: Sonderkop waterhole, Month: 7, Time: 2010-07-16 19:20:00, Lon: 15.323983, Lat: -18.968986</description>
        <styleUrl>#month7_style</styleUrl>
        <Point>
          <coordinates>15.323983,-18.968986,0</coordinates>
        </Point>
      </Placemark>
      <Placemark>
        <name>Sonderkop waterhole - Month 7</name>
        <description>Waterhole: Sonderkop waterhole, Month: 7, Time: 2010-07-16 19:40:00, Lon: 15.328191, Lat: -18.968972</description>
        <styleUrl>#month7_style</styleUrl>
        <Point>
          <coordinates>15.328191,-18.968972,0</coordinates>
        </Point>
      </Placemark>
      <Placemark>
        <name>Sonderkop waterhole - Month 7</name>
        <description>Waterhole: Sonderkop waterhole, Month: 7, Time: 2010-07-16 20:00:00, Lon: 15.328284, Lat: -18.969139</description>
        <styleUrl>#month7_style</styleUrl>
        <Point>
          <coordinates>15.328284,-18.969139,0</coordinates>
        </Point>
      </Placemark>
      <Placemark>
        <name>Sonderkop waterhole - Month 7</name>
        <description>Waterhole: Sonderkop waterhole, Month: 7, Time: 2010-07-16 20:20:00, Lon: 15.328647, Lat: -18.969840</description>
        <styleUrl>#month7_style</styleUrl>
        <Point>
          <coordinates>15.328647,-18.969840,0</coordinates>
        </Point>
      </Placemark>
      <Placemark>
        <name>Sonderkop waterhole - Month 7</name>
        <description>Waterhole: Sonderkop waterhole, Month: 7, Time: 2010-07-16 20:40:00, Lon: 15.330234, Lat: -18.971635</description>
        <styleUrl>#month7_style</styleUrl>
        <Point>
          <coordinates>15.330234,-18.971635,0</coordinates>
        </Point>
      </Placemark>
      <Placemark>
        <name>Sonderkop waterhole - Month 7</name>
        <description>Waterhole: Sonderkop waterhole, Month: 7, Time: 2010-07-16 21:00:00, Lon: 15.330532, Lat: -18.972642</description>
        <styleUrl>#month7_style</styleUrl>
        <Point>
          <coordinates>15.330532,-18.972642,0</coordinates>
        </Point>
      </Placemark>
      <Placemark>
        <name>Sonderkop waterhole - Month 7</name>
        <description>Waterhole: Sonderkop waterhole, Month: 7, Time: 2010-07-16 21:20:00, Lon: 15.330894, Lat: -18.974133</description>
        <styleUrl>#month7_style</styleUrl>
        <Point>
          <coordinates>15.330894,-18.974133,0</coordinates>
        </Point>
      </Placemark>
      <Placemark>
        <name>Sonderkop waterhole - Month 7</name>
        <description>Waterhole: Sonderkop waterhole, Month: 7, Time: 2010-07-16 21:40:00, Lon: 15.330920, Lat: -18.974497</description>
        <styleUrl>#month7_style</styleUrl>
        <Point>
          <coordinates>15.330920,-18.974497,0</coordinates>
        </Point>
      </Placemark>
      <Placemark>
        <name>Sonderkop waterhole - Month 7</name>
        <description>Waterhole: Sonderkop waterhole, Month: 7, Time: 2010-07-16 22:00:00, Lon: 15.330538, Lat: -18.976355</description>
        <styleUrl>#month7_style</styleUrl>
        <Point>
          <coordinates>15.330538,-18.976355,0</coordinates>
        </Point>
      </Placemark>
      <Placemark>
        <name>Duiwelsvuur - Month 7</name>
        <description>Waterhole: Duiwelsvuur, Month: 7, Time: 2010-07-17 14:40:00, Lon: 15.267445, Lat: -18.988151</description>
        <styleUrl>#month7_style</styleUrl>
        <Point>
          <coordinates>15.267445,-18.988151,0</coordinates>
        </Point>
      </Placemark>
      <Placemark>
        <name>Duiwelsvuur - Month 7</name>
        <description>Waterhole: Duiwelsvuur, Month: 7, Time: 2010-07-17 15:00:00, Lon: 15.265064, Lat: -18.988106</description>
        <styleUrl>#month7_style</styleUrl>
        <Point>
          <coordinates>15.265064,-18.988106,0</coordinates>
        </Point>
      </Placemark>
      <Placemark>
        <name>Duiwelsvuur - Month 7</name>
        <description>Waterhole: Duiwelsvuur, Month: 7, Time: 2010-07-17 15:20:00, Lon: 15.263166, Lat: -18.987935</description>
        <styleUrl>#month7_style</styleUrl>
        <Point>
          <coordinates>15.263166,-18.987935,0</coordinates>
        </Point>
      </Placemark>
      <Placemark>
        <name>Duiwelsvuur - Month 7</name>
        <description>Waterhole: Duiwelsvuur, Month: 7, Time: 2010-07-17 15:40:00, Lon: 15.259716, Lat: -18.987669</description>
        <styleUrl>#month7_style</styleUrl>
        <Point>
          <coordinates>15.259716,-18.987669,0</coordinates>
        </Point>
      </Placemark>
      <Placemark>
        <name>Duiwelsvuur - Month 7</name>
        <description>Waterhole: Duiwelsvuur, Month: 7, Time: 2010-07-17 16:00:00, Lon: 15.259720, Lat: -18.987675</description>
        <styleUrl>#month7_style</styleUrl>
        <Point>
          <coordinates>15.259720,-18.987675,0</coordinates>
        </Point>
      </Placemark>
      <Placemark>
        <name>Duiwelsvuur - Month 7</name>
        <description>Waterhole: Duiwelsvuur, Month: 7, Time: 2010-07-17 16:20:00, Lon: 15.259737, Lat: -18.987693</description>
        <styleUrl>#month7_style</styleUrl>
        <Point>
          <coordinates>15.259737,-18.987693,0</coordinates>
        </Point>
      </Placemark>
      <Placemark>
        <name>Duiwelsvuur - Month 7</name>
        <description>Waterhole: Duiwelsvuur, Month: 7, Time: 2010-07-17 16:40:00, Lon: 15.263242, Lat: -18.992767</description>
        <styleUrl>#month7_style</styleUrl>
        <Point>
          <coordinates>15.263242,-18.992767,0</coordinates>
        </Point>
      </Placemark>
      <Placemark>
        <name>Duiwelsvuur - Month 7</name>
        <description>Waterhole: Duiwelsvuur, Month: 7, Time: 2010-07-17 17:00:00, Lon: 15.265092, Lat: -18.995646</description>
        <styleUrl>#month7_style</styleUrl>
        <Point>
          <coordinates>15.265092,-18.995646,0</coordinates>
        </Point>
      </Placemark>
      <Placemark>
        <name>Duiwelsvuur - Month 7</name>
        <description>Waterhole: Duiwelsvuur, Month: 7, Time: 2010-07-18 11:40:00, Lon: 15.254599, Lat: -18.992893</description>
        <styleUrl>#month7_style</styleUrl>
        <Point>
          <coordinates>15.254599,-18.992893,0</coordinates>
        </Point>
      </Placemark>
      <Placemark>
        <name>Duiwelsvuur - Month 7</name>
        <description>Waterhole: Duiwelsvuur, Month: 7, Time: 2010-07-18 12:00:00, Lon: 15.258385, Lat: -18.988723</description>
        <styleUrl>#month7_style</styleUrl>
        <Point>
          <coordinates>15.258385,-18.988723,0</coordinates>
        </Point>
      </Placemark>
      <Placemark>
        <name>Duiwelsvuur - Month 7</name>
        <description>Waterhole: Duiwelsvuur, Month: 7, Time: 2010-07-18 12:20:00, Lon: 15.259654, Lat: -18.987665</description>
        <styleUrl>#month7_style</styleUrl>
        <Point>
          <coordinates>15.259654,-18.987665,0</coordinates>
        </Point>
      </Placemark>
      <Placemark>
        <name>Duiwelsvuur - Month 7</name>
        <description>Waterhole: Duiwelsvuur, Month: 7, Time: 2010-07-18 12:40:00, Lon: 15.259653, Lat: -18.987620</description>
        <styleUrl>#month7_style</styleUrl>
        <Point>
          <coordinates>15.259653,-18.987620,0</coordinates>
        </Point>
      </Placemark>
      <Placemark>
        <name>Duiwelsvuur - Month 7</name>
        <description>Waterhole: Duiwelsvuur, Month: 7, Time: 2010-07-18 13:00:00, Lon: 15.259699, Lat: -18.987614</description>
        <styleUrl>#month7_style</styleUrl>
        <Point>
          <coordinates>15.259699,-18.987614,0</coordinates>
        </Point>
      </Placemark>
      <Placemark>
        <name>Duiwelsvuur - Month 7</name>
        <description>Waterhole: Duiwelsvuur, Month: 7, Time: 2010-07-18 13:20:00, Lon: 15.259705, Lat: -18.987612</description>
        <styleUrl>#month7_style</styleUrl>
        <Point>
          <coordinates>15.259705,-18.987612,0</coordinates>
        </Point>
      </Placemark>
      <Placemark>
        <name>Duiwelsvuur - Month 7</name>
        <description>Waterhole: Duiwelsvuur, Month: 7, Time: 2010-07-18 13:40:00, Lon: 15.259630, Lat: -18.987998</description>
        <styleUrl>#month7_style</styleUrl>
        <Point>
          <coordinates>15.259630,-18.987998,0</coordinates>
        </Point>
      </Placemark>
      <Placemark>
        <name>Duiwelsvuur - Month 7</name>
        <description>Waterhole: Duiwelsvuur, Month: 7, Time: 2010-07-18 14:00:00, Lon: 15.259733, Lat: -18.987622</description>
        <styleUrl>#month7_style</styleUrl>
        <Point>
          <coordinates>15.259733,-18.987622,0</coordinates>
        </Point>
      </Placemark>
      <Placemark>
        <name>Duiwelsvuur - Month 7</name>
        <description>Waterhole: Duiwelsvuur, Month: 7, Time: 2010-07-18 14:20:00, Lon: 15.262644, Lat: -18.985734</description>
        <styleUrl>#month7_style</styleUrl>
        <Point>
          <coordinates>15.262644,-18.985734,0</coordinates>
        </Point>
      </Placemark>
      <Placemark>
        <name>Duiwelsvuur - Month 7</name>
        <description>Waterhole: Duiwelsvuur, Month: 7, Time: 2010-07-18 14:40:00, Lon: 15.264901, Lat: -18.983545</description>
        <styleUrl>#month7_style</styleUrl>
        <Point>
          <coordinates>15.264901,-18.983545,0</coordinates>
        </Point>
      </Placemark>
      <Placemark>
        <name>Duiwelsvuur - Month 7</name>
        <description>Waterhole: Duiwelsvuur, Month: 7, Time: 2010-07-18 15:00:00, Lon: 15.266090, Lat: -18.982605</description>
        <styleUrl>#month7_style</styleUrl>
        <Point>
          <coordinates>15.266090,-18.982605,0</coordinates>
        </Point>
      </Placemark>
      <Placemark>
        <name>Duiwelsvuur - Month 7</name>
        <description>Waterhole: Duiwelsvuur, Month: 7, Time: 2010-07-19 11:00:00, Lon: 15.263507, Lat: -18.988112</description>
        <styleUrl>#month7_style</styleUrl>
        <Point>
          <coordinates>15.263507,-18.988112,0</coordinates>
        </Point>
      </Placemark>
      <Placemark>
        <name>Duiwelsvuur - Month 7</name>
        <description>Waterhole: Duiwelsvuur, Month: 7, Time: 2010-07-19 11:20:00, Lon: 15.259672, Lat: -18.987687</description>
        <styleUrl>#month7_style</styleUrl>
        <Point>
          <coordinates>15.259672,-18.987687,0</coordinates>
        </Point>
      </Placemark>
      <Placemark>
        <name>Duiwelsvuur - Month 7</name>
        <description>Waterhole: Duiwelsvuur, Month: 7, Time: 2010-07-19 11:40:00, Lon: 15.259679, Lat: -18.987665</description>
        <styleUrl>#month7_style</styleUrl>
        <Point>
          <coordinates>15.259679,-18.987665,0</coordinates>
        </Point>
      </Placemark>
      <Placemark>
        <name>Duiwelsvuur - Month 7</name>
        <description>Waterhole: Duiwelsvuur, Month: 7, Time: 2010-07-19 12:00:00, Lon: 15.259760, Lat: -18.987705</description>
        <styleUrl>#month7_style</styleUrl>
        <Point>
          <coordinates>15.259760,-18.987705,0</coordinates>
        </Point>
      </Placemark>
      <Placemark>
        <name>Duiwelsvuur - Month 7</name>
        <description>Waterhole: Duiwelsvuur, Month: 7, Time: 2010-07-19 12:20:00, Lon: 15.259712, Lat: -18.987638</description>
        <styleUrl>#month7_style</styleUrl>
        <Point>
          <coordinates>15.259712,-18.987638,0</coordinates>
        </Point>
      </Placemark>
      <Placemark>
        <name>Duiwelsvuur - Month 7</name>
        <description>Waterhole: Duiwelsvuur, Month: 7, Time: 2010-07-19 12:40:00, Lon: 15.259697, Lat: -18.987624</description>
        <styleUrl>#month7_style</styleUrl>
        <Point>
          <coordinates>15.259697,-18.987624,0</coordinates>
        </Point>
      </Placemark>
      <Placemark>
        <name>Duiwelsvuur - Month 7</name>
        <description>Waterhole: Duiwelsvuur, Month: 7, Time: 2010-07-19 13:00:00, Lon: 15.259454, Lat: -18.986312</description>
        <styleUrl>#month7_style</styleUrl>
        <Point>
          <coordinates>15.259454,-18.986312,0</coordinates>
        </Point>
      </Placemark>
      <Placemark>
        <name>Duiwelsvuur - Month 7</name>
        <description>Waterhole: Duiwelsvuur, Month: 7, Time: 2010-07-19 13:20:00, Lon: 15.258908, Lat: -18.985189</description>
        <styleUrl>#month7_style</styleUrl>
        <Point>
          <coordinates>15.258908,-18.985189,0</coordinates>
        </Point>
      </Placemark>
      <Placemark>
        <name>Duiwelsvuur - Month 7</name>
        <description>Waterhole: Duiwelsvuur, Month: 7, Time: 2010-07-19 13:40:00, Lon: 15.258143, Lat: -18.983972</description>
        <styleUrl>#month7_style</styleUrl>
        <Point>
          <coordinates>15.258143,-18.983972,0</coordinates>
        </Point>
      </Placemark>
      <Placemark>
        <name>Duiwelsvuur - Month 7</name>
        <description>Waterhole: Duiwelsvuur, Month: 7, Time: 2010-07-19 14:00:00, Lon: 15.257271, Lat: -18.983065</description>
        <styleUrl>#month7_style</styleUrl>
        <Point>
          <coordinates>15.257271,-18.983065,0</coordinates>
        </Point>
      </Placemark>
      <Placemark>
        <name>Duiwelsvuur - Month 7</name>
        <description>Waterhole: Duiwelsvuur, Month: 7, Time: 2010-07-19 14:20:00, Lon: 15.257047, Lat: -18.982414</description>
        <styleUrl>#month7_style</styleUrl>
        <Point>
          <coordinates>15.257047,-18.982414,0</coordinates>
        </Point>
      </Placemark>
      <Placemark>
        <name>Duiwelsvuur - Month 7</name>
        <description>Waterhole: Duiwelsvuur, Month: 7, Time: 2010-07-19 14:40:00, Lon: 15.257009, Lat: -18.981535</description>
        <styleUrl>#month7_style</styleUrl>
        <Point>
          <coordinates>15.257009,-18.981535,0</coordinates>
        </Point>
      </Placemark>
      <Placemark>
        <name>Duiwelsvuur - Month 7</name>
        <description>Waterhole: Duiwelsvuur, Month: 7, Time: 2010-07-19 15:00:00, Lon: 15.257488, Lat: -18.981848</description>
        <styleUrl>#month7_style</styleUrl>
        <Point>
          <coordinates>15.257488,-18.981848,0</coordinates>
        </Point>
      </Placemark>
      <Placemark>
        <name>Duiwelsvuur - Month 7</name>
        <description>Waterhole: Duiwelsvuur, Month: 7, Time: 2010-07-19 15:20:00, Lon: 15.257473, Lat: -18.981877</description>
        <styleUrl>#month7_style</styleUrl>
        <Point>
          <coordinates>15.257473,-18.981877,0</coordinates>
        </Point>
      </Placemark>
      <Placemark>
        <name>Duiwelsvuur - Month 7</name>
        <description>Waterhole: Duiwelsvuur, Month: 7, Time: 2010-07-19 15:40:00, Lon: 15.257295, Lat: -18.981488</description>
        <styleUrl>#month7_style</styleUrl>
        <Point>
          <coordinates>15.257295,-18.981488,0</coordinates>
        </Point>
      </Placemark>
      <Placemark>
        <name>Duiwelsvuur - Month 7</name>
        <description>Waterhole: Duiwelsvuur, Month: 7, Time: 2010-07-19 16:00:00, Lon: 15.256669, Lat: -18.980310</description>
        <styleUrl>#month7_style</styleUrl>
        <Point>
          <coordinates>15.256669,-18.980310,0</coordinates>
        </Point>
      </Placemark>
      <Placemark>
        <name>Duiwelsvuur - Month 7</name>
        <description>Waterhole: Duiwelsvuur, Month: 7, Time: 2010-07-20 12:20:00, Lon: 15.265075, Lat: -18.981862</description>
        <styleUrl>#month7_style</styleUrl>
        <Point>
          <coordinates>15.265075,-18.981862,0</coordinates>
        </Point>
      </Placemark>
      <Placemark>
        <name>Duiwelsvuur - Month 7</name>
        <description>Waterhole: Duiwelsvuur, Month: 7, Time: 2010-07-20 12:40:00, Lon: 15.260037, Lat: -18.987533</description>
        <styleUrl>#month7_style</styleUrl>
        <Point>
          <coordinates>15.260037,-18.987533,0</coordinates>
        </Point>
      </Placemark>
      <Placemark>
        <name>Duiwelsvuur - Month 7</name>
        <description>Waterhole: Duiwelsvuur, Month: 7, Time: 2010-07-20 13:00:00, Lon: 15.259713, Lat: -18.987618</description>
        <styleUrl>#month7_style</styleUrl>
        <Point>
          <coordinates>15.259713,-18.987618,0</coordinates>
        </Point>
      </Placemark>
      <Placemark>
        <name>Duiwelsvuur - Month 7</name>
        <description>Waterhole: Duiwelsvuur, Month: 7, Time: 2010-07-20 13:20:00, Lon: 15.259709, Lat: -18.987644</description>
        <styleUrl>#month7_style</styleUrl>
        <Point>
          <coordinates>15.259709,-18.987644,0</coordinates>
        </Point>
      </Placemark>
      <Placemark>
        <name>Duiwelsvuur - Month 7</name>
        <description>Waterhole: Duiwelsvuur, Month: 7, Time: 2010-07-20 13:40:00, Lon: 15.259703, Lat: -18.987616</description>
        <styleUrl>#month7_style</styleUrl>
        <Point>
          <coordinates>15.259703,-18.987616,0</coordinates>
        </Point>
      </Placemark>
      <Placemark>
        <name>Duiwelsvuur - Month 7</name>
        <description>Waterhole: Duiwelsvuur, Month: 7, Time: 2010-07-20 14:00:00, Lon: 15.259731, Lat: -18.987661</description>
        <styleUrl>#month7_style</styleUrl>
        <Point>
          <coordinates>15.259731,-18.987661,0</coordinates>
        </Point>
      </Placemark>
      <Placemark>
        <name>Duiwelsvuur - Month 7</name>
        <description>Waterhole: Duiwelsvuur, Month: 7, Time: 2010-07-20 14:20:00, Lon: 15.259731, Lat: -18.987632</description>
        <styleUrl>#month7_style</styleUrl>
        <Point>
          <coordinates>15.259731,-18.987632,0</coordinates>
        </Point>
      </Placemark>
      <Placemark>
        <name>Duiwelsvuur - Month 7</name>
        <description>Waterhole: Duiwelsvuur, Month: 7, Time: 2010-07-20 14:40:00, Lon: 15.259541, Lat: -18.986263</description>
        <styleUrl>#month7_style</styleUrl>
        <Point>
          <coordinates>15.259541,-18.986263,0</coordinates>
        </Point>
      </Placemark>
      <Placemark>
        <name>Duiwelsvuur - Month 7</name>
        <description>Waterhole: Duiwelsvuur, Month: 7, Time: 2010-07-20 15:00:00, Lon: 15.261327, Lat: -18.986041</description>
        <styleUrl>#month7_style</styleUrl>
        <Point>
          <coordinates>15.261327,-18.986041,0</coordinates>
        </Point>
      </Placemark>
      <Placemark>
        <name>Duiwelsvuur - Month 7</name>
        <description>Waterhole: Duiwelsvuur, Month: 7, Time: 2010-07-20 15:20:00, Lon: 15.262692, Lat: -18.985996</description>
        <styleUrl>#month7_style</styleUrl>
        <Point>
          <coordinates>15.262692,-18.985996,0</coordinates>
        </Point>
      </Placemark>
      <Placemark>
        <name>Duiwelsvuur - Month 7</name>
        <description>Waterhole: Duiwelsvuur, Month: 7, Time: 2010-07-20 15:40:00, Lon: 15.264513, Lat: -18.985421</description>
        <styleUrl>#month7_style</styleUrl>
        <Point>
          <coordinates>15.264513,-18.985421,0</coordinates>
        </Point>
      </Placemark>
      <Placemark>
        <name>Duiwelsvuur - Month 7</name>
        <description>Waterhole: Duiwelsvuur, Month: 7, Time: 2010-07-21 09:20:00, Lon: 15.267634, Lat: -18.991988</description>
        <styleUrl>#month7_style</styleUrl>
        <Point>
          <coordinates>15.267634,-18.991988,0</coordinates>
        </Point>
      </Placemark>
      <Placemark>
        <name>Duiwelsvuur - Month 7</name>
        <description>Waterhole: Duiwelsvuur, Month: 7, Time: 2010-07-21 09:40:00, Lon: 15.264915, Lat: -18.989966</description>
        <styleUrl>#month7_style</styleUrl>
        <Point>
          <coordinates>15.264915,-18.989966,0</coordinates>
        </Point>
      </Placemark>
      <Placemark>
        <name>Duiwelsvuur - Month 7</name>
        <description>Waterhole: Duiwelsvuur, Month: 7, Time: 2010-07-21 10:00:00, Lon: 15.261243, Lat: -18.987649</description>
        <styleUrl>#month7_style</styleUrl>
        <Point>
          <coordinates>15.261243,-18.987649,0</coordinates>
        </Point>
      </Placemark>
      <Placemark>
        <name>Duiwelsvuur - Month 7</name>
        <description>Waterhole: Duiwelsvuur, Month: 7, Time: 2010-07-21 10:20:00, Lon: 15.261233, Lat: -18.987634</description>
        <styleUrl>#month7_style</styleUrl>
        <Point>
          <coordinates>15.261233,-18.987634,0</coordinates>
        </Point>
      </Placemark>
      <Placemark>
        <name>Duiwelsvuur - Month 7</name>
        <description>Waterhole: Duiwelsvuur, Month: 7, Time: 2010-07-21 10:40:00, Lon: 15.261216, Lat: -18.987634</description>
        <styleUrl>#month7_style</styleUrl>
        <Point>
          <coordinates>15.261216,-18.987634,0</coordinates>
        </Point>
      </Placemark>
      <Placemark>
        <name>Duiwelsvuur - Month 7</name>
        <description>Waterhole: Duiwelsvuur, Month: 7, Time: 2010-07-21 11:00:00, Lon: 15.260873, Lat: -18.987748</description>
        <styleUrl>#month7_style</styleUrl>
        <Point>
          <coordinates>15.260873,-18.987748,0</coordinates>
        </Point>
      </Placemark>
      <Placemark>
        <name>Duiwelsvuur - Month 7</name>
        <description>Waterhole: Duiwelsvuur, Month: 7, Time: 2010-07-21 11:20:00, Lon: 15.260714, Lat: -18.987760</description>
        <styleUrl>#month7_style</styleUrl>
        <Point>
          <coordinates>15.260714,-18.987760,0</coordinates>
        </Point>
      </Placemark>
      <Placemark>
        <name>Duiwelsvuur - Month 7</name>
        <description>Waterhole: Duiwelsvuur, Month: 7, Time: 2010-07-21 11:40:00, Lon: 15.259709, Lat: -18.987653</description>
        <styleUrl>#month7_style</styleUrl>
        <Point>
          <coordinates>15.259709,-18.987653,0</coordinates>
        </Point>
      </Placemark>
      <Placemark>
        <name>Duiwelsvuur - Month 7</name>
        <description>Waterhole: Duiwelsvuur, Month: 7, Time: 2010-07-21 12:00:00, Lon: 15.259709, Lat: -18.987638</description>
        <styleUrl>#month7_style</styleUrl>
        <Point>
          <coordinates>15.259709,-18.987638,0</coordinates>
        </Point>
      </Placemark>
      <Placemark>
        <name>Duiwelsvuur - Month 7</name>
        <description>Waterhole: Duiwelsvuur, Month: 7, Time: 2010-07-21 12:20:00, Lon: 15.259432, Lat: -18.986249</description>
        <styleUrl>#month7_style</styleUrl>
        <Point>
          <coordinates>15.259432,-18.986249,0</coordinates>
        </Point>
      </Placemark>
      <Placemark>
        <name>Duiwelsvuur - Month 7</name>
        <description>Waterhole: Duiwelsvuur, Month: 7, Time: 2010-07-21 12:40:00, Lon: 15.258868, Lat: -18.985101</description>
        <styleUrl>#month7_style</styleUrl>
        <Point>
          <coordinates>15.258868,-18.985101,0</coordinates>
        </Point>
      </Placemark>
      <Placemark>
        <name>Duiwelsvuur - Month 7</name>
        <description>Waterhole: Duiwelsvuur, Month: 7, Time: 2010-07-21 13:00:00, Lon: 15.257257, Lat: -18.983038</description>
        <styleUrl>#month7_style</styleUrl>
        <Point>
          <coordinates>15.257257,-18.983038,0</coordinates>
        </Point>
      </Placemark>
      <Placemark>
        <name>Duiwelsvuur - Month 7</name>
        <description>Waterhole: Duiwelsvuur, Month: 7, Time: 2010-07-21 13:20:00, Lon: 15.256853, Lat: -18.982863</description>
        <styleUrl>#month7_style</styleUrl>
        <Point>
          <coordinates>15.256853,-18.982863,0</coordinates>
        </Point>
      </Placemark>
      <Placemark>
        <name>Duiwelsvuur - Month 7</name>
        <description>Waterhole: Duiwelsvuur, Month: 7, Time: 2010-07-21 13:40:00, Lon: 15.256552, Lat: -18.982568</description>
        <styleUrl>#month7_style</styleUrl>
        <Point>
          <coordinates>15.256552,-18.982568,0</coordinates>
        </Point>
      </Placemark>
      <Placemark>
        <name>Duiwelsvuur - Month 7</name>
        <description>Waterhole: Duiwelsvuur, Month: 7, Time: 2010-07-21 14:00:00, Lon: 15.256340, Lat: -18.982267</description>
        <styleUrl>#month7_style</styleUrl>
        <Point>
          <coordinates>15.256340,-18.982267,0</coordinates>
        </Point>
      </Placemark>
      <Placemark>
        <name>Duiwelsvuur - Month 7</name>
        <description>Waterhole: Duiwelsvuur, Month: 7, Time: 2010-07-21 14:20:00, Lon: 15.255691, Lat: -18.981787</description>
        <styleUrl>#month7_style</styleUrl>
        <Point>
          <coordinates>15.255691,-18.981787,0</coordinates>
        </Point>
      </Placemark>
      <Placemark>
        <name>Duiwelsvuur - Month 7</name>
        <description>Waterhole: Duiwelsvuur, Month: 7, Time: 2010-07-21 14:40:00, Lon: 15.255441, Lat: -18.981527</description>
        <styleUrl>#month7_style</styleUrl>
        <Point>
          <coordinates>15.255441,-18.981527,0</coordinates>
        </Point>
      </Placemark>
      <Placemark>
        <name>Duiwelsvuur - Month 7</name>
        <description>Waterhole: Duiwelsvuur, Month: 7, Time: 2010-07-21 15:00:00, Lon: 15.254924, Lat: -18.980920</description>
        <styleUrl>#month7_style</styleUrl>
        <Point>
          <coordinates>15.254924,-18.980920,0</coordinates>
        </Point>
      </Placemark>
      <Placemark>
        <name>Duiwelsvuur - Month 7</name>
        <description>Waterhole: Duiwelsvuur, Month: 7, Time: 2010-07-21 15:20:00, Lon: 15.254615, Lat: -18.980933</description>
        <styleUrl>#month7_style</styleUrl>
        <Point>
          <coordinates>15.254615,-18.980933,0</coordinates>
        </Point>
      </Placemark>
      <Placemark>
        <name>Duiwelsvuur - Month 7</name>
        <description>Waterhole: Duiwelsvuur, Month: 7, Time: 2010-07-21 15:40:00, Lon: 15.254488, Lat: -18.981014</description>
        <styleUrl>#month7_style</styleUrl>
        <Point>
          <coordinates>15.254488,-18.981014,0</coordinates>
        </Point>
      </Placemark>
      <Placemark>
        <name>Duiwelsvuur - Month 7</name>
        <description>Waterhole: Duiwelsvuur, Month: 7, Time: 2010-07-21 16:00:00, Lon: 15.254252, Lat: -18.981313</description>
        <styleUrl>#month7_style</styleUrl>
        <Point>
          <coordinates>15.254252,-18.981313,0</coordinates>
        </Point>
      </Placemark>
      <Placemark>
        <name>Duiwelsvuur - Month 7</name>
        <description>Waterhole: Duiwelsvuur, Month: 7, Time: 2010-07-21 16:20:00, Lon: 15.254040, Lat: -18.981140</description>
        <styleUrl>#month7_style</styleUrl>
        <Point>
          <coordinates>15.254040,-18.981140,0</coordinates>
        </Point>
      </Placemark>
      <Placemark>
        <name>Duiwelsvuur - Month 7</name>
        <description>Waterhole: Duiwelsvuur, Month: 7, Time: 2010-07-21 16:40:00, Lon: 15.253644, Lat: -18.981624</description>
        <styleUrl>#month7_style</styleUrl>
        <Point>
          <coordinates>15.253644,-18.981624,0</coordinates>
        </Point>
      </Placemark>
      <Placemark>
        <name>Duiwelsvuur - Month 7</name>
        <description>Waterhole: Duiwelsvuur, Month: 7, Time: 2010-07-21 18:00:00, Lon: 15.251235, Lat: -18.987276</description>
        <styleUrl>#month7_style</styleUrl>
        <Point>
          <coordinates>15.251235,-18.987276,0</coordinates>
        </Point>
      </Placemark>
      <Placemark>
        <name>Duiwelsvuur - Month 7</name>
        <description>Waterhole: Duiwelsvuur, Month: 7, Time: 2010-07-21 18:20:00, Lon: 15.253603, Lat: -18.987638</description>
        <styleUrl>#month7_style</styleUrl>
        <Point>
          <coordinates>15.253603,-18.987638,0</coordinates>
        </Point>
      </Placemark>
      <Placemark>
        <name>Duiwelsvuur - Month 7</name>
        <description>Waterhole: Duiwelsvuur, Month: 7, Time: 2010-07-21 18:40:00, Lon: 15.256109, Lat: -18.988855</description>
        <styleUrl>#month7_style</styleUrl>
        <Point>
          <coordinates>15.256109,-18.988855,0</coordinates>
        </Point>
      </Placemark>
      <Placemark>
        <name>Duiwelsvuur - Month 7</name>
        <description>Waterhole: Duiwelsvuur, Month: 7, Time: 2010-07-21 19:00:00, Lon: 15.259250, Lat: -18.994627</description>
        <styleUrl>#month7_style</styleUrl>
        <Point>
          <coordinates>15.259250,-18.994627,0</coordinates>
        </Point>
      </Placemark>
      <Placemark>
        <name>Duiwelsvuur - Month 7</name>
        <description>Waterhole: Duiwelsvuur, Month: 7, Time: 2010-07-22 12:20:00, Lon: 15.256112, Lat: -18.992308</description>
        <styleUrl>#month7_style</styleUrl>
        <Point>
          <coordinates>15.256112,-18.992308,0</coordinates>
        </Point>
      </Placemark>
      <Placemark>
        <name>Duiwelsvuur - Month 7</name>
        <description>Waterhole: Duiwelsvuur, Month: 7, Time: 2010-07-22 12:40:00, Lon: 15.259718, Lat: -18.987659</description>
        <styleUrl>#month7_style</styleUrl>
        <Point>
          <coordinates>15.259718,-18.987659,0</coordinates>
        </Point>
      </Placemark>
      <Placemark>
        <name>Duiwelsvuur - Month 7</name>
        <description>Waterhole: Duiwelsvuur, Month: 7, Time: 2010-07-22 13:00:00, Lon: 15.259716, Lat: -18.987642</description>
        <styleUrl>#month7_style</styleUrl>
        <Point>
          <coordinates>15.259716,-18.987642,0</coordinates>
        </Point>
      </Placemark>
      <Placemark>
        <name>Duiwelsvuur - Month 7</name>
        <description>Waterhole: Duiwelsvuur, Month: 7, Time: 2010-07-22 13:20:00, Lon: 15.259702, Lat: -18.987626</description>
        <styleUrl>#month7_style</styleUrl>
        <Point>
          <coordinates>15.259702,-18.987626,0</coordinates>
        </Point>
      </Placemark>
      <Placemark>
        <name>Duiwelsvuur - Month 7</name>
        <description>Waterhole: Duiwelsvuur, Month: 7, Time: 2010-07-22 13:40:00, Lon: 15.259697, Lat: -18.988031</description>
        <styleUrl>#month7_style</styleUrl>
        <Point>
          <coordinates>15.259697,-18.988031,0</coordinates>
        </Point>
      </Placemark>
      <Placemark>
        <name>Duiwelsvuur - Month 7</name>
        <description>Waterhole: Duiwelsvuur, Month: 7, Time: 2010-07-22 14:00:00, Lon: 15.260502, Lat: -18.988206</description>
        <styleUrl>#month7_style</styleUrl>
        <Point>
          <coordinates>15.260502,-18.988206,0</coordinates>
        </Point>
      </Placemark>
      <Placemark>
        <name>Duiwelsvuur - Month 7</name>
        <description>Waterhole: Duiwelsvuur, Month: 7, Time: 2010-07-22 14:20:00, Lon: 15.260529, Lat: -18.988188</description>
        <styleUrl>#month7_style</styleUrl>
        <Point>
          <coordinates>15.260529,-18.988188,0</coordinates>
        </Point>
      </Placemark>
      <Placemark>
        <name>Duiwelsvuur - Month 7</name>
        <description>Waterhole: Duiwelsvuur, Month: 7, Time: 2010-07-22 14:40:00, Lon: 15.260541, Lat: -18.988163</description>
        <styleUrl>#month7_style</styleUrl>
        <Point>
          <coordinates>15.260541,-18.988163,0</coordinates>
        </Point>
      </Placemark>
      <Placemark>
        <name>Duiwelsvuur - Month 7</name>
        <description>Waterhole: Duiwelsvuur, Month: 7, Time: 2010-07-22 15:00:00, Lon: 15.259920, Lat: -18.986405</description>
        <styleUrl>#month7_style</styleUrl>
        <Point>
          <coordinates>15.259920,-18.986405,0</coordinates>
        </Point>
      </Placemark>
      <Placemark>
        <name>Duiwelsvuur - Month 7</name>
        <description>Waterhole: Duiwelsvuur, Month: 7, Time: 2010-07-22 15:20:00, Lon: 15.263310, Lat: -18.983917</description>
        <styleUrl>#month7_style</styleUrl>
        <Point>
          <coordinates>15.263310,-18.983917,0</coordinates>
        </Point>
      </Placemark>
      <Placemark>
        <name>Duiwelsvuur - Month 7</name>
        <description>Waterhole: Duiwelsvuur, Month: 7, Time: 2010-07-23 14:00:00, Lon: 15.266091, Lat: -18.987952</description>
        <styleUrl>#month7_style</styleUrl>
        <Point>
          <coordinates>15.266091,-18.987952,0</coordinates>
        </Point>
      </Placemark>
      <Placemark>
        <name>Duiwelsvuur - Month 7</name>
        <description>Waterhole: Duiwelsvuur, Month: 7, Time: 2010-07-23 14:20:00, Lon: 15.259725, Lat: -18.987653</description>
        <styleUrl>#month7_style</styleUrl>
        <Point>
          <coordinates>15.259725,-18.987653,0</coordinates>
        </Point>
      </Placemark>
      <Placemark>
        <name>Duiwelsvuur - Month 7</name>
        <description>Waterhole: Duiwelsvuur, Month: 7, Time: 2010-07-23 14:40:00, Lon: 15.259727, Lat: -18.987663</description>
        <styleUrl>#month7_style</styleUrl>
        <Point>
          <coordinates>15.259727,-18.987663,0</coordinates>
        </Point>
      </Placemark>
      <Placemark>
        <name>Duiwelsvuur - Month 7</name>
        <description>Waterhole: Duiwelsvuur, Month: 7, Time: 2010-07-23 15:00:00, Lon: 15.259731, Lat: -18.987667</description>
        <styleUrl>#month7_style</styleUrl>
        <Point>
          <coordinates>15.259731,-18.987667,0</coordinates>
        </Point>
      </Placemark>
      <Placemark>
        <name>Duiwelsvuur - Month 7</name>
        <description>Waterhole: Duiwelsvuur, Month: 7, Time: 2010-07-23 15:20:00, Lon: 15.259707, Lat: -18.987657</description>
        <styleUrl>#month7_style</styleUrl>
        <Point>
          <coordinates>15.259707,-18.987657,0</coordinates>
        </Point>
      </Placemark>
      <Placemark>
        <name>Duiwelsvuur - Month 7</name>
        <description>Waterhole: Duiwelsvuur, Month: 7, Time: 2010-07-23 15:40:00, Lon: 15.259721, Lat: -18.987665</description>
        <styleUrl>#month7_style</styleUrl>
        <Point>
          <coordinates>15.259721,-18.987665,0</coordinates>
        </Point>
      </Placemark>
      <Placemark>
        <name>Duiwelsvuur - Month 7</name>
        <description>Waterhole: Duiwelsvuur, Month: 7, Time: 2010-07-23 16:00:00, Lon: 15.262085, Lat: -18.990037</description>
        <styleUrl>#month7_style</styleUrl>
        <Point>
          <coordinates>15.262085,-18.990037,0</coordinates>
        </Point>
      </Placemark>
      <Placemark>
        <name>Duiwelsvuur - Month 7</name>
        <description>Waterhole: Duiwelsvuur, Month: 7, Time: 2010-07-24 10:20:00, Lon: 15.263393, Lat: -18.994806</description>
        <styleUrl>#month7_style</styleUrl>
        <Point>
          <coordinates>15.263393,-18.994806,0</coordinates>
        </Point>
      </Placemark>
      <Placemark>
        <name>Duiwelsvuur - Month 7</name>
        <description>Waterhole: Duiwelsvuur, Month: 7, Time: 2010-07-24 10:40:00, Lon: 15.259746, Lat: -18.987681</description>
        <styleUrl>#month7_style</styleUrl>
        <Point>
          <coordinates>15.259746,-18.987681,0</coordinates>
        </Point>
      </Placemark>
      <Placemark>
        <name>Duiwelsvuur - Month 7</name>
        <description>Waterhole: Duiwelsvuur, Month: 7, Time: 2010-07-24 11:00:00, Lon: 15.259686, Lat: -18.987675</description>
        <styleUrl>#month7_style</styleUrl>
        <Point>
          <coordinates>15.259686,-18.987675,0</coordinates>
        </Point>
      </Placemark>
      <Placemark>
        <name>Duiwelsvuur - Month 7</name>
        <description>Waterhole: Duiwelsvuur, Month: 7, Time: 2010-07-24 11:20:00, Lon: 15.259717, Lat: -18.987677</description>
        <styleUrl>#month7_style</styleUrl>
        <Point>
          <coordinates>15.259717,-18.987677,0</coordinates>
        </Point>
      </Placemark>
      <Placemark>
        <name>Duiwelsvuur - Month 7</name>
        <description>Waterhole: Duiwelsvuur, Month: 7, Time: 2010-07-24 11:40:00, Lon: 15.259723, Lat: -18.987642</description>
        <styleUrl>#month7_style</styleUrl>
        <Point>
          <coordinates>15.259723,-18.987642,0</coordinates>
        </Point>
      </Placemark>
      <Placemark>
        <name>Duiwelsvuur - Month 7</name>
        <description>Waterhole: Duiwelsvuur, Month: 7, Time: 2010-07-24 12:00:00, Lon: 15.259728, Lat: -18.987655</description>
        <styleUrl>#month7_style</styleUrl>
        <Point>
          <coordinates>15.259728,-18.987655,0</coordinates>
        </Point>
      </Placemark>
      <Placemark>
        <name>Duiwelsvuur - Month 7</name>
        <description>Waterhole: Duiwelsvuur, Month: 7, Time: 2010-07-24 12:20:00, Lon: 15.259928, Lat: -18.987960</description>
        <styleUrl>#month7_style</styleUrl>
        <Point>
          <coordinates>15.259928,-18.987960,0</coordinates>
        </Point>
      </Placemark>
      <Placemark>
        <name>Duiwelsvuur - Month 7</name>
        <description>Waterhole: Duiwelsvuur, Month: 7, Time: 2010-07-24 12:40:00, Lon: 15.259929, Lat: -18.987958</description>
        <styleUrl>#month7_style</styleUrl>
        <Point>
          <coordinates>15.259929,-18.987958,0</coordinates>
        </Point>
      </Placemark>
      <Placemark>
        <name>Duiwelsvuur - Month 7</name>
        <description>Waterhole: Duiwelsvuur, Month: 7, Time: 2010-07-24 13:00:00, Lon: 15.259926, Lat: -18.987935</description>
        <styleUrl>#month7_style</styleUrl>
        <Point>
          <coordinates>15.259926,-18.987935,0</coordinates>
        </Point>
      </Placemark>
      <Placemark>
        <name>Duiwelsvuur - Month 7</name>
        <description>Waterhole: Duiwelsvuur, Month: 7, Time: 2010-07-24 13:20:00, Lon: 15.259954, Lat: -18.987935</description>
        <styleUrl>#month7_style</styleUrl>
        <Point>
          <coordinates>15.259954,-18.987935,0</coordinates>
        </Point>
      </Placemark>
      <Placemark>
        <name>Duiwelsvuur - Month 7</name>
        <description>Waterhole: Duiwelsvuur, Month: 7, Time: 2010-07-24 13:40:00, Lon: 15.259739, Lat: -18.987659</description>
        <styleUrl>#month7_style</styleUrl>
        <Point>
          <coordinates>15.259739,-18.987659,0</coordinates>
        </Point>
      </Placemark>
      <Placemark>
        <name>Duiwelsvuur - Month 7</name>
        <description>Waterhole: Duiwelsvuur, Month: 7, Time: 2010-07-24 14:00:00, Lon: 15.259727, Lat: -18.987638</description>
        <styleUrl>#month7_style</styleUrl>
        <Point>
          <coordinates>15.259727,-18.987638,0</coordinates>
        </Point>
      </Placemark>
      <Placemark>
        <name>Duiwelsvuur - Month 7</name>
        <description>Waterhole: Duiwelsvuur, Month: 7, Time: 2010-07-24 14:20:00, Lon: 15.262311, Lat: -18.986017</description>
        <styleUrl>#month7_style</styleUrl>
        <Point>
          <coordinates>15.262311,-18.986017,0</coordinates>
        </Point>
      </Placemark>
      <Placemark>
        <name>Duiwelsvuur - Month 7</name>
        <description>Waterhole: Duiwelsvuur, Month: 7, Time: 2010-07-24 14:40:00, Lon: 15.267148, Lat: -18.983346</description>
        <styleUrl>#month7_style</styleUrl>
        <Point>
          <coordinates>15.267148,-18.983346,0</coordinates>
        </Point>
      </Placemark>
      <Placemark>
        <name>Duiwelsvuur - Month 7</name>
        <description>Waterhole: Duiwelsvuur, Month: 7, Time: 2010-07-25 10:40:00, Lon: 15.259706, Lat: -18.987573</description>
        <styleUrl>#month7_style</styleUrl>
        <Point>
          <coordinates>15.259706,-18.987573,0</coordinates>
        </Point>
      </Placemark>
      <Placemark>
        <name>Duiwelsvuur - Month 7</name>
        <description>Waterhole: Duiwelsvuur, Month: 7, Time: 2010-07-25 11:00:00, Lon: 15.259678, Lat: -18.987614</description>
        <styleUrl>#month7_style</styleUrl>
        <Point>
          <coordinates>15.259678,-18.987614,0</coordinates>
        </Point>
      </Placemark>
      <Placemark>
        <name>Duiwelsvuur - Month 7</name>
        <description>Waterhole: Duiwelsvuur, Month: 7, Time: 2010-07-25 11:20:00, Lon: 15.259698, Lat: -18.987622</description>
        <styleUrl>#month7_style</styleUrl>
        <Point>
          <coordinates>15.259698,-18.987622,0</coordinates>
        </Point>
      </Placemark>
      <Placemark>
        <name>Duiwelsvuur - Month 7</name>
        <description>Waterhole: Duiwelsvuur, Month: 7, Time: 2010-07-25 11:40:00, Lon: 15.259670, Lat: -18.987634</description>
        <styleUrl>#month7_style</styleUrl>
        <Point>
          <coordinates>15.259670,-18.987634,0</coordinates>
        </Point>
      </Placemark>
      <Placemark>
        <name>Duiwelsvuur - Month 7</name>
        <description>Waterhole: Duiwelsvuur, Month: 7, Time: 2010-07-25 12:00:00, Lon: 15.259913, Lat: -18.987819</description>
        <styleUrl>#month7_style</styleUrl>
        <Point>
          <coordinates>15.259913,-18.987819,0</coordinates>
        </Point>
      </Placemark>
      <Placemark>
        <name>Duiwelsvuur - Month 7</name>
        <description>Waterhole: Duiwelsvuur, Month: 7, Time: 2010-07-25 12:20:00, Lon: 15.259880, Lat: -18.987817</description>
        <styleUrl>#month7_style</styleUrl>
        <Point>
          <coordinates>15.259880,-18.987817,0</coordinates>
        </Point>
      </Placemark>
      <Placemark>
        <name>Duiwelsvuur - Month 7</name>
        <description>Waterhole: Duiwelsvuur, Month: 7, Time: 2010-07-25 12:40:00, Lon: 15.259890, Lat: -18.987817</description>
        <styleUrl>#month7_style</styleUrl>
        <Point>
          <coordinates>15.259890,-18.987817,0</coordinates>
        </Point>
      </Placemark>
      <Placemark>
        <name>Duiwelsvuur - Month 7</name>
        <description>Waterhole: Duiwelsvuur, Month: 7, Time: 2010-07-25 13:00:00, Lon: 15.259743, Lat: -18.987640</description>
        <styleUrl>#month7_style</styleUrl>
        <Point>
          <coordinates>15.259743,-18.987640,0</coordinates>
        </Point>
      </Placemark>
      <Placemark>
        <name>Duiwelsvuur - Month 7</name>
        <description>Waterhole: Duiwelsvuur, Month: 7, Time: 2010-07-25 13:20:00, Lon: 15.261979, Lat: -18.988015</description>
        <styleUrl>#month7_style</styleUrl>
        <Point>
          <coordinates>15.261979,-18.988015,0</coordinates>
        </Point>
      </Placemark>
      <Placemark>
        <name>Duiwelsvuur - Month 7</name>
        <description>Waterhole: Duiwelsvuur, Month: 7, Time: 2010-07-25 13:40:00, Lon: 15.266460, Lat: -18.990385</description>
        <styleUrl>#month7_style</styleUrl>
        <Point>
          <coordinates>15.266460,-18.990385,0</coordinates>
        </Point>
      </Placemark>
      <Placemark>
        <name>Duiwelsvuur - Month 7</name>
        <description>Waterhole: Duiwelsvuur, Month: 7, Time: 2010-07-25 14:00:00, Lon: 15.267215, Lat: -18.990973</description>
        <styleUrl>#month7_style</styleUrl>
        <Point>
          <coordinates>15.267215,-18.990973,0</coordinates>
        </Point>
      </Placemark>
      <Placemark>
        <name>Duiwelsvuur - Month 7</name>
        <description>Waterhole: Duiwelsvuur, Month: 7, Time: 2010-07-25 14:20:00, Lon: 15.267771, Lat: -18.991302</description>
        <styleUrl>#month7_style</styleUrl>
        <Point>
          <coordinates>15.267771,-18.991302,0</coordinates>
        </Point>
      </Placemark>
      <Placemark>
        <name>Duiwelsvuur - Month 7</name>
        <description>Waterhole: Duiwelsvuur, Month: 7, Time: 2010-07-26 10:20:00, Lon: 15.263456, Lat: -18.994191</description>
        <styleUrl>#month7_style</styleUrl>
        <Point>
          <coordinates>15.263456,-18.994191,0</coordinates>
        </Point>
      </Placemark>
      <Placemark>
        <name>Duiwelsvuur - Month 7</name>
        <description>Waterhole: Duiwelsvuur, Month: 7, Time: 2010-07-26 10:40:00, Lon: 15.260325, Lat: -18.988190</description>
        <styleUrl>#month7_style</styleUrl>
        <Point>
          <coordinates>15.260325,-18.988190,0</coordinates>
        </Point>
      </Placemark>
      <Placemark>
        <name>Duiwelsvuur - Month 7</name>
        <description>Waterhole: Duiwelsvuur, Month: 7, Time: 2010-07-26 11:00:00, Lon: 15.259771, Lat: -18.987630</description>
        <styleUrl>#month7_style</styleUrl>
        <Point>
          <coordinates>15.259771,-18.987630,0</coordinates>
        </Point>
      </Placemark>
      <Placemark>
        <name>Duiwelsvuur - Month 7</name>
        <description>Waterhole: Duiwelsvuur, Month: 7, Time: 2010-07-26 11:20:00, Lon: 15.259722, Lat: -18.987649</description>
        <styleUrl>#month7_style</styleUrl>
        <Point>
          <coordinates>15.259722,-18.987649,0</coordinates>
        </Point>
      </Placemark>
      <Placemark>
        <name>Duiwelsvuur - Month 7</name>
        <description>Waterhole: Duiwelsvuur, Month: 7, Time: 2010-07-26 11:40:00, Lon: 15.259757, Lat: -18.987644</description>
        <styleUrl>#month7_style</styleUrl>
        <Point>
          <coordinates>15.259757,-18.987644,0</coordinates>
        </Point>
      </Placemark>
      <Placemark>
        <name>Duiwelsvuur - Month 7</name>
        <description>Waterhole: Duiwelsvuur, Month: 7, Time: 2010-07-26 12:00:00, Lon: 15.259695, Lat: -18.987671</description>
        <styleUrl>#month7_style</styleUrl>
        <Point>
          <coordinates>15.259695,-18.987671,0</coordinates>
        </Point>
      </Placemark>
      <Placemark>
        <name>Duiwelsvuur - Month 7</name>
        <description>Waterhole: Duiwelsvuur, Month: 7, Time: 2010-07-26 12:20:00, Lon: 15.260447, Lat: -18.988253</description>
        <styleUrl>#month7_style</styleUrl>
        <Point>
          <coordinates>15.260447,-18.988253,0</coordinates>
        </Point>
      </Placemark>
      <Placemark>
        <name>Duiwelsvuur - Month 7</name>
        <description>Waterhole: Duiwelsvuur, Month: 7, Time: 2010-07-26 12:40:00, Lon: 15.263488, Lat: -18.987848</description>
        <styleUrl>#month7_style</styleUrl>
        <Point>
          <coordinates>15.263488,-18.987848,0</coordinates>
        </Point>
      </Placemark>
      <Placemark>
        <name>Duiwelsvuur - Month 7</name>
        <description>Waterhole: Duiwelsvuur, Month: 7, Time: 2010-07-26 13:00:00, Lon: 15.265082, Lat: -18.987821</description>
        <styleUrl>#month7_style</styleUrl>
        <Point>
          <coordinates>15.265082,-18.987821,0</coordinates>
        </Point>
      </Placemark>
      <Placemark>
        <name>Duiwelsvuur - Month 7</name>
        <description>Waterhole: Duiwelsvuur, Month: 7, Time: 2010-07-26 13:40:00, Lon: 15.266738, Lat: -18.987431</description>
        <styleUrl>#month7_style</styleUrl>
        <Point>
          <coordinates>15.266738,-18.987431,0</coordinates>
        </Point>
      </Placemark>
      <Placemark>
        <name>Duiwelsvuur - Month 7</name>
        <description>Waterhole: Duiwelsvuur, Month: 7, Time: 2010-07-26 14:00:00, Lon: 15.266718, Lat: -18.987404</description>
        <styleUrl>#month7_style</styleUrl>
        <Point>
          <coordinates>15.266718,-18.987404,0</coordinates>
        </Point>
      </Placemark>
      <Placemark>
        <name>Duiwelsvuur - Month 7</name>
        <description>Waterhole: Duiwelsvuur, Month: 7, Time: 2010-07-26 14:20:00, Lon: 15.266721, Lat: -18.987370</description>
        <styleUrl>#month7_style</styleUrl>
        <Point>
          <coordinates>15.266721,-18.987370,0</coordinates>
        </Point>
      </Placemark>
      <Placemark>
        <name>Duiwelsvuur - Month 7</name>
        <description>Waterhole: Duiwelsvuur, Month: 7, Time: 2010-07-26 14:40:00, Lon: 15.267525, Lat: -18.986995</description>
        <styleUrl>#month7_style</styleUrl>
        <Point>
          <coordinates>15.267525,-18.986995,0</coordinates>
        </Point>
      </Placemark>
      <Placemark>
        <name>Duiwelsvuur - Month 7</name>
        <description>Waterhole: Duiwelsvuur, Month: 7, Time: 2010-07-26 15:00:00, Lon: 15.268733, Lat: -18.986562</description>
        <styleUrl>#month7_style</styleUrl>
        <Point>
          <coordinates>15.268733,-18.986562,0</coordinates>
        </Point>
      </Placemark>
      <Placemark>
        <name>Sonderkop waterhole - Month 7</name>
        <description>Waterhole: Sonderkop waterhole, Month: 7, Time: 2010-07-26 23:20:00, Lon: 15.324364, Lat: -18.970534</description>
        <styleUrl>#month7_style</styleUrl>
        <Point>
          <coordinates>15.324364,-18.970534,0</coordinates>
        </Point>
      </Placemark>
      <Placemark>
        <name>Sonderkop waterhole - Month 7</name>
        <description>Waterhole: Sonderkop waterhole, Month: 7, Time: 2010-07-26 23:40:00, Lon: 15.330248, Lat: -18.971653</description>
        <styleUrl>#month7_style</styleUrl>
        <Point>
          <coordinates>15.330248,-18.971653,0</coordinates>
        </Point>
      </Placemark>
      <Placemark>
        <name>Sonderkop waterhole - Month 7</name>
        <description>Waterhole: Sonderkop waterhole, Month: 7, Time: 2010-07-28 15:40:00, Lon: 15.328940, Lat: -18.977755</description>
        <styleUrl>#month7_style</styleUrl>
        <Point>
          <coordinates>15.328940,-18.977755,0</coordinates>
        </Point>
      </Placemark>
      <Placemark>
        <name>Sonderkop waterhole - Month 7</name>
        <description>Waterhole: Sonderkop waterhole, Month: 7, Time: 2010-07-28 16:00:00, Lon: 15.328112, Lat: -18.968945</description>
        <styleUrl>#month7_style</styleUrl>
        <Point>
          <coordinates>15.328112,-18.968945,0</coordinates>
        </Point>
      </Placemark>
      <Placemark>
        <name>Sonderkop waterhole - Month 7</name>
        <description>Waterhole: Sonderkop waterhole, Month: 7, Time: 2010-07-28 16:20:00, Lon: 15.328212, Lat: -18.968943</description>
        <styleUrl>#month7_style</styleUrl>
        <Point>
          <coordinates>15.328212,-18.968943,0</coordinates>
        </Point>
      </Placemark>
      <Placemark>
        <name>Sonderkop waterhole - Month 7</name>
        <description>Waterhole: Sonderkop waterhole, Month: 7, Time: 2010-07-28 16:40:00, Lon: 15.327639, Lat: -18.968406</description>
        <styleUrl>#month7_style</styleUrl>
        <Point>
          <coordinates>15.327639,-18.968406,0</coordinates>
        </Point>
      </Placemark>
      <Placemark>
        <name>Sonderkop waterhole - Month 7</name>
        <description>Waterhole: Sonderkop waterhole, Month: 7, Time: 2010-07-28 17:00:00, Lon: 15.327567, Lat: -18.968280</description>
        <styleUrl>#month7_style</styleUrl>
        <Point>
          <coordinates>15.327567,-18.968280,0</coordinates>
        </Point>
      </Placemark>
      <Placemark>
        <name>Sonderkop waterhole - Month 7</name>
        <description>Waterhole: Sonderkop waterhole, Month: 7, Time: 2010-07-28 17:20:00, Lon: 15.327568, Lat: -18.968292</description>
        <styleUrl>#month7_style</styleUrl>
        <Point>
          <coordinates>15.327568,-18.968292,0</coordinates>
        </Point>
      </Placemark>
      <Placemark>
        <name>Sonderkop waterhole - Month 7</name>
        <description>Waterhole: Sonderkop waterhole, Month: 7, Time: 2010-07-28 17:40:00, Lon: 15.327567, Lat: -18.968300</description>
        <styleUrl>#month7_style</styleUrl>
        <Point>
          <coordinates>15.327567,-18.968300,0</coordinates>
        </Point>
      </Placemark>
      <Placemark>
        <name>Sonderkop waterhole - Month 7</name>
        <description>Waterhole: Sonderkop waterhole, Month: 7, Time: 2010-07-28 18:00:00, Lon: 15.327550, Lat: -18.968292</description>
        <styleUrl>#month7_style</styleUrl>
        <Point>
          <coordinates>15.327550,-18.968292,0</coordinates>
        </Point>
      </Placemark>
      <Placemark>
        <name>Sonderkop waterhole - Month 7</name>
        <description>Waterhole: Sonderkop waterhole, Month: 7, Time: 2010-07-28 18:20:00, Lon: 15.327687, Lat: -18.968292</description>
        <styleUrl>#month7_style</styleUrl>
        <Point>
          <coordinates>15.327687,-18.968292,0</coordinates>
        </Point>
      </Placemark>
      <Placemark>
        <name>Sonderkop waterhole - Month 7</name>
        <description>Waterhole: Sonderkop waterhole, Month: 7, Time: 2010-07-28 18:40:00, Lon: 15.327890, Lat: -18.968604</description>
        <styleUrl>#month7_style</styleUrl>
        <Point>
          <coordinates>15.327890,-18.968604,0</coordinates>
        </Point>
      </Placemark>
      <Placemark>
        <name>Sonderkop waterhole - Month 7</name>
        <description>Waterhole: Sonderkop waterhole, Month: 7, Time: 2010-07-28 19:00:00, Lon: 15.328195, Lat: -18.968972</description>
        <styleUrl>#month7_style</styleUrl>
        <Point>
          <coordinates>15.328195,-18.968972,0</coordinates>
        </Point>
      </Placemark>
      <Placemark>
        <name>Sonderkop waterhole - Month 7</name>
        <description>Waterhole: Sonderkop waterhole, Month: 7, Time: 2010-07-28 19:20:00, Lon: 15.327660, Lat: -18.971462</description>
        <styleUrl>#month7_style</styleUrl>
        <Point>
          <coordinates>15.327660,-18.971462,0</coordinates>
        </Point>
      </Placemark>
      <Placemark>
        <name>Sonderkop waterhole - Month 7</name>
        <description>Waterhole: Sonderkop waterhole, Month: 7, Time: 2010-07-28 19:40:00, Lon: 15.327184, Lat: -18.974091</description>
        <styleUrl>#month7_style</styleUrl>
        <Point>
          <coordinates>15.327184,-18.974091,0</coordinates>
        </Point>
      </Placemark>
      <Placemark>
        <name>Sonderkop waterhole - Month 7</name>
        <description>Waterhole: Sonderkop waterhole, Month: 7, Time: 2010-07-28 20:00:00, Lon: 15.327736, Lat: -18.975222</description>
        <styleUrl>#month7_style</styleUrl>
        <Point>
          <coordinates>15.327736,-18.975222,0</coordinates>
        </Point>
      </Placemark>
      <Placemark>
        <name>Sonderkop waterhole - Month 7</name>
        <description>Waterhole: Sonderkop waterhole, Month: 7, Time: 2010-07-28 20:20:00, Lon: 15.328729, Lat: -18.975621</description>
        <styleUrl>#month7_style</styleUrl>
        <Point>
          <coordinates>15.328729,-18.975621,0</coordinates>
        </Point>
      </Placemark>
      <Placemark>
        <name>Sonderkop waterhole - Month 7</name>
        <description>Waterhole: Sonderkop waterhole, Month: 7, Time: 2010-07-28 20:40:00, Lon: 15.330557, Lat: -18.976733</description>
        <styleUrl>#month7_style</styleUrl>
        <Point>
          <coordinates>15.330557,-18.976733,0</coordinates>
        </Point>
      </Placemark>
      <Placemark>
        <name>Sonderkop waterhole - Month 7</name>
        <description>Waterhole: Sonderkop waterhole, Month: 7, Time: 2010-07-29 14:00:00, Lon: 15.322330, Lat: -18.975850</description>
        <styleUrl>#month7_style</styleUrl>
        <Point>
          <coordinates>15.322330,-18.975850,0</coordinates>
        </Point>
      </Placemark>
      <Placemark>
        <name>Sonderkop waterhole - Month 7</name>
        <description>Waterhole: Sonderkop waterhole, Month: 7, Time: 2010-07-29 14:20:00, Lon: 15.323165, Lat: -18.975995</description>
        <styleUrl>#month7_style</styleUrl>
        <Point>
          <coordinates>15.323165,-18.975995,0</coordinates>
        </Point>
      </Placemark>
      <Placemark>
        <name>Sonderkop waterhole - Month 7</name>
        <description>Waterhole: Sonderkop waterhole, Month: 7, Time: 2010-07-29 14:40:00, Lon: 15.325268, Lat: -18.975543</description>
        <styleUrl>#month7_style</styleUrl>
        <Point>
          <coordinates>15.325268,-18.975543,0</coordinates>
        </Point>
      </Placemark>
      <Placemark>
        <name>Sonderkop waterhole - Month 7</name>
        <description>Waterhole: Sonderkop waterhole, Month: 7, Time: 2010-07-29 15:00:00, Lon: 15.326906, Lat: -18.972931</description>
        <styleUrl>#month7_style</styleUrl>
        <Point>
          <coordinates>15.326906,-18.972931,0</coordinates>
        </Point>
      </Placemark>
      <Placemark>
        <name>Sonderkop waterhole - Month 7</name>
        <description>Waterhole: Sonderkop waterhole, Month: 7, Time: 2010-07-29 15:20:00, Lon: 15.328187, Lat: -18.968958</description>
        <styleUrl>#month7_style</styleUrl>
        <Point>
          <coordinates>15.328187,-18.968958,0</coordinates>
        </Point>
      </Placemark>
      <Placemark>
        <name>Sonderkop waterhole - Month 7</name>
        <description>Waterhole: Sonderkop waterhole, Month: 7, Time: 2010-07-29 15:40:00, Lon: 15.328301, Lat: -18.968923</description>
        <styleUrl>#month7_style</styleUrl>
        <Point>
          <coordinates>15.328301,-18.968923,0</coordinates>
        </Point>
      </Placemark>
      <Placemark>
        <name>Sonderkop waterhole - Month 7</name>
        <description>Waterhole: Sonderkop waterhole, Month: 7, Time: 2010-07-29 16:00:00, Lon: 15.334507, Lat: -18.969521</description>
        <styleUrl>#month7_style</styleUrl>
        <Point>
          <coordinates>15.334507,-18.969521,0</coordinates>
        </Point>
      </Placemark>
      <Placemark>
        <name>Sonderkop waterhole - Month 7</name>
        <description>Waterhole: Sonderkop waterhole, Month: 7, Time: 2010-07-30 15:40:00, Lon: 15.336254, Lat: -18.969804</description>
        <styleUrl>#month7_style</styleUrl>
        <Point>
          <coordinates>15.336254,-18.969804,0</coordinates>
        </Point>
      </Placemark>
      <Placemark>
        <name>Sonderkop waterhole - Month 7</name>
        <description>Waterhole: Sonderkop waterhole, Month: 7, Time: 2010-07-30 16:00:00, Lon: 15.329810, Lat: -18.969869</description>
        <styleUrl>#month7_style</styleUrl>
        <Point>
          <coordinates>15.329810,-18.969869,0</coordinates>
        </Point>
      </Placemark>
      <Placemark>
        <name>Sonderkop waterhole - Month 7</name>
        <description>Waterhole: Sonderkop waterhole, Month: 7, Time: 2010-07-30 16:20:00, Lon: 15.328173, Lat: -18.969004</description>
        <styleUrl>#month7_style</styleUrl>
        <Point>
          <coordinates>15.328173,-18.969004,0</coordinates>
        </Point>
      </Placemark>
      <Placemark>
        <name>Sonderkop waterhole - Month 7</name>
        <description>Waterhole: Sonderkop waterhole, Month: 7, Time: 2010-07-30 16:40:00, Lon: 15.328160, Lat: -18.968970</description>
        <styleUrl>#month7_style</styleUrl>
        <Point>
          <coordinates>15.328160,-18.968970,0</coordinates>
        </Point>
      </Placemark>
      <Placemark>
        <name>Sonderkop waterhole - Month 7</name>
        <description>Waterhole: Sonderkop waterhole, Month: 7, Time: 2010-07-30 17:00:00, Lon: 15.328168, Lat: -18.968978</description>
        <styleUrl>#month7_style</styleUrl>
        <Point>
          <coordinates>15.328168,-18.968978,0</coordinates>
        </Point>
      </Placemark>
      <Placemark>
        <name>Sonderkop waterhole - Month 7</name>
        <description>Waterhole: Sonderkop waterhole, Month: 7, Time: 2010-07-30 17:20:00, Lon: 15.328191, Lat: -18.968978</description>
        <styleUrl>#month7_style</styleUrl>
        <Point>
          <coordinates>15.328191,-18.968978,0</coordinates>
        </Point>
      </Placemark>
      <Placemark>
        <name>Sonderkop waterhole - Month 7</name>
        <description>Waterhole: Sonderkop waterhole, Month: 7, Time: 2010-07-30 17:40:00, Lon: 15.328138, Lat: -18.968972</description>
        <styleUrl>#month7_style</styleUrl>
        <Point>
          <coordinates>15.328138,-18.968972,0</coordinates>
        </Point>
      </Placemark>
      <Placemark>
        <name>Sonderkop waterhole - Month 7</name>
        <description>Waterhole: Sonderkop waterhole, Month: 7, Time: 2010-07-30 18:00:00, Lon: 15.330702, Lat: -18.970162</description>
        <styleUrl>#month7_style</styleUrl>
        <Point>
          <coordinates>15.330702,-18.970162,0</coordinates>
        </Point>
      </Placemark>
      <Placemark>
        <name>Sonderkop waterhole - Month 7</name>
        <description>Waterhole: Sonderkop waterhole, Month: 7, Time: 2010-07-30 18:20:00, Lon: 15.335837, Lat: -18.972550</description>
        <styleUrl>#month7_style</styleUrl>
        <Point>
          <coordinates>15.335837,-18.972550,0</coordinates>
        </Point>
      </Placemark>
      <Placemark>
        <name>Sonderkop waterhole - Month 7</name>
        <description>Waterhole: Sonderkop waterhole, Month: 7, Time: 2010-07-31 17:00:00, Lon: 15.329299, Lat: -18.970575</description>
        <styleUrl>#month7_style</styleUrl>
        <Point>
          <coordinates>15.329299,-18.970575,0</coordinates>
        </Point>
      </Placemark>
      <Placemark>
        <name>Sonderkop waterhole - Month 7</name>
        <description>Waterhole: Sonderkop waterhole, Month: 7, Time: 2010-07-31 17:20:00, Lon: 15.328184, Lat: -18.968935</description>
        <styleUrl>#month7_style</styleUrl>
        <Point>
          <coordinates>15.328184,-18.968935,0</coordinates>
        </Point>
      </Placemark>
      <Placemark>
        <name>Sonderkop waterhole - Month 7</name>
        <description>Waterhole: Sonderkop waterhole, Month: 7, Time: 2010-07-31 17:40:00, Lon: 15.328155, Lat: -18.968960</description>
        <styleUrl>#month7_style</styleUrl>
        <Point>
          <coordinates>15.328155,-18.968960,0</coordinates>
        </Point>
      </Placemark>
      <Placemark>
        <name>Sonderkop waterhole - Month 7</name>
        <description>Waterhole: Sonderkop waterhole, Month: 7, Time: 2010-07-31 18:00:00, Lon: 15.328153, Lat: -18.968925</description>
        <styleUrl>#month7_style</styleUrl>
        <Point>
          <coordinates>15.328153,-18.968925,0</coordinates>
        </Point>
      </Placemark>
      <Placemark>
        <name>Sonderkop waterhole - Month 7</name>
        <description>Waterhole: Sonderkop waterhole, Month: 7, Time: 2010-07-31 18:20:00, Lon: 15.328052, Lat: -18.968791</description>
        <styleUrl>#month7_style</styleUrl>
        <Point>
          <coordinates>15.328052,-18.968791,0</coordinates>
        </Point>
      </Placemark>
      <Placemark>
        <name>Sonderkop waterhole - Month 7</name>
        <description>Waterhole: Sonderkop waterhole, Month: 7, Time: 2010-07-31 18:40:00, Lon: 15.335830, Lat: -18.967938</description>
        <styleUrl>#month7_style</styleUrl>
        <Point>
          <coordinates>15.335830,-18.967938,0</coordinates>
        </Point>
      </Placemark>
      <Placemark>
        <name>Sonderkop waterhole - Month 8</name>
        <description>Waterhole: Sonderkop waterhole, Month: 8, Time: 2010-08-01 17:00:00, Lon: 15.332094, Lat: -18.973155</description>
        <styleUrl>#month8_style</styleUrl>
        <Point>
          <coordinates>15.332094,-18.973155,0</coordinates>
        </Point>
      </Placemark>
      <Placemark>
        <name>Sonderkop waterhole - Month 8</name>
        <description>Waterhole: Sonderkop waterhole, Month: 8, Time: 2010-08-01 17:20:00, Lon: 15.328196, Lat: -18.968958</description>
        <styleUrl>#month8_style</styleUrl>
        <Point>
          <coordinates>15.328196,-18.968958,0</coordinates>
        </Point>
      </Placemark>
      <Placemark>
        <name>Sonderkop waterhole - Month 8</name>
        <description>Waterhole: Sonderkop waterhole, Month: 8, Time: 2010-08-01 17:40:00, Lon: 15.328304, Lat: -18.968343</description>
        <styleUrl>#month8_style</styleUrl>
        <Point>
          <coordinates>15.328304,-18.968343,0</coordinates>
        </Point>
      </Placemark>
      <Placemark>
        <name>Sonderkop waterhole - Month 8</name>
        <description>Waterhole: Sonderkop waterhole, Month: 8, Time: 2010-08-01 18:00:00, Lon: 15.328394, Lat: -18.968260</description>
        <styleUrl>#month8_style</styleUrl>
        <Point>
          <coordinates>15.328394,-18.968260,0</coordinates>
        </Point>
      </Placemark>
      <Placemark>
        <name>Sonderkop waterhole - Month 8</name>
        <description>Waterhole: Sonderkop waterhole, Month: 8, Time: 2010-08-01 18:20:00, Lon: 15.330086, Lat: -18.966986</description>
        <styleUrl>#month8_style</styleUrl>
        <Point>
          <coordinates>15.330086,-18.966986,0</coordinates>
        </Point>
      </Placemark>
      <Placemark>
        <name>Sonderkop waterhole - Month 8</name>
        <description>Waterhole: Sonderkop waterhole, Month: 8, Time: 2010-08-01 18:40:00, Lon: 15.333182, Lat: -18.963324</description>
        <styleUrl>#month8_style</styleUrl>
        <Point>
          <coordinates>15.333182,-18.963324,0</coordinates>
        </Point>
      </Placemark>
      <Placemark>
        <name>Sonderkop waterhole - Month 8</name>
        <description>Waterhole: Sonderkop waterhole, Month: 8, Time: 2010-08-02 17:40:00, Lon: 15.336500, Lat: -18.966612</description>
        <styleUrl>#month8_style</styleUrl>
        <Point>
          <coordinates>15.336500,-18.966612,0</coordinates>
        </Point>
      </Placemark>
      <Placemark>
        <name>Sonderkop waterhole - Month 8</name>
        <description>Waterhole: Sonderkop waterhole, Month: 8, Time: 2010-08-02 18:00:00, Lon: 15.331384, Lat: -18.968079</description>
        <styleUrl>#month8_style</styleUrl>
        <Point>
          <coordinates>15.331384,-18.968079,0</coordinates>
        </Point>
      </Placemark>
      <Placemark>
        <name>Sonderkop waterhole - Month 8</name>
        <description>Waterhole: Sonderkop waterhole, Month: 8, Time: 2010-08-02 18:20:00, Lon: 15.330192, Lat: -18.968435</description>
        <styleUrl>#month8_style</styleUrl>
        <Point>
          <coordinates>15.330192,-18.968435,0</coordinates>
        </Point>
      </Placemark>
      <Placemark>
        <name>Sonderkop waterhole - Month 8</name>
        <description>Waterhole: Sonderkop waterhole, Month: 8, Time: 2010-08-02 18:40:00, Lon: 15.329933, Lat: -18.968614</description>
        <styleUrl>#month8_style</styleUrl>
        <Point>
          <coordinates>15.329933,-18.968614,0</coordinates>
        </Point>
      </Placemark>
      <Placemark>
        <name>Sonderkop waterhole - Month 8</name>
        <description>Waterhole: Sonderkop waterhole, Month: 8, Time: 2010-08-02 19:00:00, Lon: 15.329736, Lat: -18.968551</description>
        <styleUrl>#month8_style</styleUrl>
        <Point>
          <coordinates>15.329736,-18.968551,0</coordinates>
        </Point>
      </Placemark>
      <Placemark>
        <name>Sonderkop waterhole - Month 8</name>
        <description>Waterhole: Sonderkop waterhole, Month: 8, Time: 2010-08-02 19:20:00, Lon: 15.329675, Lat: -18.968197</description>
        <styleUrl>#month8_style</styleUrl>
        <Point>
          <coordinates>15.329675,-18.968197,0</coordinates>
        </Point>
      </Placemark>
      <Placemark>
        <name>Sonderkop waterhole - Month 8</name>
        <description>Waterhole: Sonderkop waterhole, Month: 8, Time: 2010-08-02 19:40:00, Lon: 15.329535, Lat: -18.967582</description>
        <styleUrl>#month8_style</styleUrl>
        <Point>
          <coordinates>15.329535,-18.967582,0</coordinates>
        </Point>
      </Placemark>
      <Placemark>
        <name>Sonderkop waterhole - Month 8</name>
        <description>Waterhole: Sonderkop waterhole, Month: 8, Time: 2010-08-02 20:00:00, Lon: 15.329555, Lat: -18.967824</description>
        <styleUrl>#month8_style</styleUrl>
        <Point>
          <coordinates>15.329555,-18.967824,0</coordinates>
        </Point>
      </Placemark>
      <Placemark>
        <name>Sonderkop waterhole - Month 8</name>
        <description>Waterhole: Sonderkop waterhole, Month: 8, Time: 2010-08-02 20:20:00, Lon: 15.329553, Lat: -18.967818</description>
        <styleUrl>#month8_style</styleUrl>
        <Point>
          <coordinates>15.329553,-18.967818,0</coordinates>
        </Point>
      </Placemark>
      <Placemark>
        <name>Sonderkop waterhole - Month 8</name>
        <description>Waterhole: Sonderkop waterhole, Month: 8, Time: 2010-08-02 20:40:00, Lon: 15.329277, Lat: -18.969128</description>
        <styleUrl>#month8_style</styleUrl>
        <Point>
          <coordinates>15.329277,-18.969128,0</coordinates>
        </Point>
      </Placemark>
      <Placemark>
        <name>Sonderkop waterhole - Month 8</name>
        <description>Waterhole: Sonderkop waterhole, Month: 8, Time: 2010-08-02 21:00:00, Lon: 15.328211, Lat: -18.968986</description>
        <styleUrl>#month8_style</styleUrl>
        <Point>
          <coordinates>15.328211,-18.968986,0</coordinates>
        </Point>
      </Placemark>
      <Placemark>
        <name>Sonderkop waterhole - Month 8</name>
        <description>Waterhole: Sonderkop waterhole, Month: 8, Time: 2010-08-02 21:20:00, Lon: 15.328201, Lat: -18.968984</description>
        <styleUrl>#month8_style</styleUrl>
        <Point>
          <coordinates>15.328201,-18.968984,0</coordinates>
        </Point>
      </Placemark>
      <Placemark>
        <name>Sonderkop waterhole - Month 8</name>
        <description>Waterhole: Sonderkop waterhole, Month: 8, Time: 2010-08-02 21:40:00, Lon: 15.331941, Lat: -18.969458</description>
        <styleUrl>#month8_style</styleUrl>
        <Point>
          <coordinates>15.331941,-18.969458,0</coordinates>
        </Point>
      </Placemark>
      <Placemark>
        <name>Sonderkop waterhole - Month 8</name>
        <description>Waterhole: Sonderkop waterhole, Month: 8, Time: 2010-08-02 22:00:00, Lon: 15.335671, Lat: -18.970070</description>
        <styleUrl>#month8_style</styleUrl>
        <Point>
          <coordinates>15.335671,-18.970070,0</coordinates>
        </Point>
      </Placemark>
      <Placemark>
        <name>Ozonjuitji m'Bari - Month 8</name>
        <description>Waterhole: Ozonjuitji m'Bari, Month: 8, Time: 2010-08-03 17:20:00, Lon: 15.498143, Lat: -18.973572</description>
        <styleUrl>#month8_style</styleUrl>
        <Point>
          <coordinates>15.498143,-18.973572,0</coordinates>
        </Point>
      </Placemark>
      <Placemark>
        <name>Ozonjuitji m'Bari - Month 8</name>
        <description>Waterhole: Ozonjuitji m'Bari, Month: 8, Time: 2010-08-03 17:40:00, Lon: 15.503600, Lat: -18.976430</description>
        <styleUrl>#month8_style</styleUrl>
        <Point>
          <coordinates>15.503600,-18.976430,0</coordinates>
        </Point>
      </Placemark>
      <Placemark>
        <name>Ozonjuitji m'Bari - Month 8</name>
        <description>Waterhole: Ozonjuitji m'Bari, Month: 8, Time: 2010-08-03 18:00:00, Lon: 15.504698, Lat: -18.977153</description>
        <styleUrl>#month8_style</styleUrl>
        <Point>
          <coordinates>15.504698,-18.977153,0</coordinates>
        </Point>
      </Placemark>
      <Placemark>
        <name>Ozonjuitji m'Bari - Month 8</name>
        <description>Waterhole: Ozonjuitji m'Bari, Month: 8, Time: 2010-08-04 19:00:00, Lon: 15.503612, Lat: -18.976562</description>
        <styleUrl>#month8_style</styleUrl>
        <Point>
          <coordinates>15.503612,-18.976562,0</coordinates>
        </Point>
      </Placemark>
      <Placemark>
        <name>Ozonjuitji m'Bari - Month 8</name>
        <description>Waterhole: Ozonjuitji m'Bari, Month: 8, Time: 2010-08-04 19:20:00, Lon: 15.503632, Lat: -18.976503</description>
        <styleUrl>#month8_style</styleUrl>
        <Point>
          <coordinates>15.503632,-18.976503,0</coordinates>
        </Point>
      </Placemark>
      <Placemark>
        <name>Ozonjuitji m'Bari - Month 8</name>
        <description>Waterhole: Ozonjuitji m'Bari, Month: 8, Time: 2010-08-04 19:40:00, Lon: 15.500903, Lat: -18.977002</description>
        <styleUrl>#month8_style</styleUrl>
        <Point>
          <coordinates>15.500903,-18.977002,0</coordinates>
        </Point>
      </Placemark>
      <Placemark>
        <name>Ozonjuitji m'Bari - Month 8</name>
        <description>Waterhole: Ozonjuitji m'Bari, Month: 8, Time: 2010-08-04 20:00:00, Lon: 15.494570, Lat: -18.979154</description>
        <styleUrl>#month8_style</styleUrl>
        <Point>
          <coordinates>15.494570,-18.979154,0</coordinates>
        </Point>
      </Placemark>
      <Placemark>
        <name>Ozonjuitji m'Bari - Month 8</name>
        <description>Waterhole: Ozonjuitji m'Bari, Month: 8, Time: 2010-08-05 17:20:00, Lon: 15.499041, Lat: -18.979714</description>
        <styleUrl>#month8_style</styleUrl>
        <Point>
          <coordinates>15.499041,-18.979714,0</coordinates>
        </Point>
      </Placemark>
      <Placemark>
        <name>Ozonjuitji m'Bari - Month 8</name>
        <description>Waterhole: Ozonjuitji m'Bari, Month: 8, Time: 2010-08-05 17:40:00, Lon: 15.503616, Lat: -18.976544</description>
        <styleUrl>#month8_style</styleUrl>
        <Point>
          <coordinates>15.503616,-18.976544,0</coordinates>
        </Point>
      </Placemark>
      <Placemark>
        <name>Ozonjuitji m'Bari - Month 8</name>
        <description>Waterhole: Ozonjuitji m'Bari, Month: 8, Time: 2010-08-05 18:00:00, Lon: 15.503602, Lat: -18.976542</description>
        <styleUrl>#month8_style</styleUrl>
        <Point>
          <coordinates>15.503602,-18.976542,0</coordinates>
        </Point>
      </Placemark>
      <Placemark>
        <name>Ozonjuitji m'Bari - Month 8</name>
        <description>Waterhole: Ozonjuitji m'Bari, Month: 8, Time: 2010-08-05 18:20:00, Lon: 15.503677, Lat: -18.976593</description>
        <styleUrl>#month8_style</styleUrl>
        <Point>
          <coordinates>15.503677,-18.976593,0</coordinates>
        </Point>
      </Placemark>
      <Placemark>
        <name>Ozonjuitji m'Bari - Month 8</name>
        <description>Waterhole: Ozonjuitji m'Bari, Month: 8, Time: 2010-08-05 18:40:00, Lon: 15.504630, Lat: -18.980595</description>
        <styleUrl>#month8_style</styleUrl>
        <Point>
          <coordinates>15.504630,-18.980595,0</coordinates>
        </Point>
      </Placemark>
      <Placemark>
        <name>Ozonjuitji m'Bari - Month 8</name>
        <description>Waterhole: Ozonjuitji m'Bari, Month: 8, Time: 2010-08-07 17:40:00, Lon: 15.506564, Lat: -18.982987</description>
        <styleUrl>#month8_style</styleUrl>
        <Point>
          <coordinates>15.506564,-18.982987,0</coordinates>
        </Point>
      </Placemark>
      <Placemark>
        <name>Ozonjuitji m'Bari - Month 8</name>
        <description>Waterhole: Ozonjuitji m'Bari, Month: 8, Time: 2010-08-07 18:00:00, Lon: 15.503614, Lat: -18.976585</description>
        <styleUrl>#month8_style</styleUrl>
        <Point>
          <coordinates>15.503614,-18.976585,0</coordinates>
        </Point>
      </Placemark>
      <Placemark>
        <name>Ozonjuitji m'Bari - Month 8</name>
        <description>Waterhole: Ozonjuitji m'Bari, Month: 8, Time: 2010-08-07 18:20:00, Lon: 15.503648, Lat: -18.976536</description>
        <styleUrl>#month8_style</styleUrl>
        <Point>
          <coordinates>15.503648,-18.976536,0</coordinates>
        </Point>
      </Placemark>
      <Placemark>
        <name>Ozonjuitji m'Bari - Month 8</name>
        <description>Waterhole: Ozonjuitji m'Bari, Month: 8, Time: 2010-08-07 18:40:00, Lon: 15.503697, Lat: -18.976558</description>
        <styleUrl>#month8_style</styleUrl>
        <Point>
          <coordinates>15.503697,-18.976558,0</coordinates>
        </Point>
      </Placemark>
      <Placemark>
        <name>Ozonjuitji m'Bari - Month 8</name>
        <description>Waterhole: Ozonjuitji m'Bari, Month: 8, Time: 2010-08-07 19:00:00, Lon: 15.503659, Lat: -18.976560</description>
        <styleUrl>#month8_style</styleUrl>
        <Point>
          <coordinates>15.503659,-18.976560,0</coordinates>
        </Point>
      </Placemark>
      <Placemark>
        <name>Ozonjuitji m'Bari - Month 8</name>
        <description>Waterhole: Ozonjuitji m'Bari, Month: 8, Time: 2010-08-07 19:20:00, Lon: 15.503631, Lat: -18.976589</description>
        <styleUrl>#month8_style</styleUrl>
        <Point>
          <coordinates>15.503631,-18.976589,0</coordinates>
        </Point>
      </Placemark>
      <Placemark>
        <name>Ozonjuitji m'Bari - Month 8</name>
        <description>Waterhole: Ozonjuitji m'Bari, Month: 8, Time: 2010-08-07 19:40:00, Lon: 15.500633, Lat: -18.973025</description>
        <styleUrl>#month8_style</styleUrl>
        <Point>
          <coordinates>15.500633,-18.973025,0</coordinates>
        </Point>
      </Placemark>
      <Placemark>
        <name>Ozonjuitji m'Bari - Month 8</name>
        <description>Waterhole: Ozonjuitji m'Bari, Month: 8, Time: 2010-08-07 20:00:00, Lon: 15.499465, Lat: -18.969759</description>
        <styleUrl>#month8_style</styleUrl>
        <Point>
          <coordinates>15.499465,-18.969759,0</coordinates>
        </Point>
      </Placemark>
      <Placemark>
        <name>Ozonjuitji m'Bari - Month 8</name>
        <description>Waterhole: Ozonjuitji m'Bari, Month: 8, Time: 2010-08-08 16:20:00, Lon: 15.501845, Lat: -18.970371</description>
        <styleUrl>#month8_style</styleUrl>
        <Point>
          <coordinates>15.501845,-18.970371,0</coordinates>
        </Point>
      </Placemark>
      <Placemark>
        <name>Ozonjuitji m'Bari - Month 8</name>
        <description>Waterhole: Ozonjuitji m'Bari, Month: 8, Time: 2010-08-08 16:40:00, Lon: 15.503619, Lat: -18.976497</description>
        <styleUrl>#month8_style</styleUrl>
        <Point>
          <coordinates>15.503619,-18.976497,0</coordinates>
        </Point>
      </Placemark>
      <Placemark>
        <name>Ozonjuitji m'Bari - Month 8</name>
        <description>Waterhole: Ozonjuitji m'Bari, Month: 8, Time: 2010-08-08 17:00:00, Lon: 15.503576, Lat: -18.976532</description>
        <styleUrl>#month8_style</styleUrl>
        <Point>
          <coordinates>15.503576,-18.976532,0</coordinates>
        </Point>
      </Placemark>
      <Placemark>
        <name>Ozonjuitji m'Bari - Month 8</name>
        <description>Waterhole: Ozonjuitji m'Bari, Month: 8, Time: 2010-08-08 17:20:00, Lon: 15.503580, Lat: -18.976522</description>
        <styleUrl>#month8_style</styleUrl>
        <Point>
          <coordinates>15.503580,-18.976522,0</coordinates>
        </Point>
      </Placemark>
      <Placemark>
        <name>Ozonjuitji m'Bari - Month 8</name>
        <description>Waterhole: Ozonjuitji m'Bari, Month: 8, Time: 2010-08-08 17:40:00, Lon: 15.503597, Lat: -18.976538</description>
        <styleUrl>#month8_style</styleUrl>
        <Point>
          <coordinates>15.503597,-18.976538,0</coordinates>
        </Point>
      </Placemark>
      <Placemark>
        <name>Ozonjuitji m'Bari - Month 8</name>
        <description>Waterhole: Ozonjuitji m'Bari, Month: 8, Time: 2010-08-08 18:00:00, Lon: 15.503639, Lat: -18.976583</description>
        <styleUrl>#month8_style</styleUrl>
        <Point>
          <coordinates>15.503639,-18.976583,0</coordinates>
        </Point>
      </Placemark>
      <Placemark>
        <name>Ozonjuitji m'Bari - Month 8</name>
        <description>Waterhole: Ozonjuitji m'Bari, Month: 8, Time: 2010-08-08 18:20:00, Lon: 15.503637, Lat: -18.976565</description>
        <styleUrl>#month8_style</styleUrl>
        <Point>
          <coordinates>15.503637,-18.976565,0</coordinates>
        </Point>
      </Placemark>
      <Placemark>
        <name>Ozonjuitji m'Bari - Month 8</name>
        <description>Waterhole: Ozonjuitji m'Bari, Month: 8, Time: 2010-08-08 18:40:00, Lon: 15.510257, Lat: -18.980050</description>
        <styleUrl>#month8_style</styleUrl>
        <Point>
          <coordinates>15.510257,-18.980050,0</coordinates>
        </Point>
      </Placemark>
      <Placemark>
        <name>Ozonjuitji m'Bari - Month 8</name>
        <description>Waterhole: Ozonjuitji m'Bari, Month: 8, Time: 2010-08-08 20:20:00, Lon: 15.510575, Lat: -18.972748</description>
        <styleUrl>#month8_style</styleUrl>
        <Point>
          <coordinates>15.510575,-18.972748,0</coordinates>
        </Point>
      </Placemark>
      <Placemark>
        <name>Ozonjuitji m'Bari - Month 8</name>
        <description>Waterhole: Ozonjuitji m'Bari, Month: 8, Time: 2010-08-08 20:40:00, Lon: 15.508737, Lat: -18.969216</description>
        <styleUrl>#month8_style</styleUrl>
        <Point>
          <coordinates>15.508737,-18.969216,0</coordinates>
        </Point>
      </Placemark>
      <Placemark>
        <name>Ozonjuitji m'Bari - Month 8</name>
        <description>Waterhole: Ozonjuitji m'Bari, Month: 8, Time: 2010-08-09 13:40:00, Lon: 15.502584, Lat: -18.974573</description>
        <styleUrl>#month8_style</styleUrl>
        <Point>
          <coordinates>15.502584,-18.974573,0</coordinates>
        </Point>
      </Placemark>
      <Placemark>
        <name>Ozonjuitji m'Bari - Month 8</name>
        <description>Waterhole: Ozonjuitji m'Bari, Month: 8, Time: 2010-08-09 14:00:00, Lon: 15.503605, Lat: -18.976558</description>
        <styleUrl>#month8_style</styleUrl>
        <Point>
          <coordinates>15.503605,-18.976558,0</coordinates>
        </Point>
      </Placemark>
      <Placemark>
        <name>Ozonjuitji m'Bari - Month 8</name>
        <description>Waterhole: Ozonjuitji m'Bari, Month: 8, Time: 2010-08-09 14:20:00, Lon: 15.503606, Lat: -18.976540</description>
        <styleUrl>#month8_style</styleUrl>
        <Point>
          <coordinates>15.503606,-18.976540,0</coordinates>
        </Point>
      </Placemark>
      <Placemark>
        <name>Ozonjuitji m'Bari - Month 8</name>
        <description>Waterhole: Ozonjuitji m'Bari, Month: 8, Time: 2010-08-09 14:40:00, Lon: 15.503572, Lat: -18.976489</description>
        <styleUrl>#month8_style</styleUrl>
        <Point>
          <coordinates>15.503572,-18.976489,0</coordinates>
        </Point>
      </Placemark>
      <Placemark>
        <name>Ozonjuitji m'Bari - Month 8</name>
        <description>Waterhole: Ozonjuitji m'Bari, Month: 8, Time: 2010-08-09 15:00:00, Lon: 15.503614, Lat: -18.976528</description>
        <styleUrl>#month8_style</styleUrl>
        <Point>
          <coordinates>15.503614,-18.976528,0</coordinates>
        </Point>
      </Placemark>
      <Placemark>
        <name>Ozonjuitji m'Bari - Month 8</name>
        <description>Waterhole: Ozonjuitji m'Bari, Month: 8, Time: 2010-08-09 15:20:00, Lon: 15.503527, Lat: -18.976467</description>
        <styleUrl>#month8_style</styleUrl>
        <Point>
          <coordinates>15.503527,-18.976467,0</coordinates>
        </Point>
      </Placemark>
      <Placemark>
        <name>Ozonjuitji m'Bari - Month 8</name>
        <description>Waterhole: Ozonjuitji m'Bari, Month: 8, Time: 2010-08-09 15:40:00, Lon: 15.502537, Lat: -18.974506</description>
        <styleUrl>#month8_style</styleUrl>
        <Point>
          <coordinates>15.502537,-18.974506,0</coordinates>
        </Point>
      </Placemark>
      <Placemark>
        <name>Ozonjuitji m'Bari - Month 8</name>
        <description>Waterhole: Ozonjuitji m'Bari, Month: 8, Time: 2010-08-09 16:00:00, Lon: 15.501058, Lat: -18.969928</description>
        <styleUrl>#month8_style</styleUrl>
        <Point>
          <coordinates>15.501058,-18.969928,0</coordinates>
        </Point>
      </Placemark>
      <Placemark>
        <name>Ozonjuitji m'Bari - Month 8</name>
        <description>Waterhole: Ozonjuitji m'Bari, Month: 8, Time: 2010-08-10 15:20:00, Lon: 15.506937, Lat: -18.969942</description>
        <styleUrl>#month8_style</styleUrl>
        <Point>
          <coordinates>15.506937,-18.969942,0</coordinates>
        </Point>
      </Placemark>
      <Placemark>
        <name>Ozonjuitji m'Bari - Month 8</name>
        <description>Waterhole: Ozonjuitji m'Bari, Month: 8, Time: 2010-08-10 15:40:00, Lon: 15.505890, Lat: -18.971517</description>
        <styleUrl>#month8_style</styleUrl>
        <Point>
          <coordinates>15.505890,-18.971517,0</coordinates>
        </Point>
      </Placemark>
      <Placemark>
        <name>Ozonjuitji m'Bari - Month 8</name>
        <description>Waterhole: Ozonjuitji m'Bari, Month: 8, Time: 2010-08-10 16:00:00, Lon: 15.503606, Lat: -18.976481</description>
        <styleUrl>#month8_style</styleUrl>
        <Point>
          <coordinates>15.503606,-18.976481,0</coordinates>
        </Point>
      </Placemark>
      <Placemark>
        <name>Ozonjuitji m'Bari - Month 8</name>
        <description>Waterhole: Ozonjuitji m'Bari, Month: 8, Time: 2010-08-10 16:20:00, Lon: 15.503577, Lat: -18.976530</description>
        <styleUrl>#month8_style</styleUrl>
        <Point>
          <coordinates>15.503577,-18.976530,0</coordinates>
        </Point>
      </Placemark>
      <Placemark>
        <name>Ozonjuitji m'Bari - Month 8</name>
        <description>Waterhole: Ozonjuitji m'Bari, Month: 8, Time: 2010-08-10 16:40:00, Lon: 15.503601, Lat: -18.976530</description>
        <styleUrl>#month8_style</styleUrl>
        <Point>
          <coordinates>15.503601,-18.976530,0</coordinates>
        </Point>
      </Placemark>
      <Placemark>
        <name>Ozonjuitji m'Bari - Month 8</name>
        <description>Waterhole: Ozonjuitji m'Bari, Month: 8, Time: 2010-08-10 17:00:00, Lon: 15.505020, Lat: -18.977690</description>
        <styleUrl>#month8_style</styleUrl>
        <Point>
          <coordinates>15.505020,-18.977690,0</coordinates>
        </Point>
      </Placemark>
      <Placemark>
        <name>Ozonjuitji m'Bari - Month 8</name>
        <description>Waterhole: Ozonjuitji m'Bari, Month: 8, Time: 2010-08-10 17:20:00, Lon: 15.501984, Lat: -18.980214</description>
        <styleUrl>#month8_style</styleUrl>
        <Point>
          <coordinates>15.501984,-18.980214,0</coordinates>
        </Point>
      </Placemark>
      <Placemark>
        <name>Sonderkop waterhole - Month 8</name>
        <description>Waterhole: Sonderkop waterhole, Month: 8, Time: 2010-08-11 18:20:00, Lon: 15.331322, Lat: -18.972628</description>
        <styleUrl>#month8_style</styleUrl>
        <Point>
          <coordinates>15.331322,-18.972628,0</coordinates>
        </Point>
      </Placemark>
      <Placemark>
        <name>Sonderkop waterhole - Month 8</name>
        <description>Waterhole: Sonderkop waterhole, Month: 8, Time: 2010-08-11 18:40:00, Lon: 15.328197, Lat: -18.968951</description>
        <styleUrl>#month8_style</styleUrl>
        <Point>
          <coordinates>15.328197,-18.968951,0</coordinates>
        </Point>
      </Placemark>
      <Placemark>
        <name>Sonderkop waterhole - Month 8</name>
        <description>Waterhole: Sonderkop waterhole, Month: 8, Time: 2010-08-11 19:00:00, Lon: 15.328151, Lat: -18.968986</description>
        <styleUrl>#month8_style</styleUrl>
        <Point>
          <coordinates>15.328151,-18.968986,0</coordinates>
        </Point>
      </Placemark>
      <Placemark>
        <name>Sonderkop waterhole - Month 8</name>
        <description>Waterhole: Sonderkop waterhole, Month: 8, Time: 2010-08-11 19:20:00, Lon: 15.328207, Lat: -18.968980</description>
        <styleUrl>#month8_style</styleUrl>
        <Point>
          <coordinates>15.328207,-18.968980,0</coordinates>
        </Point>
      </Placemark>
      <Placemark>
        <name>Sonderkop waterhole - Month 8</name>
        <description>Waterhole: Sonderkop waterhole, Month: 8, Time: 2010-08-11 19:40:00, Lon: 15.328074, Lat: -18.975338</description>
        <styleUrl>#month8_style</styleUrl>
        <Point>
          <coordinates>15.328074,-18.975338,0</coordinates>
        </Point>
      </Placemark>
      <Placemark>
        <name>Duiwelsvuur - Month 8</name>
        <description>Waterhole: Duiwelsvuur, Month: 8, Time: 2010-08-12 17:00:00, Lon: 15.268810, Lat: -18.985777</description>
        <styleUrl>#month8_style</styleUrl>
        <Point>
          <coordinates>15.268810,-18.985777,0</coordinates>
        </Point>
      </Placemark>
      <Placemark>
        <name>Duiwelsvuur - Month 8</name>
        <description>Waterhole: Duiwelsvuur, Month: 8, Time: 2010-08-12 17:20:00, Lon: 15.262797, Lat: -18.987376</description>
        <styleUrl>#month8_style</styleUrl>
        <Point>
          <coordinates>15.262797,-18.987376,0</coordinates>
        </Point>
      </Placemark>
      <Placemark>
        <name>Duiwelsvuur - Month 8</name>
        <description>Waterhole: Duiwelsvuur, Month: 8, Time: 2010-08-12 17:40:00, Lon: 15.259720, Lat: -18.987675</description>
        <styleUrl>#month8_style</styleUrl>
        <Point>
          <coordinates>15.259720,-18.987675,0</coordinates>
        </Point>
      </Placemark>
      <Placemark>
        <name>Duiwelsvuur - Month 8</name>
        <description>Waterhole: Duiwelsvuur, Month: 8, Time: 2010-08-12 18:00:00, Lon: 15.259703, Lat: -18.987659</description>
        <styleUrl>#month8_style</styleUrl>
        <Point>
          <coordinates>15.259703,-18.987659,0</coordinates>
        </Point>
      </Placemark>
      <Placemark>
        <name>Duiwelsvuur - Month 8</name>
        <description>Waterhole: Duiwelsvuur, Month: 8, Time: 2010-08-12 18:20:00, Lon: 15.259735, Lat: -18.987665</description>
        <styleUrl>#month8_style</styleUrl>
        <Point>
          <coordinates>15.259735,-18.987665,0</coordinates>
        </Point>
      </Placemark>
      <Placemark>
        <name>Duiwelsvuur - Month 8</name>
        <description>Waterhole: Duiwelsvuur, Month: 8, Time: 2010-08-12 18:40:00, Lon: 15.261328, Lat: -18.989073</description>
        <styleUrl>#month8_style</styleUrl>
        <Point>
          <coordinates>15.261328,-18.989073,0</coordinates>
        </Point>
      </Placemark>
      <Placemark>
        <name>Duiwelsvuur - Month 8</name>
        <description>Waterhole: Duiwelsvuur, Month: 8, Time: 2010-08-12 19:00:00, Lon: 15.264266, Lat: -18.995329</description>
        <styleUrl>#month8_style</styleUrl>
        <Point>
          <coordinates>15.264266,-18.995329,0</coordinates>
        </Point>
      </Placemark>
      <Placemark>
        <name>Duiwelsvuur - Month 8</name>
        <description>Waterhole: Duiwelsvuur, Month: 8, Time: 2010-08-13 11:40:00, Lon: 15.263348, Lat: -18.989748</description>
        <styleUrl>#month8_style</styleUrl>
        <Point>
          <coordinates>15.263348,-18.989748,0</coordinates>
        </Point>
      </Placemark>
      <Placemark>
        <name>Duiwelsvuur - Month 8</name>
        <description>Waterhole: Duiwelsvuur, Month: 8, Time: 2010-08-13 12:00:00, Lon: 15.259747, Lat: -18.987602</description>
        <styleUrl>#month8_style</styleUrl>
        <Point>
          <coordinates>15.259747,-18.987602,0</coordinates>
        </Point>
      </Placemark>
      <Placemark>
        <name>Duiwelsvuur - Month 8</name>
        <description>Waterhole: Duiwelsvuur, Month: 8, Time: 2010-08-13 12:20:00, Lon: 15.259730, Lat: -18.987608</description>
        <styleUrl>#month8_style</styleUrl>
        <Point>
          <coordinates>15.259730,-18.987608,0</coordinates>
        </Point>
      </Placemark>
      <Placemark>
        <name>Duiwelsvuur - Month 8</name>
        <description>Waterhole: Duiwelsvuur, Month: 8, Time: 2010-08-13 12:40:00, Lon: 15.259716, Lat: -18.987659</description>
        <styleUrl>#month8_style</styleUrl>
        <Point>
          <coordinates>15.259716,-18.987659,0</coordinates>
        </Point>
      </Placemark>
      <Placemark>
        <name>Duiwelsvuur - Month 8</name>
        <description>Waterhole: Duiwelsvuur, Month: 8, Time: 2010-08-13 13:00:00, Lon: 15.259746, Lat: -18.987612</description>
        <styleUrl>#month8_style</styleUrl>
        <Point>
          <coordinates>15.259746,-18.987612,0</coordinates>
        </Point>
      </Placemark>
      <Placemark>
        <name>Duiwelsvuur - Month 8</name>
        <description>Waterhole: Duiwelsvuur, Month: 8, Time: 2010-08-13 13:20:00, Lon: 15.259793, Lat: -18.987585</description>
        <styleUrl>#month8_style</styleUrl>
        <Point>
          <coordinates>15.259793,-18.987585,0</coordinates>
        </Point>
      </Placemark>
      <Placemark>
        <name>Duiwelsvuur - Month 8</name>
        <description>Waterhole: Duiwelsvuur, Month: 8, Time: 2010-08-13 13:40:00, Lon: 15.259734, Lat: -18.987642</description>
        <styleUrl>#month8_style</styleUrl>
        <Point>
          <coordinates>15.259734,-18.987642,0</coordinates>
        </Point>
      </Placemark>
      <Placemark>
        <name>Duiwelsvuur - Month 8</name>
        <description>Waterhole: Duiwelsvuur, Month: 8, Time: 2010-08-13 14:00:00, Lon: 15.259674, Lat: -18.987642</description>
        <styleUrl>#month8_style</styleUrl>
        <Point>
          <coordinates>15.259674,-18.987642,0</coordinates>
        </Point>
      </Placemark>
      <Placemark>
        <name>Duiwelsvuur - Month 8</name>
        <description>Waterhole: Duiwelsvuur, Month: 8, Time: 2010-08-13 14:20:00, Lon: 15.259371, Lat: -18.985960</description>
        <styleUrl>#month8_style</styleUrl>
        <Point>
          <coordinates>15.259371,-18.985960,0</coordinates>
        </Point>
      </Placemark>
      <Placemark>
        <name>Duiwelsvuur - Month 8</name>
        <description>Waterhole: Duiwelsvuur, Month: 8, Time: 2010-08-13 14:40:00, Lon: 15.257640, Lat: -18.983348</description>
        <styleUrl>#month8_style</styleUrl>
        <Point>
          <coordinates>15.257640,-18.983348,0</coordinates>
        </Point>
      </Placemark>
      <Placemark>
        <name>Duiwelsvuur - Month 8</name>
        <description>Waterhole: Duiwelsvuur, Month: 8, Time: 2010-08-13 15:00:00, Lon: 15.256038, Lat: -18.980998</description>
        <styleUrl>#month8_style</styleUrl>
        <Point>
          <coordinates>15.256038,-18.980998,0</coordinates>
        </Point>
      </Placemark>
      <Placemark>
        <name>Duiwelsvuur - Month 8</name>
        <description>Waterhole: Duiwelsvuur, Month: 8, Time: 2010-08-13 15:20:00, Lon: 15.255786, Lat: -18.980098</description>
        <styleUrl>#month8_style</styleUrl>
        <Point>
          <coordinates>15.255786,-18.980098,0</coordinates>
        </Point>
      </Placemark>
      <Placemark>
        <name>Duiwelsvuur - Month 8</name>
        <description>Waterhole: Duiwelsvuur, Month: 8, Time: 2010-08-14 08:40:00, Lon: 15.259642, Lat: -18.980292</description>
        <styleUrl>#month8_style</styleUrl>
        <Point>
          <coordinates>15.259642,-18.980292,0</coordinates>
        </Point>
      </Placemark>
      <Placemark>
        <name>Duiwelsvuur - Month 8</name>
        <description>Waterhole: Duiwelsvuur, Month: 8, Time: 2010-08-14 09:00:00, Lon: 15.259039, Lat: -18.982037</description>
        <styleUrl>#month8_style</styleUrl>
        <Point>
          <coordinates>15.259039,-18.982037,0</coordinates>
        </Point>
      </Placemark>
      <Placemark>
        <name>Duiwelsvuur - Month 8</name>
        <description>Waterhole: Duiwelsvuur, Month: 8, Time: 2010-08-14 09:20:00, Lon: 15.259088, Lat: -18.982100</description>
        <styleUrl>#month8_style</styleUrl>
        <Point>
          <coordinates>15.259088,-18.982100,0</coordinates>
        </Point>
      </Placemark>
      <Placemark>
        <name>Duiwelsvuur - Month 8</name>
        <description>Waterhole: Duiwelsvuur, Month: 8, Time: 2010-08-14 09:40:00, Lon: 15.259093, Lat: -18.982078</description>
        <styleUrl>#month8_style</styleUrl>
        <Point>
          <coordinates>15.259093,-18.982078,0</coordinates>
        </Point>
      </Placemark>
      <Placemark>
        <name>Duiwelsvuur - Month 8</name>
        <description>Waterhole: Duiwelsvuur, Month: 8, Time: 2010-08-14 10:00:00, Lon: 15.259092, Lat: -18.982074</description>
        <styleUrl>#month8_style</styleUrl>
        <Point>
          <coordinates>15.259092,-18.982074,0</coordinates>
        </Point>
      </Placemark>
      <Placemark>
        <name>Duiwelsvuur - Month 8</name>
        <description>Waterhole: Duiwelsvuur, Month: 8, Time: 2010-08-14 10:20:00, Lon: 15.259089, Lat: -18.982096</description>
        <styleUrl>#month8_style</styleUrl>
        <Point>
          <coordinates>15.259089,-18.982096,0</coordinates>
        </Point>
      </Placemark>
      <Placemark>
        <name>Duiwelsvuur - Month 8</name>
        <description>Waterhole: Duiwelsvuur, Month: 8, Time: 2010-08-14 10:40:00, Lon: 15.259416, Lat: -18.983488</description>
        <styleUrl>#month8_style</styleUrl>
        <Point>
          <coordinates>15.259416,-18.983488,0</coordinates>
        </Point>
      </Placemark>
      <Placemark>
        <name>Duiwelsvuur - Month 8</name>
        <description>Waterhole: Duiwelsvuur, Month: 8, Time: 2010-08-14 11:00:00, Lon: 15.260155, Lat: -18.984957</description>
        <styleUrl>#month8_style</styleUrl>
        <Point>
          <coordinates>15.260155,-18.984957,0</coordinates>
        </Point>
      </Placemark>
      <Placemark>
        <name>Duiwelsvuur - Month 8</name>
        <description>Waterhole: Duiwelsvuur, Month: 8, Time: 2010-08-14 11:20:00, Lon: 15.260082, Lat: -18.986049</description>
        <styleUrl>#month8_style</styleUrl>
        <Point>
          <coordinates>15.260082,-18.986049,0</coordinates>
        </Point>
      </Placemark>
      <Placemark>
        <name>Duiwelsvuur - Month 8</name>
        <description>Waterhole: Duiwelsvuur, Month: 8, Time: 2010-08-14 11:40:00, Lon: 15.259717, Lat: -18.987636</description>
        <styleUrl>#month8_style</styleUrl>
        <Point>
          <coordinates>15.259717,-18.987636,0</coordinates>
        </Point>
      </Placemark>
      <Placemark>
        <name>Duiwelsvuur - Month 8</name>
        <description>Waterhole: Duiwelsvuur, Month: 8, Time: 2010-08-14 12:00:00, Lon: 15.259720, Lat: -18.987636</description>
        <styleUrl>#month8_style</styleUrl>
        <Point>
          <coordinates>15.259720,-18.987636,0</coordinates>
        </Point>
      </Placemark>
      <Placemark>
        <name>Duiwelsvuur - Month 8</name>
        <description>Waterhole: Duiwelsvuur, Month: 8, Time: 2010-08-14 12:20:00, Lon: 15.259730, Lat: -18.987638</description>
        <styleUrl>#month8_style</styleUrl>
        <Point>
          <coordinates>15.259730,-18.987638,0</coordinates>
        </Point>
      </Placemark>
      <Placemark>
        <name>Duiwelsvuur - Month 8</name>
        <description>Waterhole: Duiwelsvuur, Month: 8, Time: 2010-08-14 12:40:00, Lon: 15.259727, Lat: -18.987606</description>
        <styleUrl>#month8_style</styleUrl>
        <Point>
          <coordinates>15.259727,-18.987606,0</coordinates>
        </Point>
      </Placemark>
      <Placemark>
        <name>Duiwelsvuur - Month 8</name>
        <description>Waterhole: Duiwelsvuur, Month: 8, Time: 2010-08-14 13:00:00, Lon: 15.259679, Lat: -18.987563</description>
        <styleUrl>#month8_style</styleUrl>
        <Point>
          <coordinates>15.259679,-18.987563,0</coordinates>
        </Point>
      </Placemark>
      <Placemark>
        <name>Duiwelsvuur - Month 8</name>
        <description>Waterhole: Duiwelsvuur, Month: 8, Time: 2010-08-14 13:20:00, Lon: 15.259724, Lat: -18.987526</description>
        <styleUrl>#month8_style</styleUrl>
        <Point>
          <coordinates>15.259724,-18.987526,0</coordinates>
        </Point>
      </Placemark>
      <Placemark>
        <name>Duiwelsvuur - Month 8</name>
        <description>Waterhole: Duiwelsvuur, Month: 8, Time: 2010-08-14 13:40:00, Lon: 15.259769, Lat: -18.987614</description>
        <styleUrl>#month8_style</styleUrl>
        <Point>
          <coordinates>15.259769,-18.987614,0</coordinates>
        </Point>
      </Placemark>
      <Placemark>
        <name>Duiwelsvuur - Month 8</name>
        <description>Waterhole: Duiwelsvuur, Month: 8, Time: 2010-08-14 14:00:00, Lon: 15.259720, Lat: -18.987514</description>
        <styleUrl>#month8_style</styleUrl>
        <Point>
          <coordinates>15.259720,-18.987514,0</coordinates>
        </Point>
      </Placemark>
      <Placemark>
        <name>Duiwelsvuur - Month 8</name>
        <description>Waterhole: Duiwelsvuur, Month: 8, Time: 2010-08-14 14:20:00, Lon: 15.263016, Lat: -18.985630</description>
        <styleUrl>#month8_style</styleUrl>
        <Point>
          <coordinates>15.263016,-18.985630,0</coordinates>
        </Point>
      </Placemark>
      <Placemark>
        <name>Duiwelsvuur - Month 8</name>
        <description>Waterhole: Duiwelsvuur, Month: 8, Time: 2010-08-15 15:00:00, Lon: 15.265567, Lat: -18.988068</description>
        <styleUrl>#month8_style</styleUrl>
        <Point>
          <coordinates>15.265567,-18.988068,0</coordinates>
        </Point>
      </Placemark>
      <Placemark>
        <name>Duiwelsvuur - Month 8</name>
        <description>Waterhole: Duiwelsvuur, Month: 8, Time: 2010-08-15 15:20:00, Lon: 15.259728, Lat: -18.987701</description>
        <styleUrl>#month8_style</styleUrl>
        <Point>
          <coordinates>15.259728,-18.987701,0</coordinates>
        </Point>
      </Placemark>
      <Placemark>
        <name>Duiwelsvuur - Month 8</name>
        <description>Waterhole: Duiwelsvuur, Month: 8, Time: 2010-08-15 15:40:00, Lon: 15.259766, Lat: -18.987671</description>
        <styleUrl>#month8_style</styleUrl>
        <Point>
          <coordinates>15.259766,-18.987671,0</coordinates>
        </Point>
      </Placemark>
      <Placemark>
        <name>Duiwelsvuur - Month 8</name>
        <description>Waterhole: Duiwelsvuur, Month: 8, Time: 2010-08-15 16:00:00, Lon: 15.259693, Lat: -18.987638</description>
        <styleUrl>#month8_style</styleUrl>
        <Point>
          <coordinates>15.259693,-18.987638,0</coordinates>
        </Point>
      </Placemark>
      <Placemark>
        <name>Duiwelsvuur - Month 8</name>
        <description>Waterhole: Duiwelsvuur, Month: 8, Time: 2010-08-15 16:20:00, Lon: 15.259832, Lat: -18.987712</description>
        <styleUrl>#month8_style</styleUrl>
        <Point>
          <coordinates>15.259832,-18.987712,0</coordinates>
        </Point>
      </Placemark>
      <Placemark>
        <name>Duiwelsvuur - Month 8</name>
        <description>Waterhole: Duiwelsvuur, Month: 8, Time: 2010-08-15 16:40:00, Lon: 15.264852, Lat: -18.986656</description>
        <styleUrl>#month8_style</styleUrl>
        <Point>
          <coordinates>15.264852,-18.986656,0</coordinates>
        </Point>
      </Placemark>
      <Placemark>
        <name>Sonderkop waterhole - Month 8</name>
        <description>Waterhole: Sonderkop waterhole, Month: 8, Time: 2010-08-15 21:20:00, Lon: 15.327021, Lat: -18.968935</description>
        <styleUrl>#month8_style</styleUrl>
        <Point>
          <coordinates>15.327021,-18.968935,0</coordinates>
        </Point>
      </Placemark>
      <Placemark>
        <name>Sonderkop waterhole - Month 8</name>
        <description>Waterhole: Sonderkop waterhole, Month: 8, Time: 2010-08-15 21:40:00, Lon: 15.328390, Lat: -18.969409</description>
        <styleUrl>#month8_style</styleUrl>
        <Point>
          <coordinates>15.328390,-18.969409,0</coordinates>
        </Point>
      </Placemark>
      <Placemark>
        <name>Sonderkop waterhole - Month 8</name>
        <description>Waterhole: Sonderkop waterhole, Month: 8, Time: 2010-08-15 22:00:00, Lon: 15.328384, Lat: -18.969407</description>
        <styleUrl>#month8_style</styleUrl>
        <Point>
          <coordinates>15.328384,-18.969407,0</coordinates>
        </Point>
      </Placemark>
      <Placemark>
        <name>Sonderkop waterhole - Month 8</name>
        <description>Waterhole: Sonderkop waterhole, Month: 8, Time: 2010-08-15 22:20:00, Lon: 15.328539, Lat: -18.969480</description>
        <styleUrl>#month8_style</styleUrl>
        <Point>
          <coordinates>15.328539,-18.969480,0</coordinates>
        </Point>
      </Placemark>
      <Placemark>
        <name>Sonderkop waterhole - Month 8</name>
        <description>Waterhole: Sonderkop waterhole, Month: 8, Time: 2010-08-15 22:40:00, Lon: 15.328550, Lat: -18.969456</description>
        <styleUrl>#month8_style</styleUrl>
        <Point>
          <coordinates>15.328550,-18.969456,0</coordinates>
        </Point>
      </Placemark>
      <Placemark>
        <name>Sonderkop waterhole - Month 8</name>
        <description>Waterhole: Sonderkop waterhole, Month: 8, Time: 2010-08-15 23:00:00, Lon: 15.328239, Lat: -18.969023</description>
        <styleUrl>#month8_style</styleUrl>
        <Point>
          <coordinates>15.328239,-18.969023,0</coordinates>
        </Point>
      </Placemark>
      <Placemark>
        <name>Sonderkop waterhole - Month 8</name>
        <description>Waterhole: Sonderkop waterhole, Month: 8, Time: 2010-08-15 23:20:00, Lon: 15.330916, Lat: -18.970146</description>
        <styleUrl>#month8_style</styleUrl>
        <Point>
          <coordinates>15.330916,-18.970146,0</coordinates>
        </Point>
      </Placemark>
      <Placemark>
        <name>Sonderkop waterhole - Month 8</name>
        <description>Waterhole: Sonderkop waterhole, Month: 8, Time: 2010-08-15 23:40:00, Lon: 15.334805, Lat: -18.974402</description>
        <styleUrl>#month8_style</styleUrl>
        <Point>
          <coordinates>15.334805,-18.974402,0</coordinates>
        </Point>
      </Placemark>
      <Placemark>
        <name>Sonderkop waterhole - Month 8</name>
        <description>Waterhole: Sonderkop waterhole, Month: 8, Time: 2010-08-17 16:00:00, Lon: 15.324841, Lat: -18.975606</description>
        <styleUrl>#month8_style</styleUrl>
        <Point>
          <coordinates>15.324841,-18.975606,0</coordinates>
        </Point>
      </Placemark>
      <Placemark>
        <name>Sonderkop waterhole - Month 8</name>
        <description>Waterhole: Sonderkop waterhole, Month: 8, Time: 2010-08-17 16:20:00, Lon: 15.327974, Lat: -18.972156</description>
        <styleUrl>#month8_style</styleUrl>
        <Point>
          <coordinates>15.327974,-18.972156,0</coordinates>
        </Point>
      </Placemark>
      <Placemark>
        <name>Sonderkop waterhole - Month 8</name>
        <description>Waterhole: Sonderkop waterhole, Month: 8, Time: 2010-08-17 16:40:00, Lon: 15.328215, Lat: -18.968968</description>
        <styleUrl>#month8_style</styleUrl>
        <Point>
          <coordinates>15.328215,-18.968968,0</coordinates>
        </Point>
      </Placemark>
      <Placemark>
        <name>Sonderkop waterhole - Month 8</name>
        <description>Waterhole: Sonderkop waterhole, Month: 8, Time: 2010-08-17 17:00:00, Lon: 15.328210, Lat: -18.968968</description>
        <styleUrl>#month8_style</styleUrl>
        <Point>
          <coordinates>15.328210,-18.968968,0</coordinates>
        </Point>
      </Placemark>
      <Placemark>
        <name>Sonderkop waterhole - Month 8</name>
        <description>Waterhole: Sonderkop waterhole, Month: 8, Time: 2010-08-17 17:20:00, Lon: 15.328260, Lat: -18.968913</description>
        <styleUrl>#month8_style</styleUrl>
        <Point>
          <coordinates>15.328260,-18.968913,0</coordinates>
        </Point>
      </Placemark>
      <Placemark>
        <name>Sonderkop waterhole - Month 8</name>
        <description>Waterhole: Sonderkop waterhole, Month: 8, Time: 2010-08-17 17:40:00, Lon: 15.324837, Lat: -18.970144</description>
        <styleUrl>#month8_style</styleUrl>
        <Point>
          <coordinates>15.324837,-18.970144,0</coordinates>
        </Point>
      </Placemark>
      <Placemark>
        <name>Sonderkop waterhole - Month 8</name>
        <description>Waterhole: Sonderkop waterhole, Month: 8, Time: 2010-08-17 18:00:00, Lon: 15.324129, Lat: -18.971507</description>
        <styleUrl>#month8_style</styleUrl>
        <Point>
          <coordinates>15.324129,-18.971507,0</coordinates>
        </Point>
      </Placemark>
      <Placemark>
        <name>Sonderkop waterhole - Month 8</name>
        <description>Waterhole: Sonderkop waterhole, Month: 8, Time: 2010-08-17 18:20:00, Lon: 15.322722, Lat: -18.973065</description>
        <styleUrl>#month8_style</styleUrl>
        <Point>
          <coordinates>15.322722,-18.973065,0</coordinates>
        </Point>
      </Placemark>
      <Placemark>
        <name>Sonderkop waterhole - Month 8</name>
        <description>Waterhole: Sonderkop waterhole, Month: 8, Time: 2010-08-17 18:40:00, Lon: 15.322978, Lat: -18.973431</description>
        <styleUrl>#month8_style</styleUrl>
        <Point>
          <coordinates>15.322978,-18.973431,0</coordinates>
        </Point>
      </Placemark>
      <Placemark>
        <name>Sonderkop waterhole - Month 8</name>
        <description>Waterhole: Sonderkop waterhole, Month: 8, Time: 2010-08-17 19:00:00, Lon: 15.323098, Lat: -18.973330</description>
        <styleUrl>#month8_style</styleUrl>
        <Point>
          <coordinates>15.323098,-18.973330,0</coordinates>
        </Point>
      </Placemark>
      <Placemark>
        <name>Sonderkop waterhole - Month 8</name>
        <description>Waterhole: Sonderkop waterhole, Month: 8, Time: 2010-08-17 19:20:00, Lon: 15.323695, Lat: -18.972656</description>
        <styleUrl>#month8_style</styleUrl>
        <Point>
          <coordinates>15.323695,-18.972656,0</coordinates>
        </Point>
      </Placemark>
      <Placemark>
        <name>Sonderkop waterhole - Month 8</name>
        <description>Waterhole: Sonderkop waterhole, Month: 8, Time: 2010-08-17 19:40:00, Lon: 15.323695, Lat: -18.972601</description>
        <styleUrl>#month8_style</styleUrl>
        <Point>
          <coordinates>15.323695,-18.972601,0</coordinates>
        </Point>
      </Placemark>
      <Placemark>
        <name>Sonderkop waterhole - Month 8</name>
        <description>Waterhole: Sonderkop waterhole, Month: 8, Time: 2010-08-17 20:00:00, Lon: 15.323896, Lat: -18.972290</description>
        <styleUrl>#month8_style</styleUrl>
        <Point>
          <coordinates>15.323896,-18.972290,0</coordinates>
        </Point>
      </Placemark>
      <Placemark>
        <name>Sonderkop waterhole - Month 8</name>
        <description>Waterhole: Sonderkop waterhole, Month: 8, Time: 2010-08-17 20:20:00, Lon: 15.322407, Lat: -18.971773</description>
        <styleUrl>#month8_style</styleUrl>
        <Point>
          <coordinates>15.322407,-18.971773,0</coordinates>
        </Point>
      </Placemark>
      <Placemark>
        <name>Duiwelsvuur - Month 8</name>
        <description>Waterhole: Duiwelsvuur, Month: 8, Time: 2010-08-18 00:20:00, Lon: 15.264548, Lat: -18.986761</description>
        <styleUrl>#month8_style</styleUrl>
        <Point>
          <coordinates>15.264548,-18.986761,0</coordinates>
        </Point>
      </Placemark>
      <Placemark>
        <name>Duiwelsvuur - Month 8</name>
        <description>Waterhole: Duiwelsvuur, Month: 8, Time: 2010-08-18 00:40:00, Lon: 15.259730, Lat: -18.987746</description>
        <styleUrl>#month8_style</styleUrl>
        <Point>
          <coordinates>15.259730,-18.987746,0</coordinates>
        </Point>
      </Placemark>
      <Placemark>
        <name>Duiwelsvuur - Month 8</name>
        <description>Waterhole: Duiwelsvuur, Month: 8, Time: 2010-08-18 01:00:00, Lon: 15.259455, Lat: -18.989246</description>
        <styleUrl>#month8_style</styleUrl>
        <Point>
          <coordinates>15.259455,-18.989246,0</coordinates>
        </Point>
      </Placemark>
      <Placemark>
        <name>Duiwelsvuur - Month 8</name>
        <description>Waterhole: Duiwelsvuur, Month: 8, Time: 2010-08-18 01:40:00, Lon: 15.262278, Lat: -18.996248</description>
        <styleUrl>#month8_style</styleUrl>
        <Point>
          <coordinates>15.262278,-18.996248,0</coordinates>
        </Point>
      </Placemark>
      <Placemark>
        <name>Duiwelsvuur - Month 8</name>
        <description>Waterhole: Duiwelsvuur, Month: 8, Time: 2010-08-18 07:20:00, Lon: 15.265523, Lat: -18.994657</description>
        <styleUrl>#month8_style</styleUrl>
        <Point>
          <coordinates>15.265523,-18.994657,0</coordinates>
        </Point>
      </Placemark>
      <Placemark>
        <name>Duiwelsvuur - Month 8</name>
        <description>Waterhole: Duiwelsvuur, Month: 8, Time: 2010-08-18 07:40:00, Lon: 15.264837, Lat: -18.993919</description>
        <styleUrl>#month8_style</styleUrl>
        <Point>
          <coordinates>15.264837,-18.993919,0</coordinates>
        </Point>
      </Placemark>
      <Placemark>
        <name>Duiwelsvuur - Month 8</name>
        <description>Waterhole: Duiwelsvuur, Month: 8, Time: 2010-08-18 08:00:00, Lon: 15.264262, Lat: -18.993162</description>
        <styleUrl>#month8_style</styleUrl>
        <Point>
          <coordinates>15.264262,-18.993162,0</coordinates>
        </Point>
      </Placemark>
      <Placemark>
        <name>Duiwelsvuur - Month 8</name>
        <description>Waterhole: Duiwelsvuur, Month: 8, Time: 2010-08-18 08:20:00, Lon: 15.263789, Lat: -18.991337</description>
        <styleUrl>#month8_style</styleUrl>
        <Point>
          <coordinates>15.263789,-18.991337,0</coordinates>
        </Point>
      </Placemark>
      <Placemark>
        <name>Duiwelsvuur - Month 8</name>
        <description>Waterhole: Duiwelsvuur, Month: 8, Time: 2010-08-18 08:40:00, Lon: 15.259692, Lat: -18.987634</description>
        <styleUrl>#month8_style</styleUrl>
        <Point>
          <coordinates>15.259692,-18.987634,0</coordinates>
        </Point>
      </Placemark>
      <Placemark>
        <name>Duiwelsvuur - Month 8</name>
        <description>Waterhole: Duiwelsvuur, Month: 8, Time: 2010-08-18 09:00:00, Lon: 15.259734, Lat: -18.987610</description>
        <styleUrl>#month8_style</styleUrl>
        <Point>
          <coordinates>15.259734,-18.987610,0</coordinates>
        </Point>
      </Placemark>
      <Placemark>
        <name>Duiwelsvuur - Month 8</name>
        <description>Waterhole: Duiwelsvuur, Month: 8, Time: 2010-08-18 09:20:00, Lon: 15.259709, Lat: -18.987618</description>
        <styleUrl>#month8_style</styleUrl>
        <Point>
          <coordinates>15.259709,-18.987618,0</coordinates>
        </Point>
      </Placemark>
      <Placemark>
        <name>Duiwelsvuur - Month 8</name>
        <description>Waterhole: Duiwelsvuur, Month: 8, Time: 2010-08-18 09:40:00, Lon: 15.259709, Lat: -18.987634</description>
        <styleUrl>#month8_style</styleUrl>
        <Point>
          <coordinates>15.259709,-18.987634,0</coordinates>
        </Point>
      </Placemark>
      <Placemark>
        <name>Duiwelsvuur - Month 8</name>
        <description>Waterhole: Duiwelsvuur, Month: 8, Time: 2010-08-18 10:00:00, Lon: 15.259727, Lat: -18.987567</description>
        <styleUrl>#month8_style</styleUrl>
        <Point>
          <coordinates>15.259727,-18.987567,0</coordinates>
        </Point>
      </Placemark>
      <Placemark>
        <name>Duiwelsvuur - Month 8</name>
        <description>Waterhole: Duiwelsvuur, Month: 8, Time: 2010-08-18 10:20:00, Lon: 15.259715, Lat: -18.987649</description>
        <styleUrl>#month8_style</styleUrl>
        <Point>
          <coordinates>15.259715,-18.987649,0</coordinates>
        </Point>
      </Placemark>
      <Placemark>
        <name>Duiwelsvuur - Month 8</name>
        <description>Waterhole: Duiwelsvuur, Month: 8, Time: 2010-08-18 10:40:00, Lon: 15.259709, Lat: -18.987640</description>
        <styleUrl>#month8_style</styleUrl>
        <Point>
          <coordinates>15.259709,-18.987640,0</coordinates>
        </Point>
      </Placemark>
      <Placemark>
        <name>Duiwelsvuur - Month 8</name>
        <description>Waterhole: Duiwelsvuur, Month: 8, Time: 2010-08-18 11:00:00, Lon: 15.259567, Lat: -18.986680</description>
        <styleUrl>#month8_style</styleUrl>
        <Point>
          <coordinates>15.259567,-18.986680,0</coordinates>
        </Point>
      </Placemark>
      <Placemark>
        <name>Duiwelsvuur - Month 8</name>
        <description>Waterhole: Duiwelsvuur, Month: 8, Time: 2010-08-18 11:20:00, Lon: 15.258353, Lat: -18.983740</description>
        <styleUrl>#month8_style</styleUrl>
        <Point>
          <coordinates>15.258353,-18.983740,0</coordinates>
        </Point>
      </Placemark>
      <Placemark>
        <name>Duiwelsvuur - Month 8</name>
        <description>Waterhole: Duiwelsvuur, Month: 8, Time: 2010-08-18 11:40:00, Lon: 15.257990, Lat: -18.982733</description>
        <styleUrl>#month8_style</styleUrl>
        <Point>
          <coordinates>15.257990,-18.982733,0</coordinates>
        </Point>
      </Placemark>
      <Placemark>
        <name>Duiwelsvuur - Month 8</name>
        <description>Waterhole: Duiwelsvuur, Month: 8, Time: 2010-08-18 12:00:00, Lon: 15.257601, Lat: -18.981893</description>
        <styleUrl>#month8_style</styleUrl>
        <Point>
          <coordinates>15.257601,-18.981893,0</coordinates>
        </Point>
      </Placemark>
      <Placemark>
        <name>Duiwelsvuur - Month 8</name>
        <description>Waterhole: Duiwelsvuur, Month: 8, Time: 2010-08-18 12:20:00, Lon: 15.257429, Lat: -18.982023</description>
        <styleUrl>#month8_style</styleUrl>
        <Point>
          <coordinates>15.257429,-18.982023,0</coordinates>
        </Point>
      </Placemark>
      <Placemark>
        <name>Duiwelsvuur - Month 8</name>
        <description>Waterhole: Duiwelsvuur, Month: 8, Time: 2010-08-18 12:40:00, Lon: 15.257378, Lat: -18.982090</description>
        <styleUrl>#month8_style</styleUrl>
        <Point>
          <coordinates>15.257378,-18.982090,0</coordinates>
        </Point>
      </Placemark>
      <Placemark>
        <name>Duiwelsvuur - Month 8</name>
        <description>Waterhole: Duiwelsvuur, Month: 8, Time: 2010-08-18 13:00:00, Lon: 15.257397, Lat: -18.982070</description>
        <styleUrl>#month8_style</styleUrl>
        <Point>
          <coordinates>15.257397,-18.982070,0</coordinates>
        </Point>
      </Placemark>
      <Placemark>
        <name>Duiwelsvuur - Month 8</name>
        <description>Waterhole: Duiwelsvuur, Month: 8, Time: 2010-08-18 13:20:00, Lon: 15.257386, Lat: -18.982058</description>
        <styleUrl>#month8_style</styleUrl>
        <Point>
          <coordinates>15.257386,-18.982058,0</coordinates>
        </Point>
      </Placemark>
      <Placemark>
        <name>Duiwelsvuur - Month 8</name>
        <description>Waterhole: Duiwelsvuur, Month: 8, Time: 2010-08-18 13:40:00, Lon: 15.257344, Lat: -18.982273</description>
        <styleUrl>#month8_style</styleUrl>
        <Point>
          <coordinates>15.257344,-18.982273,0</coordinates>
        </Point>
      </Placemark>
      <Placemark>
        <name>Duiwelsvuur - Month 8</name>
        <description>Waterhole: Duiwelsvuur, Month: 8, Time: 2010-08-18 14:00:00, Lon: 15.257331, Lat: -18.982434</description>
        <styleUrl>#month8_style</styleUrl>
        <Point>
          <coordinates>15.257331,-18.982434,0</coordinates>
        </Point>
      </Placemark>
      <Placemark>
        <name>Duiwelsvuur - Month 8</name>
        <description>Waterhole: Duiwelsvuur, Month: 8, Time: 2010-08-18 14:20:00, Lon: 15.257343, Lat: -18.982414</description>
        <styleUrl>#month8_style</styleUrl>
        <Point>
          <coordinates>15.257343,-18.982414,0</coordinates>
        </Point>
      </Placemark>
      <Placemark>
        <name>Duiwelsvuur - Month 8</name>
        <description>Waterhole: Duiwelsvuur, Month: 8, Time: 2010-08-18 14:40:00, Lon: 15.257336, Lat: -18.982408</description>
        <styleUrl>#month8_style</styleUrl>
        <Point>
          <coordinates>15.257336,-18.982408,0</coordinates>
        </Point>
      </Placemark>
      <Placemark>
        <name>Duiwelsvuur - Month 8</name>
        <description>Waterhole: Duiwelsvuur, Month: 8, Time: 2010-08-18 15:00:00, Lon: 15.257348, Lat: -18.982424</description>
        <styleUrl>#month8_style</styleUrl>
        <Point>
          <coordinates>15.257348,-18.982424,0</coordinates>
        </Point>
      </Placemark>
      <Placemark>
        <name>Duiwelsvuur - Month 8</name>
        <description>Waterhole: Duiwelsvuur, Month: 8, Time: 2010-08-18 15:20:00, Lon: 15.257529, Lat: -18.982762</description>
        <styleUrl>#month8_style</styleUrl>
        <Point>
          <coordinates>15.257529,-18.982762,0</coordinates>
        </Point>
      </Placemark>
      <Placemark>
        <name>Duiwelsvuur - Month 8</name>
        <description>Waterhole: Duiwelsvuur, Month: 8, Time: 2010-08-18 15:40:00, Lon: 15.258623, Lat: -18.981368</description>
        <styleUrl>#month8_style</styleUrl>
        <Point>
          <coordinates>15.258623,-18.981368,0</coordinates>
        </Point>
      </Placemark>
      <Placemark>
        <name>Duiwelsvuur - Month 8</name>
        <description>Waterhole: Duiwelsvuur, Month: 8, Time: 2010-08-18 16:00:00, Lon: 15.261019, Lat: -18.979826</description>
        <styleUrl>#month8_style</styleUrl>
        <Point>
          <coordinates>15.261019,-18.979826,0</coordinates>
        </Point>
      </Placemark>
      <Placemark>
        <name>Duiwelsvuur - Month 8</name>
        <description>Waterhole: Duiwelsvuur, Month: 8, Time: 2010-08-19 08:00:00, Lon: 15.265005, Lat: -18.981453</description>
        <styleUrl>#month8_style</styleUrl>
        <Point>
          <coordinates>15.265005,-18.981453,0</coordinates>
        </Point>
      </Placemark>
      <Placemark>
        <name>Duiwelsvuur - Month 8</name>
        <description>Waterhole: Duiwelsvuur, Month: 8, Time: 2010-08-19 08:20:00, Lon: 15.262972, Lat: -18.982507</description>
        <styleUrl>#month8_style</styleUrl>
        <Point>
          <coordinates>15.262972,-18.982507,0</coordinates>
        </Point>
      </Placemark>
      <Placemark>
        <name>Duiwelsvuur - Month 8</name>
        <description>Waterhole: Duiwelsvuur, Month: 8, Time: 2010-08-19 08:40:00, Lon: 15.262184, Lat: -18.983134</description>
        <styleUrl>#month8_style</styleUrl>
        <Point>
          <coordinates>15.262184,-18.983134,0</coordinates>
        </Point>
      </Placemark>
      <Placemark>
        <name>Duiwelsvuur - Month 8</name>
        <description>Waterhole: Duiwelsvuur, Month: 8, Time: 2010-08-19 09:00:00, Lon: 15.260967, Lat: -18.985502</description>
        <styleUrl>#month8_style</styleUrl>
        <Point>
          <coordinates>15.260967,-18.985502,0</coordinates>
        </Point>
      </Placemark>
      <Placemark>
        <name>Duiwelsvuur - Month 8</name>
        <description>Waterhole: Duiwelsvuur, Month: 8, Time: 2010-08-19 09:20:00, Lon: 15.260269, Lat: -18.986694</description>
        <styleUrl>#month8_style</styleUrl>
        <Point>
          <coordinates>15.260269,-18.986694,0</coordinates>
        </Point>
      </Placemark>
      <Placemark>
        <name>Duiwelsvuur - Month 8</name>
        <description>Waterhole: Duiwelsvuur, Month: 8, Time: 2010-08-19 09:40:00, Lon: 15.260266, Lat: -18.986723</description>
        <styleUrl>#month8_style</styleUrl>
        <Point>
          <coordinates>15.260266,-18.986723,0</coordinates>
        </Point>
      </Placemark>
      <Placemark>
        <name>Duiwelsvuur - Month 8</name>
        <description>Waterhole: Duiwelsvuur, Month: 8, Time: 2010-08-19 10:00:00, Lon: 15.259690, Lat: -18.987638</description>
        <styleUrl>#month8_style</styleUrl>
        <Point>
          <coordinates>15.259690,-18.987638,0</coordinates>
        </Point>
      </Placemark>
      <Placemark>
        <name>Duiwelsvuur - Month 8</name>
        <description>Waterhole: Duiwelsvuur, Month: 8, Time: 2010-08-19 10:20:00, Lon: 15.259706, Lat: -18.987600</description>
        <styleUrl>#month8_style</styleUrl>
        <Point>
          <coordinates>15.259706,-18.987600,0</coordinates>
        </Point>
      </Placemark>
      <Placemark>
        <name>Duiwelsvuur - Month 8</name>
        <description>Waterhole: Duiwelsvuur, Month: 8, Time: 2010-08-19 10:40:00, Lon: 15.259709, Lat: -18.987575</description>
        <styleUrl>#month8_style</styleUrl>
        <Point>
          <coordinates>15.259709,-18.987575,0</coordinates>
        </Point>
      </Placemark>
      <Placemark>
        <name>Duiwelsvuur - Month 8</name>
        <description>Waterhole: Duiwelsvuur, Month: 8, Time: 2010-08-19 11:00:00, Lon: 15.259656, Lat: -18.987708</description>
        <styleUrl>#month8_style</styleUrl>
        <Point>
          <coordinates>15.259656,-18.987708,0</coordinates>
        </Point>
      </Placemark>
      <Placemark>
        <name>Duiwelsvuur - Month 8</name>
        <description>Waterhole: Duiwelsvuur, Month: 8, Time: 2010-08-19 11:20:00, Lon: 15.259804, Lat: -18.987620</description>
        <styleUrl>#month8_style</styleUrl>
        <Point>
          <coordinates>15.259804,-18.987620,0</coordinates>
        </Point>
      </Placemark>
      <Placemark>
        <name>Duiwelsvuur - Month 8</name>
        <description>Waterhole: Duiwelsvuur, Month: 8, Time: 2010-08-19 11:40:00, Lon: 15.259693, Lat: -18.987683</description>
        <styleUrl>#month8_style</styleUrl>
        <Point>
          <coordinates>15.259693,-18.987683,0</coordinates>
        </Point>
      </Placemark>
      <Placemark>
        <name>Duiwelsvuur - Month 8</name>
        <description>Waterhole: Duiwelsvuur, Month: 8, Time: 2010-08-19 12:00:00, Lon: 15.259746, Lat: -18.987323</description>
        <styleUrl>#month8_style</styleUrl>
        <Point>
          <coordinates>15.259746,-18.987323,0</coordinates>
        </Point>
      </Placemark>
      <Placemark>
        <name>Duiwelsvuur - Month 8</name>
        <description>Waterhole: Duiwelsvuur, Month: 8, Time: 2010-08-19 12:20:00, Lon: 15.260168, Lat: -18.983901</description>
        <styleUrl>#month8_style</styleUrl>
        <Point>
          <coordinates>15.260168,-18.983901,0</coordinates>
        </Point>
      </Placemark>
      <Placemark>
        <name>Duiwelsvuur - Month 8</name>
        <description>Waterhole: Duiwelsvuur, Month: 8, Time: 2010-08-19 12:40:00, Lon: 15.261533, Lat: -18.981832</description>
        <styleUrl>#month8_style</styleUrl>
        <Point>
          <coordinates>15.261533,-18.981832,0</coordinates>
        </Point>
      </Placemark>
      <Placemark>
        <name>Duiwelsvuur - Month 8</name>
        <description>Waterhole: Duiwelsvuur, Month: 8, Time: 2010-08-19 13:00:00, Lon: 15.261607, Lat: -18.981799</description>
        <styleUrl>#month8_style</styleUrl>
        <Point>
          <coordinates>15.261607,-18.981799,0</coordinates>
        </Point>
      </Placemark>
      <Placemark>
        <name>Duiwelsvuur - Month 8</name>
        <description>Waterhole: Duiwelsvuur, Month: 8, Time: 2010-08-19 13:20:00, Lon: 15.261621, Lat: -18.981795</description>
        <styleUrl>#month8_style</styleUrl>
        <Point>
          <coordinates>15.261621,-18.981795,0</coordinates>
        </Point>
      </Placemark>
      <Placemark>
        <name>Duiwelsvuur - Month 8</name>
        <description>Waterhole: Duiwelsvuur, Month: 8, Time: 2010-08-19 13:40:00, Lon: 15.261602, Lat: -18.981801</description>
        <styleUrl>#month8_style</styleUrl>
        <Point>
          <coordinates>15.261602,-18.981801,0</coordinates>
        </Point>
      </Placemark>
      <Placemark>
        <name>Duiwelsvuur - Month 8</name>
        <description>Waterhole: Duiwelsvuur, Month: 8, Time: 2010-08-19 14:00:00, Lon: 15.261627, Lat: -18.981797</description>
        <styleUrl>#month8_style</styleUrl>
        <Point>
          <coordinates>15.261627,-18.981797,0</coordinates>
        </Point>
      </Placemark>
      <Placemark>
        <name>Duiwelsvuur - Month 8</name>
        <description>Waterhole: Duiwelsvuur, Month: 8, Time: 2010-08-19 14:20:00, Lon: 15.262292, Lat: -18.980062</description>
        <styleUrl>#month8_style</styleUrl>
        <Point>
          <coordinates>15.262292,-18.980062,0</coordinates>
        </Point>
      </Placemark>
      <Placemark>
        <name>Duiwelsvuur - Month 8</name>
        <description>Waterhole: Duiwelsvuur, Month: 8, Time: 2010-08-20 09:00:00, Lon: 15.266915, Lat: -18.983179</description>
        <styleUrl>#month8_style</styleUrl>
        <Point>
          <coordinates>15.266915,-18.983179,0</coordinates>
        </Point>
      </Placemark>
      <Placemark>
        <name>Duiwelsvuur - Month 8</name>
        <description>Waterhole: Duiwelsvuur, Month: 8, Time: 2010-08-20 09:20:00, Lon: 15.262167, Lat: -18.987095</description>
        <styleUrl>#month8_style</styleUrl>
        <Point>
          <coordinates>15.262167,-18.987095,0</coordinates>
        </Point>
      </Placemark>
      <Placemark>
        <name>Duiwelsvuur - Month 8</name>
        <description>Waterhole: Duiwelsvuur, Month: 8, Time: 2010-08-20 09:40:00, Lon: 15.261529, Lat: -18.987380</description>
        <styleUrl>#month8_style</styleUrl>
        <Point>
          <coordinates>15.261529,-18.987380,0</coordinates>
        </Point>
      </Placemark>
      <Placemark>
        <name>Duiwelsvuur - Month 8</name>
        <description>Waterhole: Duiwelsvuur, Month: 8, Time: 2010-08-20 10:00:00, Lon: 15.259685, Lat: -18.987640</description>
        <styleUrl>#month8_style</styleUrl>
        <Point>
          <coordinates>15.259685,-18.987640,0</coordinates>
        </Point>
      </Placemark>
      <Placemark>
        <name>Duiwelsvuur - Month 8</name>
        <description>Waterhole: Duiwelsvuur, Month: 8, Time: 2010-08-20 10:20:00, Lon: 15.259729, Lat: -18.987673</description>
        <styleUrl>#month8_style</styleUrl>
        <Point>
          <coordinates>15.259729,-18.987673,0</coordinates>
        </Point>
      </Placemark>
      <Placemark>
        <name>Duiwelsvuur - Month 8</name>
        <description>Waterhole: Duiwelsvuur, Month: 8, Time: 2010-08-20 10:40:00, Lon: 15.260455, Lat: -18.987107</description>
        <styleUrl>#month8_style</styleUrl>
        <Point>
          <coordinates>15.260455,-18.987107,0</coordinates>
        </Point>
      </Placemark>
      <Placemark>
        <name>Duiwelsvuur - Month 8</name>
        <description>Waterhole: Duiwelsvuur, Month: 8, Time: 2010-08-20 11:00:00, Lon: 15.259760, Lat: -18.987612</description>
        <styleUrl>#month8_style</styleUrl>
        <Point>
          <coordinates>15.259760,-18.987612,0</coordinates>
        </Point>
      </Placemark>
      <Placemark>
        <name>Duiwelsvuur - Month 8</name>
        <description>Waterhole: Duiwelsvuur, Month: 8, Time: 2010-08-20 11:20:00, Lon: 15.259774, Lat: -18.987604</description>
        <styleUrl>#month8_style</styleUrl>
        <Point>
          <coordinates>15.259774,-18.987604,0</coordinates>
        </Point>
      </Placemark>
      <Placemark>
        <name>Duiwelsvuur - Month 8</name>
        <description>Waterhole: Duiwelsvuur, Month: 8, Time: 2010-08-20 11:40:00, Lon: 15.260283, Lat: -18.987018</description>
        <styleUrl>#month8_style</styleUrl>
        <Point>
          <coordinates>15.260283,-18.987018,0</coordinates>
        </Point>
      </Placemark>
      <Placemark>
        <name>Duiwelsvuur - Month 8</name>
        <description>Waterhole: Duiwelsvuur, Month: 8, Time: 2010-08-20 12:00:00, Lon: 15.260108, Lat: -18.983187</description>
        <styleUrl>#month8_style</styleUrl>
        <Point>
          <coordinates>15.260108,-18.983187,0</coordinates>
        </Point>
      </Placemark>
      <Placemark>
        <name>Duiwelsvuur - Month 8</name>
        <description>Waterhole: Duiwelsvuur, Month: 8, Time: 2010-08-20 12:20:00, Lon: 15.259902, Lat: -18.982123</description>
        <styleUrl>#month8_style</styleUrl>
        <Point>
          <coordinates>15.259902,-18.982123,0</coordinates>
        </Point>
      </Placemark>
      <Placemark>
        <name>Duiwelsvuur - Month 8</name>
        <description>Waterhole: Duiwelsvuur, Month: 8, Time: 2010-08-20 12:40:00, Lon: 15.259887, Lat: -18.981492</description>
        <styleUrl>#month8_style</styleUrl>
        <Point>
          <coordinates>15.259887,-18.981492,0</coordinates>
        </Point>
      </Placemark>
      <Placemark>
        <name>Duiwelsvuur - Month 8</name>
        <description>Waterhole: Duiwelsvuur, Month: 8, Time: 2010-08-20 13:00:00, Lon: 15.260624, Lat: -18.979547</description>
        <styleUrl>#month8_style</styleUrl>
        <Point>
          <coordinates>15.260624,-18.979547,0</coordinates>
        </Point>
      </Placemark>
      <Placemark>
        <name>Duiwelsvuur - Month 8</name>
        <description>Waterhole: Duiwelsvuur, Month: 8, Time: 2010-08-20 13:20:00, Lon: 15.261320, Lat: -18.979401</description>
        <styleUrl>#month8_style</styleUrl>
        <Point>
          <coordinates>15.261320,-18.979401,0</coordinates>
        </Point>
      </Placemark>
      <Placemark>
        <name>Duiwelsvuur - Month 8</name>
        <description>Waterhole: Duiwelsvuur, Month: 8, Time: 2010-08-20 13:40:00, Lon: 15.261368, Lat: -18.979401</description>
        <styleUrl>#month8_style</styleUrl>
        <Point>
          <coordinates>15.261368,-18.979401,0</coordinates>
        </Point>
      </Placemark>
      <Placemark>
        <name>Duiwelsvuur - Month 8</name>
        <description>Waterhole: Duiwelsvuur, Month: 8, Time: 2010-08-20 14:00:00, Lon: 15.261307, Lat: -18.979364</description>
        <styleUrl>#month8_style</styleUrl>
        <Point>
          <coordinates>15.261307,-18.979364,0</coordinates>
        </Point>
      </Placemark>
      <Placemark>
        <name>Duiwelsvuur - Month 8</name>
        <description>Waterhole: Duiwelsvuur, Month: 8, Time: 2010-08-20 14:20:00, Lon: 15.261321, Lat: -18.979356</description>
        <styleUrl>#month8_style</styleUrl>
        <Point>
          <coordinates>15.261321,-18.979356,0</coordinates>
        </Point>
      </Placemark>
      <Placemark>
        <name>Duiwelsvuur - Month 8</name>
        <description>Waterhole: Duiwelsvuur, Month: 8, Time: 2010-08-20 14:40:00, Lon: 15.261326, Lat: -18.979366</description>
        <styleUrl>#month8_style</styleUrl>
        <Point>
          <coordinates>15.261326,-18.979366,0</coordinates>
        </Point>
      </Placemark>
      <Placemark>
        <name>Duiwelsvuur - Month 8</name>
        <description>Waterhole: Duiwelsvuur, Month: 8, Time: 2010-08-21 09:00:00, Lon: 15.258604, Lat: -18.981966</description>
        <styleUrl>#month8_style</styleUrl>
        <Point>
          <coordinates>15.258604,-18.981966,0</coordinates>
        </Point>
      </Placemark>
      <Placemark>
        <name>Duiwelsvuur - Month 8</name>
        <description>Waterhole: Duiwelsvuur, Month: 8, Time: 2010-08-21 09:20:00, Lon: 15.259682, Lat: -18.987612</description>
        <styleUrl>#month8_style</styleUrl>
        <Point>
          <coordinates>15.259682,-18.987612,0</coordinates>
        </Point>
      </Placemark>
      <Placemark>
        <name>Duiwelsvuur - Month 8</name>
        <description>Waterhole: Duiwelsvuur, Month: 8, Time: 2010-08-21 09:40:00, Lon: 15.259699, Lat: -18.987594</description>
        <styleUrl>#month8_style</styleUrl>
        <Point>
          <coordinates>15.259699,-18.987594,0</coordinates>
        </Point>
      </Placemark>
      <Placemark>
        <name>Duiwelsvuur - Month 8</name>
        <description>Waterhole: Duiwelsvuur, Month: 8, Time: 2010-08-21 10:00:00, Lon: 15.259719, Lat: -18.987651</description>
        <styleUrl>#month8_style</styleUrl>
        <Point>
          <coordinates>15.259719,-18.987651,0</coordinates>
        </Point>
      </Placemark>
      <Placemark>
        <name>Duiwelsvuur - Month 8</name>
        <description>Waterhole: Duiwelsvuur, Month: 8, Time: 2010-08-21 10:20:00, Lon: 15.260706, Lat: -18.985744</description>
        <styleUrl>#month8_style</styleUrl>
        <Point>
          <coordinates>15.260706,-18.985744,0</coordinates>
        </Point>
      </Placemark>
      <Placemark>
        <name>Duiwelsvuur - Month 8</name>
        <description>Waterhole: Duiwelsvuur, Month: 8, Time: 2010-08-21 10:40:00, Lon: 15.260700, Lat: -18.985736</description>
        <styleUrl>#month8_style</styleUrl>
        <Point>
          <coordinates>15.260700,-18.985736,0</coordinates>
        </Point>
      </Placemark>
      <Placemark>
        <name>Duiwelsvuur - Month 8</name>
        <description>Waterhole: Duiwelsvuur, Month: 8, Time: 2010-08-21 11:00:00, Lon: 15.260712, Lat: -18.985732</description>
        <styleUrl>#month8_style</styleUrl>
        <Point>
          <coordinates>15.260712,-18.985732,0</coordinates>
        </Point>
      </Placemark>
      <Placemark>
        <name>Duiwelsvuur - Month 8</name>
        <description>Waterhole: Duiwelsvuur, Month: 8, Time: 2010-08-21 11:20:00, Lon: 15.260565, Lat: -18.986241</description>
        <styleUrl>#month8_style</styleUrl>
        <Point>
          <coordinates>15.260565,-18.986241,0</coordinates>
        </Point>
      </Placemark>
      <Placemark>
        <name>Duiwelsvuur - Month 8</name>
        <description>Waterhole: Duiwelsvuur, Month: 8, Time: 2010-08-21 11:40:00, Lon: 15.259727, Lat: -18.987655</description>
        <styleUrl>#month8_style</styleUrl>
        <Point>
          <coordinates>15.259727,-18.987655,0</coordinates>
        </Point>
      </Placemark>
      <Placemark>
        <name>Duiwelsvuur - Month 8</name>
        <description>Waterhole: Duiwelsvuur, Month: 8, Time: 2010-08-21 12:00:00, Lon: 15.261641, Lat: -18.987555</description>
        <styleUrl>#month8_style</styleUrl>
        <Point>
          <coordinates>15.261641,-18.987555,0</coordinates>
        </Point>
      </Placemark>
      <Placemark>
        <name>Duiwelsvuur - Month 8</name>
        <description>Waterhole: Duiwelsvuur, Month: 8, Time: 2010-08-21 12:20:00, Lon: 15.261649, Lat: -18.987565</description>
        <styleUrl>#month8_style</styleUrl>
        <Point>
          <coordinates>15.261649,-18.987565,0</coordinates>
        </Point>
      </Placemark>
      <Placemark>
        <name>Duiwelsvuur - Month 8</name>
        <description>Waterhole: Duiwelsvuur, Month: 8, Time: 2010-08-21 12:40:00, Lon: 15.259745, Lat: -18.987655</description>
        <styleUrl>#month8_style</styleUrl>
        <Point>
          <coordinates>15.259745,-18.987655,0</coordinates>
        </Point>
      </Placemark>
      <Placemark>
        <name>Duiwelsvuur - Month 8</name>
        <description>Waterhole: Duiwelsvuur, Month: 8, Time: 2010-08-21 13:00:00, Lon: 15.259728, Lat: -18.987596</description>
        <styleUrl>#month8_style</styleUrl>
        <Point>
          <coordinates>15.259728,-18.987596,0</coordinates>
        </Point>
      </Placemark>
      <Placemark>
        <name>Duiwelsvuur - Month 8</name>
        <description>Waterhole: Duiwelsvuur, Month: 8, Time: 2010-08-21 13:20:00, Lon: 15.261514, Lat: -18.983761</description>
        <styleUrl>#month8_style</styleUrl>
        <Point>
          <coordinates>15.261514,-18.983761,0</coordinates>
        </Point>
      </Placemark>
      <Placemark>
        <name>Duiwelsvuur - Month 8</name>
        <description>Waterhole: Duiwelsvuur, Month: 8, Time: 2010-08-21 13:40:00, Lon: 15.262872, Lat: -18.980341</description>
        <styleUrl>#month8_style</styleUrl>
        <Point>
          <coordinates>15.262872,-18.980341,0</coordinates>
        </Point>
      </Placemark>
      <Placemark>
        <name>Duiwelsvuur - Month 8</name>
        <description>Waterhole: Duiwelsvuur, Month: 8, Time: 2010-08-21 15:00:00, Lon: 15.260049, Lat: -18.987319</description>
        <styleUrl>#month8_style</styleUrl>
        <Point>
          <coordinates>15.260049,-18.987319,0</coordinates>
        </Point>
      </Placemark>
      <Placemark>
        <name>Duiwelsvuur - Month 8</name>
        <description>Waterhole: Duiwelsvuur, Month: 8, Time: 2010-08-21 15:20:00, Lon: 15.260046, Lat: -18.987329</description>
        <styleUrl>#month8_style</styleUrl>
        <Point>
          <coordinates>15.260046,-18.987329,0</coordinates>
        </Point>
      </Placemark>
      <Placemark>
        <name>Duiwelsvuur - Month 8</name>
        <description>Waterhole: Duiwelsvuur, Month: 8, Time: 2010-08-21 15:40:00, Lon: 15.260057, Lat: -18.987325</description>
        <styleUrl>#month8_style</styleUrl>
        <Point>
          <coordinates>15.260057,-18.987325,0</coordinates>
        </Point>
      </Placemark>
      <Placemark>
        <name>Duiwelsvuur - Month 8</name>
        <description>Waterhole: Duiwelsvuur, Month: 8, Time: 2010-08-21 16:00:00, Lon: 15.260066, Lat: -18.987339</description>
        <styleUrl>#month8_style</styleUrl>
        <Point>
          <coordinates>15.260066,-18.987339,0</coordinates>
        </Point>
      </Placemark>
      <Placemark>
        <name>Duiwelsvuur - Month 8</name>
        <description>Waterhole: Duiwelsvuur, Month: 8, Time: 2010-08-21 16:20:00, Lon: 15.260049, Lat: -18.987349</description>
        <styleUrl>#month8_style</styleUrl>
        <Point>
          <coordinates>15.260049,-18.987349,0</coordinates>
        </Point>
      </Placemark>
      <Placemark>
        <name>Duiwelsvuur - Month 8</name>
        <description>Waterhole: Duiwelsvuur, Month: 8, Time: 2010-08-21 16:40:00, Lon: 15.260085, Lat: -18.987364</description>
        <styleUrl>#month8_style</styleUrl>
        <Point>
          <coordinates>15.260085,-18.987364,0</coordinates>
        </Point>
      </Placemark>
      <Placemark>
        <name>Duiwelsvuur - Month 8</name>
        <description>Waterhole: Duiwelsvuur, Month: 8, Time: 2010-08-21 17:00:00, Lon: 15.260064, Lat: -18.987351</description>
        <styleUrl>#month8_style</styleUrl>
        <Point>
          <coordinates>15.260064,-18.987351,0</coordinates>
        </Point>
      </Placemark>
      <Placemark>
        <name>Duiwelsvuur - Month 8</name>
        <description>Waterhole: Duiwelsvuur, Month: 8, Time: 2010-08-21 17:20:00, Lon: 15.260057, Lat: -18.987366</description>
        <styleUrl>#month8_style</styleUrl>
        <Point>
          <coordinates>15.260057,-18.987366,0</coordinates>
        </Point>
      </Placemark>
      <Placemark>
        <name>Duiwelsvuur - Month 8</name>
        <description>Waterhole: Duiwelsvuur, Month: 8, Time: 2010-08-21 17:40:00, Lon: 15.260061, Lat: -18.987356</description>
        <styleUrl>#month8_style</styleUrl>
        <Point>
          <coordinates>15.260061,-18.987356,0</coordinates>
        </Point>
      </Placemark>
      <Placemark>
        <name>Duiwelsvuur - Month 8</name>
        <description>Waterhole: Duiwelsvuur, Month: 8, Time: 2010-08-21 18:00:00, Lon: 15.260069, Lat: -18.987364</description>
        <styleUrl>#month8_style</styleUrl>
        <Point>
          <coordinates>15.260069,-18.987364,0</coordinates>
        </Point>
      </Placemark>
      <Placemark>
        <name>Duiwelsvuur - Month 8</name>
        <description>Waterhole: Duiwelsvuur, Month: 8, Time: 2010-08-21 18:20:00, Lon: 15.260077, Lat: -18.987347</description>
        <styleUrl>#month8_style</styleUrl>
        <Point>
          <coordinates>15.260077,-18.987347,0</coordinates>
        </Point>
      </Placemark>
      <Placemark>
        <name>Duiwelsvuur - Month 8</name>
        <description>Waterhole: Duiwelsvuur, Month: 8, Time: 2010-08-21 18:40:00, Lon: 15.260063, Lat: -18.987368</description>
        <styleUrl>#month8_style</styleUrl>
        <Point>
          <coordinates>15.260063,-18.987368,0</coordinates>
        </Point>
      </Placemark>
      <Placemark>
        <name>Duiwelsvuur - Month 8</name>
        <description>Waterhole: Duiwelsvuur, Month: 8, Time: 2010-08-21 19:00:00, Lon: 15.260058, Lat: -18.987368</description>
        <styleUrl>#month8_style</styleUrl>
        <Point>
          <coordinates>15.260058,-18.987368,0</coordinates>
        </Point>
      </Placemark>
      <Placemark>
        <name>Duiwelsvuur - Month 8</name>
        <description>Waterhole: Duiwelsvuur, Month: 8, Time: 2010-08-21 19:20:00, Lon: 15.260072, Lat: -18.987366</description>
        <styleUrl>#month8_style</styleUrl>
        <Point>
          <coordinates>15.260072,-18.987366,0</coordinates>
        </Point>
      </Placemark>
      <Placemark>
        <name>Duiwelsvuur - Month 8</name>
        <description>Waterhole: Duiwelsvuur, Month: 8, Time: 2010-08-21 19:40:00, Lon: 15.260060, Lat: -18.987349</description>
        <styleUrl>#month8_style</styleUrl>
        <Point>
          <coordinates>15.260060,-18.987349,0</coordinates>
        </Point>
      </Placemark>
      <Placemark>
        <name>Duiwelsvuur - Month 8</name>
        <description>Waterhole: Duiwelsvuur, Month: 8, Time: 2010-08-21 20:00:00, Lon: 15.260056, Lat: -18.987351</description>
        <styleUrl>#month8_style</styleUrl>
        <Point>
          <coordinates>15.260056,-18.987351,0</coordinates>
        </Point>
      </Placemark>
      <Placemark>
        <name>Duiwelsvuur - Month 8</name>
        <description>Waterhole: Duiwelsvuur, Month: 8, Time: 2010-08-21 20:20:00, Lon: 15.260069, Lat: -18.987364</description>
        <styleUrl>#month8_style</styleUrl>
        <Point>
          <coordinates>15.260069,-18.987364,0</coordinates>
        </Point>
      </Placemark>
      <Placemark>
        <name>Duiwelsvuur - Month 8</name>
        <description>Waterhole: Duiwelsvuur, Month: 8, Time: 2010-08-21 20:40:00, Lon: 15.260063, Lat: -18.987360</description>
        <styleUrl>#month8_style</styleUrl>
        <Point>
          <coordinates>15.260063,-18.987360,0</coordinates>
        </Point>
      </Placemark>
      <Placemark>
        <name>Duiwelsvuur - Month 8</name>
        <description>Waterhole: Duiwelsvuur, Month: 8, Time: 2010-08-21 21:00:00, Lon: 15.260078, Lat: -18.987372</description>
        <styleUrl>#month8_style</styleUrl>
        <Point>
          <coordinates>15.260078,-18.987372,0</coordinates>
        </Point>
      </Placemark>
      <Placemark>
        <name>Duiwelsvuur - Month 8</name>
        <description>Waterhole: Duiwelsvuur, Month: 8, Time: 2010-08-21 21:20:00, Lon: 15.260075, Lat: -18.987368</description>
        <styleUrl>#month8_style</styleUrl>
        <Point>
          <coordinates>15.260075,-18.987368,0</coordinates>
        </Point>
      </Placemark>
      <Placemark>
        <name>Duiwelsvuur - Month 8</name>
        <description>Waterhole: Duiwelsvuur, Month: 8, Time: 2010-08-21 21:40:00, Lon: 15.260070, Lat: -18.987380</description>
        <styleUrl>#month8_style</styleUrl>
        <Point>
          <coordinates>15.260070,-18.987380,0</coordinates>
        </Point>
      </Placemark>
      <Placemark>
        <name>Duiwelsvuur - Month 8</name>
        <description>Waterhole: Duiwelsvuur, Month: 8, Time: 2010-08-21 22:00:00, Lon: 15.260068, Lat: -18.987356</description>
        <styleUrl>#month8_style</styleUrl>
        <Point>
          <coordinates>15.260068,-18.987356,0</coordinates>
        </Point>
      </Placemark>
      <Placemark>
        <name>Duiwelsvuur - Month 8</name>
        <description>Waterhole: Duiwelsvuur, Month: 8, Time: 2010-08-21 22:20:00, Lon: 15.260088, Lat: -18.987366</description>
        <styleUrl>#month8_style</styleUrl>
        <Point>
          <coordinates>15.260088,-18.987366,0</coordinates>
        </Point>
      </Placemark>
      <Placemark>
        <name>Duiwelsvuur - Month 8</name>
        <description>Waterhole: Duiwelsvuur, Month: 8, Time: 2010-08-21 22:40:00, Lon: 15.260099, Lat: -18.987376</description>
        <styleUrl>#month8_style</styleUrl>
        <Point>
          <coordinates>15.260099,-18.987376,0</coordinates>
        </Point>
      </Placemark>
      <Placemark>
        <name>Duiwelsvuur - Month 8</name>
        <description>Waterhole: Duiwelsvuur, Month: 8, Time: 2010-08-21 23:00:00, Lon: 15.260090, Lat: -18.987362</description>
        <styleUrl>#month8_style</styleUrl>
        <Point>
          <coordinates>15.260090,-18.987362,0</coordinates>
        </Point>
      </Placemark>
      <Placemark>
        <name>Duiwelsvuur - Month 8</name>
        <description>Waterhole: Duiwelsvuur, Month: 8, Time: 2010-08-21 23:20:00, Lon: 15.260066, Lat: -18.987358</description>
        <styleUrl>#month8_style</styleUrl>
        <Point>
          <coordinates>15.260066,-18.987358,0</coordinates>
        </Point>
      </Placemark>
      <Placemark>
        <name>Duiwelsvuur - Month 8</name>
        <description>Waterhole: Duiwelsvuur, Month: 8, Time: 2010-08-21 23:40:00, Lon: 15.260071, Lat: -18.987362</description>
        <styleUrl>#month8_style</styleUrl>
        <Point>
          <coordinates>15.260071,-18.987362,0</coordinates>
        </Point>
      </Placemark>
      <Placemark>
        <name>Bitterwater Waterhole - Month 3</name>
        <description>Waterhole: Bitterwater Waterhole, Month: 3, Time: 2010-03-27 23:40:00, Lon: 15.167817, Lat: -18.981177</description>
        <styleUrl>#month3_style</styleUrl>
        <Point>
          <coordinates>15.167817,-18.981177,0</coordinates>
        </Point>
      </Placemark>
      <Placemark>
        <name>Ozonjuitji m'Bari - Month 4</name>
        <description>Waterhole: Ozonjuitji m'Bari, Month: 4, Time: 2010-04-16 10:00:00, Lon: 15.505291, Lat: -18.969541</description>
        <styleUrl>#month4_style</styleUrl>
        <Point>
          <coordinates>15.505291,-18.969541,0</coordinates>
        </Point>
      </Placemark>
      <Placemark>
        <name>Ozonjuitji m'Bari - Month 4</name>
        <description>Waterhole: Ozonjuitji m'Bari, Month: 4, Time: 2010-04-16 10:20:00, Lon: 15.504918, Lat: -18.972205</description>
        <styleUrl>#month4_style</styleUrl>
        <Point>
          <coordinates>15.504918,-18.972205,0</coordinates>
        </Point>
      </Placemark>
      <Placemark>
        <name>Ozonjuitji m'Bari - Month 4</name>
        <description>Waterhole: Ozonjuitji m'Bari, Month: 4, Time: 2010-04-16 10:40:00, Lon: 15.504876, Lat: -18.972498</description>
        <styleUrl>#month4_style</styleUrl>
        <Point>
          <coordinates>15.504876,-18.972498,0</coordinates>
        </Point>
      </Placemark>
      <Placemark>
        <name>Ozonjuitji m'Bari - Month 4</name>
        <description>Waterhole: Ozonjuitji m'Bari, Month: 4, Time: 2010-04-16 11:00:00, Lon: 15.504609, Lat: -18.973179</description>
        <styleUrl>#month4_style</styleUrl>
        <Point>
          <coordinates>15.504609,-18.973179,0</coordinates>
        </Point>
      </Placemark>
      <Placemark>
        <name>Ozonjuitji m'Bari - Month 4</name>
        <description>Waterhole: Ozonjuitji m'Bari, Month: 4, Time: 2010-04-16 11:20:00, Lon: 15.504631, Lat: -18.973212</description>
        <styleUrl>#month4_style</styleUrl>
        <Point>
          <coordinates>15.504631,-18.973212,0</coordinates>
        </Point>
      </Placemark>
      <Placemark>
        <name>Ozonjuitji m'Bari - Month 4</name>
        <description>Waterhole: Ozonjuitji m'Bari, Month: 4, Time: 2010-04-16 11:40:00, Lon: 15.504603, Lat: -18.973201</description>
        <styleUrl>#month4_style</styleUrl>
        <Point>
          <coordinates>15.504603,-18.973201,0</coordinates>
        </Point>
      </Placemark>
      <Placemark>
        <name>Ozonjuitji m'Bari - Month 4</name>
        <description>Waterhole: Ozonjuitji m'Bari, Month: 4, Time: 2010-04-16 12:00:00, Lon: 15.505085, Lat: -18.973875</description>
        <styleUrl>#month4_style</styleUrl>
        <Point>
          <coordinates>15.505085,-18.973875,0</coordinates>
        </Point>
      </Placemark>
      <Placemark>
        <name>Ozonjuitji m'Bari - Month 4</name>
        <description>Waterhole: Ozonjuitji m'Bari, Month: 4, Time: 2010-04-16 12:20:00, Lon: 15.505125, Lat: -18.974390</description>
        <styleUrl>#month4_style</styleUrl>
        <Point>
          <coordinates>15.505125,-18.974390,0</coordinates>
        </Point>
      </Placemark>
      <Placemark>
        <name>Ozonjuitji m'Bari - Month 4</name>
        <description>Waterhole: Ozonjuitji m'Bari, Month: 4, Time: 2010-04-16 12:40:00, Lon: 15.505140, Lat: -18.974400</description>
        <styleUrl>#month4_style</styleUrl>
        <Point>
          <coordinates>15.505140,-18.974400,0</coordinates>
        </Point>
      </Placemark>
      <Placemark>
        <name>Ozonjuitji m'Bari - Month 4</name>
        <description>Waterhole: Ozonjuitji m'Bari, Month: 4, Time: 2010-04-16 13:00:00, Lon: 15.504928, Lat: -18.974428</description>
        <styleUrl>#month4_style</styleUrl>
        <Point>
          <coordinates>15.504928,-18.974428,0</coordinates>
        </Point>
      </Placemark>
      <Placemark>
        <name>Ozonjuitji m'Bari - Month 4</name>
        <description>Waterhole: Ozonjuitji m'Bari, Month: 4, Time: 2010-04-16 13:40:00, Lon: 15.500907, Lat: -18.974980</description>
        <styleUrl>#month4_style</styleUrl>
        <Point>
          <coordinates>15.500907,-18.974980,0</coordinates>
        </Point>
      </Placemark>
      <Placemark>
        <name>Ozonjuitji m'Bari - Month 4</name>
        <description>Waterhole: Ozonjuitji m'Bari, Month: 4, Time: 2010-04-16 14:00:00, Lon: 15.500568, Lat: -18.975523</description>
        <styleUrl>#month4_style</styleUrl>
        <Point>
          <coordinates>15.500568,-18.975523,0</coordinates>
        </Point>
      </Placemark>
      <Placemark>
        <name>Ozonjuitji m'Bari - Month 4</name>
        <description>Waterhole: Ozonjuitji m'Bari, Month: 4, Time: 2010-04-16 14:20:00, Lon: 15.500670, Lat: -18.975515</description>
        <styleUrl>#month4_style</styleUrl>
        <Point>
          <coordinates>15.500670,-18.975515,0</coordinates>
        </Point>
      </Placemark>
      <Placemark>
        <name>Ozonjuitji m'Bari - Month 4</name>
        <description>Waterhole: Ozonjuitji m'Bari, Month: 4, Time: 2010-04-16 14:40:00, Lon: 15.503343, Lat: -18.976223</description>
        <styleUrl>#month4_style</styleUrl>
        <Point>
          <coordinates>15.503343,-18.976223,0</coordinates>
        </Point>
      </Placemark>
      <Placemark>
        <name>Ozonjuitji m'Bari - Month 4</name>
        <description>Waterhole: Ozonjuitji m'Bari, Month: 4, Time: 2010-04-16 15:00:00, Lon: 15.499418, Lat: -18.980473</description>
        <styleUrl>#month4_style</styleUrl>
        <Point>
          <coordinates>15.499418,-18.980473,0</coordinates>
        </Point>
      </Placemark>
      <Placemark>
        <name>Sonderkop waterhole - Month 4</name>
        <description>Waterhole: Sonderkop waterhole, Month: 4, Time: 2010-04-24 18:40:00, Lon: 15.326381, Lat: -18.973912</description>
        <styleUrl>#month4_style</styleUrl>
        <Point>
          <coordinates>15.326381,-18.973912,0</coordinates>
        </Point>
      </Placemark>
      <Placemark>
        <name>Sonderkop waterhole - Month 4</name>
        <description>Waterhole: Sonderkop waterhole, Month: 4, Time: 2010-04-24 19:00:00, Lon: 15.327526, Lat: -18.967997</description>
        <styleUrl>#month4_style</styleUrl>
        <Point>
          <coordinates>15.327526,-18.967997,0</coordinates>
        </Point>
      </Placemark>
      <Placemark>
        <name>Sonderkop waterhole - Month 4</name>
        <description>Waterhole: Sonderkop waterhole, Month: 4, Time: 2010-04-24 19:20:00, Lon: 15.319863, Lat: -18.973305</description>
        <styleUrl>#month4_style</styleUrl>
        <Point>
          <coordinates>15.319863,-18.973305,0</coordinates>
        </Point>
      </Placemark>
      <Placemark>
        <name>Duiwelsvuur - Month 4</name>
        <description>Waterhole: Duiwelsvuur, Month: 4, Time: 2010-04-24 21:20:00, Lon: 15.268928, Lat: -18.987628</description>
        <styleUrl>#month4_style</styleUrl>
        <Point>
          <coordinates>15.268928,-18.987628,0</coordinates>
        </Point>
      </Placemark>
      <Placemark>
        <name>Duiwelsvuur - Month 4</name>
        <description>Waterhole: Duiwelsvuur, Month: 4, Time: 2010-04-24 21:40:00, Lon: 15.258818, Lat: -18.988999</description>
        <styleUrl>#month4_style</styleUrl>
        <Point>
          <coordinates>15.258818,-18.988999,0</coordinates>
        </Point>
      </Placemark>
      <Placemark>
        <name>Duiwelsvuur - Month 4</name>
        <description>Waterhole: Duiwelsvuur, Month: 4, Time: 2010-04-24 22:00:00, Lon: 15.257830, Lat: -18.995516</description>
        <styleUrl>#month4_style</styleUrl>
        <Point>
          <coordinates>15.257830,-18.995516,0</coordinates>
        </Point>
      </Placemark>
    </Folder>
  </Document>
</kml>
