<?xml version="1.0" ?>
<kml xmlns="http://www.opengis.net/kml/2.2">
  <Document>
    <name>Elephant 08fe - 2010 Waterhole Visits</name>
    <description>Points colored by month for elephant 08fe in 2010</description>
    <Style id="month1_style">
      <IconStyle>
        <color>ff0000ff</color>
        <Icon>
          <href>http://maps.google.com/mapfiles/kml/shapes/placemark_circle.png</href>
        </Icon>
      </IconStyle>
      <LabelStyle>
        <color>ff0000ff</color>
      </LabelStyle>
    </Style>
    <Style id="month2_style">
      <IconStyle>
        <color>ff00ff00</color>
        <Icon>
          <href>http://maps.google.com/mapfiles/kml/shapes/placemark_circle.png</href>
        </Icon>
      </IconStyle>
      <LabelStyle>
        <color>ff00ff00</color>
      </LabelStyle>
    </Style>
    <Style id="month3_style">
      <IconStyle>
        <color>ffff0000</color>
        <Icon>
          <href>http://maps.google.com/mapfiles/kml/shapes/placemark_circle.png</href>
        </Icon>
      </IconStyle>
      <LabelStyle>
        <color>ffff0000</color>
      </LabelStyle>
    </Style>
    <Style id="month4_style">
      <IconStyle>
        <color>ff00ffff</color>
        <Icon>
          <href>http://maps.google.com/mapfiles/kml/shapes/placemark_circle.png</href>
        </Icon>
      </IconStyle>
      <LabelStyle>
        <color>ff00ffff</color>
      </LabelStyle>
    </Style>
    <Style id="month5_style">
      <IconStyle>
        <color>ffff00ff</color>
        <Icon>
          <href>http://maps.google.com/mapfiles/kml/shapes/placemark_circle.png</href>
        </Icon>
      </IconStyle>
      <LabelStyle>
        <color>ffff00ff</color>
      </LabelStyle>
    </Style>
    <Style id="month6_style">
      <IconStyle>
        <color>ff808080</color>
        <Icon>
          <href>http://maps.google.com/mapfiles/kml/shapes/placemark_circle.png</href>
        </Icon>
      </IconStyle>
      <LabelStyle>
        <color>ff808080</color>
      </LabelStyle>
    </Style>
    <Style id="month7_style">
      <IconStyle>
        <color>ff8000ff</color>
        <Icon>
          <href>http://maps.google.com/mapfiles/kml/shapes/placemark_circle.png</href>
        </Icon>
      </IconStyle>
      <LabelStyle>
        <color>ff8000ff</color>
      </LabelStyle>
    </Style>
    <Style id="month8_style">
      <IconStyle>
        <color>ff0080ff</color>
        <Icon>
          <href>http://maps.google.com/mapfiles/kml/shapes/placemark_circle.png</href>
        </Icon>
      </IconStyle>
      <LabelStyle>
        <color>ff0080ff</color>
      </LabelStyle>
    </Style>
    <Style id="month9_style">
      <IconStyle>
        <color>ff80ff00</color>
        <Icon>
          <href>http://maps.google.com/mapfiles/kml/shapes/placemark_circle.png</href>
        </Icon>
      </IconStyle>
      <LabelStyle>
        <color>ff80ff00</color>
      </LabelStyle>
    </Style>
    <Style id="month10_style">
      <IconStyle>
        <color>ffff8000</color>
        <Icon>
          <href>http://maps.google.com/mapfiles/kml/shapes/placemark_circle.png</href>
        </Icon>
      </IconStyle>
      <LabelStyle>
        <color>ffff8000</color>
      </LabelStyle>
    </Style>
    <Style id="month11_style">
      <IconStyle>
        <color>ff008000</color>
        <Icon>
          <href>http://maps.google.com/mapfiles/kml/shapes/placemark_circle.png</href>
        </Icon>
      </IconStyle>
      <LabelStyle>
        <color>ff008000</color>
      </LabelStyle>
    </Style>
    <Style id="month12_style">
      <IconStyle>
        <color>ff800000</color>
        <Icon>
          <href>http://maps.google.com/mapfiles/kml/shapes/placemark_circle.png</href>
        </Icon>
      </IconStyle>
      <LabelStyle>
        <color>ff800000</color>
      </LabelStyle>
    </Style>
    <Folder>
      <name>Waterhole Visits</name>
      <description>Each point represents an observation at a waterhole, colored by month</description>
      <Placemark>
        <name>Teespoet waterhole - Month 5</name>
        <description>Waterhole: Teespoet waterhole, Month: 5, Time: 2010-05-12 17:21:00, Lon: 15.058136, Lat: -18.975043</description>
        <styleUrl>#month5_style</styleUrl>
        <Point>
          <coordinates>15.058136,-18.975043,0</coordinates>
        </Point>
      </Placemark>
      <Placemark>
        <name>Teespoet waterhole - Month 5</name>
        <description>Waterhole: Teespoet waterhole, Month: 5, Time: 2010-05-12 17:41:00, Lon: 15.059060, Lat: -18.976365</description>
        <styleUrl>#month5_style</styleUrl>
        <Point>
          <coordinates>15.059060,-18.976365,0</coordinates>
        </Point>
      </Placemark>
      <Placemark>
        <name>Teespoet waterhole - Month 5</name>
        <description>Waterhole: Teespoet waterhole, Month: 5, Time: 2010-05-12 18:01:00, Lon: 15.060277, Lat: -18.977639</description>
        <styleUrl>#month5_style</styleUrl>
        <Point>
          <coordinates>15.060277,-18.977639,0</coordinates>
        </Point>
      </Placemark>
      <Placemark>
        <name>Teespoet waterhole - Month 5</name>
        <description>Waterhole: Teespoet waterhole, Month: 5, Time: 2010-05-12 18:21:00, Lon: 15.061112, Lat: -18.977883</description>
        <styleUrl>#month5_style</styleUrl>
        <Point>
          <coordinates>15.061112,-18.977883,0</coordinates>
        </Point>
      </Placemark>
      <Placemark>
        <name>Teespoet waterhole - Month 5</name>
        <description>Waterhole: Teespoet waterhole, Month: 5, Time: 2010-05-12 18:41:00, Lon: 15.061094, Lat: -18.977810</description>
        <styleUrl>#month5_style</styleUrl>
        <Point>
          <coordinates>15.061094,-18.977810,0</coordinates>
        </Point>
      </Placemark>
      <Placemark>
        <name>Teespoet waterhole - Month 5</name>
        <description>Waterhole: Teespoet waterhole, Month: 5, Time: 2010-05-12 19:01:00, Lon: 15.061137, Lat: -18.977810</description>
        <styleUrl>#month5_style</styleUrl>
        <Point>
          <coordinates>15.061137,-18.977810,0</coordinates>
        </Point>
      </Placemark>
      <Placemark>
        <name>Teespoet waterhole - Month 5</name>
        <description>Waterhole: Teespoet waterhole, Month: 5, Time: 2010-05-12 19:21:00, Lon: 15.061569, Lat: -18.979747</description>
        <styleUrl>#month5_style</styleUrl>
        <Point>
          <coordinates>15.061569,-18.979747,0</coordinates>
        </Point>
      </Placemark>
      <Placemark>
        <name>Teespoet waterhole - Month 5</name>
        <description>Waterhole: Teespoet waterhole, Month: 5, Time: 2010-05-12 19:41:00, Lon: 15.057737, Lat: -18.982808</description>
        <styleUrl>#month5_style</styleUrl>
        <Point>
          <coordinates>15.057737,-18.982808,0</coordinates>
        </Point>
      </Placemark>
      <Placemark>
        <name>Tobieroen - Month 5</name>
        <description>Waterhole: Tobieroen, Month: 5, Time: 2010-05-13 12:41:00, Lon: 14.957938, Lat: -18.978613</description>
        <styleUrl>#month5_style</styleUrl>
        <Point>
          <coordinates>14.957938,-18.978613,0</coordinates>
        </Point>
      </Placemark>
      <Placemark>
        <name>Tobieroen - Month 5</name>
        <description>Waterhole: Tobieroen, Month: 5, Time: 2010-05-13 13:01:00, Lon: 14.957543, Lat: -18.971499</description>
        <styleUrl>#month5_style</styleUrl>
        <Point>
          <coordinates>14.957543,-18.971499,0</coordinates>
        </Point>
      </Placemark>
      <Placemark>
        <name>Tobieroen - Month 5</name>
        <description>Waterhole: Tobieroen, Month: 5, Time: 2010-05-13 13:21:00, Lon: 14.966282, Lat: -18.967303</description>
        <styleUrl>#month5_style</styleUrl>
        <Point>
          <coordinates>14.966282,-18.967303,0</coordinates>
        </Point>
      </Placemark>
      <Placemark>
        <name>Tobieroen - Month 5</name>
        <description>Waterhole: Tobieroen, Month: 5, Time: 2010-05-13 17:01:00, Lon: 14.963904, Lat: -18.975822</description>
        <styleUrl>#month5_style</styleUrl>
        <Point>
          <coordinates>14.963904,-18.975822,0</coordinates>
        </Point>
      </Placemark>
      <Placemark>
        <name>Tobieroen - Month 5</name>
        <description>Waterhole: Tobieroen, Month: 5, Time: 2010-05-13 17:21:00, Lon: 14.960080, Lat: -18.974164</description>
        <styleUrl>#month5_style</styleUrl>
        <Point>
          <coordinates>14.960080,-18.974164,0</coordinates>
        </Point>
      </Placemark>
      <Placemark>
        <name>Tobieroen - Month 5</name>
        <description>Waterhole: Tobieroen, Month: 5, Time: 2010-05-13 17:41:00, Lon: 14.958033, Lat: -18.969918</description>
        <styleUrl>#month5_style</styleUrl>
        <Point>
          <coordinates>14.958033,-18.969918,0</coordinates>
        </Point>
      </Placemark>
      <Placemark>
        <name>Tobieroen - Month 5</name>
        <description>Waterhole: Tobieroen, Month: 5, Time: 2010-05-13 18:01:00, Lon: 14.959120, Lat: -18.967944</description>
        <styleUrl>#month5_style</styleUrl>
        <Point>
          <coordinates>14.959120,-18.967944,0</coordinates>
        </Point>
      </Placemark>
      <Placemark>
        <name>Tobieroen - Month 5</name>
        <description>Waterhole: Tobieroen, Month: 5, Time: 2010-05-13 18:21:00, Lon: 14.959741, Lat: -18.968166</description>
        <styleUrl>#month5_style</styleUrl>
        <Point>
          <coordinates>14.959741,-18.968166,0</coordinates>
        </Point>
      </Placemark>
      <Placemark>
        <name>Tobieroen - Month 5</name>
        <description>Waterhole: Tobieroen, Month: 5, Time: 2010-05-13 18:41:00, Lon: 14.963584, Lat: -18.966266</description>
        <styleUrl>#month5_style</styleUrl>
        <Point>
          <coordinates>14.963584,-18.966266,0</coordinates>
        </Point>
      </Placemark>
      <Placemark>
        <name>Teespoet waterhole - Month 5</name>
        <description>Waterhole: Teespoet waterhole, Month: 5, Time: 2010-05-14 16:41:00, Lon: 15.061423, Lat: -18.975704</description>
        <styleUrl>#month5_style</styleUrl>
        <Point>
          <coordinates>15.061423,-18.975704,0</coordinates>
        </Point>
      </Placemark>
      <Placemark>
        <name>Teespoet waterhole - Month 5</name>
        <description>Waterhole: Teespoet waterhole, Month: 5, Time: 2010-05-14 17:01:00, Lon: 15.060915, Lat: -18.975767</description>
        <styleUrl>#month5_style</styleUrl>
        <Point>
          <coordinates>15.060915,-18.975767,0</coordinates>
        </Point>
      </Placemark>
      <Placemark>
        <name>Teespoet waterhole - Month 5</name>
        <description>Waterhole: Teespoet waterhole, Month: 5, Time: 2010-05-14 17:21:00, Lon: 15.062178, Lat: -18.976656</description>
        <styleUrl>#month5_style</styleUrl>
        <Point>
          <coordinates>15.062178,-18.976656,0</coordinates>
        </Point>
      </Placemark>
      <Placemark>
        <name>Teespoet waterhole - Month 5</name>
        <description>Waterhole: Teespoet waterhole, Month: 5, Time: 2010-05-14 17:41:00, Lon: 15.062968, Lat: -18.979612</description>
        <styleUrl>#month5_style</styleUrl>
        <Point>
          <coordinates>15.062968,-18.979612,0</coordinates>
        </Point>
      </Placemark>
      <Placemark>
        <name>Teespoet waterhole - Month 5</name>
        <description>Waterhole: Teespoet waterhole, Month: 5, Time: 2010-05-14 18:01:00, Lon: 15.062146, Lat: -18.980894</description>
        <styleUrl>#month5_style</styleUrl>
        <Point>
          <coordinates>15.062146,-18.980894,0</coordinates>
        </Point>
      </Placemark>
      <Placemark>
        <name>Teespoet waterhole - Month 5</name>
        <description>Waterhole: Teespoet waterhole, Month: 5, Time: 2010-05-14 18:21:00, Lon: 15.063935, Lat: -18.982353</description>
        <styleUrl>#month5_style</styleUrl>
        <Point>
          <coordinates>15.063935,-18.982353,0</coordinates>
        </Point>
      </Placemark>
      <Placemark>
        <name>Teespoet waterhole - Month 5</name>
        <description>Waterhole: Teespoet waterhole, Month: 5, Time: 2010-05-14 18:41:00, Lon: 15.064500, Lat: -18.982458</description>
        <styleUrl>#month5_style</styleUrl>
        <Point>
          <coordinates>15.064500,-18.982458,0</coordinates>
        </Point>
      </Placemark>
      <Placemark>
        <name>Teespoet waterhole - Month 5</name>
        <description>Waterhole: Teespoet waterhole, Month: 5, Time: 2010-05-14 19:01:00, Lon: 15.066440, Lat: -18.984259</description>
        <styleUrl>#month5_style</styleUrl>
        <Point>
          <coordinates>15.066440,-18.984259,0</coordinates>
        </Point>
      </Placemark>
      <Placemark>
        <name>Teespoet waterhole - Month 5</name>
        <description>Waterhole: Teespoet waterhole, Month: 5, Time: 2010-05-14 19:21:00, Lon: 15.067114, Lat: -18.984690</description>
        <styleUrl>#month5_style</styleUrl>
        <Point>
          <coordinates>15.067114,-18.984690,0</coordinates>
        </Point>
      </Placemark>
      <Placemark>
        <name>Teespoet waterhole - Month 5</name>
        <description>Waterhole: Teespoet waterhole, Month: 5, Time: 2010-05-14 19:41:00, Lon: 15.067096, Lat: -18.984696</description>
        <styleUrl>#month5_style</styleUrl>
        <Point>
          <coordinates>15.067096,-18.984696,0</coordinates>
        </Point>
      </Placemark>
      <Placemark>
        <name>Teespoet waterhole - Month 5</name>
        <description>Waterhole: Teespoet waterhole, Month: 5, Time: 2010-05-15 06:21:00, Lon: 15.058430, Lat: -18.987351</description>
        <styleUrl>#month5_style</styleUrl>
        <Point>
          <coordinates>15.058430,-18.987351,0</coordinates>
        </Point>
      </Placemark>
      <Placemark>
        <name>Teespoet waterhole - Month 5</name>
        <description>Waterhole: Teespoet waterhole, Month: 5, Time: 2010-05-15 06:41:00, Lon: 15.056227, Lat: -18.983305</description>
        <styleUrl>#month5_style</styleUrl>
        <Point>
          <coordinates>15.056227,-18.983305,0</coordinates>
        </Point>
      </Placemark>
      <Placemark>
        <name>Teespoet waterhole - Month 5</name>
        <description>Waterhole: Teespoet waterhole, Month: 5, Time: 2010-05-15 07:01:00, Lon: 15.054363, Lat: -18.979348</description>
        <styleUrl>#month5_style</styleUrl>
        <Point>
          <coordinates>15.054363,-18.979348,0</coordinates>
        </Point>
      </Placemark>
      <Placemark>
        <name>Teespoet waterhole - Month 5</name>
        <description>Waterhole: Teespoet waterhole, Month: 5, Time: 2010-05-17 05:01:00, Lon: 15.054866, Lat: -18.973289</description>
        <styleUrl>#month5_style</styleUrl>
        <Point>
          <coordinates>15.054866,-18.973289,0</coordinates>
        </Point>
      </Placemark>
      <Placemark>
        <name>Teespoet waterhole - Month 5</name>
        <description>Waterhole: Teespoet waterhole, Month: 5, Time: 2010-05-17 05:21:00, Lon: 15.055335, Lat: -18.976029</description>
        <styleUrl>#month5_style</styleUrl>
        <Point>
          <coordinates>15.055335,-18.976029,0</coordinates>
        </Point>
      </Placemark>
      <Placemark>
        <name>Teespoet waterhole - Month 5</name>
        <description>Waterhole: Teespoet waterhole, Month: 5, Time: 2010-05-17 05:41:00, Lon: 15.055405, Lat: -18.977423</description>
        <styleUrl>#month5_style</styleUrl>
        <Point>
          <coordinates>15.055405,-18.977423,0</coordinates>
        </Point>
      </Placemark>
      <Placemark>
        <name>Teespoet waterhole - Month 5</name>
        <description>Waterhole: Teespoet waterhole, Month: 5, Time: 2010-05-17 06:01:00, Lon: 15.056088, Lat: -18.977655</description>
        <styleUrl>#month5_style</styleUrl>
        <Point>
          <coordinates>15.056088,-18.977655,0</coordinates>
        </Point>
      </Placemark>
      <Placemark>
        <name>Teespoet waterhole - Month 5</name>
        <description>Waterhole: Teespoet waterhole, Month: 5, Time: 2010-05-17 06:21:00, Lon: 15.058183, Lat: -18.976524</description>
        <styleUrl>#month5_style</styleUrl>
        <Point>
          <coordinates>15.058183,-18.976524,0</coordinates>
        </Point>
      </Placemark>
      <Placemark>
        <name>Teespoet waterhole - Month 5</name>
        <description>Waterhole: Teespoet waterhole, Month: 5, Time: 2010-05-17 06:41:00, Lon: 15.058501, Lat: -18.975173</description>
        <styleUrl>#month5_style</styleUrl>
        <Point>
          <coordinates>15.058501,-18.975173,0</coordinates>
        </Point>
      </Placemark>
      <Placemark>
        <name>Teespoet waterhole - Month 5</name>
        <description>Waterhole: Teespoet waterhole, Month: 5, Time: 2010-05-17 07:01:00, Lon: 15.058288, Lat: -18.974921</description>
        <styleUrl>#month5_style</styleUrl>
        <Point>
          <coordinates>15.058288,-18.974921,0</coordinates>
        </Point>
      </Placemark>
      <Placemark>
        <name>Teespoet waterhole - Month 5</name>
        <description>Waterhole: Teespoet waterhole, Month: 5, Time: 2010-05-17 07:21:00, Lon: 15.058479, Lat: -18.974361</description>
        <styleUrl>#month5_style</styleUrl>
        <Point>
          <coordinates>15.058479,-18.974361,0</coordinates>
        </Point>
      </Placemark>
      <Placemark>
        <name>Teespoet waterhole - Month 5</name>
        <description>Waterhole: Teespoet waterhole, Month: 5, Time: 2010-05-17 07:41:00, Lon: 15.058701, Lat: -18.974284</description>
        <styleUrl>#month5_style</styleUrl>
        <Point>
          <coordinates>15.058701,-18.974284,0</coordinates>
        </Point>
      </Placemark>
      <Placemark>
        <name>Teespoet waterhole - Month 5</name>
        <description>Waterhole: Teespoet waterhole, Month: 5, Time: 2010-05-17 08:01:00, Lon: 15.058603, Lat: -18.974241</description>
        <styleUrl>#month5_style</styleUrl>
        <Point>
          <coordinates>15.058603,-18.974241,0</coordinates>
        </Point>
      </Placemark>
      <Placemark>
        <name>Teespoet waterhole - Month 5</name>
        <description>Waterhole: Teespoet waterhole, Month: 5, Time: 2010-05-17 08:21:00, Lon: 15.058161, Lat: -18.975022</description>
        <styleUrl>#month5_style</styleUrl>
        <Point>
          <coordinates>15.058161,-18.975022,0</coordinates>
        </Point>
      </Placemark>
      <Placemark>
        <name>Teespoet waterhole - Month 5</name>
        <description>Waterhole: Teespoet waterhole, Month: 5, Time: 2010-05-17 08:41:00, Lon: 15.059216, Lat: -18.977110</description>
        <styleUrl>#month5_style</styleUrl>
        <Point>
          <coordinates>15.059216,-18.977110,0</coordinates>
        </Point>
      </Placemark>
      <Placemark>
        <name>Teespoet waterhole - Month 5</name>
        <description>Waterhole: Teespoet waterhole, Month: 5, Time: 2010-05-17 09:01:00, Lon: 15.062666, Lat: -18.979342</description>
        <styleUrl>#month5_style</styleUrl>
        <Point>
          <coordinates>15.062666,-18.979342,0</coordinates>
        </Point>
      </Placemark>
      <Placemark>
        <name>Teespoet waterhole - Month 5</name>
        <description>Waterhole: Teespoet waterhole, Month: 5, Time: 2010-05-17 09:21:00, Lon: 15.070585, Lat: -18.980320</description>
        <styleUrl>#month5_style</styleUrl>
        <Point>
          <coordinates>15.070585,-18.980320,0</coordinates>
        </Point>
      </Placemark>
      <Placemark>
        <name>Bitterwater Waterhole - Month 5</name>
        <description>Waterhole: Bitterwater Waterhole, Month: 5, Time: 2010-05-17 12:41:00, Lon: 15.162192, Lat: -18.977502</description>
        <styleUrl>#month5_style</styleUrl>
        <Point>
          <coordinates>15.162192,-18.977502,0</coordinates>
        </Point>
      </Placemark>
      <Placemark>
        <name>Duiwelsvuur - Month 5</name>
        <description>Waterhole: Duiwelsvuur, Month: 5, Time: 2010-05-17 16:01:00, Lon: 15.259738, Lat: -18.987628</description>
        <styleUrl>#month5_style</styleUrl>
        <Point>
          <coordinates>15.259738,-18.987628,0</coordinates>
        </Point>
      </Placemark>
      <Placemark>
        <name>Duiwelsvuur - Month 5</name>
        <description>Waterhole: Duiwelsvuur, Month: 5, Time: 2010-05-17 16:21:00, Lon: 15.264349, Lat: -18.986749</description>
        <styleUrl>#month5_style</styleUrl>
        <Point>
          <coordinates>15.264349,-18.986749,0</coordinates>
        </Point>
      </Placemark>
      <Placemark>
        <name>Sonderkop waterhole - Month 5</name>
        <description>Waterhole: Sonderkop waterhole, Month: 5, Time: 2010-05-17 19:01:00, Lon: 15.328209, Lat: -18.968945</description>
        <styleUrl>#month5_style</styleUrl>
        <Point>
          <coordinates>15.328209,-18.968945,0</coordinates>
        </Point>
      </Placemark>
      <Placemark>
        <name>Sonderkop waterhole - Month 5</name>
        <description>Waterhole: Sonderkop waterhole, Month: 5, Time: 2010-05-17 19:21:00, Lon: 15.329896, Lat: -18.968083</description>
        <styleUrl>#month5_style</styleUrl>
        <Point>
          <coordinates>15.329896,-18.968083,0</coordinates>
        </Point>
      </Placemark>
      <Placemark>
        <name>Ozonjuitji m'Bari - Month 5</name>
        <description>Waterhole: Ozonjuitji m'Bari, Month: 5, Time: 2010-05-18 15:01:00, Lon: 15.498730, Lat: -18.970302</description>
        <styleUrl>#month5_style</styleUrl>
        <Point>
          <coordinates>15.498730,-18.970302,0</coordinates>
        </Point>
      </Placemark>
      <Placemark>
        <name>Ozonjuitji m'Bari - Month 5</name>
        <description>Waterhole: Ozonjuitji m'Bari, Month: 5, Time: 2010-05-18 15:21:00, Lon: 15.503616, Lat: -18.976542</description>
        <styleUrl>#month5_style</styleUrl>
        <Point>
          <coordinates>15.503616,-18.976542,0</coordinates>
        </Point>
      </Placemark>
      <Placemark>
        <name>Ozonjuitji m'Bari - Month 5</name>
        <description>Waterhole: Ozonjuitji m'Bari, Month: 5, Time: 2010-05-18 15:41:00, Lon: 15.508460, Lat: -18.976984</description>
        <styleUrl>#month5_style</styleUrl>
        <Point>
          <coordinates>15.508460,-18.976984,0</coordinates>
        </Point>
      </Placemark>
      <Placemark>
        <name>Ozonjuitji m'Bari - Month 5</name>
        <description>Waterhole: Ozonjuitji m'Bari, Month: 5, Time: 2010-05-19 17:41:00, Lon: 15.504492, Lat: -18.977081</description>
        <styleUrl>#month5_style</styleUrl>
        <Point>
          <coordinates>15.504492,-18.977081,0</coordinates>
        </Point>
      </Placemark>
      <Placemark>
        <name>Ozonjuitji m'Bari - Month 5</name>
        <description>Waterhole: Ozonjuitji m'Bari, Month: 5, Time: 2010-05-19 18:01:00, Lon: 15.503627, Lat: -18.976693</description>
        <styleUrl>#month5_style</styleUrl>
        <Point>
          <coordinates>15.503627,-18.976693,0</coordinates>
        </Point>
      </Placemark>
      <Placemark>
        <name>Ozonjuitji m'Bari - Month 5</name>
        <description>Waterhole: Ozonjuitji m'Bari, Month: 5, Time: 2010-05-19 18:21:00, Lon: 15.505962, Lat: -18.972915</description>
        <styleUrl>#month5_style</styleUrl>
        <Point>
          <coordinates>15.505962,-18.972915,0</coordinates>
        </Point>
      </Placemark>
      <Placemark>
        <name>Duiwelsvuur - Month 5</name>
        <description>Waterhole: Duiwelsvuur, Month: 5, Time: 2010-05-29 06:41:00, Lon: 15.260110, Lat: -18.985006</description>
        <styleUrl>#month5_style</styleUrl>
        <Point>
          <coordinates>15.260110,-18.985006,0</coordinates>
        </Point>
      </Placemark>
      <Placemark>
        <name>Duiwelsvuur - Month 5</name>
        <description>Waterhole: Duiwelsvuur, Month: 5, Time: 2010-05-29 07:01:00, Lon: 15.259710, Lat: -18.987653</description>
        <styleUrl>#month5_style</styleUrl>
        <Point>
          <coordinates>15.259710,-18.987653,0</coordinates>
        </Point>
      </Placemark>
      <Placemark>
        <name>Duiwelsvuur - Month 5</name>
        <description>Waterhole: Duiwelsvuur, Month: 5, Time: 2010-05-29 07:21:00, Lon: 15.259707, Lat: -18.987651</description>
        <styleUrl>#month5_style</styleUrl>
        <Point>
          <coordinates>15.259707,-18.987651,0</coordinates>
        </Point>
      </Placemark>
      <Placemark>
        <name>Duiwelsvuur - Month 5</name>
        <description>Waterhole: Duiwelsvuur, Month: 5, Time: 2010-05-29 07:41:00, Lon: 15.260501, Lat: -18.986918</description>
        <styleUrl>#month5_style</styleUrl>
        <Point>
          <coordinates>15.260501,-18.986918,0</coordinates>
        </Point>
      </Placemark>
      <Placemark>
        <name>Duiwelsvuur - Month 5</name>
        <description>Waterhole: Duiwelsvuur, Month: 5, Time: 2010-05-29 08:01:00, Lon: 15.261297, Lat: -18.985335</description>
        <styleUrl>#month5_style</styleUrl>
        <Point>
          <coordinates>15.261297,-18.985335,0</coordinates>
        </Point>
      </Placemark>
      <Placemark>
        <name>Duiwelsvuur - Month 5</name>
        <description>Waterhole: Duiwelsvuur, Month: 5, Time: 2010-05-29 08:21:00, Lon: 15.261318, Lat: -18.985181</description>
        <styleUrl>#month5_style</styleUrl>
        <Point>
          <coordinates>15.261318,-18.985181,0</coordinates>
        </Point>
      </Placemark>
      <Placemark>
        <name>Duiwelsvuur - Month 5</name>
        <description>Waterhole: Duiwelsvuur, Month: 5, Time: 2010-05-29 08:41:00, Lon: 15.261027, Lat: -18.984930</description>
        <styleUrl>#month5_style</styleUrl>
        <Point>
          <coordinates>15.261027,-18.984930,0</coordinates>
        </Point>
      </Placemark>
      <Placemark>
        <name>Duiwelsvuur - Month 5</name>
        <description>Waterhole: Duiwelsvuur, Month: 5, Time: 2010-05-29 09:01:00, Lon: 15.260849, Lat: -18.984878</description>
        <styleUrl>#month5_style</styleUrl>
        <Point>
          <coordinates>15.260849,-18.984878,0</coordinates>
        </Point>
      </Placemark>
      <Placemark>
        <name>Duiwelsvuur - Month 5</name>
        <description>Waterhole: Duiwelsvuur, Month: 5, Time: 2010-05-29 09:21:00, Lon: 15.260600, Lat: -18.984991</description>
        <styleUrl>#month5_style</styleUrl>
        <Point>
          <coordinates>15.260600,-18.984991,0</coordinates>
        </Point>
      </Placemark>
      <Placemark>
        <name>Duiwelsvuur - Month 5</name>
        <description>Waterhole: Duiwelsvuur, Month: 5, Time: 2010-05-29 09:41:00, Lon: 15.260473, Lat: -18.985124</description>
        <styleUrl>#month5_style</styleUrl>
        <Point>
          <coordinates>15.260473,-18.985124,0</coordinates>
        </Point>
      </Placemark>
      <Placemark>
        <name>Duiwelsvuur - Month 5</name>
        <description>Waterhole: Duiwelsvuur, Month: 5, Time: 2010-05-29 10:01:00, Lon: 15.259714, Lat: -18.987646</description>
        <styleUrl>#month5_style</styleUrl>
        <Point>
          <coordinates>15.259714,-18.987646,0</coordinates>
        </Point>
      </Placemark>
      <Placemark>
        <name>Duiwelsvuur - Month 5</name>
        <description>Waterhole: Duiwelsvuur, Month: 5, Time: 2010-05-29 10:21:00, Lon: 15.259733, Lat: -18.987638</description>
        <styleUrl>#month5_style</styleUrl>
        <Point>
          <coordinates>15.259733,-18.987638,0</coordinates>
        </Point>
      </Placemark>
      <Placemark>
        <name>Duiwelsvuur - Month 5</name>
        <description>Waterhole: Duiwelsvuur, Month: 5, Time: 2010-05-29 10:41:00, Lon: 15.259594, Lat: -18.987803</description>
        <styleUrl>#month5_style</styleUrl>
        <Point>
          <coordinates>15.259594,-18.987803,0</coordinates>
        </Point>
      </Placemark>
      <Placemark>
        <name>Duiwelsvuur - Month 5</name>
        <description>Waterhole: Duiwelsvuur, Month: 5, Time: 2010-05-29 11:01:00, Lon: 15.262089, Lat: -18.988330</description>
        <styleUrl>#month5_style</styleUrl>
        <Point>
          <coordinates>15.262089,-18.988330,0</coordinates>
        </Point>
      </Placemark>
      <Placemark>
        <name>Duiwelsvuur - Month 5</name>
        <description>Waterhole: Duiwelsvuur, Month: 5, Time: 2010-05-29 11:21:00, Lon: 15.262907, Lat: -18.988066</description>
        <styleUrl>#month5_style</styleUrl>
        <Point>
          <coordinates>15.262907,-18.988066,0</coordinates>
        </Point>
      </Placemark>
      <Placemark>
        <name>Duiwelsvuur - Month 5</name>
        <description>Waterhole: Duiwelsvuur, Month: 5, Time: 2010-05-29 11:41:00, Lon: 15.265450, Lat: -18.988072</description>
        <styleUrl>#month5_style</styleUrl>
        <Point>
          <coordinates>15.265450,-18.988072,0</coordinates>
        </Point>
      </Placemark>
      <Placemark>
        <name>Duiwelsvuur - Month 5</name>
        <description>Waterhole: Duiwelsvuur, Month: 5, Time: 2010-05-29 12:01:00, Lon: 15.266260, Lat: -18.988222</description>
        <styleUrl>#month5_style</styleUrl>
        <Point>
          <coordinates>15.266260,-18.988222,0</coordinates>
        </Point>
      </Placemark>
      <Placemark>
        <name>Duiwelsvuur - Month 5</name>
        <description>Waterhole: Duiwelsvuur, Month: 5, Time: 2010-05-29 12:21:00, Lon: 15.266227, Lat: -18.988222</description>
        <styleUrl>#month5_style</styleUrl>
        <Point>
          <coordinates>15.266227,-18.988222,0</coordinates>
        </Point>
      </Placemark>
      <Placemark>
        <name>Duiwelsvuur - Month 5</name>
        <description>Waterhole: Duiwelsvuur, Month: 5, Time: 2010-05-29 12:41:00, Lon: 15.266207, Lat: -18.988222</description>
        <styleUrl>#month5_style</styleUrl>
        <Point>
          <coordinates>15.266207,-18.988222,0</coordinates>
        </Point>
      </Placemark>
      <Placemark>
        <name>Duiwelsvuur - Month 5</name>
        <description>Waterhole: Duiwelsvuur, Month: 5, Time: 2010-05-29 13:01:00, Lon: 15.266190, Lat: -18.988212</description>
        <styleUrl>#month5_style</styleUrl>
        <Point>
          <coordinates>15.266190,-18.988212,0</coordinates>
        </Point>
      </Placemark>
      <Placemark>
        <name>Duiwelsvuur - Month 5</name>
        <description>Waterhole: Duiwelsvuur, Month: 5, Time: 2010-05-29 13:21:00, Lon: 15.266099, Lat: -18.988208</description>
        <styleUrl>#month5_style</styleUrl>
        <Point>
          <coordinates>15.266099,-18.988208,0</coordinates>
        </Point>
      </Placemark>
      <Placemark>
        <name>Duiwelsvuur - Month 5</name>
        <description>Waterhole: Duiwelsvuur, Month: 5, Time: 2010-05-29 13:41:00, Lon: 15.266081, Lat: -18.988340</description>
        <styleUrl>#month5_style</styleUrl>
        <Point>
          <coordinates>15.266081,-18.988340,0</coordinates>
        </Point>
      </Placemark>
      <Placemark>
        <name>Duiwelsvuur - Month 5</name>
        <description>Waterhole: Duiwelsvuur, Month: 5, Time: 2010-05-29 14:01:00, Lon: 15.266059, Lat: -18.988391</description>
        <styleUrl>#month5_style</styleUrl>
        <Point>
          <coordinates>15.266059,-18.988391,0</coordinates>
        </Point>
      </Placemark>
      <Placemark>
        <name>Duiwelsvuur - Month 5</name>
        <description>Waterhole: Duiwelsvuur, Month: 5, Time: 2010-05-29 14:21:00, Lon: 15.266004, Lat: -18.988599</description>
        <styleUrl>#month5_style</styleUrl>
        <Point>
          <coordinates>15.266004,-18.988599,0</coordinates>
        </Point>
      </Placemark>
      <Placemark>
        <name>Duiwelsvuur - Month 5</name>
        <description>Waterhole: Duiwelsvuur, Month: 5, Time: 2010-05-29 14:41:00, Lon: 15.265825, Lat: -18.988499</description>
        <styleUrl>#month5_style</styleUrl>
        <Point>
          <coordinates>15.265825,-18.988499,0</coordinates>
        </Point>
      </Placemark>
      <Placemark>
        <name>Duiwelsvuur - Month 5</name>
        <description>Waterhole: Duiwelsvuur, Month: 5, Time: 2010-05-29 15:01:00, Lon: 15.265818, Lat: -18.988538</description>
        <styleUrl>#month5_style</styleUrl>
        <Point>
          <coordinates>15.265818,-18.988538,0</coordinates>
        </Point>
      </Placemark>
      <Placemark>
        <name>Duiwelsvuur - Month 5</name>
        <description>Waterhole: Duiwelsvuur, Month: 5, Time: 2010-05-29 15:21:00, Lon: 15.265943, Lat: -18.988826</description>
        <styleUrl>#month5_style</styleUrl>
        <Point>
          <coordinates>15.265943,-18.988826,0</coordinates>
        </Point>
      </Placemark>
      <Placemark>
        <name>Duiwelsvuur - Month 5</name>
        <description>Waterhole: Duiwelsvuur, Month: 5, Time: 2010-05-29 15:41:00, Lon: 15.266661, Lat: -18.988436</description>
        <styleUrl>#month5_style</styleUrl>
        <Point>
          <coordinates>15.266661,-18.988436,0</coordinates>
        </Point>
      </Placemark>
      <Placemark>
        <name>Duiwelsvuur - Month 5</name>
        <description>Waterhole: Duiwelsvuur, Month: 5, Time: 2010-05-29 16:01:00, Lon: 15.266949, Lat: -18.988078</description>
        <styleUrl>#month5_style</styleUrl>
        <Point>
          <coordinates>15.266949,-18.988078,0</coordinates>
        </Point>
      </Placemark>
      <Placemark>
        <name>Duiwelsvuur - Month 5</name>
        <description>Waterhole: Duiwelsvuur, Month: 5, Time: 2010-05-29 16:21:00, Lon: 15.267443, Lat: -18.988086</description>
        <styleUrl>#month5_style</styleUrl>
        <Point>
          <coordinates>15.267443,-18.988086,0</coordinates>
        </Point>
      </Placemark>
      <Placemark>
        <name>Duiwelsvuur - Month 5</name>
        <description>Waterhole: Duiwelsvuur, Month: 5, Time: 2010-05-29 16:41:00, Lon: 15.267672, Lat: -18.988385</description>
        <styleUrl>#month5_style</styleUrl>
        <Point>
          <coordinates>15.267672,-18.988385,0</coordinates>
        </Point>
      </Placemark>
      <Placemark>
        <name>Duiwelsvuur - Month 5</name>
        <description>Waterhole: Duiwelsvuur, Month: 5, Time: 2010-05-29 17:01:00, Lon: 15.267675, Lat: -18.988424</description>
        <styleUrl>#month5_style</styleUrl>
        <Point>
          <coordinates>15.267675,-18.988424,0</coordinates>
        </Point>
      </Placemark>
      <Placemark>
        <name>Duiwelsvuur - Month 5</name>
        <description>Waterhole: Duiwelsvuur, Month: 5, Time: 2010-05-29 17:21:00, Lon: 15.267655, Lat: -18.988434</description>
        <styleUrl>#month5_style</styleUrl>
        <Point>
          <coordinates>15.267655,-18.988434,0</coordinates>
        </Point>
      </Placemark>
      <Placemark>
        <name>Duiwelsvuur - Month 5</name>
        <description>Waterhole: Duiwelsvuur, Month: 5, Time: 2010-05-29 17:41:00, Lon: 15.267824, Lat: -18.988428</description>
        <styleUrl>#month5_style</styleUrl>
        <Point>
          <coordinates>15.267824,-18.988428,0</coordinates>
        </Point>
      </Placemark>
      <Placemark>
        <name>Duiwelsvuur - Month 5</name>
        <description>Waterhole: Duiwelsvuur, Month: 5, Time: 2010-05-29 18:01:00, Lon: 15.268750, Lat: -18.989225</description>
        <styleUrl>#month5_style</styleUrl>
        <Point>
          <coordinates>15.268750,-18.989225,0</coordinates>
        </Point>
      </Placemark>
      <Placemark>
        <name>Duiwelsvuur - Month 5</name>
        <description>Waterhole: Duiwelsvuur, Month: 5, Time: 2010-05-29 18:21:00, Lon: 15.268918, Lat: -18.989156</description>
        <styleUrl>#month5_style</styleUrl>
        <Point>
          <coordinates>15.268918,-18.989156,0</coordinates>
        </Point>
      </Placemark>
      <Placemark>
        <name>Duiwelsvuur - Month 5</name>
        <description>Waterhole: Duiwelsvuur, Month: 5, Time: 2010-05-29 18:41:00, Lon: 15.268907, Lat: -18.989154</description>
        <styleUrl>#month5_style</styleUrl>
        <Point>
          <coordinates>15.268907,-18.989154,0</coordinates>
        </Point>
      </Placemark>
      <Placemark>
        <name>Duiwelsvuur - Month 5</name>
        <description>Waterhole: Duiwelsvuur, Month: 5, Time: 2010-05-29 19:01:00, Lon: 15.268911, Lat: -18.989158</description>
        <styleUrl>#month5_style</styleUrl>
        <Point>
          <coordinates>15.268911,-18.989158,0</coordinates>
        </Point>
      </Placemark>
      <Placemark>
        <name>Duiwelsvuur - Month 5</name>
        <description>Waterhole: Duiwelsvuur, Month: 5, Time: 2010-05-29 19:21:00, Lon: 15.268915, Lat: -18.989132</description>
        <styleUrl>#month5_style</styleUrl>
        <Point>
          <coordinates>15.268915,-18.989132,0</coordinates>
        </Point>
      </Placemark>
      <Placemark>
        <name>Duiwelsvuur - Month 5</name>
        <description>Waterhole: Duiwelsvuur, Month: 5, Time: 2010-05-29 19:41:00, Lon: 15.269124, Lat: -18.989807</description>
        <styleUrl>#month5_style</styleUrl>
        <Point>
          <coordinates>15.269124,-18.989807,0</coordinates>
        </Point>
      </Placemark>
      <Placemark>
        <name>Duiwelsvuur - Month 5</name>
        <description>Waterhole: Duiwelsvuur, Month: 5, Time: 2010-05-29 20:01:00, Lon: 15.268877, Lat: -18.990476</description>
        <styleUrl>#month5_style</styleUrl>
        <Point>
          <coordinates>15.268877,-18.990476,0</coordinates>
        </Point>
      </Placemark>
      <Placemark>
        <name>Duiwelsvuur - Month 5</name>
        <description>Waterhole: Duiwelsvuur, Month: 5, Time: 2010-05-29 20:21:00, Lon: 15.268300, Lat: -18.991195</description>
        <styleUrl>#month5_style</styleUrl>
        <Point>
          <coordinates>15.268300,-18.991195,0</coordinates>
        </Point>
      </Placemark>
      <Placemark>
        <name>Duiwelsvuur - Month 5</name>
        <description>Waterhole: Duiwelsvuur, Month: 5, Time: 2010-05-29 20:41:00, Lon: 15.268256, Lat: -18.991187</description>
        <styleUrl>#month5_style</styleUrl>
        <Point>
          <coordinates>15.268256,-18.991187,0</coordinates>
        </Point>
      </Placemark>
      <Placemark>
        <name>Duiwelsvuur - Month 5</name>
        <description>Waterhole: Duiwelsvuur, Month: 5, Time: 2010-05-29 21:01:00, Lon: 15.268385, Lat: -18.991471</description>
        <styleUrl>#month5_style</styleUrl>
        <Point>
          <coordinates>15.268385,-18.991471,0</coordinates>
        </Point>
      </Placemark>
      <Placemark>
        <name>Duiwelsvuur - Month 5</name>
        <description>Waterhole: Duiwelsvuur, Month: 5, Time: 2010-05-29 21:21:00, Lon: 15.268405, Lat: -18.991777</description>
        <styleUrl>#month5_style</styleUrl>
        <Point>
          <coordinates>15.268405,-18.991777,0</coordinates>
        </Point>
      </Placemark>
      <Placemark>
        <name>Duiwelsvuur - Month 5</name>
        <description>Waterhole: Duiwelsvuur, Month: 5, Time: 2010-05-29 21:41:00, Lon: 15.268386, Lat: -18.991819</description>
        <styleUrl>#month5_style</styleUrl>
        <Point>
          <coordinates>15.268386,-18.991819,0</coordinates>
        </Point>
      </Placemark>
      <Placemark>
        <name>Duiwelsvuur - Month 5</name>
        <description>Waterhole: Duiwelsvuur, Month: 5, Time: 2010-05-29 22:21:00, Lon: 15.267459, Lat: -18.992804</description>
        <styleUrl>#month5_style</styleUrl>
        <Point>
          <coordinates>15.267459,-18.992804,0</coordinates>
        </Point>
      </Placemark>
      <Placemark>
        <name>Duiwelsvuur - Month 5</name>
        <description>Waterhole: Duiwelsvuur, Month: 5, Time: 2010-05-29 22:41:00, Lon: 15.265450, Lat: -18.992102</description>
        <styleUrl>#month5_style</styleUrl>
        <Point>
          <coordinates>15.265450,-18.992102,0</coordinates>
        </Point>
      </Placemark>
      <Placemark>
        <name>Duiwelsvuur - Month 5</name>
        <description>Waterhole: Duiwelsvuur, Month: 5, Time: 2010-05-29 23:01:00, Lon: 15.263186, Lat: -18.990800</description>
        <styleUrl>#month5_style</styleUrl>
        <Point>
          <coordinates>15.263186,-18.990800,0</coordinates>
        </Point>
      </Placemark>
      <Placemark>
        <name>Duiwelsvuur - Month 5</name>
        <description>Waterhole: Duiwelsvuur, Month: 5, Time: 2010-05-29 23:21:00, Lon: 15.259701, Lat: -18.987653</description>
        <styleUrl>#month5_style</styleUrl>
        <Point>
          <coordinates>15.259701,-18.987653,0</coordinates>
        </Point>
      </Placemark>
      <Placemark>
        <name>Duiwelsvuur - Month 5</name>
        <description>Waterhole: Duiwelsvuur, Month: 5, Time: 2010-05-29 23:41:00, Lon: 15.259677, Lat: -18.987610</description>
        <styleUrl>#month5_style</styleUrl>
        <Point>
          <coordinates>15.259677,-18.987610,0</coordinates>
        </Point>
      </Placemark>
      <Placemark>
        <name>Duiwelsvuur - Month 5</name>
        <description>Waterhole: Duiwelsvuur, Month: 5, Time: 2010-05-30 00:01:00, Lon: 15.262057, Lat: -18.989974</description>
        <styleUrl>#month5_style</styleUrl>
        <Point>
          <coordinates>15.262057,-18.989974,0</coordinates>
        </Point>
      </Placemark>
      <Placemark>
        <name>Duiwelsvuur - Month 5</name>
        <description>Waterhole: Duiwelsvuur, Month: 5, Time: 2010-05-30 11:41:00, Lon: 15.267764, Lat: -18.986576</description>
        <styleUrl>#month5_style</styleUrl>
        <Point>
          <coordinates>15.267764,-18.986576,0</coordinates>
        </Point>
      </Placemark>
      <Placemark>
        <name>Duiwelsvuur - Month 5</name>
        <description>Waterhole: Duiwelsvuur, Month: 5, Time: 2010-05-30 12:01:00, Lon: 15.259775, Lat: -18.987667</description>
        <styleUrl>#month5_style</styleUrl>
        <Point>
          <coordinates>15.259775,-18.987667,0</coordinates>
        </Point>
      </Placemark>
      <Placemark>
        <name>Duiwelsvuur - Month 5</name>
        <description>Waterhole: Duiwelsvuur, Month: 5, Time: 2010-05-30 12:21:00, Lon: 15.259996, Lat: -18.987970</description>
        <styleUrl>#month5_style</styleUrl>
        <Point>
          <coordinates>15.259996,-18.987970,0</coordinates>
        </Point>
      </Placemark>
      <Placemark>
        <name>Duiwelsvuur - Month 5</name>
        <description>Waterhole: Duiwelsvuur, Month: 5, Time: 2010-05-30 12:41:00, Lon: 15.259681, Lat: -18.987596</description>
        <styleUrl>#month5_style</styleUrl>
        <Point>
          <coordinates>15.259681,-18.987596,0</coordinates>
        </Point>
      </Placemark>
      <Placemark>
        <name>Duiwelsvuur - Month 5</name>
        <description>Waterhole: Duiwelsvuur, Month: 5, Time: 2010-05-30 13:01:00, Lon: 15.259726, Lat: -18.987594</description>
        <styleUrl>#month5_style</styleUrl>
        <Point>
          <coordinates>15.259726,-18.987594,0</coordinates>
        </Point>
      </Placemark>
      <Placemark>
        <name>Duiwelsvuur - Month 5</name>
        <description>Waterhole: Duiwelsvuur, Month: 5, Time: 2010-05-30 13:21:00, Lon: 15.259712, Lat: -18.987642</description>
        <styleUrl>#month5_style</styleUrl>
        <Point>
          <coordinates>15.259712,-18.987642,0</coordinates>
        </Point>
      </Placemark>
      <Placemark>
        <name>Duiwelsvuur - Month 5</name>
        <description>Waterhole: Duiwelsvuur, Month: 5, Time: 2010-05-30 13:41:00, Lon: 15.263546, Lat: -18.989512</description>
        <styleUrl>#month5_style</styleUrl>
        <Point>
          <coordinates>15.263546,-18.989512,0</coordinates>
        </Point>
      </Placemark>
      <Placemark>
        <name>Duiwelsvuur - Month 5</name>
        <description>Waterhole: Duiwelsvuur, Month: 5, Time: 2010-05-30 14:01:00, Lon: 15.266398, Lat: -18.990175</description>
        <styleUrl>#month5_style</styleUrl>
        <Point>
          <coordinates>15.266398,-18.990175,0</coordinates>
        </Point>
      </Placemark>
      <Placemark>
        <name>Duiwelsvuur - Month 5</name>
        <description>Waterhole: Duiwelsvuur, Month: 5, Time: 2010-05-30 14:21:00, Lon: 15.267741, Lat: -18.990708</description>
        <styleUrl>#month5_style</styleUrl>
        <Point>
          <coordinates>15.267741,-18.990708,0</coordinates>
        </Point>
      </Placemark>
      <Placemark>
        <name>Duiwelsvuur - Month 5</name>
        <description>Waterhole: Duiwelsvuur, Month: 5, Time: 2010-05-31 12:01:00, Lon: 15.260149, Lat: -18.993837</description>
        <styleUrl>#month5_style</styleUrl>
        <Point>
          <coordinates>15.260149,-18.993837,0</coordinates>
        </Point>
      </Placemark>
      <Placemark>
        <name>Duiwelsvuur - Month 5</name>
        <description>Waterhole: Duiwelsvuur, Month: 5, Time: 2010-05-31 12:21:00, Lon: 15.259678, Lat: -18.987781</description>
        <styleUrl>#month5_style</styleUrl>
        <Point>
          <coordinates>15.259678,-18.987781,0</coordinates>
        </Point>
      </Placemark>
      <Placemark>
        <name>Duiwelsvuur - Month 5</name>
        <description>Waterhole: Duiwelsvuur, Month: 5, Time: 2010-05-31 12:41:00, Lon: 15.259777, Lat: -18.987577</description>
        <styleUrl>#month5_style</styleUrl>
        <Point>
          <coordinates>15.259777,-18.987577,0</coordinates>
        </Point>
      </Placemark>
      <Placemark>
        <name>Duiwelsvuur - Month 5</name>
        <description>Waterhole: Duiwelsvuur, Month: 5, Time: 2010-05-31 13:01:00, Lon: 15.259738, Lat: -18.987551</description>
        <styleUrl>#month5_style</styleUrl>
        <Point>
          <coordinates>15.259738,-18.987551,0</coordinates>
        </Point>
      </Placemark>
      <Placemark>
        <name>Duiwelsvuur - Month 5</name>
        <description>Waterhole: Duiwelsvuur, Month: 5, Time: 2010-05-31 13:21:00, Lon: 15.259769, Lat: -18.987553</description>
        <styleUrl>#month5_style</styleUrl>
        <Point>
          <coordinates>15.259769,-18.987553,0</coordinates>
        </Point>
      </Placemark>
      <Placemark>
        <name>Duiwelsvuur - Month 5</name>
        <description>Waterhole: Duiwelsvuur, Month: 5, Time: 2010-05-31 13:41:00, Lon: 15.259759, Lat: -18.987553</description>
        <styleUrl>#month5_style</styleUrl>
        <Point>
          <coordinates>15.259759,-18.987553,0</coordinates>
        </Point>
      </Placemark>
      <Placemark>
        <name>Duiwelsvuur - Month 5</name>
        <description>Waterhole: Duiwelsvuur, Month: 5, Time: 2010-05-31 14:01:00, Lon: 15.261120, Lat: -18.988861</description>
        <styleUrl>#month5_style</styleUrl>
        <Point>
          <coordinates>15.261120,-18.988861,0</coordinates>
        </Point>
      </Placemark>
      <Placemark>
        <name>Duiwelsvuur - Month 5</name>
        <description>Waterhole: Duiwelsvuur, Month: 5, Time: 2010-05-31 14:21:00, Lon: 15.264641, Lat: -18.988068</description>
        <styleUrl>#month5_style</styleUrl>
        <Point>
          <coordinates>15.264641,-18.988068,0</coordinates>
        </Point>
      </Placemark>
      <Placemark>
        <name>Duiwelsvuur - Month 5</name>
        <description>Waterhole: Duiwelsvuur, Month: 5, Time: 2010-05-31 14:41:00, Lon: 15.267764, Lat: -18.987596</description>
        <styleUrl>#month5_style</styleUrl>
        <Point>
          <coordinates>15.267764,-18.987596,0</coordinates>
        </Point>
      </Placemark>
      <Placemark>
        <name>Duiwelsvuur - Month 6</name>
        <description>Waterhole: Duiwelsvuur, Month: 6, Time: 2010-06-01 10:21:00, Lon: 15.267057, Lat: -18.983651</description>
        <styleUrl>#month6_style</styleUrl>
        <Point>
          <coordinates>15.267057,-18.983651,0</coordinates>
        </Point>
      </Placemark>
      <Placemark>
        <name>Duiwelsvuur - Month 6</name>
        <description>Waterhole: Duiwelsvuur, Month: 6, Time: 2010-06-01 10:41:00, Lon: 15.265226, Lat: -18.985284</description>
        <styleUrl>#month6_style</styleUrl>
        <Point>
          <coordinates>15.265226,-18.985284,0</coordinates>
        </Point>
      </Placemark>
      <Placemark>
        <name>Duiwelsvuur - Month 6</name>
        <description>Waterhole: Duiwelsvuur, Month: 6, Time: 2010-06-01 11:01:00, Lon: 15.263793, Lat: -18.986896</description>
        <styleUrl>#month6_style</styleUrl>
        <Point>
          <coordinates>15.263793,-18.986896,0</coordinates>
        </Point>
      </Placemark>
      <Placemark>
        <name>Duiwelsvuur - Month 6</name>
        <description>Waterhole: Duiwelsvuur, Month: 6, Time: 2010-06-01 11:21:00, Lon: 15.263792, Lat: -18.986879</description>
        <styleUrl>#month6_style</styleUrl>
        <Point>
          <coordinates>15.263792,-18.986879,0</coordinates>
        </Point>
      </Placemark>
      <Placemark>
        <name>Duiwelsvuur - Month 6</name>
        <description>Waterhole: Duiwelsvuur, Month: 6, Time: 2010-06-01 11:41:00, Lon: 15.263799, Lat: -18.986873</description>
        <styleUrl>#month6_style</styleUrl>
        <Point>
          <coordinates>15.263799,-18.986873,0</coordinates>
        </Point>
      </Placemark>
      <Placemark>
        <name>Duiwelsvuur - Month 6</name>
        <description>Waterhole: Duiwelsvuur, Month: 6, Time: 2010-06-01 12:01:00, Lon: 15.263791, Lat: -18.986871</description>
        <styleUrl>#month6_style</styleUrl>
        <Point>
          <coordinates>15.263791,-18.986871,0</coordinates>
        </Point>
      </Placemark>
      <Placemark>
        <name>Duiwelsvuur - Month 6</name>
        <description>Waterhole: Duiwelsvuur, Month: 6, Time: 2010-06-01 12:21:00, Lon: 15.263442, Lat: -18.987085</description>
        <styleUrl>#month6_style</styleUrl>
        <Point>
          <coordinates>15.263442,-18.987085,0</coordinates>
        </Point>
      </Placemark>
      <Placemark>
        <name>Duiwelsvuur - Month 6</name>
        <description>Waterhole: Duiwelsvuur, Month: 6, Time: 2010-06-01 12:41:00, Lon: 15.259791, Lat: -18.987642</description>
        <styleUrl>#month6_style</styleUrl>
        <Point>
          <coordinates>15.259791,-18.987642,0</coordinates>
        </Point>
      </Placemark>
      <Placemark>
        <name>Duiwelsvuur - Month 6</name>
        <description>Waterhole: Duiwelsvuur, Month: 6, Time: 2010-06-01 13:01:00, Lon: 15.259721, Lat: -18.987653</description>
        <styleUrl>#month6_style</styleUrl>
        <Point>
          <coordinates>15.259721,-18.987653,0</coordinates>
        </Point>
      </Placemark>
      <Placemark>
        <name>Duiwelsvuur - Month 6</name>
        <description>Waterhole: Duiwelsvuur, Month: 6, Time: 2010-06-01 13:21:00, Lon: 15.259769, Lat: -18.988334</description>
        <styleUrl>#month6_style</styleUrl>
        <Point>
          <coordinates>15.259769,-18.988334,0</coordinates>
        </Point>
      </Placemark>
      <Placemark>
        <name>Duiwelsvuur - Month 6</name>
        <description>Waterhole: Duiwelsvuur, Month: 6, Time: 2010-06-01 13:41:00, Lon: 15.263379, Lat: -18.995502</description>
        <styleUrl>#month6_style</styleUrl>
        <Point>
          <coordinates>15.263379,-18.995502,0</coordinates>
        </Point>
      </Placemark>
      <Placemark>
        <name>Duiwelsvuur - Month 6</name>
        <description>Waterhole: Duiwelsvuur, Month: 6, Time: 2010-06-02 13:01:00, Lon: 15.263168, Lat: -18.989669</description>
        <styleUrl>#month6_style</styleUrl>
        <Point>
          <coordinates>15.263168,-18.989669,0</coordinates>
        </Point>
      </Placemark>
      <Placemark>
        <name>Duiwelsvuur - Month 6</name>
        <description>Waterhole: Duiwelsvuur, Month: 6, Time: 2010-06-02 13:21:00, Lon: 15.259793, Lat: -18.987675</description>
        <styleUrl>#month6_style</styleUrl>
        <Point>
          <coordinates>15.259793,-18.987675,0</coordinates>
        </Point>
      </Placemark>
      <Placemark>
        <name>Duiwelsvuur - Month 6</name>
        <description>Waterhole: Duiwelsvuur, Month: 6, Time: 2010-06-02 13:41:00, Lon: 15.259712, Lat: -18.987642</description>
        <styleUrl>#month6_style</styleUrl>
        <Point>
          <coordinates>15.259712,-18.987642,0</coordinates>
        </Point>
      </Placemark>
      <Placemark>
        <name>Duiwelsvuur - Month 6</name>
        <description>Waterhole: Duiwelsvuur, Month: 6, Time: 2010-06-02 14:01:00, Lon: 15.259715, Lat: -18.987679</description>
        <styleUrl>#month6_style</styleUrl>
        <Point>
          <coordinates>15.259715,-18.987679,0</coordinates>
        </Point>
      </Placemark>
      <Placemark>
        <name>Duiwelsvuur - Month 6</name>
        <description>Waterhole: Duiwelsvuur, Month: 6, Time: 2010-06-02 14:21:00, Lon: 15.259689, Lat: -18.987638</description>
        <styleUrl>#month6_style</styleUrl>
        <Point>
          <coordinates>15.259689,-18.987638,0</coordinates>
        </Point>
      </Placemark>
      <Placemark>
        <name>Duiwelsvuur - Month 6</name>
        <description>Waterhole: Duiwelsvuur, Month: 6, Time: 2010-06-02 14:41:00, Lon: 15.260315, Lat: -18.987469</description>
        <styleUrl>#month6_style</styleUrl>
        <Point>
          <coordinates>15.260315,-18.987469,0</coordinates>
        </Point>
      </Placemark>
      <Placemark>
        <name>Duiwelsvuur - Month 6</name>
        <description>Waterhole: Duiwelsvuur, Month: 6, Time: 2010-06-02 22:41:00, Lon: 15.263124, Lat: -18.985221</description>
        <styleUrl>#month6_style</styleUrl>
        <Point>
          <coordinates>15.263124,-18.985221,0</coordinates>
        </Point>
      </Placemark>
      <Placemark>
        <name>Duiwelsvuur - Month 6</name>
        <description>Waterhole: Duiwelsvuur, Month: 6, Time: 2010-06-02 23:01:00, Lon: 15.259643, Lat: -18.987683</description>
        <styleUrl>#month6_style</styleUrl>
        <Point>
          <coordinates>15.259643,-18.987683,0</coordinates>
        </Point>
      </Placemark>
      <Placemark>
        <name>Duiwelsvuur - Month 6</name>
        <description>Waterhole: Duiwelsvuur, Month: 6, Time: 2010-06-02 23:21:00, Lon: 15.259466, Lat: -18.988177</description>
        <styleUrl>#month6_style</styleUrl>
        <Point>
          <coordinates>15.259466,-18.988177,0</coordinates>
        </Point>
      </Placemark>
      <Placemark>
        <name>Duiwelsvuur - Month 6</name>
        <description>Waterhole: Duiwelsvuur, Month: 6, Time: 2010-06-02 23:41:00, Lon: 15.259461, Lat: -18.996100</description>
        <styleUrl>#month6_style</styleUrl>
        <Point>
          <coordinates>15.259461,-18.996100,0</coordinates>
        </Point>
      </Placemark>
      <Placemark>
        <name>Duiwelsvuur - Month 6</name>
        <description>Waterhole: Duiwelsvuur, Month: 6, Time: 2010-06-03 11:41:00, Lon: 15.258763, Lat: -18.992424</description>
        <styleUrl>#month6_style</styleUrl>
        <Point>
          <coordinates>15.258763,-18.992424,0</coordinates>
        </Point>
      </Placemark>
      <Placemark>
        <name>Duiwelsvuur - Month 6</name>
        <description>Waterhole: Duiwelsvuur, Month: 6, Time: 2010-06-03 12:01:00, Lon: 15.259703, Lat: -18.987638</description>
        <styleUrl>#month6_style</styleUrl>
        <Point>
          <coordinates>15.259703,-18.987638,0</coordinates>
        </Point>
      </Placemark>
      <Placemark>
        <name>Duiwelsvuur - Month 6</name>
        <description>Waterhole: Duiwelsvuur, Month: 6, Time: 2010-06-03 12:21:00, Lon: 15.259719, Lat: -18.988332</description>
        <styleUrl>#month6_style</styleUrl>
        <Point>
          <coordinates>15.259719,-18.988332,0</coordinates>
        </Point>
      </Placemark>
      <Placemark>
        <name>Duiwelsvuur - Month 6</name>
        <description>Waterhole: Duiwelsvuur, Month: 6, Time: 2010-06-03 12:41:00, Lon: 15.260072, Lat: -18.986066</description>
        <styleUrl>#month6_style</styleUrl>
        <Point>
          <coordinates>15.260072,-18.986066,0</coordinates>
        </Point>
      </Placemark>
      <Placemark>
        <name>Duiwelsvuur - Month 6</name>
        <description>Waterhole: Duiwelsvuur, Month: 6, Time: 2010-06-03 13:01:00, Lon: 15.259800, Lat: -18.985496</description>
        <styleUrl>#month6_style</styleUrl>
        <Point>
          <coordinates>15.259800,-18.985496,0</coordinates>
        </Point>
      </Placemark>
      <Placemark>
        <name>Duiwelsvuur - Month 6</name>
        <description>Waterhole: Duiwelsvuur, Month: 6, Time: 2010-06-03 13:20:00, Lon: 15.259651, Lat: -18.985647</description>
        <styleUrl>#month6_style</styleUrl>
        <Point>
          <coordinates>15.259651,-18.985647,0</coordinates>
        </Point>
      </Placemark>
      <Placemark>
        <name>Duiwelsvuur - Month 6</name>
        <description>Waterhole: Duiwelsvuur, Month: 6, Time: 2010-06-03 13:41:00, Lon: 15.260095, Lat: -18.986007</description>
        <styleUrl>#month6_style</styleUrl>
        <Point>
          <coordinates>15.260095,-18.986007,0</coordinates>
        </Point>
      </Placemark>
      <Placemark>
        <name>Duiwelsvuur - Month 6</name>
        <description>Waterhole: Duiwelsvuur, Month: 6, Time: 2010-06-03 14:01:00, Lon: 15.262088, Lat: -18.982975</description>
        <styleUrl>#month6_style</styleUrl>
        <Point>
          <coordinates>15.262088,-18.982975,0</coordinates>
        </Point>
      </Placemark>
      <Placemark>
        <name>Sonderkop waterhole - Month 6</name>
        <description>Waterhole: Sonderkop waterhole, Month: 6, Time: 2010-06-03 19:21:00, Lon: 15.328208, Lat: -18.969002</description>
        <styleUrl>#month6_style</styleUrl>
        <Point>
          <coordinates>15.328208,-18.969002,0</coordinates>
        </Point>
      </Placemark>
      <Placemark>
        <name>Sonderkop waterhole - Month 6</name>
        <description>Waterhole: Sonderkop waterhole, Month: 6, Time: 2010-06-03 19:41:00, Lon: 15.332214, Lat: -18.974860</description>
        <styleUrl>#month6_style</styleUrl>
        <Point>
          <coordinates>15.332214,-18.974860,0</coordinates>
        </Point>
      </Placemark>
      <Placemark>
        <name>Duiwelsvuur - Month 6</name>
        <description>Waterhole: Duiwelsvuur, Month: 6, Time: 2010-06-05 07:21:00, Lon: 15.262939, Lat: -18.995331</description>
        <styleUrl>#month6_style</styleUrl>
        <Point>
          <coordinates>15.262939,-18.995331,0</coordinates>
        </Point>
      </Placemark>
      <Placemark>
        <name>Duiwelsvuur - Month 6</name>
        <description>Waterhole: Duiwelsvuur, Month: 6, Time: 2010-06-05 07:40:00, Lon: 15.262250, Lat: -18.988820</description>
        <styleUrl>#month6_style</styleUrl>
        <Point>
          <coordinates>15.262250,-18.988820,0</coordinates>
        </Point>
      </Placemark>
      <Placemark>
        <name>Duiwelsvuur - Month 6</name>
        <description>Waterhole: Duiwelsvuur, Month: 6, Time: 2010-06-05 08:01:00, Lon: 15.259708, Lat: -18.987736</description>
        <styleUrl>#month6_style</styleUrl>
        <Point>
          <coordinates>15.259708,-18.987736,0</coordinates>
        </Point>
      </Placemark>
      <Placemark>
        <name>Duiwelsvuur - Month 6</name>
        <description>Waterhole: Duiwelsvuur, Month: 6, Time: 2010-06-05 08:21:00, Lon: 15.259594, Lat: -18.987638</description>
        <styleUrl>#month6_style</styleUrl>
        <Point>
          <coordinates>15.259594,-18.987638,0</coordinates>
        </Point>
      </Placemark>
      <Placemark>
        <name>Duiwelsvuur - Month 6</name>
        <description>Waterhole: Duiwelsvuur, Month: 6, Time: 2010-06-05 08:41:00, Lon: 15.259600, Lat: -18.987681</description>
        <styleUrl>#month6_style</styleUrl>
        <Point>
          <coordinates>15.259600,-18.987681,0</coordinates>
        </Point>
      </Placemark>
      <Placemark>
        <name>Duiwelsvuur - Month 6</name>
        <description>Waterhole: Duiwelsvuur, Month: 6, Time: 2010-06-05 09:01:00, Lon: 15.259677, Lat: -18.987518</description>
        <styleUrl>#month6_style</styleUrl>
        <Point>
          <coordinates>15.259677,-18.987518,0</coordinates>
        </Point>
      </Placemark>
      <Placemark>
        <name>Duiwelsvuur - Month 6</name>
        <description>Waterhole: Duiwelsvuur, Month: 6, Time: 2010-06-05 09:21:00, Lon: 15.259422, Lat: -18.985577</description>
        <styleUrl>#month6_style</styleUrl>
        <Point>
          <coordinates>15.259422,-18.985577,0</coordinates>
        </Point>
      </Placemark>
      <Placemark>
        <name>Duiwelsvuur - Month 6</name>
        <description>Waterhole: Duiwelsvuur, Month: 6, Time: 2010-06-05 09:41:00, Lon: 15.259193, Lat: -18.982741</description>
        <styleUrl>#month6_style</styleUrl>
        <Point>
          <coordinates>15.259193,-18.982741,0</coordinates>
        </Point>
      </Placemark>
      <Placemark>
        <name>Duiwelsvuur - Month 6</name>
        <description>Waterhole: Duiwelsvuur, Month: 6, Time: 2010-06-05 10:01:00, Lon: 15.258796, Lat: -18.982794</description>
        <styleUrl>#month6_style</styleUrl>
        <Point>
          <coordinates>15.258796,-18.982794,0</coordinates>
        </Point>
      </Placemark>
      <Placemark>
        <name>Duiwelsvuur - Month 6</name>
        <description>Waterhole: Duiwelsvuur, Month: 6, Time: 2010-06-05 10:21:00, Lon: 15.258431, Lat: -18.982876</description>
        <styleUrl>#month6_style</styleUrl>
        <Point>
          <coordinates>15.258431,-18.982876,0</coordinates>
        </Point>
      </Placemark>
      <Placemark>
        <name>Duiwelsvuur - Month 6</name>
        <description>Waterhole: Duiwelsvuur, Month: 6, Time: 2010-06-05 10:41:00, Lon: 15.258345, Lat: -18.983201</description>
        <styleUrl>#month6_style</styleUrl>
        <Point>
          <coordinates>15.258345,-18.983201,0</coordinates>
        </Point>
      </Placemark>
      <Placemark>
        <name>Duiwelsvuur - Month 6</name>
        <description>Waterhole: Duiwelsvuur, Month: 6, Time: 2010-06-05 11:01:00, Lon: 15.258439, Lat: -18.983439</description>
        <styleUrl>#month6_style</styleUrl>
        <Point>
          <coordinates>15.258439,-18.983439,0</coordinates>
        </Point>
      </Placemark>
      <Placemark>
        <name>Duiwelsvuur - Month 6</name>
        <description>Waterhole: Duiwelsvuur, Month: 6, Time: 2010-06-05 11:21:00, Lon: 15.258664, Lat: -18.983419</description>
        <styleUrl>#month6_style</styleUrl>
        <Point>
          <coordinates>15.258664,-18.983419,0</coordinates>
        </Point>
      </Placemark>
      <Placemark>
        <name>Duiwelsvuur - Month 6</name>
        <description>Waterhole: Duiwelsvuur, Month: 6, Time: 2010-06-05 11:41:00, Lon: 15.259311, Lat: -18.984047</description>
        <styleUrl>#month6_style</styleUrl>
        <Point>
          <coordinates>15.259311,-18.984047,0</coordinates>
        </Point>
      </Placemark>
      <Placemark>
        <name>Duiwelsvuur - Month 6</name>
        <description>Waterhole: Duiwelsvuur, Month: 6, Time: 2010-06-05 12:01:00, Lon: 15.260025, Lat: -18.986546</description>
        <styleUrl>#month6_style</styleUrl>
        <Point>
          <coordinates>15.260025,-18.986546,0</coordinates>
        </Point>
      </Placemark>
      <Placemark>
        <name>Duiwelsvuur - Month 6</name>
        <description>Waterhole: Duiwelsvuur, Month: 6, Time: 2010-06-05 12:21:00, Lon: 15.259709, Lat: -18.987642</description>
        <styleUrl>#month6_style</styleUrl>
        <Point>
          <coordinates>15.259709,-18.987642,0</coordinates>
        </Point>
      </Placemark>
      <Placemark>
        <name>Duiwelsvuur - Month 6</name>
        <description>Waterhole: Duiwelsvuur, Month: 6, Time: 2010-06-05 12:41:00, Lon: 15.259697, Lat: -18.987622</description>
        <styleUrl>#month6_style</styleUrl>
        <Point>
          <coordinates>15.259697,-18.987622,0</coordinates>
        </Point>
      </Placemark>
      <Placemark>
        <name>Duiwelsvuur - Month 6</name>
        <description>Waterhole: Duiwelsvuur, Month: 6, Time: 2010-06-05 13:01:00, Lon: 15.259689, Lat: -18.988245</description>
        <styleUrl>#month6_style</styleUrl>
        <Point>
          <coordinates>15.259689,-18.988245,0</coordinates>
        </Point>
      </Placemark>
      <Placemark>
        <name>Duiwelsvuur - Month 6</name>
        <description>Waterhole: Duiwelsvuur, Month: 6, Time: 2010-06-05 13:21:00, Lon: 15.265225, Lat: -18.982745</description>
        <styleUrl>#month6_style</styleUrl>
        <Point>
          <coordinates>15.265225,-18.982745,0</coordinates>
        </Point>
      </Placemark>
      <Placemark>
        <name>Sonderkop waterhole - Month 6</name>
        <description>Waterhole: Sonderkop waterhole, Month: 6, Time: 2010-06-05 18:21:00, Lon: 15.325547, Lat: -18.967839</description>
        <styleUrl>#month6_style</styleUrl>
        <Point>
          <coordinates>15.325547,-18.967839,0</coordinates>
        </Point>
      </Placemark>
      <Placemark>
        <name>Sonderkop waterhole - Month 6</name>
        <description>Waterhole: Sonderkop waterhole, Month: 6, Time: 2010-06-05 18:41:00, Lon: 15.328434, Lat: -18.969230</description>
        <styleUrl>#month6_style</styleUrl>
        <Point>
          <coordinates>15.328434,-18.969230,0</coordinates>
        </Point>
      </Placemark>
      <Placemark>
        <name>Sonderkop waterhole - Month 6</name>
        <description>Waterhole: Sonderkop waterhole, Month: 6, Time: 2010-06-05 19:01:00, Lon: 15.330817, Lat: -18.970223</description>
        <styleUrl>#month6_style</styleUrl>
        <Point>
          <coordinates>15.330817,-18.970223,0</coordinates>
        </Point>
      </Placemark>
      <Placemark>
        <name>Ozonjuitji m'Bari - Month 6</name>
        <description>Waterhole: Ozonjuitji m'Bari, Month: 6, Time: 2010-06-06 16:21:00, Lon: 15.498401, Lat: -18.980200</description>
        <styleUrl>#month6_style</styleUrl>
        <Point>
          <coordinates>15.498401,-18.980200,0</coordinates>
        </Point>
      </Placemark>
      <Placemark>
        <name>Ozonjuitji m'Bari - Month 6</name>
        <description>Waterhole: Ozonjuitji m'Bari, Month: 6, Time: 2010-06-06 16:41:00, Lon: 15.503696, Lat: -18.976493</description>
        <styleUrl>#month6_style</styleUrl>
        <Point>
          <coordinates>15.503696,-18.976493,0</coordinates>
        </Point>
      </Placemark>
      <Placemark>
        <name>Ozonjuitji m'Bari - Month 6</name>
        <description>Waterhole: Ozonjuitji m'Bari, Month: 6, Time: 2010-06-07 17:41:00, Lon: 15.508352, Lat: -18.979177</description>
        <styleUrl>#month6_style</styleUrl>
        <Point>
          <coordinates>15.508352,-18.979177,0</coordinates>
        </Point>
      </Placemark>
      <Placemark>
        <name>Ozonjuitji m'Bari - Month 6</name>
        <description>Waterhole: Ozonjuitji m'Bari, Month: 6, Time: 2010-06-07 18:01:00, Lon: 15.503614, Lat: -18.976554</description>
        <styleUrl>#month6_style</styleUrl>
        <Point>
          <coordinates>15.503614,-18.976554,0</coordinates>
        </Point>
      </Placemark>
      <Placemark>
        <name>Ozonjuitji m'Bari - Month 6</name>
        <description>Waterhole: Ozonjuitji m'Bari, Month: 6, Time: 2010-06-07 18:21:00, Lon: 15.503761, Lat: -18.976691</description>
        <styleUrl>#month6_style</styleUrl>
        <Point>
          <coordinates>15.503761,-18.976691,0</coordinates>
        </Point>
      </Placemark>
      <Placemark>
        <name>Ozonjuitji m'Bari - Month 6</name>
        <description>Waterhole: Ozonjuitji m'Bari, Month: 6, Time: 2010-06-07 18:41:00, Lon: 15.510212, Lat: -18.980025</description>
        <styleUrl>#month6_style</styleUrl>
        <Point>
          <coordinates>15.510212,-18.980025,0</coordinates>
        </Point>
      </Placemark>
      <Placemark>
        <name>Ozonjuitji m'Bari - Month 6</name>
        <description>Waterhole: Ozonjuitji m'Bari, Month: 6, Time: 2010-06-08 18:01:00, Lon: 15.504473, Lat: -18.979464</description>
        <styleUrl>#month6_style</styleUrl>
        <Point>
          <coordinates>15.504473,-18.979464,0</coordinates>
        </Point>
      </Placemark>
      <Placemark>
        <name>Ozonjuitji m'Bari - Month 6</name>
        <description>Waterhole: Ozonjuitji m'Bari, Month: 6, Time: 2010-06-08 18:21:00, Lon: 15.503740, Lat: -18.976565</description>
        <styleUrl>#month6_style</styleUrl>
        <Point>
          <coordinates>15.503740,-18.976565,0</coordinates>
        </Point>
      </Placemark>
      <Placemark>
        <name>Ozonjuitji m'Bari - Month 6</name>
        <description>Waterhole: Ozonjuitji m'Bari, Month: 6, Time: 2010-06-08 18:41:00, Lon: 15.503915, Lat: -18.976654</description>
        <styleUrl>#month6_style</styleUrl>
        <Point>
          <coordinates>15.503915,-18.976654,0</coordinates>
        </Point>
      </Placemark>
      <Placemark>
        <name>Ozonjuitji m'Bari - Month 6</name>
        <description>Waterhole: Ozonjuitji m'Bari, Month: 6, Time: 2010-06-08 19:01:00, Lon: 15.507292, Lat: -18.982432</description>
        <styleUrl>#month6_style</styleUrl>
        <Point>
          <coordinates>15.507292,-18.982432,0</coordinates>
        </Point>
      </Placemark>
      <Placemark>
        <name>Ozonjuitji m'Bari - Month 6</name>
        <description>Waterhole: Ozonjuitji m'Bari, Month: 6, Time: 2010-06-09 17:01:00, Lon: 15.506399, Lat: -18.981439</description>
        <styleUrl>#month6_style</styleUrl>
        <Point>
          <coordinates>15.506399,-18.981439,0</coordinates>
        </Point>
      </Placemark>
      <Placemark>
        <name>Ozonjuitji m'Bari - Month 6</name>
        <description>Waterhole: Ozonjuitji m'Bari, Month: 6, Time: 2010-06-09 17:21:00, Lon: 15.503568, Lat: -18.976581</description>
        <styleUrl>#month6_style</styleUrl>
        <Point>
          <coordinates>15.503568,-18.976581,0</coordinates>
        </Point>
      </Placemark>
      <Placemark>
        <name>Ozonjuitji m'Bari - Month 6</name>
        <description>Waterhole: Ozonjuitji m'Bari, Month: 6, Time: 2010-06-09 17:41:00, Lon: 15.503699, Lat: -18.976379</description>
        <styleUrl>#month6_style</styleUrl>
        <Point>
          <coordinates>15.503699,-18.976379,0</coordinates>
        </Point>
      </Placemark>
      <Placemark>
        <name>Ozonjuitji m'Bari - Month 6</name>
        <description>Waterhole: Ozonjuitji m'Bari, Month: 6, Time: 2010-06-09 18:01:00, Lon: 15.505397, Lat: -18.976786</description>
        <styleUrl>#month6_style</styleUrl>
        <Point>
          <coordinates>15.505397,-18.976786,0</coordinates>
        </Point>
      </Placemark>
      <Placemark>
        <name>Ozonjuitji m'Bari - Month 6</name>
        <description>Waterhole: Ozonjuitji m'Bari, Month: 6, Time: 2010-06-10 18:41:00, Lon: 15.507724, Lat: -18.978764</description>
        <styleUrl>#month6_style</styleUrl>
        <Point>
          <coordinates>15.507724,-18.978764,0</coordinates>
        </Point>
      </Placemark>
      <Placemark>
        <name>Ozonjuitji m'Bari - Month 6</name>
        <description>Waterhole: Ozonjuitji m'Bari, Month: 6, Time: 2010-06-10 19:01:00, Lon: 15.503550, Lat: -18.976510</description>
        <styleUrl>#month6_style</styleUrl>
        <Point>
          <coordinates>15.503550,-18.976510,0</coordinates>
        </Point>
      </Placemark>
      <Placemark>
        <name>Ozonjuitji m'Bari - Month 6</name>
        <description>Waterhole: Ozonjuitji m'Bari, Month: 6, Time: 2010-06-10 19:21:00, Lon: 15.503536, Lat: -18.976434</description>
        <styleUrl>#month6_style</styleUrl>
        <Point>
          <coordinates>15.503536,-18.976434,0</coordinates>
        </Point>
      </Placemark>
      <Placemark>
        <name>Ozonjuitji m'Bari - Month 6</name>
        <description>Waterhole: Ozonjuitji m'Bari, Month: 6, Time: 2010-06-10 19:41:00, Lon: 15.503594, Lat: -18.976862</description>
        <styleUrl>#month6_style</styleUrl>
        <Point>
          <coordinates>15.503594,-18.976862,0</coordinates>
        </Point>
      </Placemark>
      <Placemark>
        <name>Ozonjuitji m'Bari - Month 6</name>
        <description>Waterhole: Ozonjuitji m'Bari, Month: 6, Time: 2010-06-10 20:01:00, Lon: 15.503789, Lat: -18.976508</description>
        <styleUrl>#month6_style</styleUrl>
        <Point>
          <coordinates>15.503789,-18.976508,0</coordinates>
        </Point>
      </Placemark>
      <Placemark>
        <name>Ozonjuitji m'Bari - Month 6</name>
        <description>Waterhole: Ozonjuitji m'Bari, Month: 6, Time: 2010-06-10 20:21:00, Lon: 15.511533, Lat: -18.980585</description>
        <styleUrl>#month6_style</styleUrl>
        <Point>
          <coordinates>15.511533,-18.980585,0</coordinates>
        </Point>
      </Placemark>
      <Placemark>
        <name>Ozonjuitji m'Bari - Month 6</name>
        <description>Waterhole: Ozonjuitji m'Bari, Month: 6, Time: 2010-06-11 18:21:00, Lon: 15.504838, Lat: -18.983083</description>
        <styleUrl>#month6_style</styleUrl>
        <Point>
          <coordinates>15.504838,-18.983083,0</coordinates>
        </Point>
      </Placemark>
      <Placemark>
        <name>Ozonjuitji m'Bari - Month 6</name>
        <description>Waterhole: Ozonjuitji m'Bari, Month: 6, Time: 2010-06-11 18:41:00, Lon: 15.503648, Lat: -18.976593</description>
        <styleUrl>#month6_style</styleUrl>
        <Point>
          <coordinates>15.503648,-18.976593,0</coordinates>
        </Point>
      </Placemark>
      <Placemark>
        <name>Ozonjuitji m'Bari - Month 6</name>
        <description>Waterhole: Ozonjuitji m'Bari, Month: 6, Time: 2010-06-11 19:01:00, Lon: 15.503846, Lat: -18.976259</description>
        <styleUrl>#month6_style</styleUrl>
        <Point>
          <coordinates>15.503846,-18.976259,0</coordinates>
        </Point>
      </Placemark>
      <Placemark>
        <name>Ozonjuitji m'Bari - Month 6</name>
        <description>Waterhole: Ozonjuitji m'Bari, Month: 6, Time: 2010-06-11 19:21:00, Lon: 15.509447, Lat: -18.979726</description>
        <styleUrl>#month6_style</styleUrl>
        <Point>
          <coordinates>15.509447,-18.979726,0</coordinates>
        </Point>
      </Placemark>
      <Placemark>
        <name>Ozonjuitji m'Bari - Month 6</name>
        <description>Waterhole: Ozonjuitji m'Bari, Month: 6, Time: 2010-06-12 20:21:00, Lon: 15.503564, Lat: -18.976597</description>
        <styleUrl>#month6_style</styleUrl>
        <Point>
          <coordinates>15.503564,-18.976597,0</coordinates>
        </Point>
      </Placemark>
      <Placemark>
        <name>Ozonjuitji m'Bari - Month 6</name>
        <description>Waterhole: Ozonjuitji m'Bari, Month: 6, Time: 2010-06-12 20:41:00, Lon: 15.503620, Lat: -18.976444</description>
        <styleUrl>#month6_style</styleUrl>
        <Point>
          <coordinates>15.503620,-18.976444,0</coordinates>
        </Point>
      </Placemark>
      <Placemark>
        <name>Ozonjuitji m'Bari - Month 6</name>
        <description>Waterhole: Ozonjuitji m'Bari, Month: 6, Time: 2010-06-12 21:01:00, Lon: 15.503594, Lat: -18.976550</description>
        <styleUrl>#month6_style</styleUrl>
        <Point>
          <coordinates>15.503594,-18.976550,0</coordinates>
        </Point>
      </Placemark>
      <Placemark>
        <name>Ozonjuitji m'Bari - Month 6</name>
        <description>Waterhole: Ozonjuitji m'Bari, Month: 6, Time: 2010-06-12 21:21:00, Lon: 15.503911, Lat: -18.976689</description>
        <styleUrl>#month6_style</styleUrl>
        <Point>
          <coordinates>15.503911,-18.976689,0</coordinates>
        </Point>
      </Placemark>
      <Placemark>
        <name>Ozonjuitji m'Bari - Month 6</name>
        <description>Waterhole: Ozonjuitji m'Bari, Month: 6, Time: 2010-06-13 21:01:00, Lon: 15.507501, Lat: -18.978656</description>
        <styleUrl>#month6_style</styleUrl>
        <Point>
          <coordinates>15.507501,-18.978656,0</coordinates>
        </Point>
      </Placemark>
      <Placemark>
        <name>Ozonjuitji m'Bari - Month 6</name>
        <description>Waterhole: Ozonjuitji m'Bari, Month: 6, Time: 2010-06-13 21:21:00, Lon: 15.503500, Lat: -18.976599</description>
        <styleUrl>#month6_style</styleUrl>
        <Point>
          <coordinates>15.503500,-18.976599,0</coordinates>
        </Point>
      </Placemark>
      <Placemark>
        <name>Ozonjuitji m'Bari - Month 6</name>
        <description>Waterhole: Ozonjuitji m'Bari, Month: 6, Time: 2010-06-13 21:41:00, Lon: 15.503575, Lat: -18.976762</description>
        <styleUrl>#month6_style</styleUrl>
        <Point>
          <coordinates>15.503575,-18.976762,0</coordinates>
        </Point>
      </Placemark>
      <Placemark>
        <name>Ozonjuitji m'Bari - Month 6</name>
        <description>Waterhole: Ozonjuitji m'Bari, Month: 6, Time: 2010-06-13 22:01:00, Lon: 15.503609, Lat: -18.976786</description>
        <styleUrl>#month6_style</styleUrl>
        <Point>
          <coordinates>15.503609,-18.976786,0</coordinates>
        </Point>
      </Placemark>
      <Placemark>
        <name>Ozonjuitji m'Bari - Month 6</name>
        <description>Waterhole: Ozonjuitji m'Bari, Month: 6, Time: 2010-06-13 22:21:00, Lon: 15.503637, Lat: -18.976770</description>
        <styleUrl>#month6_style</styleUrl>
        <Point>
          <coordinates>15.503637,-18.976770,0</coordinates>
        </Point>
      </Placemark>
      <Placemark>
        <name>Ozonjuitji m'Bari - Month 6</name>
        <description>Waterhole: Ozonjuitji m'Bari, Month: 6, Time: 2010-06-13 22:41:00, Lon: 15.503689, Lat: -18.976595</description>
        <styleUrl>#month6_style</styleUrl>
        <Point>
          <coordinates>15.503689,-18.976595,0</coordinates>
        </Point>
      </Placemark>
      <Placemark>
        <name>Ozonjuitji m'Bari - Month 6</name>
        <description>Waterhole: Ozonjuitji m'Bari, Month: 6, Time: 2010-06-13 23:01:00, Lon: 15.503617, Lat: -18.976534</description>
        <styleUrl>#month6_style</styleUrl>
        <Point>
          <coordinates>15.503617,-18.976534,0</coordinates>
        </Point>
      </Placemark>
      <Placemark>
        <name>Ozonjuitji m'Bari - Month 6</name>
        <description>Waterhole: Ozonjuitji m'Bari, Month: 6, Time: 2010-06-13 23:21:00, Lon: 15.504123, Lat: -18.976884</description>
        <styleUrl>#month6_style</styleUrl>
        <Point>
          <coordinates>15.504123,-18.976884,0</coordinates>
        </Point>
      </Placemark>
      <Placemark>
        <name>Ozonjuitji m'Bari - Month 6</name>
        <description>Waterhole: Ozonjuitji m'Bari, Month: 6, Time: 2010-06-13 23:41:00, Lon: 15.508032, Lat: -18.978896</description>
        <styleUrl>#month6_style</styleUrl>
        <Point>
          <coordinates>15.508032,-18.978896,0</coordinates>
        </Point>
      </Placemark>
      <Placemark>
        <name>Ozonjuitji m'Bari - Month 6</name>
        <description>Waterhole: Ozonjuitji m'Bari, Month: 6, Time: 2010-06-14 18:21:00, Lon: 15.503883, Lat: -18.977246</description>
        <styleUrl>#month6_style</styleUrl>
        <Point>
          <coordinates>15.503883,-18.977246,0</coordinates>
        </Point>
      </Placemark>
      <Placemark>
        <name>Ozonjuitji m'Bari - Month 6</name>
        <description>Waterhole: Ozonjuitji m'Bari, Month: 6, Time: 2010-06-14 18:41:00, Lon: 15.504050, Lat: -18.976196</description>
        <styleUrl>#month6_style</styleUrl>
        <Point>
          <coordinates>15.504050,-18.976196,0</coordinates>
        </Point>
      </Placemark>
      <Placemark>
        <name>Ozonjuitji m'Bari - Month 6</name>
        <description>Waterhole: Ozonjuitji m'Bari, Month: 6, Time: 2010-06-14 19:01:00, Lon: 15.503622, Lat: -18.976532</description>
        <styleUrl>#month6_style</styleUrl>
        <Point>
          <coordinates>15.503622,-18.976532,0</coordinates>
        </Point>
      </Placemark>
      <Placemark>
        <name>Ozonjuitji m'Bari - Month 6</name>
        <description>Waterhole: Ozonjuitji m'Bari, Month: 6, Time: 2010-06-14 19:21:00, Lon: 15.503619, Lat: -18.976536</description>
        <styleUrl>#month6_style</styleUrl>
        <Point>
          <coordinates>15.503619,-18.976536,0</coordinates>
        </Point>
      </Placemark>
      <Placemark>
        <name>Ozonjuitji m'Bari - Month 6</name>
        <description>Waterhole: Ozonjuitji m'Bari, Month: 6, Time: 2010-06-14 19:41:00, Lon: 15.504476, Lat: -18.976794</description>
        <styleUrl>#month6_style</styleUrl>
        <Point>
          <coordinates>15.504476,-18.976794,0</coordinates>
        </Point>
      </Placemark>
      <Placemark>
        <name>Ozonjuitji m'Bari - Month 6</name>
        <description>Waterhole: Ozonjuitji m'Bari, Month: 6, Time: 2010-06-14 20:01:00, Lon: 15.507736, Lat: -18.978768</description>
        <styleUrl>#month6_style</styleUrl>
        <Point>
          <coordinates>15.507736,-18.978768,0</coordinates>
        </Point>
      </Placemark>
      <Placemark>
        <name>Ozonjuitji m'Bari - Month 6</name>
        <description>Waterhole: Ozonjuitji m'Bari, Month: 6, Time: 2010-06-15 18:41:00, Lon: 15.508595, Lat: -18.983895</description>
        <styleUrl>#month6_style</styleUrl>
        <Point>
          <coordinates>15.508595,-18.983895,0</coordinates>
        </Point>
      </Placemark>
      <Placemark>
        <name>Ozonjuitji m'Bari - Month 6</name>
        <description>Waterhole: Ozonjuitji m'Bari, Month: 6, Time: 2010-06-15 19:01:00, Lon: 15.507077, Lat: -18.982363</description>
        <styleUrl>#month6_style</styleUrl>
        <Point>
          <coordinates>15.507077,-18.982363,0</coordinates>
        </Point>
      </Placemark>
      <Placemark>
        <name>Ozonjuitji m'Bari - Month 6</name>
        <description>Waterhole: Ozonjuitji m'Bari, Month: 6, Time: 2010-06-15 19:21:00, Lon: 15.505007, Lat: -18.979915</description>
        <styleUrl>#month6_style</styleUrl>
        <Point>
          <coordinates>15.505007,-18.979915,0</coordinates>
        </Point>
      </Placemark>
      <Placemark>
        <name>Ozonjuitji m'Bari - Month 6</name>
        <description>Waterhole: Ozonjuitji m'Bari, Month: 6, Time: 2010-06-15 19:41:00, Lon: 15.504397, Lat: -18.978613</description>
        <styleUrl>#month6_style</styleUrl>
        <Point>
          <coordinates>15.504397,-18.978613,0</coordinates>
        </Point>
      </Placemark>
      <Placemark>
        <name>Ozonjuitji m'Bari - Month 6</name>
        <description>Waterhole: Ozonjuitji m'Bari, Month: 6, Time: 2010-06-15 20:01:00, Lon: 15.503950, Lat: -18.978412</description>
        <styleUrl>#month6_style</styleUrl>
        <Point>
          <coordinates>15.503950,-18.978412,0</coordinates>
        </Point>
      </Placemark>
      <Placemark>
        <name>Ozonjuitji m'Bari - Month 6</name>
        <description>Waterhole: Ozonjuitji m'Bari, Month: 6, Time: 2010-06-15 20:21:00, Lon: 15.503572, Lat: -18.977114</description>
        <styleUrl>#month6_style</styleUrl>
        <Point>
          <coordinates>15.503572,-18.977114,0</coordinates>
        </Point>
      </Placemark>
      <Placemark>
        <name>Ozonjuitji m'Bari - Month 6</name>
        <description>Waterhole: Ozonjuitji m'Bari, Month: 6, Time: 2010-06-15 20:41:00, Lon: 15.503431, Lat: -18.976764</description>
        <styleUrl>#month6_style</styleUrl>
        <Point>
          <coordinates>15.503431,-18.976764,0</coordinates>
        </Point>
      </Placemark>
      <Placemark>
        <name>Ozonjuitji m'Bari - Month 6</name>
        <description>Waterhole: Ozonjuitji m'Bari, Month: 6, Time: 2010-06-15 21:01:00, Lon: 15.503462, Lat: -18.976780</description>
        <styleUrl>#month6_style</styleUrl>
        <Point>
          <coordinates>15.503462,-18.976780,0</coordinates>
        </Point>
      </Placemark>
      <Placemark>
        <name>Ozonjuitji m'Bari - Month 6</name>
        <description>Waterhole: Ozonjuitji m'Bari, Month: 6, Time: 2010-06-15 21:21:00, Lon: 15.503582, Lat: -18.976595</description>
        <styleUrl>#month6_style</styleUrl>
        <Point>
          <coordinates>15.503582,-18.976595,0</coordinates>
        </Point>
      </Placemark>
      <Placemark>
        <name>Ozonjuitji m'Bari - Month 6</name>
        <description>Waterhole: Ozonjuitji m'Bari, Month: 6, Time: 2010-06-15 21:41:00, Lon: 15.503650, Lat: -18.976556</description>
        <styleUrl>#month6_style</styleUrl>
        <Point>
          <coordinates>15.503650,-18.976556,0</coordinates>
        </Point>
      </Placemark>
      <Placemark>
        <name>Ozonjuitji m'Bari - Month 6</name>
        <description>Waterhole: Ozonjuitji m'Bari, Month: 6, Time: 2010-06-15 22:01:00, Lon: 15.502696, Lat: -18.976261</description>
        <styleUrl>#month6_style</styleUrl>
        <Point>
          <coordinates>15.502696,-18.976261,0</coordinates>
        </Point>
      </Placemark>
      <Placemark>
        <name>Ozonjuitji m'Bari - Month 6</name>
        <description>Waterhole: Ozonjuitji m'Bari, Month: 6, Time: 2010-06-15 22:21:00, Lon: 15.500535, Lat: -18.976937</description>
        <styleUrl>#month6_style</styleUrl>
        <Point>
          <coordinates>15.500535,-18.976937,0</coordinates>
        </Point>
      </Placemark>
      <Placemark>
        <name>Ozonjuitji m'Bari - Month 6</name>
        <description>Waterhole: Ozonjuitji m'Bari, Month: 6, Time: 2010-06-15 22:41:00, Lon: 15.503623, Lat: -18.976536</description>
        <styleUrl>#month6_style</styleUrl>
        <Point>
          <coordinates>15.503623,-18.976536,0</coordinates>
        </Point>
      </Placemark>
      <Placemark>
        <name>Arendsnes - Month 6</name>
        <description>Waterhole: Arendsnes, Month: 6, Time: 2010-06-16 15:21:00, Lon: 15.411081, Lat: -18.977368</description>
        <styleUrl>#month6_style</styleUrl>
        <Point>
          <coordinates>15.411081,-18.977368,0</coordinates>
        </Point>
      </Placemark>
      <Placemark>
        <name>Arendsnes - Month 6</name>
        <description>Waterhole: Arendsnes, Month: 6, Time: 2010-06-16 15:41:00, Lon: 15.405527, Lat: -18.978263</description>
        <styleUrl>#month6_style</styleUrl>
        <Point>
          <coordinates>15.405527,-18.978263,0</coordinates>
        </Point>
      </Placemark>
      <Placemark>
        <name>Arendsnes - Month 6</name>
        <description>Waterhole: Arendsnes, Month: 6, Time: 2010-06-16 16:01:00, Lon: 15.402158, Lat: -18.978499</description>
        <styleUrl>#month6_style</styleUrl>
        <Point>
          <coordinates>15.402158,-18.978499,0</coordinates>
        </Point>
      </Placemark>
      <Placemark>
        <name>Sonderkop waterhole - Month 6</name>
        <description>Waterhole: Sonderkop waterhole, Month: 6, Time: 2010-06-16 20:41:00, Lon: 15.333089, Lat: -18.971092</description>
        <styleUrl>#month6_style</styleUrl>
        <Point>
          <coordinates>15.333089,-18.971092,0</coordinates>
        </Point>
      </Placemark>
      <Placemark>
        <name>Sonderkop waterhole - Month 6</name>
        <description>Waterhole: Sonderkop waterhole, Month: 6, Time: 2010-06-16 21:01:00, Lon: 15.328275, Lat: -18.968968</description>
        <styleUrl>#month6_style</styleUrl>
        <Point>
          <coordinates>15.328275,-18.968968,0</coordinates>
        </Point>
      </Placemark>
      <Placemark>
        <name>Sonderkop waterhole - Month 6</name>
        <description>Waterhole: Sonderkop waterhole, Month: 6, Time: 2010-06-16 21:21:00, Lon: 15.328317, Lat: -18.969285</description>
        <styleUrl>#month6_style</styleUrl>
        <Point>
          <coordinates>15.328317,-18.969285,0</coordinates>
        </Point>
      </Placemark>
      <Placemark>
        <name>Ozonjuitji m'Bari - Month 6</name>
        <description>Waterhole: Ozonjuitji m'Bari, Month: 6, Time: 2010-06-17 18:41:00, Lon: 15.497799, Lat: -18.980947</description>
        <styleUrl>#month6_style</styleUrl>
        <Point>
          <coordinates>15.497799,-18.980947,0</coordinates>
        </Point>
      </Placemark>
      <Placemark>
        <name>Ozonjuitji m'Bari - Month 6</name>
        <description>Waterhole: Ozonjuitji m'Bari, Month: 6, Time: 2010-06-17 19:01:00, Lon: 15.500462, Lat: -18.978023</description>
        <styleUrl>#month6_style</styleUrl>
        <Point>
          <coordinates>15.500462,-18.978023,0</coordinates>
        </Point>
      </Placemark>
      <Placemark>
        <name>Ozonjuitji m'Bari - Month 6</name>
        <description>Waterhole: Ozonjuitji m'Bari, Month: 6, Time: 2010-06-17 19:21:00, Lon: 15.503582, Lat: -18.976516</description>
        <styleUrl>#month6_style</styleUrl>
        <Point>
          <coordinates>15.503582,-18.976516,0</coordinates>
        </Point>
      </Placemark>
      <Placemark>
        <name>Ozonjuitji m'Bari - Month 6</name>
        <description>Waterhole: Ozonjuitji m'Bari, Month: 6, Time: 2010-06-17 19:41:00, Lon: 15.504446, Lat: -18.977055</description>
        <styleUrl>#month6_style</styleUrl>
        <Point>
          <coordinates>15.504446,-18.977055,0</coordinates>
        </Point>
      </Placemark>
      <Placemark>
        <name>Ozonjuitji m'Bari - Month 6</name>
        <description>Waterhole: Ozonjuitji m'Bari, Month: 6, Time: 2010-06-18 17:01:00, Lon: 15.503519, Lat: -18.976569</description>
        <styleUrl>#month6_style</styleUrl>
        <Point>
          <coordinates>15.503519,-18.976569,0</coordinates>
        </Point>
      </Placemark>
      <Placemark>
        <name>Ozonjuitji m'Bari - Month 6</name>
        <description>Waterhole: Ozonjuitji m'Bari, Month: 6, Time: 2010-06-18 17:21:00, Lon: 15.504070, Lat: -18.975987</description>
        <styleUrl>#month6_style</styleUrl>
        <Point>
          <coordinates>15.504070,-18.975987,0</coordinates>
        </Point>
      </Placemark>
      <Placemark>
        <name>Ozonjuitji m'Bari - Month 6</name>
        <description>Waterhole: Ozonjuitji m'Bari, Month: 6, Time: 2010-06-18 17:41:00, Lon: 15.504023, Lat: -18.976147</description>
        <styleUrl>#month6_style</styleUrl>
        <Point>
          <coordinates>15.504023,-18.976147,0</coordinates>
        </Point>
      </Placemark>
      <Placemark>
        <name>Ozonjuitji m'Bari - Month 6</name>
        <description>Waterhole: Ozonjuitji m'Bari, Month: 6, Time: 2010-06-18 18:01:00, Lon: 15.504133, Lat: -18.976845</description>
        <styleUrl>#month6_style</styleUrl>
        <Point>
          <coordinates>15.504133,-18.976845,0</coordinates>
        </Point>
      </Placemark>
      <Placemark>
        <name>Ozonjuitji m'Bari - Month 6</name>
        <description>Waterhole: Ozonjuitji m'Bari, Month: 6, Time: 2010-06-19 18:41:00, Lon: 15.505038, Lat: -18.984296</description>
        <styleUrl>#month6_style</styleUrl>
        <Point>
          <coordinates>15.505038,-18.984296,0</coordinates>
        </Point>
      </Placemark>
      <Placemark>
        <name>Ozonjuitji m'Bari - Month 6</name>
        <description>Waterhole: Ozonjuitji m'Bari, Month: 6, Time: 2010-06-19 19:01:00, Lon: 15.504829, Lat: -18.983771</description>
        <styleUrl>#month6_style</styleUrl>
        <Point>
          <coordinates>15.504829,-18.983771,0</coordinates>
        </Point>
      </Placemark>
      <Placemark>
        <name>Ozonjuitji m'Bari - Month 6</name>
        <description>Waterhole: Ozonjuitji m'Bari, Month: 6, Time: 2010-06-19 19:21:00, Lon: 15.503919, Lat: -18.978013</description>
        <styleUrl>#month6_style</styleUrl>
        <Point>
          <coordinates>15.503919,-18.978013,0</coordinates>
        </Point>
      </Placemark>
      <Placemark>
        <name>Ozonjuitji m'Bari - Month 6</name>
        <description>Waterhole: Ozonjuitji m'Bari, Month: 6, Time: 2010-06-19 19:41:00, Lon: 15.503607, Lat: -18.976681</description>
        <styleUrl>#month6_style</styleUrl>
        <Point>
          <coordinates>15.503607,-18.976681,0</coordinates>
        </Point>
      </Placemark>
      <Placemark>
        <name>Ozonjuitji m'Bari - Month 6</name>
        <description>Waterhole: Ozonjuitji m'Bari, Month: 6, Time: 2010-06-19 20:01:00, Lon: 15.503607, Lat: -18.976695</description>
        <styleUrl>#month6_style</styleUrl>
        <Point>
          <coordinates>15.503607,-18.976695,0</coordinates>
        </Point>
      </Placemark>
      <Placemark>
        <name>Ozonjuitji m'Bari - Month 6</name>
        <description>Waterhole: Ozonjuitji m'Bari, Month: 6, Time: 2010-06-19 20:21:00, Lon: 15.509726, Lat: -18.978400</description>
        <styleUrl>#month6_style</styleUrl>
        <Point>
          <coordinates>15.509726,-18.978400,0</coordinates>
        </Point>
      </Placemark>
      <Placemark>
        <name>Ozonjuitji m'Bari - Month 6</name>
        <description>Waterhole: Ozonjuitji m'Bari, Month: 6, Time: 2010-06-20 19:41:00, Lon: 15.510736, Lat: -18.976982</description>
        <styleUrl>#month6_style</styleUrl>
        <Point>
          <coordinates>15.510736,-18.976982,0</coordinates>
        </Point>
      </Placemark>
      <Placemark>
        <name>Ozonjuitji m'Bari - Month 6</name>
        <description>Waterhole: Ozonjuitji m'Bari, Month: 6, Time: 2010-06-20 20:01:00, Lon: 15.508117, Lat: -18.976949</description>
        <styleUrl>#month6_style</styleUrl>
        <Point>
          <coordinates>15.508117,-18.976949,0</coordinates>
        </Point>
      </Placemark>
      <Placemark>
        <name>Ozonjuitji m'Bari - Month 6</name>
        <description>Waterhole: Ozonjuitji m'Bari, Month: 6, Time: 2010-06-20 20:21:00, Lon: 15.504222, Lat: -18.976762</description>
        <styleUrl>#month6_style</styleUrl>
        <Point>
          <coordinates>15.504222,-18.976762,0</coordinates>
        </Point>
      </Placemark>
      <Placemark>
        <name>Ozonjuitji m'Bari - Month 6</name>
        <description>Waterhole: Ozonjuitji m'Bari, Month: 6, Time: 2010-06-20 20:41:00, Lon: 15.503760, Lat: -18.976485</description>
        <styleUrl>#month6_style</styleUrl>
        <Point>
          <coordinates>15.503760,-18.976485,0</coordinates>
        </Point>
      </Placemark>
      <Placemark>
        <name>Ozonjuitji m'Bari - Month 6</name>
        <description>Waterhole: Ozonjuitji m'Bari, Month: 6, Time: 2010-06-20 21:01:00, Lon: 15.505274, Lat: -18.969771</description>
        <styleUrl>#month6_style</styleUrl>
        <Point>
          <coordinates>15.505274,-18.969771,0</coordinates>
        </Point>
      </Placemark>
      <Placemark>
        <name>Ozonjuitji m'Bari - Month 6</name>
        <description>Waterhole: Ozonjuitji m'Bari, Month: 6, Time: 2010-06-21 17:21:00, Lon: 15.501472, Lat: -18.968467</description>
        <styleUrl>#month6_style</styleUrl>
        <Point>
          <coordinates>15.501472,-18.968467,0</coordinates>
        </Point>
      </Placemark>
      <Placemark>
        <name>Ozonjuitji m'Bari - Month 6</name>
        <description>Waterhole: Ozonjuitji m'Bari, Month: 6, Time: 2010-06-21 17:41:00, Lon: 15.501800, Lat: -18.970286</description>
        <styleUrl>#month6_style</styleUrl>
        <Point>
          <coordinates>15.501800,-18.970286,0</coordinates>
        </Point>
      </Placemark>
      <Placemark>
        <name>Ozonjuitji m'Bari - Month 6</name>
        <description>Waterhole: Ozonjuitji m'Bari, Month: 6, Time: 2010-06-21 18:01:00, Lon: 15.502886, Lat: -18.973651</description>
        <styleUrl>#month6_style</styleUrl>
        <Point>
          <coordinates>15.502886,-18.973651,0</coordinates>
        </Point>
      </Placemark>
      <Placemark>
        <name>Ozonjuitji m'Bari - Month 6</name>
        <description>Waterhole: Ozonjuitji m'Bari, Month: 6, Time: 2010-06-21 18:21:00, Lon: 15.503569, Lat: -18.976322</description>
        <styleUrl>#month6_style</styleUrl>
        <Point>
          <coordinates>15.503569,-18.976322,0</coordinates>
        </Point>
      </Placemark>
      <Placemark>
        <name>Ozonjuitji m'Bari - Month 6</name>
        <description>Waterhole: Ozonjuitji m'Bari, Month: 6, Time: 2010-06-21 18:41:00, Lon: 15.503836, Lat: -18.976613</description>
        <styleUrl>#month6_style</styleUrl>
        <Point>
          <coordinates>15.503836,-18.976613,0</coordinates>
        </Point>
      </Placemark>
      <Placemark>
        <name>Ozonjuitji m'Bari - Month 6</name>
        <description>Waterhole: Ozonjuitji m'Bari, Month: 6, Time: 2010-06-21 19:01:00, Lon: 15.503545, Lat: -18.976565</description>
        <styleUrl>#month6_style</styleUrl>
        <Point>
          <coordinates>15.503545,-18.976565,0</coordinates>
        </Point>
      </Placemark>
      <Placemark>
        <name>Ozonjuitji m'Bari - Month 6</name>
        <description>Waterhole: Ozonjuitji m'Bari, Month: 6, Time: 2010-06-21 19:21:00, Lon: 15.509692, Lat: -18.979777</description>
        <styleUrl>#month6_style</styleUrl>
        <Point>
          <coordinates>15.509692,-18.979777,0</coordinates>
        </Point>
      </Placemark>
      <Placemark>
        <name>Ozonjuitji m'Bari - Month 6</name>
        <description>Waterhole: Ozonjuitji m'Bari, Month: 6, Time: 2010-06-23 12:41:00, Lon: 15.497783, Lat: -18.975167</description>
        <styleUrl>#month6_style</styleUrl>
        <Point>
          <coordinates>15.497783,-18.975167,0</coordinates>
        </Point>
      </Placemark>
      <Placemark>
        <name>Ozonjuitji m'Bari - Month 6</name>
        <description>Waterhole: Ozonjuitji m'Bari, Month: 6, Time: 2010-06-23 13:01:00, Lon: 15.503621, Lat: -18.976678</description>
        <styleUrl>#month6_style</styleUrl>
        <Point>
          <coordinates>15.503621,-18.976678,0</coordinates>
        </Point>
      </Placemark>
      <Placemark>
        <name>Ozonjuitji m'Bari - Month 6</name>
        <description>Waterhole: Ozonjuitji m'Bari, Month: 6, Time: 2010-06-23 13:21:00, Lon: 15.501810, Lat: -18.975627</description>
        <styleUrl>#month6_style</styleUrl>
        <Point>
          <coordinates>15.501810,-18.975627,0</coordinates>
        </Point>
      </Placemark>
      <Placemark>
        <name>Ozonjuitji m'Bari - Month 6</name>
        <description>Waterhole: Ozonjuitji m'Bari, Month: 6, Time: 2010-06-23 13:41:00, Lon: 15.497409, Lat: -18.974581</description>
        <styleUrl>#month6_style</styleUrl>
        <Point>
          <coordinates>15.497409,-18.974581,0</coordinates>
        </Point>
      </Placemark>
      <Placemark>
        <name>Ozonjuitji m'Bari - Month 6</name>
        <description>Waterhole: Ozonjuitji m'Bari, Month: 6, Time: 2010-06-23 14:01:00, Lon: 15.496375, Lat: -18.975588</description>
        <styleUrl>#month6_style</styleUrl>
        <Point>
          <coordinates>15.496375,-18.975588,0</coordinates>
        </Point>
      </Placemark>
      <Placemark>
        <name>Ozonjuitji m'Bari - Month 6</name>
        <description>Waterhole: Ozonjuitji m'Bari, Month: 6, Time: 2010-06-23 14:21:00, Lon: 15.495571, Lat: -18.976233</description>
        <styleUrl>#month6_style</styleUrl>
        <Point>
          <coordinates>15.495571,-18.976233,0</coordinates>
        </Point>
      </Placemark>
      <Placemark>
        <name>Ozonjuitji m'Bari - Month 6</name>
        <description>Waterhole: Ozonjuitji m'Bari, Month: 6, Time: 2010-06-23 14:41:00, Lon: 15.494736, Lat: -18.976591</description>
        <styleUrl>#month6_style</styleUrl>
        <Point>
          <coordinates>15.494736,-18.976591,0</coordinates>
        </Point>
      </Placemark>
      <Placemark>
        <name>Ozonjuitji m'Bari - Month 6</name>
        <description>Waterhole: Ozonjuitji m'Bari, Month: 6, Time: 2010-06-23 15:01:00, Lon: 15.494282, Lat: -18.977124</description>
        <styleUrl>#month6_style</styleUrl>
        <Point>
          <coordinates>15.494282,-18.977124,0</coordinates>
        </Point>
      </Placemark>
      <Placemark>
        <name>Ozonjuitji m'Bari - Month 6</name>
        <description>Waterhole: Ozonjuitji m'Bari, Month: 6, Time: 2010-06-23 16:01:00, Lon: 15.494492, Lat: -18.977594</description>
        <styleUrl>#month6_style</styleUrl>
        <Point>
          <coordinates>15.494492,-18.977594,0</coordinates>
        </Point>
      </Placemark>
      <Placemark>
        <name>Ozonjuitji m'Bari - Month 6</name>
        <description>Waterhole: Ozonjuitji m'Bari, Month: 6, Time: 2010-06-23 16:21:00, Lon: 15.503607, Lat: -18.976676</description>
        <styleUrl>#month6_style</styleUrl>
        <Point>
          <coordinates>15.503607,-18.976676,0</coordinates>
        </Point>
      </Placemark>
      <Placemark>
        <name>Ozonjuitji m'Bari - Month 6</name>
        <description>Waterhole: Ozonjuitji m'Bari, Month: 6, Time: 2010-06-23 16:41:00, Lon: 15.503608, Lat: -18.976628</description>
        <styleUrl>#month6_style</styleUrl>
        <Point>
          <coordinates>15.503608,-18.976628,0</coordinates>
        </Point>
      </Placemark>
      <Placemark>
        <name>Ozonjuitji m'Bari - Month 6</name>
        <description>Waterhole: Ozonjuitji m'Bari, Month: 6, Time: 2010-06-23 17:00:00, Lon: 15.504236, Lat: -18.976499</description>
        <styleUrl>#month6_style</styleUrl>
        <Point>
          <coordinates>15.504236,-18.976499,0</coordinates>
        </Point>
      </Placemark>
      <Placemark>
        <name>Ozonjuitji m'Bari - Month 6</name>
        <description>Waterhole: Ozonjuitji m'Bari, Month: 6, Time: 2010-06-23 17:21:00, Lon: 15.503835, Lat: -18.976534</description>
        <styleUrl>#month6_style</styleUrl>
        <Point>
          <coordinates>15.503835,-18.976534,0</coordinates>
        </Point>
      </Placemark>
      <Placemark>
        <name>Ozonjuitji m'Bari - Month 6</name>
        <description>Waterhole: Ozonjuitji m'Bari, Month: 6, Time: 2010-06-23 17:41:00, Lon: 15.504107, Lat: -18.976117</description>
        <styleUrl>#month6_style</styleUrl>
        <Point>
          <coordinates>15.504107,-18.976117,0</coordinates>
        </Point>
      </Placemark>
      <Placemark>
        <name>Ozonjuitji m'Bari - Month 6</name>
        <description>Waterhole: Ozonjuitji m'Bari, Month: 6, Time: 2010-06-23 18:01:00, Lon: 15.505536, Lat: -18.968722</description>
        <styleUrl>#month6_style</styleUrl>
        <Point>
          <coordinates>15.505536,-18.968722,0</coordinates>
        </Point>
      </Placemark>
      <Placemark>
        <name>Ozonjuitji m'Bari - Month 6</name>
        <description>Waterhole: Ozonjuitji m'Bari, Month: 6, Time: 2010-06-24 16:41:00, Lon: 15.500411, Lat: -18.973893</description>
        <styleUrl>#month6_style</styleUrl>
        <Point>
          <coordinates>15.500411,-18.973893,0</coordinates>
        </Point>
      </Placemark>
      <Placemark>
        <name>Ozonjuitji m'Bari - Month 6</name>
        <description>Waterhole: Ozonjuitji m'Bari, Month: 6, Time: 2010-06-24 17:01:00, Lon: 15.502030, Lat: -18.975033</description>
        <styleUrl>#month6_style</styleUrl>
        <Point>
          <coordinates>15.502030,-18.975033,0</coordinates>
        </Point>
      </Placemark>
      <Placemark>
        <name>Ozonjuitji m'Bari - Month 6</name>
        <description>Waterhole: Ozonjuitji m'Bari, Month: 6, Time: 2010-06-24 17:21:00, Lon: 15.503651, Lat: -18.976764</description>
        <styleUrl>#month6_style</styleUrl>
        <Point>
          <coordinates>15.503651,-18.976764,0</coordinates>
        </Point>
      </Placemark>
      <Placemark>
        <name>Ozonjuitji m'Bari - Month 6</name>
        <description>Waterhole: Ozonjuitji m'Bari, Month: 6, Time: 2010-06-24 17:41:00, Lon: 15.503842, Lat: -18.976611</description>
        <styleUrl>#month6_style</styleUrl>
        <Point>
          <coordinates>15.503842,-18.976611,0</coordinates>
        </Point>
      </Placemark>
      <Placemark>
        <name>Ozonjuitji m'Bari - Month 6</name>
        <description>Waterhole: Ozonjuitji m'Bari, Month: 6, Time: 2010-06-24 18:01:00, Lon: 15.503622, Lat: -18.976546</description>
        <styleUrl>#month6_style</styleUrl>
        <Point>
          <coordinates>15.503622,-18.976546,0</coordinates>
        </Point>
      </Placemark>
      <Placemark>
        <name>Ozonjuitji m'Bari - Month 6</name>
        <description>Waterhole: Ozonjuitji m'Bari, Month: 6, Time: 2010-06-24 18:21:00, Lon: 15.497020, Lat: -18.971676</description>
        <styleUrl>#month6_style</styleUrl>
        <Point>
          <coordinates>15.497020,-18.971676,0</coordinates>
        </Point>
      </Placemark>
      <Placemark>
        <name>Ozonjuitji m'Bari - Month 6</name>
        <description>Waterhole: Ozonjuitji m'Bari, Month: 6, Time: 2010-06-25 15:21:00, Lon: 15.498752, Lat: -18.970803</description>
        <styleUrl>#month6_style</styleUrl>
        <Point>
          <coordinates>15.498752,-18.970803,0</coordinates>
        </Point>
      </Placemark>
      <Placemark>
        <name>Ozonjuitji m'Bari - Month 6</name>
        <description>Waterhole: Ozonjuitji m'Bari, Month: 6, Time: 2010-06-25 15:41:00, Lon: 15.503312, Lat: -18.971257</description>
        <styleUrl>#month6_style</styleUrl>
        <Point>
          <coordinates>15.503312,-18.971257,0</coordinates>
        </Point>
      </Placemark>
      <Placemark>
        <name>Ozonjuitji m'Bari - Month 6</name>
        <description>Waterhole: Ozonjuitji m'Bari, Month: 6, Time: 2010-06-25 16:01:00, Lon: 15.504932, Lat: -18.973016</description>
        <styleUrl>#month6_style</styleUrl>
        <Point>
          <coordinates>15.504932,-18.973016,0</coordinates>
        </Point>
      </Placemark>
      <Placemark>
        <name>Ozonjuitji m'Bari - Month 6</name>
        <description>Waterhole: Ozonjuitji m'Bari, Month: 6, Time: 2010-06-25 16:21:00, Lon: 15.503733, Lat: -18.975995</description>
        <styleUrl>#month6_style</styleUrl>
        <Point>
          <coordinates>15.503733,-18.975995,0</coordinates>
        </Point>
      </Placemark>
      <Placemark>
        <name>Ozonjuitji m'Bari - Month 6</name>
        <description>Waterhole: Ozonjuitji m'Bari, Month: 6, Time: 2010-06-25 16:41:00, Lon: 15.507246, Lat: -18.973946</description>
        <styleUrl>#month6_style</styleUrl>
        <Point>
          <coordinates>15.507246,-18.973946,0</coordinates>
        </Point>
      </Placemark>
      <Placemark>
        <name>Ozonjuitji m'Bari - Month 6</name>
        <description>Waterhole: Ozonjuitji m'Bari, Month: 6, Time: 2010-06-25 17:01:00, Lon: 15.508733, Lat: -18.974347</description>
        <styleUrl>#month6_style</styleUrl>
        <Point>
          <coordinates>15.508733,-18.974347,0</coordinates>
        </Point>
      </Placemark>
      <Placemark>
        <name>Ozonjuitji m'Bari - Month 6</name>
        <description>Waterhole: Ozonjuitji m'Bari, Month: 6, Time: 2010-06-25 17:21:00, Lon: 15.509398, Lat: -18.974868</description>
        <styleUrl>#month6_style</styleUrl>
        <Point>
          <coordinates>15.509398,-18.974868,0</coordinates>
        </Point>
      </Placemark>
      <Placemark>
        <name>Ozonjuitji m'Bari - Month 6</name>
        <description>Waterhole: Ozonjuitji m'Bari, Month: 6, Time: 2010-06-26 20:21:00, Lon: 15.509652, Lat: -18.979832</description>
        <styleUrl>#month6_style</styleUrl>
        <Point>
          <coordinates>15.509652,-18.979832,0</coordinates>
        </Point>
      </Placemark>
      <Placemark>
        <name>Ozonjuitji m'Bari - Month 6</name>
        <description>Waterhole: Ozonjuitji m'Bari, Month: 6, Time: 2010-06-26 20:41:00, Lon: 15.503863, Lat: -18.976742</description>
        <styleUrl>#month6_style</styleUrl>
        <Point>
          <coordinates>15.503863,-18.976742,0</coordinates>
        </Point>
      </Placemark>
      <Placemark>
        <name>Ozonjuitji m'Bari - Month 6</name>
        <description>Waterhole: Ozonjuitji m'Bari, Month: 6, Time: 2010-06-26 21:01:00, Lon: 15.503690, Lat: -18.976587</description>
        <styleUrl>#month6_style</styleUrl>
        <Point>
          <coordinates>15.503690,-18.976587,0</coordinates>
        </Point>
      </Placemark>
      <Placemark>
        <name>Ozonjuitji m'Bari - Month 6</name>
        <description>Waterhole: Ozonjuitji m'Bari, Month: 6, Time: 2010-06-26 21:21:00, Lon: 15.500219, Lat: -18.975885</description>
        <styleUrl>#month6_style</styleUrl>
        <Point>
          <coordinates>15.500219,-18.975885,0</coordinates>
        </Point>
      </Placemark>
      <Placemark>
        <name>Ozonjuitji m'Bari - Month 6</name>
        <description>Waterhole: Ozonjuitji m'Bari, Month: 6, Time: 2010-06-26 21:41:00, Lon: 15.495611, Lat: -18.976845</description>
        <styleUrl>#month6_style</styleUrl>
        <Point>
          <coordinates>15.495611,-18.976845,0</coordinates>
        </Point>
      </Placemark>
      <Placemark>
        <name>Ozonjuitji m'Bari - Month 6</name>
        <description>Waterhole: Ozonjuitji m'Bari, Month: 6, Time: 2010-06-27 16:21:00, Lon: 15.497619, Lat: -18.973682</description>
        <styleUrl>#month6_style</styleUrl>
        <Point>
          <coordinates>15.497619,-18.973682,0</coordinates>
        </Point>
      </Placemark>
      <Placemark>
        <name>Ozonjuitji m'Bari - Month 6</name>
        <description>Waterhole: Ozonjuitji m'Bari, Month: 6, Time: 2010-06-27 16:41:00, Lon: 15.499731, Lat: -18.973435</description>
        <styleUrl>#month6_style</styleUrl>
        <Point>
          <coordinates>15.499731,-18.973435,0</coordinates>
        </Point>
      </Placemark>
      <Placemark>
        <name>Ozonjuitji m'Bari - Month 6</name>
        <description>Waterhole: Ozonjuitji m'Bari, Month: 6, Time: 2010-06-27 17:01:00, Lon: 15.501788, Lat: -18.974858</description>
        <styleUrl>#month6_style</styleUrl>
        <Point>
          <coordinates>15.501788,-18.974858,0</coordinates>
        </Point>
      </Placemark>
      <Placemark>
        <name>Ozonjuitji m'Bari - Month 6</name>
        <description>Waterhole: Ozonjuitji m'Bari, Month: 6, Time: 2010-06-27 17:21:00, Lon: 15.502893, Lat: -18.975871</description>
        <styleUrl>#month6_style</styleUrl>
        <Point>
          <coordinates>15.502893,-18.975871,0</coordinates>
        </Point>
      </Placemark>
      <Placemark>
        <name>Ozonjuitji m'Bari - Month 6</name>
        <description>Waterhole: Ozonjuitji m'Bari, Month: 6, Time: 2010-06-27 17:41:00, Lon: 15.503113, Lat: -18.976235</description>
        <styleUrl>#month6_style</styleUrl>
        <Point>
          <coordinates>15.503113,-18.976235,0</coordinates>
        </Point>
      </Placemark>
      <Placemark>
        <name>Ozonjuitji m'Bari - Month 6</name>
        <description>Waterhole: Ozonjuitji m'Bari, Month: 6, Time: 2010-06-27 18:01:00, Lon: 15.503774, Lat: -18.976829</description>
        <styleUrl>#month6_style</styleUrl>
        <Point>
          <coordinates>15.503774,-18.976829,0</coordinates>
        </Point>
      </Placemark>
      <Placemark>
        <name>Ozonjuitji m'Bari - Month 6</name>
        <description>Waterhole: Ozonjuitji m'Bari, Month: 6, Time: 2010-06-27 18:21:00, Lon: 15.503584, Lat: -18.976589</description>
        <styleUrl>#month6_style</styleUrl>
        <Point>
          <coordinates>15.503584,-18.976589,0</coordinates>
        </Point>
      </Placemark>
      <Placemark>
        <name>Ozonjuitji m'Bari - Month 6</name>
        <description>Waterhole: Ozonjuitji m'Bari, Month: 6, Time: 2010-06-27 18:41:00, Lon: 15.503090, Lat: -18.976782</description>
        <styleUrl>#month6_style</styleUrl>
        <Point>
          <coordinates>15.503090,-18.976782,0</coordinates>
        </Point>
      </Placemark>
      <Placemark>
        <name>Ozonjuitji m'Bari - Month 6</name>
        <description>Waterhole: Ozonjuitji m'Bari, Month: 6, Time: 2010-06-28 19:41:00, Lon: 15.495699, Lat: -18.974518</description>
        <styleUrl>#month6_style</styleUrl>
        <Point>
          <coordinates>15.495699,-18.974518,0</coordinates>
        </Point>
      </Placemark>
      <Placemark>
        <name>Ozonjuitji m'Bari - Month 6</name>
        <description>Waterhole: Ozonjuitji m'Bari, Month: 6, Time: 2010-06-28 20:01:00, Lon: 15.503612, Lat: -18.976536</description>
        <styleUrl>#month6_style</styleUrl>
        <Point>
          <coordinates>15.503612,-18.976536,0</coordinates>
        </Point>
      </Placemark>
      <Placemark>
        <name>Ozonjuitji m'Bari - Month 6</name>
        <description>Waterhole: Ozonjuitji m'Bari, Month: 6, Time: 2010-06-28 20:21:00, Lon: 15.503790, Lat: -18.976644</description>
        <styleUrl>#month6_style</styleUrl>
        <Point>
          <coordinates>15.503790,-18.976644,0</coordinates>
        </Point>
      </Placemark>
      <Placemark>
        <name>Ozonjuitji m'Bari - Month 6</name>
        <description>Waterhole: Ozonjuitji m'Bari, Month: 6, Time: 2010-06-28 20:41:00, Lon: 15.503789, Lat: -18.976619</description>
        <styleUrl>#month6_style</styleUrl>
        <Point>
          <coordinates>15.503789,-18.976619,0</coordinates>
        </Point>
      </Placemark>
      <Placemark>
        <name>Ozonjuitji m'Bari - Month 6</name>
        <description>Waterhole: Ozonjuitji m'Bari, Month: 6, Time: 2010-06-28 21:01:00, Lon: 15.501710, Lat: -18.977759</description>
        <styleUrl>#month6_style</styleUrl>
        <Point>
          <coordinates>15.501710,-18.977759,0</coordinates>
        </Point>
      </Placemark>
      <Placemark>
        <name>Ozonjuitji m'Bari - Month 6</name>
        <description>Waterhole: Ozonjuitji m'Bari, Month: 6, Time: 2010-06-29 16:21:00, Lon: 15.497460, Lat: -18.978607</description>
        <styleUrl>#month6_style</styleUrl>
        <Point>
          <coordinates>15.497460,-18.978607,0</coordinates>
        </Point>
      </Placemark>
      <Placemark>
        <name>Ozonjuitji m'Bari - Month 6</name>
        <description>Waterhole: Ozonjuitji m'Bari, Month: 6, Time: 2010-06-29 16:41:00, Lon: 15.503592, Lat: -18.976638</description>
        <styleUrl>#month6_style</styleUrl>
        <Point>
          <coordinates>15.503592,-18.976638,0</coordinates>
        </Point>
      </Placemark>
      <Placemark>
        <name>Ozonjuitji m'Bari - Month 6</name>
        <description>Waterhole: Ozonjuitji m'Bari, Month: 6, Time: 2010-06-29 17:01:00, Lon: 15.503495, Lat: -18.976540</description>
        <styleUrl>#month6_style</styleUrl>
        <Point>
          <coordinates>15.503495,-18.976540,0</coordinates>
        </Point>
      </Placemark>
      <Placemark>
        <name>Ozonjuitji m'Bari - Month 6</name>
        <description>Waterhole: Ozonjuitji m'Bari, Month: 6, Time: 2010-06-29 17:21:00, Lon: 15.502931, Lat: -18.976270</description>
        <styleUrl>#month6_style</styleUrl>
        <Point>
          <coordinates>15.502931,-18.976270,0</coordinates>
        </Point>
      </Placemark>
      <Placemark>
        <name>Ozonjuitji m'Bari - Month 6</name>
        <description>Waterhole: Ozonjuitji m'Bari, Month: 6, Time: 2010-06-29 17:41:00, Lon: 15.502538, Lat: -18.976339</description>
        <styleUrl>#month6_style</styleUrl>
        <Point>
          <coordinates>15.502538,-18.976339,0</coordinates>
        </Point>
      </Placemark>
      <Placemark>
        <name>Ozonjuitji m'Bari - Month 6</name>
        <description>Waterhole: Ozonjuitji m'Bari, Month: 6, Time: 2010-06-29 18:01:00, Lon: 15.499954, Lat: -18.975798</description>
        <styleUrl>#month6_style</styleUrl>
        <Point>
          <coordinates>15.499954,-18.975798,0</coordinates>
        </Point>
      </Placemark>
      <Placemark>
        <name>Ozonjuitji m'Bari - Month 6</name>
        <description>Waterhole: Ozonjuitji m'Bari, Month: 6, Time: 2010-06-29 18:21:00, Lon: 15.495098, Lat: -18.974146</description>
        <styleUrl>#month6_style</styleUrl>
        <Point>
          <coordinates>15.495098,-18.974146,0</coordinates>
        </Point>
      </Placemark>
      <Placemark>
        <name>Ozonjuitji m'Bari - Month 6</name>
        <description>Waterhole: Ozonjuitji m'Bari, Month: 6, Time: 2010-06-29 23:21:00, Lon: 15.499031, Lat: -18.972349</description>
        <styleUrl>#month6_style</styleUrl>
        <Point>
          <coordinates>15.499031,-18.972349,0</coordinates>
        </Point>
      </Placemark>
      <Placemark>
        <name>Ozonjuitji m'Bari - Month 6</name>
        <description>Waterhole: Ozonjuitji m'Bari, Month: 6, Time: 2010-06-29 23:41:00, Lon: 15.503673, Lat: -18.976542</description>
        <styleUrl>#month6_style</styleUrl>
        <Point>
          <coordinates>15.503673,-18.976542,0</coordinates>
        </Point>
      </Placemark>
      <Placemark>
        <name>Ozonjuitji m'Bari - Month 6</name>
        <description>Waterhole: Ozonjuitji m'Bari, Month: 6, Time: 2010-06-30 00:01:00, Lon: 15.503761, Lat: -18.976573</description>
        <styleUrl>#month6_style</styleUrl>
        <Point>
          <coordinates>15.503761,-18.976573,0</coordinates>
        </Point>
      </Placemark>
      <Placemark>
        <name>Ozonjuitji m'Bari - Month 6</name>
        <description>Waterhole: Ozonjuitji m'Bari, Month: 6, Time: 2010-06-30 00:21:00, Lon: 15.502232, Lat: -18.975749</description>
        <styleUrl>#month6_style</styleUrl>
        <Point>
          <coordinates>15.502232,-18.975749,0</coordinates>
        </Point>
      </Placemark>
      <Placemark>
        <name>Ozonjuitji m'Bari - Month 6</name>
        <description>Waterhole: Ozonjuitji m'Bari, Month: 6, Time: 2010-06-30 16:01:00, Lon: 15.496750, Lat: -18.982621</description>
        <styleUrl>#month6_style</styleUrl>
        <Point>
          <coordinates>15.496750,-18.982621,0</coordinates>
        </Point>
      </Placemark>
      <Placemark>
        <name>Ozonjuitji m'Bari - Month 6</name>
        <description>Waterhole: Ozonjuitji m'Bari, Month: 6, Time: 2010-06-30 16:21:00, Lon: 15.495891, Lat: -18.981822</description>
        <styleUrl>#month6_style</styleUrl>
        <Point>
          <coordinates>15.495891,-18.981822,0</coordinates>
        </Point>
      </Placemark>
      <Placemark>
        <name>Ozonjuitji m'Bari - Month 6</name>
        <description>Waterhole: Ozonjuitji m'Bari, Month: 6, Time: 2010-06-30 16:41:00, Lon: 15.495855, Lat: -18.979498</description>
        <styleUrl>#month6_style</styleUrl>
        <Point>
          <coordinates>15.495855,-18.979498,0</coordinates>
        </Point>
      </Placemark>
      <Placemark>
        <name>Ozonjuitji m'Bari - Month 6</name>
        <description>Waterhole: Ozonjuitji m'Bari, Month: 6, Time: 2010-06-30 17:01:00, Lon: 15.495031, Lat: -18.977991</description>
        <styleUrl>#month6_style</styleUrl>
        <Point>
          <coordinates>15.495031,-18.977991,0</coordinates>
        </Point>
      </Placemark>
      <Placemark>
        <name>Ozonjuitji m'Bari - Month 6</name>
        <description>Waterhole: Ozonjuitji m'Bari, Month: 6, Time: 2010-06-30 17:21:00, Lon: 15.495856, Lat: -18.977132</description>
        <styleUrl>#month6_style</styleUrl>
        <Point>
          <coordinates>15.495856,-18.977132,0</coordinates>
        </Point>
      </Placemark>
      <Placemark>
        <name>Ozonjuitji m'Bari - Month 6</name>
        <description>Waterhole: Ozonjuitji m'Bari, Month: 6, Time: 2010-06-30 17:41:00, Lon: 15.501768, Lat: -18.976750</description>
        <styleUrl>#month6_style</styleUrl>
        <Point>
          <coordinates>15.501768,-18.976750,0</coordinates>
        </Point>
      </Placemark>
      <Placemark>
        <name>Ozonjuitji m'Bari - Month 6</name>
        <description>Waterhole: Ozonjuitji m'Bari, Month: 6, Time: 2010-06-30 18:01:00, Lon: 15.503494, Lat: -18.976495</description>
        <styleUrl>#month6_style</styleUrl>
        <Point>
          <coordinates>15.503494,-18.976495,0</coordinates>
        </Point>
      </Placemark>
      <Placemark>
        <name>Ozonjuitji m'Bari - Month 6</name>
        <description>Waterhole: Ozonjuitji m'Bari, Month: 6, Time: 2010-06-30 18:21:00, Lon: 15.503739, Lat: -18.976296</description>
        <styleUrl>#month6_style</styleUrl>
        <Point>
          <coordinates>15.503739,-18.976296,0</coordinates>
        </Point>
      </Placemark>
      <Placemark>
        <name>Ozonjuitji m'Bari - Month 6</name>
        <description>Waterhole: Ozonjuitji m'Bari, Month: 6, Time: 2010-06-30 18:41:00, Lon: 15.503673, Lat: -18.976516</description>
        <styleUrl>#month6_style</styleUrl>
        <Point>
          <coordinates>15.503673,-18.976516,0</coordinates>
        </Point>
      </Placemark>
      <Placemark>
        <name>Ozonjuitji m'Bari - Month 6</name>
        <description>Waterhole: Ozonjuitji m'Bari, Month: 6, Time: 2010-06-30 19:01:00, Lon: 15.503727, Lat: -18.976514</description>
        <styleUrl>#month6_style</styleUrl>
        <Point>
          <coordinates>15.503727,-18.976514,0</coordinates>
        </Point>
      </Placemark>
      <Placemark>
        <name>Ozonjuitji m'Bari - Month 6</name>
        <description>Waterhole: Ozonjuitji m'Bari, Month: 6, Time: 2010-06-30 19:21:00, Lon: 15.503659, Lat: -18.976534</description>
        <styleUrl>#month6_style</styleUrl>
        <Point>
          <coordinates>15.503659,-18.976534,0</coordinates>
        </Point>
      </Placemark>
      <Placemark>
        <name>Ozonjuitji m'Bari - Month 6</name>
        <description>Waterhole: Ozonjuitji m'Bari, Month: 6, Time: 2010-06-30 19:41:00, Lon: 15.503705, Lat: -18.976430</description>
        <styleUrl>#month6_style</styleUrl>
        <Point>
          <coordinates>15.503705,-18.976430,0</coordinates>
        </Point>
      </Placemark>
      <Placemark>
        <name>Ozonjuitji m'Bari - Month 6</name>
        <description>Waterhole: Ozonjuitji m'Bari, Month: 6, Time: 2010-06-30 20:01:00, Lon: 15.502787, Lat: -18.974839</description>
        <styleUrl>#month6_style</styleUrl>
        <Point>
          <coordinates>15.502787,-18.974839,0</coordinates>
        </Point>
      </Placemark>
      <Placemark>
        <name>Ozonjuitji m'Bari - Month 6</name>
        <description>Waterhole: Ozonjuitji m'Bari, Month: 6, Time: 2010-06-30 20:21:00, Lon: 15.501370, Lat: -18.972284</description>
        <styleUrl>#month6_style</styleUrl>
        <Point>
          <coordinates>15.501370,-18.972284,0</coordinates>
        </Point>
      </Placemark>
      <Placemark>
        <name>Ozonjuitji m'Bari - Month 6</name>
        <description>Waterhole: Ozonjuitji m'Bari, Month: 6, Time: 2010-06-30 20:41:00, Lon: 15.500731, Lat: -18.970809</description>
        <styleUrl>#month6_style</styleUrl>
        <Point>
          <coordinates>15.500731,-18.970809,0</coordinates>
        </Point>
      </Placemark>
      <Placemark>
        <name>Ozonjuitji m'Bari - Month 7</name>
        <description>Waterhole: Ozonjuitji m'Bari, Month: 7, Time: 2010-07-01 11:01:00, Lon: 15.494812, Lat: -18.977010</description>
        <styleUrl>#month7_style</styleUrl>
        <Point>
          <coordinates>15.494812,-18.977010,0</coordinates>
        </Point>
      </Placemark>
      <Placemark>
        <name>Ozonjuitji m'Bari - Month 7</name>
        <description>Waterhole: Ozonjuitji m'Bari, Month: 7, Time: 2010-07-01 11:21:00, Lon: 15.502206, Lat: -18.976760</description>
        <styleUrl>#month7_style</styleUrl>
        <Point>
          <coordinates>15.502206,-18.976760,0</coordinates>
        </Point>
      </Placemark>
      <Placemark>
        <name>Ozonjuitji m'Bari - Month 7</name>
        <description>Waterhole: Ozonjuitji m'Bari, Month: 7, Time: 2010-07-01 11:41:00, Lon: 15.503563, Lat: -18.976491</description>
        <styleUrl>#month7_style</styleUrl>
        <Point>
          <coordinates>15.503563,-18.976491,0</coordinates>
        </Point>
      </Placemark>
      <Placemark>
        <name>Ozonjuitji m'Bari - Month 7</name>
        <description>Waterhole: Ozonjuitji m'Bari, Month: 7, Time: 2010-07-01 12:01:00, Lon: 15.503601, Lat: -18.976534</description>
        <styleUrl>#month7_style</styleUrl>
        <Point>
          <coordinates>15.503601,-18.976534,0</coordinates>
        </Point>
      </Placemark>
      <Placemark>
        <name>Ozonjuitji m'Bari - Month 7</name>
        <description>Waterhole: Ozonjuitji m'Bari, Month: 7, Time: 2010-07-01 12:21:00, Lon: 15.503633, Lat: -18.976506</description>
        <styleUrl>#month7_style</styleUrl>
        <Point>
          <coordinates>15.503633,-18.976506,0</coordinates>
        </Point>
      </Placemark>
      <Placemark>
        <name>Ozonjuitji m'Bari - Month 7</name>
        <description>Waterhole: Ozonjuitji m'Bari, Month: 7, Time: 2010-07-01 12:41:00, Lon: 15.503485, Lat: -18.976514</description>
        <styleUrl>#month7_style</styleUrl>
        <Point>
          <coordinates>15.503485,-18.976514,0</coordinates>
        </Point>
      </Placemark>
      <Placemark>
        <name>Ozonjuitji m'Bari - Month 7</name>
        <description>Waterhole: Ozonjuitji m'Bari, Month: 7, Time: 2010-07-01 13:01:00, Lon: 15.503510, Lat: -18.976491</description>
        <styleUrl>#month7_style</styleUrl>
        <Point>
          <coordinates>15.503510,-18.976491,0</coordinates>
        </Point>
      </Placemark>
      <Placemark>
        <name>Ozonjuitji m'Bari - Month 7</name>
        <description>Waterhole: Ozonjuitji m'Bari, Month: 7, Time: 2010-07-01 13:21:00, Lon: 15.503541, Lat: -18.976552</description>
        <styleUrl>#month7_style</styleUrl>
        <Point>
          <coordinates>15.503541,-18.976552,0</coordinates>
        </Point>
      </Placemark>
      <Placemark>
        <name>Ozonjuitji m'Bari - Month 7</name>
        <description>Waterhole: Ozonjuitji m'Bari, Month: 7, Time: 2010-07-01 13:41:00, Lon: 15.503598, Lat: -18.976534</description>
        <styleUrl>#month7_style</styleUrl>
        <Point>
          <coordinates>15.503598,-18.976534,0</coordinates>
        </Point>
      </Placemark>
      <Placemark>
        <name>Ozonjuitji m'Bari - Month 7</name>
        <description>Waterhole: Ozonjuitji m'Bari, Month: 7, Time: 2010-07-01 14:01:00, Lon: 15.503512, Lat: -18.976512</description>
        <styleUrl>#month7_style</styleUrl>
        <Point>
          <coordinates>15.503512,-18.976512,0</coordinates>
        </Point>
      </Placemark>
      <Placemark>
        <name>Ozonjuitji m'Bari - Month 7</name>
        <description>Waterhole: Ozonjuitji m'Bari, Month: 7, Time: 2010-07-01 14:21:00, Lon: 15.501670, Lat: -18.975340</description>
        <styleUrl>#month7_style</styleUrl>
        <Point>
          <coordinates>15.501670,-18.975340,0</coordinates>
        </Point>
      </Placemark>
      <Placemark>
        <name>Arendsnes - Month 7</name>
        <description>Waterhole: Arendsnes, Month: 7, Time: 2010-07-02 06:21:00, Lon: 15.416711, Lat: -18.982878</description>
        <styleUrl>#month7_style</styleUrl>
        <Point>
          <coordinates>15.416711,-18.982878,0</coordinates>
        </Point>
      </Placemark>
      <Placemark>
        <name>Sonderkop waterhole - Month 7</name>
        <description>Waterhole: Sonderkop waterhole, Month: 7, Time: 2010-07-02 15:41:00, Lon: 15.331255, Lat: -18.972622</description>
        <styleUrl>#month7_style</styleUrl>
        <Point>
          <coordinates>15.331255,-18.972622,0</coordinates>
        </Point>
      </Placemark>
      <Placemark>
        <name>Sonderkop waterhole - Month 7</name>
        <description>Waterhole: Sonderkop waterhole, Month: 7, Time: 2010-07-02 16:01:00, Lon: 15.328204, Lat: -18.968966</description>
        <styleUrl>#month7_style</styleUrl>
        <Point>
          <coordinates>15.328204,-18.968966,0</coordinates>
        </Point>
      </Placemark>
      <Placemark>
        <name>Sonderkop waterhole - Month 7</name>
        <description>Waterhole: Sonderkop waterhole, Month: 7, Time: 2010-07-02 16:21:00, Lon: 15.327557, Lat: -18.968955</description>
        <styleUrl>#month7_style</styleUrl>
        <Point>
          <coordinates>15.327557,-18.968955,0</coordinates>
        </Point>
      </Placemark>
      <Placemark>
        <name>Sonderkop waterhole - Month 7</name>
        <description>Waterhole: Sonderkop waterhole, Month: 7, Time: 2010-07-02 16:41:00, Lon: 15.328269, Lat: -18.970068</description>
        <styleUrl>#month7_style</styleUrl>
        <Point>
          <coordinates>15.328269,-18.970068,0</coordinates>
        </Point>
      </Placemark>
      <Placemark>
        <name>Sonderkop waterhole - Month 7</name>
        <description>Waterhole: Sonderkop waterhole, Month: 7, Time: 2010-07-02 17:01:00, Lon: 15.328556, Lat: -18.977958</description>
        <styleUrl>#month7_style</styleUrl>
        <Point>
          <coordinates>15.328556,-18.977958,0</coordinates>
        </Point>
      </Placemark>
      <Placemark>
        <name>Sonderkop waterhole - Month 7</name>
        <description>Waterhole: Sonderkop waterhole, Month: 7, Time: 2010-07-02 20:21:00, Lon: 15.328382, Lat: -18.975873</description>
        <styleUrl>#month7_style</styleUrl>
        <Point>
          <coordinates>15.328382,-18.975873,0</coordinates>
        </Point>
      </Placemark>
      <Placemark>
        <name>Sonderkop waterhole - Month 7</name>
        <description>Waterhole: Sonderkop waterhole, Month: 7, Time: 2010-07-02 20:41:00, Lon: 15.327897, Lat: -18.974101</description>
        <styleUrl>#month7_style</styleUrl>
        <Point>
          <coordinates>15.327897,-18.974101,0</coordinates>
        </Point>
      </Placemark>
      <Placemark>
        <name>Sonderkop waterhole - Month 7</name>
        <description>Waterhole: Sonderkop waterhole, Month: 7, Time: 2010-07-02 21:01:00, Lon: 15.328439, Lat: -18.969401</description>
        <styleUrl>#month7_style</styleUrl>
        <Point>
          <coordinates>15.328439,-18.969401,0</coordinates>
        </Point>
      </Placemark>
      <Placemark>
        <name>Sonderkop waterhole - Month 7</name>
        <description>Waterhole: Sonderkop waterhole, Month: 7, Time: 2010-07-02 21:21:00, Lon: 15.328197, Lat: -18.969073</description>
        <styleUrl>#month7_style</styleUrl>
        <Point>
          <coordinates>15.328197,-18.969073,0</coordinates>
        </Point>
      </Placemark>
      <Placemark>
        <name>Sonderkop waterhole - Month 7</name>
        <description>Waterhole: Sonderkop waterhole, Month: 7, Time: 2010-07-02 21:41:00, Lon: 15.328134, Lat: -18.969049</description>
        <styleUrl>#month7_style</styleUrl>
        <Point>
          <coordinates>15.328134,-18.969049,0</coordinates>
        </Point>
      </Placemark>
      <Placemark>
        <name>Sonderkop waterhole - Month 7</name>
        <description>Waterhole: Sonderkop waterhole, Month: 7, Time: 2010-07-02 22:01:00, Lon: 15.328453, Lat: -18.969670</description>
        <styleUrl>#month7_style</styleUrl>
        <Point>
          <coordinates>15.328453,-18.969670,0</coordinates>
        </Point>
      </Placemark>
      <Placemark>
        <name>Sonderkop waterhole - Month 7</name>
        <description>Waterhole: Sonderkop waterhole, Month: 7, Time: 2010-07-02 22:21:00, Lon: 15.331593, Lat: -18.972915</description>
        <styleUrl>#month7_style</styleUrl>
        <Point>
          <coordinates>15.331593,-18.972915,0</coordinates>
        </Point>
      </Placemark>
      <Placemark>
        <name>Duiwelsvuur - Month 7</name>
        <description>Waterhole: Duiwelsvuur, Month: 7, Time: 2010-07-03 15:41:00, Lon: 15.266648, Lat: -18.987905</description>
        <styleUrl>#month7_style</styleUrl>
        <Point>
          <coordinates>15.266648,-18.987905,0</coordinates>
        </Point>
      </Placemark>
      <Placemark>
        <name>Duiwelsvuur - Month 7</name>
        <description>Waterhole: Duiwelsvuur, Month: 7, Time: 2010-07-03 16:01:00, Lon: 15.259653, Lat: -18.987687</description>
        <styleUrl>#month7_style</styleUrl>
        <Point>
          <coordinates>15.259653,-18.987687,0</coordinates>
        </Point>
      </Placemark>
      <Placemark>
        <name>Duiwelsvuur - Month 7</name>
        <description>Waterhole: Duiwelsvuur, Month: 7, Time: 2010-07-03 16:21:00, Lon: 15.260095, Lat: -18.987394</description>
        <styleUrl>#month7_style</styleUrl>
        <Point>
          <coordinates>15.260095,-18.987394,0</coordinates>
        </Point>
      </Placemark>
      <Placemark>
        <name>Duiwelsvuur - Month 7</name>
        <description>Waterhole: Duiwelsvuur, Month: 7, Time: 2010-07-03 16:41:00, Lon: 15.265190, Lat: -18.984798</description>
        <styleUrl>#month7_style</styleUrl>
        <Point>
          <coordinates>15.265190,-18.984798,0</coordinates>
        </Point>
      </Placemark>
      <Placemark>
        <name>Sonderkop waterhole - Month 7</name>
        <description>Waterhole: Sonderkop waterhole, Month: 7, Time: 2010-07-04 11:01:00, Lon: 15.320363, Lat: -18.970335</description>
        <styleUrl>#month7_style</styleUrl>
        <Point>
          <coordinates>15.320363,-18.970335,0</coordinates>
        </Point>
      </Placemark>
      <Placemark>
        <name>Sonderkop waterhole - Month 7</name>
        <description>Waterhole: Sonderkop waterhole, Month: 7, Time: 2010-07-04 11:21:00, Lon: 15.328230, Lat: -18.968858</description>
        <styleUrl>#month7_style</styleUrl>
        <Point>
          <coordinates>15.328230,-18.968858,0</coordinates>
        </Point>
      </Placemark>
      <Placemark>
        <name>Sonderkop waterhole - Month 7</name>
        <description>Waterhole: Sonderkop waterhole, Month: 7, Time: 2010-07-04 11:41:00, Lon: 15.328184, Lat: -18.968955</description>
        <styleUrl>#month7_style</styleUrl>
        <Point>
          <coordinates>15.328184,-18.968955,0</coordinates>
        </Point>
      </Placemark>
      <Placemark>
        <name>Sonderkop waterhole - Month 7</name>
        <description>Waterhole: Sonderkop waterhole, Month: 7, Time: 2010-07-04 12:01:00, Lon: 15.328195, Lat: -18.968951</description>
        <styleUrl>#month7_style</styleUrl>
        <Point>
          <coordinates>15.328195,-18.968951,0</coordinates>
        </Point>
      </Placemark>
      <Placemark>
        <name>Sonderkop waterhole - Month 7</name>
        <description>Waterhole: Sonderkop waterhole, Month: 7, Time: 2010-07-04 12:21:00, Lon: 15.327115, Lat: -18.971729</description>
        <styleUrl>#month7_style</styleUrl>
        <Point>
          <coordinates>15.327115,-18.971729,0</coordinates>
        </Point>
      </Placemark>
      <Placemark>
        <name>Sonderkop waterhole - Month 7</name>
        <description>Waterhole: Sonderkop waterhole, Month: 7, Time: 2010-07-04 12:41:00, Lon: 15.325351, Lat: -18.974080</description>
        <styleUrl>#month7_style</styleUrl>
        <Point>
          <coordinates>15.325351,-18.974080,0</coordinates>
        </Point>
      </Placemark>
      <Placemark>
        <name>Sonderkop waterhole - Month 7</name>
        <description>Waterhole: Sonderkop waterhole, Month: 7, Time: 2010-07-04 13:01:00, Lon: 15.325510, Lat: -18.974213</description>
        <styleUrl>#month7_style</styleUrl>
        <Point>
          <coordinates>15.325510,-18.974213,0</coordinates>
        </Point>
      </Placemark>
      <Placemark>
        <name>Sonderkop waterhole - Month 7</name>
        <description>Waterhole: Sonderkop waterhole, Month: 7, Time: 2010-07-04 13:21:00, Lon: 15.326877, Lat: -18.973816</description>
        <styleUrl>#month7_style</styleUrl>
        <Point>
          <coordinates>15.326877,-18.973816,0</coordinates>
        </Point>
      </Placemark>
      <Placemark>
        <name>Sonderkop waterhole - Month 7</name>
        <description>Waterhole: Sonderkop waterhole, Month: 7, Time: 2010-07-04 13:41:00, Lon: 15.327298, Lat: -18.973336</description>
        <styleUrl>#month7_style</styleUrl>
        <Point>
          <coordinates>15.327298,-18.973336,0</coordinates>
        </Point>
      </Placemark>
      <Placemark>
        <name>Sonderkop waterhole - Month 7</name>
        <description>Waterhole: Sonderkop waterhole, Month: 7, Time: 2010-07-04 14:01:00, Lon: 15.328185, Lat: -18.968947</description>
        <styleUrl>#month7_style</styleUrl>
        <Point>
          <coordinates>15.328185,-18.968947,0</coordinates>
        </Point>
      </Placemark>
      <Placemark>
        <name>Sonderkop waterhole - Month 7</name>
        <description>Waterhole: Sonderkop waterhole, Month: 7, Time: 2010-07-04 14:21:00, Lon: 15.332947, Lat: -18.967802</description>
        <styleUrl>#month7_style</styleUrl>
        <Point>
          <coordinates>15.332947,-18.967802,0</coordinates>
        </Point>
      </Placemark>
      <Placemark>
        <name>Ozonjuitji m'Bari - Month 7</name>
        <description>Waterhole: Ozonjuitji m'Bari, Month: 7, Time: 2010-07-05 19:21:00, Lon: 15.498039, Lat: -18.971352</description>
        <styleUrl>#month7_style</styleUrl>
        <Point>
          <coordinates>15.498039,-18.971352,0</coordinates>
        </Point>
      </Placemark>
      <Placemark>
        <name>Ozonjuitji m'Bari - Month 7</name>
        <description>Waterhole: Ozonjuitji m'Bari, Month: 7, Time: 2010-07-05 19:41:00, Lon: 15.503244, Lat: -18.976674</description>
        <styleUrl>#month7_style</styleUrl>
        <Point>
          <coordinates>15.503244,-18.976674,0</coordinates>
        </Point>
      </Placemark>
      <Placemark>
        <name>Ozonjuitji m'Bari - Month 7</name>
        <description>Waterhole: Ozonjuitji m'Bari, Month: 7, Time: 2010-07-05 20:01:00, Lon: 15.503617, Lat: -18.976377</description>
        <styleUrl>#month7_style</styleUrl>
        <Point>
          <coordinates>15.503617,-18.976377,0</coordinates>
        </Point>
      </Placemark>
      <Placemark>
        <name>Ozonjuitji m'Bari - Month 7</name>
        <description>Waterhole: Ozonjuitji m'Bari, Month: 7, Time: 2010-07-05 20:21:00, Lon: 15.502980, Lat: -18.974023</description>
        <styleUrl>#month7_style</styleUrl>
        <Point>
          <coordinates>15.502980,-18.974023,0</coordinates>
        </Point>
      </Placemark>
      <Placemark>
        <name>Ozonjuitji m'Bari - Month 7</name>
        <description>Waterhole: Ozonjuitji m'Bari, Month: 7, Time: 2010-07-05 20:41:00, Lon: 15.501880, Lat: -18.971289</description>
        <styleUrl>#month7_style</styleUrl>
        <Point>
          <coordinates>15.501880,-18.971289,0</coordinates>
        </Point>
      </Placemark>
      <Placemark>
        <name>Ozonjuitji m'Bari - Month 7</name>
        <description>Waterhole: Ozonjuitji m'Bari, Month: 7, Time: 2010-07-05 21:01:00, Lon: 15.501412, Lat: -18.969279</description>
        <styleUrl>#month7_style</styleUrl>
        <Point>
          <coordinates>15.501412,-18.969279,0</coordinates>
        </Point>
      </Placemark>
      <Placemark>
        <name>Ozonjuitji m'Bari - Month 7</name>
        <description>Waterhole: Ozonjuitji m'Bari, Month: 7, Time: 2010-07-06 15:21:00, Lon: 15.499123, Lat: -18.969674</description>
        <styleUrl>#month7_style</styleUrl>
        <Point>
          <coordinates>15.499123,-18.969674,0</coordinates>
        </Point>
      </Placemark>
      <Placemark>
        <name>Ozonjuitji m'Bari - Month 7</name>
        <description>Waterhole: Ozonjuitji m'Bari, Month: 7, Time: 2010-07-06 15:41:00, Lon: 15.500527, Lat: -18.971995</description>
        <styleUrl>#month7_style</styleUrl>
        <Point>
          <coordinates>15.500527,-18.971995,0</coordinates>
        </Point>
      </Placemark>
      <Placemark>
        <name>Ozonjuitji m'Bari - Month 7</name>
        <description>Waterhole: Ozonjuitji m'Bari, Month: 7, Time: 2010-07-06 16:01:00, Lon: 15.501023, Lat: -18.973458</description>
        <styleUrl>#month7_style</styleUrl>
        <Point>
          <coordinates>15.501023,-18.973458,0</coordinates>
        </Point>
      </Placemark>
      <Placemark>
        <name>Ozonjuitji m'Bari - Month 7</name>
        <description>Waterhole: Ozonjuitji m'Bari, Month: 7, Time: 2010-07-06 16:21:00, Lon: 15.503541, Lat: -18.976548</description>
        <styleUrl>#month7_style</styleUrl>
        <Point>
          <coordinates>15.503541,-18.976548,0</coordinates>
        </Point>
      </Placemark>
      <Placemark>
        <name>Ozonjuitji m'Bari - Month 7</name>
        <description>Waterhole: Ozonjuitji m'Bari, Month: 7, Time: 2010-07-06 16:41:00, Lon: 15.502873, Lat: -18.975505</description>
        <styleUrl>#month7_style</styleUrl>
        <Point>
          <coordinates>15.502873,-18.975505,0</coordinates>
        </Point>
      </Placemark>
      <Placemark>
        <name>Ozonjuitji m'Bari - Month 7</name>
        <description>Waterhole: Ozonjuitji m'Bari, Month: 7, Time: 2010-07-06 17:01:00, Lon: 15.501889, Lat: -18.971916</description>
        <styleUrl>#month7_style</styleUrl>
        <Point>
          <coordinates>15.501889,-18.971916,0</coordinates>
        </Point>
      </Placemark>
      <Placemark>
        <name>Ozonjuitji m'Bari - Month 7</name>
        <description>Waterhole: Ozonjuitji m'Bari, Month: 7, Time: 2010-07-06 17:21:00, Lon: 15.502112, Lat: -18.971018</description>
        <styleUrl>#month7_style</styleUrl>
        <Point>
          <coordinates>15.502112,-18.971018,0</coordinates>
        </Point>
      </Placemark>
      <Placemark>
        <name>Ozonjuitji m'Bari - Month 7</name>
        <description>Waterhole: Ozonjuitji m'Bari, Month: 7, Time: 2010-07-06 17:41:00, Lon: 15.502267, Lat: -18.970536</description>
        <styleUrl>#month7_style</styleUrl>
        <Point>
          <coordinates>15.502267,-18.970536,0</coordinates>
        </Point>
      </Placemark>
      <Placemark>
        <name>Ozonjuitji m'Bari - Month 7</name>
        <description>Waterhole: Ozonjuitji m'Bari, Month: 7, Time: 2010-07-06 18:01:00, Lon: 15.502240, Lat: -18.970581</description>
        <styleUrl>#month7_style</styleUrl>
        <Point>
          <coordinates>15.502240,-18.970581,0</coordinates>
        </Point>
      </Placemark>
      <Placemark>
        <name>Ozonjuitji m'Bari - Month 7</name>
        <description>Waterhole: Ozonjuitji m'Bari, Month: 7, Time: 2010-07-06 18:21:00, Lon: 15.502100, Lat: -18.970048</description>
        <styleUrl>#month7_style</styleUrl>
        <Point>
          <coordinates>15.502100,-18.970048,0</coordinates>
        </Point>
      </Placemark>
      <Placemark>
        <name>Ozonjuitji m'Bari - Month 7</name>
        <description>Waterhole: Ozonjuitji m'Bari, Month: 7, Time: 2010-07-06 20:01:00, Lon: 15.501234, Lat: -18.969059</description>
        <styleUrl>#month7_style</styleUrl>
        <Point>
          <coordinates>15.501234,-18.969059,0</coordinates>
        </Point>
      </Placemark>
      <Placemark>
        <name>Ozonjuitji m'Bari - Month 7</name>
        <description>Waterhole: Ozonjuitji m'Bari, Month: 7, Time: 2010-07-06 20:21:00, Lon: 15.502861, Lat: -18.975146</description>
        <styleUrl>#month7_style</styleUrl>
        <Point>
          <coordinates>15.502861,-18.975146,0</coordinates>
        </Point>
      </Placemark>
      <Placemark>
        <name>Ozonjuitji m'Bari - Month 7</name>
        <description>Waterhole: Ozonjuitji m'Bari, Month: 7, Time: 2010-07-07 18:41:00, Lon: 15.503601, Lat: -18.976540</description>
        <styleUrl>#month7_style</styleUrl>
        <Point>
          <coordinates>15.503601,-18.976540,0</coordinates>
        </Point>
      </Placemark>
      <Placemark>
        <name>Ozonjuitji m'Bari - Month 7</name>
        <description>Waterhole: Ozonjuitji m'Bari, Month: 7, Time: 2010-07-07 19:01:00, Lon: 15.504055, Lat: -18.976860</description>
        <styleUrl>#month7_style</styleUrl>
        <Point>
          <coordinates>15.504055,-18.976860,0</coordinates>
        </Point>
      </Placemark>
      <Placemark>
        <name>Ozonjuitji m'Bari - Month 7</name>
        <description>Waterhole: Ozonjuitji m'Bari, Month: 7, Time: 2010-07-08 18:41:00, Lon: 15.511355, Lat: -18.978900</description>
        <styleUrl>#month7_style</styleUrl>
        <Point>
          <coordinates>15.511355,-18.978900,0</coordinates>
        </Point>
      </Placemark>
      <Placemark>
        <name>Ozonjuitji m'Bari - Month 7</name>
        <description>Waterhole: Ozonjuitji m'Bari, Month: 7, Time: 2010-07-08 19:01:00, Lon: 15.503569, Lat: -18.976520</description>
        <styleUrl>#month7_style</styleUrl>
        <Point>
          <coordinates>15.503569,-18.976520,0</coordinates>
        </Point>
      </Placemark>
      <Placemark>
        <name>Ozonjuitji m'Bari - Month 7</name>
        <description>Waterhole: Ozonjuitji m'Bari, Month: 7, Time: 2010-07-08 19:21:00, Lon: 15.502766, Lat: -18.976109</description>
        <styleUrl>#month7_style</styleUrl>
        <Point>
          <coordinates>15.502766,-18.976109,0</coordinates>
        </Point>
      </Placemark>
      <Placemark>
        <name>Ozonjuitji m'Bari - Month 7</name>
        <description>Waterhole: Ozonjuitji m'Bari, Month: 7, Time: 2010-07-08 19:41:00, Lon: 15.498293, Lat: -18.971818</description>
        <styleUrl>#month7_style</styleUrl>
        <Point>
          <coordinates>15.498293,-18.971818,0</coordinates>
        </Point>
      </Placemark>
      <Placemark>
        <name>Ozonjuitji m'Bari - Month 7</name>
        <description>Waterhole: Ozonjuitji m'Bari, Month: 7, Time: 2010-07-08 20:01:00, Lon: 15.496636, Lat: -18.970715</description>
        <styleUrl>#month7_style</styleUrl>
        <Point>
          <coordinates>15.496636,-18.970715,0</coordinates>
        </Point>
      </Placemark>
      <Placemark>
        <name>Ozonjuitji m'Bari - Month 7</name>
        <description>Waterhole: Ozonjuitji m'Bari, Month: 7, Time: 2010-07-09 15:21:00, Lon: 15.496252, Lat: -18.976239</description>
        <styleUrl>#month7_style</styleUrl>
        <Point>
          <coordinates>15.496252,-18.976239,0</coordinates>
        </Point>
      </Placemark>
      <Placemark>
        <name>Ozonjuitji m'Bari - Month 7</name>
        <description>Waterhole: Ozonjuitji m'Bari, Month: 7, Time: 2010-07-09 15:41:00, Lon: 15.503613, Lat: -18.976695</description>
        <styleUrl>#month7_style</styleUrl>
        <Point>
          <coordinates>15.503613,-18.976695,0</coordinates>
        </Point>
      </Placemark>
      <Placemark>
        <name>Ozonjuitji m'Bari - Month 7</name>
        <description>Waterhole: Ozonjuitji m'Bari, Month: 7, Time: 2010-07-09 16:01:00, Lon: 15.503368, Lat: -18.976538</description>
        <styleUrl>#month7_style</styleUrl>
        <Point>
          <coordinates>15.503368,-18.976538,0</coordinates>
        </Point>
      </Placemark>
      <Placemark>
        <name>Ozonjuitji m'Bari - Month 7</name>
        <description>Waterhole: Ozonjuitji m'Bari, Month: 7, Time: 2010-07-09 16:21:00, Lon: 15.503603, Lat: -18.976499</description>
        <styleUrl>#month7_style</styleUrl>
        <Point>
          <coordinates>15.503603,-18.976499,0</coordinates>
        </Point>
      </Placemark>
      <Placemark>
        <name>Ozonjuitji m'Bari - Month 7</name>
        <description>Waterhole: Ozonjuitji m'Bari, Month: 7, Time: 2010-07-09 16:41:00, Lon: 15.503662, Lat: -18.976558</description>
        <styleUrl>#month7_style</styleUrl>
        <Point>
          <coordinates>15.503662,-18.976558,0</coordinates>
        </Point>
      </Placemark>
      <Placemark>
        <name>Ozonjuitji m'Bari - Month 7</name>
        <description>Waterhole: Ozonjuitji m'Bari, Month: 7, Time: 2010-07-09 17:01:00, Lon: 15.503526, Lat: -18.974546</description>
        <styleUrl>#month7_style</styleUrl>
        <Point>
          <coordinates>15.503526,-18.974546,0</coordinates>
        </Point>
      </Placemark>
      <Placemark>
        <name>Ozonjuitji m'Bari - Month 7</name>
        <description>Waterhole: Ozonjuitji m'Bari, Month: 7, Time: 2010-07-09 17:21:00, Lon: 15.502005, Lat: -18.971763</description>
        <styleUrl>#month7_style</styleUrl>
        <Point>
          <coordinates>15.502005,-18.971763,0</coordinates>
        </Point>
      </Placemark>
      <Placemark>
        <name>Ozonjuitji m'Bari - Month 7</name>
        <description>Waterhole: Ozonjuitji m'Bari, Month: 7, Time: 2010-07-09 17:41:00, Lon: 15.502099, Lat: -18.971995</description>
        <styleUrl>#month7_style</styleUrl>
        <Point>
          <coordinates>15.502099,-18.971995,0</coordinates>
        </Point>
      </Placemark>
      <Placemark>
        <name>Ozonjuitji m'Bari - Month 7</name>
        <description>Waterhole: Ozonjuitji m'Bari, Month: 7, Time: 2010-07-09 18:01:00, Lon: 15.501615, Lat: -18.972569</description>
        <styleUrl>#month7_style</styleUrl>
        <Point>
          <coordinates>15.501615,-18.972569,0</coordinates>
        </Point>
      </Placemark>
      <Placemark>
        <name>Ozonjuitji m'Bari - Month 7</name>
        <description>Waterhole: Ozonjuitji m'Bari, Month: 7, Time: 2010-07-09 18:21:00, Lon: 15.501966, Lat: -18.972841</description>
        <styleUrl>#month7_style</styleUrl>
        <Point>
          <coordinates>15.501966,-18.972841,0</coordinates>
        </Point>
      </Placemark>
      <Placemark>
        <name>Ozonjuitji m'Bari - Month 7</name>
        <description>Waterhole: Ozonjuitji m'Bari, Month: 7, Time: 2010-07-09 18:41:00, Lon: 15.502173, Lat: -18.973324</description>
        <styleUrl>#month7_style</styleUrl>
        <Point>
          <coordinates>15.502173,-18.973324,0</coordinates>
        </Point>
      </Placemark>
      <Placemark>
        <name>Ozonjuitji m'Bari - Month 7</name>
        <description>Waterhole: Ozonjuitji m'Bari, Month: 7, Time: 2010-07-09 19:01:00, Lon: 15.503498, Lat: -18.976766</description>
        <styleUrl>#month7_style</styleUrl>
        <Point>
          <coordinates>15.503498,-18.976766,0</coordinates>
        </Point>
      </Placemark>
      <Placemark>
        <name>Ozonjuitji m'Bari - Month 7</name>
        <description>Waterhole: Ozonjuitji m'Bari, Month: 7, Time: 2010-07-09 19:21:00, Lon: 15.497335, Lat: -18.981419</description>
        <styleUrl>#month7_style</styleUrl>
        <Point>
          <coordinates>15.497335,-18.981419,0</coordinates>
        </Point>
      </Placemark>
      <Placemark>
        <name>Ozonjuitji m'Bari - Month 7</name>
        <description>Waterhole: Ozonjuitji m'Bari, Month: 7, Time: 2010-07-10 16:21:00, Lon: 15.494812, Lat: -18.977688</description>
        <styleUrl>#month7_style</styleUrl>
        <Point>
          <coordinates>15.494812,-18.977688,0</coordinates>
        </Point>
      </Placemark>
      <Placemark>
        <name>Ozonjuitji m'Bari - Month 7</name>
        <description>Waterhole: Ozonjuitji m'Bari, Month: 7, Time: 2010-07-10 16:41:00, Lon: 15.495660, Lat: -18.974288</description>
        <styleUrl>#month7_style</styleUrl>
        <Point>
          <coordinates>15.495660,-18.974288,0</coordinates>
        </Point>
      </Placemark>
      <Placemark>
        <name>Ozonjuitji m'Bari - Month 7</name>
        <description>Waterhole: Ozonjuitji m'Bari, Month: 7, Time: 2010-07-10 17:01:00, Lon: 15.496808, Lat: -18.973067</description>
        <styleUrl>#month7_style</styleUrl>
        <Point>
          <coordinates>15.496808,-18.973067,0</coordinates>
        </Point>
      </Placemark>
      <Placemark>
        <name>Ozonjuitji m'Bari - Month 7</name>
        <description>Waterhole: Ozonjuitji m'Bari, Month: 7, Time: 2010-07-10 17:21:00, Lon: 15.497039, Lat: -18.972335</description>
        <styleUrl>#month7_style</styleUrl>
        <Point>
          <coordinates>15.497039,-18.972335,0</coordinates>
        </Point>
      </Placemark>
      <Placemark>
        <name>Ozonjuitji m'Bari - Month 7</name>
        <description>Waterhole: Ozonjuitji m'Bari, Month: 7, Time: 2010-07-10 17:41:00, Lon: 15.501600, Lat: -18.975452</description>
        <styleUrl>#month7_style</styleUrl>
        <Point>
          <coordinates>15.501600,-18.975452,0</coordinates>
        </Point>
      </Placemark>
      <Placemark>
        <name>Ozonjuitji m'Bari - Month 7</name>
        <description>Waterhole: Ozonjuitji m'Bari, Month: 7, Time: 2010-07-10 18:01:00, Lon: 15.503308, Lat: -18.976583</description>
        <styleUrl>#month7_style</styleUrl>
        <Point>
          <coordinates>15.503308,-18.976583,0</coordinates>
        </Point>
      </Placemark>
      <Placemark>
        <name>Ozonjuitji m'Bari - Month 7</name>
        <description>Waterhole: Ozonjuitji m'Bari, Month: 7, Time: 2010-07-10 18:21:00, Lon: 15.503233, Lat: -18.976558</description>
        <styleUrl>#month7_style</styleUrl>
        <Point>
          <coordinates>15.503233,-18.976558,0</coordinates>
        </Point>
      </Placemark>
      <Placemark>
        <name>Ozonjuitji m'Bari - Month 7</name>
        <description>Waterhole: Ozonjuitji m'Bari, Month: 7, Time: 2010-07-10 18:41:00, Lon: 15.503296, Lat: -18.976520</description>
        <styleUrl>#month7_style</styleUrl>
        <Point>
          <coordinates>15.503296,-18.976520,0</coordinates>
        </Point>
      </Placemark>
      <Placemark>
        <name>Ozonjuitji m'Bari - Month 7</name>
        <description>Waterhole: Ozonjuitji m'Bari, Month: 7, Time: 2010-07-10 19:01:00, Lon: 15.503337, Lat: -18.976542</description>
        <styleUrl>#month7_style</styleUrl>
        <Point>
          <coordinates>15.503337,-18.976542,0</coordinates>
        </Point>
      </Placemark>
      <Placemark>
        <name>Ozonjuitji m'Bari - Month 7</name>
        <description>Waterhole: Ozonjuitji m'Bari, Month: 7, Time: 2010-07-10 19:21:00, Lon: 15.503526, Lat: -18.976622</description>
        <styleUrl>#month7_style</styleUrl>
        <Point>
          <coordinates>15.503526,-18.976622,0</coordinates>
        </Point>
      </Placemark>
      <Placemark>
        <name>Ozonjuitji m'Bari - Month 7</name>
        <description>Waterhole: Ozonjuitji m'Bari, Month: 7, Time: 2010-07-10 19:41:00, Lon: 15.511615, Lat: -18.980676</description>
        <styleUrl>#month7_style</styleUrl>
        <Point>
          <coordinates>15.511615,-18.980676,0</coordinates>
        </Point>
      </Placemark>
      <Placemark>
        <name>Ozonjuitji m'Bari - Month 7</name>
        <description>Waterhole: Ozonjuitji m'Bari, Month: 7, Time: 2010-07-11 17:21:00, Lon: 15.503592, Lat: -18.976461</description>
        <styleUrl>#month7_style</styleUrl>
        <Point>
          <coordinates>15.503592,-18.976461,0</coordinates>
        </Point>
      </Placemark>
      <Placemark>
        <name>Ozonjuitji m'Bari - Month 7</name>
        <description>Waterhole: Ozonjuitji m'Bari, Month: 7, Time: 2010-07-11 17:41:00, Lon: 15.503530, Lat: -18.976585</description>
        <styleUrl>#month7_style</styleUrl>
        <Point>
          <coordinates>15.503530,-18.976585,0</coordinates>
        </Point>
      </Placemark>
      <Placemark>
        <name>Ozonjuitji m'Bari - Month 7</name>
        <description>Waterhole: Ozonjuitji m'Bari, Month: 7, Time: 2010-07-11 18:01:00, Lon: 15.503718, Lat: -18.976548</description>
        <styleUrl>#month7_style</styleUrl>
        <Point>
          <coordinates>15.503718,-18.976548,0</coordinates>
        </Point>
      </Placemark>
      <Placemark>
        <name>Ozonjuitji m'Bari - Month 7</name>
        <description>Waterhole: Ozonjuitji m'Bari, Month: 7, Time: 2010-07-11 18:21:00, Lon: 15.503773, Lat: -18.976483</description>
        <styleUrl>#month7_style</styleUrl>
        <Point>
          <coordinates>15.503773,-18.976483,0</coordinates>
        </Point>
      </Placemark>
      <Placemark>
        <name>Ozonjuitji m'Bari - Month 7</name>
        <description>Waterhole: Ozonjuitji m'Bari, Month: 7, Time: 2010-07-11 18:41:00, Lon: 15.503643, Lat: -18.976447</description>
        <styleUrl>#month7_style</styleUrl>
        <Point>
          <coordinates>15.503643,-18.976447,0</coordinates>
        </Point>
      </Placemark>
      <Placemark>
        <name>Ozonjuitji m'Bari - Month 7</name>
        <description>Waterhole: Ozonjuitji m'Bari, Month: 7, Time: 2010-07-11 19:01:00, Lon: 15.503647, Lat: -18.976447</description>
        <styleUrl>#month7_style</styleUrl>
        <Point>
          <coordinates>15.503647,-18.976447,0</coordinates>
        </Point>
      </Placemark>
      <Placemark>
        <name>Ozonjuitji m'Bari - Month 7</name>
        <description>Waterhole: Ozonjuitji m'Bari, Month: 7, Time: 2010-07-11 19:21:00, Lon: 15.503637, Lat: -18.972622</description>
        <styleUrl>#month7_style</styleUrl>
        <Point>
          <coordinates>15.503637,-18.972622,0</coordinates>
        </Point>
      </Placemark>
      <Placemark>
        <name>Ozonjuitji m'Bari - Month 7</name>
        <description>Waterhole: Ozonjuitji m'Bari, Month: 7, Time: 2010-07-11 19:41:00, Lon: 15.503782, Lat: -18.972089</description>
        <styleUrl>#month7_style</styleUrl>
        <Point>
          <coordinates>15.503782,-18.972089,0</coordinates>
        </Point>
      </Placemark>
      <Placemark>
        <name>Ozonjuitji m'Bari - Month 7</name>
        <description>Waterhole: Ozonjuitji m'Bari, Month: 7, Time: 2010-07-11 20:01:00, Lon: 15.502881, Lat: -18.970764</description>
        <styleUrl>#month7_style</styleUrl>
        <Point>
          <coordinates>15.502881,-18.970764,0</coordinates>
        </Point>
      </Placemark>
      <Placemark>
        <name>Ozonjuitji m'Bari - Month 7</name>
        <description>Waterhole: Ozonjuitji m'Bari, Month: 7, Time: 2010-07-11 20:21:00, Lon: 15.501981, Lat: -18.970909</description>
        <styleUrl>#month7_style</styleUrl>
        <Point>
          <coordinates>15.501981,-18.970909,0</coordinates>
        </Point>
      </Placemark>
      <Placemark>
        <name>Ozonjuitji m'Bari - Month 7</name>
        <description>Waterhole: Ozonjuitji m'Bari, Month: 7, Time: 2010-07-11 20:41:00, Lon: 15.502092, Lat: -18.972367</description>
        <styleUrl>#month7_style</styleUrl>
        <Point>
          <coordinates>15.502092,-18.972367,0</coordinates>
        </Point>
      </Placemark>
      <Placemark>
        <name>Ozonjuitji m'Bari - Month 7</name>
        <description>Waterhole: Ozonjuitji m'Bari, Month: 7, Time: 2010-07-11 21:01:00, Lon: 15.503903, Lat: -18.976385</description>
        <styleUrl>#month7_style</styleUrl>
        <Point>
          <coordinates>15.503903,-18.976385,0</coordinates>
        </Point>
      </Placemark>
      <Placemark>
        <name>Ozonjuitji m'Bari - Month 7</name>
        <description>Waterhole: Ozonjuitji m'Bari, Month: 7, Time: 2010-07-11 21:21:00, Lon: 15.503636, Lat: -18.976459</description>
        <styleUrl>#month7_style</styleUrl>
        <Point>
          <coordinates>15.503636,-18.976459,0</coordinates>
        </Point>
      </Placemark>
      <Placemark>
        <name>Ozonjuitji m'Bari - Month 7</name>
        <description>Waterhole: Ozonjuitji m'Bari, Month: 7, Time: 2010-07-11 21:41:00, Lon: 15.502285, Lat: -18.975317</description>
        <styleUrl>#month7_style</styleUrl>
        <Point>
          <coordinates>15.502285,-18.975317,0</coordinates>
        </Point>
      </Placemark>
      <Placemark>
        <name>Ozonjuitji m'Bari - Month 7</name>
        <description>Waterhole: Ozonjuitji m'Bari, Month: 7, Time: 2010-07-11 22:01:00, Lon: 15.503451, Lat: -18.976408</description>
        <styleUrl>#month7_style</styleUrl>
        <Point>
          <coordinates>15.503451,-18.976408,0</coordinates>
        </Point>
      </Placemark>
      <Placemark>
        <name>Ozonjuitji m'Bari - Month 7</name>
        <description>Waterhole: Ozonjuitji m'Bari, Month: 7, Time: 2010-07-11 22:21:00, Lon: 15.503509, Lat: -18.976424</description>
        <styleUrl>#month7_style</styleUrl>
        <Point>
          <coordinates>15.503509,-18.976424,0</coordinates>
        </Point>
      </Placemark>
      <Placemark>
        <name>Ozonjuitji m'Bari - Month 7</name>
        <description>Waterhole: Ozonjuitji m'Bari, Month: 7, Time: 2010-07-11 22:41:00, Lon: 15.503493, Lat: -18.976493</description>
        <styleUrl>#month7_style</styleUrl>
        <Point>
          <coordinates>15.503493,-18.976493,0</coordinates>
        </Point>
      </Placemark>
      <Placemark>
        <name>Ozonjuitji m'Bari - Month 7</name>
        <description>Waterhole: Ozonjuitji m'Bari, Month: 7, Time: 2010-07-11 23:01:00, Lon: 15.503614, Lat: -18.976534</description>
        <styleUrl>#month7_style</styleUrl>
        <Point>
          <coordinates>15.503614,-18.976534,0</coordinates>
        </Point>
      </Placemark>
      <Placemark>
        <name>Ozonjuitji m'Bari - Month 7</name>
        <description>Waterhole: Ozonjuitji m'Bari, Month: 7, Time: 2010-07-11 23:21:00, Lon: 15.503597, Lat: -18.976550</description>
        <styleUrl>#month7_style</styleUrl>
        <Point>
          <coordinates>15.503597,-18.976550,0</coordinates>
        </Point>
      </Placemark>
      <Placemark>
        <name>Ozonjuitji m'Bari - Month 7</name>
        <description>Waterhole: Ozonjuitji m'Bari, Month: 7, Time: 2010-07-11 23:41:00, Lon: 15.503580, Lat: -18.976516</description>
        <styleUrl>#month7_style</styleUrl>
        <Point>
          <coordinates>15.503580,-18.976516,0</coordinates>
        </Point>
      </Placemark>
      <Placemark>
        <name>Ozonjuitji m'Bari - Month 7</name>
        <description>Waterhole: Ozonjuitji m'Bari, Month: 7, Time: 2010-07-12 00:01:00, Lon: 15.501803, Lat: -18.974921</description>
        <styleUrl>#month7_style</styleUrl>
        <Point>
          <coordinates>15.501803,-18.974921,0</coordinates>
        </Point>
      </Placemark>
      <Placemark>
        <name>Ozonjuitji m'Bari - Month 7</name>
        <description>Waterhole: Ozonjuitji m'Bari, Month: 7, Time: 2010-07-12 00:21:00, Lon: 15.501803, Lat: -18.974931</description>
        <styleUrl>#month7_style</styleUrl>
        <Point>
          <coordinates>15.501803,-18.974931,0</coordinates>
        </Point>
      </Placemark>
      <Placemark>
        <name>Ozonjuitji m'Bari - Month 7</name>
        <description>Waterhole: Ozonjuitji m'Bari, Month: 7, Time: 2010-07-12 00:41:00, Lon: 15.503509, Lat: -18.976465</description>
        <styleUrl>#month7_style</styleUrl>
        <Point>
          <coordinates>15.503509,-18.976465,0</coordinates>
        </Point>
      </Placemark>
      <Placemark>
        <name>Ozonjuitji m'Bari - Month 7</name>
        <description>Waterhole: Ozonjuitji m'Bari, Month: 7, Time: 2010-07-12 16:41:00, Lon: 15.503600, Lat: -18.976532</description>
        <styleUrl>#month7_style</styleUrl>
        <Point>
          <coordinates>15.503600,-18.976532,0</coordinates>
        </Point>
      </Placemark>
      <Placemark>
        <name>Ozonjuitji m'Bari - Month 7</name>
        <description>Waterhole: Ozonjuitji m'Bari, Month: 7, Time: 2010-07-12 17:01:00, Lon: 15.499877, Lat: -18.975771</description>
        <styleUrl>#month7_style</styleUrl>
        <Point>
          <coordinates>15.499877,-18.975771,0</coordinates>
        </Point>
      </Placemark>
      <Placemark>
        <name>Arendsnes - Month 7</name>
        <description>Waterhole: Arendsnes, Month: 7, Time: 2010-07-13 07:21:00, Lon: 15.416144, Lat: -18.973814</description>
        <styleUrl>#month7_style</styleUrl>
        <Point>
          <coordinates>15.416144,-18.973814,0</coordinates>
        </Point>
      </Placemark>
      <Placemark>
        <name>Arendsnes - Month 7</name>
        <description>Waterhole: Arendsnes, Month: 7, Time: 2010-07-13 07:41:00, Lon: 15.411825, Lat: -18.973204</description>
        <styleUrl>#month7_style</styleUrl>
        <Point>
          <coordinates>15.411825,-18.973204,0</coordinates>
        </Point>
      </Placemark>
      <Placemark>
        <name>Arendsnes - Month 7</name>
        <description>Waterhole: Arendsnes, Month: 7, Time: 2010-07-13 08:01:00, Lon: 15.403410, Lat: -18.974815</description>
        <styleUrl>#month7_style</styleUrl>
        <Point>
          <coordinates>15.403410,-18.974815,0</coordinates>
        </Point>
      </Placemark>
      <Placemark>
        <name>Sonderkop waterhole - Month 7</name>
        <description>Waterhole: Sonderkop waterhole, Month: 7, Time: 2010-07-13 11:41:00, Lon: 15.328170, Lat: -18.968876</description>
        <styleUrl>#month7_style</styleUrl>
        <Point>
          <coordinates>15.328170,-18.968876,0</coordinates>
        </Point>
      </Placemark>
      <Placemark>
        <name>Sonderkop waterhole - Month 7</name>
        <description>Waterhole: Sonderkop waterhole, Month: 7, Time: 2010-07-13 12:01:00, Lon: 15.328204, Lat: -18.968953</description>
        <styleUrl>#month7_style</styleUrl>
        <Point>
          <coordinates>15.328204,-18.968953,0</coordinates>
        </Point>
      </Placemark>
      <Placemark>
        <name>Sonderkop waterhole - Month 7</name>
        <description>Waterhole: Sonderkop waterhole, Month: 7, Time: 2010-07-13 12:21:00, Lon: 15.328188, Lat: -18.968978</description>
        <styleUrl>#month7_style</styleUrl>
        <Point>
          <coordinates>15.328188,-18.968978,0</coordinates>
        </Point>
      </Placemark>
      <Placemark>
        <name>Sonderkop waterhole - Month 7</name>
        <description>Waterhole: Sonderkop waterhole, Month: 7, Time: 2010-07-13 12:41:00, Lon: 15.328040, Lat: -18.969309</description>
        <styleUrl>#month7_style</styleUrl>
        <Point>
          <coordinates>15.328040,-18.969309,0</coordinates>
        </Point>
      </Placemark>
      <Placemark>
        <name>Sonderkop waterhole - Month 7</name>
        <description>Waterhole: Sonderkop waterhole, Month: 7, Time: 2010-07-13 13:01:00, Lon: 15.328259, Lat: -18.969454</description>
        <styleUrl>#month7_style</styleUrl>
        <Point>
          <coordinates>15.328259,-18.969454,0</coordinates>
        </Point>
      </Placemark>
      <Placemark>
        <name>Sonderkop waterhole - Month 7</name>
        <description>Waterhole: Sonderkop waterhole, Month: 7, Time: 2010-07-13 13:21:00, Lon: 15.330002, Lat: -18.971403</description>
        <styleUrl>#month7_style</styleUrl>
        <Point>
          <coordinates>15.330002,-18.971403,0</coordinates>
        </Point>
      </Placemark>
      <Placemark>
        <name>Sonderkop waterhole - Month 7</name>
        <description>Waterhole: Sonderkop waterhole, Month: 7, Time: 2010-07-13 16:21:00, Lon: 15.328156, Lat: -18.969033</description>
        <styleUrl>#month7_style</styleUrl>
        <Point>
          <coordinates>15.328156,-18.969033,0</coordinates>
        </Point>
      </Placemark>
      <Placemark>
        <name>Sonderkop waterhole - Month 7</name>
        <description>Waterhole: Sonderkop waterhole, Month: 7, Time: 2010-07-13 16:41:00, Lon: 15.327591, Lat: -18.968890</description>
        <styleUrl>#month7_style</styleUrl>
        <Point>
          <coordinates>15.327591,-18.968890,0</coordinates>
        </Point>
      </Placemark>
      <Placemark>
        <name>Sonderkop waterhole - Month 7</name>
        <description>Waterhole: Sonderkop waterhole, Month: 7, Time: 2010-07-13 17:01:00, Lon: 15.327426, Lat: -18.969350</description>
        <styleUrl>#month7_style</styleUrl>
        <Point>
          <coordinates>15.327426,-18.969350,0</coordinates>
        </Point>
      </Placemark>
      <Placemark>
        <name>Sonderkop waterhole - Month 7</name>
        <description>Waterhole: Sonderkop waterhole, Month: 7, Time: 2010-07-13 17:21:00, Lon: 15.326327, Lat: -18.970882</description>
        <styleUrl>#month7_style</styleUrl>
        <Point>
          <coordinates>15.326327,-18.970882,0</coordinates>
        </Point>
      </Placemark>
      <Placemark>
        <name>Sonderkop waterhole - Month 7</name>
        <description>Waterhole: Sonderkop waterhole, Month: 7, Time: 2010-07-13 17:41:00, Lon: 15.324656, Lat: -18.972886</description>
        <styleUrl>#month7_style</styleUrl>
        <Point>
          <coordinates>15.324656,-18.972886,0</coordinates>
        </Point>
      </Placemark>
      <Placemark>
        <name>Duiwelsvuur - Month 7</name>
        <description>Waterhole: Duiwelsvuur, Month: 7, Time: 2010-07-14 14:01:00, Lon: 15.261121, Lat: -18.987868</description>
        <styleUrl>#month7_style</styleUrl>
        <Point>
          <coordinates>15.261121,-18.987868,0</coordinates>
        </Point>
      </Placemark>
      <Placemark>
        <name>Duiwelsvuur - Month 7</name>
        <description>Waterhole: Duiwelsvuur, Month: 7, Time: 2010-07-14 14:21:00, Lon: 15.259715, Lat: -18.987665</description>
        <styleUrl>#month7_style</styleUrl>
        <Point>
          <coordinates>15.259715,-18.987665,0</coordinates>
        </Point>
      </Placemark>
      <Placemark>
        <name>Duiwelsvuur - Month 7</name>
        <description>Waterhole: Duiwelsvuur, Month: 7, Time: 2010-07-14 14:41:00, Lon: 15.261374, Lat: -18.986625</description>
        <styleUrl>#month7_style</styleUrl>
        <Point>
          <coordinates>15.261374,-18.986625,0</coordinates>
        </Point>
      </Placemark>
      <Placemark>
        <name>Duiwelsvuur - Month 7</name>
        <description>Waterhole: Duiwelsvuur, Month: 7, Time: 2010-07-14 15:01:00, Lon: 15.261766, Lat: -18.986898</description>
        <styleUrl>#month7_style</styleUrl>
        <Point>
          <coordinates>15.261766,-18.986898,0</coordinates>
        </Point>
      </Placemark>
      <Placemark>
        <name>Duiwelsvuur - Month 7</name>
        <description>Waterhole: Duiwelsvuur, Month: 7, Time: 2010-07-14 15:21:00, Lon: 15.262161, Lat: -18.986932</description>
        <styleUrl>#month7_style</styleUrl>
        <Point>
          <coordinates>15.262161,-18.986932,0</coordinates>
        </Point>
      </Placemark>
      <Placemark>
        <name>Duiwelsvuur - Month 7</name>
        <description>Waterhole: Duiwelsvuur, Month: 7, Time: 2010-07-14 15:41:00, Lon: 15.263404, Lat: -18.986912</description>
        <styleUrl>#month7_style</styleUrl>
        <Point>
          <coordinates>15.263404,-18.986912,0</coordinates>
        </Point>
      </Placemark>
      <Placemark>
        <name>Duiwelsvuur - Month 7</name>
        <description>Waterhole: Duiwelsvuur, Month: 7, Time: 2010-07-14 16:01:00, Lon: 15.262698, Lat: -18.987533</description>
        <styleUrl>#month7_style</styleUrl>
        <Point>
          <coordinates>15.262698,-18.987533,0</coordinates>
        </Point>
      </Placemark>
      <Placemark>
        <name>Duiwelsvuur - Month 7</name>
        <description>Waterhole: Duiwelsvuur, Month: 7, Time: 2010-07-14 16:21:00, Lon: 15.262061, Lat: -18.988059</description>
        <styleUrl>#month7_style</styleUrl>
        <Point>
          <coordinates>15.262061,-18.988059,0</coordinates>
        </Point>
      </Placemark>
      <Placemark>
        <name>Duiwelsvuur - Month 7</name>
        <description>Waterhole: Duiwelsvuur, Month: 7, Time: 2010-07-14 16:41:00, Lon: 15.260870, Lat: -18.988141</description>
        <styleUrl>#month7_style</styleUrl>
        <Point>
          <coordinates>15.260870,-18.988141,0</coordinates>
        </Point>
      </Placemark>
      <Placemark>
        <name>Duiwelsvuur - Month 7</name>
        <description>Waterhole: Duiwelsvuur, Month: 7, Time: 2010-07-14 17:01:00, Lon: 15.259694, Lat: -18.987703</description>
        <styleUrl>#month7_style</styleUrl>
        <Point>
          <coordinates>15.259694,-18.987703,0</coordinates>
        </Point>
      </Placemark>
      <Placemark>
        <name>Duiwelsvuur - Month 7</name>
        <description>Waterhole: Duiwelsvuur, Month: 7, Time: 2010-07-14 17:21:00, Lon: 15.262687, Lat: -18.990491</description>
        <styleUrl>#month7_style</styleUrl>
        <Point>
          <coordinates>15.262687,-18.990491,0</coordinates>
        </Point>
      </Placemark>
      <Placemark>
        <name>Duiwelsvuur - Month 7</name>
        <description>Waterhole: Duiwelsvuur, Month: 7, Time: 2010-07-14 17:41:00, Lon: 15.264819, Lat: -18.992800</description>
        <styleUrl>#month7_style</styleUrl>
        <Point>
          <coordinates>15.264819,-18.992800,0</coordinates>
        </Point>
      </Placemark>
      <Placemark>
        <name>Duiwelsvuur - Month 7</name>
        <description>Waterhole: Duiwelsvuur, Month: 7, Time: 2010-07-15 10:41:00, Lon: 15.259295, Lat: -18.990702</description>
        <styleUrl>#month7_style</styleUrl>
        <Point>
          <coordinates>15.259295,-18.990702,0</coordinates>
        </Point>
      </Placemark>
      <Placemark>
        <name>Duiwelsvuur - Month 7</name>
        <description>Waterhole: Duiwelsvuur, Month: 7, Time: 2010-07-15 11:01:00, Lon: 15.259719, Lat: -18.987685</description>
        <styleUrl>#month7_style</styleUrl>
        <Point>
          <coordinates>15.259719,-18.987685,0</coordinates>
        </Point>
      </Placemark>
      <Placemark>
        <name>Duiwelsvuur - Month 7</name>
        <description>Waterhole: Duiwelsvuur, Month: 7, Time: 2010-07-15 11:21:00, Lon: 15.259609, Lat: -18.988015</description>
        <styleUrl>#month7_style</styleUrl>
        <Point>
          <coordinates>15.259609,-18.988015,0</coordinates>
        </Point>
      </Placemark>
      <Placemark>
        <name>Duiwelsvuur - Month 7</name>
        <description>Waterhole: Duiwelsvuur, Month: 7, Time: 2010-07-15 11:41:00, Lon: 15.259780, Lat: -18.987773</description>
        <styleUrl>#month7_style</styleUrl>
        <Point>
          <coordinates>15.259780,-18.987773,0</coordinates>
        </Point>
      </Placemark>
      <Placemark>
        <name>Duiwelsvuur - Month 7</name>
        <description>Waterhole: Duiwelsvuur, Month: 7, Time: 2010-07-15 12:01:00, Lon: 15.259791, Lat: -18.987795</description>
        <styleUrl>#month7_style</styleUrl>
        <Point>
          <coordinates>15.259791,-18.987795,0</coordinates>
        </Point>
      </Placemark>
      <Placemark>
        <name>Duiwelsvuur - Month 7</name>
        <description>Waterhole: Duiwelsvuur, Month: 7, Time: 2010-07-15 12:21:00, Lon: 15.259790, Lat: -18.987793</description>
        <styleUrl>#month7_style</styleUrl>
        <Point>
          <coordinates>15.259790,-18.987793,0</coordinates>
        </Point>
      </Placemark>
      <Placemark>
        <name>Duiwelsvuur - Month 7</name>
        <description>Waterhole: Duiwelsvuur, Month: 7, Time: 2010-07-15 12:41:00, Lon: 15.259797, Lat: -18.987811</description>
        <styleUrl>#month7_style</styleUrl>
        <Point>
          <coordinates>15.259797,-18.987811,0</coordinates>
        </Point>
      </Placemark>
      <Placemark>
        <name>Duiwelsvuur - Month 7</name>
        <description>Waterhole: Duiwelsvuur, Month: 7, Time: 2010-07-15 13:00:00, Lon: 15.259658, Lat: -18.987577</description>
        <styleUrl>#month7_style</styleUrl>
        <Point>
          <coordinates>15.259658,-18.987577,0</coordinates>
        </Point>
      </Placemark>
      <Placemark>
        <name>Duiwelsvuur - Month 7</name>
        <description>Waterhole: Duiwelsvuur, Month: 7, Time: 2010-07-15 13:21:00, Lon: 15.259746, Lat: -18.987386</description>
        <styleUrl>#month7_style</styleUrl>
        <Point>
          <coordinates>15.259746,-18.987386,0</coordinates>
        </Point>
      </Placemark>
      <Placemark>
        <name>Duiwelsvuur - Month 7</name>
        <description>Waterhole: Duiwelsvuur, Month: 7, Time: 2010-07-15 13:41:00, Lon: 15.261026, Lat: -18.985382</description>
        <styleUrl>#month7_style</styleUrl>
        <Point>
          <coordinates>15.261026,-18.985382,0</coordinates>
        </Point>
      </Placemark>
      <Placemark>
        <name>Duiwelsvuur - Month 7</name>
        <description>Waterhole: Duiwelsvuur, Month: 7, Time: 2010-07-15 14:01:00, Lon: 15.261365, Lat: -18.984477</description>
        <styleUrl>#month7_style</styleUrl>
        <Point>
          <coordinates>15.261365,-18.984477,0</coordinates>
        </Point>
      </Placemark>
      <Placemark>
        <name>Duiwelsvuur - Month 7</name>
        <description>Waterhole: Duiwelsvuur, Month: 7, Time: 2010-07-15 14:21:00, Lon: 15.261492, Lat: -18.984249</description>
        <styleUrl>#month7_style</styleUrl>
        <Point>
          <coordinates>15.261492,-18.984249,0</coordinates>
        </Point>
      </Placemark>
      <Placemark>
        <name>Duiwelsvuur - Month 7</name>
        <description>Waterhole: Duiwelsvuur, Month: 7, Time: 2010-07-15 14:41:00, Lon: 15.261590, Lat: -18.983752</description>
        <styleUrl>#month7_style</styleUrl>
        <Point>
          <coordinates>15.261590,-18.983752,0</coordinates>
        </Point>
      </Placemark>
      <Placemark>
        <name>Duiwelsvuur - Month 7</name>
        <description>Waterhole: Duiwelsvuur, Month: 7, Time: 2010-07-15 15:01:00, Lon: 15.261733, Lat: -18.983476</description>
        <styleUrl>#month7_style</styleUrl>
        <Point>
          <coordinates>15.261733,-18.983476,0</coordinates>
        </Point>
      </Placemark>
      <Placemark>
        <name>Duiwelsvuur - Month 7</name>
        <description>Waterhole: Duiwelsvuur, Month: 7, Time: 2010-07-15 15:21:00, Lon: 15.261686, Lat: -18.983325</description>
        <styleUrl>#month7_style</styleUrl>
        <Point>
          <coordinates>15.261686,-18.983325,0</coordinates>
        </Point>
      </Placemark>
      <Placemark>
        <name>Duiwelsvuur - Month 7</name>
        <description>Waterhole: Duiwelsvuur, Month: 7, Time: 2010-07-15 15:41:00, Lon: 15.261995, Lat: -18.982839</description>
        <styleUrl>#month7_style</styleUrl>
        <Point>
          <coordinates>15.261995,-18.982839,0</coordinates>
        </Point>
      </Placemark>
      <Placemark>
        <name>Duiwelsvuur - Month 7</name>
        <description>Waterhole: Duiwelsvuur, Month: 7, Time: 2010-07-15 16:01:00, Lon: 15.263747, Lat: -18.980585</description>
        <styleUrl>#month7_style</styleUrl>
        <Point>
          <coordinates>15.263747,-18.980585,0</coordinates>
        </Point>
      </Placemark>
      <Placemark>
        <name>Duiwelsvuur - Month 7</name>
        <description>Waterhole: Duiwelsvuur, Month: 7, Time: 2010-07-15 16:21:00, Lon: 15.264221, Lat: -18.980359</description>
        <styleUrl>#month7_style</styleUrl>
        <Point>
          <coordinates>15.264221,-18.980359,0</coordinates>
        </Point>
      </Placemark>
      <Placemark>
        <name>Sonderkop waterhole - Month 7</name>
        <description>Waterhole: Sonderkop waterhole, Month: 7, Time: 2010-07-16 15:01:00, Lon: 15.328251, Lat: -18.968996</description>
        <styleUrl>#month7_style</styleUrl>
        <Point>
          <coordinates>15.328251,-18.968996,0</coordinates>
        </Point>
      </Placemark>
      <Placemark>
        <name>Sonderkop waterhole - Month 7</name>
        <description>Waterhole: Sonderkop waterhole, Month: 7, Time: 2010-07-16 15:21:00, Lon: 15.328269, Lat: -18.968962</description>
        <styleUrl>#month7_style</styleUrl>
        <Point>
          <coordinates>15.328269,-18.968962,0</coordinates>
        </Point>
      </Placemark>
      <Placemark>
        <name>Sonderkop waterhole - Month 7</name>
        <description>Waterhole: Sonderkop waterhole, Month: 7, Time: 2010-07-16 15:41:00, Lon: 15.328766, Lat: -18.969283</description>
        <styleUrl>#month7_style</styleUrl>
        <Point>
          <coordinates>15.328766,-18.969283,0</coordinates>
        </Point>
      </Placemark>
      <Placemark>
        <name>Sonderkop waterhole - Month 7</name>
        <description>Waterhole: Sonderkop waterhole, Month: 7, Time: 2010-07-16 16:01:00, Lon: 15.325392, Lat: -18.975907</description>
        <styleUrl>#month7_style</styleUrl>
        <Point>
          <coordinates>15.325392,-18.975907,0</coordinates>
        </Point>
      </Placemark>
      <Placemark>
        <name>Sonderkop waterhole - Month 7</name>
        <description>Waterhole: Sonderkop waterhole, Month: 7, Time: 2010-07-17 16:41:00, Lon: 15.322924, Lat: -18.971110</description>
        <styleUrl>#month7_style</styleUrl>
        <Point>
          <coordinates>15.322924,-18.971110,0</coordinates>
        </Point>
      </Placemark>
      <Placemark>
        <name>Sonderkop waterhole - Month 7</name>
        <description>Waterhole: Sonderkop waterhole, Month: 7, Time: 2010-07-17 17:01:00, Lon: 15.327018, Lat: -18.968935</description>
        <styleUrl>#month7_style</styleUrl>
        <Point>
          <coordinates>15.327018,-18.968935,0</coordinates>
        </Point>
      </Placemark>
      <Placemark>
        <name>Sonderkop waterhole - Month 7</name>
        <description>Waterhole: Sonderkop waterhole, Month: 7, Time: 2010-07-17 17:21:00, Lon: 15.327742, Lat: -18.968921</description>
        <styleUrl>#month7_style</styleUrl>
        <Point>
          <coordinates>15.327742,-18.968921,0</coordinates>
        </Point>
      </Placemark>
      <Placemark>
        <name>Sonderkop waterhole - Month 7</name>
        <description>Waterhole: Sonderkop waterhole, Month: 7, Time: 2010-07-17 17:41:00, Lon: 15.323372, Lat: -18.968972</description>
        <styleUrl>#month7_style</styleUrl>
        <Point>
          <coordinates>15.323372,-18.968972,0</coordinates>
        </Point>
      </Placemark>
      <Placemark>
        <name>Sonderkop waterhole - Month 7</name>
        <description>Waterhole: Sonderkop waterhole, Month: 7, Time: 2010-07-17 18:01:00, Lon: 15.320686, Lat: -18.969682</description>
        <styleUrl>#month7_style</styleUrl>
        <Point>
          <coordinates>15.320686,-18.969682,0</coordinates>
        </Point>
      </Placemark>
      <Placemark>
        <name>Duiwelsvuur - Month 7</name>
        <description>Waterhole: Duiwelsvuur, Month: 7, Time: 2010-07-17 21:21:00, Lon: 15.259723, Lat: -18.987795</description>
        <styleUrl>#month7_style</styleUrl>
        <Point>
          <coordinates>15.259723,-18.987795,0</coordinates>
        </Point>
      </Placemark>
      <Placemark>
        <name>Duiwelsvuur - Month 7</name>
        <description>Waterhole: Duiwelsvuur, Month: 7, Time: 2010-07-17 21:41:00, Lon: 15.264787, Lat: -18.995793</description>
        <styleUrl>#month7_style</styleUrl>
        <Point>
          <coordinates>15.264787,-18.995793,0</coordinates>
        </Point>
      </Placemark>
      <Placemark>
        <name>Duiwelsvuur - Month 7</name>
        <description>Waterhole: Duiwelsvuur, Month: 7, Time: 2010-07-18 09:41:00, Lon: 15.256786, Lat: -18.994379</description>
        <styleUrl>#month7_style</styleUrl>
        <Point>
          <coordinates>15.256786,-18.994379,0</coordinates>
        </Point>
      </Placemark>
      <Placemark>
        <name>Duiwelsvuur - Month 7</name>
        <description>Waterhole: Duiwelsvuur, Month: 7, Time: 2010-07-18 10:01:00, Lon: 15.259670, Lat: -18.987738</description>
        <styleUrl>#month7_style</styleUrl>
        <Point>
          <coordinates>15.259670,-18.987738,0</coordinates>
        </Point>
      </Placemark>
      <Placemark>
        <name>Duiwelsvuur - Month 7</name>
        <description>Waterhole: Duiwelsvuur, Month: 7, Time: 2010-07-18 10:21:00, Lon: 15.259694, Lat: -18.987681</description>
        <styleUrl>#month7_style</styleUrl>
        <Point>
          <coordinates>15.259694,-18.987681,0</coordinates>
        </Point>
      </Placemark>
      <Placemark>
        <name>Duiwelsvuur - Month 7</name>
        <description>Waterhole: Duiwelsvuur, Month: 7, Time: 2010-07-18 10:41:00, Lon: 15.259716, Lat: -18.987642</description>
        <styleUrl>#month7_style</styleUrl>
        <Point>
          <coordinates>15.259716,-18.987642,0</coordinates>
        </Point>
      </Placemark>
      <Placemark>
        <name>Duiwelsvuur - Month 7</name>
        <description>Waterhole: Duiwelsvuur, Month: 7, Time: 2010-07-18 11:01:00, Lon: 15.259713, Lat: -18.987640</description>
        <styleUrl>#month7_style</styleUrl>
        <Point>
          <coordinates>15.259713,-18.987640,0</coordinates>
        </Point>
      </Placemark>
      <Placemark>
        <name>Duiwelsvuur - Month 7</name>
        <description>Waterhole: Duiwelsvuur, Month: 7, Time: 2010-07-18 11:21:00, Lon: 15.259737, Lat: -18.987620</description>
        <styleUrl>#month7_style</styleUrl>
        <Point>
          <coordinates>15.259737,-18.987620,0</coordinates>
        </Point>
      </Placemark>
      <Placemark>
        <name>Duiwelsvuur - Month 7</name>
        <description>Waterhole: Duiwelsvuur, Month: 7, Time: 2010-07-18 11:41:00, Lon: 15.259247, Lat: -18.986981</description>
        <styleUrl>#month7_style</styleUrl>
        <Point>
          <coordinates>15.259247,-18.986981,0</coordinates>
        </Point>
      </Placemark>
      <Placemark>
        <name>Duiwelsvuur - Month 7</name>
        <description>Waterhole: Duiwelsvuur, Month: 7, Time: 2010-07-18 12:01:00, Lon: 15.258695, Lat: -18.987120</description>
        <styleUrl>#month7_style</styleUrl>
        <Point>
          <coordinates>15.258695,-18.987120,0</coordinates>
        </Point>
      </Placemark>
      <Placemark>
        <name>Duiwelsvuur - Month 7</name>
        <description>Waterhole: Duiwelsvuur, Month: 7, Time: 2010-07-18 12:21:00, Lon: 15.258760, Lat: -18.985120</description>
        <styleUrl>#month7_style</styleUrl>
        <Point>
          <coordinates>15.258760,-18.985120,0</coordinates>
        </Point>
      </Placemark>
      <Placemark>
        <name>Duiwelsvuur - Month 7</name>
        <description>Waterhole: Duiwelsvuur, Month: 7, Time: 2010-07-18 12:41:00, Lon: 15.259035, Lat: -18.985010</description>
        <styleUrl>#month7_style</styleUrl>
        <Point>
          <coordinates>15.259035,-18.985010,0</coordinates>
        </Point>
      </Placemark>
      <Placemark>
        <name>Duiwelsvuur - Month 7</name>
        <description>Waterhole: Duiwelsvuur, Month: 7, Time: 2010-07-18 13:01:00, Lon: 15.259187, Lat: -18.985345</description>
        <styleUrl>#month7_style</styleUrl>
        <Point>
          <coordinates>15.259187,-18.985345,0</coordinates>
        </Point>
      </Placemark>
      <Placemark>
        <name>Duiwelsvuur - Month 7</name>
        <description>Waterhole: Duiwelsvuur, Month: 7, Time: 2010-07-18 13:21:00, Lon: 15.259238, Lat: -18.985643</description>
        <styleUrl>#month7_style</styleUrl>
        <Point>
          <coordinates>15.259238,-18.985643,0</coordinates>
        </Point>
      </Placemark>
      <Placemark>
        <name>Duiwelsvuur - Month 7</name>
        <description>Waterhole: Duiwelsvuur, Month: 7, Time: 2010-07-18 13:41:00, Lon: 15.259609, Lat: -18.986477</description>
        <styleUrl>#month7_style</styleUrl>
        <Point>
          <coordinates>15.259609,-18.986477,0</coordinates>
        </Point>
      </Placemark>
      <Placemark>
        <name>Duiwelsvuur - Month 7</name>
        <description>Waterhole: Duiwelsvuur, Month: 7, Time: 2010-07-18 14:01:00, Lon: 15.259735, Lat: -18.987423</description>
        <styleUrl>#month7_style</styleUrl>
        <Point>
          <coordinates>15.259735,-18.987423,0</coordinates>
        </Point>
      </Placemark>
      <Placemark>
        <name>Duiwelsvuur - Month 7</name>
        <description>Waterhole: Duiwelsvuur, Month: 7, Time: 2010-07-18 14:21:00, Lon: 15.261231, Lat: -18.986351</description>
        <styleUrl>#month7_style</styleUrl>
        <Point>
          <coordinates>15.261231,-18.986351,0</coordinates>
        </Point>
      </Placemark>
      <Placemark>
        <name>Duiwelsvuur - Month 7</name>
        <description>Waterhole: Duiwelsvuur, Month: 7, Time: 2010-07-18 14:41:00, Lon: 15.262546, Lat: -18.984855</description>
        <styleUrl>#month7_style</styleUrl>
        <Point>
          <coordinates>15.262546,-18.984855,0</coordinates>
        </Point>
      </Placemark>
      <Placemark>
        <name>Duiwelsvuur - Month 7</name>
        <description>Waterhole: Duiwelsvuur, Month: 7, Time: 2010-07-18 15:01:00, Lon: 15.263305, Lat: -18.983927</description>
        <styleUrl>#month7_style</styleUrl>
        <Point>
          <coordinates>15.263305,-18.983927,0</coordinates>
        </Point>
      </Placemark>
      <Placemark>
        <name>Duiwelsvuur - Month 7</name>
        <description>Waterhole: Duiwelsvuur, Month: 7, Time: 2010-07-18 15:21:00, Lon: 15.265039, Lat: -18.981635</description>
        <styleUrl>#month7_style</styleUrl>
        <Point>
          <coordinates>15.265039,-18.981635,0</coordinates>
        </Point>
      </Placemark>
      <Placemark>
        <name>Duiwelsvuur - Month 7</name>
        <description>Waterhole: Duiwelsvuur, Month: 7, Time: 2010-07-19 11:01:00, Lon: 15.264948, Lat: -18.987537</description>
        <styleUrl>#month7_style</styleUrl>
        <Point>
          <coordinates>15.264948,-18.987537,0</coordinates>
        </Point>
      </Placemark>
      <Placemark>
        <name>Duiwelsvuur - Month 7</name>
        <description>Waterhole: Duiwelsvuur, Month: 7, Time: 2010-07-19 11:21:00, Lon: 15.259694, Lat: -18.988039</description>
        <styleUrl>#month7_style</styleUrl>
        <Point>
          <coordinates>15.259694,-18.988039,0</coordinates>
        </Point>
      </Placemark>
      <Placemark>
        <name>Duiwelsvuur - Month 7</name>
        <description>Waterhole: Duiwelsvuur, Month: 7, Time: 2010-07-19 11:41:00, Lon: 15.259744, Lat: -18.987856</description>
        <styleUrl>#month7_style</styleUrl>
        <Point>
          <coordinates>15.259744,-18.987856,0</coordinates>
        </Point>
      </Placemark>
      <Placemark>
        <name>Duiwelsvuur - Month 7</name>
        <description>Waterhole: Duiwelsvuur, Month: 7, Time: 2010-07-19 12:01:00, Lon: 15.259778, Lat: -18.987866</description>
        <styleUrl>#month7_style</styleUrl>
        <Point>
          <coordinates>15.259778,-18.987866,0</coordinates>
        </Point>
      </Placemark>
      <Placemark>
        <name>Duiwelsvuur - Month 7</name>
        <description>Waterhole: Duiwelsvuur, Month: 7, Time: 2010-07-19 12:21:00, Lon: 15.259772, Lat: -18.987874</description>
        <styleUrl>#month7_style</styleUrl>
        <Point>
          <coordinates>15.259772,-18.987874,0</coordinates>
        </Point>
      </Placemark>
      <Placemark>
        <name>Duiwelsvuur - Month 7</name>
        <description>Waterhole: Duiwelsvuur, Month: 7, Time: 2010-07-19 12:41:00, Lon: 15.259763, Lat: -18.987882</description>
        <styleUrl>#month7_style</styleUrl>
        <Point>
          <coordinates>15.259763,-18.987882,0</coordinates>
        </Point>
      </Placemark>
      <Placemark>
        <name>Duiwelsvuur - Month 7</name>
        <description>Waterhole: Duiwelsvuur, Month: 7, Time: 2010-07-19 13:01:00, Lon: 15.259724, Lat: -18.987622</description>
        <styleUrl>#month7_style</styleUrl>
        <Point>
          <coordinates>15.259724,-18.987622,0</coordinates>
        </Point>
      </Placemark>
      <Placemark>
        <name>Duiwelsvuur - Month 7</name>
        <description>Waterhole: Duiwelsvuur, Month: 7, Time: 2010-07-19 13:21:00, Lon: 15.259749, Lat: -18.987683</description>
        <styleUrl>#month7_style</styleUrl>
        <Point>
          <coordinates>15.259749,-18.987683,0</coordinates>
        </Point>
      </Placemark>
      <Placemark>
        <name>Duiwelsvuur - Month 7</name>
        <description>Waterhole: Duiwelsvuur, Month: 7, Time: 2010-07-19 13:41:00, Lon: 15.259707, Lat: -18.987667</description>
        <styleUrl>#month7_style</styleUrl>
        <Point>
          <coordinates>15.259707,-18.987667,0</coordinates>
        </Point>
      </Placemark>
      <Placemark>
        <name>Duiwelsvuur - Month 7</name>
        <description>Waterhole: Duiwelsvuur, Month: 7, Time: 2010-07-19 14:01:00, Lon: 15.259709, Lat: -18.987571</description>
        <styleUrl>#month7_style</styleUrl>
        <Point>
          <coordinates>15.259709,-18.987571,0</coordinates>
        </Point>
      </Placemark>
      <Placemark>
        <name>Duiwelsvuur - Month 7</name>
        <description>Waterhole: Duiwelsvuur, Month: 7, Time: 2010-07-19 14:21:00, Lon: 15.259780, Lat: -18.987646</description>
        <styleUrl>#month7_style</styleUrl>
        <Point>
          <coordinates>15.259780,-18.987646,0</coordinates>
        </Point>
      </Placemark>
      <Placemark>
        <name>Duiwelsvuur - Month 7</name>
        <description>Waterhole: Duiwelsvuur, Month: 7, Time: 2010-07-19 14:41:00, Lon: 15.259957, Lat: -18.986397</description>
        <styleUrl>#month7_style</styleUrl>
        <Point>
          <coordinates>15.259957,-18.986397,0</coordinates>
        </Point>
      </Placemark>
      <Placemark>
        <name>Duiwelsvuur - Month 7</name>
        <description>Waterhole: Duiwelsvuur, Month: 7, Time: 2010-07-19 15:01:00, Lon: 15.259768, Lat: -18.983708</description>
        <styleUrl>#month7_style</styleUrl>
        <Point>
          <coordinates>15.259768,-18.983708,0</coordinates>
        </Point>
      </Placemark>
      <Placemark>
        <name>Duiwelsvuur - Month 7</name>
        <description>Waterhole: Duiwelsvuur, Month: 7, Time: 2010-07-19 15:21:00, Lon: 15.259566, Lat: -18.983417</description>
        <styleUrl>#month7_style</styleUrl>
        <Point>
          <coordinates>15.259566,-18.983417,0</coordinates>
        </Point>
      </Placemark>
      <Placemark>
        <name>Duiwelsvuur - Month 7</name>
        <description>Waterhole: Duiwelsvuur, Month: 7, Time: 2010-07-19 15:41:00, Lon: 15.259390, Lat: -18.983075</description>
        <styleUrl>#month7_style</styleUrl>
        <Point>
          <coordinates>15.259390,-18.983075,0</coordinates>
        </Point>
      </Placemark>
      <Placemark>
        <name>Duiwelsvuur - Month 7</name>
        <description>Waterhole: Duiwelsvuur, Month: 7, Time: 2010-07-19 16:01:00, Lon: 15.258301, Lat: -18.982711</description>
        <styleUrl>#month7_style</styleUrl>
        <Point>
          <coordinates>15.258301,-18.982711,0</coordinates>
        </Point>
      </Placemark>
      <Placemark>
        <name>Duiwelsvuur - Month 7</name>
        <description>Waterhole: Duiwelsvuur, Month: 7, Time: 2010-07-19 16:21:00, Lon: 15.258154, Lat: -18.981224</description>
        <styleUrl>#month7_style</styleUrl>
        <Point>
          <coordinates>15.258154,-18.981224,0</coordinates>
        </Point>
      </Placemark>
      <Placemark>
        <name>Duiwelsvuur - Month 7</name>
        <description>Waterhole: Duiwelsvuur, Month: 7, Time: 2010-07-20 11:21:00, Lon: 15.261148, Lat: -18.986507</description>
        <styleUrl>#month7_style</styleUrl>
        <Point>
          <coordinates>15.261148,-18.986507,0</coordinates>
        </Point>
      </Placemark>
      <Placemark>
        <name>Duiwelsvuur - Month 7</name>
        <description>Waterhole: Duiwelsvuur, Month: 7, Time: 2010-07-20 11:41:00, Lon: 15.259711, Lat: -18.987636</description>
        <styleUrl>#month7_style</styleUrl>
        <Point>
          <coordinates>15.259711,-18.987636,0</coordinates>
        </Point>
      </Placemark>
      <Placemark>
        <name>Duiwelsvuur - Month 7</name>
        <description>Waterhole: Duiwelsvuur, Month: 7, Time: 2010-07-20 12:01:00, Lon: 15.259773, Lat: -18.987585</description>
        <styleUrl>#month7_style</styleUrl>
        <Point>
          <coordinates>15.259773,-18.987585,0</coordinates>
        </Point>
      </Placemark>
      <Placemark>
        <name>Duiwelsvuur - Month 7</name>
        <description>Waterhole: Duiwelsvuur, Month: 7, Time: 2010-07-20 12:41:00, Lon: 15.259645, Lat: -18.987667</description>
        <styleUrl>#month7_style</styleUrl>
        <Point>
          <coordinates>15.259645,-18.987667,0</coordinates>
        </Point>
      </Placemark>
      <Placemark>
        <name>Duiwelsvuur - Month 7</name>
        <description>Waterhole: Duiwelsvuur, Month: 7, Time: 2010-07-20 13:01:00, Lon: 15.259728, Lat: -18.988027</description>
        <styleUrl>#month7_style</styleUrl>
        <Point>
          <coordinates>15.259728,-18.988027,0</coordinates>
        </Point>
      </Placemark>
      <Placemark>
        <name>Duiwelsvuur - Month 7</name>
        <description>Waterhole: Duiwelsvuur, Month: 7, Time: 2010-07-20 13:21:00, Lon: 15.260029, Lat: -18.985484</description>
        <styleUrl>#month7_style</styleUrl>
        <Point>
          <coordinates>15.260029,-18.985484,0</coordinates>
        </Point>
      </Placemark>
      <Placemark>
        <name>Duiwelsvuur - Month 7</name>
        <description>Waterhole: Duiwelsvuur, Month: 7, Time: 2010-07-20 13:41:00, Lon: 15.260159, Lat: -18.984566</description>
        <styleUrl>#month7_style</styleUrl>
        <Point>
          <coordinates>15.260159,-18.984566,0</coordinates>
        </Point>
      </Placemark>
      <Placemark>
        <name>Duiwelsvuur - Month 7</name>
        <description>Waterhole: Duiwelsvuur, Month: 7, Time: 2010-07-20 14:01:00, Lon: 15.260853, Lat: -18.982890</description>
        <styleUrl>#month7_style</styleUrl>
        <Point>
          <coordinates>15.260853,-18.982890,0</coordinates>
        </Point>
      </Placemark>
      <Placemark>
        <name>Duiwelsvuur - Month 7</name>
        <description>Waterhole: Duiwelsvuur, Month: 7, Time: 2010-07-20 14:21:00, Lon: 15.260772, Lat: -18.982257</description>
        <styleUrl>#month7_style</styleUrl>
        <Point>
          <coordinates>15.260772,-18.982257,0</coordinates>
        </Point>
      </Placemark>
      <Placemark>
        <name>Duiwelsvuur - Month 7</name>
        <description>Waterhole: Duiwelsvuur, Month: 7, Time: 2010-07-20 14:41:00, Lon: 15.260701, Lat: -18.981726</description>
        <styleUrl>#month7_style</styleUrl>
        <Point>
          <coordinates>15.260701,-18.981726,0</coordinates>
        </Point>
      </Placemark>
      <Placemark>
        <name>Duiwelsvuur - Month 7</name>
        <description>Waterhole: Duiwelsvuur, Month: 7, Time: 2010-07-20 15:01:00, Lon: 15.260686, Lat: -18.981431</description>
        <styleUrl>#month7_style</styleUrl>
        <Point>
          <coordinates>15.260686,-18.981431,0</coordinates>
        </Point>
      </Placemark>
      <Placemark>
        <name>Duiwelsvuur - Month 7</name>
        <description>Waterhole: Duiwelsvuur, Month: 7, Time: 2010-07-20 15:21:00, Lon: 15.260397, Lat: -18.981578</description>
        <styleUrl>#month7_style</styleUrl>
        <Point>
          <coordinates>15.260397,-18.981578,0</coordinates>
        </Point>
      </Placemark>
      <Placemark>
        <name>Duiwelsvuur - Month 7</name>
        <description>Waterhole: Duiwelsvuur, Month: 7, Time: 2010-07-20 15:41:00, Lon: 15.260072, Lat: -18.981893</description>
        <styleUrl>#month7_style</styleUrl>
        <Point>
          <coordinates>15.260072,-18.981893,0</coordinates>
        </Point>
      </Placemark>
      <Placemark>
        <name>Duiwelsvuur - Month 7</name>
        <description>Waterhole: Duiwelsvuur, Month: 7, Time: 2010-07-20 16:01:00, Lon: 15.260431, Lat: -18.982249</description>
        <styleUrl>#month7_style</styleUrl>
        <Point>
          <coordinates>15.260431,-18.982249,0</coordinates>
        </Point>
      </Placemark>
      <Placemark>
        <name>Duiwelsvuur - Month 7</name>
        <description>Waterhole: Duiwelsvuur, Month: 7, Time: 2010-07-21 09:21:00, Lon: 15.267579, Lat: -18.992120</description>
        <styleUrl>#month7_style</styleUrl>
        <Point>
          <coordinates>15.267579,-18.992120,0</coordinates>
        </Point>
      </Placemark>
      <Placemark>
        <name>Duiwelsvuur - Month 7</name>
        <description>Waterhole: Duiwelsvuur, Month: 7, Time: 2010-07-21 09:41:00, Lon: 15.263263, Lat: -18.989402</description>
        <styleUrl>#month7_style</styleUrl>
        <Point>
          <coordinates>15.263263,-18.989402,0</coordinates>
        </Point>
      </Placemark>
      <Placemark>
        <name>Duiwelsvuur - Month 7</name>
        <description>Waterhole: Duiwelsvuur, Month: 7, Time: 2010-07-21 10:01:00, Lon: 15.259727, Lat: -18.987742</description>
        <styleUrl>#month7_style</styleUrl>
        <Point>
          <coordinates>15.259727,-18.987742,0</coordinates>
        </Point>
      </Placemark>
      <Placemark>
        <name>Duiwelsvuur - Month 7</name>
        <description>Waterhole: Duiwelsvuur, Month: 7, Time: 2010-07-21 10:21:00, Lon: 15.259751, Lat: -18.987716</description>
        <styleUrl>#month7_style</styleUrl>
        <Point>
          <coordinates>15.259751,-18.987716,0</coordinates>
        </Point>
      </Placemark>
      <Placemark>
        <name>Duiwelsvuur - Month 7</name>
        <description>Waterhole: Duiwelsvuur, Month: 7, Time: 2010-07-21 10:41:00, Lon: 15.259717, Lat: -18.987624</description>
        <styleUrl>#month7_style</styleUrl>
        <Point>
          <coordinates>15.259717,-18.987624,0</coordinates>
        </Point>
      </Placemark>
      <Placemark>
        <name>Duiwelsvuur - Month 7</name>
        <description>Waterhole: Duiwelsvuur, Month: 7, Time: 2010-07-21 11:01:00, Lon: 15.259770, Lat: -18.987695</description>
        <styleUrl>#month7_style</styleUrl>
        <Point>
          <coordinates>15.259770,-18.987695,0</coordinates>
        </Point>
      </Placemark>
      <Placemark>
        <name>Duiwelsvuur - Month 7</name>
        <description>Waterhole: Duiwelsvuur, Month: 7, Time: 2010-07-21 11:21:00, Lon: 15.259777, Lat: -18.987653</description>
        <styleUrl>#month7_style</styleUrl>
        <Point>
          <coordinates>15.259777,-18.987653,0</coordinates>
        </Point>
      </Placemark>
      <Placemark>
        <name>Duiwelsvuur - Month 7</name>
        <description>Waterhole: Duiwelsvuur, Month: 7, Time: 2010-07-21 11:41:00, Lon: 15.259943, Lat: -18.985842</description>
        <styleUrl>#month7_style</styleUrl>
        <Point>
          <coordinates>15.259943,-18.985842,0</coordinates>
        </Point>
      </Placemark>
      <Placemark>
        <name>Duiwelsvuur - Month 7</name>
        <description>Waterhole: Duiwelsvuur, Month: 7, Time: 2010-07-21 12:01:00, Lon: 15.259389, Lat: -18.984224</description>
        <styleUrl>#month7_style</styleUrl>
        <Point>
          <coordinates>15.259389,-18.984224,0</coordinates>
        </Point>
      </Placemark>
      <Placemark>
        <name>Duiwelsvuur - Month 7</name>
        <description>Waterhole: Duiwelsvuur, Month: 7, Time: 2010-07-21 12:21:00, Lon: 15.258997, Lat: -18.983752</description>
        <styleUrl>#month7_style</styleUrl>
        <Point>
          <coordinates>15.258997,-18.983752,0</coordinates>
        </Point>
      </Placemark>
      <Placemark>
        <name>Duiwelsvuur - Month 7</name>
        <description>Waterhole: Duiwelsvuur, Month: 7, Time: 2010-07-21 12:41:00, Lon: 15.258983, Lat: -18.983691</description>
        <styleUrl>#month7_style</styleUrl>
        <Point>
          <coordinates>15.258983,-18.983691,0</coordinates>
        </Point>
      </Placemark>
      <Placemark>
        <name>Duiwelsvuur - Month 7</name>
        <description>Waterhole: Duiwelsvuur, Month: 7, Time: 2010-07-21 13:01:00, Lon: 15.258730, Lat: -18.983470</description>
        <styleUrl>#month7_style</styleUrl>
        <Point>
          <coordinates>15.258730,-18.983470,0</coordinates>
        </Point>
      </Placemark>
      <Placemark>
        <name>Duiwelsvuur - Month 7</name>
        <description>Waterhole: Duiwelsvuur, Month: 7, Time: 2010-07-21 13:21:00, Lon: 15.257961, Lat: -18.982969</description>
        <styleUrl>#month7_style</styleUrl>
        <Point>
          <coordinates>15.257961,-18.982969,0</coordinates>
        </Point>
      </Placemark>
      <Placemark>
        <name>Duiwelsvuur - Month 7</name>
        <description>Waterhole: Duiwelsvuur, Month: 7, Time: 2010-07-21 13:41:00, Lon: 15.257404, Lat: -18.982320</description>
        <styleUrl>#month7_style</styleUrl>
        <Point>
          <coordinates>15.257404,-18.982320,0</coordinates>
        </Point>
      </Placemark>
      <Placemark>
        <name>Duiwelsvuur - Month 7</name>
        <description>Waterhole: Duiwelsvuur, Month: 7, Time: 2010-07-21 14:01:00, Lon: 15.257100, Lat: -18.981862</description>
        <styleUrl>#month7_style</styleUrl>
        <Point>
          <coordinates>15.257100,-18.981862,0</coordinates>
        </Point>
      </Placemark>
      <Placemark>
        <name>Duiwelsvuur - Month 7</name>
        <description>Waterhole: Duiwelsvuur, Month: 7, Time: 2010-07-21 14:21:00, Lon: 15.257088, Lat: -18.981877</description>
        <styleUrl>#month7_style</styleUrl>
        <Point>
          <coordinates>15.257088,-18.981877,0</coordinates>
        </Point>
      </Placemark>
      <Placemark>
        <name>Duiwelsvuur - Month 7</name>
        <description>Waterhole: Duiwelsvuur, Month: 7, Time: 2010-07-21 14:41:00, Lon: 15.257070, Lat: -18.981866</description>
        <styleUrl>#month7_style</styleUrl>
        <Point>
          <coordinates>15.257070,-18.981866,0</coordinates>
        </Point>
      </Placemark>
      <Placemark>
        <name>Duiwelsvuur - Month 7</name>
        <description>Waterhole: Duiwelsvuur, Month: 7, Time: 2010-07-21 15:01:00, Lon: 15.257081, Lat: -18.981897</description>
        <styleUrl>#month7_style</styleUrl>
        <Point>
          <coordinates>15.257081,-18.981897,0</coordinates>
        </Point>
      </Placemark>
      <Placemark>
        <name>Duiwelsvuur - Month 7</name>
        <description>Waterhole: Duiwelsvuur, Month: 7, Time: 2010-07-21 15:21:00, Lon: 15.257210, Lat: -18.981582</description>
        <styleUrl>#month7_style</styleUrl>
        <Point>
          <coordinates>15.257210,-18.981582,0</coordinates>
        </Point>
      </Placemark>
      <Placemark>
        <name>Duiwelsvuur - Month 7</name>
        <description>Waterhole: Duiwelsvuur, Month: 7, Time: 2010-07-21 15:41:00, Lon: 15.257290, Lat: -18.981655</description>
        <styleUrl>#month7_style</styleUrl>
        <Point>
          <coordinates>15.257290,-18.981655,0</coordinates>
        </Point>
      </Placemark>
      <Placemark>
        <name>Duiwelsvuur - Month 7</name>
        <description>Waterhole: Duiwelsvuur, Month: 7, Time: 2010-07-21 16:01:00, Lon: 15.257262, Lat: -18.981639</description>
        <styleUrl>#month7_style</styleUrl>
        <Point>
          <coordinates>15.257262,-18.981639,0</coordinates>
        </Point>
      </Placemark>
      <Placemark>
        <name>Duiwelsvuur - Month 7</name>
        <description>Waterhole: Duiwelsvuur, Month: 7, Time: 2010-07-21 16:21:00, Lon: 15.257179, Lat: -18.981962</description>
        <styleUrl>#month7_style</styleUrl>
        <Point>
          <coordinates>15.257179,-18.981962,0</coordinates>
        </Point>
      </Placemark>
      <Placemark>
        <name>Duiwelsvuur - Month 7</name>
        <description>Waterhole: Duiwelsvuur, Month: 7, Time: 2010-07-21 16:41:00, Lon: 15.256391, Lat: -18.982530</description>
        <styleUrl>#month7_style</styleUrl>
        <Point>
          <coordinates>15.256391,-18.982530,0</coordinates>
        </Point>
      </Placemark>
      <Placemark>
        <name>Duiwelsvuur - Month 7</name>
        <description>Waterhole: Duiwelsvuur, Month: 7, Time: 2010-07-21 17:01:00, Lon: 15.256405, Lat: -18.983512</description>
        <styleUrl>#month7_style</styleUrl>
        <Point>
          <coordinates>15.256405,-18.983512,0</coordinates>
        </Point>
      </Placemark>
      <Placemark>
        <name>Duiwelsvuur - Month 7</name>
        <description>Waterhole: Duiwelsvuur, Month: 7, Time: 2010-07-21 17:21:00, Lon: 15.256373, Lat: -18.983934</description>
        <styleUrl>#month7_style</styleUrl>
        <Point>
          <coordinates>15.256373,-18.983934,0</coordinates>
        </Point>
      </Placemark>
      <Placemark>
        <name>Duiwelsvuur - Month 7</name>
        <description>Waterhole: Duiwelsvuur, Month: 7, Time: 2010-07-21 17:41:00, Lon: 15.255143, Lat: -18.986292</description>
        <styleUrl>#month7_style</styleUrl>
        <Point>
          <coordinates>15.255143,-18.986292,0</coordinates>
        </Point>
      </Placemark>
      <Placemark>
        <name>Duiwelsvuur - Month 7</name>
        <description>Waterhole: Duiwelsvuur, Month: 7, Time: 2010-07-21 18:01:00, Lon: 15.259710, Lat: -18.987636</description>
        <styleUrl>#month7_style</styleUrl>
        <Point>
          <coordinates>15.259710,-18.987636,0</coordinates>
        </Point>
      </Placemark>
      <Placemark>
        <name>Duiwelsvuur - Month 7</name>
        <description>Waterhole: Duiwelsvuur, Month: 7, Time: 2010-07-21 18:21:00, Lon: 15.261774, Lat: -18.988354</description>
        <styleUrl>#month7_style</styleUrl>
        <Point>
          <coordinates>15.261774,-18.988354,0</coordinates>
        </Point>
      </Placemark>
      <Placemark>
        <name>Duiwelsvuur - Month 7</name>
        <description>Waterhole: Duiwelsvuur, Month: 7, Time: 2010-07-21 18:41:00, Lon: 15.263316, Lat: -18.991140</description>
        <styleUrl>#month7_style</styleUrl>
        <Point>
          <coordinates>15.263316,-18.991140,0</coordinates>
        </Point>
      </Placemark>
      <Placemark>
        <name>Duiwelsvuur - Month 7</name>
        <description>Waterhole: Duiwelsvuur, Month: 7, Time: 2010-07-21 19:01:00, Lon: 15.264483, Lat: -18.995294</description>
        <styleUrl>#month7_style</styleUrl>
        <Point>
          <coordinates>15.264483,-18.995294,0</coordinates>
        </Point>
      </Placemark>
      <Placemark>
        <name>Duiwelsvuur - Month 7</name>
        <description>Waterhole: Duiwelsvuur, Month: 7, Time: 2010-07-22 12:21:00, Lon: 15.259727, Lat: -18.987697</description>
        <styleUrl>#month7_style</styleUrl>
        <Point>
          <coordinates>15.259727,-18.987697,0</coordinates>
        </Point>
      </Placemark>
      <Placemark>
        <name>Duiwelsvuur - Month 7</name>
        <description>Waterhole: Duiwelsvuur, Month: 7, Time: 2010-07-22 12:41:00, Lon: 15.259806, Lat: -18.987974</description>
        <styleUrl>#month7_style</styleUrl>
        <Point>
          <coordinates>15.259806,-18.987974,0</coordinates>
        </Point>
      </Placemark>
      <Placemark>
        <name>Duiwelsvuur - Month 7</name>
        <description>Waterhole: Duiwelsvuur, Month: 7, Time: 2010-07-22 13:01:00, Lon: 15.259781, Lat: -18.988194</description>
        <styleUrl>#month7_style</styleUrl>
        <Point>
          <coordinates>15.259781,-18.988194,0</coordinates>
        </Point>
      </Placemark>
      <Placemark>
        <name>Duiwelsvuur - Month 7</name>
        <description>Waterhole: Duiwelsvuur, Month: 7, Time: 2010-07-22 13:21:00, Lon: 15.260005, Lat: -18.987948</description>
        <styleUrl>#month7_style</styleUrl>
        <Point>
          <coordinates>15.260005,-18.987948,0</coordinates>
        </Point>
      </Placemark>
      <Placemark>
        <name>Duiwelsvuur - Month 7</name>
        <description>Waterhole: Duiwelsvuur, Month: 7, Time: 2010-07-22 13:41:00, Lon: 15.259985, Lat: -18.987964</description>
        <styleUrl>#month7_style</styleUrl>
        <Point>
          <coordinates>15.259985,-18.987964,0</coordinates>
        </Point>
      </Placemark>
      <Placemark>
        <name>Duiwelsvuur - Month 7</name>
        <description>Waterhole: Duiwelsvuur, Month: 7, Time: 2010-07-22 14:01:00, Lon: 15.259689, Lat: -18.987636</description>
        <styleUrl>#month7_style</styleUrl>
        <Point>
          <coordinates>15.259689,-18.987636,0</coordinates>
        </Point>
      </Placemark>
      <Placemark>
        <name>Duiwelsvuur - Month 7</name>
        <description>Waterhole: Duiwelsvuur, Month: 7, Time: 2010-07-22 14:21:00, Lon: 15.259698, Lat: -18.987651</description>
        <styleUrl>#month7_style</styleUrl>
        <Point>
          <coordinates>15.259698,-18.987651,0</coordinates>
        </Point>
      </Placemark>
      <Placemark>
        <name>Duiwelsvuur - Month 7</name>
        <description>Waterhole: Duiwelsvuur, Month: 7, Time: 2010-07-22 14:41:00, Lon: 15.259664, Lat: -18.987710</description>
        <styleUrl>#month7_style</styleUrl>
        <Point>
          <coordinates>15.259664,-18.987710,0</coordinates>
        </Point>
      </Placemark>
      <Placemark>
        <name>Duiwelsvuur - Month 7</name>
        <description>Waterhole: Duiwelsvuur, Month: 7, Time: 2010-07-22 15:01:00, Lon: 15.261332, Lat: -18.985551</description>
        <styleUrl>#month7_style</styleUrl>
        <Point>
          <coordinates>15.261332,-18.985551,0</coordinates>
        </Point>
      </Placemark>
      <Placemark>
        <name>Duiwelsvuur - Month 7</name>
        <description>Waterhole: Duiwelsvuur, Month: 7, Time: 2010-07-22 15:21:00, Lon: 15.262814, Lat: -18.983256</description>
        <styleUrl>#month7_style</styleUrl>
        <Point>
          <coordinates>15.262814,-18.983256,0</coordinates>
        </Point>
      </Placemark>
      <Placemark>
        <name>Duiwelsvuur - Month 7</name>
        <description>Waterhole: Duiwelsvuur, Month: 7, Time: 2010-07-23 10:41:00, Lon: 15.268401, Lat: -18.985852</description>
        <styleUrl>#month7_style</styleUrl>
        <Point>
          <coordinates>15.268401,-18.985852,0</coordinates>
        </Point>
      </Placemark>
      <Placemark>
        <name>Duiwelsvuur - Month 7</name>
        <description>Waterhole: Duiwelsvuur, Month: 7, Time: 2010-07-23 11:01:00, Lon: 15.259771, Lat: -18.987703</description>
        <styleUrl>#month7_style</styleUrl>
        <Point>
          <coordinates>15.259771,-18.987703,0</coordinates>
        </Point>
      </Placemark>
      <Placemark>
        <name>Duiwelsvuur - Month 7</name>
        <description>Waterhole: Duiwelsvuur, Month: 7, Time: 2010-07-23 11:21:00, Lon: 15.259710, Lat: -18.987634</description>
        <styleUrl>#month7_style</styleUrl>
        <Point>
          <coordinates>15.259710,-18.987634,0</coordinates>
        </Point>
      </Placemark>
      <Placemark>
        <name>Duiwelsvuur - Month 7</name>
        <description>Waterhole: Duiwelsvuur, Month: 7, Time: 2010-07-23 11:41:00, Lon: 15.260132, Lat: -18.988531</description>
        <styleUrl>#month7_style</styleUrl>
        <Point>
          <coordinates>15.260132,-18.988531,0</coordinates>
        </Point>
      </Placemark>
      <Placemark>
        <name>Duiwelsvuur - Month 7</name>
        <description>Waterhole: Duiwelsvuur, Month: 7, Time: 2010-07-23 12:01:00, Lon: 15.261731, Lat: -18.988517</description>
        <styleUrl>#month7_style</styleUrl>
        <Point>
          <coordinates>15.261731,-18.988517,0</coordinates>
        </Point>
      </Placemark>
      <Placemark>
        <name>Duiwelsvuur - Month 7</name>
        <description>Waterhole: Duiwelsvuur, Month: 7, Time: 2010-07-23 12:21:00, Lon: 15.263317, Lat: -18.989394</description>
        <styleUrl>#month7_style</styleUrl>
        <Point>
          <coordinates>15.263317,-18.989394,0</coordinates>
        </Point>
      </Placemark>
      <Placemark>
        <name>Duiwelsvuur - Month 7</name>
        <description>Waterhole: Duiwelsvuur, Month: 7, Time: 2010-07-23 12:41:00, Lon: 15.263406, Lat: -18.989461</description>
        <styleUrl>#month7_style</styleUrl>
        <Point>
          <coordinates>15.263406,-18.989461,0</coordinates>
        </Point>
      </Placemark>
      <Placemark>
        <name>Duiwelsvuur - Month 7</name>
        <description>Waterhole: Duiwelsvuur, Month: 7, Time: 2010-07-23 13:01:00, Lon: 15.265538, Lat: -18.990432</description>
        <styleUrl>#month7_style</styleUrl>
        <Point>
          <coordinates>15.265538,-18.990432,0</coordinates>
        </Point>
      </Placemark>
      <Placemark>
        <name>Duiwelsvuur - Month 7</name>
        <description>Waterhole: Duiwelsvuur, Month: 7, Time: 2010-07-23 13:21:00, Lon: 15.268831, Lat: -18.989085</description>
        <styleUrl>#month7_style</styleUrl>
        <Point>
          <coordinates>15.268831,-18.989085,0</coordinates>
        </Point>
      </Placemark>
      <Placemark>
        <name>Duiwelsvuur - Month 7</name>
        <description>Waterhole: Duiwelsvuur, Month: 7, Time: 2010-07-23 15:01:00, Lon: 15.268322, Lat: -18.987964</description>
        <styleUrl>#month7_style</styleUrl>
        <Point>
          <coordinates>15.268322,-18.987964,0</coordinates>
        </Point>
      </Placemark>
      <Placemark>
        <name>Duiwelsvuur - Month 7</name>
        <description>Waterhole: Duiwelsvuur, Month: 7, Time: 2010-07-23 15:21:00, Lon: 15.267586, Lat: -18.988444</description>
        <styleUrl>#month7_style</styleUrl>
        <Point>
          <coordinates>15.267586,-18.988444,0</coordinates>
        </Point>
      </Placemark>
      <Placemark>
        <name>Duiwelsvuur - Month 7</name>
        <description>Waterhole: Duiwelsvuur, Month: 7, Time: 2010-07-23 15:41:00, Lon: 15.267605, Lat: -18.988466</description>
        <styleUrl>#month7_style</styleUrl>
        <Point>
          <coordinates>15.267605,-18.988466,0</coordinates>
        </Point>
      </Placemark>
      <Placemark>
        <name>Duiwelsvuur - Month 7</name>
        <description>Waterhole: Duiwelsvuur, Month: 7, Time: 2010-07-23 16:01:00, Lon: 15.267571, Lat: -18.988475</description>
        <styleUrl>#month7_style</styleUrl>
        <Point>
          <coordinates>15.267571,-18.988475,0</coordinates>
        </Point>
      </Placemark>
      <Placemark>
        <name>Duiwelsvuur - Month 7</name>
        <description>Waterhole: Duiwelsvuur, Month: 7, Time: 2010-07-23 16:21:00, Lon: 15.265178, Lat: -18.991132</description>
        <styleUrl>#month7_style</styleUrl>
        <Point>
          <coordinates>15.265178,-18.991132,0</coordinates>
        </Point>
      </Placemark>
      <Placemark>
        <name>Duiwelsvuur - Month 7</name>
        <description>Waterhole: Duiwelsvuur, Month: 7, Time: 2010-07-24 10:01:00, Lon: 15.259361, Lat: -18.995585</description>
        <styleUrl>#month7_style</styleUrl>
        <Point>
          <coordinates>15.259361,-18.995585,0</coordinates>
        </Point>
      </Placemark>
      <Placemark>
        <name>Duiwelsvuur - Month 7</name>
        <description>Waterhole: Duiwelsvuur, Month: 7, Time: 2010-07-24 10:21:00, Lon: 15.259427, Lat: -18.993144</description>
        <styleUrl>#month7_style</styleUrl>
        <Point>
          <coordinates>15.259427,-18.993144,0</coordinates>
        </Point>
      </Placemark>
      <Placemark>
        <name>Duiwelsvuur - Month 7</name>
        <description>Waterhole: Duiwelsvuur, Month: 7, Time: 2010-07-24 10:41:00, Lon: 15.259512, Lat: -18.988354</description>
        <styleUrl>#month7_style</styleUrl>
        <Point>
          <coordinates>15.259512,-18.988354,0</coordinates>
        </Point>
      </Placemark>
      <Placemark>
        <name>Duiwelsvuur - Month 7</name>
        <description>Waterhole: Duiwelsvuur, Month: 7, Time: 2010-07-24 11:01:00, Lon: 15.259495, Lat: -18.988027</description>
        <styleUrl>#month7_style</styleUrl>
        <Point>
          <coordinates>15.259495,-18.988027,0</coordinates>
        </Point>
      </Placemark>
      <Placemark>
        <name>Duiwelsvuur - Month 7</name>
        <description>Waterhole: Duiwelsvuur, Month: 7, Time: 2010-07-24 11:21:00, Lon: 15.259627, Lat: -18.987775</description>
        <styleUrl>#month7_style</styleUrl>
        <Point>
          <coordinates>15.259627,-18.987775,0</coordinates>
        </Point>
      </Placemark>
      <Placemark>
        <name>Duiwelsvuur - Month 7</name>
        <description>Waterhole: Duiwelsvuur, Month: 7, Time: 2010-07-24 11:41:00, Lon: 15.259911, Lat: -18.988112</description>
        <styleUrl>#month7_style</styleUrl>
        <Point>
          <coordinates>15.259911,-18.988112,0</coordinates>
        </Point>
      </Placemark>
      <Placemark>
        <name>Duiwelsvuur - Month 7</name>
        <description>Waterhole: Duiwelsvuur, Month: 7, Time: 2010-07-24 12:01:00, Lon: 15.259683, Lat: -18.987667</description>
        <styleUrl>#month7_style</styleUrl>
        <Point>
          <coordinates>15.259683,-18.987667,0</coordinates>
        </Point>
      </Placemark>
      <Placemark>
        <name>Duiwelsvuur - Month 7</name>
        <description>Waterhole: Duiwelsvuur, Month: 7, Time: 2010-07-24 12:21:00, Lon: 15.259721, Lat: -18.987653</description>
        <styleUrl>#month7_style</styleUrl>
        <Point>
          <coordinates>15.259721,-18.987653,0</coordinates>
        </Point>
      </Placemark>
      <Placemark>
        <name>Duiwelsvuur - Month 7</name>
        <description>Waterhole: Duiwelsvuur, Month: 7, Time: 2010-07-24 12:41:00, Lon: 15.259693, Lat: -18.987596</description>
        <styleUrl>#month7_style</styleUrl>
        <Point>
          <coordinates>15.259693,-18.987596,0</coordinates>
        </Point>
      </Placemark>
      <Placemark>
        <name>Duiwelsvuur - Month 7</name>
        <description>Waterhole: Duiwelsvuur, Month: 7, Time: 2010-07-24 13:01:00, Lon: 15.259731, Lat: -18.987673</description>
        <styleUrl>#month7_style</styleUrl>
        <Point>
          <coordinates>15.259731,-18.987673,0</coordinates>
        </Point>
      </Placemark>
      <Placemark>
        <name>Duiwelsvuur - Month 7</name>
        <description>Waterhole: Duiwelsvuur, Month: 7, Time: 2010-07-24 13:21:00, Lon: 15.260192, Lat: -18.986806</description>
        <styleUrl>#month7_style</styleUrl>
        <Point>
          <coordinates>15.260192,-18.986806,0</coordinates>
        </Point>
      </Placemark>
      <Placemark>
        <name>Duiwelsvuur - Month 7</name>
        <description>Waterhole: Duiwelsvuur, Month: 7, Time: 2010-07-24 13:40:00, Lon: 15.264635, Lat: -18.985181</description>
        <styleUrl>#month7_style</styleUrl>
        <Point>
          <coordinates>15.264635,-18.985181,0</coordinates>
        </Point>
      </Placemark>
      <Placemark>
        <name>Duiwelsvuur - Month 7</name>
        <description>Waterhole: Duiwelsvuur, Month: 7, Time: 2010-07-24 14:01:00, Lon: 15.265114, Lat: -18.984977</description>
        <styleUrl>#month7_style</styleUrl>
        <Point>
          <coordinates>15.265114,-18.984977,0</coordinates>
        </Point>
      </Placemark>
      <Placemark>
        <name>Duiwelsvuur - Month 7</name>
        <description>Waterhole: Duiwelsvuur, Month: 7, Time: 2010-07-24 14:21:00, Lon: 15.267369, Lat: -18.983610</description>
        <styleUrl>#month7_style</styleUrl>
        <Point>
          <coordinates>15.267369,-18.983610,0</coordinates>
        </Point>
      </Placemark>
      <Placemark>
        <name>Duiwelsvuur - Month 7</name>
        <description>Waterhole: Duiwelsvuur, Month: 7, Time: 2010-07-25 09:41:00, Lon: 15.261687, Lat: -18.979653</description>
        <styleUrl>#month7_style</styleUrl>
        <Point>
          <coordinates>15.261687,-18.979653,0</coordinates>
        </Point>
      </Placemark>
      <Placemark>
        <name>Duiwelsvuur - Month 7</name>
        <description>Waterhole: Duiwelsvuur, Month: 7, Time: 2010-07-25 10:01:00, Lon: 15.260649, Lat: -18.983453</description>
        <styleUrl>#month7_style</styleUrl>
        <Point>
          <coordinates>15.260649,-18.983453,0</coordinates>
        </Point>
      </Placemark>
      <Placemark>
        <name>Duiwelsvuur - Month 7</name>
        <description>Waterhole: Duiwelsvuur, Month: 7, Time: 2010-07-25 10:21:00, Lon: 15.259728, Lat: -18.987638</description>
        <styleUrl>#month7_style</styleUrl>
        <Point>
          <coordinates>15.259728,-18.987638,0</coordinates>
        </Point>
      </Placemark>
      <Placemark>
        <name>Duiwelsvuur - Month 7</name>
        <description>Waterhole: Duiwelsvuur, Month: 7, Time: 2010-07-25 10:41:00, Lon: 15.259773, Lat: -18.987634</description>
        <styleUrl>#month7_style</styleUrl>
        <Point>
          <coordinates>15.259773,-18.987634,0</coordinates>
        </Point>
      </Placemark>
      <Placemark>
        <name>Duiwelsvuur - Month 7</name>
        <description>Waterhole: Duiwelsvuur, Month: 7, Time: 2010-07-25 11:01:00, Lon: 15.259633, Lat: -18.987998</description>
        <styleUrl>#month7_style</styleUrl>
        <Point>
          <coordinates>15.259633,-18.987998,0</coordinates>
        </Point>
      </Placemark>
      <Placemark>
        <name>Duiwelsvuur - Month 7</name>
        <description>Waterhole: Duiwelsvuur, Month: 7, Time: 2010-07-25 11:21:00, Lon: 15.259716, Lat: -18.988017</description>
        <styleUrl>#month7_style</styleUrl>
        <Point>
          <coordinates>15.259716,-18.988017,0</coordinates>
        </Point>
      </Placemark>
      <Placemark>
        <name>Duiwelsvuur - Month 7</name>
        <description>Waterhole: Duiwelsvuur, Month: 7, Time: 2010-07-25 11:41:00, Lon: 15.259725, Lat: -18.988037</description>
        <styleUrl>#month7_style</styleUrl>
        <Point>
          <coordinates>15.259725,-18.988037,0</coordinates>
        </Point>
      </Placemark>
      <Placemark>
        <name>Duiwelsvuur - Month 7</name>
        <description>Waterhole: Duiwelsvuur, Month: 7, Time: 2010-07-25 12:01:00, Lon: 15.259721, Lat: -18.987640</description>
        <styleUrl>#month7_style</styleUrl>
        <Point>
          <coordinates>15.259721,-18.987640,0</coordinates>
        </Point>
      </Placemark>
      <Placemark>
        <name>Duiwelsvuur - Month 7</name>
        <description>Waterhole: Duiwelsvuur, Month: 7, Time: 2010-07-25 12:21:00, Lon: 15.259807, Lat: -18.987614</description>
        <styleUrl>#month7_style</styleUrl>
        <Point>
          <coordinates>15.259807,-18.987614,0</coordinates>
        </Point>
      </Placemark>
      <Placemark>
        <name>Duiwelsvuur - Month 7</name>
        <description>Waterhole: Duiwelsvuur, Month: 7, Time: 2010-07-25 12:41:00, Lon: 15.259820, Lat: -18.987646</description>
        <styleUrl>#month7_style</styleUrl>
        <Point>
          <coordinates>15.259820,-18.987646,0</coordinates>
        </Point>
      </Placemark>
      <Placemark>
        <name>Duiwelsvuur - Month 7</name>
        <description>Waterhole: Duiwelsvuur, Month: 7, Time: 2010-07-25 13:01:00, Lon: 15.261046, Lat: -18.987333</description>
        <styleUrl>#month7_style</styleUrl>
        <Point>
          <coordinates>15.261046,-18.987333,0</coordinates>
        </Point>
      </Placemark>
      <Placemark>
        <name>Duiwelsvuur - Month 7</name>
        <description>Waterhole: Duiwelsvuur, Month: 7, Time: 2010-07-25 13:21:00, Lon: 15.263175, Lat: -18.987193</description>
        <styleUrl>#month7_style</styleUrl>
        <Point>
          <coordinates>15.263175,-18.987193,0</coordinates>
        </Point>
      </Placemark>
      <Placemark>
        <name>Duiwelsvuur - Month 7</name>
        <description>Waterhole: Duiwelsvuur, Month: 7, Time: 2010-07-25 13:41:00, Lon: 15.265633, Lat: -18.986731</description>
        <styleUrl>#month7_style</styleUrl>
        <Point>
          <coordinates>15.265633,-18.986731,0</coordinates>
        </Point>
      </Placemark>
      <Placemark>
        <name>Duiwelsvuur - Month 7</name>
        <description>Waterhole: Duiwelsvuur, Month: 7, Time: 2010-07-26 09:21:00, Lon: 15.258547, Lat: -18.989390</description>
        <styleUrl>#month7_style</styleUrl>
        <Point>
          <coordinates>15.258547,-18.989390,0</coordinates>
        </Point>
      </Placemark>
      <Placemark>
        <name>Duiwelsvuur - Month 7</name>
        <description>Waterhole: Duiwelsvuur, Month: 7, Time: 2010-07-26 09:41:00, Lon: 15.259734, Lat: -18.987653</description>
        <styleUrl>#month7_style</styleUrl>
        <Point>
          <coordinates>15.259734,-18.987653,0</coordinates>
        </Point>
      </Placemark>
      <Placemark>
        <name>Duiwelsvuur - Month 7</name>
        <description>Waterhole: Duiwelsvuur, Month: 7, Time: 2010-07-26 10:01:00, Lon: 15.259666, Lat: -18.987642</description>
        <styleUrl>#month7_style</styleUrl>
        <Point>
          <coordinates>15.259666,-18.987642,0</coordinates>
        </Point>
      </Placemark>
      <Placemark>
        <name>Duiwelsvuur - Month 7</name>
        <description>Waterhole: Duiwelsvuur, Month: 7, Time: 2010-07-26 10:21:00, Lon: 15.259822, Lat: -18.987807</description>
        <styleUrl>#month7_style</styleUrl>
        <Point>
          <coordinates>15.259822,-18.987807,0</coordinates>
        </Point>
      </Placemark>
      <Placemark>
        <name>Duiwelsvuur - Month 7</name>
        <description>Waterhole: Duiwelsvuur, Month: 7, Time: 2010-07-26 10:41:00, Lon: 15.259821, Lat: -18.988137</description>
        <styleUrl>#month7_style</styleUrl>
        <Point>
          <coordinates>15.259821,-18.988137,0</coordinates>
        </Point>
      </Placemark>
      <Placemark>
        <name>Duiwelsvuur - Month 7</name>
        <description>Waterhole: Duiwelsvuur, Month: 7, Time: 2010-07-26 11:01:00, Lon: 15.261729, Lat: -18.988534</description>
        <styleUrl>#month7_style</styleUrl>
        <Point>
          <coordinates>15.261729,-18.988534,0</coordinates>
        </Point>
      </Placemark>
      <Placemark>
        <name>Duiwelsvuur - Month 7</name>
        <description>Waterhole: Duiwelsvuur, Month: 7, Time: 2010-07-26 11:21:00, Lon: 15.261742, Lat: -18.988525</description>
        <styleUrl>#month7_style</styleUrl>
        <Point>
          <coordinates>15.261742,-18.988525,0</coordinates>
        </Point>
      </Placemark>
      <Placemark>
        <name>Duiwelsvuur - Month 7</name>
        <description>Waterhole: Duiwelsvuur, Month: 7, Time: 2010-07-26 11:41:00, Lon: 15.261739, Lat: -18.988550</description>
        <styleUrl>#month7_style</styleUrl>
        <Point>
          <coordinates>15.261739,-18.988550,0</coordinates>
        </Point>
      </Placemark>
      <Placemark>
        <name>Duiwelsvuur - Month 7</name>
        <description>Waterhole: Duiwelsvuur, Month: 7, Time: 2010-07-26 12:01:00, Lon: 15.261545, Lat: -18.987677</description>
        <styleUrl>#month7_style</styleUrl>
        <Point>
          <coordinates>15.261545,-18.987677,0</coordinates>
        </Point>
      </Placemark>
      <Placemark>
        <name>Duiwelsvuur - Month 7</name>
        <description>Waterhole: Duiwelsvuur, Month: 7, Time: 2010-07-26 12:21:00, Lon: 15.261019, Lat: -18.987284</description>
        <styleUrl>#month7_style</styleUrl>
        <Point>
          <coordinates>15.261019,-18.987284,0</coordinates>
        </Point>
      </Placemark>
      <Placemark>
        <name>Duiwelsvuur - Month 7</name>
        <description>Waterhole: Duiwelsvuur, Month: 7, Time: 2010-07-26 12:41:00, Lon: 15.260833, Lat: -18.987309</description>
        <styleUrl>#month7_style</styleUrl>
        <Point>
          <coordinates>15.260833,-18.987309,0</coordinates>
        </Point>
      </Placemark>
      <Placemark>
        <name>Duiwelsvuur - Month 7</name>
        <description>Waterhole: Duiwelsvuur, Month: 7, Time: 2010-07-26 13:01:00, Lon: 15.262408, Lat: -18.987048</description>
        <styleUrl>#month7_style</styleUrl>
        <Point>
          <coordinates>15.262408,-18.987048,0</coordinates>
        </Point>
      </Placemark>
      <Placemark>
        <name>Duiwelsvuur - Month 7</name>
        <description>Waterhole: Duiwelsvuur, Month: 7, Time: 2010-07-26 13:21:00, Lon: 15.262225, Lat: -18.987030</description>
        <styleUrl>#month7_style</styleUrl>
        <Point>
          <coordinates>15.262225,-18.987030,0</coordinates>
        </Point>
      </Placemark>
      <Placemark>
        <name>Duiwelsvuur - Month 7</name>
        <description>Waterhole: Duiwelsvuur, Month: 7, Time: 2010-07-26 13:41:00, Lon: 15.262072, Lat: -18.986947</description>
        <styleUrl>#month7_style</styleUrl>
        <Point>
          <coordinates>15.262072,-18.986947,0</coordinates>
        </Point>
      </Placemark>
      <Placemark>
        <name>Duiwelsvuur - Month 7</name>
        <description>Waterhole: Duiwelsvuur, Month: 7, Time: 2010-07-26 14:01:00, Lon: 15.261531, Lat: -18.986949</description>
        <styleUrl>#month7_style</styleUrl>
        <Point>
          <coordinates>15.261531,-18.986949,0</coordinates>
        </Point>
      </Placemark>
      <Placemark>
        <name>Duiwelsvuur - Month 7</name>
        <description>Waterhole: Duiwelsvuur, Month: 7, Time: 2010-07-26 14:21:00, Lon: 15.260921, Lat: -18.987067</description>
        <styleUrl>#month7_style</styleUrl>
        <Point>
          <coordinates>15.260921,-18.987067,0</coordinates>
        </Point>
      </Placemark>
      <Placemark>
        <name>Duiwelsvuur - Month 7</name>
        <description>Waterhole: Duiwelsvuur, Month: 7, Time: 2010-07-26 14:41:00, Lon: 15.260706, Lat: -18.987089</description>
        <styleUrl>#month7_style</styleUrl>
        <Point>
          <coordinates>15.260706,-18.987089,0</coordinates>
        </Point>
      </Placemark>
      <Placemark>
        <name>Duiwelsvuur - Month 7</name>
        <description>Waterhole: Duiwelsvuur, Month: 7, Time: 2010-07-26 15:01:00, Lon: 15.263990, Lat: -18.985895</description>
        <styleUrl>#month7_style</styleUrl>
        <Point>
          <coordinates>15.263990,-18.985895,0</coordinates>
        </Point>
      </Placemark>
      <Placemark>
        <name>Sonderkop waterhole - Month 7</name>
        <description>Waterhole: Sonderkop waterhole, Month: 7, Time: 2010-07-26 23:01:00, Lon: 15.323897, Lat: -18.970355</description>
        <styleUrl>#month7_style</styleUrl>
        <Point>
          <coordinates>15.323897,-18.970355,0</coordinates>
        </Point>
      </Placemark>
      <Placemark>
        <name>Sonderkop waterhole - Month 7</name>
        <description>Waterhole: Sonderkop waterhole, Month: 7, Time: 2010-07-26 23:21:00, Lon: 15.330622, Lat: -18.970109</description>
        <styleUrl>#month7_style</styleUrl>
        <Point>
          <coordinates>15.330622,-18.970109,0</coordinates>
        </Point>
      </Placemark>
      <Placemark>
        <name>Sonderkop waterhole - Month 7</name>
        <description>Waterhole: Sonderkop waterhole, Month: 7, Time: 2010-07-28 12:41:00, Lon: 15.328193, Lat: -18.968951</description>
        <styleUrl>#month7_style</styleUrl>
        <Point>
          <coordinates>15.328193,-18.968951,0</coordinates>
        </Point>
      </Placemark>
      <Placemark>
        <name>Sonderkop waterhole - Month 7</name>
        <description>Waterhole: Sonderkop waterhole, Month: 7, Time: 2010-07-28 13:01:00, Lon: 15.328197, Lat: -18.968964</description>
        <styleUrl>#month7_style</styleUrl>
        <Point>
          <coordinates>15.328197,-18.968964,0</coordinates>
        </Point>
      </Placemark>
      <Placemark>
        <name>Sonderkop waterhole - Month 7</name>
        <description>Waterhole: Sonderkop waterhole, Month: 7, Time: 2010-07-28 13:21:00, Lon: 15.327586, Lat: -18.971922</description>
        <styleUrl>#month7_style</styleUrl>
        <Point>
          <coordinates>15.327586,-18.971922,0</coordinates>
        </Point>
      </Placemark>
      <Placemark>
        <name>Sonderkop waterhole - Month 7</name>
        <description>Waterhole: Sonderkop waterhole, Month: 7, Time: 2010-07-28 16:01:00, Lon: 15.331370, Lat: -18.974361</description>
        <styleUrl>#month7_style</styleUrl>
        <Point>
          <coordinates>15.331370,-18.974361,0</coordinates>
        </Point>
      </Placemark>
      <Placemark>
        <name>Sonderkop waterhole - Month 7</name>
        <description>Waterhole: Sonderkop waterhole, Month: 7, Time: 2010-07-28 16:21:00, Lon: 15.328352, Lat: -18.968766</description>
        <styleUrl>#month7_style</styleUrl>
        <Point>
          <coordinates>15.328352,-18.968766,0</coordinates>
        </Point>
      </Placemark>
      <Placemark>
        <name>Sonderkop waterhole - Month 7</name>
        <description>Waterhole: Sonderkop waterhole, Month: 7, Time: 2010-07-28 16:41:00, Lon: 15.330745, Lat: -18.966956</description>
        <styleUrl>#month7_style</styleUrl>
        <Point>
          <coordinates>15.330745,-18.966956,0</coordinates>
        </Point>
      </Placemark>
      <Placemark>
        <name>Sonderkop waterhole - Month 7</name>
        <description>Waterhole: Sonderkop waterhole, Month: 7, Time: 2010-07-28 17:01:00, Lon: 15.330138, Lat: -18.966901</description>
        <styleUrl>#month7_style</styleUrl>
        <Point>
          <coordinates>15.330138,-18.966901,0</coordinates>
        </Point>
      </Placemark>
      <Placemark>
        <name>Sonderkop waterhole - Month 7</name>
        <description>Waterhole: Sonderkop waterhole, Month: 7, Time: 2010-07-28 17:21:00, Lon: 15.331571, Lat: -18.966628</description>
        <styleUrl>#month7_style</styleUrl>
        <Point>
          <coordinates>15.331571,-18.966628,0</coordinates>
        </Point>
      </Placemark>
      <Placemark>
        <name>Sonderkop waterhole - Month 7</name>
        <description>Waterhole: Sonderkop waterhole, Month: 7, Time: 2010-07-28 17:41:00, Lon: 15.331940, Lat: -18.966667</description>
        <styleUrl>#month7_style</styleUrl>
        <Point>
          <coordinates>15.331940,-18.966667,0</coordinates>
        </Point>
      </Placemark>
      <Placemark>
        <name>Sonderkop waterhole - Month 7</name>
        <description>Waterhole: Sonderkop waterhole, Month: 7, Time: 2010-07-28 18:01:00, Lon: 15.331712, Lat: -18.968632</description>
        <styleUrl>#month7_style</styleUrl>
        <Point>
          <coordinates>15.331712,-18.968632,0</coordinates>
        </Point>
      </Placemark>
      <Placemark>
        <name>Sonderkop waterhole - Month 7</name>
        <description>Waterhole: Sonderkop waterhole, Month: 7, Time: 2010-07-28 18:21:00, Lon: 15.331521, Lat: -18.968988</description>
        <styleUrl>#month7_style</styleUrl>
        <Point>
          <coordinates>15.331521,-18.968988,0</coordinates>
        </Point>
      </Placemark>
      <Placemark>
        <name>Sonderkop waterhole - Month 7</name>
        <description>Waterhole: Sonderkop waterhole, Month: 7, Time: 2010-07-28 18:41:00, Lon: 15.331160, Lat: -18.969204</description>
        <styleUrl>#month7_style</styleUrl>
        <Point>
          <coordinates>15.331160,-18.969204,0</coordinates>
        </Point>
      </Placemark>
      <Placemark>
        <name>Sonderkop waterhole - Month 7</name>
        <description>Waterhole: Sonderkop waterhole, Month: 7, Time: 2010-07-28 19:01:00, Lon: 15.329726, Lat: -18.969621</description>
        <styleUrl>#month7_style</styleUrl>
        <Point>
          <coordinates>15.329726,-18.969621,0</coordinates>
        </Point>
      </Placemark>
      <Placemark>
        <name>Sonderkop waterhole - Month 7</name>
        <description>Waterhole: Sonderkop waterhole, Month: 7, Time: 2010-07-28 19:21:00, Lon: 15.328211, Lat: -18.968955</description>
        <styleUrl>#month7_style</styleUrl>
        <Point>
          <coordinates>15.328211,-18.968955,0</coordinates>
        </Point>
      </Placemark>
      <Placemark>
        <name>Sonderkop waterhole - Month 7</name>
        <description>Waterhole: Sonderkop waterhole, Month: 7, Time: 2010-07-28 19:41:00, Lon: 15.328646, Lat: -18.969731</description>
        <styleUrl>#month7_style</styleUrl>
        <Point>
          <coordinates>15.328646,-18.969731,0</coordinates>
        </Point>
      </Placemark>
      <Placemark>
        <name>Sonderkop waterhole - Month 7</name>
        <description>Waterhole: Sonderkop waterhole, Month: 7, Time: 2010-07-28 20:01:00, Lon: 15.332998, Lat: -18.974237</description>
        <styleUrl>#month7_style</styleUrl>
        <Point>
          <coordinates>15.332998,-18.974237,0</coordinates>
        </Point>
      </Placemark>
      <Placemark>
        <name>Sonderkop waterhole - Month 7</name>
        <description>Waterhole: Sonderkop waterhole, Month: 7, Time: 2010-07-29 11:01:00, Lon: 15.324511, Lat: -18.975368</description>
        <styleUrl>#month7_style</styleUrl>
        <Point>
          <coordinates>15.324511,-18.975368,0</coordinates>
        </Point>
      </Placemark>
      <Placemark>
        <name>Sonderkop waterhole - Month 7</name>
        <description>Waterhole: Sonderkop waterhole, Month: 7, Time: 2010-07-29 11:21:00, Lon: 15.328225, Lat: -18.969008</description>
        <styleUrl>#month7_style</styleUrl>
        <Point>
          <coordinates>15.328225,-18.969008,0</coordinates>
        </Point>
      </Placemark>
      <Placemark>
        <name>Sonderkop waterhole - Month 7</name>
        <description>Waterhole: Sonderkop waterhole, Month: 7, Time: 2010-07-29 11:41:00, Lon: 15.328197, Lat: -18.968968</description>
        <styleUrl>#month7_style</styleUrl>
        <Point>
          <coordinates>15.328197,-18.968968,0</coordinates>
        </Point>
      </Placemark>
      <Placemark>
        <name>Sonderkop waterhole - Month 7</name>
        <description>Waterhole: Sonderkop waterhole, Month: 7, Time: 2010-07-29 12:01:00, Lon: 15.328148, Lat: -18.971549</description>
        <styleUrl>#month7_style</styleUrl>
        <Point>
          <coordinates>15.328148,-18.971549,0</coordinates>
        </Point>
      </Placemark>
      <Placemark>
        <name>Sonderkop waterhole - Month 7</name>
        <description>Waterhole: Sonderkop waterhole, Month: 7, Time: 2010-07-29 12:21:00, Lon: 15.328788, Lat: -18.971706</description>
        <styleUrl>#month7_style</styleUrl>
        <Point>
          <coordinates>15.328788,-18.971706,0</coordinates>
        </Point>
      </Placemark>
      <Placemark>
        <name>Sonderkop waterhole - Month 7</name>
        <description>Waterhole: Sonderkop waterhole, Month: 7, Time: 2010-07-29 12:41:00, Lon: 15.328777, Lat: -18.971726</description>
        <styleUrl>#month7_style</styleUrl>
        <Point>
          <coordinates>15.328777,-18.971726,0</coordinates>
        </Point>
      </Placemark>
      <Placemark>
        <name>Sonderkop waterhole - Month 7</name>
        <description>Waterhole: Sonderkop waterhole, Month: 7, Time: 2010-07-29 13:01:00, Lon: 15.331104, Lat: -18.974742</description>
        <styleUrl>#month7_style</styleUrl>
        <Point>
          <coordinates>15.331104,-18.974742,0</coordinates>
        </Point>
      </Placemark>
      <Placemark>
        <name>Sonderkop waterhole - Month 7</name>
        <description>Waterhole: Sonderkop waterhole, Month: 7, Time: 2010-07-30 15:41:00, Lon: 15.336201, Lat: -18.969698</description>
        <styleUrl>#month7_style</styleUrl>
        <Point>
          <coordinates>15.336201,-18.969698,0</coordinates>
        </Point>
      </Placemark>
      <Placemark>
        <name>Sonderkop waterhole - Month 7</name>
        <description>Waterhole: Sonderkop waterhole, Month: 7, Time: 2010-07-30 16:01:00, Lon: 15.328256, Lat: -18.968982</description>
        <styleUrl>#month7_style</styleUrl>
        <Point>
          <coordinates>15.328256,-18.968982,0</coordinates>
        </Point>
      </Placemark>
      <Placemark>
        <name>Sonderkop waterhole - Month 7</name>
        <description>Waterhole: Sonderkop waterhole, Month: 7, Time: 2010-07-30 16:21:00, Lon: 15.328139, Lat: -18.969122</description>
        <styleUrl>#month7_style</styleUrl>
        <Point>
          <coordinates>15.328139,-18.969122,0</coordinates>
        </Point>
      </Placemark>
      <Placemark>
        <name>Sonderkop waterhole - Month 7</name>
        <description>Waterhole: Sonderkop waterhole, Month: 7, Time: 2010-07-30 16:41:00, Lon: 15.328043, Lat: -18.968980</description>
        <styleUrl>#month7_style</styleUrl>
        <Point>
          <coordinates>15.328043,-18.968980,0</coordinates>
        </Point>
      </Placemark>
      <Placemark>
        <name>Sonderkop waterhole - Month 7</name>
        <description>Waterhole: Sonderkop waterhole, Month: 7, Time: 2010-07-30 17:01:00, Lon: 15.328040, Lat: -18.968974</description>
        <styleUrl>#month7_style</styleUrl>
        <Point>
          <coordinates>15.328040,-18.968974,0</coordinates>
        </Point>
      </Placemark>
      <Placemark>
        <name>Sonderkop waterhole - Month 7</name>
        <description>Waterhole: Sonderkop waterhole, Month: 7, Time: 2010-07-30 17:21:00, Lon: 15.329340, Lat: -18.968563</description>
        <styleUrl>#month7_style</styleUrl>
        <Point>
          <coordinates>15.329340,-18.968563,0</coordinates>
        </Point>
      </Placemark>
      <Placemark>
        <name>Sonderkop waterhole - Month 7</name>
        <description>Waterhole: Sonderkop waterhole, Month: 7, Time: 2010-07-30 17:41:00, Lon: 15.328295, Lat: -18.968970</description>
        <styleUrl>#month7_style</styleUrl>
        <Point>
          <coordinates>15.328295,-18.968970,0</coordinates>
        </Point>
      </Placemark>
      <Placemark>
        <name>Sonderkop waterhole - Month 7</name>
        <description>Waterhole: Sonderkop waterhole, Month: 7, Time: 2010-07-30 18:01:00, Lon: 15.328342, Lat: -18.968648</description>
        <styleUrl>#month7_style</styleUrl>
        <Point>
          <coordinates>15.328342,-18.968648,0</coordinates>
        </Point>
      </Placemark>
      <Placemark>
        <name>Sonderkop waterhole - Month 7</name>
        <description>Waterhole: Sonderkop waterhole, Month: 7, Time: 2010-07-30 18:21:00, Lon: 15.334100, Lat: -18.967120</description>
        <styleUrl>#month7_style</styleUrl>
        <Point>
          <coordinates>15.334100,-18.967120,0</coordinates>
        </Point>
      </Placemark>
      <Placemark>
        <name>Sonderkop waterhole - Month 7</name>
        <description>Waterhole: Sonderkop waterhole, Month: 7, Time: 2010-07-31 16:21:00, Lon: 15.333260, Lat: -18.971181</description>
        <styleUrl>#month7_style</styleUrl>
        <Point>
          <coordinates>15.333260,-18.971181,0</coordinates>
        </Point>
      </Placemark>
      <Placemark>
        <name>Sonderkop waterhole - Month 7</name>
        <description>Waterhole: Sonderkop waterhole, Month: 7, Time: 2010-07-31 16:41:00, Lon: 15.328189, Lat: -18.968960</description>
        <styleUrl>#month7_style</styleUrl>
        <Point>
          <coordinates>15.328189,-18.968960,0</coordinates>
        </Point>
      </Placemark>
      <Placemark>
        <name>Sonderkop waterhole - Month 7</name>
        <description>Waterhole: Sonderkop waterhole, Month: 7, Time: 2010-07-31 17:01:00, Lon: 15.328108, Lat: -18.969057</description>
        <styleUrl>#month7_style</styleUrl>
        <Point>
          <coordinates>15.328108,-18.969057,0</coordinates>
        </Point>
      </Placemark>
      <Placemark>
        <name>Sonderkop waterhole - Month 7</name>
        <description>Waterhole: Sonderkop waterhole, Month: 7, Time: 2010-07-31 17:21:00, Lon: 15.330407, Lat: -18.966378</description>
        <styleUrl>#month7_style</styleUrl>
        <Point>
          <coordinates>15.330407,-18.966378,0</coordinates>
        </Point>
      </Placemark>
      <Placemark>
        <name>Sonderkop waterhole - Month 7</name>
        <description>Waterhole: Sonderkop waterhole, Month: 7, Time: 2010-07-31 17:41:00, Lon: 15.333614, Lat: -18.962852</description>
        <styleUrl>#month7_style</styleUrl>
        <Point>
          <coordinates>15.333614,-18.962852,0</coordinates>
        </Point>
      </Placemark>
      <Placemark>
        <name>Sonderkop waterhole - Month 8</name>
        <description>Waterhole: Sonderkop waterhole, Month: 8, Time: 2010-08-01 16:41:00, Lon: 15.334241, Lat: -18.973985</description>
        <styleUrl>#month8_style</styleUrl>
        <Point>
          <coordinates>15.334241,-18.973985,0</coordinates>
        </Point>
      </Placemark>
      <Placemark>
        <name>Sonderkop waterhole - Month 8</name>
        <description>Waterhole: Sonderkop waterhole, Month: 8, Time: 2010-08-01 17:01:00, Lon: 15.328889, Lat: -18.970044</description>
        <styleUrl>#month8_style</styleUrl>
        <Point>
          <coordinates>15.328889,-18.970044,0</coordinates>
        </Point>
      </Placemark>
      <Placemark>
        <name>Sonderkop waterhole - Month 8</name>
        <description>Waterhole: Sonderkop waterhole, Month: 8, Time: 2010-08-01 17:21:00, Lon: 15.327981, Lat: -18.968632</description>
        <styleUrl>#month8_style</styleUrl>
        <Point>
          <coordinates>15.327981,-18.968632,0</coordinates>
        </Point>
      </Placemark>
      <Placemark>
        <name>Sonderkop waterhole - Month 8</name>
        <description>Waterhole: Sonderkop waterhole, Month: 8, Time: 2010-08-01 17:41:00, Lon: 15.329928, Lat: -18.964262</description>
        <styleUrl>#month8_style</styleUrl>
        <Point>
          <coordinates>15.329928,-18.964262,0</coordinates>
        </Point>
      </Placemark>
      <Placemark>
        <name>Sonderkop waterhole - Month 8</name>
        <description>Waterhole: Sonderkop waterhole, Month: 8, Time: 2010-08-01 18:01:00, Lon: 15.331075, Lat: -18.962592</description>
        <styleUrl>#month8_style</styleUrl>
        <Point>
          <coordinates>15.331075,-18.962592,0</coordinates>
        </Point>
      </Placemark>
      <Placemark>
        <name>Sonderkop waterhole - Month 8</name>
        <description>Waterhole: Sonderkop waterhole, Month: 8, Time: 2010-08-02 17:01:00, Lon: 15.333908, Lat: -18.968075</description>
        <styleUrl>#month8_style</styleUrl>
        <Point>
          <coordinates>15.333908,-18.968075,0</coordinates>
        </Point>
      </Placemark>
      <Placemark>
        <name>Sonderkop waterhole - Month 8</name>
        <description>Waterhole: Sonderkop waterhole, Month: 8, Time: 2010-08-02 17:21:00, Lon: 15.328201, Lat: -18.968966</description>
        <styleUrl>#month8_style</styleUrl>
        <Point>
          <coordinates>15.328201,-18.968966,0</coordinates>
        </Point>
      </Placemark>
      <Placemark>
        <name>Sonderkop waterhole - Month 8</name>
        <description>Waterhole: Sonderkop waterhole, Month: 8, Time: 2010-08-02 17:41:00, Lon: 15.328160, Lat: -18.968968</description>
        <styleUrl>#month8_style</styleUrl>
        <Point>
          <coordinates>15.328160,-18.968968,0</coordinates>
        </Point>
      </Placemark>
      <Placemark>
        <name>Sonderkop waterhole - Month 8</name>
        <description>Waterhole: Sonderkop waterhole, Month: 8, Time: 2010-08-02 18:01:00, Lon: 15.328198, Lat: -18.968966</description>
        <styleUrl>#month8_style</styleUrl>
        <Point>
          <coordinates>15.328198,-18.968966,0</coordinates>
        </Point>
      </Placemark>
      <Placemark>
        <name>Sonderkop waterhole - Month 8</name>
        <description>Waterhole: Sonderkop waterhole, Month: 8, Time: 2010-08-02 18:21:00, Lon: 15.328102, Lat: -18.968876</description>
        <styleUrl>#month8_style</styleUrl>
        <Point>
          <coordinates>15.328102,-18.968876,0</coordinates>
        </Point>
      </Placemark>
      <Placemark>
        <name>Sonderkop waterhole - Month 8</name>
        <description>Waterhole: Sonderkop waterhole, Month: 8, Time: 2010-08-02 18:41:00, Lon: 15.330920, Lat: -18.965279</description>
        <styleUrl>#month8_style</styleUrl>
        <Point>
          <coordinates>15.330920,-18.965279,0</coordinates>
        </Point>
      </Placemark>
      <Placemark>
        <name>Sonderkop waterhole - Month 8</name>
        <description>Waterhole: Sonderkop waterhole, Month: 8, Time: 2010-08-02 19:01:00, Lon: 15.333047, Lat: -18.963318</description>
        <styleUrl>#month8_style</styleUrl>
        <Point>
          <coordinates>15.333047,-18.963318,0</coordinates>
        </Point>
      </Placemark>
      <Placemark>
        <name>Sonderkop waterhole - Month 8</name>
        <description>Waterhole: Sonderkop waterhole, Month: 8, Time: 2010-08-03 18:01:00, Lon: 15.329475, Lat: -18.967635</description>
        <styleUrl>#month8_style</styleUrl>
        <Point>
          <coordinates>15.329475,-18.967635,0</coordinates>
        </Point>
      </Placemark>
      <Placemark>
        <name>Sonderkop waterhole - Month 8</name>
        <description>Waterhole: Sonderkop waterhole, Month: 8, Time: 2010-08-03 18:21:00, Lon: 15.328171, Lat: -18.968951</description>
        <styleUrl>#month8_style</styleUrl>
        <Point>
          <coordinates>15.328171,-18.968951,0</coordinates>
        </Point>
      </Placemark>
      <Placemark>
        <name>Sonderkop waterhole - Month 8</name>
        <description>Waterhole: Sonderkop waterhole, Month: 8, Time: 2010-08-03 18:41:00, Lon: 15.328249, Lat: -18.969039</description>
        <styleUrl>#month8_style</styleUrl>
        <Point>
          <coordinates>15.328249,-18.969039,0</coordinates>
        </Point>
      </Placemark>
      <Placemark>
        <name>Sonderkop waterhole - Month 8</name>
        <description>Waterhole: Sonderkop waterhole, Month: 8, Time: 2010-08-03 19:01:00, Lon: 15.335667, Lat: -18.967977</description>
        <styleUrl>#month8_style</styleUrl>
        <Point>
          <coordinates>15.335667,-18.967977,0</coordinates>
        </Point>
      </Placemark>
      <Placemark>
        <name>Ozonjuitji m'Bari - Month 8</name>
        <description>Waterhole: Ozonjuitji m'Bari, Month: 8, Time: 2010-08-04 23:41:00, Lon: 15.500971, Lat: -18.974251</description>
        <styleUrl>#month8_style</styleUrl>
        <Point>
          <coordinates>15.500971,-18.974251,0</coordinates>
        </Point>
      </Placemark>
      <Placemark>
        <name>Ozonjuitji m'Bari - Month 8</name>
        <description>Waterhole: Ozonjuitji m'Bari, Month: 8, Time: 2010-08-05 00:01:00, Lon: 15.509252, Lat: -18.979570</description>
        <styleUrl>#month8_style</styleUrl>
        <Point>
          <coordinates>15.509252,-18.979570,0</coordinates>
        </Point>
      </Placemark>
      <Placemark>
        <name>Ozonjuitji m'Bari - Month 8</name>
        <description>Waterhole: Ozonjuitji m'Bari, Month: 8, Time: 2010-08-05 17:01:00, Lon: 15.504725, Lat: -18.981079</description>
        <styleUrl>#month8_style</styleUrl>
        <Point>
          <coordinates>15.504725,-18.981079,0</coordinates>
        </Point>
      </Placemark>
      <Placemark>
        <name>Ozonjuitji m'Bari - Month 8</name>
        <description>Waterhole: Ozonjuitji m'Bari, Month: 8, Time: 2010-08-05 17:21:00, Lon: 15.503560, Lat: -18.976664</description>
        <styleUrl>#month8_style</styleUrl>
        <Point>
          <coordinates>15.503560,-18.976664,0</coordinates>
        </Point>
      </Placemark>
      <Placemark>
        <name>Ozonjuitji m'Bari - Month 8</name>
        <description>Waterhole: Ozonjuitji m'Bari, Month: 8, Time: 2010-08-05 17:41:00, Lon: 15.503518, Lat: -18.976648</description>
        <styleUrl>#month8_style</styleUrl>
        <Point>
          <coordinates>15.503518,-18.976648,0</coordinates>
        </Point>
      </Placemark>
      <Placemark>
        <name>Ozonjuitji m'Bari - Month 8</name>
        <description>Waterhole: Ozonjuitji m'Bari, Month: 8, Time: 2010-08-05 18:01:00, Lon: 15.500119, Lat: -18.971175</description>
        <styleUrl>#month8_style</styleUrl>
        <Point>
          <coordinates>15.500119,-18.971175,0</coordinates>
        </Point>
      </Placemark>
      <Placemark>
        <name>Ozonjuitji m'Bari - Month 8</name>
        <description>Waterhole: Ozonjuitji m'Bari, Month: 8, Time: 2010-08-05 20:21:00, Lon: 15.497326, Lat: -18.971906</description>
        <styleUrl>#month8_style</styleUrl>
        <Point>
          <coordinates>15.497326,-18.971906,0</coordinates>
        </Point>
      </Placemark>
      <Placemark>
        <name>Ozonjuitji m'Bari - Month 8</name>
        <description>Waterhole: Ozonjuitji m'Bari, Month: 8, Time: 2010-08-05 20:41:00, Lon: 15.503623, Lat: -18.976536</description>
        <styleUrl>#month8_style</styleUrl>
        <Point>
          <coordinates>15.503623,-18.976536,0</coordinates>
        </Point>
      </Placemark>
      <Placemark>
        <name>Ozonjuitji m'Bari - Month 8</name>
        <description>Waterhole: Ozonjuitji m'Bari, Month: 8, Time: 2010-08-05 21:01:00, Lon: 15.511512, Lat: -18.980638</description>
        <styleUrl>#month8_style</styleUrl>
        <Point>
          <coordinates>15.511512,-18.980638,0</coordinates>
        </Point>
      </Placemark>
      <Placemark>
        <name>Ozonjuitji m'Bari - Month 8</name>
        <description>Waterhole: Ozonjuitji m'Bari, Month: 8, Time: 2010-08-06 20:01:00, Lon: 15.505850, Lat: -18.981071</description>
        <styleUrl>#month8_style</styleUrl>
        <Point>
          <coordinates>15.505850,-18.981071,0</coordinates>
        </Point>
      </Placemark>
      <Placemark>
        <name>Ozonjuitji m'Bari - Month 8</name>
        <description>Waterhole: Ozonjuitji m'Bari, Month: 8, Time: 2010-08-06 20:21:00, Lon: 15.503698, Lat: -18.976532</description>
        <styleUrl>#month8_style</styleUrl>
        <Point>
          <coordinates>15.503698,-18.976532,0</coordinates>
        </Point>
      </Placemark>
      <Placemark>
        <name>Ozonjuitji m'Bari - Month 8</name>
        <description>Waterhole: Ozonjuitji m'Bari, Month: 8, Time: 2010-08-06 20:41:00, Lon: 15.503642, Lat: -18.976508</description>
        <styleUrl>#month8_style</styleUrl>
        <Point>
          <coordinates>15.503642,-18.976508,0</coordinates>
        </Point>
      </Placemark>
      <Placemark>
        <name>Ozonjuitji m'Bari - Month 8</name>
        <description>Waterhole: Ozonjuitji m'Bari, Month: 8, Time: 2010-08-06 21:01:00, Lon: 15.509859, Lat: -18.979875</description>
        <styleUrl>#month8_style</styleUrl>
        <Point>
          <coordinates>15.509859,-18.979875,0</coordinates>
        </Point>
      </Placemark>
      <Placemark>
        <name>Ozonjuitji m'Bari - Month 8</name>
        <description>Waterhole: Ozonjuitji m'Bari, Month: 8, Time: 2010-08-07 17:41:00, Lon: 15.504749, Lat: -18.981256</description>
        <styleUrl>#month8_style</styleUrl>
        <Point>
          <coordinates>15.504749,-18.981256,0</coordinates>
        </Point>
      </Placemark>
      <Placemark>
        <name>Ozonjuitji m'Bari - Month 8</name>
        <description>Waterhole: Ozonjuitji m'Bari, Month: 8, Time: 2010-08-07 18:01:00, Lon: 15.503110, Lat: -18.976532</description>
        <styleUrl>#month8_style</styleUrl>
        <Point>
          <coordinates>15.503110,-18.976532,0</coordinates>
        </Point>
      </Placemark>
      <Placemark>
        <name>Ozonjuitji m'Bari - Month 8</name>
        <description>Waterhole: Ozonjuitji m'Bari, Month: 8, Time: 2010-08-07 18:21:00, Lon: 15.503212, Lat: -18.976501</description>
        <styleUrl>#month8_style</styleUrl>
        <Point>
          <coordinates>15.503212,-18.976501,0</coordinates>
        </Point>
      </Placemark>
      <Placemark>
        <name>Ozonjuitji m'Bari - Month 8</name>
        <description>Waterhole: Ozonjuitji m'Bari, Month: 8, Time: 2010-08-07 18:41:00, Lon: 15.503207, Lat: -18.976449</description>
        <styleUrl>#month8_style</styleUrl>
        <Point>
          <coordinates>15.503207,-18.976449,0</coordinates>
        </Point>
      </Placemark>
      <Placemark>
        <name>Ozonjuitji m'Bari - Month 8</name>
        <description>Waterhole: Ozonjuitji m'Bari, Month: 8, Time: 2010-08-07 19:01:00, Lon: 15.503221, Lat: -18.976459</description>
        <styleUrl>#month8_style</styleUrl>
        <Point>
          <coordinates>15.503221,-18.976459,0</coordinates>
        </Point>
      </Placemark>
      <Placemark>
        <name>Ozonjuitji m'Bari - Month 8</name>
        <description>Waterhole: Ozonjuitji m'Bari, Month: 8, Time: 2010-08-07 19:21:00, Lon: 15.503333, Lat: -18.976225</description>
        <styleUrl>#month8_style</styleUrl>
        <Point>
          <coordinates>15.503333,-18.976225,0</coordinates>
        </Point>
      </Placemark>
      <Placemark>
        <name>Ozonjuitji m'Bari - Month 8</name>
        <description>Waterhole: Ozonjuitji m'Bari, Month: 8, Time: 2010-08-07 19:41:00, Lon: 15.503620, Lat: -18.976467</description>
        <styleUrl>#month8_style</styleUrl>
        <Point>
          <coordinates>15.503620,-18.976467,0</coordinates>
        </Point>
      </Placemark>
      <Placemark>
        <name>Ozonjuitji m'Bari - Month 8</name>
        <description>Waterhole: Ozonjuitji m'Bari, Month: 8, Time: 2010-08-08 14:21:00, Lon: 15.503608, Lat: -18.976532</description>
        <styleUrl>#month8_style</styleUrl>
        <Point>
          <coordinates>15.503608,-18.976532,0</coordinates>
        </Point>
      </Placemark>
      <Placemark>
        <name>Ozonjuitji m'Bari - Month 8</name>
        <description>Waterhole: Ozonjuitji m'Bari, Month: 8, Time: 2010-08-08 14:41:00, Lon: 15.503573, Lat: -18.976605</description>
        <styleUrl>#month8_style</styleUrl>
        <Point>
          <coordinates>15.503573,-18.976605,0</coordinates>
        </Point>
      </Placemark>
      <Placemark>
        <name>Ozonjuitji m'Bari - Month 8</name>
        <description>Waterhole: Ozonjuitji m'Bari, Month: 8, Time: 2010-08-08 15:01:00, Lon: 15.503640, Lat: -18.976624</description>
        <styleUrl>#month8_style</styleUrl>
        <Point>
          <coordinates>15.503640,-18.976624,0</coordinates>
        </Point>
      </Placemark>
      <Placemark>
        <name>Ozonjuitji m'Bari - Month 8</name>
        <description>Waterhole: Ozonjuitji m'Bari, Month: 8, Time: 2010-08-08 15:21:00, Lon: 15.503631, Lat: -18.976544</description>
        <styleUrl>#month8_style</styleUrl>
        <Point>
          <coordinates>15.503631,-18.976544,0</coordinates>
        </Point>
      </Placemark>
      <Placemark>
        <name>Ozonjuitji m'Bari - Month 8</name>
        <description>Waterhole: Ozonjuitji m'Bari, Month: 8, Time: 2010-08-08 15:41:00, Lon: 15.503614, Lat: -18.976247</description>
        <styleUrl>#month8_style</styleUrl>
        <Point>
          <coordinates>15.503614,-18.976247,0</coordinates>
        </Point>
      </Placemark>
      <Placemark>
        <name>Ozonjuitji m'Bari - Month 8</name>
        <description>Waterhole: Ozonjuitji m'Bari, Month: 8, Time: 2010-08-08 16:01:00, Lon: 15.503419, Lat: -18.976257</description>
        <styleUrl>#month8_style</styleUrl>
        <Point>
          <coordinates>15.503419,-18.976257,0</coordinates>
        </Point>
      </Placemark>
      <Placemark>
        <name>Ozonjuitji m'Bari - Month 8</name>
        <description>Waterhole: Ozonjuitji m'Bari, Month: 8, Time: 2010-08-08 16:21:00, Lon: 15.494394, Lat: -18.974760</description>
        <styleUrl>#month8_style</styleUrl>
        <Point>
          <coordinates>15.494394,-18.974760,0</coordinates>
        </Point>
      </Placemark>
      <Placemark>
        <name>Ozonjuitji m'Bari - Month 8</name>
        <description>Waterhole: Ozonjuitji m'Bari, Month: 8, Time: 2010-08-09 13:21:00, Lon: 15.495677, Lat: -18.974520</description>
        <styleUrl>#month8_style</styleUrl>
        <Point>
          <coordinates>15.495677,-18.974520,0</coordinates>
        </Point>
      </Placemark>
      <Placemark>
        <name>Ozonjuitji m'Bari - Month 8</name>
        <description>Waterhole: Ozonjuitji m'Bari, Month: 8, Time: 2010-08-09 13:41:00, Lon: 15.503604, Lat: -18.976548</description>
        <styleUrl>#month8_style</styleUrl>
        <Point>
          <coordinates>15.503604,-18.976548,0</coordinates>
        </Point>
      </Placemark>
      <Placemark>
        <name>Ozonjuitji m'Bari - Month 8</name>
        <description>Waterhole: Ozonjuitji m'Bari, Month: 8, Time: 2010-08-09 14:01:00, Lon: 15.503542, Lat: -18.976603</description>
        <styleUrl>#month8_style</styleUrl>
        <Point>
          <coordinates>15.503542,-18.976603,0</coordinates>
        </Point>
      </Placemark>
      <Placemark>
        <name>Ozonjuitji m'Bari - Month 8</name>
        <description>Waterhole: Ozonjuitji m'Bari, Month: 8, Time: 2010-08-09 14:21:00, Lon: 15.503526, Lat: -18.976550</description>
        <styleUrl>#month8_style</styleUrl>
        <Point>
          <coordinates>15.503526,-18.976550,0</coordinates>
        </Point>
      </Placemark>
      <Placemark>
        <name>Ozonjuitji m'Bari - Month 8</name>
        <description>Waterhole: Ozonjuitji m'Bari, Month: 8, Time: 2010-08-09 14:41:00, Lon: 15.503492, Lat: -18.976532</description>
        <styleUrl>#month8_style</styleUrl>
        <Point>
          <coordinates>15.503492,-18.976532,0</coordinates>
        </Point>
      </Placemark>
      <Placemark>
        <name>Ozonjuitji m'Bari - Month 8</name>
        <description>Waterhole: Ozonjuitji m'Bari, Month: 8, Time: 2010-08-09 15:01:00, Lon: 15.503619, Lat: -18.976617</description>
        <styleUrl>#month8_style</styleUrl>
        <Point>
          <coordinates>15.503619,-18.976617,0</coordinates>
        </Point>
      </Placemark>
      <Placemark>
        <name>Ozonjuitji m'Bari - Month 8</name>
        <description>Waterhole: Ozonjuitji m'Bari, Month: 8, Time: 2010-08-09 15:21:00, Lon: 15.503619, Lat: -18.976548</description>
        <styleUrl>#month8_style</styleUrl>
        <Point>
          <coordinates>15.503619,-18.976548,0</coordinates>
        </Point>
      </Placemark>
      <Placemark>
        <name>Ozonjuitji m'Bari - Month 8</name>
        <description>Waterhole: Ozonjuitji m'Bari, Month: 8, Time: 2010-08-09 15:41:00, Lon: 15.502414, Lat: -18.974506</description>
        <styleUrl>#month8_style</styleUrl>
        <Point>
          <coordinates>15.502414,-18.974506,0</coordinates>
        </Point>
      </Placemark>
      <Placemark>
        <name>Ozonjuitji m'Bari - Month 8</name>
        <description>Waterhole: Ozonjuitji m'Bari, Month: 8, Time: 2010-08-09 16:01:00, Lon: 15.498823, Lat: -18.971094</description>
        <styleUrl>#month8_style</styleUrl>
        <Point>
          <coordinates>15.498823,-18.971094,0</coordinates>
        </Point>
      </Placemark>
      <Placemark>
        <name>Ozonjuitji m'Bari - Month 8</name>
        <description>Waterhole: Ozonjuitji m'Bari, Month: 8, Time: 2010-08-10 15:21:00, Lon: 15.505980, Lat: -18.971401</description>
        <styleUrl>#month8_style</styleUrl>
        <Point>
          <coordinates>15.505980,-18.971401,0</coordinates>
        </Point>
      </Placemark>
      <Placemark>
        <name>Ozonjuitji m'Bari - Month 8</name>
        <description>Waterhole: Ozonjuitji m'Bari, Month: 8, Time: 2010-08-10 15:41:00, Lon: 15.503637, Lat: -18.976605</description>
        <styleUrl>#month8_style</styleUrl>
        <Point>
          <coordinates>15.503637,-18.976605,0</coordinates>
        </Point>
      </Placemark>
      <Placemark>
        <name>Ozonjuitji m'Bari - Month 8</name>
        <description>Waterhole: Ozonjuitji m'Bari, Month: 8, Time: 2010-08-10 16:01:00, Lon: 15.503468, Lat: -18.976660</description>
        <styleUrl>#month8_style</styleUrl>
        <Point>
          <coordinates>15.503468,-18.976660,0</coordinates>
        </Point>
      </Placemark>
      <Placemark>
        <name>Ozonjuitji m'Bari - Month 8</name>
        <description>Waterhole: Ozonjuitji m'Bari, Month: 8, Time: 2010-08-10 16:21:00, Lon: 15.503550, Lat: -18.976619</description>
        <styleUrl>#month8_style</styleUrl>
        <Point>
          <coordinates>15.503550,-18.976619,0</coordinates>
        </Point>
      </Placemark>
      <Placemark>
        <name>Ozonjuitji m'Bari - Month 8</name>
        <description>Waterhole: Ozonjuitji m'Bari, Month: 8, Time: 2010-08-10 16:41:00, Lon: 15.503569, Lat: -18.976646</description>
        <styleUrl>#month8_style</styleUrl>
        <Point>
          <coordinates>15.503569,-18.976646,0</coordinates>
        </Point>
      </Placemark>
      <Placemark>
        <name>Ozonjuitji m'Bari - Month 8</name>
        <description>Waterhole: Ozonjuitji m'Bari, Month: 8, Time: 2010-08-10 17:01:00, Lon: 15.503420, Lat: -18.977106</description>
        <styleUrl>#month8_style</styleUrl>
        <Point>
          <coordinates>15.503420,-18.977106,0</coordinates>
        </Point>
      </Placemark>
      <Placemark>
        <name>Ozonjuitji m'Bari - Month 8</name>
        <description>Waterhole: Ozonjuitji m'Bari, Month: 8, Time: 2010-08-10 17:21:00, Lon: 15.502458, Lat: -18.979582</description>
        <styleUrl>#month8_style</styleUrl>
        <Point>
          <coordinates>15.502458,-18.979582,0</coordinates>
        </Point>
      </Placemark>
      <Placemark>
        <name>Ozonjuitji m'Bari - Month 8</name>
        <description>Waterhole: Ozonjuitji m'Bari, Month: 8, Time: 2010-08-10 17:41:00, Lon: 15.497423, Lat: -18.982994</description>
        <styleUrl>#month8_style</styleUrl>
        <Point>
          <coordinates>15.497423,-18.982994,0</coordinates>
        </Point>
      </Placemark>
      <Placemark>
        <name>Sonderkop waterhole - Month 8</name>
        <description>Waterhole: Sonderkop waterhole, Month: 8, Time: 2010-08-11 14:01:00, Lon: 15.332047, Lat: -18.974215</description>
        <styleUrl>#month8_style</styleUrl>
        <Point>
          <coordinates>15.332047,-18.974215,0</coordinates>
        </Point>
      </Placemark>
      <Placemark>
        <name>Sonderkop waterhole - Month 8</name>
        <description>Waterhole: Sonderkop waterhole, Month: 8, Time: 2010-08-11 14:21:00, Lon: 15.328197, Lat: -18.968951</description>
        <styleUrl>#month8_style</styleUrl>
        <Point>
          <coordinates>15.328197,-18.968951,0</coordinates>
        </Point>
      </Placemark>
      <Placemark>
        <name>Sonderkop waterhole - Month 8</name>
        <description>Waterhole: Sonderkop waterhole, Month: 8, Time: 2010-08-11 14:41:00, Lon: 15.328188, Lat: -18.968962</description>
        <styleUrl>#month8_style</styleUrl>
        <Point>
          <coordinates>15.328188,-18.968962,0</coordinates>
        </Point>
      </Placemark>
      <Placemark>
        <name>Sonderkop waterhole - Month 8</name>
        <description>Waterhole: Sonderkop waterhole, Month: 8, Time: 2010-08-11 15:01:00, Lon: 15.327545, Lat: -18.971802</description>
        <styleUrl>#month8_style</styleUrl>
        <Point>
          <coordinates>15.327545,-18.971802,0</coordinates>
        </Point>
      </Placemark>
      <Placemark>
        <name>Sonderkop waterhole - Month 8</name>
        <description>Waterhole: Sonderkop waterhole, Month: 8, Time: 2010-08-11 15:21:00, Lon: 15.327748, Lat: -18.974856</description>
        <styleUrl>#month8_style</styleUrl>
        <Point>
          <coordinates>15.327748,-18.974856,0</coordinates>
        </Point>
      </Placemark>
      <Placemark>
        <name>Sonderkop waterhole - Month 8</name>
        <description>Waterhole: Sonderkop waterhole, Month: 8, Time: 2010-08-11 20:41:00, Lon: 15.328020, Lat: -18.975020</description>
        <styleUrl>#month8_style</styleUrl>
        <Point>
          <coordinates>15.328020,-18.975020,0</coordinates>
        </Point>
      </Placemark>
      <Placemark>
        <name>Sonderkop waterhole - Month 8</name>
        <description>Waterhole: Sonderkop waterhole, Month: 8, Time: 2010-08-11 21:01:00, Lon: 15.328189, Lat: -18.968972</description>
        <styleUrl>#month8_style</styleUrl>
        <Point>
          <coordinates>15.328189,-18.968972,0</coordinates>
        </Point>
      </Placemark>
      <Placemark>
        <name>Sonderkop waterhole - Month 8</name>
        <description>Waterhole: Sonderkop waterhole, Month: 8, Time: 2010-08-11 21:21:00, Lon: 15.328203, Lat: -18.968955</description>
        <styleUrl>#month8_style</styleUrl>
        <Point>
          <coordinates>15.328203,-18.968955,0</coordinates>
        </Point>
      </Placemark>
      <Placemark>
        <name>Sonderkop waterhole - Month 8</name>
        <description>Waterhole: Sonderkop waterhole, Month: 8, Time: 2010-08-11 21:41:00, Lon: 15.332050, Lat: -18.974579</description>
        <styleUrl>#month8_style</styleUrl>
        <Point>
          <coordinates>15.332050,-18.974579,0</coordinates>
        </Point>
      </Placemark>
      <Placemark>
        <name>Duiwelsvuur - Month 8</name>
        <description>Waterhole: Duiwelsvuur, Month: 8, Time: 2010-08-12 15:41:00, Lon: 15.259745, Lat: -18.987689</description>
        <styleUrl>#month8_style</styleUrl>
        <Point>
          <coordinates>15.259745,-18.987689,0</coordinates>
        </Point>
      </Placemark>
      <Placemark>
        <name>Duiwelsvuur - Month 8</name>
        <description>Waterhole: Duiwelsvuur, Month: 8, Time: 2010-08-12 16:01:00, Lon: 15.259670, Lat: -18.987651</description>
        <styleUrl>#month8_style</styleUrl>
        <Point>
          <coordinates>15.259670,-18.987651,0</coordinates>
        </Point>
      </Placemark>
      <Placemark>
        <name>Duiwelsvuur - Month 8</name>
        <description>Waterhole: Duiwelsvuur, Month: 8, Time: 2010-08-12 16:21:00, Lon: 15.259867, Lat: -18.987606</description>
        <styleUrl>#month8_style</styleUrl>
        <Point>
          <coordinates>15.259867,-18.987606,0</coordinates>
        </Point>
      </Placemark>
      <Placemark>
        <name>Duiwelsvuur - Month 8</name>
        <description>Waterhole: Duiwelsvuur, Month: 8, Time: 2010-08-12 16:41:00, Lon: 15.263870, Lat: -18.994088</description>
        <styleUrl>#month8_style</styleUrl>
        <Point>
          <coordinates>15.263870,-18.994088,0</coordinates>
        </Point>
      </Placemark>
      <Placemark>
        <name>Duiwelsvuur - Month 8</name>
        <description>Waterhole: Duiwelsvuur, Month: 8, Time: 2010-08-13 11:21:00, Lon: 15.263121, Lat: -18.992426</description>
        <styleUrl>#month8_style</styleUrl>
        <Point>
          <coordinates>15.263121,-18.992426,0</coordinates>
        </Point>
      </Placemark>
      <Placemark>
        <name>Duiwelsvuur - Month 8</name>
        <description>Waterhole: Duiwelsvuur, Month: 8, Time: 2010-08-13 11:41:00, Lon: 15.259679, Lat: -18.987767</description>
        <styleUrl>#month8_style</styleUrl>
        <Point>
          <coordinates>15.259679,-18.987767,0</coordinates>
        </Point>
      </Placemark>
      <Placemark>
        <name>Duiwelsvuur - Month 8</name>
        <description>Waterhole: Duiwelsvuur, Month: 8, Time: 2010-08-13 12:01:00, Lon: 15.259885, Lat: -18.987419</description>
        <styleUrl>#month8_style</styleUrl>
        <Point>
          <coordinates>15.259885,-18.987419,0</coordinates>
        </Point>
      </Placemark>
      <Placemark>
        <name>Duiwelsvuur - Month 8</name>
        <description>Waterhole: Duiwelsvuur, Month: 8, Time: 2010-08-13 12:21:00, Lon: 15.259797, Lat: -18.987244</description>
        <styleUrl>#month8_style</styleUrl>
        <Point>
          <coordinates>15.259797,-18.987244,0</coordinates>
        </Point>
      </Placemark>
      <Placemark>
        <name>Duiwelsvuur - Month 8</name>
        <description>Waterhole: Duiwelsvuur, Month: 8, Time: 2010-08-13 12:41:00, Lon: 15.259771, Lat: -18.987221</description>
        <styleUrl>#month8_style</styleUrl>
        <Point>
          <coordinates>15.259771,-18.987221,0</coordinates>
        </Point>
      </Placemark>
      <Placemark>
        <name>Duiwelsvuur - Month 8</name>
        <description>Waterhole: Duiwelsvuur, Month: 8, Time: 2010-08-13 13:01:00, Lon: 15.259832, Lat: -18.987449</description>
        <styleUrl>#month8_style</styleUrl>
        <Point>
          <coordinates>15.259832,-18.987449,0</coordinates>
        </Point>
      </Placemark>
      <Placemark>
        <name>Duiwelsvuur - Month 8</name>
        <description>Waterhole: Duiwelsvuur, Month: 8, Time: 2010-08-13 13:21:00, Lon: 15.259832, Lat: -18.987854</description>
        <styleUrl>#month8_style</styleUrl>
        <Point>
          <coordinates>15.259832,-18.987854,0</coordinates>
        </Point>
      </Placemark>
      <Placemark>
        <name>Duiwelsvuur - Month 8</name>
        <description>Waterhole: Duiwelsvuur, Month: 8, Time: 2010-08-13 13:41:00, Lon: 15.259914, Lat: -18.987543</description>
        <styleUrl>#month8_style</styleUrl>
        <Point>
          <coordinates>15.259914,-18.987543,0</coordinates>
        </Point>
      </Placemark>
      <Placemark>
        <name>Duiwelsvuur - Month 8</name>
        <description>Waterhole: Duiwelsvuur, Month: 8, Time: 2010-08-13 14:01:00, Lon: 15.259780, Lat: -18.987565</description>
        <styleUrl>#month8_style</styleUrl>
        <Point>
          <coordinates>15.259780,-18.987565,0</coordinates>
        </Point>
      </Placemark>
      <Placemark>
        <name>Duiwelsvuur - Month 8</name>
        <description>Waterhole: Duiwelsvuur, Month: 8, Time: 2010-08-13 14:21:00, Lon: 15.259739, Lat: -18.987455</description>
        <styleUrl>#month8_style</styleUrl>
        <Point>
          <coordinates>15.259739,-18.987455,0</coordinates>
        </Point>
      </Placemark>
      <Placemark>
        <name>Duiwelsvuur - Month 8</name>
        <description>Waterhole: Duiwelsvuur, Month: 8, Time: 2010-08-13 14:41:00, Lon: 15.259389, Lat: -18.983718</description>
        <styleUrl>#month8_style</styleUrl>
        <Point>
          <coordinates>15.259389,-18.983718,0</coordinates>
        </Point>
      </Placemark>
      <Placemark>
        <name>Duiwelsvuur - Month 8</name>
        <description>Waterhole: Duiwelsvuur, Month: 8, Time: 2010-08-13 15:01:00, Lon: 15.259309, Lat: -18.983681</description>
        <styleUrl>#month8_style</styleUrl>
        <Point>
          <coordinates>15.259309,-18.983681,0</coordinates>
        </Point>
      </Placemark>
      <Placemark>
        <name>Duiwelsvuur - Month 8</name>
        <description>Waterhole: Duiwelsvuur, Month: 8, Time: 2010-08-13 15:21:00, Lon: 15.258959, Lat: -18.984544</description>
        <styleUrl>#month8_style</styleUrl>
        <Point>
          <coordinates>15.258959,-18.984544,0</coordinates>
        </Point>
      </Placemark>
      <Placemark>
        <name>Duiwelsvuur - Month 8</name>
        <description>Waterhole: Duiwelsvuur, Month: 8, Time: 2010-08-13 15:41:00, Lon: 15.258863, Lat: -18.985187</description>
        <styleUrl>#month8_style</styleUrl>
        <Point>
          <coordinates>15.258863,-18.985187,0</coordinates>
        </Point>
      </Placemark>
      <Placemark>
        <name>Duiwelsvuur - Month 8</name>
        <description>Waterhole: Duiwelsvuur, Month: 8, Time: 2010-08-13 16:01:00, Lon: 15.259681, Lat: -18.987531</description>
        <styleUrl>#month8_style</styleUrl>
        <Point>
          <coordinates>15.259681,-18.987531,0</coordinates>
        </Point>
      </Placemark>
      <Placemark>
        <name>Duiwelsvuur - Month 8</name>
        <description>Waterhole: Duiwelsvuur, Month: 8, Time: 2010-08-13 16:21:00, Lon: 15.258525, Lat: -18.985803</description>
        <styleUrl>#month8_style</styleUrl>
        <Point>
          <coordinates>15.258525,-18.985803,0</coordinates>
        </Point>
      </Placemark>
      <Placemark>
        <name>Duiwelsvuur - Month 8</name>
        <description>Waterhole: Duiwelsvuur, Month: 8, Time: 2010-08-13 16:41:00, Lon: 15.257016, Lat: -18.984857</description>
        <styleUrl>#month8_style</styleUrl>
        <Point>
          <coordinates>15.257016,-18.984857,0</coordinates>
        </Point>
      </Placemark>
      <Placemark>
        <name>Duiwelsvuur - Month 8</name>
        <description>Waterhole: Duiwelsvuur, Month: 8, Time: 2010-08-13 17:01:00, Lon: 15.255173, Lat: -18.983816</description>
        <styleUrl>#month8_style</styleUrl>
        <Point>
          <coordinates>15.255173,-18.983816,0</coordinates>
        </Point>
      </Placemark>
      <Placemark>
        <name>Duiwelsvuur - Month 8</name>
        <description>Waterhole: Duiwelsvuur, Month: 8, Time: 2010-08-13 17:21:00, Lon: 15.253704, Lat: -18.983435</description>
        <styleUrl>#month8_style</styleUrl>
        <Point>
          <coordinates>15.253704,-18.983435,0</coordinates>
        </Point>
      </Placemark>
      <Placemark>
        <name>Duiwelsvuur - Month 8</name>
        <description>Waterhole: Duiwelsvuur, Month: 8, Time: 2010-08-14 08:01:00, Lon: 15.261010, Lat: -18.979980</description>
        <styleUrl>#month8_style</styleUrl>
        <Point>
          <coordinates>15.261010,-18.979980,0</coordinates>
        </Point>
      </Placemark>
      <Placemark>
        <name>Duiwelsvuur - Month 8</name>
        <description>Waterhole: Duiwelsvuur, Month: 8, Time: 2010-08-14 08:21:00, Lon: 15.260562, Lat: -18.983567</description>
        <styleUrl>#month8_style</styleUrl>
        <Point>
          <coordinates>15.260562,-18.983567,0</coordinates>
        </Point>
      </Placemark>
      <Placemark>
        <name>Duiwelsvuur - Month 8</name>
        <description>Waterhole: Duiwelsvuur, Month: 8, Time: 2010-08-14 08:41:00, Lon: 15.260569, Lat: -18.983573</description>
        <styleUrl>#month8_style</styleUrl>
        <Point>
          <coordinates>15.260569,-18.983573,0</coordinates>
        </Point>
      </Placemark>
      <Placemark>
        <name>Duiwelsvuur - Month 8</name>
        <description>Waterhole: Duiwelsvuur, Month: 8, Time: 2010-08-14 09:01:00, Lon: 15.260018, Lat: -18.983559</description>
        <styleUrl>#month8_style</styleUrl>
        <Point>
          <coordinates>15.260018,-18.983559,0</coordinates>
        </Point>
      </Placemark>
      <Placemark>
        <name>Duiwelsvuur - Month 8</name>
        <description>Waterhole: Duiwelsvuur, Month: 8, Time: 2010-08-14 09:21:00, Lon: 15.260042, Lat: -18.984113</description>
        <styleUrl>#month8_style</styleUrl>
        <Point>
          <coordinates>15.260042,-18.984113,0</coordinates>
        </Point>
      </Placemark>
      <Placemark>
        <name>Duiwelsvuur - Month 8</name>
        <description>Waterhole: Duiwelsvuur, Month: 8, Time: 2010-08-14 09:41:00, Lon: 15.259270, Lat: -18.982825</description>
        <styleUrl>#month8_style</styleUrl>
        <Point>
          <coordinates>15.259270,-18.982825,0</coordinates>
        </Point>
      </Placemark>
      <Placemark>
        <name>Duiwelsvuur - Month 8</name>
        <description>Waterhole: Duiwelsvuur, Month: 8, Time: 2010-08-14 10:01:00, Lon: 15.259185, Lat: -18.983107</description>
        <styleUrl>#month8_style</styleUrl>
        <Point>
          <coordinates>15.259185,-18.983107,0</coordinates>
        </Point>
      </Placemark>
      <Placemark>
        <name>Duiwelsvuur - Month 8</name>
        <description>Waterhole: Duiwelsvuur, Month: 8, Time: 2010-08-14 10:21:00, Lon: 15.259247, Lat: -18.982998</description>
        <styleUrl>#month8_style</styleUrl>
        <Point>
          <coordinates>15.259247,-18.982998,0</coordinates>
        </Point>
      </Placemark>
      <Placemark>
        <name>Duiwelsvuur - Month 8</name>
        <description>Waterhole: Duiwelsvuur, Month: 8, Time: 2010-08-14 10:41:00, Lon: 15.259337, Lat: -18.983177</description>
        <styleUrl>#month8_style</styleUrl>
        <Point>
          <coordinates>15.259337,-18.983177,0</coordinates>
        </Point>
      </Placemark>
      <Placemark>
        <name>Duiwelsvuur - Month 8</name>
        <description>Waterhole: Duiwelsvuur, Month: 8, Time: 2010-08-14 11:01:00, Lon: 15.259350, Lat: -18.983160</description>
        <styleUrl>#month8_style</styleUrl>
        <Point>
          <coordinates>15.259350,-18.983160,0</coordinates>
        </Point>
      </Placemark>
      <Placemark>
        <name>Duiwelsvuur - Month 8</name>
        <description>Waterhole: Duiwelsvuur, Month: 8, Time: 2010-08-14 11:21:00, Lon: 15.259357, Lat: -18.983171</description>
        <styleUrl>#month8_style</styleUrl>
        <Point>
          <coordinates>15.259357,-18.983171,0</coordinates>
        </Point>
      </Placemark>
      <Placemark>
        <name>Duiwelsvuur - Month 8</name>
        <description>Waterhole: Duiwelsvuur, Month: 8, Time: 2010-08-14 11:41:00, Lon: 15.260004, Lat: -18.986879</description>
        <styleUrl>#month8_style</styleUrl>
        <Point>
          <coordinates>15.260004,-18.986879,0</coordinates>
        </Point>
      </Placemark>
      <Placemark>
        <name>Duiwelsvuur - Month 8</name>
        <description>Waterhole: Duiwelsvuur, Month: 8, Time: 2010-08-14 12:01:00, Lon: 15.259756, Lat: -18.987441</description>
        <styleUrl>#month8_style</styleUrl>
        <Point>
          <coordinates>15.259756,-18.987441,0</coordinates>
        </Point>
      </Placemark>
      <Placemark>
        <name>Duiwelsvuur - Month 8</name>
        <description>Waterhole: Duiwelsvuur, Month: 8, Time: 2010-08-14 12:21:00, Lon: 15.259791, Lat: -18.987443</description>
        <styleUrl>#month8_style</styleUrl>
        <Point>
          <coordinates>15.259791,-18.987443,0</coordinates>
        </Point>
      </Placemark>
      <Placemark>
        <name>Duiwelsvuur - Month 8</name>
        <description>Waterhole: Duiwelsvuur, Month: 8, Time: 2010-08-14 12:41:00, Lon: 15.259692, Lat: -18.987455</description>
        <styleUrl>#month8_style</styleUrl>
        <Point>
          <coordinates>15.259692,-18.987455,0</coordinates>
        </Point>
      </Placemark>
      <Placemark>
        <name>Duiwelsvuur - Month 8</name>
        <description>Waterhole: Duiwelsvuur, Month: 8, Time: 2010-08-14 13:01:00, Lon: 15.259893, Lat: -18.987683</description>
        <styleUrl>#month8_style</styleUrl>
        <Point>
          <coordinates>15.259893,-18.987683,0</coordinates>
        </Point>
      </Placemark>
      <Placemark>
        <name>Duiwelsvuur - Month 8</name>
        <description>Waterhole: Duiwelsvuur, Month: 8, Time: 2010-08-14 13:21:00, Lon: 15.259741, Lat: -18.987708</description>
        <styleUrl>#month8_style</styleUrl>
        <Point>
          <coordinates>15.259741,-18.987708,0</coordinates>
        </Point>
      </Placemark>
      <Placemark>
        <name>Duiwelsvuur - Month 8</name>
        <description>Waterhole: Duiwelsvuur, Month: 8, Time: 2010-08-14 13:41:00, Lon: 15.259629, Lat: -18.987801</description>
        <styleUrl>#month8_style</styleUrl>
        <Point>
          <coordinates>15.259629,-18.987801,0</coordinates>
        </Point>
      </Placemark>
      <Placemark>
        <name>Duiwelsvuur - Month 8</name>
        <description>Waterhole: Duiwelsvuur, Month: 8, Time: 2010-08-14 14:01:00, Lon: 15.259823, Lat: -18.987828</description>
        <styleUrl>#month8_style</styleUrl>
        <Point>
          <coordinates>15.259823,-18.987828,0</coordinates>
        </Point>
      </Placemark>
      <Placemark>
        <name>Duiwelsvuur - Month 8</name>
        <description>Waterhole: Duiwelsvuur, Month: 8, Time: 2010-08-14 14:21:00, Lon: 15.262325, Lat: -18.985990</description>
        <styleUrl>#month8_style</styleUrl>
        <Point>
          <coordinates>15.262325,-18.985990,0</coordinates>
        </Point>
      </Placemark>
      <Placemark>
        <name>Sonderkop waterhole - Month 8</name>
        <description>Waterhole: Sonderkop waterhole, Month: 8, Time: 2010-08-14 21:01:00, Lon: 15.328200, Lat: -18.968980</description>
        <styleUrl>#month8_style</styleUrl>
        <Point>
          <coordinates>15.328200,-18.968980,0</coordinates>
        </Point>
      </Placemark>
      <Placemark>
        <name>Sonderkop waterhole - Month 8</name>
        <description>Waterhole: Sonderkop waterhole, Month: 8, Time: 2010-08-14 21:21:00, Lon: 15.329288, Lat: -18.967820</description>
        <styleUrl>#month8_style</styleUrl>
        <Point>
          <coordinates>15.329288,-18.967820,0</coordinates>
        </Point>
      </Placemark>
      <Placemark>
        <name>Ozonjuitji m'Bari - Month 1</name>
        <description>Waterhole: Ozonjuitji m'Bari, Month: 1, Time: 2010-01-05 18:01:00, Lon: 15.503607, Lat: -18.976687</description>
        <styleUrl>#month1_style</styleUrl>
        <Point>
          <coordinates>15.503607,-18.976687,0</coordinates>
        </Point>
      </Placemark>
      <Placemark>
        <name>Ozonjuitji m'Bari - Month 1</name>
        <description>Waterhole: Ozonjuitji m'Bari, Month: 1, Time: 2010-01-05 18:21:00, Lon: 15.503887, Lat: -18.975775</description>
        <styleUrl>#month1_style</styleUrl>
        <Point>
          <coordinates>15.503887,-18.975775,0</coordinates>
        </Point>
      </Placemark>
      <Placemark>
        <name>Ozonjuitji m'Bari - Month 1</name>
        <description>Waterhole: Ozonjuitji m'Bari, Month: 1, Time: 2010-01-05 18:41:00, Lon: 15.504174, Lat: -18.973236</description>
        <styleUrl>#month1_style</styleUrl>
        <Point>
          <coordinates>15.504174,-18.973236,0</coordinates>
        </Point>
      </Placemark>
      <Placemark>
        <name>Ozonjuitji m'Bari - Month 1</name>
        <description>Waterhole: Ozonjuitji m'Bari, Month: 1, Time: 2010-01-05 19:01:00, Lon: 15.504907, Lat: -18.971413</description>
        <styleUrl>#month1_style</styleUrl>
        <Point>
          <coordinates>15.504907,-18.971413,0</coordinates>
        </Point>
      </Placemark>
      <Placemark>
        <name>Sonderkop waterhole - Month 1</name>
        <description>Waterhole: Sonderkop waterhole, Month: 1, Time: 2010-01-06 23:21:00, Lon: 15.327767, Lat: -18.967883</description>
        <styleUrl>#month1_style</styleUrl>
        <Point>
          <coordinates>15.327767,-18.967883,0</coordinates>
        </Point>
      </Placemark>
      <Placemark>
        <name>Duiwelsvuur - Month 1</name>
        <description>Waterhole: Duiwelsvuur, Month: 1, Time: 2010-01-08 14:41:00, Lon: 15.256003, Lat: -18.996360</description>
        <styleUrl>#month1_style</styleUrl>
        <Point>
          <coordinates>15.256003,-18.996360,0</coordinates>
        </Point>
      </Placemark>
      <Placemark>
        <name>Duiwelsvuur - Month 1</name>
        <description>Waterhole: Duiwelsvuur, Month: 1, Time: 2010-01-08 15:01:00, Lon: 15.259699, Lat: -18.987653</description>
        <styleUrl>#month1_style</styleUrl>
        <Point>
          <coordinates>15.259699,-18.987653,0</coordinates>
        </Point>
      </Placemark>
      <Placemark>
        <name>Duiwelsvuur - Month 1</name>
        <description>Waterhole: Duiwelsvuur, Month: 1, Time: 2010-01-08 15:21:00, Lon: 15.258916, Lat: -18.984558</description>
        <styleUrl>#month1_style</styleUrl>
        <Point>
          <coordinates>15.258916,-18.984558,0</coordinates>
        </Point>
      </Placemark>
      <Placemark>
        <name>Sonderkop waterhole - Month 2</name>
        <description>Waterhole: Sonderkop waterhole, Month: 2, Time: 2010-02-25 18:22:00, Lon: 15.327838, Lat: -18.969411</description>
        <styleUrl>#month2_style</styleUrl>
        <Point>
          <coordinates>15.327838,-18.969411,0</coordinates>
        </Point>
      </Placemark>
      <Placemark>
        <name>Sonderkop waterhole - Month 2</name>
        <description>Waterhole: Sonderkop waterhole, Month: 2, Time: 2010-02-25 18:42:00, Lon: 15.334712, Lat: -18.972272</description>
        <styleUrl>#month2_style</styleUrl>
        <Point>
          <coordinates>15.334712,-18.972272,0</coordinates>
        </Point>
      </Placemark>
      <Placemark>
        <name>Duiwelsvuur - Month 2</name>
        <description>Waterhole: Duiwelsvuur, Month: 2, Time: 2010-02-28 19:21:00, Lon: 15.262252, Lat: -18.980876</description>
        <styleUrl>#month2_style</styleUrl>
        <Point>
          <coordinates>15.262252,-18.980876,0</coordinates>
        </Point>
      </Placemark>
      <Placemark>
        <name>Duiwelsvuur - Month 2</name>
        <description>Waterhole: Duiwelsvuur, Month: 2, Time: 2010-02-28 19:41:00, Lon: 15.257361, Lat: -18.988833</description>
        <styleUrl>#month2_style</styleUrl>
        <Point>
          <coordinates>15.257361,-18.988833,0</coordinates>
        </Point>
      </Placemark>
      <Placemark>
        <name>Arendsnes - Month 3</name>
        <description>Waterhole: Arendsnes, Month: 3, Time: 2010-03-10 20:21:00, Lon: 15.404453, Lat: -18.976719</description>
        <styleUrl>#month3_style</styleUrl>
        <Point>
          <coordinates>15.404453,-18.976719,0</coordinates>
        </Point>
      </Placemark>
      <Placemark>
        <name>Arendsnes - Month 3</name>
        <description>Waterhole: Arendsnes, Month: 3, Time: 2010-03-10 20:41:00, Lon: 15.409298, Lat: -18.977466</description>
        <styleUrl>#month3_style</styleUrl>
        <Point>
          <coordinates>15.409298,-18.977466,0</coordinates>
        </Point>
      </Placemark>
      <Placemark>
        <name>Arendsnes - Month 3</name>
        <description>Waterhole: Arendsnes, Month: 3, Time: 2010-03-10 21:01:00, Lon: 15.409402, Lat: -18.977667</description>
        <styleUrl>#month3_style</styleUrl>
        <Point>
          <coordinates>15.409402,-18.977667,0</coordinates>
        </Point>
      </Placemark>
      <Placemark>
        <name>Arendsnes - Month 3</name>
        <description>Waterhole: Arendsnes, Month: 3, Time: 2010-03-10 21:21:00, Lon: 15.409149, Lat: -18.977655</description>
        <styleUrl>#month3_style</styleUrl>
        <Point>
          <coordinates>15.409149,-18.977655,0</coordinates>
        </Point>
      </Placemark>
      <Placemark>
        <name>Arendsnes - Month 3</name>
        <description>Waterhole: Arendsnes, Month: 3, Time: 2010-03-10 21:41:00, Lon: 15.408705, Lat: -18.976762</description>
        <styleUrl>#month3_style</styleUrl>
        <Point>
          <coordinates>15.408705,-18.976762,0</coordinates>
        </Point>
      </Placemark>
      <Placemark>
        <name>Arendsnes - Month 3</name>
        <description>Waterhole: Arendsnes, Month: 3, Time: 2010-03-10 22:01:00, Lon: 15.408636, Lat: -18.976687</description>
        <styleUrl>#month3_style</styleUrl>
        <Point>
          <coordinates>15.408636,-18.976687,0</coordinates>
        </Point>
      </Placemark>
      <Placemark>
        <name>Arendsnes - Month 3</name>
        <description>Waterhole: Arendsnes, Month: 3, Time: 2010-03-10 22:21:00, Lon: 15.409413, Lat: -18.974109</description>
        <styleUrl>#month3_style</styleUrl>
        <Point>
          <coordinates>15.409413,-18.974109,0</coordinates>
        </Point>
      </Placemark>
      <Placemark>
        <name>Arendsnes - Month 3</name>
        <description>Waterhole: Arendsnes, Month: 3, Time: 2010-03-10 22:41:00, Lon: 15.410046, Lat: -18.970941</description>
        <styleUrl>#month3_style</styleUrl>
        <Point>
          <coordinates>15.410046,-18.970941,0</coordinates>
        </Point>
      </Placemark>
      <Placemark>
        <name>Arendsnes - Month 3</name>
        <description>Waterhole: Arendsnes, Month: 3, Time: 2010-03-10 23:01:00, Lon: 15.410343, Lat: -18.969364</description>
        <styleUrl>#month3_style</styleUrl>
        <Point>
          <coordinates>15.410343,-18.969364,0</coordinates>
        </Point>
      </Placemark>
      <Placemark>
        <name>Arendsnes - Month 3</name>
        <description>Waterhole: Arendsnes, Month: 3, Time: 2010-03-12 23:21:00, Lon: 15.409388, Lat: -18.976982</description>
        <styleUrl>#month3_style</styleUrl>
        <Point>
          <coordinates>15.409388,-18.976982,0</coordinates>
        </Point>
      </Placemark>
      <Placemark>
        <name>Arendsnes - Month 3</name>
        <description>Waterhole: Arendsnes, Month: 3, Time: 2010-03-12 23:41:00, Lon: 15.408182, Lat: -18.984381</description>
        <styleUrl>#month3_style</styleUrl>
        <Point>
          <coordinates>15.408182,-18.984381,0</coordinates>
        </Point>
      </Placemark>
      <Placemark>
        <name>Bitterwater Waterhole - Month 3</name>
        <description>Waterhole: Bitterwater Waterhole, Month: 3, Time: 2010-03-13 21:21:00, Lon: 15.166431, Lat: -18.976628</description>
        <styleUrl>#month3_style</styleUrl>
        <Point>
          <coordinates>15.166431,-18.976628,0</coordinates>
        </Point>
      </Placemark>
      <Placemark>
        <name>Bitterwater Waterhole - Month 3</name>
        <description>Waterhole: Bitterwater Waterhole, Month: 3, Time: 2010-03-13 21:41:00, Lon: 15.157065, Lat: -18.978001</description>
        <styleUrl>#month3_style</styleUrl>
        <Point>
          <coordinates>15.157065,-18.978001,0</coordinates>
        </Point>
      </Placemark>
      <Placemark>
        <name>Teespoet waterhole - Month 3</name>
        <description>Waterhole: Teespoet waterhole, Month: 3, Time: 2010-03-24 17:21:00, Lon: 15.061698, Lat: -18.980027</description>
        <styleUrl>#month3_style</styleUrl>
        <Point>
          <coordinates>15.061698,-18.980027,0</coordinates>
        </Point>
      </Placemark>
      <Placemark>
        <name>Teespoet waterhole - Month 3</name>
        <description>Waterhole: Teespoet waterhole, Month: 3, Time: 2010-03-24 17:41:00, Lon: 15.060726, Lat: -18.979588</description>
        <styleUrl>#month3_style</styleUrl>
        <Point>
          <coordinates>15.060726,-18.979588,0</coordinates>
        </Point>
      </Placemark>
      <Placemark>
        <name>Tobieroen - Month 3</name>
        <description>Waterhole: Tobieroen, Month: 3, Time: 2010-03-26 16:41:00, Lon: 14.961281, Lat: -18.979594</description>
        <styleUrl>#month3_style</styleUrl>
        <Point>
          <coordinates>14.961281,-18.979594,0</coordinates>
        </Point>
      </Placemark>
      <Placemark>
        <name>Tobieroen - Month 3</name>
        <description>Waterhole: Tobieroen, Month: 3, Time: 2010-03-26 17:01:00, Lon: 14.958537, Lat: -18.972650</description>
        <styleUrl>#month3_style</styleUrl>
        <Point>
          <coordinates>14.958537,-18.972650,0</coordinates>
        </Point>
      </Placemark>
      <Placemark>
        <name>Tobieroen - Month 3</name>
        <description>Waterhole: Tobieroen, Month: 3, Time: 2010-03-26 17:21:00, Lon: 14.961237, Lat: -18.969065</description>
        <styleUrl>#month3_style</styleUrl>
        <Point>
          <coordinates>14.961237,-18.969065,0</coordinates>
        </Point>
      </Placemark>
      <Placemark>
        <name>Tobieroen - Month 3</name>
        <description>Waterhole: Tobieroen, Month: 3, Time: 2010-03-27 17:41:00, Lon: 14.965738, Lat: -18.973165</description>
        <styleUrl>#month3_style</styleUrl>
        <Point>
          <coordinates>14.965738,-18.973165,0</coordinates>
        </Point>
      </Placemark>
      <Placemark>
        <name>Tobieroen - Month 3</name>
        <description>Waterhole: Tobieroen, Month: 3, Time: 2010-03-27 18:01:00, Lon: 14.961005, Lat: -18.971936</description>
        <styleUrl>#month3_style</styleUrl>
        <Point>
          <coordinates>14.961005,-18.971936,0</coordinates>
        </Point>
      </Placemark>
      <Placemark>
        <name>Tobieroen - Month 3</name>
        <description>Waterhole: Tobieroen, Month: 3, Time: 2010-03-27 18:21:00, Lon: 14.957659, Lat: -18.971515</description>
        <styleUrl>#month3_style</styleUrl>
        <Point>
          <coordinates>14.957659,-18.971515,0</coordinates>
        </Point>
      </Placemark>
      <Placemark>
        <name>Tobieroen - Month 3</name>
        <description>Waterhole: Tobieroen, Month: 3, Time: 2010-03-27 18:41:00, Lon: 14.957194, Lat: -18.970962</description>
        <styleUrl>#month3_style</styleUrl>
        <Point>
          <coordinates>14.957194,-18.970962,0</coordinates>
        </Point>
      </Placemark>
      <Placemark>
        <name>Tobieroen - Month 3</name>
        <description>Waterhole: Tobieroen, Month: 3, Time: 2010-03-27 19:01:00, Lon: 14.957683, Lat: -18.972681</description>
        <styleUrl>#month3_style</styleUrl>
        <Point>
          <coordinates>14.957683,-18.972681,0</coordinates>
        </Point>
      </Placemark>
      <Placemark>
        <name>Tobieroen - Month 3</name>
        <description>Waterhole: Tobieroen, Month: 3, Time: 2010-03-27 19:21:00, Lon: 14.957688, Lat: -18.977427</description>
        <styleUrl>#month3_style</styleUrl>
        <Point>
          <coordinates>14.957688,-18.977427,0</coordinates>
        </Point>
      </Placemark>
      <Placemark>
        <name>Ozonjuitji m'Bari - Month 4</name>
        <description>Waterhole: Ozonjuitji m'Bari, Month: 4, Time: 2010-04-12 17:21:00, Lon: 15.497057, Lat: -18.974921</description>
        <styleUrl>#month4_style</styleUrl>
        <Point>
          <coordinates>15.497057,-18.974921,0</coordinates>
        </Point>
      </Placemark>
      <Placemark>
        <name>Ozonjuitji m'Bari - Month 4</name>
        <description>Waterhole: Ozonjuitji m'Bari, Month: 4, Time: 2010-04-12 17:41:00, Lon: 15.503751, Lat: -18.976164</description>
        <styleUrl>#month4_style</styleUrl>
        <Point>
          <coordinates>15.503751,-18.976164,0</coordinates>
        </Point>
      </Placemark>
      <Placemark>
        <name>Ozonjuitji m'Bari - Month 4</name>
        <description>Waterhole: Ozonjuitji m'Bari, Month: 4, Time: 2010-04-12 18:01:00, Lon: 15.503735, Lat: -18.977590</description>
        <styleUrl>#month4_style</styleUrl>
        <Point>
          <coordinates>15.503735,-18.977590,0</coordinates>
        </Point>
      </Placemark>
      <Placemark>
        <name>Duiwelsvuur - Month 4</name>
        <description>Waterhole: Duiwelsvuur, Month: 4, Time: 2010-04-23 14:41:00, Lon: 15.259757, Lat: -18.987630</description>
        <styleUrl>#month4_style</styleUrl>
        <Point>
          <coordinates>15.259757,-18.987630,0</coordinates>
        </Point>
      </Placemark>
      <Placemark>
        <name>Duiwelsvuur - Month 4</name>
        <description>Waterhole: Duiwelsvuur, Month: 4, Time: 2010-04-23 15:01:00, Lon: 15.259721, Lat: -18.987644</description>
        <styleUrl>#month4_style</styleUrl>
        <Point>
          <coordinates>15.259721,-18.987644,0</coordinates>
        </Point>
      </Placemark>
      <Placemark>
        <name>Duiwelsvuur - Month 4</name>
        <description>Waterhole: Duiwelsvuur, Month: 4, Time: 2010-04-23 15:21:00, Lon: 15.260641, Lat: -18.988440</description>
        <styleUrl>#month4_style</styleUrl>
        <Point>
          <coordinates>15.260641,-18.988440,0</coordinates>
        </Point>
      </Placemark>
      <Placemark>
        <name>Duiwelsvuur - Month 4</name>
        <description>Waterhole: Duiwelsvuur, Month: 4, Time: 2010-04-23 15:41:00, Lon: 15.264601, Lat: -18.991880</description>
        <styleUrl>#month4_style</styleUrl>
        <Point>
          <coordinates>15.264601,-18.991880,0</coordinates>
        </Point>
      </Placemark>
      <Placemark>
        <name>Sonderkop waterhole - Month 4</name>
        <description>Waterhole: Sonderkop waterhole, Month: 4, Time: 2010-04-24 18:21:00, Lon: 15.327511, Lat: -18.971399</description>
        <styleUrl>#month4_style</styleUrl>
        <Point>
          <coordinates>15.327511,-18.971399,0</coordinates>
        </Point>
      </Placemark>
      <Placemark>
        <name>Sonderkop waterhole - Month 4</name>
        <description>Waterhole: Sonderkop waterhole, Month: 4, Time: 2010-04-24 18:41:00, Lon: 15.328021, Lat: -18.968520</description>
        <styleUrl>#month4_style</styleUrl>
        <Point>
          <coordinates>15.328021,-18.968520,0</coordinates>
        </Point>
      </Placemark>
      <Placemark>
        <name>Sonderkop waterhole - Month 4</name>
        <description>Waterhole: Sonderkop waterhole, Month: 4, Time: 2010-04-24 19:01:00, Lon: 15.327736, Lat: -18.967629</description>
        <styleUrl>#month4_style</styleUrl>
        <Point>
          <coordinates>15.327736,-18.967629,0</coordinates>
        </Point>
      </Placemark>
      <Placemark>
        <name>Sonderkop waterhole - Month 4</name>
        <description>Waterhole: Sonderkop waterhole, Month: 4, Time: 2010-04-24 19:21:00, Lon: 15.326105, Lat: -18.963820</description>
        <styleUrl>#month4_style</styleUrl>
        <Point>
          <coordinates>15.326105,-18.963820,0</coordinates>
        </Point>
      </Placemark>
      <Placemark>
        <name>Sonderkop waterhole - Month 4</name>
        <description>Waterhole: Sonderkop waterhole, Month: 4, Time: 2010-04-24 19:41:00, Lon: 15.319187, Lat: -18.968960</description>
        <styleUrl>#month4_style</styleUrl>
        <Point>
          <coordinates>15.319187,-18.968960,0</coordinates>
        </Point>
      </Placemark>
      <Placemark>
        <name>Duiwelsvuur - Month 4</name>
        <description>Waterhole: Duiwelsvuur, Month: 4, Time: 2010-04-24 22:01:00, Lon: 15.266490, Lat: -18.986379</description>
        <styleUrl>#month4_style</styleUrl>
        <Point>
          <coordinates>15.266490,-18.986379,0</coordinates>
        </Point>
      </Placemark>
      <Placemark>
        <name>Duiwelsvuur - Month 4</name>
        <description>Waterhole: Duiwelsvuur, Month: 4, Time: 2010-04-24 22:21:00, Lon: 15.256665, Lat: -18.993797</description>
        <styleUrl>#month4_style</styleUrl>
        <Point>
          <coordinates>15.256665,-18.993797,0</coordinates>
        </Point>
      </Placemark>
    </Folder>
  </Document>
</kml>
