Longitude,Latitude,individual-local-identifier,Date,timeAPM,Time,Season
15.99471741,-19.17376506,LA1,2008-10-28,12:00:48 AM,00:00:00,Hot-Dry
15.99515177,-19.17648112,LA1,2008-10-28,12:30:38 AM,00:30:00,Hot-Dry
15.99589844,-19.17914429,LA1,2008-10-28,12:45:48 AM,00:45:00,Hot-Dry
15.99598287,-19.17928263,LA1,2008-10-28,01:00:48 AM,01:00:00,Hot-Dry
15.99816691,-19.18203328,LA1,2008-10-28,01:30:48 AM,01:30:00,Hot-Dry
15.99806925,-19.1820577,LA1,2008-10-28,01:45:48 AM,01:45:00,Hot-Dry
15.99814453,-19.18215129,LA1,2008-10-28,02:00:48 AM,02:00:00,Hot-Dry
15.9993276,-19.18432414,LA1,2008-10-28,02:30:48 AM,02:30:00,Hot-Dry
15.99934387,-19.18457845,LA1,2008-10-28,02:45:48 AM,02:45:00,Hot-Dry
16.00010783,-19.18404948,LA1,2008-10-28,03:00:48 AM,03:00:00,Hot-Dry
16.00008138,-19.18403931,LA1,2008-10-28,03:30:48 AM,03:30:00,Hot-Dry
16.00010376,-19.18406169,LA1,2008-10-28,03:45:48 AM,03:45:00,Hot-Dry
16.00003866,-19.18399455,LA1,2008-10-28,04:00:48 AM,04:00:00,Hot-Dry
16.0000885,-19.1840271,LA1,2008-10-28,04:30:48 AM,04:30:00,Hot-Dry
16.00014954,-19.18406982,LA1,2008-10-28,04:45:48 AM,04:45:00,Hot-Dry
16.00008138,-19.18416545,LA1,2008-10-28,05:00:48 AM,05:00:00,Hot-Dry
16.00007935,-19.18419189,LA1,2008-10-28,05:30:48 AM,05:30:00,Hot-Dry
15.99987691,-19.18418376,LA1,2008-10-28,05:45:48 AM,05:45:00,Hot-Dry
15.99984233,-19.18420003,LA1,2008-10-28,06:00:48 AM,06:00:00,Hot-Dry
15.99970601,-19.18412476,LA1,2008-10-28,06:30:48 AM,06:30:00,Hot-Dry
15.99967346,-19.18410034,LA1,2008-10-28,06:45:48 AM,06:45:00,Hot-Dry
15.99939575,-19.18370565,LA1,2008-10-28,07:00:48 AM,07:00:00,Hot-Dry
15.99886678,-19.18340861,LA1,2008-10-28,07:30:48 AM,07:30:00,Hot-Dry
15.99824829,-19.1828715,LA1,2008-10-28,07:45:48 AM,07:45:00,Hot-Dry
15.9976003,-19.18225301,LA1,2008-10-28,08:00:48 AM,08:00:00,Hot-Dry
15.99677226,-19.18137817,LA1,2008-10-28,08:30:38 AM,08:30:00,Hot-Dry
15.99686788,-19.18105672,LA1,2008-10-28,08:45:38 AM,08:45:00,Hot-Dry
15.99681193,-19.18006185,LA1,2008-10-28,09:00:38 AM,09:00:00,Hot-Dry
15.9958842,-19.17703451,LA1,2008-10-28,09:30:38 AM,09:30:00,Hot-Dry
15.99470418,-19.17394206,LA1,2008-10-28,09:45:38 AM,09:45:00,Hot-Dry
15.99488627,-19.17142334,LA1,2008-10-28,10:00:38 AM,10:00:00,Hot-Dry
15.99584452,-19.16314901,LA1,2008-10-28,10:30:38 AM,10:30:00,Hot-Dry
15.99584147,-19.1632019,LA1,2008-10-28,10:45:38 AM,10:45:00,Hot-Dry
15.99583232,-19.16320597,LA1,2008-10-28,11:00:38 AM,11:00:00,Hot-Dry
15.99570618,-19.16320394,LA1,2008-10-28,11:30:38 AM,11:30:00,Hot-Dry
15.99262899,-19.16727905,LA1,2008-10-28,11:45:38 AM,11:45:00,Hot-Dry
15.99236145,-19.16831258,LA1,2008-10-28,12:00:38 PM,12:00:00,Hot-Dry
15.99173991,-19.16934001,LA1,2008-10-28,12:30:38 PM,12:30:00,Hot-Dry
15.99173177,-19.16933797,LA1,2008-10-28,12:45:38 PM,12:45:00,Hot-Dry
15.99173584,-19.16936035,LA1,2008-10-28,01:00:38 PM,13:00:00,Hot-Dry
15.9923116,-19.16868896,LA1,2008-10-28,01:30:38 PM,13:30:00,Hot-Dry
15.99230855,-19.16869303,LA1,2008-10-28,01:45:38 PM,13:45:00,Hot-Dry
15.99580994,-19.1631307,LA1,2008-10-28,02:00:48 PM,14:00:00,Hot-Dry
15.99179179,-19.16630859,LA1,2008-10-28,02:30:48 PM,14:30:00,Hot-Dry
15.99022624,-19.17173055,LA1,2008-10-28,02:45:48 PM,14:45:00,Hot-Dry
15.99010518,-19.17206217,LA1,2008-10-28,03:00:48 PM,15:00:00,Hot-Dry
15.98878479,-19.17701416,LA1,2008-10-28,03:30:48 PM,15:30:00,Hot-Dry
15.98756307,-19.17950643,LA1,2008-10-28,03:45:48 PM,15:45:00,Hot-Dry
15.98749288,-19.17970581,LA1,2008-10-28,04:00:48 PM,16:00:00,Hot-Dry
15.98746643,-19.17970174,LA1,2008-10-28,04:20:38 PM,16:20:00,Hot-Dry
15.98719177,-19.18084106,LA1,2008-10-28,04:40:38 PM,16:40:00,Hot-Dry
15.986321,-19.18202718,LA1,2008-10-28,05:00:38 PM,17:00:00,Hot-Dry
15.98633321,-19.18241374,LA1,2008-10-28,05:20:38 PM,17:20:00,Hot-Dry
15.9861908,-19.18314819,LA1,2008-10-28,05:40:38 PM,17:40:00,Hot-Dry
15.98571879,-19.18346354,LA1,2008-10-28,06:00:38 PM,18:00:00,Hot-Dry
15.98390706,-19.18566488,LA1,2008-10-28,06:20:38 PM,18:20:00,Hot-Dry
15.98390605,-19.18566081,LA1,2008-10-28,06:40:38 PM,18:40:00,Hot-Dry
15.98351135,-19.18666789,LA1,2008-10-28,07:00:38 PM,19:00:00,Hot-Dry
15.9774587,-19.18844808,LA1,2008-10-28,07:20:48 PM,19:20:00,Hot-Dry
15.97694499,-19.18862712,LA1,2008-10-28,07:40:48 PM,19:40:00,Hot-Dry
15.97638855,-19.18918254,LA1,2008-10-28,08:00:48 PM,20:00:00,Hot-Dry
15.97601318,-19.19012655,LA1,2008-10-28,08:20:48 PM,20:20:00,Hot-Dry
15.97533671,-19.18966675,LA1,2008-10-28,08:40:48 PM,20:40:00,Hot-Dry
15.9748291,-19.18879395,LA1,2008-10-28,09:00:48 PM,21:00:00,Hot-Dry
15.97471313,-19.18866781,LA1,2008-10-28,09:20:48 PM,21:20:00,Hot-Dry
15.97453918,-19.19063517,LA1,2008-10-28,09:40:48 PM,21:40:00,Hot-Dry
15.97521667,-19.19245605,LA1,2008-10-28,10:00:48 PM,22:00:00,Hot-Dry
15.97546895,-19.19301961,LA1,2008-10-28,10:20:48 PM,22:20:00,Hot-Dry
15.97556661,-19.19389242,LA1,2008-10-28,10:40:48 PM,22:40:00,Hot-Dry
15.97552694,-19.19408569,LA1,2008-10-28,11:00:48 PM,23:00:00,Hot-Dry
15.9755188,-19.19408162,LA1,2008-10-28,11:20:48 PM,23:20:00,Hot-Dry
15.97554525,-19.19409993,LA1,2008-10-28,11:40:48 PM,23:40:00,Hot-Dry
15.97546997,-19.19414876,LA1,2008-10-29,12:00:48 AM,00:00:00,Hot-Dry
15.97550456,-19.19415894,LA1,2008-10-29,12:20:38 AM,00:20:00,Hot-Dry
15.97548828,-19.19418335,LA1,2008-10-29,12:40:38 AM,00:40:00,Hot-Dry
15.97550863,-19.19415487,LA1,2008-10-29,01:00:38 AM,01:00:00,Hot-Dry
15.97556458,-19.1940979,LA1,2008-10-29,01:20:38 AM,01:20:00,Hot-Dry
15.97558492,-19.19408162,LA1,2008-10-29,01:40:38 AM,01:40:00,Hot-Dry
15.97643127,-19.19484456,LA1,2008-10-29,02:00:38 AM,02:00:00,Hot-Dry
15.97676493,-19.1952535,LA1,2008-10-29,02:20:38 AM,02:20:00,Hot-Dry
15.97621969,-19.19603678,LA1,2008-10-29,02:40:38 AM,02:40:00,Hot-Dry
15.97628276,-19.19598592,LA1,2008-10-29,03:00:38 AM,03:00:00,Hot-Dry
15.97628174,-19.19598185,LA1,2008-10-29,03:20:38 AM,03:20:00,Hot-Dry
15.97624817,-19.19602458,LA1,2008-10-29,03:40:38 AM,03:40:00,Hot-Dry
15.97622172,-19.19593913,LA1,2008-10-29,04:00:38 AM,04:00:00,Hot-Dry
15.97623291,-19.19593913,LA1,2008-10-29,04:20:38 AM,04:20:00,Hot-Dry
15.97630819,-19.19597982,LA1,2008-10-29,04:40:38 AM,04:40:00,Hot-Dry
15.97647298,-19.19603678,LA1,2008-10-29,05:00:38 AM,05:00:00,Hot-Dry
15.97650452,-19.1960612,LA1,2008-10-29,05:20:38 AM,05:20:00,Hot-Dry
15.97707316,-19.19593709,LA1,2008-10-29,05:40:38 AM,05:40:00,Hot-Dry
15.97713623,-19.19597371,LA1,2008-10-29,06:00:38 AM,06:00:00,Hot-Dry
15.97748922,-19.19595947,LA1,2008-10-29,06:20:38 AM,06:20:00,Hot-Dry
15.97754822,-19.19597168,LA1,2008-10-29,06:40:38 AM,06:40:00,Hot-Dry
15.97811483,-19.19591878,LA1,2008-10-29,07:00:38 AM,07:00:00,Hot-Dry
15.97811279,-19.19592082,LA1,2008-10-29,07:20:38 AM,07:20:00,Hot-Dry
15.97810771,-19.1958964,LA1,2008-10-29,07:40:38 AM,07:40:00,Hot-Dry
15.97822571,-19.19589233,LA1,2008-10-29,08:00:38 AM,08:00:00,Hot-Dry
15.97903646,-19.19511922,LA1,2008-10-29,08:20:38 AM,08:20:00,Hot-Dry
15.97967733,-19.19457601,LA1,2008-10-29,08:40:38 AM,08:40:00,Hot-Dry
15.97999573,-19.19391683,LA1,2008-10-29,09:00:38 AM,09:00:00,Hot-Dry
15.98051453,-19.19330444,LA1,2008-10-29,09:20:38 AM,09:20:00,Hot-Dry
15.9807312,-19.19262288,LA1,2008-10-29,09:40:38 AM,09:40:00,Hot-Dry
15.98084208,-19.19261068,LA1,2008-10-29,10:00:38 AM,10:00:00,Hot-Dry
15.98109029,-19.19092204,LA1,2008-10-29,10:20:38 AM,10:20:00,Hot-Dry
15.98108012,-19.19092814,LA1,2008-10-29,10:40:38 AM,10:40:00,Hot-Dry
15.98110555,-19.19093628,LA1,2008-10-29,11:00:38 AM,11:00:00,Hot-Dry
15.98126933,-19.19054362,LA1,2008-10-29,11:20:38 AM,11:20:00,Hot-Dry
15.98172506,-19.1895752,LA1,2008-10-29,11:40:38 AM,11:40:00,Hot-Dry
15.98232218,-19.18854777,LA1,2008-10-29,12:00:38 PM,12:00:00,Hot-Dry
15.98510946,-19.18344523,LA1,2008-10-29,12:20:38 PM,12:20:00,Hot-Dry
15.9897054,-19.17464803,LA1,2008-10-29,12:40:38 PM,12:40:00,Hot-Dry
15.99098918,-19.17274984,LA1,2008-10-29,01:00:38 PM,13:00:00,Hot-Dry
15.99098918,-19.17276204,LA1,2008-10-29,01:20:38 PM,13:20:00,Hot-Dry
15.99349569,-19.16571045,LA1,2008-10-29,01:40:38 PM,13:40:00,Hot-Dry
15.99583435,-19.16315715,LA1,2008-10-29,02:00:38 PM,14:00:00,Hot-Dry
15.99578959,-19.16314697,LA1,2008-10-29,02:20:38 PM,14:20:00,Hot-Dry
15.99579061,-19.1631429,LA1,2008-10-29,02:40:38 PM,14:40:00,Hot-Dry
15.99545593,-19.16488444,LA1,2008-10-29,03:00:38 PM,15:00:00,Hot-Dry
15.99481506,-19.16936849,LA1,2008-10-29,03:20:38 PM,15:20:00,Hot-Dry
15.99645487,-19.17388509,LA1,2008-10-29,03:40:38 PM,15:40:00,Hot-Dry
15.99602458,-19.17770386,LA1,2008-10-29,04:00:38 PM,16:00:00,Hot-Dry
15.99602254,-19.17769368,LA1,2008-10-29,04:20:38 PM,16:20:00,Hot-Dry
15.99582723,-19.17848104,LA1,2008-10-29,04:40:38 PM,16:40:00,Hot-Dry
15.99559631,-19.18079427,LA1,2008-10-29,05:00:38 PM,17:00:00,Hot-Dry
15.99580078,-19.18302002,LA1,2008-10-29,05:20:38 PM,17:20:00,Hot-Dry
15.99388733,-19.18715617,LA1,2008-10-29,05:40:38 PM,17:40:00,Hot-Dry
15.99179789,-19.19674276,LA1,2008-10-29,06:00:38 PM,18:00:00,Hot-Dry
15.99051208,-19.19920858,LA1,2008-10-29,06:20:48 PM,18:20:00,Hot-Dry
15.99039408,-19.19926961,LA1,2008-10-29,06:40:48 PM,18:40:00,Hot-Dry
15.98880412,-19.2017334,LA1,2008-10-29,07:00:48 PM,19:00:00,Hot-Dry
15.98533834,-19.2038798,LA1,2008-10-29,07:20:48 PM,19:20:00,Hot-Dry
15.98071798,-19.20940145,LA1,2008-10-29,07:40:48 PM,19:40:00,Hot-Dry
15.97782288,-19.21430054,LA1,2008-10-29,08:00:48 PM,20:00:00,Hot-Dry
15.9712616,-19.22257284,LA1,2008-10-29,08:20:48 PM,20:20:00,Hot-Dry
15.97066549,-19.22538656,LA1,2008-10-29,08:40:48 PM,20:40:00,Hot-Dry
15.9712616,-19.22686361,LA1,2008-10-29,09:00:48 PM,21:00:00,Hot-Dry
15.97124939,-19.22685343,LA1,2008-10-29,09:20:48 PM,21:20:00,Hot-Dry
15.97147115,-19.22766113,LA1,2008-10-29,09:40:48 PM,21:40:00,Hot-Dry
15.97241618,-19.22985636,LA1,2008-10-29,10:00:48 PM,22:00:00,Hot-Dry
15.97248433,-19.23233643,LA1,2008-10-29,10:20:48 PM,22:20:00,Hot-Dry
15.97214254,-19.23242188,LA1,2008-10-29,10:40:48 PM,22:40:00,Hot-Dry
15.97186076,-19.23588053,LA1,2008-10-29,11:00:48 PM,23:00:00,Hot-Dry
15.9710144,-19.23644002,LA1,2008-10-29,11:20:48 PM,23:20:00,Hot-Dry
15.97088826,-19.2367391,LA1,2008-10-29,11:40:48 PM,23:40:00,Hot-Dry
15.96929525,-19.23664551,LA1,2008-10-30,12:00:48 AM,00:00:00,Hot-Dry
15.96926473,-19.23666992,LA1,2008-10-30,12:20:49 AM,00:20:00,Hot-Dry
15.96931559,-19.23664958,LA1,2008-10-30,12:40:48 AM,00:40:00,Hot-Dry
15.97063192,-19.23651123,LA1,2008-10-30,01:00:48 AM,01:00:00,Hot-Dry
15.9714447,-19.23678182,LA1,2008-10-30,01:20:48 AM,01:20:00,Hot-Dry
15.97190552,-19.23746134,LA1,2008-10-30,01:40:48 AM,01:40:00,Hot-Dry
15.97289836,-19.23838908,LA1,2008-10-30,02:00:48 AM,02:00:00,Hot-Dry
15.97345174,-19.23850301,LA1,2008-10-30,02:20:48 AM,02:20:00,Hot-Dry
15.97409668,-19.23902791,LA1,2008-10-30,02:40:48 AM,02:40:00,Hot-Dry
15.97241516,-19.23927816,LA1,2008-10-30,03:00:48 AM,03:00:00,Hot-Dry
15.9724233,-19.23927816,LA1,2008-10-30,03:20:38 AM,03:20:00,Hot-Dry
15.97240906,-19.23926392,LA1,2008-10-30,03:40:38 AM,03:40:00,Hot-Dry
15.97233276,-19.23914388,LA1,2008-10-30,04:00:38 AM,04:00:00,Hot-Dry
15.97239176,-19.23925374,LA1,2008-10-30,04:20:38 AM,04:20:00,Hot-Dry
15.97236938,-19.23930664,LA1,2008-10-30,04:40:38 AM,04:40:00,Hot-Dry
15.97264201,-19.23959351,LA1,2008-10-30,05:00:38 AM,05:00:00,Hot-Dry
15.97265727,-19.2395813,LA1,2008-10-30,05:20:38 AM,05:20:00,Hot-Dry
15.97255046,-19.24013468,LA1,2008-10-30,05:40:38 AM,05:40:00,Hot-Dry
15.97273661,-19.24063517,LA1,2008-10-30,06:00:38 AM,06:00:00,Hot-Dry
15.97276713,-19.24132284,LA1,2008-10-30,06:20:38 AM,06:20:00,Hot-Dry
15.97276306,-19.24132894,LA1,2008-10-30,06:40:38 AM,06:40:00,Hot-Dry
15.97382813,-19.24315796,LA1,2008-10-30,07:00:38 AM,07:00:00,Hot-Dry
15.97381897,-19.24315186,LA1,2008-10-30,07:20:38 AM,07:20:00,Hot-Dry
15.97384644,-19.24542033,LA1,2008-10-30,07:40:38 AM,07:40:00,Hot-Dry
15.97418213,-19.24555868,LA1,2008-10-30,08:00:38 AM,08:00:00,Hot-Dry
15.9743988,-19.24561361,LA1,2008-10-30,08:20:38 AM,08:20:00,Hot-Dry
15.97434998,-19.24570923,LA1,2008-10-30,08:40:38 AM,08:40:00,Hot-Dry
15.97430623,-19.24586792,LA1,2008-10-30,09:00:38 AM,09:00:00,Hot-Dry
15.9741567,-19.24583944,LA1,2008-10-30,09:20:38 AM,09:20:00,Hot-Dry
15.97415263,-19.24585368,LA1,2008-10-30,09:40:38 AM,09:40:00,Hot-Dry
15.97414144,-19.24585978,LA1,2008-10-30,10:00:38 AM,10:00:00,Hot-Dry
15.97474264,-19.24504395,LA1,2008-10-30,10:20:38 AM,10:20:00,Hot-Dry
15.97498169,-19.24482422,LA1,2008-10-30,10:40:38 AM,10:40:00,Hot-Dry
15.97493184,-19.24477132,LA1,2008-10-30,11:00:38 AM,11:00:00,Hot-Dry
15.97264201,-19.24290771,LA1,2008-10-30,11:20:38 AM,11:20:00,Hot-Dry
15.97170207,-19.23820597,LA1,2008-10-30,11:40:38 AM,11:40:00,Hot-Dry
15.97185669,-19.23590495,LA1,2008-10-30,12:00:38 PM,12:00:00,Hot-Dry
15.97187398,-19.23590698,LA1,2008-10-30,12:20:38 PM,12:20:00,Hot-Dry
15.9718689,-19.23591105,LA1,2008-10-30,12:40:38 PM,12:40:00,Hot-Dry
15.97186076,-19.23588867,LA1,2008-10-30,01:00:38 PM,13:00:00,Hot-Dry
15.97186686,-19.23590088,LA1,2008-10-30,01:20:38 PM,13:20:00,Hot-Dry
15.97187805,-19.23590495,LA1,2008-10-30,01:40:38 PM,13:40:00,Hot-Dry
15.97187195,-19.2359314,LA1,2008-10-30,02:00:38 PM,14:00:00,Hot-Dry
15.97161967,-19.23607992,LA1,2008-10-30,02:20:38 PM,14:20:00,Hot-Dry
15.97146403,-19.23867594,LA1,2008-10-30,02:40:38 PM,14:40:00,Hot-Dry
15.97147115,-19.24034831,LA1,2008-10-30,03:00:38 PM,15:00:00,Hot-Dry
15.97135417,-19.24057617,LA1,2008-10-30,03:20:38 PM,15:20:00,Hot-Dry
15.97140096,-19.24117635,LA1,2008-10-30,03:40:38 PM,15:40:00,Hot-Dry
15.97038778,-19.24429932,LA1,2008-10-30,04:00:38 PM,16:00:00,Hot-Dry
15.97038574,-19.24430135,LA1,2008-10-30,04:20:38 PM,16:20:00,Hot-Dry
15.97041423,-19.2460612,LA1,2008-10-30,04:40:38 PM,16:40:00,Hot-Dry
15.97030436,-19.24798177,LA1,2008-10-30,05:00:38 PM,17:00:00,Hot-Dry
15.97034098,-19.24812012,LA1,2008-10-30,05:20:38 PM,17:20:00,Hot-Dry
15.97047221,-19.2490804,LA1,2008-10-30,05:40:38 PM,17:40:00,Hot-Dry
15.9717275,-19.25634359,LA1,2008-10-30,06:00:38 PM,18:00:00,Hot-Dry
15.9725413,-19.25863851,LA1,2008-10-30,06:20:38 PM,18:20:00,Hot-Dry
15.97254333,-19.25863444,LA1,2008-10-30,06:40:38 PM,18:40:00,Hot-Dry
15.97224426,-19.25931396,LA1,2008-10-30,07:00:38 PM,19:00:00,Hot-Dry
15.97530212,-19.26503092,LA1,2008-10-30,07:20:48 PM,19:20:00,Hot-Dry
15.97313639,-19.26909383,LA1,2008-10-30,07:40:48 PM,19:40:00,Hot-Dry
15.97198486,-19.26946208,LA1,2008-10-30,08:00:48 PM,20:00:00,Hot-Dry
15.96717936,-19.27121379,LA1,2008-10-30,08:20:48 PM,20:20:00,Hot-Dry
15.96540324,-19.27807414,LA1,2008-10-30,08:40:48 PM,20:40:00,Hot-Dry
15.95952047,-19.28483887,LA1,2008-10-30,09:00:48 PM,21:00:00,Hot-Dry
15.9595459,-19.28479614,LA1,2008-10-30,09:20:38 PM,21:20:00,Hot-Dry
15.95297648,-19.29044596,LA1,2008-10-30,09:40:38 PM,21:40:00,Hot-Dry
15.9484019,-19.29896647,LA1,2008-10-30,10:00:38 PM,22:00:00,Hot-Dry
15.94687093,-19.30177409,LA1,2008-10-30,10:20:38 PM,22:20:00,Hot-Dry
15.94303894,-19.31025391,LA1,2008-10-30,10:40:38 PM,22:40:00,Hot-Dry
15.94104004,-19.31624349,LA1,2008-10-30,11:00:38 PM,23:00:00,Hot-Dry
15.9410614,-19.31625977,LA1,2008-10-30,11:20:38 PM,23:20:00,Hot-Dry
15.94272257,-19.3157369,LA1,2008-10-30,11:40:38 PM,23:40:00,Hot-Dry
15.944045,-19.31553345,LA1,2008-10-31,12:00:38 AM,00:00:00,Hot-Dry
15.9458964,-19.31460978,LA1,2008-10-31,12:20:38 AM,00:20:00,Hot-Dry
15.94582214,-19.31482137,LA1,2008-10-31,12:40:38 AM,00:40:00,Hot-Dry
15.94832255,-19.31292725,LA1,2008-10-31,01:00:38 AM,01:00:00,Hot-Dry
15.95031331,-19.31177368,LA1,2008-10-31,01:20:38 AM,01:20:00,Hot-Dry
15.9503123,-19.31177775,LA1,2008-10-31,01:40:38 AM,01:40:00,Hot-Dry
15.95251058,-19.31243896,LA1,2008-10-31,02:00:38 AM,02:00:00,Hot-Dry
15.95368958,-19.31145426,LA1,2008-10-31,02:20:45 AM,02:20:00,Hot-Dry
15.95361837,-19.30962728,LA1,2008-10-31,02:40:38 AM,02:40:00,Hot-Dry
15.95370992,-19.30953166,LA1,2008-10-31,03:00:38 AM,03:00:00,Hot-Dry
15.95316162,-19.31010539,LA1,2008-10-31,03:20:38 AM,03:20:00,Hot-Dry
15.95234782,-19.31389364,LA1,2008-10-31,03:40:38 AM,03:40:00,Hot-Dry
15.95214742,-19.3138326,LA1,2008-10-31,04:00:38 AM,04:00:00,Hot-Dry
15.94519552,-19.31520793,LA1,2008-10-31,04:20:38 AM,04:20:00,Hot-Dry
15.94184875,-19.31413574,LA1,2008-10-31,04:40:38 AM,04:40:00,Hot-Dry
15.94558207,-19.30476074,LA1,2008-10-31,05:00:38 AM,05:00:00,Hot-Dry
15.95079142,-19.29476522,LA1,2008-10-31,05:20:38 AM,05:20:00,Hot-Dry
15.95213928,-19.28751424,LA1,2008-10-31,05:40:38 AM,05:40:00,Hot-Dry
15.95226034,-19.28620199,LA1,2008-10-31,06:00:38 AM,06:00:00,Hot-Dry
15.95263062,-19.28519491,LA1,2008-10-31,06:20:38 AM,06:20:00,Hot-Dry
15.9526357,-19.28467407,LA1,2008-10-31,06:40:38 AM,06:40:00,Hot-Dry
15.95322978,-19.28351237,LA1,2008-10-31,07:00:38 AM,07:00:00,Hot-Dry
15.95323181,-19.28351034,LA1,2008-10-31,07:20:38 AM,07:20:00,Hot-Dry
15.95314738,-19.2831075,LA1,2008-10-31,07:40:38 AM,07:40:00,Hot-Dry
15.95327657,-19.28280029,LA1,2008-10-31,08:00:38 AM,08:00:00,Hot-Dry
15.95325928,-19.2828125,LA1,2008-10-31,08:20:38 AM,08:20:00,Hot-Dry
15.95327352,-19.2828125,LA1,2008-10-31,08:40:38 AM,08:40:00,Hot-Dry
15.95328369,-19.28280029,LA1,2008-10-31,09:00:38 AM,09:00:00,Hot-Dry
15.95321452,-19.28254395,LA1,2008-10-31,09:20:38 AM,09:20:00,Hot-Dry
15.95328369,-19.28254801,LA1,2008-10-31,09:40:38 AM,09:40:00,Hot-Dry
15.95297343,-19.28242798,LA1,2008-10-31,10:00:38 AM,10:00:00,Hot-Dry
15.95292155,-19.28243815,LA1,2008-10-31,10:20:38 AM,10:20:00,Hot-Dry
15.9529185,-19.28243408,LA1,2008-10-31,10:40:38 AM,10:40:00,Hot-Dry
15.9529307,-19.28242594,LA1,2008-10-31,11:00:38 AM,11:00:00,Hot-Dry
15.95265503,-19.28260905,LA1,2008-10-31,11:20:38 AM,11:20:00,Hot-Dry
15.95265808,-19.28261515,LA1,2008-10-31,11:40:38 AM,11:40:00,Hot-Dry
15.95267639,-19.28261719,LA1,2008-10-31,12:00:38 PM,12:00:00,Hot-Dry
15.95262553,-19.28261515,LA1,2008-10-31,12:20:38 PM,12:20:00,Hot-Dry
15.95264587,-19.28262939,LA1,2008-10-31,12:40:38 PM,12:40:00,Hot-Dry
15.95265096,-19.28263143,LA1,2008-10-31,01:00:38 PM,13:00:00,Hot-Dry
15.95277201,-19.28279622,LA1,2008-10-31,01:20:38 PM,13:20:00,Hot-Dry
15.95277608,-19.28279826,LA1,2008-10-31,01:40:38 PM,13:40:00,Hot-Dry
15.95328369,-19.28255005,LA1,2008-10-31,02:00:38 PM,14:00:00,Hot-Dry
15.9535614,-19.28290812,LA1,2008-10-31,02:20:38 PM,14:20:00,Hot-Dry
15.95384623,-19.28357544,LA1,2008-10-31,02:40:38 PM,14:40:00,Hot-Dry
15.9541036,-19.28479411,LA1,2008-10-31,03:00:38 PM,15:00:00,Hot-Dry
15.95177816,-19.29214884,LA1,2008-10-31,03:20:38 PM,15:20:00,Hot-Dry
15.946816,-19.30187378,LA1,2008-10-31,03:40:38 PM,15:40:00,Hot-Dry
15.94257304,-19.31225586,LA1,2008-10-31,04:00:38 PM,16:00:00,Hot-Dry
15.94095459,-19.31622721,LA1,2008-10-31,04:20:38 PM,16:20:00,Hot-Dry
15.9438151,-19.31697795,LA1,2008-10-31,04:40:38 PM,16:40:00,Hot-Dry
15.94445801,-19.3168986,LA1,2008-10-31,05:00:38 PM,17:00:00,Hot-Dry
15.94982707,-19.31639201,LA1,2008-10-31,05:20:38 PM,17:20:00,Hot-Dry
15.95441488,-19.31760254,LA1,2008-10-31,05:40:38 PM,17:40:00,Hot-Dry
15.95455627,-19.31796265,LA1,2008-10-31,06:00:38 PM,18:00:00,Hot-Dry
15.95755208,-19.3174174,LA1,2008-10-31,06:20:38 PM,18:20:00,Hot-Dry
15.95755107,-19.3174113,LA1,2008-10-31,06:40:38 PM,18:40:00,Hot-Dry
15.95961405,-19.3159078,LA1,2008-10-31,07:00:38 PM,19:00:00,Hot-Dry
15.96010742,-19.31554972,LA1,2008-10-31,07:20:38 PM,19:20:00,Hot-Dry
15.96142476,-19.31255493,LA1,2008-10-31,07:40:38 PM,19:40:00,Hot-Dry
15.96189677,-19.31196289,LA1,2008-10-31,08:00:38 PM,20:00:00,Hot-Dry
15.96553243,-19.31003011,LA1,2008-10-31,08:20:38 PM,20:20:00,Hot-Dry
15.96642456,-19.30983887,LA1,2008-10-31,08:40:38 PM,20:40:00,Hot-Dry
15.96666361,-19.30907186,LA1,2008-10-31,09:00:38 PM,21:00:00,Hot-Dry
15.96891174,-19.30596924,LA1,2008-10-31,09:20:38 PM,21:20:00,Hot-Dry
15.96998291,-19.30299683,LA1,2008-10-31,09:40:38 PM,21:40:00,Hot-Dry
15.97417908,-19.29750977,LA1,2008-10-31,10:00:38 PM,22:00:00,Hot-Dry
15.97699178,-19.29184163,LA1,2008-10-31,10:20:38 PM,22:20:00,Hot-Dry
15.97814941,-19.28976644,LA1,2008-10-31,10:40:38 PM,22:40:00,Hot-Dry
15.98116252,-19.28546549,LA1,2008-10-31,11:00:38 PM,23:00:00,Hot-Dry
15.98172404,-19.28533529,LA1,2008-10-31,11:20:38 PM,23:20:00,Hot-Dry
15.98182475,-19.28529867,LA1,2008-10-31,11:40:38 PM,23:40:00,Hot-Dry
15.98268433,-19.28464355,LA1,2008-11-01,12:00:00 AM,00:00:00,Hot-Dry
15.98414917,-19.28533529,LA1,2008-11-01,12:20:00 AM,00:20:00,Hot-Dry
15.98569946,-19.28583984,LA1,2008-11-01,12:40:00 AM,00:40:00,Hot-Dry
15.98777262,-19.28705037,LA1,2008-11-01,01:00:00 AM,01:00:00,Hot-Dry
15.99575907,-19.28555501,LA1,2008-11-01,01:20:00 AM,01:20:00,Hot-Dry
15.99830424,-19.28625081,LA1,2008-11-01,01:40:00 AM,01:40:00,Hot-Dry
15.99942932,-19.28630778,LA1,2008-11-01,02:00:00 AM,02:00:00,Hot-Dry
16.00021159,-19.28572998,LA1,2008-11-01,02:20:00 AM,02:20:00,Hot-Dry
16.00019836,-19.2857137,LA1,2008-11-01,02:40:00 AM,02:40:00,Hot-Dry
16.00017497,-19.28569743,LA1,2008-11-01,03:00:00 AM,03:00:00,Hot-Dry
16.00021057,-19.28576253,LA1,2008-11-01,03:20:00 AM,03:20:00,Hot-Dry
16.00023193,-19.28574626,LA1,2008-11-01,03:40:00 AM,03:40:00,Hot-Dry
16.00021973,-19.28570557,LA1,2008-11-01,04:00:00 AM,04:00:00,Hot-Dry
16.00021464,-19.28573201,LA1,2008-11-01,04:20:00 AM,04:20:00,Hot-Dry
16.0002004,-19.28575643,LA1,2008-11-01,04:40:00 AM,04:40:00,Hot-Dry
16.00019836,-19.2857076,LA1,2008-11-01,05:00:00 AM,05:00:00,Hot-Dry
16.0003245,-19.2852356,LA1,2008-11-01,05:20:00 AM,05:20:00,Hot-Dry
15.99974365,-19.28383789,LA1,2008-11-01,05:40:00 AM,05:40:00,Hot-Dry
15.99907633,-19.28260905,LA1,2008-11-01,06:00:00 AM,06:00:00,Hot-Dry
15.99872538,-19.28228353,LA1,2008-11-01,06:20:00 AM,06:20:00,Hot-Dry
15.99872131,-19.28229167,LA1,2008-11-01,06:40:00 AM,06:40:00,Hot-Dry
15.99838257,-19.28193359,LA1,2008-11-01,07:00:00 AM,07:00:00,Hot-Dry
15.99735413,-19.28076579,LA1,2008-11-01,07:20:00 AM,07:20:00,Hot-Dry
15.99634196,-19.27805176,LA1,2008-11-01,07:40:00 AM,07:40:00,Hot-Dry
15.99614665,-19.27686768,LA1,2008-11-01,08:00:00 AM,08:00:00,Hot-Dry
15.99614156,-19.27686768,LA1,2008-11-01,08:20:00 AM,08:20:00,Hot-Dry
15.99612427,-19.27685547,LA1,2008-11-01,08:40:00 AM,08:40:00,Hot-Dry
15.99659627,-19.27404175,LA1,2008-11-01,09:00:00 AM,09:00:00,Hot-Dry
15.99659831,-19.27405192,LA1,2008-11-01,09:20:00 AM,09:20:00,Hot-Dry
15.99657898,-19.27404378,LA1,2008-11-01,09:40:00 AM,09:40:00,Hot-Dry
15.99657898,-19.27404785,LA1,2008-11-01,10:00:00 AM,10:00:00,Hot-Dry
15.99668477,-19.2738444,LA1,2008-11-01,10:20:00 AM,10:20:00,Hot-Dry
15.99668783,-19.27384033,LA1,2008-11-01,10:40:00 AM,10:40:00,Hot-Dry
15.99668986,-19.27383219,LA1,2008-11-01,11:00:00 AM,11:00:00,Hot-Dry
15.99670308,-19.27383016,LA1,2008-11-01,11:20:00 AM,11:20:00,Hot-Dry
15.99482117,-19.2706665,LA1,2008-11-01,11:40:00 AM,11:40:00,Hot-Dry
15.99416504,-19.26958415,LA1,2008-11-01,12:00:00 PM,12:00:00,Hot-Dry
15.99413961,-19.26956991,LA1,2008-11-01,12:20:00 PM,12:20:00,Hot-Dry
15.99417521,-19.26959432,LA1,2008-11-01,12:40:00 PM,12:40:00,Hot-Dry
15.99417928,-19.26960042,LA1,2008-11-01,01:00:00 PM,13:00:00,Hot-Dry
15.99418132,-19.26958008,LA1,2008-11-01,01:20:00 PM,13:20:00,Hot-Dry
15.99417521,-19.26957194,LA1,2008-11-01,01:40:00 PM,13:40:00,Hot-Dry
15.99418437,-19.26961873,LA1,2008-11-01,02:00:00 PM,14:00:00,Hot-Dry
15.99200033,-19.26751302,LA1,2008-11-01,02:20:00 PM,14:20:00,Hot-Dry
15.98979899,-19.26523641,LA1,2008-11-01,02:40:00 PM,14:40:00,Hot-Dry
15.98886515,-19.26392212,LA1,2008-11-01,03:00:00 PM,15:00:00,Hot-Dry
15.98862712,-19.26213582,LA1,2008-11-01,03:20:00 PM,15:20:00,Hot-Dry
15.98748169,-19.2605367,LA1,2008-11-01,03:40:00 PM,15:40:00,Hot-Dry
15.9870046,-19.25883382,LA1,2008-11-01,04:00:00 PM,16:00:00,Hot-Dry
15.98471375,-19.25606486,LA1,2008-11-01,04:20:00 PM,16:20:00,Hot-Dry
15.98106995,-19.25308024,LA1,2008-11-01,04:40:00 PM,16:40:00,Hot-Dry
15.97860514,-19.24904989,LA1,2008-11-01,05:00:00 PM,17:00:00,Hot-Dry
15.97731628,-19.2476827,LA1,2008-11-01,05:20:00 PM,17:20:00,Hot-Dry
15.97652588,-19.24696655,LA1,2008-11-01,05:40:00 PM,17:40:00,Hot-Dry
15.97516988,-19.24596558,LA1,2008-11-01,06:00:00 PM,18:00:00,Hot-Dry
15.97360229,-19.24434204,LA1,2008-11-01,06:20:00 PM,18:20:00,Hot-Dry
15.97351176,-19.24394328,LA1,2008-11-01,06:40:00 PM,18:40:00,Hot-Dry
15.97346802,-19.24303589,LA1,2008-11-01,07:00:00 PM,19:00:00,Hot-Dry
15.97303569,-19.24123942,LA1,2008-11-01,07:20:00 PM,19:20:00,Hot-Dry
15.97298381,-19.2412557,LA1,2008-11-01,07:40:00 PM,19:40:00,Hot-Dry
15.97257792,-19.24087118,LA1,2008-11-01,08:00:00 PM,20:00:00,Hot-Dry
15.97215474,-19.24024251,LA1,2008-11-01,08:20:00 PM,20:20:00,Hot-Dry
15.971757,-19.23542074,LA1,2008-11-01,08:40:00 PM,20:40:00,Hot-Dry
15.97124125,-19.22686768,LA1,2008-11-01,09:00:00 PM,21:00:00,Hot-Dry
15.97125244,-19.22688395,LA1,2008-11-01,09:20:00 PM,21:20:00,Hot-Dry
15.97196655,-19.22114258,LA1,2008-11-01,09:40:00 PM,21:40:00,Hot-Dry
15.97863973,-19.21293538,LA1,2008-11-01,10:00:00 PM,22:00:00,Hot-Dry
15.98160909,-19.20744425,LA1,2008-11-01,10:20:00 PM,22:20:00,Hot-Dry
15.98282267,-19.20504557,LA1,2008-11-01,10:40:00 PM,22:40:00,Hot-Dry
15.98611145,-19.1973348,LA1,2008-11-01,11:00:00 PM,23:00:00,Hot-Dry
15.98956401,-19.18995972,LA1,2008-11-01,11:20:00 PM,23:20:00,Hot-Dry
15.99105428,-19.18559367,LA1,2008-11-01,11:40:00 PM,23:40:00,Hot-Dry
15.99228109,-19.17844238,LA1,2008-11-02,12:00:00 AM,00:00:00,Hot-Dry
15.9922699,-19.17844645,LA1,2008-11-02,12:20:00 AM,00:20:00,Hot-Dry
15.99231567,-19.16889242,LA1,2008-11-02,12:40:00 AM,00:40:00,Hot-Dry
15.99580994,-19.16312052,LA1,2008-11-02,01:00:00 AM,01:00:00,Hot-Dry
15.99580587,-19.16311646,LA1,2008-11-02,01:20:00 AM,01:20:00,Hot-Dry
15.99580688,-19.16311646,LA1,2008-11-02,01:40:00 AM,01:40:00,Hot-Dry
15.99524028,-19.165566,LA1,2008-11-02,02:00:00 AM,02:00:00,Hot-Dry
15.99526774,-19.1654541,LA1,2008-11-02,02:20:00 AM,02:20:00,Hot-Dry
15.99786479,-19.17625732,LA1,2008-11-02,02:40:00 AM,02:40:00,Hot-Dry
15.9978597,-19.17625326,LA1,2008-11-02,03:00:00 AM,03:00:00,Hot-Dry
15.99822388,-19.17674154,LA1,2008-11-02,03:20:00 AM,03:20:00,Hot-Dry
15.99857279,-19.17705892,LA1,2008-11-02,03:40:00 AM,03:40:00,Hot-Dry
15.99930827,-19.17929077,LA1,2008-11-02,04:00:00 AM,04:00:00,Hot-Dry
15.99964498,-19.17993571,LA1,2008-11-02,04:20:00 AM,04:20:00,Hot-Dry
15.99980672,-19.18005168,LA1,2008-11-02,04:40:00 AM,04:40:00,Hot-Dry
16.00006917,-19.18048503,LA1,2008-11-02,05:00:00 AM,05:00:00,Hot-Dry
16.00139974,-19.17923381,LA1,2008-11-02,05:20:00 AM,05:20:00,Hot-Dry
16.00154012,-19.17940877,LA1,2008-11-02,05:40:00 AM,05:40:00,Hot-Dry
16.00154114,-19.17949626,LA1,2008-11-02,06:00:00 AM,06:00:00,Hot-Dry
16.00153605,-19.17948812,LA1,2008-11-02,06:20:00 AM,06:20:00,Hot-Dry
16.001533,-19.17949626,LA1,2008-11-02,06:40:00 AM,06:40:00,Hot-Dry
16.00165202,-19.17940877,LA1,2008-11-02,07:00:00 AM,07:00:00,Hot-Dry
16.00189006,-19.17932332,LA1,2008-11-02,07:20:00 AM,07:20:00,Hot-Dry
16.00200602,-19.17933757,LA1,2008-11-02,07:40:00 AM,07:40:00,Hot-Dry
16.00224711,-19.17895711,LA1,2008-11-02,08:00:00 AM,08:00:00,Hot-Dry
16.00174967,-19.17704671,LA1,2008-11-02,08:20:00 AM,08:20:00,Hot-Dry
16.00036926,-19.17543945,LA1,2008-11-02,08:40:00 AM,08:40:00,Hot-Dry
15.99914653,-19.17535807,LA1,2008-11-02,09:00:00 AM,09:00:00,Hot-Dry
15.99855042,-19.17574056,LA1,2008-11-02,09:20:00 AM,09:20:00,Hot-Dry
15.99667664,-19.17075602,LA1,2008-11-02,09:40:00 AM,09:40:00,Hot-Dry
15.99606018,-19.16317139,LA1,2008-11-02,10:00:00 AM,10:00:00,Hot-Dry
15.99574687,-19.16314087,LA1,2008-11-02,10:20:00 AM,10:20:00,Hot-Dry
15.9957489,-19.16314901,LA1,2008-11-02,10:40:00 AM,10:40:00,Hot-Dry
15.99580994,-19.16311035,LA1,2008-11-02,11:00:00 AM,11:00:00,Hot-Dry
15.99583333,-19.16311239,LA1,2008-11-02,11:20:00 AM,11:20:00,Hot-Dry
15.99583944,-19.16311239,LA1,2008-11-02,11:40:00 AM,11:40:00,Hot-Dry
15.99583435,-19.16309001,LA1,2008-11-02,12:00:00 PM,12:00:00,Hot-Dry
15.99583944,-19.16309408,LA1,2008-11-02,12:20:00 PM,12:20:00,Hot-Dry
15.99605509,-19.16323853,LA1,2008-11-02,12:40:00 PM,12:40:00,Hot-Dry
15.99577942,-19.16313883,LA1,2008-11-02,01:00:00 PM,13:00:00,Hot-Dry
15.99577128,-19.16314494,LA1,2008-11-02,01:20:00 PM,13:20:00,Hot-Dry
15.99576111,-19.16315308,LA1,2008-11-02,01:40:00 PM,13:40:00,Hot-Dry
15.99580485,-19.16318563,LA1,2008-11-02,02:00:00 PM,14:00:00,Hot-Dry
15.9958079,-19.16319173,LA1,2008-11-02,02:20:00 PM,14:20:00,Hot-Dry
15.99581502,-19.16314697,LA1,2008-11-02,02:40:00 PM,14:40:00,Hot-Dry
15.99579569,-19.1631307,LA1,2008-11-02,03:00:00 PM,15:00:00,Hot-Dry
15.99579366,-19.1631368,LA1,2008-11-02,03:20:00 PM,15:20:00,Hot-Dry
15.99580282,-19.16317342,LA1,2008-11-02,03:40:00 PM,15:40:00,Hot-Dry
15.99131571,-19.16530355,LA1,2008-11-02,04:00:00 PM,16:00:00,Hot-Dry
15.98716329,-19.16621908,LA1,2008-11-02,04:20:00 PM,16:20:00,Hot-Dry
15.9845225,-19.16631266,LA1,2008-11-02,04:40:00 PM,16:40:00,Hot-Dry
15.98209229,-19.16647542,LA1,2008-11-02,05:00:00 PM,17:00:00,Hot-Dry
15.981368,-19.1668986,LA1,2008-11-02,05:20:00 PM,17:20:00,Hot-Dry
15.98008219,-19.16722005,LA1,2008-11-02,05:40:00 PM,17:40:00,Hot-Dry
15.97484029,-19.16937459,LA1,2008-11-02,06:00:00 PM,18:00:00,Hot-Dry
15.9746755,-19.17056071,LA1,2008-11-02,06:20:00 PM,18:20:00,Hot-Dry
15.96790568,-19.17164917,LA1,2008-11-02,06:40:00 PM,18:40:00,Hot-Dry
15.96436768,-19.1721049,LA1,2008-11-02,07:00:00 PM,19:00:00,Hot-Dry
15.95906576,-19.17351888,LA1,2008-11-02,07:20:00 PM,19:20:00,Hot-Dry
15.95696615,-19.17379557,LA1,2008-11-02,07:40:00 PM,19:40:00,Hot-Dry
15.95513916,-19.17426351,LA1,2008-11-02,08:00:00 PM,20:00:00,Hot-Dry
15.94995829,-19.1762146,LA1,2008-11-02,08:20:00 PM,20:20:00,Hot-Dry
15.94749756,-19.17780355,LA1,2008-11-02,08:40:00 PM,20:40:00,Hot-Dry
15.93744812,-19.18164876,LA1,2008-11-02,09:00:00 PM,21:00:00,Hot-Dry
15.93149923,-19.18386841,LA1,2008-11-02,09:20:00 PM,21:20:00,Hot-Dry
15.93148702,-19.18386434,LA1,2008-11-02,09:40:00 PM,21:40:00,Hot-Dry
15.92744954,-19.18630981,LA1,2008-11-02,10:00:00 PM,22:00:00,Hot-Dry
15.92743734,-19.18629964,LA1,2008-11-02,10:20:00 PM,22:20:00,Hot-Dry
15.92492981,-19.18733521,LA1,2008-11-02,10:40:00 PM,22:40:00,Hot-Dry
15.91734721,-19.18408,LA1,2008-11-02,11:00:00 PM,23:00:00,Hot-Dry
15.91575114,-19.18176473,LA1,2008-11-02,11:20:00 PM,23:20:00,Hot-Dry
15.91575114,-19.18179321,LA1,2008-11-02,11:40:00 PM,23:40:00,Hot-Dry
15.91594747,-19.18083496,LA1,2008-11-03,12:00:00 AM,00:00:00,Hot-Dry
15.91598612,-19.18090617,LA1,2008-11-03,12:20:00 AM,00:20:00,Hot-Dry
15.91757406,-19.18520915,LA1,2008-11-03,12:40:00 AM,00:40:00,Hot-Dry
15.92228495,-19.1880127,LA1,2008-11-03,01:00:00 AM,01:00:00,Hot-Dry
15.92288615,-19.18812459,LA1,2008-11-03,01:20:00 AM,01:20:00,Hot-Dry
15.9228831,-19.18812256,LA1,2008-11-03,01:40:00 AM,01:40:00,Hot-Dry
15.92969767,-19.18884888,LA1,2008-11-03,02:00:00 AM,02:00:00,Hot-Dry
15.93231201,-19.18858643,LA1,2008-11-03,02:20:00 AM,02:20:00,Hot-Dry
15.93320516,-19.18920085,LA1,2008-11-03,02:40:00 AM,02:40:00,Hot-Dry
15.93321126,-19.18920492,LA1,2008-11-03,03:00:00 AM,03:00:00,Hot-Dry
15.93323059,-19.18922323,LA1,2008-11-03,03:20:00 AM,03:20:00,Hot-Dry
15.93323364,-19.18922729,LA1,2008-11-03,03:40:00 AM,03:40:00,Hot-Dry
15.93987223,-19.19134725,LA1,2008-11-03,04:00:00 AM,04:00:00,Hot-Dry
15.94171143,-19.19139201,LA1,2008-11-03,04:20:00 AM,04:20:00,Hot-Dry
15.94393311,-19.19142863,LA1,2008-11-03,04:40:00 AM,04:40:00,Hot-Dry
15.94392904,-19.1914266,LA1,2008-11-03,05:00:00 AM,05:00:00,Hot-Dry
15.9476064,-19.19118042,LA1,2008-11-03,05:20:00 AM,05:20:00,Hot-Dry
15.95309041,-19.19120076,LA1,2008-11-03,05:40:00 AM,05:40:00,Hot-Dry
15.95435079,-19.19114583,LA1,2008-11-03,06:00:00 AM,06:00:00,Hot-Dry
15.95601501,-19.19098307,LA1,2008-11-03,06:20:00 AM,06:20:00,Hot-Dry
15.9606781,-19.19207153,LA1,2008-11-03,06:40:00 AM,06:40:00,Hot-Dry
15.96203003,-19.19207153,LA1,2008-11-03,07:00:00 AM,07:00:00,Hot-Dry
15.96345113,-19.19244995,LA1,2008-11-03,07:20:00 AM,07:20:00,Hot-Dry
15.96453552,-19.19235229,LA1,2008-11-03,07:40:00 AM,07:40:00,Hot-Dry
15.966804,-19.19373169,LA1,2008-11-03,08:00:00 AM,08:00:00,Hot-Dry
15.96839193,-19.19360352,LA1,2008-11-03,08:20:00 AM,08:20:00,Hot-Dry
15.96904602,-19.19390055,LA1,2008-11-03,08:40:00 AM,08:40:00,Hot-Dry
15.97039185,-19.19356689,LA1,2008-11-03,09:00:00 AM,09:00:00,Hot-Dry
15.97073669,-19.19335531,LA1,2008-11-03,09:20:00 AM,09:20:00,Hot-Dry
15.97270915,-19.19239299,LA1,2008-11-03,09:40:00 AM,09:40:00,Hot-Dry
15.97304891,-19.19203695,LA1,2008-11-03,10:00:00 AM,10:00:00,Hot-Dry
15.97437846,-19.19133708,LA1,2008-11-03,10:20:00 AM,10:20:00,Hot-Dry
15.97616781,-19.19073486,LA1,2008-11-03,10:40:00 AM,10:40:00,Hot-Dry
15.97866007,-19.18793335,LA1,2008-11-03,11:00:00 AM,11:00:00,Hot-Dry
15.98022054,-19.18516235,LA1,2008-11-03,11:20:00 AM,11:20:00,Hot-Dry
15.98527934,-19.177771,LA1,2008-11-03,11:40:00 AM,11:40:00,Hot-Dry
15.98881734,-19.17513835,LA1,2008-11-03,12:00:00 PM,12:00:00,Hot-Dry
15.9888092,-19.175118,LA1,2008-11-03,12:20:00 PM,12:20:00,Hot-Dry
15.9899648,-19.17403361,LA1,2008-11-03,12:40:00 PM,12:40:00,Hot-Dry
15.98996175,-19.17402954,LA1,2008-11-03,01:00:00 PM,13:00:00,Hot-Dry
15.98996379,-19.17403768,LA1,2008-11-03,01:20:00 PM,13:20:00,Hot-Dry
15.9899587,-19.17404175,LA1,2008-11-03,01:40:00 PM,13:40:00,Hot-Dry
15.99271647,-19.16744792,LA1,2008-11-03,02:00:00 PM,14:00:00,Hot-Dry
15.99271851,-19.16748454,LA1,2008-11-03,02:20:00 PM,14:20:00,Hot-Dry
15.99581401,-19.1631368,LA1,2008-11-03,02:40:00 PM,14:40:00,Hot-Dry
15.99581095,-19.16312052,LA1,2008-11-03,03:00:00 PM,15:00:00,Hot-Dry
15.99581299,-19.16312052,LA1,2008-11-03,03:20:00 PM,15:20:00,Hot-Dry
16.0050415,-19.16528117,LA1,2008-11-03,03:40:00 PM,15:40:00,Hot-Dry
16.00504049,-19.1652832,LA1,2008-11-03,04:00:00 PM,16:00:00,Hot-Dry
16.00653585,-19.16508586,LA1,2008-11-03,04:20:00 PM,16:20:00,Hot-Dry
16.0068339,-19.16488647,LA1,2008-11-03,04:40:00 PM,16:40:00,Hot-Dry
16.00707397,-19.16467692,LA1,2008-11-03,05:00:00 PM,17:00:00,Hot-Dry
16.00748189,-19.16416626,LA1,2008-11-03,05:20:00 PM,17:20:00,Hot-Dry
16.00799967,-19.16344604,LA1,2008-11-03,05:40:00 PM,17:40:00,Hot-Dry
16.0101064,-19.16238403,LA1,2008-11-03,06:00:00 PM,18:00:00,Hot-Dry
16.01096395,-19.16210124,LA1,2008-11-03,06:20:00 PM,18:20:00,Hot-Dry
16.01150106,-19.16210734,LA1,2008-11-03,06:40:00 PM,18:40:00,Hot-Dry
16.01327616,-19.16142985,LA1,2008-11-03,07:00:00 PM,19:00:00,Hot-Dry
16.01332499,-19.16143595,LA1,2008-11-03,07:20:00 PM,19:20:00,Hot-Dry
16.01450806,-19.16115316,LA1,2008-11-03,07:40:00 PM,19:40:00,Hot-Dry
16.01502177,-19.16113688,LA1,2008-11-03,08:00:00 PM,20:00:00,Hot-Dry
16.01533101,-19.16106974,LA1,2008-11-03,08:20:00 PM,20:20:00,Hot-Dry
16.01634115,-19.16078288,LA1,2008-11-03,08:40:00 PM,20:40:00,Hot-Dry
16.01633403,-19.16078084,LA1,2008-11-03,09:00:00 PM,21:00:00,Hot-Dry
16.01726685,-19.16031494,LA1,2008-11-03,09:20:00 PM,21:20:00,Hot-Dry
16.01878052,-19.1603007,LA1,2008-11-03,09:40:00 PM,21:40:00,Hot-Dry
16.01898702,-19.16035156,LA1,2008-11-03,10:00:00 PM,22:00:00,Hot-Dry
16.0195516,-19.1603597,LA1,2008-11-03,10:20:00 PM,22:20:00,Hot-Dry
16.02467651,-19.15992228,LA1,2008-11-03,10:40:00 PM,22:40:00,Hot-Dry
16.03453878,-19.15930176,LA1,2008-11-03,11:00:00 PM,23:00:00,Hot-Dry
16.03508606,-19.15927531,LA1,2008-11-03,11:20:00 PM,23:20:00,Hot-Dry
16.04363912,-19.15726522,LA1,2008-11-03,11:40:00 PM,23:40:00,Hot-Dry
16.05094198,-19.15697632,LA1,2008-11-04,12:00:00 AM,00:00:00,Hot-Dry
16.05091654,-19.15696818,LA1,2008-11-04,12:20:00 AM,00:20:00,Hot-Dry
16.05969645,-19.1557373,LA1,2008-11-04,12:40:00 AM,00:40:00,Hot-Dry
16.06443278,-19.15438436,LA1,2008-11-04,01:00:00 AM,01:00:00,Hot-Dry
16.06444295,-19.15438436,LA1,2008-11-04,01:20:00 AM,01:20:00,Hot-Dry
16.06490173,-19.15416056,LA1,2008-11-04,01:40:00 AM,01:40:00,Hot-Dry
16.06490275,-19.15417277,LA1,2008-11-04,02:00:00 AM,02:00:00,Hot-Dry
16.06589457,-19.15457967,LA1,2008-11-04,02:20:00 AM,02:20:00,Hot-Dry
16.06582235,-19.15454305,LA1,2008-11-04,02:40:00 AM,02:40:00,Hot-Dry
16.06581116,-19.15453898,LA1,2008-11-04,03:00:00 AM,03:00:00,Hot-Dry
16.06585185,-19.15454712,LA1,2008-11-04,03:20:00 AM,03:20:00,Hot-Dry
16.06587423,-19.15453898,LA1,2008-11-04,03:40:00 AM,03:40:00,Hot-Dry
16.06587626,-19.15451253,LA1,2008-11-04,04:00:00 AM,04:00:00,Hot-Dry
16.06587524,-19.15451253,LA1,2008-11-04,04:20:00 AM,04:20:00,Hot-Dry
16.06589762,-19.1545105,LA1,2008-11-04,04:40:00 AM,04:40:00,Hot-Dry
16.06587118,-19.1545105,LA1,2008-11-04,05:00:00 AM,05:00:00,Hot-Dry
16.06587524,-19.15450439,LA1,2008-11-04,05:20:00 AM,05:20:00,Hot-Dry
16.06668396,-19.15455729,LA1,2008-11-04,05:40:00 AM,05:40:00,Hot-Dry
16.0703481,-19.1545166,LA1,2008-11-04,06:00:00 AM,06:00:00,Hot-Dry
16.07051595,-19.15432943,LA1,2008-11-04,06:20:00 AM,06:20:00,Hot-Dry
16.07703145,-19.15340983,LA1,2008-11-04,06:40:00 AM,06:40:00,Hot-Dry
16.07701925,-19.15340576,LA1,2008-11-04,07:00:00 AM,07:00:00,Hot-Dry
16.07759908,-19.15290324,LA1,2008-11-04,07:20:00 AM,07:20:00,Hot-Dry
16.0788503,-19.1531311,LA1,2008-11-04,07:40:00 AM,07:40:00,Hot-Dry
16.07947896,-19.15351969,LA1,2008-11-04,08:00:00 AM,08:00:00,Hot-Dry
16.08072001,-19.15330811,LA1,2008-11-04,08:20:00 AM,08:20:00,Hot-Dry
16.08145447,-19.15368652,LA1,2008-11-04,08:40:00 AM,08:40:00,Hot-Dry
16.08036499,-19.15440674,LA1,2008-11-04,09:00:00 AM,09:00:00,Hot-Dry
16.07930603,-19.15513509,LA1,2008-11-04,09:20:00 AM,09:20:00,Hot-Dry
16.07961629,-19.15659587,LA1,2008-11-04,09:40:00 AM,09:40:00,Hot-Dry
16.07978719,-19.15669556,LA1,2008-11-04,10:00:00 AM,10:00:00,Hot-Dry
16.07979838,-19.15670166,LA1,2008-11-04,10:20:00 AM,10:20:00,Hot-Dry
16.07978007,-19.15668538,LA1,2008-11-04,10:40:00 AM,10:40:00,Hot-Dry
16.07980448,-19.15669759,LA1,2008-11-04,11:00:00 AM,11:00:00,Hot-Dry
16.07962952,-19.156545,LA1,2008-11-04,11:20:00 AM,11:20:00,Hot-Dry
16.07963867,-19.15658569,LA1,2008-11-04,11:40:00 AM,11:40:00,Hot-Dry
16.07964579,-19.15658773,LA1,2008-11-04,12:00:00 PM,12:00:00,Hot-Dry
16.07964478,-19.15658366,LA1,2008-11-04,12:20:00 PM,12:20:00,Hot-Dry
16.0796519,-19.15656738,LA1,2008-11-04,12:40:00 PM,12:40:00,Hot-Dry
16.07965088,-19.15655314,LA1,2008-11-04,01:00:00 PM,13:00:00,Hot-Dry
16.0796224,-19.15656128,LA1,2008-11-04,01:20:00 PM,13:20:00,Hot-Dry
16.07962748,-19.15655924,LA1,2008-11-04,01:40:00 PM,13:40:00,Hot-Dry
16.07963562,-19.15658773,LA1,2008-11-04,02:00:00 PM,14:00:00,Hot-Dry
16.07963562,-19.15655314,LA1,2008-11-04,02:20:00 PM,14:20:00,Hot-Dry
16.07962341,-19.15655924,LA1,2008-11-04,02:40:00 PM,14:40:00,Hot-Dry
16.07967224,-19.15655721,LA1,2008-11-04,03:00:00 PM,15:00:00,Hot-Dry
16.07865601,-19.15686442,LA1,2008-11-04,03:20:00 PM,15:20:00,Hot-Dry
16.07767639,-19.15739136,LA1,2008-11-04,03:40:00 PM,15:40:00,Hot-Dry
16.07630717,-19.15892741,LA1,2008-11-04,04:00:00 PM,16:00:00,Hot-Dry
16.0758667,-19.15944214,LA1,2008-11-04,04:20:00 PM,16:20:00,Hot-Dry
16.07578328,-19.16181437,LA1,2008-11-04,04:40:00 PM,16:40:00,Hot-Dry
16.0748759,-19.16789551,LA1,2008-11-04,05:00:00 PM,17:00:00,Hot-Dry
16.07508545,-19.16897786,LA1,2008-11-04,05:20:00 PM,17:20:00,Hot-Dry
16.07483826,-19.17134603,LA1,2008-11-04,05:40:00 PM,17:40:00,Hot-Dry
16.07454732,-19.17229411,LA1,2008-11-04,06:00:00 PM,18:00:00,Hot-Dry
16.07440084,-19.17312215,LA1,2008-11-04,06:20:00 PM,18:20:00,Hot-Dry
16.07521057,-19.17632853,LA1,2008-11-04,06:40:00 PM,18:40:00,Hot-Dry
16.07377828,-19.18029175,LA1,2008-11-04,07:00:00 PM,19:00:00,Hot-Dry
16.07081502,-19.1880778,LA1,2008-11-04,07:20:00 PM,19:20:00,Hot-Dry
16.0687266,-19.19484863,LA1,2008-11-04,07:40:00 PM,19:40:00,Hot-Dry
16.06428528,-19.20210571,LA1,2008-11-04,08:00:00 PM,20:00:00,Hot-Dry
16.06006063,-19.21092122,LA1,2008-11-04,08:20:00 PM,20:20:00,Hot-Dry
16.05881144,-19.2134786,LA1,2008-11-04,08:40:00 PM,20:40:00,Hot-Dry
16.05747579,-19.21292725,LA1,2008-11-04,09:00:00 PM,21:00:00,Hot-Dry
16.05227865,-19.21108398,LA1,2008-11-04,09:20:00 PM,21:20:00,Hot-Dry
16.04660238,-19.20933228,LA1,2008-11-04,09:40:00 PM,21:40:00,Hot-Dry
16.04358622,-19.20635986,LA1,2008-11-04,10:00:00 PM,22:00:00,Hot-Dry
16.04159953,-19.20545247,LA1,2008-11-04,10:20:00 PM,22:20:00,Hot-Dry
16.04117432,-19.2053833,LA1,2008-11-04,10:40:00 PM,22:40:00,Hot-Dry
16.0396108,-19.20528158,LA1,2008-11-04,11:00:00 PM,23:00:00,Hot-Dry
16.03415731,-19.20633748,LA1,2008-11-04,11:20:00 PM,23:20:00,Hot-Dry
16.03146261,-19.2057251,LA1,2008-11-04,11:40:00 PM,23:40:00,Hot-Dry
16.03084208,-19.2056071,LA1,2008-11-05,12:00:00 AM,00:00:00,Hot-Dry
16.03085225,-19.20560506,LA1,2008-11-05,12:20:00 AM,00:20:00,Hot-Dry
16.03072306,-19.2056193,LA1,2008-11-05,12:40:00 AM,00:40:00,Hot-Dry
16.03073629,-19.20560303,LA1,2008-11-05,01:00:00 AM,01:00:00,Hot-Dry
16.03056946,-19.20559489,LA1,2008-11-05,01:20:00 AM,01:20:00,Hot-Dry
16.02978516,-19.2046346,LA1,2008-11-05,01:40:00 AM,01:40:00,Hot-Dry
16.0288503,-19.20351766,LA1,2008-11-05,02:00:00 AM,02:00:00,Hot-Dry
16.02874858,-19.20354411,LA1,2008-11-05,02:20:00 AM,02:20:00,Hot-Dry
16.0287618,-19.20355225,LA1,2008-11-05,02:40:00 AM,02:40:00,Hot-Dry
16.02876994,-19.20354614,LA1,2008-11-05,03:00:00 AM,03:00:00,Hot-Dry
16.02878418,-19.20355428,LA1,2008-11-05,03:20:00 AM,03:20:00,Hot-Dry
16.02879842,-19.20356445,LA1,2008-11-05,03:40:00 AM,03:40:00,Hot-Dry
16.02880351,-19.20356242,LA1,2008-11-05,04:00:00 AM,04:00:00,Hot-Dry
16.02885742,-19.20358073,LA1,2008-11-05,04:20:00 AM,04:20:00,Hot-Dry
16.02886047,-19.20360921,LA1,2008-11-05,04:40:00 AM,04:40:00,Hot-Dry
16.0288442,-19.20355632,LA1,2008-11-05,05:00:00 AM,05:00:00,Hot-Dry
16.02769368,-19.20320231,LA1,2008-11-05,05:20:00 AM,05:20:00,Hot-Dry
16.02683105,-19.20245158,LA1,2008-11-05,05:40:00 AM,05:40:00,Hot-Dry
16.02358398,-19.19974162,LA1,2008-11-05,06:00:00 AM,06:00:00,Hot-Dry
16.02286377,-19.19937337,LA1,2008-11-05,06:20:00 AM,06:20:00,Hot-Dry
16.02175903,-19.19816284,LA1,2008-11-05,06:40:00 AM,06:40:00,Hot-Dry
16.02150167,-19.19811401,LA1,2008-11-05,07:00:00 AM,07:00:00,Hot-Dry
16.02126363,-19.1980245,LA1,2008-11-05,07:20:00 AM,07:20:00,Hot-Dry
16.0212738,-19.1980367,LA1,2008-11-05,07:40:00 AM,07:40:00,Hot-Dry
16.02094421,-19.19712931,LA1,2008-11-05,08:00:00 AM,08:00:00,Hot-Dry
16.02021688,-19.19564616,LA1,2008-11-05,08:20:00 AM,08:20:00,Hot-Dry
16.02008972,-19.19539998,LA1,2008-11-05,08:40:00 AM,08:40:00,Hot-Dry
16.01998494,-19.19436239,LA1,2008-11-05,09:00:00 AM,09:00:00,Hot-Dry
16.01843058,-19.19210612,LA1,2008-11-05,09:20:00 AM,09:20:00,Hot-Dry
16.0166158,-19.19039103,LA1,2008-11-05,09:40:00 AM,09:40:00,Hot-Dry
16.01283264,-19.18802897,LA1,2008-11-05,10:00:00 AM,10:00:00,Hot-Dry
16.00994568,-19.18565674,LA1,2008-11-05,10:20:00 AM,10:20:00,Hot-Dry
16.01000163,-19.18568726,LA1,2008-11-05,10:40:00 AM,10:40:00,Hot-Dry
16.01001485,-19.18568522,LA1,2008-11-05,11:00:00 AM,11:00:00,Hot-Dry
16.01000977,-19.18568726,LA1,2008-11-05,11:20:00 AM,11:20:00,Hot-Dry
16.00997518,-19.18568522,LA1,2008-11-05,11:40:00 AM,11:40:00,Hot-Dry
16.00997416,-19.18569539,LA1,2008-11-05,12:00:00 PM,12:00:00,Hot-Dry
16.01002808,-19.18567301,LA1,2008-11-05,12:20:00 PM,12:20:00,Hot-Dry
16.01000061,-19.18566488,LA1,2008-11-05,12:40:00 PM,12:40:00,Hot-Dry
16.0100118,-19.18569132,LA1,2008-11-05,01:00:00 PM,13:00:00,Hot-Dry
16.0100179,-19.18568319,LA1,2008-11-05,01:20:00 PM,13:20:00,Hot-Dry
16.0100474,-19.18569336,LA1,2008-11-05,01:40:00 PM,13:40:00,Hot-Dry
16.01003927,-19.18569743,LA1,2008-11-05,02:00:00 PM,14:00:00,Hot-Dry
16.0099233,-19.18557332,LA1,2008-11-05,02:20:00 PM,14:20:00,Hot-Dry
16.01054688,-19.18518473,LA1,2008-11-05,02:40:00 PM,14:40:00,Hot-Dry
16.01057739,-19.18438517,LA1,2008-11-05,03:00:00 PM,15:00:00,Hot-Dry
16.01028951,-19.18438924,LA1,2008-11-05,03:20:00 PM,15:20:00,Hot-Dry
16.01021627,-19.18381958,LA1,2008-11-05,03:40:00 PM,15:40:00,Hot-Dry
16.00848796,-19.18302205,LA1,2008-11-05,04:00:00 PM,16:00:00,Hot-Dry
16.00768331,-19.18274333,LA1,2008-11-05,04:20:00 PM,16:20:00,Hot-Dry
16.00742188,-19.18235474,LA1,2008-11-05,04:40:00 PM,16:40:00,Hot-Dry
16.00707296,-19.1824117,LA1,2008-11-05,05:00:00 PM,17:00:00,Hot-Dry
16.00656331,-19.18252157,LA1,2008-11-05,05:20:00 PM,17:20:00,Hot-Dry
16.00630391,-19.18250529,LA1,2008-11-05,05:40:00 PM,17:40:00,Hot-Dry
16.00604146,-19.18242798,LA1,2008-11-05,06:00:00 PM,18:00:00,Hot-Dry
16.00591838,-19.18245646,LA1,2008-11-05,06:20:00 PM,18:20:00,Hot-Dry
16.00536296,-19.18208008,LA1,2008-11-05,06:40:00 PM,18:40:00,Hot-Dry
16.00514832,-19.18174642,LA1,2008-11-05,07:00:00 PM,19:00:00,Hot-Dry
16.00510763,-19.18174642,LA1,2008-11-05,07:20:00 PM,19:20:00,Hot-Dry
16.00488586,-19.18156128,LA1,2008-11-05,07:40:00 PM,19:40:00,Hot-Dry
16.00447489,-19.18134766,LA1,2008-11-05,08:00:00 PM,20:00:00,Hot-Dry
16.00378316,-19.18044637,LA1,2008-11-05,08:20:00 PM,20:20:00,Hot-Dry
16.00296122,-19.17946777,LA1,2008-11-05,08:40:00 PM,20:40:00,Hot-Dry
16.00120951,-19.1769755,LA1,2008-11-05,09:00:00 PM,21:00:00,Hot-Dry
16.00015157,-19.17323201,LA1,2008-11-05,09:20:00 PM,21:20:00,Hot-Dry
15.99582418,-19.16313273,LA1,2008-11-05,09:40:00 PM,21:40:00,Hot-Dry
15.99580282,-19.16311442,LA1,2008-11-05,10:00:00 PM,22:00:00,Hot-Dry
15.99579468,-19.16312256,LA1,2008-11-05,10:20:00 PM,22:20:00,Hot-Dry
15.99581502,-19.16309814,LA1,2008-11-05,10:40:00 PM,22:40:00,Hot-Dry
15.99531962,-19.16519572,LA1,2008-11-05,11:00:00 PM,23:00:00,Hot-Dry
15.99478149,-19.17280273,LA1,2008-11-05,11:20:00 PM,23:20:00,Hot-Dry
15.99261271,-19.1786967,LA1,2008-11-05,11:40:00 PM,23:40:00,Hot-Dry
15.99250692,-19.1791158,LA1,2008-11-06,12:00:00 AM,00:00:00,Hot-Dry
15.99246419,-19.1800944,LA1,2008-11-06,12:20:00 AM,00:20:00,Hot-Dry
15.99247131,-19.18007202,LA1,2008-11-06,12:40:00 AM,00:40:00,Hot-Dry
15.99304911,-19.18176676,LA1,2008-11-06,01:00:00 AM,01:00:00,Hot-Dry
15.99284465,-19.18203125,LA1,2008-11-06,01:20:00 AM,01:20:00,Hot-Dry
15.9921936,-19.18256226,LA1,2008-11-06,01:40:00 AM,01:40:00,Hot-Dry
15.99218445,-19.18259074,LA1,2008-11-06,02:00:00 AM,02:00:00,Hot-Dry
15.99048157,-19.18352051,LA1,2008-11-06,02:20:00 AM,02:20:00,Hot-Dry
15.98924255,-19.18390299,LA1,2008-11-06,02:40:00 AM,02:40:00,Hot-Dry
15.98861593,-19.18476359,LA1,2008-11-06,03:00:00 AM,03:00:00,Hot-Dry
15.9885732,-19.18485107,LA1,2008-11-06,03:20:00 AM,03:20:00,Hot-Dry
15.98829956,-19.18526001,LA1,2008-11-06,03:40:00 AM,03:40:00,Hot-Dry
15.98711039,-19.1875529,LA1,2008-11-06,04:00:00 AM,04:00:00,Hot-Dry
15.98656209,-19.18829753,LA1,2008-11-06,04:20:00 AM,04:20:00,Hot-Dry
15.98627319,-19.18855998,LA1,2008-11-06,04:40:00 AM,04:40:00,Hot-Dry
15.98606771,-19.18844604,LA1,2008-11-06,05:00:00 AM,05:00:00,Hot-Dry
15.98585409,-19.18857625,LA1,2008-11-06,05:20:00 AM,05:20:00,Hot-Dry
15.98584188,-19.18856201,LA1,2008-11-06,05:40:00 AM,05:40:00,Hot-Dry
15.98591512,-19.18861287,LA1,2008-11-06,06:00:00 AM,06:00:00,Hot-Dry
15.9859019,-19.18863932,LA1,2008-11-06,06:20:00 AM,06:20:00,Hot-Dry
15.98576457,-19.18874105,LA1,2008-11-06,06:40:00 AM,06:40:00,Hot-Dry
15.98574626,-19.18875122,LA1,2008-11-06,07:00:00 AM,07:00:00,Hot-Dry
15.98572184,-19.1887797,LA1,2008-11-06,07:20:00 AM,07:20:00,Hot-Dry
15.98536784,-19.18874308,LA1,2008-11-06,07:40:00 AM,07:40:00,Hot-Dry
15.98482768,-19.187913,LA1,2008-11-06,08:00:00 AM,08:00:00,Hot-Dry
15.98482259,-19.18792318,LA1,2008-11-06,08:20:00 AM,08:20:00,Hot-Dry
15.98485209,-19.187854,LA1,2008-11-06,08:40:00 AM,08:40:00,Hot-Dry
15.98486532,-19.18786621,LA1,2008-11-06,09:00:00 AM,09:00:00,Hot-Dry
15.98489787,-19.18757731,LA1,2008-11-06,09:20:00 AM,09:20:00,Hot-Dry
15.98534851,-19.18724976,LA1,2008-11-06,09:40:00 AM,09:40:00,Hot-Dry
15.98561198,-19.187146,LA1,2008-11-06,10:00:00 AM,10:00:00,Hot-Dry
15.98559062,-19.187146,LA1,2008-11-06,10:20:00 AM,10:20:00,Hot-Dry
15.98562419,-19.18712565,LA1,2008-11-06,10:40:00 AM,10:40:00,Hot-Dry
15.98563436,-19.18714396,LA1,2008-11-06,11:00:00 AM,11:00:00,Hot-Dry
15.98563639,-19.18714803,LA1,2008-11-06,11:20:00 AM,11:20:00,Hot-Dry
15.98563538,-19.1871582,LA1,2008-11-06,11:40:00 AM,11:40:00,Hot-Dry
15.98566589,-19.18709513,LA1,2008-11-06,12:00:00 PM,12:00:00,Hot-Dry
15.98564657,-19.18707479,LA1,2008-11-06,12:20:00 PM,12:20:00,Hot-Dry
15.9856486,-19.18708293,LA1,2008-11-06,12:40:00 PM,12:40:00,Hot-Dry
15.98565267,-19.18702799,LA1,2008-11-06,01:00:00 PM,13:00:00,Hot-Dry
15.9856425,-19.18728841,LA1,2008-11-06,01:20:00 PM,13:20:00,Hot-Dry
15.9854482,-19.18967285,LA1,2008-11-06,01:40:00 PM,13:40:00,Hot-Dry
15.98492839,-19.19156901,LA1,2008-11-06,02:00:00 PM,14:00:00,Hot-Dry
15.98311768,-19.19417114,LA1,2008-11-06,02:20:00 PM,14:20:00,Hot-Dry
15.98300171,-19.19489746,LA1,2008-11-06,02:40:00 PM,14:40:00,Hot-Dry
15.98299561,-19.19491781,LA1,2008-11-06,03:00:00 PM,15:00:00,Hot-Dry
15.98305054,-19.19833171,LA1,2008-11-06,03:20:00 PM,15:20:00,Hot-Dry
15.98305155,-19.19833374,LA1,2008-11-06,03:40:00 PM,15:40:00,Hot-Dry
15.98262634,-19.20299276,LA1,2008-11-06,04:00:00 PM,16:00:00,Hot-Dry
15.98140361,-19.20482788,LA1,2008-11-06,04:20:00 PM,16:20:00,Hot-Dry
15.97925313,-19.20754191,LA1,2008-11-06,04:40:00 PM,16:40:00,Hot-Dry
15.97652791,-19.21096191,LA1,2008-11-06,05:00:00 PM,17:00:00,Hot-Dry
15.97646586,-19.21104533,LA1,2008-11-06,05:20:00 PM,17:20:00,Hot-Dry
15.9757253,-19.2123291,LA1,2008-11-06,05:40:00 PM,17:40:00,Hot-Dry
15.97515869,-19.21442261,LA1,2008-11-06,06:00:00 PM,18:00:00,Hot-Dry
15.97512207,-19.21462606,LA1,2008-11-06,06:20:00 PM,18:20:00,Hot-Dry
15.97473551,-19.21644084,LA1,2008-11-06,06:40:00 PM,18:40:00,Hot-Dry
15.97161255,-19.22190755,LA1,2008-11-06,07:00:00 PM,19:00:00,Hot-Dry
15.97020162,-19.22619222,LA1,2008-11-06,07:20:00 PM,19:20:00,Hot-Dry
15.96959229,-19.22772827,LA1,2008-11-06,07:40:00 PM,19:40:00,Hot-Dry
15.96955058,-19.22840983,LA1,2008-11-06,08:00:00 PM,20:00:00,Hot-Dry
15.96934916,-19.22870483,LA1,2008-11-06,08:20:00 PM,20:20:00,Hot-Dry
15.96934509,-19.22913208,LA1,2008-11-06,08:40:00 PM,20:40:00,Hot-Dry
15.96874695,-19.2297465,LA1,2008-11-06,09:00:00 PM,21:00:00,Hot-Dry
15.96841227,-19.23162435,LA1,2008-11-06,09:20:00 PM,21:20:00,Hot-Dry
15.96799316,-19.2326355,LA1,2008-11-06,09:40:00 PM,21:40:00,Hot-Dry
15.96784363,-19.23342285,LA1,2008-11-06,10:00:00 PM,22:00:00,Hot-Dry
15.96783142,-19.23340861,LA1,2008-11-06,10:20:00 PM,22:20:00,Hot-Dry
15.96779277,-19.23363444,LA1,2008-11-06,10:40:00 PM,22:40:00,Hot-Dry
15.96778666,-19.23364258,LA1,2008-11-06,11:00:00 PM,23:00:00,Hot-Dry
15.96781108,-19.23365885,LA1,2008-11-06,11:20:00 PM,23:20:00,Hot-Dry
15.96780192,-19.23364868,LA1,2008-11-06,11:40:00 PM,23:40:00,Hot-Dry
15.96780497,-19.23364868,LA1,2008-11-07,12:00:00 AM,00:00:00,Hot-Dry
15.96781006,-19.23362834,LA1,2008-11-07,12:20:00 AM,00:20:00,Hot-Dry
15.96846822,-19.2343099,LA1,2008-11-07,12:40:00 AM,00:40:00,Hot-Dry
15.96948344,-19.23499959,LA1,2008-11-07,01:00:00 AM,01:00:00,Hot-Dry
15.96948344,-19.23499959,LA1,2008-11-07,01:20:00 AM,01:20:00,Hot-Dry
15.97026978,-19.23542074,LA1,2008-11-07,01:40:00 AM,01:40:00,Hot-Dry
15.97121887,-19.23625692,LA1,2008-11-07,02:00:00 AM,02:00:00,Hot-Dry
15.97265422,-19.23613281,LA1,2008-11-07,02:20:00 AM,02:20:00,Hot-Dry
15.97265625,-19.23613485,LA1,2008-11-07,02:40:00 AM,02:40:00,Hot-Dry
15.97269084,-19.23601888,LA1,2008-11-07,03:00:00 AM,03:00:00,Hot-Dry
15.97273458,-19.23601685,LA1,2008-11-07,03:20:00 AM,03:20:00,Hot-Dry
15.97269084,-19.23599854,LA1,2008-11-07,03:40:00 AM,03:40:00,Hot-Dry
15.97270304,-19.23599447,LA1,2008-11-07,04:00:00 AM,04:00:00,Hot-Dry
15.97269999,-19.23605754,LA1,2008-11-07,04:20:00 AM,04:20:00,Hot-Dry
15.97267965,-19.23597209,LA1,2008-11-07,04:40:00 AM,04:40:00,Hot-Dry
15.9726827,-19.23597005,LA1,2008-11-07,05:00:00 AM,05:00:00,Hot-Dry
15.97271016,-19.23592529,LA1,2008-11-07,05:20:00 AM,05:20:00,Hot-Dry
15.97362976,-19.23556722,LA1,2008-11-07,05:40:00 AM,05:40:00,Hot-Dry
15.97397868,-19.23563639,LA1,2008-11-07,06:00:00 AM,06:00:00,Hot-Dry
15.97478739,-19.23629964,LA1,2008-11-07,06:20:00 AM,06:20:00,Hot-Dry
15.97479045,-19.23632202,LA1,2008-11-07,06:40:00 AM,06:40:00,Hot-Dry
15.97640788,-19.23684692,LA1,2008-11-07,07:00:00 AM,07:00:00,Hot-Dry
15.97686869,-19.2368571,LA1,2008-11-07,07:20:00 AM,07:20:00,Hot-Dry
15.98001607,-19.23695068,LA1,2008-11-07,07:40:00 AM,07:40:00,Hot-Dry
15.98034973,-19.23693441,LA1,2008-11-07,08:00:00 AM,08:00:00,Hot-Dry
15.98244731,-19.23766886,LA1,2008-11-07,08:20:00 AM,08:20:00,Hot-Dry
15.98341878,-19.23872274,LA1,2008-11-07,08:40:00 AM,08:40:00,Hot-Dry
15.98631185,-19.2379659,LA1,2008-11-07,09:00:00 AM,09:00:00,Hot-Dry
15.98507182,-19.2395752,LA1,2008-11-07,09:20:00 AM,09:20:00,Hot-Dry
15.98450216,-19.2401123,LA1,2008-11-07,09:40:00 AM,09:40:00,Hot-Dry
15.98349406,-19.24014486,LA1,2008-11-07,10:00:00 AM,10:00:00,Hot-Dry
15.98215942,-19.23966675,LA1,2008-11-07,10:20:00 AM,10:20:00,Hot-Dry
15.98214823,-19.23965658,LA1,2008-11-07,10:40:00 AM,10:40:00,Hot-Dry
15.98216248,-19.23965861,LA1,2008-11-07,11:00:00 AM,11:00:00,Hot-Dry
15.98215841,-19.2396464,LA1,2008-11-07,11:20:00 AM,11:20:00,Hot-Dry
15.98215332,-19.2391866,LA1,2008-11-07,11:40:00 AM,11:40:00,Hot-Dry
15.9821228,-19.23921509,LA1,2008-11-07,12:00:00 PM,12:00:00,Hot-Dry
15.98026937,-19.23887939,LA1,2008-11-07,12:20:00 PM,12:20:00,Hot-Dry
15.98001607,-19.23880005,LA1,2008-11-07,12:40:00 PM,12:40:00,Hot-Dry
15.97999573,-19.23880412,LA1,2008-11-07,01:00:00 PM,13:00:00,Hot-Dry
15.97999064,-19.23881226,LA1,2008-11-07,01:20:00 PM,13:20:00,Hot-Dry
15.97892253,-19.23789673,LA1,2008-11-07,01:40:00 PM,13:40:00,Hot-Dry
15.97817078,-19.23735352,LA1,2008-11-07,02:00:00 PM,14:00:00,Hot-Dry
15.97794902,-19.23736369,LA1,2008-11-07,02:20:00 PM,14:20:00,Hot-Dry
15.97739766,-19.23731079,LA1,2008-11-07,02:40:00 PM,14:40:00,Hot-Dry
15.97736918,-19.23710938,LA1,2008-11-07,03:00:00 PM,15:00:00,Hot-Dry
15.97736104,-19.23710734,LA1,2008-11-07,03:20:00 PM,15:20:00,Hot-Dry
15.97736816,-19.23710327,LA1,2008-11-07,03:40:00 PM,15:40:00,Hot-Dry
15.97808533,-19.23691203,LA1,2008-11-07,04:00:00 PM,16:00:00,Hot-Dry
15.97822978,-19.23683268,LA1,2008-11-07,04:20:00 PM,16:20:00,Hot-Dry
15.97752584,-19.23682048,LA1,2008-11-07,04:40:00 PM,16:40:00,Hot-Dry
15.97740377,-19.23672078,LA1,2008-11-07,05:00:00 PM,17:00:00,Hot-Dry
15.97718201,-19.23641968,LA1,2008-11-07,05:20:00 PM,17:20:00,Hot-Dry
15.97736613,-19.23641968,LA1,2008-11-07,05:40:00 PM,17:40:00,Hot-Dry
15.97801717,-19.23616536,LA1,2008-11-07,06:00:00 PM,18:00:00,Hot-Dry
15.97802429,-19.2361613,LA1,2008-11-07,06:20:00 PM,18:20:00,Hot-Dry
15.97972005,-19.23653361,LA1,2008-11-07,06:40:00 PM,18:40:00,Hot-Dry
15.9803538,-19.23694458,LA1,2008-11-07,07:00:00 PM,19:00:00,Hot-Dry
15.98225301,-19.23781331,LA1,2008-11-07,07:20:00 PM,19:20:00,Hot-Dry
15.98634847,-19.23778483,LA1,2008-11-07,07:40:00 PM,19:40:00,Hot-Dry
15.98398132,-19.23783569,LA1,2008-11-07,08:00:00 PM,20:00:00,Hot-Dry
15.98218384,-19.23770345,LA1,2008-11-07,08:20:00 PM,20:20:00,Hot-Dry
15.97990417,-19.23434652,LA1,2008-11-07,08:40:00 PM,20:40:00,Hot-Dry
15.97761129,-19.23221029,LA1,2008-11-07,09:00:00 PM,21:00:00,Hot-Dry
15.97753398,-19.23215942,LA1,2008-11-07,09:20:00 PM,21:20:00,Hot-Dry
15.97752686,-19.23216146,LA1,2008-11-07,09:40:00 PM,21:40:00,Hot-Dry
15.97758891,-19.23215739,LA1,2008-11-07,10:00:00 PM,22:00:00,Hot-Dry
15.97759908,-19.2321757,LA1,2008-11-07,10:20:00 PM,22:20:00,Hot-Dry
15.97732747,-19.23046061,LA1,2008-11-07,10:40:00 PM,22:40:00,Hot-Dry
15.97735189,-19.23047282,LA1,2008-11-07,11:00:00 PM,23:00:00,Hot-Dry
15.97751058,-19.22255452,LA1,2008-11-07,11:20:00 PM,23:20:00,Hot-Dry
15.97740784,-19.22180583,LA1,2008-11-07,11:40:00 PM,23:40:00,Hot-Dry
15.97686564,-19.22078247,LA1,2008-11-08,12:00:00 AM,00:00:00,Hot-Dry
15.97687073,-19.22078654,LA1,2008-11-08,12:20:00 AM,00:20:00,Hot-Dry
15.97927653,-19.21218465,LA1,2008-11-08,12:40:00 AM,00:40:00,Hot-Dry
15.97941691,-19.21179199,LA1,2008-11-08,01:00:00 AM,01:00:00,Hot-Dry
15.9787679,-19.2068278,LA1,2008-11-08,01:20:00 AM,01:20:00,Hot-Dry
15.9787618,-19.20683187,LA1,2008-11-08,01:40:00 AM,01:40:00,Hot-Dry
15.97876587,-19.20680339,LA1,2008-11-08,02:00:00 AM,02:00:00,Hot-Dry
15.97876689,-19.20682983,LA1,2008-11-08,02:20:00 AM,02:20:00,Hot-Dry
15.97874654,-19.20679932,LA1,2008-11-08,02:40:00 AM,02:40:00,Hot-Dry
15.9787089,-19.20682373,LA1,2008-11-08,03:00:00 AM,03:00:00,Hot-Dry
15.97872823,-19.20683187,LA1,2008-11-08,03:20:00 AM,03:20:00,Hot-Dry
15.97872823,-19.20683594,LA1,2008-11-08,03:40:00 AM,03:40:00,Hot-Dry
15.97815857,-19.20488281,LA1,2008-11-08,04:00:00 AM,04:00:00,Hot-Dry
15.97802734,-19.20438232,LA1,2008-11-08,04:20:00 AM,04:20:00,Hot-Dry
15.97802938,-19.2043925,LA1,2008-11-08,04:40:00 AM,04:40:00,Hot-Dry
15.97801717,-19.20336711,LA1,2008-11-08,05:00:00 AM,05:00:00,Hot-Dry
15.97801514,-19.20336507,LA1,2008-11-08,05:20:00 AM,05:20:00,Hot-Dry
15.97801005,-19.20335693,LA1,2008-11-08,05:40:00 AM,05:40:00,Hot-Dry
15.97797241,-19.2015625,LA1,2008-11-08,06:00:00 AM,06:00:00,Hot-Dry
15.97774963,-19.20131226,LA1,2008-11-08,06:20:00 AM,06:20:00,Hot-Dry
15.9766449,-19.19987386,LA1,2008-11-08,06:40:00 AM,06:40:00,Hot-Dry
15.97647603,-19.19976196,LA1,2008-11-08,07:00:00 AM,07:00:00,Hot-Dry
15.97550761,-19.19937134,LA1,2008-11-08,07:20:00 AM,07:20:00,Hot-Dry
15.97380473,-19.1982605,LA1,2008-11-08,07:40:00 AM,07:40:00,Hot-Dry
15.97142131,-19.19727987,LA1,2008-11-08,08:00:00 AM,08:00:00,Hot-Dry
15.97114258,-19.19701131,LA1,2008-11-08,08:20:00 AM,08:20:00,Hot-Dry
15.96765137,-19.19458008,LA1,2008-11-08,08:40:00 AM,08:40:00,Hot-Dry
15.96623942,-19.19079183,LA1,2008-11-08,09:00:00 AM,09:00:00,Hot-Dry
15.9647522,-19.18704224,LA1,2008-11-08,09:20:00 AM,09:20:00,Hot-Dry
15.95736186,-19.18465576,LA1,2008-11-08,09:40:00 AM,09:40:00,Hot-Dry
15.94943848,-19.18435059,LA1,2008-11-08,10:00:00 AM,10:00:00,Hot-Dry
15.94088033,-19.18494873,LA1,2008-11-08,10:20:00 AM,10:20:00,Hot-Dry
15.93167114,-19.18779093,LA1,2008-11-08,10:40:00 AM,10:40:00,Hot-Dry
15.92417297,-19.18811849,LA1,2008-11-08,11:00:00 AM,11:00:00,Hot-Dry
15.91600037,-19.18253988,LA1,2008-11-08,11:20:00 AM,11:20:00,Hot-Dry
15.91582235,-19.18086751,LA1,2008-11-08,11:40:00 AM,11:40:00,Hot-Dry
15.9158488,-19.18087972,LA1,2008-11-08,12:00:00 PM,12:00:00,Hot-Dry
15.91048889,-19.18050741,LA1,2008-11-08,12:20:00 PM,12:20:00,Hot-Dry
15.90966085,-19.18057861,LA1,2008-11-08,12:40:00 PM,12:40:00,Hot-Dry
15.90908203,-19.18055623,LA1,2008-11-08,01:00:00 PM,13:00:00,Hot-Dry
15.90859375,-19.18074951,LA1,2008-11-08,01:20:00 PM,13:20:00,Hot-Dry
15.90859884,-19.18076172,LA1,2008-11-08,01:40:00 PM,13:40:00,Hot-Dry
15.90859782,-19.18076579,LA1,2008-11-08,02:00:00 PM,14:00:00,Hot-Dry
15.90860901,-19.18074137,LA1,2008-11-08,02:20:00 PM,14:20:00,Hot-Dry
15.90862834,-19.18077189,LA1,2008-11-08,02:40:00 PM,14:40:00,Hot-Dry
15.90907389,-19.18126017,LA1,2008-11-08,03:00:00 PM,15:00:00,Hot-Dry
15.91591492,-19.18111572,LA1,2008-11-08,03:20:00 PM,15:20:00,Hot-Dry
15.91265157,-19.18742065,LA1,2008-11-08,03:40:00 PM,15:40:00,Hot-Dry
15.91003215,-19.18864746,LA1,2008-11-08,04:00:00 PM,16:00:00,Hot-Dry
15.90362447,-19.19263306,LA1,2008-11-08,04:20:00 PM,16:20:00,Hot-Dry
15.90313619,-19.19299113,LA1,2008-11-08,04:40:00 PM,16:40:00,Hot-Dry
15.90181986,-19.19540609,LA1,2008-11-08,05:00:00 PM,17:00:00,Hot-Dry
15.89503174,-19.19459839,LA1,2008-11-08,05:20:00 PM,17:20:00,Hot-Dry
15.8856486,-19.19695435,LA1,2008-11-08,05:40:00 PM,17:40:00,Hot-Dry
15.88167013,-19.19931437,LA1,2008-11-08,06:00:00 PM,18:00:00,Hot-Dry
15.87868245,-19.20228475,LA1,2008-11-08,06:20:00 PM,18:20:00,Hot-Dry
15.87589111,-19.20438029,LA1,2008-11-08,06:40:00 PM,18:40:00,Hot-Dry
15.87210897,-19.20665487,LA1,2008-11-08,07:00:00 PM,19:00:00,Hot-Dry
15.87115885,-19.20743001,LA1,2008-11-08,07:20:00 PM,19:20:00,Hot-Dry
15.86720988,-19.20934448,LA1,2008-11-08,07:40:00 PM,19:40:00,Hot-Dry
15.86534932,-19.21247355,LA1,2008-11-08,08:00:00 PM,20:00:00,Hot-Dry
15.86535339,-19.21247559,LA1,2008-11-08,08:20:00 PM,20:20:00,Hot-Dry
15.86608276,-19.21577352,LA1,2008-11-08,08:40:00 PM,20:40:00,Hot-Dry
15.86661174,-19.21772868,LA1,2008-11-08,09:00:00 PM,21:00:00,Hot-Dry
15.86705424,-19.21850179,LA1,2008-11-08,09:20:00 PM,21:20:00,Hot-Dry
15.86720988,-19.21881917,LA1,2008-11-08,09:40:00 PM,21:40:00,Hot-Dry
15.867158,-19.21911418,LA1,2008-11-08,10:00:00 PM,22:00:00,Hot-Dry
15.86655884,-19.21924235,LA1,2008-11-08,10:20:00 PM,22:20:00,Hot-Dry
15.86657104,-19.21923828,LA1,2008-11-08,10:40:00 PM,22:40:00,Hot-Dry
15.86628215,-19.22028809,LA1,2008-11-08,11:00:00 PM,23:00:00,Hot-Dry
15.8658549,-19.22076619,LA1,2008-11-08,11:20:00 PM,23:20:00,Hot-Dry
15.86491699,-19.22111206,LA1,2008-11-08,11:40:00 PM,23:40:00,Hot-Dry
15.86456604,-19.22113444,LA1,2008-11-09,12:00:00 AM,00:00:00,Hot-Dry
15.86440328,-19.22138672,LA1,2008-11-09,12:20:00 AM,00:20:00,Hot-Dry
15.86300456,-19.22351685,LA1,2008-11-09,12:40:00 AM,00:40:00,Hot-Dry
15.85989278,-19.22669881,LA1,2008-11-09,01:00:00 AM,01:00:00,Hot-Dry
15.8598877,-19.22670695,LA1,2008-11-09,01:20:00 AM,01:20:00,Hot-Dry
15.85857137,-19.22807007,LA1,2008-11-09,01:40:00 AM,01:40:00,Hot-Dry
15.85855611,-19.22901611,LA1,2008-11-09,02:00:00 AM,02:00:00,Hot-Dry
15.8584137,-19.22949015,LA1,2008-11-09,02:20:00 AM,02:20:00,Hot-Dry
15.85836487,-19.22978923,LA1,2008-11-09,02:40:00 AM,02:40:00,Hot-Dry
15.85822042,-19.23085531,LA1,2008-11-09,03:00:00 AM,03:00:00,Hot-Dry
15.8582194,-19.23086344,LA1,2008-11-09,03:20:00 AM,03:20:00,Hot-Dry
15.85824788,-19.23083496,LA1,2008-11-09,03:40:00 AM,03:40:00,Hot-Dry
15.85826721,-19.23081868,LA1,2008-11-09,04:00:00 AM,04:00:00,Hot-Dry
15.85825704,-19.23084106,LA1,2008-11-09,04:20:00 AM,04:20:00,Hot-Dry
15.85821431,-19.23096517,LA1,2008-11-09,04:40:00 AM,04:40:00,Hot-Dry
15.85820923,-19.2309611,LA1,2008-11-09,05:00:00 AM,05:00:00,Hot-Dry
15.85826416,-19.23142497,LA1,2008-11-09,05:20:00 AM,05:20:00,Hot-Dry
15.85816956,-19.2328776,LA1,2008-11-09,05:40:00 AM,05:40:00,Hot-Dry
15.85807088,-19.23299967,LA1,2008-11-09,06:00:00 AM,06:00:00,Hot-Dry
15.85765483,-19.23500977,LA1,2008-11-09,06:20:00 AM,06:20:00,Hot-Dry
15.85764771,-19.23501383,LA1,2008-11-09,06:40:00 AM,06:40:00,Hot-Dry
15.85781759,-19.2355245,LA1,2008-11-09,07:00:00 AM,07:00:00,Hot-Dry
15.8583608,-19.23635254,LA1,2008-11-09,07:20:00 AM,07:20:00,Hot-Dry
15.8589742,-19.23814901,LA1,2008-11-09,07:40:00 AM,07:40:00,Hot-Dry
15.8588562,-19.24041545,LA1,2008-11-09,08:00:00 AM,08:00:00,Hot-Dry
15.85890096,-19.24035645,LA1,2008-11-09,08:20:00 AM,08:20:00,Hot-Dry
15.86227112,-19.2416036,LA1,2008-11-09,08:40:00 AM,08:40:00,Hot-Dry
15.86324463,-19.24197184,LA1,2008-11-09,09:00:00 AM,09:00:00,Hot-Dry
15.86341451,-19.24207764,LA1,2008-11-09,09:20:00 AM,09:20:00,Hot-Dry
15.86462097,-19.24259033,LA1,2008-11-09,09:40:00 AM,09:40:00,Hot-Dry
15.86463623,-19.24258626,LA1,2008-11-09,10:00:00 AM,10:00:00,Hot-Dry
15.86465759,-19.24266154,LA1,2008-11-09,10:20:00 AM,10:20:00,Hot-Dry
15.86420797,-19.24631348,LA1,2008-11-09,10:40:00 AM,10:40:00,Hot-Dry
15.86423136,-19.24629924,LA1,2008-11-09,11:00:00 AM,11:00:00,Hot-Dry
15.86486511,-19.24830526,LA1,2008-11-09,11:20:00 AM,11:20:00,Hot-Dry
15.8647939,-19.25144653,LA1,2008-11-09,11:40:00 AM,11:40:00,Hot-Dry
15.86481832,-19.25136719,LA1,2008-11-09,12:00:00 PM,12:00:00,Hot-Dry
15.86547038,-19.25250244,LA1,2008-11-09,12:20:00 PM,12:20:00,Hot-Dry
15.86273092,-19.26069539,LA1,2008-11-09,12:40:00 PM,12:40:00,Hot-Dry
15.86129761,-19.2664266,LA1,2008-11-09,01:00:00 PM,13:00:00,Hot-Dry
15.86028239,-19.26930339,LA1,2008-11-09,01:20:00 PM,13:20:00,Hot-Dry
15.85974121,-19.27021281,LA1,2008-11-09,01:40:00 PM,13:40:00,Hot-Dry
15.85974426,-19.27019246,LA1,2008-11-09,02:00:00 PM,14:00:00,Hot-Dry
15.85970662,-19.27161051,LA1,2008-11-09,02:20:00 PM,14:20:00,Hot-Dry
15.85968424,-19.27176107,LA1,2008-11-09,02:40:00 PM,14:40:00,Hot-Dry
15.85968424,-19.27176514,LA1,2008-11-09,03:00:00 PM,15:00:00,Hot-Dry
15.85930888,-19.27428792,LA1,2008-11-09,03:20:00 PM,15:20:00,Hot-Dry
15.85823059,-19.27489014,LA1,2008-11-09,03:40:00 PM,15:40:00,Hot-Dry
15.85774536,-19.274764,LA1,2008-11-09,04:00:00 PM,16:00:00,Hot-Dry
15.85730693,-19.2750061,LA1,2008-11-09,04:20:00 PM,16:20:00,Hot-Dry
15.85443115,-19.2725179,LA1,2008-11-09,04:40:00 PM,16:40:00,Hot-Dry
15.853538,-19.2721578,LA1,2008-11-09,05:00:00 PM,17:00:00,Hot-Dry
15.85199992,-19.27145182,LA1,2008-11-09,05:20:00 PM,17:20:00,Hot-Dry
15.85202535,-19.27143351,LA1,2008-11-09,05:40:00 PM,17:40:00,Hot-Dry
15.85142924,-19.27104085,LA1,2008-11-09,06:00:00 PM,18:00:00,Hot-Dry
15.84753927,-19.26809489,LA1,2008-11-09,06:20:00 PM,18:20:00,Hot-Dry
15.8453186,-19.2671875,LA1,2008-11-09,06:40:00 PM,18:40:00,Hot-Dry
15.84216919,-19.26511637,LA1,2008-11-09,07:00:00 PM,19:00:00,Hot-Dry
15.84009705,-19.26395264,LA1,2008-11-09,07:20:00 PM,19:20:00,Hot-Dry
15.83514099,-19.2605245,LA1,2008-11-09,07:40:00 PM,19:40:00,Hot-Dry
15.83374125,-19.25936483,LA1,2008-11-09,08:00:00 PM,20:00:00,Hot-Dry
15.8332194,-19.25940755,LA1,2008-11-09,08:20:00 PM,20:20:00,Hot-Dry
15.83198547,-19.25859375,LA1,2008-11-09,08:40:00 PM,20:40:00,Hot-Dry
15.83127645,-19.25794271,LA1,2008-11-09,09:00:00 PM,21:00:00,Hot-Dry
15.8311849,-19.25779622,LA1,2008-11-09,09:20:00 PM,21:20:00,Hot-Dry
15.83092753,-19.25771077,LA1,2008-11-09,09:40:00 PM,21:40:00,Hot-Dry
15.83026632,-19.25791016,LA1,2008-11-09,10:00:00 PM,22:00:00,Hot-Dry
15.82989705,-19.2577006,LA1,2008-11-09,10:20:00 PM,22:20:00,Hot-Dry
15.82987162,-19.25754191,LA1,2008-11-09,10:40:00 PM,22:40:00,Hot-Dry
15.82960612,-19.25771077,LA1,2008-11-09,11:00:00 PM,23:00:00,Hot-Dry
15.82881775,-19.2561849,LA1,2008-11-09,11:20:00 PM,23:20:00,Hot-Dry
15.82862549,-19.2556071,LA1,2008-11-09,11:40:00 PM,23:40:00,Hot-Dry
15.82863159,-19.25560303,LA1,2008-11-10,12:00:00 AM,00:00:00,Hot-Dry
15.82733053,-19.25188395,LA1,2008-11-10,12:20:00 AM,00:20:00,Hot-Dry
15.82642212,-19.25087484,LA1,2008-11-10,12:40:00 AM,00:40:00,Hot-Dry
15.82524923,-19.2508138,LA1,2008-11-10,01:00:00 AM,01:00:00,Hot-Dry
15.82456665,-19.24769694,LA1,2008-11-10,01:20:00 AM,01:20:00,Hot-Dry
15.82455343,-19.24772135,LA1,2008-11-10,01:40:00 AM,01:40:00,Hot-Dry
15.82455139,-19.24772746,LA1,2008-11-10,02:00:00 AM,02:00:00,Hot-Dry
15.82454732,-19.24770304,LA1,2008-11-10,02:20:00 AM,02:20:00,Hot-Dry
15.82457377,-19.24772949,LA1,2008-11-10,02:40:00 AM,02:40:00,Hot-Dry
15.82457072,-19.24773763,LA1,2008-11-10,03:00:00 AM,03:00:00,Hot-Dry
15.8245341,-19.24773966,LA1,2008-11-10,03:20:00 AM,03:20:00,Hot-Dry
15.82456258,-19.24767863,LA1,2008-11-10,03:40:00 AM,03:40:00,Hot-Dry
15.82455037,-19.24765422,LA1,2008-11-10,04:00:00 AM,04:00:00,Hot-Dry
15.82455851,-19.2477356,LA1,2008-11-10,04:20:00 AM,04:20:00,Hot-Dry
15.82453715,-19.2476827,LA1,2008-11-10,04:40:00 AM,04:40:00,Hot-Dry
15.8238739,-19.24726766,LA1,2008-11-10,05:00:00 AM,05:00:00,Hot-Dry
15.82251994,-19.24701742,LA1,2008-11-10,05:20:00 AM,05:20:00,Hot-Dry
15.81974284,-19.24477132,LA1,2008-11-10,05:40:00 AM,05:40:00,Hot-Dry
15.81488037,-19.24205729,LA1,2008-11-10,06:00:00 AM,06:00:00,Hot-Dry
15.81263631,-19.24194132,LA1,2008-11-10,06:20:00 AM,06:20:00,Hot-Dry
15.81085002,-19.24130452,LA1,2008-11-10,06:40:00 AM,06:40:00,Hot-Dry
15.80905762,-19.24025879,LA1,2008-11-10,07:00:00 AM,07:00:00,Hot-Dry
15.80805562,-19.23733927,LA1,2008-11-10,07:20:00 AM,07:20:00,Hot-Dry
15.80522563,-19.23388062,LA1,2008-11-10,07:40:00 AM,07:40:00,Hot-Dry
15.80261739,-19.23148193,LA1,2008-11-10,08:00:00 AM,08:00:00,Hot-Dry
15.80262858,-19.23149414,LA1,2008-11-10,08:20:00 AM,08:20:00,Hot-Dry
15.80271606,-19.23112183,LA1,2008-11-10,08:40:00 AM,08:40:00,Hot-Dry
15.80322673,-19.23105469,LA1,2008-11-10,09:00:00 AM,09:00:00,Hot-Dry
15.80376892,-19.23071899,LA1,2008-11-10,09:20:00 AM,09:20:00,Hot-Dry
15.80298971,-19.23081462,LA1,2008-11-10,09:40:00 AM,09:40:00,Hot-Dry
15.80255229,-19.23110758,LA1,2008-11-10,10:00:00 AM,10:00:00,Hot-Dry
15.8025533,-19.23110352,LA1,2008-11-10,10:20:00 AM,10:20:00,Hot-Dry
15.80195109,-19.23139648,LA1,2008-11-10,10:40:00 AM,10:40:00,Hot-Dry
15.80070292,-19.23035075,LA1,2008-11-10,11:00:00 AM,11:00:00,Hot-Dry
15.80053202,-19.23041178,LA1,2008-11-10,11:20:00 AM,11:20:00,Hot-Dry
15.80050557,-19.23037516,LA1,2008-11-10,11:40:00 AM,11:40:00,Hot-Dry
15.79988098,-19.23035889,LA1,2008-11-10,12:00:00 PM,12:00:00,Hot-Dry
15.7998881,-19.23036499,LA1,2008-11-10,12:20:00 PM,12:20:00,Hot-Dry
15.80033569,-19.23080648,LA1,2008-11-10,12:40:00 PM,12:40:00,Hot-Dry
15.80073954,-19.23053182,LA1,2008-11-10,01:00:00 PM,13:00:00,Hot-Dry
15.80071818,-19.23054403,LA1,2008-11-10,01:20:00 PM,13:20:00,Hot-Dry
15.8007487,-19.23053792,LA1,2008-11-10,01:40:00 PM,13:40:00,Hot-Dry
15.80092265,-19.23200684,LA1,2008-11-10,02:00:00 PM,14:00:00,Hot-Dry
15.7998525,-19.2322408,LA1,2008-11-10,02:20:00 PM,14:20:00,Hot-Dry
15.79984741,-19.23223674,LA1,2008-11-10,02:40:00 PM,14:40:00,Hot-Dry
15.80009257,-19.23227539,LA1,2008-11-10,03:00:00 PM,15:00:00,Hot-Dry
15.80087687,-19.23218587,LA1,2008-11-10,03:20:00 PM,15:20:00,Hot-Dry
15.80145467,-19.23209229,LA1,2008-11-10,03:40:00 PM,15:40:00,Hot-Dry
15.80218201,-19.23174845,LA1,2008-11-10,04:00:00 PM,16:00:00,Hot-Dry
15.80241597,-19.23178507,LA1,2008-11-10,04:20:00 PM,16:20:00,Hot-Dry
15.80245565,-19.23227539,LA1,2008-11-10,04:40:00 PM,16:40:00,Hot-Dry
15.80271403,-19.23342692,LA1,2008-11-10,05:00:00 PM,17:00:00,Hot-Dry
15.80270487,-19.23341268,LA1,2008-11-10,05:20:00 PM,17:20:00,Hot-Dry
15.80382996,-19.23382161,LA1,2008-11-10,05:40:00 PM,17:40:00,Hot-Dry
15.80383301,-19.23383179,LA1,2008-11-10,06:00:00 PM,18:00:00,Hot-Dry
15.80368652,-19.23324585,LA1,2008-11-10,06:20:00 PM,18:20:00,Hot-Dry
15.80339457,-19.23292643,LA1,2008-11-10,06:40:00 PM,18:40:00,Hot-Dry
15.80340271,-19.23293457,LA1,2008-11-10,07:00:00 PM,19:00:00,Hot-Dry
15.80361532,-19.23321737,LA1,2008-11-10,07:20:00 PM,19:20:00,Hot-Dry
15.80409749,-19.23273519,LA1,2008-11-10,07:40:00 PM,19:40:00,Hot-Dry
15.80457967,-19.23268636,LA1,2008-11-10,08:00:00 PM,20:00:00,Hot-Dry
15.80535583,-19.23225505,LA1,2008-11-10,08:20:00 PM,20:20:00,Hot-Dry
15.80559998,-19.23207601,LA1,2008-11-10,08:40:00 PM,20:40:00,Hot-Dry
15.80566508,-19.23214722,LA1,2008-11-10,09:00:00 PM,21:00:00,Hot-Dry
15.80567322,-19.23215129,LA1,2008-11-10,09:20:00 PM,21:20:00,Hot-Dry
15.80567932,-19.23324788,LA1,2008-11-10,09:40:00 PM,21:40:00,Hot-Dry
15.80571696,-19.23320313,LA1,2008-11-10,10:00:00 PM,22:00:00,Hot-Dry
15.80572306,-19.23320516,LA1,2008-11-10,10:20:00 PM,22:20:00,Hot-Dry
15.80568034,-19.2332255,LA1,2008-11-10,10:40:00 PM,22:40:00,Hot-Dry
15.80569153,-19.23323161,LA1,2008-11-10,11:00:00 PM,23:00:00,Hot-Dry
15.8057312,-19.2332133,LA1,2008-11-10,11:20:00 PM,23:20:00,Hot-Dry
15.80571493,-19.23325602,LA1,2008-11-10,11:40:00 PM,23:40:00,Hot-Dry
15.80570272,-19.23326009,LA1,2008-11-11,12:00:00 AM,00:00:00,Hot-Dry
15.80566813,-19.23324585,LA1,2008-11-11,12:20:00 AM,00:20:00,Hot-Dry
15.80591227,-19.23271281,LA1,2008-11-11,12:40:00 AM,00:40:00,Hot-Dry
15.80592855,-19.23269857,LA1,2008-11-11,01:00:00 AM,01:00:00,Hot-Dry
15.80563965,-19.23187663,LA1,2008-11-11,01:20:00 AM,01:20:00,Hot-Dry
15.80503438,-19.23124593,LA1,2008-11-11,01:40:00 AM,01:40:00,Hot-Dry
15.80538432,-19.23024902,LA1,2008-11-11,02:00:00 AM,02:00:00,Hot-Dry
15.8051239,-19.22938029,LA1,2008-11-11,02:20:00 AM,02:20:00,Hot-Dry
15.80512187,-19.22938843,LA1,2008-11-11,02:40:00 AM,02:40:00,Hot-Dry
15.80518697,-19.22935181,LA1,2008-11-11,03:00:00 AM,03:00:00,Hot-Dry
15.80519613,-19.22934163,LA1,2008-11-11,03:20:00 AM,03:20:00,Hot-Dry
15.80524597,-19.22935588,LA1,2008-11-11,03:40:00 AM,03:40:00,Hot-Dry
15.80520935,-19.22936605,LA1,2008-11-11,04:00:00 AM,04:00:00,Hot-Dry
15.80518901,-19.22935181,LA1,2008-11-11,04:20:00 AM,04:20:00,Hot-Dry
15.80461019,-19.22919922,LA1,2008-11-11,04:40:00 AM,04:40:00,Hot-Dry
15.80419413,-19.22909139,LA1,2008-11-11,05:00:00 AM,05:00:00,Hot-Dry
15.80393372,-19.22918905,LA1,2008-11-11,05:20:00 AM,05:20:00,Hot-Dry
15.80312703,-19.22884725,LA1,2008-11-11,05:40:00 AM,05:40:00,Hot-Dry
15.80162252,-19.22855225,LA1,2008-11-11,06:00:00 AM,06:00:00,Hot-Dry
15.80067851,-19.22872314,LA1,2008-11-11,06:20:00 AM,06:20:00,Hot-Dry
15.80058085,-19.23038737,LA1,2008-11-11,06:40:00 AM,06:40:00,Hot-Dry
15.80057678,-19.23038534,LA1,2008-11-11,07:00:00 AM,07:00:00,Hot-Dry
15.80057373,-19.2317627,LA1,2008-11-11,07:20:00 AM,07:20:00,Hot-Dry
15.80054626,-19.23174438,LA1,2008-11-11,07:40:00 AM,07:40:00,Hot-Dry
15.80072632,-19.23181559,LA1,2008-11-11,08:00:00 AM,08:00:00,Hot-Dry
15.80109965,-19.2319987,LA1,2008-11-11,08:20:00 AM,08:20:00,Hot-Dry
15.80030314,-19.23214111,LA1,2008-11-11,08:40:00 AM,08:40:00,Hot-Dry
15.79993591,-19.23216553,LA1,2008-11-11,09:00:00 AM,09:00:00,Hot-Dry
15.79994303,-19.2321818,LA1,2008-11-11,09:20:00 AM,09:20:00,Hot-Dry
15.80003153,-19.23164266,LA1,2008-11-11,09:40:00 AM,09:40:00,Hot-Dry
15.80020142,-19.23096313,LA1,2008-11-11,10:00:00 AM,10:00:00,Hot-Dry
15.79950155,-19.23131714,LA1,2008-11-11,10:20:00 AM,10:20:00,Hot-Dry
15.79861857,-19.23148804,LA1,2008-11-11,10:40:00 AM,10:40:00,Hot-Dry
15.79851176,-19.23190104,LA1,2008-11-11,11:00:00 AM,11:00:00,Hot-Dry
15.7961436,-19.23278605,LA1,2008-11-11,11:20:00 AM,11:20:00,Hot-Dry
15.79581909,-19.23287964,LA1,2008-11-11,11:40:00 AM,11:40:00,Hot-Dry
15.79419759,-19.23420614,LA1,2008-11-11,12:00:00 PM,12:00:00,Hot-Dry
15.79419352,-19.234198,LA1,2008-11-11,12:20:00 PM,12:20:00,Hot-Dry
15.79430339,-19.23473307,LA1,2008-11-11,12:40:00 PM,12:40:00,Hot-Dry
15.79347839,-19.23527222,LA1,2008-11-11,01:00:00 PM,13:00:00,Hot-Dry
15.7927124,-19.23533732,LA1,2008-11-11,01:20:00 PM,13:20:00,Hot-Dry
15.79143982,-19.23524984,LA1,2008-11-11,01:40:00 PM,13:40:00,Hot-Dry
15.79107056,-19.23510946,LA1,2008-11-11,02:00:00 PM,14:00:00,Hot-Dry
15.79105632,-19.23511353,LA1,2008-11-11,02:20:00 PM,14:20:00,Hot-Dry
15.79162598,-19.2357666,LA1,2008-11-11,02:40:00 PM,14:40:00,Hot-Dry
15.79093526,-19.23674927,LA1,2008-11-11,03:00:00 PM,15:00:00,Hot-Dry
15.78979797,-19.23705444,LA1,2008-11-11,03:20:00 PM,15:20:00,Hot-Dry
15.78885396,-19.23709106,LA1,2008-11-11,03:40:00 PM,15:40:00,Hot-Dry
15.78780314,-19.23764038,LA1,2008-11-11,04:00:00 PM,16:00:00,Hot-Dry
15.78723653,-19.23855591,LA1,2008-11-11,04:20:00 PM,16:20:00,Hot-Dry
15.78722941,-19.23856608,LA1,2008-11-11,04:40:00 PM,16:40:00,Hot-Dry
15.78591614,-19.24025879,LA1,2008-11-11,05:00:00 PM,17:00:00,Hot-Dry
15.78477275,-19.24062703,LA1,2008-11-11,05:20:00 PM,17:20:00,Hot-Dry
15.78418884,-19.24065145,LA1,2008-11-11,05:40:00 PM,17:40:00,Hot-Dry
15.78418579,-19.24065348,LA1,2008-11-11,06:00:00 PM,18:00:00,Hot-Dry
15.78358561,-19.23887533,LA1,2008-11-11,06:20:00 PM,18:20:00,Hot-Dry
15.78226318,-19.23870646,LA1,2008-11-11,06:40:00 PM,18:40:00,Hot-Dry
15.78181458,-19.23959351,LA1,2008-11-11,07:00:00 PM,19:00:00,Hot-Dry
15.78094482,-19.24013265,LA1,2008-11-11,07:20:00 PM,19:20:00,Hot-Dry
15.78087056,-19.24020996,LA1,2008-11-11,07:40:00 PM,19:40:00,Hot-Dry
15.78064982,-19.24067383,LA1,2008-11-11,08:00:00 PM,20:00:00,Hot-Dry
15.77978516,-19.24061686,LA1,2008-11-11,08:20:00 PM,20:20:00,Hot-Dry
15.77936096,-19.24062703,LA1,2008-11-11,08:40:00 PM,20:40:00,Hot-Dry
15.77784119,-19.24168294,LA1,2008-11-11,09:00:00 PM,21:00:00,Hot-Dry
15.77786255,-19.24168701,LA1,2008-11-11,09:20:00 PM,21:20:00,Hot-Dry
15.77738851,-19.24168905,LA1,2008-11-11,09:40:00 PM,21:40:00,Hot-Dry
15.77659098,-19.24189453,LA1,2008-11-11,10:00:00 PM,22:00:00,Hot-Dry
15.77629089,-19.24215495,LA1,2008-11-11,10:20:00 PM,22:20:00,Hot-Dry
15.77557068,-19.24203491,LA1,2008-11-11,10:40:00 PM,22:40:00,Hot-Dry
15.77484436,-19.24198812,LA1,2008-11-11,11:00:00 PM,23:00:00,Hot-Dry
15.77484334,-19.24198405,LA1,2008-11-11,11:20:00 PM,23:20:00,Hot-Dry
15.77486064,-19.24200439,LA1,2008-11-11,11:40:00 PM,23:40:00,Hot-Dry
15.77485657,-19.24201457,LA1,2008-11-12,12:00:00 AM,00:00:00,Hot-Dry
15.77490946,-19.24199219,LA1,2008-11-12,12:20:00 AM,00:20:00,Hot-Dry
15.77487081,-19.24202271,LA1,2008-11-12,12:40:00 AM,00:40:00,Hot-Dry
15.77424825,-19.24222412,LA1,2008-11-12,01:00:00 AM,01:00:00,Hot-Dry
15.77367045,-19.24233195,LA1,2008-11-12,01:20:00 AM,01:20:00,Hot-Dry
15.77254232,-19.24212443,LA1,2008-11-12,01:40:00 AM,01:40:00,Hot-Dry
15.77234497,-19.24198405,LA1,2008-11-12,02:00:00 AM,02:00:00,Hot-Dry
15.77229207,-19.24197591,LA1,2008-11-12,02:20:00 AM,02:20:00,Hot-Dry
15.77229614,-19.24198812,LA1,2008-11-12,02:40:00 AM,02:40:00,Hot-Dry
15.77229818,-19.24198608,LA1,2008-11-12,03:00:00 AM,03:00:00,Hot-Dry
15.7723114,-19.24196981,LA1,2008-11-12,03:20:00 AM,03:20:00,Hot-Dry
15.77233683,-19.24200236,LA1,2008-11-12,03:40:00 AM,03:40:00,Hot-Dry
15.77233887,-19.24197591,LA1,2008-11-12,04:00:00 AM,04:00:00,Hot-Dry
15.77232463,-19.24198405,LA1,2008-11-12,04:20:00 AM,04:20:00,Hot-Dry
15.77147013,-19.24226481,LA1,2008-11-12,04:40:00 AM,04:40:00,Hot-Dry
15.77093506,-19.24207153,LA1,2008-11-12,05:00:00 AM,05:00:00,Hot-Dry
15.77069092,-19.24224447,LA1,2008-11-12,05:20:00 AM,05:20:00,Hot-Dry
15.7696228,-19.24206136,LA1,2008-11-12,05:40:00 AM,05:40:00,Hot-Dry
15.76774089,-19.24179484,LA1,2008-11-12,06:00:00 AM,06:00:00,Hot-Dry
15.76347453,-19.24076538,LA1,2008-11-12,06:20:00 AM,06:20:00,Hot-Dry
15.75982157,-19.23914795,LA1,2008-11-12,06:40:00 AM,06:40:00,Hot-Dry
15.75907491,-19.23925374,LA1,2008-11-12,07:00:00 AM,07:00:00,Hot-Dry
15.75894368,-19.23933512,LA1,2008-11-12,07:20:00 AM,07:20:00,Hot-Dry
15.75836894,-19.23899536,LA1,2008-11-12,07:40:00 AM,07:40:00,Hot-Dry
15.75832418,-19.23890991,LA1,2008-11-12,08:00:00 AM,08:00:00,Hot-Dry
15.75832926,-19.23890788,LA1,2008-11-12,08:20:00 AM,08:20:00,Hot-Dry
15.75913696,-19.23953451,LA1,2008-11-12,08:40:00 AM,08:40:00,Hot-Dry
15.75941366,-19.2396932,LA1,2008-11-12,09:00:00 AM,09:00:00,Hot-Dry
15.75852763,-19.23693848,LA1,2008-11-12,09:20:00 AM,09:20:00,Hot-Dry
15.75678813,-19.23377889,LA1,2008-11-12,09:40:00 AM,09:40:00,Hot-Dry
15.7538737,-19.2332255,LA1,2008-11-12,10:00:00 AM,10:00:00,Hot-Dry
15.75260925,-19.23398844,LA1,2008-11-12,10:20:00 AM,10:20:00,Hot-Dry
15.75225525,-19.23568115,LA1,2008-11-12,10:40:00 AM,10:40:00,Hot-Dry
15.75220439,-19.23703817,LA1,2008-11-12,11:00:00 AM,11:00:00,Hot-Dry
15.75224609,-19.23703206,LA1,2008-11-12,11:20:00 AM,11:20:00,Hot-Dry
15.75242716,-19.23868408,LA1,2008-11-12,11:40:00 AM,11:40:00,Hot-Dry
15.75448507,-19.24202677,LA1,2008-11-12,12:00:00 PM,12:00:00,Hot-Dry
15.75447896,-19.24202881,LA1,2008-11-12,12:20:00 PM,12:20:00,Hot-Dry
15.75927836,-19.24459025,LA1,2008-11-12,12:40:00 PM,12:40:00,Hot-Dry
15.75866801,-19.24609985,LA1,2008-11-12,01:00:00 PM,13:00:00,Hot-Dry
15.75873108,-19.24641927,LA1,2008-11-12,01:20:00 PM,13:20:00,Hot-Dry
15.75871073,-19.24644572,LA1,2008-11-12,01:40:00 PM,13:40:00,Hot-Dry
15.75534261,-19.24896037,LA1,2008-11-12,02:00:00 PM,14:00:00,Hot-Dry
15.75536194,-19.24894816,LA1,2008-11-12,02:20:00 PM,14:20:00,Hot-Dry
15.75604451,-19.24874471,LA1,2008-11-12,02:40:00 PM,14:40:00,Hot-Dry
15.75662944,-19.24870402,LA1,2008-11-12,03:00:00 PM,15:00:00,Hot-Dry
15.75741374,-19.24825236,LA1,2008-11-12,03:20:00 PM,15:20:00,Hot-Dry
15.75721741,-19.2434021,LA1,2008-11-12,03:40:00 PM,15:40:00,Hot-Dry
15.75583394,-19.24285889,LA1,2008-11-12,04:00:00 PM,16:00:00,Hot-Dry
15.75582377,-19.24230957,LA1,2008-11-12,04:20:00 PM,16:20:00,Hot-Dry
15.75514628,-19.24204305,LA1,2008-11-12,04:40:00 PM,16:40:00,Hot-Dry
15.75514832,-19.24204712,LA1,2008-11-12,05:00:00 PM,17:00:00,Hot-Dry
15.75586853,-19.24240723,LA1,2008-11-12,05:20:00 PM,17:20:00,Hot-Dry
15.75638224,-19.24209798,LA1,2008-11-12,05:40:00 PM,17:40:00,Hot-Dry
15.75641174,-19.2422404,LA1,2008-11-12,06:00:00 PM,18:00:00,Hot-Dry
15.75665181,-19.2434672,LA1,2008-11-12,06:20:00 PM,18:20:00,Hot-Dry
15.75747274,-19.24330851,LA1,2008-11-12,06:40:00 PM,18:40:00,Hot-Dry
15.75967712,-19.24383138,LA1,2008-11-12,07:00:00 PM,19:00:00,Hot-Dry
15.75970866,-19.24333903,LA1,2008-11-12,07:20:00 PM,19:20:00,Hot-Dry
15.76011149,-19.24321086,LA1,2008-11-12,07:40:00 PM,19:40:00,Hot-Dry
15.76018066,-19.24315796,LA1,2008-11-12,08:00:00 PM,20:00:00,Hot-Dry
15.76025798,-19.24343465,LA1,2008-11-12,08:20:00 PM,20:20:00,Hot-Dry
15.76072286,-19.24324137,LA1,2008-11-12,08:40:00 PM,20:40:00,Hot-Dry
15.76083272,-19.24306844,LA1,2008-11-12,09:00:00 PM,21:00:00,Hot-Dry
15.76104431,-19.24313761,LA1,2008-11-12,09:20:00 PM,21:20:00,Hot-Dry
15.76108195,-19.2430542,LA1,2008-11-12,09:40:00 PM,21:40:00,Hot-Dry
15.76153158,-19.24255168,LA1,2008-11-12,10:00:00 PM,22:00:00,Hot-Dry
15.76187948,-19.24230957,LA1,2008-11-12,10:20:00 PM,22:20:00,Hot-Dry
15.76212565,-19.2424825,LA1,2008-11-12,10:40:00 PM,22:40:00,Hot-Dry
15.76226196,-19.24235026,LA1,2008-11-12,11:00:00 PM,23:00:00,Hot-Dry
15.76064962,-19.24431559,LA1,2008-11-12,11:20:00 PM,23:20:00,Hot-Dry
15.75856222,-19.24732869,LA1,2008-11-12,11:40:00 PM,23:40:00,Hot-Dry
15.75856527,-19.24732666,LA1,2008-11-13,12:00:38 AM,00:00:00,Hot-Dry
15.75861104,-19.24732666,LA1,2008-11-13,12:20:38 AM,00:20:00,Hot-Dry
15.75818481,-19.24638672,LA1,2008-11-13,12:40:38 AM,00:40:00,Hot-Dry
15.75808207,-19.24631958,LA1,2008-11-13,01:00:38 AM,01:00:00,Hot-Dry
15.75807088,-19.24623413,LA1,2008-11-13,01:20:38 AM,01:20:00,Hot-Dry
15.75807393,-19.24626261,LA1,2008-11-13,01:40:38 AM,01:40:00,Hot-Dry
15.75816243,-19.24633586,LA1,2008-11-13,02:00:38 AM,02:00:00,Hot-Dry
15.75815837,-19.24633179,LA1,2008-11-13,02:20:38 AM,02:20:00,Hot-Dry
15.75812988,-19.24630534,LA1,2008-11-13,02:40:38 AM,02:40:00,Hot-Dry
15.75815938,-19.24628906,LA1,2008-11-13,03:00:38 AM,03:00:00,Hot-Dry
15.75811666,-19.24628296,LA1,2008-11-13,03:20:38 AM,03:20:00,Hot-Dry
15.75811259,-19.24632568,LA1,2008-11-13,03:40:38 AM,03:40:00,Hot-Dry
15.75812378,-19.24632161,LA1,2008-11-13,04:00:48 AM,04:00:00,Hot-Dry
15.7581248,-19.24632161,LA1,2008-11-13,04:20:48 AM,04:20:00,Hot-Dry
15.75831197,-19.24661865,LA1,2008-11-13,04:40:48 AM,04:40:00,Hot-Dry
15.75857849,-19.24701945,LA1,2008-11-13,05:00:48 AM,05:00:00,Hot-Dry
15.7583313,-19.24798991,LA1,2008-11-13,05:20:48 AM,05:20:00,Hot-Dry
15.75821635,-19.24874878,LA1,2008-11-13,05:40:48 AM,05:40:00,Hot-Dry
15.75813599,-19.24902344,LA1,2008-11-13,06:00:48 AM,06:00:00,Hot-Dry
15.75787354,-19.24927572,LA1,2008-11-13,06:20:48 AM,06:20:00,Hot-Dry
15.75783081,-19.24940592,LA1,2008-11-13,06:40:48 AM,06:40:00,Hot-Dry
15.75769653,-19.24920044,LA1,2008-11-13,07:00:48 AM,07:00:00,Hot-Dry
15.75792948,-19.24945272,LA1,2008-11-13,07:20:48 AM,07:20:00,Hot-Dry
15.75763245,-19.24886882,LA1,2008-11-13,07:40:48 AM,07:40:00,Hot-Dry
15.75797729,-19.24752808,LA1,2008-11-13,08:00:48 AM,08:00:00,Hot-Dry
15.7579834,-19.24752808,LA1,2008-11-13,08:20:38 AM,08:20:00,Hot-Dry
15.75929057,-19.24455973,LA1,2008-11-13,08:40:38 AM,08:40:00,Hot-Dry
15.75881144,-19.24419352,LA1,2008-11-13,09:00:38 AM,09:00:00,Hot-Dry
15.75888367,-19.24380493,LA1,2008-11-13,09:20:38 AM,09:20:00,Hot-Dry
15.75911357,-19.24349772,LA1,2008-11-13,09:40:38 AM,09:40:00,Hot-Dry
15.75876973,-19.24315592,LA1,2008-11-13,10:00:38 AM,10:00:00,Hot-Dry
15.7591217,-19.24299316,LA1,2008-11-13,10:20:38 AM,10:20:00,Hot-Dry
15.7595754,-19.24308065,LA1,2008-11-13,10:40:38 AM,10:40:00,Hot-Dry
15.75974121,-19.24296265,LA1,2008-11-13,11:00:38 AM,11:00:00,Hot-Dry
15.76003723,-19.24194539,LA1,2008-11-13,11:20:38 AM,11:20:00,Hot-Dry
15.76026713,-19.2418335,LA1,2008-11-13,11:40:38 AM,11:40:00,Hot-Dry
15.76089478,-19.23937581,LA1,2008-11-13,12:00:38 PM,12:00:00,Hot-Dry
15.76089681,-19.23937785,LA1,2008-11-13,12:20:38 PM,12:20:00,Hot-Dry
15.76079305,-19.240625,LA1,2008-11-13,12:40:38 PM,12:40:00,Hot-Dry
15.76079712,-19.24062297,LA1,2008-11-13,01:00:38 PM,13:00:00,Hot-Dry
15.75957133,-19.24360148,LA1,2008-11-13,01:20:38 PM,13:20:00,Hot-Dry
15.75811157,-19.24708252,LA1,2008-11-13,01:40:38 PM,13:40:00,Hot-Dry
15.75811361,-19.24707845,LA1,2008-11-13,02:00:38 PM,14:00:00,Hot-Dry
15.7567159,-19.24816895,LA1,2008-11-13,02:20:38 PM,14:20:00,Hot-Dry
15.75634867,-19.2485555,LA1,2008-11-13,02:40:38 PM,14:40:00,Hot-Dry
15.75622457,-19.24933472,LA1,2008-11-13,03:00:38 PM,15:00:00,Hot-Dry
15.75621033,-19.24932048,LA1,2008-11-13,03:20:38 PM,15:20:00,Hot-Dry
15.75643311,-19.24924723,LA1,2008-11-13,03:40:38 PM,15:40:00,Hot-Dry
15.7563619,-19.24924113,LA1,2008-11-13,04:00:38 PM,16:00:00,Hot-Dry
15.75665792,-19.24958089,LA1,2008-11-13,04:20:38 PM,16:20:00,Hot-Dry
15.75708516,-19.24968262,LA1,2008-11-13,04:40:38 PM,16:40:00,Hot-Dry
15.75668538,-19.25002645,LA1,2008-11-13,05:00:38 PM,17:00:00,Hot-Dry
15.75605876,-19.25015462,LA1,2008-11-13,05:20:38 PM,17:20:00,Hot-Dry
15.75605265,-19.25015869,LA1,2008-11-13,05:40:38 PM,17:40:00,Hot-Dry
15.75541992,-19.25042318,LA1,2008-11-13,06:00:38 PM,18:00:00,Hot-Dry
15.75409037,-19.25233154,LA1,2008-11-13,06:20:38 PM,18:20:00,Hot-Dry
15.75337016,-19.25521037,LA1,2008-11-13,06:40:38 PM,18:40:00,Hot-Dry
15.7525411,-19.25605876,LA1,2008-11-13,07:00:38 PM,19:00:00,Hot-Dry
15.75218099,-19.25608521,LA1,2008-11-13,07:20:38 PM,19:20:00,Hot-Dry
15.75219218,-19.25624186,LA1,2008-11-13,07:40:38 PM,19:40:00,Hot-Dry
15.75214233,-19.25590413,LA1,2008-11-13,08:00:38 PM,20:00:00,Hot-Dry
15.75242106,-19.25655924,LA1,2008-11-13,08:20:38 PM,20:20:00,Hot-Dry
15.75267131,-19.25675456,LA1,2008-11-13,08:40:38 PM,20:40:00,Hot-Dry
15.75292358,-19.25678914,LA1,2008-11-13,09:00:38 PM,21:00:00,Hot-Dry
15.75356344,-19.25747681,LA1,2008-11-13,09:20:38 PM,21:20:00,Hot-Dry
15.75383301,-19.25784912,LA1,2008-11-13,09:40:38 PM,21:40:00,Hot-Dry
15.75431112,-19.2591512,LA1,2008-11-13,10:00:38 PM,22:00:00,Hot-Dry
15.7543925,-19.25964966,LA1,2008-11-13,10:20:38 PM,22:20:00,Hot-Dry
15.75732524,-19.2586141,LA1,2008-11-13,10:40:38 PM,22:40:00,Hot-Dry
15.75741069,-19.25881755,LA1,2008-11-13,11:00:38 PM,23:00:00,Hot-Dry
15.75753784,-19.25909017,LA1,2008-11-13,11:20:38 PM,23:20:00,Hot-Dry
15.75732218,-19.25876872,LA1,2008-11-13,11:40:38 PM,23:40:00,Hot-Dry
15.75700887,-19.25751546,LA1,2008-11-14,12:00:38 AM,00:00:00,Hot-Dry
15.75665385,-19.25730591,LA1,2008-11-14,12:20:38 AM,00:20:00,Hot-Dry
15.75665283,-19.25730591,LA1,2008-11-14,12:40:38 AM,00:40:00,Hot-Dry
15.75672506,-19.25731201,LA1,2008-11-14,01:00:38 AM,01:00:00,Hot-Dry
15.75670268,-19.25735474,LA1,2008-11-14,01:20:38 AM,01:20:00,Hot-Dry
15.75664266,-19.25732829,LA1,2008-11-14,01:40:38 AM,01:40:00,Hot-Dry
15.75669352,-19.25732218,LA1,2008-11-14,02:00:38 AM,02:00:00,Hot-Dry
15.75667826,-19.25732218,LA1,2008-11-14,02:20:38 AM,02:20:00,Hot-Dry
15.75670573,-19.25729777,LA1,2008-11-14,02:40:38 AM,02:40:00,Hot-Dry
15.75668132,-19.25721029,LA1,2008-11-14,03:00:38 AM,03:00:00,Hot-Dry
15.75665487,-19.2573527,LA1,2008-11-14,03:20:38 AM,03:20:00,Hot-Dry
15.75665487,-19.2573527,LA1,2008-11-14,03:40:38 AM,03:40:00,Hot-Dry
15.75666809,-19.25726522,LA1,2008-11-14,04:00:38 AM,04:00:00,Hot-Dry
15.75709737,-19.25719808,LA1,2008-11-14,04:20:38 AM,04:20:00,Hot-Dry
15.75806681,-19.25708415,LA1,2008-11-14,04:40:38 AM,04:40:00,Hot-Dry
15.75880737,-19.25700887,LA1,2008-11-14,05:00:38 AM,05:00:00,Hot-Dry
15.75920308,-19.2565389,LA1,2008-11-14,05:20:38 AM,05:20:00,Hot-Dry
15.75945841,-19.25629883,LA1,2008-11-14,05:40:38 AM,05:40:00,Hot-Dry
15.75869954,-19.25552368,LA1,2008-11-14,06:00:38 AM,06:00:00,Hot-Dry
15.75870565,-19.25552165,LA1,2008-11-14,06:20:38 AM,06:20:00,Hot-Dry
15.7572703,-19.25579631,LA1,2008-11-14,06:40:38 AM,06:40:00,Hot-Dry
15.75700073,-19.25616252,LA1,2008-11-14,07:00:38 AM,07:00:00,Hot-Dry
15.75614929,-19.25600993,LA1,2008-11-14,07:20:38 AM,07:20:00,Hot-Dry
15.7565684,-19.25618286,LA1,2008-11-14,07:40:38 AM,07:40:00,Hot-Dry
15.75409037,-19.25370687,LA1,2008-11-14,08:00:38 AM,08:00:00,Hot-Dry
15.75874125,-19.24572754,LA1,2008-11-14,08:20:38 AM,08:20:00,Hot-Dry
15.75945638,-19.24327189,LA1,2008-11-14,08:40:38 AM,08:40:00,Hot-Dry
15.75925903,-19.24281209,LA1,2008-11-14,09:00:38 AM,09:00:00,Hot-Dry
15.75988159,-19.24211629,LA1,2008-11-14,09:20:38 AM,09:20:00,Hot-Dry
15.75985921,-19.24201864,LA1,2008-11-14,09:40:38 AM,09:40:00,Hot-Dry
15.75972493,-19.24217529,LA1,2008-11-14,10:00:38 AM,10:00:00,Hot-Dry
15.75960897,-19.24212443,LA1,2008-11-14,10:20:38 AM,10:20:00,Hot-Dry
15.75932515,-19.23747355,LA1,2008-11-14,10:40:38 AM,10:40:00,Hot-Dry
15.7581665,-19.2359904,LA1,2008-11-14,11:00:38 AM,11:00:00,Hot-Dry
15.75636393,-19.23217163,LA1,2008-11-14,11:20:38 AM,11:20:00,Hot-Dry
15.75635681,-19.23216146,LA1,2008-11-14,11:40:38 AM,11:40:00,Hot-Dry
15.75634562,-19.23212484,LA1,2008-11-14,12:00:38 PM,12:00:00,Hot-Dry
15.75643819,-19.23219604,LA1,2008-11-14,12:20:38 PM,12:20:00,Hot-Dry
15.75777588,-19.23173625,LA1,2008-11-14,12:40:38 PM,12:40:00,Hot-Dry
15.75786947,-19.23172201,LA1,2008-11-14,01:00:38 PM,13:00:00,Hot-Dry
15.7579244,-19.23174235,LA1,2008-11-14,01:20:38 PM,13:20:00,Hot-Dry
15.75792033,-19.23174642,LA1,2008-11-14,01:40:38 PM,13:40:00,Hot-Dry
15.75793457,-19.23171183,LA1,2008-11-14,02:00:38 PM,14:00:00,Hot-Dry
15.75794474,-19.23173625,LA1,2008-11-14,02:20:38 PM,14:20:00,Hot-Dry
15.75833028,-19.23284505,LA1,2008-11-14,02:40:38 PM,14:40:00,Hot-Dry
15.75861104,-19.23440348,LA1,2008-11-14,03:00:38 PM,15:00:00,Hot-Dry
15.75860901,-19.23439738,LA1,2008-11-14,03:20:38 PM,15:20:00,Hot-Dry
15.75918783,-19.23569743,LA1,2008-11-14,03:40:38 PM,15:40:00,Hot-Dry
15.75907694,-19.23592122,LA1,2008-11-14,04:00:38 PM,16:00:00,Hot-Dry
15.75904439,-19.23595988,LA1,2008-11-14,04:20:38 PM,16:20:00,Hot-Dry
15.75887756,-19.23723145,LA1,2008-11-14,04:40:38 PM,16:40:00,Hot-Dry
15.76192525,-19.23982137,LA1,2008-11-14,05:00:38 PM,17:00:00,Hot-Dry
15.76226705,-19.23977661,LA1,2008-11-14,05:20:38 PM,17:20:00,Hot-Dry
15.76226705,-19.23977661,LA1,2008-11-14,05:40:38 PM,17:40:00,Hot-Dry
15.76368306,-19.24129232,LA1,2008-11-14,06:00:38 PM,18:00:00,Hot-Dry
15.76467387,-19.24129435,LA1,2008-11-14,06:20:38 PM,18:20:00,Hot-Dry
15.76686096,-19.2408488,LA1,2008-11-14,06:40:38 PM,18:40:00,Hot-Dry
15.76878255,-19.24011841,LA1,2008-11-14,07:00:38 PM,19:00:00,Hot-Dry
15.76928711,-19.23954061,LA1,2008-11-14,07:20:38 PM,19:20:00,Hot-Dry
15.77050374,-19.23881632,LA1,2008-11-14,07:40:38 PM,19:40:00,Hot-Dry
15.77156881,-19.23745524,LA1,2008-11-14,08:00:38 PM,20:00:00,Hot-Dry
15.77206523,-19.23701579,LA1,2008-11-14,08:20:38 PM,20:20:00,Hot-Dry
15.77233582,-19.2365804,LA1,2008-11-14,08:40:38 PM,20:40:00,Hot-Dry
15.77443848,-19.23550415,LA1,2008-11-14,09:00:38 PM,21:00:00,Hot-Dry
15.77551575,-19.23654785,LA1,2008-11-14,09:20:38 PM,21:20:00,Hot-Dry
15.77575582,-19.2369283,LA1,2008-11-14,09:40:38 PM,21:40:00,Hot-Dry
15.77635701,-19.23670451,LA1,2008-11-14,10:00:38 PM,22:00:00,Hot-Dry
15.77655741,-19.23671061,LA1,2008-11-14,10:20:38 PM,22:20:00,Hot-Dry
15.77682088,-19.23605347,LA1,2008-11-14,10:40:38 PM,22:40:00,Hot-Dry
15.77815552,-19.23541056,LA1,2008-11-14,11:00:38 PM,23:00:00,Hot-Dry
15.77811584,-19.23536987,LA1,2008-11-14,11:20:38 PM,23:20:00,Hot-Dry
15.77817891,-19.23539022,LA1,2008-11-14,11:40:38 PM,23:40:00,Hot-Dry
15.77813314,-19.23536784,LA1,2008-11-15,12:00:38 AM,00:00:00,Hot-Dry
15.77805379,-19.23580322,LA1,2008-11-15,12:20:38 AM,00:20:00,Hot-Dry
15.77808431,-19.23579915,LA1,2008-11-15,12:40:38 AM,00:40:00,Hot-Dry
15.77808329,-19.23579915,LA1,2008-11-15,01:00:38 AM,01:00:00,Hot-Dry
15.77808126,-19.23578288,LA1,2008-11-15,01:20:38 AM,01:20:00,Hot-Dry
15.7780426,-19.23581746,LA1,2008-11-15,01:40:38 AM,01:40:00,Hot-Dry
15.778066,-19.23577677,LA1,2008-11-15,02:00:38 AM,02:00:00,Hot-Dry
15.778066,-19.23577677,LA1,2008-11-15,02:20:38 AM,02:20:00,Hot-Dry
15.77806396,-19.23576457,LA1,2008-11-15,02:40:38 AM,02:40:00,Hot-Dry
15.77810059,-19.23576457,LA1,2008-11-15,03:00:38 AM,03:00:00,Hot-Dry
15.7780365,-19.23578084,LA1,2008-11-15,03:20:38 AM,03:20:00,Hot-Dry
15.77874959,-19.23573812,LA1,2008-11-15,03:40:38 AM,03:40:00,Hot-Dry
15.77874756,-19.23573405,LA1,2008-11-15,04:00:38 AM,04:00:00,Hot-Dry
15.77891032,-19.23573608,LA1,2008-11-15,04:20:38 AM,04:20:00,Hot-Dry
15.77963053,-19.23584798,LA1,2008-11-15,04:40:38 AM,04:40:00,Hot-Dry
15.78133138,-19.2344401,LA1,2008-11-15,05:00:38 AM,05:00:00,Hot-Dry
15.78921407,-19.23112996,LA1,2008-11-15,05:20:38 AM,05:20:00,Hot-Dry
15.79805298,-19.23248088,LA1,2008-11-15,05:40:38 AM,05:40:00,Hot-Dry
15.80164591,-19.22867839,LA1,2008-11-15,06:00:38 AM,06:00:00,Hot-Dry
15.80163981,-19.22868245,LA1,2008-11-15,06:20:38 AM,06:20:00,Hot-Dry
15.80240072,-19.22794596,LA1,2008-11-15,06:40:38 AM,06:40:00,Hot-Dry
15.80339355,-19.2271464,LA1,2008-11-15,07:00:38 AM,07:00:00,Hot-Dry
15.80580241,-19.22401123,LA1,2008-11-15,07:20:38 AM,07:20:00,Hot-Dry
15.80730794,-19.22192993,LA1,2008-11-15,07:40:38 AM,07:40:00,Hot-Dry
15.8107961,-19.21707967,LA1,2008-11-15,08:00:38 AM,08:00:00,Hot-Dry
15.81553955,-19.21042277,LA1,2008-11-15,08:20:38 AM,08:20:00,Hot-Dry
15.82048442,-19.20442912,LA1,2008-11-15,08:40:38 AM,08:40:00,Hot-Dry
15.82783813,-19.19869385,LA1,2008-11-15,09:00:38 AM,09:00:00,Hot-Dry
15.83531291,-19.19260457,LA1,2008-11-15,09:20:38 AM,09:20:00,Hot-Dry
15.84507548,-19.18855794,LA1,2008-11-15,09:40:38 AM,09:40:00,Hot-Dry
15.84764099,-19.18716227,LA1,2008-11-15,10:00:38 AM,10:00:00,Hot-Dry
15.85518595,-19.18841553,LA1,2008-11-15,10:20:38 AM,10:20:00,Hot-Dry
15.8663737,-19.18730672,LA1,2008-11-15,10:40:38 AM,10:40:00,Hot-Dry
15.87694702,-19.18428955,LA1,2008-11-15,11:00:38 AM,11:00:00,Hot-Dry
15.88566793,-19.18140869,LA1,2008-11-15,11:20:38 AM,11:20:00,Hot-Dry
15.89442037,-19.17910767,LA1,2008-11-15,11:40:38 AM,11:40:00,Hot-Dry
15.89440918,-19.1791097,LA1,2008-11-15,12:00:38 PM,12:00:00,Hot-Dry
15.91569621,-19.18089396,LA1,2008-11-15,12:20:38 PM,12:20:00,Hot-Dry
15.91569214,-19.180896,LA1,2008-11-15,12:40:38 PM,12:40:00,Hot-Dry
15.91593628,-19.18091024,LA1,2008-11-15,01:00:38 PM,13:00:00,Hot-Dry
15.91592509,-19.18090617,LA1,2008-11-15,01:20:38 PM,13:20:00,Hot-Dry
15.91573079,-19.18086141,LA1,2008-11-15,01:40:38 PM,13:40:00,Hot-Dry
15.91593221,-19.18091431,LA1,2008-11-15,02:00:38 PM,14:00:00,Hot-Dry
15.91590678,-19.180896,LA1,2008-11-15,02:20:38 PM,14:20:00,Hot-Dry
15.91593018,-19.1809082,LA1,2008-11-15,02:40:38 PM,14:40:00,Hot-Dry
15.91595561,-19.18091838,LA1,2008-11-15,03:00:38 PM,15:00:00,Hot-Dry
15.91505025,-19.18125203,LA1,2008-11-15,03:20:38 PM,15:20:00,Hot-Dry
15.91560669,-19.18081258,LA1,2008-11-15,03:40:38 PM,15:40:00,Hot-Dry
15.91598002,-19.1809021,LA1,2008-11-15,04:00:38 PM,16:00:00,Hot-Dry
15.91137899,-19.18167725,LA1,2008-11-15,04:20:38 PM,16:20:00,Hot-Dry
15.90640157,-19.18354899,LA1,2008-11-15,04:40:38 PM,16:40:00,Hot-Dry
15.90546773,-19.18396403,LA1,2008-11-15,05:00:38 PM,17:00:00,Hot-Dry
15.89636332,-19.18642171,LA1,2008-11-15,05:20:38 PM,17:20:00,Hot-Dry
15.8963623,-19.18641968,LA1,2008-11-15,05:40:38 PM,17:40:00,Hot-Dry
15.88893026,-19.18821208,LA1,2008-11-15,06:00:38 PM,18:00:00,Hot-Dry
15.88347473,-19.19048462,LA1,2008-11-15,06:20:38 PM,18:20:00,Hot-Dry
15.87762248,-19.19453125,LA1,2008-11-15,06:40:38 PM,18:40:00,Hot-Dry
15.87482402,-19.19670817,LA1,2008-11-15,07:00:38 PM,19:00:00,Hot-Dry
15.87191264,-19.1976888,LA1,2008-11-15,07:20:38 PM,19:20:00,Hot-Dry
15.86612549,-19.19803874,LA1,2008-11-15,07:40:38 PM,19:40:00,Hot-Dry
15.86344604,-19.19829102,LA1,2008-11-15,08:00:38 PM,20:00:00,Hot-Dry
15.85463257,-19.20256755,LA1,2008-11-15,08:20:38 PM,20:20:00,Hot-Dry
15.85076497,-19.20426025,LA1,2008-11-15,08:40:38 PM,20:40:00,Hot-Dry
15.84982605,-19.20434367,LA1,2008-11-15,09:00:38 PM,21:00:00,Hot-Dry
15.84842733,-19.2040446,LA1,2008-11-15,09:20:38 PM,21:20:00,Hot-Dry
15.84536438,-19.20522461,LA1,2008-11-15,09:40:38 PM,21:40:00,Hot-Dry
15.84388021,-19.20583293,LA1,2008-11-15,10:00:38 PM,22:00:00,Hot-Dry
15.83762207,-19.21009318,LA1,2008-11-15,10:20:38 PM,22:20:00,Hot-Dry
15.8354777,-19.21134033,LA1,2008-11-15,10:40:38 PM,22:40:00,Hot-Dry
15.83419189,-19.21161702,LA1,2008-11-15,11:00:38 PM,23:00:00,Hot-Dry
15.83196004,-19.21218058,LA1,2008-11-15,11:20:38 PM,23:20:00,Hot-Dry
15.82929993,-19.21414998,LA1,2008-11-15,11:40:38 PM,23:40:00,Hot-Dry
15.82837219,-19.2144104,LA1,2008-11-16,12:00:38 AM,00:00:00,Hot-Dry
15.82771708,-19.21452637,LA1,2008-11-16,12:20:38 AM,00:20:00,Hot-Dry
15.82772013,-19.21452637,LA1,2008-11-16,12:40:38 AM,00:40:00,Hot-Dry
15.82613322,-19.21513875,LA1,2008-11-16,01:00:38 AM,01:00:00,Hot-Dry
15.82567851,-19.21523438,LA1,2008-11-16,01:20:38 AM,01:20:00,Hot-Dry
15.82054443,-19.2178833,LA1,2008-11-16,01:40:38 AM,01:40:00,Hot-Dry
15.82054952,-19.21788534,LA1,2008-11-16,02:00:38 AM,02:00:00,Hot-Dry
15.81909892,-19.21955973,LA1,2008-11-16,02:20:38 AM,02:20:00,Hot-Dry
15.81911418,-19.21950073,LA1,2008-11-16,02:40:38 AM,02:40:00,Hot-Dry
15.81906942,-19.21956991,LA1,2008-11-16,03:00:38 AM,03:00:00,Hot-Dry
15.81907552,-19.21957194,LA1,2008-11-16,03:20:38 AM,03:20:00,Hot-Dry
15.81911214,-19.21953735,LA1,2008-11-16,03:40:38 AM,03:40:00,Hot-Dry
15.81913452,-19.21953735,LA1,2008-11-16,04:00:38 AM,04:00:00,Hot-Dry
15.81848958,-19.21994222,LA1,2008-11-16,04:20:38 AM,04:20:00,Hot-Dry
15.81608175,-19.22051595,LA1,2008-11-16,04:40:38 AM,04:40:00,Hot-Dry
15.81470032,-19.22144979,LA1,2008-11-16,05:00:38 AM,05:00:00,Hot-Dry
15.81218465,-19.22233276,LA1,2008-11-16,05:20:38 AM,05:20:00,Hot-Dry
15.81028341,-19.22306722,LA1,2008-11-16,05:40:38 AM,05:40:00,Hot-Dry
15.80971273,-19.2234436,LA1,2008-11-16,06:00:38 AM,06:00:00,Hot-Dry
15.80840047,-19.22349447,LA1,2008-11-16,06:20:38 AM,06:20:00,Hot-Dry
15.80754598,-19.22393799,LA1,2008-11-16,06:40:38 AM,06:40:00,Hot-Dry
15.80681559,-19.22453817,LA1,2008-11-16,07:00:38 AM,07:00:00,Hot-Dry
15.80622965,-19.22560221,LA1,2008-11-16,07:20:38 AM,07:20:00,Hot-Dry
15.8061086,-19.22609253,LA1,2008-11-16,07:40:38 AM,07:40:00,Hot-Dry
15.80576172,-19.22682292,LA1,2008-11-16,08:00:38 AM,08:00:00,Hot-Dry
15.80424906,-19.22828166,LA1,2008-11-16,08:20:38 AM,08:20:00,Hot-Dry
15.80241801,-19.22930298,LA1,2008-11-16,08:40:38 AM,08:40:00,Hot-Dry
15.80057882,-19.23039347,LA1,2008-11-16,09:00:38 AM,09:00:00,Hot-Dry
15.79717712,-19.23241374,LA1,2008-11-16,09:20:38 AM,09:20:00,Hot-Dry
15.7961202,-19.23271891,LA1,2008-11-16,09:40:38 AM,09:40:00,Hot-Dry
15.79616597,-19.2326945,LA1,2008-11-16,10:00:38 AM,10:00:00,Hot-Dry
15.79615173,-19.23272705,LA1,2008-11-16,10:20:38 AM,10:20:00,Hot-Dry
15.79596659,-19.23286336,LA1,2008-11-16,10:40:38 AM,10:40:00,Hot-Dry
15.79597677,-19.23287557,LA1,2008-11-16,11:00:38 AM,11:00:00,Hot-Dry
15.79597575,-19.23285116,LA1,2008-11-16,11:20:38 AM,11:20:00,Hot-Dry
15.79599711,-19.23286336,LA1,2008-11-16,11:40:38 AM,11:40:00,Hot-Dry
15.79599202,-19.23286133,LA1,2008-11-16,12:00:38 PM,12:00:00,Hot-Dry
15.79596659,-19.23288574,LA1,2008-11-16,12:20:38 PM,12:20:00,Hot-Dry
15.79596863,-19.23288574,LA1,2008-11-16,12:40:38 PM,12:40:00,Hot-Dry
15.79599813,-19.2328776,LA1,2008-11-16,01:00:38 PM,13:00:00,Hot-Dry
15.79599304,-19.2328776,LA1,2008-11-16,01:20:38 PM,13:20:00,Hot-Dry
15.79598083,-19.23289388,LA1,2008-11-16,01:40:38 PM,13:40:00,Hot-Dry
15.79563599,-19.23337809,LA1,2008-11-16,02:00:38 PM,14:00:00,Hot-Dry
15.79592489,-19.23409831,LA1,2008-11-16,02:20:38 PM,14:20:00,Hot-Dry
15.79611918,-19.23411051,LA1,2008-11-16,02:40:38 PM,14:40:00,Hot-Dry
15.79614563,-19.23411255,LA1,2008-11-16,03:00:38 PM,15:00:00,Hot-Dry
15.79609782,-19.23444417,LA1,2008-11-16,03:20:38 PM,15:20:00,Hot-Dry
15.79556885,-19.23499146,LA1,2008-11-16,03:40:38 PM,15:40:00,Hot-Dry
15.79458618,-19.23556315,LA1,2008-11-16,04:00:38 PM,16:00:00,Hot-Dry
15.79425964,-19.23546346,LA1,2008-11-16,04:20:38 PM,16:20:00,Hot-Dry
15.79339091,-19.23542074,LA1,2008-11-16,04:40:38 PM,16:40:00,Hot-Dry
15.79243774,-19.23618164,LA1,2008-11-16,05:00:38 PM,17:00:00,Hot-Dry
15.79200745,-19.23653971,LA1,2008-11-16,05:20:38 PM,17:20:00,Hot-Dry
15.79129333,-19.23696493,LA1,2008-11-16,05:40:38 PM,17:40:00,Hot-Dry
15.79089762,-19.2375529,LA1,2008-11-16,06:00:38 PM,18:00:00,Hot-Dry
15.79108276,-19.23760579,LA1,2008-11-16,06:20:38 PM,18:20:00,Hot-Dry
15.7913859,-19.23818563,LA1,2008-11-16,06:40:38 PM,18:40:00,Hot-Dry
15.79205627,-19.23958333,LA1,2008-11-16,07:00:38 PM,19:00:00,Hot-Dry
15.79223633,-19.24008382,LA1,2008-11-16,07:20:38 PM,19:20:00,Hot-Dry
15.79231059,-19.24070028,LA1,2008-11-16,07:40:38 PM,19:40:00,Hot-Dry
15.79224752,-19.24091797,LA1,2008-11-16,08:00:38 PM,20:00:00,Hot-Dry
15.79227498,-19.24097493,LA1,2008-11-16,08:20:38 PM,20:20:00,Hot-Dry
15.79199727,-19.24132284,LA1,2008-11-16,08:40:38 PM,20:40:00,Hot-Dry
15.79206441,-19.24153239,LA1,2008-11-16,09:00:38 PM,21:00:00,Hot-Dry
15.79249878,-19.24139201,LA1,2008-11-16,09:20:48 PM,21:20:00,Hot-Dry
15.79311117,-19.2418457,LA1,2008-11-16,09:40:48 PM,21:40:00,Hot-Dry
15.79299927,-19.24228109,LA1,2008-11-16,10:00:48 PM,22:00:00,Hot-Dry
15.79268595,-19.24302775,LA1,2008-11-16,10:20:48 PM,22:20:00,Hot-Dry
15.79193522,-19.24286499,LA1,2008-11-16,10:40:48 PM,22:40:00,Hot-Dry
15.79152222,-19.24316406,LA1,2008-11-16,11:00:48 PM,23:00:00,Hot-Dry
15.79098714,-19.24272868,LA1,2008-11-16,11:20:48 PM,23:20:00,Hot-Dry
15.79103292,-19.24269409,LA1,2008-11-16,11:40:48 PM,23:40:00,Hot-Dry
15.79103394,-19.24269206,LA1,2008-11-17,12:00:38 AM,00:00:00,Hot-Dry
15.79095764,-19.24577637,LA1,2008-11-17,12:20:38 AM,00:20:00,Hot-Dry
15.79095357,-19.24577637,LA1,2008-11-17,12:40:38 AM,00:40:00,Hot-Dry
15.79097697,-19.24649251,LA1,2008-11-17,01:00:38 AM,01:00:00,Hot-Dry
15.79098511,-19.24651896,LA1,2008-11-17,01:20:38 AM,01:20:00,Hot-Dry
15.79096171,-19.24655762,LA1,2008-11-17,01:40:38 AM,01:40:00,Hot-Dry
15.79106242,-19.24655965,LA1,2008-11-17,02:00:38 AM,02:00:00,Hot-Dry
15.79093628,-19.24648844,LA1,2008-11-17,02:20:38 AM,02:20:00,Hot-Dry
15.79095968,-19.24648641,LA1,2008-11-17,02:40:38 AM,02:40:00,Hot-Dry
15.79095968,-19.24648438,LA1,2008-11-17,03:00:38 AM,03:00:00,Hot-Dry
15.79094442,-19.24651693,LA1,2008-11-17,03:20:39 AM,03:20:00,Hot-Dry
15.79099935,-19.24649251,LA1,2008-11-17,03:40:38 AM,03:40:00,Hot-Dry
15.79092509,-19.24648844,LA1,2008-11-17,04:00:38 AM,04:00:00,Hot-Dry
15.79101969,-19.24649862,LA1,2008-11-17,04:20:38 AM,04:20:00,Hot-Dry
15.79096171,-19.24647217,LA1,2008-11-17,04:40:38 AM,04:40:00,Hot-Dry
15.7910024,-19.24648641,LA1,2008-11-17,05:00:38 AM,05:00:00,Hot-Dry
15.79156494,-19.24782511,LA1,2008-11-17,05:20:38 AM,05:20:00,Hot-Dry
15.79177755,-19.2479248,LA1,2008-11-17,05:40:38 AM,05:40:00,Hot-Dry
15.79206848,-19.24772949,LA1,2008-11-17,06:00:38 AM,06:00:00,Hot-Dry
15.79287008,-19.24769897,LA1,2008-11-17,06:20:38 AM,06:20:00,Hot-Dry
15.79323222,-19.24769491,LA1,2008-11-17,06:40:38 AM,06:40:00,Hot-Dry
15.793986,-19.24774577,LA1,2008-11-17,07:00:38 AM,07:00:00,Hot-Dry
15.79430542,-19.24737549,LA1,2008-11-17,07:20:38 AM,07:20:00,Hot-Dry
15.79478048,-19.24724935,LA1,2008-11-17,07:40:38 AM,07:40:00,Hot-Dry
15.79607951,-19.2477946,LA1,2008-11-17,08:00:38 AM,08:00:00,Hot-Dry
15.79688721,-19.24781901,LA1,2008-11-17,08:20:38 AM,08:20:00,Hot-Dry
15.79800212,-19.2476359,LA1,2008-11-17,08:40:38 AM,08:40:00,Hot-Dry
15.79933472,-19.24653727,LA1,2008-11-17,09:00:38 AM,09:00:00,Hot-Dry
15.79934896,-19.24651489,LA1,2008-11-17,09:20:38 AM,09:20:00,Hot-Dry
15.7993693,-19.24655558,LA1,2008-11-17,09:40:38 AM,09:40:00,Hot-Dry
15.79933065,-19.24650472,LA1,2008-11-17,10:00:38 AM,10:00:00,Hot-Dry
15.79934692,-19.24650065,LA1,2008-11-17,10:20:38 AM,10:20:00,Hot-Dry
15.79938558,-19.24653524,LA1,2008-11-17,10:40:38 AM,10:40:00,Hot-Dry
15.79934591,-19.24653931,LA1,2008-11-17,11:00:38 AM,11:00:00,Hot-Dry
15.79986674,-19.24708049,LA1,2008-11-17,11:20:38 AM,11:20:00,Hot-Dry
15.80153809,-19.24836833,LA1,2008-11-17,11:40:38 AM,11:40:00,Hot-Dry
15.80153503,-19.24836222,LA1,2008-11-17,12:00:38 PM,12:00:00,Hot-Dry
15.80155233,-19.24837646,LA1,2008-11-17,12:20:38 PM,12:20:00,Hot-Dry
15.80154826,-19.24837443,LA1,2008-11-17,12:40:38 PM,12:40:00,Hot-Dry
15.79989319,-19.24714762,LA1,2008-11-17,01:00:38 PM,13:00:00,Hot-Dry
15.79989421,-19.24714559,LA1,2008-11-17,01:20:38 PM,13:20:00,Hot-Dry
15.79992269,-19.24713542,LA1,2008-11-17,01:40:38 PM,13:40:00,Hot-Dry
15.79971313,-19.24627686,LA1,2008-11-17,02:00:38 PM,14:00:00,Hot-Dry
15.79972839,-19.24631551,LA1,2008-11-17,02:20:38 PM,14:20:00,Hot-Dry
15.79972229,-19.2463033,LA1,2008-11-17,02:40:38 PM,14:40:00,Hot-Dry
15.79973857,-19.24632772,LA1,2008-11-17,03:00:38 PM,15:00:00,Hot-Dry
15.79975688,-19.2463033,LA1,2008-11-17,03:20:38 PM,15:20:00,Hot-Dry
15.8029775,-19.24694621,LA1,2008-11-17,03:40:38 PM,15:40:00,Hot-Dry
15.80279338,-19.24702148,LA1,2008-11-17,04:00:38 PM,16:00:00,Hot-Dry
15.80364482,-19.24789429,LA1,2008-11-17,04:20:38 PM,16:20:00,Hot-Dry
15.80509542,-19.24823608,LA1,2008-11-17,04:40:38 PM,16:40:00,Hot-Dry
15.80620829,-19.24822184,LA1,2008-11-17,05:00:38 PM,17:00:00,Hot-Dry
15.80658875,-19.24834391,LA1,2008-11-17,05:20:38 PM,17:20:00,Hot-Dry
15.80676168,-19.24835612,LA1,2008-11-17,05:40:38 PM,17:40:00,Hot-Dry
15.8086436,-19.24794312,LA1,2008-11-17,06:00:38 PM,18:00:00,Hot-Dry
15.81098938,-19.24665934,LA1,2008-11-17,06:20:38 PM,18:20:00,Hot-Dry
15.8115743,-19.24583537,LA1,2008-11-17,06:40:38 PM,18:40:00,Hot-Dry
15.81178996,-19.2457255,LA1,2008-11-17,07:00:38 PM,19:00:00,Hot-Dry
15.81209819,-19.24598592,LA1,2008-11-17,07:20:38 PM,19:20:00,Hot-Dry
15.81222026,-19.24634603,LA1,2008-11-17,07:40:38 PM,19:40:00,Hot-Dry
15.81225586,-19.24648641,LA1,2008-11-17,08:00:38 PM,20:00:00,Hot-Dry
15.81223551,-19.24565837,LA1,2008-11-17,08:20:38 PM,20:20:00,Hot-Dry
15.81236064,-19.24550374,LA1,2008-11-17,08:40:38 PM,20:40:00,Hot-Dry
15.81236674,-19.24526774,LA1,2008-11-17,09:00:38 PM,21:00:00,Hot-Dry
15.81264547,-19.24451904,LA1,2008-11-17,09:20:38 PM,21:20:00,Hot-Dry
15.81357218,-19.24346517,LA1,2008-11-17,09:40:38 PM,21:40:00,Hot-Dry
15.81443481,-19.24250692,LA1,2008-11-17,10:00:38 PM,22:00:00,Hot-Dry
15.81673787,-19.24093628,LA1,2008-11-17,10:20:38 PM,22:20:00,Hot-Dry
15.81742961,-19.24041341,LA1,2008-11-17,10:40:38 PM,22:40:00,Hot-Dry
15.81843363,-19.24129435,LA1,2008-11-17,11:00:38 PM,23:00:00,Hot-Dry
15.81841939,-19.24123535,LA1,2008-11-17,11:20:38 PM,23:20:00,Hot-Dry
15.81844177,-19.24119263,LA1,2008-11-17,11:40:38 PM,23:40:00,Hot-Dry
15.81843669,-19.24122314,LA1,2008-11-18,12:00:38 AM,00:00:00,Hot-Dry
15.81890361,-19.24102376,LA1,2008-11-18,12:20:38 AM,00:20:00,Hot-Dry
15.81890055,-19.2410258,LA1,2008-11-18,12:40:38 AM,00:40:00,Hot-Dry
15.81885478,-19.2410319,LA1,2008-11-18,01:00:38 AM,01:00:00,Hot-Dry
15.8188741,-19.24101766,LA1,2008-11-18,01:20:38 AM,01:20:00,Hot-Dry
15.81890971,-19.24101766,LA1,2008-11-18,01:40:38 AM,01:40:00,Hot-Dry
15.8188741,-19.2410319,LA1,2008-11-18,02:00:38 AM,02:00:00,Hot-Dry
15.81889648,-19.2410258,LA1,2008-11-18,02:20:38 AM,02:20:00,Hot-Dry
15.81891276,-19.24102987,LA1,2008-11-18,02:40:38 AM,02:40:00,Hot-Dry
15.81892192,-19.24102376,LA1,2008-11-18,03:00:38 AM,03:00:00,Hot-Dry
15.81891785,-19.24103597,LA1,2008-11-18,03:20:38 AM,03:20:00,Hot-Dry
15.81891276,-19.24108683,LA1,2008-11-18,03:40:38 AM,03:40:00,Hot-Dry
15.81892192,-19.24103597,LA1,2008-11-18,04:00:38 AM,04:00:00,Hot-Dry
15.81892192,-19.24103597,LA1,2008-11-18,04:20:38 AM,04:20:00,Hot-Dry
15.81952311,-19.24099325,LA1,2008-11-18,04:40:38 AM,04:40:00,Hot-Dry
15.81993815,-19.24068604,LA1,2008-11-18,05:00:38 AM,05:00:00,Hot-Dry
15.82082621,-19.23898519,LA1,2008-11-18,05:20:38 AM,05:20:00,Hot-Dry
15.82637431,-19.23504028,LA1,2008-11-18,05:40:38 AM,05:40:00,Hot-Dry
15.82637431,-19.23504028,LA1,2008-11-18,06:00:38 AM,06:00:00,Hot-Dry
15.83113098,-19.23224284,LA1,2008-11-18,06:20:38 AM,06:20:00,Hot-Dry
15.83280029,-19.23139242,LA1,2008-11-18,06:40:38 AM,06:40:00,Hot-Dry
15.83526815,-19.22960409,LA1,2008-11-18,07:00:38 AM,07:00:00,Hot-Dry
15.84206848,-19.22539876,LA1,2008-11-18,07:20:38 AM,07:20:00,Hot-Dry
15.84517008,-19.22371419,LA1,2008-11-18,07:40:38 AM,07:40:00,Hot-Dry
15.84759115,-19.22189738,LA1,2008-11-18,08:00:38 AM,08:00:00,Hot-Dry
15.85079142,-19.21987915,LA1,2008-11-18,08:20:38 AM,08:20:00,Hot-Dry
15.84975281,-19.21850993,LA1,2008-11-18,08:40:38 AM,08:40:00,Hot-Dry
15.85810954,-19.21100667,LA1,2008-11-18,09:00:38 AM,09:00:00,Hot-Dry
15.86538696,-19.20557251,LA1,2008-11-18,09:20:38 AM,09:20:00,Hot-Dry
15.87275798,-19.19915568,LA1,2008-11-18,09:40:38 AM,09:40:00,Hot-Dry
15.87621155,-19.19520874,LA1,2008-11-18,10:00:38 AM,10:00:00,Hot-Dry
15.88466288,-19.19000854,LA1,2008-11-18,10:20:38 AM,10:20:00,Hot-Dry
15.89407756,-19.18684896,LA1,2008-11-18,10:40:38 AM,10:40:00,Hot-Dry
15.90498759,-19.18445638,LA1,2008-11-18,11:00:38 AM,11:00:00,Hot-Dry
15.91482951,-19.18102417,LA1,2008-11-18,11:20:38 AM,11:20:00,Hot-Dry
15.91596375,-19.18090007,LA1,2008-11-18,11:40:38 AM,11:40:00,Hot-Dry
15.91590678,-19.18087362,LA1,2008-11-18,12:00:38 PM,12:00:00,Hot-Dry
15.91577555,-19.18091431,LA1,2008-11-18,12:20:38 PM,12:20:00,Hot-Dry
15.91577148,-19.18091227,LA1,2008-11-18,12:40:38 PM,12:40:00,Hot-Dry
15.91595764,-19.1809082,LA1,2008-11-18,01:00:38 PM,13:00:00,Hot-Dry
15.91595357,-19.18091024,LA1,2008-11-18,01:20:38 PM,13:20:00,Hot-Dry
15.91595968,-19.18091024,LA1,2008-11-18,01:40:38 PM,13:40:00,Hot-Dry
15.91574809,-19.18074951,LA1,2008-11-18,02:00:38 PM,14:00:00,Hot-Dry
15.91415609,-19.18433024,LA1,2008-11-18,02:20:38 PM,14:20:00,Hot-Dry
15.91676636,-19.19251912,LA1,2008-11-18,02:40:38 PM,14:40:00,Hot-Dry
15.91676737,-19.19251709,LA1,2008-11-18,03:00:38 PM,15:00:00,Hot-Dry
15.91733907,-19.19320068,LA1,2008-11-18,03:20:38 PM,15:20:00,Hot-Dry
15.91742045,-19.19331462,LA1,2008-11-18,03:40:38 PM,15:40:00,Hot-Dry
15.91850891,-19.19390666,LA1,2008-11-18,04:00:38 PM,16:00:00,Hot-Dry
15.91925456,-19.19430542,LA1,2008-11-18,04:20:38 PM,16:20:00,Hot-Dry
15.92040914,-19.19421387,LA1,2008-11-18,04:40:38 PM,16:40:00,Hot-Dry
15.92297567,-19.19278158,LA1,2008-11-18,05:00:38 PM,17:00:00,Hot-Dry
15.92297262,-19.19278971,LA1,2008-11-18,05:20:38 PM,17:20:00,Hot-Dry
15.92304281,-19.19273885,LA1,2008-11-18,05:40:38 PM,17:40:00,Hot-Dry
15.92408549,-19.1927002,LA1,2008-11-18,06:00:38 PM,18:00:00,Hot-Dry
15.92413839,-19.19279175,LA1,2008-11-18,06:20:38 PM,18:20:00,Hot-Dry
15.9248881,-19.19269206,LA1,2008-11-18,06:40:38 PM,18:40:00,Hot-Dry
15.92566427,-19.19306641,LA1,2008-11-18,07:00:38 PM,19:00:00,Hot-Dry
15.92720947,-19.1917277,LA1,2008-11-18,07:20:38 PM,19:20:00,Hot-Dry
15.9290446,-19.19345296,LA1,2008-11-18,07:40:38 PM,19:40:00,Hot-Dry
15.92986145,-19.19403687,LA1,2008-11-18,08:00:38 PM,20:00:00,Hot-Dry
15.93025411,-19.19505412,LA1,2008-11-18,08:20:38 PM,20:20:00,Hot-Dry
15.9344696,-19.19297689,LA1,2008-11-18,08:40:38 PM,20:40:00,Hot-Dry
15.93254191,-19.19440308,LA1,2008-11-18,09:00:38 PM,21:00:00,Hot-Dry
15.93454692,-19.19610189,LA1,2008-11-18,09:20:38 PM,21:20:00,Hot-Dry
15.93583069,-19.19665934,LA1,2008-11-18,09:40:38 PM,21:40:00,Hot-Dry
15.93742981,-19.19787394,LA1,2008-11-18,10:00:38 PM,22:00:00,Hot-Dry
15.94048564,-19.20104167,LA1,2008-11-18,10:20:38 PM,22:20:00,Hot-Dry
15.9427419,-19.20185954,LA1,2008-11-18,10:40:38 PM,22:40:00,Hot-Dry
15.9430898,-19.20205892,LA1,2008-11-18,11:00:38 PM,23:00:00,Hot-Dry
15.94505514,-19.20257975,LA1,2008-11-18,11:20:38 PM,23:20:00,Hot-Dry
15.94682617,-19.20214233,LA1,2008-11-18,11:40:38 PM,23:40:00,Hot-Dry
15.94723409,-19.2013265,LA1,2008-11-19,12:00:38 AM,00:00:00,Hot-Dry
15.94723409,-19.2013265,LA1,2008-11-19,12:20:38 AM,00:20:00,Hot-Dry
15.94723511,-19.20133057,LA1,2008-11-19,12:40:38 AM,00:40:00,Hot-Dry
15.94718018,-19.20145264,LA1,2008-11-19,01:00:38 AM,01:00:00,Hot-Dry
15.94719238,-19.20142415,LA1,2008-11-19,01:20:38 AM,01:20:00,Hot-Dry
15.94786479,-19.20120443,LA1,2008-11-19,01:40:38 AM,01:40:00,Hot-Dry
15.94881185,-19.20111898,LA1,2008-11-19,02:00:38 AM,02:00:00,Hot-Dry
15.95014242,-19.20099284,LA1,2008-11-19,02:20:38 AM,02:20:00,Hot-Dry
15.95099996,-19.20111491,LA1,2008-11-19,02:40:38 AM,02:40:00,Hot-Dry
15.95316874,-19.20087484,LA1,2008-11-19,03:00:38 AM,03:00:00,Hot-Dry
15.9571106,-19.20038656,LA1,2008-11-19,03:20:38 AM,03:20:00,Hot-Dry
15.95803426,-19.20039063,LA1,2008-11-19,03:40:38 AM,03:40:00,Hot-Dry
15.95996908,-19.20047811,LA1,2008-11-19,04:00:38 AM,04:00:00,Hot-Dry
15.96289063,-19.20016073,LA1,2008-11-19,04:20:38 AM,04:20:00,Hot-Dry
15.96849162,-19.20028687,LA1,2008-11-19,04:40:38 AM,04:40:00,Hot-Dry
15.97086487,-19.20018514,LA1,2008-11-19,05:00:38 AM,05:00:00,Hot-Dry
15.9711436,-19.20019328,LA1,2008-11-19,05:20:38 AM,05:20:00,Hot-Dry
15.97134298,-19.20007324,LA1,2008-11-19,05:40:38 AM,05:40:00,Hot-Dry
15.97134399,-19.20007121,LA1,2008-11-19,06:00:38 AM,06:00:00,Hot-Dry
15.9715627,-19.20022176,LA1,2008-11-19,06:20:38 AM,06:20:00,Hot-Dry
15.9720459,-19.20050456,LA1,2008-11-19,06:40:38 AM,06:40:00,Hot-Dry
15.97299296,-19.20053711,LA1,2008-11-19,07:00:38 AM,07:00:00,Hot-Dry
15.97310994,-19.20065918,LA1,2008-11-19,07:20:38 AM,07:20:00,Hot-Dry
15.97360229,-19.20059204,LA1,2008-11-19,07:40:38 AM,07:40:00,Hot-Dry
15.97364197,-19.20042725,LA1,2008-11-19,08:00:38 AM,08:00:00,Hot-Dry
15.97367961,-19.20009766,LA1,2008-11-19,08:20:38 AM,08:20:00,Hot-Dry
15.97306417,-19.19814046,LA1,2008-11-19,08:40:38 AM,08:40:00,Hot-Dry
15.97164714,-19.19752197,LA1,2008-11-19,09:00:38 AM,09:00:00,Hot-Dry
15.97166036,-19.19764608,LA1,2008-11-19,09:20:38 AM,09:20:00,Hot-Dry
15.97291463,-19.19682007,LA1,2008-11-19,09:40:38 AM,09:40:00,Hot-Dry
15.97332764,-19.19648844,LA1,2008-11-19,10:00:38 AM,10:00:00,Hot-Dry
15.97355042,-19.19561157,LA1,2008-11-19,10:20:38 AM,10:20:00,Hot-Dry
15.97446594,-19.19375407,LA1,2008-11-19,10:40:38 AM,10:40:00,Hot-Dry
15.97587585,-19.19243368,LA1,2008-11-19,11:00:38 AM,11:00:00,Hot-Dry
15.97657267,-19.1908488,LA1,2008-11-19,11:20:38 AM,11:20:00,Hot-Dry
15.97873739,-19.18792318,LA1,2008-11-19,11:40:38 AM,11:40:00,Hot-Dry
15.98493245,-19.17804159,LA1,2008-11-19,12:00:38 PM,12:00:00,Hot-Dry
15.98493245,-19.17804159,LA1,2008-11-19,12:20:38 PM,12:20:00,Hot-Dry
15.98994853,-19.17404378,LA1,2008-11-19,12:40:38 PM,12:40:00,Hot-Dry
15.99281108,-19.16732585,LA1,2008-11-19,01:00:38 PM,13:00:00,Hot-Dry
15.99624837,-19.16376343,LA1,2008-11-19,01:20:38 PM,13:20:00,Hot-Dry
15.99625651,-19.16376139,LA1,2008-11-19,01:40:38 PM,13:40:00,Hot-Dry
15.99604797,-19.16474609,LA1,2008-11-19,02:00:38 PM,14:00:00,Hot-Dry
15.99458211,-19.17048747,LA1,2008-11-19,02:20:38 PM,14:20:00,Hot-Dry
15.99266663,-19.17846476,LA1,2008-11-19,02:40:38 PM,14:40:00,Hot-Dry
15.99266866,-19.17846476,LA1,2008-11-19,03:00:38 PM,15:00:00,Hot-Dry
15.99206543,-19.18098145,LA1,2008-11-19,03:20:38 PM,15:20:00,Hot-Dry
15.99209696,-19.18213094,LA1,2008-11-19,03:40:38 PM,15:40:00,Hot-Dry
15.99205933,-19.18224894,LA1,2008-11-19,04:00:38 PM,16:00:00,Hot-Dry
15.99192301,-19.18232015,LA1,2008-11-19,04:20:38 PM,16:20:00,Hot-Dry
15.99180603,-19.18381348,LA1,2008-11-19,04:40:38 PM,16:40:00,Hot-Dry
15.99195048,-19.18459473,LA1,2008-11-19,05:00:38 PM,17:00:00,Hot-Dry
15.99194743,-19.18459269,LA1,2008-11-19,05:20:38 PM,17:20:00,Hot-Dry
15.99188131,-19.18485718,LA1,2008-11-19,05:40:38 PM,17:40:00,Hot-Dry
15.9919281,-19.18509318,LA1,2008-11-19,06:00:38 PM,18:00:00,Hot-Dry
15.99153544,-19.18596395,LA1,2008-11-19,06:20:38 PM,18:20:00,Hot-Dry
15.99146932,-19.18597209,LA1,2008-11-19,06:40:38 PM,18:40:00,Hot-Dry
15.99133403,-19.18610433,LA1,2008-11-19,07:00:38 PM,19:00:00,Hot-Dry
15.99134725,-19.18623657,LA1,2008-11-19,07:20:38 PM,19:20:00,Hot-Dry
15.99132487,-19.18642985,LA1,2008-11-19,07:40:38 PM,19:40:00,Hot-Dry
15.99122416,-19.1865804,LA1,2008-11-19,08:00:38 PM,20:00:00,Hot-Dry
15.99094645,-19.18700765,LA1,2008-11-19,08:20:38 PM,20:20:00,Hot-Dry
15.99100138,-19.18716431,LA1,2008-11-19,08:40:38 PM,20:40:00,Hot-Dry
15.99082133,-19.18720907,LA1,2008-11-19,09:00:38 PM,21:00:00,Hot-Dry
15.99065043,-19.18788656,LA1,2008-11-19,09:20:38 PM,21:20:00,Hot-Dry
15.99073588,-19.18791707,LA1,2008-11-19,09:40:38 PM,21:40:00,Hot-Dry
15.99069214,-19.18820394,LA1,2008-11-19,10:00:38 PM,22:00:00,Hot-Dry
15.99092407,-19.1883606,LA1,2008-11-19,10:20:38 PM,22:20:00,Hot-Dry
15.9894755,-19.18855184,LA1,2008-11-19,10:40:38 PM,22:40:00,Hot-Dry
15.98910421,-19.18799032,LA1,2008-11-19,11:00:38 PM,23:00:00,Hot-Dry
15.9891215,-19.18802694,LA1,2008-11-19,11:20:38 PM,23:20:00,Hot-Dry
15.98914591,-19.1880127,LA1,2008-11-19,11:40:38 PM,23:40:00,Hot-Dry
15.98909709,-19.1880127,LA1,2008-11-20,12:00:38 AM,00:00:00,Hot-Dry
15.98909607,-19.18799235,LA1,2008-11-20,12:20:38 AM,00:20:00,Hot-Dry
15.98909403,-19.18799845,LA1,2008-11-20,12:40:38 AM,00:40:00,Hot-Dry
15.98898824,-19.18803101,LA1,2008-11-20,01:00:38 AM,01:00:00,Hot-Dry
15.98896281,-19.18799032,LA1,2008-11-20,01:20:38 AM,01:20:00,Hot-Dry
15.98893941,-19.18804728,LA1,2008-11-20,01:40:38 AM,01:40:00,Hot-Dry
15.98910726,-19.18891195,LA1,2008-11-20,02:00:38 AM,02:00:00,Hot-Dry
15.99074605,-19.19246623,LA1,2008-11-20,02:20:38 AM,02:20:00,Hot-Dry
15.99558919,-19.19344889,LA1,2008-11-20,02:40:38 AM,02:40:00,Hot-Dry
15.99676412,-19.19390462,LA1,2008-11-20,03:00:38 AM,03:00:00,Hot-Dry
15.99697164,-19.19396973,LA1,2008-11-20,03:20:38 AM,03:20:00,Hot-Dry
15.99692485,-19.19492594,LA1,2008-11-20,03:40:38 AM,03:40:00,Hot-Dry
15.99591777,-19.19648438,LA1,2008-11-20,04:00:38 AM,04:00:00,Hot-Dry
15.99563802,-19.19665934,LA1,2008-11-20,04:20:38 AM,04:20:00,Hot-Dry
15.99501851,-19.19673258,LA1,2008-11-20,04:40:38 AM,04:40:00,Hot-Dry
15.99372559,-19.19720052,LA1,2008-11-20,05:00:38 AM,05:00:00,Hot-Dry
15.99270325,-19.19749756,LA1,2008-11-20,05:20:38 AM,05:20:00,Hot-Dry
15.99268087,-19.19739583,LA1,2008-11-20,05:40:38 AM,05:40:00,Hot-Dry
15.9904185,-19.19819132,LA1,2008-11-20,06:00:38 AM,06:00:00,Hot-Dry
15.98812154,-19.19866536,LA1,2008-11-20,06:20:38 AM,06:20:00,Hot-Dry
15.98317566,-19.20086466,LA1,2008-11-20,06:40:38 AM,06:40:00,Hot-Dry
15.98322652,-19.2019043,LA1,2008-11-20,07:00:38 AM,07:00:00,Hot-Dry
15.98360494,-19.20268962,LA1,2008-11-20,07:20:38 AM,07:20:00,Hot-Dry
15.98070068,-19.20944417,LA1,2008-11-20,07:40:38 AM,07:40:00,Hot-Dry
15.9749349,-19.218396,LA1,2008-11-20,08:00:38 AM,08:00:00,Hot-Dry
15.97043762,-19.22453206,LA1,2008-11-20,08:20:38 AM,08:20:00,Hot-Dry
15.97054342,-19.22544149,LA1,2008-11-20,08:40:38 AM,08:40:00,Hot-Dry
15.9708669,-19.22714844,LA1,2008-11-20,09:00:38 AM,09:00:00,Hot-Dry
15.97154439,-19.22743734,LA1,2008-11-20,09:20:38 AM,09:20:00,Hot-Dry
15.96976522,-19.22773438,LA1,2008-11-20,09:40:38 AM,09:40:00,Hot-Dry
15.96976522,-19.22772013,LA1,2008-11-20,10:00:38 AM,10:00:00,Hot-Dry
15.9697642,-19.22773234,LA1,2008-11-20,10:20:38 AM,10:20:00,Hot-Dry
15.96975098,-19.22774048,LA1,2008-11-20,10:40:38 AM,10:40:00,Hot-Dry
15.96977844,-19.22776082,LA1,2008-11-20,11:00:38 AM,11:00:00,Hot-Dry
15.96979167,-19.22773641,LA1,2008-11-20,11:20:38 AM,11:20:00,Hot-Dry
15.96979167,-19.22773844,LA1,2008-11-20,11:40:38 AM,11:40:00,Hot-Dry
15.96978556,-19.22775879,LA1,2008-11-20,12:00:38 PM,12:00:00,Hot-Dry
15.9697937,-19.22775472,LA1,2008-11-20,12:20:38 PM,12:20:00,Hot-Dry
15.96977336,-19.22774455,LA1,2008-11-20,12:40:38 PM,12:40:00,Hot-Dry
15.9697703,-19.22776693,LA1,2008-11-20,01:00:38 PM,13:00:00,Hot-Dry
15.96979472,-19.22777303,LA1,2008-11-20,01:20:38 PM,13:20:00,Hot-Dry
15.96979065,-19.22775879,LA1,2008-11-20,01:40:38 PM,13:40:00,Hot-Dry
15.97049866,-19.22816162,LA1,2008-11-20,02:00:38 PM,14:00:00,Hot-Dry
15.97050476,-19.22816366,LA1,2008-11-20,02:20:38 PM,14:20:00,Hot-Dry
15.97151489,-19.2283488,LA1,2008-11-20,02:40:38 PM,14:40:00,Hot-Dry
15.9715271,-19.22836507,LA1,2008-11-20,03:00:38 PM,15:00:00,Hot-Dry
15.97229309,-19.22838135,LA1,2008-11-20,03:20:38 PM,15:20:00,Hot-Dry
15.9725474,-19.22815552,LA1,2008-11-20,03:40:38 PM,15:40:00,Hot-Dry
15.97270304,-19.22820841,LA1,2008-11-20,04:00:38 PM,16:00:00,Hot-Dry
15.973703,-19.22811483,LA1,2008-11-20,04:20:38 PM,16:20:00,Hot-Dry
15.9737559,-19.22726644,LA1,2008-11-20,04:40:38 PM,16:40:00,Hot-Dry
15.97404378,-19.22690226,LA1,2008-11-20,05:00:38 PM,17:00:00,Hot-Dry
15.97404277,-19.2269043,LA1,2008-11-20,05:20:38 PM,17:20:00,Hot-Dry
15.9742747,-19.22694295,LA1,2008-11-20,05:40:38 PM,17:40:00,Hot-Dry
15.97484639,-19.22713826,LA1,2008-11-20,06:00:38 PM,18:00:00,Hot-Dry
15.97523295,-19.22716471,LA1,2008-11-20,06:20:38 PM,18:20:00,Hot-Dry
15.97524923,-19.22715658,LA1,2008-11-20,06:40:38 PM,18:40:00,Hot-Dry
15.97523905,-19.2271342,LA1,2008-11-20,07:00:38 PM,19:00:00,Hot-Dry
15.97525635,-19.22717285,LA1,2008-11-20,07:20:38 PM,19:20:00,Hot-Dry
15.97548116,-19.2273763,LA1,2008-11-20,07:40:38 PM,19:40:00,Hot-Dry
15.97569071,-19.22744751,LA1,2008-11-20,08:00:38 PM,20:00:00,Hot-Dry
15.97278442,-19.22900391,LA1,2008-11-20,08:20:38 PM,20:20:00,Hot-Dry
15.97240397,-19.22905273,LA1,2008-11-20,08:40:38 PM,20:40:00,Hot-Dry
15.97213542,-19.22943115,LA1,2008-11-20,09:00:38 PM,21:00:00,Hot-Dry
15.97242228,-19.23012085,LA1,2008-11-20,09:20:38 PM,21:20:00,Hot-Dry
15.97242839,-19.23012288,LA1,2008-11-20,09:40:38 PM,21:40:00,Hot-Dry
15.97243958,-19.23011271,LA1,2008-11-20,10:00:38 PM,22:00:00,Hot-Dry
15.97244263,-19.23009644,LA1,2008-11-20,10:20:38 PM,22:20:00,Hot-Dry
15.97248535,-19.23007813,LA1,2008-11-20,10:40:38 PM,22:40:00,Hot-Dry
15.97238668,-19.23012695,LA1,2008-11-20,11:00:38 PM,23:00:00,Hot-Dry
15.97241618,-19.23010661,LA1,2008-11-20,11:20:38 PM,23:20:00,Hot-Dry
15.97236735,-19.23014323,LA1,2008-11-20,11:40:38 PM,23:40:00,Hot-Dry
15.97237345,-19.2301534,LA1,2008-11-21,12:00:38 AM,00:00:00,Hot-Dry
15.97238566,-19.23012085,LA1,2008-11-21,12:20:38 AM,00:20:00,Hot-Dry
15.97236226,-19.23012492,LA1,2008-11-21,12:40:38 AM,00:40:00,Hot-Dry
15.97239787,-19.2300944,LA1,2008-11-21,01:00:38 AM,01:00:00,Hot-Dry
15.97247009,-19.23013306,LA1,2008-11-21,01:20:38 AM,01:20:00,Hot-Dry
15.97246806,-19.23013916,LA1,2008-11-21,01:40:38 AM,01:40:00,Hot-Dry
15.97225037,-19.23041382,LA1,2008-11-21,02:00:38 AM,02:00:00,Hot-Dry
15.97223511,-19.23042196,LA1,2008-11-21,02:20:38 AM,02:20:00,Hot-Dry
15.97282918,-19.23037516,LA1,2008-11-21,02:40:38 AM,02:40:00,Hot-Dry
15.97282918,-19.23037109,LA1,2008-11-21,03:00:38 AM,03:00:00,Hot-Dry
15.97391663,-19.22985229,LA1,2008-11-21,03:20:38 AM,03:20:00,Hot-Dry
15.97452393,-19.22743123,LA1,2008-11-21,03:40:38 AM,03:40:00,Hot-Dry
15.97489726,-19.22696126,LA1,2008-11-21,04:00:38 AM,04:00:00,Hot-Dry
15.97492981,-19.22664998,LA1,2008-11-21,04:20:38 AM,04:20:00,Hot-Dry
15.97491659,-19.22619629,LA1,2008-11-21,04:40:38 AM,04:40:00,Hot-Dry
15.97371216,-19.22289225,LA1,2008-11-21,05:00:38 AM,05:00:00,Hot-Dry
15.97254028,-19.22247925,LA1,2008-11-21,05:20:38 AM,05:20:00,Hot-Dry
15.97423096,-19.22235311,LA1,2008-11-21,05:40:38 AM,05:40:00,Hot-Dry
15.97194621,-19.22162069,LA1,2008-11-21,06:00:38 AM,06:00:00,Hot-Dry
15.97278341,-19.22066854,LA1,2008-11-21,06:20:38 AM,06:20:00,Hot-Dry
15.97275085,-19.22029826,LA1,2008-11-21,06:40:38 AM,06:40:00,Hot-Dry
15.9726888,-19.21973063,LA1,2008-11-21,07:00:38 AM,07:00:00,Hot-Dry
15.97304484,-19.21890259,LA1,2008-11-21,07:20:38 AM,07:20:00,Hot-Dry
15.97341715,-19.21796061,LA1,2008-11-21,07:40:38 AM,07:40:00,Hot-Dry
15.97368469,-19.21706136,LA1,2008-11-21,08:00:38 AM,08:00:00,Hot-Dry
15.97372233,-19.21707153,LA1,2008-11-21,08:20:38 AM,08:20:00,Hot-Dry
15.9734019,-19.21419881,LA1,2008-11-21,08:40:38 AM,08:40:00,Hot-Dry
15.97266541,-19.21183268,LA1,2008-11-21,09:00:38 AM,09:00:00,Hot-Dry
15.97297567,-19.20926921,LA1,2008-11-21,09:20:38 AM,09:20:00,Hot-Dry
15.97622579,-19.20052897,LA1,2008-11-21,09:40:38 AM,09:40:00,Hot-Dry
15.97864685,-19.19078573,LA1,2008-11-21,10:00:38 AM,10:00:00,Hot-Dry
15.984375,-19.17850952,LA1,2008-11-21,10:20:38 AM,10:20:00,Hot-Dry
15.99328512,-19.16621297,LA1,2008-11-21,10:40:38 AM,10:40:00,Hot-Dry
15.99584757,-19.16315511,LA1,2008-11-21,11:00:38 AM,11:00:00,Hot-Dry
15.99583435,-19.16315715,LA1,2008-11-21,11:20:38 AM,11:20:00,Hot-Dry
15.99581604,-19.16313477,LA1,2008-11-21,11:40:38 AM,11:40:00,Hot-Dry
15.99739278,-19.16973674,LA1,2008-11-21,12:00:38 PM,12:00:00,Hot-Dry
15.99740194,-19.1697286,LA1,2008-11-21,12:20:38 PM,12:20:00,Hot-Dry
15.99825541,-19.17617391,LA1,2008-11-21,12:40:38 PM,12:40:00,Hot-Dry
15.99825439,-19.17617188,LA1,2008-11-21,01:00:38 PM,13:00:00,Hot-Dry
15.99855143,-19.17611287,LA1,2008-11-21,01:20:38 PM,13:20:00,Hot-Dry
15.9980835,-19.17666016,LA1,2008-11-21,01:40:38 PM,13:40:00,Hot-Dry
15.99797974,-19.17711995,LA1,2008-11-21,02:00:38 PM,14:00:00,Hot-Dry
15.9995341,-19.17789917,LA1,2008-11-21,02:20:38 PM,14:20:00,Hot-Dry
15.99967855,-19.17821655,LA1,2008-11-21,02:40:38 PM,14:40:00,Hot-Dry
16.00013835,-19.17903849,LA1,2008-11-21,03:00:38 PM,15:00:00,Hot-Dry
16.00013733,-19.18003133,LA1,2008-11-21,03:20:38 PM,15:20:00,Hot-Dry
16.00096436,-19.1810201,LA1,2008-11-21,03:40:38 PM,15:40:00,Hot-Dry
16.00126139,-19.18131917,LA1,2008-11-21,04:00:38 PM,16:00:00,Hot-Dry
16.0017395,-19.18143311,LA1,2008-11-21,04:20:38 PM,16:20:00,Hot-Dry
16.00222066,-19.18181152,LA1,2008-11-21,04:40:38 PM,16:40:00,Hot-Dry
16.00222778,-19.1821757,LA1,2008-11-21,05:00:38 PM,17:00:00,Hot-Dry
16.0025706,-19.18338623,LA1,2008-11-21,05:20:38 PM,17:20:00,Hot-Dry
16.00283508,-19.18476563,LA1,2008-11-21,05:40:38 PM,17:40:00,Hot-Dry
16.00298055,-19.18600057,LA1,2008-11-21,06:00:38 PM,18:00:00,Hot-Dry
16.00384318,-19.18921509,LA1,2008-11-21,06:20:38 PM,18:20:00,Hot-Dry
16.00437826,-19.1908549,LA1,2008-11-21,06:40:38 PM,18:40:00,Hot-Dry
16.004422,-19.19324341,LA1,2008-11-21,07:00:38 PM,19:00:00,Hot-Dry
16.00448507,-19.19550374,LA1,2008-11-21,07:20:38 PM,19:20:00,Hot-Dry
16.00471903,-19.19692586,LA1,2008-11-21,07:40:38 PM,19:40:00,Hot-Dry
16.00468038,-19.1973348,LA1,2008-11-21,08:00:38 PM,20:00:00,Hot-Dry
16.00497843,-19.19771729,LA1,2008-11-21,08:20:38 PM,20:20:00,Hot-Dry
16.00508321,-19.19827271,LA1,2008-11-21,08:40:38 PM,20:40:00,Hot-Dry
16.00081787,-19.19910278,LA1,2008-11-21,09:00:38 PM,21:00:00,Hot-Dry
16.00260315,-19.1984314,LA1,2008-11-21,09:20:38 PM,21:20:00,Hot-Dry
16.00266622,-19.19868571,LA1,2008-11-21,09:40:38 PM,21:40:00,Hot-Dry
16.00245667,-19.19933065,LA1,2008-11-21,10:00:38 PM,22:00:00,Hot-Dry
16.0021637,-19.19997559,LA1,2008-11-21,10:20:38 PM,22:20:00,Hot-Dry
16.00155538,-19.20046387,LA1,2008-11-21,10:40:38 PM,22:40:00,Hot-Dry
16.00090739,-19.20091553,LA1,2008-11-21,11:00:38 PM,23:00:00,Hot-Dry
16.00051982,-19.2007548,LA1,2008-11-21,11:20:38 PM,23:20:00,Hot-Dry
16.00049845,-19.20076497,LA1,2008-11-21,11:40:38 PM,23:40:00,Hot-Dry
16.00049438,-19.20077922,LA1,2008-11-22,12:00:38 AM,00:00:00,Hot-Dry
16.00047099,-19.20079346,LA1,2008-11-22,12:20:38 AM,00:20:00,Hot-Dry
16.00054525,-19.20075887,LA1,2008-11-22,12:40:38 AM,00:40:00,Hot-Dry
16.00051982,-19.20081787,LA1,2008-11-22,01:00:38 AM,01:00:00,Hot-Dry
16.0004954,-19.20083008,LA1,2008-11-22,01:20:38 AM,01:20:00,Hot-Dry
16.0004954,-19.2008138,LA1,2008-11-22,01:40:38 AM,01:40:00,Hot-Dry
16.00049438,-19.20080973,LA1,2008-11-22,02:00:38 AM,02:00:00,Hot-Dry
16.00048523,-19.20082397,LA1,2008-11-22,02:20:38 AM,02:20:00,Hot-Dry
16.00049337,-19.20079346,LA1,2008-11-22,02:40:38 AM,02:40:00,Hot-Dry
16.00049337,-19.20079142,LA1,2008-11-22,03:00:38 AM,03:00:00,Hot-Dry
16.00049133,-19.20087891,LA1,2008-11-22,03:20:38 AM,03:20:00,Hot-Dry
16.00024923,-19.20106608,LA1,2008-11-22,03:40:38 AM,03:40:00,Hot-Dry
16.00057576,-19.20164388,LA1,2008-11-22,04:00:38 AM,04:00:00,Hot-Dry
16.00055135,-19.20161743,LA1,2008-11-22,04:20:38 AM,04:20:00,Hot-Dry
16.00073547,-19.20256551,LA1,2008-11-22,04:40:38 AM,04:40:00,Hot-Dry
16.00101013,-19.20280965,LA1,2008-11-22,05:00:38 AM,05:00:00,Hot-Dry
16.00248006,-19.2025411,LA1,2008-11-22,05:20:38 AM,05:20:00,Hot-Dry
16.00248413,-19.20253906,LA1,2008-11-22,05:40:38 AM,05:40:00,Hot-Dry
16.00287374,-19.20222168,LA1,2008-11-22,06:00:38 AM,06:00:00,Hot-Dry
16.00225016,-19.20160116,LA1,2008-11-22,06:20:38 AM,06:20:00,Hot-Dry
16.00202332,-19.20091349,LA1,2008-11-22,06:40:38 AM,06:40:00,Hot-Dry
16.00085347,-19.19984334,LA1,2008-11-22,07:00:38 AM,07:00:00,Hot-Dry
16.00047302,-19.19895223,LA1,2008-11-22,07:20:38 AM,07:20:00,Hot-Dry
16.00014038,-19.19771729,LA1,2008-11-22,07:40:38 AM,07:40:00,Hot-Dry
15.99940084,-19.19668172,LA1,2008-11-22,08:00:38 AM,08:00:00,Hot-Dry
15.99839376,-19.19468587,LA1,2008-11-22,08:20:38 AM,08:20:00,Hot-Dry
15.99808248,-19.1943868,LA1,2008-11-22,08:40:38 AM,08:40:00,Hot-Dry
15.99698792,-19.19307658,LA1,2008-11-22,09:00:38 AM,09:00:00,Hot-Dry
15.99685567,-19.19252726,LA1,2008-11-22,09:20:38 AM,09:20:00,Hot-Dry
15.99567973,-19.18824056,LA1,2008-11-22,09:40:38 AM,09:40:00,Hot-Dry
15.99528503,-19.18702799,LA1,2008-11-22,10:00:38 AM,10:00:00,Hot-Dry
15.99496663,-19.18428345,LA1,2008-11-22,10:20:38 AM,10:20:00,Hot-Dry
15.99487305,-19.17652995,LA1,2008-11-22,10:40:38 AM,10:40:00,Hot-Dry
15.99501038,-19.16668294,LA1,2008-11-22,11:00:38 AM,11:00:00,Hot-Dry
15.99606832,-19.16330363,LA1,2008-11-22,11:20:38 AM,11:20:00,Hot-Dry
15.99607239,-19.16329549,LA1,2008-11-22,11:40:38 AM,11:40:00,Hot-Dry
15.99635417,-19.16359863,LA1,2008-11-22,12:00:38 PM,12:00:00,Hot-Dry
15.99635417,-19.16359863,LA1,2008-11-22,12:20:38 PM,12:20:00,Hot-Dry
15.99635925,-19.16359456,LA1,2008-11-22,12:40:38 PM,12:40:00,Hot-Dry
15.99636129,-19.16359863,LA1,2008-11-22,01:00:38 PM,13:00:00,Hot-Dry
15.99579773,-19.16314494,LA1,2008-11-22,01:20:38 PM,13:20:00,Hot-Dry
15.9961436,-19.16366577,LA1,2008-11-22,01:40:38 PM,13:40:00,Hot-Dry
15.99460653,-19.16784261,LA1,2008-11-22,02:00:38 PM,14:00:00,Hot-Dry
15.99360148,-19.16917318,LA1,2008-11-22,02:20:38 PM,14:20:00,Hot-Dry
15.98935445,-19.17553304,LA1,2008-11-22,02:40:38 PM,14:40:00,Hot-Dry
15.98806661,-19.178479,LA1,2008-11-22,03:00:38 PM,15:00:00,Hot-Dry
15.98770447,-19.18159993,LA1,2008-11-22,03:20:38 PM,15:20:00,Hot-Dry
15.98741862,-19.18206177,LA1,2008-11-22,03:40:38 PM,15:40:00,Hot-Dry
15.98674316,-19.18353475,LA1,2008-11-22,04:00:38 PM,16:00:00,Hot-Dry
15.98682454,-19.18440348,LA1,2008-11-22,04:20:38 PM,16:20:00,Hot-Dry
15.98696696,-19.18477376,LA1,2008-11-22,04:40:38 PM,16:40:00,Hot-Dry
15.98696696,-19.18476766,LA1,2008-11-22,05:00:38 PM,17:00:00,Hot-Dry
15.98684794,-19.18513794,LA1,2008-11-22,05:20:38 PM,17:20:00,Hot-Dry
15.98692118,-19.18550415,LA1,2008-11-22,05:40:38 PM,17:40:00,Hot-Dry
15.98703817,-19.18578491,LA1,2008-11-22,06:00:38 PM,18:00:00,Hot-Dry
15.98698527,-19.18620605,LA1,2008-11-22,06:20:38 PM,18:20:00,Hot-Dry
15.9869578,-19.18654378,LA1,2008-11-22,06:40:38 PM,18:40:00,Hot-Dry
15.98716024,-19.18741455,LA1,2008-11-22,07:00:38 PM,19:00:00,Hot-Dry
15.98713277,-19.18737183,LA1,2008-11-22,07:20:38 PM,19:20:00,Hot-Dry
15.9872406,-19.18806763,LA1,2008-11-22,07:40:38 PM,19:40:00,Hot-Dry
15.98720907,-19.18817342,LA1,2008-11-22,08:00:38 PM,20:00:00,Hot-Dry
15.9872762,-19.18832397,LA1,2008-11-22,08:20:38 PM,20:20:00,Hot-Dry
15.98734945,-19.18846436,LA1,2008-11-22,08:40:38 PM,20:40:00,Hot-Dry
15.98731588,-19.18858439,LA1,2008-11-22,09:00:38 PM,21:00:00,Hot-Dry
15.98691101,-19.18916626,LA1,2008-11-22,09:20:38 PM,21:20:00,Hot-Dry
15.98674825,-19.19064535,LA1,2008-11-22,09:40:38 PM,21:40:00,Hot-Dry
15.9867686,-19.19127808,LA1,2008-11-22,10:00:38 PM,22:00:00,Hot-Dry
15.98677775,-19.19127401,LA1,2008-11-22,10:20:38 PM,22:20:00,Hot-Dry
15.98667603,-19.1932312,LA1,2008-11-22,10:40:38 PM,22:40:00,Hot-Dry
15.98686015,-19.19486898,LA1,2008-11-22,11:00:38 PM,23:00:00,Hot-Dry
15.98532817,-19.19984538,LA1,2008-11-22,11:20:38 PM,23:20:00,Hot-Dry
15.97731527,-19.21499634,LA1,2008-11-22,11:40:38 PM,23:40:00,Hot-Dry
15.97113953,-19.22258911,LA1,2008-11-23,12:00:38 AM,00:00:00,Hot-Dry
15.97016805,-19.22395426,LA1,2008-11-23,12:20:38 AM,00:20:00,Hot-Dry
15.97024333,-19.22463786,LA1,2008-11-23,12:40:38 AM,00:40:00,Hot-Dry
15.97015686,-19.22519124,LA1,2008-11-23,01:00:38 AM,01:00:00,Hot-Dry
15.96960958,-19.22788493,LA1,2008-11-23,01:20:38 AM,01:20:00,Hot-Dry
15.96960856,-19.22787882,LA1,2008-11-23,01:40:38 AM,01:40:00,Hot-Dry
15.96974996,-19.22799683,LA1,2008-11-23,02:00:38 AM,02:00:00,Hot-Dry
15.96974792,-19.22799886,LA1,2008-11-23,02:20:38 AM,02:20:00,Hot-Dry
15.96971436,-19.22801717,LA1,2008-11-23,02:40:38 AM,02:40:00,Hot-Dry
15.96973775,-19.22797445,LA1,2008-11-23,03:00:38 AM,03:00:00,Hot-Dry
15.96973368,-19.22802327,LA1,2008-11-23,03:20:38 AM,03:20:00,Hot-Dry
15.96967468,-19.22797241,LA1,2008-11-23,03:40:38 AM,03:40:00,Hot-Dry
15.96971537,-19.22801921,LA1,2008-11-23,04:00:38 AM,04:00:00,Hot-Dry
15.96973674,-19.22798055,LA1,2008-11-23,04:20:38 AM,04:20:00,Hot-Dry
15.96974589,-19.22839762,LA1,2008-11-23,04:40:38 AM,04:40:00,Hot-Dry
15.96953125,-19.22861938,LA1,2008-11-23,05:00:38 AM,05:00:00,Hot-Dry
15.9694692,-19.23032227,LA1,2008-11-23,05:20:38 AM,05:20:00,Hot-Dry
15.96947021,-19.23032633,LA1,2008-11-23,05:40:38 AM,05:40:00,Hot-Dry
15.96988831,-19.23127238,LA1,2008-11-23,06:00:38 AM,06:00:00,Hot-Dry
15.97141825,-19.23265177,LA1,2008-11-23,06:20:38 AM,06:20:00,Hot-Dry
15.97283325,-19.23378296,LA1,2008-11-23,06:40:38 AM,06:40:00,Hot-Dry
15.97339681,-19.23425496,LA1,2008-11-23,07:00:38 AM,07:00:00,Hot-Dry
15.97343343,-19.23428548,LA1,2008-11-23,07:20:38 AM,07:20:00,Hot-Dry
15.97359212,-19.23448486,LA1,2008-11-23,07:40:38 AM,07:40:00,Hot-Dry
15.97371826,-19.23450724,LA1,2008-11-23,08:00:38 AM,08:00:00,Hot-Dry
15.97315267,-19.23527832,LA1,2008-11-23,08:20:38 AM,08:20:00,Hot-Dry
15.97403361,-19.23635457,LA1,2008-11-23,08:40:38 AM,08:40:00,Hot-Dry
15.97415771,-19.23654582,LA1,2008-11-23,09:00:38 AM,09:00:00,Hot-Dry
15.97494202,-19.23732503,LA1,2008-11-23,09:20:38 AM,09:20:00,Hot-Dry
15.97496745,-19.23805339,LA1,2008-11-23,09:40:38 AM,09:40:00,Hot-Dry
15.97357381,-19.23892415,LA1,2008-11-23,10:00:38 AM,10:00:00,Hot-Dry
15.97363485,-19.24012858,LA1,2008-11-23,10:20:38 AM,10:20:00,Hot-Dry
15.9736613,-19.24014893,LA1,2008-11-23,10:40:38 AM,10:40:00,Hot-Dry
15.97368673,-19.24014689,LA1,2008-11-23,11:00:38 AM,11:00:00,Hot-Dry
15.97365824,-19.24017741,LA1,2008-11-23,11:20:38 AM,11:20:00,Hot-Dry
15.97365316,-19.24018148,LA1,2008-11-23,11:40:38 AM,11:40:00,Hot-Dry
15.97369792,-19.24014689,LA1,2008-11-23,12:00:38 PM,12:00:00,Hot-Dry
15.97365621,-19.24020589,LA1,2008-11-23,12:20:38 PM,12:20:00,Hot-Dry
15.97367655,-19.24019775,LA1,2008-11-23,12:40:38 PM,12:40:00,Hot-Dry
15.97368774,-19.24019572,LA1,2008-11-23,01:00:38 PM,13:00:00,Hot-Dry
15.97365723,-19.24018758,LA1,2008-11-23,01:20:38 PM,13:20:00,Hot-Dry
15.97368571,-19.24018351,LA1,2008-11-23,01:40:38 PM,13:40:00,Hot-Dry
15.97371419,-19.24017944,LA1,2008-11-23,02:00:38 PM,14:00:00,Hot-Dry
15.97414144,-19.24077352,LA1,2008-11-23,02:20:38 PM,14:20:00,Hot-Dry
15.97414042,-19.24077352,LA1,2008-11-23,02:40:38 PM,14:40:00,Hot-Dry
15.97446493,-19.24075114,LA1,2008-11-23,03:00:38 PM,15:00:00,Hot-Dry
15.97515157,-19.24054362,LA1,2008-11-23,03:20:38 PM,15:20:00,Hot-Dry
15.97558594,-19.24053752,LA1,2008-11-23,03:40:38 PM,15:40:00,Hot-Dry
15.97551473,-19.24128825,LA1,2008-11-23,04:00:38 PM,16:00:00,Hot-Dry
15.97513224,-19.24095052,LA1,2008-11-23,04:20:38 PM,16:20:00,Hot-Dry
15.97634379,-19.23967692,LA1,2008-11-23,04:40:38 PM,16:40:00,Hot-Dry
15.97634583,-19.23967489,LA1,2008-11-23,05:00:38 PM,17:00:00,Hot-Dry
15.97858887,-19.24082642,LA1,2008-11-23,05:20:38 PM,17:20:00,Hot-Dry
15.97859395,-19.24081014,LA1,2008-11-23,05:40:38 PM,17:40:00,Hot-Dry
15.97864685,-19.2405599,LA1,2008-11-23,06:00:38 PM,18:00:00,Hot-Dry
15.97835795,-19.24060059,LA1,2008-11-23,06:20:38 PM,18:20:00,Hot-Dry
15.9777832,-19.24070638,LA1,2008-11-23,06:40:38 PM,18:40:00,Hot-Dry
15.97733765,-19.24060262,LA1,2008-11-23,07:00:38 PM,19:00:00,Hot-Dry
15.97680969,-19.24030151,LA1,2008-11-23,07:20:38 PM,19:20:00,Hot-Dry
15.97686361,-19.2402832,LA1,2008-11-23,07:40:38 PM,19:40:00,Hot-Dry
15.97682495,-19.24025065,LA1,2008-11-23,08:00:38 PM,20:00:00,Hot-Dry
15.975354,-19.23798218,LA1,2008-11-23,08:20:38 PM,20:20:00,Hot-Dry
15.9776357,-19.23832804,LA1,2008-11-23,08:40:38 PM,20:40:00,Hot-Dry
15.97883708,-19.2387085,LA1,2008-11-23,09:00:38 PM,21:00:00,Hot-Dry
15.97934469,-19.23921305,LA1,2008-11-23,09:20:38 PM,21:20:00,Hot-Dry
15.98007711,-19.2395752,LA1,2008-11-23,09:40:38 PM,21:40:00,Hot-Dry
15.98010559,-19.23951213,LA1,2008-11-23,10:00:38 PM,22:00:00,Hot-Dry
15.98006999,-19.23951416,LA1,2008-11-23,10:20:38 PM,22:20:00,Hot-Dry
15.98008626,-19.23953654,LA1,2008-11-23,10:40:38 PM,22:40:00,Hot-Dry
15.98010356,-19.23953654,LA1,2008-11-23,11:00:38 PM,23:00:00,Hot-Dry
15.98013611,-19.2395223,LA1,2008-11-23,11:20:38 PM,23:20:00,Hot-Dry
15.98013,-19.23951823,LA1,2008-11-23,11:40:38 PM,23:40:00,Hot-Dry
15.98013611,-19.23948975,LA1,2008-11-24,12:00:38 AM,00:00:00,Hot-Dry
15.98008525,-19.23952026,LA1,2008-11-24,12:20:38 AM,00:20:00,Hot-Dry
15.98008016,-19.23953247,LA1,2008-11-24,12:40:38 AM,00:40:00,Hot-Dry
15.98010661,-19.23954875,LA1,2008-11-24,01:00:38 AM,01:00:00,Hot-Dry
15.98007304,-19.23956706,LA1,2008-11-24,01:20:38 AM,01:20:00,Hot-Dry
15.98007304,-19.23957113,LA1,2008-11-24,01:40:38 AM,01:40:00,Hot-Dry
15.98009033,-19.23954875,LA1,2008-11-24,02:00:38 AM,02:00:00,Hot-Dry
15.98010356,-19.23961995,LA1,2008-11-24,02:20:38 AM,02:20:00,Hot-Dry
15.98007304,-19.2395223,LA1,2008-11-24,02:40:38 AM,02:40:00,Hot-Dry
15.98000488,-19.24001668,LA1,2008-11-24,03:00:38 AM,03:00:00,Hot-Dry
15.98000895,-19.23995972,LA1,2008-11-24,03:20:48 AM,03:20:00,Hot-Dry
15.98002523,-19.23997803,LA1,2008-11-24,03:40:48 AM,03:40:00,Hot-Dry
15.98004964,-19.23994751,LA1,2008-11-24,04:00:48 AM,04:00:00,Hot-Dry
15.97976074,-19.24017944,LA1,2008-11-24,04:20:48 AM,04:20:00,Hot-Dry
15.97930298,-19.24026896,LA1,2008-11-24,04:40:48 AM,04:40:00,Hot-Dry
15.9795756,-19.24046427,LA1,2008-11-24,05:00:48 AM,05:00:00,Hot-Dry
15.97915039,-19.24023234,LA1,2008-11-24,05:20:48 AM,05:20:00,Hot-Dry
15.97862549,-19.24076742,LA1,2008-11-24,05:40:48 AM,05:40:00,Hot-Dry
15.97824198,-19.23935547,LA1,2008-11-24,06:00:48 AM,06:00:00,Hot-Dry
15.97964172,-19.23889364,LA1,2008-11-24,06:20:48 AM,06:20:00,Hot-Dry
15.97967428,-19.23881836,LA1,2008-11-24,06:40:48 AM,06:40:00,Hot-Dry
15.98047485,-19.23801676,LA1,2008-11-24,07:00:48 AM,07:00:00,Hot-Dry
15.98088582,-19.23806559,LA1,2008-11-24,07:20:48 AM,07:20:00,Hot-Dry
15.98082581,-19.23820394,LA1,2008-11-24,07:40:48 AM,07:40:00,Hot-Dry
15.98088684,-19.23809001,LA1,2008-11-24,08:00:48 AM,08:00:00,Hot-Dry
15.98299561,-19.23740641,LA1,2008-11-24,08:20:48 AM,08:20:00,Hot-Dry
15.98285929,-19.23763224,LA1,2008-11-24,08:40:48 AM,08:40:00,Hot-Dry
15.98311971,-19.23759155,LA1,2008-11-24,09:00:48 AM,09:00:00,Hot-Dry
15.9805837,-19.23605957,LA1,2008-11-24,09:20:48 AM,09:20:00,Hot-Dry
15.97898356,-19.23410848,LA1,2008-11-24,09:40:48 AM,09:40:00,Hot-Dry
15.97672933,-19.23349813,LA1,2008-11-24,10:00:48 AM,10:00:00,Hot-Dry
15.97298991,-19.23172607,LA1,2008-11-24,10:20:48 AM,10:20:00,Hot-Dry
15.97266744,-19.23176066,LA1,2008-11-24,10:40:48 AM,10:40:00,Hot-Dry
15.97266235,-19.23177083,LA1,2008-11-24,11:00:48 AM,11:00:00,Hot-Dry
15.97254537,-19.23203328,LA1,2008-11-24,11:20:48 AM,11:20:00,Hot-Dry
15.97256266,-19.23201701,LA1,2008-11-24,11:40:48 AM,11:40:00,Hot-Dry
15.97255656,-19.23201701,LA1,2008-11-24,12:00:48 PM,12:00:00,Hot-Dry
15.97252604,-19.23202108,LA1,2008-11-24,12:20:38 PM,12:20:00,Hot-Dry
15.97252808,-19.23202718,LA1,2008-11-24,12:40:38 PM,12:40:00,Hot-Dry
15.97244975,-19.23224691,LA1,2008-11-24,01:00:38 PM,13:00:00,Hot-Dry
15.9724467,-19.23221842,LA1,2008-11-24,01:20:38 PM,13:20:00,Hot-Dry
15.97243856,-19.23221232,LA1,2008-11-24,01:40:38 PM,13:40:00,Hot-Dry
15.97262472,-19.2320516,LA1,2008-11-24,02:00:38 PM,14:00:00,Hot-Dry
15.97328084,-19.23149618,LA1,2008-11-24,02:20:38 PM,14:20:00,Hot-Dry
15.97328695,-19.23149211,LA1,2008-11-24,02:40:38 PM,14:40:00,Hot-Dry
15.97325236,-19.23117472,LA1,2008-11-24,03:00:38 PM,15:00:00,Hot-Dry
15.97349447,-19.23123576,LA1,2008-11-24,03:20:38 PM,15:20:00,Hot-Dry
15.97471619,-19.23148193,LA1,2008-11-24,03:40:38 PM,15:40:00,Hot-Dry
15.97498271,-19.23186239,LA1,2008-11-24,04:00:38 PM,16:00:00,Hot-Dry
15.97454427,-19.23222453,LA1,2008-11-24,04:20:38 PM,16:20:00,Hot-Dry
15.97546895,-19.23394165,LA1,2008-11-24,04:40:38 PM,16:40:00,Hot-Dry
15.97546692,-19.23394165,LA1,2008-11-24,05:00:38 PM,17:00:00,Hot-Dry
15.97524007,-19.23386027,LA1,2008-11-24,05:20:38 PM,17:20:00,Hot-Dry
15.9740448,-19.23397013,LA1,2008-11-24,05:40:38 PM,17:40:00,Hot-Dry
15.97310893,-19.23277588,LA1,2008-11-24,06:00:38 PM,18:00:00,Hot-Dry
15.97296244,-19.23272705,LA1,2008-11-24,06:20:38 PM,18:20:00,Hot-Dry
15.97268982,-19.23241781,LA1,2008-11-24,06:40:38 PM,18:40:00,Hot-Dry
15.9730662,-19.23225505,LA1,2008-11-24,07:00:38 PM,19:00:00,Hot-Dry
15.97337036,-19.2317627,LA1,2008-11-24,07:20:38 PM,19:20:00,Hot-Dry
15.97337138,-19.23142293,LA1,2008-11-24,07:40:38 PM,19:40:00,Hot-Dry
15.97335714,-19.23137207,LA1,2008-11-24,08:00:38 PM,20:00:00,Hot-Dry
15.97307739,-19.2307373,LA1,2008-11-24,08:20:38 PM,20:20:00,Hot-Dry
15.97239583,-19.2301534,LA1,2008-11-24,08:40:38 PM,20:40:00,Hot-Dry
15.97241211,-19.23015951,LA1,2008-11-24,09:00:38 PM,21:00:00,Hot-Dry
15.97233988,-19.23013509,LA1,2008-11-24,09:20:38 PM,21:20:00,Hot-Dry
15.97239075,-19.2301534,LA1,2008-11-24,09:40:38 PM,21:40:00,Hot-Dry
15.97232361,-19.23013102,LA1,2008-11-24,10:00:38 PM,22:00:00,Hot-Dry
15.97240702,-19.23015544,LA1,2008-11-24,10:20:38 PM,22:20:00,Hot-Dry
15.97238668,-19.23014933,LA1,2008-11-24,10:40:38 PM,22:40:00,Hot-Dry
15.97240295,-19.23018799,LA1,2008-11-24,11:00:38 PM,23:00:00,Hot-Dry
15.97235718,-19.23015137,LA1,2008-11-24,11:20:38 PM,23:20:00,Hot-Dry
15.97241007,-19.23015544,LA1,2008-11-24,11:40:38 PM,23:40:00,Hot-Dry
15.97237244,-19.23015951,LA1,2008-11-25,12:00:38 AM,00:00:00,Hot-Dry
15.97237244,-19.23015747,LA1,2008-11-25,12:20:38 AM,00:20:00,Hot-Dry
15.97230632,-19.22985229,LA1,2008-11-25,12:40:38 AM,00:40:00,Hot-Dry
15.97131246,-19.22736613,LA1,2008-11-25,01:00:38 AM,01:00:00,Hot-Dry
15.97111613,-19.22607218,LA1,2008-11-25,01:20:38 AM,01:20:00,Hot-Dry
15.9711731,-19.2229716,LA1,2008-11-25,01:40:38 AM,01:40:00,Hot-Dry
15.97223409,-19.21973267,LA1,2008-11-25,02:00:38 AM,02:00:00,Hot-Dry
15.97282003,-19.2194519,LA1,2008-11-25,02:20:38 AM,02:20:00,Hot-Dry
15.97312113,-19.21913656,LA1,2008-11-25,02:40:38 AM,02:40:00,Hot-Dry
15.97571411,-19.21739909,LA1,2008-11-25,03:00:38 AM,03:00:00,Hot-Dry
15.97862244,-19.21296997,LA1,2008-11-25,03:20:38 AM,03:20:00,Hot-Dry
15.98068237,-19.20921427,LA1,2008-11-25,03:40:38 AM,03:40:00,Hot-Dry
15.9840566,-19.20321655,LA1,2008-11-25,04:00:38 AM,04:00:00,Hot-Dry
15.98379822,-19.20073039,LA1,2008-11-25,04:20:38 AM,04:20:00,Hot-Dry
15.98296204,-19.19799601,LA1,2008-11-25,04:40:38 AM,04:40:00,Hot-Dry
15.9828359,-19.19797567,LA1,2008-11-25,05:00:38 AM,05:00:00,Hot-Dry
15.9827891,-19.19792074,LA1,2008-11-25,05:20:38 AM,05:20:00,Hot-Dry
15.98276672,-19.1976237,LA1,2008-11-25,05:40:38 AM,05:40:00,Hot-Dry
15.98266907,-19.19668579,LA1,2008-11-25,06:00:38 AM,06:00:00,Hot-Dry
15.98175049,-19.19541016,LA1,2008-11-25,06:20:38 AM,06:20:00,Hot-Dry
15.98181051,-19.19144897,LA1,2008-11-25,06:40:38 AM,06:40:00,Hot-Dry
15.98218892,-19.19005534,LA1,2008-11-25,07:00:38 AM,07:00:00,Hot-Dry
15.98554688,-19.18246053,LA1,2008-11-25,07:20:38 AM,07:20:00,Hot-Dry
15.98961894,-19.17477824,LA1,2008-11-25,07:40:38 AM,07:40:00,Hot-Dry
15.99430644,-19.16502482,LA1,2008-11-25,08:00:38 AM,08:00:00,Hot-Dry
15.99583639,-19.16315511,LA1,2008-11-25,08:20:38 AM,08:20:00,Hot-Dry
15.99605713,-19.16333211,LA1,2008-11-25,08:40:38 AM,08:40:00,Hot-Dry
15.99567566,-19.16405436,LA1,2008-11-25,09:00:38 AM,09:00:00,Hot-Dry
15.99587402,-19.16394653,LA1,2008-11-25,09:20:38 AM,09:20:00,Hot-Dry
15.99607035,-19.16333008,LA1,2008-11-25,09:40:38 AM,09:40:00,Hot-Dry
15.99582926,-19.1631429,LA1,2008-11-25,10:00:38 AM,10:00:00,Hot-Dry
15.99583435,-19.16314087,LA1,2008-11-25,10:20:38 AM,10:20:00,Hot-Dry
15.99582011,-19.16311646,LA1,2008-11-25,10:40:38 AM,10:40:00,Hot-Dry
15.99579671,-19.16313273,LA1,2008-11-25,11:00:38 AM,11:00:00,Hot-Dry
15.99579773,-19.1631307,LA1,2008-11-25,11:20:38 AM,11:20:00,Hot-Dry
15.99561768,-19.16425171,LA1,2008-11-25,11:40:38 AM,11:40:00,Hot-Dry
15.99561361,-19.16424357,LA1,2008-11-25,12:00:38 PM,12:00:00,Hot-Dry
15.99467672,-19.16785889,LA1,2008-11-25,12:20:38 PM,12:20:00,Hot-Dry
15.99401347,-19.16848551,LA1,2008-11-25,12:40:38 PM,12:40:00,Hot-Dry
15.99323527,-19.16882528,LA1,2008-11-25,01:00:38 PM,13:00:00,Hot-Dry
15.99283956,-19.16923625,LA1,2008-11-25,01:20:38 PM,13:20:00,Hot-Dry
15.99250387,-19.16936646,LA1,2008-11-25,01:40:38 PM,13:40:00,Hot-Dry
15.99204,-19.16967977,LA1,2008-11-25,02:00:38 PM,14:00:00,Hot-Dry
15.99219666,-19.16988525,LA1,2008-11-25,02:20:38 PM,14:20:00,Hot-Dry
15.9916921,-19.17011719,LA1,2008-11-25,02:40:38 PM,14:40:00,Hot-Dry
15.99029134,-19.16948649,LA1,2008-11-25,03:00:38 PM,15:00:00,Hot-Dry
15.98977763,-19.16956584,LA1,2008-11-25,03:20:38 PM,15:20:00,Hot-Dry
15.98884888,-19.16988729,LA1,2008-11-25,03:40:38 PM,15:40:00,Hot-Dry
15.98671672,-19.17053223,LA1,2008-11-25,04:00:38 PM,16:00:00,Hot-Dry
15.98628743,-19.17055461,LA1,2008-11-25,04:20:38 PM,16:20:00,Hot-Dry
15.98519694,-19.17033285,LA1,2008-11-25,04:40:38 PM,16:40:00,Hot-Dry
15.98248596,-19.1695577,LA1,2008-11-25,05:00:38 PM,17:00:00,Hot-Dry
15.97800293,-19.17011922,LA1,2008-11-25,05:20:38 PM,17:20:00,Hot-Dry
15.97460938,-19.17177938,LA1,2008-11-25,05:40:38 PM,17:40:00,Hot-Dry
15.97073873,-19.17208659,LA1,2008-11-25,06:00:38 PM,18:00:00,Hot-Dry
15.97000529,-19.17238159,LA1,2008-11-25,06:20:38 PM,18:20:00,Hot-Dry
15.96796061,-19.17148031,LA1,2008-11-25,06:40:38 PM,18:40:00,Hot-Dry
15.96695455,-19.17134196,LA1,2008-11-25,07:00:38 PM,19:00:00,Hot-Dry
15.96646118,-19.17137248,LA1,2008-11-25,07:20:38 PM,19:20:00,Hot-Dry
15.96555074,-19.17122599,LA1,2008-11-25,07:40:38 PM,19:40:00,Hot-Dry
15.96540934,-19.17127075,LA1,2008-11-25,08:00:38 PM,20:00:00,Hot-Dry
15.96499736,-19.17128499,LA1,2008-11-25,08:20:38 PM,20:20:00,Hot-Dry
15.96482035,-19.17134806,LA1,2008-11-25,08:40:38 PM,20:40:00,Hot-Dry
15.96470133,-19.17137858,LA1,2008-11-25,09:00:38 PM,21:00:00,Hot-Dry
15.96414286,-19.17173055,LA1,2008-11-25,09:20:38 PM,21:20:00,Hot-Dry
15.96362,-19.1716512,LA1,2008-11-25,09:40:38 PM,21:40:00,Hot-Dry
15.96266886,-19.17144572,LA1,2008-11-25,10:00:38 PM,22:00:00,Hot-Dry
15.96247457,-19.17135824,LA1,2008-11-25,10:20:38 PM,22:20:00,Hot-Dry
15.96226908,-19.17127482,LA1,2008-11-25,10:40:38 PM,22:40:00,Hot-Dry
15.96153259,-19.17048747,LA1,2008-11-25,11:00:38 PM,23:00:00,Hot-Dry
15.96129659,-19.17000936,LA1,2008-11-25,11:20:38 PM,23:20:00,Hot-Dry
15.96099141,-19.16965942,LA1,2008-11-25,11:40:38 PM,23:40:00,Hot-Dry
15.96098226,-19.16966146,LA1,2008-11-26,12:00:38 AM,00:00:00,Hot-Dry
15.96097717,-19.16948853,LA1,2008-11-26,12:20:38 AM,00:20:00,Hot-Dry
15.96095886,-19.16948242,LA1,2008-11-26,12:40:38 AM,00:40:00,Hot-Dry
15.96095479,-19.16944173,LA1,2008-11-26,01:00:38 AM,01:00:00,Hot-Dry
15.96095683,-19.16944377,LA1,2008-11-26,01:20:38 AM,01:20:00,Hot-Dry
15.96090393,-19.1693807,LA1,2008-11-26,01:40:38 AM,01:40:00,Hot-Dry
15.96085815,-19.16932983,LA1,2008-11-26,02:00:38 AM,02:00:00,Hot-Dry
15.9608785,-19.16935221,LA1,2008-11-26,02:20:38 AM,02:20:00,Hot-Dry
15.96083476,-19.16934611,LA1,2008-11-26,02:40:38 AM,02:40:00,Hot-Dry
15.96083069,-19.16928711,LA1,2008-11-26,03:00:38 AM,03:00:00,Hot-Dry
15.96086019,-19.16938883,LA1,2008-11-26,03:20:38 AM,03:20:00,Hot-Dry
15.96085103,-19.1693807,LA1,2008-11-26,03:40:38 AM,03:40:00,Hot-Dry
15.96085612,-19.16935832,LA1,2008-11-26,04:00:38 AM,04:00:00,Hot-Dry
15.96065369,-19.16930949,LA1,2008-11-26,04:20:38 AM,04:20:00,Hot-Dry
15.96057841,-19.16921997,LA1,2008-11-26,04:40:38 AM,04:40:00,Hot-Dry
15.96054382,-19.16921387,LA1,2008-11-26,05:00:38 AM,05:00:00,Hot-Dry
15.96024679,-19.16931356,LA1,2008-11-26,05:20:38 AM,05:20:00,Hot-Dry
15.95930176,-19.1696757,LA1,2008-11-26,05:40:38 AM,05:40:00,Hot-Dry
15.95907898,-19.16986084,LA1,2008-11-26,06:00:38 AM,06:00:00,Hot-Dry
15.95620422,-19.17032471,LA1,2008-11-26,06:20:38 AM,06:20:00,Hot-Dry
15.95478312,-19.17017008,LA1,2008-11-26,06:40:38 AM,06:40:00,Hot-Dry
15.95479431,-19.17010701,LA1,2008-11-26,07:00:38 AM,07:00:00,Hot-Dry
15.95456441,-19.1700826,LA1,2008-11-26,07:20:38 AM,07:20:00,Hot-Dry
15.95405375,-19.1697937,LA1,2008-11-26,07:40:38 AM,07:40:00,Hot-Dry
15.95106506,-19.16939901,LA1,2008-11-26,08:00:38 AM,08:00:00,Hot-Dry
15.94729818,-19.16989543,LA1,2008-11-26,08:20:38 AM,08:20:00,Hot-Dry
15.94747518,-19.17141113,LA1,2008-11-26,08:40:38 AM,08:40:00,Hot-Dry
15.94339396,-19.17110189,LA1,2008-11-26,09:00:38 AM,09:00:00,Hot-Dry
15.94050802,-19.17085368,LA1,2008-11-26,09:20:38 AM,09:20:00,Hot-Dry
15.93595378,-19.16934611,LA1,2008-11-26,09:40:38 AM,09:40:00,Hot-Dry
15.9308665,-19.16759847,LA1,2008-11-26,10:00:38 AM,10:00:00,Hot-Dry
15.92042135,-19.16896769,LA1,2008-11-26,10:20:38 AM,10:20:00,Hot-Dry
15.91241557,-19.17407633,LA1,2008-11-26,10:40:38 AM,10:40:00,Hot-Dry
15.91497396,-19.18021647,LA1,2008-11-26,11:00:38 AM,11:00:00,Hot-Dry
15.91573079,-19.18086955,LA1,2008-11-26,11:20:38 AM,11:20:00,Hot-Dry
15.90977478,-19.18090413,LA1,2008-11-26,11:40:38 AM,11:40:00,Hot-Dry
15.90977783,-19.1809021,LA1,2008-11-26,12:00:38 PM,12:00:00,Hot-Dry
15.90770976,-19.18126221,LA1,2008-11-26,12:20:38 PM,12:20:00,Hot-Dry
15.90771688,-19.1812561,LA1,2008-11-26,12:40:38 PM,12:40:00,Hot-Dry
15.90755412,-19.18140666,LA1,2008-11-26,01:00:38 PM,13:00:00,Hot-Dry
15.90763143,-19.18137614,LA1,2008-11-26,01:20:38 PM,13:20:00,Hot-Dry
15.90762838,-19.18137207,LA1,2008-11-26,01:40:38 PM,13:40:00,Hot-Dry
15.9078481,-19.18184611,LA1,2008-11-26,02:00:38 PM,14:00:00,Hot-Dry
15.90784709,-19.18184814,LA1,2008-11-26,02:20:38 PM,14:20:00,Hot-Dry
15.91384277,-19.18109334,LA1,2008-11-26,02:40:38 PM,14:40:00,Hot-Dry
15.91294657,-19.18106893,LA1,2008-11-26,03:00:38 PM,15:00:00,Hot-Dry
15.90448303,-19.18228963,LA1,2008-11-26,03:20:38 PM,15:20:00,Hot-Dry
15.89649455,-19.18316447,LA1,2008-11-26,03:40:38 PM,15:40:00,Hot-Dry
15.88782857,-19.184021,LA1,2008-11-26,04:00:38 PM,16:00:00,Hot-Dry
15.88398438,-19.18622843,LA1,2008-11-26,04:20:38 PM,16:20:00,Hot-Dry
15.88065491,-19.18917033,LA1,2008-11-26,04:40:38 PM,16:40:00,Hot-Dry
15.87419739,-19.19127808,LA1,2008-11-26,05:00:38 PM,17:00:00,Hot-Dry
15.86461589,-19.19383341,LA1,2008-11-26,05:20:38 PM,17:20:00,Hot-Dry
15.85730387,-19.1978658,LA1,2008-11-26,05:40:38 PM,17:40:00,Hot-Dry
15.85157471,-19.20175781,LA1,2008-11-26,06:00:38 PM,18:00:00,Hot-Dry
15.84566447,-19.20528361,LA1,2008-11-26,06:20:38 PM,18:20:00,Hot-Dry
15.84295756,-19.20628866,LA1,2008-11-26,06:40:38 PM,18:40:00,Hot-Dry
15.83708801,-19.21308594,LA1,2008-11-26,07:00:38 PM,19:00:00,Hot-Dry
15.8341685,-19.21780192,LA1,2008-11-26,07:20:38 PM,19:20:00,Hot-Dry
15.8326182,-19.2194458,LA1,2008-11-26,07:40:38 PM,19:40:00,Hot-Dry
15.83142192,-19.22239176,LA1,2008-11-26,08:00:38 PM,20:00:00,Hot-Dry
15.82971802,-19.22466431,LA1,2008-11-26,08:20:38 PM,20:20:00,Hot-Dry
15.82785848,-19.22731527,LA1,2008-11-26,08:40:38 PM,20:40:00,Hot-Dry
15.8278361,-19.22856852,LA1,2008-11-26,09:00:38 PM,21:00:00,Hot-Dry
15.82749125,-19.22982788,LA1,2008-11-26,09:20:38 PM,21:20:00,Hot-Dry
15.82735291,-19.23047892,LA1,2008-11-26,09:40:38 PM,21:40:00,Hot-Dry
15.82601217,-19.23092041,LA1,2008-11-26,10:00:38 PM,22:00:00,Hot-Dry
15.82534383,-19.23127848,LA1,2008-11-26,10:20:38 PM,22:20:00,Hot-Dry
15.82548218,-19.23143717,LA1,2008-11-26,10:40:38 PM,22:40:00,Hot-Dry
15.8254659,-19.23143311,LA1,2008-11-26,11:00:38 PM,23:00:00,Hot-Dry
15.82550557,-19.23156738,LA1,2008-11-26,11:20:38 PM,23:20:00,Hot-Dry
15.82580872,-19.2318807,LA1,2008-11-26,11:40:38 PM,23:40:00,Hot-Dry
15.82587484,-19.23213908,LA1,2008-11-27,12:00:38 AM,00:00:00,Hot-Dry
15.82566732,-19.23230794,LA1,2008-11-27,12:20:38 AM,00:20:00,Hot-Dry
15.82530823,-19.23250122,LA1,2008-11-27,12:40:38 AM,00:40:00,Hot-Dry
15.82470703,-19.23288778,LA1,2008-11-27,01:00:38 AM,01:00:00,Hot-Dry
15.82471415,-19.23288371,LA1,2008-11-27,01:20:38 AM,01:20:00,Hot-Dry
15.82422587,-19.23307495,LA1,2008-11-27,01:40:38 AM,01:40:00,Hot-Dry
15.82376506,-19.23342896,LA1,2008-11-27,02:00:38 AM,02:00:00,Hot-Dry
15.82376099,-19.23343099,LA1,2008-11-27,02:20:38 AM,02:20:00,Hot-Dry
15.82374369,-19.23342489,LA1,2008-11-27,02:40:38 AM,02:40:00,Hot-Dry
15.82348124,-19.23385824,LA1,2008-11-27,03:00:38 AM,03:00:00,Hot-Dry
15.8235026,-19.23388875,LA1,2008-11-27,03:20:38 AM,03:20:00,Hot-Dry
15.82350159,-19.23389486,LA1,2008-11-27,03:40:38 AM,03:40:00,Hot-Dry
15.82315572,-19.23426717,LA1,2008-11-27,04:00:38 AM,04:00:00,Hot-Dry
15.82270508,-19.23463542,LA1,2008-11-27,04:20:38 AM,04:20:00,Hot-Dry
15.82244568,-19.23520101,LA1,2008-11-27,04:40:38 AM,04:40:00,Hot-Dry
15.82227987,-19.23577271,LA1,2008-11-27,05:00:38 AM,05:00:00,Hot-Dry
15.82227681,-19.23576864,LA1,2008-11-27,05:20:38 AM,05:20:00,Hot-Dry
15.82226257,-19.23627319,LA1,2008-11-27,05:40:38 AM,05:40:00,Hot-Dry
15.82237142,-19.23633423,LA1,2008-11-27,06:00:38 AM,06:00:00,Hot-Dry
15.8223704,-19.23633626,LA1,2008-11-27,06:20:38 AM,06:20:00,Hot-Dry
15.82247009,-19.23645426,LA1,2008-11-27,06:40:38 AM,06:40:00,Hot-Dry
15.82273153,-19.23675741,LA1,2008-11-27,07:00:38 AM,07:00:00,Hot-Dry
15.82249552,-19.23647257,LA1,2008-11-27,07:20:38 AM,07:20:00,Hot-Dry
15.82173869,-19.2357137,LA1,2008-11-27,07:40:38 AM,07:40:00,Hot-Dry
15.82098999,-19.23506266,LA1,2008-11-27,08:00:38 AM,08:00:00,Hot-Dry
15.82012838,-19.2359965,LA1,2008-11-27,08:20:38 AM,08:20:00,Hot-Dry
15.81966553,-19.23704631,LA1,2008-11-27,08:40:38 AM,08:40:00,Hot-Dry
15.81950989,-19.23751424,LA1,2008-11-27,09:00:38 AM,09:00:00,Hot-Dry
15.81944377,-19.23934937,LA1,2008-11-27,09:20:38 AM,09:20:00,Hot-Dry
15.81946411,-19.2393514,LA1,2008-11-27,09:40:38 AM,09:40:00,Hot-Dry
15.81949056,-19.2393575,LA1,2008-11-27,10:00:38 AM,10:00:00,Hot-Dry
15.81942647,-19.23933919,LA1,2008-11-27,10:20:38 AM,10:20:00,Hot-Dry
15.81853129,-19.23833618,LA1,2008-11-27,10:40:38 AM,10:40:00,Hot-Dry
15.81753235,-19.23690999,LA1,2008-11-27,11:00:38 AM,11:00:00,Hot-Dry
15.81753438,-19.23690999,LA1,2008-11-27,11:20:38 AM,11:20:00,Hot-Dry
15.81638387,-19.23717651,LA1,2008-11-27,11:40:38 AM,11:40:00,Hot-Dry
15.81639303,-19.23718669,LA1,2008-11-27,12:00:38 PM,12:00:00,Hot-Dry
15.81637878,-19.23719482,LA1,2008-11-27,12:20:38 PM,12:20:00,Hot-Dry
15.81636251,-19.23720296,LA1,2008-11-27,12:40:38 PM,12:40:00,Hot-Dry
15.81642354,-19.23651733,LA1,2008-11-27,01:00:38 PM,13:00:00,Hot-Dry
15.81644389,-19.23651733,LA1,2008-11-27,01:20:38 PM,13:20:00,Hot-Dry
15.81641947,-19.23716838,LA1,2008-11-27,01:40:38 PM,13:40:00,Hot-Dry
15.8155894,-19.23706055,LA1,2008-11-27,02:00:38 PM,14:00:00,Hot-Dry
15.81470642,-19.23590698,LA1,2008-11-27,02:20:38 PM,14:20:00,Hot-Dry
15.81468302,-19.23591105,LA1,2008-11-27,02:40:38 PM,14:40:00,Hot-Dry
15.81468506,-19.23589274,LA1,2008-11-27,03:00:38 PM,15:00:00,Hot-Dry
15.81467896,-19.2355957,LA1,2008-11-27,03:20:38 PM,15:20:00,Hot-Dry
15.81476949,-19.23596191,LA1,2008-11-27,03:40:38 PM,15:40:00,Hot-Dry
15.81482544,-19.23603923,LA1,2008-11-27,04:00:38 PM,16:00:00,Hot-Dry
15.81416524,-19.23664958,LA1,2008-11-27,04:20:38 PM,16:20:00,Hot-Dry
15.81415609,-19.23665161,LA1,2008-11-27,04:40:38 PM,16:40:00,Hot-Dry
15.81372375,-19.23688354,LA1,2008-11-27,05:00:38 PM,17:00:00,Hot-Dry
15.81395976,-19.23746338,LA1,2008-11-27,05:20:38 PM,17:20:00,Hot-Dry
15.81347148,-19.23774211,LA1,2008-11-27,05:40:38 PM,17:40:00,Hot-Dry
15.81359965,-19.23831177,LA1,2008-11-27,06:00:38 PM,18:00:00,Hot-Dry
15.81307576,-19.23855794,LA1,2008-11-27,06:20:38 PM,18:20:00,Hot-Dry
15.81296692,-19.23833618,LA1,2008-11-27,06:40:38 PM,18:40:00,Hot-Dry
15.81234436,-19.23819173,LA1,2008-11-27,07:00:38 PM,19:00:00,Hot-Dry
15.81187032,-19.23839518,LA1,2008-11-27,07:20:38 PM,19:20:00,Hot-Dry
15.81198527,-19.23844808,LA1,2008-11-27,07:40:38 PM,19:40:00,Hot-Dry
15.81199137,-19.2384196,LA1,2008-11-27,08:00:38 PM,20:00:00,Hot-Dry
15.81198629,-19.23842773,LA1,2008-11-27,08:20:38 PM,20:20:00,Hot-Dry
15.81197306,-19.23841349,LA1,2008-11-27,08:40:38 PM,20:40:00,Hot-Dry
15.81197205,-19.23841146,LA1,2008-11-27,09:00:38 PM,21:00:00,Hot-Dry
15.81201579,-19.23842773,LA1,2008-11-27,09:20:38 PM,21:20:00,Hot-Dry
15.81193746,-19.23841553,LA1,2008-11-27,09:40:38 PM,21:40:00,Hot-Dry
15.81199341,-19.23843587,LA1,2008-11-27,10:00:38 PM,22:00:00,Hot-Dry
15.81198629,-19.23839722,LA1,2008-11-27,10:20:38 PM,22:20:00,Hot-Dry
15.81198425,-19.23839722,LA1,2008-11-27,10:40:38 PM,22:40:00,Hot-Dry
15.81205648,-19.23848674,LA1,2008-11-27,11:00:38 PM,23:00:00,Hot-Dry
15.81174011,-19.2389445,LA1,2008-11-27,11:20:38 PM,23:20:00,Hot-Dry
15.81174011,-19.23894246,LA1,2008-11-27,11:40:38 PM,23:40:00,Hot-Dry
15.81148376,-19.23895467,LA1,2008-11-28,12:00:38 AM,00:00:00,Hot-Dry
15.81167908,-19.23918254,LA1,2008-11-28,12:20:38 AM,00:20:00,Hot-Dry
15.8112498,-19.23927816,LA1,2008-11-28,12:40:38 AM,00:40:00,Hot-Dry
15.81078796,-19.23873901,LA1,2008-11-28,01:00:38 AM,01:00:00,Hot-Dry
15.81064962,-19.23869222,LA1,2008-11-28,01:20:38 AM,01:20:00,Hot-Dry
15.81064351,-19.23867391,LA1,2008-11-28,01:40:38 AM,01:40:00,Hot-Dry
15.81064962,-19.23865356,LA1,2008-11-28,02:00:38 AM,02:00:00,Hot-Dry
15.81065063,-19.23866781,LA1,2008-11-28,02:20:38 AM,02:20:00,Hot-Dry
15.81068115,-19.23863729,LA1,2008-11-28,02:40:38 AM,02:40:00,Hot-Dry
15.81066589,-19.23866984,LA1,2008-11-28,03:00:38 AM,03:00:00,Hot-Dry
15.810672,-19.23867391,LA1,2008-11-28,03:20:38 AM,03:20:00,Hot-Dry
15.81063944,-19.23864746,LA1,2008-11-28,03:40:38 AM,03:40:00,Hot-Dry
15.81063944,-19.23864746,LA1,2008-11-28,04:00:38 AM,04:00:00,Hot-Dry
15.8107137,-19.2384786,LA1,2008-11-28,04:20:38 AM,04:20:00,Hot-Dry
15.81117655,-19.23803507,LA1,2008-11-28,04:40:38 AM,04:40:00,Hot-Dry
15.81234538,-19.23800252,LA1,2008-11-28,05:00:38 AM,05:00:00,Hot-Dry
15.81233724,-19.23800049,LA1,2008-11-28,05:20:38 AM,05:20:00,Hot-Dry
15.81261088,-19.2380839,LA1,2008-11-28,05:40:38 AM,05:40:00,Hot-Dry
15.81305949,-19.23869629,LA1,2008-11-28,06:00:38 AM,06:00:00,Hot-Dry
15.81306254,-19.23887126,LA1,2008-11-28,06:20:38 AM,06:20:00,Hot-Dry
15.81418355,-19.23901978,LA1,2008-11-28,06:40:38 AM,06:40:00,Hot-Dry
15.81535339,-19.23923543,LA1,2008-11-28,07:00:38 AM,07:00:00,Hot-Dry
15.8154775,-19.23970337,LA1,2008-11-28,07:20:38 AM,07:20:00,Hot-Dry
15.81608582,-19.24028524,LA1,2008-11-28,07:40:38 AM,07:40:00,Hot-Dry
15.81674906,-19.24197388,LA1,2008-11-28,08:00:38 AM,08:00:00,Hot-Dry
15.81872864,-19.24310506,LA1,2008-11-28,08:20:38 AM,08:20:00,Hot-Dry
15.82154439,-19.24475098,LA1,2008-11-28,08:40:38 AM,08:40:00,Hot-Dry
15.82326864,-19.2488444,LA1,2008-11-28,09:00:38 AM,09:00:00,Hot-Dry
15.82766724,-19.25201619,LA1,2008-11-28,09:20:38 AM,09:20:00,Hot-Dry
15.83200175,-19.25852865,LA1,2008-11-28,09:40:38 AM,09:40:00,Hot-Dry
15.83710429,-19.26214803,LA1,2008-11-28,10:00:38 AM,10:00:00,Hot-Dry
15.84569092,-19.26763509,LA1,2008-11-28,10:20:38 AM,10:20:00,Hot-Dry
15.85048726,-19.26831462,LA1,2008-11-28,10:40:38 AM,10:40:00,Hot-Dry
15.86016947,-19.26705322,LA1,2008-11-28,11:00:38 AM,11:00:00,Hot-Dry
15.86571757,-19.27093709,LA1,2008-11-28,11:20:38 AM,11:20:00,Hot-Dry
15.86571757,-19.27093709,LA1,2008-11-28,11:40:38 AM,11:40:00,Hot-Dry
15.86563314,-19.27104899,LA1,2008-11-28,12:00:38 PM,12:00:00,Hot-Dry
15.86529032,-19.27114868,LA1,2008-11-28,12:20:38 PM,12:20:00,Hot-Dry
15.86529236,-19.27114461,LA1,2008-11-28,12:40:38 PM,12:40:00,Hot-Dry
15.86463216,-19.27122599,LA1,2008-11-28,01:00:38 PM,13:00:00,Hot-Dry
15.86383667,-19.27144979,LA1,2008-11-28,01:20:38 PM,13:20:00,Hot-Dry
15.86329041,-19.27147013,LA1,2008-11-28,01:40:38 PM,13:40:00,Hot-Dry
15.86263224,-19.27150065,LA1,2008-11-28,02:00:38 PM,14:00:00,Hot-Dry
15.86261902,-19.27149455,LA1,2008-11-28,02:20:38 PM,14:20:00,Hot-Dry
15.86345622,-19.2711263,LA1,2008-11-28,02:40:38 PM,14:40:00,Hot-Dry
15.86567586,-19.27101034,LA1,2008-11-28,03:00:38 PM,15:00:00,Hot-Dry
15.8648468,-19.27154134,LA1,2008-11-28,03:20:38 PM,15:20:00,Hot-Dry
15.86425374,-19.27160238,LA1,2008-11-28,03:40:38 PM,15:40:00,Hot-Dry
15.86141764,-19.27177327,LA1,2008-11-28,04:00:38 PM,16:00:00,Hot-Dry
15.85478719,-19.27282715,LA1,2008-11-28,04:20:38 PM,16:20:00,Hot-Dry
15.85479431,-19.27283529,LA1,2008-11-28,04:40:38 PM,16:40:00,Hot-Dry
15.85225932,-19.27297363,LA1,2008-11-28,05:00:38 PM,17:00:00,Hot-Dry
15.84918416,-19.27318929,LA1,2008-11-28,05:20:38 PM,17:20:00,Hot-Dry
15.84774679,-19.2733195,LA1,2008-11-28,05:40:38 PM,17:40:00,Hot-Dry
15.84719442,-19.27310994,LA1,2008-11-28,06:00:38 PM,18:00:00,Hot-Dry
15.84688517,-19.2730245,LA1,2008-11-28,06:20:38 PM,18:20:00,Hot-Dry
15.84650675,-19.27283122,LA1,2008-11-28,06:40:38 PM,18:40:00,Hot-Dry
15.84624634,-19.27256673,LA1,2008-11-28,07:00:38 PM,19:00:00,Hot-Dry
15.84544474,-19.27270711,LA1,2008-11-28,07:20:38 PM,19:20:00,Hot-Dry
15.84431864,-19.27378947,LA1,2008-11-28,07:40:38 PM,19:40:00,Hot-Dry
15.84133403,-19.27419434,LA1,2008-11-28,08:00:38 PM,20:00:00,Hot-Dry
15.83786011,-19.27379761,LA1,2008-11-28,08:20:38 PM,20:20:00,Hot-Dry
15.83653971,-19.2731486,LA1,2008-11-28,08:40:38 PM,20:40:00,Hot-Dry
15.83215129,-19.27246094,LA1,2008-11-28,09:00:38 PM,21:00:00,Hot-Dry
15.82857056,-19.27111206,LA1,2008-11-28,09:20:38 PM,21:20:00,Hot-Dry
15.82786357,-19.27081502,LA1,2008-11-28,09:40:38 PM,21:40:00,Hot-Dry
15.82720846,-19.27066854,LA1,2008-11-28,10:00:38 PM,22:00:00,Hot-Dry
15.82677307,-19.27067668,LA1,2008-11-28,10:20:38 PM,22:20:00,Hot-Dry
15.82467855,-19.2693929,LA1,2008-11-28,10:40:38 PM,22:40:00,Hot-Dry
15.82468465,-19.26938477,LA1,2008-11-28,11:00:38 PM,23:00:00,Hot-Dry
15.82468262,-19.26935832,LA1,2008-11-28,11:20:38 PM,23:20:00,Hot-Dry
15.82383728,-19.26922201,LA1,2008-11-28,11:40:38 PM,23:40:00,Hot-Dry
15.82383728,-19.26922404,LA1,2008-11-29,12:00:38 AM,00:00:00,Hot-Dry
15.81681824,-19.26420492,LA1,2008-11-29,12:20:00 AM,00:20:00,Hot-Dry
15.81631775,-19.2639974,LA1,2008-11-29,12:40:48 AM,00:40:00,Hot-Dry
15.81574504,-19.26346232,LA1,2008-11-29,01:00:48 AM,01:00:00,Hot-Dry
15.8137441,-19.26234334,LA1,2008-11-29,01:20:48 AM,01:20:00,Hot-Dry
15.81314697,-19.26252645,LA1,2008-11-29,01:40:48 AM,01:40:00,Hot-Dry
15.8131897,-19.26252645,LA1,2008-11-29,02:00:48 AM,02:00:00,Hot-Dry
15.81319173,-19.26253662,LA1,2008-11-29,02:20:49 AM,02:20:00,Hot-Dry
15.81318563,-19.26254272,LA1,2008-11-29,02:40:48 AM,02:40:00,Hot-Dry
15.81316935,-19.26258341,LA1,2008-11-29,03:00:48 AM,03:00:00,Hot-Dry
15.81321309,-19.26248779,LA1,2008-11-29,03:20:48 AM,03:20:00,Hot-Dry
15.81325175,-19.2624939,LA1,2008-11-29,03:40:48 AM,03:40:00,Hot-Dry
15.81321716,-19.26247762,LA1,2008-11-29,04:00:48 AM,04:00:00,Hot-Dry
15.81292013,-19.262382,LA1,2008-11-29,04:20:38 AM,04:20:00,Hot-Dry
15.81291504,-19.26238403,LA1,2008-11-29,04:40:38 AM,04:40:00,Hot-Dry
15.81180013,-19.26279704,LA1,2008-11-29,05:00:38 AM,05:00:00,Hot-Dry
15.81179911,-19.26279093,LA1,2008-11-29,05:20:38 AM,05:20:00,Hot-Dry
15.81138102,-19.26326701,LA1,2008-11-29,05:40:38 AM,05:40:00,Hot-Dry
15.81115519,-19.26334432,LA1,2008-11-29,06:00:38 AM,06:00:00,Hot-Dry
15.80820923,-19.26441447,LA1,2008-11-29,06:20:38 AM,06:20:00,Hot-Dry
15.80798543,-19.26480306,LA1,2008-11-29,06:40:38 AM,06:40:00,Hot-Dry
15.80720927,-19.2652771,LA1,2008-11-29,07:00:38 AM,07:00:00,Hot-Dry
15.8069692,-19.26548055,LA1,2008-11-29,07:20:38 AM,07:20:00,Hot-Dry
15.80582479,-19.26507975,LA1,2008-11-29,07:40:38 AM,07:40:00,Hot-Dry
15.80551147,-19.26507365,LA1,2008-11-29,08:00:38 AM,08:00:00,Hot-Dry
15.8054128,-19.26481527,LA1,2008-11-29,08:20:38 AM,08:20:00,Hot-Dry
15.80546875,-19.26482951,LA1,2008-11-29,08:40:38 AM,08:40:00,Hot-Dry
15.80543416,-19.26482544,LA1,2008-11-29,09:00:38 AM,09:00:00,Hot-Dry
15.80535278,-19.26418864,LA1,2008-11-29,09:20:38 AM,09:20:00,Hot-Dry
15.80509644,-19.26272176,LA1,2008-11-29,09:40:38 AM,09:40:00,Hot-Dry
15.80542704,-19.26184489,LA1,2008-11-29,10:00:38 AM,10:00:00,Hot-Dry
15.80543925,-19.26185303,LA1,2008-11-29,10:20:38 AM,10:20:00,Hot-Dry
15.80401001,-19.26165771,LA1,2008-11-29,10:40:38 AM,10:40:00,Hot-Dry
15.80401204,-19.26165568,LA1,2008-11-29,11:00:38 AM,11:00:00,Hot-Dry
15.79877319,-19.2624471,LA1,2008-11-29,11:20:38 AM,11:20:00,Hot-Dry
15.79877218,-19.2624471,LA1,2008-11-29,11:40:38 AM,11:40:00,Hot-Dry
15.79809367,-19.26332804,LA1,2008-11-29,12:00:38 PM,12:00:00,Hot-Dry
15.79807536,-19.2633606,LA1,2008-11-29,12:20:38 PM,12:20:00,Hot-Dry
15.79810588,-19.2633077,LA1,2008-11-29,12:40:38 PM,12:40:00,Hot-Dry
15.79805603,-19.26329549,LA1,2008-11-29,01:00:38 PM,13:00:00,Hot-Dry
15.79811605,-19.26332397,LA1,2008-11-29,01:20:38 PM,13:20:00,Hot-Dry
15.79813741,-19.26333415,LA1,2008-11-29,01:40:38 PM,13:40:00,Hot-Dry
15.79813334,-19.2633728,LA1,2008-11-29,02:00:38 PM,14:00:00,Hot-Dry
15.79812317,-19.26337687,LA1,2008-11-29,02:20:38 PM,14:20:00,Hot-Dry
15.79815877,-19.2633667,LA1,2008-11-29,02:40:38 PM,14:40:00,Hot-Dry
15.7979187,-19.26364543,LA1,2008-11-29,03:00:38 PM,15:00:00,Hot-Dry
15.79658915,-19.26418254,LA1,2008-11-29,03:20:38 PM,15:20:00,Hot-Dry
15.79563599,-19.26479899,LA1,2008-11-29,03:40:38 PM,15:40:00,Hot-Dry
15.79565023,-19.26524251,LA1,2008-11-29,04:00:38 PM,16:00:00,Hot-Dry
15.79599813,-19.26344401,LA1,2008-11-29,04:20:38 PM,16:20:00,Hot-Dry
15.79599711,-19.26345215,LA1,2008-11-29,04:40:38 PM,16:40:00,Hot-Dry
15.79493306,-19.26306966,LA1,2008-11-29,05:00:38 PM,17:00:00,Hot-Dry
15.79438883,-19.26283976,LA1,2008-11-29,05:20:38 PM,17:20:00,Hot-Dry
15.7945048,-19.26397298,LA1,2008-11-29,05:40:38 PM,17:40:00,Hot-Dry
15.79479879,-19.26488241,LA1,2008-11-29,06:00:38 PM,18:00:00,Hot-Dry
15.79495138,-19.26586507,LA1,2008-11-29,06:20:38 PM,18:20:00,Hot-Dry
15.79449972,-19.26639201,LA1,2008-11-29,06:40:38 PM,18:40:00,Hot-Dry
15.79358927,-19.26761475,LA1,2008-11-29,07:00:38 PM,19:00:00,Hot-Dry
15.7950531,-19.26906942,LA1,2008-11-29,07:20:38 PM,19:20:00,Hot-Dry
15.7973409,-19.26924438,LA1,2008-11-29,07:40:38 PM,19:40:00,Hot-Dry
15.79797974,-19.26946818,LA1,2008-11-29,08:00:38 PM,20:00:00,Hot-Dry
15.79862366,-19.27050374,LA1,2008-11-29,08:20:38 PM,20:20:00,Hot-Dry
15.79884135,-19.27059937,LA1,2008-11-29,08:40:38 PM,20:40:00,Hot-Dry
15.7993337,-19.27130534,LA1,2008-11-29,09:00:38 PM,21:00:00,Hot-Dry
15.79962769,-19.2736084,LA1,2008-11-29,09:20:38 PM,21:20:00,Hot-Dry
15.79914449,-19.27353109,LA1,2008-11-29,09:40:38 PM,21:40:00,Hot-Dry
15.79900309,-19.27350871,LA1,2008-11-29,10:00:38 PM,22:00:00,Hot-Dry
15.79982707,-19.27231852,LA1,2008-11-29,10:20:38 PM,22:20:00,Hot-Dry
15.8005778,-19.27053426,LA1,2008-11-29,10:40:38 PM,22:40:00,Hot-Dry
15.80080668,-19.27001546,LA1,2008-11-29,11:00:38 PM,23:00:00,Hot-Dry
15.80099691,-19.26957601,LA1,2008-11-29,11:20:38 PM,23:20:00,Hot-Dry
15.80099996,-19.26957397,LA1,2008-11-29,11:40:38 PM,23:40:00,Hot-Dry
15.80103455,-19.26896159,LA1,2008-11-30,12:00:38 AM,00:00:00,Hot-Dry
15.8010376,-19.26986694,LA1,2008-11-30,12:20:38 AM,00:20:00,Hot-Dry
15.80158488,-19.27025146,LA1,2008-11-30,12:40:38 AM,00:40:00,Hot-Dry
15.80166626,-19.27047323,LA1,2008-11-30,01:00:38 AM,01:00:00,Hot-Dry
15.80172119,-19.27043864,LA1,2008-11-30,01:20:38 AM,01:20:00,Hot-Dry
15.80164083,-19.27032471,LA1,2008-11-30,01:40:44 AM,01:40:00,Hot-Dry
15.80168152,-19.2703776,LA1,2008-11-30,02:00:38 AM,02:00:00,Hot-Dry
15.80169474,-19.27040202,LA1,2008-11-30,02:20:38 AM,02:20:00,Hot-Dry
15.80169169,-19.27040202,LA1,2008-11-30,02:40:38 AM,02:40:00,Hot-Dry
15.8020518,-19.27026571,LA1,2008-11-30,03:00:38 AM,03:00:00,Hot-Dry
15.80238851,-19.27003784,LA1,2008-11-30,03:20:38 AM,03:20:00,Hot-Dry
15.80267741,-19.26987712,LA1,2008-11-30,03:40:38 AM,03:40:00,Hot-Dry
15.80275675,-19.26971232,LA1,2008-11-30,04:00:38 AM,04:00:00,Hot-Dry
15.80303853,-19.26962891,LA1,2008-11-30,04:20:38 AM,04:20:00,Hot-Dry
15.8042867,-19.2691508,LA1,2008-11-30,04:40:38 AM,04:40:00,Hot-Dry
15.80493673,-19.26890259,LA1,2008-11-30,05:00:38 AM,05:00:00,Hot-Dry
15.80608927,-19.26911825,LA1,2008-11-30,05:20:38 AM,05:20:00,Hot-Dry
15.80780436,-19.27104492,LA1,2008-11-30,05:40:38 AM,05:40:00,Hot-Dry
15.80267944,-19.2707194,LA1,2008-11-30,06:00:38 AM,06:00:00,Hot-Dry
15.7995046,-19.26340129,LA1,2008-11-30,06:20:38 AM,06:20:00,Hot-Dry
15.79213155,-19.25378825,LA1,2008-11-30,06:40:38 AM,06:40:00,Hot-Dry
15.78819682,-19.24324748,LA1,2008-11-30,07:00:38 AM,07:00:00,Hot-Dry
15.78598531,-19.23478394,LA1,2008-11-30,07:20:38 AM,07:20:00,Hot-Dry
15.78751729,-19.22497152,LA1,2008-11-30,07:40:38 AM,07:40:00,Hot-Dry
15.78306173,-19.21655884,LA1,2008-11-30,08:00:38 AM,08:00:00,Hot-Dry
15.78639425,-19.20864868,LA1,2008-11-30,08:20:38 AM,08:20:00,Hot-Dry
15.78822428,-19.20815837,LA1,2008-11-30,08:40:38 AM,08:40:00,Hot-Dry
15.78755493,-19.20762939,LA1,2008-11-30,09:00:38 AM,09:00:00,Hot-Dry
15.78608602,-19.2064209,LA1,2008-11-30,09:20:38 AM,09:20:00,Hot-Dry
15.78474935,-19.20599162,LA1,2008-11-30,09:40:38 AM,09:40:00,Hot-Dry
15.78363953,-19.20330404,LA1,2008-11-30,10:00:38 AM,10:00:00,Hot-Dry
15.78311157,-19.20201213,LA1,2008-11-30,10:20:38 AM,10:20:00,Hot-Dry
15.7780304,-19.1964152,LA1,2008-11-30,10:40:38 AM,10:40:00,Hot-Dry
15.7780365,-19.19641927,LA1,2008-11-30,11:00:38 AM,11:00:00,Hot-Dry
15.77467753,-19.19584757,LA1,2008-11-30,11:20:38 AM,11:20:00,Hot-Dry
15.77468058,-19.19584757,LA1,2008-11-30,11:40:38 AM,11:40:00,Hot-Dry
15.77672119,-19.19708049,LA1,2008-11-30,12:00:38 PM,12:00:00,Hot-Dry
15.7766276,-19.19818726,LA1,2008-11-30,12:20:38 PM,12:20:00,Hot-Dry
15.77620443,-19.19857992,LA1,2008-11-30,12:40:38 PM,12:40:00,Hot-Dry
15.77832642,-19.19972534,LA1,2008-11-30,01:00:38 PM,13:00:00,Hot-Dry
15.77940267,-19.19976807,LA1,2008-11-30,01:20:38 PM,13:20:00,Hot-Dry
15.78202209,-19.20141398,LA1,2008-11-30,01:40:38 PM,13:40:00,Hot-Dry
15.78258769,-19.2024821,LA1,2008-11-30,02:00:38 PM,14:00:00,Hot-Dry
15.77989604,-19.20178833,LA1,2008-11-30,02:20:38 PM,14:20:00,Hot-Dry
15.77966105,-19.20213013,LA1,2008-11-30,02:40:38 PM,14:40:00,Hot-Dry
15.78272298,-19.2019104,LA1,2008-11-30,03:00:38 PM,15:00:00,Hot-Dry
15.78329569,-19.20218099,LA1,2008-11-30,03:20:38 PM,15:20:00,Hot-Dry
15.78316243,-19.20317383,LA1,2008-11-30,03:40:38 PM,15:40:00,Hot-Dry
15.78345744,-19.20466715,LA1,2008-11-30,04:00:38 PM,16:00:00,Hot-Dry
15.7854126,-19.20677083,LA1,2008-11-30,04:20:38 PM,16:20:00,Hot-Dry
15.78648071,-19.20742188,LA1,2008-11-30,04:40:38 PM,16:40:00,Hot-Dry
15.78827718,-19.21022339,LA1,2008-11-30,05:00:38 PM,17:00:00,Hot-Dry
15.78809713,-19.2114563,LA1,2008-11-30,05:20:38 PM,17:20:00,Hot-Dry
15.78895365,-19.21199137,LA1,2008-11-30,05:40:38 PM,17:40:00,Hot-Dry
15.78964945,-19.21240234,LA1,2008-11-30,06:00:38 PM,18:00:00,Hot-Dry
15.78982137,-19.21288656,LA1,2008-11-30,06:20:38 PM,18:20:00,Hot-Dry
15.78950297,-19.2133606,LA1,2008-11-30,06:40:38 PM,18:40:00,Hot-Dry
15.78953349,-19.21365763,LA1,2008-11-30,07:00:38 PM,19:00:00,Hot-Dry
15.78919474,-19.21546224,LA1,2008-11-30,07:20:38 PM,19:20:00,Hot-Dry
15.78948975,-19.2174764,LA1,2008-11-30,07:40:38 PM,19:40:00,Hot-Dry
15.79001058,-19.21790771,LA1,2008-11-30,08:00:38 PM,20:00:00,Hot-Dry
15.7895874,-19.21816203,LA1,2008-11-30,08:20:38 PM,20:20:00,Hot-Dry
15.78949992,-19.21814372,LA1,2008-11-30,08:40:38 PM,20:40:00,Hot-Dry
15.78904215,-19.21860555,LA1,2008-11-30,09:00:38 PM,21:00:00,Hot-Dry
15.78868612,-19.21864827,LA1,2008-11-30,09:20:38 PM,21:20:00,Hot-Dry
15.78850098,-19.21868896,LA1,2008-11-30,09:40:38 PM,21:40:00,Hot-Dry
15.78830566,-19.21861369,LA1,2008-11-30,10:00:38 PM,22:00:00,Hot-Dry
15.78830973,-19.2186259,LA1,2008-11-30,10:20:38 PM,22:20:00,Hot-Dry
15.78830872,-19.21843465,LA1,2008-11-30,10:40:38 PM,22:40:00,Hot-Dry
15.78724365,-19.21818848,LA1,2008-11-30,11:00:38 PM,23:00:00,Hot-Dry
15.78723653,-19.21818441,LA1,2008-11-30,11:20:38 PM,23:20:00,Hot-Dry
15.78681132,-19.21830444,LA1,2008-11-30,11:40:38 PM,23:40:00,Hot-Dry
15.78676453,-19.21831055,LA1,2008-12-01,12:00:00 AM,00:00:00,Hot-Dry
15.78675334,-19.21828613,LA1,2008-12-01,12:20:00 AM,00:20:00,Hot-Dry
15.78677266,-19.21827799,LA1,2008-12-01,12:40:00 AM,00:40:00,Hot-Dry
15.78672994,-19.2182841,LA1,2008-12-01,01:00:00 AM,01:00:00,Hot-Dry
15.78673096,-19.2182902,LA1,2008-12-01,01:20:00 AM,01:20:00,Hot-Dry
15.78681539,-19.21833293,LA1,2008-12-01,01:40:00 AM,01:40:00,Hot-Dry
15.78683777,-19.21833903,LA1,2008-12-01,02:00:00 AM,02:00:00,Hot-Dry
15.78695577,-19.21750285,LA1,2008-12-01,02:20:00 AM,02:20:00,Hot-Dry
15.78697306,-19.2174703,LA1,2008-12-01,02:40:00 AM,02:40:00,Hot-Dry
15.78701477,-19.21753947,LA1,2008-12-01,03:00:00 AM,03:00:00,Hot-Dry
15.78701477,-19.21754354,LA1,2008-12-01,03:20:00 AM,03:20:00,Hot-Dry
15.78701681,-19.21754354,LA1,2008-12-01,03:40:00 AM,03:40:00,Hot-Dry
15.78703817,-19.21752116,LA1,2008-12-01,04:00:00 AM,04:00:00,Hot-Dry
15.78671672,-19.21784668,LA1,2008-12-01,04:20:00 AM,04:20:00,Hot-Dry
15.78624573,-19.21790161,LA1,2008-12-01,04:40:00 AM,04:40:00,Hot-Dry
15.78601786,-19.21813558,LA1,2008-12-01,05:00:00 AM,05:00:00,Hot-Dry
15.78576864,-19.21884155,LA1,2008-12-01,05:20:00 AM,05:20:00,Hot-Dry
15.78570048,-19.2193278,LA1,2008-12-01,05:40:00 AM,05:40:00,Hot-Dry
15.7853068,-19.21941935,LA1,2008-12-01,06:00:00 AM,06:00:00,Hot-Dry
15.78524068,-19.21766968,LA1,2008-12-01,06:20:00 AM,06:20:00,Hot-Dry
15.78526001,-19.21769409,LA1,2008-12-01,06:40:00 AM,06:40:00,Hot-Dry
15.78545125,-19.21474202,LA1,2008-12-01,07:00:00 AM,07:00:00,Hot-Dry
15.78562622,-19.20947469,LA1,2008-12-01,07:20:00 AM,07:20:00,Hot-Dry
15.78767395,-19.20685425,LA1,2008-12-01,07:40:00 AM,07:40:00,Hot-Dry
15.78554484,-19.20657145,LA1,2008-12-01,08:00:00 AM,08:00:00,Hot-Dry
15.78468526,-19.20668538,LA1,2008-12-01,08:20:00 AM,08:20:00,Hot-Dry
15.78419088,-19.20667114,LA1,2008-12-01,08:40:00 AM,08:40:00,Hot-Dry
15.78265279,-19.2044515,LA1,2008-12-01,09:00:00 AM,09:00:00,Hot-Dry
15.78324483,-19.20201213,LA1,2008-12-01,09:20:00 AM,09:20:00,Hot-Dry
15.78311056,-19.2019104,LA1,2008-12-01,09:40:00 AM,09:40:00,Hot-Dry
15.78323975,-19.20199788,LA1,2008-12-01,10:00:00 AM,10:00:00,Hot-Dry
15.78182271,-19.20286458,LA1,2008-12-01,10:20:00 AM,10:20:00,Hot-Dry
15.78101705,-19.2035848,LA1,2008-12-01,10:40:00 AM,10:40:00,Hot-Dry
15.78066508,-19.20381673,LA1,2008-12-01,11:00:00 AM,11:00:00,Hot-Dry
15.78045146,-19.20374959,LA1,2008-12-01,11:20:00 AM,11:20:00,Hot-Dry
15.78024394,-19.20413818,LA1,2008-12-01,11:40:00 AM,11:40:00,Hot-Dry
15.77987569,-19.20322673,LA1,2008-12-01,12:00:00 PM,12:00:00,Hot-Dry
15.77986857,-19.20321452,LA1,2008-12-01,12:20:00 PM,12:20:00,Hot-Dry
15.78270671,-19.20189616,LA1,2008-12-01,12:40:00 PM,12:40:00,Hot-Dry
15.78201803,-19.20104777,LA1,2008-12-01,01:00:00 PM,13:00:00,Hot-Dry
15.78203023,-19.20104777,LA1,2008-12-01,01:20:00 PM,13:20:00,Hot-Dry
15.78120626,-19.19911092,LA1,2008-12-01,01:40:00 PM,13:40:00,Hot-Dry
15.77888082,-19.1970988,LA1,2008-12-01,02:00:00 PM,14:00:00,Hot-Dry
15.77627665,-19.19697266,LA1,2008-12-01,02:20:00 PM,14:20:00,Hot-Dry
15.77553914,-19.19841309,LA1,2008-12-01,02:40:00 PM,14:40:00,Hot-Dry
15.77445272,-19.20108846,LA1,2008-12-01,03:00:00 PM,15:00:00,Hot-Dry
15.77430216,-19.20165202,LA1,2008-12-01,03:20:00 PM,15:20:00,Hot-Dry
15.77372742,-19.2024353,LA1,2008-12-01,03:40:00 PM,15:40:00,Hot-Dry
15.77348735,-19.20416056,LA1,2008-12-01,04:00:00 PM,16:00:00,Hot-Dry
15.77269897,-19.20549927,LA1,2008-12-01,04:20:00 PM,16:20:00,Hot-Dry
15.77254435,-19.20591227,LA1,2008-12-01,04:40:00 PM,16:40:00,Hot-Dry
15.77181396,-19.206191,LA1,2008-12-01,05:00:00 PM,17:00:00,Hot-Dry
15.77173462,-19.20701701,LA1,2008-12-01,05:20:00 PM,17:20:00,Hot-Dry
15.77138468,-19.20730794,LA1,2008-12-01,05:40:00 PM,17:40:00,Hot-Dry
15.77133789,-19.20803223,LA1,2008-12-01,06:00:00 PM,18:00:00,Hot-Dry
15.7712972,-19.20842896,LA1,2008-12-01,06:20:00 PM,18:20:00,Hot-Dry
15.77115682,-19.20845133,LA1,2008-12-01,06:40:00 PM,18:40:00,Hot-Dry
15.77063497,-19.20904744,LA1,2008-12-01,07:00:00 PM,19:00:00,Hot-Dry
15.77010396,-19.209552,LA1,2008-12-01,07:20:00 PM,19:20:00,Hot-Dry
15.76954041,-19.21104329,LA1,2008-12-01,07:40:00 PM,19:40:00,Hot-Dry
15.76954041,-19.21103923,LA1,2008-12-01,08:00:00 PM,20:00:00,Hot-Dry
15.7700826,-19.21197713,LA1,2008-12-01,08:20:00 PM,20:20:00,Hot-Dry
15.77061056,-19.21199748,LA1,2008-12-01,08:40:00 PM,20:40:00,Hot-Dry
15.77107747,-19.21213989,LA1,2008-12-01,09:00:00 PM,21:00:00,Hot-Dry
15.7709554,-19.21304118,LA1,2008-12-01,09:20:00 PM,21:20:00,Hot-Dry
15.77095744,-19.21303304,LA1,2008-12-01,09:40:00 PM,21:40:00,Hot-Dry
15.77119446,-19.2135966,LA1,2008-12-01,10:00:00 PM,22:00:00,Hot-Dry
15.77146403,-19.21366984,LA1,2008-12-01,10:20:00 PM,22:20:00,Hot-Dry
15.77148946,-19.21374715,LA1,2008-12-01,10:40:00 PM,22:40:00,Hot-Dry
15.77150879,-19.21477865,LA1,2008-12-01,11:00:00 PM,23:00:00,Hot-Dry
15.77144572,-19.21485799,LA1,2008-12-01,11:20:00 PM,23:20:00,Hot-Dry
15.7714325,-19.2148702,LA1,2008-12-01,11:40:00 PM,23:40:00,Hot-Dry
15.77145589,-19.21480306,LA1,2008-12-02,12:00:00 AM,00:00:00,Hot-Dry
15.7714325,-19.21474609,LA1,2008-12-02,12:20:00 AM,00:20:00,Hot-Dry
15.77153931,-19.2148112,LA1,2008-12-02,12:40:00 AM,00:40:00,Hot-Dry
15.77153829,-19.21481934,LA1,2008-12-02,01:00:00 AM,01:00:00,Hot-Dry
15.77224528,-19.21479899,LA1,2008-12-02,01:20:00 AM,01:20:00,Hot-Dry
15.7725708,-19.2149231,LA1,2008-12-02,01:40:00 AM,01:40:00,Hot-Dry
15.77324829,-19.21444499,LA1,2008-12-02,02:00:00 AM,02:00:00,Hot-Dry
15.77454631,-19.21437988,LA1,2008-12-02,02:20:00 AM,02:20:00,Hot-Dry
15.77472331,-19.21387126,LA1,2008-12-02,02:40:00 AM,02:40:00,Hot-Dry
15.77473348,-19.21386922,LA1,2008-12-02,03:00:00 AM,03:00:00,Hot-Dry
15.77469686,-19.21384481,LA1,2008-12-02,03:20:00 AM,03:20:00,Hot-Dry
15.774705,-19.21384481,LA1,2008-12-02,03:40:00 AM,03:40:00,Hot-Dry
15.77505493,-19.21396891,LA1,2008-12-02,04:00:00 AM,04:00:00,Hot-Dry
15.77614746,-19.21467692,LA1,2008-12-02,04:20:00 AM,04:20:00,Hot-Dry
15.77562764,-19.21496785,LA1,2008-12-02,04:40:00 AM,04:40:00,Hot-Dry
15.77551575,-19.21451009,LA1,2008-12-02,05:00:00 AM,05:00:00,Hot-Dry
15.77552694,-19.21451213,LA1,2008-12-02,05:20:00 AM,05:20:00,Hot-Dry
15.77588501,-19.21219889,LA1,2008-12-02,05:40:00 AM,05:40:00,Hot-Dry
15.77588399,-19.21220296,LA1,2008-12-02,06:00:00 AM,06:00:00,Hot-Dry
15.77578634,-19.2108256,LA1,2008-12-02,06:20:00 AM,06:20:00,Hot-Dry
15.77493693,-19.20857747,LA1,2008-12-02,06:40:00 AM,06:40:00,Hot-Dry
15.77264913,-19.20624186,LA1,2008-12-02,07:00:00 AM,07:00:00,Hot-Dry
15.77101542,-19.20317383,LA1,2008-12-02,07:20:00 AM,07:20:00,Hot-Dry
15.76975911,-19.20186971,LA1,2008-12-02,07:40:00 AM,07:40:00,Hot-Dry
15.76883138,-19.20110067,LA1,2008-12-02,08:00:00 AM,08:00:00,Hot-Dry
15.76412964,-19.20101725,LA1,2008-12-02,08:20:00 AM,08:20:00,Hot-Dry
15.76403707,-19.20077515,LA1,2008-12-02,08:40:00 AM,08:40:00,Hot-Dry
15.76402893,-19.20077718,LA1,2008-12-02,09:00:00 AM,09:00:00,Hot-Dry
15.76491597,-19.19988403,LA1,2008-12-02,09:20:00 AM,09:20:00,Hot-Dry
15.76634827,-19.19981283,LA1,2008-12-02,09:40:00 AM,09:40:00,Hot-Dry
15.77192485,-19.19842529,LA1,2008-12-02,10:00:00 AM,10:00:00,Hot-Dry
15.77669779,-19.19666748,LA1,2008-12-02,10:20:00 AM,10:20:00,Hot-Dry
15.77669271,-19.19668172,LA1,2008-12-02,10:40:00 AM,10:40:00,Hot-Dry
15.77668152,-19.19751587,LA1,2008-12-02,11:00:00 AM,11:00:00,Hot-Dry
15.77550964,-19.19836426,LA1,2008-12-02,11:20:00 AM,11:20:00,Hot-Dry
15.77458801,-19.19939372,LA1,2008-12-02,11:40:00 AM,11:40:00,Hot-Dry
15.77379252,-19.20040283,LA1,2008-12-02,12:00:00 PM,12:00:00,Hot-Dry
15.77363383,-19.20044149,LA1,2008-12-02,12:20:00 PM,12:20:00,Hot-Dry
15.7734375,-19.20106608,LA1,2008-12-02,12:40:00 PM,12:40:00,Hot-Dry
15.77323608,-19.20229085,LA1,2008-12-02,01:00:00 PM,13:00:00,Hot-Dry
15.77179871,-19.20344849,LA1,2008-12-02,01:20:00 PM,13:20:00,Hot-Dry
15.77174683,-19.20398966,LA1,2008-12-02,01:40:00 PM,13:40:00,Hot-Dry
15.77175496,-19.20398966,LA1,2008-12-02,02:00:00 PM,14:00:00,Hot-Dry
15.77298686,-19.20413615,LA1,2008-12-02,02:20:00 PM,14:20:00,Hot-Dry
15.77124023,-19.20583496,LA1,2008-12-02,02:40:00 PM,14:40:00,Hot-Dry
15.77021077,-19.20574341,LA1,2008-12-02,03:00:00 PM,15:00:00,Hot-Dry
15.76891683,-19.20728963,LA1,2008-12-02,03:20:00 PM,15:20:00,Hot-Dry
15.76794434,-19.2083903,LA1,2008-12-02,03:40:00 PM,15:40:00,Hot-Dry
15.76764119,-19.20897217,LA1,2008-12-02,04:00:00 PM,16:00:00,Hot-Dry
15.76658732,-19.21040243,LA1,2008-12-02,04:20:00 PM,16:20:00,Hot-Dry
15.76666667,-19.21039632,LA1,2008-12-02,04:40:00 PM,16:40:00,Hot-Dry
15.76501261,-19.21398926,LA1,2008-12-02,05:00:00 PM,17:00:00,Hot-Dry
15.76171265,-19.21317139,LA1,2008-12-02,05:20:00 PM,17:20:00,Hot-Dry
15.76018372,-19.21280721,LA1,2008-12-02,05:40:00 PM,17:40:00,Hot-Dry
15.75826314,-19.21283976,LA1,2008-12-02,06:00:00 PM,18:00:00,Hot-Dry
15.75812174,-19.21295166,LA1,2008-12-02,06:20:00 PM,18:20:00,Hot-Dry
15.75810954,-19.21295369,LA1,2008-12-02,06:40:00 PM,18:40:00,Hot-Dry
15.75829264,-19.21300659,LA1,2008-12-02,07:00:00 PM,19:00:00,Hot-Dry
15.75799866,-19.21103923,LA1,2008-12-02,07:20:00 PM,19:20:00,Hot-Dry
15.75767008,-19.2104716,LA1,2008-12-02,07:40:00 PM,19:40:00,Hot-Dry
15.75764364,-19.21044515,LA1,2008-12-02,08:00:00 PM,20:00:00,Hot-Dry
15.75661316,-19.20990194,LA1,2008-12-02,08:20:00 PM,20:20:00,Hot-Dry
15.7561381,-19.20985514,LA1,2008-12-02,08:40:00 PM,20:40:00,Hot-Dry
15.75535075,-19.20964762,LA1,2008-12-02,09:00:00 PM,21:00:00,Hot-Dry
15.7550059,-19.2097168,LA1,2008-12-02,09:20:00 PM,21:20:00,Hot-Dry
15.75401713,-19.20956014,LA1,2008-12-02,09:40:00 PM,21:40:00,Hot-Dry
15.75280558,-19.20971476,LA1,2008-12-02,10:00:00 PM,22:00:00,Hot-Dry
15.75281372,-19.20969849,LA1,2008-12-02,10:20:00 PM,22:20:00,Hot-Dry
15.75282796,-19.20973714,LA1,2008-12-02,10:40:00 PM,22:40:00,Hot-Dry
15.75282694,-19.20974731,LA1,2008-12-02,11:00:00 PM,23:00:00,Hot-Dry
15.75283508,-19.20973104,LA1,2008-12-02,11:20:00 PM,23:20:00,Hot-Dry
15.75285441,-19.20972087,LA1,2008-12-02,11:40:00 PM,23:40:00,Hot-Dry
15.75286662,-19.20972493,LA1,2008-12-03,12:00:00 AM,00:00:00,Hot-Dry
15.75335388,-19.21003825,LA1,2008-12-03,12:20:00 AM,00:20:00,Hot-Dry
15.7540568,-19.21018473,LA1,2008-12-03,12:40:00 AM,00:40:00,Hot-Dry
15.75456543,-19.21003418,LA1,2008-12-03,01:00:00 AM,01:00:00,Hot-Dry
15.75548401,-19.2097819,LA1,2008-12-03,01:20:00 AM,01:20:00,Hot-Dry
15.75572917,-19.21003621,LA1,2008-12-03,01:40:00 AM,01:40:00,Hot-Dry
15.7565155,-19.20961711,LA1,2008-12-03,02:00:00 AM,02:00:00,Hot-Dry
15.75745239,-19.20880941,LA1,2008-12-03,02:20:00 AM,02:20:00,Hot-Dry
15.75816956,-19.20810954,LA1,2008-12-03,02:40:00 AM,02:40:00,Hot-Dry
15.75808512,-19.20805868,LA1,2008-12-03,03:00:00 AM,03:00:00,Hot-Dry
15.75807292,-19.2080485,LA1,2008-12-03,03:20:00 AM,03:20:00,Hot-Dry
15.75808919,-19.2080485,LA1,2008-12-03,03:40:00 AM,03:40:00,Hot-Dry
15.75812276,-19.2080424,LA1,2008-12-03,04:00:00 AM,04:00:00,Hot-Dry
15.75897624,-19.20803426,LA1,2008-12-03,04:20:00 AM,04:20:00,Hot-Dry
15.75987345,-19.20820516,LA1,2008-12-03,04:40:00 AM,04:40:00,Hot-Dry
15.75987447,-19.20820516,LA1,2008-12-03,05:00:00 AM,05:00:00,Hot-Dry
15.76090291,-19.20807699,LA1,2008-12-03,05:20:00 AM,05:20:00,Hot-Dry
15.76202698,-19.20804647,LA1,2008-12-03,05:40:00 AM,05:40:00,Hot-Dry
15.7643575,-19.2068339,LA1,2008-12-03,06:00:00 AM,06:00:00,Hot-Dry
15.76638896,-19.20425415,LA1,2008-12-03,06:20:00 AM,06:20:00,Hot-Dry
15.76960653,-19.20091146,LA1,2008-12-03,06:40:00 AM,06:40:00,Hot-Dry
15.77341614,-19.19960734,LA1,2008-12-03,07:00:00 AM,07:00:00,Hot-Dry
15.77674255,-19.19661662,LA1,2008-12-03,07:20:00 AM,07:20:00,Hot-Dry
15.77804667,-19.19806315,LA1,2008-12-03,07:40:00 AM,07:40:00,Hot-Dry
15.7789622,-19.19989624,LA1,2008-12-03,08:00:00 AM,08:00:00,Hot-Dry
15.77915344,-19.19995524,LA1,2008-12-03,08:20:00 AM,08:20:00,Hot-Dry
15.78084412,-19.20106201,LA1,2008-12-03,08:40:00 AM,08:40:00,Hot-Dry
15.78273315,-19.20187378,LA1,2008-12-03,09:00:00 AM,09:00:00,Hot-Dry
15.78295797,-19.20278524,LA1,2008-12-03,09:20:00 AM,09:20:00,Hot-Dry
15.78207397,-19.20345052,LA1,2008-12-03,09:40:00 AM,09:40:00,Hot-Dry
15.78117065,-19.20371297,LA1,2008-12-03,10:00:00 AM,10:00:00,Hot-Dry
15.78074544,-19.20431722,LA1,2008-12-03,10:20:00 AM,10:20:00,Hot-Dry
15.78122965,-19.20464884,LA1,2008-12-03,10:40:00 AM,10:40:00,Hot-Dry
15.78452759,-19.20698039,LA1,2008-12-03,11:00:00 AM,11:00:00,Hot-Dry
15.78765259,-19.2077006,LA1,2008-12-03,11:20:00 AM,11:20:00,Hot-Dry
15.78566488,-19.20847778,LA1,2008-12-03,11:40:00 AM,11:40:00,Hot-Dry
15.78505249,-19.20804647,LA1,2008-12-03,12:00:00 PM,12:00:00,Hot-Dry
15.78387756,-19.2080363,LA1,2008-12-03,12:20:00 PM,12:20:00,Hot-Dry
15.78386536,-19.2080363,LA1,2008-12-03,12:40:00 PM,12:40:00,Hot-Dry
15.78388367,-19.2080424,LA1,2008-12-03,01:00:00 PM,13:00:00,Hot-Dry
15.78389282,-19.2080363,LA1,2008-12-03,01:20:00 PM,13:20:00,Hot-Dry
15.7841217,-19.20800781,LA1,2008-12-03,01:40:00 PM,13:40:00,Hot-Dry
15.78455912,-19.20869141,LA1,2008-12-03,02:00:00 PM,14:00:00,Hot-Dry
15.78760173,-19.20781047,LA1,2008-12-03,02:20:00 PM,14:20:00,Hot-Dry
15.78439331,-19.21005656,LA1,2008-12-03,02:40:00 PM,14:40:00,Hot-Dry
15.78189596,-19.21101888,LA1,2008-12-03,03:00:00 PM,15:00:00,Hot-Dry
15.78167419,-19.21034546,LA1,2008-12-03,03:20:00 PM,15:20:00,Hot-Dry
15.7813324,-19.21108398,LA1,2008-12-03,03:40:00 PM,15:40:00,Hot-Dry
15.77953898,-19.2118042,LA1,2008-12-03,04:00:00 PM,16:00:00,Hot-Dry
15.77829081,-19.21212972,LA1,2008-12-03,04:20:00 PM,16:20:00,Hot-Dry
15.77750753,-19.21207886,LA1,2008-12-03,04:40:00 PM,16:40:00,Hot-Dry
15.77728373,-19.21119588,LA1,2008-12-03,05:00:00 PM,17:00:00,Hot-Dry
15.77604268,-19.21151733,LA1,2008-12-03,05:20:00 PM,17:20:00,Hot-Dry
15.7760437,-19.21126709,LA1,2008-12-03,05:40:00 PM,17:40:00,Hot-Dry
15.77540792,-19.21155599,LA1,2008-12-03,06:00:00 PM,18:00:00,Hot-Dry
15.77418925,-19.21206868,LA1,2008-12-03,06:20:00 PM,18:20:00,Hot-Dry
15.77361247,-19.21247152,LA1,2008-12-03,06:40:00 PM,18:40:00,Hot-Dry
15.77285767,-19.21257731,LA1,2008-12-03,07:00:00 PM,19:00:00,Hot-Dry
15.77249247,-19.2124349,LA1,2008-12-03,07:20:00 PM,19:20:00,Hot-Dry
15.77178548,-19.21260173,LA1,2008-12-03,07:40:00 PM,19:40:00,Hot-Dry
15.77084656,-19.21393229,LA1,2008-12-03,08:00:00 PM,20:00:00,Hot-Dry
15.77089844,-19.21490682,LA1,2008-12-03,08:20:00 PM,20:20:00,Hot-Dry
15.77058716,-19.2148702,LA1,2008-12-03,08:40:00 PM,20:40:00,Hot-Dry
15.76945903,-19.21428223,LA1,2008-12-03,09:00:00 PM,21:00:00,Hot-Dry
15.76663208,-19.21334229,LA1,2008-12-03,09:20:00 PM,21:20:00,Hot-Dry
15.76335856,-19.2113383,LA1,2008-12-03,09:40:00 PM,21:40:00,Hot-Dry
15.76307882,-19.21121419,LA1,2008-12-03,10:00:00 PM,22:00:00,Hot-Dry
15.76293437,-19.21114502,LA1,2008-12-03,10:20:00 PM,22:20:00,Hot-Dry
15.76260376,-19.21114909,LA1,2008-12-03,10:40:00 PM,22:40:00,Hot-Dry
15.76079915,-19.20972493,LA1,2008-12-03,11:00:00 PM,23:00:00,Hot-Dry
15.75970256,-19.20905558,LA1,2008-12-03,11:20:00 PM,23:20:00,Hot-Dry
15.75910136,-19.20871379,LA1,2008-12-03,11:40:00 PM,23:40:00,Hot-Dry
15.75914917,-19.20831299,LA1,2008-12-04,12:00:00 AM,00:00:00,Hot-Dry
15.75914815,-19.2082723,LA1,2008-12-04,12:20:00 AM,00:20:00,Hot-Dry
15.75914612,-19.20824585,LA1,2008-12-04,12:40:00 AM,00:40:00,Hot-Dry
15.75888163,-19.20845744,LA1,2008-12-04,01:00:00 AM,01:00:00,Hot-Dry
15.75880941,-19.20857544,LA1,2008-12-04,01:20:00 AM,01:20:00,Hot-Dry
15.75773112,-19.20980428,LA1,2008-12-04,01:40:00 AM,01:40:00,Hot-Dry
15.7577891,-19.20981649,LA1,2008-12-04,02:00:00 AM,02:00:00,Hot-Dry
15.75781657,-19.20986328,LA1,2008-12-04,02:20:00 AM,02:20:00,Hot-Dry
15.75780436,-19.20983683,LA1,2008-12-04,02:40:00 AM,02:40:00,Hot-Dry
15.75780233,-19.20984904,LA1,2008-12-04,03:00:00 AM,03:00:00,Hot-Dry
15.75739237,-19.20992839,LA1,2008-12-04,03:20:00 AM,03:20:00,Hot-Dry
15.75648193,-19.21042887,LA1,2008-12-04,03:40:00 AM,03:40:00,Hot-Dry
15.7563914,-19.20897827,LA1,2008-12-04,04:00:00 AM,04:00:00,Hot-Dry
15.75727641,-19.20732015,LA1,2008-12-04,04:20:00 AM,04:20:00,Hot-Dry
15.7580719,-19.20635986,LA1,2008-12-04,04:40:00 AM,04:40:00,Hot-Dry
15.75828145,-19.20501302,LA1,2008-12-04,05:00:00 AM,05:00:00,Hot-Dry
15.75976461,-19.20343221,LA1,2008-12-04,05:20:00 AM,05:20:00,Hot-Dry
15.76105245,-19.20287882,LA1,2008-12-04,05:40:00 AM,05:40:00,Hot-Dry
15.76178385,-19.20085449,LA1,2008-12-04,06:00:00 AM,06:00:00,Hot-Dry
15.7638916,-19.20074259,LA1,2008-12-04,06:20:00 AM,06:20:00,Hot-Dry
15.76826375,-19.19838664,LA1,2008-12-04,06:40:00 AM,06:40:00,Hot-Dry
15.77300313,-19.1969279,LA1,2008-12-04,07:00:00 AM,07:00:00,Hot-Dry
15.77686259,-19.19638672,LA1,2008-12-04,07:20:00 AM,07:20:00,Hot-Dry
15.77925822,-19.19638875,LA1,2008-12-04,07:40:00 AM,07:40:00,Hot-Dry
15.78071696,-19.19726156,LA1,2008-12-04,08:00:00 AM,08:00:00,Hot-Dry
15.78257345,-19.20056356,LA1,2008-12-04,08:20:00 AM,08:20:00,Hot-Dry
15.78325399,-19.20198161,LA1,2008-12-04,08:40:00 AM,08:40:00,Hot-Dry
15.78439433,-19.20284017,LA1,2008-12-04,09:00:00 AM,09:00:00,Hot-Dry
15.78593445,-19.20476074,LA1,2008-12-04,09:20:00 AM,09:20:00,Hot-Dry
15.78760478,-19.2077474,LA1,2008-12-04,09:40:00 AM,09:40:00,Hot-Dry
15.78721822,-19.20726318,LA1,2008-12-04,10:00:00 AM,10:00:00,Hot-Dry
15.78637695,-19.20607707,LA1,2008-12-04,10:20:00 AM,10:20:00,Hot-Dry
15.78529968,-19.20455729,LA1,2008-12-04,10:40:00 AM,10:40:00,Hot-Dry
15.78325297,-19.20208537,LA1,2008-12-04,11:00:00 AM,11:00:00,Hot-Dry
15.78324382,-19.20194906,LA1,2008-12-04,11:20:00 AM,11:20:00,Hot-Dry
15.78321533,-19.20194702,LA1,2008-12-04,11:40:00 AM,11:40:00,Hot-Dry
15.78262634,-19.20179036,LA1,2008-12-04,12:00:00 PM,12:00:00,Hot-Dry
15.7807607,-19.19899902,LA1,2008-12-04,12:20:00 PM,12:20:00,Hot-Dry
15.77681681,-19.19637248,LA1,2008-12-04,12:40:00 PM,12:40:00,Hot-Dry
15.7763265,-19.19696859,LA1,2008-12-04,01:00:00 PM,13:00:00,Hot-Dry
15.77515869,-19.19782308,LA1,2008-12-04,01:20:00 PM,13:20:00,Hot-Dry
15.77516276,-19.19780884,LA1,2008-12-04,01:40:00 PM,13:40:00,Hot-Dry
15.7751709,-19.19781901,LA1,2008-12-04,02:00:00 PM,14:00:00,Hot-Dry
15.77396139,-19.20028483,LA1,2008-12-04,02:20:00 PM,14:20:00,Hot-Dry
15.77401225,-19.20189006,LA1,2008-12-04,02:40:00 PM,14:40:00,Hot-Dry
15.77401225,-19.20363159,LA1,2008-12-04,03:00:00 PM,15:00:00,Hot-Dry
15.77422384,-19.20517171,LA1,2008-12-04,03:20:00 PM,15:20:00,Hot-Dry
15.77568359,-19.20725505,LA1,2008-12-04,03:40:00 PM,15:40:00,Hot-Dry
15.77633464,-19.20807088,LA1,2008-12-04,04:00:00 PM,16:00:00,Hot-Dry
15.77680664,-19.20870972,LA1,2008-12-04,04:20:00 PM,16:20:00,Hot-Dry
15.77687785,-19.20912272,LA1,2008-12-04,04:40:00 PM,16:40:00,Hot-Dry
15.77710673,-19.20995483,LA1,2008-12-04,05:00:00 PM,17:00:00,Hot-Dry
15.77751668,-19.21062622,LA1,2008-12-04,05:20:00 PM,17:20:00,Hot-Dry
15.77627563,-19.21177775,LA1,2008-12-04,05:40:00 PM,17:40:00,Hot-Dry
15.77598165,-19.2129008,LA1,2008-12-04,06:00:00 PM,18:00:00,Hot-Dry
15.77559509,-19.21369222,LA1,2008-12-04,06:20:00 PM,18:20:00,Hot-Dry
15.7766215,-19.21483154,LA1,2008-12-04,06:40:00 PM,18:40:00,Hot-Dry
15.77721558,-19.21726074,LA1,2008-12-04,07:00:00 PM,19:00:00,Hot-Dry
15.77672628,-19.21764323,LA1,2008-12-04,07:20:00 PM,19:20:00,Hot-Dry
15.7772054,-19.21865438,LA1,2008-12-04,07:40:00 PM,19:40:00,Hot-Dry
15.77839762,-19.21984863,LA1,2008-12-04,08:00:00 PM,20:00:00,Hot-Dry
15.77838949,-19.21984456,LA1,2008-12-04,08:20:00 PM,20:20:00,Hot-Dry
15.77855021,-19.22068481,LA1,2008-12-04,08:40:00 PM,20:40:00,Hot-Dry
15.77846069,-19.22157796,LA1,2008-12-04,09:00:00 PM,21:00:00,Hot-Dry
15.77845561,-19.22157389,LA1,2008-12-04,09:20:00 PM,21:20:00,Hot-Dry
15.77897644,-19.22228394,LA1,2008-12-04,09:40:00 PM,21:40:00,Hot-Dry
15.77951762,-19.2231547,LA1,2008-12-04,10:00:00 PM,22:00:00,Hot-Dry
15.77956543,-19.22341309,LA1,2008-12-04,10:20:00 PM,22:20:00,Hot-Dry
15.77975464,-19.22391561,LA1,2008-12-04,10:40:00 PM,22:40:00,Hot-Dry
15.77984416,-19.22492065,LA1,2008-12-04,11:00:00 PM,23:00:00,Hot-Dry
15.77985433,-19.22491048,LA1,2008-12-04,11:20:00 PM,23:20:00,Hot-Dry
15.77984924,-19.22486979,LA1,2008-12-04,11:40:00 PM,23:40:00,Hot-Dry
15.77988281,-19.22485758,LA1,2008-12-05,12:00:00 AM,00:00:00,Hot-Dry
15.77985942,-19.22490234,LA1,2008-12-05,12:20:00 AM,00:20:00,Hot-Dry
15.77985535,-19.22490031,LA1,2008-12-05,12:40:00 AM,00:40:00,Hot-Dry
15.77990011,-19.2248759,LA1,2008-12-05,01:00:00 AM,01:00:00,Hot-Dry
15.77989095,-19.22486979,LA1,2008-12-05,01:20:00 AM,01:20:00,Hot-Dry
15.77988383,-19.22486979,LA1,2008-12-05,01:40:00 AM,01:40:00,Hot-Dry
15.77987671,-19.224882,LA1,2008-12-05,02:00:00 AM,02:00:00,Hot-Dry
15.78018494,-19.22423096,LA1,2008-12-05,02:20:00 AM,02:20:00,Hot-Dry
15.78017069,-19.22388509,LA1,2008-12-05,02:40:00 AM,02:40:00,Hot-Dry
15.77992961,-19.22315877,LA1,2008-12-05,03:00:00 AM,03:00:00,Hot-Dry
15.77992147,-19.22315674,LA1,2008-12-05,03:20:00 AM,03:20:00,Hot-Dry
15.78090312,-19.22278849,LA1,2008-12-05,03:40:00 AM,03:40:00,Hot-Dry
15.78137919,-19.22308553,LA1,2008-12-05,04:00:00 AM,04:00:00,Hot-Dry
15.78171794,-19.22293905,LA1,2008-12-05,04:20:00 AM,04:20:00,Hot-Dry
15.7835968,-19.22170003,LA1,2008-12-05,04:40:00 AM,04:40:00,Hot-Dry
15.78432719,-19.22092692,LA1,2008-12-05,05:00:00 AM,05:00:00,Hot-Dry
15.78597412,-19.21951294,LA1,2008-12-05,05:20:00 AM,05:20:00,Hot-Dry
15.78655396,-19.21948446,LA1,2008-12-05,05:40:00 AM,05:40:00,Hot-Dry
15.78776754,-19.21949056,LA1,2008-12-05,06:00:00 AM,06:00:00,Hot-Dry
15.78931173,-19.21796265,LA1,2008-12-05,06:20:00 AM,06:20:00,Hot-Dry
15.79019165,-19.21727091,LA1,2008-12-05,06:40:00 AM,06:40:00,Hot-Dry
15.79214783,-19.21700236,LA1,2008-12-05,07:00:00 AM,07:00:00,Hot-Dry
15.79525452,-19.21530558,LA1,2008-12-05,07:20:00 AM,07:20:00,Hot-Dry
15.79525655,-19.21531576,LA1,2008-12-05,07:40:00 AM,07:40:00,Hot-Dry
15.79597371,-19.21428019,LA1,2008-12-05,08:00:00 AM,08:00:00,Hot-Dry
15.7962616,-19.21149292,LA1,2008-12-05,08:20:00 AM,08:20:00,Hot-Dry
15.79452006,-19.20925293,LA1,2008-12-05,08:40:00 AM,08:40:00,Hot-Dry
15.78838603,-19.20797933,LA1,2008-12-05,09:00:00 AM,09:00:00,Hot-Dry
15.78728333,-19.20537516,LA1,2008-12-05,09:20:00 AM,09:20:00,Hot-Dry
15.78727926,-19.20537516,LA1,2008-12-05,09:40:00 AM,09:40:00,Hot-Dry
15.78743286,-19.19979248,LA1,2008-12-05,10:00:00 AM,10:00:00,Hot-Dry
15.78428243,-19.19553833,LA1,2008-12-05,10:20:00 AM,10:20:00,Hot-Dry
15.78427734,-19.19556478,LA1,2008-12-05,10:40:00 AM,10:40:00,Hot-Dry
15.78369344,-19.19536133,LA1,2008-12-05,11:00:00 AM,11:00:00,Hot-Dry
15.78369344,-19.1953715,LA1,2008-12-05,11:20:00 AM,11:20:00,Hot-Dry
15.78636068,-19.19535319,LA1,2008-12-05,11:40:00 AM,11:40:00,Hot-Dry
15.7863973,-19.19532674,LA1,2008-12-05,12:00:00 PM,12:00:00,Hot-Dry
15.78855896,-19.19570313,LA1,2008-12-05,12:20:00 PM,12:20:00,Hot-Dry
15.78951518,-19.19556274,LA1,2008-12-05,12:40:00 PM,12:40:00,Hot-Dry
15.79002075,-19.19588013,LA1,2008-12-05,01:00:00 PM,13:00:00,Hot-Dry
15.79004618,-19.19587402,LA1,2008-12-05,01:20:00 PM,13:20:00,Hot-Dry
15.79004618,-19.19587606,LA1,2008-12-05,01:40:00 PM,13:40:00,Hot-Dry
15.79069824,-19.19603678,LA1,2008-12-05,02:00:00 PM,14:00:00,Hot-Dry
15.79184062,-19.19643555,LA1,2008-12-05,02:20:00 PM,14:20:00,Hot-Dry
15.79358012,-19.19675293,LA1,2008-12-05,02:40:00 PM,14:40:00,Hot-Dry
15.79645793,-19.19824219,LA1,2008-12-05,03:00:00 PM,15:00:00,Hot-Dry
15.79796651,-19.19888306,LA1,2008-12-05,03:20:00 PM,15:20:00,Hot-Dry
15.79863281,-19.19862874,LA1,2008-12-05,03:40:00 PM,15:40:00,Hot-Dry
15.79946899,-19.19833374,LA1,2008-12-05,04:00:00 PM,16:00:00,Hot-Dry
15.80221558,-19.19955241,LA1,2008-12-05,04:20:00 PM,16:20:00,Hot-Dry
15.80358175,-19.20020549,LA1,2008-12-05,04:40:00 PM,16:40:00,Hot-Dry
15.8057312,-19.2011027,LA1,2008-12-05,05:00:00 PM,17:00:00,Hot-Dry
15.80740662,-19.20352987,LA1,2008-12-05,05:20:00 PM,17:20:00,Hot-Dry
15.8083964,-19.20482381,LA1,2008-12-05,05:40:00 PM,17:40:00,Hot-Dry
15.81100057,-19.20455729,LA1,2008-12-05,06:00:00 PM,18:00:00,Hot-Dry
15.81713765,-19.20762329,LA1,2008-12-05,06:20:00 PM,18:20:00,Hot-Dry
15.81811829,-19.20787557,LA1,2008-12-05,06:40:00 PM,18:40:00,Hot-Dry
15.81949565,-19.20994059,LA1,2008-12-05,07:00:00 PM,19:00:00,Hot-Dry
15.82190247,-19.21050415,LA1,2008-12-05,07:20:00 PM,19:20:00,Hot-Dry
15.82221171,-19.21146444,LA1,2008-12-05,07:40:00 PM,19:40:00,Hot-Dry
15.8240977,-19.21365153,LA1,2008-12-05,08:00:00 PM,20:00:00,Hot-Dry
15.82798971,-19.2174825,LA1,2008-12-05,08:20:00 PM,20:20:00,Hot-Dry
15.83021342,-19.21973267,LA1,2008-12-05,08:40:00 PM,20:40:00,Hot-Dry
15.8305247,-19.21991984,LA1,2008-12-05,09:00:00 PM,21:00:00,Hot-Dry
15.83346456,-19.22409871,LA1,2008-12-05,09:20:00 PM,21:20:00,Hot-Dry
15.83565063,-19.2280721,LA1,2008-12-05,09:40:00 PM,21:40:00,Hot-Dry
15.83508708,-19.23200073,LA1,2008-12-05,10:00:00 PM,22:00:00,Hot-Dry
15.83561503,-19.23318888,LA1,2008-12-05,10:20:00 PM,22:20:00,Hot-Dry
15.83560486,-19.23368123,LA1,2008-12-05,10:40:00 PM,22:40:00,Hot-Dry
15.83575745,-19.23387655,LA1,2008-12-05,11:00:00 PM,23:00:00,Hot-Dry
15.83580424,-19.23412476,LA1,2008-12-05,11:20:00 PM,23:20:00,Hot-Dry
15.83577169,-19.2341512,LA1,2008-12-05,11:40:00 PM,23:40:00,Hot-Dry
15.83678182,-19.23430176,LA1,2008-12-06,12:00:00 AM,00:00:00,Hot-Dry
15.83676147,-19.23369344,LA1,2008-12-06,12:20:00 AM,00:20:00,Hot-Dry
15.83782756,-19.23385824,LA1,2008-12-06,12:40:00 AM,00:40:00,Hot-Dry
15.83647766,-19.23469645,LA1,2008-12-06,01:00:00 AM,01:00:00,Hot-Dry
15.83659668,-19.23463745,LA1,2008-12-06,01:20:00 AM,01:20:00,Hot-Dry
15.83663432,-19.23470052,LA1,2008-12-06,01:40:00 AM,01:40:00,Hot-Dry
15.83703512,-19.23422038,LA1,2008-12-06,02:00:00 AM,02:00:00,Hot-Dry
15.83717346,-19.23413696,LA1,2008-12-06,02:20:00 AM,02:20:00,Hot-Dry
15.83707275,-19.23455404,LA1,2008-12-06,02:40:00 AM,02:40:00,Hot-Dry
15.8367686,-19.23512573,LA1,2008-12-06,03:00:00 AM,03:00:00,Hot-Dry
15.83648783,-19.23576253,LA1,2008-12-06,03:20:00 AM,03:20:00,Hot-Dry
15.83655396,-19.23631388,LA1,2008-12-06,03:40:00 AM,03:40:00,Hot-Dry
15.8365682,-19.23631999,LA1,2008-12-06,04:00:00 AM,04:00:00,Hot-Dry
15.83679301,-19.23653361,LA1,2008-12-06,04:20:00 AM,04:20:00,Hot-Dry
15.83727519,-19.23684489,LA1,2008-12-06,04:40:00 AM,04:40:00,Hot-Dry
15.83708801,-19.23904419,LA1,2008-12-06,05:00:00 AM,05:00:00,Hot-Dry
15.83769023,-19.2410258,LA1,2008-12-06,05:20:00 AM,05:20:00,Hot-Dry
15.83738403,-19.24405518,LA1,2008-12-06,05:40:00 AM,05:40:00,Hot-Dry
15.83713582,-19.24723714,LA1,2008-12-06,06:00:00 AM,06:00:00,Hot-Dry
15.8371521,-19.2484375,LA1,2008-12-06,06:20:00 AM,06:20:00,Hot-Dry
15.83615621,-19.25121663,LA1,2008-12-06,06:40:00 AM,06:40:00,Hot-Dry
15.83527527,-19.25206299,LA1,2008-12-06,07:00:00 AM,07:00:00,Hot-Dry
15.83486328,-19.25434977,LA1,2008-12-06,07:20:00 AM,07:20:00,Hot-Dry
15.83193563,-19.25854899,LA1,2008-12-06,07:40:00 AM,07:40:00,Hot-Dry
15.83198649,-19.259375,LA1,2008-12-06,08:00:00 AM,08:00:00,Hot-Dry
15.83212077,-19.25945841,LA1,2008-12-06,08:20:00 AM,08:20:00,Hot-Dry
15.83135274,-19.25993449,LA1,2008-12-06,08:40:00 AM,08:40:00,Hot-Dry
15.83187968,-19.26025798,LA1,2008-12-06,09:00:00 AM,09:00:00,Hot-Dry
15.83305359,-19.25969442,LA1,2008-12-06,09:20:00 AM,09:20:00,Hot-Dry
15.83311666,-19.25913289,LA1,2008-12-06,09:40:00 AM,09:40:00,Hot-Dry
15.83202006,-19.25859172,LA1,2008-12-06,10:00:00 AM,10:00:00,Hot-Dry
15.83062541,-19.25795288,LA1,2008-12-06,10:20:00 AM,10:20:00,Hot-Dry
15.83022156,-19.25746257,LA1,2008-12-06,10:40:00 AM,10:40:00,Hot-Dry
15.82866618,-19.25784912,LA1,2008-12-06,11:00:00 AM,11:00:00,Hot-Dry
15.82877299,-19.25801392,LA1,2008-12-06,11:20:00 AM,11:20:00,Hot-Dry
15.82875468,-19.2587443,LA1,2008-12-06,11:40:00 AM,11:40:00,Hot-Dry
15.8286672,-19.25782878,LA1,2008-12-06,12:00:00 PM,12:00:00,Hot-Dry
15.8292511,-19.25859985,LA1,2008-12-06,12:20:00 PM,12:20:00,Hot-Dry
15.8295634,-19.25873006,LA1,2008-12-06,12:40:00 PM,12:40:00,Hot-Dry
15.82965495,-19.2587972,LA1,2008-12-06,01:00:00 PM,13:00:00,Hot-Dry
15.82966003,-19.2588033,LA1,2008-12-06,01:20:00 PM,13:20:00,Hot-Dry
15.82965393,-19.25881958,LA1,2008-12-06,01:40:00 PM,13:40:00,Hot-Dry
15.82967224,-19.25879924,LA1,2008-12-06,02:00:00 PM,14:00:00,Hot-Dry
15.82967428,-19.25880127,LA1,2008-12-06,02:20:00 PM,14:20:00,Hot-Dry
15.82991943,-19.25867716,LA1,2008-12-06,02:40:00 PM,14:40:00,Hot-Dry
15.83000387,-19.25949707,LA1,2008-12-06,03:00:00 PM,15:00:00,Hot-Dry
15.82998454,-19.26006063,LA1,2008-12-06,03:20:00 PM,15:20:00,Hot-Dry
15.82987366,-19.26070964,LA1,2008-12-06,03:40:00 PM,15:40:00,Hot-Dry
15.82954102,-19.26112874,LA1,2008-12-06,04:00:00 PM,16:00:00,Hot-Dry
15.82803752,-19.26066488,LA1,2008-12-06,04:20:00 PM,16:20:00,Hot-Dry
15.82758789,-19.26180623,LA1,2008-12-06,04:40:00 PM,16:40:00,Hot-Dry
15.82745361,-19.25982259,LA1,2008-12-06,05:00:00 PM,17:00:00,Hot-Dry
15.82595825,-19.25996094,LA1,2008-12-06,05:20:00 PM,17:20:00,Hot-Dry
15.82339884,-19.26060588,LA1,2008-12-06,05:40:00 PM,17:40:00,Hot-Dry
15.8189738,-19.26117554,LA1,2008-12-06,06:00:00 PM,18:00:00,Hot-Dry
15.81765645,-19.26149699,LA1,2008-12-06,06:20:00 PM,18:20:00,Hot-Dry
15.81508484,-19.26185303,LA1,2008-12-06,06:40:00 PM,18:40:00,Hot-Dry
15.81304321,-19.26159058,LA1,2008-12-06,07:00:00 PM,19:00:00,Hot-Dry
15.81239319,-19.2620402,LA1,2008-12-06,07:20:00 PM,19:20:00,Hot-Dry
15.81184082,-19.26322021,LA1,2008-12-06,07:40:00 PM,19:40:00,Hot-Dry
15.81156718,-19.26327922,LA1,2008-12-06,08:00:00 PM,20:00:00,Hot-Dry
15.81105347,-19.26322428,LA1,2008-12-06,08:20:00 PM,20:20:00,Hot-Dry
15.81105652,-19.26320801,LA1,2008-12-06,08:40:00 PM,20:40:00,Hot-Dry
15.81110942,-19.2631897,LA1,2008-12-06,09:00:00 PM,21:00:00,Hot-Dry
15.81221212,-19.26050008,LA1,2008-12-06,09:20:00 PM,21:20:00,Hot-Dry
15.81372986,-19.25992839,LA1,2008-12-06,09:40:00 PM,21:40:00,Hot-Dry
15.81350606,-19.25992025,LA1,2008-12-06,10:00:00 PM,22:00:00,Hot-Dry
15.81083883,-19.26221924,LA1,2008-12-06,10:20:00 PM,22:20:00,Hot-Dry
15.81005452,-19.26346232,LA1,2008-12-06,10:40:00 PM,22:40:00,Hot-Dry
15.80999756,-19.26350708,LA1,2008-12-06,11:00:00 PM,23:00:00,Hot-Dry
15.80997925,-19.26353963,LA1,2008-12-06,11:20:00 PM,23:20:00,Hot-Dry
15.80997518,-19.26351725,LA1,2008-12-06,11:40:00 PM,23:40:00,Hot-Dry
15.8099589,-19.26350301,LA1,2008-12-07,12:00:00 AM,00:00:00,Hot-Dry
15.8099589,-19.2634847,LA1,2008-12-07,12:20:00 AM,00:20:00,Hot-Dry
15.80996602,-19.26348063,LA1,2008-12-07,12:40:00 AM,00:40:00,Hot-Dry
15.80998942,-19.2634786,LA1,2008-12-07,01:00:00 AM,01:00:00,Hot-Dry
15.81002706,-19.2634786,LA1,2008-12-07,01:20:00 AM,01:20:00,Hot-Dry
15.80996297,-19.26349487,LA1,2008-12-07,01:40:00 AM,01:40:00,Hot-Dry
15.80995992,-19.26349487,LA1,2008-12-07,02:00:00 AM,02:00:00,Hot-Dry
15.80999756,-19.26351318,LA1,2008-12-07,02:20:00 AM,02:20:00,Hot-Dry
15.81000977,-19.26347046,LA1,2008-12-07,02:40:00 AM,02:40:00,Hot-Dry
15.81001892,-19.26346842,LA1,2008-12-07,03:00:00 AM,03:00:00,Hot-Dry
15.81000366,-19.26349284,LA1,2008-12-07,03:20:00 AM,03:20:00,Hot-Dry
15.8099884,-19.2634847,LA1,2008-12-07,03:40:00 AM,03:40:00,Hot-Dry
15.8099762,-19.26348877,LA1,2008-12-07,04:00:00 AM,04:00:00,Hot-Dry
15.80996399,-19.26348877,LA1,2008-12-07,04:20:00 AM,04:20:00,Hot-Dry
15.80878194,-19.26528524,LA1,2008-12-07,04:40:00 AM,04:40:00,Hot-Dry
15.80757345,-19.26698405,LA1,2008-12-07,05:00:00 AM,05:00:00,Hot-Dry
15.80756734,-19.26697998,LA1,2008-12-07,05:20:00 AM,05:20:00,Hot-Dry
15.8073761,-19.27052205,LA1,2008-12-07,05:40:00 AM,05:40:00,Hot-Dry
15.80736898,-19.27050374,LA1,2008-12-07,06:00:00 AM,06:00:00,Hot-Dry
15.8080658,-19.27203776,LA1,2008-12-07,06:20:00 AM,06:20:00,Hot-Dry
15.80898641,-19.27329305,LA1,2008-12-07,06:40:00 AM,06:40:00,Hot-Dry
15.80767008,-19.2765035,LA1,2008-12-07,07:00:00 AM,07:00:00,Hot-Dry
15.80765076,-19.27648926,LA1,2008-12-07,07:20:00 AM,07:20:00,Hot-Dry
15.81305949,-19.27791951,LA1,2008-12-07,07:40:00 AM,07:40:00,Hot-Dry
15.81548564,-19.27815755,LA1,2008-12-07,08:00:00 AM,08:00:00,Hot-Dry
15.81871948,-19.2791097,LA1,2008-12-07,08:20:00 AM,08:20:00,Hot-Dry
15.82439575,-19.27920736,LA1,2008-12-07,08:40:00 AM,08:40:00,Hot-Dry
15.8276123,-19.27977905,LA1,2008-12-07,09:00:00 AM,09:00:00,Hot-Dry
15.82802633,-19.27913005,LA1,2008-12-07,09:20:00 AM,09:20:00,Hot-Dry
15.82804769,-19.27912394,LA1,2008-12-07,09:40:00 AM,09:40:00,Hot-Dry
15.82916565,-19.27859497,LA1,2008-12-07,10:00:00 AM,10:00:00,Hot-Dry
15.83066406,-19.27788696,LA1,2008-12-07,10:20:00 AM,10:20:00,Hot-Dry
15.83066203,-19.27788696,LA1,2008-12-07,10:40:00 AM,10:40:00,Hot-Dry
15.8312795,-19.27736613,LA1,2008-12-07,11:00:00 AM,11:00:00,Hot-Dry
15.83125509,-19.27762451,LA1,2008-12-07,11:20:00 AM,11:20:00,Hot-Dry
15.8309021,-19.27803752,LA1,2008-12-07,11:40:00 AM,11:40:00,Hot-Dry
15.83034871,-19.2780131,LA1,2008-12-07,12:00:00 PM,12:00:00,Hot-Dry
15.83036296,-19.27801107,LA1,2008-12-07,12:20:00 PM,12:20:00,Hot-Dry
15.83053792,-19.27832642,LA1,2008-12-07,12:40:00 PM,12:40:00,Hot-Dry
15.83060404,-19.27867432,LA1,2008-12-07,01:00:00 PM,13:00:00,Hot-Dry
15.83027751,-19.27923991,LA1,2008-12-07,01:20:00 PM,13:20:00,Hot-Dry
15.83004862,-19.27976685,LA1,2008-12-07,01:40:00 PM,13:40:00,Hot-Dry
15.82756449,-19.27978719,LA1,2008-12-07,02:00:00 PM,14:00:00,Hot-Dry
15.82751668,-19.27978312,LA1,2008-12-07,02:20:00 PM,14:20:00,Hot-Dry
15.82752686,-19.27977905,LA1,2008-12-07,02:40:00 PM,14:40:00,Hot-Dry
15.82842814,-19.27840983,LA1,2008-12-07,03:00:00 PM,15:00:00,Hot-Dry
15.82842407,-19.27840169,LA1,2008-12-07,03:20:00 PM,15:20:00,Hot-Dry
15.82961528,-19.27870687,LA1,2008-12-07,03:40:00 PM,15:40:00,Hot-Dry
15.82961426,-19.2787028,LA1,2008-12-07,04:00:00 PM,16:00:00,Hot-Dry
15.8295461,-19.27917684,LA1,2008-12-07,04:20:00 PM,16:20:00,Hot-Dry
15.82663371,-19.27772217,LA1,2008-12-07,04:40:00 PM,16:40:00,Hot-Dry
15.82414551,-19.27747192,LA1,2008-12-07,05:00:00 PM,17:00:00,Hot-Dry
15.82404582,-19.27678019,LA1,2008-12-07,05:20:00 PM,17:20:00,Hot-Dry
15.82400614,-19.27661133,LA1,2008-12-07,05:40:00 PM,17:40:00,Hot-Dry
15.82401937,-19.27660726,LA1,2008-12-07,06:00:00 PM,18:00:00,Hot-Dry
15.82348328,-19.27431437,LA1,2008-12-07,06:20:00 PM,18:20:00,Hot-Dry
15.82308655,-19.27323812,LA1,2008-12-07,06:40:00 PM,18:40:00,Hot-Dry
15.81911112,-19.27359619,LA1,2008-12-07,07:00:00 PM,19:00:00,Hot-Dry
15.81723022,-19.27400309,LA1,2008-12-07,07:20:00 PM,19:20:00,Hot-Dry
15.81619466,-19.27390951,LA1,2008-12-07,07:40:00 PM,19:40:00,Hot-Dry
15.81533813,-19.27414754,LA1,2008-12-07,08:00:00 PM,20:00:00,Hot-Dry
15.81439311,-19.27433268,LA1,2008-12-07,08:20:00 PM,20:20:00,Hot-Dry
15.81430562,-19.27418009,LA1,2008-12-07,08:40:00 PM,20:40:00,Hot-Dry
15.81418762,-19.27439779,LA1,2008-12-07,09:00:00 PM,21:00:00,Hot-Dry
15.8141154,-19.27434896,LA1,2008-12-07,09:20:00 PM,21:20:00,Hot-Dry
15.81402283,-19.27424113,LA1,2008-12-07,09:40:00 PM,21:40:00,Hot-Dry
15.81352539,-19.27362467,LA1,2008-12-07,10:00:00 PM,22:00:00,Hot-Dry
15.81352946,-19.27362264,LA1,2008-12-07,10:20:00 PM,22:20:00,Hot-Dry
15.8133606,-19.2735616,LA1,2008-12-07,10:40:00 PM,22:40:00,Hot-Dry
15.81308187,-19.27375081,LA1,2008-12-07,11:00:00 PM,23:00:00,Hot-Dry
15.81265361,-19.2738505,LA1,2008-12-07,11:20:00 PM,23:20:00,Hot-Dry
15.81265564,-19.2738505,LA1,2008-12-07,11:40:00 PM,23:40:00,Hot-Dry
15.81272583,-19.27382406,LA1,2008-12-08,12:00:00 AM,00:00:00,Hot-Dry
15.81272176,-19.27383626,LA1,2008-12-08,12:20:00 AM,00:20:00,Hot-Dry
15.81255493,-19.2740214,LA1,2008-12-08,12:40:00 AM,00:40:00,Hot-Dry
15.81259257,-19.2739502,LA1,2008-12-08,01:00:00 AM,01:00:00,Hot-Dry
15.81259257,-19.27418009,LA1,2008-12-08,01:20:00 AM,01:20:00,Hot-Dry
15.81259054,-19.27416382,LA1,2008-12-08,01:40:00 AM,01:40:00,Hot-Dry
15.81258341,-19.27415771,LA1,2008-12-08,02:00:00 AM,02:00:00,Hot-Dry
15.81260071,-19.27417603,LA1,2008-12-08,02:20:00 AM,02:20:00,Hot-Dry
15.81259257,-19.27419637,LA1,2008-12-08,02:40:00 AM,02:40:00,Hot-Dry
15.81259766,-19.27415365,LA1,2008-12-08,03:00:00 AM,03:00:00,Hot-Dry
15.81259257,-19.27423503,LA1,2008-12-08,03:20:00 AM,03:20:00,Hot-Dry
15.81258952,-19.27424316,LA1,2008-12-08,03:40:00 AM,03:40:00,Hot-Dry
15.81243795,-19.27393595,LA1,2008-12-08,04:00:00 AM,04:00:00,Hot-Dry
15.81272278,-19.27353923,LA1,2008-12-08,04:20:00 AM,04:20:00,Hot-Dry
15.81271057,-19.27353923,LA1,2008-12-08,04:40:00 AM,04:40:00,Hot-Dry
15.81302287,-19.27389119,LA1,2008-12-08,05:00:00 AM,05:00:00,Hot-Dry
15.81313273,-19.27390747,LA1,2008-12-08,05:20:00 AM,05:20:00,Hot-Dry
15.81390076,-19.27261353,LA1,2008-12-08,05:40:00 AM,05:40:00,Hot-Dry
15.81393026,-19.27218424,LA1,2008-12-08,06:00:00 AM,06:00:00,Hot-Dry
15.81428935,-19.27252197,LA1,2008-12-08,06:20:00 AM,06:20:00,Hot-Dry
15.81429036,-19.27253621,LA1,2008-12-08,06:40:00 AM,06:40:00,Hot-Dry
15.8143514,-19.27290039,LA1,2008-12-08,07:00:00 AM,07:00:00,Hot-Dry
15.81443583,-19.27595011,LA1,2008-12-08,07:20:00 AM,07:20:00,Hot-Dry
15.81332499,-19.27757772,LA1,2008-12-08,07:40:00 AM,07:40:00,Hot-Dry
15.81300252,-19.27829997,LA1,2008-12-08,08:00:00 AM,08:00:00,Hot-Dry
15.81274109,-19.27845866,LA1,2008-12-08,08:20:00 AM,08:20:00,Hot-Dry
15.81170146,-19.27771606,LA1,2008-12-08,08:40:00 AM,08:40:00,Hot-Dry
15.81082357,-19.27769979,LA1,2008-12-08,09:00:00 AM,09:00:00,Hot-Dry
15.81083171,-19.27770589,LA1,2008-12-08,09:20:00 AM,09:20:00,Hot-Dry
15.81194661,-19.27814128,LA1,2008-12-08,09:40:00 AM,09:40:00,Hot-Dry
15.81279907,-19.27882487,LA1,2008-12-08,10:00:00 AM,10:00:00,Hot-Dry
15.81782227,-19.27966919,LA1,2008-12-08,10:20:00 AM,10:20:00,Hot-Dry
15.8208252,-19.27910156,LA1,2008-12-08,10:40:00 AM,10:40:00,Hot-Dry
15.82081502,-19.27910767,LA1,2008-12-08,11:00:00 AM,11:00:00,Hot-Dry
15.82329814,-19.27912394,LA1,2008-12-08,11:20:00 AM,11:20:00,Hot-Dry
15.82754415,-19.27982585,LA1,2008-12-08,11:40:00 AM,11:40:00,Hot-Dry
15.82754313,-19.2798116,LA1,2008-12-08,12:00:00 PM,12:00:00,Hot-Dry
15.82758687,-19.27980957,LA1,2008-12-08,12:20:00 PM,12:20:00,Hot-Dry
15.82801412,-19.27940267,LA1,2008-12-08,12:40:00 PM,12:40:00,Hot-Dry
15.82830811,-19.27967122,LA1,2008-12-08,01:00:00 PM,13:00:00,Hot-Dry
15.82883708,-19.27970785,LA1,2008-12-08,01:20:00 PM,13:20:00,Hot-Dry
15.82884013,-19.27971191,LA1,2008-12-08,01:40:00 PM,13:40:00,Hot-Dry
15.82897847,-19.27880046,LA1,2008-12-08,02:00:00 PM,14:00:00,Hot-Dry
15.82898153,-19.27843628,LA1,2008-12-08,02:20:00 PM,14:20:00,Hot-Dry
15.82847595,-19.27731934,LA1,2008-12-08,02:40:00 PM,14:40:00,Hot-Dry
15.82848002,-19.2773234,LA1,2008-12-08,03:00:00 PM,15:00:00,Hot-Dry
15.82864176,-19.27651774,LA1,2008-12-08,03:20:00 PM,15:20:00,Hot-Dry
15.82849223,-19.27679647,LA1,2008-12-08,03:40:00 PM,15:40:00,Hot-Dry
15.82740885,-19.27783,LA1,2008-12-08,04:00:00 PM,16:00:00,Hot-Dry
15.8240743,-19.27769368,LA1,2008-12-08,04:20:00 PM,16:20:00,Hot-Dry
15.82377116,-19.27849528,LA1,2008-12-08,04:40:00 PM,16:40:00,Hot-Dry
15.82245789,-19.27938843,LA1,2008-12-08,05:00:00 PM,17:00:00,Hot-Dry
15.81782227,-19.27892049,LA1,2008-12-08,05:20:00 PM,17:20:00,Hot-Dry
15.81707153,-19.27843831,LA1,2008-12-08,05:40:00 PM,17:40:00,Hot-Dry
15.81570943,-19.27793986,LA1,2008-12-08,06:00:00 PM,18:00:00,Hot-Dry
15.81501973,-19.27696533,LA1,2008-12-08,06:20:00 PM,18:20:00,Hot-Dry
15.81495463,-19.27700806,LA1,2008-12-08,06:40:00 PM,18:40:00,Hot-Dry
15.81153056,-19.27616781,LA1,2008-12-08,07:00:00 PM,19:00:00,Hot-Dry
15.81063029,-19.27612101,LA1,2008-12-08,07:20:00 PM,19:20:00,Hot-Dry
15.80985209,-19.27561442,LA1,2008-12-08,07:40:00 PM,19:40:00,Hot-Dry
15.8059021,-19.27505697,LA1,2008-12-08,08:00:00 PM,20:00:00,Hot-Dry
15.80536296,-19.27516479,LA1,2008-12-08,08:20:00 PM,20:20:00,Hot-Dry
15.80467834,-19.27468872,LA1,2008-12-08,08:40:00 PM,20:40:00,Hot-Dry
15.80032247,-19.27563883,LA1,2008-12-08,09:00:00 PM,21:00:00,Hot-Dry
15.79995931,-19.27510783,LA1,2008-12-08,09:20:00 PM,21:20:00,Hot-Dry
15.79939779,-19.27454427,LA1,2008-12-08,09:40:00 PM,21:40:00,Hot-Dry
15.79870911,-19.27396647,LA1,2008-12-08,10:00:00 PM,22:00:00,Hot-Dry
15.79731344,-19.27272746,LA1,2008-12-08,10:20:00 PM,22:20:00,Hot-Dry
15.79633891,-19.27112834,LA1,2008-12-08,10:40:00 PM,22:40:00,Hot-Dry
15.79625753,-19.27113851,LA1,2008-12-08,11:00:00 PM,23:00:00,Hot-Dry
15.79621785,-19.27113647,LA1,2008-12-08,11:20:00 PM,23:20:00,Hot-Dry
15.79628499,-19.27102458,LA1,2008-12-08,11:40:00 PM,23:40:00,Hot-Dry
15.79627787,-19.27099813,LA1,2008-12-09,12:00:00 AM,00:00:00,Hot-Dry
15.79630432,-19.27104899,LA1,2008-12-09,12:20:00 AM,00:20:00,Hot-Dry
15.79630839,-19.27104696,LA1,2008-12-09,12:40:00 AM,00:40:00,Hot-Dry
15.79632568,-19.27105509,LA1,2008-12-09,01:00:00 AM,01:00:00,Hot-Dry
15.79631246,-19.27112223,LA1,2008-12-09,01:20:00 AM,01:20:00,Hot-Dry
15.79631449,-19.27112427,LA1,2008-12-09,01:40:00 AM,01:40:00,Hot-Dry
15.79630737,-19.27114258,LA1,2008-12-09,02:00:00 AM,02:00:00,Hot-Dry
15.79631042,-19.27116699,LA1,2008-12-09,02:20:00 AM,02:20:00,Hot-Dry
15.79628194,-19.27116903,LA1,2008-12-09,02:40:00 AM,02:40:00,Hot-Dry
15.79626973,-19.27111816,LA1,2008-12-09,03:00:00 AM,03:00:00,Hot-Dry
15.79627177,-19.27110392,LA1,2008-12-09,03:20:00 AM,03:20:00,Hot-Dry
15.79631856,-19.27113647,LA1,2008-12-09,03:40:00 AM,03:40:00,Hot-Dry
15.79632467,-19.27114461,LA1,2008-12-09,04:00:00 AM,04:00:00,Hot-Dry
15.79689331,-19.27102254,LA1,2008-12-09,04:20:00 AM,04:20:00,Hot-Dry
15.79658508,-19.26825968,LA1,2008-12-09,04:40:00 AM,04:40:00,Hot-Dry
15.79608358,-19.26749471,LA1,2008-12-09,05:00:00 AM,05:00:00,Hot-Dry
15.79556885,-19.2671346,LA1,2008-12-09,05:20:00 AM,05:20:00,Hot-Dry
15.79466349,-19.26757406,LA1,2008-12-09,05:40:00 AM,05:40:00,Hot-Dry
15.79284159,-19.2678894,LA1,2008-12-09,06:00:00 AM,06:00:00,Hot-Dry
15.79160868,-19.26745402,LA1,2008-12-09,06:20:00 AM,06:20:00,Hot-Dry
15.79096883,-19.26729533,LA1,2008-12-09,06:40:00 AM,06:40:00,Hot-Dry
15.78988953,-19.26783651,LA1,2008-12-09,07:00:00 AM,07:00:00,Hot-Dry
15.78916219,-19.26784465,LA1,2008-12-09,07:20:00 AM,07:20:00,Hot-Dry
15.78807475,-19.26821899,LA1,2008-12-09,07:40:00 AM,07:40:00,Hot-Dry
15.78688965,-19.26918335,LA1,2008-12-09,08:00:00 AM,08:00:00,Hot-Dry
15.78673808,-19.26943359,LA1,2008-12-09,08:20:00 AM,08:20:00,Hot-Dry
15.78539022,-19.26945597,LA1,2008-12-09,08:40:00 AM,08:40:00,Hot-Dry
15.7839091,-19.27022298,LA1,2008-12-09,09:00:00 AM,09:00:00,Hot-Dry
15.78390096,-19.27020671,LA1,2008-12-09,09:20:00 AM,09:20:00,Hot-Dry
15.78580526,-19.27243652,LA1,2008-12-09,09:40:00 AM,09:40:00,Hot-Dry
15.7904246,-19.27559611,LA1,2008-12-09,10:00:00 AM,10:00:00,Hot-Dry
15.78843079,-19.27635498,LA1,2008-12-09,10:20:00 AM,10:20:00,Hot-Dry
15.78884583,-19.27672933,LA1,2008-12-09,10:40:00 AM,10:40:00,Hot-Dry
15.78735046,-19.27778117,LA1,2008-12-09,11:00:00 AM,11:00:00,Hot-Dry
15.78580017,-19.27694906,LA1,2008-12-09,11:20:00 AM,11:20:00,Hot-Dry
15.78453878,-19.27589315,LA1,2008-12-09,11:40:00 AM,11:40:00,Hot-Dry
15.77899475,-19.27116699,LA1,2008-12-09,12:00:00 PM,12:00:00,Hot-Dry
15.77449646,-19.26987101,LA1,2008-12-09,12:20:00 PM,12:20:00,Hot-Dry
15.77367757,-19.26703898,LA1,2008-12-09,12:40:00 PM,12:40:00,Hot-Dry
15.77233785,-19.26525472,LA1,2008-12-09,01:00:00 PM,13:00:00,Hot-Dry
15.77015584,-19.26463826,LA1,2008-12-09,01:20:00 PM,13:20:00,Hot-Dry
15.76886292,-19.26424967,LA1,2008-12-09,01:40:00 PM,13:40:00,Hot-Dry
15.76678772,-19.26356201,LA1,2008-12-09,02:00:00 PM,14:00:00,Hot-Dry
15.76548157,-19.26307983,LA1,2008-12-09,02:20:00 PM,14:20:00,Hot-Dry
15.76466777,-19.26240031,LA1,2008-12-09,02:40:00 PM,14:40:00,Hot-Dry
15.76394653,-19.26141357,LA1,2008-12-09,03:00:00 PM,15:00:00,Hot-Dry
15.76138509,-19.26176351,LA1,2008-12-09,03:20:00 PM,15:20:00,Hot-Dry
15.7607137,-19.26169027,LA1,2008-12-09,03:40:00 PM,15:40:00,Hot-Dry
15.76053365,-19.26212972,LA1,2008-12-09,04:00:00 PM,16:00:00,Hot-Dry
15.76041158,-19.26265462,LA1,2008-12-09,04:20:00 PM,16:20:00,Hot-Dry
15.76014099,-19.26266479,LA1,2008-12-09,04:40:00 PM,16:40:00,Hot-Dry
15.75999247,-19.26182658,LA1,2008-12-09,05:00:00 PM,17:00:00,Hot-Dry
15.75951233,-19.26172892,LA1,2008-12-09,05:20:00 PM,17:20:00,Hot-Dry
15.75874125,-19.26115316,LA1,2008-12-09,05:40:00 PM,17:40:00,Hot-Dry
15.75846761,-19.26103719,LA1,2008-12-09,06:00:00 PM,18:00:00,Hot-Dry
15.7584849,-19.26103719,LA1,2008-12-09,06:20:00 PM,18:20:00,Hot-Dry
15.75867411,-19.2608724,LA1,2008-12-09,06:40:00 PM,18:40:00,Hot-Dry
15.75914815,-19.26077881,LA1,2008-12-09,07:00:00 PM,19:00:00,Hot-Dry
15.75915222,-19.26078491,LA1,2008-12-09,07:20:00 PM,19:20:00,Hot-Dry
15.75940959,-19.26079305,LA1,2008-12-09,07:40:00 PM,19:40:00,Hot-Dry
15.75955607,-19.26121623,LA1,2008-12-09,08:00:00 PM,20:00:00,Hot-Dry
15.759552,-19.26121419,LA1,2008-12-09,08:20:00 PM,20:20:00,Hot-Dry
15.75998128,-19.26171265,LA1,2008-12-09,08:40:00 PM,20:40:00,Hot-Dry
15.76000875,-19.26172689,LA1,2008-12-09,09:00:00 PM,21:00:00,Hot-Dry
15.75969442,-19.26234741,LA1,2008-12-09,09:20:00 PM,21:20:00,Hot-Dry
15.75715841,-19.26270549,LA1,2008-12-09,09:40:00 PM,21:40:00,Hot-Dry
15.75691325,-19.26254883,LA1,2008-12-09,10:00:00 PM,22:00:00,Hot-Dry
15.75687663,-19.26255697,LA1,2008-12-09,10:20:00 PM,22:20:00,Hot-Dry
15.75727437,-19.26207886,LA1,2008-12-09,10:40:00 PM,22:40:00,Hot-Dry
15.75727641,-19.26205241,LA1,2008-12-09,11:00:00 PM,23:00:00,Hot-Dry
15.75728048,-19.26206258,LA1,2008-12-09,11:20:00 PM,23:20:00,Hot-Dry
15.7572703,-19.26206462,LA1,2008-12-09,11:40:00 PM,23:40:00,Hot-Dry
15.75724996,-19.26205851,LA1,2008-12-10,12:00:00 AM,00:00:00,Hot-Dry
15.75726115,-19.26206665,LA1,2008-12-10,12:20:00 AM,00:20:00,Hot-Dry
15.75598857,-19.26289266,LA1,2008-12-10,12:40:00 AM,00:40:00,Hot-Dry
15.75557353,-19.26335042,LA1,2008-12-10,01:00:00 AM,01:00:00,Hot-Dry
15.75510559,-19.26317342,LA1,2008-12-10,01:20:00 AM,01:20:00,Hot-Dry
15.7549113,-19.26255697,LA1,2008-12-10,01:40:00 AM,01:40:00,Hot-Dry
15.75484009,-19.26240234,LA1,2008-12-10,02:00:00 AM,02:00:00,Hot-Dry
15.75470581,-19.26208293,LA1,2008-12-10,02:20:00 AM,02:20:00,Hot-Dry
15.75472616,-19.26219889,LA1,2008-12-10,02:40:00 AM,02:40:00,Hot-Dry
15.75522461,-19.26043294,LA1,2008-12-10,03:00:00 AM,03:00:00,Hot-Dry
15.75577799,-19.26004028,LA1,2008-12-10,03:20:00 AM,03:20:00,Hot-Dry
15.75578105,-19.26002197,LA1,2008-12-10,03:40:00 AM,03:40:00,Hot-Dry
15.7558665,-19.25992839,LA1,2008-12-10,04:00:00 AM,04:00:00,Hot-Dry
15.75501404,-19.26063436,LA1,2008-12-10,04:20:00 AM,04:20:00,Hot-Dry
15.75065104,-19.26075236,LA1,2008-12-10,04:40:00 AM,04:40:00,Hot-Dry
15.7467865,-19.26046346,LA1,2008-12-10,05:00:00 AM,05:00:00,Hot-Dry
15.74440409,-19.25928955,LA1,2008-12-10,05:20:00 AM,05:20:00,Hot-Dry
15.74360046,-19.26083984,LA1,2008-12-10,05:40:00 AM,05:40:00,Hot-Dry
15.74360453,-19.26082357,LA1,2008-12-10,06:00:00 AM,06:00:00,Hot-Dry
15.74355062,-19.26610718,LA1,2008-12-10,06:20:00 AM,06:20:00,Hot-Dry
15.74355062,-19.26610514,LA1,2008-12-10,06:40:00 AM,06:40:00,Hot-Dry
15.74382528,-19.26764933,LA1,2008-12-10,07:00:00 AM,07:00:00,Hot-Dry
15.74449056,-19.27003581,LA1,2008-12-10,07:20:00 AM,07:20:00,Hot-Dry
15.74481913,-19.2722819,LA1,2008-12-10,07:40:00 AM,07:40:00,Hot-Dry
15.74313151,-19.27436727,LA1,2008-12-10,08:00:00 AM,08:00:00,Hot-Dry
15.74056702,-19.27507528,LA1,2008-12-10,08:20:00 AM,08:20:00,Hot-Dry
15.74052938,-19.27267863,LA1,2008-12-10,08:40:00 AM,08:40:00,Hot-Dry
15.74052836,-19.27266846,LA1,2008-12-10,09:00:00 AM,09:00:00,Hot-Dry
15.74204305,-19.26980998,LA1,2008-12-10,09:20:00 AM,09:20:00,Hot-Dry
15.74259237,-19.26836141,LA1,2008-12-10,09:40:00 AM,09:40:00,Hot-Dry
15.74240824,-19.26751912,LA1,2008-12-10,10:00:00 AM,10:00:00,Hot-Dry
15.74237467,-19.26753743,LA1,2008-12-10,10:20:00 AM,10:20:00,Hot-Dry
15.74279073,-19.26648763,LA1,2008-12-10,10:40:00 AM,10:40:00,Hot-Dry
15.74280396,-19.26650594,LA1,2008-12-10,11:00:00 AM,11:00:00,Hot-Dry
15.74279785,-19.25898438,LA1,2008-12-10,11:20:00 AM,11:20:00,Hot-Dry
15.74281514,-19.25899658,LA1,2008-12-10,11:40:00 AM,11:40:00,Hot-Dry
15.74478658,-19.25812988,LA1,2008-12-10,12:00:00 PM,12:00:00,Hot-Dry
15.74825236,-19.2602478,LA1,2008-12-10,12:20:00 PM,12:20:00,Hot-Dry
15.75148722,-19.25703532,LA1,2008-12-10,12:40:00 PM,12:40:00,Hot-Dry
15.75149434,-19.25704549,LA1,2008-12-10,01:00:00 PM,13:00:00,Hot-Dry
15.75246073,-19.25619303,LA1,2008-12-10,01:20:00 PM,13:20:00,Hot-Dry
15.75309957,-19.25491943,LA1,2008-12-10,01:40:00 PM,13:40:00,Hot-Dry
15.75415649,-19.25300903,LA1,2008-12-10,02:00:00 PM,14:00:00,Hot-Dry
15.75467326,-19.25055542,LA1,2008-12-10,02:20:00 PM,14:20:00,Hot-Dry
15.75810343,-19.24692993,LA1,2008-12-10,02:40:00 PM,14:40:00,Hot-Dry
15.75944926,-19.24439087,LA1,2008-12-10,03:00:00 PM,15:00:00,Hot-Dry
15.75944722,-19.24438883,LA1,2008-12-10,03:20:00 PM,15:20:00,Hot-Dry
15.75942383,-19.24500326,LA1,2008-12-10,03:40:00 PM,15:40:00,Hot-Dry
15.75941976,-19.24500529,LA1,2008-12-10,04:00:00 PM,16:00:00,Hot-Dry
15.75842183,-19.24603678,LA1,2008-12-10,04:20:00 PM,16:20:00,Hot-Dry
15.75843099,-19.24603882,LA1,2008-12-10,04:40:00 PM,16:40:00,Hot-Dry
15.75862427,-19.24846395,LA1,2008-12-10,05:00:00 PM,17:00:00,Hot-Dry
15.75858765,-19.24946289,LA1,2008-12-10,05:20:00 PM,17:20:00,Hot-Dry
15.7584727,-19.25001831,LA1,2008-12-10,05:40:00 PM,17:40:00,Hot-Dry
15.7582489,-19.25014648,LA1,2008-12-10,06:00:00 PM,18:00:00,Hot-Dry
15.75728556,-19.24955241,LA1,2008-12-10,06:20:00 PM,18:20:00,Hot-Dry
15.75607707,-19.24967448,LA1,2008-12-10,06:40:00 PM,18:40:00,Hot-Dry
15.75523682,-19.25024414,LA1,2008-12-10,07:00:00 PM,19:00:00,Hot-Dry
15.75484823,-19.25101318,LA1,2008-12-10,07:20:00 PM,19:20:00,Hot-Dry
15.75473429,-19.25203654,LA1,2008-12-10,07:40:00 PM,19:40:00,Hot-Dry
15.75447388,-19.25264689,LA1,2008-12-10,08:00:00 PM,20:00:00,Hot-Dry
15.75450033,-19.25256348,LA1,2008-12-10,08:20:00 PM,20:20:00,Hot-Dry
15.75649618,-19.25568034,LA1,2008-12-10,08:40:00 PM,20:40:00,Hot-Dry
15.75766398,-19.25608317,LA1,2008-12-10,09:00:00 PM,21:00:00,Hot-Dry
15.75792338,-19.25596313,LA1,2008-12-10,09:20:00 PM,21:20:00,Hot-Dry
15.75801595,-19.25605062,LA1,2008-12-10,09:40:00 PM,21:40:00,Hot-Dry
15.75832825,-19.25675252,LA1,2008-12-10,10:00:00 PM,22:00:00,Hot-Dry
15.75802104,-19.25643311,LA1,2008-12-10,10:20:00 PM,22:20:00,Hot-Dry
15.75765584,-19.25592041,LA1,2008-12-10,10:40:00 PM,22:40:00,Hot-Dry
15.75708822,-19.25559082,LA1,2008-12-10,11:00:00 PM,23:00:00,Hot-Dry
15.75664571,-19.25634359,LA1,2008-12-10,11:20:00 PM,23:20:00,Hot-Dry
15.75664469,-19.25632935,LA1,2008-12-10,11:40:00 PM,23:40:00,Hot-Dry
15.75864563,-19.25931396,LA1,2008-12-11,12:00:00 AM,00:00:00,Hot-Dry
15.75865072,-19.25930379,LA1,2008-12-11,12:20:00 AM,00:20:00,Hot-Dry
15.75865072,-19.25928955,LA1,2008-12-11,12:40:00 AM,00:40:00,Hot-Dry
15.75887044,-19.2589091,LA1,2008-12-11,01:00:00 AM,01:00:00,Hot-Dry
15.75936483,-19.2587321,LA1,2008-12-11,01:20:00 AM,01:20:00,Hot-Dry
15.75935669,-19.25873617,LA1,2008-12-11,01:40:00 AM,01:40:00,Hot-Dry
15.75934652,-19.25874227,LA1,2008-12-11,02:00:00 AM,02:00:00,Hot-Dry
15.75927226,-19.25884196,LA1,2008-12-11,02:20:00 AM,02:20:00,Hot-Dry
15.75926514,-19.25882975,LA1,2008-12-11,02:40:00 AM,02:40:00,Hot-Dry
15.75919393,-19.25879924,LA1,2008-12-11,03:00:00 AM,03:00:00,Hot-Dry
15.75919902,-19.25879517,LA1,2008-12-11,03:20:00 AM,03:20:00,Hot-Dry
15.75917562,-19.25880534,LA1,2008-12-11,03:40:00 AM,03:40:00,Hot-Dry
15.75962321,-19.25893962,LA1,2008-12-11,04:00:00 AM,04:00:00,Hot-Dry
15.75963135,-19.25893555,LA1,2008-12-11,04:20:00 AM,04:20:00,Hot-Dry
15.75981649,-19.25875448,LA1,2008-12-11,04:40:00 AM,04:40:00,Hot-Dry
15.76042379,-19.25844523,LA1,2008-12-11,05:00:00 AM,05:00:00,Hot-Dry
15.75976257,-19.25996501,LA1,2008-12-11,05:20:00 AM,05:20:00,Hot-Dry
15.75973511,-19.25995687,LA1,2008-12-11,05:40:00 AM,05:40:00,Hot-Dry
15.7600708,-19.26090495,LA1,2008-12-11,06:00:00 AM,06:00:00,Hot-Dry
15.76019999,-19.26152751,LA1,2008-12-11,06:20:00 AM,06:20:00,Hot-Dry
15.76062317,-19.26219889,LA1,2008-12-11,06:40:00 AM,06:40:00,Hot-Dry
15.76101481,-19.26291707,LA1,2008-12-11,07:00:00 AM,07:00:00,Hot-Dry
15.76126811,-19.26319173,LA1,2008-12-11,07:20:00 AM,07:20:00,Hot-Dry
15.76159973,-19.26476847,LA1,2008-12-11,07:40:00 AM,07:40:00,Hot-Dry
15.76160889,-19.2647644,LA1,2008-12-11,08:00:00 AM,08:00:00,Hot-Dry
15.76150411,-19.26563924,LA1,2008-12-11,08:20:00 AM,08:20:00,Hot-Dry
15.76150106,-19.26563924,LA1,2008-12-11,08:40:00 AM,08:40:00,Hot-Dry
15.76214905,-19.26566162,LA1,2008-12-11,09:00:00 AM,09:00:00,Hot-Dry
15.76230977,-19.26622925,LA1,2008-12-11,09:20:00 AM,09:20:00,Hot-Dry
15.761203,-19.26664836,LA1,2008-12-11,09:40:00 AM,09:40:00,Hot-Dry
15.76143188,-19.26679484,LA1,2008-12-11,10:00:00 AM,10:00:00,Hot-Dry
15.76080831,-19.26619466,LA1,2008-12-11,10:20:00 AM,10:20:00,Hot-Dry
15.76080119,-19.26533813,LA1,2008-12-11,10:40:00 AM,10:40:00,Hot-Dry
15.76045227,-19.26482137,LA1,2008-12-11,11:00:00 AM,11:00:00,Hot-Dry
15.75948283,-19.26398112,LA1,2008-12-11,11:20:00 AM,11:20:00,Hot-Dry
15.75948995,-19.26399129,LA1,2008-12-11,11:40:00 AM,11:40:00,Hot-Dry
15.7614919,-19.26296997,LA1,2008-12-11,12:00:00 PM,12:00:00,Hot-Dry
15.7617218,-19.26296183,LA1,2008-12-11,12:20:00 PM,12:20:00,Hot-Dry
15.76674601,-19.26355591,LA1,2008-12-11,12:40:00 PM,12:40:00,Hot-Dry
15.76701253,-19.2631368,LA1,2008-12-11,01:00:00 PM,13:00:00,Hot-Dry
15.7684021,-19.26298625,LA1,2008-12-11,01:20:00 PM,13:20:00,Hot-Dry
15.77020365,-19.26210531,LA1,2008-12-11,01:40:00 PM,13:40:00,Hot-Dry
15.769045,-19.25894572,LA1,2008-12-11,02:00:00 PM,14:00:00,Hot-Dry
15.76904907,-19.25893758,LA1,2008-12-11,02:20:00 PM,14:20:00,Hot-Dry
15.76914876,-19.25458374,LA1,2008-12-11,02:40:00 PM,14:40:00,Hot-Dry
15.76914469,-19.25459391,LA1,2008-12-11,03:00:00 PM,15:00:00,Hot-Dry
15.7683665,-19.25501099,LA1,2008-12-11,03:20:00 PM,15:20:00,Hot-Dry
15.7683431,-19.25502726,LA1,2008-12-11,03:40:00 PM,15:40:00,Hot-Dry
15.76899007,-19.24972738,LA1,2008-12-11,04:00:00 PM,16:00:00,Hot-Dry
15.7689565,-19.24909668,LA1,2008-12-11,04:20:00 PM,16:20:00,Hot-Dry
15.76895345,-19.24910482,LA1,2008-12-11,04:40:00 PM,16:40:00,Hot-Dry
15.76865438,-19.24823608,LA1,2008-12-11,05:00:00 PM,17:00:00,Hot-Dry
15.76775818,-19.24712931,LA1,2008-12-11,05:20:00 PM,17:20:00,Hot-Dry
15.76774801,-19.24711711,LA1,2008-12-11,05:40:00 PM,17:40:00,Hot-Dry
15.76779277,-19.24591675,LA1,2008-12-11,06:00:00 PM,18:00:00,Hot-Dry
15.76822713,-19.24576619,LA1,2008-12-11,06:20:00 PM,18:20:00,Hot-Dry
15.76830037,-19.24592489,LA1,2008-12-11,06:40:00 PM,18:40:00,Hot-Dry
15.76878866,-19.24698486,LA1,2008-12-11,07:00:00 PM,19:00:00,Hot-Dry
15.76855672,-19.24681396,LA1,2008-12-11,07:20:00 PM,19:20:00,Hot-Dry
15.76790466,-19.24642334,LA1,2008-12-11,07:40:00 PM,19:40:00,Hot-Dry
15.7671346,-19.24607951,LA1,2008-12-11,08:00:00 PM,20:00:00,Hot-Dry
15.76706238,-19.24637451,LA1,2008-12-11,08:20:00 PM,20:20:00,Hot-Dry
15.76706034,-19.24637655,LA1,2008-12-11,08:40:00 PM,20:40:00,Hot-Dry
15.76767171,-19.24761149,LA1,2008-12-11,09:00:00 PM,21:00:00,Hot-Dry
15.76871948,-19.24864299,LA1,2008-12-11,09:20:00 PM,21:20:00,Hot-Dry
15.76901652,-19.24847412,LA1,2008-12-11,09:40:00 PM,21:40:00,Hot-Dry
15.76922099,-19.24898682,LA1,2008-12-11,10:00:00 PM,22:00:00,Hot-Dry
15.7695109,-19.24948527,LA1,2008-12-11,10:20:00 PM,22:20:00,Hot-Dry
15.77016602,-19.24981486,LA1,2008-12-11,10:40:00 PM,22:40:00,Hot-Dry
15.77016805,-19.24980672,LA1,2008-12-11,11:00:00 PM,23:00:00,Hot-Dry
15.77040609,-19.25040487,LA1,2008-12-11,11:20:00 PM,23:20:00,Hot-Dry
15.77040304,-19.25040283,LA1,2008-12-11,11:40:00 PM,23:40:00,Hot-Dry
15.77045085,-19.25042521,LA1,2008-12-12,12:00:00 AM,00:00:00,Hot-Dry
15.77040914,-19.25029297,LA1,2008-12-12,12:20:00 AM,00:20:00,Hot-Dry
15.77038371,-19.2502889,LA1,2008-12-12,12:43:00 AM,00:43:00,Hot-Dry
15.77046102,-19.25031331,LA1,2008-12-12,01:00:00 AM,01:00:00,Hot-Dry
15.77048035,-19.25030721,LA1,2008-12-12,01:20:00 AM,01:20:00,Hot-Dry
15.77046,-19.25038045,LA1,2008-12-12,01:40:00 AM,01:40:00,Hot-Dry
15.77045593,-19.25040283,LA1,2008-12-12,02:00:00 AM,02:00:00,Hot-Dry
15.77042542,-19.25042521,LA1,2008-12-12,02:20:00 AM,02:20:00,Hot-Dry
15.77042338,-19.25042318,LA1,2008-12-12,02:40:00 AM,02:40:00,Hot-Dry
15.77043355,-19.25038045,LA1,2008-12-12,03:00:00 AM,03:00:00,Hot-Dry
15.77043762,-19.25038249,LA1,2008-12-12,03:20:00 AM,03:20:00,Hot-Dry
15.77051086,-19.25035197,LA1,2008-12-12,03:40:00 AM,03:40:00,Hot-Dry
15.77050069,-19.25030721,LA1,2008-12-12,04:00:00 AM,04:00:00,Hot-Dry
15.77047017,-19.25037842,LA1,2008-12-12,04:20:00 AM,04:20:00,Hot-Dry
15.77047017,-19.25037638,LA1,2008-12-12,04:40:00 AM,04:40:00,Hot-Dry
15.77095235,-19.250236,LA1,2008-12-12,05:00:00 AM,05:00:00,Hot-Dry
15.77111816,-19.25076904,LA1,2008-12-12,05:20:00 AM,05:20:00,Hot-Dry
15.77128703,-19.25093994,LA1,2008-12-12,05:40:00 AM,05:40:00,Hot-Dry
15.77139282,-19.25171916,LA1,2008-12-12,06:00:00 AM,06:00:00,Hot-Dry
15.77139384,-19.25172933,LA1,2008-12-12,06:20:00 AM,06:20:00,Hot-Dry
15.77180278,-19.2525472,LA1,2008-12-12,06:40:00 AM,06:40:00,Hot-Dry
15.77187907,-19.25294393,LA1,2008-12-12,07:00:00 AM,07:00:00,Hot-Dry
15.77214457,-19.25351766,LA1,2008-12-12,07:20:00 AM,07:20:00,Hot-Dry
15.7722524,-19.25440877,LA1,2008-12-12,07:40:00 AM,07:40:00,Hot-Dry
15.771521,-19.25449219,LA1,2008-12-12,08:00:00 AM,08:00:00,Hot-Dry
15.77153015,-19.25449015,LA1,2008-12-12,08:20:00 AM,08:20:00,Hot-Dry
15.77096456,-19.25547282,LA1,2008-12-12,08:40:00 AM,08:40:00,Hot-Dry
15.77020467,-19.25785116,LA1,2008-12-12,09:00:00 AM,09:00:00,Hot-Dry
15.77020365,-19.25784709,LA1,2008-12-12,09:20:00 AM,09:20:00,Hot-Dry
15.77028402,-19.25512288,LA1,2008-12-12,09:40:00 AM,09:40:00,Hot-Dry
15.77078247,-19.25380656,LA1,2008-12-12,10:00:00 AM,10:00:00,Hot-Dry
15.77078247,-19.25380249,LA1,2008-12-12,10:20:00 AM,10:20:00,Hot-Dry
15.77296448,-19.25232544,LA1,2008-12-12,10:40:00 AM,10:40:00,Hot-Dry
15.77296651,-19.25232544,LA1,2008-12-12,11:00:00 AM,11:00:00,Hot-Dry
15.7744751,-19.25054321,LA1,2008-12-12,11:20:00 AM,11:20:00,Hot-Dry
15.77449544,-19.25055542,LA1,2008-12-12,11:40:00 AM,11:40:00,Hot-Dry
15.77454732,-19.24946493,LA1,2008-12-12,12:00:00 PM,12:00:00,Hot-Dry
15.77458394,-19.2472758,LA1,2008-12-12,12:20:00 PM,12:20:00,Hot-Dry
15.77457479,-19.24727376,LA1,2008-12-12,12:40:00 PM,12:40:00,Hot-Dry
15.77460429,-19.24696452,LA1,2008-12-12,01:00:00 PM,13:00:00,Hot-Dry
15.77377523,-19.24634603,LA1,2008-12-12,01:20:00 PM,13:20:00,Hot-Dry
15.77170003,-19.24501953,LA1,2008-12-12,01:40:00 PM,13:40:00,Hot-Dry
15.77048848,-19.24381307,LA1,2008-12-12,02:00:00 PM,14:00:00,Hot-Dry
15.77051392,-19.24381917,LA1,2008-12-12,02:20:00 PM,14:20:00,Hot-Dry
15.77057902,-19.24381917,LA1,2008-12-12,02:40:00 PM,14:40:00,Hot-Dry
15.77055562,-19.24384562,LA1,2008-12-12,03:00:00 PM,15:00:00,Hot-Dry
15.77054952,-19.24384969,LA1,2008-12-12,03:20:00 PM,15:20:00,Hot-Dry
15.77060649,-19.24379476,LA1,2008-12-12,03:40:00 PM,15:40:00,Hot-Dry
15.77059428,-19.24375203,LA1,2008-12-12,04:00:00 PM,16:00:00,Hot-Dry
15.7705363,-19.24296875,LA1,2008-12-12,04:20:00 PM,16:20:00,Hot-Dry
15.77054138,-19.24296875,LA1,2008-12-12,04:40:00 PM,16:40:00,Hot-Dry
15.77104289,-19.24205933,LA1,2008-12-12,05:00:00 PM,17:00:00,Hot-Dry
15.77142029,-19.24250488,LA1,2008-12-12,05:20:00 PM,17:20:00,Hot-Dry
15.77235616,-19.24241943,LA1,2008-12-12,05:40:00 PM,17:40:00,Hot-Dry
15.77365824,-19.24194132,LA1,2008-12-12,06:00:00 PM,18:00:00,Hot-Dry
15.77362874,-19.24136353,LA1,2008-12-12,06:20:00 PM,18:20:00,Hot-Dry
15.77363688,-19.24136353,LA1,2008-12-12,06:40:00 PM,18:40:00,Hot-Dry
15.77431641,-19.24084473,LA1,2008-12-12,07:00:00 PM,19:00:00,Hot-Dry
15.77457987,-19.24153646,LA1,2008-12-12,07:20:00 PM,19:20:00,Hot-Dry
15.77459005,-19.24178263,LA1,2008-12-12,07:40:00 PM,19:40:00,Hot-Dry
15.77524516,-19.24196981,LA1,2008-12-12,08:00:00 PM,20:00:00,Hot-Dry
15.77526245,-19.24197184,LA1,2008-12-12,08:20:00 PM,20:20:00,Hot-Dry
15.77573547,-19.24249268,LA1,2008-12-12,08:40:00 PM,20:40:00,Hot-Dry
15.7758962,-19.2426005,LA1,2008-12-12,09:00:00 PM,21:00:00,Hot-Dry
15.77476908,-19.24285075,LA1,2008-12-12,09:20:00 PM,21:20:00,Hot-Dry
15.77449036,-19.24285482,LA1,2008-12-12,09:40:00 PM,21:40:00,Hot-Dry
15.77448527,-19.24248454,LA1,2008-12-12,10:00:00 PM,22:00:00,Hot-Dry
15.77354126,-19.24253133,LA1,2008-12-12,10:20:00 PM,22:20:00,Hot-Dry
15.77341207,-19.24253743,LA1,2008-12-12,10:40:00 PM,22:40:00,Hot-Dry
15.77325541,-19.24303589,LA1,2008-12-12,11:00:00 PM,23:00:00,Hot-Dry
15.77327067,-19.24300944,LA1,2008-12-12,11:20:00 PM,23:20:00,Hot-Dry
15.77324219,-19.24302368,LA1,2008-12-12,11:40:00 PM,23:40:00,Hot-Dry
15.77326457,-19.24301554,LA1,2008-12-13,12:00:38 AM,00:00:00,Hot-Dry
15.77324422,-19.2429891,LA1,2008-12-13,12:20:38 AM,00:20:00,Hot-Dry
15.7732432,-19.24302368,LA1,2008-12-13,12:40:38 AM,00:40:00,Hot-Dry
15.77336629,-19.24301758,LA1,2008-12-13,01:00:38 AM,01:00:00,Hot-Dry
15.77330933,-19.24302165,LA1,2008-12-13,01:20:38 AM,01:20:00,Hot-Dry
15.77300517,-19.24241333,LA1,2008-12-13,01:40:38 AM,01:40:00,Hot-Dry
15.77245178,-19.24201253,LA1,2008-12-13,02:00:38 AM,02:00:00,Hot-Dry
15.77245687,-19.24198201,LA1,2008-12-13,02:20:38 AM,02:20:00,Hot-Dry
15.77244873,-19.24197591,LA1,2008-12-13,02:40:38 AM,02:40:00,Hot-Dry
15.77245076,-19.24194336,LA1,2008-12-13,03:00:38 AM,03:00:00,Hot-Dry
15.77240194,-19.24209188,LA1,2008-12-13,03:20:38 AM,03:20:00,Hot-Dry
15.77242432,-19.24199219,LA1,2008-12-13,03:40:38 AM,03:40:00,Hot-Dry
15.77241618,-19.24199422,LA1,2008-12-13,04:00:38 AM,04:00:00,Hot-Dry
15.77235209,-19.24200439,LA1,2008-12-13,04:20:38 AM,04:20:00,Hot-Dry
15.77241007,-19.24203695,LA1,2008-12-13,04:40:38 AM,04:40:00,Hot-Dry
15.77131551,-19.24165039,LA1,2008-12-13,05:00:38 AM,05:00:00,Hot-Dry
15.77022502,-19.24298096,LA1,2008-12-13,05:20:38 AM,05:20:00,Hot-Dry
15.77048136,-19.24378866,LA1,2008-12-13,05:40:38 AM,05:40:00,Hot-Dry
15.77044779,-19.24368693,LA1,2008-12-13,06:00:38 AM,06:00:00,Hot-Dry
15.76984355,-19.24242147,LA1,2008-12-13,06:20:38 AM,06:20:00,Hot-Dry
15.76676025,-19.24108683,LA1,2008-12-13,06:40:38 AM,06:40:00,Hot-Dry
15.76701558,-19.24034627,LA1,2008-12-13,07:00:38 AM,07:00:00,Hot-Dry
15.76745199,-19.24029744,LA1,2008-12-13,07:20:38 AM,07:20:00,Hot-Dry
15.76811829,-19.2398702,LA1,2008-12-13,07:40:38 AM,07:40:00,Hot-Dry
15.7688029,-19.23966675,LA1,2008-12-13,08:00:38 AM,08:00:00,Hot-Dry
15.76900228,-19.23954671,LA1,2008-12-13,08:20:38 AM,08:20:00,Hot-Dry
15.76945089,-19.23946533,LA1,2008-12-13,08:40:38 AM,08:40:00,Hot-Dry
15.77051595,-19.23898315,LA1,2008-12-13,09:00:38 AM,09:00:00,Hot-Dry
15.77169596,-19.23795369,LA1,2008-12-13,09:20:38 AM,09:20:00,Hot-Dry
15.77234497,-19.23734538,LA1,2008-12-13,09:40:38 AM,09:40:00,Hot-Dry
15.77414042,-19.23545125,LA1,2008-12-13,10:00:38 AM,10:00:00,Hot-Dry
15.77389628,-19.23533122,LA1,2008-12-13,10:20:38 AM,10:20:00,Hot-Dry
15.77390137,-19.23533732,LA1,2008-12-13,10:40:38 AM,10:40:00,Hot-Dry
15.77376709,-19.2350057,LA1,2008-12-13,11:00:38 AM,11:00:00,Hot-Dry
15.771934,-19.23490194,LA1,2008-12-13,11:20:38 AM,11:20:00,Hot-Dry
15.77193095,-19.23489787,LA1,2008-12-13,11:40:38 AM,11:40:00,Hot-Dry
15.77125041,-19.23535156,LA1,2008-12-13,12:00:38 PM,12:00:00,Hot-Dry
15.77067464,-19.23678996,LA1,2008-12-13,12:20:38 PM,12:20:00,Hot-Dry
15.76873983,-19.23877563,LA1,2008-12-13,12:40:38 PM,12:40:00,Hot-Dry
15.76733907,-19.24054972,LA1,2008-12-13,01:00:38 PM,13:00:00,Hot-Dry
15.76733602,-19.24054972,LA1,2008-12-13,01:20:38 PM,13:20:00,Hot-Dry
15.76764628,-19.24073079,LA1,2008-12-13,01:40:38 PM,13:40:00,Hot-Dry
15.76770325,-19.24160156,LA1,2008-12-13,02:00:38 PM,14:00:00,Hot-Dry
15.77011108,-19.24430949,LA1,2008-12-13,02:20:38 PM,14:20:00,Hot-Dry
15.77156372,-19.24552816,LA1,2008-12-13,02:40:38 PM,14:40:00,Hot-Dry
15.77151794,-19.24605103,LA1,2008-12-13,03:00:38 PM,15:00:00,Hot-Dry
15.77203471,-19.2465332,LA1,2008-12-13,03:20:38 PM,15:20:00,Hot-Dry
15.77229614,-19.24726156,LA1,2008-12-13,03:40:38 PM,15:40:00,Hot-Dry
15.77243042,-19.24786784,LA1,2008-12-13,04:00:38 PM,16:00:00,Hot-Dry
15.77279154,-19.24914144,LA1,2008-12-13,04:20:38 PM,16:20:00,Hot-Dry
15.77320048,-19.25010579,LA1,2008-12-13,04:40:38 PM,16:40:00,Hot-Dry
15.77275798,-19.25097656,LA1,2008-12-13,05:00:38 PM,17:00:00,Hot-Dry
15.77281596,-19.25128174,LA1,2008-12-13,05:20:38 PM,17:20:00,Hot-Dry
15.77307536,-19.25161743,LA1,2008-12-13,05:40:38 PM,17:40:00,Hot-Dry
15.77289124,-19.25228678,LA1,2008-12-13,06:00:38 PM,18:00:00,Hot-Dry
15.77242533,-19.25268148,LA1,2008-12-13,06:20:38 PM,18:20:00,Hot-Dry
15.77068583,-19.25376994,LA1,2008-12-13,06:40:38 PM,18:40:00,Hot-Dry
15.77047119,-19.25327148,LA1,2008-12-13,07:00:38 PM,19:00:00,Hot-Dry
15.77024841,-19.25131632,LA1,2008-12-13,07:20:38 PM,19:20:00,Hot-Dry
15.77033793,-19.25069987,LA1,2008-12-13,07:40:38 PM,19:40:00,Hot-Dry
15.77044271,-19.25053304,LA1,2008-12-13,08:00:38 PM,20:00:00,Hot-Dry
15.77157084,-19.25009766,LA1,2008-12-13,08:20:38 PM,20:20:00,Hot-Dry
15.77175598,-19.25017904,LA1,2008-12-13,08:40:38 PM,20:40:00,Hot-Dry
15.77197978,-19.24992879,LA1,2008-12-13,09:00:38 PM,21:00:00,Hot-Dry
15.77277323,-19.24912516,LA1,2008-12-13,09:20:38 PM,21:20:00,Hot-Dry
15.77316081,-19.24880778,LA1,2008-12-13,09:40:38 PM,21:40:00,Hot-Dry
15.77393392,-19.24847616,LA1,2008-12-13,10:00:38 PM,22:00:00,Hot-Dry
15.77450663,-19.24783936,LA1,2008-12-13,10:20:38 PM,22:20:00,Hot-Dry
15.77450663,-19.24784342,LA1,2008-12-13,10:40:38 PM,22:40:00,Hot-Dry
15.77487895,-19.24645589,LA1,2008-12-13,11:00:38 PM,23:00:00,Hot-Dry
15.77473348,-19.24560954,LA1,2008-12-13,11:20:38 PM,23:20:00,Hot-Dry
15.77450358,-19.24534098,LA1,2008-12-13,11:40:38 PM,23:40:00,Hot-Dry
15.77389832,-19.24500732,LA1,2008-12-14,12:00:38 AM,00:00:00,Hot-Dry
15.77362874,-19.24480591,LA1,2008-12-14,12:20:38 AM,00:20:00,Hot-Dry
15.77331645,-19.24488525,LA1,2008-12-14,12:40:38 AM,00:40:00,Hot-Dry
15.77333476,-19.24494019,LA1,2008-12-14,01:00:44 AM,01:00:00,Hot-Dry
15.7733256,-19.24484456,LA1,2008-12-14,01:20:38 AM,01:20:00,Hot-Dry
15.77332052,-19.24483643,LA1,2008-12-14,01:40:44 AM,01:40:00,Hot-Dry
15.77329508,-19.24493815,LA1,2008-12-14,02:00:38 AM,02:00:00,Hot-Dry
15.77329814,-19.24493408,LA1,2008-12-14,02:20:38 AM,02:20:00,Hot-Dry
15.77329,-19.24497884,LA1,2008-12-14,02:40:38 AM,02:40:00,Hot-Dry
15.7733134,-19.24488322,LA1,2008-12-14,03:00:38 AM,03:00:00,Hot-Dry
15.77327169,-19.24497681,LA1,2008-12-14,03:20:38 AM,03:20:00,Hot-Dry
15.77326762,-19.24497681,LA1,2008-12-14,03:40:38 AM,03:40:00,Hot-Dry
15.77344564,-19.24465332,LA1,2008-12-14,04:00:38 AM,04:00:00,Hot-Dry
15.7734965,-19.24467773,LA1,2008-12-14,04:20:38 AM,04:20:00,Hot-Dry
15.77343547,-19.24471029,LA1,2008-12-14,04:40:38 AM,04:40:00,Hot-Dry
15.77335612,-19.24527181,LA1,2008-12-14,05:00:38 AM,05:00:00,Hot-Dry
15.77315877,-19.24516195,LA1,2008-12-14,05:20:38 AM,05:20:00,Hot-Dry
15.77316793,-19.24536336,LA1,2008-12-14,05:40:38 AM,05:40:00,Hot-Dry
15.77422791,-19.24542643,LA1,2008-12-14,06:00:38 AM,06:00:00,Hot-Dry
15.77555237,-19.24541219,LA1,2008-12-14,06:20:38 AM,06:20:00,Hot-Dry
15.77654928,-19.24471639,LA1,2008-12-14,06:40:38 AM,06:40:00,Hot-Dry
15.77672729,-19.24423014,LA1,2008-12-14,07:00:38 AM,07:00:00,Hot-Dry
15.77791748,-19.2427653,LA1,2008-12-14,07:20:38 AM,07:20:00,Hot-Dry
15.77847799,-19.24211833,LA1,2008-12-14,07:40:38 AM,07:40:00,Hot-Dry
15.77987976,-19.24080607,LA1,2008-12-14,08:00:38 AM,08:00:00,Hot-Dry
15.78262024,-19.23966471,LA1,2008-12-14,08:20:38 AM,08:20:00,Hot-Dry
15.78200378,-19.23828328,LA1,2008-12-14,08:40:38 AM,08:40:00,Hot-Dry
15.7861613,-19.2398641,LA1,2008-12-14,09:00:38 AM,09:00:00,Hot-Dry
15.78734334,-19.24025269,LA1,2008-12-14,09:20:38 AM,09:20:00,Hot-Dry
15.78028259,-19.23711141,LA1,2008-12-14,09:40:38 AM,09:40:00,Hot-Dry
15.78027344,-19.23711344,LA1,2008-12-14,10:00:38 AM,10:00:00,Hot-Dry
15.77885946,-19.23771362,LA1,2008-12-14,10:20:38 AM,10:20:00,Hot-Dry
15.77886353,-19.23770752,LA1,2008-12-14,10:40:38 AM,10:40:00,Hot-Dry
15.77830404,-19.23737386,LA1,2008-12-14,11:00:38 AM,11:00:00,Hot-Dry
15.77615967,-19.23589478,LA1,2008-12-14,11:20:38 AM,11:20:00,Hot-Dry
15.77574259,-19.23560181,LA1,2008-12-14,11:40:38 AM,11:40:00,Hot-Dry
15.77403463,-19.23476156,LA1,2008-12-14,12:00:38 PM,12:00:00,Hot-Dry
15.77442118,-19.2341451,LA1,2008-12-14,12:20:38 PM,12:20:00,Hot-Dry
15.77383626,-19.23420614,LA1,2008-12-14,12:40:38 PM,12:40:00,Hot-Dry
15.76924235,-19.23429565,LA1,2008-12-14,01:00:38 PM,13:00:00,Hot-Dry
15.76925964,-19.23429159,LA1,2008-12-14,01:20:38 PM,13:20:00,Hot-Dry
15.76848145,-19.23462931,LA1,2008-12-14,01:40:38 PM,13:40:00,Hot-Dry
15.76656291,-19.23472087,LA1,2008-12-14,02:00:38 PM,14:00:00,Hot-Dry
15.76563517,-19.23479818,LA1,2008-12-14,02:20:38 PM,14:20:00,Hot-Dry
15.7646759,-19.23415731,LA1,2008-12-14,02:40:38 PM,14:40:00,Hot-Dry
15.76503703,-19.23335978,LA1,2008-12-14,03:00:38 PM,15:00:00,Hot-Dry
15.76251831,-19.23212484,LA1,2008-12-14,03:20:38 PM,15:20:00,Hot-Dry
15.76251424,-19.2321228,LA1,2008-12-14,03:40:38 PM,15:40:00,Hot-Dry
15.76111043,-19.23294678,LA1,2008-12-14,04:00:38 PM,16:00:00,Hot-Dry
15.75970459,-19.23304036,LA1,2008-12-14,04:20:38 PM,16:20:00,Hot-Dry
15.75607503,-19.23252767,LA1,2008-12-14,04:40:38 PM,16:40:00,Hot-Dry
15.75607605,-19.23185221,LA1,2008-12-14,05:00:38 PM,17:00:00,Hot-Dry
15.75561727,-19.22979533,LA1,2008-12-14,05:20:38 PM,17:20:00,Hot-Dry
15.75566305,-19.22815348,LA1,2008-12-14,05:40:38 PM,17:40:00,Hot-Dry
15.75561829,-19.22772827,LA1,2008-12-14,06:00:38 PM,18:00:00,Hot-Dry
15.75618795,-19.22734578,LA1,2008-12-14,06:20:38 PM,18:20:00,Hot-Dry
15.7572703,-19.2273763,LA1,2008-12-14,06:40:38 PM,18:40:00,Hot-Dry
15.75829976,-19.22757161,LA1,2008-12-14,07:00:38 PM,19:00:00,Hot-Dry
15.75927938,-19.22738851,LA1,2008-12-14,07:20:38 PM,19:20:00,Hot-Dry
15.76058248,-19.22680461,LA1,2008-12-14,07:40:38 PM,19:40:00,Hot-Dry
15.76110738,-19.22669678,LA1,2008-12-14,08:00:38 PM,20:00:00,Hot-Dry
15.7620046,-19.22654622,LA1,2008-12-14,08:20:38 PM,20:20:00,Hot-Dry
15.76223246,-19.22632853,LA1,2008-12-14,08:40:38 PM,20:40:00,Hot-Dry
15.76230367,-19.22705688,LA1,2008-12-14,09:00:38 PM,21:00:00,Hot-Dry
15.7623881,-19.22766724,LA1,2008-12-14,09:20:38 PM,21:20:00,Hot-Dry
15.7626709,-19.22776286,LA1,2008-12-14,09:40:38 PM,21:40:00,Hot-Dry
15.76241557,-19.22807414,LA1,2008-12-14,10:00:38 PM,22:00:00,Hot-Dry
15.76201986,-19.22836914,LA1,2008-12-14,10:20:38 PM,22:20:00,Hot-Dry
15.76201782,-19.22837118,LA1,2008-12-14,10:40:38 PM,22:40:00,Hot-Dry
15.76242574,-19.22846476,LA1,2008-12-14,11:00:38 PM,23:00:00,Hot-Dry
15.76235962,-19.22844849,LA1,2008-12-14,11:20:38 PM,23:20:00,Hot-Dry
15.76248169,-19.22847493,LA1,2008-12-14,11:40:48 PM,23:40:00,Hot-Dry
15.76250305,-19.22843424,LA1,2008-12-15,12:00:48 AM,00:00:00,Hot-Dry
15.76246134,-19.22843831,LA1,2008-12-15,12:20:49 AM,00:20:00,Hot-Dry
15.76250916,-19.22838135,LA1,2008-12-15,12:40:48 AM,00:40:00,Hot-Dry
15.7624766,-19.22842814,LA1,2008-12-15,01:00:48 AM,01:00:00,Hot-Dry
15.7624115,-19.22844645,LA1,2008-12-15,01:20:48 AM,01:20:00,Hot-Dry
15.76257121,-19.22833049,LA1,2008-12-15,01:40:48 AM,01:40:00,Hot-Dry
15.76253967,-19.2284139,LA1,2008-12-15,02:00:48 AM,02:00:00,Hot-Dry
15.76247965,-19.22844238,LA1,2008-12-15,02:20:48 AM,02:20:00,Hot-Dry
15.76253153,-19.22839152,LA1,2008-12-15,02:41:19 AM,02:41:00,Hot-Dry
15.76254985,-19.2284139,LA1,2008-12-15,03:00:48 AM,03:00:00,Hot-Dry
15.76308492,-19.22729492,LA1,2008-12-15,03:20:48 AM,03:20:00,Hot-Dry
15.76381124,-19.22661743,LA1,2008-12-15,03:40:48 AM,03:40:00,Hot-Dry
15.76383158,-19.2266276,LA1,2008-12-15,04:00:48 AM,04:00:00,Hot-Dry
15.76429647,-19.22666016,LA1,2008-12-15,04:20:48 AM,04:20:00,Hot-Dry
15.76461589,-19.2265564,LA1,2008-12-15,04:40:48 AM,04:40:00,Hot-Dry
15.76484273,-19.22696126,LA1,2008-12-15,05:00:48 AM,05:00:00,Hot-Dry
15.76528625,-19.22689006,LA1,2008-12-15,05:20:48 AM,05:20:00,Hot-Dry
15.76584981,-19.22583618,LA1,2008-12-15,05:40:48 AM,05:40:00,Hot-Dry
15.76606242,-19.22596842,LA1,2008-12-15,06:00:48 AM,06:00:00,Hot-Dry
15.7669637,-19.22569377,LA1,2008-12-15,06:20:48 AM,06:20:00,Hot-Dry
15.76694946,-19.22569987,LA1,2008-12-15,06:40:48 AM,06:40:00,Hot-Dry
15.76730855,-19.2267395,LA1,2008-12-15,07:00:48 AM,07:00:00,Hot-Dry
15.7670166,-19.22788696,LA1,2008-12-15,07:20:48 AM,07:20:00,Hot-Dry
15.76654256,-19.22831624,LA1,2008-12-15,07:40:48 AM,07:40:00,Hot-Dry
15.76676331,-19.2293925,LA1,2008-12-15,08:00:48 AM,08:00:00,Hot-Dry
15.76699626,-19.23050537,LA1,2008-12-15,08:20:48 AM,08:20:00,Hot-Dry
15.76687419,-19.23070679,LA1,2008-12-15,08:40:48 AM,08:40:00,Hot-Dry
15.76582947,-19.23331706,LA1,2008-12-15,09:00:48 AM,09:00:00,Hot-Dry
15.76564229,-19.23549805,LA1,2008-12-15,09:20:48 AM,09:20:00,Hot-Dry
15.76644185,-19.237559,LA1,2008-12-15,09:40:48 AM,09:40:00,Hot-Dry
15.76690877,-19.24032593,LA1,2008-12-15,10:00:48 AM,10:00:00,Hot-Dry
15.76723124,-19.24055379,LA1,2008-12-15,10:20:48 AM,10:20:00,Hot-Dry
15.76736857,-19.24054565,LA1,2008-12-15,10:40:48 AM,10:40:00,Hot-Dry
15.76753438,-19.2405009,LA1,2008-12-15,11:00:48 AM,11:00:00,Hot-Dry
15.76731567,-19.24045207,LA1,2008-12-15,11:20:48 AM,11:20:00,Hot-Dry
15.76663208,-19.24037882,LA1,2008-12-15,11:40:48 AM,11:40:00,Hot-Dry
15.76442057,-19.24029948,LA1,2008-12-15,12:00:48 PM,12:00:00,Hot-Dry
15.76317851,-19.23984985,LA1,2008-12-15,12:20:49 PM,12:20:00,Hot-Dry
15.76199748,-19.23912354,LA1,2008-12-15,12:40:48 PM,12:40:00,Hot-Dry
15.76163534,-19.2386617,LA1,2008-12-15,01:00:48 PM,13:00:00,Hot-Dry
15.76192729,-19.23760783,LA1,2008-12-15,01:20:48 PM,13:20:00,Hot-Dry
15.76225993,-19.23728434,LA1,2008-12-15,01:40:48 PM,13:40:00,Hot-Dry
15.76231995,-19.2365682,LA1,2008-12-15,02:00:48 PM,14:00:00,Hot-Dry
15.76297099,-19.23672078,LA1,2008-12-15,02:20:48 PM,14:20:00,Hot-Dry
15.76472778,-19.23589681,LA1,2008-12-15,02:40:48 PM,14:40:00,Hot-Dry
15.76535441,-19.23595581,LA1,2008-12-15,03:00:48 PM,15:00:00,Hot-Dry
15.76566162,-19.23586833,LA1,2008-12-15,03:20:48 PM,15:20:00,Hot-Dry
15.76525675,-19.23613078,LA1,2008-12-15,03:40:48 PM,15:40:00,Hot-Dry
15.76512655,-19.23621623,LA1,2008-12-15,04:00:48 PM,16:00:00,Hot-Dry
15.76572774,-19.23598836,LA1,2008-12-15,04:20:48 PM,16:20:00,Hot-Dry
15.76640015,-19.23509318,LA1,2008-12-15,04:40:48 PM,16:40:00,Hot-Dry
15.76666972,-19.23493856,LA1,2008-12-15,05:00:48 PM,17:00:00,Hot-Dry
15.76658223,-19.23438721,LA1,2008-12-15,05:20:48 PM,17:20:00,Hot-Dry
15.76647135,-19.23465373,LA1,2008-12-15,05:40:48 PM,17:40:00,Hot-Dry
15.76657817,-19.23456421,LA1,2008-12-15,06:00:48 PM,18:00:00,Hot-Dry
15.7661794,-19.23424886,LA1,2008-12-15,06:20:48 PM,18:20:00,Hot-Dry
15.76589559,-19.23422038,LA1,2008-12-15,06:40:48 PM,18:40:00,Hot-Dry
15.765743,-19.23403117,LA1,2008-12-15,07:00:48 PM,19:00:00,Hot-Dry
15.76436666,-19.23357544,LA1,2008-12-15,07:20:48 PM,19:20:00,Hot-Dry
15.76433614,-19.23307902,LA1,2008-12-15,07:40:49 PM,19:40:00,Hot-Dry
15.76470133,-19.23278198,LA1,2008-12-15,08:00:48 PM,20:00:00,Hot-Dry
15.76470235,-19.23277791,LA1,2008-12-15,08:20:38 PM,20:20:00,Hot-Dry
15.76466166,-19.23270874,LA1,2008-12-15,08:40:38 PM,20:40:00,Hot-Dry
15.76466268,-19.23273722,LA1,2008-12-15,09:00:38 PM,21:00:00,Hot-Dry
15.76462708,-19.23268229,LA1,2008-12-15,09:20:38 PM,21:20:00,Hot-Dry
15.76439412,-19.2326416,LA1,2008-12-15,09:40:38 PM,21:40:00,Hot-Dry
15.76441243,-19.23251139,LA1,2008-12-15,10:00:38 PM,22:00:00,Hot-Dry
15.76464945,-19.2323527,LA1,2008-12-15,10:20:38 PM,22:20:00,Hot-Dry
15.76463013,-19.23237101,LA1,2008-12-15,10:40:38 PM,22:40:00,Hot-Dry
15.76501668,-19.2322347,LA1,2008-12-15,11:00:38 PM,23:00:00,Hot-Dry
15.76517232,-19.23190104,LA1,2008-12-15,11:20:38 PM,23:20:00,Hot-Dry
15.76508077,-19.23143107,LA1,2008-12-15,11:40:38 PM,23:40:00,Hot-Dry
15.7650828,-19.23143107,LA1,2008-12-16,12:00:38 AM,00:00:00,Hot-Dry
15.76571757,-19.22997437,LA1,2008-12-16,12:20:38 AM,00:20:00,Hot-Dry
15.76631165,-19.22994588,LA1,2008-12-16,12:40:38 AM,00:40:00,Hot-Dry
15.76631877,-19.23001302,LA1,2008-12-16,01:00:38 AM,01:00:00,Hot-Dry
15.76589762,-19.2292745,LA1,2008-12-16,01:20:38 AM,01:20:00,Hot-Dry
15.76590068,-19.22927653,LA1,2008-12-16,01:40:38 AM,01:40:00,Hot-Dry
15.76589254,-19.22928263,LA1,2008-12-16,02:00:38 AM,02:00:00,Hot-Dry
15.76582031,-19.22937419,LA1,2008-12-16,02:20:38 AM,02:20:00,Hot-Dry
15.76591492,-19.22924601,LA1,2008-12-16,02:40:38 AM,02:40:00,Hot-Dry
15.76586202,-19.22928467,LA1,2008-12-16,03:00:38 AM,03:00:00,Hot-Dry
15.76582947,-19.22929688,LA1,2008-12-16,03:20:38 AM,03:20:00,Hot-Dry
15.76607463,-19.22880452,LA1,2008-12-16,03:40:38 AM,03:40:00,Hot-Dry
15.76607971,-19.22879842,LA1,2008-12-16,04:00:38 AM,04:00:00,Hot-Dry
15.76612956,-19.22878418,LA1,2008-12-16,04:20:38 AM,04:20:00,Hot-Dry
15.76612651,-19.22878621,LA1,2008-12-16,04:40:38 AM,04:40:00,Hot-Dry
15.76573385,-19.22842611,LA1,2008-12-16,05:00:38 AM,05:00:00,Hot-Dry
15.76589864,-19.22789103,LA1,2008-12-16,05:20:38 AM,05:20:00,Hot-Dry
15.76534526,-19.22706909,LA1,2008-12-16,05:40:38 AM,05:40:00,Hot-Dry
15.76501261,-19.22702637,LA1,2008-12-16,06:00:38 AM,06:00:00,Hot-Dry
15.76500753,-19.22666626,LA1,2008-12-16,06:20:38 AM,06:20:00,Hot-Dry
15.76512756,-19.22671712,LA1,2008-12-16,06:40:38 AM,06:40:00,Hot-Dry
15.76560771,-19.22693278,LA1,2008-12-16,07:00:38 AM,07:00:00,Hot-Dry
15.76643168,-19.22672933,LA1,2008-12-16,07:20:38 AM,07:20:00,Hot-Dry
15.76750793,-19.22671916,LA1,2008-12-16,07:40:38 AM,07:40:00,Hot-Dry
15.76921183,-19.22623494,LA1,2008-12-16,08:00:38 AM,08:00:00,Hot-Dry
15.77037455,-19.22390951,LA1,2008-12-16,08:20:38 AM,08:20:00,Hot-Dry
15.77023112,-19.22251587,LA1,2008-12-16,08:40:38 AM,08:40:00,Hot-Dry
15.7707489,-19.22229818,LA1,2008-12-16,09:00:38 AM,09:00:00,Hot-Dry
15.77177124,-19.22294922,LA1,2008-12-16,09:20:38 AM,09:20:00,Hot-Dry
15.77387085,-19.22920736,LA1,2008-12-16,09:40:38 AM,09:40:00,Hot-Dry
15.7738678,-19.22920532,LA1,2008-12-16,10:00:38 AM,10:00:00,Hot-Dry
15.77399089,-19.23180745,LA1,2008-12-16,10:20:38 AM,10:20:00,Hot-Dry
15.77364197,-19.23156331,LA1,2008-12-16,10:40:38 AM,10:40:00,Hot-Dry
15.77389221,-19.23262533,LA1,2008-12-16,11:00:38 AM,11:00:00,Hot-Dry
15.77389018,-19.23261922,LA1,2008-12-16,11:20:38 AM,11:20:00,Hot-Dry
15.77224528,-19.23454386,LA1,2008-12-16,11:40:38 AM,11:40:00,Hot-Dry
15.77150777,-19.2351827,LA1,2008-12-16,12:00:38 PM,12:00:00,Hot-Dry
15.77460327,-19.23550008,LA1,2008-12-16,12:20:38 PM,12:20:00,Hot-Dry
15.77573039,-19.2355896,LA1,2008-12-16,12:40:38 PM,12:40:00,Hot-Dry
15.77446187,-19.23556112,LA1,2008-12-16,01:00:38 PM,13:00:00,Hot-Dry
15.77223307,-19.23682454,LA1,2008-12-16,01:20:38 PM,13:20:00,Hot-Dry
15.77125753,-19.23731486,LA1,2008-12-16,01:40:38 PM,13:40:00,Hot-Dry
15.77070821,-19.23711344,LA1,2008-12-16,02:00:38 PM,14:00:00,Hot-Dry
15.76886902,-19.23877563,LA1,2008-12-16,02:20:38 PM,14:20:00,Hot-Dry
15.76747945,-19.23976644,LA1,2008-12-16,02:40:38 PM,14:40:00,Hot-Dry
15.76732686,-19.240566,LA1,2008-12-16,03:00:38 PM,15:00:00,Hot-Dry
15.76868591,-19.23993327,LA1,2008-12-16,03:20:38 PM,15:20:00,Hot-Dry
15.76907857,-19.23991089,LA1,2008-12-16,03:40:38 PM,15:40:00,Hot-Dry
15.76925151,-19.23983765,LA1,2008-12-16,04:00:38 PM,16:00:00,Hot-Dry
15.76889547,-19.23938599,LA1,2008-12-16,04:20:38 PM,16:20:00,Hot-Dry
15.76876933,-19.23936768,LA1,2008-12-16,04:40:38 PM,16:40:00,Hot-Dry
15.76883545,-19.23984375,LA1,2008-12-16,05:00:38 PM,17:00:00,Hot-Dry
15.76925252,-19.23966878,LA1,2008-12-16,05:20:38 PM,17:20:00,Hot-Dry
15.76973979,-19.23944092,LA1,2008-12-16,05:40:38 PM,17:40:00,Hot-Dry
15.77038676,-19.23937581,LA1,2008-12-16,06:00:38 PM,18:00:00,Hot-Dry
15.77049255,-19.23940226,LA1,2008-12-16,06:20:38 PM,18:20:00,Hot-Dry
15.77184245,-19.23824056,LA1,2008-12-16,06:40:38 PM,18:40:00,Hot-Dry
15.77171224,-19.23792928,LA1,2008-12-16,07:00:38 PM,19:00:00,Hot-Dry
15.77191671,-19.23735555,LA1,2008-12-16,07:20:38 PM,19:20:00,Hot-Dry
15.77161255,-19.23643595,LA1,2008-12-16,07:40:38 PM,19:40:00,Hot-Dry
15.77110494,-19.23543701,LA1,2008-12-16,08:00:38 PM,20:00:00,Hot-Dry
15.7706075,-19.23466187,LA1,2008-12-16,08:20:38 PM,20:20:00,Hot-Dry
15.76937154,-19.23310343,LA1,2008-12-16,08:40:38 PM,20:40:00,Hot-Dry
15.768927,-19.23331095,LA1,2008-12-16,09:00:38 PM,21:00:00,Hot-Dry
15.76847432,-19.23280029,LA1,2008-12-16,09:20:38 PM,21:20:00,Hot-Dry
15.76892497,-19.23271688,LA1,2008-12-16,09:40:38 PM,21:40:00,Hot-Dry
15.76831258,-19.23175049,LA1,2008-12-16,10:00:38 PM,22:00:00,Hot-Dry
15.7690745,-19.23141683,LA1,2008-12-16,10:20:38 PM,22:20:00,Hot-Dry
15.76948649,-19.23112386,LA1,2008-12-16,10:40:38 PM,22:40:00,Hot-Dry
15.76949259,-19.23053385,LA1,2008-12-16,11:00:38 PM,23:00:00,Hot-Dry
15.76960347,-19.23047078,LA1,2008-12-16,11:20:38 PM,23:20:00,Hot-Dry
15.76945496,-19.23010864,LA1,2008-12-16,11:40:38 PM,23:40:00,Hot-Dry
15.76957397,-19.22953491,LA1,2008-12-17,12:00:38 AM,00:00:00,Hot-Dry
15.76957397,-19.22916463,LA1,2008-12-17,12:20:38 AM,00:20:00,Hot-Dry
15.76974894,-19.22903442,LA1,2008-12-17,12:40:38 AM,00:40:00,Hot-Dry
15.76975301,-19.22898356,LA1,2008-12-17,01:00:38 AM,01:00:00,Hot-Dry
15.76976115,-19.22896322,LA1,2008-12-17,01:20:38 AM,01:20:00,Hot-Dry
15.76978149,-19.22895915,LA1,2008-12-17,01:40:38 AM,01:40:00,Hot-Dry
15.76978455,-19.22896729,LA1,2008-12-17,02:00:38 AM,02:00:00,Hot-Dry
15.76982015,-19.22893473,LA1,2008-12-17,02:20:38 AM,02:20:00,Hot-Dry
15.76978353,-19.2289388,LA1,2008-12-17,02:40:38 AM,02:40:00,Hot-Dry
15.76980387,-19.22892456,LA1,2008-12-17,03:00:38 AM,03:00:00,Hot-Dry
15.76974894,-19.22896118,LA1,2008-12-17,03:20:38 AM,03:20:00,Hot-Dry
15.76975911,-19.22894084,LA1,2008-12-17,03:40:38 AM,03:40:00,Hot-Dry
15.76975199,-19.2289388,LA1,2008-12-17,04:00:38 AM,04:00:00,Hot-Dry
15.76960449,-19.22923787,LA1,2008-12-17,04:20:38 AM,04:20:00,Hot-Dry
15.77079773,-19.22803345,LA1,2008-12-17,04:40:38 AM,04:40:00,Hot-Dry
15.77070923,-19.22743937,LA1,2008-12-17,05:00:38 AM,05:00:00,Hot-Dry
15.77055868,-19.22695516,LA1,2008-12-17,05:20:38 AM,05:20:00,Hot-Dry
15.77082723,-19.2254069,LA1,2008-12-17,05:40:38 AM,05:40:00,Hot-Dry
15.77286886,-19.22441406,LA1,2008-12-17,06:00:38 AM,06:00:00,Hot-Dry
15.77542216,-19.2236674,LA1,2008-12-17,06:20:38 AM,06:20:00,Hot-Dry
15.77712402,-19.22361247,LA1,2008-12-17,06:40:38 AM,06:40:00,Hot-Dry
15.77813416,-19.22434692,LA1,2008-12-17,07:00:38 AM,07:00:00,Hot-Dry
15.78100586,-19.22519328,LA1,2008-12-17,07:20:48 AM,07:20:00,Hot-Dry
15.7869812,-19.22426147,LA1,2008-12-17,07:40:48 AM,07:40:00,Hot-Dry
15.7921641,-19.22325643,LA1,2008-12-17,08:00:48 AM,08:00:00,Hot-Dry
15.79305318,-19.2235494,LA1,2008-12-17,08:20:48 AM,08:20:00,Hot-Dry
15.79519552,-19.22555135,LA1,2008-12-17,08:40:48 AM,08:40:00,Hot-Dry
15.79766337,-19.22726644,LA1,2008-12-17,09:00:48 AM,09:00:00,Hot-Dry
15.7975942,-19.2273112,LA1,2008-12-17,09:20:48 AM,09:20:00,Hot-Dry
15.79762675,-19.2276123,LA1,2008-12-17,09:40:48 AM,09:40:00,Hot-Dry
15.7980835,-19.22754924,LA1,2008-12-17,10:00:48 AM,10:00:00,Hot-Dry
15.79847616,-19.22802938,LA1,2008-12-17,10:20:48 AM,10:20:00,Hot-Dry
15.80355733,-19.23221639,LA1,2008-12-17,10:40:48 AM,10:40:00,Hot-Dry
15.80745239,-19.23687134,LA1,2008-12-17,11:00:48 AM,11:00:00,Hot-Dry
15.80970662,-19.24109904,LA1,2008-12-17,11:20:48 AM,11:20:00,Hot-Dry
15.81255697,-19.24355876,LA1,2008-12-17,11:40:48 AM,11:40:00,Hot-Dry
15.81499634,-19.24635824,LA1,2008-12-17,12:00:48 PM,12:00:00,Hot-Dry
15.81498515,-19.24633586,LA1,2008-12-17,12:20:38 PM,12:20:00,Hot-Dry
15.82357076,-19.25198364,LA1,2008-12-17,12:40:38 PM,12:40:00,Hot-Dry
15.82357279,-19.25198568,LA1,2008-12-17,01:00:38 PM,13:00:00,Hot-Dry
15.82417501,-19.25264282,LA1,2008-12-17,01:20:38 PM,13:20:00,Hot-Dry
15.82681681,-19.25297852,LA1,2008-12-17,01:40:38 PM,13:40:00,Hot-Dry
15.83204142,-19.25856527,LA1,2008-12-17,02:00:38 PM,14:00:00,Hot-Dry
15.83939616,-19.26327108,LA1,2008-12-17,02:20:38 PM,14:20:00,Hot-Dry
15.84665934,-19.26750488,LA1,2008-12-17,02:40:38 PM,14:40:00,Hot-Dry
15.85300598,-19.26663411,LA1,2008-12-17,03:00:38 PM,15:00:00,Hot-Dry
15.85991414,-19.26816406,LA1,2008-12-17,03:20:38 PM,15:20:00,Hot-Dry
15.86537679,-19.27062581,LA1,2008-12-17,03:40:38 PM,15:40:00,Hot-Dry
15.8656189,-19.27327067,LA1,2008-12-17,04:00:38 PM,16:00:00,Hot-Dry
15.86464539,-19.27542725,LA1,2008-12-17,04:20:38 PM,16:20:00,Hot-Dry
15.86374919,-19.27817179,LA1,2008-12-17,04:40:38 PM,16:40:00,Hot-Dry
15.8672526,-19.28145549,LA1,2008-12-17,05:00:38 PM,17:00:00,Hot-Dry
15.86296387,-19.27919108,LA1,2008-12-17,05:20:38 PM,17:20:00,Hot-Dry
15.85903524,-19.27833049,LA1,2008-12-17,05:40:38 PM,17:40:00,Hot-Dry
15.85326742,-19.27413127,LA1,2008-12-17,06:00:38 PM,18:00:00,Hot-Dry
15.848467,-19.26902466,LA1,2008-12-17,06:20:38 PM,18:20:00,Hot-Dry
15.84620361,-19.26541138,LA1,2008-12-17,06:40:38 PM,18:40:00,Hot-Dry
15.84199524,-19.26203206,LA1,2008-12-17,07:00:38 PM,19:00:00,Hot-Dry
15.84109904,-19.26194255,LA1,2008-12-17,07:20:38 PM,19:20:00,Hot-Dry
15.83993123,-19.26197713,LA1,2008-12-17,07:40:38 PM,19:40:00,Hot-Dry
15.83937174,-19.26112061,LA1,2008-12-17,08:00:38 PM,20:00:00,Hot-Dry
15.83868306,-19.26171672,LA1,2008-12-17,08:20:38 PM,20:20:00,Hot-Dry
15.83763835,-19.26119995,LA1,2008-12-17,08:40:38 PM,20:40:00,Hot-Dry
15.83484802,-19.25873413,LA1,2008-12-17,09:00:38 PM,21:00:00,Hot-Dry
15.83138428,-19.25625814,LA1,2008-12-17,09:20:38 PM,21:20:00,Hot-Dry
15.82746684,-19.25303548,LA1,2008-12-17,09:40:38 PM,21:40:00,Hot-Dry
15.81810811,-19.25076294,LA1,2008-12-17,10:00:38 PM,22:00:00,Hot-Dry
15.81811117,-19.25076904,LA1,2008-12-17,10:20:38 PM,22:20:00,Hot-Dry
15.81659648,-19.24807943,LA1,2008-12-17,10:40:38 PM,22:40:00,Hot-Dry
15.81547343,-19.24667969,LA1,2008-12-17,11:00:38 PM,23:00:00,Hot-Dry
15.81442769,-19.24592082,LA1,2008-12-17,11:20:38 PM,23:20:00,Hot-Dry
15.81433512,-19.24532267,LA1,2008-12-17,11:40:38 PM,23:40:00,Hot-Dry
15.8133372,-19.24470825,LA1,2008-12-18,12:00:38 AM,00:00:00,Hot-Dry
15.81281026,-19.24447835,LA1,2008-12-18,12:20:46 AM,00:20:00,Hot-Dry
15.81239421,-19.24374186,LA1,2008-12-18,12:40:46 AM,00:40:00,Hot-Dry
15.81238505,-19.24372355,LA1,2008-12-18,01:00:46 AM,01:00:00,Hot-Dry
15.81235758,-19.24377238,LA1,2008-12-18,01:20:38 AM,01:20:00,Hot-Dry
15.81239319,-19.24372965,LA1,2008-12-18,01:40:38 AM,01:40:00,Hot-Dry
15.81239827,-19.24371541,LA1,2008-12-18,02:00:38 AM,02:00:00,Hot-Dry
15.81233622,-19.24370321,LA1,2008-12-18,02:20:38 AM,02:20:00,Hot-Dry
15.8123759,-19.24371948,LA1,2008-12-18,02:40:38 AM,02:40:00,Hot-Dry
15.81231384,-19.2436971,LA1,2008-12-18,03:00:38 AM,03:00:00,Hot-Dry
15.81236471,-19.24372355,LA1,2008-12-18,03:20:38 AM,03:20:00,Hot-Dry
15.81242879,-19.24373372,LA1,2008-12-18,03:40:45 AM,03:40:00,Hot-Dry
15.81234029,-19.24369507,LA1,2008-12-18,04:00:38 AM,04:00:00,Hot-Dry
15.81232707,-19.24372762,LA1,2008-12-18,04:20:38 AM,04:20:00,Hot-Dry
15.81238302,-19.24327596,LA1,2008-12-18,04:40:38 AM,04:40:00,Hot-Dry
15.81263936,-19.24301351,LA1,2008-12-18,05:00:38 AM,05:00:00,Hot-Dry
15.81229553,-19.24197795,LA1,2008-12-18,05:20:38 AM,05:20:00,Hot-Dry
15.810613,-19.24210815,LA1,2008-12-18,05:40:38 AM,05:40:00,Hot-Dry
15.80982869,-19.24166463,LA1,2008-12-18,06:00:38 AM,06:00:00,Hot-Dry
15.80866699,-19.24124552,LA1,2008-12-18,06:20:38 AM,06:20:00,Hot-Dry
15.80605265,-19.24021403,LA1,2008-12-18,06:40:38 AM,06:40:00,Hot-Dry
15.80503845,-19.2401123,LA1,2008-12-18,07:00:38 AM,07:00:00,Hot-Dry
15.80506694,-19.24012248,LA1,2008-12-18,07:20:38 AM,07:20:00,Hot-Dry
15.80504659,-19.24009806,LA1,2008-12-18,07:40:38 AM,07:40:00,Hot-Dry
15.80502116,-19.24013265,LA1,2008-12-18,08:00:38 AM,08:00:00,Hot-Dry
15.80497233,-19.24012451,LA1,2008-12-18,08:20:38 AM,08:20:00,Hot-Dry
15.80504659,-19.24007975,LA1,2008-12-18,08:40:38 AM,08:40:00,Hot-Dry
15.80536906,-19.23975423,LA1,2008-12-18,09:00:38 AM,09:00:00,Hot-Dry
15.8054657,-19.23987834,LA1,2008-12-18,09:20:38 AM,09:20:00,Hot-Dry
15.80388692,-19.23847046,LA1,2008-12-18,09:40:38 AM,09:40:00,Hot-Dry
15.80274353,-19.23630575,LA1,2008-12-18,10:00:38 AM,10:00:00,Hot-Dry
15.80274251,-19.23631592,LA1,2008-12-18,10:20:38 AM,10:20:00,Hot-Dry
15.80427348,-19.23340861,LA1,2008-12-18,10:40:38 AM,10:40:00,Hot-Dry
15.80207418,-19.23154297,LA1,2008-12-18,11:00:38 AM,11:00:00,Hot-Dry
15.79801331,-19.22807821,LA1,2008-12-18,11:20:38 AM,11:20:00,Hot-Dry
15.79790853,-19.22811076,LA1,2008-12-18,11:40:38 AM,11:40:00,Hot-Dry
15.79772949,-19.22811686,LA1,2008-12-18,12:00:38 PM,12:00:00,Hot-Dry
15.79752808,-19.22784017,LA1,2008-12-18,12:20:38 PM,12:20:00,Hot-Dry
15.79517008,-19.22556763,LA1,2008-12-18,12:40:38 PM,12:40:00,Hot-Dry
15.79517008,-19.22557373,LA1,2008-12-18,01:00:38 PM,13:00:00,Hot-Dry
15.79454549,-19.22648926,LA1,2008-12-18,01:20:38 PM,13:20:00,Hot-Dry
15.79589132,-19.22793172,LA1,2008-12-18,01:40:38 PM,13:40:00,Hot-Dry
15.79588521,-19.22793376,LA1,2008-12-18,02:00:38 PM,14:00:00,Hot-Dry
15.79728597,-19.22815552,LA1,2008-12-18,02:20:38 PM,14:20:00,Hot-Dry
15.79582113,-19.23265584,LA1,2008-12-18,02:40:38 PM,14:40:00,Hot-Dry
15.79549764,-19.23307699,LA1,2008-12-18,03:00:38 PM,15:00:00,Hot-Dry
15.79550069,-19.23307902,LA1,2008-12-18,03:20:38 PM,15:20:00,Hot-Dry
15.79336955,-19.23389486,LA1,2008-12-18,03:40:38 PM,15:40:00,Hot-Dry
15.79212138,-19.23465576,LA1,2008-12-18,04:00:38 PM,16:00:00,Hot-Dry
15.78953145,-19.23554688,LA1,2008-12-18,04:20:38 PM,16:20:00,Hot-Dry
15.7887502,-19.23730672,LA1,2008-12-18,04:40:38 PM,16:40:00,Hot-Dry
15.78859762,-19.23759766,LA1,2008-12-18,05:00:38 PM,17:00:00,Hot-Dry
15.78845113,-19.23730876,LA1,2008-12-18,05:20:38 PM,17:20:00,Hot-Dry
15.7857137,-19.23930868,LA1,2008-12-18,05:40:38 PM,17:40:00,Hot-Dry
15.78571777,-19.23930664,LA1,2008-12-18,06:00:38 PM,18:00:00,Hot-Dry
15.78112081,-19.24095256,LA1,2008-12-18,06:20:38 PM,18:20:00,Hot-Dry
15.77931213,-19.24188639,LA1,2008-12-18,06:40:38 PM,18:40:00,Hot-Dry
15.77445679,-19.24225057,LA1,2008-12-18,07:00:38 PM,19:00:00,Hot-Dry
15.77355855,-19.24181519,LA1,2008-12-18,07:20:38 PM,19:20:00,Hot-Dry
15.77199402,-19.24239095,LA1,2008-12-18,07:40:38 PM,19:40:00,Hot-Dry
15.77027893,-19.24183553,LA1,2008-12-18,08:00:38 PM,20:00:00,Hot-Dry
15.7682373,-19.24179077,LA1,2008-12-18,08:20:38 PM,20:20:00,Hot-Dry
15.76513062,-19.24052124,LA1,2008-12-18,08:40:38 PM,20:40:00,Hot-Dry
15.7613444,-19.23943278,LA1,2008-12-18,09:00:38 PM,21:00:00,Hot-Dry
15.76104024,-19.23924967,LA1,2008-12-18,09:20:38 PM,21:20:00,Hot-Dry
15.76137695,-19.23881836,LA1,2008-12-18,09:40:38 PM,21:40:00,Hot-Dry
15.76147766,-19.23701782,LA1,2008-12-18,10:00:38 PM,22:00:00,Hot-Dry
15.76148376,-19.23701579,LA1,2008-12-18,10:20:38 PM,22:20:00,Hot-Dry
15.76088867,-19.23610636,LA1,2008-12-18,10:40:38 PM,22:40:00,Hot-Dry
15.75948792,-19.23490804,LA1,2008-12-18,11:00:38 PM,23:00:00,Hot-Dry
15.75665588,-19.23279012,LA1,2008-12-18,11:20:38 PM,23:20:00,Hot-Dry
15.75683289,-19.2317159,LA1,2008-12-18,11:40:38 PM,23:40:00,Hot-Dry
15.75687764,-19.23161011,LA1,2008-12-19,12:00:38 AM,00:00:00,Hot-Dry
15.75684509,-19.23168945,LA1,2008-12-19,12:20:38 AM,00:20:00,Hot-Dry
15.75559387,-19.23108724,LA1,2008-12-19,12:40:38 AM,00:40:00,Hot-Dry
15.75486247,-19.23081258,LA1,2008-12-19,01:00:38 AM,01:00:00,Hot-Dry
15.75495199,-19.23076782,LA1,2008-12-19,01:20:38 AM,01:20:00,Hot-Dry
15.75485229,-19.2307841,LA1,2008-12-19,01:40:38 AM,01:40:00,Hot-Dry
15.75480957,-19.23081055,LA1,2008-12-19,02:00:38 AM,02:00:00,Hot-Dry
15.75483398,-19.23059285,LA1,2008-12-19,02:20:38 AM,02:20:00,Hot-Dry
15.75481364,-19.2306193,LA1,2008-12-19,02:40:38 AM,02:40:00,Hot-Dry
15.75448303,-19.23072713,LA1,2008-12-19,03:00:38 AM,03:00:00,Hot-Dry
15.75496419,-19.23052572,LA1,2008-12-19,03:20:38 AM,03:20:00,Hot-Dry
15.75477498,-19.23056234,LA1,2008-12-19,03:40:38 AM,03:40:00,Hot-Dry
15.75481262,-19.23057861,LA1,2008-12-19,04:00:38 AM,04:00:00,Hot-Dry
15.7545105,-19.23041178,LA1,2008-12-19,04:20:38 AM,04:20:00,Hot-Dry
15.75461121,-19.22838542,LA1,2008-12-19,04:40:38 AM,04:40:00,Hot-Dry
15.75496216,-19.22784627,LA1,2008-12-19,05:00:38 AM,05:00:00,Hot-Dry
15.75454102,-19.22590129,LA1,2008-12-19,05:20:38 AM,05:20:00,Hot-Dry
15.75249023,-19.22461955,LA1,2008-12-19,05:40:38 AM,05:40:00,Hot-Dry
15.75201721,-19.22417806,LA1,2008-12-19,06:00:38 AM,06:00:00,Hot-Dry
15.7486969,-19.2225118,LA1,2008-12-19,06:20:38 AM,06:20:00,Hot-Dry
15.7461141,-19.22073771,LA1,2008-12-19,06:40:38 AM,06:40:00,Hot-Dry
15.74393819,-19.22044474,LA1,2008-12-19,07:00:38 AM,07:00:00,Hot-Dry
15.74180908,-19.22022705,LA1,2008-12-19,07:20:38 AM,07:20:00,Hot-Dry
15.73908793,-19.22013346,LA1,2008-12-19,07:40:38 AM,07:40:00,Hot-Dry
15.73729553,-19.22175903,LA1,2008-12-19,08:00:38 AM,08:00:00,Hot-Dry
15.73372498,-19.22391154,LA1,2008-12-19,08:20:38 AM,08:20:00,Hot-Dry
15.72780863,-19.22404785,LA1,2008-12-19,08:40:38 AM,08:40:00,Hot-Dry
15.72790019,-19.22408651,LA1,2008-12-19,09:00:38 AM,09:00:00,Hot-Dry
15.72654114,-19.22424316,LA1,2008-12-19,09:20:38 AM,09:20:00,Hot-Dry
15.72405192,-19.2240743,LA1,2008-12-19,09:40:38 AM,09:40:00,Hot-Dry
15.71356812,-19.22627157,LA1,2008-12-19,10:00:38 AM,10:00:00,Hot-Dry
15.71356303,-19.2262736,LA1,2008-12-19,10:20:38 AM,10:20:00,Hot-Dry
15.70940043,-19.22542318,LA1,2008-12-19,10:40:38 AM,10:40:00,Hot-Dry
15.70912984,-19.2244222,LA1,2008-12-19,11:00:38 AM,11:00:00,Hot-Dry
15.70985006,-19.22238566,LA1,2008-12-19,11:20:38 AM,11:20:00,Hot-Dry
15.70908101,-19.22114258,LA1,2008-12-19,11:40:38 AM,11:40:00,Hot-Dry
15.70702616,-19.21827189,LA1,2008-12-19,12:00:38 PM,12:00:00,Hot-Dry
15.70655314,-19.21263835,LA1,2008-12-19,12:20:38 PM,12:20:00,Hot-Dry
15.70716654,-19.21134644,LA1,2008-12-19,12:40:38 PM,12:40:00,Hot-Dry
15.70716858,-19.21134644,LA1,2008-12-19,01:00:38 PM,13:00:00,Hot-Dry
15.70693461,-19.21077271,LA1,2008-12-19,01:20:38 PM,13:20:00,Hot-Dry
15.70652161,-19.20871785,LA1,2008-12-19,01:40:38 PM,13:40:00,Hot-Dry
15.70515951,-19.20802409,LA1,2008-12-19,02:00:38 PM,14:00:00,Hot-Dry
15.70312907,-19.2070516,LA1,2008-12-19,02:20:38 PM,14:20:00,Hot-Dry
15.70059814,-19.2064738,LA1,2008-12-19,02:40:38 PM,14:40:00,Hot-Dry
15.70121358,-19.20553182,LA1,2008-12-19,03:00:38 PM,15:00:00,Hot-Dry
15.70261841,-19.20425008,LA1,2008-12-19,03:20:38 PM,15:20:00,Hot-Dry
15.70369568,-19.20359701,LA1,2008-12-19,03:40:38 PM,15:40:00,Hot-Dry
15.70813904,-19.20465291,LA1,2008-12-19,04:00:38 PM,16:00:00,Hot-Dry
15.71371663,-19.20413208,LA1,2008-12-19,04:20:38 PM,16:20:00,Hot-Dry
15.71512349,-19.20433757,LA1,2008-12-19,04:40:38 PM,16:40:00,Hot-Dry
15.72117615,-19.20545654,LA1,2008-12-19,05:00:38 PM,17:00:00,Hot-Dry
15.72488708,-19.20703735,LA1,2008-12-19,05:20:38 PM,17:20:00,Hot-Dry
15.73012288,-19.20917969,LA1,2008-12-19,05:40:38 PM,17:40:00,Hot-Dry
15.73013611,-19.20917765,LA1,2008-12-19,06:00:38 PM,18:00:00,Hot-Dry
15.73164469,-19.20968221,LA1,2008-12-19,06:20:38 PM,18:20:00,Hot-Dry
15.73270365,-19.20981242,LA1,2008-12-19,06:40:38 PM,18:40:00,Hot-Dry
15.73411764,-19.21019694,LA1,2008-12-19,07:00:38 PM,19:00:00,Hot-Dry
15.734375,-19.21028035,LA1,2008-12-19,07:20:38 PM,19:20:00,Hot-Dry
15.73530782,-19.21038411,LA1,2008-12-19,07:40:38 PM,19:40:00,Hot-Dry
15.73622945,-19.21133626,LA1,2008-12-19,08:00:38 PM,20:00:00,Hot-Dry
15.73987834,-19.21314087,LA1,2008-12-19,08:20:38 PM,20:20:00,Hot-Dry
15.73997498,-19.21374105,LA1,2008-12-19,08:40:38 PM,20:40:00,Hot-Dry
15.7397878,-19.21398315,LA1,2008-12-19,09:00:38 PM,21:00:00,Hot-Dry
15.74028422,-19.21432495,LA1,2008-12-19,09:20:38 PM,21:20:00,Hot-Dry
15.74112244,-19.21436157,LA1,2008-12-19,09:40:38 PM,21:40:00,Hot-Dry
15.74111328,-19.21437785,LA1,2008-12-19,10:00:38 PM,22:00:00,Hot-Dry
15.74112651,-19.21437581,LA1,2008-12-19,10:20:38 PM,22:20:00,Hot-Dry
15.74109192,-19.21438395,LA1,2008-12-19,10:40:38 PM,22:40:00,Hot-Dry
15.74088338,-19.21478475,LA1,2008-12-19,11:00:38 PM,23:00:00,Hot-Dry
15.74090576,-19.21478068,LA1,2008-12-19,11:20:38 PM,23:20:00,Hot-Dry
15.74090678,-19.21477865,LA1,2008-12-19,11:40:38 PM,23:40:00,Hot-Dry
15.74110311,-19.21518148,LA1,2008-12-20,12:00:38 AM,00:00:00,Hot-Dry
15.74132182,-19.21577555,LA1,2008-12-20,12:20:38 AM,00:20:00,Hot-Dry
15.74136963,-19.21718343,LA1,2008-12-20,12:40:38 AM,00:40:00,Hot-Dry
15.74137065,-19.2171814,LA1,2008-12-20,01:00:38 AM,01:00:00,Hot-Dry
15.74136556,-19.21717733,LA1,2008-12-20,01:20:38 AM,01:20:00,Hot-Dry
15.74134928,-19.21719564,LA1,2008-12-20,01:40:38 AM,01:40:00,Hot-Dry
15.74142049,-19.21723429,LA1,2008-12-20,02:00:38 AM,02:00:00,Hot-Dry
15.74138082,-19.21717529,LA1,2008-12-20,02:20:38 AM,02:20:00,Hot-Dry
15.74144084,-19.21718547,LA1,2008-12-20,02:40:38 AM,02:40:00,Hot-Dry
15.74137878,-19.21717326,LA1,2008-12-20,03:00:38 AM,03:00:00,Hot-Dry
15.74138387,-19.21719767,LA1,2008-12-20,03:20:38 AM,03:20:00,Hot-Dry
15.74137878,-19.21720785,LA1,2008-12-20,03:40:38 AM,03:40:00,Hot-Dry
15.74203288,-19.21691691,LA1,2008-12-20,04:00:38 AM,04:00:00,Hot-Dry
15.74303385,-19.21689657,LA1,2008-12-20,04:20:38 AM,04:20:00,Hot-Dry
15.74327189,-19.21717122,LA1,2008-12-20,04:40:38 AM,04:40:00,Hot-Dry
15.74480591,-19.21712036,LA1,2008-12-20,05:00:38 AM,05:00:00,Hot-Dry
15.74629822,-19.21778361,LA1,2008-12-20,05:20:38 AM,05:20:00,Hot-Dry
15.7473704,-19.21751912,LA1,2008-12-20,05:40:38 AM,05:40:00,Hot-Dry
15.74755656,-19.21837769,LA1,2008-12-20,06:00:38 AM,06:00:00,Hot-Dry
15.74802653,-19.21830444,LA1,2008-12-20,06:20:38 AM,06:20:00,Hot-Dry
15.74873556,-19.21720785,LA1,2008-12-20,06:40:38 AM,06:40:00,Hot-Dry
15.74886271,-19.21296997,LA1,2008-12-20,07:00:38 AM,07:00:00,Hot-Dry
15.74866028,-19.21348063,LA1,2008-12-20,07:20:38 AM,07:20:00,Hot-Dry
15.74843038,-19.215566,LA1,2008-12-20,07:40:38 AM,07:40:00,Hot-Dry
15.74817098,-19.21992188,LA1,2008-12-20,08:00:38 AM,08:00:00,Hot-Dry
15.74905599,-19.22392578,LA1,2008-12-20,08:20:38 AM,08:20:00,Hot-Dry
15.75150248,-19.23140055,LA1,2008-12-20,08:40:38 AM,08:40:00,Hot-Dry
15.75317485,-19.24053752,LA1,2008-12-20,09:00:38 AM,09:00:00,Hot-Dry
15.75894775,-19.24491984,LA1,2008-12-20,09:20:39 AM,09:20:00,Hot-Dry
15.75895182,-19.24492188,LA1,2008-12-20,09:40:38 AM,09:40:00,Hot-Dry
15.75885824,-19.24395345,LA1,2008-12-20,10:00:38 AM,10:00:00,Hot-Dry
15.75885722,-19.24395752,LA1,2008-12-20,10:20:38 AM,10:20:00,Hot-Dry
15.75774333,-19.2448466,LA1,2008-12-20,10:40:38 AM,10:40:00,Hot-Dry
15.75774943,-19.24485474,LA1,2008-12-20,11:00:38 AM,11:00:00,Hot-Dry
15.75657756,-19.2455953,LA1,2008-12-20,11:20:38 AM,11:20:00,Hot-Dry
15.75664775,-19.24623006,LA1,2008-12-20,11:40:38 AM,11:40:00,Hot-Dry
15.75543009,-19.24862061,LA1,2008-12-20,12:00:38 PM,12:00:00,Hot-Dry
15.75511576,-19.24886882,LA1,2008-12-20,12:20:38 PM,12:20:00,Hot-Dry
15.75467834,-19.24823812,LA1,2008-12-20,12:40:38 PM,12:40:00,Hot-Dry
15.75419312,-19.2476766,LA1,2008-12-20,01:00:38 PM,13:00:00,Hot-Dry
15.75396423,-19.24768677,LA1,2008-12-20,01:20:38 PM,13:20:00,Hot-Dry
15.75510763,-19.2489034,LA1,2008-12-20,01:40:38 PM,13:40:00,Hot-Dry
15.75458069,-19.2494161,LA1,2008-12-20,02:00:38 PM,14:00:00,Hot-Dry
15.75476074,-19.24921468,LA1,2008-12-20,02:20:38 PM,14:20:00,Hot-Dry
15.75338033,-19.24882406,LA1,2008-12-20,02:40:38 PM,14:40:00,Hot-Dry
15.75515645,-19.24876506,LA1,2008-12-20,03:00:38 PM,15:00:00,Hot-Dry
15.75514933,-19.24876506,LA1,2008-12-20,03:20:38 PM,15:20:00,Hot-Dry
15.75394999,-19.25128377,LA1,2008-12-20,03:40:38 PM,15:40:00,Hot-Dry
15.75369975,-19.25136312,LA1,2008-12-20,04:00:38 PM,16:00:00,Hot-Dry
15.75409648,-19.25217896,LA1,2008-12-20,04:20:38 PM,16:20:00,Hot-Dry
15.75369059,-19.253125,LA1,2008-12-20,04:40:38 PM,16:40:00,Hot-Dry
15.75390727,-19.25385335,LA1,2008-12-20,05:00:38 PM,17:00:00,Hot-Dry
15.7534078,-19.2550883,LA1,2008-12-20,05:20:38 PM,17:20:00,Hot-Dry
15.75115051,-19.25745646,LA1,2008-12-20,05:40:38 PM,17:40:00,Hot-Dry
15.75115051,-19.25746053,LA1,2008-12-20,06:00:38 PM,18:00:00,Hot-Dry
15.75009359,-19.25818888,LA1,2008-12-20,06:20:38 PM,18:20:00,Hot-Dry
15.74919637,-19.25918579,LA1,2008-12-20,06:40:38 PM,18:40:00,Hot-Dry
15.74883525,-19.26008504,LA1,2008-12-20,07:00:38 PM,19:00:00,Hot-Dry
15.74837952,-19.26039225,LA1,2008-12-20,07:20:38 PM,19:20:00,Hot-Dry
15.74862874,-19.26094767,LA1,2008-12-20,07:40:38 PM,19:40:00,Hot-Dry
15.74886983,-19.26130371,LA1,2008-12-20,08:00:38 PM,20:00:00,Hot-Dry
15.74907023,-19.26161296,LA1,2008-12-20,08:20:38 PM,20:20:00,Hot-Dry
15.74972839,-19.26173299,LA1,2008-12-20,08:40:38 PM,20:40:00,Hot-Dry
15.75019328,-19.26201986,LA1,2008-12-20,09:00:38 PM,21:00:00,Hot-Dry
15.75134379,-19.26208903,LA1,2008-12-20,09:20:38 PM,21:20:00,Hot-Dry
15.75200297,-19.26232707,LA1,2008-12-20,09:40:38 PM,21:40:00,Hot-Dry
15.75227254,-19.26211548,LA1,2008-12-20,10:00:38 PM,22:00:00,Hot-Dry
15.75227966,-19.26211344,LA1,2008-12-20,10:20:38 PM,22:20:00,Hot-Dry
15.75274963,-19.26198934,LA1,2008-12-20,10:40:38 PM,22:40:00,Hot-Dry
15.75306396,-19.26207479,LA1,2008-12-20,11:00:38 PM,23:00:00,Hot-Dry
15.75446065,-19.2615153,LA1,2008-12-20,11:20:38 PM,23:20:00,Hot-Dry
15.7544515,-19.26151123,LA1,2008-12-20,11:40:38 PM,23:40:00,Hot-Dry
15.75444641,-19.26126506,LA1,2008-12-21,12:00:38 AM,00:00:00,Hot-Dry
15.7547699,-19.26106567,LA1,2008-12-21,12:20:38 AM,00:20:00,Hot-Dry
15.75724487,-19.26207886,LA1,2008-12-21,12:40:38 AM,00:40:00,Hot-Dry
15.75727132,-19.26206055,LA1,2008-12-21,01:00:38 AM,01:00:00,Hot-Dry
15.75726217,-19.26205037,LA1,2008-12-21,01:20:38 AM,01:20:00,Hot-Dry
15.75799662,-19.26199137,LA1,2008-12-21,01:40:38 AM,01:40:00,Hot-Dry
15.75802612,-19.26197713,LA1,2008-12-21,02:00:38 AM,02:00:00,Hot-Dry
15.75802307,-19.26197917,LA1,2008-12-21,02:20:38 AM,02:20:00,Hot-Dry
15.75800883,-19.26197306,LA1,2008-12-21,02:40:38 AM,02:40:00,Hot-Dry
15.75803121,-19.26198324,LA1,2008-12-21,03:00:38 AM,03:00:00,Hot-Dry
15.75799866,-19.26199951,LA1,2008-12-21,03:20:38 AM,03:20:00,Hot-Dry
15.75799764,-19.26200358,LA1,2008-12-21,03:40:38 AM,03:40:00,Hot-Dry
15.75850423,-19.26181437,LA1,2008-12-21,04:00:38 AM,04:00:00,Hot-Dry
15.75874939,-19.26214193,LA1,2008-12-21,04:20:38 AM,04:20:00,Hot-Dry
15.75903727,-19.26212972,LA1,2008-12-21,04:40:38 AM,04:40:00,Hot-Dry
15.75977783,-19.26195475,LA1,2008-12-21,05:00:38 AM,05:00:00,Hot-Dry
15.76023153,-19.26198324,LA1,2008-12-21,05:20:38 AM,05:20:00,Hot-Dry
15.76049296,-19.26230062,LA1,2008-12-21,05:40:38 AM,05:40:00,Hot-Dry
15.76053569,-19.26260986,LA1,2008-12-21,06:00:38 AM,06:00:00,Hot-Dry
15.76229858,-19.26278076,LA1,2008-12-21,06:20:38 AM,06:20:00,Hot-Dry
15.76358236,-19.26295573,LA1,2008-12-21,06:40:38 AM,06:40:00,Hot-Dry
15.76516622,-19.26221313,LA1,2008-12-21,07:00:38 AM,07:00:00,Hot-Dry
15.7678182,-19.26379801,LA1,2008-12-21,07:20:38 AM,07:20:00,Hot-Dry
15.76852315,-19.26389567,LA1,2008-12-21,07:40:38 AM,07:40:00,Hot-Dry
15.77049866,-19.26225382,LA1,2008-12-21,08:00:38 AM,08:00:00,Hot-Dry
15.77094625,-19.26098836,LA1,2008-12-21,08:20:38 AM,08:20:00,Hot-Dry
15.77120158,-19.25987549,LA1,2008-12-21,08:40:38 AM,08:40:00,Hot-Dry
15.7717631,-19.25946655,LA1,2008-12-21,09:00:38 AM,09:00:00,Hot-Dry
15.77168172,-19.25745036,LA1,2008-12-21,09:20:38 AM,09:20:00,Hot-Dry
15.77168172,-19.2574585,LA1,2008-12-21,09:40:38 AM,09:40:00,Hot-Dry
15.77266032,-19.25280558,LA1,2008-12-21,10:00:38 AM,10:00:00,Hot-Dry
15.77265828,-19.25280355,LA1,2008-12-21,10:20:38 AM,10:20:00,Hot-Dry
15.77380066,-19.25024414,LA1,2008-12-21,10:40:38 AM,10:40:00,Hot-Dry
15.77379862,-19.25024007,LA1,2008-12-21,11:00:38 AM,11:00:00,Hot-Dry
15.7723348,-19.24991048,LA1,2008-12-21,11:20:38 AM,11:20:00,Hot-Dry
15.76865234,-19.24544271,LA1,2008-12-21,11:40:38 AM,11:40:00,Hot-Dry
15.76909892,-19.24538574,LA1,2008-12-21,12:00:38 PM,12:00:00,Hot-Dry
15.7696401,-19.24576416,LA1,2008-12-21,12:20:38 PM,12:20:00,Hot-Dry
15.77171122,-19.24603475,LA1,2008-12-21,12:40:38 PM,12:40:00,Hot-Dry
15.77214966,-19.24640299,LA1,2008-12-21,01:00:38 PM,13:00:00,Hot-Dry
15.7754893,-19.24782104,LA1,2008-12-21,01:20:38 PM,13:20:00,Hot-Dry
15.77618103,-19.24836222,LA1,2008-12-21,01:40:38 PM,13:40:00,Hot-Dry
15.77649129,-19.24855957,LA1,2008-12-21,02:00:38 PM,14:00:00,Hot-Dry
15.77729696,-19.24904175,LA1,2008-12-21,02:20:38 PM,14:20:00,Hot-Dry
15.77727865,-19.24904378,LA1,2008-12-21,02:40:38 PM,14:40:00,Hot-Dry
15.77948201,-19.24973348,LA1,2008-12-21,03:00:38 PM,15:00:00,Hot-Dry
15.77947998,-19.24972941,LA1,2008-12-21,03:20:38 PM,15:20:00,Hot-Dry
15.77890422,-19.25163167,LA1,2008-12-21,03:40:38 PM,15:40:00,Hot-Dry
15.77753194,-19.25503743,LA1,2008-12-21,04:00:38 PM,16:00:00,Hot-Dry
15.77488505,-19.26160685,LA1,2008-12-21,04:20:38 PM,16:20:00,Hot-Dry
15.77265116,-19.26518351,LA1,2008-12-21,04:40:38 PM,16:40:00,Hot-Dry
15.77230428,-19.2634196,LA1,2008-12-21,05:00:38 PM,17:00:00,Hot-Dry
15.77245483,-19.26059977,LA1,2008-12-21,05:20:38 PM,17:20:00,Hot-Dry
15.77173258,-19.25923462,LA1,2008-12-21,05:40:38 PM,17:40:00,Hot-Dry
15.77312317,-19.25893758,LA1,2008-12-21,06:00:38 PM,18:00:00,Hot-Dry
15.77351176,-19.25856527,LA1,2008-12-21,06:20:38 PM,18:20:00,Hot-Dry
15.77454122,-19.25724691,LA1,2008-12-21,06:40:38 PM,18:40:00,Hot-Dry
15.77458089,-19.25698039,LA1,2008-12-21,07:00:38 PM,19:00:00,Hot-Dry
15.77464803,-19.25689494,LA1,2008-12-21,07:20:38 PM,19:20:00,Hot-Dry
15.77503764,-19.25650228,LA1,2008-12-21,07:40:38 PM,19:40:00,Hot-Dry
15.7753184,-19.25674438,LA1,2008-12-21,08:00:38 PM,20:00:00,Hot-Dry
15.77567749,-19.25638631,LA1,2008-12-21,08:20:38 PM,20:20:00,Hot-Dry
15.77627767,-19.25599569,LA1,2008-12-21,08:40:38 PM,20:40:00,Hot-Dry
15.77747904,-19.25561523,LA1,2008-12-21,09:00:38 PM,21:00:00,Hot-Dry
15.77851359,-19.25550944,LA1,2008-12-21,09:20:38 PM,21:20:00,Hot-Dry
15.77975769,-19.25518799,LA1,2008-12-21,09:40:38 PM,21:40:00,Hot-Dry
15.7797526,-19.25519206,LA1,2008-12-21,10:00:38 PM,22:00:00,Hot-Dry
15.78038635,-19.25503947,LA1,2008-12-21,10:20:38 PM,22:20:00,Hot-Dry
15.78059692,-19.25492147,LA1,2008-12-21,10:40:38 PM,22:40:00,Hot-Dry
15.78050944,-19.25480143,LA1,2008-12-21,11:00:38 PM,23:00:00,Hot-Dry
15.78060201,-19.25491333,LA1,2008-12-21,11:20:38 PM,23:20:00,Hot-Dry
15.78060099,-19.2549235,LA1,2008-12-21,11:40:38 PM,23:40:00,Hot-Dry
15.78056742,-19.25492757,LA1,2008-12-22,12:00:38 AM,00:00:00,Hot-Dry
15.78064677,-19.25491333,LA1,2008-12-22,12:20:38 AM,00:20:00,Hot-Dry
15.78052266,-19.25489299,LA1,2008-12-22,12:40:38 AM,00:40:00,Hot-Dry
15.78062337,-19.25490723,LA1,2008-12-22,01:00:38 AM,01:00:00,Hot-Dry
15.78062642,-19.25487874,LA1,2008-12-22,01:20:38 AM,01:20:00,Hot-Dry
15.78062541,-19.25488078,LA1,2008-12-22,01:40:38 AM,01:40:00,Hot-Dry
15.78064473,-19.25488688,LA1,2008-12-22,02:00:38 AM,02:00:00,Hot-Dry
15.78084717,-19.25420939,LA1,2008-12-22,02:20:38 AM,02:20:00,Hot-Dry
15.78090413,-19.25339966,LA1,2008-12-22,02:40:38 AM,02:40:00,Hot-Dry
15.7804423,-19.25177205,LA1,2008-12-22,03:00:38 AM,03:00:00,Hot-Dry
15.78063863,-19.25172933,LA1,2008-12-22,03:20:38 AM,03:20:00,Hot-Dry
15.7806193,-19.25170085,LA1,2008-12-22,03:40:38 AM,03:40:00,Hot-Dry
15.78062744,-19.25172933,LA1,2008-12-22,04:00:38 AM,04:00:00,Hot-Dry
15.78079732,-19.25112101,LA1,2008-12-22,04:20:38 AM,04:20:00,Hot-Dry
15.78257548,-19.25103353,LA1,2008-12-22,04:40:38 AM,04:40:00,Hot-Dry
15.78276571,-19.25112915,LA1,2008-12-22,05:00:38 AM,05:00:00,Hot-Dry
15.782488,-19.25138346,LA1,2008-12-22,05:20:38 AM,05:20:00,Hot-Dry
15.77771606,-19.25079142,LA1,2008-12-22,05:40:38 AM,05:40:00,Hot-Dry
15.77508647,-19.25003866,LA1,2008-12-22,06:00:38 AM,06:00:00,Hot-Dry
15.77452698,-19.24961141,LA1,2008-12-22,06:20:38 AM,06:20:00,Hot-Dry
15.77166748,-19.25193888,LA1,2008-12-22,06:40:38 AM,06:40:00,Hot-Dry
15.7715332,-19.25318604,LA1,2008-12-22,07:00:38 AM,07:00:00,Hot-Dry
15.77090556,-19.25432536,LA1,2008-12-22,07:20:38 AM,07:20:00,Hot-Dry
15.76985677,-19.2553182,LA1,2008-12-22,07:40:38 AM,07:40:00,Hot-Dry
15.76860758,-19.25562134,LA1,2008-12-22,08:00:38 AM,08:00:00,Hot-Dry
15.76820984,-19.25556437,LA1,2008-12-22,08:20:38 AM,08:20:00,Hot-Dry
15.7650238,-19.2571696,LA1,2008-12-22,08:40:38 AM,08:40:00,Hot-Dry
15.76188863,-19.25724691,LA1,2008-12-22,09:00:38 AM,09:00:00,Hot-Dry
15.75939331,-19.25721842,LA1,2008-12-22,09:20:38 AM,09:20:00,Hot-Dry
15.75722351,-19.25638021,LA1,2008-12-22,09:40:38 AM,09:40:00,Hot-Dry
15.75402018,-19.25556844,LA1,2008-12-22,10:00:38 AM,10:00:00,Hot-Dry
15.75402222,-19.25556234,LA1,2008-12-22,10:20:38 AM,10:20:00,Hot-Dry
15.75286255,-19.25442301,LA1,2008-12-22,10:40:38 AM,10:40:00,Hot-Dry
15.75287069,-19.25443115,LA1,2008-12-22,11:00:38 AM,11:00:00,Hot-Dry
15.75207418,-19.25392049,LA1,2008-12-22,11:20:38 AM,11:20:00,Hot-Dry
15.75238241,-19.25357666,LA1,2008-12-22,11:40:38 AM,11:40:00,Hot-Dry
15.75241801,-19.25358276,LA1,2008-12-22,12:00:38 PM,12:00:00,Hot-Dry
15.74920146,-19.25254924,LA1,2008-12-22,12:20:38 PM,12:20:00,Hot-Dry
15.74920247,-19.25255127,LA1,2008-12-22,12:40:38 PM,12:40:00,Hot-Dry
15.74820964,-19.25113729,LA1,2008-12-22,01:00:38 PM,13:00:00,Hot-Dry
15.74808044,-19.25041504,LA1,2008-12-22,01:20:38 PM,13:20:00,Hot-Dry
15.74248454,-19.25269979,LA1,2008-12-22,01:40:38 PM,13:40:00,Hot-Dry
15.74153442,-19.25367025,LA1,2008-12-22,02:00:38 PM,14:00:00,Hot-Dry
15.74262492,-19.25375773,LA1,2008-12-22,02:20:38 PM,14:20:00,Hot-Dry
15.74189453,-19.25539958,LA1,2008-12-22,02:40:38 PM,14:40:00,Hot-Dry
15.74029236,-19.25627238,LA1,2008-12-22,03:00:38 PM,15:00:00,Hot-Dry
15.74013163,-19.25706787,LA1,2008-12-22,03:20:38 PM,15:20:00,Hot-Dry
15.74137878,-19.25841064,LA1,2008-12-22,03:40:38 PM,15:40:00,Hot-Dry
15.74206848,-19.25952962,LA1,2008-12-22,04:00:38 PM,16:00:00,Hot-Dry
15.7424703,-19.26048787,LA1,2008-12-22,04:20:38 PM,16:20:00,Hot-Dry
15.74340922,-19.26242472,LA1,2008-12-22,04:40:38 PM,16:40:00,Hot-Dry
15.74321899,-19.26272583,LA1,2008-12-22,05:00:38 PM,17:00:00,Hot-Dry
15.74331156,-19.26344604,LA1,2008-12-22,05:20:38 PM,17:20:00,Hot-Dry
15.7446991,-19.26218058,LA1,2008-12-22,05:40:38 PM,17:40:00,Hot-Dry
15.74470011,-19.26218262,LA1,2008-12-22,06:00:38 PM,18:00:00,Hot-Dry
15.74472249,-19.26230469,LA1,2008-12-22,06:20:38 PM,18:20:00,Hot-Dry
15.74452209,-19.26249186,LA1,2008-12-22,06:40:38 PM,18:40:00,Hot-Dry
15.7440033,-19.26348063,LA1,2008-12-22,07:00:38 PM,19:00:00,Hot-Dry
15.74348043,-19.26529948,LA1,2008-12-22,07:20:38 PM,19:20:00,Hot-Dry
15.7431956,-19.26619059,LA1,2008-12-22,07:40:38 PM,19:40:00,Hot-Dry
15.74300639,-19.26706543,LA1,2008-12-22,08:00:38 PM,20:00:00,Hot-Dry
15.74268799,-19.26716919,LA1,2008-12-22,08:20:38 PM,20:20:00,Hot-Dry
15.74195455,-19.26739705,LA1,2008-12-22,08:40:38 PM,20:40:00,Hot-Dry
15.74169413,-19.26808065,LA1,2008-12-22,09:00:38 PM,21:00:00,Hot-Dry
15.74157206,-19.26876628,LA1,2008-12-22,09:20:38 PM,21:20:00,Hot-Dry
15.74144185,-19.26888835,LA1,2008-12-22,09:40:38 PM,21:40:00,Hot-Dry
15.74117025,-19.26908976,LA1,2008-12-22,10:00:38 PM,22:00:00,Hot-Dry
15.74108683,-19.26930339,LA1,2008-12-22,10:20:38 PM,22:20:00,Hot-Dry
15.74079793,-19.26943766,LA1,2008-12-22,10:40:38 PM,22:40:00,Hot-Dry
15.74070536,-19.2697937,LA1,2008-12-22,11:00:38 PM,23:00:00,Hot-Dry
15.74145813,-19.27020467,LA1,2008-12-22,11:20:38 PM,23:20:00,Hot-Dry
15.74187419,-19.27148234,LA1,2008-12-22,11:40:38 PM,23:40:00,Hot-Dry
15.74188843,-19.27152507,LA1,2008-12-23,12:00:38 AM,00:00:00,Hot-Dry
15.74188741,-19.27150675,LA1,2008-12-23,12:20:38 AM,00:20:00,Hot-Dry
15.74188334,-19.27154744,LA1,2008-12-23,12:40:38 AM,00:40:00,Hot-Dry
15.74188741,-19.27154744,LA1,2008-12-23,01:00:38 AM,01:00:00,Hot-Dry
15.74184875,-19.27154338,LA1,2008-12-23,01:20:38 AM,01:20:00,Hot-Dry
15.74193319,-19.27156576,LA1,2008-12-23,01:40:38 AM,01:40:00,Hot-Dry
15.74187317,-19.27156576,LA1,2008-12-23,02:00:38 AM,02:00:00,Hot-Dry
15.74188131,-19.27154744,LA1,2008-12-23,02:20:38 AM,02:20:00,Hot-Dry
15.74185994,-19.27153117,LA1,2008-12-23,02:40:38 AM,02:40:00,Hot-Dry
15.7418752,-19.27153524,LA1,2008-12-23,03:00:38 AM,03:00:00,Hot-Dry
15.74184875,-19.27154134,LA1,2008-12-23,03:20:38 AM,03:20:00,Hot-Dry
15.74168803,-19.27151082,LA1,2008-12-23,03:40:38 AM,03:40:00,Hot-Dry
15.74199626,-19.27173055,LA1,2008-12-23,04:00:38 AM,04:00:00,Hot-Dry
15.74194845,-19.271639,LA1,2008-12-23,04:20:38 AM,04:20:00,Hot-Dry
15.73976542,-19.27344767,LA1,2008-12-23,04:40:38 AM,04:40:00,Hot-Dry
15.73974202,-19.27494914,LA1,2008-12-23,05:00:38 AM,05:00:00,Hot-Dry
15.74076843,-19.27574666,LA1,2008-12-23,05:20:38 AM,05:20:00,Hot-Dry
15.74126282,-19.27638143,LA1,2008-12-23,05:40:38 AM,05:40:00,Hot-Dry
15.74162292,-19.27635701,LA1,2008-12-23,06:00:38 AM,06:00:00,Hot-Dry
15.7429484,-19.27763672,LA1,2008-12-23,06:20:38 AM,06:20:00,Hot-Dry
15.7440745,-19.27822469,LA1,2008-12-23,06:40:38 AM,06:40:00,Hot-Dry
15.74468486,-19.27822469,LA1,2008-12-23,07:00:38 AM,07:00:00,Hot-Dry
15.74484558,-19.27835083,LA1,2008-12-23,07:20:38 AM,07:20:00,Hot-Dry
15.74519653,-19.27848714,LA1,2008-12-23,07:40:38 AM,07:40:00,Hot-Dry
15.74535421,-19.27847087,LA1,2008-12-23,08:00:38 AM,08:00:00,Hot-Dry
15.74555461,-19.2776591,LA1,2008-12-23,08:20:38 AM,08:20:00,Hot-Dry
15.74359233,-19.27687581,LA1,2008-12-23,08:40:38 AM,08:40:00,Hot-Dry
15.74433085,-19.27599894,LA1,2008-12-23,09:00:38 AM,09:00:00,Hot-Dry
15.74477437,-19.27555339,LA1,2008-12-23,09:20:38 AM,09:20:00,Hot-Dry
15.74514567,-19.27403768,LA1,2008-12-23,09:40:39 AM,09:40:00,Hot-Dry
15.74515381,-19.27406413,LA1,2008-12-23,10:00:38 AM,10:00:00,Hot-Dry
15.74442444,-19.27106527,LA1,2008-12-23,10:20:38 AM,10:20:00,Hot-Dry
15.74407247,-19.26913045,LA1,2008-12-23,10:40:38 AM,10:40:00,Hot-Dry
15.7428477,-19.26888224,LA1,2008-12-23,11:00:38 AM,11:00:00,Hot-Dry
15.74202779,-19.26977336,LA1,2008-12-23,11:20:38 AM,11:20:00,Hot-Dry
15.74274801,-19.26670532,LA1,2008-12-23,11:40:38 AM,11:40:00,Hot-Dry
15.74323222,-19.26352539,LA1,2008-12-23,12:00:38 PM,12:00:00,Hot-Dry
15.74020487,-19.25586751,LA1,2008-12-23,12:20:38 PM,12:20:00,Hot-Dry
15.74020996,-19.25586955,LA1,2008-12-23,12:40:38 PM,12:40:00,Hot-Dry
15.73825989,-19.2543396,LA1,2008-12-23,01:00:38 PM,13:00:00,Hot-Dry
15.73476766,-19.2520752,LA1,2008-12-23,01:20:38 PM,13:20:00,Hot-Dry
15.73475138,-19.250118,LA1,2008-12-23,01:40:38 PM,13:40:00,Hot-Dry
15.72921956,-19.25262858,LA1,2008-12-23,02:00:38 PM,14:00:00,Hot-Dry
15.72587687,-19.25264282,LA1,2008-12-23,02:20:38 PM,14:20:00,Hot-Dry
15.72392578,-19.25152588,LA1,2008-12-23,02:40:38 PM,14:40:00,Hot-Dry
15.72324626,-19.2506307,LA1,2008-12-23,03:00:38 PM,15:00:00,Hot-Dry
15.72139587,-19.24909871,LA1,2008-12-23,03:20:38 PM,15:20:00,Hot-Dry
15.71729635,-19.2500651,LA1,2008-12-23,03:40:38 PM,15:40:00,Hot-Dry
15.7116038,-19.2498291,LA1,2008-12-23,04:00:38 PM,16:00:00,Hot-Dry
15.71022746,-19.24891968,LA1,2008-12-23,04:20:38 PM,16:20:00,Hot-Dry
15.70906881,-19.24802856,LA1,2008-12-23,04:40:38 PM,16:40:00,Hot-Dry
15.70881246,-19.2475057,LA1,2008-12-23,05:00:38 PM,17:00:00,Hot-Dry
15.7083252,-19.24620565,LA1,2008-12-23,05:20:38 PM,17:20:00,Hot-Dry
15.70908712,-19.24584351,LA1,2008-12-23,05:40:38 PM,17:40:00,Hot-Dry
15.70908813,-19.2458374,LA1,2008-12-23,06:00:38 PM,18:00:00,Hot-Dry
15.71118062,-19.24879557,LA1,2008-12-23,06:20:38 PM,18:20:00,Hot-Dry
15.71038717,-19.24962362,LA1,2008-12-23,06:40:38 PM,18:40:00,Hot-Dry
15.71097209,-19.25145874,LA1,2008-12-23,07:00:38 PM,19:00:00,Hot-Dry
15.71043905,-19.25344442,LA1,2008-12-23,07:20:38 PM,19:20:00,Hot-Dry
15.71054586,-19.2575236,LA1,2008-12-23,07:40:38 PM,19:40:00,Hot-Dry
15.7109965,-19.25757853,LA1,2008-12-23,08:00:38 PM,20:00:00,Hot-Dry
15.71181641,-19.25755412,LA1,2008-12-23,08:20:38 PM,20:20:00,Hot-Dry
15.71300863,-19.25801392,LA1,2008-12-23,08:40:38 PM,20:40:00,Hot-Dry
15.71372172,-19.25806071,LA1,2008-12-23,09:00:38 PM,21:00:00,Hot-Dry
15.71431986,-19.25790609,LA1,2008-12-23,09:20:38 PM,21:20:00,Hot-Dry
15.71415507,-19.25752767,LA1,2008-12-23,09:40:38 PM,21:40:00,Hot-Dry
15.71416728,-19.25752157,LA1,2008-12-23,10:00:38 PM,22:00:00,Hot-Dry
15.71413574,-19.25669759,LA1,2008-12-23,10:20:38 PM,22:20:00,Hot-Dry
15.71280924,-19.25610148,LA1,2008-12-23,10:40:38 PM,22:40:00,Hot-Dry
15.7122111,-19.25673828,LA1,2008-12-23,11:00:38 PM,23:00:00,Hot-Dry
15.70986226,-19.25761515,LA1,2008-12-23,11:20:38 PM,23:20:00,Hot-Dry
15.70872091,-19.2583842,LA1,2008-12-23,11:40:38 PM,23:40:00,Hot-Dry
15.70529683,-19.26077271,LA1,2008-12-24,12:00:45 AM,00:00:00,Hot-Dry
15.70353495,-19.26219279,LA1,2008-12-24,12:20:38 AM,00:20:00,Hot-Dry
15.70353597,-19.26219279,LA1,2008-12-24,12:40:38 AM,00:40:00,Hot-Dry
15.7016215,-19.26336263,LA1,2008-12-24,01:00:38 AM,01:00:00,Hot-Dry
15.70145264,-19.26332804,LA1,2008-12-24,01:20:38 AM,01:20:00,Hot-Dry
15.70141195,-19.26326904,LA1,2008-12-24,01:40:38 AM,01:40:00,Hot-Dry
15.70140686,-19.26323242,LA1,2008-12-24,02:00:38 AM,02:00:00,Hot-Dry
15.70143331,-19.26325887,LA1,2008-12-24,02:20:38 AM,02:20:00,Hot-Dry
15.70131531,-19.26321615,LA1,2008-12-24,02:40:38 AM,02:40:00,Hot-Dry
15.70143331,-19.26327311,LA1,2008-12-24,03:00:38 AM,03:00:00,Hot-Dry
15.70141296,-19.26332397,LA1,2008-12-24,03:20:38 AM,03:20:00,Hot-Dry
15.70143331,-19.2632487,LA1,2008-12-24,03:40:38 AM,03:40:00,Hot-Dry
15.70152588,-19.26322835,LA1,2008-12-24,04:00:38 AM,04:00:00,Hot-Dry
15.70134786,-19.2634257,LA1,2008-12-24,04:20:38 AM,04:20:00,Hot-Dry
15.7013387,-19.26355387,LA1,2008-12-24,04:40:38 AM,04:40:00,Hot-Dry
15.70649312,-19.26714071,LA1,2008-12-24,05:00:38 AM,05:00:00,Hot-Dry
15.70763855,-19.26686198,LA1,2008-12-24,05:20:38 AM,05:20:00,Hot-Dry
15.70774536,-19.26671143,LA1,2008-12-24,05:40:38 AM,05:40:00,Hot-Dry
15.71242676,-19.2656311,LA1,2008-12-24,06:00:38 AM,06:00:00,Hot-Dry
15.71496175,-19.26650391,LA1,2008-12-24,06:20:38 AM,06:20:00,Hot-Dry
15.71495768,-19.26651204,LA1,2008-12-24,06:40:38 AM,06:40:00,Hot-Dry
15.71742147,-19.26585083,LA1,2008-12-24,07:00:38 AM,07:00:00,Hot-Dry
15.71808675,-19.26558634,LA1,2008-12-24,07:20:38 AM,07:20:00,Hot-Dry
15.71859233,-19.26462199,LA1,2008-12-24,07:40:38 AM,07:40:00,Hot-Dry
15.71924235,-19.26334229,LA1,2008-12-24,08:00:38 AM,08:00:00,Hot-Dry
15.71943563,-19.26326294,LA1,2008-12-24,08:20:38 AM,08:20:00,Hot-Dry
15.71958211,-19.26327108,LA1,2008-12-24,08:40:38 AM,08:40:00,Hot-Dry
15.71964518,-19.26239014,LA1,2008-12-24,09:00:38 AM,09:00:00,Hot-Dry
15.71964925,-19.26239014,LA1,2008-12-24,09:20:38 AM,09:20:00,Hot-Dry
15.71974894,-19.26107992,LA1,2008-12-24,09:40:38 AM,09:40:00,Hot-Dry
15.71975098,-19.26108195,LA1,2008-12-24,10:00:38 AM,10:00:00,Hot-Dry
15.71931051,-19.26160278,LA1,2008-12-24,10:20:38 AM,10:20:00,Hot-Dry
15.71922201,-19.26206868,LA1,2008-12-24,10:40:38 AM,10:40:00,Hot-Dry
15.7196228,-19.2623291,LA1,2008-12-24,11:00:38 AM,11:00:00,Hot-Dry
15.71997782,-19.26193034,LA1,2008-12-24,11:20:38 AM,11:20:00,Hot-Dry
15.72006531,-19.2616394,LA1,2008-12-24,11:40:38 AM,11:40:00,Hot-Dry
15.72010905,-19.26129964,LA1,2008-12-24,12:00:38 PM,12:00:00,Hot-Dry
15.71914978,-19.26132813,LA1,2008-12-24,12:20:38 PM,12:20:00,Hot-Dry
15.71913961,-19.26133423,LA1,2008-12-24,12:40:38 PM,12:40:00,Hot-Dry
15.71929321,-19.26056722,LA1,2008-12-24,01:00:38 PM,13:00:00,Hot-Dry
15.71954244,-19.2603536,LA1,2008-12-24,01:20:38 PM,13:20:00,Hot-Dry
15.71967875,-19.25929565,LA1,2008-12-24,01:40:38 PM,13:40:00,Hot-Dry
15.72048543,-19.26021932,LA1,2008-12-24,02:00:38 PM,14:00:00,Hot-Dry
15.72047933,-19.26050212,LA1,2008-12-24,02:20:38 PM,14:20:00,Hot-Dry
15.72045898,-19.26129964,LA1,2008-12-24,02:40:38 PM,14:40:00,Hot-Dry
15.72104492,-19.26169027,LA1,2008-12-24,03:00:38 PM,15:00:00,Hot-Dry
15.72307027,-19.26529338,LA1,2008-12-24,03:20:38 PM,15:20:00,Hot-Dry
15.72362874,-19.26551514,LA1,2008-12-24,03:40:38 PM,15:40:00,Hot-Dry
15.72402445,-19.26600342,LA1,2008-12-24,04:00:38 PM,16:00:00,Hot-Dry
15.72440796,-19.26785889,LA1,2008-12-24,04:20:38 PM,16:20:00,Hot-Dry
15.72488302,-19.26972453,LA1,2008-12-24,04:40:38 PM,16:40:00,Hot-Dry
15.72618815,-19.2716512,LA1,2008-12-24,05:00:38 PM,17:00:00,Hot-Dry
15.72644348,-19.27387288,LA1,2008-12-24,05:20:38 PM,17:20:00,Hot-Dry
15.72718099,-19.27412109,LA1,2008-12-24,05:40:38 PM,17:40:00,Hot-Dry
15.72728678,-19.27429199,LA1,2008-12-24,06:00:38 PM,18:00:00,Hot-Dry
15.72791341,-19.27439575,LA1,2008-12-24,06:20:38 PM,18:20:00,Hot-Dry
15.72795817,-19.27490438,LA1,2008-12-24,06:40:38 PM,18:40:00,Hot-Dry
15.72865702,-19.27543742,LA1,2008-12-24,07:00:38 PM,19:00:00,Hot-Dry
15.72974243,-19.27533976,LA1,2008-12-24,07:20:38 PM,19:20:00,Hot-Dry
15.73103536,-19.27458293,LA1,2008-12-24,07:40:38 PM,19:40:00,Hot-Dry
15.73162333,-19.27449341,LA1,2008-12-24,08:00:38 PM,20:00:00,Hot-Dry
15.73144531,-19.27443848,LA1,2008-12-24,08:20:38 PM,20:20:00,Hot-Dry
15.73542684,-19.27307332,LA1,2008-12-24,08:40:38 PM,20:40:00,Hot-Dry
15.73764242,-19.27177327,LA1,2008-12-24,09:00:38 PM,21:00:00,Hot-Dry
15.73963623,-19.2734314,LA1,2008-12-24,09:20:38 PM,21:20:00,Hot-Dry
15.73960164,-19.27351278,LA1,2008-12-24,09:40:38 PM,21:40:00,Hot-Dry
15.73962097,-19.27344564,LA1,2008-12-24,10:00:38 PM,22:00:00,Hot-Dry
15.74046427,-19.27359619,LA1,2008-12-24,10:20:38 PM,22:20:00,Hot-Dry
15.74046427,-19.27359416,LA1,2008-12-24,10:40:38 PM,22:40:00,Hot-Dry
15.74143372,-19.27526042,LA1,2008-12-24,11:00:38 PM,23:00:00,Hot-Dry
15.74143778,-19.27526042,LA1,2008-12-24,11:20:38 PM,23:20:00,Hot-Dry
15.74145813,-19.27525838,LA1,2008-12-24,11:40:38 PM,23:40:00,Hot-Dry
15.74148153,-19.27609049,LA1,2008-12-25,12:00:38 AM,00:00:00,Hot-Dry
15.74147644,-19.27608236,LA1,2008-12-25,12:20:38 AM,00:20:00,Hot-Dry
15.74304504,-19.27682699,LA1,2008-12-25,12:40:38 AM,00:40:00,Hot-Dry
15.74304301,-19.27682495,LA1,2008-12-25,01:00:38 AM,01:00:00,Hot-Dry
15.74309896,-19.27689412,LA1,2008-12-25,01:20:38 AM,01:20:00,Hot-Dry
15.74310506,-19.27684937,LA1,2008-12-25,01:40:38 AM,01:40:00,Hot-Dry
15.74310303,-19.27684937,LA1,2008-12-25,02:00:38 AM,02:00:00,Hot-Dry
15.74304403,-19.27687581,LA1,2008-12-25,02:20:38 AM,02:20:00,Hot-Dry
15.74305216,-19.27687785,LA1,2008-12-25,02:40:38 AM,02:40:00,Hot-Dry
15.74305318,-19.27686971,LA1,2008-12-25,03:00:38 AM,03:00:00,Hot-Dry
15.74313354,-19.27685954,LA1,2008-12-25,03:20:38 AM,03:20:00,Hot-Dry
15.74376933,-19.27651164,LA1,2008-12-25,03:40:38 AM,03:40:00,Hot-Dry
15.74437154,-19.27564087,LA1,2008-12-25,04:00:38 AM,04:00:00,Hot-Dry
15.74486084,-19.2758077,LA1,2008-12-25,04:20:38 AM,04:20:00,Hot-Dry
15.74507853,-19.27807007,LA1,2008-12-25,04:40:38 AM,04:40:00,Hot-Dry
15.74634094,-19.27775269,LA1,2008-12-25,05:00:38 AM,05:00:00,Hot-Dry
15.74657796,-19.27672323,LA1,2008-12-25,05:20:38 AM,05:20:00,Hot-Dry
15.74633179,-19.27527466,LA1,2008-12-25,05:40:38 AM,05:40:00,Hot-Dry
15.74601644,-19.27533976,LA1,2008-12-25,06:00:38 AM,06:00:00,Hot-Dry
15.74539693,-19.27318319,LA1,2008-12-25,06:20:38 AM,06:20:00,Hot-Dry
15.74467468,-19.27223511,LA1,2008-12-25,06:40:38 AM,06:40:00,Hot-Dry
15.74558309,-19.27184041,LA1,2008-12-25,07:00:38 AM,07:00:00,Hot-Dry
15.74600321,-19.2722168,LA1,2008-12-25,07:20:38 AM,07:20:00,Hot-Dry
15.74596659,-19.27281494,LA1,2008-12-25,07:40:38 AM,07:40:00,Hot-Dry
15.74580587,-19.27305094,LA1,2008-12-25,08:00:38 AM,08:00:00,Hot-Dry
15.74657694,-19.27282715,LA1,2008-12-25,08:20:38 AM,08:20:00,Hot-Dry
15.74356283,-19.27317505,LA1,2008-12-25,08:40:38 AM,08:40:00,Hot-Dry
15.74367371,-19.27318115,LA1,2008-12-25,09:00:38 AM,09:00:00,Hot-Dry
15.74417419,-19.27132772,LA1,2008-12-25,09:20:38 AM,09:20:00,Hot-Dry
15.74365743,-19.26677246,LA1,2008-12-25,09:40:38 AM,09:40:00,Hot-Dry
15.74371745,-19.26404419,LA1,2008-12-25,10:00:38 AM,10:00:00,Hot-Dry
15.74495951,-19.2614502,LA1,2008-12-25,10:20:39 AM,10:20:00,Hot-Dry
15.74495951,-19.26144409,LA1,2008-12-25,10:40:38 AM,10:40:00,Hot-Dry
15.74651998,-19.26004232,LA1,2008-12-25,11:00:38 AM,11:00:00,Hot-Dry
15.74896037,-19.25955811,LA1,2008-12-25,11:20:38 AM,11:20:00,Hot-Dry
15.74893087,-19.25955811,LA1,2008-12-25,11:40:38 AM,11:40:00,Hot-Dry
15.74710897,-19.25848185,LA1,2008-12-25,12:00:38 PM,12:00:00,Hot-Dry
15.74417521,-19.25757853,LA1,2008-12-25,12:20:38 PM,12:20:00,Hot-Dry
15.74128011,-19.25741781,LA1,2008-12-25,12:40:38 PM,12:40:00,Hot-Dry
15.73941345,-19.25631307,LA1,2008-12-25,01:00:38 PM,13:00:00,Hot-Dry
15.73672078,-19.2533549,LA1,2008-12-25,01:20:38 PM,13:20:00,Hot-Dry
15.7313151,-19.25250448,LA1,2008-12-25,01:40:38 PM,13:40:00,Hot-Dry
15.7266866,-19.25272624,LA1,2008-12-25,02:00:38 PM,14:00:00,Hot-Dry
15.72116089,-19.25605469,LA1,2008-12-25,02:20:38 PM,14:20:00,Hot-Dry
15.7211558,-19.25605876,LA1,2008-12-25,02:40:38 PM,14:40:00,Hot-Dry
15.71955973,-19.25851847,LA1,2008-12-25,03:00:38 PM,15:00:00,Hot-Dry
15.72025553,-19.26140951,LA1,2008-12-25,03:20:38 PM,15:20:00,Hot-Dry
15.71933289,-19.26199748,LA1,2008-12-25,03:40:38 PM,15:40:00,Hot-Dry
15.7196818,-19.26217041,LA1,2008-12-25,04:00:38 PM,16:00:00,Hot-Dry
15.71942139,-19.26373698,LA1,2008-12-25,04:20:38 PM,16:20:00,Hot-Dry
15.71877238,-19.26526286,LA1,2008-12-25,04:40:38 PM,16:40:00,Hot-Dry
15.71778768,-19.26601969,LA1,2008-12-25,05:00:38 PM,17:00:00,Hot-Dry
15.71730245,-19.26800741,LA1,2008-12-25,05:20:38 PM,17:20:00,Hot-Dry
15.71496989,-19.26837362,LA1,2008-12-25,05:40:38 PM,17:40:00,Hot-Dry
15.71496379,-19.26837158,LA1,2008-12-25,06:00:38 PM,18:00:00,Hot-Dry
15.71566874,-19.26848145,LA1,2008-12-25,06:20:38 PM,18:20:00,Hot-Dry
15.71644897,-19.26665446,LA1,2008-12-25,06:40:38 PM,18:40:00,Hot-Dry
15.71777649,-19.26610514,LA1,2008-12-25,07:00:38 PM,19:00:00,Hot-Dry
15.71897176,-19.26493123,LA1,2008-12-25,07:20:38 PM,19:20:00,Hot-Dry
15.71908569,-19.26467082,LA1,2008-12-25,07:40:38 PM,19:40:00,Hot-Dry
15.71927287,-19.26443481,LA1,2008-12-25,08:00:38 PM,20:00:00,Hot-Dry
15.71943258,-19.26381429,LA1,2008-12-25,08:20:38 PM,20:20:00,Hot-Dry
15.71948954,-19.26353556,LA1,2008-12-25,08:40:38 PM,20:40:00,Hot-Dry
15.71962179,-19.26322835,LA1,2008-12-25,09:00:38 PM,21:00:00,Hot-Dry
15.71974996,-19.26342163,LA1,2008-12-25,09:20:38 PM,21:20:00,Hot-Dry
15.71965637,-19.26375732,LA1,2008-12-25,09:40:38 PM,21:40:00,Hot-Dry
15.71959941,-19.26377563,LA1,2008-12-25,10:00:38 PM,22:00:00,Hot-Dry
15.71960653,-19.2637797,LA1,2008-12-25,10:20:38 PM,22:20:00,Hot-Dry
15.71953634,-19.26347249,LA1,2008-12-25,10:40:38 PM,22:40:00,Hot-Dry
15.71958516,-19.26269735,LA1,2008-12-25,11:00:38 PM,23:00:00,Hot-Dry
15.71958923,-19.26269735,LA1,2008-12-25,11:20:38 PM,23:20:00,Hot-Dry
15.72035828,-19.26142782,LA1,2008-12-25,11:40:38 PM,23:40:00,Hot-Dry
15.72035726,-19.26142578,LA1,2008-12-26,12:00:38 AM,00:00:00,Hot-Dry
15.72208964,-19.2644104,LA1,2008-12-26,12:20:38 AM,00:20:00,Hot-Dry
15.72522278,-19.26715495,LA1,2008-12-26,12:40:38 AM,00:40:00,Hot-Dry
15.72531942,-19.26819661,LA1,2008-12-26,01:00:38 AM,01:00:00,Hot-Dry
15.72555033,-19.26854248,LA1,2008-12-26,01:20:38 AM,01:20:00,Hot-Dry
15.72636414,-19.26922404,LA1,2008-12-26,01:40:38 AM,01:40:00,Hot-Dry
15.72636617,-19.26922811,LA1,2008-12-26,02:00:38 AM,02:00:00,Hot-Dry
15.72679749,-19.26944173,LA1,2008-12-26,02:20:38 AM,02:20:00,Hot-Dry
15.72678528,-19.26946818,LA1,2008-12-26,02:40:38 AM,02:40:00,Hot-Dry
15.72678121,-19.26945394,LA1,2008-12-26,03:00:38 AM,03:00:00,Hot-Dry
15.72687785,-19.26941121,LA1,2008-12-26,03:20:38 AM,03:20:00,Hot-Dry
15.72689412,-19.26934814,LA1,2008-12-26,03:40:38 AM,03:40:00,Hot-Dry
15.72677104,-19.26948649,LA1,2008-12-26,04:00:38 AM,04:00:00,Hot-Dry
15.7271759,-19.27028402,LA1,2008-12-26,04:20:38 AM,04:20:00,Hot-Dry
15.72678731,-19.27110189,LA1,2008-12-26,04:40:38 AM,04:40:00,Hot-Dry
15.72771606,-19.27234904,LA1,2008-12-26,05:00:38 AM,05:00:00,Hot-Dry
15.72772115,-19.27238159,LA1,2008-12-26,05:20:38 AM,05:20:00,Hot-Dry
15.72790019,-19.27277425,LA1,2008-12-26,05:40:38 AM,05:40:00,Hot-Dry
15.72804972,-19.27296956,LA1,2008-12-26,06:00:38 AM,06:00:00,Hot-Dry
15.72821554,-19.27302043,LA1,2008-12-26,06:20:38 AM,06:20:00,Hot-Dry
15.72920227,-19.27342733,LA1,2008-12-26,06:40:38 AM,06:40:00,Hot-Dry
15.73033142,-19.27421875,LA1,2008-12-26,07:00:38 AM,07:00:00,Hot-Dry
15.73062744,-19.27406616,LA1,2008-12-26,07:20:38 AM,07:20:00,Hot-Dry
15.73487956,-19.2731486,LA1,2008-12-26,07:40:38 AM,07:40:00,Hot-Dry
15.73841553,-19.27214559,LA1,2008-12-26,08:00:38 AM,08:00:00,Hot-Dry
15.74039815,-19.27341919,LA1,2008-12-26,08:20:38 AM,08:20:00,Hot-Dry
15.74358012,-19.27320964,LA1,2008-12-26,08:40:38 AM,08:40:00,Hot-Dry
15.74441223,-19.2743571,LA1,2008-12-26,09:00:38 AM,09:00:00,Hot-Dry
15.74448547,-19.27438354,LA1,2008-12-26,09:20:38 AM,09:20:00,Hot-Dry
15.74355977,-19.26820679,LA1,2008-12-26,09:40:38 AM,09:40:00,Hot-Dry
15.74354757,-19.26821899,LA1,2008-12-26,10:00:38 AM,10:00:00,Hot-Dry
15.74320068,-19.2625529,LA1,2008-12-26,10:20:38 AM,10:20:00,Hot-Dry
15.74319865,-19.26255493,LA1,2008-12-26,10:40:38 AM,10:40:00,Hot-Dry
15.74277751,-19.25897217,LA1,2008-12-26,11:00:38 AM,11:00:00,Hot-Dry
15.74206238,-19.25847371,LA1,2008-12-26,11:20:38 AM,11:20:00,Hot-Dry
15.74104919,-19.25696615,LA1,2008-12-26,11:40:38 AM,11:40:00,Hot-Dry
15.74044596,-19.2562439,LA1,2008-12-26,12:00:38 PM,12:00:00,Hot-Dry
15.73906962,-19.25441081,LA1,2008-12-26,12:20:38 PM,12:20:00,Hot-Dry
15.73239237,-19.25270386,LA1,2008-12-26,12:40:38 PM,12:40:00,Hot-Dry
15.72677917,-19.2525533,LA1,2008-12-26,01:00:38 PM,13:00:00,Hot-Dry
15.72645365,-19.2517863,LA1,2008-12-26,01:20:38 PM,13:20:00,Hot-Dry
15.72651672,-19.25250041,LA1,2008-12-26,01:40:38 PM,13:40:00,Hot-Dry
15.72434285,-19.25036214,LA1,2008-12-26,02:00:38 PM,14:00:00,Hot-Dry
15.71809285,-19.25049845,LA1,2008-12-26,02:20:38 PM,14:20:00,Hot-Dry
15.71071981,-19.24899699,LA1,2008-12-26,02:40:38 PM,14:40:00,Hot-Dry
15.70778809,-19.24717814,LA1,2008-12-26,03:00:38 PM,15:00:00,Hot-Dry
15.70704956,-19.24700928,LA1,2008-12-26,03:20:38 PM,15:20:00,Hot-Dry
15.70686747,-19.24756673,LA1,2008-12-26,03:40:38 PM,15:40:00,Hot-Dry
15.70829569,-19.24879964,LA1,2008-12-26,04:00:38 PM,16:00:00,Hot-Dry
15.70945333,-19.25282186,LA1,2008-12-26,04:20:38 PM,16:20:00,Hot-Dry
15.70953878,-19.25742798,LA1,2008-12-26,04:40:38 PM,16:40:00,Hot-Dry
15.70732625,-19.25950114,LA1,2008-12-26,05:00:38 PM,17:00:00,Hot-Dry
15.69636027,-19.26357422,LA1,2008-12-26,05:20:38 PM,17:20:00,Hot-Dry
15.69636841,-19.26357218,LA1,2008-12-26,05:40:38 PM,17:40:00,Hot-Dry
15.69368896,-19.2673055,LA1,2008-12-26,06:00:38 PM,18:00:00,Hot-Dry
15.69420776,-19.27026978,LA1,2008-12-26,06:20:38 PM,18:20:00,Hot-Dry
15.69520874,-19.26942952,LA1,2008-12-26,06:40:38 PM,18:40:00,Hot-Dry
15.69832865,-19.26761271,LA1,2008-12-26,07:00:38 PM,19:00:00,Hot-Dry
15.70569255,-19.26848958,LA1,2008-12-26,07:20:38 PM,19:20:00,Hot-Dry
15.70635681,-19.26990763,LA1,2008-12-26,07:40:38 PM,19:40:00,Hot-Dry
15.70625203,-19.27026164,LA1,2008-12-26,08:00:38 PM,20:00:00,Hot-Dry
15.70661723,-19.27097575,LA1,2008-12-26,08:20:38 PM,20:20:00,Hot-Dry
15.70716756,-19.26996663,LA1,2008-12-26,08:40:38 PM,20:40:00,Hot-Dry
15.70741781,-19.26984863,LA1,2008-12-26,09:00:38 PM,21:00:00,Hot-Dry
15.70985514,-19.26920776,LA1,2008-12-26,09:20:38 PM,21:20:00,Hot-Dry
15.70986226,-19.26919963,LA1,2008-12-26,09:40:38 PM,21:40:00,Hot-Dry
15.71118876,-19.26845907,LA1,2008-12-26,10:00:38 PM,22:00:00,Hot-Dry
15.71105245,-19.26649577,LA1,2008-12-26,10:20:38 PM,22:20:00,Hot-Dry
15.7128184,-19.26912435,LA1,2008-12-26,10:40:38 PM,22:40:00,Hot-Dry
15.71532694,-19.26831868,LA1,2008-12-26,11:00:38 PM,23:00:00,Hot-Dry
15.71532389,-19.26832886,LA1,2008-12-26,11:20:38 PM,23:20:00,Hot-Dry
15.71510518,-19.2678894,LA1,2008-12-26,11:40:38 PM,23:40:00,Hot-Dry
15.71630351,-19.26686401,LA1,2008-12-27,12:00:38 AM,00:00:00,Hot-Dry
15.71625468,-19.26663818,LA1,2008-12-27,12:20:38 AM,00:20:00,Hot-Dry
15.71634827,-19.26644694,LA1,2008-12-27,12:40:38 AM,00:40:00,Hot-Dry
15.71636353,-19.26641439,LA1,2008-12-27,01:00:38 AM,01:00:00,Hot-Dry
15.71638082,-19.26634521,LA1,2008-12-27,01:20:38 AM,01:20:00,Hot-Dry
15.71636251,-19.26632487,LA1,2008-12-27,01:40:38 AM,01:40:00,Hot-Dry
15.71633199,-19.26644287,LA1,2008-12-27,02:00:38 AM,02:00:00,Hot-Dry
15.71633199,-19.26643066,LA1,2008-12-27,02:20:38 AM,02:20:00,Hot-Dry
15.71633504,-19.26617432,LA1,2008-12-27,02:40:38 AM,02:40:00,Hot-Dry
15.71607157,-19.26635539,LA1,2008-12-27,03:00:38 AM,03:00:00,Hot-Dry
15.71608378,-19.26635742,LA1,2008-12-27,03:20:38 AM,03:20:00,Hot-Dry
15.71635539,-19.26641642,LA1,2008-12-27,03:40:38 AM,03:40:00,Hot-Dry
15.71631978,-19.26641235,LA1,2008-12-27,04:00:38 AM,04:00:00,Hot-Dry
15.71633504,-19.26639811,LA1,2008-12-27,04:20:38 AM,04:20:00,Hot-Dry
15.71681315,-19.2661967,LA1,2008-12-27,04:40:38 AM,04:40:00,Hot-Dry
15.71918844,-19.26247152,LA1,2008-12-27,05:00:38 AM,05:00:00,Hot-Dry
15.7191925,-19.26187541,LA1,2008-12-27,05:20:38 AM,05:20:00,Hot-Dry
15.71931966,-19.2613383,LA1,2008-12-27,05:40:38 AM,05:40:00,Hot-Dry
15.71919861,-19.26090495,LA1,2008-12-27,06:00:38 AM,06:00:00,Hot-Dry
15.71916809,-19.26075643,LA1,2008-12-27,06:20:38 AM,06:20:00,Hot-Dry
15.7192454,-19.26061808,LA1,2008-12-27,06:40:38 AM,06:40:00,Hot-Dry
15.71915283,-19.26030477,LA1,2008-12-27,07:00:38 AM,07:00:00,Hot-Dry
15.71759338,-19.25598958,LA1,2008-12-27,07:20:38 AM,07:20:00,Hot-Dry
15.71611938,-19.25337321,LA1,2008-12-27,07:40:38 AM,07:40:00,Hot-Dry
15.70970662,-19.24725749,LA1,2008-12-27,08:00:38 AM,08:00:00,Hot-Dry
15.70492554,-19.24116618,LA1,2008-12-27,08:20:38 AM,08:20:00,Hot-Dry
15.70092672,-19.23651937,LA1,2008-12-27,08:40:38 AM,08:40:00,Hot-Dry
15.70152283,-19.23658244,LA1,2008-12-27,09:00:38 AM,09:00:00,Hot-Dry
15.70151978,-19.23658447,LA1,2008-12-27,09:20:38 AM,09:20:00,Hot-Dry
15.70529683,-19.23653768,LA1,2008-12-27,09:40:38 AM,09:40:00,Hot-Dry
15.70530701,-19.23653158,LA1,2008-12-27,10:00:38 AM,10:00:00,Hot-Dry
15.70531006,-19.23656209,LA1,2008-12-27,10:20:38 AM,10:20:00,Hot-Dry
15.70531006,-19.23657023,LA1,2008-12-27,10:40:38 AM,10:40:00,Hot-Dry
15.70632121,-19.23444417,LA1,2008-12-27,11:00:38 AM,11:00:00,Hot-Dry
15.70430806,-19.23048706,LA1,2008-12-27,11:20:38 AM,11:20:00,Hot-Dry
15.70370992,-19.22755941,LA1,2008-12-27,11:40:38 AM,11:40:00,Hot-Dry
15.70727132,-19.21808065,LA1,2008-12-27,12:00:38 PM,12:00:00,Hot-Dry
15.70727539,-19.21808675,LA1,2008-12-27,12:20:38 PM,12:20:00,Hot-Dry
15.70582174,-19.21532593,LA1,2008-12-27,12:40:38 PM,12:40:00,Hot-Dry
15.70318604,-19.22091878,LA1,2008-12-27,01:00:38 PM,13:00:00,Hot-Dry
15.70402222,-19.22969564,LA1,2008-12-27,01:20:38 PM,13:20:00,Hot-Dry
15.70534566,-19.23339233,LA1,2008-12-27,01:40:38 PM,13:40:00,Hot-Dry
15.70423381,-19.23463338,LA1,2008-12-27,02:00:38 PM,14:00:00,Hot-Dry
15.70381775,-19.23996175,LA1,2008-12-27,02:20:38 PM,14:20:00,Hot-Dry
15.70382182,-19.23995972,LA1,2008-12-27,02:40:38 PM,14:40:00,Hot-Dry
15.7038208,-19.23996379,LA1,2008-12-27,03:00:38 PM,15:00:00,Hot-Dry
15.7022644,-19.24303182,LA1,2008-12-27,03:20:38 PM,15:20:00,Hot-Dry
15.70050049,-19.24810384,LA1,2008-12-27,03:40:38 PM,15:40:00,Hot-Dry
15.69864299,-19.25293579,LA1,2008-12-27,04:00:38 PM,16:00:00,Hot-Dry
15.69384155,-19.25909627,LA1,2008-12-27,04:20:38 PM,16:20:00,Hot-Dry
15.69341838,-19.26813761,LA1,2008-12-27,04:40:38 PM,16:40:00,Hot-Dry
15.69329224,-19.26987712,LA1,2008-12-27,05:00:38 PM,17:00:00,Hot-Dry
15.69669698,-19.26944173,LA1,2008-12-27,05:20:38 PM,17:20:00,Hot-Dry
15.69669291,-19.2694458,LA1,2008-12-27,05:40:38 PM,17:40:00,Hot-Dry
15.69852498,-19.26877848,LA1,2008-12-27,06:00:38 PM,18:00:00,Hot-Dry
15.70069275,-19.26853638,LA1,2008-12-27,06:20:38 PM,18:20:00,Hot-Dry
15.70625814,-19.26999715,LA1,2008-12-27,06:40:38 PM,18:40:00,Hot-Dry
15.70789286,-19.26978963,LA1,2008-12-27,07:00:38 PM,19:00:00,Hot-Dry
15.71315002,-19.26673177,LA1,2008-12-27,07:20:38 PM,19:20:00,Hot-Dry
15.71343282,-19.26607869,LA1,2008-12-27,07:40:38 PM,19:40:00,Hot-Dry
15.71819967,-19.26553752,LA1,2008-12-27,08:00:38 PM,20:00:00,Hot-Dry
15.71913452,-19.26512451,LA1,2008-12-27,08:20:38 PM,20:20:00,Hot-Dry
15.71943868,-19.26421916,LA1,2008-12-27,08:40:38 PM,20:40:00,Hot-Dry
15.71947123,-19.26410522,LA1,2008-12-27,09:00:38 PM,21:00:00,Hot-Dry
15.71946004,-19.2637146,LA1,2008-12-27,09:20:38 PM,21:20:00,Hot-Dry
15.71908976,-19.26261393,LA1,2008-12-27,09:40:38 PM,21:40:00,Hot-Dry
15.7190918,-19.26262207,LA1,2008-12-27,10:00:38 PM,22:00:00,Hot-Dry
15.71894735,-19.2625529,LA1,2008-12-27,10:20:38 PM,22:20:00,Hot-Dry
15.71885885,-19.26211751,LA1,2008-12-27,10:40:38 PM,22:40:00,Hot-Dry
15.71985067,-19.26129761,LA1,2008-12-27,11:00:38 PM,23:00:00,Hot-Dry
15.71984355,-19.26128133,LA1,2008-12-27,11:20:38 PM,23:20:00,Hot-Dry
15.71998901,-19.26098429,LA1,2008-12-27,11:40:38 PM,23:40:00,Hot-Dry
15.72161662,-19.26325887,LA1,2008-12-28,12:00:38 AM,00:00:00,Hot-Dry
15.72171631,-19.26342773,LA1,2008-12-28,12:20:38 AM,00:20:00,Hot-Dry
15.72231547,-19.26455688,LA1,2008-12-28,12:40:38 AM,00:40:00,Hot-Dry
15.72398478,-19.26572673,LA1,2008-12-28,01:00:38 AM,01:00:00,Hot-Dry
15.72399597,-19.26576945,LA1,2008-12-28,01:20:38 AM,01:20:00,Hot-Dry
15.72453715,-19.26653849,LA1,2008-12-28,01:40:38 AM,01:40:00,Hot-Dry
15.72468669,-19.26648153,LA1,2008-12-28,02:00:38 AM,02:00:00,Hot-Dry
15.72543132,-19.26824748,LA1,2008-12-28,02:20:38 AM,02:20:00,Hot-Dry
15.72546183,-19.26826986,LA1,2008-12-28,02:40:38 AM,02:40:00,Hot-Dry
15.72545878,-19.26828613,LA1,2008-12-28,03:00:38 AM,03:00:00,Hot-Dry
15.72540894,-19.26825358,LA1,2008-12-28,03:20:38 AM,03:20:00,Hot-Dry
15.72546794,-19.26823934,LA1,2008-12-28,03:40:38 AM,03:40:00,Hot-Dry
15.72539978,-19.26832682,LA1,2008-12-28,04:00:38 AM,04:00:00,Hot-Dry
15.72544861,-19.26827596,LA1,2008-12-28,04:20:38 AM,04:20:00,Hot-Dry
15.72556356,-19.26844482,LA1,2008-12-28,04:40:38 AM,04:40:00,Hot-Dry
15.72677104,-19.26932983,LA1,2008-12-28,05:00:38 AM,05:00:00,Hot-Dry
15.72728068,-19.26952718,LA1,2008-12-28,05:20:38 AM,05:20:00,Hot-Dry
15.72829183,-19.26761678,LA1,2008-12-28,05:40:38 AM,05:40:00,Hot-Dry
15.72265828,-19.26365763,LA1,2008-12-28,06:00:38 AM,06:00:00,Hot-Dry
15.72266337,-19.26365967,LA1,2008-12-28,06:20:38 AM,06:20:00,Hot-Dry
15.72145894,-19.26136068,LA1,2008-12-28,06:40:38 AM,06:40:00,Hot-Dry
15.71588745,-19.25288289,LA1,2008-12-28,07:00:38 AM,07:00:00,Hot-Dry
15.70599976,-19.24469198,LA1,2008-12-28,07:20:38 AM,07:20:00,Hot-Dry
15.70296631,-19.24118042,LA1,2008-12-28,07:40:38 AM,07:40:00,Hot-Dry
15.70163879,-19.23874715,LA1,2008-12-28,08:00:38 AM,08:00:00,Hot-Dry
15.69953817,-19.23748169,LA1,2008-12-28,08:20:38 AM,08:20:00,Hot-Dry
15.69813944,-19.23653971,LA1,2008-12-28,08:40:38 AM,08:40:00,Hot-Dry
15.69776306,-19.23579915,LA1,2008-12-28,09:00:38 AM,09:00:00,Hot-Dry
15.69778544,-19.2358134,LA1,2008-12-28,09:20:38 AM,09:20:00,Hot-Dry
15.69778544,-19.23580322,LA1,2008-12-28,09:40:38 AM,09:40:00,Hot-Dry
15.69775391,-19.2358256,LA1,2008-12-28,10:00:38 AM,10:00:00,Hot-Dry
15.69778137,-19.23581543,LA1,2008-12-28,10:20:38 AM,10:20:00,Hot-Dry
15.69779154,-19.23583171,LA1,2008-12-28,10:40:38 AM,10:40:00,Hot-Dry
15.69778748,-19.23581136,LA1,2008-12-28,11:00:48 AM,11:00:00,Hot-Dry
15.69777425,-19.23582357,LA1,2008-12-28,11:20:48 AM,11:20:00,Hot-Dry
15.7019104,-19.23360392,LA1,2008-12-28,11:40:48 AM,11:40:00,Hot-Dry
15.70294495,-19.23366089,LA1,2008-12-28,12:00:48 PM,12:00:00,Hot-Dry
15.7024231,-19.23368734,LA1,2008-12-28,12:20:49 PM,12:20:00,Hot-Dry
15.70213826,-19.2336141,LA1,2008-12-28,12:40:48 PM,12:40:00,Hot-Dry
15.70178731,-19.2328654,LA1,2008-12-28,01:00:48 PM,13:00:00,Hot-Dry
15.70496521,-19.23304647,LA1,2008-12-28,01:20:48 PM,13:20:00,Hot-Dry
15.70398661,-19.23413696,LA1,2008-12-28,01:40:48 PM,13:40:00,Hot-Dry
15.70403442,-19.23459066,LA1,2008-12-28,02:00:48 PM,14:00:00,Hot-Dry
15.70420939,-19.23466187,LA1,2008-12-28,02:20:48 PM,14:20:00,Hot-Dry
15.70468953,-19.23577881,LA1,2008-12-28,02:40:48 PM,14:40:00,Hot-Dry
15.70455729,-19.23747762,LA1,2008-12-28,03:00:48 PM,15:00:00,Hot-Dry
15.70426737,-19.24442952,LA1,2008-12-28,03:20:48 PM,15:20:00,Hot-Dry
15.7029246,-19.25031738,LA1,2008-12-28,03:40:48 PM,15:40:00,Hot-Dry
15.70213928,-19.25295207,LA1,2008-12-28,04:00:48 PM,16:00:00,Hot-Dry
15.69970398,-19.25638631,LA1,2008-12-28,04:20:48 PM,16:20:00,Hot-Dry
15.69727173,-19.26297404,LA1,2008-12-28,04:40:48 PM,16:40:00,Hot-Dry
15.69342143,-19.26985474,LA1,2008-12-28,05:00:48 PM,17:00:00,Hot-Dry
15.69357402,-19.27011922,LA1,2008-12-28,05:20:48 PM,17:20:00,Hot-Dry
15.69229329,-19.2699056,LA1,2008-12-28,05:40:48 PM,17:40:00,Hot-Dry
15.68777669,-19.27067464,LA1,2008-12-28,06:00:48 PM,18:00:00,Hot-Dry
15.6865448,-19.26961263,LA1,2008-12-28,06:20:48 PM,18:20:00,Hot-Dry
15.6866862,-19.26948446,LA1,2008-12-28,06:40:48 PM,18:40:00,Hot-Dry
15.6866689,-19.26906535,LA1,2008-12-28,07:00:48 PM,19:00:00,Hot-Dry
15.6872111,-19.26891276,LA1,2008-12-28,07:20:48 PM,19:20:00,Hot-Dry
15.68877258,-19.26885376,LA1,2008-12-28,07:40:48 PM,19:40:00,Hot-Dry
15.69046224,-19.26923625,LA1,2008-12-28,08:00:48 PM,20:00:00,Hot-Dry
15.69207865,-19.26949666,LA1,2008-12-28,08:20:48 PM,20:20:00,Hot-Dry
15.6920461,-19.26964111,LA1,2008-12-28,08:40:48 PM,20:40:00,Hot-Dry
15.69224345,-19.26954142,LA1,2008-12-28,09:00:48 PM,21:00:00,Hot-Dry
15.69230448,-19.26933797,LA1,2008-12-28,09:20:48 PM,21:20:00,Hot-Dry
15.69335327,-19.26979777,LA1,2008-12-28,09:40:48 PM,21:40:00,Hot-Dry
15.69754232,-19.27045695,LA1,2008-12-28,10:00:48 PM,22:00:00,Hot-Dry
15.69946391,-19.26905924,LA1,2008-12-28,10:20:48 PM,22:20:00,Hot-Dry
15.70282186,-19.2674174,LA1,2008-12-28,10:40:48 PM,22:40:00,Hot-Dry
15.70594788,-19.26624146,LA1,2008-12-28,11:00:48 PM,23:00:00,Hot-Dry
15.70674032,-19.26621908,LA1,2008-12-28,11:20:48 PM,23:20:00,Hot-Dry
15.70670369,-19.26615601,LA1,2008-12-28,11:40:48 PM,23:40:00,Hot-Dry
15.70700073,-19.26616007,LA1,2008-12-29,12:00:48 AM,00:00:00,Hot-Dry
15.70729777,-19.266038,LA1,2008-12-29,12:20:49 AM,00:20:00,Hot-Dry
15.7075826,-19.2651123,LA1,2008-12-29,12:40:48 AM,00:40:00,Hot-Dry
15.7075765,-19.2643575,LA1,2008-12-29,01:00:48 AM,01:00:00,Hot-Dry
15.70815633,-19.26144409,LA1,2008-12-29,01:20:48 AM,01:20:00,Hot-Dry
15.70937398,-19.2580424,LA1,2008-12-29,01:40:48 AM,01:40:00,Hot-Dry
15.70932922,-19.2575765,LA1,2008-12-29,02:00:48 AM,02:00:00,Hot-Dry
15.70969747,-19.25703735,LA1,2008-12-29,02:20:48 AM,02:20:00,Hot-Dry
15.70958455,-19.25615845,LA1,2008-12-29,02:40:48 AM,02:40:00,Hot-Dry
15.70997314,-19.25205485,LA1,2008-12-29,03:00:48 AM,03:00:00,Hot-Dry
15.71056519,-19.25112101,LA1,2008-12-29,03:20:48 AM,03:20:00,Hot-Dry
15.71230876,-19.24858195,LA1,2008-12-29,03:40:48 AM,03:40:00,Hot-Dry
15.71572673,-19.24385579,LA1,2008-12-29,04:00:48 AM,04:00:00,Hot-Dry
15.71945597,-19.24079793,LA1,2008-12-29,04:20:48 AM,04:20:00,Hot-Dry
15.72473246,-19.23505859,LA1,2008-12-29,04:40:48 AM,04:40:00,Hot-Dry
15.73510437,-19.23295288,LA1,2008-12-29,05:00:48 AM,05:00:00,Hot-Dry
15.74424744,-19.22814738,LA1,2008-12-29,05:20:48 AM,05:20:00,Hot-Dry
15.7521169,-19.22483724,LA1,2008-12-29,05:40:48 AM,05:40:00,Hot-Dry
15.75368042,-19.22412313,LA1,2008-12-29,06:00:48 AM,06:00:00,Hot-Dry
15.75832926,-19.22342529,LA1,2008-12-29,06:20:48 AM,06:20:00,Hot-Dry
15.76245524,-19.22379557,LA1,2008-12-29,06:40:48 AM,06:40:00,Hot-Dry
15.76429952,-19.2244161,LA1,2008-12-29,07:00:48 AM,07:00:00,Hot-Dry
15.76429749,-19.22440999,LA1,2008-12-29,07:20:48 AM,07:20:00,Hot-Dry
15.76429952,-19.22441406,LA1,2008-12-29,07:40:48 AM,07:40:00,Hot-Dry
15.76429647,-19.2244161,LA1,2008-12-29,08:00:48 AM,08:00:00,Hot-Dry
15.76428935,-19.22442424,LA1,2008-12-29,08:20:48 AM,08:20:00,Hot-Dry
15.76524353,-19.22502441,LA1,2008-12-29,08:40:48 AM,08:40:00,Hot-Dry
15.76641032,-19.22723592,LA1,2008-12-29,09:00:48 AM,09:00:00,Hot-Dry
15.76641947,-19.22723185,LA1,2008-12-29,09:20:48 AM,09:20:00,Hot-Dry
15.76641134,-19.22723389,LA1,2008-12-29,09:40:48 AM,09:40:00,Hot-Dry
15.76642151,-19.22722982,LA1,2008-12-29,10:00:48 AM,10:00:00,Hot-Dry
15.76638387,-19.2301534,LA1,2008-12-29,10:20:48 AM,10:20:00,Hot-Dry
15.76673991,-19.23235677,LA1,2008-12-29,10:40:48 AM,10:40:00,Hot-Dry
15.76671143,-19.23237712,LA1,2008-12-29,11:00:48 AM,11:00:00,Hot-Dry
15.76675822,-19.23238932,LA1,2008-12-29,11:20:48 AM,11:20:00,Hot-Dry
15.76674805,-19.23236287,LA1,2008-12-29,11:40:48 AM,11:40:00,Hot-Dry
15.76674398,-19.23238525,LA1,2008-12-29,12:00:38 PM,12:00:00,Hot-Dry
15.76641337,-19.23374023,LA1,2008-12-29,12:20:38 PM,12:20:00,Hot-Dry
15.76628316,-19.23392537,LA1,2008-12-29,12:40:38 PM,12:40:00,Hot-Dry
15.76627808,-19.23687541,LA1,2008-12-29,01:00:38 PM,13:00:00,Hot-Dry
15.76670532,-19.23988241,LA1,2008-12-29,01:20:38 PM,13:20:00,Hot-Dry
15.76860555,-19.24527384,LA1,2008-12-29,01:40:38 PM,13:40:00,Hot-Dry
15.77058309,-19.2483724,LA1,2008-12-29,02:00:38 PM,14:00:00,Hot-Dry
15.77173869,-19.25067546,LA1,2008-12-29,02:20:38 PM,14:20:00,Hot-Dry
15.77244364,-19.24995728,LA1,2008-12-29,02:40:38 PM,14:40:00,Hot-Dry
15.77206726,-19.25200195,LA1,2008-12-29,03:00:38 PM,15:00:00,Hot-Dry
15.77206523,-19.25201416,LA1,2008-12-29,03:20:38 PM,15:20:00,Hot-Dry
15.77144877,-19.25142822,LA1,2008-12-29,03:40:38 PM,15:40:00,Hot-Dry
15.76849162,-19.24532064,LA1,2008-12-29,04:00:38 PM,16:00:00,Hot-Dry
15.76365356,-19.24054159,LA1,2008-12-29,04:20:38 PM,16:20:00,Hot-Dry
15.75915426,-19.23754679,LA1,2008-12-29,04:40:38 PM,16:40:00,Hot-Dry
15.73790181,-19.24099121,LA1,2008-12-29,05:00:38 PM,17:00:00,Hot-Dry
15.73789164,-19.24099731,LA1,2008-12-29,05:20:38 PM,17:20:00,Hot-Dry
15.73106283,-19.25238241,LA1,2008-12-29,05:40:38 PM,17:40:00,Hot-Dry
15.72570699,-19.2517863,LA1,2008-12-29,06:00:38 PM,18:00:00,Hot-Dry
15.72429911,-19.25027669,LA1,2008-12-29,06:20:38 PM,18:20:00,Hot-Dry
15.72406718,-19.2505717,LA1,2008-12-29,06:40:38 PM,18:40:00,Hot-Dry
15.7233256,-19.24998372,LA1,2008-12-29,07:00:38 PM,19:00:00,Hot-Dry
15.71727295,-19.25175578,LA1,2008-12-29,07:20:38 PM,19:20:00,Hot-Dry
15.71587423,-19.25248413,LA1,2008-12-29,07:40:38 PM,19:40:00,Hot-Dry
15.71233622,-19.25637004,LA1,2008-12-29,08:00:38 PM,20:00:00,Hot-Dry
15.71047058,-19.25739339,LA1,2008-12-29,08:20:38 PM,20:20:00,Hot-Dry
15.70310567,-19.26254883,LA1,2008-12-29,08:40:38 PM,20:40:00,Hot-Dry
15.69350484,-19.27006022,LA1,2008-12-29,09:00:38 PM,21:00:00,Hot-Dry
15.69218953,-19.26911418,LA1,2008-12-29,09:20:38 PM,21:20:00,Hot-Dry
15.69218445,-19.26911418,LA1,2008-12-29,09:40:38 PM,21:40:00,Hot-Dry
15.69200948,-19.26849365,LA1,2008-12-29,10:00:38 PM,22:00:00,Hot-Dry
15.69217631,-19.26830851,LA1,2008-12-29,10:20:38 PM,22:20:00,Hot-Dry
15.69308573,-19.26728516,LA1,2008-12-29,10:40:38 PM,22:40:00,Hot-Dry
15.69308065,-19.26728312,LA1,2008-12-29,11:00:38 PM,23:00:00,Hot-Dry
15.69338074,-19.26996867,LA1,2008-12-29,11:20:38 PM,23:20:00,Hot-Dry
15.69447327,-19.27042847,LA1,2008-12-29,11:40:38 PM,23:40:00,Hot-Dry
15.69697978,-19.27080078,LA1,2008-12-30,12:00:38 AM,00:00:00,Hot-Dry
15.69860128,-19.2707723,LA1,2008-12-30,12:20:38 AM,00:20:00,Hot-Dry
15.69834391,-19.26975301,LA1,2008-12-30,12:40:38 AM,00:40:00,Hot-Dry
15.69797567,-19.26831462,LA1,2008-12-30,01:00:38 AM,01:00:00,Hot-Dry
15.69616597,-19.26610107,LA1,2008-12-30,01:20:38 AM,01:20:00,Hot-Dry
15.69562683,-19.26231079,LA1,2008-12-30,01:40:38 AM,01:40:00,Hot-Dry
15.69925435,-19.2608195,LA1,2008-12-30,02:00:38 AM,02:00:00,Hot-Dry
15.69963481,-19.25731405,LA1,2008-12-30,02:20:38 AM,02:20:00,Hot-Dry
15.699646,-19.25680542,LA1,2008-12-30,02:40:38 AM,02:40:00,Hot-Dry
15.69964498,-19.25675863,LA1,2008-12-30,03:00:38 AM,03:00:00,Hot-Dry
15.69965515,-19.25675659,LA1,2008-12-30,03:20:38 AM,03:20:00,Hot-Dry
15.69963989,-19.2567749,LA1,2008-12-30,03:40:38 AM,03:40:00,Hot-Dry
15.70035299,-19.25700073,LA1,2008-12-30,04:00:38 AM,04:00:00,Hot-Dry
15.70476786,-19.25639242,LA1,2008-12-30,04:20:38 AM,04:20:00,Hot-Dry
15.70418294,-19.25339355,LA1,2008-12-30,04:40:38 AM,04:40:00,Hot-Dry
15.70183004,-19.25121663,LA1,2008-12-30,05:00:38 AM,05:00:00,Hot-Dry
15.6986969,-19.25295003,LA1,2008-12-30,05:20:38 AM,05:20:00,Hot-Dry
15.69861552,-19.25286051,LA1,2008-12-30,05:40:38 AM,05:40:00,Hot-Dry
15.70193176,-19.25175171,LA1,2008-12-30,06:00:38 AM,06:00:00,Hot-Dry
15.70583089,-19.2542806,LA1,2008-12-30,06:20:38 AM,06:20:00,Hot-Dry
15.7081899,-19.25599976,LA1,2008-12-30,06:40:38 AM,06:40:00,Hot-Dry
15.70923157,-19.25744629,LA1,2008-12-30,07:00:38 AM,07:00:00,Hot-Dry
15.7123881,-19.25958455,LA1,2008-12-30,07:20:38 AM,07:20:00,Hot-Dry
15.71313273,-19.25984497,LA1,2008-12-30,07:40:38 AM,07:40:00,Hot-Dry
15.71324666,-19.259552,LA1,2008-12-30,08:00:38 AM,08:00:00,Hot-Dry
15.71323954,-19.25944824,LA1,2008-12-30,08:20:38 AM,08:20:00,Hot-Dry
15.71309102,-19.262264,LA1,2008-12-30,08:40:38 AM,08:40:00,Hot-Dry
15.71317444,-19.26487427,LA1,2008-12-30,09:00:38 AM,09:00:00,Hot-Dry
15.7091685,-19.26960653,LA1,2008-12-30,09:20:38 AM,09:20:00,Hot-Dry
15.70917155,-19.26960449,LA1,2008-12-30,09:40:38 AM,09:40:00,Hot-Dry
15.6948527,-19.2705485,LA1,2008-12-30,10:00:38 AM,10:00:00,Hot-Dry
15.69486186,-19.27055054,LA1,2008-12-30,10:20:38 AM,10:20:00,Hot-Dry
15.69392192,-19.2703064,LA1,2008-12-30,10:40:38 AM,10:40:00,Hot-Dry
15.69386902,-19.27030843,LA1,2008-12-30,11:00:38 AM,11:00:00,Hot-Dry
15.6938914,-19.27033488,LA1,2008-12-30,11:20:38 AM,11:20:00,Hot-Dry
15.69585876,-19.26927083,LA1,2008-12-30,11:40:38 AM,11:40:00,Hot-Dry
15.69602763,-19.26861165,LA1,2008-12-30,12:00:38 PM,12:00:00,Hot-Dry
15.69596761,-19.26843669,LA1,2008-12-30,12:20:38 PM,12:20:00,Hot-Dry
15.69591675,-19.26817627,LA1,2008-12-30,12:40:38 PM,12:40:00,Hot-Dry
15.69597575,-19.26817017,LA1,2008-12-30,01:00:38 PM,13:00:00,Hot-Dry
15.69596252,-19.26817627,LA1,2008-12-30,01:20:38 PM,13:20:00,Hot-Dry
15.6959788,-19.26824748,LA1,2008-12-30,01:40:38 PM,13:40:00,Hot-Dry
15.6936086,-19.26998088,LA1,2008-12-30,02:00:38 PM,14:00:00,Hot-Dry
15.69451497,-19.27041219,LA1,2008-12-30,02:20:38 PM,14:20:00,Hot-Dry
15.69746399,-19.26924438,LA1,2008-12-30,02:40:38 PM,14:40:00,Hot-Dry
15.69881083,-19.26836141,LA1,2008-12-30,03:00:38 PM,15:00:00,Hot-Dry
15.69955241,-19.26804606,LA1,2008-12-30,03:20:38 PM,15:20:00,Hot-Dry
15.69852193,-19.26857503,LA1,2008-12-30,03:40:38 PM,15:40:00,Hot-Dry
15.6947703,-19.27018433,LA1,2008-12-30,04:00:38 PM,16:00:00,Hot-Dry
15.69563395,-19.27049764,LA1,2008-12-30,04:20:38 PM,16:20:00,Hot-Dry
15.69855754,-19.26973877,LA1,2008-12-30,04:40:38 PM,16:40:00,Hot-Dry
15.70050354,-19.26992594,LA1,2008-12-30,05:00:38 PM,17:00:00,Hot-Dry
15.7005127,-19.26992594,LA1,2008-12-30,05:20:38 PM,17:20:00,Hot-Dry
15.70054728,-19.27003377,LA1,2008-12-30,05:40:38 PM,17:40:00,Hot-Dry
15.69645793,-19.26636556,LA1,2008-12-30,06:00:38 PM,18:00:00,Hot-Dry
15.68615011,-19.26442261,LA1,2008-12-30,06:20:38 PM,18:20:00,Hot-Dry
15.67527466,-19.26450602,LA1,2008-12-30,06:40:38 PM,18:40:00,Hot-Dry
15.67185771,-19.26217244,LA1,2008-12-30,07:00:38 PM,19:00:00,Hot-Dry
15.67348531,-19.26173503,LA1,2008-12-30,07:20:38 PM,19:20:00,Hot-Dry
15.67427877,-19.26128337,LA1,2008-12-30,07:40:38 PM,19:40:00,Hot-Dry
15.67510274,-19.26285197,LA1,2008-12-30,08:00:38 PM,20:00:00,Hot-Dry
15.67574565,-19.26315918,LA1,2008-12-30,08:20:38 PM,20:20:00,Hot-Dry
15.67676392,-19.26512858,LA1,2008-12-30,08:40:38 PM,20:40:00,Hot-Dry
15.69194845,-19.27051799,LA1,2008-12-30,09:00:38 PM,21:00:00,Hot-Dry
15.69600728,-19.27052002,LA1,2008-12-30,09:20:38 PM,21:20:00,Hot-Dry
15.69599711,-19.27052816,LA1,2008-12-30,09:40:38 PM,21:40:00,Hot-Dry
15.69910482,-19.27074788,LA1,2008-12-30,10:00:38 PM,22:00:00,Hot-Dry
15.69978638,-19.2711202,LA1,2008-12-30,10:20:38 PM,22:20:00,Hot-Dry
15.70026042,-19.27126465,LA1,2008-12-30,10:40:38 PM,22:40:00,Hot-Dry
15.70041504,-19.27203776,LA1,2008-12-30,11:00:38 PM,23:00:00,Hot-Dry
15.70061239,-19.27203979,LA1,2008-12-30,11:20:38 PM,23:20:00,Hot-Dry
15.70122884,-19.27141317,LA1,2008-12-30,11:40:38 PM,23:40:00,Hot-Dry
15.70386658,-19.26739909,LA1,2008-12-31,12:00:38 AM,00:00:00,Hot-Dry
15.70640462,-19.26648153,LA1,2008-12-31,12:20:38 AM,00:20:00,Hot-Dry
15.70677999,-19.26632487,LA1,2008-12-31,12:40:38 AM,00:40:00,Hot-Dry
15.70758565,-19.26517334,LA1,2008-12-31,01:00:38 AM,01:00:00,Hot-Dry
15.70813802,-19.26182048,LA1,2008-12-31,01:20:38 AM,01:20:00,Hot-Dry
15.70795288,-19.25643514,LA1,2008-12-31,01:40:38 AM,01:40:00,Hot-Dry
15.70934041,-19.25253906,LA1,2008-12-31,02:00:38 AM,02:00:00,Hot-Dry
15.71057027,-19.2506307,LA1,2008-12-31,02:20:38 AM,02:20:00,Hot-Dry
15.70986328,-19.24857788,LA1,2008-12-31,02:40:38 AM,02:40:00,Hot-Dry
15.70892232,-19.24719442,LA1,2008-12-31,03:00:38 AM,03:00:00,Hot-Dry
15.70890401,-19.24720459,LA1,2008-12-31,03:20:38 AM,03:20:00,Hot-Dry
15.70897217,-19.24723104,LA1,2008-12-31,03:40:38 AM,03:40:00,Hot-Dry
15.70892232,-19.24723307,LA1,2008-12-31,04:00:38 AM,04:00:00,Hot-Dry
15.70891825,-19.247052,LA1,2008-12-31,04:20:38 AM,04:20:00,Hot-Dry
15.70904236,-19.24598185,LA1,2008-12-31,04:40:38 AM,04:40:00,Hot-Dry
15.70488078,-19.2428182,LA1,2008-12-31,05:00:38 AM,05:00:00,Hot-Dry
15.6999766,-19.23735352,LA1,2008-12-31,05:20:38 AM,05:20:00,Hot-Dry
15.69808248,-19.23050944,LA1,2008-12-31,05:40:38 AM,05:40:00,Hot-Dry
15.69731242,-19.22708333,LA1,2008-12-31,06:00:38 AM,06:00:00,Hot-Dry
15.69471741,-19.22586263,LA1,2008-12-31,06:20:38 AM,06:20:00,Hot-Dry
15.69156698,-19.2227356,LA1,2008-12-31,06:40:38 AM,06:40:00,Hot-Dry
15.68911336,-19.22246704,LA1,2008-12-31,07:00:38 AM,07:00:00,Hot-Dry
15.68780212,-19.22295939,LA1,2008-12-31,07:20:38 AM,07:20:00,Hot-Dry
15.68779195,-19.22298177,LA1,2008-12-31,07:40:38 AM,07:40:00,Hot-Dry
15.68779093,-19.22298177,LA1,2008-12-31,08:00:38 AM,08:00:00,Hot-Dry
15.68781331,-19.22299194,LA1,2008-12-31,08:20:38 AM,08:20:00,Hot-Dry
15.68781637,-19.22298584,LA1,2008-12-31,08:40:38 AM,08:40:00,Hot-Dry
15.68789368,-19.2229126,LA1,2008-12-31,09:00:38 AM,09:00:00,Hot-Dry
15.68781026,-19.22298177,LA1,2008-12-31,09:20:38 AM,09:20:00,Hot-Dry
15.68780924,-19.22298177,LA1,2008-12-31,09:40:38 AM,09:40:00,Hot-Dry
15.6919342,-19.22468465,LA1,2008-12-31,10:00:38 AM,10:00:00,Hot-Dry
15.69193319,-19.22468058,LA1,2008-12-31,10:20:38 AM,10:20:00,Hot-Dry
15.69326477,-19.22565918,LA1,2008-12-31,10:40:38 AM,10:40:00,Hot-Dry
15.69324443,-19.22564697,LA1,2008-12-31,11:00:38 AM,11:00:00,Hot-Dry
15.69325053,-19.22564901,LA1,2008-12-31,11:20:38 AM,11:20:00,Hot-Dry
15.69329631,-19.22566732,LA1,2008-12-31,11:40:38 AM,11:40:00,Hot-Dry
15.69327291,-19.22568563,LA1,2008-12-31,12:00:38 PM,12:00:00,Hot-Dry
15.69329427,-19.22565511,LA1,2008-12-31,12:20:38 PM,12:20:00,Hot-Dry
15.69326884,-19.22566732,LA1,2008-12-31,12:40:38 PM,12:40:00,Hot-Dry
15.69323425,-19.22673747,LA1,2008-12-31,01:00:38 PM,13:00:00,Hot-Dry
15.69395955,-19.2284078,LA1,2008-12-31,01:20:38 PM,13:20:00,Hot-Dry
15.6940389,-19.22870483,LA1,2008-12-31,01:40:38 PM,13:40:00,Hot-Dry
15.69404195,-19.22870687,LA1,2008-12-31,02:00:38 PM,14:00:00,Hot-Dry
15.69404093,-19.22871094,LA1,2008-12-31,02:20:38 PM,14:20:00,Hot-Dry
15.69403788,-19.22872111,LA1,2008-12-31,02:40:38 PM,14:40:00,Hot-Dry
15.69323527,-19.2295695,LA1,2008-12-31,03:00:38 PM,15:00:00,Hot-Dry
15.68811849,-19.23172607,LA1,2008-12-31,03:20:38 PM,15:20:00,Hot-Dry
15.68084615,-19.23314006,LA1,2008-12-31,03:40:38 PM,15:40:00,Hot-Dry
15.6766571,-19.23450114,LA1,2008-12-31,04:00:38 PM,16:00:00,Hot-Dry
15.66769918,-19.23604736,LA1,2008-12-31,04:20:38 PM,16:20:00,Hot-Dry
15.65578817,-19.23857625,LA1,2008-12-31,04:40:38 PM,16:40:00,Hot-Dry
15.64200439,-19.23212687,LA1,2008-12-31,05:00:38 PM,17:00:00,Hot-Dry
15.64199422,-19.2321228,LA1,2008-12-31,05:20:38 PM,17:20:00,Hot-Dry
15.63051351,-19.22727051,LA1,2008-12-31,05:40:38 PM,17:40:00,Hot-Dry
15.6209849,-19.22357788,LA1,2008-12-31,06:00:38 PM,18:00:00,Hot-Dry
15.60895386,-19.22115885,LA1,2008-12-31,06:20:38 PM,18:20:00,Hot-Dry
15.5972585,-19.2225179,LA1,2008-12-31,06:40:38 PM,18:40:00,Hot-Dry
15.5844635,-19.22214966,LA1,2008-12-31,07:00:38 PM,19:00:00,Hot-Dry
15.57267049,-19.2200175,LA1,2008-12-31,07:20:38 PM,19:20:00,Hot-Dry
15.56064758,-19.21906942,LA1,2008-12-31,07:40:38 PM,19:40:00,Hot-Dry
15.5475057,-19.215979,LA1,2008-12-31,08:00:38 PM,20:00:00,Hot-Dry
15.53330892,-19.21342367,LA1,2008-12-31,08:20:38 PM,20:20:00,Hot-Dry
15.53009135,-19.21226196,LA1,2008-12-31,08:40:38 PM,20:40:00,Hot-Dry
15.522229,-19.21071777,LA1,2008-12-31,09:00:38 PM,21:00:00,Hot-Dry
15.52223612,-19.21071777,LA1,2008-12-31,09:20:38 PM,21:20:00,Hot-Dry
15.5168986,-19.21129354,LA1,2008-12-31,09:40:38 PM,21:40:00,Hot-Dry
15.51595154,-19.21083984,LA1,2008-12-31,10:00:38 PM,22:00:00,Hot-Dry
15.51242981,-19.20927327,LA1,2008-12-31,10:20:38 PM,22:20:00,Hot-Dry
15.50926005,-19.20908813,LA1,2008-12-31,10:40:38 PM,22:40:00,Hot-Dry
15.50545349,-19.2087443,LA1,2008-12-31,11:00:38 PM,23:00:00,Hot-Dry
15.50014343,-19.21290894,LA1,2008-12-31,11:20:38 PM,23:20:00,Hot-Dry
15.49438171,-19.21770223,LA1,2008-12-31,11:40:38 PM,23:40:00,Hot-Dry
15.96932271,-19.22834473,LA1,2009-09-01,12:00:00 AM,00:00:00,Hot-Dry
15.9688975,-19.22942301,LA1,2009-09-01,12:20:00 AM,00:20:00,Hot-Dry
15.96890055,-19.23003947,LA1,2009-09-01,12:40:00 AM,00:40:00,Hot-Dry
15.96944784,-19.23048706,LA1,2009-09-01,01:00:00 AM,01:00:00,Hot-Dry
15.96942037,-19.23050944,LA1,2009-09-01,01:20:00 AM,01:20:00,Hot-Dry
15.9694163,-19.23048096,LA1,2009-09-01,01:40:00 AM,01:40:00,Hot-Dry
15.96980591,-19.23105469,LA1,2009-09-01,02:00:00 AM,02:00:00,Hot-Dry
15.96941325,-19.23185221,LA1,2009-09-01,02:20:00 AM,02:20:00,Hot-Dry
15.96840922,-19.23299154,LA1,2009-09-01,02:40:00 AM,02:40:00,Hot-Dry
15.96809591,-19.2336853,LA1,2009-09-01,03:00:00 AM,03:00:00,Hot-Dry
15.96806234,-19.23363851,LA1,2009-09-01,03:20:00 AM,03:20:00,Hot-Dry
15.96810913,-19.23364258,LA1,2009-09-01,03:40:00 AM,03:40:00,Hot-Dry
15.96810506,-19.23366699,LA1,2009-09-01,04:00:00 AM,04:00:00,Hot-Dry
15.96817729,-19.23363647,LA1,2009-09-01,04:20:00 AM,04:20:00,Hot-Dry
15.96814473,-19.23364258,LA1,2009-09-01,04:40:00 AM,04:40:00,Hot-Dry
15.96805725,-19.2338501,LA1,2009-09-01,05:00:00 AM,05:00:00,Hot-Dry
15.96808879,-19.23397217,LA1,2009-09-01,05:20:00 AM,05:20:00,Hot-Dry
15.96761678,-19.23416138,LA1,2009-09-01,05:40:00 AM,05:40:00,Hot-Dry
15.9674174,-19.23406779,LA1,2009-09-01,06:00:00 AM,06:00:00,Hot-Dry
15.96721395,-19.23404541,LA1,2009-09-01,06:20:00 AM,06:20:00,Hot-Dry
15.96716512,-19.23406576,LA1,2009-09-01,06:40:00 AM,06:40:00,Hot-Dry
15.96719666,-19.23429362,LA1,2009-09-01,07:00:00 AM,07:00:00,Hot-Dry
15.96711731,-19.23440755,LA1,2009-09-01,07:20:00 AM,07:20:00,Hot-Dry
15.96704203,-19.23482259,LA1,2009-09-01,07:40:00 AM,07:40:00,Hot-Dry
15.96665649,-19.23506266,LA1,2009-09-01,08:00:00 AM,08:00:00,Hot-Dry
15.96602071,-19.23484497,LA1,2009-09-01,08:20:00 AM,08:20:00,Hot-Dry
15.96590271,-19.23454386,LA1,2009-09-01,08:40:00 AM,08:40:00,Hot-Dry
15.96561076,-19.23439941,LA1,2009-09-01,09:00:00 AM,09:00:00,Hot-Dry
15.96507263,-19.23438924,LA1,2009-09-01,09:20:00 AM,09:20:00,Hot-Dry
15.96490784,-19.23452352,LA1,2009-09-01,09:40:00 AM,09:40:00,Hot-Dry
15.96488953,-19.23451742,LA1,2009-09-01,10:00:00 AM,10:00:00,Hot-Dry
15.9648997,-19.23451335,LA1,2009-09-01,10:20:00 AM,10:20:00,Hot-Dry
15.96486613,-19.23450317,LA1,2009-09-01,10:40:00 AM,10:40:00,Hot-Dry
15.96488444,-19.23449097,LA1,2009-09-01,11:00:00 AM,11:00:00,Hot-Dry
15.96487122,-19.23453369,LA1,2009-09-01,11:20:00 AM,11:20:00,Hot-Dry
15.96413981,-19.23410645,LA1,2009-09-01,11:40:00 AM,11:40:00,Hot-Dry
15.96301676,-19.2333313,LA1,2009-09-01,12:00:00 PM,12:00:00,Hot-Dry
15.96302083,-19.23329468,LA1,2009-09-01,12:20:00 PM,12:20:00,Hot-Dry
15.96309509,-19.23295085,LA1,2009-09-01,12:40:00 PM,12:40:00,Hot-Dry
15.96130168,-19.23086955,LA1,2009-09-01,01:00:00 PM,13:00:00,Hot-Dry
15.96132304,-19.23088175,LA1,2009-09-01,01:20:00 PM,13:20:00,Hot-Dry
15.96133016,-19.23092041,LA1,2009-09-01,01:40:00 PM,13:40:00,Hot-Dry
15.96134542,-19.23091227,LA1,2009-09-01,02:00:00 PM,14:00:00,Hot-Dry
15.96133626,-19.230896,LA1,2009-09-01,02:20:00 PM,14:20:00,Hot-Dry
15.96133321,-19.23089396,LA1,2009-09-01,02:40:00 PM,14:40:00,Hot-Dry
15.96065369,-19.23091634,LA1,2009-09-01,03:00:00 PM,15:00:00,Hot-Dry
15.96024373,-19.23014933,LA1,2009-09-01,03:20:00 PM,15:20:00,Hot-Dry
15.96018575,-19.22982178,LA1,2009-09-01,03:40:00 PM,15:40:00,Hot-Dry
15.96073201,-19.22866211,LA1,2009-09-01,04:00:00 PM,16:00:00,Hot-Dry
15.96042175,-19.2280721,LA1,2009-09-01,04:20:00 PM,16:20:00,Hot-Dry
15.96016744,-19.22633057,LA1,2009-09-01,04:40:00 PM,16:40:00,Hot-Dry
15.96076864,-19.22479858,LA1,2009-09-01,05:00:00 PM,17:00:00,Hot-Dry
15.96173299,-19.22295939,LA1,2009-09-01,05:20:00 PM,17:20:00,Hot-Dry
15.9626475,-19.22032878,LA1,2009-09-01,05:40:00 PM,17:40:00,Hot-Dry
15.96251017,-19.21987305,LA1,2009-09-01,06:00:00 PM,18:00:00,Hot-Dry
15.9625061,-19.2192159,LA1,2009-09-01,06:20:00 PM,18:20:00,Hot-Dry
15.96244507,-19.2192159,LA1,2009-09-01,06:40:00 PM,18:40:00,Hot-Dry
15.96241557,-19.21916504,LA1,2009-09-01,07:00:00 PM,19:00:00,Hot-Dry
15.96231791,-19.21886597,LA1,2009-09-01,07:20:00 PM,19:20:00,Hot-Dry
15.9634786,-19.21739909,LA1,2009-09-01,07:40:00 PM,19:40:00,Hot-Dry
15.96578471,-19.21375936,LA1,2009-09-01,08:00:00 PM,20:00:00,Hot-Dry
15.96640727,-19.20956014,LA1,2009-09-01,08:20:00 PM,20:20:00,Hot-Dry
15.96987813,-19.20452067,LA1,2009-09-01,08:40:00 PM,20:40:00,Hot-Dry
15.96962077,-19.20348511,LA1,2009-09-01,09:00:00 PM,21:00:00,Hot-Dry
15.97013245,-19.202712,LA1,2009-09-01,09:20:00 PM,21:20:00,Hot-Dry
15.97151591,-19.20257772,LA1,2009-09-01,09:40:00 PM,21:40:00,Hot-Dry
15.97151184,-19.20253906,LA1,2009-09-01,10:00:00 PM,22:00:00,Hot-Dry
15.97168681,-19.20228678,LA1,2009-09-01,10:20:00 PM,22:20:00,Hot-Dry
15.9713796,-19.20175171,LA1,2009-09-01,10:40:00 PM,22:40:00,Hot-Dry
15.97134399,-19.20158081,LA1,2009-09-01,11:00:00 PM,23:00:00,Hot-Dry
15.97117615,-19.20139771,LA1,2009-09-01,11:20:00 PM,23:20:00,Hot-Dry
15.97151489,-19.2011027,LA1,2009-09-01,11:40:00 PM,23:40:00,Hot-Dry
15.97235718,-19.20112712,LA1,2009-09-02,12:00:00 AM,00:00:00,Hot-Dry
15.97275594,-19.20137939,LA1,2009-09-02,12:20:00 AM,00:20:00,Hot-Dry
15.97269694,-19.20135295,LA1,2009-09-02,12:40:00 AM,00:40:00,Hot-Dry
15.97271118,-19.20136922,LA1,2009-09-02,01:00:00 AM,01:00:00,Hot-Dry
15.97273966,-19.20140584,LA1,2009-09-02,01:20:00 AM,01:20:00,Hot-Dry
15.97274272,-19.20141602,LA1,2009-09-02,01:40:00 AM,01:40:00,Hot-Dry
15.97268372,-19.20138143,LA1,2009-09-02,02:00:00 AM,02:00:00,Hot-Dry
15.97267253,-19.20139364,LA1,2009-09-02,02:20:00 AM,02:20:00,Hot-Dry
15.97271322,-19.20140788,LA1,2009-09-02,02:40:00 AM,02:40:00,Hot-Dry
15.97271423,-19.2013855,LA1,2009-09-02,03:00:00 AM,03:00:00,Hot-Dry
15.97272135,-19.2013916,LA1,2009-09-02,03:20:00 AM,03:20:00,Hot-Dry
15.97275085,-19.20147095,LA1,2009-09-02,03:40:00 AM,03:40:00,Hot-Dry
15.97277832,-19.2014384,LA1,2009-09-02,04:00:00 AM,04:00:00,Hot-Dry
15.9727478,-19.20142415,LA1,2009-09-02,04:20:00 AM,04:20:00,Hot-Dry
15.97271118,-19.20149536,LA1,2009-09-02,04:40:00 AM,04:40:00,Hot-Dry
15.97270813,-19.20129801,LA1,2009-09-02,05:00:00 AM,05:00:00,Hot-Dry
15.9726359,-19.20101522,LA1,2009-09-02,05:20:00 AM,05:20:00,Hot-Dry
15.97254944,-19.20087077,LA1,2009-09-02,05:40:00 AM,05:40:00,Hot-Dry
15.97254944,-19.20085856,LA1,2009-09-02,06:00:00 AM,06:00:00,Hot-Dry
15.97170308,-19.20028483,LA1,2009-09-02,06:20:00 AM,06:20:00,Hot-Dry
15.97124837,-19.20018514,LA1,2009-09-02,06:40:00 AM,06:40:00,Hot-Dry
15.97097371,-19.20030111,LA1,2009-09-02,07:00:00 AM,07:00:00,Hot-Dry
15.97059123,-19.19998779,LA1,2009-09-02,07:20:00 AM,07:20:00,Hot-Dry
15.97025045,-19.19897664,LA1,2009-09-02,07:40:00 AM,07:40:00,Hot-Dry
15.97189128,-19.19719238,LA1,2009-09-02,08:00:00 AM,08:00:00,Hot-Dry
15.9733551,-19.19594116,LA1,2009-09-02,08:20:00 AM,08:20:00,Hot-Dry
15.97383321,-19.19511719,LA1,2009-09-02,08:40:00 AM,08:40:00,Hot-Dry
15.9780304,-19.18919881,LA1,2009-09-02,09:00:00 AM,09:00:00,Hot-Dry
15.98240865,-19.18147583,LA1,2009-09-02,09:20:00 AM,09:20:00,Hot-Dry
15.98865865,-19.17523193,LA1,2009-09-02,09:40:00 AM,09:40:00,Hot-Dry
15.99329122,-19.16615601,LA1,2009-09-02,10:00:00 AM,10:00:00,Hot-Dry
15.99577433,-19.16316325,LA1,2009-09-02,10:20:00 AM,10:20:00,Hot-Dry
15.99584249,-19.16312256,LA1,2009-09-02,10:40:00 AM,10:40:00,Hot-Dry
15.99582926,-19.16312256,LA1,2009-09-02,11:00:00 AM,11:00:00,Hot-Dry
15.99582418,-19.16313883,LA1,2009-09-02,11:20:00 AM,11:20:00,Hot-Dry
15.99582418,-19.16311849,LA1,2009-09-02,11:40:00 AM,11:40:00,Hot-Dry
15.99580485,-19.16312052,LA1,2009-09-02,12:00:00 PM,12:00:00,Hot-Dry
15.99579773,-19.16312256,LA1,2009-09-02,12:20:00 PM,12:20:00,Hot-Dry
15.99584859,-19.16338908,LA1,2009-09-02,12:40:00 PM,12:40:00,Hot-Dry
15.99580282,-19.16317342,LA1,2009-09-02,01:00:00 PM,13:00:00,Hot-Dry
15.99578857,-19.16313477,LA1,2009-09-02,01:20:00 PM,13:20:00,Hot-Dry
15.99578756,-19.16311239,LA1,2009-09-02,01:40:00 PM,13:40:00,Hot-Dry
15.99579671,-19.16312459,LA1,2009-09-02,02:00:00 PM,14:00:00,Hot-Dry
15.99580994,-19.1631307,LA1,2009-09-02,02:20:00 PM,14:20:00,Hot-Dry
15.99456177,-19.16780802,LA1,2009-09-02,02:40:00 PM,14:40:00,Hot-Dry
15.99105225,-19.17203166,LA1,2009-09-02,03:00:00 PM,15:00:00,Hot-Dry
15.99064433,-19.1720988,LA1,2009-09-02,03:20:00 PM,15:20:00,Hot-Dry
15.99063416,-19.17211304,LA1,2009-09-02,03:40:00 PM,15:40:00,Hot-Dry
15.99070638,-19.17270915,LA1,2009-09-02,04:00:00 PM,16:00:00,Hot-Dry
15.98830566,-19.17375895,LA1,2009-09-02,04:20:00 PM,16:20:00,Hot-Dry
15.98767598,-19.17366333,LA1,2009-09-02,04:40:00 PM,16:40:00,Hot-Dry
15.98574524,-19.17360026,LA1,2009-09-02,05:00:00 PM,17:00:00,Hot-Dry
15.98512268,-19.17363078,LA1,2009-09-02,05:20:00 PM,17:20:00,Hot-Dry
15.9839447,-19.17349854,LA1,2009-09-02,05:40:00 PM,17:40:00,Hot-Dry
15.98330282,-19.17298991,LA1,2009-09-02,06:00:00 PM,18:00:00,Hot-Dry
15.98029683,-19.17189128,LA1,2009-09-02,06:20:00 PM,18:20:00,Hot-Dry
15.97747091,-19.16798706,LA1,2009-09-02,06:40:00 PM,18:40:00,Hot-Dry
15.97513936,-19.16203206,LA1,2009-09-02,07:00:00 PM,19:00:00,Hot-Dry
15.97087606,-19.16124471,LA1,2009-09-02,07:20:00 PM,19:20:00,Hot-Dry
15.97089844,-19.16126099,LA1,2009-09-02,07:40:00 PM,19:40:00,Hot-Dry
15.97035624,-19.16250814,LA1,2009-09-02,08:00:00 PM,20:00:00,Hot-Dry
15.9693868,-19.16376546,LA1,2009-09-02,08:20:00 PM,20:20:00,Hot-Dry
15.96931966,-19.16379395,LA1,2009-09-02,08:40:00 PM,20:40:00,Hot-Dry
15.96885885,-19.1644104,LA1,2009-09-02,09:00:00 PM,21:00:00,Hot-Dry
15.96870829,-19.16488444,LA1,2009-09-02,09:20:00 PM,21:20:00,Hot-Dry
15.96819458,-19.16620687,LA1,2009-09-02,09:40:00 PM,21:40:00,Hot-Dry
15.96818542,-19.16651204,LA1,2009-09-02,10:00:00 PM,22:00:00,Hot-Dry
15.96800842,-19.16738078,LA1,2009-09-02,10:20:00 PM,22:20:00,Hot-Dry
15.9676534,-19.16902262,LA1,2009-09-02,10:40:00 PM,22:40:00,Hot-Dry
15.96829224,-19.16977132,LA1,2009-09-02,11:00:00 PM,23:00:00,Hot-Dry
15.96799418,-19.16991577,LA1,2009-09-02,11:20:00 PM,23:20:00,Hot-Dry
15.96735433,-19.16983643,LA1,2009-09-02,11:40:00 PM,23:40:00,Hot-Dry
15.96721903,-19.16982829,LA1,2009-09-03,12:00:00 AM,00:00:00,Hot-Dry
15.96709391,-19.16975301,LA1,2009-09-03,12:20:00 AM,00:20:00,Hot-Dry
15.96705221,-19.16946411,LA1,2009-09-03,12:40:00 AM,00:40:00,Hot-Dry
15.96723531,-19.1693868,LA1,2009-09-03,01:00:00 AM,01:00:00,Hot-Dry
15.96700745,-19.16939087,LA1,2009-09-03,01:20:00 AM,01:20:00,Hot-Dry
15.96690267,-19.1693929,LA1,2009-09-03,01:40:00 AM,01:40:00,Hot-Dry
15.9666331,-19.16927897,LA1,2009-09-03,02:00:00 AM,02:00:00,Hot-Dry
15.96648458,-19.16919556,LA1,2009-09-03,02:20:00 AM,02:20:00,Hot-Dry
15.96642151,-19.16893107,LA1,2009-09-03,02:40:00 AM,02:40:00,Hot-Dry
15.96647135,-19.1689738,LA1,2009-09-03,03:00:00 AM,03:00:00,Hot-Dry
15.96646016,-19.16894124,LA1,2009-09-03,03:20:00 AM,03:20:00,Hot-Dry
15.96643473,-19.16899414,LA1,2009-09-03,03:40:00 AM,03:40:00,Hot-Dry
15.96647135,-19.16896362,LA1,2009-09-03,04:00:00 AM,04:00:00,Hot-Dry
15.96646118,-19.16894735,LA1,2009-09-03,04:20:00 AM,04:20:00,Hot-Dry
15.96648153,-19.16898397,LA1,2009-09-03,04:40:00 AM,04:40:00,Hot-Dry
15.96641947,-19.1693278,LA1,2009-09-03,05:00:00 AM,05:00:00,Hot-Dry
15.9664327,-19.16971232,LA1,2009-09-03,05:20:00 AM,05:20:00,Hot-Dry
15.9663564,-19.17012329,LA1,2009-09-03,05:40:00 AM,05:40:00,Hot-Dry
15.96633708,-19.17015584,LA1,2009-09-03,06:00:00 AM,06:00:00,Hot-Dry
15.96637268,-19.1707133,LA1,2009-09-03,06:20:00 AM,06:20:00,Hot-Dry
15.96620483,-19.17092896,LA1,2009-09-03,06:40:00 AM,06:40:00,Hot-Dry
15.96460978,-19.17126465,LA1,2009-09-03,07:00:00 AM,07:00:00,Hot-Dry
15.96439514,-19.17097778,LA1,2009-09-03,07:20:00 AM,07:20:00,Hot-Dry
15.96476847,-19.16994832,LA1,2009-09-03,07:40:00 AM,07:40:00,Hot-Dry
15.96512044,-19.16920166,LA1,2009-09-03,08:00:00 AM,08:00:00,Hot-Dry
15.96516622,-19.16854045,LA1,2009-09-03,08:20:00 AM,08:20:00,Hot-Dry
15.96554159,-19.16759847,LA1,2009-09-03,08:40:00 AM,08:40:00,Hot-Dry
15.96561279,-19.16732992,LA1,2009-09-03,09:00:00 AM,09:00:00,Hot-Dry
15.96525269,-19.16647949,LA1,2009-09-03,09:20:00 AM,09:20:00,Hot-Dry
15.96452332,-19.16604004,LA1,2009-09-03,09:40:00 AM,09:40:00,Hot-Dry
15.96443481,-19.16547648,LA1,2009-09-03,10:00:00 AM,10:00:00,Hot-Dry
15.96446025,-19.16510417,LA1,2009-09-03,10:20:00 AM,10:20:00,Hot-Dry
15.96381734,-19.16432495,LA1,2009-09-03,10:40:00 AM,10:40:00,Hot-Dry
15.96236979,-19.16314901,LA1,2009-09-03,11:00:00 AM,11:00:00,Hot-Dry
15.96240234,-19.16321615,LA1,2009-09-03,11:20:00 AM,11:20:00,Hot-Dry
15.96239624,-19.16320597,LA1,2009-09-03,11:40:00 AM,11:40:00,Hot-Dry
15.960849,-19.16171265,LA1,2009-09-03,12:00:00 PM,12:00:00,Hot-Dry
15.95918783,-19.16091512,LA1,2009-09-03,12:20:00 PM,12:20:00,Hot-Dry
15.95635783,-19.15940552,LA1,2009-09-03,12:40:00 PM,12:40:00,Hot-Dry
15.95237122,-19.15837199,LA1,2009-09-03,01:00:00 PM,13:00:00,Hot-Dry
15.95228475,-19.15836589,LA1,2009-09-03,01:20:00 PM,13:20:00,Hot-Dry
15.95229594,-19.15834554,LA1,2009-09-03,01:40:00 PM,13:40:00,Hot-Dry
15.95229797,-19.15834147,LA1,2009-09-03,02:00:00 PM,14:00:00,Hot-Dry
15.95230509,-19.15836385,LA1,2009-09-03,02:20:00 PM,14:20:00,Hot-Dry
15.95229594,-19.15843099,LA1,2009-09-03,02:40:00 PM,14:40:00,Hot-Dry
15.95153707,-19.15888265,LA1,2009-09-03,03:00:00 PM,15:00:00,Hot-Dry
15.951356,-19.15888672,LA1,2009-09-03,03:20:00 PM,15:20:00,Hot-Dry
15.95118408,-19.15883586,LA1,2009-09-03,03:40:00 PM,15:40:00,Hot-Dry
15.95109253,-19.15898438,LA1,2009-09-03,04:00:00 PM,16:00:00,Hot-Dry
15.95114339,-19.159611,LA1,2009-09-03,04:20:00 PM,16:20:00,Hot-Dry
15.95103353,-19.15997518,LA1,2009-09-03,04:40:00 PM,16:40:00,Hot-Dry
15.95119324,-19.1601888,LA1,2009-09-03,05:00:00 PM,17:00:00,Hot-Dry
15.95120951,-19.16014811,LA1,2009-09-03,05:20:00 PM,17:20:00,Hot-Dry
15.95129089,-19.16004028,LA1,2009-09-03,05:40:00 PM,17:40:00,Hot-Dry
15.95075684,-19.16044922,LA1,2009-09-03,06:00:00 PM,18:00:00,Hot-Dry
15.95060933,-19.16043701,LA1,2009-09-03,06:20:00 PM,18:20:00,Hot-Dry
15.95053304,-19.16051839,LA1,2009-09-03,06:40:00 PM,18:40:00,Hot-Dry
15.95027873,-19.16068115,LA1,2009-09-03,07:00:00 PM,19:00:00,Hot-Dry
15.9502238,-19.16067912,LA1,2009-09-03,07:20:00 PM,19:20:00,Hot-Dry
15.95066427,-19.16080119,LA1,2009-09-03,07:40:00 PM,19:40:00,Hot-Dry
15.9497935,-19.16098633,LA1,2009-09-03,08:00:00 PM,20:00:00,Hot-Dry
15.95,-19.16093343,LA1,2009-09-03,08:20:00 PM,20:20:00,Hot-Dry
15.95221456,-19.15888468,LA1,2009-09-03,08:40:00 PM,20:40:00,Hot-Dry
15.95352071,-19.1578715,LA1,2009-09-03,09:00:00 PM,21:00:00,Hot-Dry
15.95391235,-19.1574646,LA1,2009-09-03,09:20:00 PM,21:20:00,Hot-Dry
15.9538859,-19.15739543,LA1,2009-09-03,09:40:00 PM,21:40:00,Hot-Dry
15.95471293,-19.15569255,LA1,2009-09-03,10:00:00 PM,22:00:00,Hot-Dry
15.95460612,-19.15141602,LA1,2009-09-03,10:20:00 PM,22:20:00,Hot-Dry
15.95519002,-19.15079753,LA1,2009-09-03,10:40:00 PM,22:40:00,Hot-Dry
15.95564982,-19.15016886,LA1,2009-09-03,11:00:00 PM,23:00:00,Hot-Dry
15.95590312,-19.15002645,LA1,2009-09-03,11:20:00 PM,23:20:00,Hot-Dry
15.95595296,-19.15002848,LA1,2009-09-03,11:40:00 PM,23:40:00,Hot-Dry
15.95908813,-19.14659424,LA1,2009-09-04,12:00:00 AM,00:00:00,Hot-Dry
15.95835775,-19.14519653,LA1,2009-09-04,12:20:00 AM,00:20:00,Hot-Dry
15.95857442,-19.14491781,LA1,2009-09-04,12:40:00 AM,00:40:00,Hot-Dry
15.96032104,-19.14384359,LA1,2009-09-04,01:00:00 AM,01:00:00,Hot-Dry
15.96080729,-19.14372559,LA1,2009-09-04,01:20:00 AM,01:20:00,Hot-Dry
15.9609141,-19.14434204,LA1,2009-09-04,01:40:00 AM,01:40:00,Hot-Dry
15.96147257,-19.14507446,LA1,2009-09-04,02:00:00 AM,02:00:00,Hot-Dry
15.96119283,-19.14557292,LA1,2009-09-04,02:20:00 AM,02:20:00,Hot-Dry
15.96121216,-19.14557902,LA1,2009-09-04,02:40:00 AM,02:40:00,Hot-Dry
15.96118673,-19.14556478,LA1,2009-09-04,03:00:00 AM,03:00:00,Hot-Dry
15.96117757,-19.14558716,LA1,2009-09-04,03:20:00 AM,03:20:00,Hot-Dry
15.96054688,-19.14587199,LA1,2009-09-04,03:40:00 AM,03:40:00,Hot-Dry
15.96003011,-19.14673869,LA1,2009-09-04,04:00:00 AM,04:00:00,Hot-Dry
15.96110942,-19.14740804,LA1,2009-09-04,04:20:00 AM,04:20:00,Hot-Dry
15.9615214,-19.14726969,LA1,2009-09-04,04:40:00 AM,04:40:00,Hot-Dry
15.96516215,-19.14804891,LA1,2009-09-04,05:00:00 AM,05:00:00,Hot-Dry
15.96282145,-19.15283203,LA1,2009-09-04,05:20:00 AM,05:20:00,Hot-Dry
15.9634847,-19.15523885,LA1,2009-09-04,05:40:00 AM,05:40:00,Hot-Dry
15.9657074,-19.15642293,LA1,2009-09-04,06:00:00 AM,06:00:00,Hot-Dry
15.96887512,-19.15870158,LA1,2009-09-04,06:20:00 AM,06:20:00,Hot-Dry
15.96865133,-19.15932821,LA1,2009-09-04,06:40:00 AM,06:40:00,Hot-Dry
15.97472432,-19.16131185,LA1,2009-09-04,07:00:00 AM,07:00:00,Hot-Dry
15.98275452,-19.16345011,LA1,2009-09-04,07:20:00 AM,07:20:00,Hot-Dry
15.98603007,-19.16467692,LA1,2009-09-04,07:40:00 AM,07:40:00,Hot-Dry
15.98983256,-19.16569214,LA1,2009-09-04,08:00:00 AM,08:00:00,Hot-Dry
15.99497274,-19.16364136,LA1,2009-09-04,08:20:00 AM,08:20:00,Hot-Dry
15.99582926,-19.1631368,LA1,2009-09-04,08:40:00 AM,08:40:00,Hot-Dry
15.99582011,-19.16312459,LA1,2009-09-04,09:00:00 AM,09:00:00,Hot-Dry
15.99573669,-19.16319173,LA1,2009-09-04,09:20:00 AM,09:20:00,Hot-Dry
15.99565125,-19.16402995,LA1,2009-09-04,09:40:00 AM,09:40:00,Hot-Dry
15.99412537,-19.16854451,LA1,2009-09-04,10:00:00 AM,10:00:00,Hot-Dry
15.99275004,-19.1705363,LA1,2009-09-04,10:20:00 AM,10:20:00,Hot-Dry
15.99054871,-19.17226969,LA1,2009-09-04,10:40:00 AM,10:40:00,Hot-Dry
15.99038086,-19.17231852,LA1,2009-09-04,11:00:00 AM,11:00:00,Hot-Dry
15.98992208,-19.17355143,LA1,2009-09-04,11:20:00 AM,11:20:00,Hot-Dry
15.98823547,-19.17415771,LA1,2009-09-04,11:40:00 AM,11:40:00,Hot-Dry
15.98810323,-19.1739624,LA1,2009-09-04,12:00:00 PM,12:00:00,Hot-Dry
15.9880422,-19.17392578,LA1,2009-09-04,12:20:00 PM,12:20:00,Hot-Dry
15.98793742,-19.17380168,LA1,2009-09-04,12:40:00 PM,12:40:00,Hot-Dry
15.98703206,-19.17298381,LA1,2009-09-04,01:00:00 PM,13:00:00,Hot-Dry
15.98706563,-19.17297567,LA1,2009-09-04,01:20:00 PM,13:20:00,Hot-Dry
15.98706055,-19.17298584,LA1,2009-09-04,01:40:00 PM,13:40:00,Hot-Dry
15.98706156,-19.17296143,LA1,2009-09-04,02:00:00 PM,14:00:00,Hot-Dry
15.98706258,-19.17296753,LA1,2009-09-04,02:20:00 PM,14:20:00,Hot-Dry
15.98705648,-19.17296346,LA1,2009-09-04,02:40:00 PM,14:40:00,Hot-Dry
15.98749593,-19.17231445,LA1,2009-09-04,03:00:00 PM,15:00:00,Hot-Dry
15.9880483,-19.1719279,LA1,2009-09-04,03:20:00 PM,15:20:00,Hot-Dry
15.98812459,-19.17199097,LA1,2009-09-04,03:40:00 PM,15:40:00,Hot-Dry
15.98837077,-19.17185872,LA1,2009-09-04,04:00:00 PM,16:00:00,Hot-Dry
15.98949483,-19.17045898,LA1,2009-09-04,04:20:00 PM,16:20:00,Hot-Dry
15.99182231,-19.16732585,LA1,2009-09-04,04:40:00 PM,16:40:00,Hot-Dry
15.99345907,-19.16576742,LA1,2009-09-04,05:00:00 PM,17:00:00,Hot-Dry
15.99579366,-19.16313883,LA1,2009-09-04,05:20:00 PM,17:20:00,Hot-Dry
15.99580078,-19.1631307,LA1,2009-09-04,05:40:00 PM,17:40:00,Hot-Dry
15.99579773,-19.16312663,LA1,2009-09-04,06:00:00 PM,18:00:00,Hot-Dry
15.99570516,-19.16359049,LA1,2009-09-04,06:20:00 PM,18:20:00,Hot-Dry
15.98827616,-19.16679281,LA1,2009-09-04,06:40:00 PM,18:40:00,Hot-Dry
15.98238729,-19.16959432,LA1,2009-09-04,07:00:00 PM,19:00:00,Hot-Dry
15.9766276,-19.1704366,LA1,2009-09-04,07:20:00 PM,19:20:00,Hot-Dry
15.9718099,-19.17030029,LA1,2009-09-04,07:40:00 PM,19:40:00,Hot-Dry
15.96907349,-19.17028402,LA1,2009-09-04,08:00:00 PM,20:00:00,Hot-Dry
15.96735942,-19.16952515,LA1,2009-09-04,08:20:00 PM,20:20:00,Hot-Dry
15.96730855,-19.16953125,LA1,2009-09-04,08:40:00 PM,20:40:00,Hot-Dry
15.9671936,-19.16952108,LA1,2009-09-04,09:00:00 PM,21:00:00,Hot-Dry
15.96686808,-19.16933797,LA1,2009-09-04,09:20:00 PM,21:20:00,Hot-Dry
15.96623535,-19.16872762,LA1,2009-09-04,09:40:00 PM,21:40:00,Hot-Dry
15.96616211,-19.16873576,LA1,2009-09-04,10:00:00 PM,22:00:00,Hot-Dry
15.96603597,-19.16871948,LA1,2009-09-04,10:20:00 PM,22:20:00,Hot-Dry
15.96592102,-19.16872559,LA1,2009-09-04,10:40:00 PM,22:40:00,Hot-Dry
15.96489665,-19.16920166,LA1,2009-09-04,11:00:00 PM,23:00:00,Hot-Dry
15.96442668,-19.16931763,LA1,2009-09-04,11:20:00 PM,23:20:00,Hot-Dry
15.96439616,-19.16940104,LA1,2009-09-04,11:40:00 PM,23:40:00,Hot-Dry
15.96428528,-19.16940511,LA1,2009-09-05,12:00:00 AM,00:00:00,Hot-Dry
15.96419169,-19.16931559,LA1,2009-09-05,12:20:00 AM,00:20:00,Hot-Dry
15.96404928,-19.16937256,LA1,2009-09-05,12:40:00 AM,00:40:00,Hot-Dry
15.96368306,-19.16944173,LA1,2009-09-05,01:00:00 AM,01:00:00,Hot-Dry
15.96362305,-19.16973267,LA1,2009-09-05,01:20:00 AM,01:20:00,Hot-Dry
15.9634786,-19.16983439,LA1,2009-09-05,01:40:00 AM,01:40:00,Hot-Dry
15.96349691,-19.17017212,LA1,2009-09-05,02:00:00 AM,02:00:00,Hot-Dry
15.96359965,-19.17027995,LA1,2009-09-05,02:20:00 AM,02:20:00,Hot-Dry
15.96317647,-19.17110596,LA1,2009-09-05,02:40:00 AM,02:40:00,Hot-Dry
15.9629598,-19.17227987,LA1,2009-09-05,03:00:00 AM,03:00:00,Hot-Dry
15.96298319,-19.17232056,LA1,2009-09-05,03:20:00 AM,03:20:00,Hot-Dry
15.96303507,-19.17224325,LA1,2009-09-05,03:40:00 AM,03:40:00,Hot-Dry
15.9630127,-19.17222087,LA1,2009-09-05,04:00:00 AM,04:00:00,Hot-Dry
15.9629954,-19.17220459,LA1,2009-09-05,04:20:00 AM,04:20:00,Hot-Dry
15.96303609,-19.17223307,LA1,2009-09-05,04:40:00 AM,04:40:00,Hot-Dry
15.96297506,-19.17227783,LA1,2009-09-05,05:00:00 AM,05:00:00,Hot-Dry
15.96301676,-19.17224935,LA1,2009-09-05,05:20:00 AM,05:20:00,Hot-Dry
15.96303914,-19.17224121,LA1,2009-09-05,05:40:00 AM,05:40:00,Hot-Dry
15.96304525,-19.17224528,LA1,2009-09-05,06:00:00 AM,06:00:00,Hot-Dry
15.96301066,-19.1722229,LA1,2009-09-05,06:20:00 AM,06:20:00,Hot-Dry
15.96298319,-19.17221476,LA1,2009-09-05,06:40:00 AM,06:40:00,Hot-Dry
15.96299438,-19.17223714,LA1,2009-09-05,07:00:00 AM,07:00:00,Hot-Dry
15.96202596,-19.17255249,LA1,2009-09-05,07:20:00 AM,07:20:00,Hot-Dry
15.96122843,-19.17301432,LA1,2009-09-05,07:40:00 AM,07:40:00,Hot-Dry
15.96104024,-19.17328491,LA1,2009-09-05,08:00:00 AM,08:00:00,Hot-Dry
15.9605662,-19.17345785,LA1,2009-09-05,08:20:00 AM,08:20:00,Hot-Dry
15.96056925,-19.17346395,LA1,2009-09-05,08:40:00 AM,08:40:00,Hot-Dry
15.95951538,-19.17418009,LA1,2009-09-05,09:00:00 AM,09:00:00,Hot-Dry
15.95953267,-19.17421875,LA1,2009-09-05,09:20:00 AM,09:20:00,Hot-Dry
15.9583374,-19.17473551,LA1,2009-09-05,09:40:00 AM,09:40:00,Hot-Dry
15.95950623,-19.17425944,LA1,2009-09-05,10:00:00 AM,10:00:00,Hot-Dry
15.96070658,-19.17437541,LA1,2009-09-05,10:20:00 AM,10:20:00,Hot-Dry
15.96098429,-19.1741862,LA1,2009-09-05,10:40:00 AM,10:40:00,Hot-Dry
15.96219279,-19.17387288,LA1,2009-09-05,11:00:00 AM,11:00:00,Hot-Dry
15.9621816,-19.17386882,LA1,2009-09-05,11:20:00 AM,11:20:00,Hot-Dry
15.96217448,-19.17389323,LA1,2009-09-05,11:40:00 AM,11:40:00,Hot-Dry
15.9621877,-19.17391357,LA1,2009-09-05,12:00:00 PM,12:00:00,Hot-Dry
15.96070862,-19.17438354,LA1,2009-09-05,12:20:00 PM,12:20:00,Hot-Dry
15.95904643,-19.17419637,LA1,2009-09-05,12:40:00 PM,12:40:00,Hot-Dry
15.95709127,-19.17372843,LA1,2009-09-05,01:00:00 PM,13:00:00,Hot-Dry
15.95709432,-19.17371216,LA1,2009-09-05,01:20:00 PM,13:20:00,Hot-Dry
15.9570282,-19.17317708,LA1,2009-09-05,01:40:00 PM,13:40:00,Hot-Dry
15.95703634,-19.17316691,LA1,2009-09-05,02:00:00 PM,14:00:00,Hot-Dry
15.95704854,-19.17318522,LA1,2009-09-05,02:20:00 PM,14:20:00,Hot-Dry
15.9570577,-19.17318115,LA1,2009-09-05,02:40:00 PM,14:40:00,Hot-Dry
15.95704041,-19.17319132,LA1,2009-09-05,03:00:00 PM,15:00:00,Hot-Dry
15.95753479,-19.17317505,LA1,2009-09-05,03:20:00 PM,15:20:00,Hot-Dry
15.95752767,-19.17317708,LA1,2009-09-05,03:40:00 PM,15:40:00,Hot-Dry
15.95843913,-19.17314453,LA1,2009-09-05,04:00:00 PM,16:00:00,Hot-Dry
15.95879822,-19.17278239,LA1,2009-09-05,04:20:00 PM,16:20:00,Hot-Dry
15.96041056,-19.17190755,LA1,2009-09-05,04:40:00 PM,16:40:00,Hot-Dry
15.95995789,-19.17177124,LA1,2009-09-05,05:00:00 PM,17:00:00,Hot-Dry
15.95996094,-19.17144165,LA1,2009-09-05,05:20:00 PM,17:20:00,Hot-Dry
15.96025391,-19.17140299,LA1,2009-09-05,05:40:00 PM,17:40:00,Hot-Dry
15.96048787,-19.171521,LA1,2009-09-05,06:00:00 PM,18:00:00,Hot-Dry
15.96061503,-19.17159017,LA1,2009-09-05,06:20:00 PM,18:20:00,Hot-Dry
15.95895793,-19.17066447,LA1,2009-09-05,06:40:00 PM,18:40:00,Hot-Dry
15.95651449,-19.17011312,LA1,2009-09-05,07:00:00 PM,19:00:00,Hot-Dry
15.95597026,-19.17012126,LA1,2009-09-05,07:20:00 PM,19:20:00,Hot-Dry
15.95590719,-19.17015177,LA1,2009-09-05,07:40:00 PM,19:40:00,Hot-Dry
15.95580343,-19.17016602,LA1,2009-09-05,08:00:00 PM,20:00:00,Hot-Dry
15.95555725,-19.17036743,LA1,2009-09-05,08:20:00 PM,20:20:00,Hot-Dry
15.95550741,-19.17040609,LA1,2009-09-05,08:40:00 PM,20:40:00,Hot-Dry
15.95459391,-19.17087402,LA1,2009-09-05,09:00:00 PM,21:00:00,Hot-Dry
15.95418294,-19.1711853,LA1,2009-09-05,09:20:00 PM,21:20:00,Hot-Dry
15.95389099,-19.17121785,LA1,2009-09-05,09:40:00 PM,21:40:00,Hot-Dry
15.95353699,-19.17123617,LA1,2009-09-05,10:00:00 PM,22:00:00,Hot-Dry
15.95078634,-19.17170817,LA1,2009-09-05,10:20:00 PM,22:20:00,Hot-Dry
15.94866231,-19.17116496,LA1,2009-09-05,10:40:00 PM,22:40:00,Hot-Dry
15.94697673,-19.17090454,LA1,2009-09-05,11:00:00 PM,23:00:00,Hot-Dry
15.94355062,-19.17062378,LA1,2009-09-05,11:20:00 PM,23:20:00,Hot-Dry
15.94281413,-19.17106527,LA1,2009-09-05,11:40:00 PM,23:40:00,Hot-Dry
15.94156799,-19.17167765,LA1,2009-09-06,12:00:00 AM,00:00:00,Hot-Dry
15.94158529,-19.17166951,LA1,2009-09-06,12:20:00 AM,00:20:00,Hot-Dry
15.94158122,-19.17166341,LA1,2009-09-06,12:40:00 AM,00:40:00,Hot-Dry
15.94084676,-19.17054647,LA1,2009-09-06,01:00:00 AM,01:00:00,Hot-Dry
15.93801473,-19.17247925,LA1,2009-09-06,01:20:00 AM,01:20:00,Hot-Dry
15.93560079,-19.17342326,LA1,2009-09-06,01:40:00 AM,01:40:00,Hot-Dry
15.93520711,-19.1717041,LA1,2009-09-06,02:00:00 AM,02:00:00,Hot-Dry
15.9352122,-19.17168986,LA1,2009-09-06,02:20:00 AM,02:20:00,Hot-Dry
15.93522542,-19.17170614,LA1,2009-09-06,02:40:00 AM,02:40:00,Hot-Dry
15.93522949,-19.17172038,LA1,2009-09-06,03:00:00 AM,03:00:00,Hot-Dry
15.9352122,-19.17172648,LA1,2009-09-06,03:20:00 AM,03:20:00,Hot-Dry
15.93523966,-19.17171224,LA1,2009-09-06,03:40:00 AM,03:40:00,Hot-Dry
15.93518982,-19.17168783,LA1,2009-09-06,04:00:00 AM,04:00:00,Hot-Dry
15.93524577,-19.17172852,LA1,2009-09-06,04:20:00 AM,04:20:00,Hot-Dry
15.93519999,-19.1717041,LA1,2009-09-06,04:40:00 AM,04:40:00,Hot-Dry
15.93520203,-19.17172445,LA1,2009-09-06,05:00:00 AM,05:00:00,Hot-Dry
15.93521118,-19.17171631,LA1,2009-09-06,05:20:00 AM,05:20:00,Hot-Dry
15.93512878,-19.171698,LA1,2009-09-06,05:40:00 AM,05:40:00,Hot-Dry
15.93508199,-19.17172241,LA1,2009-09-06,06:00:00 AM,06:00:00,Hot-Dry
15.93498128,-19.17183024,LA1,2009-09-06,06:20:00 AM,06:20:00,Hot-Dry
15.93491923,-19.17184652,LA1,2009-09-06,06:40:00 AM,06:40:00,Hot-Dry
15.93469035,-19.17143555,LA1,2009-09-06,07:00:00 AM,07:00:00,Hot-Dry
15.93521627,-19.17067871,LA1,2009-09-06,07:20:00 AM,07:20:00,Hot-Dry
15.93529663,-19.17086589,LA1,2009-09-06,07:40:00 AM,07:40:00,Hot-Dry
15.93496602,-19.17023315,LA1,2009-09-06,08:00:00 AM,08:00:00,Hot-Dry
15.93430888,-19.16999919,LA1,2009-09-06,08:20:00 AM,08:20:00,Hot-Dry
15.93333537,-19.16806234,LA1,2009-09-06,08:40:00 AM,08:40:00,Hot-Dry
15.93225708,-19.16729329,LA1,2009-09-06,09:00:00 AM,09:00:00,Hot-Dry
15.9314443,-19.16751912,LA1,2009-09-06,09:20:00 AM,09:20:00,Hot-Dry
15.93018595,-19.16769002,LA1,2009-09-06,09:40:00 AM,09:40:00,Hot-Dry
15.92887777,-19.16783447,LA1,2009-09-06,10:00:00 AM,10:00:00,Hot-Dry
15.92587992,-19.16796672,LA1,2009-09-06,10:20:00 AM,10:20:00,Hot-Dry
15.9193868,-19.16926066,LA1,2009-09-06,10:40:00 AM,10:40:00,Hot-Dry
15.91246134,-19.17369385,LA1,2009-09-06,11:00:00 AM,11:00:00,Hot-Dry
15.91391296,-19.17949422,LA1,2009-09-06,11:20:00 AM,11:20:00,Hot-Dry
15.91595866,-19.1809082,LA1,2009-09-06,11:40:00 AM,11:40:00,Hot-Dry
15.91476949,-19.18104858,LA1,2009-09-06,12:00:00 PM,12:00:00,Hot-Dry
15.91076152,-19.17920939,LA1,2009-09-06,12:20:00 PM,12:20:00,Hot-Dry
15.91004232,-19.17866821,LA1,2009-09-06,12:40:00 PM,12:40:00,Hot-Dry
15.91003316,-19.17867228,LA1,2009-09-06,01:00:00 PM,13:00:00,Hot-Dry
15.91002604,-19.17845662,LA1,2009-09-06,01:20:00 PM,13:20:00,Hot-Dry
15.9100352,-19.17844849,LA1,2009-09-06,01:40:00 PM,13:40:00,Hot-Dry
15.91002604,-19.17845052,LA1,2009-09-06,02:00:00 PM,14:00:00,Hot-Dry
15.91009623,-19.17802938,LA1,2009-09-06,02:20:00 PM,14:20:00,Hot-Dry
15.91000773,-19.17774048,LA1,2009-09-06,02:40:00 PM,14:40:00,Hot-Dry
15.9102356,-19.17753092,LA1,2009-09-06,03:00:00 PM,15:00:00,Hot-Dry
15.91052144,-19.17744548,LA1,2009-09-06,03:20:00 PM,15:20:00,Hot-Dry
15.91490173,-19.18017375,LA1,2009-09-06,03:40:00 PM,15:40:00,Hot-Dry
15.91592509,-19.18078003,LA1,2009-09-06,04:00:00 PM,16:00:00,Hot-Dry
15.92424316,-19.17819824,LA1,2009-09-06,04:20:00 PM,16:20:00,Hot-Dry
15.92540181,-19.17730103,LA1,2009-09-06,04:40:00 PM,16:40:00,Hot-Dry
15.92540894,-19.17729899,LA1,2009-09-06,05:00:00 PM,17:00:00,Hot-Dry
15.9254069,-19.17726847,LA1,2009-09-06,05:20:00 PM,17:20:00,Hot-Dry
15.92711182,-19.17632039,LA1,2009-09-06,05:40:00 PM,17:40:00,Hot-Dry
15.92680155,-19.17625732,LA1,2009-09-06,06:00:00 PM,18:00:00,Hot-Dry
15.926946,-19.17664388,LA1,2009-09-06,06:20:00 PM,18:20:00,Hot-Dry
15.92704468,-19.17652791,LA1,2009-09-06,06:40:00 PM,18:40:00,Hot-Dry
15.92707926,-19.17622884,LA1,2009-09-06,07:00:00 PM,19:00:00,Hot-Dry
15.92693176,-19.17595825,LA1,2009-09-06,07:20:00 PM,19:20:00,Hot-Dry
15.92666626,-19.17576294,LA1,2009-09-06,07:40:00 PM,19:40:00,Hot-Dry
15.92665609,-19.1757548,LA1,2009-09-06,08:00:00 PM,20:00:00,Hot-Dry
15.92516479,-19.17485758,LA1,2009-09-06,08:20:00 PM,20:20:00,Hot-Dry
15.9250061,-19.17442627,LA1,2009-09-06,08:40:00 PM,20:40:00,Hot-Dry
15.92695414,-19.17259318,LA1,2009-09-06,09:00:00 PM,21:00:00,Hot-Dry
15.92774455,-19.17165527,LA1,2009-09-06,09:20:00 PM,21:20:00,Hot-Dry
15.92807719,-19.17114461,LA1,2009-09-06,09:40:00 PM,21:40:00,Hot-Dry
15.93062846,-19.16793009,LA1,2009-09-06,10:00:00 PM,22:00:00,Hot-Dry
15.93143514,-19.1675415,LA1,2009-09-06,10:20:00 PM,22:20:00,Hot-Dry
15.93399556,-19.16602987,LA1,2009-09-06,10:40:00 PM,22:40:00,Hot-Dry
15.93358663,-19.16543986,LA1,2009-09-06,11:00:00 PM,23:00:00,Hot-Dry
15.93382568,-19.16554972,LA1,2009-09-06,11:20:00 PM,23:20:00,Hot-Dry
15.93434855,-19.16553141,LA1,2009-09-06,11:40:00 PM,23:40:00,Hot-Dry
15.93516439,-19.16513062,LA1,2009-09-07,12:00:00 AM,00:00:00,Hot-Dry
15.93632914,-19.16401367,LA1,2009-09-07,12:20:00 AM,00:20:00,Hot-Dry
15.93669128,-19.16339518,LA1,2009-09-07,12:40:00 AM,00:40:00,Hot-Dry
15.9383962,-19.16300863,LA1,2009-09-07,01:00:00 AM,01:00:00,Hot-Dry
15.93954671,-19.16227824,LA1,2009-09-07,01:20:00 AM,01:20:00,Hot-Dry
15.94012146,-19.16196086,LA1,2009-09-07,01:40:00 AM,01:40:00,Hot-Dry
15.94059245,-19.16161906,LA1,2009-09-07,02:00:00 AM,02:00:00,Hot-Dry
15.94425964,-19.16060994,LA1,2009-09-07,02:20:00 AM,02:20:00,Hot-Dry
15.94418538,-19.16062215,LA1,2009-09-07,02:40:00 AM,02:40:00,Hot-Dry
15.94416707,-19.16060181,LA1,2009-09-07,03:00:00 AM,03:00:00,Hot-Dry
15.94417725,-19.16061198,LA1,2009-09-07,03:20:00 AM,03:20:00,Hot-Dry
15.94438578,-19.16063232,LA1,2009-09-07,03:40:00 AM,03:40:00,Hot-Dry
15.94437358,-19.1606486,LA1,2009-09-07,04:00:00 AM,04:00:00,Hot-Dry
15.94431966,-19.16067912,LA1,2009-09-07,04:20:00 AM,04:20:00,Hot-Dry
15.94434509,-19.16065267,LA1,2009-09-07,04:40:00 AM,04:40:00,Hot-Dry
15.94434916,-19.16067708,LA1,2009-09-07,05:00:00 AM,05:00:00,Hot-Dry
15.94448853,-19.1606486,LA1,2009-09-07,05:20:00 AM,05:20:00,Hot-Dry
15.94497375,-19.16067301,LA1,2009-09-07,05:40:00 AM,05:40:00,Hot-Dry
15.94500529,-19.16069539,LA1,2009-09-07,06:00:00 AM,06:00:00,Hot-Dry
15.94553528,-19.16095174,LA1,2009-09-07,06:20:00 AM,06:20:00,Hot-Dry
15.94577332,-19.16132406,LA1,2009-09-07,06:40:00 AM,06:40:00,Hot-Dry
15.9458608,-19.16145833,LA1,2009-09-07,07:00:00 AM,07:00:00,Hot-Dry
15.94625244,-19.16196899,LA1,2009-09-07,07:20:00 AM,07:20:00,Hot-Dry
15.94624736,-19.16195679,LA1,2009-09-07,07:40:00 AM,07:40:00,Hot-Dry
15.94623108,-19.16223958,LA1,2009-09-07,08:00:00 AM,08:00:00,Hot-Dry
15.94675598,-19.16293335,LA1,2009-09-07,08:20:00 AM,08:20:00,Hot-Dry
15.9474762,-19.16304932,LA1,2009-09-07,08:40:00 AM,08:40:00,Hot-Dry
15.94938354,-19.16268107,LA1,2009-09-07,09:00:00 AM,09:00:00,Hot-Dry
15.94966532,-19.162441,LA1,2009-09-07,09:20:00 AM,09:20:00,Hot-Dry
15.95009054,-19.16238403,LA1,2009-09-07,09:40:00 AM,09:40:00,Hot-Dry
15.95012004,-19.1625061,LA1,2009-09-07,10:00:00 AM,10:00:00,Hot-Dry
15.95102946,-19.16147257,LA1,2009-09-07,10:20:00 AM,10:20:00,Hot-Dry
15.95231628,-19.15832316,LA1,2009-09-07,10:40:00 AM,10:40:00,Hot-Dry
15.95232442,-19.15836385,LA1,2009-09-07,11:00:00 AM,11:00:00,Hot-Dry
15.95228577,-19.15835775,LA1,2009-09-07,11:20:00 AM,11:20:00,Hot-Dry
15.95230815,-19.15835368,LA1,2009-09-07,11:40:00 AM,11:40:00,Hot-Dry
15.95231222,-19.15837606,LA1,2009-09-07,12:00:00 PM,12:00:00,Hot-Dry
15.95230713,-19.15836792,LA1,2009-09-07,12:20:00 PM,12:20:00,Hot-Dry
15.95228984,-19.15846151,LA1,2009-09-07,12:40:00 PM,12:40:00,Hot-Dry
15.95227458,-19.15844116,LA1,2009-09-07,01:00:00 PM,13:00:00,Hot-Dry
15.95226644,-19.1584554,LA1,2009-09-07,01:20:00 PM,13:20:00,Hot-Dry
15.95226034,-19.1584432,LA1,2009-09-07,01:40:00 PM,13:40:00,Hot-Dry
15.95229492,-19.15847575,LA1,2009-09-07,02:00:00 PM,14:00:00,Hot-Dry
15.95235799,-19.15835368,LA1,2009-09-07,02:20:00 PM,14:20:00,Hot-Dry
15.95237935,-19.15834147,LA1,2009-09-07,02:40:00 PM,14:40:00,Hot-Dry
15.95262146,-19.15844523,LA1,2009-09-07,03:00:00 PM,15:00:00,Hot-Dry
15.95258077,-19.15841675,LA1,2009-09-07,03:20:00 PM,15:20:00,Hot-Dry
15.9538564,-19.15839844,LA1,2009-09-07,03:40:00 PM,15:40:00,Hot-Dry
15.95478617,-19.15822347,LA1,2009-09-07,04:00:00 PM,16:00:00,Hot-Dry
15.9553894,-19.1577535,LA1,2009-09-07,04:20:00 PM,16:20:00,Hot-Dry
15.95598551,-19.15744425,LA1,2009-09-07,04:40:00 PM,16:40:00,Hot-Dry
15.95608215,-19.15686849,LA1,2009-09-07,05:00:00 PM,17:00:00,Hot-Dry
15.95653992,-19.15594686,LA1,2009-09-07,05:20:00 PM,17:20:00,Hot-Dry
15.95785929,-19.15328369,LA1,2009-09-07,05:40:00 PM,17:40:00,Hot-Dry
15.95782878,-19.15297038,LA1,2009-09-07,06:00:00 PM,18:00:00,Hot-Dry
15.9578481,-19.152948,LA1,2009-09-07,06:20:00 PM,18:20:00,Hot-Dry
15.95777791,-19.15270182,LA1,2009-09-07,06:40:00 PM,18:40:00,Hot-Dry
15.95793559,-19.15190633,LA1,2009-09-07,07:00:00 PM,19:00:00,Hot-Dry
15.95804443,-19.15189819,LA1,2009-09-07,07:20:00 PM,19:20:00,Hot-Dry
15.95818075,-19.15160726,LA1,2009-09-07,07:40:00 PM,19:40:00,Hot-Dry
15.95814311,-19.15154215,LA1,2009-09-07,08:00:00 PM,20:00:00,Hot-Dry
15.95897319,-19.1495931,LA1,2009-09-07,08:20:00 PM,20:20:00,Hot-Dry
15.95979106,-19.14731649,LA1,2009-09-07,08:40:00 PM,20:40:00,Hot-Dry
15.96030579,-19.14695435,LA1,2009-09-07,09:00:00 PM,21:00:00,Hot-Dry
15.96053365,-19.14619141,LA1,2009-09-07,09:20:00 PM,21:20:00,Hot-Dry
15.96085409,-19.14530233,LA1,2009-09-07,09:40:00 PM,21:40:00,Hot-Dry
15.96111552,-19.14393514,LA1,2009-09-07,10:00:00 PM,22:00:00,Hot-Dry
15.96119181,-19.14341024,LA1,2009-09-07,10:20:00 PM,22:20:00,Hot-Dry
15.96117757,-19.14364217,LA1,2009-09-07,10:40:00 PM,22:40:00,Hot-Dry
15.96093038,-19.14364421,LA1,2009-09-07,11:00:00 PM,23:00:00,Hot-Dry
15.96093038,-19.14363607,LA1,2009-09-07,11:20:00 PM,23:20:00,Hot-Dry
15.96093241,-19.14364217,LA1,2009-09-07,11:40:00 PM,23:40:00,Hot-Dry
15.96092733,-19.14364217,LA1,2009-09-08,12:00:00 AM,00:00:00,Hot-Dry
15.96093648,-19.14362996,LA1,2009-09-08,12:20:00 AM,00:20:00,Hot-Dry
15.96092631,-19.14364624,LA1,2009-09-08,12:40:00 AM,00:40:00,Hot-Dry
15.96094666,-19.14365438,LA1,2009-09-08,01:00:00 AM,01:00:00,Hot-Dry
15.96113078,-19.14334513,LA1,2009-09-08,01:20:00 AM,01:20:00,Hot-Dry
15.96123861,-19.14275106,LA1,2009-09-08,01:40:00 AM,01:40:00,Hot-Dry
15.96159261,-19.14227905,LA1,2009-09-08,02:00:00 AM,02:00:00,Hot-Dry
15.96313578,-19.14121094,LA1,2009-09-08,02:20:00 AM,02:20:00,Hot-Dry
15.96432088,-19.14139201,LA1,2009-09-08,02:40:00 AM,02:40:00,Hot-Dry
15.96503296,-19.1414388,LA1,2009-09-08,03:00:00 AM,03:00:00,Hot-Dry
15.96580607,-19.14152018,LA1,2009-09-08,03:20:00 AM,03:20:00,Hot-Dry
15.96582133,-19.14156494,LA1,2009-09-08,03:40:00 AM,03:40:00,Hot-Dry
15.96579285,-19.14153239,LA1,2009-09-08,04:00:00 AM,04:00:00,Hot-Dry
15.96580302,-19.14153035,LA1,2009-09-08,04:20:00 AM,04:20:00,Hot-Dry
15.96581726,-19.14159749,LA1,2009-09-08,04:40:00 AM,04:40:00,Hot-Dry
15.96579488,-19.14161784,LA1,2009-09-08,05:00:00 AM,05:00:00,Hot-Dry
15.96582031,-19.14158529,LA1,2009-09-08,05:20:00 AM,05:20:00,Hot-Dry
15.96583659,-19.14161174,LA1,2009-09-08,05:40:00 AM,05:40:00,Hot-Dry
15.9658315,-19.14165649,LA1,2009-09-08,06:00:00 AM,06:00:00,Hot-Dry
15.96628316,-19.14182332,LA1,2009-09-08,06:20:00 AM,06:20:00,Hot-Dry
15.96899618,-19.14235433,LA1,2009-09-08,06:40:00 AM,06:40:00,Hot-Dry
15.97432251,-19.14691772,LA1,2009-09-08,07:00:00 AM,07:00:00,Hot-Dry
15.98374939,-19.16319173,LA1,2009-09-08,07:20:00 AM,07:20:00,Hot-Dry
15.99354553,-19.16314697,LA1,2009-09-08,07:40:00 AM,07:40:00,Hot-Dry
15.99580282,-19.16312663,LA1,2009-09-08,08:00:00 AM,08:00:00,Hot-Dry
15.9958079,-19.1631307,LA1,2009-09-08,08:20:00 AM,08:20:00,Hot-Dry
15.99601339,-19.16322225,LA1,2009-09-08,08:40:00 AM,08:40:00,Hot-Dry
15.99615072,-19.16403809,LA1,2009-09-08,09:00:00 AM,09:00:00,Hot-Dry
15.9948822,-19.1707255,LA1,2009-09-08,09:20:00 AM,09:20:00,Hot-Dry
15.99444071,-19.17292887,LA1,2009-09-08,09:40:00 AM,09:40:00,Hot-Dry
15.99407349,-19.17310384,LA1,2009-09-08,10:00:00 AM,10:00:00,Hot-Dry
15.99304606,-19.17368164,LA1,2009-09-08,10:20:00 AM,10:20:00,Hot-Dry
15.99303691,-19.17362061,LA1,2009-09-08,10:40:00 AM,10:40:00,Hot-Dry
15.99301656,-19.17362671,LA1,2009-09-08,11:00:00 AM,11:00:00,Hot-Dry
15.99290466,-19.17360229,LA1,2009-09-08,11:20:00 AM,11:20:00,Hot-Dry
15.9928009,-19.17359619,LA1,2009-09-08,11:40:00 AM,11:40:00,Hot-Dry
15.99252116,-19.17347819,LA1,2009-09-08,12:00:00 PM,12:00:00,Hot-Dry
15.99216715,-19.17341919,LA1,2009-09-08,12:20:00 PM,12:20:00,Hot-Dry
15.99217428,-19.17342529,LA1,2009-09-08,12:40:00 PM,12:40:00,Hot-Dry
15.99169515,-19.17311605,LA1,2009-09-08,01:00:00 PM,13:00:00,Hot-Dry
15.99154561,-19.17271118,LA1,2009-09-08,01:20:00 PM,13:20:00,Hot-Dry
15.99224345,-19.16921183,LA1,2009-09-08,01:40:00 PM,13:40:00,Hot-Dry
15.99602254,-19.16318563,LA1,2009-09-08,02:00:00 PM,14:00:00,Hot-Dry
15.99579264,-19.16312866,LA1,2009-09-08,02:20:00 PM,14:20:00,Hot-Dry
15.99606934,-19.16342773,LA1,2009-09-08,02:40:00 PM,14:40:00,Hot-Dry
15.99579773,-19.16311646,LA1,2009-09-08,03:00:00 PM,15:00:00,Hot-Dry
15.9956899,-19.16311239,LA1,2009-09-08,03:20:00 PM,15:20:00,Hot-Dry
15.99057007,-19.16577555,LA1,2009-09-08,03:40:00 PM,15:40:00,Hot-Dry
15.98742065,-19.16754354,LA1,2009-09-08,04:00:00 PM,16:00:00,Hot-Dry
15.98717753,-19.16826782,LA1,2009-09-08,04:20:00 PM,16:20:00,Hot-Dry
15.986085,-19.16854655,LA1,2009-09-08,04:40:00 PM,16:40:00,Hot-Dry
15.98299764,-19.16911825,LA1,2009-09-08,05:00:00 PM,17:00:00,Hot-Dry
15.98286947,-19.16904297,LA1,2009-09-08,05:20:00 PM,17:20:00,Hot-Dry
15.98280843,-19.1690979,LA1,2009-09-08,05:40:00 PM,17:40:00,Hot-Dry
15.98271586,-19.16919759,LA1,2009-09-08,06:00:00 PM,18:00:00,Hot-Dry
15.98257039,-19.16926473,LA1,2009-09-08,06:20:00 PM,18:20:00,Hot-Dry
15.98195903,-19.16938883,LA1,2009-09-08,06:40:00 PM,18:40:00,Hot-Dry
15.9818807,-19.16938883,LA1,2009-09-08,07:00:00 PM,19:00:00,Hot-Dry
15.9817627,-19.16945597,LA1,2009-09-08,07:20:00 PM,19:20:00,Hot-Dry
15.98171285,-19.16947225,LA1,2009-09-08,07:40:00 PM,19:40:00,Hot-Dry
15.98156738,-19.16965535,LA1,2009-09-08,08:00:00 PM,20:00:00,Hot-Dry
15.98133138,-19.16976929,LA1,2009-09-08,08:20:00 PM,20:20:00,Hot-Dry
15.98133748,-19.16976929,LA1,2009-09-08,08:40:00 PM,20:40:00,Hot-Dry
15.98123881,-19.16983439,LA1,2009-09-08,09:00:00 PM,21:00:00,Hot-Dry
15.97940063,-19.17065226,LA1,2009-09-08,09:20:00 PM,21:20:00,Hot-Dry
15.97754822,-19.17282104,LA1,2009-09-08,09:40:00 PM,21:40:00,Hot-Dry
15.97600505,-19.17568359,LA1,2009-09-08,10:00:00 PM,22:00:00,Hot-Dry
15.97591858,-19.1761556,LA1,2009-09-08,10:20:00 PM,22:20:00,Hot-Dry
15.97688293,-19.17628988,LA1,2009-09-08,10:40:00 PM,22:40:00,Hot-Dry
15.97693278,-19.17637126,LA1,2009-09-08,11:00:00 PM,23:00:00,Hot-Dry
15.97726847,-19.17639771,LA1,2009-09-08,11:20:00 PM,23:20:00,Hot-Dry
15.97741496,-19.17651571,LA1,2009-09-08,11:40:00 PM,23:40:00,Hot-Dry
15.97753601,-19.17648315,LA1,2009-09-09,12:00:00 AM,00:00:00,Hot-Dry
15.97758891,-19.17646688,LA1,2009-09-09,12:20:00 AM,00:20:00,Hot-Dry
15.97755941,-19.17648315,LA1,2009-09-09,12:40:00 AM,00:40:00,Hot-Dry
15.97787882,-19.17616374,LA1,2009-09-09,01:00:00 AM,01:00:00,Hot-Dry
15.97786764,-19.17615967,LA1,2009-09-09,01:20:00 AM,01:20:00,Hot-Dry
15.97787069,-19.17619832,LA1,2009-09-09,01:40:00 AM,01:40:00,Hot-Dry
15.97783813,-19.1761617,LA1,2009-09-09,02:00:00 AM,02:00:00,Hot-Dry
15.9777832,-19.17621867,LA1,2009-09-09,02:20:00 AM,02:20:00,Hot-Dry
15.97779134,-19.17622274,LA1,2009-09-09,02:40:00 AM,02:40:00,Hot-Dry
15.97781169,-19.17621257,LA1,2009-09-09,03:00:00 AM,03:00:00,Hot-Dry
15.97775879,-19.17624715,LA1,2009-09-09,03:20:00 AM,03:20:00,Hot-Dry
15.97783407,-19.17620646,LA1,2009-09-09,03:40:00 AM,03:40:00,Hot-Dry
15.97783508,-19.1762085,LA1,2009-09-09,04:00:00 AM,04:00:00,Hot-Dry
15.97783813,-19.17617798,LA1,2009-09-09,04:20:00 AM,04:20:00,Hot-Dry
15.97783407,-19.17628174,LA1,2009-09-09,04:40:00 AM,04:40:00,Hot-Dry
15.97782084,-19.17626953,LA1,2009-09-09,05:00:00 AM,05:00:00,Hot-Dry
15.97781779,-19.17617391,LA1,2009-09-09,05:20:00 AM,05:20:00,Hot-Dry
15.97792867,-19.17617594,LA1,2009-09-09,05:40:00 AM,05:40:00,Hot-Dry
15.97797648,-19.17615153,LA1,2009-09-09,06:00:00 AM,06:00:00,Hot-Dry
15.97698059,-19.17617594,LA1,2009-09-09,06:20:00 AM,06:20:00,Hot-Dry
15.97657674,-19.17676188,LA1,2009-09-09,06:40:00 AM,06:40:00,Hot-Dry
15.97705892,-19.17682699,LA1,2009-09-09,07:00:00 AM,07:00:00,Hot-Dry
15.97747904,-19.17671509,LA1,2009-09-09,07:20:00 AM,07:20:00,Hot-Dry
15.97798767,-19.17667847,LA1,2009-09-09,07:40:00 AM,07:40:00,Hot-Dry
15.97921041,-19.17601725,LA1,2009-09-09,08:00:00 AM,08:00:00,Hot-Dry
15.98278198,-19.17312826,LA1,2009-09-09,08:20:00 AM,08:20:00,Hot-Dry
15.98465983,-19.17192179,LA1,2009-09-09,08:40:00 AM,08:40:00,Hot-Dry
15.98628947,-19.17130941,LA1,2009-09-09,09:00:00 AM,09:00:00,Hot-Dry
15.98683472,-19.17102865,LA1,2009-09-09,09:20:00 AM,09:20:00,Hot-Dry
15.98898315,-19.16931966,LA1,2009-09-09,09:40:00 AM,09:40:00,Hot-Dry
15.99514974,-19.16417847,LA1,2009-09-09,10:00:00 AM,10:00:00,Hot-Dry
15.99584554,-19.16314494,LA1,2009-09-09,10:20:00 AM,10:20:00,Hot-Dry
15.99582011,-19.16310425,LA1,2009-09-09,10:40:00 AM,10:40:00,Hot-Dry
15.99578959,-19.16315308,LA1,2009-09-09,11:00:00 AM,11:00:00,Hot-Dry
15.99578044,-19.16314697,LA1,2009-09-09,11:20:00 AM,11:20:00,Hot-Dry
15.99562887,-19.16311849,LA1,2009-09-09,11:40:00 AM,11:40:00,Hot-Dry
15.99578857,-19.16311239,LA1,2009-09-09,12:00:00 PM,12:00:00,Hot-Dry
15.99138489,-19.16309814,LA1,2009-09-09,12:20:00 PM,12:20:00,Hot-Dry
15.98948263,-19.16281738,LA1,2009-09-09,12:40:00 PM,12:40:00,Hot-Dry
15.98715312,-19.16319173,LA1,2009-09-09,01:00:00 PM,13:00:00,Hot-Dry
15.98645732,-19.16320394,LA1,2009-09-09,01:20:00 PM,13:20:00,Hot-Dry
15.98586629,-19.16309611,LA1,2009-09-09,01:40:00 PM,13:40:00,Hot-Dry
15.98563741,-19.16308187,LA1,2009-09-09,02:00:00 PM,14:00:00,Hot-Dry
15.98563131,-19.16305339,LA1,2009-09-09,02:20:00 PM,14:20:00,Hot-Dry
15.98526917,-19.1632548,LA1,2009-09-09,02:40:00 PM,14:40:00,Hot-Dry
15.98407186,-19.16374308,LA1,2009-09-09,03:00:00 PM,15:00:00,Hot-Dry
15.98354085,-19.16372274,LA1,2009-09-09,03:20:00 PM,15:20:00,Hot-Dry
15.98308411,-19.16390584,LA1,2009-09-09,03:40:00 PM,15:40:00,Hot-Dry
15.98294373,-19.16381836,LA1,2009-09-09,04:00:00 PM,16:00:00,Hot-Dry
15.98116862,-19.16367798,LA1,2009-09-09,04:20:00 PM,16:20:00,Hot-Dry
15.9791331,-19.16375936,LA1,2009-09-09,04:40:00 PM,16:40:00,Hot-Dry
15.97700094,-19.1637085,LA1,2009-09-09,05:00:00 PM,17:00:00,Hot-Dry
15.97665609,-19.16375529,LA1,2009-09-09,05:20:00 PM,17:20:00,Hot-Dry
15.97640483,-19.16411336,LA1,2009-09-09,05:40:00 PM,17:40:00,Hot-Dry
15.97532247,-19.16386719,LA1,2009-09-09,06:00:00 PM,18:00:00,Hot-Dry
15.97420247,-19.16347046,LA1,2009-09-09,06:20:00 PM,18:20:00,Hot-Dry
15.97324931,-19.16300456,LA1,2009-09-09,06:40:00 PM,18:40:00,Hot-Dry
15.97056783,-19.16277262,LA1,2009-09-09,07:00:00 PM,19:00:00,Hot-Dry
15.97045593,-19.16282145,LA1,2009-09-09,07:20:00 PM,19:20:00,Hot-Dry
15.97044678,-19.1628479,LA1,2009-09-09,07:40:00 PM,19:40:00,Hot-Dry
15.97000936,-19.16297607,LA1,2009-09-09,08:00:00 PM,20:00:00,Hot-Dry
15.96891683,-19.16478475,LA1,2009-09-09,08:20:00 PM,20:20:00,Hot-Dry
15.96892497,-19.16508789,LA1,2009-09-09,08:40:00 PM,20:40:00,Hot-Dry
15.96888936,-19.16516724,LA1,2009-09-09,09:00:00 PM,21:00:00,Hot-Dry
15.96531169,-19.16420898,LA1,2009-09-09,09:20:00 PM,21:20:00,Hot-Dry
15.96493937,-19.16413167,LA1,2009-09-09,09:40:00 PM,21:40:00,Hot-Dry
15.96472168,-19.16408691,LA1,2009-09-09,10:00:00 PM,22:00:00,Hot-Dry
15.96465454,-19.16405233,LA1,2009-09-09,10:20:00 PM,22:20:00,Hot-Dry
15.96164958,-19.16308187,LA1,2009-09-09,10:40:00 PM,22:40:00,Hot-Dry
15.95825907,-19.16375326,LA1,2009-09-09,11:00:00 PM,23:00:00,Hot-Dry
15.95675964,-19.16396891,LA1,2009-09-09,11:20:00 PM,23:20:00,Hot-Dry
15.95640361,-19.16397909,LA1,2009-09-09,11:40:00 PM,23:40:00,Hot-Dry
15.9545756,-19.16435343,LA1,2009-09-10,12:00:00 AM,00:00:00,Hot-Dry
15.95344543,-19.16461792,LA1,2009-09-10,12:20:00 AM,00:20:00,Hot-Dry
15.95348307,-19.16465047,LA1,2009-09-10,12:40:00 AM,00:40:00,Hot-Dry
15.95362142,-19.1651652,LA1,2009-09-10,01:00:00 AM,01:00:00,Hot-Dry
15.95361938,-19.16571452,LA1,2009-09-10,01:20:00 AM,01:20:00,Hot-Dry
15.95364685,-19.16578573,LA1,2009-09-10,01:40:00 AM,01:40:00,Hot-Dry
15.95357666,-19.16578573,LA1,2009-09-10,02:00:00 AM,02:00:00,Hot-Dry
15.95360006,-19.16582845,LA1,2009-09-10,02:20:00 AM,02:20:00,Hot-Dry
15.95349325,-19.1658488,LA1,2009-09-10,02:40:00 AM,02:40:00,Hot-Dry
15.95351664,-19.16582845,LA1,2009-09-10,03:00:00 AM,03:00:00,Hot-Dry
15.95349833,-19.16583455,LA1,2009-09-10,03:20:00 AM,03:20:00,Hot-Dry
15.953479,-19.16587118,LA1,2009-09-10,03:40:00 AM,03:40:00,Hot-Dry
15.95346578,-19.16587118,LA1,2009-09-10,04:00:00 AM,04:00:00,Hot-Dry
15.95354919,-19.16580811,LA1,2009-09-10,04:20:00 AM,04:20:00,Hot-Dry
15.95348002,-19.16584676,LA1,2009-09-10,04:40:00 AM,04:40:00,Hot-Dry
15.95352885,-19.16588949,LA1,2009-09-10,05:00:00 AM,05:00:00,Hot-Dry
15.95346273,-19.16589762,LA1,2009-09-10,05:20:00 AM,05:20:00,Hot-Dry
15.95302429,-19.16639811,LA1,2009-09-10,05:40:00 AM,05:40:00,Hot-Dry
15.95296427,-19.16637166,LA1,2009-09-10,06:00:00 AM,06:00:00,Hot-Dry
15.95296733,-19.16646729,LA1,2009-09-10,06:20:00 AM,06:20:00,Hot-Dry
15.95291341,-19.16652018,LA1,2009-09-10,06:40:00 AM,06:40:00,Hot-Dry
15.9526591,-19.16670736,LA1,2009-09-10,07:00:00 AM,07:00:00,Hot-Dry
15.95256755,-19.1667745,LA1,2009-09-10,07:20:00 AM,07:20:00,Hot-Dry
15.94993286,-19.16802979,LA1,2009-09-10,07:40:00 AM,07:40:00,Hot-Dry
15.94883931,-19.16847738,LA1,2009-09-10,08:00:00 AM,08:00:00,Hot-Dry
15.94736837,-19.16937256,LA1,2009-09-10,08:20:00 AM,08:20:00,Hot-Dry
15.94711812,-19.16959839,LA1,2009-09-10,08:40:00 AM,08:40:00,Hot-Dry
15.94613749,-19.17050781,LA1,2009-09-10,09:00:00 AM,09:00:00,Hot-Dry
15.94384155,-19.17099813,LA1,2009-09-10,09:20:00 AM,09:20:00,Hot-Dry
15.94237061,-19.17160848,LA1,2009-09-10,09:40:00 AM,09:40:00,Hot-Dry
15.93856506,-19.17319336,LA1,2009-09-10,10:00:00 AM,10:00:00,Hot-Dry
15.93260396,-19.17474365,LA1,2009-09-10,10:20:00 AM,10:20:00,Hot-Dry
15.92491353,-19.17789714,LA1,2009-09-10,10:40:00 AM,10:40:00,Hot-Dry
15.91573893,-19.18177694,LA1,2009-09-10,11:00:00 AM,11:00:00,Hot-Dry
15.91596883,-19.1809021,LA1,2009-09-10,11:20:00 AM,11:20:00,Hot-Dry
15.91178589,-19.17979329,LA1,2009-09-10,11:40:00 AM,11:40:00,Hot-Dry
15.9101593,-19.17895304,LA1,2009-09-10,12:00:00 PM,12:00:00,Hot-Dry
15.90984395,-19.17890218,LA1,2009-09-10,12:20:00 PM,12:20:00,Hot-Dry
15.9095815,-19.1788859,LA1,2009-09-10,12:40:00 PM,12:40:00,Hot-Dry
15.90950419,-19.17883911,LA1,2009-09-10,01:00:00 PM,13:00:00,Hot-Dry
15.90951029,-19.17883097,LA1,2009-09-10,01:20:00 PM,13:20:00,Hot-Dry
15.9095164,-19.17881877,LA1,2009-09-10,01:40:00 PM,13:40:00,Hot-Dry
15.90954386,-19.17872925,LA1,2009-09-10,02:00:00 PM,14:00:00,Hot-Dry
15.90974833,-19.17837118,LA1,2009-09-10,02:20:00 PM,14:20:00,Hot-Dry
15.91017863,-19.17856852,LA1,2009-09-10,02:40:00 PM,14:40:00,Hot-Dry
15.91258647,-19.18045044,LA1,2009-09-10,03:00:00 PM,15:00:00,Hot-Dry
15.91594747,-19.18087972,LA1,2009-09-10,03:20:00 PM,15:20:00,Hot-Dry
15.91004333,-19.17854411,LA1,2009-09-10,03:40:00 PM,15:40:00,Hot-Dry
15.90466817,-19.17641602,LA1,2009-09-10,04:00:00 PM,16:00:00,Hot-Dry
15.90396423,-19.17637126,LA1,2009-09-10,04:20:00 PM,16:20:00,Hot-Dry
15.90386759,-19.17640177,LA1,2009-09-10,04:40:00 PM,16:40:00,Hot-Dry
15.90372111,-19.17637939,LA1,2009-09-10,05:00:00 PM,17:00:00,Hot-Dry
15.90417277,-19.17536011,LA1,2009-09-10,05:20:00 PM,17:20:00,Hot-Dry
15.90575765,-19.17147624,LA1,2009-09-10,05:40:00 PM,17:40:00,Hot-Dry
15.90905151,-19.16772868,LA1,2009-09-10,06:00:00 PM,18:00:00,Hot-Dry
15.9098704,-19.1672526,LA1,2009-09-10,06:20:00 PM,18:20:00,Hot-Dry
15.91006877,-19.16707357,LA1,2009-09-10,06:40:00 PM,18:40:00,Hot-Dry
15.91048482,-19.16700033,LA1,2009-09-10,07:00:00 PM,19:00:00,Hot-Dry
15.91079102,-19.1675293,LA1,2009-09-10,07:20:00 PM,19:20:00,Hot-Dry
15.91036784,-19.16940104,LA1,2009-09-10,07:40:00 PM,19:40:00,Hot-Dry
15.91041056,-19.16945394,LA1,2009-09-10,08:00:00 PM,20:00:00,Hot-Dry
15.91040446,-19.16943156,LA1,2009-09-10,08:20:00 PM,20:20:00,Hot-Dry
15.91038615,-19.16947021,LA1,2009-09-10,08:40:00 PM,20:40:00,Hot-Dry
15.91041158,-19.16942749,LA1,2009-09-10,09:00:00 PM,21:00:00,Hot-Dry
15.91064758,-19.16934408,LA1,2009-09-10,09:20:00 PM,21:20:00,Hot-Dry
15.91092021,-19.16913859,LA1,2009-09-10,09:40:00 PM,21:40:00,Hot-Dry
15.91088867,-19.16917114,LA1,2009-09-10,10:00:00 PM,22:00:00,Hot-Dry
15.91090495,-19.16918335,LA1,2009-09-10,10:20:00 PM,22:20:00,Hot-Dry
15.91089478,-19.16917725,LA1,2009-09-10,10:40:00 PM,22:40:00,Hot-Dry
15.91036886,-19.16904093,LA1,2009-09-10,11:00:00 PM,23:00:00,Hot-Dry
15.91038717,-19.1690389,LA1,2009-09-10,11:20:00 PM,23:20:00,Hot-Dry
15.91038717,-19.16904907,LA1,2009-09-10,11:40:00 PM,23:40:00,Hot-Dry
15.91039022,-19.16902873,LA1,2009-09-11,12:00:00 AM,00:00:00,Hot-Dry
15.91039734,-19.16902059,LA1,2009-09-11,12:20:00 AM,00:20:00,Hot-Dry
15.9103363,-19.16934408,LA1,2009-09-11,12:40:00 AM,00:40:00,Hot-Dry
15.91033223,-19.16940104,LA1,2009-09-11,01:00:00 AM,01:00:00,Hot-Dry
15.90989583,-19.16895345,LA1,2009-09-11,01:20:00 AM,01:20:00,Hot-Dry
15.9099589,-19.16832479,LA1,2009-09-11,01:40:00 AM,01:40:00,Hot-Dry
15.91037394,-19.16902059,LA1,2009-09-11,02:00:00 AM,02:00:00,Hot-Dry
15.9103953,-19.16906535,LA1,2009-09-11,02:20:00 AM,02:20:00,Hot-Dry
15.91058451,-19.16955363,LA1,2009-09-11,02:40:00 AM,02:40:00,Hot-Dry
15.91062012,-19.16921794,LA1,2009-09-11,03:00:00 AM,03:00:00,Hot-Dry
15.91036886,-19.16903687,LA1,2009-09-11,03:20:00 AM,03:20:00,Hot-Dry
15.91039632,-19.16905314,LA1,2009-09-11,03:40:00 AM,03:40:00,Hot-Dry
15.91039022,-19.16906128,LA1,2009-09-11,04:00:00 AM,04:00:00,Hot-Dry
15.91036987,-19.16905721,LA1,2009-09-11,04:20:00 AM,04:20:00,Hot-Dry
15.9103953,-19.16902873,LA1,2009-09-11,04:40:00 AM,04:40:00,Hot-Dry
15.91057739,-19.168455,LA1,2009-09-11,05:00:00 AM,05:00:00,Hot-Dry
15.91037089,-19.16836141,LA1,2009-09-11,05:20:00 AM,05:20:00,Hot-Dry
15.91036479,-19.16940715,LA1,2009-09-11,05:40:00 AM,05:40:00,Hot-Dry
15.91019897,-19.16964518,LA1,2009-09-11,06:00:00 AM,06:00:00,Hot-Dry
15.90897725,-19.17194417,LA1,2009-09-11,06:20:00 AM,06:20:00,Hot-Dry
15.90872091,-19.17229411,LA1,2009-09-11,06:40:00 AM,06:40:00,Hot-Dry
15.90868835,-19.17305298,LA1,2009-09-11,07:00:00 AM,07:00:00,Hot-Dry
15.90874532,-19.17307332,LA1,2009-09-11,07:20:00 AM,07:20:00,Hot-Dry
15.90868429,-19.17325439,LA1,2009-09-11,07:40:00 AM,07:40:00,Hot-Dry
15.90867716,-19.1735494,LA1,2009-09-11,08:00:00 AM,08:00:00,Hot-Dry
15.90866801,-19.17354126,LA1,2009-09-11,08:20:00 AM,08:20:00,Hot-Dry
15.90899556,-19.17363688,LA1,2009-09-11,08:40:00 AM,08:40:00,Hot-Dry
15.90972392,-19.17467651,LA1,2009-09-11,09:00:00 AM,09:00:00,Hot-Dry
15.9111908,-19.17585246,LA1,2009-09-11,09:20:00 AM,09:20:00,Hot-Dry
15.91399333,-19.17950033,LA1,2009-09-11,09:40:00 AM,09:40:00,Hot-Dry
15.91595764,-19.18090413,LA1,2009-09-11,10:00:00 AM,10:00:00,Hot-Dry
15.91606954,-19.18272705,LA1,2009-09-11,10:20:00 AM,10:20:00,Hot-Dry
15.91598002,-19.18243408,LA1,2009-09-11,10:40:00 AM,10:40:00,Hot-Dry
15.91596883,-19.18088379,LA1,2009-09-11,11:00:00 AM,11:00:00,Hot-Dry
15.91596273,-19.18088989,LA1,2009-09-11,11:20:00 AM,11:20:00,Hot-Dry
15.91597087,-19.18088379,LA1,2009-09-11,11:40:00 AM,11:40:00,Hot-Dry
15.91098938,-19.17935181,LA1,2009-09-11,12:00:00 PM,12:00:00,Hot-Dry
15.90411377,-19.17793376,LA1,2009-09-11,12:20:00 PM,12:20:00,Hot-Dry
15.90022685,-19.17664388,LA1,2009-09-11,12:40:00 PM,12:40:00,Hot-Dry
15.9000529,-19.17613118,LA1,2009-09-11,01:00:00 PM,13:00:00,Hot-Dry
15.89864909,-19.17570801,LA1,2009-09-11,01:20:00 PM,13:20:00,Hot-Dry
15.8985555,-19.17556559,LA1,2009-09-11,01:40:00 PM,13:40:00,Hot-Dry
15.89855448,-19.17556966,LA1,2009-09-11,02:00:00 PM,14:00:00,Hot-Dry
15.89848429,-19.17554728,LA1,2009-09-11,02:20:00 PM,14:20:00,Hot-Dry
15.89830831,-19.17557576,LA1,2009-09-11,02:40:00 PM,14:40:00,Hot-Dry
15.89704081,-19.17571615,LA1,2009-09-11,03:00:00 PM,15:00:00,Hot-Dry
15.89670207,-19.17538859,LA1,2009-09-11,03:20:00 PM,15:20:00,Hot-Dry
15.89643555,-19.17497559,LA1,2009-09-11,03:40:00 PM,15:40:00,Hot-Dry
15.89609172,-19.17489624,LA1,2009-09-11,04:00:00 PM,16:00:00,Hot-Dry
15.89582011,-19.17492065,LA1,2009-09-11,04:20:00 PM,16:20:00,Hot-Dry
15.89585571,-19.1749939,LA1,2009-09-11,04:40:00 PM,16:40:00,Hot-Dry
15.89575806,-19.17473755,LA1,2009-09-11,05:00:00 PM,17:00:00,Hot-Dry
15.89595744,-19.17385254,LA1,2009-09-11,05:20:00 PM,17:20:00,Hot-Dry
15.8954834,-19.17180583,LA1,2009-09-11,05:40:00 PM,17:40:00,Hot-Dry
15.89617411,-19.17030233,LA1,2009-09-11,06:00:00 PM,18:00:00,Hot-Dry
15.89845683,-19.16691488,LA1,2009-09-11,06:20:00 PM,18:20:00,Hot-Dry
15.89932353,-19.16603394,LA1,2009-09-11,06:40:00 PM,18:40:00,Hot-Dry
15.90044759,-19.16515503,LA1,2009-09-11,07:00:00 PM,19:00:00,Hot-Dry
15.90050252,-19.16480509,LA1,2009-09-11,07:20:00 PM,19:20:00,Hot-Dry
15.90085042,-19.16467285,LA1,2009-09-11,07:40:00 PM,19:40:00,Hot-Dry
15.90354716,-19.16332194,LA1,2009-09-11,08:00:00 PM,20:00:00,Hot-Dry
15.90582479,-19.16188558,LA1,2009-09-11,08:20:00 PM,20:20:00,Hot-Dry
15.90735372,-19.16105957,LA1,2009-09-11,08:40:00 PM,20:40:00,Hot-Dry
15.90769958,-19.16090902,LA1,2009-09-11,09:00:00 PM,21:00:00,Hot-Dry
15.91012472,-19.15936686,LA1,2009-09-11,09:20:00 PM,21:20:00,Hot-Dry
15.91251933,-19.15680949,LA1,2009-09-11,09:40:00 PM,21:40:00,Hot-Dry
15.91305847,-19.15626017,LA1,2009-09-11,10:00:00 PM,22:00:00,Hot-Dry
15.91493429,-19.1550354,LA1,2009-09-11,10:20:00 PM,22:20:00,Hot-Dry
15.91515198,-19.15470174,LA1,2009-09-11,10:40:00 PM,22:40:00,Hot-Dry
15.9185496,-19.15207316,LA1,2009-09-11,11:00:00 PM,23:00:00,Hot-Dry
15.91876831,-19.15181274,LA1,2009-09-11,11:20:00 PM,23:20:00,Hot-Dry
15.92456156,-19.14765625,LA1,2009-09-11,11:40:00 PM,23:40:00,Hot-Dry
15.92715658,-19.1457255,LA1,2009-09-12,12:00:00 AM,00:00:00,Hot-Dry
15.92770793,-19.14495239,LA1,2009-09-12,12:20:00 AM,00:20:00,Hot-Dry
15.92775777,-19.14491781,LA1,2009-09-12,12:40:00 AM,00:40:00,Hot-Dry
15.9283488,-19.14419149,LA1,2009-09-12,01:00:00 AM,01:00:00,Hot-Dry
15.92882894,-19.14405111,LA1,2009-09-12,01:20:00 AM,01:20:00,Hot-Dry
15.92928874,-19.14343465,LA1,2009-09-12,01:40:00 AM,01:40:00,Hot-Dry
15.92950439,-19.14310099,LA1,2009-09-12,02:00:00 AM,02:00:00,Hot-Dry
15.92950236,-19.14306641,LA1,2009-09-12,02:20:00 AM,02:20:00,Hot-Dry
15.93039042,-19.1427124,LA1,2009-09-12,02:40:00 AM,02:40:00,Hot-Dry
15.93036601,-19.14272461,LA1,2009-09-12,03:00:00 AM,03:00:00,Hot-Dry
15.93051147,-19.14265747,LA1,2009-09-12,03:20:00 AM,03:20:00,Hot-Dry
15.93051147,-19.1426534,LA1,2009-09-12,03:40:00 AM,03:40:00,Hot-Dry
15.93052877,-19.14264526,LA1,2009-09-12,04:00:00 AM,04:00:00,Hot-Dry
15.93048197,-19.14264526,LA1,2009-09-12,04:20:00 AM,04:20:00,Hot-Dry
15.93045756,-19.14263509,LA1,2009-09-12,04:40:00 AM,04:40:00,Hot-Dry
15.93077698,-19.14247233,LA1,2009-09-12,05:00:00 AM,05:00:00,Hot-Dry
15.93194275,-19.14245402,LA1,2009-09-12,05:20:00 AM,05:20:00,Hot-Dry
15.93205363,-19.14249878,LA1,2009-09-12,05:40:00 AM,05:40:00,Hot-Dry
15.93210754,-19.14267782,LA1,2009-09-12,06:00:00 AM,06:00:00,Hot-Dry
15.9322937,-19.1430603,LA1,2009-09-12,06:20:00 AM,06:20:00,Hot-Dry
15.93289591,-19.14364014,LA1,2009-09-12,06:40:00 AM,06:40:00,Hot-Dry
15.93286947,-19.14364827,LA1,2009-09-12,07:00:00 AM,07:00:00,Hot-Dry
15.93287455,-19.1436849,LA1,2009-09-12,07:20:00 AM,07:20:00,Hot-Dry
15.9328949,-19.14368286,LA1,2009-09-12,07:40:00 AM,07:40:00,Hot-Dry
15.93276469,-19.14373983,LA1,2009-09-12,08:00:00 AM,08:00:00,Hot-Dry
15.93184814,-19.14411825,LA1,2009-09-12,08:20:00 AM,08:20:00,Hot-Dry
15.93167521,-19.14632161,LA1,2009-09-12,08:40:00 AM,08:40:00,Hot-Dry
15.93152059,-19.14680583,LA1,2009-09-12,09:00:00 AM,09:00:00,Hot-Dry
15.93103536,-19.14771118,LA1,2009-09-12,09:20:00 AM,09:20:00,Hot-Dry
15.93009135,-19.14979655,LA1,2009-09-12,09:40:00 AM,09:40:00,Hot-Dry
15.9291626,-19.15151367,LA1,2009-09-12,10:00:00 AM,10:00:00,Hot-Dry
15.92827657,-19.152771,LA1,2009-09-12,10:20:00 AM,10:20:00,Hot-Dry
15.92706807,-19.15704753,LA1,2009-09-12,10:40:00 AM,10:40:00,Hot-Dry
15.92689107,-19.15814209,LA1,2009-09-12,11:00:00 AM,11:00:00,Hot-Dry
15.92478129,-19.16496582,LA1,2009-09-12,11:20:00 AM,11:20:00,Hot-Dry
15.92592061,-19.16801147,LA1,2009-09-12,11:40:00 AM,11:40:00,Hot-Dry
15.92592468,-19.16792806,LA1,2009-09-12,12:00:00 PM,12:00:00,Hot-Dry
15.92581685,-19.16784465,LA1,2009-09-12,12:20:00 PM,12:20:00,Hot-Dry
15.92580668,-19.16783447,LA1,2009-09-12,12:40:00 PM,12:40:00,Hot-Dry
15.9259023,-19.16796468,LA1,2009-09-12,01:00:00 PM,13:00:00,Hot-Dry
15.92551676,-19.16832275,LA1,2009-09-12,01:20:00 PM,13:20:00,Hot-Dry
15.92352702,-19.17186279,LA1,2009-09-12,01:40:00 PM,13:40:00,Hot-Dry
15.92154948,-19.17353923,LA1,2009-09-12,02:00:00 PM,14:00:00,Hot-Dry
15.92155457,-19.17354126,LA1,2009-09-12,02:20:00 PM,14:20:00,Hot-Dry
15.92155151,-19.17353719,LA1,2009-09-12,02:40:00 PM,14:40:00,Hot-Dry
15.92103475,-19.17412109,LA1,2009-09-12,03:00:00 PM,15:00:00,Hot-Dry
15.92122599,-19.17564901,LA1,2009-09-12,03:20:00 PM,15:20:00,Hot-Dry
15.92165222,-19.17741903,LA1,2009-09-12,03:40:00 PM,15:40:00,Hot-Dry
15.92105713,-19.18118286,LA1,2009-09-12,04:00:00 PM,16:00:00,Hot-Dry
15.9159495,-19.18089193,LA1,2009-09-12,04:20:00 PM,16:20:00,Hot-Dry
15.91406453,-19.17952474,LA1,2009-09-12,04:40:00 PM,16:40:00,Hot-Dry
15.910495,-19.17723999,LA1,2009-09-12,05:00:00 PM,17:00:00,Hot-Dry
15.90916138,-19.17582194,LA1,2009-09-12,05:20:00 PM,17:20:00,Hot-Dry
15.90878805,-19.17570394,LA1,2009-09-12,05:40:00 PM,17:40:00,Hot-Dry
15.90753276,-19.174587,LA1,2009-09-12,06:00:00 PM,18:00:00,Hot-Dry
15.90709025,-19.17415975,LA1,2009-09-12,06:20:00 PM,18:20:00,Hot-Dry
15.9061259,-19.17199097,LA1,2009-09-12,06:40:00 PM,18:40:00,Hot-Dry
15.90486348,-19.17077026,LA1,2009-09-12,07:00:00 PM,19:00:00,Hot-Dry
15.90481873,-19.1700175,LA1,2009-09-12,07:20:00 PM,19:20:00,Hot-Dry
15.90594482,-19.16813761,LA1,2009-09-12,07:40:00 PM,19:40:00,Hot-Dry
15.90477193,-19.16494954,LA1,2009-09-12,08:00:00 PM,20:00:00,Hot-Dry
15.90464986,-19.16397502,LA1,2009-09-12,08:20:00 PM,20:20:00,Hot-Dry
15.90466919,-19.16336873,LA1,2009-09-12,08:40:00 PM,20:40:00,Hot-Dry
15.90478923,-19.16317342,LA1,2009-09-12,09:00:00 PM,21:00:00,Hot-Dry
15.90478516,-19.16103719,LA1,2009-09-12,09:20:00 PM,21:20:00,Hot-Dry
15.90493876,-19.16038615,LA1,2009-09-12,09:40:00 PM,21:40:00,Hot-Dry
15.90637614,-19.15696818,LA1,2009-09-12,10:00:00 PM,22:00:00,Hot-Dry
15.90688782,-19.15447998,LA1,2009-09-12,10:20:00 PM,22:20:00,Hot-Dry
15.90826314,-19.14971313,LA1,2009-09-12,10:40:00 PM,22:40:00,Hot-Dry
15.90841471,-19.14749756,LA1,2009-09-12,11:00:00 PM,23:00:00,Hot-Dry
15.90843302,-19.14564819,LA1,2009-09-12,11:20:00 PM,23:20:00,Hot-Dry
15.90910848,-19.13994751,LA1,2009-09-12,11:40:00 PM,23:40:00,Hot-Dry
15.91093445,-19.13751221,LA1,2009-09-13,12:00:48 AM,00:00:00,Hot-Dry
15.91113281,-19.13725586,LA1,2009-09-13,12:20:48 AM,00:20:00,Hot-Dry
15.91113892,-19.13725382,LA1,2009-09-13,12:40:48 AM,00:40:00,Hot-Dry
15.91114807,-19.13637492,LA1,2009-09-13,01:00:48 AM,01:00:00,Hot-Dry
15.91026611,-19.13392131,LA1,2009-09-13,01:20:48 AM,01:20:00,Hot-Dry
15.9101593,-19.1337382,LA1,2009-09-13,01:40:48 AM,01:40:00,Hot-Dry
15.91017761,-19.13371989,LA1,2009-09-13,02:00:48 AM,02:00:00,Hot-Dry
15.90951335,-19.1326355,LA1,2009-09-13,02:20:48 AM,02:20:00,Hot-Dry
15.90914205,-19.13049316,LA1,2009-09-13,02:40:48 AM,02:40:00,Hot-Dry
15.90736593,-19.12641805,LA1,2009-09-13,03:00:48 AM,03:00:00,Hot-Dry
15.9056783,-19.12079061,LA1,2009-09-13,03:20:48 AM,03:20:00,Hot-Dry
15.90561218,-19.11640625,LA1,2009-09-13,03:40:48 AM,03:40:00,Hot-Dry
15.90495911,-19.1150411,LA1,2009-09-13,04:00:48 AM,04:00:00,Hot-Dry
15.90394694,-19.11333822,LA1,2009-09-13,04:20:48 AM,04:20:00,Hot-Dry
15.90358582,-19.11298218,LA1,2009-09-13,04:40:48 AM,04:40:00,Hot-Dry
15.90359701,-19.11263835,LA1,2009-09-13,05:00:48 AM,05:00:00,Hot-Dry
15.90360209,-19.11264852,LA1,2009-09-13,05:20:48 AM,05:20:00,Hot-Dry
15.9036204,-19.11262817,LA1,2009-09-13,05:40:48 AM,05:40:00,Hot-Dry
15.90363973,-19.11262614,LA1,2009-09-13,06:00:48 AM,06:00:00,Hot-Dry
15.90364278,-19.11264038,LA1,2009-09-13,06:20:48 AM,06:20:00,Hot-Dry
15.9036377,-19.11264852,LA1,2009-09-13,06:40:48 AM,06:40:00,Hot-Dry
15.90362956,-19.11266276,LA1,2009-09-13,07:00:48 AM,07:00:00,Hot-Dry
15.90363871,-19.11262207,LA1,2009-09-13,07:20:48 AM,07:20:00,Hot-Dry
15.90359192,-19.11258952,LA1,2009-09-13,07:40:48 AM,07:40:00,Hot-Dry
15.90434265,-19.11223755,LA1,2009-09-13,08:00:48 AM,08:00:00,Hot-Dry
15.90455831,-19.11199951,LA1,2009-09-13,08:20:48 AM,08:20:00,Hot-Dry
15.90420125,-19.11198527,LA1,2009-09-13,08:40:48 AM,08:40:00,Hot-Dry
15.90405986,-19.11192017,LA1,2009-09-13,09:00:48 AM,09:00:00,Hot-Dry
15.90390828,-19.1116984,LA1,2009-09-13,09:20:49 AM,09:20:00,Hot-Dry
15.9039032,-19.11170654,LA1,2009-09-13,09:40:48 AM,09:40:00,Hot-Dry
15.90355021,-19.11207682,LA1,2009-09-13,10:00:48 AM,10:00:00,Hot-Dry
15.90356038,-19.11230876,LA1,2009-09-13,10:20:48 AM,10:20:00,Hot-Dry
15.9035553,-19.11233114,LA1,2009-09-13,10:40:48 AM,10:40:00,Hot-Dry
15.90355123,-19.11231283,LA1,2009-09-13,11:00:48 AM,11:00:00,Hot-Dry
15.90355937,-19.11233521,LA1,2009-09-13,11:20:48 AM,11:20:00,Hot-Dry
15.90357259,-19.11235555,LA1,2009-09-13,11:40:48 AM,11:40:00,Hot-Dry
15.90357666,-19.11236776,LA1,2009-09-13,12:00:48 PM,12:00:00,Hot-Dry
15.90368551,-19.11236369,LA1,2009-09-13,12:20:48 PM,12:20:00,Hot-Dry
15.90369161,-19.11237793,LA1,2009-09-13,12:40:48 PM,12:40:00,Hot-Dry
15.90369975,-19.11233927,LA1,2009-09-13,01:00:48 PM,13:00:00,Hot-Dry
15.90371501,-19.11232503,LA1,2009-09-13,01:20:48 PM,13:20:00,Hot-Dry
15.90369161,-19.11234945,LA1,2009-09-13,01:40:48 PM,13:40:00,Hot-Dry
15.90327555,-19.11218262,LA1,2009-09-13,02:00:48 PM,14:00:00,Hot-Dry
15.90273336,-19.11190796,LA1,2009-09-13,02:20:48 PM,14:20:00,Hot-Dry
15.90273031,-19.11188151,LA1,2009-09-13,02:40:48 PM,14:40:00,Hot-Dry
15.90269979,-19.11183879,LA1,2009-09-13,03:00:48 PM,15:00:00,Hot-Dry
15.90268453,-19.1118042,LA1,2009-09-13,03:20:48 PM,15:20:00,Hot-Dry
15.90265096,-19.11175944,LA1,2009-09-13,03:40:48 PM,15:40:00,Hot-Dry
15.90263774,-19.11172892,LA1,2009-09-13,04:00:48 PM,16:00:00,Hot-Dry
15.90259298,-19.11137695,LA1,2009-09-13,04:20:48 PM,16:20:00,Hot-Dry
15.90261434,-19.11143188,LA1,2009-09-13,04:40:48 PM,16:40:00,Hot-Dry
15.9024943,-19.11141764,LA1,2009-09-13,05:00:48 PM,17:00:00,Hot-Dry
15.90253805,-19.11152547,LA1,2009-09-13,05:20:48 PM,17:20:00,Hot-Dry
15.90259705,-19.11162923,LA1,2009-09-13,05:40:48 PM,17:40:00,Hot-Dry
15.90261129,-19.11189372,LA1,2009-09-13,06:00:48 PM,18:00:00,Hot-Dry
15.90259196,-19.11185303,LA1,2009-09-13,06:20:48 PM,18:20:00,Hot-Dry
15.90261739,-19.1118571,LA1,2009-09-13,06:40:48 PM,18:40:00,Hot-Dry
15.90255941,-19.11184082,LA1,2009-09-13,07:00:48 PM,19:00:00,Hot-Dry
15.90255432,-19.11183675,LA1,2009-09-13,07:20:48 PM,19:20:00,Hot-Dry
15.9026123,-19.11187134,LA1,2009-09-13,07:40:48 PM,19:40:00,Hot-Dry
15.90258382,-19.11187337,LA1,2009-09-13,08:00:48 PM,20:00:00,Hot-Dry
15.9026001,-19.11187744,LA1,2009-09-13,08:20:48 PM,20:20:00,Hot-Dry
15.90258687,-19.11187541,LA1,2009-09-13,08:40:48 PM,20:40:00,Hot-Dry
15.90260518,-19.11185913,LA1,2009-09-13,09:00:48 PM,21:00:00,Hot-Dry
15.90256348,-19.11185506,LA1,2009-09-13,09:20:48 PM,21:20:00,Hot-Dry
15.90257568,-19.11188151,LA1,2009-09-13,09:40:48 PM,21:40:00,Hot-Dry
15.90261332,-19.1119161,LA1,2009-09-13,10:00:48 PM,22:00:00,Hot-Dry
15.90263163,-19.11189575,LA1,2009-09-13,10:20:48 PM,22:20:00,Hot-Dry
15.90264384,-19.11188558,LA1,2009-09-13,10:40:48 PM,22:40:00,Hot-Dry
15.90263163,-19.11189372,LA1,2009-09-13,11:00:48 PM,23:00:00,Hot-Dry
15.90267741,-19.11190389,LA1,2009-09-13,11:20:48 PM,23:20:00,Hot-Dry
15.90270691,-19.11176147,LA1,2009-09-13,11:40:48 PM,23:40:00,Hot-Dry
15.90382894,-19.11229858,LA1,2009-09-14,12:00:48 AM,00:00:00,Hot-Dry
15.90457357,-19.11284993,LA1,2009-09-14,12:20:48 AM,00:20:00,Hot-Dry
15.9046051,-19.11310832,LA1,2009-09-14,12:40:48 AM,00:40:00,Hot-Dry
15.90458374,-19.11351522,LA1,2009-09-14,01:00:48 AM,01:00:00,Hot-Dry
15.90456441,-19.11385498,LA1,2009-09-14,01:20:48 AM,01:20:00,Hot-Dry
15.9046936,-19.11480509,LA1,2009-09-14,01:40:48 AM,01:40:00,Hot-Dry
15.90340474,-19.11932983,LA1,2009-09-14,02:00:48 AM,02:00:00,Hot-Dry
15.90108032,-19.12651774,LA1,2009-09-14,02:20:48 AM,02:20:00,Hot-Dry
15.90107931,-19.12654826,LA1,2009-09-14,02:40:48 AM,02:40:00,Hot-Dry
15.90127665,-19.13217163,LA1,2009-09-14,03:00:48 AM,03:00:00,Hot-Dry
15.89872233,-19.1394043,LA1,2009-09-14,03:20:48 AM,03:20:00,Hot-Dry
15.89746195,-19.14788818,LA1,2009-09-14,03:40:48 AM,03:40:00,Hot-Dry
15.89546611,-19.1524821,LA1,2009-09-14,04:00:48 AM,04:00:00,Hot-Dry
15.89565531,-19.15586955,LA1,2009-09-14,04:20:48 AM,04:20:00,Hot-Dry
15.89632365,-19.1598877,LA1,2009-09-14,04:40:48 AM,04:40:00,Hot-Dry
15.90157572,-19.1664388,LA1,2009-09-14,05:00:48 AM,05:00:00,Hot-Dry
15.90909729,-19.17392375,LA1,2009-09-14,05:20:48 AM,05:20:00,Hot-Dry
15.91594238,-19.18087565,LA1,2009-09-14,05:40:48 AM,05:40:00,Hot-Dry
15.91596171,-19.18085734,LA1,2009-09-14,06:00:48 AM,06:00:00,Hot-Dry
15.91596883,-19.180896,LA1,2009-09-14,06:20:48 AM,06:20:00,Hot-Dry
15.91595154,-19.18086751,LA1,2009-09-14,06:40:48 AM,06:40:00,Hot-Dry
15.9159495,-19.18089803,LA1,2009-09-14,07:00:48 AM,07:00:00,Hot-Dry
15.91597087,-19.18087972,LA1,2009-09-14,07:20:48 AM,07:20:00,Hot-Dry
15.91597392,-19.180896,LA1,2009-09-14,07:40:48 AM,07:40:00,Hot-Dry
15.91595357,-19.18085938,LA1,2009-09-14,08:00:48 AM,08:00:00,Hot-Dry
15.91382751,-19.17943726,LA1,2009-09-14,08:20:48 AM,08:20:00,Hot-Dry
15.91012777,-19.17660929,LA1,2009-09-14,08:40:48 AM,08:40:00,Hot-Dry
15.91016846,-19.1765564,LA1,2009-09-14,09:00:48 AM,09:00:00,Hot-Dry
15.9101237,-19.17654012,LA1,2009-09-14,09:20:48 AM,09:20:00,Hot-Dry
15.91002604,-19.1761495,LA1,2009-09-14,09:40:48 AM,09:40:00,Hot-Dry
15.91008097,-19.17588908,LA1,2009-09-14,10:00:49 AM,10:00:00,Hot-Dry
15.91007589,-19.17586263,LA1,2009-09-14,10:20:48 AM,10:20:00,Hot-Dry
15.91052653,-19.17591349,LA1,2009-09-14,10:40:48 AM,10:40:00,Hot-Dry
15.91121114,-19.1761495,LA1,2009-09-14,11:00:48 AM,11:00:00,Hot-Dry
15.91303101,-19.17844035,LA1,2009-09-14,11:20:48 AM,11:20:00,Hot-Dry
15.91596781,-19.18088379,LA1,2009-09-14,11:40:48 AM,11:40:00,Hot-Dry
15.91596273,-19.18090413,LA1,2009-09-14,12:00:48 PM,12:00:00,Hot-Dry
15.91590678,-19.18085327,LA1,2009-09-14,12:20:49 PM,12:20:00,Hot-Dry
15.91585999,-19.18088786,LA1,2009-09-14,12:40:48 PM,12:40:00,Hot-Dry
15.91581828,-19.180837,LA1,2009-09-14,01:00:48 PM,13:00:00,Hot-Dry
15.91584269,-19.18078206,LA1,2009-09-14,01:20:48 PM,13:20:00,Hot-Dry
15.91284587,-19.17712199,LA1,2009-09-14,01:40:48 PM,13:40:00,Hot-Dry
15.91172282,-19.17194214,LA1,2009-09-14,02:00:48 PM,14:00:00,Hot-Dry
15.91110636,-19.17044271,LA1,2009-09-14,02:20:48 PM,14:20:00,Hot-Dry
15.91038513,-19.1686381,LA1,2009-09-14,02:40:48 PM,14:40:00,Hot-Dry
15.91021322,-19.16796061,LA1,2009-09-14,03:00:48 PM,15:00:00,Hot-Dry
15.90937195,-19.16674601,LA1,2009-09-14,03:20:48 PM,15:20:00,Hot-Dry
15.90907288,-19.16568604,LA1,2009-09-14,03:40:48 PM,15:40:00,Hot-Dry
15.90775859,-19.16382243,LA1,2009-09-14,04:00:48 PM,16:00:00,Hot-Dry
15.90584819,-19.16284383,LA1,2009-09-14,04:20:48 PM,16:20:00,Hot-Dry
15.90101624,-19.16081136,LA1,2009-09-14,04:40:48 PM,16:40:00,Hot-Dry
15.89780375,-19.15955607,LA1,2009-09-14,05:00:48 PM,17:00:00,Hot-Dry
15.89675293,-19.15937703,LA1,2009-09-14,05:20:48 PM,17:20:00,Hot-Dry
15.89555054,-19.15800374,LA1,2009-09-14,05:40:48 PM,17:40:00,Hot-Dry
15.89538778,-19.15764364,LA1,2009-09-14,06:00:48 PM,18:00:00,Hot-Dry
15.89537252,-19.15620931,LA1,2009-09-14,06:20:48 PM,18:20:00,Hot-Dry
15.89681905,-19.15498861,LA1,2009-09-14,06:40:48 PM,18:40:00,Hot-Dry
15.89839274,-19.15383911,LA1,2009-09-14,07:00:48 PM,19:00:00,Hot-Dry
15.89825643,-19.15013021,LA1,2009-09-14,07:20:48 PM,19:20:00,Hot-Dry
15.90024312,-19.14286906,LA1,2009-09-14,07:40:48 PM,19:40:00,Hot-Dry
15.90068359,-19.14060669,LA1,2009-09-14,08:00:48 PM,20:00:00,Hot-Dry
15.90093486,-19.13907674,LA1,2009-09-14,08:20:48 PM,20:20:00,Hot-Dry
15.90038961,-19.13220418,LA1,2009-09-14,08:40:48 PM,20:40:00,Hot-Dry
15.90120239,-19.12659709,LA1,2009-09-14,09:00:48 PM,21:00:00,Hot-Dry
15.90120646,-19.12663574,LA1,2009-09-14,09:20:48 PM,21:20:00,Hot-Dry
15.90116272,-19.12660116,LA1,2009-09-14,09:40:48 PM,21:40:00,Hot-Dry
15.90114441,-19.12660726,LA1,2009-09-14,10:00:48 PM,22:00:00,Hot-Dry
15.90113932,-19.1266154,LA1,2009-09-14,10:20:48 PM,22:20:00,Hot-Dry
15.90140788,-19.12600098,LA1,2009-09-14,10:40:48 PM,22:40:00,Hot-Dry
15.90043844,-19.12358602,LA1,2009-09-14,11:00:48 PM,23:00:00,Hot-Dry
15.90168457,-19.11714274,LA1,2009-09-14,11:20:48 PM,23:20:00,Hot-Dry
15.90295308,-19.11541748,LA1,2009-09-14,11:40:48 PM,23:40:00,Hot-Dry
15.90317891,-19.11473796,LA1,2009-09-15,12:00:48 AM,00:00:00,Hot-Dry
15.90269877,-19.11324463,LA1,2009-09-15,12:20:49 AM,00:20:00,Hot-Dry
15.90274862,-19.11317139,LA1,2009-09-15,12:40:48 AM,00:40:00,Hot-Dry
15.90290324,-19.1130188,LA1,2009-09-15,01:00:48 AM,01:00:00,Hot-Dry
15.90272217,-19.11247762,LA1,2009-09-15,01:20:48 AM,01:20:00,Hot-Dry
15.90264384,-19.11218669,LA1,2009-09-15,01:40:48 AM,01:40:00,Hot-Dry
15.90263163,-19.11185099,LA1,2009-09-15,02:00:48 AM,02:00:00,Hot-Dry
15.9031311,-19.11028035,LA1,2009-09-15,02:20:48 AM,02:20:00,Hot-Dry
15.90192871,-19.10842896,LA1,2009-09-15,02:40:48 AM,02:40:00,Hot-Dry
15.9019694,-19.10838623,LA1,2009-09-15,03:00:48 AM,03:00:00,Hot-Dry
15.90195414,-19.1083842,LA1,2009-09-15,03:20:48 AM,03:20:00,Hot-Dry
15.90152486,-19.10863037,LA1,2009-09-15,03:40:48 AM,03:40:00,Hot-Dry
15.90202738,-19.10767415,LA1,2009-09-15,04:00:48 AM,04:00:00,Hot-Dry
15.90201925,-19.10761312,LA1,2009-09-15,04:20:48 AM,04:20:00,Hot-Dry
15.90202942,-19.10760701,LA1,2009-09-15,04:40:48 AM,04:40:00,Hot-Dry
15.90208028,-19.10761922,LA1,2009-09-15,05:00:48 AM,05:00:00,Hot-Dry
15.90201111,-19.10760498,LA1,2009-09-15,05:20:48 AM,05:20:00,Hot-Dry
15.90201518,-19.10761108,LA1,2009-09-15,05:40:48 AM,05:40:00,Hot-Dry
15.90191447,-19.1075826,LA1,2009-09-15,06:00:48 AM,06:00:00,Hot-Dry
15.90181885,-19.10765381,LA1,2009-09-15,06:20:48 AM,06:20:00,Hot-Dry
15.901828,-19.10770671,LA1,2009-09-15,06:40:48 AM,06:40:00,Hot-Dry
15.90185649,-19.10772909,LA1,2009-09-15,07:00:48 AM,07:00:00,Hot-Dry
15.90152181,-19.10897217,LA1,2009-09-15,07:20:48 AM,07:20:00,Hot-Dry
15.90158081,-19.10930176,LA1,2009-09-15,07:40:48 AM,07:40:00,Hot-Dry
15.90167338,-19.10941162,LA1,2009-09-15,08:00:48 AM,08:00:00,Hot-Dry
15.90313721,-19.11021322,LA1,2009-09-15,08:20:48 AM,08:20:00,Hot-Dry
15.90320943,-19.11003621,LA1,2009-09-15,08:40:48 AM,08:40:00,Hot-Dry
15.9032196,-19.10998942,LA1,2009-09-15,09:00:48 AM,09:00:00,Hot-Dry
15.9047994,-19.10831299,LA1,2009-09-15,09:20:48 AM,09:20:00,Hot-Dry
15.90497335,-19.10823771,LA1,2009-09-15,09:40:48 AM,09:40:00,Hot-Dry
15.90556742,-19.10785319,LA1,2009-09-15,10:00:48 AM,10:00:00,Hot-Dry
15.90566915,-19.10745443,LA1,2009-09-15,10:20:48 AM,10:20:00,Hot-Dry
15.90566203,-19.10750326,LA1,2009-09-15,10:40:48 AM,10:40:00,Hot-Dry
15.90559387,-19.10879924,LA1,2009-09-15,11:00:48 AM,11:00:00,Hot-Dry
15.90549418,-19.11056722,LA1,2009-09-15,11:20:48 AM,11:20:00,Hot-Dry
15.90550334,-19.11056519,LA1,2009-09-15,11:40:48 AM,11:40:00,Hot-Dry
15.90547485,-19.11054891,LA1,2009-09-15,12:00:48 PM,12:00:00,Hot-Dry
15.90550741,-19.11068319,LA1,2009-09-15,12:20:48 PM,12:20:00,Hot-Dry
15.90575358,-19.11334432,LA1,2009-09-15,12:40:48 PM,12:40:00,Hot-Dry
15.90465088,-19.11598307,LA1,2009-09-15,01:00:48 PM,13:00:00,Hot-Dry
15.904658,-19.11598918,LA1,2009-09-15,01:20:48 PM,13:20:00,Hot-Dry
15.90491842,-19.11669718,LA1,2009-09-15,01:40:48 PM,13:40:00,Hot-Dry
15.90323385,-19.12316895,LA1,2009-09-15,02:00:48 PM,14:00:00,Hot-Dry
15.90129496,-19.12647298,LA1,2009-09-15,02:20:48 PM,14:20:00,Hot-Dry
15.9012797,-19.12646281,LA1,2009-09-15,02:40:48 PM,14:40:00,Hot-Dry
15.90126953,-19.12645467,LA1,2009-09-15,03:00:48 PM,15:00:00,Hot-Dry
15.90122172,-19.12656657,LA1,2009-09-15,03:20:48 PM,15:20:00,Hot-Dry
15.90113831,-19.12659709,LA1,2009-09-15,03:40:48 PM,15:40:00,Hot-Dry
15.90106913,-19.12654012,LA1,2009-09-15,04:00:48 PM,16:00:00,Hot-Dry
15.90106201,-19.13092041,LA1,2009-09-15,04:20:48 PM,16:20:00,Hot-Dry
15.90068563,-19.1322347,LA1,2009-09-15,04:40:48 PM,16:40:00,Hot-Dry
15.89907227,-19.13649292,LA1,2009-09-15,05:00:48 PM,17:00:00,Hot-Dry
15.89576416,-19.14294434,LA1,2009-09-15,05:20:48 PM,17:20:00,Hot-Dry
15.89242859,-19.14764404,LA1,2009-09-15,05:40:48 PM,17:40:00,Hot-Dry
15.89281514,-19.15047201,LA1,2009-09-15,06:00:48 PM,18:00:00,Hot-Dry
15.89287618,-19.15101318,LA1,2009-09-15,06:20:48 PM,18:20:00,Hot-Dry
15.8929362,-19.15114746,LA1,2009-09-15,06:40:48 PM,18:40:00,Hot-Dry
15.89351095,-19.15245565,LA1,2009-09-15,07:00:48 PM,19:00:00,Hot-Dry
15.89374288,-19.15346476,LA1,2009-09-15,07:20:48 PM,19:20:00,Hot-Dry
15.89377136,-19.15435791,LA1,2009-09-15,07:40:48 PM,19:40:00,Hot-Dry
15.89371236,-19.15436198,LA1,2009-09-15,08:00:48 PM,20:00:00,Hot-Dry
15.89373271,-19.15446574,LA1,2009-09-15,08:20:48 PM,20:20:00,Hot-Dry
15.89373372,-19.15443115,LA1,2009-09-15,08:40:48 PM,20:40:00,Hot-Dry
15.89375203,-19.15442708,LA1,2009-09-15,09:00:48 PM,21:00:00,Hot-Dry
15.89367167,-19.15454305,LA1,2009-09-15,09:20:48 PM,21:20:00,Hot-Dry
15.89450785,-19.15537923,LA1,2009-09-15,09:40:48 PM,21:40:00,Hot-Dry
15.89565023,-19.15700684,LA1,2009-09-15,10:00:48 PM,22:00:00,Hot-Dry
15.89731954,-19.15912069,LA1,2009-09-15,10:20:48 PM,22:20:00,Hot-Dry
15.89880778,-19.16215007,LA1,2009-09-15,10:40:48 PM,22:40:00,Hot-Dry
15.89960327,-19.16296997,LA1,2009-09-15,11:00:48 PM,23:00:00,Hot-Dry
15.90194397,-19.16686198,LA1,2009-09-15,11:20:48 PM,23:20:00,Hot-Dry
15.90807292,-19.17321777,LA1,2009-09-15,11:40:48 PM,23:40:00,Hot-Dry
15.91504008,-19.18024292,LA1,2009-09-16,12:00:48 AM,00:00:00,Hot-Dry
15.91595154,-19.18104655,LA1,2009-09-16,12:20:48 AM,00:20:00,Hot-Dry
15.91964925,-19.18248088,LA1,2009-09-16,12:40:48 AM,00:40:00,Hot-Dry
15.92191162,-19.18126017,LA1,2009-09-16,01:00:48 AM,01:00:00,Hot-Dry
15.92309062,-19.17926025,LA1,2009-09-16,01:20:48 AM,01:20:00,Hot-Dry
15.92442729,-19.17809041,LA1,2009-09-16,01:40:48 AM,01:40:00,Hot-Dry
15.92902527,-19.17608643,LA1,2009-09-16,02:00:48 AM,02:00:00,Hot-Dry
15.93061523,-19.17552897,LA1,2009-09-16,02:20:48 AM,02:20:00,Hot-Dry
15.93110148,-19.17536214,LA1,2009-09-16,02:40:48 AM,02:40:00,Hot-Dry
15.93109334,-19.17537231,LA1,2009-09-16,03:00:48 AM,03:00:00,Hot-Dry
15.93111064,-19.17537435,LA1,2009-09-16,03:20:48 AM,03:20:00,Hot-Dry
15.9315033,-19.17526449,LA1,2009-09-16,03:40:48 AM,03:40:00,Hot-Dry
15.9315684,-19.17530518,LA1,2009-09-16,04:00:48 AM,04:00:00,Hot-Dry
15.93157552,-19.17531128,LA1,2009-09-16,04:20:48 AM,04:20:00,Hot-Dry
15.93271077,-19.17449341,LA1,2009-09-16,04:40:48 AM,04:40:00,Hot-Dry
15.93406881,-19.17368978,LA1,2009-09-16,05:00:48 AM,05:00:00,Hot-Dry
15.93482768,-19.17347819,LA1,2009-09-16,05:20:48 AM,05:20:00,Hot-Dry
15.93523254,-19.17334391,LA1,2009-09-16,05:40:48 AM,05:40:00,Hot-Dry
15.93589478,-19.17313436,LA1,2009-09-16,06:00:48 AM,06:00:00,Hot-Dry
15.93590698,-19.17312622,LA1,2009-09-16,06:20:49 AM,06:20:00,Hot-Dry
15.93617249,-19.17310588,LA1,2009-09-16,06:40:48 AM,06:40:00,Hot-Dry
15.9364858,-19.17318726,LA1,2009-09-16,07:00:48 AM,07:00:00,Hot-Dry
15.93644104,-19.17319539,LA1,2009-09-16,07:20:48 AM,07:20:00,Hot-Dry
15.93722534,-19.17361857,LA1,2009-09-16,07:40:48 AM,07:40:00,Hot-Dry
15.93767598,-19.1740153,LA1,2009-09-16,08:00:48 AM,08:00:00,Hot-Dry
15.93722432,-19.17432454,LA1,2009-09-16,08:20:48 AM,08:20:00,Hot-Dry
15.93710632,-19.17439372,LA1,2009-09-16,08:40:48 AM,08:40:00,Hot-Dry
15.9364919,-19.17433065,LA1,2009-09-16,09:00:48 AM,09:00:00,Hot-Dry
15.93646851,-19.17425537,LA1,2009-09-16,09:20:48 AM,09:20:00,Hot-Dry
15.93589172,-19.17462362,LA1,2009-09-16,09:40:48 AM,09:40:00,Hot-Dry
15.93345439,-19.17524211,LA1,2009-09-16,10:00:48 AM,10:00:00,Hot-Dry
15.93222656,-19.17573039,LA1,2009-09-16,10:20:48 AM,10:20:00,Hot-Dry
15.92717183,-19.17698161,LA1,2009-09-16,10:40:48 AM,10:40:00,Hot-Dry
15.92718404,-19.1770284,LA1,2009-09-16,11:00:48 AM,11:00:00,Hot-Dry
15.92348022,-19.17896322,LA1,2009-09-16,11:20:48 AM,11:20:00,Hot-Dry
15.91578878,-19.181309,LA1,2009-09-16,11:40:48 AM,11:40:00,Hot-Dry
15.91588338,-19.18086344,LA1,2009-09-16,12:00:48 PM,12:00:00,Hot-Dry
15.91585592,-19.18069458,LA1,2009-09-16,12:20:49 PM,12:20:00,Hot-Dry
15.91587118,-19.18085327,LA1,2009-09-16,12:40:48 PM,12:40:00,Hot-Dry
15.91598104,-19.18086955,LA1,2009-09-16,01:00:48 PM,13:00:00,Hot-Dry
15.91594747,-19.18089396,LA1,2009-09-16,01:20:48 PM,13:20:00,Hot-Dry
15.90787354,-19.17711182,LA1,2009-09-16,01:40:48 PM,13:40:00,Hot-Dry
15.90543722,-19.17644653,LA1,2009-09-16,02:00:48 PM,14:00:00,Hot-Dry
15.90498556,-19.17635091,LA1,2009-09-16,02:20:48 PM,14:20:00,Hot-Dry
15.90428975,-19.17615153,LA1,2009-09-16,02:40:48 PM,14:40:00,Hot-Dry
15.90413005,-19.17601318,LA1,2009-09-16,03:00:48 PM,15:00:00,Hot-Dry
15.9038269,-19.17581177,LA1,2009-09-16,03:20:48 PM,15:20:00,Hot-Dry
15.90363261,-19.17533162,LA1,2009-09-16,03:40:48 PM,15:40:00,Hot-Dry
15.90336405,-19.17514242,LA1,2009-09-16,04:00:48 PM,16:00:00,Hot-Dry
15.90334574,-19.17507121,LA1,2009-09-16,04:20:48 PM,16:20:00,Hot-Dry
15.90337219,-19.17457682,LA1,2009-09-16,04:40:48 PM,16:40:00,Hot-Dry
15.90315247,-19.17356567,LA1,2009-09-16,05:00:48 PM,17:00:00,Hot-Dry
15.90357971,-19.17304688,LA1,2009-09-16,05:20:48 PM,17:20:00,Hot-Dry
15.90414937,-19.17247111,LA1,2009-09-16,05:40:48 PM,17:40:00,Hot-Dry
15.90707499,-19.16999919,LA1,2009-09-16,06:00:48 PM,18:00:00,Hot-Dry
15.90914103,-19.16713664,LA1,2009-09-16,06:20:48 PM,18:20:00,Hot-Dry
15.90970256,-19.16661987,LA1,2009-09-16,06:40:48 PM,18:40:00,Hot-Dry
15.91023356,-19.16578776,LA1,2009-09-16,07:00:48 PM,19:00:00,Hot-Dry
15.91023254,-19.16578979,LA1,2009-09-16,07:20:48 PM,19:20:00,Hot-Dry
15.91089986,-19.16552734,LA1,2009-09-16,07:40:48 PM,19:40:00,Hot-Dry
15.91438497,-19.1663737,LA1,2009-09-16,08:00:48 PM,20:00:00,Hot-Dry
15.91641947,-19.1664266,LA1,2009-09-16,08:20:48 PM,20:20:00,Hot-Dry
15.91809184,-19.16643066,LA1,2009-09-16,08:40:48 PM,20:40:00,Hot-Dry
15.92050374,-19.16619466,LA1,2009-09-16,09:00:48 PM,21:00:00,Hot-Dry
15.92538147,-19.16500244,LA1,2009-09-16,09:20:48 PM,21:20:00,Hot-Dry
15.92825623,-19.1649882,LA1,2009-09-16,09:40:48 PM,21:40:00,Hot-Dry
15.93094177,-19.1651123,LA1,2009-09-16,10:00:48 PM,22:00:00,Hot-Dry
15.93203023,-19.16489868,LA1,2009-09-16,10:20:48 PM,22:20:00,Hot-Dry
15.93200582,-19.16492106,LA1,2009-09-16,10:40:48 PM,22:40:00,Hot-Dry
15.93276774,-19.1648234,LA1,2009-09-16,11:00:48 PM,23:00:00,Hot-Dry
15.93277486,-19.16484782,LA1,2009-09-16,11:20:48 PM,23:20:00,Hot-Dry
15.93303528,-19.16482137,LA1,2009-09-16,11:40:49 PM,23:40:00,Hot-Dry
15.93311259,-19.16478475,LA1,2009-09-17,12:00:48 AM,00:00:00,Hot-Dry
15.93320516,-19.16466471,LA1,2009-09-17,12:20:49 AM,00:20:00,Hot-Dry
15.9331248,-19.16462606,LA1,2009-09-17,12:40:48 AM,00:40:00,Hot-Dry
15.93317261,-19.16463826,LA1,2009-09-17,01:00:48 AM,01:00:00,Hot-Dry
15.93318787,-19.16466675,LA1,2009-09-17,01:20:48 AM,01:20:00,Hot-Dry
15.93316549,-19.16464437,LA1,2009-09-17,01:40:48 AM,01:40:00,Hot-Dry
15.93314514,-19.16462606,LA1,2009-09-17,02:00:48 AM,02:00:00,Hot-Dry
15.93323263,-19.16481527,LA1,2009-09-17,02:20:48 AM,02:20:00,Hot-Dry
15.93327128,-19.16480916,LA1,2009-09-17,02:40:49 AM,02:40:00,Hot-Dry
15.93321737,-19.16482951,LA1,2009-09-17,03:00:48 AM,03:00:00,Hot-Dry
15.93323568,-19.16482137,LA1,2009-09-17,03:20:48 AM,03:20:00,Hot-Dry
15.93321025,-19.16483154,LA1,2009-09-17,03:40:48 AM,03:40:00,Hot-Dry
15.93327738,-19.16484782,LA1,2009-09-17,04:00:48 AM,04:00:00,Hot-Dry
15.93328451,-19.16488444,LA1,2009-09-17,04:20:48 AM,04:20:00,Hot-Dry
15.9333547,-19.16503703,LA1,2009-09-17,04:40:48 AM,04:40:00,Hot-Dry
15.93330587,-19.16502075,LA1,2009-09-17,05:00:48 AM,05:00:00,Hot-Dry
15.93342285,-19.16503906,LA1,2009-09-17,05:20:48 AM,05:20:00,Hot-Dry
15.93367818,-19.16487834,LA1,2009-09-17,05:40:49 AM,05:40:00,Hot-Dry
15.93367513,-19.16484172,LA1,2009-09-17,06:00:48 AM,06:00:00,Hot-Dry
15.93456726,-19.16422933,LA1,2009-09-17,06:20:48 AM,06:20:00,Hot-Dry
15.93451945,-19.16407878,LA1,2009-09-17,06:40:48 AM,06:40:00,Hot-Dry
15.93442179,-19.16406453,LA1,2009-09-17,07:00:48 AM,07:00:00,Hot-Dry
15.93442891,-19.16416219,LA1,2009-09-17,07:20:48 AM,07:20:00,Hot-Dry
15.93439636,-19.16452637,LA1,2009-09-17,07:40:48 AM,07:40:00,Hot-Dry
15.93426514,-19.16463826,LA1,2009-09-17,08:00:48 AM,08:00:00,Hot-Dry
15.93407593,-19.16488037,LA1,2009-09-17,08:20:48 AM,08:20:00,Hot-Dry
15.93383179,-19.16518555,LA1,2009-09-17,08:40:48 AM,08:40:00,Hot-Dry
15.93367208,-19.16554565,LA1,2009-09-17,09:00:48 AM,09:00:00,Hot-Dry
15.93365377,-19.16557414,LA1,2009-09-17,09:20:48 AM,09:20:00,Hot-Dry
15.93344625,-19.16718547,LA1,2009-09-17,09:40:48 AM,09:40:00,Hot-Dry
15.9333903,-19.16718953,LA1,2009-09-17,10:00:48 AM,10:00:00,Hot-Dry
15.93339132,-19.16724243,LA1,2009-09-17,10:20:48 AM,10:20:00,Hot-Dry
15.93088684,-19.16762085,LA1,2009-09-17,10:40:48 AM,10:40:00,Hot-Dry
15.92912292,-19.16815389,LA1,2009-09-17,11:00:48 AM,11:00:00,Hot-Dry
15.92765503,-19.16983032,LA1,2009-09-17,11:20:48 AM,11:20:00,Hot-Dry
15.92733358,-19.17079671,LA1,2009-09-17,11:40:48 AM,11:40:00,Hot-Dry
15.92574259,-19.17537842,LA1,2009-09-17,12:00:48 PM,12:00:00,Hot-Dry
15.92113139,-19.18109131,LA1,2009-09-17,12:20:48 PM,12:20:00,Hot-Dry
15.91575419,-19.18093669,LA1,2009-09-17,12:40:48 PM,12:40:00,Hot-Dry
15.91568604,-19.18070475,LA1,2009-09-17,01:00:48 PM,13:00:00,Hot-Dry
15.91595561,-19.18085327,LA1,2009-09-17,01:20:48 PM,13:20:00,Hot-Dry
15.9159139,-19.18087158,LA1,2009-09-17,01:40:48 PM,13:40:00,Hot-Dry
15.91593119,-19.18085124,LA1,2009-09-17,02:00:48 PM,14:00:00,Hot-Dry
15.91596273,-19.18090007,LA1,2009-09-17,02:20:48 PM,14:20:00,Hot-Dry
15.909493,-19.178184,LA1,2009-09-17,02:40:48 PM,14:40:00,Hot-Dry
15.90457865,-19.1762146,LA1,2009-09-17,03:00:48 PM,15:00:00,Hot-Dry
15.90362956,-19.17585653,LA1,2009-09-17,03:20:48 PM,15:20:00,Hot-Dry
15.90360616,-19.1757548,LA1,2009-09-17,03:40:48 PM,15:40:00,Hot-Dry
15.90332743,-19.17492065,LA1,2009-09-17,04:00:48 PM,16:00:00,Hot-Dry
15.903184,-19.17438151,LA1,2009-09-17,04:20:48 PM,16:20:00,Hot-Dry
15.90298055,-19.17300618,LA1,2009-09-17,04:40:48 PM,16:40:00,Hot-Dry
15.90364482,-19.17188924,LA1,2009-09-17,05:00:48 PM,17:00:00,Hot-Dry
15.90465698,-19.17038371,LA1,2009-09-17,05:20:48 PM,17:20:00,Hot-Dry
15.9083374,-19.16414998,LA1,2009-09-17,05:40:48 PM,17:40:00,Hot-Dry
15.90844116,-19.16380412,LA1,2009-09-17,06:00:48 PM,18:00:00,Hot-Dry
15.90847677,-19.162559,LA1,2009-09-17,06:20:48 PM,18:20:00,Hot-Dry
15.90866089,-19.16074422,LA1,2009-09-17,06:40:48 PM,18:40:00,Hot-Dry
15.90912374,-19.16027018,LA1,2009-09-17,07:00:48 PM,19:00:00,Hot-Dry
15.90908305,-19.15958049,LA1,2009-09-17,07:20:48 PM,19:20:00,Hot-Dry
15.90903727,-19.1591512,LA1,2009-09-17,07:40:48 PM,19:40:00,Hot-Dry
15.91133626,-19.15595296,LA1,2009-09-17,08:00:48 PM,20:00:00,Hot-Dry
15.9119873,-19.15508219,LA1,2009-09-17,08:20:48 PM,20:20:00,Hot-Dry
15.91329854,-19.15430705,LA1,2009-09-17,08:40:48 PM,20:40:00,Hot-Dry
15.913856,-19.15434367,LA1,2009-09-17,09:00:48 PM,21:00:00,Hot-Dry
15.91683451,-19.15093384,LA1,2009-09-17,09:20:48 PM,21:20:00,Hot-Dry
15.92205912,-19.14638468,LA1,2009-09-17,09:40:48 PM,21:40:00,Hot-Dry
15.92537537,-19.14289754,LA1,2009-09-17,10:00:48 PM,22:00:00,Hot-Dry
15.92555135,-19.14262288,LA1,2009-09-17,10:20:48 PM,22:20:00,Hot-Dry
15.92613932,-19.14235026,LA1,2009-09-17,10:40:48 PM,22:40:00,Hot-Dry
15.92612915,-19.1423584,LA1,2009-09-17,11:00:48 PM,23:00:00,Hot-Dry
15.92617289,-19.14234823,LA1,2009-09-17,11:20:48 PM,23:20:00,Hot-Dry
15.92707723,-19.1421346,LA1,2009-09-17,11:40:48 PM,23:40:00,Hot-Dry
15.92712708,-19.14211426,LA1,2009-09-18,12:00:48 AM,00:00:00,Hot-Dry
15.92718811,-19.14234212,LA1,2009-09-18,12:20:49 AM,00:20:00,Hot-Dry
15.92718201,-19.14233602,LA1,2009-09-18,12:40:48 AM,00:40:00,Hot-Dry
15.92714945,-19.14236857,LA1,2009-09-18,01:00:48 AM,01:00:00,Hot-Dry
15.92728068,-19.14248861,LA1,2009-09-18,01:20:48 AM,01:20:00,Hot-Dry
15.92724711,-19.14248657,LA1,2009-09-18,01:40:48 AM,01:40:00,Hot-Dry
15.92721456,-19.14251099,LA1,2009-09-18,02:00:48 AM,02:00:00,Hot-Dry
15.92723694,-19.14250488,LA1,2009-09-18,02:20:48 AM,02:20:00,Hot-Dry
15.92710775,-19.14246216,LA1,2009-09-18,02:40:55 AM,02:40:00,Hot-Dry
15.92726135,-19.14248657,LA1,2009-09-18,03:00:48 AM,03:00:00,Hot-Dry
15.92724304,-19.14242961,LA1,2009-09-18,03:20:48 AM,03:20:00,Hot-Dry
15.92721863,-19.1424235,LA1,2009-09-18,03:40:55 AM,03:40:00,Hot-Dry
15.92724202,-19.14246216,LA1,2009-09-18,04:00:48 AM,04:00:00,Hot-Dry
15.92724101,-19.14246419,LA1,2009-09-18,04:20:48 AM,04:20:00,Hot-Dry
15.92723999,-19.14245199,LA1,2009-09-18,04:40:49 AM,04:40:00,Hot-Dry
15.92724711,-19.14242554,LA1,2009-09-18,05:00:48 AM,05:00:00,Hot-Dry
15.92729899,-19.14245402,LA1,2009-09-18,05:20:48 AM,05:20:00,Hot-Dry
15.92728373,-19.14246419,LA1,2009-09-18,05:40:48 AM,05:40:00,Hot-Dry
15.92722473,-19.14262695,LA1,2009-09-18,06:00:48 AM,06:00:00,Hot-Dry
15.92723287,-19.14262288,LA1,2009-09-18,06:20:48 AM,06:20:00,Hot-Dry
15.92758077,-19.1425415,LA1,2009-09-18,06:40:48 AM,06:40:00,Hot-Dry
15.92787984,-19.14237061,LA1,2009-09-18,07:00:48 AM,07:00:00,Hot-Dry
15.92797343,-19.14234212,LA1,2009-09-18,07:20:48 AM,07:20:00,Hot-Dry
15.92797852,-19.14235433,LA1,2009-09-18,07:40:48 AM,07:40:00,Hot-Dry
15.92790222,-19.14212646,LA1,2009-09-18,08:00:48 AM,08:00:00,Hot-Dry
15.92779032,-19.14221802,LA1,2009-09-18,08:20:48 AM,08:20:00,Hot-Dry
15.92766622,-19.14226278,LA1,2009-09-18,08:40:48 AM,08:40:00,Hot-Dry
15.9281189,-19.14290161,LA1,2009-09-18,09:00:48 AM,09:00:00,Hot-Dry
15.92912598,-19.14309082,LA1,2009-09-18,09:20:48 AM,09:20:00,Hot-Dry
15.92969157,-19.14301758,LA1,2009-09-18,09:40:48 AM,09:40:00,Hot-Dry
15.92963969,-19.14358927,LA1,2009-09-18,10:00:48 AM,10:00:00,Hot-Dry
15.92978923,-19.14384766,LA1,2009-09-18,10:20:48 AM,10:20:00,Hot-Dry
15.92987569,-19.1437439,LA1,2009-09-18,10:40:48 AM,10:40:00,Hot-Dry
15.92989705,-19.14366659,LA1,2009-09-18,11:00:48 AM,11:00:00,Hot-Dry
15.92993774,-19.14374593,LA1,2009-09-18,11:20:48 AM,11:20:00,Hot-Dry
15.92994283,-19.1437561,LA1,2009-09-18,11:40:48 AM,11:40:00,Hot-Dry
15.92997945,-19.14376628,LA1,2009-09-18,12:00:48 PM,12:00:00,Hot-Dry
15.92996521,-19.14375814,LA1,2009-09-18,12:20:49 PM,12:20:00,Hot-Dry
15.92995911,-19.14377238,LA1,2009-09-18,12:40:48 PM,12:40:00,Hot-Dry
15.92996114,-19.14373983,LA1,2009-09-18,01:00:48 PM,13:00:00,Hot-Dry
15.93104858,-19.14432576,LA1,2009-09-18,01:20:48 PM,13:20:00,Hot-Dry
15.93105672,-19.14434204,LA1,2009-09-18,01:40:48 PM,13:40:00,Hot-Dry
15.9312795,-19.14442139,LA1,2009-09-18,02:00:48 PM,14:00:00,Hot-Dry
15.93481344,-19.1451416,LA1,2009-09-18,02:20:48 PM,14:20:00,Hot-Dry
15.93682048,-19.14510701,LA1,2009-09-18,02:40:48 PM,14:40:00,Hot-Dry
15.93813171,-19.14527791,LA1,2009-09-18,03:00:48 PM,15:00:00,Hot-Dry
15.94109395,-19.14453328,LA1,2009-09-18,03:20:48 PM,15:20:00,Hot-Dry
15.94170736,-19.14428101,LA1,2009-09-18,03:40:48 PM,15:40:00,Hot-Dry
15.94170329,-19.14427083,LA1,2009-09-18,04:00:48 PM,16:00:00,Hot-Dry
15.94170532,-19.14427287,LA1,2009-09-18,04:20:48 PM,16:20:00,Hot-Dry
15.9427714,-19.14433187,LA1,2009-09-18,04:40:48 PM,16:40:00,Hot-Dry
15.94386902,-19.14391479,LA1,2009-09-18,05:00:48 PM,17:00:00,Hot-Dry
15.94575806,-19.14349162,LA1,2009-09-18,05:20:48 PM,17:20:00,Hot-Dry
15.94573568,-19.14347941,LA1,2009-09-18,05:40:48 PM,17:40:00,Hot-Dry
15.94604899,-19.14360555,LA1,2009-09-18,06:00:48 PM,18:00:00,Hot-Dry
15.94683431,-19.14396769,LA1,2009-09-18,06:20:48 PM,18:20:00,Hot-Dry
15.94895528,-19.14458211,LA1,2009-09-18,06:40:48 PM,18:40:00,Hot-Dry
15.95285645,-19.14488525,LA1,2009-09-18,07:00:48 PM,19:00:00,Hot-Dry
15.95294495,-19.14518433,LA1,2009-09-18,07:20:48 PM,19:20:00,Hot-Dry
15.95367533,-19.14512126,LA1,2009-09-18,07:40:48 PM,19:40:00,Hot-Dry
15.9558665,-19.1449056,LA1,2009-09-18,08:00:48 PM,20:00:00,Hot-Dry
15.95855204,-19.14443359,LA1,2009-09-18,08:20:48 PM,20:20:00,Hot-Dry
15.95857544,-19.1440918,LA1,2009-09-18,08:40:48 PM,20:40:00,Hot-Dry
15.95906779,-19.14361776,LA1,2009-09-18,09:00:48 PM,21:00:00,Hot-Dry
15.95915934,-19.14426066,LA1,2009-09-18,09:20:48 PM,21:20:00,Hot-Dry
15.95975037,-19.14463094,LA1,2009-09-18,09:40:48 PM,21:40:00,Hot-Dry
15.95966695,-19.14486694,LA1,2009-09-18,10:00:48 PM,22:00:00,Hot-Dry
15.96033834,-19.14458008,LA1,2009-09-18,10:20:48 PM,22:20:00,Hot-Dry
15.96171366,-19.14215495,LA1,2009-09-18,10:40:48 PM,22:40:00,Hot-Dry
15.96178487,-19.14198405,LA1,2009-09-18,11:00:48 PM,23:00:00,Hot-Dry
15.96178182,-19.14198812,LA1,2009-09-18,11:20:48 PM,23:20:00,Hot-Dry
15.96179301,-19.14198812,LA1,2009-09-18,11:40:48 PM,23:40:00,Hot-Dry
15.96177572,-19.14199422,LA1,2009-09-19,12:00:48 AM,00:00:00,Hot-Dry
15.96181234,-19.14197591,LA1,2009-09-19,12:20:49 AM,00:20:00,Hot-Dry
15.96182048,-19.14198201,LA1,2009-09-19,12:40:48 AM,00:40:00,Hot-Dry
15.96181641,-19.14196981,LA1,2009-09-19,01:00:48 AM,01:00:00,Hot-Dry
15.96184184,-19.14200643,LA1,2009-09-19,01:20:48 AM,01:20:00,Hot-Dry
15.96182861,-19.14197184,LA1,2009-09-19,01:40:48 AM,01:40:00,Hot-Dry
15.96199036,-19.14185384,LA1,2009-09-19,02:00:48 AM,02:00:00,Hot-Dry
15.96275431,-19.14122314,LA1,2009-09-19,02:20:48 AM,02:20:00,Hot-Dry
15.9639801,-19.14106445,LA1,2009-09-19,02:40:48 AM,02:40:00,Hot-Dry
15.96462301,-19.14112752,LA1,2009-09-19,03:00:48 AM,03:00:00,Hot-Dry
15.96494751,-19.14114583,LA1,2009-09-19,03:20:48 AM,03:20:00,Hot-Dry
15.96536255,-19.14132894,LA1,2009-09-19,03:40:48 AM,03:40:00,Hot-Dry
15.96598612,-19.14152629,LA1,2009-09-19,04:00:48 AM,04:00:00,Hot-Dry
15.96612549,-19.14164225,LA1,2009-09-19,04:20:48 AM,04:20:00,Hot-Dry
15.9673818,-19.14206136,LA1,2009-09-19,04:40:48 AM,04:40:00,Hot-Dry
15.96755778,-19.14198405,LA1,2009-09-19,05:00:48 AM,05:00:00,Hot-Dry
15.97322286,-19.14470418,LA1,2009-09-19,05:20:48 AM,05:20:00,Hot-Dry
15.98376973,-19.153125,LA1,2009-09-19,05:40:48 AM,05:40:00,Hot-Dry
15.99343262,-19.16177775,LA1,2009-09-19,06:00:48 AM,06:00:00,Hot-Dry
15.99583333,-19.16317139,LA1,2009-09-19,06:20:48 AM,06:20:00,Hot-Dry
15.99581095,-19.16318156,LA1,2009-09-19,06:40:48 AM,06:40:00,Hot-Dry
15.99584859,-19.16310221,LA1,2009-09-19,07:00:48 AM,07:00:00,Hot-Dry
15.99583639,-19.16311442,LA1,2009-09-19,07:20:48 AM,07:20:00,Hot-Dry
15.99405721,-19.16865641,LA1,2009-09-19,07:40:48 AM,07:40:00,Hot-Dry
15.99151103,-19.17211711,LA1,2009-09-19,08:00:48 AM,08:00:00,Hot-Dry
15.9911672,-19.1741984,LA1,2009-09-19,08:20:48 AM,08:20:00,Hot-Dry
15.99131368,-19.17453003,LA1,2009-09-19,08:40:48 AM,08:40:00,Hot-Dry
15.99167684,-19.17438761,LA1,2009-09-19,09:00:48 AM,09:00:00,Hot-Dry
15.99170227,-19.17436727,LA1,2009-09-19,09:20:48 AM,09:20:00,Hot-Dry
15.9918986,-19.17423096,LA1,2009-09-19,09:40:48 AM,09:40:00,Hot-Dry
15.99193115,-19.17457886,LA1,2009-09-19,10:00:48 AM,10:00:00,Hot-Dry
15.99188741,-19.17461344,LA1,2009-09-19,10:20:48 AM,10:20:00,Hot-Dry
15.99222717,-19.17420654,LA1,2009-09-19,10:40:48 AM,10:40:00,Hot-Dry
15.99247335,-19.17337036,LA1,2009-09-19,11:00:48 AM,11:00:00,Hot-Dry
15.99217326,-19.17283122,LA1,2009-09-19,11:20:48 AM,11:20:00,Hot-Dry
15.99164937,-19.17143555,LA1,2009-09-19,11:40:48 AM,11:40:00,Hot-Dry
15.99174601,-19.17074178,LA1,2009-09-19,12:00:48 PM,12:00:00,Hot-Dry
15.99194336,-19.16985677,LA1,2009-09-19,12:20:49 PM,12:20:00,Hot-Dry
15.99240316,-19.16891886,LA1,2009-09-19,12:40:48 PM,12:40:00,Hot-Dry
15.99583232,-19.16311646,LA1,2009-09-19,01:00:48 PM,13:00:00,Hot-Dry
15.99584147,-19.16312052,LA1,2009-09-19,01:20:48 PM,13:20:00,Hot-Dry
15.99579264,-19.16308187,LA1,2009-09-19,01:40:48 PM,13:40:00,Hot-Dry
15.99574585,-19.16310832,LA1,2009-09-19,02:00:48 PM,14:00:00,Hot-Dry
15.99574585,-19.1631429,LA1,2009-09-19,02:20:48 PM,14:20:00,Hot-Dry
15.99577942,-19.16312052,LA1,2009-09-19,02:40:48 PM,14:40:00,Hot-Dry
15.99582214,-19.16311239,LA1,2009-09-19,03:00:48 PM,15:00:00,Hot-Dry
15.98916016,-19.16253255,LA1,2009-09-19,03:20:48 PM,15:20:00,Hot-Dry
15.98625793,-19.16328939,LA1,2009-09-19,03:40:48 PM,15:40:00,Hot-Dry
15.98450928,-19.16313883,LA1,2009-09-19,04:00:48 PM,16:00:00,Hot-Dry
15.98117574,-19.1625529,LA1,2009-09-19,04:20:48 PM,16:20:00,Hot-Dry
15.97976685,-19.16275838,LA1,2009-09-19,04:40:48 PM,16:40:00,Hot-Dry
15.97890727,-19.1630127,LA1,2009-09-19,05:00:48 PM,17:00:00,Hot-Dry
15.97674866,-19.16359456,LA1,2009-09-19,05:20:48 PM,17:20:00,Hot-Dry
15.97421672,-19.16350708,LA1,2009-09-19,05:40:48 PM,17:40:00,Hot-Dry
15.9738088,-19.16342367,LA1,2009-09-19,06:00:48 PM,18:00:00,Hot-Dry
15.97037557,-19.16294759,LA1,2009-09-19,06:20:48 PM,18:20:00,Hot-Dry
15.97017517,-19.16306356,LA1,2009-09-19,06:40:48 PM,18:40:00,Hot-Dry
15.97012838,-19.1631429,LA1,2009-09-19,07:00:48 PM,19:00:00,Hot-Dry
15.97007751,-19.16316325,LA1,2009-09-19,07:20:48 PM,19:20:00,Hot-Dry
15.96991984,-19.1634196,LA1,2009-09-19,07:40:48 PM,19:40:00,Hot-Dry
15.96983846,-19.16370036,LA1,2009-09-19,08:00:48 PM,20:00:00,Hot-Dry
15.96971842,-19.16389364,LA1,2009-09-19,08:20:48 PM,20:20:00,Hot-Dry
15.9695109,-19.16405843,LA1,2009-09-19,08:40:48 PM,20:40:00,Hot-Dry
15.9694224,-19.16450602,LA1,2009-09-19,09:00:48 PM,21:00:00,Hot-Dry
15.96955872,-19.16496989,LA1,2009-09-19,09:20:48 PM,21:20:00,Hot-Dry
15.9695872,-19.16502075,LA1,2009-09-19,09:40:48 PM,21:40:00,Hot-Dry
15.96964722,-19.16512451,LA1,2009-09-19,10:00:48 PM,22:00:00,Hot-Dry
15.96960754,-19.16515706,LA1,2009-09-19,10:20:48 PM,22:20:00,Hot-Dry
15.96958618,-19.16522013,LA1,2009-09-19,10:40:48 PM,22:40:00,Hot-Dry
15.96943258,-19.16629639,LA1,2009-09-19,11:00:48 PM,23:00:00,Hot-Dry
15.9688914,-19.16671549,LA1,2009-09-19,11:20:49 PM,23:20:00,Hot-Dry
15.96877136,-19.16682332,LA1,2009-09-19,11:40:48 PM,23:40:00,Hot-Dry
15.96859436,-19.16698812,LA1,2009-09-20,12:00:48 AM,00:00:00,Hot-Dry
15.96838888,-19.16711426,LA1,2009-09-20,12:20:49 AM,00:20:00,Hot-Dry
15.96836446,-19.16707153,LA1,2009-09-20,12:40:48 AM,00:40:00,Hot-Dry
15.9682078,-19.1671285,LA1,2009-09-20,01:00:48 AM,01:00:00,Hot-Dry
15.96825256,-19.1671346,LA1,2009-09-20,01:20:48 AM,01:20:00,Hot-Dry
15.9682017,-19.1671346,LA1,2009-09-20,01:40:48 AM,01:40:00,Hot-Dry
15.96819661,-19.16713257,LA1,2009-09-20,02:00:48 AM,02:00:00,Hot-Dry
15.96821594,-19.16713053,LA1,2009-09-20,02:20:48 AM,02:20:00,Hot-Dry
15.96823832,-19.16713053,LA1,2009-09-20,02:40:48 AM,02:40:00,Hot-Dry
15.96817627,-19.16716715,LA1,2009-09-20,03:00:49 AM,03:00:00,Hot-Dry
15.96817627,-19.16713053,LA1,2009-09-20,03:20:48 AM,03:20:00,Hot-Dry
15.96818441,-19.16710409,LA1,2009-09-20,03:40:48 AM,03:40:00,Hot-Dry
15.96822001,-19.1671285,LA1,2009-09-20,04:00:48 AM,04:00:00,Hot-Dry
15.96819865,-19.16714681,LA1,2009-09-20,04:20:48 AM,04:20:00,Hot-Dry
15.96822001,-19.16719564,LA1,2009-09-20,04:40:48 AM,04:40:00,Hot-Dry
15.96818136,-19.16715088,LA1,2009-09-20,05:00:48 AM,05:00:00,Hot-Dry
15.96812439,-19.16714071,LA1,2009-09-20,05:20:48 AM,05:20:00,Hot-Dry
15.9681132,-19.16703898,LA1,2009-09-20,05:40:48 AM,05:40:00,Hot-Dry
15.96792094,-19.16695964,LA1,2009-09-20,06:00:48 AM,06:00:00,Hot-Dry
15.96787415,-19.16713867,LA1,2009-09-20,06:20:48 AM,06:20:00,Hot-Dry
15.96789856,-19.16714478,LA1,2009-09-20,06:40:48 AM,06:40:00,Hot-Dry
15.96784465,-19.1671814,LA1,2009-09-20,07:00:48 AM,07:00:00,Hot-Dry
15.96786397,-19.16723226,LA1,2009-09-20,07:20:48 AM,07:20:00,Hot-Dry
15.96808879,-19.1674113,LA1,2009-09-20,07:40:48 AM,07:40:00,Hot-Dry
15.9684316,-19.16773885,LA1,2009-09-20,08:00:48 AM,08:00:00,Hot-Dry
15.96857808,-19.16795654,LA1,2009-09-20,08:20:48 AM,08:20:00,Hot-Dry
15.96920064,-19.1679362,LA1,2009-09-20,08:40:48 AM,08:40:00,Hot-Dry
15.96977844,-19.16768799,LA1,2009-09-20,09:00:48 AM,09:00:00,Hot-Dry
15.97300313,-19.16618245,LA1,2009-09-20,09:20:48 AM,09:20:00,Hot-Dry
15.97705587,-19.1653422,LA1,2009-09-20,09:40:48 AM,09:40:00,Hot-Dry
15.97810059,-19.16511841,LA1,2009-09-20,10:00:48 AM,10:00:00,Hot-Dry
15.98072815,-19.16508993,LA1,2009-09-20,10:20:48 AM,10:20:00,Hot-Dry
15.98267721,-19.1655009,LA1,2009-09-20,10:40:48 AM,10:40:00,Hot-Dry
15.98527222,-19.165566,LA1,2009-09-20,11:00:48 AM,11:00:00,Hot-Dry
15.99446106,-19.16394043,LA1,2009-09-20,11:20:48 AM,11:20:00,Hot-Dry
15.99584045,-19.16311239,LA1,2009-09-20,11:40:48 AM,11:40:00,Hot-Dry
15.99583028,-19.16311239,LA1,2009-09-20,12:00:48 PM,12:00:00,Hot-Dry
15.9958252,-19.16308594,LA1,2009-09-20,12:20:49 PM,12:20:00,Hot-Dry
15.9958313,-19.16309204,LA1,2009-09-20,12:40:48 PM,12:40:00,Hot-Dry
15.99575399,-19.16308797,LA1,2009-09-20,01:00:48 PM,13:00:00,Hot-Dry
15.99571025,-19.16306559,LA1,2009-09-20,01:20:48 PM,13:20:00,Hot-Dry
15.99579468,-19.16312663,LA1,2009-09-20,01:40:48 PM,13:40:00,Hot-Dry
15.99580994,-19.1631368,LA1,2009-09-20,02:00:48 PM,14:00:00,Hot-Dry
15.99580078,-19.16313883,LA1,2009-09-20,02:20:48 PM,14:20:00,Hot-Dry
15.99581604,-19.16311239,LA1,2009-09-20,02:40:48 PM,14:40:00,Hot-Dry
15.99579468,-19.16312663,LA1,2009-09-20,03:00:48 PM,15:00:00,Hot-Dry
15.99592794,-19.16324056,LA1,2009-09-20,03:20:48 PM,15:20:00,Hot-Dry
15.99579163,-19.16315308,LA1,2009-09-20,03:40:48 PM,15:40:00,Hot-Dry
15.98654887,-19.16495158,LA1,2009-09-20,04:00:48 PM,16:00:00,Hot-Dry
15.98527629,-19.16479899,LA1,2009-09-20,04:20:48 PM,16:20:00,Hot-Dry
15.98522441,-19.16470133,LA1,2009-09-20,04:40:48 PM,16:40:00,Hot-Dry
15.98424072,-19.16455282,LA1,2009-09-20,05:00:48 PM,17:00:00,Hot-Dry
15.98209635,-19.16578573,LA1,2009-09-20,05:20:48 PM,17:20:00,Hot-Dry
15.98168233,-19.16587728,LA1,2009-09-20,05:40:48 PM,17:40:00,Hot-Dry
15.98099874,-19.16569417,LA1,2009-09-20,06:00:48 PM,18:00:00,Hot-Dry
15.97932129,-19.16508382,LA1,2009-09-20,06:20:48 PM,18:20:00,Hot-Dry
15.97497762,-19.16570028,LA1,2009-09-20,06:40:48 PM,18:40:00,Hot-Dry
15.97249858,-19.16531169,LA1,2009-09-20,07:00:48 PM,19:00:00,Hot-Dry
15.96906942,-19.16590373,LA1,2009-09-20,07:20:48 PM,19:20:00,Hot-Dry
15.96906433,-19.16592814,LA1,2009-09-20,07:40:48 PM,19:40:00,Hot-Dry
15.96902364,-19.16592407,LA1,2009-09-20,08:00:48 PM,20:00:00,Hot-Dry
15.96891174,-19.16608073,LA1,2009-09-20,08:20:48 PM,20:20:00,Hot-Dry
15.96890259,-19.16606649,LA1,2009-09-20,08:40:48 PM,20:40:00,Hot-Dry
15.96890361,-19.16608276,LA1,2009-09-20,09:00:48 PM,21:00:00,Hot-Dry
15.96884969,-19.16616618,LA1,2009-09-20,09:20:48 PM,21:20:00,Hot-Dry
15.96845907,-19.16603597,LA1,2009-09-20,09:40:48 PM,21:40:00,Hot-Dry
15.96694743,-19.16588338,LA1,2009-09-20,10:00:48 PM,22:00:00,Hot-Dry
15.96630046,-19.1658488,LA1,2009-09-20,10:20:48 PM,22:20:00,Hot-Dry
15.96528727,-19.16555786,LA1,2009-09-20,10:40:48 PM,22:40:00,Hot-Dry
15.96458537,-19.16533,LA1,2009-09-20,11:00:48 PM,23:00:00,Hot-Dry
15.96415304,-19.16537476,LA1,2009-09-20,11:20:48 PM,23:20:00,Hot-Dry
15.96407471,-19.16526489,LA1,2009-09-20,11:40:48 PM,23:40:00,Hot-Dry
15.96412964,-19.16524048,LA1,2009-09-21,12:00:48 AM,00:00:00,Hot-Dry
15.96410522,-19.16526082,LA1,2009-09-21,12:20:48 AM,00:20:00,Hot-Dry
15.96384481,-19.16525879,LA1,2009-09-21,12:40:49 AM,00:40:00,Hot-Dry
15.96384176,-19.16530151,LA1,2009-09-21,01:00:48 AM,01:00:00,Hot-Dry
15.96384786,-19.16532593,LA1,2009-09-21,01:20:48 AM,01:20:00,Hot-Dry
15.96382141,-19.16534831,LA1,2009-09-21,01:40:48 AM,01:40:00,Hot-Dry
15.96384379,-19.16534831,LA1,2009-09-21,02:00:48 AM,02:00:00,Hot-Dry
15.96385701,-19.16531779,LA1,2009-09-21,02:20:48 AM,02:20:00,Hot-Dry
15.96388041,-19.16527303,LA1,2009-09-21,02:40:48 AM,02:40:00,Hot-Dry
15.96389262,-19.16525065,LA1,2009-09-21,03:00:48 AM,03:00:00,Hot-Dry
15.96384176,-19.16524658,LA1,2009-09-21,03:20:48 AM,03:20:00,Hot-Dry
15.96380819,-19.16527913,LA1,2009-09-21,03:40:48 AM,03:40:00,Hot-Dry
15.9638265,-19.16531372,LA1,2009-09-21,04:00:48 AM,04:00:00,Hot-Dry
15.96381734,-19.16537882,LA1,2009-09-21,04:20:48 AM,04:20:00,Hot-Dry
15.96363118,-19.16543172,LA1,2009-09-21,04:40:48 AM,04:40:00,Hot-Dry
15.96305745,-19.16539917,LA1,2009-09-21,05:00:48 AM,05:00:00,Hot-Dry
15.96261902,-19.16517131,LA1,2009-09-21,05:20:48 AM,05:20:00,Hot-Dry
15.96190898,-19.16534424,LA1,2009-09-21,05:40:48 AM,05:40:00,Hot-Dry
15.96038818,-19.16460775,LA1,2009-09-21,06:00:48 AM,06:00:00,Hot-Dry
15.95814412,-19.16359253,LA1,2009-09-21,06:20:48 AM,06:20:00,Hot-Dry
15.95630391,-19.1634257,LA1,2009-09-21,06:40:48 AM,06:40:00,Hot-Dry
15.95476074,-19.16364136,LA1,2009-09-21,07:00:48 AM,07:00:00,Hot-Dry
15.95112813,-19.16377157,LA1,2009-09-21,07:20:48 AM,07:20:00,Hot-Dry
15.95106303,-19.16370036,LA1,2009-09-21,07:40:48 AM,07:40:00,Hot-Dry
15.95018412,-19.1637146,LA1,2009-09-21,08:00:48 AM,08:00:00,Hot-Dry
15.94432983,-19.16382853,LA1,2009-09-21,08:20:48 AM,08:20:00,Hot-Dry
15.94417623,-19.16387939,LA1,2009-09-21,08:40:48 AM,08:40:00,Hot-Dry
15.93698018,-19.16522624,LA1,2009-09-21,09:00:48 AM,09:00:00,Hot-Dry
15.93340963,-19.16719971,LA1,2009-09-21,09:20:48 AM,09:20:00,Hot-Dry
15.92854411,-19.16840617,LA1,2009-09-21,09:40:48 AM,09:40:00,Hot-Dry
15.91872355,-19.16931966,LA1,2009-09-21,10:00:48 AM,10:00:00,Hot-Dry
15.91246541,-19.17511393,LA1,2009-09-21,10:20:48 AM,10:20:00,Hot-Dry
15.91597493,-19.18094686,LA1,2009-09-21,10:40:48 AM,10:40:00,Hot-Dry
15.91596476,-19.18089803,LA1,2009-09-21,11:00:48 AM,11:00:00,Hot-Dry
15.91570435,-19.18094686,LA1,2009-09-21,11:20:48 AM,11:20:00,Hot-Dry
15.91581116,-19.18082275,LA1,2009-09-21,11:40:55 AM,11:40:00,Hot-Dry
15.91594442,-19.18089193,LA1,2009-09-21,12:00:48 PM,12:00:00,Hot-Dry
15.91596578,-19.18088379,LA1,2009-09-21,12:20:48 PM,12:20:00,Hot-Dry
15.9159668,-19.18085734,LA1,2009-09-21,12:40:48 PM,12:40:00,Hot-Dry
15.91595459,-19.18085531,LA1,2009-09-21,01:00:48 PM,13:00:00,Hot-Dry
15.91597087,-19.18083903,LA1,2009-09-21,01:20:48 PM,13:20:00,Hot-Dry
15.91585999,-19.18103638,LA1,2009-09-21,01:40:48 PM,13:40:00,Hot-Dry
15.90966492,-19.17836914,LA1,2009-09-21,02:00:48 PM,14:00:00,Hot-Dry
15.90503133,-19.17787476,LA1,2009-09-21,02:20:48 PM,14:20:00,Hot-Dry
15.904894,-19.17753499,LA1,2009-09-21,02:40:48 PM,14:40:00,Hot-Dry
15.90454915,-19.17738444,LA1,2009-09-21,03:00:48 PM,15:00:00,Hot-Dry
15.90450033,-19.1772522,LA1,2009-09-21,03:20:48 PM,15:20:00,Hot-Dry
15.90337626,-19.17402954,LA1,2009-09-21,03:40:48 PM,15:40:00,Hot-Dry
15.90429179,-19.17224731,LA1,2009-09-21,04:00:48 PM,16:00:00,Hot-Dry
15.90673421,-19.16977743,LA1,2009-09-21,04:20:48 PM,16:20:00,Hot-Dry
15.90891825,-19.16610107,LA1,2009-09-21,04:40:48 PM,16:40:00,Hot-Dry
15.90953878,-19.16414795,LA1,2009-09-21,05:00:48 PM,17:00:00,Hot-Dry
15.9100474,-19.16348877,LA1,2009-09-21,05:20:48 PM,17:20:00,Hot-Dry
15.91048075,-19.16324259,LA1,2009-09-21,05:40:48 PM,17:40:00,Hot-Dry
15.91255188,-19.16171061,LA1,2009-09-21,06:00:48 PM,18:00:00,Hot-Dry
15.91304932,-19.16139119,LA1,2009-09-21,06:20:48 PM,18:20:00,Hot-Dry
15.91324361,-19.16086629,LA1,2009-09-21,06:40:48 PM,18:40:00,Hot-Dry
15.91725667,-19.15714315,LA1,2009-09-21,07:00:48 PM,19:00:00,Hot-Dry
15.92025553,-19.15513306,LA1,2009-09-21,07:20:48 PM,19:20:00,Hot-Dry
15.92347819,-19.15382284,LA1,2009-09-21,07:40:48 PM,19:40:00,Hot-Dry
15.92939555,-19.14863688,LA1,2009-09-21,08:00:48 PM,20:00:00,Hot-Dry
15.93287354,-19.14376424,LA1,2009-09-21,08:20:48 PM,20:20:00,Hot-Dry
15.93495789,-19.14326579,LA1,2009-09-21,08:40:48 PM,20:40:00,Hot-Dry
15.9349589,-19.14328003,LA1,2009-09-21,09:00:48 PM,21:00:00,Hot-Dry
15.93505046,-19.14335124,LA1,2009-09-21,09:20:48 PM,21:20:00,Hot-Dry
15.93565979,-19.14310303,LA1,2009-09-21,09:40:48 PM,21:40:00,Hot-Dry
15.93594869,-19.14309896,LA1,2009-09-21,10:00:48 PM,22:00:00,Hot-Dry
15.93706258,-19.14315796,LA1,2009-09-21,10:20:48 PM,22:20:00,Hot-Dry
15.93705851,-19.14315592,LA1,2009-09-21,10:40:48 PM,22:40:00,Hot-Dry
15.93851318,-19.14265951,LA1,2009-09-21,11:00:48 PM,23:00:00,Hot-Dry
15.93912964,-19.14274089,LA1,2009-09-21,11:20:48 PM,23:20:00,Hot-Dry
15.93949076,-19.14284058,LA1,2009-09-21,11:40:48 PM,23:40:00,Hot-Dry
15.93970642,-19.14306641,LA1,2009-09-22,12:00:48 AM,00:00:00,Hot-Dry
15.93998108,-19.14322306,LA1,2009-09-22,12:20:48 AM,00:20:00,Hot-Dry
15.94020996,-19.1432373,LA1,2009-09-22,12:40:48 AM,00:40:00,Hot-Dry
15.94127299,-19.14426066,LA1,2009-09-22,01:00:48 AM,01:00:00,Hot-Dry
15.94127401,-19.1442098,LA1,2009-09-22,01:20:48 AM,01:20:00,Hot-Dry
15.94127401,-19.14414673,LA1,2009-09-22,01:40:48 AM,01:40:00,Hot-Dry
15.94123128,-19.14421997,LA1,2009-09-22,02:00:48 AM,02:00:00,Hot-Dry
15.94122518,-19.14418742,LA1,2009-09-22,02:20:48 AM,02:20:00,Hot-Dry
15.94116414,-19.14419149,LA1,2009-09-22,02:40:48 AM,02:40:00,Hot-Dry
15.94120789,-19.14416097,LA1,2009-09-22,03:00:48 AM,03:00:00,Hot-Dry
15.9412323,-19.14418742,LA1,2009-09-22,03:20:48 AM,03:20:00,Hot-Dry
15.9412323,-19.14419556,LA1,2009-09-22,03:40:48 AM,03:40:00,Hot-Dry
15.94126078,-19.14423625,LA1,2009-09-22,04:00:48 AM,04:00:00,Hot-Dry
15.94128927,-19.14425049,LA1,2009-09-22,04:20:48 AM,04:20:00,Hot-Dry
15.94127909,-19.14424642,LA1,2009-09-22,04:40:48 AM,04:40:00,Hot-Dry
15.94140625,-19.14423421,LA1,2009-09-22,05:00:48 AM,05:00:00,Hot-Dry
15.94198812,-19.14442139,LA1,2009-09-22,05:20:48 AM,05:20:00,Hot-Dry
15.94255778,-19.14447021,LA1,2009-09-22,05:40:48 AM,05:40:00,Hot-Dry
15.9429067,-19.14436035,LA1,2009-09-22,06:00:48 AM,06:00:00,Hot-Dry
15.9431956,-19.1443807,LA1,2009-09-22,06:20:48 AM,06:20:00,Hot-Dry
15.94326681,-19.14430949,LA1,2009-09-22,06:40:48 AM,06:40:00,Hot-Dry
15.94411214,-19.14307658,LA1,2009-09-22,07:00:48 AM,07:00:00,Hot-Dry
15.94660136,-19.1428243,LA1,2009-09-22,07:20:48 AM,07:20:00,Hot-Dry
15.94654236,-19.14303589,LA1,2009-09-22,07:40:48 AM,07:40:00,Hot-Dry
15.94649862,-19.14327596,LA1,2009-09-22,08:00:48 AM,08:00:00,Hot-Dry
15.95163574,-19.14483439,LA1,2009-09-22,08:20:48 AM,08:20:00,Hot-Dry
15.95744222,-19.14423625,LA1,2009-09-22,08:40:48 AM,08:40:00,Hot-Dry
15.95873006,-19.14399414,LA1,2009-09-22,09:00:48 AM,09:00:00,Hot-Dry
15.95927531,-19.14372762,LA1,2009-09-22,09:20:48 AM,09:20:00,Hot-Dry
15.95892436,-19.14501139,LA1,2009-09-22,09:40:48 AM,09:40:00,Hot-Dry
15.95844218,-19.14813843,LA1,2009-09-22,10:00:48 AM,10:00:00,Hot-Dry
15.95758057,-19.14975789,LA1,2009-09-22,10:20:48 AM,10:20:00,Hot-Dry
15.95754191,-19.149823,LA1,2009-09-22,10:40:48 AM,10:40:00,Hot-Dry
15.95718791,-19.15104574,LA1,2009-09-22,11:00:48 AM,11:00:00,Hot-Dry
15.95701803,-19.15187174,LA1,2009-09-22,11:20:48 AM,11:20:00,Hot-Dry
15.95702413,-19.15186157,LA1,2009-09-22,11:40:48 AM,11:40:00,Hot-Dry
15.95704447,-19.15186157,LA1,2009-09-22,12:00:48 PM,12:00:00,Hot-Dry
15.95703125,-19.15186361,LA1,2009-09-22,12:20:49 PM,12:20:00,Hot-Dry
15.95702515,-19.15184937,LA1,2009-09-22,12:40:48 PM,12:40:00,Hot-Dry
15.95704753,-19.15185547,LA1,2009-09-22,01:00:48 PM,13:00:00,Hot-Dry
15.95703328,-19.15184733,LA1,2009-09-22,01:20:48 PM,13:20:00,Hot-Dry
15.95663859,-19.15248006,LA1,2009-09-22,01:40:48 PM,13:40:00,Hot-Dry
15.95646769,-19.15244954,LA1,2009-09-22,02:00:48 PM,14:00:00,Hot-Dry
15.9554484,-19.1554952,LA1,2009-09-22,02:20:48 PM,14:20:00,Hot-Dry
15.95458069,-19.15678507,LA1,2009-09-22,02:40:48 PM,14:40:00,Hot-Dry
15.95465902,-19.15680135,LA1,2009-09-22,03:00:48 PM,15:00:00,Hot-Dry
15.95397542,-19.1570638,LA1,2009-09-22,03:20:48 PM,15:20:00,Hot-Dry
15.95332642,-19.15748698,LA1,2009-09-22,03:40:48 PM,15:40:00,Hot-Dry
15.95248006,-19.15777995,LA1,2009-09-22,04:00:48 PM,16:00:00,Hot-Dry
15.95088501,-19.15884399,LA1,2009-09-22,04:20:48 PM,16:20:00,Hot-Dry
15.94883016,-19.16008911,LA1,2009-09-22,04:40:48 PM,16:40:00,Hot-Dry
15.94828796,-19.16034139,LA1,2009-09-22,05:00:48 PM,17:00:00,Hot-Dry
15.94811096,-19.16046346,LA1,2009-09-22,05:20:48 PM,17:20:00,Hot-Dry
15.94813334,-19.16047363,LA1,2009-09-22,05:40:48 PM,17:40:00,Hot-Dry
15.94623617,-19.1615743,LA1,2009-09-22,06:00:48 PM,18:00:00,Hot-Dry
15.94553935,-19.16212362,LA1,2009-09-22,06:20:48 PM,18:20:00,Hot-Dry
15.94411011,-19.16253866,LA1,2009-09-22,06:40:48 PM,18:40:00,Hot-Dry
15.94271037,-19.16311239,LA1,2009-09-22,07:00:48 PM,19:00:00,Hot-Dry
15.94003194,-19.16433716,LA1,2009-09-22,07:20:48 PM,19:20:00,Hot-Dry
15.93716227,-19.16515299,LA1,2009-09-22,07:40:48 PM,19:40:00,Hot-Dry
15.93546448,-19.16625977,LA1,2009-09-22,08:00:48 PM,20:00:00,Hot-Dry
15.93343608,-19.16719157,LA1,2009-09-22,08:20:48 PM,20:20:00,Hot-Dry
15.93126221,-19.1702596,LA1,2009-09-22,08:40:48 PM,20:40:00,Hot-Dry
15.93043213,-19.17081909,LA1,2009-09-22,09:00:48 PM,21:00:00,Hot-Dry
15.92926229,-19.17184041,LA1,2009-09-22,09:20:48 PM,21:20:00,Hot-Dry
15.92828471,-19.17434692,LA1,2009-09-22,09:40:48 PM,21:40:00,Hot-Dry
15.92637227,-19.17732544,LA1,2009-09-22,10:00:48 PM,22:00:00,Hot-Dry
15.9212677,-19.18096924,LA1,2009-09-22,10:20:48 PM,22:20:00,Hot-Dry
15.91592611,-19.18088786,LA1,2009-09-22,10:40:48 PM,22:40:00,Hot-Dry
15.91597087,-19.180896,LA1,2009-09-22,11:00:48 PM,23:00:00,Hot-Dry
15.91591288,-19.18104045,LA1,2009-09-22,11:20:48 PM,23:20:00,Hot-Dry
15.91598816,-19.18092041,LA1,2009-09-22,11:40:48 PM,23:40:00,Hot-Dry
15.91624146,-19.18291626,LA1,2009-09-23,12:00:48 AM,00:00:00,Hot-Dry
15.92185364,-19.18045451,LA1,2009-09-23,12:20:48 AM,00:20:00,Hot-Dry
15.92602641,-19.17751261,LA1,2009-09-23,12:40:48 AM,00:40:00,Hot-Dry
15.93038635,-19.17594604,LA1,2009-09-23,01:00:48 AM,01:00:00,Hot-Dry
15.93151449,-19.17577922,LA1,2009-09-23,01:20:48 AM,01:20:00,Hot-Dry
15.93331604,-19.17525024,LA1,2009-09-23,01:40:48 AM,01:40:00,Hot-Dry
15.93621521,-19.17433065,LA1,2009-09-23,02:00:48 AM,02:00:00,Hot-Dry
15.93621521,-19.17429606,LA1,2009-09-23,02:20:48 AM,02:20:00,Hot-Dry
15.93661804,-19.17400309,LA1,2009-09-23,02:40:48 AM,02:40:00,Hot-Dry
15.9372701,-19.17346802,LA1,2009-09-23,03:00:48 AM,03:00:00,Hot-Dry
15.93920797,-19.17321981,LA1,2009-09-23,03:20:48 AM,03:20:00,Hot-Dry
15.94409993,-19.17168376,LA1,2009-09-23,03:40:48 AM,03:40:00,Hot-Dry
15.94449972,-19.17172648,LA1,2009-09-23,04:00:48 AM,04:00:00,Hot-Dry
15.94498596,-19.17159424,LA1,2009-09-23,04:20:48 AM,04:20:00,Hot-Dry
15.94633077,-19.17103678,LA1,2009-09-23,04:40:48 AM,04:40:00,Hot-Dry
15.94661357,-19.17097575,LA1,2009-09-23,05:00:48 AM,05:00:00,Hot-Dry
15.94685771,-19.17083537,LA1,2009-09-23,05:20:48 AM,05:20:00,Hot-Dry
15.94865112,-19.16928711,LA1,2009-09-23,05:40:48 AM,05:40:00,Hot-Dry
15.94869588,-19.16922811,LA1,2009-09-23,06:00:48 AM,06:00:00,Hot-Dry
15.95058695,-19.16879069,LA1,2009-09-23,06:20:48 AM,06:20:00,Hot-Dry
15.95140177,-19.16845907,LA1,2009-09-23,06:40:48 AM,06:40:00,Hot-Dry
15.95142822,-19.16849162,LA1,2009-09-23,07:00:48 AM,07:00:00,Hot-Dry
15.951415,-19.16845907,LA1,2009-09-23,07:20:48 AM,07:20:00,Hot-Dry
15.95211182,-19.16807658,LA1,2009-09-23,07:40:48 AM,07:40:00,Hot-Dry
15.95211995,-19.16810303,LA1,2009-09-23,08:00:48 AM,08:00:00,Hot-Dry
15.95208842,-19.1681071,LA1,2009-09-23,08:20:48 AM,08:20:00,Hot-Dry
15.9504008,-19.16795654,LA1,2009-09-23,08:40:48 AM,08:40:00,Hot-Dry
15.94981283,-19.16772054,LA1,2009-09-23,09:00:48 AM,09:00:00,Hot-Dry
15.94930929,-19.16792399,LA1,2009-09-23,09:20:48 AM,09:20:00,Hot-Dry
15.94756368,-19.16811117,LA1,2009-09-23,09:40:48 AM,09:40:00,Hot-Dry
15.94555868,-19.16818644,LA1,2009-09-23,10:00:48 AM,10:00:00,Hot-Dry
15.94024658,-19.16777547,LA1,2009-09-23,10:20:48 AM,10:20:00,Hot-Dry
15.93402405,-19.16725871,LA1,2009-09-23,10:40:48 AM,10:40:00,Hot-Dry
15.93340454,-19.16723429,LA1,2009-09-23,11:00:48 AM,11:00:00,Hot-Dry
15.93338928,-19.16722616,LA1,2009-09-23,11:20:48 AM,11:20:00,Hot-Dry
15.93343506,-19.16721191,LA1,2009-09-23,11:40:48 AM,11:40:00,Hot-Dry
15.9334137,-19.16723429,LA1,2009-09-23,12:00:48 PM,12:00:00,Hot-Dry
15.93340556,-19.16719157,LA1,2009-09-23,12:20:48 PM,12:20:00,Hot-Dry
15.93341268,-19.16721395,LA1,2009-09-23,12:40:48 PM,12:40:00,Hot-Dry
15.93345846,-19.16717529,LA1,2009-09-23,01:00:48 PM,13:00:00,Hot-Dry
15.93348389,-19.16720174,LA1,2009-09-23,01:20:48 PM,13:20:00,Hot-Dry
15.93348287,-19.16720581,LA1,2009-09-23,01:40:48 PM,13:40:00,Hot-Dry
15.93350627,-19.16721802,LA1,2009-09-23,02:00:48 PM,14:00:00,Hot-Dry
15.93341064,-19.16720581,LA1,2009-09-23,02:20:48 PM,14:20:00,Hot-Dry
15.93377584,-19.16709391,LA1,2009-09-23,02:40:48 PM,14:40:00,Hot-Dry
15.93395386,-19.16706543,LA1,2009-09-23,03:00:48 PM,15:00:00,Hot-Dry
15.93370667,-19.16710002,LA1,2009-09-23,03:20:48 PM,15:20:00,Hot-Dry
15.93383789,-19.16631063,LA1,2009-09-23,03:40:48 PM,15:40:00,Hot-Dry
15.93417664,-19.16539103,LA1,2009-09-23,04:00:48 PM,16:00:00,Hot-Dry
15.93545431,-19.16427816,LA1,2009-09-23,04:20:48 PM,16:20:00,Hot-Dry
15.93642985,-19.16359253,LA1,2009-09-23,04:40:48 PM,16:40:00,Hot-Dry
15.93880514,-19.16268311,LA1,2009-09-23,05:00:48 PM,17:00:00,Hot-Dry
15.94010824,-19.16164958,LA1,2009-09-23,05:20:48 PM,17:20:00,Hot-Dry
15.94443868,-19.15828654,LA1,2009-09-23,05:40:48 PM,17:40:00,Hot-Dry
15.9452006,-19.15784709,LA1,2009-09-23,06:00:48 PM,18:00:00,Hot-Dry
15.94602559,-19.1577535,LA1,2009-09-23,06:20:48 PM,18:20:00,Hot-Dry
15.9466451,-19.15691935,LA1,2009-09-23,06:40:48 PM,18:40:00,Hot-Dry
15.94674581,-19.15679728,LA1,2009-09-23,07:00:48 PM,19:00:00,Hot-Dry
15.94709574,-19.1564209,LA1,2009-09-23,07:20:48 PM,19:20:00,Hot-Dry
15.94768677,-19.15501302,LA1,2009-09-23,07:40:48 PM,19:40:00,Hot-Dry
15.94754944,-19.15492961,LA1,2009-09-23,08:00:48 PM,20:00:00,Hot-Dry
15.94752299,-19.15491943,LA1,2009-09-23,08:20:48 PM,20:20:00,Hot-Dry
15.94742533,-19.15491536,LA1,2009-09-23,08:40:48 PM,20:40:00,Hot-Dry
15.94726868,-19.15439046,LA1,2009-09-23,09:00:48 PM,21:00:00,Hot-Dry
15.94770508,-19.15263672,LA1,2009-09-23,09:20:48 PM,21:20:00,Hot-Dry
15.94862671,-19.15200399,LA1,2009-09-23,09:40:48 PM,21:40:00,Hot-Dry
15.94864095,-19.15199788,LA1,2009-09-23,10:00:48 PM,22:00:00,Hot-Dry
15.94891256,-19.15211995,LA1,2009-09-23,10:20:48 PM,22:20:00,Hot-Dry
15.94898478,-19.1522522,LA1,2009-09-23,10:40:48 PM,22:40:00,Hot-Dry
15.94899292,-19.15233154,LA1,2009-09-23,11:00:48 PM,23:00:00,Hot-Dry
15.94895325,-19.15224609,LA1,2009-09-23,11:20:48 PM,23:20:00,Hot-Dry
15.94898071,-19.15223389,LA1,2009-09-23,11:40:48 PM,23:40:00,Hot-Dry
15.94898885,-19.1522522,LA1,2009-09-24,12:00:48 AM,00:00:00,Hot-Dry
15.94893392,-19.1522522,LA1,2009-09-24,12:20:49 AM,00:20:00,Hot-Dry
15.94892375,-19.1522522,LA1,2009-09-24,12:40:48 AM,00:40:00,Hot-Dry
15.94897359,-19.15228068,LA1,2009-09-24,01:00:48 AM,01:00:00,Hot-Dry
15.94901225,-19.15228271,LA1,2009-09-24,01:20:48 AM,01:20:00,Hot-Dry
15.94899292,-19.15222575,LA1,2009-09-24,01:40:48 AM,01:40:00,Hot-Dry
15.94901428,-19.15223999,LA1,2009-09-24,02:00:48 AM,02:00:00,Hot-Dry
15.94897868,-19.15225627,LA1,2009-09-24,02:20:48 AM,02:20:00,Hot-Dry
15.94895426,-19.15227458,LA1,2009-09-24,02:40:48 AM,02:40:00,Hot-Dry
15.94896037,-19.15227254,LA1,2009-09-24,03:00:48 AM,03:00:00,Hot-Dry
15.94897664,-19.15226847,LA1,2009-09-24,03:20:48 AM,03:20:00,Hot-Dry
15.94894918,-19.1522522,LA1,2009-09-24,03:40:48 AM,03:40:00,Hot-Dry
15.9489797,-19.15227254,LA1,2009-09-24,04:00:48 AM,04:00:00,Hot-Dry
15.94898987,-19.15227458,LA1,2009-09-24,04:20:48 AM,04:20:00,Hot-Dry
15.94908549,-19.1521993,LA1,2009-09-24,04:40:48 AM,04:40:00,Hot-Dry
15.94909261,-19.15218709,LA1,2009-09-24,05:00:48 AM,05:00:00,Hot-Dry
15.94934184,-19.15200602,LA1,2009-09-24,05:20:48 AM,05:20:00,Hot-Dry
15.94947815,-19.15193278,LA1,2009-09-24,05:40:48 AM,05:40:00,Hot-Dry
15.94951884,-19.15193685,LA1,2009-09-24,06:00:48 AM,06:00:00,Hot-Dry
15.95359497,-19.1509786,LA1,2009-09-24,06:20:48 AM,06:20:00,Hot-Dry
15.95489502,-19.14985148,LA1,2009-09-24,06:40:48 AM,06:40:00,Hot-Dry
15.95504456,-19.14979248,LA1,2009-09-24,07:00:48 AM,07:00:00,Hot-Dry
15.9553009,-19.14972738,LA1,2009-09-24,07:20:48 AM,07:20:00,Hot-Dry
15.95558167,-19.14960938,LA1,2009-09-24,07:40:48 AM,07:40:00,Hot-Dry
15.95727437,-19.14897461,LA1,2009-09-24,08:00:48 AM,08:00:00,Hot-Dry
15.95939941,-19.14662476,LA1,2009-09-24,08:20:48 AM,08:20:00,Hot-Dry
15.95947266,-19.14552612,LA1,2009-09-24,08:40:48 AM,08:40:00,Hot-Dry
15.95989075,-19.14524536,LA1,2009-09-24,09:00:49 AM,09:00:00,Hot-Dry
15.96134135,-19.14573568,LA1,2009-09-24,09:20:48 AM,09:20:00,Hot-Dry
15.9636851,-19.14721273,LA1,2009-09-24,09:40:48 AM,09:40:00,Hot-Dry
15.96611532,-19.14838664,LA1,2009-09-24,10:00:48 AM,10:00:00,Hot-Dry
15.96991374,-19.15311076,LA1,2009-09-24,10:20:48 AM,10:20:00,Hot-Dry
15.97799683,-19.15715129,LA1,2009-09-24,10:40:48 AM,10:40:00,Hot-Dry
15.98686625,-19.1616394,LA1,2009-09-24,11:00:48 AM,11:00:00,Hot-Dry
15.99605204,-19.16317546,LA1,2009-09-24,11:20:48 AM,11:20:00,Hot-Dry
15.99578247,-19.16312256,LA1,2009-09-24,11:40:48 AM,11:40:00,Hot-Dry
15.99581095,-19.16312459,LA1,2009-09-24,12:00:48 PM,12:00:00,Hot-Dry
15.99579264,-19.16352743,LA1,2009-09-24,12:20:48 PM,12:20:00,Hot-Dry
15.99582316,-19.16350911,LA1,2009-09-24,12:40:48 PM,12:40:00,Hot-Dry
15.99581909,-19.16350098,LA1,2009-09-24,01:00:48 PM,13:00:00,Hot-Dry
15.99582214,-19.16315308,LA1,2009-09-24,01:20:48 PM,13:20:00,Hot-Dry
15.99581807,-19.16315918,LA1,2009-09-24,01:40:48 PM,13:40:00,Hot-Dry
15.99583028,-19.16312052,LA1,2009-09-24,02:00:48 PM,14:00:00,Hot-Dry
15.99578756,-19.16314087,LA1,2009-09-24,02:20:48 PM,14:20:00,Hot-Dry
15.99127502,-19.16529541,LA1,2009-09-24,02:40:48 PM,14:40:00,Hot-Dry
15.98829346,-19.16817424,LA1,2009-09-24,03:00:48 PM,15:00:00,Hot-Dry
15.98802999,-19.1685262,LA1,2009-09-24,03:20:48 PM,15:20:00,Hot-Dry
15.98777568,-19.16882324,LA1,2009-09-24,03:40:48 PM,15:40:00,Hot-Dry
15.98636169,-19.16971639,LA1,2009-09-24,04:00:48 PM,16:00:00,Hot-Dry
15.9860321,-19.1698527,LA1,2009-09-24,04:20:48 PM,16:20:00,Hot-Dry
15.98444519,-19.17132772,LA1,2009-09-24,04:40:48 PM,16:40:00,Hot-Dry
15.98371989,-19.17393799,LA1,2009-09-24,05:00:48 PM,17:00:00,Hot-Dry
15.98391622,-19.17447713,LA1,2009-09-24,05:20:48 PM,17:20:00,Hot-Dry
15.98310852,-19.17711589,LA1,2009-09-24,05:40:48 PM,17:40:00,Hot-Dry
15.98285319,-19.17866618,LA1,2009-09-24,06:00:48 PM,18:00:00,Hot-Dry
15.98116353,-19.18029785,LA1,2009-09-24,06:20:48 PM,18:20:00,Hot-Dry
15.97971191,-19.18208618,LA1,2009-09-24,06:40:48 PM,18:40:00,Hot-Dry
15.97887065,-19.18570557,LA1,2009-09-24,07:00:48 PM,19:00:00,Hot-Dry
15.97872009,-19.18651733,LA1,2009-09-24,07:20:48 PM,19:20:00,Hot-Dry
15.97747599,-19.18788045,LA1,2009-09-24,07:40:48 PM,19:40:00,Hot-Dry
15.97700602,-19.18824056,LA1,2009-09-24,08:00:48 PM,20:00:00,Hot-Dry
15.97667847,-19.18928426,LA1,2009-09-24,08:20:48 PM,20:20:00,Hot-Dry
15.97719727,-19.19004313,LA1,2009-09-24,08:40:48 PM,20:40:00,Hot-Dry
15.97679036,-19.19057007,LA1,2009-09-24,09:00:48 PM,21:00:00,Hot-Dry
15.97694804,-19.19117228,LA1,2009-09-24,09:20:48 PM,21:20:00,Hot-Dry
15.97692261,-19.19116821,LA1,2009-09-24,09:40:48 PM,21:40:00,Hot-Dry
15.9768809,-19.19138794,LA1,2009-09-24,10:00:48 PM,22:00:00,Hot-Dry
15.97685445,-19.19140218,LA1,2009-09-24,10:20:48 PM,22:20:00,Hot-Dry
15.9772583,-19.19172974,LA1,2009-09-24,10:40:48 PM,22:40:00,Hot-Dry
15.97727661,-19.19175618,LA1,2009-09-24,11:00:48 PM,23:00:00,Hot-Dry
15.97732646,-19.19173177,LA1,2009-09-24,11:20:48 PM,23:20:00,Hot-Dry
15.97740682,-19.19266154,LA1,2009-09-24,11:40:48 PM,23:40:00,Hot-Dry
15.97759806,-19.19303385,LA1,2009-09-25,12:00:48 AM,00:00:00,Hot-Dry
15.9775767,-19.19319051,LA1,2009-09-25,12:20:49 AM,00:20:00,Hot-Dry
15.97755229,-19.19333903,LA1,2009-09-25,12:40:48 AM,00:40:00,Hot-Dry
15.97749939,-19.19338582,LA1,2009-09-25,01:00:48 AM,01:00:00,Hot-Dry
15.97742004,-19.19355469,LA1,2009-09-25,01:20:48 AM,01:20:00,Hot-Dry
15.97741292,-19.19399211,LA1,2009-09-25,01:40:48 AM,01:40:00,Hot-Dry
15.97709656,-19.19533285,LA1,2009-09-25,02:00:48 AM,02:00:00,Hot-Dry
15.97705078,-19.1951884,LA1,2009-09-25,02:20:48 AM,02:20:00,Hot-Dry
15.97701619,-19.19510905,LA1,2009-09-25,02:40:48 AM,02:40:00,Hot-Dry
15.97706502,-19.19513346,LA1,2009-09-25,03:01:00 AM,03:01:00,Hot-Dry
15.97705587,-19.19516602,LA1,2009-09-25,03:20:48 AM,03:20:00,Hot-Dry
15.97703857,-19.19512736,LA1,2009-09-25,03:40:48 AM,03:40:00,Hot-Dry
15.97703145,-19.19513143,LA1,2009-09-25,04:00:48 AM,04:00:00,Hot-Dry
15.97703756,-19.1951416,LA1,2009-09-25,04:20:48 AM,04:20:00,Hot-Dry
15.97702026,-19.19514364,LA1,2009-09-25,04:40:48 AM,04:40:00,Hot-Dry
15.97701416,-19.19510498,LA1,2009-09-25,05:00:48 AM,05:00:00,Hot-Dry
15.97708639,-19.19515177,LA1,2009-09-25,05:20:48 AM,05:20:00,Hot-Dry
15.9781484,-19.19573161,LA1,2009-09-25,05:40:48 AM,05:40:00,Hot-Dry
15.97947184,-19.19536336,LA1,2009-09-25,06:00:48 AM,06:00:00,Hot-Dry
15.97943115,-19.19525146,LA1,2009-09-25,06:20:48 AM,06:20:00,Hot-Dry
15.97950745,-19.19517008,LA1,2009-09-25,06:40:48 AM,06:40:00,Hot-Dry
15.97963562,-19.19501953,LA1,2009-09-25,07:00:48 AM,07:00:00,Hot-Dry
15.98323161,-19.19871419,LA1,2009-09-25,07:20:48 AM,07:20:00,Hot-Dry
15.98389791,-19.20108439,LA1,2009-09-25,07:40:48 AM,07:40:00,Hot-Dry
15.98395487,-19.20120443,LA1,2009-09-25,08:00:48 AM,08:00:00,Hot-Dry
15.98334249,-19.20379028,LA1,2009-09-25,08:20:48 AM,08:20:00,Hot-Dry
15.98353373,-19.20458984,LA1,2009-09-25,08:40:48 AM,08:40:00,Hot-Dry
15.98438416,-19.20372314,LA1,2009-09-25,09:00:48 AM,09:00:00,Hot-Dry
15.98412781,-19.2017395,LA1,2009-09-25,09:20:48 AM,09:20:00,Hot-Dry
15.98377787,-19.20079346,LA1,2009-09-25,09:40:48 AM,09:40:00,Hot-Dry
15.98386943,-19.20095825,LA1,2009-09-25,10:00:48 AM,10:00:00,Hot-Dry
15.98391418,-19.20092367,LA1,2009-09-25,10:20:48 AM,10:20:00,Hot-Dry
15.98387451,-19.20091756,LA1,2009-09-25,10:40:48 AM,10:40:00,Hot-Dry
15.98382467,-19.20095011,LA1,2009-09-25,11:00:48 AM,11:00:00,Hot-Dry
15.98243917,-19.19661662,LA1,2009-09-25,11:20:48 AM,11:20:00,Hot-Dry
15.98198446,-19.19588623,LA1,2009-09-25,11:40:48 AM,11:40:00,Hot-Dry
15.9819814,-19.19592489,LA1,2009-09-25,12:00:48 PM,12:00:00,Hot-Dry
15.98196208,-19.19591268,LA1,2009-09-25,12:20:49 PM,12:20:00,Hot-Dry
15.9816274,-19.19541219,LA1,2009-09-25,12:40:48 PM,12:40:00,Hot-Dry
15.98098958,-19.19471436,LA1,2009-09-25,01:00:48 PM,13:00:00,Hot-Dry
15.97961629,-19.19308472,LA1,2009-09-25,01:20:48 PM,13:20:00,Hot-Dry
15.97730001,-19.1899231,LA1,2009-09-25,01:40:48 PM,13:40:00,Hot-Dry
15.97687073,-19.18950195,LA1,2009-09-25,02:00:48 PM,14:00:00,Hot-Dry
15.97822774,-19.19036458,LA1,2009-09-25,02:20:48 PM,14:20:00,Hot-Dry
15.9808492,-19.19134318,LA1,2009-09-25,02:40:48 PM,14:40:00,Hot-Dry
15.98181458,-19.19173177,LA1,2009-09-25,03:00:48 PM,15:00:00,Hot-Dry
15.98475545,-19.19205933,LA1,2009-09-25,03:20:48 PM,15:20:00,Hot-Dry
15.98822632,-19.19230957,LA1,2009-09-25,03:40:48 PM,15:40:00,Hot-Dry
15.989387,-19.19267578,LA1,2009-09-25,04:00:48 PM,16:00:00,Hot-Dry
15.99109701,-19.19246419,LA1,2009-09-25,04:20:48 PM,16:20:00,Hot-Dry
15.99510295,-19.19331462,LA1,2009-09-25,04:40:48 PM,16:40:00,Hot-Dry
15.99579773,-19.19455973,LA1,2009-09-25,05:00:48 PM,17:00:00,Hot-Dry
15.99528402,-19.19638468,LA1,2009-09-25,05:20:48 PM,17:20:00,Hot-Dry
15.99503581,-19.19631551,LA1,2009-09-25,05:40:48 PM,17:40:00,Hot-Dry
15.99516602,-19.19653117,LA1,2009-09-25,06:00:48 PM,18:00:00,Hot-Dry
15.99632365,-19.19682617,LA1,2009-09-25,06:20:48 PM,18:20:00,Hot-Dry
15.99665934,-19.19712931,LA1,2009-09-25,06:40:48 PM,18:40:00,Hot-Dry
15.99618937,-19.19827881,LA1,2009-09-25,07:00:48 PM,19:00:00,Hot-Dry
15.99610799,-19.19947713,LA1,2009-09-25,07:20:48 PM,19:20:00,Hot-Dry
15.995401,-19.20054118,LA1,2009-09-25,07:40:48 PM,19:40:00,Hot-Dry
15.99510701,-19.20111694,LA1,2009-09-25,08:00:48 PM,20:00:00,Hot-Dry
15.99378255,-19.20217692,LA1,2009-09-25,08:20:48 PM,20:20:00,Hot-Dry
15.98875326,-19.20443929,LA1,2009-09-25,08:40:48 PM,20:40:00,Hot-Dry
15.98584696,-19.20614421,LA1,2009-09-25,09:00:48 PM,21:00:00,Hot-Dry
15.97854614,-19.21207886,LA1,2009-09-25,09:20:48 PM,21:20:00,Hot-Dry
15.9717926,-19.22141724,LA1,2009-09-25,09:40:48 PM,21:40:00,Hot-Dry
15.97020162,-19.22586263,LA1,2009-09-25,10:00:48 PM,22:00:00,Hot-Dry
15.97117615,-19.22738851,LA1,2009-09-25,10:20:48 PM,22:20:00,Hot-Dry
15.97159526,-19.23282878,LA1,2009-09-25,10:40:48 PM,22:40:00,Hot-Dry
15.97200623,-19.23357544,LA1,2009-09-25,11:00:48 PM,23:00:00,Hot-Dry
15.97215373,-19.23391724,LA1,2009-09-25,11:20:48 PM,23:20:00,Hot-Dry
15.97216085,-19.23392537,LA1,2009-09-25,11:40:48 PM,23:40:00,Hot-Dry
15.97212524,-19.23390706,LA1,2009-09-26,12:00:48 AM,00:00:00,Hot-Dry
15.97211711,-19.23392944,LA1,2009-09-26,12:20:49 AM,00:20:00,Hot-Dry
15.97213135,-19.233962,LA1,2009-09-26,12:40:49 AM,00:40:00,Hot-Dry
15.97225342,-19.23382772,LA1,2009-09-26,01:00:55 AM,01:00:00,Hot-Dry
15.97210999,-19.2338562,LA1,2009-09-26,01:20:48 AM,01:20:00,Hot-Dry
15.97215678,-19.23387451,LA1,2009-09-26,01:40:48 AM,01:40:00,Hot-Dry
15.97217102,-19.23397624,LA1,2009-09-26,02:00:48 AM,02:00:00,Hot-Dry
15.97232463,-19.2340922,LA1,2009-09-26,02:20:48 AM,02:20:00,Hot-Dry
15.97225342,-19.23409017,LA1,2009-09-26,02:40:55 AM,02:40:00,Hot-Dry
15.97223206,-19.23411255,LA1,2009-09-26,03:00:48 AM,03:00:00,Hot-Dry
15.97224019,-19.234139,LA1,2009-09-26,03:20:48 AM,03:20:00,Hot-Dry
15.97230021,-19.23408407,LA1,2009-09-26,03:40:48 AM,03:40:00,Hot-Dry
15.9722524,-19.23414714,LA1,2009-09-26,04:00:48 AM,04:00:00,Hot-Dry
15.97231038,-19.23409627,LA1,2009-09-26,04:20:48 AM,04:20:00,Hot-Dry
15.97232666,-19.23403931,LA1,2009-09-26,04:40:48 AM,04:40:00,Hot-Dry
15.97245483,-19.23441366,LA1,2009-09-26,05:00:48 AM,05:00:00,Hot-Dry
15.9724294,-19.2343811,LA1,2009-09-26,05:20:48 AM,05:20:00,Hot-Dry
15.97252096,-19.23450928,LA1,2009-09-26,05:40:48 AM,05:40:00,Hot-Dry
15.97233683,-19.23450521,LA1,2009-09-26,06:00:48 AM,06:00:00,Hot-Dry
15.97238057,-19.23467204,LA1,2009-09-26,06:20:48 AM,06:20:00,Hot-Dry
15.97278849,-19.23517863,LA1,2009-09-26,06:40:48 AM,06:40:00,Hot-Dry
15.97427572,-19.23650309,LA1,2009-09-26,07:00:48 AM,07:00:00,Hot-Dry
15.97498678,-19.23684692,LA1,2009-09-26,07:20:48 AM,07:20:00,Hot-Dry
15.97561849,-19.23683268,LA1,2009-09-26,07:40:48 AM,07:40:00,Hot-Dry
15.97589111,-19.23669434,LA1,2009-09-26,08:00:48 AM,08:00:00,Hot-Dry
15.97625631,-19.23653158,LA1,2009-09-26,08:20:48 AM,08:20:00,Hot-Dry
15.97649536,-19.2365804,LA1,2009-09-26,08:40:48 AM,08:40:00,Hot-Dry
15.97696228,-19.23671672,LA1,2009-09-26,09:00:48 AM,09:00:00,Hot-Dry
15.97771708,-19.23712769,LA1,2009-09-26,09:20:48 AM,09:20:00,Hot-Dry
15.97796834,-19.23693034,LA1,2009-09-26,09:40:48 AM,09:40:00,Hot-Dry
15.97771403,-19.23640951,LA1,2009-09-26,10:00:48 AM,10:00:00,Hot-Dry
15.97760824,-19.23585002,LA1,2009-09-26,10:20:48 AM,10:20:00,Hot-Dry
15.97763672,-19.23584595,LA1,2009-09-26,10:40:48 AM,10:40:00,Hot-Dry
15.9767629,-19.23505656,LA1,2009-09-26,11:00:48 AM,11:00:00,Hot-Dry
15.98034973,-19.23521525,LA1,2009-09-26,11:20:48 AM,11:20:00,Hot-Dry
15.98574626,-19.23831787,LA1,2009-09-26,11:40:48 AM,11:40:00,Hot-Dry
15.98657125,-19.23797201,LA1,2009-09-26,12:00:48 PM,12:00:00,Hot-Dry
15.98655904,-19.23800252,LA1,2009-09-26,12:20:49 PM,12:20:00,Hot-Dry
15.98657227,-19.23798625,LA1,2009-09-26,12:40:48 PM,12:40:00,Hot-Dry
15.98657125,-19.23800049,LA1,2009-09-26,01:00:48 PM,13:00:00,Hot-Dry
15.98505249,-19.23665568,LA1,2009-09-26,01:20:48 PM,13:20:00,Hot-Dry
15.98359375,-19.23549805,LA1,2009-09-26,01:40:48 PM,13:40:00,Hot-Dry
15.98358866,-19.23549398,LA1,2009-09-26,02:00:48 PM,14:00:00,Hot-Dry
15.98358358,-19.23548584,LA1,2009-09-26,02:20:48 PM,14:20:00,Hot-Dry
15.98318583,-19.23522135,LA1,2009-09-26,02:40:48 PM,14:40:00,Hot-Dry
15.98248901,-19.23474935,LA1,2009-09-26,03:00:48 PM,15:00:00,Hot-Dry
15.98056946,-19.2337382,LA1,2009-09-26,03:20:48 PM,15:20:00,Hot-Dry
15.97812093,-19.23162231,LA1,2009-09-26,03:40:48 PM,15:40:00,Hot-Dry
15.9760732,-19.23029582,LA1,2009-09-26,04:00:48 PM,16:00:00,Hot-Dry
15.97516174,-19.22846476,LA1,2009-09-26,04:20:48 PM,16:20:00,Hot-Dry
15.97480164,-19.22717285,LA1,2009-09-26,04:40:48 PM,16:40:00,Hot-Dry
15.97284546,-19.22549642,LA1,2009-09-26,05:00:48 PM,17:00:00,Hot-Dry
15.97169698,-19.22460938,LA1,2009-09-26,05:20:48 PM,17:20:00,Hot-Dry
15.9721873,-19.2209554,LA1,2009-09-26,05:40:48 PM,17:40:00,Hot-Dry
15.97305806,-19.22006429,LA1,2009-09-26,06:00:48 PM,18:00:00,Hot-Dry
15.97191366,-19.21697998,LA1,2009-09-26,06:20:48 PM,18:20:00,Hot-Dry
15.97208354,-19.21641642,LA1,2009-09-26,06:40:48 PM,18:40:00,Hot-Dry
15.97242737,-19.21559855,LA1,2009-09-26,07:00:48 PM,19:00:00,Hot-Dry
15.97240906,-19.21558634,LA1,2009-09-26,07:20:48 PM,19:20:00,Hot-Dry
15.97240804,-19.21557821,LA1,2009-09-26,07:40:48 PM,19:40:00,Hot-Dry
15.96893819,-19.20970052,LA1,2009-09-26,08:00:48 PM,20:00:00,Hot-Dry
15.97058004,-19.20461629,LA1,2009-09-26,08:20:48 PM,20:20:00,Hot-Dry
15.97054036,-19.20296021,LA1,2009-09-26,08:40:48 PM,20:40:00,Hot-Dry
15.97050171,-19.20232137,LA1,2009-09-26,09:00:48 PM,21:00:00,Hot-Dry
15.9708252,-19.20181478,LA1,2009-09-26,09:20:48 PM,21:20:00,Hot-Dry
15.9711853,-19.20199382,LA1,2009-09-26,09:40:48 PM,21:40:00,Hot-Dry
15.97141317,-19.20187785,LA1,2009-09-26,10:00:48 PM,22:00:00,Hot-Dry
15.97162882,-19.20177205,LA1,2009-09-26,10:20:48 PM,22:20:00,Hot-Dry
15.97249349,-19.19975382,LA1,2009-09-26,10:40:48 PM,22:40:00,Hot-Dry
15.97330221,-19.19855754,LA1,2009-09-26,11:00:48 PM,23:00:00,Hot-Dry
15.97378845,-19.19781698,LA1,2009-09-26,11:20:48 PM,23:20:00,Hot-Dry
15.97377523,-19.19787801,LA1,2009-09-26,11:40:48 PM,23:40:00,Hot-Dry
15.9738739,-19.19787801,LA1,2009-09-27,12:00:48 AM,00:00:00,Hot-Dry
15.97381287,-19.19783325,LA1,2009-09-27,12:20:49 AM,00:20:00,Hot-Dry
15.97380676,-19.19783936,LA1,2009-09-27,12:40:48 AM,00:40:00,Hot-Dry
15.97380981,-19.19781901,LA1,2009-09-27,01:00:48 AM,01:00:00,Hot-Dry
15.97381694,-19.19777832,LA1,2009-09-27,01:20:48 AM,01:20:00,Hot-Dry
15.97377421,-19.19781901,LA1,2009-09-27,01:40:48 AM,01:40:00,Hot-Dry
15.97376099,-19.19783325,LA1,2009-09-27,02:00:48 AM,02:00:00,Hot-Dry
15.97376811,-19.19790446,LA1,2009-09-27,02:20:48 AM,02:20:00,Hot-Dry
15.97377218,-19.19789632,LA1,2009-09-27,02:40:48 AM,02:40:00,Hot-Dry
15.97371419,-19.19783732,LA1,2009-09-27,03:00:55 AM,03:00:00,Hot-Dry
15.97374064,-19.19784749,LA1,2009-09-27,03:20:48 AM,03:20:00,Hot-Dry
15.97371623,-19.19783122,LA1,2009-09-27,03:40:48 AM,03:40:00,Hot-Dry
15.97375895,-19.19787394,LA1,2009-09-27,04:00:48 AM,04:00:00,Hot-Dry
15.97377014,-19.19787801,LA1,2009-09-27,04:20:48 AM,04:20:00,Hot-Dry
15.97376506,-19.19785767,LA1,2009-09-27,04:40:48 AM,04:40:00,Hot-Dry
15.97403056,-19.19700928,LA1,2009-09-27,05:00:48 AM,05:00:00,Hot-Dry
15.97520345,-19.19579264,LA1,2009-09-27,05:20:48 AM,05:20:00,Hot-Dry
15.97579549,-19.19416097,LA1,2009-09-27,05:40:48 AM,05:40:00,Hot-Dry
15.97626546,-19.19077759,LA1,2009-09-27,06:00:48 AM,06:00:00,Hot-Dry
15.97675476,-19.18924764,LA1,2009-09-27,06:20:48 AM,06:20:00,Hot-Dry
15.97804159,-19.18775228,LA1,2009-09-27,06:40:48 AM,06:40:00,Hot-Dry
15.97988485,-19.18575643,LA1,2009-09-27,07:00:48 AM,07:00:00,Hot-Dry
15.98085836,-19.18406779,LA1,2009-09-27,07:20:48 AM,07:20:00,Hot-Dry
15.98178813,-19.18278809,LA1,2009-09-27,07:40:48 AM,07:40:00,Hot-Dry
15.98505758,-19.17786255,LA1,2009-09-27,08:00:48 AM,08:00:00,Hot-Dry
15.99106954,-19.17202759,LA1,2009-09-27,08:20:48 AM,08:20:00,Hot-Dry
15.99579569,-19.16313883,LA1,2009-09-27,08:40:58 AM,08:40:00,Hot-Dry
15.99584147,-19.16317139,LA1,2009-09-27,09:00:48 AM,09:00:00,Hot-Dry
15.99609375,-19.16325073,LA1,2009-09-27,09:20:48 AM,09:20:00,Hot-Dry
15.99572652,-19.16353963,LA1,2009-09-27,09:40:48 AM,09:40:00,Hot-Dry
15.99599711,-19.16465454,LA1,2009-09-27,10:00:48 AM,10:00:00,Hot-Dry
15.99563904,-19.16397298,LA1,2009-09-27,10:20:48 AM,10:20:00,Hot-Dry
15.99583028,-19.16312052,LA1,2009-09-27,10:40:48 AM,10:40:00,Hot-Dry
15.99594727,-19.1642985,LA1,2009-09-27,11:00:48 AM,11:00:00,Hot-Dry
15.99579366,-19.16313273,LA1,2009-09-27,11:20:48 AM,11:20:00,Hot-Dry
15.99522807,-19.16432699,LA1,2009-09-27,11:40:48 AM,11:40:00,Hot-Dry
15.9930837,-19.16524048,LA1,2009-09-27,12:00:48 PM,12:00:00,Hot-Dry
15.99191488,-19.16645711,LA1,2009-09-27,12:20:49 PM,12:20:00,Hot-Dry
15.99187826,-19.1666158,LA1,2009-09-27,12:40:48 PM,12:40:00,Hot-Dry
15.99098206,-19.16702474,LA1,2009-09-27,01:00:48 PM,13:00:00,Hot-Dry
15.99070129,-19.16706543,LA1,2009-09-27,01:20:48 PM,13:20:00,Hot-Dry
15.99066874,-19.16707153,LA1,2009-09-27,01:40:48 PM,13:40:00,Hot-Dry
15.9906484,-19.16705526,LA1,2009-09-27,02:00:48 PM,14:00:00,Hot-Dry
15.99017436,-19.16704915,LA1,2009-09-27,02:20:48 PM,14:20:00,Hot-Dry
15.9888265,-19.16738485,LA1,2009-09-27,02:40:48 PM,14:40:00,Hot-Dry
15.98753459,-19.16683146,LA1,2009-09-27,03:00:48 PM,15:00:00,Hot-Dry
15.98686727,-19.16658529,LA1,2009-09-27,03:20:48 PM,15:20:00,Hot-Dry
15.98595785,-19.1665446,LA1,2009-09-27,03:40:48 PM,15:40:00,Hot-Dry
15.98582764,-19.16655477,LA1,2009-09-27,04:00:48 PM,16:00:00,Hot-Dry
15.98443197,-19.1662618,LA1,2009-09-27,04:20:48 PM,16:20:00,Hot-Dry
15.98386129,-19.16617228,LA1,2009-09-27,04:40:48 PM,16:40:00,Hot-Dry
15.98297628,-19.16587118,LA1,2009-09-27,05:00:48 PM,17:00:00,Hot-Dry
15.98280334,-19.16576742,LA1,2009-09-27,05:20:48 PM,17:20:00,Hot-Dry
15.98275146,-19.1657369,LA1,2009-09-27,05:40:48 PM,17:40:00,Hot-Dry
15.9822286,-19.16571452,LA1,2009-09-27,06:00:48 PM,18:00:00,Hot-Dry
15.98170776,-19.16550903,LA1,2009-09-27,06:20:48 PM,18:20:00,Hot-Dry
15.9815389,-19.16542358,LA1,2009-09-27,06:40:48 PM,18:40:00,Hot-Dry
15.98147481,-19.16500041,LA1,2009-09-27,07:00:48 PM,19:00:00,Hot-Dry
15.98145345,-19.16499227,LA1,2009-09-27,07:20:48 PM,19:20:00,Hot-Dry
15.98122864,-19.16490885,LA1,2009-09-27,07:40:48 PM,19:40:00,Hot-Dry
15.98085531,-19.16491903,LA1,2009-09-27,08:00:48 PM,20:00:00,Hot-Dry
15.98071086,-19.16484782,LA1,2009-09-27,08:20:48 PM,20:20:00,Hot-Dry
15.9799235,-19.16505127,LA1,2009-09-27,08:40:48 PM,20:40:00,Hot-Dry
15.97708842,-19.16471354,LA1,2009-09-27,09:00:48 PM,21:00:00,Hot-Dry
15.97645874,-19.16502279,LA1,2009-09-27,09:20:48 PM,21:20:00,Hot-Dry
15.9762085,-19.16536865,LA1,2009-09-27,09:40:48 PM,21:40:00,Hot-Dry
15.97463074,-19.16503499,LA1,2009-09-27,10:00:48 PM,22:00:00,Hot-Dry
15.96993713,-19.16478678,LA1,2009-09-27,10:20:48 PM,22:20:00,Hot-Dry
15.96991679,-19.16488241,LA1,2009-09-27,10:40:48 PM,22:40:00,Hot-Dry
15.96968079,-19.16498617,LA1,2009-09-27,11:00:48 PM,23:00:00,Hot-Dry
15.96958516,-19.16490072,LA1,2009-09-27,11:20:48 PM,23:20:00,Hot-Dry
15.96959432,-19.16501261,LA1,2009-09-27,11:40:48 PM,23:40:00,Hot-Dry
15.96948344,-19.16508993,LA1,2009-09-28,12:00:48 AM,00:00:00,Hot-Dry
15.96921997,-19.16511841,LA1,2009-09-28,12:20:49 AM,00:20:00,Hot-Dry
15.96907145,-19.16519165,LA1,2009-09-28,12:40:48 AM,00:40:00,Hot-Dry
15.96874695,-19.16522013,LA1,2009-09-28,01:00:48 AM,01:00:00,Hot-Dry
15.96647135,-19.16447144,LA1,2009-09-28,01:20:48 AM,01:20:00,Hot-Dry
15.9655894,-19.1640625,LA1,2009-09-28,01:40:48 AM,01:40:00,Hot-Dry
15.96523336,-19.16419474,LA1,2009-09-28,02:00:48 AM,02:00:00,Hot-Dry
15.96525167,-19.16417847,LA1,2009-09-28,02:20:48 AM,02:20:00,Hot-Dry
15.96498617,-19.16431274,LA1,2009-09-28,02:40:48 AM,02:40:00,Hot-Dry
15.96502686,-19.16431478,LA1,2009-09-28,03:00:48 AM,03:00:00,Hot-Dry
15.96496684,-19.16430868,LA1,2009-09-28,03:20:48 AM,03:20:00,Hot-Dry
15.96496582,-19.16431478,LA1,2009-09-28,03:40:48 AM,03:40:00,Hot-Dry
15.96495361,-19.16425781,LA1,2009-09-28,04:00:48 AM,04:00:00,Hot-Dry
15.9649587,-19.16431478,LA1,2009-09-28,04:20:48 AM,04:20:00,Hot-Dry
15.96498108,-19.16429647,LA1,2009-09-28,04:40:48 AM,04:40:00,Hot-Dry
15.96491191,-19.16430461,LA1,2009-09-28,05:00:48 AM,05:00:00,Hot-Dry
15.96479289,-19.16438599,LA1,2009-09-28,05:20:48 AM,05:20:00,Hot-Dry
15.96467082,-19.16440837,LA1,2009-09-28,05:40:48 AM,05:40:00,Hot-Dry
15.96444906,-19.16441854,LA1,2009-09-28,06:00:48 AM,06:00:00,Hot-Dry
15.96412455,-19.16447144,LA1,2009-09-28,06:20:48 AM,06:20:00,Hot-Dry
15.96226807,-19.16346436,LA1,2009-09-28,06:40:48 AM,06:40:00,Hot-Dry
15.96215007,-19.16338704,LA1,2009-09-28,07:00:48 AM,07:00:00,Hot-Dry
15.96182149,-19.16336466,LA1,2009-09-28,07:20:48 AM,07:20:00,Hot-Dry
15.96174622,-19.16338501,LA1,2009-09-28,07:40:48 AM,07:40:00,Hot-Dry
15.95977885,-19.1625529,LA1,2009-09-28,08:00:48 AM,08:00:00,Hot-Dry
15.95913595,-19.16297607,LA1,2009-09-28,08:20:48 AM,08:20:00,Hot-Dry
15.95874227,-19.16294963,LA1,2009-09-28,08:40:48 AM,08:40:00,Hot-Dry
15.95575358,-19.16327718,LA1,2009-09-28,09:00:48 AM,09:00:00,Hot-Dry
15.95392558,-19.16315104,LA1,2009-09-28,09:20:48 AM,09:20:00,Hot-Dry
15.95168559,-19.1636495,LA1,2009-09-28,09:40:48 AM,09:40:00,Hot-Dry
15.95029907,-19.16392415,LA1,2009-09-28,10:00:48 AM,10:00:00,Hot-Dry
15.94844157,-19.16419271,LA1,2009-09-28,10:20:48 AM,10:20:00,Hot-Dry
15.94698079,-19.16398315,LA1,2009-09-28,10:40:48 AM,10:40:00,Hot-Dry
15.94553528,-19.16385498,LA1,2009-09-28,11:00:48 AM,11:00:00,Hot-Dry
15.94109395,-19.16413371,LA1,2009-09-28,11:20:48 AM,11:20:00,Hot-Dry
15.93431803,-19.16659342,LA1,2009-09-28,11:40:48 AM,11:40:00,Hot-Dry
15.9334198,-19.16719157,LA1,2009-09-28,12:00:48 PM,12:00:00,Hot-Dry
15.93344218,-19.16718547,LA1,2009-09-28,12:20:49 PM,12:20:00,Hot-Dry
15.93343302,-19.16718343,LA1,2009-09-28,12:40:48 PM,12:40:00,Hot-Dry
15.9335083,-19.16717529,LA1,2009-09-28,01:00:48 PM,13:00:00,Hot-Dry
15.93343404,-19.16717326,LA1,2009-09-28,01:20:48 PM,13:20:00,Hot-Dry
15.93092143,-19.16757609,LA1,2009-09-28,01:40:48 PM,13:40:00,Hot-Dry
15.92803243,-19.16875,LA1,2009-09-28,02:00:48 PM,14:00:00,Hot-Dry
15.9248057,-19.1701945,LA1,2009-09-28,02:20:48 PM,14:20:00,Hot-Dry
15.92225749,-19.17335409,LA1,2009-09-28,02:40:48 PM,14:40:00,Hot-Dry
15.92164001,-19.17357992,LA1,2009-09-28,03:00:48 PM,15:00:00,Hot-Dry
15.92100016,-19.17412109,LA1,2009-09-28,03:20:48 PM,15:20:00,Hot-Dry
15.92100627,-19.17411499,LA1,2009-09-28,03:40:48 PM,15:40:00,Hot-Dry
15.92163391,-19.17584635,LA1,2009-09-28,04:00:48 PM,16:00:00,Hot-Dry
15.92190348,-19.17699178,LA1,2009-09-28,04:20:48 PM,16:20:00,Hot-Dry
15.91958008,-19.18257243,LA1,2009-09-28,04:40:48 PM,16:40:00,Hot-Dry
15.91595154,-19.18093058,LA1,2009-09-28,05:00:48 PM,17:00:00,Hot-Dry
15.91189677,-19.17989705,LA1,2009-09-28,05:20:48 PM,17:20:00,Hot-Dry
15.90973511,-19.17900594,LA1,2009-09-28,05:40:48 PM,17:40:00,Hot-Dry
15.90930684,-19.17883911,LA1,2009-09-28,06:00:48 PM,18:00:00,Hot-Dry
15.90998332,-19.17749023,LA1,2009-09-28,06:20:48 PM,18:20:00,Hot-Dry
15.91241353,-19.17363485,LA1,2009-09-28,06:40:48 PM,18:40:00,Hot-Dry
15.91370036,-19.17032471,LA1,2009-09-28,07:00:48 PM,19:00:00,Hot-Dry
15.91390076,-19.1696818,LA1,2009-09-28,07:20:48 PM,19:20:00,Hot-Dry
15.91430969,-19.16876628,LA1,2009-09-28,07:40:49 PM,19:40:00,Hot-Dry
15.91491496,-19.16784871,LA1,2009-09-28,08:00:48 PM,20:00:00,Hot-Dry
15.91551107,-19.16710205,LA1,2009-09-28,08:20:48 PM,20:20:00,Hot-Dry
15.91651306,-19.16576742,LA1,2009-09-28,08:40:48 PM,20:40:00,Hot-Dry
15.9209849,-19.16310832,LA1,2009-09-28,09:00:48 PM,21:00:00,Hot-Dry
15.9280426,-19.16144816,LA1,2009-09-28,09:20:48 PM,21:20:00,Hot-Dry
15.93296509,-19.16138306,LA1,2009-09-28,09:40:48 PM,21:40:00,Hot-Dry
15.93415019,-19.16105143,LA1,2009-09-28,10:00:48 PM,22:00:00,Hot-Dry
15.93562622,-19.16050618,LA1,2009-09-28,10:20:48 PM,22:20:00,Hot-Dry
15.93679403,-19.16032308,LA1,2009-09-28,10:40:48 PM,22:40:00,Hot-Dry
15.93735657,-19.16018677,LA1,2009-09-28,11:00:48 PM,23:00:00,Hot-Dry
15.94084676,-19.15963542,LA1,2009-09-28,11:20:49 PM,23:20:00,Hot-Dry
15.94081726,-19.15964966,LA1,2009-09-28,11:40:48 PM,23:40:00,Hot-Dry
15.9413859,-19.15928548,LA1,2009-09-29,12:00:48 AM,00:00:00,Hot-Dry
15.94279887,-19.1604126,LA1,2009-09-29,12:20:49 AM,00:20:00,Hot-Dry
15.94337565,-19.16090902,LA1,2009-09-29,12:40:48 AM,00:40:00,Hot-Dry
15.94336751,-19.16090698,LA1,2009-09-29,01:00:48 AM,01:00:00,Hot-Dry
15.94493713,-19.15928141,LA1,2009-09-29,01:20:48 AM,01:20:00,Hot-Dry
15.94531657,-19.15923258,LA1,2009-09-29,01:40:48 AM,01:40:00,Hot-Dry
15.94546204,-19.15906779,LA1,2009-09-29,02:00:48 AM,02:00:00,Hot-Dry
15.94547729,-19.15905965,LA1,2009-09-29,02:20:48 AM,02:20:00,Hot-Dry
15.94543864,-19.15902303,LA1,2009-09-29,02:40:48 AM,02:40:00,Hot-Dry
15.94543966,-19.15899658,LA1,2009-09-29,03:00:48 AM,03:00:00,Hot-Dry
15.94542542,-19.15904338,LA1,2009-09-29,03:20:48 AM,03:20:00,Hot-Dry
15.94538778,-19.15899251,LA1,2009-09-29,03:40:48 AM,03:40:00,Hot-Dry
15.94535014,-19.15895589,LA1,2009-09-29,04:01:07 AM,04:01:00,Hot-Dry
15.94534505,-19.15898031,LA1,2009-09-29,04:20:48 AM,04:20:00,Hot-Dry
15.94534505,-19.15894165,LA1,2009-09-29,04:40:48 AM,04:40:00,Hot-Dry
15.94535522,-19.15893555,LA1,2009-09-29,05:00:48 AM,05:00:00,Hot-Dry
15.94538269,-19.15895182,LA1,2009-09-29,05:20:48 AM,05:20:00,Hot-Dry
15.94551392,-19.15878703,LA1,2009-09-29,05:40:48 AM,05:40:00,Hot-Dry
15.94571228,-19.15833944,LA1,2009-09-29,06:00:48 AM,06:00:00,Hot-Dry
15.94622599,-19.15726522,LA1,2009-09-29,06:20:48 AM,06:20:00,Hot-Dry
15.94621582,-19.15725708,LA1,2009-09-29,06:40:48 AM,06:40:00,Hot-Dry
15.94622192,-19.15726725,LA1,2009-09-29,07:00:48 AM,07:00:00,Hot-Dry
15.94781392,-19.15535278,LA1,2009-09-29,07:20:48 AM,07:20:00,Hot-Dry
15.94839579,-19.15486654,LA1,2009-09-29,07:40:48 AM,07:40:00,Hot-Dry
15.94912109,-19.15390422,LA1,2009-09-29,08:00:48 AM,08:00:00,Hot-Dry
15.94924825,-19.1527181,LA1,2009-09-29,08:20:48 AM,08:20:00,Hot-Dry
15.94940796,-19.15243937,LA1,2009-09-29,08:40:48 AM,08:40:00,Hot-Dry
15.94956868,-19.15167033,LA1,2009-09-29,09:00:55 AM,09:00:00,Hot-Dry
15.95428365,-19.14935913,LA1,2009-09-29,09:20:48 AM,09:20:00,Hot-Dry
15.95556335,-19.14828898,LA1,2009-09-29,09:40:48 AM,09:40:00,Hot-Dry
15.95577393,-19.14764201,LA1,2009-09-29,10:00:48 AM,10:00:00,Hot-Dry
15.95763346,-19.14639893,LA1,2009-09-29,10:20:48 AM,10:20:00,Hot-Dry
15.9586497,-19.14412028,LA1,2009-09-29,10:40:48 AM,10:40:00,Hot-Dry
15.9587738,-19.14338989,LA1,2009-09-29,11:00:48 AM,11:00:00,Hot-Dry
15.95935669,-19.14348551,LA1,2009-09-29,11:20:48 AM,11:20:00,Hot-Dry
15.96029867,-19.14419556,LA1,2009-09-29,11:40:48 AM,11:40:00,Hot-Dry
15.96040649,-19.14437459,LA1,2009-09-29,12:00:48 PM,12:00:00,Hot-Dry
15.96180216,-19.14536336,LA1,2009-09-29,12:20:48 PM,12:20:00,Hot-Dry
15.96186015,-19.1454305,LA1,2009-09-29,12:40:48 PM,12:40:00,Hot-Dry
15.96183472,-19.14544474,LA1,2009-09-29,01:00:48 PM,13:00:00,Hot-Dry
15.96182861,-19.14545695,LA1,2009-09-29,01:20:48 PM,13:20:00,Hot-Dry
15.96183777,-19.14545288,LA1,2009-09-29,01:40:48 PM,13:40:00,Hot-Dry
15.96184692,-19.14546102,LA1,2009-09-29,02:00:48 PM,14:00:00,Hot-Dry
15.96183879,-19.14547119,LA1,2009-09-29,02:20:48 PM,14:20:00,Hot-Dry
15.96183675,-19.14547729,LA1,2009-09-29,02:40:48 PM,14:40:00,Hot-Dry
15.96224874,-19.14527588,LA1,2009-09-29,03:00:48 PM,15:00:00,Hot-Dry
15.96232096,-19.14508667,LA1,2009-09-29,03:20:48 PM,15:20:00,Hot-Dry
15.96175334,-19.1445048,LA1,2009-09-29,03:40:48 PM,15:40:00,Hot-Dry
15.96168009,-19.14406535,LA1,2009-09-29,04:00:48 PM,16:00:00,Hot-Dry
15.96164449,-19.14382731,LA1,2009-09-29,04:20:48 PM,16:20:00,Hot-Dry
15.96113688,-19.14267171,LA1,2009-09-29,04:40:48 PM,16:40:00,Hot-Dry
15.96153768,-19.14144694,LA1,2009-09-29,05:00:48 PM,17:00:00,Hot-Dry
15.96172282,-19.14045614,LA1,2009-09-29,05:20:48 PM,17:20:00,Hot-Dry
15.96194051,-19.1404541,LA1,2009-09-29,05:40:48 PM,17:40:00,Hot-Dry
15.96244507,-19.14067586,LA1,2009-09-29,06:00:48 PM,18:00:00,Hot-Dry
15.96258138,-19.14078166,LA1,2009-09-29,06:20:48 PM,18:20:00,Hot-Dry
15.9626475,-19.1394043,LA1,2009-09-29,06:40:48 PM,18:40:00,Hot-Dry
15.96271566,-19.13934733,LA1,2009-09-29,07:00:48 PM,19:00:00,Hot-Dry
15.96323446,-19.13931885,LA1,2009-09-29,07:20:48 PM,19:20:00,Hot-Dry
15.96373291,-19.13944906,LA1,2009-09-29,07:40:48 PM,19:40:00,Hot-Dry
15.96489563,-19.13968099,LA1,2009-09-29,08:00:48 PM,20:00:00,Hot-Dry
15.96494344,-19.13991496,LA1,2009-09-29,08:20:48 PM,20:20:00,Hot-Dry
15.96517436,-19.14023641,LA1,2009-09-29,08:40:48 PM,20:40:00,Hot-Dry
15.96533712,-19.14104818,LA1,2009-09-29,09:00:48 PM,21:00:00,Hot-Dry
15.96532389,-19.1411967,LA1,2009-09-29,09:20:48 PM,21:20:00,Hot-Dry
15.96541239,-19.1414327,LA1,2009-09-29,09:40:48 PM,21:40:00,Hot-Dry
15.96540731,-19.14152629,LA1,2009-09-29,10:00:48 PM,22:00:00,Hot-Dry
15.96581726,-19.14157308,LA1,2009-09-29,10:20:48 PM,22:20:00,Hot-Dry
15.96586914,-19.14156901,LA1,2009-09-29,10:40:48 PM,22:40:00,Hot-Dry
15.96693522,-19.14164429,LA1,2009-09-29,11:00:48 PM,23:00:00,Hot-Dry
15.96760763,-19.14146932,LA1,2009-09-29,11:20:48 PM,23:20:00,Hot-Dry
15.96762899,-19.14150798,LA1,2009-09-29,11:40:48 PM,23:40:00,Hot-Dry
15.96782837,-19.14141235,LA1,2009-09-30,12:00:48 AM,00:00:00,Hot-Dry
15.96981506,-19.14151611,LA1,2009-09-30,12:20:48 AM,00:20:00,Hot-Dry
15.97061462,-19.1427592,LA1,2009-09-30,12:40:48 AM,00:40:00,Hot-Dry
15.97294006,-19.14503988,LA1,2009-09-30,01:00:48 AM,01:00:00,Hot-Dry
15.97552287,-19.14788818,LA1,2009-09-30,01:20:49 AM,01:20:00,Hot-Dry
15.98073425,-19.1510437,LA1,2009-09-30,01:40:48 AM,01:40:00,Hot-Dry
15.98508097,-19.15395304,LA1,2009-09-30,02:00:48 AM,02:00:00,Hot-Dry
15.99339803,-19.16175944,LA1,2009-09-30,02:20:48 AM,02:20:00,Hot-Dry
15.99578857,-19.1631307,LA1,2009-09-30,02:40:49 AM,02:40:00,Hot-Dry
15.99576619,-19.16311239,LA1,2009-09-30,03:00:48 AM,03:00:00,Hot-Dry
15.99576009,-19.16310425,LA1,2009-09-30,03:20:48 AM,03:20:00,Hot-Dry
15.99583842,-19.16312052,LA1,2009-09-30,03:40:48 AM,03:40:00,Hot-Dry
15.99545186,-19.16458944,LA1,2009-09-30,04:00:48 AM,04:00:00,Hot-Dry
15.99490255,-19.16779989,LA1,2009-09-30,04:20:48 AM,04:20:00,Hot-Dry
15.99467773,-19.17328491,LA1,2009-09-30,04:40:48 AM,04:40:00,Hot-Dry
15.99399923,-19.175118,LA1,2009-09-30,05:00:48 AM,05:00:00,Hot-Dry
15.99397074,-19.17548218,LA1,2009-09-30,05:20:48 AM,05:20:00,Hot-Dry
15.99301554,-19.17636719,LA1,2009-09-30,05:40:48 AM,05:40:00,Hot-Dry
15.99273173,-19.17670492,LA1,2009-09-30,06:00:48 AM,06:00:00,Hot-Dry
15.99228617,-19.17711182,LA1,2009-09-30,06:20:48 AM,06:20:00,Hot-Dry
15.99199015,-19.17769572,LA1,2009-09-30,06:40:48 AM,06:40:00,Hot-Dry
15.99195862,-19.17768351,LA1,2009-09-30,07:00:48 AM,07:00:00,Hot-Dry
15.99180501,-19.17788086,LA1,2009-09-30,07:20:48 AM,07:20:00,Hot-Dry
15.99129232,-19.17832642,LA1,2009-09-30,07:40:48 AM,07:40:00,Hot-Dry
15.99120483,-19.1780131,LA1,2009-09-30,08:00:48 AM,08:00:00,Hot-Dry
15.99124451,-19.17797241,LA1,2009-09-30,08:20:48 AM,08:20:00,Hot-Dry
15.99121399,-19.17781982,LA1,2009-09-30,08:40:48 AM,08:40:00,Hot-Dry
15.99094238,-19.17637126,LA1,2009-09-30,09:00:48 AM,09:00:00,Hot-Dry
15.99041138,-19.17604167,LA1,2009-09-30,09:20:48 AM,09:20:00,Hot-Dry
15.99015605,-19.17563883,LA1,2009-09-30,09:40:48 AM,09:40:00,Hot-Dry
15.99017334,-19.17563477,LA1,2009-09-30,10:00:48 AM,10:00:00,Hot-Dry
15.990212,-19.17553711,LA1,2009-09-30,10:20:48 AM,10:20:00,Hot-Dry
15.99021301,-19.17549845,LA1,2009-09-30,10:40:48 AM,10:40:00,Hot-Dry
15.99088135,-19.17312215,LA1,2009-09-30,11:00:48 AM,11:00:00,Hot-Dry
15.99239299,-19.16877645,LA1,2009-09-30,11:20:48 AM,11:20:00,Hot-Dry
15.99485982,-19.16448975,LA1,2009-09-30,11:40:48 AM,11:40:00,Hot-Dry
15.99607544,-19.16344198,LA1,2009-09-30,12:00:48 PM,12:00:00,Hot-Dry
15.99571737,-19.16322428,LA1,2009-09-30,12:20:49 PM,12:20:00,Hot-Dry
15.99571737,-19.16321615,LA1,2009-09-30,12:40:48 PM,12:40:00,Hot-Dry
15.99580994,-19.16311849,LA1,2009-09-30,01:00:48 PM,13:00:00,Hot-Dry
15.99573873,-19.16463216,LA1,2009-09-30,01:20:48 PM,13:20:00,Hot-Dry
15.99636332,-19.16650798,LA1,2009-09-30,01:40:48 PM,13:40:00,Hot-Dry
15.99757996,-19.1709493,LA1,2009-09-30,02:00:48 PM,14:00:00,Hot-Dry
15.99640706,-19.17276001,LA1,2009-09-30,02:20:48 PM,14:20:00,Hot-Dry
15.99470723,-19.17413737,LA1,2009-09-30,02:40:48 PM,14:40:00,Hot-Dry
15.9941864,-19.17455037,LA1,2009-09-30,03:00:48 PM,15:00:00,Hot-Dry
15.9944102,-19.174823,LA1,2009-09-30,03:20:48 PM,15:20:00,Hot-Dry
15.99347331,-19.17601929,LA1,2009-09-30,03:40:48 PM,15:40:00,Hot-Dry
15.99262085,-19.17804972,LA1,2009-09-30,04:00:48 PM,16:00:00,Hot-Dry
15.99223328,-19.17867025,LA1,2009-09-30,04:20:48 PM,16:20:00,Hot-Dry
15.99218445,-19.17921346,LA1,2009-09-30,04:40:48 PM,16:40:00,Hot-Dry
15.9909963,-19.18661702,LA1,2009-09-30,05:00:48 PM,17:00:00,Hot-Dry
15.98956604,-19.19001261,LA1,2009-09-30,05:20:49 PM,17:20:00,Hot-Dry
15.98956706,-19.19105428,LA1,2009-09-30,05:40:48 PM,17:40:00,Hot-Dry
15.98966064,-19.19159546,LA1,2009-09-30,06:00:48 PM,18:00:00,Hot-Dry
15.98962708,-19.19166056,LA1,2009-09-30,06:20:48 PM,18:20:00,Hot-Dry
15.98969116,-19.19167277,LA1,2009-09-30,06:40:48 PM,18:40:00,Hot-Dry
15.98981628,-19.19203695,LA1,2009-09-30,07:00:48 PM,19:00:00,Hot-Dry
15.98983358,-19.19210205,LA1,2009-09-30,07:20:49 PM,19:20:00,Hot-Dry
15.98983154,-19.19213257,LA1,2009-09-30,07:40:48 PM,19:40:00,Hot-Dry
15.98944499,-19.19284261,LA1,2009-09-30,08:00:48 PM,20:00:00,Hot-Dry
15.98935242,-19.19290975,LA1,2009-09-30,08:20:48 PM,20:20:00,Hot-Dry
15.98842468,-19.19415283,LA1,2009-09-30,08:40:48 PM,20:40:00,Hot-Dry
15.9848643,-19.19497884,LA1,2009-09-30,09:00:48 PM,21:00:00,Hot-Dry
15.98468628,-19.19493815,LA1,2009-09-30,09:20:48 PM,21:20:00,Hot-Dry
15.98421834,-19.19495036,LA1,2009-09-30,09:40:48 PM,21:40:00,Hot-Dry
15.98427734,-19.19493815,LA1,2009-09-30,10:00:48 PM,22:00:00,Hot-Dry
15.9837677,-19.1949646,LA1,2009-09-30,10:20:48 PM,22:20:00,Hot-Dry
15.9834788,-19.19508057,LA1,2009-09-30,10:40:48 PM,22:40:00,Hot-Dry
15.98243408,-19.19492391,LA1,2009-09-30,11:00:48 PM,23:00:00,Hot-Dry
15.98237508,-19.19496257,LA1,2009-09-30,11:20:48 PM,23:20:00,Hot-Dry
15.98148499,-19.19449056,LA1,2009-09-30,11:40:48 PM,23:40:00,Hot-Dry
15.98058472,-19.19388224,LA1,2009-10-01,12:00:00 AM,00:00:00,Hot-Dry
15.98042297,-19.1938029,LA1,2009-10-01,12:20:00 AM,00:20:00,Hot-Dry
15.97703247,-19.18973389,LA1,2009-10-01,12:40:00 AM,00:40:00,Hot-Dry
15.97564697,-19.18985189,LA1,2009-10-01,01:00:00 AM,01:00:00,Hot-Dry
15.97473246,-19.1929362,LA1,2009-10-01,01:20:00 AM,01:20:00,Hot-Dry
15.97276815,-19.19744059,LA1,2009-10-01,01:40:00 AM,01:40:00,Hot-Dry
15.97293193,-19.19844767,LA1,2009-10-01,02:00:00 AM,02:00:00,Hot-Dry
15.97178243,-19.20124308,LA1,2009-10-01,02:20:00 AM,02:20:00,Hot-Dry
15.97174683,-19.20122681,LA1,2009-10-01,02:40:00 AM,02:40:00,Hot-Dry
15.97173665,-19.20123901,LA1,2009-10-01,03:00:00 AM,03:00:00,Hot-Dry
15.97174886,-19.20118205,LA1,2009-10-01,03:20:00 AM,03:20:00,Hot-Dry
15.97178141,-19.20124919,LA1,2009-10-01,03:40:00 AM,03:40:00,Hot-Dry
15.97179057,-19.20128377,LA1,2009-10-01,04:01:00 AM,04:01:00,Hot-Dry
15.97184753,-19.20124105,LA1,2009-10-01,04:20:00 AM,04:20:00,Hot-Dry
15.97178243,-19.20125529,LA1,2009-10-01,04:40:00 AM,04:40:00,Hot-Dry
15.97182109,-19.20125529,LA1,2009-10-01,05:00:00 AM,05:00:00,Hot-Dry
15.97173665,-19.20120443,LA1,2009-10-01,05:20:00 AM,05:20:00,Hot-Dry
15.97171427,-19.20117798,LA1,2009-10-01,05:40:00 AM,05:40:00,Hot-Dry
15.97145691,-19.2009847,LA1,2009-10-01,06:00:00 AM,06:00:00,Hot-Dry
15.97115377,-19.20096842,LA1,2009-10-01,06:20:00 AM,06:20:00,Hot-Dry
15.97088826,-19.20064494,LA1,2009-10-01,06:40:00 AM,06:40:00,Hot-Dry
15.97086283,-19.20059814,LA1,2009-10-01,07:00:00 AM,07:00:00,Hot-Dry
15.97059326,-19.20032756,LA1,2009-10-01,07:20:00 AM,07:20:00,Hot-Dry
15.96966858,-19.2,LA1,2009-10-01,07:40:00 AM,07:40:00,Hot-Dry
15.96885579,-19.19939372,LA1,2009-10-01,08:00:00 AM,08:00:00,Hot-Dry
15.96233012,-19.19576619,LA1,2009-10-01,08:20:00 AM,08:20:00,Hot-Dry
15.96194255,-19.1954895,LA1,2009-10-01,08:40:00 AM,08:40:00,Hot-Dry
15.96193237,-19.19548747,LA1,2009-10-01,09:00:00 AM,09:00:00,Hot-Dry
15.96178691,-19.19531453,LA1,2009-10-01,09:20:00 AM,09:20:00,Hot-Dry
15.96113892,-19.19513143,LA1,2009-10-01,09:40:00 AM,09:40:00,Hot-Dry
15.95904439,-19.19456177,LA1,2009-10-01,10:00:00 AM,10:00:00,Hot-Dry
15.95890198,-19.19447225,LA1,2009-10-01,10:20:00 AM,10:20:00,Hot-Dry
15.95887553,-19.19411011,LA1,2009-10-01,10:40:00 AM,10:40:00,Hot-Dry
15.9588796,-19.19413452,LA1,2009-10-01,11:00:00 AM,11:00:00,Hot-Dry
15.96062113,-19.1930603,LA1,2009-10-01,11:20:00 AM,11:20:00,Hot-Dry
15.95718282,-19.18705241,LA1,2009-10-01,11:40:00 AM,11:40:00,Hot-Dry
15.9559845,-19.18447469,LA1,2009-10-01,12:00:00 PM,12:00:00,Hot-Dry
15.95321248,-19.1836141,LA1,2009-10-01,12:20:00 PM,12:20:00,Hot-Dry
15.95062459,-19.18226522,LA1,2009-10-01,12:40:00 PM,12:40:00,Hot-Dry
15.95068156,-19.18227946,LA1,2009-10-01,01:00:00 PM,13:00:00,Hot-Dry
15.95059509,-19.18236287,LA1,2009-10-01,01:20:00 PM,13:20:00,Hot-Dry
15.95059102,-19.18234863,LA1,2009-10-01,01:40:00 PM,13:40:00,Hot-Dry
15.95058594,-19.1823527,LA1,2009-10-01,02:00:00 PM,14:00:00,Hot-Dry
15.94930725,-19.18269246,LA1,2009-10-01,02:20:00 PM,14:20:00,Hot-Dry
15.94912313,-19.18279419,LA1,2009-10-01,02:40:00 PM,14:40:00,Hot-Dry
15.94913839,-19.1828064,LA1,2009-10-01,03:00:00 PM,15:00:00,Hot-Dry
15.94925334,-19.18293254,LA1,2009-10-01,03:20:00 PM,15:20:00,Hot-Dry
15.94932963,-19.18315837,LA1,2009-10-01,03:40:00 PM,15:40:00,Hot-Dry
15.94939067,-19.18317668,LA1,2009-10-01,04:00:00 PM,16:00:00,Hot-Dry
15.94924316,-19.18340658,LA1,2009-10-01,04:20:00 PM,16:20:00,Hot-Dry
15.94815165,-19.18442179,LA1,2009-10-01,04:40:00 PM,16:40:00,Hot-Dry
15.94674479,-19.18457235,LA1,2009-10-01,05:00:00 PM,17:00:00,Hot-Dry
15.94696554,-19.18452759,LA1,2009-10-01,05:20:00 PM,17:20:00,Hot-Dry
15.94629313,-19.18429362,LA1,2009-10-01,05:40:00 PM,17:40:00,Hot-Dry
15.94619751,-19.18412069,LA1,2009-10-01,06:00:00 PM,18:00:00,Hot-Dry
15.94488627,-19.18448283,LA1,2009-10-01,06:20:00 PM,18:20:00,Hot-Dry
15.93981425,-19.18494466,LA1,2009-10-01,06:40:00 PM,18:40:00,Hot-Dry
15.93149516,-19.18567912,LA1,2009-10-01,07:00:00 PM,19:00:00,Hot-Dry
15.92739665,-19.18630981,LA1,2009-10-01,07:20:00 PM,19:20:00,Hot-Dry
15.92743734,-19.18629761,LA1,2009-10-01,07:40:00 PM,19:40:00,Hot-Dry
15.92744039,-19.18629557,LA1,2009-10-01,08:00:00 PM,20:00:00,Hot-Dry
15.92744141,-19.18631592,LA1,2009-10-01,08:20:00 PM,20:20:00,Hot-Dry
15.92717896,-19.18657837,LA1,2009-10-01,08:40:00 PM,20:40:00,Hot-Dry
15.92718811,-19.18660685,LA1,2009-10-01,09:00:00 PM,21:00:00,Hot-Dry
15.92716777,-19.18659871,LA1,2009-10-01,09:20:00 PM,21:20:00,Hot-Dry
15.92741597,-19.18633016,LA1,2009-10-01,09:40:00 PM,21:40:00,Hot-Dry
15.92561646,-19.1858785,LA1,2009-10-01,10:00:00 PM,22:00:00,Hot-Dry
15.92430115,-19.18575643,LA1,2009-10-01,10:20:00 PM,22:20:00,Hot-Dry
15.91858012,-19.18513184,LA1,2009-10-01,10:40:00 PM,22:40:00,Hot-Dry
15.91565653,-19.18082072,LA1,2009-10-01,11:00:00 PM,23:00:00,Hot-Dry
15.91559753,-19.18086548,LA1,2009-10-01,11:20:00 PM,23:20:00,Hot-Dry
15.91586405,-19.18115641,LA1,2009-10-01,11:40:00 PM,23:40:00,Hot-Dry
15.915861,-19.18115031,LA1,2009-10-02,12:00:00 AM,00:00:00,Hot-Dry
15.91859131,-19.1828654,LA1,2009-10-02,12:20:00 AM,00:20:00,Hot-Dry
15.91861369,-19.18282674,LA1,2009-10-02,12:40:00 AM,00:40:00,Hot-Dry
15.91306966,-19.18133952,LA1,2009-10-02,01:00:00 AM,01:00:00,Hot-Dry
15.90802104,-19.18038534,LA1,2009-10-02,01:20:00 AM,01:20:00,Hot-Dry
15.90771383,-19.1802592,LA1,2009-10-02,01:40:00 AM,01:40:00,Hot-Dry
15.90611776,-19.17896525,LA1,2009-10-02,02:00:00 AM,02:00:00,Hot-Dry
15.9022878,-19.17690023,LA1,2009-10-02,02:20:00 AM,02:20:00,Hot-Dry
15.90152893,-19.17673543,LA1,2009-10-02,02:40:00 AM,02:40:00,Hot-Dry
15.9008372,-19.17569377,LA1,2009-10-02,03:00:00 AM,03:00:00,Hot-Dry
15.90016785,-19.1743632,LA1,2009-10-02,03:20:00 AM,03:20:00,Hot-Dry
15.90009562,-19.1743632,LA1,2009-10-02,03:40:00 AM,03:40:00,Hot-Dry
15.89999898,-19.17443237,LA1,2009-10-02,04:00:00 AM,04:00:00,Hot-Dry
15.89996745,-19.17437541,LA1,2009-10-02,04:20:00 AM,04:20:00,Hot-Dry
15.90000509,-19.17443848,LA1,2009-10-02,04:40:00 AM,04:40:00,Hot-Dry
15.90000712,-19.1743632,LA1,2009-10-02,05:00:00 AM,05:00:00,Hot-Dry
15.90002441,-19.17432861,LA1,2009-10-02,05:20:00 AM,05:20:00,Hot-Dry
15.90007528,-19.17420247,LA1,2009-10-02,05:40:00 AM,05:40:00,Hot-Dry
15.90024211,-19.17398682,LA1,2009-10-02,06:00:00 AM,06:00:00,Hot-Dry
15.90041911,-19.17397054,LA1,2009-10-02,06:20:00 AM,06:20:00,Hot-Dry
15.9017568,-19.17351481,LA1,2009-10-02,06:40:00 AM,06:40:00,Hot-Dry
15.90213725,-19.17334391,LA1,2009-10-02,07:00:00 AM,07:00:00,Hot-Dry
15.90337931,-19.17232869,LA1,2009-10-02,07:20:00 AM,07:20:00,Hot-Dry
15.90778097,-19.16873983,LA1,2009-10-02,07:40:00 AM,07:40:00,Hot-Dry
15.90913188,-19.16847127,LA1,2009-10-02,08:00:00 AM,08:00:00,Hot-Dry
15.9097758,-19.16856689,LA1,2009-10-02,08:20:00 AM,08:20:00,Hot-Dry
15.91038005,-19.16940918,LA1,2009-10-02,08:40:00 AM,08:40:00,Hot-Dry
15.91106466,-19.17083944,LA1,2009-10-02,09:00:00 AM,09:00:00,Hot-Dry
15.91198324,-19.17313843,LA1,2009-10-02,09:20:00 AM,09:20:00,Hot-Dry
15.91289063,-19.1774292,LA1,2009-10-02,09:40:00 AM,09:40:00,Hot-Dry
15.91585185,-19.18086344,LA1,2009-10-02,10:00:00 AM,10:00:00,Hot-Dry
15.915861,-19.1808492,LA1,2009-10-02,10:20:00 AM,10:20:00,Hot-Dry
15.91596273,-19.18087769,LA1,2009-10-02,10:40:00 AM,10:40:00,Hot-Dry
15.9158905,-19.18079631,LA1,2009-10-02,11:00:00 AM,11:00:00,Hot-Dry
15.91596781,-19.18090007,LA1,2009-10-02,11:20:00 AM,11:20:00,Hot-Dry
15.91568807,-19.1807251,LA1,2009-10-02,11:40:00 AM,11:40:00,Hot-Dry
15.91567485,-19.18077189,LA1,2009-10-02,12:00:00 PM,12:00:00,Hot-Dry
15.91582031,-19.180837,LA1,2009-10-02,12:20:00 PM,12:20:00,Hot-Dry
15.91481018,-19.18103841,LA1,2009-10-02,12:40:00 PM,12:40:00,Hot-Dry
15.91558126,-19.18073527,LA1,2009-10-02,01:00:00 PM,13:00:00,Hot-Dry
15.91581217,-19.18198649,LA1,2009-10-02,01:20:00 PM,13:20:00,Hot-Dry
15.92041524,-19.18153483,LA1,2009-10-02,01:40:00 PM,13:40:00,Hot-Dry
15.92461141,-19.1778361,LA1,2009-10-02,02:00:00 PM,14:00:00,Hot-Dry
15.92730408,-19.17467448,LA1,2009-10-02,02:20:00 PM,14:20:00,Hot-Dry
15.92888387,-19.17307739,LA1,2009-10-02,02:40:00 PM,14:40:00,Hot-Dry
15.92976583,-19.17226359,LA1,2009-10-02,03:00:00 PM,15:00:00,Hot-Dry
15.93344116,-19.16896159,LA1,2009-10-02,03:20:00 PM,15:20:00,Hot-Dry
15.93406169,-19.16744792,LA1,2009-10-02,03:40:00 PM,15:40:00,Hot-Dry
15.93476766,-19.16804199,LA1,2009-10-02,04:00:00 PM,16:00:00,Hot-Dry
15.9355245,-19.16756592,LA1,2009-10-02,04:20:00 PM,16:20:00,Hot-Dry
15.93640747,-19.16744385,LA1,2009-10-02,04:40:00 PM,16:40:00,Hot-Dry
15.93768819,-19.1680013,LA1,2009-10-02,05:00:00 PM,17:00:00,Hot-Dry
15.94108785,-19.16617635,LA1,2009-10-02,05:20:00 PM,17:20:00,Hot-Dry
15.94107564,-19.16617228,LA1,2009-10-02,05:40:00 PM,17:40:00,Hot-Dry
15.94171855,-19.16512655,LA1,2009-10-02,06:00:00 PM,18:00:00,Hot-Dry
15.94396566,-19.16520793,LA1,2009-10-02,06:20:00 PM,18:20:00,Hot-Dry
15.943927,-19.16516317,LA1,2009-10-02,06:40:00 PM,18:40:00,Hot-Dry
15.94507955,-19.16441447,LA1,2009-10-02,07:00:00 PM,19:00:00,Hot-Dry
15.94653625,-19.16259155,LA1,2009-10-02,07:20:00 PM,19:20:00,Hot-Dry
15.94759013,-19.16110433,LA1,2009-10-02,07:40:00 PM,19:40:00,Hot-Dry
15.94810079,-19.16048584,LA1,2009-10-02,08:00:00 PM,20:00:00,Hot-Dry
15.94880981,-19.16012166,LA1,2009-10-02,08:20:00 PM,20:20:00,Hot-Dry
15.95177002,-19.15801188,LA1,2009-10-02,08:40:00 PM,20:40:00,Hot-Dry
15.95187683,-19.15796305,LA1,2009-10-02,09:00:00 PM,21:00:00,Hot-Dry
15.95200704,-19.15788778,LA1,2009-10-02,09:20:00 PM,21:20:00,Hot-Dry
15.95198975,-19.15788574,LA1,2009-10-02,09:40:00 PM,21:40:00,Hot-Dry
15.95246379,-19.15776367,LA1,2009-10-02,10:00:00 PM,22:00:00,Hot-Dry
15.9525472,-19.15764771,LA1,2009-10-02,10:20:00 PM,22:20:00,Hot-Dry
15.95257263,-19.15761719,LA1,2009-10-02,10:40:00 PM,22:40:00,Hot-Dry
15.95258382,-19.15747884,LA1,2009-10-02,11:00:00 PM,23:00:00,Hot-Dry
15.95218608,-19.15704142,LA1,2009-10-02,11:20:00 PM,23:20:00,Hot-Dry
15.95222371,-19.15713094,LA1,2009-10-02,11:40:00 PM,23:40:00,Hot-Dry
15.95222168,-19.1571167,LA1,2009-10-03,12:00:00 AM,00:00:00,Hot-Dry
15.95241089,-19.15692342,LA1,2009-10-03,12:20:00 AM,00:20:00,Hot-Dry
15.95274353,-19.15651042,LA1,2009-10-03,12:40:00 AM,00:40:00,Hot-Dry
15.95315653,-19.15594482,LA1,2009-10-03,01:00:00 AM,01:00:00,Hot-Dry
15.95318705,-19.15592448,LA1,2009-10-03,01:20:00 AM,01:20:00,Hot-Dry
15.95311076,-19.15593058,LA1,2009-10-03,01:40:00 AM,01:40:00,Hot-Dry
15.9531484,-19.155955,LA1,2009-10-03,02:00:00 AM,02:00:00,Hot-Dry
15.95320231,-19.15591838,LA1,2009-10-03,02:20:00 AM,02:20:00,Hot-Dry
15.95318502,-19.15592855,LA1,2009-10-03,02:40:00 AM,02:40:00,Hot-Dry
15.95320435,-19.15591024,LA1,2009-10-03,03:00:00 AM,03:00:00,Hot-Dry
15.95318502,-19.15587769,LA1,2009-10-03,03:20:00 AM,03:20:00,Hot-Dry
15.95314229,-19.15609741,LA1,2009-10-03,03:40:00 AM,03:40:00,Hot-Dry
15.95318705,-19.15589396,LA1,2009-10-03,04:00:00 AM,04:00:00,Hot-Dry
15.95322571,-19.15589396,LA1,2009-10-03,04:20:00 AM,04:20:00,Hot-Dry
15.95336304,-19.15604655,LA1,2009-10-03,04:40:00 AM,04:40:00,Hot-Dry
15.95335897,-19.15602214,LA1,2009-10-03,05:00:00 AM,05:00:00,Hot-Dry
15.95372416,-19.15580037,LA1,2009-10-03,05:20:00 AM,05:20:00,Hot-Dry
15.95464681,-19.15505575,LA1,2009-10-03,05:40:00 AM,05:40:00,Hot-Dry
15.95575053,-19.15335693,LA1,2009-10-03,06:00:00 AM,06:00:00,Hot-Dry
15.956191,-19.15243734,LA1,2009-10-03,06:20:00 AM,06:20:00,Hot-Dry
15.95634867,-19.15215047,LA1,2009-10-03,06:40:00 AM,06:40:00,Hot-Dry
15.95678406,-19.15030721,LA1,2009-10-03,07:00:00 AM,07:00:00,Hot-Dry
15.95715637,-19.14986776,LA1,2009-10-03,07:20:00 AM,07:20:00,Hot-Dry
15.95880737,-19.14653524,LA1,2009-10-03,07:40:00 AM,07:40:00,Hot-Dry
15.95891418,-19.14416097,LA1,2009-10-03,08:00:00 AM,08:00:00,Hot-Dry
15.95919902,-19.14339803,LA1,2009-10-03,08:20:00 AM,08:20:00,Hot-Dry
15.95981038,-19.14289551,LA1,2009-10-03,08:40:00 AM,08:40:00,Hot-Dry
15.96153666,-19.14159546,LA1,2009-10-03,09:00:00 AM,09:00:00,Hot-Dry
15.9618693,-19.14163411,LA1,2009-10-03,09:20:00 AM,09:20:00,Hot-Dry
15.96362203,-19.14110107,LA1,2009-10-03,09:40:00 AM,09:40:00,Hot-Dry
15.96376343,-19.14105225,LA1,2009-10-03,10:00:00 AM,10:00:00,Hot-Dry
15.96459757,-19.14121908,LA1,2009-10-03,10:20:00 AM,10:20:00,Hot-Dry
15.96459249,-19.14121297,LA1,2009-10-03,10:40:00 AM,10:40:00,Hot-Dry
15.96458028,-19.14122314,LA1,2009-10-03,11:00:00 AM,11:00:00,Hot-Dry
15.96457621,-19.14121297,LA1,2009-10-03,11:20:00 AM,11:20:00,Hot-Dry
15.96457113,-19.14121501,LA1,2009-10-03,11:40:00 AM,11:40:00,Hot-Dry
15.96458232,-19.14122925,LA1,2009-10-03,12:00:00 PM,12:00:00,Hot-Dry
15.96463216,-19.14119466,LA1,2009-10-03,12:20:00 PM,12:20:00,Hot-Dry
15.96463826,-19.14120076,LA1,2009-10-03,12:40:00 PM,12:40:00,Hot-Dry
15.96496175,-19.14126994,LA1,2009-10-03,01:00:00 PM,13:00:00,Hot-Dry
15.96502482,-19.14155273,LA1,2009-10-03,01:20:00 PM,13:20:00,Hot-Dry
15.96512146,-19.14169515,LA1,2009-10-03,01:40:00 PM,13:40:00,Hot-Dry
15.96521606,-19.14175008,LA1,2009-10-03,02:00:00 PM,14:00:00,Hot-Dry
15.96553853,-19.1419047,LA1,2009-10-03,02:20:00 PM,14:20:00,Hot-Dry
15.96593526,-19.14191895,LA1,2009-10-03,02:40:00 PM,14:40:00,Hot-Dry
15.96712646,-19.14176025,LA1,2009-10-03,03:00:00 PM,15:00:00,Hot-Dry
15.96726379,-19.14184977,LA1,2009-10-03,03:20:00 PM,15:20:00,Hot-Dry
15.96719564,-19.14180298,LA1,2009-10-03,03:40:00 PM,15:40:00,Hot-Dry
15.96769409,-19.14176025,LA1,2009-10-03,04:00:00 PM,16:00:00,Hot-Dry
15.96893514,-19.14047241,LA1,2009-10-03,04:20:00 PM,16:20:00,Hot-Dry
15.96944987,-19.13932902,LA1,2009-10-03,04:40:00 PM,16:40:00,Hot-Dry
15.97168274,-19.13856608,LA1,2009-10-03,05:00:00 PM,17:00:00,Hot-Dry
15.97409668,-19.13874919,LA1,2009-10-03,05:21:00 PM,17:21:00,Hot-Dry
15.97448629,-19.13903605,LA1,2009-10-03,05:40:00 PM,17:40:00,Hot-Dry
15.97667338,-19.13885295,LA1,2009-10-03,06:00:00 PM,18:00:00,Hot-Dry
15.97671,-19.13884888,LA1,2009-10-03,06:20:00 PM,18:20:00,Hot-Dry
15.97680359,-19.13890788,LA1,2009-10-03,06:40:00 PM,18:40:00,Hot-Dry
15.97758382,-19.13923543,LA1,2009-10-03,07:00:00 PM,19:00:00,Hot-Dry
15.97768046,-19.13935343,LA1,2009-10-03,07:20:00 PM,19:20:00,Hot-Dry
15.97787272,-19.140212,LA1,2009-10-03,07:40:00 PM,19:40:00,Hot-Dry
15.97877096,-19.14056396,LA1,2009-10-03,08:00:00 PM,20:00:00,Hot-Dry
15.97961426,-19.14203084,LA1,2009-10-03,08:20:00 PM,20:20:00,Hot-Dry
15.98420207,-19.14890544,LA1,2009-10-03,08:40:00 PM,20:40:00,Hot-Dry
15.98672587,-19.1510498,LA1,2009-10-03,09:00:00 PM,21:00:00,Hot-Dry
15.99149577,-19.1569458,LA1,2009-10-03,09:20:00 PM,21:20:00,Hot-Dry
15.99584757,-19.16313883,LA1,2009-10-03,09:40:00 PM,21:40:00,Hot-Dry
15.99581401,-19.16311849,LA1,2009-10-03,10:00:00 PM,22:00:00,Hot-Dry
15.99581299,-19.16310832,LA1,2009-10-03,10:20:00 PM,22:20:00,Hot-Dry
15.99576721,-19.16313883,LA1,2009-10-03,10:40:00 PM,22:40:00,Hot-Dry
15.99571635,-19.16315104,LA1,2009-10-03,11:00:00 PM,23:00:00,Hot-Dry
15.99578247,-19.16313883,LA1,2009-10-03,11:20:00 PM,23:20:00,Hot-Dry
15.99485372,-19.16757609,LA1,2009-10-03,11:40:00 PM,23:40:00,Hot-Dry
15.99418945,-19.17044678,LA1,2009-10-04,12:00:00 AM,00:00:00,Hot-Dry
15.99422404,-19.17418009,LA1,2009-10-04,12:20:00 AM,00:20:00,Hot-Dry
15.99190267,-19.17736613,LA1,2009-10-04,12:40:00 AM,00:40:00,Hot-Dry
15.99100647,-19.17779948,LA1,2009-10-04,01:00:00 AM,01:00:00,Hot-Dry
15.9908488,-19.17798869,LA1,2009-10-04,01:20:00 AM,01:20:00,Hot-Dry
15.99076131,-19.17872111,LA1,2009-10-04,01:40:00 AM,01:40:00,Hot-Dry
15.99074097,-19.17914225,LA1,2009-10-04,02:00:00 AM,02:00:00,Hot-Dry
15.99073893,-19.17914022,LA1,2009-10-04,02:20:00 AM,02:20:00,Hot-Dry
15.98994649,-19.17975871,LA1,2009-10-04,02:40:00 AM,02:40:00,Hot-Dry
15.98993225,-19.17978923,LA1,2009-10-04,03:00:00 AM,03:00:00,Hot-Dry
15.98992513,-19.17979126,LA1,2009-10-04,03:20:00 AM,03:20:00,Hot-Dry
15.98995463,-19.17975667,LA1,2009-10-04,03:40:00 AM,03:40:00,Hot-Dry
15.98992106,-19.17981567,LA1,2009-10-04,04:00:00 AM,04:00:00,Hot-Dry
15.98991292,-19.17979126,LA1,2009-10-04,04:20:00 AM,04:20:00,Hot-Dry
15.98978068,-19.17986043,LA1,2009-10-04,04:40:00 AM,04:40:00,Hot-Dry
15.98942362,-19.1801005,LA1,2009-10-04,05:00:00 AM,05:00:00,Hot-Dry
15.98814494,-19.18140666,LA1,2009-10-04,05:20:00 AM,05:20:00,Hot-Dry
15.98825989,-19.18153483,LA1,2009-10-04,05:40:00 AM,05:40:00,Hot-Dry
15.9880717,-19.18168538,LA1,2009-10-04,06:00:00 AM,06:00:00,Hot-Dry
15.98793844,-19.18172811,LA1,2009-10-04,06:20:00 AM,06:20:00,Hot-Dry
15.98792623,-19.1818217,LA1,2009-10-04,06:40:00 AM,06:40:00,Hot-Dry
15.9879598,-19.18184408,LA1,2009-10-04,07:00:00 AM,07:00:00,Hot-Dry
15.9879364,-19.18158976,LA1,2009-10-04,07:20:00 AM,07:20:00,Hot-Dry
15.98793538,-19.18129272,LA1,2009-10-04,07:40:00 AM,07:40:00,Hot-Dry
15.98786926,-19.18087972,LA1,2009-10-04,08:00:00 AM,08:00:00,Hot-Dry
15.98785197,-19.18064779,LA1,2009-10-04,08:20:00 AM,08:20:00,Hot-Dry
15.98798014,-19.17990316,LA1,2009-10-04,08:40:00 AM,08:40:00,Hot-Dry
15.98805949,-19.17964478,LA1,2009-10-04,09:00:00 AM,09:00:00,Hot-Dry
15.9883433,-19.17880656,LA1,2009-10-04,09:20:00 AM,09:20:00,Hot-Dry
15.98877563,-19.17715861,LA1,2009-10-04,09:40:00 AM,09:40:00,Hot-Dry
15.99113871,-19.17176921,LA1,2009-10-04,10:00:00 AM,10:00:00,Hot-Dry
15.99476827,-19.16460978,LA1,2009-10-04,10:20:00 AM,10:20:00,Hot-Dry
15.99580994,-19.16313883,LA1,2009-10-04,10:40:00 AM,10:40:00,Hot-Dry
15.99578552,-19.16314697,LA1,2009-10-04,11:00:00 AM,11:00:00,Hot-Dry
15.99626872,-19.16313883,LA1,2009-10-04,11:20:00 AM,11:20:00,Hot-Dry
15.99603984,-19.1631368,LA1,2009-10-04,11:40:00 AM,11:40:00,Hot-Dry
15.99582214,-19.16312052,LA1,2009-10-04,12:00:00 PM,12:00:00,Hot-Dry
15.99583842,-19.16311239,LA1,2009-10-04,12:20:00 PM,12:20:00,Hot-Dry
15.99581197,-19.1629659,LA1,2009-10-04,12:40:00 PM,12:40:00,Hot-Dry
15.99487203,-19.16151123,LA1,2009-10-04,01:00:00 PM,13:00:00,Hot-Dry
15.99224243,-19.15800985,LA1,2009-10-04,01:20:00 PM,13:20:00,Hot-Dry
15.98906352,-19.15463257,LA1,2009-10-04,01:40:00 PM,13:40:00,Hot-Dry
15.9857371,-19.1519694,LA1,2009-10-04,02:00:00 PM,14:00:00,Hot-Dry
15.98583069,-19.15165609,LA1,2009-10-04,02:20:00 PM,14:20:00,Hot-Dry
15.98218791,-19.14681396,LA1,2009-10-04,02:40:00 PM,14:40:00,Hot-Dry
15.97880452,-19.14158122,LA1,2009-10-04,03:00:00 PM,15:00:00,Hot-Dry
15.97838236,-19.14136963,LA1,2009-10-04,03:20:00 PM,15:20:00,Hot-Dry
15.97812297,-19.14124552,LA1,2009-10-04,03:40:00 PM,15:40:00,Hot-Dry
15.97799886,-19.14082031,LA1,2009-10-04,04:00:00 PM,16:00:00,Hot-Dry
15.97771301,-19.14015503,LA1,2009-10-04,04:20:00 PM,16:20:00,Hot-Dry
15.97684021,-19.13953654,LA1,2009-10-04,04:40:00 PM,16:40:00,Hot-Dry
15.97675883,-19.13955688,LA1,2009-10-04,05:00:00 PM,17:00:00,Hot-Dry
15.97555847,-19.13879191,LA1,2009-10-04,05:20:00 PM,17:20:00,Hot-Dry
15.97497864,-19.1392334,LA1,2009-10-04,05:40:00 PM,17:40:00,Hot-Dry
15.9730072,-19.1394633,LA1,2009-10-04,06:00:00 PM,18:00:00,Hot-Dry
15.97112732,-19.13991496,LA1,2009-10-04,06:20:00 PM,18:20:00,Hot-Dry
15.97076009,-19.14005534,LA1,2009-10-04,06:40:00 PM,18:40:00,Hot-Dry
15.97076213,-19.14005737,LA1,2009-10-04,07:00:00 PM,19:00:00,Hot-Dry
15.97071228,-19.1400533,LA1,2009-10-04,07:20:00 PM,19:20:00,Hot-Dry
15.9701711,-19.14015503,LA1,2009-10-04,07:40:00 PM,19:40:00,Hot-Dry
15.9699585,-19.14029541,LA1,2009-10-04,08:00:00 PM,20:00:00,Hot-Dry
15.9699056,-19.14034627,LA1,2009-10-04,08:20:00 PM,20:20:00,Hot-Dry
15.96985779,-19.14030558,LA1,2009-10-04,08:40:00 PM,20:40:00,Hot-Dry
15.96973775,-19.14032186,LA1,2009-10-04,09:00:00 PM,21:00:00,Hot-Dry
15.96972961,-19.14039307,LA1,2009-10-04,09:20:00 PM,21:20:00,Hot-Dry
15.96965434,-19.14028524,LA1,2009-10-04,09:40:00 PM,21:40:00,Hot-Dry
15.96873067,-19.14065348,LA1,2009-10-04,10:00:00 PM,22:00:00,Hot-Dry
15.96709696,-19.140566,LA1,2009-10-04,10:20:00 PM,22:20:00,Hot-Dry
15.96710409,-19.14053955,LA1,2009-10-04,10:40:00 PM,22:40:00,Hot-Dry
15.96714274,-19.14058431,LA1,2009-10-04,11:00:00 PM,23:00:00,Hot-Dry
15.96711629,-19.14054769,LA1,2009-10-04,11:20:00 PM,23:20:00,Hot-Dry
15.96707764,-19.14054972,LA1,2009-10-04,11:40:00 PM,23:40:00,Hot-Dry
15.96705933,-19.140566,LA1,2009-10-05,12:00:00 AM,00:00:00,Hot-Dry
15.96708272,-19.14052124,LA1,2009-10-05,12:20:00 AM,00:20:00,Hot-Dry
15.96708069,-19.14058431,LA1,2009-10-05,12:40:00 AM,00:40:00,Hot-Dry
15.96711019,-19.14055583,LA1,2009-10-05,01:00:00 AM,01:00:00,Hot-Dry
15.96710307,-19.14052734,LA1,2009-10-05,01:20:00 AM,01:20:00,Hot-Dry
15.96703695,-19.14049886,LA1,2009-10-05,01:40:00 AM,01:40:00,Hot-Dry
15.96708171,-19.140566,LA1,2009-10-05,02:00:00 AM,02:00:00,Hot-Dry
15.9670929,-19.14056803,LA1,2009-10-05,02:21:00 AM,02:21:00,Hot-Dry
15.96706848,-19.14057414,LA1,2009-10-05,02:40:00 AM,02:40:00,Hot-Dry
15.96708476,-19.14052938,LA1,2009-10-05,03:00:00 AM,03:00:00,Hot-Dry
15.96716207,-19.14056803,LA1,2009-10-05,03:20:00 AM,03:20:00,Hot-Dry
15.96702067,-19.14101563,LA1,2009-10-05,03:40:00 AM,03:40:00,Hot-Dry
15.96691284,-19.14136149,LA1,2009-10-05,04:00:00 AM,04:00:00,Hot-Dry
15.96650187,-19.14222819,LA1,2009-10-05,04:20:00 AM,04:20:00,Hot-Dry
15.96625264,-19.14256795,LA1,2009-10-05,04:40:00 AM,04:40:00,Hot-Dry
15.96601766,-19.14266154,LA1,2009-10-05,05:00:00 AM,05:00:00,Hot-Dry
15.96538493,-19.14422811,LA1,2009-10-05,05:20:00 AM,05:20:00,Hot-Dry
15.9649353,-19.14492594,LA1,2009-10-05,05:40:00 AM,05:40:00,Hot-Dry
15.96377665,-19.14609985,LA1,2009-10-05,06:00:00 AM,06:00:00,Hot-Dry
15.96318054,-19.14679769,LA1,2009-10-05,06:20:00 AM,06:20:00,Hot-Dry
15.96150513,-19.14736328,LA1,2009-10-05,06:40:00 AM,06:40:00,Hot-Dry
15.96065572,-19.14797567,LA1,2009-10-05,07:00:00 AM,07:00:00,Hot-Dry
15.96059469,-19.1484436,LA1,2009-10-05,07:20:00 AM,07:20:00,Hot-Dry
15.95994873,-19.14948527,LA1,2009-10-05,07:40:00 AM,07:40:00,Hot-Dry
15.95994364,-19.14979045,LA1,2009-10-05,08:00:00 AM,08:00:00,Hot-Dry
15.96008911,-19.15005493,LA1,2009-10-05,08:20:00 AM,08:20:00,Hot-Dry
15.96008097,-19.15015259,LA1,2009-10-05,08:40:00 AM,08:40:00,Hot-Dry
15.96106669,-19.15076497,LA1,2009-10-05,09:00:00 AM,09:00:00,Hot-Dry
15.96234029,-19.15137736,LA1,2009-10-05,09:20:00 AM,09:20:00,Hot-Dry
15.96730245,-19.15425212,LA1,2009-10-05,09:40:00 AM,09:40:00,Hot-Dry
15.97413534,-19.15751343,LA1,2009-10-05,10:00:00 AM,10:00:00,Hot-Dry
15.98238831,-19.16036174,LA1,2009-10-05,10:20:00 AM,10:20:00,Hot-Dry
15.990448,-19.16237996,LA1,2009-10-05,10:40:00 AM,10:40:00,Hot-Dry
15.99609375,-19.1632019,LA1,2009-10-05,11:00:00 AM,11:00:00,Hot-Dry
15.99630127,-19.16387126,LA1,2009-10-05,11:20:00 AM,11:20:00,Hot-Dry
15.99614665,-19.16365153,LA1,2009-10-05,11:40:00 AM,11:40:00,Hot-Dry
15.99570516,-19.16336263,LA1,2009-10-05,12:00:00 PM,12:00:00,Hot-Dry
15.9958079,-19.16310018,LA1,2009-10-05,12:20:00 PM,12:20:00,Hot-Dry
15.99579061,-19.16314901,LA1,2009-10-05,12:40:00 PM,12:40:00,Hot-Dry
15.99579061,-19.16312663,LA1,2009-10-05,01:00:00 PM,13:00:00,Hot-Dry
15.99608256,-19.16309001,LA1,2009-10-05,01:20:00 PM,13:20:00,Hot-Dry
15.99622904,-19.16341756,LA1,2009-10-05,01:40:00 PM,13:40:00,Hot-Dry
15.9962382,-19.16340942,LA1,2009-10-05,02:00:00 PM,14:00:00,Hot-Dry
15.99614665,-19.16337891,LA1,2009-10-05,02:20:00 PM,14:20:00,Hot-Dry
15.99588928,-19.16321208,LA1,2009-10-05,02:40:00 PM,14:40:00,Hot-Dry
15.99415792,-19.16593018,LA1,2009-10-05,03:00:00 PM,15:00:00,Hot-Dry
15.99259542,-19.16755981,LA1,2009-10-05,03:20:00 PM,15:20:00,Hot-Dry
15.99220683,-19.16822917,LA1,2009-10-05,03:40:00 PM,15:40:00,Hot-Dry
15.99104004,-19.16947632,LA1,2009-10-05,04:00:00 PM,16:00:00,Hot-Dry
15.9908254,-19.16980591,LA1,2009-10-05,04:20:00 PM,16:20:00,Hot-Dry
15.99021403,-19.17044271,LA1,2009-10-05,04:40:00 PM,16:40:00,Hot-Dry
15.98969218,-19.17164307,LA1,2009-10-05,05:00:00 PM,17:00:00,Hot-Dry
15.98933919,-19.17258097,LA1,2009-10-05,05:20:00 PM,17:20:00,Hot-Dry
15.98895671,-19.17359416,LA1,2009-10-05,05:40:00 PM,17:40:00,Hot-Dry
15.98871867,-19.17458903,LA1,2009-10-05,06:00:00 PM,18:00:00,Hot-Dry
15.98834635,-19.17460734,LA1,2009-10-05,06:20:00 PM,18:20:00,Hot-Dry
15.98786214,-19.17492676,LA1,2009-10-05,06:40:00 PM,18:40:00,Hot-Dry
15.98781433,-19.17497355,LA1,2009-10-05,07:00:00 PM,19:00:00,Hot-Dry
15.98719584,-19.175,LA1,2009-10-05,07:20:00 PM,19:20:00,Hot-Dry
15.98699849,-19.17513631,LA1,2009-10-05,07:40:00 PM,19:40:00,Hot-Dry
15.98600972,-19.17589315,LA1,2009-10-05,08:00:00 PM,20:00:00,Hot-Dry
15.98592224,-19.17594401,LA1,2009-10-05,08:20:00 PM,20:20:00,Hot-Dry
15.98594157,-19.17599487,LA1,2009-10-05,08:40:00 PM,20:40:00,Hot-Dry
15.98574117,-19.17613118,LA1,2009-10-05,09:00:00 PM,21:00:00,Hot-Dry
15.98568827,-19.17609456,LA1,2009-10-05,09:20:00 PM,21:20:00,Hot-Dry
15.98565776,-19.17608032,LA1,2009-10-05,09:40:00 PM,21:40:00,Hot-Dry
15.98547668,-19.17611898,LA1,2009-10-05,10:00:00 PM,22:00:00,Hot-Dry
15.98531087,-19.17640788,LA1,2009-10-05,10:20:00 PM,22:20:00,Hot-Dry
15.98488057,-19.17670288,LA1,2009-10-05,10:40:00 PM,22:40:00,Hot-Dry
15.98473002,-19.1768453,LA1,2009-10-05,11:00:00 PM,23:00:00,Hot-Dry
15.98352661,-19.17720744,LA1,2009-10-05,11:20:00 PM,23:20:00,Hot-Dry
15.98325704,-19.17722371,LA1,2009-10-05,11:40:00 PM,23:40:00,Hot-Dry
15.98293559,-19.17726847,LA1,2009-10-06,12:00:00 AM,00:00:00,Hot-Dry
15.98220317,-19.17741496,LA1,2009-10-06,12:20:00 AM,00:20:00,Hot-Dry
15.98047994,-19.17792155,LA1,2009-10-06,12:40:00 AM,00:40:00,Hot-Dry
15.98048299,-19.17789307,LA1,2009-10-06,01:00:00 AM,01:00:00,Hot-Dry
15.98049622,-19.17787679,LA1,2009-10-06,01:20:00 AM,01:20:00,Hot-Dry
15.98050334,-19.17788493,LA1,2009-10-06,01:40:00 AM,01:40:00,Hot-Dry
15.98046265,-19.17793172,LA1,2009-10-06,02:00:00 AM,02:00:00,Hot-Dry
15.98047384,-19.17789917,LA1,2009-10-06,02:20:00 AM,02:20:00,Hot-Dry
15.98048197,-19.17791545,LA1,2009-10-06,02:40:00 AM,02:40:00,Hot-Dry
15.98046875,-19.17793172,LA1,2009-10-06,03:00:00 AM,03:00:00,Hot-Dry
15.98042704,-19.17793783,LA1,2009-10-06,03:20:00 AM,03:20:00,Hot-Dry
15.98049418,-19.17794596,LA1,2009-10-06,03:40:00 AM,03:40:00,Hot-Dry
15.98047384,-19.17791748,LA1,2009-10-06,04:00:00 AM,04:00:00,Hot-Dry
15.98047791,-19.17793376,LA1,2009-10-06,04:20:00 AM,04:20:00,Hot-Dry
15.98043518,-19.17791545,LA1,2009-10-06,04:40:00 AM,04:40:00,Hot-Dry
15.98064168,-19.17797445,LA1,2009-10-06,05:00:00 AM,05:00:00,Hot-Dry
15.98088888,-19.17809652,LA1,2009-10-06,05:20:00 AM,05:20:00,Hot-Dry
15.98108114,-19.17812907,LA1,2009-10-06,05:40:00 AM,05:40:00,Hot-Dry
15.9810201,-19.17821859,LA1,2009-10-06,06:00:00 AM,06:00:00,Hot-Dry
15.98208415,-19.17871501,LA1,2009-10-06,06:20:00 AM,06:20:00,Hot-Dry
15.98209534,-19.17872518,LA1,2009-10-06,06:40:00 AM,06:40:00,Hot-Dry
15.98205973,-19.17884725,LA1,2009-10-06,07:00:00 AM,07:00:00,Hot-Dry
15.98201803,-19.17895101,LA1,2009-10-06,07:20:00 AM,07:20:00,Hot-Dry
15.98195292,-19.17918294,LA1,2009-10-06,07:40:00 AM,07:40:00,Hot-Dry
15.98221029,-19.17921956,LA1,2009-10-06,08:00:00 AM,08:00:00,Hot-Dry
15.98251953,-19.17898153,LA1,2009-10-06,08:20:00 AM,08:20:00,Hot-Dry
15.98331502,-19.1782369,LA1,2009-10-06,08:40:00 AM,08:40:00,Hot-Dry
15.98407389,-19.17759196,LA1,2009-10-06,09:00:00 AM,09:00:00,Hot-Dry
15.98598124,-19.17699382,LA1,2009-10-06,09:20:00 AM,09:20:00,Hot-Dry
15.98633118,-19.17685954,LA1,2009-10-06,09:40:00 AM,09:40:00,Hot-Dry
15.98766988,-19.17612101,LA1,2009-10-06,10:00:00 AM,10:00:00,Hot-Dry
15.98931376,-19.17484945,LA1,2009-10-06,10:20:00 AM,10:20:00,Hot-Dry
15.9918691,-19.17025553,LA1,2009-10-06,10:40:00 AM,10:40:00,Hot-Dry
15.9960022,-19.16347249,LA1,2009-10-06,11:00:00 AM,11:00:00,Hot-Dry
15.99636536,-19.1632609,LA1,2009-10-06,11:20:00 AM,11:20:00,Hot-Dry
15.99628499,-19.16340129,LA1,2009-10-06,11:40:00 AM,11:40:00,Hot-Dry
15.99628398,-19.16338908,LA1,2009-10-06,12:00:00 PM,12:00:00,Hot-Dry
15.9963033,-19.16339518,LA1,2009-10-06,12:20:00 PM,12:20:00,Hot-Dry
15.99626058,-19.16341553,LA1,2009-10-06,12:40:00 PM,12:40:00,Hot-Dry
15.99625753,-19.16340535,LA1,2009-10-06,01:00:00 PM,13:00:00,Hot-Dry
15.99582214,-19.16313477,LA1,2009-10-06,01:20:00 PM,13:20:00,Hot-Dry
15.99580383,-19.16315104,LA1,2009-10-06,01:40:00 PM,13:40:00,Hot-Dry
15.99581706,-19.16313273,LA1,2009-10-06,02:00:00 PM,14:00:00,Hot-Dry
15.99570109,-19.16312459,LA1,2009-10-06,02:20:00 PM,14:20:00,Hot-Dry
15.99578959,-19.16312866,LA1,2009-10-06,02:40:00 PM,14:40:00,Hot-Dry
15.99615885,-19.16565959,LA1,2009-10-06,03:00:00 PM,15:00:00,Hot-Dry
15.99853007,-19.17085571,LA1,2009-10-06,03:20:00 PM,15:20:00,Hot-Dry
15.99996033,-19.17380778,LA1,2009-10-06,03:40:00 PM,15:40:00,Hot-Dry
16.00034993,-19.17595622,LA1,2009-10-06,04:00:00 PM,16:00:00,Hot-Dry
16.00036316,-19.17599691,LA1,2009-10-06,04:20:00 PM,16:20:00,Hot-Dry
16.00027669,-19.17631632,LA1,2009-10-06,04:40:00 PM,16:40:00,Hot-Dry
16.00016886,-19.17677205,LA1,2009-10-06,05:00:00 PM,17:00:00,Hot-Dry
16.00056763,-19.17782389,LA1,2009-10-06,05:20:00 PM,17:20:00,Hot-Dry
16.00054118,-19.17787069,LA1,2009-10-06,05:40:00 PM,17:40:00,Hot-Dry
16.00009969,-19.17789714,LA1,2009-10-06,06:00:00 PM,18:00:00,Hot-Dry
15.99902649,-19.1779012,LA1,2009-10-06,06:20:00 PM,18:20:00,Hot-Dry
15.99901326,-19.17822469,LA1,2009-10-06,06:40:00 PM,18:40:00,Hot-Dry
15.99928385,-19.17890015,LA1,2009-10-06,07:00:00 PM,19:00:00,Hot-Dry
15.99926961,-19.17897542,LA1,2009-10-06,07:20:00 PM,19:20:00,Hot-Dry
15.99919637,-19.17920125,LA1,2009-10-06,07:40:00 PM,19:40:00,Hot-Dry
15.99913127,-19.17959391,LA1,2009-10-06,08:00:00 PM,20:00:00,Hot-Dry
15.9990682,-19.17984619,LA1,2009-10-06,08:20:00 PM,20:20:00,Hot-Dry
15.99895426,-19.17993978,LA1,2009-10-06,08:40:00 PM,20:40:00,Hot-Dry
15.99860433,-19.17993978,LA1,2009-10-06,09:00:00 PM,21:00:00,Hot-Dry
15.99845479,-19.18004964,LA1,2009-10-06,09:20:00 PM,21:20:00,Hot-Dry
15.99834391,-19.18048706,LA1,2009-10-06,09:40:00 PM,21:40:00,Hot-Dry
15.99830424,-19.18054199,LA1,2009-10-06,10:00:00 PM,22:00:00,Hot-Dry
15.99851278,-19.18066406,LA1,2009-10-06,10:20:00 PM,22:20:00,Hot-Dry
15.99871521,-19.18089803,LA1,2009-10-06,10:40:00 PM,22:40:00,Hot-Dry
15.99885864,-19.18113607,LA1,2009-10-06,11:00:00 PM,23:00:00,Hot-Dry
15.99891357,-19.18158569,LA1,2009-10-06,11:20:00 PM,23:20:00,Hot-Dry
15.9989034,-19.18157145,LA1,2009-10-06,11:40:00 PM,23:40:00,Hot-Dry
15.99888509,-19.18161214,LA1,2009-10-07,12:00:00 AM,00:00:00,Hot-Dry
15.99888713,-19.18160807,LA1,2009-10-07,12:20:00 AM,00:20:00,Hot-Dry
15.99890645,-19.18152262,LA1,2009-10-07,12:40:00 AM,00:40:00,Hot-Dry
15.99888916,-19.18162435,LA1,2009-10-07,01:00:00 AM,01:00:00,Hot-Dry
15.99903463,-19.18152873,LA1,2009-10-07,01:20:00 AM,01:20:00,Hot-Dry
15.99891764,-19.18157349,LA1,2009-10-07,01:40:00 AM,01:40:00,Hot-Dry
15.99889425,-19.18159383,LA1,2009-10-07,02:00:00 AM,02:00:00,Hot-Dry
15.99897461,-19.18155518,LA1,2009-10-07,02:20:00 AM,02:20:00,Hot-Dry
15.99897563,-19.18157756,LA1,2009-10-07,02:40:00 AM,02:40:00,Hot-Dry
15.99892069,-19.181604,LA1,2009-10-07,03:00:00 AM,03:00:00,Hot-Dry
15.99889018,-19.18157959,LA1,2009-10-07,03:20:00 AM,03:20:00,Hot-Dry
15.99892985,-19.18157959,LA1,2009-10-07,03:40:00 AM,03:40:00,Hot-Dry
15.99897664,-19.18154704,LA1,2009-10-07,04:00:00 AM,04:00:00,Hot-Dry
15.99889425,-19.18159993,LA1,2009-10-07,04:20:00 AM,04:20:00,Hot-Dry
15.9988505,-19.1816569,LA1,2009-10-07,04:40:00 AM,04:40:00,Hot-Dry
15.99888306,-19.1817688,LA1,2009-10-07,05:00:00 AM,05:00:00,Hot-Dry
15.99884847,-19.18186035,LA1,2009-10-07,05:20:00 AM,05:20:00,Hot-Dry
15.99867757,-19.18189494,LA1,2009-10-07,05:40:00 AM,05:40:00,Hot-Dry
15.99867045,-19.18190511,LA1,2009-10-07,06:00:00 AM,06:00:00,Hot-Dry
15.99855754,-19.18197835,LA1,2009-10-07,06:20:00 AM,06:20:00,Hot-Dry
15.99853007,-19.1821696,LA1,2009-10-07,06:40:00 AM,06:40:00,Hot-Dry
15.99843953,-19.18216349,LA1,2009-10-07,07:00:00 AM,07:00:00,Hot-Dry
15.99828796,-19.18198242,LA1,2009-10-07,07:20:00 AM,07:20:00,Hot-Dry
15.99829305,-19.18173828,LA1,2009-10-07,07:40:00 AM,07:40:00,Hot-Dry
15.99822286,-19.18153483,LA1,2009-10-07,08:00:00 AM,08:00:00,Hot-Dry
15.99811503,-19.18137004,LA1,2009-10-07,08:20:00 AM,08:20:00,Hot-Dry
15.99764201,-19.18029785,LA1,2009-10-07,08:40:00 AM,08:40:00,Hot-Dry
15.99683024,-19.17929281,LA1,2009-10-07,09:00:00 AM,09:00:00,Hot-Dry
15.99553121,-19.17673747,LA1,2009-10-07,09:20:00 AM,09:20:00,Hot-Dry
15.99510701,-19.17555949,LA1,2009-10-07,09:40:00 AM,09:40:00,Hot-Dry
15.99482625,-19.17296956,LA1,2009-10-07,10:00:00 AM,10:00:00,Hot-Dry
15.99507751,-19.16592407,LA1,2009-10-07,10:20:00 AM,10:20:00,Hot-Dry
15.99585266,-19.16311239,LA1,2009-10-07,10:40:00 AM,10:40:00,Hot-Dry
15.99580994,-19.16313273,LA1,2009-10-07,11:00:00 AM,11:00:00,Hot-Dry
15.99576619,-19.16305542,LA1,2009-10-07,11:20:00 AM,11:20:00,Hot-Dry
15.99576823,-19.16306152,LA1,2009-10-07,11:40:00 AM,11:40:00,Hot-Dry
15.99579163,-19.16309814,LA1,2009-10-07,12:00:00 PM,12:00:00,Hot-Dry
15.99580282,-19.16315104,LA1,2009-10-07,12:20:00 PM,12:20:00,Hot-Dry
15.99613953,-19.16334432,LA1,2009-10-07,12:40:00 PM,12:40:00,Hot-Dry
15.99605815,-19.16319173,LA1,2009-10-07,01:00:00 PM,13:00:00,Hot-Dry
15.9961497,-19.1631307,LA1,2009-10-07,01:20:00 PM,13:20:00,Hot-Dry
15.99578857,-19.16311849,LA1,2009-10-07,01:40:00 PM,13:40:00,Hot-Dry
15.99579773,-19.16313273,LA1,2009-10-07,02:00:00 PM,14:00:00,Hot-Dry
16.00060527,-19.16668905,LA1,2009-10-07,02:20:00 PM,14:20:00,Hot-Dry
16.00249329,-19.16734823,LA1,2009-10-07,02:40:00 PM,14:40:00,Hot-Dry
16.00698853,-19.16792603,LA1,2009-10-07,03:00:00 PM,15:00:00,Hot-Dry
16.00842387,-19.16756795,LA1,2009-10-07,03:20:00 PM,15:20:00,Hot-Dry
16.00963745,-19.16721395,LA1,2009-10-07,03:40:00 PM,15:40:00,Hot-Dry
16.01018473,-19.16700643,LA1,2009-10-07,04:00:00 PM,16:00:00,Hot-Dry
16.01157532,-19.16635539,LA1,2009-10-07,04:20:00 PM,16:20:00,Hot-Dry
16.0133728,-19.16593424,LA1,2009-10-07,04:40:00 PM,16:40:00,Hot-Dry
16.0135142,-19.16596069,LA1,2009-10-07,05:00:00 PM,17:00:00,Hot-Dry
16.01365967,-19.16594645,LA1,2009-10-07,05:20:00 PM,17:20:00,Hot-Dry
16.01372782,-19.165861,LA1,2009-10-07,05:40:00 PM,17:40:00,Hot-Dry
16.01430766,-19.16533813,LA1,2009-10-07,06:00:00 PM,18:00:00,Hot-Dry
16.01608582,-19.16510417,LA1,2009-10-07,06:20:00 PM,18:20:00,Hot-Dry
16.01698812,-19.16499634,LA1,2009-10-07,06:40:00 PM,18:40:00,Hot-Dry
16.01750692,-19.16516113,LA1,2009-10-07,07:00:00 PM,19:00:00,Hot-Dry
16.01827189,-19.16601156,LA1,2009-10-07,07:20:00 PM,19:20:00,Hot-Dry
16.01814575,-19.16631673,LA1,2009-10-07,07:40:00 PM,19:40:00,Hot-Dry
16.01817932,-19.16687012,LA1,2009-10-07,08:00:00 PM,20:00:00,Hot-Dry
16.01827494,-19.16729126,LA1,2009-10-07,08:20:00 PM,20:20:00,Hot-Dry
16.01825968,-19.16730347,LA1,2009-10-07,08:40:00 PM,20:40:00,Hot-Dry
16.01829834,-19.16761678,LA1,2009-10-07,09:00:00 PM,21:00:00,Hot-Dry
16.01767476,-19.16816203,LA1,2009-10-07,09:20:00 PM,21:20:00,Hot-Dry
16.01675618,-19.16943359,LA1,2009-10-07,09:40:00 PM,21:40:00,Hot-Dry
16.01676331,-19.16944987,LA1,2009-10-07,10:00:00 PM,22:00:00,Hot-Dry
16.01668193,-19.16958822,LA1,2009-10-07,10:20:00 PM,22:20:00,Hot-Dry
16.01551819,-19.17047526,LA1,2009-10-07,10:40:00 PM,22:40:00,Hot-Dry
16.01544189,-19.17066447,LA1,2009-10-07,11:00:00 PM,23:00:00,Hot-Dry
16.01519368,-19.17116496,LA1,2009-10-07,11:20:00 PM,23:20:00,Hot-Dry
16.014328,-19.17210286,LA1,2009-10-07,11:40:00 PM,23:40:00,Hot-Dry
16.01432292,-19.17209473,LA1,2009-10-08,12:00:00 AM,00:00:00,Hot-Dry
16.01435649,-19.17212321,LA1,2009-10-08,12:20:00 AM,00:20:00,Hot-Dry
16.01428324,-19.17210083,LA1,2009-10-08,12:40:00 AM,00:40:00,Hot-Dry
16.0143158,-19.17211304,LA1,2009-10-08,01:00:00 AM,01:00:00,Hot-Dry
16.01435038,-19.17215576,LA1,2009-10-08,01:20:00 AM,01:20:00,Hot-Dry
16.01427917,-19.17212931,LA1,2009-10-08,01:40:00 AM,01:40:00,Hot-Dry
16.01426493,-19.17212931,LA1,2009-10-08,02:00:00 AM,02:00:00,Hot-Dry
16.01427917,-19.17211914,LA1,2009-10-08,02:20:00 AM,02:20:00,Hot-Dry
16.01433818,-19.17213542,LA1,2009-10-08,02:40:00 AM,02:40:00,Hot-Dry
16.01433207,-19.17215169,LA1,2009-10-08,03:00:00 AM,03:00:00,Hot-Dry
16.01427511,-19.17209473,LA1,2009-10-08,03:20:00 AM,03:20:00,Hot-Dry
16.01427511,-19.17210693,LA1,2009-10-08,03:40:00 AM,03:40:00,Hot-Dry
16.01435852,-19.17214762,LA1,2009-10-08,04:00:00 AM,04:00:00,Hot-Dry
16.0142395,-19.17218221,LA1,2009-10-08,04:20:00 AM,04:20:00,Hot-Dry
16.01412862,-19.17220052,LA1,2009-10-08,04:40:00 AM,04:40:00,Hot-Dry
16.01411743,-19.1723877,LA1,2009-10-08,05:00:00 AM,05:00:00,Hot-Dry
16.01404826,-19.17236735,LA1,2009-10-08,05:20:00 AM,05:20:00,Hot-Dry
16.01375631,-19.17218831,LA1,2009-10-08,05:40:00 AM,05:40:00,Hot-Dry
16.01355693,-19.17205607,LA1,2009-10-08,06:00:00 AM,06:00:00,Hot-Dry
16.01327108,-19.17186279,LA1,2009-10-08,06:20:00 AM,06:20:00,Hot-Dry
16.01292826,-19.17179362,LA1,2009-10-08,06:40:00 AM,06:40:00,Hot-Dry
16.01234131,-19.17178141,LA1,2009-10-08,07:00:00 AM,07:00:00,Hot-Dry
16.01187337,-19.17177327,LA1,2009-10-08,07:20:00 AM,07:20:00,Hot-Dry
16.00995076,-19.17111206,LA1,2009-10-08,07:40:00 AM,07:40:00,Hot-Dry
16.00757039,-19.17052409,LA1,2009-10-08,08:00:00 AM,08:00:00,Hot-Dry
16.00258077,-19.16897583,LA1,2009-10-08,08:20:00 AM,08:20:00,Hot-Dry
15.99583944,-19.16315715,LA1,2009-10-08,08:40:00 AM,08:40:00,Hot-Dry
15.99583232,-19.16312256,LA1,2009-10-08,09:00:00 AM,09:00:00,Hot-Dry
15.99579671,-19.16315104,LA1,2009-10-08,09:20:00 AM,09:20:00,Hot-Dry
15.99580994,-19.16312052,LA1,2009-10-08,09:40:00 AM,09:40:00,Hot-Dry
15.9960378,-19.16319173,LA1,2009-10-08,10:00:00 AM,10:00:00,Hot-Dry
15.99611715,-19.16310425,LA1,2009-10-08,10:20:00 AM,10:20:00,Hot-Dry
15.99587402,-19.16341553,LA1,2009-10-08,10:40:00 AM,10:40:00,Hot-Dry
15.99555155,-19.16454671,LA1,2009-10-08,11:00:00 AM,11:00:00,Hot-Dry
15.99610799,-19.16337687,LA1,2009-10-08,11:20:00 AM,11:20:00,Hot-Dry
15.99602458,-19.16326497,LA1,2009-10-08,11:40:00 AM,11:40:00,Hot-Dry
15.99577535,-19.16312052,LA1,2009-10-08,12:00:00 PM,12:00:00,Hot-Dry
15.99580892,-19.16311849,LA1,2009-10-08,12:20:00 PM,12:20:00,Hot-Dry
15.99581909,-19.16312256,LA1,2009-10-08,12:40:00 PM,12:40:00,Hot-Dry
15.99514974,-19.16559245,LA1,2009-10-08,01:00:00 PM,13:00:00,Hot-Dry
15.99527588,-19.16499634,LA1,2009-10-08,01:20:00 PM,13:20:00,Hot-Dry
15.9957784,-19.16318766,LA1,2009-10-08,01:40:00 PM,13:40:00,Hot-Dry
15.99617818,-19.16334025,LA1,2009-10-08,02:00:00 PM,14:00:00,Hot-Dry
15.99592082,-19.1632548,LA1,2009-10-08,02:20:00 PM,14:20:00,Hot-Dry
15.99596354,-19.16324259,LA1,2009-10-08,02:40:00 PM,14:40:00,Hot-Dry
15.99612325,-19.1631368,LA1,2009-10-08,03:00:00 PM,15:00:00,Hot-Dry
15.99579773,-19.1631368,LA1,2009-10-08,03:20:00 PM,15:20:00,Hot-Dry
15.98945618,-19.16564331,LA1,2009-10-08,03:40:00 PM,15:40:00,Hot-Dry
15.98763123,-19.16487834,LA1,2009-10-08,04:00:00 PM,16:00:00,Hot-Dry
15.98749491,-19.16467896,LA1,2009-10-08,04:20:00 PM,16:20:00,Hot-Dry
15.98717651,-19.16444092,LA1,2009-10-08,04:40:00 PM,16:40:00,Hot-Dry
15.98647868,-19.16393636,LA1,2009-10-08,05:00:00 PM,17:00:00,Hot-Dry
15.98565979,-19.16283569,LA1,2009-10-08,05:20:00 PM,17:20:00,Hot-Dry
15.9866689,-19.1586731,LA1,2009-10-08,05:40:00 PM,17:40:00,Hot-Dry
15.98313497,-19.1560791,LA1,2009-10-08,06:00:00 PM,18:00:00,Hot-Dry
15.98311157,-19.15603638,LA1,2009-10-08,06:20:00 PM,18:20:00,Hot-Dry
15.98344523,-19.15518595,LA1,2009-10-08,06:40:00 PM,18:40:00,Hot-Dry
15.97858988,-19.15042725,LA1,2009-10-08,07:00:00 PM,19:00:00,Hot-Dry
15.97539469,-19.14877726,LA1,2009-10-08,07:20:00 PM,19:20:00,Hot-Dry
15.97083639,-19.1475769,LA1,2009-10-08,07:40:00 PM,19:40:00,Hot-Dry
15.96880697,-19.14791056,LA1,2009-10-08,08:00:00 PM,20:00:00,Hot-Dry
15.96624349,-19.14798584,LA1,2009-10-08,08:20:00 PM,20:20:00,Hot-Dry
15.96415202,-19.14753621,LA1,2009-10-08,08:40:00 PM,20:40:00,Hot-Dry
15.96320801,-19.14737549,LA1,2009-10-08,09:00:00 PM,21:00:00,Hot-Dry
15.96232808,-19.14652303,LA1,2009-10-08,09:20:00 PM,21:20:00,Hot-Dry
15.96216431,-19.14501953,LA1,2009-10-08,09:40:00 PM,21:40:00,Hot-Dry
15.96206665,-19.14490967,LA1,2009-10-08,10:00:00 PM,22:00:00,Hot-Dry
15.96135559,-19.14442139,LA1,2009-10-08,10:20:00 PM,22:20:00,Hot-Dry
15.96096191,-19.14287109,LA1,2009-10-08,10:40:00 PM,22:40:00,Hot-Dry
15.96158854,-19.14258423,LA1,2009-10-08,11:00:00 PM,23:00:00,Hot-Dry
15.9618103,-19.14281413,LA1,2009-10-08,11:20:00 PM,23:20:00,Hot-Dry
15.96068319,-19.14468587,LA1,2009-10-08,11:40:00 PM,23:40:00,Hot-Dry
15.96041463,-19.1451355,LA1,2009-10-09,12:00:00 AM,00:00:00,Hot-Dry
15.95924479,-19.14734701,LA1,2009-10-09,12:20:00 AM,00:20:00,Hot-Dry
15.95913391,-19.14755656,LA1,2009-10-09,12:40:00 AM,00:40:00,Hot-Dry
15.95901998,-19.14800822,LA1,2009-10-09,01:00:00 AM,01:00:00,Hot-Dry
15.95901998,-19.14806112,LA1,2009-10-09,01:20:00 AM,01:20:00,Hot-Dry
15.95904236,-19.14806315,LA1,2009-10-09,01:40:00 AM,01:40:00,Hot-Dry
15.95894979,-19.14799398,LA1,2009-10-09,02:00:00 AM,02:00:00,Hot-Dry
15.95901184,-19.14800212,LA1,2009-10-09,02:20:00 AM,02:20:00,Hot-Dry
15.95897929,-19.14799398,LA1,2009-10-09,02:40:00 AM,02:40:00,Hot-Dry
15.95901082,-19.14798991,LA1,2009-10-09,03:00:00 AM,03:00:00,Hot-Dry
15.95895996,-19.14798177,LA1,2009-10-09,03:21:00 AM,03:21:00,Hot-Dry
15.9589915,-19.14809977,LA1,2009-10-09,03:40:00 AM,03:40:00,Hot-Dry
15.9589152,-19.14817505,LA1,2009-10-09,04:00:00 AM,04:00:00,Hot-Dry
15.95879211,-19.14814046,LA1,2009-10-09,04:20:00 AM,04:20:00,Hot-Dry
15.95869751,-19.14816284,LA1,2009-10-09,04:40:00 AM,04:40:00,Hot-Dry
15.95816447,-19.14882406,LA1,2009-10-09,05:00:00 AM,05:00:00,Hot-Dry
15.95806885,-19.14920858,LA1,2009-10-09,05:20:00 AM,05:20:00,Hot-Dry
15.95807597,-19.14922892,LA1,2009-10-09,05:40:00 AM,05:40:00,Hot-Dry
15.95790914,-19.1497111,LA1,2009-10-09,06:00:00 AM,06:00:00,Hot-Dry
15.95795593,-19.14971924,LA1,2009-10-09,06:20:00 AM,06:20:00,Hot-Dry
15.95802205,-19.14973551,LA1,2009-10-09,06:40:00 AM,06:40:00,Hot-Dry
15.95817668,-19.14993896,LA1,2009-10-09,07:00:00 AM,07:00:00,Hot-Dry
15.95820516,-19.15003866,LA1,2009-10-09,07:20:00 AM,07:20:00,Hot-Dry
15.95820719,-19.1500651,LA1,2009-10-09,07:40:00 AM,07:40:00,Hot-Dry
15.95819194,-19.15025431,LA1,2009-10-09,08:00:00 AM,08:00:00,Hot-Dry
15.95858053,-19.15054728,LA1,2009-10-09,08:20:00 AM,08:20:00,Hot-Dry
15.95870056,-19.15226847,LA1,2009-10-09,08:40:00 AM,08:40:00,Hot-Dry
15.96506551,-19.15562134,LA1,2009-10-09,09:00:00 AM,09:00:00,Hot-Dry
15.96881612,-19.15642904,LA1,2009-10-09,09:20:00 AM,09:20:00,Hot-Dry
15.97789815,-19.15910645,LA1,2009-10-09,09:40:00 AM,09:40:00,Hot-Dry
15.98781331,-19.16243693,LA1,2009-10-09,10:00:00 AM,10:00:00,Hot-Dry
15.99602865,-19.1631897,LA1,2009-10-09,10:20:00 AM,10:20:00,Hot-Dry
15.9958079,-19.16311646,LA1,2009-10-09,10:40:00 AM,10:40:00,Hot-Dry
15.99581604,-19.16309408,LA1,2009-10-09,11:00:00 AM,11:00:00,Hot-Dry
15.99607137,-19.16312866,LA1,2009-10-09,11:20:00 AM,11:20:00,Hot-Dry
15.9961497,-19.16308594,LA1,2009-10-09,11:40:00 AM,11:40:00,Hot-Dry
15.99616089,-19.16312459,LA1,2009-10-09,12:00:00 PM,12:00:00,Hot-Dry
15.99621989,-19.16313477,LA1,2009-10-09,12:20:00 PM,12:20:00,Hot-Dry
15.99619344,-19.16325073,LA1,2009-10-09,12:40:00 PM,12:40:00,Hot-Dry
15.99619649,-19.16325073,LA1,2009-10-09,01:00:00 PM,13:00:00,Hot-Dry
15.99583028,-19.16310832,LA1,2009-10-09,01:20:00 PM,13:20:00,Hot-Dry
15.99829102,-19.16392212,LA1,2009-10-09,01:40:00 PM,13:40:00,Hot-Dry
16.00342306,-19.16565145,LA1,2009-10-09,02:00:00 PM,14:00:00,Hot-Dry
16.00643005,-19.1655599,LA1,2009-10-09,02:20:00 PM,14:20:00,Hot-Dry
16.00744629,-19.16545614,LA1,2009-10-09,02:40:00 PM,14:40:00,Hot-Dry
16.00804138,-19.16551921,LA1,2009-10-09,03:00:00 PM,15:00:00,Hot-Dry
16.00956319,-19.16579997,LA1,2009-10-09,03:20:00 PM,15:20:00,Hot-Dry
16.00986328,-19.16573283,LA1,2009-10-09,03:40:00 PM,15:40:00,Hot-Dry
16.01013489,-19.1657491,LA1,2009-10-09,04:00:00 PM,16:00:00,Hot-Dry
16.01028442,-19.16571655,LA1,2009-10-09,04:20:00 PM,16:20:00,Hot-Dry
16.01041972,-19.16547852,LA1,2009-10-09,04:40:00 PM,16:40:00,Hot-Dry
16.01049398,-19.1651001,LA1,2009-10-09,05:00:00 PM,17:00:00,Hot-Dry
16.01043498,-19.16439006,LA1,2009-10-09,05:20:00 PM,17:20:00,Hot-Dry
16.01036784,-19.16433512,LA1,2009-10-09,05:40:00 PM,17:40:00,Hot-Dry
16.01010132,-19.16396891,LA1,2009-10-09,06:00:00 PM,18:00:00,Hot-Dry
16.0112264,-19.16307983,LA1,2009-10-09,06:20:00 PM,18:20:00,Hot-Dry
16.01163635,-19.16204224,LA1,2009-10-09,06:40:00 PM,18:40:00,Hot-Dry
16.01237793,-19.16195679,LA1,2009-10-09,07:00:00 PM,19:00:00,Hot-Dry
16.01317139,-19.16252441,LA1,2009-10-09,07:20:00 PM,19:20:00,Hot-Dry
16.01350301,-19.16270549,LA1,2009-10-09,07:40:00 PM,19:40:00,Hot-Dry
16.01387126,-19.16374512,LA1,2009-10-09,08:00:00 PM,20:00:00,Hot-Dry
16.01364237,-19.1651123,LA1,2009-10-09,08:20:00 PM,20:20:00,Hot-Dry
16.01364848,-19.16516927,LA1,2009-10-09,08:40:00 PM,20:40:00,Hot-Dry
16.015448,-19.16641032,LA1,2009-10-09,09:00:00 PM,21:00:00,Hot-Dry
16.0175415,-19.16752319,LA1,2009-10-09,09:20:00 PM,21:20:00,Hot-Dry
16.01813354,-19.16826172,LA1,2009-10-09,09:40:00 PM,21:40:00,Hot-Dry
16.01975911,-19.16907349,LA1,2009-10-09,10:00:00 PM,22:00:00,Hot-Dry
16.02074178,-19.16981201,LA1,2009-10-09,10:20:00 PM,22:20:00,Hot-Dry
16.02007345,-19.17215983,LA1,2009-10-09,10:40:00 PM,22:40:00,Hot-Dry
16.02021688,-19.17318319,LA1,2009-10-09,11:00:00 PM,23:00:00,Hot-Dry
16.02028402,-19.17337443,LA1,2009-10-09,11:20:00 PM,23:20:00,Hot-Dry
16.02031148,-19.17349447,LA1,2009-10-09,11:40:00 PM,23:40:00,Hot-Dry
16.02019552,-19.17379761,LA1,2009-10-10,12:00:00 AM,00:00:00,Hot-Dry
16.01967672,-19.17429606,LA1,2009-10-10,12:20:00 AM,00:20:00,Hot-Dry
16.01925863,-19.17445068,LA1,2009-10-10,12:40:00 AM,00:40:00,Hot-Dry
16.01955261,-19.17553914,LA1,2009-10-10,01:00:00 AM,01:00:00,Hot-Dry
16.01956889,-19.17544556,LA1,2009-10-10,01:20:00 AM,01:20:00,Hot-Dry
16.01957703,-19.17552694,LA1,2009-10-10,01:40:00 AM,01:40:00,Hot-Dry
16.01958618,-19.1755127,LA1,2009-10-10,02:00:00 AM,02:00:00,Hot-Dry
16.01958008,-19.17543335,LA1,2009-10-10,02:20:00 AM,02:20:00,Hot-Dry
16.01955363,-19.17548421,LA1,2009-10-10,02:40:00 AM,02:40:00,Hot-Dry
16.01957906,-19.17549845,LA1,2009-10-10,03:00:00 AM,03:00:00,Hot-Dry
16.01956787,-19.17548218,LA1,2009-10-10,03:20:00 AM,03:20:00,Hot-Dry
16.0195872,-19.17549032,LA1,2009-10-10,03:40:00 AM,03:40:00,Hot-Dry
16.01961161,-19.17547811,LA1,2009-10-10,04:00:00 AM,04:00:00,Hot-Dry
16.01960042,-19.1755188,LA1,2009-10-10,04:20:00 AM,04:20:00,Hot-Dry
16.01948751,-19.17546794,LA1,2009-10-10,04:40:00 AM,04:40:00,Hot-Dry
16.01877543,-19.1762146,LA1,2009-10-10,05:00:00 AM,05:00:00,Hot-Dry
16.0187266,-19.17626546,LA1,2009-10-10,05:20:00 AM,05:20:00,Hot-Dry
16.01863505,-19.1762736,LA1,2009-10-10,05:40:00 AM,05:40:00,Hot-Dry
16.01815084,-19.17656047,LA1,2009-10-10,06:00:00 AM,06:00:00,Hot-Dry
16.01711426,-19.17663371,LA1,2009-10-10,06:20:00 AM,06:20:00,Hot-Dry
16.01684163,-19.17652384,LA1,2009-10-10,06:40:00 AM,06:40:00,Hot-Dry
16.0166036,-19.17640584,LA1,2009-10-10,07:00:00 AM,07:00:00,Hot-Dry
16.01608175,-19.17610474,LA1,2009-10-10,07:20:00 AM,07:20:00,Hot-Dry
16.01516012,-19.17579346,LA1,2009-10-10,07:40:00 AM,07:40:00,Hot-Dry
16.01508586,-19.1757487,LA1,2009-10-10,08:00:00 AM,08:00:00,Hot-Dry
16.01254476,-19.17507731,LA1,2009-10-10,08:20:00 AM,08:20:00,Hot-Dry
16.01142476,-19.17486572,LA1,2009-10-10,08:40:00 AM,08:40:00,Hot-Dry
16.00789185,-19.17363892,LA1,2009-10-10,09:00:00 AM,09:00:00,Hot-Dry
16.00747375,-19.17371826,LA1,2009-10-10,09:20:00 AM,09:20:00,Hot-Dry
16.00295308,-19.17099406,LA1,2009-10-10,09:40:00 AM,09:40:00,Hot-Dry
15.99879761,-19.16627604,LA1,2009-10-10,10:00:00 AM,10:00:00,Hot-Dry
15.99580688,-19.16312459,LA1,2009-10-10,10:20:00 AM,10:20:00,Hot-Dry
15.99579875,-19.16311239,LA1,2009-10-10,10:40:00 AM,10:40:00,Hot-Dry
15.99573466,-19.16313273,LA1,2009-10-10,11:00:00 AM,11:00:00,Hot-Dry
15.99575806,-19.16314494,LA1,2009-10-10,11:20:00 AM,11:20:00,Hot-Dry
15.99580282,-19.16319987,LA1,2009-10-10,11:40:00 AM,11:40:00,Hot-Dry
15.99584452,-19.16322225,LA1,2009-10-10,12:00:00 PM,12:00:00,Hot-Dry
15.99584249,-19.16315104,LA1,2009-10-10,12:20:00 PM,12:20:00,Hot-Dry
15.99582723,-19.16321818,LA1,2009-10-10,12:40:00 PM,12:40:00,Hot-Dry
15.99592082,-19.16327311,LA1,2009-10-10,01:00:00 PM,13:00:00,Hot-Dry
15.9958313,-19.1631307,LA1,2009-10-10,01:20:00 PM,13:20:00,Hot-Dry
15.99578552,-19.16310018,LA1,2009-10-10,01:40:00 PM,13:40:00,Hot-Dry
15.99573263,-19.16346639,LA1,2009-10-10,02:00:00 PM,14:00:00,Hot-Dry
15.99283346,-19.16666463,LA1,2009-10-10,02:20:00 PM,14:20:00,Hot-Dry
15.98973389,-19.17026978,LA1,2009-10-10,02:40:00 PM,14:40:00,Hot-Dry
15.98931274,-19.17068278,LA1,2009-10-10,03:00:00 PM,15:00:00,Hot-Dry
15.98856405,-19.17177124,LA1,2009-10-10,03:20:00 PM,15:20:00,Hot-Dry
15.9884318,-19.17184855,LA1,2009-10-10,03:40:00 PM,15:40:00,Hot-Dry
15.98771362,-19.17242635,LA1,2009-10-10,04:00:00 PM,16:00:00,Hot-Dry
15.98633118,-19.17352498,LA1,2009-10-10,04:20:00 PM,16:20:00,Hot-Dry
15.98622437,-19.17427572,LA1,2009-10-10,04:40:00 PM,16:40:00,Hot-Dry
15.98561401,-19.17445679,LA1,2009-10-10,05:00:00 PM,17:00:00,Hot-Dry
15.98547872,-19.17467041,LA1,2009-10-10,05:20:00 PM,17:20:00,Hot-Dry
15.98543091,-19.17463582,LA1,2009-10-10,05:40:00 PM,17:40:00,Hot-Dry
15.97623698,-19.17574259,LA1,2009-10-10,06:00:00 PM,18:00:00,Hot-Dry
15.97686869,-19.17601115,LA1,2009-10-10,06:20:00 PM,18:20:00,Hot-Dry
15.97803345,-19.17674154,LA1,2009-10-10,06:40:00 PM,18:40:00,Hot-Dry
15.97873535,-19.17720744,LA1,2009-10-10,07:00:00 PM,19:00:00,Hot-Dry
15.98006592,-19.1780599,LA1,2009-10-10,07:20:00 PM,19:20:00,Hot-Dry
15.98064168,-19.17837728,LA1,2009-10-10,07:40:00 PM,19:40:00,Hot-Dry
15.98074137,-19.17838338,LA1,2009-10-10,08:00:00 PM,20:00:00,Hot-Dry
15.98286743,-19.17858073,LA1,2009-10-10,08:20:00 PM,20:20:00,Hot-Dry
15.98411662,-19.17803955,LA1,2009-10-10,08:40:00 PM,20:40:00,Hot-Dry
15.98410441,-19.17791138,LA1,2009-10-10,09:00:00 PM,21:00:00,Hot-Dry
15.98511454,-19.1784078,LA1,2009-10-10,09:20:00 PM,21:20:00,Hot-Dry
15.98516947,-19.17838542,LA1,2009-10-10,09:40:00 PM,21:40:00,Hot-Dry
15.98539429,-19.17984619,LA1,2009-10-10,10:00:00 PM,22:00:00,Hot-Dry
15.98541056,-19.17983195,LA1,2009-10-10,10:20:00 PM,22:20:00,Hot-Dry
15.98568522,-19.18006388,LA1,2009-10-10,10:40:00 PM,22:40:00,Hot-Dry
15.98589478,-19.18022054,LA1,2009-10-10,11:00:00 PM,23:00:00,Hot-Dry
15.98589986,-19.1802063,LA1,2009-10-10,11:20:00 PM,23:20:00,Hot-Dry
15.98585612,-19.18023275,LA1,2009-10-10,11:40:00 PM,23:40:00,Hot-Dry
15.98590291,-19.18021037,LA1,2009-10-11,12:00:00 AM,00:00:00,Hot-Dry
15.98615926,-19.18022868,LA1,2009-10-11,12:20:00 AM,00:20:00,Hot-Dry
15.98724467,-19.18052572,LA1,2009-10-11,12:40:00 AM,00:40:00,Hot-Dry
15.98729858,-19.18048706,LA1,2009-10-11,01:00:00 AM,01:00:00,Hot-Dry
15.98758138,-19.18037313,LA1,2009-10-11,01:20:00 AM,01:20:00,Hot-Dry
15.98760173,-19.18090413,LA1,2009-10-11,01:40:00 AM,01:40:00,Hot-Dry
15.98713989,-19.18144938,LA1,2009-10-11,02:00:00 AM,02:00:00,Hot-Dry
15.98508708,-19.18256429,LA1,2009-10-11,02:20:00 AM,02:20:00,Hot-Dry
15.98508911,-19.18258464,LA1,2009-10-11,02:40:00 AM,02:40:00,Hot-Dry
15.98509623,-19.18256632,LA1,2009-10-11,03:00:00 AM,03:00:00,Hot-Dry
15.98511759,-19.1825765,LA1,2009-10-11,03:20:00 AM,03:20:00,Hot-Dry
15.9851064,-19.18255412,LA1,2009-10-11,03:40:00 AM,03:40:00,Hot-Dry
15.9850708,-19.18256022,LA1,2009-10-11,04:00:00 AM,04:00:00,Hot-Dry
15.9850942,-19.18259074,LA1,2009-10-11,04:20:00 AM,04:20:00,Hot-Dry
15.9850942,-19.18258464,LA1,2009-10-11,04:40:00 AM,04:40:00,Hot-Dry
15.98501587,-19.18257853,LA1,2009-10-11,05:00:00 AM,05:00:00,Hot-Dry
15.98514404,-19.1825826,LA1,2009-10-11,05:20:00 AM,05:20:00,Hot-Dry
15.98508809,-19.18260091,LA1,2009-10-11,05:40:00 AM,05:40:00,Hot-Dry
15.98524068,-19.18260295,LA1,2009-10-11,06:00:00 AM,06:00:00,Hot-Dry
15.98528035,-19.18250732,LA1,2009-10-11,06:20:00 AM,06:20:00,Hot-Dry
15.98546244,-19.18195801,LA1,2009-10-11,06:40:00 AM,06:40:00,Hot-Dry
15.9855011,-19.18182983,LA1,2009-10-11,07:00:00 AM,07:00:00,Hot-Dry
15.98551839,-19.18153687,LA1,2009-10-11,07:20:00 AM,07:20:00,Hot-Dry
15.9857666,-19.18132121,LA1,2009-10-11,07:40:00 AM,07:40:00,Hot-Dry
15.98594869,-19.18128459,LA1,2009-10-11,08:00:00 AM,08:00:00,Hot-Dry
15.98733724,-19.18027954,LA1,2009-10-11,08:20:00 AM,08:20:00,Hot-Dry
15.98770142,-19.17998454,LA1,2009-10-11,08:40:00 AM,08:40:00,Hot-Dry
15.98787944,-19.17942505,LA1,2009-10-11,09:00:00 AM,09:00:00,Hot-Dry
15.98866882,-19.17744548,LA1,2009-10-11,09:20:00 AM,09:20:00,Hot-Dry
15.99148966,-19.17107951,LA1,2009-10-11,09:40:00 AM,09:40:00,Hot-Dry
15.99518433,-19.16413778,LA1,2009-10-11,10:00:00 AM,10:00:00,Hot-Dry
15.99582214,-19.16314697,LA1,2009-10-11,10:20:00 AM,10:20:00,Hot-Dry
15.99611918,-19.16322225,LA1,2009-10-11,10:40:00 AM,10:40:00,Hot-Dry
15.99580078,-19.1631307,LA1,2009-10-11,11:00:00 AM,11:00:00,Hot-Dry
15.99636637,-19.16368612,LA1,2009-10-11,11:20:00 AM,11:20:00,Hot-Dry
15.99634094,-19.16355184,LA1,2009-10-11,11:40:00 AM,11:40:00,Hot-Dry
15.99592794,-19.16336873,LA1,2009-10-11,12:00:00 PM,12:00:00,Hot-Dry
15.99622803,-19.16333415,LA1,2009-10-11,12:20:00 PM,12:20:00,Hot-Dry
15.99583842,-19.16311849,LA1,2009-10-11,12:40:00 PM,12:40:00,Hot-Dry
15.99579671,-19.16316732,LA1,2009-10-11,01:00:00 PM,13:00:00,Hot-Dry
16.00125529,-19.16680298,LA1,2009-10-11,01:20:00 PM,13:20:00,Hot-Dry
16.00299174,-19.16735229,LA1,2009-10-11,01:40:00 PM,13:40:00,Hot-Dry
16.00499573,-19.16810099,LA1,2009-10-11,02:00:00 PM,14:00:00,Hot-Dry
16.00638529,-19.16850586,LA1,2009-10-11,02:20:00 PM,14:20:00,Hot-Dry
16.00812683,-19.16855265,LA1,2009-10-11,02:40:00 PM,14:40:00,Hot-Dry
16.00813802,-19.16859334,LA1,2009-10-11,03:00:00 PM,15:00:00,Hot-Dry
16.00988668,-19.16837362,LA1,2009-10-11,03:20:00 PM,15:20:00,Hot-Dry
16.01113892,-19.16860148,LA1,2009-10-11,03:40:00 PM,15:40:00,Hot-Dry
16.01634318,-19.16764119,LA1,2009-10-11,04:00:00 PM,16:00:00,Hot-Dry
16.01759033,-19.16752116,LA1,2009-10-11,04:20:00 PM,16:20:00,Hot-Dry
16.01785278,-19.16721395,LA1,2009-10-11,04:40:00 PM,16:40:00,Hot-Dry
16.01837056,-19.16734823,LA1,2009-10-11,05:00:00 PM,17:00:00,Hot-Dry
16.01888529,-19.16727905,LA1,2009-10-11,05:20:00 PM,17:20:00,Hot-Dry
16.01958822,-19.16715902,LA1,2009-10-11,05:40:00 PM,17:40:00,Hot-Dry
16.01965027,-19.16783447,LA1,2009-10-11,06:00:00 PM,18:00:00,Hot-Dry
16.01937459,-19.16831258,LA1,2009-10-11,06:20:00 PM,18:20:00,Hot-Dry
16.01937764,-19.16864421,LA1,2009-10-11,06:40:00 PM,18:40:00,Hot-Dry
16.01910502,-19.16879883,LA1,2009-10-11,07:00:00 PM,19:00:00,Hot-Dry
16.01923828,-19.16913859,LA1,2009-10-11,07:20:00 PM,19:20:00,Hot-Dry
16.01977132,-19.17030843,LA1,2009-10-11,07:40:00 PM,19:40:00,Hot-Dry
16.01987712,-19.17050985,LA1,2009-10-11,08:00:00 PM,20:00:00,Hot-Dry
16.0203186,-19.17314453,LA1,2009-10-11,08:20:00 PM,20:20:00,Hot-Dry
16.02035522,-19.17339274,LA1,2009-10-11,08:40:00 PM,20:40:00,Hot-Dry
16.0203186,-19.17382609,LA1,2009-10-11,09:00:00 PM,21:00:00,Hot-Dry
16.02046102,-19.17416178,LA1,2009-10-11,09:20:00 PM,21:20:00,Hot-Dry
16.02050171,-19.17450155,LA1,2009-10-11,09:40:00 PM,21:40:00,Hot-Dry
16.02052511,-19.17462565,LA1,2009-10-11,10:00:00 PM,22:00:00,Hot-Dry
16.02042236,-19.17497152,LA1,2009-10-11,10:20:00 PM,22:20:00,Hot-Dry
16.02031962,-19.17544963,LA1,2009-10-11,10:40:00 PM,22:40:00,Hot-Dry
16.0203125,-19.17546794,LA1,2009-10-11,11:00:00 PM,23:00:00,Hot-Dry
16.01995748,-19.17626953,LA1,2009-10-11,11:20:00 PM,23:20:00,Hot-Dry
16.02004293,-19.17643636,LA1,2009-10-11,11:40:00 PM,23:40:00,Hot-Dry
16.0200826,-19.17639771,LA1,2009-10-12,12:00:00 AM,00:00:00,Hot-Dry
16.02008565,-19.17640177,LA1,2009-10-12,12:20:00 AM,00:20:00,Hot-Dry
16.02005717,-19.17643026,LA1,2009-10-12,12:40:00 AM,00:40:00,Hot-Dry
16.02005412,-19.17646077,LA1,2009-10-12,01:00:00 AM,01:00:00,Hot-Dry
16.02005107,-19.17646688,LA1,2009-10-12,01:20:00 AM,01:20:00,Hot-Dry
16.02004191,-19.17642008,LA1,2009-10-12,01:40:00 AM,01:40:00,Hot-Dry
16.02006226,-19.17641602,LA1,2009-10-12,02:00:00 AM,02:00:00,Hot-Dry
16.02009786,-19.17639974,LA1,2009-10-12,02:20:00 AM,02:20:00,Hot-Dry
16.02000936,-19.17646281,LA1,2009-10-12,02:40:00 AM,02:40:00,Hot-Dry
16.02001444,-19.17640381,LA1,2009-10-12,03:00:00 AM,03:00:00,Hot-Dry
16.01992086,-19.17644653,LA1,2009-10-12,03:20:00 AM,03:20:00,Hot-Dry
16.01989848,-19.17642822,LA1,2009-10-12,03:40:00 AM,03:40:00,Hot-Dry
16.01979777,-19.17637533,LA1,2009-10-12,04:00:00 AM,04:00:00,Hot-Dry
16.01981913,-19.17625732,LA1,2009-10-12,04:20:00 AM,04:20:00,Hot-Dry
16.01978048,-19.1762797,LA1,2009-10-12,04:40:00 AM,04:40:00,Hot-Dry
16.01973368,-19.17633057,LA1,2009-10-12,05:00:00 AM,05:00:00,Hot-Dry
16.02063802,-19.17728678,LA1,2009-10-12,05:20:00 AM,05:20:00,Hot-Dry
16.02077026,-19.17719116,LA1,2009-10-12,05:40:00 AM,05:40:00,Hot-Dry
16.02076823,-19.17727051,LA1,2009-10-12,06:00:00 AM,06:00:00,Hot-Dry
16.02083537,-19.17742106,LA1,2009-10-12,06:20:00 AM,06:20:00,Hot-Dry
16.02094727,-19.17815959,LA1,2009-10-12,06:40:00 AM,06:40:00,Hot-Dry
16.02098287,-19.17815959,LA1,2009-10-12,07:00:00 AM,07:00:00,Hot-Dry
16.02097168,-19.17822469,LA1,2009-10-12,07:20:00 AM,07:20:00,Hot-Dry
16.02097575,-19.17820231,LA1,2009-10-12,07:40:00 AM,07:40:00,Hot-Dry
16.02082011,-19.17825928,LA1,2009-10-12,08:00:00 AM,08:00:00,Hot-Dry
16.0204366,-19.17800903,LA1,2009-10-12,08:20:00 AM,08:20:00,Hot-Dry
16.01695455,-19.17690226,LA1,2009-10-12,08:40:00 AM,08:40:00,Hot-Dry
16.01541138,-19.17556966,LA1,2009-10-12,09:00:00 AM,09:00:00,Hot-Dry
16.01519775,-19.17480062,LA1,2009-10-12,09:20:00 AM,09:20:00,Hot-Dry
16.01207275,-19.17387288,LA1,2009-10-12,09:40:00 AM,09:40:00,Hot-Dry
16.01017965,-19.17288818,LA1,2009-10-12,10:00:00 AM,10:00:00,Hot-Dry
16.00748393,-19.17226766,LA1,2009-10-12,10:20:00 AM,10:20:00,Hot-Dry
16.00526225,-19.1714742,LA1,2009-10-12,10:40:00 AM,10:40:00,Hot-Dry
16.00426534,-19.17073975,LA1,2009-10-12,11:00:00 AM,11:00:00,Hot-Dry
15.99889526,-19.16641439,LA1,2009-10-12,11:20:00 AM,11:20:00,Hot-Dry
15.99582926,-19.16315308,LA1,2009-10-12,11:40:00 AM,11:40:00,Hot-Dry
15.99581909,-19.16316325,LA1,2009-10-12,12:00:00 PM,12:00:00,Hot-Dry
15.99608053,-19.16316732,LA1,2009-10-12,12:20:00 PM,12:20:00,Hot-Dry
15.99580485,-19.16311646,LA1,2009-10-12,12:40:00 PM,12:40:00,Hot-Dry
15.99578451,-19.16312866,LA1,2009-10-12,01:00:00 PM,13:00:00,Hot-Dry
15.99591064,-19.16342977,LA1,2009-10-12,01:20:00 PM,13:20:00,Hot-Dry
15.99593506,-19.16328735,LA1,2009-10-12,01:40:00 PM,13:40:00,Hot-Dry
15.99580994,-19.16312052,LA1,2009-10-12,02:00:00 PM,14:00:00,Hot-Dry
15.9958252,-19.16313273,LA1,2009-10-12,02:20:00 PM,14:20:00,Hot-Dry
15.99592183,-19.16409505,LA1,2009-10-12,02:40:00 PM,14:40:00,Hot-Dry
15.99625142,-19.16616414,LA1,2009-10-12,03:00:00 PM,15:00:00,Hot-Dry
15.99873454,-19.17104696,LA1,2009-10-12,03:20:00 PM,15:20:00,Hot-Dry
16.00064799,-19.17422689,LA1,2009-10-12,03:40:00 PM,15:40:00,Hot-Dry
16.00087585,-19.17578939,LA1,2009-10-12,04:00:00 PM,16:00:00,Hot-Dry
16.00086161,-19.17616374,LA1,2009-10-12,04:20:00 PM,16:20:00,Hot-Dry
16.00108643,-19.17657878,LA1,2009-10-12,04:40:00 PM,16:40:00,Hot-Dry
16.00109456,-19.1766154,LA1,2009-10-12,05:00:00 PM,17:00:00,Hot-Dry
16.00194499,-19.17761027,LA1,2009-10-12,05:20:00 PM,17:20:00,Hot-Dry
16.00202738,-19.17758586,LA1,2009-10-12,05:40:00 PM,17:40:00,Hot-Dry
16.00221354,-19.177771,LA1,2009-10-12,06:00:00 PM,18:00:00,Hot-Dry
16.00214233,-19.17868245,LA1,2009-10-12,06:20:00 PM,18:20:00,Hot-Dry
16.00260213,-19.17930908,LA1,2009-10-12,06:40:00 PM,18:40:00,Hot-Dry
16.00263774,-19.17930094,LA1,2009-10-12,07:00:00 PM,19:00:00,Hot-Dry
16.00277201,-19.17999064,LA1,2009-10-12,07:20:00 PM,19:20:00,Hot-Dry
16.00230306,-19.18050537,LA1,2009-10-12,07:40:00 PM,19:40:00,Hot-Dry
16.00248413,-19.18075562,LA1,2009-10-12,08:00:00 PM,20:00:00,Hot-Dry
16.00249023,-19.18121338,LA1,2009-10-12,08:20:00 PM,20:20:00,Hot-Dry
16.00225118,-19.18150024,LA1,2009-10-12,08:40:00 PM,20:40:00,Hot-Dry
16.002005,-19.18184204,LA1,2009-10-12,09:00:00 PM,21:00:00,Hot-Dry
16.00199483,-19.18206991,LA1,2009-10-12,09:20:00 PM,21:20:00,Hot-Dry
16.00195618,-19.18217367,LA1,2009-10-12,09:40:00 PM,21:40:00,Hot-Dry
16.00166931,-19.18223877,LA1,2009-10-12,10:00:00 PM,22:00:00,Hot-Dry
16.00165405,-19.18222453,LA1,2009-10-12,10:20:00 PM,22:20:00,Hot-Dry
16.00166728,-19.18222656,LA1,2009-10-12,10:40:00 PM,22:40:00,Hot-Dry
16.00167643,-19.18220418,LA1,2009-10-12,11:00:00 PM,23:00:00,Hot-Dry
16.00164998,-19.18220622,LA1,2009-10-12,11:20:00 PM,23:20:00,Hot-Dry
16.00163879,-19.18222453,LA1,2009-10-12,11:40:00 PM,23:40:00,Hot-Dry
16.00166829,-19.18220622,LA1,2009-10-13,12:00:49 AM,00:00:00,Hot-Dry
16.00163472,-19.18219198,LA1,2009-10-13,12:20:49 AM,00:20:00,Hot-Dry
16.00160624,-19.18226929,LA1,2009-10-13,12:40:48 AM,00:40:00,Hot-Dry
16.00161235,-19.18220825,LA1,2009-10-13,01:00:48 AM,01:00:00,Hot-Dry
16.00163879,-19.18225301,LA1,2009-10-13,01:20:48 AM,01:20:00,Hot-Dry
16.00162557,-19.18223674,LA1,2009-10-13,01:40:48 AM,01:40:00,Hot-Dry
16.00179036,-19.18232829,LA1,2009-10-13,02:00:48 AM,02:00:00,Hot-Dry
16.00181681,-19.18235677,LA1,2009-10-13,02:20:48 AM,02:20:00,Hot-Dry
16.00198975,-19.18250122,LA1,2009-10-13,02:40:48 AM,02:40:00,Hot-Dry
16.00197245,-19.18249919,LA1,2009-10-13,03:00:48 AM,03:00:00,Hot-Dry
16.00204264,-19.18254395,LA1,2009-10-13,03:20:48 AM,03:20:00,Hot-Dry
16.00198873,-19.1825826,LA1,2009-10-13,03:40:48 AM,03:40:00,Hot-Dry
16.00184224,-19.18282878,LA1,2009-10-13,04:00:48 AM,04:00:00,Hot-Dry
16.00166321,-19.18281453,LA1,2009-10-13,04:20:48 AM,04:20:00,Hot-Dry
16.00159505,-19.18285522,LA1,2009-10-13,04:40:48 AM,04:40:00,Hot-Dry
16.00157674,-19.18285726,LA1,2009-10-13,05:00:48 AM,05:00:00,Hot-Dry
16.00146993,-19.18275553,LA1,2009-10-13,05:20:48 AM,05:20:00,Hot-Dry
16.00076497,-19.18271891,LA1,2009-10-13,05:40:48 AM,05:40:00,Hot-Dry
16.00071615,-19.18277995,LA1,2009-10-13,06:00:48 AM,06:00:00,Hot-Dry
16.00049845,-19.18286947,LA1,2009-10-13,06:20:48 AM,06:20:00,Hot-Dry
15.99996236,-19.18271891,LA1,2009-10-13,06:40:48 AM,06:40:00,Hot-Dry
15.99988302,-19.18251139,LA1,2009-10-13,07:00:48 AM,07:00:00,Hot-Dry
15.99957377,-19.1819458,LA1,2009-10-13,07:20:48 AM,07:20:00,Hot-Dry
15.99934998,-19.18174642,LA1,2009-10-13,07:40:48 AM,07:40:00,Hot-Dry
15.9986379,-19.17959595,LA1,2009-10-13,08:00:48 AM,08:00:00,Hot-Dry
15.99900411,-19.17741089,LA1,2009-10-13,08:20:48 AM,08:20:00,Hot-Dry
15.99824422,-19.17671916,LA1,2009-10-13,08:40:48 AM,08:40:00,Hot-Dry
15.99760335,-19.17613322,LA1,2009-10-13,09:00:48 AM,09:00:00,Hot-Dry
15.99684957,-19.17513835,LA1,2009-10-13,09:20:48 AM,09:20:00,Hot-Dry
15.99604594,-19.17382202,LA1,2009-10-13,09:40:48 AM,09:40:00,Hot-Dry
15.99612325,-19.17171021,LA1,2009-10-13,10:00:48 AM,10:00:00,Hot-Dry
15.9961202,-19.1697286,LA1,2009-10-13,10:20:48 AM,10:20:00,Hot-Dry
15.99592692,-19.16861979,LA1,2009-10-13,10:40:48 AM,10:40:00,Hot-Dry
15.99599711,-19.16320394,LA1,2009-10-13,11:00:48 AM,11:00:00,Hot-Dry
15.99581706,-19.16315918,LA1,2009-10-13,11:20:48 AM,11:20:00,Hot-Dry
15.99581909,-19.16315308,LA1,2009-10-13,11:40:48 AM,11:40:00,Hot-Dry
15.99610494,-19.16316121,LA1,2009-10-13,12:00:48 PM,12:00:00,Hot-Dry
15.99639486,-19.16356405,LA1,2009-10-13,12:20:49 PM,12:20:00,Hot-Dry
15.99643453,-19.16356201,LA1,2009-10-13,12:40:48 PM,12:40:00,Hot-Dry
15.9964386,-19.16358236,LA1,2009-10-13,01:00:48 PM,13:00:00,Hot-Dry
15.9958313,-19.16312052,LA1,2009-10-13,01:20:48 PM,13:20:00,Hot-Dry
15.9958018,-19.1631307,LA1,2009-10-13,01:40:48 PM,13:40:00,Hot-Dry
16.00141296,-19.16505127,LA1,2009-10-13,02:00:48 PM,14:00:00,Hot-Dry
16.00423177,-19.16602987,LA1,2009-10-13,02:20:48 PM,14:20:00,Hot-Dry
16.00723063,-19.16562907,LA1,2009-10-13,02:40:48 PM,14:40:00,Hot-Dry
16.00790507,-19.16570841,LA1,2009-10-13,03:00:48 PM,15:00:00,Hot-Dry
16.00916646,-19.16583455,LA1,2009-10-13,03:20:48 PM,15:20:00,Hot-Dry
16.01005859,-19.16606038,LA1,2009-10-13,03:40:48 PM,15:40:00,Hot-Dry
16.01016134,-19.16612752,LA1,2009-10-13,04:00:48 PM,16:00:00,Hot-Dry
16.01036682,-19.1660909,LA1,2009-10-13,04:20:48 PM,16:20:00,Hot-Dry
16.01062927,-19.1660909,LA1,2009-10-13,04:40:48 PM,16:40:00,Hot-Dry
16.01253052,-19.16588949,LA1,2009-10-13,05:00:48 PM,17:00:00,Hot-Dry
16.01326904,-19.16570435,LA1,2009-10-13,05:20:48 PM,17:20:00,Hot-Dry
16.01369324,-19.16556803,LA1,2009-10-13,05:40:48 PM,17:40:00,Hot-Dry
16.01480103,-19.16577352,LA1,2009-10-13,06:00:48 PM,18:00:00,Hot-Dry
16.01693726,-19.16656698,LA1,2009-10-13,06:20:48 PM,18:20:00,Hot-Dry
16.01756185,-19.16693319,LA1,2009-10-13,06:40:48 PM,18:40:00,Hot-Dry
16.01839294,-19.16772664,LA1,2009-10-13,07:00:48 PM,19:00:00,Hot-Dry
16.01837667,-19.16788534,LA1,2009-10-13,07:20:48 PM,19:20:00,Hot-Dry
16.01847941,-19.16832682,LA1,2009-10-13,07:40:48 PM,19:40:00,Hot-Dry
16.01909281,-19.16890259,LA1,2009-10-13,08:00:48 PM,20:00:00,Hot-Dry
16.0197113,-19.16929932,LA1,2009-10-13,08:20:48 PM,20:20:00,Hot-Dry
16.01989644,-19.16958211,LA1,2009-10-13,08:40:48 PM,20:40:00,Hot-Dry
16.02004395,-19.1696696,LA1,2009-10-13,09:00:48 PM,21:00:00,Hot-Dry
16.02007853,-19.1697998,LA1,2009-10-13,09:20:48 PM,21:20:00,Hot-Dry
16.02022196,-19.17007039,LA1,2009-10-13,09:40:48 PM,21:40:00,Hot-Dry
16.02033386,-19.17296346,LA1,2009-10-13,10:00:48 PM,22:00:00,Hot-Dry
16.02026469,-19.17361654,LA1,2009-10-13,10:20:48 PM,22:20:00,Hot-Dry
16.02023519,-19.17360229,LA1,2009-10-13,10:40:48 PM,22:40:00,Hot-Dry
16.02030029,-19.17410889,LA1,2009-10-13,11:00:48 PM,23:00:00,Hot-Dry
16.01985372,-19.17541707,LA1,2009-10-13,11:20:48 PM,23:20:00,Hot-Dry
16.01984762,-19.17542114,LA1,2009-10-13,11:40:48 PM,23:40:00,Hot-Dry
16.01983032,-19.17545573,LA1,2009-10-14,12:00:48 AM,00:00:00,Hot-Dry
16.01987712,-19.17548828,LA1,2009-10-14,12:20:49 AM,00:20:00,Hot-Dry
16.01990662,-19.17544556,LA1,2009-10-14,12:40:48 AM,00:40:00,Hot-Dry
16.01988424,-19.1754659,LA1,2009-10-14,01:00:48 AM,01:00:00,Hot-Dry
16.01983643,-19.17546997,LA1,2009-10-14,01:20:48 AM,01:20:00,Hot-Dry
16.01984965,-19.17544759,LA1,2009-10-14,01:40:48 AM,01:40:00,Hot-Dry
16.01983337,-19.17546997,LA1,2009-10-14,02:00:48 AM,02:00:00,Hot-Dry
16.01983439,-19.17544759,LA1,2009-10-14,02:20:48 AM,02:20:00,Hot-Dry
16.01980489,-19.17545369,LA1,2009-10-14,02:40:48 AM,02:40:00,Hot-Dry
16.0198466,-19.17545573,LA1,2009-10-14,03:00:48 AM,03:00:00,Hot-Dry
16.01982931,-19.17546183,LA1,2009-10-14,03:20:48 AM,03:20:00,Hot-Dry
16.01981812,-19.17560221,LA1,2009-10-14,03:40:48 AM,03:40:00,Hot-Dry
16.01990153,-19.17573039,LA1,2009-10-14,04:00:48 AM,04:00:00,Hot-Dry
16.02004191,-19.17586873,LA1,2009-10-14,04:20:48 AM,04:20:00,Hot-Dry
16.02056478,-19.17645874,LA1,2009-10-14,04:40:48 AM,04:40:00,Hot-Dry
16.02058818,-19.17649129,LA1,2009-10-14,05:00:48 AM,05:00:00,Hot-Dry
16.02060445,-19.17649129,LA1,2009-10-14,05:20:48 AM,05:20:00,Hot-Dry
16.0206309,-19.17665405,LA1,2009-10-14,05:40:48 AM,05:40:00,Hot-Dry
16.0206309,-19.17679647,LA1,2009-10-14,06:00:48 AM,06:00:00,Hot-Dry
16.02061361,-19.17683309,LA1,2009-10-14,06:20:48 AM,06:20:00,Hot-Dry
16.02064514,-19.17688192,LA1,2009-10-14,06:40:48 AM,06:40:00,Hot-Dry
16.02061462,-19.17703857,LA1,2009-10-14,07:00:48 AM,07:00:00,Hot-Dry
16.02042135,-19.17699178,LA1,2009-10-14,07:20:48 AM,07:20:00,Hot-Dry
16.01892192,-19.17734985,LA1,2009-10-14,07:40:48 AM,07:40:00,Hot-Dry
16.01784261,-19.17736816,LA1,2009-10-14,08:00:48 AM,08:00:00,Hot-Dry
16.0171814,-19.17727458,LA1,2009-10-14,08:20:48 AM,08:20:00,Hot-Dry
16.01682027,-19.17739461,LA1,2009-10-14,08:40:48 AM,08:40:00,Hot-Dry
16.01629639,-19.17674561,LA1,2009-10-14,09:00:48 AM,09:00:00,Hot-Dry
16.01491394,-19.17631226,LA1,2009-10-14,09:20:48 AM,09:20:00,Hot-Dry
16.01303507,-19.17525431,LA1,2009-10-14,09:40:48 AM,09:40:00,Hot-Dry
16.00840454,-19.17407837,LA1,2009-10-14,10:00:48 AM,10:00:00,Hot-Dry
16.00209045,-19.17035522,LA1,2009-10-14,10:20:48 AM,10:20:00,Hot-Dry
15.9961558,-19.16326497,LA1,2009-10-14,10:40:48 AM,10:40:00,Hot-Dry
15.99580688,-19.16316528,LA1,2009-10-14,11:00:48 AM,11:00:00,Hot-Dry
15.99646403,-19.16357625,LA1,2009-10-14,11:20:48 AM,11:20:00,Hot-Dry
15.99646606,-19.16356608,LA1,2009-10-14,11:40:48 AM,11:40:00,Hot-Dry
15.99647013,-19.16356812,LA1,2009-10-14,12:00:48 PM,12:00:00,Hot-Dry
15.99617716,-19.16311849,LA1,2009-10-14,12:20:49 PM,12:20:00,Hot-Dry
15.99579671,-19.16312256,LA1,2009-10-14,12:40:48 PM,12:40:00,Hot-Dry
15.99578857,-19.16312256,LA1,2009-10-14,01:00:48 PM,13:00:00,Hot-Dry
15.99602458,-19.1631897,LA1,2009-10-14,01:20:48 PM,13:20:00,Hot-Dry
15.99603271,-19.16313273,LA1,2009-10-14,01:40:48 PM,13:40:00,Hot-Dry
15.99582723,-19.16315308,LA1,2009-10-14,02:00:48 PM,14:00:00,Hot-Dry
15.99659119,-19.16399129,LA1,2009-10-14,02:20:48 PM,14:20:00,Hot-Dry
15.99608866,-19.16345418,LA1,2009-10-14,02:40:48 PM,14:40:00,Hot-Dry
15.99654541,-19.16396484,LA1,2009-10-14,03:00:48 PM,15:00:00,Hot-Dry
16.00173543,-19.16610107,LA1,2009-10-14,03:20:48 PM,15:20:00,Hot-Dry
16.00519206,-19.16588542,LA1,2009-10-14,03:40:48 PM,15:40:00,Hot-Dry
16.0076182,-19.16602376,LA1,2009-10-14,04:00:48 PM,16:00:00,Hot-Dry
16.00863851,-19.16676636,LA1,2009-10-14,04:20:48 PM,16:20:00,Hot-Dry
16.00894979,-19.16676432,LA1,2009-10-14,04:40:48 PM,16:40:00,Hot-Dry
16.0093984,-19.1666036,LA1,2009-10-14,05:00:48 PM,17:00:00,Hot-Dry
16.00966288,-19.16663208,LA1,2009-10-14,05:20:48 PM,17:20:00,Hot-Dry
16.00971375,-19.16651815,LA1,2009-10-14,05:40:48 PM,17:40:00,Hot-Dry
16.00996908,-19.16654663,LA1,2009-10-14,06:00:48 PM,18:00:00,Hot-Dry
16.01149292,-19.16700236,LA1,2009-10-14,06:20:48 PM,18:20:00,Hot-Dry
16.0137207,-19.16592204,LA1,2009-10-14,06:40:48 PM,18:40:00,Hot-Dry
16.01685791,-19.16668905,LA1,2009-10-14,07:00:48 PM,19:00:00,Hot-Dry
16.01822103,-19.16708577,LA1,2009-10-14,07:20:48 PM,19:20:00,Hot-Dry
16.01867879,-19.16734212,LA1,2009-10-14,07:40:48 PM,19:40:00,Hot-Dry
16.01927592,-19.1678894,LA1,2009-10-14,08:00:48 PM,20:00:00,Hot-Dry
16.01941528,-19.16839803,LA1,2009-10-14,08:20:48 PM,20:20:00,Hot-Dry
16.01962891,-19.16840413,LA1,2009-10-14,08:40:48 PM,20:40:00,Hot-Dry
16.01980082,-19.1685262,LA1,2009-10-14,09:00:48 PM,21:00:00,Hot-Dry
16.01976725,-19.16954142,LA1,2009-10-14,09:20:48 PM,21:20:00,Hot-Dry
16.01974487,-19.17093506,LA1,2009-10-14,09:40:48 PM,21:40:00,Hot-Dry
16.01980286,-19.17161255,LA1,2009-10-14,10:00:48 PM,22:00:00,Hot-Dry
16.02023112,-19.17327271,LA1,2009-10-14,10:20:48 PM,22:20:00,Hot-Dry
16.02015177,-19.17379761,LA1,2009-10-14,10:40:48 PM,22:40:00,Hot-Dry
16.02015584,-19.17398885,LA1,2009-10-14,11:00:48 PM,23:00:00,Hot-Dry
16.02018738,-19.17396647,LA1,2009-10-14,11:20:48 PM,23:20:00,Hot-Dry
16.02004598,-19.17503052,LA1,2009-10-14,11:40:48 PM,23:40:00,Hot-Dry
16.0198466,-19.17543742,LA1,2009-10-15,12:00:48 AM,00:00:00,Hot-Dry
16.01987,-19.17544149,LA1,2009-10-15,12:20:56 AM,00:20:00,Hot-Dry
16.01981812,-19.17542318,LA1,2009-10-15,12:40:48 AM,00:40:00,Hot-Dry
16.01982218,-19.17545573,LA1,2009-10-15,01:00:48 AM,01:00:00,Hot-Dry
16.01985575,-19.17543742,LA1,2009-10-15,01:20:48 AM,01:20:00,Hot-Dry
16.0198232,-19.17546387,LA1,2009-10-15,01:40:48 AM,01:40:00,Hot-Dry
16.01982727,-19.17549235,LA1,2009-10-15,02:00:48 AM,02:00:00,Hot-Dry
16.01985372,-19.17549235,LA1,2009-10-15,02:20:48 AM,02:20:00,Hot-Dry
16.01990153,-19.17547201,LA1,2009-10-15,02:40:48 AM,02:40:00,Hot-Dry
16.01983337,-19.17543538,LA1,2009-10-15,03:00:48 AM,03:00:00,Hot-Dry
16.01984253,-19.17544556,LA1,2009-10-15,03:20:48 AM,03:20:00,Hot-Dry
16.01991882,-19.17543132,LA1,2009-10-15,03:40:48 AM,03:40:00,Hot-Dry
16.01958415,-19.17548625,LA1,2009-10-15,04:00:48 AM,04:00:00,Hot-Dry
16.01963094,-19.17567952,LA1,2009-10-15,04:20:48 AM,04:20:00,Hot-Dry
16.01985779,-19.17583822,LA1,2009-10-15,04:40:48 AM,04:40:00,Hot-Dry
16.01999308,-19.17600301,LA1,2009-10-15,05:00:48 AM,05:00:00,Hot-Dry
16.02000936,-19.17605794,LA1,2009-10-15,05:20:48 AM,05:20:00,Hot-Dry
16.02032572,-19.17646891,LA1,2009-10-15,05:40:48 AM,05:40:00,Hot-Dry
16.02049154,-19.1765625,LA1,2009-10-15,06:00:48 AM,06:00:00,Hot-Dry
16.0209493,-19.17662557,LA1,2009-10-15,06:20:48 AM,06:20:00,Hot-Dry
16.02122294,-19.17671305,LA1,2009-10-15,06:40:48 AM,06:40:00,Hot-Dry
16.02126872,-19.17685954,LA1,2009-10-15,07:00:48 AM,07:00:00,Hot-Dry
16.02135722,-19.17712606,LA1,2009-10-15,07:20:48 AM,07:20:00,Hot-Dry
16.02142232,-19.17720133,LA1,2009-10-15,07:40:48 AM,07:40:00,Hot-Dry
16.02141927,-19.17720337,LA1,2009-10-15,08:00:48 AM,08:00:00,Hot-Dry
16.02125549,-19.17738647,LA1,2009-10-15,08:20:48 AM,08:20:00,Hot-Dry
16.02086487,-19.17743123,LA1,2009-10-15,08:40:48 AM,08:40:00,Hot-Dry
16.02042948,-19.17745565,LA1,2009-10-15,09:00:48 AM,09:00:00,Hot-Dry
16.0204834,-19.17618612,LA1,2009-10-15,09:20:48 AM,09:20:00,Hot-Dry
16.02029826,-19.17572835,LA1,2009-10-15,09:40:48 AM,09:40:00,Hot-Dry
16.01911926,-19.17329305,LA1,2009-10-15,10:00:48 AM,10:00:00,Hot-Dry
16.01803589,-19.17113851,LA1,2009-10-15,10:20:48 AM,10:20:00,Hot-Dry
16.01748352,-19.17091064,LA1,2009-10-15,10:40:48 AM,10:40:00,Hot-Dry
16.01240641,-19.17044474,LA1,2009-10-15,11:00:48 AM,11:00:00,Hot-Dry
16.00343323,-19.16881917,LA1,2009-10-15,11:20:48 AM,11:20:00,Hot-Dry
15.99614156,-19.16325887,LA1,2009-10-15,11:40:48 AM,11:40:00,Hot-Dry
15.99584351,-19.16308187,LA1,2009-10-15,12:00:48 PM,12:00:00,Hot-Dry
15.99627889,-19.16386108,LA1,2009-10-15,12:20:48 PM,12:20:00,Hot-Dry
15.99628499,-19.16379395,LA1,2009-10-15,12:40:48 PM,12:40:00,Hot-Dry
15.99595235,-19.16321208,LA1,2009-10-15,01:00:48 PM,13:00:00,Hot-Dry
15.99579366,-19.16311646,LA1,2009-10-15,01:20:48 PM,13:20:00,Hot-Dry
15.9959259,-19.16350301,LA1,2009-10-15,01:40:48 PM,13:40:00,Hot-Dry
15.99532064,-19.16328328,LA1,2009-10-15,02:00:48 PM,14:00:00,Hot-Dry
15.99558105,-19.16421102,LA1,2009-10-15,02:20:48 PM,14:20:00,Hot-Dry
15.99620463,-19.16594849,LA1,2009-10-15,02:40:48 PM,14:40:00,Hot-Dry
15.99933065,-19.17190552,LA1,2009-10-15,03:00:48 PM,15:00:00,Hot-Dry
16.00061646,-19.17585246,LA1,2009-10-15,03:20:48 PM,15:20:00,Hot-Dry
16.00071615,-19.1763855,LA1,2009-10-15,03:40:48 PM,15:40:00,Hot-Dry
16.00098267,-19.17689616,LA1,2009-10-15,04:00:48 PM,16:00:00,Hot-Dry
16.00085551,-19.17784424,LA1,2009-10-15,04:20:48 PM,16:20:00,Hot-Dry
16.00065918,-19.17903849,LA1,2009-10-15,04:40:48 PM,16:40:00,Hot-Dry
16.00066427,-19.17989502,LA1,2009-10-15,05:00:48 PM,17:00:00,Hot-Dry
16.00076497,-19.18113403,LA1,2009-10-15,05:20:48 PM,17:20:00,Hot-Dry
16.00087382,-19.18179525,LA1,2009-10-15,05:40:48 PM,17:40:00,Hot-Dry
16.00111287,-19.18253784,LA1,2009-10-15,06:00:48 PM,18:00:00,Hot-Dry
16.00139872,-19.18337402,LA1,2009-10-15,06:20:48 PM,18:20:00,Hot-Dry
16.0015859,-19.18418986,LA1,2009-10-15,06:40:48 PM,18:40:00,Hot-Dry
16.00164998,-19.18482463,LA1,2009-10-15,07:00:48 PM,19:00:00,Hot-Dry
16.0015564,-19.18578288,LA1,2009-10-15,07:20:48 PM,19:20:00,Hot-Dry
16.00181885,-19.1861735,LA1,2009-10-15,07:40:48 PM,19:40:00,Hot-Dry
16.00276286,-19.18732503,LA1,2009-10-15,08:00:48 PM,20:00:00,Hot-Dry
16.00276082,-19.18742269,LA1,2009-10-15,08:20:48 PM,20:20:00,Hot-Dry
16.00279643,-19.1875061,LA1,2009-10-15,08:40:48 PM,20:40:00,Hot-Dry
16.00351563,-19.18847656,LA1,2009-10-15,09:00:49 PM,21:00:00,Hot-Dry
16.0043101,-19.1889506,LA1,2009-10-15,09:20:48 PM,21:20:00,Hot-Dry
16.00612691,-19.18921305,LA1,2009-10-15,09:40:48 PM,21:40:00,Hot-Dry
16.00613912,-19.18917847,LA1,2009-10-15,10:00:48 PM,22:00:00,Hot-Dry
16.006132,-19.1891866,LA1,2009-10-15,10:20:48 PM,22:20:00,Hot-Dry
16.0065155,-19.18946737,LA1,2009-10-15,10:40:48 PM,22:40:00,Hot-Dry
16.00673726,-19.18947957,LA1,2009-10-15,11:00:48 PM,23:00:00,Hot-Dry
16.00690511,-19.19036865,LA1,2009-10-15,11:20:48 PM,23:20:00,Hot-Dry
16.00572103,-19.19170939,LA1,2009-10-15,11:41:01 PM,23:41:00,Hot-Dry
16.00571594,-19.19177856,LA1,2009-10-16,12:01:00 AM,00:01:00,Hot-Dry
16.00570374,-19.19176025,LA1,2009-10-16,12:20:48 AM,00:20:00,Hot-Dry
16.00571391,-19.19179688,LA1,2009-10-16,12:40:48 AM,00:40:00,Hot-Dry
16.00568949,-19.19175822,LA1,2009-10-16,01:00:48 AM,01:00:00,Hot-Dry
16.00569967,-19.19176636,LA1,2009-10-16,01:20:48 AM,01:20:00,Hot-Dry
16.00568848,-19.19179484,LA1,2009-10-16,01:40:48 AM,01:40:00,Hot-Dry
16.00570984,-19.19178874,LA1,2009-10-16,02:00:48 AM,02:00:00,Hot-Dry
16.00570984,-19.1917867,LA1,2009-10-16,02:20:48 AM,02:20:00,Hot-Dry
16.00570984,-19.19174805,LA1,2009-10-16,02:40:48 AM,02:40:00,Hot-Dry
16.00567322,-19.19176432,LA1,2009-10-16,03:00:48 AM,03:00:00,Hot-Dry
16.00566406,-19.19182129,LA1,2009-10-16,03:20:48 AM,03:20:00,Hot-Dry
16.00563863,-19.19178467,LA1,2009-10-16,03:40:48 AM,03:40:00,Hot-Dry
16.00572408,-19.19176432,LA1,2009-10-16,04:00:48 AM,04:00:00,Hot-Dry
16.00569356,-19.19175618,LA1,2009-10-16,04:20:48 AM,04:20:00,Hot-Dry
16.00572103,-19.19180501,LA1,2009-10-16,04:40:48 AM,04:40:00,Hot-Dry
16.0057017,-19.19179484,LA1,2009-10-16,05:00:48 AM,05:00:00,Hot-Dry
16.0056956,-19.19164429,LA1,2009-10-16,05:20:48 AM,05:20:00,Hot-Dry
16.00586853,-19.1910909,LA1,2009-10-16,05:40:48 AM,05:40:00,Hot-Dry
16.00638529,-19.19048462,LA1,2009-10-16,06:00:48 AM,06:00:00,Hot-Dry
16.00710958,-19.18972168,LA1,2009-10-16,06:20:48 AM,06:20:00,Hot-Dry
16.00760905,-19.18930664,LA1,2009-10-16,06:40:48 AM,06:40:00,Hot-Dry
16.00789998,-19.18866781,LA1,2009-10-16,07:00:48 AM,07:00:00,Hot-Dry
16.00726725,-19.18683675,LA1,2009-10-16,07:20:48 AM,07:20:00,Hot-Dry
16.00693766,-19.18642985,LA1,2009-10-16,07:40:48 AM,07:40:00,Hot-Dry
16.00685018,-19.18647461,LA1,2009-10-16,08:00:48 AM,08:00:00,Hot-Dry
16.0063975,-19.18656006,LA1,2009-10-16,08:20:48 AM,08:20:00,Hot-Dry
16.00632731,-19.18654175,LA1,2009-10-16,08:40:48 AM,08:40:00,Hot-Dry
16.00515951,-19.18553263,LA1,2009-10-16,09:00:48 AM,09:00:00,Hot-Dry
16.00303752,-19.18450724,LA1,2009-10-16,09:20:48 AM,09:20:00,Hot-Dry
16.00142517,-19.18339233,LA1,2009-10-16,09:40:48 AM,09:40:00,Hot-Dry
15.99914754,-19.17968343,LA1,2009-10-16,10:00:48 AM,10:00:00,Hot-Dry
15.99863688,-19.17781779,LA1,2009-10-16,10:20:48 AM,10:20:00,Hot-Dry
15.99951274,-19.17640991,LA1,2009-10-16,10:40:48 AM,10:40:00,Hot-Dry
15.99924927,-19.17537638,LA1,2009-10-16,11:00:48 AM,11:00:00,Hot-Dry
15.99800618,-19.17222087,LA1,2009-10-16,11:20:48 AM,11:20:00,Hot-Dry
15.99615377,-19.16555786,LA1,2009-10-16,11:40:48 AM,11:40:00,Hot-Dry
15.99583435,-19.1631307,LA1,2009-10-16,12:00:48 PM,12:00:00,Hot-Dry
15.99601542,-19.16320801,LA1,2009-10-16,12:20:49 PM,12:20:00,Hot-Dry
15.99593811,-19.16436157,LA1,2009-10-16,12:40:48 PM,12:40:00,Hot-Dry
15.99595337,-19.16435547,LA1,2009-10-16,01:00:48 PM,13:00:00,Hot-Dry
15.99585571,-19.16443685,LA1,2009-10-16,01:20:48 PM,13:20:00,Hot-Dry
15.99581095,-19.16316325,LA1,2009-10-16,01:40:48 PM,13:40:00,Hot-Dry
15.99455566,-19.16389567,LA1,2009-10-16,02:00:48 PM,14:00:00,Hot-Dry
15.99485575,-19.16721395,LA1,2009-10-16,02:20:48 PM,14:20:00,Hot-Dry
15.99477234,-19.17049967,LA1,2009-10-16,02:40:48 PM,14:40:00,Hot-Dry
15.9943217,-19.1739563,LA1,2009-10-16,03:00:48 PM,15:00:00,Hot-Dry
15.99274089,-19.17798869,LA1,2009-10-16,03:20:48 PM,15:20:00,Hot-Dry
15.99260457,-19.17832438,LA1,2009-10-16,03:40:48 PM,15:40:00,Hot-Dry
15.99238586,-19.17899984,LA1,2009-10-16,04:00:48 PM,16:00:00,Hot-Dry
15.99277445,-19.18221029,LA1,2009-10-16,04:20:48 PM,16:20:00,Hot-Dry
15.99327393,-19.18372396,LA1,2009-10-16,04:40:48 PM,16:40:00,Hot-Dry
15.99314982,-19.18464559,LA1,2009-10-16,05:00:48 PM,17:00:00,Hot-Dry
15.99321289,-19.18474121,LA1,2009-10-16,05:20:48 PM,17:20:00,Hot-Dry
15.99349772,-19.18515625,LA1,2009-10-16,05:40:48 PM,17:40:00,Hot-Dry
15.99374084,-19.18815104,LA1,2009-10-16,06:00:48 PM,18:00:00,Hot-Dry
15.99352214,-19.18910929,LA1,2009-10-16,06:20:48 PM,18:20:00,Hot-Dry
15.99334208,-19.18968709,LA1,2009-10-16,06:40:48 PM,18:40:00,Hot-Dry
15.99339803,-19.19054769,LA1,2009-10-16,07:00:48 PM,19:00:00,Hot-Dry
15.99325765,-19.19072876,LA1,2009-10-16,07:20:48 PM,19:20:00,Hot-Dry
15.99336446,-19.19231364,LA1,2009-10-16,07:40:48 PM,19:40:00,Hot-Dry
15.99293111,-19.19394938,LA1,2009-10-16,08:00:48 PM,20:00:00,Hot-Dry
15.99225769,-19.19487305,LA1,2009-10-16,08:20:48 PM,20:20:00,Hot-Dry
15.99168599,-19.19624023,LA1,2009-10-16,08:40:48 PM,20:40:00,Hot-Dry
15.99121297,-19.1973938,LA1,2009-10-16,09:00:48 PM,21:00:00,Hot-Dry
15.99109701,-19.19914958,LA1,2009-10-16,09:20:48 PM,21:20:00,Hot-Dry
15.99060059,-19.20035604,LA1,2009-10-16,09:40:48 PM,21:40:00,Hot-Dry
15.99059753,-19.20044352,LA1,2009-10-16,10:00:48 PM,22:00:00,Hot-Dry
15.99056905,-19.20046183,LA1,2009-10-16,10:20:48 PM,22:20:00,Hot-Dry
15.99136149,-19.20089315,LA1,2009-10-16,10:40:48 PM,22:40:00,Hot-Dry
15.99173177,-19.20105591,LA1,2009-10-16,11:00:48 PM,23:00:00,Hot-Dry
15.99356384,-19.20167033,LA1,2009-10-16,11:20:48 PM,23:20:00,Hot-Dry
15.99361369,-19.20169678,LA1,2009-10-16,11:40:48 PM,23:40:00,Hot-Dry
15.99358317,-19.20215047,LA1,2009-10-17,12:00:48 AM,00:00:00,Hot-Dry
15.99361572,-19.20230103,LA1,2009-10-17,12:20:49 AM,00:20:00,Hot-Dry
15.99359029,-19.20232951,LA1,2009-10-17,12:40:48 AM,00:40:00,Hot-Dry
15.99360046,-19.2023234,LA1,2009-10-17,01:00:48 AM,01:00:00,Hot-Dry
15.99414775,-19.20344849,LA1,2009-10-17,01:20:48 AM,01:20:00,Hot-Dry
15.99412537,-19.20343831,LA1,2009-10-17,01:40:48 AM,01:40:00,Hot-Dry
15.99543457,-19.20366211,LA1,2009-10-17,02:00:48 AM,02:00:00,Hot-Dry
15.99716593,-19.20431519,LA1,2009-10-17,02:20:48 AM,02:20:00,Hot-Dry
15.99807027,-19.20503133,LA1,2009-10-17,02:40:48 AM,02:40:00,Hot-Dry
15.99810893,-19.20509644,LA1,2009-10-17,03:00:48 AM,03:00:00,Hot-Dry
15.99802246,-19.20503337,LA1,2009-10-17,03:20:48 AM,03:20:00,Hot-Dry
15.99806315,-19.20508423,LA1,2009-10-17,03:40:48 AM,03:40:00,Hot-Dry
15.99815063,-19.20503947,LA1,2009-10-17,04:00:48 AM,04:00:00,Hot-Dry
15.99810994,-19.20505981,LA1,2009-10-17,04:20:48 AM,04:20:00,Hot-Dry
15.99817403,-19.20517782,LA1,2009-10-17,04:40:48 AM,04:40:00,Hot-Dry
15.99818014,-19.20516357,LA1,2009-10-17,05:00:49 AM,05:00:00,Hot-Dry
15.99816895,-19.2051534,LA1,2009-10-17,05:20:48 AM,05:20:00,Hot-Dry
15.99801432,-19.20528971,LA1,2009-10-17,05:40:48 AM,05:40:00,Hot-Dry
15.99800822,-19.20530192,LA1,2009-10-17,06:00:48 AM,06:00:00,Hot-Dry
15.99801636,-19.20526937,LA1,2009-10-17,06:20:48 AM,06:20:00,Hot-Dry
15.99916484,-19.20638631,LA1,2009-10-17,06:40:48 AM,06:40:00,Hot-Dry
15.99917501,-19.20638224,LA1,2009-10-17,07:00:48 AM,07:00:00,Hot-Dry
15.99827983,-19.20909424,LA1,2009-10-17,07:20:48 AM,07:20:00,Hot-Dry
15.99473775,-19.2099467,LA1,2009-10-17,07:40:48 AM,07:40:00,Hot-Dry
15.98678589,-19.21270345,LA1,2009-10-17,08:00:48 AM,08:00:00,Hot-Dry
15.97724304,-19.20594482,LA1,2009-10-17,08:20:48 AM,08:20:00,Hot-Dry
15.97715251,-19.20595907,LA1,2009-10-17,08:40:48 AM,08:40:00,Hot-Dry
15.97691142,-19.20593465,LA1,2009-10-17,09:00:48 AM,09:00:00,Hot-Dry
15.97503153,-19.20526937,LA1,2009-10-17,09:20:48 AM,09:20:00,Hot-Dry
15.97471212,-19.20527751,LA1,2009-10-17,09:40:48 AM,09:40:00,Hot-Dry
15.97470398,-19.20528361,LA1,2009-10-17,10:00:48 AM,10:00:00,Hot-Dry
15.97471008,-19.20528564,LA1,2009-10-17,10:20:48 AM,10:20:00,Hot-Dry
15.97472026,-19.20529175,LA1,2009-10-17,10:40:48 AM,10:40:00,Hot-Dry
15.97318319,-19.2052714,LA1,2009-10-17,11:00:48 AM,11:00:00,Hot-Dry
15.97150777,-19.20499471,LA1,2009-10-17,11:20:48 AM,11:20:00,Hot-Dry
15.97055257,-19.20435181,LA1,2009-10-17,11:40:48 AM,11:40:00,Hot-Dry
15.96771545,-19.20255941,LA1,2009-10-17,12:00:48 PM,12:00:00,Hot-Dry
15.96687012,-19.20217692,LA1,2009-10-17,12:20:49 PM,12:20:00,Hot-Dry
15.9668691,-19.20221151,LA1,2009-10-17,12:40:48 PM,12:40:00,Hot-Dry
15.96563212,-19.20170898,LA1,2009-10-17,01:00:48 PM,13:00:00,Hot-Dry
15.96443481,-19.20102946,LA1,2009-10-17,01:20:48 PM,13:20:00,Hot-Dry
15.96443075,-19.20103353,LA1,2009-10-17,01:40:48 PM,13:40:00,Hot-Dry
15.96441752,-19.20103556,LA1,2009-10-17,02:00:48 PM,14:00:00,Hot-Dry
15.95892232,-19.19959717,LA1,2009-10-17,02:20:48 PM,14:20:00,Hot-Dry
15.95749613,-19.19939372,LA1,2009-10-17,02:40:48 PM,14:40:00,Hot-Dry
15.95740763,-19.19952189,LA1,2009-10-17,03:00:48 PM,15:00:00,Hot-Dry
15.95651652,-19.19902954,LA1,2009-10-17,03:20:48 PM,15:20:00,Hot-Dry
15.95638631,-19.19885254,LA1,2009-10-17,03:40:48 PM,15:40:00,Hot-Dry
15.95616252,-19.19882406,LA1,2009-10-17,04:00:48 PM,16:00:00,Hot-Dry
15.9556722,-19.19871826,LA1,2009-10-17,04:20:48 PM,16:20:00,Hot-Dry
15.95421244,-19.19871012,LA1,2009-10-17,04:40:48 PM,16:40:00,Hot-Dry
15.95313416,-19.19777832,LA1,2009-10-17,05:00:48 PM,17:00:00,Hot-Dry
15.95219218,-19.1974528,LA1,2009-10-17,05:20:48 PM,17:20:00,Hot-Dry
15.9496226,-19.19616699,LA1,2009-10-17,05:40:48 PM,17:40:00,Hot-Dry
15.94729614,-19.19476115,LA1,2009-10-17,06:00:48 PM,18:00:00,Hot-Dry
15.94393921,-19.19299723,LA1,2009-10-17,06:20:48 PM,18:20:00,Hot-Dry
15.94269206,-19.19244792,LA1,2009-10-17,06:40:48 PM,18:40:00,Hot-Dry
15.93318075,-19.19010417,LA1,2009-10-17,07:00:48 PM,19:00:00,Hot-Dry
15.9252828,-19.19098918,LA1,2009-10-17,07:20:48 PM,19:20:00,Hot-Dry
15.92437236,-19.19118449,LA1,2009-10-17,07:40:48 PM,19:40:00,Hot-Dry
15.91848653,-19.1851888,LA1,2009-10-17,08:00:48 PM,20:00:00,Hot-Dry
15.9155721,-19.18080444,LA1,2009-10-17,08:20:48 PM,20:20:00,Hot-Dry
15.91381022,-19.18566895,LA1,2009-10-17,08:40:48 PM,20:40:00,Hot-Dry
15.91277771,-19.19332072,LA1,2009-10-17,09:00:48 PM,21:00:00,Hot-Dry
15.91243184,-19.19428304,LA1,2009-10-17,09:20:48 PM,21:20:00,Hot-Dry
15.91106059,-19.19584757,LA1,2009-10-17,09:40:48 PM,21:40:00,Hot-Dry
15.91131185,-19.19672241,LA1,2009-10-17,10:00:48 PM,22:00:00,Hot-Dry
15.91244303,-19.2047465,LA1,2009-10-17,10:20:48 PM,22:20:00,Hot-Dry
15.91220805,-19.20575968,LA1,2009-10-17,10:40:48 PM,22:40:00,Hot-Dry
15.91186015,-19.20774943,LA1,2009-10-17,11:00:48 PM,23:00:00,Hot-Dry
15.91233215,-19.20890096,LA1,2009-10-17,11:20:48 PM,23:20:00,Hot-Dry
15.91327209,-19.20993042,LA1,2009-10-17,11:40:48 PM,23:40:00,Hot-Dry
15.91099345,-19.21419678,LA1,2009-10-18,12:00:48 AM,00:00:00,Hot-Dry
15.90760498,-19.22130737,LA1,2009-10-18,12:20:48 AM,00:20:00,Hot-Dry
15.90612488,-19.22276204,LA1,2009-10-18,12:40:48 AM,00:40:00,Hot-Dry
15.90546875,-19.22613729,LA1,2009-10-18,01:00:48 AM,01:00:00,Hot-Dry
15.90535278,-19.22669271,LA1,2009-10-18,01:20:48 AM,01:20:00,Hot-Dry
15.90506999,-19.22746379,LA1,2009-10-18,01:40:48 AM,01:40:00,Hot-Dry
15.90480652,-19.22803141,LA1,2009-10-18,02:00:48 AM,02:00:00,Hot-Dry
15.90482585,-19.22805379,LA1,2009-10-18,02:20:48 AM,02:20:00,Hot-Dry
15.90483805,-19.22799072,LA1,2009-10-18,02:40:48 AM,02:40:00,Hot-Dry
15.9048289,-19.22800293,LA1,2009-10-18,03:00:48 AM,03:00:00,Hot-Dry
15.90487467,-19.22795003,LA1,2009-10-18,03:20:48 AM,03:20:00,Hot-Dry
15.90483602,-19.22796834,LA1,2009-10-18,03:40:48 AM,03:40:00,Hot-Dry
15.90487264,-19.22801514,LA1,2009-10-18,04:00:48 AM,04:00:00,Hot-Dry
15.90435791,-19.22830404,LA1,2009-10-18,04:20:48 AM,04:20:00,Hot-Dry
15.90408325,-19.22945557,LA1,2009-10-18,04:40:48 AM,04:40:00,Hot-Dry
15.90382182,-19.23037516,LA1,2009-10-18,05:00:48 AM,05:00:00,Hot-Dry
15.90396932,-19.23114624,LA1,2009-10-18,05:20:48 AM,05:20:00,Hot-Dry
15.90464783,-19.23268229,LA1,2009-10-18,05:40:48 AM,05:40:00,Hot-Dry
15.90493368,-19.23390706,LA1,2009-10-18,06:00:48 AM,06:00:00,Hot-Dry
15.90500387,-19.23528442,LA1,2009-10-18,06:20:48 AM,06:20:00,Hot-Dry
15.90545349,-19.23749593,LA1,2009-10-18,06:40:48 AM,06:40:00,Hot-Dry
15.90259094,-19.24018351,LA1,2009-10-18,07:00:48 AM,07:00:00,Hot-Dry
15.90177917,-19.24370728,LA1,2009-10-18,07:20:48 AM,07:20:00,Hot-Dry
15.90137227,-19.24498901,LA1,2009-10-18,07:40:48 AM,07:40:00,Hot-Dry
15.9008138,-19.24676107,LA1,2009-10-18,08:00:48 AM,08:00:00,Hot-Dry
15.90051982,-19.25024414,LA1,2009-10-18,08:20:48 AM,08:20:00,Hot-Dry
15.89955648,-19.2543986,LA1,2009-10-18,08:40:48 AM,08:40:00,Hot-Dry
15.89891764,-19.25631917,LA1,2009-10-18,09:00:48 AM,09:00:00,Hot-Dry
15.89813436,-19.25746867,LA1,2009-10-18,09:20:48 AM,09:20:00,Hot-Dry
15.89777018,-19.25817261,LA1,2009-10-18,09:40:48 AM,09:40:00,Hot-Dry
15.89761454,-19.25841471,LA1,2009-10-18,10:00:48 AM,10:00:00,Hot-Dry
15.89701538,-19.25941976,LA1,2009-10-18,10:20:48 AM,10:20:00,Hot-Dry
15.89455668,-19.26123657,LA1,2009-10-18,10:40:48 AM,10:40:00,Hot-Dry
15.89381002,-19.26278483,LA1,2009-10-18,11:00:48 AM,11:00:00,Hot-Dry
15.89294332,-19.26357829,LA1,2009-10-18,11:20:49 AM,11:20:00,Hot-Dry
15.89197083,-19.26477458,LA1,2009-10-18,11:40:48 AM,11:40:00,Hot-Dry
15.89158223,-19.26749878,LA1,2009-10-18,12:00:48 PM,12:00:00,Hot-Dry
15.89118245,-19.26923828,LA1,2009-10-18,12:20:48 PM,12:20:00,Hot-Dry
15.89079997,-19.27027588,LA1,2009-10-18,12:40:48 PM,12:40:00,Hot-Dry
15.89032186,-19.27208862,LA1,2009-10-18,01:00:48 PM,13:00:00,Hot-Dry
15.88987732,-19.27365519,LA1,2009-10-18,01:20:48 PM,13:20:00,Hot-Dry
15.88984375,-19.27378337,LA1,2009-10-18,01:40:48 PM,13:40:00,Hot-Dry
15.88976746,-19.27420247,LA1,2009-10-18,02:00:48 PM,14:00:00,Hot-Dry
15.88859456,-19.27408854,LA1,2009-10-18,02:20:48 PM,14:20:00,Hot-Dry
15.88861491,-19.27466024,LA1,2009-10-18,02:40:48 PM,14:40:00,Hot-Dry
15.8906545,-19.27587077,LA1,2009-10-18,03:00:48 PM,15:00:00,Hot-Dry
15.89129537,-19.2765625,LA1,2009-10-18,03:20:48 PM,15:20:00,Hot-Dry
15.89192403,-19.27754924,LA1,2009-10-18,03:40:48 PM,15:40:00,Hot-Dry
15.89585571,-19.28327433,LA1,2009-10-18,04:00:48 PM,16:00:00,Hot-Dry
15.90231832,-19.28816528,LA1,2009-10-18,04:20:48 PM,16:20:00,Hot-Dry
15.90621643,-19.29101969,LA1,2009-10-18,04:40:48 PM,16:40:00,Hot-Dry
15.91237895,-19.29527995,LA1,2009-10-18,05:00:48 PM,17:00:00,Hot-Dry
15.91371765,-19.29568075,LA1,2009-10-18,05:20:48 PM,17:20:00,Hot-Dry
15.91373698,-19.29568685,LA1,2009-10-18,05:40:48 PM,17:40:00,Hot-Dry
15.91558126,-19.29290365,LA1,2009-10-18,06:00:48 PM,18:00:00,Hot-Dry
15.91638794,-19.29266561,LA1,2009-10-18,06:20:48 PM,18:20:00,Hot-Dry
15.91684672,-19.29305216,LA1,2009-10-18,06:40:48 PM,18:40:00,Hot-Dry
15.92050578,-19.29728394,LA1,2009-10-18,07:00:48 PM,19:00:00,Hot-Dry
15.92371724,-19.30442098,LA1,2009-10-18,07:20:48 PM,19:20:00,Hot-Dry
15.91763916,-19.30779012,LA1,2009-10-18,07:40:48 PM,19:40:00,Hot-Dry
15.9102122,-19.30520223,LA1,2009-10-18,08:00:48 PM,20:00:00,Hot-Dry
15.90496724,-19.30372518,LA1,2009-10-18,08:20:48 PM,20:20:00,Hot-Dry
15.90433044,-19.30336507,LA1,2009-10-18,08:40:48 PM,20:40:00,Hot-Dry
15.89958089,-19.30096436,LA1,2009-10-18,09:00:48 PM,21:00:00,Hot-Dry
15.89938863,-19.3005717,LA1,2009-10-18,09:20:48 PM,21:20:00,Hot-Dry
15.89938558,-19.30058594,LA1,2009-10-18,09:40:48 PM,21:40:00,Hot-Dry
15.89923401,-19.30054118,LA1,2009-10-18,10:00:48 PM,22:00:00,Hot-Dry
15.89873556,-19.30065715,LA1,2009-10-18,10:20:48 PM,22:20:00,Hot-Dry
15.89862467,-19.30063477,LA1,2009-10-18,10:40:48 PM,22:40:00,Hot-Dry
15.89843953,-19.30082804,LA1,2009-10-18,11:00:48 PM,23:00:00,Hot-Dry
15.89736735,-19.30067546,LA1,2009-10-18,11:20:48 PM,23:20:00,Hot-Dry
15.89725444,-19.30065715,LA1,2009-10-18,11:40:48 PM,23:40:00,Hot-Dry
15.89661865,-19.30039063,LA1,2009-10-19,12:00:48 AM,00:00:00,Hot-Dry
15.89579875,-19.29956665,LA1,2009-10-19,12:20:48 AM,00:20:00,Hot-Dry
15.89582723,-19.29951579,LA1,2009-10-19,12:40:48 AM,00:40:00,Hot-Dry
15.89578349,-19.2994873,LA1,2009-10-19,01:00:48 AM,01:00:00,Hot-Dry
15.89578451,-19.29947103,LA1,2009-10-19,01:20:49 AM,01:20:00,Hot-Dry
15.89579061,-19.29952799,LA1,2009-10-19,01:40:48 AM,01:40:00,Hot-Dry
15.89582825,-19.29958089,LA1,2009-10-19,02:00:55 AM,02:00:00,Hot-Dry
15.89585978,-19.29955037,LA1,2009-10-19,02:20:48 AM,02:20:00,Hot-Dry
15.89576518,-19.29953206,LA1,2009-10-19,02:40:48 AM,02:40:00,Hot-Dry
15.89577128,-19.29954834,LA1,2009-10-19,03:00:48 AM,03:00:00,Hot-Dry
15.89577128,-19.29956055,LA1,2009-10-19,03:20:48 AM,03:20:00,Hot-Dry
15.89576213,-19.29956055,LA1,2009-10-19,03:41:01 AM,03:41:00,Hot-Dry
15.89578145,-19.29951375,LA1,2009-10-19,04:00:48 AM,04:00:00,Hot-Dry
15.89563904,-19.29998372,LA1,2009-10-19,04:20:48 AM,04:20:00,Hot-Dry
15.89530741,-19.29996948,LA1,2009-10-19,04:40:48 AM,04:40:00,Hot-Dry
15.89489237,-19.29983724,LA1,2009-10-19,05:00:48 AM,05:00:00,Hot-Dry
15.89480693,-19.2998881,LA1,2009-10-19,05:20:48 AM,05:20:00,Hot-Dry
15.89478048,-19.29924723,LA1,2009-10-19,05:40:48 AM,05:40:00,Hot-Dry
15.89467977,-19.29876099,LA1,2009-10-19,06:00:48 AM,06:00:00,Hot-Dry
15.89426066,-19.29888916,LA1,2009-10-19,06:20:48 AM,06:20:00,Hot-Dry
15.89402466,-19.29995524,LA1,2009-10-19,06:40:48 AM,06:40:00,Hot-Dry
15.89421285,-19.30001017,LA1,2009-10-19,07:00:48 AM,07:00:00,Hot-Dry
15.89420675,-19.30015259,LA1,2009-10-19,07:20:48 AM,07:20:00,Hot-Dry
15.89433594,-19.30122274,LA1,2009-10-19,07:40:48 AM,07:40:00,Hot-Dry
15.8967336,-19.30225627,LA1,2009-10-19,08:00:48 AM,08:00:00,Hot-Dry
15.89758097,-19.30239868,LA1,2009-10-19,08:20:48 AM,08:20:00,Hot-Dry
15.89824626,-19.30220133,LA1,2009-10-19,08:40:48 AM,08:40:00,Hot-Dry
15.89933065,-19.30192464,LA1,2009-10-19,09:00:48 AM,09:00:00,Hot-Dry
15.89983724,-19.30201619,LA1,2009-10-19,09:20:48 AM,09:20:00,Hot-Dry
15.90012716,-19.30193278,LA1,2009-10-19,09:40:48 AM,09:40:00,Hot-Dry
15.90095825,-19.30213623,LA1,2009-10-19,10:00:48 AM,10:00:00,Hot-Dry
15.90563151,-19.30438029,LA1,2009-10-19,10:20:48 AM,10:20:00,Hot-Dry
15.91207886,-19.3069458,LA1,2009-10-19,10:40:48 AM,10:40:00,Hot-Dry
15.9166158,-19.30753988,LA1,2009-10-19,11:00:48 AM,11:00:00,Hot-Dry
15.92409871,-19.30530802,LA1,2009-10-19,11:20:48 AM,11:20:00,Hot-Dry
15.93044332,-19.30768636,LA1,2009-10-19,11:40:48 AM,11:40:00,Hot-Dry
15.93075765,-19.30805664,LA1,2009-10-19,12:00:48 PM,12:00:00,Hot-Dry
15.93075663,-19.30808512,LA1,2009-10-19,12:20:49 PM,12:20:00,Hot-Dry
15.93160909,-19.30929972,LA1,2009-10-19,12:40:48 PM,12:40:00,Hot-Dry
15.93613586,-19.31160889,LA1,2009-10-19,01:00:48 PM,13:00:00,Hot-Dry
15.94103699,-19.31622314,LA1,2009-10-19,01:20:48 PM,13:20:00,Hot-Dry
15.94106649,-19.31625977,LA1,2009-10-19,01:40:48 PM,13:40:00,Hot-Dry
15.94264221,-19.31265259,LA1,2009-10-19,02:00:48 PM,14:00:00,Hot-Dry
15.94066874,-19.30658773,LA1,2009-10-19,02:20:48 PM,14:20:00,Hot-Dry
15.9408193,-19.30588379,LA1,2009-10-19,02:40:48 PM,14:40:00,Hot-Dry
15.93991597,-19.30444946,LA1,2009-10-19,03:00:48 PM,15:00:00,Hot-Dry
15.93975423,-19.30428874,LA1,2009-10-19,03:20:48 PM,15:20:00,Hot-Dry
15.93848165,-19.30107422,LA1,2009-10-19,03:40:48 PM,15:40:00,Hot-Dry
15.93697713,-19.29476115,LA1,2009-10-19,04:00:48 PM,16:00:00,Hot-Dry
15.93470866,-19.28965454,LA1,2009-10-19,04:20:48 PM,16:20:00,Hot-Dry
15.93339742,-19.28827515,LA1,2009-10-19,04:40:48 PM,16:40:00,Hot-Dry
15.93268331,-19.28728638,LA1,2009-10-19,05:00:48 PM,17:00:00,Hot-Dry
15.93219604,-19.28560791,LA1,2009-10-19,05:20:48 PM,17:20:00,Hot-Dry
15.93172302,-19.28334147,LA1,2009-10-19,05:40:48 PM,17:40:00,Hot-Dry
15.93164978,-19.28319906,LA1,2009-10-19,06:00:48 PM,18:00:00,Hot-Dry
15.93144124,-19.28291423,LA1,2009-10-19,06:20:48 PM,18:20:00,Hot-Dry
15.93143921,-19.28299561,LA1,2009-10-19,06:40:48 PM,18:40:00,Hot-Dry
15.93152669,-19.28040568,LA1,2009-10-19,07:00:48 PM,19:00:00,Hot-Dry
15.93174032,-19.27822673,LA1,2009-10-19,07:20:48 PM,19:20:00,Hot-Dry
15.93171692,-19.27767741,LA1,2009-10-19,07:40:48 PM,19:40:00,Hot-Dry
15.93169454,-19.27698161,LA1,2009-10-19,08:00:48 PM,20:00:00,Hot-Dry
15.9318278,-19.27392375,LA1,2009-10-19,08:20:48 PM,20:20:00,Hot-Dry
15.93143819,-19.2729126,LA1,2009-10-19,08:40:48 PM,20:40:00,Hot-Dry
15.93116455,-19.27194417,LA1,2009-10-19,09:00:48 PM,21:00:00,Hot-Dry
15.93119202,-19.271993,LA1,2009-10-19,09:20:48 PM,21:20:00,Hot-Dry
15.93115845,-19.27196248,LA1,2009-10-19,09:40:48 PM,21:40:00,Hot-Dry
15.93116353,-19.27194621,LA1,2009-10-19,10:00:48 PM,22:00:00,Hot-Dry
15.93116252,-19.27197876,LA1,2009-10-19,10:20:48 PM,22:20:00,Hot-Dry
15.93117269,-19.27197062,LA1,2009-10-19,10:40:48 PM,22:40:00,Hot-Dry
15.93120524,-19.2719279,LA1,2009-10-19,11:00:48 PM,23:00:00,Hot-Dry
15.93118286,-19.27192586,LA1,2009-10-19,11:20:48 PM,23:20:00,Hot-Dry
15.93117676,-19.27192586,LA1,2009-10-19,11:40:48 PM,23:40:00,Hot-Dry
15.93044739,-19.27036743,LA1,2009-10-20,12:00:48 AM,00:00:00,Hot-Dry
15.93033956,-19.27003377,LA1,2009-10-20,12:20:48 AM,00:20:00,Hot-Dry
15.93062948,-19.2696228,LA1,2009-10-20,12:40:48 AM,00:40:00,Hot-Dry
15.93088481,-19.2694519,LA1,2009-10-20,01:00:48 AM,01:00:00,Hot-Dry
15.93099162,-19.26929525,LA1,2009-10-20,01:20:48 AM,01:20:00,Hot-Dry
15.93216451,-19.26829631,LA1,2009-10-20,01:40:48 AM,01:40:00,Hot-Dry
15.93220825,-19.26827189,LA1,2009-10-20,02:00:48 AM,02:00:00,Hot-Dry
15.93221842,-19.26824544,LA1,2009-10-20,02:20:48 AM,02:20:00,Hot-Dry
15.93231506,-19.26823934,LA1,2009-10-20,02:40:48 AM,02:40:00,Hot-Dry
15.93224284,-19.26822917,LA1,2009-10-20,03:00:49 AM,03:00:00,Hot-Dry
15.93223877,-19.2682251,LA1,2009-10-20,03:20:48 AM,03:20:00,Hot-Dry
15.93222046,-19.26825562,LA1,2009-10-20,03:40:48 AM,03:40:00,Hot-Dry
15.93228149,-19.26826375,LA1,2009-10-20,04:00:48 AM,04:00:00,Hot-Dry
15.93222453,-19.26820882,LA1,2009-10-20,04:20:55 AM,04:20:00,Hot-Dry
15.93288472,-19.26804606,LA1,2009-10-20,04:40:48 AM,04:40:00,Hot-Dry
15.93481547,-19.26737467,LA1,2009-10-20,05:00:48 AM,05:00:00,Hot-Dry
15.93489583,-19.26680705,LA1,2009-10-20,05:20:48 AM,05:20:00,Hot-Dry
15.93687744,-19.26604818,LA1,2009-10-20,05:40:48 AM,05:40:00,Hot-Dry
15.93852336,-19.26525879,LA1,2009-10-20,06:00:48 AM,06:00:00,Hot-Dry
15.93855082,-19.26505534,LA1,2009-10-20,06:20:48 AM,06:20:00,Hot-Dry
15.93855896,-19.26466878,LA1,2009-10-20,06:40:48 AM,06:40:00,Hot-Dry
15.93886414,-19.26335246,LA1,2009-10-20,07:00:48 AM,07:00:00,Hot-Dry
15.93861287,-19.26273804,LA1,2009-10-20,07:20:48 AM,07:20:00,Hot-Dry
15.93878682,-19.26249797,LA1,2009-10-20,07:40:48 AM,07:40:00,Hot-Dry
15.94001567,-19.26075846,LA1,2009-10-20,08:00:48 AM,08:00:00,Hot-Dry
15.93958944,-19.2591451,LA1,2009-10-20,08:20:48 AM,08:20:00,Hot-Dry
15.93929545,-19.2580953,LA1,2009-10-20,08:40:48 AM,08:40:00,Hot-Dry
15.9392334,-19.25680135,LA1,2009-10-20,09:00:48 AM,09:00:00,Hot-Dry
15.940212,-19.25395915,LA1,2009-10-20,09:20:48 AM,09:20:00,Hot-Dry
15.94063924,-19.2537618,LA1,2009-10-20,09:40:48 AM,09:40:00,Hot-Dry
15.94092916,-19.25291341,LA1,2009-10-20,10:00:48 AM,10:00:00,Hot-Dry
15.94047038,-19.24892171,LA1,2009-10-20,10:20:48 AM,10:20:00,Hot-Dry
15.939446,-19.24648031,LA1,2009-10-20,10:40:48 AM,10:40:00,Hot-Dry
15.93863322,-19.24451294,LA1,2009-10-20,11:00:48 AM,11:00:00,Hot-Dry
15.93786825,-19.24228109,LA1,2009-10-20,11:20:48 AM,11:20:00,Hot-Dry
15.93583679,-19.23717448,LA1,2009-10-20,11:40:48 AM,11:40:00,Hot-Dry
15.93327637,-19.23292847,LA1,2009-10-20,12:00:48 PM,12:00:00,Hot-Dry
15.93021342,-19.22881063,LA1,2009-10-20,12:20:48 PM,12:20:00,Hot-Dry
15.92545573,-19.22433065,LA1,2009-10-20,12:40:48 PM,12:40:00,Hot-Dry
15.92157491,-19.22081706,LA1,2009-10-20,01:00:48 PM,13:00:00,Hot-Dry
15.91844788,-19.2167216,LA1,2009-10-20,01:20:48 PM,13:20:00,Hot-Dry
15.9180837,-19.21495972,LA1,2009-10-20,01:40:48 PM,13:40:00,Hot-Dry
15.91784363,-19.21120402,LA1,2009-10-20,02:00:48 PM,14:00:00,Hot-Dry
15.91811625,-19.20687663,LA1,2009-10-20,02:20:48 PM,14:20:00,Hot-Dry
15.91830444,-19.20571289,LA1,2009-10-20,02:40:48 PM,14:40:00,Hot-Dry
15.91729635,-19.19859009,LA1,2009-10-20,03:00:48 PM,15:00:00,Hot-Dry
15.91608785,-19.1952596,LA1,2009-10-20,03:20:48 PM,15:20:00,Hot-Dry
15.91618754,-19.19410604,LA1,2009-10-20,03:40:48 PM,15:40:00,Hot-Dry
15.9165863,-19.18724772,LA1,2009-10-20,04:00:48 PM,16:00:00,Hot-Dry
15.91591187,-19.18105469,LA1,2009-10-20,04:20:48 PM,16:20:00,Hot-Dry
15.91601156,-19.18088379,LA1,2009-10-20,04:40:48 PM,16:40:00,Hot-Dry
15.90986023,-19.18048706,LA1,2009-10-20,05:00:48 PM,17:00:00,Hot-Dry
15.90339457,-19.17971395,LA1,2009-10-20,05:20:48 PM,17:20:00,Hot-Dry
15.89628601,-19.1791687,LA1,2009-10-20,05:40:48 PM,17:40:00,Hot-Dry
15.88944702,-19.17940063,LA1,2009-10-20,06:00:48 PM,18:00:00,Hot-Dry
15.88728231,-19.18026326,LA1,2009-10-20,06:20:48 PM,18:20:00,Hot-Dry
15.88270467,-19.1829366,LA1,2009-10-20,06:40:48 PM,18:40:00,Hot-Dry
15.8771637,-19.18435465,LA1,2009-10-20,07:00:48 PM,19:00:00,Hot-Dry
15.87244161,-19.18812663,LA1,2009-10-20,07:20:48 PM,19:20:00,Hot-Dry
15.87176615,-19.19214884,LA1,2009-10-20,07:40:48 PM,19:40:00,Hot-Dry
15.86930542,-19.19450073,LA1,2009-10-20,08:00:48 PM,20:00:00,Hot-Dry
15.86569926,-19.19749959,LA1,2009-10-20,08:20:48 PM,20:20:00,Hot-Dry
15.86482646,-19.19845378,LA1,2009-10-20,08:40:48 PM,20:40:00,Hot-Dry
15.86460673,-19.19847005,LA1,2009-10-20,09:00:48 PM,21:00:00,Hot-Dry
15.86253357,-19.19972331,LA1,2009-10-20,09:20:48 PM,21:20:00,Hot-Dry
15.86085917,-19.20095418,LA1,2009-10-20,09:40:48 PM,21:40:00,Hot-Dry
15.85940043,-19.20178426,LA1,2009-10-20,10:00:48 PM,22:00:00,Hot-Dry
15.85922546,-19.20204671,LA1,2009-10-20,10:20:48 PM,22:20:00,Hot-Dry
15.85747579,-19.20378621,LA1,2009-10-20,10:40:48 PM,22:40:00,Hot-Dry
15.85630188,-19.20505778,LA1,2009-10-20,11:00:48 PM,23:00:00,Hot-Dry
15.85620422,-19.20512695,LA1,2009-10-20,11:20:48 PM,23:20:00,Hot-Dry
15.85581258,-19.2051473,LA1,2009-10-20,11:40:48 PM,23:40:00,Hot-Dry
15.85510254,-19.20534668,LA1,2009-10-21,12:00:48 AM,00:00:00,Hot-Dry
15.85362142,-19.20620321,LA1,2009-10-21,12:20:49 AM,00:20:00,Hot-Dry
15.8532491,-19.20662231,LA1,2009-10-21,12:40:48 AM,00:40:00,Hot-Dry
15.85296631,-19.20644531,LA1,2009-10-21,01:00:48 AM,01:00:00,Hot-Dry
15.85293274,-19.20641073,LA1,2009-10-21,01:20:48 AM,01:20:00,Hot-Dry
15.85290934,-19.20641683,LA1,2009-10-21,01:40:48 AM,01:40:00,Hot-Dry
15.85295308,-19.20637207,LA1,2009-10-21,02:00:48 AM,02:00:00,Hot-Dry
15.85299276,-19.20637614,LA1,2009-10-21,02:20:51 AM,02:20:00,Hot-Dry
15.85298564,-19.2063741,LA1,2009-10-21,02:40:48 AM,02:40:00,Hot-Dry
15.85295715,-19.20632935,LA1,2009-10-21,03:00:48 AM,03:00:00,Hot-Dry
15.85298665,-19.20638631,LA1,2009-10-21,03:20:48 AM,03:20:00,Hot-Dry
15.85192159,-19.20697225,LA1,2009-10-21,03:40:48 AM,03:40:00,Hot-Dry
15.85096741,-19.20746053,LA1,2009-10-21,04:00:48 AM,04:00:00,Hot-Dry
15.85081991,-19.20753174,LA1,2009-10-21,04:20:48 AM,04:20:00,Hot-Dry
15.85060832,-19.20819499,LA1,2009-10-21,04:40:48 AM,04:40:00,Hot-Dry
15.85103149,-19.20880534,LA1,2009-10-21,05:00:48 AM,05:00:00,Hot-Dry
15.85110372,-19.21044108,LA1,2009-10-21,05:20:48 AM,05:20:00,Hot-Dry
15.85100708,-19.21086222,LA1,2009-10-21,05:40:48 AM,05:40:00,Hot-Dry
15.85096944,-19.21090291,LA1,2009-10-21,06:00:48 AM,06:00:00,Hot-Dry
15.85048625,-19.21103312,LA1,2009-10-21,06:20:48 AM,06:20:00,Hot-Dry
15.85028788,-19.21128743,LA1,2009-10-21,06:40:48 AM,06:40:00,Hot-Dry
15.85012207,-19.21170858,LA1,2009-10-21,07:00:48 AM,07:00:00,Hot-Dry
15.84954529,-19.21204834,LA1,2009-10-21,07:20:48 AM,07:20:00,Hot-Dry
15.84831543,-19.21245931,LA1,2009-10-21,07:40:48 AM,07:40:00,Hot-Dry
15.8473053,-19.21296997,LA1,2009-10-21,08:00:48 AM,08:00:00,Hot-Dry
15.84692383,-19.21291911,LA1,2009-10-21,08:20:48 AM,08:20:00,Hot-Dry
15.84676615,-19.2129008,LA1,2009-10-21,08:40:48 AM,08:40:00,Hot-Dry
15.84646606,-19.21297404,LA1,2009-10-21,09:00:48 AM,09:00:00,Hot-Dry
15.84434306,-19.21448975,LA1,2009-10-21,09:20:48 AM,09:20:00,Hot-Dry
15.84472961,-19.21426188,LA1,2009-10-21,09:40:48 AM,09:40:00,Hot-Dry
15.84431254,-19.21466878,LA1,2009-10-21,10:00:48 AM,10:00:00,Hot-Dry
15.84364319,-19.21499837,LA1,2009-10-21,10:20:48 AM,10:20:00,Hot-Dry
15.84182129,-19.21505941,LA1,2009-10-21,10:40:48 AM,10:40:00,Hot-Dry
15.84122823,-19.215802,LA1,2009-10-21,11:00:48 AM,11:00:00,Hot-Dry
15.84084269,-19.21589762,LA1,2009-10-21,11:20:48 AM,11:20:00,Hot-Dry
15.84087219,-19.21589559,LA1,2009-10-21,11:40:48 AM,11:40:00,Hot-Dry
15.84080302,-19.21587321,LA1,2009-10-21,12:00:48 PM,12:00:00,Hot-Dry
15.84056803,-19.21592814,LA1,2009-10-21,12:20:49 PM,12:20:00,Hot-Dry
15.84057719,-19.21579793,LA1,2009-10-21,12:40:48 PM,12:40:00,Hot-Dry
15.84020691,-19.21633708,LA1,2009-10-21,01:00:48 PM,13:00:00,Hot-Dry
15.83927612,-19.21651815,LA1,2009-10-21,01:20:48 PM,13:20:00,Hot-Dry
15.83791097,-19.21676839,LA1,2009-10-21,01:40:48 PM,13:40:00,Hot-Dry
15.83697815,-19.21677043,LA1,2009-10-21,02:00:48 PM,14:00:00,Hot-Dry
15.83569234,-19.21640422,LA1,2009-10-21,02:20:48 PM,14:20:00,Hot-Dry
15.83383382,-19.21621297,LA1,2009-10-21,02:40:48 PM,14:40:00,Hot-Dry
15.83024902,-19.21716919,LA1,2009-10-21,03:00:48 PM,15:00:00,Hot-Dry
15.82891744,-19.21811523,LA1,2009-10-21,03:20:48 PM,15:20:00,Hot-Dry
15.82897034,-19.21812541,LA1,2009-10-21,03:40:48 PM,15:40:00,Hot-Dry
15.82887777,-19.21807048,LA1,2009-10-21,04:00:48 PM,16:00:00,Hot-Dry
15.8251475,-19.21867472,LA1,2009-10-21,04:20:48 PM,16:20:00,Hot-Dry
15.8239797,-19.21848348,LA1,2009-10-21,04:40:48 PM,16:40:00,Hot-Dry
15.82256266,-19.2183431,LA1,2009-10-21,05:00:48 PM,17:00:00,Hot-Dry
15.82142029,-19.21730957,LA1,2009-10-21,05:20:48 PM,17:20:00,Hot-Dry
15.8212911,-19.21738281,LA1,2009-10-21,05:40:48 PM,17:40:00,Hot-Dry
15.82125753,-19.21734823,LA1,2009-10-21,06:00:48 PM,18:00:00,Hot-Dry
15.82125244,-19.21732788,LA1,2009-10-21,06:20:48 PM,18:20:00,Hot-Dry
15.82127787,-19.21728312,LA1,2009-10-21,06:40:48 PM,18:40:00,Hot-Dry
15.82125854,-19.21733195,LA1,2009-10-21,07:00:48 PM,19:00:00,Hot-Dry
15.82125346,-19.2173645,LA1,2009-10-21,07:20:48 PM,19:20:00,Hot-Dry
15.82125448,-19.2172994,LA1,2009-10-21,07:40:48 PM,19:40:00,Hot-Dry
15.82124329,-19.21730347,LA1,2009-10-21,08:00:48 PM,20:00:00,Hot-Dry
15.82125142,-19.21731771,LA1,2009-10-21,08:20:48 PM,20:20:00,Hot-Dry
15.82124023,-19.21735636,LA1,2009-10-21,08:40:48 PM,20:40:00,Hot-Dry
15.82122803,-19.21738078,LA1,2009-10-21,09:00:48 PM,21:00:00,Hot-Dry
15.82125041,-19.21730754,LA1,2009-10-21,09:20:48 PM,21:20:00,Hot-Dry
15.82060038,-19.21901245,LA1,2009-10-21,09:40:48 PM,21:40:00,Hot-Dry
15.82069499,-19.21949666,LA1,2009-10-21,10:00:48 PM,22:00:00,Hot-Dry
15.82011414,-19.21981201,LA1,2009-10-21,10:20:48 PM,22:20:00,Hot-Dry
15.82040609,-19.22080892,LA1,2009-10-21,10:40:48 PM,22:40:00,Hot-Dry
15.8206248,-19.22099609,LA1,2009-10-21,11:00:48 PM,23:00:00,Hot-Dry
15.82075907,-19.2211202,LA1,2009-10-21,11:20:48 PM,23:20:00,Hot-Dry
15.82088521,-19.22111613,LA1,2009-10-21,11:40:48 PM,23:40:00,Hot-Dry
15.82089844,-19.22109578,LA1,2009-10-22,12:00:48 AM,00:00:00,Hot-Dry
15.82217407,-19.22237549,LA1,2009-10-22,12:20:48 AM,00:20:00,Hot-Dry
15.82355347,-19.22203776,LA1,2009-10-22,12:40:48 AM,00:40:00,Hot-Dry
15.82394002,-19.22234294,LA1,2009-10-22,01:00:48 AM,01:00:00,Hot-Dry
15.82402547,-19.222288,LA1,2009-10-22,01:20:48 AM,01:20:00,Hot-Dry
15.82395528,-19.22233276,LA1,2009-10-22,01:40:48 AM,01:40:00,Hot-Dry
15.82398376,-19.22230632,LA1,2009-10-22,02:00:48 AM,02:00:00,Hot-Dry
15.82404277,-19.22232463,LA1,2009-10-22,02:20:48 AM,02:20:00,Hot-Dry
15.82413432,-19.22231852,LA1,2009-10-22,02:40:48 AM,02:40:00,Hot-Dry
15.82403463,-19.22230021,LA1,2009-10-22,03:00:48 AM,03:00:00,Hot-Dry
15.82410583,-19.22232056,LA1,2009-10-22,03:20:48 AM,03:20:00,Hot-Dry
15.82403768,-19.22235311,LA1,2009-10-22,03:40:48 AM,03:40:00,Hot-Dry
15.82405497,-19.22233276,LA1,2009-10-22,04:00:48 AM,04:00:00,Hot-Dry
15.82403463,-19.2223348,LA1,2009-10-22,04:20:48 AM,04:20:00,Hot-Dry
15.82401326,-19.22230835,LA1,2009-10-22,04:40:48 AM,04:40:00,Hot-Dry
15.82402344,-19.22232259,LA1,2009-10-22,05:00:48 AM,05:00:00,Hot-Dry
15.82465108,-19.22348836,LA1,2009-10-22,05:20:48 AM,05:20:00,Hot-Dry
15.82470601,-19.22375285,LA1,2009-10-22,05:40:48 AM,05:40:00,Hot-Dry
15.82455444,-19.22443441,LA1,2009-10-22,06:00:48 AM,06:00:00,Hot-Dry
15.82458089,-19.22472738,LA1,2009-10-22,06:20:48 AM,06:20:00,Hot-Dry
15.82432353,-19.22488607,LA1,2009-10-22,06:40:48 AM,06:40:00,Hot-Dry
15.82487488,-19.22499797,LA1,2009-10-22,07:00:48 AM,07:00:00,Hot-Dry
15.82740784,-19.22509359,LA1,2009-10-22,07:20:48 AM,07:20:00,Hot-Dry
15.82816264,-19.225354,LA1,2009-10-22,07:40:48 AM,07:40:00,Hot-Dry
15.83051961,-19.22488607,LA1,2009-10-22,08:00:48 AM,08:00:00,Hot-Dry
15.83586731,-19.22262573,LA1,2009-10-22,08:20:48 AM,08:20:00,Hot-Dry
15.83710531,-19.2211792,LA1,2009-10-22,08:40:48 AM,08:40:00,Hot-Dry
15.83723145,-19.22010905,LA1,2009-10-22,09:00:48 AM,09:00:00,Hot-Dry
15.83759969,-19.21796672,LA1,2009-10-22,09:20:48 AM,09:20:00,Hot-Dry
15.83761088,-19.21796468,LA1,2009-10-22,09:40:48 AM,09:40:00,Hot-Dry
15.83925781,-19.21803996,LA1,2009-10-22,10:00:48 AM,10:00:00,Hot-Dry
15.84218343,-19.21710409,LA1,2009-10-22,10:20:48 AM,10:20:00,Hot-Dry
15.84309998,-19.2160909,LA1,2009-10-22,10:40:48 AM,10:40:00,Hot-Dry
15.84677938,-19.2145223,LA1,2009-10-22,11:00:48 AM,11:00:00,Hot-Dry
15.85333354,-19.2137085,LA1,2009-10-22,11:20:48 AM,11:20:00,Hot-Dry
15.85987854,-19.21008097,LA1,2009-10-22,11:40:48 AM,11:40:00,Hot-Dry
15.86445007,-19.2066569,LA1,2009-10-22,12:00:48 PM,12:00:00,Hot-Dry
15.86620382,-19.2045695,LA1,2009-10-22,12:20:48 PM,12:20:00,Hot-Dry
15.87320658,-19.19956462,LA1,2009-10-22,12:40:48 PM,12:40:00,Hot-Dry
15.87648112,-19.19486287,LA1,2009-10-22,01:00:48 PM,13:00:00,Hot-Dry
15.88506165,-19.18943481,LA1,2009-10-22,01:20:48 PM,13:20:00,Hot-Dry
15.89513448,-19.18665975,LA1,2009-10-22,01:40:48 PM,13:40:00,Hot-Dry
15.90567017,-19.18382568,LA1,2009-10-22,02:00:48 PM,14:00:00,Hot-Dry
15.91591187,-19.18084513,LA1,2009-10-22,02:20:48 PM,14:20:00,Hot-Dry
15.91595459,-19.18090007,LA1,2009-10-22,02:40:48 PM,14:40:00,Hot-Dry
15.9180308,-19.18548177,LA1,2009-10-22,03:00:48 PM,15:00:00,Hot-Dry
15.92167358,-19.18792114,LA1,2009-10-22,03:20:48 PM,15:20:00,Hot-Dry
15.92339681,-19.18818563,LA1,2009-10-22,03:40:48 PM,15:40:00,Hot-Dry
15.93072306,-19.19211629,LA1,2009-10-22,04:00:48 PM,16:00:00,Hot-Dry
15.93831584,-19.19524129,LA1,2009-10-22,04:20:48 PM,16:20:00,Hot-Dry
15.94214884,-19.19692586,LA1,2009-10-22,04:40:48 PM,16:40:00,Hot-Dry
15.94392904,-19.19719645,LA1,2009-10-22,05:00:48 PM,17:00:00,Hot-Dry
15.94407247,-19.19726766,LA1,2009-10-22,05:20:48 PM,17:20:00,Hot-Dry
15.94516703,-19.19782104,LA1,2009-10-22,05:40:48 PM,17:40:00,Hot-Dry
15.9470459,-19.19905396,LA1,2009-10-22,06:00:48 PM,18:00:00,Hot-Dry
15.9473999,-19.20120646,LA1,2009-10-22,06:20:48 PM,18:20:00,Hot-Dry
15.9472819,-19.20131022,LA1,2009-10-22,06:40:48 PM,18:40:00,Hot-Dry
15.94718018,-19.20145467,LA1,2009-10-22,07:00:48 PM,19:00:00,Hot-Dry
15.94826965,-19.20224406,LA1,2009-10-22,07:20:48 PM,19:20:00,Hot-Dry
15.94829508,-19.20229085,LA1,2009-10-22,07:40:48 PM,19:40:00,Hot-Dry
15.95088196,-19.203302,LA1,2009-10-22,08:00:48 PM,20:00:00,Hot-Dry
15.95147603,-19.2031901,LA1,2009-10-22,08:20:48 PM,20:20:00,Hot-Dry
15.95163574,-19.20314535,LA1,2009-10-22,08:40:48 PM,20:40:00,Hot-Dry
15.95232544,-19.20314738,LA1,2009-10-22,09:00:48 PM,21:00:00,Hot-Dry
15.95233968,-19.20313721,LA1,2009-10-22,09:20:48 PM,21:20:00,Hot-Dry
15.95517883,-19.2057841,LA1,2009-10-22,09:40:48 PM,21:40:00,Hot-Dry
15.956663,-19.20600789,LA1,2009-10-22,10:00:48 PM,22:00:00,Hot-Dry
15.95741882,-19.20515544,LA1,2009-10-22,10:20:48 PM,22:20:00,Hot-Dry
15.95949605,-19.20398763,LA1,2009-10-22,10:40:48 PM,22:40:00,Hot-Dry
15.96044922,-19.20288696,LA1,2009-10-22,11:00:48 PM,23:00:00,Hot-Dry
15.96189677,-19.20239258,LA1,2009-10-22,11:20:48 PM,23:20:00,Hot-Dry
15.96240845,-19.20522461,LA1,2009-10-22,11:40:48 PM,23:40:00,Hot-Dry
15.96232808,-19.20520223,LA1,2009-10-23,12:00:48 AM,00:00:00,Hot-Dry
15.96204529,-19.20550334,LA1,2009-10-23,12:20:48 AM,00:20:00,Hot-Dry
15.9618398,-19.20545451,LA1,2009-10-23,12:40:48 AM,00:40:00,Hot-Dry
15.96170553,-19.2054891,LA1,2009-10-23,01:00:48 AM,01:00:00,Hot-Dry
15.96152547,-19.2058431,LA1,2009-10-23,01:20:48 AM,01:20:00,Hot-Dry
15.96073405,-19.20657756,LA1,2009-10-23,01:40:48 AM,01:40:00,Hot-Dry
15.96065674,-19.20661214,LA1,2009-10-23,02:00:48 AM,02:00:00,Hot-Dry
15.95869344,-19.20782878,LA1,2009-10-23,02:20:48 AM,02:20:00,Hot-Dry
15.95874634,-19.20778198,LA1,2009-10-23,02:40:48 AM,02:40:00,Hot-Dry
15.9587616,-19.20778605,LA1,2009-10-23,03:00:48 AM,03:00:00,Hot-Dry
15.95874125,-19.20779419,LA1,2009-10-23,03:20:48 AM,03:20:00,Hot-Dry
15.95883382,-19.20772909,LA1,2009-10-23,03:40:48 AM,03:40:00,Hot-Dry
15.95877991,-19.20776164,LA1,2009-10-23,04:00:48 AM,04:00:00,Hot-Dry
15.95876261,-19.20776164,LA1,2009-10-23,04:20:48 AM,04:20:00,Hot-Dry
15.95818075,-19.20797323,LA1,2009-10-23,04:40:48 AM,04:40:00,Hot-Dry
15.95826518,-19.20775757,LA1,2009-10-23,05:00:48 AM,05:00:00,Hot-Dry
15.95796204,-19.20750936,LA1,2009-10-23,05:20:48 AM,05:20:00,Hot-Dry
15.95792847,-19.20748088,LA1,2009-10-23,05:40:48 AM,05:40:00,Hot-Dry
15.95782776,-19.20732015,LA1,2009-10-23,06:00:48 AM,06:00:00,Hot-Dry
15.95773621,-19.20727539,LA1,2009-10-23,06:20:48 AM,06:20:00,Hot-Dry
15.95750326,-19.20700684,LA1,2009-10-23,06:40:48 AM,06:40:00,Hot-Dry
15.95708415,-19.20667521,LA1,2009-10-23,07:00:48 AM,07:00:00,Hot-Dry
15.95620829,-19.20643514,LA1,2009-10-23,07:20:48 AM,07:20:00,Hot-Dry
15.95575358,-19.206309,LA1,2009-10-23,07:40:48 AM,07:40:00,Hot-Dry
15.9555603,-19.20612793,LA1,2009-10-23,08:00:48 AM,08:00:00,Hot-Dry
15.95441182,-19.20437826,LA1,2009-10-23,08:20:48 AM,08:20:00,Hot-Dry
15.95409546,-19.2042745,LA1,2009-10-23,08:40:48 AM,08:40:00,Hot-Dry
15.95245056,-19.20324504,LA1,2009-10-23,09:00:48 AM,09:00:00,Hot-Dry
15.94932353,-19.20206095,LA1,2009-10-23,09:20:48 AM,09:20:00,Hot-Dry
15.94347229,-19.1999939,LA1,2009-10-23,09:40:48 AM,09:40:00,Hot-Dry
15.93968099,-19.19415283,LA1,2009-10-23,10:00:48 AM,10:00:00,Hot-Dry
15.93926086,-19.19269409,LA1,2009-10-23,10:20:48 AM,10:20:00,Hot-Dry
15.93928324,-19.19265544,LA1,2009-10-23,10:40:48 AM,10:40:00,Hot-Dry
15.93927409,-19.19266154,LA1,2009-10-23,11:00:48 AM,11:00:00,Hot-Dry
15.93599854,-19.19067586,LA1,2009-10-23,11:20:48 AM,11:20:00,Hot-Dry
15.92594808,-19.18886108,LA1,2009-10-23,11:40:48 AM,11:40:00,Hot-Dry
15.91685282,-19.18361816,LA1,2009-10-23,12:00:48 PM,12:00:00,Hot-Dry
15.91571452,-19.18070475,LA1,2009-10-23,12:20:48 PM,12:20:00,Hot-Dry
15.91309408,-19.17878215,LA1,2009-10-23,12:40:48 PM,12:40:00,Hot-Dry
15.91246948,-19.1784078,LA1,2009-10-23,01:00:48 PM,13:00:00,Hot-Dry
15.91154582,-19.1792216,LA1,2009-10-23,01:20:48 PM,13:20:00,Hot-Dry
15.91152445,-19.1794637,LA1,2009-10-23,01:40:48 PM,13:40:00,Hot-Dry
15.91154887,-19.17947388,LA1,2009-10-23,02:00:48 PM,14:00:00,Hot-Dry
15.91585999,-19.18092855,LA1,2009-10-23,02:20:48 PM,14:20:00,Hot-Dry
15.91201579,-19.18460286,LA1,2009-10-23,02:40:48 PM,14:40:00,Hot-Dry
15.90940755,-19.18590291,LA1,2009-10-23,03:00:48 PM,15:00:00,Hot-Dry
15.90047709,-19.19065552,LA1,2009-10-23,03:20:48 PM,15:20:00,Hot-Dry
15.89305216,-19.19458211,LA1,2009-10-23,03:40:48 PM,15:40:00,Hot-Dry
15.88673706,-19.1974528,LA1,2009-10-23,04:00:48 PM,16:00:00,Hot-Dry
15.88437602,-19.19940389,LA1,2009-10-23,04:20:48 PM,16:20:00,Hot-Dry
15.8831075,-19.20025024,LA1,2009-10-23,04:40:48 PM,16:40:00,Hot-Dry
15.88021037,-19.20211385,LA1,2009-10-23,05:00:48 PM,17:00:00,Hot-Dry
15.87990316,-19.20258586,LA1,2009-10-23,05:20:48 PM,17:20:00,Hot-Dry
15.87984823,-19.20295207,LA1,2009-10-23,05:40:48 PM,17:40:00,Hot-Dry
15.87960205,-19.20370483,LA1,2009-10-23,06:00:48 PM,18:00:00,Hot-Dry
15.87964681,-19.20384928,LA1,2009-10-23,06:20:48 PM,18:20:00,Hot-Dry
15.87853699,-19.20522868,LA1,2009-10-23,06:40:48 PM,18:40:00,Hot-Dry
15.87827454,-19.20570068,LA1,2009-10-23,07:00:48 PM,19:00:00,Hot-Dry
15.87786865,-19.20597941,LA1,2009-10-23,07:20:48 PM,19:20:00,Hot-Dry
15.87786967,-19.20644938,LA1,2009-10-23,07:40:48 PM,19:40:00,Hot-Dry
15.8773641,-19.20711466,LA1,2009-10-23,08:00:48 PM,20:00:00,Hot-Dry
15.87700399,-19.20785522,LA1,2009-10-23,08:20:48 PM,20:20:00,Hot-Dry
15.87661641,-19.20873617,LA1,2009-10-23,08:40:48 PM,20:40:00,Hot-Dry
15.87628377,-19.20885213,LA1,2009-10-23,09:00:48 PM,21:00:00,Hot-Dry
15.87592265,-19.20883382,LA1,2009-10-23,09:20:48 PM,21:20:00,Hot-Dry
15.87517293,-19.20870768,LA1,2009-10-23,09:40:48 PM,21:40:00,Hot-Dry
15.87476705,-19.20881551,LA1,2009-10-23,10:00:48 PM,22:00:00,Hot-Dry
15.87365214,-19.20881348,LA1,2009-10-23,10:20:48 PM,22:20:00,Hot-Dry
15.87277018,-19.20915731,LA1,2009-10-23,10:40:48 PM,22:40:00,Hot-Dry
15.87169596,-19.20930176,LA1,2009-10-23,11:00:48 PM,23:00:00,Hot-Dry
15.86938782,-19.20941569,LA1,2009-10-23,11:20:48 PM,23:20:00,Hot-Dry
15.86842855,-19.20978597,LA1,2009-10-23,11:40:48 PM,23:40:00,Hot-Dry
15.86697795,-19.21004842,LA1,2009-10-24,12:00:48 AM,00:00:00,Hot-Dry
15.86377563,-19.21136475,LA1,2009-10-24,12:20:49 AM,00:20:00,Hot-Dry
15.8566213,-19.21239014,LA1,2009-10-24,12:40:48 AM,00:40:00,Hot-Dry
15.85342611,-19.21274211,LA1,2009-10-24,01:00:48 AM,01:00:00,Hot-Dry
15.8518158,-19.2131368,LA1,2009-10-24,01:20:48 AM,01:20:00,Hot-Dry
15.85152384,-19.21292114,LA1,2009-10-24,01:40:48 AM,01:40:00,Hot-Dry
15.85151571,-19.21290283,LA1,2009-10-24,02:00:48 AM,02:00:00,Hot-Dry
15.85151265,-19.21288249,LA1,2009-10-24,02:20:48 AM,02:20:00,Hot-Dry
15.84973958,-19.21363118,LA1,2009-10-24,02:40:48 AM,02:40:00,Hot-Dry
15.84787699,-19.21436768,LA1,2009-10-24,03:00:48 AM,03:00:00,Hot-Dry
15.84736328,-19.21443888,LA1,2009-10-24,03:20:48 AM,03:20:00,Hot-Dry
15.84677124,-19.21477458,LA1,2009-10-24,03:40:48 AM,03:40:00,Hot-Dry
15.84550273,-19.21555786,LA1,2009-10-24,04:00:48 AM,04:00:00,Hot-Dry
15.84526978,-19.21570638,LA1,2009-10-24,04:20:48 AM,04:20:00,Hot-Dry
15.84513245,-19.21585693,LA1,2009-10-24,04:40:48 AM,04:40:00,Hot-Dry
15.84405212,-19.21676839,LA1,2009-10-24,05:00:48 AM,05:00:00,Hot-Dry
15.84207153,-19.21690674,LA1,2009-10-24,05:20:48 AM,05:20:00,Hot-Dry
15.84111125,-19.21813151,LA1,2009-10-24,05:40:48 AM,05:40:00,Hot-Dry
15.84002787,-19.21958415,LA1,2009-10-24,06:00:48 AM,06:00:00,Hot-Dry
15.82911072,-19.22476196,LA1,2009-10-24,06:20:48 AM,06:20:00,Hot-Dry
15.82718404,-19.2249349,LA1,2009-10-24,06:40:48 AM,06:40:00,Hot-Dry
15.82662964,-19.22474976,LA1,2009-10-24,07:00:48 AM,07:00:00,Hot-Dry
15.82664185,-19.22476196,LA1,2009-10-24,07:20:48 AM,07:20:00,Hot-Dry
15.82665202,-19.22477417,LA1,2009-10-24,07:40:48 AM,07:40:00,Hot-Dry
15.8266215,-19.22476196,LA1,2009-10-24,08:00:48 AM,08:00:00,Hot-Dry
15.82665609,-19.2247701,LA1,2009-10-24,08:20:48 AM,08:20:00,Hot-Dry
15.82549642,-19.22492269,LA1,2009-10-24,08:40:48 AM,08:40:00,Hot-Dry
15.82432048,-19.22469482,LA1,2009-10-24,09:00:48 AM,09:00:00,Hot-Dry
15.82342021,-19.22494507,LA1,2009-10-24,09:20:48 AM,09:20:00,Hot-Dry
15.8234141,-19.22494303,LA1,2009-10-24,09:40:48 AM,09:40:00,Hot-Dry
15.82340902,-19.22494507,LA1,2009-10-24,10:00:48 AM,10:00:00,Hot-Dry
15.82340088,-19.22495728,LA1,2009-10-24,10:20:48 AM,10:20:00,Hot-Dry
15.82339986,-19.22495321,LA1,2009-10-24,10:40:48 AM,10:40:00,Hot-Dry
15.82340088,-19.22495931,LA1,2009-10-24,11:00:48 AM,11:00:00,Hot-Dry
15.82342529,-19.22496948,LA1,2009-10-24,11:20:48 AM,11:20:00,Hot-Dry
15.82342733,-19.22497762,LA1,2009-10-24,11:40:48 AM,11:40:00,Hot-Dry
15.82340597,-19.22497355,LA1,2009-10-24,12:00:48 PM,12:00:00,Hot-Dry
15.82342936,-19.22497559,LA1,2009-10-24,12:20:49 PM,12:20:00,Hot-Dry
15.8234609,-19.22497762,LA1,2009-10-24,12:40:48 PM,12:40:00,Hot-Dry
15.82345581,-19.22496134,LA1,2009-10-24,01:00:48 PM,13:00:00,Hot-Dry
15.82345785,-19.22497152,LA1,2009-10-24,01:20:48 PM,13:20:00,Hot-Dry
15.82345785,-19.22496541,LA1,2009-10-24,01:40:48 PM,13:40:00,Hot-Dry
15.82348022,-19.22495931,LA1,2009-10-24,02:00:49 PM,14:00:00,Hot-Dry
15.82343547,-19.224941,LA1,2009-10-24,02:20:48 PM,14:20:00,Hot-Dry
15.82422282,-19.22508748,LA1,2009-10-24,02:40:48 PM,14:40:00,Hot-Dry
15.82319845,-19.22553507,LA1,2009-10-24,03:00:48 PM,15:00:00,Hot-Dry
15.82337748,-19.22648722,LA1,2009-10-24,03:20:48 PM,15:20:00,Hot-Dry
15.82293498,-19.2272054,LA1,2009-10-24,03:40:48 PM,15:40:00,Hot-Dry
15.82215271,-19.22803345,LA1,2009-10-24,04:00:48 PM,16:00:00,Hot-Dry
15.82232564,-19.22901611,LA1,2009-10-24,04:20:48 PM,16:20:00,Hot-Dry
15.82373149,-19.22896729,LA1,2009-10-24,04:40:48 PM,16:40:00,Hot-Dry
15.82439677,-19.22918905,LA1,2009-10-24,05:00:48 PM,17:00:00,Hot-Dry
15.82394206,-19.22923381,LA1,2009-10-24,05:20:48 PM,17:20:00,Hot-Dry
15.82372233,-19.23016968,LA1,2009-10-24,05:40:48 PM,17:40:00,Hot-Dry
15.8236969,-19.23177083,LA1,2009-10-24,06:00:48 PM,18:00:00,Hot-Dry
15.82422485,-19.2329305,LA1,2009-10-24,06:20:48 PM,18:20:00,Hot-Dry
15.82435608,-19.2331543,LA1,2009-10-24,06:40:48 PM,18:40:00,Hot-Dry
15.82433777,-19.2333252,LA1,2009-10-24,07:00:48 PM,19:00:00,Hot-Dry
15.82425944,-19.23366292,LA1,2009-10-24,07:20:48 PM,19:20:00,Hot-Dry
15.82451579,-19.23341878,LA1,2009-10-24,07:40:48 PM,19:40:00,Hot-Dry
15.82517904,-19.23507284,LA1,2009-10-24,08:00:48 PM,20:00:00,Hot-Dry
15.82553711,-19.23510132,LA1,2009-10-24,08:20:48 PM,20:20:00,Hot-Dry
15.82550456,-19.23498942,LA1,2009-10-24,08:40:48 PM,20:40:00,Hot-Dry
15.82545878,-19.23480428,LA1,2009-10-24,09:00:48 PM,21:00:00,Hot-Dry
15.82586263,-19.23482056,LA1,2009-10-24,09:20:48 PM,21:20:00,Hot-Dry
15.82632446,-19.23473104,LA1,2009-10-24,09:40:48 PM,21:40:00,Hot-Dry
15.82639974,-19.23472087,LA1,2009-10-24,10:00:48 PM,22:00:00,Hot-Dry
15.82634583,-19.23473714,LA1,2009-10-24,10:20:48 PM,22:20:00,Hot-Dry
15.82639567,-19.23473104,LA1,2009-10-24,10:40:48 PM,22:40:00,Hot-Dry
15.82640177,-19.234729,LA1,2009-10-24,11:00:48 PM,23:00:00,Hot-Dry
15.82638245,-19.2347168,LA1,2009-10-24,11:20:48 PM,23:20:00,Hot-Dry
15.82634684,-19.23474731,LA1,2009-10-24,11:40:49 PM,23:40:00,Hot-Dry
15.82634277,-19.23472087,LA1,2009-10-25,12:00:48 AM,00:00:00,Hot-Dry
15.82639872,-19.2348348,LA1,2009-10-25,12:20:48 AM,00:20:00,Hot-Dry
15.82634989,-19.2347229,LA1,2009-10-25,12:40:48 AM,00:40:00,Hot-Dry
15.82640177,-19.23481852,LA1,2009-10-25,01:01:00 AM,01:01:00,Hot-Dry
15.82637227,-19.23474528,LA1,2009-10-25,01:20:48 AM,01:20:00,Hot-Dry
15.82666117,-19.23509521,LA1,2009-10-25,01:40:48 AM,01:40:00,Hot-Dry
15.82677307,-19.23488566,LA1,2009-10-25,02:00:49 AM,02:00:00,Hot-Dry
15.82671916,-19.23502808,LA1,2009-10-25,02:20:48 AM,02:20:00,Hot-Dry
15.82699687,-19.23495687,LA1,2009-10-25,02:40:48 AM,02:40:00,Hot-Dry
15.8271759,-19.23488566,LA1,2009-10-25,03:00:48 AM,03:00:00,Hot-Dry
15.82742513,-19.23449504,LA1,2009-10-25,03:20:48 AM,03:20:00,Hot-Dry
15.82747396,-19.23374634,LA1,2009-10-25,03:40:48 AM,03:40:00,Hot-Dry
15.82736104,-19.23257243,LA1,2009-10-25,04:00:48 AM,04:00:00,Hot-Dry
15.82713623,-19.23260905,LA1,2009-10-25,04:20:48 AM,04:20:00,Hot-Dry
15.82632243,-19.23209229,LA1,2009-10-25,04:40:48 AM,04:40:00,Hot-Dry
15.82525736,-19.23171997,LA1,2009-10-25,05:00:48 AM,05:00:00,Hot-Dry
15.82486471,-19.23125407,LA1,2009-10-25,05:20:48 AM,05:20:00,Hot-Dry
15.82486572,-19.23098551,LA1,2009-10-25,05:40:48 AM,05:40:00,Hot-Dry
15.82514954,-19.23025309,LA1,2009-10-25,06:00:48 AM,06:00:00,Hot-Dry
15.82671611,-19.22929891,LA1,2009-10-25,06:20:48 AM,06:20:00,Hot-Dry
15.82744751,-19.22814535,LA1,2009-10-25,06:40:48 AM,06:40:00,Hot-Dry
15.83227844,-19.22362061,LA1,2009-10-25,07:00:55 AM,07:00:00,Hot-Dry
15.83597616,-19.22204793,LA1,2009-10-25,07:20:48 AM,07:20:00,Hot-Dry
15.83696493,-19.22141724,LA1,2009-10-25,07:40:48 AM,07:40:00,Hot-Dry
15.83759562,-19.2210734,LA1,2009-10-25,08:00:48 AM,08:00:00,Hot-Dry
15.83722534,-19.22074992,LA1,2009-10-25,08:20:48 AM,08:20:00,Hot-Dry
15.83761597,-19.21795858,LA1,2009-10-25,08:40:48 AM,08:40:00,Hot-Dry
15.83971049,-19.21453451,LA1,2009-10-25,09:00:48 AM,09:00:00,Hot-Dry
15.84231262,-19.21067912,LA1,2009-10-25,09:20:48 AM,09:20:00,Hot-Dry
15.84431254,-19.20785929,LA1,2009-10-25,09:40:48 AM,09:40:00,Hot-Dry
15.85000305,-19.20263468,LA1,2009-10-25,10:00:48 AM,10:00:00,Hot-Dry
15.85758362,-19.19777425,LA1,2009-10-25,10:20:48 AM,10:20:00,Hot-Dry
15.86553345,-19.19326986,LA1,2009-10-25,10:40:48 AM,10:40:00,Hot-Dry
15.86997986,-19.19202474,LA1,2009-10-25,11:00:48 AM,11:00:00,Hot-Dry
15.8699941,-19.19204915,LA1,2009-10-25,11:20:48 AM,11:20:00,Hot-Dry
15.86993713,-19.19204915,LA1,2009-10-25,11:40:48 AM,11:40:00,Hot-Dry
15.86996663,-19.19206543,LA1,2009-10-25,12:00:48 PM,12:00:00,Hot-Dry
15.87668355,-19.19063924,LA1,2009-10-25,12:20:49 PM,12:20:00,Hot-Dry
15.88766479,-19.18854574,LA1,2009-10-25,12:40:48 PM,12:40:00,Hot-Dry
15.89826965,-19.18564657,LA1,2009-10-25,01:00:48 PM,13:00:00,Hot-Dry
15.90928141,-19.18218384,LA1,2009-10-25,01:20:48 PM,13:20:00,Hot-Dry
15.915566,-19.18094482,LA1,2009-10-25,01:40:48 PM,13:40:00,Hot-Dry
15.91596781,-19.18087362,LA1,2009-10-25,02:00:48 PM,14:00:00,Hot-Dry
15.91589966,-19.18089803,LA1,2009-10-25,02:20:48 PM,14:20:00,Hot-Dry
15.91595866,-19.18087972,LA1,2009-10-25,02:40:48 PM,14:40:00,Hot-Dry
15.91193949,-19.18412272,LA1,2009-10-25,03:00:48 PM,15:00:00,Hot-Dry
15.909729,-19.1870341,LA1,2009-10-25,03:20:48 PM,15:20:00,Hot-Dry
15.90951335,-19.18751831,LA1,2009-10-25,03:40:48 PM,15:40:00,Hot-Dry
15.90735779,-19.19122721,LA1,2009-10-25,04:00:48 PM,16:00:00,Hot-Dry
15.90600179,-19.1923055,LA1,2009-10-25,04:20:48 PM,16:20:00,Hot-Dry
15.9024292,-19.19615479,LA1,2009-10-25,04:40:48 PM,16:40:00,Hot-Dry
15.90092875,-19.19712118,LA1,2009-10-25,05:00:48 PM,17:00:00,Hot-Dry
15.89713643,-19.20124919,LA1,2009-10-25,05:20:48 PM,17:20:00,Hot-Dry
15.89623108,-19.20197347,LA1,2009-10-25,05:40:48 PM,17:40:00,Hot-Dry
15.8958018,-19.20233154,LA1,2009-10-25,06:00:48 PM,18:00:00,Hot-Dry
15.89389547,-19.20326742,LA1,2009-10-25,06:20:48 PM,18:20:00,Hot-Dry
15.89238993,-19.2041158,LA1,2009-10-25,06:40:48 PM,18:40:00,Hot-Dry
15.89146118,-19.20440267,LA1,2009-10-25,07:00:48 PM,19:00:00,Hot-Dry
15.89055684,-19.20436808,LA1,2009-10-25,07:20:48 PM,19:20:00,Hot-Dry
15.8891449,-19.20482585,LA1,2009-10-25,07:40:48 PM,19:40:00,Hot-Dry
15.88847351,-19.20518392,LA1,2009-10-25,08:00:48 PM,20:00:00,Hot-Dry
15.88703003,-19.20514119,LA1,2009-10-25,08:20:48 PM,20:20:00,Hot-Dry
15.88621318,-19.20520833,LA1,2009-10-25,08:40:48 PM,20:40:00,Hot-Dry
15.88585103,-19.20533854,LA1,2009-10-25,09:00:48 PM,21:00:00,Hot-Dry
15.88490601,-19.20560303,LA1,2009-10-25,09:20:48 PM,21:20:00,Hot-Dry
15.88407084,-19.20591431,LA1,2009-10-25,09:40:48 PM,21:40:00,Hot-Dry
15.88290405,-19.20584717,LA1,2009-10-25,10:00:48 PM,22:00:00,Hot-Dry
15.88245544,-19.20564779,LA1,2009-10-25,10:20:48 PM,22:20:00,Hot-Dry
15.88161011,-19.20598551,LA1,2009-10-25,10:40:48 PM,22:40:00,Hot-Dry
15.87960612,-19.20663452,LA1,2009-10-25,11:00:48 PM,23:00:00,Hot-Dry
15.87926025,-19.20678711,LA1,2009-10-25,11:20:48 PM,23:20:00,Hot-Dry
15.87833049,-19.20668132,LA1,2009-10-25,11:40:48 PM,23:40:00,Hot-Dry
15.87745565,-19.20637207,LA1,2009-10-26,12:00:48 AM,00:00:00,Hot-Dry
15.87564392,-19.20677694,LA1,2009-10-26,12:20:48 AM,00:20:00,Hot-Dry
15.87561442,-19.20676676,LA1,2009-10-26,12:40:48 AM,00:40:00,Hot-Dry
15.87563375,-19.20678507,LA1,2009-10-26,01:00:48 AM,01:00:00,Hot-Dry
15.87565104,-19.20682576,LA1,2009-10-26,01:20:48 AM,01:20:00,Hot-Dry
15.8756307,-19.20682373,LA1,2009-10-26,01:40:48 AM,01:40:00,Hot-Dry
15.87568359,-19.20683594,LA1,2009-10-26,02:00:48 AM,02:00:00,Hot-Dry
15.87565613,-19.20681356,LA1,2009-10-26,02:20:48 AM,02:20:00,Hot-Dry
15.8756307,-19.20685425,LA1,2009-10-26,02:40:48 AM,02:40:00,Hot-Dry
15.87562764,-19.20681763,LA1,2009-10-26,03:00:48 AM,03:00:00,Hot-Dry
15.87566427,-19.20680949,LA1,2009-10-26,03:20:48 AM,03:20:00,Hot-Dry
15.87565613,-19.20680542,LA1,2009-10-26,03:40:48 AM,03:40:00,Hot-Dry
15.87563375,-19.20678507,LA1,2009-10-26,04:00:48 AM,04:00:00,Hot-Dry
15.87576192,-19.20687866,LA1,2009-10-26,04:20:48 AM,04:20:00,Hot-Dry
15.87711385,-19.2075297,LA1,2009-10-26,04:40:48 AM,04:40:00,Hot-Dry
15.87713623,-19.2076416,LA1,2009-10-26,05:00:48 AM,05:00:00,Hot-Dry
15.87688497,-19.20799967,LA1,2009-10-26,05:20:48 AM,05:20:00,Hot-Dry
15.87662659,-19.20808512,LA1,2009-10-26,05:40:48 AM,05:40:00,Hot-Dry
15.87616882,-19.20862223,LA1,2009-10-26,06:00:48 AM,06:00:00,Hot-Dry
15.87563782,-19.20922445,LA1,2009-10-26,06:20:48 AM,06:20:00,Hot-Dry
15.8750529,-19.20936483,LA1,2009-10-26,06:40:48 AM,06:40:00,Hot-Dry
15.87434896,-19.20929565,LA1,2009-10-26,07:00:48 AM,07:00:00,Hot-Dry
15.87435811,-19.2093689,LA1,2009-10-26,07:20:48 AM,07:20:00,Hot-Dry
15.87496033,-19.20854085,LA1,2009-10-26,07:40:48 AM,07:40:00,Hot-Dry
15.87496643,-19.20855103,LA1,2009-10-26,08:00:48 AM,08:00:00,Hot-Dry
15.87497762,-19.20859172,LA1,2009-10-26,08:20:48 AM,08:20:00,Hot-Dry
15.8749705,-19.20858765,LA1,2009-10-26,08:40:48 AM,08:40:00,Hot-Dry
15.87528381,-19.20845744,LA1,2009-10-26,09:00:48 AM,09:00:00,Hot-Dry
15.87504171,-19.20823364,LA1,2009-10-26,09:20:48 AM,09:20:00,Hot-Dry
15.87519633,-19.20731812,LA1,2009-10-26,09:40:48 AM,09:40:00,Hot-Dry
15.87521667,-19.20730998,LA1,2009-10-26,10:00:48 AM,10:00:00,Hot-Dry
15.87584127,-19.2072998,LA1,2009-10-26,10:20:48 AM,10:20:00,Hot-Dry
15.87593791,-19.2072876,LA1,2009-10-26,10:40:48 AM,10:40:00,Hot-Dry
15.87591044,-19.20733439,LA1,2009-10-26,11:00:48 AM,11:00:00,Hot-Dry
15.8758901,-19.20732829,LA1,2009-10-26,11:20:48 AM,11:20:00,Hot-Dry
15.87589722,-19.20734456,LA1,2009-10-26,11:40:48 AM,11:40:00,Hot-Dry
15.87588298,-19.20732625,LA1,2009-10-26,12:00:48 PM,12:00:00,Hot-Dry
15.87591756,-19.20730387,LA1,2009-10-26,12:20:49 PM,12:20:00,Hot-Dry
15.87590027,-19.20730998,LA1,2009-10-26,12:40:48 PM,12:40:00,Hot-Dry
15.87590942,-19.20729167,LA1,2009-10-26,01:00:48 PM,13:00:00,Hot-Dry
15.87596029,-19.20731405,LA1,2009-10-26,01:20:48 PM,13:20:00,Hot-Dry
15.87596944,-19.20730794,LA1,2009-10-26,01:40:48 PM,13:40:00,Hot-Dry
15.87585449,-19.20759277,LA1,2009-10-26,02:00:48 PM,14:00:00,Hot-Dry
15.8758606,-19.20772502,LA1,2009-10-26,02:20:48 PM,14:20:00,Hot-Dry
15.87593282,-19.20762939,LA1,2009-10-26,02:40:48 PM,14:40:00,Hot-Dry
15.87565104,-19.20773926,LA1,2009-10-26,03:00:48 PM,15:00:00,Hot-Dry
15.87530721,-19.20761922,LA1,2009-10-26,03:20:48 PM,15:20:00,Hot-Dry
15.87492371,-19.20751343,LA1,2009-10-26,03:40:48 PM,15:40:00,Hot-Dry
15.87498169,-19.20718994,LA1,2009-10-26,04:00:48 PM,16:00:00,Hot-Dry
15.87463582,-19.20699463,LA1,2009-10-26,04:20:48 PM,16:20:00,Hot-Dry
15.87425842,-19.2067098,LA1,2009-10-26,04:40:48 PM,16:40:00,Hot-Dry
15.87402547,-19.20650838,LA1,2009-10-26,05:00:48 PM,17:00:00,Hot-Dry
15.87391561,-19.20679321,LA1,2009-10-26,05:20:48 PM,17:20:00,Hot-Dry
15.87396647,-19.20706787,LA1,2009-10-26,05:40:48 PM,17:40:00,Hot-Dry
15.87353719,-19.20731608,LA1,2009-10-26,06:00:48 PM,18:00:00,Hot-Dry
15.87349955,-19.20743612,LA1,2009-10-26,06:20:48 PM,18:20:00,Hot-Dry
15.87362061,-19.20750122,LA1,2009-10-26,06:40:48 PM,18:40:00,Hot-Dry
15.8735026,-19.20767008,LA1,2009-10-26,07:00:48 PM,19:00:00,Hot-Dry
15.87349345,-19.20789388,LA1,2009-10-26,07:20:48 PM,19:20:00,Hot-Dry
15.87365417,-19.20773722,LA1,2009-10-26,07:40:48 PM,19:40:00,Hot-Dry
15.87307231,-19.2074585,LA1,2009-10-26,08:00:48 PM,20:00:00,Hot-Dry
15.87333679,-19.20808105,LA1,2009-10-26,08:20:48 PM,20:20:00,Hot-Dry
15.87293294,-19.20787964,LA1,2009-10-26,08:40:48 PM,20:40:00,Hot-Dry
15.87227173,-19.20769653,LA1,2009-10-26,09:00:48 PM,21:00:00,Hot-Dry
15.87210999,-19.20785116,LA1,2009-10-26,09:20:48 PM,21:20:00,Hot-Dry
15.87205912,-19.20784912,LA1,2009-10-26,09:40:48 PM,21:40:00,Hot-Dry
15.87204488,-19.20776571,LA1,2009-10-26,10:00:48 PM,22:00:00,Hot-Dry
15.87206014,-19.2078064,LA1,2009-10-26,10:20:48 PM,22:20:00,Hot-Dry
15.87206523,-19.20779419,LA1,2009-10-26,10:40:48 PM,22:40:00,Hot-Dry
15.87191366,-19.20752767,LA1,2009-10-26,11:00:48 PM,23:00:00,Hot-Dry
15.87205505,-19.20733643,LA1,2009-10-26,11:20:48 PM,23:20:00,Hot-Dry
15.87230225,-19.20717163,LA1,2009-10-26,11:40:49 PM,23:40:00,Hot-Dry
15.87296753,-19.20732625,LA1,2009-10-27,12:00:48 AM,00:00:00,Hot-Dry
15.87375285,-19.20734049,LA1,2009-10-27,12:20:48 AM,00:20:00,Hot-Dry
15.87385559,-19.2073995,LA1,2009-10-27,12:40:48 AM,00:40:00,Hot-Dry
15.87424622,-19.20734049,LA1,2009-10-27,01:00:48 AM,01:00:00,Hot-Dry
15.87480469,-19.20716553,LA1,2009-10-27,01:20:48 AM,01:20:00,Hot-Dry
15.87559509,-19.20685832,LA1,2009-10-27,01:40:48 AM,01:40:00,Hot-Dry
15.87564901,-19.20680339,LA1,2009-10-27,02:00:48 AM,02:00:00,Hot-Dry
15.8756429,-19.20680949,LA1,2009-10-27,02:20:48 AM,02:20:00,Hot-Dry
15.87564596,-19.20680745,LA1,2009-10-27,02:40:48 AM,02:40:00,Hot-Dry
15.87561747,-19.20681356,LA1,2009-10-27,03:00:48 AM,03:00:00,Hot-Dry
15.87563477,-19.20681966,LA1,2009-10-27,03:20:48 AM,03:20:00,Hot-Dry
15.87568359,-19.20680339,LA1,2009-10-27,03:40:48 AM,03:40:00,Hot-Dry
15.8756602,-19.20680135,LA1,2009-10-27,04:00:48 AM,04:00:00,Hot-Dry
15.8756307,-19.20682373,LA1,2009-10-27,04:20:48 AM,04:20:00,Hot-Dry
15.87550557,-19.20673828,LA1,2009-10-27,04:40:48 AM,04:40:00,Hot-Dry
15.87542928,-19.20665283,LA1,2009-10-27,05:00:48 AM,05:00:00,Hot-Dry
15.87527466,-19.20621134,LA1,2009-10-27,05:20:48 AM,05:20:00,Hot-Dry
15.87498576,-19.20614624,LA1,2009-10-27,05:40:48 AM,05:40:00,Hot-Dry
15.87483012,-19.20569458,LA1,2009-10-27,06:00:48 AM,06:00:00,Hot-Dry
15.87493286,-19.2053243,LA1,2009-10-27,06:20:48 AM,06:20:00,Hot-Dry
15.87486674,-19.20510864,LA1,2009-10-27,06:40:48 AM,06:40:00,Hot-Dry
15.87781169,-19.20188599,LA1,2009-10-27,07:00:48 AM,07:00:00,Hot-Dry
15.88038635,-19.19991252,LA1,2009-10-27,07:20:48 AM,07:20:00,Hot-Dry
15.88499349,-19.19700317,LA1,2009-10-27,07:40:48 AM,07:40:00,Hot-Dry
15.88695577,-19.19657593,LA1,2009-10-27,08:00:48 AM,08:00:00,Hot-Dry
15.89354858,-19.19428101,LA1,2009-10-27,08:20:48 AM,08:20:00,Hot-Dry
15.90132141,-19.19002686,LA1,2009-10-27,08:40:48 AM,08:40:00,Hot-Dry
15.91051432,-19.18560384,LA1,2009-10-27,09:00:48 AM,09:00:00,Hot-Dry
15.91592712,-19.18092244,LA1,2009-10-27,09:20:48 AM,09:20:00,Hot-Dry
15.91596069,-19.18091024,LA1,2009-10-27,09:40:48 AM,09:40:00,Hot-Dry
15.91595662,-19.18091431,LA1,2009-10-27,10:00:48 AM,10:00:00,Hot-Dry
15.91584778,-19.18088175,LA1,2009-10-27,10:20:48 AM,10:20:00,Hot-Dry
15.9186849,-19.18260498,LA1,2009-10-27,10:40:48 AM,10:40:00,Hot-Dry
15.91911723,-19.18117065,LA1,2009-10-27,11:00:48 AM,11:00:00,Hot-Dry
15.91901347,-19.18092041,LA1,2009-10-27,11:20:48 AM,11:20:00,Hot-Dry
15.91903178,-19.18093262,LA1,2009-10-27,11:40:48 AM,11:40:00,Hot-Dry
15.9189209,-19.18079631,LA1,2009-10-27,12:00:48 PM,12:00:00,Hot-Dry
15.91893209,-19.18038534,LA1,2009-10-27,12:20:49 PM,12:20:00,Hot-Dry
15.91863912,-19.18129883,LA1,2009-10-27,12:40:48 PM,12:40:00,Hot-Dry
15.91577861,-19.18079224,LA1,2009-10-27,01:00:48 PM,13:00:00,Hot-Dry
15.91582642,-19.18109538,LA1,2009-10-27,01:20:48 PM,13:20:00,Hot-Dry
15.91595662,-19.18087769,LA1,2009-10-27,01:40:48 PM,13:40:00,Hot-Dry
15.91570841,-19.18068034,LA1,2009-10-27,02:00:48 PM,14:00:00,Hot-Dry
15.91571248,-19.1814209,LA1,2009-10-27,02:20:48 PM,14:20:00,Hot-Dry
15.91594238,-19.1809021,LA1,2009-10-27,02:40:48 PM,14:40:00,Hot-Dry
15.91352234,-19.18111979,LA1,2009-10-27,03:00:48 PM,15:00:00,Hot-Dry
15.90947673,-19.18197225,LA1,2009-10-27,03:20:48 PM,15:20:00,Hot-Dry
15.90483602,-19.18426717,LA1,2009-10-27,03:40:48 PM,15:40:00,Hot-Dry
15.90457764,-19.18522135,LA1,2009-10-27,04:00:48 PM,16:00:00,Hot-Dry
15.90239054,-19.18837077,LA1,2009-10-27,04:20:48 PM,16:20:00,Hot-Dry
15.90151367,-19.18880005,LA1,2009-10-27,04:40:48 PM,16:40:00,Hot-Dry
15.89962056,-19.18997396,LA1,2009-10-27,05:00:48 PM,17:00:00,Hot-Dry
15.89552002,-19.19408366,LA1,2009-10-27,05:20:48 PM,17:20:00,Hot-Dry
15.88960063,-19.19643758,LA1,2009-10-27,05:40:48 PM,17:40:00,Hot-Dry
15.88609924,-19.19817912,LA1,2009-10-27,06:00:48 PM,18:00:00,Hot-Dry
15.88414714,-19.19941406,LA1,2009-10-27,06:20:48 PM,18:20:00,Hot-Dry
15.88059794,-19.20170085,LA1,2009-10-27,06:40:48 PM,18:40:00,Hot-Dry
15.87983907,-19.20252686,LA1,2009-10-27,07:00:48 PM,19:00:00,Hot-Dry
15.87974548,-19.20276896,LA1,2009-10-27,07:20:48 PM,19:20:00,Hot-Dry
15.87904968,-19.20336304,LA1,2009-10-27,07:40:48 PM,19:40:00,Hot-Dry
15.87871399,-19.20438436,LA1,2009-10-27,08:00:48 PM,20:00:00,Hot-Dry
15.87823995,-19.20512695,LA1,2009-10-27,08:20:48 PM,20:20:00,Hot-Dry
15.87785136,-19.20590413,LA1,2009-10-27,08:40:48 PM,20:40:00,Hot-Dry
15.87747294,-19.20667725,LA1,2009-10-27,09:00:48 PM,21:00:00,Hot-Dry
15.87731934,-19.2066569,LA1,2009-10-27,09:20:48 PM,21:20:00,Hot-Dry
15.87712402,-19.20678711,LA1,2009-10-27,09:40:48 PM,21:40:00,Hot-Dry
15.87691345,-19.20723877,LA1,2009-10-27,10:00:48 PM,22:00:00,Hot-Dry
15.87672831,-19.20769653,LA1,2009-10-27,10:20:48 PM,22:20:00,Hot-Dry
15.87676595,-19.20824788,LA1,2009-10-27,10:40:48 PM,22:40:00,Hot-Dry
15.87617391,-19.20839233,LA1,2009-10-27,11:00:48 PM,23:00:00,Hot-Dry
15.87606812,-19.20812785,LA1,2009-10-27,11:20:48 PM,23:20:00,Hot-Dry
15.87568359,-19.20862223,LA1,2009-10-27,11:40:48 PM,23:40:00,Hot-Dry
15.87590434,-19.20899048,LA1,2009-10-28,12:00:48 AM,00:00:00,Hot-Dry
15.87621663,-19.20954793,LA1,2009-10-28,12:20:48 AM,00:20:00,Hot-Dry
15.87578735,-19.21002604,LA1,2009-10-28,12:40:48 AM,00:40:00,Hot-Dry
15.87525533,-19.21051432,LA1,2009-10-28,01:00:48 AM,01:00:00,Hot-Dry
15.8739502,-19.21133016,LA1,2009-10-28,01:20:48 AM,01:20:00,Hot-Dry
15.87388916,-19.21136068,LA1,2009-10-28,01:40:48 AM,01:40:00,Hot-Dry
15.87392782,-19.21130778,LA1,2009-10-28,02:00:48 AM,02:00:00,Hot-Dry
15.87396647,-19.21133423,LA1,2009-10-28,02:20:48 AM,02:20:00,Hot-Dry
15.87392476,-19.21130575,LA1,2009-10-28,02:40:48 AM,02:40:00,Hot-Dry
15.87395325,-19.2113444,LA1,2009-10-28,03:00:48 AM,03:00:00,Hot-Dry
15.87393087,-19.21130981,LA1,2009-10-28,03:20:48 AM,03:20:00,Hot-Dry
15.87386678,-19.21135864,LA1,2009-10-28,03:40:48 AM,03:40:00,Hot-Dry
15.87390849,-19.21131999,LA1,2009-10-28,04:00:48 AM,04:00:00,Hot-Dry
15.87388611,-19.21137899,LA1,2009-10-28,04:20:48 AM,04:20:00,Hot-Dry
15.8739034,-19.21099854,LA1,2009-10-28,04:40:48 AM,04:40:00,Hot-Dry
15.87385559,-19.21057943,LA1,2009-10-28,05:00:48 AM,05:00:00,Hot-Dry
15.87365723,-19.21043905,LA1,2009-10-28,05:20:48 AM,05:20:00,Hot-Dry
15.8738505,-19.21010946,LA1,2009-10-28,05:40:48 AM,05:40:00,Hot-Dry
15.87389018,-19.20998535,LA1,2009-10-28,06:00:48 AM,06:00:00,Hot-Dry
15.87391357,-19.20968831,LA1,2009-10-28,06:20:48 AM,06:20:00,Hot-Dry
15.8737264,-19.20944621,LA1,2009-10-28,06:40:48 AM,06:40:00,Hot-Dry
15.87362874,-19.20933634,LA1,2009-10-28,07:00:48 AM,07:00:00,Hot-Dry
15.87402649,-19.20926107,LA1,2009-10-28,07:20:48 AM,07:20:00,Hot-Dry
15.87414551,-19.20866496,LA1,2009-10-28,07:40:48 AM,07:40:00,Hot-Dry
15.87491862,-19.20778198,LA1,2009-10-28,08:00:48 AM,08:00:00,Hot-Dry
15.87503357,-19.2074117,LA1,2009-10-28,08:20:48 AM,08:20:00,Hot-Dry
15.87552083,-19.20721842,LA1,2009-10-28,08:40:48 AM,08:40:00,Hot-Dry
15.87586975,-19.20733439,LA1,2009-10-28,09:00:48 AM,09:00:00,Hot-Dry
15.87587077,-19.20730184,LA1,2009-10-28,09:20:48 AM,09:20:00,Hot-Dry
15.87586772,-19.20731405,LA1,2009-10-28,09:40:48 AM,09:40:00,Hot-Dry
15.87587891,-19.20733439,LA1,2009-10-28,10:00:48 AM,10:00:00,Hot-Dry
15.87591349,-19.20728149,LA1,2009-10-28,10:20:48 AM,10:20:00,Hot-Dry
15.87593892,-19.20727743,LA1,2009-10-28,10:40:48 AM,10:40:00,Hot-Dry
15.87591248,-19.20732625,LA1,2009-10-28,11:00:48 AM,11:00:00,Hot-Dry
15.87593587,-19.20731812,LA1,2009-10-28,11:20:48 AM,11:20:00,Hot-Dry
15.87591451,-19.20728556,LA1,2009-10-28,11:40:48 AM,11:40:00,Hot-Dry
15.87592977,-19.2072876,LA1,2009-10-28,12:00:48 PM,12:00:00,Hot-Dry
15.87595215,-19.20729777,LA1,2009-10-28,12:20:49 PM,12:20:00,Hot-Dry
15.87595825,-19.20730387,LA1,2009-10-28,12:40:48 PM,12:40:00,Hot-Dry
15.87596334,-19.20730591,LA1,2009-10-28,01:00:48 PM,13:00:00,Hot-Dry
15.87595215,-19.20732015,LA1,2009-10-28,01:20:48 PM,13:20:00,Hot-Dry
15.87596842,-19.20729777,LA1,2009-10-28,01:40:48 PM,13:40:00,Hot-Dry
15.87572021,-19.20743815,LA1,2009-10-28,02:00:48 PM,14:00:00,Hot-Dry
15.87573649,-19.20741577,LA1,2009-10-28,02:20:48 PM,14:20:00,Hot-Dry
15.87574259,-19.20757039,LA1,2009-10-28,02:40:48 PM,14:40:00,Hot-Dry
15.87511088,-19.2073995,LA1,2009-10-28,03:00:48 PM,15:00:00,Hot-Dry
15.8745341,-19.20696818,LA1,2009-10-28,03:20:48 PM,15:20:00,Hot-Dry
15.87422689,-19.20680339,LA1,2009-10-28,03:40:48 PM,15:40:00,Hot-Dry
15.87365316,-19.20673828,LA1,2009-10-28,04:00:48 PM,16:00:00,Hot-Dry
15.8733724,-19.20671794,LA1,2009-10-28,04:20:48 PM,16:20:00,Hot-Dry
15.87359619,-19.20692342,LA1,2009-10-28,04:40:48 PM,16:40:00,Hot-Dry
15.87360026,-19.2073527,LA1,2009-10-28,05:00:48 PM,17:00:00,Hot-Dry
15.87417908,-19.20851847,LA1,2009-10-28,05:20:48 PM,17:20:00,Hot-Dry
15.87444356,-19.20924276,LA1,2009-10-28,05:40:48 PM,17:40:00,Hot-Dry
15.87452087,-19.20971476,LA1,2009-10-28,06:00:48 PM,18:00:00,Hot-Dry
15.87428589,-19.2100057,LA1,2009-10-28,06:20:48 PM,18:20:00,Hot-Dry
15.87386882,-19.20965373,LA1,2009-10-28,06:40:48 PM,18:40:00,Hot-Dry
15.87297567,-19.20945435,LA1,2009-10-28,07:00:48 PM,19:00:00,Hot-Dry
15.87274577,-19.20921021,LA1,2009-10-28,07:20:48 PM,19:20:00,Hot-Dry
15.8725118,-19.20894979,LA1,2009-10-28,07:40:48 PM,19:40:00,Hot-Dry
15.87274475,-19.20817261,LA1,2009-10-28,08:00:48 PM,20:00:00,Hot-Dry
15.87241618,-19.20795085,LA1,2009-10-28,08:20:48 PM,20:20:00,Hot-Dry
15.8718689,-19.20797323,LA1,2009-10-28,08:40:48 PM,20:40:00,Hot-Dry
15.87161967,-19.20836589,LA1,2009-10-28,09:00:48 PM,21:00:00,Hot-Dry
15.87133484,-19.20836995,LA1,2009-10-28,09:20:48 PM,21:20:00,Hot-Dry
15.87098897,-19.20894979,LA1,2009-10-28,09:40:48 PM,21:40:00,Hot-Dry
15.86996867,-19.20778198,LA1,2009-10-28,10:00:48 PM,22:00:00,Hot-Dry
15.86979167,-19.20800985,LA1,2009-10-28,10:20:48 PM,22:20:00,Hot-Dry
15.86884766,-19.20823161,LA1,2009-10-28,10:40:48 PM,22:40:00,Hot-Dry
15.86837667,-19.20819295,LA1,2009-10-28,11:00:48 PM,23:00:00,Hot-Dry
15.8681132,-19.2081604,LA1,2009-10-28,11:20:48 PM,23:20:00,Hot-Dry
15.86767578,-19.20819702,LA1,2009-10-28,11:40:48 PM,23:40:00,Hot-Dry
15.86713765,-19.20822957,LA1,2009-10-29,12:00:48 AM,00:00:00,Hot-Dry
15.86611125,-19.20739339,LA1,2009-10-29,12:20:48 AM,00:20:00,Hot-Dry
15.86638489,-19.20641479,LA1,2009-10-29,12:40:48 AM,00:40:00,Hot-Dry
15.86659139,-19.20343221,LA1,2009-10-29,01:00:48 AM,01:00:00,Hot-Dry
15.86638387,-19.20311279,LA1,2009-10-29,01:20:48 AM,01:20:00,Hot-Dry
15.86652934,-19.20284017,LA1,2009-10-29,01:40:48 AM,01:40:00,Hot-Dry
15.86668396,-19.20268148,LA1,2009-10-29,02:00:48 AM,02:00:00,Hot-Dry
15.86663411,-19.20265706,LA1,2009-10-29,02:20:48 AM,02:20:00,Hot-Dry
15.86770528,-19.20167236,LA1,2009-10-29,02:40:48 AM,02:40:00,Hot-Dry
15.86802979,-19.20070801,LA1,2009-10-29,03:00:48 AM,03:00:00,Hot-Dry
15.86865031,-19.19951986,LA1,2009-10-29,03:20:48 AM,03:20:00,Hot-Dry
15.86864319,-19.19955037,LA1,2009-10-29,03:40:48 AM,03:40:00,Hot-Dry
15.86861369,-19.19950968,LA1,2009-10-29,04:00:48 AM,04:00:00,Hot-Dry
15.86901957,-19.1990804,LA1,2009-10-29,04:20:48 AM,04:20:00,Hot-Dry
15.86997172,-19.19859416,LA1,2009-10-29,04:40:48 AM,04:40:00,Hot-Dry
15.87020569,-19.19856974,LA1,2009-10-29,05:00:48 AM,05:00:00,Hot-Dry
15.87155355,-19.19740194,LA1,2009-10-29,05:20:48 AM,05:20:00,Hot-Dry
15.87268778,-19.19633179,LA1,2009-10-29,05:40:48 AM,05:40:00,Hot-Dry
15.87456055,-19.19458008,LA1,2009-10-29,06:00:48 AM,06:00:00,Hot-Dry
15.87853292,-19.19238485,LA1,2009-10-29,06:20:48 AM,06:20:00,Hot-Dry
15.87874044,-19.19216512,LA1,2009-10-29,06:40:48 AM,06:40:00,Hot-Dry
15.88282878,-19.19096883,LA1,2009-10-29,07:00:48 AM,07:00:00,Hot-Dry
15.89112549,-19.18750203,LA1,2009-10-29,07:20:48 AM,07:20:00,Hot-Dry
15.90051575,-19.18531901,LA1,2009-10-29,07:40:48 AM,07:40:00,Hot-Dry
15.90995178,-19.1820577,LA1,2009-10-29,08:00:48 AM,08:00:00,Hot-Dry
15.91578878,-19.18075358,LA1,2009-10-29,08:20:48 AM,08:20:00,Hot-Dry
15.91627808,-19.18295085,LA1,2009-10-29,08:40:48 AM,08:40:00,Hot-Dry
15.91913554,-19.18162638,LA1,2009-10-29,09:00:48 AM,09:00:00,Hot-Dry
15.91903788,-19.18019206,LA1,2009-10-29,09:20:48 AM,09:20:00,Hot-Dry
15.91898905,-19.1802653,LA1,2009-10-29,09:40:48 AM,09:40:00,Hot-Dry
15.91896566,-19.18034871,LA1,2009-10-29,10:00:48 AM,10:00:00,Hot-Dry
15.91875305,-19.18157959,LA1,2009-10-29,10:20:48 AM,10:20:00,Hot-Dry
15.91574402,-19.18179728,LA1,2009-10-29,10:40:48 AM,10:40:00,Hot-Dry
15.91578166,-19.18075155,LA1,2009-10-29,11:00:48 AM,11:00:00,Hot-Dry
15.91601766,-19.18095296,LA1,2009-10-29,11:20:48 AM,11:20:00,Hot-Dry
15.91603699,-19.180896,LA1,2009-10-29,11:40:48 AM,11:40:00,Hot-Dry
15.915802,-19.18076782,LA1,2009-10-29,12:00:48 PM,12:00:00,Hot-Dry
15.91595662,-19.1809611,LA1,2009-10-29,12:20:48 PM,12:20:00,Hot-Dry
15.91038106,-19.18590902,LA1,2009-10-29,12:40:48 PM,12:40:00,Hot-Dry
15.90537821,-19.19121704,LA1,2009-10-29,01:00:48 PM,13:00:00,Hot-Dry
15.90458577,-19.19208781,LA1,2009-10-29,01:20:48 PM,13:20:00,Hot-Dry
15.90456746,-19.1920695,LA1,2009-10-29,01:40:48 PM,13:40:00,Hot-Dry
15.90379639,-19.19264323,LA1,2009-10-29,02:00:48 PM,14:00:00,Hot-Dry
15.90357361,-19.19302165,LA1,2009-10-29,02:20:48 PM,14:20:00,Hot-Dry
15.9035909,-19.19305827,LA1,2009-10-29,02:40:48 PM,14:40:00,Hot-Dry
15.90341797,-19.19302979,LA1,2009-10-29,03:00:48 PM,15:00:00,Hot-Dry
15.90236308,-19.19322306,LA1,2009-10-29,03:20:48 PM,15:20:00,Hot-Dry
15.89761658,-19.19610596,LA1,2009-10-29,03:40:48 PM,15:40:00,Hot-Dry
15.89680888,-19.19608765,LA1,2009-10-29,04:00:48 PM,16:00:00,Hot-Dry
15.89555969,-19.19619954,LA1,2009-10-29,04:20:48 PM,16:20:00,Hot-Dry
15.89049581,-19.20054321,LA1,2009-10-29,04:40:48 PM,16:40:00,Hot-Dry
15.8862203,-19.20194499,LA1,2009-10-29,05:00:48 PM,17:00:00,Hot-Dry
15.88516439,-19.2028422,LA1,2009-10-29,05:20:48 PM,17:20:00,Hot-Dry
15.88344727,-19.20366821,LA1,2009-10-29,05:40:48 PM,17:40:00,Hot-Dry
15.88296712,-19.20377197,LA1,2009-10-29,06:00:48 PM,18:00:00,Hot-Dry
15.88158366,-19.20437012,LA1,2009-10-29,06:20:48 PM,18:20:00,Hot-Dry
15.88100281,-19.20434367,LA1,2009-10-29,06:40:48 PM,18:40:00,Hot-Dry
15.88056539,-19.20442708,LA1,2009-10-29,07:00:48 PM,19:00:00,Hot-Dry
15.87906901,-19.20476685,LA1,2009-10-29,07:20:48 PM,19:20:00,Hot-Dry
15.87810262,-19.2060201,LA1,2009-10-29,07:40:48 PM,19:40:00,Hot-Dry
15.87755534,-19.2069397,LA1,2009-10-29,08:00:48 PM,20:00:00,Hot-Dry
15.87721456,-19.20743205,LA1,2009-10-29,08:20:48 PM,20:20:00,Hot-Dry
15.87637533,-19.20764567,LA1,2009-10-29,08:40:48 PM,20:40:00,Hot-Dry
15.87620951,-19.20751139,LA1,2009-10-29,09:00:48 PM,21:00:00,Hot-Dry
15.87602844,-19.20862834,LA1,2009-10-29,09:20:48 PM,21:20:00,Hot-Dry
15.87574768,-19.20943604,LA1,2009-10-29,09:40:48 PM,21:40:00,Hot-Dry
15.87562968,-19.21006877,LA1,2009-10-29,10:00:48 PM,22:00:00,Hot-Dry
15.87537638,-19.21075439,LA1,2009-10-29,10:20:48 PM,22:20:00,Hot-Dry
15.87492676,-19.21184082,LA1,2009-10-29,10:40:48 PM,22:40:00,Hot-Dry
15.87398783,-19.21252035,LA1,2009-10-29,11:00:48 PM,23:00:00,Hot-Dry
15.86983541,-19.21576335,LA1,2009-10-29,11:20:48 PM,23:20:00,Hot-Dry
15.8697347,-19.21652629,LA1,2009-10-29,11:40:48 PM,23:40:00,Hot-Dry
15.86904907,-19.21680298,LA1,2009-10-30,12:00:48 AM,00:00:00,Hot-Dry
15.86836243,-19.21543579,LA1,2009-10-30,12:20:48 AM,00:20:00,Hot-Dry
15.86688639,-19.2141276,LA1,2009-10-30,12:40:48 AM,00:40:00,Hot-Dry
15.86576335,-19.21323446,LA1,2009-10-30,01:00:48 AM,01:00:00,Hot-Dry
15.86575623,-19.21321411,LA1,2009-10-30,01:20:48 AM,01:20:00,Hot-Dry
15.8657664,-19.21324259,LA1,2009-10-30,01:40:48 AM,01:40:00,Hot-Dry
15.86582947,-19.21324666,LA1,2009-10-30,02:01:00 AM,02:01:00,Hot-Dry
15.86580912,-19.21322225,LA1,2009-10-30,02:20:48 AM,02:20:00,Hot-Dry
15.86579285,-19.21318563,LA1,2009-10-30,02:40:55 AM,02:40:00,Hot-Dry
15.86574809,-19.21321411,LA1,2009-10-30,03:00:48 AM,03:00:00,Hot-Dry
15.86576233,-19.21322021,LA1,2009-10-30,03:20:48 AM,03:20:00,Hot-Dry
15.86577759,-19.21316732,LA1,2009-10-30,03:40:48 AM,03:40:00,Hot-Dry
15.86575419,-19.21317342,LA1,2009-10-30,04:00:48 AM,04:00:00,Hot-Dry
15.86548767,-19.212618,LA1,2009-10-30,04:20:48 AM,04:20:00,Hot-Dry
15.86521505,-19.21260173,LA1,2009-10-30,04:40:48 AM,04:40:00,Hot-Dry
15.86479899,-19.21240641,LA1,2009-10-30,05:00:49 AM,05:00:00,Hot-Dry
15.86423747,-19.21262614,LA1,2009-10-30,05:20:48 AM,05:20:00,Hot-Dry
15.86354167,-19.21206462,LA1,2009-10-30,05:40:48 AM,05:40:00,Hot-Dry
15.86253357,-19.21234945,LA1,2009-10-30,06:00:48 AM,06:00:00,Hot-Dry
15.85989176,-19.2126709,LA1,2009-10-30,06:20:48 AM,06:20:00,Hot-Dry
15.85529277,-19.21241659,LA1,2009-10-30,06:40:48 AM,06:40:00,Hot-Dry
15.8528951,-19.2126709,LA1,2009-10-30,07:00:48 AM,07:00:00,Hot-Dry
15.85094299,-19.21230469,LA1,2009-10-30,07:20:48 AM,07:20:00,Hot-Dry
15.84690552,-19.21289673,LA1,2009-10-30,07:40:48 AM,07:40:00,Hot-Dry
15.8466746,-19.21288859,LA1,2009-10-30,08:00:48 AM,08:00:00,Hot-Dry
15.84663289,-19.21271769,LA1,2009-10-30,08:20:48 AM,08:20:00,Hot-Dry
15.84694214,-19.21160278,LA1,2009-10-30,08:40:48 AM,08:40:00,Hot-Dry
15.84644165,-19.21098226,LA1,2009-10-30,09:00:48 AM,09:00:00,Hot-Dry
15.84642029,-19.21096802,LA1,2009-10-30,09:20:48 AM,09:20:00,Hot-Dry
15.84648234,-19.21100057,LA1,2009-10-30,09:40:48 AM,09:40:00,Hot-Dry
15.84648132,-19.21100667,LA1,2009-10-30,10:00:48 AM,10:00:00,Hot-Dry
15.84647827,-19.2109965,LA1,2009-10-30,10:20:48 AM,10:20:00,Hot-Dry
15.84668986,-19.21294963,LA1,2009-10-30,10:40:48 AM,10:40:00,Hot-Dry
15.84254862,-19.21493327,LA1,2009-10-30,11:00:48 AM,11:00:00,Hot-Dry
15.84144897,-19.21584269,LA1,2009-10-30,11:20:48 AM,11:20:00,Hot-Dry
15.84144389,-19.21588338,LA1,2009-10-30,11:40:48 AM,11:40:00,Hot-Dry
15.84145508,-19.21587118,LA1,2009-10-30,12:00:48 PM,12:00:00,Hot-Dry
15.84148458,-19.21585897,LA1,2009-10-30,12:20:49 PM,12:20:00,Hot-Dry
15.84147847,-19.21586304,LA1,2009-10-30,12:40:48 PM,12:40:00,Hot-Dry
15.84054362,-19.21616007,LA1,2009-10-30,01:00:48 PM,13:00:00,Hot-Dry
15.840566,-19.21613566,LA1,2009-10-30,01:20:48 PM,13:20:00,Hot-Dry
15.84053446,-19.21612752,LA1,2009-10-30,01:40:48 PM,13:40:00,Hot-Dry
15.84054159,-19.21610921,LA1,2009-10-30,02:00:48 PM,14:00:00,Hot-Dry
15.84087321,-19.21622721,LA1,2009-10-30,02:20:48 PM,14:20:00,Hot-Dry
15.84155172,-19.21593424,LA1,2009-10-30,02:40:48 PM,14:40:00,Hot-Dry
15.84149577,-19.21584676,LA1,2009-10-30,03:00:48 PM,15:00:00,Hot-Dry
15.84141439,-19.21601766,LA1,2009-10-30,03:20:48 PM,15:20:00,Hot-Dry
15.84165751,-19.21666463,LA1,2009-10-30,03:40:48 PM,15:40:00,Hot-Dry
15.8413147,-19.21737874,LA1,2009-10-30,04:00:48 PM,16:00:00,Hot-Dry
15.84118347,-19.21767375,LA1,2009-10-30,04:20:48 PM,16:20:00,Hot-Dry
15.84126282,-19.21802572,LA1,2009-10-30,04:40:48 PM,16:40:00,Hot-Dry
15.84032084,-19.21716919,LA1,2009-10-30,05:00:48 PM,17:00:00,Hot-Dry
15.84020793,-19.21694946,LA1,2009-10-30,05:20:48 PM,17:20:00,Hot-Dry
15.84078573,-19.21550903,LA1,2009-10-30,05:40:48 PM,17:40:00,Hot-Dry
15.84215698,-19.21392619,LA1,2009-10-30,06:00:48 PM,18:00:00,Hot-Dry
15.84337362,-19.21271362,LA1,2009-10-30,06:20:48 PM,18:20:00,Hot-Dry
15.84407145,-19.21242879,LA1,2009-10-30,06:40:48 PM,18:40:00,Hot-Dry
15.84501953,-19.21208903,LA1,2009-10-30,07:00:48 PM,19:00:00,Hot-Dry
15.8455068,-19.21201782,LA1,2009-10-30,07:20:48 PM,19:20:00,Hot-Dry
15.84548238,-19.21195882,LA1,2009-10-30,07:40:48 PM,19:40:00,Hot-Dry
15.84635111,-19.21216024,LA1,2009-10-30,08:00:48 PM,20:00:00,Hot-Dry
15.84644674,-19.21206868,LA1,2009-10-30,08:20:48 PM,20:20:00,Hot-Dry
15.8468689,-19.21265462,LA1,2009-10-30,08:40:48 PM,20:40:00,Hot-Dry
15.84878743,-19.21072591,LA1,2009-10-30,09:00:48 PM,21:00:00,Hot-Dry
15.84946289,-19.21060994,LA1,2009-10-30,09:20:48 PM,21:20:00,Hot-Dry
15.85078735,-19.21004028,LA1,2009-10-30,09:40:48 PM,21:40:00,Hot-Dry
15.85200399,-19.20968221,LA1,2009-10-30,10:00:48 PM,22:00:00,Hot-Dry
15.85370687,-19.20881551,LA1,2009-10-30,10:20:48 PM,22:20:00,Hot-Dry
15.85450439,-19.20807495,LA1,2009-10-30,10:40:48 PM,22:40:00,Hot-Dry
15.854953,-19.20784505,LA1,2009-10-30,11:00:48 PM,23:00:00,Hot-Dry
15.85635478,-19.20714925,LA1,2009-10-30,11:20:48 PM,23:20:00,Hot-Dry
15.85759074,-19.20647786,LA1,2009-10-30,11:40:48 PM,23:40:00,Hot-Dry
15.85913595,-19.20392049,LA1,2009-10-31,12:00:48 AM,00:00:00,Hot-Dry
