<?xml version="1.0" encoding="UTF-8"?>
<kml xmlns="http://www.opengis.net/kml/2.2">
<Document>
    <name>02fe 2010 Waterholes</name>
    <Style id="month1"><IconStyle><color>ff0000ff</color><scale>0.5</scale></IconStyle></Style>
    <Style id="month2"><IconStyle><color>ff00ff00</color><scale>0.5</scale></IconStyle></Style>
    <Style id="month3"><IconStyle><color>ffff0000</color><scale>0.5</scale></IconStyle></Style>
    <Style id="month4"><IconStyle><color>ffffff00</color><scale>0.5</scale></IconStyle></Style>
    <Style id="month5"><IconStyle><color>ff00ffff</color><scale>0.5</scale></IconStyle></Style>
    <Style id="month6"><IconStyle><color>ffff00ff</color><scale>0.5</scale></IconStyle></Style>
    <Style id="month7"><IconStyle><color>ff800000</color><scale>0.5</scale></IconStyle></Style>
    <Style id="month8"><IconStyle><color>ff008000</color><scale>0.5</scale></IconStyle></Style>
    <Style id="month9"><IconStyle><color>ff000080</color><scale>0.5</scale></IconStyle></Style>
    <Style id="month10"><IconStyle><color>ff808000</color><scale>0.5</scale></IconStyle></Style>
    <Style id="month11"><IconStyle><color>ff008080</color><scale>0.5</scale></IconStyle></Style>
    <Style id="month12"><IconStyle><color>ff800080</color><scale>0.5</scale></IconStyle></Style>
    <Folder>
        <name>Waterhole Visits</name>
        <Placemark>
            <name>Gemsbokvlakte - Month 5 - 2010-05-24 16:00</name>
            <description>Waterhole: Gemsbokvlakte, Month: 5, Time: 2010-05-24 16:00</description>
            <styleUrl>#month5</styleUrl>
            <Point>
                <coordinates>16.05882975,-19.21310221,0</coordinates>
            </Point>
        </Placemark>
        <Placemark>
            <name>Gemsbokvlakte - Month 5 - 2010-05-24 16:20</name>
            <description>Waterhole: Gemsbokvlakte, Month: 5, Time: 2010-05-24 16:20</description>
            <styleUrl>#month5</styleUrl>
            <Point>
                <coordinates>16.05442912,-19.21591593,0</coordinates>
            </Point>
        </Placemark>
        <Placemark>
            <name>Ombika - Month 5 - 2010-05-25 17:20</name>
            <description>Waterhole: Ombika, Month: 5, Time: 2010-05-25 17:20</description>
            <styleUrl>#month5</styleUrl>
            <Point>
                <coordinates>15.94245809,-19.31292928,0</coordinates>
            </Point>
        </Placemark>
        <Placemark>
            <name>Ombika - Month 5 - 2010-05-25 17:40</name>
            <description>Waterhole: Ombika, Month: 5, Time: 2010-05-25 17:40</description>
            <styleUrl>#month5</styleUrl>
            <Point>
                <coordinates>15.94116923,-19.31613159,0</coordinates>
            </Point>
        </Placemark>
        <Placemark>
            <name>Ombika - Month 5 - 2010-05-25 18:00</name>
            <description>Waterhole: Ombika, Month: 5, Time: 2010-05-25 18:00</description>
            <styleUrl>#month5</styleUrl>
            <Point>
                <coordinates>15.94115397,-19.31614583,0</coordinates>
            </Point>
        </Placemark>
        <Placemark>
            <name>Ombika - Month 5 - 2010-05-25 18:20</name>
            <description>Waterhole: Ombika, Month: 5, Time: 2010-05-25 18:20</description>
            <styleUrl>#month5</styleUrl>
            <Point>
                <coordinates>15.94102376,-19.31622721,0</coordinates>
            </Point>
        </Placemark>
        <Placemark>
            <name>Ombika - Month 5 - 2010-05-25 18:40</name>
            <description>Waterhole: Ombika, Month: 5, Time: 2010-05-25 18:40</description>
            <styleUrl>#month5</styleUrl>
            <Point>
                <coordinates>15.94107768,-19.31622721,0</coordinates>
            </Point>
        </Placemark>
        <Placemark>
            <name>Ombika - Month 5 - 2010-05-25 19:00</name>
            <description>Waterhole: Ombika, Month: 5, Time: 2010-05-25 19:00</description>
            <styleUrl>#month5</styleUrl>
            <Point>
                <coordinates>15.94085388,-19.31179403,0</coordinates>
            </Point>
        </Placemark>
        <Placemark>
            <name>Ozonjuitji m'Bari - Month 5 - 2010-05-30 23:20</name>
            <description>Waterhole: Ozonjuitji m'Bari, Month: 5, Time: 2010-05-30 23:20</description>
            <styleUrl>#month5</styleUrl>
            <Point>
                <coordinates>15.50484924,-18.98161214,0</coordinates>
            </Point>
        </Placemark>
        <Placemark>
            <name>Ozonjuitji m'Bari - Month 5 - 2010-05-30 23:40</name>
            <description>Waterhole: Ozonjuitji m'Bari, Month: 5, Time: 2010-05-30 23:40</description>
            <styleUrl>#month5</styleUrl>
            <Point>
                <coordinates>15.50359904,-18.97669474,0</coordinates>
            </Point>
        </Placemark>
        <Placemark>
            <name>Ozonjuitji m'Bari - Month 5 - 2010-05-31 00:00</name>
            <description>Waterhole: Ozonjuitji m'Bari, Month: 5, Time: 2010-05-31 00:00</description>
            <styleUrl>#month5</styleUrl>
            <Point>
                <coordinates>15.50154215,-18.96930339,0</coordinates>
            </Point>
        </Placemark>
        <Placemark>
            <name>Ozonjuitji m'Bari - Month 6 - 2010-06-03 18:40</name>
            <description>Waterhole: Ozonjuitji m'Bari, Month: 6, Time: 2010-06-03 18:40</description>
            <styleUrl>#month6</styleUrl>
            <Point>
                <coordinates>15.50554911,-18.96867065,0</coordinates>
            </Point>
        </Placemark>
        <Placemark>
            <name>Ozonjuitji m'Bari - Month 6 - 2010-06-03 19:00</name>
            <description>Waterhole: Ozonjuitji m'Bari, Month: 6, Time: 2010-06-03 19:00</description>
            <styleUrl>#month6</styleUrl>
            <Point>
                <coordinates>15.50360006,-18.97669678,0</coordinates>
            </Point>
        </Placemark>
        <Placemark>
            <name>Ozonjuitji m'Bari - Month 6 - 2010-06-03 19:20</name>
            <description>Waterhole: Ozonjuitji m'Bari, Month: 6, Time: 2010-06-03 19:20</description>
            <styleUrl>#month6</styleUrl>
            <Point>
                <coordinates>15.50351766,-18.9765686,0</coordinates>
            </Point>
        </Placemark>
        <Placemark>
            <name>Ozonjuitji m'Bari - Month 6 - 2010-06-03 19:40</name>
            <description>Waterhole: Ozonjuitji m'Bari, Month: 6, Time: 2010-06-03 19:40</description>
            <styleUrl>#month6</styleUrl>
            <Point>
                <coordinates>15.50729268,-18.97854818,0</coordinates>
            </Point>
        </Placemark>
        <Placemark>
            <name>Ozonjuitji m'Bari - Month 6 - 2010-06-04 18:20</name>
            <description>Waterhole: Ozonjuitji m'Bari, Month: 6, Time: 2010-06-04 18:20</description>
            <styleUrl>#month6</styleUrl>
            <Point>
                <coordinates>15.50555216,-18.98076579,0</coordinates>
            </Point>
        </Placemark>
        <Placemark>
            <name>Ozonjuitji m'Bari - Month 6 - 2010-06-04 18:40</name>
            <description>Waterhole: Ozonjuitji m'Bari, Month: 6, Time: 2010-06-04 18:40</description>
            <styleUrl>#month6</styleUrl>
            <Point>
                <coordinates>15.50358988,-18.9766276,0</coordinates>
            </Point>
        </Placemark>
        <Placemark>
            <name>Ozonjuitji m'Bari - Month 6 - 2010-06-04 19:00</name>
            <description>Waterhole: Ozonjuitji m'Bari, Month: 6, Time: 2010-06-04 19:00</description>
            <styleUrl>#month6</styleUrl>
            <Point>
                <coordinates>15.50629272,-18.9779012,0</coordinates>
            </Point>
        </Placemark>
        <Placemark>
            <name>Ozonjuitji m'Bari - Month 6 - 2010-06-05 18:00</name>
            <description>Waterhole: Ozonjuitji m'Bari, Month: 6, Time: 2010-06-05 18:00</description>
            <styleUrl>#month6</styleUrl>
            <Point>
                <coordinates>15.50412394,-18.978479,0</coordinates>
            </Point>
        </Placemark>
        <Placemark>
            <name>Ozonjuitji m'Bari - Month 6 - 2010-06-05 18:20</name>
            <description>Waterhole: Ozonjuitji m'Bari, Month: 6, Time: 2010-06-05 18:20</description>
            <styleUrl>#month6</styleUrl>
            <Point>
                <coordinates>15.50351868,-18.97657064,0</coordinates>
            </Point>
        </Placemark>
        <Placemark>
            <name>Ozonjuitji m'Bari - Month 6 - 2010-06-05 18:40</name>
            <description>Waterhole: Ozonjuitji m'Bari, Month: 6, Time: 2010-06-05 18:40</description>
            <styleUrl>#month6</styleUrl>
            <Point>
                <coordinates>15.50343526,-18.97657471,0</coordinates>
            </Point>
        </Placemark>
        <Placemark>
            <name>Ozonjuitji m'Bari - Month 6 - 2010-06-05 19:00</name>
            <description>Waterhole: Ozonjuitji m'Bari, Month: 6, Time: 2010-06-05 19:00</description>
            <styleUrl>#month6</styleUrl>
            <Point>
                <coordinates>15.50351359,-18.97658691,0</coordinates>
            </Point>
        </Placemark>
        <Placemark>
            <name>Ozonjuitji m'Bari - Month 6 - 2010-06-05 19:20</name>
            <description>Waterhole: Ozonjuitji m'Bari, Month: 6, Time: 2010-06-05 19:20</description>
            <styleUrl>#month6</styleUrl>
            <Point>
                <coordinates>15.50524495,-18.97733765,0</coordinates>
            </Point>
        </Placemark>
        <Placemark>
            <name>Ozonjuitji m'Bari - Month 6 - 2010-06-05 19:40</name>
            <description>Waterhole: Ozonjuitji m'Bari, Month: 6, Time: 2010-06-05 19:40</description>
            <styleUrl>#month6</styleUrl>
            <Point>
                <coordinates>15.51155904,-18.98065389,0</coordinates>
            </Point>
        </Placemark>
        <Placemark>
            <name>Ozonjuitji m'Bari - Month 6 - 2010-06-06 19:40</name>
            <description>Waterhole: Ozonjuitji m'Bari, Month: 6, Time: 2010-06-06 19:40</description>
            <styleUrl>#month6</styleUrl>
            <Point>
                <coordinates>15.5048116,-18.97895915,0</coordinates>
            </Point>
        </Placemark>
        <Placemark>
            <name>Ozonjuitji m'Bari - Month 6 - 2010-06-06 20:00</name>
            <description>Waterhole: Ozonjuitji m'Bari, Month: 6, Time: 2010-06-06 20:00</description>
            <styleUrl>#month6</styleUrl>
            <Point>
                <coordinates>15.5036204,-18.97614339,0</coordinates>
            </Point>
        </Placemark>
        <Placemark>
            <name>Ozonjuitji m'Bari - Month 6 - 2010-06-06 20:20</name>
            <description>Waterhole: Ozonjuitji m'Bari, Month: 6, Time: 2010-06-06 20:20</description>
            <styleUrl>#month6</styleUrl>
            <Point>
                <coordinates>15.50351868,-18.97654826,0</coordinates>
            </Point>
        </Placemark>
        <Placemark>
            <name>Ozonjuitji m'Bari - Month 6 - 2010-06-06 20:40</name>
            <description>Waterhole: Ozonjuitji m'Bari, Month: 6, Time: 2010-06-06 20:40</description>
            <styleUrl>#month6</styleUrl>
            <Point>
                <coordinates>15.50386861,-18.97681478,0</coordinates>
            </Point>
        </Placemark>
        <Placemark>
            <name>Ozonjuitji m'Bari - Month 6 - 2010-06-07 19:00</name>
            <description>Waterhole: Ozonjuitji m'Bari, Month: 6, Time: 2010-06-07 19:00</description>
            <styleUrl>#month6</styleUrl>
            <Point>
                <coordinates>15.50334269,-18.97669067,0</coordinates>
            </Point>
        </Placemark>
        <Placemark>
            <name>Ozonjuitji m'Bari - Month 6 - 2010-06-07 19:20</name>
            <description>Waterhole: Ozonjuitji m'Bari, Month: 6, Time: 2010-06-07 19:20</description>
            <styleUrl>#month6</styleUrl>
            <Point>
                <coordinates>15.50349223,-18.9765686,0</coordinates>
            </Point>
        </Placemark>
        <Placemark>
            <name>Ozonjuitji m'Bari - Month 6 - 2010-06-07 19:40</name>
            <description>Waterhole: Ozonjuitji m'Bari, Month: 6, Time: 2010-06-07 19:40</description>
            <styleUrl>#month6</styleUrl>
            <Point>
                <coordinates>15.50357564,-18.97662557,0</coordinates>
            </Point>
        </Placemark>
        <Placemark>
            <name>Ozonjuitji m'Bari - Month 6 - 2010-06-07 20:00</name>
            <description>Waterhole: Ozonjuitji m'Bari, Month: 6, Time: 2010-06-07 20:00</description>
            <styleUrl>#month6</styleUrl>
            <Point>
                <coordinates>15.50692139,-18.97831421,0</coordinates>
            </Point>
        </Placemark>
        <Placemark>
            <name>Ozonjuitji m'Bari - Month 6 - 2010-06-09 13:20</name>
            <description>Waterhole: Ozonjuitji m'Bari, Month: 6, Time: 2010-06-09 13:20</description>
            <styleUrl>#month6</styleUrl>
            <Point>
                <coordinates>15.5043457,-18.97895711,0</coordinates>
            </Point>
        </Placemark>
        <Placemark>
            <name>Ozonjuitji m'Bari - Month 6 - 2010-06-09 13:40</name>
            <description>Waterhole: Ozonjuitji m'Bari, Month: 6, Time: 2010-06-09 13:40</description>
            <styleUrl>#month6</styleUrl>
            <Point>
                <coordinates>15.50353394,-18.97652791,0</coordinates>
            </Point>
        </Placemark>
        <Placemark>
            <name>Ozonjuitji m'Bari - Month 6 - 2010-06-09 14:00</name>
            <description>Waterhole: Ozonjuitji m'Bari, Month: 6, Time: 2010-06-09 14:00</description>
            <styleUrl>#month6</styleUrl>
            <Point>
                <coordinates>15.50162964,-18.97358195,0</coordinates>
            </Point>
        </Placemark>
        <Placemark>
            <name>Ozonjuitji m'Bari - Month 6 - 2010-06-09 14:20</name>
            <description>Waterhole: Ozonjuitji m'Bari, Month: 6, Time: 2010-06-09 14:20</description>
            <styleUrl>#month6</styleUrl>
            <Point>
                <coordinates>15.50169881,-18.97339071,0</coordinates>
            </Point>
        </Placemark>
        <Placemark>
            <name>Ozonjuitji m'Bari - Month 6 - 2010-06-09 14:40</name>
            <description>Waterhole: Ozonjuitji m'Bari, Month: 6, Time: 2010-06-09 14:40</description>
            <styleUrl>#month6</styleUrl>
            <Point>
                <coordinates>15.50373027,-18.97450968,0</coordinates>
            </Point>
        </Placemark>
        <Placemark>
            <name>Ozonjuitji m'Bari - Month 6 - 2010-06-09 15:00</name>
            <description>Waterhole: Ozonjuitji m'Bari, Month: 6, Time: 2010-06-09 15:00</description>
            <styleUrl>#month6</styleUrl>
            <Point>
                <coordinates>15.50406901,-18.97422282,0</coordinates>
            </Point>
        </Placemark>
        <Placemark>
            <name>Ozonjuitji m'Bari - Month 6 - 2010-06-09 15:20</name>
            <description>Waterhole: Ozonjuitji m'Bari, Month: 6, Time: 2010-06-09 15:20</description>
            <styleUrl>#month6</styleUrl>
            <Point>
                <coordinates>15.50403239,-18.97422689,0</coordinates>
            </Point>
        </Placemark>
        <Placemark>
            <name>Ozonjuitji m'Bari - Month 6 - 2010-06-09 15:40</name>
            <description>Waterhole: Ozonjuitji m'Bari, Month: 6, Time: 2010-06-09 15:40</description>
            <styleUrl>#month6</styleUrl>
            <Point>
                <coordinates>15.50368652,-18.9765625,0</coordinates>
            </Point>
        </Placemark>
        <Placemark>
            <name>Ozonjuitji m'Bari - Month 6 - 2010-06-09 16:00</name>
            <description>Waterhole: Ozonjuitji m'Bari, Month: 6, Time: 2010-06-09 16:00</description>
            <styleUrl>#month6</styleUrl>
            <Point>
                <coordinates>15.50359701,-18.97652995,0</coordinates>
            </Point>
        </Placemark>
        <Placemark>
            <name>Ozonjuitji m'Bari - Month 6 - 2010-06-09 16:20</name>
            <description>Waterhole: Ozonjuitji m'Bari, Month: 6, Time: 2010-06-09 16:20</description>
            <styleUrl>#month6</styleUrl>
            <Point>
                <coordinates>15.51116536,-18.97877197,0</coordinates>
            </Point>
        </Placemark>
        <Placemark>
            <name>Ozonjuitji m'Bari - Month 6 - 2010-06-10 19:20</name>
            <description>Waterhole: Ozonjuitji m'Bari, Month: 6, Time: 2010-06-10 19:20</description>
            <styleUrl>#month6</styleUrl>
            <Point>
                <coordinates>15.5057607,-18.98100179,0</coordinates>
            </Point>
        </Placemark>
        <Placemark>
            <name>Ozonjuitji m'Bari - Month 6 - 2010-06-10 19:40</name>
            <description>Waterhole: Ozonjuitji m'Bari, Month: 6, Time: 2010-06-10 19:40</description>
            <styleUrl>#month6</styleUrl>
            <Point>
                <coordinates>15.50454102,-18.97957967,0</coordinates>
            </Point>
        </Placemark>
        <Placemark>
            <name>Ozonjuitji m'Bari - Month 6 - 2010-06-10 20:00</name>
            <description>Waterhole: Ozonjuitji m'Bari, Month: 6, Time: 2010-06-10 20:00</description>
            <styleUrl>#month6</styleUrl>
            <Point>
                <coordinates>15.50352173,-18.9765564,0</coordinates>
            </Point>
        </Placemark>
        <Placemark>
            <name>Ozonjuitji m'Bari - Month 6 - 2010-06-10 20:20</name>
            <description>Waterhole: Ozonjuitji m'Bari, Month: 6, Time: 2010-06-10 20:20</description>
            <styleUrl>#month6</styleUrl>
            <Point>
                <coordinates>15.5036377,-18.97649333,0</coordinates>
            </Point>
        </Placemark>
        <Placemark>
            <name>Ozonjuitji m'Bari - Month 6 - 2010-06-10 20:40</name>
            <description>Waterhole: Ozonjuitji m'Bari, Month: 6, Time: 2010-06-10 20:40</description>
            <styleUrl>#month6</styleUrl>
            <Point>
                <coordinates>15.50664063,-18.97809245,0</coordinates>
            </Point>
        </Placemark>
        <Placemark>
            <name>Ozonjuitji m'Bari - Month 6 - 2010-06-10 21:00</name>
            <description>Waterhole: Ozonjuitji m'Bari, Month: 6, Time: 2010-06-10 21:00</description>
            <styleUrl>#month6</styleUrl>
            <Point>
                <coordinates>15.51096903,-18.98036906,0</coordinates>
            </Point>
        </Placemark>
        <Placemark>
            <name>Ozonjuitji m'Bari - Month 6 - 2010-06-12 00:20</name>
            <description>Waterhole: Ozonjuitji m'Bari, Month: 6, Time: 2010-06-12 00:20</description>
            <styleUrl>#month6</styleUrl>
            <Point>
                <coordinates>15.50993652,-18.97977905,0</coordinates>
            </Point>
        </Placemark>
        <Placemark>
            <name>Ozonjuitji m'Bari - Month 6 - 2010-06-12 00:40</name>
            <description>Waterhole: Ozonjuitji m'Bari, Month: 6, Time: 2010-06-12 00:40</description>
            <styleUrl>#month6</styleUrl>
            <Point>
                <coordinates>15.50361328,-18.97652588,0</coordinates>
            </Point>
        </Placemark>
        <Placemark>
            <name>Ozonjuitji m'Bari - Month 6 - 2010-06-12 01:00</name>
            <description>Waterhole: Ozonjuitji m'Bari, Month: 6, Time: 2010-06-12 01:00</description>
            <styleUrl>#month6</styleUrl>
            <Point>
                <coordinates>15.5049235,-18.97724813,0</coordinates>
            </Point>
        </Placemark>
        <Placemark>
            <name>Ozonjuitji m'Bari - Month 6 - 2010-06-12 01:20</name>
            <description>Waterhole: Ozonjuitji m'Bari, Month: 6, Time: 2010-06-12 01:20</description>
            <styleUrl>#month6</styleUrl>
            <Point>
                <coordinates>15.51121623,-18.97969971,0</coordinates>
            </Point>
        </Placemark>
        <Placemark>
            <name>Ozonjuitji m'Bari - Month 6 - 2010-06-12 17:00</name>
            <description>Waterhole: Ozonjuitji m'Bari, Month: 6, Time: 2010-06-12 17:00</description>
            <styleUrl>#month6</styleUrl>
            <Point>
                <coordinates>15.50914714,-18.97870483,0</coordinates>
            </Point>
        </Placemark>
        <Placemark>
            <name>Ozonjuitji m'Bari - Month 6 - 2010-06-12 17:20</name>
            <description>Waterhole: Ozonjuitji m'Bari, Month: 6, Time: 2010-06-12 17:20</description>
            <styleUrl>#month6</styleUrl>
            <Point>
                <coordinates>15.50335592,-18.9765686,0</coordinates>
            </Point>
        </Placemark>
        <Placemark>
            <name>Ozonjuitji m'Bari - Month 6 - 2010-06-12 17:40</name>
            <description>Waterhole: Ozonjuitji m'Bari, Month: 6, Time: 2010-06-12 17:40</description>
            <styleUrl>#month6</styleUrl>
            <Point>
                <coordinates>15.50349731,-18.97665202,0</coordinates>
            </Point>
        </Placemark>
        <Placemark>
            <name>Ozonjuitji m'Bari - Month 6 - 2010-06-12 18:00</name>
            <description>Waterhole: Ozonjuitji m'Bari, Month: 6, Time: 2010-06-12 18:00</description>
            <styleUrl>#month6</styleUrl>
            <Point>
                <coordinates>15.50365194,-18.97643636,0</coordinates>
            </Point>
        </Placemark>
        <Placemark>
            <name>Ozonjuitji m'Bari - Month 6 - 2010-06-12 18:20</name>
            <description>Waterhole: Ozonjuitji m'Bari, Month: 6, Time: 2010-06-12 18:20</description>
            <styleUrl>#month6</styleUrl>
            <Point>
                <coordinates>15.50343323,-18.97652384,0</coordinates>
            </Point>
        </Placemark>
        <Placemark>
            <name>Ozonjuitji m'Bari - Month 6 - 2010-06-12 18:40</name>
            <description>Waterhole: Ozonjuitji m'Bari, Month: 6, Time: 2010-06-12 18:40</description>
            <styleUrl>#month6</styleUrl>
            <Point>
                <coordinates>15.50631409,-18.97391764,0</coordinates>
            </Point>
        </Placemark>
        <Placemark>
            <name>Ozonjuitji m'Bari - Month 6 - 2010-06-12 19:00</name>
            <description>Waterhole: Ozonjuitji m'Bari, Month: 6, Time: 2010-06-12 19:00</description>
            <styleUrl>#month6</styleUrl>
            <Point>
                <coordinates>15.50991516,-18.97143555,0</coordinates>
            </Point>
        </Placemark>
        <Placemark>
            <name>Ozonjuitji m'Bari - Month 6 - 2010-06-12 19:20</name>
            <description>Waterhole: Ozonjuitji m'Bari, Month: 6, Time: 2010-06-12 19:20</description>
            <styleUrl>#month6</styleUrl>
            <Point>
                <coordinates>15.51194661,-18.97292887,0</coordinates>
            </Point>
        </Placemark>
        <Placemark>
            <name>Gemsbokvlakte - Month 6 - 2010-06-15 20:00</name>
            <description>Waterhole: Gemsbokvlakte, Month: 6, Time: 2010-06-15 20:00</description>
            <styleUrl>#month6</styleUrl>
            <Point>
                <coordinates>16.05255636,-19.2152242,0</coordinates>
            </Point>
        </Placemark>
        <Placemark>
            <name>Gemsbokvlakte - Month 6 - 2010-06-15 20:20</name>
            <description>Waterhole: Gemsbokvlakte, Month: 6, Time: 2010-06-15 20:20</description>
            <styleUrl>#month6</styleUrl>
            <Point>
                <coordinates>16.05871073,-19.21318563,0</coordinates>
            </Point>
        </Placemark>
        <Placemark>
            <name>Gemsbokvlakte - Month 6 - 2010-06-15 20:40</name>
            <description>Waterhole: Gemsbokvlakte, Month: 6, Time: 2010-06-15 20:40</description>
            <styleUrl>#month6</styleUrl>
            <Point>
                <coordinates>16.06437174,-19.22000122,0</coordinates>
            </Point>
        </Placemark>
        <Placemark>
            <name>Olifantsbad Waterhole - Month 6 - 2010-06-16 11:40</name>
            <description>Waterhole: Olifantsbad Waterhole, Month: 6, Time: 2010-06-16 11:40</description>
            <styleUrl>#month6</styleUrl>
            <Point>
                <coordinates>16.12787476,-19.24319051,0</coordinates>
            </Point>
        </Placemark>
        <Placemark>
            <name>Olifantsbad Waterhole - Month 6 - 2010-06-16 12:00</name>
            <description>Waterhole: Olifantsbad Waterhole, Month: 6, Time: 2010-06-16 12:00</description>
            <styleUrl>#month6</styleUrl>
            <Point>
                <coordinates>16.13155721,-19.23872884,0</coordinates>
            </Point>
        </Placemark>
        <Placemark>
            <name>Olifantsbad Waterhole - Month 6 - 2010-06-16 12:20</name>
            <description>Waterhole: Olifantsbad Waterhole, Month: 6, Time: 2010-06-16 12:20</description>
            <styleUrl>#month6</styleUrl>
            <Point>
                <coordinates>16.13157043,-19.23871867,0</coordinates>
            </Point>
        </Placemark>
        <Placemark>
            <name>Olifantsbad Waterhole - Month 6 - 2010-06-16 12:40</name>
            <description>Waterhole: Olifantsbad Waterhole, Month: 6, Time: 2010-06-16 12:40</description>
            <styleUrl>#month6</styleUrl>
            <Point>
                <coordinates>16.1311615,-19.24226074,0</coordinates>
            </Point>
        </Placemark>
        <Placemark>
            <name>Olifantsbad Waterhole - Month 6 - 2010-06-16 13:00</name>
            <description>Waterhole: Olifantsbad Waterhole, Month: 6, Time: 2010-06-16 13:00</description>
            <styleUrl>#month6</styleUrl>
            <Point>
                <coordinates>16.13150228,-19.24218343,0</coordinates>
            </Point>
        </Placemark>
        <Placemark>
            <name>Olifantsbad Waterhole - Month 6 - 2010-06-16 13:20</name>
            <description>Waterhole: Olifantsbad Waterhole, Month: 6, Time: 2010-06-16 13:20</description>
            <styleUrl>#month6</styleUrl>
            <Point>
                <coordinates>16.13170471,-19.24234823,0</coordinates>
            </Point>
        </Placemark>
        <Placemark>
            <name>Olifantsbad Waterhole - Month 6 - 2010-06-16 13:40</name>
            <description>Waterhole: Olifantsbad Waterhole, Month: 6, Time: 2010-06-16 13:40</description>
            <styleUrl>#month6</styleUrl>
            <Point>
                <coordinates>16.13289185,-19.24333903,0</coordinates>
            </Point>
        </Placemark>
        <Placemark>
            <name>Olifantsbad Waterhole - Month 6 - 2010-06-16 14:00</name>
            <description>Waterhole: Olifantsbad Waterhole, Month: 6, Time: 2010-06-16 14:00</description>
            <styleUrl>#month6</styleUrl>
            <Point>
                <coordinates>16.13311056,-19.2438029,0</coordinates>
            </Point>
        </Placemark>
        <Placemark>
            <name>Olifantsbad Waterhole - Month 6 - 2010-06-16 14:20</name>
            <description>Waterhole: Olifantsbad Waterhole, Month: 6, Time: 2010-06-16 14:20</description>
            <styleUrl>#month6</styleUrl>
            <Point>
                <coordinates>16.13368327,-19.24446411,0</coordinates>
            </Point>
        </Placemark>
        <Placemark>
            <name>Olifantsbad Waterhole - Month 6 - 2010-06-16 14:40</name>
            <description>Waterhole: Olifantsbad Waterhole, Month: 6, Time: 2010-06-16 14:40</description>
            <styleUrl>#month6</styleUrl>
            <Point>
                <coordinates>16.13451538,-19.24488729,0</coordinates>
            </Point>
        </Placemark>
        <Placemark>
            <name>Olifantsbad Waterhole - Month 6 - 2010-06-16 15:00</name>
            <description>Waterhole: Olifantsbad Waterhole, Month: 6, Time: 2010-06-16 15:00</description>
            <styleUrl>#month6</styleUrl>
            <Point>
                <coordinates>16.13649801,-19.24502563,0</coordinates>
            </Point>
        </Placemark>
        <Placemark>
            <name>Olifantsbad Waterhole - Month 6 - 2010-06-17 09:40</name>
            <description>Waterhole: Olifantsbad Waterhole, Month: 6, Time: 2010-06-17 09:40</description>
            <styleUrl>#month6</styleUrl>
            <Point>
                <coordinates>16.13668315,-19.24326172,0</coordinates>
            </Point>
        </Placemark>
        <Placemark>
            <name>Olifantsbad Waterhole - Month 6 - 2010-06-17 10:00</name>
            <description>Waterhole: Olifantsbad Waterhole, Month: 6, Time: 2010-06-17 10:00</description>
            <styleUrl>#month6</styleUrl>
            <Point>
                <coordinates>16.13433329,-19.24331665,0</coordinates>
            </Point>
        </Placemark>
        <Placemark>
            <name>Olifantsbad Waterhole - Month 6 - 2010-06-17 10:20</name>
            <description>Waterhole: Olifantsbad Waterhole, Month: 6, Time: 2010-06-17 10:20</description>
            <styleUrl>#month6</styleUrl>
            <Point>
                <coordinates>16.13398031,-19.24330648,0</coordinates>
            </Point>
        </Placemark>
        <Placemark>
            <name>Olifantsbad Waterhole - Month 6 - 2010-06-17 10:40</name>
            <description>Waterhole: Olifantsbad Waterhole, Month: 6, Time: 2010-06-17 10:40</description>
            <styleUrl>#month6</styleUrl>
            <Point>
                <coordinates>16.13398539,-19.24328613,0</coordinates>
            </Point>
        </Placemark>
        <Placemark>
            <name>Olifantsbad Waterhole - Month 6 - 2010-06-17 11:00</name>
            <description>Waterhole: Olifantsbad Waterhole, Month: 6, Time: 2010-06-17 11:00</description>
            <styleUrl>#month6</styleUrl>
            <Point>
                <coordinates>16.13398132,-19.2432902,0</coordinates>
            </Point>
        </Placemark>
        <Placemark>
            <name>Olifantsbad Waterhole - Month 6 - 2010-06-17 11:20</name>
            <description>Waterhole: Olifantsbad Waterhole, Month: 6, Time: 2010-06-17 11:20</description>
            <styleUrl>#month6</styleUrl>
            <Point>
                <coordinates>16.13399455,-19.24329834,0</coordinates>
            </Point>
        </Placemark>
        <Placemark>
            <name>Olifantsbad Waterhole - Month 6 - 2010-06-17 11:40</name>
            <description>Waterhole: Olifantsbad Waterhole, Month: 6, Time: 2010-06-17 11:40</description>
            <styleUrl>#month6</styleUrl>
            <Point>
                <coordinates>16.13395182,-19.24325968,0</coordinates>
            </Point>
        </Placemark>
        <Placemark>
            <name>Olifantsbad Waterhole - Month 6 - 2010-06-17 12:00</name>
            <description>Waterhole: Olifantsbad Waterhole, Month: 6, Time: 2010-06-17 12:00</description>
            <styleUrl>#month6</styleUrl>
            <Point>
                <coordinates>16.13322856,-19.24327799,0</coordinates>
            </Point>
        </Placemark>
        <Placemark>
            <name>Olifantsbad Waterhole - Month 6 - 2010-06-17 12:20</name>
            <description>Waterhole: Olifantsbad Waterhole, Month: 6, Time: 2010-06-17 12:20</description>
            <styleUrl>#month6</styleUrl>
            <Point>
                <coordinates>16.13283386,-19.24328817,0</coordinates>
            </Point>
        </Placemark>
        <Placemark>
            <name>Olifantsbad Waterhole - Month 6 - 2010-06-17 12:40</name>
            <description>Waterhole: Olifantsbad Waterhole, Month: 6, Time: 2010-06-17 12:40</description>
            <styleUrl>#month6</styleUrl>
            <Point>
                <coordinates>16.13176575,-19.24291789,0</coordinates>
            </Point>
        </Placemark>
        <Placemark>
            <name>Olifantsbad Waterhole - Month 6 - 2010-06-17 13:00</name>
            <description>Waterhole: Olifantsbad Waterhole, Month: 6, Time: 2010-06-17 13:00</description>
            <styleUrl>#month6</styleUrl>
            <Point>
                <coordinates>16.13090617,-19.24203288,0</coordinates>
            </Point>
        </Placemark>
        <Placemark>
            <name>Olifantsbad Waterhole - Month 6 - 2010-06-17 13:20</name>
            <description>Waterhole: Olifantsbad Waterhole, Month: 6, Time: 2010-06-17 13:20</description>
            <styleUrl>#month6</styleUrl>
            <Point>
                <coordinates>16.13172404,-19.23846029,0</coordinates>
            </Point>
        </Placemark>
        <Placemark>
            <name>Olifantsbad Waterhole - Month 6 - 2010-06-17 13:40</name>
            <description>Waterhole: Olifantsbad Waterhole, Month: 6, Time: 2010-06-17 13:40</description>
            <styleUrl>#month6</styleUrl>
            <Point>
                <coordinates>16.13272095,-19.24028727,0</coordinates>
            </Point>
        </Placemark>
        <Placemark>
            <name>Olifantsbad Waterhole - Month 6 - 2010-06-17 14:00</name>
            <description>Waterhole: Olifantsbad Waterhole, Month: 6, Time: 2010-06-17 14:00</description>
            <styleUrl>#month6</styleUrl>
            <Point>
                <coordinates>16.13500163,-19.24213053,0</coordinates>
            </Point>
        </Placemark>
        <Placemark>
            <name>Olifantsbad Waterhole - Month 6 - 2010-06-17 14:20</name>
            <description>Waterhole: Olifantsbad Waterhole, Month: 6, Time: 2010-06-17 14:20</description>
            <styleUrl>#month6</styleUrl>
            <Point>
                <coordinates>16.13501587,-19.24310913,0</coordinates>
            </Point>
        </Placemark>
        <Placemark>
            <name>Olifantsbad Waterhole - Month 6 - 2010-06-17 14:40</name>
            <description>Waterhole: Olifantsbad Waterhole, Month: 6, Time: 2010-06-17 14:40</description>
            <styleUrl>#month6</styleUrl>
            <Point>
                <coordinates>16.13534546,-19.24581299,0</coordinates>
            </Point>
        </Placemark>
        <Placemark>
            <name>Olifantsbad Waterhole - Month 6 - 2010-06-18 12:20</name>
            <description>Waterhole: Olifantsbad Waterhole, Month: 6, Time: 2010-06-18 12:20</description>
            <styleUrl>#month6</styleUrl>
            <Point>
                <coordinates>16.13804626,-19.24085693,0</coordinates>
            </Point>
        </Placemark>
        <Placemark>
            <name>Olifantsbad Waterhole - Month 6 - 2010-06-18 12:40</name>
            <description>Waterhole: Olifantsbad Waterhole, Month: 6, Time: 2010-06-18 12:40</description>
            <styleUrl>#month6</styleUrl>
            <Point>
                <coordinates>16.13470154,-19.23975423,0</coordinates>
            </Point>
        </Placemark>
        <Placemark>
            <name>Olifantsbad Waterhole - Month 6 - 2010-06-18 13:00</name>
            <description>Waterhole: Olifantsbad Waterhole, Month: 6, Time: 2010-06-18 13:00</description>
            <styleUrl>#month6</styleUrl>
            <Point>
                <coordinates>16.13146362,-19.23872477,0</coordinates>
            </Point>
        </Placemark>
        <Placemark>
            <name>Olifantsbad Waterhole - Month 6 - 2010-06-18 13:20</name>
            <description>Waterhole: Olifantsbad Waterhole, Month: 6, Time: 2010-06-18 13:20</description>
            <styleUrl>#month6</styleUrl>
            <Point>
                <coordinates>16.13171082,-19.23846639,0</coordinates>
            </Point>
        </Placemark>
        <Placemark>
            <name>Olifantsbad Waterhole - Month 6 - 2010-06-18 13:40</name>
            <description>Waterhole: Olifantsbad Waterhole, Month: 6, Time: 2010-06-18 13:40</description>
            <styleUrl>#month6</styleUrl>
            <Point>
                <coordinates>16.13245544,-19.23679199,0</coordinates>
            </Point>
        </Placemark>
        <Placemark>
            <name>Olifantsbad Waterhole - Month 6 - 2010-06-18 14:00</name>
            <description>Waterhole: Olifantsbad Waterhole, Month: 6, Time: 2010-06-18 14:00</description>
            <styleUrl>#month6</styleUrl>
            <Point>
                <coordinates>16.1339152,-19.23540243,0</coordinates>
            </Point>
        </Placemark>
        <Placemark>
            <name>Olifantsbad Waterhole - Month 6 - 2010-06-18 14:20</name>
            <description>Waterhole: Olifantsbad Waterhole, Month: 6, Time: 2010-06-18 14:20</description>
            <styleUrl>#month6</styleUrl>
            <Point>
                <coordinates>16.13499654,-19.23154297,0</coordinates>
            </Point>
        </Placemark>
        <Placemark>
            <name>Olifantsbad Waterhole - Month 6 - 2010-06-18 14:40</name>
            <description>Waterhole: Olifantsbad Waterhole, Month: 6, Time: 2010-06-18 14:40</description>
            <styleUrl>#month6</styleUrl>
            <Point>
                <coordinates>16.13499451,-19.23143311,0</coordinates>
            </Point>
        </Placemark>
        <Placemark>
            <name>Olifantsbad Waterhole - Month 6 - 2010-06-19 12:40</name>
            <description>Waterhole: Olifantsbad Waterhole, Month: 6, Time: 2010-06-19 12:40</description>
            <styleUrl>#month6</styleUrl>
            <Point>
                <coordinates>16.13857015,-19.23330485,0</coordinates>
            </Point>
        </Placemark>
        <Placemark>
            <name>Olifantsbad Waterhole - Month 6 - 2010-06-19 13:00</name>
            <description>Waterhole: Olifantsbad Waterhole, Month: 6, Time: 2010-06-19 13:00</description>
            <styleUrl>#month6</styleUrl>
            <Point>
                <coordinates>16.134493,-19.23697306,0</coordinates>
            </Point>
        </Placemark>
        <Placemark>
            <name>Olifantsbad Waterhole - Month 6 - 2010-06-19 13:20</name>
            <description>Waterhole: Olifantsbad Waterhole, Month: 6, Time: 2010-06-19 13:20</description>
            <styleUrl>#month6</styleUrl>
            <Point>
                <coordinates>16.13177795,-19.23874715,0</coordinates>
            </Point>
        </Placemark>
        <Placemark>
            <name>Olifantsbad Waterhole - Month 6 - 2010-06-19 13:40</name>
            <description>Waterhole: Olifantsbad Waterhole, Month: 6, Time: 2010-06-19 13:40</description>
            <styleUrl>#month6</styleUrl>
            <Point>
                <coordinates>16.13166402,-19.23866984,0</coordinates>
            </Point>
        </Placemark>
        <Placemark>
            <name>Olifantsbad Waterhole - Month 6 - 2010-06-19 14:00</name>
            <description>Waterhole: Olifantsbad Waterhole, Month: 6, Time: 2010-06-19 14:00</description>
            <styleUrl>#month6</styleUrl>
            <Point>
                <coordinates>16.13163147,-19.23871663,0</coordinates>
            </Point>
        </Placemark>
        <Placemark>
            <name>Olifantsbad Waterhole - Month 6 - 2010-06-19 14:20</name>
            <description>Waterhole: Olifantsbad Waterhole, Month: 6, Time: 2010-06-19 14:20</description>
            <styleUrl>#month6</styleUrl>
            <Point>
                <coordinates>16.13437703,-19.23972575,0</coordinates>
            </Point>
        </Placemark>
        <Placemark>
            <name>Olifantsbad Waterhole - Month 6 - 2010-06-19 14:40</name>
            <description>Waterhole: Olifantsbad Waterhole, Month: 6, Time: 2010-06-19 14:40</description>
            <styleUrl>#month6</styleUrl>
            <Point>
                <coordinates>16.13504028,-19.23933309,0</coordinates>
            </Point>
        </Placemark>
        <Placemark>
            <name>Olifantsbad Waterhole - Month 6 - 2010-06-19 15:00</name>
            <description>Waterhole: Olifantsbad Waterhole, Month: 6, Time: 2010-06-19 15:00</description>
            <styleUrl>#month6</styleUrl>
            <Point>
                <coordinates>16.13740641,-19.23905843,0</coordinates>
            </Point>
        </Placemark>
        <Placemark>
            <name>Olifantsbad Waterhole - Month 6 - 2010-06-19 15:20</name>
            <description>Waterhole: Olifantsbad Waterhole, Month: 6, Time: 2010-06-19 15:20</description>
            <styleUrl>#month6</styleUrl>
            <Point>
                <coordinates>16.14051412,-19.23796387,0</coordinates>
            </Point>
        </Placemark>
        <Placemark>
            <name>Olifantsbad Waterhole - Month 6 - 2010-06-20 11:20</name>
            <description>Waterhole: Olifantsbad Waterhole, Month: 6, Time: 2010-06-20 11:20</description>
            <styleUrl>#month6</styleUrl>
            <Point>
                <coordinates>16.13937683,-19.23545939,0</coordinates>
            </Point>
        </Placemark>
        <Placemark>
            <name>Olifantsbad Waterhole - Month 6 - 2010-06-20 11:40</name>
            <description>Waterhole: Olifantsbad Waterhole, Month: 6, Time: 2010-06-20 11:40</description>
            <styleUrl>#month6</styleUrl>
            <Point>
                <coordinates>16.13542379,-19.23694865,0</coordinates>
            </Point>
        </Placemark>
        <Placemark>
            <name>Olifantsbad Waterhole - Month 6 - 2010-06-20 12:00</name>
            <description>Waterhole: Olifantsbad Waterhole, Month: 6, Time: 2010-06-20 12:00</description>
            <styleUrl>#month6</styleUrl>
            <Point>
                <coordinates>16.1339976,-19.23741659,0</coordinates>
            </Point>
        </Placemark>
        <Placemark>
            <name>Olifantsbad Waterhole - Month 6 - 2010-06-20 12:20</name>
            <description>Waterhole: Olifantsbad Waterhole, Month: 6, Time: 2010-06-20 12:20</description>
            <styleUrl>#month6</styleUrl>
            <Point>
                <coordinates>16.13164164,-19.2384196,0</coordinates>
            </Point>
        </Placemark>
        <Placemark>
            <name>Olifantsbad Waterhole - Month 6 - 2010-06-20 12:40</name>
            <description>Waterhole: Olifantsbad Waterhole, Month: 6, Time: 2010-06-20 12:40</description>
            <styleUrl>#month6</styleUrl>
            <Point>
                <coordinates>16.13164775,-19.23842773,0</coordinates>
            </Point>
        </Placemark>
        <Placemark>
            <name>Olifantsbad Waterhole - Month 6 - 2010-06-20 13:00</name>
            <description>Waterhole: Olifantsbad Waterhole, Month: 6, Time: 2010-06-20 13:00</description>
            <styleUrl>#month6</styleUrl>
            <Point>
                <coordinates>16.13167419,-19.23837891,0</coordinates>
            </Point>
        </Placemark>
        <Placemark>
            <name>Olifantsbad Waterhole - Month 6 - 2010-06-20 13:20</name>
            <description>Waterhole: Olifantsbad Waterhole, Month: 6, Time: 2010-06-20 13:20</description>
            <styleUrl>#month6</styleUrl>
            <Point>
                <coordinates>16.13161519,-19.23765462,0</coordinates>
            </Point>
        </Placemark>
        <Placemark>
            <name>Olifantsbad Waterhole - Month 6 - 2010-06-20 13:40</name>
            <description>Waterhole: Olifantsbad Waterhole, Month: 6, Time: 2010-06-20 13:40</description>
            <styleUrl>#month6</styleUrl>
            <Point>
                <coordinates>16.13149516,-19.23675741,0</coordinates>
            </Point>
        </Placemark>
        <Placemark>
            <name>Olifantsbad Waterhole - Month 6 - 2010-06-20 14:00</name>
            <description>Waterhole: Olifantsbad Waterhole, Month: 6, Time: 2010-06-20 14:00</description>
            <styleUrl>#month6</styleUrl>
            <Point>
                <coordinates>16.13109029,-19.23671672,0</coordinates>
            </Point>
        </Placemark>
        <Placemark>
            <name>Olifantsbad Waterhole - Month 6 - 2010-06-20 14:20</name>
            <description>Waterhole: Olifantsbad Waterhole, Month: 6, Time: 2010-06-20 14:20</description>
            <styleUrl>#month6</styleUrl>
            <Point>
                <coordinates>16.13191325,-19.23645426,0</coordinates>
            </Point>
        </Placemark>
        <Placemark>
            <name>Olifantsbad Waterhole - Month 6 - 2010-06-20 14:40</name>
            <description>Waterhole: Olifantsbad Waterhole, Month: 6, Time: 2010-06-20 14:40</description>
            <styleUrl>#month6</styleUrl>
            <Point>
                <coordinates>16.13393148,-19.23384196,0</coordinates>
            </Point>
        </Placemark>
        <Placemark>
            <name>Olifantsbad Waterhole - Month 6 - 2010-06-20 15:00</name>
            <description>Waterhole: Olifantsbad Waterhole, Month: 6, Time: 2010-06-20 15:00</description>
            <styleUrl>#month6</styleUrl>
            <Point>
                <coordinates>16.13424377,-19.2325297,0</coordinates>
            </Point>
        </Placemark>
        <Placemark>
            <name>Olifantsbad Waterhole - Month 6 - 2010-06-20 15:20</name>
            <description>Waterhole: Olifantsbad Waterhole, Month: 6, Time: 2010-06-20 15:20</description>
            <styleUrl>#month6</styleUrl>
            <Point>
                <coordinates>16.13480225,-19.23203532,0</coordinates>
            </Point>
        </Placemark>
        <Placemark>
            <name>Olifantsbad Waterhole - Month 6 - 2010-06-20 15:40</name>
            <description>Waterhole: Olifantsbad Waterhole, Month: 6, Time: 2010-06-20 15:40</description>
            <styleUrl>#month6</styleUrl>
            <Point>
                <coordinates>16.13532715,-19.23143717,0</coordinates>
            </Point>
        </Placemark>
        <Placemark>
            <name>Olifantsbad Waterhole - Month 6 - 2010-06-21 11:40</name>
            <description>Waterhole: Olifantsbad Waterhole, Month: 6, Time: 2010-06-21 11:40</description>
            <styleUrl>#month6</styleUrl>
            <Point>
                <coordinates>16.13872274,-19.23413086,0</coordinates>
            </Point>
        </Placemark>
        <Placemark>
            <name>Olifantsbad Waterhole - Month 6 - 2010-06-21 12:00</name>
            <description>Waterhole: Olifantsbad Waterhole, Month: 6, Time: 2010-06-21 12:00</description>
            <styleUrl>#month6</styleUrl>
            <Point>
                <coordinates>16.13770447,-19.23487956,0</coordinates>
            </Point>
        </Placemark>
        <Placemark>
            <name>Olifantsbad Waterhole - Month 6 - 2010-06-21 12:20</name>
            <description>Waterhole: Olifantsbad Waterhole, Month: 6, Time: 2010-06-21 12:20</description>
            <styleUrl>#month6</styleUrl>
            <Point>
                <coordinates>16.13723755,-19.23533732,0</coordinates>
            </Point>
        </Placemark>
        <Placemark>
            <name>Olifantsbad Waterhole - Month 6 - 2010-06-21 12:40</name>
            <description>Waterhole: Olifantsbad Waterhole, Month: 6, Time: 2010-06-21 12:40</description>
            <styleUrl>#month6</styleUrl>
            <Point>
                <coordinates>16.13382874,-19.23743896,0</coordinates>
            </Point>
        </Placemark>
        <Placemark>
            <name>Olifantsbad Waterhole - Month 6 - 2010-06-21 13:00</name>
            <description>Waterhole: Olifantsbad Waterhole, Month: 6, Time: 2010-06-21 13:00</description>
            <styleUrl>#month6</styleUrl>
            <Point>
                <coordinates>16.13168132,-19.23844808,0</coordinates>
            </Point>
        </Placemark>
        <Placemark>
            <name>Olifantsbad Waterhole - Month 6 - 2010-06-21 13:20</name>
            <description>Waterhole: Olifantsbad Waterhole, Month: 6, Time: 2010-06-21 13:20</description>
            <styleUrl>#month6</styleUrl>
            <Point>
                <coordinates>16.13166809,-19.23865153,0</coordinates>
            </Point>
        </Placemark>
        <Placemark>
            <name>Olifantsbad Waterhole - Month 6 - 2010-06-21 13:40</name>
            <description>Waterhole: Olifantsbad Waterhole, Month: 6, Time: 2010-06-21 13:40</description>
            <styleUrl>#month6</styleUrl>
            <Point>
                <coordinates>16.13178202,-19.2385376,0</coordinates>
            </Point>
        </Placemark>
        <Placemark>
            <name>Olifantsbad Waterhole - Month 6 - 2010-06-21 14:00</name>
            <description>Waterhole: Olifantsbad Waterhole, Month: 6, Time: 2010-06-21 14:00</description>
            <styleUrl>#month6</styleUrl>
            <Point>
                <coordinates>16.13192037,-19.23864746,0</coordinates>
            </Point>
        </Placemark>
        <Placemark>
            <name>Olifantsbad Waterhole - Month 6 - 2010-06-21 14:20</name>
            <description>Waterhole: Olifantsbad Waterhole, Month: 6, Time: 2010-06-21 14:20</description>
            <styleUrl>#month6</styleUrl>
            <Point>
                <coordinates>16.13173523,-19.23861491,0</coordinates>
            </Point>
        </Placemark>
        <Placemark>
            <name>Olifantsbad Waterhole - Month 6 - 2010-06-21 14:40</name>
            <description>Waterhole: Olifantsbad Waterhole, Month: 6, Time: 2010-06-21 14:40</description>
            <styleUrl>#month6</styleUrl>
            <Point>
                <coordinates>16.13365377,-19.24035645,0</coordinates>
            </Point>
        </Placemark>
        <Placemark>
            <name>Olifantsbad Waterhole - Month 6 - 2010-06-21 15:00</name>
            <description>Waterhole: Olifantsbad Waterhole, Month: 6, Time: 2010-06-21 15:00</description>
            <styleUrl>#month6</styleUrl>
            <Point>
                <coordinates>16.13417155,-19.24086304,0</coordinates>
            </Point>
        </Placemark>
        <Placemark>
            <name>Olifantsbad Waterhole - Month 6 - 2010-06-22 15:00</name>
            <description>Waterhole: Olifantsbad Waterhole, Month: 6, Time: 2010-06-22 15:00</description>
            <styleUrl>#month6</styleUrl>
            <Point>
                <coordinates>16.13532104,-19.24620768,0</coordinates>
            </Point>
        </Placemark>
        <Placemark>
            <name>Olifantsbad Waterhole - Month 6 - 2010-06-22 15:20</name>
            <description>Waterhole: Olifantsbad Waterhole, Month: 6, Time: 2010-06-22 15:20</description>
            <styleUrl>#month6</styleUrl>
            <Point>
                <coordinates>16.13408407,-19.24495239,0</coordinates>
            </Point>
        </Placemark>
        <Placemark>
            <name>Olifantsbad Waterhole - Month 6 - 2010-06-22 15:40</name>
            <description>Waterhole: Olifantsbad Waterhole, Month: 6, Time: 2010-06-22 15:40</description>
            <styleUrl>#month6</styleUrl>
            <Point>
                <coordinates>16.13198853,-19.23924154,0</coordinates>
            </Point>
        </Placemark>
        <Placemark>
            <name>Olifantsbad Waterhole - Month 6 - 2010-06-22 16:00</name>
            <description>Waterhole: Olifantsbad Waterhole, Month: 6, Time: 2010-06-22 16:00</description>
            <styleUrl>#month6</styleUrl>
            <Point>
                <coordinates>16.13166402,-19.23870443,0</coordinates>
            </Point>
        </Placemark>
        <Placemark>
            <name>Olifantsbad Waterhole - Month 6 - 2010-06-22 16:20</name>
            <description>Waterhole: Olifantsbad Waterhole, Month: 6, Time: 2010-06-22 16:20</description>
            <styleUrl>#month6</styleUrl>
            <Point>
                <coordinates>16.13462626,-19.23683675,0</coordinates>
            </Point>
        </Placemark>
        <Placemark>
            <name>Olifantsbad Waterhole - Month 6 - 2010-06-22 16:40</name>
            <description>Waterhole: Olifantsbad Waterhole, Month: 6, Time: 2010-06-22 16:40</description>
            <styleUrl>#month6</styleUrl>
            <Point>
                <coordinates>16.13680013,-19.23567912,0</coordinates>
            </Point>
        </Placemark>
        <Placemark>
            <name>Olifantsbad Waterhole - Month 6 - 2010-06-22 17:00</name>
            <description>Waterhole: Olifantsbad Waterhole, Month: 6, Time: 2010-06-22 17:00</description>
            <styleUrl>#month6</styleUrl>
            <Point>
                <coordinates>16.13800761,-19.23480835,0</coordinates>
            </Point>
        </Placemark>
        <Placemark>
            <name>Olifantsbad Waterhole - Month 6 - 2010-06-22 17:20</name>
            <description>Waterhole: Olifantsbad Waterhole, Month: 6, Time: 2010-06-22 17:20</description>
            <styleUrl>#month6</styleUrl>
            <Point>
                <coordinates>16.13910522,-19.23461507,0</coordinates>
            </Point>
        </Placemark>
        <Placemark>
            <name>Olifantsbad Waterhole - Month 6 - 2010-06-23 11:40</name>
            <description>Waterhole: Olifantsbad Waterhole, Month: 6, Time: 2010-06-23 11:40</description>
            <styleUrl>#month6</styleUrl>
            <Point>
                <coordinates>16.13574524,-19.23684082,0</coordinates>
            </Point>
        </Placemark>
        <Placemark>
            <name>Olifantsbad Waterhole - Month 6 - 2010-06-23 12:00</name>
            <description>Waterhole: Olifantsbad Waterhole, Month: 6, Time: 2010-06-23 12:00</description>
            <styleUrl>#month6</styleUrl>
            <Point>
                <coordinates>16.1315979,-19.2387146,0</coordinates>
            </Point>
        </Placemark>
        <Placemark>
            <name>Olifantsbad Waterhole - Month 6 - 2010-06-23 12:20</name>
            <description>Waterhole: Olifantsbad Waterhole, Month: 6, Time: 2010-06-23 12:20</description>
            <styleUrl>#month6</styleUrl>
            <Point>
                <coordinates>16.1317159,-19.23846029,0</coordinates>
            </Point>
        </Placemark>
        <Placemark>
            <name>Olifantsbad Waterhole - Month 6 - 2010-06-23 12:40</name>
            <description>Waterhole: Olifantsbad Waterhole, Month: 6, Time: 2010-06-23 12:40</description>
            <styleUrl>#month6</styleUrl>
            <Point>
                <coordinates>16.13160299,-19.23748779,0</coordinates>
            </Point>
        </Placemark>
        <Placemark>
            <name>Olifantsbad Waterhole - Month 6 - 2010-06-23 13:00</name>
            <description>Waterhole: Olifantsbad Waterhole, Month: 6, Time: 2010-06-23 13:00</description>
            <styleUrl>#month6</styleUrl>
            <Point>
                <coordinates>16.1315918,-19.23518066,0</coordinates>
            </Point>
        </Placemark>
        <Placemark>
            <name>Olifantsbad Waterhole - Month 6 - 2010-06-23 13:20</name>
            <description>Waterhole: Olifantsbad Waterhole, Month: 6, Time: 2010-06-23 13:20</description>
            <styleUrl>#month6</styleUrl>
            <Point>
                <coordinates>16.13239746,-19.23508911,0</coordinates>
            </Point>
        </Placemark>
        <Placemark>
            <name>Olifantsbad Waterhole - Month 6 - 2010-06-23 13:40</name>
            <description>Waterhole: Olifantsbad Waterhole, Month: 6, Time: 2010-06-23 13:40</description>
            <styleUrl>#month6</styleUrl>
            <Point>
                <coordinates>16.13265788,-19.23521525,0</coordinates>
            </Point>
        </Placemark>
        <Placemark>
            <name>Olifantsbad Waterhole - Month 6 - 2010-06-23 14:00</name>
            <description>Waterhole: Olifantsbad Waterhole, Month: 6, Time: 2010-06-23 14:00</description>
            <styleUrl>#month6</styleUrl>
            <Point>
                <coordinates>16.13260701,-19.23528442,0</coordinates>
            </Point>
        </Placemark>
        <Placemark>
            <name>Olifantsbad Waterhole - Month 6 - 2010-06-23 14:20</name>
            <description>Waterhole: Olifantsbad Waterhole, Month: 6, Time: 2010-06-23 14:20</description>
            <styleUrl>#month6</styleUrl>
            <Point>
                <coordinates>16.13251139,-19.2353068,0</coordinates>
            </Point>
        </Placemark>
        <Placemark>
            <name>Olifantsbad Waterhole - Month 6 - 2010-06-23 14:40</name>
            <description>Waterhole: Olifantsbad Waterhole, Month: 6, Time: 2010-06-23 14:40</description>
            <styleUrl>#month6</styleUrl>
            <Point>
                <coordinates>16.13240356,-19.23540649,0</coordinates>
            </Point>
        </Placemark>
        <Placemark>
            <name>Olifantsbad Waterhole - Month 6 - 2010-06-23 15:00</name>
            <description>Waterhole: Olifantsbad Waterhole, Month: 6, Time: 2010-06-23 15:00</description>
            <styleUrl>#month6</styleUrl>
            <Point>
                <coordinates>16.13233948,-19.23573405,0</coordinates>
            </Point>
        </Placemark>
        <Placemark>
            <name>Olifantsbad Waterhole - Month 6 - 2010-06-23 15:20</name>
            <description>Waterhole: Olifantsbad Waterhole, Month: 6, Time: 2010-06-23 15:20</description>
            <styleUrl>#month6</styleUrl>
            <Point>
                <coordinates>16.13228251,-19.23672078,0</coordinates>
            </Point>
        </Placemark>
        <Placemark>
            <name>Olifantsbad Waterhole - Month 6 - 2010-06-23 15:40</name>
            <description>Waterhole: Olifantsbad Waterhole, Month: 6, Time: 2010-06-23 15:40</description>
            <styleUrl>#month6</styleUrl>
            <Point>
                <coordinates>16.13177795,-19.23849284,0</coordinates>
            </Point>
        </Placemark>
        <Placemark>
            <name>Olifantsbad Waterhole - Month 6 - 2010-06-23 16:00</name>
            <description>Waterhole: Olifantsbad Waterhole, Month: 6, Time: 2010-06-23 16:00</description>
            <styleUrl>#month6</styleUrl>
            <Point>
                <coordinates>16.13722229,-19.24159342,0</coordinates>
            </Point>
        </Placemark>
        <Placemark>
            <name>Olifantsbad Waterhole - Month 6 - 2010-06-24 15:40</name>
            <description>Waterhole: Olifantsbad Waterhole, Month: 6, Time: 2010-06-24 15:40</description>
            <styleUrl>#month6</styleUrl>
            <Point>
                <coordinates>16.13733622,-19.24093831,0</coordinates>
            </Point>
        </Placemark>
        <Placemark>
            <name>Olifantsbad Waterhole - Month 6 - 2010-06-24 16:00</name>
            <description>Waterhole: Olifantsbad Waterhole, Month: 6, Time: 2010-06-24 16:00</description>
            <styleUrl>#month6</styleUrl>
            <Point>
                <coordinates>16.13172607,-19.23849894,0</coordinates>
            </Point>
        </Placemark>
        <Placemark>
            <name>Olifantsbad Waterhole - Month 6 - 2010-06-24 16:20</name>
            <description>Waterhole: Olifantsbad Waterhole, Month: 6, Time: 2010-06-24 16:20</description>
            <styleUrl>#month6</styleUrl>
            <Point>
                <coordinates>16.13271077,-19.2380778,0</coordinates>
            </Point>
        </Placemark>
        <Placemark>
            <name>Olifantsbad Waterhole - Month 6 - 2010-06-24 16:40</name>
            <description>Waterhole: Olifantsbad Waterhole, Month: 6, Time: 2010-06-24 16:40</description>
            <styleUrl>#month6</styleUrl>
            <Point>
                <coordinates>16.1347819,-19.23740438,0</coordinates>
            </Point>
        </Placemark>
        <Placemark>
            <name>Olifantsbad Waterhole - Month 6 - 2010-06-24 17:00</name>
            <description>Waterhole: Olifantsbad Waterhole, Month: 6, Time: 2010-06-24 17:00</description>
            <styleUrl>#month6</styleUrl>
            <Point>
                <coordinates>16.13344523,-19.23729655,0</coordinates>
            </Point>
        </Placemark>
        <Placemark>
            <name>Olifantsbad Waterhole - Month 6 - 2010-06-24 17:20</name>
            <description>Waterhole: Olifantsbad Waterhole, Month: 6, Time: 2010-06-24 17:20</description>
            <styleUrl>#month6</styleUrl>
            <Point>
                <coordinates>16.13313293,-19.23799642,0</coordinates>
            </Point>
        </Placemark>
        <Placemark>
            <name>Olifantsbad Waterhole - Month 6 - 2010-06-24 17:40</name>
            <description>Waterhole: Olifantsbad Waterhole, Month: 6, Time: 2010-06-24 17:40</description>
            <styleUrl>#month6</styleUrl>
            <Point>
                <coordinates>16.13491923,-19.23651937,0</coordinates>
            </Point>
        </Placemark>
        <Placemark>
            <name>Olifantsbad Waterhole - Month 6 - 2010-06-24 18:00</name>
            <description>Waterhole: Olifantsbad Waterhole, Month: 6, Time: 2010-06-24 18:00</description>
            <styleUrl>#month6</styleUrl>
            <Point>
                <coordinates>16.13750102,-19.23437703,0</coordinates>
            </Point>
        </Placemark>
        <Placemark>
            <name>Olifantsbad Waterhole - Month 6 - 2010-06-24 18:20</name>
            <description>Waterhole: Olifantsbad Waterhole, Month: 6, Time: 2010-06-24 18:20</description>
            <styleUrl>#month6</styleUrl>
            <Point>
                <coordinates>16.13793132,-19.23387655,0</coordinates>
            </Point>
        </Placemark>
        <Placemark>
            <name>Olifantsbad Waterhole - Month 6 - 2010-06-24 18:40</name>
            <description>Waterhole: Olifantsbad Waterhole, Month: 6, Time: 2010-06-24 18:40</description>
            <styleUrl>#month6</styleUrl>
            <Point>
                <coordinates>16.13798421,-19.23368123,0</coordinates>
            </Point>
        </Placemark>
        <Placemark>
            <name>Olifantsbad Waterhole - Month 6 - 2010-06-25 14:20</name>
            <description>Waterhole: Olifantsbad Waterhole, Month: 6, Time: 2010-06-25 14:20</description>
            <styleUrl>#month6</styleUrl>
            <Point>
                <coordinates>16.13484904,-19.23080444,0</coordinates>
            </Point>
        </Placemark>
        <Placemark>
            <name>Olifantsbad Waterhole - Month 6 - 2010-06-25 14:40</name>
            <description>Waterhole: Olifantsbad Waterhole, Month: 6, Time: 2010-06-25 14:40</description>
            <styleUrl>#month6</styleUrl>
            <Point>
                <coordinates>16.13501689,-19.23350627,0</coordinates>
            </Point>
        </Placemark>
        <Placemark>
            <name>Olifantsbad Waterhole - Month 6 - 2010-06-25 15:00</name>
            <description>Waterhole: Olifantsbad Waterhole, Month: 6, Time: 2010-06-25 15:00</description>
            <styleUrl>#month6</styleUrl>
            <Point>
                <coordinates>16.13171794,-19.23842163,0</coordinates>
            </Point>
        </Placemark>
        <Placemark>
            <name>Olifantsbad Waterhole - Month 6 - 2010-06-25 15:20</name>
            <description>Waterhole: Olifantsbad Waterhole, Month: 6, Time: 2010-06-25 15:20</description>
            <styleUrl>#month6</styleUrl>
            <Point>
                <coordinates>16.13170675,-19.23864746,0</coordinates>
            </Point>
        </Placemark>
        <Placemark>
            <name>Olifantsbad Waterhole - Month 6 - 2010-06-25 15:40</name>
            <description>Waterhole: Olifantsbad Waterhole, Month: 6, Time: 2010-06-25 15:40</description>
            <styleUrl>#month6</styleUrl>
            <Point>
                <coordinates>16.13149414,-19.23868815,0</coordinates>
            </Point>
        </Placemark>
        <Placemark>
            <name>Olifantsbad Waterhole - Month 6 - 2010-06-25 16:00</name>
            <description>Waterhole: Olifantsbad Waterhole, Month: 6, Time: 2010-06-25 16:00</description>
            <styleUrl>#month6</styleUrl>
            <Point>
                <coordinates>16.13168742,-19.23867188,0</coordinates>
            </Point>
        </Placemark>
        <Placemark>
            <name>Olifantsbad Waterhole - Month 6 - 2010-06-25 16:20</name>
            <description>Waterhole: Olifantsbad Waterhole, Month: 6, Time: 2010-06-25 16:20</description>
            <styleUrl>#month6</styleUrl>
            <Point>
                <coordinates>16.13082174,-19.23553467,0</coordinates>
            </Point>
        </Placemark>
        <Placemark>
            <name>Olifantsbad Waterhole - Month 6 - 2010-06-25 16:40</name>
            <description>Waterhole: Olifantsbad Waterhole, Month: 6, Time: 2010-06-25 16:40</description>
            <styleUrl>#month6</styleUrl>
            <Point>
                <coordinates>16.13089803,-19.23358561,0</coordinates>
            </Point>
        </Placemark>
        <Placemark>
            <name>Olifantsbad Waterhole - Month 6 - 2010-06-25 17:00</name>
            <description>Waterhole: Olifantsbad Waterhole, Month: 6, Time: 2010-06-25 17:00</description>
            <styleUrl>#month6</styleUrl>
            <Point>
                <coordinates>16.13087565,-19.23201497,0</coordinates>
            </Point>
        </Placemark>
        <Placemark>
            <name>Olifantsbad Waterhole - Month 6 - 2010-06-26 10:00</name>
            <description>Waterhole: Olifantsbad Waterhole, Month: 6, Time: 2010-06-26 10:00</description>
            <styleUrl>#month6</styleUrl>
            <Point>
                <coordinates>16.12670085,-19.2320048,0</coordinates>
            </Point>
        </Placemark>
        <Placemark>
            <name>Olifantsbad Waterhole - Month 6 - 2010-06-26 10:20</name>
            <description>Waterhole: Olifantsbad Waterhole, Month: 6, Time: 2010-06-26 10:20</description>
            <styleUrl>#month6</styleUrl>
            <Point>
                <coordinates>16.12704264,-19.23353475,0</coordinates>
            </Point>
        </Placemark>
        <Placemark>
            <name>Olifantsbad Waterhole - Month 6 - 2010-06-26 10:40</name>
            <description>Waterhole: Olifantsbad Waterhole, Month: 6, Time: 2010-06-26 10:40</description>
            <styleUrl>#month6</styleUrl>
            <Point>
                <coordinates>16.12900085,-19.23446045,0</coordinates>
            </Point>
        </Placemark>
        <Placemark>
            <name>Olifantsbad Waterhole - Month 6 - 2010-06-26 11:00</name>
            <description>Waterhole: Olifantsbad Waterhole, Month: 6, Time: 2010-06-26 11:00</description>
            <styleUrl>#month6</styleUrl>
            <Point>
                <coordinates>16.13196513,-19.23852336,0</coordinates>
            </Point>
        </Placemark>
        <Placemark>
            <name>Olifantsbad Waterhole - Month 6 - 2010-06-26 11:20</name>
            <description>Waterhole: Olifantsbad Waterhole, Month: 6, Time: 2010-06-26 11:20</description>
            <styleUrl>#month6</styleUrl>
            <Point>
                <coordinates>16.13148397,-19.23866781,0</coordinates>
            </Point>
        </Placemark>
        <Placemark>
            <name>Olifantsbad Waterhole - Month 6 - 2010-06-26 11:40</name>
            <description>Waterhole: Olifantsbad Waterhole, Month: 6, Time: 2010-06-26 11:40</description>
            <styleUrl>#month6</styleUrl>
            <Point>
                <coordinates>16.13117065,-19.24088135,0</coordinates>
            </Point>
        </Placemark>
        <Placemark>
            <name>Olifantsbad Waterhole - Month 6 - 2010-06-26 12:00</name>
            <description>Waterhole: Olifantsbad Waterhole, Month: 6, Time: 2010-06-26 12:00</description>
            <styleUrl>#month6</styleUrl>
            <Point>
                <coordinates>16.1311554,-19.24126587,0</coordinates>
            </Point>
        </Placemark>
        <Placemark>
            <name>Olifantsbad Waterhole - Month 6 - 2010-06-26 12:20</name>
            <description>Waterhole: Olifantsbad Waterhole, Month: 6, Time: 2010-06-26 12:20</description>
            <styleUrl>#month6</styleUrl>
            <Point>
                <coordinates>16.13126424,-19.24140218,0</coordinates>
            </Point>
        </Placemark>
        <Placemark>
            <name>Olifantsbad Waterhole - Month 6 - 2010-06-26 12:40</name>
            <description>Waterhole: Olifantsbad Waterhole, Month: 6, Time: 2010-06-26 12:40</description>
            <styleUrl>#month6</styleUrl>
            <Point>
                <coordinates>16.13156331,-19.24191081,0</coordinates>
            </Point>
        </Placemark>
        <Placemark>
            <name>Olifantsbad Waterhole - Month 6 - 2010-06-26 13:00</name>
            <description>Waterhole: Olifantsbad Waterhole, Month: 6, Time: 2010-06-26 13:00</description>
            <styleUrl>#month6</styleUrl>
            <Point>
                <coordinates>16.13204651,-19.24246419,0</coordinates>
            </Point>
        </Placemark>
        <Placemark>
            <name>Olifantsbad Waterhole - Month 6 - 2010-06-26 13:20</name>
            <description>Waterhole: Olifantsbad Waterhole, Month: 6, Time: 2010-06-26 13:20</description>
            <styleUrl>#month6</styleUrl>
            <Point>
                <coordinates>16.13247782,-19.24304606,0</coordinates>
            </Point>
        </Placemark>
        <Placemark>
            <name>Olifantsbad Waterhole - Month 6 - 2010-06-26 13:40</name>
            <description>Waterhole: Olifantsbad Waterhole, Month: 6, Time: 2010-06-26 13:40</description>
            <styleUrl>#month6</styleUrl>
            <Point>
                <coordinates>16.13271077,-19.24331258,0</coordinates>
            </Point>
        </Placemark>
        <Placemark>
            <name>Olifantsbad Waterhole - Month 6 - 2010-06-26 14:00</name>
            <description>Waterhole: Olifantsbad Waterhole, Month: 6, Time: 2010-06-26 14:00</description>
            <styleUrl>#month6</styleUrl>
            <Point>
                <coordinates>16.13433329,-19.2444397,0</coordinates>
            </Point>
        </Placemark>
        <Placemark>
            <name>Olifantsbad Waterhole - Month 6 - 2010-06-26 14:20</name>
            <description>Waterhole: Olifantsbad Waterhole, Month: 6, Time: 2010-06-26 14:20</description>
            <styleUrl>#month6</styleUrl>
            <Point>
                <coordinates>16.1361908,-19.2457255,0</coordinates>
            </Point>
        </Placemark>
        <Placemark>
            <name>Olifantsbad Waterhole - Month 6 - 2010-06-29 08:20</name>
            <description>Waterhole: Olifantsbad Waterhole, Month: 6, Time: 2010-06-29 08:20</description>
            <styleUrl>#month6</styleUrl>
            <Point>
                <coordinates>16.13530782,-19.2384196,0</coordinates>
            </Point>
        </Placemark>
        <Placemark>
            <name>Olifantsbad Waterhole - Month 6 - 2010-06-29 08:40</name>
            <description>Waterhole: Olifantsbad Waterhole, Month: 6, Time: 2010-06-29 08:40</description>
            <styleUrl>#month6</styleUrl>
            <Point>
                <coordinates>16.13048808,-19.23790894,0</coordinates>
            </Point>
        </Placemark>
        <Placemark>
            <name>Olifantsbad Waterhole - Month 6 - 2010-06-29 09:00</name>
            <description>Waterhole: Olifantsbad Waterhole, Month: 6, Time: 2010-06-29 09:00</description>
            <styleUrl>#month6</styleUrl>
            <Point>
                <coordinates>16.12664897,-19.23568522,0</coordinates>
            </Point>
        </Placemark>
        <Placemark>
            <name>Olifantsbad Waterhole - Month 6 - 2010-06-29 09:20</name>
            <description>Waterhole: Olifantsbad Waterhole, Month: 6, Time: 2010-06-29 09:20</description>
            <styleUrl>#month6</styleUrl>
            <Point>
                <coordinates>16.1228892,-19.23444214,0</coordinates>
            </Point>
        </Placemark>
        <Placemark>
            <name>Olifantsbad Waterhole - Month 6 - 2010-06-29 13:40</name>
            <description>Waterhole: Olifantsbad Waterhole, Month: 6, Time: 2010-06-29 13:40</description>
            <styleUrl>#month6</styleUrl>
            <Point>
                <coordinates>16.12173665,-19.23788045,0</coordinates>
            </Point>
        </Placemark>
        <Placemark>
            <name>Olifantsbad Waterhole - Month 6 - 2010-06-29 14:00</name>
            <description>Waterhole: Olifantsbad Waterhole, Month: 6, Time: 2010-06-29 14:00</description>
            <styleUrl>#month6</styleUrl>
            <Point>
                <coordinates>16.12475586,-19.23856405,0</coordinates>
            </Point>
        </Placemark>
        <Placemark>
            <name>Olifantsbad Waterhole - Month 6 - 2010-06-29 14:20</name>
            <description>Waterhole: Olifantsbad Waterhole, Month: 6, Time: 2010-06-29 14:20</description>
            <styleUrl>#month6</styleUrl>
            <Point>
                <coordinates>16.12569275,-19.23941243,0</coordinates>
            </Point>
        </Placemark>
        <Placemark>
            <name>Olifantsbad Waterhole - Month 6 - 2010-06-29 14:40</name>
            <description>Waterhole: Olifantsbad Waterhole, Month: 6, Time: 2010-06-29 14:40</description>
            <styleUrl>#month6</styleUrl>
            <Point>
                <coordinates>16.12735087,-19.24000651,0</coordinates>
            </Point>
        </Placemark>
        <Placemark>
            <name>Olifantsbad Waterhole - Month 6 - 2010-06-29 15:00</name>
            <description>Waterhole: Olifantsbad Waterhole, Month: 6, Time: 2010-06-29 15:00</description>
            <styleUrl>#month6</styleUrl>
            <Point>
                <coordinates>16.13164673,-19.23843994,0</coordinates>
            </Point>
        </Placemark>
        <Placemark>
            <name>Olifantsbad Waterhole - Month 6 - 2010-06-29 15:20</name>
            <description>Waterhole: Olifantsbad Waterhole, Month: 6, Time: 2010-06-29 15:20</description>
            <styleUrl>#month6</styleUrl>
            <Point>
                <coordinates>16.1314504,-19.23999837,0</coordinates>
            </Point>
        </Placemark>
        <Placemark>
            <name>Olifantsbad Waterhole - Month 6 - 2010-06-29 15:40</name>
            <description>Waterhole: Olifantsbad Waterhole, Month: 6, Time: 2010-06-29 15:40</description>
            <styleUrl>#month6</styleUrl>
            <Point>
                <coordinates>16.12747294,-19.24497681,0</coordinates>
            </Point>
        </Placemark>
        <Placemark>
            <name>Gemsbokvlakte - Month 6 - 2010-06-30 17:00</name>
            <description>Waterhole: Gemsbokvlakte, Month: 6, Time: 2010-06-30 17:00</description>
            <styleUrl>#month6</styleUrl>
            <Point>
                <coordinates>16.05801188,-19.21612956,0</coordinates>
            </Point>
        </Placemark>
        <Placemark>
            <name>Gemsbokvlakte - Month 6 - 2010-06-30 17:20</name>
            <description>Waterhole: Gemsbokvlakte, Month: 6, Time: 2010-06-30 17:20</description>
            <styleUrl>#month6</styleUrl>
            <Point>
                <coordinates>16.05870158,-19.21334025,0</coordinates>
            </Point>
        </Placemark>
        <Placemark>
            <name>Gemsbokvlakte - Month 6 - 2010-06-30 17:40</name>
            <description>Waterhole: Gemsbokvlakte, Month: 6, Time: 2010-06-30 17:40</description>
            <styleUrl>#month6</styleUrl>
            <Point>
                <coordinates>16.05886536,-19.21355794,0</coordinates>
            </Point>
        </Placemark>
        <Placemark>
            <name>Gemsbokvlakte - Month 6 - 2010-06-30 18:00</name>
            <description>Waterhole: Gemsbokvlakte, Month: 6, Time: 2010-06-30 18:00</description>
            <styleUrl>#month6</styleUrl>
            <Point>
                <coordinates>16.05396932,-19.2186849,0</coordinates>
            </Point>
        </Placemark>
        <Placemark>
            <name>Ombika - Month 7 - 2010-07-07 15:40</name>
            <description>Waterhole: Ombika, Month: 7, Time: 2010-07-07 15:40</description>
            <styleUrl>#month7</styleUrl>
            <Point>
                <coordinates>15.94109599,-19.31280518,0</coordinates>
            </Point>
        </Placemark>
        <Placemark>
            <name>Ombika - Month 7 - 2010-07-07 16:00</name>
            <description>Waterhole: Ombika, Month: 7, Time: 2010-07-07 16:00</description>
            <styleUrl>#month7</styleUrl>
            <Point>
                <coordinates>15.94084167,-19.31641642,0</coordinates>
            </Point>
        </Placemark>
        <Placemark>
            <name>Ombika - Month 7 - 2010-07-07 16:20</name>
            <description>Waterhole: Ombika, Month: 7, Time: 2010-07-07 16:20</description>
            <styleUrl>#month7</styleUrl>
            <Point>
                <coordinates>15.94116211,-19.31610514,0</coordinates>
            </Point>
        </Placemark>
        <Placemark>
            <name>Ombika - Month 7 - 2010-07-07 16:40</name>
            <description>Waterhole: Ombika, Month: 7, Time: 2010-07-07 16:40</description>
            <styleUrl>#month7</styleUrl>
            <Point>
                <coordinates>15.94094238,-19.31620483,0</coordinates>
            </Point>
        </Placemark>
        <Placemark>
            <name>Ombika - Month 7 - 2010-07-07 17:00</name>
            <description>Waterhole: Ombika, Month: 7, Time: 2010-07-07 17:00</description>
            <styleUrl>#month7</styleUrl>
            <Point>
                <coordinates>15.94053446,-19.31609701,0</coordinates>
            </Point>
        </Placemark>
        <Placemark>
            <name>Ombika - Month 7 - 2010-07-07 17:20</name>
            <description>Waterhole: Ombika, Month: 7, Time: 2010-07-07 17:20</description>
            <styleUrl>#month7</styleUrl>
            <Point>
                <coordinates>15.93581034,-19.31532186,0</coordinates>
            </Point>
        </Placemark>
        <Placemark>
            <name>Ombika - Month 7 - 2010-07-07 17:40</name>
            <description>Waterhole: Ombika, Month: 7, Time: 2010-07-07 17:40</description>
            <styleUrl>#month7</styleUrl>
            <Point>
                <coordinates>15.93460897,-19.31524862,0</coordinates>
            </Point>
        </Placemark>
        <Placemark>
            <name>Ombika - Month 7 - 2010-07-07 18:00</name>
            <description>Waterhole: Ombika, Month: 7, Time: 2010-07-07 18:00</description>
            <styleUrl>#month7</styleUrl>
            <Point>
                <coordinates>15.9339976,-19.3151123,0</coordinates>
            </Point>
        </Placemark>
        <Placemark>
            <name>Ombika - Month 7 - 2010-07-07 18:20</name>
            <description>Waterhole: Ombika, Month: 7, Time: 2010-07-07 18:20</description>
            <styleUrl>#month7</styleUrl>
            <Point>
                <coordinates>15.93257039,-19.3144043,0</coordinates>
            </Point>
        </Placemark>
        <Placemark>
            <name>Gemsbokvlakte - Month 7 - 2010-07-10 18:20</name>
            <description>Waterhole: Gemsbokvlakte, Month: 7, Time: 2010-07-10 18:20</description>
            <styleUrl>#month7</styleUrl>
            <Point>
                <coordinates>16.05183818,-19.21084391,0</coordinates>
            </Point>
        </Placemark>
        <Placemark>
            <name>Gemsbokvlakte - Month 7 - 2010-07-10 18:40</name>
            <description>Waterhole: Gemsbokvlakte, Month: 7, Time: 2010-07-10 18:40</description>
            <styleUrl>#month7</styleUrl>
            <Point>
                <coordinates>16.05878296,-19.21324463,0</coordinates>
            </Point>
        </Placemark>
        <Placemark>
            <name>Gemsbokvlakte - Month 7 - 2010-07-10 19:00</name>
            <description>Waterhole: Gemsbokvlakte, Month: 7, Time: 2010-07-10 19:00</description>
            <styleUrl>#month7</styleUrl>
            <Point>
                <coordinates>16.06448771,-19.20997111,0</coordinates>
            </Point>
        </Placemark>
        <Placemark>
            <name>Gemsbokvlakte - Month 7 - 2010-07-10 19:20</name>
            <description>Waterhole: Gemsbokvlakte, Month: 7, Time: 2010-07-10 19:20</description>
            <styleUrl>#month7</styleUrl>
            <Point>
                <coordinates>16.06605632,-19.20953573,0</coordinates>
            </Point>
        </Placemark>
        <Placemark>
            <name>Olifantsbad Waterhole - Month 7 - 2010-07-11 10:00</name>
            <description>Waterhole: Olifantsbad Waterhole, Month: 7, Time: 2010-07-11 10:00</description>
            <styleUrl>#month7</styleUrl>
            <Point>
                <coordinates>16.12925313,-19.23463135,0</coordinates>
            </Point>
        </Placemark>
        <Placemark>
            <name>Olifantsbad Waterhole - Month 7 - 2010-07-11 10:20</name>
            <description>Waterhole: Olifantsbad Waterhole, Month: 7, Time: 2010-07-11 10:20</description>
            <styleUrl>#month7</styleUrl>
            <Point>
                <coordinates>16.13181966,-19.23889974,0</coordinates>
            </Point>
        </Placemark>
        <Placemark>
            <name>Olifantsbad Waterhole - Month 7 - 2010-07-11 10:40</name>
            <description>Waterhole: Olifantsbad Waterhole, Month: 7, Time: 2010-07-11 10:40</description>
            <styleUrl>#month7</styleUrl>
            <Point>
                <coordinates>16.13031921,-19.23776042,0</coordinates>
            </Point>
        </Placemark>
        <Placemark>
            <name>Olifantsbad Waterhole - Month 7 - 2010-07-11 11:00</name>
            <description>Waterhole: Olifantsbad Waterhole, Month: 7, Time: 2010-07-11 11:00</description>
            <styleUrl>#month7</styleUrl>
            <Point>
                <coordinates>16.12894999,-19.23730672,0</coordinates>
            </Point>
        </Placemark>
        <Placemark>
            <name>Olifantsbad Waterhole - Month 7 - 2010-07-11 11:20</name>
            <description>Waterhole: Olifantsbad Waterhole, Month: 7, Time: 2010-07-11 11:20</description>
            <styleUrl>#month7</styleUrl>
            <Point>
                <coordinates>16.12718099,-19.23830363,0</coordinates>
            </Point>
        </Placemark>
        <Placemark>
            <name>Olifantsbad Waterhole - Month 7 - 2010-07-11 11:40</name>
            <description>Waterhole: Olifantsbad Waterhole, Month: 7, Time: 2010-07-11 11:40</description>
            <styleUrl>#month7</styleUrl>
            <Point>
                <coordinates>16.12536519,-19.23694051,0</coordinates>
            </Point>
        </Placemark>
        <Placemark>
            <name>Olifantsbad Waterhole - Month 7 - 2010-07-11 12:00</name>
            <description>Waterhole: Olifantsbad Waterhole, Month: 7, Time: 2010-07-11 12:00</description>
            <styleUrl>#month7</styleUrl>
            <Point>
                <coordinates>16.12541809,-19.23690389,0</coordinates>
            </Point>
        </Placemark>
        <Placemark>
            <name>Olifantsbad Waterhole - Month 7 - 2010-07-11 12:20</name>
            <description>Waterhole: Olifantsbad Waterhole, Month: 7, Time: 2010-07-11 12:20</description>
            <styleUrl>#month7</styleUrl>
            <Point>
                <coordinates>16.12543132,-19.23689982,0</coordinates>
            </Point>
        </Placemark>
        <Placemark>
            <name>Olifantsbad Waterhole - Month 7 - 2010-07-11 12:40</name>
            <description>Waterhole: Olifantsbad Waterhole, Month: 7, Time: 2010-07-11 12:40</description>
            <styleUrl>#month7</styleUrl>
            <Point>
                <coordinates>16.12505493,-19.23724365,0</coordinates>
            </Point>
        </Placemark>
        <Placemark>
            <name>Olifantsbad Waterhole - Month 7 - 2010-07-11 13:00</name>
            <description>Waterhole: Olifantsbad Waterhole, Month: 7, Time: 2010-07-11 13:00</description>
            <styleUrl>#month7</styleUrl>
            <Point>
                <coordinates>16.12440694,-19.23745321,0</coordinates>
            </Point>
        </Placemark>
        <Placemark>
            <name>Olifantsbad Waterhole - Month 7 - 2010-07-11 13:20</name>
            <description>Waterhole: Olifantsbad Waterhole, Month: 7, Time: 2010-07-11 13:20</description>
            <styleUrl>#month7</styleUrl>
            <Point>
                <coordinates>16.12415568,-19.23741252,0</coordinates>
            </Point>
        </Placemark>
        <Placemark>
            <name>Olifantsbad Waterhole - Month 7 - 2010-07-11 13:40</name>
            <description>Waterhole: Olifantsbad Waterhole, Month: 7, Time: 2010-07-11 13:40</description>
            <styleUrl>#month7</styleUrl>
            <Point>
                <coordinates>16.12176208,-19.23742879,0</coordinates>
            </Point>
        </Placemark>
        <Placemark>
            <name>Olifantsbad Waterhole - Month 7 - 2010-07-11 14:20</name>
            <description>Waterhole: Olifantsbad Waterhole, Month: 7, Time: 2010-07-11 14:20</description>
            <styleUrl>#month7</styleUrl>
            <Point>
                <coordinates>16.12168274,-19.23724162,0</coordinates>
            </Point>
        </Placemark>
        <Placemark>
            <name>Olifantsbad Waterhole - Month 7 - 2010-07-11 14:40</name>
            <description>Waterhole: Olifantsbad Waterhole, Month: 7, Time: 2010-07-11 14:40</description>
            <styleUrl>#month7</styleUrl>
            <Point>
                <coordinates>16.12207235,-19.23734334,0</coordinates>
            </Point>
        </Placemark>
        <Placemark>
            <name>Gemsbokvlakte - Month 7 - 2010-07-12 16:40</name>
            <description>Waterhole: Gemsbokvlakte, Month: 7, Time: 2010-07-12 16:40</description>
            <styleUrl>#month7</styleUrl>
            <Point>
                <coordinates>16.05113729,-19.21757609,0</coordinates>
            </Point>
        </Placemark>
        <Placemark>
            <name>Gemsbokvlakte - Month 7 - 2010-07-12 17:00</name>
            <description>Waterhole: Gemsbokvlakte, Month: 7, Time: 2010-07-12 17:00</description>
            <styleUrl>#month7</styleUrl>
            <Point>
                <coordinates>16.05719198,-19.21414185,0</coordinates>
            </Point>
        </Placemark>
        <Placemark>
            <name>Gemsbokvlakte - Month 7 - 2010-07-12 17:20</name>
            <description>Waterhole: Gemsbokvlakte, Month: 7, Time: 2010-07-12 17:20</description>
            <styleUrl>#month7</styleUrl>
            <Point>
                <coordinates>16.05873413,-19.21360067,0</coordinates>
            </Point>
        </Placemark>
        <Placemark>
            <name>Gemsbokvlakte - Month 7 - 2010-07-12 17:40</name>
            <description>Waterhole: Gemsbokvlakte, Month: 7, Time: 2010-07-12 17:40</description>
            <styleUrl>#month7</styleUrl>
            <Point>
                <coordinates>16.05348002,-19.21923421,0</coordinates>
            </Point>
        </Placemark>
        <Placemark>
            <name>Gemsbokvlakte - Month 7 - 2010-07-13 18:00</name>
            <description>Waterhole: Gemsbokvlakte, Month: 7, Time: 2010-07-13 18:00</description>
            <styleUrl>#month7</styleUrl>
            <Point>
                <coordinates>16.05642802,-19.21579997,0</coordinates>
            </Point>
        </Placemark>
        <Placemark>
            <name>Gemsbokvlakte - Month 7 - 2010-07-13 18:20</name>
            <description>Waterhole: Gemsbokvlakte, Month: 7, Time: 2010-07-13 18:20</description>
            <styleUrl>#month7</styleUrl>
            <Point>
                <coordinates>16.05864766,-19.21325684,0</coordinates>
            </Point>
        </Placemark>
        <Placemark>
            <name>Gemsbokvlakte - Month 7 - 2010-07-13 18:40</name>
            <description>Waterhole: Gemsbokvlakte, Month: 7, Time: 2010-07-13 18:40</description>
            <styleUrl>#month7</styleUrl>
            <Point>
                <coordinates>16.05894165,-19.21355184,0</coordinates>
            </Point>
        </Placemark>
        <Placemark>
            <name>Gemsbokvlakte - Month 7 - 2010-07-13 19:00</name>
            <description>Waterhole: Gemsbokvlakte, Month: 7, Time: 2010-07-13 19:00</description>
            <styleUrl>#month7</styleUrl>
            <Point>
                <coordinates>16.05677592,-19.21674601,0</coordinates>
            </Point>
        </Placemark>
        <Placemark>
            <name>Gemsbokvlakte - Month 7 - 2010-07-14 17:40</name>
            <description>Waterhole: Gemsbokvlakte, Month: 7, Time: 2010-07-14 17:40</description>
            <styleUrl>#month7</styleUrl>
            <Point>
                <coordinates>16.05497742,-19.2172994,0</coordinates>
            </Point>
        </Placemark>
        <Placemark>
            <name>Gemsbokvlakte - Month 7 - 2010-07-14 18:00</name>
            <description>Waterhole: Gemsbokvlakte, Month: 7, Time: 2010-07-14 18:00</description>
            <styleUrl>#month7</styleUrl>
            <Point>
                <coordinates>16.0587026,-19.21322021,0</coordinates>
            </Point>
        </Placemark>
        <Placemark>
            <name>Gemsbokvlakte - Month 7 - 2010-07-14 18:20</name>
            <description>Waterhole: Gemsbokvlakte, Month: 7, Time: 2010-07-14 18:20</description>
            <styleUrl>#month7</styleUrl>
            <Point>
                <coordinates>16.058078,-19.21417847,0</coordinates>
            </Point>
        </Placemark>
        <Placemark>
            <name>Gemsbokvlakte - Month 7 - 2010-07-14 18:40</name>
            <description>Waterhole: Gemsbokvlakte, Month: 7, Time: 2010-07-14 18:40</description>
            <styleUrl>#month7</styleUrl>
            <Point>
                <coordinates>16.05447388,-19.21802979,0</coordinates>
            </Point>
        </Placemark>
        <Placemark>
            <name>Gemsbokvlakte - Month 7 - 2010-07-15 18:40</name>
            <description>Waterhole: Gemsbokvlakte, Month: 7, Time: 2010-07-15 18:40</description>
            <styleUrl>#month7</styleUrl>
            <Point>
                <coordinates>16.05540059,-19.21681519,0</coordinates>
            </Point>
        </Placemark>
        <Placemark>
            <name>Gemsbokvlakte - Month 7 - 2010-07-15 19:00</name>
            <description>Waterhole: Gemsbokvlakte, Month: 7, Time: 2010-07-15 19:00</description>
            <styleUrl>#month7</styleUrl>
            <Point>
                <coordinates>16.05889791,-19.21324463,0</coordinates>
            </Point>
        </Placemark>
        <Placemark>
            <name>Gemsbokvlakte - Month 7 - 2010-07-15 19:20</name>
            <description>Waterhole: Gemsbokvlakte, Month: 7, Time: 2010-07-15 19:20</description>
            <styleUrl>#month7</styleUrl>
            <Point>
                <coordinates>16.05874939,-19.21367391,0</coordinates>
            </Point>
        </Placemark>
        <Placemark>
            <name>Gemsbokvlakte - Month 7 - 2010-07-15 19:40</name>
            <description>Waterhole: Gemsbokvlakte, Month: 7, Time: 2010-07-15 19:40</description>
            <styleUrl>#month7</styleUrl>
            <Point>
                <coordinates>16.05888062,-19.21350301,0</coordinates>
            </Point>
        </Placemark>
        <Placemark>
            <name>Gemsbokvlakte - Month 7 - 2010-07-15 20:00</name>
            <description>Waterhole: Gemsbokvlakte, Month: 7, Time: 2010-07-15 20:00</description>
            <styleUrl>#month7</styleUrl>
            <Point>
                <coordinates>16.05456848,-19.21778361,0</coordinates>
            </Point>
        </Placemark>
        <Placemark>
            <name>Gemsbokvlakte - Month 7 - 2010-07-16 19:40</name>
            <description>Waterhole: Gemsbokvlakte, Month: 7, Time: 2010-07-16 19:40</description>
            <styleUrl>#month7</styleUrl>
            <Point>
                <coordinates>16.05344442,-19.21926066,0</coordinates>
            </Point>
        </Placemark>
        <Placemark>
            <name>Gemsbokvlakte - Month 7 - 2010-07-16 20:00</name>
            <description>Waterhole: Gemsbokvlakte, Month: 7, Time: 2010-07-16 20:00</description>
            <styleUrl>#month7</styleUrl>
            <Point>
                <coordinates>16.05868734,-19.21321411,0</coordinates>
            </Point>
        </Placemark>
        <Placemark>
            <name>Gemsbokvlakte - Month 7 - 2010-07-16 20:20</name>
            <description>Waterhole: Gemsbokvlakte, Month: 7, Time: 2010-07-16 20:20</description>
            <styleUrl>#month7</styleUrl>
            <Point>
                <coordinates>16.05850016,-19.21545614,0</coordinates>
            </Point>
        </Placemark>
        <Placemark>
            <name>Gemsbokvlakte - Month 7 - 2010-07-16 20:40</name>
            <description>Waterhole: Gemsbokvlakte, Month: 7, Time: 2010-07-16 20:40</description>
            <styleUrl>#month7</styleUrl>
            <Point>
                <coordinates>16.05300395,-19.21981608,0</coordinates>
            </Point>
        </Placemark>
        <Placemark>
            <name>Gemsbokvlakte - Month 7 - 2010-07-17 18:20</name>
            <description>Waterhole: Gemsbokvlakte, Month: 7, Time: 2010-07-17 18:20</description>
            <styleUrl>#month7</styleUrl>
            <Point>
                <coordinates>16.05433451,-19.21494344,0</coordinates>
            </Point>
        </Placemark>
        <Placemark>
            <name>Gemsbokvlakte - Month 7 - 2010-07-17 18:40</name>
            <description>Waterhole: Gemsbokvlakte, Month: 7, Time: 2010-07-17 18:40</description>
            <styleUrl>#month7</styleUrl>
            <Point>
                <coordinates>16.05886739,-19.21351115,0</coordinates>
            </Point>
        </Placemark>
        <Placemark>
            <name>Gemsbokvlakte - Month 7 - 2010-07-17 19:00</name>
            <description>Waterhole: Gemsbokvlakte, Month: 7, Time: 2010-07-17 19:00</description>
            <styleUrl>#month7</styleUrl>
            <Point>
                <coordinates>16.05697225,-19.21531169,0</coordinates>
            </Point>
        </Placemark>
        <Placemark>
            <name>Gemsbokvlakte - Month 7 - 2010-07-18 18:00</name>
            <description>Waterhole: Gemsbokvlakte, Month: 7, Time: 2010-07-18 18:00</description>
            <styleUrl>#month7</styleUrl>
            <Point>
                <coordinates>16.05546773,-19.21520386,0</coordinates>
            </Point>
        </Placemark>
        <Placemark>
            <name>Gemsbokvlakte - Month 7 - 2010-07-18 18:20</name>
            <description>Waterhole: Gemsbokvlakte, Month: 7, Time: 2010-07-18 18:20</description>
            <styleUrl>#month7</styleUrl>
            <Point>
                <coordinates>16.05879618,-19.21325684,0</coordinates>
            </Point>
        </Placemark>
        <Placemark>
            <name>Gemsbokvlakte - Month 7 - 2010-07-18 18:40</name>
            <description>Waterhole: Gemsbokvlakte, Month: 7, Time: 2010-07-18 18:40</description>
            <styleUrl>#month7</styleUrl>
            <Point>
                <coordinates>16.05764974,-19.21463826,0</coordinates>
            </Point>
        </Placemark>
        <Placemark>
            <name>Gemsbokvlakte - Month 7 - 2010-07-19 17:00</name>
            <description>Waterhole: Gemsbokvlakte, Month: 7, Time: 2010-07-19 17:00</description>
            <styleUrl>#month7</styleUrl>
            <Point>
                <coordinates>16.05889282,-19.21333415,0</coordinates>
            </Point>
        </Placemark>
        <Placemark>
            <name>Gemsbokvlakte - Month 7 - 2010-07-19 17:20</name>
            <description>Waterhole: Gemsbokvlakte, Month: 7, Time: 2010-07-19 17:20</description>
            <styleUrl>#month7</styleUrl>
            <Point>
                <coordinates>16.05873311,-19.2133728,0</coordinates>
            </Point>
        </Placemark>
        <Placemark>
            <name>Gemsbokvlakte - Month 7 - 2010-07-19 17:40</name>
            <description>Waterhole: Gemsbokvlakte, Month: 7, Time: 2010-07-19 17:40</description>
            <styleUrl>#month7</styleUrl>
            <Point>
                <coordinates>16.05780334,-19.21443888,0</coordinates>
            </Point>
        </Placemark>
        <Placemark>
            <name>Gemsbokvlakte - Month 7 - 2010-07-19 18:00</name>
            <description>Waterhole: Gemsbokvlakte, Month: 7, Time: 2010-07-19 18:00</description>
            <styleUrl>#month7</styleUrl>
            <Point>
                <coordinates>16.05394694,-19.21868286,0</coordinates>
            </Point>
        </Placemark>
        <Placemark>
            <name>Gemsbokvlakte - Month 7 - 2010-07-20 18:40</name>
            <description>Waterhole: Gemsbokvlakte, Month: 7, Time: 2010-07-20 18:40</description>
            <styleUrl>#month7</styleUrl>
            <Point>
                <coordinates>16.05738831,-19.21383057,0</coordinates>
            </Point>
        </Placemark>
        <Placemark>
            <name>Gemsbokvlakte - Month 7 - 2010-07-20 19:00</name>
            <description>Waterhole: Gemsbokvlakte, Month: 7, Time: 2010-07-20 19:00</description>
            <styleUrl>#month7</styleUrl>
            <Point>
                <coordinates>16.05873006,-19.21342977,0</coordinates>
            </Point>
        </Placemark>
        <Placemark>
            <name>Gemsbokvlakte - Month 7 - 2010-07-20 19:20</name>
            <description>Waterhole: Gemsbokvlakte, Month: 7, Time: 2010-07-20 19:20</description>
            <styleUrl>#month7</styleUrl>
            <Point>
                <coordinates>16.05723877,-19.21829427,0</coordinates>
            </Point>
        </Placemark>
        <Placemark>
            <name>Gemsbokvlakte - Month 7 - 2010-07-20 19:40</name>
            <description>Waterhole: Gemsbokvlakte, Month: 7, Time: 2010-07-20 19:40</description>
            <styleUrl>#month7</styleUrl>
            <Point>
                <coordinates>16.05461121,-19.22091675,0</coordinates>
            </Point>
        </Placemark>
        <Placemark>
            <name>Gemsbokvlakte - Month 7 - 2010-07-27 21:00</name>
            <description>Waterhole: Gemsbokvlakte, Month: 7, Time: 2010-07-27 21:00</description>
            <styleUrl>#month7</styleUrl>
            <Point>
                <coordinates>16.05484924,-19.21750692,0</coordinates>
            </Point>
        </Placemark>
        <Placemark>
            <name>Ombika - Month 7 - 2010-07-29 00:20</name>
            <description>Waterhole: Ombika, Month: 7, Time: 2010-07-29 00:20</description>
            <styleUrl>#month7</styleUrl>
            <Point>
                <coordinates>15.94313965,-19.31001994,0</coordinates>
            </Point>
        </Placemark>
        <Placemark>
            <name>Ombika - Month 7 - 2010-07-29 00:40</name>
            <description>Waterhole: Ombika, Month: 7, Time: 2010-07-29 00:40</description>
            <styleUrl>#month7</styleUrl>
            <Point>
                <coordinates>15.94101156,-19.31535441,0</coordinates>
            </Point>
        </Placemark>
        <Placemark>
            <name>Ombika - Month 7 - 2010-07-29 01:00</name>
            <description>Waterhole: Ombika, Month: 7, Time: 2010-07-29 01:00</description>
            <styleUrl>#month7</styleUrl>
            <Point>
                <coordinates>15.94150085,-19.31542358,0</coordinates>
            </Point>
        </Placemark>
        <Placemark>
            <name>Ombika - Month 7 - 2010-07-29 01:20</name>
            <description>Waterhole: Ombika, Month: 7, Time: 2010-07-29 01:20</description>
            <styleUrl>#month7</styleUrl>
            <Point>
                <coordinates>15.94303996,-19.31061401,0</coordinates>
            </Point>
        </Placemark>
        <Placemark>
            <name>Gemsbokvlakte - Month 7 - 2010-07-31 19:40</name>
            <description>Waterhole: Gemsbokvlakte, Month: 7, Time: 2010-07-31 19:40</description>
            <styleUrl>#month7</styleUrl>
            <Point>
                <coordinates>16.05704041,-19.21523844,0</coordinates>
            </Point>
        </Placemark>
        <Placemark>
            <name>Gemsbokvlakte - Month 7 - 2010-07-31 20:00</name>
            <description>Waterhole: Gemsbokvlakte, Month: 7, Time: 2010-07-31 20:00</description>
            <styleUrl>#month7</styleUrl>
            <Point>
                <coordinates>16.05907796,-19.21362305,0</coordinates>
            </Point>
        </Placemark>
        <Placemark>
            <name>Gemsbokvlakte - Month 7 - 2010-07-31 20:20</name>
            <description>Waterhole: Gemsbokvlakte, Month: 7, Time: 2010-07-31 20:20</description>
            <styleUrl>#month7</styleUrl>
            <Point>
                <coordinates>16.05743001,-19.21488037,0</coordinates>
            </Point>
        </Placemark>
        <Placemark>
            <name>Ombika - Month 8 - 2010-08-01 18:00</name>
            <description>Waterhole: Ombika, Month: 8, Time: 2010-08-01 18:00</description>
            <styleUrl>#month8</styleUrl>
            <Point>
                <coordinates>15.94355265,-19.3086141,0</coordinates>
            </Point>
        </Placemark>
        <Placemark>
            <name>Ombika - Month 8 - 2010-08-01 18:20</name>
            <description>Waterhole: Ombika, Month: 8, Time: 2010-08-01 18:20</description>
            <styleUrl>#month8</styleUrl>
            <Point>
                <coordinates>15.94106852,-19.31622721,0</coordinates>
            </Point>
        </Placemark>
        <Placemark>
            <name>Ombika - Month 8 - 2010-08-01 18:40</name>
            <description>Waterhole: Ombika, Month: 8, Time: 2010-08-01 18:40</description>
            <styleUrl>#month8</styleUrl>
            <Point>
                <coordinates>15.94099528,-19.31619873,0</coordinates>
            </Point>
        </Placemark>
        <Placemark>
            <name>Ombika - Month 8 - 2010-08-01 19:00</name>
            <description>Waterhole: Ombika, Month: 8, Time: 2010-08-01 19:00</description>
            <styleUrl>#month8</styleUrl>
            <Point>
                <coordinates>15.942217,-19.31490275,0</coordinates>
            </Point>
        </Placemark>
        <Placemark>
            <name>Ombika - Month 8 - 2010-08-01 19:20</name>
            <description>Waterhole: Ombika, Month: 8, Time: 2010-08-01 19:20</description>
            <styleUrl>#month8</styleUrl>
            <Point>
                <coordinates>15.94276733,-19.31130168,0</coordinates>
            </Point>
        </Placemark>
        <Placemark>
            <name>Ombika - Month 8 - 2010-08-01 19:40</name>
            <description>Waterhole: Ombika, Month: 8, Time: 2010-08-01 19:40</description>
            <styleUrl>#month8</styleUrl>
            <Point>
                <coordinates>15.9429189,-19.30787964,0</coordinates>
            </Point>
        </Placemark>
        <Placemark>
            <name>Ombika - Month 8 - 2010-08-02 23:00</name>
            <description>Waterhole: Ombika, Month: 8, Time: 2010-08-02 23:00</description>
            <styleUrl>#month8</styleUrl>
            <Point>
                <coordinates>15.93945719,-19.30984701,0</coordinates>
            </Point>
        </Placemark>
        <Placemark>
            <name>Ombika - Month 8 - 2010-08-02 23:20</name>
            <description>Waterhole: Ombika, Month: 8, Time: 2010-08-02 23:20</description>
            <styleUrl>#month8</styleUrl>
            <Point>
                <coordinates>15.94108276,-19.31622111,0</coordinates>
            </Point>
        </Placemark>
        <Placemark>
            <name>Ombika - Month 8 - 2010-08-02 23:40</name>
            <description>Waterhole: Ombika, Month: 8, Time: 2010-08-02 23:40</description>
            <styleUrl>#month8</styleUrl>
            <Point>
                <coordinates>15.94118754,-19.31352132,0</coordinates>
            </Point>
        </Placemark>
        <Placemark>
            <name>Ombika - Month 8 - 2010-08-03 00:00</name>
            <description>Waterhole: Ombika, Month: 8, Time: 2010-08-03 00:00</description>
            <styleUrl>#month8</styleUrl>
            <Point>
                <coordinates>15.9404307,-19.30903727,0</coordinates>
            </Point>
        </Placemark>
        <Placemark>
            <name>Ombika - Month 8 - 2010-08-04 02:40</name>
            <description>Waterhole: Ombika, Month: 8, Time: 2010-08-04 02:40</description>
            <styleUrl>#month8</styleUrl>
            <Point>
                <coordinates>15.93892619,-19.30789591,0</coordinates>
            </Point>
        </Placemark>
        <Placemark>
            <name>Ombika - Month 8 - 2010-08-04 03:00</name>
            <description>Waterhole: Ombika, Month: 8, Time: 2010-08-04 03:00</description>
            <styleUrl>#month8</styleUrl>
            <Point>
                <coordinates>15.94104106,-19.31621297,0</coordinates>
            </Point>
        </Placemark>
        <Placemark>
            <name>Ombika - Month 8 - 2010-08-04 03:20</name>
            <description>Waterhole: Ombika, Month: 8, Time: 2010-08-04 03:20</description>
            <styleUrl>#month8</styleUrl>
            <Point>
                <coordinates>15.94177958,-19.3142985,0</coordinates>
            </Point>
        </Placemark>
        <Placemark>
            <name>Ombika - Month 8 - 2010-08-04 03:40</name>
            <description>Waterhole: Ombika, Month: 8, Time: 2010-08-04 03:40</description>
            <styleUrl>#month8</styleUrl>
            <Point>
                <coordinates>15.9436554,-19.30786336,0</coordinates>
            </Point>
        </Placemark>
        <Placemark>
            <name>Ombika - Month 8 - 2010-08-04 20:20</name>
            <description>Waterhole: Ombika, Month: 8, Time: 2010-08-04 20:20</description>
            <styleUrl>#month8</styleUrl>
            <Point>
                <coordinates>15.94152222,-19.31493123,0</coordinates>
            </Point>
        </Placemark>
        <Placemark>
            <name>Ombika - Month 8 - 2010-08-04 20:40</name>
            <description>Waterhole: Ombika, Month: 8, Time: 2010-08-04 20:40</description>
            <styleUrl>#month8</styleUrl>
            <Point>
                <coordinates>15.94108073,-19.31615397,0</coordinates>
            </Point>
        </Placemark>
        <Placemark>
            <name>Ombika - Month 8 - 2010-08-04 21:00</name>
            <description>Waterhole: Ombika, Month: 8, Time: 2010-08-04 21:00</description>
            <styleUrl>#month8</styleUrl>
            <Point>
                <coordinates>15.94101664,-19.31619873,0</coordinates>
            </Point>
        </Placemark>
        <Placemark>
            <name>Ombika - Month 8 - 2010-08-04 21:20</name>
            <description>Waterhole: Ombika, Month: 8, Time: 2010-08-04 21:20</description>
            <styleUrl>#month8</styleUrl>
            <Point>
                <coordinates>15.94109599,-19.31623128,0</coordinates>
            </Point>
        </Placemark>
        <Placemark>
            <name>Ombika - Month 8 - 2010-08-04 21:40</name>
            <description>Waterhole: Ombika, Month: 8, Time: 2010-08-04 21:40</description>
            <styleUrl>#month8</styleUrl>
            <Point>
                <coordinates>15.93846842,-19.31550496,0</coordinates>
            </Point>
        </Placemark>
        <Placemark>
            <name>Ombika - Month 8 - 2010-08-04 22:00</name>
            <description>Waterhole: Ombika, Month: 8, Time: 2010-08-04 22:00</description>
            <styleUrl>#month8</styleUrl>
            <Point>
                <coordinates>15.93549805,-19.31296387,0</coordinates>
            </Point>
        </Placemark>
        <Placemark>
            <name>Ombika - Month 8 - 2010-08-04 22:20</name>
            <description>Waterhole: Ombika, Month: 8, Time: 2010-08-04 22:20</description>
            <styleUrl>#month8</styleUrl>
            <Point>
                <coordinates>15.934375,-19.31098429,0</coordinates>
            </Point>
        </Placemark>
        <Placemark>
            <name>Ombika - Month 8 - 2010-08-05 18:00</name>
            <description>Waterhole: Ombika, Month: 8, Time: 2010-08-05 18:00</description>
            <styleUrl>#month8</styleUrl>
            <Point>
                <coordinates>15.94027608,-19.31096802,0</coordinates>
            </Point>
        </Placemark>
        <Placemark>
            <name>Ombika - Month 8 - 2010-08-05 18:20</name>
            <description>Waterhole: Ombika, Month: 8, Time: 2010-08-05 18:20</description>
            <styleUrl>#month8</styleUrl>
            <Point>
                <coordinates>15.94108378,-19.31624146,0</coordinates>
            </Point>
        </Placemark>
        <Placemark>
            <name>Ombika - Month 8 - 2010-08-05 18:40</name>
            <description>Waterhole: Ombika, Month: 8, Time: 2010-08-05 18:40</description>
            <styleUrl>#month8</styleUrl>
            <Point>
                <coordinates>15.94109599,-19.31612142,0</coordinates>
            </Point>
        </Placemark>
        <Placemark>
            <name>Ombika - Month 8 - 2010-08-05 19:00</name>
            <description>Waterhole: Ombika, Month: 8, Time: 2010-08-05 19:00</description>
            <styleUrl>#month8</styleUrl>
            <Point>
                <coordinates>15.94130249,-19.31594645,0</coordinates>
            </Point>
        </Placemark>
        <Placemark>
            <name>Ombika - Month 8 - 2010-08-05 19:20</name>
            <description>Waterhole: Ombika, Month: 8, Time: 2010-08-05 19:20</description>
            <styleUrl>#month8</styleUrl>
            <Point>
                <coordinates>15.943455,-19.30892741,0</coordinates>
            </Point>
        </Placemark>
        <Placemark>
            <name>Ombika - Month 8 - 2010-08-06 14:00</name>
            <description>Waterhole: Ombika, Month: 8, Time: 2010-08-06 14:00</description>
            <styleUrl>#month8</styleUrl>
            <Point>
                <coordinates>15.94316711,-19.3101888,0</coordinates>
            </Point>
        </Placemark>
        <Placemark>
            <name>Ombika - Month 8 - 2010-08-06 14:20</name>
            <description>Waterhole: Ombika, Month: 8, Time: 2010-08-06 14:20</description>
            <styleUrl>#month8</styleUrl>
            <Point>
                <coordinates>15.9413503,-19.31600138,0</coordinates>
            </Point>
        </Placemark>
        <Placemark>
            <name>Ombika - Month 8 - 2010-08-06 14:40</name>
            <description>Waterhole: Ombika, Month: 8, Time: 2010-08-06 14:40</description>
            <styleUrl>#month8</styleUrl>
            <Point>
                <coordinates>15.94148254,-19.31607259,0</coordinates>
            </Point>
        </Placemark>
        <Placemark>
            <name>Ombika - Month 8 - 2010-08-06 15:00</name>
            <description>Waterhole: Ombika, Month: 8, Time: 2010-08-06 15:00</description>
            <styleUrl>#month8</styleUrl>
            <Point>
                <coordinates>15.94143677,-19.31612956,0</coordinates>
            </Point>
        </Placemark>
        <Placemark>
            <name>Ombika - Month 8 - 2010-08-06 15:20</name>
            <description>Waterhole: Ombika, Month: 8, Time: 2010-08-06 15:20</description>
            <styleUrl>#month8</styleUrl>
            <Point>
                <coordinates>15.9413208,-19.31611735,0</coordinates>
            </Point>
        </Placemark>
        <Placemark>
            <name>Ombika - Month 8 - 2010-08-06 15:40</name>
            <description>Waterhole: Ombika, Month: 8, Time: 2010-08-06 15:40</description>
            <styleUrl>#month8</styleUrl>
            <Point>
                <coordinates>15.94128723,-19.31611938,0</coordinates>
            </Point>
        </Placemark>
        <Placemark>
            <name>Ombika - Month 8 - 2010-08-06 16:00</name>
            <description>Waterhole: Ombika, Month: 8, Time: 2010-08-06 16:00</description>
            <styleUrl>#month8</styleUrl>
            <Point>
                <coordinates>15.94125773,-19.3161499,0</coordinates>
            </Point>
        </Placemark>
        <Placemark>
            <name>Ombika - Month 8 - 2010-08-06 16:20</name>
            <description>Waterhole: Ombika, Month: 8, Time: 2010-08-06 16:20</description>
            <styleUrl>#month8</styleUrl>
            <Point>
                <coordinates>15.94131978,-19.31612956,0</coordinates>
            </Point>
        </Placemark>
        <Placemark>
            <name>Ombika - Month 8 - 2010-08-06 16:40</name>
            <description>Waterhole: Ombika, Month: 8, Time: 2010-08-06 16:40</description>
            <styleUrl>#month8</styleUrl>
            <Point>
                <coordinates>15.94128723,-19.31600342,0</coordinates>
            </Point>
        </Placemark>
        <Placemark>
            <name>Ombika - Month 8 - 2010-08-06 17:00</name>
            <description>Waterhole: Ombika, Month: 8, Time: 2010-08-06 17:00</description>
            <styleUrl>#month8</styleUrl>
            <Point>
                <coordinates>15.94146016,-19.31612956,0</coordinates>
            </Point>
        </Placemark>
        <Placemark>
            <name>Ombika - Month 8 - 2010-08-06 17:20</name>
            <description>Waterhole: Ombika, Month: 8, Time: 2010-08-06 17:20</description>
            <styleUrl>#month8</styleUrl>
            <Point>
                <coordinates>15.94098002,-19.31616007,0</coordinates>
            </Point>
        </Placemark>
        <Placemark>
            <name>Ombika - Month 8 - 2010-08-06 17:40</name>
            <description>Waterhole: Ombika, Month: 8, Time: 2010-08-06 17:40</description>
            <styleUrl>#month8</styleUrl>
            <Point>
                <coordinates>15.94124349,-19.31606445,0</coordinates>
            </Point>
        </Placemark>
        <Placemark>
            <name>Ombika - Month 8 - 2010-08-06 18:00</name>
            <description>Waterhole: Ombika, Month: 8, Time: 2010-08-06 18:00</description>
            <styleUrl>#month8</styleUrl>
            <Point>
                <coordinates>15.94242859,-19.31514079,0</coordinates>
            </Point>
        </Placemark>
        <Placemark>
            <name>Ombika - Month 8 - 2010-08-06 18:20</name>
            <description>Waterhole: Ombika, Month: 8, Time: 2010-08-06 18:20</description>
            <styleUrl>#month8</styleUrl>
            <Point>
                <coordinates>15.94380697,-19.31370239,0</coordinates>
            </Point>
        </Placemark>
        <Placemark>
            <name>Ombika - Month 8 - 2010-08-06 18:40</name>
            <description>Waterhole: Ombika, Month: 8, Time: 2010-08-06 18:40</description>
            <styleUrl>#month8</styleUrl>
            <Point>
                <coordinates>15.94434713,-19.31285807,0</coordinates>
            </Point>
        </Placemark>
        <Placemark>
            <name>Ombika - Month 8 - 2010-08-06 19:00</name>
            <description>Waterhole: Ombika, Month: 8, Time: 2010-08-06 19:00</description>
            <styleUrl>#month8</styleUrl>
            <Point>
                <coordinates>15.94512736,-19.31172689,0</coordinates>
            </Point>
        </Placemark>
        <Placemark>
            <name>Ombika - Month 8 - 2010-08-06 19:20</name>
            <description>Waterhole: Ombika, Month: 8, Time: 2010-08-06 19:20</description>
            <styleUrl>#month8</styleUrl>
            <Point>
                <coordinates>15.94558919,-19.30982869,0</coordinates>
            </Point>
        </Placemark>
        <Placemark>
            <name>Gemsbokvlakte - Month 8 - 2010-08-18 17:40</name>
            <description>Waterhole: Gemsbokvlakte, Month: 8, Time: 2010-08-18 17:40</description>
            <styleUrl>#month8</styleUrl>
            <Point>
                <coordinates>16.05845947,-19.21248372,0</coordinates>
            </Point>
        </Placemark>
        <Placemark>
            <name>Gemsbokvlakte - Month 8 - 2010-08-18 18:00</name>
            <description>Waterhole: Gemsbokvlakte, Month: 8, Time: 2010-08-18 18:00</description>
            <styleUrl>#month8</styleUrl>
            <Point>
                <coordinates>16.06029765,-19.21219279,0</coordinates>
            </Point>
        </Placemark>
        <Placemark>
            <name>Gemsbokvlakte - Month 8 - 2010-08-18 18:20</name>
            <description>Waterhole: Gemsbokvlakte, Month: 8, Time: 2010-08-18 18:20</description>
            <styleUrl>#month8</styleUrl>
            <Point>
                <coordinates>16.06467692,-19.20695801,0</coordinates>
            </Point>
        </Placemark>
        <Placemark>
            <name>Gemsbokvlakte - Month 8 - 2010-08-19 17:20</name>
            <description>Waterhole: Gemsbokvlakte, Month: 8, Time: 2010-08-19 17:20</description>
            <styleUrl>#month8</styleUrl>
            <Point>
                <coordinates>16.06318665,-19.20733032,0</coordinates>
            </Point>
        </Placemark>
        <Placemark>
            <name>Gemsbokvlakte - Month 8 - 2010-08-19 17:40</name>
            <description>Waterhole: Gemsbokvlakte, Month: 8, Time: 2010-08-19 17:40</description>
            <styleUrl>#month8</styleUrl>
            <Point>
                <coordinates>16.0587321,-19.21340942,0</coordinates>
            </Point>
        </Placemark>
        <Placemark>
            <name>Gemsbokvlakte - Month 8 - 2010-08-19 18:00</name>
            <description>Waterhole: Gemsbokvlakte, Month: 8, Time: 2010-08-19 18:00</description>
            <styleUrl>#month8</styleUrl>
            <Point>
                <coordinates>16.05894368,-19.21358846,0</coordinates>
            </Point>
        </Placemark>
        <Placemark>
            <name>Gemsbokvlakte - Month 8 - 2010-08-19 18:20</name>
            <description>Waterhole: Gemsbokvlakte, Month: 8, Time: 2010-08-19 18:20</description>
            <styleUrl>#month8</styleUrl>
            <Point>
                <coordinates>16.05932821,-19.212913,0</coordinates>
            </Point>
        </Placemark>
        <Placemark>
            <name>Gemsbokvlakte - Month 8 - 2010-08-19 18:40</name>
            <description>Waterhole: Gemsbokvlakte, Month: 8, Time: 2010-08-19 18:40</description>
            <styleUrl>#month8</styleUrl>
            <Point>
                <coordinates>16.06448771,-19.20873617,0</coordinates>
            </Point>
        </Placemark>
        <Placemark>
            <name>Gemsbokvlakte - Month 8 - 2010-08-20 22:00</name>
            <description>Waterhole: Gemsbokvlakte, Month: 8, Time: 2010-08-20 22:00</description>
            <styleUrl>#month8</styleUrl>
            <Point>
                <coordinates>16.06166992,-19.20756632,0</coordinates>
            </Point>
        </Placemark>
        <Placemark>
            <name>Gemsbokvlakte - Month 8 - 2010-08-20 22:20</name>
            <description>Waterhole: Gemsbokvlakte, Month: 8, Time: 2010-08-20 22:20</description>
            <styleUrl>#month8</styleUrl>
            <Point>
                <coordinates>16.05889587,-19.21324259,0</coordinates>
            </Point>
        </Placemark>
        <Placemark>
            <name>Gemsbokvlakte - Month 8 - 2010-08-20 22:40</name>
            <description>Waterhole: Gemsbokvlakte, Month: 8, Time: 2010-08-20 22:40</description>
            <styleUrl>#month8</styleUrl>
            <Point>
                <coordinates>16.06229655,-19.21067301,0</coordinates>
            </Point>
        </Placemark>
        <Placemark>
            <name>Gemsbokvlakte - Month 8 - 2010-08-21 18:20</name>
            <description>Waterhole: Gemsbokvlakte, Month: 8, Time: 2010-08-21 18:20</description>
            <styleUrl>#month8</styleUrl>
            <Point>
                <coordinates>16.0644399,-19.2089152,0</coordinates>
            </Point>
        </Placemark>
        <Placemark>
            <name>Gemsbokvlakte - Month 8 - 2010-08-21 18:40</name>
            <description>Waterhole: Gemsbokvlakte, Month: 8, Time: 2010-08-21 18:40</description>
            <styleUrl>#month8</styleUrl>
            <Point>
                <coordinates>16.05880025,-19.21322835,0</coordinates>
            </Point>
        </Placemark>
        <Placemark>
            <name>Gemsbokvlakte - Month 8 - 2010-08-21 19:00</name>
            <description>Waterhole: Gemsbokvlakte, Month: 8, Time: 2010-08-21 19:00</description>
            <styleUrl>#month8</styleUrl>
            <Point>
                <coordinates>16.05873108,-19.21340535,0</coordinates>
            </Point>
        </Placemark>
        <Placemark>
            <name>Gemsbokvlakte - Month 8 - 2010-08-21 19:20</name>
            <description>Waterhole: Gemsbokvlakte, Month: 8, Time: 2010-08-21 19:20</description>
            <styleUrl>#month8</styleUrl>
            <Point>
                <coordinates>16.05883993,-19.2131958,0</coordinates>
            </Point>
        </Placemark>
        <Placemark>
            <name>Gemsbokvlakte - Month 8 - 2010-08-21 19:40</name>
            <description>Waterhole: Gemsbokvlakte, Month: 8, Time: 2010-08-21 19:40</description>
            <styleUrl>#month8</styleUrl>
            <Point>
                <coordinates>16.06139526,-19.20831706,0</coordinates>
            </Point>
        </Placemark>
        <Placemark>
            <name>Gemsbokvlakte - Month 8 - 2010-08-22 17:00</name>
            <description>Waterhole: Gemsbokvlakte, Month: 8, Time: 2010-08-22 17:00</description>
            <styleUrl>#month8</styleUrl>
            <Point>
                <coordinates>16.06207275,-19.21164347,0</coordinates>
            </Point>
        </Placemark>
        <Placemark>
            <name>Gemsbokvlakte - Month 8 - 2010-08-22 17:20</name>
            <description>Waterhole: Gemsbokvlakte, Month: 8, Time: 2010-08-22 17:20</description>
            <styleUrl>#month8</styleUrl>
            <Point>
                <coordinates>16.06138814,-19.21465861,0</coordinates>
            </Point>
        </Placemark>
        <Placemark>
            <name>Olifantsbad Waterhole - Month 8 - 2010-08-22 22:40</name>
            <description>Waterhole: Olifantsbad Waterhole, Month: 8, Time: 2010-08-22 22:40</description>
            <styleUrl>#month8</styleUrl>
            <Point>
                <coordinates>16.12587179,-19.23422852,0</coordinates>
            </Point>
        </Placemark>
        <Placemark>
            <name>Olifantsbad Waterhole - Month 8 - 2010-08-22 23:00</name>
            <description>Waterhole: Olifantsbad Waterhole, Month: 8, Time: 2010-08-22 23:00</description>
            <styleUrl>#month8</styleUrl>
            <Point>
                <coordinates>16.13165385,-19.23866984,0</coordinates>
            </Point>
        </Placemark>
        <Placemark>
            <name>Olifantsbad Waterhole - Month 8 - 2010-08-22 23:20</name>
            <description>Waterhole: Olifantsbad Waterhole, Month: 8, Time: 2010-08-22 23:20</description>
            <styleUrl>#month8</styleUrl>
            <Point>
                <coordinates>16.13091227,-19.23578695,0</coordinates>
            </Point>
        </Placemark>
        <Placemark>
            <name>Olifantsbad Waterhole - Month 8 - 2010-08-22 23:40</name>
            <description>Waterhole: Olifantsbad Waterhole, Month: 8, Time: 2010-08-22 23:40</description>
            <styleUrl>#month8</styleUrl>
            <Point>
                <coordinates>16.12935384,-19.23270671,0</coordinates>
            </Point>
        </Placemark>
        <Placemark>
            <name>Olifantsbad Waterhole - Month 8 - 2010-08-23 00:00</name>
            <description>Waterhole: Olifantsbad Waterhole, Month: 8, Time: 2010-08-23 00:00</description>
            <styleUrl>#month8</styleUrl>
            <Point>
                <coordinates>16.12829386,-19.231486,0</coordinates>
            </Point>
        </Placemark>
        <Placemark>
            <name>Olifantsbad Waterhole - Month 8 - 2010-08-23 09:20</name>
            <description>Waterhole: Olifantsbad Waterhole, Month: 8, Time: 2010-08-23 09:20</description>
            <styleUrl>#month8</styleUrl>
            <Point>
                <coordinates>16.12452494,-19.23247274,0</coordinates>
            </Point>
        </Placemark>
        <Placemark>
            <name>Olifantsbad Waterhole - Month 8 - 2010-08-23 09:40</name>
            <description>Waterhole: Olifantsbad Waterhole, Month: 8, Time: 2010-08-23 09:40</description>
            <styleUrl>#month8</styleUrl>
            <Point>
                <coordinates>16.12607524,-19.23511149,0</coordinates>
            </Point>
        </Placemark>
        <Placemark>
            <name>Olifantsbad Waterhole - Month 8 - 2010-08-23 10:00</name>
            <description>Waterhole: Olifantsbad Waterhole, Month: 8, Time: 2010-08-23 10:00</description>
            <styleUrl>#month8</styleUrl>
            <Point>
                <coordinates>16.12754618,-19.23562622,0</coordinates>
            </Point>
        </Placemark>
        <Placemark>
            <name>Olifantsbad Waterhole - Month 8 - 2010-08-23 10:20</name>
            <description>Waterhole: Olifantsbad Waterhole, Month: 8, Time: 2010-08-23 10:20</description>
            <styleUrl>#month8</styleUrl>
            <Point>
                <coordinates>16.13177694,-19.2387736,0</coordinates>
            </Point>
        </Placemark>
        <Placemark>
            <name>Olifantsbad Waterhole - Month 8 - 2010-08-23 10:40</name>
            <description>Waterhole: Olifantsbad Waterhole, Month: 8, Time: 2010-08-23 10:40</description>
            <styleUrl>#month8</styleUrl>
            <Point>
                <coordinates>16.13184814,-19.23781942,0</coordinates>
            </Point>
        </Placemark>
        <Placemark>
            <name>Olifantsbad Waterhole - Month 8 - 2010-08-23 11:00</name>
            <description>Waterhole: Olifantsbad Waterhole, Month: 8, Time: 2010-08-23 11:00</description>
            <styleUrl>#month8</styleUrl>
            <Point>
                <coordinates>16.13239237,-19.23674316,0</coordinates>
            </Point>
        </Placemark>
        <Placemark>
            <name>Olifantsbad Waterhole - Month 8 - 2010-08-23 11:20</name>
            <description>Waterhole: Olifantsbad Waterhole, Month: 8, Time: 2010-08-23 11:20</description>
            <styleUrl>#month8</styleUrl>
            <Point>
                <coordinates>16.13357646,-19.23543091,0</coordinates>
            </Point>
        </Placemark>
        <Placemark>
            <name>Olifantsbad Waterhole - Month 8 - 2010-08-23 11:40</name>
            <description>Waterhole: Olifantsbad Waterhole, Month: 8, Time: 2010-08-23 11:40</description>
            <styleUrl>#month8</styleUrl>
            <Point>
                <coordinates>16.13340759,-19.23572591,0</coordinates>
            </Point>
        </Placemark>
        <Placemark>
            <name>Olifantsbad Waterhole - Month 8 - 2010-08-23 12:00</name>
            <description>Waterhole: Olifantsbad Waterhole, Month: 8, Time: 2010-08-23 12:00</description>
            <styleUrl>#month8</styleUrl>
            <Point>
                <coordinates>16.13341777,-19.2357076,0</coordinates>
            </Point>
        </Placemark>
        <Placemark>
            <name>Olifantsbad Waterhole - Month 8 - 2010-08-23 12:20</name>
            <description>Waterhole: Olifantsbad Waterhole, Month: 8, Time: 2010-08-23 12:20</description>
            <styleUrl>#month8</styleUrl>
            <Point>
                <coordinates>16.13341166,-19.23567912,0</coordinates>
            </Point>
        </Placemark>
        <Placemark>
            <name>Olifantsbad Waterhole - Month 8 - 2010-08-23 12:40</name>
            <description>Waterhole: Olifantsbad Waterhole, Month: 8, Time: 2010-08-23 12:40</description>
            <styleUrl>#month8</styleUrl>
            <Point>
                <coordinates>16.1334259,-19.23570964,0</coordinates>
            </Point>
        </Placemark>
        <Placemark>
            <name>Olifantsbad Waterhole - Month 8 - 2010-08-23 13:00</name>
            <description>Waterhole: Olifantsbad Waterhole, Month: 8, Time: 2010-08-23 13:00</description>
            <styleUrl>#month8</styleUrl>
            <Point>
                <coordinates>16.13341573,-19.23569539,0</coordinates>
            </Point>
        </Placemark>
        <Placemark>
            <name>Olifantsbad Waterhole - Month 8 - 2010-08-23 13:20</name>
            <description>Waterhole: Olifantsbad Waterhole, Month: 8, Time: 2010-08-23 13:20</description>
            <styleUrl>#month8</styleUrl>
            <Point>
                <coordinates>16.13341878,-19.23570557,0</coordinates>
            </Point>
        </Placemark>
        <Placemark>
            <name>Olifantsbad Waterhole - Month 8 - 2010-08-23 13:40</name>
            <description>Waterhole: Olifantsbad Waterhole, Month: 8, Time: 2010-08-23 13:40</description>
            <styleUrl>#month8</styleUrl>
            <Point>
                <coordinates>16.13284912,-19.23464762,0</coordinates>
            </Point>
        </Placemark>
        <Placemark>
            <name>Olifantsbad Waterhole - Month 8 - 2010-08-23 14:00</name>
            <description>Waterhole: Olifantsbad Waterhole, Month: 8, Time: 2010-08-23 14:00</description>
            <styleUrl>#month8</styleUrl>
            <Point>
                <coordinates>16.13250427,-19.23353271,0</coordinates>
            </Point>
        </Placemark>
        <Placemark>
            <name>Olifantsbad Waterhole - Month 8 - 2010-08-23 14:20</name>
            <description>Waterhole: Olifantsbad Waterhole, Month: 8, Time: 2010-08-23 14:20</description>
            <styleUrl>#month8</styleUrl>
            <Point>
                <coordinates>16.13182475,-19.23297119,0</coordinates>
            </Point>
        </Placemark>
        <Placemark>
            <name>Olifantsbad Waterhole - Month 8 - 2010-08-23 14:40</name>
            <description>Waterhole: Olifantsbad Waterhole, Month: 8, Time: 2010-08-23 14:40</description>
            <styleUrl>#month8</styleUrl>
            <Point>
                <coordinates>16.13146464,-19.23286743,0</coordinates>
            </Point>
        </Placemark>
        <Placemark>
            <name>Olifantsbad Waterhole - Month 8 - 2010-08-23 15:00</name>
            <description>Waterhole: Olifantsbad Waterhole, Month: 8, Time: 2010-08-23 15:00</description>
            <styleUrl>#month8</styleUrl>
            <Point>
                <coordinates>16.13025411,-19.23248901,0</coordinates>
            </Point>
        </Placemark>
        <Placemark>
            <name>Olifantsbad Waterhole - Month 8 - 2010-08-23 15:20</name>
            <description>Waterhole: Olifantsbad Waterhole, Month: 8, Time: 2010-08-23 15:20</description>
            <styleUrl>#month8</styleUrl>
            <Point>
                <coordinates>16.12982076,-19.23199666,0</coordinates>
            </Point>
        </Placemark>
        <Placemark>
            <name>Olifantsbad Waterhole - Month 8 - 2010-08-23 15:40</name>
            <description>Waterhole: Olifantsbad Waterhole, Month: 8, Time: 2010-08-23 15:40</description>
            <styleUrl>#month8</styleUrl>
            <Point>
                <coordinates>16.12943319,-19.23153076,0</coordinates>
            </Point>
        </Placemark>
        <Placemark>
            <name>Gemsbokvlakte - Month 8 - 2010-08-24 17:00</name>
            <description>Waterhole: Gemsbokvlakte, Month: 8, Time: 2010-08-24 17:00</description>
            <styleUrl>#month8</styleUrl>
            <Point>
                <coordinates>16.06522013,-19.21445923,0</coordinates>
            </Point>
        </Placemark>
        <Placemark>
            <name>Gemsbokvlakte - Month 8 - 2010-08-24 17:20</name>
            <description>Waterhole: Gemsbokvlakte, Month: 8, Time: 2010-08-24 17:20</description>
            <styleUrl>#month8</styleUrl>
            <Point>
                <coordinates>16.05884298,-19.21326294,0</coordinates>
            </Point>
        </Placemark>
        <Placemark>
            <name>Gemsbokvlakte - Month 8 - 2010-08-24 17:40</name>
            <description>Waterhole: Gemsbokvlakte, Month: 8, Time: 2010-08-24 17:40</description>
            <styleUrl>#month8</styleUrl>
            <Point>
                <coordinates>16.05870667,-19.21334025,0</coordinates>
            </Point>
        </Placemark>
        <Placemark>
            <name>Gemsbokvlakte - Month 8 - 2010-08-24 18:00</name>
            <description>Waterhole: Gemsbokvlakte, Month: 8, Time: 2010-08-24 18:00</description>
            <styleUrl>#month8</styleUrl>
            <Point>
                <coordinates>16.05865275,-19.21359863,0</coordinates>
            </Point>
        </Placemark>
        <Placemark>
            <name>Gemsbokvlakte - Month 8 - 2010-08-24 18:20</name>
            <description>Waterhole: Gemsbokvlakte, Month: 8, Time: 2010-08-24 18:20</description>
            <styleUrl>#month8</styleUrl>
            <Point>
                <coordinates>16.05882772,-19.21348674,0</coordinates>
            </Point>
        </Placemark>
        <Placemark>
            <name>Gemsbokvlakte - Month 8 - 2010-08-24 18:40</name>
            <description>Waterhole: Gemsbokvlakte, Month: 8, Time: 2010-08-24 18:40</description>
            <styleUrl>#month8</styleUrl>
            <Point>
                <coordinates>16.05883179,-19.21346639,0</coordinates>
            </Point>
        </Placemark>
        <Placemark>
            <name>Gemsbokvlakte - Month 8 - 2010-08-24 19:00</name>
            <description>Waterhole: Gemsbokvlakte, Month: 8, Time: 2010-08-24 19:00</description>
            <styleUrl>#month8</styleUrl>
            <Point>
                <coordinates>16.06099141,-19.20722453,0</coordinates>
            </Point>
        </Placemark>
        <Placemark>
            <name>Ombika - Month 8 - 2010-08-31 17:00</name>
            <description>Waterhole: Ombika, Month: 8, Time: 2010-08-31 17:00</description>
            <styleUrl>#month8</styleUrl>
            <Point>
                <coordinates>15.94101461,-19.31631673,0</coordinates>
            </Point>
        </Placemark>
        <Placemark>
            <name>Ombika - Month 8 - 2010-08-31 17:20</name>
            <description>Waterhole: Ombika, Month: 8, Time: 2010-08-31 17:20</description>
            <styleUrl>#month8</styleUrl>
            <Point>
                <coordinates>15.94100647,-19.31622111,0</coordinates>
            </Point>
        </Placemark>
        <Placemark>
            <name>Ombika - Month 8 - 2010-08-31 17:40</name>
            <description>Waterhole: Ombika, Month: 8, Time: 2010-08-31 17:40</description>
            <styleUrl>#month8</styleUrl>
            <Point>
                <coordinates>15.9413503,-19.31599121,0</coordinates>
            </Point>
        </Placemark>
        <Placemark>
            <name>Ombika - Month 8 - 2010-08-31 18:00</name>
            <description>Waterhole: Ombika, Month: 8, Time: 2010-08-31 18:00</description>
            <styleUrl>#month8</styleUrl>
            <Point>
                <coordinates>15.94110413,-19.31604004,0</coordinates>
            </Point>
        </Placemark>
        <Placemark>
            <name>Ombika - Month 8 - 2010-08-31 18:20</name>
            <description>Waterhole: Ombika, Month: 8, Time: 2010-08-31 18:20</description>
            <styleUrl>#month8</styleUrl>
            <Point>
                <coordinates>15.94125773,-19.3160909,0</coordinates>
            </Point>
        </Placemark>
        <Placemark>
            <name>Ombika - Month 8 - 2010-08-31 18:40</name>
            <description>Waterhole: Ombika, Month: 8, Time: 2010-08-31 18:40</description>
            <styleUrl>#month8</styleUrl>
            <Point>
                <coordinates>15.94138489,-19.31587118,0</coordinates>
            </Point>
        </Placemark>
        <Placemark>
            <name>Ombika - Month 8 - 2010-08-31 19:00</name>
            <description>Waterhole: Ombika, Month: 8, Time: 2010-08-31 19:00</description>
            <styleUrl>#month8</styleUrl>
            <Point>
                <coordinates>15.94135335,-19.31582438,0</coordinates>
            </Point>
        </Placemark>
        <Placemark>
            <name>Ombika - Month 8 - 2010-08-31 19:20</name>
            <description>Waterhole: Ombika, Month: 8, Time: 2010-08-31 19:20</description>
            <styleUrl>#month8</styleUrl>
            <Point>
                <coordinates>15.94112142,-19.31617839,0</coordinates>
            </Point>
        </Placemark>
        <Placemark>
            <name>Ombika - Month 8 - 2010-08-31 19:40</name>
            <description>Waterhole: Ombika, Month: 8, Time: 2010-08-31 19:40</description>
            <styleUrl>#month8</styleUrl>
            <Point>
                <coordinates>15.94113464,-19.31597493,0</coordinates>
            </Point>
        </Placemark>
        <Placemark>
            <name>Ombika - Month 8 - 2010-08-31 20:00</name>
            <description>Waterhole: Ombika, Month: 8, Time: 2010-08-31 20:00</description>
            <styleUrl>#month8</styleUrl>
            <Point>
                <coordinates>15.94250387,-19.31321208,0</coordinates>
            </Point>
        </Placemark>
        <Placemark>
            <name>Ombika - Month 8 - 2010-08-31 20:20</name>
            <description>Waterhole: Ombika, Month: 8, Time: 2010-08-31 20:20</description>
            <styleUrl>#month8</styleUrl>
            <Point>
                <coordinates>15.94293518,-19.3119812,0</coordinates>
            </Point>
        </Placemark>
        <Placemark>
            <name>Gemsbokvlakte - Month 9 - 2010-09-01 20:40</name>
            <description>Waterhole: Gemsbokvlakte, Month: 9, Time: 2010-09-01 20:40</description>
            <styleUrl>#month9</styleUrl>
            <Point>
                <coordinates>16.05330404,-19.21511027,0</coordinates>
            </Point>
        </Placemark>
        <Placemark>
            <name>Gemsbokvlakte - Month 9 - 2010-09-01 21:00</name>
            <description>Waterhole: Gemsbokvlakte, Month: 9, Time: 2010-09-01 21:00</description>
            <styleUrl>#month9</styleUrl>
            <Point>
                <coordinates>16.05880127,-19.21318766,0</coordinates>
            </Point>
        </Placemark>
        <Placemark>
            <name>Gemsbokvlakte - Month 9 - 2010-09-01 21:20</name>
            <description>Waterhole: Gemsbokvlakte, Month: 9, Time: 2010-09-01 21:20</description>
            <styleUrl>#month9</styleUrl>
            <Point>
                <coordinates>16.06233114,-19.21074626,0</coordinates>
            </Point>
        </Placemark>
        <Placemark>
            <name>Gemsbokvlakte - Month 9 - 2010-09-02 17:20</name>
            <description>Waterhole: Gemsbokvlakte, Month: 9, Time: 2010-09-02 17:20</description>
            <styleUrl>#month9</styleUrl>
            <Point>
                <coordinates>16.05984904,-19.21263631,0</coordinates>
            </Point>
        </Placemark>
        <Placemark>
            <name>Gemsbokvlakte - Month 9 - 2010-09-02 17:40</name>
            <description>Waterhole: Gemsbokvlakte, Month: 9, Time: 2010-09-02 17:40</description>
            <styleUrl>#month9</styleUrl>
            <Point>
                <coordinates>16.05885315,-19.21349487,0</coordinates>
            </Point>
        </Placemark>
        <Placemark>
            <name>Gemsbokvlakte - Month 9 - 2010-09-02 18:00</name>
            <description>Waterhole: Gemsbokvlakte, Month: 9, Time: 2010-09-02 18:00</description>
            <styleUrl>#month9</styleUrl>
            <Point>
                <coordinates>16.05880534,-19.21356812,0</coordinates>
            </Point>
        </Placemark>
        <Placemark>
            <name>Gemsbokvlakte - Month 9 - 2010-09-02 18:20</name>
            <description>Waterhole: Gemsbokvlakte, Month: 9, Time: 2010-09-02 18:20</description>
            <styleUrl>#month9</styleUrl>
            <Point>
                <coordinates>16.05882263,-19.21348267,0</coordinates>
            </Point>
        </Placemark>
        <Placemark>
            <name>Gemsbokvlakte - Month 9 - 2010-09-03 20:00</name>
            <description>Waterhole: Gemsbokvlakte, Month: 9, Time: 2010-09-03 20:00</description>
            <styleUrl>#month9</styleUrl>
            <Point>
                <coordinates>16.05508728,-19.20807495,0</coordinates>
            </Point>
        </Placemark>
        <Placemark>
            <name>Gemsbokvlakte - Month 9 - 2010-09-03 20:20</name>
            <description>Waterhole: Gemsbokvlakte, Month: 9, Time: 2010-09-03 20:20</description>
            <styleUrl>#month9</styleUrl>
            <Point>
                <coordinates>16.05870768,-19.21332397,0</coordinates>
            </Point>
        </Placemark>
        <Placemark>
            <name>Gemsbokvlakte - Month 9 - 2010-09-03 20:40</name>
            <description>Waterhole: Gemsbokvlakte, Month: 9, Time: 2010-09-03 20:40</description>
            <styleUrl>#month9</styleUrl>
            <Point>
                <coordinates>16.06323751,-19.2096578,0</coordinates>
            </Point>
        </Placemark>
        <Placemark>
            <name>Gemsbokvlakte - Month 9 - 2010-09-03 21:00</name>
            <description>Waterhole: Gemsbokvlakte, Month: 9, Time: 2010-09-03 21:00</description>
            <styleUrl>#month9</styleUrl>
            <Point>
                <coordinates>16.06600952,-19.20982666,0</coordinates>
            </Point>
        </Placemark>
        <Placemark>
            <name>Gemsbokvlakte - Month 9 - 2010-09-03 21:20</name>
            <description>Waterhole: Gemsbokvlakte, Month: 9, Time: 2010-09-03 21:20</description>
            <styleUrl>#month9</styleUrl>
            <Point>
                <coordinates>16.06712646,-19.20957642,0</coordinates>
            </Point>
        </Placemark>
        <Placemark>
            <name>Gemsbokvlakte - Month 9 - 2010-09-04 17:00</name>
            <description>Waterhole: Gemsbokvlakte, Month: 9, Time: 2010-09-04 17:00</description>
            <styleUrl>#month9</styleUrl>
            <Point>
                <coordinates>16.06020203,-19.21262614,0</coordinates>
            </Point>
        </Placemark>
        <Placemark>
            <name>Gemsbokvlakte - Month 9 - 2010-09-04 17:20</name>
            <description>Waterhole: Gemsbokvlakte, Month: 9, Time: 2010-09-04 17:20</description>
            <styleUrl>#month9</styleUrl>
            <Point>
                <coordinates>16.05888062,-19.21340332,0</coordinates>
            </Point>
        </Placemark>
        <Placemark>
            <name>Gemsbokvlakte - Month 9 - 2010-09-04 17:40</name>
            <description>Waterhole: Gemsbokvlakte, Month: 9, Time: 2010-09-04 17:40</description>
            <styleUrl>#month9</styleUrl>
            <Point>
                <coordinates>16.05880839,-19.21260173,0</coordinates>
            </Point>
        </Placemark>
        <Placemark>
            <name>Gemsbokvlakte - Month 9 - 2010-09-04 18:00</name>
            <description>Waterhole: Gemsbokvlakte, Month: 9, Time: 2010-09-04 18:00</description>
            <styleUrl>#month9</styleUrl>
            <Point>
                <coordinates>16.06087545,-19.20650024,0</coordinates>
            </Point>
        </Placemark>
        <Placemark>
            <name>Ondongab - Month 9 - 2010-09-05 08:40</name>
            <description>Waterhole: Ondongab, Month: 9, Time: 2010-09-05 08:40</description>
            <styleUrl>#month9</styleUrl>
            <Point>
                <coordinates>16.10599874,-19.10999146,0</coordinates>
            </Point>
        </Placemark>
        <Placemark>
            <name>Ondongab - Month 9 - 2010-09-05 09:00</name>
            <description>Waterhole: Ondongab, Month: 9, Time: 2010-09-05 09:00</description>
            <styleUrl>#month9</styleUrl>
            <Point>
                <coordinates>16.10726522,-19.10735677,0</coordinates>
            </Point>
        </Placemark>
        <Placemark>
            <name>Ondongab - Month 9 - 2010-09-05 09:20</name>
            <description>Waterhole: Ondongab, Month: 9, Time: 2010-09-05 09:20</description>
            <styleUrl>#month9</styleUrl>
            <Point>
                <coordinates>16.10730693,-19.10627848,0</coordinates>
            </Point>
        </Placemark>
        <Placemark>
            <name>Ondongab - Month 9 - 2010-09-05 09:40</name>
            <description>Waterhole: Ondongab, Month: 9, Time: 2010-09-05 09:40</description>
            <styleUrl>#month9</styleUrl>
            <Point>
                <coordinates>16.10729065,-19.1061849,0</coordinates>
            </Point>
        </Placemark>
        <Placemark>
            <name>Ondongab - Month 9 - 2010-09-05 10:00</name>
            <description>Waterhole: Ondongab, Month: 9, Time: 2010-09-05 10:00</description>
            <styleUrl>#month9</styleUrl>
            <Point>
                <coordinates>16.1072937,-19.10622762,0</coordinates>
            </Point>
        </Placemark>
        <Placemark>
            <name>Ondongab - Month 9 - 2010-09-05 10:20</name>
            <description>Waterhole: Ondongab, Month: 9, Time: 2010-09-05 10:20</description>
            <styleUrl>#month9</styleUrl>
            <Point>
                <coordinates>16.10707194,-19.10607096,0</coordinates>
            </Point>
        </Placemark>
        <Placemark>
            <name>Ondongab - Month 9 - 2010-09-05 10:40</name>
            <description>Waterhole: Ondongab, Month: 9, Time: 2010-09-05 10:40</description>
            <styleUrl>#month9</styleUrl>
            <Point>
                <coordinates>16.10734965,-19.1062561,0</coordinates>
            </Point>
        </Placemark>
        <Placemark>
            <name>Ondongab - Month 9 - 2010-09-05 11:00</name>
            <description>Waterhole: Ondongab, Month: 9, Time: 2010-09-05 11:00</description>
            <styleUrl>#month9</styleUrl>
            <Point>
                <coordinates>16.10736898,-19.10623983,0</coordinates>
            </Point>
        </Placemark>
        <Placemark>
            <name>Ondongab - Month 9 - 2010-09-05 11:20</name>
            <description>Waterhole: Ondongab, Month: 9, Time: 2010-09-05 11:20</description>
            <styleUrl>#month9</styleUrl>
            <Point>
                <coordinates>16.10737712,-19.1062561,0</coordinates>
            </Point>
        </Placemark>
        <Placemark>
            <name>Ondongab - Month 9 - 2010-09-05 11:40</name>
            <description>Waterhole: Ondongab, Month: 9, Time: 2010-09-05 11:40</description>
            <styleUrl>#month9</styleUrl>
            <Point>
                <coordinates>16.10738729,-19.10626628,0</coordinates>
            </Point>
        </Placemark>
        <Placemark>
            <name>Ondongab - Month 9 - 2010-09-05 12:00</name>
            <description>Waterhole: Ondongab, Month: 9, Time: 2010-09-05 12:00</description>
            <styleUrl>#month9</styleUrl>
            <Point>
                <coordinates>16.10739441,-19.10626831,0</coordinates>
            </Point>
        </Placemark>
        <Placemark>
            <name>Ondongab - Month 9 - 2010-09-05 12:20</name>
            <description>Waterhole: Ondongab, Month: 9, Time: 2010-09-05 12:20</description>
            <styleUrl>#month9</styleUrl>
            <Point>
                <coordinates>16.10741272,-19.10628459,0</coordinates>
            </Point>
        </Placemark>
        <Placemark>
            <name>Ondongab - Month 9 - 2010-09-05 12:40</name>
            <description>Waterhole: Ondongab, Month: 9, Time: 2010-09-05 12:40</description>
            <styleUrl>#month9</styleUrl>
            <Point>
                <coordinates>16.10737101,-19.1062439,0</coordinates>
            </Point>
        </Placemark>
        <Placemark>
            <name>Ondongab - Month 9 - 2010-09-05 13:00</name>
            <description>Waterhole: Ondongab, Month: 9, Time: 2010-09-05 13:00</description>
            <styleUrl>#month9</styleUrl>
            <Point>
                <coordinates>16.10717875,-19.1061259,0</coordinates>
            </Point>
        </Placemark>
        <Placemark>
            <name>Ondongab - Month 9 - 2010-09-05 13:20</name>
            <description>Waterhole: Ondongab, Month: 9, Time: 2010-09-05 13:20</description>
            <styleUrl>#month9</styleUrl>
            <Point>
                <coordinates>16.10707397,-19.10606486,0</coordinates>
            </Point>
        </Placemark>
        <Placemark>
            <name>Ondongab - Month 9 - 2010-09-05 13:41</name>
            <description>Waterhole: Ondongab, Month: 9, Time: 2010-09-05 13:41</description>
            <styleUrl>#month9</styleUrl>
            <Point>
                <coordinates>16.10706482,-19.10606283,0</coordinates>
            </Point>
        </Placemark>
        <Placemark>
            <name>Ondongab - Month 9 - 2010-09-05 14:00</name>
            <description>Waterhole: Ondongab, Month: 9, Time: 2010-09-05 14:00</description>
            <styleUrl>#month9</styleUrl>
            <Point>
                <coordinates>16.10707601,-19.10609131,0</coordinates>
            </Point>
        </Placemark>
        <Placemark>
            <name>Ondongab - Month 9 - 2010-09-05 14:20</name>
            <description>Waterhole: Ondongab, Month: 9, Time: 2010-09-05 14:20</description>
            <styleUrl>#month9</styleUrl>
            <Point>
                <coordinates>16.10710449,-19.10604248,0</coordinates>
            </Point>
        </Placemark>
        <Placemark>
            <name>Ondongab - Month 9 - 2010-09-05 14:40</name>
            <description>Waterhole: Ondongab, Month: 9, Time: 2010-09-05 14:40</description>
            <styleUrl>#month9</styleUrl>
            <Point>
                <coordinates>16.10708923,-19.10605062,0</coordinates>
            </Point>
        </Placemark>
        <Placemark>
            <name>Ondongab - Month 9 - 2010-09-05 15:00</name>
            <description>Waterhole: Ondongab, Month: 9, Time: 2010-09-05 15:00</description>
            <styleUrl>#month9</styleUrl>
            <Point>
                <coordinates>16.10679932,-19.10599162,0</coordinates>
            </Point>
        </Placemark>
        <Placemark>
            <name>Ondongab - Month 9 - 2010-09-05 15:20</name>
            <description>Waterhole: Ondongab, Month: 9, Time: 2010-09-05 15:20</description>
            <styleUrl>#month9</styleUrl>
            <Point>
                <coordinates>16.10655314,-19.1060201,0</coordinates>
            </Point>
        </Placemark>
        <Placemark>
            <name>Ondongab - Month 9 - 2010-09-05 15:40</name>
            <description>Waterhole: Ondongab, Month: 9, Time: 2010-09-05 15:40</description>
            <styleUrl>#month9</styleUrl>
            <Point>
                <coordinates>16.10326843,-19.10730184,0</coordinates>
            </Point>
        </Placemark>
        <Placemark>
            <name>Ondongab - Month 9 - 2010-09-05 16:00</name>
            <description>Waterhole: Ondongab, Month: 9, Time: 2010-09-05 16:00</description>
            <styleUrl>#month9</styleUrl>
            <Point>
                <coordinates>16.10240072,-19.10801188,0</coordinates>
            </Point>
        </Placemark>
        <Placemark>
            <name>Gemsbokvlakte - Month 9 - 2010-09-05 23:20</name>
            <description>Waterhole: Gemsbokvlakte, Month: 9, Time: 2010-09-05 23:20</description>
            <styleUrl>#month9</styleUrl>
            <Point>
                <coordinates>16.05874532,-19.21319377,0</coordinates>
            </Point>
        </Placemark>
        <Placemark>
            <name>Gemsbokvlakte - Month 9 - 2010-09-05 23:40</name>
            <description>Waterhole: Gemsbokvlakte, Month: 9, Time: 2010-09-05 23:40</description>
            <styleUrl>#month9</styleUrl>
            <Point>
                <coordinates>16.05864563,-19.21328532,0</coordinates>
            </Point>
        </Placemark>
        <Placemark>
            <name>Gemsbokvlakte - Month 9 - 2010-09-06 00:00</name>
            <description>Waterhole: Gemsbokvlakte, Month: 9, Time: 2010-09-06 00:00</description>
            <styleUrl>#month9</styleUrl>
            <Point>
                <coordinates>16.05290324,-19.21140544,0</coordinates>
            </Point>
        </Placemark>
        <Placemark>
            <name>Gemsbokvlakte - Month 9 - 2010-09-08 18:20</name>
            <description>Waterhole: Gemsbokvlakte, Month: 9, Time: 2010-09-08 18:20</description>
            <styleUrl>#month9</styleUrl>
            <Point>
                <coordinates>16.05721842,-19.2102946,0</coordinates>
            </Point>
        </Placemark>
        <Placemark>
            <name>Gemsbokvlakte - Month 9 - 2010-09-08 18:40</name>
            <description>Waterhole: Gemsbokvlakte, Month: 9, Time: 2010-09-08 18:40</description>
            <styleUrl>#month9</styleUrl>
            <Point>
                <coordinates>16.05899862,-19.21370036,0</coordinates>
            </Point>
        </Placemark>
        <Placemark>
            <name>Gemsbokvlakte - Month 9 - 2010-09-08 19:00</name>
            <description>Waterhole: Gemsbokvlakte, Month: 9, Time: 2010-09-08 19:00</description>
            <styleUrl>#month9</styleUrl>
            <Point>
                <coordinates>16.06392008,-19.21844279,0</coordinates>
            </Point>
        </Placemark>
        <Placemark>
            <name>Olifantsbad Waterhole - Month 9 - 2010-09-09 09:40</name>
            <description>Waterhole: Olifantsbad Waterhole, Month: 9, Time: 2010-09-09 09:40</description>
            <styleUrl>#month9</styleUrl>
            <Point>
                <coordinates>16.1271108,-19.23358968,0</coordinates>
            </Point>
        </Placemark>
        <Placemark>
            <name>Olifantsbad Waterhole - Month 9 - 2010-09-09 10:00</name>
            <description>Waterhole: Olifantsbad Waterhole, Month: 9, Time: 2010-09-09 10:00</description>
            <styleUrl>#month9</styleUrl>
            <Point>
                <coordinates>16.13194377,-19.23884888,0</coordinates>
            </Point>
        </Placemark>
        <Placemark>
            <name>Olifantsbad Waterhole - Month 9 - 2010-09-09 10:20</name>
            <description>Waterhole: Olifantsbad Waterhole, Month: 9, Time: 2010-09-09 10:20</description>
            <styleUrl>#month9</styleUrl>
            <Point>
                <coordinates>16.13172506,-19.23869832,0</coordinates>
            </Point>
        </Placemark>
        <Placemark>
            <name>Olifantsbad Waterhole - Month 9 - 2010-09-09 10:40</name>
            <description>Waterhole: Olifantsbad Waterhole, Month: 9, Time: 2010-09-09 10:40</description>
            <styleUrl>#month9</styleUrl>
            <Point>
                <coordinates>16.13193359,-19.23876953,0</coordinates>
            </Point>
        </Placemark>
        <Placemark>
            <name>Olifantsbad Waterhole - Month 9 - 2010-09-09 11:00</name>
            <description>Waterhole: Olifantsbad Waterhole, Month: 9, Time: 2010-09-09 11:00</description>
            <styleUrl>#month9</styleUrl>
            <Point>
                <coordinates>16.12904867,-19.23626302,0</coordinates>
            </Point>
        </Placemark>
        <Placemark>
            <name>Olifantsbad Waterhole - Month 9 - 2010-09-09 11:20</name>
            <description>Waterhole: Olifantsbad Waterhole, Month: 9, Time: 2010-09-09 11:20</description>
            <styleUrl>#month9</styleUrl>
            <Point>
                <coordinates>16.12393188,-19.23473511,0</coordinates>
            </Point>
        </Placemark>
        <Placemark>
            <name>Olifantsbad Waterhole - Month 9 - 2010-09-10 09:20</name>
            <description>Waterhole: Olifantsbad Waterhole, Month: 9, Time: 2010-09-10 09:20</description>
            <styleUrl>#month9</styleUrl>
            <Point>
                <coordinates>16.13131714,-19.23680623,0</coordinates>
            </Point>
        </Placemark>
        <Placemark>
            <name>Olifantsbad Waterhole - Month 9 - 2010-09-10 09:40</name>
            <description>Waterhole: Olifantsbad Waterhole, Month: 9, Time: 2010-09-10 09:40</description>
            <styleUrl>#month9</styleUrl>
            <Point>
                <coordinates>16.13156637,-19.23871663,0</coordinates>
            </Point>
        </Placemark>
        <Placemark>
            <name>Olifantsbad Waterhole - Month 9 - 2010-09-10 10:00</name>
            <description>Waterhole: Olifantsbad Waterhole, Month: 9, Time: 2010-09-10 10:00</description>
            <styleUrl>#month9</styleUrl>
            <Point>
                <coordinates>16.13175557,-19.23852336,0</coordinates>
            </Point>
        </Placemark>
        <Placemark>
            <name>Olifantsbad Waterhole - Month 9 - 2010-09-10 10:20</name>
            <description>Waterhole: Olifantsbad Waterhole, Month: 9, Time: 2010-09-10 10:20</description>
            <styleUrl>#month9</styleUrl>
            <Point>
                <coordinates>16.13197632,-19.23860881,0</coordinates>
            </Point>
        </Placemark>
        <Placemark>
            <name>Olifantsbad Waterhole - Month 9 - 2010-09-10 10:40</name>
            <description>Waterhole: Olifantsbad Waterhole, Month: 9, Time: 2010-09-10 10:40</description>
            <styleUrl>#month9</styleUrl>
            <Point>
                <coordinates>16.13186442,-19.23881429,0</coordinates>
            </Point>
        </Placemark>
        <Placemark>
            <name>Olifantsbad Waterhole - Month 9 - 2010-09-10 11:00</name>
            <description>Waterhole: Olifantsbad Waterhole, Month: 9, Time: 2010-09-10 11:00</description>
            <styleUrl>#month9</styleUrl>
            <Point>
                <coordinates>16.13163045,-19.23868408,0</coordinates>
            </Point>
        </Placemark>
        <Placemark>
            <name>Olifantsbad Waterhole - Month 9 - 2010-09-10 11:20</name>
            <description>Waterhole: Olifantsbad Waterhole, Month: 9, Time: 2010-09-10 11:20</description>
            <styleUrl>#month9</styleUrl>
            <Point>
                <coordinates>16.13158468,-19.23873698,0</coordinates>
            </Point>
        </Placemark>
        <Placemark>
            <name>Olifantsbad Waterhole - Month 9 - 2010-09-10 11:40</name>
            <description>Waterhole: Olifantsbad Waterhole, Month: 9, Time: 2010-09-10 11:40</description>
            <styleUrl>#month9</styleUrl>
            <Point>
                <coordinates>16.13170776,-19.23847453,0</coordinates>
            </Point>
        </Placemark>
        <Placemark>
            <name>Olifantsbad Waterhole - Month 9 - 2010-09-10 12:00</name>
            <description>Waterhole: Olifantsbad Waterhole, Month: 9, Time: 2010-09-10 12:00</description>
            <styleUrl>#month9</styleUrl>
            <Point>
                <coordinates>16.13176982,-19.23728231,0</coordinates>
            </Point>
        </Placemark>
        <Placemark>
            <name>Olifantsbad Waterhole - Month 9 - 2010-09-10 12:20</name>
            <description>Waterhole: Olifantsbad Waterhole, Month: 9, Time: 2010-09-10 12:20</description>
            <styleUrl>#month9</styleUrl>
            <Point>
                <coordinates>16.13189799,-19.23623454,0</coordinates>
            </Point>
        </Placemark>
        <Placemark>
            <name>Olifantsbad Waterhole - Month 9 - 2010-09-10 12:40</name>
            <description>Waterhole: Olifantsbad Waterhole, Month: 9, Time: 2010-09-10 12:40</description>
            <styleUrl>#month9</styleUrl>
            <Point>
                <coordinates>16.13235779,-19.23604736,0</coordinates>
            </Point>
        </Placemark>
        <Placemark>
            <name>Olifantsbad Waterhole - Month 9 - 2010-09-10 13:00</name>
            <description>Waterhole: Olifantsbad Waterhole, Month: 9, Time: 2010-09-10 13:00</description>
            <styleUrl>#month9</styleUrl>
            <Point>
                <coordinates>16.13280538,-19.23638509,0</coordinates>
            </Point>
        </Placemark>
        <Placemark>
            <name>Olifantsbad Waterhole - Month 9 - 2010-09-10 13:20</name>
            <description>Waterhole: Olifantsbad Waterhole, Month: 9, Time: 2010-09-10 13:20</description>
            <styleUrl>#month9</styleUrl>
            <Point>
                <coordinates>16.1315389,-19.23852336,0</coordinates>
            </Point>
        </Placemark>
        <Placemark>
            <name>Olifantsbad Waterhole - Month 9 - 2010-09-10 13:40</name>
            <description>Waterhole: Olifantsbad Waterhole, Month: 9, Time: 2010-09-10 13:40</description>
            <styleUrl>#month9</styleUrl>
            <Point>
                <coordinates>16.13092041,-19.23820801,0</coordinates>
            </Point>
        </Placemark>
        <Placemark>
            <name>Olifantsbad Waterhole - Month 9 - 2010-09-10 14:00</name>
            <description>Waterhole: Olifantsbad Waterhole, Month: 9, Time: 2010-09-10 14:00</description>
            <styleUrl>#month9</styleUrl>
            <Point>
                <coordinates>16.12867228,-19.23534342,0</coordinates>
            </Point>
        </Placemark>
        <Placemark>
            <name>Olifantsbad Waterhole - Month 9 - 2010-09-10 14:20</name>
            <description>Waterhole: Olifantsbad Waterhole, Month: 9, Time: 2010-09-10 14:20</description>
            <styleUrl>#month9</styleUrl>
            <Point>
                <coordinates>16.12851461,-19.23489176,0</coordinates>
            </Point>
        </Placemark>
        <Placemark>
            <name>Olifantsbad Waterhole - Month 9 - 2010-09-10 14:40</name>
            <description>Waterhole: Olifantsbad Waterhole, Month: 9, Time: 2010-09-10 14:40</description>
            <styleUrl>#month9</styleUrl>
            <Point>
                <coordinates>16.12769572,-19.23426921,0</coordinates>
            </Point>
        </Placemark>
        <Placemark>
            <name>Olifantsbad Waterhole - Month 9 - 2010-09-10 15:00</name>
            <description>Waterhole: Olifantsbad Waterhole, Month: 9, Time: 2010-09-10 15:00</description>
            <styleUrl>#month9</styleUrl>
            <Point>
                <coordinates>16.12729289,-19.23342082,0</coordinates>
            </Point>
        </Placemark>
        <Placemark>
            <name>Olifantsbad Waterhole - Month 9 - 2010-09-10 15:20</name>
            <description>Waterhole: Olifantsbad Waterhole, Month: 9, Time: 2010-09-10 15:20</description>
            <styleUrl>#month9</styleUrl>
            <Point>
                <coordinates>16.12651367,-19.2327474,0</coordinates>
            </Point>
        </Placemark>
        <Placemark>
            <name>Olifantsbad Waterhole - Month 9 - 2010-09-10 15:40</name>
            <description>Waterhole: Olifantsbad Waterhole, Month: 9, Time: 2010-09-10 15:40</description>
            <styleUrl>#month9</styleUrl>
            <Point>
                <coordinates>16.12573039,-19.23216349,0</coordinates>
            </Point>
        </Placemark>
        <Placemark>
            <name>Gemsbokvlakte - Month 9 - 2010-09-11 17:20</name>
            <description>Waterhole: Gemsbokvlakte, Month: 9, Time: 2010-09-11 17:20</description>
            <styleUrl>#month9</styleUrl>
            <Point>
                <coordinates>16.06766764,-19.21115926,0</coordinates>
            </Point>
        </Placemark>
        <Placemark>
            <name>Gemsbokvlakte - Month 9 - 2010-09-11 17:40</name>
            <description>Waterhole: Gemsbokvlakte, Month: 9, Time: 2010-09-11 17:40</description>
            <styleUrl>#month9</styleUrl>
            <Point>
                <coordinates>16.05990702,-19.21247762,0</coordinates>
            </Point>
        </Placemark>
        <Placemark>
            <name>Gemsbokvlakte - Month 9 - 2010-09-11 18:00</name>
            <description>Waterhole: Gemsbokvlakte, Month: 9, Time: 2010-09-11 18:00</description>
            <styleUrl>#month9</styleUrl>
            <Point>
                <coordinates>16.0586497,-19.21325277,0</coordinates>
            </Point>
        </Placemark>
        <Placemark>
            <name>Gemsbokvlakte - Month 9 - 2010-09-11 18:20</name>
            <description>Waterhole: Gemsbokvlakte, Month: 9, Time: 2010-09-11 18:20</description>
            <styleUrl>#month9</styleUrl>
            <Point>
                <coordinates>16.05965474,-19.21115723,0</coordinates>
            </Point>
        </Placemark>
        <Placemark>
            <name>Gemsbokvlakte - Month 9 - 2010-09-11 18:40</name>
            <description>Waterhole: Gemsbokvlakte, Month: 9, Time: 2010-09-11 18:40</description>
            <styleUrl>#month9</styleUrl>
            <Point>
                <coordinates>16.06058858,-19.20668132,0</coordinates>
            </Point>
        </Placemark>
        <Placemark>
            <name>Gemsbokvlakte - Month 9 - 2010-09-13 11:00</name>
            <description>Waterhole: Gemsbokvlakte, Month: 9, Time: 2010-09-13 11:00</description>
            <styleUrl>#month9</styleUrl>
            <Point>
                <coordinates>16.06279907,-19.21069336,0</coordinates>
            </Point>
        </Placemark>
        <Placemark>
            <name>Gemsbokvlakte - Month 9 - 2010-09-13 11:20</name>
            <description>Waterhole: Gemsbokvlakte, Month: 9, Time: 2010-09-13 11:20</description>
            <styleUrl>#month9</styleUrl>
            <Point>
                <coordinates>16.05866089,-19.21333822,0</coordinates>
            </Point>
        </Placemark>
        <Placemark>
            <name>Gemsbokvlakte - Month 9 - 2010-09-13 11:40</name>
            <description>Waterhole: Gemsbokvlakte, Month: 9, Time: 2010-09-13 11:40</description>
            <styleUrl>#month9</styleUrl>
            <Point>
                <coordinates>16.05870972,-19.21319784,0</coordinates>
            </Point>
        </Placemark>
        <Placemark>
            <name>Gemsbokvlakte - Month 9 - 2010-09-13 12:00</name>
            <description>Waterhole: Gemsbokvlakte, Month: 9, Time: 2010-09-13 12:00</description>
            <styleUrl>#month9</styleUrl>
            <Point>
                <coordinates>16.05710754,-19.20999756,0</coordinates>
            </Point>
        </Placemark>
        <Placemark>
            <name>Gemsbokvlakte - Month 9 - 2010-09-13 12:20</name>
            <description>Waterhole: Gemsbokvlakte, Month: 9, Time: 2010-09-13 12:20</description>
            <styleUrl>#month9</styleUrl>
            <Point>
                <coordinates>16.05761617,-19.20834961,0</coordinates>
            </Point>
        </Placemark>
        <Placemark>
            <name>Gemsbokvlakte - Month 9 - 2010-09-13 12:40</name>
            <description>Waterhole: Gemsbokvlakte, Month: 9, Time: 2010-09-13 12:40</description>
            <styleUrl>#month9</styleUrl>
            <Point>
                <coordinates>16.05766602,-19.20807088,0</coordinates>
            </Point>
        </Placemark>
        <Placemark>
            <name>Gemsbokvlakte - Month 9 - 2010-09-13 13:00</name>
            <description>Waterhole: Gemsbokvlakte, Month: 9, Time: 2010-09-13 13:00</description>
            <styleUrl>#month9</styleUrl>
            <Point>
                <coordinates>16.05850932,-19.20872396,0</coordinates>
            </Point>
        </Placemark>
        <Placemark>
            <name>Gemsbokvlakte - Month 9 - 2010-09-13 13:20</name>
            <description>Waterhole: Gemsbokvlakte, Month: 9, Time: 2010-09-13 13:20</description>
            <styleUrl>#month9</styleUrl>
            <Point>
                <coordinates>16.0585612,-19.20873413,0</coordinates>
            </Point>
        </Placemark>
        <Placemark>
            <name>Gemsbokvlakte - Month 9 - 2010-09-13 13:40</name>
            <description>Waterhole: Gemsbokvlakte, Month: 9, Time: 2010-09-13 13:40</description>
            <styleUrl>#month9</styleUrl>
            <Point>
                <coordinates>16.05859884,-19.20906372,0</coordinates>
            </Point>
        </Placemark>
        <Placemark>
            <name>Gemsbokvlakte - Month 9 - 2010-09-13 14:00</name>
            <description>Waterhole: Gemsbokvlakte, Month: 9, Time: 2010-09-13 14:00</description>
            <styleUrl>#month9</styleUrl>
            <Point>
                <coordinates>16.0585144,-19.20906169,0</coordinates>
            </Point>
        </Placemark>
        <Placemark>
            <name>Gemsbokvlakte - Month 9 - 2010-09-13 14:20</name>
            <description>Waterhole: Gemsbokvlakte, Month: 9, Time: 2010-09-13 14:20</description>
            <styleUrl>#month9</styleUrl>
            <Point>
                <coordinates>16.05804749,-19.20958455,0</coordinates>
            </Point>
        </Placemark>
        <Placemark>
            <name>Gemsbokvlakte - Month 9 - 2010-09-13 14:40</name>
            <description>Waterhole: Gemsbokvlakte, Month: 9, Time: 2010-09-13 14:40</description>
            <styleUrl>#month9</styleUrl>
            <Point>
                <coordinates>16.05863037,-19.2130249,0</coordinates>
            </Point>
        </Placemark>
        <Placemark>
            <name>Gemsbokvlakte - Month 9 - 2010-09-13 15:01</name>
            <description>Waterhole: Gemsbokvlakte, Month: 9, Time: 2010-09-13 15:01</description>
            <styleUrl>#month9</styleUrl>
            <Point>
                <coordinates>16.05488485,-19.20722046,0</coordinates>
            </Point>
        </Placemark>
        <Placemark>
            <name>Gemsbokvlakte - Month 9 - 2010-09-16 19:40</name>
            <description>Waterhole: Gemsbokvlakte, Month: 9, Time: 2010-09-16 19:40</description>
            <styleUrl>#month9</styleUrl>
            <Point>
                <coordinates>16.05799154,-19.21161499,0</coordinates>
            </Point>
        </Placemark>
        <Placemark>
            <name>Gemsbokvlakte - Month 9 - 2010-09-16 20:00</name>
            <description>Waterhole: Gemsbokvlakte, Month: 9, Time: 2010-09-16 20:00</description>
            <styleUrl>#month9</styleUrl>
            <Point>
                <coordinates>16.0621287,-19.21742961,0</coordinates>
            </Point>
        </Placemark>
        <Placemark>
            <name>Gemsbokvlakte - Month 9 - 2010-09-17 17:20</name>
            <description>Waterhole: Gemsbokvlakte, Month: 9, Time: 2010-09-17 17:20</description>
            <styleUrl>#month9</styleUrl>
            <Point>
                <coordinates>16.05935262,-19.21951294,0</coordinates>
            </Point>
        </Placemark>
        <Placemark>
            <name>Gemsbokvlakte - Month 9 - 2010-09-17 17:40</name>
            <description>Waterhole: Gemsbokvlakte, Month: 9, Time: 2010-09-17 17:40</description>
            <styleUrl>#month9</styleUrl>
            <Point>
                <coordinates>16.05879313,-19.21327515,0</coordinates>
            </Point>
        </Placemark>
        <Placemark>
            <name>Gemsbokvlakte - Month 9 - 2010-09-17 18:00</name>
            <description>Waterhole: Gemsbokvlakte, Month: 9, Time: 2010-09-17 18:00</description>
            <styleUrl>#month9</styleUrl>
            <Point>
                <coordinates>16.05884094,-19.21338501,0</coordinates>
            </Point>
        </Placemark>
        <Placemark>
            <name>Gemsbokvlakte - Month 9 - 2010-09-17 18:20</name>
            <description>Waterhole: Gemsbokvlakte, Month: 9, Time: 2010-09-17 18:20</description>
            <styleUrl>#month9</styleUrl>
            <Point>
                <coordinates>16.05094706,-19.21046753,0</coordinates>
            </Point>
        </Placemark>
        <Placemark>
            <name>Gemsbokvlakte - Month 9 - 2010-09-20 18:40</name>
            <description>Waterhole: Gemsbokvlakte, Month: 9, Time: 2010-09-20 18:40</description>
            <styleUrl>#month9</styleUrl>
            <Point>
                <coordinates>16.05880229,-19.21327108,0</coordinates>
            </Point>
        </Placemark>
        <Placemark>
            <name>Gemsbokvlakte - Month 9 - 2010-09-20 19:00</name>
            <description>Waterhole: Gemsbokvlakte, Month: 9, Time: 2010-09-20 19:00</description>
            <styleUrl>#month9</styleUrl>
            <Point>
                <coordinates>16.0601298,-19.21502686,0</coordinates>
            </Point>
        </Placemark>
        <Placemark>
            <name>Gemsbokvlakte - Month 9 - 2010-09-21 18:00</name>
            <description>Waterhole: Gemsbokvlakte, Month: 9, Time: 2010-09-21 18:00</description>
            <styleUrl>#month9</styleUrl>
            <Point>
                <coordinates>16.0641805,-19.22021484,0</coordinates>
            </Point>
        </Placemark>
        <Placemark>
            <name>Gemsbokvlakte - Month 9 - 2010-09-21 18:20</name>
            <description>Waterhole: Gemsbokvlakte, Month: 9, Time: 2010-09-21 18:20</description>
            <styleUrl>#month9</styleUrl>
            <Point>
                <coordinates>16.05903727,-19.21352132,0</coordinates>
            </Point>
        </Placemark>
        <Placemark>
            <name>Gemsbokvlakte - Month 9 - 2010-09-21 18:40</name>
            <description>Waterhole: Gemsbokvlakte, Month: 9, Time: 2010-09-21 18:40</description>
            <styleUrl>#month9</styleUrl>
            <Point>
                <coordinates>16.05861613,-19.21324666,0</coordinates>
            </Point>
        </Placemark>
        <Placemark>
            <name>Gemsbokvlakte - Month 9 - 2010-09-21 19:00</name>
            <description>Waterhole: Gemsbokvlakte, Month: 9, Time: 2010-09-21 19:00</description>
            <styleUrl>#month9</styleUrl>
            <Point>
                <coordinates>16.05883382,-19.2134786,0</coordinates>
            </Point>
        </Placemark>
        <Placemark>
            <name>Gemsbokvlakte - Month 9 - 2010-09-26 18:20</name>
            <description>Waterhole: Gemsbokvlakte, Month: 9, Time: 2010-09-26 18:20</description>
            <styleUrl>#month9</styleUrl>
            <Point>
                <coordinates>16.05874532,-19.21339111,0</coordinates>
            </Point>
        </Placemark>
        <Placemark>
            <name>Gemsbokvlakte - Month 9 - 2010-09-26 18:40</name>
            <description>Waterhole: Gemsbokvlakte, Month: 9, Time: 2010-09-26 18:40</description>
            <styleUrl>#month9</styleUrl>
            <Point>
                <coordinates>16.06159363,-19.21679281,0</coordinates>
            </Point>
        </Placemark>
        <Placemark>
            <name>Gemsbokvlakte - Month 9 - 2010-09-27 18:00</name>
            <description>Waterhole: Gemsbokvlakte, Month: 9, Time: 2010-09-27 18:00</description>
            <styleUrl>#month9</styleUrl>
            <Point>
                <coordinates>16.06220398,-19.2175415,0</coordinates>
            </Point>
        </Placemark>
        <Placemark>
            <name>Gemsbokvlakte - Month 9 - 2010-09-27 18:20</name>
            <description>Waterhole: Gemsbokvlakte, Month: 9, Time: 2010-09-27 18:20</description>
            <styleUrl>#month9</styleUrl>
            <Point>
                <coordinates>16.0587026,-19.21340332,0</coordinates>
            </Point>
        </Placemark>
        <Placemark>
            <name>Gemsbokvlakte - Month 9 - 2010-09-27 18:40</name>
            <description>Waterhole: Gemsbokvlakte, Month: 9, Time: 2010-09-27 18:40</description>
            <styleUrl>#month9</styleUrl>
            <Point>
                <coordinates>16.05782776,-19.21321411,0</coordinates>
            </Point>
        </Placemark>
        <Placemark>
            <name>Gemsbokvlakte - Month 10 - 2010-10-01 19:40</name>
            <description>Waterhole: Gemsbokvlakte, Month: 10, Time: 2010-10-01 19:40</description>
            <styleUrl>#month10</styleUrl>
            <Point>
                <coordinates>16.05786336,-19.2113444,0</coordinates>
            </Point>
        </Placemark>
        <Placemark>
            <name>Gemsbokvlakte - Month 10 - 2010-10-01 20:00</name>
            <description>Waterhole: Gemsbokvlakte, Month: 10, Time: 2010-10-01 20:00</description>
            <styleUrl>#month10</styleUrl>
            <Point>
                <coordinates>16.05872599,-19.21322428,0</coordinates>
            </Point>
        </Placemark>
        <Placemark>
            <name>Gemsbokvlakte - Month 10 - 2010-10-01 20:20</name>
            <description>Waterhole: Gemsbokvlakte, Month: 10, Time: 2010-10-01 20:20</description>
            <styleUrl>#month10</styleUrl>
            <Point>
                <coordinates>16.06113688,-19.21619466,0</coordinates>
            </Point>
        </Placemark>
        <Placemark>
            <name>Gemsbokvlakte - Month 10 - 2010-10-02 15:40</name>
            <description>Waterhole: Gemsbokvlakte, Month: 10, Time: 2010-10-02 15:40</description>
            <styleUrl>#month10</styleUrl>
            <Point>
                <coordinates>16.05983887,-19.21460571,0</coordinates>
            </Point>
        </Placemark>
        <Placemark>
            <name>Gemsbokvlakte - Month 10 - 2010-10-02 16:00</name>
            <description>Waterhole: Gemsbokvlakte, Month: 10, Time: 2010-10-02 16:00</description>
            <styleUrl>#month10</styleUrl>
            <Point>
                <coordinates>16.05781047,-19.20891113,0</coordinates>
            </Point>
        </Placemark>
        <Placemark>
            <name>Gemsbokvlakte - Month 10 - 2010-10-03 20:00</name>
            <description>Waterhole: Gemsbokvlakte, Month: 10, Time: 2010-10-03 20:00</description>
            <styleUrl>#month10</styleUrl>
            <Point>
                <coordinates>16.05791016,-19.21141968,0</coordinates>
            </Point>
        </Placemark>
        <Placemark>
            <name>Gemsbokvlakte - Month 10 - 2010-10-03 20:20</name>
            <description>Waterhole: Gemsbokvlakte, Month: 10, Time: 2010-10-03 20:20</description>
            <styleUrl>#month10</styleUrl>
            <Point>
                <coordinates>16.05889079,-19.21348877,0</coordinates>
            </Point>
        </Placemark>
        <Placemark>
            <name>Gemsbokvlakte - Month 10 - 2010-10-03 20:40</name>
            <description>Waterhole: Gemsbokvlakte, Month: 10, Time: 2010-10-03 20:40</description>
            <styleUrl>#month10</styleUrl>
            <Point>
                <coordinates>16.05961914,-19.21389771,0</coordinates>
            </Point>
        </Placemark>
        <Placemark>
            <name>Gemsbokvlakte - Month 10 - 2010-10-03 21:00</name>
            <description>Waterhole: Gemsbokvlakte, Month: 10, Time: 2010-10-03 21:00</description>
            <styleUrl>#month10</styleUrl>
            <Point>
                <coordinates>16.05369059,-19.21159668,0</coordinates>
            </Point>
        </Placemark>
        <Placemark>
            <name>Gemsbokvlakte - Month 10 - 2010-10-06 20:00</name>
            <description>Waterhole: Gemsbokvlakte, Month: 10, Time: 2010-10-06 20:00</description>
            <styleUrl>#month10</styleUrl>
            <Point>
                <coordinates>16.05686849,-19.20971476,0</coordinates>
            </Point>
        </Placemark>
        <Placemark>
            <name>Gemsbokvlakte - Month 10 - 2010-10-06 20:20</name>
            <description>Waterhole: Gemsbokvlakte, Month: 10, Time: 2010-10-06 20:20</description>
            <styleUrl>#month10</styleUrl>
            <Point>
                <coordinates>16.05869242,-19.21331787,0</coordinates>
            </Point>
        </Placemark>
        <Placemark>
            <name>Gemsbokvlakte - Month 10 - 2010-10-06 20:40</name>
            <description>Waterhole: Gemsbokvlakte, Month: 10, Time: 2010-10-06 20:40</description>
            <styleUrl>#month10</styleUrl>
            <Point>
                <coordinates>16.0619161,-19.21717326,0</coordinates>
            </Point>
        </Placemark>
        <Placemark>
            <name>Olifantsbad Waterhole - Month 10 - 2010-10-07 13:40</name>
            <description>Waterhole: Olifantsbad Waterhole, Month: 10, Time: 2010-10-07 13:40</description>
            <styleUrl>#month10</styleUrl>
            <Point>
                <coordinates>16.13102112,-19.23555705,0</coordinates>
            </Point>
        </Placemark>
        <Placemark>
            <name>Olifantsbad Waterhole - Month 10 - 2010-10-07 14:00</name>
            <description>Waterhole: Olifantsbad Waterhole, Month: 10, Time: 2010-10-07 14:00</description>
            <styleUrl>#month10</styleUrl>
            <Point>
                <coordinates>16.13011576,-19.23519694,0</coordinates>
            </Point>
        </Placemark>
        <Placemark>
            <name>Olifantsbad Waterhole - Month 10 - 2010-10-07 14:20</name>
            <description>Waterhole: Olifantsbad Waterhole, Month: 10, Time: 2010-10-07 14:20</description>
            <styleUrl>#month10</styleUrl>
            <Point>
                <coordinates>16.12988586,-19.23510539,0</coordinates>
            </Point>
        </Placemark>
        <Placemark>
            <name>Olifantsbad Waterhole - Month 10 - 2010-10-07 14:40</name>
            <description>Waterhole: Olifantsbad Waterhole, Month: 10, Time: 2010-10-07 14:40</description>
            <styleUrl>#month10</styleUrl>
            <Point>
                <coordinates>16.12925415,-19.23500163,0</coordinates>
            </Point>
        </Placemark>
        <Placemark>
            <name>Olifantsbad Waterhole - Month 10 - 2010-10-07 15:00</name>
            <description>Waterhole: Olifantsbad Waterhole, Month: 10, Time: 2010-10-07 15:00</description>
            <styleUrl>#month10</styleUrl>
            <Point>
                <coordinates>16.12916565,-19.23493449,0</coordinates>
            </Point>
        </Placemark>
        <Placemark>
            <name>Olifantsbad Waterhole - Month 10 - 2010-10-07 15:20</name>
            <description>Waterhole: Olifantsbad Waterhole, Month: 10, Time: 2010-10-07 15:20</description>
            <styleUrl>#month10</styleUrl>
            <Point>
                <coordinates>16.12906698,-19.23509928,0</coordinates>
            </Point>
        </Placemark>
        <Placemark>
            <name>Olifantsbad Waterhole - Month 10 - 2010-10-07 15:40</name>
            <description>Waterhole: Olifantsbad Waterhole, Month: 10, Time: 2010-10-07 15:40</description>
            <styleUrl>#month10</styleUrl>
            <Point>
                <coordinates>16.12918091,-19.23533936,0</coordinates>
            </Point>
        </Placemark>
        <Placemark>
            <name>Olifantsbad Waterhole - Month 10 - 2010-10-07 16:00</name>
            <description>Waterhole: Olifantsbad Waterhole, Month: 10, Time: 2010-10-07 16:00</description>
            <styleUrl>#month10</styleUrl>
            <Point>
                <coordinates>16.12780762,-19.23437703,0</coordinates>
            </Point>
        </Placemark>
        <Placemark>
            <name>Olifantsbad Waterhole - Month 10 - 2010-10-07 16:20</name>
            <description>Waterhole: Olifantsbad Waterhole, Month: 10, Time: 2010-10-07 16:20</description>
            <styleUrl>#month10</styleUrl>
            <Point>
                <coordinates>16.1261322,-19.2332194,0</coordinates>
            </Point>
        </Placemark>
        <Placemark>
            <name>Gemsbokvlakte - Month 10 - 2010-10-08 15:00</name>
            <description>Waterhole: Gemsbokvlakte, Month: 10, Time: 2010-10-08 15:00</description>
            <styleUrl>#month10</styleUrl>
            <Point>
                <coordinates>16.06700439,-19.2169576,0</coordinates>
            </Point>
        </Placemark>
        <Placemark>
            <name>Gemsbokvlakte - Month 10 - 2010-10-08 15:20</name>
            <description>Waterhole: Gemsbokvlakte, Month: 10, Time: 2010-10-08 15:20</description>
            <styleUrl>#month10</styleUrl>
            <Point>
                <coordinates>16.06041361,-19.21442871,0</coordinates>
            </Point>
        </Placemark>
        <Placemark>
            <name>Gemsbokvlakte - Month 10 - 2010-10-08 15:40</name>
            <description>Waterhole: Gemsbokvlakte, Month: 10, Time: 2010-10-08 15:40</description>
            <styleUrl>#month10</styleUrl>
            <Point>
                <coordinates>16.05873922,-19.21337484,0</coordinates>
            </Point>
        </Placemark>
        <Placemark>
            <name>Gemsbokvlakte - Month 10 - 2010-10-08 16:00</name>
            <description>Waterhole: Gemsbokvlakte, Month: 10, Time: 2010-10-08 16:00</description>
            <styleUrl>#month10</styleUrl>
            <Point>
                <coordinates>16.05942586,-19.20997518,0</coordinates>
            </Point>
        </Placemark>
        <Placemark>
            <name>Gemsbokvlakte - Month 10 - 2010-10-09 20:00</name>
            <description>Waterhole: Gemsbokvlakte, Month: 10, Time: 2010-10-09 20:00</description>
            <styleUrl>#month10</styleUrl>
            <Point>
                <coordinates>16.05478923,-19.20779215,0</coordinates>
            </Point>
        </Placemark>
        <Placemark>
            <name>Gemsbokvlakte - Month 10 - 2010-10-09 20:20</name>
            <description>Waterhole: Gemsbokvlakte, Month: 10, Time: 2010-10-09 20:20</description>
            <styleUrl>#month10</styleUrl>
            <Point>
                <coordinates>16.05870667,-19.21326904,0</coordinates>
            </Point>
        </Placemark>
        <Placemark>
            <name>Gemsbokvlakte - Month 10 - 2010-10-09 20:40</name>
            <description>Waterhole: Gemsbokvlakte, Month: 10, Time: 2010-10-09 20:40</description>
            <styleUrl>#month10</styleUrl>
            <Point>
                <coordinates>16.06105042,-19.21168823,0</coordinates>
            </Point>
        </Placemark>
        <Placemark>
            <name>Olifantsbad Waterhole - Month 10 - 2010-10-10 17:00</name>
            <description>Waterhole: Olifantsbad Waterhole, Month: 10, Time: 2010-10-10 17:00</description>
            <styleUrl>#month10</styleUrl>
            <Point>
                <coordinates>16.13031311,-19.23591309,0</coordinates>
            </Point>
        </Placemark>
        <Placemark>
            <name>Olifantsbad Waterhole - Month 10 - 2010-10-10 17:20</name>
            <description>Waterhole: Olifantsbad Waterhole, Month: 10, Time: 2010-10-10 17:20</description>
            <styleUrl>#month10</styleUrl>
            <Point>
                <coordinates>16.13162638,-19.23873494,0</coordinates>
            </Point>
        </Placemark>
        <Placemark>
            <name>Olifantsbad Waterhole - Month 10 - 2010-10-10 17:40</name>
            <description>Waterhole: Olifantsbad Waterhole, Month: 10, Time: 2010-10-10 17:40</description>
            <styleUrl>#month10</styleUrl>
            <Point>
                <coordinates>16.13098145,-19.23895671,0</coordinates>
            </Point>
        </Placemark>
        <Placemark>
            <name>Olifantsbad Waterhole - Month 10 - 2010-10-10 18:00</name>
            <description>Waterhole: Olifantsbad Waterhole, Month: 10, Time: 2010-10-10 18:00</description>
            <styleUrl>#month10</styleUrl>
            <Point>
                <coordinates>16.12792257,-19.23783162,0</coordinates>
            </Point>
        </Placemark>
        <Placemark>
            <name>Olifantsbad Waterhole - Month 10 - 2010-10-10 18:20</name>
            <description>Waterhole: Olifantsbad Waterhole, Month: 10, Time: 2010-10-10 18:20</description>
            <styleUrl>#month10</styleUrl>
            <Point>
                <coordinates>16.12242635,-19.23823649,0</coordinates>
            </Point>
        </Placemark>
        <Placemark>
            <name>Olifantsbad Waterhole - Month 10 - 2010-10-11 09:40</name>
            <description>Waterhole: Olifantsbad Waterhole, Month: 10, Time: 2010-10-11 09:40</description>
            <styleUrl>#month10</styleUrl>
            <Point>
                <coordinates>16.12933044,-19.24255168,0</coordinates>
            </Point>
        </Placemark>
        <Placemark>
            <name>Olifantsbad Waterhole - Month 10 - 2010-10-11 10:00</name>
            <description>Waterhole: Olifantsbad Waterhole, Month: 10, Time: 2010-10-11 10:00</description>
            <styleUrl>#month10</styleUrl>
            <Point>
                <coordinates>16.13170268,-19.23858439,0</coordinates>
            </Point>
        </Placemark>
        <Placemark>
            <name>Olifantsbad Waterhole - Month 10 - 2010-10-11 10:20</name>
            <description>Waterhole: Olifantsbad Waterhole, Month: 10, Time: 2010-10-11 10:20</description>
            <styleUrl>#month10</styleUrl>
            <Point>
                <coordinates>16.13173726,-19.23849487,0</coordinates>
            </Point>
        </Placemark>
        <Placemark>
            <name>Olifantsbad Waterhole - Month 10 - 2010-10-11 10:40</name>
            <description>Waterhole: Olifantsbad Waterhole, Month: 10, Time: 2010-10-11 10:40</description>
            <styleUrl>#month10</styleUrl>
            <Point>
                <coordinates>16.13163554,-19.23866781,0</coordinates>
            </Point>
        </Placemark>
        <Placemark>
            <name>Olifantsbad Waterhole - Month 10 - 2010-10-11 11:00</name>
            <description>Waterhole: Olifantsbad Waterhole, Month: 10, Time: 2010-10-11 11:00</description>
            <styleUrl>#month10</styleUrl>
            <Point>
                <coordinates>16.13171794,-19.2387146,0</coordinates>
            </Point>
        </Placemark>
        <Placemark>
            <name>Olifantsbad Waterhole - Month 10 - 2010-10-11 11:20</name>
            <description>Waterhole: Olifantsbad Waterhole, Month: 10, Time: 2010-10-11 11:20</description>
            <styleUrl>#month10</styleUrl>
            <Point>
                <coordinates>16.13158773,-19.23780924,0</coordinates>
            </Point>
        </Placemark>
        <Placemark>
            <name>Olifantsbad Waterhole - Month 10 - 2010-10-11 11:40</name>
            <description>Waterhole: Olifantsbad Waterhole, Month: 10, Time: 2010-10-11 11:40</description>
            <styleUrl>#month10</styleUrl>
            <Point>
                <coordinates>16.13158671,-19.23751628,0</coordinates>
            </Point>
        </Placemark>
        <Placemark>
            <name>Olifantsbad Waterhole - Month 10 - 2010-10-11 12:00</name>
            <description>Waterhole: Olifantsbad Waterhole, Month: 10, Time: 2010-10-11 12:00</description>
            <styleUrl>#month10</styleUrl>
            <Point>
                <coordinates>16.13171082,-19.23846436,0</coordinates>
            </Point>
        </Placemark>
        <Placemark>
            <name>Olifantsbad Waterhole - Month 10 - 2010-10-11 12:20</name>
            <description>Waterhole: Olifantsbad Waterhole, Month: 10, Time: 2010-10-11 12:20</description>
            <styleUrl>#month10</styleUrl>
            <Point>
                <coordinates>16.13169759,-19.23844198,0</coordinates>
            </Point>
        </Placemark>
        <Placemark>
            <name>Olifantsbad Waterhole - Month 10 - 2010-10-11 12:40</name>
            <description>Waterhole: Olifantsbad Waterhole, Month: 10, Time: 2010-10-11 12:40</description>
            <styleUrl>#month10</styleUrl>
            <Point>
                <coordinates>16.13104655,-19.23926188,0</coordinates>
            </Point>
        </Placemark>
        <Placemark>
            <name>Olifantsbad Waterhole - Month 10 - 2010-10-11 13:00</name>
            <description>Waterhole: Olifantsbad Waterhole, Month: 10, Time: 2010-10-11 13:00</description>
            <styleUrl>#month10</styleUrl>
            <Point>
                <coordinates>16.1293752,-19.23703817,0</coordinates>
            </Point>
        </Placemark>
        <Placemark>
            <name>Olifantsbad Waterhole - Month 10 - 2010-10-11 13:20</name>
            <description>Waterhole: Olifantsbad Waterhole, Month: 10, Time: 2010-10-11 13:20</description>
            <styleUrl>#month10</styleUrl>
            <Point>
                <coordinates>16.12880351,-19.23543498,0</coordinates>
            </Point>
        </Placemark>
        <Placemark>
            <name>Olifantsbad Waterhole - Month 10 - 2010-10-11 13:40</name>
            <description>Waterhole: Olifantsbad Waterhole, Month: 10, Time: 2010-10-11 13:40</description>
            <styleUrl>#month10</styleUrl>
            <Point>
                <coordinates>16.12892863,-19.23538005,0</coordinates>
            </Point>
        </Placemark>
        <Placemark>
            <name>Olifantsbad Waterhole - Month 10 - 2010-10-11 14:00</name>
            <description>Waterhole: Olifantsbad Waterhole, Month: 10, Time: 2010-10-11 14:00</description>
            <styleUrl>#month10</styleUrl>
            <Point>
                <coordinates>16.1289917,-19.23510335,0</coordinates>
            </Point>
        </Placemark>
        <Placemark>
            <name>Olifantsbad Waterhole - Month 10 - 2010-10-11 14:20</name>
            <description>Waterhole: Olifantsbad Waterhole, Month: 10, Time: 2010-10-11 14:20</description>
            <styleUrl>#month10</styleUrl>
            <Point>
                <coordinates>16.1286204,-19.23481038,0</coordinates>
            </Point>
        </Placemark>
        <Placemark>
            <name>Olifantsbad Waterhole - Month 10 - 2010-10-11 14:40</name>
            <description>Waterhole: Olifantsbad Waterhole, Month: 10, Time: 2010-10-11 14:40</description>
            <styleUrl>#month10</styleUrl>
            <Point>
                <coordinates>16.12652588,-19.23440959,0</coordinates>
            </Point>
        </Placemark>
        <Placemark>
            <name>Olifantsbad Waterhole - Month 10 - 2010-10-11 15:00</name>
            <description>Waterhole: Olifantsbad Waterhole, Month: 10, Time: 2010-10-11 15:00</description>
            <styleUrl>#month10</styleUrl>
            <Point>
                <coordinates>16.12354838,-19.234375,0</coordinates>
            </Point>
        </Placemark>
        <Placemark>
            <name>Gemsbokvlakte - Month 10 - 2010-10-12 16:00</name>
            <description>Waterhole: Gemsbokvlakte, Month: 10, Time: 2010-10-12 16:00</description>
            <styleUrl>#month10</styleUrl>
            <Point>
                <coordinates>16.06515605,-19.21144409,0</coordinates>
            </Point>
        </Placemark>
        <Placemark>
            <name>Gemsbokvlakte - Month 10 - 2010-10-12 16:20</name>
            <description>Waterhole: Gemsbokvlakte, Month: 10, Time: 2010-10-12 16:20</description>
            <styleUrl>#month10</styleUrl>
            <Point>
                <coordinates>16.05862732,-19.21313883,0</coordinates>
            </Point>
        </Placemark>
        <Placemark>
            <name>Gemsbokvlakte - Month 10 - 2010-10-12 16:40</name>
            <description>Waterhole: Gemsbokvlakte, Month: 10, Time: 2010-10-12 16:40</description>
            <styleUrl>#month10</styleUrl>
            <Point>
                <coordinates>16.05917867,-19.20976766,0</coordinates>
            </Point>
        </Placemark>
        <Placemark>
            <name>Gemsbokvlakte - Month 10 - 2010-10-15 20:00</name>
            <description>Waterhole: Gemsbokvlakte, Month: 10, Time: 2010-10-15 20:00</description>
            <styleUrl>#month10</styleUrl>
            <Point>
                <coordinates>16.05891418,-19.21340942,0</coordinates>
            </Point>
        </Placemark>
        <Placemark>
            <name>Gemsbokvlakte - Month 10 - 2010-10-15 20:20</name>
            <description>Waterhole: Gemsbokvlakte, Month: 10, Time: 2010-10-15 20:20</description>
            <styleUrl>#month10</styleUrl>
            <Point>
                <coordinates>16.05930074,-19.21266479,0</coordinates>
            </Point>
        </Placemark>
        <Placemark>
            <name>Gemsbokvlakte - Month 10 - 2010-10-15 20:40</name>
            <description>Waterhole: Gemsbokvlakte, Month: 10, Time: 2010-10-15 20:40</description>
            <styleUrl>#month10</styleUrl>
            <Point>
                <coordinates>16.06619873,-19.20783081,0</coordinates>
            </Point>
        </Placemark>
        <Placemark>
            <name>Gemsbokvlakte - Month 10 - 2010-10-16 19:00</name>
            <description>Waterhole: Gemsbokvlakte, Month: 10, Time: 2010-10-16 19:00</description>
            <styleUrl>#month10</styleUrl>
            <Point>
                <coordinates>16.06449382,-19.21156616,0</coordinates>
            </Point>
        </Placemark>
        <Placemark>
            <name>Gemsbokvlakte - Month 10 - 2010-10-16 19:20</name>
            <description>Waterhole: Gemsbokvlakte, Month: 10, Time: 2010-10-16 19:20</description>
            <styleUrl>#month10</styleUrl>
            <Point>
                <coordinates>16.05892741,-19.21348267,0</coordinates>
            </Point>
        </Placemark>
        <Placemark>
            <name>Gemsbokvlakte - Month 10 - 2010-10-16 19:40</name>
            <description>Waterhole: Gemsbokvlakte, Month: 10, Time: 2010-10-16 19:40</description>
            <styleUrl>#month10</styleUrl>
            <Point>
                <coordinates>16.05887655,-19.21326294,0</coordinates>
            </Point>
        </Placemark>
        <Placemark>
            <name>Gemsbokvlakte - Month 10 - 2010-10-16 20:00</name>
            <description>Waterhole: Gemsbokvlakte, Month: 10, Time: 2010-10-16 20:00</description>
            <styleUrl>#month10</styleUrl>
            <Point>
                <coordinates>16.06068014,-19.20992025,0</coordinates>
            </Point>
        </Placemark>
        <Placemark>
            <name>Kapupuhedi - Month 10 - 2010-10-17 17:40</name>
            <description>Waterhole: Kapupuhedi, Month: 10, Time: 2010-10-17 17:40</description>
            <styleUrl>#month10</styleUrl>
            <Point>
                <coordinates>16.07866313,-19.12360433,0</coordinates>
            </Point>
        </Placemark>
        <Placemark>
            <name>Kapupuhedi - Month 10 - 2010-10-17 18:00</name>
            <description>Waterhole: Kapupuhedi, Month: 10, Time: 2010-10-17 18:00</description>
            <styleUrl>#month10</styleUrl>
            <Point>
                <coordinates>16.07851257,-19.12370402,0</coordinates>
            </Point>
        </Placemark>
        <Placemark>
            <name>Kapupuhedi - Month 10 - 2010-10-17 18:20</name>
            <description>Waterhole: Kapupuhedi, Month: 10, Time: 2010-10-17 18:20</description>
            <styleUrl>#month10</styleUrl>
            <Point>
                <coordinates>16.07817383,-19.1245341,0</coordinates>
            </Point>
        </Placemark>
        <Placemark>
            <name>Gemsbokvlakte - Month 10 - 2010-10-18 09:00</name>
            <description>Waterhole: Gemsbokvlakte, Month: 10, Time: 2010-10-18 09:00</description>
            <styleUrl>#month10</styleUrl>
            <Point>
                <coordinates>16.06077169,-19.20931396,0</coordinates>
            </Point>
        </Placemark>
        <Placemark>
            <name>Gemsbokvlakte - Month 10 - 2010-10-18 09:20</name>
            <description>Waterhole: Gemsbokvlakte, Month: 10, Time: 2010-10-18 09:20</description>
            <styleUrl>#month10</styleUrl>
            <Point>
                <coordinates>16.05875651,-19.21314697,0</coordinates>
            </Point>
        </Placemark>
        <Placemark>
            <name>Gemsbokvlakte - Month 10 - 2010-10-18 09:40</name>
            <description>Waterhole: Gemsbokvlakte, Month: 10, Time: 2010-10-18 09:40</description>
            <styleUrl>#month10</styleUrl>
            <Point>
                <coordinates>16.05884298,-19.21324666,0</coordinates>
            </Point>
        </Placemark>
        <Placemark>
            <name>Gemsbokvlakte - Month 10 - 2010-10-18 10:00</name>
            <description>Waterhole: Gemsbokvlakte, Month: 10, Time: 2010-10-18 10:00</description>
            <styleUrl>#month10</styleUrl>
            <Point>
                <coordinates>16.05881958,-19.21325887,0</coordinates>
            </Point>
        </Placemark>
        <Placemark>
            <name>Gemsbokvlakte - Month 10 - 2010-10-18 10:20</name>
            <description>Waterhole: Gemsbokvlakte, Month: 10, Time: 2010-10-18 10:20</description>
            <styleUrl>#month10</styleUrl>
            <Point>
                <coordinates>16.05881449,-19.21322632,0</coordinates>
            </Point>
        </Placemark>
        <Placemark>
            <name>Gemsbokvlakte - Month 10 - 2010-10-18 10:40</name>
            <description>Waterhole: Gemsbokvlakte, Month: 10, Time: 2010-10-18 10:40</description>
            <styleUrl>#month10</styleUrl>
            <Point>
                <coordinates>16.05879924,-19.2132548,0</coordinates>
            </Point>
        </Placemark>
        <Placemark>
            <name>Gemsbokvlakte - Month 10 - 2010-10-18 11:00</name>
            <description>Waterhole: Gemsbokvlakte, Month: 10, Time: 2010-10-18 11:00</description>
            <styleUrl>#month10</styleUrl>
            <Point>
                <coordinates>16.05830587,-19.21182251,0</coordinates>
            </Point>
        </Placemark>
        <Placemark>
            <name>Gemsbokvlakte - Month 10 - 2010-10-18 11:20</name>
            <description>Waterhole: Gemsbokvlakte, Month: 10, Time: 2010-10-18 11:20</description>
            <styleUrl>#month10</styleUrl>
            <Point>
                <coordinates>16.05781962,-19.20889282,0</coordinates>
            </Point>
        </Placemark>
        <Placemark>
            <name>Gemsbokvlakte - Month 10 - 2010-10-18 11:40</name>
            <description>Waterhole: Gemsbokvlakte, Month: 10, Time: 2010-10-18 11:40</description>
            <styleUrl>#month10</styleUrl>
            <Point>
                <coordinates>16.05841064,-19.20894775,0</coordinates>
            </Point>
        </Placemark>
        <Placemark>
            <name>Gemsbokvlakte - Month 10 - 2010-10-18 12:00</name>
            <description>Waterhole: Gemsbokvlakte, Month: 10, Time: 2010-10-18 12:00</description>
            <styleUrl>#month10</styleUrl>
            <Point>
                <coordinates>16.05866903,-19.20951335,0</coordinates>
            </Point>
        </Placemark>
        <Placemark>
            <name>Gemsbokvlakte - Month 10 - 2010-10-18 12:20</name>
            <description>Waterhole: Gemsbokvlakte, Month: 10, Time: 2010-10-18 12:20</description>
            <styleUrl>#month10</styleUrl>
            <Point>
                <coordinates>16.05892741,-19.21343384,0</coordinates>
            </Point>
        </Placemark>
        <Placemark>
            <name>Gemsbokvlakte - Month 10 - 2010-10-18 12:40</name>
            <description>Waterhole: Gemsbokvlakte, Month: 10, Time: 2010-10-18 12:40</description>
            <styleUrl>#month10</styleUrl>
            <Point>
                <coordinates>16.05803324,-19.21116333,0</coordinates>
            </Point>
        </Placemark>
        <Placemark>
            <name>Gemsbokvlakte - Month 10 - 2010-10-18 13:00</name>
            <description>Waterhole: Gemsbokvlakte, Month: 10, Time: 2010-10-18 13:00</description>
            <styleUrl>#month10</styleUrl>
            <Point>
                <coordinates>16.0577535,-19.20868937,0</coordinates>
            </Point>
        </Placemark>
        <Placemark>
            <name>Gemsbokvlakte - Month 10 - 2010-10-18 13:20</name>
            <description>Waterhole: Gemsbokvlakte, Month: 10, Time: 2010-10-18 13:20</description>
            <styleUrl>#month10</styleUrl>
            <Point>
                <coordinates>16.05760905,-19.20765584,0</coordinates>
            </Point>
        </Placemark>
        <Placemark>
            <name>Gemsbokvlakte - Month 10 - 2010-10-18 13:40</name>
            <description>Waterhole: Gemsbokvlakte, Month: 10, Time: 2010-10-18 13:40</description>
            <styleUrl>#month10</styleUrl>
            <Point>
                <coordinates>16.0578186,-19.20771281,0</coordinates>
            </Point>
        </Placemark>
        <Placemark>
            <name>Gemsbokvlakte - Month 10 - 2010-10-18 14:00</name>
            <description>Waterhole: Gemsbokvlakte, Month: 10, Time: 2010-10-18 14:00</description>
            <styleUrl>#month10</styleUrl>
            <Point>
                <coordinates>16.05782471,-19.20768636,0</coordinates>
            </Point>
        </Placemark>
        <Placemark>
            <name>Gemsbokvlakte - Month 10 - 2010-10-18 14:20</name>
            <description>Waterhole: Gemsbokvlakte, Month: 10, Time: 2010-10-18 14:20</description>
            <styleUrl>#month10</styleUrl>
            <Point>
                <coordinates>16.05783081,-19.20773519,0</coordinates>
            </Point>
        </Placemark>
        <Placemark>
            <name>Gemsbokvlakte - Month 10 - 2010-10-18 14:40</name>
            <description>Waterhole: Gemsbokvlakte, Month: 10, Time: 2010-10-18 14:40</description>
            <styleUrl>#month10</styleUrl>
            <Point>
                <coordinates>16.05752563,-19.20778809,0</coordinates>
            </Point>
        </Placemark>
        <Placemark>
            <name>Gemsbokvlakte - Month 10 - 2010-10-18 15:00</name>
            <description>Waterhole: Gemsbokvlakte, Month: 10, Time: 2010-10-18 15:00</description>
            <styleUrl>#month10</styleUrl>
            <Point>
                <coordinates>16.05733541,-19.2078064,0</coordinates>
            </Point>
        </Placemark>
        <Placemark>
            <name>Gemsbokvlakte - Month 10 - 2010-10-18 15:20</name>
            <description>Waterhole: Gemsbokvlakte, Month: 10, Time: 2010-10-18 15:20</description>
            <styleUrl>#month10</styleUrl>
            <Point>
                <coordinates>16.05892843,-19.2117452,0</coordinates>
            </Point>
        </Placemark>
        <Placemark>
            <name>Gemsbokvlakte - Month 10 - 2010-10-18 15:40</name>
            <description>Waterhole: Gemsbokvlakte, Month: 10, Time: 2010-10-18 15:40</description>
            <styleUrl>#month10</styleUrl>
            <Point>
                <coordinates>16.05883687,-19.2134786,0</coordinates>
            </Point>
        </Placemark>
        <Placemark>
            <name>Gemsbokvlakte - Month 10 - 2010-10-18 16:00</name>
            <description>Waterhole: Gemsbokvlakte, Month: 10, Time: 2010-10-18 16:00</description>
            <styleUrl>#month10</styleUrl>
            <Point>
                <coordinates>16.06113485,-19.2056071,0</coordinates>
            </Point>
        </Placemark>
        <Placemark>
            <name>Gemsbokvlakte - Month 10 - 2010-10-19 20:40</name>
            <description>Waterhole: Gemsbokvlakte, Month: 10, Time: 2010-10-19 20:40</description>
            <styleUrl>#month10</styleUrl>
            <Point>
                <coordinates>16.05878601,-19.21347249,0</coordinates>
            </Point>
        </Placemark>
        <Placemark>
            <name>Gemsbokvlakte - Month 10 - 2010-10-19 21:00</name>
            <description>Waterhole: Gemsbokvlakte, Month: 10, Time: 2010-10-19 21:00</description>
            <styleUrl>#month10</styleUrl>
            <Point>
                <coordinates>16.05885518,-19.2132609,0</coordinates>
            </Point>
        </Placemark>
        <Placemark>
            <name>Gemsbokvlakte - Month 10 - 2010-10-19 21:20</name>
            <description>Waterhole: Gemsbokvlakte, Month: 10, Time: 2010-10-19 21:20</description>
            <styleUrl>#month10</styleUrl>
            <Point>
                <coordinates>16.06648356,-19.20834554,0</coordinates>
            </Point>
        </Placemark>
        <Placemark>
            <name>Olifantsbad Waterhole - Month 10 - 2010-10-20 12:00</name>
            <description>Waterhole: Olifantsbad Waterhole, Month: 10, Time: 2010-10-20 12:00</description>
            <styleUrl>#month10</styleUrl>
            <Point>
                <coordinates>16.12994486,-19.23551025,0</coordinates>
            </Point>
        </Placemark>
        <Placemark>
            <name>Olifantsbad Waterhole - Month 10 - 2010-10-20 12:20</name>
            <description>Waterhole: Olifantsbad Waterhole, Month: 10, Time: 2010-10-20 12:20</description>
            <styleUrl>#month10</styleUrl>
            <Point>
                <coordinates>16.1317393,-19.23858643,0</coordinates>
            </Point>
        </Placemark>
        <Placemark>
            <name>Olifantsbad Waterhole - Month 10 - 2010-10-20 12:40</name>
            <description>Waterhole: Olifantsbad Waterhole, Month: 10, Time: 2010-10-20 12:40</description>
            <styleUrl>#month10</styleUrl>
            <Point>
                <coordinates>16.13100993,-19.23560791,0</coordinates>
            </Point>
        </Placemark>
        <Placemark>
            <name>Olifantsbad Waterhole - Month 10 - 2010-10-20 13:00</name>
            <description>Waterhole: Olifantsbad Waterhole, Month: 10, Time: 2010-10-20 13:00</description>
            <styleUrl>#month10</styleUrl>
            <Point>
                <coordinates>16.13104553,-19.23487549,0</coordinates>
            </Point>
        </Placemark>
        <Placemark>
            <name>Olifantsbad Waterhole - Month 10 - 2010-10-20 13:20</name>
            <description>Waterhole: Olifantsbad Waterhole, Month: 10, Time: 2010-10-20 13:20</description>
            <styleUrl>#month10</styleUrl>
            <Point>
                <coordinates>16.13108927,-19.2347819,0</coordinates>
            </Point>
        </Placemark>
        <Placemark>
            <name>Olifantsbad Waterhole - Month 10 - 2010-10-20 13:40</name>
            <description>Waterhole: Olifantsbad Waterhole, Month: 10, Time: 2010-10-20 13:40</description>
            <styleUrl>#month10</styleUrl>
            <Point>
                <coordinates>16.13124898,-19.23439941,0</coordinates>
            </Point>
        </Placemark>
        <Placemark>
            <name>Olifantsbad Waterhole - Month 10 - 2010-10-20 14:00</name>
            <description>Waterhole: Olifantsbad Waterhole, Month: 10, Time: 2010-10-20 14:00</description>
            <styleUrl>#month10</styleUrl>
            <Point>
                <coordinates>16.13149211,-19.23424072,0</coordinates>
            </Point>
        </Placemark>
        <Placemark>
            <name>Olifantsbad Waterhole - Month 10 - 2010-10-20 14:20</name>
            <description>Waterhole: Olifantsbad Waterhole, Month: 10, Time: 2010-10-20 14:20</description>
            <styleUrl>#month10</styleUrl>
            <Point>
                <coordinates>16.13162944,-19.23395386,0</coordinates>
            </Point>
        </Placemark>
        <Placemark>
            <name>Olifantsbad Waterhole - Month 10 - 2010-10-20 14:40</name>
            <description>Waterhole: Olifantsbad Waterhole, Month: 10, Time: 2010-10-20 14:40</description>
            <styleUrl>#month10</styleUrl>
            <Point>
                <coordinates>16.13164266,-19.23394165,0</coordinates>
            </Point>
        </Placemark>
        <Placemark>
            <name>Olifantsbad Waterhole - Month 10 - 2010-10-20 15:00</name>
            <description>Waterhole: Olifantsbad Waterhole, Month: 10, Time: 2010-10-20 15:00</description>
            <styleUrl>#month10</styleUrl>
            <Point>
                <coordinates>16.13166911,-19.23405558,0</coordinates>
            </Point>
        </Placemark>
        <Placemark>
            <name>Olifantsbad Waterhole - Month 10 - 2010-10-20 15:20</name>
            <description>Waterhole: Olifantsbad Waterhole, Month: 10, Time: 2010-10-20 15:20</description>
            <styleUrl>#month10</styleUrl>
            <Point>
                <coordinates>16.131604,-19.234257,0</coordinates>
            </Point>
        </Placemark>
        <Placemark>
            <name>Olifantsbad Waterhole - Month 10 - 2010-10-20 15:40</name>
            <description>Waterhole: Olifantsbad Waterhole, Month: 10, Time: 2010-10-20 15:40</description>
            <styleUrl>#month10</styleUrl>
            <Point>
                <coordinates>16.13124593,-19.23509521,0</coordinates>
            </Point>
        </Placemark>
        <Placemark>
            <name>Olifantsbad Waterhole - Month 10 - 2010-10-20 16:00</name>
            <description>Waterhole: Olifantsbad Waterhole, Month: 10, Time: 2010-10-20 16:00</description>
            <styleUrl>#month10</styleUrl>
            <Point>
                <coordinates>16.13109436,-19.23809611,0</coordinates>
            </Point>
        </Placemark>
        <Placemark>
            <name>Olifantsbad Waterhole - Month 10 - 2010-10-20 16:20</name>
            <description>Waterhole: Olifantsbad Waterhole, Month: 10, Time: 2010-10-20 16:20</description>
            <styleUrl>#month10</styleUrl>
            <Point>
                <coordinates>16.12817688,-19.23491211,0</coordinates>
            </Point>
        </Placemark>
        <Placemark>
            <name>Olifantsbad Waterhole - Month 10 - 2010-10-20 16:40</name>
            <description>Waterhole: Olifantsbad Waterhole, Month: 10, Time: 2010-10-20 16:40</description>
            <styleUrl>#month10</styleUrl>
            <Point>
                <coordinates>16.12612508,-19.23179321,0</coordinates>
            </Point>
        </Placemark>
        <Placemark>
            <name>Olifantsbad Waterhole - Month 10 - 2010-10-21 09:20</name>
            <description>Waterhole: Olifantsbad Waterhole, Month: 10, Time: 2010-10-21 09:20</description>
            <styleUrl>#month10</styleUrl>
            <Point>
                <coordinates>16.12900492,-19.23689982,0</coordinates>
            </Point>
        </Placemark>
        <Placemark>
            <name>Olifantsbad Waterhole - Month 10 - 2010-10-21 09:40</name>
            <description>Waterhole: Olifantsbad Waterhole, Month: 10, Time: 2010-10-21 09:40</description>
            <styleUrl>#month10</styleUrl>
            <Point>
                <coordinates>16.1316569,-19.23853353,0</coordinates>
            </Point>
        </Placemark>
        <Placemark>
            <name>Olifantsbad Waterhole - Month 10 - 2010-10-21 10:00</name>
            <description>Waterhole: Olifantsbad Waterhole, Month: 10, Time: 2010-10-21 10:00</description>
            <styleUrl>#month10</styleUrl>
            <Point>
                <coordinates>16.13104757,-19.23562419,0</coordinates>
            </Point>
        </Placemark>
        <Placemark>
            <name>Olifantsbad Waterhole - Month 10 - 2010-10-21 10:20</name>
            <description>Waterhole: Olifantsbad Waterhole, Month: 10, Time: 2010-10-21 10:20</description>
            <styleUrl>#month10</styleUrl>
            <Point>
                <coordinates>16.13066406,-19.23445638,0</coordinates>
            </Point>
        </Placemark>
        <Placemark>
            <name>Olifantsbad Waterhole - Month 10 - 2010-10-21 10:40</name>
            <description>Waterhole: Olifantsbad Waterhole, Month: 10, Time: 2010-10-21 10:40</description>
            <styleUrl>#month10</styleUrl>
            <Point>
                <coordinates>16.1306427,-19.23426514,0</coordinates>
            </Point>
        </Placemark>
        <Placemark>
            <name>Olifantsbad Waterhole - Month 10 - 2010-10-21 11:00</name>
            <description>Waterhole: Olifantsbad Waterhole, Month: 10, Time: 2010-10-21 11:00</description>
            <styleUrl>#month10</styleUrl>
            <Point>
                <coordinates>16.13077087,-19.234198,0</coordinates>
            </Point>
        </Placemark>
        <Placemark>
            <name>Olifantsbad Waterhole - Month 10 - 2010-10-21 11:20</name>
            <description>Waterhole: Olifantsbad Waterhole, Month: 10, Time: 2010-10-21 11:20</description>
            <styleUrl>#month10</styleUrl>
            <Point>
                <coordinates>16.13088074,-19.234198,0</coordinates>
            </Point>
        </Placemark>
        <Placemark>
            <name>Olifantsbad Waterhole - Month 10 - 2010-10-21 11:40</name>
            <description>Waterhole: Olifantsbad Waterhole, Month: 10, Time: 2010-10-21 11:40</description>
            <styleUrl>#month10</styleUrl>
            <Point>
                <coordinates>16.13094991,-19.23434448,0</coordinates>
            </Point>
        </Placemark>
        <Placemark>
            <name>Olifantsbad Waterhole - Month 10 - 2010-10-21 12:00</name>
            <description>Waterhole: Olifantsbad Waterhole, Month: 10, Time: 2010-10-21 12:00</description>
            <styleUrl>#month10</styleUrl>
            <Point>
                <coordinates>16.13105672,-19.23444417,0</coordinates>
            </Point>
        </Placemark>
        <Placemark>
            <name>Olifantsbad Waterhole - Month 10 - 2010-10-21 12:20</name>
            <description>Waterhole: Olifantsbad Waterhole, Month: 10, Time: 2010-10-21 12:20</description>
            <styleUrl>#month10</styleUrl>
            <Point>
                <coordinates>16.13104655,-19.23517253,0</coordinates>
            </Point>
        </Placemark>
        <Placemark>
            <name>Olifantsbad Waterhole - Month 10 - 2010-10-21 12:40</name>
            <description>Waterhole: Olifantsbad Waterhole, Month: 10, Time: 2010-10-21 12:40</description>
            <styleUrl>#month10</styleUrl>
            <Point>
                <coordinates>16.13101908,-19.2351827,0</coordinates>
            </Point>
        </Placemark>
        <Placemark>
            <name>Olifantsbad Waterhole - Month 10 - 2010-10-21 13:00</name>
            <description>Waterhole: Olifantsbad Waterhole, Month: 10, Time: 2010-10-21 13:00</description>
            <styleUrl>#month10</styleUrl>
            <Point>
                <coordinates>16.13103231,-19.23521118,0</coordinates>
            </Point>
        </Placemark>
        <Placemark>
            <name>Olifantsbad Waterhole - Month 10 - 2010-10-21 13:20</name>
            <description>Waterhole: Olifantsbad Waterhole, Month: 10, Time: 2010-10-21 13:20</description>
            <styleUrl>#month10</styleUrl>
            <Point>
                <coordinates>16.13112895,-19.23586019,0</coordinates>
            </Point>
        </Placemark>
        <Placemark>
            <name>Olifantsbad Waterhole - Month 10 - 2010-10-21 13:40</name>
            <description>Waterhole: Olifantsbad Waterhole, Month: 10, Time: 2010-10-21 13:40</description>
            <styleUrl>#month10</styleUrl>
            <Point>
                <coordinates>16.13157857,-19.23873291,0</coordinates>
            </Point>
        </Placemark>
        <Placemark>
            <name>Olifantsbad Waterhole - Month 10 - 2010-10-21 14:00</name>
            <description>Waterhole: Olifantsbad Waterhole, Month: 10, Time: 2010-10-21 14:00</description>
            <styleUrl>#month10</styleUrl>
            <Point>
                <coordinates>16.13172099,-19.23849691,0</coordinates>
            </Point>
        </Placemark>
        <Placemark>
            <name>Olifantsbad Waterhole - Month 10 - 2010-10-21 14:20</name>
            <description>Waterhole: Olifantsbad Waterhole, Month: 10, Time: 2010-10-21 14:20</description>
            <styleUrl>#month10</styleUrl>
            <Point>
                <coordinates>16.13053691,-19.23354289,0</coordinates>
            </Point>
        </Placemark>
        <Placemark>
            <name>Olifantsbad Waterhole - Month 10 - 2010-10-21 14:40</name>
            <description>Waterhole: Olifantsbad Waterhole, Month: 10, Time: 2010-10-21 14:40</description>
            <styleUrl>#month10</styleUrl>
            <Point>
                <coordinates>16.12875773,-19.23031616,0</coordinates>
            </Point>
        </Placemark>
        <Placemark>
            <name>Gemsbokvlakte - Month 10 - 2010-10-22 17:20</name>
            <description>Waterhole: Gemsbokvlakte, Month: 10, Time: 2010-10-22 17:20</description>
            <styleUrl>#month10</styleUrl>
            <Point>
                <coordinates>16.06151326,-19.20822957,0</coordinates>
            </Point>
        </Placemark>
        <Placemark>
            <name>Gemsbokvlakte - Month 10 - 2010-10-22 17:40</name>
            <description>Waterhole: Gemsbokvlakte, Month: 10, Time: 2010-10-22 17:40</description>
            <styleUrl>#month10</styleUrl>
            <Point>
                <coordinates>16.05881958,-19.21336873,0</coordinates>
            </Point>
        </Placemark>
        <Placemark>
            <name>Gemsbokvlakte - Month 10 - 2010-10-22 18:00</name>
            <description>Waterhole: Gemsbokvlakte, Month: 10, Time: 2010-10-22 18:00</description>
            <styleUrl>#month10</styleUrl>
            <Point>
                <coordinates>16.05525716,-19.2122111,0</coordinates>
            </Point>
        </Placemark>
        <Placemark>
            <name>Gemsbokvlakte - Month 10 - 2010-10-27 22:20</name>
            <description>Waterhole: Gemsbokvlakte, Month: 10, Time: 2010-10-27 22:20</description>
            <styleUrl>#month10</styleUrl>
            <Point>
                <coordinates>16.05337118,-19.21507161,0</coordinates>
            </Point>
        </Placemark>
        <Placemark>
            <name>Gemsbokvlakte - Month 10 - 2010-10-27 22:40</name>
            <description>Waterhole: Gemsbokvlakte, Month: 10, Time: 2010-10-27 22:40</description>
            <styleUrl>#month10</styleUrl>
            <Point>
                <coordinates>16.05872904,-19.21339925,0</coordinates>
            </Point>
        </Placemark>
        <Placemark>
            <name>Gemsbokvlakte - Month 10 - 2010-10-27 23:00</name>
            <description>Waterhole: Gemsbokvlakte, Month: 10, Time: 2010-10-27 23:00</description>
            <styleUrl>#month10</styleUrl>
            <Point>
                <coordinates>16.06113485,-19.21165365,0</coordinates>
            </Point>
        </Placemark>
        <Placemark>
            <name>Gemsbokvlakte - Month 10 - 2010-10-27 23:20</name>
            <description>Waterhole: Gemsbokvlakte, Month: 10, Time: 2010-10-27 23:20</description>
            <styleUrl>#month10</styleUrl>
            <Point>
                <coordinates>16.06622009,-19.20829264,0</coordinates>
            </Point>
        </Placemark>
        <Placemark>
            <name>Gemsbokvlakte - Month 10 - 2010-10-28 22:00</name>
            <description>Waterhole: Gemsbokvlakte, Month: 10, Time: 2010-10-28 22:00</description>
            <styleUrl>#month10</styleUrl>
            <Point>
                <coordinates>16.06016642,-19.21077067,0</coordinates>
            </Point>
        </Placemark>
        <Placemark>
            <name>Gemsbokvlakte - Month 10 - 2010-10-28 22:20</name>
            <description>Waterhole: Gemsbokvlakte, Month: 10, Time: 2010-10-28 22:20</description>
            <styleUrl>#month10</styleUrl>
            <Point>
                <coordinates>16.05880941,-19.21327515,0</coordinates>
            </Point>
        </Placemark>
        <Placemark>
            <name>Gemsbokvlakte - Month 10 - 2010-10-28 22:40</name>
            <description>Waterhole: Gemsbokvlakte, Month: 10, Time: 2010-10-28 22:40</description>
            <styleUrl>#month10</styleUrl>
            <Point>
                <coordinates>16.05883179,-19.21327515,0</coordinates>
            </Point>
        </Placemark>
        <Placemark>
            <name>Gemsbokvlakte - Month 10 - 2010-10-28 23:00</name>
            <description>Waterhole: Gemsbokvlakte, Month: 10, Time: 2010-10-28 23:00</description>
            <styleUrl>#month10</styleUrl>
            <Point>
                <coordinates>16.0579305,-19.21322632,0</coordinates>
            </Point>
        </Placemark>
        <Placemark>
            <name>Ombika - Month 11 - 2010-11-14 18:40</name>
            <description>Waterhole: Ombika, Month: 11, Time: 2010-11-14 18:40</description>
            <styleUrl>#month11</styleUrl>
            <Point>
                <coordinates>15.94150594,-19.3150533,0</coordinates>
            </Point>
        </Placemark>
        <Placemark>
            <name>Ombika - Month 11 - 2010-11-14 19:00</name>
            <description>Waterhole: Ombika, Month: 11, Time: 2010-11-14 19:00</description>
            <styleUrl>#month11</styleUrl>
            <Point>
                <coordinates>15.94095764,-19.31617635,0</coordinates>
            </Point>
        </Placemark>
        <Placemark>
            <name>Ombika - Month 11 - 2010-11-14 19:20</name>
            <description>Waterhole: Ombika, Month: 11, Time: 2010-11-14 19:20</description>
            <styleUrl>#month11</styleUrl>
            <Point>
                <coordinates>15.94075928,-19.31622111,0</coordinates>
            </Point>
        </Placemark>
        <Placemark>
            <name>Ombika - Month 11 - 2010-11-14 19:40</name>
            <description>Waterhole: Ombika, Month: 11, Time: 2010-11-14 19:40</description>
            <styleUrl>#month11</styleUrl>
            <Point>
                <coordinates>15.94095561,-19.31634115,0</coordinates>
            </Point>
        </Placemark>
        <Placemark>
            <name>Ombika - Month 11 - 2010-11-14 20:00</name>
            <description>Waterhole: Ombika, Month: 11, Time: 2010-11-14 20:00</description>
            <styleUrl>#month11</styleUrl>
            <Point>
                <coordinates>15.94092204,-19.31624552,0</coordinates>
            </Point>
        </Placemark>
        <Placemark>
            <name>Ombika - Month 11 - 2010-11-14 20:20</name>
            <description>Waterhole: Ombika, Month: 11, Time: 2010-11-14 20:20</description>
            <styleUrl>#month11</styleUrl>
            <Point>
                <coordinates>15.94045614,-19.31611532,0</coordinates>
            </Point>
        </Placemark>
        <Placemark>
            <name>Ombika - Month 11 - 2010-11-14 20:40</name>
            <description>Waterhole: Ombika, Month: 11, Time: 2010-11-14 20:40</description>
            <styleUrl>#month11</styleUrl>
            <Point>
                <coordinates>15.93869019,-19.31559245,0</coordinates>
            </Point>
        </Placemark>
        <Placemark>
            <name>Ombika - Month 11 - 2010-11-14 21:00</name>
            <description>Waterhole: Ombika, Month: 11, Time: 2010-11-14 21:00</description>
            <styleUrl>#month11</styleUrl>
            <Point>
                <coordinates>15.93442586,-19.31337077,0</coordinates>
            </Point>
        </Placemark>
        <Placemark>
            <name>Grünewald waterhole - Month 11 - 2010-11-17 15:40</name>
            <description>Waterhole: Grünewald waterhole, Month: 11, Time: 2010-11-17 15:40</description>
            <styleUrl>#month11</styleUrl>
            <Point>
                <coordinates>15.63975423,-19.12202352,0</coordinates>
            </Point>
        </Placemark>
        <Placemark>
            <name>Ozonjuitji m'Bari - Month 11 - 2010-11-18 16:40</name>
            <description>Waterhole: Ozonjuitji m'Bari, Month: 11, Time: 2010-11-18 16:40</description>
            <styleUrl>#month11</styleUrl>
            <Point>
                <coordinates>15.50361735,-18.97651774,0</coordinates>
            </Point>
        </Placemark>
        <Placemark>
            <name>Ozonjuitji m'Bari - Month 11 - 2010-11-18 17:00</name>
            <description>Waterhole: Ozonjuitji m'Bari, Month: 11, Time: 2010-11-18 17:00</description>
            <styleUrl>#month11</styleUrl>
            <Point>
                <coordinates>15.50388896,-18.97599894,0</coordinates>
            </Point>
        </Placemark>
        <Placemark>
            <name>Ozonjuitji m'Bari - Month 11 - 2010-11-18 17:20</name>
            <description>Waterhole: Ozonjuitji m'Bari, Month: 11, Time: 2010-11-18 17:20</description>
            <styleUrl>#month11</styleUrl>
            <Point>
                <coordinates>15.50499776,-18.97227783,0</coordinates>
            </Point>
        </Placemark>
        <Placemark>
            <name>Ozonjuitji m'Bari - Month 4 - 2010-04-13 18:00</name>
            <description>Waterhole: Ozonjuitji m'Bari, Month: 4, Time: 2010-04-13 18:00</description>
            <styleUrl>#month4</styleUrl>
            <Point>
                <coordinates>15.50375773,-18.97600301,0</coordinates>
            </Point>
        </Placemark>
        <Placemark>
            <name>Gemsbokvlakte - Month 4 - 2010-04-16 21:20</name>
            <description>Waterhole: Gemsbokvlakte, Month: 4, Time: 2010-04-16 21:20</description>
            <styleUrl>#month4</styleUrl>
            <Point>
                <coordinates>16.05531921,-19.21529744,0</coordinates>
            </Point>
        </Placemark>
        <Placemark>
            <name>Gemsbokvlakte - Month 4 - 2010-04-16 21:40</name>
            <description>Waterhole: Gemsbokvlakte, Month: 4, Time: 2010-04-16 21:40</description>
            <styleUrl>#month4</styleUrl>
            <Point>
                <coordinates>16.06226298,-19.21445719,0</coordinates>
            </Point>
        </Placemark>
        <Placemark>
            <name>Olifantsbad Waterhole - Month 4 - 2010-04-17 10:20</name>
            <description>Waterhole: Olifantsbad Waterhole, Month: 4, Time: 2010-04-17 10:20</description>
            <styleUrl>#month4</styleUrl>
            <Point>
                <coordinates>16.12789714,-19.23085531,0</coordinates>
            </Point>
        </Placemark>
        <Placemark>
            <name>Olifantsbad Waterhole - Month 4 - 2010-04-17 10:40</name>
            <description>Waterhole: Olifantsbad Waterhole, Month: 4, Time: 2010-04-17 10:40</description>
            <styleUrl>#month4</styleUrl>
            <Point>
                <coordinates>16.1298289,-19.23197225,0</coordinates>
            </Point>
        </Placemark>
        <Placemark>
            <name>Olifantsbad Waterhole - Month 4 - 2010-04-17 11:00</name>
            <description>Waterhole: Olifantsbad Waterhole, Month: 4, Time: 2010-04-17 11:00</description>
            <styleUrl>#month4</styleUrl>
            <Point>
                <coordinates>16.13080139,-19.23168335,0</coordinates>
            </Point>
        </Placemark>
        <Placemark>
            <name>Olifantsbad Waterhole - Month 4 - 2010-04-17 11:20</name>
            <description>Waterhole: Olifantsbad Waterhole, Month: 4, Time: 2010-04-17 11:20</description>
            <styleUrl>#month4</styleUrl>
            <Point>
                <coordinates>16.13158976,-19.23196208,0</coordinates>
            </Point>
        </Placemark>
        <Placemark>
            <name>Olifantsbad Waterhole - Month 4 - 2010-04-17 11:40</name>
            <description>Waterhole: Olifantsbad Waterhole, Month: 4, Time: 2010-04-17 11:40</description>
            <styleUrl>#month4</styleUrl>
            <Point>
                <coordinates>16.13157043,-19.2319519,0</coordinates>
            </Point>
        </Placemark>
        <Placemark>
            <name>Olifantsbad Waterhole - Month 4 - 2010-04-17 12:00</name>
            <description>Waterhole: Olifantsbad Waterhole, Month: 4, Time: 2010-04-17 12:00</description>
            <styleUrl>#month4</styleUrl>
            <Point>
                <coordinates>16.13160095,-19.2319397,0</coordinates>
            </Point>
        </Placemark>
        <Placemark>
            <name>Olifantsbad Waterhole - Month 4 - 2010-04-17 12:20</name>
            <description>Waterhole: Olifantsbad Waterhole, Month: 4, Time: 2010-04-17 12:20</description>
            <styleUrl>#month4</styleUrl>
            <Point>
                <coordinates>16.13353271,-19.23129272,0</coordinates>
            </Point>
        </Placemark>
        <Placemark>
            <name>Olifantsbad Waterhole - Month 4 - 2010-04-17 12:40</name>
            <description>Waterhole: Olifantsbad Waterhole, Month: 4, Time: 2010-04-17 12:40</description>
            <styleUrl>#month4</styleUrl>
            <Point>
                <coordinates>16.13485514,-19.23119303,0</coordinates>
            </Point>
        </Placemark>
        <Placemark>
            <name>Aus Fountain - Month 4 - 2010-04-23 15:40</name>
            <description>Waterhole: Aus Fountain, Month: 4, Time: 2010-04-23 15:40</description>
            <styleUrl>#month4</styleUrl>
            <Point>
                <coordinates>16.19450175,-19.20676473,0</coordinates>
            </Point>
        </Placemark>
        <Placemark>
            <name>Aus Fountain - Month 4 - 2010-04-23 16:00</name>
            <description>Waterhole: Aus Fountain, Month: 4, Time: 2010-04-23 16:00</description>
            <styleUrl>#month4</styleUrl>
            <Point>
                <coordinates>16.18863627,-19.20735067,0</coordinates>
            </Point>
        </Placemark>
        <Placemark>
            <name>Olifantsbad Waterhole - Month 4 - 2010-04-24 10:20</name>
            <description>Waterhole: Olifantsbad Waterhole, Month: 4, Time: 2010-04-24 10:20</description>
            <styleUrl>#month4</styleUrl>
            <Point>
                <coordinates>16.13775126,-19.24408162,0</coordinates>
            </Point>
        </Placemark>
        <Placemark>
            <name>Olifantsbad Waterhole - Month 4 - 2010-04-24 10:40</name>
            <description>Waterhole: Olifantsbad Waterhole, Month: 4, Time: 2010-04-24 10:40</description>
            <styleUrl>#month4</styleUrl>
            <Point>
                <coordinates>16.13236287,-19.24599406,0</coordinates>
            </Point>
        </Placemark>
        <Placemark>
            <name>Olifantsbad Waterhole - Month 4 - 2010-04-24 11:00</name>
            <description>Waterhole: Olifantsbad Waterhole, Month: 4, Time: 2010-04-24 11:00</description>
            <styleUrl>#month4</styleUrl>
            <Point>
                <coordinates>16.13032939,-19.2449707,0</coordinates>
            </Point>
        </Placemark>
        <Placemark>
            <name>Olifantsbad Waterhole - Month 4 - 2010-04-24 11:20</name>
            <description>Waterhole: Olifantsbad Waterhole, Month: 4, Time: 2010-04-24 11:20</description>
            <styleUrl>#month4</styleUrl>
            <Point>
                <coordinates>16.12772827,-19.24430542,0</coordinates>
            </Point>
        </Placemark>
    </Folder>
</Document>
</kml>