<?xml version="1.0" encoding="UTF-8"?>
<kml xmlns="http://www.opengis.net/kml/2.2">
<Document>
    <name>08fe 2010 Waterholes</name>
    <Style id="month1"><IconStyle><color>ff0000ff</color><scale>0.5</scale></IconStyle></Style>
    <Style id="month2"><IconStyle><color>ff00ff00</color><scale>0.5</scale></IconStyle></Style>
    <Style id="month3"><IconStyle><color>ffff0000</color><scale>0.5</scale></IconStyle></Style>
    <Style id="month4"><IconStyle><color>ffffff00</color><scale>0.5</scale></IconStyle></Style>
    <Style id="month5"><IconStyle><color>ff00ffff</color><scale>0.5</scale></IconStyle></Style>
    <Style id="month6"><IconStyle><color>ffff00ff</color><scale>0.5</scale></IconStyle></Style>
    <Style id="month7"><IconStyle><color>ff800000</color><scale>0.5</scale></IconStyle></Style>
    <Style id="month8"><IconStyle><color>ff008000</color><scale>0.5</scale></IconStyle></Style>
    <Style id="month9"><IconStyle><color>ff000080</color><scale>0.5</scale></IconStyle></Style>
    <Style id="month10"><IconStyle><color>ff808000</color><scale>0.5</scale></IconStyle></Style>
    <Style id="month11"><IconStyle><color>ff008080</color><scale>0.5</scale></IconStyle></Style>
    <Style id="month12"><IconStyle><color>ff800080</color><scale>0.5</scale></IconStyle></Style>
    <Folder>
        <name>Waterhole Visits</name>
        <Placemark>
            <name>Teespoet waterhole - Month 5 - 2010-05-12 17:21</name>
            <description>Waterhole: Teespoet waterhole, Month: 5, Time: 2010-05-12 17:21</description>
            <styleUrl>#month5</styleUrl>
            <Point>
                <coordinates>15.05813599,-18.97504272,0</coordinates>
            </Point>
        </Placemark>
        <Placemark>
            <name>Teespoet waterhole - Month 5 - 2010-05-12 17:41</name>
            <description>Waterhole: Teespoet waterhole, Month: 5, Time: 2010-05-12 17:41</description>
            <styleUrl>#month5</styleUrl>
            <Point>
                <coordinates>15.05905965,-18.97636515,0</coordinates>
            </Point>
        </Placemark>
        <Placemark>
            <name>Teespoet waterhole - Month 5 - 2010-05-12 18:01</name>
            <description>Waterhole: Teespoet waterhole, Month: 5, Time: 2010-05-12 18:01</description>
            <styleUrl>#month5</styleUrl>
            <Point>
                <coordinates>15.0602773,-18.97763875,0</coordinates>
            </Point>
        </Placemark>
        <Placemark>
            <name>Teespoet waterhole - Month 5 - 2010-05-12 18:21</name>
            <description>Waterhole: Teespoet waterhole, Month: 5, Time: 2010-05-12 18:21</description>
            <styleUrl>#month5</styleUrl>
            <Point>
                <coordinates>15.06111247,-18.97788289,0</coordinates>
            </Point>
        </Placemark>
        <Placemark>
            <name>Teespoet waterhole - Month 5 - 2010-05-12 18:41</name>
            <description>Waterhole: Teespoet waterhole, Month: 5, Time: 2010-05-12 18:41</description>
            <styleUrl>#month5</styleUrl>
            <Point>
                <coordinates>15.06109416,-18.97780965,0</coordinates>
            </Point>
        </Placemark>
        <Placemark>
            <name>Teespoet waterhole - Month 5 - 2010-05-12 19:01</name>
            <description>Waterhole: Teespoet waterhole, Month: 5, Time: 2010-05-12 19:01</description>
            <styleUrl>#month5</styleUrl>
            <Point>
                <coordinates>15.06113688,-18.97780965,0</coordinates>
            </Point>
        </Placemark>
        <Placemark>
            <name>Teespoet waterhole - Month 5 - 2010-05-12 19:21</name>
            <description>Waterhole: Teespoet waterhole, Month: 5, Time: 2010-05-12 19:21</description>
            <styleUrl>#month5</styleUrl>
            <Point>
                <coordinates>15.06156921,-18.9797465,0</coordinates>
            </Point>
        </Placemark>
        <Placemark>
            <name>Teespoet waterhole - Month 5 - 2010-05-12 19:41</name>
            <description>Waterhole: Teespoet waterhole, Month: 5, Time: 2010-05-12 19:41</description>
            <styleUrl>#month5</styleUrl>
            <Point>
                <coordinates>15.05773722,-18.98280843,0</coordinates>
            </Point>
        </Placemark>
        <Placemark>
            <name>Tobieroen - Month 5 - 2010-05-13 12:41</name>
            <description>Waterhole: Tobieroen, Month: 5, Time: 2010-05-13 12:41</description>
            <styleUrl>#month5</styleUrl>
            <Point>
                <coordinates>14.95793762,-18.97861328,0</coordinates>
            </Point>
        </Placemark>
        <Placemark>
            <name>Tobieroen - Month 5 - 2010-05-13 13:01</name>
            <description>Waterhole: Tobieroen, Month: 5, Time: 2010-05-13 13:01</description>
            <styleUrl>#month5</styleUrl>
            <Point>
                <coordinates>14.95754293,-18.97149862,0</coordinates>
            </Point>
        </Placemark>
        <Placemark>
            <name>Tobieroen - Month 5 - 2010-05-13 13:21</name>
            <description>Waterhole: Tobieroen, Month: 5, Time: 2010-05-13 13:21</description>
            <styleUrl>#month5</styleUrl>
            <Point>
                <coordinates>14.96628215,-18.96730347,0</coordinates>
            </Point>
        </Placemark>
        <Placemark>
            <name>Tobieroen - Month 5 - 2010-05-13 17:01</name>
            <description>Waterhole: Tobieroen, Month: 5, Time: 2010-05-13 17:01</description>
            <styleUrl>#month5</styleUrl>
            <Point>
                <coordinates>14.96390381,-18.97582194,0</coordinates>
            </Point>
        </Placemark>
        <Placemark>
            <name>Tobieroen - Month 5 - 2010-05-13 17:21</name>
            <description>Waterhole: Tobieroen, Month: 5, Time: 2010-05-13 17:21</description>
            <styleUrl>#month5</styleUrl>
            <Point>
                <coordinates>14.96007996,-18.97416382,0</coordinates>
            </Point>
        </Placemark>
        <Placemark>
            <name>Tobieroen - Month 5 - 2010-05-13 17:41</name>
            <description>Waterhole: Tobieroen, Month: 5, Time: 2010-05-13 17:41</description>
            <styleUrl>#month5</styleUrl>
            <Point>
                <coordinates>14.95803324,-18.96991781,0</coordinates>
            </Point>
        </Placemark>
        <Placemark>
            <name>Tobieroen - Month 5 - 2010-05-13 18:01</name>
            <description>Waterhole: Tobieroen, Month: 5, Time: 2010-05-13 18:01</description>
            <styleUrl>#month5</styleUrl>
            <Point>
                <coordinates>14.95911967,-18.96794434,0</coordinates>
            </Point>
        </Placemark>
        <Placemark>
            <name>Tobieroen - Month 5 - 2010-05-13 18:21</name>
            <description>Waterhole: Tobieroen, Month: 5, Time: 2010-05-13 18:21</description>
            <styleUrl>#month5</styleUrl>
            <Point>
                <coordinates>14.95974121,-18.9681661,0</coordinates>
            </Point>
        </Placemark>
        <Placemark>
            <name>Tobieroen - Month 5 - 2010-05-13 18:41</name>
            <description>Waterhole: Tobieroen, Month: 5, Time: 2010-05-13 18:41</description>
            <styleUrl>#month5</styleUrl>
            <Point>
                <coordinates>14.96358439,-18.96626587,0</coordinates>
            </Point>
        </Placemark>
        <Placemark>
            <name>Teespoet waterhole - Month 5 - 2010-05-14 16:41</name>
            <description>Waterhole: Teespoet waterhole, Month: 5, Time: 2010-05-14 16:41</description>
            <styleUrl>#month5</styleUrl>
            <Point>
                <coordinates>15.06142273,-18.97570394,0</coordinates>
            </Point>
        </Placemark>
        <Placemark>
            <name>Teespoet waterhole - Month 5 - 2010-05-14 17:01</name>
            <description>Waterhole: Teespoet waterhole, Month: 5, Time: 2010-05-14 17:01</description>
            <styleUrl>#month5</styleUrl>
            <Point>
                <coordinates>15.06091512,-18.97576701,0</coordinates>
            </Point>
        </Placemark>
        <Placemark>
            <name>Teespoet waterhole - Month 5 - 2010-05-14 17:21</name>
            <description>Waterhole: Teespoet waterhole, Month: 5, Time: 2010-05-14 17:21</description>
            <styleUrl>#month5</styleUrl>
            <Point>
                <coordinates>15.06217753,-18.97665609,0</coordinates>
            </Point>
        </Placemark>
        <Placemark>
            <name>Teespoet waterhole - Month 5 - 2010-05-14 17:41</name>
            <description>Waterhole: Teespoet waterhole, Month: 5, Time: 2010-05-14 17:41</description>
            <styleUrl>#month5</styleUrl>
            <Point>
                <coordinates>15.06296794,-18.97961222,0</coordinates>
            </Point>
        </Placemark>
        <Placemark>
            <name>Teespoet waterhole - Month 5 - 2010-05-14 18:01</name>
            <description>Waterhole: Teespoet waterhole, Month: 5, Time: 2010-05-14 18:01</description>
            <styleUrl>#month5</styleUrl>
            <Point>
                <coordinates>15.062146,-18.98089396,0</coordinates>
            </Point>
        </Placemark>
        <Placemark>
            <name>Teespoet waterhole - Month 5 - 2010-05-14 18:21</name>
            <description>Waterhole: Teespoet waterhole, Month: 5, Time: 2010-05-14 18:21</description>
            <styleUrl>#month5</styleUrl>
            <Point>
                <coordinates>15.06393534,-18.9823527,0</coordinates>
            </Point>
        </Placemark>
        <Placemark>
            <name>Teespoet waterhole - Month 5 - 2010-05-14 18:41</name>
            <description>Waterhole: Teespoet waterhole, Month: 5, Time: 2010-05-14 18:41</description>
            <styleUrl>#month5</styleUrl>
            <Point>
                <coordinates>15.06449992,-18.9824585,0</coordinates>
            </Point>
        </Placemark>
        <Placemark>
            <name>Teespoet waterhole - Month 5 - 2010-05-14 19:01</name>
            <description>Waterhole: Teespoet waterhole, Month: 5, Time: 2010-05-14 19:01</description>
            <styleUrl>#month5</styleUrl>
            <Point>
                <coordinates>15.06643982,-18.98425903,0</coordinates>
            </Point>
        </Placemark>
        <Placemark>
            <name>Teespoet waterhole - Month 5 - 2010-05-14 19:21</name>
            <description>Waterhole: Teespoet waterhole, Month: 5, Time: 2010-05-14 19:21</description>
            <styleUrl>#month5</styleUrl>
            <Point>
                <coordinates>15.06711426,-18.98469035,0</coordinates>
            </Point>
        </Placemark>
        <Placemark>
            <name>Teespoet waterhole - Month 5 - 2010-05-14 19:41</name>
            <description>Waterhole: Teespoet waterhole, Month: 5, Time: 2010-05-14 19:41</description>
            <styleUrl>#month5</styleUrl>
            <Point>
                <coordinates>15.06709595,-18.98469645,0</coordinates>
            </Point>
        </Placemark>
        <Placemark>
            <name>Teespoet waterhole - Month 5 - 2010-05-15 06:21</name>
            <description>Waterhole: Teespoet waterhole, Month: 5, Time: 2010-05-15 06:21</description>
            <styleUrl>#month5</styleUrl>
            <Point>
                <coordinates>15.05842997,-18.98735148,0</coordinates>
            </Point>
        </Placemark>
        <Placemark>
            <name>Teespoet waterhole - Month 5 - 2010-05-15 06:41</name>
            <description>Waterhole: Teespoet waterhole, Month: 5, Time: 2010-05-15 06:41</description>
            <styleUrl>#month5</styleUrl>
            <Point>
                <coordinates>15.0562266,-18.98330485,0</coordinates>
            </Point>
        </Placemark>
        <Placemark>
            <name>Teespoet waterhole - Month 5 - 2010-05-15 07:01</name>
            <description>Waterhole: Teespoet waterhole, Month: 5, Time: 2010-05-15 07:01</description>
            <styleUrl>#month5</styleUrl>
            <Point>
                <coordinates>15.054363,-18.97934774,0</coordinates>
            </Point>
        </Placemark>
        <Placemark>
            <name>Teespoet waterhole - Month 5 - 2010-05-17 05:01</name>
            <description>Waterhole: Teespoet waterhole, Month: 5, Time: 2010-05-17 05:01</description>
            <styleUrl>#month5</styleUrl>
            <Point>
                <coordinates>15.05486552,-18.97328898,0</coordinates>
            </Point>
        </Placemark>
        <Placemark>
            <name>Teespoet waterhole - Month 5 - 2010-05-17 05:21</name>
            <description>Waterhole: Teespoet waterhole, Month: 5, Time: 2010-05-17 05:21</description>
            <styleUrl>#month5</styleUrl>
            <Point>
                <coordinates>15.05533549,-18.97602946,0</coordinates>
            </Point>
        </Placemark>
        <Placemark>
            <name>Teespoet waterhole - Month 5 - 2010-05-17 05:41</name>
            <description>Waterhole: Teespoet waterhole, Month: 5, Time: 2010-05-17 05:41</description>
            <styleUrl>#month5</styleUrl>
            <Point>
                <coordinates>15.05540466,-18.9774231,0</coordinates>
            </Point>
        </Placemark>
        <Placemark>
            <name>Teespoet waterhole - Month 5 - 2010-05-17 06:01</name>
            <description>Waterhole: Teespoet waterhole, Month: 5, Time: 2010-05-17 06:01</description>
            <styleUrl>#month5</styleUrl>
            <Point>
                <coordinates>15.05608826,-18.97765503,0</coordinates>
            </Point>
        </Placemark>
        <Placemark>
            <name>Teespoet waterhole - Month 5 - 2010-05-17 06:21</name>
            <description>Waterhole: Teespoet waterhole, Month: 5, Time: 2010-05-17 06:21</description>
            <styleUrl>#month5</styleUrl>
            <Point>
                <coordinates>15.05818278,-18.97652384,0</coordinates>
            </Point>
        </Placemark>
        <Placemark>
            <name>Teespoet waterhole - Month 5 - 2010-05-17 06:41</name>
            <description>Waterhole: Teespoet waterhole, Month: 5, Time: 2010-05-17 06:41</description>
            <styleUrl>#month5</styleUrl>
            <Point>
                <coordinates>15.05850118,-18.97517293,0</coordinates>
            </Point>
        </Placemark>
        <Placemark>
            <name>Teespoet waterhole - Month 5 - 2010-05-17 07:01</name>
            <description>Waterhole: Teespoet waterhole, Month: 5, Time: 2010-05-17 07:01</description>
            <styleUrl>#month5</styleUrl>
            <Point>
                <coordinates>15.05828756,-18.97492065,0</coordinates>
            </Point>
        </Placemark>
        <Placemark>
            <name>Teespoet waterhole - Month 5 - 2010-05-17 07:21</name>
            <description>Waterhole: Teespoet waterhole, Month: 5, Time: 2010-05-17 07:21</description>
            <styleUrl>#month5</styleUrl>
            <Point>
                <coordinates>15.0584788,-18.97436117,0</coordinates>
            </Point>
        </Placemark>
        <Placemark>
            <name>Teespoet waterhole - Month 5 - 2010-05-17 07:41</name>
            <description>Waterhole: Teespoet waterhole, Month: 5, Time: 2010-05-17 07:41</description>
            <styleUrl>#month5</styleUrl>
            <Point>
                <coordinates>15.05870056,-18.97428385,0</coordinates>
            </Point>
        </Placemark>
        <Placemark>
            <name>Teespoet waterhole - Month 5 - 2010-05-17 08:01</name>
            <description>Waterhole: Teespoet waterhole, Month: 5, Time: 2010-05-17 08:01</description>
            <styleUrl>#month5</styleUrl>
            <Point>
                <coordinates>15.05860291,-18.97424113,0</coordinates>
            </Point>
        </Placemark>
        <Placemark>
            <name>Teespoet waterhole - Month 5 - 2010-05-17 08:21</name>
            <description>Waterhole: Teespoet waterhole, Month: 5, Time: 2010-05-17 08:21</description>
            <styleUrl>#month5</styleUrl>
            <Point>
                <coordinates>15.05816142,-18.97502238,0</coordinates>
            </Point>
        </Placemark>
        <Placemark>
            <name>Teespoet waterhole - Month 5 - 2010-05-17 08:41</name>
            <description>Waterhole: Teespoet waterhole, Month: 5, Time: 2010-05-17 08:41</description>
            <styleUrl>#month5</styleUrl>
            <Point>
                <coordinates>15.05921631,-18.97710978,0</coordinates>
            </Point>
        </Placemark>
        <Placemark>
            <name>Teespoet waterhole - Month 5 - 2010-05-17 09:01</name>
            <description>Waterhole: Teespoet waterhole, Month: 5, Time: 2010-05-17 09:01</description>
            <styleUrl>#month5</styleUrl>
            <Point>
                <coordinates>15.06266581,-18.97934163,0</coordinates>
            </Point>
        </Placemark>
        <Placemark>
            <name>Teespoet waterhole - Month 5 - 2010-05-17 09:21</name>
            <description>Waterhole: Teespoet waterhole, Month: 5, Time: 2010-05-17 09:21</description>
            <styleUrl>#month5</styleUrl>
            <Point>
                <coordinates>15.07058512,-18.98032023,0</coordinates>
            </Point>
        </Placemark>
        <Placemark>
            <name>Bitterwater Waterhole - Month 5 - 2010-05-17 12:41</name>
            <description>Waterhole: Bitterwater Waterhole, Month: 5, Time: 2010-05-17 12:41</description>
            <styleUrl>#month5</styleUrl>
            <Point>
                <coordinates>15.16219177,-18.97750244,0</coordinates>
            </Point>
        </Placemark>
        <Placemark>
            <name>Duiwelsvuur - Month 5 - 2010-05-17 16:01</name>
            <description>Waterhole: Duiwelsvuur, Month: 5, Time: 2010-05-17 16:01</description>
            <styleUrl>#month5</styleUrl>
            <Point>
                <coordinates>15.25973816,-18.98762817,0</coordinates>
            </Point>
        </Placemark>
        <Placemark>
            <name>Duiwelsvuur - Month 5 - 2010-05-17 16:21</name>
            <description>Waterhole: Duiwelsvuur, Month: 5, Time: 2010-05-17 16:21</description>
            <styleUrl>#month5</styleUrl>
            <Point>
                <coordinates>15.26434937,-18.98674927,0</coordinates>
            </Point>
        </Placemark>
        <Placemark>
            <name>Sonderkop waterhole - Month 5 - 2010-05-17 19:01</name>
            <description>Waterhole: Sonderkop waterhole, Month: 5, Time: 2010-05-17 19:01</description>
            <styleUrl>#month5</styleUrl>
            <Point>
                <coordinates>15.32820943,-18.96894531,0</coordinates>
            </Point>
        </Placemark>
        <Placemark>
            <name>Sonderkop waterhole - Month 5 - 2010-05-17 19:21</name>
            <description>Waterhole: Sonderkop waterhole, Month: 5, Time: 2010-05-17 19:21</description>
            <styleUrl>#month5</styleUrl>
            <Point>
                <coordinates>15.32989604,-18.96808268,0</coordinates>
            </Point>
        </Placemark>
        <Placemark>
            <name>Ozonjuitji m'Bari - Month 5 - 2010-05-18 15:01</name>
            <description>Waterhole: Ozonjuitji m'Bari, Month: 5, Time: 2010-05-18 15:01</description>
            <styleUrl>#month5</styleUrl>
            <Point>
                <coordinates>15.49873047,-18.97030233,0</coordinates>
            </Point>
        </Placemark>
        <Placemark>
            <name>Ozonjuitji m'Bari - Month 5 - 2010-05-18 15:21</name>
            <description>Waterhole: Ozonjuitji m'Bari, Month: 5, Time: 2010-05-18 15:21</description>
            <styleUrl>#month5</styleUrl>
            <Point>
                <coordinates>15.50361633,-18.97654215,0</coordinates>
            </Point>
        </Placemark>
        <Placemark>
            <name>Ozonjuitji m'Bari - Month 5 - 2010-05-18 15:41</name>
            <description>Waterhole: Ozonjuitji m'Bari, Month: 5, Time: 2010-05-18 15:41</description>
            <styleUrl>#month5</styleUrl>
            <Point>
                <coordinates>15.50846049,-18.97698364,0</coordinates>
            </Point>
        </Placemark>
        <Placemark>
            <name>Ozonjuitji m'Bari - Month 5 - 2010-05-19 17:41</name>
            <description>Waterhole: Ozonjuitji m'Bari, Month: 5, Time: 2010-05-19 17:41</description>
            <styleUrl>#month5</styleUrl>
            <Point>
                <coordinates>15.50449219,-18.9770813,0</coordinates>
            </Point>
        </Placemark>
        <Placemark>
            <name>Ozonjuitji m'Bari - Month 5 - 2010-05-19 18:01</name>
            <description>Waterhole: Ozonjuitji m'Bari, Month: 5, Time: 2010-05-19 18:01</description>
            <styleUrl>#month5</styleUrl>
            <Point>
                <coordinates>15.50362651,-18.97669271,0</coordinates>
            </Point>
        </Placemark>
        <Placemark>
            <name>Ozonjuitji m'Bari - Month 5 - 2010-05-19 18:21</name>
            <description>Waterhole: Ozonjuitji m'Bari, Month: 5, Time: 2010-05-19 18:21</description>
            <styleUrl>#month5</styleUrl>
            <Point>
                <coordinates>15.50596212,-18.97291463,0</coordinates>
            </Point>
        </Placemark>
        <Placemark>
            <name>Duiwelsvuur - Month 5 - 2010-05-29 06:41</name>
            <description>Waterhole: Duiwelsvuur, Month: 5, Time: 2010-05-29 06:41</description>
            <styleUrl>#month5</styleUrl>
            <Point>
                <coordinates>15.26011047,-18.9850057,0</coordinates>
            </Point>
        </Placemark>
        <Placemark>
            <name>Duiwelsvuur - Month 5 - 2010-05-29 07:01</name>
            <description>Waterhole: Duiwelsvuur, Month: 5, Time: 2010-05-29 07:01</description>
            <styleUrl>#month5</styleUrl>
            <Point>
                <coordinates>15.25970968,-18.98765259,0</coordinates>
            </Point>
        </Placemark>
        <Placemark>
            <name>Duiwelsvuur - Month 5 - 2010-05-29 07:21</name>
            <description>Waterhole: Duiwelsvuur, Month: 5, Time: 2010-05-29 07:21</description>
            <styleUrl>#month5</styleUrl>
            <Point>
                <coordinates>15.25970662,-18.98765055,0</coordinates>
            </Point>
        </Placemark>
        <Placemark>
            <name>Duiwelsvuur - Month 5 - 2010-05-29 07:41</name>
            <description>Waterhole: Duiwelsvuur, Month: 5, Time: 2010-05-29 07:41</description>
            <styleUrl>#month5</styleUrl>
            <Point>
                <coordinates>15.2605011,-18.98691813,0</coordinates>
            </Point>
        </Placemark>
        <Placemark>
            <name>Duiwelsvuur - Month 5 - 2010-05-29 08:01</name>
            <description>Waterhole: Duiwelsvuur, Month: 5, Time: 2010-05-29 08:01</description>
            <styleUrl>#month5</styleUrl>
            <Point>
                <coordinates>15.26129659,-18.98533529,0</coordinates>
            </Point>
        </Placemark>
        <Placemark>
            <name>Duiwelsvuur - Month 5 - 2010-05-29 08:21</name>
            <description>Waterhole: Duiwelsvuur, Month: 5, Time: 2010-05-29 08:21</description>
            <styleUrl>#month5</styleUrl>
            <Point>
                <coordinates>15.26131795,-18.98518066,0</coordinates>
            </Point>
        </Placemark>
        <Placemark>
            <name>Duiwelsvuur - Month 5 - 2010-05-29 08:41</name>
            <description>Waterhole: Duiwelsvuur, Month: 5, Time: 2010-05-29 08:41</description>
            <styleUrl>#month5</styleUrl>
            <Point>
                <coordinates>15.26102702,-18.98493042,0</coordinates>
            </Point>
        </Placemark>
        <Placemark>
            <name>Duiwelsvuur - Month 5 - 2010-05-29 09:01</name>
            <description>Waterhole: Duiwelsvuur, Month: 5, Time: 2010-05-29 09:01</description>
            <styleUrl>#month5</styleUrl>
            <Point>
                <coordinates>15.260849,-18.98487752,0</coordinates>
            </Point>
        </Placemark>
        <Placemark>
            <name>Duiwelsvuur - Month 5 - 2010-05-29 09:21</name>
            <description>Waterhole: Duiwelsvuur, Month: 5, Time: 2010-05-29 09:21</description>
            <styleUrl>#month5</styleUrl>
            <Point>
                <coordinates>15.26059977,-18.98499146,0</coordinates>
            </Point>
        </Placemark>
        <Placemark>
            <name>Duiwelsvuur - Month 5 - 2010-05-29 09:41</name>
            <description>Waterhole: Duiwelsvuur, Month: 5, Time: 2010-05-29 09:41</description>
            <styleUrl>#month5</styleUrl>
            <Point>
                <coordinates>15.26047262,-18.9851237,0</coordinates>
            </Point>
        </Placemark>
        <Placemark>
            <name>Duiwelsvuur - Month 5 - 2010-05-29 10:01</name>
            <description>Waterhole: Duiwelsvuur, Month: 5, Time: 2010-05-29 10:01</description>
            <styleUrl>#month5</styleUrl>
            <Point>
                <coordinates>15.25971375,-18.98764648,0</coordinates>
            </Point>
        </Placemark>
        <Placemark>
            <name>Duiwelsvuur - Month 5 - 2010-05-29 10:21</name>
            <description>Waterhole: Duiwelsvuur, Month: 5, Time: 2010-05-29 10:21</description>
            <styleUrl>#month5</styleUrl>
            <Point>
                <coordinates>15.25973307,-18.98763835,0</coordinates>
            </Point>
        </Placemark>
        <Placemark>
            <name>Duiwelsvuur - Month 5 - 2010-05-29 10:41</name>
            <description>Waterhole: Duiwelsvuur, Month: 5, Time: 2010-05-29 10:41</description>
            <styleUrl>#month5</styleUrl>
            <Point>
                <coordinates>15.25959371,-18.98780314,0</coordinates>
            </Point>
        </Placemark>
        <Placemark>
            <name>Duiwelsvuur - Month 5 - 2010-05-29 11:01</name>
            <description>Waterhole: Duiwelsvuur, Month: 5, Time: 2010-05-29 11:01</description>
            <styleUrl>#month5</styleUrl>
            <Point>
                <coordinates>15.26208903,-18.98833008,0</coordinates>
            </Point>
        </Placemark>
        <Placemark>
            <name>Duiwelsvuur - Month 5 - 2010-05-29 11:21</name>
            <description>Waterhole: Duiwelsvuur, Month: 5, Time: 2010-05-29 11:21</description>
            <styleUrl>#month5</styleUrl>
            <Point>
                <coordinates>15.2629069,-18.98806559,0</coordinates>
            </Point>
        </Placemark>
        <Placemark>
            <name>Duiwelsvuur - Month 5 - 2010-05-29 11:41</name>
            <description>Waterhole: Duiwelsvuur, Month: 5, Time: 2010-05-29 11:41</description>
            <styleUrl>#month5</styleUrl>
            <Point>
                <coordinates>15.26545003,-18.9880717,0</coordinates>
            </Point>
        </Placemark>
        <Placemark>
            <name>Duiwelsvuur - Month 5 - 2010-05-29 12:01</name>
            <description>Waterhole: Duiwelsvuur, Month: 5, Time: 2010-05-29 12:01</description>
            <styleUrl>#month5</styleUrl>
            <Point>
                <coordinates>15.26625977,-18.98822225,0</coordinates>
            </Point>
        </Placemark>
        <Placemark>
            <name>Duiwelsvuur - Month 5 - 2010-05-29 12:21</name>
            <description>Waterhole: Duiwelsvuur, Month: 5, Time: 2010-05-29 12:21</description>
            <styleUrl>#month5</styleUrl>
            <Point>
                <coordinates>15.26622721,-18.98822225,0</coordinates>
            </Point>
        </Placemark>
        <Placemark>
            <name>Duiwelsvuur - Month 5 - 2010-05-29 12:41</name>
            <description>Waterhole: Duiwelsvuur, Month: 5, Time: 2010-05-29 12:41</description>
            <styleUrl>#month5</styleUrl>
            <Point>
                <coordinates>15.26620687,-18.98822225,0</coordinates>
            </Point>
        </Placemark>
        <Placemark>
            <name>Duiwelsvuur - Month 5 - 2010-05-29 13:01</name>
            <description>Waterhole: Duiwelsvuur, Month: 5, Time: 2010-05-29 13:01</description>
            <styleUrl>#month5</styleUrl>
            <Point>
                <coordinates>15.26618958,-18.98821208,0</coordinates>
            </Point>
        </Placemark>
        <Placemark>
            <name>Duiwelsvuur - Month 5 - 2010-05-29 13:21</name>
            <description>Waterhole: Duiwelsvuur, Month: 5, Time: 2010-05-29 13:21</description>
            <styleUrl>#month5</styleUrl>
            <Point>
                <coordinates>15.26609904,-18.98820801,0</coordinates>
            </Point>
        </Placemark>
        <Placemark>
            <name>Duiwelsvuur - Month 5 - 2010-05-29 13:41</name>
            <description>Waterhole: Duiwelsvuur, Month: 5, Time: 2010-05-29 13:41</description>
            <styleUrl>#month5</styleUrl>
            <Point>
                <coordinates>15.26608073,-18.98834025,0</coordinates>
            </Point>
        </Placemark>
        <Placemark>
            <name>Duiwelsvuur - Month 5 - 2010-05-29 14:01</name>
            <description>Waterhole: Duiwelsvuur, Month: 5, Time: 2010-05-29 14:01</description>
            <styleUrl>#month5</styleUrl>
            <Point>
                <coordinates>15.26605937,-18.98839111,0</coordinates>
            </Point>
        </Placemark>
        <Placemark>
            <name>Duiwelsvuur - Month 5 - 2010-05-29 14:21</name>
            <description>Waterhole: Duiwelsvuur, Month: 5, Time: 2010-05-29 14:21</description>
            <styleUrl>#month5</styleUrl>
            <Point>
                <coordinates>15.26600444,-18.98859863,0</coordinates>
            </Point>
        </Placemark>
        <Placemark>
            <name>Duiwelsvuur - Month 5 - 2010-05-29 14:41</name>
            <description>Waterhole: Duiwelsvuur, Month: 5, Time: 2010-05-29 14:41</description>
            <styleUrl>#month5</styleUrl>
            <Point>
                <coordinates>15.2658254,-18.98849894,0</coordinates>
            </Point>
        </Placemark>
        <Placemark>
            <name>Duiwelsvuur - Month 5 - 2010-05-29 15:01</name>
            <description>Waterhole: Duiwelsvuur, Month: 5, Time: 2010-05-29 15:01</description>
            <styleUrl>#month5</styleUrl>
            <Point>
                <coordinates>15.26581828,-18.9885376,0</coordinates>
            </Point>
        </Placemark>
        <Placemark>
            <name>Duiwelsvuur - Month 5 - 2010-05-29 15:21</name>
            <description>Waterhole: Duiwelsvuur, Month: 5, Time: 2010-05-29 15:21</description>
            <styleUrl>#month5</styleUrl>
            <Point>
                <coordinates>15.2659434,-18.9888265,0</coordinates>
            </Point>
        </Placemark>
        <Placemark>
            <name>Duiwelsvuur - Month 5 - 2010-05-29 15:41</name>
            <description>Waterhole: Duiwelsvuur, Month: 5, Time: 2010-05-29 15:41</description>
            <styleUrl>#month5</styleUrl>
            <Point>
                <coordinates>15.26666056,-18.98843587,0</coordinates>
            </Point>
        </Placemark>
        <Placemark>
            <name>Duiwelsvuur - Month 5 - 2010-05-29 16:01</name>
            <description>Waterhole: Duiwelsvuur, Month: 5, Time: 2010-05-29 16:01</description>
            <styleUrl>#month5</styleUrl>
            <Point>
                <coordinates>15.26694946,-18.9880778,0</coordinates>
            </Point>
        </Placemark>
        <Placemark>
            <name>Duiwelsvuur - Month 5 - 2010-05-29 16:21</name>
            <description>Waterhole: Duiwelsvuur, Month: 5, Time: 2010-05-29 16:21</description>
            <styleUrl>#month5</styleUrl>
            <Point>
                <coordinates>15.26744283,-18.98808594,0</coordinates>
            </Point>
        </Placemark>
        <Placemark>
            <name>Duiwelsvuur - Month 5 - 2010-05-29 16:41</name>
            <description>Waterhole: Duiwelsvuur, Month: 5, Time: 2010-05-29 16:41</description>
            <styleUrl>#month5</styleUrl>
            <Point>
                <coordinates>15.26767171,-18.98838501,0</coordinates>
            </Point>
        </Placemark>
        <Placemark>
            <name>Duiwelsvuur - Month 5 - 2010-05-29 17:01</name>
            <description>Waterhole: Duiwelsvuur, Month: 5, Time: 2010-05-29 17:01</description>
            <styleUrl>#month5</styleUrl>
            <Point>
                <coordinates>15.26767476,-18.98842367,0</coordinates>
            </Point>
        </Placemark>
        <Placemark>
            <name>Duiwelsvuur - Month 5 - 2010-05-29 17:21</name>
            <description>Waterhole: Duiwelsvuur, Month: 5, Time: 2010-05-29 17:21</description>
            <styleUrl>#month5</styleUrl>
            <Point>
                <coordinates>15.26765544,-18.98843384,0</coordinates>
            </Point>
        </Placemark>
        <Placemark>
            <name>Duiwelsvuur - Month 5 - 2010-05-29 17:41</name>
            <description>Waterhole: Duiwelsvuur, Month: 5, Time: 2010-05-29 17:41</description>
            <styleUrl>#month5</styleUrl>
            <Point>
                <coordinates>15.2678243,-18.98842773,0</coordinates>
            </Point>
        </Placemark>
        <Placemark>
            <name>Duiwelsvuur - Month 5 - 2010-05-29 18:01</name>
            <description>Waterhole: Duiwelsvuur, Month: 5, Time: 2010-05-29 18:01</description>
            <styleUrl>#month5</styleUrl>
            <Point>
                <coordinates>15.26875,-18.98922526,0</coordinates>
            </Point>
        </Placemark>
        <Placemark>
            <name>Duiwelsvuur - Month 5 - 2010-05-29 18:21</name>
            <description>Waterhole: Duiwelsvuur, Month: 5, Time: 2010-05-29 18:21</description>
            <styleUrl>#month5</styleUrl>
            <Point>
                <coordinates>15.26891785,-18.98915609,0</coordinates>
            </Point>
        </Placemark>
        <Placemark>
            <name>Duiwelsvuur - Month 5 - 2010-05-29 18:41</name>
            <description>Waterhole: Duiwelsvuur, Month: 5, Time: 2010-05-29 18:41</description>
            <styleUrl>#month5</styleUrl>
            <Point>
                <coordinates>15.26890666,-18.98915405,0</coordinates>
            </Point>
        </Placemark>
        <Placemark>
            <name>Duiwelsvuur - Month 5 - 2010-05-29 19:01</name>
            <description>Waterhole: Duiwelsvuur, Month: 5, Time: 2010-05-29 19:01</description>
            <styleUrl>#month5</styleUrl>
            <Point>
                <coordinates>15.26891073,-18.98915812,0</coordinates>
            </Point>
        </Placemark>
        <Placemark>
            <name>Duiwelsvuur - Month 5 - 2010-05-29 19:21</name>
            <description>Waterhole: Duiwelsvuur, Month: 5, Time: 2010-05-29 19:21</description>
            <styleUrl>#month5</styleUrl>
            <Point>
                <coordinates>15.26891479,-18.98913167,0</coordinates>
            </Point>
        </Placemark>
        <Placemark>
            <name>Duiwelsvuur - Month 5 - 2010-05-29 19:41</name>
            <description>Waterhole: Duiwelsvuur, Month: 5, Time: 2010-05-29 19:41</description>
            <styleUrl>#month5</styleUrl>
            <Point>
                <coordinates>15.26912435,-18.98980713,0</coordinates>
            </Point>
        </Placemark>
        <Placemark>
            <name>Duiwelsvuur - Month 5 - 2010-05-29 20:01</name>
            <description>Waterhole: Duiwelsvuur, Month: 5, Time: 2010-05-29 20:01</description>
            <styleUrl>#month5</styleUrl>
            <Point>
                <coordinates>15.26887716,-18.99047648,0</coordinates>
            </Point>
        </Placemark>
        <Placemark>
            <name>Duiwelsvuur - Month 5 - 2010-05-29 20:21</name>
            <description>Waterhole: Duiwelsvuur, Month: 5, Time: 2010-05-29 20:21</description>
            <styleUrl>#month5</styleUrl>
            <Point>
                <coordinates>15.26830037,-18.99119466,0</coordinates>
            </Point>
        </Placemark>
        <Placemark>
            <name>Duiwelsvuur - Month 5 - 2010-05-29 20:41</name>
            <description>Waterhole: Duiwelsvuur, Month: 5, Time: 2010-05-29 20:41</description>
            <styleUrl>#month5</styleUrl>
            <Point>
                <coordinates>15.26825562,-18.99118652,0</coordinates>
            </Point>
        </Placemark>
        <Placemark>
            <name>Duiwelsvuur - Month 5 - 2010-05-29 21:01</name>
            <description>Waterhole: Duiwelsvuur, Month: 5, Time: 2010-05-29 21:01</description>
            <styleUrl>#month5</styleUrl>
            <Point>
                <coordinates>15.26838481,-18.99147135,0</coordinates>
            </Point>
        </Placemark>
        <Placemark>
            <name>Duiwelsvuur - Month 5 - 2010-05-29 21:21</name>
            <description>Waterhole: Duiwelsvuur, Month: 5, Time: 2010-05-29 21:21</description>
            <styleUrl>#month5</styleUrl>
            <Point>
                <coordinates>15.26840515,-18.99177653,0</coordinates>
            </Point>
        </Placemark>
        <Placemark>
            <name>Duiwelsvuur - Month 5 - 2010-05-29 21:41</name>
            <description>Waterhole: Duiwelsvuur, Month: 5, Time: 2010-05-29 21:41</description>
            <styleUrl>#month5</styleUrl>
            <Point>
                <coordinates>15.26838582,-18.99181925,0</coordinates>
            </Point>
        </Placemark>
        <Placemark>
            <name>Duiwelsvuur - Month 5 - 2010-05-29 22:21</name>
            <description>Waterhole: Duiwelsvuur, Month: 5, Time: 2010-05-29 22:21</description>
            <styleUrl>#month5</styleUrl>
            <Point>
                <coordinates>15.26745911,-18.99280396,0</coordinates>
            </Point>
        </Placemark>
        <Placemark>
            <name>Duiwelsvuur - Month 5 - 2010-05-29 22:41</name>
            <description>Waterhole: Duiwelsvuur, Month: 5, Time: 2010-05-29 22:41</description>
            <styleUrl>#month5</styleUrl>
            <Point>
                <coordinates>15.26545003,-18.99210205,0</coordinates>
            </Point>
        </Placemark>
        <Placemark>
            <name>Duiwelsvuur - Month 5 - 2010-05-29 23:01</name>
            <description>Waterhole: Duiwelsvuur, Month: 5, Time: 2010-05-29 23:01</description>
            <styleUrl>#month5</styleUrl>
            <Point>
                <coordinates>15.26318563,-18.99079997,0</coordinates>
            </Point>
        </Placemark>
        <Placemark>
            <name>Duiwelsvuur - Month 5 - 2010-05-29 23:21</name>
            <description>Waterhole: Duiwelsvuur, Month: 5, Time: 2010-05-29 23:21</description>
            <styleUrl>#month5</styleUrl>
            <Point>
                <coordinates>15.25970052,-18.98765259,0</coordinates>
            </Point>
        </Placemark>
        <Placemark>
            <name>Duiwelsvuur - Month 5 - 2010-05-29 23:41</name>
            <description>Waterhole: Duiwelsvuur, Month: 5, Time: 2010-05-29 23:41</description>
            <styleUrl>#month5</styleUrl>
            <Point>
                <coordinates>15.25967712,-18.98760986,0</coordinates>
            </Point>
        </Placemark>
        <Placemark>
            <name>Duiwelsvuur - Month 5 - 2010-05-30 00:01</name>
            <description>Waterhole: Duiwelsvuur, Month: 5, Time: 2010-05-30 00:01</description>
            <styleUrl>#month5</styleUrl>
            <Point>
                <coordinates>15.2620575,-18.98997396,0</coordinates>
            </Point>
        </Placemark>
        <Placemark>
            <name>Duiwelsvuur - Month 5 - 2010-05-30 11:41</name>
            <description>Waterhole: Duiwelsvuur, Month: 5, Time: 2010-05-30 11:41</description>
            <styleUrl>#month5</styleUrl>
            <Point>
                <coordinates>15.26776428,-18.98657633,0</coordinates>
            </Point>
        </Placemark>
        <Placemark>
            <name>Duiwelsvuur - Month 5 - 2010-05-30 12:01</name>
            <description>Waterhole: Duiwelsvuur, Month: 5, Time: 2010-05-30 12:01</description>
            <styleUrl>#month5</styleUrl>
            <Point>
                <coordinates>15.25977478,-18.98766683,0</coordinates>
            </Point>
        </Placemark>
        <Placemark>
            <name>Duiwelsvuur - Month 5 - 2010-05-30 12:21</name>
            <description>Waterhole: Duiwelsvuur, Month: 5, Time: 2010-05-30 12:21</description>
            <styleUrl>#month5</styleUrl>
            <Point>
                <coordinates>15.25999552,-18.98796997,0</coordinates>
            </Point>
        </Placemark>
        <Placemark>
            <name>Duiwelsvuur - Month 5 - 2010-05-30 12:41</name>
            <description>Waterhole: Duiwelsvuur, Month: 5, Time: 2010-05-30 12:41</description>
            <styleUrl>#month5</styleUrl>
            <Point>
                <coordinates>15.25968119,-18.98759562,0</coordinates>
            </Point>
        </Placemark>
        <Placemark>
            <name>Duiwelsvuur - Month 5 - 2010-05-30 13:01</name>
            <description>Waterhole: Duiwelsvuur, Month: 5, Time: 2010-05-30 13:01</description>
            <styleUrl>#month5</styleUrl>
            <Point>
                <coordinates>15.25972595,-18.98759359,0</coordinates>
            </Point>
        </Placemark>
        <Placemark>
            <name>Duiwelsvuur - Month 5 - 2010-05-30 13:21</name>
            <description>Waterhole: Duiwelsvuur, Month: 5, Time: 2010-05-30 13:21</description>
            <styleUrl>#month5</styleUrl>
            <Point>
                <coordinates>15.25971171,-18.98764242,0</coordinates>
            </Point>
        </Placemark>
        <Placemark>
            <name>Duiwelsvuur - Month 5 - 2010-05-30 13:41</name>
            <description>Waterhole: Duiwelsvuur, Month: 5, Time: 2010-05-30 13:41</description>
            <styleUrl>#month5</styleUrl>
            <Point>
                <coordinates>15.26354574,-18.98951213,0</coordinates>
            </Point>
        </Placemark>
        <Placemark>
            <name>Duiwelsvuur - Month 5 - 2010-05-30 14:01</name>
            <description>Waterhole: Duiwelsvuur, Month: 5, Time: 2010-05-30 14:01</description>
            <styleUrl>#month5</styleUrl>
            <Point>
                <coordinates>15.26639811,-18.99017537,0</coordinates>
            </Point>
        </Placemark>
        <Placemark>
            <name>Duiwelsvuur - Month 5 - 2010-05-30 14:21</name>
            <description>Waterhole: Duiwelsvuur, Month: 5, Time: 2010-05-30 14:21</description>
            <styleUrl>#month5</styleUrl>
            <Point>
                <coordinates>15.26774089,-18.99070841,0</coordinates>
            </Point>
        </Placemark>
        <Placemark>
            <name>Duiwelsvuur - Month 5 - 2010-05-31 12:01</name>
            <description>Waterhole: Duiwelsvuur, Month: 5, Time: 2010-05-31 12:01</description>
            <styleUrl>#month5</styleUrl>
            <Point>
                <coordinates>15.26014913,-18.99383748,0</coordinates>
            </Point>
        </Placemark>
        <Placemark>
            <name>Duiwelsvuur - Month 5 - 2010-05-31 12:21</name>
            <description>Waterhole: Duiwelsvuur, Month: 5, Time: 2010-05-31 12:21</description>
            <styleUrl>#month5</styleUrl>
            <Point>
                <coordinates>15.25967814,-18.98778076,0</coordinates>
            </Point>
        </Placemark>
        <Placemark>
            <name>Duiwelsvuur - Month 5 - 2010-05-31 12:41</name>
            <description>Waterhole: Duiwelsvuur, Month: 5, Time: 2010-05-31 12:41</description>
            <styleUrl>#month5</styleUrl>
            <Point>
                <coordinates>15.25977681,-18.98757731,0</coordinates>
            </Point>
        </Placemark>
        <Placemark>
            <name>Duiwelsvuur - Month 5 - 2010-05-31 13:01</name>
            <description>Waterhole: Duiwelsvuur, Month: 5, Time: 2010-05-31 13:01</description>
            <styleUrl>#month5</styleUrl>
            <Point>
                <coordinates>15.25973816,-18.98755086,0</coordinates>
            </Point>
        </Placemark>
        <Placemark>
            <name>Duiwelsvuur - Month 5 - 2010-05-31 13:21</name>
            <description>Waterhole: Duiwelsvuur, Month: 5, Time: 2010-05-31 13:21</description>
            <styleUrl>#month5</styleUrl>
            <Point>
                <coordinates>15.25976868,-18.9875529,0</coordinates>
            </Point>
        </Placemark>
        <Placemark>
            <name>Duiwelsvuur - Month 5 - 2010-05-31 13:41</name>
            <description>Waterhole: Duiwelsvuur, Month: 5, Time: 2010-05-31 13:41</description>
            <styleUrl>#month5</styleUrl>
            <Point>
                <coordinates>15.2597585,-18.9875529,0</coordinates>
            </Point>
        </Placemark>
        <Placemark>
            <name>Duiwelsvuur - Month 5 - 2010-05-31 14:01</name>
            <description>Waterhole: Duiwelsvuur, Month: 5, Time: 2010-05-31 14:01</description>
            <styleUrl>#month5</styleUrl>
            <Point>
                <coordinates>15.26111959,-18.98886108,0</coordinates>
            </Point>
        </Placemark>
        <Placemark>
            <name>Duiwelsvuur - Month 5 - 2010-05-31 14:21</name>
            <description>Waterhole: Duiwelsvuur, Month: 5, Time: 2010-05-31 14:21</description>
            <styleUrl>#month5</styleUrl>
            <Point>
                <coordinates>15.26464132,-18.98806763,0</coordinates>
            </Point>
        </Placemark>
        <Placemark>
            <name>Duiwelsvuur - Month 5 - 2010-05-31 14:41</name>
            <description>Waterhole: Duiwelsvuur, Month: 5, Time: 2010-05-31 14:41</description>
            <styleUrl>#month5</styleUrl>
            <Point>
                <coordinates>15.26776428,-18.98759562,0</coordinates>
            </Point>
        </Placemark>
        <Placemark>
            <name>Duiwelsvuur - Month 6 - 2010-06-01 10:21</name>
            <description>Waterhole: Duiwelsvuur, Month: 6, Time: 2010-06-01 10:21</description>
            <styleUrl>#month6</styleUrl>
            <Point>
                <coordinates>15.26705729,-18.98365072,0</coordinates>
            </Point>
        </Placemark>
        <Placemark>
            <name>Duiwelsvuur - Month 6 - 2010-06-01 10:41</name>
            <description>Waterhole: Duiwelsvuur, Month: 6, Time: 2010-06-01 10:41</description>
            <styleUrl>#month6</styleUrl>
            <Point>
                <coordinates>15.26522624,-18.98528442,0</coordinates>
            </Point>
        </Placemark>
        <Placemark>
            <name>Duiwelsvuur - Month 6 - 2010-06-01 11:01</name>
            <description>Waterhole: Duiwelsvuur, Month: 6, Time: 2010-06-01 11:01</description>
            <styleUrl>#month6</styleUrl>
            <Point>
                <coordinates>15.26379293,-18.98689575,0</coordinates>
            </Point>
        </Placemark>
        <Placemark>
            <name>Duiwelsvuur - Month 6 - 2010-06-01 11:21</name>
            <description>Waterhole: Duiwelsvuur, Month: 6, Time: 2010-06-01 11:21</description>
            <styleUrl>#month6</styleUrl>
            <Point>
                <coordinates>15.26379191,-18.98687948,0</coordinates>
            </Point>
        </Placemark>
        <Placemark>
            <name>Duiwelsvuur - Month 6 - 2010-06-01 11:41</name>
            <description>Waterhole: Duiwelsvuur, Month: 6, Time: 2010-06-01 11:41</description>
            <styleUrl>#month6</styleUrl>
            <Point>
                <coordinates>15.26379903,-18.98687337,0</coordinates>
            </Point>
        </Placemark>
        <Placemark>
            <name>Duiwelsvuur - Month 6 - 2010-06-01 12:01</name>
            <description>Waterhole: Duiwelsvuur, Month: 6, Time: 2010-06-01 12:01</description>
            <styleUrl>#month6</styleUrl>
            <Point>
                <coordinates>15.26379089,-18.98687134,0</coordinates>
            </Point>
        </Placemark>
        <Placemark>
            <name>Duiwelsvuur - Month 6 - 2010-06-01 12:21</name>
            <description>Waterhole: Duiwelsvuur, Month: 6, Time: 2010-06-01 12:21</description>
            <styleUrl>#month6</styleUrl>
            <Point>
                <coordinates>15.26344198,-18.98708496,0</coordinates>
            </Point>
        </Placemark>
        <Placemark>
            <name>Duiwelsvuur - Month 6 - 2010-06-01 12:41</name>
            <description>Waterhole: Duiwelsvuur, Month: 6, Time: 2010-06-01 12:41</description>
            <styleUrl>#month6</styleUrl>
            <Point>
                <coordinates>15.25979106,-18.98764242,0</coordinates>
            </Point>
        </Placemark>
        <Placemark>
            <name>Duiwelsvuur - Month 6 - 2010-06-01 13:01</name>
            <description>Waterhole: Duiwelsvuur, Month: 6, Time: 2010-06-01 13:01</description>
            <styleUrl>#month6</styleUrl>
            <Point>
                <coordinates>15.25972087,-18.98765259,0</coordinates>
            </Point>
        </Placemark>
        <Placemark>
            <name>Duiwelsvuur - Month 6 - 2010-06-01 13:21</name>
            <description>Waterhole: Duiwelsvuur, Month: 6, Time: 2010-06-01 13:21</description>
            <styleUrl>#month6</styleUrl>
            <Point>
                <coordinates>15.25976868,-18.98833415,0</coordinates>
            </Point>
        </Placemark>
        <Placemark>
            <name>Duiwelsvuur - Month 6 - 2010-06-01 13:41</name>
            <description>Waterhole: Duiwelsvuur, Month: 6, Time: 2010-06-01 13:41</description>
            <styleUrl>#month6</styleUrl>
            <Point>
                <coordinates>15.26337891,-18.99550171,0</coordinates>
            </Point>
        </Placemark>
        <Placemark>
            <name>Duiwelsvuur - Month 6 - 2010-06-02 13:01</name>
            <description>Waterhole: Duiwelsvuur, Month: 6, Time: 2010-06-02 13:01</description>
            <styleUrl>#month6</styleUrl>
            <Point>
                <coordinates>15.26316833,-18.98966878,0</coordinates>
            </Point>
        </Placemark>
        <Placemark>
            <name>Duiwelsvuur - Month 6 - 2010-06-02 13:21</name>
            <description>Waterhole: Duiwelsvuur, Month: 6, Time: 2010-06-02 13:21</description>
            <styleUrl>#month6</styleUrl>
            <Point>
                <coordinates>15.25979309,-18.98767497,0</coordinates>
            </Point>
        </Placemark>
        <Placemark>
            <name>Duiwelsvuur - Month 6 - 2010-06-02 13:41</name>
            <description>Waterhole: Duiwelsvuur, Month: 6, Time: 2010-06-02 13:41</description>
            <styleUrl>#month6</styleUrl>
            <Point>
                <coordinates>15.25971171,-18.98764242,0</coordinates>
            </Point>
        </Placemark>
        <Placemark>
            <name>Duiwelsvuur - Month 6 - 2010-06-02 14:01</name>
            <description>Waterhole: Duiwelsvuur, Month: 6, Time: 2010-06-02 14:01</description>
            <styleUrl>#month6</styleUrl>
            <Point>
                <coordinates>15.25971476,-18.98767904,0</coordinates>
            </Point>
        </Placemark>
        <Placemark>
            <name>Duiwelsvuur - Month 6 - 2010-06-02 14:21</name>
            <description>Waterhole: Duiwelsvuur, Month: 6, Time: 2010-06-02 14:21</description>
            <styleUrl>#month6</styleUrl>
            <Point>
                <coordinates>15.25968933,-18.98763835,0</coordinates>
            </Point>
        </Placemark>
        <Placemark>
            <name>Duiwelsvuur - Month 6 - 2010-06-02 14:41</name>
            <description>Waterhole: Duiwelsvuur, Month: 6, Time: 2010-06-02 14:41</description>
            <styleUrl>#month6</styleUrl>
            <Point>
                <coordinates>15.26031494,-18.98746948,0</coordinates>
            </Point>
        </Placemark>
        <Placemark>
            <name>Duiwelsvuur - Month 6 - 2010-06-02 22:41</name>
            <description>Waterhole: Duiwelsvuur, Month: 6, Time: 2010-06-02 22:41</description>
            <styleUrl>#month6</styleUrl>
            <Point>
                <coordinates>15.26312358,-18.98522135,0</coordinates>
            </Point>
        </Placemark>
        <Placemark>
            <name>Duiwelsvuur - Month 6 - 2010-06-02 23:01</name>
            <description>Waterhole: Duiwelsvuur, Month: 6, Time: 2010-06-02 23:01</description>
            <styleUrl>#month6</styleUrl>
            <Point>
                <coordinates>15.25964254,-18.98768311,0</coordinates>
            </Point>
        </Placemark>
        <Placemark>
            <name>Duiwelsvuur - Month 6 - 2010-06-02 23:21</name>
            <description>Waterhole: Duiwelsvuur, Month: 6, Time: 2010-06-02 23:21</description>
            <styleUrl>#month6</styleUrl>
            <Point>
                <coordinates>15.25946554,-18.98817749,0</coordinates>
            </Point>
        </Placemark>
        <Placemark>
            <name>Duiwelsvuur - Month 6 - 2010-06-02 23:41</name>
            <description>Waterhole: Duiwelsvuur, Month: 6, Time: 2010-06-02 23:41</description>
            <styleUrl>#month6</styleUrl>
            <Point>
                <coordinates>15.25946147,-18.99609985,0</coordinates>
            </Point>
        </Placemark>
        <Placemark>
            <name>Duiwelsvuur - Month 6 - 2010-06-03 11:41</name>
            <description>Waterhole: Duiwelsvuur, Month: 6, Time: 2010-06-03 11:41</description>
            <styleUrl>#month6</styleUrl>
            <Point>
                <coordinates>15.25876261,-18.9924235,0</coordinates>
            </Point>
        </Placemark>
        <Placemark>
            <name>Duiwelsvuur - Month 6 - 2010-06-03 12:01</name>
            <description>Waterhole: Duiwelsvuur, Month: 6, Time: 2010-06-03 12:01</description>
            <styleUrl>#month6</styleUrl>
            <Point>
                <coordinates>15.25970256,-18.98763835,0</coordinates>
            </Point>
        </Placemark>
        <Placemark>
            <name>Duiwelsvuur - Month 6 - 2010-06-03 12:21</name>
            <description>Waterhole: Duiwelsvuur, Month: 6, Time: 2010-06-03 12:21</description>
            <styleUrl>#month6</styleUrl>
            <Point>
                <coordinates>15.25971883,-18.98833211,0</coordinates>
            </Point>
        </Placemark>
        <Placemark>
            <name>Duiwelsvuur - Month 6 - 2010-06-03 12:41</name>
            <description>Waterhole: Duiwelsvuur, Month: 6, Time: 2010-06-03 12:41</description>
            <styleUrl>#month6</styleUrl>
            <Point>
                <coordinates>15.26007182,-18.98606567,0</coordinates>
            </Point>
        </Placemark>
        <Placemark>
            <name>Duiwelsvuur - Month 6 - 2010-06-03 13:01</name>
            <description>Waterhole: Duiwelsvuur, Month: 6, Time: 2010-06-03 13:01</description>
            <styleUrl>#month6</styleUrl>
            <Point>
                <coordinates>15.25980021,-18.98549601,0</coordinates>
            </Point>
        </Placemark>
        <Placemark>
            <name>Duiwelsvuur - Month 6 - 2010-06-03 13:20</name>
            <description>Waterhole: Duiwelsvuur, Month: 6, Time: 2010-06-03 13:20</description>
            <styleUrl>#month6</styleUrl>
            <Point>
                <coordinates>15.25965068,-18.98564657,0</coordinates>
            </Point>
        </Placemark>
        <Placemark>
            <name>Duiwelsvuur - Month 6 - 2010-06-03 13:41</name>
            <description>Waterhole: Duiwelsvuur, Month: 6, Time: 2010-06-03 13:41</description>
            <styleUrl>#month6</styleUrl>
            <Point>
                <coordinates>15.26009521,-18.98600667,0</coordinates>
            </Point>
        </Placemark>
        <Placemark>
            <name>Duiwelsvuur - Month 6 - 2010-06-03 14:01</name>
            <description>Waterhole: Duiwelsvuur, Month: 6, Time: 2010-06-03 14:01</description>
            <styleUrl>#month6</styleUrl>
            <Point>
                <coordinates>15.26208801,-18.98297526,0</coordinates>
            </Point>
        </Placemark>
        <Placemark>
            <name>Sonderkop waterhole - Month 6 - 2010-06-03 19:21</name>
            <description>Waterhole: Sonderkop waterhole, Month: 6, Time: 2010-06-03 19:21</description>
            <styleUrl>#month6</styleUrl>
            <Point>
                <coordinates>15.32820841,-18.96900228,0</coordinates>
            </Point>
        </Placemark>
        <Placemark>
            <name>Sonderkop waterhole - Month 6 - 2010-06-03 19:41</name>
            <description>Waterhole: Sonderkop waterhole, Month: 6, Time: 2010-06-03 19:41</description>
            <styleUrl>#month6</styleUrl>
            <Point>
                <coordinates>15.33221436,-18.97485962,0</coordinates>
            </Point>
        </Placemark>
        <Placemark>
            <name>Duiwelsvuur - Month 6 - 2010-06-05 07:21</name>
            <description>Waterhole: Duiwelsvuur, Month: 6, Time: 2010-06-05 07:21</description>
            <styleUrl>#month6</styleUrl>
            <Point>
                <coordinates>15.26293945,-18.99533081,0</coordinates>
            </Point>
        </Placemark>
        <Placemark>
            <name>Duiwelsvuur - Month 6 - 2010-06-05 07:40</name>
            <description>Waterhole: Duiwelsvuur, Month: 6, Time: 2010-06-05 07:40</description>
            <styleUrl>#month6</styleUrl>
            <Point>
                <coordinates>15.26224976,-18.98882039,0</coordinates>
            </Point>
        </Placemark>
        <Placemark>
            <name>Duiwelsvuur - Month 6 - 2010-06-05 08:01</name>
            <description>Waterhole: Duiwelsvuur, Month: 6, Time: 2010-06-05 08:01</description>
            <styleUrl>#month6</styleUrl>
            <Point>
                <coordinates>15.25970764,-18.987736,0</coordinates>
            </Point>
        </Placemark>
        <Placemark>
            <name>Duiwelsvuur - Month 6 - 2010-06-05 08:21</name>
            <description>Waterhole: Duiwelsvuur, Month: 6, Time: 2010-06-05 08:21</description>
            <styleUrl>#month6</styleUrl>
            <Point>
                <coordinates>15.25959371,-18.98763835,0</coordinates>
            </Point>
        </Placemark>
        <Placemark>
            <name>Duiwelsvuur - Month 6 - 2010-06-05 08:41</name>
            <description>Waterhole: Duiwelsvuur, Month: 6, Time: 2010-06-05 08:41</description>
            <styleUrl>#month6</styleUrl>
            <Point>
                <coordinates>15.25959981,-18.98768107,0</coordinates>
            </Point>
        </Placemark>
        <Placemark>
            <name>Duiwelsvuur - Month 6 - 2010-06-05 09:01</name>
            <description>Waterhole: Duiwelsvuur, Month: 6, Time: 2010-06-05 09:01</description>
            <styleUrl>#month6</styleUrl>
            <Point>
                <coordinates>15.25967712,-18.98751831,0</coordinates>
            </Point>
        </Placemark>
        <Placemark>
            <name>Duiwelsvuur - Month 6 - 2010-06-05 09:21</name>
            <description>Waterhole: Duiwelsvuur, Month: 6, Time: 2010-06-05 09:21</description>
            <styleUrl>#month6</styleUrl>
            <Point>
                <coordinates>15.25942179,-18.98557739,0</coordinates>
            </Point>
        </Placemark>
        <Placemark>
            <name>Duiwelsvuur - Month 6 - 2010-06-05 09:41</name>
            <description>Waterhole: Duiwelsvuur, Month: 6, Time: 2010-06-05 09:41</description>
            <styleUrl>#month6</styleUrl>
            <Point>
                <coordinates>15.25919291,-18.98274129,0</coordinates>
            </Point>
        </Placemark>
        <Placemark>
            <name>Duiwelsvuur - Month 6 - 2010-06-05 10:01</name>
            <description>Waterhole: Duiwelsvuur, Month: 6, Time: 2010-06-05 10:01</description>
            <styleUrl>#month6</styleUrl>
            <Point>
                <coordinates>15.25879618,-18.98279419,0</coordinates>
            </Point>
        </Placemark>
        <Placemark>
            <name>Duiwelsvuur - Month 6 - 2010-06-05 10:21</name>
            <description>Waterhole: Duiwelsvuur, Month: 6, Time: 2010-06-05 10:21</description>
            <styleUrl>#month6</styleUrl>
            <Point>
                <coordinates>15.25843099,-18.98287557,0</coordinates>
            </Point>
        </Placemark>
        <Placemark>
            <name>Duiwelsvuur - Month 6 - 2010-06-05 10:41</name>
            <description>Waterhole: Duiwelsvuur, Month: 6, Time: 2010-06-05 10:41</description>
            <styleUrl>#month6</styleUrl>
            <Point>
                <coordinates>15.25834452,-18.98320109,0</coordinates>
            </Point>
        </Placemark>
        <Placemark>
            <name>Duiwelsvuur - Month 6 - 2010-06-05 11:01</name>
            <description>Waterhole: Duiwelsvuur, Month: 6, Time: 2010-06-05 11:01</description>
            <styleUrl>#month6</styleUrl>
            <Point>
                <coordinates>15.25843913,-18.98343913,0</coordinates>
            </Point>
        </Placemark>
        <Placemark>
            <name>Duiwelsvuur - Month 6 - 2010-06-05 11:21</name>
            <description>Waterhole: Duiwelsvuur, Month: 6, Time: 2010-06-05 11:21</description>
            <styleUrl>#month6</styleUrl>
            <Point>
                <coordinates>15.25866394,-18.98341878,0</coordinates>
            </Point>
        </Placemark>
        <Placemark>
            <name>Duiwelsvuur - Month 6 - 2010-06-05 11:41</name>
            <description>Waterhole: Duiwelsvuur, Month: 6, Time: 2010-06-05 11:41</description>
            <styleUrl>#month6</styleUrl>
            <Point>
                <coordinates>15.25931091,-18.98404744,0</coordinates>
            </Point>
        </Placemark>
        <Placemark>
            <name>Duiwelsvuur - Month 6 - 2010-06-05 12:01</name>
            <description>Waterhole: Duiwelsvuur, Month: 6, Time: 2010-06-05 12:01</description>
            <styleUrl>#month6</styleUrl>
            <Point>
                <coordinates>15.26002502,-18.98654582,0</coordinates>
            </Point>
        </Placemark>
        <Placemark>
            <name>Duiwelsvuur - Month 6 - 2010-06-05 12:21</name>
            <description>Waterhole: Duiwelsvuur, Month: 6, Time: 2010-06-05 12:21</description>
            <styleUrl>#month6</styleUrl>
            <Point>
                <coordinates>15.25970866,-18.98764242,0</coordinates>
            </Point>
        </Placemark>
        <Placemark>
            <name>Duiwelsvuur - Month 6 - 2010-06-05 12:41</name>
            <description>Waterhole: Duiwelsvuur, Month: 6, Time: 2010-06-05 12:41</description>
            <styleUrl>#month6</styleUrl>
            <Point>
                <coordinates>15.25969747,-18.98762207,0</coordinates>
            </Point>
        </Placemark>
        <Placemark>
            <name>Duiwelsvuur - Month 6 - 2010-06-05 13:01</name>
            <description>Waterhole: Duiwelsvuur, Month: 6, Time: 2010-06-05 13:01</description>
            <styleUrl>#month6</styleUrl>
            <Point>
                <coordinates>15.25968933,-18.98824463,0</coordinates>
            </Point>
        </Placemark>
        <Placemark>
            <name>Duiwelsvuur - Month 6 - 2010-06-05 13:21</name>
            <description>Waterhole: Duiwelsvuur, Month: 6, Time: 2010-06-05 13:21</description>
            <styleUrl>#month6</styleUrl>
            <Point>
                <coordinates>15.26522522,-18.98274536,0</coordinates>
            </Point>
        </Placemark>
        <Placemark>
            <name>Sonderkop waterhole - Month 6 - 2010-06-05 18:21</name>
            <description>Waterhole: Sonderkop waterhole, Month: 6, Time: 2010-06-05 18:21</description>
            <styleUrl>#month6</styleUrl>
            <Point>
                <coordinates>15.32554728,-18.96783854,0</coordinates>
            </Point>
        </Placemark>
        <Placemark>
            <name>Sonderkop waterhole - Month 6 - 2010-06-05 18:41</name>
            <description>Waterhole: Sonderkop waterhole, Month: 6, Time: 2010-06-05 18:41</description>
            <styleUrl>#month6</styleUrl>
            <Point>
                <coordinates>15.32843424,-18.96923014,0</coordinates>
            </Point>
        </Placemark>
        <Placemark>
            <name>Sonderkop waterhole - Month 6 - 2010-06-05 19:01</name>
            <description>Waterhole: Sonderkop waterhole, Month: 6, Time: 2010-06-05 19:01</description>
            <styleUrl>#month6</styleUrl>
            <Point>
                <coordinates>15.33081665,-18.97022298,0</coordinates>
            </Point>
        </Placemark>
        <Placemark>
            <name>Ozonjuitji m'Bari - Month 6 - 2010-06-06 16:21</name>
            <description>Waterhole: Ozonjuitji m'Bari, Month: 6, Time: 2010-06-06 16:21</description>
            <styleUrl>#month6</styleUrl>
            <Point>
                <coordinates>15.49840088,-18.9802002,0</coordinates>
            </Point>
        </Placemark>
        <Placemark>
            <name>Ozonjuitji m'Bari - Month 6 - 2010-06-06 16:41</name>
            <description>Waterhole: Ozonjuitji m'Bari, Month: 6, Time: 2010-06-06 16:41</description>
            <styleUrl>#month6</styleUrl>
            <Point>
                <coordinates>15.50369568,-18.97649333,0</coordinates>
            </Point>
        </Placemark>
        <Placemark>
            <name>Ozonjuitji m'Bari - Month 6 - 2010-06-07 17:41</name>
            <description>Waterhole: Ozonjuitji m'Bari, Month: 6, Time: 2010-06-07 17:41</description>
            <styleUrl>#month6</styleUrl>
            <Point>
                <coordinates>15.50835164,-18.97917684,0</coordinates>
            </Point>
        </Placemark>
        <Placemark>
            <name>Ozonjuitji m'Bari - Month 6 - 2010-06-07 18:01</name>
            <description>Waterhole: Ozonjuitji m'Bari, Month: 6, Time: 2010-06-07 18:01</description>
            <styleUrl>#month6</styleUrl>
            <Point>
                <coordinates>15.5036143,-18.97655436,0</coordinates>
            </Point>
        </Placemark>
        <Placemark>
            <name>Ozonjuitji m'Bari - Month 6 - 2010-06-07 18:21</name>
            <description>Waterhole: Ozonjuitji m'Bari, Month: 6, Time: 2010-06-07 18:21</description>
            <styleUrl>#month6</styleUrl>
            <Point>
                <coordinates>15.50376078,-18.97669067,0</coordinates>
            </Point>
        </Placemark>
        <Placemark>
            <name>Ozonjuitji m'Bari - Month 6 - 2010-06-07 18:41</name>
            <description>Waterhole: Ozonjuitji m'Bari, Month: 6, Time: 2010-06-07 18:41</description>
            <styleUrl>#month6</styleUrl>
            <Point>
                <coordinates>15.5102122,-18.98002523,0</coordinates>
            </Point>
        </Placemark>
        <Placemark>
            <name>Ozonjuitji m'Bari - Month 6 - 2010-06-08 18:01</name>
            <description>Waterhole: Ozonjuitji m'Bari, Month: 6, Time: 2010-06-08 18:01</description>
            <styleUrl>#month6</styleUrl>
            <Point>
                <coordinates>15.50447286,-18.9794637,0</coordinates>
            </Point>
        </Placemark>
        <Placemark>
            <name>Ozonjuitji m'Bari - Month 6 - 2010-06-08 18:21</name>
            <description>Waterhole: Ozonjuitji m'Bari, Month: 6, Time: 2010-06-08 18:21</description>
            <styleUrl>#month6</styleUrl>
            <Point>
                <coordinates>15.50374044,-18.97656453,0</coordinates>
            </Point>
        </Placemark>
        <Placemark>
            <name>Ozonjuitji m'Bari - Month 6 - 2010-06-08 18:41</name>
            <description>Waterhole: Ozonjuitji m'Bari, Month: 6, Time: 2010-06-08 18:41</description>
            <styleUrl>#month6</styleUrl>
            <Point>
                <coordinates>15.50391541,-18.97665405,0</coordinates>
            </Point>
        </Placemark>
        <Placemark>
            <name>Ozonjuitji m'Bari - Month 6 - 2010-06-08 19:01</name>
            <description>Waterhole: Ozonjuitji m'Bari, Month: 6, Time: 2010-06-08 19:01</description>
            <styleUrl>#month6</styleUrl>
            <Point>
                <coordinates>15.50729167,-18.98243205,0</coordinates>
            </Point>
        </Placemark>
        <Placemark>
            <name>Ozonjuitji m'Bari - Month 6 - 2010-06-09 17:01</name>
            <description>Waterhole: Ozonjuitji m'Bari, Month: 6, Time: 2010-06-09 17:01</description>
            <styleUrl>#month6</styleUrl>
            <Point>
                <coordinates>15.50639852,-18.98143921,0</coordinates>
            </Point>
        </Placemark>
        <Placemark>
            <name>Ozonjuitji m'Bari - Month 6 - 2010-06-09 17:21</name>
            <description>Waterhole: Ozonjuitji m'Bari, Month: 6, Time: 2010-06-09 17:21</description>
            <styleUrl>#month6</styleUrl>
            <Point>
                <coordinates>15.5035675,-18.97658081,0</coordinates>
            </Point>
        </Placemark>
        <Placemark>
            <name>Ozonjuitji m'Bari - Month 6 - 2010-06-09 17:41</name>
            <description>Waterhole: Ozonjuitji m'Bari, Month: 6, Time: 2010-06-09 17:41</description>
            <styleUrl>#month6</styleUrl>
            <Point>
                <coordinates>15.50369873,-18.97637939,0</coordinates>
            </Point>
        </Placemark>
        <Placemark>
            <name>Ozonjuitji m'Bari - Month 6 - 2010-06-09 18:01</name>
            <description>Waterhole: Ozonjuitji m'Bari, Month: 6, Time: 2010-06-09 18:01</description>
            <styleUrl>#month6</styleUrl>
            <Point>
                <coordinates>15.50539653,-18.9767863,0</coordinates>
            </Point>
        </Placemark>
        <Placemark>
            <name>Ozonjuitji m'Bari - Month 6 - 2010-06-10 18:41</name>
            <description>Waterhole: Ozonjuitji m'Bari, Month: 6, Time: 2010-06-10 18:41</description>
            <styleUrl>#month6</styleUrl>
            <Point>
                <coordinates>15.507724,-18.97876383,0</coordinates>
            </Point>
        </Placemark>
        <Placemark>
            <name>Ozonjuitji m'Bari - Month 6 - 2010-06-10 19:01</name>
            <description>Waterhole: Ozonjuitji m'Bari, Month: 6, Time: 2010-06-10 19:01</description>
            <styleUrl>#month6</styleUrl>
            <Point>
                <coordinates>15.50355021,-18.9765096,0</coordinates>
            </Point>
        </Placemark>
        <Placemark>
            <name>Ozonjuitji m'Bari - Month 6 - 2010-06-10 19:21</name>
            <description>Waterhole: Ozonjuitji m'Bari, Month: 6, Time: 2010-06-10 19:21</description>
            <styleUrl>#month6</styleUrl>
            <Point>
                <coordinates>15.50353597,-18.97643433,0</coordinates>
            </Point>
        </Placemark>
        <Placemark>
            <name>Ozonjuitji m'Bari - Month 6 - 2010-06-10 19:41</name>
            <description>Waterhole: Ozonjuitji m'Bari, Month: 6, Time: 2010-06-10 19:41</description>
            <styleUrl>#month6</styleUrl>
            <Point>
                <coordinates>15.50359395,-18.97686157,0</coordinates>
            </Point>
        </Placemark>
        <Placemark>
            <name>Ozonjuitji m'Bari - Month 6 - 2010-06-10 20:01</name>
            <description>Waterhole: Ozonjuitji m'Bari, Month: 6, Time: 2010-06-10 20:01</description>
            <styleUrl>#month6</styleUrl>
            <Point>
                <coordinates>15.50378927,-18.97650757,0</coordinates>
            </Point>
        </Placemark>
        <Placemark>
            <name>Ozonjuitji m'Bari - Month 6 - 2010-06-10 20:21</name>
            <description>Waterhole: Ozonjuitji m'Bari, Month: 6, Time: 2010-06-10 20:21</description>
            <styleUrl>#month6</styleUrl>
            <Point>
                <coordinates>15.51153259,-18.98058472,0</coordinates>
            </Point>
        </Placemark>
        <Placemark>
            <name>Ozonjuitji m'Bari - Month 6 - 2010-06-11 18:21</name>
            <description>Waterhole: Ozonjuitji m'Bari, Month: 6, Time: 2010-06-11 18:21</description>
            <styleUrl>#month6</styleUrl>
            <Point>
                <coordinates>15.50483805,-18.98308309,0</coordinates>
            </Point>
        </Placemark>
        <Placemark>
            <name>Ozonjuitji m'Bari - Month 6 - 2010-06-11 18:41</name>
            <description>Waterhole: Ozonjuitji m'Bari, Month: 6, Time: 2010-06-11 18:41</description>
            <styleUrl>#month6</styleUrl>
            <Point>
                <coordinates>15.50364787,-18.97659302,0</coordinates>
            </Point>
        </Placemark>
        <Placemark>
            <name>Ozonjuitji m'Bari - Month 6 - 2010-06-11 19:01</name>
            <description>Waterhole: Ozonjuitji m'Bari, Month: 6, Time: 2010-06-11 19:01</description>
            <styleUrl>#month6</styleUrl>
            <Point>
                <coordinates>15.50384623,-18.97625936,0</coordinates>
            </Point>
        </Placemark>
        <Placemark>
            <name>Ozonjuitji m'Bari - Month 6 - 2010-06-11 19:21</name>
            <description>Waterhole: Ozonjuitji m'Bari, Month: 6, Time: 2010-06-11 19:21</description>
            <styleUrl>#month6</styleUrl>
            <Point>
                <coordinates>15.50944722,-18.97972616,0</coordinates>
            </Point>
        </Placemark>
        <Placemark>
            <name>Ozonjuitji m'Bari - Month 6 - 2010-06-12 20:21</name>
            <description>Waterhole: Ozonjuitji m'Bari, Month: 6, Time: 2010-06-12 20:21</description>
            <styleUrl>#month6</styleUrl>
            <Point>
                <coordinates>15.50356445,-18.97659709,0</coordinates>
            </Point>
        </Placemark>
        <Placemark>
            <name>Ozonjuitji m'Bari - Month 6 - 2010-06-12 20:41</name>
            <description>Waterhole: Ozonjuitji m'Bari, Month: 6, Time: 2010-06-12 20:41</description>
            <styleUrl>#month6</styleUrl>
            <Point>
                <coordinates>15.5036204,-18.9764445,0</coordinates>
            </Point>
        </Placemark>
        <Placemark>
            <name>Ozonjuitji m'Bari - Month 6 - 2010-06-12 21:01</name>
            <description>Waterhole: Ozonjuitji m'Bari, Month: 6, Time: 2010-06-12 21:01</description>
            <styleUrl>#month6</styleUrl>
            <Point>
                <coordinates>15.50359395,-18.97655029,0</coordinates>
            </Point>
        </Placemark>
        <Placemark>
            <name>Ozonjuitji m'Bari - Month 6 - 2010-06-12 21:21</name>
            <description>Waterhole: Ozonjuitji m'Bari, Month: 6, Time: 2010-06-12 21:21</description>
            <styleUrl>#month6</styleUrl>
            <Point>
                <coordinates>15.50391134,-18.97668864,0</coordinates>
            </Point>
        </Placemark>
        <Placemark>
            <name>Ozonjuitji m'Bari - Month 6 - 2010-06-13 21:01</name>
            <description>Waterhole: Ozonjuitji m'Bari, Month: 6, Time: 2010-06-13 21:01</description>
            <styleUrl>#month6</styleUrl>
            <Point>
                <coordinates>15.50750122,-18.97865601,0</coordinates>
            </Point>
        </Placemark>
        <Placemark>
            <name>Ozonjuitji m'Bari - Month 6 - 2010-06-13 21:21</name>
            <description>Waterhole: Ozonjuitji m'Bari, Month: 6, Time: 2010-06-13 21:21</description>
            <styleUrl>#month6</styleUrl>
            <Point>
                <coordinates>15.50350037,-18.97659912,0</coordinates>
            </Point>
        </Placemark>
        <Placemark>
            <name>Ozonjuitji m'Bari - Month 6 - 2010-06-13 21:41</name>
            <description>Waterhole: Ozonjuitji m'Bari, Month: 6, Time: 2010-06-13 21:41</description>
            <styleUrl>#month6</styleUrl>
            <Point>
                <coordinates>15.50357463,-18.97676188,0</coordinates>
            </Point>
        </Placemark>
        <Placemark>
            <name>Ozonjuitji m'Bari - Month 6 - 2010-06-13 22:01</name>
            <description>Waterhole: Ozonjuitji m'Bari, Month: 6, Time: 2010-06-13 22:01</description>
            <styleUrl>#month6</styleUrl>
            <Point>
                <coordinates>15.50360921,-18.9767863,0</coordinates>
            </Point>
        </Placemark>
        <Placemark>
            <name>Ozonjuitji m'Bari - Month 6 - 2010-06-13 22:21</name>
            <description>Waterhole: Ozonjuitji m'Bari, Month: 6, Time: 2010-06-13 22:21</description>
            <styleUrl>#month6</styleUrl>
            <Point>
                <coordinates>15.50363668,-18.97677002,0</coordinates>
            </Point>
        </Placemark>
        <Placemark>
            <name>Ozonjuitji m'Bari - Month 6 - 2010-06-13 22:41</name>
            <description>Waterhole: Ozonjuitji m'Bari, Month: 6, Time: 2010-06-13 22:41</description>
            <styleUrl>#month6</styleUrl>
            <Point>
                <coordinates>15.50368856,-18.97659505,0</coordinates>
            </Point>
        </Placemark>
        <Placemark>
            <name>Ozonjuitji m'Bari - Month 6 - 2010-06-13 23:01</name>
            <description>Waterhole: Ozonjuitji m'Bari, Month: 6, Time: 2010-06-13 23:01</description>
            <styleUrl>#month6</styleUrl>
            <Point>
                <coordinates>15.50361735,-18.97653402,0</coordinates>
            </Point>
        </Placemark>
        <Placemark>
            <name>Ozonjuitji m'Bari - Month 6 - 2010-06-13 23:21</name>
            <description>Waterhole: Ozonjuitji m'Bari, Month: 6, Time: 2010-06-13 23:21</description>
            <styleUrl>#month6</styleUrl>
            <Point>
                <coordinates>15.50412292,-18.97688395,0</coordinates>
            </Point>
        </Placemark>
        <Placemark>
            <name>Ozonjuitji m'Bari - Month 6 - 2010-06-13 23:41</name>
            <description>Waterhole: Ozonjuitji m'Bari, Month: 6, Time: 2010-06-13 23:41</description>
            <styleUrl>#month6</styleUrl>
            <Point>
                <coordinates>15.50803223,-18.97889608,0</coordinates>
            </Point>
        </Placemark>
        <Placemark>
            <name>Ozonjuitji m'Bari - Month 6 - 2010-06-14 18:21</name>
            <description>Waterhole: Ozonjuitji m'Bari, Month: 6, Time: 2010-06-14 18:21</description>
            <styleUrl>#month6</styleUrl>
            <Point>
                <coordinates>15.50388285,-18.97724609,0</coordinates>
            </Point>
        </Placemark>
        <Placemark>
            <name>Ozonjuitji m'Bari - Month 6 - 2010-06-14 18:41</name>
            <description>Waterhole: Ozonjuitji m'Bari, Month: 6, Time: 2010-06-14 18:41</description>
            <styleUrl>#month6</styleUrl>
            <Point>
                <coordinates>15.50404968,-18.97619629,0</coordinates>
            </Point>
        </Placemark>
        <Placemark>
            <name>Ozonjuitji m'Bari - Month 6 - 2010-06-14 19:01</name>
            <description>Waterhole: Ozonjuitji m'Bari, Month: 6, Time: 2010-06-14 19:01</description>
            <styleUrl>#month6</styleUrl>
            <Point>
                <coordinates>15.50362244,-18.97653198,0</coordinates>
            </Point>
        </Placemark>
        <Placemark>
            <name>Ozonjuitji m'Bari - Month 6 - 2010-06-14 19:21</name>
            <description>Waterhole: Ozonjuitji m'Bari, Month: 6, Time: 2010-06-14 19:21</description>
            <styleUrl>#month6</styleUrl>
            <Point>
                <coordinates>15.50361938,-18.97653605,0</coordinates>
            </Point>
        </Placemark>
        <Placemark>
            <name>Ozonjuitji m'Bari - Month 6 - 2010-06-14 19:41</name>
            <description>Waterhole: Ozonjuitji m'Bari, Month: 6, Time: 2010-06-14 19:41</description>
            <styleUrl>#month6</styleUrl>
            <Point>
                <coordinates>15.50447591,-18.97679443,0</coordinates>
            </Point>
        </Placemark>
        <Placemark>
            <name>Ozonjuitji m'Bari - Month 6 - 2010-06-14 20:01</name>
            <description>Waterhole: Ozonjuitji m'Bari, Month: 6, Time: 2010-06-14 20:01</description>
            <styleUrl>#month6</styleUrl>
            <Point>
                <coordinates>15.50773621,-18.9787679,0</coordinates>
            </Point>
        </Placemark>
        <Placemark>
            <name>Ozonjuitji m'Bari - Month 6 - 2010-06-15 18:41</name>
            <description>Waterhole: Ozonjuitji m'Bari, Month: 6, Time: 2010-06-15 18:41</description>
            <styleUrl>#month6</styleUrl>
            <Point>
                <coordinates>15.50859477,-18.98389486,0</coordinates>
            </Point>
        </Placemark>
        <Placemark>
            <name>Ozonjuitji m'Bari - Month 6 - 2010-06-15 19:01</name>
            <description>Waterhole: Ozonjuitji m'Bari, Month: 6, Time: 2010-06-15 19:01</description>
            <styleUrl>#month6</styleUrl>
            <Point>
                <coordinates>15.50707703,-18.98236287,0</coordinates>
            </Point>
        </Placemark>
        <Placemark>
            <name>Ozonjuitji m'Bari - Month 6 - 2010-06-15 19:21</name>
            <description>Waterhole: Ozonjuitji m'Bari, Month: 6, Time: 2010-06-15 19:21</description>
            <styleUrl>#month6</styleUrl>
            <Point>
                <coordinates>15.50500692,-18.97991536,0</coordinates>
            </Point>
        </Placemark>
        <Placemark>
            <name>Ozonjuitji m'Bari - Month 6 - 2010-06-15 19:41</name>
            <description>Waterhole: Ozonjuitji m'Bari, Month: 6, Time: 2010-06-15 19:41</description>
            <styleUrl>#month6</styleUrl>
            <Point>
                <coordinates>15.50439657,-18.97861328,0</coordinates>
            </Point>
        </Placemark>
        <Placemark>
            <name>Ozonjuitji m'Bari - Month 6 - 2010-06-15 20:01</name>
            <description>Waterhole: Ozonjuitji m'Bari, Month: 6, Time: 2010-06-15 20:01</description>
            <styleUrl>#month6</styleUrl>
            <Point>
                <coordinates>15.50394999,-18.97841187,0</coordinates>
            </Point>
        </Placemark>
        <Placemark>
            <name>Ozonjuitji m'Bari - Month 6 - 2010-06-15 20:21</name>
            <description>Waterhole: Ozonjuitji m'Bari, Month: 6, Time: 2010-06-15 20:21</description>
            <styleUrl>#month6</styleUrl>
            <Point>
                <coordinates>15.50357157,-18.97711385,0</coordinates>
            </Point>
        </Placemark>
        <Placemark>
            <name>Ozonjuitji m'Bari - Month 6 - 2010-06-15 20:41</name>
            <description>Waterhole: Ozonjuitji m'Bari, Month: 6, Time: 2010-06-15 20:41</description>
            <styleUrl>#month6</styleUrl>
            <Point>
                <coordinates>15.50343119,-18.97676392,0</coordinates>
            </Point>
        </Placemark>
        <Placemark>
            <name>Ozonjuitji m'Bari - Month 6 - 2010-06-15 21:01</name>
            <description>Waterhole: Ozonjuitji m'Bari, Month: 6, Time: 2010-06-15 21:01</description>
            <styleUrl>#month6</styleUrl>
            <Point>
                <coordinates>15.50346171,-18.97678019,0</coordinates>
            </Point>
        </Placemark>
        <Placemark>
            <name>Ozonjuitji m'Bari - Month 6 - 2010-06-15 21:21</name>
            <description>Waterhole: Ozonjuitji m'Bari, Month: 6, Time: 2010-06-15 21:21</description>
            <styleUrl>#month6</styleUrl>
            <Point>
                <coordinates>15.50358175,-18.97659505,0</coordinates>
            </Point>
        </Placemark>
        <Placemark>
            <name>Ozonjuitji m'Bari - Month 6 - 2010-06-15 21:41</name>
            <description>Waterhole: Ozonjuitji m'Bari, Month: 6, Time: 2010-06-15 21:41</description>
            <styleUrl>#month6</styleUrl>
            <Point>
                <coordinates>15.5036499,-18.9765564,0</coordinates>
            </Point>
        </Placemark>
        <Placemark>
            <name>Ozonjuitji m'Bari - Month 6 - 2010-06-15 22:01</name>
            <description>Waterhole: Ozonjuitji m'Bari, Month: 6, Time: 2010-06-15 22:01</description>
            <styleUrl>#month6</styleUrl>
            <Point>
                <coordinates>15.50269572,-18.97626139,0</coordinates>
            </Point>
        </Placemark>
        <Placemark>
            <name>Ozonjuitji m'Bari - Month 6 - 2010-06-15 22:21</name>
            <description>Waterhole: Ozonjuitji m'Bari, Month: 6, Time: 2010-06-15 22:21</description>
            <styleUrl>#month6</styleUrl>
            <Point>
                <coordinates>15.50053507,-18.97693685,0</coordinates>
            </Point>
        </Placemark>
        <Placemark>
            <name>Ozonjuitji m'Bari - Month 6 - 2010-06-15 22:41</name>
            <description>Waterhole: Ozonjuitji m'Bari, Month: 6, Time: 2010-06-15 22:41</description>
            <styleUrl>#month6</styleUrl>
            <Point>
                <coordinates>15.50362345,-18.97653605,0</coordinates>
            </Point>
        </Placemark>
        <Placemark>
            <name>Arendsnes - Month 6 - 2010-06-16 15:21</name>
            <description>Waterhole: Arendsnes, Month: 6, Time: 2010-06-16 15:21</description>
            <styleUrl>#month6</styleUrl>
            <Point>
                <coordinates>15.41108093,-18.97736816,0</coordinates>
            </Point>
        </Placemark>
        <Placemark>
            <name>Arendsnes - Month 6 - 2010-06-16 15:41</name>
            <description>Waterhole: Arendsnes, Month: 6, Time: 2010-06-16 15:41</description>
            <styleUrl>#month6</styleUrl>
            <Point>
                <coordinates>15.40552673,-18.97826335,0</coordinates>
            </Point>
        </Placemark>
        <Placemark>
            <name>Arendsnes - Month 6 - 2010-06-16 16:01</name>
            <description>Waterhole: Arendsnes, Month: 6, Time: 2010-06-16 16:01</description>
            <styleUrl>#month6</styleUrl>
            <Point>
                <coordinates>15.40215759,-18.97849935,0</coordinates>
            </Point>
        </Placemark>
        <Placemark>
            <name>Sonderkop waterhole - Month 6 - 2010-06-16 20:41</name>
            <description>Waterhole: Sonderkop waterhole, Month: 6, Time: 2010-06-16 20:41</description>
            <styleUrl>#month6</styleUrl>
            <Point>
                <coordinates>15.33308919,-18.97109172,0</coordinates>
            </Point>
        </Placemark>
        <Placemark>
            <name>Sonderkop waterhole - Month 6 - 2010-06-16 21:01</name>
            <description>Waterhole: Sonderkop waterhole, Month: 6, Time: 2010-06-16 21:01</description>
            <styleUrl>#month6</styleUrl>
            <Point>
                <coordinates>15.32827454,-18.96896769,0</coordinates>
            </Point>
        </Placemark>
        <Placemark>
            <name>Sonderkop waterhole - Month 6 - 2010-06-16 21:21</name>
            <description>Waterhole: Sonderkop waterhole, Month: 6, Time: 2010-06-16 21:21</description>
            <styleUrl>#month6</styleUrl>
            <Point>
                <coordinates>15.32831726,-18.96928507,0</coordinates>
            </Point>
        </Placemark>
        <Placemark>
            <name>Ozonjuitji m'Bari - Month 6 - 2010-06-17 18:41</name>
            <description>Waterhole: Ozonjuitji m'Bari, Month: 6, Time: 2010-06-17 18:41</description>
            <styleUrl>#month6</styleUrl>
            <Point>
                <coordinates>15.49779867,-18.98094686,0</coordinates>
            </Point>
        </Placemark>
        <Placemark>
            <name>Ozonjuitji m'Bari - Month 6 - 2010-06-17 19:01</name>
            <description>Waterhole: Ozonjuitji m'Bari, Month: 6, Time: 2010-06-17 19:01</description>
            <styleUrl>#month6</styleUrl>
            <Point>
                <coordinates>15.50046183,-18.97802327,0</coordinates>
            </Point>
        </Placemark>
        <Placemark>
            <name>Ozonjuitji m'Bari - Month 6 - 2010-06-17 19:21</name>
            <description>Waterhole: Ozonjuitji m'Bari, Month: 6, Time: 2010-06-17 19:21</description>
            <styleUrl>#month6</styleUrl>
            <Point>
                <coordinates>15.50358175,-18.97651571,0</coordinates>
            </Point>
        </Placemark>
        <Placemark>
            <name>Ozonjuitji m'Bari - Month 6 - 2010-06-17 19:41</name>
            <description>Waterhole: Ozonjuitji m'Bari, Month: 6, Time: 2010-06-17 19:41</description>
            <styleUrl>#month6</styleUrl>
            <Point>
                <coordinates>15.50444641,-18.97705485,0</coordinates>
            </Point>
        </Placemark>
        <Placemark>
            <name>Ozonjuitji m'Bari - Month 6 - 2010-06-18 17:01</name>
            <description>Waterhole: Ozonjuitji m'Bari, Month: 6, Time: 2010-06-18 17:01</description>
            <styleUrl>#month6</styleUrl>
            <Point>
                <coordinates>15.50351868,-18.9765686,0</coordinates>
            </Point>
        </Placemark>
        <Placemark>
            <name>Ozonjuitji m'Bari - Month 6 - 2010-06-18 17:21</name>
            <description>Waterhole: Ozonjuitji m'Bari, Month: 6, Time: 2010-06-18 17:21</description>
            <styleUrl>#month6</styleUrl>
            <Point>
                <coordinates>15.50407003,-18.97598674,0</coordinates>
            </Point>
        </Placemark>
        <Placemark>
            <name>Ozonjuitji m'Bari - Month 6 - 2010-06-18 17:41</name>
            <description>Waterhole: Ozonjuitji m'Bari, Month: 6, Time: 2010-06-18 17:41</description>
            <styleUrl>#month6</styleUrl>
            <Point>
                <coordinates>15.50402323,-18.97614746,0</coordinates>
            </Point>
        </Placemark>
        <Placemark>
            <name>Ozonjuitji m'Bari - Month 6 - 2010-06-18 18:01</name>
            <description>Waterhole: Ozonjuitji m'Bari, Month: 6, Time: 2010-06-18 18:01</description>
            <styleUrl>#month6</styleUrl>
            <Point>
                <coordinates>15.5041331,-18.9768453,0</coordinates>
            </Point>
        </Placemark>
        <Placemark>
            <name>Ozonjuitji m'Bari - Month 6 - 2010-06-19 18:41</name>
            <description>Waterhole: Ozonjuitji m'Bari, Month: 6, Time: 2010-06-19 18:41</description>
            <styleUrl>#month6</styleUrl>
            <Point>
                <coordinates>15.50503845,-18.98429565,0</coordinates>
            </Point>
        </Placemark>
        <Placemark>
            <name>Ozonjuitji m'Bari - Month 6 - 2010-06-19 19:01</name>
            <description>Waterhole: Ozonjuitji m'Bari, Month: 6, Time: 2010-06-19 19:01</description>
            <styleUrl>#month6</styleUrl>
            <Point>
                <coordinates>15.5048289,-18.98377075,0</coordinates>
            </Point>
        </Placemark>
        <Placemark>
            <name>Ozonjuitji m'Bari - Month 6 - 2010-06-19 19:21</name>
            <description>Waterhole: Ozonjuitji m'Bari, Month: 6, Time: 2010-06-19 19:21</description>
            <styleUrl>#month6</styleUrl>
            <Point>
                <coordinates>15.50391947,-18.9780131,0</coordinates>
            </Point>
        </Placemark>
        <Placemark>
            <name>Ozonjuitji m'Bari - Month 6 - 2010-06-19 19:41</name>
            <description>Waterhole: Ozonjuitji m'Bari, Month: 6, Time: 2010-06-19 19:41</description>
            <styleUrl>#month6</styleUrl>
            <Point>
                <coordinates>15.50360718,-18.9766805,0</coordinates>
            </Point>
        </Placemark>
        <Placemark>
            <name>Ozonjuitji m'Bari - Month 6 - 2010-06-19 20:01</name>
            <description>Waterhole: Ozonjuitji m'Bari, Month: 6, Time: 2010-06-19 20:01</description>
            <styleUrl>#month6</styleUrl>
            <Point>
                <coordinates>15.50360718,-18.97669474,0</coordinates>
            </Point>
        </Placemark>
        <Placemark>
            <name>Ozonjuitji m'Bari - Month 6 - 2010-06-19 20:21</name>
            <description>Waterhole: Ozonjuitji m'Bari, Month: 6, Time: 2010-06-19 20:21</description>
            <styleUrl>#month6</styleUrl>
            <Point>
                <coordinates>15.50972595,-18.97839966,0</coordinates>
            </Point>
        </Placemark>
        <Placemark>
            <name>Ozonjuitji m'Bari - Month 6 - 2010-06-20 19:41</name>
            <description>Waterhole: Ozonjuitji m'Bari, Month: 6, Time: 2010-06-20 19:41</description>
            <styleUrl>#month6</styleUrl>
            <Point>
                <coordinates>15.51073608,-18.97698161,0</coordinates>
            </Point>
        </Placemark>
        <Placemark>
            <name>Ozonjuitji m'Bari - Month 6 - 2010-06-20 20:01</name>
            <description>Waterhole: Ozonjuitji m'Bari, Month: 6, Time: 2010-06-20 20:01</description>
            <styleUrl>#month6</styleUrl>
            <Point>
                <coordinates>15.50811666,-18.97694906,0</coordinates>
            </Point>
        </Placemark>
        <Placemark>
            <name>Ozonjuitji m'Bari - Month 6 - 2010-06-20 20:21</name>
            <description>Waterhole: Ozonjuitji m'Bari, Month: 6, Time: 2010-06-20 20:21</description>
            <styleUrl>#month6</styleUrl>
            <Point>
                <coordinates>15.5042216,-18.97676188,0</coordinates>
            </Point>
        </Placemark>
        <Placemark>
            <name>Ozonjuitji m'Bari - Month 6 - 2010-06-20 20:41</name>
            <description>Waterhole: Ozonjuitji m'Bari, Month: 6, Time: 2010-06-20 20:41</description>
            <styleUrl>#month6</styleUrl>
            <Point>
                <coordinates>15.50375977,-18.97648519,0</coordinates>
            </Point>
        </Placemark>
        <Placemark>
            <name>Ozonjuitji m'Bari - Month 6 - 2010-06-20 21:01</name>
            <description>Waterhole: Ozonjuitji m'Bari, Month: 6, Time: 2010-06-20 21:01</description>
            <styleUrl>#month6</styleUrl>
            <Point>
                <coordinates>15.50527445,-18.96977132,0</coordinates>
            </Point>
        </Placemark>
        <Placemark>
            <name>Ozonjuitji m'Bari - Month 6 - 2010-06-21 17:21</name>
            <description>Waterhole: Ozonjuitji m'Bari, Month: 6, Time: 2010-06-21 17:21</description>
            <styleUrl>#month6</styleUrl>
            <Point>
                <coordinates>15.50147196,-18.9684672,0</coordinates>
            </Point>
        </Placemark>
        <Placemark>
            <name>Ozonjuitji m'Bari - Month 6 - 2010-06-21 17:41</name>
            <description>Waterhole: Ozonjuitji m'Bari, Month: 6, Time: 2010-06-21 17:41</description>
            <styleUrl>#month6</styleUrl>
            <Point>
                <coordinates>15.50179952,-18.97028605,0</coordinates>
            </Point>
        </Placemark>
        <Placemark>
            <name>Ozonjuitji m'Bari - Month 6 - 2010-06-21 18:01</name>
            <description>Waterhole: Ozonjuitji m'Bari, Month: 6, Time: 2010-06-21 18:01</description>
            <styleUrl>#month6</styleUrl>
            <Point>
                <coordinates>15.50288595,-18.97365112,0</coordinates>
            </Point>
        </Placemark>
        <Placemark>
            <name>Ozonjuitji m'Bari - Month 6 - 2010-06-21 18:21</name>
            <description>Waterhole: Ozonjuitji m'Bari, Month: 6, Time: 2010-06-21 18:21</description>
            <styleUrl>#month6</styleUrl>
            <Point>
                <coordinates>15.50356852,-18.97632243,0</coordinates>
            </Point>
        </Placemark>
        <Placemark>
            <name>Ozonjuitji m'Bari - Month 6 - 2010-06-21 18:41</name>
            <description>Waterhole: Ozonjuitji m'Bari, Month: 6, Time: 2010-06-21 18:41</description>
            <styleUrl>#month6</styleUrl>
            <Point>
                <coordinates>15.50383606,-18.97661336,0</coordinates>
            </Point>
        </Placemark>
        <Placemark>
            <name>Ozonjuitji m'Bari - Month 6 - 2010-06-21 19:01</name>
            <description>Waterhole: Ozonjuitji m'Bari, Month: 6, Time: 2010-06-21 19:01</description>
            <styleUrl>#month6</styleUrl>
            <Point>
                <coordinates>15.50354513,-18.97656453,0</coordinates>
            </Point>
        </Placemark>
        <Placemark>
            <name>Ozonjuitji m'Bari - Month 6 - 2010-06-21 19:21</name>
            <description>Waterhole: Ozonjuitji m'Bari, Month: 6, Time: 2010-06-21 19:21</description>
            <styleUrl>#month6</styleUrl>
            <Point>
                <coordinates>15.50969238,-18.97977702,0</coordinates>
            </Point>
        </Placemark>
        <Placemark>
            <name>Ozonjuitji m'Bari - Month 6 - 2010-06-23 12:41</name>
            <description>Waterhole: Ozonjuitji m'Bari, Month: 6, Time: 2010-06-23 12:41</description>
            <styleUrl>#month6</styleUrl>
            <Point>
                <coordinates>15.49778341,-18.97516683,0</coordinates>
            </Point>
        </Placemark>
        <Placemark>
            <name>Ozonjuitji m'Bari - Month 6 - 2010-06-23 13:01</name>
            <description>Waterhole: Ozonjuitji m'Bari, Month: 6, Time: 2010-06-23 13:01</description>
            <styleUrl>#month6</styleUrl>
            <Point>
                <coordinates>15.50362142,-18.97667847,0</coordinates>
            </Point>
        </Placemark>
        <Placemark>
            <name>Ozonjuitji m'Bari - Month 6 - 2010-06-23 13:21</name>
            <description>Waterhole: Ozonjuitji m'Bari, Month: 6, Time: 2010-06-23 13:21</description>
            <styleUrl>#month6</styleUrl>
            <Point>
                <coordinates>15.50180969,-18.97562663,0</coordinates>
            </Point>
        </Placemark>
        <Placemark>
            <name>Ozonjuitji m'Bari - Month 6 - 2010-06-23 13:41</name>
            <description>Waterhole: Ozonjuitji m'Bari, Month: 6, Time: 2010-06-23 13:41</description>
            <styleUrl>#month6</styleUrl>
            <Point>
                <coordinates>15.49740906,-18.97458089,0</coordinates>
            </Point>
        </Placemark>
        <Placemark>
            <name>Ozonjuitji m'Bari - Month 6 - 2010-06-23 14:01</name>
            <description>Waterhole: Ozonjuitji m'Bari, Month: 6, Time: 2010-06-23 14:01</description>
            <styleUrl>#month6</styleUrl>
            <Point>
                <coordinates>15.49637451,-18.97558797,0</coordinates>
            </Point>
        </Placemark>
        <Placemark>
            <name>Ozonjuitji m'Bari - Month 6 - 2010-06-23 14:21</name>
            <description>Waterhole: Ozonjuitji m'Bari, Month: 6, Time: 2010-06-23 14:21</description>
            <styleUrl>#month6</styleUrl>
            <Point>
                <coordinates>15.49557088,-18.97623291,0</coordinates>
            </Point>
        </Placemark>
        <Placemark>
            <name>Ozonjuitji m'Bari - Month 6 - 2010-06-23 14:41</name>
            <description>Waterhole: Ozonjuitji m'Bari, Month: 6, Time: 2010-06-23 14:41</description>
            <styleUrl>#month6</styleUrl>
            <Point>
                <coordinates>15.49473572,-18.97659098,0</coordinates>
            </Point>
        </Placemark>
        <Placemark>
            <name>Ozonjuitji m'Bari - Month 6 - 2010-06-23 15:01</name>
            <description>Waterhole: Ozonjuitji m'Bari, Month: 6, Time: 2010-06-23 15:01</description>
            <styleUrl>#month6</styleUrl>
            <Point>
                <coordinates>15.49428202,-18.97712402,0</coordinates>
            </Point>
        </Placemark>
        <Placemark>
            <name>Ozonjuitji m'Bari - Month 6 - 2010-06-23 16:01</name>
            <description>Waterhole: Ozonjuitji m'Bari, Month: 6, Time: 2010-06-23 16:01</description>
            <styleUrl>#month6</styleUrl>
            <Point>
                <coordinates>15.49449158,-18.97759399,0</coordinates>
            </Point>
        </Placemark>
        <Placemark>
            <name>Ozonjuitji m'Bari - Month 6 - 2010-06-23 16:21</name>
            <description>Waterhole: Ozonjuitji m'Bari, Month: 6, Time: 2010-06-23 16:21</description>
            <styleUrl>#month6</styleUrl>
            <Point>
                <coordinates>15.50360718,-18.97667643,0</coordinates>
            </Point>
        </Placemark>
        <Placemark>
            <name>Ozonjuitji m'Bari - Month 6 - 2010-06-23 16:41</name>
            <description>Waterhole: Ozonjuitji m'Bari, Month: 6, Time: 2010-06-23 16:41</description>
            <styleUrl>#month6</styleUrl>
            <Point>
                <coordinates>15.50360819,-18.9766276,0</coordinates>
            </Point>
        </Placemark>
        <Placemark>
            <name>Ozonjuitji m'Bari - Month 6 - 2010-06-23 17:00</name>
            <description>Waterhole: Ozonjuitji m'Bari, Month: 6, Time: 2010-06-23 17:00</description>
            <styleUrl>#month6</styleUrl>
            <Point>
                <coordinates>15.50423584,-18.97649943,0</coordinates>
            </Point>
        </Placemark>
        <Placemark>
            <name>Ozonjuitji m'Bari - Month 6 - 2010-06-23 17:21</name>
            <description>Waterhole: Ozonjuitji m'Bari, Month: 6, Time: 2010-06-23 17:21</description>
            <styleUrl>#month6</styleUrl>
            <Point>
                <coordinates>15.50383504,-18.97653402,0</coordinates>
            </Point>
        </Placemark>
        <Placemark>
            <name>Ozonjuitji m'Bari - Month 6 - 2010-06-23 17:41</name>
            <description>Waterhole: Ozonjuitji m'Bari, Month: 6, Time: 2010-06-23 17:41</description>
            <styleUrl>#month6</styleUrl>
            <Point>
                <coordinates>15.50410665,-18.97611694,0</coordinates>
            </Point>
        </Placemark>
        <Placemark>
            <name>Ozonjuitji m'Bari - Month 6 - 2010-06-23 18:01</name>
            <description>Waterhole: Ozonjuitji m'Bari, Month: 6, Time: 2010-06-23 18:01</description>
            <styleUrl>#month6</styleUrl>
            <Point>
                <coordinates>15.50553589,-18.96872152,0</coordinates>
            </Point>
        </Placemark>
        <Placemark>
            <name>Ozonjuitji m'Bari - Month 6 - 2010-06-24 16:41</name>
            <description>Waterhole: Ozonjuitji m'Bari, Month: 6, Time: 2010-06-24 16:41</description>
            <styleUrl>#month6</styleUrl>
            <Point>
                <coordinates>15.50041097,-18.97389323,0</coordinates>
            </Point>
        </Placemark>
        <Placemark>
            <name>Ozonjuitji m'Bari - Month 6 - 2010-06-24 17:01</name>
            <description>Waterhole: Ozonjuitji m'Bari, Month: 6, Time: 2010-06-24 17:01</description>
            <styleUrl>#month6</styleUrl>
            <Point>
                <coordinates>15.50203044,-18.97503255,0</coordinates>
            </Point>
        </Placemark>
        <Placemark>
            <name>Ozonjuitji m'Bari - Month 6 - 2010-06-24 17:21</name>
            <description>Waterhole: Ozonjuitji m'Bari, Month: 6, Time: 2010-06-24 17:21</description>
            <styleUrl>#month6</styleUrl>
            <Point>
                <coordinates>15.50365092,-18.97676392,0</coordinates>
            </Point>
        </Placemark>
        <Placemark>
            <name>Ozonjuitji m'Bari - Month 6 - 2010-06-24 17:41</name>
            <description>Waterhole: Ozonjuitji m'Bari, Month: 6, Time: 2010-06-24 17:41</description>
            <styleUrl>#month6</styleUrl>
            <Point>
                <coordinates>15.50384216,-18.97661133,0</coordinates>
            </Point>
        </Placemark>
        <Placemark>
            <name>Ozonjuitji m'Bari - Month 6 - 2010-06-24 18:01</name>
            <description>Waterhole: Ozonjuitji m'Bari, Month: 6, Time: 2010-06-24 18:01</description>
            <styleUrl>#month6</styleUrl>
            <Point>
                <coordinates>15.50362244,-18.97654622,0</coordinates>
            </Point>
        </Placemark>
        <Placemark>
            <name>Ozonjuitji m'Bari - Month 6 - 2010-06-24 18:21</name>
            <description>Waterhole: Ozonjuitji m'Bari, Month: 6, Time: 2010-06-24 18:21</description>
            <styleUrl>#month6</styleUrl>
            <Point>
                <coordinates>15.49702047,-18.97167562,0</coordinates>
            </Point>
        </Placemark>
        <Placemark>
            <name>Ozonjuitji m'Bari - Month 6 - 2010-06-25 15:21</name>
            <description>Waterhole: Ozonjuitji m'Bari, Month: 6, Time: 2010-06-25 15:21</description>
            <styleUrl>#month6</styleUrl>
            <Point>
                <coordinates>15.49875183,-18.97080282,0</coordinates>
            </Point>
        </Placemark>
        <Placemark>
            <name>Ozonjuitji m'Bari - Month 6 - 2010-06-25 15:41</name>
            <description>Waterhole: Ozonjuitji m'Bari, Month: 6, Time: 2010-06-25 15:41</description>
            <styleUrl>#month6</styleUrl>
            <Point>
                <coordinates>15.50331217,-18.97125651,0</coordinates>
            </Point>
        </Placemark>
        <Placemark>
            <name>Ozonjuitji m'Bari - Month 6 - 2010-06-25 16:01</name>
            <description>Waterhole: Ozonjuitji m'Bari, Month: 6, Time: 2010-06-25 16:01</description>
            <styleUrl>#month6</styleUrl>
            <Point>
                <coordinates>15.50493164,-18.97301636,0</coordinates>
            </Point>
        </Placemark>
        <Placemark>
            <name>Ozonjuitji m'Bari - Month 6 - 2010-06-25 16:21</name>
            <description>Waterhole: Ozonjuitji m'Bari, Month: 6, Time: 2010-06-25 16:21</description>
            <styleUrl>#month6</styleUrl>
            <Point>
                <coordinates>15.50373332,-18.97599487,0</coordinates>
            </Point>
        </Placemark>
        <Placemark>
            <name>Ozonjuitji m'Bari - Month 6 - 2010-06-25 16:41</name>
            <description>Waterhole: Ozonjuitji m'Bari, Month: 6, Time: 2010-06-25 16:41</description>
            <styleUrl>#month6</styleUrl>
            <Point>
                <coordinates>15.50724589,-18.97394613,0</coordinates>
            </Point>
        </Placemark>
        <Placemark>
            <name>Ozonjuitji m'Bari - Month 6 - 2010-06-25 17:01</name>
            <description>Waterhole: Ozonjuitji m'Bari, Month: 6, Time: 2010-06-25 17:01</description>
            <styleUrl>#month6</styleUrl>
            <Point>
                <coordinates>15.50873311,-18.97434692,0</coordinates>
            </Point>
        </Placemark>
        <Placemark>
            <name>Ozonjuitji m'Bari - Month 6 - 2010-06-25 17:21</name>
            <description>Waterhole: Ozonjuitji m'Bari, Month: 6, Time: 2010-06-25 17:21</description>
            <styleUrl>#month6</styleUrl>
            <Point>
                <coordinates>15.5093984,-18.97486776,0</coordinates>
            </Point>
        </Placemark>
        <Placemark>
            <name>Ozonjuitji m'Bari - Month 6 - 2010-06-26 20:21</name>
            <description>Waterhole: Ozonjuitji m'Bari, Month: 6, Time: 2010-06-26 20:21</description>
            <styleUrl>#month6</styleUrl>
            <Point>
                <coordinates>15.50965169,-18.97983195,0</coordinates>
            </Point>
        </Placemark>
        <Placemark>
            <name>Ozonjuitji m'Bari - Month 6 - 2010-06-26 20:41</name>
            <description>Waterhole: Ozonjuitji m'Bari, Month: 6, Time: 2010-06-26 20:41</description>
            <styleUrl>#month6</styleUrl>
            <Point>
                <coordinates>15.50386251,-18.97674154,0</coordinates>
            </Point>
        </Placemark>
        <Placemark>
            <name>Ozonjuitji m'Bari - Month 6 - 2010-06-26 21:01</name>
            <description>Waterhole: Ozonjuitji m'Bari, Month: 6, Time: 2010-06-26 21:01</description>
            <styleUrl>#month6</styleUrl>
            <Point>
                <coordinates>15.50368958,-18.97658691,0</coordinates>
            </Point>
        </Placemark>
        <Placemark>
            <name>Ozonjuitji m'Bari - Month 6 - 2010-06-26 21:21</name>
            <description>Waterhole: Ozonjuitji m'Bari, Month: 6, Time: 2010-06-26 21:21</description>
            <styleUrl>#month6</styleUrl>
            <Point>
                <coordinates>15.50021871,-18.97588501,0</coordinates>
            </Point>
        </Placemark>
        <Placemark>
            <name>Ozonjuitji m'Bari - Month 6 - 2010-06-26 21:41</name>
            <description>Waterhole: Ozonjuitji m'Bari, Month: 6, Time: 2010-06-26 21:41</description>
            <styleUrl>#month6</styleUrl>
            <Point>
                <coordinates>15.49561056,-18.9768453,0</coordinates>
            </Point>
        </Placemark>
        <Placemark>
            <name>Ozonjuitji m'Bari - Month 6 - 2010-06-27 16:21</name>
            <description>Waterhole: Ozonjuitji m'Bari, Month: 6, Time: 2010-06-27 16:21</description>
            <styleUrl>#month6</styleUrl>
            <Point>
                <coordinates>15.49761861,-18.97368164,0</coordinates>
            </Point>
        </Placemark>
        <Placemark>
            <name>Ozonjuitji m'Bari - Month 6 - 2010-06-27 16:41</name>
            <description>Waterhole: Ozonjuitji m'Bari, Month: 6, Time: 2010-06-27 16:41</description>
            <styleUrl>#month6</styleUrl>
            <Point>
                <coordinates>15.49973145,-18.97343547,0</coordinates>
            </Point>
        </Placemark>
        <Placemark>
            <name>Ozonjuitji m'Bari - Month 6 - 2010-06-27 17:01</name>
            <description>Waterhole: Ozonjuitji m'Bari, Month: 6, Time: 2010-06-27 17:01</description>
            <styleUrl>#month6</styleUrl>
            <Point>
                <coordinates>15.50178833,-18.97485758,0</coordinates>
            </Point>
        </Placemark>
        <Placemark>
            <name>Ozonjuitji m'Bari - Month 6 - 2010-06-27 17:21</name>
            <description>Waterhole: Ozonjuitji m'Bari, Month: 6, Time: 2010-06-27 17:21</description>
            <styleUrl>#month6</styleUrl>
            <Point>
                <coordinates>15.50289307,-18.97587077,0</coordinates>
            </Point>
        </Placemark>
        <Placemark>
            <name>Ozonjuitji m'Bari - Month 6 - 2010-06-27 17:41</name>
            <description>Waterhole: Ozonjuitji m'Bari, Month: 6, Time: 2010-06-27 17:41</description>
            <styleUrl>#month6</styleUrl>
            <Point>
                <coordinates>15.50311279,-18.97623494,0</coordinates>
            </Point>
        </Placemark>
        <Placemark>
            <name>Ozonjuitji m'Bari - Month 6 - 2010-06-27 18:01</name>
            <description>Waterhole: Ozonjuitji m'Bari, Month: 6, Time: 2010-06-27 18:01</description>
            <styleUrl>#month6</styleUrl>
            <Point>
                <coordinates>15.50377401,-18.97682902,0</coordinates>
            </Point>
        </Placemark>
        <Placemark>
            <name>Ozonjuitji m'Bari - Month 6 - 2010-06-27 18:21</name>
            <description>Waterhole: Ozonjuitji m'Bari, Month: 6, Time: 2010-06-27 18:21</description>
            <styleUrl>#month6</styleUrl>
            <Point>
                <coordinates>15.50358378,-18.97658895,0</coordinates>
            </Point>
        </Placemark>
        <Placemark>
            <name>Ozonjuitji m'Bari - Month 6 - 2010-06-27 18:41</name>
            <description>Waterhole: Ozonjuitji m'Bari, Month: 6, Time: 2010-06-27 18:41</description>
            <styleUrl>#month6</styleUrl>
            <Point>
                <coordinates>15.50309041,-18.97678223,0</coordinates>
            </Point>
        </Placemark>
        <Placemark>
            <name>Ozonjuitji m'Bari - Month 6 - 2010-06-28 19:41</name>
            <description>Waterhole: Ozonjuitji m'Bari, Month: 6, Time: 2010-06-28 19:41</description>
            <styleUrl>#month6</styleUrl>
            <Point>
                <coordinates>15.49569906,-18.97451782,0</coordinates>
            </Point>
        </Placemark>
        <Placemark>
            <name>Ozonjuitji m'Bari - Month 6 - 2010-06-28 20:01</name>
            <description>Waterhole: Ozonjuitji m'Bari, Month: 6, Time: 2010-06-28 20:01</description>
            <styleUrl>#month6</styleUrl>
            <Point>
                <coordinates>15.50361226,-18.97653605,0</coordinates>
            </Point>
        </Placemark>
        <Placemark>
            <name>Ozonjuitji m'Bari - Month 6 - 2010-06-28 20:21</name>
            <description>Waterhole: Ozonjuitji m'Bari, Month: 6, Time: 2010-06-28 20:21</description>
            <styleUrl>#month6</styleUrl>
            <Point>
                <coordinates>15.50379028,-18.97664388,0</coordinates>
            </Point>
        </Placemark>
        <Placemark>
            <name>Ozonjuitji m'Bari - Month 6 - 2010-06-28 20:41</name>
            <description>Waterhole: Ozonjuitji m'Bari, Month: 6, Time: 2010-06-28 20:41</description>
            <styleUrl>#month6</styleUrl>
            <Point>
                <coordinates>15.50378927,-18.97661947,0</coordinates>
            </Point>
        </Placemark>
        <Placemark>
            <name>Ozonjuitji m'Bari - Month 6 - 2010-06-28 21:01</name>
            <description>Waterhole: Ozonjuitji m'Bari, Month: 6, Time: 2010-06-28 21:01</description>
            <styleUrl>#month6</styleUrl>
            <Point>
                <coordinates>15.50171,-18.97775879,0</coordinates>
            </Point>
        </Placemark>
        <Placemark>
            <name>Ozonjuitji m'Bari - Month 6 - 2010-06-29 16:21</name>
            <description>Waterhole: Ozonjuitji m'Bari, Month: 6, Time: 2010-06-29 16:21</description>
            <styleUrl>#month6</styleUrl>
            <Point>
                <coordinates>15.49745992,-18.97860718,0</coordinates>
            </Point>
        </Placemark>
        <Placemark>
            <name>Ozonjuitji m'Bari - Month 6 - 2010-06-29 16:41</name>
            <description>Waterhole: Ozonjuitji m'Bari, Month: 6, Time: 2010-06-29 16:41</description>
            <styleUrl>#month6</styleUrl>
            <Point>
                <coordinates>15.50359192,-18.97663778,0</coordinates>
            </Point>
        </Placemark>
        <Placemark>
            <name>Ozonjuitji m'Bari - Month 6 - 2010-06-29 17:01</name>
            <description>Waterhole: Ozonjuitji m'Bari, Month: 6, Time: 2010-06-29 17:01</description>
            <styleUrl>#month6</styleUrl>
            <Point>
                <coordinates>15.50349528,-18.97654012,0</coordinates>
            </Point>
        </Placemark>
        <Placemark>
            <name>Ozonjuitji m'Bari - Month 6 - 2010-06-29 17:21</name>
            <description>Waterhole: Ozonjuitji m'Bari, Month: 6, Time: 2010-06-29 17:21</description>
            <styleUrl>#month6</styleUrl>
            <Point>
                <coordinates>15.5029307,-18.97626953,0</coordinates>
            </Point>
        </Placemark>
        <Placemark>
            <name>Ozonjuitji m'Bari - Month 6 - 2010-06-29 17:41</name>
            <description>Waterhole: Ozonjuitji m'Bari, Month: 6, Time: 2010-06-29 17:41</description>
            <styleUrl>#month6</styleUrl>
            <Point>
                <coordinates>15.50253805,-18.9763387,0</coordinates>
            </Point>
        </Placemark>
        <Placemark>
            <name>Ozonjuitji m'Bari - Month 6 - 2010-06-29 18:01</name>
            <description>Waterhole: Ozonjuitji m'Bari, Month: 6, Time: 2010-06-29 18:01</description>
            <styleUrl>#month6</styleUrl>
            <Point>
                <coordinates>15.49995422,-18.97579753,0</coordinates>
            </Point>
        </Placemark>
        <Placemark>
            <name>Ozonjuitji m'Bari - Month 6 - 2010-06-29 18:21</name>
            <description>Waterhole: Ozonjuitji m'Bari, Month: 6, Time: 2010-06-29 18:21</description>
            <styleUrl>#month6</styleUrl>
            <Point>
                <coordinates>15.49509786,-18.97414551,0</coordinates>
            </Point>
        </Placemark>
        <Placemark>
            <name>Ozonjuitji m'Bari - Month 6 - 2010-06-29 23:21</name>
            <description>Waterhole: Ozonjuitji m'Bari, Month: 6, Time: 2010-06-29 23:21</description>
            <styleUrl>#month6</styleUrl>
            <Point>
                <coordinates>15.49903056,-18.97234904,0</coordinates>
            </Point>
        </Placemark>
        <Placemark>
            <name>Ozonjuitji m'Bari - Month 6 - 2010-06-29 23:41</name>
            <description>Waterhole: Ozonjuitji m'Bari, Month: 6, Time: 2010-06-29 23:41</description>
            <styleUrl>#month6</styleUrl>
            <Point>
                <coordinates>15.5036733,-18.97654215,0</coordinates>
            </Point>
        </Placemark>
        <Placemark>
            <name>Ozonjuitji m'Bari - Month 6 - 2010-06-30 00:01</name>
            <description>Waterhole: Ozonjuitji m'Bari, Month: 6, Time: 2010-06-30 00:01</description>
            <styleUrl>#month6</styleUrl>
            <Point>
                <coordinates>15.50376078,-18.97657267,0</coordinates>
            </Point>
        </Placemark>
        <Placemark>
            <name>Ozonjuitji m'Bari - Month 6 - 2010-06-30 00:21</name>
            <description>Waterhole: Ozonjuitji m'Bari, Month: 6, Time: 2010-06-30 00:21</description>
            <styleUrl>#month6</styleUrl>
            <Point>
                <coordinates>15.50223185,-18.9757487,0</coordinates>
            </Point>
        </Placemark>
        <Placemark>
            <name>Ozonjuitji m'Bari - Month 6 - 2010-06-30 16:01</name>
            <description>Waterhole: Ozonjuitji m'Bari, Month: 6, Time: 2010-06-30 16:01</description>
            <styleUrl>#month6</styleUrl>
            <Point>
                <coordinates>15.49674988,-18.98262126,0</coordinates>
            </Point>
        </Placemark>
        <Placemark>
            <name>Ozonjuitji m'Bari - Month 6 - 2010-06-30 16:21</name>
            <description>Waterhole: Ozonjuitji m'Bari, Month: 6, Time: 2010-06-30 16:21</description>
            <styleUrl>#month6</styleUrl>
            <Point>
                <coordinates>15.49589132,-18.9818217,0</coordinates>
            </Point>
        </Placemark>
        <Placemark>
            <name>Ozonjuitji m'Bari - Month 6 - 2010-06-30 16:41</name>
            <description>Waterhole: Ozonjuitji m'Bari, Month: 6, Time: 2010-06-30 16:41</description>
            <styleUrl>#month6</styleUrl>
            <Point>
                <coordinates>15.4958547,-18.97949829,0</coordinates>
            </Point>
        </Placemark>
        <Placemark>
            <name>Ozonjuitji m'Bari - Month 6 - 2010-06-30 17:01</name>
            <description>Waterhole: Ozonjuitji m'Bari, Month: 6, Time: 2010-06-30 17:01</description>
            <styleUrl>#month6</styleUrl>
            <Point>
                <coordinates>15.49503072,-18.97799072,0</coordinates>
            </Point>
        </Placemark>
        <Placemark>
            <name>Ozonjuitji m'Bari - Month 6 - 2010-06-30 17:21</name>
            <description>Waterhole: Ozonjuitji m'Bari, Month: 6, Time: 2010-06-30 17:21</description>
            <styleUrl>#month6</styleUrl>
            <Point>
                <coordinates>15.49585571,-18.97713216,0</coordinates>
            </Point>
        </Placemark>
        <Placemark>
            <name>Ozonjuitji m'Bari - Month 6 - 2010-06-30 17:41</name>
            <description>Waterhole: Ozonjuitji m'Bari, Month: 6, Time: 2010-06-30 17:41</description>
            <styleUrl>#month6</styleUrl>
            <Point>
                <coordinates>15.50176799,-18.97674967,0</coordinates>
            </Point>
        </Placemark>
        <Placemark>
            <name>Ozonjuitji m'Bari - Month 6 - 2010-06-30 18:01</name>
            <description>Waterhole: Ozonjuitji m'Bari, Month: 6, Time: 2010-06-30 18:01</description>
            <styleUrl>#month6</styleUrl>
            <Point>
                <coordinates>15.50349426,-18.97649536,0</coordinates>
            </Point>
        </Placemark>
        <Placemark>
            <name>Ozonjuitji m'Bari - Month 6 - 2010-06-30 18:21</name>
            <description>Waterhole: Ozonjuitji m'Bari, Month: 6, Time: 2010-06-30 18:21</description>
            <styleUrl>#month6</styleUrl>
            <Point>
                <coordinates>15.50373942,-18.97629598,0</coordinates>
            </Point>
        </Placemark>
        <Placemark>
            <name>Ozonjuitji m'Bari - Month 6 - 2010-06-30 18:41</name>
            <description>Waterhole: Ozonjuitji m'Bari, Month: 6, Time: 2010-06-30 18:41</description>
            <styleUrl>#month6</styleUrl>
            <Point>
                <coordinates>15.5036733,-18.97651571,0</coordinates>
            </Point>
        </Placemark>
        <Placemark>
            <name>Ozonjuitji m'Bari - Month 6 - 2010-06-30 19:01</name>
            <description>Waterhole: Ozonjuitji m'Bari, Month: 6, Time: 2010-06-30 19:01</description>
            <styleUrl>#month6</styleUrl>
            <Point>
                <coordinates>15.50372721,-18.97651367,0</coordinates>
            </Point>
        </Placemark>
        <Placemark>
            <name>Ozonjuitji m'Bari - Month 6 - 2010-06-30 19:21</name>
            <description>Waterhole: Ozonjuitji m'Bari, Month: 6, Time: 2010-06-30 19:21</description>
            <styleUrl>#month6</styleUrl>
            <Point>
                <coordinates>15.50365906,-18.97653402,0</coordinates>
            </Point>
        </Placemark>
        <Placemark>
            <name>Ozonjuitji m'Bari - Month 6 - 2010-06-30 19:41</name>
            <description>Waterhole: Ozonjuitji m'Bari, Month: 6, Time: 2010-06-30 19:41</description>
            <styleUrl>#month6</styleUrl>
            <Point>
                <coordinates>15.50370483,-18.97643026,0</coordinates>
            </Point>
        </Placemark>
        <Placemark>
            <name>Ozonjuitji m'Bari - Month 6 - 2010-06-30 20:01</name>
            <description>Waterhole: Ozonjuitji m'Bari, Month: 6, Time: 2010-06-30 20:01</description>
            <styleUrl>#month6</styleUrl>
            <Point>
                <coordinates>15.50278727,-18.97483927,0</coordinates>
            </Point>
        </Placemark>
        <Placemark>
            <name>Ozonjuitji m'Bari - Month 6 - 2010-06-30 20:21</name>
            <description>Waterhole: Ozonjuitji m'Bari, Month: 6, Time: 2010-06-30 20:21</description>
            <styleUrl>#month6</styleUrl>
            <Point>
                <coordinates>15.50137024,-18.97228394,0</coordinates>
            </Point>
        </Placemark>
        <Placemark>
            <name>Ozonjuitji m'Bari - Month 6 - 2010-06-30 20:41</name>
            <description>Waterhole: Ozonjuitji m'Bari, Month: 6, Time: 2010-06-30 20:41</description>
            <styleUrl>#month6</styleUrl>
            <Point>
                <coordinates>15.5007314,-18.97080892,0</coordinates>
            </Point>
        </Placemark>
        <Placemark>
            <name>Ozonjuitji m'Bari - Month 7 - 2010-07-01 11:01</name>
            <description>Waterhole: Ozonjuitji m'Bari, Month: 7, Time: 2010-07-01 11:01</description>
            <styleUrl>#month7</styleUrl>
            <Point>
                <coordinates>15.49481201,-18.97701009,0</coordinates>
            </Point>
        </Placemark>
        <Placemark>
            <name>Ozonjuitji m'Bari - Month 7 - 2010-07-01 11:21</name>
            <description>Waterhole: Ozonjuitji m'Bari, Month: 7, Time: 2010-07-01 11:21</description>
            <styleUrl>#month7</styleUrl>
            <Point>
                <coordinates>15.50220642,-18.97675985,0</coordinates>
            </Point>
        </Placemark>
        <Placemark>
            <name>Ozonjuitji m'Bari - Month 7 - 2010-07-01 11:41</name>
            <description>Waterhole: Ozonjuitji m'Bari, Month: 7, Time: 2010-07-01 11:41</description>
            <styleUrl>#month7</styleUrl>
            <Point>
                <coordinates>15.50356344,-18.97649129,0</coordinates>
            </Point>
        </Placemark>
        <Placemark>
            <name>Ozonjuitji m'Bari - Month 7 - 2010-07-01 12:01</name>
            <description>Waterhole: Ozonjuitji m'Bari, Month: 7, Time: 2010-07-01 12:01</description>
            <styleUrl>#month7</styleUrl>
            <Point>
                <coordinates>15.50360107,-18.97653402,0</coordinates>
            </Point>
        </Placemark>
        <Placemark>
            <name>Ozonjuitji m'Bari - Month 7 - 2010-07-01 12:21</name>
            <description>Waterhole: Ozonjuitji m'Bari, Month: 7, Time: 2010-07-01 12:21</description>
            <styleUrl>#month7</styleUrl>
            <Point>
                <coordinates>15.50363261,-18.97650553,0</coordinates>
            </Point>
        </Placemark>
        <Placemark>
            <name>Ozonjuitji m'Bari - Month 7 - 2010-07-01 12:41</name>
            <description>Waterhole: Ozonjuitji m'Bari, Month: 7, Time: 2010-07-01 12:41</description>
            <styleUrl>#month7</styleUrl>
            <Point>
                <coordinates>15.50348511,-18.97651367,0</coordinates>
            </Point>
        </Placemark>
        <Placemark>
            <name>Ozonjuitji m'Bari - Month 7 - 2010-07-01 13:01</name>
            <description>Waterhole: Ozonjuitji m'Bari, Month: 7, Time: 2010-07-01 13:01</description>
            <styleUrl>#month7</styleUrl>
            <Point>
                <coordinates>15.50350952,-18.97649129,0</coordinates>
            </Point>
        </Placemark>
        <Placemark>
            <name>Ozonjuitji m'Bari - Month 7 - 2010-07-01 13:21</name>
            <description>Waterhole: Ozonjuitji m'Bari, Month: 7, Time: 2010-07-01 13:21</description>
            <styleUrl>#month7</styleUrl>
            <Point>
                <coordinates>15.50354106,-18.97655233,0</coordinates>
            </Point>
        </Placemark>
        <Placemark>
            <name>Ozonjuitji m'Bari - Month 7 - 2010-07-01 13:41</name>
            <description>Waterhole: Ozonjuitji m'Bari, Month: 7, Time: 2010-07-01 13:41</description>
            <styleUrl>#month7</styleUrl>
            <Point>
                <coordinates>15.50359802,-18.97653402,0</coordinates>
            </Point>
        </Placemark>
        <Placemark>
            <name>Ozonjuitji m'Bari - Month 7 - 2010-07-01 14:01</name>
            <description>Waterhole: Ozonjuitji m'Bari, Month: 7, Time: 2010-07-01 14:01</description>
            <styleUrl>#month7</styleUrl>
            <Point>
                <coordinates>15.50351156,-18.97651164,0</coordinates>
            </Point>
        </Placemark>
        <Placemark>
            <name>Ozonjuitji m'Bari - Month 7 - 2010-07-01 14:21</name>
            <description>Waterhole: Ozonjuitji m'Bari, Month: 7, Time: 2010-07-01 14:21</description>
            <styleUrl>#month7</styleUrl>
            <Point>
                <coordinates>15.50167033,-18.97533976,0</coordinates>
            </Point>
        </Placemark>
        <Placemark>
            <name>Arendsnes - Month 7 - 2010-07-02 06:21</name>
            <description>Waterhole: Arendsnes, Month: 7, Time: 2010-07-02 06:21</description>
            <styleUrl>#month7</styleUrl>
            <Point>
                <coordinates>15.41671143,-18.9828776,0</coordinates>
            </Point>
        </Placemark>
        <Placemark>
            <name>Sonderkop waterhole - Month 7 - 2010-07-02 15:41</name>
            <description>Waterhole: Sonderkop waterhole, Month: 7, Time: 2010-07-02 15:41</description>
            <styleUrl>#month7</styleUrl>
            <Point>
                <coordinates>15.33125509,-18.97262166,0</coordinates>
            </Point>
        </Placemark>
        <Placemark>
            <name>Sonderkop waterhole - Month 7 - 2010-07-02 16:01</name>
            <description>Waterhole: Sonderkop waterhole, Month: 7, Time: 2010-07-02 16:01</description>
            <styleUrl>#month7</styleUrl>
            <Point>
                <coordinates>15.32820435,-18.96896566,0</coordinates>
            </Point>
        </Placemark>
        <Placemark>
            <name>Sonderkop waterhole - Month 7 - 2010-07-02 16:21</name>
            <description>Waterhole: Sonderkop waterhole, Month: 7, Time: 2010-07-02 16:21</description>
            <styleUrl>#month7</styleUrl>
            <Point>
                <coordinates>15.32755737,-18.96895549,0</coordinates>
            </Point>
        </Placemark>
        <Placemark>
            <name>Sonderkop waterhole - Month 7 - 2010-07-02 16:41</name>
            <description>Waterhole: Sonderkop waterhole, Month: 7, Time: 2010-07-02 16:41</description>
            <styleUrl>#month7</styleUrl>
            <Point>
                <coordinates>15.32826945,-18.97006836,0</coordinates>
            </Point>
        </Placemark>
        <Placemark>
            <name>Sonderkop waterhole - Month 7 - 2010-07-02 17:01</name>
            <description>Waterhole: Sonderkop waterhole, Month: 7, Time: 2010-07-02 17:01</description>
            <styleUrl>#month7</styleUrl>
            <Point>
                <coordinates>15.32855632,-18.97795817,0</coordinates>
            </Point>
        </Placemark>
        <Placemark>
            <name>Sonderkop waterhole - Month 7 - 2010-07-02 20:21</name>
            <description>Waterhole: Sonderkop waterhole, Month: 7, Time: 2010-07-02 20:21</description>
            <styleUrl>#month7</styleUrl>
            <Point>
                <coordinates>15.32838236,-18.9758728,0</coordinates>
            </Point>
        </Placemark>
        <Placemark>
            <name>Sonderkop waterhole - Month 7 - 2010-07-02 20:41</name>
            <description>Waterhole: Sonderkop waterhole, Month: 7, Time: 2010-07-02 20:41</description>
            <styleUrl>#month7</styleUrl>
            <Point>
                <coordinates>15.32789714,-18.97410075,0</coordinates>
            </Point>
        </Placemark>
        <Placemark>
            <name>Sonderkop waterhole - Month 7 - 2010-07-02 21:01</name>
            <description>Waterhole: Sonderkop waterhole, Month: 7, Time: 2010-07-02 21:01</description>
            <styleUrl>#month7</styleUrl>
            <Point>
                <coordinates>15.32843933,-18.96940104,0</coordinates>
            </Point>
        </Placemark>
        <Placemark>
            <name>Sonderkop waterhole - Month 7 - 2010-07-02 21:21</name>
            <description>Waterhole: Sonderkop waterhole, Month: 7, Time: 2010-07-02 21:21</description>
            <styleUrl>#month7</styleUrl>
            <Point>
                <coordinates>15.32819722,-18.96907349,0</coordinates>
            </Point>
        </Placemark>
        <Placemark>
            <name>Sonderkop waterhole - Month 7 - 2010-07-02 21:41</name>
            <description>Waterhole: Sonderkop waterhole, Month: 7, Time: 2010-07-02 21:41</description>
            <styleUrl>#month7</styleUrl>
            <Point>
                <coordinates>15.32813416,-18.96904907,0</coordinates>
            </Point>
        </Placemark>
        <Placemark>
            <name>Sonderkop waterhole - Month 7 - 2010-07-02 22:01</name>
            <description>Waterhole: Sonderkop waterhole, Month: 7, Time: 2010-07-02 22:01</description>
            <styleUrl>#month7</styleUrl>
            <Point>
                <coordinates>15.32845256,-18.9696696,0</coordinates>
            </Point>
        </Placemark>
        <Placemark>
            <name>Sonderkop waterhole - Month 7 - 2010-07-02 22:21</name>
            <description>Waterhole: Sonderkop waterhole, Month: 7, Time: 2010-07-02 22:21</description>
            <styleUrl>#month7</styleUrl>
            <Point>
                <coordinates>15.33159281,-18.97291463,0</coordinates>
            </Point>
        </Placemark>
        <Placemark>
            <name>Duiwelsvuur - Month 7 - 2010-07-03 15:41</name>
            <description>Waterhole: Duiwelsvuur, Month: 7, Time: 2010-07-03 15:41</description>
            <styleUrl>#month7</styleUrl>
            <Point>
                <coordinates>15.26664836,-18.98790487,0</coordinates>
            </Point>
        </Placemark>
        <Placemark>
            <name>Duiwelsvuur - Month 7 - 2010-07-03 16:01</name>
            <description>Waterhole: Duiwelsvuur, Month: 7, Time: 2010-07-03 16:01</description>
            <styleUrl>#month7</styleUrl>
            <Point>
                <coordinates>15.25965271,-18.98768717,0</coordinates>
            </Point>
        </Placemark>
        <Placemark>
            <name>Duiwelsvuur - Month 7 - 2010-07-03 16:21</name>
            <description>Waterhole: Duiwelsvuur, Month: 7, Time: 2010-07-03 16:21</description>
            <styleUrl>#month7</styleUrl>
            <Point>
                <coordinates>15.26009521,-18.98739421,0</coordinates>
            </Point>
        </Placemark>
        <Placemark>
            <name>Duiwelsvuur - Month 7 - 2010-07-03 16:41</name>
            <description>Waterhole: Duiwelsvuur, Month: 7, Time: 2010-07-03 16:41</description>
            <styleUrl>#month7</styleUrl>
            <Point>
                <coordinates>15.26518962,-18.98479818,0</coordinates>
            </Point>
        </Placemark>
        <Placemark>
            <name>Sonderkop waterhole - Month 7 - 2010-07-04 11:01</name>
            <description>Waterhole: Sonderkop waterhole, Month: 7, Time: 2010-07-04 11:01</description>
            <styleUrl>#month7</styleUrl>
            <Point>
                <coordinates>15.32036336,-18.97033488,0</coordinates>
            </Point>
        </Placemark>
        <Placemark>
            <name>Sonderkop waterhole - Month 7 - 2010-07-04 11:21</name>
            <description>Waterhole: Sonderkop waterhole, Month: 7, Time: 2010-07-04 11:21</description>
            <styleUrl>#month7</styleUrl>
            <Point>
                <coordinates>15.32822978,-18.96885783,0</coordinates>
            </Point>
        </Placemark>
        <Placemark>
            <name>Sonderkop waterhole - Month 7 - 2010-07-04 11:41</name>
            <description>Waterhole: Sonderkop waterhole, Month: 7, Time: 2010-07-04 11:41</description>
            <styleUrl>#month7</styleUrl>
            <Point>
                <coordinates>15.328184,-18.96895549,0</coordinates>
            </Point>
        </Placemark>
        <Placemark>
            <name>Sonderkop waterhole - Month 7 - 2010-07-04 12:01</name>
            <description>Waterhole: Sonderkop waterhole, Month: 7, Time: 2010-07-04 12:01</description>
            <styleUrl>#month7</styleUrl>
            <Point>
                <coordinates>15.32819519,-18.96895142,0</coordinates>
            </Point>
        </Placemark>
        <Placemark>
            <name>Sonderkop waterhole - Month 7 - 2010-07-04 12:21</name>
            <description>Waterhole: Sonderkop waterhole, Month: 7, Time: 2010-07-04 12:21</description>
            <styleUrl>#month7</styleUrl>
            <Point>
                <coordinates>15.32711487,-18.97172852,0</coordinates>
            </Point>
        </Placemark>
        <Placemark>
            <name>Sonderkop waterhole - Month 7 - 2010-07-04 12:41</name>
            <description>Waterhole: Sonderkop waterhole, Month: 7, Time: 2010-07-04 12:41</description>
            <styleUrl>#month7</styleUrl>
            <Point>
                <coordinates>15.32535095,-18.9740804,0</coordinates>
            </Point>
        </Placemark>
        <Placemark>
            <name>Sonderkop waterhole - Month 7 - 2010-07-04 13:01</name>
            <description>Waterhole: Sonderkop waterhole, Month: 7, Time: 2010-07-04 13:01</description>
            <styleUrl>#month7</styleUrl>
            <Point>
                <coordinates>15.32550964,-18.97421265,0</coordinates>
            </Point>
        </Placemark>
        <Placemark>
            <name>Sonderkop waterhole - Month 7 - 2010-07-04 13:21</name>
            <description>Waterhole: Sonderkop waterhole, Month: 7, Time: 2010-07-04 13:21</description>
            <styleUrl>#month7</styleUrl>
            <Point>
                <coordinates>15.32687683,-18.97381592,0</coordinates>
            </Point>
        </Placemark>
        <Placemark>
            <name>Sonderkop waterhole - Month 7 - 2010-07-04 13:41</name>
            <description>Waterhole: Sonderkop waterhole, Month: 7, Time: 2010-07-04 13:41</description>
            <styleUrl>#month7</styleUrl>
            <Point>
                <coordinates>15.32729797,-18.97333577,0</coordinates>
            </Point>
        </Placemark>
        <Placemark>
            <name>Sonderkop waterhole - Month 7 - 2010-07-04 14:01</name>
            <description>Waterhole: Sonderkop waterhole, Month: 7, Time: 2010-07-04 14:01</description>
            <styleUrl>#month7</styleUrl>
            <Point>
                <coordinates>15.32818502,-18.96894735,0</coordinates>
            </Point>
        </Placemark>
        <Placemark>
            <name>Sonderkop waterhole - Month 7 - 2010-07-04 14:21</name>
            <description>Waterhole: Sonderkop waterhole, Month: 7, Time: 2010-07-04 14:21</description>
            <styleUrl>#month7</styleUrl>
            <Point>
                <coordinates>15.33294678,-18.96780192,0</coordinates>
            </Point>
        </Placemark>
        <Placemark>
            <name>Ozonjuitji m'Bari - Month 7 - 2010-07-05 19:21</name>
            <description>Waterhole: Ozonjuitji m'Bari, Month: 7, Time: 2010-07-05 19:21</description>
            <styleUrl>#month7</styleUrl>
            <Point>
                <coordinates>15.49803874,-18.97135213,0</coordinates>
            </Point>
        </Placemark>
        <Placemark>
            <name>Ozonjuitji m'Bari - Month 7 - 2010-07-05 19:41</name>
            <description>Waterhole: Ozonjuitji m'Bari, Month: 7, Time: 2010-07-05 19:41</description>
            <styleUrl>#month7</styleUrl>
            <Point>
                <coordinates>15.50324402,-18.9766744,0</coordinates>
            </Point>
        </Placemark>
        <Placemark>
            <name>Ozonjuitji m'Bari - Month 7 - 2010-07-05 20:01</name>
            <description>Waterhole: Ozonjuitji m'Bari, Month: 7, Time: 2010-07-05 20:01</description>
            <styleUrl>#month7</styleUrl>
            <Point>
                <coordinates>15.50361735,-18.97637736,0</coordinates>
            </Point>
        </Placemark>
        <Placemark>
            <name>Ozonjuitji m'Bari - Month 7 - 2010-07-05 20:21</name>
            <description>Waterhole: Ozonjuitji m'Bari, Month: 7, Time: 2010-07-05 20:21</description>
            <styleUrl>#month7</styleUrl>
            <Point>
                <coordinates>15.50297953,-18.97402344,0</coordinates>
            </Point>
        </Placemark>
        <Placemark>
            <name>Ozonjuitji m'Bari - Month 7 - 2010-07-05 20:41</name>
            <description>Waterhole: Ozonjuitji m'Bari, Month: 7, Time: 2010-07-05 20:41</description>
            <styleUrl>#month7</styleUrl>
            <Point>
                <coordinates>15.50187988,-18.97128906,0</coordinates>
            </Point>
        </Placemark>
        <Placemark>
            <name>Ozonjuitji m'Bari - Month 7 - 2010-07-05 21:01</name>
            <description>Waterhole: Ozonjuitji m'Bari, Month: 7, Time: 2010-07-05 21:01</description>
            <styleUrl>#month7</styleUrl>
            <Point>
                <coordinates>15.50141195,-18.96927897,0</coordinates>
            </Point>
        </Placemark>
        <Placemark>
            <name>Ozonjuitji m'Bari - Month 7 - 2010-07-06 15:21</name>
            <description>Waterhole: Ozonjuitji m'Bari, Month: 7, Time: 2010-07-06 15:21</description>
            <styleUrl>#month7</styleUrl>
            <Point>
                <coordinates>15.49912313,-18.96967367,0</coordinates>
            </Point>
        </Placemark>
        <Placemark>
            <name>Ozonjuitji m'Bari - Month 7 - 2010-07-06 15:41</name>
            <description>Waterhole: Ozonjuitji m'Bari, Month: 7, Time: 2010-07-06 15:41</description>
            <styleUrl>#month7</styleUrl>
            <Point>
                <coordinates>15.50052694,-18.97199504,0</coordinates>
            </Point>
        </Placemark>
        <Placemark>
            <name>Ozonjuitji m'Bari - Month 7 - 2010-07-06 16:01</name>
            <description>Waterhole: Ozonjuitji m'Bari, Month: 7, Time: 2010-07-06 16:01</description>
            <styleUrl>#month7</styleUrl>
            <Point>
                <coordinates>15.50102336,-18.97345785,0</coordinates>
            </Point>
        </Placemark>
        <Placemark>
            <name>Ozonjuitji m'Bari - Month 7 - 2010-07-06 16:21</name>
            <description>Waterhole: Ozonjuitji m'Bari, Month: 7, Time: 2010-07-06 16:21</description>
            <styleUrl>#month7</styleUrl>
            <Point>
                <coordinates>15.50354106,-18.97654826,0</coordinates>
            </Point>
        </Placemark>
        <Placemark>
            <name>Ozonjuitji m'Bari - Month 7 - 2010-07-06 16:41</name>
            <description>Waterhole: Ozonjuitji m'Bari, Month: 7, Time: 2010-07-06 16:41</description>
            <styleUrl>#month7</styleUrl>
            <Point>
                <coordinates>15.50287272,-18.97550456,0</coordinates>
            </Point>
        </Placemark>
        <Placemark>
            <name>Ozonjuitji m'Bari - Month 7 - 2010-07-06 17:01</name>
            <description>Waterhole: Ozonjuitji m'Bari, Month: 7, Time: 2010-07-06 17:01</description>
            <styleUrl>#month7</styleUrl>
            <Point>
                <coordinates>15.50188904,-18.97191569,0</coordinates>
            </Point>
        </Placemark>
        <Placemark>
            <name>Ozonjuitji m'Bari - Month 7 - 2010-07-06 17:21</name>
            <description>Waterhole: Ozonjuitji m'Bari, Month: 7, Time: 2010-07-06 17:21</description>
            <styleUrl>#month7</styleUrl>
            <Point>
                <coordinates>15.50211182,-18.97101847,0</coordinates>
            </Point>
        </Placemark>
        <Placemark>
            <name>Ozonjuitji m'Bari - Month 7 - 2010-07-06 17:41</name>
            <description>Waterhole: Ozonjuitji m'Bari, Month: 7, Time: 2010-07-06 17:41</description>
            <styleUrl>#month7</styleUrl>
            <Point>
                <coordinates>15.50226746,-18.9705363,0</coordinates>
            </Point>
        </Placemark>
        <Placemark>
            <name>Ozonjuitji m'Bari - Month 7 - 2010-07-06 18:01</name>
            <description>Waterhole: Ozonjuitji m'Bari, Month: 7, Time: 2010-07-06 18:01</description>
            <styleUrl>#month7</styleUrl>
            <Point>
                <coordinates>15.50223999,-18.97058105,0</coordinates>
            </Point>
        </Placemark>
        <Placemark>
            <name>Ozonjuitji m'Bari - Month 7 - 2010-07-06 18:21</name>
            <description>Waterhole: Ozonjuitji m'Bari, Month: 7, Time: 2010-07-06 18:21</description>
            <styleUrl>#month7</styleUrl>
            <Point>
                <coordinates>15.50209961,-18.97004801,0</coordinates>
            </Point>
        </Placemark>
        <Placemark>
            <name>Ozonjuitji m'Bari - Month 7 - 2010-07-06 20:01</name>
            <description>Waterhole: Ozonjuitji m'Bari, Month: 7, Time: 2010-07-06 20:01</description>
            <styleUrl>#month7</styleUrl>
            <Point>
                <coordinates>15.50123393,-18.96905924,0</coordinates>
            </Point>
        </Placemark>
        <Placemark>
            <name>Ozonjuitji m'Bari - Month 7 - 2010-07-06 20:21</name>
            <description>Waterhole: Ozonjuitji m'Bari, Month: 7, Time: 2010-07-06 20:21</description>
            <styleUrl>#month7</styleUrl>
            <Point>
                <coordinates>15.50286051,-18.97514648,0</coordinates>
            </Point>
        </Placemark>
        <Placemark>
            <name>Ozonjuitji m'Bari - Month 7 - 2010-07-07 18:41</name>
            <description>Waterhole: Ozonjuitji m'Bari, Month: 7, Time: 2010-07-07 18:41</description>
            <styleUrl>#month7</styleUrl>
            <Point>
                <coordinates>15.50360107,-18.97654012,0</coordinates>
            </Point>
        </Placemark>
        <Placemark>
            <name>Ozonjuitji m'Bari - Month 7 - 2010-07-07 19:01</name>
            <description>Waterhole: Ozonjuitji m'Bari, Month: 7, Time: 2010-07-07 19:01</description>
            <styleUrl>#month7</styleUrl>
            <Point>
                <coordinates>15.50405477,-18.97685954,0</coordinates>
            </Point>
        </Placemark>
        <Placemark>
            <name>Ozonjuitji m'Bari - Month 7 - 2010-07-08 18:41</name>
            <description>Waterhole: Ozonjuitji m'Bari, Month: 7, Time: 2010-07-08 18:41</description>
            <styleUrl>#month7</styleUrl>
            <Point>
                <coordinates>15.51135457,-18.97890015,0</coordinates>
            </Point>
        </Placemark>
        <Placemark>
            <name>Ozonjuitji m'Bari - Month 7 - 2010-07-08 19:01</name>
            <description>Waterhole: Ozonjuitji m'Bari, Month: 7, Time: 2010-07-08 19:01</description>
            <styleUrl>#month7</styleUrl>
            <Point>
                <coordinates>15.50356852,-18.97651978,0</coordinates>
            </Point>
        </Placemark>
        <Placemark>
            <name>Ozonjuitji m'Bari - Month 7 - 2010-07-08 19:21</name>
            <description>Waterhole: Ozonjuitji m'Bari, Month: 7, Time: 2010-07-08 19:21</description>
            <styleUrl>#month7</styleUrl>
            <Point>
                <coordinates>15.50276591,-18.97610881,0</coordinates>
            </Point>
        </Placemark>
        <Placemark>
            <name>Ozonjuitji m'Bari - Month 7 - 2010-07-08 19:41</name>
            <description>Waterhole: Ozonjuitji m'Bari, Month: 7, Time: 2010-07-08 19:41</description>
            <styleUrl>#month7</styleUrl>
            <Point>
                <coordinates>15.49829305,-18.97181803,0</coordinates>
            </Point>
        </Placemark>
        <Placemark>
            <name>Ozonjuitji m'Bari - Month 7 - 2010-07-08 20:01</name>
            <description>Waterhole: Ozonjuitji m'Bari, Month: 7, Time: 2010-07-08 20:01</description>
            <styleUrl>#month7</styleUrl>
            <Point>
                <coordinates>15.49663595,-18.97071533,0</coordinates>
            </Point>
        </Placemark>
        <Placemark>
            <name>Ozonjuitji m'Bari - Month 7 - 2010-07-09 15:21</name>
            <description>Waterhole: Ozonjuitji m'Bari, Month: 7, Time: 2010-07-09 15:21</description>
            <styleUrl>#month7</styleUrl>
            <Point>
                <coordinates>15.49625244,-18.97623901,0</coordinates>
            </Point>
        </Placemark>
        <Placemark>
            <name>Ozonjuitji m'Bari - Month 7 - 2010-07-09 15:41</name>
            <description>Waterhole: Ozonjuitji m'Bari, Month: 7, Time: 2010-07-09 15:41</description>
            <styleUrl>#month7</styleUrl>
            <Point>
                <coordinates>15.50361328,-18.97669474,0</coordinates>
            </Point>
        </Placemark>
        <Placemark>
            <name>Ozonjuitji m'Bari - Month 7 - 2010-07-09 16:01</name>
            <description>Waterhole: Ozonjuitji m'Bari, Month: 7, Time: 2010-07-09 16:01</description>
            <styleUrl>#month7</styleUrl>
            <Point>
                <coordinates>15.50336812,-18.97653809,0</coordinates>
            </Point>
        </Placemark>
        <Placemark>
            <name>Ozonjuitji m'Bari - Month 7 - 2010-07-09 16:21</name>
            <description>Waterhole: Ozonjuitji m'Bari, Month: 7, Time: 2010-07-09 16:21</description>
            <styleUrl>#month7</styleUrl>
            <Point>
                <coordinates>15.50360311,-18.97649943,0</coordinates>
            </Point>
        </Placemark>
        <Placemark>
            <name>Ozonjuitji m'Bari - Month 7 - 2010-07-09 16:41</name>
            <description>Waterhole: Ozonjuitji m'Bari, Month: 7, Time: 2010-07-09 16:41</description>
            <styleUrl>#month7</styleUrl>
            <Point>
                <coordinates>15.50366211,-18.97655843,0</coordinates>
            </Point>
        </Placemark>
        <Placemark>
            <name>Ozonjuitji m'Bari - Month 7 - 2010-07-09 17:01</name>
            <description>Waterhole: Ozonjuitji m'Bari, Month: 7, Time: 2010-07-09 17:01</description>
            <styleUrl>#month7</styleUrl>
            <Point>
                <coordinates>15.5035258,-18.97454631,0</coordinates>
            </Point>
        </Placemark>
        <Placemark>
            <name>Ozonjuitji m'Bari - Month 7 - 2010-07-09 17:21</name>
            <description>Waterhole: Ozonjuitji m'Bari, Month: 7, Time: 2010-07-09 17:21</description>
            <styleUrl>#month7</styleUrl>
            <Point>
                <coordinates>15.502005,-18.9717631,0</coordinates>
            </Point>
        </Placemark>
        <Placemark>
            <name>Ozonjuitji m'Bari - Month 7 - 2010-07-09 17:41</name>
            <description>Waterhole: Ozonjuitji m'Bari, Month: 7, Time: 2010-07-09 17:41</description>
            <styleUrl>#month7</styleUrl>
            <Point>
                <coordinates>15.50209859,-18.97199504,0</coordinates>
            </Point>
        </Placemark>
        <Placemark>
            <name>Ozonjuitji m'Bari - Month 7 - 2010-07-09 18:01</name>
            <description>Waterhole: Ozonjuitji m'Bari, Month: 7, Time: 2010-07-09 18:01</description>
            <styleUrl>#month7</styleUrl>
            <Point>
                <coordinates>15.5016154,-18.97256877,0</coordinates>
            </Point>
        </Placemark>
        <Placemark>
            <name>Ozonjuitji m'Bari - Month 7 - 2010-07-09 18:21</name>
            <description>Waterhole: Ozonjuitji m'Bari, Month: 7, Time: 2010-07-09 18:21</description>
            <styleUrl>#month7</styleUrl>
            <Point>
                <coordinates>15.50196635,-18.97284139,0</coordinates>
            </Point>
        </Placemark>
        <Placemark>
            <name>Ozonjuitji m'Bari - Month 7 - 2010-07-09 18:41</name>
            <description>Waterhole: Ozonjuitji m'Bari, Month: 7, Time: 2010-07-09 18:41</description>
            <styleUrl>#month7</styleUrl>
            <Point>
                <coordinates>15.50217285,-18.97332357,0</coordinates>
            </Point>
        </Placemark>
        <Placemark>
            <name>Ozonjuitji m'Bari - Month 7 - 2010-07-09 19:01</name>
            <description>Waterhole: Ozonjuitji m'Bari, Month: 7, Time: 2010-07-09 19:01</description>
            <styleUrl>#month7</styleUrl>
            <Point>
                <coordinates>15.50349833,-18.97676595,0</coordinates>
            </Point>
        </Placemark>
        <Placemark>
            <name>Ozonjuitji m'Bari - Month 7 - 2010-07-09 19:21</name>
            <description>Waterhole: Ozonjuitji m'Bari, Month: 7, Time: 2010-07-09 19:21</description>
            <styleUrl>#month7</styleUrl>
            <Point>
                <coordinates>15.4973348,-18.98141886,0</coordinates>
            </Point>
        </Placemark>
        <Placemark>
            <name>Ozonjuitji m'Bari - Month 7 - 2010-07-10 16:21</name>
            <description>Waterhole: Ozonjuitji m'Bari, Month: 7, Time: 2010-07-10 16:21</description>
            <styleUrl>#month7</styleUrl>
            <Point>
                <coordinates>15.49481201,-18.97768758,0</coordinates>
            </Point>
        </Placemark>
        <Placemark>
            <name>Ozonjuitji m'Bari - Month 7 - 2010-07-10 16:41</name>
            <description>Waterhole: Ozonjuitji m'Bari, Month: 7, Time: 2010-07-10 16:41</description>
            <styleUrl>#month7</styleUrl>
            <Point>
                <coordinates>15.4956604,-18.97428792,0</coordinates>
            </Point>
        </Placemark>
        <Placemark>
            <name>Ozonjuitji m'Bari - Month 7 - 2010-07-10 17:01</name>
            <description>Waterhole: Ozonjuitji m'Bari, Month: 7, Time: 2010-07-10 17:01</description>
            <styleUrl>#month7</styleUrl>
            <Point>
                <coordinates>15.49680786,-18.97306722,0</coordinates>
            </Point>
        </Placemark>
        <Placemark>
            <name>Ozonjuitji m'Bari - Month 7 - 2010-07-10 17:21</name>
            <description>Waterhole: Ozonjuitji m'Bari, Month: 7, Time: 2010-07-10 17:21</description>
            <styleUrl>#month7</styleUrl>
            <Point>
                <coordinates>15.49703878,-18.9723348,0</coordinates>
            </Point>
        </Placemark>
        <Placemark>
            <name>Ozonjuitji m'Bari - Month 7 - 2010-07-10 17:41</name>
            <description>Waterhole: Ozonjuitji m'Bari, Month: 7, Time: 2010-07-10 17:41</description>
            <styleUrl>#month7</styleUrl>
            <Point>
                <coordinates>15.50160014,-18.97545166,0</coordinates>
            </Point>
        </Placemark>
        <Placemark>
            <name>Ozonjuitji m'Bari - Month 7 - 2010-07-10 18:01</name>
            <description>Waterhole: Ozonjuitji m'Bari, Month: 7, Time: 2010-07-10 18:01</description>
            <styleUrl>#month7</styleUrl>
            <Point>
                <coordinates>15.50330811,-18.97658285,0</coordinates>
            </Point>
        </Placemark>
        <Placemark>
            <name>Ozonjuitji m'Bari - Month 7 - 2010-07-10 18:21</name>
            <description>Waterhole: Ozonjuitji m'Bari, Month: 7, Time: 2010-07-10 18:21</description>
            <styleUrl>#month7</styleUrl>
            <Point>
                <coordinates>15.50323283,-18.97655843,0</coordinates>
            </Point>
        </Placemark>
        <Placemark>
            <name>Ozonjuitji m'Bari - Month 7 - 2010-07-10 18:41</name>
            <description>Waterhole: Ozonjuitji m'Bari, Month: 7, Time: 2010-07-10 18:41</description>
            <styleUrl>#month7</styleUrl>
            <Point>
                <coordinates>15.5032959,-18.97651978,0</coordinates>
            </Point>
        </Placemark>
        <Placemark>
            <name>Ozonjuitji m'Bari - Month 7 - 2010-07-10 19:01</name>
            <description>Waterhole: Ozonjuitji m'Bari, Month: 7, Time: 2010-07-10 19:01</description>
            <styleUrl>#month7</styleUrl>
            <Point>
                <coordinates>15.50333659,-18.97654215,0</coordinates>
            </Point>
        </Placemark>
        <Placemark>
            <name>Ozonjuitji m'Bari - Month 7 - 2010-07-10 19:21</name>
            <description>Waterhole: Ozonjuitji m'Bari, Month: 7, Time: 2010-07-10 19:21</description>
            <styleUrl>#month7</styleUrl>
            <Point>
                <coordinates>15.5035258,-18.9766215,0</coordinates>
            </Point>
        </Placemark>
        <Placemark>
            <name>Ozonjuitji m'Bari - Month 7 - 2010-07-10 19:41</name>
            <description>Waterhole: Ozonjuitji m'Bari, Month: 7, Time: 2010-07-10 19:41</description>
            <styleUrl>#month7</styleUrl>
            <Point>
                <coordinates>15.51161499,-18.98067627,0</coordinates>
            </Point>
        </Placemark>
        <Placemark>
            <name>Ozonjuitji m'Bari - Month 7 - 2010-07-11 17:21</name>
            <description>Waterhole: Ozonjuitji m'Bari, Month: 7, Time: 2010-07-11 17:21</description>
            <styleUrl>#month7</styleUrl>
            <Point>
                <coordinates>15.50359192,-18.97646077,0</coordinates>
            </Point>
        </Placemark>
        <Placemark>
            <name>Ozonjuitji m'Bari - Month 7 - 2010-07-11 17:41</name>
            <description>Waterhole: Ozonjuitji m'Bari, Month: 7, Time: 2010-07-11 17:41</description>
            <styleUrl>#month7</styleUrl>
            <Point>
                <coordinates>15.50352987,-18.97658488,0</coordinates>
            </Point>
        </Placemark>
        <Placemark>
            <name>Ozonjuitji m'Bari - Month 7 - 2010-07-11 18:01</name>
            <description>Waterhole: Ozonjuitji m'Bari, Month: 7, Time: 2010-07-11 18:01</description>
            <styleUrl>#month7</styleUrl>
            <Point>
                <coordinates>15.50371806,-18.97654826,0</coordinates>
            </Point>
        </Placemark>
        <Placemark>
            <name>Ozonjuitji m'Bari - Month 7 - 2010-07-11 18:21</name>
            <description>Waterhole: Ozonjuitji m'Bari, Month: 7, Time: 2010-07-11 18:21</description>
            <styleUrl>#month7</styleUrl>
            <Point>
                <coordinates>15.50377299,-18.97648315,0</coordinates>
            </Point>
        </Placemark>
        <Placemark>
            <name>Ozonjuitji m'Bari - Month 7 - 2010-07-11 18:41</name>
            <description>Waterhole: Ozonjuitji m'Bari, Month: 7, Time: 2010-07-11 18:41</description>
            <styleUrl>#month7</styleUrl>
            <Point>
                <coordinates>15.50364278,-18.97644653,0</coordinates>
            </Point>
        </Placemark>
        <Placemark>
            <name>Ozonjuitji m'Bari - Month 7 - 2010-07-11 19:01</name>
            <description>Waterhole: Ozonjuitji m'Bari, Month: 7, Time: 2010-07-11 19:01</description>
            <styleUrl>#month7</styleUrl>
            <Point>
                <coordinates>15.50364685,-18.97644653,0</coordinates>
            </Point>
        </Placemark>
        <Placemark>
            <name>Ozonjuitji m'Bari - Month 7 - 2010-07-11 19:21</name>
            <description>Waterhole: Ozonjuitji m'Bari, Month: 7, Time: 2010-07-11 19:21</description>
            <styleUrl>#month7</styleUrl>
            <Point>
                <coordinates>15.50363668,-18.97262166,0</coordinates>
            </Point>
        </Placemark>
        <Placemark>
            <name>Ozonjuitji m'Bari - Month 7 - 2010-07-11 19:41</name>
            <description>Waterhole: Ozonjuitji m'Bari, Month: 7, Time: 2010-07-11 19:41</description>
            <styleUrl>#month7</styleUrl>
            <Point>
                <coordinates>15.50378215,-18.97208862,0</coordinates>
            </Point>
        </Placemark>
        <Placemark>
            <name>Ozonjuitji m'Bari - Month 7 - 2010-07-11 20:01</name>
            <description>Waterhole: Ozonjuitji m'Bari, Month: 7, Time: 2010-07-11 20:01</description>
            <styleUrl>#month7</styleUrl>
            <Point>
                <coordinates>15.50288086,-18.97076416,0</coordinates>
            </Point>
        </Placemark>
        <Placemark>
            <name>Ozonjuitji m'Bari - Month 7 - 2010-07-11 20:21</name>
            <description>Waterhole: Ozonjuitji m'Bari, Month: 7, Time: 2010-07-11 20:21</description>
            <styleUrl>#month7</styleUrl>
            <Point>
                <coordinates>15.50198059,-18.97090861,0</coordinates>
            </Point>
        </Placemark>
        <Placemark>
            <name>Ozonjuitji m'Bari - Month 7 - 2010-07-11 20:41</name>
            <description>Waterhole: Ozonjuitji m'Bari, Month: 7, Time: 2010-07-11 20:41</description>
            <styleUrl>#month7</styleUrl>
            <Point>
                <coordinates>15.50209249,-18.97236735,0</coordinates>
            </Point>
        </Placemark>
        <Placemark>
            <name>Ozonjuitji m'Bari - Month 7 - 2010-07-11 21:01</name>
            <description>Waterhole: Ozonjuitji m'Bari, Month: 7, Time: 2010-07-11 21:01</description>
            <styleUrl>#month7</styleUrl>
            <Point>
                <coordinates>15.5039032,-18.9763855,0</coordinates>
            </Point>
        </Placemark>
        <Placemark>
            <name>Ozonjuitji m'Bari - Month 7 - 2010-07-11 21:21</name>
            <description>Waterhole: Ozonjuitji m'Bari, Month: 7, Time: 2010-07-11 21:21</description>
            <styleUrl>#month7</styleUrl>
            <Point>
                <coordinates>15.50363566,-18.97645874,0</coordinates>
            </Point>
        </Placemark>
        <Placemark>
            <name>Ozonjuitji m'Bari - Month 7 - 2010-07-11 21:41</name>
            <description>Waterhole: Ozonjuitji m'Bari, Month: 7, Time: 2010-07-11 21:41</description>
            <styleUrl>#month7</styleUrl>
            <Point>
                <coordinates>15.50228475,-18.97531738,0</coordinates>
            </Point>
        </Placemark>
        <Placemark>
            <name>Ozonjuitji m'Bari - Month 7 - 2010-07-11 22:01</name>
            <description>Waterhole: Ozonjuitji m'Bari, Month: 7, Time: 2010-07-11 22:01</description>
            <styleUrl>#month7</styleUrl>
            <Point>
                <coordinates>15.50345052,-18.97640788,0</coordinates>
            </Point>
        </Placemark>
        <Placemark>
            <name>Ozonjuitji m'Bari - Month 7 - 2010-07-11 22:21</name>
            <description>Waterhole: Ozonjuitji m'Bari, Month: 7, Time: 2010-07-11 22:21</description>
            <styleUrl>#month7</styleUrl>
            <Point>
                <coordinates>15.5035085,-18.97642415,0</coordinates>
            </Point>
        </Placemark>
        <Placemark>
            <name>Ozonjuitji m'Bari - Month 7 - 2010-07-11 22:41</name>
            <description>Waterhole: Ozonjuitji m'Bari, Month: 7, Time: 2010-07-11 22:41</description>
            <styleUrl>#month7</styleUrl>
            <Point>
                <coordinates>15.50349325,-18.97649333,0</coordinates>
            </Point>
        </Placemark>
        <Placemark>
            <name>Ozonjuitji m'Bari - Month 7 - 2010-07-11 23:01</name>
            <description>Waterhole: Ozonjuitji m'Bari, Month: 7, Time: 2010-07-11 23:01</description>
            <styleUrl>#month7</styleUrl>
            <Point>
                <coordinates>15.5036143,-18.97653402,0</coordinates>
            </Point>
        </Placemark>
        <Placemark>
            <name>Ozonjuitji m'Bari - Month 7 - 2010-07-11 23:21</name>
            <description>Waterhole: Ozonjuitji m'Bari, Month: 7, Time: 2010-07-11 23:21</description>
            <styleUrl>#month7</styleUrl>
            <Point>
                <coordinates>15.50359701,-18.97655029,0</coordinates>
            </Point>
        </Placemark>
        <Placemark>
            <name>Ozonjuitji m'Bari - Month 7 - 2010-07-11 23:41</name>
            <description>Waterhole: Ozonjuitji m'Bari, Month: 7, Time: 2010-07-11 23:41</description>
            <styleUrl>#month7</styleUrl>
            <Point>
                <coordinates>15.50357971,-18.97651571,0</coordinates>
            </Point>
        </Placemark>
        <Placemark>
            <name>Ozonjuitji m'Bari - Month 7 - 2010-07-12 00:01</name>
            <description>Waterhole: Ozonjuitji m'Bari, Month: 7, Time: 2010-07-12 00:01</description>
            <styleUrl>#month7</styleUrl>
            <Point>
                <coordinates>15.50180257,-18.97492065,0</coordinates>
            </Point>
        </Placemark>
        <Placemark>
            <name>Ozonjuitji m'Bari - Month 7 - 2010-07-12 00:21</name>
            <description>Waterhole: Ozonjuitji m'Bari, Month: 7, Time: 2010-07-12 00:21</description>
            <styleUrl>#month7</styleUrl>
            <Point>
                <coordinates>15.50180257,-18.97493083,0</coordinates>
            </Point>
        </Placemark>
        <Placemark>
            <name>Ozonjuitji m'Bari - Month 7 - 2010-07-12 00:41</name>
            <description>Waterhole: Ozonjuitji m'Bari, Month: 7, Time: 2010-07-12 00:41</description>
            <styleUrl>#month7</styleUrl>
            <Point>
                <coordinates>15.5035085,-18.97646484,0</coordinates>
            </Point>
        </Placemark>
        <Placemark>
            <name>Ozonjuitji m'Bari - Month 7 - 2010-07-12 16:41</name>
            <description>Waterhole: Ozonjuitji m'Bari, Month: 7, Time: 2010-07-12 16:41</description>
            <styleUrl>#month7</styleUrl>
            <Point>
                <coordinates>15.50360006,-18.97653198,0</coordinates>
            </Point>
        </Placemark>
        <Placemark>
            <name>Ozonjuitji m'Bari - Month 7 - 2010-07-12 17:01</name>
            <description>Waterhole: Ozonjuitji m'Bari, Month: 7, Time: 2010-07-12 17:01</description>
            <styleUrl>#month7</styleUrl>
            <Point>
                <coordinates>15.49987691,-18.97577108,0</coordinates>
            </Point>
        </Placemark>
        <Placemark>
            <name>Arendsnes - Month 7 - 2010-07-13 07:21</name>
            <description>Waterhole: Arendsnes, Month: 7, Time: 2010-07-13 07:21</description>
            <styleUrl>#month7</styleUrl>
            <Point>
                <coordinates>15.4161438,-18.97381388,0</coordinates>
            </Point>
        </Placemark>
        <Placemark>
            <name>Arendsnes - Month 7 - 2010-07-13 07:41</name>
            <description>Waterhole: Arendsnes, Month: 7, Time: 2010-07-13 07:41</description>
            <styleUrl>#month7</styleUrl>
            <Point>
                <coordinates>15.41182454,-18.97320353,0</coordinates>
            </Point>
        </Placemark>
        <Placemark>
            <name>Arendsnes - Month 7 - 2010-07-13 08:01</name>
            <description>Waterhole: Arendsnes, Month: 7, Time: 2010-07-13 08:01</description>
            <styleUrl>#month7</styleUrl>
            <Point>
                <coordinates>15.40340983,-18.97481486,0</coordinates>
            </Point>
        </Placemark>
        <Placemark>
            <name>Sonderkop waterhole - Month 7 - 2010-07-13 11:41</name>
            <description>Waterhole: Sonderkop waterhole, Month: 7, Time: 2010-07-13 11:41</description>
            <styleUrl>#month7</styleUrl>
            <Point>
                <coordinates>15.32816976,-18.96887614,0</coordinates>
            </Point>
        </Placemark>
        <Placemark>
            <name>Sonderkop waterhole - Month 7 - 2010-07-13 12:01</name>
            <description>Waterhole: Sonderkop waterhole, Month: 7, Time: 2010-07-13 12:01</description>
            <styleUrl>#month7</styleUrl>
            <Point>
                <coordinates>15.32820435,-18.96895345,0</coordinates>
            </Point>
        </Placemark>
        <Placemark>
            <name>Sonderkop waterhole - Month 7 - 2010-07-13 12:21</name>
            <description>Waterhole: Sonderkop waterhole, Month: 7, Time: 2010-07-13 12:21</description>
            <styleUrl>#month7</styleUrl>
            <Point>
                <coordinates>15.32818807,-18.96897786,0</coordinates>
            </Point>
        </Placemark>
        <Placemark>
            <name>Sonderkop waterhole - Month 7 - 2010-07-13 12:41</name>
            <description>Waterhole: Sonderkop waterhole, Month: 7, Time: 2010-07-13 12:41</description>
            <styleUrl>#month7</styleUrl>
            <Point>
                <coordinates>15.32803955,-18.96930949,0</coordinates>
            </Point>
        </Placemark>
        <Placemark>
            <name>Sonderkop waterhole - Month 7 - 2010-07-13 13:01</name>
            <description>Waterhole: Sonderkop waterhole, Month: 7, Time: 2010-07-13 13:01</description>
            <styleUrl>#month7</styleUrl>
            <Point>
                <coordinates>15.32825928,-18.96945394,0</coordinates>
            </Point>
        </Placemark>
        <Placemark>
            <name>Sonderkop waterhole - Month 7 - 2010-07-13 13:21</name>
            <description>Waterhole: Sonderkop waterhole, Month: 7, Time: 2010-07-13 13:21</description>
            <styleUrl>#month7</styleUrl>
            <Point>
                <coordinates>15.33000183,-18.97140299,0</coordinates>
            </Point>
        </Placemark>
        <Placemark>
            <name>Sonderkop waterhole - Month 7 - 2010-07-13 16:21</name>
            <description>Waterhole: Sonderkop waterhole, Month: 7, Time: 2010-07-13 16:21</description>
            <styleUrl>#month7</styleUrl>
            <Point>
                <coordinates>15.32815552,-18.9690328,0</coordinates>
            </Point>
        </Placemark>
        <Placemark>
            <name>Sonderkop waterhole - Month 7 - 2010-07-13 16:41</name>
            <description>Waterhole: Sonderkop waterhole, Month: 7, Time: 2010-07-13 16:41</description>
            <styleUrl>#month7</styleUrl>
            <Point>
                <coordinates>15.32759094,-18.96889038,0</coordinates>
            </Point>
        </Placemark>
        <Placemark>
            <name>Sonderkop waterhole - Month 7 - 2010-07-13 17:01</name>
            <description>Waterhole: Sonderkop waterhole, Month: 7, Time: 2010-07-13 17:01</description>
            <styleUrl>#month7</styleUrl>
            <Point>
                <coordinates>15.32742615,-18.96935018,0</coordinates>
            </Point>
        </Placemark>
        <Placemark>
            <name>Sonderkop waterhole - Month 7 - 2010-07-13 17:21</name>
            <description>Waterhole: Sonderkop waterhole, Month: 7, Time: 2010-07-13 17:21</description>
            <styleUrl>#month7</styleUrl>
            <Point>
                <coordinates>15.3263265,-18.97088216,0</coordinates>
            </Point>
        </Placemark>
        <Placemark>
            <name>Sonderkop waterhole - Month 7 - 2010-07-13 17:41</name>
            <description>Waterhole: Sonderkop waterhole, Month: 7, Time: 2010-07-13 17:41</description>
            <styleUrl>#month7</styleUrl>
            <Point>
                <coordinates>15.32465617,-18.97288615,0</coordinates>
            </Point>
        </Placemark>
        <Placemark>
            <name>Duiwelsvuur - Month 7 - 2010-07-14 14:01</name>
            <description>Waterhole: Duiwelsvuur, Month: 7, Time: 2010-07-14 14:01</description>
            <styleUrl>#month7</styleUrl>
            <Point>
                <coordinates>15.26112061,-18.98786825,0</coordinates>
            </Point>
        </Placemark>
        <Placemark>
            <name>Duiwelsvuur - Month 7 - 2010-07-14 14:21</name>
            <description>Waterhole: Duiwelsvuur, Month: 7, Time: 2010-07-14 14:21</description>
            <styleUrl>#month7</styleUrl>
            <Point>
                <coordinates>15.25971476,-18.98766479,0</coordinates>
            </Point>
        </Placemark>
        <Placemark>
            <name>Duiwelsvuur - Month 7 - 2010-07-14 14:41</name>
            <description>Waterhole: Duiwelsvuur, Month: 7, Time: 2010-07-14 14:41</description>
            <styleUrl>#month7</styleUrl>
            <Point>
                <coordinates>15.2613739,-18.98662516,0</coordinates>
            </Point>
        </Placemark>
        <Placemark>
            <name>Duiwelsvuur - Month 7 - 2010-07-14 15:01</name>
            <description>Waterhole: Duiwelsvuur, Month: 7, Time: 2010-07-14 15:01</description>
            <styleUrl>#month7</styleUrl>
            <Point>
                <coordinates>15.26176554,-18.98689779,0</coordinates>
            </Point>
        </Placemark>
        <Placemark>
            <name>Duiwelsvuur - Month 7 - 2010-07-14 15:21</name>
            <description>Waterhole: Duiwelsvuur, Month: 7, Time: 2010-07-14 15:21</description>
            <styleUrl>#month7</styleUrl>
            <Point>
                <coordinates>15.26216125,-18.98693237,0</coordinates>
            </Point>
        </Placemark>
        <Placemark>
            <name>Duiwelsvuur - Month 7 - 2010-07-14 15:41</name>
            <description>Waterhole: Duiwelsvuur, Month: 7, Time: 2010-07-14 15:41</description>
            <styleUrl>#month7</styleUrl>
            <Point>
                <coordinates>15.26340434,-18.98691203,0</coordinates>
            </Point>
        </Placemark>
        <Placemark>
            <name>Duiwelsvuur - Month 7 - 2010-07-14 16:01</name>
            <description>Waterhole: Duiwelsvuur, Month: 7, Time: 2010-07-14 16:01</description>
            <styleUrl>#month7</styleUrl>
            <Point>
                <coordinates>15.26269836,-18.98753255,0</coordinates>
            </Point>
        </Placemark>
        <Placemark>
            <name>Duiwelsvuur - Month 7 - 2010-07-14 16:21</name>
            <description>Waterhole: Duiwelsvuur, Month: 7, Time: 2010-07-14 16:21</description>
            <styleUrl>#month7</styleUrl>
            <Point>
                <coordinates>15.26206055,-18.98805949,0</coordinates>
            </Point>
        </Placemark>
        <Placemark>
            <name>Duiwelsvuur - Month 7 - 2010-07-14 16:41</name>
            <description>Waterhole: Duiwelsvuur, Month: 7, Time: 2010-07-14 16:41</description>
            <styleUrl>#month7</styleUrl>
            <Point>
                <coordinates>15.26087036,-18.98814087,0</coordinates>
            </Point>
        </Placemark>
        <Placemark>
            <name>Duiwelsvuur - Month 7 - 2010-07-14 17:01</name>
            <description>Waterhole: Duiwelsvuur, Month: 7, Time: 2010-07-14 17:01</description>
            <styleUrl>#month7</styleUrl>
            <Point>
                <coordinates>15.25969442,-18.98770345,0</coordinates>
            </Point>
        </Placemark>
        <Placemark>
            <name>Duiwelsvuur - Month 7 - 2010-07-14 17:21</name>
            <description>Waterhole: Duiwelsvuur, Month: 7, Time: 2010-07-14 17:21</description>
            <styleUrl>#month7</styleUrl>
            <Point>
                <coordinates>15.26268717,-18.99049072,0</coordinates>
            </Point>
        </Placemark>
        <Placemark>
            <name>Duiwelsvuur - Month 7 - 2010-07-14 17:41</name>
            <description>Waterhole: Duiwelsvuur, Month: 7, Time: 2010-07-14 17:41</description>
            <styleUrl>#month7</styleUrl>
            <Point>
                <coordinates>15.26481934,-18.99279989,0</coordinates>
            </Point>
        </Placemark>
        <Placemark>
            <name>Duiwelsvuur - Month 7 - 2010-07-15 10:41</name>
            <description>Waterhole: Duiwelsvuur, Month: 7, Time: 2010-07-15 10:41</description>
            <styleUrl>#month7</styleUrl>
            <Point>
                <coordinates>15.25929464,-18.99070231,0</coordinates>
            </Point>
        </Placemark>
        <Placemark>
            <name>Duiwelsvuur - Month 7 - 2010-07-15 11:01</name>
            <description>Waterhole: Duiwelsvuur, Month: 7, Time: 2010-07-15 11:01</description>
            <styleUrl>#month7</styleUrl>
            <Point>
                <coordinates>15.25971883,-18.98768514,0</coordinates>
            </Point>
        </Placemark>
        <Placemark>
            <name>Duiwelsvuur - Month 7 - 2010-07-15 11:21</name>
            <description>Waterhole: Duiwelsvuur, Month: 7, Time: 2010-07-15 11:21</description>
            <styleUrl>#month7</styleUrl>
            <Point>
                <coordinates>15.25960897,-18.98801473,0</coordinates>
            </Point>
        </Placemark>
        <Placemark>
            <name>Duiwelsvuur - Month 7 - 2010-07-15 11:41</name>
            <description>Waterhole: Duiwelsvuur, Month: 7, Time: 2010-07-15 11:41</description>
            <styleUrl>#month7</styleUrl>
            <Point>
                <coordinates>15.25977987,-18.98777262,0</coordinates>
            </Point>
        </Placemark>
        <Placemark>
            <name>Duiwelsvuur - Month 7 - 2010-07-15 12:01</name>
            <description>Waterhole: Duiwelsvuur, Month: 7, Time: 2010-07-15 12:01</description>
            <styleUrl>#month7</styleUrl>
            <Point>
                <coordinates>15.25979106,-18.987795,0</coordinates>
            </Point>
        </Placemark>
        <Placemark>
            <name>Duiwelsvuur - Month 7 - 2010-07-15 12:21</name>
            <description>Waterhole: Duiwelsvuur, Month: 7, Time: 2010-07-15 12:21</description>
            <styleUrl>#month7</styleUrl>
            <Point>
                <coordinates>15.25979004,-18.98779297,0</coordinates>
            </Point>
        </Placemark>
        <Placemark>
            <name>Duiwelsvuur - Month 7 - 2010-07-15 12:41</name>
            <description>Waterhole: Duiwelsvuur, Month: 7, Time: 2010-07-15 12:41</description>
            <styleUrl>#month7</styleUrl>
            <Point>
                <coordinates>15.25979716,-18.98781128,0</coordinates>
            </Point>
        </Placemark>
        <Placemark>
            <name>Duiwelsvuur - Month 7 - 2010-07-15 13:00</name>
            <description>Waterhole: Duiwelsvuur, Month: 7, Time: 2010-07-15 13:00</description>
            <styleUrl>#month7</styleUrl>
            <Point>
                <coordinates>15.2596578,-18.98757731,0</coordinates>
            </Point>
        </Placemark>
        <Placemark>
            <name>Duiwelsvuur - Month 7 - 2010-07-15 13:21</name>
            <description>Waterhole: Duiwelsvuur, Month: 7, Time: 2010-07-15 13:21</description>
            <styleUrl>#month7</styleUrl>
            <Point>
                <coordinates>15.2597463,-18.98738607,0</coordinates>
            </Point>
        </Placemark>
        <Placemark>
            <name>Duiwelsvuur - Month 7 - 2010-07-15 13:41</name>
            <description>Waterhole: Duiwelsvuur, Month: 7, Time: 2010-07-15 13:41</description>
            <styleUrl>#month7</styleUrl>
            <Point>
                <coordinates>15.261026,-18.98538208,0</coordinates>
            </Point>
        </Placemark>
        <Placemark>
            <name>Duiwelsvuur - Month 7 - 2010-07-15 14:01</name>
            <description>Waterhole: Duiwelsvuur, Month: 7, Time: 2010-07-15 14:01</description>
            <styleUrl>#month7</styleUrl>
            <Point>
                <coordinates>15.26136475,-18.98447673,0</coordinates>
            </Point>
        </Placemark>
        <Placemark>
            <name>Duiwelsvuur - Month 7 - 2010-07-15 14:21</name>
            <description>Waterhole: Duiwelsvuur, Month: 7, Time: 2010-07-15 14:21</description>
            <styleUrl>#month7</styleUrl>
            <Point>
                <coordinates>15.2614919,-18.98424886,0</coordinates>
            </Point>
        </Placemark>
        <Placemark>
            <name>Duiwelsvuur - Month 7 - 2010-07-15 14:41</name>
            <description>Waterhole: Duiwelsvuur, Month: 7, Time: 2010-07-15 14:41</description>
            <styleUrl>#month7</styleUrl>
            <Point>
                <coordinates>15.26158956,-18.98375244,0</coordinates>
            </Point>
        </Placemark>
        <Placemark>
            <name>Duiwelsvuur - Month 7 - 2010-07-15 15:01</name>
            <description>Waterhole: Duiwelsvuur, Month: 7, Time: 2010-07-15 15:01</description>
            <styleUrl>#month7</styleUrl>
            <Point>
                <coordinates>15.26173299,-18.98347575,0</coordinates>
            </Point>
        </Placemark>
        <Placemark>
            <name>Duiwelsvuur - Month 7 - 2010-07-15 15:21</name>
            <description>Waterhole: Duiwelsvuur, Month: 7, Time: 2010-07-15 15:21</description>
            <styleUrl>#month7</styleUrl>
            <Point>
                <coordinates>15.2616862,-18.9833252,0</coordinates>
            </Point>
        </Placemark>
        <Placemark>
            <name>Duiwelsvuur - Month 7 - 2010-07-15 15:41</name>
            <description>Waterhole: Duiwelsvuur, Month: 7, Time: 2010-07-15 15:41</description>
            <styleUrl>#month7</styleUrl>
            <Point>
                <coordinates>15.26199544,-18.98283895,0</coordinates>
            </Point>
        </Placemark>
        <Placemark>
            <name>Duiwelsvuur - Month 7 - 2010-07-15 16:01</name>
            <description>Waterhole: Duiwelsvuur, Month: 7, Time: 2010-07-15 16:01</description>
            <styleUrl>#month7</styleUrl>
            <Point>
                <coordinates>15.26374715,-18.98058472,0</coordinates>
            </Point>
        </Placemark>
        <Placemark>
            <name>Duiwelsvuur - Month 7 - 2010-07-15 16:21</name>
            <description>Waterhole: Duiwelsvuur, Month: 7, Time: 2010-07-15 16:21</description>
            <styleUrl>#month7</styleUrl>
            <Point>
                <coordinates>15.26422119,-18.98035889,0</coordinates>
            </Point>
        </Placemark>
        <Placemark>
            <name>Sonderkop waterhole - Month 7 - 2010-07-16 15:01</name>
            <description>Waterhole: Sonderkop waterhole, Month: 7, Time: 2010-07-16 15:01</description>
            <styleUrl>#month7</styleUrl>
            <Point>
                <coordinates>15.32825114,-18.96899618,0</coordinates>
            </Point>
        </Placemark>
        <Placemark>
            <name>Sonderkop waterhole - Month 7 - 2010-07-16 15:21</name>
            <description>Waterhole: Sonderkop waterhole, Month: 7, Time: 2010-07-16 15:21</description>
            <styleUrl>#month7</styleUrl>
            <Point>
                <coordinates>15.32826945,-18.96896159,0</coordinates>
            </Point>
        </Placemark>
        <Placemark>
            <name>Sonderkop waterhole - Month 7 - 2010-07-16 15:41</name>
            <description>Waterhole: Sonderkop waterhole, Month: 7, Time: 2010-07-16 15:41</description>
            <styleUrl>#month7</styleUrl>
            <Point>
                <coordinates>15.32876587,-18.96928304,0</coordinates>
            </Point>
        </Placemark>
        <Placemark>
            <name>Sonderkop waterhole - Month 7 - 2010-07-16 16:01</name>
            <description>Waterhole: Sonderkop waterhole, Month: 7, Time: 2010-07-16 16:01</description>
            <styleUrl>#month7</styleUrl>
            <Point>
                <coordinates>15.32539164,-18.97590739,0</coordinates>
            </Point>
        </Placemark>
        <Placemark>
            <name>Sonderkop waterhole - Month 7 - 2010-07-17 16:41</name>
            <description>Waterhole: Sonderkop waterhole, Month: 7, Time: 2010-07-17 16:41</description>
            <styleUrl>#month7</styleUrl>
            <Point>
                <coordinates>15.32292379,-18.97111003,0</coordinates>
            </Point>
        </Placemark>
        <Placemark>
            <name>Sonderkop waterhole - Month 7 - 2010-07-17 17:01</name>
            <description>Waterhole: Sonderkop waterhole, Month: 7, Time: 2010-07-17 17:01</description>
            <styleUrl>#month7</styleUrl>
            <Point>
                <coordinates>15.32701823,-18.96893514,0</coordinates>
            </Point>
        </Placemark>
        <Placemark>
            <name>Sonderkop waterhole - Month 7 - 2010-07-17 17:21</name>
            <description>Waterhole: Sonderkop waterhole, Month: 7, Time: 2010-07-17 17:21</description>
            <styleUrl>#month7</styleUrl>
            <Point>
                <coordinates>15.3277415,-18.9689209,0</coordinates>
            </Point>
        </Placemark>
        <Placemark>
            <name>Sonderkop waterhole - Month 7 - 2010-07-17 17:41</name>
            <description>Waterhole: Sonderkop waterhole, Month: 7, Time: 2010-07-17 17:41</description>
            <styleUrl>#month7</styleUrl>
            <Point>
                <coordinates>15.3233724,-18.96897176,0</coordinates>
            </Point>
        </Placemark>
        <Placemark>
            <name>Sonderkop waterhole - Month 7 - 2010-07-17 18:01</name>
            <description>Waterhole: Sonderkop waterhole, Month: 7, Time: 2010-07-17 18:01</description>
            <styleUrl>#month7</styleUrl>
            <Point>
                <coordinates>15.32068583,-18.9696818,0</coordinates>
            </Point>
        </Placemark>
        <Placemark>
            <name>Duiwelsvuur - Month 7 - 2010-07-17 21:21</name>
            <description>Waterhole: Duiwelsvuur, Month: 7, Time: 2010-07-17 21:21</description>
            <styleUrl>#month7</styleUrl>
            <Point>
                <coordinates>15.2597229,-18.987795,0</coordinates>
            </Point>
        </Placemark>
        <Placemark>
            <name>Duiwelsvuur - Month 7 - 2010-07-17 21:41</name>
            <description>Waterhole: Duiwelsvuur, Month: 7, Time: 2010-07-17 21:41</description>
            <styleUrl>#month7</styleUrl>
            <Point>
                <coordinates>15.26478678,-18.99579264,0</coordinates>
            </Point>
        </Placemark>
        <Placemark>
            <name>Duiwelsvuur - Month 7 - 2010-07-18 09:41</name>
            <description>Waterhole: Duiwelsvuur, Month: 7, Time: 2010-07-18 09:41</description>
            <styleUrl>#month7</styleUrl>
            <Point>
                <coordinates>15.25678609,-18.99437866,0</coordinates>
            </Point>
        </Placemark>
        <Placemark>
            <name>Duiwelsvuur - Month 7 - 2010-07-18 10:01</name>
            <description>Waterhole: Duiwelsvuur, Month: 7, Time: 2010-07-18 10:01</description>
            <styleUrl>#month7</styleUrl>
            <Point>
                <coordinates>15.25967,-18.98773804,0</coordinates>
            </Point>
        </Placemark>
        <Placemark>
            <name>Duiwelsvuur - Month 7 - 2010-07-18 10:21</name>
            <description>Waterhole: Duiwelsvuur, Month: 7, Time: 2010-07-18 10:21</description>
            <styleUrl>#month7</styleUrl>
            <Point>
                <coordinates>15.25969442,-18.98768107,0</coordinates>
            </Point>
        </Placemark>
        <Placemark>
            <name>Duiwelsvuur - Month 7 - 2010-07-18 10:41</name>
            <description>Waterhole: Duiwelsvuur, Month: 7, Time: 2010-07-18 10:41</description>
            <styleUrl>#month7</styleUrl>
            <Point>
                <coordinates>15.25971578,-18.98764242,0</coordinates>
            </Point>
        </Placemark>
        <Placemark>
            <name>Duiwelsvuur - Month 7 - 2010-07-18 11:01</name>
            <description>Waterhole: Duiwelsvuur, Month: 7, Time: 2010-07-18 11:01</description>
            <styleUrl>#month7</styleUrl>
            <Point>
                <coordinates>15.25971273,-18.98764038,0</coordinates>
            </Point>
        </Placemark>
        <Placemark>
            <name>Duiwelsvuur - Month 7 - 2010-07-18 11:21</name>
            <description>Waterhole: Duiwelsvuur, Month: 7, Time: 2010-07-18 11:21</description>
            <styleUrl>#month7</styleUrl>
            <Point>
                <coordinates>15.25973714,-18.98762004,0</coordinates>
            </Point>
        </Placemark>
        <Placemark>
            <name>Duiwelsvuur - Month 7 - 2010-07-18 11:41</name>
            <description>Waterhole: Duiwelsvuur, Month: 7, Time: 2010-07-18 11:41</description>
            <styleUrl>#month7</styleUrl>
            <Point>
                <coordinates>15.25924683,-18.9869812,0</coordinates>
            </Point>
        </Placemark>
        <Placemark>
            <name>Duiwelsvuur - Month 7 - 2010-07-18 12:01</name>
            <description>Waterhole: Duiwelsvuur, Month: 7, Time: 2010-07-18 12:01</description>
            <styleUrl>#month7</styleUrl>
            <Point>
                <coordinates>15.25869548,-18.98711955,0</coordinates>
            </Point>
        </Placemark>
        <Placemark>
            <name>Duiwelsvuur - Month 7 - 2010-07-18 12:21</name>
            <description>Waterhole: Duiwelsvuur, Month: 7, Time: 2010-07-18 12:21</description>
            <styleUrl>#month7</styleUrl>
            <Point>
                <coordinates>15.25875956,-18.98511963,0</coordinates>
            </Point>
        </Placemark>
        <Placemark>
            <name>Duiwelsvuur - Month 7 - 2010-07-18 12:41</name>
            <description>Waterhole: Duiwelsvuur, Month: 7, Time: 2010-07-18 12:41</description>
            <styleUrl>#month7</styleUrl>
            <Point>
                <coordinates>15.25903524,-18.98500977,0</coordinates>
            </Point>
        </Placemark>
        <Placemark>
            <name>Duiwelsvuur - Month 7 - 2010-07-18 13:01</name>
            <description>Waterhole: Duiwelsvuur, Month: 7, Time: 2010-07-18 13:01</description>
            <styleUrl>#month7</styleUrl>
            <Point>
                <coordinates>15.25918681,-18.98534546,0</coordinates>
            </Point>
        </Placemark>
        <Placemark>
            <name>Duiwelsvuur - Month 7 - 2010-07-18 13:21</name>
            <description>Waterhole: Duiwelsvuur, Month: 7, Time: 2010-07-18 13:21</description>
            <styleUrl>#month7</styleUrl>
            <Point>
                <coordinates>15.25923767,-18.9856425,0</coordinates>
            </Point>
        </Placemark>
        <Placemark>
            <name>Duiwelsvuur - Month 7 - 2010-07-18 13:41</name>
            <description>Waterhole: Duiwelsvuur, Month: 7, Time: 2010-07-18 13:41</description>
            <styleUrl>#month7</styleUrl>
            <Point>
                <coordinates>15.25960897,-18.98647664,0</coordinates>
            </Point>
        </Placemark>
        <Placemark>
            <name>Duiwelsvuur - Month 7 - 2010-07-18 14:01</name>
            <description>Waterhole: Duiwelsvuur, Month: 7, Time: 2010-07-18 14:01</description>
            <styleUrl>#month7</styleUrl>
            <Point>
                <coordinates>15.25973511,-18.98742269,0</coordinates>
            </Point>
        </Placemark>
        <Placemark>
            <name>Duiwelsvuur - Month 7 - 2010-07-18 14:21</name>
            <description>Waterhole: Duiwelsvuur, Month: 7, Time: 2010-07-18 14:21</description>
            <styleUrl>#month7</styleUrl>
            <Point>
                <coordinates>15.26123149,-18.9863505,0</coordinates>
            </Point>
        </Placemark>
        <Placemark>
            <name>Duiwelsvuur - Month 7 - 2010-07-18 14:41</name>
            <description>Waterhole: Duiwelsvuur, Month: 7, Time: 2010-07-18 14:41</description>
            <styleUrl>#month7</styleUrl>
            <Point>
                <coordinates>15.26254578,-18.98485514,0</coordinates>
            </Point>
        </Placemark>
        <Placemark>
            <name>Duiwelsvuur - Month 7 - 2010-07-18 15:01</name>
            <description>Waterhole: Duiwelsvuur, Month: 7, Time: 2010-07-18 15:01</description>
            <styleUrl>#month7</styleUrl>
            <Point>
                <coordinates>15.26330465,-18.98392741,0</coordinates>
            </Point>
        </Placemark>
        <Placemark>
            <name>Duiwelsvuur - Month 7 - 2010-07-18 15:21</name>
            <description>Waterhole: Duiwelsvuur, Month: 7, Time: 2010-07-18 15:21</description>
            <styleUrl>#month7</styleUrl>
            <Point>
                <coordinates>15.26503906,-18.98163452,0</coordinates>
            </Point>
        </Placemark>
        <Placemark>
            <name>Duiwelsvuur - Month 7 - 2010-07-19 11:01</name>
            <description>Waterhole: Duiwelsvuur, Month: 7, Time: 2010-07-19 11:01</description>
            <styleUrl>#month7</styleUrl>
            <Point>
                <coordinates>15.26494751,-18.98753662,0</coordinates>
            </Point>
        </Placemark>
        <Placemark>
            <name>Duiwelsvuur - Month 7 - 2010-07-19 11:21</name>
            <description>Waterhole: Duiwelsvuur, Month: 7, Time: 2010-07-19 11:21</description>
            <styleUrl>#month7</styleUrl>
            <Point>
                <coordinates>15.25969442,-18.98803914,0</coordinates>
            </Point>
        </Placemark>
        <Placemark>
            <name>Duiwelsvuur - Month 7 - 2010-07-19 11:41</name>
            <description>Waterhole: Duiwelsvuur, Month: 7, Time: 2010-07-19 11:41</description>
            <styleUrl>#month7</styleUrl>
            <Point>
                <coordinates>15.25974426,-18.98785604,0</coordinates>
            </Point>
        </Placemark>
        <Placemark>
            <name>Duiwelsvuur - Month 7 - 2010-07-19 12:01</name>
            <description>Waterhole: Duiwelsvuur, Month: 7, Time: 2010-07-19 12:01</description>
            <styleUrl>#month7</styleUrl>
            <Point>
                <coordinates>15.25977783,-18.98786621,0</coordinates>
            </Point>
        </Placemark>
        <Placemark>
            <name>Duiwelsvuur - Month 7 - 2010-07-19 12:21</name>
            <description>Waterhole: Duiwelsvuur, Month: 7, Time: 2010-07-19 12:21</description>
            <styleUrl>#month7</styleUrl>
            <Point>
                <coordinates>15.25977173,-18.98787435,0</coordinates>
            </Point>
        </Placemark>
        <Placemark>
            <name>Duiwelsvuur - Month 7 - 2010-07-19 12:41</name>
            <description>Waterhole: Duiwelsvuur, Month: 7, Time: 2010-07-19 12:41</description>
            <styleUrl>#month7</styleUrl>
            <Point>
                <coordinates>15.25976257,-18.98788249,0</coordinates>
            </Point>
        </Placemark>
        <Placemark>
            <name>Duiwelsvuur - Month 7 - 2010-07-19 13:01</name>
            <description>Waterhole: Duiwelsvuur, Month: 7, Time: 2010-07-19 13:01</description>
            <styleUrl>#month7</styleUrl>
            <Point>
                <coordinates>15.25972392,-18.98762207,0</coordinates>
            </Point>
        </Placemark>
        <Placemark>
            <name>Duiwelsvuur - Month 7 - 2010-07-19 13:21</name>
            <description>Waterhole: Duiwelsvuur, Month: 7, Time: 2010-07-19 13:21</description>
            <styleUrl>#month7</styleUrl>
            <Point>
                <coordinates>15.25974935,-18.98768311,0</coordinates>
            </Point>
        </Placemark>
        <Placemark>
            <name>Duiwelsvuur - Month 7 - 2010-07-19 13:41</name>
            <description>Waterhole: Duiwelsvuur, Month: 7, Time: 2010-07-19 13:41</description>
            <styleUrl>#month7</styleUrl>
            <Point>
                <coordinates>15.25970662,-18.98766683,0</coordinates>
            </Point>
        </Placemark>
        <Placemark>
            <name>Duiwelsvuur - Month 7 - 2010-07-19 14:01</name>
            <description>Waterhole: Duiwelsvuur, Month: 7, Time: 2010-07-19 14:01</description>
            <styleUrl>#month7</styleUrl>
            <Point>
                <coordinates>15.25970866,-18.98757121,0</coordinates>
            </Point>
        </Placemark>
        <Placemark>
            <name>Duiwelsvuur - Month 7 - 2010-07-19 14:21</name>
            <description>Waterhole: Duiwelsvuur, Month: 7, Time: 2010-07-19 14:21</description>
            <styleUrl>#month7</styleUrl>
            <Point>
                <coordinates>15.25977987,-18.98764648,0</coordinates>
            </Point>
        </Placemark>
        <Placemark>
            <name>Duiwelsvuur - Month 7 - 2010-07-19 14:41</name>
            <description>Waterhole: Duiwelsvuur, Month: 7, Time: 2010-07-19 14:41</description>
            <styleUrl>#month7</styleUrl>
            <Point>
                <coordinates>15.25995687,-18.9863973,0</coordinates>
            </Point>
        </Placemark>
        <Placemark>
            <name>Duiwelsvuur - Month 7 - 2010-07-19 15:01</name>
            <description>Waterhole: Duiwelsvuur, Month: 7, Time: 2010-07-19 15:01</description>
            <styleUrl>#month7</styleUrl>
            <Point>
                <coordinates>15.25976766,-18.98370768,0</coordinates>
            </Point>
        </Placemark>
        <Placemark>
            <name>Duiwelsvuur - Month 7 - 2010-07-19 15:21</name>
            <description>Waterhole: Duiwelsvuur, Month: 7, Time: 2010-07-19 15:21</description>
            <styleUrl>#month7</styleUrl>
            <Point>
                <coordinates>15.25956624,-18.98341675,0</coordinates>
            </Point>
        </Placemark>
        <Placemark>
            <name>Duiwelsvuur - Month 7 - 2010-07-19 15:41</name>
            <description>Waterhole: Duiwelsvuur, Month: 7, Time: 2010-07-19 15:41</description>
            <styleUrl>#month7</styleUrl>
            <Point>
                <coordinates>15.25939026,-18.98307495,0</coordinates>
            </Point>
        </Placemark>
        <Placemark>
            <name>Duiwelsvuur - Month 7 - 2010-07-19 16:01</name>
            <description>Waterhole: Duiwelsvuur, Month: 7, Time: 2010-07-19 16:01</description>
            <styleUrl>#month7</styleUrl>
            <Point>
                <coordinates>15.25830078,-18.98271077,0</coordinates>
            </Point>
        </Placemark>
        <Placemark>
            <name>Duiwelsvuur - Month 7 - 2010-07-19 16:21</name>
            <description>Waterhole: Duiwelsvuur, Month: 7, Time: 2010-07-19 16:21</description>
            <styleUrl>#month7</styleUrl>
            <Point>
                <coordinates>15.2581543,-18.98122355,0</coordinates>
            </Point>
        </Placemark>
        <Placemark>
            <name>Duiwelsvuur - Month 7 - 2010-07-20 11:21</name>
            <description>Waterhole: Duiwelsvuur, Month: 7, Time: 2010-07-20 11:21</description>
            <styleUrl>#month7</styleUrl>
            <Point>
                <coordinates>15.26114807,-18.98650716,0</coordinates>
            </Point>
        </Placemark>
        <Placemark>
            <name>Duiwelsvuur - Month 7 - 2010-07-20 11:41</name>
            <description>Waterhole: Duiwelsvuur, Month: 7, Time: 2010-07-20 11:41</description>
            <styleUrl>#month7</styleUrl>
            <Point>
                <coordinates>15.25971069,-18.98763631,0</coordinates>
            </Point>
        </Placemark>
        <Placemark>
            <name>Duiwelsvuur - Month 7 - 2010-07-20 12:01</name>
            <description>Waterhole: Duiwelsvuur, Month: 7, Time: 2010-07-20 12:01</description>
            <styleUrl>#month7</styleUrl>
            <Point>
                <coordinates>15.25977275,-18.98758545,0</coordinates>
            </Point>
        </Placemark>
        <Placemark>
            <name>Duiwelsvuur - Month 7 - 2010-07-20 12:41</name>
            <description>Waterhole: Duiwelsvuur, Month: 7, Time: 2010-07-20 12:41</description>
            <styleUrl>#month7</styleUrl>
            <Point>
                <coordinates>15.25964457,-18.98766683,0</coordinates>
            </Point>
        </Placemark>
        <Placemark>
            <name>Duiwelsvuur - Month 7 - 2010-07-20 13:01</name>
            <description>Waterhole: Duiwelsvuur, Month: 7, Time: 2010-07-20 13:01</description>
            <styleUrl>#month7</styleUrl>
            <Point>
                <coordinates>15.25972799,-18.98802694,0</coordinates>
            </Point>
        </Placemark>
        <Placemark>
            <name>Duiwelsvuur - Month 7 - 2010-07-20 13:21</name>
            <description>Waterhole: Duiwelsvuur, Month: 7, Time: 2010-07-20 13:21</description>
            <styleUrl>#month7</styleUrl>
            <Point>
                <coordinates>15.26002909,-18.98548381,0</coordinates>
            </Point>
        </Placemark>
        <Placemark>
            <name>Duiwelsvuur - Month 7 - 2010-07-20 13:41</name>
            <description>Waterhole: Duiwelsvuur, Month: 7, Time: 2010-07-20 13:41</description>
            <styleUrl>#month7</styleUrl>
            <Point>
                <coordinates>15.2601593,-18.98456624,0</coordinates>
            </Point>
        </Placemark>
        <Placemark>
            <name>Duiwelsvuur - Month 7 - 2010-07-20 14:01</name>
            <description>Waterhole: Duiwelsvuur, Month: 7, Time: 2010-07-20 14:01</description>
            <styleUrl>#month7</styleUrl>
            <Point>
                <coordinates>15.26085307,-18.98288981,0</coordinates>
            </Point>
        </Placemark>
        <Placemark>
            <name>Duiwelsvuur - Month 7 - 2010-07-20 14:21</name>
            <description>Waterhole: Duiwelsvuur, Month: 7, Time: 2010-07-20 14:21</description>
            <styleUrl>#month7</styleUrl>
            <Point>
                <coordinates>15.26077169,-18.98225708,0</coordinates>
            </Point>
        </Placemark>
        <Placemark>
            <name>Duiwelsvuur - Month 7 - 2010-07-20 14:41</name>
            <description>Waterhole: Duiwelsvuur, Month: 7, Time: 2010-07-20 14:41</description>
            <styleUrl>#month7</styleUrl>
            <Point>
                <coordinates>15.2607015,-18.98172607,0</coordinates>
            </Point>
        </Placemark>
        <Placemark>
            <name>Duiwelsvuur - Month 7 - 2010-07-20 15:01</name>
            <description>Waterhole: Duiwelsvuur, Month: 7, Time: 2010-07-20 15:01</description>
            <styleUrl>#month7</styleUrl>
            <Point>
                <coordinates>15.26068624,-18.98143107,0</coordinates>
            </Point>
        </Placemark>
        <Placemark>
            <name>Duiwelsvuur - Month 7 - 2010-07-20 15:21</name>
            <description>Waterhole: Duiwelsvuur, Month: 7, Time: 2010-07-20 15:21</description>
            <styleUrl>#month7</styleUrl>
            <Point>
                <coordinates>15.26039734,-18.98157756,0</coordinates>
            </Point>
        </Placemark>
        <Placemark>
            <name>Duiwelsvuur - Month 7 - 2010-07-20 15:41</name>
            <description>Waterhole: Duiwelsvuur, Month: 7, Time: 2010-07-20 15:41</description>
            <styleUrl>#month7</styleUrl>
            <Point>
                <coordinates>15.26007182,-18.9818929,0</coordinates>
            </Point>
        </Placemark>
        <Placemark>
            <name>Duiwelsvuur - Month 7 - 2010-07-20 16:01</name>
            <description>Waterhole: Duiwelsvuur, Month: 7, Time: 2010-07-20 16:01</description>
            <styleUrl>#month7</styleUrl>
            <Point>
                <coordinates>15.26043091,-18.98224894,0</coordinates>
            </Point>
        </Placemark>
        <Placemark>
            <name>Duiwelsvuur - Month 7 - 2010-07-21 09:21</name>
            <description>Waterhole: Duiwelsvuur, Month: 7, Time: 2010-07-21 09:21</description>
            <styleUrl>#month7</styleUrl>
            <Point>
                <coordinates>15.26757914,-18.99212036,0</coordinates>
            </Point>
        </Placemark>
        <Placemark>
            <name>Duiwelsvuur - Month 7 - 2010-07-21 09:41</name>
            <description>Waterhole: Duiwelsvuur, Month: 7, Time: 2010-07-21 09:41</description>
            <styleUrl>#month7</styleUrl>
            <Point>
                <coordinates>15.26326294,-18.98940226,0</coordinates>
            </Point>
        </Placemark>
        <Placemark>
            <name>Duiwelsvuur - Month 7 - 2010-07-21 10:01</name>
            <description>Waterhole: Duiwelsvuur, Month: 7, Time: 2010-07-21 10:01</description>
            <styleUrl>#month7</styleUrl>
            <Point>
                <coordinates>15.25972697,-18.98774211,0</coordinates>
            </Point>
        </Placemark>
        <Placemark>
            <name>Duiwelsvuur - Month 7 - 2010-07-21 10:21</name>
            <description>Waterhole: Duiwelsvuur, Month: 7, Time: 2010-07-21 10:21</description>
            <styleUrl>#month7</styleUrl>
            <Point>
                <coordinates>15.25975138,-18.98771566,0</coordinates>
            </Point>
        </Placemark>
        <Placemark>
            <name>Duiwelsvuur - Month 7 - 2010-07-21 10:41</name>
            <description>Waterhole: Duiwelsvuur, Month: 7, Time: 2010-07-21 10:41</description>
            <styleUrl>#month7</styleUrl>
            <Point>
                <coordinates>15.2597168,-18.9876241,0</coordinates>
            </Point>
        </Placemark>
        <Placemark>
            <name>Duiwelsvuur - Month 7 - 2010-07-21 11:01</name>
            <description>Waterhole: Duiwelsvuur, Month: 7, Time: 2010-07-21 11:01</description>
            <styleUrl>#month7</styleUrl>
            <Point>
                <coordinates>15.25976969,-18.98769531,0</coordinates>
            </Point>
        </Placemark>
        <Placemark>
            <name>Duiwelsvuur - Month 7 - 2010-07-21 11:21</name>
            <description>Waterhole: Duiwelsvuur, Month: 7, Time: 2010-07-21 11:21</description>
            <styleUrl>#month7</styleUrl>
            <Point>
                <coordinates>15.25977681,-18.98765259,0</coordinates>
            </Point>
        </Placemark>
        <Placemark>
            <name>Duiwelsvuur - Month 7 - 2010-07-21 11:41</name>
            <description>Waterhole: Duiwelsvuur, Month: 7, Time: 2010-07-21 11:41</description>
            <styleUrl>#month7</styleUrl>
            <Point>
                <coordinates>15.25994263,-18.98584188,0</coordinates>
            </Point>
        </Placemark>
        <Placemark>
            <name>Duiwelsvuur - Month 7 - 2010-07-21 12:01</name>
            <description>Waterhole: Duiwelsvuur, Month: 7, Time: 2010-07-21 12:01</description>
            <styleUrl>#month7</styleUrl>
            <Point>
                <coordinates>15.25938924,-18.98422445,0</coordinates>
            </Point>
        </Placemark>
        <Placemark>
            <name>Duiwelsvuur - Month 7 - 2010-07-21 12:21</name>
            <description>Waterhole: Duiwelsvuur, Month: 7, Time: 2010-07-21 12:21</description>
            <styleUrl>#month7</styleUrl>
            <Point>
                <coordinates>15.25899658,-18.98375244,0</coordinates>
            </Point>
        </Placemark>
        <Placemark>
            <name>Duiwelsvuur - Month 7 - 2010-07-21 12:41</name>
            <description>Waterhole: Duiwelsvuur, Month: 7, Time: 2010-07-21 12:41</description>
            <styleUrl>#month7</styleUrl>
            <Point>
                <coordinates>15.25898336,-18.98369141,0</coordinates>
            </Point>
        </Placemark>
        <Placemark>
            <name>Duiwelsvuur - Month 7 - 2010-07-21 13:01</name>
            <description>Waterhole: Duiwelsvuur, Month: 7, Time: 2010-07-21 13:01</description>
            <styleUrl>#month7</styleUrl>
            <Point>
                <coordinates>15.25873006,-18.98346965,0</coordinates>
            </Point>
        </Placemark>
        <Placemark>
            <name>Duiwelsvuur - Month 7 - 2010-07-21 13:21</name>
            <description>Waterhole: Duiwelsvuur, Month: 7, Time: 2010-07-21 13:21</description>
            <styleUrl>#month7</styleUrl>
            <Point>
                <coordinates>15.25796102,-18.98296916,0</coordinates>
            </Point>
        </Placemark>
        <Placemark>
            <name>Duiwelsvuur - Month 7 - 2010-07-21 13:41</name>
            <description>Waterhole: Duiwelsvuur, Month: 7, Time: 2010-07-21 13:41</description>
            <styleUrl>#month7</styleUrl>
            <Point>
                <coordinates>15.25740356,-18.98232015,0</coordinates>
            </Point>
        </Placemark>
        <Placemark>
            <name>Duiwelsvuur - Month 7 - 2010-07-21 14:01</name>
            <description>Waterhole: Duiwelsvuur, Month: 7, Time: 2010-07-21 14:01</description>
            <styleUrl>#month7</styleUrl>
            <Point>
                <coordinates>15.25710042,-18.98186239,0</coordinates>
            </Point>
        </Placemark>
        <Placemark>
            <name>Duiwelsvuur - Month 7 - 2010-07-21 14:21</name>
            <description>Waterhole: Duiwelsvuur, Month: 7, Time: 2010-07-21 14:21</description>
            <styleUrl>#month7</styleUrl>
            <Point>
                <coordinates>15.25708822,-18.98187663,0</coordinates>
            </Point>
        </Placemark>
        <Placemark>
            <name>Duiwelsvuur - Month 7 - 2010-07-21 14:41</name>
            <description>Waterhole: Duiwelsvuur, Month: 7, Time: 2010-07-21 14:41</description>
            <styleUrl>#month7</styleUrl>
            <Point>
                <coordinates>15.25706991,-18.98186646,0</coordinates>
            </Point>
        </Placemark>
        <Placemark>
            <name>Duiwelsvuur - Month 7 - 2010-07-21 15:01</name>
            <description>Waterhole: Duiwelsvuur, Month: 7, Time: 2010-07-21 15:01</description>
            <styleUrl>#month7</styleUrl>
            <Point>
                <coordinates>15.2570811,-18.98189697,0</coordinates>
            </Point>
        </Placemark>
        <Placemark>
            <name>Duiwelsvuur - Month 7 - 2010-07-21 15:21</name>
            <description>Waterhole: Duiwelsvuur, Month: 7, Time: 2010-07-21 15:21</description>
            <styleUrl>#month7</styleUrl>
            <Point>
                <coordinates>15.25721029,-18.98158162,0</coordinates>
            </Point>
        </Placemark>
        <Placemark>
            <name>Duiwelsvuur - Month 7 - 2010-07-21 15:41</name>
            <description>Waterhole: Duiwelsvuur, Month: 7, Time: 2010-07-21 15:41</description>
            <styleUrl>#month7</styleUrl>
            <Point>
                <coordinates>15.25728963,-18.98165487,0</coordinates>
            </Point>
        </Placemark>
        <Placemark>
            <name>Duiwelsvuur - Month 7 - 2010-07-21 16:01</name>
            <description>Waterhole: Duiwelsvuur, Month: 7, Time: 2010-07-21 16:01</description>
            <styleUrl>#month7</styleUrl>
            <Point>
                <coordinates>15.25726217,-18.98163859,0</coordinates>
            </Point>
        </Placemark>
        <Placemark>
            <name>Duiwelsvuur - Month 7 - 2010-07-21 16:21</name>
            <description>Waterhole: Duiwelsvuur, Month: 7, Time: 2010-07-21 16:21</description>
            <styleUrl>#month7</styleUrl>
            <Point>
                <coordinates>15.25717875,-18.98196208,0</coordinates>
            </Point>
        </Placemark>
        <Placemark>
            <name>Duiwelsvuur - Month 7 - 2010-07-21 16:41</name>
            <description>Waterhole: Duiwelsvuur, Month: 7, Time: 2010-07-21 16:41</description>
            <styleUrl>#month7</styleUrl>
            <Point>
                <coordinates>15.2563914,-18.9825297,0</coordinates>
            </Point>
        </Placemark>
        <Placemark>
            <name>Duiwelsvuur - Month 7 - 2010-07-21 17:01</name>
            <description>Waterhole: Duiwelsvuur, Month: 7, Time: 2010-07-21 17:01</description>
            <styleUrl>#month7</styleUrl>
            <Point>
                <coordinates>15.25640462,-18.98351237,0</coordinates>
            </Point>
        </Placemark>
        <Placemark>
            <name>Duiwelsvuur - Month 7 - 2010-07-21 17:21</name>
            <description>Waterhole: Duiwelsvuur, Month: 7, Time: 2010-07-21 17:21</description>
            <styleUrl>#month7</styleUrl>
            <Point>
                <coordinates>15.25637309,-18.98393351,0</coordinates>
            </Point>
        </Placemark>
        <Placemark>
            <name>Duiwelsvuur - Month 7 - 2010-07-21 17:41</name>
            <description>Waterhole: Duiwelsvuur, Month: 7, Time: 2010-07-21 17:41</description>
            <styleUrl>#month7</styleUrl>
            <Point>
                <coordinates>15.25514323,-18.9862915,0</coordinates>
            </Point>
        </Placemark>
        <Placemark>
            <name>Duiwelsvuur - Month 7 - 2010-07-21 18:01</name>
            <description>Waterhole: Duiwelsvuur, Month: 7, Time: 2010-07-21 18:01</description>
            <styleUrl>#month7</styleUrl>
            <Point>
                <coordinates>15.25970968,-18.98763631,0</coordinates>
            </Point>
        </Placemark>
        <Placemark>
            <name>Duiwelsvuur - Month 7 - 2010-07-21 18:21</name>
            <description>Waterhole: Duiwelsvuur, Month: 7, Time: 2010-07-21 18:21</description>
            <styleUrl>#month7</styleUrl>
            <Point>
                <coordinates>15.26177368,-18.98835449,0</coordinates>
            </Point>
        </Placemark>
        <Placemark>
            <name>Duiwelsvuur - Month 7 - 2010-07-21 18:41</name>
            <description>Waterhole: Duiwelsvuur, Month: 7, Time: 2010-07-21 18:41</description>
            <styleUrl>#month7</styleUrl>
            <Point>
                <coordinates>15.26331584,-18.99113973,0</coordinates>
            </Point>
        </Placemark>
        <Placemark>
            <name>Duiwelsvuur - Month 7 - 2010-07-21 19:01</name>
            <description>Waterhole: Duiwelsvuur, Month: 7, Time: 2010-07-21 19:01</description>
            <styleUrl>#month7</styleUrl>
            <Point>
                <coordinates>15.26448263,-18.99529419,0</coordinates>
            </Point>
        </Placemark>
        <Placemark>
            <name>Duiwelsvuur - Month 7 - 2010-07-22 12:21</name>
            <description>Waterhole: Duiwelsvuur, Month: 7, Time: 2010-07-22 12:21</description>
            <styleUrl>#month7</styleUrl>
            <Point>
                <coordinates>15.25972697,-18.98769735,0</coordinates>
            </Point>
        </Placemark>
        <Placemark>
            <name>Duiwelsvuur - Month 7 - 2010-07-22 12:41</name>
            <description>Waterhole: Duiwelsvuur, Month: 7, Time: 2010-07-22 12:41</description>
            <styleUrl>#month7</styleUrl>
            <Point>
                <coordinates>15.25980632,-18.98797404,0</coordinates>
            </Point>
        </Placemark>
        <Placemark>
            <name>Duiwelsvuur - Month 7 - 2010-07-22 13:01</name>
            <description>Waterhole: Duiwelsvuur, Month: 7, Time: 2010-07-22 13:01</description>
            <styleUrl>#month7</styleUrl>
            <Point>
                <coordinates>15.25978088,-18.98819377,0</coordinates>
            </Point>
        </Placemark>
        <Placemark>
            <name>Duiwelsvuur - Month 7 - 2010-07-22 13:21</name>
            <description>Waterhole: Duiwelsvuur, Month: 7, Time: 2010-07-22 13:21</description>
            <styleUrl>#month7</styleUrl>
            <Point>
                <coordinates>15.26000468,-18.98794759,0</coordinates>
            </Point>
        </Placemark>
        <Placemark>
            <name>Duiwelsvuur - Month 7 - 2010-07-22 13:41</name>
            <description>Waterhole: Duiwelsvuur, Month: 7, Time: 2010-07-22 13:41</description>
            <styleUrl>#month7</styleUrl>
            <Point>
                <coordinates>15.25998535,-18.98796387,0</coordinates>
            </Point>
        </Placemark>
        <Placemark>
            <name>Duiwelsvuur - Month 7 - 2010-07-22 14:01</name>
            <description>Waterhole: Duiwelsvuur, Month: 7, Time: 2010-07-22 14:01</description>
            <styleUrl>#month7</styleUrl>
            <Point>
                <coordinates>15.25968933,-18.98763631,0</coordinates>
            </Point>
        </Placemark>
        <Placemark>
            <name>Duiwelsvuur - Month 7 - 2010-07-22 14:21</name>
            <description>Waterhole: Duiwelsvuur, Month: 7, Time: 2010-07-22 14:21</description>
            <styleUrl>#month7</styleUrl>
            <Point>
                <coordinates>15.25969849,-18.98765055,0</coordinates>
            </Point>
        </Placemark>
        <Placemark>
            <name>Duiwelsvuur - Month 7 - 2010-07-22 14:41</name>
            <description>Waterhole: Duiwelsvuur, Month: 7, Time: 2010-07-22 14:41</description>
            <styleUrl>#month7</styleUrl>
            <Point>
                <coordinates>15.2596639,-18.98770955,0</coordinates>
            </Point>
        </Placemark>
        <Placemark>
            <name>Duiwelsvuur - Month 7 - 2010-07-22 15:01</name>
            <description>Waterhole: Duiwelsvuur, Month: 7, Time: 2010-07-22 15:01</description>
            <styleUrl>#month7</styleUrl>
            <Point>
                <coordinates>15.26133219,-18.98555094,0</coordinates>
            </Point>
        </Placemark>
        <Placemark>
            <name>Duiwelsvuur - Month 7 - 2010-07-22 15:21</name>
            <description>Waterhole: Duiwelsvuur, Month: 7, Time: 2010-07-22 15:21</description>
            <styleUrl>#month7</styleUrl>
            <Point>
                <coordinates>15.26281433,-18.98325602,0</coordinates>
            </Point>
        </Placemark>
        <Placemark>
            <name>Duiwelsvuur - Month 7 - 2010-07-23 10:41</name>
            <description>Waterhole: Duiwelsvuur, Month: 7, Time: 2010-07-23 10:41</description>
            <styleUrl>#month7</styleUrl>
            <Point>
                <coordinates>15.26840108,-18.98585205,0</coordinates>
            </Point>
        </Placemark>
        <Placemark>
            <name>Duiwelsvuur - Month 7 - 2010-07-23 11:01</name>
            <description>Waterhole: Duiwelsvuur, Month: 7, Time: 2010-07-23 11:01</description>
            <styleUrl>#month7</styleUrl>
            <Point>
                <coordinates>15.25977071,-18.98770345,0</coordinates>
            </Point>
        </Placemark>
        <Placemark>
            <name>Duiwelsvuur - Month 7 - 2010-07-23 11:21</name>
            <description>Waterhole: Duiwelsvuur, Month: 7, Time: 2010-07-23 11:21</description>
            <styleUrl>#month7</styleUrl>
            <Point>
                <coordinates>15.25970968,-18.98763428,0</coordinates>
            </Point>
        </Placemark>
        <Placemark>
            <name>Duiwelsvuur - Month 7 - 2010-07-23 11:41</name>
            <description>Waterhole: Duiwelsvuur, Month: 7, Time: 2010-07-23 11:41</description>
            <styleUrl>#month7</styleUrl>
            <Point>
                <coordinates>15.26013184,-18.98853149,0</coordinates>
            </Point>
        </Placemark>
        <Placemark>
            <name>Duiwelsvuur - Month 7 - 2010-07-23 12:01</name>
            <description>Waterhole: Duiwelsvuur, Month: 7, Time: 2010-07-23 12:01</description>
            <styleUrl>#month7</styleUrl>
            <Point>
                <coordinates>15.26173096,-18.98851725,0</coordinates>
            </Point>
        </Placemark>
        <Placemark>
            <name>Duiwelsvuur - Month 7 - 2010-07-23 12:21</name>
            <description>Waterhole: Duiwelsvuur, Month: 7, Time: 2010-07-23 12:21</description>
            <styleUrl>#month7</styleUrl>
            <Point>
                <coordinates>15.26331685,-18.98939412,0</coordinates>
            </Point>
        </Placemark>
        <Placemark>
            <name>Duiwelsvuur - Month 7 - 2010-07-23 12:41</name>
            <description>Waterhole: Duiwelsvuur, Month: 7, Time: 2010-07-23 12:41</description>
            <styleUrl>#month7</styleUrl>
            <Point>
                <coordinates>15.26340637,-18.98946126,0</coordinates>
            </Point>
        </Placemark>
        <Placemark>
            <name>Duiwelsvuur - Month 7 - 2010-07-23 13:01</name>
            <description>Waterhole: Duiwelsvuur, Month: 7, Time: 2010-07-23 13:01</description>
            <styleUrl>#month7</styleUrl>
            <Point>
                <coordinates>15.26553752,-18.99043172,0</coordinates>
            </Point>
        </Placemark>
        <Placemark>
            <name>Duiwelsvuur - Month 7 - 2010-07-23 13:21</name>
            <description>Waterhole: Duiwelsvuur, Month: 7, Time: 2010-07-23 13:21</description>
            <styleUrl>#month7</styleUrl>
            <Point>
                <coordinates>15.26883138,-18.98908488,0</coordinates>
            </Point>
        </Placemark>
        <Placemark>
            <name>Duiwelsvuur - Month 7 - 2010-07-23 15:01</name>
            <description>Waterhole: Duiwelsvuur, Month: 7, Time: 2010-07-23 15:01</description>
            <styleUrl>#month7</styleUrl>
            <Point>
                <coordinates>15.26832174,-18.98796387,0</coordinates>
            </Point>
        </Placemark>
        <Placemark>
            <name>Duiwelsvuur - Month 7 - 2010-07-23 15:21</name>
            <description>Waterhole: Duiwelsvuur, Month: 7, Time: 2010-07-23 15:21</description>
            <styleUrl>#month7</styleUrl>
            <Point>
                <coordinates>15.26758626,-18.98844401,0</coordinates>
            </Point>
        </Placemark>
        <Placemark>
            <name>Duiwelsvuur - Month 7 - 2010-07-23 15:41</name>
            <description>Waterhole: Duiwelsvuur, Month: 7, Time: 2010-07-23 15:41</description>
            <styleUrl>#month7</styleUrl>
            <Point>
                <coordinates>15.26760457,-18.98846639,0</coordinates>
            </Point>
        </Placemark>
        <Placemark>
            <name>Duiwelsvuur - Month 7 - 2010-07-23 16:01</name>
            <description>Waterhole: Duiwelsvuur, Month: 7, Time: 2010-07-23 16:01</description>
            <styleUrl>#month7</styleUrl>
            <Point>
                <coordinates>15.267571,-18.98847453,0</coordinates>
            </Point>
        </Placemark>
        <Placemark>
            <name>Duiwelsvuur - Month 7 - 2010-07-23 16:21</name>
            <description>Waterhole: Duiwelsvuur, Month: 7, Time: 2010-07-23 16:21</description>
            <styleUrl>#month7</styleUrl>
            <Point>
                <coordinates>15.26517843,-18.99113159,0</coordinates>
            </Point>
        </Placemark>
        <Placemark>
            <name>Duiwelsvuur - Month 7 - 2010-07-24 10:01</name>
            <description>Waterhole: Duiwelsvuur, Month: 7, Time: 2010-07-24 10:01</description>
            <styleUrl>#month7</styleUrl>
            <Point>
                <coordinates>15.25936076,-18.99558512,0</coordinates>
            </Point>
        </Placemark>
        <Placemark>
            <name>Duiwelsvuur - Month 7 - 2010-07-24 10:21</name>
            <description>Waterhole: Duiwelsvuur, Month: 7, Time: 2010-07-24 10:21</description>
            <styleUrl>#month7</styleUrl>
            <Point>
                <coordinates>15.25942688,-18.99314372,0</coordinates>
            </Point>
        </Placemark>
        <Placemark>
            <name>Duiwelsvuur - Month 7 - 2010-07-24 10:41</name>
            <description>Waterhole: Duiwelsvuur, Month: 7, Time: 2010-07-24 10:41</description>
            <styleUrl>#month7</styleUrl>
            <Point>
                <coordinates>15.25951233,-18.98835449,0</coordinates>
            </Point>
        </Placemark>
        <Placemark>
            <name>Duiwelsvuur - Month 7 - 2010-07-24 11:01</name>
            <description>Waterhole: Duiwelsvuur, Month: 7, Time: 2010-07-24 11:01</description>
            <styleUrl>#month7</styleUrl>
            <Point>
                <coordinates>15.25949504,-18.98802694,0</coordinates>
            </Point>
        </Placemark>
        <Placemark>
            <name>Duiwelsvuur - Month 7 - 2010-07-24 11:21</name>
            <description>Waterhole: Duiwelsvuur, Month: 7, Time: 2010-07-24 11:21</description>
            <styleUrl>#month7</styleUrl>
            <Point>
                <coordinates>15.25962728,-18.98777466,0</coordinates>
            </Point>
        </Placemark>
        <Placemark>
            <name>Duiwelsvuur - Month 7 - 2010-07-24 11:41</name>
            <description>Waterhole: Duiwelsvuur, Month: 7, Time: 2010-07-24 11:41</description>
            <styleUrl>#month7</styleUrl>
            <Point>
                <coordinates>15.25991109,-18.98811239,0</coordinates>
            </Point>
        </Placemark>
        <Placemark>
            <name>Duiwelsvuur - Month 7 - 2010-07-24 12:01</name>
            <description>Waterhole: Duiwelsvuur, Month: 7, Time: 2010-07-24 12:01</description>
            <styleUrl>#month7</styleUrl>
            <Point>
                <coordinates>15.25968323,-18.98766683,0</coordinates>
            </Point>
        </Placemark>
        <Placemark>
            <name>Duiwelsvuur - Month 7 - 2010-07-24 12:21</name>
            <description>Waterhole: Duiwelsvuur, Month: 7, Time: 2010-07-24 12:21</description>
            <styleUrl>#month7</styleUrl>
            <Point>
                <coordinates>15.25972087,-18.98765259,0</coordinates>
            </Point>
        </Placemark>
        <Placemark>
            <name>Duiwelsvuur - Month 7 - 2010-07-24 12:41</name>
            <description>Waterhole: Duiwelsvuur, Month: 7, Time: 2010-07-24 12:41</description>
            <styleUrl>#month7</styleUrl>
            <Point>
                <coordinates>15.2596934,-18.98759562,0</coordinates>
            </Point>
        </Placemark>
        <Placemark>
            <name>Duiwelsvuur - Month 7 - 2010-07-24 13:01</name>
            <description>Waterhole: Duiwelsvuur, Month: 7, Time: 2010-07-24 13:01</description>
            <styleUrl>#month7</styleUrl>
            <Point>
                <coordinates>15.25973104,-18.98767293,0</coordinates>
            </Point>
        </Placemark>
        <Placemark>
            <name>Duiwelsvuur - Month 7 - 2010-07-24 13:21</name>
            <description>Waterhole: Duiwelsvuur, Month: 7, Time: 2010-07-24 13:21</description>
            <styleUrl>#month7</styleUrl>
            <Point>
                <coordinates>15.26019185,-18.98680623,0</coordinates>
            </Point>
        </Placemark>
        <Placemark>
            <name>Duiwelsvuur - Month 7 - 2010-07-24 13:40</name>
            <description>Waterhole: Duiwelsvuur, Month: 7, Time: 2010-07-24 13:40</description>
            <styleUrl>#month7</styleUrl>
            <Point>
                <coordinates>15.26463521,-18.98518066,0</coordinates>
            </Point>
        </Placemark>
        <Placemark>
            <name>Duiwelsvuur - Month 7 - 2010-07-24 14:01</name>
            <description>Waterhole: Duiwelsvuur, Month: 7, Time: 2010-07-24 14:01</description>
            <styleUrl>#month7</styleUrl>
            <Point>
                <coordinates>15.26511434,-18.98497721,0</coordinates>
            </Point>
        </Placemark>
        <Placemark>
            <name>Duiwelsvuur - Month 7 - 2010-07-24 14:21</name>
            <description>Waterhole: Duiwelsvuur, Month: 7, Time: 2010-07-24 14:21</description>
            <styleUrl>#month7</styleUrl>
            <Point>
                <coordinates>15.26736857,-18.98361003,0</coordinates>
            </Point>
        </Placemark>
        <Placemark>
            <name>Duiwelsvuur - Month 7 - 2010-07-25 09:41</name>
            <description>Waterhole: Duiwelsvuur, Month: 7, Time: 2010-07-25 09:41</description>
            <styleUrl>#month7</styleUrl>
            <Point>
                <coordinates>15.26168722,-18.97965291,0</coordinates>
            </Point>
        </Placemark>
        <Placemark>
            <name>Duiwelsvuur - Month 7 - 2010-07-25 10:01</name>
            <description>Waterhole: Duiwelsvuur, Month: 7, Time: 2010-07-25 10:01</description>
            <styleUrl>#month7</styleUrl>
            <Point>
                <coordinates>15.2606486,-18.98345337,0</coordinates>
            </Point>
        </Placemark>
        <Placemark>
            <name>Duiwelsvuur - Month 7 - 2010-07-25 10:21</name>
            <description>Waterhole: Duiwelsvuur, Month: 7, Time: 2010-07-25 10:21</description>
            <styleUrl>#month7</styleUrl>
            <Point>
                <coordinates>15.25972799,-18.98763835,0</coordinates>
            </Point>
        </Placemark>
        <Placemark>
            <name>Duiwelsvuur - Month 7 - 2010-07-25 10:41</name>
            <description>Waterhole: Duiwelsvuur, Month: 7, Time: 2010-07-25 10:41</description>
            <styleUrl>#month7</styleUrl>
            <Point>
                <coordinates>15.25977275,-18.98763428,0</coordinates>
            </Point>
        </Placemark>
        <Placemark>
            <name>Duiwelsvuur - Month 7 - 2010-07-25 11:01</name>
            <description>Waterhole: Duiwelsvuur, Month: 7, Time: 2010-07-25 11:01</description>
            <styleUrl>#month7</styleUrl>
            <Point>
                <coordinates>15.25963338,-18.98799845,0</coordinates>
            </Point>
        </Placemark>
        <Placemark>
            <name>Duiwelsvuur - Month 7 - 2010-07-25 11:21</name>
            <description>Waterhole: Duiwelsvuur, Month: 7, Time: 2010-07-25 11:21</description>
            <styleUrl>#month7</styleUrl>
            <Point>
                <coordinates>15.25971578,-18.98801676,0</coordinates>
            </Point>
        </Placemark>
        <Placemark>
            <name>Duiwelsvuur - Month 7 - 2010-07-25 11:41</name>
            <description>Waterhole: Duiwelsvuur, Month: 7, Time: 2010-07-25 11:41</description>
            <styleUrl>#month7</styleUrl>
            <Point>
                <coordinates>15.25972493,-18.98803711,0</coordinates>
            </Point>
        </Placemark>
        <Placemark>
            <name>Duiwelsvuur - Month 7 - 2010-07-25 12:01</name>
            <description>Waterhole: Duiwelsvuur, Month: 7, Time: 2010-07-25 12:01</description>
            <styleUrl>#month7</styleUrl>
            <Point>
                <coordinates>15.25972087,-18.98764038,0</coordinates>
            </Point>
        </Placemark>
        <Placemark>
            <name>Duiwelsvuur - Month 7 - 2010-07-25 12:21</name>
            <description>Waterhole: Duiwelsvuur, Month: 7, Time: 2010-07-25 12:21</description>
            <styleUrl>#month7</styleUrl>
            <Point>
                <coordinates>15.25980733,-18.98761393,0</coordinates>
            </Point>
        </Placemark>
        <Placemark>
            <name>Duiwelsvuur - Month 7 - 2010-07-25 12:41</name>
            <description>Waterhole: Duiwelsvuur, Month: 7, Time: 2010-07-25 12:41</description>
            <styleUrl>#month7</styleUrl>
            <Point>
                <coordinates>15.25981954,-18.98764648,0</coordinates>
            </Point>
        </Placemark>
        <Placemark>
            <name>Duiwelsvuur - Month 7 - 2010-07-25 13:01</name>
            <description>Waterhole: Duiwelsvuur, Month: 7, Time: 2010-07-25 13:01</description>
            <styleUrl>#month7</styleUrl>
            <Point>
                <coordinates>15.26104635,-18.98733317,0</coordinates>
            </Point>
        </Placemark>
        <Placemark>
            <name>Duiwelsvuur - Month 7 - 2010-07-25 13:21</name>
            <description>Waterhole: Duiwelsvuur, Month: 7, Time: 2010-07-25 13:21</description>
            <styleUrl>#month7</styleUrl>
            <Point>
                <coordinates>15.26317546,-18.98719279,0</coordinates>
            </Point>
        </Placemark>
        <Placemark>
            <name>Duiwelsvuur - Month 7 - 2010-07-25 13:41</name>
            <description>Waterhole: Duiwelsvuur, Month: 7, Time: 2010-07-25 13:41</description>
            <styleUrl>#month7</styleUrl>
            <Point>
                <coordinates>15.26563314,-18.98673096,0</coordinates>
            </Point>
        </Placemark>
        <Placemark>
            <name>Duiwelsvuur - Month 7 - 2010-07-26 09:21</name>
            <description>Waterhole: Duiwelsvuur, Month: 7, Time: 2010-07-26 09:21</description>
            <styleUrl>#month7</styleUrl>
            <Point>
                <coordinates>15.25854696,-18.98939006,0</coordinates>
            </Point>
        </Placemark>
        <Placemark>
            <name>Duiwelsvuur - Month 7 - 2010-07-26 09:41</name>
            <description>Waterhole: Duiwelsvuur, Month: 7, Time: 2010-07-26 09:41</description>
            <styleUrl>#month7</styleUrl>
            <Point>
                <coordinates>15.25973409,-18.98765259,0</coordinates>
            </Point>
        </Placemark>
        <Placemark>
            <name>Duiwelsvuur - Month 7 - 2010-07-26 10:01</name>
            <description>Waterhole: Duiwelsvuur, Month: 7, Time: 2010-07-26 10:01</description>
            <styleUrl>#month7</styleUrl>
            <Point>
                <coordinates>15.25966593,-18.98764242,0</coordinates>
            </Point>
        </Placemark>
        <Placemark>
            <name>Duiwelsvuur - Month 7 - 2010-07-26 10:21</name>
            <description>Waterhole: Duiwelsvuur, Month: 7, Time: 2010-07-26 10:21</description>
            <styleUrl>#month7</styleUrl>
            <Point>
                <coordinates>15.25982157,-18.98780721,0</coordinates>
            </Point>
        </Placemark>
        <Placemark>
            <name>Duiwelsvuur - Month 7 - 2010-07-26 10:41</name>
            <description>Waterhole: Duiwelsvuur, Month: 7, Time: 2010-07-26 10:41</description>
            <styleUrl>#month7</styleUrl>
            <Point>
                <coordinates>15.25982056,-18.9881368,0</coordinates>
            </Point>
        </Placemark>
        <Placemark>
            <name>Duiwelsvuur - Month 7 - 2010-07-26 11:01</name>
            <description>Waterhole: Duiwelsvuur, Month: 7, Time: 2010-07-26 11:01</description>
            <styleUrl>#month7</styleUrl>
            <Point>
                <coordinates>15.26172892,-18.98853353,0</coordinates>
            </Point>
        </Placemark>
        <Placemark>
            <name>Duiwelsvuur - Month 7 - 2010-07-26 11:21</name>
            <description>Waterhole: Duiwelsvuur, Month: 7, Time: 2010-07-26 11:21</description>
            <styleUrl>#month7</styleUrl>
            <Point>
                <coordinates>15.26174215,-18.98852539,0</coordinates>
            </Point>
        </Placemark>
        <Placemark>
            <name>Duiwelsvuur - Month 7 - 2010-07-26 11:41</name>
            <description>Waterhole: Duiwelsvuur, Month: 7, Time: 2010-07-26 11:41</description>
            <styleUrl>#month7</styleUrl>
            <Point>
                <coordinates>15.2617391,-18.9885498,0</coordinates>
            </Point>
        </Placemark>
        <Placemark>
            <name>Duiwelsvuur - Month 7 - 2010-07-26 12:01</name>
            <description>Waterhole: Duiwelsvuur, Month: 7, Time: 2010-07-26 12:01</description>
            <styleUrl>#month7</styleUrl>
            <Point>
                <coordinates>15.2615448,-18.987677,0</coordinates>
            </Point>
        </Placemark>
        <Placemark>
            <name>Duiwelsvuur - Month 7 - 2010-07-26 12:21</name>
            <description>Waterhole: Duiwelsvuur, Month: 7, Time: 2010-07-26 12:21</description>
            <styleUrl>#month7</styleUrl>
            <Point>
                <coordinates>15.26101888,-18.98728434,0</coordinates>
            </Point>
        </Placemark>
        <Placemark>
            <name>Duiwelsvuur - Month 7 - 2010-07-26 12:41</name>
            <description>Waterhole: Duiwelsvuur, Month: 7, Time: 2010-07-26 12:41</description>
            <styleUrl>#month7</styleUrl>
            <Point>
                <coordinates>15.26083272,-18.98730876,0</coordinates>
            </Point>
        </Placemark>
        <Placemark>
            <name>Duiwelsvuur - Month 7 - 2010-07-26 13:01</name>
            <description>Waterhole: Duiwelsvuur, Month: 7, Time: 2010-07-26 13:01</description>
            <styleUrl>#month7</styleUrl>
            <Point>
                <coordinates>15.26240845,-18.98704834,0</coordinates>
            </Point>
        </Placemark>
        <Placemark>
            <name>Duiwelsvuur - Month 7 - 2010-07-26 13:21</name>
            <description>Waterhole: Duiwelsvuur, Month: 7, Time: 2010-07-26 13:21</description>
            <styleUrl>#month7</styleUrl>
            <Point>
                <coordinates>15.26222534,-18.98703003,0</coordinates>
            </Point>
        </Placemark>
        <Placemark>
            <name>Duiwelsvuur - Month 7 - 2010-07-26 13:41</name>
            <description>Waterhole: Duiwelsvuur, Month: 7, Time: 2010-07-26 13:41</description>
            <styleUrl>#month7</styleUrl>
            <Point>
                <coordinates>15.26207174,-18.98694661,0</coordinates>
            </Point>
        </Placemark>
        <Placemark>
            <name>Duiwelsvuur - Month 7 - 2010-07-26 14:01</name>
            <description>Waterhole: Duiwelsvuur, Month: 7, Time: 2010-07-26 14:01</description>
            <styleUrl>#month7</styleUrl>
            <Point>
                <coordinates>15.26153056,-18.98694865,0</coordinates>
            </Point>
        </Placemark>
        <Placemark>
            <name>Duiwelsvuur - Month 7 - 2010-07-26 14:21</name>
            <description>Waterhole: Duiwelsvuur, Month: 7, Time: 2010-07-26 14:21</description>
            <styleUrl>#month7</styleUrl>
            <Point>
                <coordinates>15.26092122,-18.98706665,0</coordinates>
            </Point>
        </Placemark>
        <Placemark>
            <name>Duiwelsvuur - Month 7 - 2010-07-26 14:41</name>
            <description>Waterhole: Duiwelsvuur, Month: 7, Time: 2010-07-26 14:41</description>
            <styleUrl>#month7</styleUrl>
            <Point>
                <coordinates>15.26070557,-18.98708903,0</coordinates>
            </Point>
        </Placemark>
        <Placemark>
            <name>Duiwelsvuur - Month 7 - 2010-07-26 15:01</name>
            <description>Waterhole: Duiwelsvuur, Month: 7, Time: 2010-07-26 15:01</description>
            <styleUrl>#month7</styleUrl>
            <Point>
                <coordinates>15.26399028,-18.98589478,0</coordinates>
            </Point>
        </Placemark>
        <Placemark>
            <name>Sonderkop waterhole - Month 7 - 2010-07-26 23:01</name>
            <description>Waterhole: Sonderkop waterhole, Month: 7, Time: 2010-07-26 23:01</description>
            <styleUrl>#month7</styleUrl>
            <Point>
                <coordinates>15.3238973,-18.97035522,0</coordinates>
            </Point>
        </Placemark>
        <Placemark>
            <name>Sonderkop waterhole - Month 7 - 2010-07-26 23:21</name>
            <description>Waterhole: Sonderkop waterhole, Month: 7, Time: 2010-07-26 23:21</description>
            <styleUrl>#month7</styleUrl>
            <Point>
                <coordinates>15.33062236,-18.97010905,0</coordinates>
            </Point>
        </Placemark>
        <Placemark>
            <name>Sonderkop waterhole - Month 7 - 2010-07-28 12:41</name>
            <description>Waterhole: Sonderkop waterhole, Month: 7, Time: 2010-07-28 12:41</description>
            <styleUrl>#month7</styleUrl>
            <Point>
                <coordinates>15.32819316,-18.96895142,0</coordinates>
            </Point>
        </Placemark>
        <Placemark>
            <name>Sonderkop waterhole - Month 7 - 2010-07-28 13:01</name>
            <description>Waterhole: Sonderkop waterhole, Month: 7, Time: 2010-07-28 13:01</description>
            <styleUrl>#month7</styleUrl>
            <Point>
                <coordinates>15.32819722,-18.96896362,0</coordinates>
            </Point>
        </Placemark>
        <Placemark>
            <name>Sonderkop waterhole - Month 7 - 2010-07-28 13:21</name>
            <description>Waterhole: Sonderkop waterhole, Month: 7, Time: 2010-07-28 13:21</description>
            <styleUrl>#month7</styleUrl>
            <Point>
                <coordinates>15.32758586,-18.97192179,0</coordinates>
            </Point>
        </Placemark>
        <Placemark>
            <name>Sonderkop waterhole - Month 7 - 2010-07-28 16:01</name>
            <description>Waterhole: Sonderkop waterhole, Month: 7, Time: 2010-07-28 16:01</description>
            <styleUrl>#month7</styleUrl>
            <Point>
                <coordinates>15.33137004,-18.97436117,0</coordinates>
            </Point>
        </Placemark>
        <Placemark>
            <name>Sonderkop waterhole - Month 7 - 2010-07-28 16:21</name>
            <description>Waterhole: Sonderkop waterhole, Month: 7, Time: 2010-07-28 16:21</description>
            <styleUrl>#month7</styleUrl>
            <Point>
                <coordinates>15.32835185,-18.96876628,0</coordinates>
            </Point>
        </Placemark>
        <Placemark>
            <name>Sonderkop waterhole - Month 7 - 2010-07-28 16:41</name>
            <description>Waterhole: Sonderkop waterhole, Month: 7, Time: 2010-07-28 16:41</description>
            <styleUrl>#month7</styleUrl>
            <Point>
                <coordinates>15.33074544,-18.96695557,0</coordinates>
            </Point>
        </Placemark>
        <Placemark>
            <name>Sonderkop waterhole - Month 7 - 2010-07-28 17:01</name>
            <description>Waterhole: Sonderkop waterhole, Month: 7, Time: 2010-07-28 17:01</description>
            <styleUrl>#month7</styleUrl>
            <Point>
                <coordinates>15.33013814,-18.96690063,0</coordinates>
            </Point>
        </Placemark>
        <Placemark>
            <name>Sonderkop waterhole - Month 7 - 2010-07-28 17:21</name>
            <description>Waterhole: Sonderkop waterhole, Month: 7, Time: 2010-07-28 17:21</description>
            <styleUrl>#month7</styleUrl>
            <Point>
                <coordinates>15.33157145,-18.96662801,0</coordinates>
            </Point>
        </Placemark>
        <Placemark>
            <name>Sonderkop waterhole - Month 7 - 2010-07-28 17:41</name>
            <description>Waterhole: Sonderkop waterhole, Month: 7, Time: 2010-07-28 17:41</description>
            <styleUrl>#month7</styleUrl>
            <Point>
                <coordinates>15.3319397,-18.96666667,0</coordinates>
            </Point>
        </Placemark>
        <Placemark>
            <name>Sonderkop waterhole - Month 7 - 2010-07-28 18:01</name>
            <description>Waterhole: Sonderkop waterhole, Month: 7, Time: 2010-07-28 18:01</description>
            <styleUrl>#month7</styleUrl>
            <Point>
                <coordinates>15.33171183,-18.968632,0</coordinates>
            </Point>
        </Placemark>
        <Placemark>
            <name>Sonderkop waterhole - Month 7 - 2010-07-28 18:21</name>
            <description>Waterhole: Sonderkop waterhole, Month: 7, Time: 2010-07-28 18:21</description>
            <styleUrl>#month7</styleUrl>
            <Point>
                <coordinates>15.33152059,-18.96898804,0</coordinates>
            </Point>
        </Placemark>
        <Placemark>
            <name>Sonderkop waterhole - Month 7 - 2010-07-28 18:41</name>
            <description>Waterhole: Sonderkop waterhole, Month: 7, Time: 2010-07-28 18:41</description>
            <styleUrl>#month7</styleUrl>
            <Point>
                <coordinates>15.33116048,-18.96920369,0</coordinates>
            </Point>
        </Placemark>
        <Placemark>
            <name>Sonderkop waterhole - Month 7 - 2010-07-28 19:01</name>
            <description>Waterhole: Sonderkop waterhole, Month: 7, Time: 2010-07-28 19:01</description>
            <styleUrl>#month7</styleUrl>
            <Point>
                <coordinates>15.32972616,-18.96962077,0</coordinates>
            </Point>
        </Placemark>
        <Placemark>
            <name>Sonderkop waterhole - Month 7 - 2010-07-28 19:21</name>
            <description>Waterhole: Sonderkop waterhole, Month: 7, Time: 2010-07-28 19:21</description>
            <styleUrl>#month7</styleUrl>
            <Point>
                <coordinates>15.32821147,-18.96895549,0</coordinates>
            </Point>
        </Placemark>
        <Placemark>
            <name>Sonderkop waterhole - Month 7 - 2010-07-28 19:41</name>
            <description>Waterhole: Sonderkop waterhole, Month: 7, Time: 2010-07-28 19:41</description>
            <styleUrl>#month7</styleUrl>
            <Point>
                <coordinates>15.32864583,-18.96973063,0</coordinates>
            </Point>
        </Placemark>
        <Placemark>
            <name>Sonderkop waterhole - Month 7 - 2010-07-28 20:01</name>
            <description>Waterhole: Sonderkop waterhole, Month: 7, Time: 2010-07-28 20:01</description>
            <styleUrl>#month7</styleUrl>
            <Point>
                <coordinates>15.33299764,-18.97423706,0</coordinates>
            </Point>
        </Placemark>
        <Placemark>
            <name>Sonderkop waterhole - Month 7 - 2010-07-29 11:01</name>
            <description>Waterhole: Sonderkop waterhole, Month: 7, Time: 2010-07-29 11:01</description>
            <styleUrl>#month7</styleUrl>
            <Point>
                <coordinates>15.3245107,-18.97536825,0</coordinates>
            </Point>
        </Placemark>
        <Placemark>
            <name>Sonderkop waterhole - Month 7 - 2010-07-29 11:21</name>
            <description>Waterhole: Sonderkop waterhole, Month: 7, Time: 2010-07-29 11:21</description>
            <styleUrl>#month7</styleUrl>
            <Point>
                <coordinates>15.32822469,-18.96900838,0</coordinates>
            </Point>
        </Placemark>
        <Placemark>
            <name>Sonderkop waterhole - Month 7 - 2010-07-29 11:41</name>
            <description>Waterhole: Sonderkop waterhole, Month: 7, Time: 2010-07-29 11:41</description>
            <styleUrl>#month7</styleUrl>
            <Point>
                <coordinates>15.32819722,-18.96896769,0</coordinates>
            </Point>
        </Placemark>
        <Placemark>
            <name>Sonderkop waterhole - Month 7 - 2010-07-29 12:01</name>
            <description>Waterhole: Sonderkop waterhole, Month: 7, Time: 2010-07-29 12:01</description>
            <styleUrl>#month7</styleUrl>
            <Point>
                <coordinates>15.3281484,-18.97154948,0</coordinates>
            </Point>
        </Placemark>
        <Placemark>
            <name>Sonderkop waterhole - Month 7 - 2010-07-29 12:21</name>
            <description>Waterhole: Sonderkop waterhole, Month: 7, Time: 2010-07-29 12:21</description>
            <styleUrl>#month7</styleUrl>
            <Point>
                <coordinates>15.32878825,-18.97170614,0</coordinates>
            </Point>
        </Placemark>
        <Placemark>
            <name>Sonderkop waterhole - Month 7 - 2010-07-29 12:41</name>
            <description>Waterhole: Sonderkop waterhole, Month: 7, Time: 2010-07-29 12:41</description>
            <styleUrl>#month7</styleUrl>
            <Point>
                <coordinates>15.32877706,-18.97172648,0</coordinates>
            </Point>
        </Placemark>
        <Placemark>
            <name>Sonderkop waterhole - Month 7 - 2010-07-29 13:01</name>
            <description>Waterhole: Sonderkop waterhole, Month: 7, Time: 2010-07-29 13:01</description>
            <styleUrl>#month7</styleUrl>
            <Point>
                <coordinates>15.33110352,-18.97474162,0</coordinates>
            </Point>
        </Placemark>
        <Placemark>
            <name>Sonderkop waterhole - Month 7 - 2010-07-30 15:41</name>
            <description>Waterhole: Sonderkop waterhole, Month: 7, Time: 2010-07-30 15:41</description>
            <styleUrl>#month7</styleUrl>
            <Point>
                <coordinates>15.33620097,-18.96969808,0</coordinates>
            </Point>
        </Placemark>
        <Placemark>
            <name>Sonderkop waterhole - Month 7 - 2010-07-30 16:01</name>
            <description>Waterhole: Sonderkop waterhole, Month: 7, Time: 2010-07-30 16:01</description>
            <styleUrl>#month7</styleUrl>
            <Point>
                <coordinates>15.32825623,-18.96898193,0</coordinates>
            </Point>
        </Placemark>
        <Placemark>
            <name>Sonderkop waterhole - Month 7 - 2010-07-30 16:21</name>
            <description>Waterhole: Sonderkop waterhole, Month: 7, Time: 2010-07-30 16:21</description>
            <styleUrl>#month7</styleUrl>
            <Point>
                <coordinates>15.32813924,-18.96912231,0</coordinates>
            </Point>
        </Placemark>
        <Placemark>
            <name>Sonderkop waterhole - Month 7 - 2010-07-30 16:41</name>
            <description>Waterhole: Sonderkop waterhole, Month: 7, Time: 2010-07-30 16:41</description>
            <styleUrl>#month7</styleUrl>
            <Point>
                <coordinates>15.3280426,-18.9689799,0</coordinates>
            </Point>
        </Placemark>
        <Placemark>
            <name>Sonderkop waterhole - Month 7 - 2010-07-30 17:01</name>
            <description>Waterhole: Sonderkop waterhole, Month: 7, Time: 2010-07-30 17:01</description>
            <styleUrl>#month7</styleUrl>
            <Point>
                <coordinates>15.32803955,-18.9689738,0</coordinates>
            </Point>
        </Placemark>
        <Placemark>
            <name>Sonderkop waterhole - Month 7 - 2010-07-30 17:21</name>
            <description>Waterhole: Sonderkop waterhole, Month: 7, Time: 2010-07-30 17:21</description>
            <styleUrl>#month7</styleUrl>
            <Point>
                <coordinates>15.3293396,-18.96856283,0</coordinates>
            </Point>
        </Placemark>
        <Placemark>
            <name>Sonderkop waterhole - Month 7 - 2010-07-30 17:41</name>
            <description>Waterhole: Sonderkop waterhole, Month: 7, Time: 2010-07-30 17:41</description>
            <styleUrl>#month7</styleUrl>
            <Point>
                <coordinates>15.32829488,-18.96896973,0</coordinates>
            </Point>
        </Placemark>
        <Placemark>
            <name>Sonderkop waterhole - Month 7 - 2010-07-30 18:01</name>
            <description>Waterhole: Sonderkop waterhole, Month: 7, Time: 2010-07-30 18:01</description>
            <styleUrl>#month7</styleUrl>
            <Point>
                <coordinates>15.32834167,-18.96864827,0</coordinates>
            </Point>
        </Placemark>
        <Placemark>
            <name>Sonderkop waterhole - Month 7 - 2010-07-30 18:21</name>
            <description>Waterhole: Sonderkop waterhole, Month: 7, Time: 2010-07-30 18:21</description>
            <styleUrl>#month7</styleUrl>
            <Point>
                <coordinates>15.33410034,-18.96712036,0</coordinates>
            </Point>
        </Placemark>
        <Placemark>
            <name>Sonderkop waterhole - Month 7 - 2010-07-31 16:21</name>
            <description>Waterhole: Sonderkop waterhole, Month: 7, Time: 2010-07-31 16:21</description>
            <styleUrl>#month7</styleUrl>
            <Point>
                <coordinates>15.33326009,-18.97118123,0</coordinates>
            </Point>
        </Placemark>
        <Placemark>
            <name>Sonderkop waterhole - Month 7 - 2010-07-31 16:41</name>
            <description>Waterhole: Sonderkop waterhole, Month: 7, Time: 2010-07-31 16:41</description>
            <styleUrl>#month7</styleUrl>
            <Point>
                <coordinates>15.32818909,-18.96895955,0</coordinates>
            </Point>
        </Placemark>
        <Placemark>
            <name>Sonderkop waterhole - Month 7 - 2010-07-31 17:01</name>
            <description>Waterhole: Sonderkop waterhole, Month: 7, Time: 2010-07-31 17:01</description>
            <styleUrl>#month7</styleUrl>
            <Point>
                <coordinates>15.32810771,-18.96905721,0</coordinates>
            </Point>
        </Placemark>
        <Placemark>
            <name>Sonderkop waterhole - Month 7 - 2010-07-31 17:21</name>
            <description>Waterhole: Sonderkop waterhole, Month: 7, Time: 2010-07-31 17:21</description>
            <styleUrl>#month7</styleUrl>
            <Point>
                <coordinates>15.3304067,-18.96637777,0</coordinates>
            </Point>
        </Placemark>
        <Placemark>
            <name>Sonderkop waterhole - Month 7 - 2010-07-31 17:41</name>
            <description>Waterhole: Sonderkop waterhole, Month: 7, Time: 2010-07-31 17:41</description>
            <styleUrl>#month7</styleUrl>
            <Point>
                <coordinates>15.3336141,-18.96285197,0</coordinates>
            </Point>
        </Placemark>
        <Placemark>
            <name>Sonderkop waterhole - Month 8 - 2010-08-01 16:41</name>
            <description>Waterhole: Sonderkop waterhole, Month: 8, Time: 2010-08-01 16:41</description>
            <styleUrl>#month8</styleUrl>
            <Point>
                <coordinates>15.33424072,-18.97398478,0</coordinates>
            </Point>
        </Placemark>
        <Placemark>
            <name>Sonderkop waterhole - Month 8 - 2010-08-01 17:01</name>
            <description>Waterhole: Sonderkop waterhole, Month: 8, Time: 2010-08-01 17:01</description>
            <styleUrl>#month8</styleUrl>
            <Point>
                <coordinates>15.32888896,-18.97004395,0</coordinates>
            </Point>
        </Placemark>
        <Placemark>
            <name>Sonderkop waterhole - Month 8 - 2010-08-01 17:21</name>
            <description>Waterhole: Sonderkop waterhole, Month: 8, Time: 2010-08-01 17:21</description>
            <styleUrl>#month8</styleUrl>
            <Point>
                <coordinates>15.32798055,-18.968632,0</coordinates>
            </Point>
        </Placemark>
        <Placemark>
            <name>Sonderkop waterhole - Month 8 - 2010-08-01 17:41</name>
            <description>Waterhole: Sonderkop waterhole, Month: 8, Time: 2010-08-01 17:41</description>
            <styleUrl>#month8</styleUrl>
            <Point>
                <coordinates>15.32992757,-18.96426188,0</coordinates>
            </Point>
        </Placemark>
        <Placemark>
            <name>Sonderkop waterhole - Month 8 - 2010-08-01 18:01</name>
            <description>Waterhole: Sonderkop waterhole, Month: 8, Time: 2010-08-01 18:01</description>
            <styleUrl>#month8</styleUrl>
            <Point>
                <coordinates>15.33107503,-18.96259155,0</coordinates>
            </Point>
        </Placemark>
        <Placemark>
            <name>Sonderkop waterhole - Month 8 - 2010-08-02 17:01</name>
            <description>Waterhole: Sonderkop waterhole, Month: 8, Time: 2010-08-02 17:01</description>
            <styleUrl>#month8</styleUrl>
            <Point>
                <coordinates>15.33390808,-18.96807454,0</coordinates>
            </Point>
        </Placemark>
        <Placemark>
            <name>Sonderkop waterhole - Month 8 - 2010-08-02 17:21</name>
            <description>Waterhole: Sonderkop waterhole, Month: 8, Time: 2010-08-02 17:21</description>
            <styleUrl>#month8</styleUrl>
            <Point>
                <coordinates>15.32820129,-18.96896566,0</coordinates>
            </Point>
        </Placemark>
        <Placemark>
            <name>Sonderkop waterhole - Month 8 - 2010-08-02 17:41</name>
            <description>Waterhole: Sonderkop waterhole, Month: 8, Time: 2010-08-02 17:41</description>
            <styleUrl>#month8</styleUrl>
            <Point>
                <coordinates>15.32815959,-18.96896769,0</coordinates>
            </Point>
        </Placemark>
        <Placemark>
            <name>Sonderkop waterhole - Month 8 - 2010-08-02 18:01</name>
            <description>Waterhole: Sonderkop waterhole, Month: 8, Time: 2010-08-02 18:01</description>
            <styleUrl>#month8</styleUrl>
            <Point>
                <coordinates>15.32819824,-18.96896566,0</coordinates>
            </Point>
        </Placemark>
        <Placemark>
            <name>Sonderkop waterhole - Month 8 - 2010-08-02 18:21</name>
            <description>Waterhole: Sonderkop waterhole, Month: 8, Time: 2010-08-02 18:21</description>
            <styleUrl>#month8</styleUrl>
            <Point>
                <coordinates>15.3281016,-18.96887614,0</coordinates>
            </Point>
        </Placemark>
        <Placemark>
            <name>Sonderkop waterhole - Month 8 - 2010-08-02 18:41</name>
            <description>Waterhole: Sonderkop waterhole, Month: 8, Time: 2010-08-02 18:41</description>
            <styleUrl>#month8</styleUrl>
            <Point>
                <coordinates>15.33092041,-18.96527913,0</coordinates>
            </Point>
        </Placemark>
        <Placemark>
            <name>Sonderkop waterhole - Month 8 - 2010-08-02 19:01</name>
            <description>Waterhole: Sonderkop waterhole, Month: 8, Time: 2010-08-02 19:01</description>
            <styleUrl>#month8</styleUrl>
            <Point>
                <coordinates>15.33304749,-18.96331787,0</coordinates>
            </Point>
        </Placemark>
        <Placemark>
            <name>Sonderkop waterhole - Month 8 - 2010-08-03 18:01</name>
            <description>Waterhole: Sonderkop waterhole, Month: 8, Time: 2010-08-03 18:01</description>
            <styleUrl>#month8</styleUrl>
            <Point>
                <coordinates>15.32947489,-18.96763509,0</coordinates>
            </Point>
        </Placemark>
        <Placemark>
            <name>Sonderkop waterhole - Month 8 - 2010-08-03 18:21</name>
            <description>Waterhole: Sonderkop waterhole, Month: 8, Time: 2010-08-03 18:21</description>
            <styleUrl>#month8</styleUrl>
            <Point>
                <coordinates>15.32817078,-18.96895142,0</coordinates>
            </Point>
        </Placemark>
        <Placemark>
            <name>Sonderkop waterhole - Month 8 - 2010-08-03 18:41</name>
            <description>Waterhole: Sonderkop waterhole, Month: 8, Time: 2010-08-03 18:41</description>
            <styleUrl>#month8</styleUrl>
            <Point>
                <coordinates>15.3282491,-18.9690389,0</coordinates>
            </Point>
        </Placemark>
        <Placemark>
            <name>Sonderkop waterhole - Month 8 - 2010-08-03 19:01</name>
            <description>Waterhole: Sonderkop waterhole, Month: 8, Time: 2010-08-03 19:01</description>
            <styleUrl>#month8</styleUrl>
            <Point>
                <coordinates>15.33566691,-18.96797689,0</coordinates>
            </Point>
        </Placemark>
        <Placemark>
            <name>Ozonjuitji m'Bari - Month 8 - 2010-08-04 23:41</name>
            <description>Waterhole: Ozonjuitji m'Bari, Month: 8, Time: 2010-08-04 23:41</description>
            <styleUrl>#month8</styleUrl>
            <Point>
                <coordinates>15.50097148,-18.9742513,0</coordinates>
            </Point>
        </Placemark>
        <Placemark>
            <name>Ozonjuitji m'Bari - Month 8 - 2010-08-05 00:01</name>
            <description>Waterhole: Ozonjuitji m'Bari, Month: 8, Time: 2010-08-05 00:01</description>
            <styleUrl>#month8</styleUrl>
            <Point>
                <coordinates>15.50925191,-18.9795695,0</coordinates>
            </Point>
        </Placemark>
        <Placemark>
            <name>Ozonjuitji m'Bari - Month 8 - 2010-08-05 17:01</name>
            <description>Waterhole: Ozonjuitji m'Bari, Month: 8, Time: 2010-08-05 17:01</description>
            <styleUrl>#month8</styleUrl>
            <Point>
                <coordinates>15.50472514,-18.9810791,0</coordinates>
            </Point>
        </Placemark>
        <Placemark>
            <name>Ozonjuitji m'Bari - Month 8 - 2010-08-05 17:21</name>
            <description>Waterhole: Ozonjuitji m'Bari, Month: 8, Time: 2010-08-05 17:21</description>
            <styleUrl>#month8</styleUrl>
            <Point>
                <coordinates>15.50356038,-18.97666423,0</coordinates>
            </Point>
        </Placemark>
        <Placemark>
            <name>Ozonjuitji m'Bari - Month 8 - 2010-08-05 17:41</name>
            <description>Waterhole: Ozonjuitji m'Bari, Month: 8, Time: 2010-08-05 17:41</description>
            <styleUrl>#month8</styleUrl>
            <Point>
                <coordinates>15.50351766,-18.97664795,0</coordinates>
            </Point>
        </Placemark>
        <Placemark>
            <name>Ozonjuitji m'Bari - Month 8 - 2010-08-05 18:01</name>
            <description>Waterhole: Ozonjuitji m'Bari, Month: 8, Time: 2010-08-05 18:01</description>
            <styleUrl>#month8</styleUrl>
            <Point>
                <coordinates>15.50011902,-18.97117513,0</coordinates>
            </Point>
        </Placemark>
        <Placemark>
            <name>Ozonjuitji m'Bari - Month 8 - 2010-08-05 20:21</name>
            <description>Waterhole: Ozonjuitji m'Bari, Month: 8, Time: 2010-08-05 20:21</description>
            <styleUrl>#month8</styleUrl>
            <Point>
                <coordinates>15.49732564,-18.97190552,0</coordinates>
            </Point>
        </Placemark>
        <Placemark>
            <name>Ozonjuitji m'Bari - Month 8 - 2010-08-05 20:41</name>
            <description>Waterhole: Ozonjuitji m'Bari, Month: 8, Time: 2010-08-05 20:41</description>
            <styleUrl>#month8</styleUrl>
            <Point>
                <coordinates>15.50362345,-18.97653605,0</coordinates>
            </Point>
        </Placemark>
        <Placemark>
            <name>Ozonjuitji m'Bari - Month 8 - 2010-08-05 21:01</name>
            <description>Waterhole: Ozonjuitji m'Bari, Month: 8, Time: 2010-08-05 21:01</description>
            <styleUrl>#month8</styleUrl>
            <Point>
                <coordinates>15.51151225,-18.98063761,0</coordinates>
            </Point>
        </Placemark>
        <Placemark>
            <name>Ozonjuitji m'Bari - Month 8 - 2010-08-06 20:01</name>
            <description>Waterhole: Ozonjuitji m'Bari, Month: 8, Time: 2010-08-06 20:01</description>
            <styleUrl>#month8</styleUrl>
            <Point>
                <coordinates>15.50585022,-18.98107096,0</coordinates>
            </Point>
        </Placemark>
        <Placemark>
            <name>Ozonjuitji m'Bari - Month 8 - 2010-08-06 20:21</name>
            <description>Waterhole: Ozonjuitji m'Bari, Month: 8, Time: 2010-08-06 20:21</description>
            <styleUrl>#month8</styleUrl>
            <Point>
                <coordinates>15.50369771,-18.97653198,0</coordinates>
            </Point>
        </Placemark>
        <Placemark>
            <name>Ozonjuitji m'Bari - Month 8 - 2010-08-06 20:41</name>
            <description>Waterhole: Ozonjuitji m'Bari, Month: 8, Time: 2010-08-06 20:41</description>
            <styleUrl>#month8</styleUrl>
            <Point>
                <coordinates>15.50364176,-18.97650757,0</coordinates>
            </Point>
        </Placemark>
        <Placemark>
            <name>Ozonjuitji m'Bari - Month 8 - 2010-08-06 21:01</name>
            <description>Waterhole: Ozonjuitji m'Bari, Month: 8, Time: 2010-08-06 21:01</description>
            <styleUrl>#month8</styleUrl>
            <Point>
                <coordinates>15.50985921,-18.97987467,0</coordinates>
            </Point>
        </Placemark>
        <Placemark>
            <name>Ozonjuitji m'Bari - Month 8 - 2010-08-07 17:41</name>
            <description>Waterhole: Ozonjuitji m'Bari, Month: 8, Time: 2010-08-07 17:41</description>
            <styleUrl>#month8</styleUrl>
            <Point>
                <coordinates>15.50474854,-18.9812561,0</coordinates>
            </Point>
        </Placemark>
        <Placemark>
            <name>Ozonjuitji m'Bari - Month 8 - 2010-08-07 18:01</name>
            <description>Waterhole: Ozonjuitji m'Bari, Month: 8, Time: 2010-08-07 18:01</description>
            <styleUrl>#month8</styleUrl>
            <Point>
                <coordinates>15.50310974,-18.97653198,0</coordinates>
            </Point>
        </Placemark>
        <Placemark>
            <name>Ozonjuitji m'Bari - Month 8 - 2010-08-07 18:21</name>
            <description>Waterhole: Ozonjuitji m'Bari, Month: 8, Time: 2010-08-07 18:21</description>
            <styleUrl>#month8</styleUrl>
            <Point>
                <coordinates>15.50321248,-18.97650146,0</coordinates>
            </Point>
        </Placemark>
        <Placemark>
            <name>Ozonjuitji m'Bari - Month 8 - 2010-08-07 18:41</name>
            <description>Waterhole: Ozonjuitji m'Bari, Month: 8, Time: 2010-08-07 18:41</description>
            <styleUrl>#month8</styleUrl>
            <Point>
                <coordinates>15.5032074,-18.97644857,0</coordinates>
            </Point>
        </Placemark>
        <Placemark>
            <name>Ozonjuitji m'Bari - Month 8 - 2010-08-07 19:01</name>
            <description>Waterhole: Ozonjuitji m'Bari, Month: 8, Time: 2010-08-07 19:01</description>
            <styleUrl>#month8</styleUrl>
            <Point>
                <coordinates>15.50322062,-18.97645874,0</coordinates>
            </Point>
        </Placemark>
        <Placemark>
            <name>Ozonjuitji m'Bari - Month 8 - 2010-08-07 19:21</name>
            <description>Waterhole: Ozonjuitji m'Bari, Month: 8, Time: 2010-08-07 19:21</description>
            <styleUrl>#month8</styleUrl>
            <Point>
                <coordinates>15.50333252,-18.97622477,0</coordinates>
            </Point>
        </Placemark>
        <Placemark>
            <name>Ozonjuitji m'Bari - Month 8 - 2010-08-07 19:41</name>
            <description>Waterhole: Ozonjuitji m'Bari, Month: 8, Time: 2010-08-07 19:41</description>
            <styleUrl>#month8</styleUrl>
            <Point>
                <coordinates>15.5036204,-18.97646688,0</coordinates>
            </Point>
        </Placemark>
        <Placemark>
            <name>Ozonjuitji m'Bari - Month 8 - 2010-08-08 14:21</name>
            <description>Waterhole: Ozonjuitji m'Bari, Month: 8, Time: 2010-08-08 14:21</description>
            <styleUrl>#month8</styleUrl>
            <Point>
                <coordinates>15.50360819,-18.97653198,0</coordinates>
            </Point>
        </Placemark>
        <Placemark>
            <name>Ozonjuitji m'Bari - Month 8 - 2010-08-08 14:41</name>
            <description>Waterhole: Ozonjuitji m'Bari, Month: 8, Time: 2010-08-08 14:41</description>
            <styleUrl>#month8</styleUrl>
            <Point>
                <coordinates>15.50357259,-18.97660522,0</coordinates>
            </Point>
        </Placemark>
        <Placemark>
            <name>Ozonjuitji m'Bari - Month 8 - 2010-08-08 15:01</name>
            <description>Waterhole: Ozonjuitji m'Bari, Month: 8, Time: 2010-08-08 15:01</description>
            <styleUrl>#month8</styleUrl>
            <Point>
                <coordinates>15.50363973,-18.97662354,0</coordinates>
            </Point>
        </Placemark>
        <Placemark>
            <name>Ozonjuitji m'Bari - Month 8 - 2010-08-08 15:21</name>
            <description>Waterhole: Ozonjuitji m'Bari, Month: 8, Time: 2010-08-08 15:21</description>
            <styleUrl>#month8</styleUrl>
            <Point>
                <coordinates>15.50363057,-18.97654419,0</coordinates>
            </Point>
        </Placemark>
        <Placemark>
            <name>Ozonjuitji m'Bari - Month 8 - 2010-08-08 15:41</name>
            <description>Waterhole: Ozonjuitji m'Bari, Month: 8, Time: 2010-08-08 15:41</description>
            <styleUrl>#month8</styleUrl>
            <Point>
                <coordinates>15.5036143,-18.97624715,0</coordinates>
            </Point>
        </Placemark>
        <Placemark>
            <name>Ozonjuitji m'Bari - Month 8 - 2010-08-08 16:01</name>
            <description>Waterhole: Ozonjuitji m'Bari, Month: 8, Time: 2010-08-08 16:01</description>
            <styleUrl>#month8</styleUrl>
            <Point>
                <coordinates>15.50341899,-18.97625732,0</coordinates>
            </Point>
        </Placemark>
        <Placemark>
            <name>Ozonjuitji m'Bari - Month 8 - 2010-08-08 16:21</name>
            <description>Waterhole: Ozonjuitji m'Bari, Month: 8, Time: 2010-08-08 16:21</description>
            <styleUrl>#month8</styleUrl>
            <Point>
                <coordinates>15.49439392,-18.97475993,0</coordinates>
            </Point>
        </Placemark>
        <Placemark>
            <name>Ozonjuitji m'Bari - Month 8 - 2010-08-09 13:21</name>
            <description>Waterhole: Ozonjuitji m'Bari, Month: 8, Time: 2010-08-09 13:21</description>
            <styleUrl>#month8</styleUrl>
            <Point>
                <coordinates>15.49567668,-18.97451986,0</coordinates>
            </Point>
        </Placemark>
        <Placemark>
            <name>Ozonjuitji m'Bari - Month 8 - 2010-08-09 13:41</name>
            <description>Waterhole: Ozonjuitji m'Bari, Month: 8, Time: 2010-08-09 13:41</description>
            <styleUrl>#month8</styleUrl>
            <Point>
                <coordinates>15.50360413,-18.97654826,0</coordinates>
            </Point>
        </Placemark>
        <Placemark>
            <name>Ozonjuitji m'Bari - Month 8 - 2010-08-09 14:01</name>
            <description>Waterhole: Ozonjuitji m'Bari, Month: 8, Time: 2010-08-09 14:01</description>
            <styleUrl>#month8</styleUrl>
            <Point>
                <coordinates>15.50354207,-18.97660319,0</coordinates>
            </Point>
        </Placemark>
        <Placemark>
            <name>Ozonjuitji m'Bari - Month 8 - 2010-08-09 14:21</name>
            <description>Waterhole: Ozonjuitji m'Bari, Month: 8, Time: 2010-08-09 14:21</description>
            <styleUrl>#month8</styleUrl>
            <Point>
                <coordinates>15.5035258,-18.97655029,0</coordinates>
            </Point>
        </Placemark>
        <Placemark>
            <name>Ozonjuitji m'Bari - Month 8 - 2010-08-09 14:41</name>
            <description>Waterhole: Ozonjuitji m'Bari, Month: 8, Time: 2010-08-09 14:41</description>
            <styleUrl>#month8</styleUrl>
            <Point>
                <coordinates>15.50349223,-18.97653198,0</coordinates>
            </Point>
        </Placemark>
        <Placemark>
            <name>Ozonjuitji m'Bari - Month 8 - 2010-08-09 15:01</name>
            <description>Waterhole: Ozonjuitji m'Bari, Month: 8, Time: 2010-08-09 15:01</description>
            <styleUrl>#month8</styleUrl>
            <Point>
                <coordinates>15.50361938,-18.97661743,0</coordinates>
            </Point>
        </Placemark>
        <Placemark>
            <name>Ozonjuitji m'Bari - Month 8 - 2010-08-09 15:21</name>
            <description>Waterhole: Ozonjuitji m'Bari, Month: 8, Time: 2010-08-09 15:21</description>
            <styleUrl>#month8</styleUrl>
            <Point>
                <coordinates>15.50361938,-18.97654826,0</coordinates>
            </Point>
        </Placemark>
        <Placemark>
            <name>Ozonjuitji m'Bari - Month 8 - 2010-08-09 15:41</name>
            <description>Waterhole: Ozonjuitji m'Bari, Month: 8, Time: 2010-08-09 15:41</description>
            <styleUrl>#month8</styleUrl>
            <Point>
                <coordinates>15.50241394,-18.97450562,0</coordinates>
            </Point>
        </Placemark>
        <Placemark>
            <name>Ozonjuitji m'Bari - Month 8 - 2010-08-09 16:01</name>
            <description>Waterhole: Ozonjuitji m'Bari, Month: 8, Time: 2010-08-09 16:01</description>
            <styleUrl>#month8</styleUrl>
            <Point>
                <coordinates>15.49882304,-18.97109375,0</coordinates>
            </Point>
        </Placemark>
        <Placemark>
            <name>Ozonjuitji m'Bari - Month 8 - 2010-08-10 15:21</name>
            <description>Waterhole: Ozonjuitji m'Bari, Month: 8, Time: 2010-08-10 15:21</description>
            <styleUrl>#month8</styleUrl>
            <Point>
                <coordinates>15.50598043,-18.97140096,0</coordinates>
            </Point>
        </Placemark>
        <Placemark>
            <name>Ozonjuitji m'Bari - Month 8 - 2010-08-10 15:41</name>
            <description>Waterhole: Ozonjuitji m'Bari, Month: 8, Time: 2010-08-10 15:41</description>
            <styleUrl>#month8</styleUrl>
            <Point>
                <coordinates>15.50363668,-18.97660522,0</coordinates>
            </Point>
        </Placemark>
        <Placemark>
            <name>Ozonjuitji m'Bari - Month 8 - 2010-08-10 16:01</name>
            <description>Waterhole: Ozonjuitji m'Bari, Month: 8, Time: 2010-08-10 16:01</description>
            <styleUrl>#month8</styleUrl>
            <Point>
                <coordinates>15.50346781,-18.97666016,0</coordinates>
            </Point>
        </Placemark>
        <Placemark>
            <name>Ozonjuitji m'Bari - Month 8 - 2010-08-10 16:21</name>
            <description>Waterhole: Ozonjuitji m'Bari, Month: 8, Time: 2010-08-10 16:21</description>
            <styleUrl>#month8</styleUrl>
            <Point>
                <coordinates>15.50355021,-18.97661947,0</coordinates>
            </Point>
        </Placemark>
        <Placemark>
            <name>Ozonjuitji m'Bari - Month 8 - 2010-08-10 16:41</name>
            <description>Waterhole: Ozonjuitji m'Bari, Month: 8, Time: 2010-08-10 16:41</description>
            <styleUrl>#month8</styleUrl>
            <Point>
                <coordinates>15.50356852,-18.97664591,0</coordinates>
            </Point>
        </Placemark>
        <Placemark>
            <name>Ozonjuitji m'Bari - Month 8 - 2010-08-10 17:01</name>
            <description>Waterhole: Ozonjuitji m'Bari, Month: 8, Time: 2010-08-10 17:01</description>
            <styleUrl>#month8</styleUrl>
            <Point>
                <coordinates>15.50342,-18.97710571,0</coordinates>
            </Point>
        </Placemark>
        <Placemark>
            <name>Ozonjuitji m'Bari - Month 8 - 2010-08-10 17:21</name>
            <description>Waterhole: Ozonjuitji m'Bari, Month: 8, Time: 2010-08-10 17:21</description>
            <styleUrl>#month8</styleUrl>
            <Point>
                <coordinates>15.50245768,-18.97958171,0</coordinates>
            </Point>
        </Placemark>
        <Placemark>
            <name>Ozonjuitji m'Bari - Month 8 - 2010-08-10 17:41</name>
            <description>Waterhole: Ozonjuitji m'Bari, Month: 8, Time: 2010-08-10 17:41</description>
            <styleUrl>#month8</styleUrl>
            <Point>
                <coordinates>15.4974233,-18.98299357,0</coordinates>
            </Point>
        </Placemark>
        <Placemark>
            <name>Sonderkop waterhole - Month 8 - 2010-08-11 14:01</name>
            <description>Waterhole: Sonderkop waterhole, Month: 8, Time: 2010-08-11 14:01</description>
            <styleUrl>#month8</styleUrl>
            <Point>
                <coordinates>15.33204651,-18.97421468,0</coordinates>
            </Point>
        </Placemark>
        <Placemark>
            <name>Sonderkop waterhole - Month 8 - 2010-08-11 14:21</name>
            <description>Waterhole: Sonderkop waterhole, Month: 8, Time: 2010-08-11 14:21</description>
            <styleUrl>#month8</styleUrl>
            <Point>
                <coordinates>15.32819722,-18.96895142,0</coordinates>
            </Point>
        </Placemark>
        <Placemark>
            <name>Sonderkop waterhole - Month 8 - 2010-08-11 14:41</name>
            <description>Waterhole: Sonderkop waterhole, Month: 8, Time: 2010-08-11 14:41</description>
            <styleUrl>#month8</styleUrl>
            <Point>
                <coordinates>15.32818807,-18.96896159,0</coordinates>
            </Point>
        </Placemark>
        <Placemark>
            <name>Sonderkop waterhole - Month 8 - 2010-08-11 15:01</name>
            <description>Waterhole: Sonderkop waterhole, Month: 8, Time: 2010-08-11 15:01</description>
            <styleUrl>#month8</styleUrl>
            <Point>
                <coordinates>15.32754517,-18.97180176,0</coordinates>
            </Point>
        </Placemark>
        <Placemark>
            <name>Sonderkop waterhole - Month 8 - 2010-08-11 15:21</name>
            <description>Waterhole: Sonderkop waterhole, Month: 8, Time: 2010-08-11 15:21</description>
            <styleUrl>#month8</styleUrl>
            <Point>
                <coordinates>15.3277476,-18.97485555,0</coordinates>
            </Point>
        </Placemark>
        <Placemark>
            <name>Sonderkop waterhole - Month 8 - 2010-08-11 20:41</name>
            <description>Waterhole: Sonderkop waterhole, Month: 8, Time: 2010-08-11 20:41</description>
            <styleUrl>#month8</styleUrl>
            <Point>
                <coordinates>15.32802022,-18.97502035,0</coordinates>
            </Point>
        </Placemark>
        <Placemark>
            <name>Sonderkop waterhole - Month 8 - 2010-08-11 21:01</name>
            <description>Waterhole: Sonderkop waterhole, Month: 8, Time: 2010-08-11 21:01</description>
            <styleUrl>#month8</styleUrl>
            <Point>
                <coordinates>15.32818909,-18.96897176,0</coordinates>
            </Point>
        </Placemark>
        <Placemark>
            <name>Sonderkop waterhole - Month 8 - 2010-08-11 21:21</name>
            <description>Waterhole: Sonderkop waterhole, Month: 8, Time: 2010-08-11 21:21</description>
            <styleUrl>#month8</styleUrl>
            <Point>
                <coordinates>15.32820333,-18.96895549,0</coordinates>
            </Point>
        </Placemark>
        <Placemark>
            <name>Sonderkop waterhole - Month 8 - 2010-08-11 21:41</name>
            <description>Waterhole: Sonderkop waterhole, Month: 8, Time: 2010-08-11 21:41</description>
            <styleUrl>#month8</styleUrl>
            <Point>
                <coordinates>15.33204956,-18.97457886,0</coordinates>
            </Point>
        </Placemark>
        <Placemark>
            <name>Duiwelsvuur - Month 8 - 2010-08-12 15:41</name>
            <description>Waterhole: Duiwelsvuur, Month: 8, Time: 2010-08-12 15:41</description>
            <styleUrl>#month8</styleUrl>
            <Point>
                <coordinates>15.25974528,-18.98768921,0</coordinates>
            </Point>
        </Placemark>
        <Placemark>
            <name>Duiwelsvuur - Month 8 - 2010-08-12 16:01</name>
            <description>Waterhole: Duiwelsvuur, Month: 8, Time: 2010-08-12 16:01</description>
            <styleUrl>#month8</styleUrl>
            <Point>
                <coordinates>15.25967,-18.98765055,0</coordinates>
            </Point>
        </Placemark>
        <Placemark>
            <name>Duiwelsvuur - Month 8 - 2010-08-12 16:21</name>
            <description>Waterhole: Duiwelsvuur, Month: 8, Time: 2010-08-12 16:21</description>
            <styleUrl>#month8</styleUrl>
            <Point>
                <coordinates>15.25986735,-18.98760579,0</coordinates>
            </Point>
        </Placemark>
        <Placemark>
            <name>Duiwelsvuur - Month 8 - 2010-08-12 16:41</name>
            <description>Waterhole: Duiwelsvuur, Month: 8, Time: 2010-08-12 16:41</description>
            <styleUrl>#month8</styleUrl>
            <Point>
                <coordinates>15.26387024,-18.99408773,0</coordinates>
            </Point>
        </Placemark>
        <Placemark>
            <name>Duiwelsvuur - Month 8 - 2010-08-13 11:21</name>
            <description>Waterhole: Duiwelsvuur, Month: 8, Time: 2010-08-13 11:21</description>
            <styleUrl>#month8</styleUrl>
            <Point>
                <coordinates>15.26312052,-18.99242554,0</coordinates>
            </Point>
        </Placemark>
        <Placemark>
            <name>Duiwelsvuur - Month 8 - 2010-08-13 11:41</name>
            <description>Waterhole: Duiwelsvuur, Month: 8, Time: 2010-08-13 11:41</description>
            <styleUrl>#month8</styleUrl>
            <Point>
                <coordinates>15.25967916,-18.98776652,0</coordinates>
            </Point>
        </Placemark>
        <Placemark>
            <name>Duiwelsvuur - Month 8 - 2010-08-13 12:01</name>
            <description>Waterhole: Duiwelsvuur, Month: 8, Time: 2010-08-13 12:01</description>
            <styleUrl>#month8</styleUrl>
            <Point>
                <coordinates>15.25988464,-18.98741862,0</coordinates>
            </Point>
        </Placemark>
        <Placemark>
            <name>Duiwelsvuur - Month 8 - 2010-08-13 12:21</name>
            <description>Waterhole: Duiwelsvuur, Month: 8, Time: 2010-08-13 12:21</description>
            <styleUrl>#month8</styleUrl>
            <Point>
                <coordinates>15.25979716,-18.98724365,0</coordinates>
            </Point>
        </Placemark>
        <Placemark>
            <name>Duiwelsvuur - Month 8 - 2010-08-13 12:41</name>
            <description>Waterhole: Duiwelsvuur, Month: 8, Time: 2010-08-13 12:41</description>
            <styleUrl>#month8</styleUrl>
            <Point>
                <coordinates>15.25977071,-18.98722127,0</coordinates>
            </Point>
        </Placemark>
        <Placemark>
            <name>Duiwelsvuur - Month 8 - 2010-08-13 13:01</name>
            <description>Waterhole: Duiwelsvuur, Month: 8, Time: 2010-08-13 13:01</description>
            <styleUrl>#month8</styleUrl>
            <Point>
                <coordinates>15.25983175,-18.98744914,0</coordinates>
            </Point>
        </Placemark>
        <Placemark>
            <name>Duiwelsvuur - Month 8 - 2010-08-13 13:21</name>
            <description>Waterhole: Duiwelsvuur, Month: 8, Time: 2010-08-13 13:21</description>
            <styleUrl>#month8</styleUrl>
            <Point>
                <coordinates>15.25983175,-18.987854,0</coordinates>
            </Point>
        </Placemark>
        <Placemark>
            <name>Duiwelsvuur - Month 8 - 2010-08-13 13:41</name>
            <description>Waterhole: Duiwelsvuur, Month: 8, Time: 2010-08-13 13:41</description>
            <styleUrl>#month8</styleUrl>
            <Point>
                <coordinates>15.25991414,-18.98754272,0</coordinates>
            </Point>
        </Placemark>
        <Placemark>
            <name>Duiwelsvuur - Month 8 - 2010-08-13 14:01</name>
            <description>Waterhole: Duiwelsvuur, Month: 8, Time: 2010-08-13 14:01</description>
            <styleUrl>#month8</styleUrl>
            <Point>
                <coordinates>15.25977987,-18.9875651,0</coordinates>
            </Point>
        </Placemark>
        <Placemark>
            <name>Duiwelsvuur - Month 8 - 2010-08-13 14:21</name>
            <description>Waterhole: Duiwelsvuur, Month: 8, Time: 2010-08-13 14:21</description>
            <styleUrl>#month8</styleUrl>
            <Point>
                <coordinates>15.25973918,-18.98745524,0</coordinates>
            </Point>
        </Placemark>
        <Placemark>
            <name>Duiwelsvuur - Month 8 - 2010-08-13 14:41</name>
            <description>Waterhole: Duiwelsvuur, Month: 8, Time: 2010-08-13 14:41</description>
            <styleUrl>#month8</styleUrl>
            <Point>
                <coordinates>15.25938924,-18.98371785,0</coordinates>
            </Point>
        </Placemark>
        <Placemark>
            <name>Duiwelsvuur - Month 8 - 2010-08-13 15:01</name>
            <description>Waterhole: Duiwelsvuur, Month: 8, Time: 2010-08-13 15:01</description>
            <styleUrl>#month8</styleUrl>
            <Point>
                <coordinates>15.25930888,-18.98368123,0</coordinates>
            </Point>
        </Placemark>
        <Placemark>
            <name>Duiwelsvuur - Month 8 - 2010-08-13 15:21</name>
            <description>Waterhole: Duiwelsvuur, Month: 8, Time: 2010-08-13 15:21</description>
            <styleUrl>#month8</styleUrl>
            <Point>
                <coordinates>15.25895894,-18.98454386,0</coordinates>
            </Point>
        </Placemark>
        <Placemark>
            <name>Duiwelsvuur - Month 8 - 2010-08-13 15:41</name>
            <description>Waterhole: Duiwelsvuur, Month: 8, Time: 2010-08-13 15:41</description>
            <styleUrl>#month8</styleUrl>
            <Point>
                <coordinates>15.25886332,-18.98518677,0</coordinates>
            </Point>
        </Placemark>
        <Placemark>
            <name>Duiwelsvuur - Month 8 - 2010-08-13 16:01</name>
            <description>Waterhole: Duiwelsvuur, Month: 8, Time: 2010-08-13 16:01</description>
            <styleUrl>#month8</styleUrl>
            <Point>
                <coordinates>15.25968119,-18.98753052,0</coordinates>
            </Point>
        </Placemark>
        <Placemark>
            <name>Duiwelsvuur - Month 8 - 2010-08-13 16:21</name>
            <description>Waterhole: Duiwelsvuur, Month: 8, Time: 2010-08-13 16:21</description>
            <styleUrl>#month8</styleUrl>
            <Point>
                <coordinates>15.25852458,-18.98580322,0</coordinates>
            </Point>
        </Placemark>
        <Placemark>
            <name>Duiwelsvuur - Month 8 - 2010-08-13 16:41</name>
            <description>Waterhole: Duiwelsvuur, Month: 8, Time: 2010-08-13 16:41</description>
            <styleUrl>#month8</styleUrl>
            <Point>
                <coordinates>15.25701599,-18.98485718,0</coordinates>
            </Point>
        </Placemark>
        <Placemark>
            <name>Duiwelsvuur - Month 8 - 2010-08-13 17:01</name>
            <description>Waterhole: Duiwelsvuur, Month: 8, Time: 2010-08-13 17:01</description>
            <styleUrl>#month8</styleUrl>
            <Point>
                <coordinates>15.25517273,-18.98381551,0</coordinates>
            </Point>
        </Placemark>
        <Placemark>
            <name>Duiwelsvuur - Month 8 - 2010-08-13 17:21</name>
            <description>Waterhole: Duiwelsvuur, Month: 8, Time: 2010-08-13 17:21</description>
            <styleUrl>#month8</styleUrl>
            <Point>
                <coordinates>15.25370382,-18.98343506,0</coordinates>
            </Point>
        </Placemark>
        <Placemark>
            <name>Duiwelsvuur - Month 8 - 2010-08-14 08:01</name>
            <description>Waterhole: Duiwelsvuur, Month: 8, Time: 2010-08-14 08:01</description>
            <styleUrl>#month8</styleUrl>
            <Point>
                <coordinates>15.26100972,-18.97998047,0</coordinates>
            </Point>
        </Placemark>
        <Placemark>
            <name>Duiwelsvuur - Month 8 - 2010-08-14 08:21</name>
            <description>Waterhole: Duiwelsvuur, Month: 8, Time: 2010-08-14 08:21</description>
            <styleUrl>#month8</styleUrl>
            <Point>
                <coordinates>15.26056213,-18.9835673,0</coordinates>
            </Point>
        </Placemark>
        <Placemark>
            <name>Duiwelsvuur - Month 8 - 2010-08-14 08:41</name>
            <description>Waterhole: Duiwelsvuur, Month: 8, Time: 2010-08-14 08:41</description>
            <styleUrl>#month8</styleUrl>
            <Point>
                <coordinates>15.26056925,-18.9835734,0</coordinates>
            </Point>
        </Placemark>
        <Placemark>
            <name>Duiwelsvuur - Month 8 - 2010-08-14 09:01</name>
            <description>Waterhole: Duiwelsvuur, Month: 8, Time: 2010-08-14 09:01</description>
            <styleUrl>#month8</styleUrl>
            <Point>
                <coordinates>15.2600179,-18.98355916,0</coordinates>
            </Point>
        </Placemark>
        <Placemark>
            <name>Duiwelsvuur - Month 8 - 2010-08-14 09:21</name>
            <description>Waterhole: Duiwelsvuur, Month: 8, Time: 2010-08-14 09:21</description>
            <styleUrl>#month8</styleUrl>
            <Point>
                <coordinates>15.26004232,-18.98411255,0</coordinates>
            </Point>
        </Placemark>
        <Placemark>
            <name>Duiwelsvuur - Month 8 - 2010-08-14 09:41</name>
            <description>Waterhole: Duiwelsvuur, Month: 8, Time: 2010-08-14 09:41</description>
            <styleUrl>#month8</styleUrl>
            <Point>
                <coordinates>15.25927022,-18.98282471,0</coordinates>
            </Point>
        </Placemark>
        <Placemark>
            <name>Duiwelsvuur - Month 8 - 2010-08-14 10:01</name>
            <description>Waterhole: Duiwelsvuur, Month: 8, Time: 2010-08-14 10:01</description>
            <styleUrl>#month8</styleUrl>
            <Point>
                <coordinates>15.25918477,-18.9831075,0</coordinates>
            </Point>
        </Placemark>
        <Placemark>
            <name>Duiwelsvuur - Month 8 - 2010-08-14 10:21</name>
            <description>Waterhole: Duiwelsvuur, Month: 8, Time: 2010-08-14 10:21</description>
            <styleUrl>#month8</styleUrl>
            <Point>
                <coordinates>15.25924683,-18.98299764,0</coordinates>
            </Point>
        </Placemark>
        <Placemark>
            <name>Duiwelsvuur - Month 8 - 2010-08-14 10:41</name>
            <description>Waterhole: Duiwelsvuur, Month: 8, Time: 2010-08-14 10:41</description>
            <styleUrl>#month8</styleUrl>
            <Point>
                <coordinates>15.25933736,-18.98317668,0</coordinates>
            </Point>
        </Placemark>
        <Placemark>
            <name>Duiwelsvuur - Month 8 - 2010-08-14 11:01</name>
            <description>Waterhole: Duiwelsvuur, Month: 8, Time: 2010-08-14 11:01</description>
            <styleUrl>#month8</styleUrl>
            <Point>
                <coordinates>15.25934957,-18.9831604,0</coordinates>
            </Point>
        </Placemark>
        <Placemark>
            <name>Duiwelsvuur - Month 8 - 2010-08-14 11:21</name>
            <description>Waterhole: Duiwelsvuur, Month: 8, Time: 2010-08-14 11:21</description>
            <styleUrl>#month8</styleUrl>
            <Point>
                <coordinates>15.25935669,-18.98317057,0</coordinates>
            </Point>
        </Placemark>
        <Placemark>
            <name>Duiwelsvuur - Month 8 - 2010-08-14 11:41</name>
            <description>Waterhole: Duiwelsvuur, Month: 8, Time: 2010-08-14 11:41</description>
            <styleUrl>#month8</styleUrl>
            <Point>
                <coordinates>15.26000366,-18.98687948,0</coordinates>
            </Point>
        </Placemark>
        <Placemark>
            <name>Duiwelsvuur - Month 8 - 2010-08-14 12:01</name>
            <description>Waterhole: Duiwelsvuur, Month: 8, Time: 2010-08-14 12:01</description>
            <styleUrl>#month8</styleUrl>
            <Point>
                <coordinates>15.25975647,-18.987441,0</coordinates>
            </Point>
        </Placemark>
        <Placemark>
            <name>Duiwelsvuur - Month 8 - 2010-08-14 12:21</name>
            <description>Waterhole: Duiwelsvuur, Month: 8, Time: 2010-08-14 12:21</description>
            <styleUrl>#month8</styleUrl>
            <Point>
                <coordinates>15.25979106,-18.98744303,0</coordinates>
            </Point>
        </Placemark>
        <Placemark>
            <name>Duiwelsvuur - Month 8 - 2010-08-14 12:41</name>
            <description>Waterhole: Duiwelsvuur, Month: 8, Time: 2010-08-14 12:41</description>
            <styleUrl>#month8</styleUrl>
            <Point>
                <coordinates>15.25969238,-18.98745524,0</coordinates>
            </Point>
        </Placemark>
        <Placemark>
            <name>Duiwelsvuur - Month 8 - 2010-08-14 13:01</name>
            <description>Waterhole: Duiwelsvuur, Month: 8, Time: 2010-08-14 13:01</description>
            <styleUrl>#month8</styleUrl>
            <Point>
                <coordinates>15.25989278,-18.98768311,0</coordinates>
            </Point>
        </Placemark>
        <Placemark>
            <name>Duiwelsvuur - Month 8 - 2010-08-14 13:21</name>
            <description>Waterhole: Duiwelsvuur, Month: 8, Time: 2010-08-14 13:21</description>
            <styleUrl>#month8</styleUrl>
            <Point>
                <coordinates>15.25974121,-18.98770752,0</coordinates>
            </Point>
        </Placemark>
        <Placemark>
            <name>Duiwelsvuur - Month 8 - 2010-08-14 13:41</name>
            <description>Waterhole: Duiwelsvuur, Month: 8, Time: 2010-08-14 13:41</description>
            <styleUrl>#month8</styleUrl>
            <Point>
                <coordinates>15.25962931,-18.98780111,0</coordinates>
            </Point>
        </Placemark>
        <Placemark>
            <name>Duiwelsvuur - Month 8 - 2010-08-14 14:01</name>
            <description>Waterhole: Duiwelsvuur, Month: 8, Time: 2010-08-14 14:01</description>
            <styleUrl>#month8</styleUrl>
            <Point>
                <coordinates>15.25982259,-18.98782756,0</coordinates>
            </Point>
        </Placemark>
        <Placemark>
            <name>Duiwelsvuur - Month 8 - 2010-08-14 14:21</name>
            <description>Waterhole: Duiwelsvuur, Month: 8, Time: 2010-08-14 14:21</description>
            <styleUrl>#month8</styleUrl>
            <Point>
                <coordinates>15.26232503,-18.9859904,0</coordinates>
            </Point>
        </Placemark>
        <Placemark>
            <name>Sonderkop waterhole - Month 8 - 2010-08-14 21:01</name>
            <description>Waterhole: Sonderkop waterhole, Month: 8, Time: 2010-08-14 21:01</description>
            <styleUrl>#month8</styleUrl>
            <Point>
                <coordinates>15.32820028,-18.9689799,0</coordinates>
            </Point>
        </Placemark>
        <Placemark>
            <name>Sonderkop waterhole - Month 8 - 2010-08-14 21:21</name>
            <description>Waterhole: Sonderkop waterhole, Month: 8, Time: 2010-08-14 21:21</description>
            <styleUrl>#month8</styleUrl>
            <Point>
                <coordinates>15.32928772,-18.96782023,0</coordinates>
            </Point>
        </Placemark>
        <Placemark>
            <name>Ozonjuitji m'Bari - Month 1 - 2010-01-05 18:01</name>
            <description>Waterhole: Ozonjuitji m'Bari, Month: 1, Time: 2010-01-05 18:01</description>
            <styleUrl>#month1</styleUrl>
            <Point>
                <coordinates>15.50360718,-18.9766866,0</coordinates>
            </Point>
        </Placemark>
        <Placemark>
            <name>Ozonjuitji m'Bari - Month 1 - 2010-01-05 18:21</name>
            <description>Waterhole: Ozonjuitji m'Bari, Month: 1, Time: 2010-01-05 18:21</description>
            <styleUrl>#month1</styleUrl>
            <Point>
                <coordinates>15.50388692,-18.97577515,0</coordinates>
            </Point>
        </Placemark>
        <Placemark>
            <name>Ozonjuitji m'Bari - Month 1 - 2010-01-05 18:41</name>
            <description>Waterhole: Ozonjuitji m'Bari, Month: 1, Time: 2010-01-05 18:41</description>
            <styleUrl>#month1</styleUrl>
            <Point>
                <coordinates>15.50417379,-18.97323608,0</coordinates>
            </Point>
        </Placemark>
        <Placemark>
            <name>Ozonjuitji m'Bari - Month 1 - 2010-01-05 19:01</name>
            <description>Waterhole: Ozonjuitji m'Bari, Month: 1, Time: 2010-01-05 19:01</description>
            <styleUrl>#month1</styleUrl>
            <Point>
                <coordinates>15.50490723,-18.97141317,0</coordinates>
            </Point>
        </Placemark>
        <Placemark>
            <name>Sonderkop waterhole - Month 1 - 2010-01-06 23:21</name>
            <description>Waterhole: Sonderkop waterhole, Month: 1, Time: 2010-01-06 23:21</description>
            <styleUrl>#month1</styleUrl>
            <Point>
                <coordinates>15.32776693,-18.9678833,0</coordinates>
            </Point>
        </Placemark>
        <Placemark>
            <name>Duiwelsvuur - Month 1 - 2010-01-08 14:41</name>
            <description>Waterhole: Duiwelsvuur, Month: 1, Time: 2010-01-08 14:41</description>
            <styleUrl>#month1</styleUrl>
            <Point>
                <coordinates>15.25600281,-18.99636027,0</coordinates>
            </Point>
        </Placemark>
        <Placemark>
            <name>Duiwelsvuur - Month 1 - 2010-01-08 15:01</name>
            <description>Waterhole: Duiwelsvuur, Month: 1, Time: 2010-01-08 15:01</description>
            <styleUrl>#month1</styleUrl>
            <Point>
                <coordinates>15.2596995,-18.98765259,0</coordinates>
            </Point>
        </Placemark>
        <Placemark>
            <name>Duiwelsvuur - Month 1 - 2010-01-08 15:21</name>
            <description>Waterhole: Duiwelsvuur, Month: 1, Time: 2010-01-08 15:21</description>
            <styleUrl>#month1</styleUrl>
            <Point>
                <coordinates>15.25891622,-18.98455811,0</coordinates>
            </Point>
        </Placemark>
        <Placemark>
            <name>Sonderkop waterhole - Month 2 - 2010-02-25 18:22</name>
            <description>Waterhole: Sonderkop waterhole, Month: 2, Time: 2010-02-25 18:22</description>
            <styleUrl>#month2</styleUrl>
            <Point>
                <coordinates>15.32783813,-18.96941121,0</coordinates>
            </Point>
        </Placemark>
        <Placemark>
            <name>Sonderkop waterhole - Month 2 - 2010-02-25 18:42</name>
            <description>Waterhole: Sonderkop waterhole, Month: 2, Time: 2010-02-25 18:42</description>
            <styleUrl>#month2</styleUrl>
            <Point>
                <coordinates>15.33471171,-18.97227173,0</coordinates>
            </Point>
        </Placemark>
        <Placemark>
            <name>Duiwelsvuur - Month 2 - 2010-02-28 19:21</name>
            <description>Waterhole: Duiwelsvuur, Month: 2, Time: 2010-02-28 19:21</description>
            <styleUrl>#month2</styleUrl>
            <Point>
                <coordinates>15.26225179,-18.98087565,0</coordinates>
            </Point>
        </Placemark>
        <Placemark>
            <name>Duiwelsvuur - Month 2 - 2010-02-28 19:41</name>
            <description>Waterhole: Duiwelsvuur, Month: 2, Time: 2010-02-28 19:41</description>
            <styleUrl>#month2</styleUrl>
            <Point>
                <coordinates>15.25736084,-18.9888326,0</coordinates>
            </Point>
        </Placemark>
        <Placemark>
            <name>Arendsnes - Month 3 - 2010-03-10 20:21</name>
            <description>Waterhole: Arendsnes, Month: 3, Time: 2010-03-10 20:21</description>
            <styleUrl>#month3</styleUrl>
            <Point>
                <coordinates>15.40445251,-18.97671916,0</coordinates>
            </Point>
        </Placemark>
        <Placemark>
            <name>Arendsnes - Month 3 - 2010-03-10 20:41</name>
            <description>Waterhole: Arendsnes, Month: 3, Time: 2010-03-10 20:41</description>
            <styleUrl>#month3</styleUrl>
            <Point>
                <coordinates>15.40929769,-18.97746582,0</coordinates>
            </Point>
        </Placemark>
        <Placemark>
            <name>Arendsnes - Month 3 - 2010-03-10 21:01</name>
            <description>Waterhole: Arendsnes, Month: 3, Time: 2010-03-10 21:01</description>
            <styleUrl>#month3</styleUrl>
            <Point>
                <coordinates>15.40940247,-18.97766724,0</coordinates>
            </Point>
        </Placemark>
        <Placemark>
            <name>Arendsnes - Month 3 - 2010-03-10 21:21</name>
            <description>Waterhole: Arendsnes, Month: 3, Time: 2010-03-10 21:21</description>
            <styleUrl>#month3</styleUrl>
            <Point>
                <coordinates>15.40914917,-18.97765503,0</coordinates>
            </Point>
        </Placemark>
        <Placemark>
            <name>Arendsnes - Month 3 - 2010-03-10 21:41</name>
            <description>Waterhole: Arendsnes, Month: 3, Time: 2010-03-10 21:41</description>
            <styleUrl>#month3</styleUrl>
            <Point>
                <coordinates>15.40870463,-18.97676188,0</coordinates>
            </Point>
        </Placemark>
        <Placemark>
            <name>Arendsnes - Month 3 - 2010-03-10 22:01</name>
            <description>Waterhole: Arendsnes, Month: 3, Time: 2010-03-10 22:01</description>
            <styleUrl>#month3</styleUrl>
            <Point>
                <coordinates>15.40863647,-18.9766866,0</coordinates>
            </Point>
        </Placemark>
        <Placemark>
            <name>Arendsnes - Month 3 - 2010-03-10 22:21</name>
            <description>Waterhole: Arendsnes, Month: 3, Time: 2010-03-10 22:21</description>
            <styleUrl>#month3</styleUrl>
            <Point>
                <coordinates>15.40941264,-18.97410889,0</coordinates>
            </Point>
        </Placemark>
        <Placemark>
            <name>Arendsnes - Month 3 - 2010-03-10 22:41</name>
            <description>Waterhole: Arendsnes, Month: 3, Time: 2010-03-10 22:41</description>
            <styleUrl>#month3</styleUrl>
            <Point>
                <coordinates>15.41004639,-18.97094116,0</coordinates>
            </Point>
        </Placemark>
        <Placemark>
            <name>Arendsnes - Month 3 - 2010-03-10 23:01</name>
            <description>Waterhole: Arendsnes, Month: 3, Time: 2010-03-10 23:01</description>
            <styleUrl>#month3</styleUrl>
            <Point>
                <coordinates>15.41034342,-18.96936442,0</coordinates>
            </Point>
        </Placemark>
        <Placemark>
            <name>Arendsnes - Month 3 - 2010-03-12 23:21</name>
            <description>Waterhole: Arendsnes, Month: 3, Time: 2010-03-12 23:21</description>
            <styleUrl>#month3</styleUrl>
            <Point>
                <coordinates>15.40938822,-18.97698161,0</coordinates>
            </Point>
        </Placemark>
        <Placemark>
            <name>Arendsnes - Month 3 - 2010-03-12 23:41</name>
            <description>Waterhole: Arendsnes, Month: 3, Time: 2010-03-12 23:41</description>
            <styleUrl>#month3</styleUrl>
            <Point>
                <coordinates>15.40818176,-18.9843811,0</coordinates>
            </Point>
        </Placemark>
        <Placemark>
            <name>Bitterwater Waterhole - Month 3 - 2010-03-13 21:21</name>
            <description>Waterhole: Bitterwater Waterhole, Month: 3, Time: 2010-03-13 21:21</description>
            <styleUrl>#month3</styleUrl>
            <Point>
                <coordinates>15.16643066,-18.9766276,0</coordinates>
            </Point>
        </Placemark>
        <Placemark>
            <name>Bitterwater Waterhole - Month 3 - 2010-03-13 21:41</name>
            <description>Waterhole: Bitterwater Waterhole, Month: 3, Time: 2010-03-13 21:41</description>
            <styleUrl>#month3</styleUrl>
            <Point>
                <coordinates>15.15706482,-18.9780009,0</coordinates>
            </Point>
        </Placemark>
        <Placemark>
            <name>Teespoet waterhole - Month 3 - 2010-03-24 17:21</name>
            <description>Waterhole: Teespoet waterhole, Month: 3, Time: 2010-03-24 17:21</description>
            <styleUrl>#month3</styleUrl>
            <Point>
                <coordinates>15.0616984,-18.98002726,0</coordinates>
            </Point>
        </Placemark>
        <Placemark>
            <name>Teespoet waterhole - Month 3 - 2010-03-24 17:41</name>
            <description>Waterhole: Teespoet waterhole, Month: 3, Time: 2010-03-24 17:41</description>
            <styleUrl>#month3</styleUrl>
            <Point>
                <coordinates>15.06072591,-18.97958781,0</coordinates>
            </Point>
        </Placemark>
        <Placemark>
            <name>Tobieroen - Month 3 - 2010-03-26 16:41</name>
            <description>Waterhole: Tobieroen, Month: 3, Time: 2010-03-26 16:41</description>
            <styleUrl>#month3</styleUrl>
            <Point>
                <coordinates>14.96128133,-18.97959391,0</coordinates>
            </Point>
        </Placemark>
        <Placemark>
            <name>Tobieroen - Month 3 - 2010-03-26 17:01</name>
            <description>Waterhole: Tobieroen, Month: 3, Time: 2010-03-26 17:01</description>
            <styleUrl>#month3</styleUrl>
            <Point>
                <coordinates>14.95853678,-18.97265015,0</coordinates>
            </Point>
        </Placemark>
        <Placemark>
            <name>Tobieroen - Month 3 - 2010-03-26 17:21</name>
            <description>Waterhole: Tobieroen, Month: 3, Time: 2010-03-26 17:21</description>
            <styleUrl>#month3</styleUrl>
            <Point>
                <coordinates>14.96123657,-18.96906535,0</coordinates>
            </Point>
        </Placemark>
        <Placemark>
            <name>Tobieroen - Month 3 - 2010-03-27 17:41</name>
            <description>Waterhole: Tobieroen, Month: 3, Time: 2010-03-27 17:41</description>
            <styleUrl>#month3</styleUrl>
            <Point>
                <coordinates>14.96573792,-18.97316488,0</coordinates>
            </Point>
        </Placemark>
        <Placemark>
            <name>Tobieroen - Month 3 - 2010-03-27 18:01</name>
            <description>Waterhole: Tobieroen, Month: 3, Time: 2010-03-27 18:01</description>
            <styleUrl>#month3</styleUrl>
            <Point>
                <coordinates>14.96100464,-18.97193604,0</coordinates>
            </Point>
        </Placemark>
        <Placemark>
            <name>Tobieroen - Month 3 - 2010-03-27 18:21</name>
            <description>Waterhole: Tobieroen, Month: 3, Time: 2010-03-27 18:21</description>
            <styleUrl>#month3</styleUrl>
            <Point>
                <coordinates>14.95765889,-18.97151489,0</coordinates>
            </Point>
        </Placemark>
        <Placemark>
            <name>Tobieroen - Month 3 - 2010-03-27 18:41</name>
            <description>Waterhole: Tobieroen, Month: 3, Time: 2010-03-27 18:41</description>
            <styleUrl>#month3</styleUrl>
            <Point>
                <coordinates>14.95719401,-18.97096151,0</coordinates>
            </Point>
        </Placemark>
        <Placemark>
            <name>Tobieroen - Month 3 - 2010-03-27 19:01</name>
            <description>Waterhole: Tobieroen, Month: 3, Time: 2010-03-27 19:01</description>
            <styleUrl>#month3</styleUrl>
            <Point>
                <coordinates>14.95768331,-18.97268066,0</coordinates>
            </Point>
        </Placemark>
        <Placemark>
            <name>Tobieroen - Month 3 - 2010-03-27 19:21</name>
            <description>Waterhole: Tobieroen, Month: 3, Time: 2010-03-27 19:21</description>
            <styleUrl>#month3</styleUrl>
            <Point>
                <coordinates>14.9576884,-18.97742716,0</coordinates>
            </Point>
        </Placemark>
        <Placemark>
            <name>Ozonjuitji m'Bari - Month 4 - 2010-04-12 17:21</name>
            <description>Waterhole: Ozonjuitji m'Bari, Month: 4, Time: 2010-04-12 17:21</description>
            <styleUrl>#month4</styleUrl>
            <Point>
                <coordinates>15.49705709,-18.97492065,0</coordinates>
            </Point>
        </Placemark>
        <Placemark>
            <name>Ozonjuitji m'Bari - Month 4 - 2010-04-12 17:41</name>
            <description>Waterhole: Ozonjuitji m'Bari, Month: 4, Time: 2010-04-12 17:41</description>
            <styleUrl>#month4</styleUrl>
            <Point>
                <coordinates>15.50375061,-18.97616374,0</coordinates>
            </Point>
        </Placemark>
        <Placemark>
            <name>Ozonjuitji m'Bari - Month 4 - 2010-04-12 18:01</name>
            <description>Waterhole: Ozonjuitji m'Bari, Month: 4, Time: 2010-04-12 18:01</description>
            <styleUrl>#month4</styleUrl>
            <Point>
                <coordinates>15.50373535,-18.97758993,0</coordinates>
            </Point>
        </Placemark>
        <Placemark>
            <name>Duiwelsvuur - Month 4 - 2010-04-23 14:41</name>
            <description>Waterhole: Duiwelsvuur, Month: 4, Time: 2010-04-23 14:41</description>
            <styleUrl>#month4</styleUrl>
            <Point>
                <coordinates>15.25975749,-18.98763021,0</coordinates>
            </Point>
        </Placemark>
        <Placemark>
            <name>Duiwelsvuur - Month 4 - 2010-04-23 15:01</name>
            <description>Waterhole: Duiwelsvuur, Month: 4, Time: 2010-04-23 15:01</description>
            <styleUrl>#month4</styleUrl>
            <Point>
                <coordinates>15.25972087,-18.98764445,0</coordinates>
            </Point>
        </Placemark>
        <Placemark>
            <name>Duiwelsvuur - Month 4 - 2010-04-23 15:21</name>
            <description>Waterhole: Duiwelsvuur, Month: 4, Time: 2010-04-23 15:21</description>
            <styleUrl>#month4</styleUrl>
            <Point>
                <coordinates>15.26064148,-18.98843994,0</coordinates>
            </Point>
        </Placemark>
        <Placemark>
            <name>Duiwelsvuur - Month 4 - 2010-04-23 15:41</name>
            <description>Waterhole: Duiwelsvuur, Month: 4, Time: 2010-04-23 15:41</description>
            <styleUrl>#month4</styleUrl>
            <Point>
                <coordinates>15.26460063,-18.99188029,0</coordinates>
            </Point>
        </Placemark>
        <Placemark>
            <name>Sonderkop waterhole - Month 4 - 2010-04-24 18:21</name>
            <description>Waterhole: Sonderkop waterhole, Month: 4, Time: 2010-04-24 18:21</description>
            <styleUrl>#month4</styleUrl>
            <Point>
                <coordinates>15.32751058,-18.97139893,0</coordinates>
            </Point>
        </Placemark>
        <Placemark>
            <name>Sonderkop waterhole - Month 4 - 2010-04-24 18:41</name>
            <description>Waterhole: Sonderkop waterhole, Month: 4, Time: 2010-04-24 18:41</description>
            <styleUrl>#month4</styleUrl>
            <Point>
                <coordinates>15.32802124,-18.9685201,0</coordinates>
            </Point>
        </Placemark>
        <Placemark>
            <name>Sonderkop waterhole - Month 4 - 2010-04-24 19:01</name>
            <description>Waterhole: Sonderkop waterhole, Month: 4, Time: 2010-04-24 19:01</description>
            <styleUrl>#month4</styleUrl>
            <Point>
                <coordinates>15.32773641,-18.96762899,0</coordinates>
            </Point>
        </Placemark>
        <Placemark>
            <name>Sonderkop waterhole - Month 4 - 2010-04-24 19:21</name>
            <description>Waterhole: Sonderkop waterhole, Month: 4, Time: 2010-04-24 19:21</description>
            <styleUrl>#month4</styleUrl>
            <Point>
                <coordinates>15.32610474,-18.96382039,0</coordinates>
            </Point>
        </Placemark>
        <Placemark>
            <name>Sonderkop waterhole - Month 4 - 2010-04-24 19:41</name>
            <description>Waterhole: Sonderkop waterhole, Month: 4, Time: 2010-04-24 19:41</description>
            <styleUrl>#month4</styleUrl>
            <Point>
                <coordinates>15.31918742,-18.96895955,0</coordinates>
            </Point>
        </Placemark>
        <Placemark>
            <name>Duiwelsvuur - Month 4 - 2010-04-24 22:01</name>
            <description>Waterhole: Duiwelsvuur, Month: 4, Time: 2010-04-24 22:01</description>
            <styleUrl>#month4</styleUrl>
            <Point>
                <coordinates>15.26648966,-18.98637899,0</coordinates>
            </Point>
        </Placemark>
        <Placemark>
            <name>Duiwelsvuur - Month 4 - 2010-04-24 22:21</name>
            <description>Waterhole: Duiwelsvuur, Month: 4, Time: 2010-04-24 22:21</description>
            <styleUrl>#month4</styleUrl>
            <Point>
                <coordinates>15.25666504,-18.99379679,0</coordinates>
            </Point>
        </Placemark>
    </Folder>
</Document>
</kml>