Longitude,Latitude,individual-local-identifier,Date,timeAPM,Time,Season,DateTime,Month
16.29769084,-19.24883423,LA14,2012-07-01,12:00:00 AM,00:00:00,Cold-Dry,2012-07-01 00:00:00,7
16.2976532,-19.24880981,LA14,2012-07-01,12:20:00 AM,00:20:00,Cold-Dry,2012-07-01 00:20:00,7
16.29764913,-19.24884644,LA14,2012-07-01,12:40:00 AM,00:40:00,Cold-Dry,2012-07-01 00:40:00,7
16.29765218,-19.24880981,LA14,2012-07-01,01:00:00 AM,01:00:00,Cold-Dry,2012-07-01 01:00:00,7
16.2976827,-19.24883626,LA14,2012-07-01,01:20:00 AM,01:20:00,Cold-Dry,2012-07-01 01:20:00,7
16.29766032,-19.24881999,LA14,2012-07-01,01:40:00 AM,01:40:00,Cold-Dry,2012-07-01 01:40:00,7
16.29683228,-19.24897054,LA14,2012-07-01,02:00:00 AM,02:00:00,Cold-Dry,2012-07-01 02:00:00,7
16.29658305,-19.24908447,LA14,2012-07-01,02:20:00 AM,02:20:00,Cold-Dry,2012-07-01 02:20:00,7
16.29650574,-19.2492513,LA14,2012-07-01,02:40:00 AM,02:40:00,Cold-Dry,2012-07-01 02:40:00,7
16.29643555,-19.24920451,LA14,2012-07-01,03:00:00 AM,03:00:00,Cold-Dry,2012-07-01 03:00:00,7
16.29579671,-19.24945272,LA14,2012-07-01,03:20:00 AM,03:20:00,Cold-Dry,2012-07-01 03:20:00,7
16.29577535,-19.24961955,LA14,2012-07-01,03:40:00 AM,03:40:00,Cold-Dry,2012-07-01 03:40:00,7
16.29583537,-19.24970093,LA14,2012-07-01,04:00:00 AM,04:00:00,Cold-Dry,2012-07-01 04:00:00,7
16.29574483,-19.24963582,LA14,2012-07-01,04:20:00 AM,04:20:00,Cold-Dry,2012-07-01 04:20:00,7
16.29578247,-19.24965617,LA14,2012-07-01,04:40:00 AM,04:40:00,Cold-Dry,2012-07-01 04:40:00,7
16.29577026,-19.24963989,LA14,2012-07-01,05:00:00 AM,05:00:00,Cold-Dry,2012-07-01 05:00:00,7
16.29526469,-19.24968262,LA14,2012-07-01,05:20:00 AM,05:20:00,Cold-Dry,2012-07-01 05:20:00,7
16.29465332,-19.25001424,LA14,2012-07-01,05:40:00 AM,05:40:00,Cold-Dry,2012-07-01 05:40:00,7
16.29456075,-19.24987793,LA14,2012-07-01,06:00:00 AM,06:00:00,Cold-Dry,2012-07-01 06:00:00,7
16.29373474,-19.25072428,LA14,2012-07-01,06:20:00 AM,06:20:00,Cold-Dry,2012-07-01 06:20:00,7
16.29391174,-19.25148112,LA14,2012-07-01,06:40:00 AM,06:40:00,Cold-Dry,2012-07-01 06:40:00,7
16.29418742,-19.25305786,LA14,2012-07-01,07:00:00 AM,07:00:00,Cold-Dry,2012-07-01 07:00:00,7
16.29420471,-19.2535258,LA14,2012-07-01,07:20:00 AM,07:20:00,Cold-Dry,2012-07-01 07:20:00,7
16.29390157,-19.25539551,LA14,2012-07-01,07:40:00 AM,07:40:00,Cold-Dry,2012-07-01 07:40:00,7
16.29384054,-19.25614624,LA14,2012-07-01,08:00:00 AM,08:00:00,Cold-Dry,2012-07-01 08:00:00,7
16.29438171,-19.25793864,LA14,2012-07-01,08:20:00 AM,08:20:00,Cold-Dry,2012-07-01 08:20:00,7
16.29434408,-19.25987956,LA14,2012-07-01,08:40:00 AM,08:40:00,Cold-Dry,2012-07-01 08:40:00,7
16.29337362,-19.26357625,LA14,2012-07-01,09:00:00 AM,09:00:00,Cold-Dry,2012-07-01 09:00:00,7
16.29344177,-19.26685994,LA14,2012-07-01,09:20:00 AM,09:20:00,Cold-Dry,2012-07-01 09:20:00,7
16.2935791,-19.27116089,LA14,2012-07-01,09:40:00 AM,09:40:00,Cold-Dry,2012-07-01 09:40:00,7
16.29365845,-19.27116699,LA14,2012-07-01,10:00:00 AM,10:00:00,Cold-Dry,2012-07-01 10:00:00,7
16.29345194,-19.27122396,LA14,2012-07-01,10:20:00 AM,10:20:00,Cold-Dry,2012-07-01 10:20:00,7
16.29389954,-19.27091471,LA14,2012-07-01,10:40:00 AM,10:40:00,Cold-Dry,2012-07-01 10:40:00,7
16.29595947,-19.27016805,LA14,2012-07-01,11:00:00 AM,11:00:00,Cold-Dry,2012-07-01 11:00:00,7
16.29645996,-19.27012329,LA14,2012-07-01,11:20:00 AM,11:20:00,Cold-Dry,2012-07-01 11:20:00,7
16.29672241,-19.27034912,LA14,2012-07-01,11:40:00 AM,11:40:00,Cold-Dry,2012-07-01 11:40:00,7
16.29670003,-19.27055461,LA14,2012-07-01,12:00:00 PM,12:00:00,Cold-Dry,2012-07-01 12:00:00,7
16.29653422,-19.27065226,LA14,2012-07-01,12:20:00 PM,12:20:00,Cold-Dry,2012-07-01 12:20:00,7
16.29650879,-19.27088216,LA14,2012-07-01,12:40:00 PM,12:40:00,Cold-Dry,2012-07-01 12:40:00,7
16.29588826,-19.27111816,LA14,2012-07-01,01:00:00 PM,13:00:00,Cold-Dry,2012-07-01 13:00:00,7
16.29368693,-19.27059326,LA14,2012-07-01,01:20:00 PM,13:20:00,Cold-Dry,2012-07-01 13:20:00,7
16.29342244,-19.27060954,LA14,2012-07-01,01:40:00 PM,13:40:00,Cold-Dry,2012-07-01 13:40:00,7
16.29608968,-19.27172852,LA14,2012-07-01,02:00:00 PM,14:00:00,Cold-Dry,2012-07-01 14:00:00,7
16.29863078,-19.27353516,LA14,2012-07-01,02:20:00 PM,14:20:00,Cold-Dry,2012-07-01 14:20:00,7
16.29928894,-19.27400513,LA14,2012-07-01,02:40:00 PM,14:40:00,Cold-Dry,2012-07-01 14:40:00,7
16.30024821,-19.27451375,LA14,2012-07-01,03:00:00 PM,15:00:00,Cold-Dry,2012-07-01 15:00:00,7
16.30409139,-19.27483114,LA14,2012-07-01,03:20:00 PM,15:20:00,Cold-Dry,2012-07-01 15:20:00,7
16.30484416,-19.27540487,LA14,2012-07-01,03:40:00 PM,15:40:00,Cold-Dry,2012-07-01 15:40:00,7
16.30884603,-19.27756755,LA14,2012-07-01,04:00:00 PM,16:00:00,Cold-Dry,2012-07-01 16:00:00,7
16.31193848,-19.27844442,LA14,2012-07-01,04:20:00 PM,16:20:00,Cold-Dry,2012-07-01 16:20:00,7
16.31449076,-19.27990519,LA14,2012-07-01,04:40:00 PM,16:40:00,Cold-Dry,2012-07-01 16:40:00,7
16.31588949,-19.27966512,LA14,2012-07-01,05:00:00 PM,17:00:00,Cold-Dry,2012-07-01 17:00:00,7
16.31673787,-19.27992554,LA14,2012-07-01,05:20:00 PM,17:20:00,Cold-Dry,2012-07-01 17:20:00,7
16.31955261,-19.2819397,LA14,2012-07-01,05:40:00 PM,17:40:00,Cold-Dry,2012-07-01 17:40:00,7
16.32412313,-19.28667399,LA14,2012-07-01,06:00:00 PM,18:00:00,Cold-Dry,2012-07-01 18:00:00,7
16.32593486,-19.2888326,LA14,2012-07-01,06:20:00 PM,18:20:00,Cold-Dry,2012-07-01 18:20:00,7
16.32599691,-19.2898702,LA14,2012-07-01,06:40:00 PM,18:40:00,Cold-Dry,2012-07-01 18:40:00,7
16.32634176,-19.29018962,LA14,2012-07-01,07:00:00 PM,19:00:00,Cold-Dry,2012-07-01 19:00:00,7
16.32703756,-19.29059041,LA14,2012-07-01,07:20:00 PM,19:20:00,Cold-Dry,2012-07-01 19:20:00,7
16.32827657,-19.29167684,LA14,2012-07-01,07:40:00 PM,19:40:00,Cold-Dry,2012-07-01 19:40:00,7
16.32970072,-19.29413249,LA14,2012-07-01,08:00:00 PM,20:00:00,Cold-Dry,2012-07-01 20:00:00,7
16.3306783,-19.2958842,LA14,2012-07-01,08:20:00 PM,20:20:00,Cold-Dry,2012-07-01 20:20:00,7
16.33209025,-19.29726156,LA14,2012-07-01,08:40:00 PM,20:40:00,Cold-Dry,2012-07-01 20:40:00,7
16.33262736,-19.29737142,LA14,2012-07-01,09:00:00 PM,21:00:00,Cold-Dry,2012-07-01 21:00:00,7
16.33290609,-19.29772135,LA14,2012-07-01,09:20:00 PM,21:20:00,Cold-Dry,2012-07-01 21:20:00,7
16.3331543,-19.29758911,LA14,2012-07-01,09:40:00 PM,21:40:00,Cold-Dry,2012-07-01 21:40:00,7
16.3334554,-19.29760946,LA14,2012-07-01,10:00:00 PM,22:00:00,Cold-Dry,2012-07-01 22:00:00,7
16.33410339,-19.29825643,LA14,2012-07-01,10:20:00 PM,22:20:00,Cold-Dry,2012-07-01 22:20:00,7
16.33443807,-19.29860636,LA14,2012-07-01,10:40:00 PM,22:40:00,Cold-Dry,2012-07-01 22:40:00,7
16.33481445,-19.29889526,LA14,2012-07-01,11:00:00 PM,23:00:00,Cold-Dry,2012-07-01 23:00:00,7
16.3355011,-19.29847412,LA14,2012-07-01,11:20:00 PM,23:20:00,Cold-Dry,2012-07-01 23:20:00,7
16.3355011,-19.29843343,LA14,2012-07-01,11:40:00 PM,23:40:00,Cold-Dry,2012-07-01 23:40:00,7
16.33548991,-19.29845378,LA14,2012-07-02,12:00:00 AM,00:00:00,Cold-Dry,2012-07-02 00:00:00,7
16.33548482,-19.29846802,LA14,2012-07-02,12:20:00 AM,00:20:00,Cold-Dry,2012-07-02 00:20:00,7
16.33548787,-19.29848022,LA14,2012-07-02,12:40:00 AM,00:40:00,Cold-Dry,2012-07-02 00:40:00,7
16.33546651,-19.29848022,LA14,2012-07-02,01:00:00 AM,01:00:00,Cold-Dry,2012-07-02 01:00:00,7
16.33546855,-19.29847819,LA14,2012-07-02,01:20:00 AM,01:20:00,Cold-Dry,2012-07-02 01:20:00,7
16.33548889,-19.29845785,LA14,2012-07-02,01:40:00 AM,01:40:00,Cold-Dry,2012-07-02 01:40:00,7
16.33605855,-19.29825033,LA14,2012-07-02,02:00:00 AM,02:00:00,Cold-Dry,2012-07-02 02:00:00,7
16.33652547,-19.29868164,LA14,2012-07-02,02:20:00 AM,02:20:00,Cold-Dry,2012-07-02 02:20:00,7
16.33663737,-19.29866333,LA14,2012-07-02,02:40:00 AM,02:40:00,Cold-Dry,2012-07-02 02:40:00,7
16.33661194,-19.29864095,LA14,2012-07-02,03:00:00 AM,03:00:00,Cold-Dry,2012-07-02 03:00:00,7
16.33660583,-19.29863485,LA14,2012-07-02,03:20:00 AM,03:20:00,Cold-Dry,2012-07-02 03:20:00,7
16.33659159,-19.29863892,LA14,2012-07-02,03:40:00 AM,03:40:00,Cold-Dry,2012-07-02 03:40:00,7
16.33659159,-19.29863892,LA14,2012-07-02,04:00:00 AM,04:00:00,Cold-Dry,2012-07-02 04:00:00,7
16.33660685,-19.29863485,LA14,2012-07-02,04:20:00 AM,04:20:00,Cold-Dry,2012-07-02 04:20:00,7
16.33724874,-19.29865723,LA14,2012-07-02,04:40:00 AM,04:40:00,Cold-Dry,2012-07-02 04:40:00,7
16.33755697,-19.29908854,LA14,2012-07-02,05:00:00 AM,05:00:00,Cold-Dry,2012-07-02 05:00:00,7
16.33769836,-19.29907837,LA14,2012-07-02,05:20:00 AM,05:20:00,Cold-Dry,2012-07-02 05:20:00,7
16.33819173,-19.29947306,LA14,2012-07-02,05:40:00 AM,05:40:00,Cold-Dry,2012-07-02 05:40:00,7
16.33886515,-19.30004476,LA14,2012-07-02,06:00:00 AM,06:00:00,Cold-Dry,2012-07-02 06:00:00,7
16.33910828,-19.30040487,LA14,2012-07-02,06:20:00 AM,06:20:00,Cold-Dry,2012-07-02 06:20:00,7
16.33936462,-19.30098267,LA14,2012-07-02,06:40:00 AM,06:40:00,Cold-Dry,2012-07-02 06:40:00,7
16.3403005,-19.30140177,LA14,2012-07-02,07:00:00 AM,07:00:00,Cold-Dry,2012-07-02 07:00:00,7
16.3399882,-19.30176188,LA14,2012-07-02,07:20:00 AM,07:20:00,Cold-Dry,2012-07-02 07:20:00,7
16.33865051,-19.30187174,LA14,2012-07-02,07:40:00 AM,07:40:00,Cold-Dry,2012-07-02 07:40:00,7
16.33824565,-19.30148926,LA14,2012-07-02,08:00:00 AM,08:00:00,Cold-Dry,2012-07-02 08:00:00,7
16.33764954,-19.30095418,LA14,2012-07-02,08:20:00 AM,08:20:00,Cold-Dry,2012-07-02 08:20:00,7
16.33648173,-19.30117188,LA14,2012-07-02,08:40:00 AM,08:40:00,Cold-Dry,2012-07-02 08:40:00,7
16.33646139,-19.30111694,LA14,2012-07-02,09:00:00 AM,09:00:00,Cold-Dry,2012-07-02 09:00:00,7
16.33644918,-19.30113118,LA14,2012-07-02,09:20:00 AM,09:20:00,Cold-Dry,2012-07-02 09:20:00,7
16.3356252,-19.30060018,LA14,2012-07-02,09:40:00 AM,09:40:00,Cold-Dry,2012-07-02 09:40:00,7
16.33543701,-19.30012614,LA14,2012-07-02,10:00:00 AM,10:00:00,Cold-Dry,2012-07-02 10:00:00,7
16.33335368,-19.29864299,LA14,2012-07-02,10:20:00 AM,10:20:00,Cold-Dry,2012-07-02 10:20:00,7
16.33242188,-19.29796143,LA14,2012-07-02,10:40:00 AM,10:40:00,Cold-Dry,2012-07-02 10:40:00,7
16.33245544,-19.29797363,LA14,2012-07-02,11:00:00 AM,11:00:00,Cold-Dry,2012-07-02 11:00:00,7
16.33245544,-19.29795125,LA14,2012-07-02,11:20:00 AM,11:20:00,Cold-Dry,2012-07-02 11:20:00,7
16.33245748,-19.29795125,LA14,2012-07-02,11:40:00 AM,11:40:00,Cold-Dry,2012-07-02 11:40:00,7
16.33248596,-19.29794312,LA14,2012-07-02,12:00:00 PM,12:00:00,Cold-Dry,2012-07-02 12:00:00,7
16.33232524,-19.29788615,LA14,2012-07-02,12:20:00 PM,12:20:00,Cold-Dry,2012-07-02 12:20:00,7
16.32932332,-19.29489746,LA14,2012-07-02,12:40:00 PM,12:40:00,Cold-Dry,2012-07-02 12:40:00,7
16.32637024,-19.29231771,LA14,2012-07-02,01:00:00 PM,13:00:00,Cold-Dry,2012-07-02 13:00:00,7
16.32400106,-19.28930054,LA14,2012-07-02,01:20:00 PM,13:20:00,Cold-Dry,2012-07-02 13:20:00,7
16.32315877,-19.28671061,LA14,2012-07-02,01:40:00 PM,13:40:00,Cold-Dry,2012-07-02 13:40:00,7
16.32234395,-19.28582153,LA14,2012-07-02,02:00:00 PM,14:00:00,Cold-Dry,2012-07-02 14:00:00,7
16.31892802,-19.28271484,LA14,2012-07-02,02:20:00 PM,14:20:00,Cold-Dry,2012-07-02 14:20:00,7
16.31636251,-19.28307902,LA14,2012-07-02,02:40:00 PM,14:40:00,Cold-Dry,2012-07-02 14:40:00,7
16.31515401,-19.28223674,LA14,2012-07-02,03:00:00 PM,15:00:00,Cold-Dry,2012-07-02 15:00:00,7
16.31151021,-19.28061727,LA14,2012-07-02,03:20:00 PM,15:20:00,Cold-Dry,2012-07-02 15:20:00,7
16.30507711,-19.27614746,LA14,2012-07-02,03:40:00 PM,15:40:00,Cold-Dry,2012-07-02 15:40:00,7
16.29865926,-19.27228394,LA14,2012-07-02,04:00:00 PM,16:00:00,Cold-Dry,2012-07-02 16:00:00,7
16.29332682,-19.27080485,LA14,2012-07-02,04:20:00 PM,16:20:00,Cold-Dry,2012-07-02 16:20:00,7
16.29332886,-19.27402954,LA14,2012-07-02,04:40:00 PM,16:40:00,Cold-Dry,2012-07-02 16:40:00,7
16.29281108,-19.27618001,LA14,2012-07-02,05:00:00 PM,17:00:00,Cold-Dry,2012-07-02 17:00:00,7
16.29311422,-19.27746785,LA14,2012-07-02,05:20:00 PM,17:20:00,Cold-Dry,2012-07-02 17:20:00,7
16.2947581,-19.27824504,LA14,2012-07-02,05:40:00 PM,17:40:00,Cold-Dry,2012-07-02 17:40:00,7
16.2956604,-19.27908325,LA14,2012-07-02,06:00:00 PM,18:00:00,Cold-Dry,2012-07-02 18:00:00,7
16.29571228,-19.27970785,LA14,2012-07-02,06:20:00 PM,18:20:00,Cold-Dry,2012-07-02 18:20:00,7
16.29576213,-19.27995199,LA14,2012-07-02,06:40:00 PM,18:40:00,Cold-Dry,2012-07-02 18:40:00,7
16.29571431,-19.28099772,LA14,2012-07-02,07:00:00 PM,19:00:00,Cold-Dry,2012-07-02 19:00:00,7
16.2967041,-19.28426514,LA14,2012-07-02,07:20:00 PM,19:20:00,Cold-Dry,2012-07-02 19:20:00,7
16.29847514,-19.28750407,LA14,2012-07-02,07:40:00 PM,19:40:00,Cold-Dry,2012-07-02 19:40:00,7
16.29925537,-19.29060669,LA14,2012-07-02,08:00:00 PM,20:00:00,Cold-Dry,2012-07-02 20:00:00,7
16.3021993,-19.29260254,LA14,2012-07-02,08:20:00 PM,20:20:00,Cold-Dry,2012-07-02 20:20:00,7
16.30286458,-19.29458618,LA14,2012-07-02,08:40:00 PM,20:40:00,Cold-Dry,2012-07-02 20:40:00,7
16.30641073,-19.30025431,LA14,2012-07-02,09:00:00 PM,21:00:00,Cold-Dry,2012-07-02 21:00:00,7
16.30752563,-19.30378621,LA14,2012-07-02,09:20:00 PM,21:20:00,Cold-Dry,2012-07-02 21:20:00,7
16.31016541,-19.3068929,LA14,2012-07-02,09:40:00 PM,21:40:00,Cold-Dry,2012-07-02 21:40:00,7
16.31050008,-19.30715129,LA14,2012-07-02,10:00:00 PM,22:00:00,Cold-Dry,2012-07-02 22:00:00,7
16.3129364,-19.31146037,LA14,2012-07-02,10:20:00 PM,22:20:00,Cold-Dry,2012-07-02 22:20:00,7
16.31261597,-19.31257935,LA14,2012-07-02,10:40:00 PM,22:40:00,Cold-Dry,2012-07-02 22:40:00,7
16.3126943,-19.31283569,LA14,2012-07-02,11:00:00 PM,23:00:00,Cold-Dry,2012-07-02 23:00:00,7
16.31334839,-19.31346436,LA14,2012-07-02,11:20:00 PM,23:20:00,Cold-Dry,2012-07-02 23:20:00,7
16.31357218,-19.31376546,LA14,2012-07-02,11:40:00 PM,23:40:00,Cold-Dry,2012-07-02 23:40:00,7
16.31362712,-19.31416829,LA14,2012-07-03,12:00:00 AM,00:00:00,Cold-Dry,2012-07-03 00:00:00,7
16.3136495,-19.31415609,LA14,2012-07-03,12:20:00 AM,00:20:00,Cold-Dry,2012-07-03 00:20:00,7
16.31369425,-19.3142334,LA14,2012-07-03,12:40:00 AM,00:40:00,Cold-Dry,2012-07-03 00:40:00,7
16.31447957,-19.31488647,LA14,2012-07-03,01:00:00 AM,01:00:00,Cold-Dry,2012-07-03 01:00:00,7
16.31489054,-19.31518962,LA14,2012-07-03,01:20:00 AM,01:20:00,Cold-Dry,2012-07-03 01:20:00,7
16.31508179,-19.31539103,LA14,2012-07-03,01:40:00 AM,01:40:00,Cold-Dry,2012-07-03 01:40:00,7
16.31550802,-19.31539714,LA14,2012-07-03,02:00:00 AM,02:00:00,Cold-Dry,2012-07-03 02:00:00,7
16.31584778,-19.31513468,LA14,2012-07-03,02:20:00 AM,02:20:00,Cold-Dry,2012-07-03 02:20:00,7
16.31610819,-19.31495361,LA14,2012-07-03,02:40:00 AM,02:40:00,Cold-Dry,2012-07-03 02:40:00,7
16.31615397,-19.31497599,LA14,2012-07-03,03:00:00 AM,03:00:00,Cold-Dry,2012-07-03 03:00:00,7
16.31612956,-19.31495972,LA14,2012-07-03,03:20:00 AM,03:20:00,Cold-Dry,2012-07-03 03:20:00,7
16.3161204,-19.31495158,LA14,2012-07-03,03:40:00 AM,03:40:00,Cold-Dry,2012-07-03 03:40:00,7
16.31611328,-19.31498413,LA14,2012-07-03,04:00:00 AM,04:00:00,Cold-Dry,2012-07-03 04:00:00,7
16.31614176,-19.31494548,LA14,2012-07-03,04:20:00 AM,04:20:00,Cold-Dry,2012-07-03 04:20:00,7
16.31613566,-19.31493937,LA14,2012-07-03,04:40:00 AM,04:40:00,Cold-Dry,2012-07-03 04:40:00,7
16.3164093,-19.31531372,LA14,2012-07-03,05:00:00 AM,05:00:00,Cold-Dry,2012-07-03 05:00:00,7
16.31659342,-19.31554972,LA14,2012-07-03,05:20:00 AM,05:20:00,Cold-Dry,2012-07-03 05:20:00,7
16.31738485,-19.31590983,LA14,2012-07-03,05:40:00 AM,05:40:00,Cold-Dry,2012-07-03 05:40:00,7
16.31843974,-19.31644491,LA14,2012-07-03,06:00:00 AM,06:00:00,Cold-Dry,2012-07-03 06:00:00,7
16.31938273,-19.31615397,LA14,2012-07-03,06:20:00 AM,06:20:00,Cold-Dry,2012-07-03 06:20:00,7
16.31807048,-19.31914063,LA14,2012-07-03,06:40:00 AM,06:40:00,Cold-Dry,2012-07-03 06:40:00,7
16.31729736,-19.31315511,LA14,2012-07-03,07:00:00 AM,07:00:00,Cold-Dry,2012-07-03 07:00:00,7
16.31702677,-19.31254883,LA14,2012-07-03,07:20:00 AM,07:20:00,Cold-Dry,2012-07-03 07:20:00,7
16.31635437,-19.31255493,LA14,2012-07-03,07:40:00 AM,07:40:00,Cold-Dry,2012-07-03 07:40:00,7
16.31638997,-19.31256307,LA14,2012-07-03,08:00:00 AM,08:00:00,Cold-Dry,2012-07-03 08:00:00,7
16.31648966,-19.31253866,LA14,2012-07-03,08:20:00 AM,08:20:00,Cold-Dry,2012-07-03 08:20:00,7
16.31625977,-19.31247762,LA14,2012-07-03,08:40:00 AM,08:40:00,Cold-Dry,2012-07-03 08:40:00,7
16.31527913,-19.31134237,LA14,2012-07-03,09:00:00 AM,09:00:00,Cold-Dry,2012-07-03 09:00:00,7
16.31416626,-19.31111857,LA14,2012-07-03,09:20:00 AM,09:20:00,Cold-Dry,2012-07-03 09:20:00,7
16.3140859,-19.31111654,LA14,2012-07-03,09:40:00 AM,09:40:00,Cold-Dry,2012-07-03 09:40:00,7
16.31417745,-19.31085205,LA14,2012-07-03,10:00:00 AM,10:00:00,Cold-Dry,2012-07-03 10:00:00,7
16.31418762,-19.31086426,LA14,2012-07-03,10:20:00 AM,10:20:00,Cold-Dry,2012-07-03 10:20:00,7
16.31255188,-19.31118978,LA14,2012-07-03,10:40:00 AM,10:40:00,Cold-Dry,2012-07-03 10:40:00,7
16.31203308,-19.31096191,LA14,2012-07-03,11:00:00 AM,11:00:00,Cold-Dry,2012-07-03 11:00:00,7
16.31185506,-19.31087646,LA14,2012-07-03,11:20:00 AM,11:20:00,Cold-Dry,2012-07-03 11:20:00,7
16.31187236,-19.31094157,LA14,2012-07-03,11:40:00 AM,11:40:00,Cold-Dry,2012-07-03 11:40:00,7
16.31184692,-19.31089681,LA14,2012-07-03,12:00:00 PM,12:00:00,Cold-Dry,2012-07-03 12:00:00,7
16.30985006,-19.31055298,LA14,2012-07-03,12:20:00 PM,12:20:00,Cold-Dry,2012-07-03 12:20:00,7
16.30970662,-19.30977783,LA14,2012-07-03,12:40:00 PM,12:40:00,Cold-Dry,2012-07-03 12:40:00,7
16.30972087,-19.30979818,LA14,2012-07-03,01:00:00 PM,13:00:00,Cold-Dry,2012-07-03 13:00:00,7
16.30626221,-19.30781657,LA14,2012-07-03,01:20:00 PM,13:20:00,Cold-Dry,2012-07-03 13:20:00,7
16.30404561,-19.30571899,LA14,2012-07-03,01:40:00 PM,13:40:00,Cold-Dry,2012-07-03 13:40:00,7
16.30204569,-19.30515137,LA14,2012-07-03,02:00:00 PM,14:00:00,Cold-Dry,2012-07-03 14:00:00,7
16.29970703,-19.3051005,LA14,2012-07-03,02:20:00 PM,14:20:00,Cold-Dry,2012-07-03 14:20:00,7
16.29765015,-19.30292358,LA14,2012-07-03,02:40:00 PM,14:40:00,Cold-Dry,2012-07-03 14:40:00,7
16.29760742,-19.29980062,LA14,2012-07-03,03:00:00 PM,15:00:00,Cold-Dry,2012-07-03 15:00:00,7
16.29521281,-19.29691772,LA14,2012-07-03,03:20:00 PM,15:20:00,Cold-Dry,2012-07-03 15:20:00,7
16.29523112,-19.29666951,LA14,2012-07-03,03:40:00 PM,15:40:00,Cold-Dry,2012-07-03 15:40:00,7
16.29410807,-19.29324341,LA14,2012-07-03,04:00:00 PM,16:00:00,Cold-Dry,2012-07-03 16:00:00,7
16.29361064,-19.29141439,LA14,2012-07-03,04:20:00 PM,16:20:00,Cold-Dry,2012-07-03 16:20:00,7
16.29286194,-19.29046021,LA14,2012-07-03,04:40:00 PM,16:40:00,Cold-Dry,2012-07-03 16:40:00,7
16.2918162,-19.2888855,LA14,2012-07-03,05:00:00 PM,17:00:00,Cold-Dry,2012-07-03 17:00:00,7
16.29134725,-19.28816935,LA14,2012-07-03,05:20:00 PM,17:20:00,Cold-Dry,2012-07-03 17:20:00,7
16.29113464,-19.28733114,LA14,2012-07-03,05:40:00 PM,17:40:00,Cold-Dry,2012-07-03 17:40:00,7
16.29145203,-19.28463338,LA14,2012-07-03,06:00:00 PM,18:00:00,Cold-Dry,2012-07-03 18:00:00,7
16.29110209,-19.28141073,LA14,2012-07-03,06:20:00 PM,18:20:00,Cold-Dry,2012-07-03 18:20:00,7
16.29066162,-19.27926432,LA14,2012-07-03,06:40:00 PM,18:40:00,Cold-Dry,2012-07-03 18:40:00,7
16.29046326,-19.27854004,LA14,2012-07-03,07:00:00 PM,19:00:00,Cold-Dry,2012-07-03 19:00:00,7
16.29343974,-19.27155355,LA14,2012-07-03,07:20:00 PM,19:20:00,Cold-Dry,2012-07-03 19:20:00,7
16.29388733,-19.27119141,LA14,2012-07-03,07:40:00 PM,19:40:00,Cold-Dry,2012-07-03 19:40:00,7
16.29419963,-19.27505086,LA14,2012-07-03,08:00:00 PM,20:00:00,Cold-Dry,2012-07-03 20:00:00,7
16.29640503,-19.27841797,LA14,2012-07-03,08:20:00 PM,20:20:00,Cold-Dry,2012-07-03 20:20:00,7
16.29816081,-19.28056234,LA14,2012-07-03,08:40:00 PM,20:40:00,Cold-Dry,2012-07-03 20:40:00,7
16.29911804,-19.28140055,LA14,2012-07-03,09:00:00 PM,21:00:00,Cold-Dry,2012-07-03 21:00:00,7
16.29949137,-19.28263143,LA14,2012-07-03,09:20:00 PM,21:20:00,Cold-Dry,2012-07-03 21:20:00,7
16.30013733,-19.28741252,LA14,2012-07-03,09:40:00 PM,21:40:00,Cold-Dry,2012-07-03 21:40:00,7
16.30086975,-19.29016317,LA14,2012-07-03,10:00:00 PM,22:00:00,Cold-Dry,2012-07-03 22:00:00,7
16.30000203,-19.29216512,LA14,2012-07-03,10:20:00 PM,22:20:00,Cold-Dry,2012-07-03 22:20:00,7
16.30020549,-19.30126953,LA14,2012-07-03,10:40:00 PM,22:40:00,Cold-Dry,2012-07-03 22:40:00,7
16.298762,-19.30935059,LA14,2012-07-03,11:00:00 PM,23:00:00,Cold-Dry,2012-07-03 23:00:00,7
16.2982432,-19.31213379,LA14,2012-07-03,11:20:00 PM,23:20:00,Cold-Dry,2012-07-03 23:20:00,7
16.2990214,-19.31337687,LA14,2012-07-03,11:40:00 PM,23:40:00,Cold-Dry,2012-07-03 23:40:00,7
16.29942932,-19.31495158,LA14,2012-07-04,12:00:00 AM,00:00:00,Cold-Dry,2012-07-04 00:00:00,7
16.29993795,-19.31564738,LA14,2012-07-04,12:20:00 AM,00:20:00,Cold-Dry,2012-07-04 00:20:00,7
16.30066935,-19.31648356,LA14,2012-07-04,12:40:00 AM,00:40:00,Cold-Dry,2012-07-04 00:40:00,7
16.30200195,-19.31940918,LA14,2012-07-04,01:00:00 AM,01:00:00,Cold-Dry,2012-07-04 01:00:00,7
16.30248922,-19.32008057,LA14,2012-07-04,01:20:00 AM,01:20:00,Cold-Dry,2012-07-04 01:20:00,7
16.30380758,-19.31888224,LA14,2012-07-04,01:40:00 AM,01:40:00,Cold-Dry,2012-07-04 01:40:00,7
16.30383403,-19.31889445,LA14,2012-07-04,02:00:00 AM,02:00:00,Cold-Dry,2012-07-04 02:00:00,7
16.30379232,-19.31884969,LA14,2012-07-04,02:20:00 AM,02:20:00,Cold-Dry,2012-07-04 02:20:00,7
16.30421753,-19.31862386,LA14,2012-07-04,02:40:00 AM,02:40:00,Cold-Dry,2012-07-04 02:40:00,7
16.30422567,-19.31858521,LA14,2012-07-04,03:00:00 AM,03:00:00,Cold-Dry,2012-07-04 03:00:00,7
16.3042277,-19.31856689,LA14,2012-07-04,03:20:00 AM,03:20:00,Cold-Dry,2012-07-04 03:20:00,7
16.3042277,-19.31861165,LA14,2012-07-04,03:40:00 AM,03:40:00,Cold-Dry,2012-07-04 03:40:00,7
16.30423381,-19.31859334,LA14,2012-07-04,04:00:00 AM,04:00:00,Cold-Dry,2012-07-04 04:00:00,7
16.30101827,-19.31889445,LA14,2012-07-04,04:20:00 AM,04:20:00,Cold-Dry,2012-07-04 04:20:00,7
16.29875895,-19.31949259,LA14,2012-07-04,04:40:00 AM,04:40:00,Cold-Dry,2012-07-04 04:40:00,7
16.29730225,-19.31991781,LA14,2012-07-04,05:00:00 AM,05:00:00,Cold-Dry,2012-07-04 05:00:00,7
16.29678141,-19.31995239,LA14,2012-07-04,05:20:00 AM,05:20:00,Cold-Dry,2012-07-04 05:20:00,7
16.29592183,-19.31984253,LA14,2012-07-04,05:40:00 AM,05:40:00,Cold-Dry,2012-07-04 05:40:00,7
16.29336955,-19.31842651,LA14,2012-07-04,06:00:00 AM,06:00:00,Cold-Dry,2012-07-04 06:00:00,7
16.2934845,-19.31598714,LA14,2012-07-04,06:20:00 AM,06:20:00,Cold-Dry,2012-07-04 06:20:00,7
16.29232178,-19.31497396,LA14,2012-07-04,06:40:00 AM,06:40:00,Cold-Dry,2012-07-04 06:40:00,7
16.29219869,-19.3139974,LA14,2012-07-04,07:00:00 AM,07:00:00,Cold-Dry,2012-07-04 07:00:00,7
16.29181213,-19.3130778,LA14,2012-07-04,07:20:00 AM,07:20:00,Cold-Dry,2012-07-04 07:20:00,7
16.29141846,-19.3112854,LA14,2012-07-04,07:40:00 AM,07:40:00,Cold-Dry,2012-07-04 07:40:00,7
16.29100138,-19.30962524,LA14,2012-07-04,08:00:00 AM,08:00:00,Cold-Dry,2012-07-04 08:00:00,7
16.2907074,-19.30837606,LA14,2012-07-04,08:20:00 AM,08:20:00,Cold-Dry,2012-07-04 08:20:00,7
16.29062602,-19.30831502,LA14,2012-07-04,08:40:00 AM,08:40:00,Cold-Dry,2012-07-04 08:40:00,7
16.29060771,-19.30734253,LA14,2012-07-04,09:00:00 AM,09:00:00,Cold-Dry,2012-07-04 09:00:00,7
16.29062398,-19.30680135,LA14,2012-07-04,09:20:00 AM,09:20:00,Cold-Dry,2012-07-04 09:20:00,7
16.29080709,-19.30496012,LA14,2012-07-04,09:40:00 AM,09:40:00,Cold-Dry,2012-07-04 09:40:00,7
16.29144999,-19.30044149,LA14,2012-07-04,10:00:00 AM,10:00:00,Cold-Dry,2012-07-04 10:00:00,7
16.29189758,-19.29672241,LA14,2012-07-04,10:20:00 AM,10:20:00,Cold-Dry,2012-07-04 10:20:00,7
16.29366964,-19.2916036,LA14,2012-07-04,10:40:00 AM,10:40:00,Cold-Dry,2012-07-04 10:40:00,7
16.29133199,-19.28473511,LA14,2012-07-04,11:00:00 AM,11:00:00,Cold-Dry,2012-07-04 11:00:00,7
16.29230957,-19.27600098,LA14,2012-07-04,11:20:00 AM,11:20:00,Cold-Dry,2012-07-04 11:20:00,7
16.29427592,-19.27025553,LA14,2012-07-04,11:40:00 AM,11:40:00,Cold-Dry,2012-07-04 11:40:00,7
16.29383036,-19.26845296,LA14,2012-07-04,12:00:00 PM,12:00:00,Cold-Dry,2012-07-04 12:00:00,7
16.29334717,-19.26690674,LA14,2012-07-04,12:20:00 PM,12:20:00,Cold-Dry,2012-07-04 12:20:00,7
16.29336751,-19.26682943,LA14,2012-07-04,12:40:00 PM,12:40:00,Cold-Dry,2012-07-04 12:40:00,7
16.2934082,-19.26674601,LA14,2012-07-04,01:00:00 PM,13:00:00,Cold-Dry,2012-07-04 13:00:00,7
16.29340108,-19.26671956,LA14,2012-07-04,01:20:00 PM,13:20:00,Cold-Dry,2012-07-04 13:20:00,7
16.293396,-19.26672363,LA14,2012-07-04,01:40:00 PM,13:40:00,Cold-Dry,2012-07-04 13:40:00,7
16.29362183,-19.26919963,LA14,2012-07-04,02:00:00 PM,14:00:00,Cold-Dry,2012-07-04 14:00:00,7
16.2936554,-19.27014567,LA14,2012-07-04,02:20:00 PM,14:20:00,Cold-Dry,2012-07-04 14:20:00,7
16.29349874,-19.2705424,LA14,2012-07-04,02:40:00 PM,14:40:00,Cold-Dry,2012-07-04 14:40:00,7
16.29345296,-19.2705485,LA14,2012-07-04,03:00:00 PM,15:00:00,Cold-Dry,2012-07-04 15:00:00,7
16.29346415,-19.27058105,LA14,2012-07-04,03:20:00 PM,15:20:00,Cold-Dry,2012-07-04 15:20:00,7
16.29359639,-19.27051188,LA14,2012-07-04,03:40:00 PM,15:40:00,Cold-Dry,2012-07-04 15:40:00,7
16.29685974,-19.27243449,LA14,2012-07-04,04:00:00 PM,16:00:00,Cold-Dry,2012-07-04 16:00:00,7
16.30024414,-19.27324829,LA14,2012-07-04,04:20:00 PM,16:20:00,Cold-Dry,2012-07-04 16:20:00,7
16.30319926,-19.27328898,LA14,2012-07-04,04:40:00 PM,16:40:00,Cold-Dry,2012-07-04 16:40:00,7
16.30434875,-19.2732666,LA14,2012-07-04,05:00:00 PM,17:00:00,Cold-Dry,2012-07-04 17:00:00,7
16.30477193,-19.27324015,LA14,2012-07-04,05:20:00 PM,17:20:00,Cold-Dry,2012-07-04 17:20:00,7
16.30690409,-19.27425537,LA14,2012-07-04,05:40:00 PM,17:40:00,Cold-Dry,2012-07-04 17:40:00,7
16.30784505,-19.27506104,LA14,2012-07-04,06:00:00 PM,18:00:00,Cold-Dry,2012-07-04 18:00:00,7
16.30962728,-19.27677612,LA14,2012-07-04,06:20:00 PM,18:20:00,Cold-Dry,2012-07-04 18:20:00,7
16.31526286,-19.27861938,LA14,2012-07-04,06:40:00 PM,18:40:00,Cold-Dry,2012-07-04 18:40:00,7
16.3228241,-19.28325399,LA14,2012-07-04,07:00:00 PM,19:00:00,Cold-Dry,2012-07-04 19:00:00,7
16.32378133,-19.28575846,LA14,2012-07-04,07:20:00 PM,19:20:00,Cold-Dry,2012-07-04 19:20:00,7
16.3241272,-19.28743286,LA14,2012-07-04,07:40:00 PM,19:40:00,Cold-Dry,2012-07-04 19:40:00,7
16.32504985,-19.29089559,LA14,2012-07-04,08:00:00 PM,20:00:00,Cold-Dry,2012-07-04 20:00:00,7
16.32433472,-19.29190674,LA14,2012-07-04,08:20:00 PM,20:20:00,Cold-Dry,2012-07-04 20:20:00,7
16.32499695,-19.29268595,LA14,2012-07-04,08:40:00 PM,20:40:00,Cold-Dry,2012-07-04 20:40:00,7
16.32510986,-19.29298706,LA14,2012-07-04,09:00:00 PM,21:00:00,Cold-Dry,2012-07-04 21:00:00,7
16.32583211,-19.29691976,LA14,2012-07-04,09:20:00 PM,21:20:00,Cold-Dry,2012-07-04 21:20:00,7
16.32563477,-19.29749756,LA14,2012-07-04,09:40:00 PM,21:40:00,Cold-Dry,2012-07-04 21:40:00,7
16.32609558,-19.29932048,LA14,2012-07-04,10:00:00 PM,22:00:00,Cold-Dry,2012-07-04 22:00:00,7
16.32586873,-19.30080363,LA14,2012-07-04,10:20:00 PM,22:20:00,Cold-Dry,2012-07-04 22:20:00,7
16.32569478,-19.30181681,LA14,2012-07-04,10:40:00 PM,22:40:00,Cold-Dry,2012-07-04 22:40:00,7
16.32602234,-19.30386556,LA14,2012-07-04,11:00:00 PM,23:00:00,Cold-Dry,2012-07-04 23:00:00,7
16.32555033,-19.30487671,LA14,2012-07-04,11:20:00 PM,23:20:00,Cold-Dry,2012-07-04 23:20:00,7
16.3253418,-19.30617065,LA14,2012-07-04,11:40:00 PM,23:40:00,Cold-Dry,2012-07-04 23:40:00,7
16.32482707,-19.30656535,LA14,2012-07-05,12:00:00 AM,00:00:00,Cold-Dry,2012-07-05 00:00:00,7
16.32466125,-19.30735474,LA14,2012-07-05,12:20:00 AM,00:20:00,Cold-Dry,2012-07-05 00:20:00,7
16.32465719,-19.30736898,LA14,2012-07-05,12:40:00 AM,00:40:00,Cold-Dry,2012-07-05 00:40:00,7
16.32464803,-19.30733846,LA14,2012-07-05,01:00:00 AM,01:00:00,Cold-Dry,2012-07-05 01:00:00,7
16.32465719,-19.30734863,LA14,2012-07-05,01:20:00 AM,01:20:00,Cold-Dry,2012-07-05 01:20:00,7
16.3246287,-19.30734049,LA14,2012-07-05,01:40:00 AM,01:40:00,Cold-Dry,2012-07-05 01:40:00,7
16.32463582,-19.30734049,LA14,2012-07-05,02:00:00 AM,02:00:00,Cold-Dry,2012-07-05 02:00:00,7
16.3245931,-19.30734253,LA14,2012-07-05,02:20:00 AM,02:20:00,Cold-Dry,2012-07-05 02:20:00,7
16.32461039,-19.30742188,LA14,2012-07-05,02:40:00 AM,02:40:00,Cold-Dry,2012-07-05 02:40:00,7
16.32465617,-19.30756632,LA14,2012-07-05,03:00:00 AM,03:00:00,Cold-Dry,2012-07-05 03:00:00,7
16.3244283,-19.30772909,LA14,2012-07-05,03:20:00 AM,03:20:00,Cold-Dry,2012-07-05 03:20:00,7
16.32355855,-19.30857544,LA14,2012-07-05,03:40:00 AM,03:40:00,Cold-Dry,2012-07-05 03:40:00,7
16.32334696,-19.30916138,LA14,2012-07-05,04:00:00 AM,04:00:00,Cold-Dry,2012-07-05 04:00:00,7
16.32284648,-19.30999349,LA14,2012-07-05,04:20:00 AM,04:20:00,Cold-Dry,2012-07-05 04:20:00,7
16.32256673,-19.31097005,LA14,2012-07-05,04:40:00 AM,04:40:00,Cold-Dry,2012-07-05 04:40:00,7
16.32232768,-19.3114502,LA14,2012-07-05,05:00:00 AM,05:00:00,Cold-Dry,2012-07-05 05:00:00,7
16.32271729,-19.31192424,LA14,2012-07-05,05:20:00 AM,05:20:00,Cold-Dry,2012-07-05 05:20:00,7
16.32294922,-19.31247355,LA14,2012-07-05,05:40:00 AM,05:40:00,Cold-Dry,2012-07-05 05:40:00,7
16.3235494,-19.31407878,LA14,2012-07-05,06:00:00 AM,06:00:00,Cold-Dry,2012-07-05 06:00:00,7
16.32587179,-19.31434123,LA14,2012-07-05,06:20:00 AM,06:20:00,Cold-Dry,2012-07-05 06:20:00,7
16.3262502,-19.31454671,LA14,2012-07-05,06:40:00 AM,06:40:00,Cold-Dry,2012-07-05 06:40:00,7
16.32683614,-19.31665853,LA14,2012-07-05,07:00:00 AM,07:00:00,Cold-Dry,2012-07-05 07:00:00,7
16.32707316,-19.3170756,LA14,2012-07-05,07:20:00 AM,07:20:00,Cold-Dry,2012-07-05 07:20:00,7
16.32981567,-19.31969401,LA14,2012-07-05,07:40:00 AM,07:40:00,Cold-Dry,2012-07-05 07:40:00,7
16.32870585,-19.31992798,LA14,2012-07-05,08:00:00 AM,08:00:00,Cold-Dry,2012-07-05 08:00:00,7
16.32887675,-19.31912842,LA14,2012-07-05,08:20:00 AM,08:20:00,Cold-Dry,2012-07-05 08:20:00,7
16.328007,-19.31870728,LA14,2012-07-05,08:40:00 AM,08:40:00,Cold-Dry,2012-07-05 08:40:00,7
16.32778219,-19.31842244,LA14,2012-07-05,09:00:00 AM,09:00:00,Cold-Dry,2012-07-05 09:00:00,7
16.3276357,-19.3184672,LA14,2012-07-05,09:20:00 AM,09:20:00,Cold-Dry,2012-07-05 09:20:00,7
16.327712,-19.31836344,LA14,2012-07-05,09:40:00 AM,09:40:00,Cold-Dry,2012-07-05 09:40:00,7
16.32757975,-19.31834513,LA14,2012-07-05,10:00:00 AM,10:00:00,Cold-Dry,2012-07-05 10:00:00,7
16.32685038,-19.31768595,LA14,2012-07-05,10:20:00 AM,10:20:00,Cold-Dry,2012-07-05 10:20:00,7
16.32632345,-19.31708577,LA14,2012-07-05,10:40:00 AM,10:40:00,Cold-Dry,2012-07-05 10:40:00,7
16.32562866,-19.31634725,LA14,2012-07-05,11:00:00 AM,11:00:00,Cold-Dry,2012-07-05 11:00:00,7
16.3256429,-19.31634928,LA14,2012-07-05,11:20:00 AM,11:20:00,Cold-Dry,2012-07-05 11:20:00,7
16.32564799,-19.31637573,LA14,2012-07-05,11:40:00 AM,11:40:00,Cold-Dry,2012-07-05 11:40:00,7
16.32453003,-19.31588745,LA14,2012-07-05,12:00:00 PM,12:00:00,Cold-Dry,2012-07-05 12:00:00,7
16.32075602,-19.31233521,LA14,2012-07-05,12:20:00 PM,12:20:00,Cold-Dry,2012-07-05 12:20:00,7
16.31856384,-19.31165771,LA14,2012-07-05,12:40:00 PM,12:40:00,Cold-Dry,2012-07-05 12:40:00,7
16.31856283,-19.31165365,LA14,2012-07-05,01:00:00 PM,13:00:00,Cold-Dry,2012-07-05 13:00:00,7
16.31788534,-19.31163127,LA14,2012-07-05,01:20:00 PM,13:20:00,Cold-Dry,2012-07-05 13:20:00,7
16.31709493,-19.31100871,LA14,2012-07-05,01:40:00 PM,13:40:00,Cold-Dry,2012-07-05 13:40:00,7
16.31627808,-19.31061198,LA14,2012-07-05,02:00:00 PM,14:00:00,Cold-Dry,2012-07-05 14:00:00,7
16.31589559,-19.31075236,LA14,2012-07-05,02:20:00 PM,14:20:00,Cold-Dry,2012-07-05 14:20:00,7
16.31328227,-19.31100871,LA14,2012-07-05,02:40:00 PM,14:40:00,Cold-Dry,2012-07-05 14:40:00,7
16.31229045,-19.31043294,LA14,2012-07-05,03:00:00 PM,15:00:00,Cold-Dry,2012-07-05 15:00:00,7
16.31210836,-19.31037394,LA14,2012-07-05,03:20:00 PM,15:20:00,Cold-Dry,2012-07-05 15:20:00,7
16.31136271,-19.30952962,LA14,2012-07-05,03:40:00 PM,15:40:00,Cold-Dry,2012-07-05 15:40:00,7
16.31053467,-19.30906372,LA14,2012-07-05,04:00:00 PM,16:00:00,Cold-Dry,2012-07-05 16:00:00,7
16.30893962,-19.30990194,LA14,2012-07-05,04:20:00 PM,16:20:00,Cold-Dry,2012-07-05 16:20:00,7
16.30836385,-19.31062419,LA14,2012-07-05,04:40:00 PM,16:40:00,Cold-Dry,2012-07-05 16:40:00,7
16.30810445,-19.31097819,LA14,2012-07-05,05:00:00 PM,17:00:00,Cold-Dry,2012-07-05 17:00:00,7
16.30748291,-19.31169434,LA14,2012-07-05,05:20:00 PM,17:20:00,Cold-Dry,2012-07-05 17:20:00,7
16.30718587,-19.31185099,LA14,2012-07-05,05:40:00 PM,17:40:00,Cold-Dry,2012-07-05 17:40:00,7
16.30679932,-19.31213582,LA14,2012-07-05,06:00:00 PM,18:00:00,Cold-Dry,2012-07-05 18:00:00,7
16.30625814,-19.31228638,LA14,2012-07-05,06:20:00 PM,18:20:00,Cold-Dry,2012-07-05 18:20:00,7
16.30582886,-19.31228231,LA14,2012-07-05,06:40:00 PM,18:40:00,Cold-Dry,2012-07-05 18:40:00,7
16.30526021,-19.31229655,LA14,2012-07-05,07:00:00 PM,19:00:00,Cold-Dry,2012-07-05 19:00:00,7
16.30451457,-19.31229045,LA14,2012-07-05,07:20:00 PM,19:20:00,Cold-Dry,2012-07-05 19:20:00,7
16.30399475,-19.31265666,LA14,2012-07-05,07:40:00 PM,19:40:00,Cold-Dry,2012-07-05 19:40:00,7
16.30281779,-19.31293335,LA14,2012-07-05,08:00:00 PM,20:00:00,Cold-Dry,2012-07-05 20:00:00,7
16.3018575,-19.31222534,LA14,2012-07-05,08:20:00 PM,20:20:00,Cold-Dry,2012-07-05 20:20:00,7
16.30057475,-19.31098429,LA14,2012-07-05,08:40:00 PM,20:40:00,Cold-Dry,2012-07-05 20:40:00,7
16.2994812,-19.31009928,LA14,2012-07-05,09:00:00 PM,21:00:00,Cold-Dry,2012-07-05 21:00:00,7
16.29904073,-19.30836182,LA14,2012-07-05,09:20:00 PM,21:20:00,Cold-Dry,2012-07-05 21:20:00,7
16.29844666,-19.30444132,LA14,2012-07-05,09:40:00 PM,21:40:00,Cold-Dry,2012-07-05 21:40:00,7
16.29819132,-19.30401408,LA14,2012-07-05,10:00:00 PM,22:00:00,Cold-Dry,2012-07-05 22:00:00,7
16.29737854,-19.30315145,LA14,2012-07-05,10:20:00 PM,22:20:00,Cold-Dry,2012-07-05 22:20:00,7
16.29717407,-19.30099487,LA14,2012-07-05,10:40:00 PM,22:40:00,Cold-Dry,2012-07-05 22:40:00,7
16.29493713,-19.29759115,LA14,2012-07-05,11:00:00 PM,23:00:00,Cold-Dry,2012-07-05 23:00:00,7
16.29313151,-19.29590658,LA14,2012-07-05,11:20:00 PM,23:20:00,Cold-Dry,2012-07-05 23:20:00,7
16.29258118,-19.29006551,LA14,2012-07-05,11:40:00 PM,23:40:00,Cold-Dry,2012-07-05 23:40:00,7
16.29112447,-19.28185425,LA14,2012-07-06,12:00:00 AM,00:00:00,Cold-Dry,2012-07-06 00:00:00,7
16.29335531,-19.27368164,LA14,2012-07-06,12:20:00 AM,00:20:00,Cold-Dry,2012-07-06 00:20:00,7
16.29340515,-19.27102865,LA14,2012-07-06,12:40:00 AM,00:40:00,Cold-Dry,2012-07-06 00:40:00,7
16.29330648,-19.27038981,LA14,2012-07-06,01:00:00 AM,01:00:00,Cold-Dry,2012-07-06 01:00:00,7
16.2903595,-19.26864014,LA14,2012-07-06,01:20:00 AM,01:20:00,Cold-Dry,2012-07-06 01:20:00,7
16.28826396,-19.26624552,LA14,2012-07-06,01:40:00 AM,01:40:00,Cold-Dry,2012-07-06 01:40:00,7
16.28643901,-19.26460775,LA14,2012-07-06,02:00:00 AM,02:00:00,Cold-Dry,2012-07-06 02:00:00,7
16.28469747,-19.26395671,LA14,2012-07-06,02:20:00 AM,02:20:00,Cold-Dry,2012-07-06 02:20:00,7
16.28447876,-19.26389771,LA14,2012-07-06,02:40:00 AM,02:40:00,Cold-Dry,2012-07-06 02:40:00,7
16.28335571,-19.26345825,LA14,2012-07-06,03:00:00 AM,03:00:00,Cold-Dry,2012-07-06 03:00:00,7
16.28299052,-19.26319377,LA14,2012-07-06,03:20:00 AM,03:20:00,Cold-Dry,2012-07-06 03:20:00,7
16.28159485,-19.26253052,LA14,2012-07-06,03:40:00 AM,03:40:00,Cold-Dry,2012-07-06 03:40:00,7
16.28087972,-19.26183268,LA14,2012-07-06,04:00:00 AM,04:00:00,Cold-Dry,2012-07-06 04:00:00,7
16.28072408,-19.26222127,LA14,2012-07-06,04:20:00 AM,04:20:00,Cold-Dry,2012-07-06 04:20:00,7
16.27937826,-19.26116536,LA14,2012-07-06,04:40:00 AM,04:40:00,Cold-Dry,2012-07-06 04:40:00,7
16.27928772,-19.26112671,LA14,2012-07-06,05:00:00 AM,05:00:00,Cold-Dry,2012-07-06 05:00:00,7
16.27956543,-19.26103516,LA14,2012-07-06,05:20:00 AM,05:20:00,Cold-Dry,2012-07-06 05:20:00,7
16.278184,-19.2595988,LA14,2012-07-06,05:40:00 AM,05:40:00,Cold-Dry,2012-07-06 05:40:00,7
16.2770813,-19.25835368,LA14,2012-07-06,06:00:00 AM,06:00:00,Cold-Dry,2012-07-06 06:00:00,7
16.27658488,-19.25775757,LA14,2012-07-06,06:20:00 AM,06:20:00,Cold-Dry,2012-07-06 06:20:00,7
16.27406311,-19.25729777,LA14,2012-07-06,06:40:00 AM,06:40:00,Cold-Dry,2012-07-06 06:40:00,7
16.27121785,-19.25665283,LA14,2012-07-06,07:00:00 AM,07:00:00,Cold-Dry,2012-07-06 07:00:00,7
16.27007345,-19.25655924,LA14,2012-07-06,07:20:00 AM,07:20:00,Cold-Dry,2012-07-06 07:20:00,7
16.26606547,-19.25611165,LA14,2012-07-06,07:40:00 AM,07:40:00,Cold-Dry,2012-07-06 07:40:00,7
16.26289876,-19.25617269,LA14,2012-07-06,08:00:00 AM,08:00:00,Cold-Dry,2012-07-06 08:00:00,7
16.25998332,-19.25616455,LA14,2012-07-06,08:20:00 AM,08:20:00,Cold-Dry,2012-07-06 08:20:00,7
16.2561971,-19.25766195,LA14,2012-07-06,08:40:00 AM,08:40:00,Cold-Dry,2012-07-06 08:40:00,7
16.25334676,-19.25809733,LA14,2012-07-06,09:00:00 AM,09:00:00,Cold-Dry,2012-07-06 09:00:00,7
16.24894613,-19.25873617,LA14,2012-07-06,09:20:00 AM,09:20:00,Cold-Dry,2012-07-06 09:20:00,7
16.24474894,-19.26014811,LA14,2012-07-06,09:40:00 AM,09:40:00,Cold-Dry,2012-07-06 09:40:00,7
16.23730367,-19.25973918,LA14,2012-07-06,10:00:00 AM,10:00:00,Cold-Dry,2012-07-06 10:00:00,7
16.23103333,-19.25738729,LA14,2012-07-06,10:20:00 AM,10:20:00,Cold-Dry,2012-07-06 10:20:00,7
16.22860718,-19.25700277,LA14,2012-07-06,10:40:00 AM,10:40:00,Cold-Dry,2012-07-06 10:40:00,7
16.22683004,-19.25510254,LA14,2012-07-06,11:00:00 AM,11:00:00,Cold-Dry,2012-07-06 11:00:00,7
16.22616069,-19.25511882,LA14,2012-07-06,11:20:00 AM,11:20:00,Cold-Dry,2012-07-06 11:20:00,7
16.22613627,-19.25511271,LA14,2012-07-06,11:40:00 AM,11:40:00,Cold-Dry,2012-07-06 11:40:00,7
16.22619527,-19.25509847,LA14,2012-07-06,12:00:00 PM,12:00:00,Cold-Dry,2012-07-06 12:00:00,7
16.22621358,-19.2550944,LA14,2012-07-06,12:20:00 PM,12:20:00,Cold-Dry,2012-07-06 12:20:00,7
16.22175903,-19.25394694,LA14,2012-07-06,12:40:00 PM,12:40:00,Cold-Dry,2012-07-06 12:40:00,7
16.22010701,-19.25214844,LA14,2012-07-06,01:00:00 PM,13:00:00,Cold-Dry,2012-07-06 13:00:00,7
16.21933492,-19.25138346,LA14,2012-07-06,01:20:00 PM,13:20:00,Cold-Dry,2012-07-06 13:20:00,7
16.21919352,-19.25117188,LA14,2012-07-06,01:40:00 PM,13:40:00,Cold-Dry,2012-07-06 13:40:00,7
16.21893209,-19.25091146,LA14,2012-07-06,02:00:00 PM,14:00:00,Cold-Dry,2012-07-06 14:00:00,7
16.2186615,-19.25073853,LA14,2012-07-06,02:20:00 PM,14:20:00,Cold-Dry,2012-07-06 14:20:00,7
16.21866353,-19.25072428,LA14,2012-07-06,02:40:00 PM,14:40:00,Cold-Dry,2012-07-06 14:40:00,7
16.21649068,-19.25004272,LA14,2012-07-06,03:00:00 PM,15:00:00,Cold-Dry,2012-07-06 15:00:00,7
16.21493123,-19.24764201,LA14,2012-07-06,03:20:00 PM,15:20:00,Cold-Dry,2012-07-06 15:20:00,7
16.2136027,-19.24723918,LA14,2012-07-06,03:40:00 PM,15:40:00,Cold-Dry,2012-07-06 15:40:00,7
16.21159973,-19.24535929,LA14,2012-07-06,04:00:00 PM,16:00:00,Cold-Dry,2012-07-06 16:00:00,7
16.21092122,-19.24344076,LA14,2012-07-06,04:20:00 PM,16:20:00,Cold-Dry,2012-07-06 16:20:00,7
16.21001485,-19.23915609,LA14,2012-07-06,04:40:00 PM,16:40:00,Cold-Dry,2012-07-06 16:40:00,7
16.20982056,-19.23747762,LA14,2012-07-06,05:00:00 PM,17:00:00,Cold-Dry,2012-07-06 17:00:00,7
16.20495402,-19.23443197,LA14,2012-07-06,05:20:00 PM,17:20:00,Cold-Dry,2012-07-06 17:20:00,7
16.20265605,-19.23217163,LA14,2012-07-06,05:40:00 PM,17:40:00,Cold-Dry,2012-07-06 17:40:00,7
16.20000203,-19.23038127,LA14,2012-07-06,06:00:00 PM,18:00:00,Cold-Dry,2012-07-06 18:00:00,7
16.19841003,-19.22743123,LA14,2012-07-06,06:20:00 PM,18:20:00,Cold-Dry,2012-07-06 18:20:00,7
16.19500326,-19.21944987,LA14,2012-07-06,06:40:00 PM,18:40:00,Cold-Dry,2012-07-06 18:40:00,7
16.19156799,-19.21163737,LA14,2012-07-06,07:00:00 PM,19:00:00,Cold-Dry,2012-07-06 19:00:00,7
16.19360758,-19.2049825,LA14,2012-07-06,07:20:00 PM,19:20:00,Cold-Dry,2012-07-06 19:20:00,7
16.19128825,-19.20688273,LA14,2012-07-06,07:40:00 PM,19:40:00,Cold-Dry,2012-07-06 19:40:00,7
16.19118245,-19.2070638,LA14,2012-07-06,08:00:00 PM,20:00:00,Cold-Dry,2012-07-06 20:00:00,7
16.19030151,-19.20656535,LA14,2012-07-06,08:20:00 PM,20:20:00,Cold-Dry,2012-07-06 20:20:00,7
16.18853251,-19.2072998,LA14,2012-07-06,08:40:00 PM,20:40:00,Cold-Dry,2012-07-06 20:40:00,7
16.18723043,-19.20732829,LA14,2012-07-06,09:00:00 PM,21:00:00,Cold-Dry,2012-07-06 21:00:00,7
16.18720601,-19.20739136,LA14,2012-07-06,09:20:00 PM,21:20:00,Cold-Dry,2012-07-06 21:20:00,7
16.18622742,-19.20706787,LA14,2012-07-06,09:40:00 PM,21:40:00,Cold-Dry,2012-07-06 21:40:00,7
16.18488871,-19.20663859,LA14,2012-07-06,10:00:00 PM,22:00:00,Cold-Dry,2012-07-06 22:00:00,7
16.18238118,-19.20738322,LA14,2012-07-06,10:20:00 PM,22:20:00,Cold-Dry,2012-07-06 22:20:00,7
16.18223368,-19.20719604,LA14,2012-07-06,10:40:00 PM,22:40:00,Cold-Dry,2012-07-06 22:40:00,7
16.1816508,-19.20704753,LA14,2012-07-06,11:00:00 PM,23:00:00,Cold-Dry,2012-07-06 23:00:00,7
16.17916667,-19.20772095,LA14,2012-07-06,11:20:00 PM,23:20:00,Cold-Dry,2012-07-06 23:20:00,7
16.17715759,-19.20799764,LA14,2012-07-06,11:40:00 PM,23:40:00,Cold-Dry,2012-07-06 23:40:00,7
16.17659709,-19.20862223,LA14,2012-07-07,12:00:00 AM,00:00:00,Cold-Dry,2012-07-07 00:00:00,7
16.17649129,-19.20909831,LA14,2012-07-07,12:20:00 AM,00:20:00,Cold-Dry,2012-07-07 00:20:00,7
16.17650248,-19.20904744,LA14,2012-07-07,12:40:00 AM,00:40:00,Cold-Dry,2012-07-07 00:40:00,7
16.17648214,-19.20906982,LA14,2012-07-07,01:00:00 AM,01:00:00,Cold-Dry,2012-07-07 01:00:00,7
16.176533,-19.20904541,LA14,2012-07-07,01:20:00 AM,01:20:00,Cold-Dry,2012-07-07 01:20:00,7
16.17604574,-19.20926107,LA14,2012-07-07,01:40:00 AM,01:40:00,Cold-Dry,2012-07-07 01:40:00,7
16.1756307,-19.2092631,LA14,2012-07-07,02:00:00 AM,02:00:00,Cold-Dry,2012-07-07 02:00:00,7
16.175059,-19.20979614,LA14,2012-07-07,02:20:00 AM,02:20:00,Cold-Dry,2012-07-07 02:20:00,7
16.17435404,-19.21014201,LA14,2012-07-07,02:40:00 AM,02:40:00,Cold-Dry,2012-07-07 02:40:00,7
16.17379456,-19.2104187,LA14,2012-07-07,03:00:00 AM,03:00:00,Cold-Dry,2012-07-07 03:00:00,7
16.17378845,-19.21042277,LA14,2012-07-07,03:20:00 AM,03:20:00,Cold-Dry,2012-07-07 03:20:00,7
16.17376912,-19.21041056,LA14,2012-07-07,03:40:00 AM,03:40:00,Cold-Dry,2012-07-07 03:40:00,7
16.17378947,-19.21041667,LA14,2012-07-07,04:00:00 AM,04:00:00,Cold-Dry,2012-07-07 04:00:00,7
16.17380473,-19.21043905,LA14,2012-07-07,04:20:00 AM,04:20:00,Cold-Dry,2012-07-07 04:20:00,7
16.17379761,-19.21042277,LA14,2012-07-07,04:40:00 AM,04:40:00,Cold-Dry,2012-07-07 04:40:00,7
16.17382914,-19.21039836,LA14,2012-07-07,05:00:00 AM,05:00:00,Cold-Dry,2012-07-07 05:00:00,7
16.17335612,-19.21109212,LA14,2012-07-07,05:20:00 AM,05:20:00,Cold-Dry,2012-07-07 05:20:00,7
16.171757,-19.21232096,LA14,2012-07-07,05:40:00 AM,05:40:00,Cold-Dry,2012-07-07 05:40:00,7
16.17099406,-19.21271362,LA14,2012-07-07,06:00:00 AM,06:00:00,Cold-Dry,2012-07-07 06:00:00,7
16.170401,-19.21346029,LA14,2012-07-07,06:20:00 AM,06:20:00,Cold-Dry,2012-07-07 06:20:00,7
16.16908264,-19.21466471,LA14,2012-07-07,06:40:00 AM,06:40:00,Cold-Dry,2012-07-07 06:40:00,7
16.16810303,-19.21588745,LA14,2012-07-07,07:00:00 AM,07:00:00,Cold-Dry,2012-07-07 07:00:00,7
16.16730448,-19.21798503,LA14,2012-07-07,07:20:00 AM,07:20:00,Cold-Dry,2012-07-07 07:20:00,7
16.16646932,-19.2193217,LA14,2012-07-07,07:40:00 AM,07:40:00,Cold-Dry,2012-07-07 07:40:00,7
16.16552022,-19.22052002,LA14,2012-07-07,08:00:00 AM,08:00:00,Cold-Dry,2012-07-07 08:00:00,7
16.16225077,-19.22202148,LA14,2012-07-07,08:20:00 AM,08:20:00,Cold-Dry,2012-07-07 08:20:00,7
16.1602712,-19.22413127,LA14,2012-07-07,08:40:00 AM,08:40:00,Cold-Dry,2012-07-07 08:40:00,7
16.15794576,-19.22547404,LA14,2012-07-07,09:00:00 AM,09:00:00,Cold-Dry,2012-07-07 09:00:00,7
16.15496928,-19.2273641,LA14,2012-07-07,09:20:00 AM,09:20:00,Cold-Dry,2012-07-07 09:20:00,7
16.15218506,-19.23000081,LA14,2012-07-07,09:40:00 AM,09:40:00,Cold-Dry,2012-07-07 09:40:00,7
16.14800822,-19.23193563,LA14,2012-07-07,10:00:00 AM,10:00:00,Cold-Dry,2012-07-07 10:00:00,7
16.14075419,-19.23539836,LA14,2012-07-07,10:20:00 AM,10:20:00,Cold-Dry,2012-07-07 10:20:00,7
16.13271891,-19.23799438,LA14,2012-07-07,10:40:00 AM,10:40:00,Cold-Dry,2012-07-07 10:40:00,7
16.1317749,-19.23868612,LA14,2012-07-07,11:00:00 AM,11:00:00,Cold-Dry,2012-07-07 11:00:00,7
16.12962036,-19.23679403,LA14,2012-07-07,11:20:00 AM,11:20:00,Cold-Dry,2012-07-07 11:20:00,7
16.12901306,-19.23587646,LA14,2012-07-07,11:40:00 AM,11:40:00,Cold-Dry,2012-07-07 11:40:00,7
16.12860718,-19.23523763,LA14,2012-07-07,12:00:00 PM,12:00:00,Cold-Dry,2012-07-07 12:00:00,7
16.12886251,-19.23500163,LA14,2012-07-07,12:20:00 PM,12:20:00,Cold-Dry,2012-07-07 12:20:00,7
16.12947795,-19.23490194,LA14,2012-07-07,12:40:00 PM,12:40:00,Cold-Dry,2012-07-07 12:40:00,7
16.12977498,-19.2350647,LA14,2012-07-07,01:00:00 PM,13:00:00,Cold-Dry,2012-07-07 13:00:00,7
16.12985636,-19.23545939,LA14,2012-07-07,01:20:00 PM,13:20:00,Cold-Dry,2012-07-07 13:20:00,7
16.13009847,-19.23591309,LA14,2012-07-07,01:40:00 PM,13:40:00,Cold-Dry,2012-07-07 13:40:00,7
16.13086853,-19.23623454,LA14,2012-07-07,02:00:00 PM,14:00:00,Cold-Dry,2012-07-07 14:00:00,7
16.13134766,-19.23689575,LA14,2012-07-07,02:20:00 PM,14:20:00,Cold-Dry,2012-07-07 14:20:00,7
16.1303599,-19.23592733,LA14,2012-07-07,02:40:00 PM,14:40:00,Cold-Dry,2012-07-07 14:40:00,7
16.12903748,-19.23462118,LA14,2012-07-07,03:00:00 PM,15:00:00,Cold-Dry,2012-07-07 15:00:00,7
16.12790324,-19.2337443,LA14,2012-07-07,03:20:00 PM,15:20:00,Cold-Dry,2012-07-07 15:20:00,7
16.12760417,-19.23320923,LA14,2012-07-07,03:40:00 PM,15:40:00,Cold-Dry,2012-07-07 15:40:00,7
16.12730713,-19.23261108,LA14,2012-07-07,04:00:00 PM,16:00:00,Cold-Dry,2012-07-07 16:00:00,7
16.12731425,-19.23151449,LA14,2012-07-07,04:20:00 PM,16:20:00,Cold-Dry,2012-07-07 16:20:00,7
16.12681783,-19.23108521,LA14,2012-07-07,04:40:00 PM,16:40:00,Cold-Dry,2012-07-07 16:40:00,7
16.12439779,-19.22792155,LA14,2012-07-07,05:00:00 PM,17:00:00,Cold-Dry,2012-07-07 17:00:00,7
16.12347717,-19.22584025,LA14,2012-07-07,05:20:00 PM,17:20:00,Cold-Dry,2012-07-07 17:20:00,7
16.12356974,-19.22538452,LA14,2012-07-07,05:40:00 PM,17:40:00,Cold-Dry,2012-07-07 17:40:00,7
16.12381592,-19.22445272,LA14,2012-07-07,06:00:00 PM,18:00:00,Cold-Dry,2012-07-07 18:00:00,7
16.12488607,-19.22380575,LA14,2012-07-07,06:20:00 PM,18:20:00,Cold-Dry,2012-07-07 18:20:00,7
16.12505188,-19.22331543,LA14,2012-07-07,06:40:00 PM,18:40:00,Cold-Dry,2012-07-07 18:40:00,7
16.12482503,-19.22267049,LA14,2012-07-07,07:00:00 PM,19:00:00,Cold-Dry,2012-07-07 19:00:00,7
16.12513936,-19.22199097,LA14,2012-07-07,07:20:00 PM,19:20:00,Cold-Dry,2012-07-07 19:20:00,7
16.12538452,-19.22210897,LA14,2012-07-07,07:40:00 PM,19:40:00,Cold-Dry,2012-07-07 19:40:00,7
16.12519124,-19.22160238,LA14,2012-07-07,08:00:00 PM,20:00:00,Cold-Dry,2012-07-07 20:00:00,7
16.12504781,-19.22173462,LA14,2012-07-07,08:20:00 PM,20:20:00,Cold-Dry,2012-07-07 20:20:00,7
16.12504069,-19.22174072,LA14,2012-07-07,08:40:00 PM,20:40:00,Cold-Dry,2012-07-07 20:40:00,7
16.12429606,-19.22161662,LA14,2012-07-07,09:00:00 PM,21:00:00,Cold-Dry,2012-07-07 21:00:00,7
16.12409058,-19.2211202,LA14,2012-07-07,09:20:00 PM,21:20:00,Cold-Dry,2012-07-07 21:20:00,7
16.12414449,-19.22076213,LA14,2012-07-07,09:40:00 PM,21:40:00,Cold-Dry,2012-07-07 21:40:00,7
16.12389425,-19.22035522,LA14,2012-07-07,10:00:00 PM,22:00:00,Cold-Dry,2012-07-07 22:00:00,7
16.12403971,-19.2200765,LA14,2012-07-07,10:20:00 PM,22:20:00,Cold-Dry,2012-07-07 22:20:00,7
16.12411296,-19.21967367,LA14,2012-07-07,10:40:00 PM,22:40:00,Cold-Dry,2012-07-07 22:40:00,7
16.12397359,-19.2178772,LA14,2012-07-07,11:00:00 PM,23:00:00,Cold-Dry,2012-07-07 23:00:00,7
16.12366435,-19.21749674,LA14,2012-07-07,11:20:00 PM,23:20:00,Cold-Dry,2012-07-07 23:20:00,7
16.12335002,-19.21697795,LA14,2012-07-07,11:40:00 PM,23:40:00,Cold-Dry,2012-07-07 23:40:00,7
16.12314758,-19.21639201,LA14,2012-07-08,12:00:00 AM,00:00:00,Cold-Dry,2012-07-08 00:00:00,7
16.12323201,-19.21572876,LA14,2012-07-08,12:20:00 AM,00:20:00,Cold-Dry,2012-07-08 00:20:00,7
16.12359416,-19.21525472,LA14,2012-07-08,12:40:00 AM,00:40:00,Cold-Dry,2012-07-08 00:40:00,7
16.12310893,-19.21421102,LA14,2012-07-08,01:00:00 AM,01:00:00,Cold-Dry,2012-07-08 01:00:00,7
16.12265727,-19.21361694,LA14,2012-07-08,01:20:00 AM,01:20:00,Cold-Dry,2012-07-08 01:20:00,7
16.12243245,-19.21326294,LA14,2012-07-08,01:40:00 AM,01:40:00,Cold-Dry,2012-07-08 01:40:00,7
16.12273356,-19.21314494,LA14,2012-07-08,02:00:00 AM,02:00:00,Cold-Dry,2012-07-08 02:00:00,7
16.12273356,-19.21311035,LA14,2012-07-08,02:20:00 AM,02:20:00,Cold-Dry,2012-07-08 02:20:00,7
16.12273153,-19.21309204,LA14,2012-07-08,02:40:00 AM,02:40:00,Cold-Dry,2012-07-08 02:40:00,7
16.1227417,-19.21312663,LA14,2012-07-08,03:00:00 AM,03:00:00,Cold-Dry,2012-07-08 03:00:00,7
16.12273254,-19.21312052,LA14,2012-07-08,03:20:00 AM,03:20:00,Cold-Dry,2012-07-08 03:20:00,7
16.12272441,-19.21313273,LA14,2012-07-08,03:40:00 AM,03:40:00,Cold-Dry,2012-07-08 03:40:00,7
16.12274068,-19.21312459,LA14,2012-07-08,04:00:00 AM,04:00:00,Cold-Dry,2012-07-08 04:00:00,7
16.12272542,-19.21310425,LA14,2012-07-08,04:20:00 AM,04:20:00,Cold-Dry,2012-07-08 04:20:00,7
16.12263285,-19.21297607,LA14,2012-07-08,04:40:00 AM,04:40:00,Cold-Dry,2012-07-08 04:40:00,7
16.12237651,-19.21271362,LA14,2012-07-08,05:00:00 AM,05:00:00,Cold-Dry,2012-07-08 05:00:00,7
16.12175802,-19.21229045,LA14,2012-07-08,05:20:00 AM,05:20:00,Cold-Dry,2012-07-08 05:20:00,7
16.1215271,-19.21187134,LA14,2012-07-08,05:40:00 AM,05:40:00,Cold-Dry,2012-07-08 05:40:00,7
16.11952209,-19.2119283,LA14,2012-07-08,06:00:00 AM,06:00:00,Cold-Dry,2012-07-08 06:00:00,7
16.11792501,-19.21216227,LA14,2012-07-08,06:20:00 AM,06:20:00,Cold-Dry,2012-07-08 06:20:00,7
16.1147878,-19.21248983,LA14,2012-07-08,06:40:00 AM,06:40:00,Cold-Dry,2012-07-08 06:40:00,7
16.11343282,-19.21241455,LA14,2012-07-08,07:00:00 AM,07:00:00,Cold-Dry,2012-07-08 07:00:00,7
16.11215719,-19.21240438,LA14,2012-07-08,07:20:00 AM,07:20:00,Cold-Dry,2012-07-08 07:20:00,7
16.11135356,-19.21233724,LA14,2012-07-08,07:40:00 AM,07:40:00,Cold-Dry,2012-07-08 07:40:00,7
16.11030172,-19.21262004,LA14,2012-07-08,08:00:00 AM,08:00:00,Cold-Dry,2012-07-08 08:00:00,7
16.10980225,-19.21260579,LA14,2012-07-08,08:20:00 AM,08:20:00,Cold-Dry,2012-07-08 08:20:00,7
16.10896606,-19.21240845,LA14,2012-07-08,08:40:00 AM,08:40:00,Cold-Dry,2012-07-08 08:40:00,7
16.10792033,-19.21211751,LA14,2012-07-08,09:00:00 AM,09:00:00,Cold-Dry,2012-07-08 09:00:00,7
16.10791321,-19.21206258,LA14,2012-07-08,09:20:00 AM,09:20:00,Cold-Dry,2012-07-08 09:20:00,7
16.10791829,-19.21206258,LA14,2012-07-08,09:40:00 AM,09:40:00,Cold-Dry,2012-07-08 09:40:00,7
16.10792643,-19.21205444,LA14,2012-07-08,10:00:00 AM,10:00:00,Cold-Dry,2012-07-08 10:00:00,7
16.10720927,-19.21179606,LA14,2012-07-08,10:20:00 AM,10:20:00,Cold-Dry,2012-07-08 10:20:00,7
16.10712585,-19.21193441,LA14,2012-07-08,10:40:00 AM,10:40:00,Cold-Dry,2012-07-08 10:40:00,7
16.10546773,-19.21187948,LA14,2012-07-08,11:00:00 AM,11:00:00,Cold-Dry,2012-07-08 11:00:00,7
16.10462036,-19.21176961,LA14,2012-07-08,11:20:00 AM,11:20:00,Cold-Dry,2012-07-08 11:20:00,7
16.10279032,-19.21193237,LA14,2012-07-08,11:40:00 AM,11:40:00,Cold-Dry,2012-07-08 11:40:00,7
16.10276591,-19.21203613,LA14,2012-07-08,12:00:00 PM,12:00:00,Cold-Dry,2012-07-08 12:00:00,7
16.09951274,-19.21047567,LA14,2012-07-08,12:20:00 PM,12:20:00,Cold-Dry,2012-07-08 12:20:00,7
16.09765727,-19.21050618,LA14,2012-07-08,12:40:00 PM,12:40:00,Cold-Dry,2012-07-08 12:40:00,7
16.09491475,-19.20969645,LA14,2012-07-08,01:00:00 PM,13:00:00,Cold-Dry,2012-07-08 13:00:00,7
16.09329936,-19.20974731,LA14,2012-07-08,01:20:00 PM,13:20:00,Cold-Dry,2012-07-08 13:20:00,7
16.09259135,-19.20997925,LA14,2012-07-08,01:40:00 PM,13:40:00,Cold-Dry,2012-07-08 13:40:00,7
16.09258525,-19.20996704,LA14,2012-07-08,02:00:00 PM,14:00:00,Cold-Dry,2012-07-08 14:00:00,7
16.09257711,-19.2100057,LA14,2012-07-08,02:20:00 PM,14:20:00,Cold-Dry,2012-07-08 14:20:00,7
16.08927511,-19.20841268,LA14,2012-07-08,02:40:00 PM,14:40:00,Cold-Dry,2012-07-08 14:40:00,7
16.08084717,-19.20802409,LA14,2012-07-08,03:00:00 PM,15:00:00,Cold-Dry,2012-07-08 15:00:00,7
16.0755544,-19.20713094,LA14,2012-07-08,03:20:00 PM,15:20:00,Cold-Dry,2012-07-08 15:20:00,7
16.07051188,-19.20911662,LA14,2012-07-08,03:40:00 PM,15:40:00,Cold-Dry,2012-07-08 15:40:00,7
16.06438599,-19.21062622,LA14,2012-07-08,04:00:00 PM,16:00:00,Cold-Dry,2012-07-08 16:00:00,7
16.05871582,-19.21311035,LA14,2012-07-08,04:20:00 PM,16:20:00,Cold-Dry,2012-07-08 16:20:00,7
16.05865275,-19.21329549,LA14,2012-07-08,04:40:00 PM,16:40:00,Cold-Dry,2012-07-08 16:40:00,7
16.05870972,-19.21323649,LA14,2012-07-08,05:00:00 PM,17:00:00,Cold-Dry,2012-07-08 17:00:00,7
16.05871073,-19.21360474,LA14,2012-07-08,05:20:00 PM,17:20:00,Cold-Dry,2012-07-08 17:20:00,7
16.05728455,-19.21501261,LA14,2012-07-08,05:40:00 PM,17:40:00,Cold-Dry,2012-07-08 17:40:00,7
16.05236104,-19.2204834,LA14,2012-07-08,06:00:00 PM,18:00:00,Cold-Dry,2012-07-08 18:00:00,7
16.04797668,-19.22385254,LA14,2012-07-08,06:20:00 PM,18:20:00,Cold-Dry,2012-07-08 18:20:00,7
16.04614563,-19.22443848,LA14,2012-07-08,06:40:00 PM,18:40:00,Cold-Dry,2012-07-08 18:40:00,7
16.04513346,-19.22502441,LA14,2012-07-08,07:00:00 PM,19:00:00,Cold-Dry,2012-07-08 19:00:00,7
16.04431458,-19.22539063,LA14,2012-07-08,07:20:00 PM,19:20:00,Cold-Dry,2012-07-08 19:20:00,7
16.04199117,-19.22626953,LA14,2012-07-08,07:40:00 PM,19:40:00,Cold-Dry,2012-07-08 19:40:00,7
16.03600057,-19.22935791,LA14,2012-07-08,08:00:00 PM,20:00:00,Cold-Dry,2012-07-08 20:00:00,7
16.03092448,-19.23074544,LA14,2012-07-08,08:20:00 PM,20:20:00,Cold-Dry,2012-07-08 20:20:00,7
16.03047994,-19.23064779,LA14,2012-07-08,08:40:00 PM,20:40:00,Cold-Dry,2012-07-08 20:40:00,7
16.02920634,-19.23098551,LA14,2012-07-08,09:00:00 PM,21:00:00,Cold-Dry,2012-07-08 21:00:00,7
16.02882182,-19.23108317,LA14,2012-07-08,09:20:00 PM,21:20:00,Cold-Dry,2012-07-08 21:20:00,7
16.02847595,-19.23137207,LA14,2012-07-08,09:40:00 PM,21:40:00,Cold-Dry,2012-07-08 21:40:00,7
16.02850749,-19.23153076,LA14,2012-07-08,10:00:00 PM,22:00:00,Cold-Dry,2012-07-08 22:00:00,7
16.0277537,-19.23176473,LA14,2012-07-08,10:20:00 PM,22:20:00,Cold-Dry,2012-07-08 22:20:00,7
16.02483927,-19.23236491,LA14,2012-07-08,10:40:00 PM,22:40:00,Cold-Dry,2012-07-08 22:40:00,7
16.02428487,-19.23211466,LA14,2012-07-08,11:00:00 PM,23:00:00,Cold-Dry,2012-07-08 23:00:00,7
16.02336426,-19.23262126,LA14,2012-07-08,11:20:00 PM,23:20:00,Cold-Dry,2012-07-08 23:20:00,7
16.02220662,-19.23364461,LA14,2012-07-08,11:40:00 PM,23:40:00,Cold-Dry,2012-07-08 23:40:00,7
16.02163696,-19.23439535,LA14,2012-07-09,12:00:00 AM,00:00:00,Cold-Dry,2012-07-09 00:00:00,7
16.02073466,-19.23511556,LA14,2012-07-09,12:20:00 AM,00:20:00,Cold-Dry,2012-07-09 00:20:00,7
16.02030843,-19.23595378,LA14,2012-07-09,12:40:00 AM,00:40:00,Cold-Dry,2012-07-09 00:40:00,7
16.01996358,-19.23622843,LA14,2012-07-09,01:00:00 AM,01:00:00,Cold-Dry,2012-07-09 01:00:00,7
16.01996969,-19.2362325,LA14,2012-07-09,01:20:00 AM,01:20:00,Cold-Dry,2012-07-09 01:20:00,7
16.02000326,-19.23617757,LA14,2012-07-09,01:40:00 AM,01:40:00,Cold-Dry,2012-07-09 01:40:00,7
16.01995951,-19.23618774,LA14,2012-07-09,02:00:00 AM,02:00:00,Cold-Dry,2012-07-09 02:00:00,7
16.01996969,-19.23620402,LA14,2012-07-09,02:20:00 AM,02:20:00,Cold-Dry,2012-07-09 02:20:00,7
16.01997681,-19.23620605,LA14,2012-07-09,02:40:00 AM,02:40:00,Cold-Dry,2012-07-09 02:40:00,7
16.01996867,-19.23620809,LA14,2012-07-09,03:00:00 AM,03:00:00,Cold-Dry,2012-07-09 03:00:00,7
16.01998596,-19.23619588,LA14,2012-07-09,03:20:00 AM,03:20:00,Cold-Dry,2012-07-09 03:20:00,7
16.01995748,-19.23618164,LA14,2012-07-09,03:40:00 AM,03:40:00,Cold-Dry,2012-07-09 03:40:00,7
16.01997884,-19.23624674,LA14,2012-07-09,04:00:00 AM,04:00:00,Cold-Dry,2012-07-09 04:00:00,7
16.01984863,-19.23634847,LA14,2012-07-09,04:20:00 AM,04:20:00,Cold-Dry,2012-07-09 04:20:00,7
16.01975301,-19.2363444,LA14,2012-07-09,04:40:00 AM,04:40:00,Cold-Dry,2012-07-09 04:40:00,7
16.01944987,-19.23661092,LA14,2012-07-09,05:00:00 AM,05:00:00,Cold-Dry,2012-07-09 05:00:00,7
16.0195577,-19.23677165,LA14,2012-07-09,05:20:00 AM,05:20:00,Cold-Dry,2012-07-09 05:20:00,7
16.01977132,-19.23703206,LA14,2012-07-09,05:40:00 AM,05:40:00,Cold-Dry,2012-07-09 05:40:00,7
16.02003174,-19.23699951,LA14,2012-07-09,06:00:00 AM,06:00:00,Cold-Dry,2012-07-09 06:00:00,7
16.01990458,-19.23674113,LA14,2012-07-09,06:20:00 AM,06:20:00,Cold-Dry,2012-07-09 06:20:00,7
16.01956991,-19.23649902,LA14,2012-07-09,06:40:00 AM,06:40:00,Cold-Dry,2012-07-09 06:40:00,7
16.01934509,-19.23608195,LA14,2012-07-09,07:00:00 AM,07:00:00,Cold-Dry,2012-07-09 07:00:00,7
16.01939697,-19.23587443,LA14,2012-07-09,07:20:00 AM,07:20:00,Cold-Dry,2012-07-09 07:20:00,7
16.01883341,-19.23488566,LA14,2012-07-09,07:40:00 AM,07:40:00,Cold-Dry,2012-07-09 07:40:00,7
16.01869202,-19.23439535,LA14,2012-07-09,08:00:00 AM,08:00:00,Cold-Dry,2012-07-09 08:00:00,7
16.01817729,-19.23391724,LA14,2012-07-09,08:20:00 AM,08:20:00,Cold-Dry,2012-07-09 08:20:00,7
16.01854858,-19.23201294,LA14,2012-07-09,08:40:00 AM,08:40:00,Cold-Dry,2012-07-09 08:40:00,7
16.01887004,-19.23120117,LA14,2012-07-09,09:00:00 AM,09:00:00,Cold-Dry,2012-07-09 09:00:00,7
16.01875916,-19.23140462,LA14,2012-07-09,09:20:00 AM,09:20:00,Cold-Dry,2012-07-09 09:20:00,7
16.01875203,-19.23138428,LA14,2012-07-09,09:40:00 AM,09:40:00,Cold-Dry,2012-07-09 09:40:00,7
16.01874491,-19.23138224,LA14,2012-07-09,10:00:00 AM,10:00:00,Cold-Dry,2012-07-09 10:00:00,7
16.01875102,-19.23139038,LA14,2012-07-09,10:20:00 AM,10:20:00,Cold-Dry,2012-07-09 10:20:00,7
16.01875814,-19.23135783,LA14,2012-07-09,10:40:00 AM,10:40:00,Cold-Dry,2012-07-09 10:40:00,7
16.01875203,-19.23137817,LA14,2012-07-09,11:00:00 AM,11:00:00,Cold-Dry,2012-07-09 11:00:00,7
16.01874898,-19.23138428,LA14,2012-07-09,11:20:00 AM,11:20:00,Cold-Dry,2012-07-09 11:20:00,7
16.01874695,-19.23136597,LA14,2012-07-09,11:40:00 AM,11:40:00,Cold-Dry,2012-07-09 11:40:00,7
16.01869507,-19.23025513,LA14,2012-07-09,12:00:00 PM,12:00:00,Cold-Dry,2012-07-09 12:00:00,7
16.01892904,-19.22960815,LA14,2012-07-09,12:20:00 PM,12:20:00,Cold-Dry,2012-07-09 12:20:00,7
16.01933594,-19.22865194,LA14,2012-07-09,12:40:00 PM,12:40:00,Cold-Dry,2012-07-09 12:40:00,7
16.01999613,-19.22798258,LA14,2012-07-09,01:00:00 PM,13:00:00,Cold-Dry,2012-07-09 13:00:00,7
16.02111715,-19.22812907,LA14,2012-07-09,01:20:00 PM,13:20:00,Cold-Dry,2012-07-09 13:20:00,7
16.02134399,-19.22756755,LA14,2012-07-09,01:40:00 PM,13:40:00,Cold-Dry,2012-07-09 13:40:00,7
16.02157389,-19.22729899,LA14,2012-07-09,02:00:00 PM,14:00:00,Cold-Dry,2012-07-09 14:00:00,7
16.02139181,-19.22698568,LA14,2012-07-09,02:20:00 PM,14:20:00,Cold-Dry,2012-07-09 14:20:00,7
16.02141622,-19.22599487,LA14,2012-07-09,02:40:00 PM,14:40:00,Cold-Dry,2012-07-09 14:40:00,7
16.02213949,-19.22580566,LA14,2012-07-09,03:00:00 PM,15:00:00,Cold-Dry,2012-07-09 15:00:00,7
16.02306519,-19.22554321,LA14,2012-07-09,03:20:00 PM,15:20:00,Cold-Dry,2012-07-09 15:20:00,7
16.02372335,-19.2257609,LA14,2012-07-09,03:40:00 PM,15:40:00,Cold-Dry,2012-07-09 15:40:00,7
16.02441203,-19.22573242,LA14,2012-07-09,04:00:00 PM,16:00:00,Cold-Dry,2012-07-09 16:00:00,7
16.02519328,-19.22628988,LA14,2012-07-09,04:20:00 PM,16:20:00,Cold-Dry,2012-07-09 16:20:00,7
16.02543132,-19.22628174,LA14,2012-07-09,04:40:00 PM,16:40:00,Cold-Dry,2012-07-09 16:40:00,7
16.02636719,-19.22548625,LA14,2012-07-09,05:00:00 PM,17:00:00,Cold-Dry,2012-07-09 17:00:00,7
16.02878825,-19.22492676,LA14,2012-07-09,05:20:00 PM,17:20:00,Cold-Dry,2012-07-09 17:20:00,7
16.03093363,-19.22372233,LA14,2012-07-09,05:40:00 PM,17:40:00,Cold-Dry,2012-07-09 17:40:00,7
16.03400777,-19.22291463,LA14,2012-07-09,06:00:00 PM,18:00:00,Cold-Dry,2012-07-09 18:00:00,7
16.03563232,-19.22176717,LA14,2012-07-09,06:20:00 PM,18:20:00,Cold-Dry,2012-07-09 18:20:00,7
16.03826803,-19.21899618,LA14,2012-07-09,06:40:00 PM,18:40:00,Cold-Dry,2012-07-09 18:40:00,7
16.04559326,-19.21652018,LA14,2012-07-09,07:00:00 PM,19:00:00,Cold-Dry,2012-07-09 19:00:00,7
16.0509257,-19.21565145,LA14,2012-07-09,07:20:00 PM,19:20:00,Cold-Dry,2012-07-09 19:20:00,7
16.05875346,-19.21315918,LA14,2012-07-09,07:40:00 PM,19:40:00,Cold-Dry,2012-07-09 19:40:00,7
16.0588857,-19.2133016,LA14,2012-07-09,08:00:00 PM,20:00:00,Cold-Dry,2012-07-09 20:00:00,7
16.05829569,-19.21427409,LA14,2012-07-09,08:20:00 PM,20:20:00,Cold-Dry,2012-07-09 20:20:00,7
16.05674947,-19.21772461,LA14,2012-07-09,08:40:00 PM,20:40:00,Cold-Dry,2012-07-09 20:40:00,7
16.05689596,-19.21789958,LA14,2012-07-09,09:00:00 PM,21:00:00,Cold-Dry,2012-07-09 21:00:00,7
16.04842122,-19.2258016,LA14,2012-07-09,09:20:00 PM,21:20:00,Cold-Dry,2012-07-09 21:20:00,7
16.04388835,-19.22861328,LA14,2012-07-09,09:40:00 PM,21:40:00,Cold-Dry,2012-07-09 21:40:00,7
16.03577474,-19.23312988,LA14,2012-07-09,10:00:00 PM,22:00:00,Cold-Dry,2012-07-09 22:00:00,7
16.03153992,-19.23532918,LA14,2012-07-09,10:20:00 PM,22:20:00,Cold-Dry,2012-07-09 22:20:00,7
16.0282196,-19.23633016,LA14,2012-07-09,10:40:00 PM,22:40:00,Cold-Dry,2012-07-09 22:40:00,7
16.02663879,-19.23691406,LA14,2012-07-09,11:00:00 PM,23:00:00,Cold-Dry,2012-07-09 23:00:00,7
16.02528585,-19.23773193,LA14,2012-07-09,11:20:00 PM,23:20:00,Cold-Dry,2012-07-09 23:20:00,7
16.02499084,-19.23789063,LA14,2012-07-09,11:40:00 PM,23:40:00,Cold-Dry,2012-07-09 23:40:00,7
16.02413534,-19.23814087,LA14,2012-07-10,12:00:00 AM,00:00:00,Cold-Dry,2012-07-10 00:00:00,7
16.02366435,-19.23817139,LA14,2012-07-10,12:20:00 AM,00:20:00,Cold-Dry,2012-07-10 00:20:00,7
16.0234314,-19.23775838,LA14,2012-07-10,12:40:00 AM,00:40:00,Cold-Dry,2012-07-10 00:40:00,7
16.02332052,-19.23773193,LA14,2012-07-10,01:00:00 AM,01:00:00,Cold-Dry,2012-07-10 01:00:00,7
16.02302043,-19.23762817,LA14,2012-07-10,01:20:00 AM,01:20:00,Cold-Dry,2012-07-10 01:20:00,7
16.02210999,-19.23743693,LA14,2012-07-10,01:40:00 AM,01:40:00,Cold-Dry,2012-07-10 01:40:00,7
16.0209137,-19.23742065,LA14,2012-07-10,02:00:00 AM,02:00:00,Cold-Dry,2012-07-10 02:00:00,7
16.02035929,-19.23717855,LA14,2012-07-10,02:20:00 AM,02:20:00,Cold-Dry,2012-07-10 02:20:00,7
16.02080892,-19.23746745,LA14,2012-07-10,02:40:00 AM,02:40:00,Cold-Dry,2012-07-10 02:40:00,7
16.02081197,-19.23754679,LA14,2012-07-10,03:00:00 AM,03:00:00,Cold-Dry,2012-07-10 03:00:00,7
16.02079875,-19.23747152,LA14,2012-07-10,03:20:00 AM,03:20:00,Cold-Dry,2012-07-10 03:20:00,7
16.02081807,-19.23752035,LA14,2012-07-10,03:40:00 AM,03:40:00,Cold-Dry,2012-07-10 03:40:00,7
16.02081095,-19.23754476,LA14,2012-07-10,04:00:00 AM,04:00:00,Cold-Dry,2012-07-10 04:00:00,7
16.02081095,-19.23753662,LA14,2012-07-10,04:20:00 AM,04:20:00,Cold-Dry,2012-07-10 04:20:00,7
16.02081807,-19.23756104,LA14,2012-07-10,04:40:00 AM,04:40:00,Cold-Dry,2012-07-10 04:40:00,7
16.02076009,-19.23749797,LA14,2012-07-10,05:00:00 AM,05:00:00,Cold-Dry,2012-07-10 05:00:00,7
16.02021688,-19.23735148,LA14,2012-07-10,05:20:00 AM,05:20:00,Cold-Dry,2012-07-10 05:20:00,7
16.01978353,-19.23671061,LA14,2012-07-10,05:40:00 AM,05:40:00,Cold-Dry,2012-07-10 05:40:00,7
16.01977539,-19.23572795,LA14,2012-07-10,06:00:00 AM,06:00:00,Cold-Dry,2012-07-10 06:00:00,7
16.01946411,-19.23483683,LA14,2012-07-10,06:20:00 AM,06:20:00,Cold-Dry,2012-07-10 06:20:00,7
16.01917725,-19.23387248,LA14,2012-07-10,06:40:00 AM,06:40:00,Cold-Dry,2012-07-10 06:40:00,7
16.01883341,-19.23312174,LA14,2012-07-10,07:00:00 AM,07:00:00,Cold-Dry,2012-07-10 07:00:00,7
16.01859843,-19.23267212,LA14,2012-07-10,07:20:00 AM,07:20:00,Cold-Dry,2012-07-10 07:20:00,7
16.01873576,-19.23204956,LA14,2012-07-10,07:40:00 AM,07:40:00,Cold-Dry,2012-07-10 07:40:00,7
16.01876221,-19.23180542,LA14,2012-07-10,08:00:00 AM,08:00:00,Cold-Dry,2012-07-10 08:00:00,7
16.0187144,-19.23174642,LA14,2012-07-10,08:20:00 AM,08:20:00,Cold-Dry,2012-07-10 08:20:00,7
16.01870321,-19.23185425,LA14,2012-07-10,08:40:00 AM,08:40:00,Cold-Dry,2012-07-10 08:40:00,7
16.01872152,-19.23180949,LA14,2012-07-10,09:00:00 AM,09:00:00,Cold-Dry,2012-07-10 09:00:00,7
16.01875814,-19.23178101,LA14,2012-07-10,09:20:00 AM,09:20:00,Cold-Dry,2012-07-10 09:20:00,7
16.01877136,-19.23181763,LA14,2012-07-10,09:40:00 AM,09:40:00,Cold-Dry,2012-07-10 09:40:00,7
16.01878866,-19.23184408,LA14,2012-07-10,10:00:00 AM,10:00:00,Cold-Dry,2012-07-10 10:00:00,7
16.01850891,-19.23162842,LA14,2012-07-10,10:20:00 AM,10:20:00,Cold-Dry,2012-07-10 10:20:00,7
16.01887105,-19.23069458,LA14,2012-07-10,10:40:00 AM,10:40:00,Cold-Dry,2012-07-10 10:40:00,7
16.01787516,-19.22940674,LA14,2012-07-10,11:00:00 AM,11:00:00,Cold-Dry,2012-07-10 11:00:00,7
16.01764425,-19.2277771,LA14,2012-07-10,11:20:00 AM,11:20:00,Cold-Dry,2012-07-10 11:20:00,7
16.01766052,-19.22624715,LA14,2012-07-10,11:40:00 AM,11:40:00,Cold-Dry,2012-07-10 11:40:00,7
16.01768494,-19.22519531,LA14,2012-07-10,12:00:00 PM,12:00:00,Cold-Dry,2012-07-10 12:00:00,7
16.01748454,-19.22400716,LA14,2012-07-10,12:20:00 PM,12:20:00,Cold-Dry,2012-07-10 12:20:00,7
16.01789449,-19.22288411,LA14,2012-07-10,12:40:00 PM,12:40:00,Cold-Dry,2012-07-10 12:40:00,7
16.01664632,-19.22108358,LA14,2012-07-10,01:00:00 PM,13:00:00,Cold-Dry,2012-07-10 13:00:00,7
16.01484273,-19.21905518,LA14,2012-07-10,01:20:00 PM,13:20:00,Cold-Dry,2012-07-10 13:20:00,7
16.01376953,-19.21760254,LA14,2012-07-10,01:40:00 PM,13:40:00,Cold-Dry,2012-07-10 13:40:00,7
16.0134786,-19.21728516,LA14,2012-07-10,02:00:00 PM,14:00:00,Cold-Dry,2012-07-10 14:00:00,7
16.01199443,-19.21496989,LA14,2012-07-10,02:20:00 PM,14:20:00,Cold-Dry,2012-07-10 14:20:00,7
16.0116984,-19.2145284,LA14,2012-07-10,02:40:00 PM,14:40:00,Cold-Dry,2012-07-10 14:40:00,7
16.01082967,-19.21390991,LA14,2012-07-10,03:00:00 PM,15:00:00,Cold-Dry,2012-07-10 15:00:00,7
16.00914001,-19.21291911,LA14,2012-07-10,03:20:00 PM,15:20:00,Cold-Dry,2012-07-10 15:20:00,7
16.00727844,-19.21028646,LA14,2012-07-10,03:40:00 PM,15:40:00,Cold-Dry,2012-07-10 15:40:00,7
16.00542094,-19.20518799,LA14,2012-07-10,04:00:00 PM,16:00:00,Cold-Dry,2012-07-10 16:00:00,7
16.00182699,-19.20217285,LA14,2012-07-10,04:20:00 PM,16:20:00,Cold-Dry,2012-07-10 16:20:00,7
15.9990448,-19.19886678,LA14,2012-07-10,04:40:00 PM,16:40:00,Cold-Dry,2012-07-10 16:40:00,7
15.99763184,-19.19721069,LA14,2012-07-10,05:00:00 PM,17:00:00,Cold-Dry,2012-07-10 17:00:00,7
15.99582113,-19.19240519,LA14,2012-07-10,05:20:00 PM,17:20:00,Cold-Dry,2012-07-10 17:20:00,7
15.99508158,-19.18922323,LA14,2012-07-10,05:40:00 PM,17:40:00,Cold-Dry,2012-07-10 17:40:00,7
15.99456075,-19.18645223,LA14,2012-07-10,06:00:00 PM,18:00:00,Cold-Dry,2012-07-10 18:00:00,7
15.99590149,-19.18045451,LA14,2012-07-10,06:20:00 PM,18:20:00,Cold-Dry,2012-07-10 18:20:00,7
15.99479065,-19.17412516,LA14,2012-07-10,06:40:00 PM,18:40:00,Cold-Dry,2012-07-10 18:40:00,7
15.99571635,-19.16357829,LA14,2012-07-10,07:00:00 PM,19:00:00,Cold-Dry,2012-07-10 19:00:00,7
15.99576111,-19.16313477,LA14,2012-07-10,07:20:00 PM,19:20:00,Cold-Dry,2012-07-10 19:20:00,7
15.99579264,-19.16319173,LA14,2012-07-10,07:40:00 PM,19:40:00,Cold-Dry,2012-07-10 19:40:00,7
15.99178162,-19.16509806,LA14,2012-07-10,08:00:00 PM,20:00:00,Cold-Dry,2012-07-10 20:00:00,7
15.98348592,-19.16902873,LA14,2012-07-10,08:20:00 PM,20:20:00,Cold-Dry,2012-07-10 20:20:00,7
15.98005676,-19.171993,LA14,2012-07-10,08:40:00 PM,20:40:00,Cold-Dry,2012-07-10 20:40:00,7
15.97601217,-19.17708537,LA14,2012-07-10,09:00:00 PM,21:00:00,Cold-Dry,2012-07-10 21:00:00,7
15.96817017,-19.18221436,LA14,2012-07-10,09:20:00 PM,21:20:00,Cold-Dry,2012-07-10 21:20:00,7
15.96533915,-19.18376058,LA14,2012-07-10,09:40:00 PM,21:40:00,Cold-Dry,2012-07-10 21:40:00,7
15.96279806,-19.18659261,LA14,2012-07-10,10:00:00 PM,22:00:00,Cold-Dry,2012-07-10 22:00:00,7
15.96066996,-19.18789469,LA14,2012-07-10,10:20:00 PM,22:20:00,Cold-Dry,2012-07-10 22:20:00,7
15.95674032,-19.1881368,LA14,2012-07-10,10:40:00 PM,22:40:00,Cold-Dry,2012-07-10 22:40:00,7
15.95417277,-19.18855387,LA14,2012-07-10,11:00:00 PM,23:00:00,Cold-Dry,2012-07-10 23:00:00,7
15.94760844,-19.18822428,LA14,2012-07-10,11:20:00 PM,23:20:00,Cold-Dry,2012-07-10 23:20:00,7
15.94095866,-19.1876709,LA14,2012-07-10,11:40:00 PM,23:40:00,Cold-Dry,2012-07-10 23:40:00,7
15.93089803,-19.1883606,LA14,2012-07-11,12:00:00 AM,00:00:00,Cold-Dry,2012-07-11 00:00:00,7
15.91848348,-19.18516439,LA14,2012-07-11,12:20:00 AM,00:20:00,Cold-Dry,2012-07-11 00:20:00,7
15.91454875,-19.18173014,LA14,2012-07-11,12:40:00 AM,00:40:00,Cold-Dry,2012-07-11 00:40:00,7
15.90791626,-19.18679606,LA14,2012-07-11,01:00:00 AM,01:00:00,Cold-Dry,2012-07-11 01:00:00,7
15.90581563,-19.19357503,LA14,2012-07-11,01:20:00 AM,01:20:00,Cold-Dry,2012-07-11 01:20:00,7
15.9054952,-19.19473063,LA14,2012-07-11,01:40:00 AM,01:40:00,Cold-Dry,2012-07-11 01:40:00,7
15.90496928,-19.19772746,LA14,2012-07-11,02:00:00 AM,02:00:00,Cold-Dry,2012-07-11 02:00:00,7
15.90325216,-19.20288289,LA14,2012-07-11,02:20:00 AM,02:20:00,Cold-Dry,2012-07-11 02:20:00,7
15.90247396,-19.2071228,LA14,2012-07-11,02:40:00 AM,02:40:00,Cold-Dry,2012-07-11 02:40:00,7
15.90048218,-19.21043498,LA14,2012-07-11,03:00:00 AM,03:00:00,Cold-Dry,2012-07-11 03:00:00,7
15.89948324,-19.21169027,LA14,2012-07-11,03:20:00 AM,03:20:00,Cold-Dry,2012-07-11 03:20:00,7
15.89915568,-19.21218058,LA14,2012-07-11,03:40:00 AM,03:40:00,Cold-Dry,2012-07-11 03:40:00,7
15.89915975,-19.21217855,LA14,2012-07-11,04:00:00 AM,04:00:00,Cold-Dry,2012-07-11 04:00:00,7
15.89869486,-19.21267497,LA14,2012-07-11,04:20:00 AM,04:20:00,Cold-Dry,2012-07-11 04:20:00,7
15.89867859,-19.21269328,LA14,2012-07-11,04:40:00 AM,04:40:00,Cold-Dry,2012-07-11 04:40:00,7
15.89867452,-19.21270752,LA14,2012-07-11,05:00:00 AM,05:00:00,Cold-Dry,2012-07-11 05:00:00,7
15.89917603,-19.21317342,LA14,2012-07-11,05:20:00 AM,05:20:00,Cold-Dry,2012-07-11 05:20:00,7
15.89919332,-19.2141744,LA14,2012-07-11,05:40:00 AM,05:40:00,Cold-Dry,2012-07-11 05:40:00,7
15.89981893,-19.21557007,LA14,2012-07-11,06:00:00 AM,06:00:00,Cold-Dry,2012-07-11 06:00:00,7
15.89964498,-19.21640015,LA14,2012-07-11,06:20:00 AM,06:20:00,Cold-Dry,2012-07-11 06:20:00,7
15.89980469,-19.2173116,LA14,2012-07-11,06:40:00 AM,06:40:00,Cold-Dry,2012-07-11 06:40:00,7
15.90065613,-19.21806844,LA14,2012-07-11,07:00:00 AM,07:00:00,Cold-Dry,2012-07-11 07:00:00,7
15.90085958,-19.21772868,LA14,2012-07-11,07:20:00 AM,07:20:00,Cold-Dry,2012-07-11 07:20:00,7
15.90088094,-19.21734416,LA14,2012-07-11,07:40:00 AM,07:40:00,Cold-Dry,2012-07-11 07:40:00,7
15.90084432,-19.2173645,LA14,2012-07-11,08:00:00 AM,08:00:00,Cold-Dry,2012-07-11 08:00:00,7
15.90073853,-19.2166097,LA14,2012-07-11,08:20:00 AM,08:20:00,Cold-Dry,2012-07-11 08:20:00,7
15.90079142,-19.21656901,LA14,2012-07-11,08:40:00 AM,08:40:00,Cold-Dry,2012-07-11 08:40:00,7
15.90074565,-19.21656901,LA14,2012-07-11,09:00:00 AM,09:00:00,Cold-Dry,2012-07-11 09:00:00,7
15.9007487,-19.21659546,LA14,2012-07-11,09:20:00 AM,09:20:00,Cold-Dry,2012-07-11 09:20:00,7
15.90072327,-19.2166097,LA14,2012-07-11,09:40:00 AM,09:40:00,Cold-Dry,2012-07-11 09:40:00,7
15.90087789,-19.21647949,LA14,2012-07-11,10:00:00 AM,10:00:00,Cold-Dry,2012-07-11 10:00:00,7
15.90089111,-19.2165568,LA14,2012-07-11,10:20:00 AM,10:20:00,Cold-Dry,2012-07-11 10:20:00,7
15.90090027,-19.21655273,LA14,2012-07-11,10:40:00 AM,10:40:00,Cold-Dry,2012-07-11 10:40:00,7
15.90076803,-19.21629842,LA14,2012-07-11,11:00:00 AM,11:00:00,Cold-Dry,2012-07-11 11:00:00,7
15.90131429,-19.21546224,LA14,2012-07-11,11:20:00 AM,11:20:00,Cold-Dry,2012-07-11 11:20:00,7
15.90129089,-19.21502279,LA14,2012-07-11,11:40:00 AM,11:40:00,Cold-Dry,2012-07-11 11:40:00,7
15.90218099,-19.21447957,LA14,2012-07-11,12:00:00 PM,12:00:00,Cold-Dry,2012-07-11 12:00:00,7
15.90220235,-19.21447144,LA14,2012-07-11,12:20:00 PM,12:20:00,Cold-Dry,2012-07-11 12:20:00,7
15.90406291,-19.21329346,LA14,2012-07-11,12:40:00 PM,12:40:00,Cold-Dry,2012-07-11 12:40:00,7
15.90443217,-19.21196289,LA14,2012-07-11,01:00:00 PM,13:00:00,Cold-Dry,2012-07-11 13:00:00,7
15.90608012,-19.21050415,LA14,2012-07-11,01:20:00 PM,13:20:00,Cold-Dry,2012-07-11 13:20:00,7
15.90708516,-19.20893962,LA14,2012-07-11,01:40:00 PM,13:40:00,Cold-Dry,2012-07-11 13:40:00,7
15.90717367,-19.20855713,LA14,2012-07-11,02:00:00 PM,14:00:00,Cold-Dry,2012-07-11 14:00:00,7
15.90794067,-19.20559082,LA14,2012-07-11,02:20:00 PM,14:20:00,Cold-Dry,2012-07-11 14:20:00,7
15.90720011,-19.20073242,LA14,2012-07-11,02:40:00 PM,14:40:00,Cold-Dry,2012-07-11 14:40:00,7
15.90746765,-19.19807332,LA14,2012-07-11,03:00:00 PM,15:00:00,Cold-Dry,2012-07-11 15:00:00,7
15.90712891,-19.19577026,LA14,2012-07-11,03:20:00 PM,15:20:00,Cold-Dry,2012-07-11 15:20:00,7
15.9092509,-19.18923543,LA14,2012-07-11,03:40:00 PM,15:40:00,Cold-Dry,2012-07-11 15:40:00,7
15.91414897,-19.18195597,LA14,2012-07-11,04:00:00 PM,16:00:00,Cold-Dry,2012-07-11 16:00:00,7
15.91544393,-19.18121745,LA14,2012-07-11,04:20:00 PM,16:20:00,Cold-Dry,2012-07-11 16:20:00,7
15.91520894,-19.1849589,LA14,2012-07-11,04:40:00 PM,16:40:00,Cold-Dry,2012-07-11 16:40:00,7
15.91571147,-19.18827108,LA14,2012-07-11,05:00:00 PM,17:00:00,Cold-Dry,2012-07-11 17:00:00,7
15.91622416,-19.19013062,LA14,2012-07-11,05:20:00 PM,17:20:00,Cold-Dry,2012-07-11 17:20:00,7
15.91675313,-19.19465739,LA14,2012-07-11,05:40:00 PM,17:40:00,Cold-Dry,2012-07-11 17:40:00,7
15.9167745,-19.19488322,LA14,2012-07-11,06:00:00 PM,18:00:00,Cold-Dry,2012-07-11 18:00:00,7
15.91667684,-19.19738566,LA14,2012-07-11,06:20:00 PM,18:20:00,Cold-Dry,2012-07-11 18:20:00,7
15.91449992,-19.20197957,LA14,2012-07-11,06:40:00 PM,18:40:00,Cold-Dry,2012-07-11 18:40:00,7
15.91448975,-19.20323283,LA14,2012-07-11,07:00:00 PM,19:00:00,Cold-Dry,2012-07-11 19:00:00,7
15.91337179,-19.20551961,LA14,2012-07-11,07:20:00 PM,19:20:00,Cold-Dry,2012-07-11 19:20:00,7
15.91315715,-19.20832113,LA14,2012-07-11,07:40:00 PM,19:40:00,Cold-Dry,2012-07-11 19:40:00,7
15.91302897,-19.21009725,LA14,2012-07-11,08:00:00 PM,20:00:00,Cold-Dry,2012-07-11 20:00:00,7
15.91300456,-19.21074422,LA14,2012-07-11,08:20:00 PM,20:20:00,Cold-Dry,2012-07-11 20:20:00,7
15.91226603,-19.21142171,LA14,2012-07-11,08:40:00 PM,20:40:00,Cold-Dry,2012-07-11 20:40:00,7
15.91103516,-19.21416829,LA14,2012-07-11,09:00:00 PM,21:00:00,Cold-Dry,2012-07-11 21:00:00,7
15.91027527,-19.21501058,LA14,2012-07-11,09:20:00 PM,21:20:00,Cold-Dry,2012-07-11 21:20:00,7
15.91002197,-19.21532593,LA14,2012-07-11,09:40:00 PM,21:40:00,Cold-Dry,2012-07-11 21:40:00,7
15.90971375,-19.21574097,LA14,2012-07-11,10:00:00 PM,22:00:00,Cold-Dry,2012-07-11 22:00:00,7
15.90849813,-19.21683553,LA14,2012-07-11,10:20:00 PM,22:20:00,Cold-Dry,2012-07-11 22:20:00,7
15.9075236,-19.21764323,LA14,2012-07-11,10:40:00 PM,22:40:00,Cold-Dry,2012-07-11 22:40:00,7
15.90738729,-19.21781413,LA14,2012-07-11,11:00:00 PM,23:00:00,Cold-Dry,2012-07-11 23:00:00,7
15.90726624,-19.21796061,LA14,2012-07-11,11:20:00 PM,23:20:00,Cold-Dry,2012-07-11 23:20:00,7
15.90716248,-19.21848348,LA14,2012-07-11,11:40:00 PM,23:40:00,Cold-Dry,2012-07-11 23:40:00,7
15.90714722,-19.21884969,LA14,2012-07-12,12:00:00 AM,00:00:00,Cold-Dry,2012-07-12 00:00:00,7
15.90708923,-19.21924845,LA14,2012-07-12,12:20:00 AM,00:20:00,Cold-Dry,2012-07-12 00:20:00,7
15.90610453,-19.22027588,LA14,2012-07-12,12:40:00 AM,00:40:00,Cold-Dry,2012-07-12 00:40:00,7
15.90619507,-19.22026774,LA14,2012-07-12,01:00:00 AM,01:00:00,Cold-Dry,2012-07-12 01:00:00,7
15.90610758,-19.22034098,LA14,2012-07-12,01:20:00 AM,01:20:00,Cold-Dry,2012-07-12 01:20:00,7
15.90606283,-19.22031047,LA14,2012-07-12,01:40:00 AM,01:40:00,Cold-Dry,2012-07-12 01:40:00,7
15.90609233,-19.2203064,LA14,2012-07-12,02:00:00 AM,02:00:00,Cold-Dry,2012-07-12 02:00:00,7
15.90606283,-19.22033081,LA14,2012-07-12,02:20:00 AM,02:20:00,Cold-Dry,2012-07-12 02:20:00,7
15.90605062,-19.22033488,LA14,2012-07-12,02:40:00 AM,02:40:00,Cold-Dry,2012-07-12 02:40:00,7
15.90603231,-19.22030029,LA14,2012-07-12,03:00:00 AM,03:00:00,Cold-Dry,2012-07-12 03:00:00,7
15.90599772,-19.22029826,LA14,2012-07-12,03:20:00 AM,03:20:00,Cold-Dry,2012-07-12 03:20:00,7
15.90602315,-19.22029419,LA14,2012-07-12,03:40:00 AM,03:40:00,Cold-Dry,2012-07-12 03:40:00,7
15.90605672,-19.22044271,LA14,2012-07-12,04:00:00 AM,04:00:00,Cold-Dry,2012-07-12 04:00:00,7
15.90606689,-19.22039591,LA14,2012-07-12,04:20:00 AM,04:20:00,Cold-Dry,2012-07-12 04:20:00,7
15.90584513,-19.22071126,LA14,2012-07-12,04:40:00 AM,04:40:00,Cold-Dry,2012-07-12 04:40:00,7
15.90572713,-19.22093099,LA14,2012-07-12,05:00:00 AM,05:00:00,Cold-Dry,2012-07-12 05:00:00,7
15.90547078,-19.2212321,LA14,2012-07-12,05:20:00 AM,05:20:00,Cold-Dry,2012-07-12 05:20:00,7
15.90542399,-19.22179972,LA14,2012-07-12,05:40:00 AM,05:40:00,Cold-Dry,2012-07-12 05:40:00,7
15.9056071,-19.2221639,LA14,2012-07-12,06:00:00 AM,06:00:00,Cold-Dry,2012-07-12 06:00:00,7
15.90541789,-19.22326864,LA14,2012-07-12,06:20:00 AM,06:20:00,Cold-Dry,2012-07-12 06:20:00,7
15.9047465,-19.22344564,LA14,2012-07-12,06:40:00 AM,06:40:00,Cold-Dry,2012-07-12 06:40:00,7
15.90389811,-19.22351074,LA14,2012-07-12,07:00:00 AM,07:00:00,Cold-Dry,2012-07-12 07:00:00,7
15.9031016,-19.22271729,LA14,2012-07-12,07:20:00 AM,07:20:00,Cold-Dry,2012-07-12 07:20:00,7
15.9028361,-19.2219279,LA14,2012-07-12,07:40:00 AM,07:40:00,Cold-Dry,2012-07-12 07:40:00,7
15.90230204,-19.22163086,LA14,2012-07-12,08:00:00 AM,08:00:00,Cold-Dry,2012-07-12 08:00:00,7
15.90202535,-19.22043254,LA14,2012-07-12,08:20:00 AM,08:20:00,Cold-Dry,2012-07-12 08:20:00,7
15.9016276,-19.21935425,LA14,2012-07-12,08:40:00 AM,08:40:00,Cold-Dry,2012-07-12 08:40:00,7
15.90142212,-19.21755168,LA14,2012-07-12,09:00:00 AM,09:00:00,Cold-Dry,2012-07-12 09:00:00,7
15.90088094,-19.21656087,LA14,2012-07-12,09:20:00 AM,09:20:00,Cold-Dry,2012-07-12 09:20:00,7
15.90132345,-19.21611735,LA14,2012-07-12,09:40:00 AM,09:40:00,Cold-Dry,2012-07-12 09:40:00,7
15.90198364,-19.21553955,LA14,2012-07-12,10:00:00 AM,10:00:00,Cold-Dry,2012-07-12 10:00:00,7
15.90197856,-19.21554159,LA14,2012-07-12,10:20:00 AM,10:20:00,Cold-Dry,2012-07-12 10:20:00,7
15.90198263,-19.21554362,LA14,2012-07-12,10:40:00 AM,10:40:00,Cold-Dry,2012-07-12 10:40:00,7
15.90199585,-19.21552124,LA14,2012-07-12,11:00:00 AM,11:00:00,Cold-Dry,2012-07-12 11:00:00,7
15.90198975,-19.21552938,LA14,2012-07-12,11:20:00 AM,11:20:00,Cold-Dry,2012-07-12 11:20:00,7
15.90214945,-19.21554159,LA14,2012-07-12,11:40:00 AM,11:40:00,Cold-Dry,2012-07-12 11:40:00,7
15.90199483,-19.21489258,LA14,2012-07-12,12:00:00 PM,12:00:00,Cold-Dry,2012-07-12 12:00:00,7
15.90217794,-19.21249186,LA14,2012-07-12,12:20:00 PM,12:20:00,Cold-Dry,2012-07-12 12:20:00,7
15.90369873,-19.20987345,LA14,2012-07-12,12:40:00 PM,12:40:00,Cold-Dry,2012-07-12 12:40:00,7
15.90385946,-19.20878499,LA14,2012-07-12,01:00:00 PM,13:00:00,Cold-Dry,2012-07-12 13:00:00,7
15.90403442,-19.20564982,LA14,2012-07-12,01:20:00 PM,13:20:00,Cold-Dry,2012-07-12 13:20:00,7
15.90484721,-19.20429484,LA14,2012-07-12,01:40:00 PM,13:40:00,Cold-Dry,2012-07-12 13:40:00,7
15.90568644,-19.20221965,LA14,2012-07-12,02:00:00 PM,14:00:00,Cold-Dry,2012-07-12 14:00:00,7
15.90585327,-19.20139771,LA14,2012-07-12,02:20:00 PM,14:20:00,Cold-Dry,2012-07-12 14:20:00,7
15.90600993,-19.2010376,LA14,2012-07-12,02:40:00 PM,14:40:00,Cold-Dry,2012-07-12 14:40:00,7
15.90644938,-19.19662679,LA14,2012-07-12,03:00:00 PM,15:00:00,Cold-Dry,2012-07-12 15:00:00,7
15.90904643,-19.18954061,LA14,2012-07-12,03:20:00 PM,15:20:00,Cold-Dry,2012-07-12 15:20:00,7
15.91535339,-19.18138224,LA14,2012-07-12,03:40:00 PM,15:40:00,Cold-Dry,2012-07-12 15:40:00,7
15.91608683,-19.18076375,LA14,2012-07-12,04:00:00 PM,16:00:00,Cold-Dry,2012-07-12 16:00:00,7
15.91596578,-19.18571574,LA14,2012-07-12,04:20:00 PM,16:20:00,Cold-Dry,2012-07-12 16:20:00,7
15.91720174,-19.18967489,LA14,2012-07-12,04:40:00 PM,16:40:00,Cold-Dry,2012-07-12 16:40:00,7
15.9173879,-19.19123128,LA14,2012-07-12,05:00:00 PM,17:00:00,Cold-Dry,2012-07-12 17:00:00,7
15.9186025,-19.19343669,LA14,2012-07-12,05:20:00 PM,17:20:00,Cold-Dry,2012-07-12 17:20:00,7
15.91963399,-19.19760946,LA14,2012-07-12,05:40:00 PM,17:40:00,Cold-Dry,2012-07-12 17:40:00,7
15.92009176,-19.19995931,LA14,2012-07-12,06:00:00 PM,18:00:00,Cold-Dry,2012-07-12 18:00:00,7
15.92070313,-19.2014506,LA14,2012-07-12,06:20:00 PM,18:20:00,Cold-Dry,2012-07-12 18:20:00,7
15.92148336,-19.2034668,LA14,2012-07-12,06:40:00 PM,18:40:00,Cold-Dry,2012-07-12 18:40:00,7
15.92213949,-19.20585327,LA14,2012-07-12,07:00:00 PM,19:00:00,Cold-Dry,2012-07-12 19:00:00,7
15.92235514,-19.20677287,LA14,2012-07-12,07:20:00 PM,19:20:00,Cold-Dry,2012-07-12 19:20:00,7
15.92274373,-19.212205,LA14,2012-07-12,07:40:00 PM,19:40:00,Cold-Dry,2012-07-12 19:40:00,7
15.92265828,-19.21329549,LA14,2012-07-12,08:00:00 PM,20:00:00,Cold-Dry,2012-07-12 20:00:00,7
15.92366028,-19.21485392,LA14,2012-07-12,08:20:00 PM,20:20:00,Cold-Dry,2012-07-12 20:20:00,7
15.92419434,-19.21559245,LA14,2012-07-12,08:40:00 PM,20:40:00,Cold-Dry,2012-07-12 20:40:00,7
15.92415568,-19.21634725,LA14,2012-07-12,09:00:00 PM,21:00:00,Cold-Dry,2012-07-12 21:00:00,7
15.92450765,-19.21694132,LA14,2012-07-12,09:20:00 PM,21:20:00,Cold-Dry,2012-07-12 21:20:00,7
15.92452291,-19.21833496,LA14,2012-07-12,09:40:00 PM,21:40:00,Cold-Dry,2012-07-12 21:40:00,7
15.92502848,-19.21987712,LA14,2012-07-12,10:00:00 PM,22:00:00,Cold-Dry,2012-07-12 22:00:00,7
15.9250885,-19.22384847,LA14,2012-07-12,10:20:00 PM,22:20:00,Cold-Dry,2012-07-12 22:20:00,7
15.92506307,-19.22614136,LA14,2012-07-12,10:40:00 PM,22:40:00,Cold-Dry,2012-07-12 22:40:00,7
15.92489929,-19.22624105,LA14,2012-07-12,11:00:00 PM,23:00:00,Cold-Dry,2012-07-12 23:00:00,7
15.92452901,-19.22823893,LA14,2012-07-12,11:20:00 PM,23:20:00,Cold-Dry,2012-07-12 23:20:00,7
15.92444255,-19.23081258,LA14,2012-07-12,11:40:00 PM,23:40:00,Cold-Dry,2012-07-12 23:40:00,7
15.92472839,-19.23148193,LA14,2012-07-13,12:00:00 AM,00:00:00,Cold-Dry,2012-07-13 00:00:00,7
15.92513733,-19.23302002,LA14,2012-07-13,12:20:00 AM,00:20:00,Cold-Dry,2012-07-13 00:20:00,7
15.92643331,-19.23360799,LA14,2012-07-13,12:40:00 AM,00:40:00,Cold-Dry,2012-07-13 00:40:00,7
15.92638448,-19.23362427,LA14,2012-07-13,01:00:00 AM,01:00:00,Cold-Dry,2012-07-13 01:00:00,7
15.92641703,-19.23361613,LA14,2012-07-13,01:20:00 AM,01:20:00,Cold-Dry,2012-07-13 01:20:00,7
15.92642822,-19.23360596,LA14,2012-07-13,01:40:00 AM,01:40:00,Cold-Dry,2012-07-13 01:40:00,7
15.92642721,-19.23360799,LA14,2012-07-13,02:00:00 AM,02:00:00,Cold-Dry,2012-07-13 02:00:00,7
15.92638957,-19.23360596,LA14,2012-07-13,02:20:00 AM,02:20:00,Cold-Dry,2012-07-13 02:20:00,7
15.92644653,-19.23362834,LA14,2012-07-13,02:40:00 AM,02:40:00,Cold-Dry,2012-07-13 02:40:00,7
15.92658285,-19.23377279,LA14,2012-07-13,03:00:00 AM,03:00:00,Cold-Dry,2012-07-13 03:00:00,7
15.92661133,-19.23370972,LA14,2012-07-13,03:20:00 AM,03:20:00,Cold-Dry,2012-07-13 03:20:00,7
15.92661947,-19.23369548,LA14,2012-07-13,03:40:00 AM,03:40:00,Cold-Dry,2012-07-13 03:40:00,7
15.92667135,-19.23378296,LA14,2012-07-13,04:00:00 AM,04:00:00,Cold-Dry,2012-07-13 04:00:00,7
15.92727865,-19.234434,LA14,2012-07-13,04:20:00 AM,04:20:00,Cold-Dry,2012-07-13 04:20:00,7
15.92730815,-19.2344279,LA14,2012-07-13,04:40:00 AM,04:40:00,Cold-Dry,2012-07-13 04:40:00,7
15.92876078,-19.23486938,LA14,2012-07-13,05:00:00 AM,05:00:00,Cold-Dry,2012-07-13 05:00:00,7
15.9298116,-19.23506266,LA14,2012-07-13,05:20:00 AM,05:20:00,Cold-Dry,2012-07-13 05:20:00,7
15.93029277,-19.23490194,LA14,2012-07-13,05:40:00 AM,05:40:00,Cold-Dry,2012-07-13 05:40:00,7
15.93086344,-19.23503825,LA14,2012-07-13,06:00:00 AM,06:00:00,Cold-Dry,2012-07-13 06:00:00,7
15.93338114,-19.23665365,LA14,2012-07-13,06:20:00 AM,06:20:00,Cold-Dry,2012-07-13 06:20:00,7
15.93527323,-19.23665975,LA14,2012-07-13,06:40:00 AM,06:40:00,Cold-Dry,2012-07-13 06:40:00,7
15.93574524,-19.23637695,LA14,2012-07-13,07:00:00 AM,07:00:00,Cold-Dry,2012-07-13 07:00:00,7
15.93578796,-19.23624878,LA14,2012-07-13,07:20:00 AM,07:20:00,Cold-Dry,2012-07-13 07:20:00,7
15.93639119,-19.23523763,LA14,2012-07-13,07:40:00 AM,07:40:00,Cold-Dry,2012-07-13 07:40:00,7
15.93743388,-19.23438924,LA14,2012-07-13,08:00:00 AM,08:00:00,Cold-Dry,2012-07-13 08:00:00,7
15.93765259,-19.2334493,LA14,2012-07-13,08:20:00 AM,08:20:00,Cold-Dry,2012-07-13 08:20:00,7
15.93733419,-19.23324992,LA14,2012-07-13,08:40:00 AM,08:40:00,Cold-Dry,2012-07-13 08:40:00,7
15.93758748,-19.23204753,LA14,2012-07-13,09:00:00 AM,09:00:00,Cold-Dry,2012-07-13 09:00:00,7
15.9377594,-19.23175252,LA14,2012-07-13,09:20:00 AM,09:20:00,Cold-Dry,2012-07-13 09:20:00,7
15.93800863,-19.23099365,LA14,2012-07-13,09:40:00 AM,09:40:00,Cold-Dry,2012-07-13 09:40:00,7
15.93803507,-19.22992554,LA14,2012-07-13,10:00:00 AM,10:00:00,Cold-Dry,2012-07-13 10:00:00,7
15.93763835,-19.22905477,LA14,2012-07-13,10:20:00 AM,10:20:00,Cold-Dry,2012-07-13 10:20:00,7
15.93749695,-19.22894491,LA14,2012-07-13,10:40:00 AM,10:40:00,Cold-Dry,2012-07-13 10:40:00,7
15.93748372,-19.22895304,LA14,2012-07-13,11:00:00 AM,11:00:00,Cold-Dry,2012-07-13 11:00:00,7
15.9377889,-19.22815552,LA14,2012-07-13,11:20:00 AM,11:20:00,Cold-Dry,2012-07-13 11:20:00,7
15.93724874,-19.22715454,LA14,2012-07-13,11:40:00 AM,11:40:00,Cold-Dry,2012-07-13 11:40:00,7
15.93663534,-19.22635295,LA14,2012-07-13,12:00:00 PM,12:00:00,Cold-Dry,2012-07-13 12:00:00,7
15.93622437,-19.22593994,LA14,2012-07-13,12:20:00 PM,12:20:00,Cold-Dry,2012-07-13 12:20:00,7
15.93623047,-19.2259318,LA14,2012-07-13,12:40:00 PM,12:40:00,Cold-Dry,2012-07-13 12:40:00,7
15.93622131,-19.22595215,LA14,2012-07-13,01:00:00 PM,13:00:00,Cold-Dry,2012-07-13 13:00:00,7
15.93623149,-19.22595011,LA14,2012-07-13,01:20:00 PM,13:20:00,Cold-Dry,2012-07-13 13:20:00,7
15.9366333,-19.22564494,LA14,2012-07-13,01:40:00 PM,13:40:00,Cold-Dry,2012-07-13 13:40:00,7
15.93693848,-19.22484131,LA14,2012-07-13,02:00:00 PM,14:00:00,Cold-Dry,2012-07-13 14:00:00,7
15.93656311,-19.22401937,LA14,2012-07-13,02:20:00 PM,14:20:00,Cold-Dry,2012-07-13 14:20:00,7
15.93643494,-19.22359416,LA14,2012-07-13,02:40:00 PM,14:40:00,Cold-Dry,2012-07-13 14:40:00,7
15.93630575,-19.22311808,LA14,2012-07-13,03:00:00 PM,15:00:00,Cold-Dry,2012-07-13 15:00:00,7
15.93531901,-19.22319336,LA14,2012-07-13,03:20:00 PM,15:20:00,Cold-Dry,2012-07-13 15:20:00,7
15.93362325,-19.22307739,LA14,2012-07-13,03:40:00 PM,15:40:00,Cold-Dry,2012-07-13 15:40:00,7
15.93234151,-19.22164103,LA14,2012-07-13,04:00:00 PM,16:00:00,Cold-Dry,2012-07-13 16:00:00,7
15.93097738,-19.21658122,LA14,2012-07-13,04:20:00 PM,16:20:00,Cold-Dry,2012-07-13 16:20:00,7
15.92831014,-19.21184896,LA14,2012-07-13,04:40:00 PM,16:40:00,Cold-Dry,2012-07-13 16:40:00,7
15.92556966,-19.20645345,LA14,2012-07-13,05:00:00 PM,17:00:00,Cold-Dry,2012-07-13 17:00:00,7
15.92376811,-19.20399984,LA14,2012-07-13,05:20:00 PM,17:20:00,Cold-Dry,2012-07-13 17:20:00,7
15.9214681,-19.19985962,LA14,2012-07-13,05:40:00 PM,17:40:00,Cold-Dry,2012-07-13 17:40:00,7
15.9195343,-19.1956604,LA14,2012-07-13,06:00:00 PM,18:00:00,Cold-Dry,2012-07-13 18:00:00,7
15.91811117,-19.19156698,LA14,2012-07-13,06:20:00 PM,18:20:00,Cold-Dry,2012-07-13 18:20:00,7
15.91693929,-19.18519287,LA14,2012-07-13,06:40:00 PM,18:40:00,Cold-Dry,2012-07-13 18:40:00,7
15.91549377,-19.18105469,LA14,2012-07-13,07:00:00 PM,19:00:00,Cold-Dry,2012-07-13 19:00:00,7
15.91137797,-19.1848348,LA14,2012-07-13,07:20:00 PM,19:20:00,Cold-Dry,2012-07-13 19:20:00,7
15.90883382,-19.19166667,LA14,2012-07-13,07:40:00 PM,19:40:00,Cold-Dry,2012-07-13 19:40:00,7
15.90728556,-19.19568481,LA14,2012-07-13,08:00:00 PM,20:00:00,Cold-Dry,2012-07-13 20:00:00,7
15.9066569,-19.1977417,LA14,2012-07-13,08:20:00 PM,20:20:00,Cold-Dry,2012-07-13 20:20:00,7
15.90724589,-19.20078328,LA14,2012-07-13,08:40:00 PM,20:40:00,Cold-Dry,2012-07-13 20:40:00,7
15.90735168,-19.20332235,LA14,2012-07-13,09:00:00 PM,21:00:00,Cold-Dry,2012-07-13 21:00:00,7
15.90811259,-19.2066569,LA14,2012-07-13,09:20:00 PM,21:20:00,Cold-Dry,2012-07-13 21:20:00,7
15.90863342,-19.20990397,LA14,2012-07-13,09:40:00 PM,21:40:00,Cold-Dry,2012-07-13 21:40:00,7
15.90930583,-19.21183879,LA14,2012-07-13,10:00:00 PM,22:00:00,Cold-Dry,2012-07-13 22:00:00,7
15.90988363,-19.21482951,LA14,2012-07-13,10:20:00 PM,22:20:00,Cold-Dry,2012-07-13 22:20:00,7
15.91021322,-19.21627197,LA14,2012-07-13,10:40:00 PM,22:40:00,Cold-Dry,2012-07-13 22:40:00,7
15.91052144,-19.22295939,LA14,2012-07-13,11:00:00 PM,23:00:00,Cold-Dry,2012-07-13 23:00:00,7
15.9106486,-19.22494303,LA14,2012-07-13,11:20:00 PM,23:20:00,Cold-Dry,2012-07-13 23:20:00,7
15.9103363,-19.2257487,LA14,2012-07-13,11:40:00 PM,23:40:00,Cold-Dry,2012-07-13 23:40:00,7
15.90966899,-19.22702026,LA14,2012-07-14,12:00:00 AM,00:00:00,Cold-Dry,2012-07-14 00:00:00,7
15.90923869,-19.22772624,LA14,2012-07-14,12:20:00 AM,00:20:00,Cold-Dry,2012-07-14 00:20:00,7
15.90875956,-19.22793986,LA14,2012-07-14,12:40:00 AM,00:40:00,Cold-Dry,2012-07-14 00:40:00,7
15.90773722,-19.22764689,LA14,2012-07-14,01:00:00 AM,01:00:00,Cold-Dry,2012-07-14 01:00:00,7
15.90705261,-19.22784831,LA14,2012-07-14,01:20:00 AM,01:20:00,Cold-Dry,2012-07-14 01:20:00,7
15.90598653,-19.22795207,LA14,2012-07-14,01:40:00 AM,01:40:00,Cold-Dry,2012-07-14 01:40:00,7
15.90482788,-19.22804972,LA14,2012-07-14,02:00:00 AM,02:00:00,Cold-Dry,2012-07-14 02:00:00,7
15.90480448,-19.22804362,LA14,2012-07-14,02:20:00 AM,02:20:00,Cold-Dry,2012-07-14 02:20:00,7
15.90482178,-19.22805379,LA14,2012-07-14,02:40:00 AM,02:40:00,Cold-Dry,2012-07-14 02:40:00,7
15.90479329,-19.22802734,LA14,2012-07-14,03:00:00 AM,03:00:00,Cold-Dry,2012-07-14 03:00:00,7
15.90480042,-19.22802531,LA14,2012-07-14,03:20:00 AM,03:20:00,Cold-Dry,2012-07-14 03:20:00,7
15.904776,-19.22802531,LA14,2012-07-14,03:40:00 AM,03:40:00,Cold-Dry,2012-07-14 03:40:00,7
15.90479024,-19.22803345,LA14,2012-07-14,04:00:00 AM,04:00:00,Cold-Dry,2012-07-14 04:00:00,7
15.90478719,-19.22802938,LA14,2012-07-14,04:20:00 AM,04:20:00,Cold-Dry,2012-07-14 04:20:00,7
15.90481059,-19.22804565,LA14,2012-07-14,04:40:00 AM,04:40:00,Cold-Dry,2012-07-14 04:40:00,7
15.90476379,-19.22807414,LA14,2012-07-14,05:00:00 AM,05:00:00,Cold-Dry,2012-07-14 05:00:00,7
15.90474141,-19.22780558,LA14,2012-07-14,05:20:00 AM,05:20:00,Cold-Dry,2012-07-14 05:20:00,7
15.90457052,-19.22767944,LA14,2012-07-14,05:40:00 AM,05:40:00,Cold-Dry,2012-07-14 05:40:00,7
15.9036794,-19.22715861,LA14,2012-07-14,06:00:00 AM,06:00:00,Cold-Dry,2012-07-14 06:00:00,7
15.90310872,-19.22654419,LA14,2012-07-14,06:20:00 AM,06:20:00,Cold-Dry,2012-07-14 06:20:00,7
15.90200297,-19.22605591,LA14,2012-07-14,06:40:00 AM,06:40:00,Cold-Dry,2012-07-14 06:40:00,7
15.90180766,-19.22578939,LA14,2012-07-14,07:00:00 AM,07:00:00,Cold-Dry,2012-07-14 07:00:00,7
15.90059408,-19.224882,LA14,2012-07-14,07:20:00 AM,07:20:00,Cold-Dry,2012-07-14 07:20:00,7
15.90006104,-19.22450358,LA14,2012-07-14,07:40:00 AM,07:40:00,Cold-Dry,2012-07-14 07:40:00,7
15.89924825,-19.22372233,LA14,2012-07-14,08:00:00 AM,08:00:00,Cold-Dry,2012-07-14 08:00:00,7
15.89874878,-19.22233683,LA14,2012-07-14,08:20:00 AM,08:20:00,Cold-Dry,2012-07-14 08:20:00,7
15.89802043,-19.22168376,LA14,2012-07-14,08:40:00 AM,08:40:00,Cold-Dry,2012-07-14 08:40:00,7
15.89705098,-19.22080282,LA14,2012-07-14,09:00:00 AM,09:00:00,Cold-Dry,2012-07-14 09:00:00,7
15.89718424,-19.22005819,LA14,2012-07-14,09:20:00 AM,09:20:00,Cold-Dry,2012-07-14 09:20:00,7
15.89719238,-19.22002157,LA14,2012-07-14,09:40:00 AM,09:40:00,Cold-Dry,2012-07-14 09:40:00,7
15.89719543,-19.22004191,LA14,2012-07-14,10:00:00 AM,10:00:00,Cold-Dry,2012-07-14 10:00:00,7
15.89723409,-19.2200236,LA14,2012-07-14,10:20:00 AM,10:20:00,Cold-Dry,2012-07-14 10:20:00,7
15.89718018,-19.22004395,LA14,2012-07-14,10:40:00 AM,10:40:00,Cold-Dry,2012-07-14 10:40:00,7
15.89720357,-19.22005208,LA14,2012-07-14,11:00:00 AM,11:00:00,Cold-Dry,2012-07-14 11:00:00,7
15.89718831,-19.21968994,LA14,2012-07-14,11:20:00 AM,11:20:00,Cold-Dry,2012-07-14 11:20:00,7
15.89715068,-19.21877848,LA14,2012-07-14,11:40:00 AM,11:40:00,Cold-Dry,2012-07-14 11:40:00,7
15.89682719,-19.21634318,LA14,2012-07-14,12:00:00 PM,12:00:00,Cold-Dry,2012-07-14 12:00:00,7
15.89674276,-19.21449992,LA14,2012-07-14,12:20:00 PM,12:20:00,Cold-Dry,2012-07-14 12:20:00,7
15.8979777,-19.21046549,LA14,2012-07-14,12:40:00 PM,12:40:00,Cold-Dry,2012-07-14 12:40:00,7
15.90015869,-19.20432129,LA14,2012-07-14,01:00:00 PM,13:00:00,Cold-Dry,2012-07-14 13:00:00,7
15.90013428,-19.20233561,LA14,2012-07-14,01:20:00 PM,13:20:00,Cold-Dry,2012-07-14 13:20:00,7
15.90039266,-19.20205078,LA14,2012-07-14,01:40:00 PM,13:40:00,Cold-Dry,2012-07-14 13:40:00,7
15.90039266,-19.20203247,LA14,2012-07-14,02:00:00 PM,14:00:00,Cold-Dry,2012-07-14 14:00:00,7
15.90090027,-19.20157674,LA14,2012-07-14,02:20:00 PM,14:20:00,Cold-Dry,2012-07-14 14:20:00,7
15.90414022,-19.19647827,LA14,2012-07-14,02:40:00 PM,14:40:00,Cold-Dry,2012-07-14 14:40:00,7
15.90647074,-19.1923584,LA14,2012-07-14,03:00:00 PM,15:00:00,Cold-Dry,2012-07-14 15:00:00,7
15.91276855,-19.18305664,LA14,2012-07-14,03:20:00 PM,15:20:00,Cold-Dry,2012-07-14 15:20:00,7
15.91585083,-19.18238322,LA14,2012-07-14,03:40:00 PM,15:40:00,Cold-Dry,2012-07-14 15:40:00,7
15.92210693,-19.18794759,LA14,2012-07-14,04:00:00 PM,16:00:00,Cold-Dry,2012-07-14 16:00:00,7
15.92955729,-19.19267171,LA14,2012-07-14,04:20:00 PM,16:20:00,Cold-Dry,2012-07-14 16:20:00,7
15.93670349,-19.1949646,LA14,2012-07-14,04:40:00 PM,16:40:00,Cold-Dry,2012-07-14 16:40:00,7
15.94162903,-19.19825643,LA14,2012-07-14,05:00:00 PM,17:00:00,Cold-Dry,2012-07-14 17:00:00,7
15.94295247,-19.19947306,LA14,2012-07-14,05:20:00 PM,17:20:00,Cold-Dry,2012-07-14 17:20:00,7
15.9447937,-19.20134074,LA14,2012-07-14,05:40:00 PM,17:40:00,Cold-Dry,2012-07-14 17:40:00,7
15.94557902,-19.20315552,LA14,2012-07-14,06:00:00 PM,18:00:00,Cold-Dry,2012-07-14 18:00:00,7
15.9456899,-19.20355428,LA14,2012-07-14,06:20:00 PM,18:20:00,Cold-Dry,2012-07-14 18:20:00,7
15.94644267,-19.20385946,LA14,2012-07-14,06:40:00 PM,18:40:00,Cold-Dry,2012-07-14 18:40:00,7
15.94842021,-19.20651042,LA14,2012-07-14,07:00:00 PM,19:00:00,Cold-Dry,2012-07-14 19:00:00,7
15.9514506,-19.21034749,LA14,2012-07-14,07:20:00 PM,19:20:00,Cold-Dry,2012-07-14 19:20:00,7
15.95326538,-19.21292318,LA14,2012-07-14,07:40:00 PM,19:40:00,Cold-Dry,2012-07-14 19:40:00,7
15.95488993,-19.21717326,LA14,2012-07-14,08:00:00 PM,20:00:00,Cold-Dry,2012-07-14 20:00:00,7
15.95428467,-19.22172852,LA14,2012-07-14,08:20:00 PM,20:20:00,Cold-Dry,2012-07-14 20:20:00,7
15.9552002,-19.22440999,LA14,2012-07-14,08:40:00 PM,20:40:00,Cold-Dry,2012-07-14 20:40:00,7
15.95542603,-19.22567342,LA14,2012-07-14,09:00:00 PM,21:00:00,Cold-Dry,2012-07-14 21:00:00,7
15.95648397,-19.2274292,LA14,2012-07-14,09:20:00 PM,21:20:00,Cold-Dry,2012-07-14 21:20:00,7
15.95683594,-19.22807617,LA14,2012-07-14,09:40:00 PM,21:40:00,Cold-Dry,2012-07-14 21:40:00,7
15.95748494,-19.2291097,LA14,2012-07-14,10:00:00 PM,22:00:00,Cold-Dry,2012-07-14 22:00:00,7
15.95789083,-19.22993774,LA14,2012-07-14,10:20:00 PM,22:20:00,Cold-Dry,2012-07-14 22:20:00,7
15.95813599,-19.23129883,LA14,2012-07-14,10:40:00 PM,22:40:00,Cold-Dry,2012-07-14 22:40:00,7
15.95892029,-19.23257446,LA14,2012-07-14,11:00:00 PM,23:00:00,Cold-Dry,2012-07-14 23:00:00,7
15.95980428,-19.23295085,LA14,2012-07-14,11:20:00 PM,23:20:00,Cold-Dry,2012-07-14 23:20:00,7
15.95982259,-19.23287354,LA14,2012-07-14,11:40:00 PM,23:40:00,Cold-Dry,2012-07-14 23:40:00,7
15.95978292,-19.23292847,LA14,2012-07-15,12:00:00 AM,00:00:00,Cold-Dry,2012-07-15 00:00:00,7
15.95982361,-19.23292643,LA14,2012-07-15,12:20:00 AM,00:20:00,Cold-Dry,2012-07-15 00:20:00,7
15.9598409,-19.23297323,LA14,2012-07-15,12:40:00 AM,00:40:00,Cold-Dry,2012-07-15 00:40:00,7
15.96018066,-19.23420817,LA14,2012-07-15,01:00:00 AM,01:00:00,Cold-Dry,2012-07-15 01:00:00,7
15.96073405,-19.23637085,LA14,2012-07-15,01:20:00 AM,01:20:00,Cold-Dry,2012-07-15 01:20:00,7
15.96135661,-19.23662516,LA14,2012-07-15,01:40:00 AM,01:40:00,Cold-Dry,2012-07-15 01:40:00,7
15.96182048,-19.23711344,LA14,2012-07-15,02:00:00 AM,02:00:00,Cold-Dry,2012-07-15 02:00:00,7
15.96171061,-19.23791504,LA14,2012-07-15,02:20:00 AM,02:20:00,Cold-Dry,2012-07-15 02:20:00,7
15.96185811,-19.23829142,LA14,2012-07-15,02:40:00 AM,02:40:00,Cold-Dry,2012-07-15 02:40:00,7
15.96165263,-19.23881429,LA14,2012-07-15,03:00:00 AM,03:00:00,Cold-Dry,2012-07-15 03:00:00,7
15.96165568,-19.23878581,LA14,2012-07-15,03:20:00 AM,03:20:00,Cold-Dry,2012-07-15 03:20:00,7
15.96165466,-19.23879395,LA14,2012-07-15,03:40:00 AM,03:40:00,Cold-Dry,2012-07-15 03:40:00,7
15.96161601,-19.23878377,LA14,2012-07-15,04:00:00 AM,04:00:00,Cold-Dry,2012-07-15 04:00:00,7
15.96163025,-19.23878377,LA14,2012-07-15,04:20:00 AM,04:20:00,Cold-Dry,2012-07-15 04:20:00,7
15.96163127,-19.2388387,LA14,2012-07-15,04:40:00 AM,04:40:00,Cold-Dry,2012-07-15 04:40:00,7
15.9616394,-19.23883667,LA14,2012-07-15,05:00:00 AM,05:00:00,Cold-Dry,2012-07-15 05:00:00,7
15.96162211,-19.23884074,LA14,2012-07-15,05:20:00 AM,05:20:00,Cold-Dry,2012-07-15 05:20:00,7
15.96202596,-19.23914591,LA14,2012-07-15,05:40:00 AM,05:40:00,Cold-Dry,2012-07-15 05:40:00,7
15.96346436,-19.23924967,LA14,2012-07-15,06:00:00 AM,06:00:00,Cold-Dry,2012-07-15 06:00:00,7
15.96439921,-19.24049683,LA14,2012-07-15,06:20:00 AM,06:20:00,Cold-Dry,2012-07-15 06:20:00,7
15.96536662,-19.2417277,LA14,2012-07-15,06:40:00 AM,06:40:00,Cold-Dry,2012-07-15 06:40:00,7
15.96652323,-19.24364014,LA14,2012-07-15,07:00:00 AM,07:00:00,Cold-Dry,2012-07-15 07:00:00,7
15.96841532,-19.24540202,LA14,2012-07-15,07:20:00 AM,07:20:00,Cold-Dry,2012-07-15 07:20:00,7
15.96981303,-19.24803263,LA14,2012-07-15,07:40:00 AM,07:40:00,Cold-Dry,2012-07-15 07:40:00,7
15.97028198,-19.24899292,LA14,2012-07-15,08:00:00 AM,08:00:00,Cold-Dry,2012-07-15 08:00:00,7
15.9706543,-19.24957682,LA14,2012-07-15,08:20:00 AM,08:20:00,Cold-Dry,2012-07-15 08:20:00,7
15.97094828,-19.24955851,LA14,2012-07-15,08:40:00 AM,08:40:00,Cold-Dry,2012-07-15 08:40:00,7
15.9737325,-19.24864502,LA14,2012-07-15,09:00:00 AM,09:00:00,Cold-Dry,2012-07-15 09:00:00,7
15.97394206,-19.24782715,LA14,2012-07-15,09:20:00 AM,09:20:00,Cold-Dry,2012-07-15 09:20:00,7
15.97456665,-19.24748535,LA14,2012-07-15,09:40:00 AM,09:40:00,Cold-Dry,2012-07-15 09:40:00,7
15.97467244,-19.24734904,LA14,2012-07-15,10:00:00 AM,10:00:00,Cold-Dry,2012-07-15 10:00:00,7
15.97503662,-19.24642537,LA14,2012-07-15,10:20:00 AM,10:20:00,Cold-Dry,2012-07-15 10:20:00,7
15.97502543,-19.24596354,LA14,2012-07-15,10:40:00 AM,10:40:00,Cold-Dry,2012-07-15 10:40:00,7
15.97503764,-19.24557699,LA14,2012-07-15,11:00:00 AM,11:00:00,Cold-Dry,2012-07-15 11:00:00,7
15.97492065,-19.24453532,LA14,2012-07-15,11:20:00 AM,11:20:00,Cold-Dry,2012-07-15 11:20:00,7
15.97459412,-19.24342855,LA14,2012-07-15,11:40:00 AM,11:40:00,Cold-Dry,2012-07-15 11:40:00,7
15.97397766,-19.24258016,LA14,2012-07-15,12:00:00 PM,12:00:00,Cold-Dry,2012-07-15 12:00:00,7
15.97350667,-19.24208984,LA14,2012-07-15,12:20:00 PM,12:20:00,Cold-Dry,2012-07-15 12:20:00,7
15.97355245,-19.24168905,LA14,2012-07-15,12:40:00 PM,12:40:00,Cold-Dry,2012-07-15 12:40:00,7
15.9743398,-19.24159953,LA14,2012-07-15,01:00:00 PM,13:00:00,Cold-Dry,2012-07-15 13:00:00,7
15.97435303,-19.24161377,LA14,2012-07-15,01:20:00 PM,13:20:00,Cold-Dry,2012-07-15 13:20:00,7
15.97442729,-19.24170329,LA14,2012-07-15,01:40:00 PM,13:40:00,Cold-Dry,2012-07-15 13:40:00,7
15.9751119,-19.24159342,LA14,2012-07-15,02:00:00 PM,14:00:00,Cold-Dry,2012-07-15 14:00:00,7
15.97558187,-19.24179281,LA14,2012-07-15,02:20:00 PM,14:20:00,Cold-Dry,2012-07-15 14:20:00,7
15.97603658,-19.24161174,LA14,2012-07-15,02:40:00 PM,14:40:00,Cold-Dry,2012-07-15 14:40:00,7
15.97774963,-19.24090169,LA14,2012-07-15,03:00:00 PM,15:00:00,Cold-Dry,2012-07-15 15:00:00,7
15.97915141,-19.2399231,LA14,2012-07-15,03:20:00 PM,15:20:00,Cold-Dry,2012-07-15 15:20:00,7
15.98057353,-19.23925171,LA14,2012-07-15,03:40:00 PM,15:40:00,Cold-Dry,2012-07-15 15:40:00,7
15.98208211,-19.2394694,LA14,2012-07-15,04:00:00 PM,16:00:00,Cold-Dry,2012-07-15 16:00:00,7
15.98299662,-19.23956299,LA14,2012-07-15,04:20:00 PM,16:20:00,Cold-Dry,2012-07-15 16:20:00,7
15.98536072,-19.23910319,LA14,2012-07-15,04:40:00 PM,16:40:00,Cold-Dry,2012-07-15 16:40:00,7
15.98807983,-19.23800252,LA14,2012-07-15,05:00:00 PM,17:00:00,Cold-Dry,2012-07-15 17:00:00,7
15.99144592,-19.237618,LA14,2012-07-15,05:20:00 PM,17:20:00,Cold-Dry,2012-07-15 17:20:00,7
15.99557902,-19.2366984,LA14,2012-07-15,05:40:00 PM,17:40:00,Cold-Dry,2012-07-15 17:40:00,7
16.00068258,-19.23568522,LA14,2012-07-15,06:00:00 PM,18:00:00,Cold-Dry,2012-07-15 18:00:00,7
16.00399577,-19.23437907,LA14,2012-07-15,06:20:00 PM,18:20:00,Cold-Dry,2012-07-15 18:20:00,7
16.00962423,-19.23128255,LA14,2012-07-15,06:40:00 PM,18:40:00,Cold-Dry,2012-07-15 18:40:00,7
16.01114299,-19.23025716,LA14,2012-07-15,07:00:00 PM,19:00:00,Cold-Dry,2012-07-15 19:00:00,7
16.01815694,-19.22946777,LA14,2012-07-15,07:20:00 PM,19:20:00,Cold-Dry,2012-07-15 19:20:00,7
16.02123515,-19.22913615,LA14,2012-07-15,07:40:00 PM,19:40:00,Cold-Dry,2012-07-15 19:40:00,7
16.02549744,-19.22817993,LA14,2012-07-15,08:00:00 PM,20:00:00,Cold-Dry,2012-07-15 20:00:00,7
16.03190308,-19.22507935,LA14,2012-07-15,08:20:00 PM,20:20:00,Cold-Dry,2012-07-15 20:20:00,7
16.03835856,-19.22222087,LA14,2012-07-15,08:40:00 PM,20:40:00,Cold-Dry,2012-07-15 20:40:00,7
16.04703776,-19.21810099,LA14,2012-07-15,09:00:00 PM,21:00:00,Cold-Dry,2012-07-15 21:00:00,7
16.05686035,-19.21405029,LA14,2012-07-15,09:20:00 PM,21:20:00,Cold-Dry,2012-07-15 21:20:00,7
16.05886943,-19.21351115,LA14,2012-07-15,09:40:00 PM,21:40:00,Cold-Dry,2012-07-15 21:40:00,7
16.05791626,-19.21659342,LA14,2012-07-15,10:00:00 PM,22:00:00,Cold-Dry,2012-07-15 22:00:00,7
16.05528768,-19.22252604,LA14,2012-07-15,10:20:00 PM,22:20:00,Cold-Dry,2012-07-15 22:20:00,7
16.05210978,-19.22623088,LA14,2012-07-15,10:40:00 PM,22:40:00,Cold-Dry,2012-07-15 22:40:00,7
16.04981486,-19.22931315,LA14,2012-07-15,11:00:00 PM,23:00:00,Cold-Dry,2012-07-15 23:00:00,7
16.04751689,-19.23187052,LA14,2012-07-15,11:20:00 PM,23:20:00,Cold-Dry,2012-07-15 23:20:00,7
16.04136251,-19.23707072,LA14,2012-07-15,11:40:00 PM,23:40:00,Cold-Dry,2012-07-15 23:40:00,7
16.03359985,-19.24215495,LA14,2012-07-16,12:00:00 AM,00:00:00,Cold-Dry,2012-07-16 00:00:00,7
16.03097534,-19.24355469,LA14,2012-07-16,12:20:00 AM,00:20:00,Cold-Dry,2012-07-16 00:20:00,7
16.02831828,-19.24570516,LA14,2012-07-16,12:40:00 AM,00:40:00,Cold-Dry,2012-07-16 00:40:00,7
16.0276947,-19.24674276,LA14,2012-07-16,01:00:00 AM,01:00:00,Cold-Dry,2012-07-16 01:00:00,7
16.02764384,-19.24782918,LA14,2012-07-16,01:20:00 AM,01:20:00,Cold-Dry,2012-07-16 01:20:00,7
16.02743022,-19.24886271,LA14,2012-07-16,01:40:00 AM,01:40:00,Cold-Dry,2012-07-16 01:40:00,7
16.02752787,-19.24945475,LA14,2012-07-16,02:00:00 AM,02:00:00,Cold-Dry,2012-07-16 02:00:00,7
16.0270284,-19.25039673,LA14,2012-07-16,02:20:00 AM,02:20:00,Cold-Dry,2012-07-16 02:20:00,7
16.0270284,-19.25039876,LA14,2012-07-16,02:40:00 AM,02:40:00,Cold-Dry,2012-07-16 02:40:00,7
16.02699687,-19.25039673,LA14,2012-07-16,03:00:00 AM,03:00:00,Cold-Dry,2012-07-16 03:00:00,7
16.02703756,-19.25039876,LA14,2012-07-16,03:20:00 AM,03:20:00,Cold-Dry,2012-07-16 03:20:00,7
16.02700094,-19.25038859,LA14,2012-07-16,03:40:00 AM,03:40:00,Cold-Dry,2012-07-16 03:40:00,7
16.02698466,-19.25037028,LA14,2012-07-16,04:00:00 AM,04:00:00,Cold-Dry,2012-07-16 04:00:00,7
16.02698873,-19.25042725,LA14,2012-07-16,04:20:00 AM,04:20:00,Cold-Dry,2012-07-16 04:20:00,7
16.02699992,-19.25042725,LA14,2012-07-16,04:40:00 AM,04:40:00,Cold-Dry,2012-07-16 04:40:00,7
16.02697957,-19.25044149,LA14,2012-07-16,05:00:00 AM,05:00:00,Cold-Dry,2012-07-16 05:00:00,7
16.02638753,-19.25189209,LA14,2012-07-16,05:20:00 AM,05:20:00,Cold-Dry,2012-07-16 05:20:00,7
16.02654012,-19.25287476,LA14,2012-07-16,05:40:00 AM,05:40:00,Cold-Dry,2012-07-16 05:40:00,7
16.02660217,-19.25312093,LA14,2012-07-16,06:00:00 AM,06:00:00,Cold-Dry,2012-07-16 06:00:00,7
16.02676493,-19.25305176,LA14,2012-07-16,06:20:00 AM,06:20:00,Cold-Dry,2012-07-16 06:20:00,7
16.02727153,-19.25348511,LA14,2012-07-16,06:40:00 AM,06:40:00,Cold-Dry,2012-07-16 06:40:00,7
16.028479,-19.25397135,LA14,2012-07-16,07:00:00 AM,07:00:00,Cold-Dry,2012-07-16 07:00:00,7
16.02883504,-19.25396118,LA14,2012-07-16,07:20:00 AM,07:20:00,Cold-Dry,2012-07-16 07:20:00,7
16.02979736,-19.2539917,LA14,2012-07-16,07:40:00 AM,07:40:00,Cold-Dry,2012-07-16 07:40:00,7
16.03012187,-19.25387573,LA14,2012-07-16,08:00:00 AM,08:00:00,Cold-Dry,2012-07-16 08:00:00,7
16.03027852,-19.25337118,LA14,2012-07-16,08:20:00 AM,08:20:00,Cold-Dry,2012-07-16 08:20:00,7
16.03046366,-19.25291341,LA14,2012-07-16,08:40:00 AM,08:40:00,Cold-Dry,2012-07-16 08:40:00,7
16.03039653,-19.25290731,LA14,2012-07-16,09:00:00 AM,09:00:00,Cold-Dry,2012-07-16 09:00:00,7
16.03044637,-19.2529012,LA14,2012-07-16,09:20:00 AM,09:20:00,Cold-Dry,2012-07-16 09:20:00,7
16.03043518,-19.25291951,LA14,2012-07-16,09:40:00 AM,09:40:00,Cold-Dry,2012-07-16 09:40:00,7
16.03044128,-19.25289714,LA14,2012-07-16,10:00:00 AM,10:00:00,Cold-Dry,2012-07-16 10:00:00,7
16.03042399,-19.25286051,LA14,2012-07-16,10:20:00 AM,10:20:00,Cold-Dry,2012-07-16 10:20:00,7
16.03042501,-19.25286865,LA14,2012-07-16,10:40:00 AM,10:40:00,Cold-Dry,2012-07-16 10:40:00,7
16.03042094,-19.25287069,LA14,2012-07-16,11:00:00 AM,11:00:00,Cold-Dry,2012-07-16 11:00:00,7
16.0304067,-19.25274455,LA14,2012-07-16,11:20:00 AM,11:20:00,Cold-Dry,2012-07-16 11:20:00,7
16.0304891,-19.25220744,LA14,2012-07-16,11:40:00 AM,11:40:00,Cold-Dry,2012-07-16 11:40:00,7
16.03050334,-19.25200806,LA14,2012-07-16,12:00:00 PM,12:00:00,Cold-Dry,2012-07-16 12:00:00,7
16.03057149,-19.25162964,LA14,2012-07-16,12:20:00 PM,12:20:00,Cold-Dry,2012-07-16 12:20:00,7
16.03119914,-19.25061646,LA14,2012-07-16,12:40:00 PM,12:40:00,Cold-Dry,2012-07-16 12:40:00,7
16.03131714,-19.24957072,LA14,2012-07-16,01:00:00 PM,13:00:00,Cold-Dry,2012-07-16 13:00:00,7
16.03191528,-19.24810994,LA14,2012-07-16,01:20:00 PM,13:20:00,Cold-Dry,2012-07-16 13:20:00,7
16.03264669,-19.2476359,LA14,2012-07-16,01:40:00 PM,13:40:00,Cold-Dry,2012-07-16 13:40:00,7
16.03268941,-19.24788005,LA14,2012-07-16,02:00:00 PM,14:00:00,Cold-Dry,2012-07-16 14:00:00,7
16.03297831,-19.24666545,LA14,2012-07-16,02:20:00 PM,14:20:00,Cold-Dry,2012-07-16 14:20:00,7
16.03249613,-19.24501953,LA14,2012-07-16,02:40:00 PM,14:40:00,Cold-Dry,2012-07-16 14:40:00,7
16.03247274,-19.24405314,LA14,2012-07-16,03:00:00 PM,15:00:00,Cold-Dry,2012-07-16 15:00:00,7
16.03244934,-19.24344482,LA14,2012-07-16,03:20:00 PM,15:20:00,Cold-Dry,2012-07-16 15:20:00,7
16.03232015,-19.24254964,LA14,2012-07-16,03:40:00 PM,15:40:00,Cold-Dry,2012-07-16 15:40:00,7
16.03234965,-19.23962199,LA14,2012-07-16,04:00:00 PM,16:00:00,Cold-Dry,2012-07-16 16:00:00,7
16.03318685,-19.23525594,LA14,2012-07-16,04:20:00 PM,16:20:00,Cold-Dry,2012-07-16 16:20:00,7
16.04410807,-19.22875163,LA14,2012-07-16,04:40:00 PM,16:40:00,Cold-Dry,2012-07-16 16:40:00,7
16.05171509,-19.22171631,LA14,2012-07-16,05:00:00 PM,17:00:00,Cold-Dry,2012-07-16 17:00:00,7
16.05860189,-19.21333211,LA14,2012-07-16,05:20:00 PM,17:20:00,Cold-Dry,2012-07-16 17:20:00,7
16.05869548,-19.21338908,LA14,2012-07-16,05:40:00 PM,17:40:00,Cold-Dry,2012-07-16 17:40:00,7
16.05879618,-19.21325073,LA14,2012-07-16,06:00:00 PM,18:00:00,Cold-Dry,2012-07-16 18:00:00,7
16.05269674,-19.22013957,LA14,2012-07-16,06:20:00 PM,18:20:00,Cold-Dry,2012-07-16 18:20:00,7
16.0476359,-19.22449748,LA14,2012-07-16,06:40:00 PM,18:40:00,Cold-Dry,2012-07-16 18:40:00,7
16.04533386,-19.22623291,LA14,2012-07-16,07:00:00 PM,19:00:00,Cold-Dry,2012-07-16 19:00:00,7
16.04316305,-19.22776896,LA14,2012-07-16,07:20:00 PM,19:20:00,Cold-Dry,2012-07-16 19:20:00,7
16.03429972,-19.23227946,LA14,2012-07-16,07:40:00 PM,19:40:00,Cold-Dry,2012-07-16 19:40:00,7
16.03131612,-19.23525594,LA14,2012-07-16,08:00:00 PM,20:00:00,Cold-Dry,2012-07-16 20:00:00,7
16.02917684,-19.237441,LA14,2012-07-16,08:20:00 PM,20:20:00,Cold-Dry,2012-07-16 20:20:00,7
16.02741089,-19.23930868,LA14,2012-07-16,08:40:00 PM,20:40:00,Cold-Dry,2012-07-16 20:40:00,7
16.02645162,-19.24055379,LA14,2012-07-16,09:00:00 PM,21:00:00,Cold-Dry,2012-07-16 21:00:00,7
16.02596232,-19.24103394,LA14,2012-07-16,09:20:00 PM,21:20:00,Cold-Dry,2012-07-16 21:20:00,7
16.02532959,-19.24241943,LA14,2012-07-16,09:40:00 PM,21:40:00,Cold-Dry,2012-07-16 21:40:00,7
16.02478333,-19.24408162,LA14,2012-07-16,10:00:00 PM,22:00:00,Cold-Dry,2012-07-16 22:00:00,7
16.02412313,-19.2452474,LA14,2012-07-16,10:20:00 PM,22:20:00,Cold-Dry,2012-07-16 22:20:00,7
16.02307332,-19.246757,LA14,2012-07-16,10:40:00 PM,22:40:00,Cold-Dry,2012-07-16 22:40:00,7
16.02223714,-19.24812622,LA14,2012-07-16,11:00:00 PM,23:00:00,Cold-Dry,2012-07-16 23:00:00,7
16.02226461,-19.24863892,LA14,2012-07-16,11:20:00 PM,23:20:00,Cold-Dry,2012-07-16 23:20:00,7
16.02207845,-19.24884847,LA14,2012-07-16,11:40:00 PM,23:40:00,Cold-Dry,2012-07-16 23:40:00,7
16.02161662,-19.24932251,LA14,2012-07-17,12:00:00 AM,00:00:00,Cold-Dry,2012-07-17 00:00:00,7
16.02161357,-19.24931234,LA14,2012-07-17,12:20:00 AM,00:20:00,Cold-Dry,2012-07-17 00:20:00,7
16.02160238,-19.24931641,LA14,2012-07-17,12:40:00 AM,00:40:00,Cold-Dry,2012-07-17 00:40:00,7
16.02162577,-19.24932658,LA14,2012-07-17,01:00:00 AM,01:00:00,Cold-Dry,2012-07-17 01:00:00,7
16.02163696,-19.24932658,LA14,2012-07-17,01:20:00 AM,01:20:00,Cold-Dry,2012-07-17 01:20:00,7
16.02149862,-19.24916992,LA14,2012-07-17,01:40:00 AM,01:40:00,Cold-Dry,2012-07-17 01:40:00,7
16.02144877,-19.24924316,LA14,2012-07-17,02:00:00 AM,02:00:00,Cold-Dry,2012-07-17 02:00:00,7
16.02168477,-19.24944661,LA14,2012-07-17,02:20:00 AM,02:20:00,Cold-Dry,2012-07-17 02:20:00,7
16.02166646,-19.24940999,LA14,2012-07-17,02:40:00 AM,02:40:00,Cold-Dry,2012-07-17 02:40:00,7
16.02168172,-19.24940592,LA14,2012-07-17,03:00:00 AM,03:00:00,Cold-Dry,2012-07-17 03:00:00,7
16.02168172,-19.24942627,LA14,2012-07-17,03:20:00 AM,03:20:00,Cold-Dry,2012-07-17 03:20:00,7
16.02121785,-19.24946493,LA14,2012-07-17,03:40:00 AM,03:40:00,Cold-Dry,2012-07-17 03:40:00,7
16.02108358,-19.24997762,LA14,2012-07-17,04:00:00 AM,04:00:00,Cold-Dry,2012-07-17 04:00:00,7
16.02091777,-19.25032756,LA14,2012-07-17,04:20:00 AM,04:20:00,Cold-Dry,2012-07-17 04:20:00,7
16.02101644,-19.25078125,LA14,2012-07-17,04:40:00 AM,04:40:00,Cold-Dry,2012-07-17 04:40:00,7
16.02104899,-19.25136922,LA14,2012-07-17,05:00:00 AM,05:00:00,Cold-Dry,2012-07-17 05:00:00,7
16.02150675,-19.25283203,LA14,2012-07-17,05:20:00 AM,05:20:00,Cold-Dry,2012-07-17 05:20:00,7
16.02143962,-19.25409953,LA14,2012-07-17,05:40:00 AM,05:40:00,Cold-Dry,2012-07-17 05:40:00,7
16.02182821,-19.25537109,LA14,2012-07-17,06:00:00 AM,06:00:00,Cold-Dry,2012-07-17 06:00:00,7
16.02277018,-19.25570068,LA14,2012-07-17,06:20:00 AM,06:20:00,Cold-Dry,2012-07-17 06:20:00,7
16.02415161,-19.2555013,LA14,2012-07-17,06:40:00 AM,06:40:00,Cold-Dry,2012-07-17 06:40:00,7
16.02469991,-19.2554362,LA14,2012-07-17,07:00:00 AM,07:00:00,Cold-Dry,2012-07-17 07:00:00,7
16.02512716,-19.25438232,LA14,2012-07-17,07:20:00 AM,07:20:00,Cold-Dry,2012-07-17 07:20:00,7
16.02489522,-19.25312703,LA14,2012-07-17,07:40:00 AM,07:40:00,Cold-Dry,2012-07-17 07:40:00,7
16.0242686,-19.25176595,LA14,2012-07-17,08:00:00 AM,08:00:00,Cold-Dry,2012-07-17 08:00:00,7
16.02428182,-19.25177409,LA14,2012-07-17,08:20:00 AM,08:20:00,Cold-Dry,2012-07-17 08:20:00,7
16.02420451,-19.2516805,LA14,2012-07-17,08:40:00 AM,08:40:00,Cold-Dry,2012-07-17 08:40:00,7
16.02388204,-19.25127767,LA14,2012-07-17,09:00:00 AM,09:00:00,Cold-Dry,2012-07-17 09:00:00,7
16.02391052,-19.25128581,LA14,2012-07-17,09:20:00 AM,09:20:00,Cold-Dry,2012-07-17 09:20:00,7
16.02388713,-19.25126953,LA14,2012-07-17,09:40:00 AM,09:40:00,Cold-Dry,2012-07-17 09:40:00,7
16.02387085,-19.25123698,LA14,2012-07-17,10:00:00 AM,10:00:00,Cold-Dry,2012-07-17 10:00:00,7
16.02385254,-19.25119832,LA14,2012-07-17,10:20:00 AM,10:20:00,Cold-Dry,2012-07-17 10:20:00,7
16.02387594,-19.25123901,LA14,2012-07-17,10:40:00 AM,10:40:00,Cold-Dry,2012-07-17 10:40:00,7
16.02381592,-19.25126546,LA14,2012-07-17,11:00:00 AM,11:00:00,Cold-Dry,2012-07-17 11:00:00,7
16.02396037,-19.2513916,LA14,2012-07-17,11:20:00 AM,11:20:00,Cold-Dry,2012-07-17 11:20:00,7
16.02419332,-19.25103556,LA14,2012-07-17,11:40:00 AM,11:40:00,Cold-Dry,2012-07-17 11:40:00,7
16.02403056,-19.25021362,LA14,2012-07-17,12:00:00 PM,12:00:00,Cold-Dry,2012-07-17 12:00:00,7
16.02368469,-19.24909465,LA14,2012-07-17,12:20:00 PM,12:20:00,Cold-Dry,2012-07-17 12:20:00,7
16.02251689,-19.24812419,LA14,2012-07-17,12:40:00 PM,12:40:00,Cold-Dry,2012-07-17 12:40:00,7
16.02192891,-19.2480835,LA14,2012-07-17,01:00:00 PM,13:00:00,Cold-Dry,2012-07-17 13:00:00,7
16.0207255,-19.24709269,LA14,2012-07-17,01:20:00 PM,13:20:00,Cold-Dry,2012-07-17 13:20:00,7
16.02055359,-19.2470459,LA14,2012-07-17,01:40:00 PM,13:40:00,Cold-Dry,2012-07-17 13:40:00,7
16.02055054,-19.24703369,LA14,2012-07-17,02:00:00 PM,14:00:00,Cold-Dry,2012-07-17 14:00:00,7
16.01952616,-19.24630534,LA14,2012-07-17,02:20:00 PM,14:20:00,Cold-Dry,2012-07-17 14:20:00,7
16.0190979,-19.24604899,LA14,2012-07-17,02:40:00 PM,14:40:00,Cold-Dry,2012-07-17 14:40:00,7
16.01843974,-19.24564006,LA14,2012-07-17,03:00:00 PM,15:00:00,Cold-Dry,2012-07-17 15:00:00,7
16.01702881,-19.2451884,LA14,2012-07-17,03:20:00 PM,15:20:00,Cold-Dry,2012-07-17 15:20:00,7
16.01483053,-19.2453715,LA14,2012-07-17,03:40:00 PM,15:40:00,Cold-Dry,2012-07-17 15:40:00,7
16.01433716,-19.24531453,LA14,2012-07-17,04:00:00 PM,16:00:00,Cold-Dry,2012-07-17 16:00:00,7
16.01308899,-19.24580892,LA14,2012-07-17,04:20:00 PM,16:20:00,Cold-Dry,2012-07-17 16:20:00,7
16.01128235,-19.24719849,LA14,2012-07-17,04:40:00 PM,16:40:00,Cold-Dry,2012-07-17 16:40:00,7
16.00813192,-19.25031738,LA14,2012-07-17,05:00:00 PM,17:00:00,Cold-Dry,2012-07-17 17:00:00,7
16.00745748,-19.2516744,LA14,2012-07-17,05:20:00 PM,17:20:00,Cold-Dry,2012-07-17 17:20:00,7
16.00696106,-19.25269165,LA14,2012-07-17,05:40:00 PM,17:40:00,Cold-Dry,2012-07-17 17:40:00,7
16.00443217,-19.25433757,LA14,2012-07-17,06:00:00 PM,18:00:00,Cold-Dry,2012-07-17 18:00:00,7
16.00234985,-19.25519613,LA14,2012-07-17,06:20:00 PM,18:20:00,Cold-Dry,2012-07-17 18:20:00,7
16.00241903,-19.2552124,LA14,2012-07-17,06:40:00 PM,18:40:00,Cold-Dry,2012-07-17 18:40:00,7
16.0024231,-19.25521647,LA14,2012-07-17,07:00:00 PM,19:00:00,Cold-Dry,2012-07-17 19:00:00,7
16.00220133,-19.25644124,LA14,2012-07-17,07:20:00 PM,19:20:00,Cold-Dry,2012-07-17 19:20:00,7
16.00058492,-19.25840454,LA14,2012-07-17,07:40:00 PM,19:40:00,Cold-Dry,2012-07-17 19:40:00,7
16.00056458,-19.25836385,LA14,2012-07-17,08:00:00 PM,20:00:00,Cold-Dry,2012-07-17 20:00:00,7
16.00056356,-19.25835775,LA14,2012-07-17,08:20:00 PM,20:20:00,Cold-Dry,2012-07-17 20:20:00,7
16.0005778,-19.25840454,LA14,2012-07-17,08:40:00 PM,20:40:00,Cold-Dry,2012-07-17 20:40:00,7
15.99179688,-19.25854085,LA14,2012-07-17,09:00:00 PM,21:00:00,Cold-Dry,2012-07-17 21:00:00,7
15.98972677,-19.25835775,LA14,2012-07-17,09:20:00 PM,21:20:00,Cold-Dry,2012-07-17 21:20:00,7
15.98693034,-19.25761515,LA14,2012-07-17,09:40:00 PM,21:40:00,Cold-Dry,2012-07-17 21:40:00,7
15.98421224,-19.256368,LA14,2012-07-17,10:00:00 PM,22:00:00,Cold-Dry,2012-07-17 22:00:00,7
15.98296712,-19.25557658,LA14,2012-07-17,10:20:00 PM,22:20:00,Cold-Dry,2012-07-17 22:20:00,7
15.98179626,-19.25518392,LA14,2012-07-17,10:40:00 PM,22:40:00,Cold-Dry,2012-07-17 22:40:00,7
15.98045146,-19.25505371,LA14,2012-07-17,11:00:00 PM,23:00:00,Cold-Dry,2012-07-17 23:00:00,7
15.97842306,-19.25479126,LA14,2012-07-17,11:20:00 PM,23:20:00,Cold-Dry,2012-07-17 23:20:00,7
15.97851461,-19.25457357,LA14,2012-07-17,11:40:00 PM,23:40:00,Cold-Dry,2012-07-17 23:40:00,7
15.9784668,-19.25458577,LA14,2012-07-18,12:00:00 AM,00:00:00,Cold-Dry,2012-07-18 00:00:00,7
15.97849935,-19.25458577,LA14,2012-07-18,12:20:00 AM,00:20:00,Cold-Dry,2012-07-18 00:20:00,7
15.97853597,-19.25463664,LA14,2012-07-18,12:40:00 AM,00:40:00,Cold-Dry,2012-07-18 00:40:00,7
15.97847493,-19.25464681,LA14,2012-07-18,01:00:00 AM,01:00:00,Cold-Dry,2012-07-18 01:00:00,7
15.97849223,-19.25463664,LA14,2012-07-18,01:20:00 AM,01:20:00,Cold-Dry,2012-07-18 01:20:00,7
15.97849935,-19.25462036,LA14,2012-07-18,01:40:00 AM,01:40:00,Cold-Dry,2012-07-18 01:40:00,7
15.97821554,-19.25447998,LA14,2012-07-18,02:00:00 AM,02:00:00,Cold-Dry,2012-07-18 02:00:00,7
15.97651774,-19.25417684,LA14,2012-07-18,02:20:00 AM,02:20:00,Cold-Dry,2012-07-18 02:20:00,7
15.97597656,-19.2541036,LA14,2012-07-18,02:40:00 AM,02:40:00,Cold-Dry,2012-07-18 02:40:00,7
15.97515361,-19.25397542,LA14,2012-07-18,03:00:00 AM,03:00:00,Cold-Dry,2012-07-18 03:00:00,7
15.97533976,-19.25406901,LA14,2012-07-18,03:20:00 AM,03:20:00,Cold-Dry,2012-07-18 03:20:00,7
15.97534993,-19.25407308,LA14,2012-07-18,03:40:00 AM,03:40:00,Cold-Dry,2012-07-18 03:40:00,7
15.97537028,-19.25407104,LA14,2012-07-18,04:00:00 AM,04:00:00,Cold-Dry,2012-07-18 04:00:00,7
15.9753418,-19.2540568,LA14,2012-07-18,04:20:00 AM,04:20:00,Cold-Dry,2012-07-18 04:20:00,7
15.97543437,-19.25401408,LA14,2012-07-18,04:40:00 AM,04:40:00,Cold-Dry,2012-07-18 04:40:00,7
15.97541097,-19.25404053,LA14,2012-07-18,05:00:00 AM,05:00:00,Cold-Dry,2012-07-18 05:00:00,7
15.97538147,-19.25406494,LA14,2012-07-18,05:20:00 AM,05:20:00,Cold-Dry,2012-07-18 05:20:00,7
15.97465108,-19.25349731,LA14,2012-07-18,05:40:00 AM,05:40:00,Cold-Dry,2012-07-18 05:40:00,7
15.97414653,-19.25326742,LA14,2012-07-18,06:00:00 AM,06:00:00,Cold-Dry,2012-07-18 06:00:00,7
15.97235311,-19.25206095,LA14,2012-07-18,06:20:00 AM,06:20:00,Cold-Dry,2012-07-18 06:20:00,7
15.97052307,-19.2510966,LA14,2012-07-18,06:40:00 AM,06:40:00,Cold-Dry,2012-07-18 06:40:00,7
15.96598511,-19.2491272,LA14,2012-07-18,07:00:00 AM,07:00:00,Cold-Dry,2012-07-18 07:00:00,7
15.96204224,-19.2456543,LA14,2012-07-18,07:20:00 AM,07:20:00,Cold-Dry,2012-07-18 07:20:00,7
15.95882161,-19.24251709,LA14,2012-07-18,07:40:00 AM,07:40:00,Cold-Dry,2012-07-18 07:40:00,7
15.95684001,-19.24113566,LA14,2012-07-18,08:00:00 AM,08:00:00,Cold-Dry,2012-07-18 08:00:00,7
15.95569763,-19.24004517,LA14,2012-07-18,08:20:00 AM,08:20:00,Cold-Dry,2012-07-18 08:20:00,7
15.95517782,-19.23984985,LA14,2012-07-18,08:40:00 AM,08:40:00,Cold-Dry,2012-07-18 08:40:00,7
15.9538503,-19.23917847,LA14,2012-07-18,09:00:00 AM,09:00:00,Cold-Dry,2012-07-18 09:00:00,7
15.95251261,-19.23818156,LA14,2012-07-18,09:20:00 AM,09:20:00,Cold-Dry,2012-07-18 09:20:00,7
15.95172628,-19.23776042,LA14,2012-07-18,09:40:00 AM,09:40:00,Cold-Dry,2012-07-18 09:40:00,7
15.9510498,-19.2368103,LA14,2012-07-18,10:00:00 AM,10:00:00,Cold-Dry,2012-07-18 10:00:00,7
15.94857788,-19.2354187,LA14,2012-07-18,10:20:00 AM,10:20:00,Cold-Dry,2012-07-18 10:20:00,7
15.94742126,-19.23427734,LA14,2012-07-18,10:40:00 AM,10:40:00,Cold-Dry,2012-07-18 10:40:00,7
15.94576009,-19.23298543,LA14,2012-07-18,11:00:00 AM,11:00:00,Cold-Dry,2012-07-18 11:00:00,7
15.94508158,-19.23249715,LA14,2012-07-18,11:20:00 AM,11:20:00,Cold-Dry,2012-07-18 11:20:00,7
15.94223735,-19.23078003,LA14,2012-07-18,11:40:00 AM,11:40:00,Cold-Dry,2012-07-18 11:40:00,7
15.94120992,-19.22983195,LA14,2012-07-18,12:00:00 PM,12:00:00,Cold-Dry,2012-07-18 12:00:00,7
15.93893026,-19.22789103,LA14,2012-07-18,12:20:00 PM,12:20:00,Cold-Dry,2012-07-18 12:20:00,7
15.93666077,-19.22516683,LA14,2012-07-18,12:40:00 PM,12:40:00,Cold-Dry,2012-07-18 12:40:00,7
15.93628642,-19.22345581,LA14,2012-07-18,01:00:00 PM,13:00:00,Cold-Dry,2012-07-18 13:00:00,7
15.93273722,-19.21611735,LA14,2012-07-18,01:20:00 PM,13:20:00,Cold-Dry,2012-07-18 13:20:00,7
15.92919413,-19.20735881,LA14,2012-07-18,01:40:00 PM,13:40:00,Cold-Dry,2012-07-18 13:40:00,7
15.92543437,-19.20115153,LA14,2012-07-18,02:00:00 PM,14:00:00,Cold-Dry,2012-07-18 14:00:00,7
15.92163086,-19.1945577,LA14,2012-07-18,02:20:00 PM,14:20:00,Cold-Dry,2012-07-18 14:20:00,7
15.9187205,-19.18524373,LA14,2012-07-18,02:40:00 PM,14:40:00,Cold-Dry,2012-07-18 14:40:00,7
15.91561279,-19.18076986,LA14,2012-07-18,03:00:00 PM,15:00:00,Cold-Dry,2012-07-18 15:00:00,7
15.91404114,-19.18106079,LA14,2012-07-18,03:20:00 PM,15:20:00,Cold-Dry,2012-07-18 15:20:00,7
15.90918783,-19.18017985,LA14,2012-07-18,03:40:00 PM,15:40:00,Cold-Dry,2012-07-18 15:40:00,7
15.90825094,-19.18118693,LA14,2012-07-18,04:00:00 PM,16:00:00,Cold-Dry,2012-07-18 16:00:00,7
15.90828857,-19.18259277,LA14,2012-07-18,04:20:00 PM,16:20:00,Cold-Dry,2012-07-18 16:20:00,7
15.90859884,-19.1832784,LA14,2012-07-18,04:40:00 PM,16:40:00,Cold-Dry,2012-07-18 16:40:00,7
15.90828654,-19.18365682,LA14,2012-07-18,05:00:00 PM,17:00:00,Cold-Dry,2012-07-18 17:00:00,7
15.90979106,-19.1832194,LA14,2012-07-18,05:20:00 PM,17:20:00,Cold-Dry,2012-07-18 17:20:00,7
15.91199646,-19.18375244,LA14,2012-07-18,05:40:00 PM,17:40:00,Cold-Dry,2012-07-18 17:40:00,7
15.91525879,-19.18147176,LA14,2012-07-18,06:00:00 PM,18:00:00,Cold-Dry,2012-07-18 18:00:00,7
15.91566569,-19.18071493,LA14,2012-07-18,06:20:00 PM,18:20:00,Cold-Dry,2012-07-18 18:20:00,7
15.91220907,-19.18511556,LA14,2012-07-18,06:40:00 PM,18:40:00,Cold-Dry,2012-07-18 18:40:00,7
15.91257935,-19.19034831,LA14,2012-07-18,07:00:00 PM,19:00:00,Cold-Dry,2012-07-18 19:00:00,7
15.91288554,-19.1938619,LA14,2012-07-18,07:20:00 PM,19:20:00,Cold-Dry,2012-07-18 19:20:00,7
15.91326192,-19.19829508,LA14,2012-07-18,07:40:00 PM,19:40:00,Cold-Dry,2012-07-18 19:40:00,7
15.91325378,-19.19852091,LA14,2012-07-18,08:00:00 PM,20:00:00,Cold-Dry,2012-07-18 20:00:00,7
15.91357625,-19.20168864,LA14,2012-07-18,08:20:00 PM,20:20:00,Cold-Dry,2012-07-18 20:20:00,7
15.91385193,-19.20438029,LA14,2012-07-18,08:40:00 PM,20:40:00,Cold-Dry,2012-07-18 20:40:00,7
15.9132487,-19.20615845,LA14,2012-07-18,09:00:00 PM,21:00:00,Cold-Dry,2012-07-18 21:00:00,7
15.91449076,-19.21008504,LA14,2012-07-18,09:20:00 PM,21:20:00,Cold-Dry,2012-07-18 21:20:00,7
15.91460673,-19.21062622,LA14,2012-07-18,09:40:00 PM,21:40:00,Cold-Dry,2012-07-18 21:40:00,7
15.91472677,-19.2113973,LA14,2012-07-18,10:00:00 PM,22:00:00,Cold-Dry,2012-07-18 22:00:00,7
15.91542969,-19.21342773,LA14,2012-07-18,10:20:00 PM,22:20:00,Cold-Dry,2012-07-18 22:20:00,7
15.91545817,-19.21364339,LA14,2012-07-18,10:40:00 PM,22:40:00,Cold-Dry,2012-07-18 22:40:00,7
15.91525574,-19.21404419,LA14,2012-07-18,11:00:00 PM,23:00:00,Cold-Dry,2012-07-18 23:00:00,7
15.91551615,-19.21832275,LA14,2012-07-18,11:20:00 PM,23:20:00,Cold-Dry,2012-07-18 23:20:00,7
15.91604919,-19.21851603,LA14,2012-07-18,11:40:00 PM,23:40:00,Cold-Dry,2012-07-18 23:40:00,7
15.91555888,-19.2221049,LA14,2012-07-19,12:00:00 AM,00:00:00,Cold-Dry,2012-07-19 00:00:00,7
15.91659546,-19.22499186,LA14,2012-07-19,12:20:00 AM,00:20:00,Cold-Dry,2012-07-19 00:20:00,7
15.9179128,-19.2262736,LA14,2012-07-19,12:40:00 AM,00:40:00,Cold-Dry,2012-07-19 00:40:00,7
15.91929118,-19.22719523,LA14,2012-07-19,01:00:00 AM,01:00:00,Cold-Dry,2012-07-19 01:00:00,7
15.91976115,-19.22801514,LA14,2012-07-19,01:20:00 AM,01:20:00,Cold-Dry,2012-07-19 01:20:00,7
15.91990051,-19.22882487,LA14,2012-07-19,01:40:00 AM,01:40:00,Cold-Dry,2012-07-19 01:40:00,7
15.92132365,-19.22967326,LA14,2012-07-19,02:00:00 AM,02:00:00,Cold-Dry,2012-07-19 02:00:00,7
15.92170817,-19.23006592,LA14,2012-07-19,02:20:00 AM,02:20:00,Cold-Dry,2012-07-19 02:20:00,7
15.92286377,-19.23124186,LA14,2012-07-19,02:40:00 AM,02:40:00,Cold-Dry,2012-07-19 02:40:00,7
15.923408,-19.23186035,LA14,2012-07-19,03:00:00 AM,03:00:00,Cold-Dry,2012-07-19 03:00:00,7
15.92472331,-19.23273519,LA14,2012-07-19,03:20:00 AM,03:20:00,Cold-Dry,2012-07-19 03:20:00,7
15.92474976,-19.23274129,LA14,2012-07-19,03:40:00 AM,03:40:00,Cold-Dry,2012-07-19 03:40:00,7
15.92472432,-19.23259888,LA14,2012-07-19,04:00:00 AM,04:00:00,Cold-Dry,2012-07-19 04:00:00,7
15.92484233,-19.23260701,LA14,2012-07-19,04:20:00 AM,04:20:00,Cold-Dry,2012-07-19 04:20:00,7
15.92482707,-19.23259888,LA14,2012-07-19,04:40:00 AM,04:40:00,Cold-Dry,2012-07-19 04:40:00,7
15.92631938,-19.23263957,LA14,2012-07-19,05:00:00 AM,05:00:00,Cold-Dry,2012-07-19 05:00:00,7
15.92878418,-19.23300781,LA14,2012-07-19,05:20:00 AM,05:20:00,Cold-Dry,2012-07-19 05:20:00,7
15.93204041,-19.23341878,LA14,2012-07-19,05:40:00 AM,05:40:00,Cold-Dry,2012-07-19 05:40:00,7
15.93364868,-19.23395589,LA14,2012-07-19,06:00:00 AM,06:00:00,Cold-Dry,2012-07-19 06:00:00,7
15.93448792,-19.23401286,LA14,2012-07-19,06:20:00 AM,06:20:00,Cold-Dry,2012-07-19 06:20:00,7
15.93593343,-19.2339681,LA14,2012-07-19,06:40:00 AM,06:40:00,Cold-Dry,2012-07-19 06:40:00,7
15.93734538,-19.23355103,LA14,2012-07-19,07:00:00 AM,07:00:00,Cold-Dry,2012-07-19 07:00:00,7
15.93954061,-19.23416341,LA14,2012-07-19,07:20:00 AM,07:20:00,Cold-Dry,2012-07-19 07:20:00,7
15.9405304,-19.23416951,LA14,2012-07-19,07:40:00 AM,07:40:00,Cold-Dry,2012-07-19 07:40:00,7
15.94149984,-19.23411255,LA14,2012-07-19,08:00:00 AM,08:00:00,Cold-Dry,2012-07-19 08:00:00,7
15.94229329,-19.23363241,LA14,2012-07-19,08:20:00 AM,08:20:00,Cold-Dry,2012-07-19 08:20:00,7
15.94343872,-19.23315023,LA14,2012-07-19,08:40:00 AM,08:40:00,Cold-Dry,2012-07-19 08:40:00,7
15.94390767,-19.23273926,LA14,2012-07-19,09:00:00 AM,09:00:00,Cold-Dry,2012-07-19 09:00:00,7
15.94385986,-19.23243205,LA14,2012-07-19,09:20:00 AM,09:20:00,Cold-Dry,2012-07-19 09:20:00,7
15.94385376,-19.23241577,LA14,2012-07-19,09:40:00 AM,09:40:00,Cold-Dry,2012-07-19 09:40:00,7
15.94376628,-19.23241374,LA14,2012-07-19,10:00:00 AM,10:00:00,Cold-Dry,2012-07-19 10:00:00,7
15.94404297,-19.2321696,LA14,2012-07-19,10:20:00 AM,10:20:00,Cold-Dry,2012-07-19 10:20:00,7
15.94403381,-19.23216756,LA14,2012-07-19,10:40:00 AM,10:40:00,Cold-Dry,2012-07-19 10:40:00,7
15.94424438,-19.2321167,LA14,2012-07-19,11:00:00 AM,11:00:00,Cold-Dry,2012-07-19 11:00:00,7
15.94414673,-19.23152262,LA14,2012-07-19,11:20:00 AM,11:20:00,Cold-Dry,2012-07-19 11:20:00,7
15.94360046,-19.2313619,LA14,2012-07-19,11:40:00 AM,11:40:00,Cold-Dry,2012-07-19 11:40:00,7
15.94404093,-19.23105876,LA14,2012-07-19,12:00:00 PM,12:00:00,Cold-Dry,2012-07-19 12:00:00,7
15.94442647,-19.23082275,LA14,2012-07-19,12:20:00 PM,12:20:00,Cold-Dry,2012-07-19 12:20:00,7
15.94458415,-19.23059489,LA14,2012-07-19,12:40:00 PM,12:40:00,Cold-Dry,2012-07-19 12:40:00,7
15.94466858,-19.2296285,LA14,2012-07-19,01:00:00 PM,13:00:00,Cold-Dry,2012-07-19 13:00:00,7
15.94619344,-19.2292277,LA14,2012-07-19,01:20:00 PM,13:20:00,Cold-Dry,2012-07-19 13:20:00,7
15.94619242,-19.22920939,LA14,2012-07-19,01:40:00 PM,13:40:00,Cold-Dry,2012-07-19 13:40:00,7
15.94775798,-19.22881063,LA14,2012-07-19,02:00:00 PM,14:00:00,Cold-Dry,2012-07-19 14:00:00,7
15.94775798,-19.22882487,LA14,2012-07-19,02:20:00 PM,14:20:00,Cold-Dry,2012-07-19 14:20:00,7
15.94775696,-19.22882284,LA14,2012-07-19,02:40:00 PM,14:40:00,Cold-Dry,2012-07-19 14:40:00,7
15.94776408,-19.22882284,LA14,2012-07-19,03:00:00 PM,15:00:00,Cold-Dry,2012-07-19 15:00:00,7
15.94927063,-19.22722982,LA14,2012-07-19,03:20:00 PM,15:20:00,Cold-Dry,2012-07-19 15:20:00,7
15.95011698,-19.22684326,LA14,2012-07-19,03:40:00 PM,15:40:00,Cold-Dry,2012-07-19 15:40:00,7
15.95062358,-19.22653402,LA14,2012-07-19,04:00:00 PM,16:00:00,Cold-Dry,2012-07-19 16:00:00,7
15.9507487,-19.22625936,LA14,2012-07-19,04:20:00 PM,16:20:00,Cold-Dry,2012-07-19 16:20:00,7
15.95087382,-19.22579549,LA14,2012-07-19,04:40:00 PM,16:40:00,Cold-Dry,2012-07-19 16:40:00,7
15.95160828,-19.2250651,LA14,2012-07-19,05:00:00 PM,17:00:00,Cold-Dry,2012-07-19 17:00:00,7
15.95163574,-19.22378947,LA14,2012-07-19,05:20:00 PM,17:20:00,Cold-Dry,2012-07-19 17:20:00,7
15.95169169,-19.22351888,LA14,2012-07-19,05:40:00 PM,17:40:00,Cold-Dry,2012-07-19 17:40:00,7
15.95145162,-19.2233256,LA14,2012-07-19,06:00:00 PM,18:00:00,Cold-Dry,2012-07-19 18:00:00,7
15.94966634,-19.22275594,LA14,2012-07-19,06:20:00 PM,18:20:00,Cold-Dry,2012-07-19 18:20:00,7
15.94686381,-19.2227417,LA14,2012-07-19,06:40:00 PM,18:40:00,Cold-Dry,2012-07-19 18:40:00,7
15.94684245,-19.22143555,LA14,2012-07-19,07:00:00 PM,19:00:00,Cold-Dry,2012-07-19 19:00:00,7
15.9443512,-19.22005005,LA14,2012-07-19,07:20:00 PM,19:20:00,Cold-Dry,2012-07-19 19:20:00,7
15.93938293,-19.21895955,LA14,2012-07-19,07:40:00 PM,19:40:00,Cold-Dry,2012-07-19 19:40:00,7
15.93849996,-19.21854248,LA14,2012-07-19,08:00:00 PM,20:00:00,Cold-Dry,2012-07-19 20:00:00,7
15.9383606,-19.21830444,LA14,2012-07-19,08:20:00 PM,20:20:00,Cold-Dry,2012-07-19 20:20:00,7
15.93717346,-19.21744995,LA14,2012-07-19,08:40:00 PM,20:40:00,Cold-Dry,2012-07-19 20:40:00,7
15.93620402,-19.21662191,LA14,2012-07-19,09:00:00 PM,21:00:00,Cold-Dry,2012-07-19 21:00:00,7
15.93384603,-19.21403809,LA14,2012-07-19,09:20:00 PM,21:20:00,Cold-Dry,2012-07-19 21:20:00,7
15.93342896,-19.21299032,LA14,2012-07-19,09:40:00 PM,21:40:00,Cold-Dry,2012-07-19 21:40:00,7
15.93328451,-19.21235962,LA14,2012-07-19,10:00:00 PM,22:00:00,Cold-Dry,2012-07-19 22:00:00,7
15.93228556,-19.21065674,LA14,2012-07-19,10:20:00 PM,22:20:00,Cold-Dry,2012-07-19 22:20:00,7
15.93040059,-19.20465088,LA14,2012-07-19,10:40:00 PM,22:40:00,Cold-Dry,2012-07-19 22:40:00,7
15.92914836,-19.19867147,LA14,2012-07-19,11:00:00 PM,23:00:00,Cold-Dry,2012-07-19 23:00:00,7
15.9272227,-19.19539185,LA14,2012-07-19,11:20:00 PM,23:20:00,Cold-Dry,2012-07-19 23:20:00,7
15.92434387,-19.19264526,LA14,2012-07-19,11:40:00 PM,23:40:00,Cold-Dry,2012-07-19 23:40:00,7
15.91947327,-19.18670451,LA14,2012-07-20,12:00:00 AM,00:00:00,Cold-Dry,2012-07-20 00:00:00,7
15.91567993,-19.18077189,LA14,2012-07-20,12:20:00 AM,00:20:00,Cold-Dry,2012-07-20 00:20:00,7
15.91446635,-19.18181966,LA14,2012-07-20,12:40:00 AM,00:40:00,Cold-Dry,2012-07-20 00:40:00,7
15.90762838,-19.18828735,LA14,2012-07-20,01:00:00 AM,01:00:00,Cold-Dry,2012-07-20 01:00:00,7
15.90318807,-19.19522705,LA14,2012-07-20,01:20:00 AM,01:20:00,Cold-Dry,2012-07-20 01:20:00,7
15.90200907,-19.19679769,LA14,2012-07-20,01:40:00 AM,01:40:00,Cold-Dry,2012-07-20 01:40:00,7
15.90160014,-19.19801839,LA14,2012-07-20,02:00:00 AM,02:00:00,Cold-Dry,2012-07-20 02:00:00,7
15.90071309,-19.20111287,LA14,2012-07-20,02:20:00 AM,02:20:00,Cold-Dry,2012-07-20 02:20:00,7
15.89948629,-19.2044637,LA14,2012-07-20,02:40:00 AM,02:40:00,Cold-Dry,2012-07-20 02:40:00,7
15.89929911,-19.20615641,LA14,2012-07-20,03:00:00 AM,03:00:00,Cold-Dry,2012-07-20 03:00:00,7
15.89700012,-19.21035156,LA14,2012-07-20,03:20:00 AM,03:20:00,Cold-Dry,2012-07-20 03:20:00,7
15.8967631,-19.21060791,LA14,2012-07-20,03:40:00 AM,03:40:00,Cold-Dry,2012-07-20 03:40:00,7
15.89636841,-19.21111247,LA14,2012-07-20,04:00:00 AM,04:00:00,Cold-Dry,2012-07-20 04:00:00,7
15.89546916,-19.21254883,LA14,2012-07-20,04:20:00 AM,04:20:00,Cold-Dry,2012-07-20 04:20:00,7
15.89542338,-19.21258138,LA14,2012-07-20,04:40:00 AM,04:40:00,Cold-Dry,2012-07-20 04:40:00,7
15.89540507,-19.21258341,LA14,2012-07-20,05:00:00 AM,05:00:00,Cold-Dry,2012-07-20 05:00:00,7
15.89545186,-19.212559,LA14,2012-07-20,05:20:00 AM,05:20:00,Cold-Dry,2012-07-20 05:20:00,7
15.89463196,-19.212087,LA14,2012-07-20,05:40:00 AM,05:40:00,Cold-Dry,2012-07-20 05:40:00,7
15.89384766,-19.21208903,LA14,2012-07-20,06:00:00 AM,06:00:00,Cold-Dry,2012-07-20 06:00:00,7
15.89328613,-19.21211548,LA14,2012-07-20,06:20:00 AM,06:20:00,Cold-Dry,2012-07-20 06:20:00,7
15.89273376,-19.21279907,LA14,2012-07-20,06:40:00 AM,06:40:00,Cold-Dry,2012-07-20 06:40:00,7
15.8924174,-19.2125,LA14,2012-07-20,07:00:00 AM,07:00:00,Cold-Dry,2012-07-20 07:00:00,7
15.89248759,-19.21258952,LA14,2012-07-20,07:20:00 AM,07:20:00,Cold-Dry,2012-07-20 07:20:00,7
15.89246521,-19.21255697,LA14,2012-07-20,07:40:00 AM,07:40:00,Cold-Dry,2012-07-20 07:40:00,7
15.89241842,-19.21251628,LA14,2012-07-20,08:00:00 AM,08:00:00,Cold-Dry,2012-07-20 08:00:00,7
15.89239604,-19.21249797,LA14,2012-07-20,08:20:00 AM,08:20:00,Cold-Dry,2012-07-20 08:20:00,7
15.89128825,-19.21237996,LA14,2012-07-20,08:40:00 AM,08:40:00,Cold-Dry,2012-07-20 08:40:00,7
15.89114787,-19.21175537,LA14,2012-07-20,09:00:00 AM,09:00:00,Cold-Dry,2012-07-20 09:00:00,7
15.89108988,-19.21096191,LA14,2012-07-20,09:20:00 AM,09:20:00,Cold-Dry,2012-07-20 09:20:00,7
15.89101766,-19.21056722,LA14,2012-07-20,09:40:00 AM,09:40:00,Cold-Dry,2012-07-20 09:40:00,7
15.89175415,-19.21005452,LA14,2012-07-20,10:00:00 AM,10:00:00,Cold-Dry,2012-07-20 10:00:00,7
15.8918986,-19.21002604,LA14,2012-07-20,10:20:00 AM,10:20:00,Cold-Dry,2012-07-20 10:20:00,7
15.89199219,-19.21001994,LA14,2012-07-20,10:40:00 AM,10:40:00,Cold-Dry,2012-07-20 10:40:00,7
15.89196472,-19.21007487,LA14,2012-07-20,11:00:00 AM,11:00:00,Cold-Dry,2012-07-20 11:00:00,7
15.89199422,-19.2100769,LA14,2012-07-20,11:20:00 AM,11:20:00,Cold-Dry,2012-07-20 11:20:00,7
15.89187012,-19.21008097,LA14,2012-07-20,11:40:00 AM,11:40:00,Cold-Dry,2012-07-20 11:40:00,7
15.89188944,-19.20999349,LA14,2012-07-20,12:00:00 PM,12:00:00,Cold-Dry,2012-07-20 12:00:00,7
15.89187419,-19.20998535,LA14,2012-07-20,12:20:00 PM,12:20:00,Cold-Dry,2012-07-20 12:20:00,7
15.89190063,-19.2100057,LA14,2012-07-20,12:40:00 PM,12:40:00,Cold-Dry,2012-07-20 12:40:00,7
15.89221903,-19.2098999,LA14,2012-07-20,01:00:00 PM,13:00:00,Cold-Dry,2012-07-20 13:00:00,7
15.89301147,-19.20927124,LA14,2012-07-20,01:20:00 PM,13:20:00,Cold-Dry,2012-07-20 13:20:00,7
15.89325358,-19.20882161,LA14,2012-07-20,01:40:00 PM,13:40:00,Cold-Dry,2012-07-20 13:40:00,7
15.89402059,-19.20823975,LA14,2012-07-20,02:00:00 PM,14:00:00,Cold-Dry,2012-07-20 14:00:00,7
15.8953125,-19.20823364,LA14,2012-07-20,02:20:00 PM,14:20:00,Cold-Dry,2012-07-20 14:20:00,7
15.89554138,-19.20826619,LA14,2012-07-20,02:40:00 PM,14:40:00,Cold-Dry,2012-07-20 14:40:00,7
15.89625854,-19.20746257,LA14,2012-07-20,03:00:00 PM,15:00:00,Cold-Dry,2012-07-20 15:00:00,7
15.89686279,-19.20674235,LA14,2012-07-20,03:20:00 PM,15:20:00,Cold-Dry,2012-07-20 15:20:00,7
15.89710185,-19.20586751,LA14,2012-07-20,03:40:00 PM,15:40:00,Cold-Dry,2012-07-20 15:40:00,7
15.89756775,-19.20537109,LA14,2012-07-20,04:00:00 PM,16:00:00,Cold-Dry,2012-07-20 16:00:00,7
15.89792989,-19.2034729,LA14,2012-07-20,04:20:00 PM,16:20:00,Cold-Dry,2012-07-20 16:20:00,7
15.89862162,-19.20097656,LA14,2012-07-20,04:40:00 PM,16:40:00,Cold-Dry,2012-07-20 16:40:00,7
15.90065715,-19.19840088,LA14,2012-07-20,05:00:00 PM,17:00:00,Cold-Dry,2012-07-20 17:00:00,7
15.90319417,-19.19522095,LA14,2012-07-20,05:20:00 PM,17:20:00,Cold-Dry,2012-07-20 17:20:00,7
15.90492655,-19.1927592,LA14,2012-07-20,05:40:00 PM,17:40:00,Cold-Dry,2012-07-20 17:40:00,7
15.90662638,-19.19026693,LA14,2012-07-20,06:00:00 PM,18:00:00,Cold-Dry,2012-07-20 18:00:00,7
15.90910645,-19.18777059,LA14,2012-07-20,06:20:00 PM,18:20:00,Cold-Dry,2012-07-20 18:20:00,7
15.91269023,-19.18314819,LA14,2012-07-20,06:40:00 PM,18:40:00,Cold-Dry,2012-07-20 18:40:00,7
15.91587728,-19.18114827,LA14,2012-07-20,07:00:00 PM,19:00:00,Cold-Dry,2012-07-20 19:00:00,7
15.91377563,-19.18553263,LA14,2012-07-20,07:20:00 PM,19:20:00,Cold-Dry,2012-07-20 19:20:00,7
15.91380412,-19.19165039,LA14,2012-07-20,07:40:00 PM,19:40:00,Cold-Dry,2012-07-20 19:40:00,7
15.91587931,-19.19510905,LA14,2012-07-20,08:00:00 PM,20:00:00,Cold-Dry,2012-07-20 20:00:00,7
15.91739705,-19.19810384,LA14,2012-07-20,08:20:00 PM,20:20:00,Cold-Dry,2012-07-20 20:20:00,7
15.91832479,-19.19956868,LA14,2012-07-20,08:40:00 PM,20:40:00,Cold-Dry,2012-07-20 20:40:00,7
15.92095439,-19.20677897,LA14,2012-07-20,09:00:00 PM,21:00:00,Cold-Dry,2012-07-20 21:00:00,7
15.92318217,-19.21212362,LA14,2012-07-20,09:20:00 PM,21:20:00,Cold-Dry,2012-07-20 21:20:00,7
15.92444661,-19.21413778,LA14,2012-07-20,09:40:00 PM,21:40:00,Cold-Dry,2012-07-20 21:40:00,7
15.92544047,-19.21656494,LA14,2012-07-20,10:00:00 PM,22:00:00,Cold-Dry,2012-07-20 22:00:00,7
15.92635905,-19.21857503,LA14,2012-07-20,10:20:00 PM,22:20:00,Cold-Dry,2012-07-20 22:20:00,7
15.92814535,-19.2212382,LA14,2012-07-20,10:40:00 PM,22:40:00,Cold-Dry,2012-07-20 22:40:00,7
15.93341268,-19.22560018,LA14,2012-07-20,11:00:00 PM,23:00:00,Cold-Dry,2012-07-20 23:00:00,7
15.93666687,-19.22797445,LA14,2012-07-20,11:20:00 PM,23:20:00,Cold-Dry,2012-07-20 23:20:00,7
15.93754476,-19.22890218,LA14,2012-07-20,11:40:00 PM,23:40:00,Cold-Dry,2012-07-20 23:40:00,7
15.93796488,-19.22969564,LA14,2012-07-21,12:00:00 AM,00:00:00,Cold-Dry,2012-07-21 00:00:00,7
15.93920898,-19.23078817,LA14,2012-07-21,12:20:00 AM,00:20:00,Cold-Dry,2012-07-21 00:20:00,7
15.94039917,-19.23154093,LA14,2012-07-21,12:40:00 AM,00:40:00,Cold-Dry,2012-07-21 00:40:00,7
15.94188436,-19.23375448,LA14,2012-07-21,01:00:00 AM,01:00:00,Cold-Dry,2012-07-21 01:00:00,7
15.94349976,-19.23536784,LA14,2012-07-21,01:20:00 AM,01:20:00,Cold-Dry,2012-07-21 01:20:00,7
15.94419047,-19.23607585,LA14,2012-07-21,01:40:00 AM,01:40:00,Cold-Dry,2012-07-21 01:40:00,7
15.94443766,-19.2363505,LA14,2012-07-21,02:00:00 AM,02:00:00,Cold-Dry,2012-07-21 02:00:00,7
15.94605713,-19.23643188,LA14,2012-07-21,02:20:00 AM,02:20:00,Cold-Dry,2012-07-21 02:20:00,7
15.9474172,-19.2365804,LA14,2012-07-21,02:40:00 AM,02:40:00,Cold-Dry,2012-07-21 02:40:00,7
15.94764709,-19.23648275,LA14,2012-07-21,03:00:00 AM,03:00:00,Cold-Dry,2012-07-21 03:00:00,7
15.94765422,-19.2365153,LA14,2012-07-21,03:20:00 AM,03:20:00,Cold-Dry,2012-07-21 03:20:00,7
15.9476827,-19.23652344,LA14,2012-07-21,03:40:00 AM,03:40:00,Cold-Dry,2012-07-21 03:40:00,7
15.94777323,-19.23636271,LA14,2012-07-21,04:00:00 AM,04:00:00,Cold-Dry,2012-07-21 04:00:00,7
15.94845378,-19.23776245,LA14,2012-07-21,04:20:00 AM,04:20:00,Cold-Dry,2012-07-21 04:20:00,7
15.94962056,-19.2385966,LA14,2012-07-21,04:40:00 AM,04:40:00,Cold-Dry,2012-07-21 04:40:00,7
15.95192566,-19.24012655,LA14,2012-07-21,05:00:00 AM,05:00:00,Cold-Dry,2012-07-21 05:00:00,7
15.95347392,-19.24151815,LA14,2012-07-21,05:20:00 AM,05:20:00,Cold-Dry,2012-07-21 05:20:00,7
15.95398966,-19.24169718,LA14,2012-07-21,05:40:00 AM,05:40:00,Cold-Dry,2012-07-21 05:40:00,7
15.9543335,-19.24078369,LA14,2012-07-21,06:00:00 AM,06:00:00,Cold-Dry,2012-07-21 06:00:00,7
15.95541077,-19.23972168,LA14,2012-07-21,06:20:00 AM,06:20:00,Cold-Dry,2012-07-21 06:20:00,7
15.95758464,-19.24020589,LA14,2012-07-21,06:40:00 AM,06:40:00,Cold-Dry,2012-07-21 06:40:00,7
15.95981547,-19.24681803,LA14,2012-07-21,07:00:00 AM,07:00:00,Cold-Dry,2012-07-21 07:00:00,7
15.96305949,-19.25218302,LA14,2012-07-21,07:20:00 AM,07:20:00,Cold-Dry,2012-07-21 07:20:00,7
15.96293335,-19.25225016,LA14,2012-07-21,07:40:00 AM,07:40:00,Cold-Dry,2012-07-21 07:40:00,7
15.96401571,-19.25356242,LA14,2012-07-21,08:00:00 AM,08:00:00,Cold-Dry,2012-07-21 08:00:00,7
15.9647583,-19.25441895,LA14,2012-07-21,08:20:00 AM,08:20:00,Cold-Dry,2012-07-21 08:20:00,7
15.9657959,-19.25484619,LA14,2012-07-21,08:40:00 AM,08:40:00,Cold-Dry,2012-07-21 08:40:00,7
15.96671651,-19.25625407,LA14,2012-07-21,09:00:00 AM,09:00:00,Cold-Dry,2012-07-21 09:00:00,7
15.96712748,-19.25653483,LA14,2012-07-21,09:20:00 AM,09:20:00,Cold-Dry,2012-07-21 09:20:00,7
15.96713664,-19.25663249,LA14,2012-07-21,09:40:00 AM,09:40:00,Cold-Dry,2012-07-21 09:40:00,7
15.96714884,-19.25654297,LA14,2012-07-21,10:00:00 AM,10:00:00,Cold-Dry,2012-07-21 10:00:00,7
15.9671346,-19.25655721,LA14,2012-07-21,10:20:00 AM,10:20:00,Cold-Dry,2012-07-21 10:20:00,7
15.96714681,-19.25654297,LA14,2012-07-21,10:40:00 AM,10:40:00,Cold-Dry,2012-07-21 10:40:00,7
15.96713359,-19.25658162,LA14,2012-07-21,11:00:00 AM,11:00:00,Cold-Dry,2012-07-21 11:00:00,7
15.96668905,-19.25763753,LA14,2012-07-21,11:20:00 AM,11:20:00,Cold-Dry,2012-07-21 11:20:00,7
15.96686503,-19.25776367,LA14,2012-07-21,11:40:00 AM,11:40:00,Cold-Dry,2012-07-21 11:40:00,7
15.96686198,-19.2577474,LA14,2012-07-21,12:00:00 PM,12:00:00,Cold-Dry,2012-07-21 12:00:00,7
15.96687012,-19.25774536,LA14,2012-07-21,12:20:00 PM,12:20:00,Cold-Dry,2012-07-21 12:20:00,7
15.96707458,-19.26102091,LA14,2012-07-21,12:40:00 PM,12:40:00,Cold-Dry,2012-07-21 12:40:00,7
15.96707764,-19.26102091,LA14,2012-07-21,01:00:00 PM,13:00:00,Cold-Dry,2012-07-21 13:00:00,7
15.96711426,-19.26168213,LA14,2012-07-21,01:20:00 PM,13:20:00,Cold-Dry,2012-07-21 13:20:00,7
15.96639608,-19.2637675,LA14,2012-07-21,01:40:00 PM,13:40:00,Cold-Dry,2012-07-21 13:40:00,7
15.96643982,-19.26479696,LA14,2012-07-21,02:00:00 PM,14:00:00,Cold-Dry,2012-07-21 14:00:00,7
15.96631775,-19.26544189,LA14,2012-07-21,02:20:00 PM,14:20:00,Cold-Dry,2012-07-21 14:20:00,7
15.96630554,-19.26913249,LA14,2012-07-21,02:40:00 PM,14:40:00,Cold-Dry,2012-07-21 14:40:00,7
15.96635742,-19.27131144,LA14,2012-07-21,03:00:00 PM,15:00:00,Cold-Dry,2012-07-21 15:00:00,7
15.96632182,-19.27373454,LA14,2012-07-21,03:20:00 PM,15:20:00,Cold-Dry,2012-07-21 15:20:00,7
15.96537069,-19.27848511,LA14,2012-07-21,03:40:00 PM,15:40:00,Cold-Dry,2012-07-21 15:40:00,7
15.96369425,-19.28186849,LA14,2012-07-21,04:00:00 PM,16:00:00,Cold-Dry,2012-07-21 16:00:00,7
15.96341553,-19.2842041,LA14,2012-07-21,04:20:00 PM,16:20:00,Cold-Dry,2012-07-21 16:20:00,7
15.96187439,-19.28833415,LA14,2012-07-21,04:40:00 PM,16:40:00,Cold-Dry,2012-07-21 16:40:00,7
15.96008301,-19.29254761,LA14,2012-07-21,05:00:00 PM,17:00:00,Cold-Dry,2012-07-21 17:00:00,7
15.95884501,-19.29537557,LA14,2012-07-21,05:20:00 PM,17:20:00,Cold-Dry,2012-07-21 17:20:00,7
15.95795288,-19.2983134,LA14,2012-07-21,05:40:00 PM,17:40:00,Cold-Dry,2012-07-21 17:40:00,7
15.95640971,-19.30129191,LA14,2012-07-21,06:00:00 PM,18:00:00,Cold-Dry,2012-07-21 18:00:00,7
15.94989726,-19.30804443,LA14,2012-07-21,06:20:00 PM,18:20:00,Cold-Dry,2012-07-21 18:20:00,7
15.94424235,-19.31397095,LA14,2012-07-21,06:40:00 PM,18:40:00,Cold-Dry,2012-07-21 18:40:00,7
15.9411733,-19.31604614,LA14,2012-07-21,07:00:00 PM,19:00:00,Cold-Dry,2012-07-21 19:00:00,7
15.94095866,-19.31612142,LA14,2012-07-21,07:20:00 PM,19:20:00,Cold-Dry,2012-07-21 19:20:00,7
15.94251404,-19.31224365,LA14,2012-07-21,07:40:00 PM,19:40:00,Cold-Dry,2012-07-21 19:40:00,7
15.94266561,-19.31115519,LA14,2012-07-21,08:00:00 PM,20:00:00,Cold-Dry,2012-07-21 20:00:00,7
15.94327799,-19.30840658,LA14,2012-07-21,08:20:00 PM,20:20:00,Cold-Dry,2012-07-21 20:20:00,7
15.94225464,-19.30695597,LA14,2012-07-21,08:40:00 PM,20:40:00,Cold-Dry,2012-07-21 20:40:00,7
15.94232585,-19.30635783,LA14,2012-07-21,09:00:00 PM,21:00:00,Cold-Dry,2012-07-21 21:00:00,7
15.94233805,-19.30634969,LA14,2012-07-21,09:20:00 PM,21:20:00,Cold-Dry,2012-07-21 21:20:00,7
15.94204712,-19.30642293,LA14,2012-07-21,09:40:00 PM,21:40:00,Cold-Dry,2012-07-21 21:40:00,7
15.94262085,-19.30528564,LA14,2012-07-21,10:00:00 PM,22:00:00,Cold-Dry,2012-07-21 22:00:00,7
15.9424408,-19.30461833,LA14,2012-07-21,10:20:00 PM,22:20:00,Cold-Dry,2012-07-21 22:20:00,7
15.94261169,-19.30356445,LA14,2012-07-21,10:40:00 PM,22:40:00,Cold-Dry,2012-07-21 22:40:00,7
15.94351095,-19.29529826,LA14,2012-07-21,11:00:00 PM,23:00:00,Cold-Dry,2012-07-21 23:00:00,7
15.94572754,-19.2868632,LA14,2012-07-21,11:20:00 PM,23:20:00,Cold-Dry,2012-07-21 23:20:00,7
15.94644267,-19.28546346,LA14,2012-07-21,11:40:00 PM,23:40:00,Cold-Dry,2012-07-21 23:40:00,7
15.94642537,-19.28501383,LA14,2012-07-22,12:00:00 AM,00:00:00,Cold-Dry,2012-07-22 00:00:00,7
15.94670207,-19.28380534,LA14,2012-07-22,12:20:00 AM,00:20:00,Cold-Dry,2012-07-22 00:20:00,7
15.94650472,-19.28307902,LA14,2012-07-22,12:40:00 AM,00:40:00,Cold-Dry,2012-07-22 00:40:00,7
15.94668376,-19.28179118,LA14,2012-07-22,01:00:00 AM,01:00:00,Cold-Dry,2012-07-22 01:00:00,7
15.94746806,-19.27911377,LA14,2012-07-22,01:20:00 AM,01:20:00,Cold-Dry,2012-07-22 01:20:00,7
15.94759725,-19.27809855,LA14,2012-07-22,01:40:00 AM,01:40:00,Cold-Dry,2012-07-22 01:40:00,7
15.94797872,-19.27667847,LA14,2012-07-22,02:00:00 AM,02:00:00,Cold-Dry,2012-07-22 02:00:00,7
15.94793091,-19.27629801,LA14,2012-07-22,02:20:00 AM,02:20:00,Cold-Dry,2012-07-22 02:20:00,7
15.94801941,-19.27582804,LA14,2012-07-22,02:40:00 AM,02:40:00,Cold-Dry,2012-07-22 02:40:00,7
15.94797872,-19.27550252,LA14,2012-07-22,03:00:00 AM,03:00:00,Cold-Dry,2012-07-22 03:00:00,7
15.94776103,-19.27572021,LA14,2012-07-22,03:20:00 AM,03:20:00,Cold-Dry,2012-07-22 03:20:00,7
15.94792582,-19.27554321,LA14,2012-07-22,03:40:00 AM,03:40:00,Cold-Dry,2012-07-22 03:40:00,7
15.94782613,-19.2755188,LA14,2012-07-22,04:00:00 AM,04:00:00,Cold-Dry,2012-07-22 04:00:00,7
15.94793803,-19.27552083,LA14,2012-07-22,04:20:00 AM,04:20:00,Cold-Dry,2012-07-22 04:20:00,7
15.94796041,-19.27550863,LA14,2012-07-22,04:40:00 AM,04:40:00,Cold-Dry,2012-07-22 04:40:00,7
15.94938151,-19.27321777,LA14,2012-07-22,05:00:00 AM,05:00:00,Cold-Dry,2012-07-22 05:00:00,7
15.95081075,-19.26934814,LA14,2012-07-22,05:20:00 AM,05:20:00,Cold-Dry,2012-07-22 05:20:00,7
15.95323893,-19.26413371,LA14,2012-07-22,05:40:00 AM,05:40:00,Cold-Dry,2012-07-22 05:40:00,7
15.95521342,-19.2614563,LA14,2012-07-22,06:00:00 AM,06:00:00,Cold-Dry,2012-07-22 06:00:00,7
15.95605977,-19.25993652,LA14,2012-07-22,06:20:00 AM,06:20:00,Cold-Dry,2012-07-22 06:20:00,7
15.95640869,-19.25794881,LA14,2012-07-22,06:40:00 AM,06:40:00,Cold-Dry,2012-07-22 06:40:00,7
15.95659281,-19.25572713,LA14,2012-07-22,07:00:00 AM,07:00:00,Cold-Dry,2012-07-22 07:00:00,7
15.95706584,-19.2547526,LA14,2012-07-22,07:20:00 AM,07:20:00,Cold-Dry,2012-07-22 07:20:00,7
15.95676168,-19.25403849,LA14,2012-07-22,07:40:00 AM,07:40:00,Cold-Dry,2012-07-22 07:40:00,7
15.95562236,-19.25294393,LA14,2012-07-22,08:00:00 AM,08:00:00,Cold-Dry,2012-07-22 08:00:00,7
15.95518799,-19.25171305,LA14,2012-07-22,08:20:00 AM,08:20:00,Cold-Dry,2012-07-22 08:20:00,7
15.95471497,-19.25069784,LA14,2012-07-22,08:40:00 AM,08:40:00,Cold-Dry,2012-07-22 08:40:00,7
15.95468445,-19.25070597,LA14,2012-07-22,09:00:00 AM,09:00:00,Cold-Dry,2012-07-22 09:00:00,7
15.95460409,-19.25061035,LA14,2012-07-22,09:20:00 AM,09:20:00,Cold-Dry,2012-07-22 09:20:00,7
15.95484924,-19.24858398,LA14,2012-07-22,09:40:00 AM,09:40:00,Cold-Dry,2012-07-22 09:40:00,7
15.95601095,-19.24914551,LA14,2012-07-22,10:00:00 AM,10:00:00,Cold-Dry,2012-07-22 10:00:00,7
15.95597941,-19.24917806,LA14,2012-07-22,10:20:00 AM,10:20:00,Cold-Dry,2012-07-22 10:20:00,7
15.95599467,-19.24915161,LA14,2012-07-22,10:40:00 AM,10:40:00,Cold-Dry,2012-07-22 10:40:00,7
15.95596517,-19.24916382,LA14,2012-07-22,11:00:00 AM,11:00:00,Cold-Dry,2012-07-22 11:00:00,7
15.95590007,-19.24840495,LA14,2012-07-22,11:20:00 AM,11:20:00,Cold-Dry,2012-07-22 11:20:00,7
15.95588684,-19.24840902,LA14,2012-07-22,11:40:00 AM,11:40:00,Cold-Dry,2012-07-22 11:40:00,7
15.95567424,-19.24656576,LA14,2012-07-22,12:00:00 PM,12:00:00,Cold-Dry,2012-07-22 12:00:00,7
15.95563965,-19.24595133,LA14,2012-07-22,12:20:00 PM,12:20:00,Cold-Dry,2012-07-22 12:20:00,7
15.9557078,-19.24591878,LA14,2012-07-22,12:40:00 PM,12:40:00,Cold-Dry,2012-07-22 12:40:00,7
15.95573629,-19.24592489,LA14,2012-07-22,01:00:00 PM,13:00:00,Cold-Dry,2012-07-22 13:00:00,7
15.95571086,-19.24580078,LA14,2012-07-22,01:20:00 PM,13:20:00,Cold-Dry,2012-07-22 13:20:00,7
15.95568644,-19.24488729,LA14,2012-07-22,01:40:00 PM,13:40:00,Cold-Dry,2012-07-22 13:40:00,7
15.95577901,-19.2428243,LA14,2012-07-22,02:00:00 PM,14:00:00,Cold-Dry,2012-07-22 14:00:00,7
15.95481974,-19.23911743,LA14,2012-07-22,02:20:00 PM,14:20:00,Cold-Dry,2012-07-22 14:20:00,7
15.95484924,-19.23717448,LA14,2012-07-22,02:40:00 PM,14:40:00,Cold-Dry,2012-07-22 14:40:00,7
15.95403748,-19.23455404,LA14,2012-07-22,03:00:00 PM,15:00:00,Cold-Dry,2012-07-22 15:00:00,7
15.95316366,-19.23343913,LA14,2012-07-22,03:20:00 PM,15:20:00,Cold-Dry,2012-07-22 15:20:00,7
15.95258586,-19.2319397,LA14,2012-07-22,03:40:00 PM,15:40:00,Cold-Dry,2012-07-22 15:40:00,7
15.95169678,-19.22994181,LA14,2012-07-22,04:00:00 PM,16:00:00,Cold-Dry,2012-07-22 16:00:00,7
15.95153707,-19.22919108,LA14,2012-07-22,04:20:00 PM,16:20:00,Cold-Dry,2012-07-22 16:20:00,7
15.95049337,-19.22859294,LA14,2012-07-22,04:40:00 PM,16:40:00,Cold-Dry,2012-07-22 16:40:00,7
15.94938253,-19.22867839,LA14,2012-07-22,05:00:00 PM,17:00:00,Cold-Dry,2012-07-22 17:00:00,7
15.94903666,-19.2284139,LA14,2012-07-22,05:20:00 PM,17:20:00,Cold-Dry,2012-07-22 17:20:00,7
15.94815877,-19.22865804,LA14,2012-07-22,05:40:00 PM,17:40:00,Cold-Dry,2012-07-22 17:40:00,7
15.9481191,-19.22855835,LA14,2012-07-22,06:00:00 PM,18:00:00,Cold-Dry,2012-07-22 18:00:00,7
15.94812215,-19.22858073,LA14,2012-07-22,06:20:00 PM,18:20:00,Cold-Dry,2012-07-22 18:20:00,7
15.94813639,-19.22864176,LA14,2012-07-22,06:40:00 PM,18:40:00,Cold-Dry,2012-07-22 18:40:00,7
15.94812317,-19.22862752,LA14,2012-07-22,07:00:00 PM,19:00:00,Cold-Dry,2012-07-22 19:00:00,7
15.94814555,-19.2286377,LA14,2012-07-22,07:20:00 PM,19:20:00,Cold-Dry,2012-07-22 19:20:00,7
15.94813334,-19.22864176,LA14,2012-07-22,07:40:00 PM,19:40:00,Cold-Dry,2012-07-22 19:40:00,7
15.94819946,-19.22882284,LA14,2012-07-22,08:00:00 PM,20:00:00,Cold-Dry,2012-07-22 20:00:00,7
15.94698181,-19.22965698,LA14,2012-07-22,08:20:00 PM,20:20:00,Cold-Dry,2012-07-22 20:20:00,7
15.94680786,-19.22970988,LA14,2012-07-22,08:40:00 PM,20:40:00,Cold-Dry,2012-07-22 20:40:00,7
15.94635111,-19.22988281,LA14,2012-07-22,09:00:00 PM,21:00:00,Cold-Dry,2012-07-22 21:00:00,7
15.94482422,-19.2292806,LA14,2012-07-22,09:20:00 PM,21:20:00,Cold-Dry,2012-07-22 21:20:00,7
15.94387105,-19.22842407,LA14,2012-07-22,09:40:00 PM,21:40:00,Cold-Dry,2012-07-22 21:40:00,7
15.94388733,-19.22833049,LA14,2012-07-22,10:00:00 PM,22:00:00,Cold-Dry,2012-07-22 22:00:00,7
15.94413656,-19.22799886,LA14,2012-07-22,10:20:00 PM,22:20:00,Cold-Dry,2012-07-22 22:20:00,7
15.94403788,-19.2274821,LA14,2012-07-22,10:40:00 PM,22:40:00,Cold-Dry,2012-07-22 22:40:00,7
15.9434082,-19.22677002,LA14,2012-07-22,11:00:00 PM,23:00:00,Cold-Dry,2012-07-22 23:00:00,7
15.94273682,-19.2258077,LA14,2012-07-22,11:20:00 PM,23:20:00,Cold-Dry,2012-07-22 23:20:00,7
15.94109701,-19.22406006,LA14,2012-07-22,11:40:00 PM,23:40:00,Cold-Dry,2012-07-22 23:40:00,7
15.93919779,-19.22214966,LA14,2012-07-23,12:00:00 AM,00:00:00,Cold-Dry,2012-07-23 00:00:00,7
15.93768819,-19.21859945,LA14,2012-07-23,12:20:00 AM,00:20:00,Cold-Dry,2012-07-23 00:20:00,7
15.93701782,-19.21540527,LA14,2012-07-23,12:40:00 AM,00:40:00,Cold-Dry,2012-07-23 00:40:00,7
15.93580322,-19.21173706,LA14,2012-07-23,01:00:00 AM,01:00:00,Cold-Dry,2012-07-23 01:00:00,7
15.93513184,-19.20843709,LA14,2012-07-23,01:20:00 AM,01:20:00,Cold-Dry,2012-07-23 01:20:00,7
15.93250834,-19.20304159,LA14,2012-07-23,01:40:00 AM,01:40:00,Cold-Dry,2012-07-23 01:40:00,7
15.92948812,-19.19871826,LA14,2012-07-23,02:00:00 AM,02:00:00,Cold-Dry,2012-07-23 02:00:00,7
15.92406413,-19.19230143,LA14,2012-07-23,02:20:00 AM,02:20:00,Cold-Dry,2012-07-23 02:20:00,7
15.91649679,-19.18318075,LA14,2012-07-23,02:40:00 AM,02:40:00,Cold-Dry,2012-07-23 02:40:00,7
15.91584371,-19.1807373,LA14,2012-07-23,03:00:00 AM,03:00:00,Cold-Dry,2012-07-23 03:00:00,7
15.91124878,-19.1849589,LA14,2012-07-23,03:20:00 AM,03:20:00,Cold-Dry,2012-07-23 03:20:00,7
15.90462545,-19.19285889,LA14,2012-07-23,03:40:00 AM,03:40:00,Cold-Dry,2012-07-23 03:40:00,7
15.90154724,-19.19642334,LA14,2012-07-23,04:00:00 AM,04:00:00,Cold-Dry,2012-07-23 04:00:00,7
15.89601542,-19.20342814,LA14,2012-07-23,04:20:00 AM,04:20:00,Cold-Dry,2012-07-23 04:20:00,7
15.89534098,-19.20546468,LA14,2012-07-23,04:40:00 AM,04:40:00,Cold-Dry,2012-07-23 04:40:00,7
15.89464417,-19.20608114,LA14,2012-07-23,05:00:00 AM,05:00:00,Cold-Dry,2012-07-23 05:00:00,7
15.89332784,-19.20814819,LA14,2012-07-23,05:20:00 AM,05:20:00,Cold-Dry,2012-07-23 05:20:00,7
15.89194336,-19.21024984,LA14,2012-07-23,05:40:00 AM,05:40:00,Cold-Dry,2012-07-23 05:40:00,7
15.89155579,-19.21103923,LA14,2012-07-23,06:00:00 AM,06:00:00,Cold-Dry,2012-07-23 06:00:00,7
15.8916097,-19.21110026,LA14,2012-07-23,06:20:00 AM,06:20:00,Cold-Dry,2012-07-23 06:20:00,7
15.89140727,-19.21121623,LA14,2012-07-23,06:40:00 AM,06:40:00,Cold-Dry,2012-07-23 06:40:00,7
15.89091187,-19.21076864,LA14,2012-07-23,07:00:00 AM,07:00:00,Cold-Dry,2012-07-23 07:00:00,7
15.89041443,-19.20980225,LA14,2012-07-23,07:20:00 AM,07:20:00,Cold-Dry,2012-07-23 07:20:00,7
15.88997091,-19.20958455,LA14,2012-07-23,07:40:00 AM,07:40:00,Cold-Dry,2012-07-23 07:40:00,7
15.88985697,-19.20964966,LA14,2012-07-23,08:00:00 AM,08:00:00,Cold-Dry,2012-07-23 08:00:00,7
15.88996785,-19.20961507,LA14,2012-07-23,08:20:00 AM,08:20:00,Cold-Dry,2012-07-23 08:20:00,7
15.88997498,-19.20960286,LA14,2012-07-23,08:40:00 AM,08:40:00,Cold-Dry,2012-07-23 08:40:00,7
15.88992513,-19.20962118,LA14,2012-07-23,09:00:00 AM,09:00:00,Cold-Dry,2012-07-23 09:00:00,7
15.88990784,-19.20959269,LA14,2012-07-23,09:20:00 AM,09:20:00,Cold-Dry,2012-07-23 09:20:00,7
15.88994039,-19.20963338,LA14,2012-07-23,09:40:00 AM,09:40:00,Cold-Dry,2012-07-23 09:40:00,7
15.88992513,-19.20962321,LA14,2012-07-23,10:00:00 AM,10:00:00,Cold-Dry,2012-07-23 10:00:00,7
15.88994446,-19.20964355,LA14,2012-07-23,10:20:00 AM,10:20:00,Cold-Dry,2012-07-23 10:20:00,7
15.88995463,-19.20960897,LA14,2012-07-23,10:40:00 AM,10:40:00,Cold-Dry,2012-07-23 10:40:00,7
15.88961894,-19.20954386,LA14,2012-07-23,11:00:00 AM,11:00:00,Cold-Dry,2012-07-23 11:00:00,7
15.8890686,-19.2091512,LA14,2012-07-23,11:20:00 AM,11:20:00,Cold-Dry,2012-07-23 11:20:00,7
15.88885091,-19.20859578,LA14,2012-07-23,11:40:00 AM,11:40:00,Cold-Dry,2012-07-23 11:40:00,7
15.88874715,-19.20853271,LA14,2012-07-23,12:00:00 PM,12:00:00,Cold-Dry,2012-07-23 12:00:00,7
15.88892212,-19.20776571,LA14,2012-07-23,12:20:00 PM,12:20:00,Cold-Dry,2012-07-23 12:20:00,7
15.89026998,-19.20807495,LA14,2012-07-23,12:40:00 PM,12:40:00,Cold-Dry,2012-07-23 12:40:00,7
15.89129842,-19.2087382,LA14,2012-07-23,01:00:00 PM,13:00:00,Cold-Dry,2012-07-23 13:00:00,7
15.89186605,-19.20857544,LA14,2012-07-23,01:20:00 PM,13:20:00,Cold-Dry,2012-07-23 13:20:00,7
15.89188944,-19.20858358,LA14,2012-07-23,01:40:00 PM,13:40:00,Cold-Dry,2012-07-23 13:40:00,7
15.89188029,-19.20854899,LA14,2012-07-23,02:00:00 PM,14:00:00,Cold-Dry,2012-07-23 14:00:00,7
15.89187012,-19.2085734,LA14,2012-07-23,02:20:00 PM,14:20:00,Cold-Dry,2012-07-23 14:20:00,7
15.89231567,-19.20819092,LA14,2012-07-23,02:40:00 PM,14:40:00,Cold-Dry,2012-07-23 14:40:00,7
15.89284973,-19.2075887,LA14,2012-07-23,03:00:00 PM,15:00:00,Cold-Dry,2012-07-23 15:00:00,7
15.89294128,-19.20715942,LA14,2012-07-23,03:20:00 PM,15:20:00,Cold-Dry,2012-07-23 15:20:00,7
15.8932902,-19.20638631,LA14,2012-07-23,03:40:00 PM,15:40:00,Cold-Dry,2012-07-23 15:40:00,7
15.89559835,-19.2044047,LA14,2012-07-23,04:00:00 PM,16:00:00,Cold-Dry,2012-07-23 16:00:00,7
15.89622192,-19.20301514,LA14,2012-07-23,04:20:00 PM,16:20:00,Cold-Dry,2012-07-23 16:20:00,7
15.89645589,-19.20131022,LA14,2012-07-23,04:40:00 PM,16:40:00,Cold-Dry,2012-07-23 16:40:00,7
15.89652608,-19.20052083,LA14,2012-07-23,05:00:00 PM,17:00:00,Cold-Dry,2012-07-23 17:00:00,7
15.89758911,-19.19812012,LA14,2012-07-23,05:20:00 PM,17:20:00,Cold-Dry,2012-07-23 17:20:00,7
15.8984609,-19.19581909,LA14,2012-07-23,05:40:00 PM,17:40:00,Cold-Dry,2012-07-23 17:40:00,7
15.89992981,-19.19280396,LA14,2012-07-23,06:00:00 PM,18:00:00,Cold-Dry,2012-07-23 18:00:00,7
15.90234884,-19.18869629,LA14,2012-07-23,06:20:00 PM,18:20:00,Cold-Dry,2012-07-23 18:20:00,7
15.90523071,-19.18406779,LA14,2012-07-23,06:40:00 PM,18:40:00,Cold-Dry,2012-07-23 18:40:00,7
15.91142883,-19.18165283,LA14,2012-07-23,07:00:00 PM,19:00:00,Cold-Dry,2012-07-23 19:00:00,7
15.91562805,-19.18083903,LA14,2012-07-23,07:20:00 PM,19:20:00,Cold-Dry,2012-07-23 19:20:00,7
15.91597188,-19.18102417,LA14,2012-07-23,07:40:00 PM,19:40:00,Cold-Dry,2012-07-23 19:40:00,7
15.91595764,-19.18094889,LA14,2012-07-23,08:00:00 PM,20:00:00,Cold-Dry,2012-07-23 20:00:00,7
15.91450907,-19.1836792,LA14,2012-07-23,08:20:00 PM,20:20:00,Cold-Dry,2012-07-23 20:20:00,7
15.91358134,-19.19069214,LA14,2012-07-23,08:40:00 PM,20:40:00,Cold-Dry,2012-07-23 20:40:00,7
15.91371358,-19.19750773,LA14,2012-07-23,09:00:00 PM,21:00:00,Cold-Dry,2012-07-23 21:00:00,7
15.91369324,-19.20344238,LA14,2012-07-23,09:20:00 PM,21:20:00,Cold-Dry,2012-07-23 21:20:00,7
15.91480001,-19.21052246,LA14,2012-07-23,09:40:00 PM,21:40:00,Cold-Dry,2012-07-23 21:40:00,7
15.91453451,-19.21266683,LA14,2012-07-23,10:00:00 PM,22:00:00,Cold-Dry,2012-07-23 22:00:00,7
15.91481832,-19.21434123,LA14,2012-07-23,10:20:00 PM,22:20:00,Cold-Dry,2012-07-23 22:20:00,7
15.91503805,-19.21578369,LA14,2012-07-23,10:40:00 PM,22:40:00,Cold-Dry,2012-07-23 22:40:00,7
15.91490377,-19.21735433,LA14,2012-07-23,11:00:00 PM,23:00:00,Cold-Dry,2012-07-23 23:00:00,7
15.91646118,-19.22164714,LA14,2012-07-23,11:20:00 PM,23:20:00,Cold-Dry,2012-07-23 23:20:00,7
15.91717733,-19.22592773,LA14,2012-07-23,11:40:00 PM,23:40:00,Cold-Dry,2012-07-23 23:40:00,7
15.9169576,-19.22967733,LA14,2012-07-24,12:00:00 AM,00:00:00,Cold-Dry,2012-07-24 00:00:00,7
15.91875916,-19.23350627,LA14,2012-07-24,12:20:00 AM,00:20:00,Cold-Dry,2012-07-24 00:20:00,7
15.92067871,-19.23633219,LA14,2012-07-24,12:40:00 AM,00:40:00,Cold-Dry,2012-07-24 00:40:00,7
15.92221375,-19.23882446,LA14,2012-07-24,01:00:00 AM,01:00:00,Cold-Dry,2012-07-24 01:00:00,7
15.92241516,-19.24007772,LA14,2012-07-24,01:20:00 AM,01:20:00,Cold-Dry,2012-07-24 01:20:00,7
15.92347717,-19.24126587,LA14,2012-07-24,01:40:00 AM,01:40:00,Cold-Dry,2012-07-24 01:40:00,7
15.92458496,-19.24236857,LA14,2012-07-24,02:00:00 AM,02:00:00,Cold-Dry,2012-07-24 02:00:00,7
15.92534688,-19.24468384,LA14,2012-07-24,02:20:00 AM,02:20:00,Cold-Dry,2012-07-24 02:20:00,7
15.9254598,-19.24535522,LA14,2012-07-24,02:40:00 AM,02:40:00,Cold-Dry,2012-07-24 02:40:00,7
15.92631124,-19.24702352,LA14,2012-07-24,03:00:00 AM,03:00:00,Cold-Dry,2012-07-24 03:00:00,7
15.92701314,-19.24753621,LA14,2012-07-24,03:20:00 AM,03:20:00,Cold-Dry,2012-07-24 03:20:00,7
15.92782186,-19.24811605,LA14,2012-07-24,03:40:00 AM,03:40:00,Cold-Dry,2012-07-24 03:40:00,7
15.92784627,-19.24813843,LA14,2012-07-24,04:00:00 AM,04:00:00,Cold-Dry,2012-07-24 04:00:00,7
15.927889,-19.24812215,LA14,2012-07-24,04:20:00 AM,04:20:00,Cold-Dry,2012-07-24 04:20:00,7
15.92784017,-19.24812215,LA14,2012-07-24,04:40:00 AM,04:40:00,Cold-Dry,2012-07-24 04:40:00,7
15.92793783,-19.24825846,LA14,2012-07-24,05:00:00 AM,05:00:00,Cold-Dry,2012-07-24 05:00:00,7
15.92877808,-19.24959513,LA14,2012-07-24,05:20:00 AM,05:20:00,Cold-Dry,2012-07-24 05:20:00,7
15.92830302,-19.25074056,LA14,2012-07-24,05:40:00 AM,05:40:00,Cold-Dry,2012-07-24 05:40:00,7
15.94223938,-19.25328369,LA14,2012-07-24,06:00:00 AM,06:00:00,Cold-Dry,2012-07-24 06:00:00,7
15.94258728,-19.25326335,LA14,2012-07-24,06:20:00 AM,06:20:00,Cold-Dry,2012-07-24 06:20:00,7
15.94527995,-19.25328369,LA14,2012-07-24,06:40:00 AM,06:40:00,Cold-Dry,2012-07-24 06:40:00,7
15.94662069,-19.25390218,LA14,2012-07-24,07:00:00 AM,07:00:00,Cold-Dry,2012-07-24 07:00:00,7
15.94910787,-19.25345052,LA14,2012-07-24,07:20:00 AM,07:20:00,Cold-Dry,2012-07-24 07:20:00,7
15.94916992,-19.25224406,LA14,2012-07-24,07:40:00 AM,07:40:00,Cold-Dry,2012-07-24 07:40:00,7
15.94916992,-19.25159912,LA14,2012-07-24,08:00:00 AM,08:00:00,Cold-Dry,2012-07-24 08:00:00,7
15.94929504,-19.25123494,LA14,2012-07-24,08:20:00 AM,08:20:00,Cold-Dry,2012-07-24 08:20:00,7
15.9492157,-19.25118815,LA14,2012-07-24,08:40:00 AM,08:40:00,Cold-Dry,2012-07-24 08:40:00,7
15.94914246,-19.25135295,LA14,2012-07-24,09:00:00 AM,09:00:00,Cold-Dry,2012-07-24 09:00:00,7
15.94915873,-19.25139974,LA14,2012-07-24,09:20:00 AM,09:20:00,Cold-Dry,2012-07-24 09:20:00,7
15.94917399,-19.25140584,LA14,2012-07-24,09:40:00 AM,09:40:00,Cold-Dry,2012-07-24 09:40:00,7
15.94917094,-19.25140177,LA14,2012-07-24,10:00:00 AM,10:00:00,Cold-Dry,2012-07-24 10:00:00,7
15.9491689,-19.25139771,LA14,2012-07-24,10:20:00 AM,10:20:00,Cold-Dry,2012-07-24 10:20:00,7
15.94858602,-19.24973755,LA14,2012-07-24,10:40:00 AM,10:40:00,Cold-Dry,2012-07-24 10:40:00,7
15.94830729,-19.24902344,LA14,2012-07-24,11:00:00 AM,11:00:00,Cold-Dry,2012-07-24 11:00:00,7
15.94825643,-19.24868164,LA14,2012-07-24,11:20:00 AM,11:20:00,Cold-Dry,2012-07-24 11:20:00,7
15.94826457,-19.24866943,LA14,2012-07-24,11:40:00 AM,11:40:00,Cold-Dry,2012-07-24 11:40:00,7
15.94827169,-19.2486735,LA14,2012-07-24,12:00:00 PM,12:00:00,Cold-Dry,2012-07-24 12:00:00,7
15.94804993,-19.24825236,LA14,2012-07-24,12:20:00 PM,12:20:00,Cold-Dry,2012-07-24 12:20:00,7
15.94728088,-19.24795939,LA14,2012-07-24,12:40:00 PM,12:40:00,Cold-Dry,2012-07-24 12:40:00,7
15.94700419,-19.24794718,LA14,2012-07-24,01:00:00 PM,13:00:00,Cold-Dry,2012-07-24 13:00:00,7
15.94700623,-19.24795532,LA14,2012-07-24,01:20:00 PM,13:20:00,Cold-Dry,2012-07-24 13:20:00,7
15.94699605,-19.24793905,LA14,2012-07-24,01:40:00 PM,13:40:00,Cold-Dry,2012-07-24 13:40:00,7
15.94647827,-19.24801839,LA14,2012-07-24,02:00:00 PM,14:00:00,Cold-Dry,2012-07-24 14:00:00,7
15.94524434,-19.24706624,LA14,2012-07-24,02:20:00 PM,14:20:00,Cold-Dry,2012-07-24 14:20:00,7
15.94435832,-19.24636434,LA14,2012-07-24,02:40:00 PM,14:40:00,Cold-Dry,2012-07-24 14:40:00,7
15.94396159,-19.24592082,LA14,2012-07-24,03:00:00 PM,15:00:00,Cold-Dry,2012-07-24 15:00:00,7
15.94357096,-19.24564412,LA14,2012-07-24,03:20:00 PM,15:20:00,Cold-Dry,2012-07-24 15:20:00,7
15.94286397,-19.2468221,LA14,2012-07-24,03:40:00 PM,15:40:00,Cold-Dry,2012-07-24 15:40:00,7
15.94238688,-19.24748128,LA14,2012-07-24,04:00:00 PM,16:00:00,Cold-Dry,2012-07-24 16:00:00,7
15.94212443,-19.24835815,LA14,2012-07-24,04:20:00 PM,16:20:00,Cold-Dry,2012-07-24 16:20:00,7
15.94072978,-19.25361532,LA14,2012-07-24,04:40:00 PM,16:40:00,Cold-Dry,2012-07-24 16:40:00,7
15.93821208,-19.25845744,LA14,2012-07-24,05:00:00 PM,17:00:00,Cold-Dry,2012-07-24 17:00:00,7
15.93654378,-19.26170858,LA14,2012-07-24,05:20:00 PM,17:20:00,Cold-Dry,2012-07-24 17:20:00,7
15.93615112,-19.26461792,LA14,2012-07-24,05:40:00 PM,17:40:00,Cold-Dry,2012-07-24 17:40:00,7
15.93595276,-19.2660909,LA14,2012-07-24,06:00:00 PM,18:00:00,Cold-Dry,2012-07-24 18:00:00,7
15.93457642,-19.26842651,LA14,2012-07-24,06:20:00 PM,18:20:00,Cold-Dry,2012-07-24 18:20:00,7
15.9331665,-19.2701884,LA14,2012-07-24,06:40:00 PM,18:40:00,Cold-Dry,2012-07-24 18:40:00,7
15.93208516,-19.27364909,LA14,2012-07-24,07:00:00 PM,19:00:00,Cold-Dry,2012-07-24 19:00:00,7
15.93152466,-19.27984416,LA14,2012-07-24,07:20:00 PM,19:20:00,Cold-Dry,2012-07-24 19:20:00,7
15.93152161,-19.2850179,LA14,2012-07-24,07:40:00 PM,19:40:00,Cold-Dry,2012-07-24 19:40:00,7
15.93233744,-19.28716227,LA14,2012-07-24,08:00:00 PM,20:00:00,Cold-Dry,2012-07-24 20:00:00,7
15.93327026,-19.2928833,LA14,2012-07-24,08:20:00 PM,20:20:00,Cold-Dry,2012-07-24 20:20:00,7
15.93640035,-19.3013265,LA14,2012-07-24,08:40:00 PM,20:40:00,Cold-Dry,2012-07-24 20:40:00,7
15.93916829,-19.30917969,LA14,2012-07-24,09:00:00 PM,21:00:00,Cold-Dry,2012-07-24 21:00:00,7
15.94091899,-19.31612549,LA14,2012-07-24,09:20:00 PM,21:20:00,Cold-Dry,2012-07-24 21:20:00,7
15.940979,-19.31626383,LA14,2012-07-24,09:40:00 PM,21:40:00,Cold-Dry,2012-07-24 21:40:00,7
15.94139506,-19.31582031,LA14,2012-07-24,10:00:00 PM,22:00:00,Cold-Dry,2012-07-24 22:00:00,7
15.9428772,-19.31020508,LA14,2012-07-24,10:20:00 PM,22:20:00,Cold-Dry,2012-07-24 22:20:00,7
15.94490153,-19.30602214,LA14,2012-07-24,10:40:00 PM,22:40:00,Cold-Dry,2012-07-24 22:40:00,7
15.94684041,-19.30178833,LA14,2012-07-24,11:00:00 PM,23:00:00,Cold-Dry,2012-07-24 23:00:00,7
15.94999288,-19.29568685,LA14,2012-07-24,11:20:00 PM,23:20:00,Cold-Dry,2012-07-24 23:20:00,7
15.95399679,-19.29154053,LA14,2012-07-24,11:40:00 PM,23:40:00,Cold-Dry,2012-07-24 23:40:00,7
15.95824178,-19.28719482,LA14,2012-07-25,12:00:00 AM,00:00:00,Cold-Dry,2012-07-25 00:00:00,7
15.95944519,-19.28642171,LA14,2012-07-25,12:20:00 AM,00:20:00,Cold-Dry,2012-07-25 00:20:00,7
15.96151021,-19.28470662,LA14,2012-07-25,12:40:00 AM,00:40:00,Cold-Dry,2012-07-25 00:40:00,7
15.96186015,-19.28434652,LA14,2012-07-25,01:00:00 AM,01:00:00,Cold-Dry,2012-07-25 01:00:00,7
15.96202189,-19.2840271,LA14,2012-07-25,01:20:00 AM,01:20:00,Cold-Dry,2012-07-25 01:20:00,7
15.9618632,-19.2837911,LA14,2012-07-25,01:40:00 AM,01:40:00,Cold-Dry,2012-07-25 01:40:00,7
15.96284587,-19.28298747,LA14,2012-07-25,02:00:00 AM,02:00:00,Cold-Dry,2012-07-25 02:00:00,7
15.96375427,-19.28199056,LA14,2012-07-25,02:20:00 AM,02:20:00,Cold-Dry,2012-07-25 02:20:00,7
15.9644755,-19.28163859,LA14,2012-07-25,02:40:00 AM,02:40:00,Cold-Dry,2012-07-25 02:40:00,7
15.96471456,-19.28018392,LA14,2012-07-25,03:00:00 AM,03:00:00,Cold-Dry,2012-07-25 03:00:00,7
15.9666626,-19.27708944,LA14,2012-07-25,03:20:00 AM,03:20:00,Cold-Dry,2012-07-25 03:20:00,7
15.9686381,-19.27044474,LA14,2012-07-25,03:40:00 AM,03:40:00,Cold-Dry,2012-07-25 03:40:00,7
15.9680247,-19.26901245,LA14,2012-07-25,04:00:00 AM,04:00:00,Cold-Dry,2012-07-25 04:00:00,7
15.96755981,-19.26841838,LA14,2012-07-25,04:20:00 AM,04:20:00,Cold-Dry,2012-07-25 04:20:00,7
15.96733704,-19.26799723,LA14,2012-07-25,04:40:00 AM,04:40:00,Cold-Dry,2012-07-25 04:40:00,7
15.96730652,-19.26717122,LA14,2012-07-25,05:00:00 AM,05:00:00,Cold-Dry,2012-07-25 05:00:00,7
15.96766357,-19.26383667,LA14,2012-07-25,05:20:00 AM,05:20:00,Cold-Dry,2012-07-25 05:20:00,7
15.96798401,-19.2612203,LA14,2012-07-25,05:40:00 AM,05:40:00,Cold-Dry,2012-07-25 05:40:00,7
15.9681783,-19.25946045,LA14,2012-07-25,06:00:00 AM,06:00:00,Cold-Dry,2012-07-25 06:00:00,7
15.96869812,-19.25718587,LA14,2012-07-25,06:20:00 AM,06:20:00,Cold-Dry,2012-07-25 06:20:00,7
15.96860046,-19.25644531,LA14,2012-07-25,06:40:00 AM,06:40:00,Cold-Dry,2012-07-25 06:40:00,7
15.96846619,-19.25612793,LA14,2012-07-25,07:00:00 AM,07:00:00,Cold-Dry,2012-07-25 07:00:00,7
15.96791178,-19.25522054,LA14,2012-07-25,07:20:00 AM,07:20:00,Cold-Dry,2012-07-25 07:20:00,7
15.96774394,-19.25512899,LA14,2012-07-25,07:40:00 AM,07:40:00,Cold-Dry,2012-07-25 07:40:00,7
15.96742859,-19.25487264,LA14,2012-07-25,08:00:00 AM,08:00:00,Cold-Dry,2012-07-25 08:00:00,7
15.96628927,-19.25414836,LA14,2012-07-25,08:20:00 AM,08:20:00,Cold-Dry,2012-07-25 08:20:00,7
15.96558431,-19.25330404,LA14,2012-07-25,08:40:00 AM,08:40:00,Cold-Dry,2012-07-25 08:40:00,7
15.96468506,-19.25141805,LA14,2012-07-25,09:00:00 AM,09:00:00,Cold-Dry,2012-07-25 09:00:00,7
15.96461182,-19.2509786,LA14,2012-07-25,09:20:00 AM,09:20:00,Cold-Dry,2012-07-25 09:20:00,7
15.96326904,-19.24875488,LA14,2012-07-25,09:40:00 AM,09:40:00,Cold-Dry,2012-07-25 09:40:00,7
15.96327311,-19.24874064,LA14,2012-07-25,10:00:00 AM,10:00:00,Cold-Dry,2012-07-25 10:00:00,7
15.9632609,-19.24875285,LA14,2012-07-25,10:20:00 AM,10:20:00,Cold-Dry,2012-07-25 10:20:00,7
15.96326497,-19.24872233,LA14,2012-07-25,10:40:00 AM,10:40:00,Cold-Dry,2012-07-25 10:40:00,7
15.96323954,-19.24858602,LA14,2012-07-25,11:00:00 AM,11:00:00,Cold-Dry,2012-07-25 11:00:00,7
15.96321615,-19.24858805,LA14,2012-07-25,11:20:00 AM,11:20:00,Cold-Dry,2012-07-25 11:20:00,7
15.96304118,-19.24838257,LA14,2012-07-25,11:40:00 AM,11:40:00,Cold-Dry,2012-07-25 11:40:00,7
15.96246847,-19.24762573,LA14,2012-07-25,12:00:00 PM,12:00:00,Cold-Dry,2012-07-25 12:00:00,7
15.96198425,-19.24666138,LA14,2012-07-25,12:20:00 PM,12:20:00,Cold-Dry,2012-07-25 12:20:00,7
15.96125285,-19.24563395,LA14,2012-07-25,12:40:00 PM,12:40:00,Cold-Dry,2012-07-25 12:40:00,7
15.9612498,-19.24562988,LA14,2012-07-25,01:00:00 PM,13:00:00,Cold-Dry,2012-07-25 13:00:00,7
15.96127421,-19.24563599,LA14,2012-07-25,01:20:00 PM,13:20:00,Cold-Dry,2012-07-25 13:20:00,7
15.96100362,-19.24497274,LA14,2012-07-25,01:40:00 PM,13:40:00,Cold-Dry,2012-07-25 13:40:00,7
15.96108195,-19.24395955,LA14,2012-07-25,02:00:00 PM,14:00:00,Cold-Dry,2012-07-25 14:00:00,7
15.96066895,-19.24131673,LA14,2012-07-25,02:20:00 PM,14:20:00,Cold-Dry,2012-07-25 14:20:00,7
15.95942281,-19.23899129,LA14,2012-07-25,02:40:00 PM,14:40:00,Cold-Dry,2012-07-25 14:40:00,7
15.95854187,-19.23791097,LA14,2012-07-25,03:00:00 PM,15:00:00,Cold-Dry,2012-07-25 15:00:00,7
15.95829569,-19.23697306,LA14,2012-07-25,03:20:00 PM,15:20:00,Cold-Dry,2012-07-25 15:20:00,7
15.95587158,-19.23534139,LA14,2012-07-25,03:40:00 PM,15:40:00,Cold-Dry,2012-07-25 15:40:00,7
15.95428874,-19.2333374,LA14,2012-07-25,04:00:00 PM,16:00:00,Cold-Dry,2012-07-25 16:00:00,7
15.95318197,-19.23192749,LA14,2012-07-25,04:20:00 PM,16:20:00,Cold-Dry,2012-07-25 16:20:00,7
15.95213318,-19.22914429,LA14,2012-07-25,04:40:00 PM,16:40:00,Cold-Dry,2012-07-25 16:40:00,7
15.95169067,-19.22783203,LA14,2012-07-25,05:00:00 PM,17:00:00,Cold-Dry,2012-07-25 17:00:00,7
15.9510081,-19.22638346,LA14,2012-07-25,05:20:00 PM,17:20:00,Cold-Dry,2012-07-25 17:20:00,7
15.95030212,-19.22478434,LA14,2012-07-25,05:40:00 PM,17:40:00,Cold-Dry,2012-07-25 17:40:00,7
15.94994202,-19.22397664,LA14,2012-07-25,06:00:00 PM,18:00:00,Cold-Dry,2012-07-25 18:00:00,7
15.94845988,-19.22056681,LA14,2012-07-25,06:20:00 PM,18:20:00,Cold-Dry,2012-07-25 18:20:00,7
15.94679769,-19.21746216,LA14,2012-07-25,06:40:00 PM,18:40:00,Cold-Dry,2012-07-25 18:40:00,7
15.94425761,-19.21387533,LA14,2012-07-25,07:00:00 PM,19:00:00,Cold-Dry,2012-07-25 19:00:00,7
15.94089661,-19.21111247,LA14,2012-07-25,07:20:00 PM,19:20:00,Cold-Dry,2012-07-25 19:20:00,7
15.93890381,-19.20972493,LA14,2012-07-25,07:40:00 PM,19:40:00,Cold-Dry,2012-07-25 19:40:00,7
15.93705037,-19.20808309,LA14,2012-07-25,08:00:00 PM,20:00:00,Cold-Dry,2012-07-25 20:00:00,7
15.93384298,-19.2032491,LA14,2012-07-25,08:20:00 PM,20:20:00,Cold-Dry,2012-07-25 20:20:00,7
15.93088481,-19.19951172,LA14,2012-07-25,08:40:00 PM,20:40:00,Cold-Dry,2012-07-25 20:40:00,7
15.92644246,-19.19462687,LA14,2012-07-25,09:00:00 PM,21:00:00,Cold-Dry,2012-07-25 21:00:00,7
15.92058818,-19.18770549,LA14,2012-07-25,09:20:00 PM,21:20:00,Cold-Dry,2012-07-25 21:20:00,7
15.91566671,-19.18079427,LA14,2012-07-25,09:40:00 PM,21:40:00,Cold-Dry,2012-07-25 21:40:00,7
15.91107178,-19.18202311,LA14,2012-07-25,10:00:00 PM,22:00:00,Cold-Dry,2012-07-25 22:00:00,7
15.90702515,-19.18518066,LA14,2012-07-25,10:20:00 PM,22:20:00,Cold-Dry,2012-07-25 22:20:00,7
15.90160929,-19.18942464,LA14,2012-07-25,10:40:00 PM,22:40:00,Cold-Dry,2012-07-25 22:40:00,7
15.89655863,-19.19299927,LA14,2012-07-25,11:00:00 PM,23:00:00,Cold-Dry,2012-07-25 23:00:00,7
15.89257304,-19.1995992,LA14,2012-07-25,11:20:00 PM,23:20:00,Cold-Dry,2012-07-25 23:20:00,7
15.89165853,-19.2016215,LA14,2012-07-25,11:40:00 PM,23:40:00,Cold-Dry,2012-07-25 23:40:00,7
15.89112549,-19.20363159,LA14,2012-07-26,12:00:00 AM,00:00:00,Cold-Dry,2012-07-26 00:00:00,7
15.89003398,-19.20627441,LA14,2012-07-26,12:20:00 AM,00:20:00,Cold-Dry,2012-07-26 00:20:00,7
15.88971252,-19.20663656,LA14,2012-07-26,12:40:00 AM,00:40:00,Cold-Dry,2012-07-26 00:40:00,7
15.88871155,-19.20882365,LA14,2012-07-26,01:00:00 AM,01:00:00,Cold-Dry,2012-07-26 01:00:00,7
15.88813782,-19.20957031,LA14,2012-07-26,01:20:00 AM,01:20:00,Cold-Dry,2012-07-26 01:20:00,7
15.8873291,-19.21054484,LA14,2012-07-26,01:40:00 AM,01:40:00,Cold-Dry,2012-07-26 01:40:00,7
15.88724467,-19.21060791,LA14,2012-07-26,02:00:00 AM,02:00:00,Cold-Dry,2012-07-26 02:00:00,7
15.88723348,-19.21065063,LA14,2012-07-26,02:20:00 AM,02:20:00,Cold-Dry,2012-07-26 02:20:00,7
15.88727214,-19.21059163,LA14,2012-07-26,02:40:00 AM,02:40:00,Cold-Dry,2012-07-26 02:40:00,7
15.88724976,-19.21061198,LA14,2012-07-26,03:00:00 AM,03:00:00,Cold-Dry,2012-07-26 03:00:00,7
15.88721517,-19.21061198,LA14,2012-07-26,03:20:00 AM,03:20:00,Cold-Dry,2012-07-26 03:20:00,7
15.88725688,-19.21060384,LA14,2012-07-26,03:40:00 AM,03:40:00,Cold-Dry,2012-07-26 03:40:00,7
15.88726196,-19.21063436,LA14,2012-07-26,04:00:00 AM,04:00:00,Cold-Dry,2012-07-26 04:00:00,7
15.88715413,-19.21074015,LA14,2012-07-26,04:20:00 AM,04:20:00,Cold-Dry,2012-07-26 04:20:00,7
15.88563538,-19.21125285,LA14,2012-07-26,04:40:00 AM,04:40:00,Cold-Dry,2012-07-26 04:40:00,7
15.88428955,-19.21268514,LA14,2012-07-26,05:00:00 AM,05:00:00,Cold-Dry,2012-07-26 05:00:00,7
15.88368022,-19.21349284,LA14,2012-07-26,05:20:00 AM,05:20:00,Cold-Dry,2012-07-26 05:20:00,7
15.8832194,-19.21498617,LA14,2012-07-26,05:40:00 AM,05:40:00,Cold-Dry,2012-07-26 05:40:00,7
15.88315735,-19.21802572,LA14,2012-07-26,06:00:00 AM,06:00:00,Cold-Dry,2012-07-26 06:00:00,7
15.88331604,-19.21905721,LA14,2012-07-26,06:20:00 AM,06:20:00,Cold-Dry,2012-07-26 06:20:00,7
15.88395691,-19.21956584,LA14,2012-07-26,06:40:00 AM,06:40:00,Cold-Dry,2012-07-26 06:40:00,7
15.88558044,-19.2211202,LA14,2012-07-26,07:00:00 AM,07:00:00,Cold-Dry,2012-07-26 07:00:00,7
15.88627625,-19.22128499,LA14,2012-07-26,07:20:00 AM,07:20:00,Cold-Dry,2012-07-26 07:20:00,7
15.88707581,-19.22093302,LA14,2012-07-26,07:40:00 AM,07:40:00,Cold-Dry,2012-07-26 07:40:00,7
15.89001872,-19.22223104,LA14,2012-07-26,08:00:00 AM,08:00:00,Cold-Dry,2012-07-26 08:00:00,7
15.88975321,-19.22963257,LA14,2012-07-26,08:20:00 AM,08:20:00,Cold-Dry,2012-07-26 08:20:00,7
15.89023641,-19.23504232,LA14,2012-07-26,08:40:00 AM,08:40:00,Cold-Dry,2012-07-26 08:40:00,7
15.89057515,-19.24048055,LA14,2012-07-26,09:00:00 AM,09:00:00,Cold-Dry,2012-07-26 09:00:00,7
15.89301147,-19.24407349,LA14,2012-07-26,09:20:00 AM,09:20:00,Cold-Dry,2012-07-26 09:20:00,7
15.89448649,-19.24523112,LA14,2012-07-26,09:40:00 AM,09:40:00,Cold-Dry,2012-07-26 09:40:00,7
15.89591573,-19.24484253,LA14,2012-07-26,10:00:00 AM,10:00:00,Cold-Dry,2012-07-26 10:00:00,7
15.89634298,-19.24447428,LA14,2012-07-26,10:20:00 AM,10:20:00,Cold-Dry,2012-07-26 10:20:00,7
15.89627889,-19.24417928,LA14,2012-07-26,10:40:00 AM,10:40:00,Cold-Dry,2012-07-26 10:40:00,7
15.89628398,-19.24375814,LA14,2012-07-26,11:00:00 AM,11:00:00,Cold-Dry,2012-07-26 11:00:00,7
15.8963206,-19.24415487,LA14,2012-07-26,11:20:00 AM,11:20:00,Cold-Dry,2012-07-26 11:20:00,7
15.89631958,-19.24414876,LA14,2012-07-26,11:40:00 AM,11:40:00,Cold-Dry,2012-07-26 11:40:00,7
15.89581604,-19.24450073,LA14,2012-07-26,12:00:00 PM,12:00:00,Cold-Dry,2012-07-26 12:00:00,7
15.89423828,-19.24389445,LA14,2012-07-26,12:20:00 PM,12:20:00,Cold-Dry,2012-07-26 12:20:00,7
15.89193827,-19.24532878,LA14,2012-07-26,12:40:00 PM,12:40:00,Cold-Dry,2012-07-26 12:40:00,7
15.88991292,-19.24710897,LA14,2012-07-26,01:00:00 PM,13:00:00,Cold-Dry,2012-07-26 13:00:00,7
15.89013672,-19.24787191,LA14,2012-07-26,01:20:00 PM,13:20:00,Cold-Dry,2012-07-26 13:20:00,7
15.89017334,-19.2478658,LA14,2012-07-26,01:40:00 PM,13:40:00,Cold-Dry,2012-07-26 13:40:00,7
15.89014282,-19.24784953,LA14,2012-07-26,02:00:00 PM,14:00:00,Cold-Dry,2012-07-26 14:00:00,7
15.88985799,-19.2485616,LA14,2012-07-26,02:20:00 PM,14:20:00,Cold-Dry,2012-07-26 14:20:00,7
15.8900472,-19.25031128,LA14,2012-07-26,02:40:00 PM,14:40:00,Cold-Dry,2012-07-26 14:40:00,7
15.89008891,-19.25053304,LA14,2012-07-26,03:00:00 PM,15:00:00,Cold-Dry,2012-07-26 15:00:00,7
15.89144897,-19.24985555,LA14,2012-07-26,03:20:00 PM,15:20:00,Cold-Dry,2012-07-26 15:20:00,7
15.89303996,-19.24976196,LA14,2012-07-26,03:40:00 PM,15:40:00,Cold-Dry,2012-07-26 15:40:00,7
15.89338074,-19.24928182,LA14,2012-07-26,04:00:00 PM,16:00:00,Cold-Dry,2012-07-26 16:00:00,7
15.8931366,-19.24929403,LA14,2012-07-26,04:20:00 PM,16:20:00,Cold-Dry,2012-07-26 16:20:00,7
15.89301147,-19.25023397,LA14,2012-07-26,04:40:00 PM,16:40:00,Cold-Dry,2012-07-26 16:40:00,7
15.89323018,-19.25083008,LA14,2012-07-26,05:00:00 PM,17:00:00,Cold-Dry,2012-07-26 17:00:00,7
15.89324341,-19.25173747,LA14,2012-07-26,05:20:00 PM,17:20:00,Cold-Dry,2012-07-26 17:20:00,7
15.8919047,-19.25358276,LA14,2012-07-26,05:40:00 PM,17:40:00,Cold-Dry,2012-07-26 17:40:00,7
15.89129232,-19.2542806,LA14,2012-07-26,06:00:00 PM,18:00:00,Cold-Dry,2012-07-26 18:00:00,7
15.89112142,-19.25477091,LA14,2012-07-26,06:20:00 PM,18:20:00,Cold-Dry,2012-07-26 18:20:00,7
15.89089661,-19.2552002,LA14,2012-07-26,06:40:00 PM,18:40:00,Cold-Dry,2012-07-26 18:40:00,7
15.89038188,-19.25580241,LA14,2012-07-26,07:00:00 PM,19:00:00,Cold-Dry,2012-07-26 19:00:00,7
15.89034627,-19.25587972,LA14,2012-07-26,07:20:00 PM,19:20:00,Cold-Dry,2012-07-26 19:20:00,7
15.88987325,-19.25597941,LA14,2012-07-26,07:40:00 PM,19:40:00,Cold-Dry,2012-07-26 19:40:00,7
15.88966166,-19.25587769,LA14,2012-07-26,08:00:00 PM,20:00:00,Cold-Dry,2012-07-26 20:00:00,7
15.88917135,-19.25521851,LA14,2012-07-26,08:20:00 PM,20:20:00,Cold-Dry,2012-07-26 20:20:00,7
15.88914083,-19.25540568,LA14,2012-07-26,08:40:00 PM,20:40:00,Cold-Dry,2012-07-26 20:40:00,7
15.88913879,-19.25537923,LA14,2012-07-26,09:00:00 PM,21:00:00,Cold-Dry,2012-07-26 21:00:00,7
15.88920797,-19.25535278,LA14,2012-07-26,09:20:00 PM,21:20:00,Cold-Dry,2012-07-26 21:20:00,7
15.88914185,-19.25537516,LA14,2012-07-26,09:40:00 PM,21:40:00,Cold-Dry,2012-07-26 21:40:00,7
15.88917338,-19.25533651,LA14,2012-07-26,10:00:00 PM,22:00:00,Cold-Dry,2012-07-26 22:00:00,7
15.88853963,-19.25464478,LA14,2012-07-26,10:20:00 PM,22:20:00,Cold-Dry,2012-07-26 22:20:00,7
15.88741964,-19.25365397,LA14,2012-07-26,10:40:00 PM,22:40:00,Cold-Dry,2012-07-26 22:40:00,7
15.88695374,-19.25257161,LA14,2012-07-26,11:00:00 PM,23:00:00,Cold-Dry,2012-07-26 23:00:00,7
15.88680827,-19.25220744,LA14,2012-07-26,11:20:00 PM,23:20:00,Cold-Dry,2012-07-26 23:20:00,7
15.88638713,-19.25027262,LA14,2012-07-26,11:40:00 PM,23:40:00,Cold-Dry,2012-07-26 23:40:00,7
15.88646851,-19.24970093,LA14,2012-07-27,12:00:00 AM,00:00:00,Cold-Dry,2012-07-27 00:00:00,7
15.88646952,-19.24967448,LA14,2012-07-27,12:20:00 AM,00:20:00,Cold-Dry,2012-07-27 00:20:00,7
15.88641357,-19.24967651,LA14,2012-07-27,12:40:00 AM,00:40:00,Cold-Dry,2012-07-27 00:40:00,7
15.88656108,-19.24968669,LA14,2012-07-27,01:00:00 AM,01:00:00,Cold-Dry,2012-07-27 01:00:00,7
15.88652649,-19.24966838,LA14,2012-07-27,01:20:00 AM,01:20:00,Cold-Dry,2012-07-27 01:20:00,7
15.8865743,-19.24970296,LA14,2012-07-27,01:40:00 AM,01:40:00,Cold-Dry,2012-07-27 01:40:00,7
15.88639018,-19.24971313,LA14,2012-07-27,02:00:00 AM,02:00:00,Cold-Dry,2012-07-27 02:00:00,7
15.88650818,-19.24975789,LA14,2012-07-27,02:20:00 AM,02:20:00,Cold-Dry,2012-07-27 02:20:00,7
15.88646037,-19.24970907,LA14,2012-07-27,02:40:00 AM,02:40:00,Cold-Dry,2012-07-27 02:40:00,7
15.88657837,-19.24973958,LA14,2012-07-27,03:00:00 AM,03:00:00,Cold-Dry,2012-07-27 03:00:00,7
15.88646851,-19.24972127,LA14,2012-07-27,03:20:00 AM,03:20:00,Cold-Dry,2012-07-27 03:20:00,7
15.88643799,-19.2497172,LA14,2012-07-27,03:40:00 AM,03:40:00,Cold-Dry,2012-07-27 03:40:00,7
15.88646851,-19.2497172,LA14,2012-07-27,04:00:00 AM,04:00:00,Cold-Dry,2012-07-27 04:00:00,7
15.88651123,-19.2497172,LA14,2012-07-27,04:20:00 AM,04:20:00,Cold-Dry,2012-07-27 04:20:00,7
15.88634745,-19.24958293,LA14,2012-07-27,04:40:00 AM,04:40:00,Cold-Dry,2012-07-27 04:40:00,7
15.88628642,-19.2485616,LA14,2012-07-27,05:00:00 AM,05:00:00,Cold-Dry,2012-07-27 05:00:00,7
15.88696289,-19.246934,LA14,2012-07-27,05:20:00 AM,05:20:00,Cold-Dry,2012-07-27 05:20:00,7
15.88721822,-19.24663493,LA14,2012-07-27,05:40:00 AM,05:40:00,Cold-Dry,2012-07-27 05:40:00,7
15.88964233,-19.24562785,LA14,2012-07-27,06:00:00 AM,06:00:00,Cold-Dry,2012-07-27 06:00:00,7
15.89363302,-19.24553019,LA14,2012-07-27,06:20:00 AM,06:20:00,Cold-Dry,2012-07-27 06:20:00,7
15.89424032,-19.24530436,LA14,2012-07-27,06:40:00 AM,06:40:00,Cold-Dry,2012-07-27 06:40:00,7
15.89475301,-19.24551595,LA14,2012-07-27,07:00:00 AM,07:00:00,Cold-Dry,2012-07-27 07:00:00,7
15.89573771,-19.24734294,LA14,2012-07-27,07:20:00 AM,07:20:00,Cold-Dry,2012-07-27 07:20:00,7
15.89627889,-19.24687703,LA14,2012-07-27,07:40:00 AM,07:40:00,Cold-Dry,2012-07-27 07:40:00,7
15.89616597,-19.24542033,LA14,2012-07-27,08:00:00 AM,08:00:00,Cold-Dry,2012-07-27 08:00:00,7
15.89663595,-19.24458822,LA14,2012-07-27,08:20:00 AM,08:20:00,Cold-Dry,2012-07-27 08:20:00,7
15.8962677,-19.24419149,LA14,2012-07-27,08:40:00 AM,08:40:00,Cold-Dry,2012-07-27 08:40:00,7
15.89601847,-19.24312337,LA14,2012-07-27,09:00:00 AM,09:00:00,Cold-Dry,2012-07-27 09:00:00,7
15.89573466,-19.24234009,LA14,2012-07-27,09:20:00 AM,09:20:00,Cold-Dry,2012-07-27 09:20:00,7
15.89548238,-19.24184367,LA14,2012-07-27,09:40:00 AM,09:40:00,Cold-Dry,2012-07-27 09:40:00,7
15.89517415,-19.24155884,LA14,2012-07-27,10:00:00 AM,10:00:00,Cold-Dry,2012-07-27 10:00:00,7
15.89518636,-19.24158325,LA14,2012-07-27,10:20:00 AM,10:20:00,Cold-Dry,2012-07-27 10:20:00,7
15.89520976,-19.24157104,LA14,2012-07-27,10:40:00 AM,10:40:00,Cold-Dry,2012-07-27 10:40:00,7
15.89518738,-19.24159139,LA14,2012-07-27,11:00:00 AM,11:00:00,Cold-Dry,2012-07-27 11:00:00,7
15.8947052,-19.24033813,LA14,2012-07-27,11:20:00 AM,11:20:00,Cold-Dry,2012-07-27 11:20:00,7
15.89428609,-19.23937785,LA14,2012-07-27,11:40:00 AM,11:40:00,Cold-Dry,2012-07-27 11:40:00,7
15.89390462,-19.23849894,LA14,2012-07-27,12:00:00 PM,12:00:00,Cold-Dry,2012-07-27 12:00:00,7
15.89408366,-19.23730469,LA14,2012-07-27,12:20:00 PM,12:20:00,Cold-Dry,2012-07-27 12:20:00,7
15.89402364,-19.23709717,LA14,2012-07-27,12:40:00 PM,12:40:00,Cold-Dry,2012-07-27 12:40:00,7
15.89412028,-19.23751017,LA14,2012-07-27,01:00:00 PM,13:00:00,Cold-Dry,2012-07-27 13:00:00,7
15.89467367,-19.23871867,LA14,2012-07-27,01:20:00 PM,13:20:00,Cold-Dry,2012-07-27 13:20:00,7
15.89559835,-19.23973185,LA14,2012-07-27,01:40:00 PM,13:40:00,Cold-Dry,2012-07-27 13:40:00,7
15.89775187,-19.24405721,LA14,2012-07-27,02:00:00 PM,14:00:00,Cold-Dry,2012-07-27 14:00:00,7
15.90057576,-19.24998372,LA14,2012-07-27,02:20:00 PM,14:20:00,Cold-Dry,2012-07-27 14:20:00,7
15.90442607,-19.25829264,LA14,2012-07-27,02:40:00 PM,14:40:00,Cold-Dry,2012-07-27 14:40:00,7
15.90620321,-19.2638326,LA14,2012-07-27,03:00:00 PM,15:00:00,Cold-Dry,2012-07-27 15:00:00,7
15.9058075,-19.26666667,LA14,2012-07-27,03:20:00 PM,15:20:00,Cold-Dry,2012-07-27 15:20:00,7
15.90508626,-19.26907959,LA14,2012-07-27,03:40:00 PM,15:40:00,Cold-Dry,2012-07-27 15:40:00,7
15.90490214,-19.27297363,LA14,2012-07-27,04:00:00 PM,16:00:00,Cold-Dry,2012-07-27 16:00:00,7
15.90564575,-19.27552897,LA14,2012-07-27,04:20:00 PM,16:20:00,Cold-Dry,2012-07-27 16:20:00,7
15.90522257,-19.28076579,LA14,2012-07-27,04:40:00 PM,16:40:00,Cold-Dry,2012-07-27 16:40:00,7
15.90838928,-19.28567505,LA14,2012-07-27,05:00:00 PM,17:00:00,Cold-Dry,2012-07-27 17:00:00,7
15.91086324,-19.28784993,LA14,2012-07-27,05:20:00 PM,17:20:00,Cold-Dry,2012-07-27 17:20:00,7
15.91354574,-19.29060059,LA14,2012-07-27,05:40:00 PM,17:40:00,Cold-Dry,2012-07-27 17:40:00,7
15.91674703,-19.29372762,LA14,2012-07-27,06:00:00 PM,18:00:00,Cold-Dry,2012-07-27 18:00:00,7
15.92127177,-19.29769287,LA14,2012-07-27,06:20:00 PM,18:20:00,Cold-Dry,2012-07-27 18:20:00,7
15.92731628,-19.3046875,LA14,2012-07-27,06:40:00 PM,18:40:00,Cold-Dry,2012-07-27 18:40:00,7
15.9343394,-19.31286621,LA14,2012-07-27,07:00:00 PM,19:00:00,Cold-Dry,2012-07-27 19:00:00,7
15.94099528,-19.31611532,LA14,2012-07-27,07:20:00 PM,19:20:00,Cold-Dry,2012-07-27 19:20:00,7
15.94088236,-19.31611938,LA14,2012-07-27,07:40:00 PM,19:40:00,Cold-Dry,2012-07-27 19:40:00,7
15.94170939,-19.31440633,LA14,2012-07-27,08:00:00 PM,20:00:00,Cold-Dry,2012-07-27 20:00:00,7
15.94226481,-19.309257,LA14,2012-07-27,08:20:00 PM,20:20:00,Cold-Dry,2012-07-27 20:20:00,7
15.94057821,-19.3063029,LA14,2012-07-27,08:40:00 PM,20:40:00,Cold-Dry,2012-07-27 20:40:00,7
15.93933716,-19.30346069,LA14,2012-07-27,09:00:00 PM,21:00:00,Cold-Dry,2012-07-27 21:00:00,7
15.94005636,-19.30053304,LA14,2012-07-27,09:20:00 PM,21:20:00,Cold-Dry,2012-07-27 21:20:00,7
15.9449585,-19.29375,LA14,2012-07-27,09:40:00 PM,21:40:00,Cold-Dry,2012-07-27 21:40:00,7
15.94460144,-19.28819784,LA14,2012-07-27,10:00:00 PM,22:00:00,Cold-Dry,2012-07-27 22:00:00,7
15.94674377,-19.28557536,LA14,2012-07-27,10:20:00 PM,22:20:00,Cold-Dry,2012-07-27 22:20:00,7
15.94837036,-19.28197021,LA14,2012-07-27,10:40:00 PM,22:40:00,Cold-Dry,2012-07-27 22:40:00,7
15.94798381,-19.27843831,LA14,2012-07-27,11:00:00 PM,23:00:00,Cold-Dry,2012-07-27 23:00:00,7
15.94809469,-19.27780965,LA14,2012-07-27,11:20:00 PM,23:20:00,Cold-Dry,2012-07-27 23:20:00,7
15.94843648,-19.27599284,LA14,2012-07-27,11:40:00 PM,23:40:00,Cold-Dry,2012-07-27 23:40:00,7
15.94813538,-19.2740214,LA14,2012-07-28,12:00:00 AM,00:00:00,Cold-Dry,2012-07-28 00:00:00,7
15.9484436,-19.27279867,LA14,2012-07-28,12:20:00 AM,00:20:00,Cold-Dry,2012-07-28 00:20:00,7
15.94859111,-19.27167562,LA14,2012-07-28,12:40:00 AM,00:40:00,Cold-Dry,2012-07-28 00:40:00,7
15.94821981,-19.27013753,LA14,2012-07-28,01:00:00 AM,01:00:00,Cold-Dry,2012-07-28 01:00:00,7
15.94801534,-19.26931559,LA14,2012-07-28,01:20:00 AM,01:20:00,Cold-Dry,2012-07-28 01:20:00,7
15.94773356,-19.26828206,LA14,2012-07-28,01:40:00 AM,01:40:00,Cold-Dry,2012-07-28 01:40:00,7
15.94834798,-19.26614787,LA14,2012-07-28,02:00:00 AM,02:00:00,Cold-Dry,2012-07-28 02:00:00,7
15.94863993,-19.26581217,LA14,2012-07-28,02:20:00 AM,02:20:00,Cold-Dry,2012-07-28 02:20:00,7
15.94850871,-19.26447347,LA14,2012-07-28,02:40:00 AM,02:40:00,Cold-Dry,2012-07-28 02:40:00,7
15.94843241,-19.26445109,LA14,2012-07-28,03:00:00 AM,03:00:00,Cold-Dry,2012-07-28 03:00:00,7
15.94851278,-19.26436768,LA14,2012-07-28,03:20:00 AM,03:20:00,Cold-Dry,2012-07-28 03:20:00,7
15.94848938,-19.2644043,LA14,2012-07-28,03:40:00 AM,03:40:00,Cold-Dry,2012-07-28 03:40:00,7
15.94867452,-19.26374512,LA14,2012-07-28,04:00:00 AM,04:00:00,Cold-Dry,2012-07-28 04:00:00,7
15.94884542,-19.26223958,LA14,2012-07-28,04:20:00 AM,04:20:00,Cold-Dry,2012-07-28 04:20:00,7
15.94959717,-19.26095785,LA14,2012-07-28,04:40:00 AM,04:40:00,Cold-Dry,2012-07-28 04:40:00,7
15.95045471,-19.25977173,LA14,2012-07-28,05:00:00 AM,05:00:00,Cold-Dry,2012-07-28 05:00:00,7
15.95092468,-19.25894775,LA14,2012-07-28,05:20:00 AM,05:20:00,Cold-Dry,2012-07-28 05:20:00,7
15.95163269,-19.25874837,LA14,2012-07-28,05:40:00 AM,05:40:00,Cold-Dry,2012-07-28 05:40:00,7
15.95239563,-19.25733236,LA14,2012-07-28,06:00:00 AM,06:00:00,Cold-Dry,2012-07-28 06:00:00,7
15.95322571,-19.25515951,LA14,2012-07-28,06:20:00 AM,06:20:00,Cold-Dry,2012-07-28 06:20:00,7
15.95197042,-19.25243327,LA14,2012-07-28,06:40:00 AM,06:40:00,Cold-Dry,2012-07-28 06:40:00,7
15.95128988,-19.25147909,LA14,2012-07-28,07:00:00 AM,07:00:00,Cold-Dry,2012-07-28 07:00:00,7
15.95072835,-19.2505188,LA14,2012-07-28,07:20:00 AM,07:20:00,Cold-Dry,2012-07-28 07:20:00,7
15.95038045,-19.2489034,LA14,2012-07-28,07:40:00 AM,07:40:00,Cold-Dry,2012-07-28 07:40:00,7
15.94967855,-19.24803263,LA14,2012-07-28,08:00:00 AM,08:00:00,Cold-Dry,2012-07-28 08:00:00,7
15.94971008,-19.24805298,LA14,2012-07-28,08:20:00 AM,08:20:00,Cold-Dry,2012-07-28 08:20:00,7
15.94968465,-19.24804891,LA14,2012-07-28,08:40:00 AM,08:40:00,Cold-Dry,2012-07-28 08:40:00,7
15.94973043,-19.24805705,LA14,2012-07-28,09:00:00 AM,09:00:00,Cold-Dry,2012-07-28 09:00:00,7
15.94968872,-19.24800008,LA14,2012-07-28,09:20:00 AM,09:20:00,Cold-Dry,2012-07-28 09:20:00,7
15.94969076,-19.24800212,LA14,2012-07-28,09:40:00 AM,09:40:00,Cold-Dry,2012-07-28 09:40:00,7
15.94969381,-19.24804077,LA14,2012-07-28,10:00:00 AM,10:00:00,Cold-Dry,2012-07-28 10:00:00,7
15.94966329,-19.24805094,LA14,2012-07-28,10:20:00 AM,10:20:00,Cold-Dry,2012-07-28 10:20:00,7
15.9495636,-19.24795939,LA14,2012-07-28,10:40:00 AM,10:40:00,Cold-Dry,2012-07-28 10:40:00,7
15.94954936,-19.24798381,LA14,2012-07-28,11:00:00 AM,11:00:00,Cold-Dry,2012-07-28 11:00:00,7
15.94955037,-19.24795939,LA14,2012-07-28,11:20:00 AM,11:20:00,Cold-Dry,2012-07-28 11:20:00,7
15.9487325,-19.2477417,LA14,2012-07-28,11:40:00 AM,11:40:00,Cold-Dry,2012-07-28 11:40:00,7
15.94805094,-19.24564209,LA14,2012-07-28,12:00:00 PM,12:00:00,Cold-Dry,2012-07-28 12:00:00,7
15.94781189,-19.24440918,LA14,2012-07-28,12:20:00 PM,12:20:00,Cold-Dry,2012-07-28 12:20:00,7
15.94807231,-19.2432902,LA14,2012-07-28,12:40:00 PM,12:40:00,Cold-Dry,2012-07-28 12:40:00,7
15.94747009,-19.24240316,LA14,2012-07-28,01:00:00 PM,13:00:00,Cold-Dry,2012-07-28 13:00:00,7
15.94647013,-19.24145915,LA14,2012-07-28,01:20:00 PM,13:20:00,Cold-Dry,2012-07-28 13:20:00,7
15.94617004,-19.24154053,LA14,2012-07-28,01:40:00 PM,13:40:00,Cold-Dry,2012-07-28 13:40:00,7
15.94426168,-19.23922323,LA14,2012-07-28,02:00:00 PM,14:00:00,Cold-Dry,2012-07-28 14:00:00,7
15.94261373,-19.237323,LA14,2012-07-28,02:20:00 PM,14:20:00,Cold-Dry,2012-07-28 14:20:00,7
15.94140116,-19.2351766,LA14,2012-07-28,02:40:00 PM,14:40:00,Cold-Dry,2012-07-28 14:40:00,7
15.94102376,-19.23444214,LA14,2012-07-28,03:00:00 PM,15:00:00,Cold-Dry,2012-07-28 15:00:00,7
15.93917745,-19.23250122,LA14,2012-07-28,03:20:00 PM,15:20:00,Cold-Dry,2012-07-28 15:20:00,7
15.93777262,-19.23142904,LA14,2012-07-28,03:40:00 PM,15:40:00,Cold-Dry,2012-07-28 15:40:00,7
15.93721822,-19.23006388,LA14,2012-07-28,04:00:00 PM,16:00:00,Cold-Dry,2012-07-28 16:00:00,7
15.93677572,-19.22854818,LA14,2012-07-28,04:20:00 PM,16:20:00,Cold-Dry,2012-07-28 16:20:00,7
15.93689067,-19.22725627,LA14,2012-07-28,04:40:00 PM,16:40:00,Cold-Dry,2012-07-28 16:40:00,7
15.93627319,-19.22609456,LA14,2012-07-28,05:00:00 PM,17:00:00,Cold-Dry,2012-07-28 17:00:00,7
15.93559672,-19.22418823,LA14,2012-07-28,05:20:00 PM,17:20:00,Cold-Dry,2012-07-28 17:20:00,7
15.93466899,-19.22420247,LA14,2012-07-28,05:40:00 PM,17:40:00,Cold-Dry,2012-07-28 17:40:00,7
15.93282979,-19.22736816,LA14,2012-07-28,06:00:00 PM,18:00:00,Cold-Dry,2012-07-28 18:00:00,7
15.93200175,-19.22604167,LA14,2012-07-28,06:20:00 PM,18:20:00,Cold-Dry,2012-07-28 18:20:00,7
15.93135478,-19.22515055,LA14,2012-07-28,06:40:00 PM,18:40:00,Cold-Dry,2012-07-28 18:40:00,7
15.93074544,-19.22514445,LA14,2012-07-28,07:00:00 PM,19:00:00,Cold-Dry,2012-07-28 19:00:00,7
15.92958984,-19.22426351,LA14,2012-07-28,07:20:00 PM,19:20:00,Cold-Dry,2012-07-28 19:20:00,7
15.92914836,-19.22327881,LA14,2012-07-28,07:40:00 PM,19:40:00,Cold-Dry,2012-07-28 19:40:00,7
15.92776896,-19.2215332,LA14,2012-07-28,08:00:00 PM,20:00:00,Cold-Dry,2012-07-28 20:00:00,7
15.92776693,-19.22154134,LA14,2012-07-28,08:20:00 PM,20:20:00,Cold-Dry,2012-07-28 20:20:00,7
15.92778829,-19.22153117,LA14,2012-07-28,08:40:00 PM,20:40:00,Cold-Dry,2012-07-28 20:40:00,7
15.92725423,-19.22511597,LA14,2012-07-28,09:00:00 PM,21:00:00,Cold-Dry,2012-07-28 21:00:00,7
15.92781779,-19.22891846,LA14,2012-07-28,09:20:00 PM,21:20:00,Cold-Dry,2012-07-28 21:20:00,7
15.92978007,-19.23400675,LA14,2012-07-28,09:40:00 PM,21:40:00,Cold-Dry,2012-07-28 21:40:00,7
15.93038432,-19.23805542,LA14,2012-07-28,10:00:00 PM,22:00:00,Cold-Dry,2012-07-28 22:00:00,7
15.92760315,-19.24709473,LA14,2012-07-28,10:20:00 PM,22:20:00,Cold-Dry,2012-07-28 22:20:00,7
15.9270223,-19.25432739,LA14,2012-07-28,10:40:00 PM,22:40:00,Cold-Dry,2012-07-28 22:40:00,7
15.9312734,-19.26327718,LA14,2012-07-28,11:00:00 PM,23:00:00,Cold-Dry,2012-07-28 23:00:00,7
15.93202616,-19.26898193,LA14,2012-07-28,11:20:00 PM,23:20:00,Cold-Dry,2012-07-28 23:20:00,7
15.93155721,-19.27931315,LA14,2012-07-28,11:40:00 PM,23:40:00,Cold-Dry,2012-07-28 23:40:00,7
15.93279826,-19.28996379,LA14,2012-07-29,12:00:00 AM,00:00:00,Cold-Dry,2012-07-29 00:00:00,7
15.93607788,-19.3004598,LA14,2012-07-29,12:20:00 AM,00:20:00,Cold-Dry,2012-07-29 00:20:00,7
15.94086914,-19.31188558,LA14,2012-07-29,12:40:00 AM,00:40:00,Cold-Dry,2012-07-29 00:40:00,7
15.94118144,-19.31602376,LA14,2012-07-29,01:00:00 AM,01:00:00,Cold-Dry,2012-07-29 01:00:00,7
15.94118245,-19.3159668,LA14,2012-07-29,01:20:00 AM,01:20:00,Cold-Dry,2012-07-29 01:20:00,7
15.94306844,-19.31047363,LA14,2012-07-29,01:40:00 AM,01:40:00,Cold-Dry,2012-07-29 01:40:00,7
15.94534403,-19.3052124,LA14,2012-07-29,02:00:00 AM,02:00:00,Cold-Dry,2012-07-29 02:00:00,7
15.94959615,-19.29657593,LA14,2012-07-29,02:20:00 AM,02:20:00,Cold-Dry,2012-07-29 02:20:00,7
15.95040894,-19.29504191,LA14,2012-07-29,02:40:00 AM,02:40:00,Cold-Dry,2012-07-29 02:40:00,7
15.95161133,-19.29266968,LA14,2012-07-29,03:00:00 AM,03:00:00,Cold-Dry,2012-07-29 03:00:00,7
15.95396932,-19.28522746,LA14,2012-07-29,03:20:00 AM,03:20:00,Cold-Dry,2012-07-29 03:20:00,7
15.9555837,-19.28231405,LA14,2012-07-29,03:40:00 AM,03:40:00,Cold-Dry,2012-07-29 03:40:00,7
15.95673218,-19.28045044,LA14,2012-07-29,04:00:00 AM,04:00:00,Cold-Dry,2012-07-29 04:00:00,7
15.9575531,-19.27964884,LA14,2012-07-29,04:20:00 AM,04:20:00,Cold-Dry,2012-07-29 04:20:00,7
15.95850321,-19.27873942,LA14,2012-07-29,04:40:00 AM,04:40:00,Cold-Dry,2012-07-29 04:40:00,7
15.95870158,-19.27790324,LA14,2012-07-29,05:00:00 AM,05:00:00,Cold-Dry,2012-07-29 05:00:00,7
15.95942078,-19.27764486,LA14,2012-07-29,05:20:00 AM,05:20:00,Cold-Dry,2012-07-29 05:20:00,7
15.9598938,-19.27698975,LA14,2012-07-29,05:40:00 AM,05:40:00,Cold-Dry,2012-07-29 05:40:00,7
15.96088867,-19.27564494,LA14,2012-07-29,06:00:00 AM,06:00:00,Cold-Dry,2012-07-29 06:00:00,7
15.96195068,-19.27438558,LA14,2012-07-29,06:20:00 AM,06:20:00,Cold-Dry,2012-07-29 06:20:00,7
15.96310323,-19.27138265,LA14,2012-07-29,06:40:00 AM,06:40:00,Cold-Dry,2012-07-29 06:40:00,7
15.96388855,-19.27038574,LA14,2012-07-29,07:00:00 AM,07:00:00,Cold-Dry,2012-07-29 07:00:00,7
15.96554871,-19.2654541,LA14,2012-07-29,07:20:00 AM,07:20:00,Cold-Dry,2012-07-29 07:20:00,7
15.96531169,-19.26011149,LA14,2012-07-29,07:40:00 AM,07:40:00,Cold-Dry,2012-07-29 07:40:00,7
15.96392924,-19.25807088,LA14,2012-07-29,08:00:00 AM,08:00:00,Cold-Dry,2012-07-29 08:00:00,7
15.96256917,-19.25471598,LA14,2012-07-29,08:20:00 AM,08:20:00,Cold-Dry,2012-07-29 08:20:00,7
15.96351013,-19.25181071,LA14,2012-07-29,08:40:00 AM,08:40:00,Cold-Dry,2012-07-29 08:40:00,7
15.96553141,-19.25077515,LA14,2012-07-29,09:00:00 AM,09:00:00,Cold-Dry,2012-07-29 09:00:00,7
15.96664225,-19.25120239,LA14,2012-07-29,09:20:00 AM,09:20:00,Cold-Dry,2012-07-29 09:20:00,7
15.96765238,-19.25165609,LA14,2012-07-29,09:40:00 AM,09:40:00,Cold-Dry,2012-07-29 09:40:00,7
15.96764221,-19.25163778,LA14,2012-07-29,10:00:00 AM,10:00:00,Cold-Dry,2012-07-29 10:00:00,7
15.96767782,-19.25161947,LA14,2012-07-29,10:20:00 AM,10:20:00,Cold-Dry,2012-07-29 10:20:00,7
15.96765137,-19.25162354,LA14,2012-07-29,10:40:00 AM,10:40:00,Cold-Dry,2012-07-29 10:40:00,7
15.9676534,-19.25161743,LA14,2012-07-29,11:00:00 AM,11:00:00,Cold-Dry,2012-07-29 11:00:00,7
15.96765238,-19.25162557,LA14,2012-07-29,11:20:00 AM,11:20:00,Cold-Dry,2012-07-29 11:20:00,7
15.9680603,-19.25205282,LA14,2012-07-29,11:40:00 AM,11:40:00,Cold-Dry,2012-07-29 11:40:00,7
15.96876424,-19.25229899,LA14,2012-07-29,12:00:00 PM,12:00:00,Cold-Dry,2012-07-29 12:00:00,7
15.96996663,-19.25268962,LA14,2012-07-29,12:20:00 PM,12:20:00,Cold-Dry,2012-07-29 12:20:00,7
15.96996155,-19.25268758,LA14,2012-07-29,12:40:00 PM,12:40:00,Cold-Dry,2012-07-29 12:40:00,7
15.97017924,-19.25285441,LA14,2012-07-29,01:00:00 PM,13:00:00,Cold-Dry,2012-07-29 13:00:00,7
15.97279154,-19.25277507,LA14,2012-07-29,01:20:00 PM,13:20:00,Cold-Dry,2012-07-29 13:20:00,7
15.97351888,-19.2532959,LA14,2012-07-29,01:40:00 PM,13:40:00,Cold-Dry,2012-07-29 13:40:00,7
15.97425232,-19.25386759,LA14,2012-07-29,02:00:00 PM,14:00:00,Cold-Dry,2012-07-29 14:00:00,7
15.97425435,-19.25385742,LA14,2012-07-29,02:20:00 PM,14:20:00,Cold-Dry,2012-07-29 14:20:00,7
15.97424723,-19.25389201,LA14,2012-07-29,02:40:00 PM,14:40:00,Cold-Dry,2012-07-29 14:40:00,7
15.97420654,-19.25389608,LA14,2012-07-29,03:00:00 PM,15:00:00,Cold-Dry,2012-07-29 15:00:00,7
15.97420451,-19.25390625,LA14,2012-07-29,03:20:00 PM,15:20:00,Cold-Dry,2012-07-29 15:20:00,7
15.97481384,-19.25346273,LA14,2012-07-29,03:40:00 PM,15:40:00,Cold-Dry,2012-07-29 15:40:00,7
15.97643941,-19.25322673,LA14,2012-07-29,04:00:00 PM,16:00:00,Cold-Dry,2012-07-29 16:00:00,7
15.97746989,-19.25206909,LA14,2012-07-29,04:20:00 PM,16:20:00,Cold-Dry,2012-07-29 16:20:00,7
15.9812856,-19.25065715,LA14,2012-07-29,04:40:00 PM,16:40:00,Cold-Dry,2012-07-29 16:40:00,7
15.98316243,-19.24943644,LA14,2012-07-29,05:00:00 PM,17:00:00,Cold-Dry,2012-07-29 17:00:00,7
15.98324687,-19.24918823,LA14,2012-07-29,05:20:00 PM,17:20:00,Cold-Dry,2012-07-29 17:20:00,7
15.98369751,-19.24973755,LA14,2012-07-29,05:40:00 PM,17:40:00,Cold-Dry,2012-07-29 17:40:00,7
15.98341064,-19.25017497,LA14,2012-07-29,06:00:00 PM,18:00:00,Cold-Dry,2012-07-29 18:00:00,7
15.98347982,-19.25030721,LA14,2012-07-29,06:20:00 PM,18:20:00,Cold-Dry,2012-07-29 18:20:00,7
15.98344421,-19.25030518,LA14,2012-07-29,06:40:00 PM,18:40:00,Cold-Dry,2012-07-29 18:40:00,7
15.98349508,-19.25025838,LA14,2012-07-29,07:00:00 PM,19:00:00,Cold-Dry,2012-07-29 19:00:00,7
15.98350118,-19.25029297,LA14,2012-07-29,07:20:00 PM,19:20:00,Cold-Dry,2012-07-29 19:20:00,7
15.98347982,-19.25029093,LA14,2012-07-29,07:40:00 PM,19:40:00,Cold-Dry,2012-07-29 19:40:00,7
15.98348185,-19.25028687,LA14,2012-07-29,08:00:00 PM,20:00:00,Cold-Dry,2012-07-29 20:00:00,7
15.98343404,-19.25030314,LA14,2012-07-29,08:20:00 PM,20:20:00,Cold-Dry,2012-07-29 20:20:00,7
15.98347168,-19.250295,LA14,2012-07-29,08:40:00 PM,20:40:00,Cold-Dry,2012-07-29 20:40:00,7
15.98345846,-19.25030111,LA14,2012-07-29,09:00:00 PM,21:00:00,Cold-Dry,2012-07-29 21:00:00,7
15.98345439,-19.25027466,LA14,2012-07-29,09:20:00 PM,21:20:00,Cold-Dry,2012-07-29 21:20:00,7
15.98348083,-19.250295,LA14,2012-07-29,09:40:00 PM,21:40:00,Cold-Dry,2012-07-29 21:40:00,7
15.98347778,-19.2502828,LA14,2012-07-29,10:00:00 PM,22:00:00,Cold-Dry,2012-07-29 22:00:00,7
15.98346659,-19.25030314,LA14,2012-07-29,10:20:00 PM,22:20:00,Cold-Dry,2012-07-29 22:20:00,7
15.98289795,-19.2501241,LA14,2012-07-29,10:40:00 PM,22:40:00,Cold-Dry,2012-07-29 22:40:00,7
15.98256124,-19.25013021,LA14,2012-07-29,11:00:00 PM,23:00:00,Cold-Dry,2012-07-29 23:00:00,7
15.98216858,-19.24985148,LA14,2012-07-29,11:20:00 PM,23:20:00,Cold-Dry,2012-07-29 23:20:00,7
15.9788269,-19.24875895,LA14,2012-07-29,11:40:00 PM,23:40:00,Cold-Dry,2012-07-29 23:40:00,7
15.97784831,-19.24840495,LA14,2012-07-30,12:00:00 AM,00:00:00,Cold-Dry,2012-07-30 00:00:00,7
15.97512309,-19.24749552,LA14,2012-07-30,12:20:00 AM,00:20:00,Cold-Dry,2012-07-30 00:20:00,7
15.97459513,-19.24797363,LA14,2012-07-30,12:40:00 AM,00:40:00,Cold-Dry,2012-07-30 00:40:00,7
15.97386068,-19.24893392,LA14,2012-07-30,01:00:00 AM,01:00:00,Cold-Dry,2012-07-30 01:00:00,7
15.97367757,-19.24927572,LA14,2012-07-30,01:20:00 AM,01:20:00,Cold-Dry,2012-07-30 01:20:00,7
15.97381185,-19.24984741,LA14,2012-07-30,01:40:00 AM,01:40:00,Cold-Dry,2012-07-30 01:40:00,7
15.97434591,-19.25147705,LA14,2012-07-30,02:00:00 AM,02:00:00,Cold-Dry,2012-07-30 02:00:00,7
15.97469279,-19.25204468,LA14,2012-07-30,02:20:00 AM,02:20:00,Cold-Dry,2012-07-30 02:20:00,7
15.97469991,-19.25207723,LA14,2012-07-30,02:40:00 AM,02:40:00,Cold-Dry,2012-07-30 02:40:00,7
15.9747935,-19.25203654,LA14,2012-07-30,03:00:00 AM,03:00:00,Cold-Dry,2012-07-30 03:00:00,7
15.97476603,-19.25201823,LA14,2012-07-30,03:20:00 AM,03:20:00,Cold-Dry,2012-07-30 03:20:00,7
15.97479146,-19.2520223,LA14,2012-07-30,03:40:00 AM,03:40:00,Cold-Dry,2012-07-30 03:40:00,7
15.97473857,-19.25206706,LA14,2012-07-30,04:00:00 AM,04:00:00,Cold-Dry,2012-07-30 04:00:00,7
15.97473755,-19.25206299,LA14,2012-07-30,04:20:00 AM,04:20:00,Cold-Dry,2012-07-30 04:20:00,7
15.9747406,-19.25206502,LA14,2012-07-30,04:40:00 AM,04:40:00,Cold-Dry,2012-07-30 04:40:00,7
15.97475993,-19.25208333,LA14,2012-07-30,05:00:00 AM,05:00:00,Cold-Dry,2012-07-30 05:00:00,7
15.97478536,-19.25199382,LA14,2012-07-30,05:20:00 AM,05:20:00,Cold-Dry,2012-07-30 05:20:00,7
15.97477722,-19.25200602,LA14,2012-07-30,05:40:00 AM,05:40:00,Cold-Dry,2012-07-30 05:40:00,7
15.97480265,-19.25198568,LA14,2012-07-30,06:00:00 AM,06:00:00,Cold-Dry,2012-07-30 06:00:00,7
15.97516581,-19.25181274,LA14,2012-07-30,06:20:00 AM,06:20:00,Cold-Dry,2012-07-30 06:20:00,7
15.97562052,-19.25164795,LA14,2012-07-30,06:40:00 AM,06:40:00,Cold-Dry,2012-07-30 06:40:00,7
15.97611084,-19.25145264,LA14,2012-07-30,07:00:00 AM,07:00:00,Cold-Dry,2012-07-30 07:00:00,7
15.9776123,-19.25114746,LA14,2012-07-30,07:20:00 AM,07:20:00,Cold-Dry,2012-07-30 07:20:00,7
15.98312378,-19.2495402,LA14,2012-07-30,07:40:00 AM,07:40:00,Cold-Dry,2012-07-30 07:40:00,7
15.9969991,-19.24903768,LA14,2012-07-30,08:00:00 AM,08:00:00,Cold-Dry,2012-07-30 08:00:00,7
16.00523478,-19.24667969,LA14,2012-07-30,08:20:00 AM,08:20:00,Cold-Dry,2012-07-30 08:20:00,7
16.01155396,-19.24605306,LA14,2012-07-30,08:40:00 AM,08:40:00,Cold-Dry,2012-07-30 08:40:00,7
16.02009379,-19.24424235,LA14,2012-07-30,09:00:00 AM,09:00:00,Cold-Dry,2012-07-30 09:00:00,7
16.02448527,-19.24246826,LA14,2012-07-30,09:20:00 AM,09:20:00,Cold-Dry,2012-07-30 09:20:00,7
16.0264506,-19.24025472,LA14,2012-07-30,09:40:00 AM,09:40:00,Cold-Dry,2012-07-30 09:40:00,7
16.02839762,-19.23779093,LA14,2012-07-30,10:00:00 AM,10:00:00,Cold-Dry,2012-07-30 10:00:00,7
16.02950846,-19.2370341,LA14,2012-07-30,10:20:00 AM,10:20:00,Cold-Dry,2012-07-30 10:20:00,7
16.03354492,-19.23495076,LA14,2012-07-30,10:40:00 AM,10:40:00,Cold-Dry,2012-07-30 10:40:00,7
16.04595744,-19.22789917,LA14,2012-07-30,11:00:00 AM,11:00:00,Cold-Dry,2012-07-30 11:00:00,7
16.05405986,-19.2189209,LA14,2012-07-30,11:20:00 AM,11:20:00,Cold-Dry,2012-07-30 11:20:00,7
16.0589152,-19.21349487,LA14,2012-07-30,11:40:00 AM,11:40:00,Cold-Dry,2012-07-30 11:40:00,7
16.05898743,-19.21337687,LA14,2012-07-30,12:00:00 PM,12:00:00,Cold-Dry,2012-07-30 12:00:00,7
16.05901082,-19.21350505,LA14,2012-07-30,12:20:00 PM,12:20:00,Cold-Dry,2012-07-30 12:20:00,7
16.06160177,-19.21112264,LA14,2012-07-30,12:40:00 PM,12:40:00,Cold-Dry,2012-07-30 12:40:00,7
16.06432597,-19.21003621,LA14,2012-07-30,01:00:00 PM,13:00:00,Cold-Dry,2012-07-30 13:00:00,7
16.06667175,-19.21131592,LA14,2012-07-30,01:20:00 PM,13:20:00,Cold-Dry,2012-07-30 13:20:00,7
16.06832581,-19.21244507,LA14,2012-07-30,01:40:00 PM,13:40:00,Cold-Dry,2012-07-30 13:40:00,7
16.07324524,-19.21388753,LA14,2012-07-30,02:00:00 PM,14:00:00,Cold-Dry,2012-07-30 14:00:00,7
16.07894185,-19.21547038,LA14,2012-07-30,02:20:00 PM,14:20:00,Cold-Dry,2012-07-30 14:20:00,7
16.07978516,-19.2154541,LA14,2012-07-30,02:40:00 PM,14:40:00,Cold-Dry,2012-07-30 14:40:00,7
16.0799703,-19.21599325,LA14,2012-07-30,03:00:00 PM,15:00:00,Cold-Dry,2012-07-30 15:00:00,7
16.08188985,-19.21714274,LA14,2012-07-30,03:20:00 PM,15:20:00,Cold-Dry,2012-07-30 15:20:00,7
16.08448486,-19.21694743,LA14,2012-07-30,03:40:00 PM,15:40:00,Cold-Dry,2012-07-30 15:40:00,7
16.08576762,-19.21683757,LA14,2012-07-30,04:00:00 PM,16:00:00,Cold-Dry,2012-07-30 16:00:00,7
16.08643799,-19.21686605,LA14,2012-07-30,04:20:00 PM,16:20:00,Cold-Dry,2012-07-30 16:20:00,7
16.08651123,-19.21726278,LA14,2012-07-30,04:40:00 PM,16:40:00,Cold-Dry,2012-07-30 16:40:00,7
16.08629456,-19.21747437,LA14,2012-07-30,05:00:00 PM,17:00:00,Cold-Dry,2012-07-30 17:00:00,7
16.08621012,-19.21756185,LA14,2012-07-30,05:20:00 PM,17:20:00,Cold-Dry,2012-07-30 17:20:00,7
16.08925985,-19.2164266,LA14,2012-07-30,05:40:00 PM,17:40:00,Cold-Dry,2012-07-30 17:40:00,7
16.08926799,-19.21644897,LA14,2012-07-30,06:00:00 PM,18:00:00,Cold-Dry,2012-07-30 18:00:00,7
16.08928426,-19.21644491,LA14,2012-07-30,06:20:00 PM,18:20:00,Cold-Dry,2012-07-30 18:20:00,7
16.08922424,-19.2163798,LA14,2012-07-30,06:40:00 PM,18:40:00,Cold-Dry,2012-07-30 18:40:00,7
16.08923136,-19.21635132,LA14,2012-07-30,07:00:00 PM,19:00:00,Cold-Dry,2012-07-30 19:00:00,7
16.08925273,-19.21635742,LA14,2012-07-30,07:20:00 PM,19:20:00,Cold-Dry,2012-07-30 19:20:00,7
16.092276,-19.2159078,LA14,2012-07-30,07:40:00 PM,19:40:00,Cold-Dry,2012-07-30 19:40:00,7
16.09504801,-19.21514079,LA14,2012-07-30,08:00:00 PM,20:00:00,Cold-Dry,2012-07-30 20:00:00,7
16.09679769,-19.21534831,LA14,2012-07-30,08:20:00 PM,20:20:00,Cold-Dry,2012-07-30 20:20:00,7
16.09820353,-19.21586507,LA14,2012-07-30,08:40:00 PM,20:40:00,Cold-Dry,2012-07-30 20:40:00,7
16.09926249,-19.21595459,LA14,2012-07-30,09:00:00 PM,21:00:00,Cold-Dry,2012-07-30 21:00:00,7
16.10020243,-19.21583659,LA14,2012-07-30,09:20:00 PM,21:20:00,Cold-Dry,2012-07-30 21:20:00,7
16.10029093,-19.21557617,LA14,2012-07-30,09:40:00 PM,21:40:00,Cold-Dry,2012-07-30 21:40:00,7
16.10028687,-19.21558024,LA14,2012-07-30,10:00:00 PM,22:00:00,Cold-Dry,2012-07-30 22:00:00,7
16.10027364,-19.21556193,LA14,2012-07-30,10:20:00 PM,22:20:00,Cold-Dry,2012-07-30 22:20:00,7
16.10027669,-19.21558838,LA14,2012-07-30,10:40:00 PM,22:40:00,Cold-Dry,2012-07-30 22:40:00,7
16.10028076,-19.21557617,LA14,2012-07-30,11:00:00 PM,23:00:00,Cold-Dry,2012-07-30 23:00:00,7
16.10027161,-19.21557007,LA14,2012-07-30,11:20:00 PM,23:20:00,Cold-Dry,2012-07-30 23:20:00,7
16.10027364,-19.215566,LA14,2012-07-30,11:40:00 PM,23:40:00,Cold-Dry,2012-07-30 23:40:00,7
16.1009196,-19.21578573,LA14,2012-07-31,12:00:00 AM,00:00:00,Cold-Dry,2012-07-31 00:00:00,7
16.10175883,-19.21555379,LA14,2012-07-31,12:20:00 AM,00:20:00,Cold-Dry,2012-07-31 00:20:00,7
16.10247294,-19.21574504,LA14,2012-07-31,12:40:00 AM,00:40:00,Cold-Dry,2012-07-31 00:40:00,7
16.10275167,-19.21564738,LA14,2012-07-31,01:00:00 AM,01:00:00,Cold-Dry,2012-07-31 01:00:00,7
16.1037262,-19.21537679,LA14,2012-07-31,01:20:00 AM,01:20:00,Cold-Dry,2012-07-31 01:20:00,7
16.10471903,-19.21572062,LA14,2012-07-31,01:40:00 AM,01:40:00,Cold-Dry,2012-07-31 01:40:00,7
16.10486959,-19.21676025,LA14,2012-07-31,02:00:00 AM,02:00:00,Cold-Dry,2012-07-31 02:00:00,7
16.10678609,-19.21838989,LA14,2012-07-31,02:20:00 AM,02:20:00,Cold-Dry,2012-07-31 02:20:00,7
16.10682373,-19.21843058,LA14,2012-07-31,02:40:00 AM,02:40:00,Cold-Dry,2012-07-31 02:40:00,7
16.10684001,-19.21840007,LA14,2012-07-31,03:00:00 AM,03:00:00,Cold-Dry,2012-07-31 03:00:00,7
16.10678914,-19.21838989,LA14,2012-07-31,03:20:00 AM,03:20:00,Cold-Dry,2012-07-31 03:20:00,7
16.10681152,-19.21838379,LA14,2012-07-31,03:40:00 AM,03:40:00,Cold-Dry,2012-07-31 03:40:00,7
16.10680949,-19.21837769,LA14,2012-07-31,04:00:00 AM,04:00:00,Cold-Dry,2012-07-31 04:00:00,7
16.10681763,-19.21835938,LA14,2012-07-31,04:20:00 AM,04:20:00,Cold-Dry,2012-07-31 04:20:00,7
16.10675557,-19.2185791,LA14,2012-07-31,04:40:00 AM,04:40:00,Cold-Dry,2012-07-31 04:40:00,7
16.10687052,-19.21928507,LA14,2012-07-31,05:00:00 AM,05:00:00,Cold-Dry,2012-07-31 05:00:00,7
16.10695903,-19.21954346,LA14,2012-07-31,05:20:00 AM,05:20:00,Cold-Dry,2012-07-31 05:20:00,7
16.10727743,-19.22000122,LA14,2012-07-31,05:40:00 AM,05:40:00,Cold-Dry,2012-07-31 05:40:00,7
16.10787557,-19.22017212,LA14,2012-07-31,06:00:00 AM,06:00:00,Cold-Dry,2012-07-31 06:00:00,7
16.10824178,-19.22023519,LA14,2012-07-31,06:20:00 AM,06:20:00,Cold-Dry,2012-07-31 06:20:00,7
16.10872091,-19.22050578,LA14,2012-07-31,06:40:00 AM,06:40:00,Cold-Dry,2012-07-31 06:40:00,7
16.10892944,-19.22098592,LA14,2012-07-31,07:00:00 AM,07:00:00,Cold-Dry,2012-07-31 07:00:00,7
16.11044108,-19.22222493,LA14,2012-07-31,07:20:00 AM,07:20:00,Cold-Dry,2012-07-31 07:20:00,7
16.11487935,-19.22520142,LA14,2012-07-31,07:40:00 AM,07:40:00,Cold-Dry,2012-07-31 07:40:00,7
16.11613363,-19.22727254,LA14,2012-07-31,08:00:00 AM,08:00:00,Cold-Dry,2012-07-31 08:00:00,7
16.12118429,-19.22983602,LA14,2012-07-31,08:20:00 AM,08:20:00,Cold-Dry,2012-07-31 08:20:00,7
16.12739563,-19.23538208,LA14,2012-07-31,08:40:00 AM,08:40:00,Cold-Dry,2012-07-31 08:40:00,7
16.13149923,-19.23861694,LA14,2012-07-31,09:00:00 AM,09:00:00,Cold-Dry,2012-07-31 09:00:00,7
16.13206889,-19.23724365,LA14,2012-07-31,09:20:00 AM,09:20:00,Cold-Dry,2012-07-31 09:20:00,7
16.13209737,-19.23724976,LA14,2012-07-31,09:40:00 AM,09:40:00,Cold-Dry,2012-07-31 09:40:00,7
16.13245341,-19.2367981,LA14,2012-07-31,10:00:00 AM,10:00:00,Cold-Dry,2012-07-31 10:00:00,7
16.13236186,-19.23527425,LA14,2012-07-31,10:20:00 AM,10:20:00,Cold-Dry,2012-07-31 10:20:00,7
16.13171183,-19.23510742,LA14,2012-07-31,10:40:00 AM,10:40:00,Cold-Dry,2012-07-31 10:40:00,7
16.13143107,-19.23515015,LA14,2012-07-31,11:00:00 AM,11:00:00,Cold-Dry,2012-07-31 11:00:00,7
16.13104757,-19.23560181,LA14,2012-07-31,11:20:00 AM,11:20:00,Cold-Dry,2012-07-31 11:20:00,7
16.13099569,-19.23576253,LA14,2012-07-31,11:40:00 AM,11:40:00,Cold-Dry,2012-07-31 11:40:00,7
16.1318512,-19.23854167,LA14,2012-07-31,12:00:00 PM,12:00:00,Cold-Dry,2012-07-31 12:00:00,7
16.13174032,-19.23849691,LA14,2012-07-31,12:20:00 PM,12:20:00,Cold-Dry,2012-07-31 12:20:00,7
16.12939555,-19.23723755,LA14,2012-07-31,12:40:00 PM,12:40:00,Cold-Dry,2012-07-31 12:40:00,7
16.12671611,-19.23476766,LA14,2012-07-31,01:00:00 PM,13:00:00,Cold-Dry,2012-07-31 13:00:00,7
16.12612101,-19.23412069,LA14,2012-07-31,01:20:00 PM,13:20:00,Cold-Dry,2012-07-31 13:20:00,7
16.1253245,-19.2333903,LA14,2012-07-31,01:40:00 PM,13:40:00,Cold-Dry,2012-07-31 13:40:00,7
16.12200724,-19.23116455,LA14,2012-07-31,02:00:00 PM,14:00:00,Cold-Dry,2012-07-31 14:00:00,7
16.1184316,-19.22816366,LA14,2012-07-31,02:20:00 PM,14:20:00,Cold-Dry,2012-07-31 14:20:00,7
16.11290588,-19.22531738,LA14,2012-07-31,02:40:00 PM,14:40:00,Cold-Dry,2012-07-31 14:40:00,7
16.11012166,-19.21857707,LA14,2012-07-31,03:00:00 PM,15:00:00,Cold-Dry,2012-07-31 15:00:00,7
16.10586751,-19.2135376,LA14,2012-07-31,03:20:00 PM,15:20:00,Cold-Dry,2012-07-31 15:20:00,7
16.10421956,-19.21122233,LA14,2012-07-31,03:40:00 PM,15:40:00,Cold-Dry,2012-07-31 15:40:00,7
16.10351664,-19.20757243,LA14,2012-07-31,04:00:00 PM,16:00:00,Cold-Dry,2012-07-31 16:00:00,7
16.10331116,-19.20640869,LA14,2012-07-31,04:20:00 PM,16:20:00,Cold-Dry,2012-07-31 16:20:00,7
16.10405782,-19.20516561,LA14,2012-07-31,04:40:00 PM,16:40:00,Cold-Dry,2012-07-31 16:40:00,7
16.10413818,-19.2048584,LA14,2012-07-31,05:00:00 PM,17:00:00,Cold-Dry,2012-07-31 17:00:00,7
16.10446472,-19.20433553,LA14,2012-07-31,05:20:00 PM,17:20:00,Cold-Dry,2012-07-31 17:20:00,7
16.10437113,-19.20434163,LA14,2012-07-31,05:40:00 PM,17:40:00,Cold-Dry,2012-07-31 17:40:00,7
16.10311076,-19.20475871,LA14,2012-07-31,06:00:00 PM,18:00:00,Cold-Dry,2012-07-31 18:00:00,7
16.10270487,-19.2047994,LA14,2012-07-31,06:20:00 PM,18:20:00,Cold-Dry,2012-07-31 18:20:00,7
16.10236206,-19.20450846,LA14,2012-07-31,06:40:00 PM,18:40:00,Cold-Dry,2012-07-31 18:40:00,7
16.10244853,-19.20429891,LA14,2012-07-31,07:00:00 PM,19:00:00,Cold-Dry,2012-07-31 19:00:00,7
16.10245768,-19.20435384,LA14,2012-07-31,07:20:00 PM,19:20:00,Cold-Dry,2012-07-31 19:20:00,7
16.10245565,-19.20434367,LA14,2012-07-31,07:40:00 PM,19:40:00,Cold-Dry,2012-07-31 19:40:00,7
16.1017629,-19.20244751,LA14,2012-07-31,08:00:00 PM,20:00:00,Cold-Dry,2012-07-31 20:00:00,7
16.10137329,-19.20171102,LA14,2012-07-31,08:20:00 PM,20:20:00,Cold-Dry,2012-07-31 20:20:00,7
16.1009847,-19.20131022,LA14,2012-07-31,08:40:00 PM,20:40:00,Cold-Dry,2012-07-31 20:40:00,7
16.10058492,-19.20080363,LA14,2012-07-31,09:00:00 PM,21:00:00,Cold-Dry,2012-07-31 21:00:00,7
16.10010478,-19.20004883,LA14,2012-07-31,09:20:00 PM,21:20:00,Cold-Dry,2012-07-31 21:20:00,7
16.10134786,-19.19862467,LA14,2012-07-31,09:40:00 PM,21:40:00,Cold-Dry,2012-07-31 21:40:00,7
16.10181783,-19.19668172,LA14,2012-07-31,10:00:00 PM,22:00:00,Cold-Dry,2012-07-31 22:00:00,7
16.10187174,-19.1965271,LA14,2012-07-31,10:20:00 PM,22:20:00,Cold-Dry,2012-07-31 22:20:00,7
16.10192973,-19.1966512,LA14,2012-07-31,10:40:00 PM,22:40:00,Cold-Dry,2012-07-31 22:40:00,7
16.10193075,-19.19662882,LA14,2012-07-31,11:00:00 PM,23:00:00,Cold-Dry,2012-07-31 23:00:00,7
16.10192057,-19.19661662,LA14,2012-07-31,11:20:00 PM,23:20:00,Cold-Dry,2012-07-31 23:20:00,7
16.10194092,-19.1966512,LA14,2012-07-31,11:40:00 PM,23:40:00,Cold-Dry,2012-07-31 23:40:00,7
