Longitude,Latitude,individual-local-identifier,Date,timeAPM,Time,Season,DateTime,Month
15.84672139,-19.15421956,LA14,2009-11-01,12:00:00 AM,00:00:00,Hot-Dry,2009-11-01 00:00:00,11
15.90759786,-19.17644653,LA14,2009-11-01,12:20:00 PM,12:20:00,Hot-Dry,2009-11-01 12:20:00,11
15.90622864,-19.17651774,LA14,2009-11-01,12:40:00 PM,12:40:00,Hot-Dry,2009-11-01 12:40:00,11
15.90593465,-19.17649333,LA14,2009-11-01,01:00:00 PM,13:00:00,Hot-Dry,2009-11-01 13:00:00,11
15.90597636,-19.17653198,LA14,2009-11-01,01:20:00 PM,13:20:00,Hot-Dry,2009-11-01 13:20:00,11
15.90597229,-19.17653605,LA14,2009-11-01,01:40:00 PM,13:40:00,Hot-Dry,2009-11-01 13:40:00,11
15.9059611,-19.17653809,LA14,2009-11-01,02:00:00 PM,14:00:00,Hot-Dry,2009-11-01 14:00:00,11
15.90569458,-19.17655843,LA14,2009-11-01,02:20:00 PM,14:20:00,Hot-Dry,2009-11-01 14:20:00,11
15.90574951,-19.17656657,LA14,2009-11-01,02:40:00 PM,14:40:00,Hot-Dry,2009-11-01 14:40:00,11
15.90621643,-19.17483114,LA14,2009-11-01,03:00:00 PM,15:00:00,Hot-Dry,2009-11-01 15:00:00,11
15.9070577,-19.17466838,LA14,2009-11-01,03:20:00 PM,15:20:00,Hot-Dry,2009-11-01 15:20:00,11
15.90728556,-19.17548014,LA14,2009-11-01,03:40:00 PM,15:40:00,Hot-Dry,2009-11-01 15:40:00,11
15.90700785,-19.17509359,LA14,2009-11-01,04:00:00 PM,16:00:00,Hot-Dry,2009-11-01 16:00:00,11
15.90872294,-19.17545573,LA14,2009-11-01,04:20:00 PM,16:20:00,Hot-Dry,2009-11-01 16:20:00,11
15.91212565,-19.17837524,LA14,2009-11-01,04:40:00 PM,16:40:00,Hot-Dry,2009-11-01 16:40:00,11
15.91560364,-19.18057861,LA14,2009-11-01,05:00:00 PM,17:00:00,Hot-Dry,2009-11-01 17:00:00,11
15.91294352,-19.17708333,LA14,2009-11-01,05:20:00 PM,17:20:00,Hot-Dry,2009-11-01 17:20:00,11
15.90985819,-19.17486776,LA14,2009-11-01,05:40:00 PM,17:40:00,Hot-Dry,2009-11-01 17:40:00,11
15.90446472,-19.1705953,LA14,2009-11-01,06:00:00 PM,18:00:00,Hot-Dry,2009-11-01 18:00:00,11
15.90038757,-19.16877848,LA14,2009-11-01,06:20:00 PM,18:20:00,Hot-Dry,2009-11-01 18:20:00,11
15.89608968,-19.16723429,LA14,2009-11-01,06:40:00 PM,18:40:00,Hot-Dry,2009-11-01 18:40:00,11
15.89468486,-19.16664022,LA14,2009-11-01,07:00:00 PM,19:00:00,Hot-Dry,2009-11-01 19:00:00,11
15.88957214,-19.16671549,LA14,2009-11-01,07:20:00 PM,19:20:00,Hot-Dry,2009-11-01 19:20:00,11
15.88059591,-19.16522624,LA14,2009-11-01,07:40:00 PM,19:40:00,Hot-Dry,2009-11-01 19:40:00,11
15.87041117,-19.16299845,LA14,2009-11-01,08:00:00 PM,20:00:00,Hot-Dry,2009-11-01 20:00:00,11
15.85953979,-19.16228638,LA14,2009-11-01,08:20:00 PM,20:20:00,Hot-Dry,2009-11-01 20:20:00,11
15.85508423,-19.16448161,LA14,2009-11-01,08:40:00 PM,20:40:00,Hot-Dry,2009-11-01 20:40:00,11
15.85390727,-19.16470337,LA14,2009-11-01,09:00:00 PM,21:00:00,Hot-Dry,2009-11-01 21:00:00,11
15.85356242,-19.16491089,LA14,2009-11-01,09:20:00 PM,21:20:00,Hot-Dry,2009-11-01 21:20:00,11
15.85276998,-19.16497396,LA14,2009-11-01,09:40:00 PM,21:40:00,Hot-Dry,2009-11-01 21:40:00,11
15.8515625,-19.16314087,LA14,2009-11-01,10:00:00 PM,22:00:00,Hot-Dry,2009-11-01 22:00:00,11
15.85164795,-19.16319987,LA14,2009-11-01,10:20:00 PM,22:20:00,Hot-Dry,2009-11-01 22:20:00,11
15.85066223,-19.16125488,LA14,2009-11-01,10:40:00 PM,22:40:00,Hot-Dry,2009-11-01 22:40:00,11
15.8488444,-19.1615682,LA14,2009-11-01,11:00:00 PM,23:00:00,Hot-Dry,2009-11-01 23:00:00,11
15.84998474,-19.16189168,LA14,2009-11-01,11:20:00 PM,23:20:00,Hot-Dry,2009-11-01 23:20:00,11
15.85084635,-19.16358032,LA14,2009-11-01,11:40:00 PM,23:40:00,Hot-Dry,2009-11-01 23:40:00,11
15.85191549,-19.16561483,LA14,2009-11-02,12:00:00 AM,00:00:00,Hot-Dry,2009-11-02 00:00:00,11
15.85536499,-19.16824341,LA14,2009-11-02,12:20:00 AM,00:20:00,Hot-Dry,2009-11-02 00:20:00,11
15.85856527,-19.17173462,LA14,2009-11-02,12:40:00 AM,00:40:00,Hot-Dry,2009-11-02 00:40:00,11
15.86151225,-19.17357992,LA14,2009-11-02,01:00:00 AM,01:00:00,Hot-Dry,2009-11-02 01:00:00,11
15.8624115,-19.17374471,LA14,2009-11-02,01:20:00 AM,01:20:00,Hot-Dry,2009-11-02 01:20:00,11
15.86233317,-19.17365316,LA14,2009-11-02,01:40:00 AM,01:40:00,Hot-Dry,2009-11-02 01:40:00,11
15.86230977,-19.17362671,LA14,2009-11-02,02:00:00 AM,02:00:00,Hot-Dry,2009-11-02 02:00:00,11
15.86230774,-19.17359619,LA14,2009-11-02,02:20:00 AM,02:20:00,Hot-Dry,2009-11-02 02:20:00,11
15.86231995,-19.17358805,LA14,2009-11-02,02:40:00 AM,02:40:00,Hot-Dry,2009-11-02 02:40:00,11
15.86228333,-19.1736674,LA14,2009-11-02,03:00:00 AM,03:00:00,Hot-Dry,2009-11-02 03:00:00,11
15.86229248,-19.17365926,LA14,2009-11-02,03:20:00 AM,03:20:00,Hot-Dry,2009-11-02 03:20:00,11
15.86451111,-19.17412109,LA14,2009-11-02,03:40:00 AM,03:40:00,Hot-Dry,2009-11-02 03:40:00,11
15.8678477,-19.17735392,LA14,2009-11-02,04:00:00 AM,04:00:00,Hot-Dry,2009-11-02 04:00:00,11
15.8699117,-19.18263143,LA14,2009-11-02,04:20:00 AM,04:20:00,Hot-Dry,2009-11-02 04:20:00,11
15.871875,-19.18582357,LA14,2009-11-02,04:40:00 AM,04:40:00,Hot-Dry,2009-11-02 04:40:00,11
15.87704875,-19.19445597,LA14,2009-11-02,05:00:00 AM,05:00:00,Hot-Dry,2009-11-02 05:00:00,11
15.88216858,-19.19879354,LA14,2009-11-02,05:20:00 AM,05:20:00,Hot-Dry,2009-11-02 05:20:00,11
15.88583984,-19.20027873,LA14,2009-11-02,05:40:00 AM,05:40:00,Hot-Dry,2009-11-02 05:40:00,11
15.886203,-19.200236,LA14,2009-11-02,06:00:00 AM,06:00:00,Hot-Dry,2009-11-02 06:00:00,11
15.88694865,-19.200236,LA14,2009-11-02,06:20:00 AM,06:20:00,Hot-Dry,2009-11-02 06:20:00,11
15.88786723,-19.19981283,LA14,2009-11-02,06:40:00 AM,06:40:00,Hot-Dry,2009-11-02 06:40:00,11
15.88834839,-19.19950155,LA14,2009-11-02,07:00:00 AM,07:00:00,Hot-Dry,2009-11-02 07:00:00,11
15.88870443,-19.19937134,LA14,2009-11-02,07:20:00 AM,07:20:00,Hot-Dry,2009-11-02 07:20:00,11
15.88907878,-19.19901326,LA14,2009-11-02,07:40:00 AM,07:40:00,Hot-Dry,2009-11-02 07:40:00,11
15.88995768,-19.1981547,LA14,2009-11-02,08:00:00 AM,08:00:00,Hot-Dry,2009-11-02 08:00:00,11
15.88991597,-19.19816488,LA14,2009-11-02,08:20:00 AM,08:20:00,Hot-Dry,2009-11-02 08:20:00,11
15.88998515,-19.19819336,LA14,2009-11-02,08:40:00 AM,08:40:00,Hot-Dry,2009-11-02 08:40:00,11
15.89011129,-19.19800415,LA14,2009-11-02,09:00:00 AM,09:00:00,Hot-Dry,2009-11-02 09:00:00,11
15.89031881,-19.19718831,LA14,2009-11-02,09:20:00 AM,09:20:00,Hot-Dry,2009-11-02 09:20:00,11
15.8903361,-19.19716593,LA14,2009-11-02,09:40:00 AM,09:40:00,Hot-Dry,2009-11-02 09:40:00,11
15.89035746,-19.19718424,LA14,2009-11-02,10:00:00 AM,10:00:00,Hot-Dry,2009-11-02 10:00:00,11
15.89084269,-19.19698283,LA14,2009-11-02,10:20:00 AM,10:20:00,Hot-Dry,2009-11-02 10:20:00,11
15.89086711,-19.1969991,LA14,2009-11-02,10:40:00 AM,10:40:00,Hot-Dry,2009-11-02 10:40:00,11
15.89085592,-19.1969991,LA14,2009-11-02,11:00:00 AM,11:00:00,Hot-Dry,2009-11-02 11:00:00,11
15.89085286,-19.19697062,LA14,2009-11-02,11:20:00 AM,11:20:00,Hot-Dry,2009-11-02 11:20:00,11
15.8908549,-19.19700317,LA14,2009-11-02,11:40:00 AM,11:40:00,Hot-Dry,2009-11-02 11:40:00,11
15.89188944,-19.19634603,LA14,2009-11-02,12:00:00 PM,12:00:00,Hot-Dry,2009-11-02 12:00:00,11
15.89198303,-19.19616496,LA14,2009-11-02,12:20:00 PM,12:20:00,Hot-Dry,2009-11-02 12:20:00,11
15.89198812,-19.19617106,LA14,2009-11-02,12:40:00 PM,12:40:00,Hot-Dry,2009-11-02 12:40:00,11
15.89196269,-19.19615885,LA14,2009-11-02,01:00:00 PM,13:00:00,Hot-Dry,2009-11-02 13:00:00,11
15.89197998,-19.19614258,LA14,2009-11-02,01:20:00 PM,13:20:00,Hot-Dry,2009-11-02 13:20:00,11
15.89198405,-19.19614054,LA14,2009-11-02,01:40:00 PM,13:40:00,Hot-Dry,2009-11-02 13:40:00,11
15.89199117,-19.19615479,LA14,2009-11-02,02:00:00 PM,14:00:00,Hot-Dry,2009-11-02 14:00:00,11
15.89212545,-19.19575399,LA14,2009-11-02,02:20:00 PM,14:20:00,Hot-Dry,2009-11-02 14:20:00,11
15.89253031,-19.19572347,LA14,2009-11-02,02:40:00 PM,14:40:00,Hot-Dry,2009-11-02 14:40:00,11
15.89356384,-19.19566447,LA14,2009-11-02,03:00:00 PM,15:00:00,Hot-Dry,2009-11-02 15:00:00,11
15.89498596,-19.19523926,LA14,2009-11-02,03:20:00 PM,15:20:00,Hot-Dry,2009-11-02 15:20:00,11
15.89631144,-19.19441121,LA14,2009-11-02,03:40:00 PM,15:40:00,Hot-Dry,2009-11-02 15:40:00,11
15.89759216,-19.19378052,LA14,2009-11-02,04:00:00 PM,16:00:00,Hot-Dry,2009-11-02 16:00:00,11
15.89897257,-19.19280802,LA14,2009-11-02,04:20:00 PM,16:20:00,Hot-Dry,2009-11-02 16:20:00,11
15.90145772,-19.18999634,LA14,2009-11-02,04:40:00 PM,16:40:00,Hot-Dry,2009-11-02 16:40:00,11
15.90445251,-19.18592733,LA14,2009-11-02,05:00:00 PM,17:00:00,Hot-Dry,2009-11-02 17:00:00,11
15.91195068,-19.18152059,LA14,2009-11-02,05:20:00 PM,17:20:00,Hot-Dry,2009-11-02 17:20:00,11
15.91501872,-19.18104858,LA14,2009-11-02,05:40:00 PM,17:40:00,Hot-Dry,2009-11-02 17:40:00,11
15.9100708,-19.17859701,LA14,2009-11-02,06:00:00 PM,18:00:00,Hot-Dry,2009-11-02 18:00:00,11
15.90574544,-19.17646077,LA14,2009-11-02,06:20:00 PM,18:20:00,Hot-Dry,2009-11-02 18:20:00,11
15.89885661,-19.17557983,LA14,2009-11-02,06:40:00 PM,18:40:00,Hot-Dry,2009-11-02 18:40:00,11
15.89272156,-19.17295939,LA14,2009-11-02,07:00:00 PM,19:00:00,Hot-Dry,2009-11-02 19:00:00,11
15.8869873,-19.17165731,LA14,2009-11-02,07:20:00 PM,19:20:00,Hot-Dry,2009-11-02 19:20:00,11
15.87838745,-19.16858521,LA14,2009-11-02,07:40:00 PM,19:40:00,Hot-Dry,2009-11-02 19:40:00,11
15.8658193,-19.16463826,LA14,2009-11-02,08:00:00 PM,20:00:00,Hot-Dry,2009-11-02 20:00:00,11
15.85639648,-19.1617981,LA14,2009-11-02,08:20:00 PM,20:20:00,Hot-Dry,2009-11-02 20:20:00,11
15.84923604,-19.16135661,LA14,2009-11-02,08:40:00 PM,20:40:00,Hot-Dry,2009-11-02 20:40:00,11
15.84850566,-19.16197103,LA14,2009-11-02,09:00:00 PM,21:00:00,Hot-Dry,2009-11-02 21:00:00,11
15.8493337,-19.16273397,LA14,2009-11-02,09:20:00 PM,21:20:00,Hot-Dry,2009-11-02 21:20:00,11
15.85088908,-19.16514486,LA14,2009-11-02,09:40:00 PM,21:40:00,Hot-Dry,2009-11-02 21:40:00,11
15.85214742,-19.16588338,LA14,2009-11-02,10:00:00 PM,22:00:00,Hot-Dry,2009-11-02 22:00:00,11
15.85286153,-19.16569214,LA14,2009-11-02,10:20:00 PM,22:20:00,Hot-Dry,2009-11-02 22:20:00,11
15.85169678,-19.162264,LA14,2009-11-02,10:40:00 PM,22:40:00,Hot-Dry,2009-11-02 22:40:00,11
15.85069987,-19.15969442,LA14,2009-11-02,11:00:00 PM,23:00:00,Hot-Dry,2009-11-02 23:00:00,11
15.84819845,-19.156073,LA14,2009-11-02,11:20:00 PM,23:20:00,Hot-Dry,2009-11-02 23:20:00,11
15.84564921,-19.15374349,LA14,2009-11-02,11:40:00 PM,23:40:00,Hot-Dry,2009-11-02 23:40:00,11
15.84024658,-19.15423584,LA14,2009-11-03,12:00:00 AM,00:00:00,Hot-Dry,2009-11-03 00:00:00,11
15.83829651,-19.15587158,LA14,2009-11-03,12:20:00 AM,00:20:00,Hot-Dry,2009-11-03 00:20:00,11
15.83790283,-19.15672607,LA14,2009-11-03,12:40:00 AM,00:40:00,Hot-Dry,2009-11-03 00:40:00,11
15.83717041,-19.15849609,LA14,2009-11-03,01:00:00 AM,01:00:00,Hot-Dry,2009-11-03 01:00:00,11
15.83652649,-19.16188151,LA14,2009-11-03,01:20:00 AM,01:20:00,Hot-Dry,2009-11-03 01:20:00,11
15.83651123,-19.16187541,LA14,2009-11-03,01:40:00 AM,01:40:00,Hot-Dry,2009-11-03 01:40:00,11
15.8365092,-19.16187541,LA14,2009-11-03,02:00:00 AM,02:00:00,Hot-Dry,2009-11-03 02:00:00,11
15.83648682,-19.16189575,LA14,2009-11-03,02:20:00 AM,02:20:00,Hot-Dry,2009-11-03 02:20:00,11
15.83655599,-19.16187948,LA14,2009-11-03,02:40:00 AM,02:40:00,Hot-Dry,2009-11-03 02:40:00,11
15.83654785,-19.16189982,LA14,2009-11-03,03:00:00 AM,03:00:00,Hot-Dry,2009-11-03 03:00:00,11
15.83654175,-19.16187948,LA14,2009-11-03,03:20:00 AM,03:20:00,Hot-Dry,2009-11-03 03:20:00,11
15.83649801,-19.16194051,LA14,2009-11-03,03:40:00 AM,03:40:00,Hot-Dry,2009-11-03 03:40:00,11
15.8365153,-19.16189779,LA14,2009-11-03,04:00:00 AM,04:00:00,Hot-Dry,2009-11-03 04:00:00,11
15.83500366,-19.16268514,LA14,2009-11-03,04:20:00 AM,04:20:00,Hot-Dry,2009-11-03 04:20:00,11
15.83281657,-19.16703695,LA14,2009-11-03,04:40:00 AM,04:40:00,Hot-Dry,2009-11-03 04:40:00,11
15.83026428,-19.16738688,LA14,2009-11-03,05:00:00 AM,05:00:00,Hot-Dry,2009-11-03 05:00:00,11
15.82956645,-19.16691691,LA14,2009-11-03,05:20:00 AM,05:20:00,Hot-Dry,2009-11-03 05:20:00,11
15.8299174,-19.16791585,LA14,2009-11-03,05:40:00 AM,05:40:00,Hot-Dry,2009-11-03 05:40:00,11
15.82945455,-19.16829427,LA14,2009-11-03,06:00:00 AM,06:00:00,Hot-Dry,2009-11-03 06:00:00,11
15.83201192,-19.17000122,LA14,2009-11-03,06:20:00 AM,06:20:00,Hot-Dry,2009-11-03 06:20:00,11
15.83053487,-19.17188517,LA14,2009-11-03,06:40:00 AM,06:40:00,Hot-Dry,2009-11-03 06:40:00,11
15.83606262,-19.17827352,LA14,2009-11-03,07:00:00 AM,07:00:00,Hot-Dry,2009-11-03 07:00:00,11
15.83902791,-19.18134155,LA14,2009-11-03,07:20:00 AM,07:20:00,Hot-Dry,2009-11-03 07:20:00,11
15.84541728,-19.18446655,LA14,2009-11-03,07:40:00 AM,07:40:00,Hot-Dry,2009-11-03 07:40:00,11
15.8515564,-19.18687744,LA14,2009-11-03,08:00:00 AM,08:00:00,Hot-Dry,2009-11-03 08:00:00,11
15.85271912,-19.18827922,LA14,2009-11-03,08:20:00 AM,08:20:00,Hot-Dry,2009-11-03 08:20:00,11
15.85276693,-19.18827515,LA14,2009-11-03,08:40:00 AM,08:40:00,Hot-Dry,2009-11-03 08:40:00,11
15.85264384,-19.18838298,LA14,2009-11-03,09:00:00 AM,09:00:00,Hot-Dry,2009-11-03 09:00:00,11
15.85263774,-19.18839111,LA14,2009-11-03,09:20:00 AM,09:20:00,Hot-Dry,2009-11-03 09:20:00,11
15.85268555,-19.18910929,LA14,2009-11-03,09:40:00 AM,09:40:00,Hot-Dry,2009-11-03 09:40:00,11
15.85269674,-19.18913371,LA14,2009-11-03,10:00:00 AM,10:00:00,Hot-Dry,2009-11-03 10:00:00,11
15.85284017,-19.18937378,LA14,2009-11-03,10:20:00 AM,10:20:00,Hot-Dry,2009-11-03 10:20:00,11
15.85285543,-19.18937174,LA14,2009-11-03,10:40:00 AM,10:40:00,Hot-Dry,2009-11-03 10:40:00,11
15.85284526,-19.18937174,LA14,2009-11-03,11:00:00 AM,11:00:00,Hot-Dry,2009-11-03 11:00:00,11
15.8528422,-19.18934326,LA14,2009-11-03,11:20:00 AM,11:20:00,Hot-Dry,2009-11-03 11:20:00,11
15.85282288,-19.18935547,LA14,2009-11-03,11:40:00 AM,11:40:00,Hot-Dry,2009-11-03 11:40:00,11
15.85285543,-19.18934733,LA14,2009-11-03,12:00:00 PM,12:00:00,Hot-Dry,2009-11-03 12:00:00,11
15.85285238,-19.18937378,LA14,2009-11-03,12:20:00 PM,12:20:00,Hot-Dry,2009-11-03 12:20:00,11
15.8528127,-19.18943481,LA14,2009-11-03,12:40:00 PM,12:40:00,Hot-Dry,2009-11-03 12:40:00,11
15.85289103,-19.18938192,LA14,2009-11-03,01:00:00 PM,13:00:00,Hot-Dry,2009-11-03 13:00:00,11
15.85287374,-19.18939412,LA14,2009-11-03,01:20:00 PM,13:20:00,Hot-Dry,2009-11-03 13:20:00,11
15.85289103,-19.18938192,LA14,2009-11-03,01:40:00 PM,13:40:00,Hot-Dry,2009-11-03 13:40:00,11
15.85337321,-19.18940226,LA14,2009-11-03,02:00:00 PM,14:00:00,Hot-Dry,2009-11-03 14:00:00,11
15.85547994,-19.18956502,LA14,2009-11-03,02:20:00 PM,14:20:00,Hot-Dry,2009-11-03 14:20:00,11
15.85751444,-19.18919474,LA14,2009-11-03,02:40:00 PM,14:40:00,Hot-Dry,2009-11-03 14:40:00,11
15.86078796,-19.18800863,LA14,2009-11-03,03:00:00 PM,15:00:00,Hot-Dry,2009-11-03 15:00:00,11
15.86323344,-19.18589884,LA14,2009-11-03,03:20:00 PM,15:20:00,Hot-Dry,2009-11-03 15:20:00,11
15.86658427,-19.18468424,LA14,2009-11-03,03:40:00 PM,15:40:00,Hot-Dry,2009-11-03 15:40:00,11
15.87049866,-19.18352254,LA14,2009-11-03,04:00:00 PM,16:00:00,Hot-Dry,2009-11-03 16:00:00,11
15.87189738,-19.18324992,LA14,2009-11-03,04:20:00 PM,16:20:00,Hot-Dry,2009-11-03 16:20:00,11
15.8738149,-19.18237915,LA14,2009-11-03,04:40:00 PM,16:40:00,Hot-Dry,2009-11-03 16:40:00,11
15.87613627,-19.18194987,LA14,2009-11-03,05:00:00 PM,17:00:00,Hot-Dry,2009-11-03 17:00:00,11
15.88136902,-19.18187459,LA14,2009-11-03,05:20:00 PM,17:20:00,Hot-Dry,2009-11-03 17:20:00,11
15.88392334,-19.18095296,LA14,2009-11-03,05:40:00 PM,17:40:00,Hot-Dry,2009-11-03 17:40:00,11
15.88977661,-19.17924194,LA14,2009-11-03,06:00:00 PM,18:00:00,Hot-Dry,2009-11-03 18:00:00,11
15.89263306,-19.17917074,LA14,2009-11-03,06:20:00 PM,18:20:00,Hot-Dry,2009-11-03 18:20:00,11
15.90059611,-19.17949422,LA14,2009-11-03,06:40:00 PM,18:40:00,Hot-Dry,2009-11-03 18:40:00,11
15.90760193,-19.1803894,LA14,2009-11-03,07:00:00 PM,19:00:00,Hot-Dry,2009-11-03 19:00:00,11
15.9142985,-19.18105876,LA14,2009-11-03,07:20:00 PM,19:20:00,Hot-Dry,2009-11-03 19:20:00,11
15.91531982,-19.181014,LA14,2009-11-03,07:40:00 PM,19:40:00,Hot-Dry,2009-11-03 19:40:00,11
15.91552124,-19.18100993,LA14,2009-11-03,08:00:00 PM,20:00:00,Hot-Dry,2009-11-03 20:00:00,11
15.90967102,-19.18017375,LA14,2009-11-03,08:20:00 PM,20:20:00,Hot-Dry,2009-11-03 20:20:00,11
15.90789795,-19.17915446,LA14,2009-11-03,08:40:00 PM,20:40:00,Hot-Dry,2009-11-03 20:40:00,11
15.90157064,-19.17695516,LA14,2009-11-03,09:00:00 PM,21:00:00,Hot-Dry,2009-11-03 21:00:00,11
15.89291585,-19.17594198,LA14,2009-11-03,09:20:00 PM,21:20:00,Hot-Dry,2009-11-03 21:20:00,11
15.88988647,-19.17683512,LA14,2009-11-03,09:40:00 PM,21:40:00,Hot-Dry,2009-11-03 21:40:00,11
15.88974813,-19.17846069,LA14,2009-11-03,10:00:00 PM,22:00:00,Hot-Dry,2009-11-03 22:00:00,11
15.88915202,-19.17885539,LA14,2009-11-03,10:20:00 PM,22:20:00,Hot-Dry,2009-11-03 22:20:00,11
15.88826192,-19.17857869,LA14,2009-11-03,10:40:00 PM,22:40:00,Hot-Dry,2009-11-03 22:40:00,11
15.88816325,-19.17855632,LA14,2009-11-03,11:00:00 PM,23:00:00,Hot-Dry,2009-11-03 23:00:00,11
15.88790792,-19.17825317,LA14,2009-11-03,11:20:00 PM,23:20:00,Hot-Dry,2009-11-03 23:20:00,11
15.88784383,-19.17610677,LA14,2009-11-03,11:40:00 PM,23:40:00,Hot-Dry,2009-11-03 23:40:00,11
15.88842977,-19.17623494,LA14,2009-11-04,12:00:00 AM,00:00:00,Hot-Dry,2009-11-04 00:00:00,11
15.89020691,-19.175059,LA14,2009-11-04,12:20:00 AM,00:20:00,Hot-Dry,2009-11-04 00:20:00,11
15.89029744,-19.1750651,LA14,2009-11-04,12:40:00 AM,00:40:00,Hot-Dry,2009-11-04 00:40:00,11
15.88835551,-19.17387695,LA14,2009-11-04,01:00:00 AM,01:00:00,Hot-Dry,2009-11-04 01:00:00,11
15.88636678,-19.17532145,LA14,2009-11-04,01:20:00 AM,01:20:00,Hot-Dry,2009-11-04 01:20:00,11
15.88416036,-19.17613118,LA14,2009-11-04,01:40:00 AM,01:40:00,Hot-Dry,2009-11-04 01:40:00,11
15.88302917,-19.17603149,LA14,2009-11-04,02:00:00 AM,02:00:00,Hot-Dry,2009-11-04 02:00:00,11
15.88309021,-19.17600505,LA14,2009-11-04,02:20:00 AM,02:20:00,Hot-Dry,2009-11-04 02:20:00,11
15.88304952,-19.17601115,LA14,2009-11-04,02:40:00 AM,02:40:00,Hot-Dry,2009-11-04 02:40:00,11
15.87961324,-19.17616577,LA14,2009-11-04,03:00:00 AM,03:00:00,Hot-Dry,2009-11-04 03:00:00,11
15.87723287,-19.17686971,LA14,2009-11-04,03:20:00 AM,03:20:00,Hot-Dry,2009-11-04 03:20:00,11
15.8722819,-19.1798116,LA14,2009-11-04,03:40:00 AM,03:40:00,Hot-Dry,2009-11-04 03:40:00,11
15.86982727,-19.1837382,LA14,2009-11-04,04:00:00 AM,04:00:00,Hot-Dry,2009-11-04 04:00:00,11
15.86976318,-19.18633423,LA14,2009-11-04,04:20:00 AM,04:20:00,Hot-Dry,2009-11-04 04:20:00,11
15.86832987,-19.18457438,LA14,2009-11-04,04:40:00 AM,04:40:00,Hot-Dry,2009-11-04 04:40:00,11
15.86813558,-19.18826294,LA14,2009-11-04,05:00:00 AM,05:00:00,Hot-Dry,2009-11-04 05:00:00,11
15.87359212,-19.1953125,LA14,2009-11-04,05:20:00 AM,05:20:00,Hot-Dry,2009-11-04 05:20:00,11
15.88037618,-19.19867554,LA14,2009-11-04,05:40:00 AM,05:40:00,Hot-Dry,2009-11-04 05:40:00,11
15.88650818,-19.19955241,LA14,2009-11-04,06:00:00 AM,06:00:00,Hot-Dry,2009-11-04 06:00:00,11
15.88743795,-19.19932658,LA14,2009-11-04,06:20:00 AM,06:20:00,Hot-Dry,2009-11-04 06:20:00,11
15.88754781,-19.19926147,LA14,2009-11-04,06:40:00 AM,06:40:00,Hot-Dry,2009-11-04 06:40:00,11
15.88756205,-19.19924927,LA14,2009-11-04,07:00:00 AM,07:00:00,Hot-Dry,2009-11-04 07:00:00,11
15.88756409,-19.19925741,LA14,2009-11-04,07:20:00 AM,07:20:00,Hot-Dry,2009-11-04 07:20:00,11
15.88761495,-19.19926554,LA14,2009-11-04,07:40:00 AM,07:40:00,Hot-Dry,2009-11-04 07:40:00,11
15.88868815,-19.19884847,LA14,2009-11-04,08:00:00 AM,08:00:00,Hot-Dry,2009-11-04 08:00:00,11
15.88910319,-19.19888713,LA14,2009-11-04,08:20:00 AM,08:20:00,Hot-Dry,2009-11-04 08:20:00,11
15.88964233,-19.19833171,LA14,2009-11-04,08:40:00 AM,08:40:00,Hot-Dry,2009-11-04 08:40:00,11
15.88964233,-19.19776815,LA14,2009-11-04,09:00:00 AM,09:00:00,Hot-Dry,2009-11-04 09:00:00,11
15.88967794,-19.19778646,LA14,2009-11-04,09:20:00 AM,09:20:00,Hot-Dry,2009-11-04 09:20:00,11
15.88974304,-19.19784546,LA14,2009-11-04,09:40:00 AM,09:40:00,Hot-Dry,2009-11-04 09:40:00,11
15.8899231,-19.1982076,LA14,2009-11-04,10:00:00 AM,10:00:00,Hot-Dry,2009-11-04 10:00:00,11
15.88993835,-19.19819946,LA14,2009-11-04,10:20:00 AM,10:20:00,Hot-Dry,2009-11-04 10:20:00,11
15.88994751,-19.19821981,LA14,2009-11-04,10:40:00 AM,10:40:00,Hot-Dry,2009-11-04 10:40:00,11
15.88994039,-19.19821167,LA14,2009-11-04,11:00:00 AM,11:00:00,Hot-Dry,2009-11-04 11:00:00,11
15.88994039,-19.19824626,LA14,2009-11-04,11:20:00 AM,11:20:00,Hot-Dry,2009-11-04 11:20:00,11
15.89013977,-19.19784546,LA14,2009-11-04,11:40:00 AM,11:40:00,Hot-Dry,2009-11-04 11:40:00,11
15.89035238,-19.19744466,LA14,2009-11-04,12:00:00 PM,12:00:00,Hot-Dry,2009-11-04 12:00:00,11
15.89035339,-19.1974528,LA14,2009-11-04,12:20:00 PM,12:20:00,Hot-Dry,2009-11-04 12:20:00,11
15.89033305,-19.1974467,LA14,2009-11-04,12:40:00 PM,12:40:00,Hot-Dry,2009-11-04 12:40:00,11
15.89037984,-19.19745687,LA14,2009-11-04,01:00:00 PM,13:00:00,Hot-Dry,2009-11-04 13:00:00,11
15.89041036,-19.19739176,LA14,2009-11-04,01:20:00 PM,13:20:00,Hot-Dry,2009-11-04 13:20:00,11
15.89050293,-19.19692586,LA14,2009-11-04,01:40:00 PM,13:40:00,Hot-Dry,2009-11-04 13:40:00,11
15.89088949,-19.19698079,LA14,2009-11-04,02:00:00 PM,14:00:00,Hot-Dry,2009-11-04 14:00:00,11
15.89128621,-19.19718424,LA14,2009-11-04,02:20:00 PM,14:20:00,Hot-Dry,2009-11-04 14:20:00,11
15.89125977,-19.19720052,LA14,2009-11-04,02:40:00 PM,14:40:00,Hot-Dry,2009-11-04 14:40:00,11
15.89127502,-19.19721069,LA14,2009-11-04,03:00:00 PM,15:00:00,Hot-Dry,2009-11-04 15:00:00,11
15.8929362,-19.19656169,LA14,2009-11-04,03:20:00 PM,15:20:00,Hot-Dry,2009-11-04 15:20:00,11
15.89646912,-19.19474691,LA14,2009-11-04,03:40:00 PM,15:40:00,Hot-Dry,2009-11-04 15:40:00,11
15.89770304,-19.19359334,LA14,2009-11-04,04:00:00 PM,16:00:00,Hot-Dry,2009-11-04 16:00:00,11
15.89973958,-19.19226685,LA14,2009-11-04,04:20:00 PM,16:20:00,Hot-Dry,2009-11-04 16:20:00,11
15.90472717,-19.18529867,LA14,2009-11-04,04:40:00 PM,16:40:00,Hot-Dry,2009-11-04 16:40:00,11
15.91564636,-19.18115234,LA14,2009-11-04,05:00:00 PM,17:00:00,Hot-Dry,2009-11-04 17:00:00,11
15.91390889,-19.17902832,LA14,2009-11-04,05:20:00 PM,17:20:00,Hot-Dry,2009-11-04 17:20:00,11
15.90637716,-19.17640991,LA14,2009-11-04,05:40:00 PM,17:40:00,Hot-Dry,2009-11-04 17:40:00,11
15.89751892,-19.17471313,LA14,2009-11-04,06:00:00 PM,18:00:00,Hot-Dry,2009-11-04 18:00:00,11
15.89147237,-19.17045695,LA14,2009-11-04,06:20:00 PM,18:20:00,Hot-Dry,2009-11-04 18:20:00,11
15.88890076,-19.1695638,LA14,2009-11-04,06:40:00 PM,18:40:00,Hot-Dry,2009-11-04 18:40:00,11
15.88223674,-19.16906738,LA14,2009-11-04,07:00:00 PM,19:00:00,Hot-Dry,2009-11-04 19:00:00,11
15.87217509,-19.16544596,LA14,2009-11-04,07:20:00 PM,19:20:00,Hot-Dry,2009-11-04 19:20:00,11
15.86205444,-19.16245524,LA14,2009-11-04,07:40:00 PM,19:40:00,Hot-Dry,2009-11-04 19:40:00,11
15.85397441,-19.15973511,LA14,2009-11-04,08:00:00 PM,20:00:00,Hot-Dry,2009-11-04 20:00:00,11
15.84590861,-19.15825399,LA14,2009-11-04,08:20:00 PM,20:20:00,Hot-Dry,2009-11-04 20:20:00,11
15.83796895,-19.1574585,LA14,2009-11-04,08:40:00 PM,20:40:00,Hot-Dry,2009-11-04 20:40:00,11
15.83152364,-19.15715332,LA14,2009-11-04,09:00:00 PM,21:00:00,Hot-Dry,2009-11-04 21:00:00,11
15.82893982,-19.15903117,LA14,2009-11-04,09:20:00 PM,21:20:00,Hot-Dry,2009-11-04 21:20:00,11
15.82491048,-19.15898641,LA14,2009-11-04,09:40:00 PM,21:40:00,Hot-Dry,2009-11-04 21:40:00,11
15.82185567,-19.1591512,LA14,2009-11-04,10:00:00 PM,22:00:00,Hot-Dry,2009-11-04 22:00:00,11
15.82143148,-19.15912069,LA14,2009-11-04,10:20:00 PM,22:20:00,Hot-Dry,2009-11-04 22:20:00,11
15.82022502,-19.16005249,LA14,2009-11-04,10:40:00 PM,22:40:00,Hot-Dry,2009-11-04 22:40:00,11
15.8177887,-19.15846151,LA14,2009-11-04,11:00:00 PM,23:00:00,Hot-Dry,2009-11-04 23:00:00,11
15.81490987,-19.15545044,LA14,2009-11-04,11:20:00 PM,23:20:00,Hot-Dry,2009-11-04 23:20:00,11
15.80814311,-19.15217489,LA14,2009-11-04,11:40:00 PM,23:40:00,Hot-Dry,2009-11-04 23:40:00,11
15.80281067,-19.15251465,LA14,2009-11-05,12:00:00 AM,00:00:00,Hot-Dry,2009-11-05 00:00:00,11
15.80069885,-19.15488892,LA14,2009-11-05,12:20:00 AM,00:20:00,Hot-Dry,2009-11-05 00:20:00,11
15.79811096,-19.15724284,LA14,2009-11-05,12:40:00 AM,00:40:00,Hot-Dry,2009-11-05 00:40:00,11
15.79216003,-19.16191406,LA14,2009-11-05,01:00:00 AM,01:00:00,Hot-Dry,2009-11-05 01:00:00,11
15.78751831,-19.16786499,LA14,2009-11-05,01:20:00 AM,01:20:00,Hot-Dry,2009-11-05 01:20:00,11
15.78420003,-19.17468872,LA14,2009-11-05,01:40:00 AM,01:40:00,Hot-Dry,2009-11-05 01:40:00,11
15.78035482,-19.18278605,LA14,2009-11-05,02:00:00 AM,02:00:00,Hot-Dry,2009-11-05 02:00:00,11
15.77840271,-19.18850505,LA14,2009-11-05,02:20:00 AM,02:20:00,Hot-Dry,2009-11-05 02:20:00,11
15.77645365,-19.19235229,LA14,2009-11-05,02:40:00 AM,02:40:00,Hot-Dry,2009-11-05 02:40:00,11
15.77510173,-19.19512126,LA14,2009-11-05,03:00:00 AM,03:00:00,Hot-Dry,2009-11-05 03:00:00,11
15.77364095,-19.19937541,LA14,2009-11-05,03:20:00 AM,03:20:00,Hot-Dry,2009-11-05 03:20:00,11
15.77186076,-19.20313314,LA14,2009-11-05,03:40:00 AM,03:40:00,Hot-Dry,2009-11-05 03:40:00,11
15.77296549,-19.20791829,LA14,2009-11-05,04:00:00 AM,04:00:00,Hot-Dry,2009-11-05 04:00:00,11
15.77433167,-19.21289876,LA14,2009-11-05,04:20:00 AM,04:20:00,Hot-Dry,2009-11-05 04:20:00,11
15.77664693,-19.21638184,LA14,2009-11-05,04:40:00 AM,04:40:00,Hot-Dry,2009-11-05 04:40:00,11
15.78342082,-19.21710409,LA14,2009-11-05,05:00:00 AM,05:00:00,Hot-Dry,2009-11-05 05:00:00,11
15.7859436,-19.21805623,LA14,2009-11-05,05:20:00 AM,05:20:00,Hot-Dry,2009-11-05 05:20:00,11
15.78500977,-19.21892293,LA14,2009-11-05,05:40:00 AM,05:40:00,Hot-Dry,2009-11-05 05:40:00,11
15.78421529,-19.21680094,LA14,2009-11-05,06:00:00 AM,06:00:00,Hot-Dry,2009-11-05 06:00:00,11
15.78420512,-19.21679891,LA14,2009-11-05,06:20:00 AM,06:20:00,Hot-Dry,2009-11-05 06:20:00,11
15.7836436,-19.21653849,LA14,2009-11-05,06:40:00 AM,06:40:00,Hot-Dry,2009-11-05 06:40:00,11
15.78232015,-19.21540934,LA14,2009-11-05,07:00:00 AM,07:00:00,Hot-Dry,2009-11-05 07:00:00,11
15.78691101,-19.21373698,LA14,2009-11-05,07:20:00 AM,07:20:00,Hot-Dry,2009-11-05 07:20:00,11
15.78889771,-19.21304728,LA14,2009-11-05,07:40:00 AM,07:40:00,Hot-Dry,2009-11-05 07:40:00,11
15.78898112,-19.21298218,LA14,2009-11-05,08:00:00 AM,08:00:00,Hot-Dry,2009-11-05 08:00:00,11
15.79213155,-19.21234538,LA14,2009-11-05,08:20:00 AM,08:20:00,Hot-Dry,2009-11-05 08:20:00,11
15.79213562,-19.21234131,LA14,2009-11-05,08:40:00 AM,08:40:00,Hot-Dry,2009-11-05 08:40:00,11
15.79212748,-19.21234741,LA14,2009-11-05,09:00:00 AM,09:00:00,Hot-Dry,2009-11-05 09:00:00,11
15.79212748,-19.21236369,LA14,2009-11-05,09:20:00 AM,09:20:00,Hot-Dry,2009-11-05 09:20:00,11
15.79211324,-19.21233724,LA14,2009-11-05,09:40:00 AM,09:40:00,Hot-Dry,2009-11-05 09:40:00,11
15.79212138,-19.21234334,LA14,2009-11-05,10:00:00 AM,10:00:00,Hot-Dry,2009-11-05 10:00:00,11
15.79212646,-19.21233521,LA14,2009-11-05,10:20:00 AM,10:20:00,Hot-Dry,2009-11-05 10:20:00,11
15.79215902,-19.2123291,LA14,2009-11-05,10:40:00 AM,10:40:00,Hot-Dry,2009-11-05 10:40:00,11
15.79237264,-19.21234334,LA14,2009-11-05,11:00:00 AM,11:00:00,Hot-Dry,2009-11-05 11:00:00,11
15.792276,-19.21210327,LA14,2009-11-05,11:20:00 AM,11:20:00,Hot-Dry,2009-11-05 11:20:00,11
15.79227091,-19.21211548,LA14,2009-11-05,11:40:00 AM,11:40:00,Hot-Dry,2009-11-05 11:40:00,11
15.79198507,-19.21198527,LA14,2009-11-05,12:00:00 PM,12:00:00,Hot-Dry,2009-11-05 12:00:00,11
15.79209493,-19.21171875,LA14,2009-11-05,12:20:00 PM,12:20:00,Hot-Dry,2009-11-05 12:20:00,11
15.79209595,-19.21174723,LA14,2009-11-05,12:40:00 PM,12:40:00,Hot-Dry,2009-11-05 12:40:00,11
15.79213664,-19.21174316,LA14,2009-11-05,01:00:00 PM,13:00:00,Hot-Dry,2009-11-05 13:00:00,11
15.79196167,-19.21201782,LA14,2009-11-05,01:20:00 PM,13:20:00,Hot-Dry,2009-11-05 13:20:00,11
15.79200541,-19.21199748,LA14,2009-11-05,01:40:00 PM,13:40:00,Hot-Dry,2009-11-05 13:40:00,11
15.79218445,-19.21175537,LA14,2009-11-05,02:00:00 PM,14:00:00,Hot-Dry,2009-11-05 14:00:00,11
15.79216817,-19.21174316,LA14,2009-11-05,02:20:00 PM,14:20:00,Hot-Dry,2009-11-05 14:20:00,11
15.79381409,-19.21199748,LA14,2009-11-05,02:40:00 PM,14:40:00,Hot-Dry,2009-11-05 14:40:00,11
15.79717204,-19.21206258,LA14,2009-11-05,03:00:00 PM,15:00:00,Hot-Dry,2009-11-05 15:00:00,11
15.80110881,-19.21007284,LA14,2009-11-05,03:20:00 PM,15:20:00,Hot-Dry,2009-11-05 15:20:00,11
15.80420431,-19.20907796,LA14,2009-11-05,03:40:00 PM,15:40:00,Hot-Dry,2009-11-05 15:40:00,11
15.80735067,-19.20666097,LA14,2009-11-05,04:00:00 PM,16:00:00,Hot-Dry,2009-11-05 16:00:00,11
15.81055094,-19.20447591,LA14,2009-11-05,04:20:00 PM,16:20:00,Hot-Dry,2009-11-05 16:20:00,11
15.81459045,-19.20287882,LA14,2009-11-05,04:40:00 PM,16:40:00,Hot-Dry,2009-11-05 16:40:00,11
15.81913656,-19.20220744,LA14,2009-11-05,05:00:00 PM,17:00:00,Hot-Dry,2009-11-05 17:00:00,11
15.82435811,-19.20116781,LA14,2009-11-05,05:20:00 PM,17:20:00,Hot-Dry,2009-11-05 17:20:00,11
15.83052063,-19.1978007,LA14,2009-11-05,05:40:00 PM,17:40:00,Hot-Dry,2009-11-05 17:40:00,11
15.83630778,-19.19503988,LA14,2009-11-05,06:00:00 PM,18:00:00,Hot-Dry,2009-11-05 18:00:00,11
15.84231873,-19.19007975,LA14,2009-11-05,06:20:00 PM,18:20:00,Hot-Dry,2009-11-05 18:20:00,11
15.84884542,-19.18645223,LA14,2009-11-05,06:40:00 PM,18:40:00,Hot-Dry,2009-11-05 18:40:00,11
15.85473633,-19.18422241,LA14,2009-11-05,07:00:00 PM,19:00:00,Hot-Dry,2009-11-05 19:00:00,11
15.86127828,-19.18329264,LA14,2009-11-05,07:20:00 PM,19:20:00,Hot-Dry,2009-11-05 19:20:00,11
15.86950989,-19.18108724,LA14,2009-11-05,07:40:00 PM,19:40:00,Hot-Dry,2009-11-05 19:40:00,11
15.88035177,-19.17956746,LA14,2009-11-05,08:00:00 PM,20:00:00,Hot-Dry,2009-11-05 20:00:00,11
15.89082438,-19.17909749,LA14,2009-11-05,08:20:00 PM,20:20:00,Hot-Dry,2009-11-05 20:20:00,11
15.89636536,-19.17817383,LA14,2009-11-05,08:40:00 PM,20:40:00,Hot-Dry,2009-11-05 20:40:00,11
15.90810242,-19.17843424,LA14,2009-11-05,09:00:00 PM,21:00:00,Hot-Dry,2009-11-05 21:00:00,11
15.91576843,-19.18118286,LA14,2009-11-05,09:20:00 PM,21:20:00,Hot-Dry,2009-11-05 21:20:00,11
15.91371053,-19.18208415,LA14,2009-11-05,09:40:00 PM,21:40:00,Hot-Dry,2009-11-05 21:40:00,11
15.90849915,-19.18447673,LA14,2009-11-05,10:00:00 PM,22:00:00,Hot-Dry,2009-11-05 22:00:00,11
15.90237834,-19.18839518,LA14,2009-11-05,10:20:00 PM,22:20:00,Hot-Dry,2009-11-05 22:20:00,11
15.89824524,-19.19194132,LA14,2009-11-05,10:40:00 PM,22:40:00,Hot-Dry,2009-11-05 22:40:00,11
15.89481506,-19.1962443,LA14,2009-11-05,11:00:00 PM,23:00:00,Hot-Dry,2009-11-05 23:00:00,11
15.89403585,-19.19978638,LA14,2009-11-05,11:20:00 PM,23:20:00,Hot-Dry,2009-11-05 23:20:00,11
15.89042969,-19.20332235,LA14,2009-11-05,11:40:00 PM,23:40:00,Hot-Dry,2009-11-05 23:40:00,11
15.88898112,-19.2063619,LA14,2009-11-06,12:00:00 AM,00:00:00,Hot-Dry,2009-11-06 00:00:00,11
15.88764445,-19.20716553,LA14,2009-11-06,12:20:00 AM,00:20:00,Hot-Dry,2009-11-06 00:20:00,11
15.88633728,-19.20962931,LA14,2009-11-06,12:40:00 AM,00:40:00,Hot-Dry,2009-11-06 00:40:00,11
15.88667806,-19.21045532,LA14,2009-11-06,01:00:00 AM,01:00:00,Hot-Dry,2009-11-06 01:00:00,11
15.88680929,-19.21128743,LA14,2009-11-06,01:20:00 AM,01:20:00,Hot-Dry,2009-11-06 01:20:00,11
15.88635966,-19.21228638,LA14,2009-11-06,01:40:00 AM,01:40:00,Hot-Dry,2009-11-06 01:40:00,11
15.88640951,-19.21234334,LA14,2009-11-06,02:00:00 AM,02:00:00,Hot-Dry,2009-11-06 02:00:00,11
15.88643392,-19.21228231,LA14,2009-11-06,02:20:00 AM,02:20:00,Hot-Dry,2009-11-06 02:20:00,11
15.88638713,-19.21230876,LA14,2009-11-06,02:40:00 AM,02:40:00,Hot-Dry,2009-11-06 02:40:00,11
15.88638611,-19.21230672,LA14,2009-11-06,03:00:00 AM,03:00:00,Hot-Dry,2009-11-06 03:00:00,11
15.8862854,-19.21252645,LA14,2009-11-06,03:20:00 AM,03:20:00,Hot-Dry,2009-11-06 03:20:00,11
15.88631083,-19.21253255,LA14,2009-11-06,03:40:00 AM,03:40:00,Hot-Dry,2009-11-06 03:40:00,11
15.8866038,-19.21301676,LA14,2009-11-06,04:00:00 AM,04:00:00,Hot-Dry,2009-11-06 04:00:00,11
15.88725382,-19.21217041,LA14,2009-11-06,04:20:00 AM,04:20:00,Hot-Dry,2009-11-06 04:20:00,11
15.88969014,-19.21114095,LA14,2009-11-06,04:40:00 AM,04:40:00,Hot-Dry,2009-11-06 04:40:00,11
15.89155884,-19.2110026,LA14,2009-11-06,05:00:00 AM,05:00:00,Hot-Dry,2009-11-06 05:00:00,11
15.89186096,-19.21203613,LA14,2009-11-06,05:20:00 AM,05:20:00,Hot-Dry,2009-11-06 05:20:00,11
15.8918925,-19.21234538,LA14,2009-11-06,05:40:00 AM,05:40:00,Hot-Dry,2009-11-06 05:40:00,11
15.8926768,-19.21171265,LA14,2009-11-06,06:00:00 AM,06:00:00,Hot-Dry,2009-11-06 06:00:00,11
15.89283651,-19.21156413,LA14,2009-11-06,06:20:00 AM,06:20:00,Hot-Dry,2009-11-06 06:20:00,11
15.89366353,-19.21046549,LA14,2009-11-06,06:40:00 AM,06:40:00,Hot-Dry,2009-11-06 06:40:00,11
15.89366557,-19.2104187,LA14,2009-11-06,07:00:00 AM,07:00:00,Hot-Dry,2009-11-06 07:00:00,11
15.89362691,-19.21009318,LA14,2009-11-06,07:20:00 AM,07:20:00,Hot-Dry,2009-11-06 07:20:00,11
15.8939443,-19.20975545,LA14,2009-11-06,07:40:00 AM,07:40:00,Hot-Dry,2009-11-06 07:40:00,11
15.89410909,-19.20950521,LA14,2009-11-06,08:00:00 AM,08:00:00,Hot-Dry,2009-11-06 08:00:00,11
15.89411214,-19.20951131,LA14,2009-11-06,08:20:00 AM,08:20:00,Hot-Dry,2009-11-06 08:20:00,11
15.89414775,-19.20944824,LA14,2009-11-06,08:40:00 AM,08:40:00,Hot-Dry,2009-11-06 08:40:00,11
15.89395752,-19.20915324,LA14,2009-11-06,09:00:00 AM,09:00:00,Hot-Dry,2009-11-06 09:00:00,11
15.89389242,-19.20880127,LA14,2009-11-06,09:20:00 AM,09:20:00,Hot-Dry,2009-11-06 09:20:00,11
15.89388021,-19.20881958,LA14,2009-11-06,09:40:00 AM,09:40:00,Hot-Dry,2009-11-06 09:40:00,11
15.89399923,-19.20881755,LA14,2009-11-06,10:00:00 AM,10:00:00,Hot-Dry,2009-11-06 10:00:00,11
15.89444682,-19.20909627,LA14,2009-11-06,10:20:00 AM,10:20:00,Hot-Dry,2009-11-06 10:20:00,11
15.89439697,-19.20909831,LA14,2009-11-06,10:40:00 AM,10:40:00,Hot-Dry,2009-11-06 10:40:00,11
15.89443359,-19.20912069,LA14,2009-11-06,11:00:00 AM,11:00:00,Hot-Dry,2009-11-06 11:00:00,11
15.89444682,-19.20907796,LA14,2009-11-06,11:20:00 AM,11:20:00,Hot-Dry,2009-11-06 11:20:00,11
15.89633484,-19.20828857,LA14,2009-11-06,11:40:00 AM,11:40:00,Hot-Dry,2009-11-06 11:40:00,11
15.89639079,-19.20797323,LA14,2009-11-06,12:00:00 PM,12:00:00,Hot-Dry,2009-11-06 12:00:00,11
15.89639486,-19.20796916,LA14,2009-11-06,12:20:00 PM,12:20:00,Hot-Dry,2009-11-06 12:20:00,11
15.89638977,-19.20798747,LA14,2009-11-06,12:40:00 PM,12:40:00,Hot-Dry,2009-11-06 12:40:00,11
15.89637349,-19.20799357,LA14,2009-11-06,01:00:00 PM,13:00:00,Hot-Dry,2009-11-06 13:00:00,11
15.89638265,-19.2079834,LA14,2009-11-06,01:20:00 PM,13:20:00,Hot-Dry,2009-11-06 13:20:00,11
15.89638163,-19.20796712,LA14,2009-11-06,01:40:00 PM,13:40:00,Hot-Dry,2009-11-06 13:40:00,11
15.89705709,-19.20798136,LA14,2009-11-06,02:00:00 PM,14:00:00,Hot-Dry,2009-11-06 14:00:00,11
15.89761963,-19.20735677,LA14,2009-11-06,02:20:00 PM,14:20:00,Hot-Dry,2009-11-06 14:20:00,11
15.89774068,-19.20642497,LA14,2009-11-06,02:40:00 PM,14:40:00,Hot-Dry,2009-11-06 14:40:00,11
15.89821777,-19.20563354,LA14,2009-11-06,03:00:00 PM,15:00:00,Hot-Dry,2009-11-06 15:00:00,11
15.89858398,-19.20545044,LA14,2009-11-06,03:20:00 PM,15:20:00,Hot-Dry,2009-11-06 15:20:00,11
15.89903361,-19.20445353,LA14,2009-11-06,03:40:00 PM,15:40:00,Hot-Dry,2009-11-06 15:40:00,11
15.89940287,-19.20336711,LA14,2009-11-06,04:00:00 PM,16:00:00,Hot-Dry,2009-11-06 16:00:00,11
15.90128377,-19.20112101,LA14,2009-11-06,04:20:00 PM,16:20:00,Hot-Dry,2009-11-06 16:20:00,11
15.90148214,-19.19812215,LA14,2009-11-06,04:40:00 PM,16:40:00,Hot-Dry,2009-11-06 16:40:00,11
15.90208944,-19.19662069,LA14,2009-11-06,05:00:00 PM,17:00:00,Hot-Dry,2009-11-06 17:00:00,11
15.90306396,-19.19176025,LA14,2009-11-06,05:20:00 PM,17:20:00,Hot-Dry,2009-11-06 17:20:00,11
15.90462036,-19.18550415,LA14,2009-11-06,05:40:00 PM,17:40:00,Hot-Dry,2009-11-06 17:40:00,11
15.91028035,-19.18199259,LA14,2009-11-06,06:00:00 PM,18:00:00,Hot-Dry,2009-11-06 18:00:00,11
15.9156545,-19.18083293,LA14,2009-11-06,06:20:00 PM,18:20:00,Hot-Dry,2009-11-06 18:20:00,11
15.91593119,-19.18079834,LA14,2009-11-06,06:40:00 PM,18:40:00,Hot-Dry,2009-11-06 18:40:00,11
15.91594238,-19.18090413,LA14,2009-11-06,07:00:00 PM,19:00:00,Hot-Dry,2009-11-06 19:00:00,11
15.9073822,-19.17832642,LA14,2009-11-06,07:20:00 PM,19:20:00,Hot-Dry,2009-11-06 19:20:00,11
15.90011088,-19.17603149,LA14,2009-11-06,07:40:00 PM,19:40:00,Hot-Dry,2009-11-06 19:40:00,11
15.89378357,-19.17565511,LA14,2009-11-06,08:00:00 PM,20:00:00,Hot-Dry,2009-11-06 20:00:00,11
15.89218852,-19.17694906,LA14,2009-11-06,08:20:00 PM,20:20:00,Hot-Dry,2009-11-06 20:20:00,11
15.89195964,-19.17769368,LA14,2009-11-06,08:40:00 PM,20:40:00,Hot-Dry,2009-11-06 20:40:00,11
15.8912852,-19.17784831,LA14,2009-11-06,09:00:00 PM,21:00:00,Hot-Dry,2009-11-06 21:00:00,11
15.89103495,-19.17859294,LA14,2009-11-06,09:20:00 PM,21:20:00,Hot-Dry,2009-11-06 21:20:00,11
15.89096883,-19.17907511,LA14,2009-11-06,09:40:00 PM,21:40:00,Hot-Dry,2009-11-06 21:40:00,11
15.89071248,-19.17913005,LA14,2009-11-06,10:00:00 PM,22:00:00,Hot-Dry,2009-11-06 22:00:00,11
15.89157613,-19.17967529,LA14,2009-11-06,10:20:00 PM,22:20:00,Hot-Dry,2009-11-06 22:20:00,11
15.8920461,-19.17817383,LA14,2009-11-06,10:40:00 PM,22:40:00,Hot-Dry,2009-11-06 22:40:00,11
15.89009399,-19.17577718,LA14,2009-11-06,11:00:00 PM,23:00:00,Hot-Dry,2009-11-06 23:00:00,11
15.88679301,-19.17944336,LA14,2009-11-06,11:20:00 PM,23:20:00,Hot-Dry,2009-11-06 23:20:00,11
15.88381246,-19.18348999,LA14,2009-11-06,11:40:00 PM,23:40:00,Hot-Dry,2009-11-06 23:40:00,11
15.88064575,-19.18948975,LA14,2009-11-07,12:00:00 AM,00:00:00,Hot-Dry,2009-11-07 00:00:00,11
15.8796224,-19.19091593,LA14,2009-11-07,12:20:00 AM,00:20:00,Hot-Dry,2009-11-07 00:20:00,11
15.87950643,-19.19329427,LA14,2009-11-07,12:40:00 AM,00:40:00,Hot-Dry,2009-11-07 00:40:00,11
15.87798258,-19.19730021,LA14,2009-11-07,01:00:00 AM,01:00:00,Hot-Dry,2009-11-07 01:00:00,11
15.87875977,-19.20217896,LA14,2009-11-07,01:20:00 AM,01:20:00,Hot-Dry,2009-11-07 01:20:00,11
15.87958883,-19.20506592,LA14,2009-11-07,01:40:00 AM,01:40:00,Hot-Dry,2009-11-07 01:40:00,11
15.88021037,-19.20598551,LA14,2009-11-07,02:00:00 AM,02:00:00,Hot-Dry,2009-11-07 02:00:00,11
15.8807902,-19.2066569,LA14,2009-11-07,02:20:00 AM,02:20:00,Hot-Dry,2009-11-07 02:20:00,11
15.88045654,-19.20711263,LA14,2009-11-07,02:40:00 AM,02:40:00,Hot-Dry,2009-11-07 02:40:00,11
15.88043213,-19.20712484,LA14,2009-11-07,03:00:00 AM,03:00:00,Hot-Dry,2009-11-07 03:00:00,11
15.88047791,-19.20713704,LA14,2009-11-07,03:20:00 AM,03:20:00,Hot-Dry,2009-11-07 03:20:00,11
15.88046163,-19.20711263,LA14,2009-11-07,03:40:00 AM,03:40:00,Hot-Dry,2009-11-07 03:40:00,11
15.88044942,-19.20711873,LA14,2009-11-07,04:00:00 AM,04:00:00,Hot-Dry,2009-11-07 04:00:00,11
15.8788859,-19.20771077,LA14,2009-11-07,04:20:00 AM,04:20:00,Hot-Dry,2009-11-07 04:20:00,11
15.87852376,-19.20759074,LA14,2009-11-07,04:40:00 AM,04:40:00,Hot-Dry,2009-11-07 04:40:00,11
15.87817179,-19.20765991,LA14,2009-11-07,05:00:00 AM,05:00:00,Hot-Dry,2009-11-07 05:00:00,11
15.87836202,-19.20787354,LA14,2009-11-07,05:20:00 AM,05:20:00,Hot-Dry,2009-11-07 05:20:00,11
15.8802297,-19.2090922,LA14,2009-11-07,05:40:00 AM,05:40:00,Hot-Dry,2009-11-07 05:40:00,11
15.88256429,-19.20943807,LA14,2009-11-07,06:00:00 AM,06:00:00,Hot-Dry,2009-11-07 06:00:00,11
15.88426921,-19.20947062,LA14,2009-11-07,06:20:00 AM,06:20:00,Hot-Dry,2009-11-07 06:20:00,11
15.88540344,-19.20831502,LA14,2009-11-07,06:40:00 AM,06:40:00,Hot-Dry,2009-11-07 06:40:00,11
15.88632813,-19.20703532,LA14,2009-11-07,07:00:00 AM,07:00:00,Hot-Dry,2009-11-07 07:00:00,11
15.88661296,-19.20675252,LA14,2009-11-07,07:20:00 AM,07:20:00,Hot-Dry,2009-11-07 07:20:00,11
15.88675944,-19.20637207,LA14,2009-11-07,07:40:00 AM,07:40:00,Hot-Dry,2009-11-07 07:40:00,11
15.88630066,-19.20617065,LA14,2009-11-07,08:00:00 AM,08:00:00,Hot-Dry,2009-11-07 08:00:00,11
15.88636169,-19.20589396,LA14,2009-11-07,08:20:00 AM,08:20:00,Hot-Dry,2009-11-07 08:20:00,11
15.88905131,-19.20432739,LA14,2009-11-07,08:40:00 AM,08:40:00,Hot-Dry,2009-11-07 08:40:00,11
15.88927816,-19.20439453,LA14,2009-11-07,09:00:00 AM,09:00:00,Hot-Dry,2009-11-07 09:00:00,11
15.88937581,-19.20439453,LA14,2009-11-07,09:20:00 AM,09:20:00,Hot-Dry,2009-11-07 09:20:00,11
15.88929036,-19.20441284,LA14,2009-11-07,09:40:00 AM,09:40:00,Hot-Dry,2009-11-07 09:40:00,11
15.88928935,-19.20441895,LA14,2009-11-07,10:00:00 AM,10:00:00,Hot-Dry,2009-11-07 10:00:00,11
15.88976034,-19.20387777,LA14,2009-11-07,10:20:00 AM,10:20:00,Hot-Dry,2009-11-07 10:20:00,11
15.89105123,-19.20316569,LA14,2009-11-07,10:40:00 AM,10:40:00,Hot-Dry,2009-11-07 10:40:00,11
15.89174194,-19.20264893,LA14,2009-11-07,11:00:00 AM,11:00:00,Hot-Dry,2009-11-07 11:00:00,11
15.89250895,-19.20248413,LA14,2009-11-07,11:20:00 AM,11:20:00,Hot-Dry,2009-11-07 11:20:00,11
15.89318034,-19.20186564,LA14,2009-11-07,11:40:00 AM,11:40:00,Hot-Dry,2009-11-07 11:40:00,11
15.89391174,-19.20159912,LA14,2009-11-07,12:00:00 PM,12:00:00,Hot-Dry,2009-11-07 12:00:00,11
15.89544779,-19.19899495,LA14,2009-11-07,12:20:00 PM,12:20:00,Hot-Dry,2009-11-07 12:20:00,11
15.89597575,-19.19788818,LA14,2009-11-07,12:40:00 PM,12:40:00,Hot-Dry,2009-11-07 12:40:00,11
15.8960144,-19.19787598,LA14,2009-11-07,01:00:00 PM,13:00:00,Hot-Dry,2009-11-07 13:00:00,11
15.89598796,-19.19787394,LA14,2009-11-07,01:20:00 PM,13:20:00,Hot-Dry,2009-11-07 13:20:00,11
15.8960022,-19.19786377,LA14,2009-11-07,01:40:00 PM,13:40:00,Hot-Dry,2009-11-07 13:40:00,11
15.89601542,-19.19786987,LA14,2009-11-07,02:00:00 PM,14:00:00,Hot-Dry,2009-11-07 14:00:00,11
15.89642639,-19.19753418,LA14,2009-11-07,02:20:00 PM,14:20:00,Hot-Dry,2009-11-07 14:20:00,11
15.89640299,-19.19752604,LA14,2009-11-07,02:40:00 PM,14:40:00,Hot-Dry,2009-11-07 14:40:00,11
15.89688822,-19.19686279,LA14,2009-11-07,03:00:00 PM,15:00:00,Hot-Dry,2009-11-07 15:00:00,11
15.89708862,-19.19592285,LA14,2009-11-07,03:20:00 PM,15:20:00,Hot-Dry,2009-11-07 15:20:00,11
15.89993388,-19.19319458,LA14,2009-11-07,03:40:00 PM,15:40:00,Hot-Dry,2009-11-07 15:40:00,11
15.90218201,-19.18910319,LA14,2009-11-07,04:00:00 PM,16:00:00,Hot-Dry,2009-11-07 16:00:00,11
15.90865784,-19.18255208,LA14,2009-11-07,04:20:00 PM,16:20:00,Hot-Dry,2009-11-07 16:20:00,11
15.91453145,-19.17994181,LA14,2009-11-07,04:40:00 PM,16:40:00,Hot-Dry,2009-11-07 16:40:00,11
15.90445455,-19.17588094,LA14,2009-11-07,05:00:00 PM,17:00:00,Hot-Dry,2009-11-07 17:00:00,11
15.89228719,-19.17608643,LA14,2009-11-07,05:20:00 PM,17:20:00,Hot-Dry,2009-11-07 17:20:00,11
15.88326518,-19.17391154,LA14,2009-11-07,05:40:00 PM,17:40:00,Hot-Dry,2009-11-07 17:40:00,11
15.87094523,-19.1762736,LA14,2009-11-07,06:00:00 PM,18:00:00,Hot-Dry,2009-11-07 18:00:00,11
15.85791117,-19.17455037,LA14,2009-11-07,06:20:00 PM,18:20:00,Hot-Dry,2009-11-07 18:20:00,11
15.84677226,-19.17035116,LA14,2009-11-07,06:40:00 PM,18:40:00,Hot-Dry,2009-11-07 18:40:00,11
15.83626506,-19.16604818,LA14,2009-11-07,07:00:00 PM,19:00:00,Hot-Dry,2009-11-07 19:00:00,11
15.82673848,-19.16365153,LA14,2009-11-07,07:20:00 PM,19:20:00,Hot-Dry,2009-11-07 19:20:00,11
15.82050578,-19.15981649,LA14,2009-11-07,07:40:00 PM,19:40:00,Hot-Dry,2009-11-07 19:40:00,11
15.81579895,-19.15814412,LA14,2009-11-07,08:00:00 PM,20:00:00,Hot-Dry,2009-11-07 20:00:00,11
15.80633443,-19.15766602,LA14,2009-11-07,08:20:00 PM,20:20:00,Hot-Dry,2009-11-07 20:20:00,11
15.80010478,-19.1576355,LA14,2009-11-07,08:40:00 PM,20:40:00,Hot-Dry,2009-11-07 20:40:00,11
15.79621175,-19.15522664,LA14,2009-11-07,09:00:00 PM,21:00:00,Hot-Dry,2009-11-07 21:00:00,11
15.79207967,-19.15288493,LA14,2009-11-07,09:20:00 PM,21:20:00,Hot-Dry,2009-11-07 21:20:00,11
15.78550212,-19.14960124,LA14,2009-11-07,09:40:00 PM,21:40:00,Hot-Dry,2009-11-07 21:40:00,11
15.78307088,-19.1485494,LA14,2009-11-07,10:00:00 PM,22:00:00,Hot-Dry,2009-11-07 22:00:00,11
15.7808431,-19.14862264,LA14,2009-11-07,10:20:00 PM,22:20:00,Hot-Dry,2009-11-07 22:20:00,11
15.77925008,-19.15018107,LA14,2009-11-07,10:40:00 PM,22:40:00,Hot-Dry,2009-11-07 22:40:00,11
15.77708842,-19.1492391,LA14,2009-11-07,11:00:00 PM,23:00:00,Hot-Dry,2009-11-07 23:00:00,11
15.76608785,-19.14656779,LA14,2009-11-07,11:20:00 PM,23:20:00,Hot-Dry,2009-11-07 23:20:00,11
15.75676575,-19.14406738,LA14,2009-11-07,11:40:00 PM,23:40:00,Hot-Dry,2009-11-07 23:40:00,11
15.74517924,-19.14382121,LA14,2009-11-08,12:00:00 AM,00:00:00,Hot-Dry,2009-11-08 00:00:00,11
15.73450114,-19.14085083,LA14,2009-11-08,12:20:00 AM,00:20:00,Hot-Dry,2009-11-08 00:20:00,11
15.72236532,-19.13763224,LA14,2009-11-08,12:40:00 AM,00:40:00,Hot-Dry,2009-11-08 00:40:00,11
15.71277669,-19.13140259,LA14,2009-11-08,01:00:00 AM,01:00:00,Hot-Dry,2009-11-08 01:00:00,11
15.7022644,-19.1262207,LA14,2009-11-08,01:20:00 AM,01:20:00,Hot-Dry,2009-11-08 01:20:00,11
15.69254049,-19.1213562,LA14,2009-11-08,01:40:00 AM,01:40:00,Hot-Dry,2009-11-08 01:40:00,11
15.68053691,-19.12172648,LA14,2009-11-08,02:00:00 AM,02:00:00,Hot-Dry,2009-11-08 02:00:00,11
15.67147217,-19.12417196,LA14,2009-11-08,02:20:00 AM,02:20:00,Hot-Dry,2009-11-08 02:20:00,11
15.659434,-19.12368571,LA14,2009-11-08,02:40:00 AM,02:40:00,Hot-Dry,2009-11-08 02:40:00,11
15.65006104,-19.11955566,LA14,2009-11-08,03:00:00 AM,03:00:00,Hot-Dry,2009-11-08 03:00:00,11
15.64139709,-19.11168213,LA14,2009-11-08,03:20:00 AM,03:20:00,Hot-Dry,2009-11-08 03:20:00,11
15.63043518,-19.09995321,LA14,2009-11-08,03:40:00 AM,03:40:00,Hot-Dry,2009-11-08 03:40:00,11
15.62030945,-19.08389689,LA14,2009-11-08,04:00:00 AM,04:00:00,Hot-Dry,2009-11-08 04:00:00,11
15.60870565,-19.0642863,LA14,2009-11-08,04:20:00 AM,04:20:00,Hot-Dry,2009-11-08 04:20:00,11
15.59819336,-19.04667765,LA14,2009-11-08,04:40:00 AM,04:40:00,Hot-Dry,2009-11-08 04:40:00,11
15.58805339,-19.03727214,LA14,2009-11-08,05:00:00 AM,05:00:00,Hot-Dry,2009-11-08 05:00:00,11
15.57950541,-19.0315918,LA14,2009-11-08,05:20:00 AM,05:20:00,Hot-Dry,2009-11-08 05:20:00,11
15.57211711,-19.02610067,LA14,2009-11-08,05:40:00 AM,05:40:00,Hot-Dry,2009-11-08 05:40:00,11
15.56546936,-19.02116089,LA14,2009-11-08,06:00:00 AM,06:00:00,Hot-Dry,2009-11-08 06:00:00,11
15.55972799,-19.0175354,LA14,2009-11-08,06:20:00 AM,06:20:00,Hot-Dry,2009-11-08 06:20:00,11
15.55832113,-19.01329142,LA14,2009-11-08,06:40:00 AM,06:40:00,Hot-Dry,2009-11-08 06:40:00,11
15.5567393,-19.00931193,LA14,2009-11-08,07:00:00 AM,07:00:00,Hot-Dry,2009-11-08 07:00:00,11
15.55762024,-19.00552165,LA14,2009-11-08,07:20:00 AM,07:20:00,Hot-Dry,2009-11-08 07:20:00,11
15.55761515,-19.00551758,LA14,2009-11-08,07:40:00 AM,07:40:00,Hot-Dry,2009-11-08 07:40:00,11
15.55762431,-19.00550334,LA14,2009-11-08,08:00:00 AM,08:00:00,Hot-Dry,2009-11-08 08:00:00,11
15.55760295,-19.00552368,LA14,2009-11-08,08:20:00 AM,08:20:00,Hot-Dry,2009-11-08 08:20:00,11
15.55759786,-19.00551554,LA14,2009-11-08,08:40:00 AM,08:40:00,Hot-Dry,2009-11-08 08:40:00,11
15.55747681,-19.00373535,LA14,2009-11-08,09:00:00 AM,09:00:00,Hot-Dry,2009-11-08 09:00:00,11
15.55175578,-18.99859823,LA14,2009-11-08,09:20:00 AM,09:20:00,Hot-Dry,2009-11-08 09:20:00,11
15.54761759,-18.99738973,LA14,2009-11-08,09:40:00 AM,09:40:00,Hot-Dry,2009-11-08 09:40:00,11
15.54305725,-18.9960022,LA14,2009-11-08,10:00:00 AM,10:00:00,Hot-Dry,2009-11-08 10:00:00,11
15.54058126,-18.99345093,LA14,2009-11-08,10:20:00 AM,10:20:00,Hot-Dry,2009-11-08 10:20:00,11
15.53978373,-18.99396973,LA14,2009-11-08,10:40:00 AM,10:40:00,Hot-Dry,2009-11-08 10:40:00,11
15.53979085,-18.99396566,LA14,2009-11-08,11:00:00 AM,11:00:00,Hot-Dry,2009-11-08 11:00:00,11
15.53979085,-18.99397583,LA14,2009-11-08,11:20:00 AM,11:20:00,Hot-Dry,2009-11-08 11:20:00,11
15.53980815,-18.99395549,LA14,2009-11-08,11:40:00 AM,11:40:00,Hot-Dry,2009-11-08 11:40:00,11
15.53980815,-18.99395752,LA14,2009-11-08,12:00:00 PM,12:00:00,Hot-Dry,2009-11-08 12:00:00,11
15.53982137,-18.99396566,LA14,2009-11-08,12:20:00 PM,12:20:00,Hot-Dry,2009-11-08 12:20:00,11
15.53956706,-18.9940389,LA14,2009-11-08,12:40:00 PM,12:40:00,Hot-Dry,2009-11-08 12:40:00,11
15.5375356,-18.99349772,LA14,2009-11-08,01:00:00 PM,13:00:00,Hot-Dry,2009-11-08 13:00:00,11
15.53753967,-18.99354858,LA14,2009-11-08,01:20:00 PM,13:20:00,Hot-Dry,2009-11-08 13:20:00,11
15.53755493,-18.99353841,LA14,2009-11-08,01:40:00 PM,13:40:00,Hot-Dry,2009-11-08 13:40:00,11
15.53763326,-18.99331258,LA14,2009-11-08,02:00:00 PM,14:00:00,Hot-Dry,2009-11-08 14:00:00,11
15.53757935,-18.99343465,LA14,2009-11-08,02:20:00 PM,14:20:00,Hot-Dry,2009-11-08 14:20:00,11
15.53759562,-18.99347331,LA14,2009-11-08,02:40:00 PM,14:40:00,Hot-Dry,2009-11-08 14:40:00,11
15.53618978,-18.99397583,LA14,2009-11-08,03:00:00 PM,15:00:00,Hot-Dry,2009-11-08 15:00:00,11
15.53582458,-18.99550985,LA14,2009-11-08,03:20:00 PM,15:20:00,Hot-Dry,2009-11-08 15:20:00,11
15.53482564,-18.99545288,LA14,2009-11-08,03:40:00 PM,15:40:00,Hot-Dry,2009-11-08 15:40:00,11
15.53684591,-18.99200439,LA14,2009-11-08,04:00:00 PM,16:00:00,Hot-Dry,2009-11-08 16:00:00,11
15.53882548,-18.98487142,LA14,2009-11-08,04:20:00 PM,16:20:00,Hot-Dry,2009-11-08 16:20:00,11
15.5335734,-18.97423096,LA14,2009-11-08,04:40:00 PM,16:40:00,Hot-Dry,2009-11-08 16:40:00,11
15.52220357,-18.97080688,LA14,2009-11-08,05:00:00 PM,17:00:00,Hot-Dry,2009-11-08 17:00:00,11
15.50731913,-18.97242635,LA14,2009-11-08,05:20:00 PM,17:20:00,Hot-Dry,2009-11-08 17:20:00,11
15.50389201,-18.97651164,LA14,2009-11-08,05:40:00 PM,17:40:00,Hot-Dry,2009-11-08 17:40:00,11
15.50412089,-18.9761027,LA14,2009-11-08,06:00:00 PM,18:00:00,Hot-Dry,2009-11-08 18:00:00,11
15.50430705,-18.97514852,LA14,2009-11-08,06:20:00 PM,18:20:00,Hot-Dry,2009-11-08 18:20:00,11
15.50472616,-18.97304891,LA14,2009-11-08,06:40:00 PM,18:40:00,Hot-Dry,2009-11-08 18:40:00,11
15.50504964,-18.97232666,LA14,2009-11-08,07:00:00 PM,19:00:00,Hot-Dry,2009-11-08 19:00:00,11
15.50586141,-18.96704712,LA14,2009-11-08,07:20:00 PM,19:20:00,Hot-Dry,2009-11-08 19:20:00,11
15.50917257,-18.9566508,LA14,2009-11-08,07:40:00 PM,19:40:00,Hot-Dry,2009-11-08 19:40:00,11
15.51329549,-18.94790649,LA14,2009-11-08,08:00:00 PM,20:00:00,Hot-Dry,2009-11-08 20:00:00,11
15.51484884,-18.94462484,LA14,2009-11-08,08:20:00 PM,20:20:00,Hot-Dry,2009-11-08 20:20:00,11
15.51841838,-18.93829956,LA14,2009-11-08,08:40:00 PM,20:40:00,Hot-Dry,2009-11-08 20:40:00,11
15.52061666,-18.93406576,LA14,2009-11-08,09:00:00 PM,21:00:00,Hot-Dry,2009-11-08 21:00:00,11
15.52433065,-18.93064372,LA14,2009-11-08,09:20:00 PM,21:20:00,Hot-Dry,2009-11-08 21:20:00,11
15.52922567,-18.92460734,LA14,2009-11-08,09:40:00 PM,21:40:00,Hot-Dry,2009-11-08 21:40:00,11
15.53432414,-18.91644491,LA14,2009-11-08,10:00:00 PM,22:00:00,Hot-Dry,2009-11-08 22:00:00,11
15.53822225,-18.91042684,LA14,2009-11-08,10:20:00 PM,22:20:00,Hot-Dry,2009-11-08 22:20:00,11
15.54161886,-18.9036438,LA14,2009-11-08,10:40:00 PM,22:40:00,Hot-Dry,2009-11-08 22:40:00,11
15.5474884,-18.89587199,LA14,2009-11-08,11:00:00 PM,23:00:00,Hot-Dry,2009-11-08 23:00:00,11
15.55338847,-18.88924154,LA14,2009-11-08,11:20:00 PM,23:20:00,Hot-Dry,2009-11-08 23:20:00,11
15.56053467,-18.88146362,LA14,2009-11-08,11:40:00 PM,23:40:00,Hot-Dry,2009-11-08 23:40:00,11
15.56501261,-18.87570394,LA14,2009-11-09,12:00:00 AM,00:00:00,Hot-Dry,2009-11-09 00:00:00,11
15.57045186,-18.86860758,LA14,2009-11-09,12:20:00 AM,00:20:00,Hot-Dry,2009-11-09 00:20:00,11
15.57460327,-18.86251221,LA14,2009-11-09,12:40:00 AM,00:40:00,Hot-Dry,2009-11-09 00:40:00,11
15.57992554,-18.85714925,LA14,2009-11-09,01:00:00 AM,01:00:00,Hot-Dry,2009-11-09 01:00:00,11
15.58552043,-18.84770101,LA14,2009-11-09,01:20:00 AM,01:20:00,Hot-Dry,2009-11-09 01:20:00,11
15.59265238,-18.83677165,LA14,2009-11-09,01:40:00 AM,01:40:00,Hot-Dry,2009-11-09 01:40:00,11
15.60093689,-18.82596232,LA14,2009-11-09,02:00:00 AM,02:00:00,Hot-Dry,2009-11-09 02:00:00,11
15.60634359,-18.81666667,LA14,2009-11-09,02:20:00 AM,02:20:00,Hot-Dry,2009-11-09 02:20:00,11
15.61147664,-18.80325317,LA14,2009-11-09,02:40:00 AM,02:40:00,Hot-Dry,2009-11-09 02:40:00,11
15.61712748,-18.78956299,LA14,2009-11-09,03:00:00 AM,03:00:00,Hot-Dry,2009-11-09 03:00:00,11
15.61949056,-18.78449707,LA14,2009-11-09,03:20:00 AM,03:20:00,Hot-Dry,2009-11-09 03:20:00,11
15.62400208,-18.77617798,LA14,2009-11-09,03:40:00 AM,03:40:00,Hot-Dry,2009-11-09 03:40:00,11
15.63083801,-18.76875,LA14,2009-11-09,04:00:00 AM,04:00:00,Hot-Dry,2009-11-09 04:00:00,11
15.64049174,-18.75790609,LA14,2009-11-09,04:20:00 AM,04:20:00,Hot-Dry,2009-11-09 04:20:00,11
15.64901937,-18.7456604,LA14,2009-11-09,04:40:00 AM,04:40:00,Hot-Dry,2009-11-09 04:40:00,11
15.65525309,-18.73708089,LA14,2009-11-09,05:00:00 AM,05:00:00,Hot-Dry,2009-11-09 05:00:00,11
15.65535889,-18.72986654,LA14,2009-11-09,05:20:00 AM,05:20:00,Hot-Dry,2009-11-09 05:20:00,11
15.66331685,-18.72614339,LA14,2009-11-09,05:40:00 AM,05:40:00,Hot-Dry,2009-11-09 05:40:00,11
15.67469177,-18.72329508,LA14,2009-11-09,06:00:00 AM,06:00:00,Hot-Dry,2009-11-09 06:00:00,11
15.68379924,-18.72039591,LA14,2009-11-09,06:20:00 AM,06:20:00,Hot-Dry,2009-11-09 06:20:00,11
15.68486226,-18.72337646,LA14,2009-11-09,06:40:00 AM,06:40:00,Hot-Dry,2009-11-09 06:40:00,11
15.68664653,-18.71822713,LA14,2009-11-09,07:00:00 AM,07:00:00,Hot-Dry,2009-11-09 07:00:00,11
15.68945007,-18.71630046,LA14,2009-11-09,07:20:00 AM,07:20:00,Hot-Dry,2009-11-09 07:20:00,11
15.69232178,-18.71599121,LA14,2009-11-09,07:40:00 AM,07:40:00,Hot-Dry,2009-11-09 07:40:00,11
15.6942098,-18.71577962,LA14,2009-11-09,08:00:00 AM,08:00:00,Hot-Dry,2009-11-09 08:00:00,11
15.69474386,-18.71607259,LA14,2009-11-09,08:20:00 AM,08:20:00,Hot-Dry,2009-11-09 08:20:00,11
15.69556783,-18.71566772,LA14,2009-11-09,08:40:00 AM,08:40:00,Hot-Dry,2009-11-09 08:40:00,11
15.69557902,-18.71584473,LA14,2009-11-09,09:00:00 AM,09:00:00,Hot-Dry,2009-11-09 09:00:00,11
15.69556071,-18.71575521,LA14,2009-11-09,09:20:00 AM,09:20:00,Hot-Dry,2009-11-09 09:20:00,11
15.69559835,-18.71572876,LA14,2009-11-09,09:40:00 AM,09:40:00,Hot-Dry,2009-11-09 09:40:00,11
15.69560242,-18.7157491,LA14,2009-11-09,10:00:00 AM,10:00:00,Hot-Dry,2009-11-09 10:00:00,11
15.69561056,-18.71566772,LA14,2009-11-09,10:20:00 AM,10:20:00,Hot-Dry,2009-11-09 10:20:00,11
15.69559631,-18.71565755,LA14,2009-11-09,10:40:00 AM,10:40:00,Hot-Dry,2009-11-09 10:40:00,11
15.69558105,-18.71571248,LA14,2009-11-09,11:00:00 AM,11:00:00,Hot-Dry,2009-11-09 11:00:00,11
15.69555562,-18.71576335,LA14,2009-11-09,11:20:00 AM,11:20:00,Hot-Dry,2009-11-09 11:20:00,11
15.69419149,-18.71671549,LA14,2009-11-09,11:40:00 AM,11:40:00,Hot-Dry,2009-11-09 11:40:00,11
15.69418132,-18.71671753,LA14,2009-11-09,12:00:00 PM,12:00:00,Hot-Dry,2009-11-09 12:00:00,11
15.69418132,-18.71742554,LA14,2009-11-09,12:20:00 PM,12:20:00,Hot-Dry,2009-11-09 12:20:00,11
15.69415995,-18.71738281,LA14,2009-11-09,12:40:00 PM,12:40:00,Hot-Dry,2009-11-09 12:40:00,11
15.69375916,-18.71832479,LA14,2009-11-09,01:00:00 PM,13:00:00,Hot-Dry,2009-11-09 13:00:00,11
15.69300639,-18.72064006,LA14,2009-11-09,01:20:00 PM,13:20:00,Hot-Dry,2009-11-09 13:20:00,11
15.69359029,-18.72202352,LA14,2009-11-09,01:40:00 PM,13:40:00,Hot-Dry,2009-11-09 13:40:00,11
15.69002787,-18.72310384,LA14,2009-11-09,02:00:00 PM,14:00:00,Hot-Dry,2009-11-09 14:00:00,11
15.68261922,-18.72437337,LA14,2009-11-09,02:20:00 PM,14:20:00,Hot-Dry,2009-11-09 14:20:00,11
15.67747091,-18.73016764,LA14,2009-11-09,02:40:00 PM,14:40:00,Hot-Dry,2009-11-09 14:40:00,11
15.67090861,-18.73290609,LA14,2009-11-09,03:00:00 PM,15:00:00,Hot-Dry,2009-11-09 15:00:00,11
15.66775004,-18.73431193,LA14,2009-11-09,03:20:00 PM,15:20:00,Hot-Dry,2009-11-09 15:20:00,11
15.66298319,-18.73846639,LA14,2009-11-09,03:40:00 PM,15:40:00,Hot-Dry,2009-11-09 15:40:00,11
15.66083374,-18.74225667,LA14,2009-11-09,04:00:00 PM,16:00:00,Hot-Dry,2009-11-09 16:00:00,11
15.65794881,-18.74882813,LA14,2009-11-09,04:20:00 PM,16:20:00,Hot-Dry,2009-11-09 16:20:00,11
15.65162862,-18.75269572,LA14,2009-11-09,04:40:00 PM,16:40:00,Hot-Dry,2009-11-09 16:40:00,11
15.64884542,-18.7578715,LA14,2009-11-09,05:00:00 PM,17:00:00,Hot-Dry,2009-11-09 17:00:00,11
15.64698792,-18.76205648,LA14,2009-11-09,05:20:00 PM,17:20:00,Hot-Dry,2009-11-09 17:20:00,11
15.64423116,-18.7673055,LA14,2009-11-09,05:40:00 PM,17:40:00,Hot-Dry,2009-11-09 17:40:00,11
15.63836263,-18.77127482,LA14,2009-11-09,06:00:00 PM,18:00:00,Hot-Dry,2009-11-09 18:00:00,11
15.63091431,-18.77744751,LA14,2009-11-09,06:20:00 PM,18:20:00,Hot-Dry,2009-11-09 18:20:00,11
15.6219401,-18.78273926,LA14,2009-11-09,06:40:00 PM,18:40:00,Hot-Dry,2009-11-09 18:40:00,11
15.61862691,-18.78664347,LA14,2009-11-09,07:00:00 PM,19:00:00,Hot-Dry,2009-11-09 19:00:00,11
15.61844076,-18.78665568,LA14,2009-11-09,07:20:00 PM,19:20:00,Hot-Dry,2009-11-09 19:20:00,11
15.61902364,-18.78592326,LA14,2009-11-09,07:40:00 PM,19:40:00,Hot-Dry,2009-11-09 19:40:00,11
15.62069906,-18.78086141,LA14,2009-11-09,08:00:00 PM,20:00:00,Hot-Dry,2009-11-09 20:00:00,11
15.62474772,-18.77519938,LA14,2009-11-09,08:20:00 PM,20:20:00,Hot-Dry,2009-11-09 20:20:00,11
15.62727966,-18.77152507,LA14,2009-11-09,08:40:00 PM,20:40:00,Hot-Dry,2009-11-09 20:40:00,11
15.62777405,-18.76908773,LA14,2009-11-09,09:00:00 PM,21:00:00,Hot-Dry,2009-11-09 21:00:00,11
15.63007202,-18.76731974,LA14,2009-11-09,09:20:00 PM,21:20:00,Hot-Dry,2009-11-09 21:20:00,11
15.63075663,-18.76617432,LA14,2009-11-09,09:40:00 PM,21:40:00,Hot-Dry,2009-11-09 21:40:00,11
15.63190613,-18.76474406,LA14,2009-11-09,10:00:00 PM,22:00:00,Hot-Dry,2009-11-09 22:00:00,11
15.63375448,-18.76333618,LA14,2009-11-09,10:20:00 PM,22:20:00,Hot-Dry,2009-11-09 22:20:00,11
15.63608907,-18.76084391,LA14,2009-11-09,10:40:00 PM,22:40:00,Hot-Dry,2009-11-09 22:40:00,11
15.63714193,-18.75843709,LA14,2009-11-09,11:00:00 PM,23:00:00,Hot-Dry,2009-11-09 23:00:00,11
15.63781433,-18.75694377,LA14,2009-11-09,11:20:00 PM,23:20:00,Hot-Dry,2009-11-09 23:20:00,11
15.63830973,-18.75545451,LA14,2009-11-09,11:40:00 PM,23:40:00,Hot-Dry,2009-11-09 23:40:00,11
15.63929647,-18.75444946,LA14,2009-11-10,12:00:00 AM,00:00:00,Hot-Dry,2009-11-10 00:00:00,11
15.64165446,-18.75292358,LA14,2009-11-10,12:20:00 AM,00:20:00,Hot-Dry,2009-11-10 00:20:00,11
15.64401855,-18.75031331,LA14,2009-11-10,12:40:00 AM,00:40:00,Hot-Dry,2009-11-10 00:40:00,11
15.64657593,-18.74755656,LA14,2009-11-10,01:00:00 AM,01:00:00,Hot-Dry,2009-11-10 01:00:00,11
15.64854329,-18.74344279,LA14,2009-11-10,01:20:00 AM,01:20:00,Hot-Dry,2009-11-10 01:20:00,11
15.65171611,-18.74170736,LA14,2009-11-10,01:40:00 AM,01:40:00,Hot-Dry,2009-11-10 01:40:00,11
15.65450439,-18.74092611,LA14,2009-11-10,02:00:00 AM,02:00:00,Hot-Dry,2009-11-10 02:00:00,11
15.65685628,-18.74075724,LA14,2009-11-10,02:20:00 AM,02:20:00,Hot-Dry,2009-11-10 02:20:00,11
15.65843913,-18.74037882,LA14,2009-11-10,02:40:00 AM,02:40:00,Hot-Dry,2009-11-10 02:40:00,11
15.65985921,-18.73953654,LA14,2009-11-10,03:00:00 AM,03:00:00,Hot-Dry,2009-11-10 03:00:00,11
15.65979919,-18.73957316,LA14,2009-11-10,03:20:00 AM,03:20:00,Hot-Dry,2009-11-10 03:20:00,11
15.65976766,-18.73959554,LA14,2009-11-10,03:40:00 AM,03:40:00,Hot-Dry,2009-11-10 03:40:00,11
15.66490275,-18.73718465,LA14,2009-11-10,04:00:00 AM,04:00:00,Hot-Dry,2009-11-10 04:00:00,11
15.67191366,-18.73646444,LA14,2009-11-10,04:20:00 AM,04:20:00,Hot-Dry,2009-11-10 04:20:00,11
15.67407227,-18.73287964,LA14,2009-11-10,04:40:00 AM,04:40:00,Hot-Dry,2009-11-10 04:40:00,11
15.67598572,-18.73614909,LA14,2009-11-10,05:00:00 AM,05:00:00,Hot-Dry,2009-11-10 05:00:00,11
15.67540385,-18.74217529,LA14,2009-11-10,05:20:00 AM,05:20:00,Hot-Dry,2009-11-10 05:20:00,11
15.67347514,-18.74430949,LA14,2009-11-10,05:40:00 AM,05:40:00,Hot-Dry,2009-11-10 05:40:00,11
15.67279867,-18.7446228,LA14,2009-11-10,06:00:00 AM,06:00:00,Hot-Dry,2009-11-10 06:00:00,11
15.67109578,-18.74512329,LA14,2009-11-10,06:20:00 AM,06:20:00,Hot-Dry,2009-11-10 06:20:00,11
15.67103678,-18.74514364,LA14,2009-11-10,06:40:00 AM,06:40:00,Hot-Dry,2009-11-10 06:40:00,11
15.67078756,-18.74598592,LA14,2009-11-10,07:00:00 AM,07:00:00,Hot-Dry,2009-11-10 07:00:00,11
15.67078756,-18.74597778,LA14,2009-11-10,07:20:00 AM,07:20:00,Hot-Dry,2009-11-10 07:20:00,11
15.67066854,-18.74608358,LA14,2009-11-10,07:40:00 AM,07:40:00,Hot-Dry,2009-11-10 07:40:00,11
15.67065226,-18.74602051,LA14,2009-11-10,08:00:00 AM,08:00:00,Hot-Dry,2009-11-10 08:00:00,11
15.67064412,-18.74603475,LA14,2009-11-10,08:20:00 AM,08:20:00,Hot-Dry,2009-11-10 08:20:00,11
15.67067261,-18.74611003,LA14,2009-11-10,08:40:00 AM,08:40:00,Hot-Dry,2009-11-10 08:40:00,11
15.66872762,-18.74845581,LA14,2009-11-10,09:00:00 AM,09:00:00,Hot-Dry,2009-11-10 09:00:00,11
15.66850077,-18.74849243,LA14,2009-11-10,09:20:00 AM,09:20:00,Hot-Dry,2009-11-10 09:20:00,11
15.66848551,-18.74851685,LA14,2009-11-10,09:40:00 AM,09:40:00,Hot-Dry,2009-11-10 09:40:00,11
15.66824748,-18.74835205,LA14,2009-11-10,10:00:00 AM,10:00:00,Hot-Dry,2009-11-10 10:00:00,11
15.66807251,-18.74851278,LA14,2009-11-10,10:20:00 AM,10:20:00,Hot-Dry,2009-11-10 10:20:00,11
15.66836344,-18.74839681,LA14,2009-11-10,10:40:00 AM,10:40:00,Hot-Dry,2009-11-10 10:40:00,11
15.66851196,-18.74850667,LA14,2009-11-10,11:00:00 AM,11:00:00,Hot-Dry,2009-11-10 11:00:00,11
15.668632,-18.74869588,LA14,2009-11-10,11:20:00 AM,11:20:00,Hot-Dry,2009-11-10 11:20:00,11
15.66861572,-18.74869181,LA14,2009-11-10,11:40:00 AM,11:40:00,Hot-Dry,2009-11-10 11:40:00,11
15.66858927,-18.74871623,LA14,2009-11-10,12:00:00 PM,12:00:00,Hot-Dry,2009-11-10 12:00:00,11
15.66860046,-18.74870809,LA14,2009-11-10,12:20:00 PM,12:20:00,Hot-Dry,2009-11-10 12:20:00,11
15.66861776,-18.74870402,LA14,2009-11-10,12:40:00 PM,12:40:00,Hot-Dry,2009-11-10 12:40:00,11
15.66862386,-18.74871012,LA14,2009-11-10,01:00:00 PM,13:00:00,Hot-Dry,2009-11-10 13:00:00,11
15.66862793,-18.74871012,LA14,2009-11-10,01:20:00 PM,13:20:00,Hot-Dry,2009-11-10 13:20:00,11
15.66866659,-18.74870199,LA14,2009-11-10,01:40:00 PM,13:40:00,Hot-Dry,2009-11-10 13:40:00,11
15.66737569,-18.74987386,LA14,2009-11-10,02:00:00 PM,14:00:00,Hot-Dry,2009-11-10 14:00:00,11
15.66246033,-18.75522868,LA14,2009-11-10,02:20:00 PM,14:20:00,Hot-Dry,2009-11-10 14:20:00,11
15.65632324,-18.7578186,LA14,2009-11-10,02:40:00 PM,14:40:00,Hot-Dry,2009-11-10 14:40:00,11
15.64854635,-18.76019491,LA14,2009-11-10,03:00:00 PM,15:00:00,Hot-Dry,2009-11-10 15:00:00,11
15.64301961,-18.76406047,LA14,2009-11-10,03:20:00 PM,15:20:00,Hot-Dry,2009-11-10 15:20:00,11
15.63794759,-18.76855469,LA14,2009-11-10,03:40:00 PM,15:40:00,Hot-Dry,2009-11-10 15:40:00,11
15.63486837,-18.77189535,LA14,2009-11-10,04:00:00 PM,16:00:00,Hot-Dry,2009-11-10 16:00:00,11
15.62862651,-18.77500203,LA14,2009-11-10,04:20:00 PM,16:20:00,Hot-Dry,2009-11-10 16:20:00,11
15.6214976,-18.78298543,LA14,2009-11-10,04:40:00 PM,16:40:00,Hot-Dry,2009-11-10 16:40:00,11
15.61853027,-18.78674316,LA14,2009-11-10,05:00:00 PM,17:00:00,Hot-Dry,2009-11-10 17:00:00,11
15.61860962,-18.78180949,LA14,2009-11-10,05:20:00 PM,17:20:00,Hot-Dry,2009-11-10 17:20:00,11
15.6216217,-18.77522786,LA14,2009-11-10,05:40:00 PM,17:40:00,Hot-Dry,2009-11-10 17:40:00,11
15.62680766,-18.76865845,LA14,2009-11-10,06:00:00 PM,18:00:00,Hot-Dry,2009-11-10 18:00:00,11
15.62970988,-18.76503092,LA14,2009-11-10,06:20:00 PM,18:20:00,Hot-Dry,2009-11-10 18:20:00,11
15.63369242,-18.76197306,LA14,2009-11-10,06:40:00 PM,18:40:00,Hot-Dry,2009-11-10 18:40:00,11
15.6380544,-18.76019897,LA14,2009-11-10,07:00:00 PM,19:00:00,Hot-Dry,2009-11-10 19:00:00,11
15.64154968,-18.75952555,LA14,2009-11-10,07:20:00 PM,19:20:00,Hot-Dry,2009-11-10 19:20:00,11
15.64363607,-18.76035767,LA14,2009-11-10,07:40:00 PM,19:40:00,Hot-Dry,2009-11-10 19:40:00,11
15.64582621,-18.7588501,LA14,2009-11-10,08:00:00 PM,20:00:00,Hot-Dry,2009-11-10 20:00:00,11
15.64566752,-18.75470785,LA14,2009-11-10,08:20:00 PM,20:20:00,Hot-Dry,2009-11-10 20:20:00,11
15.64403992,-18.75364176,LA14,2009-11-10,08:40:00 PM,20:40:00,Hot-Dry,2009-11-10 20:40:00,11
15.64667257,-18.75249634,LA14,2009-11-10,09:00:00 PM,21:00:00,Hot-Dry,2009-11-10 21:00:00,11
15.64969279,-18.7513916,LA14,2009-11-10,09:20:00 PM,21:20:00,Hot-Dry,2009-11-10 21:20:00,11
15.65209554,-18.7518575,LA14,2009-11-10,09:40:00 PM,21:40:00,Hot-Dry,2009-11-10 21:40:00,11
15.6532135,-18.75430501,LA14,2009-11-10,10:00:00 PM,22:00:00,Hot-Dry,2009-11-10 22:00:00,11
15.65324504,-18.75624593,LA14,2009-11-10,10:20:00 PM,22:20:00,Hot-Dry,2009-11-10 22:20:00,11
15.65556641,-18.75634155,LA14,2009-11-10,10:40:00 PM,22:40:00,Hot-Dry,2009-11-10 22:40:00,11
15.65776672,-18.75533651,LA14,2009-11-10,11:00:00 PM,23:00:00,Hot-Dry,2009-11-10 23:00:00,11
15.65851034,-18.75402629,LA14,2009-11-10,11:20:00 PM,23:20:00,Hot-Dry,2009-11-10 23:20:00,11
15.66093953,-18.75357463,LA14,2009-11-10,11:40:00 PM,23:40:00,Hot-Dry,2009-11-10 23:40:00,11
15.66229655,-18.75239665,LA14,2009-11-11,12:00:00 AM,00:00:00,Hot-Dry,2009-11-11 00:00:00,11
15.66272176,-18.75170492,LA14,2009-11-11,12:20:00 AM,00:20:00,Hot-Dry,2009-11-11 00:20:00,11
15.66308695,-18.75074463,LA14,2009-11-11,12:40:00 AM,00:40:00,Hot-Dry,2009-11-11 00:40:00,11
15.66326396,-18.74986165,LA14,2009-11-11,01:00:00 AM,01:00:00,Hot-Dry,2009-11-11 01:00:00,11
15.6633901,-18.74989421,LA14,2009-11-11,01:20:00 AM,01:20:00,Hot-Dry,2009-11-11 01:20:00,11
15.66341654,-18.74991455,LA14,2009-11-11,01:40:00 AM,01:40:00,Hot-Dry,2009-11-11 01:40:00,11
15.66343079,-18.74990234,LA14,2009-11-11,02:00:00 AM,02:00:00,Hot-Dry,2009-11-11 02:00:00,11
15.66344706,-18.74993286,LA14,2009-11-11,02:20:00 AM,02:20:00,Hot-Dry,2009-11-11 02:20:00,11
15.66343791,-18.74991862,LA14,2009-11-11,02:40:00 AM,02:40:00,Hot-Dry,2009-11-11 02:40:00,11
15.66479594,-18.74864705,LA14,2009-11-11,03:00:00 AM,03:00:00,Hot-Dry,2009-11-11 03:00:00,11
15.66484172,-18.74717814,LA14,2009-11-11,03:20:00 AM,03:20:00,Hot-Dry,2009-11-11 03:20:00,11
15.66450195,-18.74576213,LA14,2009-11-11,03:40:00 AM,03:40:00,Hot-Dry,2009-11-11 03:40:00,11
15.66327209,-18.74496663,LA14,2009-11-11,04:00:00 AM,04:00:00,Hot-Dry,2009-11-11 04:00:00,11
15.66434733,-18.74597371,LA14,2009-11-11,04:20:00 AM,04:20:00,Hot-Dry,2009-11-11 04:20:00,11
15.66815287,-18.74788005,LA14,2009-11-11,04:40:00 AM,04:40:00,Hot-Dry,2009-11-11 04:40:00,11
15.66930847,-18.74846395,LA14,2009-11-11,05:00:00 AM,05:00:00,Hot-Dry,2009-11-11 05:00:00,11
15.66966044,-18.7479716,LA14,2009-11-11,05:20:00 AM,05:20:00,Hot-Dry,2009-11-11 05:20:00,11
15.67012024,-18.74772542,LA14,2009-11-11,05:40:00 AM,05:40:00,Hot-Dry,2009-11-11 05:40:00,11
15.67180786,-18.74743449,LA14,2009-11-11,06:00:00 AM,06:00:00,Hot-Dry,2009-11-11 06:00:00,11
15.67190348,-18.74619751,LA14,2009-11-11,06:20:00 AM,06:20:00,Hot-Dry,2009-11-11 06:20:00,11
15.67191569,-18.74579875,LA14,2009-11-11,06:40:00 AM,06:40:00,Hot-Dry,2009-11-11 06:40:00,11
15.67065837,-18.74642334,LA14,2009-11-11,07:00:00 AM,07:00:00,Hot-Dry,2009-11-11 07:00:00,11
15.67066345,-18.74636027,LA14,2009-11-11,07:20:00 AM,07:20:00,Hot-Dry,2009-11-11 07:20:00,11
15.67067566,-18.74637858,LA14,2009-11-11,07:40:00 AM,07:40:00,Hot-Dry,2009-11-11 07:40:00,11
15.67068481,-18.74639486,LA14,2009-11-11,08:00:00 AM,08:00:00,Hot-Dry,2009-11-11 08:00:00,11
15.67068176,-18.74640299,LA14,2009-11-11,08:20:00 AM,08:20:00,Hot-Dry,2009-11-11 08:20:00,11
15.67067973,-18.74639689,LA14,2009-11-11,08:40:00 AM,08:40:00,Hot-Dry,2009-11-11 08:40:00,11
15.67068787,-18.74641317,LA14,2009-11-11,09:00:00 AM,09:00:00,Hot-Dry,2009-11-11 09:00:00,11
15.67067871,-18.74640096,LA14,2009-11-11,09:20:00 AM,09:20:00,Hot-Dry,2009-11-11 09:20:00,11
15.67065938,-18.74640096,LA14,2009-11-11,09:40:00 AM,09:40:00,Hot-Dry,2009-11-11 09:40:00,11
15.6701355,-18.74709473,LA14,2009-11-11,10:00:00 AM,10:00:00,Hot-Dry,2009-11-11 10:00:00,11
15.66989237,-18.74750977,LA14,2009-11-11,10:20:00 AM,10:20:00,Hot-Dry,2009-11-11 10:20:00,11
15.66993205,-18.74751994,LA14,2009-11-11,10:40:00 AM,10:40:00,Hot-Dry,2009-11-11 10:40:00,11
15.66949056,-18.74795329,LA14,2009-11-11,11:00:00 AM,11:00:00,Hot-Dry,2009-11-11 11:00:00,11
15.66945089,-18.74795329,LA14,2009-11-11,11:20:00 AM,11:20:00,Hot-Dry,2009-11-11 11:20:00,11
15.66944275,-18.74795329,LA14,2009-11-11,11:40:00 AM,11:40:00,Hot-Dry,2009-11-11 11:40:00,11
15.6694753,-18.74798381,LA14,2009-11-11,12:00:00 PM,12:00:00,Hot-Dry,2009-11-11 12:00:00,11
15.66948344,-18.74802043,LA14,2009-11-11,12:20:00 PM,12:20:00,Hot-Dry,2009-11-11 12:20:00,11
15.66944682,-18.74801432,LA14,2009-11-11,12:40:00 PM,12:40:00,Hot-Dry,2009-11-11 12:40:00,11
15.66949768,-18.74800212,LA14,2009-11-11,01:00:00 PM,13:00:00,Hot-Dry,2009-11-11 13:00:00,11
15.66948853,-18.74800618,LA14,2009-11-11,01:20:00 PM,13:20:00,Hot-Dry,2009-11-11 13:20:00,11
15.66949056,-18.74799194,LA14,2009-11-11,01:40:00 PM,13:40:00,Hot-Dry,2009-11-11 13:40:00,11
15.66949666,-18.74804688,LA14,2009-11-11,02:00:00 PM,14:00:00,Hot-Dry,2009-11-11 14:00:00,11
15.66947021,-18.74805908,LA14,2009-11-11,02:20:00 PM,14:20:00,Hot-Dry,2009-11-11 14:20:00,11
15.66876933,-18.74921875,LA14,2009-11-11,02:40:00 PM,14:40:00,Hot-Dry,2009-11-11 14:40:00,11
15.66563619,-18.75137939,LA14,2009-11-11,03:00:00 PM,15:00:00,Hot-Dry,2009-11-11 15:00:00,11
15.66575928,-18.75280355,LA14,2009-11-11,03:20:00 PM,15:20:00,Hot-Dry,2009-11-11 15:20:00,11
15.66606038,-18.75517578,LA14,2009-11-11,03:40:00 PM,15:40:00,Hot-Dry,2009-11-11 15:40:00,11
15.66292826,-18.75878499,LA14,2009-11-11,04:00:00 PM,16:00:00,Hot-Dry,2009-11-11 16:00:00,11
15.65845744,-18.76357625,LA14,2009-11-11,04:20:00 PM,16:20:00,Hot-Dry,2009-11-11 16:20:00,11
15.65159912,-18.76471761,LA14,2009-11-11,04:40:00 PM,16:40:00,Hot-Dry,2009-11-11 16:40:00,11
15.64868571,-18.76471965,LA14,2009-11-11,05:00:00 PM,17:00:00,Hot-Dry,2009-11-11 17:00:00,11
15.64224752,-18.76859945,LA14,2009-11-11,05:20:00 PM,17:20:00,Hot-Dry,2009-11-11 17:20:00,11
15.63588053,-18.76963908,LA14,2009-11-11,05:40:00 PM,17:40:00,Hot-Dry,2009-11-11 17:40:00,11
15.62912089,-18.77504883,LA14,2009-11-11,06:00:00 PM,18:00:00,Hot-Dry,2009-11-11 18:00:00,11
15.62244161,-18.78217163,LA14,2009-11-11,06:20:00 PM,18:20:00,Hot-Dry,2009-11-11 18:20:00,11
15.61820068,-18.78658244,LA14,2009-11-11,06:40:00 PM,18:40:00,Hot-Dry,2009-11-11 18:40:00,11
15.61856181,-18.78654785,LA14,2009-11-11,07:00:00 PM,19:00:00,Hot-Dry,2009-11-11 19:00:00,11
15.61876933,-18.78642985,LA14,2009-11-11,07:20:00 PM,19:20:00,Hot-Dry,2009-11-11 19:20:00,11
15.62068583,-18.78285726,LA14,2009-11-11,07:40:00 PM,19:40:00,Hot-Dry,2009-11-11 19:40:00,11
15.62339376,-18.77718506,LA14,2009-11-11,08:00:00 PM,20:00:00,Hot-Dry,2009-11-11 20:00:00,11
15.62845256,-18.77202759,LA14,2009-11-11,08:20:00 PM,20:20:00,Hot-Dry,2009-11-11 20:20:00,11
15.63200989,-18.7679891,LA14,2009-11-11,08:40:00 PM,20:40:00,Hot-Dry,2009-11-11 20:40:00,11
15.63490092,-18.76409912,LA14,2009-11-11,09:00:00 PM,21:00:00,Hot-Dry,2009-11-11 21:00:00,11
15.63719381,-18.76195475,LA14,2009-11-11,09:20:00 PM,21:20:00,Hot-Dry,2009-11-11 21:20:00,11
15.63795776,-18.75745036,LA14,2009-11-11,09:40:00 PM,21:40:00,Hot-Dry,2009-11-11 21:40:00,11
15.63681742,-18.75515747,LA14,2009-11-11,10:00:00 PM,22:00:00,Hot-Dry,2009-11-11 22:00:00,11
15.6382487,-18.75291341,LA14,2009-11-11,10:20:00 PM,22:20:00,Hot-Dry,2009-11-11 22:20:00,11
15.63970947,-18.75158895,LA14,2009-11-11,10:40:00 PM,22:40:00,Hot-Dry,2009-11-11 22:40:00,11
15.6392924,-18.74823201,LA14,2009-11-11,11:00:00 PM,23:00:00,Hot-Dry,2009-11-11 23:00:00,11
15.64102478,-18.74626058,LA14,2009-11-11,11:20:00 PM,23:20:00,Hot-Dry,2009-11-11 23:20:00,11
15.64284363,-18.74379272,LA14,2009-11-11,11:40:00 PM,23:40:00,Hot-Dry,2009-11-11 23:40:00,11
15.64890849,-18.74141032,LA14,2009-11-12,12:00:00 AM,00:00:00,Hot-Dry,2009-11-12 00:00:00,11
15.65461833,-18.7399821,LA14,2009-11-12,12:20:00 AM,00:20:00,Hot-Dry,2009-11-12 00:20:00,11
15.65658875,-18.73845825,LA14,2009-11-12,12:40:00 AM,00:40:00,Hot-Dry,2009-11-12 00:40:00,11
15.65773621,-18.73748372,LA14,2009-11-12,01:00:00 AM,01:00:00,Hot-Dry,2009-11-12 01:00:00,11
15.6584727,-18.73685913,LA14,2009-11-12,01:20:00 AM,01:20:00,Hot-Dry,2009-11-12 01:20:00,11
15.66409912,-18.73735148,LA14,2009-11-12,01:40:00 AM,01:40:00,Hot-Dry,2009-11-12 01:40:00,11
15.66896057,-18.73683675,LA14,2009-11-12,02:00:00 AM,02:00:00,Hot-Dry,2009-11-12 02:00:00,11
15.67532756,-18.73434041,LA14,2009-11-12,02:20:00 AM,02:20:00,Hot-Dry,2009-11-12 02:20:00,11
15.68032328,-18.7340922,LA14,2009-11-12,02:40:00 AM,02:40:00,Hot-Dry,2009-11-12 02:40:00,11
15.68285929,-18.73437093,LA14,2009-11-12,03:00:00 AM,03:00:00,Hot-Dry,2009-11-12 03:00:00,11
15.68477681,-18.7349589,LA14,2009-11-12,03:20:00 AM,03:20:00,Hot-Dry,2009-11-12 03:20:00,11
15.68562215,-18.73433228,LA14,2009-11-12,03:40:00 AM,03:40:00,Hot-Dry,2009-11-12 03:40:00,11
15.68556925,-18.73437907,LA14,2009-11-12,04:00:00 AM,04:00:00,Hot-Dry,2009-11-12 04:00:00,11
15.68723348,-18.73244629,LA14,2009-11-12,04:20:00 AM,04:20:00,Hot-Dry,2009-11-12 04:20:00,11
15.68844808,-18.73196411,LA14,2009-11-12,04:40:00 AM,04:40:00,Hot-Dry,2009-11-12 04:40:00,11
15.6890269,-18.7342631,LA14,2009-11-12,05:00:00 AM,05:00:00,Hot-Dry,2009-11-12 05:00:00,11
15.68957926,-18.7350057,LA14,2009-11-12,05:20:00 AM,05:20:00,Hot-Dry,2009-11-12 05:20:00,11
15.69088745,-18.73652547,LA14,2009-11-12,05:40:00 AM,05:40:00,Hot-Dry,2009-11-12 05:40:00,11
15.69109802,-18.73690592,LA14,2009-11-12,06:00:00 AM,06:00:00,Hot-Dry,2009-11-12 06:00:00,11
15.69243978,-18.73492432,LA14,2009-11-12,06:20:00 AM,06:20:00,Hot-Dry,2009-11-12 06:20:00,11
15.69253031,-18.73343302,LA14,2009-11-12,06:40:00 AM,06:40:00,Hot-Dry,2009-11-12 06:40:00,11
15.69318644,-18.7324646,LA14,2009-11-12,07:00:00 AM,07:00:00,Hot-Dry,2009-11-12 07:00:00,11
15.69494629,-18.73156331,LA14,2009-11-12,07:20:00 AM,07:20:00,Hot-Dry,2009-11-12 07:20:00,11
15.6953359,-18.73164673,LA14,2009-11-12,07:40:00 AM,07:40:00,Hot-Dry,2009-11-12 07:40:00,11
15.69538066,-18.73183797,LA14,2009-11-12,08:00:00 AM,08:00:00,Hot-Dry,2009-11-12 08:00:00,11
15.69522298,-18.73240153,LA14,2009-11-12,08:20:00 AM,08:20:00,Hot-Dry,2009-11-12 08:20:00,11
15.6952596,-18.7325236,LA14,2009-11-12,08:40:00 AM,08:40:00,Hot-Dry,2009-11-12 08:40:00,11
15.69526469,-18.73249919,LA14,2009-11-12,09:00:00 AM,09:00:00,Hot-Dry,2009-11-12 09:00:00,11
15.69525859,-18.73250326,LA14,2009-11-12,09:20:00 AM,09:20:00,Hot-Dry,2009-11-12 09:20:00,11
15.69489034,-18.73292033,LA14,2009-11-12,09:40:00 AM,09:40:00,Hot-Dry,2009-11-12 09:40:00,11
15.69490153,-18.73292643,LA14,2009-11-12,10:00:00 AM,10:00:00,Hot-Dry,2009-11-12 10:00:00,11
15.69527995,-18.73396403,LA14,2009-11-12,10:20:00 AM,10:20:00,Hot-Dry,2009-11-12 10:20:00,11
15.69549357,-18.73474528,LA14,2009-11-12,10:40:00 AM,10:40:00,Hot-Dry,2009-11-12 10:40:00,11
15.69549052,-18.73478597,LA14,2009-11-12,11:00:00 AM,11:00:00,Hot-Dry,2009-11-12 11:00:00,11
15.69551697,-18.73477987,LA14,2009-11-12,11:20:00 AM,11:20:00,Hot-Dry,2009-11-12 11:20:00,11
15.69439392,-18.73458659,LA14,2009-11-12,11:40:00 AM,11:40:00,Hot-Dry,2009-11-12 11:40:00,11
15.69439596,-18.73463135,LA14,2009-11-12,12:00:00 PM,12:00:00,Hot-Dry,2009-11-12 12:00:00,11
15.69438782,-18.73458659,LA14,2009-11-12,12:20:00 PM,12:20:00,Hot-Dry,2009-11-12 12:20:00,11
15.69438578,-18.73459066,LA14,2009-11-12,12:40:00 PM,12:40:00,Hot-Dry,2009-11-12 12:40:00,11
15.69441528,-18.73456421,LA14,2009-11-12,01:00:00 PM,13:00:00,Hot-Dry,2009-11-12 13:00:00,11
15.69441121,-18.73458049,LA14,2009-11-12,01:20:00 PM,13:20:00,Hot-Dry,2009-11-12 13:20:00,11
15.69438985,-18.73458659,LA14,2009-11-12,01:40:00 PM,13:40:00,Hot-Dry,2009-11-12 13:40:00,11
15.69453023,-18.73465983,LA14,2009-11-12,02:00:00 PM,14:00:00,Hot-Dry,2009-11-12 14:00:00,11
15.69382426,-18.73513387,LA14,2009-11-12,02:20:00 PM,14:20:00,Hot-Dry,2009-11-12 14:20:00,11
15.69302368,-18.73592529,LA14,2009-11-12,02:40:00 PM,14:40:00,Hot-Dry,2009-11-12 14:40:00,11
15.69255575,-18.73655192,LA14,2009-11-12,03:00:00 PM,15:00:00,Hot-Dry,2009-11-12 15:00:00,11
15.68945313,-18.73815918,LA14,2009-11-12,03:20:00 PM,15:20:00,Hot-Dry,2009-11-12 15:20:00,11
15.6885498,-18.74400228,LA14,2009-11-12,03:40:00 PM,15:40:00,Hot-Dry,2009-11-12 15:40:00,11
15.68835551,-18.75038859,LA14,2009-11-12,04:00:00 PM,16:00:00,Hot-Dry,2009-11-12 16:00:00,11
15.68702799,-18.75321452,LA14,2009-11-12,04:20:00 PM,16:20:00,Hot-Dry,2009-11-12 16:20:00,11
15.68078613,-18.75400391,LA14,2009-11-12,04:40:00 PM,16:40:00,Hot-Dry,2009-11-12 16:40:00,11
15.67586466,-18.75427043,LA14,2009-11-12,05:00:00 PM,17:00:00,Hot-Dry,2009-11-12 17:00:00,11
15.67111308,-18.75375977,LA14,2009-11-12,05:20:00 PM,17:20:00,Hot-Dry,2009-11-12 17:20:00,11
15.66404521,-18.75789591,LA14,2009-11-12,05:40:00 PM,17:40:00,Hot-Dry,2009-11-12 17:40:00,11
15.65599569,-18.76055298,LA14,2009-11-12,06:00:00 PM,18:00:00,Hot-Dry,2009-11-12 18:00:00,11
15.65036926,-18.7629069,LA14,2009-11-12,06:20:00 PM,18:20:00,Hot-Dry,2009-11-12 18:20:00,11
15.64635111,-18.76720378,LA14,2009-11-12,06:40:00 PM,18:40:00,Hot-Dry,2009-11-12 18:40:00,11
15.64022624,-18.77140299,LA14,2009-11-12,07:00:00 PM,19:00:00,Hot-Dry,2009-11-12 19:00:00,11
15.63479513,-18.77496134,LA14,2009-11-12,07:20:00 PM,19:20:00,Hot-Dry,2009-11-12 19:20:00,11
15.62731628,-18.77930094,LA14,2009-11-12,07:40:00 PM,19:40:00,Hot-Dry,2009-11-12 19:40:00,11
15.61934611,-18.78583171,LA14,2009-11-12,08:00:00 PM,20:00:00,Hot-Dry,2009-11-12 20:00:00,11
15.61838277,-18.78649699,LA14,2009-11-12,08:20:00 PM,20:20:00,Hot-Dry,2009-11-12 20:20:00,11
15.61856384,-18.7864563,LA14,2009-11-12,08:40:00 PM,20:40:00,Hot-Dry,2009-11-12 20:40:00,11
15.62023722,-18.78491414,LA14,2009-11-12,09:00:00 PM,21:00:00,Hot-Dry,2009-11-12 21:00:00,11
15.62419128,-18.78024902,LA14,2009-11-12,09:20:00 PM,21:20:00,Hot-Dry,2009-11-12 21:20:00,11
15.63120931,-18.77135417,LA14,2009-11-12,09:40:00 PM,21:40:00,Hot-Dry,2009-11-12 21:40:00,11
15.63603109,-18.76680705,LA14,2009-11-12,10:00:00 PM,22:00:00,Hot-Dry,2009-11-12 22:00:00,11
15.64115397,-18.7623291,LA14,2009-11-12,10:20:00 PM,22:20:00,Hot-Dry,2009-11-12 22:20:00,11
15.64366862,-18.7594869,LA14,2009-11-12,10:40:00 PM,22:40:00,Hot-Dry,2009-11-12 22:40:00,11
15.64727376,-18.75924479,LA14,2009-11-12,11:00:00 PM,23:00:00,Hot-Dry,2009-11-12 23:00:00,11
15.65141195,-18.75772909,LA14,2009-11-12,11:20:00 PM,23:20:00,Hot-Dry,2009-11-12 23:20:00,11
15.65371399,-18.75635579,LA14,2009-11-12,11:40:00 PM,23:40:00,Hot-Dry,2009-11-12 23:40:00,11
15.65667013,-18.75497843,LA14,2009-11-13,12:00:00 AM,00:00:00,Hot-Dry,2009-11-13 00:00:00,11
15.65973918,-18.75450846,LA14,2009-11-13,12:20:00 AM,00:20:00,Hot-Dry,2009-11-13 00:20:00,11
15.66494141,-18.75289103,LA14,2009-11-13,12:40:00 AM,00:40:00,Hot-Dry,2009-11-13 00:40:00,11
15.66899109,-18.7518575,LA14,2009-11-13,01:00:00 AM,01:00:00,Hot-Dry,2009-11-13 01:00:00,11
15.67239482,-18.75158691,LA14,2009-11-13,01:20:00 AM,01:20:00,Hot-Dry,2009-11-13 01:20:00,11
15.67542521,-18.75050049,LA14,2009-11-13,01:40:00 AM,01:40:00,Hot-Dry,2009-11-13 01:40:00,11
15.67620341,-18.75024414,LA14,2009-11-13,02:00:00 AM,02:00:00,Hot-Dry,2009-11-13 02:00:00,11
15.67886353,-18.74900309,LA14,2009-11-13,02:20:00 AM,02:20:00,Hot-Dry,2009-11-13 02:20:00,11
15.67884216,-18.74902547,LA14,2009-11-13,02:40:00 AM,02:40:00,Hot-Dry,2009-11-13 02:40:00,11
15.67885742,-18.74897054,LA14,2009-11-13,03:00:00 AM,03:00:00,Hot-Dry,2009-11-13 03:00:00,11
15.6788564,-18.74899495,LA14,2009-11-13,03:20:00 AM,03:20:00,Hot-Dry,2009-11-13 03:20:00,11
15.67886353,-18.74895223,LA14,2009-11-13,03:40:00 AM,03:40:00,Hot-Dry,2009-11-13 03:40:00,11
15.67886047,-18.74897664,LA14,2009-11-13,04:00:00 AM,04:00:00,Hot-Dry,2009-11-13 04:00:00,11
15.67956034,-18.74877319,LA14,2009-11-13,04:20:00 AM,04:20:00,Hot-Dry,2009-11-13 04:20:00,11
15.68235575,-18.74731445,LA14,2009-11-13,04:40:00 AM,04:40:00,Hot-Dry,2009-11-13 04:40:00,11
15.6834849,-18.74662679,LA14,2009-11-13,05:00:00 AM,05:00:00,Hot-Dry,2009-11-13 05:00:00,11
15.68073934,-18.74481812,LA14,2009-11-13,05:20:00 AM,05:20:00,Hot-Dry,2009-11-13 05:20:00,11
15.68055623,-18.74480387,LA14,2009-11-13,05:40:00 AM,05:40:00,Hot-Dry,2009-11-13 05:40:00,11
15.68140055,-18.74446411,LA14,2009-11-13,06:00:00 AM,06:00:00,Hot-Dry,2009-11-13 06:00:00,11
15.68227234,-18.74464111,LA14,2009-11-13,06:20:00 AM,06:20:00,Hot-Dry,2009-11-13 06:20:00,11
15.6822347,-18.74383748,LA14,2009-11-13,06:40:00 AM,06:40:00,Hot-Dry,2009-11-13 06:40:00,11
15.68271383,-18.74566447,LA14,2009-11-13,07:00:00 AM,07:00:00,Hot-Dry,2009-11-13 07:00:00,11
15.68116557,-18.74730835,LA14,2009-11-13,07:20:00 AM,07:20:00,Hot-Dry,2009-11-13 07:20:00,11
15.67985738,-18.74730021,LA14,2009-11-13,07:40:00 AM,07:40:00,Hot-Dry,2009-11-13 07:40:00,11
15.67920125,-18.74701742,LA14,2009-11-13,08:00:00 AM,08:00:00,Hot-Dry,2009-11-13 08:00:00,11
15.67884013,-18.74721273,LA14,2009-11-13,08:20:00 AM,08:20:00,Hot-Dry,2009-11-13 08:20:00,11
15.67884928,-18.74721476,LA14,2009-11-13,08:40:00 AM,08:40:00,Hot-Dry,2009-11-13 08:40:00,11
15.67887675,-18.74721069,LA14,2009-11-13,09:00:00 AM,09:00:00,Hot-Dry,2009-11-13 09:00:00,11
15.67867737,-18.74708455,LA14,2009-11-13,09:20:00 AM,09:20:00,Hot-Dry,2009-11-13 09:20:00,11
15.67868754,-18.747111,LA14,2009-11-13,09:40:00 AM,09:40:00,Hot-Dry,2009-11-13 09:40:00,11
15.67865194,-18.74695638,LA14,2009-11-13,10:00:00 AM,10:00:00,Hot-Dry,2009-11-13 10:00:00,11
15.67849528,-18.74753418,LA14,2009-11-13,10:20:00 AM,10:20:00,Hot-Dry,2009-11-13 10:20:00,11
15.67789714,-18.74860026,LA14,2009-11-13,10:40:00 AM,10:40:00,Hot-Dry,2009-11-13 10:40:00,11
15.67582499,-18.75338338,LA14,2009-11-13,11:00:00 AM,11:00:00,Hot-Dry,2009-11-13 11:00:00,11
15.67580261,-18.75338745,LA14,2009-11-13,11:20:00 AM,11:20:00,Hot-Dry,2009-11-13 11:20:00,11
15.67579956,-18.75339152,LA14,2009-11-13,11:40:00 AM,11:40:00,Hot-Dry,2009-11-13 11:40:00,11
15.67581177,-18.75339152,LA14,2009-11-13,12:00:00 PM,12:00:00,Hot-Dry,2009-11-13 12:00:00,11
15.67580566,-18.75339762,LA14,2009-11-13,12:20:00 PM,12:20:00,Hot-Dry,2009-11-13 12:20:00,11
15.67581685,-18.75339355,LA14,2009-11-13,12:40:00 PM,12:40:00,Hot-Dry,2009-11-13 12:40:00,11
15.67551168,-18.75351766,LA14,2009-11-13,01:00:00 PM,13:00:00,Hot-Dry,2009-11-13 13:00:00,11
15.67522888,-18.75344645,LA14,2009-11-13,01:20:00 PM,13:20:00,Hot-Dry,2009-11-13 13:20:00,11
15.67523702,-18.75346883,LA14,2009-11-13,01:40:00 PM,13:40:00,Hot-Dry,2009-11-13 13:40:00,11
15.67523702,-18.75346069,LA14,2009-11-13,02:00:00 PM,14:00:00,Hot-Dry,2009-11-13 14:00:00,11
15.67521871,-18.75348104,LA14,2009-11-13,02:20:00 PM,14:20:00,Hot-Dry,2009-11-13 14:20:00,11
15.67526143,-18.75345662,LA14,2009-11-13,02:40:00 PM,14:40:00,Hot-Dry,2009-11-13 14:40:00,11
15.67357279,-18.75467733,LA14,2009-11-13,03:00:00 PM,15:00:00,Hot-Dry,2009-11-13 15:00:00,11
15.66646118,-18.75850016,LA14,2009-11-13,03:20:00 PM,15:20:00,Hot-Dry,2009-11-13 15:20:00,11
15.6613149,-18.76229248,LA14,2009-11-13,03:40:00 PM,15:40:00,Hot-Dry,2009-11-13 15:40:00,11
15.65360413,-18.76577352,LA14,2009-11-13,04:00:00 PM,16:00:00,Hot-Dry,2009-11-13 16:00:00,11
15.64724019,-18.76938883,LA14,2009-11-13,04:20:00 PM,16:20:00,Hot-Dry,2009-11-13 16:20:00,11
15.63941956,-18.77206421,LA14,2009-11-13,04:40:00 PM,16:40:00,Hot-Dry,2009-11-13 16:40:00,11
15.63354899,-18.77263387,LA14,2009-11-13,05:00:00 PM,17:00:00,Hot-Dry,2009-11-13 17:00:00,11
15.62513631,-18.78026733,LA14,2009-11-13,05:20:00 PM,17:20:00,Hot-Dry,2009-11-13 17:20:00,11
15.61855672,-18.7864502,LA14,2009-11-13,05:40:00 PM,17:40:00,Hot-Dry,2009-11-13 17:40:00,11
15.61865743,-18.78658447,LA14,2009-11-13,06:00:00 PM,18:00:00,Hot-Dry,2009-11-13 18:00:00,11
15.61882324,-18.78661092,LA14,2009-11-13,06:20:00 PM,18:20:00,Hot-Dry,2009-11-13 18:20:00,11
15.61863505,-18.78653361,LA14,2009-11-13,06:40:00 PM,18:40:00,Hot-Dry,2009-11-13 18:40:00,11
15.61859741,-18.78634847,LA14,2009-11-13,07:00:00 PM,19:00:00,Hot-Dry,2009-11-13 19:00:00,11
15.61876119,-18.78336589,LA14,2009-11-13,07:20:00 PM,19:20:00,Hot-Dry,2009-11-13 19:20:00,11
15.6183787,-18.78044027,LA14,2009-11-13,07:40:00 PM,19:40:00,Hot-Dry,2009-11-13 19:40:00,11
15.61833801,-18.77830404,LA14,2009-11-13,08:00:00 PM,20:00:00,Hot-Dry,2009-11-13 20:00:00,11
15.61914266,-18.77636719,LA14,2009-11-13,08:20:00 PM,20:20:00,Hot-Dry,2009-11-13 20:20:00,11
15.61998494,-18.77284953,LA14,2009-11-13,08:40:00 PM,20:40:00,Hot-Dry,2009-11-13 20:40:00,11
15.62164408,-18.76939087,LA14,2009-11-13,09:00:00 PM,21:00:00,Hot-Dry,2009-11-13 21:00:00,11
15.62264201,-18.76428426,LA14,2009-11-13,09:20:00 PM,21:20:00,Hot-Dry,2009-11-13 21:20:00,11
15.62407633,-18.76210327,LA14,2009-11-13,09:40:00 PM,21:40:00,Hot-Dry,2009-11-13 21:40:00,11
15.62449443,-18.75993856,LA14,2009-11-13,10:00:00 PM,22:00:00,Hot-Dry,2009-11-13 22:00:00,11
15.62426046,-18.75757039,LA14,2009-11-13,10:20:00 PM,22:20:00,Hot-Dry,2009-11-13 22:20:00,11
15.62444967,-18.75625814,LA14,2009-11-13,10:40:00 PM,22:40:00,Hot-Dry,2009-11-13 22:40:00,11
15.62622172,-18.75504354,LA14,2009-11-13,11:00:00 PM,23:00:00,Hot-Dry,2009-11-13 23:00:00,11
15.6282074,-18.75304159,LA14,2009-11-13,11:20:00 PM,23:20:00,Hot-Dry,2009-11-13 23:20:00,11
15.63002116,-18.75060425,LA14,2009-11-13,11:40:00 PM,23:40:00,Hot-Dry,2009-11-13 23:40:00,11
15.63175964,-18.74862671,LA14,2009-11-14,12:00:00 AM,00:00:00,Hot-Dry,2009-11-14 00:00:00,11
15.63206787,-18.74735514,LA14,2009-11-14,12:20:00 AM,00:20:00,Hot-Dry,2009-11-14 00:20:00,11
15.63154195,-18.74676921,LA14,2009-11-14,12:40:00 AM,00:40:00,Hot-Dry,2009-11-14 00:40:00,11
15.63300883,-18.74596761,LA14,2009-11-14,01:00:00 AM,01:00:00,Hot-Dry,2009-11-14 01:00:00,11
15.63388265,-18.74445394,LA14,2009-11-14,01:20:00 AM,01:20:00,Hot-Dry,2009-11-14 01:20:00,11
15.63592529,-18.74254354,LA14,2009-11-14,01:40:00 AM,01:40:00,Hot-Dry,2009-11-14 01:40:00,11
15.63795675,-18.74192912,LA14,2009-11-14,02:00:00 AM,02:00:00,Hot-Dry,2009-11-14 02:00:00,11
15.63930766,-18.74062907,LA14,2009-11-14,02:20:00 AM,02:20:00,Hot-Dry,2009-11-14 02:20:00,11
15.63997599,-18.73863729,LA14,2009-11-14,02:40:00 AM,02:40:00,Hot-Dry,2009-11-14 02:40:00,11
15.63995667,-18.73658244,LA14,2009-11-14,03:00:00 AM,03:00:00,Hot-Dry,2009-11-14 03:00:00,11
15.64088643,-18.73348796,LA14,2009-11-14,03:20:00 AM,03:20:00,Hot-Dry,2009-11-14 03:20:00,11
15.63987935,-18.73151042,LA14,2009-11-14,03:40:00 AM,03:40:00,Hot-Dry,2009-11-14 03:40:00,11
15.64338888,-18.73167521,LA14,2009-11-14,04:00:00 AM,04:00:00,Hot-Dry,2009-11-14 04:00:00,11
15.64931234,-18.73098958,LA14,2009-11-14,04:20:00 AM,04:20:00,Hot-Dry,2009-11-14 04:20:00,11
15.64818929,-18.72899984,LA14,2009-11-14,04:40:00 AM,04:40:00,Hot-Dry,2009-11-14 04:40:00,11
15.65295207,-18.7241862,LA14,2009-11-14,05:00:00 AM,05:00:00,Hot-Dry,2009-11-14 05:00:00,11
15.66922506,-18.7173055,LA14,2009-11-14,05:20:00 AM,05:20:00,Hot-Dry,2009-11-14 05:20:00,11
15.67949727,-18.71833903,LA14,2009-11-14,05:40:00 AM,05:40:00,Hot-Dry,2009-11-14 05:40:00,11
15.68433126,-18.71581217,LA14,2009-11-14,06:00:00 AM,06:00:00,Hot-Dry,2009-11-14 06:00:00,11
15.68652547,-18.71217244,LA14,2009-11-14,06:20:00 AM,06:20:00,Hot-Dry,2009-11-14 06:20:00,11
15.68906453,-18.71087443,LA14,2009-11-14,06:40:00 AM,06:40:00,Hot-Dry,2009-11-14 06:40:00,11
15.68905538,-18.7108724,LA14,2009-11-14,07:00:00 AM,07:00:00,Hot-Dry,2009-11-14 07:00:00,11
15.68905131,-18.71088257,LA14,2009-11-14,07:20:00 AM,07:20:00,Hot-Dry,2009-11-14 07:20:00,11
15.68918966,-18.71117757,LA14,2009-11-14,07:40:00 AM,07:40:00,Hot-Dry,2009-11-14 07:40:00,11
15.69012248,-18.71211344,LA14,2009-11-14,08:00:00 AM,08:00:00,Hot-Dry,2009-11-14 08:00:00,11
15.69012044,-18.71211344,LA14,2009-11-14,08:20:00 AM,08:20:00,Hot-Dry,2009-11-14 08:20:00,11
15.69012553,-18.71211751,LA14,2009-11-14,08:40:00 AM,08:40:00,Hot-Dry,2009-11-14 08:40:00,11
15.69012756,-18.71213175,LA14,2009-11-14,09:00:00 AM,09:00:00,Hot-Dry,2009-11-14 09:00:00,11
15.68993734,-18.71248779,LA14,2009-11-14,09:20:00 AM,09:20:00,Hot-Dry,2009-11-14 09:20:00,11
15.68994242,-18.71247559,LA14,2009-11-14,09:40:00 AM,09:40:00,Hot-Dry,2009-11-14 09:40:00,11
15.68994344,-18.71247355,LA14,2009-11-14,10:00:00 AM,10:00:00,Hot-Dry,2009-11-14 10:00:00,11
15.68995565,-18.71246134,LA14,2009-11-14,10:20:00 AM,10:20:00,Hot-Dry,2009-11-14 10:20:00,11
15.6900177,-18.71226603,LA14,2009-11-14,10:40:00 AM,10:40:00,Hot-Dry,2009-11-14 10:40:00,11
15.69000753,-18.7122701,LA14,2009-11-14,11:00:00 AM,11:00:00,Hot-Dry,2009-11-14 11:00:00,11
15.69071248,-18.71226196,LA14,2009-11-14,11:20:00 AM,11:20:00,Hot-Dry,2009-11-14 11:20:00,11
15.69072266,-18.71226603,LA14,2009-11-14,11:40:00 AM,11:40:00,Hot-Dry,2009-11-14 11:40:00,11
15.69070536,-18.71228638,LA14,2009-11-14,12:00:00 PM,12:00:00,Hot-Dry,2009-11-14 12:00:00,11
15.69074402,-18.71215007,LA14,2009-11-14,12:20:00 PM,12:20:00,Hot-Dry,2009-11-14 12:20:00,11
15.69074198,-18.71213786,LA14,2009-11-14,12:40:00 PM,12:40:00,Hot-Dry,2009-11-14 12:40:00,11
15.6907664,-18.71213379,LA14,2009-11-14,01:00:00 PM,13:00:00,Hot-Dry,2009-11-14 13:00:00,11
15.69077047,-18.71213582,LA14,2009-11-14,01:20:00 PM,13:20:00,Hot-Dry,2009-11-14 13:20:00,11
15.69077861,-18.71212972,LA14,2009-11-14,01:40:00 PM,13:40:00,Hot-Dry,2009-11-14 13:40:00,11
15.69075012,-18.71226807,LA14,2009-11-14,02:00:00 PM,14:00:00,Hot-Dry,2009-11-14 14:00:00,11
15.68995667,-18.71246541,LA14,2009-11-14,02:20:00 PM,14:20:00,Hot-Dry,2009-11-14 14:20:00,11
15.69010315,-18.71231079,LA14,2009-11-14,02:40:00 PM,14:40:00,Hot-Dry,2009-11-14 14:40:00,11
15.69010722,-18.71229858,LA14,2009-11-14,03:00:00 PM,15:00:00,Hot-Dry,2009-11-14 15:00:00,11
15.69009806,-18.71230672,LA14,2009-11-14,03:20:00 PM,15:20:00,Hot-Dry,2009-11-14 15:20:00,11
15.68693034,-18.71350911,LA14,2009-11-14,03:40:00 PM,15:40:00,Hot-Dry,2009-11-14 15:40:00,11
15.68186646,-18.71623332,LA14,2009-11-14,04:00:00 PM,16:00:00,Hot-Dry,2009-11-14 16:00:00,11
15.6768748,-18.72178752,LA14,2009-11-14,04:20:00 PM,16:20:00,Hot-Dry,2009-11-14 16:20:00,11
15.67083639,-18.72777303,LA14,2009-11-14,04:40:00 PM,16:40:00,Hot-Dry,2009-11-14 16:40:00,11
15.67015584,-18.73424072,LA14,2009-11-14,05:00:00 PM,17:00:00,Hot-Dry,2009-11-14 17:00:00,11
15.66453349,-18.74023844,LA14,2009-11-14,05:20:00 PM,17:20:00,Hot-Dry,2009-11-14 17:20:00,11
15.65699158,-18.74746908,LA14,2009-11-14,05:40:00 PM,17:40:00,Hot-Dry,2009-11-14 17:40:00,11
15.65178426,-18.75308838,LA14,2009-11-14,06:00:00 PM,18:00:00,Hot-Dry,2009-11-14 18:00:00,11
15.64629822,-18.75665487,LA14,2009-11-14,06:20:00 PM,18:20:00,Hot-Dry,2009-11-14 18:20:00,11
15.64280701,-18.75922852,LA14,2009-11-14,06:40:00 PM,18:40:00,Hot-Dry,2009-11-14 18:40:00,11
15.63843587,-18.76266886,LA14,2009-11-14,07:00:00 PM,19:00:00,Hot-Dry,2009-11-14 19:00:00,11
15.63296407,-18.76888021,LA14,2009-11-14,07:20:00 PM,19:20:00,Hot-Dry,2009-11-14 19:20:00,11
15.6261617,-18.77774048,LA14,2009-11-14,07:40:00 PM,19:40:00,Hot-Dry,2009-11-14 19:40:00,11
15.61832581,-18.78659261,LA14,2009-11-14,08:00:00 PM,20:00:00,Hot-Dry,2009-11-14 20:00:00,11
15.61853333,-18.78657227,LA14,2009-11-14,08:20:00 PM,20:20:00,Hot-Dry,2009-11-14 20:20:00,11
15.61858012,-18.7866333,LA14,2009-11-14,08:40:00 PM,20:40:00,Hot-Dry,2009-11-14 20:40:00,11
15.6185557,-18.78666789,LA14,2009-11-14,09:00:00 PM,21:00:00,Hot-Dry,2009-11-14 21:00:00,11
15.61953227,-18.7850179,LA14,2009-11-14,09:20:00 PM,21:20:00,Hot-Dry,2009-11-14 21:20:00,11
15.62048747,-18.78170776,LA14,2009-11-14,09:40:00 PM,21:40:00,Hot-Dry,2009-11-14 21:40:00,11
15.62106018,-18.78020223,LA14,2009-11-14,10:00:00 PM,22:00:00,Hot-Dry,2009-11-14 22:00:00,11
15.62193502,-18.7771464,LA14,2009-11-14,10:20:00 PM,22:20:00,Hot-Dry,2009-11-14 22:20:00,11
15.62236328,-18.77546387,LA14,2009-11-14,10:40:00 PM,22:40:00,Hot-Dry,2009-11-14 22:40:00,11
15.62360942,-18.77214152,LA14,2009-11-14,11:00:00 PM,23:00:00,Hot-Dry,2009-11-14 23:00:00,11
15.62524109,-18.76899618,LA14,2009-11-14,11:20:00 PM,23:20:00,Hot-Dry,2009-11-14 23:20:00,11
15.6261556,-18.76779785,LA14,2009-11-14,11:40:00 PM,23:40:00,Hot-Dry,2009-11-14 23:40:00,11
15.62741801,-18.7649882,LA14,2009-11-15,12:00:00 AM,00:00:00,Hot-Dry,2009-11-15 00:00:00,11
15.62714132,-18.76316528,LA14,2009-11-15,12:20:00 AM,00:20:00,Hot-Dry,2009-11-15 00:20:00,11
15.62720032,-18.7620402,LA14,2009-11-15,12:40:00 AM,00:40:00,Hot-Dry,2009-11-15 00:40:00,11
15.62709757,-18.76141357,LA14,2009-11-15,01:00:00 AM,01:00:00,Hot-Dry,2009-11-15 01:00:00,11
15.62768656,-18.76148478,LA14,2009-11-15,01:20:00 AM,01:20:00,Hot-Dry,2009-11-15 01:20:00,11
15.62856344,-18.76075846,LA14,2009-11-15,01:40:00 AM,01:40:00,Hot-Dry,2009-11-15 01:40:00,11
15.62968953,-18.7609904,LA14,2009-11-15,02:00:00 AM,02:00:00,Hot-Dry,2009-11-15 02:00:00,11
15.63060303,-18.76046143,LA14,2009-11-15,02:20:00 AM,02:20:00,Hot-Dry,2009-11-15 02:20:00,11
15.63136292,-18.76050415,LA14,2009-11-15,02:40:00 AM,02:40:00,Hot-Dry,2009-11-15 02:40:00,11
15.63145345,-18.76027222,LA14,2009-11-15,03:00:00 AM,03:00:00,Hot-Dry,2009-11-15 03:00:00,11
15.63223368,-18.75997721,LA14,2009-11-15,03:20:00 AM,03:20:00,Hot-Dry,2009-11-15 03:20:00,11
15.634375,-18.75851644,LA14,2009-11-15,03:40:00 AM,03:40:00,Hot-Dry,2009-11-15 03:40:00,11
15.63501994,-18.75826823,LA14,2009-11-15,04:00:00 AM,04:00:00,Hot-Dry,2009-11-15 04:00:00,11
15.63111165,-18.75673014,LA14,2009-11-15,04:20:00 AM,04:20:00,Hot-Dry,2009-11-15 04:20:00,11
15.62953593,-18.75631714,LA14,2009-11-15,04:40:00 AM,04:40:00,Hot-Dry,2009-11-15 04:40:00,11
15.62885844,-18.7572347,LA14,2009-11-15,05:00:00 AM,05:00:00,Hot-Dry,2009-11-15 05:00:00,11
15.63099467,-18.75830282,LA14,2009-11-15,05:20:00 AM,05:20:00,Hot-Dry,2009-11-15 05:20:00,11
15.63304443,-18.75576782,LA14,2009-11-15,05:40:00 AM,05:40:00,Hot-Dry,2009-11-15 05:40:00,11
15.63706868,-18.75638021,LA14,2009-11-15,06:00:00 AM,06:00:00,Hot-Dry,2009-11-15 06:00:00,11
15.63974508,-18.7575826,LA14,2009-11-15,06:20:00 AM,06:20:00,Hot-Dry,2009-11-15 06:20:00,11
15.64184672,-18.76156616,LA14,2009-11-15,06:40:00 AM,06:40:00,Hot-Dry,2009-11-15 06:40:00,11
15.64351908,-18.76403198,LA14,2009-11-15,07:00:00 AM,07:00:00,Hot-Dry,2009-11-15 07:00:00,11
15.64712626,-18.76786702,LA14,2009-11-15,07:20:00 AM,07:20:00,Hot-Dry,2009-11-15 07:20:00,11
15.66122131,-18.77092082,LA14,2009-11-15,07:40:00 AM,07:40:00,Hot-Dry,2009-11-15 07:40:00,11
15.66998189,-18.76551717,LA14,2009-11-15,08:00:00 AM,08:00:00,Hot-Dry,2009-11-15 08:00:00,11
15.67034302,-18.76479899,LA14,2009-11-15,08:20:00 AM,08:20:00,Hot-Dry,2009-11-15 08:20:00,11
15.6703481,-18.7647644,LA14,2009-11-15,08:40:00 AM,08:40:00,Hot-Dry,2009-11-15 08:40:00,11
15.67035726,-18.7647644,LA14,2009-11-15,09:00:00 AM,09:00:00,Hot-Dry,2009-11-15 09:00:00,11
15.67035726,-18.7647644,LA14,2009-11-15,09:20:00 AM,09:20:00,Hot-Dry,2009-11-15 09:20:00,11
15.6703654,-18.7647522,LA14,2009-11-15,09:40:00 AM,09:40:00,Hot-Dry,2009-11-15 09:40:00,11
15.67122803,-18.76440837,LA14,2009-11-15,10:00:00 AM,10:00:00,Hot-Dry,2009-11-15 10:00:00,11
15.67351278,-18.76337484,LA14,2009-11-15,10:20:00 AM,10:20:00,Hot-Dry,2009-11-15 10:20:00,11
15.67352397,-18.76338704,LA14,2009-11-15,10:40:00 AM,10:40:00,Hot-Dry,2009-11-15 10:40:00,11
15.67356466,-18.76340332,LA14,2009-11-15,11:00:00 AM,11:00:00,Hot-Dry,2009-11-15 11:00:00,11
15.67356567,-18.76338298,LA14,2009-11-15,11:20:00 AM,11:20:00,Hot-Dry,2009-11-15 11:20:00,11
15.67350769,-18.76332397,LA14,2009-11-15,11:40:00 AM,11:40:00,Hot-Dry,2009-11-15 11:40:00,11
15.67359416,-18.76334635,LA14,2009-11-15,12:00:00 PM,12:00:00,Hot-Dry,2009-11-15 12:00:00,11
15.67359111,-18.76340129,LA14,2009-11-15,12:20:00 PM,12:20:00,Hot-Dry,2009-11-15 12:20:00,11
15.67360738,-18.76338094,LA14,2009-11-15,12:40:00 PM,12:40:00,Hot-Dry,2009-11-15 12:40:00,11
15.67357483,-18.76339518,LA14,2009-11-15,01:00:00 PM,13:00:00,Hot-Dry,2009-11-15 13:00:00,11
15.6735494,-18.76340942,LA14,2009-11-15,01:20:00 PM,13:20:00,Hot-Dry,2009-11-15 13:20:00,11
15.6735494,-18.76340332,LA14,2009-11-15,01:40:00 PM,13:40:00,Hot-Dry,2009-11-15 13:40:00,11
15.67362264,-18.76338501,LA14,2009-11-15,02:00:00 PM,14:00:00,Hot-Dry,2009-11-15 14:00:00,11
15.67344564,-18.76352946,LA14,2009-11-15,02:20:00 PM,14:20:00,Hot-Dry,2009-11-15 14:20:00,11
15.67364909,-18.76379801,LA14,2009-11-15,02:40:00 PM,14:40:00,Hot-Dry,2009-11-15 14:40:00,11
15.67335307,-18.76406657,LA14,2009-11-15,03:00:00 PM,15:00:00,Hot-Dry,2009-11-15 15:00:00,11
15.67238464,-18.76445923,LA14,2009-11-15,03:20:00 PM,15:20:00,Hot-Dry,2009-11-15 15:20:00,11
15.67101746,-18.76620687,LA14,2009-11-15,03:40:00 PM,15:40:00,Hot-Dry,2009-11-15 15:40:00,11
15.66803487,-18.76778971,LA14,2009-11-15,04:00:00 PM,16:00:00,Hot-Dry,2009-11-15 16:00:00,11
15.66531779,-18.77015788,LA14,2009-11-15,04:20:00 PM,16:20:00,Hot-Dry,2009-11-15 16:20:00,11
15.66122335,-18.77383016,LA14,2009-11-15,04:40:00 PM,16:40:00,Hot-Dry,2009-11-15 16:40:00,11
15.65414327,-18.77682902,LA14,2009-11-15,05:00:00 PM,17:00:00,Hot-Dry,2009-11-15 17:00:00,11
15.64565023,-18.77943522,LA14,2009-11-15,05:20:00 PM,17:20:00,Hot-Dry,2009-11-15 17:20:00,11
15.63959249,-18.78027344,LA14,2009-11-15,05:40:00 PM,17:40:00,Hot-Dry,2009-11-15 17:40:00,11
15.63449605,-18.78075155,LA14,2009-11-15,06:00:00 PM,18:00:00,Hot-Dry,2009-11-15 18:00:00,11
15.62511393,-18.78348185,LA14,2009-11-15,06:20:00 PM,18:20:00,Hot-Dry,2009-11-15 18:20:00,11
15.61861165,-18.78664551,LA14,2009-11-15,06:40:00 PM,18:40:00,Hot-Dry,2009-11-15 18:40:00,11
15.61857402,-18.78648885,LA14,2009-11-15,07:00:00 PM,19:00:00,Hot-Dry,2009-11-15 19:00:00,11
15.6185201,-18.78646037,LA14,2009-11-15,07:20:00 PM,19:20:00,Hot-Dry,2009-11-15 19:20:00,11
15.61891785,-18.78573812,LA14,2009-11-15,07:40:00 PM,19:40:00,Hot-Dry,2009-11-15 19:40:00,11
15.62124634,-18.78453979,LA14,2009-11-15,08:00:00 PM,20:00:00,Hot-Dry,2009-11-15 20:00:00,11
15.62429504,-18.78214722,LA14,2009-11-15,08:20:00 PM,20:20:00,Hot-Dry,2009-11-15 20:20:00,11
15.62926839,-18.77799072,LA14,2009-11-15,08:40:00 PM,20:40:00,Hot-Dry,2009-11-15 20:40:00,11
15.63283183,-18.77571615,LA14,2009-11-15,09:00:00 PM,21:00:00,Hot-Dry,2009-11-15 21:00:00,11
15.63582357,-18.77369995,LA14,2009-11-15,09:20:00 PM,21:20:00,Hot-Dry,2009-11-15 21:20:00,11
15.63613688,-18.77207438,LA14,2009-11-15,09:40:00 PM,21:40:00,Hot-Dry,2009-11-15 21:40:00,11
15.63768514,-18.76876831,LA14,2009-11-15,10:00:00 PM,22:00:00,Hot-Dry,2009-11-15 22:00:00,11
15.63981222,-18.7643514,LA14,2009-11-15,10:20:00 PM,22:20:00,Hot-Dry,2009-11-15 22:20:00,11
15.64340719,-18.76119995,LA14,2009-11-15,10:40:00 PM,22:40:00,Hot-Dry,2009-11-15 22:40:00,11
15.64563192,-18.75998739,LA14,2009-11-15,11:00:00 PM,23:00:00,Hot-Dry,2009-11-15 23:00:00,11
15.65107422,-18.7585612,LA14,2009-11-15,11:20:00 PM,23:20:00,Hot-Dry,2009-11-15 23:20:00,11
15.65442301,-18.75722046,LA14,2009-11-15,11:40:00 PM,23:40:00,Hot-Dry,2009-11-15 23:40:00,11
15.65587667,-18.75590617,LA14,2009-11-16,12:00:00 AM,00:00:00,Hot-Dry,2009-11-16 00:00:00,11
15.65488892,-18.75309245,LA14,2009-11-16,12:20:00 AM,00:20:00,Hot-Dry,2009-11-16 00:20:00,11
15.65227966,-18.74807332,LA14,2009-11-16,12:40:00 AM,00:40:00,Hot-Dry,2009-11-16 00:40:00,11
15.65204061,-18.74625854,LA14,2009-11-16,01:00:00 AM,01:00:00,Hot-Dry,2009-11-16 01:00:00,11
15.65198873,-18.74587402,LA14,2009-11-16,01:20:00 AM,01:20:00,Hot-Dry,2009-11-16 01:20:00,11
15.65443624,-18.74430135,LA14,2009-11-16,01:40:00 AM,01:40:00,Hot-Dry,2009-11-16 01:40:00,11
15.65620728,-18.74267782,LA14,2009-11-16,02:00:00 AM,02:00:00,Hot-Dry,2009-11-16 02:00:00,11
15.65619405,-18.74261271,LA14,2009-11-16,02:20:00 AM,02:20:00,Hot-Dry,2009-11-16 02:20:00,11
15.65621338,-18.74264119,LA14,2009-11-16,02:40:00 AM,02:40:00,Hot-Dry,2009-11-16 02:40:00,11
15.65794067,-18.74188232,LA14,2009-11-16,03:00:00 AM,03:00:00,Hot-Dry,2009-11-16 03:00:00,11
15.65792135,-18.74186605,LA14,2009-11-16,03:20:00 AM,03:20:00,Hot-Dry,2009-11-16 03:20:00,11
15.6582723,-18.74106242,LA14,2009-11-16,03:40:00 AM,03:40:00,Hot-Dry,2009-11-16 03:40:00,11
15.65984294,-18.73965047,LA14,2009-11-16,04:00:00 AM,04:00:00,Hot-Dry,2009-11-16 04:00:00,11
15.66524862,-18.73347778,LA14,2009-11-16,04:20:00 AM,04:20:00,Hot-Dry,2009-11-16 04:20:00,11
15.66976115,-18.7267395,LA14,2009-11-16,04:40:00 AM,04:40:00,Hot-Dry,2009-11-16 04:40:00,11
15.67460327,-18.72278849,LA14,2009-11-16,05:00:00 AM,05:00:00,Hot-Dry,2009-11-16 05:00:00,11
15.679894,-18.71841431,LA14,2009-11-16,05:20:00 AM,05:20:00,Hot-Dry,2009-11-16 05:20:00,11
15.68417664,-18.71690877,LA14,2009-11-16,05:40:00 AM,05:40:00,Hot-Dry,2009-11-16 05:40:00,11
15.68827006,-18.7136027,LA14,2009-11-16,06:00:00 AM,06:00:00,Hot-Dry,2009-11-16 06:00:00,11
15.6917867,-18.71200562,LA14,2009-11-16,06:20:00 AM,06:20:00,Hot-Dry,2009-11-16 06:20:00,11
15.69244792,-18.71139526,LA14,2009-11-16,06:40:00 AM,06:40:00,Hot-Dry,2009-11-16 06:40:00,11
15.6937856,-18.71079102,LA14,2009-11-16,07:00:00 AM,07:00:00,Hot-Dry,2009-11-16 07:00:00,11
15.69628092,-18.71144409,LA14,2009-11-16,07:20:00 AM,07:20:00,Hot-Dry,2009-11-16 07:20:00,11
15.69666951,-18.71179606,LA14,2009-11-16,07:40:00 AM,07:40:00,Hot-Dry,2009-11-16 07:40:00,11
15.69848124,-18.7124939,LA14,2009-11-16,08:00:00 AM,08:00:00,Hot-Dry,2009-11-16 08:00:00,11
15.69860942,-18.71323649,LA14,2009-11-16,08:20:00 AM,08:20:00,Hot-Dry,2009-11-16 08:20:00,11
15.6979187,-18.71404012,LA14,2009-11-16,08:40:00 AM,08:40:00,Hot-Dry,2009-11-16 08:40:00,11
15.69797567,-18.71451009,LA14,2009-11-16,09:00:00 AM,09:00:00,Hot-Dry,2009-11-16 09:00:00,11
15.69779358,-18.71468913,LA14,2009-11-16,09:20:00 AM,09:20:00,Hot-Dry,2009-11-16 09:20:00,11
15.69788818,-18.71467692,LA14,2009-11-16,09:40:00 AM,09:40:00,Hot-Dry,2009-11-16 09:40:00,11
15.69790853,-18.71468709,LA14,2009-11-16,10:00:00 AM,10:00:00,Hot-Dry,2009-11-16 10:00:00,11
15.69788411,-18.71468506,LA14,2009-11-16,10:20:00 AM,10:20:00,Hot-Dry,2009-11-16 10:20:00,11
15.69790039,-18.71465658,LA14,2009-11-16,10:40:00 AM,10:40:00,Hot-Dry,2009-11-16 10:40:00,11
15.69791565,-18.71468709,LA14,2009-11-16,11:00:00 AM,11:00:00,Hot-Dry,2009-11-16 11:00:00,11
15.69706421,-18.71512655,LA14,2009-11-16,11:20:00 AM,11:20:00,Hot-Dry,2009-11-16 11:20:00,11
15.69696452,-18.71518148,LA14,2009-11-16,11:40:00 AM,11:40:00,Hot-Dry,2009-11-16 11:40:00,11
15.69695333,-18.71520182,LA14,2009-11-16,12:00:00 PM,12:00:00,Hot-Dry,2009-11-16 12:00:00,11
15.6969574,-18.71519775,LA14,2009-11-16,12:20:00 PM,12:20:00,Hot-Dry,2009-11-16 12:20:00,11
15.69695435,-18.71513468,LA14,2009-11-16,12:40:00 PM,12:40:00,Hot-Dry,2009-11-16 12:40:00,11
15.69694519,-18.71515096,LA14,2009-11-16,01:00:00 PM,13:00:00,Hot-Dry,2009-11-16 13:00:00,11
15.69697266,-18.71518148,LA14,2009-11-16,01:20:00 PM,13:20:00,Hot-Dry,2009-11-16 13:20:00,11
15.69697062,-18.71517131,LA14,2009-11-16,01:40:00 PM,13:40:00,Hot-Dry,2009-11-16 13:40:00,11
15.69701029,-18.71520589,LA14,2009-11-16,02:00:00 PM,14:00:00,Hot-Dry,2009-11-16 14:00:00,11
15.69695841,-18.71513265,LA14,2009-11-16,02:20:00 PM,14:20:00,Hot-Dry,2009-11-16 14:20:00,11
15.69700012,-18.71520589,LA14,2009-11-16,02:40:00 PM,14:40:00,Hot-Dry,2009-11-16 14:40:00,11
15.6958608,-18.71622925,LA14,2009-11-16,03:00:00 PM,15:00:00,Hot-Dry,2009-11-16 15:00:00,11
15.69530538,-18.71688639,LA14,2009-11-16,03:20:00 PM,15:20:00,Hot-Dry,2009-11-16 15:20:00,11
15.69260864,-18.71999308,LA14,2009-11-16,03:40:00 PM,15:40:00,Hot-Dry,2009-11-16 15:40:00,11
15.69192403,-18.7229126,LA14,2009-11-16,04:00:00 PM,16:00:00,Hot-Dry,2009-11-16 16:00:00,11
15.69140015,-18.72565918,LA14,2009-11-16,04:20:00 PM,16:20:00,Hot-Dry,2009-11-16 16:20:00,11
15.68836873,-18.72930908,LA14,2009-11-16,04:40:00 PM,16:40:00,Hot-Dry,2009-11-16 16:40:00,11
15.68777771,-18.73463542,LA14,2009-11-16,05:00:00 PM,17:00:00,Hot-Dry,2009-11-16 17:00:00,11
15.68807271,-18.73795166,LA14,2009-11-16,05:20:00 PM,17:20:00,Hot-Dry,2009-11-16 17:20:00,11
15.68784281,-18.74059652,LA14,2009-11-16,05:40:00 PM,17:40:00,Hot-Dry,2009-11-16 17:40:00,11
15.68777059,-18.74551188,LA14,2009-11-16,06:00:00 PM,18:00:00,Hot-Dry,2009-11-16 18:00:00,11
15.68671875,-18.74769491,LA14,2009-11-16,06:20:00 PM,18:20:00,Hot-Dry,2009-11-16 18:20:00,11
15.68335266,-18.74881795,LA14,2009-11-16,06:40:00 PM,18:40:00,Hot-Dry,2009-11-16 18:40:00,11
15.67896016,-18.74925944,LA14,2009-11-16,07:00:00 PM,19:00:00,Hot-Dry,2009-11-16 19:00:00,11
15.67407227,-18.75137329,LA14,2009-11-16,07:20:00 PM,19:20:00,Hot-Dry,2009-11-16 19:20:00,11
15.6698466,-18.75331421,LA14,2009-11-16,07:40:00 PM,19:40:00,Hot-Dry,2009-11-16 19:40:00,11
15.66648966,-18.75520223,LA14,2009-11-16,08:00:00 PM,20:00:00,Hot-Dry,2009-11-16 20:00:00,11
15.6587738,-18.76096191,LA14,2009-11-16,08:20:00 PM,20:20:00,Hot-Dry,2009-11-16 20:20:00,11
15.65246175,-18.76349487,LA14,2009-11-16,08:40:00 PM,20:40:00,Hot-Dry,2009-11-16 20:40:00,11
15.64963379,-18.7661377,LA14,2009-11-16,09:00:00 PM,21:00:00,Hot-Dry,2009-11-16 21:00:00,11
15.64689026,-18.76789754,LA14,2009-11-16,09:20:00 PM,21:20:00,Hot-Dry,2009-11-16 21:20:00,11
15.64219564,-18.77149862,LA14,2009-11-16,09:40:00 PM,21:40:00,Hot-Dry,2009-11-16 21:40:00,11
15.63745015,-18.77450155,LA14,2009-11-16,10:00:00 PM,22:00:00,Hot-Dry,2009-11-16 22:00:00,11
15.63652242,-18.77539876,LA14,2009-11-16,10:20:00 PM,22:20:00,Hot-Dry,2009-11-16 22:20:00,11
15.63510844,-18.77616577,LA14,2009-11-16,10:40:00 PM,22:40:00,Hot-Dry,2009-11-16 22:40:00,11
15.62962443,-18.77997843,LA14,2009-11-16,11:00:00 PM,23:00:00,Hot-Dry,2009-11-16 23:00:00,11
15.62065938,-18.78546753,LA14,2009-11-16,11:20:00 PM,23:20:00,Hot-Dry,2009-11-16 23:20:00,11
15.61858215,-18.78654989,LA14,2009-11-16,11:40:00 PM,23:40:00,Hot-Dry,2009-11-16 23:40:00,11
15.61860148,-18.78664551,LA14,2009-11-17,12:00:00 AM,00:00:00,Hot-Dry,2009-11-17 00:00:00,11
15.61905518,-18.78647868,LA14,2009-11-17,12:20:00 AM,00:20:00,Hot-Dry,2009-11-17 00:20:00,11
15.61995544,-18.78575643,LA14,2009-11-17,12:40:00 AM,00:40:00,Hot-Dry,2009-11-17 00:40:00,11
15.62240702,-18.78487752,LA14,2009-11-17,01:00:00 AM,01:00:00,Hot-Dry,2009-11-17 01:00:00,11
15.62472229,-18.78349406,LA14,2009-11-17,01:20:00 AM,01:20:00,Hot-Dry,2009-11-17 01:20:00,11
15.62572021,-18.78334147,LA14,2009-11-17,01:40:00 AM,01:40:00,Hot-Dry,2009-11-17 01:40:00,11
15.6288859,-18.78108317,LA14,2009-11-17,02:00:00 AM,02:00:00,Hot-Dry,2009-11-17 02:00:00,11
15.63199056,-18.78006795,LA14,2009-11-17,02:20:00 AM,02:20:00,Hot-Dry,2009-11-17 02:20:00,11
15.63369242,-18.77917887,LA14,2009-11-17,02:40:00 AM,02:40:00,Hot-Dry,2009-11-17 02:40:00,11
15.63664042,-18.77841187,LA14,2009-11-17,03:00:00 AM,03:00:00,Hot-Dry,2009-11-17 03:00:00,11
15.64134216,-18.77582601,LA14,2009-11-17,03:20:00 AM,03:20:00,Hot-Dry,2009-11-17 03:20:00,11
15.65050863,-18.77369792,LA14,2009-11-17,03:40:00 AM,03:40:00,Hot-Dry,2009-11-17 03:40:00,11
15.66306152,-18.76847127,LA14,2009-11-17,04:00:00 AM,04:00:00,Hot-Dry,2009-11-17 04:00:00,11
15.67000224,-18.76438802,LA14,2009-11-17,04:20:00 AM,04:20:00,Hot-Dry,2009-11-17 04:20:00,11
15.67467651,-18.76276855,LA14,2009-11-17,04:40:00 AM,04:40:00,Hot-Dry,2009-11-17 04:40:00,11
15.67798665,-18.7607015,LA14,2009-11-17,05:00:00 AM,05:00:00,Hot-Dry,2009-11-17 05:00:00,11
15.68053691,-18.75812785,LA14,2009-11-17,05:20:00 AM,05:20:00,Hot-Dry,2009-11-17 05:20:00,11
15.68731283,-18.7465861,LA14,2009-11-17,05:40:00 AM,05:40:00,Hot-Dry,2009-11-17 05:40:00,11
15.69122721,-18.73678182,LA14,2009-11-17,06:00:00 AM,06:00:00,Hot-Dry,2009-11-17 06:00:00,11
15.69579875,-18.73417562,LA14,2009-11-17,06:20:00 AM,06:20:00,Hot-Dry,2009-11-17 06:20:00,11
15.69776204,-18.73311971,LA14,2009-11-17,06:40:00 AM,06:40:00,Hot-Dry,2009-11-17 06:40:00,11
15.69870402,-18.73296305,LA14,2009-11-17,07:00:00 AM,07:00:00,Hot-Dry,2009-11-17 07:00:00,11
15.69876811,-18.73138021,LA14,2009-11-17,07:20:00 AM,07:20:00,Hot-Dry,2009-11-17 07:20:00,11
15.69763184,-18.73034871,LA14,2009-11-17,07:40:00 AM,07:40:00,Hot-Dry,2009-11-17 07:40:00,11
15.6962738,-18.73101196,LA14,2009-11-17,08:00:00 AM,08:00:00,Hot-Dry,2009-11-17 08:00:00,11
15.69640706,-18.73128866,LA14,2009-11-17,08:20:00 AM,08:20:00,Hot-Dry,2009-11-17 08:20:00,11
15.69653829,-18.73206177,LA14,2009-11-17,08:40:00 AM,08:40:00,Hot-Dry,2009-11-17 08:40:00,11
15.696521,-18.7320577,LA14,2009-11-17,09:00:00 AM,09:00:00,Hot-Dry,2009-11-17 09:00:00,11
15.69653829,-18.73204956,LA14,2009-11-17,09:20:00 AM,09:20:00,Hot-Dry,2009-11-17 09:20:00,11
15.69655558,-18.7320577,LA14,2009-11-17,09:40:00 AM,09:40:00,Hot-Dry,2009-11-17 09:40:00,11
15.69654744,-18.73203735,LA14,2009-11-17,10:00:00 AM,10:00:00,Hot-Dry,2009-11-17 10:00:00,11
15.69664815,-18.73220418,LA14,2009-11-17,10:20:00 AM,10:20:00,Hot-Dry,2009-11-17 10:20:00,11
15.69626058,-18.73216553,LA14,2009-11-17,10:40:00 AM,10:40:00,Hot-Dry,2009-11-17 10:40:00,11
15.69623515,-18.73217773,LA14,2009-11-17,11:00:00 AM,11:00:00,Hot-Dry,2009-11-17 11:00:00,11
15.69607442,-18.73229167,LA14,2009-11-17,11:20:00 AM,11:20:00,Hot-Dry,2009-11-17 11:20:00,11
15.69601237,-18.73228149,LA14,2009-11-17,11:40:00 AM,11:40:00,Hot-Dry,2009-11-17 11:40:00,11
15.69625244,-18.73220622,LA14,2009-11-17,12:00:00 PM,12:00:00,Hot-Dry,2009-11-17 12:00:00,11
15.69625956,-18.73218587,LA14,2009-11-17,12:20:00 PM,12:20:00,Hot-Dry,2009-11-17 12:20:00,11
15.69626363,-18.73217367,LA14,2009-11-17,12:40:00 PM,12:40:00,Hot-Dry,2009-11-17 12:40:00,11
15.69622803,-18.73218994,LA14,2009-11-17,01:00:00 PM,13:00:00,Hot-Dry,2009-11-17 13:00:00,11
15.69627177,-18.73217773,LA14,2009-11-17,01:20:00 PM,13:20:00,Hot-Dry,2009-11-17 13:20:00,11
15.69627991,-18.73233032,LA14,2009-11-17,01:40:00 PM,13:40:00,Hot-Dry,2009-11-17 13:40:00,11
15.69621887,-18.73250122,LA14,2009-11-17,02:00:00 PM,14:00:00,Hot-Dry,2009-11-17 14:00:00,11
15.69576314,-18.73243612,LA14,2009-11-17,02:20:00 PM,14:20:00,Hot-Dry,2009-11-17 14:20:00,11
15.69530131,-18.73232625,LA14,2009-11-17,02:40:00 PM,14:40:00,Hot-Dry,2009-11-17 14:40:00,11
15.69536336,-18.73161011,LA14,2009-11-17,03:00:00 PM,15:00:00,Hot-Dry,2009-11-17 15:00:00,11
15.69762573,-18.72946574,LA14,2009-11-17,03:20:00 PM,15:20:00,Hot-Dry,2009-11-17 15:20:00,11
15.69769592,-18.72950439,LA14,2009-11-17,03:40:00 PM,15:40:00,Hot-Dry,2009-11-17 15:40:00,11
15.69776611,-18.73040568,LA14,2009-11-17,04:00:00 PM,16:00:00,Hot-Dry,2009-11-17 16:00:00,11
15.69682922,-18.73249512,LA14,2009-11-17,04:20:00 PM,16:20:00,Hot-Dry,2009-11-17 16:20:00,11
15.69618022,-18.73441162,LA14,2009-11-17,04:40:00 PM,16:40:00,Hot-Dry,2009-11-17 16:40:00,11
15.69356791,-18.73727417,LA14,2009-11-17,05:00:00 PM,17:00:00,Hot-Dry,2009-11-17 17:00:00,11
15.68952535,-18.73878581,LA14,2009-11-17,05:20:00 PM,17:20:00,Hot-Dry,2009-11-17 17:20:00,11
15.68624166,-18.74037069,LA14,2009-11-17,05:40:00 PM,17:40:00,Hot-Dry,2009-11-17 17:40:00,11
15.68461507,-18.74064331,LA14,2009-11-17,06:00:00 PM,18:00:00,Hot-Dry,2009-11-17 18:00:00,11
15.68075663,-18.74099935,LA14,2009-11-17,06:20:00 PM,18:20:00,Hot-Dry,2009-11-17 18:20:00,11
15.67759501,-18.74413656,LA14,2009-11-17,06:40:00 PM,18:40:00,Hot-Dry,2009-11-17 18:40:00,11
15.67606506,-18.7458903,LA14,2009-11-17,07:00:00 PM,19:00:00,Hot-Dry,2009-11-17 19:00:00,11
15.67240295,-18.74947917,LA14,2009-11-17,07:20:00 PM,19:20:00,Hot-Dry,2009-11-17 19:20:00,11
15.67009176,-18.75112712,LA14,2009-11-17,07:40:00 PM,19:40:00,Hot-Dry,2009-11-17 19:40:00,11
15.66781616,-18.75357259,LA14,2009-11-17,08:00:00 PM,20:00:00,Hot-Dry,2009-11-17 20:00:00,11
15.66387634,-18.75534465,LA14,2009-11-17,08:20:00 PM,20:20:00,Hot-Dry,2009-11-17 20:20:00,11
15.66037699,-18.75774333,LA14,2009-11-17,08:40:00 PM,20:40:00,Hot-Dry,2009-11-17 20:40:00,11
15.65706075,-18.75927734,LA14,2009-11-17,09:00:00 PM,21:00:00,Hot-Dry,2009-11-17 21:00:00,11
15.65284119,-18.76107178,LA14,2009-11-17,09:20:00 PM,21:20:00,Hot-Dry,2009-11-17 21:20:00,11
15.64981893,-18.76216838,LA14,2009-11-17,09:40:00 PM,21:40:00,Hot-Dry,2009-11-17 21:40:00,11
15.64669189,-18.76378581,LA14,2009-11-17,10:00:00 PM,22:00:00,Hot-Dry,2009-11-17 22:00:00,11
15.64317627,-18.76581421,LA14,2009-11-17,10:20:00 PM,22:20:00,Hot-Dry,2009-11-17 22:20:00,11
15.63951416,-18.76759237,LA14,2009-11-17,10:40:00 PM,22:40:00,Hot-Dry,2009-11-17 22:40:00,11
15.63418681,-18.77060954,LA14,2009-11-17,11:00:00 PM,23:00:00,Hot-Dry,2009-11-17 23:00:00,11
15.63191223,-18.7724528,LA14,2009-11-17,11:20:00 PM,23:20:00,Hot-Dry,2009-11-17 23:20:00,11
15.62508748,-18.77935588,LA14,2009-11-17,11:40:00 PM,23:40:00,Hot-Dry,2009-11-17 23:40:00,11
15.6192983,-18.7858846,LA14,2009-11-18,12:00:00 AM,00:00:00,Hot-Dry,2009-11-18 00:00:00,11
15.61857808,-18.78666585,LA14,2009-11-18,12:20:00 AM,00:20:00,Hot-Dry,2009-11-18 00:20:00,11
15.61883952,-18.78656006,LA14,2009-11-18,12:40:00 AM,00:40:00,Hot-Dry,2009-11-18 00:40:00,11
15.61883748,-18.78655192,LA14,2009-11-18,01:00:00 AM,01:00:00,Hot-Dry,2009-11-18 01:00:00,11
15.62407837,-18.78331095,LA14,2009-11-18,01:20:00 AM,01:20:00,Hot-Dry,2009-11-18 01:20:00,11
15.63039958,-18.77746379,LA14,2009-11-18,01:40:00 AM,01:40:00,Hot-Dry,2009-11-18 01:40:00,11
15.63515218,-18.77164307,LA14,2009-11-18,02:00:00 AM,02:00:00,Hot-Dry,2009-11-18 02:00:00,11
15.63690999,-18.76531982,LA14,2009-11-18,02:20:00 AM,02:20:00,Hot-Dry,2009-11-18 02:20:00,11
15.64079386,-18.7564209,LA14,2009-11-18,02:40:00 AM,02:40:00,Hot-Dry,2009-11-18 02:40:00,11
15.64493815,-18.75009562,LA14,2009-11-18,03:00:00 AM,03:00:00,Hot-Dry,2009-11-18 03:00:00,11
15.65057271,-18.74522298,LA14,2009-11-18,03:20:00 AM,03:20:00,Hot-Dry,2009-11-18 03:20:00,11
15.66310221,-18.74286092,LA14,2009-11-18,03:40:00 AM,03:40:00,Hot-Dry,2009-11-18 03:40:00,11
15.66798604,-18.74365438,LA14,2009-11-18,04:00:00 AM,04:00:00,Hot-Dry,2009-11-18 04:00:00,11
15.67301127,-18.73495076,LA14,2009-11-18,04:20:00 AM,04:20:00,Hot-Dry,2009-11-18 04:20:00,11
15.68079427,-18.72849528,LA14,2009-11-18,04:40:00 AM,04:40:00,Hot-Dry,2009-11-18 04:40:00,11
15.68955282,-18.72485758,LA14,2009-11-18,05:00:00 AM,05:00:00,Hot-Dry,2009-11-18 05:00:00,11
15.69740702,-18.71936646,LA14,2009-11-18,05:20:00 AM,05:20:00,Hot-Dry,2009-11-18 05:20:00,11
15.70203654,-18.71735229,LA14,2009-11-18,05:40:00 AM,05:40:00,Hot-Dry,2009-11-18 05:40:00,11
15.70157166,-18.71513265,LA14,2009-11-18,06:00:00 AM,06:00:00,Hot-Dry,2009-11-18 06:00:00,11
15.70091451,-18.7143575,LA14,2009-11-18,06:20:00 AM,06:20:00,Hot-Dry,2009-11-18 06:20:00,11
15.70167948,-18.71346029,LA14,2009-11-18,06:40:00 AM,06:40:00,Hot-Dry,2009-11-18 06:40:00,11
15.7036499,-18.7105306,LA14,2009-11-18,07:00:00 AM,07:00:00,Hot-Dry,2009-11-18 07:00:00,11
15.70628255,-18.71037598,LA14,2009-11-18,07:20:00 AM,07:20:00,Hot-Dry,2009-11-18 07:20:00,11
15.71226908,-18.71215617,LA14,2009-11-18,07:40:00 AM,07:40:00,Hot-Dry,2009-11-18 07:40:00,11
15.71541951,-18.71456909,LA14,2009-11-18,08:00:00 AM,08:00:00,Hot-Dry,2009-11-18 08:00:00,11
15.71720988,-18.718396,LA14,2009-11-18,08:20:00 AM,08:20:00,Hot-Dry,2009-11-18 08:20:00,11
15.71730754,-18.72033081,LA14,2009-11-18,08:40:00 AM,08:40:00,Hot-Dry,2009-11-18 08:40:00,11
15.72039998,-18.72241007,LA14,2009-11-18,09:00:00 AM,09:00:00,Hot-Dry,2009-11-18 09:00:00,11
15.72254028,-18.7238973,LA14,2009-11-18,09:20:00 AM,09:20:00,Hot-Dry,2009-11-18 09:20:00,11
15.72404277,-18.72456665,LA14,2009-11-18,09:40:00 AM,09:40:00,Hot-Dry,2009-11-18 09:40:00,11
15.72567037,-18.72404175,LA14,2009-11-18,10:00:00 AM,10:00:00,Hot-Dry,2009-11-18 10:00:00,11
15.72658691,-18.72409261,LA14,2009-11-18,10:20:00 AM,10:20:00,Hot-Dry,2009-11-18 10:20:00,11
15.72656657,-18.72410482,LA14,2009-11-18,10:40:00 AM,10:40:00,Hot-Dry,2009-11-18 10:40:00,11
15.72654114,-18.72406616,LA14,2009-11-18,11:00:00 AM,11:00:00,Hot-Dry,2009-11-18 11:00:00,11
15.72709656,-18.7221049,LA14,2009-11-18,11:20:00 AM,11:20:00,Hot-Dry,2009-11-18 11:20:00,11
15.7270579,-18.72121582,LA14,2009-11-18,11:40:00 AM,11:40:00,Hot-Dry,2009-11-18 11:40:00,11
15.72666321,-18.72129313,LA14,2009-11-18,12:00:00 PM,12:00:00,Hot-Dry,2009-11-18 12:00:00,11
15.72667847,-18.72131551,LA14,2009-11-18,12:20:00 PM,12:20:00,Hot-Dry,2009-11-18 12:20:00,11
15.72670085,-18.72129517,LA14,2009-11-18,12:40:00 PM,12:40:00,Hot-Dry,2009-11-18 12:40:00,11
15.72666016,-18.72130127,LA14,2009-11-18,01:00:00 PM,13:00:00,Hot-Dry,2009-11-18 13:00:00,11
15.72667338,-18.72132161,LA14,2009-11-18,01:20:00 PM,13:20:00,Hot-Dry,2009-11-18 13:20:00,11
15.72667033,-18.72131348,LA14,2009-11-18,01:40:00 PM,13:40:00,Hot-Dry,2009-11-18 13:40:00,11
15.72669983,-18.72131348,LA14,2009-11-18,02:00:00 PM,14:00:00,Hot-Dry,2009-11-18 14:00:00,11
15.72805278,-18.72283529,LA14,2009-11-18,02:20:00 PM,14:20:00,Hot-Dry,2009-11-18 14:20:00,11
15.72843933,-18.72320964,LA14,2009-11-18,02:40:00 PM,14:40:00,Hot-Dry,2009-11-18 14:40:00,11
15.72862854,-18.7234314,LA14,2009-11-18,03:00:00 PM,15:00:00,Hot-Dry,2009-11-18 15:00:00,11
15.7304952,-18.72355957,LA14,2009-11-18,03:20:00 PM,15:20:00,Hot-Dry,2009-11-18 15:20:00,11
15.73142904,-18.72612915,LA14,2009-11-18,03:40:00 PM,15:40:00,Hot-Dry,2009-11-18 15:40:00,11
15.73528035,-18.7269694,LA14,2009-11-18,04:00:00 PM,16:00:00,Hot-Dry,2009-11-18 16:00:00,11
15.74306641,-18.73098755,LA14,2009-11-18,04:20:00 PM,16:20:00,Hot-Dry,2009-11-18 16:20:00,11
15.74423319,-18.73190715,LA14,2009-11-18,04:40:00 PM,16:40:00,Hot-Dry,2009-11-18 16:40:00,11
15.74576619,-18.73415527,LA14,2009-11-18,05:00:00 PM,17:00:00,Hot-Dry,2009-11-18 17:00:00,11
15.74798482,-18.73605754,LA14,2009-11-18,05:20:00 PM,17:20:00,Hot-Dry,2009-11-18 17:20:00,11
15.74915365,-18.73685506,LA14,2009-11-18,05:40:00 PM,17:40:00,Hot-Dry,2009-11-18 17:40:00,11
15.74982503,-18.73808187,LA14,2009-11-18,06:00:00 PM,18:00:00,Hot-Dry,2009-11-18 18:00:00,11
15.74916484,-18.73875732,LA14,2009-11-18,06:20:00 PM,18:20:00,Hot-Dry,2009-11-18 18:20:00,11
15.74885559,-18.73907064,LA14,2009-11-18,06:40:00 PM,18:40:00,Hot-Dry,2009-11-18 18:40:00,11
15.74896342,-18.73940837,LA14,2009-11-18,07:00:00 PM,19:00:00,Hot-Dry,2009-11-18 19:00:00,11
15.7485026,-18.73949992,LA14,2009-11-18,07:20:00 PM,19:20:00,Hot-Dry,2009-11-18 19:20:00,11
15.74811401,-18.73961995,LA14,2009-11-18,07:40:00 PM,19:40:00,Hot-Dry,2009-11-18 19:40:00,11
15.74785258,-18.73959351,LA14,2009-11-18,08:00:00 PM,20:00:00,Hot-Dry,2009-11-18 20:00:00,11
15.7478241,-18.73956299,LA14,2009-11-18,08:20:00 PM,20:20:00,Hot-Dry,2009-11-18 20:20:00,11
15.74781189,-18.73958537,LA14,2009-11-18,08:40:00 PM,20:40:00,Hot-Dry,2009-11-18 20:40:00,11
15.74781087,-18.73958944,LA14,2009-11-18,09:00:00 PM,21:00:00,Hot-Dry,2009-11-18 21:00:00,11
15.74724935,-18.73909098,LA14,2009-11-18,09:20:00 PM,21:20:00,Hot-Dry,2009-11-18 21:20:00,11
15.74665833,-18.73973999,LA14,2009-11-18,09:40:00 PM,21:40:00,Hot-Dry,2009-11-18 21:40:00,11
15.74650981,-18.73955688,LA14,2009-11-18,10:00:00 PM,22:00:00,Hot-Dry,2009-11-18 22:00:00,11
15.74619853,-18.73862508,LA14,2009-11-18,10:20:00 PM,22:20:00,Hot-Dry,2009-11-18 22:20:00,11
15.74561361,-18.73766276,LA14,2009-11-18,10:40:00 PM,22:40:00,Hot-Dry,2009-11-18 22:40:00,11
15.74475606,-18.73761597,LA14,2009-11-18,11:00:00 PM,23:00:00,Hot-Dry,2009-11-18 23:00:00,11
15.74389648,-18.73772583,LA14,2009-11-18,11:20:00 PM,23:20:00,Hot-Dry,2009-11-18 23:20:00,11
15.74309896,-18.73835246,LA14,2009-11-18,11:40:00 PM,23:40:00,Hot-Dry,2009-11-18 23:40:00,11
15.74494425,-18.7396993,LA14,2009-11-19,12:00:00 AM,00:00:00,Hot-Dry,2009-11-19 00:00:00,11
15.74754842,-18.7401652,LA14,2009-11-19,12:20:00 AM,00:20:00,Hot-Dry,2009-11-19 00:20:00,11
15.75156352,-18.73984578,LA14,2009-11-19,12:40:00 AM,00:40:00,Hot-Dry,2009-11-19 00:40:00,11
15.75411275,-18.74057617,LA14,2009-11-19,01:00:00 AM,01:00:00,Hot-Dry,2009-11-19 01:00:00,11
15.75676066,-18.74319255,LA14,2009-11-19,01:20:00 AM,01:20:00,Hot-Dry,2009-11-19 01:20:00,11
15.75747884,-18.74437663,LA14,2009-11-19,01:40:00 AM,01:40:00,Hot-Dry,2009-11-19 01:40:00,11
15.75741272,-18.7450826,LA14,2009-11-19,02:00:00 AM,02:00:00,Hot-Dry,2009-11-19 02:00:00,11
15.75739339,-18.74507243,LA14,2009-11-19,02:20:00 AM,02:20:00,Hot-Dry,2009-11-19 02:20:00,11
15.75741679,-18.74506632,LA14,2009-11-19,02:40:00 AM,02:40:00,Hot-Dry,2009-11-19 02:40:00,11
15.75738017,-18.74507039,LA14,2009-11-19,03:00:00 AM,03:00:00,Hot-Dry,2009-11-19 03:00:00,11
15.75738729,-18.74505208,LA14,2009-11-19,03:20:00 AM,03:20:00,Hot-Dry,2009-11-19 03:20:00,11
15.75755412,-18.74574788,LA14,2009-11-19,03:40:00 AM,03:40:00,Hot-Dry,2009-11-19 03:40:00,11
15.75971781,-18.74757284,LA14,2009-11-19,04:00:00 AM,04:00:00,Hot-Dry,2009-11-19 04:00:00,11
15.76769002,-18.75434163,LA14,2009-11-19,04:20:00 AM,04:20:00,Hot-Dry,2009-11-19 04:20:00,11
15.78175659,-18.75253703,LA14,2009-11-19,04:40:00 AM,04:40:00,Hot-Dry,2009-11-19 04:40:00,11
15.79280396,-18.7389974,LA14,2009-11-19,05:00:00 AM,05:00:00,Hot-Dry,2009-11-19 05:00:00,11
15.79494527,-18.73145955,LA14,2009-11-19,05:20:00 AM,05:20:00,Hot-Dry,2009-11-19 05:20:00,11
15.79387309,-18.72722575,LA14,2009-11-19,05:40:00 AM,05:40:00,Hot-Dry,2009-11-19 05:40:00,11
15.78986511,-18.71935628,LA14,2009-11-19,06:00:00 AM,06:00:00,Hot-Dry,2009-11-19 06:00:00,11
15.78505147,-18.71000366,LA14,2009-11-19,06:20:00 AM,06:20:00,Hot-Dry,2009-11-19 06:20:00,11
15.78277181,-18.70198975,LA14,2009-11-19,06:40:00 AM,06:40:00,Hot-Dry,2009-11-19 06:40:00,11
15.78237712,-18.6930013,LA14,2009-11-19,07:00:00 AM,07:00:00,Hot-Dry,2009-11-19 07:00:00,11
15.78361511,-18.68635254,LA14,2009-11-19,07:20:00 AM,07:20:00,Hot-Dry,2009-11-19 07:20:00,11
15.78701986,-18.68239543,LA14,2009-11-19,07:40:00 AM,07:40:00,Hot-Dry,2009-11-19 07:40:00,11
15.79369507,-18.67585653,LA14,2009-11-19,08:00:00 AM,08:00:00,Hot-Dry,2009-11-19 08:00:00,11
15.79743551,-18.66800537,LA14,2009-11-19,08:20:00 AM,08:20:00,Hot-Dry,2009-11-19 08:20:00,11
15.79941915,-18.66571248,LA14,2009-11-19,08:40:00 AM,08:40:00,Hot-Dry,2009-11-19 08:40:00,11
15.79943848,-18.66572062,LA14,2009-11-19,09:00:00 AM,09:00:00,Hot-Dry,2009-11-19 09:00:00,11
15.79985657,-18.66562297,LA14,2009-11-19,09:20:00 AM,09:20:00,Hot-Dry,2009-11-19 09:20:00,11
15.80049744,-18.66589762,LA14,2009-11-19,09:40:00 AM,09:40:00,Hot-Dry,2009-11-19 09:40:00,11
15.80062561,-18.66675618,LA14,2009-11-19,10:00:00 AM,10:00:00,Hot-Dry,2009-11-19 10:00:00,11
15.80062968,-18.66675008,LA14,2009-11-19,10:20:00 AM,10:20:00,Hot-Dry,2009-11-19 10:20:00,11
15.80062256,-18.66675415,LA14,2009-11-19,10:40:00 AM,10:40:00,Hot-Dry,2009-11-19 10:40:00,11
15.80059509,-18.6667745,LA14,2009-11-19,11:00:00 AM,11:00:00,Hot-Dry,2009-11-19 11:00:00,11
15.80061646,-18.6667806,LA14,2009-11-19,11:20:00 AM,11:20:00,Hot-Dry,2009-11-19 11:20:00,11
15.80065816,-18.6667806,LA14,2009-11-19,11:40:00 AM,11:40:00,Hot-Dry,2009-11-19 11:40:00,11
15.80068054,-18.6667745,LA14,2009-11-19,12:00:00 PM,12:00:00,Hot-Dry,2009-11-19 12:00:00,11
15.80064697,-18.66676432,LA14,2009-11-19,12:20:00 PM,12:20:00,Hot-Dry,2009-11-19 12:20:00,11
15.80067647,-18.66677246,LA14,2009-11-19,12:40:00 PM,12:40:00,Hot-Dry,2009-11-19 12:40:00,11
15.80068156,-18.66676432,LA14,2009-11-19,01:00:00 PM,13:00:00,Hot-Dry,2009-11-19 13:00:00,11
15.80065002,-18.66693319,LA14,2009-11-19,01:20:00 PM,13:20:00,Hot-Dry,2009-11-19 13:20:00,11
15.80033264,-18.66685588,LA14,2009-11-19,01:40:00 PM,13:40:00,Hot-Dry,2009-11-19 13:40:00,11
15.80040894,-18.66687826,LA14,2009-11-19,02:00:00 PM,14:00:00,Hot-Dry,2009-11-19 14:00:00,11
15.80041911,-18.66692505,LA14,2009-11-19,02:20:00 PM,14:20:00,Hot-Dry,2009-11-19 14:20:00,11
15.80051371,-18.6670695,LA14,2009-11-19,02:40:00 PM,14:40:00,Hot-Dry,2009-11-19 14:40:00,11
15.8009318,-18.66670736,LA14,2009-11-19,03:00:00 PM,15:00:00,Hot-Dry,2009-11-19 15:00:00,11
15.80101013,-18.66666667,LA14,2009-11-19,03:20:00 PM,15:20:00,Hot-Dry,2009-11-19 15:20:00,11
15.80378011,-18.66274211,LA14,2009-11-19,03:40:00 PM,15:40:00,Hot-Dry,2009-11-19 15:40:00,11
15.80581868,-18.65976359,LA14,2009-11-19,04:00:00 PM,16:00:00,Hot-Dry,2009-11-19 16:00:00,11
15.80857442,-18.65645752,LA14,2009-11-19,04:20:00 PM,16:20:00,Hot-Dry,2009-11-19 16:20:00,11
15.80892639,-18.65370687,LA14,2009-11-19,04:40:00 PM,16:40:00,Hot-Dry,2009-11-19 16:40:00,11
15.81137695,-18.64776408,LA14,2009-11-19,05:00:00 PM,17:00:00,Hot-Dry,2009-11-19 17:00:00,11
15.81459656,-18.64117839,LA14,2009-11-19,05:20:00 PM,17:20:00,Hot-Dry,2009-11-19 17:20:00,11
15.81719055,-18.63300781,LA14,2009-11-19,05:40:00 PM,17:40:00,Hot-Dry,2009-11-19 17:40:00,11
15.81745911,-18.62447306,LA14,2009-11-19,06:00:00 PM,18:00:00,Hot-Dry,2009-11-19 18:00:00,11
15.81187744,-18.61844482,LA14,2009-11-19,06:20:00 PM,18:20:00,Hot-Dry,2009-11-19 18:20:00,11
15.81242269,-18.61058553,LA14,2009-11-19,06:40:00 PM,18:40:00,Hot-Dry,2009-11-19 18:40:00,11
15.81238098,-18.60766195,LA14,2009-11-19,07:00:00 PM,19:00:00,Hot-Dry,2009-11-19 19:00:00,11
15.81123149,-18.60390015,LA14,2009-11-19,07:20:00 PM,19:20:00,Hot-Dry,2009-11-19 19:20:00,11
15.8100118,-18.60089722,LA14,2009-11-19,07:40:00 PM,19:40:00,Hot-Dry,2009-11-19 19:40:00,11
15.8084432,-18.59917806,LA14,2009-11-19,08:00:00 PM,20:00:00,Hot-Dry,2009-11-19 20:00:00,11
15.80557251,-18.59468994,LA14,2009-11-19,08:20:00 PM,20:20:00,Hot-Dry,2009-11-19 20:20:00,11
15.80006409,-18.5883016,LA14,2009-11-19,08:40:00 PM,20:40:00,Hot-Dry,2009-11-19 20:40:00,11
15.79943848,-18.58798828,LA14,2009-11-19,09:00:00 PM,21:00:00,Hot-Dry,2009-11-19 21:00:00,11
15.7991984,-18.58764648,LA14,2009-11-19,09:20:00 PM,21:20:00,Hot-Dry,2009-11-19 21:20:00,11
15.8010203,-18.58730876,LA14,2009-11-19,09:40:00 PM,21:40:00,Hot-Dry,2009-11-19 21:40:00,11
15.80210978,-18.58618978,LA14,2009-11-19,10:00:00 PM,22:00:00,Hot-Dry,2009-11-19 22:00:00,11
15.80213826,-18.58551432,LA14,2009-11-19,10:20:00 PM,22:20:00,Hot-Dry,2009-11-19 22:20:00,11
15.80266418,-18.58529053,LA14,2009-11-19,10:40:00 PM,22:40:00,Hot-Dry,2009-11-19 22:40:00,11
15.80225932,-18.5842041,LA14,2009-11-19,11:00:00 PM,23:00:00,Hot-Dry,2009-11-19 23:00:00,11
15.8016805,-18.58381551,LA14,2009-11-19,11:20:00 PM,23:20:00,Hot-Dry,2009-11-19 23:20:00,11
15.79714966,-18.5828715,LA14,2009-11-19,11:40:00 PM,23:40:00,Hot-Dry,2009-11-19 23:40:00,11
15.79414978,-18.58217163,LA14,2009-11-20,12:00:00 AM,00:00:00,Hot-Dry,2009-11-20 00:00:00,11
15.79214986,-18.58211466,LA14,2009-11-20,12:20:00 AM,00:20:00,Hot-Dry,2009-11-20 00:20:00,11
15.79147237,-18.58332926,LA14,2009-11-20,12:40:00 AM,00:40:00,Hot-Dry,2009-11-20 00:40:00,11
15.79168498,-18.5844401,LA14,2009-11-20,01:00:00 AM,01:00:00,Hot-Dry,2009-11-20 01:00:00,11
15.79182434,-18.58609212,LA14,2009-11-20,01:20:00 AM,01:20:00,Hot-Dry,2009-11-20 01:20:00,11
15.79232381,-18.58922526,LA14,2009-11-20,01:40:00 AM,01:40:00,Hot-Dry,2009-11-20 01:40:00,11
15.79138184,-18.59142253,LA14,2009-11-20,02:00:00 AM,02:00:00,Hot-Dry,2009-11-20 02:00:00,11
15.79343567,-18.59219971,LA14,2009-11-20,02:20:00 AM,02:20:00,Hot-Dry,2009-11-20 02:20:00,11
15.79662476,-18.59121297,LA14,2009-11-20,02:40:00 AM,02:40:00,Hot-Dry,2009-11-20 02:40:00,11
15.79802144,-18.58982951,LA14,2009-11-20,03:00:00 AM,03:00:00,Hot-Dry,2009-11-20 03:00:00,11
15.79916585,-18.58977051,LA14,2009-11-20,03:20:00 AM,03:20:00,Hot-Dry,2009-11-20 03:20:00,11
15.79954732,-18.58970947,LA14,2009-11-20,03:40:00 AM,03:40:00,Hot-Dry,2009-11-20 03:40:00,11
15.80262553,-18.58863525,LA14,2009-11-20,04:02:00 AM,04:02:00,Hot-Dry,2009-11-20 04:02:00,11
15.80605876,-18.59123942,LA14,2009-11-20,04:20:00 AM,04:20:00,Hot-Dry,2009-11-20 04:20:00,11
15.80795797,-18.59446818,LA14,2009-11-20,04:40:00 AM,04:40:00,Hot-Dry,2009-11-20 04:40:00,11
15.81155701,-18.5917216,LA14,2009-11-20,05:00:00 AM,05:00:00,Hot-Dry,2009-11-20 05:00:00,11
15.81326599,-18.59138387,LA14,2009-11-20,05:20:00 AM,05:20:00,Hot-Dry,2009-11-20 05:20:00,11
15.81367289,-18.5956075,LA14,2009-11-20,05:40:00 AM,05:40:00,Hot-Dry,2009-11-20 05:40:00,11
15.81030375,-18.5992452,LA14,2009-11-20,06:00:00 AM,06:00:00,Hot-Dry,2009-11-20 06:00:00,11
15.81051737,-18.59840495,LA14,2009-11-20,06:20:00 AM,06:20:00,Hot-Dry,2009-11-20 06:20:00,11
15.81104838,-18.59804688,LA14,2009-11-20,06:40:00 AM,06:40:00,Hot-Dry,2009-11-20 06:40:00,11
15.81159363,-18.59848022,LA14,2009-11-20,07:00:00 AM,07:00:00,Hot-Dry,2009-11-20 07:00:00,11
15.81086222,-18.59795939,LA14,2009-11-20,07:20:00 AM,07:20:00,Hot-Dry,2009-11-20 07:20:00,11
15.80924276,-18.59805298,LA14,2009-11-20,07:40:00 AM,07:40:00,Hot-Dry,2009-11-20 07:40:00,11
15.80652059,-18.59834595,LA14,2009-11-20,08:00:00 AM,08:00:00,Hot-Dry,2009-11-20 08:00:00,11
15.80316976,-18.59864502,LA14,2009-11-20,08:20:00 AM,08:20:00,Hot-Dry,2009-11-20 08:20:00,11
15.80028788,-18.59882609,LA14,2009-11-20,08:40:00 AM,08:40:00,Hot-Dry,2009-11-20 08:40:00,11
15.79648234,-18.59725749,LA14,2009-11-20,09:00:00 AM,09:00:00,Hot-Dry,2009-11-20 09:00:00,11
15.79623006,-18.59702555,LA14,2009-11-20,09:20:00 AM,09:20:00,Hot-Dry,2009-11-20 09:20:00,11
15.79401245,-18.59552002,LA14,2009-11-20,09:40:00 AM,09:40:00,Hot-Dry,2009-11-20 09:40:00,11
15.79114482,-18.5919515,LA14,2009-11-20,10:00:00 AM,10:00:00,Hot-Dry,2009-11-20 10:00:00,11
15.78965047,-18.58967489,LA14,2009-11-20,10:20:00 AM,10:20:00,Hot-Dry,2009-11-20 10:20:00,11
15.78894043,-18.58809611,LA14,2009-11-20,10:40:00 AM,10:40:00,Hot-Dry,2009-11-20 10:40:00,11
15.78911641,-18.58717855,LA14,2009-11-20,11:00:00 AM,11:00:00,Hot-Dry,2009-11-20 11:00:00,11
15.78956502,-18.58547974,LA14,2009-11-20,11:20:00 AM,11:20:00,Hot-Dry,2009-11-20 11:20:00,11
15.78767395,-18.58406169,LA14,2009-11-20,11:40:00 AM,11:40:00,Hot-Dry,2009-11-20 11:40:00,11
15.78606567,-18.5821228,LA14,2009-11-20,12:00:00 PM,12:00:00,Hot-Dry,2009-11-20 12:00:00,11
15.78548991,-18.58198649,LA14,2009-11-20,12:20:00 PM,12:20:00,Hot-Dry,2009-11-20 12:20:00,11
15.78551025,-18.58197428,LA14,2009-11-20,12:40:00 PM,12:40:00,Hot-Dry,2009-11-20 12:40:00,11
15.78552958,-18.58196208,LA14,2009-11-20,01:00:00 PM,13:00:00,Hot-Dry,2009-11-20 13:00:00,11
15.7855011,-18.58197428,LA14,2009-11-20,01:20:00 PM,13:20:00,Hot-Dry,2009-11-20 13:20:00,11
15.78552551,-18.58204956,LA14,2009-11-20,01:40:00 PM,13:40:00,Hot-Dry,2009-11-20 13:40:00,11
15.78622131,-18.57973226,LA14,2009-11-20,02:00:00 PM,14:00:00,Hot-Dry,2009-11-20 14:00:00,11
15.78489583,-18.575236,LA14,2009-11-20,02:20:00 PM,14:20:00,Hot-Dry,2009-11-20 14:20:00,11
15.78645121,-18.57491455,LA14,2009-11-20,02:40:00 PM,14:40:00,Hot-Dry,2009-11-20 14:40:00,11
15.78754781,-18.57540894,LA14,2009-11-20,03:00:00 PM,15:00:00,Hot-Dry,2009-11-20 15:00:00,11
15.78585002,-18.57535807,LA14,2009-11-20,03:20:00 PM,15:20:00,Hot-Dry,2009-11-20 15:20:00,11
15.78337911,-18.57934774,LA14,2009-11-20,03:40:00 PM,15:40:00,Hot-Dry,2009-11-20 15:40:00,11
15.78213908,-18.58343099,LA14,2009-11-20,04:00:00 PM,16:00:00,Hot-Dry,2009-11-20 16:00:00,11
15.78556519,-18.58521525,LA14,2009-11-20,04:20:00 PM,16:20:00,Hot-Dry,2009-11-20 16:20:00,11
15.78898926,-18.5859965,LA14,2009-11-20,04:40:00 PM,16:40:00,Hot-Dry,2009-11-20 16:40:00,11
15.79204712,-18.58423462,LA14,2009-11-20,05:00:00 PM,17:00:00,Hot-Dry,2009-11-20 17:00:00,11
15.79556274,-18.5786438,LA14,2009-11-20,05:20:00 PM,17:20:00,Hot-Dry,2009-11-20 17:20:00,11
15.79797974,-18.57724813,LA14,2009-11-20,05:40:00 PM,17:40:00,Hot-Dry,2009-11-20 17:40:00,11
15.79936829,-18.57915649,LA14,2009-11-20,06:00:00 PM,18:00:00,Hot-Dry,2009-11-20 18:00:00,11
15.7984141,-18.58017375,LA14,2009-11-20,06:20:00 PM,18:20:00,Hot-Dry,2009-11-20 18:20:00,11
15.79746094,-18.58057454,LA14,2009-11-20,06:40:00 PM,18:40:00,Hot-Dry,2009-11-20 18:40:00,11
15.79734294,-18.58092448,LA14,2009-11-20,07:00:00 PM,19:00:00,Hot-Dry,2009-11-20 19:00:00,11
15.79682007,-18.58076782,LA14,2009-11-20,07:20:00 PM,19:20:00,Hot-Dry,2009-11-20 19:20:00,11
15.79592387,-18.58091634,LA14,2009-11-20,07:40:00 PM,19:40:00,Hot-Dry,2009-11-20 19:40:00,11
15.79323425,-18.58412069,LA14,2009-11-20,08:00:00 PM,20:00:00,Hot-Dry,2009-11-20 20:00:00,11
15.79309082,-18.58442586,LA14,2009-11-20,08:20:00 PM,20:20:00,Hot-Dry,2009-11-20 20:20:00,11
15.79238078,-18.58463949,LA14,2009-11-20,08:40:00 PM,20:40:00,Hot-Dry,2009-11-20 20:40:00,11
15.79332987,-18.58630575,LA14,2009-11-20,09:00:00 PM,21:00:00,Hot-Dry,2009-11-20 21:00:00,11
15.79363403,-18.58632202,LA14,2009-11-20,09:20:00 PM,21:20:00,Hot-Dry,2009-11-20 21:20:00,11
15.79367269,-18.58631999,LA14,2009-11-20,09:40:00 PM,21:40:00,Hot-Dry,2009-11-20 21:40:00,11
15.79364624,-18.58633016,LA14,2009-11-20,10:00:00 PM,22:00:00,Hot-Dry,2009-11-20 22:00:00,11
15.79366455,-18.58628947,LA14,2009-11-20,10:20:00 PM,22:20:00,Hot-Dry,2009-11-20 22:20:00,11
15.79180196,-18.58876953,LA14,2009-11-20,10:40:00 PM,22:40:00,Hot-Dry,2009-11-20 22:40:00,11
15.79136556,-18.59077352,LA14,2009-11-20,11:00:00 PM,23:00:00,Hot-Dry,2009-11-20 23:00:00,11
15.79114278,-18.59226074,LA14,2009-11-20,11:20:00 PM,23:20:00,Hot-Dry,2009-11-20 23:20:00,11
15.79013367,-18.59216105,LA14,2009-11-20,11:40:00 PM,23:40:00,Hot-Dry,2009-11-20 23:40:00,11
15.78989868,-18.59234823,LA14,2009-11-21,12:00:00 AM,00:00:00,Hot-Dry,2009-11-21 00:00:00,11
15.78911336,-18.59255371,LA14,2009-11-21,12:20:00 AM,00:20:00,Hot-Dry,2009-11-21 00:20:00,11
15.78919881,-18.59259644,LA14,2009-11-21,12:40:00 AM,00:40:00,Hot-Dry,2009-11-21 00:40:00,11
15.78921204,-18.59265747,LA14,2009-11-21,01:00:00 AM,01:00:00,Hot-Dry,2009-11-21 01:00:00,11
15.78913472,-18.59257813,LA14,2009-11-21,01:20:00 AM,01:20:00,Hot-Dry,2009-11-21 01:20:00,11
15.78913066,-18.59257813,LA14,2009-11-21,01:40:00 AM,01:40:00,Hot-Dry,2009-11-21 01:40:00,11
15.78918152,-18.59255168,LA14,2009-11-21,02:00:00 AM,02:00:00,Hot-Dry,2009-11-21 02:00:00,11
15.78916117,-18.59261678,LA14,2009-11-21,02:20:00 AM,02:20:00,Hot-Dry,2009-11-21 02:20:00,11
15.78917847,-18.59252523,LA14,2009-11-21,02:40:00 AM,02:40:00,Hot-Dry,2009-11-21 02:40:00,11
15.78917745,-18.59252319,LA14,2009-11-21,03:00:00 AM,03:00:00,Hot-Dry,2009-11-21 03:00:00,11
15.78968099,-18.59327596,LA14,2009-11-21,03:20:00 AM,03:20:00,Hot-Dry,2009-11-21 03:20:00,11
15.78990275,-18.59357503,LA14,2009-11-21,03:40:00 AM,03:40:00,Hot-Dry,2009-11-21 03:40:00,11
15.79158325,-18.59490153,LA14,2009-11-21,04:00:00 AM,04:00:00,Hot-Dry,2009-11-21 04:00:00,11
15.79549154,-18.59567261,LA14,2009-11-21,04:20:00 AM,04:20:00,Hot-Dry,2009-11-21 04:20:00,11
15.80117594,-18.59572754,LA14,2009-11-21,04:40:00 AM,04:40:00,Hot-Dry,2009-11-21 04:40:00,11
15.80271606,-18.59901937,LA14,2009-11-21,05:00:00 AM,05:00:00,Hot-Dry,2009-11-21 05:00:00,11
15.80365397,-18.59937134,LA14,2009-11-21,05:20:00 AM,05:20:00,Hot-Dry,2009-11-21 05:20:00,11
15.80584106,-18.59869588,LA14,2009-11-21,05:40:00 AM,05:40:00,Hot-Dry,2009-11-21 05:40:00,11
15.80823568,-18.59961141,LA14,2009-11-21,06:00:00 AM,06:00:00,Hot-Dry,2009-11-21 06:00:00,11
15.80951538,-18.59997762,LA14,2009-11-21,06:20:00 AM,06:20:00,Hot-Dry,2009-11-21 06:20:00,11
15.80888875,-18.59939982,LA14,2009-11-21,06:40:00 AM,06:40:00,Hot-Dry,2009-11-21 06:40:00,11
15.8083964,-18.59871012,LA14,2009-11-21,07:00:00 AM,07:00:00,Hot-Dry,2009-11-21 07:00:00,11
15.80838013,-18.59799805,LA14,2009-11-21,07:20:00 AM,07:20:00,Hot-Dry,2009-11-21 07:20:00,11
15.80862834,-18.59748332,LA14,2009-11-21,07:40:00 AM,07:40:00,Hot-Dry,2009-11-21 07:40:00,11
15.81009013,-18.59589437,LA14,2009-11-21,08:00:00 AM,08:00:00,Hot-Dry,2009-11-21 08:00:00,11
15.81061605,-18.59591675,LA14,2009-11-21,08:20:00 AM,08:20:00,Hot-Dry,2009-11-21 08:20:00,11
15.81061707,-18.59596558,LA14,2009-11-21,08:40:00 AM,08:40:00,Hot-Dry,2009-11-21 08:40:00,11
15.81058655,-18.59437256,LA14,2009-11-21,09:00:00 AM,09:00:00,Hot-Dry,2009-11-21 09:00:00,11
15.80826721,-18.59397583,LA14,2009-11-21,09:20:00 AM,09:20:00,Hot-Dry,2009-11-21 09:20:00,11
15.80550435,-18.59142253,LA14,2009-11-21,09:40:00 AM,09:40:00,Hot-Dry,2009-11-21 09:40:00,11
15.79972229,-18.58812663,LA14,2009-11-21,10:00:00 AM,10:00:00,Hot-Dry,2009-11-21 10:00:00,11
15.79868571,-18.58663737,LA14,2009-11-21,10:20:00 AM,10:20:00,Hot-Dry,2009-11-21 10:20:00,11
15.79819743,-18.58735555,LA14,2009-11-21,10:40:00 AM,10:40:00,Hot-Dry,2009-11-21 10:40:00,11
15.7959493,-18.58901774,LA14,2009-11-21,11:00:00 AM,11:00:00,Hot-Dry,2009-11-21 11:00:00,11
15.79450582,-18.58841553,LA14,2009-11-21,11:20:00 AM,11:20:00,Hot-Dry,2009-11-21 11:20:00,11
15.79273682,-18.58927205,LA14,2009-11-21,11:40:00 AM,11:40:00,Hot-Dry,2009-11-21 11:40:00,11
15.78905233,-18.58965047,LA14,2009-11-21,12:00:00 PM,12:00:00,Hot-Dry,2009-11-21 12:00:00,11
15.78858032,-18.5906901,LA14,2009-11-21,12:20:00 PM,12:20:00,Hot-Dry,2009-11-21 12:20:00,11
15.78890177,-18.59078166,LA14,2009-11-21,12:40:00 PM,12:40:00,Hot-Dry,2009-11-21 12:40:00,11
15.78944397,-18.59165853,LA14,2009-11-21,01:00:00 PM,13:00:00,Hot-Dry,2009-11-21 13:00:00,11
15.78757019,-18.590389,LA14,2009-11-21,01:20:00 PM,13:20:00,Hot-Dry,2009-11-21 13:20:00,11
15.78617147,-18.58805135,LA14,2009-11-21,01:40:00 PM,13:40:00,Hot-Dry,2009-11-21 13:40:00,11
15.78641866,-18.58748983,LA14,2009-11-21,02:00:00 PM,14:00:00,Hot-Dry,2009-11-21 14:00:00,11
15.78403524,-18.58827108,LA14,2009-11-21,02:20:00 PM,14:20:00,Hot-Dry,2009-11-21 14:20:00,11
15.78287862,-18.58807373,LA14,2009-11-21,02:40:00 PM,14:40:00,Hot-Dry,2009-11-21 14:40:00,11
15.78277791,-18.58207601,LA14,2009-11-21,03:00:00 PM,15:00:00,Hot-Dry,2009-11-21 15:00:00,11
15.78373515,-18.58040771,LA14,2009-11-21,03:20:00 PM,15:20:00,Hot-Dry,2009-11-21 15:20:00,11
15.78361308,-18.57808024,LA14,2009-11-21,03:40:00 PM,15:40:00,Hot-Dry,2009-11-21 15:40:00,11
15.78293254,-18.5762085,LA14,2009-11-21,04:00:00 PM,16:00:00,Hot-Dry,2009-11-21 16:00:00,11
15.7840627,-18.57275391,LA14,2009-11-21,04:20:00 PM,16:20:00,Hot-Dry,2009-11-21 16:20:00,11
15.78430888,-18.56719564,LA14,2009-11-21,04:40:00 PM,16:40:00,Hot-Dry,2009-11-21 16:40:00,11
15.78031514,-18.56435954,LA14,2009-11-21,05:00:00 PM,17:00:00,Hot-Dry,2009-11-21 17:00:00,11
15.78987325,-18.56241455,LA14,2009-11-21,05:20:00 PM,17:20:00,Hot-Dry,2009-11-21 17:20:00,11
15.79470825,-18.56286418,LA14,2009-11-21,05:40:00 PM,17:40:00,Hot-Dry,2009-11-21 17:40:00,11
15.80336202,-18.56808268,LA14,2009-11-21,06:00:00 PM,18:00:00,Hot-Dry,2009-11-21 18:00:00,11
15.80522868,-18.57207031,LA14,2009-11-21,06:20:00 PM,18:20:00,Hot-Dry,2009-11-21 18:20:00,11
15.80815125,-18.57860718,LA14,2009-11-21,06:40:00 PM,18:40:00,Hot-Dry,2009-11-21 18:40:00,11
15.80921936,-18.5822408,LA14,2009-11-21,07:00:00 PM,19:00:00,Hot-Dry,2009-11-21 19:00:00,11
15.80873922,-18.58368327,LA14,2009-11-21,07:20:00 PM,19:20:00,Hot-Dry,2009-11-21 19:20:00,11
15.80992737,-18.58517253,LA14,2009-11-21,07:40:00 PM,19:40:00,Hot-Dry,2009-11-21 19:40:00,11
15.81009623,-18.58585002,LA14,2009-11-21,08:00:00 PM,20:00:00,Hot-Dry,2009-11-21 20:00:00,11
15.81060384,-18.58664144,LA14,2009-11-21,08:20:00 PM,20:20:00,Hot-Dry,2009-11-21 20:20:00,11
15.81218363,-18.58712158,LA14,2009-11-21,08:40:00 PM,20:40:00,Hot-Dry,2009-11-21 20:40:00,11
15.81338603,-18.58839722,LA14,2009-11-21,09:00:00 PM,21:00:00,Hot-Dry,2009-11-21 21:00:00,11
15.81365458,-18.5902771,LA14,2009-11-21,09:20:00 PM,21:20:00,Hot-Dry,2009-11-21 21:20:00,11
15.8137502,-18.59028727,LA14,2009-11-21,09:40:00 PM,21:40:00,Hot-Dry,2009-11-21 21:40:00,11
15.81391602,-18.59021606,LA14,2009-11-21,10:00:00 PM,22:00:00,Hot-Dry,2009-11-21 22:00:00,11
15.81421814,-18.58996379,LA14,2009-11-21,10:20:00 PM,22:20:00,Hot-Dry,2009-11-21 22:20:00,11
15.81425171,-18.59001261,LA14,2009-11-21,10:40:00 PM,22:40:00,Hot-Dry,2009-11-21 22:40:00,11
15.81424459,-18.58991089,LA14,2009-11-21,11:00:00 PM,23:00:00,Hot-Dry,2009-11-21 23:00:00,11
15.81491801,-18.59083862,LA14,2009-11-21,11:20:00 PM,23:20:00,Hot-Dry,2009-11-21 23:20:00,11
15.81509501,-18.59089559,LA14,2009-11-21,11:40:00 PM,23:40:00,Hot-Dry,2009-11-21 23:40:00,11
15.815389,-18.59232381,LA14,2009-11-22,12:00:00 AM,00:00:00,Hot-Dry,2009-11-22 00:00:00,11
15.81630452,-18.59467163,LA14,2009-11-22,12:20:00 AM,00:20:00,Hot-Dry,2009-11-22 00:20:00,11
15.8163564,-18.59465535,LA14,2009-11-22,12:40:00 AM,00:40:00,Hot-Dry,2009-11-22 00:40:00,11
15.8163147,-18.5946818,LA14,2009-11-22,01:00:00 AM,01:00:00,Hot-Dry,2009-11-22 01:00:00,11
15.81633097,-18.59463704,LA14,2009-11-22,01:20:00 AM,01:20:00,Hot-Dry,2009-11-22 01:20:00,11
15.81632792,-18.59464315,LA14,2009-11-22,01:40:00 AM,01:40:00,Hot-Dry,2009-11-22 01:40:00,11
15.81614075,-18.59503988,LA14,2009-11-22,02:00:00 AM,02:00:00,Hot-Dry,2009-11-22 02:00:00,11
15.81608582,-18.59498698,LA14,2009-11-22,02:20:00 AM,02:20:00,Hot-Dry,2009-11-22 02:20:00,11
15.81599019,-18.59562988,LA14,2009-11-22,02:40:00 AM,02:40:00,Hot-Dry,2009-11-22 02:40:00,11
15.81593831,-18.59590454,LA14,2009-11-22,03:00:00 AM,03:00:00,Hot-Dry,2009-11-22 03:00:00,11
15.81598714,-18.59615682,LA14,2009-11-22,03:20:00 AM,03:20:00,Hot-Dry,2009-11-22 03:20:00,11
15.81578674,-18.59731852,LA14,2009-11-22,03:40:00 AM,03:40:00,Hot-Dry,2009-11-22 03:40:00,11
15.81450297,-18.59775391,LA14,2009-11-22,04:00:00 AM,04:00:00,Hot-Dry,2009-11-22 04:00:00,11
15.81261597,-18.59864299,LA14,2009-11-22,04:20:00 AM,04:20:00,Hot-Dry,2009-11-22 04:20:00,11
15.81119385,-18.59925537,LA14,2009-11-22,04:40:00 AM,04:40:00,Hot-Dry,2009-11-22 04:40:00,11
15.81033325,-18.59816284,LA14,2009-11-22,05:00:00 AM,05:00:00,Hot-Dry,2009-11-22 05:00:00,11
15.8098938,-18.59821574,LA14,2009-11-22,05:20:00 AM,05:20:00,Hot-Dry,2009-11-22 05:20:00,11
15.80961812,-18.59780273,LA14,2009-11-22,05:40:00 AM,05:40:00,Hot-Dry,2009-11-22 05:40:00,11
15.80907593,-18.59714152,LA14,2009-11-22,06:00:00 AM,06:00:00,Hot-Dry,2009-11-22 06:00:00,11
15.81181641,-18.59754232,LA14,2009-11-22,06:20:00 AM,06:20:00,Hot-Dry,2009-11-22 06:20:00,11
15.81213684,-18.59835205,LA14,2009-11-22,06:40:00 AM,06:40:00,Hot-Dry,2009-11-22 06:40:00,11
15.81136678,-18.5990153,LA14,2009-11-22,07:00:00 AM,07:00:00,Hot-Dry,2009-11-22 07:00:00,11
15.81140849,-18.59909058,LA14,2009-11-22,07:20:00 AM,07:20:00,Hot-Dry,2009-11-22 07:20:00,11
15.81141663,-18.59908651,LA14,2009-11-22,07:40:00 AM,07:40:00,Hot-Dry,2009-11-22 07:40:00,11
15.81099752,-18.59920654,LA14,2009-11-22,08:00:00 AM,08:00:00,Hot-Dry,2009-11-22 08:00:00,11
15.80908508,-18.59887085,LA14,2009-11-22,08:20:00 AM,08:20:00,Hot-Dry,2009-11-22 08:20:00,11
15.80907186,-18.59888102,LA14,2009-11-22,08:40:00 AM,08:40:00,Hot-Dry,2009-11-22 08:40:00,11
15.80909322,-18.59885254,LA14,2009-11-22,09:00:00 AM,09:00:00,Hot-Dry,2009-11-22 09:00:00,11
15.8075765,-18.59859212,LA14,2009-11-22,09:20:00 AM,09:20:00,Hot-Dry,2009-11-22 09:20:00,11
15.80428975,-18.59755249,LA14,2009-11-22,09:40:00 AM,09:40:00,Hot-Dry,2009-11-22 09:40:00,11
15.80103963,-18.5902242,LA14,2009-11-22,10:00:00 AM,10:00:00,Hot-Dry,2009-11-22 10:00:00,11
15.79843343,-18.58734945,LA14,2009-11-22,10:20:00 AM,10:20:00,Hot-Dry,2009-11-22 10:20:00,11
15.79794413,-18.58521322,LA14,2009-11-22,10:40:00 AM,10:40:00,Hot-Dry,2009-11-22 10:40:00,11
15.79650167,-18.58207804,LA14,2009-11-22,11:00:00 AM,11:00:00,Hot-Dry,2009-11-22 11:00:00,11
15.80793762,-18.57856445,LA14,2009-11-22,11:20:00 AM,11:20:00,Hot-Dry,2009-11-22 11:20:00,11
15.81189575,-18.5831014,LA14,2009-11-22,11:40:00 AM,11:40:00,Hot-Dry,2009-11-22 11:40:00,11
15.81982015,-18.5824585,LA14,2009-11-22,12:00:00 PM,12:00:00,Hot-Dry,2009-11-22 12:00:00,11
15.82442627,-18.57751261,LA14,2009-11-22,12:20:00 PM,12:20:00,Hot-Dry,2009-11-22 12:20:00,11
15.82501933,-18.57667847,LA14,2009-11-22,12:40:00 PM,12:40:00,Hot-Dry,2009-11-22 12:40:00,11
15.8283549,-18.57781169,LA14,2009-11-22,01:00:00 PM,13:00:00,Hot-Dry,2009-11-22 13:00:00,11
15.8299235,-18.57738851,LA14,2009-11-22,01:20:00 PM,13:20:00,Hot-Dry,2009-11-22 13:20:00,11
15.82818298,-18.5780721,LA14,2009-11-22,01:40:00 PM,13:40:00,Hot-Dry,2009-11-22 13:40:00,11
15.82680664,-18.57888184,LA14,2009-11-22,02:00:00 PM,14:00:00,Hot-Dry,2009-11-22 14:00:00,11
15.82688293,-18.57880249,LA14,2009-11-22,02:20:00 PM,14:20:00,Hot-Dry,2009-11-22 14:20:00,11
15.82838643,-18.57464193,LA14,2009-11-22,02:40:00 PM,14:40:00,Hot-Dry,2009-11-22 14:40:00,11
15.82895406,-18.57276001,LA14,2009-11-22,03:00:00 PM,15:00:00,Hot-Dry,2009-11-22 15:00:00,11
15.82739868,-18.57119954,LA14,2009-11-22,03:20:00 PM,15:20:00,Hot-Dry,2009-11-22 15:20:00,11
15.82458089,-18.5704305,LA14,2009-11-22,03:40:00 PM,15:40:00,Hot-Dry,2009-11-22 15:40:00,11
15.82020772,-18.57160238,LA14,2009-11-22,04:00:00 PM,16:00:00,Hot-Dry,2009-11-22 16:00:00,11
15.81387329,-18.57698975,LA14,2009-11-22,04:20:00 PM,16:20:00,Hot-Dry,2009-11-22 16:20:00,11
15.80787557,-18.57758382,LA14,2009-11-22,04:40:00 PM,16:40:00,Hot-Dry,2009-11-22 16:40:00,11
15.80619812,-18.57584025,LA14,2009-11-22,05:00:00 PM,17:00:00,Hot-Dry,2009-11-22 17:00:00,11
15.80513102,-18.57344767,LA14,2009-11-22,05:20:00 PM,17:20:00,Hot-Dry,2009-11-22 17:20:00,11
15.80371297,-18.57023722,LA14,2009-11-22,05:40:00 PM,17:40:00,Hot-Dry,2009-11-22 17:40:00,11
15.7982015,-18.56561076,LA14,2009-11-22,06:00:00 PM,18:00:00,Hot-Dry,2009-11-22 18:00:00,11
15.79117126,-18.56071167,LA14,2009-11-22,06:20:00 PM,18:20:00,Hot-Dry,2009-11-22 18:20:00,11
15.78565063,-18.5574056,LA14,2009-11-22,06:40:00 PM,18:40:00,Hot-Dry,2009-11-22 18:40:00,11
15.77678121,-18.55065715,LA14,2009-11-22,07:00:00 PM,19:00:00,Hot-Dry,2009-11-22 19:00:00,11
15.77105611,-18.54912109,LA14,2009-11-22,07:20:00 PM,19:20:00,Hot-Dry,2009-11-22 19:20:00,11
15.76674296,-18.54642131,LA14,2009-11-22,07:40:00 PM,19:40:00,Hot-Dry,2009-11-22 19:40:00,11
15.76453247,-18.54000448,LA14,2009-11-22,08:00:00 PM,20:00:00,Hot-Dry,2009-11-22 20:00:00,11
15.7661967,-18.53666178,LA14,2009-11-22,08:20:00 PM,20:20:00,Hot-Dry,2009-11-22 20:20:00,11
15.76701152,-18.53685099,LA14,2009-11-22,08:40:00 PM,20:40:00,Hot-Dry,2009-11-22 20:40:00,11
15.76757406,-18.53465169,LA14,2009-11-22,09:00:00 PM,21:00:00,Hot-Dry,2009-11-22 21:00:00,11
15.76438293,-18.53058879,LA14,2009-11-22,09:20:00 PM,21:20:00,Hot-Dry,2009-11-22 21:20:00,11
15.7592926,-18.52787272,LA14,2009-11-22,09:41:00 PM,21:41:00,Hot-Dry,2009-11-22 21:41:00,11
15.75318909,-18.52047323,LA14,2009-11-22,10:00:00 PM,22:00:00,Hot-Dry,2009-11-22 22:00:00,11
15.7491567,-18.51530558,LA14,2009-11-22,10:20:00 PM,22:20:00,Hot-Dry,2009-11-22 22:20:00,11
15.74606527,-18.51327718,LA14,2009-11-22,10:40:00 PM,22:40:00,Hot-Dry,2009-11-22 22:40:00,11
15.74106954,-18.50956828,LA14,2009-11-22,11:00:00 PM,23:00:00,Hot-Dry,2009-11-22 23:00:00,11
15.74051921,-18.50738322,LA14,2009-11-22,11:20:00 PM,23:20:00,Hot-Dry,2009-11-22 23:20:00,11
15.74388529,-18.50688883,LA14,2009-11-22,11:40:00 PM,23:40:00,Hot-Dry,2009-11-22 23:40:00,11
15.75227966,-18.50582886,LA14,2009-11-23,12:00:00 AM,00:00:00,Hot-Dry,2009-11-23 00:00:00,11
15.75277913,-18.50557251,LA14,2009-11-23,12:20:00 AM,00:20:00,Hot-Dry,2009-11-23 00:20:00,11
15.75846761,-18.50879924,LA14,2009-11-23,12:40:00 AM,00:40:00,Hot-Dry,2009-11-23 00:40:00,11
15.76772156,-18.51091309,LA14,2009-11-23,01:00:00 AM,01:00:00,Hot-Dry,2009-11-23 01:00:00,11
15.77699076,-18.51243083,LA14,2009-11-23,01:20:00 AM,01:20:00,Hot-Dry,2009-11-23 01:20:00,11
15.7834259,-18.51691691,LA14,2009-11-23,01:40:00 AM,01:40:00,Hot-Dry,2009-11-23 01:40:00,11
15.78555196,-18.52169189,LA14,2009-11-23,02:00:00 AM,02:00:00,Hot-Dry,2009-11-23 02:00:00,11
15.78561401,-18.52332967,LA14,2009-11-23,02:20:00 AM,02:20:00,Hot-Dry,2009-11-23 02:20:00,11
15.78627218,-18.52365112,LA14,2009-11-23,02:40:00 AM,02:40:00,Hot-Dry,2009-11-23 02:40:00,11
15.7842041,-18.52678426,LA14,2009-11-23,03:01:00 AM,03:01:00,Hot-Dry,2009-11-23 03:01:00,11
15.78367818,-18.52799276,LA14,2009-11-23,03:20:00 AM,03:20:00,Hot-Dry,2009-11-23 03:20:00,11
15.78410136,-18.52987874,LA14,2009-11-23,03:40:00 AM,03:40:00,Hot-Dry,2009-11-23 03:40:00,11
15.78669332,-18.53259481,LA14,2009-11-23,04:00:00 AM,04:00:00,Hot-Dry,2009-11-23 04:00:00,11
15.78720601,-18.53926188,LA14,2009-11-23,04:20:00 AM,04:20:00,Hot-Dry,2009-11-23 04:20:00,11
15.78838196,-18.54859619,LA14,2009-11-23,04:40:00 AM,04:40:00,Hot-Dry,2009-11-23 04:40:00,11
15.79045003,-18.5583252,LA14,2009-11-23,05:00:00 AM,05:00:00,Hot-Dry,2009-11-23 05:00:00,11
15.78251038,-18.56624349,LA14,2009-11-24,05:21:00 PM,17:21:00,Hot-Dry,2009-11-24 17:21:00,11
15.78976542,-18.56116536,LA14,2009-11-24,05:40:00 PM,17:40:00,Hot-Dry,2009-11-24 17:40:00,11
15.78996887,-18.55897217,LA14,2009-11-24,06:00:00 PM,18:00:00,Hot-Dry,2009-11-24 18:00:00,11
15.78938599,-18.55979818,LA14,2009-11-24,06:20:00 PM,18:20:00,Hot-Dry,2009-11-24 18:20:00,11
15.78832092,-18.55897827,LA14,2009-11-24,06:40:00 PM,18:40:00,Hot-Dry,2009-11-24 18:40:00,11
15.78723043,-18.55777181,LA14,2009-11-24,07:00:00 PM,19:00:00,Hot-Dry,2009-11-24 19:00:00,11
15.7850352,-18.55451864,LA14,2009-11-24,07:20:00 PM,19:20:00,Hot-Dry,2009-11-24 19:20:00,11
15.78250529,-18.55217489,LA14,2009-11-24,07:40:00 PM,19:40:00,Hot-Dry,2009-11-24 19:40:00,11
15.78023987,-18.54872843,LA14,2009-11-24,08:00:00 PM,20:00:00,Hot-Dry,2009-11-24 20:00:00,11
15.77671916,-18.54534709,LA14,2009-11-24,08:20:00 PM,20:20:00,Hot-Dry,2009-11-24 20:20:00,11
15.77137655,-18.54521281,LA14,2009-11-24,08:40:00 PM,20:40:00,Hot-Dry,2009-11-24 20:40:00,11
15.76573588,-18.53873698,LA14,2009-11-24,09:00:00 PM,21:00:00,Hot-Dry,2009-11-24 21:00:00,11
15.7635498,-18.53557129,LA14,2009-11-24,09:20:00 PM,21:20:00,Hot-Dry,2009-11-24 21:20:00,11
15.7598053,-18.53120728,LA14,2009-11-24,09:40:00 PM,21:40:00,Hot-Dry,2009-11-24 21:40:00,11
15.75549011,-18.52389323,LA14,2009-11-24,10:00:00 PM,22:00:00,Hot-Dry,2009-11-24 22:00:00,11
15.75114543,-18.5167277,LA14,2009-11-24,10:20:00 PM,22:20:00,Hot-Dry,2009-11-24 22:20:00,11
15.74511922,-18.51083984,LA14,2009-11-24,10:40:00 PM,22:40:00,Hot-Dry,2009-11-24 22:40:00,11
15.73439026,-18.50780436,LA14,2009-11-24,11:00:00 PM,23:00:00,Hot-Dry,2009-11-24 23:00:00,11
15.72371114,-18.50765177,LA14,2009-11-24,11:20:00 PM,23:20:00,Hot-Dry,2009-11-24 23:20:00,11
15.717512,-18.50753377,LA14,2009-11-24,11:40:00 PM,23:40:00,Hot-Dry,2009-11-24 23:40:00,11
15.71196899,-18.5110494,LA14,2009-11-25,12:00:00 AM,00:00:00,Hot-Dry,2009-11-25 00:00:00,11
15.7010437,-18.51168213,LA14,2009-11-25,12:20:00 AM,00:20:00,Hot-Dry,2009-11-25 00:20:00,11
15.69084473,-18.51272583,LA14,2009-11-25,12:40:00 AM,00:40:00,Hot-Dry,2009-11-25 00:40:00,11
15.68024394,-18.51151123,LA14,2009-11-25,01:00:00 AM,01:00:00,Hot-Dry,2009-11-25 01:00:00,11
15.66945597,-18.51191203,LA14,2009-11-25,01:20:00 AM,01:20:00,Hot-Dry,2009-11-25 01:20:00,11
15.66389567,-18.51848551,LA14,2009-11-25,01:40:00 AM,01:40:00,Hot-Dry,2009-11-25 01:40:00,11
15.66185099,-18.52491659,LA14,2009-11-25,02:00:00 AM,02:00:00,Hot-Dry,2009-11-25 02:00:00,11
15.65991923,-18.53265177,LA14,2009-11-25,02:20:00 AM,02:20:00,Hot-Dry,2009-11-25 02:20:00,11
15.65791423,-18.53800456,LA14,2009-11-25,02:40:00 AM,02:40:00,Hot-Dry,2009-11-25 02:40:00,11
15.65791117,-18.54400635,LA14,2009-11-25,03:00:00 AM,03:00:00,Hot-Dry,2009-11-25 03:00:00,11
15.65922445,-18.54761759,LA14,2009-11-25,03:20:00 AM,03:20:00,Hot-Dry,2009-11-25 03:20:00,11
15.66054179,-18.55244954,LA14,2009-11-25,03:40:00 AM,03:40:00,Hot-Dry,2009-11-25 03:40:00,11
15.65936076,-18.56205444,LA14,2009-11-25,04:00:00 AM,04:00:00,Hot-Dry,2009-11-25 04:00:00,11
15.65739644,-18.56969198,LA14,2009-11-25,04:20:00 AM,04:20:00,Hot-Dry,2009-11-25 04:20:00,11
15.65536601,-18.57750244,LA14,2009-11-25,04:40:00 AM,04:40:00,Hot-Dry,2009-11-25 04:40:00,11
15.65766602,-18.5856547,LA14,2009-11-25,05:00:00 AM,05:00:00,Hot-Dry,2009-11-25 05:00:00,11
15.65910339,-18.593455,LA14,2009-11-25,05:20:00 AM,05:20:00,Hot-Dry,2009-11-25 05:20:00,11
15.65912984,-18.59997762,LA14,2009-11-25,05:40:00 AM,05:40:00,Hot-Dry,2009-11-25 05:40:00,11
15.65997518,-18.60539754,LA14,2009-11-25,06:00:00 AM,06:00:00,Hot-Dry,2009-11-25 06:00:00,11
15.66227417,-18.60731608,LA14,2009-11-25,06:20:00 AM,06:20:00,Hot-Dry,2009-11-25 06:20:00,11
15.66404419,-18.60710246,LA14,2009-11-25,06:40:00 AM,06:40:00,Hot-Dry,2009-11-25 06:40:00,11
15.66398112,-18.60719604,LA14,2009-11-25,07:00:00 AM,07:00:00,Hot-Dry,2009-11-25 07:00:00,11
15.66400045,-18.60716146,LA14,2009-11-25,07:20:00 AM,07:20:00,Hot-Dry,2009-11-25 07:20:00,11
15.66452026,-18.60743001,LA14,2009-11-25,07:40:00 AM,07:40:00,Hot-Dry,2009-11-25 07:40:00,11
15.66559753,-18.60730387,LA14,2009-11-25,08:00:00 AM,08:00:00,Hot-Dry,2009-11-25 08:00:00,11
15.66560262,-18.60731201,LA14,2009-11-25,08:20:00 AM,08:20:00,Hot-Dry,2009-11-25 08:20:00,11
15.66563009,-18.60728149,LA14,2009-11-25,08:40:00 AM,08:40:00,Hot-Dry,2009-11-25 08:40:00,11
15.66563212,-18.6072937,LA14,2009-11-25,09:00:00 AM,09:00:00,Hot-Dry,2009-11-25 09:00:00,11
15.66563212,-18.6072937,LA14,2009-11-25,09:20:00 AM,09:20:00,Hot-Dry,2009-11-25 09:20:00,11
15.66561381,-18.60730998,LA14,2009-11-25,09:40:00 AM,09:40:00,Hot-Dry,2009-11-25 09:40:00,11
15.66565755,-18.6072876,LA14,2009-11-25,10:00:00 AM,10:00:00,Hot-Dry,2009-11-25 10:00:00,11
15.66677348,-18.60766195,LA14,2009-11-25,10:20:00 AM,10:20:00,Hot-Dry,2009-11-25 10:20:00,11
15.66681315,-18.60772095,LA14,2009-11-25,10:40:00 AM,10:40:00,Hot-Dry,2009-11-25 10:40:00,11
15.66681519,-18.60772502,LA14,2009-11-25,11:00:00 AM,11:00:00,Hot-Dry,2009-11-25 11:00:00,11
15.66681824,-18.60774536,LA14,2009-11-25,11:20:00 AM,11:20:00,Hot-Dry,2009-11-25 11:20:00,11
15.66683146,-18.60773519,LA14,2009-11-25,11:40:00 AM,11:40:00,Hot-Dry,2009-11-25 11:40:00,11
15.66679179,-18.60772705,LA14,2009-11-25,12:00:00 PM,12:00:00,Hot-Dry,2009-11-25 12:00:00,11
15.66687215,-18.60910848,LA14,2009-11-25,12:20:00 PM,12:20:00,Hot-Dry,2009-11-25 12:20:00,11
15.665448,-18.61463826,LA14,2009-11-25,12:40:00 PM,12:40:00,Hot-Dry,2009-11-25 12:40:00,11
15.66347148,-18.62239787,LA14,2009-11-25,01:00:00 PM,13:00:00,Hot-Dry,2009-11-25 13:00:00,11
15.66017049,-18.62866007,LA14,2009-11-25,01:20:00 PM,13:20:00,Hot-Dry,2009-11-25 13:20:00,11
15.65814514,-18.63656616,LA14,2009-11-25,01:40:00 PM,13:40:00,Hot-Dry,2009-11-25 13:40:00,11
15.65651957,-18.64464925,LA14,2009-11-25,02:00:00 PM,14:00:00,Hot-Dry,2009-11-25 14:00:00,11
15.65570374,-18.65314535,LA14,2009-11-25,02:20:00 PM,14:20:00,Hot-Dry,2009-11-25 14:20:00,11
15.65674133,-18.66149495,LA14,2009-11-25,02:40:00 PM,14:40:00,Hot-Dry,2009-11-25 14:40:00,11
15.65884705,-18.67091268,LA14,2009-11-25,03:00:00 PM,15:00:00,Hot-Dry,2009-11-25 15:00:00,11
15.65575663,-18.68116659,LA14,2009-11-25,03:20:00 PM,15:20:00,Hot-Dry,2009-11-25 15:20:00,11
15.6524526,-18.69019165,LA14,2009-11-25,03:40:00 PM,15:40:00,Hot-Dry,2009-11-25 15:40:00,11
15.65453491,-18.69991659,LA14,2009-11-25,04:00:00 PM,16:00:00,Hot-Dry,2009-11-25 16:00:00,11
15.65288086,-18.70916138,LA14,2009-11-25,04:20:00 PM,16:20:00,Hot-Dry,2009-11-25 16:20:00,11
15.65098877,-18.71919352,LA14,2009-11-25,04:40:00 PM,16:40:00,Hot-Dry,2009-11-25 16:40:00,11
15.64623515,-18.72951253,LA14,2009-11-25,05:00:00 PM,17:00:00,Hot-Dry,2009-11-25 17:00:00,11
15.64310201,-18.73898112,LA14,2009-11-25,05:20:00 PM,17:20:00,Hot-Dry,2009-11-25 17:20:00,11
15.63795166,-18.74994914,LA14,2009-11-25,05:40:00 PM,17:40:00,Hot-Dry,2009-11-25 17:40:00,11
15.63131205,-18.76118164,LA14,2009-11-25,06:00:00 PM,18:00:00,Hot-Dry,2009-11-25 18:00:00,11
15.62572734,-18.77353109,LA14,2009-11-25,06:20:00 PM,18:20:00,Hot-Dry,2009-11-25 18:20:00,11
15.61857605,-18.78663737,LA14,2009-11-25,06:40:00 PM,18:40:00,Hot-Dry,2009-11-25 18:40:00,11
15.6184845,-18.7866333,LA14,2009-11-25,07:00:00 PM,19:00:00,Hot-Dry,2009-11-25 19:00:00,11
15.61796163,-18.78676554,LA14,2009-11-25,07:20:00 PM,19:20:00,Hot-Dry,2009-11-25 19:20:00,11
15.61765849,-18.78680827,LA14,2009-11-25,07:40:00 PM,19:40:00,Hot-Dry,2009-11-25 19:40:00,11
15.61856079,-18.78658447,LA14,2009-11-25,08:00:00 PM,20:00:00,Hot-Dry,2009-11-25 20:00:00,11
15.61573079,-18.78664551,LA14,2009-11-25,08:20:00 PM,20:20:00,Hot-Dry,2009-11-25 20:20:00,11
15.6103241,-18.7883138,LA14,2009-11-25,08:40:00 PM,20:40:00,Hot-Dry,2009-11-25 20:40:00,11
15.60318909,-18.78798218,LA14,2009-11-25,09:00:00 PM,21:00:00,Hot-Dry,2009-11-25 21:00:00,11
15.59497274,-18.78784587,LA14,2009-11-25,09:20:00 PM,21:20:00,Hot-Dry,2009-11-25 21:20:00,11
15.58992818,-18.78881226,LA14,2009-11-25,09:40:00 PM,21:40:00,Hot-Dry,2009-11-25 21:40:00,11
15.5848938,-18.78802897,LA14,2009-11-25,10:00:00 PM,22:00:00,Hot-Dry,2009-11-25 22:00:00,11
15.57797139,-18.78816121,LA14,2009-11-25,10:20:00 PM,22:20:00,Hot-Dry,2009-11-25 22:20:00,11
15.57021586,-18.78845622,LA14,2009-11-25,10:40:00 PM,22:40:00,Hot-Dry,2009-11-25 22:40:00,11
15.56412557,-18.78780924,LA14,2009-11-25,11:00:00 PM,23:00:00,Hot-Dry,2009-11-25 23:00:00,11
15.56087748,-18.78657633,LA14,2009-11-25,11:20:00 PM,23:20:00,Hot-Dry,2009-11-25 23:20:00,11
15.55907694,-18.78597616,LA14,2009-11-25,11:40:00 PM,23:40:00,Hot-Dry,2009-11-25 23:40:00,11
15.55653381,-18.78841553,LA14,2009-11-26,12:00:00 AM,00:00:00,Hot-Dry,2009-11-26 00:00:00,11
15.55558065,-18.78974202,LA14,2009-11-26,12:20:00 AM,00:20:00,Hot-Dry,2009-11-26 00:20:00,11
15.55483805,-18.79063517,LA14,2009-11-26,12:40:00 AM,00:40:00,Hot-Dry,2009-11-26 00:40:00,11
15.55550232,-18.7928182,LA14,2009-11-26,01:00:00 AM,01:00:00,Hot-Dry,2009-11-26 01:00:00,11
15.55731812,-18.7952006,LA14,2009-11-26,01:20:00 AM,01:20:00,Hot-Dry,2009-11-26 01:20:00,11
15.55836589,-18.79587402,LA14,2009-11-26,01:40:00 AM,01:40:00,Hot-Dry,2009-11-26 01:40:00,11
15.55823873,-18.79642741,LA14,2009-11-26,02:00:00 AM,02:00:00,Hot-Dry,2009-11-26 02:00:00,11
15.5574707,-18.79659017,LA14,2009-11-26,02:20:00 AM,02:20:00,Hot-Dry,2009-11-26 02:20:00,11
15.55788167,-18.79642537,LA14,2009-11-26,02:40:00 AM,02:40:00,Hot-Dry,2009-11-26 02:40:00,11
15.55784505,-18.7964152,LA14,2009-11-26,03:00:00 AM,03:00:00,Hot-Dry,2009-11-26 03:00:00,11
15.55785319,-18.79640299,LA14,2009-11-26,03:20:00 AM,03:20:00,Hot-Dry,2009-11-26 03:20:00,11
15.55787455,-18.79640503,LA14,2009-11-26,03:40:00 AM,03:40:00,Hot-Dry,2009-11-26 03:40:00,11
15.55570679,-18.79662679,LA14,2009-11-26,04:00:00 AM,04:00:00,Hot-Dry,2009-11-26 04:00:00,11
15.55130208,-18.79771729,LA14,2009-11-26,04:20:00 AM,04:20:00,Hot-Dry,2009-11-26 04:20:00,11
15.5495575,-18.79526164,LA14,2009-11-26,04:40:00 AM,04:40:00,Hot-Dry,2009-11-26 04:40:00,11
15.55058797,-18.79445801,LA14,2009-11-26,05:00:00 AM,05:00:00,Hot-Dry,2009-11-26 05:00:00,11
15.5527832,-18.79306641,LA14,2009-11-26,05:20:00 AM,05:20:00,Hot-Dry,2009-11-26 05:20:00,11
15.55442912,-18.79478149,LA14,2009-11-26,05:40:00 AM,05:40:00,Hot-Dry,2009-11-26 05:40:00,11
15.55271606,-18.7924113,LA14,2009-11-26,06:00:00 AM,06:00:00,Hot-Dry,2009-11-26 06:00:00,11
15.55429484,-18.79350586,LA14,2009-11-26,06:20:00 AM,06:20:00,Hot-Dry,2009-11-26 06:20:00,11
15.5563975,-18.79670003,LA14,2009-11-26,06:40:00 AM,06:40:00,Hot-Dry,2009-11-26 06:40:00,11
15.55191243,-18.79938558,LA14,2009-11-26,07:00:00 AM,07:00:00,Hot-Dry,2009-11-26 07:00:00,11
15.54752096,-18.79700317,LA14,2009-11-26,07:20:00 AM,07:20:00,Hot-Dry,2009-11-26 07:20:00,11
15.54900818,-18.79729004,LA14,2009-11-26,07:40:00 AM,07:40:00,Hot-Dry,2009-11-26 07:40:00,11
15.54902039,-18.79731038,LA14,2009-11-26,08:00:00 AM,08:00:00,Hot-Dry,2009-11-26 08:00:00,11
15.54901937,-18.79727376,LA14,2009-11-26,08:20:00 AM,08:20:00,Hot-Dry,2009-11-26 08:20:00,11
15.54901326,-18.79725749,LA14,2009-11-26,08:40:00 AM,08:40:00,Hot-Dry,2009-11-26 08:40:00,11
15.5490092,-18.7972819,LA14,2009-11-26,09:00:00 AM,09:00:00,Hot-Dry,2009-11-26 09:00:00,11
15.54902039,-18.79727783,LA14,2009-11-26,09:20:00 AM,09:20:00,Hot-Dry,2009-11-26 09:20:00,11
15.54902649,-18.79727376,LA14,2009-11-26,09:40:00 AM,09:40:00,Hot-Dry,2009-11-26 09:40:00,11
15.54901428,-18.79729004,LA14,2009-11-26,10:00:00 AM,10:00:00,Hot-Dry,2009-11-26 10:00:00,11
15.54904175,-18.79728394,LA14,2009-11-26,10:20:00 AM,10:20:00,Hot-Dry,2009-11-26 10:20:00,11
15.5490509,-18.797288,LA14,2009-11-26,10:40:00 AM,10:40:00,Hot-Dry,2009-11-26 10:40:00,11
15.54900614,-18.79730835,LA14,2009-11-26,11:00:00 AM,11:00:00,Hot-Dry,2009-11-26 11:00:00,11
15.54948934,-18.79754435,LA14,2009-11-26,11:20:00 AM,11:20:00,Hot-Dry,2009-11-26 11:20:00,11
15.54959615,-18.79949341,LA14,2009-11-26,11:40:00 AM,11:40:00,Hot-Dry,2009-11-26 11:40:00,11
15.54986165,-18.79530233,LA14,2009-11-26,12:00:00 PM,12:00:00,Hot-Dry,2009-11-26 12:00:00,11
15.54891561,-18.79216105,LA14,2009-11-26,12:20:00 PM,12:20:00,Hot-Dry,2009-11-26 12:20:00,11
15.54842021,-18.79183553,LA14,2009-11-26,12:40:00 PM,12:40:00,Hot-Dry,2009-11-26 12:40:00,11
15.54690247,-18.79433187,LA14,2009-11-26,01:00:00 PM,13:00:00,Hot-Dry,2009-11-26 13:00:00,11
15.54782918,-18.79784342,LA14,2009-11-26,01:20:00 PM,13:20:00,Hot-Dry,2009-11-26 13:20:00,11
15.55090027,-18.7952596,LA14,2009-11-26,01:40:00 PM,13:40:00,Hot-Dry,2009-11-26 13:40:00,11
15.55102539,-18.79117025,LA14,2009-11-26,02:00:00 PM,14:00:00,Hot-Dry,2009-11-26 14:00:00,11
15.55364583,-18.78922729,LA14,2009-11-26,02:20:00 PM,14:20:00,Hot-Dry,2009-11-26 14:20:00,11
15.56002808,-18.78411662,LA14,2009-11-26,02:40:00 PM,14:40:00,Hot-Dry,2009-11-26 14:40:00,11
15.56135254,-18.78334757,LA14,2009-11-26,03:00:00 PM,15:00:00,Hot-Dry,2009-11-26 15:00:00,11
15.5663147,-18.78311361,LA14,2009-11-26,03:20:00 PM,15:20:00,Hot-Dry,2009-11-26 15:20:00,11
15.56973063,-18.78263143,LA14,2009-11-26,03:40:00 PM,15:40:00,Hot-Dry,2009-11-26 15:40:00,11
15.57188009,-18.78337199,LA14,2009-11-26,04:00:00 PM,16:00:00,Hot-Dry,2009-11-26 16:00:00,11
15.57151388,-18.78402913,LA14,2009-11-26,04:20:00 PM,16:20:00,Hot-Dry,2009-11-26 16:20:00,11
15.5719045,-18.78473918,LA14,2009-11-26,04:40:00 PM,16:40:00,Hot-Dry,2009-11-26 16:40:00,11
15.57784627,-18.78399048,LA14,2009-11-26,05:00:00 PM,17:00:00,Hot-Dry,2009-11-26 17:00:00,11
15.5833374,-18.78226115,LA14,2009-11-26,05:20:00 PM,17:20:00,Hot-Dry,2009-11-26 17:20:00,11
15.58913981,-18.78155518,LA14,2009-11-26,05:40:00 PM,17:40:00,Hot-Dry,2009-11-26 17:40:00,11
15.59280497,-18.78033651,LA14,2009-11-26,06:00:00 PM,18:00:00,Hot-Dry,2009-11-26 18:00:00,11
15.6026825,-18.78272909,LA14,2009-11-26,06:20:00 PM,18:20:00,Hot-Dry,2009-11-26 18:20:00,11
15.613974,-18.78549805,LA14,2009-11-26,06:40:00 PM,18:40:00,Hot-Dry,2009-11-26 18:40:00,11
15.61889343,-18.78644409,LA14,2009-11-26,07:00:00 PM,19:00:00,Hot-Dry,2009-11-26 19:00:00,11
15.62301636,-18.78400879,LA14,2009-11-26,07:20:00 PM,19:20:00,Hot-Dry,2009-11-26 19:20:00,11
15.6325236,-18.77892253,LA14,2009-11-26,07:40:00 PM,19:40:00,Hot-Dry,2009-11-26 19:40:00,11
15.6433665,-18.77405396,LA14,2009-11-26,08:00:00 PM,20:00:00,Hot-Dry,2009-11-26 20:00:00,11
15.65399679,-18.77049764,LA14,2009-11-26,08:20:00 PM,20:20:00,Hot-Dry,2009-11-26 20:20:00,11
15.65898743,-18.76640218,LA14,2009-11-26,08:40:00 PM,20:40:00,Hot-Dry,2009-11-26 20:40:00,11
15.66609701,-18.76439616,LA14,2009-11-26,09:00:00 PM,21:00:00,Hot-Dry,2009-11-26 21:00:00,11
15.67540283,-18.76189168,LA14,2009-11-26,09:20:00 PM,21:20:00,Hot-Dry,2009-11-26 21:20:00,11
15.68133748,-18.75980835,LA14,2009-11-26,09:40:00 PM,21:40:00,Hot-Dry,2009-11-26 21:40:00,11
15.69067891,-18.75345459,LA14,2009-11-26,10:00:00 PM,22:00:00,Hot-Dry,2009-11-26 22:00:00,11
15.69058533,-18.75156047,LA14,2009-11-26,10:20:00 PM,22:20:00,Hot-Dry,2009-11-26 22:20:00,11
15.68978882,-18.75071411,LA14,2009-11-26,10:40:00 PM,22:40:00,Hot-Dry,2009-11-26 22:40:00,11
15.68974304,-18.75057983,LA14,2009-11-26,11:00:00 PM,23:00:00,Hot-Dry,2009-11-26 23:00:00,11
15.68969218,-18.75042114,LA14,2009-11-26,11:20:00 PM,23:20:00,Hot-Dry,2009-11-26 23:20:00,11
15.69007263,-18.75054118,LA14,2009-11-26,11:40:00 PM,23:40:00,Hot-Dry,2009-11-26 23:40:00,11
15.6956838,-18.74863485,LA14,2009-11-27,12:00:00 AM,00:00:00,Hot-Dry,2009-11-27 00:00:00,11
15.70240072,-18.7480367,LA14,2009-11-27,12:20:00 AM,00:20:00,Hot-Dry,2009-11-27 00:20:00,11
15.71112264,-18.74157918,LA14,2009-11-27,12:40:00 AM,00:40:00,Hot-Dry,2009-11-27 00:40:00,11
15.71505737,-18.73927205,LA14,2009-11-27,01:00:00 AM,01:00:00,Hot-Dry,2009-11-27 01:00:00,11
15.71950887,-18.73658447,LA14,2009-11-27,01:20:00 AM,01:20:00,Hot-Dry,2009-11-27 01:20:00,11
15.72108765,-18.73572388,LA14,2009-11-27,01:40:00 AM,01:40:00,Hot-Dry,2009-11-27 01:40:00,11
15.72132467,-18.73522135,LA14,2009-11-27,02:00:00 AM,02:00:00,Hot-Dry,2009-11-27 02:00:00,11
15.72139181,-18.73519084,LA14,2009-11-27,02:20:00 AM,02:20:00,Hot-Dry,2009-11-27 02:20:00,11
15.7210439,-18.73573405,LA14,2009-11-27,02:40:00 AM,02:40:00,Hot-Dry,2009-11-27 02:40:00,11
15.72103882,-18.73571777,LA14,2009-11-27,03:00:00 AM,03:00:00,Hot-Dry,2009-11-27 03:00:00,11
15.72102763,-18.73573608,LA14,2009-11-27,03:20:00 AM,03:20:00,Hot-Dry,2009-11-27 03:20:00,11
15.72104492,-18.73573405,LA14,2009-11-27,03:40:00 AM,03:40:00,Hot-Dry,2009-11-27 03:40:00,11
15.7230011,-18.73244832,LA14,2009-11-27,04:00:00 AM,04:00:00,Hot-Dry,2009-11-27 04:00:00,11
15.72775777,-18.72762858,LA14,2009-11-27,04:20:00 AM,04:20:00,Hot-Dry,2009-11-27 04:20:00,11
15.72634786,-18.72655233,LA14,2009-11-27,04:40:00 AM,04:40:00,Hot-Dry,2009-11-27 04:40:00,11
15.72818197,-18.72629598,LA14,2009-11-27,05:00:00 AM,05:00:00,Hot-Dry,2009-11-27 05:00:00,11
15.7290802,-18.72442627,LA14,2009-11-27,05:20:00 AM,05:20:00,Hot-Dry,2009-11-27 05:20:00,11
15.72806091,-18.7232015,LA14,2009-11-27,05:40:00 AM,05:40:00,Hot-Dry,2009-11-27 05:40:00,11
15.72819621,-18.72272135,LA14,2009-11-27,06:00:00 AM,06:00:00,Hot-Dry,2009-11-27 06:00:00,11
15.72878113,-18.72265828,LA14,2009-11-27,06:20:00 AM,06:20:00,Hot-Dry,2009-11-27 06:20:00,11
15.72754618,-18.72165934,LA14,2009-11-27,06:40:00 AM,06:40:00,Hot-Dry,2009-11-27 06:40:00,11
15.72630208,-18.72113241,LA14,2009-11-27,07:00:00 AM,07:00:00,Hot-Dry,2009-11-27 07:00:00,11
15.726297,-18.72113851,LA14,2009-11-27,07:20:00 AM,07:20:00,Hot-Dry,2009-11-27 07:20:00,11
15.72634379,-18.72114258,LA14,2009-11-27,07:40:00 AM,07:40:00,Hot-Dry,2009-11-27 07:40:00,11
15.72530823,-18.72041016,LA14,2009-11-27,08:00:00 AM,08:00:00,Hot-Dry,2009-11-27 08:00:00,11
15.72469788,-18.71982422,LA14,2009-11-27,08:20:00 AM,08:20:00,Hot-Dry,2009-11-27 08:20:00,11
15.72478739,-18.71973267,LA14,2009-11-27,08:40:00 AM,08:40:00,Hot-Dry,2009-11-27 08:40:00,11
15.72412313,-18.71928711,LA14,2009-11-27,09:00:00 AM,09:00:00,Hot-Dry,2009-11-27 09:00:00,11
15.72418213,-18.71928304,LA14,2009-11-27,09:21:00 AM,09:21:00,Hot-Dry,2009-11-27 09:21:00,11
15.72414246,-18.71926473,LA14,2009-11-27,09:40:00 AM,09:40:00,Hot-Dry,2009-11-27 09:40:00,11
15.72411804,-18.71923625,LA14,2009-11-27,10:00:00 AM,10:00:00,Hot-Dry,2009-11-27 10:00:00,11
15.72410889,-18.71924642,LA14,2009-11-27,10:20:00 AM,10:20:00,Hot-Dry,2009-11-27 10:20:00,11
15.72414246,-18.71921183,LA14,2009-11-27,10:40:00 AM,10:40:00,Hot-Dry,2009-11-27 10:40:00,11
15.72414958,-18.71883138,LA14,2009-11-27,11:00:00 AM,11:00:00,Hot-Dry,2009-11-27 11:00:00,11
15.72269897,-18.7181783,LA14,2009-11-27,11:20:00 AM,11:20:00,Hot-Dry,2009-11-27 11:20:00,11
15.72213643,-18.71808472,LA14,2009-11-27,11:40:00 AM,11:40:00,Hot-Dry,2009-11-27 11:40:00,11
15.72160543,-18.71811523,LA14,2009-11-27,12:00:00 PM,12:00:00,Hot-Dry,2009-11-27 12:00:00,11
15.72164103,-18.71810099,LA14,2009-11-27,12:20:00 PM,12:20:00,Hot-Dry,2009-11-27 12:20:00,11
15.72160848,-18.71811117,LA14,2009-11-27,12:40:00 PM,12:40:00,Hot-Dry,2009-11-27 12:40:00,11
15.72159627,-18.71812744,LA14,2009-11-27,01:00:00 PM,13:00:00,Hot-Dry,2009-11-27 13:00:00,11
15.72158407,-18.71821289,LA14,2009-11-27,01:20:00 PM,13:20:00,Hot-Dry,2009-11-27 13:20:00,11
15.7212026,-18.71912231,LA14,2009-11-27,01:40:00 PM,13:40:00,Hot-Dry,2009-11-27 13:40:00,11
15.72128906,-18.72001139,LA14,2009-11-27,02:00:00 PM,14:00:00,Hot-Dry,2009-11-27 14:00:00,11
15.72136739,-18.72022909,LA14,2009-11-27,02:20:00 PM,14:20:00,Hot-Dry,2009-11-27 14:20:00,11
15.7232432,-18.72161051,LA14,2009-11-27,02:40:00 PM,14:40:00,Hot-Dry,2009-11-27 14:40:00,11
15.72345581,-18.72291463,LA14,2009-11-27,03:00:00 PM,15:00:00,Hot-Dry,2009-11-27 15:00:00,11
15.72509664,-18.72518514,LA14,2009-11-27,03:20:00 PM,15:20:00,Hot-Dry,2009-11-27 15:20:00,11
15.7306488,-18.72851969,LA14,2009-11-27,03:40:00 PM,15:40:00,Hot-Dry,2009-11-27 15:40:00,11
15.73224589,-18.7317749,LA14,2009-11-27,04:00:00 PM,16:00:00,Hot-Dry,2009-11-27 16:00:00,11
15.73439636,-18.73498739,LA14,2009-11-27,04:20:00 PM,16:20:00,Hot-Dry,2009-11-27 16:20:00,11
15.73999634,-18.73752441,LA14,2009-11-27,04:40:00 PM,16:40:00,Hot-Dry,2009-11-27 16:40:00,11
15.74184062,-18.73895467,LA14,2009-11-27,05:00:00 PM,17:00:00,Hot-Dry,2009-11-27 17:00:00,11
15.74243062,-18.73982747,LA14,2009-11-27,05:20:00 PM,17:20:00,Hot-Dry,2009-11-27 17:20:00,11
15.7447581,-18.7389384,LA14,2009-11-27,05:40:00 PM,17:40:00,Hot-Dry,2009-11-27 17:40:00,11
15.74573364,-18.73813273,LA14,2009-11-27,06:00:00 PM,18:00:00,Hot-Dry,2009-11-27 18:00:00,11
15.74614054,-18.73977661,LA14,2009-11-27,06:20:00 PM,18:20:00,Hot-Dry,2009-11-27 18:20:00,11
15.7446523,-18.74116821,LA14,2009-11-27,06:40:00 PM,18:40:00,Hot-Dry,2009-11-27 18:40:00,11
15.74352519,-18.74177043,LA14,2009-11-27,07:00:00 PM,19:00:00,Hot-Dry,2009-11-27 19:00:00,11
15.74131165,-18.74221802,LA14,2009-11-27,07:20:00 PM,19:20:00,Hot-Dry,2009-11-27 19:20:00,11
15.74105428,-18.7396403,LA14,2009-11-27,07:40:00 PM,19:40:00,Hot-Dry,2009-11-27 19:40:00,11
15.74047648,-18.73949178,LA14,2009-11-27,08:00:00 PM,20:00:00,Hot-Dry,2009-11-27 20:00:00,11
15.74045919,-18.73973592,LA14,2009-11-27,08:20:00 PM,20:20:00,Hot-Dry,2009-11-27 20:20:00,11
15.74047038,-18.73973796,LA14,2009-11-27,08:40:00 PM,20:40:00,Hot-Dry,2009-11-27 20:40:00,11
15.7404012,-18.7380717,LA14,2009-11-27,09:00:00 PM,21:00:00,Hot-Dry,2009-11-27 21:00:00,11
15.73938293,-18.73767293,LA14,2009-11-27,09:20:00 PM,21:20:00,Hot-Dry,2009-11-27 21:20:00,11
15.74035339,-18.73527629,LA14,2009-11-27,09:40:00 PM,21:40:00,Hot-Dry,2009-11-27 21:40:00,11
15.74258931,-18.73421021,LA14,2009-11-27,10:00:00 PM,22:00:00,Hot-Dry,2009-11-27 22:00:00,11
15.74324239,-18.73452962,LA14,2009-11-27,10:20:00 PM,22:20:00,Hot-Dry,2009-11-27 22:20:00,11
15.74452616,-18.73381348,LA14,2009-11-27,10:40:00 PM,22:40:00,Hot-Dry,2009-11-27 22:40:00,11
15.74795227,-18.73077393,LA14,2009-11-27,11:00:00 PM,23:00:00,Hot-Dry,2009-11-27 23:00:00,11
15.75140177,-18.72730509,LA14,2009-11-27,11:20:00 PM,23:20:00,Hot-Dry,2009-11-27 23:20:00,11
15.75155945,-18.72717082,LA14,2009-11-27,11:40:00 PM,23:40:00,Hot-Dry,2009-11-27 23:40:00,11
15.75155436,-18.72720337,LA14,2009-11-28,12:00:00 AM,00:00:00,Hot-Dry,2009-11-28 00:00:00,11
15.75106506,-18.72755941,LA14,2009-11-28,12:20:00 AM,00:20:00,Hot-Dry,2009-11-28 00:20:00,11
15.7497762,-18.72843424,LA14,2009-11-28,12:40:00 AM,00:40:00,Hot-Dry,2009-11-28 00:40:00,11
15.74665731,-18.73191732,LA14,2009-11-28,01:00:00 AM,01:00:00,Hot-Dry,2009-11-28 01:00:00,11
15.74401449,-18.73149821,LA14,2009-11-28,01:20:00 AM,01:20:00,Hot-Dry,2009-11-28 01:20:00,11
15.74286499,-18.7318278,LA14,2009-11-28,01:40:00 AM,01:40:00,Hot-Dry,2009-11-28 01:40:00,11
15.74250997,-18.73167725,LA14,2009-11-28,02:00:00 AM,02:00:00,Hot-Dry,2009-11-28 02:00:00,11
15.74256287,-18.73029175,LA14,2009-11-28,02:20:00 AM,02:20:00,Hot-Dry,2009-11-28 02:20:00,11
15.74143575,-18.73099976,LA14,2009-11-28,02:40:00 AM,02:40:00,Hot-Dry,2009-11-28 02:40:00,11
15.74145203,-18.73095703,LA14,2009-11-28,03:00:00 AM,03:00:00,Hot-Dry,2009-11-28 03:00:00,11
15.7414093,-18.73098551,LA14,2009-11-28,03:20:00 AM,03:20:00,Hot-Dry,2009-11-28 03:20:00,11
15.74142049,-18.7310262,LA14,2009-11-28,03:40:00 AM,03:40:00,Hot-Dry,2009-11-28 03:40:00,11
15.74138896,-18.73100382,LA14,2009-11-28,04:02:00 AM,04:02:00,Hot-Dry,2009-11-28 04:02:00,11
15.74138285,-18.73100993,LA14,2009-11-28,04:20:00 AM,04:20:00,Hot-Dry,2009-11-28 04:20:00,11
15.73716634,-18.72763468,LA14,2009-11-28,04:40:00 AM,04:40:00,Hot-Dry,2009-11-28 04:40:00,11
15.72690023,-18.71953532,LA14,2009-11-28,05:00:00 AM,05:00:00,Hot-Dry,2009-11-28 05:00:00,11
15.72046916,-18.71197103,LA14,2009-11-28,05:20:00 AM,05:20:00,Hot-Dry,2009-11-28 05:20:00,11
15.71975301,-18.71251424,LA14,2009-11-28,05:40:00 AM,05:40:00,Hot-Dry,2009-11-28 05:40:00,11
15.72347005,-18.7161967,LA14,2009-11-28,06:00:00 AM,06:00:00,Hot-Dry,2009-11-28 06:00:00,11
15.72545369,-18.72045695,LA14,2009-11-28,06:20:00 AM,06:20:00,Hot-Dry,2009-11-28 06:20:00,11
15.72652893,-18.72221883,LA14,2009-11-28,06:40:00 AM,06:40:00,Hot-Dry,2009-11-28 06:40:00,11
15.72707214,-18.72416382,LA14,2009-11-28,07:00:00 AM,07:00:00,Hot-Dry,2009-11-28 07:00:00,11
15.72732646,-18.72701619,LA14,2009-11-28,07:20:00 AM,07:20:00,Hot-Dry,2009-11-28 07:20:00,11
15.72969462,-18.72924398,LA14,2009-11-28,07:40:00 AM,07:40:00,Hot-Dry,2009-11-28 07:40:00,11
15.73049418,-18.72919515,LA14,2009-11-28,08:00:00 AM,08:00:00,Hot-Dry,2009-11-28 08:00:00,11
15.73037211,-18.72855021,LA14,2009-11-28,08:20:00 AM,08:20:00,Hot-Dry,2009-11-28 08:20:00,11
15.7325765,-18.72860107,LA14,2009-11-28,08:40:00 AM,08:40:00,Hot-Dry,2009-11-28 08:40:00,11
15.73095703,-18.72305501,LA14,2009-11-28,09:00:00 AM,09:00:00,Hot-Dry,2009-11-28 09:00:00,11
15.72345276,-18.71617432,LA14,2009-11-28,09:20:00 AM,09:20:00,Hot-Dry,2009-11-28 09:20:00,11
15.71683451,-18.7049764,LA14,2009-11-28,09:40:00 AM,09:40:00,Hot-Dry,2009-11-28 09:40:00,11
15.71531372,-18.69331258,LA14,2009-11-28,10:00:00 AM,10:00:00,Hot-Dry,2009-11-28 10:00:00,11
15.70855103,-18.68486735,LA14,2009-11-28,10:20:00 AM,10:20:00,Hot-Dry,2009-11-28 10:20:00,11
15.7098114,-18.67587484,LA14,2009-11-28,10:40:00 AM,10:40:00,Hot-Dry,2009-11-28 10:40:00,11
15.71273905,-18.66953125,LA14,2009-11-28,11:00:00 AM,11:00:00,Hot-Dry,2009-11-28 11:00:00,11
15.71340942,-18.67080485,LA14,2009-11-28,11:20:00 AM,11:20:00,Hot-Dry,2009-11-28 11:20:00,11
15.71325582,-18.67141113,LA14,2009-11-28,11:40:00 AM,11:40:00,Hot-Dry,2009-11-28 11:40:00,11
15.71236064,-18.67244873,LA14,2009-11-28,12:00:00 PM,12:00:00,Hot-Dry,2009-11-28 12:00:00,11
15.71235046,-18.67247111,LA14,2009-11-28,12:20:00 PM,12:20:00,Hot-Dry,2009-11-28 12:20:00,11
15.71237284,-18.67246501,LA14,2009-11-28,12:40:00 PM,12:40:00,Hot-Dry,2009-11-28 12:40:00,11
15.71238708,-18.67249349,LA14,2009-11-28,01:00:00 PM,13:00:00,Hot-Dry,2009-11-28 13:00:00,11
15.71239421,-18.67249756,LA14,2009-11-28,01:20:00 PM,13:20:00,Hot-Dry,2009-11-28 13:20:00,11
15.71201274,-18.67542928,LA14,2009-11-28,01:40:00 PM,13:40:00,Hot-Dry,2009-11-28 13:40:00,11
15.71173096,-18.67600911,LA14,2009-11-28,02:00:00 PM,14:00:00,Hot-Dry,2009-11-28 14:00:00,11
15.71133016,-18.67699992,LA14,2009-11-28,02:20:00 PM,14:20:00,Hot-Dry,2009-11-28 14:20:00,11
15.71126709,-18.68619588,LA14,2009-11-28,02:40:00 PM,14:40:00,Hot-Dry,2009-11-28 14:40:00,11
15.70776672,-18.697111,LA14,2009-11-28,03:00:00 PM,15:00:00,Hot-Dry,2009-11-28 15:00:00,11
15.70497843,-18.70580851,LA14,2009-11-28,03:20:00 PM,15:20:00,Hot-Dry,2009-11-28 15:20:00,11
15.70135396,-18.71121216,LA14,2009-11-28,03:40:00 PM,15:40:00,Hot-Dry,2009-11-28 15:40:00,11
15.69813843,-18.71556396,LA14,2009-11-28,04:00:00 PM,16:00:00,Hot-Dry,2009-11-28 16:00:00,11
15.68962301,-18.72186279,LA14,2009-11-28,04:20:00 PM,16:20:00,Hot-Dry,2009-11-28 16:20:00,11
15.68671163,-18.72989095,LA14,2009-11-28,04:40:00 PM,16:40:00,Hot-Dry,2009-11-28 16:40:00,11
15.68312073,-18.73774414,LA14,2009-11-28,05:00:00 PM,17:00:00,Hot-Dry,2009-11-28 17:00:00,11
15.67726746,-18.74442139,LA14,2009-11-28,05:20:00 PM,17:20:00,Hot-Dry,2009-11-28 17:20:00,11
15.66829529,-18.75261637,LA14,2009-11-28,05:40:00 PM,17:40:00,Hot-Dry,2009-11-28 17:40:00,11
15.65940247,-18.7606547,LA14,2009-11-28,06:00:00 PM,18:00:00,Hot-Dry,2009-11-28 18:00:00,11
15.64986776,-18.7659139,LA14,2009-11-28,06:20:00 PM,18:20:00,Hot-Dry,2009-11-28 18:20:00,11
15.64033305,-18.77298991,LA14,2009-11-28,06:40:00 PM,18:40:00,Hot-Dry,2009-11-28 18:40:00,11
15.62723999,-18.78150024,LA14,2009-11-28,07:00:00 PM,19:00:00,Hot-Dry,2009-11-28 19:00:00,11
15.61859131,-18.78662516,LA14,2009-11-28,07:20:00 PM,19:20:00,Hot-Dry,2009-11-28 19:20:00,11
15.61834513,-18.78660889,LA14,2009-11-28,07:40:00 PM,19:40:00,Hot-Dry,2009-11-28 19:40:00,11
15.62405294,-18.78045451,LA14,2009-11-28,08:00:00 PM,20:00:00,Hot-Dry,2009-11-28 20:00:00,11
15.63045349,-18.77225749,LA14,2009-11-28,08:20:00 PM,20:20:00,Hot-Dry,2009-11-28 20:20:00,11
15.63546041,-18.76434326,LA14,2009-11-28,08:40:00 PM,20:40:00,Hot-Dry,2009-11-28 20:40:00,11
15.63988749,-18.75681763,LA14,2009-11-28,09:00:00 PM,21:00:00,Hot-Dry,2009-11-28 21:00:00,11
15.64441935,-18.75085042,LA14,2009-11-28,09:20:00 PM,21:20:00,Hot-Dry,2009-11-28 21:20:00,11
15.65005188,-18.74519246,LA14,2009-11-28,09:40:00 PM,21:40:00,Hot-Dry,2009-11-28 21:40:00,11
15.65273641,-18.7399821,LA14,2009-11-28,10:00:00 PM,22:00:00,Hot-Dry,2009-11-28 22:00:00,11
15.65464071,-18.7372172,LA14,2009-11-28,10:20:00 PM,22:20:00,Hot-Dry,2009-11-28 22:20:00,11
15.65464884,-18.73494059,LA14,2009-11-28,10:40:00 PM,22:40:00,Hot-Dry,2009-11-28 22:40:00,11
15.65482686,-18.73324788,LA14,2009-11-28,11:00:00 PM,23:00:00,Hot-Dry,2009-11-28 23:00:00,11
15.65801697,-18.72797241,LA14,2009-11-28,11:20:00 PM,23:20:00,Hot-Dry,2009-11-28 23:20:00,11
15.66043498,-18.72535807,LA14,2009-11-28,11:40:00 PM,23:40:00,Hot-Dry,2009-11-28 23:40:00,11
15.6648173,-18.72032674,LA14,2009-11-29,12:00:00 AM,00:00:00,Hot-Dry,2009-11-29 00:00:00,11
15.66996969,-18.71546427,LA14,2009-11-29,12:20:00 AM,00:20:00,Hot-Dry,2009-11-29 00:20:00,11
15.67605286,-18.70975545,LA14,2009-11-29,12:40:00 AM,00:40:00,Hot-Dry,2009-11-29 00:40:00,11
15.68146464,-18.70693766,LA14,2009-11-29,01:00:00 AM,01:00:00,Hot-Dry,2009-11-29 01:00:00,11
15.68469442,-18.70790202,LA14,2009-11-29,01:20:00 AM,01:20:00,Hot-Dry,2009-11-29 01:20:00,11
15.68945414,-18.70817464,LA14,2009-11-29,01:40:00 AM,01:40:00,Hot-Dry,2009-11-29 01:40:00,11
15.69162598,-18.70773315,LA14,2009-11-29,02:00:00 AM,02:00:00,Hot-Dry,2009-11-29 02:00:00,11
15.69168701,-18.70769043,LA14,2009-11-29,02:20:00 AM,02:20:00,Hot-Dry,2009-11-29 02:20:00,11
15.6919932,-18.70770671,LA14,2009-11-29,02:40:00 AM,02:40:00,Hot-Dry,2009-11-29 02:40:00,11
15.69188029,-18.70762329,LA14,2009-11-29,03:00:00 AM,03:00:00,Hot-Dry,2009-11-29 03:00:00,11
15.69187113,-18.70759888,LA14,2009-11-29,03:20:00 AM,03:20:00,Hot-Dry,2009-11-29 03:20:00,11
15.6918925,-18.70760701,LA14,2009-11-29,03:40:00 AM,03:40:00,Hot-Dry,2009-11-29 03:40:00,11
15.69584859,-18.70578206,LA14,2009-11-29,04:00:00 AM,04:00:00,Hot-Dry,2009-11-29 04:00:00,11
15.70024618,-18.70506185,LA14,2009-11-29,04:20:00 AM,04:20:00,Hot-Dry,2009-11-29 04:20:00,11
15.70087382,-18.70535889,LA14,2009-11-29,04:40:00 AM,04:40:00,Hot-Dry,2009-11-29 04:40:00,11
15.70199178,-18.70511068,LA14,2009-11-29,05:00:00 AM,05:00:00,Hot-Dry,2009-11-29 05:00:00,11
15.70875854,-18.70519816,LA14,2009-11-29,05:20:00 AM,05:20:00,Hot-Dry,2009-11-29 05:20:00,11
15.70943909,-18.70573527,LA14,2009-11-29,05:40:00 AM,05:40:00,Hot-Dry,2009-11-29 05:40:00,11
15.71265361,-18.70659993,LA14,2009-11-29,06:00:00 AM,06:00:00,Hot-Dry,2009-11-29 06:00:00,11
15.71268717,-18.70658773,LA14,2009-11-29,06:20:00 AM,06:20:00,Hot-Dry,2009-11-29 06:20:00,11
15.71387939,-18.70670369,LA14,2009-11-29,06:40:00 AM,06:40:00,Hot-Dry,2009-11-29 06:40:00,11
15.7142985,-18.70725098,LA14,2009-11-29,07:00:00 AM,07:00:00,Hot-Dry,2009-11-29 07:00:00,11
15.71429749,-18.70721639,LA14,2009-11-29,07:20:00 AM,07:20:00,Hot-Dry,2009-11-29 07:20:00,11
15.71482747,-18.70757243,LA14,2009-11-29,07:40:00 AM,07:40:00,Hot-Dry,2009-11-29 07:40:00,11
15.71487935,-18.70737508,LA14,2009-11-29,08:00:00 AM,08:00:00,Hot-Dry,2009-11-29 08:00:00,11
15.71495565,-18.70743815,LA14,2009-11-29,08:20:00 AM,08:20:00,Hot-Dry,2009-11-29 08:20:00,11
15.71493835,-18.70741781,LA14,2009-11-29,08:40:00 AM,08:40:00,Hot-Dry,2009-11-29 08:40:00,11
15.71495667,-18.70750326,LA14,2009-11-29,09:00:00 AM,09:00:00,Hot-Dry,2009-11-29 09:00:00,11
15.71495463,-18.70749715,LA14,2009-11-29,09:20:00 AM,09:20:00,Hot-Dry,2009-11-29 09:20:00,11
15.71495361,-18.70738525,LA14,2009-11-29,09:40:00 AM,09:40:00,Hot-Dry,2009-11-29 09:40:00,11
15.71508382,-18.70728149,LA14,2009-11-29,10:00:00 AM,10:00:00,Hot-Dry,2009-11-29 10:00:00,11
15.71507467,-18.70734456,LA14,2009-11-29,10:20:00 AM,10:20:00,Hot-Dry,2009-11-29 10:20:00,11
15.71503296,-18.70733032,LA14,2009-11-29,10:40:00 AM,10:40:00,Hot-Dry,2009-11-29 10:40:00,11
15.71508993,-18.70735067,LA14,2009-11-29,11:00:00 AM,11:00:00,Hot-Dry,2009-11-29 11:00:00,11
15.71509298,-18.70733846,LA14,2009-11-29,11:20:00 AM,11:20:00,Hot-Dry,2009-11-29 11:20:00,11
15.71502991,-18.70738525,LA14,2009-11-29,11:40:00 AM,11:40:00,Hot-Dry,2009-11-29 11:40:00,11
15.71510315,-18.70734049,LA14,2009-11-29,12:00:00 PM,12:00:00,Hot-Dry,2009-11-29 12:00:00,11
15.71507568,-18.7073466,LA14,2009-11-29,12:20:00 PM,12:20:00,Hot-Dry,2009-11-29 12:20:00,11
15.7150767,-18.70733643,LA14,2009-11-29,12:40:00 PM,12:40:00,Hot-Dry,2009-11-29 12:40:00,11
15.71504924,-18.70730591,LA14,2009-11-29,01:00:00 PM,13:00:00,Hot-Dry,2009-11-29 13:00:00,11
15.71509196,-18.70733846,LA14,2009-11-29,01:20:00 PM,13:20:00,Hot-Dry,2009-11-29 13:20:00,11
15.71489258,-18.70711873,LA14,2009-11-29,01:40:00 PM,13:40:00,Hot-Dry,2009-11-29 13:40:00,11
15.71485901,-18.70732015,LA14,2009-11-29,02:00:00 PM,14:00:00,Hot-Dry,2009-11-29 14:00:00,11
15.7146464,-18.70848796,LA14,2009-11-29,02:20:00 PM,14:20:00,Hot-Dry,2009-11-29 14:20:00,11
15.7146932,-18.70870972,LA14,2009-11-29,02:40:00 PM,14:40:00,Hot-Dry,2009-11-29 14:40:00,11
15.71482849,-18.70920817,LA14,2009-11-29,03:00:00 PM,15:00:00,Hot-Dry,2009-11-29 15:00:00,11
15.71436768,-18.70986735,LA14,2009-11-29,03:20:00 PM,15:20:00,Hot-Dry,2009-11-29 15:20:00,11
15.71409505,-18.71116536,LA14,2009-11-29,03:40:00 PM,15:40:00,Hot-Dry,2009-11-29 15:40:00,11
15.7138326,-18.71256714,LA14,2009-11-29,04:00:00 PM,16:00:00,Hot-Dry,2009-11-29 16:00:00,11
15.71299744,-18.71465047,LA14,2009-11-29,04:20:00 PM,16:20:00,Hot-Dry,2009-11-29 16:20:00,11
15.7131724,-18.7169576,LA14,2009-11-29,04:40:00 PM,16:40:00,Hot-Dry,2009-11-29 16:40:00,11
15.71494548,-18.72321574,LA14,2009-11-29,05:00:00 PM,17:00:00,Hot-Dry,2009-11-29 17:00:00,11
15.71796366,-18.72956136,LA14,2009-11-29,05:20:00 PM,17:20:00,Hot-Dry,2009-11-29 17:20:00,11
15.72072042,-18.73444621,LA14,2009-11-29,05:40:00 PM,17:40:00,Hot-Dry,2009-11-29 17:40:00,11
15.71944071,-18.73889364,LA14,2009-11-29,06:00:00 PM,18:00:00,Hot-Dry,2009-11-29 18:00:00,11
15.71708069,-18.73891195,LA14,2009-11-29,06:20:00 PM,18:20:00,Hot-Dry,2009-11-29 18:20:00,11
15.71539408,-18.73937581,LA14,2009-11-29,06:40:00 PM,18:40:00,Hot-Dry,2009-11-29 18:40:00,11
15.71449687,-18.74102783,LA14,2009-11-29,07:00:00 PM,19:00:00,Hot-Dry,2009-11-29 19:00:00,11
15.7141571,-18.74265747,LA14,2009-11-29,07:20:00 PM,19:20:00,Hot-Dry,2009-11-29 19:20:00,11
15.71424255,-18.74361776,LA14,2009-11-29,07:40:00 PM,19:40:00,Hot-Dry,2009-11-29 19:40:00,11
15.7132487,-18.74608561,LA14,2009-11-29,08:00:00 PM,20:00:00,Hot-Dry,2009-11-29 20:00:00,11
15.7122111,-18.7472819,LA14,2009-11-29,08:20:00 PM,20:20:00,Hot-Dry,2009-11-29 20:20:00,11
15.71176554,-18.74763794,LA14,2009-11-29,08:40:00 PM,20:40:00,Hot-Dry,2009-11-29 20:40:00,11
15.71233114,-18.74844767,LA14,2009-11-29,09:00:00 PM,21:00:00,Hot-Dry,2009-11-29 21:00:00,11
15.71314494,-18.75044556,LA14,2009-11-29,09:20:00 PM,21:20:00,Hot-Dry,2009-11-29 21:20:00,11
15.71401571,-18.7524353,LA14,2009-11-29,09:40:00 PM,21:40:00,Hot-Dry,2009-11-29 21:40:00,11
15.71493632,-18.75467936,LA14,2009-11-29,10:00:00 PM,22:00:00,Hot-Dry,2009-11-29 22:00:00,11
15.71504822,-18.7568807,LA14,2009-11-29,10:20:00 PM,22:20:00,Hot-Dry,2009-11-29 22:20:00,11
15.71283061,-18.75839233,LA14,2009-11-29,10:40:00 PM,22:40:00,Hot-Dry,2009-11-29 22:40:00,11
15.71156514,-18.76002197,LA14,2009-11-29,11:00:00 PM,23:00:00,Hot-Dry,2009-11-29 23:00:00,11
15.71028035,-18.76174113,LA14,2009-11-29,11:20:00 PM,23:20:00,Hot-Dry,2009-11-29 23:20:00,11
15.709552,-18.76179403,LA14,2009-11-29,11:40:00 PM,23:40:00,Hot-Dry,2009-11-29 23:40:00,11
15.70769653,-18.7617391,LA14,2009-11-30,12:00:00 AM,00:00:00,Hot-Dry,2009-11-30 00:00:00,11
15.70560913,-18.76355591,LA14,2009-11-30,12:20:00 AM,00:20:00,Hot-Dry,2009-11-30 00:20:00,11
15.70455831,-18.76461182,LA14,2009-11-30,12:40:00 AM,00:40:00,Hot-Dry,2009-11-30 00:40:00,11
15.70422872,-18.76430257,LA14,2009-11-30,01:00:00 AM,01:00:00,Hot-Dry,2009-11-30 01:00:00,11
15.70398051,-18.76546427,LA14,2009-11-30,01:20:00 AM,01:20:00,Hot-Dry,2009-11-30 01:20:00,11
15.70396016,-18.76547648,LA14,2009-11-30,01:40:00 AM,01:40:00,Hot-Dry,2009-11-30 01:40:00,11
15.70413717,-18.76566772,LA14,2009-11-30,02:00:00 AM,02:00:00,Hot-Dry,2009-11-30 02:00:00,11
15.70414734,-18.76565755,LA14,2009-11-30,02:20:00 AM,02:20:00,Hot-Dry,2009-11-30 02:20:00,11
15.70413717,-18.76565959,LA14,2009-11-30,02:40:00 AM,02:40:00,Hot-Dry,2009-11-30 02:40:00,11
15.70412496,-18.76562297,LA14,2009-11-30,03:00:00 AM,03:00:00,Hot-Dry,2009-11-30 03:00:00,11
15.70414124,-18.76567179,LA14,2009-11-30,03:20:00 AM,03:20:00,Hot-Dry,2009-11-30 03:20:00,11
15.70387777,-18.76562093,LA14,2009-11-30,03:40:00 AM,03:40:00,Hot-Dry,2009-11-30 03:40:00,11
15.70387472,-18.76561483,LA14,2009-11-30,04:00:00 AM,04:00:00,Hot-Dry,2009-11-30 04:00:00,11
15.70309143,-18.7660848,LA14,2009-11-30,04:20:00 AM,04:20:00,Hot-Dry,2009-11-30 04:20:00,11
15.70275065,-18.76627197,LA14,2009-11-30,04:40:00 AM,04:40:00,Hot-Dry,2009-11-30 04:40:00,11
15.70252686,-18.76643677,LA14,2009-11-30,05:00:00 AM,05:00:00,Hot-Dry,2009-11-30 05:00:00,11
15.70032247,-18.76566162,LA14,2009-11-30,05:20:00 AM,05:20:00,Hot-Dry,2009-11-30 05:20:00,11
15.69764506,-18.76433919,LA14,2009-11-30,05:40:00 AM,05:40:00,Hot-Dry,2009-11-30 05:40:00,11
15.69701538,-18.76465251,LA14,2009-11-30,06:00:00 AM,06:00:00,Hot-Dry,2009-11-30 06:00:00,11
15.69617004,-18.76533407,LA14,2009-11-30,06:20:00 AM,06:20:00,Hot-Dry,2009-11-30 06:20:00,11
15.69198914,-18.76641642,LA14,2009-11-30,06:40:00 AM,06:40:00,Hot-Dry,2009-11-30 06:40:00,11
15.69082642,-18.76717326,LA14,2009-11-30,07:00:00 AM,07:00:00,Hot-Dry,2009-11-30 07:00:00,11
15.68542175,-18.76658122,LA14,2009-11-30,07:20:00 AM,07:20:00,Hot-Dry,2009-11-30 07:20:00,11
15.67963765,-18.76530151,LA14,2009-11-30,07:40:00 AM,07:40:00,Hot-Dry,2009-11-30 07:40:00,11
15.67528788,-18.76520996,LA14,2009-11-30,08:00:00 AM,08:00:00,Hot-Dry,2009-11-30 08:00:00,11
15.67466532,-18.76548055,LA14,2009-11-30,08:20:00 AM,08:20:00,Hot-Dry,2009-11-30 08:20:00,11
15.67225037,-18.76329956,LA14,2009-11-30,08:40:00 AM,08:40:00,Hot-Dry,2009-11-30 08:40:00,11
15.67150981,-18.76206665,LA14,2009-11-30,09:00:00 AM,09:00:00,Hot-Dry,2009-11-30 09:00:00,11
15.67147013,-18.76205241,LA14,2009-11-30,09:20:00 AM,09:20:00,Hot-Dry,2009-11-30 09:20:00,11
15.67148539,-18.76205037,LA14,2009-11-30,09:40:00 AM,09:40:00,Hot-Dry,2009-11-30 09:40:00,11
15.66734009,-18.76549072,LA14,2009-11-30,10:00:00 AM,10:00:00,Hot-Dry,2009-11-30 10:00:00,11
15.65797628,-18.76946615,LA14,2009-11-30,10:20:00 AM,10:20:00,Hot-Dry,2009-11-30 10:20:00,11
15.65300293,-18.77113037,LA14,2009-11-30,10:40:00 AM,10:40:00,Hot-Dry,2009-11-30 10:40:00,11
15.64724935,-18.77300212,LA14,2009-11-30,11:00:00 AM,11:00:00,Hot-Dry,2009-11-30 11:00:00,11
15.63915507,-18.7759257,LA14,2009-11-30,11:20:00 AM,11:20:00,Hot-Dry,2009-11-30 11:20:00,11
15.62759908,-18.78304036,LA14,2009-11-30,11:40:00 AM,11:40:00,Hot-Dry,2009-11-30 11:40:00,11
15.61860453,-18.7869283,LA14,2009-11-30,12:00:00 PM,12:00:00,Hot-Dry,2009-11-30 12:00:00,11
15.61890666,-18.78660278,LA14,2009-11-30,12:20:00 PM,12:20:00,Hot-Dry,2009-11-30 12:20:00,11
15.61990458,-18.79073079,LA14,2009-11-30,12:40:00 PM,12:40:00,Hot-Dry,2009-11-30 12:40:00,11
15.61847229,-18.79100342,LA14,2009-11-30,01:00:00 PM,13:00:00,Hot-Dry,2009-11-30 13:00:00,11
15.61847229,-18.7910258,LA14,2009-11-30,01:20:00 PM,13:20:00,Hot-Dry,2009-11-30 13:20:00,11
15.6185496,-18.79104818,LA14,2009-11-30,01:40:00 PM,13:40:00,Hot-Dry,2009-11-30 13:40:00,11
15.61843262,-18.78659465,LA14,2009-11-30,02:00:00 PM,14:00:00,Hot-Dry,2009-11-30 14:00:00,11
15.62501424,-18.78804321,LA14,2009-11-30,02:20:00 PM,14:20:00,Hot-Dry,2009-11-30 14:20:00,11
15.63468221,-18.78528646,LA14,2009-11-30,02:40:00 PM,14:40:00,Hot-Dry,2009-11-30 14:40:00,11
15.64329631,-18.78146159,LA14,2009-11-30,03:00:00 PM,15:00:00,Hot-Dry,2009-11-30 15:00:00,11
15.65157471,-18.77691447,LA14,2009-11-30,03:20:00 PM,15:20:00,Hot-Dry,2009-11-30 15:20:00,11
15.65826416,-18.77353923,LA14,2009-11-30,03:40:00 PM,15:40:00,Hot-Dry,2009-11-30 15:40:00,11
15.66760356,-18.77073161,LA14,2009-11-30,04:00:00 PM,16:00:00,Hot-Dry,2009-11-30 16:00:00,11
15.67308655,-18.76884969,LA14,2009-11-30,04:20:00 PM,16:20:00,Hot-Dry,2009-11-30 16:20:00,11
15.67712301,-18.76680705,LA14,2009-11-30,04:40:00 PM,16:40:00,Hot-Dry,2009-11-30 16:40:00,11
15.68577271,-18.76333415,LA14,2009-11-30,05:00:00 PM,17:00:00,Hot-Dry,2009-11-30 17:00:00,11
15.69617411,-18.76253662,LA14,2009-11-30,05:20:00 PM,17:20:00,Hot-Dry,2009-11-30 17:20:00,11
15.70115153,-18.76240438,LA14,2009-11-30,05:40:00 PM,17:40:00,Hot-Dry,2009-11-30 17:40:00,11
15.70406698,-18.76379191,LA14,2009-11-30,06:00:00 PM,18:00:00,Hot-Dry,2009-11-30 18:00:00,11
15.70459798,-18.76436157,LA14,2009-11-30,06:20:00 PM,18:20:00,Hot-Dry,2009-11-30 18:20:00,11
15.70592143,-18.76352336,LA14,2009-11-30,06:40:00 PM,18:40:00,Hot-Dry,2009-11-30 18:40:00,11
15.707488,-18.76153564,LA14,2009-11-30,07:00:00 PM,19:00:00,Hot-Dry,2009-11-30 19:00:00,11
15.71120707,-18.75471395,LA14,2009-11-30,07:20:00 PM,19:20:00,Hot-Dry,2009-11-30 19:20:00,11
15.71222738,-18.75307414,LA14,2009-11-30,07:40:00 PM,19:40:00,Hot-Dry,2009-11-30 19:40:00,11
15.71348368,-18.75065511,LA14,2009-11-30,08:00:00 PM,20:00:00,Hot-Dry,2009-11-30 20:00:00,11
15.71549784,-18.74890747,LA14,2009-11-30,08:20:00 PM,20:20:00,Hot-Dry,2009-11-30 20:20:00,11
15.71570841,-18.74720866,LA14,2009-11-30,08:40:00 PM,20:40:00,Hot-Dry,2009-11-30 20:40:00,11
15.71770732,-18.74469604,LA14,2009-11-30,09:00:00 PM,21:00:00,Hot-Dry,2009-11-30 21:00:00,11
15.71793925,-18.74249064,LA14,2009-11-30,09:20:00 PM,21:20:00,Hot-Dry,2009-11-30 21:20:00,11
15.7179067,-18.74192708,LA14,2009-11-30,09:40:00 PM,21:40:00,Hot-Dry,2009-11-30 21:40:00,11
15.71898702,-18.74055786,LA14,2009-11-30,10:00:00 PM,22:00:00,Hot-Dry,2009-11-30 22:00:00,11
15.71924235,-18.73917643,LA14,2009-11-30,10:20:00 PM,22:20:00,Hot-Dry,2009-11-30 22:20:00,11
15.72101949,-18.73631795,LA14,2009-11-30,10:40:00 PM,22:40:00,Hot-Dry,2009-11-30 22:40:00,11
15.72103271,-18.73574219,LA14,2009-11-30,11:00:00 PM,23:00:00,Hot-Dry,2009-11-30 23:00:00,11
15.72443441,-18.73358358,LA14,2009-11-30,11:20:00 PM,23:20:00,Hot-Dry,2009-11-30 23:20:00,11
15.72884827,-18.73084106,LA14,2009-11-30,11:40:00 PM,23:40:00,Hot-Dry,2009-11-30 23:40:00,11
