Longitude,Latitude,individual-local-identifier,Date,timeAPM,Time,Season,DateTime,Month
15.94521281,-19.26631877,LA14,2010-09-01,12:00:00 AM,00:00:00,Hot-Dry,2010-09-01 00:00:00,9
15.94610799,-19.26583455,LA14,2010-09-01,12:20:00 AM,00:20:00,Hot-Dry,2010-09-01 00:20:00,9
15.94669596,-19.26474406,LA14,2010-09-01,12:40:00 AM,00:40:00,Hot-Dry,2010-09-01 00:40:00,9
15.94706624,-19.26309611,LA14,2010-09-01,01:00:00 AM,01:00:00,Hot-Dry,2010-09-01 01:00:00,9
15.94733887,-19.26132813,LA14,2010-09-01,01:20:00 AM,01:20:00,Hot-Dry,2010-09-01 01:20:00,9
15.94710795,-19.26031087,LA14,2010-09-01,01:40:00 AM,01:40:00,Hot-Dry,2010-09-01 01:40:00,9
15.9470754,-19.25894979,LA14,2010-09-01,02:00:00 AM,02:00:00,Hot-Dry,2010-09-01 02:00:00,9
15.94711202,-19.25893555,LA14,2010-09-01,02:20:00 AM,02:20:00,Hot-Dry,2010-09-01 02:20:00,9
15.94712931,-19.25891927,LA14,2010-09-01,02:40:00 AM,02:40:00,Hot-Dry,2010-09-01 02:40:00,9
15.94711914,-19.25893555,LA14,2010-09-01,03:00:00 AM,03:00:00,Hot-Dry,2010-09-01 03:00:00,9
15.94716492,-19.2589152,LA14,2010-09-01,03:20:00 AM,03:20:00,Hot-Dry,2010-09-01 03:20:00,9
15.94718119,-19.25891113,LA14,2010-09-01,03:40:00 AM,03:40:00,Hot-Dry,2010-09-01 03:40:00,9
15.94714762,-19.25737305,LA14,2010-09-01,04:00:00 AM,04:00:00,Hot-Dry,2010-09-01 04:00:00,9
15.94723511,-19.25611979,LA14,2010-09-01,04:20:00 AM,04:20:00,Hot-Dry,2010-09-01 04:20:00,9
15.94689941,-19.25507609,LA14,2010-09-01,04:40:00 AM,04:40:00,Hot-Dry,2010-09-01 04:40:00,9
15.94742126,-19.25570272,LA14,2010-09-01,05:00:00 AM,05:00:00,Hot-Dry,2010-09-01 05:00:00,9
15.94794922,-19.25523275,LA14,2010-09-01,05:20:00 AM,05:20:00,Hot-Dry,2010-09-01 05:20:00,9
15.94844259,-19.25474447,LA14,2010-09-01,05:40:00 AM,05:40:00,Hot-Dry,2010-09-01 05:40:00,9
15.94865011,-19.25355835,LA14,2010-09-01,06:00:00 AM,06:00:00,Hot-Dry,2010-09-01 06:00:00,9
15.9486969,-19.25179647,LA14,2010-09-01,06:20:00 AM,06:20:00,Hot-Dry,2010-09-01 06:20:00,9
15.94977519,-19.25072225,LA14,2010-09-01,06:40:00 AM,06:40:00,Hot-Dry,2010-09-01 06:40:00,9
15.95092773,-19.24979248,LA14,2010-09-01,07:00:00 AM,07:00:00,Hot-Dry,2010-09-01 07:00:00,9
15.95490824,-19.24846395,LA14,2010-09-01,07:20:00 AM,07:20:00,Hot-Dry,2010-09-01 07:20:00,9
15.95713399,-19.24702555,LA14,2010-09-01,07:40:00 AM,07:40:00,Hot-Dry,2010-09-01 07:40:00,9
15.95956523,-19.24436442,LA14,2010-09-01,08:00:00 AM,08:00:00,Hot-Dry,2010-09-01 08:00:00,9
15.96143901,-19.24233398,LA14,2010-09-01,08:20:00 AM,08:20:00,Hot-Dry,2010-09-01 08:20:00,9
15.96329142,-19.24162394,LA14,2010-09-01,08:40:00 AM,08:40:00,Hot-Dry,2010-09-01 08:40:00,9
15.96359558,-19.24162394,LA14,2010-09-01,09:00:00 AM,09:00:00,Hot-Dry,2010-09-01 09:00:00,9
15.96408183,-19.24092611,LA14,2010-09-01,09:20:00 AM,09:20:00,Hot-Dry,2010-09-01 09:20:00,9
15.96519877,-19.24039917,LA14,2010-09-01,09:40:00 AM,09:40:00,Hot-Dry,2010-09-01 09:40:00,9
15.96520996,-19.24044596,LA14,2010-09-01,10:00:00 AM,10:00:00,Hot-Dry,2010-09-01 10:00:00,9
15.96522319,-19.24041545,LA14,2010-09-01,10:20:00 AM,10:20:00,Hot-Dry,2010-09-01 10:20:00,9
15.96505636,-19.24036255,LA14,2010-09-01,10:40:00 AM,10:40:00,Hot-Dry,2010-09-01 10:40:00,9
15.96401164,-19.23844808,LA14,2010-09-01,11:00:00 AM,11:00:00,Hot-Dry,2010-09-01 11:00:00,9
15.96394958,-19.23827718,LA14,2010-09-01,11:20:00 AM,11:20:00,Hot-Dry,2010-09-01 11:20:00,9
15.96386312,-19.23815308,LA14,2010-09-01,11:40:00 AM,11:40:00,Hot-Dry,2010-09-01 11:40:00,9
15.96386922,-19.23814087,LA14,2010-09-01,12:00:00 PM,12:00:00,Hot-Dry,2010-09-01 12:00:00,9
15.96387736,-19.23814697,LA14,2010-09-01,12:20:00 PM,12:20:00,Hot-Dry,2010-09-01 12:20:00,9
15.963856,-19.23813273,LA14,2010-09-01,12:40:00 PM,12:40:00,Hot-Dry,2010-09-01 12:40:00,9
15.96386007,-19.23812256,LA14,2010-09-01,01:00:00 PM,13:00:00,Hot-Dry,2010-09-01 13:00:00,9
15.96389669,-19.23813273,LA14,2010-09-01,01:20:00 PM,13:20:00,Hot-Dry,2010-09-01 13:20:00,9
15.96398722,-19.23829346,LA14,2010-09-01,01:40:00 PM,13:40:00,Hot-Dry,2010-09-01 13:40:00,9
15.96398621,-19.23831584,LA14,2010-09-01,02:00:00 PM,14:00:00,Hot-Dry,2010-09-01 14:00:00,9
15.96438497,-19.23764038,LA14,2010-09-01,02:20:00 PM,14:20:00,Hot-Dry,2010-09-01 14:20:00,9
15.96455282,-19.23682251,LA14,2010-09-01,02:40:00 PM,14:40:00,Hot-Dry,2010-09-01 14:40:00,9
15.96589762,-19.23660075,LA14,2010-09-01,03:00:00 PM,15:00:00,Hot-Dry,2010-09-01 15:00:00,9
15.96588542,-19.23660482,LA14,2010-09-01,03:20:00 PM,15:20:00,Hot-Dry,2010-09-01 15:20:00,9
15.97101644,-19.23562622,LA14,2010-09-01,03:40:00 PM,15:40:00,Hot-Dry,2010-09-01 15:40:00,9
15.97409261,-19.23531087,LA14,2010-09-01,04:00:00 PM,16:00:00,Hot-Dry,2010-09-01 16:00:00,9
15.97654724,-19.23511353,LA14,2010-09-01,04:20:00 PM,16:20:00,Hot-Dry,2010-09-01 16:20:00,9
15.97740987,-19.2348877,LA14,2010-09-01,04:40:00 PM,16:40:00,Hot-Dry,2010-09-01 16:40:00,9
15.97938131,-19.23403524,LA14,2010-09-01,05:00:00 PM,17:00:00,Hot-Dry,2010-09-01 17:00:00,9
15.98337911,-19.23246053,LA14,2010-09-01,05:20:00 PM,17:20:00,Hot-Dry,2010-09-01 17:20:00,9
15.98393351,-19.23177083,LA14,2010-09-01,05:40:00 PM,17:40:00,Hot-Dry,2010-09-01 17:40:00,9
15.98930257,-19.22870483,LA14,2010-09-01,06:00:00 PM,18:00:00,Hot-Dry,2010-09-01 18:00:00,9
15.9946991,-19.22712809,LA14,2010-09-01,06:20:00 PM,18:20:00,Hot-Dry,2010-09-01 18:20:00,9
16.00093689,-19.22638753,LA14,2010-09-01,06:40:00 PM,18:40:00,Hot-Dry,2010-09-01 18:40:00,9
16.00662028,-19.22517904,LA14,2010-09-01,07:00:00 PM,19:00:00,Hot-Dry,2010-09-01 19:00:00,9
16.01189982,-19.22480265,LA14,2010-09-01,07:20:00 PM,19:20:00,Hot-Dry,2010-09-01 19:20:00,9
16.02012939,-19.22128296,LA14,2010-09-01,07:40:00 PM,19:40:00,Hot-Dry,2010-09-01 19:40:00,9
16.02999573,-19.21918742,LA14,2010-09-01,08:00:00 PM,20:00:00,Hot-Dry,2010-09-01 20:00:00,9
16.04207357,-19.2167745,LA14,2010-09-01,08:20:00 PM,20:20:00,Hot-Dry,2010-09-01 20:20:00,9
16.05330404,-19.21511027,LA14,2010-09-01,08:40:00 PM,20:40:00,Hot-Dry,2010-09-01 20:40:00,9
16.05880127,-19.21318766,LA14,2010-09-01,09:00:00 PM,21:00:00,Hot-Dry,2010-09-01 21:00:00,9
16.06233114,-19.21074626,LA14,2010-09-01,09:20:00 PM,21:20:00,Hot-Dry,2010-09-01 21:20:00,9
16.07021077,-19.2055542,LA14,2010-09-01,09:40:00 PM,21:40:00,Hot-Dry,2010-09-01 21:40:00,9
16.07543538,-19.20274658,LA14,2010-09-01,10:00:00 PM,22:00:00,Hot-Dry,2010-09-01 22:00:00,9
16.08089091,-19.19587606,LA14,2010-09-01,10:20:00 PM,22:20:00,Hot-Dry,2010-09-01 22:20:00,9
16.08526103,-19.19346517,LA14,2010-09-01,10:40:00 PM,22:40:00,Hot-Dry,2010-09-01 22:40:00,9
16.08681539,-19.19222005,LA14,2010-09-01,11:00:00 PM,23:00:00,Hot-Dry,2010-09-01 23:00:00,9
16.0877889,-19.19170532,LA14,2010-09-01,11:20:00 PM,23:20:00,Hot-Dry,2010-09-01 23:20:00,9
16.089387,-19.19072266,LA14,2010-09-01,11:40:00 PM,23:40:00,Hot-Dry,2010-09-01 23:40:00,9
16.09067383,-19.18999227,LA14,2010-09-02,12:00:00 AM,00:00:00,Hot-Dry,2010-09-02 00:00:00,9
16.0920756,-19.18942871,LA14,2010-09-02,12:20:00 AM,00:20:00,Hot-Dry,2010-09-02 00:20:00,9
16.09280802,-19.18898112,LA14,2010-09-02,12:40:00 AM,00:40:00,Hot-Dry,2010-09-02 00:40:00,9
16.09374288,-19.1890625,LA14,2010-09-02,01:00:00 AM,01:00:00,Hot-Dry,2010-09-02 01:00:00,9
16.09438883,-19.18827718,LA14,2010-09-02,01:20:00 AM,01:20:00,Hot-Dry,2010-09-02 01:20:00,9
16.09468791,-19.18809408,LA14,2010-09-02,01:40:00 AM,01:40:00,Hot-Dry,2010-09-02 01:40:00,9
16.09542847,-19.18826904,LA14,2010-09-02,02:00:00 AM,02:00:00,Hot-Dry,2010-09-02 02:00:00,9
16.09535217,-19.18828532,LA14,2010-09-02,02:20:00 AM,02:20:00,Hot-Dry,2010-09-02 02:20:00,9
16.09535726,-19.18823853,LA14,2010-09-02,02:40:00 AM,02:40:00,Hot-Dry,2010-09-02 02:40:00,9
16.09533285,-19.18823446,LA14,2010-09-02,03:00:00 AM,03:00:00,Hot-Dry,2010-09-02 03:00:00,9
16.09526469,-19.1883077,LA14,2010-09-02,03:20:00 AM,03:20:00,Hot-Dry,2010-09-02 03:20:00,9
16.09529724,-19.18832804,LA14,2010-09-02,03:40:00 AM,03:40:00,Hot-Dry,2010-09-02 03:40:00,9
16.09533793,-19.18828328,LA14,2010-09-02,04:00:00 AM,04:00:00,Hot-Dry,2010-09-02 04:00:00,9
16.09556681,-19.18851929,LA14,2010-09-02,04:20:00 AM,04:20:00,Hot-Dry,2010-09-02 04:20:00,9
16.09587402,-19.18821615,LA14,2010-09-02,04:40:00 AM,04:40:00,Hot-Dry,2010-09-02 04:40:00,9
16.09591064,-19.18800456,LA14,2010-09-02,05:00:00 AM,05:00:00,Hot-Dry,2010-09-02 05:00:00,9
16.09591675,-19.18773193,LA14,2010-09-02,05:20:00 AM,05:20:00,Hot-Dry,2010-09-02 05:20:00,9
16.09597982,-19.18755086,LA14,2010-09-02,05:40:00 AM,05:40:00,Hot-Dry,2010-09-02 05:40:00,9
16.09648132,-19.18745728,LA14,2010-09-02,06:00:00 AM,06:00:00,Hot-Dry,2010-09-02 06:00:00,9
16.09653422,-19.18765666,LA14,2010-09-02,06:20:00 AM,06:20:00,Hot-Dry,2010-09-02 06:20:00,9
16.09654134,-19.18827311,LA14,2010-09-02,06:40:00 AM,06:40:00,Hot-Dry,2010-09-02 06:40:00,9
16.09673462,-19.18893433,LA14,2010-09-02,07:00:00 AM,07:00:00,Hot-Dry,2010-09-02 07:00:00,9
16.09660543,-19.18996582,LA14,2010-09-02,07:20:00 AM,07:20:00,Hot-Dry,2010-09-02 07:20:00,9
16.09648132,-19.19053548,LA14,2010-09-02,07:40:00 AM,07:40:00,Hot-Dry,2010-09-02 07:40:00,9
16.09661458,-19.19130656,LA14,2010-09-02,08:00:00 AM,08:00:00,Hot-Dry,2010-09-02 08:00:00,9
16.09666748,-19.19125773,LA14,2010-09-02,08:20:00 AM,08:20:00,Hot-Dry,2010-09-02 08:20:00,9
16.09665426,-19.19129028,LA14,2010-09-02,08:40:00 AM,08:40:00,Hot-Dry,2010-09-02 08:40:00,9
16.09668783,-19.1912618,LA14,2010-09-02,09:00:00 AM,09:00:00,Hot-Dry,2010-09-02 09:00:00,9
16.09668477,-19.19125977,LA14,2010-09-02,09:20:00 AM,09:20:00,Hot-Dry,2010-09-02 09:20:00,9
16.09667053,-19.1912679,LA14,2010-09-02,09:40:00 AM,09:40:00,Hot-Dry,2010-09-02 09:40:00,9
16.09595235,-19.19178263,LA14,2010-09-02,10:00:00 AM,10:00:00,Hot-Dry,2010-09-02 10:00:00,9
16.09537659,-19.19285685,LA14,2010-09-02,10:20:00 AM,10:20:00,Hot-Dry,2010-09-02 10:20:00,9
16.09376221,-19.1956665,LA14,2010-09-02,10:40:00 AM,10:40:00,Hot-Dry,2010-09-02 10:40:00,9
16.09374695,-19.1956543,LA14,2010-09-02,11:00:00 AM,11:00:00,Hot-Dry,2010-09-02 11:00:00,9
16.09376526,-19.19563802,LA14,2010-09-02,11:20:00 AM,11:20:00,Hot-Dry,2010-09-02 11:20:00,9
16.09025167,-19.19644572,LA14,2010-09-02,02:41:00 PM,14:41:00,Hot-Dry,2010-09-02 14:41:00,9
16.08917338,-19.19594727,LA14,2010-09-02,03:00:00 PM,15:00:00,Hot-Dry,2010-09-02 15:00:00,9
16.08833516,-19.19591064,LA14,2010-09-02,03:20:00 PM,15:20:00,Hot-Dry,2010-09-02 15:20:00,9
16.08800761,-19.19567668,LA14,2010-09-02,03:40:00 PM,15:40:00,Hot-Dry,2010-09-02 15:40:00,9
16.08559875,-19.19529012,LA14,2010-09-02,04:00:00 PM,16:00:00,Hot-Dry,2010-09-02 16:00:00,9
16.08277181,-19.19599202,LA14,2010-09-02,04:20:00 PM,16:20:00,Hot-Dry,2010-09-02 16:20:00,9
16.07627869,-19.20079346,LA14,2010-09-02,04:40:00 PM,16:40:00,Hot-Dry,2010-09-02 16:40:00,9
16.06853943,-19.20686646,LA14,2010-09-02,05:00:00 PM,17:00:00,Hot-Dry,2010-09-02 17:00:00,9
16.05984904,-19.21263631,LA14,2010-09-02,05:20:00 PM,17:20:00,Hot-Dry,2010-09-02 17:20:00,9
16.05885315,-19.21349487,LA14,2010-09-02,05:40:00 PM,17:40:00,Hot-Dry,2010-09-02 17:40:00,9
16.05880534,-19.21356812,LA14,2010-09-02,06:00:00 PM,18:00:00,Hot-Dry,2010-09-02 18:00:00,9
16.05882263,-19.21348267,LA14,2010-09-02,06:20:00 PM,18:20:00,Hot-Dry,2010-09-02 18:20:00,9
16.05308228,-19.20639648,LA14,2010-09-02,06:40:00 PM,18:40:00,Hot-Dry,2010-09-02 18:40:00,9
16.04804891,-19.20181274,LA14,2010-09-02,07:00:00 PM,19:00:00,Hot-Dry,2010-09-02 19:00:00,9
16.03922831,-19.19708659,LA14,2010-09-02,07:20:00 PM,19:20:00,Hot-Dry,2010-09-02 19:20:00,9
16.03453878,-19.19440715,LA14,2010-09-02,07:40:00 PM,19:40:00,Hot-Dry,2010-09-02 19:40:00,9
16.03046265,-19.19121908,LA14,2010-09-02,08:00:00 PM,20:00:00,Hot-Dry,2010-09-02 20:00:00,9
16.02954915,-19.19030558,LA14,2010-09-02,08:20:00 PM,20:20:00,Hot-Dry,2010-09-02 20:20:00,9
16.02175598,-19.1867391,LA14,2010-09-02,08:40:00 PM,20:40:00,Hot-Dry,2010-09-02 20:40:00,9
16.02026367,-19.18470459,LA14,2010-09-02,09:00:00 PM,21:00:00,Hot-Dry,2010-09-02 21:00:00,9
16.01969503,-19.18276164,LA14,2010-09-02,09:20:00 PM,21:20:00,Hot-Dry,2010-09-02 21:20:00,9
16.01850382,-19.17617594,LA14,2010-09-02,09:40:00 PM,21:40:00,Hot-Dry,2010-09-02 21:40:00,9
16.01813456,-19.17312826,LA14,2010-09-02,10:00:00 PM,22:00:00,Hot-Dry,2010-09-02 22:00:00,9
16.01702779,-19.17258301,LA14,2010-09-02,10:20:00 PM,22:20:00,Hot-Dry,2010-09-02 22:20:00,9
16.01661886,-19.17277629,LA14,2010-09-02,10:40:00 PM,22:40:00,Hot-Dry,2010-09-02 22:40:00,9
16.01576029,-19.17296346,LA14,2010-09-02,11:00:00 PM,23:00:00,Hot-Dry,2010-09-02 23:00:00,9
16.01486003,-19.1728536,LA14,2010-09-02,11:20:00 PM,23:20:00,Hot-Dry,2010-09-02 23:20:00,9
16.01463013,-19.17283122,LA14,2010-09-02,11:40:00 PM,23:40:00,Hot-Dry,2010-09-02 23:40:00,9
16.01446533,-19.17276001,LA14,2010-09-03,12:00:00 AM,00:00:00,Hot-Dry,2010-09-03 00:00:00,9
16.0141154,-19.17291056,LA14,2010-09-03,12:20:00 AM,00:20:00,Hot-Dry,2010-09-03 00:20:00,9
16.01399638,-19.17301025,LA14,2010-09-03,12:40:00 AM,00:40:00,Hot-Dry,2010-09-03 00:40:00,9
16.01413371,-19.17307332,LA14,2010-09-03,01:00:00 AM,01:00:00,Hot-Dry,2010-09-03 01:00:00,9
16.01406555,-19.17303263,LA14,2010-09-03,01:20:00 AM,01:20:00,Hot-Dry,2010-09-03 01:20:00,9
16.01409403,-19.17307536,LA14,2010-09-03,01:40:00 AM,01:40:00,Hot-Dry,2010-09-03 01:40:00,9
16.0135203,-19.17311198,LA14,2010-09-03,02:00:00 AM,02:00:00,Hot-Dry,2010-09-03 02:00:00,9
16.01291911,-19.17378743,LA14,2010-09-03,02:20:00 AM,02:20:00,Hot-Dry,2010-09-03 02:20:00,9
16.01268005,-19.17420858,LA14,2010-09-03,02:40:00 AM,02:40:00,Hot-Dry,2010-09-03 02:40:00,9
16.01252543,-19.17481893,LA14,2010-09-03,03:00:00 AM,03:00:00,Hot-Dry,2010-09-03 03:00:00,9
16.01184692,-19.17492472,LA14,2010-09-03,03:20:00 AM,03:20:00,Hot-Dry,2010-09-03 03:20:00,9
16.01167704,-19.17494303,LA14,2010-09-03,03:40:00 AM,03:40:00,Hot-Dry,2010-09-03 03:40:00,9
16.01032918,-19.17562459,LA14,2010-09-03,04:00:00 AM,04:00:00,Hot-Dry,2010-09-03 04:00:00,9
16.01006165,-19.17565715,LA14,2010-09-03,04:20:00 AM,04:20:00,Hot-Dry,2010-09-03 04:20:00,9
16.01007589,-19.17570597,LA14,2010-09-03,04:40:00 AM,04:40:00,Hot-Dry,2010-09-03 04:40:00,9
16.00958049,-19.17642822,LA14,2010-09-03,05:00:00 AM,05:00:00,Hot-Dry,2010-09-03 05:00:00,9
16.00850627,-19.17757772,LA14,2010-09-03,05:20:00 AM,05:20:00,Hot-Dry,2010-09-03 05:20:00,9
16.00705872,-19.17877604,LA14,2010-09-03,05:40:00 AM,05:40:00,Hot-Dry,2010-09-03 05:40:00,9
16.00696818,-19.17906698,LA14,2010-09-03,06:00:00 AM,06:00:00,Hot-Dry,2010-09-03 06:00:00,9
16.00640767,-19.17896118,LA14,2010-09-03,06:20:00 AM,06:20:00,Hot-Dry,2010-09-03 06:20:00,9
16.00594482,-19.17907308,LA14,2010-09-03,06:40:00 AM,06:40:00,Hot-Dry,2010-09-03 06:40:00,9
16.00562439,-19.17919922,LA14,2010-09-03,07:00:00 AM,07:00:00,Hot-Dry,2010-09-03 07:00:00,9
16.0054128,-19.17943929,LA14,2010-09-03,07:20:00 AM,07:20:00,Hot-Dry,2010-09-03 07:20:00,9
16.00277913,-19.17730306,LA14,2010-09-03,07:40:00 AM,07:40:00,Hot-Dry,2010-09-03 07:40:00,9
16.00134786,-19.17635701,LA14,2010-09-03,08:00:00 AM,08:00:00,Hot-Dry,2010-09-03 08:00:00,9
15.99853617,-19.17608846,LA14,2010-09-03,08:20:00 AM,08:20:00,Hot-Dry,2010-09-03 08:20:00,9
15.99523417,-19.17302653,LA14,2010-09-03,08:40:00 AM,08:40:00,Hot-Dry,2010-09-03 08:40:00,9
15.99476624,-19.16759237,LA14,2010-09-03,09:00:00 AM,09:00:00,Hot-Dry,2010-09-03 09:00:00,9
15.99577535,-19.16320597,LA14,2010-09-03,09:20:00 AM,09:20:00,Hot-Dry,2010-09-03 09:20:00,9
15.99390259,-19.16446126,LA14,2010-09-03,09:40:00 AM,09:40:00,Hot-Dry,2010-09-03 09:40:00,9
15.99364319,-19.16453857,LA14,2010-09-03,10:00:00 AM,10:00:00,Hot-Dry,2010-09-03 10:00:00,9
15.99387105,-19.16430461,LA14,2010-09-03,10:20:00 AM,10:20:00,Hot-Dry,2010-09-03 10:20:00,9
15.99356486,-19.16436564,LA14,2010-09-03,10:40:00 AM,10:40:00,Hot-Dry,2010-09-03 10:40:00,9
15.99355774,-19.16437174,LA14,2010-09-03,11:00:00 AM,11:00:00,Hot-Dry,2010-09-03 11:00:00,9
15.99428202,-19.16417643,LA14,2010-09-03,11:20:00 AM,11:20:00,Hot-Dry,2010-09-03 11:20:00,9
15.99431661,-19.16419474,LA14,2010-09-03,11:40:00 AM,11:40:00,Hot-Dry,2010-09-03 11:40:00,9
15.99590658,-19.16334839,LA14,2010-09-03,12:00:00 PM,12:00:00,Hot-Dry,2010-09-03 12:00:00,9
15.99547119,-19.16447144,LA14,2010-09-03,12:20:00 PM,12:20:00,Hot-Dry,2010-09-03 12:20:00,9
15.99475098,-19.16379801,LA14,2010-09-03,12:40:00 PM,12:40:00,Hot-Dry,2010-09-03 12:40:00,9
15.99533691,-19.16458537,LA14,2010-09-03,01:00:00 PM,13:00:00,Hot-Dry,2010-09-03 13:00:00,9
15.99575297,-19.16317952,LA14,2010-09-03,01:20:00 PM,13:20:00,Hot-Dry,2010-09-03 13:20:00,9
15.99598185,-19.16749674,LA14,2010-09-03,01:40:00 PM,13:40:00,Hot-Dry,2010-09-03 13:40:00,9
15.99863892,-19.16968384,LA14,2010-09-03,02:00:00 PM,14:00:00,Hot-Dry,2010-09-03 14:00:00,9
16.0027415,-19.17188517,LA14,2010-09-03,02:20:00 PM,14:20:00,Hot-Dry,2010-09-03 14:20:00,9
16.00423482,-19.1722819,LA14,2010-09-03,02:40:00 PM,14:40:00,Hot-Dry,2010-09-03 14:40:00,9
16.00557353,-19.1729716,LA14,2010-09-03,03:00:00 PM,15:00:00,Hot-Dry,2010-09-03 15:00:00,9
16.00609843,-19.17362061,LA14,2010-09-03,03:20:00 PM,15:20:00,Hot-Dry,2010-09-03 15:20:00,9
16.00663045,-19.17385457,LA14,2010-09-03,03:40:00 PM,15:40:00,Hot-Dry,2010-09-03 15:40:00,9
16.00864665,-19.17603556,LA14,2010-09-03,04:00:00 PM,16:00:00,Hot-Dry,2010-09-03 16:00:00,9
16.01021322,-19.17751058,LA14,2010-09-03,04:20:00 PM,16:20:00,Hot-Dry,2010-09-03 16:20:00,9
16.01214498,-19.17948608,LA14,2010-09-03,04:40:00 PM,16:40:00,Hot-Dry,2010-09-03 16:40:00,9
16.01451518,-19.18101807,LA14,2010-09-03,05:00:00 PM,17:00:00,Hot-Dry,2010-09-03 17:00:00,9
16.01690877,-19.18325806,LA14,2010-09-03,05:20:00 PM,17:20:00,Hot-Dry,2010-09-03 17:20:00,9
16.01935425,-19.18423055,LA14,2010-09-03,05:40:00 PM,17:40:00,Hot-Dry,2010-09-03 17:40:00,9
16.02348735,-19.18658244,LA14,2010-09-03,06:00:00 PM,18:00:00,Hot-Dry,2010-09-03 18:00:00,9
16.02733256,-19.18916219,LA14,2010-09-03,06:20:00 PM,18:20:00,Hot-Dry,2010-09-03 18:20:00,9
16.03212179,-19.19332072,LA14,2010-09-03,06:40:00 PM,18:40:00,Hot-Dry,2010-09-03 18:40:00,9
16.03629252,-19.19610799,LA14,2010-09-03,07:00:00 PM,19:00:00,Hot-Dry,2010-09-03 19:00:00,9
16.04287618,-19.19843953,LA14,2010-09-03,07:20:00 PM,19:20:00,Hot-Dry,2010-09-03 19:20:00,9
16.04869283,-19.20186971,LA14,2010-09-03,07:40:00 PM,19:40:00,Hot-Dry,2010-09-03 19:40:00,9
16.05508728,-19.20807495,LA14,2010-09-03,08:00:00 PM,20:00:00,Hot-Dry,2010-09-03 20:00:00,9
16.05870768,-19.21332397,LA14,2010-09-03,08:20:00 PM,20:20:00,Hot-Dry,2010-09-03 20:20:00,9
16.06323751,-19.2096578,LA14,2010-09-03,08:40:00 PM,20:40:00,Hot-Dry,2010-09-03 20:40:00,9
16.06600952,-19.20982666,LA14,2010-09-03,09:00:00 PM,21:00:00,Hot-Dry,2010-09-03 21:00:00,9
16.06712646,-19.20957642,LA14,2010-09-03,09:20:00 PM,21:20:00,Hot-Dry,2010-09-03 21:20:00,9
16.07322896,-19.20853068,LA14,2010-09-03,09:40:00 PM,21:40:00,Hot-Dry,2010-09-03 21:40:00,9
16.07671712,-19.20827433,LA14,2010-09-03,10:00:00 PM,22:00:00,Hot-Dry,2010-09-03 22:00:00,9
16.08020325,-19.20685628,LA14,2010-09-03,10:20:00 PM,22:20:00,Hot-Dry,2010-09-03 22:20:00,9
16.08372498,-19.20562134,LA14,2010-09-03,10:40:00 PM,22:40:00,Hot-Dry,2010-09-03 22:40:00,9
16.0863678,-19.2039917,LA14,2010-09-03,11:00:00 PM,23:00:00,Hot-Dry,2010-09-03 23:00:00,9
16.08725993,-19.20310059,LA14,2010-09-03,11:20:00 PM,23:20:00,Hot-Dry,2010-09-03 23:20:00,9
16.08911235,-19.2024292,LA14,2010-09-03,11:40:00 PM,23:40:00,Hot-Dry,2010-09-03 23:40:00,9
16.09170329,-19.20032756,LA14,2010-09-04,12:00:00 AM,00:00:00,Hot-Dry,2010-09-04 00:00:00,9
16.09300028,-19.19916178,LA14,2010-09-04,12:20:00 AM,00:20:00,Hot-Dry,2010-09-04 00:20:00,9
16.09337769,-19.19921875,LA14,2010-09-04,12:40:00 AM,00:40:00,Hot-Dry,2010-09-04 00:40:00,9
16.09341532,-19.19918416,LA14,2010-09-04,01:00:00 AM,01:00:00,Hot-Dry,2010-09-04 01:00:00,9
16.09340312,-19.1991333,LA14,2010-09-04,01:20:00 AM,01:20:00,Hot-Dry,2010-09-04 01:20:00,9
16.09362386,-19.19903361,LA14,2010-09-04,01:40:00 AM,01:40:00,Hot-Dry,2010-09-04 01:40:00,9
16.09360758,-19.19901937,LA14,2010-09-04,02:00:00 AM,02:00:00,Hot-Dry,2010-09-04 02:00:00,9
16.0936615,-19.19903564,LA14,2010-09-04,02:20:00 AM,02:20:00,Hot-Dry,2010-09-04 02:20:00,9
16.09360148,-19.19902751,LA14,2010-09-04,02:40:00 AM,02:40:00,Hot-Dry,2010-09-04 02:40:00,9
16.09400024,-19.19828695,LA14,2010-09-04,03:00:00 AM,03:00:00,Hot-Dry,2010-09-04 03:00:00,9
16.09399414,-19.19828084,LA14,2010-09-04,03:20:00 AM,03:20:00,Hot-Dry,2010-09-04 03:20:00,9
16.0940094,-19.19830933,LA14,2010-09-04,03:40:00 AM,03:40:00,Hot-Dry,2010-09-04 03:40:00,9
16.09402771,-19.19832357,LA14,2010-09-04,04:00:00 AM,04:00:00,Hot-Dry,2010-09-04 04:00:00,9
16.09397786,-19.19830119,LA14,2010-09-04,04:20:00 AM,04:20:00,Hot-Dry,2010-09-04 04:20:00,9
16.09428406,-19.19828695,LA14,2010-09-04,04:40:00 AM,04:40:00,Hot-Dry,2010-09-04 04:40:00,9
16.09457804,-19.19837443,LA14,2010-09-04,05:00:00 AM,05:00:00,Hot-Dry,2010-09-04 05:00:00,9
16.09490763,-19.19853923,LA14,2010-09-04,05:20:00 AM,05:20:00,Hot-Dry,2010-09-04 05:20:00,9
16.09496663,-19.19861043,LA14,2010-09-04,05:40:00 AM,05:40:00,Hot-Dry,2010-09-04 05:40:00,9
16.09515076,-19.19868978,LA14,2010-09-04,06:00:00 AM,06:00:00,Hot-Dry,2010-09-04 06:00:00,9
16.09532979,-19.19882813,LA14,2010-09-04,06:20:00 AM,06:20:00,Hot-Dry,2010-09-04 06:20:00,9
16.09544271,-19.19897054,LA14,2010-09-04,06:40:00 AM,06:40:00,Hot-Dry,2010-09-04 06:40:00,9
16.09577128,-19.19938354,LA14,2010-09-04,07:00:00 AM,07:00:00,Hot-Dry,2010-09-04 07:00:00,9
16.09594116,-19.1992981,LA14,2010-09-04,07:20:00 AM,07:20:00,Hot-Dry,2010-09-04 07:20:00,9
16.09615784,-19.19937134,LA14,2010-09-04,07:40:00 AM,07:40:00,Hot-Dry,2010-09-04 07:40:00,9
16.09677938,-19.19978027,LA14,2010-09-04,08:00:00 AM,08:00:00,Hot-Dry,2010-09-04 08:00:00,9
16.09711711,-19.19953613,LA14,2010-09-04,08:20:00 AM,08:20:00,Hot-Dry,2010-09-04 08:20:00,9
16.0971578,-19.19940186,LA14,2010-09-04,08:40:00 AM,08:40:00,Hot-Dry,2010-09-04 08:40:00,9
16.09716593,-19.19939372,LA14,2010-09-04,09:00:00 AM,09:00:00,Hot-Dry,2010-09-04 09:00:00,9
16.09713542,-19.19943237,LA14,2010-09-04,09:20:00 AM,09:20:00,Hot-Dry,2010-09-04 09:20:00,9
16.0971578,-19.19940389,LA14,2010-09-04,09:40:00 AM,09:40:00,Hot-Dry,2010-09-04 09:40:00,9
16.09621989,-19.20143433,LA14,2010-09-04,10:00:00 AM,10:00:00,Hot-Dry,2010-09-04 10:00:00,9
16.09596252,-19.20358887,LA14,2010-09-04,10:20:00 AM,10:20:00,Hot-Dry,2010-09-04 10:20:00,9
16.09595235,-19.20356649,LA14,2010-09-04,10:40:00 AM,10:40:00,Hot-Dry,2010-09-04 10:40:00,9
16.09596151,-19.2035909,LA14,2010-09-04,11:00:00 AM,11:00:00,Hot-Dry,2010-09-04 11:00:00,9
16.09596151,-19.20357259,LA14,2010-09-04,11:20:00 AM,11:20:00,Hot-Dry,2010-09-04 11:20:00,9
16.09600932,-19.20355021,LA14,2010-09-04,11:40:00 AM,11:40:00,Hot-Dry,2010-09-04 11:40:00,9
16.09599813,-19.20354818,LA14,2010-09-04,12:00:00 PM,12:00:00,Hot-Dry,2010-09-04 12:00:00,9
16.09601237,-19.20354614,LA14,2010-09-04,12:20:00 PM,12:20:00,Hot-Dry,2010-09-04 12:20:00,9
16.09602356,-19.20354004,LA14,2010-09-04,12:40:00 PM,12:40:00,Hot-Dry,2010-09-04 12:40:00,9
16.09521281,-19.20330607,LA14,2010-09-04,01:00:00 PM,13:00:00,Hot-Dry,2010-09-04 13:00:00,9
16.09453328,-19.20296224,LA14,2010-09-04,01:20:00 PM,13:20:00,Hot-Dry,2010-09-04 13:20:00,9
16.09417725,-19.20278117,LA14,2010-09-04,01:40:00 PM,13:40:00,Hot-Dry,2010-09-04 13:40:00,9
16.09310506,-19.20230916,LA14,2010-09-04,02:00:00 PM,14:00:00,Hot-Dry,2010-09-04 14:00:00,9
16.0922821,-19.20181681,LA14,2010-09-04,02:20:00 PM,14:20:00,Hot-Dry,2010-09-04 14:20:00,9
16.09228617,-19.20177205,LA14,2010-09-04,02:40:00 PM,14:40:00,Hot-Dry,2010-09-04 14:40:00,9
16.09156494,-19.20189819,LA14,2010-09-04,03:00:00 PM,15:00:00,Hot-Dry,2010-09-04 15:00:00,9
16.09063314,-19.20136719,LA14,2010-09-04,03:20:00 PM,15:20:00,Hot-Dry,2010-09-04 15:20:00,9
16.08634033,-19.20082397,LA14,2010-09-04,03:40:00 PM,15:40:00,Hot-Dry,2010-09-04 15:40:00,9
16.08151957,-19.20296631,LA14,2010-09-04,04:00:00 PM,16:00:00,Hot-Dry,2010-09-04 16:00:00,9
16.07542928,-19.20552368,LA14,2010-09-04,04:20:00 PM,16:20:00,Hot-Dry,2010-09-04 16:20:00,9
16.07052816,-19.20916748,LA14,2010-09-04,04:40:00 PM,16:40:00,Hot-Dry,2010-09-04 16:40:00,9
16.06020203,-19.21262614,LA14,2010-09-04,05:00:00 PM,17:00:00,Hot-Dry,2010-09-04 17:00:00,9
16.05888062,-19.21340332,LA14,2010-09-04,05:20:00 PM,17:20:00,Hot-Dry,2010-09-04 17:20:00,9
16.05880839,-19.21260173,LA14,2010-09-04,05:40:00 PM,17:40:00,Hot-Dry,2010-09-04 17:40:00,9
16.06087545,-19.20650024,LA14,2010-09-04,06:00:00 PM,18:00:00,Hot-Dry,2010-09-04 18:00:00,9
16.06085917,-19.20249837,LA14,2010-09-04,06:20:00 PM,18:20:00,Hot-Dry,2010-09-04 18:20:00,9
16.06368612,-19.19557902,LA14,2010-09-04,06:40:00 PM,18:40:00,Hot-Dry,2010-09-04 18:40:00,9
16.06479594,-19.19096069,LA14,2010-09-04,07:00:00 PM,19:00:00,Hot-Dry,2010-09-04 19:00:00,9
16.06748657,-19.18690389,LA14,2010-09-04,07:20:00 PM,19:20:00,Hot-Dry,2010-09-04 19:20:00,9
16.06879171,-19.18443604,LA14,2010-09-04,07:40:00 PM,19:40:00,Hot-Dry,2010-09-04 19:40:00,9
16.07168172,-19.18057251,LA14,2010-09-04,08:00:00 PM,20:00:00,Hot-Dry,2010-09-04 20:00:00,9
16.07541606,-19.17658285,LA14,2010-09-04,08:20:00 PM,20:20:00,Hot-Dry,2010-09-04 20:20:00,9
16.07574565,-19.17145386,LA14,2010-09-04,08:40:00 PM,20:40:00,Hot-Dry,2010-09-04 20:40:00,9
16.07545064,-19.1643575,LA14,2010-09-04,09:00:00 PM,21:00:00,Hot-Dry,2010-09-04 21:00:00,9
16.07689718,-19.15691121,LA14,2010-09-04,09:20:00 PM,21:20:00,Hot-Dry,2010-09-04 21:20:00,9
16.07953898,-19.14689738,LA14,2010-09-04,09:40:00 PM,21:40:00,Hot-Dry,2010-09-04 21:40:00,9
16.08360087,-19.14071045,LA14,2010-09-04,10:00:00 PM,22:00:00,Hot-Dry,2010-09-04 22:00:00,9
16.08558655,-19.13901774,LA14,2010-09-04,10:20:00 PM,22:20:00,Hot-Dry,2010-09-04 22:20:00,9
16.08662516,-19.13775635,LA14,2010-09-04,10:40:00 PM,22:40:00,Hot-Dry,2010-09-04 22:40:00,9
16.08819478,-19.13564046,LA14,2010-09-04,11:00:00 PM,23:00:00,Hot-Dry,2010-09-04 23:00:00,9
16.08855693,-19.13509928,LA14,2010-09-04,11:20:00 PM,23:20:00,Hot-Dry,2010-09-04 23:20:00,9
16.08987122,-19.13395386,LA14,2010-09-04,11:40:00 PM,23:40:00,Hot-Dry,2010-09-04 23:40:00,9
16.09089864,-19.13262329,LA14,2010-09-05,12:00:00 AM,00:00:00,Hot-Dry,2010-09-05 00:00:00,9
16.09139913,-19.13127238,LA14,2010-09-05,12:20:00 AM,00:20:00,Hot-Dry,2010-09-05 00:20:00,9
16.09140625,-19.13127238,LA14,2010-09-05,12:40:00 AM,00:40:00,Hot-Dry,2010-09-05 00:40:00,9
16.09139913,-19.13122965,LA14,2010-09-05,01:00:00 AM,01:00:00,Hot-Dry,2010-09-05 01:00:00,9
16.09182739,-19.13047689,LA14,2010-09-05,01:20:00 AM,01:20:00,Hot-Dry,2010-09-05 01:20:00,9
16.09184774,-19.13048503,LA14,2010-09-05,01:40:00 AM,01:40:00,Hot-Dry,2010-09-05 01:40:00,9
16.09185181,-19.13047689,LA14,2010-09-05,02:00:00 AM,02:00:00,Hot-Dry,2010-09-05 02:00:00,9
16.09179382,-19.13049113,LA14,2010-09-05,02:20:00 AM,02:20:00,Hot-Dry,2010-09-05 02:20:00,9
16.09178263,-19.13047282,LA14,2010-09-05,02:40:00 AM,02:40:00,Hot-Dry,2010-09-05 02:40:00,9
16.09179484,-19.1304362,LA14,2010-09-05,03:00:00 AM,03:00:00,Hot-Dry,2010-09-05 03:00:00,9
16.09202779,-19.13006999,LA14,2010-09-05,03:20:00 AM,03:20:00,Hot-Dry,2010-09-05 03:20:00,9
16.09207865,-19.13003743,LA14,2010-09-05,03:40:00 AM,03:40:00,Hot-Dry,2010-09-05 03:40:00,9
16.09207357,-19.13006185,LA14,2010-09-05,04:00:00 AM,04:00:00,Hot-Dry,2010-09-05 04:00:00,9
16.09202576,-19.13003743,LA14,2010-09-05,04:20:00 AM,04:20:00,Hot-Dry,2010-09-05 04:20:00,9
16.09203186,-19.13004964,LA14,2010-09-05,04:40:00 AM,04:40:00,Hot-Dry,2010-09-05 04:40:00,9
16.09265035,-19.12961833,LA14,2010-09-05,05:00:00 AM,05:00:00,Hot-Dry,2010-09-05 05:00:00,9
16.09315491,-19.12916463,LA14,2010-09-05,05:20:00 AM,05:20:00,Hot-Dry,2010-09-05 05:20:00,9
16.09429321,-19.12870687,LA14,2010-09-05,05:40:00 AM,05:40:00,Hot-Dry,2010-09-05 05:40:00,9
16.09741618,-19.13000895,LA14,2010-09-05,06:00:00 AM,06:00:00,Hot-Dry,2010-09-05 06:00:00,9
16.09763794,-19.13036702,LA14,2010-09-05,06:20:00 AM,06:20:00,Hot-Dry,2010-09-05 06:20:00,9
16.09817098,-19.12895101,LA14,2010-09-05,06:40:00 AM,06:40:00,Hot-Dry,2010-09-05 06:40:00,9
16.09897257,-19.12653605,LA14,2010-09-05,07:00:00 AM,07:00:00,Hot-Dry,2010-09-05 07:00:00,9
16.10216777,-19.12202962,LA14,2010-09-05,07:20:00 AM,07:20:00,Hot-Dry,2010-09-05 07:20:00,9
16.1030955,-19.12028198,LA14,2010-09-05,07:40:00 AM,07:40:00,Hot-Dry,2010-09-05 07:40:00,9
16.10410868,-19.11727498,LA14,2010-09-05,08:00:00 AM,08:00:00,Hot-Dry,2010-09-05 08:00:00,9
16.10415344,-19.11281738,LA14,2010-09-05,08:20:00 AM,08:20:00,Hot-Dry,2010-09-05 08:20:00,9
16.10599874,-19.10999146,LA14,2010-09-05,08:40:00 AM,08:40:00,Hot-Dry,2010-09-05 08:40:00,9
16.10726522,-19.10735677,LA14,2010-09-05,09:00:00 AM,09:00:00,Hot-Dry,2010-09-05 09:00:00,9
16.10730693,-19.10627848,LA14,2010-09-05,09:20:00 AM,09:20:00,Hot-Dry,2010-09-05 09:20:00,9
16.10729065,-19.1061849,LA14,2010-09-05,09:40:00 AM,09:40:00,Hot-Dry,2010-09-05 09:40:00,9
16.1072937,-19.10622762,LA14,2010-09-05,10:00:00 AM,10:00:00,Hot-Dry,2010-09-05 10:00:00,9
16.10707194,-19.10607096,LA14,2010-09-05,10:20:00 AM,10:20:00,Hot-Dry,2010-09-05 10:20:00,9
16.10734965,-19.1062561,LA14,2010-09-05,10:40:00 AM,10:40:00,Hot-Dry,2010-09-05 10:40:00,9
16.10736898,-19.10623983,LA14,2010-09-05,11:00:00 AM,11:00:00,Hot-Dry,2010-09-05 11:00:00,9
16.10737712,-19.1062561,LA14,2010-09-05,11:20:00 AM,11:20:00,Hot-Dry,2010-09-05 11:20:00,9
16.10738729,-19.10626628,LA14,2010-09-05,11:40:00 AM,11:40:00,Hot-Dry,2010-09-05 11:40:00,9
16.10739441,-19.10626831,LA14,2010-09-05,12:00:00 PM,12:00:00,Hot-Dry,2010-09-05 12:00:00,9
16.10741272,-19.10628459,LA14,2010-09-05,12:20:00 PM,12:20:00,Hot-Dry,2010-09-05 12:20:00,9
16.10737101,-19.1062439,LA14,2010-09-05,12:40:00 PM,12:40:00,Hot-Dry,2010-09-05 12:40:00,9
16.10717875,-19.1061259,LA14,2010-09-05,01:00:00 PM,13:00:00,Hot-Dry,2010-09-05 13:00:00,9
16.10707397,-19.10606486,LA14,2010-09-05,01:20:00 PM,13:20:00,Hot-Dry,2010-09-05 13:20:00,9
16.10706482,-19.10606283,LA14,2010-09-05,01:41:00 PM,13:41:00,Hot-Dry,2010-09-05 13:41:00,9
16.10707601,-19.10609131,LA14,2010-09-05,02:00:00 PM,14:00:00,Hot-Dry,2010-09-05 14:00:00,9
16.10710449,-19.10604248,LA14,2010-09-05,02:20:00 PM,14:20:00,Hot-Dry,2010-09-05 14:20:00,9
16.10708923,-19.10605062,LA14,2010-09-05,02:40:00 PM,14:40:00,Hot-Dry,2010-09-05 14:40:00,9
16.10679932,-19.10599162,LA14,2010-09-05,03:00:00 PM,15:00:00,Hot-Dry,2010-09-05 15:00:00,9
16.10655314,-19.1060201,LA14,2010-09-05,03:20:00 PM,15:20:00,Hot-Dry,2010-09-05 15:20:00,9
16.10326843,-19.10730184,LA14,2010-09-05,03:40:00 PM,15:40:00,Hot-Dry,2010-09-05 15:40:00,9
16.10240072,-19.10801188,LA14,2010-09-05,04:00:00 PM,16:00:00,Hot-Dry,2010-09-05 16:00:00,9
16.09995728,-19.10911051,LA14,2010-09-05,04:20:00 PM,16:20:00,Hot-Dry,2010-09-05 16:20:00,9
16.09959513,-19.11025391,LA14,2010-09-05,04:40:00 PM,16:40:00,Hot-Dry,2010-09-05 16:40:00,9
16.09810181,-19.11026204,LA14,2010-09-05,05:00:00 PM,17:00:00,Hot-Dry,2010-09-05 17:00:00,9
16.096521,-19.11074219,LA14,2010-09-05,05:20:00 PM,17:20:00,Hot-Dry,2010-09-05 17:20:00,9
16.09496257,-19.11218262,LA14,2010-09-05,05:40:00 PM,17:40:00,Hot-Dry,2010-09-05 17:40:00,9
16.09382222,-19.11271973,LA14,2010-09-05,06:00:00 PM,18:00:00,Hot-Dry,2010-09-05 18:00:00,9
16.09170532,-19.11560465,LA14,2010-09-05,06:20:00 PM,18:20:00,Hot-Dry,2010-09-05 18:20:00,9
16.09041341,-19.1204895,LA14,2010-09-05,06:40:00 PM,18:40:00,Hot-Dry,2010-09-05 18:40:00,9
16.08786926,-19.12496948,LA14,2010-09-05,07:00:00 PM,19:00:00,Hot-Dry,2010-09-05 19:00:00,9
16.08714803,-19.12678833,LA14,2010-09-05,07:20:00 PM,19:20:00,Hot-Dry,2010-09-05 19:20:00,9
16.08450623,-19.12883097,LA14,2010-09-05,07:40:00 PM,19:40:00,Hot-Dry,2010-09-05 19:40:00,9
16.08292135,-19.13561198,LA14,2010-09-05,08:00:00 PM,20:00:00,Hot-Dry,2010-09-05 20:00:00,9
16.08140869,-19.14096273,LA14,2010-09-05,08:20:00 PM,20:20:00,Hot-Dry,2010-09-05 20:20:00,9
16.08014119,-19.14560547,LA14,2010-09-05,08:40:00 PM,20:40:00,Hot-Dry,2010-09-05 20:40:00,9
16.07775777,-19.15303141,LA14,2010-09-05,09:00:00 PM,21:00:00,Hot-Dry,2010-09-05 21:00:00,9
16.07600606,-19.15908813,LA14,2010-09-05,09:20:00 PM,21:20:00,Hot-Dry,2010-09-05 21:20:00,9
16.0754303,-19.16789958,LA14,2010-09-05,09:40:00 PM,21:40:00,Hot-Dry,2010-09-05 21:40:00,9
16.07518514,-19.17532349,LA14,2010-09-05,10:00:00 PM,22:00:00,Hot-Dry,2010-09-05 22:00:00,9
16.07252299,-19.18387248,LA14,2010-09-05,10:20:00 PM,22:20:00,Hot-Dry,2010-09-05 22:20:00,9
16.06957906,-19.19300741,LA14,2010-09-05,10:40:00 PM,22:40:00,Hot-Dry,2010-09-05 22:40:00,9
16.06406047,-19.20269775,LA14,2010-09-05,11:00:00 PM,23:00:00,Hot-Dry,2010-09-05 23:00:00,9
16.05874532,-19.21319377,LA14,2010-09-05,11:20:00 PM,23:20:00,Hot-Dry,2010-09-05 23:20:00,9
16.05864563,-19.21328532,LA14,2010-09-05,11:40:00 PM,23:40:00,Hot-Dry,2010-09-05 23:40:00,9
16.05290324,-19.21140544,LA14,2010-09-06,12:00:00 AM,00:00:00,Hot-Dry,2010-09-06 00:00:00,9
16.04513855,-19.20861206,LA14,2010-09-06,12:20:00 AM,00:20:00,Hot-Dry,2010-09-06 00:20:00,9
16.03521322,-19.20450846,LA14,2010-09-06,12:40:00 AM,00:40:00,Hot-Dry,2010-09-06 00:40:00,9
16.02740784,-19.20082601,LA14,2010-09-06,01:00:00 AM,01:00:00,Hot-Dry,2010-09-06 01:00:00,9
16.02074382,-19.19871012,LA14,2010-09-06,01:20:00 AM,01:20:00,Hot-Dry,2010-09-06 01:20:00,9
16.01543783,-19.19689941,LA14,2010-09-06,01:40:00 AM,01:40:00,Hot-Dry,2010-09-06 01:40:00,9
16.01389567,-19.19527384,LA14,2010-09-06,02:00:00 AM,02:00:00,Hot-Dry,2010-09-06 02:00:00,9
16.01023153,-19.19153035,LA14,2010-09-06,02:20:00 AM,02:20:00,Hot-Dry,2010-09-06 02:20:00,9
16.00926514,-19.19059041,LA14,2010-09-06,02:40:00 AM,02:40:00,Hot-Dry,2010-09-06 02:40:00,9
16.00925598,-19.19057821,LA14,2010-09-06,03:00:00 AM,03:00:00,Hot-Dry,2010-09-06 03:00:00,9
16.00926005,-19.19058431,LA14,2010-09-06,03:20:00 AM,03:20:00,Hot-Dry,2010-09-06 03:20:00,9
16.00608419,-19.18815104,LA14,2010-09-06,03:40:00 AM,03:40:00,Hot-Dry,2010-09-06 03:40:00,9
16.00402323,-19.18577067,LA14,2010-09-06,04:00:00 AM,04:00:00,Hot-Dry,2010-09-06 04:00:00,9
16.00369263,-19.18533732,LA14,2010-09-06,04:20:00 AM,04:20:00,Hot-Dry,2010-09-06 04:20:00,9
16.00351461,-19.18506266,LA14,2010-09-06,04:40:00 AM,04:40:00,Hot-Dry,2010-09-06 04:40:00,9
16.0020752,-19.18492025,LA14,2010-09-06,05:00:00 AM,05:00:00,Hot-Dry,2010-09-06 05:00:00,9
15.99975179,-19.18508911,LA14,2010-09-06,05:20:00 AM,05:20:00,Hot-Dry,2010-09-06 05:20:00,9
15.99827271,-19.1851888,LA14,2010-09-06,05:40:00 AM,05:40:00,Hot-Dry,2010-09-06 05:40:00,9
15.99702861,-19.18497314,LA14,2010-09-06,06:00:00 AM,06:00:00,Hot-Dry,2010-09-06 06:00:00,9
15.99591675,-19.18462524,LA14,2010-09-06,06:20:00 AM,06:20:00,Hot-Dry,2010-09-06 06:20:00,9
15.99386495,-19.18255005,LA14,2010-09-06,06:40:00 AM,06:40:00,Hot-Dry,2010-09-06 06:40:00,9
15.99344686,-19.18172607,LA14,2010-09-06,07:00:00 AM,07:00:00,Hot-Dry,2010-09-06 07:00:00,9
15.99261373,-19.18031209,LA14,2010-09-06,07:20:00 AM,07:20:00,Hot-Dry,2010-09-06 07:20:00,9
15.99147034,-19.17876587,LA14,2010-09-06,07:40:00 AM,07:40:00,Hot-Dry,2010-09-06 07:40:00,9
15.98991191,-19.17521973,LA14,2010-09-06,08:00:00 AM,08:00:00,Hot-Dry,2010-09-06 08:00:00,9
15.98927816,-19.17080078,LA14,2010-09-06,08:20:00 AM,08:20:00,Hot-Dry,2010-09-06 08:20:00,9
15.98983459,-19.16888835,LA14,2010-09-06,08:40:00 AM,08:40:00,Hot-Dry,2010-09-06 08:40:00,9
15.99472758,-19.16397502,LA14,2010-09-06,09:00:00 AM,09:00:00,Hot-Dry,2010-09-06 09:00:00,9
15.99325358,-19.16444906,LA14,2010-09-06,09:20:00 AM,09:20:00,Hot-Dry,2010-09-06 09:20:00,9
15.99145406,-19.16523234,LA14,2010-09-06,09:40:00 AM,09:40:00,Hot-Dry,2010-09-06 09:40:00,9
15.99153239,-19.16513672,LA14,2010-09-06,10:00:00 AM,10:00:00,Hot-Dry,2010-09-06 10:00:00,9
15.99153341,-19.16515096,LA14,2010-09-06,10:20:00 AM,10:20:00,Hot-Dry,2010-09-06 10:20:00,9
15.99154561,-19.16517537,LA14,2010-09-06,10:40:00 AM,10:40:00,Hot-Dry,2010-09-06 10:40:00,9
15.99151306,-19.16507975,LA14,2010-09-06,11:00:00 AM,11:00:00,Hot-Dry,2010-09-06 11:00:00,9
15.99168599,-19.16457113,LA14,2010-09-06,11:20:00 AM,11:20:00,Hot-Dry,2010-09-06 11:20:00,9
15.9958252,-19.16310018,LA14,2010-09-06,11:40:00 AM,11:40:00,Hot-Dry,2010-09-06 11:40:00,9
15.9925883,-19.16400146,LA14,2010-09-06,12:00:00 PM,12:00:00,Hot-Dry,2010-09-06 12:00:00,9
15.99077657,-19.16398519,LA14,2010-09-06,12:20:00 PM,12:20:00,Hot-Dry,2010-09-06 12:20:00,9
15.99023539,-19.16426799,LA14,2010-09-06,12:40:00 PM,12:40:00,Hot-Dry,2010-09-06 12:40:00,9
15.98940735,-19.16423136,LA14,2010-09-06,01:00:00 PM,13:00:00,Hot-Dry,2010-09-06 13:00:00,9
15.98880615,-19.16421305,LA14,2010-09-06,01:20:00 PM,13:20:00,Hot-Dry,2010-09-06 13:20:00,9
15.98778381,-19.16414185,LA14,2010-09-06,01:40:00 PM,13:40:00,Hot-Dry,2010-09-06 13:40:00,9
15.9877889,-19.16412557,LA14,2010-09-06,02:00:00 PM,14:00:00,Hot-Dry,2010-09-06 14:00:00,9
15.98776855,-19.16413371,LA14,2010-09-06,02:20:00 PM,14:20:00,Hot-Dry,2010-09-06 14:20:00,9
15.98777466,-19.16410319,LA14,2010-09-06,02:40:00 PM,14:40:00,Hot-Dry,2010-09-06 14:40:00,9
15.98645833,-19.16413167,LA14,2010-09-06,03:00:00 PM,15:00:00,Hot-Dry,2010-09-06 15:00:00,9
15.98546549,-19.16423747,LA14,2010-09-06,03:20:00 PM,15:20:00,Hot-Dry,2010-09-06 15:20:00,9
15.98329569,-19.16512655,LA14,2010-09-06,03:40:00 PM,15:40:00,Hot-Dry,2010-09-06 15:40:00,9
15.97807312,-19.1654541,LA14,2010-09-06,04:00:00 PM,16:00:00,Hot-Dry,2010-09-06 16:00:00,9
15.97415568,-19.16530762,LA14,2010-09-06,04:20:00 PM,16:20:00,Hot-Dry,2010-09-06 16:20:00,9
15.96891886,-19.168514,LA14,2010-09-06,04:40:00 PM,16:40:00,Hot-Dry,2010-09-06 16:40:00,9
15.9644755,-19.17043864,LA14,2010-09-06,05:00:00 PM,17:00:00,Hot-Dry,2010-09-06 17:00:00,9
15.96141052,-19.1719991,LA14,2010-09-06,05:20:00 PM,17:20:00,Hot-Dry,2010-09-06 17:20:00,9
15.95889486,-19.1732015,LA14,2010-09-06,05:40:00 PM,17:40:00,Hot-Dry,2010-09-06 17:40:00,9
15.9544342,-19.17440999,LA14,2010-09-06,06:00:00 PM,18:00:00,Hot-Dry,2010-09-06 18:00:00,9
15.94868571,-19.17689616,LA14,2010-09-06,06:20:00 PM,18:20:00,Hot-Dry,2010-09-06 18:20:00,9
15.94063822,-19.18013306,LA14,2010-09-06,06:40:00 PM,18:40:00,Hot-Dry,2010-09-06 18:40:00,9
15.9318339,-19.18257039,LA14,2010-09-06,07:00:00 PM,19:00:00,Hot-Dry,2010-09-06 19:00:00,9
15.92604675,-19.18534749,LA14,2010-09-06,07:20:00 PM,19:20:00,Hot-Dry,2010-09-06 19:20:00,9
15.91690776,-19.18348185,LA14,2010-09-06,07:40:00 PM,19:40:00,Hot-Dry,2010-09-06 19:40:00,9
15.91474202,-19.18167114,LA14,2010-09-06,08:00:00 PM,20:00:00,Hot-Dry,2010-09-06 20:00:00,9
15.91000366,-19.18489787,LA14,2010-09-06,08:20:00 PM,20:20:00,Hot-Dry,2010-09-06 20:20:00,9
15.90711975,-19.18676147,LA14,2010-09-06,08:40:00 PM,20:40:00,Hot-Dry,2010-09-06 20:40:00,9
15.90506083,-19.18830566,LA14,2010-09-06,09:00:00 PM,21:00:00,Hot-Dry,2010-09-06 21:00:00,9
15.90174154,-19.19076538,LA14,2010-09-06,09:20:00 PM,21:20:00,Hot-Dry,2010-09-06 21:20:00,9
15.89854635,-19.1930481,LA14,2010-09-06,09:40:00 PM,21:40:00,Hot-Dry,2010-09-06 21:40:00,9
15.89353536,-19.19759318,LA14,2010-09-06,10:00:00 PM,22:00:00,Hot-Dry,2010-09-06 22:00:00,9
15.88835449,-19.20419515,LA14,2010-09-06,10:20:00 PM,22:20:00,Hot-Dry,2010-09-06 22:20:00,9
15.88352153,-19.209316,LA14,2010-09-06,10:40:00 PM,22:40:00,Hot-Dry,2010-09-06 22:40:00,9
15.88337606,-19.20992228,LA14,2010-09-06,11:00:00 PM,23:00:00,Hot-Dry,2010-09-06 23:00:00,9
15.8826182,-19.21102295,LA14,2010-09-06,11:20:00 PM,23:20:00,Hot-Dry,2010-09-06 23:20:00,9
15.880896,-19.21426799,LA14,2010-09-06,11:40:00 PM,23:40:00,Hot-Dry,2010-09-06 23:40:00,9
15.88031616,-19.21528117,LA14,2010-09-07,12:00:00 AM,00:00:00,Hot-Dry,2010-09-07 00:00:00,9
15.879776,-19.21644694,LA14,2010-09-07,12:20:00 AM,00:20:00,Hot-Dry,2010-09-07 00:20:00,9
15.87816569,-19.21868286,LA14,2010-09-07,12:40:00 AM,00:40:00,Hot-Dry,2010-09-07 00:40:00,9
15.87809448,-19.21879069,LA14,2010-09-07,01:00:00 AM,01:00:00,Hot-Dry,2010-09-07 01:00:00,9
15.87823079,-19.21917928,LA14,2010-09-07,01:20:00 AM,01:20:00,Hot-Dry,2010-09-07 01:20:00,9
15.87799581,-19.2197937,LA14,2010-09-07,01:40:00 AM,01:40:00,Hot-Dry,2010-09-07 01:40:00,9
15.8780009,-19.22042236,LA14,2010-09-07,02:00:00 AM,02:00:00,Hot-Dry,2010-09-07 02:00:00,9
15.87801412,-19.22040812,LA14,2010-09-07,02:20:00 AM,02:20:00,Hot-Dry,2010-09-07 02:20:00,9
15.87809347,-19.22031047,LA14,2010-09-07,02:40:00 AM,02:40:00,Hot-Dry,2010-09-07 02:40:00,9
15.87813721,-19.22030233,LA14,2010-09-07,03:00:00 AM,03:00:00,Hot-Dry,2010-09-07 03:00:00,9
15.87805888,-19.22034098,LA14,2010-09-07,03:20:00 AM,03:20:00,Hot-Dry,2010-09-07 03:20:00,9
15.8781484,-19.22031047,LA14,2010-09-07,03:40:00 AM,03:40:00,Hot-Dry,2010-09-07 03:40:00,9
15.87811686,-19.22029012,LA14,2010-09-07,04:00:00 AM,04:00:00,Hot-Dry,2010-09-07 04:00:00,9
15.87821452,-19.22061361,LA14,2010-09-07,04:20:00 AM,04:20:00,Hot-Dry,2010-09-07 04:20:00,9
15.87812297,-19.22085978,LA14,2010-09-07,04:40:00 AM,04:40:00,Hot-Dry,2010-09-07 04:40:00,9
15.87791545,-19.2208842,LA14,2010-09-07,05:00:00 AM,05:00:00,Hot-Dry,2010-09-07 05:00:00,9
15.87765096,-19.22075602,LA14,2010-09-07,05:20:00 AM,05:20:00,Hot-Dry,2010-09-07 05:20:00,9
15.87741597,-19.22047526,LA14,2010-09-07,05:40:00 AM,05:40:00,Hot-Dry,2010-09-07 05:40:00,9
15.87701213,-19.21974284,LA14,2010-09-07,06:00:00 AM,06:00:00,Hot-Dry,2010-09-07 06:00:00,9
15.87710164,-19.21913452,LA14,2010-09-07,06:20:00 AM,06:20:00,Hot-Dry,2010-09-07 06:20:00,9
15.87639669,-19.21844482,LA14,2010-09-07,06:40:00 AM,06:40:00,Hot-Dry,2010-09-07 06:40:00,9
15.87507019,-19.21828206,LA14,2010-09-07,07:00:00 AM,07:00:00,Hot-Dry,2010-09-07 07:00:00,9
15.87587077,-19.21715495,LA14,2010-09-07,07:20:00 AM,07:20:00,Hot-Dry,2010-09-07 07:20:00,9
15.8757314,-19.21478271,LA14,2010-09-07,07:40:00 AM,07:40:00,Hot-Dry,2010-09-07 07:40:00,9
15.87591248,-19.21352132,LA14,2010-09-07,08:00:00 AM,08:00:00,Hot-Dry,2010-09-07 08:00:00,9
15.87637838,-19.21185303,LA14,2010-09-07,08:20:00 AM,08:20:00,Hot-Dry,2010-09-07 08:20:00,9
15.87637838,-19.21187744,LA14,2010-09-07,08:40:00 AM,08:40:00,Hot-Dry,2010-09-07 08:40:00,9
15.87637634,-19.21188965,LA14,2010-09-07,09:00:00 AM,09:00:00,Hot-Dry,2010-09-07 09:00:00,9
15.87636922,-19.21186523,LA14,2010-09-07,09:20:00 AM,09:20:00,Hot-Dry,2010-09-07 09:20:00,9
15.87700195,-19.21027832,LA14,2010-09-07,09:40:00 AM,09:40:00,Hot-Dry,2010-09-07 09:40:00,9
15.87749939,-19.20997721,LA14,2010-09-07,10:00:00 AM,10:00:00,Hot-Dry,2010-09-07 10:00:00,9
15.87750244,-19.20998332,LA14,2010-09-07,10:20:00 AM,10:20:00,Hot-Dry,2010-09-07 10:20:00,9
15.8775177,-19.20999552,LA14,2010-09-07,10:40:00 AM,10:40:00,Hot-Dry,2010-09-07 10:40:00,9
15.87750142,-19.21000366,LA14,2010-09-07,11:00:00 AM,11:00:00,Hot-Dry,2010-09-07 11:00:00,9
15.87747904,-19.20828247,LA14,2010-09-07,11:20:00 AM,11:20:00,Hot-Dry,2010-09-07 11:20:00,9
15.87791239,-19.2069458,LA14,2010-09-07,11:40:00 AM,11:40:00,Hot-Dry,2010-09-07 11:40:00,9
15.8779307,-19.20690918,LA14,2010-09-07,12:00:00 PM,12:00:00,Hot-Dry,2010-09-07 12:00:00,9
15.87791138,-19.20691732,LA14,2010-09-07,12:20:00 PM,12:20:00,Hot-Dry,2010-09-07 12:20:00,9
15.87789103,-19.20690511,LA14,2010-09-07,12:40:00 PM,12:40:00,Hot-Dry,2010-09-07 12:40:00,9
15.8780426,-19.20528971,LA14,2010-09-07,01:00:00 PM,13:00:00,Hot-Dry,2010-09-07 13:00:00,9
15.87804362,-19.20527954,LA14,2010-09-07,01:20:00 PM,13:20:00,Hot-Dry,2010-09-07 13:20:00,9
15.87881877,-19.20344849,LA14,2010-09-07,01:40:00 PM,13:40:00,Hot-Dry,2010-09-07 13:40:00,9
15.87833761,-19.20112305,LA14,2010-09-07,02:00:00 PM,14:00:00,Hot-Dry,2010-09-07 14:00:00,9
15.87787984,-19.19871623,LA14,2010-09-07,02:20:00 PM,14:20:00,Hot-Dry,2010-09-07 14:20:00,9
15.8772583,-19.19639079,LA14,2010-09-07,02:40:00 PM,14:40:00,Hot-Dry,2010-09-07 14:40:00,9
15.87851563,-19.19400838,LA14,2010-09-07,03:00:00 PM,15:00:00,Hot-Dry,2010-09-07 15:00:00,9
15.87935994,-19.19302165,LA14,2010-09-07,03:20:00 PM,15:20:00,Hot-Dry,2010-09-07 15:20:00,9
15.88017782,-19.19267782,LA14,2010-09-07,03:40:00 PM,15:40:00,Hot-Dry,2010-09-07 15:40:00,9
15.88392639,-19.19371134,LA14,2010-09-07,04:00:00 PM,16:00:00,Hot-Dry,2010-09-07 16:00:00,9
15.89007467,-19.19049479,LA14,2010-09-07,04:20:00 PM,16:20:00,Hot-Dry,2010-09-07 16:20:00,9
15.89401855,-19.1886027,LA14,2010-09-07,04:40:00 PM,16:40:00,Hot-Dry,2010-09-07 16:40:00,9
15.89965007,-19.18688151,LA14,2010-09-07,05:00:00 PM,17:00:00,Hot-Dry,2010-09-07 17:00:00,9
15.9026652,-19.18520101,LA14,2010-09-07,05:20:00 PM,17:20:00,Hot-Dry,2010-09-07 17:20:00,9
15.90685323,-19.18340658,LA14,2010-09-07,05:40:00 PM,17:40:00,Hot-Dry,2010-09-07 17:40:00,9
15.91164551,-19.18159587,LA14,2010-09-07,06:00:00 PM,18:00:00,Hot-Dry,2010-09-07 18:00:00,9
15.91598002,-19.18110758,LA14,2010-09-07,06:20:00 PM,18:20:00,Hot-Dry,2010-09-07 18:20:00,9
15.9160085,-19.18098755,LA14,2010-09-07,06:40:00 PM,18:40:00,Hot-Dry,2010-09-07 18:40:00,9
15.91594747,-19.18232829,LA14,2010-09-07,07:00:00 PM,19:00:00,Hot-Dry,2010-09-07 19:00:00,9
15.92352905,-19.18813477,LA14,2010-09-07,07:20:00 PM,19:20:00,Hot-Dry,2010-09-07 19:20:00,9
15.92911072,-19.19041545,LA14,2010-09-07,07:40:00 PM,19:40:00,Hot-Dry,2010-09-07 19:40:00,9
15.93754476,-19.18943075,LA14,2010-09-07,08:00:00 PM,20:00:00,Hot-Dry,2010-09-07 20:00:00,9
15.9457194,-19.18789469,LA14,2010-09-07,08:20:00 PM,20:20:00,Hot-Dry,2010-09-07 20:20:00,9
15.95710449,-19.1855835,LA14,2010-09-07,08:40:00 PM,20:40:00,Hot-Dry,2010-09-07 20:40:00,9
15.96337179,-19.18271891,LA14,2010-09-07,09:00:00 PM,21:00:00,Hot-Dry,2010-09-07 21:00:00,9
15.96537882,-19.18163249,LA14,2010-09-07,09:20:00 PM,21:20:00,Hot-Dry,2010-09-07 21:20:00,9
15.9720988,-19.18168538,LA14,2010-09-07,09:40:00 PM,21:40:00,Hot-Dry,2010-09-07 21:40:00,9
15.97774048,-19.18276571,LA14,2010-09-07,10:00:00 PM,22:00:00,Hot-Dry,2010-09-07 22:00:00,9
15.97980245,-19.18328044,LA14,2010-09-07,10:20:00 PM,22:20:00,Hot-Dry,2010-09-07 22:20:00,9
15.98089294,-19.1833903,LA14,2010-09-07,10:40:00 PM,22:40:00,Hot-Dry,2010-09-07 22:40:00,9
15.98204854,-19.18373006,LA14,2010-09-07,11:00:00 PM,23:00:00,Hot-Dry,2010-09-07 23:00:00,9
15.98235982,-19.18386027,LA14,2010-09-07,11:20:00 PM,23:20:00,Hot-Dry,2010-09-07 23:20:00,9
15.98261108,-19.18369751,LA14,2010-09-07,11:40:00 PM,23:40:00,Hot-Dry,2010-09-07 23:40:00,9
15.98313395,-19.18370565,LA14,2010-09-08,12:00:00 AM,00:00:00,Hot-Dry,2010-09-08 00:00:00,9
15.98335164,-19.18365479,LA14,2010-09-08,12:20:00 AM,00:20:00,Hot-Dry,2010-09-08 00:20:00,9
15.98340149,-19.18376872,LA14,2010-09-08,12:40:00 AM,00:40:00,Hot-Dry,2010-09-08 00:40:00,9
15.9833903,-19.18382365,LA14,2010-09-08,01:00:00 AM,01:00:00,Hot-Dry,2010-09-08 01:00:00,9
15.98341268,-19.1838623,LA14,2010-09-08,01:20:00 AM,01:20:00,Hot-Dry,2010-09-08 01:20:00,9
15.98338725,-19.18379924,LA14,2010-09-08,01:40:00 AM,01:40:00,Hot-Dry,2010-09-08 01:40:00,9
15.98375346,-19.18395793,LA14,2010-09-08,02:00:00 AM,02:00:00,Hot-Dry,2010-09-08 02:00:00,9
15.98406474,-19.18421427,LA14,2010-09-08,02:20:00 AM,02:20:00,Hot-Dry,2010-09-08 02:20:00,9
15.98519694,-19.18470866,LA14,2010-09-08,02:40:00 AM,02:40:00,Hot-Dry,2010-09-08 02:40:00,9
15.9859904,-19.18493042,LA14,2010-09-08,03:00:00 AM,03:00:00,Hot-Dry,2010-09-08 03:00:00,9
15.98652751,-19.18523153,LA14,2010-09-08,03:20:00 AM,03:20:00,Hot-Dry,2010-09-08 03:20:00,9
15.9865387,-19.18543701,LA14,2010-09-08,03:40:00 AM,03:40:00,Hot-Dry,2010-09-08 03:40:00,9
15.98654785,-19.18542887,LA14,2010-09-08,04:00:00 AM,04:00:00,Hot-Dry,2010-09-08 04:00:00,9
15.9865509,-19.18543294,LA14,2010-09-08,04:20:00 AM,04:20:00,Hot-Dry,2010-09-08 04:20:00,9
15.9865682,-19.1854187,LA14,2010-09-08,04:40:00 AM,04:40:00,Hot-Dry,2010-09-08 04:40:00,9
15.98736572,-19.18533529,LA14,2010-09-08,05:00:00 AM,05:00:00,Hot-Dry,2010-09-08 05:00:00,9
15.98814392,-19.18551636,LA14,2010-09-08,05:20:00 AM,05:20:00,Hot-Dry,2010-09-08 05:20:00,9
15.9894399,-19.1857605,LA14,2010-09-08,05:40:00 AM,05:40:00,Hot-Dry,2010-09-08 05:40:00,9
15.99100037,-19.1852946,LA14,2010-09-08,06:00:00 AM,06:00:00,Hot-Dry,2010-09-08 06:00:00,9
15.99148458,-19.18487549,LA14,2010-09-08,06:20:00 AM,06:20:00,Hot-Dry,2010-09-08 06:20:00,9
15.99177755,-19.18479004,LA14,2010-09-08,06:40:00 AM,06:40:00,Hot-Dry,2010-09-08 06:40:00,9
15.99238383,-19.18381958,LA14,2010-09-08,07:00:00 AM,07:00:00,Hot-Dry,2010-09-08 07:00:00,9
15.99288025,-19.18343709,LA14,2010-09-08,07:20:00 AM,07:20:00,Hot-Dry,2010-09-08 07:20:00,9
15.99306132,-19.18287354,LA14,2010-09-08,07:40:00 AM,07:40:00,Hot-Dry,2010-09-08 07:40:00,9
15.99342041,-19.18179321,LA14,2010-09-08,08:00:00 AM,08:00:00,Hot-Dry,2010-09-08 08:00:00,9
15.99375509,-19.18143921,LA14,2010-09-08,08:20:00 AM,08:20:00,Hot-Dry,2010-09-08 08:20:00,9
15.99689229,-19.18157959,LA14,2010-09-08,08:40:00 AM,08:40:00,Hot-Dry,2010-09-08 08:40:00,9
15.99856466,-19.18119303,LA14,2010-09-08,09:00:00 AM,09:00:00,Hot-Dry,2010-09-08 09:00:00,9
16.00024719,-19.18074544,LA14,2010-09-08,09:20:00 AM,09:20:00,Hot-Dry,2010-09-08 09:20:00,9
16.00150655,-19.17921143,LA14,2010-09-08,09:40:00 AM,09:40:00,Hot-Dry,2010-09-08 09:40:00,9
16.00200602,-19.17853394,LA14,2010-09-08,10:00:00 AM,10:00:00,Hot-Dry,2010-09-08 10:00:00,9
16.0022939,-19.17746379,LA14,2010-09-08,10:20:00 AM,10:20:00,Hot-Dry,2010-09-08 10:20:00,9
16.002771,-19.17646077,LA14,2010-09-08,10:40:00 AM,10:40:00,Hot-Dry,2010-09-08 10:40:00,9
15.9992981,-19.17340088,LA14,2010-09-08,11:00:00 AM,11:00:00,Hot-Dry,2010-09-08 11:00:00,9
15.99508565,-19.16616618,LA14,2010-09-08,11:20:00 AM,11:20:00,Hot-Dry,2010-09-08 11:20:00,9
15.99565531,-19.16459351,LA14,2010-09-08,11:40:00 AM,11:40:00,Hot-Dry,2010-09-08 11:40:00,9
15.9955658,-19.16469523,LA14,2010-09-08,12:00:00 PM,12:00:00,Hot-Dry,2010-09-08 12:00:00,9
16.00045878,-19.16751506,LA14,2010-09-08,12:20:00 PM,12:20:00,Hot-Dry,2010-09-08 12:20:00,9
16.00455017,-19.17258708,LA14,2010-09-08,12:40:00 PM,12:40:00,Hot-Dry,2010-09-08 12:40:00,9
16.00631104,-19.17186076,LA14,2010-09-08,01:00:00 PM,13:00:00,Hot-Dry,2010-09-08 13:00:00,9
16.00904541,-19.1733256,LA14,2010-09-08,01:20:00 PM,13:20:00,Hot-Dry,2010-09-08 13:20:00,9
16.01018473,-19.17446086,LA14,2010-09-08,01:40:00 PM,13:40:00,Hot-Dry,2010-09-08 13:40:00,9
16.01044413,-19.17457275,LA14,2010-09-08,02:00:00 PM,14:00:00,Hot-Dry,2010-09-08 14:00:00,9
16.01075134,-19.17472331,LA14,2010-09-08,02:20:00 PM,14:20:00,Hot-Dry,2010-09-08 14:20:00,9
16.01075439,-19.17471924,LA14,2010-09-08,02:40:00 PM,14:40:00,Hot-Dry,2010-09-08 14:40:00,9
16.01131694,-19.17524414,LA14,2010-09-08,03:00:00 PM,15:00:00,Hot-Dry,2010-09-08 15:00:00,9
16.01129862,-19.17524007,LA14,2010-09-08,03:20:00 PM,15:20:00,Hot-Dry,2010-09-08 15:20:00,9
16.01279806,-19.17663778,LA14,2010-09-08,03:40:00 PM,15:40:00,Hot-Dry,2010-09-08 15:40:00,9
16.01530965,-19.17872314,LA14,2010-09-08,04:00:00 PM,16:00:00,Hot-Dry,2010-09-08 16:00:00,9
16.01801656,-19.18161418,LA14,2010-09-08,04:20:00 PM,16:20:00,Hot-Dry,2010-09-08 16:20:00,9
16.01981303,-19.18370565,LA14,2010-09-08,04:40:00 PM,16:40:00,Hot-Dry,2010-09-08 16:40:00,9
16.02131144,-19.18708089,LA14,2010-09-08,05:00:00 PM,17:00:00,Hot-Dry,2010-09-08 17:00:00,9
16.02957052,-19.19035645,LA14,2010-09-08,05:20:00 PM,17:20:00,Hot-Dry,2010-09-08 17:20:00,9
16.03734334,-19.19553019,LA14,2010-09-08,05:40:00 PM,17:40:00,Hot-Dry,2010-09-08 17:40:00,9
16.04879557,-19.20203044,LA14,2010-09-08,06:00:00 PM,18:00:00,Hot-Dry,2010-09-08 18:00:00,9
16.05721842,-19.2102946,LA14,2010-09-08,06:20:00 PM,18:20:00,Hot-Dry,2010-09-08 18:20:00,9
16.05899862,-19.21370036,LA14,2010-09-08,06:40:00 PM,18:40:00,Hot-Dry,2010-09-08 18:40:00,9
16.06392008,-19.21844279,LA14,2010-09-08,07:00:00 PM,19:00:00,Hot-Dry,2010-09-08 19:00:00,9
16.06653239,-19.22160034,LA14,2010-09-08,07:20:00 PM,19:20:00,Hot-Dry,2010-09-08 19:20:00,9
16.06939494,-19.22398885,LA14,2010-09-08,07:40:00 PM,19:40:00,Hot-Dry,2010-09-08 19:40:00,9
16.07189331,-19.22530924,LA14,2010-09-08,08:00:00 PM,20:00:00,Hot-Dry,2010-09-08 20:00:00,9
16.07352804,-19.22595011,LA14,2010-09-08,08:20:00 PM,20:20:00,Hot-Dry,2010-09-08 20:20:00,9
16.07647705,-19.22640584,LA14,2010-09-08,08:40:00 PM,20:40:00,Hot-Dry,2010-09-08 20:40:00,9
16.07802734,-19.22589111,LA14,2010-09-08,09:00:00 PM,21:00:00,Hot-Dry,2010-09-08 21:00:00,9
16.08138123,-19.22567342,LA14,2010-09-08,09:20:00 PM,21:20:00,Hot-Dry,2010-09-08 21:20:00,9
16.08589478,-19.22544352,LA14,2010-09-08,09:40:00 PM,21:40:00,Hot-Dry,2010-09-08 21:40:00,9
16.08761292,-19.225236,LA14,2010-09-08,10:00:00 PM,22:00:00,Hot-Dry,2010-09-08 22:00:00,9
16.0905131,-19.22370605,LA14,2010-09-08,10:20:00 PM,22:20:00,Hot-Dry,2010-09-08 22:20:00,9
16.09113057,-19.22365926,LA14,2010-09-08,10:40:00 PM,22:40:00,Hot-Dry,2010-09-08 22:40:00,9
16.09219564,-19.22382609,LA14,2010-09-08,11:00:00 PM,23:00:00,Hot-Dry,2010-09-08 23:00:00,9
16.09281616,-19.22383626,LA14,2010-09-08,11:20:00 PM,23:20:00,Hot-Dry,2010-09-08 23:20:00,9
16.09382731,-19.22352091,LA14,2010-09-08,11:40:00 PM,23:40:00,Hot-Dry,2010-09-08 23:40:00,9
16.0942627,-19.22320964,LA14,2010-09-09,12:00:00 AM,00:00:00,Hot-Dry,2010-09-09 00:00:00,9
16.09451497,-19.22327881,LA14,2010-09-09,12:20:00 AM,00:20:00,Hot-Dry,2010-09-09 00:20:00,9
16.09489339,-19.22380575,LA14,2010-09-09,12:40:00 AM,00:40:00,Hot-Dry,2010-09-09 00:40:00,9
16.09488322,-19.22381388,LA14,2010-09-09,01:00:00 AM,01:00:00,Hot-Dry,2010-09-09 01:00:00,9
16.09485677,-19.22382202,LA14,2010-09-09,01:20:00 AM,01:20:00,Hot-Dry,2010-09-09 01:20:00,9
16.09484558,-19.2237793,LA14,2010-09-09,01:40:00 AM,01:40:00,Hot-Dry,2010-09-09 01:40:00,9
16.09489136,-19.22376099,LA14,2010-09-09,02:00:00 AM,02:00:00,Hot-Dry,2010-09-09 02:00:00,9
16.09491577,-19.22379354,LA14,2010-09-09,02:20:00 AM,02:20:00,Hot-Dry,2010-09-09 02:20:00,9
16.0948822,-19.2237854,LA14,2010-09-09,02:40:00 AM,02:40:00,Hot-Dry,2010-09-09 02:40:00,9
16.09485982,-19.22379964,LA14,2010-09-09,03:00:00 AM,03:00:00,Hot-Dry,2010-09-09 03:00:00,9
16.09490967,-19.22376506,LA14,2010-09-09,03:20:00 AM,03:20:00,Hot-Dry,2010-09-09 03:20:00,9
16.09493713,-19.22378947,LA14,2010-09-09,03:40:00 AM,03:40:00,Hot-Dry,2010-09-09 03:40:00,9
16.09493917,-19.22427775,LA14,2010-09-09,04:00:00 AM,04:00:00,Hot-Dry,2010-09-09 04:00:00,9
16.09526367,-19.2241923,LA14,2010-09-09,04:20:00 AM,04:20:00,Hot-Dry,2010-09-09 04:20:00,9
16.0956309,-19.22404378,LA14,2010-09-09,04:40:00 AM,04:40:00,Hot-Dry,2010-09-09 04:40:00,9
16.09623617,-19.22405599,LA14,2010-09-09,05:00:00 AM,05:00:00,Hot-Dry,2010-09-09 05:00:00,9
16.09707336,-19.22385864,LA14,2010-09-09,05:20:00 AM,05:20:00,Hot-Dry,2010-09-09 05:20:00,9
16.09801534,-19.22386882,LA14,2010-09-09,05:40:00 AM,05:40:00,Hot-Dry,2010-09-09 05:40:00,9
16.09914246,-19.22467855,LA14,2010-09-09,06:00:00 AM,06:00:00,Hot-Dry,2010-09-09 06:00:00,9
16.10029704,-19.22446696,LA14,2010-09-09,06:20:00 AM,06:20:00,Hot-Dry,2010-09-09 06:20:00,9
16.10157878,-19.22469889,LA14,2010-09-09,06:40:00 AM,06:40:00,Hot-Dry,2010-09-09 06:40:00,9
16.10201925,-19.2245992,LA14,2010-09-09,07:00:00 AM,07:00:00,Hot-Dry,2010-09-09 07:00:00,9
16.10221965,-19.22467041,LA14,2010-09-09,07:20:00 AM,07:20:00,Hot-Dry,2010-09-09 07:20:00,9
16.10245667,-19.22496338,LA14,2010-09-09,07:40:00 AM,07:40:00,Hot-Dry,2010-09-09 07:40:00,9
16.10439962,-19.22275594,LA14,2010-09-09,08:00:00 AM,08:00:00,Hot-Dry,2010-09-09 08:00:00,9
16.10565491,-19.22134196,LA14,2010-09-09,08:20:00 AM,08:20:00,Hot-Dry,2010-09-09 08:20:00,9
16.10983378,-19.22329102,LA14,2010-09-09,08:40:00 AM,08:40:00,Hot-Dry,2010-09-09 08:40:00,9
16.11291809,-19.22603963,LA14,2010-09-09,09:00:00 AM,09:00:00,Hot-Dry,2010-09-09 09:00:00,9
16.12117208,-19.22986857,LA14,2010-09-09,09:20:00 AM,09:20:00,Hot-Dry,2010-09-09 09:20:00,9
16.1271108,-19.23358968,LA14,2010-09-09,09:40:00 AM,09:40:00,Hot-Dry,2010-09-09 09:40:00,9
16.13194377,-19.23884888,LA14,2010-09-09,10:00:00 AM,10:00:00,Hot-Dry,2010-09-09 10:00:00,9
16.13172506,-19.23869832,LA14,2010-09-09,10:20:00 AM,10:20:00,Hot-Dry,2010-09-09 10:20:00,9
16.13193359,-19.23876953,LA14,2010-09-09,10:40:00 AM,10:40:00,Hot-Dry,2010-09-09 10:40:00,9
16.12904867,-19.23626302,LA14,2010-09-09,11:00:00 AM,11:00:00,Hot-Dry,2010-09-09 11:00:00,9
16.12393188,-19.23473511,LA14,2010-09-09,11:20:00 AM,11:20:00,Hot-Dry,2010-09-09 11:20:00,9
16.11898804,-19.23433431,LA14,2010-09-09,11:40:00 AM,11:40:00,Hot-Dry,2010-09-09 11:40:00,9
16.11794637,-19.2350647,LA14,2010-09-09,12:00:00 PM,12:00:00,Hot-Dry,2010-09-09 12:00:00,9
16.11644694,-19.23698934,LA14,2010-09-09,12:20:00 PM,12:20:00,Hot-Dry,2010-09-09 12:20:00,9
16.11536357,-19.23683472,LA14,2010-09-09,12:40:00 PM,12:40:00,Hot-Dry,2010-09-09 12:40:00,9
16.11533508,-19.23683268,LA14,2010-09-09,01:00:00 PM,13:00:00,Hot-Dry,2010-09-09 13:00:00,9
16.11535136,-19.23682454,LA14,2010-09-09,01:20:00 PM,13:20:00,Hot-Dry,2010-09-09 13:20:00,9
16.11533813,-19.23679403,LA14,2010-09-09,01:40:00 PM,13:40:00,Hot-Dry,2010-09-09 13:40:00,9
16.11506653,-19.23601888,LA14,2010-09-09,02:00:00 PM,14:00:00,Hot-Dry,2010-09-09 14:00:00,9
16.11303609,-19.23514201,LA14,2010-09-09,02:20:00 PM,14:20:00,Hot-Dry,2010-09-09 14:20:00,9
16.11306356,-19.23513997,LA14,2010-09-09,02:40:00 PM,14:40:00,Hot-Dry,2010-09-09 14:40:00,9
16.11151021,-19.23405151,LA14,2010-09-09,03:00:00 PM,15:00:00,Hot-Dry,2010-09-09 15:00:00,9
16.11007487,-19.23258464,LA14,2010-09-09,03:20:00 PM,15:20:00,Hot-Dry,2010-09-09 15:20:00,9
16.10638021,-19.22844645,LA14,2010-09-09,03:40:00 PM,15:40:00,Hot-Dry,2010-09-09 15:40:00,9
16.10275879,-19.22678223,LA14,2010-09-09,04:00:00 PM,16:00:00,Hot-Dry,2010-09-09 16:00:00,9
16.09740194,-19.22243449,LA14,2010-09-09,04:20:00 PM,16:20:00,Hot-Dry,2010-09-09 16:20:00,9
16.09771525,-19.21940511,LA14,2010-09-09,04:40:00 PM,16:40:00,Hot-Dry,2010-09-09 16:40:00,9
16.09773458,-19.21607463,LA14,2010-09-09,05:00:00 PM,17:00:00,Hot-Dry,2010-09-09 17:00:00,9
16.09720662,-19.21257731,LA14,2010-09-09,05:20:00 PM,17:20:00,Hot-Dry,2010-09-09 17:20:00,9
16.09852091,-19.20957235,LA14,2010-09-09,05:40:00 PM,17:40:00,Hot-Dry,2010-09-09 17:40:00,9
16.09908244,-19.20704956,LA14,2010-09-09,06:00:00 PM,18:00:00,Hot-Dry,2010-09-09 18:00:00,9
16.09900208,-19.20553996,LA14,2010-09-09,06:20:00 PM,18:20:00,Hot-Dry,2010-09-09 18:20:00,9
16.09936015,-19.20485229,LA14,2010-09-09,06:40:00 PM,18:40:00,Hot-Dry,2010-09-09 18:40:00,9
16.10085347,-19.20395915,LA14,2010-09-09,07:00:00 PM,19:00:00,Hot-Dry,2010-09-09 19:00:00,9
16.10162862,-19.20440674,LA14,2010-09-09,07:20:00 PM,19:20:00,Hot-Dry,2010-09-09 19:20:00,9
16.10175883,-19.20455729,LA14,2010-09-09,07:40:00 PM,19:40:00,Hot-Dry,2010-09-09 19:40:00,9
16.10148519,-19.20533651,LA14,2010-09-09,08:00:00 PM,20:00:00,Hot-Dry,2010-09-09 20:00:00,9
16.10144246,-19.20534058,LA14,2010-09-09,08:20:00 PM,20:20:00,Hot-Dry,2010-09-09 20:20:00,9
16.10147298,-19.20533651,LA14,2010-09-09,08:40:00 PM,20:40:00,Hot-Dry,2010-09-09 20:40:00,9
16.10154724,-19.20539754,LA14,2010-09-09,09:00:00 PM,21:00:00,Hot-Dry,2010-09-09 21:00:00,9
16.10157166,-19.20540365,LA14,2010-09-09,09:20:00 PM,21:20:00,Hot-Dry,2010-09-09 21:20:00,9
16.10156962,-19.20538737,LA14,2010-09-09,09:40:00 PM,21:40:00,Hot-Dry,2010-09-09 21:40:00,9
16.10225728,-19.20553996,LA14,2010-09-09,10:00:00 PM,22:00:00,Hot-Dry,2010-09-09 22:00:00,9
16.10342509,-19.2060201,LA14,2010-09-09,10:20:00 PM,22:20:00,Hot-Dry,2010-09-09 22:20:00,9
16.10399475,-19.20579834,LA14,2010-09-09,10:40:00 PM,22:40:00,Hot-Dry,2010-09-09 22:40:00,9
16.10556234,-19.20741374,LA14,2010-09-09,11:00:00 PM,23:00:00,Hot-Dry,2010-09-09 23:00:00,9
16.10607096,-19.20774943,LA14,2010-09-09,11:20:00 PM,23:20:00,Hot-Dry,2010-09-09 23:20:00,9
16.10626526,-19.20794474,LA14,2010-09-09,11:40:00 PM,23:40:00,Hot-Dry,2010-09-09 23:40:00,9
16.10665995,-19.2082194,LA14,2010-09-10,12:00:00 AM,00:00:00,Hot-Dry,2010-09-10 00:00:00,9
16.10659078,-19.2081665,LA14,2010-09-10,12:20:00 AM,00:20:00,Hot-Dry,2010-09-10 00:20:00,9
16.10661112,-19.20818278,LA14,2010-09-10,12:40:00 AM,00:40:00,Hot-Dry,2010-09-10 00:40:00,9
16.10661418,-19.20819702,LA14,2010-09-10,01:00:00 AM,01:00:00,Hot-Dry,2010-09-10 01:00:00,9
16.10664673,-19.20818278,LA14,2010-09-10,01:20:00 AM,01:20:00,Hot-Dry,2010-09-10 01:20:00,9
16.10655416,-19.20819499,LA14,2010-09-10,01:40:00 AM,01:40:00,Hot-Dry,2010-09-10 01:40:00,9
16.10664876,-19.20817668,LA14,2010-09-10,02:00:00 AM,02:00:00,Hot-Dry,2010-09-10 02:00:00,9
16.10667521,-19.20826213,LA14,2010-09-10,02:20:00 AM,02:20:00,Hot-Dry,2010-09-10 02:20:00,9
16.10663859,-19.20826823,LA14,2010-09-10,02:40:00 AM,02:40:00,Hot-Dry,2010-09-10 02:40:00,9
16.10645549,-19.2087443,LA14,2010-09-10,03:00:00 AM,03:00:00,Hot-Dry,2010-09-10 03:00:00,9
16.10693461,-19.20894775,LA14,2010-09-10,03:20:00 AM,03:20:00,Hot-Dry,2010-09-10 03:20:00,9
16.10729777,-19.20916748,LA14,2010-09-10,03:40:00 AM,03:40:00,Hot-Dry,2010-09-10 03:40:00,9
16.10709941,-19.20925496,LA14,2010-09-10,04:00:00 AM,04:00:00,Hot-Dry,2010-09-10 04:00:00,9
16.10708822,-19.20927124,LA14,2010-09-10,04:20:00 AM,04:20:00,Hot-Dry,2010-09-10 04:20:00,9
16.10703837,-19.20917969,LA14,2010-09-10,04:40:00 AM,04:40:00,Hot-Dry,2010-09-10 04:40:00,9
16.10651245,-19.20952352,LA14,2010-09-10,05:00:00 AM,05:00:00,Hot-Dry,2010-09-10 05:00:00,9
16.10626628,-19.20941772,LA14,2010-09-10,05:20:00 AM,05:20:00,Hot-Dry,2010-09-10 05:20:00,9
16.10660604,-19.20969849,LA14,2010-09-10,05:40:00 AM,05:40:00,Hot-Dry,2010-09-10 05:40:00,9
16.10675456,-19.2097819,LA14,2010-09-10,06:00:00 AM,06:00:00,Hot-Dry,2010-09-10 06:00:00,9
16.10796,-19.20997314,LA14,2010-09-10,06:20:00 AM,06:20:00,Hot-Dry,2010-09-10 06:20:00,9
16.10856934,-19.21028442,LA14,2010-09-10,06:40:00 AM,06:40:00,Hot-Dry,2010-09-10 06:40:00,9
16.10894775,-19.21039429,LA14,2010-09-10,07:00:00 AM,07:00:00,Hot-Dry,2010-09-10 07:00:00,9
16.10924072,-19.21361694,LA14,2010-09-10,07:20:00 AM,07:20:00,Hot-Dry,2010-09-10 07:20:00,9
16.11018677,-19.21789347,LA14,2010-09-10,07:40:00 AM,07:40:00,Hot-Dry,2010-09-10 07:40:00,9
16.1125061,-19.22300008,LA14,2010-09-10,08:00:00 AM,08:00:00,Hot-Dry,2010-09-10 08:00:00,9
16.11515299,-19.22565511,LA14,2010-09-10,08:20:00 AM,08:20:00,Hot-Dry,2010-09-10 08:20:00,9
16.1209554,-19.22811279,LA14,2010-09-10,08:40:00 AM,08:40:00,Hot-Dry,2010-09-10 08:40:00,9
16.12634786,-19.23067017,LA14,2010-09-10,09:00:00 AM,09:00:00,Hot-Dry,2010-09-10 09:00:00,9
16.13131714,-19.23680623,LA14,2010-09-10,09:20:00 AM,09:20:00,Hot-Dry,2010-09-10 09:20:00,9
16.13156637,-19.23871663,LA14,2010-09-10,09:40:00 AM,09:40:00,Hot-Dry,2010-09-10 09:40:00,9
16.13175557,-19.23852336,LA14,2010-09-10,10:00:00 AM,10:00:00,Hot-Dry,2010-09-10 10:00:00,9
16.13197632,-19.23860881,LA14,2010-09-10,10:20:00 AM,10:20:00,Hot-Dry,2010-09-10 10:20:00,9
16.13186442,-19.23881429,LA14,2010-09-10,10:40:00 AM,10:40:00,Hot-Dry,2010-09-10 10:40:00,9
16.13163045,-19.23868408,LA14,2010-09-10,11:00:00 AM,11:00:00,Hot-Dry,2010-09-10 11:00:00,9
16.13158468,-19.23873698,LA14,2010-09-10,11:20:00 AM,11:20:00,Hot-Dry,2010-09-10 11:20:00,9
16.13170776,-19.23847453,LA14,2010-09-10,11:40:00 AM,11:40:00,Hot-Dry,2010-09-10 11:40:00,9
16.13176982,-19.23728231,LA14,2010-09-10,12:00:00 PM,12:00:00,Hot-Dry,2010-09-10 12:00:00,9
16.13189799,-19.23623454,LA14,2010-09-10,12:20:00 PM,12:20:00,Hot-Dry,2010-09-10 12:20:00,9
16.13235779,-19.23604736,LA14,2010-09-10,12:40:00 PM,12:40:00,Hot-Dry,2010-09-10 12:40:00,9
16.13280538,-19.23638509,LA14,2010-09-10,01:00:00 PM,13:00:00,Hot-Dry,2010-09-10 13:00:00,9
16.1315389,-19.23852336,LA14,2010-09-10,01:20:00 PM,13:20:00,Hot-Dry,2010-09-10 13:20:00,9
16.13092041,-19.23820801,LA14,2010-09-10,01:40:00 PM,13:40:00,Hot-Dry,2010-09-10 13:40:00,9
16.12867228,-19.23534342,LA14,2010-09-10,02:00:00 PM,14:00:00,Hot-Dry,2010-09-10 14:00:00,9
16.12851461,-19.23489176,LA14,2010-09-10,02:20:00 PM,14:20:00,Hot-Dry,2010-09-10 14:20:00,9
16.12769572,-19.23426921,LA14,2010-09-10,02:40:00 PM,14:40:00,Hot-Dry,2010-09-10 14:40:00,9
16.12729289,-19.23342082,LA14,2010-09-10,03:00:00 PM,15:00:00,Hot-Dry,2010-09-10 15:00:00,9
16.12651367,-19.2327474,LA14,2010-09-10,03:20:00 PM,15:20:00,Hot-Dry,2010-09-10 15:20:00,9
16.12573039,-19.23216349,LA14,2010-09-10,03:40:00 PM,15:40:00,Hot-Dry,2010-09-10 15:40:00,9
16.12467753,-19.22893677,LA14,2010-09-10,04:00:00 PM,16:00:00,Hot-Dry,2010-09-10 16:00:00,9
16.12264506,-19.22592977,LA14,2010-09-10,04:20:00 PM,16:20:00,Hot-Dry,2010-09-10 16:20:00,9
16.12244364,-19.2259196,LA14,2010-09-10,04:40:00 PM,16:40:00,Hot-Dry,2010-09-10 16:40:00,9
16.12233378,-19.22492676,LA14,2010-09-10,05:00:00 PM,17:00:00,Hot-Dry,2010-09-10 17:00:00,9
16.12162679,-19.22363485,LA14,2010-09-10,05:20:00 PM,17:20:00,Hot-Dry,2010-09-10 17:20:00,9
16.12029826,-19.22262777,LA14,2010-09-10,05:40:00 PM,17:40:00,Hot-Dry,2010-09-10 17:40:00,9
16.11958516,-19.22197266,LA14,2010-09-10,06:00:00 PM,18:00:00,Hot-Dry,2010-09-10 18:00:00,9
16.11938578,-19.22162069,LA14,2010-09-10,06:20:00 PM,18:20:00,Hot-Dry,2010-09-10 18:20:00,9
16.11848551,-19.22017212,LA14,2010-09-10,06:40:00 PM,18:40:00,Hot-Dry,2010-09-10 18:40:00,9
16.11676941,-19.21789551,LA14,2010-09-10,07:00:00 PM,19:00:00,Hot-Dry,2010-09-10 19:00:00,9
16.11604818,-19.21728109,LA14,2010-09-10,07:20:00 PM,19:20:00,Hot-Dry,2010-09-10 19:20:00,9
16.11575928,-19.21524455,LA14,2010-09-10,07:40:00 PM,19:40:00,Hot-Dry,2010-09-10 19:40:00,9
16.11436869,-19.21300863,LA14,2010-09-10,08:00:00 PM,20:00:00,Hot-Dry,2010-09-10 20:00:00,9
16.1124349,-19.21124878,LA14,2010-09-10,08:20:00 PM,20:20:00,Hot-Dry,2010-09-10 20:20:00,9
16.11219482,-19.21068115,LA14,2010-09-10,08:40:00 PM,20:40:00,Hot-Dry,2010-09-10 20:40:00,9
16.11150614,-19.20863037,LA14,2010-09-10,09:00:00 PM,21:00:00,Hot-Dry,2010-09-10 21:00:00,9
16.11155294,-19.20814616,LA14,2010-09-10,09:20:00 PM,21:20:00,Hot-Dry,2010-09-10 21:20:00,9
16.11145732,-19.20742798,LA14,2010-09-10,09:40:00 PM,21:40:00,Hot-Dry,2010-09-10 21:40:00,9
16.11090291,-19.20656535,LA14,2010-09-10,10:00:00 PM,22:00:00,Hot-Dry,2010-09-10 22:00:00,9
16.11042786,-19.20587565,LA14,2010-09-10,10:21:00 PM,22:21:00,Hot-Dry,2010-09-10 22:21:00,9
16.11038717,-19.20580648,LA14,2010-09-10,10:40:00 PM,22:40:00,Hot-Dry,2010-09-10 22:40:00,9
16.11046956,-19.20591431,LA14,2010-09-10,11:00:00 PM,23:00:00,Hot-Dry,2010-09-10 23:00:00,9
16.11044718,-19.20587565,LA14,2010-09-10,11:20:00 PM,23:20:00,Hot-Dry,2010-09-10 23:20:00,9
16.11049194,-19.20582479,LA14,2010-09-10,11:40:00 PM,23:40:00,Hot-Dry,2010-09-10 23:40:00,9
16.11046346,-19.20585124,LA14,2010-09-11,12:00:00 AM,00:00:00,Hot-Dry,2010-09-11 00:00:00,9
16.11084696,-19.20567017,LA14,2010-09-11,12:20:00 AM,00:20:00,Hot-Dry,2010-09-11 00:20:00,9
16.11155802,-19.20509033,LA14,2010-09-11,12:40:00 AM,00:40:00,Hot-Dry,2010-09-11 00:40:00,9
16.11220093,-19.20431519,LA14,2010-09-11,01:00:00 AM,01:00:00,Hot-Dry,2010-09-11 01:00:00,9
16.11384583,-19.20329386,LA14,2010-09-11,01:20:00 AM,01:20:00,Hot-Dry,2010-09-11 01:20:00,9
16.11489766,-19.20298258,LA14,2010-09-11,01:40:00 AM,01:40:00,Hot-Dry,2010-09-11 01:40:00,9
16.11497599,-19.20303548,LA14,2010-09-11,02:00:00 AM,02:00:00,Hot-Dry,2010-09-11 02:00:00,9
16.11497396,-19.20302938,LA14,2010-09-11,02:20:00 AM,02:20:00,Hot-Dry,2010-09-11 02:20:00,9
16.1149587,-19.20310262,LA14,2010-09-11,02:40:00 AM,02:40:00,Hot-Dry,2010-09-11 02:40:00,9
16.11495158,-19.20308634,LA14,2010-09-11,03:00:00 AM,03:00:00,Hot-Dry,2010-09-11 03:00:00,9
16.11492615,-19.20309652,LA14,2010-09-11,03:20:00 AM,03:20:00,Hot-Dry,2010-09-11 03:20:00,9
16.11496379,-19.20306193,LA14,2010-09-11,03:42:00 AM,03:42:00,Hot-Dry,2010-09-11 03:42:00,9
16.11486308,-19.20311076,LA14,2010-09-11,04:00:00 AM,04:00:00,Hot-Dry,2010-09-11 04:00:00,9
16.11488444,-19.2030599,LA14,2010-09-11,04:20:00 AM,04:20:00,Hot-Dry,2010-09-11 04:20:00,9
16.11405334,-19.20379232,LA14,2010-09-11,04:40:00 AM,04:40:00,Hot-Dry,2010-09-11 04:40:00,9
16.11364237,-19.20415446,LA14,2010-09-11,05:00:00 AM,05:00:00,Hot-Dry,2010-09-11 05:00:00,9
16.11277059,-19.20486654,LA14,2010-09-11,05:20:00 AM,05:20:00,Hot-Dry,2010-09-11 05:20:00,9
16.11136169,-19.2047526,LA14,2010-09-11,05:40:00 AM,05:40:00,Hot-Dry,2010-09-11 05:40:00,9
16.10852661,-19.20562337,LA14,2010-09-11,06:00:00 AM,06:00:00,Hot-Dry,2010-09-11 06:00:00,9
16.10428975,-19.20499878,LA14,2010-09-11,06:20:00 AM,06:20:00,Hot-Dry,2010-09-11 06:20:00,9
16.10292867,-19.20573934,LA14,2010-09-11,06:40:00 AM,06:40:00,Hot-Dry,2010-09-11 06:40:00,9
16.10127665,-19.20681356,LA14,2010-09-11,07:00:00 AM,07:00:00,Hot-Dry,2010-09-11 07:00:00,9
16.10079041,-19.2072286,LA14,2010-09-11,07:20:00 AM,07:20:00,Hot-Dry,2010-09-11 07:20:00,9
16.10035909,-19.20786947,LA14,2010-09-11,07:40:00 AM,07:40:00,Hot-Dry,2010-09-11 07:40:00,9
16.09982808,-19.20952555,LA14,2010-09-11,08:00:00 AM,08:00:00,Hot-Dry,2010-09-11 08:00:00,9
16.0998291,-19.20951335,LA14,2010-09-11,08:20:00 AM,08:20:00,Hot-Dry,2010-09-11 08:20:00,9
16.09981283,-19.20951335,LA14,2010-09-11,08:40:00 AM,08:40:00,Hot-Dry,2010-09-11 08:40:00,9
16.09981283,-19.20950724,LA14,2010-09-11,09:00:00 AM,09:00:00,Hot-Dry,2010-09-11 09:00:00,9
16.09982707,-19.20948079,LA14,2010-09-11,09:20:00 AM,09:20:00,Hot-Dry,2010-09-11 09:20:00,9
16.09986471,-19.20953573,LA14,2010-09-11,09:40:00 AM,09:40:00,Hot-Dry,2010-09-11 09:40:00,9
16.09985046,-19.2095459,LA14,2010-09-11,10:00:00 AM,10:00:00,Hot-Dry,2010-09-11 10:00:00,9
16.09914449,-19.2086263,LA14,2010-09-11,10:20:00 AM,10:20:00,Hot-Dry,2010-09-11 10:20:00,9
16.09788615,-19.20824992,LA14,2010-09-11,10:40:00 AM,10:40:00,Hot-Dry,2010-09-11 10:40:00,9
16.09787801,-19.2078064,LA14,2010-09-11,11:00:00 AM,11:00:00,Hot-Dry,2010-09-11 11:00:00,9
16.09790243,-19.20778402,LA14,2010-09-11,11:20:00 AM,11:20:00,Hot-Dry,2010-09-11 11:20:00,9
16.0979187,-19.20776367,LA14,2010-09-11,11:40:00 AM,11:40:00,Hot-Dry,2010-09-11 11:40:00,9
16.09782511,-19.2078654,LA14,2010-09-11,12:00:00 PM,12:00:00,Hot-Dry,2010-09-11 12:00:00,9
16.09781189,-19.20786133,LA14,2010-09-11,12:20:00 PM,12:20:00,Hot-Dry,2010-09-11 12:20:00,9
16.09783834,-19.20784505,LA14,2010-09-11,12:40:00 PM,12:40:00,Hot-Dry,2010-09-11 12:40:00,9
16.09780579,-19.20785319,LA14,2010-09-11,01:00:00 PM,13:00:00,Hot-Dry,2010-09-11 13:00:00,9
16.09613851,-19.20752157,LA14,2010-09-11,01:20:00 PM,13:20:00,Hot-Dry,2010-09-11 13:20:00,9
16.09472758,-19.2075887,LA14,2010-09-11,01:40:00 PM,13:40:00,Hot-Dry,2010-09-11 13:40:00,9
16.09478455,-19.20742188,LA14,2010-09-11,02:00:00 PM,14:00:00,Hot-Dry,2010-09-11 14:00:00,9
16.09478658,-19.20741781,LA14,2010-09-11,02:20:00 PM,14:20:00,Hot-Dry,2010-09-11 14:20:00,9
16.0947937,-19.20742798,LA14,2010-09-11,02:40:00 PM,14:40:00,Hot-Dry,2010-09-11 14:40:00,9
16.09405721,-19.20727539,LA14,2010-09-11,03:00:00 PM,15:00:00,Hot-Dry,2010-09-11 15:00:00,9
16.09162699,-19.20739339,LA14,2010-09-11,03:20:00 PM,15:20:00,Hot-Dry,2010-09-11 15:20:00,9
16.08784587,-19.20798543,LA14,2010-09-11,03:40:00 PM,15:40:00,Hot-Dry,2010-09-11 15:40:00,9
16.08445231,-19.20920614,LA14,2010-09-11,04:00:00 PM,16:00:00,Hot-Dry,2010-09-11 16:00:00,9
16.08044637,-19.21086833,LA14,2010-09-11,04:20:00 PM,16:20:00,Hot-Dry,2010-09-11 16:20:00,9
16.07831421,-19.2116394,LA14,2010-09-11,04:40:00 PM,16:40:00,Hot-Dry,2010-09-11 16:40:00,9
16.07340902,-19.21206258,LA14,2010-09-11,05:00:00 PM,17:00:00,Hot-Dry,2010-09-11 17:00:00,9
16.06766764,-19.21115926,LA14,2010-09-11,05:20:00 PM,17:20:00,Hot-Dry,2010-09-11 17:20:00,9
16.05990702,-19.21247762,LA14,2010-09-11,05:40:00 PM,17:40:00,Hot-Dry,2010-09-11 17:40:00,9
16.0586497,-19.21325277,LA14,2010-09-11,06:00:00 PM,18:00:00,Hot-Dry,2010-09-11 18:00:00,9
16.05965474,-19.21115723,LA14,2010-09-11,06:20:00 PM,18:20:00,Hot-Dry,2010-09-11 18:20:00,9
16.06058858,-19.20668132,LA14,2010-09-11,06:40:00 PM,18:40:00,Hot-Dry,2010-09-11 18:40:00,9
16.05951233,-19.20280965,LA14,2010-09-11,07:00:00 PM,19:00:00,Hot-Dry,2010-09-11 19:00:00,9
16.05901388,-19.1995992,LA14,2010-09-11,07:20:00 PM,19:20:00,Hot-Dry,2010-09-11 19:20:00,9
16.05873617,-19.19504395,LA14,2010-09-11,07:40:00 PM,19:40:00,Hot-Dry,2010-09-11 19:40:00,9
16.05877991,-19.19068807,LA14,2010-09-11,08:00:00 PM,20:00:00,Hot-Dry,2010-09-11 20:00:00,9
16.05893046,-19.19028727,LA14,2010-09-11,08:20:00 PM,20:20:00,Hot-Dry,2010-09-11 20:20:00,9
16.05982564,-19.18846436,LA14,2010-09-11,08:40:00 PM,20:40:00,Hot-Dry,2010-09-11 20:40:00,9
16.06206767,-19.18457845,LA14,2010-09-11,09:00:00 PM,21:00:00,Hot-Dry,2010-09-11 21:00:00,9
16.06504517,-19.18040568,LA14,2010-09-11,09:20:00 PM,21:20:00,Hot-Dry,2010-09-11 21:20:00,9
16.0683726,-19.17721151,LA14,2010-09-11,09:40:00 PM,21:40:00,Hot-Dry,2010-09-11 21:40:00,9
16.07204081,-19.17439575,LA14,2010-09-11,10:00:00 PM,22:00:00,Hot-Dry,2010-09-11 22:00:00,9
16.07433777,-19.17211304,LA14,2010-09-11,10:20:00 PM,22:20:00,Hot-Dry,2010-09-11 22:20:00,9
16.07538249,-19.16986491,LA14,2010-09-11,10:40:00 PM,22:40:00,Hot-Dry,2010-09-11 22:40:00,9
16.0807251,-19.16474406,LA14,2010-09-11,11:00:00 PM,23:00:00,Hot-Dry,2010-09-11 23:00:00,9
16.08408712,-19.16055298,LA14,2010-09-11,11:20:00 PM,23:20:00,Hot-Dry,2010-09-11 23:20:00,9
16.08709513,-19.15552368,LA14,2010-09-11,11:40:00 PM,23:40:00,Hot-Dry,2010-09-11 23:40:00,9
16.0881012,-19.15311279,LA14,2010-09-12,12:00:00 AM,00:00:00,Hot-Dry,2010-09-12 00:00:00,9
16.08919881,-19.15237427,LA14,2010-09-12,12:20:00 AM,00:20:00,Hot-Dry,2010-09-12 00:20:00,9
16.08953552,-19.1521403,LA14,2010-09-12,12:40:00 AM,00:40:00,Hot-Dry,2010-09-12 00:40:00,9
16.09049683,-19.15212199,LA14,2010-09-12,01:00:00 AM,01:00:00,Hot-Dry,2010-09-12 01:00:00,9
16.0908549,-19.15201823,LA14,2010-09-12,01:20:00 AM,01:20:00,Hot-Dry,2010-09-12 01:20:00,9
16.0918101,-19.15247803,LA14,2010-09-12,01:40:00 AM,01:40:00,Hot-Dry,2010-09-12 01:40:00,9
16.09184062,-19.15242513,LA14,2010-09-12,02:00:00 AM,02:00:00,Hot-Dry,2010-09-12 02:00:00,9
16.09182841,-19.15255127,LA14,2010-09-12,02:20:00 AM,02:20:00,Hot-Dry,2010-09-12 02:20:00,9
16.09183146,-19.15246582,LA14,2010-09-12,02:40:00 AM,02:40:00,Hot-Dry,2010-09-12 02:40:00,9
16.09179993,-19.15252075,LA14,2010-09-12,03:00:00 AM,03:00:00,Hot-Dry,2010-09-12 03:00:00,9
16.09180705,-19.15247803,LA14,2010-09-12,03:20:00 AM,03:20:00,Hot-Dry,2010-09-12 03:20:00,9
16.091804,-19.15249634,LA14,2010-09-12,03:40:00 AM,03:40:00,Hot-Dry,2010-09-12 03:40:00,9
16.09175415,-19.15252075,LA14,2010-09-12,04:00:00 AM,04:00:00,Hot-Dry,2010-09-12 04:00:00,9
16.09285177,-19.15308431,LA14,2010-09-12,04:20:00 AM,04:20:00,Hot-Dry,2010-09-12 04:20:00,9
16.09351807,-19.15280558,LA14,2010-09-12,04:40:00 AM,04:40:00,Hot-Dry,2010-09-12 04:40:00,9
16.09478861,-19.15154012,LA14,2010-09-12,05:00:00 AM,05:00:00,Hot-Dry,2010-09-12 05:00:00,9
16.09482422,-19.14695231,LA14,2010-09-12,05:20:00 AM,05:20:00,Hot-Dry,2010-09-12 05:20:00,9
16.09363708,-19.14424235,LA14,2010-09-12,05:40:00 AM,05:40:00,Hot-Dry,2010-09-12 05:40:00,9
16.09302572,-19.14208577,LA14,2010-09-12,06:00:00 AM,06:00:00,Hot-Dry,2010-09-12 06:00:00,9
16.0924825,-19.14055176,LA14,2010-09-12,06:20:00 AM,06:20:00,Hot-Dry,2010-09-12 06:20:00,9
16.09246623,-19.13960571,LA14,2010-09-12,06:40:00 AM,06:40:00,Hot-Dry,2010-09-12 06:40:00,9
16.09261373,-19.13926392,LA14,2010-09-12,07:00:00 AM,07:00:00,Hot-Dry,2010-09-12 07:00:00,9
16.09443563,-19.1368693,LA14,2010-09-12,07:20:00 AM,07:20:00,Hot-Dry,2010-09-12 07:20:00,9
16.09559631,-19.13207804,LA14,2010-09-12,07:40:00 AM,07:40:00,Hot-Dry,2010-09-12 07:40:00,9
16.09537048,-19.13099772,LA14,2010-09-12,08:00:00 AM,08:00:00,Hot-Dry,2010-09-12 08:00:00,9
16.09612325,-19.1288798,LA14,2010-09-12,08:20:00 AM,08:20:00,Hot-Dry,2010-09-12 08:20:00,9
16.09676921,-19.12856445,LA14,2010-09-12,08:40:00 AM,08:40:00,Hot-Dry,2010-09-12 08:40:00,9
16.0981191,-19.12855225,LA14,2010-09-12,09:00:00 AM,09:00:00,Hot-Dry,2010-09-12 09:00:00,9
16.09812826,-19.12856445,LA14,2010-09-12,09:20:00 AM,09:20:00,Hot-Dry,2010-09-12 09:20:00,9
16.09814351,-19.12851969,LA14,2010-09-12,09:40:00 AM,09:40:00,Hot-Dry,2010-09-12 09:40:00,9
16.09812215,-19.12855632,LA14,2010-09-12,10:00:00 AM,10:00:00,Hot-Dry,2010-09-12 10:00:00,9
16.09813232,-19.12857056,LA14,2010-09-12,10:20:00 AM,10:20:00,Hot-Dry,2010-09-12 10:20:00,9
16.09817403,-19.12857056,LA14,2010-09-12,10:40:00 AM,10:40:00,Hot-Dry,2010-09-12 10:40:00,9
16.09818217,-19.12853394,LA14,2010-09-12,11:00:00 AM,11:00:00,Hot-Dry,2010-09-12 11:00:00,9
16.09814148,-19.12855835,LA14,2010-09-12,11:20:00 AM,11:20:00,Hot-Dry,2010-09-12 11:20:00,9
16.09813639,-19.12854614,LA14,2010-09-12,11:40:00 AM,11:40:00,Hot-Dry,2010-09-12 11:40:00,9
16.098113,-19.12830404,LA14,2010-09-12,12:00:00 PM,12:00:00,Hot-Dry,2010-09-12 12:00:00,9
16.0981486,-19.12854614,LA14,2010-09-12,12:20:00 PM,12:20:00,Hot-Dry,2010-09-12 12:20:00,9
16.09813232,-19.12854818,LA14,2010-09-12,12:40:00 PM,12:40:00,Hot-Dry,2010-09-12 12:40:00,9
16.09815674,-19.12854411,LA14,2010-09-12,01:00:00 PM,13:00:00,Hot-Dry,2010-09-12 13:00:00,9
16.09815165,-19.12854411,LA14,2010-09-12,01:20:00 PM,13:20:00,Hot-Dry,2010-09-12 13:20:00,9
16.09815674,-19.12854207,LA14,2010-09-12,01:40:00 PM,13:40:00,Hot-Dry,2010-09-12 13:40:00,9
16.09815063,-19.1285319,LA14,2010-09-12,02:00:00 PM,14:00:00,Hot-Dry,2010-09-12 14:00:00,9
16.09678446,-19.12855021,LA14,2010-09-12,02:20:00 PM,14:20:00,Hot-Dry,2010-09-12 14:20:00,9
16.09654134,-19.12856038,LA14,2010-09-12,02:40:00 PM,14:40:00,Hot-Dry,2010-09-12 14:40:00,9
16.09421082,-19.12750041,LA14,2010-09-12,03:00:00 PM,15:00:00,Hot-Dry,2010-09-12 15:00:00,9
16.09229431,-19.12713623,LA14,2010-09-12,03:20:00 PM,15:20:00,Hot-Dry,2010-09-12 15:20:00,9
16.09002686,-19.12668864,LA14,2010-09-12,03:40:00 PM,15:40:00,Hot-Dry,2010-09-12 15:40:00,9
16.08851827,-19.12729899,LA14,2010-09-12,04:00:00 PM,16:00:00,Hot-Dry,2010-09-12 16:00:00,9
16.08805745,-19.12722982,LA14,2010-09-12,04:20:00 PM,16:20:00,Hot-Dry,2010-09-12 16:20:00,9
16.08697103,-19.12758382,LA14,2010-09-12,04:40:00 PM,16:40:00,Hot-Dry,2010-09-12 16:40:00,9
16.08717346,-19.12982178,LA14,2010-09-12,05:00:00 PM,17:00:00,Hot-Dry,2010-09-12 17:00:00,9
16.09048055,-19.1288269,LA14,2010-09-12,05:20:00 PM,17:20:00,Hot-Dry,2010-09-12 17:20:00,9
16.09405721,-19.12743734,LA14,2010-09-12,05:40:00 PM,17:40:00,Hot-Dry,2010-09-12 17:40:00,9
16.09553935,-19.12611694,LA14,2010-09-12,06:00:00 PM,18:00:00,Hot-Dry,2010-09-12 18:00:00,9
16.09670308,-19.12567749,LA14,2010-09-12,06:20:00 PM,18:20:00,Hot-Dry,2010-09-12 18:20:00,9
16.09714661,-19.12302043,LA14,2010-09-12,06:40:00 PM,18:40:00,Hot-Dry,2010-09-12 18:40:00,9
16.09585063,-19.12026367,LA14,2010-09-12,07:00:00 PM,19:00:00,Hot-Dry,2010-09-12 19:00:00,9
16.09977824,-19.11520182,LA14,2010-09-12,07:20:00 PM,19:20:00,Hot-Dry,2010-09-12 19:20:00,9
16.10149434,-19.11252441,LA14,2010-09-12,07:40:00 PM,19:40:00,Hot-Dry,2010-09-12 19:40:00,9
16.10036418,-19.11106364,LA14,2010-09-12,08:00:00 PM,20:00:00,Hot-Dry,2010-09-12 20:00:00,9
16.09968058,-19.10808512,LA14,2010-09-12,08:20:00 PM,20:20:00,Hot-Dry,2010-09-12 20:20:00,9
16.0991038,-19.10794271,LA14,2010-09-12,08:40:00 PM,20:40:00,Hot-Dry,2010-09-12 20:40:00,9
16.09868368,-19.10830892,LA14,2010-09-12,09:00:00 PM,21:00:00,Hot-Dry,2010-09-12 21:00:00,9
16.09755656,-19.10885213,LA14,2010-09-12,09:20:00 PM,21:20:00,Hot-Dry,2010-09-12 21:20:00,9
16.09749349,-19.10892944,LA14,2010-09-12,09:40:00 PM,21:40:00,Hot-Dry,2010-09-12 21:40:00,9
16.09755147,-19.10900472,LA14,2010-09-12,10:00:00 PM,22:00:00,Hot-Dry,2010-09-12 22:00:00,9
16.09756571,-19.10899862,LA14,2010-09-12,10:20:00 PM,22:20:00,Hot-Dry,2010-09-12 22:20:00,9
16.09711304,-19.10910441,LA14,2010-09-12,10:40:00 PM,22:40:00,Hot-Dry,2010-09-12 22:40:00,9
16.09692586,-19.10942993,LA14,2010-09-12,11:00:00 PM,23:00:00,Hot-Dry,2010-09-12 23:00:00,9
16.09694621,-19.10943604,LA14,2010-09-12,11:20:00 PM,23:20:00,Hot-Dry,2010-09-12 23:20:00,9
16.09694316,-19.10945435,LA14,2010-09-12,11:40:00 PM,23:40:00,Hot-Dry,2010-09-12 23:40:00,9
16.09694519,-19.10943197,LA14,2010-09-13,12:00:00 AM,00:00:00,Hot-Dry,2010-09-13 00:00:00,9
16.09695841,-19.10944214,LA14,2010-09-13,12:20:00 AM,00:20:00,Hot-Dry,2010-09-13 00:20:00,9
16.09695536,-19.10940959,LA14,2010-09-13,12:40:00 AM,00:40:00,Hot-Dry,2010-09-13 00:40:00,9
16.09689636,-19.109434,LA14,2010-09-13,01:00:00 AM,01:00:00,Hot-Dry,2010-09-13 01:00:00,9
16.09692993,-19.10942179,LA14,2010-09-13,01:20:00 AM,01:20:00,Hot-Dry,2010-09-13 01:20:00,9
16.09679159,-19.11080322,LA14,2010-09-13,01:40:00 AM,01:40:00,Hot-Dry,2010-09-13 01:40:00,9
16.09566142,-19.11444092,LA14,2010-09-13,02:00:00 AM,02:00:00,Hot-Dry,2010-09-13 02:00:00,9
16.09363607,-19.1168925,LA14,2010-09-13,02:20:00 AM,02:20:00,Hot-Dry,2010-09-13 02:20:00,9
16.09136861,-19.12197266,LA14,2010-09-13,02:40:00 AM,02:40:00,Hot-Dry,2010-09-13 02:40:00,9
16.08799032,-19.1261617,LA14,2010-09-13,03:00:00 AM,03:00:00,Hot-Dry,2010-09-13 03:00:00,9
16.08598735,-19.12811279,LA14,2010-09-13,03:20:00 AM,03:20:00,Hot-Dry,2010-09-13 03:20:00,9
16.08375448,-19.13284912,LA14,2010-09-13,03:40:00 AM,03:40:00,Hot-Dry,2010-09-13 03:40:00,9
16.08234762,-19.13803507,LA14,2010-09-13,04:00:00 AM,04:00:00,Hot-Dry,2010-09-13 04:00:00,9
16.08160706,-19.1407369,LA14,2010-09-13,04:20:00 AM,04:20:00,Hot-Dry,2010-09-13 04:20:00,9
16.08149007,-19.14306641,LA14,2010-09-13,04:40:00 AM,04:40:00,Hot-Dry,2010-09-13 04:40:00,9
16.08135681,-19.14529419,LA14,2010-09-13,05:00:00 AM,05:00:00,Hot-Dry,2010-09-13 05:00:00,9
16.08080851,-19.14712931,LA14,2010-09-13,05:20:00 AM,05:20:00,Hot-Dry,2010-09-13 05:20:00,9
16.0795695,-19.1505839,LA14,2010-09-13,05:40:00 AM,05:40:00,Hot-Dry,2010-09-13 05:40:00,9
16.08245341,-19.15550334,LA14,2010-09-13,06:00:00 AM,06:00:00,Hot-Dry,2010-09-13 06:00:00,9
16.08426208,-19.16026001,LA14,2010-09-13,06:20:00 AM,06:20:00,Hot-Dry,2010-09-13 06:20:00,9
16.08256734,-19.16619873,LA14,2010-09-13,06:40:00 AM,06:40:00,Hot-Dry,2010-09-13 06:40:00,9
16.08072611,-19.17215169,LA14,2010-09-13,07:00:00 AM,07:00:00,Hot-Dry,2010-09-13 07:00:00,9
16.07967122,-19.17561239,LA14,2010-09-13,07:20:00 AM,07:20:00,Hot-Dry,2010-09-13 07:20:00,9
16.07951558,-19.18260905,LA14,2010-09-13,07:40:00 AM,07:40:00,Hot-Dry,2010-09-13 07:40:00,9
16.07810771,-19.18435059,LA14,2010-09-13,08:00:00 AM,08:00:00,Hot-Dry,2010-09-13 08:00:00,9
16.07795207,-19.18448079,LA14,2010-09-13,08:20:00 AM,08:20:00,Hot-Dry,2010-09-13 08:20:00,9
16.07551982,-19.18867391,LA14,2010-09-13,08:40:00 AM,08:40:00,Hot-Dry,2010-09-13 08:40:00,9
16.07302246,-19.1955424,LA14,2010-09-13,09:00:00 AM,09:00:00,Hot-Dry,2010-09-13 09:00:00,9
16.07177836,-19.19974976,LA14,2010-09-13,09:20:00 AM,09:20:00,Hot-Dry,2010-09-13 09:20:00,9
16.07142029,-19.20038045,LA14,2010-09-13,09:40:00 AM,09:40:00,Hot-Dry,2010-09-13 09:40:00,9
16.07133179,-19.20082804,LA14,2010-09-13,10:00:00 AM,10:00:00,Hot-Dry,2010-09-13 10:00:00,9
16.0732666,-19.20512492,LA14,2010-09-13,10:20:00 AM,10:20:00,Hot-Dry,2010-09-13 10:20:00,9
16.07065837,-19.20945028,LA14,2010-09-13,10:40:00 AM,10:40:00,Hot-Dry,2010-09-13 10:40:00,9
16.06279907,-19.21069336,LA14,2010-09-13,11:00:00 AM,11:00:00,Hot-Dry,2010-09-13 11:00:00,9
16.05866089,-19.21333822,LA14,2010-09-13,11:20:00 AM,11:20:00,Hot-Dry,2010-09-13 11:20:00,9
16.05870972,-19.21319784,LA14,2010-09-13,11:40:00 AM,11:40:00,Hot-Dry,2010-09-13 11:40:00,9
16.05710754,-19.20999756,LA14,2010-09-13,12:00:00 PM,12:00:00,Hot-Dry,2010-09-13 12:00:00,9
16.05761617,-19.20834961,LA14,2010-09-13,12:20:00 PM,12:20:00,Hot-Dry,2010-09-13 12:20:00,9
16.05766602,-19.20807088,LA14,2010-09-13,12:40:00 PM,12:40:00,Hot-Dry,2010-09-13 12:40:00,9
16.05850932,-19.20872396,LA14,2010-09-13,01:00:00 PM,13:00:00,Hot-Dry,2010-09-13 13:00:00,9
16.0585612,-19.20873413,LA14,2010-09-13,01:20:00 PM,13:20:00,Hot-Dry,2010-09-13 13:20:00,9
16.05859884,-19.20906372,LA14,2010-09-13,01:40:00 PM,13:40:00,Hot-Dry,2010-09-13 13:40:00,9
16.0585144,-19.20906169,LA14,2010-09-13,02:00:00 PM,14:00:00,Hot-Dry,2010-09-13 14:00:00,9
16.05804749,-19.20958455,LA14,2010-09-13,02:20:00 PM,14:20:00,Hot-Dry,2010-09-13 14:20:00,9
16.05863037,-19.2130249,LA14,2010-09-13,02:40:00 PM,14:40:00,Hot-Dry,2010-09-13 14:40:00,9
16.05488485,-19.20722046,LA14,2010-09-13,03:01:00 PM,15:01:00,Hot-Dry,2010-09-13 15:01:00,9
16.04998169,-19.20361938,LA14,2010-09-13,03:20:00 PM,15:20:00,Hot-Dry,2010-09-13 15:20:00,9
16.04109802,-19.20046183,LA14,2010-09-13,03:40:00 PM,15:40:00,Hot-Dry,2010-09-13 15:40:00,9
16.02999471,-19.20128784,LA14,2010-09-13,04:00:00 PM,16:00:00,Hot-Dry,2010-09-13 16:00:00,9
16.02175496,-19.20507202,LA14,2010-09-13,04:20:00 PM,16:20:00,Hot-Dry,2010-09-13 16:20:00,9
16.01946818,-19.2071818,LA14,2010-09-13,04:40:00 PM,16:40:00,Hot-Dry,2010-09-13 16:40:00,9
16.01720988,-19.20953979,LA14,2010-09-13,05:00:00 PM,17:00:00,Hot-Dry,2010-09-13 17:00:00,9
16.01621501,-19.21031291,LA14,2010-09-13,05:20:00 PM,17:20:00,Hot-Dry,2010-09-13 17:20:00,9
16.01593323,-19.21058757,LA14,2010-09-13,05:40:00 PM,17:40:00,Hot-Dry,2010-09-13 17:40:00,9
16.01505941,-19.21144002,LA14,2010-09-13,06:00:00 PM,18:00:00,Hot-Dry,2010-09-13 18:00:00,9
16.01398722,-19.21148885,LA14,2010-09-13,06:20:00 PM,18:20:00,Hot-Dry,2010-09-13 18:20:00,9
16.01264852,-19.21138509,LA14,2010-09-13,06:40:00 PM,18:40:00,Hot-Dry,2010-09-13 18:40:00,9
16.01206767,-19.21127523,LA14,2010-09-13,07:00:00 PM,19:00:00,Hot-Dry,2010-09-13 19:00:00,9
16.01188049,-19.21125895,LA14,2010-09-13,07:20:00 PM,19:20:00,Hot-Dry,2010-09-13 19:20:00,9
16.01167603,-19.21135457,LA14,2010-09-13,07:40:00 PM,19:40:00,Hot-Dry,2010-09-13 19:40:00,9
16.01115112,-19.21066081,LA14,2010-09-13,08:00:00 PM,20:00:00,Hot-Dry,2010-09-13 20:00:00,9
16.01099752,-19.21045532,LA14,2010-09-13,08:20:00 PM,20:20:00,Hot-Dry,2010-09-13 20:20:00,9
16.01079203,-19.21043294,LA14,2010-09-13,08:40:00 PM,20:40:00,Hot-Dry,2010-09-13 20:40:00,9
16.01052246,-19.21071777,LA14,2010-09-13,09:00:00 PM,21:00:00,Hot-Dry,2010-09-13 21:00:00,9
16.00981649,-19.21072184,LA14,2010-09-13,09:20:00 PM,21:20:00,Hot-Dry,2010-09-13 21:20:00,9
16.00915222,-19.21084391,LA14,2010-09-13,09:40:00 PM,21:40:00,Hot-Dry,2010-09-13 21:40:00,9
16.00890299,-19.2109965,LA14,2010-09-13,10:00:00 PM,22:00:00,Hot-Dry,2010-09-13 22:00:00,9
16.00834757,-19.21063639,LA14,2010-09-13,10:20:00 PM,22:20:00,Hot-Dry,2010-09-13 22:20:00,9
16.00833028,-19.2105896,LA14,2010-09-13,10:40:00 PM,22:40:00,Hot-Dry,2010-09-13 22:40:00,9
16.00831604,-19.21009928,LA14,2010-09-13,11:00:00 PM,23:00:00,Hot-Dry,2010-09-13 23:00:00,9
16.00815837,-19.21010742,LA14,2010-09-13,11:20:00 PM,23:20:00,Hot-Dry,2010-09-13 23:20:00,9
16.00813802,-19.2101237,LA14,2010-09-13,11:40:00 PM,23:40:00,Hot-Dry,2010-09-13 23:40:00,9
16.00824687,-19.20971273,LA14,2010-09-14,12:00:00 AM,00:00:00,Hot-Dry,2010-09-14 00:00:00,9
16.00809631,-19.20997314,LA14,2010-09-14,12:20:00 AM,00:20:00,Hot-Dry,2010-09-14 00:20:00,9
16.00809326,-19.2100118,LA14,2010-09-14,12:40:00 AM,00:40:00,Hot-Dry,2010-09-14 00:40:00,9
16.00825806,-19.21023763,LA14,2010-09-14,01:00:00 AM,01:00:00,Hot-Dry,2010-09-14 01:00:00,9
16.00825806,-19.21020915,LA14,2010-09-14,01:20:00 AM,01:20:00,Hot-Dry,2010-09-14 01:20:00,9
16.00825907,-19.21020304,LA14,2010-09-14,01:40:00 AM,01:40:00,Hot-Dry,2010-09-14 01:40:00,9
16.00836182,-19.21019287,LA14,2010-09-14,02:00:00 AM,02:00:00,Hot-Dry,2010-09-14 02:00:00,9
16.00838318,-19.21022949,LA14,2010-09-14,02:20:00 AM,02:20:00,Hot-Dry,2010-09-14 02:20:00,9
16.00837809,-19.21021932,LA14,2010-09-14,02:40:00 AM,02:40:00,Hot-Dry,2010-09-14 02:40:00,9
16.00836589,-19.21023966,LA14,2010-09-14,03:00:00 AM,03:00:00,Hot-Dry,2010-09-14 03:00:00,9
16.00836894,-19.21018473,LA14,2010-09-14,03:20:00 AM,03:20:00,Hot-Dry,2010-09-14 03:20:00,9
16.00843608,-19.21011963,LA14,2010-09-14,03:40:00 AM,03:40:00,Hot-Dry,2010-09-14 03:40:00,9
16.00848897,-19.21006266,LA14,2010-09-14,04:00:00 AM,04:00:00,Hot-Dry,2010-09-14 04:00:00,9
16.00861511,-19.21009115,LA14,2010-09-14,04:20:00 AM,04:20:00,Hot-Dry,2010-09-14 04:20:00,9
16.00863953,-19.20966593,LA14,2010-09-14,04:40:00 AM,04:40:00,Hot-Dry,2010-09-14 04:40:00,9
16.00835164,-19.20837606,LA14,2010-09-14,05:00:00 AM,05:00:00,Hot-Dry,2010-09-14 05:00:00,9
16.00711466,-19.20656942,LA14,2010-09-14,05:20:00 AM,05:20:00,Hot-Dry,2010-09-14 05:20:00,9
16.00261027,-19.20276082,LA14,2010-09-14,05:40:00 AM,05:40:00,Hot-Dry,2010-09-14 05:40:00,9
16.00097249,-19.20178426,LA14,2010-09-14,06:00:00 AM,06:00:00,Hot-Dry,2010-09-14 06:00:00,9
16.00097758,-19.20179443,LA14,2010-09-14,06:20:00 AM,06:20:00,Hot-Dry,2010-09-14 06:20:00,9
16.0009786,-19.20181478,LA14,2010-09-14,06:40:00 AM,06:40:00,Hot-Dry,2010-09-14 06:40:00,9
15.99842224,-19.19747314,LA14,2010-09-14,07:00:00 AM,07:00:00,Hot-Dry,2010-09-14 07:00:00,9
15.99587911,-19.19320882,LA14,2010-09-14,07:20:00 AM,07:20:00,Hot-Dry,2010-09-14 07:20:00,9
15.99472453,-19.19189453,LA14,2010-09-14,07:40:00 AM,07:40:00,Hot-Dry,2010-09-14 07:40:00,9
15.99421285,-19.18915812,LA14,2010-09-14,08:00:00 AM,08:00:00,Hot-Dry,2010-09-14 08:00:00,9
15.99368083,-19.18817139,LA14,2010-09-14,08:20:00 AM,08:20:00,Hot-Dry,2010-09-14 08:20:00,9
15.99222107,-19.18569336,LA14,2010-09-14,08:40:00 AM,08:40:00,Hot-Dry,2010-09-14 08:40:00,9
15.99212138,-19.18414714,LA14,2010-09-14,09:00:00 AM,09:00:00,Hot-Dry,2010-09-14 09:00:00,9
15.99179179,-19.18208618,LA14,2010-09-14,09:21:00 AM,09:21:00,Hot-Dry,2010-09-14 09:21:00,9
15.99288025,-19.17757568,LA14,2010-09-14,09:40:00 AM,09:40:00,Hot-Dry,2010-09-14 09:40:00,9
15.99323629,-19.17174479,LA14,2010-09-14,10:00:00 AM,10:00:00,Hot-Dry,2010-09-14 10:00:00,9
15.99617818,-19.16313883,LA14,2010-09-14,10:20:00 AM,10:20:00,Hot-Dry,2010-09-14 10:20:00,9
15.99341634,-19.16441243,LA14,2010-09-14,10:40:00 AM,10:40:00,Hot-Dry,2010-09-14 10:40:00,9
15.99167786,-19.16513672,LA14,2010-09-14,11:00:00 AM,11:00:00,Hot-Dry,2010-09-14 11:00:00,9
15.99155172,-19.16521606,LA14,2010-09-14,11:20:00 AM,11:20:00,Hot-Dry,2010-09-14 11:20:00,9
15.99155986,-19.16520793,LA14,2010-09-14,11:40:00 AM,11:40:00,Hot-Dry,2010-09-14 11:40:00,9
15.99178467,-19.16507365,LA14,2010-09-14,12:00:00 PM,12:00:00,Hot-Dry,2010-09-14 12:00:00,9
15.99448039,-19.16396281,LA14,2010-09-14,12:20:00 PM,12:20:00,Hot-Dry,2010-09-14 12:20:00,9
15.99595642,-19.16310832,LA14,2010-09-14,12:40:00 PM,12:40:00,Hot-Dry,2010-09-14 12:40:00,9
15.99420064,-19.1641744,LA14,2010-09-14,01:00:00 PM,13:00:00,Hot-Dry,2010-09-14 13:00:00,9
15.99474589,-19.16384074,LA14,2010-09-14,01:20:00 PM,13:20:00,Hot-Dry,2010-09-14 13:20:00,9
15.99546204,-19.16352539,LA14,2010-09-14,01:40:00 PM,13:40:00,Hot-Dry,2010-09-14 13:40:00,9
15.99341532,-19.16567179,LA14,2010-09-14,02:00:00 PM,14:00:00,Hot-Dry,2010-09-14 14:00:00,9
15.99036967,-19.16739909,LA14,2010-09-14,02:20:00 PM,14:20:00,Hot-Dry,2010-09-14 14:20:00,9
15.9881012,-19.16923421,LA14,2010-09-14,02:40:00 PM,14:40:00,Hot-Dry,2010-09-14 14:40:00,9
15.98711344,-19.16989543,LA14,2010-09-14,03:00:00 PM,15:00:00,Hot-Dry,2010-09-14 15:00:00,9
15.98665059,-19.17048747,LA14,2010-09-14,03:20:00 PM,15:20:00,Hot-Dry,2010-09-14 15:20:00,9
15.98569336,-19.17149658,LA14,2010-09-14,03:40:00 PM,15:40:00,Hot-Dry,2010-09-14 15:40:00,9
15.98358866,-19.1736613,LA14,2010-09-14,04:00:00 PM,16:00:00,Hot-Dry,2010-09-14 16:00:00,9
15.98241781,-19.17459717,LA14,2010-09-14,04:20:00 PM,16:20:00,Hot-Dry,2010-09-14 16:20:00,9
15.97718608,-19.17870687,LA14,2010-09-14,04:40:00 PM,16:40:00,Hot-Dry,2010-09-14 16:40:00,9
15.97277934,-19.18052775,LA14,2010-09-14,05:00:00 PM,17:00:00,Hot-Dry,2010-09-14 17:00:00,9
15.96575928,-19.18234049,LA14,2010-09-14,05:20:00 PM,17:20:00,Hot-Dry,2010-09-14 17:20:00,9
15.96510315,-19.18266602,LA14,2010-09-14,05:40:00 PM,17:40:00,Hot-Dry,2010-09-14 17:40:00,9
15.96349996,-19.18305257,LA14,2010-09-14,06:00:00 PM,18:00:00,Hot-Dry,2010-09-14 18:00:00,9
15.96011149,-19.18387858,LA14,2010-09-14,06:20:00 PM,18:20:00,Hot-Dry,2010-09-14 18:20:00,9
15.95911865,-19.18435465,LA14,2010-09-14,06:40:00 PM,18:40:00,Hot-Dry,2010-09-14 18:40:00,9
15.9586731,-19.18464152,LA14,2010-09-14,07:00:00 PM,19:00:00,Hot-Dry,2010-09-14 19:00:00,9
15.95750732,-19.18482463,LA14,2010-09-14,07:20:00 PM,19:20:00,Hot-Dry,2010-09-14 19:20:00,9
15.95680847,-19.18515828,LA14,2010-09-14,07:40:00 PM,19:40:00,Hot-Dry,2010-09-14 19:40:00,9
15.95557556,-19.18472087,LA14,2010-09-14,08:00:00 PM,20:00:00,Hot-Dry,2010-09-14 20:00:00,9
15.95485229,-19.1848938,LA14,2010-09-14,08:20:00 PM,20:20:00,Hot-Dry,2010-09-14 20:20:00,9
15.95168966,-19.18385824,LA14,2010-09-14,08:40:00 PM,20:40:00,Hot-Dry,2010-09-14 20:40:00,9
15.94650879,-19.18441569,LA14,2010-09-14,09:00:00 PM,21:00:00,Hot-Dry,2010-09-14 21:00:00,9
15.94045715,-19.18506266,LA14,2010-09-14,09:20:00 PM,21:20:00,Hot-Dry,2010-09-14 21:20:00,9
15.93095194,-19.18797607,LA14,2010-09-14,09:40:00 PM,21:40:00,Hot-Dry,2010-09-14 21:40:00,9
15.9221578,-19.18741048,LA14,2010-09-14,10:00:00 PM,22:00:00,Hot-Dry,2010-09-14 22:00:00,9
15.91585693,-19.18079224,LA14,2010-09-14,10:20:00 PM,22:20:00,Hot-Dry,2010-09-14 22:20:00,9
15.91612854,-19.18090007,LA14,2010-09-14,10:40:00 PM,22:40:00,Hot-Dry,2010-09-14 22:40:00,9
15.91301371,-19.18276774,LA14,2010-09-14,11:00:00 PM,23:00:00,Hot-Dry,2010-09-14 23:00:00,9
15.9049408,-19.19020793,LA14,2010-09-14,11:20:00 PM,23:20:00,Hot-Dry,2010-09-14 23:20:00,9
15.90345459,-19.19247843,LA14,2010-09-14,11:40:00 PM,23:40:00,Hot-Dry,2010-09-14 23:40:00,9
15.90351359,-19.19256185,LA14,2010-09-15,12:00:00 AM,00:00:00,Hot-Dry,2010-09-15 00:00:00,9
15.90194397,-19.19532471,LA14,2010-09-15,12:20:00 AM,00:20:00,Hot-Dry,2010-09-15 00:20:00,9
15.89922384,-19.19942017,LA14,2010-09-15,12:40:00 AM,00:40:00,Hot-Dry,2010-09-15 00:40:00,9
15.89790853,-19.20342204,LA14,2010-09-15,01:00:00 AM,01:00:00,Hot-Dry,2010-09-15 01:00:00,9
15.89630432,-19.20691121,LA14,2010-09-15,01:20:00 AM,01:20:00,Hot-Dry,2010-09-15 01:20:00,9
15.89454956,-19.21143392,LA14,2010-09-15,01:40:00 AM,01:40:00,Hot-Dry,2010-09-15 01:40:00,9
15.89389242,-19.21193441,LA14,2010-09-15,02:00:00 AM,02:00:00,Hot-Dry,2010-09-15 02:00:00,9
15.893868,-19.21210938,LA14,2010-09-15,02:20:00 AM,02:20:00,Hot-Dry,2010-09-15 02:20:00,9
15.89380188,-19.21386108,LA14,2010-09-15,02:40:00 AM,02:40:00,Hot-Dry,2010-09-15 02:40:00,9
15.89379985,-19.21386515,LA14,2010-09-15,03:00:00 AM,03:00:00,Hot-Dry,2010-09-15 03:00:00,9
15.89377645,-19.21387939,LA14,2010-09-15,03:20:00 AM,03:20:00,Hot-Dry,2010-09-15 03:20:00,9
15.89378967,-19.21385701,LA14,2010-09-15,03:40:00 AM,03:40:00,Hot-Dry,2010-09-15 03:40:00,9
15.89388835,-19.21386108,LA14,2010-09-15,04:00:00 AM,04:00:00,Hot-Dry,2010-09-15 04:00:00,9
15.89387716,-19.21389364,LA14,2010-09-15,04:20:00 AM,04:20:00,Hot-Dry,2010-09-15 04:20:00,9
15.89382833,-19.2141744,LA14,2010-09-15,04:40:00 AM,04:40:00,Hot-Dry,2010-09-15 04:40:00,9
15.89437154,-19.21709595,LA14,2010-09-15,05:00:00 AM,05:00:00,Hot-Dry,2010-09-15 05:00:00,9
15.89582825,-19.21997681,LA14,2010-09-15,05:20:00 AM,05:20:00,Hot-Dry,2010-09-15 05:20:00,9
15.89658508,-19.22031047,LA14,2010-09-15,05:40:00 AM,05:40:00,Hot-Dry,2010-09-15 05:40:00,9
15.89676717,-19.22074382,LA14,2010-09-15,06:00:00 AM,06:00:00,Hot-Dry,2010-09-15 06:00:00,9
15.89761963,-19.22095947,LA14,2010-09-15,06:20:00 AM,06:20:00,Hot-Dry,2010-09-15 06:20:00,9
15.89837646,-19.22082316,LA14,2010-09-15,06:40:00 AM,06:40:00,Hot-Dry,2010-09-15 06:40:00,9
15.89918009,-19.22045492,LA14,2010-09-15,07:00:00 AM,07:00:00,Hot-Dry,2010-09-15 07:00:00,9
15.89981588,-19.22029215,LA14,2010-09-15,07:20:00 AM,07:20:00,Hot-Dry,2010-09-15 07:20:00,9
15.90059509,-19.21992594,LA14,2010-09-15,07:40:00 AM,07:40:00,Hot-Dry,2010-09-15 07:40:00,9
15.90077616,-19.21939494,LA14,2010-09-15,08:00:00 AM,08:00:00,Hot-Dry,2010-09-15 08:00:00,9
15.90080668,-19.21916707,LA14,2010-09-15,08:20:00 AM,08:20:00,Hot-Dry,2010-09-15 08:20:00,9
15.90171204,-19.21864014,LA14,2010-09-15,08:40:00 AM,08:40:00,Hot-Dry,2010-09-15 08:40:00,9
15.90196533,-19.2171875,LA14,2010-09-15,09:00:00 AM,09:00:00,Hot-Dry,2010-09-15 09:00:00,9
15.90202637,-19.21658732,LA14,2010-09-15,09:20:00 AM,09:20:00,Hot-Dry,2010-09-15 09:20:00,9
15.90204976,-19.2166036,LA14,2010-09-15,09:40:00 AM,09:40:00,Hot-Dry,2010-09-15 09:40:00,9
15.90205485,-19.21659749,LA14,2010-09-15,10:00:00 AM,10:00:00,Hot-Dry,2010-09-15 10:00:00,9
15.90205688,-19.21661784,LA14,2010-09-15,10:20:00 AM,10:20:00,Hot-Dry,2010-09-15 10:20:00,9
15.90195414,-19.21593018,LA14,2010-09-15,10:40:00 AM,10:40:00,Hot-Dry,2010-09-15 10:40:00,9
15.90240885,-19.21519368,LA14,2010-09-15,11:00:00 AM,11:00:00,Hot-Dry,2010-09-15 11:00:00,9
15.90238342,-19.21516317,LA14,2010-09-15,11:20:00 AM,11:20:00,Hot-Dry,2010-09-15 11:20:00,9
15.90291443,-19.21219686,LA14,2010-09-15,11:40:00 AM,11:40:00,Hot-Dry,2010-09-15 11:40:00,9
15.90310771,-19.21244914,LA14,2010-09-15,12:00:00 PM,12:00:00,Hot-Dry,2010-09-15 12:00:00,9
15.90310771,-19.21242269,LA14,2010-09-15,12:20:00 PM,12:20:00,Hot-Dry,2010-09-15 12:20:00,9
15.9030955,-19.21242879,LA14,2010-09-15,12:40:00 PM,12:40:00,Hot-Dry,2010-09-15 12:40:00,9
15.90307922,-19.21243286,LA14,2010-09-15,01:00:00 PM,13:00:00,Hot-Dry,2010-09-15 13:00:00,9
15.9031189,-19.21242676,LA14,2010-09-15,01:20:00 PM,13:20:00,Hot-Dry,2010-09-15 13:20:00,9
15.90376282,-19.21124674,LA14,2010-09-15,01:40:00 PM,13:40:00,Hot-Dry,2010-09-15 13:40:00,9
15.90372416,-19.21100464,LA14,2010-09-15,02:00:00 PM,14:00:00,Hot-Dry,2010-09-15 14:00:00,9
15.9033193,-19.21015625,LA14,2010-09-15,02:20:00 PM,14:20:00,Hot-Dry,2010-09-15 14:20:00,9
15.90263468,-19.20937703,LA14,2010-09-15,02:40:00 PM,14:40:00,Hot-Dry,2010-09-15 14:40:00,9
15.90240479,-19.20899862,LA14,2010-09-15,03:00:00 PM,15:00:00,Hot-Dry,2010-09-15 15:00:00,9
15.9022583,-19.20811971,LA14,2010-09-15,03:20:00 PM,15:20:00,Hot-Dry,2010-09-15 15:20:00,9
15.90295614,-19.20600993,LA14,2010-09-15,03:40:00 PM,15:40:00,Hot-Dry,2010-09-15 15:40:00,9
15.90293986,-19.20440267,LA14,2010-09-15,04:00:00 PM,16:00:00,Hot-Dry,2010-09-15 16:00:00,9
15.90364482,-19.20370483,LA14,2010-09-15,04:20:00 PM,16:20:00,Hot-Dry,2010-09-15 16:20:00,9
15.90487976,-19.20263468,LA14,2010-09-15,04:40:00 PM,16:40:00,Hot-Dry,2010-09-15 16:40:00,9
15.90547384,-19.20005086,LA14,2010-09-15,05:00:00 PM,17:00:00,Hot-Dry,2010-09-15 17:00:00,9
15.90505168,-19.19970093,LA14,2010-09-15,05:20:00 PM,17:20:00,Hot-Dry,2010-09-15 17:20:00,9
15.90391032,-19.19833374,LA14,2010-09-15,05:40:00 PM,17:40:00,Hot-Dry,2010-09-15 17:40:00,9
15.90562541,-19.19600016,LA14,2010-09-15,06:00:00 PM,18:00:00,Hot-Dry,2010-09-15 18:00:00,9
15.90851542,-19.19222616,LA14,2010-09-15,06:20:00 PM,18:20:00,Hot-Dry,2010-09-15 18:20:00,9
15.90928446,-19.19024862,LA14,2010-09-15,06:40:00 PM,18:40:00,Hot-Dry,2010-09-15 18:40:00,9
15.91232605,-19.18759155,LA14,2010-09-15,07:00:00 PM,19:00:00,Hot-Dry,2010-09-15 19:00:00,9
15.91605123,-19.18089803,LA14,2010-09-15,07:20:00 PM,19:20:00,Hot-Dry,2010-09-15 19:20:00,9
15.91602071,-19.18086141,LA14,2010-09-15,07:40:00 PM,19:40:00,Hot-Dry,2010-09-15 19:40:00,9
15.91779887,-19.1836792,LA14,2010-09-15,08:00:00 PM,20:00:00,Hot-Dry,2010-09-15 20:00:00,9
15.92382813,-19.18685303,LA14,2010-09-15,08:20:00 PM,20:20:00,Hot-Dry,2010-09-15 20:20:00,9
15.92703145,-19.18840332,LA14,2010-09-15,08:40:00 PM,20:40:00,Hot-Dry,2010-09-15 20:40:00,9
15.93211568,-19.18763224,LA14,2010-09-15,09:00:00 PM,21:00:00,Hot-Dry,2010-09-15 21:00:00,9
15.93628337,-19.18643392,LA14,2010-09-15,09:20:00 PM,21:20:00,Hot-Dry,2010-09-15 21:20:00,9
15.94149679,-19.18539225,LA14,2010-09-15,09:40:00 PM,21:40:00,Hot-Dry,2010-09-15 21:40:00,9
15.94509786,-19.18475138,LA14,2010-09-15,10:00:00 PM,22:00:00,Hot-Dry,2010-09-15 22:00:00,9
15.94702759,-19.18453369,LA14,2010-09-15,10:20:00 PM,22:20:00,Hot-Dry,2010-09-15 22:20:00,9
15.95148824,-19.1842631,LA14,2010-09-15,10:40:00 PM,22:40:00,Hot-Dry,2010-09-15 22:40:00,9
15.96121928,-19.18363851,LA14,2010-09-15,11:00:00 PM,23:00:00,Hot-Dry,2010-09-15 23:00:00,9
15.96332703,-19.18268636,LA14,2010-09-15,11:20:00 PM,23:20:00,Hot-Dry,2010-09-15 23:20:00,9
15.96263936,-19.18179932,LA14,2010-09-15,11:40:00 PM,23:40:00,Hot-Dry,2010-09-15 23:40:00,9
15.96267395,-19.18131714,LA14,2010-09-16,12:00:00 AM,00:00:00,Hot-Dry,2010-09-16 00:00:00,9
15.96176554,-19.17883504,LA14,2010-09-16,12:20:00 AM,00:20:00,Hot-Dry,2010-09-16 00:20:00,9
15.96148885,-19.17773234,LA14,2010-09-16,12:40:00 AM,00:40:00,Hot-Dry,2010-09-16 00:40:00,9
15.96139425,-19.17658488,LA14,2010-09-16,01:00:00 AM,01:00:00,Hot-Dry,2010-09-16 01:00:00,9
15.96149394,-19.17648722,LA14,2010-09-16,01:20:00 AM,01:20:00,Hot-Dry,2010-09-16 01:20:00,9
15.96133728,-19.17628784,LA14,2010-09-16,01:40:00 AM,01:40:00,Hot-Dry,2010-09-16 01:40:00,9
15.96145325,-19.1766154,LA14,2010-09-16,02:00:00 AM,02:00:00,Hot-Dry,2010-09-16 02:00:00,9
15.96149089,-19.17654622,LA14,2010-09-16,02:20:00 AM,02:20:00,Hot-Dry,2010-09-16 02:20:00,9
15.96147766,-19.17654215,LA14,2010-09-16,02:40:00 AM,02:40:00,Hot-Dry,2010-09-16 02:40:00,9
15.96145325,-19.17654826,LA14,2010-09-16,03:00:00 AM,03:00:00,Hot-Dry,2010-09-16 03:00:00,9
15.9614858,-19.17652181,LA14,2010-09-16,03:20:00 AM,03:20:00,Hot-Dry,2010-09-16 03:20:00,9
15.96146545,-19.17657471,LA14,2010-09-16,03:40:00 AM,03:40:00,Hot-Dry,2010-09-16 03:40:00,9
15.96143799,-19.17653809,LA14,2010-09-16,04:00:00 AM,04:00:00,Hot-Dry,2010-09-16 04:00:00,9
15.96144613,-19.17660116,LA14,2010-09-16,04:20:00 AM,04:20:00,Hot-Dry,2010-09-16 04:20:00,9
15.9614502,-19.17646484,LA14,2010-09-16,04:40:00 AM,04:40:00,Hot-Dry,2010-09-16 04:40:00,9
15.96133016,-19.17611491,LA14,2010-09-16,05:00:00 AM,05:00:00,Hot-Dry,2010-09-16 05:00:00,9
15.96170146,-19.17576904,LA14,2010-09-16,05:20:00 AM,05:20:00,Hot-Dry,2010-09-16 05:20:00,9
15.96183675,-19.17551066,LA14,2010-09-16,05:40:00 AM,05:40:00,Hot-Dry,2010-09-16 05:40:00,9
15.9621521,-19.17457072,LA14,2010-09-16,06:00:00 AM,06:00:00,Hot-Dry,2010-09-16 06:00:00,9
15.9618927,-19.17400513,LA14,2010-09-16,06:20:00 AM,06:20:00,Hot-Dry,2010-09-16 06:20:00,9
15.96232707,-19.17349447,LA14,2010-09-16,06:40:00 AM,06:40:00,Hot-Dry,2010-09-16 06:40:00,9
15.962618,-19.17323405,LA14,2010-09-16,07:00:00 AM,07:00:00,Hot-Dry,2010-09-16 07:00:00,9
15.96490479,-19.17149048,LA14,2010-09-16,07:20:00 AM,07:20:00,Hot-Dry,2010-09-16 07:20:00,9
15.96719564,-19.17087809,LA14,2010-09-16,07:40:00 AM,07:40:00,Hot-Dry,2010-09-16 07:40:00,9
15.97654114,-19.17076823,LA14,2010-09-16,08:00:00 AM,08:00:00,Hot-Dry,2010-09-16 08:00:00,9
15.98230794,-19.16949056,LA14,2010-09-16,08:20:00 AM,08:20:00,Hot-Dry,2010-09-16 08:20:00,9
15.98742269,-19.16774292,LA14,2010-09-16,08:40:00 AM,08:40:00,Hot-Dry,2010-09-16 08:40:00,9
15.99601542,-19.16317952,LA14,2010-09-16,09:00:00 AM,09:00:00,Hot-Dry,2010-09-16 09:00:00,9
15.99577332,-19.16325073,LA14,2010-09-16,09:20:00 AM,09:20:00,Hot-Dry,2010-09-16 09:20:00,9
15.99561971,-19.16385091,LA14,2010-09-16,09:40:00 AM,09:40:00,Hot-Dry,2010-09-16 09:40:00,9
15.99570618,-19.16443888,LA14,2010-09-16,10:00:00 AM,10:00:00,Hot-Dry,2010-09-16 10:00:00,9
15.9957489,-19.16380412,LA14,2010-09-16,10:20:00 AM,10:20:00,Hot-Dry,2010-09-16 10:20:00,9
15.99564209,-19.16319173,LA14,2010-09-16,10:40:00 AM,10:40:00,Hot-Dry,2010-09-16 10:40:00,9
15.99567057,-19.16319377,LA14,2010-09-16,11:00:00 AM,11:00:00,Hot-Dry,2010-09-16 11:00:00,9
15.99593608,-19.16355591,LA14,2010-09-16,11:20:00 AM,11:20:00,Hot-Dry,2010-09-16 11:20:00,9
15.99656169,-19.16419678,LA14,2010-09-16,11:40:00 AM,11:40:00,Hot-Dry,2010-09-16 11:40:00,9
16.00017293,-19.1667745,LA14,2010-09-16,12:00:00 PM,12:00:00,Hot-Dry,2010-09-16 12:00:00,9
16.00611877,-19.16958618,LA14,2010-09-16,12:20:00 PM,12:20:00,Hot-Dry,2010-09-16 12:20:00,9
16.00678813,-19.16976725,LA14,2010-09-16,12:40:00 PM,12:40:00,Hot-Dry,2010-09-16 12:40:00,9
16.00771383,-19.17026367,LA14,2010-09-16,01:00:00 PM,13:00:00,Hot-Dry,2010-09-16 13:00:00,9
16.00931498,-19.1713623,LA14,2010-09-16,01:20:00 PM,13:20:00,Hot-Dry,2010-09-16 13:20:00,9
16.00968424,-19.17180379,LA14,2010-09-16,01:40:00 PM,13:40:00,Hot-Dry,2010-09-16 13:40:00,9
16.00995687,-19.17338867,LA14,2010-09-16,02:00:00 PM,14:00:00,Hot-Dry,2010-09-16 14:00:00,9
16.01042582,-19.17427572,LA14,2010-09-16,02:20:00 PM,14:20:00,Hot-Dry,2010-09-16 14:20:00,9
16.01039632,-19.17431844,LA14,2010-09-16,02:40:00 PM,14:40:00,Hot-Dry,2010-09-16 14:40:00,9
16.01038106,-19.17426758,LA14,2010-09-16,03:00:00 PM,15:00:00,Hot-Dry,2010-09-16 15:00:00,9
16.01040446,-19.17431437,LA14,2010-09-16,03:20:00 PM,15:20:00,Hot-Dry,2010-09-16 15:20:00,9
16.01038615,-19.17426961,LA14,2010-09-16,03:40:00 PM,15:40:00,Hot-Dry,2010-09-16 15:40:00,9
16.01421712,-19.17631022,LA14,2010-09-16,04:00:00 PM,16:00:00,Hot-Dry,2010-09-16 16:00:00,9
16.01677856,-19.17713826,LA14,2010-09-16,04:20:00 PM,16:20:00,Hot-Dry,2010-09-16 16:20:00,9
16.01784668,-19.1782959,LA14,2010-09-16,04:40:00 PM,16:40:00,Hot-Dry,2010-09-16 16:40:00,9
16.01964518,-19.18048706,LA14,2010-09-16,05:00:00 PM,17:00:00,Hot-Dry,2010-09-16 17:00:00,9
16.02065531,-19.18210653,LA14,2010-09-16,05:20:00 PM,17:20:00,Hot-Dry,2010-09-16 17:20:00,9
16.023703,-19.18423258,LA14,2010-09-16,05:40:00 PM,17:40:00,Hot-Dry,2010-09-16 17:40:00,9
16.02715047,-19.18736776,LA14,2010-09-16,06:00:00 PM,18:00:00,Hot-Dry,2010-09-16 18:00:00,9
16.028302,-19.18844604,LA14,2010-09-16,06:20:00 PM,18:20:00,Hot-Dry,2010-09-16 18:20:00,9
16.04091695,-19.19324544,LA14,2010-09-16,06:40:00 PM,18:40:00,Hot-Dry,2010-09-16 18:40:00,9
16.04499308,-19.1976766,LA14,2010-09-16,07:00:00 PM,19:00:00,Hot-Dry,2010-09-16 19:00:00,9
16.05101725,-19.20415853,LA14,2010-09-16,07:20:00 PM,19:20:00,Hot-Dry,2010-09-16 19:20:00,9
16.05799154,-19.21161499,LA14,2010-09-16,07:40:00 PM,19:40:00,Hot-Dry,2010-09-16 19:40:00,9
16.0621287,-19.21742961,LA14,2010-09-16,08:00:00 PM,20:00:00,Hot-Dry,2010-09-16 20:00:00,9
16.06759237,-19.22227173,LA14,2010-09-16,08:20:00 PM,20:20:00,Hot-Dry,2010-09-16 20:20:00,9
16.06847229,-19.2271993,LA14,2010-09-16,08:40:00 PM,20:40:00,Hot-Dry,2010-09-16 20:40:00,9
16.06761373,-19.23112793,LA14,2010-09-16,09:00:00 PM,21:00:00,Hot-Dry,2010-09-16 21:00:00,9
16.06647135,-19.23305054,LA14,2010-09-16,09:20:00 PM,21:20:00,Hot-Dry,2010-09-16 21:20:00,9
16.06749674,-19.23556925,LA14,2010-09-16,09:40:00 PM,21:40:00,Hot-Dry,2010-09-16 21:40:00,9
16.06818746,-19.23672689,LA14,2010-09-16,10:00:00 PM,22:00:00,Hot-Dry,2010-09-16 22:00:00,9
16.0681366,-19.24081217,LA14,2010-09-16,10:20:00 PM,22:20:00,Hot-Dry,2010-09-16 22:20:00,9
16.06859131,-19.24272664,LA14,2010-09-16,10:40:00 PM,22:40:00,Hot-Dry,2010-09-16 22:40:00,9
16.06812134,-19.24949951,LA14,2010-09-16,11:00:00 PM,23:00:00,Hot-Dry,2010-09-16 23:00:00,9
16.07026774,-19.25585734,LA14,2010-09-16,11:20:00 PM,23:20:00,Hot-Dry,2010-09-16 23:20:00,9
16.07146505,-19.25599162,LA14,2010-09-16,11:40:00 PM,23:40:00,Hot-Dry,2010-09-16 23:40:00,9
16.07266642,-19.25687459,LA14,2010-09-17,12:00:00 AM,00:00:00,Hot-Dry,2010-09-17 00:00:00,9
16.07386983,-19.25693359,LA14,2010-09-17,12:20:00 AM,00:20:00,Hot-Dry,2010-09-17 00:20:00,9
16.07406616,-19.25674438,LA14,2010-09-17,12:40:00 AM,00:40:00,Hot-Dry,2010-09-17 00:40:00,9
16.07485962,-19.25679118,LA14,2010-09-17,01:00:00 AM,01:00:00,Hot-Dry,2010-09-17 01:00:00,9
16.07567139,-19.25700073,LA14,2010-09-17,01:20:00 AM,01:20:00,Hot-Dry,2010-09-17 01:20:00,9
16.07568156,-19.25700277,LA14,2010-09-17,01:40:00 AM,01:40:00,Hot-Dry,2010-09-17 01:40:00,9
16.0756429,-19.25700684,LA14,2010-09-17,02:00:00 AM,02:00:00,Hot-Dry,2010-09-17 02:00:00,9
16.07567749,-19.25700073,LA14,2010-09-17,02:20:00 AM,02:20:00,Hot-Dry,2010-09-17 02:20:00,9
16.07566223,-19.2569987,LA14,2010-09-17,02:40:00 AM,02:40:00,Hot-Dry,2010-09-17 02:40:00,9
16.07567647,-19.25700073,LA14,2010-09-17,03:00:00 AM,03:00:00,Hot-Dry,2010-09-17 03:00:00,9
16.07567444,-19.25700277,LA14,2010-09-17,03:20:00 AM,03:20:00,Hot-Dry,2010-09-17 03:20:00,9
16.07568868,-19.25700684,LA14,2010-09-17,03:40:00 AM,03:40:00,Hot-Dry,2010-09-17 03:40:00,9
16.07569377,-19.25701701,LA14,2010-09-17,04:00:00 AM,04:00:00,Hot-Dry,2010-09-17 04:00:00,9
16.07615967,-19.25711466,LA14,2010-09-17,04:20:00 AM,04:20:00,Hot-Dry,2010-09-17 04:20:00,9
16.07623189,-19.2574585,LA14,2010-09-17,04:40:00 AM,04:40:00,Hot-Dry,2010-09-17 04:40:00,9
16.0774231,-19.25775757,LA14,2010-09-17,05:00:00 AM,05:00:00,Hot-Dry,2010-09-17 05:00:00,9
16.07755432,-19.25789591,LA14,2010-09-17,05:20:00 AM,05:20:00,Hot-Dry,2010-09-17 05:20:00,9
16.07840271,-19.25820719,LA14,2010-09-17,05:40:00 AM,05:40:00,Hot-Dry,2010-09-17 05:40:00,9
16.07924194,-19.25806274,LA14,2010-09-17,06:00:00 AM,06:00:00,Hot-Dry,2010-09-17 06:00:00,9
16.08017578,-19.25730998,LA14,2010-09-17,06:20:00 AM,06:20:00,Hot-Dry,2010-09-17 06:20:00,9
16.08050741,-19.25681763,LA14,2010-09-17,06:40:00 AM,06:40:00,Hot-Dry,2010-09-17 06:40:00,9
16.08144124,-19.25557251,LA14,2010-09-17,07:00:00 AM,07:00:00,Hot-Dry,2010-09-17 07:00:00,9
16.0822703,-19.25504557,LA14,2010-09-17,07:20:00 AM,07:20:00,Hot-Dry,2010-09-17 07:20:00,9
16.08228353,-19.25500692,LA14,2010-09-17,07:40:00 AM,07:40:00,Hot-Dry,2010-09-17 07:40:00,9
16.0810201,-19.25381877,LA14,2010-09-17,08:00:00 AM,08:00:00,Hot-Dry,2010-09-17 08:00:00,9
16.08100179,-19.25380452,LA14,2010-09-17,08:20:00 AM,08:20:00,Hot-Dry,2010-09-17 08:20:00,9
16.08034363,-19.25364787,LA14,2010-09-17,08:40:00 AM,08:40:00,Hot-Dry,2010-09-17 08:40:00,9
16.07934062,-19.2520284,LA14,2010-09-17,09:00:00 AM,09:00:00,Hot-Dry,2010-09-17 09:00:00,9
16.07921753,-19.25142008,LA14,2010-09-17,09:20:00 AM,09:20:00,Hot-Dry,2010-09-17 09:20:00,9
16.07923787,-19.25144043,LA14,2010-09-17,09:40:00 AM,09:40:00,Hot-Dry,2010-09-17 09:40:00,9
16.07923686,-19.2514384,LA14,2010-09-17,10:00:00 AM,10:00:00,Hot-Dry,2010-09-17 10:00:00,9
16.07923787,-19.2514445,LA14,2010-09-17,10:20:00 AM,10:20:00,Hot-Dry,2010-09-17 10:20:00,9
16.07924601,-19.25142008,LA14,2010-09-17,10:40:00 AM,10:40:00,Hot-Dry,2010-09-17 10:40:00,9
16.07923787,-19.25143026,LA14,2010-09-17,11:00:00 AM,11:00:00,Hot-Dry,2010-09-17 11:00:00,9
16.07923381,-19.25143636,LA14,2010-09-17,11:20:00 AM,11:20:00,Hot-Dry,2010-09-17 11:20:00,9
16.07923482,-19.25142008,LA14,2010-09-17,11:40:00 AM,11:40:00,Hot-Dry,2010-09-17 11:40:00,9
16.07924194,-19.25142212,LA14,2010-09-17,12:00:00 PM,12:00:00,Hot-Dry,2010-09-17 12:00:00,9
16.07925618,-19.25141805,LA14,2010-09-17,12:20:00 PM,12:20:00,Hot-Dry,2010-09-17 12:20:00,9
16.07925517,-19.25144653,LA14,2010-09-17,12:40:00 PM,12:40:00,Hot-Dry,2010-09-17 12:40:00,9
16.0784729,-19.24975789,LA14,2010-09-17,01:00:00 PM,13:00:00,Hot-Dry,2010-09-17 13:00:00,9
16.07366536,-19.24616699,LA14,2010-09-17,01:20:00 PM,13:20:00,Hot-Dry,2010-09-17 13:20:00,9
16.0710083,-19.24482015,LA14,2010-09-17,01:40:00 PM,13:40:00,Hot-Dry,2010-09-17 13:40:00,9
16.07065531,-19.24460449,LA14,2010-09-17,02:00:00 PM,14:00:00,Hot-Dry,2010-09-17 14:00:00,9
16.06926676,-19.24369303,LA14,2010-09-17,02:20:00 PM,14:20:00,Hot-Dry,2010-09-17 14:20:00,9
16.06720988,-19.24267578,LA14,2010-09-17,02:40:00 PM,14:40:00,Hot-Dry,2010-09-17 14:40:00,9
16.06716512,-19.2423116,LA14,2010-09-17,03:00:00 PM,15:00:00,Hot-Dry,2010-09-17 15:00:00,9
16.06657308,-19.24169922,LA14,2010-09-17,03:20:00 PM,15:20:00,Hot-Dry,2010-09-17 15:20:00,9
16.06441345,-19.2392334,LA14,2010-09-17,03:40:00 PM,15:40:00,Hot-Dry,2010-09-17 15:40:00,9
16.06227315,-19.23597616,LA14,2010-09-17,04:00:00 PM,16:00:00,Hot-Dry,2010-09-17 16:00:00,9
16.06101786,-19.23295492,LA14,2010-09-17,04:20:00 PM,16:20:00,Hot-Dry,2010-09-17 16:20:00,9
16.06047974,-19.23007406,LA14,2010-09-17,04:40:00 PM,16:40:00,Hot-Dry,2010-09-17 16:40:00,9
16.06027527,-19.22616374,LA14,2010-09-17,05:00:00 PM,17:00:00,Hot-Dry,2010-09-17 17:00:00,9
16.05935262,-19.21951294,LA14,2010-09-17,05:20:00 PM,17:20:00,Hot-Dry,2010-09-17 17:20:00,9
16.05879313,-19.21327515,LA14,2010-09-17,05:40:00 PM,17:40:00,Hot-Dry,2010-09-17 17:40:00,9
16.05884094,-19.21338501,LA14,2010-09-17,06:00:00 PM,18:00:00,Hot-Dry,2010-09-17 18:00:00,9
16.05094706,-19.21046753,LA14,2010-09-17,06:20:00 PM,18:20:00,Hot-Dry,2010-09-17 18:20:00,9
16.04178975,-19.20924886,LA14,2010-09-17,06:40:00 PM,18:40:00,Hot-Dry,2010-09-17 18:40:00,9
16.03279114,-19.20750529,LA14,2010-09-17,07:00:00 PM,19:00:00,Hot-Dry,2010-09-17 19:00:00,9
16.02837016,-19.2078776,LA14,2010-09-17,07:20:00 PM,19:20:00,Hot-Dry,2010-09-17 19:20:00,9
16.02524618,-19.20859172,LA14,2010-09-17,07:40:00 PM,19:40:00,Hot-Dry,2010-09-17 19:40:00,9
16.02205912,-19.20927531,LA14,2010-09-17,08:00:00 PM,20:00:00,Hot-Dry,2010-09-17 20:00:00,9
16.01767171,-19.21035563,LA14,2010-09-17,08:20:00 PM,20:20:00,Hot-Dry,2010-09-17 20:20:00,9
16.01746521,-19.21031698,LA14,2010-09-17,08:40:00 PM,20:40:00,Hot-Dry,2010-09-17 20:40:00,9
16.01497294,-19.21048584,LA14,2010-09-17,09:00:00 PM,21:00:00,Hot-Dry,2010-09-17 21:00:00,9
16.01231079,-19.20989583,LA14,2010-09-17,09:20:00 PM,21:20:00,Hot-Dry,2010-09-17 21:20:00,9
16.01135254,-19.20969645,LA14,2010-09-17,09:40:00 PM,21:40:00,Hot-Dry,2010-09-17 21:40:00,9
16.00929362,-19.20863851,LA14,2010-09-17,10:00:00 PM,22:00:00,Hot-Dry,2010-09-17 22:00:00,9
16.00878296,-19.20851644,LA14,2010-09-17,10:20:00 PM,22:20:00,Hot-Dry,2010-09-17 22:20:00,9
16.0086497,-19.20865275,LA14,2010-09-17,10:40:00 PM,22:40:00,Hot-Dry,2010-09-17 22:40:00,9
16.00874023,-19.20869954,LA14,2010-09-17,11:00:00 PM,23:00:00,Hot-Dry,2010-09-17 23:00:00,9
16.00578206,-19.2078654,LA14,2010-09-17,11:20:00 PM,23:20:00,Hot-Dry,2010-09-17 23:20:00,9
16.00562541,-19.20706177,LA14,2010-09-17,11:40:00 PM,23:40:00,Hot-Dry,2010-09-17 23:40:00,9
16.00321655,-19.20399577,LA14,2010-09-18,12:00:00 AM,00:00:00,Hot-Dry,2010-09-18 00:00:00,9
16.00092875,-19.20175985,LA14,2010-09-18,12:20:00 AM,00:20:00,Hot-Dry,2010-09-18 00:20:00,9
16.00069377,-19.20182902,LA14,2010-09-18,12:40:00 AM,00:40:00,Hot-Dry,2010-09-18 00:40:00,9
15.9981486,-19.19802043,LA14,2010-09-18,01:00:00 AM,01:00:00,Hot-Dry,2010-09-18 01:00:00,9
15.99667867,-19.1958313,LA14,2010-09-18,01:20:00 AM,01:20:00,Hot-Dry,2010-09-18 01:20:00,9
15.99624329,-19.19497274,LA14,2010-09-18,01:40:00 AM,01:40:00,Hot-Dry,2010-09-18 01:40:00,9
15.99569906,-19.19406128,LA14,2010-09-18,02:00:00 AM,02:00:00,Hot-Dry,2010-09-18 02:00:00,9
15.99652303,-19.19245199,LA14,2010-09-18,02:20:00 AM,02:20:00,Hot-Dry,2010-09-18 02:20:00,9
15.99667867,-19.19220785,LA14,2010-09-18,02:40:00 AM,02:40:00,Hot-Dry,2010-09-18 02:40:00,9
15.99666646,-19.19222819,LA14,2010-09-18,03:00:00 AM,03:00:00,Hot-Dry,2010-09-18 03:00:00,9
15.9966685,-19.19214884,LA14,2010-09-18,03:20:00 AM,03:20:00,Hot-Dry,2010-09-18 03:20:00,9
15.99668681,-19.19220378,LA14,2010-09-18,03:40:00 AM,03:40:00,Hot-Dry,2010-09-18 03:40:00,9
15.99667969,-19.19218547,LA14,2010-09-18,04:00:00 AM,04:00:00,Hot-Dry,2010-09-18 04:00:00,9
15.99671122,-19.19221191,LA14,2010-09-18,04:20:00 AM,04:20:00,Hot-Dry,2010-09-18 04:20:00,9
15.99608154,-19.19197591,LA14,2010-09-18,04:40:00 AM,04:40:00,Hot-Dry,2010-09-18 04:40:00,9
15.99489136,-19.19110311,LA14,2010-09-18,05:00:00 AM,05:00:00,Hot-Dry,2010-09-18 05:00:00,9
15.99418437,-19.1900411,LA14,2010-09-18,05:20:00 AM,05:20:00,Hot-Dry,2010-09-18 05:20:00,9
15.99385274,-19.1888326,LA14,2010-09-18,05:40:00 AM,05:40:00,Hot-Dry,2010-09-18 05:40:00,9
15.99261271,-19.18838704,LA14,2010-09-18,06:00:00 AM,06:00:00,Hot-Dry,2010-09-18 06:00:00,9
15.99246318,-19.18762817,LA14,2010-09-18,06:20:00 AM,06:20:00,Hot-Dry,2010-09-18 06:20:00,9
15.99271749,-19.18696493,LA14,2010-09-18,06:40:00 AM,06:40:00,Hot-Dry,2010-09-18 06:40:00,9
15.99235128,-19.18620402,LA14,2010-09-18,07:00:00 AM,07:00:00,Hot-Dry,2010-09-18 07:00:00,9
15.99157613,-19.18540446,LA14,2010-09-18,07:20:00 AM,07:20:00,Hot-Dry,2010-09-18 07:20:00,9
15.9919932,-19.18432617,LA14,2010-09-18,07:40:00 AM,07:40:00,Hot-Dry,2010-09-18 07:40:00,9
15.99212443,-19.18416138,LA14,2010-09-18,08:00:00 AM,08:00:00,Hot-Dry,2010-09-18 08:00:00,9
15.99215597,-19.18416545,LA14,2010-09-18,08:20:00 AM,08:20:00,Hot-Dry,2010-09-18 08:20:00,9
15.9921519,-19.1817627,LA14,2010-09-18,08:40:00 AM,08:40:00,Hot-Dry,2010-09-18 08:40:00,9
15.99235433,-19.17980347,LA14,2010-09-18,09:00:00 AM,09:00:00,Hot-Dry,2010-09-18 09:00:00,9
15.99238892,-19.17386271,LA14,2010-09-18,09:20:00 AM,09:20:00,Hot-Dry,2010-09-18 09:20:00,9
15.99255676,-19.17057902,LA14,2010-09-18,09:40:00 AM,09:40:00,Hot-Dry,2010-09-18 09:40:00,9
15.99620158,-19.16315511,LA14,2010-09-18,10:00:00 AM,10:00:00,Hot-Dry,2010-09-18 10:00:00,9
15.99319356,-19.16444906,LA14,2010-09-18,10:20:00 AM,10:20:00,Hot-Dry,2010-09-18 10:20:00,9
15.99166361,-19.16509399,LA14,2010-09-18,10:40:00 AM,10:40:00,Hot-Dry,2010-09-18 10:40:00,9
15.99160461,-19.16509196,LA14,2010-09-18,11:00:00 AM,11:00:00,Hot-Dry,2010-09-18 11:00:00,9
15.99159241,-19.16508382,LA14,2010-09-18,11:20:00 AM,11:20:00,Hot-Dry,2010-09-18 11:20:00,9
15.99158122,-19.16508789,LA14,2010-09-18,11:40:00 AM,11:40:00,Hot-Dry,2010-09-18 11:40:00,9
15.99163411,-19.16516113,LA14,2010-09-18,12:00:00 PM,12:00:00,Hot-Dry,2010-09-18 12:00:00,9
15.99321899,-19.16449178,LA14,2010-09-18,12:20:00 PM,12:20:00,Hot-Dry,2010-09-18 12:20:00,9
15.99558207,-19.16338908,LA14,2010-09-18,12:40:00 PM,12:40:00,Hot-Dry,2010-09-18 12:40:00,9
15.99063924,-19.16409912,LA14,2010-09-18,01:00:00 PM,13:00:00,Hot-Dry,2010-09-18 13:00:00,9
15.9878184,-19.1641805,LA14,2010-09-18,01:20:00 PM,13:20:00,Hot-Dry,2010-09-18 13:20:00,9
15.98716736,-19.16431681,LA14,2010-09-18,01:40:00 PM,13:40:00,Hot-Dry,2010-09-18 13:40:00,9
15.98619588,-19.16482544,LA14,2010-09-18,02:00:00 PM,14:00:00,Hot-Dry,2010-09-18 14:00:00,9
15.98517049,-19.16553345,LA14,2010-09-18,02:20:00 PM,14:20:00,Hot-Dry,2010-09-18 14:20:00,9
15.98475647,-19.16544189,LA14,2010-09-18,02:40:00 PM,14:40:00,Hot-Dry,2010-09-18 14:40:00,9
15.98453166,-19.16565959,LA14,2010-09-18,03:00:00 PM,15:00:00,Hot-Dry,2010-09-18 15:00:00,9
15.98364461,-19.16589762,LA14,2010-09-18,03:20:00 PM,15:20:00,Hot-Dry,2010-09-18 15:20:00,9
15.98219299,-19.16646932,LA14,2010-09-18,03:40:00 PM,15:40:00,Hot-Dry,2010-09-18 15:40:00,9
15.979717,-19.16781413,LA14,2010-09-18,04:00:00 PM,16:00:00,Hot-Dry,2010-09-18 16:00:00,9
15.97183533,-19.16835124,LA14,2010-09-18,04:20:00 PM,16:20:00,Hot-Dry,2010-09-18 16:20:00,9
15.9661967,-19.16900838,LA14,2010-09-18,04:40:00 PM,16:40:00,Hot-Dry,2010-09-18 16:40:00,9
15.96141968,-19.16958008,LA14,2010-09-18,05:00:00 PM,17:00:00,Hot-Dry,2010-09-18 17:00:00,9
15.95579834,-19.17113241,LA14,2010-09-18,05:20:00 PM,17:20:00,Hot-Dry,2010-09-18 17:20:00,9
15.9512797,-19.17206624,LA14,2010-09-18,05:40:00 PM,17:40:00,Hot-Dry,2010-09-18 17:40:00,9
15.94621073,-19.17268677,LA14,2010-09-18,06:00:00 PM,18:00:00,Hot-Dry,2010-09-18 18:00:00,9
15.93835958,-19.17475789,LA14,2010-09-18,06:20:00 PM,18:20:00,Hot-Dry,2010-09-18 18:20:00,9
15.93094788,-19.17599894,LA14,2010-09-18,06:40:00 PM,18:40:00,Hot-Dry,2010-09-18 18:40:00,9
15.92397563,-19.17843831,LA14,2010-09-18,07:00:00 PM,19:00:00,Hot-Dry,2010-09-18 19:00:00,9
15.91598307,-19.18249715,LA14,2010-09-18,07:20:00 PM,19:20:00,Hot-Dry,2010-09-18 19:20:00,9
15.91199748,-19.18151042,LA14,2010-09-18,07:40:00 PM,19:40:00,Hot-Dry,2010-09-18 19:40:00,9
15.90757345,-19.18320719,LA14,2010-09-18,08:00:00 PM,20:00:00,Hot-Dry,2010-09-18 20:00:00,9
15.90341492,-19.1868632,LA14,2010-09-18,08:20:00 PM,20:20:00,Hot-Dry,2010-09-18 20:20:00,9
15.90097351,-19.18830566,LA14,2010-09-18,08:40:00 PM,20:40:00,Hot-Dry,2010-09-18 20:40:00,9
15.89984538,-19.18880005,LA14,2010-09-18,09:00:00 PM,21:00:00,Hot-Dry,2010-09-18 21:00:00,9
15.89498901,-19.19586792,LA14,2010-09-18,09:20:00 PM,21:20:00,Hot-Dry,2010-09-18 21:20:00,9
15.89295553,-19.200413,LA14,2010-09-18,09:40:00 PM,21:40:00,Hot-Dry,2010-09-18 21:40:00,9
15.89262594,-19.20197144,LA14,2010-09-18,10:00:00 PM,22:00:00,Hot-Dry,2010-09-18 22:00:00,9
15.88881531,-19.20599976,LA14,2010-09-18,10:20:00 PM,22:20:00,Hot-Dry,2010-09-18 22:20:00,9
15.88674825,-19.20843099,LA14,2010-09-18,10:40:00 PM,22:40:00,Hot-Dry,2010-09-18 22:40:00,9
15.88628743,-19.21034546,LA14,2010-09-18,11:00:00 PM,23:00:00,Hot-Dry,2010-09-18 23:00:00,9
15.88655294,-19.21212972,LA14,2010-09-18,11:20:00 PM,23:20:00,Hot-Dry,2010-09-18 23:20:00,9
15.88504333,-19.21467896,LA14,2010-09-18,11:40:00 PM,23:40:00,Hot-Dry,2010-09-18 23:40:00,9
15.88432515,-19.21692505,LA14,2010-09-19,12:00:00 AM,00:00:00,Hot-Dry,2010-09-19 00:00:00,9
15.88313497,-19.21962077,LA14,2010-09-19,12:20:00 AM,00:20:00,Hot-Dry,2010-09-19 00:20:00,9
15.88276672,-19.21977539,LA14,2010-09-19,12:40:00 AM,00:40:00,Hot-Dry,2010-09-19 00:40:00,9
15.88236898,-19.21990153,LA14,2010-09-19,01:00:00 AM,01:00:00,Hot-Dry,2010-09-19 01:00:00,9
15.88235372,-19.21987101,LA14,2010-09-19,01:20:00 AM,01:20:00,Hot-Dry,2010-09-19 01:20:00,9
15.88232625,-19.21986898,LA14,2010-09-19,01:40:00 AM,01:40:00,Hot-Dry,2010-09-19 01:40:00,9
15.88234965,-19.21986287,LA14,2010-09-19,02:00:00 AM,02:00:00,Hot-Dry,2010-09-19 02:00:00,9
15.88235474,-19.21987101,LA14,2010-09-19,02:20:00 AM,02:20:00,Hot-Dry,2010-09-19 02:20:00,9
15.88234762,-19.21989339,LA14,2010-09-19,02:40:00 AM,02:40:00,Hot-Dry,2010-09-19 02:40:00,9
15.88236084,-19.21987915,LA14,2010-09-19,03:00:00 AM,03:00:00,Hot-Dry,2010-09-19 03:00:00,9
15.88241577,-19.21985474,LA14,2010-09-19,03:20:00 AM,03:20:00,Hot-Dry,2010-09-19 03:20:00,9
15.88233846,-19.21982422,LA14,2010-09-19,03:40:00 AM,03:40:00,Hot-Dry,2010-09-19 03:40:00,9
15.88237813,-19.2199056,LA14,2010-09-19,04:00:00 AM,04:00:00,Hot-Dry,2010-09-19 04:00:00,9
15.88200378,-19.21984049,LA14,2010-09-19,04:20:00 AM,04:20:00,Hot-Dry,2010-09-19 04:20:00,9
15.88181763,-19.21989136,LA14,2010-09-19,04:40:00 AM,04:40:00,Hot-Dry,2010-09-19 04:40:00,9
15.88182271,-19.21975505,LA14,2010-09-19,05:00:00 AM,05:00:00,Hot-Dry,2010-09-19 05:00:00,9
15.88175252,-19.21983439,LA14,2010-09-19,05:20:00 AM,05:20:00,Hot-Dry,2010-09-19 05:20:00,9
15.88092855,-19.22171224,LA14,2010-09-19,05:40:00 AM,05:40:00,Hot-Dry,2010-09-19 05:40:00,9
15.8823232,-19.22201335,LA14,2010-09-19,06:00:00 AM,06:00:00,Hot-Dry,2010-09-19 06:00:00,9
15.88372396,-19.22310791,LA14,2010-09-19,06:20:00 AM,06:20:00,Hot-Dry,2010-09-19 06:20:00,9
15.88560282,-19.22334595,LA14,2010-09-19,06:40:00 AM,06:40:00,Hot-Dry,2010-09-19 06:40:00,9
15.88738403,-19.22362467,LA14,2010-09-19,07:00:00 AM,07:00:00,Hot-Dry,2010-09-19 07:00:00,9
15.88884277,-19.22360229,LA14,2010-09-19,07:20:00 AM,07:20:00,Hot-Dry,2010-09-19 07:20:00,9
15.88954875,-19.22324626,LA14,2010-09-19,07:40:00 AM,07:40:00,Hot-Dry,2010-09-19 07:40:00,9
15.89223735,-19.22170817,LA14,2010-09-19,08:00:00 AM,08:00:00,Hot-Dry,2010-09-19 08:00:00,9
15.89382833,-19.21987915,LA14,2010-09-19,08:20:00 AM,08:20:00,Hot-Dry,2010-09-19 08:20:00,9
15.89533183,-19.2181132,LA14,2010-09-19,08:40:00 AM,08:40:00,Hot-Dry,2010-09-19 08:40:00,9
15.89577637,-19.21657918,LA14,2010-09-19,09:00:00 AM,09:00:00,Hot-Dry,2010-09-19 09:00:00,9
15.89674581,-19.21548055,LA14,2010-09-19,09:20:00 AM,09:20:00,Hot-Dry,2010-09-19 09:20:00,9
15.89757182,-19.21406453,LA14,2010-09-19,09:40:00 AM,09:40:00,Hot-Dry,2010-09-19 09:40:00,9
15.89799194,-19.21212972,LA14,2010-09-19,10:00:00 AM,10:00:00,Hot-Dry,2010-09-19 10:00:00,9
15.89786784,-19.21077474,LA14,2010-09-19,10:20:00 AM,10:20:00,Hot-Dry,2010-09-19 10:20:00,9
15.89886678,-19.20869954,LA14,2010-09-19,10:40:00 AM,10:40:00,Hot-Dry,2010-09-19 10:40:00,9
15.89914042,-19.20687052,LA14,2010-09-19,11:00:00 AM,11:00:00,Hot-Dry,2010-09-19 11:00:00,9
15.89914042,-19.20684001,LA14,2010-09-19,11:20:00 AM,11:20:00,Hot-Dry,2010-09-19 11:20:00,9
15.90009359,-19.20539551,LA14,2010-09-19,11:40:00 AM,11:40:00,Hot-Dry,2010-09-19 11:40:00,9
15.90079549,-19.20385335,LA14,2010-09-19,12:00:00 PM,12:00:00,Hot-Dry,2010-09-19 12:00:00,9
15.90062154,-19.20342814,LA14,2010-09-19,12:20:00 PM,12:20:00,Hot-Dry,2010-09-19 12:20:00,9
15.90064596,-19.20337118,LA14,2010-09-19,12:40:00 PM,12:40:00,Hot-Dry,2010-09-19 12:40:00,9
15.90066528,-19.2034139,LA14,2010-09-19,01:00:00 PM,13:00:00,Hot-Dry,2010-09-19 13:00:00,9
15.9006897,-19.20339559,LA14,2010-09-19,01:20:00 PM,13:20:00,Hot-Dry,2010-09-19 13:20:00,9
15.90069987,-19.20339152,LA14,2010-09-19,01:40:00 PM,13:40:00,Hot-Dry,2010-09-19 13:40:00,9
15.90067647,-19.20337321,LA14,2010-09-19,02:00:00 PM,14:00:00,Hot-Dry,2010-09-19 14:00:00,9
15.90067952,-19.20339152,LA14,2010-09-19,02:20:00 PM,14:20:00,Hot-Dry,2010-09-19 14:20:00,9
15.89995524,-19.20316772,LA14,2010-09-19,02:40:00 PM,14:40:00,Hot-Dry,2010-09-19 14:40:00,9
15.89990438,-19.2030721,LA14,2010-09-19,03:00:00 PM,15:00:00,Hot-Dry,2010-09-19 15:00:00,9
15.90033875,-19.20195516,LA14,2010-09-19,03:20:00 PM,15:20:00,Hot-Dry,2010-09-19 15:20:00,9
15.90073649,-19.20193888,LA14,2010-09-19,03:40:00 PM,15:40:00,Hot-Dry,2010-09-19 15:40:00,9
15.90092977,-19.19946493,LA14,2010-09-19,04:00:00 PM,16:00:00,Hot-Dry,2010-09-19 16:00:00,9
15.9018809,-19.19650065,LA14,2010-09-19,04:20:00 PM,16:20:00,Hot-Dry,2010-09-19 16:20:00,9
15.90245667,-19.19579875,LA14,2010-09-19,04:40:00 PM,16:40:00,Hot-Dry,2010-09-19 16:40:00,9
15.90465698,-19.1940328,LA14,2010-09-19,05:00:00 PM,17:00:00,Hot-Dry,2010-09-19 17:00:00,9
15.90798848,-19.19007568,LA14,2010-09-19,05:20:00 PM,17:20:00,Hot-Dry,2010-09-19 17:20:00,9
15.91386312,-19.18212484,LA14,2010-09-19,05:40:00 PM,17:40:00,Hot-Dry,2010-09-19 17:40:00,9
15.91551412,-19.18110148,LA14,2010-09-19,06:00:00 PM,18:00:00,Hot-Dry,2010-09-19 18:00:00,9
15.91869914,-19.18508911,LA14,2010-09-19,06:20:00 PM,18:20:00,Hot-Dry,2010-09-19 18:20:00,9
15.92677511,-19.18901774,LA14,2010-09-19,06:40:00 PM,18:40:00,Hot-Dry,2010-09-19 18:40:00,9
15.93369954,-19.19048665,LA14,2010-09-19,07:00:00 PM,19:00:00,Hot-Dry,2010-09-19 19:00:00,9
15.94348551,-19.19134115,LA14,2010-09-19,07:20:00 PM,19:20:00,Hot-Dry,2010-09-19 19:20:00,9
15.95388285,-19.19107056,LA14,2010-09-19,07:40:00 PM,19:40:00,Hot-Dry,2010-09-19 19:40:00,9
15.96030477,-19.19081421,LA14,2010-09-19,08:00:00 PM,20:00:00,Hot-Dry,2010-09-19 20:00:00,9
15.9619751,-19.19032593,LA14,2010-09-19,08:20:00 PM,20:20:00,Hot-Dry,2010-09-19 20:20:00,9
15.96238403,-19.1899943,LA14,2010-09-19,08:40:00 PM,20:40:00,Hot-Dry,2010-09-19 20:40:00,9
15.96263529,-19.18998006,LA14,2010-09-19,09:00:00 PM,21:00:00,Hot-Dry,2010-09-19 21:00:00,9
15.96314901,-19.18962402,LA14,2010-09-19,09:20:00 PM,21:20:00,Hot-Dry,2010-09-19 21:20:00,9
15.96697286,-19.19050903,LA14,2010-09-19,09:40:00 PM,21:40:00,Hot-Dry,2010-09-19 21:40:00,9
15.97272237,-19.19198812,LA14,2010-09-19,10:00:00 PM,22:00:00,Hot-Dry,2010-09-19 22:00:00,9
15.97494202,-19.1929952,LA14,2010-09-19,10:20:00 PM,22:20:00,Hot-Dry,2010-09-19 22:20:00,9
15.97605387,-19.19295451,LA14,2010-09-19,10:40:00 PM,22:40:00,Hot-Dry,2010-09-19 22:40:00,9
15.97715556,-19.19279175,LA14,2010-09-19,11:00:00 PM,23:00:00,Hot-Dry,2010-09-19 23:00:00,9
15.97852173,-19.19236654,LA14,2010-09-19,11:20:00 PM,23:20:00,Hot-Dry,2010-09-19 23:20:00,9
15.98028768,-19.19158529,LA14,2010-09-19,11:40:00 PM,23:40:00,Hot-Dry,2010-09-19 23:40:00,9
15.98131002,-19.19050903,LA14,2010-09-20,12:00:00 AM,00:00:00,Hot-Dry,2010-09-20 00:00:00,9
15.98228861,-19.18968506,LA14,2010-09-20,12:20:00 AM,00:20:00,Hot-Dry,2010-09-20 00:20:00,9
15.98286743,-19.18895671,LA14,2010-09-20,12:40:00 AM,00:40:00,Hot-Dry,2010-09-20 00:40:00,9
15.98300171,-19.18868001,LA14,2010-09-20,01:00:00 AM,01:00:00,Hot-Dry,2010-09-20 01:00:00,9
15.98296509,-19.18868001,LA14,2010-09-20,01:20:00 AM,01:20:00,Hot-Dry,2010-09-20 01:20:00,9
15.98304647,-19.18854777,LA14,2010-09-20,01:40:00 AM,01:40:00,Hot-Dry,2010-09-20 01:40:00,9
15.98297017,-19.18852132,LA14,2010-09-20,02:00:00 AM,02:00:00,Hot-Dry,2010-09-20 02:00:00,9
15.98296,-19.18852132,LA14,2010-09-20,02:20:00 AM,02:20:00,Hot-Dry,2010-09-20 02:20:00,9
15.9829539,-19.18850911,LA14,2010-09-20,02:40:00 AM,02:40:00,Hot-Dry,2010-09-20 02:40:00,9
15.98298238,-19.18850911,LA14,2010-09-20,03:00:00 AM,03:00:00,Hot-Dry,2010-09-20 03:00:00,9
15.98325907,-19.1883667,LA14,2010-09-20,03:20:00 AM,03:20:00,Hot-Dry,2010-09-20 03:20:00,9
15.98330383,-19.18829753,LA14,2010-09-20,03:40:00 AM,03:40:00,Hot-Dry,2010-09-20 03:40:00,9
15.98325907,-19.18837077,LA14,2010-09-20,04:00:00 AM,04:00:00,Hot-Dry,2010-09-20 04:00:00,9
15.98337809,-19.18825684,LA14,2010-09-20,04:20:00 AM,04:20:00,Hot-Dry,2010-09-20 04:20:00,9
15.98354085,-19.18814494,LA14,2010-09-20,04:40:00 AM,04:40:00,Hot-Dry,2010-09-20 04:40:00,9
15.98435364,-19.18780111,LA14,2010-09-20,05:00:00 AM,05:00:00,Hot-Dry,2010-09-20 05:00:00,9
15.98484701,-19.18637695,LA14,2010-09-20,05:20:00 AM,05:20:00,Hot-Dry,2010-09-20 05:20:00,9
15.98487752,-19.18545125,LA14,2010-09-20,05:40:00 AM,05:40:00,Hot-Dry,2010-09-20 05:40:00,9
15.98484701,-19.18486328,LA14,2010-09-20,06:00:00 AM,06:00:00,Hot-Dry,2010-09-20 06:00:00,9
15.98532715,-19.18218791,LA14,2010-09-20,06:20:00 AM,06:20:00,Hot-Dry,2010-09-20 06:20:00,9
15.98535767,-19.18003337,LA14,2010-09-20,06:40:00 AM,06:40:00,Hot-Dry,2010-09-20 06:40:00,9
15.98460592,-19.17745972,LA14,2010-09-20,07:00:00 AM,07:00:00,Hot-Dry,2010-09-20 07:00:00,9
15.98469137,-19.17554728,LA14,2010-09-20,07:20:00 AM,07:20:00,Hot-Dry,2010-09-20 07:20:00,9
15.98503825,-19.17455241,LA14,2010-09-20,07:40:00 AM,07:40:00,Hot-Dry,2010-09-20 07:40:00,9
15.98497009,-19.17295329,LA14,2010-09-20,08:00:00 AM,08:00:00,Hot-Dry,2010-09-20 08:00:00,9
15.98511454,-19.17183838,LA14,2010-09-20,08:20:00 AM,08:20:00,Hot-Dry,2010-09-20 08:20:00,9
15.98490601,-19.17124023,LA14,2010-09-20,08:40:00 AM,08:40:00,Hot-Dry,2010-09-20 08:40:00,9
15.98528035,-19.17066243,LA14,2010-09-20,09:00:00 AM,09:00:00,Hot-Dry,2010-09-20 09:00:00,9
15.98702799,-19.17035116,LA14,2010-09-20,09:20:00 AM,09:20:00,Hot-Dry,2010-09-20 09:20:00,9
15.98812663,-19.16906942,LA14,2010-09-20,09:40:00 AM,09:40:00,Hot-Dry,2010-09-20 09:40:00,9
15.99247131,-19.16680705,LA14,2010-09-20,10:00:00 AM,10:00:00,Hot-Dry,2010-09-20 10:00:00,9
15.9962382,-19.1631307,LA14,2010-09-20,10:20:00 AM,10:20:00,Hot-Dry,2010-09-20 10:20:00,9
15.99637349,-19.16360474,LA14,2010-09-20,10:40:00 AM,10:40:00,Hot-Dry,2010-09-20 10:40:00,9
15.99639181,-19.16356405,LA14,2010-09-20,11:00:00 AM,11:00:00,Hot-Dry,2010-09-20 11:00:00,9
15.99576619,-19.16321615,LA14,2010-09-20,11:20:00 AM,11:20:00,Hot-Dry,2010-09-20 11:20:00,9
15.99593709,-19.16381226,LA14,2010-09-20,11:40:00 AM,11:40:00,Hot-Dry,2010-09-20 11:40:00,9
15.99573059,-19.1633606,LA14,2010-09-20,12:00:00 PM,12:00:00,Hot-Dry,2010-09-20 12:00:00,9
15.99573466,-19.1633606,LA14,2010-09-20,12:20:00 PM,12:20:00,Hot-Dry,2010-09-20 12:20:00,9
15.99566752,-19.1633016,LA14,2010-09-20,12:40:00 PM,12:40:00,Hot-Dry,2010-09-20 12:40:00,9
15.99571228,-19.16325684,LA14,2010-09-20,01:00:00 PM,13:00:00,Hot-Dry,2010-09-20 13:00:00,9
15.99584249,-19.16323242,LA14,2010-09-20,01:20:00 PM,13:20:00,Hot-Dry,2010-09-20 13:20:00,9
15.99825948,-19.16572876,LA14,2010-09-20,01:40:00 PM,13:40:00,Hot-Dry,2010-09-20 13:40:00,9
16.00544128,-19.17154541,LA14,2010-09-20,02:00:00 PM,14:00:00,Hot-Dry,2010-09-20 14:00:00,9
16.00951335,-19.17390951,LA14,2010-09-20,02:20:00 PM,14:20:00,Hot-Dry,2010-09-20 14:20:00,9
16.01038513,-19.17428182,LA14,2010-09-20,02:40:00 PM,14:40:00,Hot-Dry,2010-09-20 14:40:00,9
16.01034342,-19.17427775,LA14,2010-09-20,03:00:00 PM,15:00:00,Hot-Dry,2010-09-20 15:00:00,9
16.01381226,-19.17629801,LA14,2010-09-20,03:20:00 PM,15:20:00,Hot-Dry,2010-09-20 15:20:00,9
16.01601868,-19.17753092,LA14,2010-09-20,03:40:00 PM,15:40:00,Hot-Dry,2010-09-20 15:40:00,9
16.01698405,-19.17807414,LA14,2010-09-20,04:00:00 PM,16:00:00,Hot-Dry,2010-09-20 16:00:00,9
16.01764425,-19.17856242,LA14,2010-09-20,04:20:00 PM,16:20:00,Hot-Dry,2010-09-20 16:20:00,9
16.01974792,-19.18056844,LA14,2010-09-20,04:40:00 PM,16:40:00,Hot-Dry,2010-09-20 16:40:00,9
16.02112935,-19.18201294,LA14,2010-09-20,05:00:00 PM,17:00:00,Hot-Dry,2010-09-20 17:00:00,9
16.026238,-19.18460693,LA14,2010-09-20,05:20:00 PM,17:20:00,Hot-Dry,2010-09-20 17:20:00,9
16.03205566,-19.18960775,LA14,2010-09-20,05:40:00 PM,17:40:00,Hot-Dry,2010-09-20 17:40:00,9
16.04034119,-19.19610799,LA14,2010-09-20,06:00:00 PM,18:00:00,Hot-Dry,2010-09-20 18:00:00,9
16.04978231,-19.20308634,LA14,2010-09-20,06:20:00 PM,18:20:00,Hot-Dry,2010-09-20 18:20:00,9
16.05880229,-19.21327108,LA14,2010-09-20,06:40:00 PM,18:40:00,Hot-Dry,2010-09-20 18:40:00,9
16.0601298,-19.21502686,LA14,2010-09-20,07:00:00 PM,19:00:00,Hot-Dry,2010-09-20 19:00:00,9
16.06635539,-19.22467651,LA14,2010-09-20,07:20:00 PM,19:20:00,Hot-Dry,2010-09-20 19:20:00,9
16.07150167,-19.22923991,LA14,2010-09-20,07:40:00 PM,19:40:00,Hot-Dry,2010-09-20 19:40:00,9
16.07490031,-19.23460286,LA14,2010-09-20,08:00:00 PM,20:00:00,Hot-Dry,2010-09-20 20:00:00,9
16.08007711,-19.24024455,LA14,2010-09-20,08:20:00 PM,20:20:00,Hot-Dry,2010-09-20 20:20:00,9
16.08128255,-19.24120483,LA14,2010-09-20,08:40:00 PM,20:40:00,Hot-Dry,2010-09-20 20:40:00,9
16.08269958,-19.24302572,LA14,2010-09-20,09:00:00 PM,21:00:00,Hot-Dry,2010-09-20 21:00:00,9
16.08314209,-19.24321696,LA14,2010-09-20,09:20:00 PM,21:20:00,Hot-Dry,2010-09-20 21:20:00,9
16.08314006,-19.24297282,LA14,2010-09-20,09:40:00 PM,21:40:00,Hot-Dry,2010-09-20 21:40:00,9
16.0831014,-19.24283651,LA14,2010-09-20,10:00:00 PM,22:00:00,Hot-Dry,2010-09-20 22:00:00,9
16.08351949,-19.24283447,LA14,2010-09-20,10:20:00 PM,22:20:00,Hot-Dry,2010-09-20 22:20:00,9
16.08435669,-19.24326579,LA14,2010-09-20,10:40:00 PM,22:40:00,Hot-Dry,2010-09-20 22:40:00,9
16.08550212,-19.24372762,LA14,2010-09-20,11:00:00 PM,23:00:00,Hot-Dry,2010-09-20 23:00:00,9
16.08655701,-19.24614868,LA14,2010-09-20,11:20:00 PM,23:20:00,Hot-Dry,2010-09-20 23:20:00,9
16.0861379,-19.24645386,LA14,2010-09-20,11:40:00 PM,23:40:00,Hot-Dry,2010-09-20 23:40:00,9
16.08561503,-19.24769897,LA14,2010-09-21,12:00:00 AM,00:00:00,Hot-Dry,2010-09-21 00:00:00,9
16.0842865,-19.24953817,LA14,2010-09-21,12:20:00 AM,00:20:00,Hot-Dry,2010-09-21 00:20:00,9
16.08309021,-19.25059814,LA14,2010-09-21,12:40:00 AM,00:40:00,Hot-Dry,2010-09-21 00:40:00,9
16.08302002,-19.25160319,LA14,2010-09-21,01:00:00 AM,01:00:00,Hot-Dry,2010-09-21 01:00:00,9
16.0829366,-19.25204061,LA14,2010-09-21,01:20:00 AM,01:20:00,Hot-Dry,2010-09-21 01:20:00,9
16.08292135,-19.25205485,LA14,2010-09-21,01:40:00 AM,01:40:00,Hot-Dry,2010-09-21 01:40:00,9
16.0829305,-19.25206299,LA14,2010-09-21,02:00:00 AM,02:00:00,Hot-Dry,2010-09-21 02:00:00,9
16.08279521,-19.25249634,LA14,2010-09-21,02:20:00 AM,02:20:00,Hot-Dry,2010-09-21 02:20:00,9
16.08280538,-19.25247803,LA14,2010-09-21,02:40:00 AM,02:40:00,Hot-Dry,2010-09-21 02:40:00,9
16.0823232,-19.25300293,LA14,2010-09-21,03:00:00 AM,03:00:00,Hot-Dry,2010-09-21 03:00:00,9
16.08287659,-19.25362549,LA14,2010-09-21,03:20:00 AM,03:20:00,Hot-Dry,2010-09-21 03:20:00,9
16.08383891,-19.25386556,LA14,2010-09-21,03:40:00 AM,03:40:00,Hot-Dry,2010-09-21 03:40:00,9
16.08425598,-19.2539978,LA14,2010-09-21,04:00:00 AM,04:00:00,Hot-Dry,2010-09-21 04:00:00,9
16.08434753,-19.25441081,LA14,2010-09-21,04:20:00 AM,04:20:00,Hot-Dry,2010-09-21 04:20:00,9
16.08287862,-19.25534261,LA14,2010-09-21,04:40:00 AM,04:40:00,Hot-Dry,2010-09-21 04:40:00,9
16.08192952,-19.25501912,LA14,2010-09-21,05:00:00 AM,05:00:00,Hot-Dry,2010-09-21 05:00:00,9
16.08232829,-19.25493368,LA14,2010-09-21,05:20:00 AM,05:20:00,Hot-Dry,2010-09-21 05:20:00,9
16.08301392,-19.25384928,LA14,2010-09-21,05:40:00 AM,05:40:00,Hot-Dry,2010-09-21 05:40:00,9
16.08346354,-19.25242513,LA14,2010-09-21,06:00:00 AM,06:00:00,Hot-Dry,2010-09-21 06:00:00,9
16.08366292,-19.25178426,LA14,2010-09-21,06:20:00 AM,06:20:00,Hot-Dry,2010-09-21 06:20:00,9
16.0836497,-19.25067952,LA14,2010-09-21,06:40:00 AM,06:40:00,Hot-Dry,2010-09-21 06:40:00,9
16.08322449,-19.24945272,LA14,2010-09-21,07:00:00 AM,07:00:00,Hot-Dry,2010-09-21 07:00:00,9
16.08322245,-19.24945679,LA14,2010-09-21,07:20:00 AM,07:20:00,Hot-Dry,2010-09-21 07:20:00,9
16.08321431,-19.24945272,LA14,2010-09-21,07:40:00 AM,07:40:00,Hot-Dry,2010-09-21 07:40:00,9
16.08323466,-19.24942017,LA14,2010-09-21,08:00:00 AM,08:00:00,Hot-Dry,2010-09-21 08:00:00,9
16.08324076,-19.24944051,LA14,2010-09-21,08:20:00 AM,08:20:00,Hot-Dry,2010-09-21 08:20:00,9
16.08321126,-19.24868368,LA14,2010-09-21,08:40:00 AM,08:40:00,Hot-Dry,2010-09-21 08:40:00,9
16.08329569,-19.24818522,LA14,2010-09-21,09:00:00 AM,09:00:00,Hot-Dry,2010-09-21 09:00:00,9
16.08303731,-19.24743449,LA14,2010-09-21,09:20:00 AM,09:20:00,Hot-Dry,2010-09-21 09:20:00,9
16.08295898,-19.24716593,LA14,2010-09-21,09:40:00 AM,09:40:00,Hot-Dry,2010-09-21 09:40:00,9
16.08288269,-19.24657389,LA14,2010-09-21,10:00:00 AM,10:00:00,Hot-Dry,2010-09-21 10:00:00,9
16.08297831,-19.24614461,LA14,2010-09-21,10:20:00 AM,10:20:00,Hot-Dry,2010-09-21 10:20:00,9
16.0829834,-19.24613647,LA14,2010-09-21,10:40:00 AM,10:40:00,Hot-Dry,2010-09-21 10:40:00,9
16.08298035,-19.24612223,LA14,2010-09-21,11:00:00 AM,11:00:00,Hot-Dry,2010-09-21 11:00:00,9
16.08294474,-19.24609578,LA14,2010-09-21,11:20:00 AM,11:20:00,Hot-Dry,2010-09-21 11:20:00,9
16.08293864,-19.24608765,LA14,2010-09-21,11:40:00 AM,11:40:00,Hot-Dry,2010-09-21 11:40:00,9
16.08294983,-19.24610596,LA14,2010-09-21,12:00:00 PM,12:00:00,Hot-Dry,2010-09-21 12:00:00,9
16.08259684,-19.2450826,LA14,2010-09-21,12:20:00 PM,12:20:00,Hot-Dry,2010-09-21 12:20:00,9
16.08202515,-19.24424845,LA14,2010-09-21,12:40:00 PM,12:40:00,Hot-Dry,2010-09-21 12:40:00,9
16.08171285,-19.24345907,LA14,2010-09-21,01:00:00 PM,13:00:00,Hot-Dry,2010-09-21 13:00:00,9
16.08217061,-19.24312337,LA14,2010-09-21,01:20:00 PM,13:20:00,Hot-Dry,2010-09-21 13:20:00,9
16.08219198,-19.2431071,LA14,2010-09-21,01:40:00 PM,13:40:00,Hot-Dry,2010-09-21 13:40:00,9
16.08217061,-19.24311523,LA14,2010-09-21,02:00:00 PM,14:00:00,Hot-Dry,2010-09-21 14:00:00,9
16.08219299,-19.24312744,LA14,2010-09-21,02:21:00 PM,14:21:00,Hot-Dry,2010-09-21 14:21:00,9
16.08116964,-19.24226278,LA14,2010-09-21,02:40:00 PM,14:40:00,Hot-Dry,2010-09-21 14:40:00,9
16.08089294,-19.24197998,LA14,2010-09-21,03:00:00 PM,15:00:00,Hot-Dry,2010-09-21 15:00:00,9
16.08125102,-19.24133911,LA14,2010-09-21,03:20:00 PM,15:20:00,Hot-Dry,2010-09-21 15:20:00,9
16.07827454,-19.23846029,LA14,2010-09-21,03:40:00 PM,15:40:00,Hot-Dry,2010-09-21 15:40:00,9
16.07777405,-19.23777466,LA14,2010-09-21,04:00:00 PM,16:00:00,Hot-Dry,2010-09-21 16:00:00,9
16.07605998,-19.23513794,LA14,2010-09-21,04:20:00 PM,16:20:00,Hot-Dry,2010-09-21 16:20:00,9
16.07551982,-19.23340454,LA14,2010-09-21,04:40:00 PM,16:40:00,Hot-Dry,2010-09-21 16:40:00,9
16.07465515,-19.23194784,LA14,2010-09-21,05:00:00 PM,17:00:00,Hot-Dry,2010-09-21 17:00:00,9
16.07258504,-19.22831217,LA14,2010-09-21,05:20:00 PM,17:20:00,Hot-Dry,2010-09-21 17:20:00,9
16.0687561,-19.22368164,LA14,2010-09-21,05:40:00 PM,17:40:00,Hot-Dry,2010-09-21 17:40:00,9
16.0641805,-19.22021484,LA14,2010-09-21,06:00:00 PM,18:00:00,Hot-Dry,2010-09-21 18:00:00,9
16.05903727,-19.21352132,LA14,2010-09-21,06:20:00 PM,18:20:00,Hot-Dry,2010-09-21 18:20:00,9
16.05861613,-19.21324666,LA14,2010-09-21,06:40:00 PM,18:40:00,Hot-Dry,2010-09-21 18:40:00,9
16.05883382,-19.2134786,LA14,2010-09-21,07:00:00 PM,19:00:00,Hot-Dry,2010-09-21 19:00:00,9
16.04908752,-19.20929769,LA14,2010-09-21,07:20:00 PM,19:20:00,Hot-Dry,2010-09-21 19:20:00,9
16.03890686,-19.20201009,LA14,2010-09-21,07:40:00 PM,19:40:00,Hot-Dry,2010-09-21 19:40:00,9
16.03155619,-19.19634196,LA14,2010-09-21,08:00:00 PM,20:00:00,Hot-Dry,2010-09-21 20:00:00,9
16.02418722,-19.19401652,LA14,2010-09-21,08:20:00 PM,20:20:00,Hot-Dry,2010-09-21 20:20:00,9
16.02058818,-19.19315999,LA14,2010-09-21,08:40:00 PM,20:40:00,Hot-Dry,2010-09-21 20:40:00,9
16.01386007,-19.19116007,LA14,2010-09-21,09:00:00 PM,21:00:00,Hot-Dry,2010-09-21 21:00:00,9
16.01054382,-19.19048665,LA14,2010-09-21,09:20:00 PM,21:20:00,Hot-Dry,2010-09-21 21:20:00,9
16.00970459,-19.18951619,LA14,2010-09-21,09:40:00 PM,21:40:00,Hot-Dry,2010-09-21 21:40:00,9
16.00934753,-19.18853963,LA14,2010-09-21,10:00:00 PM,22:00:00,Hot-Dry,2010-09-21 22:00:00,9
16.00769043,-19.18699341,LA14,2010-09-21,10:20:00 PM,22:20:00,Hot-Dry,2010-09-21 22:20:00,9
16.0057546,-19.18498332,LA14,2010-09-21,10:40:00 PM,22:40:00,Hot-Dry,2010-09-21 22:40:00,9
16.00522664,-19.18436483,LA14,2010-09-21,11:00:00 PM,23:00:00,Hot-Dry,2010-09-21 23:00:00,9
16.00493266,-19.18386027,LA14,2010-09-21,11:20:00 PM,23:20:00,Hot-Dry,2010-09-21 23:20:00,9
16.00465495,-19.18376465,LA14,2010-09-21,11:40:00 PM,23:40:00,Hot-Dry,2010-09-21 23:40:00,9
16.0045166,-19.18328247,LA14,2010-09-22,12:00:00 AM,00:00:00,Hot-Dry,2010-09-22 00:00:00,9
16.00350952,-19.18269246,LA14,2010-09-22,12:20:00 AM,00:20:00,Hot-Dry,2010-09-22 00:20:00,9
16.0034434,-19.18271281,LA14,2010-09-22,12:40:00 AM,00:40:00,Hot-Dry,2010-09-22 00:40:00,9
16.00246073,-19.18255615,LA14,2010-09-22,01:00:00 AM,01:00:00,Hot-Dry,2010-09-22 01:00:00,9
16.00163371,-19.18284912,LA14,2010-09-22,01:20:00 AM,01:20:00,Hot-Dry,2010-09-22 01:20:00,9
16.00161031,-19.18285319,LA14,2010-09-22,01:40:00 AM,01:40:00,Hot-Dry,2010-09-22 01:40:00,9
16.00083618,-19.18267822,LA14,2010-09-22,02:00:00 AM,02:00:00,Hot-Dry,2010-09-22 02:00:00,9
16.00012614,-19.18266398,LA14,2010-09-22,02:20:00 AM,02:20:00,Hot-Dry,2010-09-22 02:20:00,9
16.00016174,-19.18274536,LA14,2010-09-22,02:40:00 AM,02:40:00,Hot-Dry,2010-09-22 02:40:00,9
16.0002594,-19.18285319,LA14,2010-09-22,03:00:00 AM,03:00:00,Hot-Dry,2010-09-22 03:00:00,9
16.00024414,-19.18276978,LA14,2010-09-22,03:20:00 AM,03:20:00,Hot-Dry,2010-09-22 03:20:00,9
16.00018311,-19.1826355,LA14,2010-09-22,03:40:00 AM,03:40:00,Hot-Dry,2010-09-22 03:40:00,9
16.00017598,-19.18262533,LA14,2010-09-22,04:00:00 AM,04:00:00,Hot-Dry,2010-09-22 04:00:00,9
16.00018005,-19.18261108,LA14,2010-09-22,04:20:00 AM,04:20:00,Hot-Dry,2010-09-22 04:20:00,9
15.99987284,-19.18260498,LA14,2010-09-22,04:40:00 AM,04:40:00,Hot-Dry,2010-09-22 04:40:00,9
15.99916992,-19.18261719,LA14,2010-09-22,05:00:00 AM,05:00:00,Hot-Dry,2010-09-22 05:00:00,9
15.99727376,-19.18379313,LA14,2010-09-22,05:20:00 AM,05:20:00,Hot-Dry,2010-09-22 05:20:00,9
15.99655253,-19.18383993,LA14,2010-09-22,05:40:00 AM,05:40:00,Hot-Dry,2010-09-22 05:40:00,9
15.99653422,-19.18353271,LA14,2010-09-22,06:00:00 AM,06:00:00,Hot-Dry,2010-09-22 06:00:00,9
15.99645691,-19.1827596,LA14,2010-09-22,06:20:00 AM,06:20:00,Hot-Dry,2010-09-22 06:20:00,9
15.99641317,-19.18271281,LA14,2010-09-22,06:40:00 AM,06:40:00,Hot-Dry,2010-09-22 06:40:00,9
15.99604696,-19.18193156,LA14,2010-09-22,07:00:00 AM,07:00:00,Hot-Dry,2010-09-22 07:00:00,9
15.99598796,-19.18103638,LA14,2010-09-22,07:20:00 AM,07:20:00,Hot-Dry,2010-09-22 07:20:00,9
15.99607544,-19.1798055,LA14,2010-09-22,07:40:00 AM,07:40:00,Hot-Dry,2010-09-22 07:40:00,9
15.99541117,-19.17797038,LA14,2010-09-22,08:00:00 AM,08:00:00,Hot-Dry,2010-09-22 08:00:00,9
15.99418335,-19.17666423,LA14,2010-09-22,08:20:00 AM,08:20:00,Hot-Dry,2010-09-22 08:20:00,9
15.99253743,-19.17472738,LA14,2010-09-22,08:40:00 AM,08:40:00,Hot-Dry,2010-09-22 08:40:00,9
15.99216207,-19.17234294,LA14,2010-09-22,09:00:00 AM,09:00:00,Hot-Dry,2010-09-22 09:00:00,9
15.99261576,-19.16975911,LA14,2010-09-22,09:20:00 AM,09:20:00,Hot-Dry,2010-09-22 09:20:00,9
15.99297485,-19.16892293,LA14,2010-09-22,09:40:00 AM,09:40:00,Hot-Dry,2010-09-22 09:40:00,9
15.99524434,-19.16410929,LA14,2010-09-22,10:00:00 AM,10:00:00,Hot-Dry,2010-09-22 10:00:00,9
15.99577942,-19.16313273,LA14,2010-09-22,10:20:00 AM,10:20:00,Hot-Dry,2010-09-22 10:20:00,9
15.9946523,-19.1637675,LA14,2010-09-22,10:40:00 AM,10:40:00,Hot-Dry,2010-09-22 10:40:00,9
15.99465739,-19.16378174,LA14,2010-09-22,11:00:00 AM,11:00:00,Hot-Dry,2010-09-22 11:00:00,9
15.99442342,-19.16387736,LA14,2010-09-22,11:20:00 AM,11:20:00,Hot-Dry,2010-09-22 11:20:00,9
15.99610087,-19.16336263,LA14,2010-09-22,11:40:00 AM,11:40:00,Hot-Dry,2010-09-22 11:40:00,9
15.99463196,-19.16373088,LA14,2010-09-22,12:00:00 PM,12:00:00,Hot-Dry,2010-09-22 12:00:00,9
15.99464518,-19.16372884,LA14,2010-09-22,12:20:00 PM,12:20:00,Hot-Dry,2010-09-22 12:20:00,9
15.99463908,-19.16371663,LA14,2010-09-22,12:40:00 PM,12:40:00,Hot-Dry,2010-09-22 12:40:00,9
15.99463908,-19.16371663,LA14,2010-09-22,01:00:00 PM,13:00:00,Hot-Dry,2010-09-22 13:00:00,9
15.99463298,-19.16370443,LA14,2010-09-22,01:20:00 PM,13:20:00,Hot-Dry,2010-09-22 13:20:00,9
15.99190674,-19.16396281,LA14,2010-09-22,01:40:00 PM,13:40:00,Hot-Dry,2010-09-22 13:40:00,9
15.99021301,-19.16414795,LA14,2010-09-22,02:00:00 PM,14:00:00,Hot-Dry,2010-09-22 14:00:00,9
15.98893941,-19.16447957,LA14,2010-09-22,02:20:00 PM,14:20:00,Hot-Dry,2010-09-22 14:20:00,9
15.98632813,-19.16517334,LA14,2010-09-22,02:40:00 PM,14:40:00,Hot-Dry,2010-09-22 14:40:00,9
15.98575236,-19.16534017,LA14,2010-09-22,03:00:00 PM,15:00:00,Hot-Dry,2010-09-22 15:00:00,9
15.98486023,-19.16535848,LA14,2010-09-22,03:20:00 PM,15:20:00,Hot-Dry,2010-09-22 15:20:00,9
15.98373718,-19.1657959,LA14,2010-09-22,03:40:00 PM,15:40:00,Hot-Dry,2010-09-22 15:40:00,9
15.982724,-19.16657715,LA14,2010-09-22,04:00:00 PM,16:00:00,Hot-Dry,2010-09-22 16:00:00,9
15.98204447,-19.16714274,LA14,2010-09-22,04:20:00 PM,16:20:00,Hot-Dry,2010-09-22 16:20:00,9
15.98146159,-19.16779989,LA14,2010-09-22,04:40:00 PM,16:40:00,Hot-Dry,2010-09-22 16:40:00,9
15.97986959,-19.16854248,LA14,2010-09-22,05:00:00 PM,17:00:00,Hot-Dry,2010-09-22 17:00:00,9
15.974823,-19.16913452,LA14,2010-09-22,05:20:00 PM,17:20:00,Hot-Dry,2010-09-22 17:20:00,9
15.97318014,-19.16974284,LA14,2010-09-22,05:40:00 PM,17:40:00,Hot-Dry,2010-09-22 17:40:00,9
15.97088725,-19.17022909,LA14,2010-09-22,06:00:00 PM,18:00:00,Hot-Dry,2010-09-22 18:00:00,9
15.96589661,-19.17120158,LA14,2010-09-22,06:20:00 PM,18:20:00,Hot-Dry,2010-09-22 18:20:00,9
15.9647054,-19.17175496,LA14,2010-09-22,06:40:00 PM,18:40:00,Hot-Dry,2010-09-22 18:40:00,9
15.96296183,-19.17236328,LA14,2010-09-22,07:00:00 PM,19:00:00,Hot-Dry,2010-09-22 19:00:00,9
15.96260173,-19.17311401,LA14,2010-09-22,07:20:00 PM,19:20:00,Hot-Dry,2010-09-22 19:20:00,9
15.96250102,-19.17341309,LA14,2010-09-22,07:40:00 PM,19:40:00,Hot-Dry,2010-09-22 19:40:00,9
15.96225891,-19.1736674,LA14,2010-09-22,08:00:00 PM,20:00:00,Hot-Dry,2010-09-22 20:00:00,9
15.96216125,-19.17374268,LA14,2010-09-22,08:20:00 PM,20:20:00,Hot-Dry,2010-09-22 20:20:00,9
15.96191406,-19.1738505,LA14,2010-09-22,08:40:00 PM,20:40:00,Hot-Dry,2010-09-22 20:40:00,9
15.9607137,-19.17577718,LA14,2010-09-22,09:00:00 PM,21:00:00,Hot-Dry,2010-09-22 21:00:00,9
15.95969035,-19.17659505,LA14,2010-09-22,09:20:00 PM,21:20:00,Hot-Dry,2010-09-22 21:20:00,9
15.95849711,-19.17775472,LA14,2010-09-22,09:40:00 PM,21:40:00,Hot-Dry,2010-09-22 21:40:00,9
15.95791829,-19.17761027,LA14,2010-09-22,10:00:00 PM,22:00:00,Hot-Dry,2010-09-22 22:00:00,9
15.95693359,-19.17748413,LA14,2010-09-22,10:20:00 PM,22:20:00,Hot-Dry,2010-09-22 22:20:00,9
15.95681763,-19.17758179,LA14,2010-09-22,10:40:00 PM,22:40:00,Hot-Dry,2010-09-22 22:40:00,9
15.95563863,-19.17767537,LA14,2010-09-22,11:00:00 PM,23:00:00,Hot-Dry,2010-09-22 23:00:00,9
15.95511373,-19.17751668,LA14,2010-09-22,11:20:00 PM,23:20:00,Hot-Dry,2010-09-22 23:20:00,9
15.95516052,-19.17751872,LA14,2010-09-22,11:40:00 PM,23:40:00,Hot-Dry,2010-09-22 23:40:00,9
15.95510864,-19.17749837,LA14,2010-09-23,12:00:00 AM,00:00:00,Hot-Dry,2010-09-23 00:00:00,9
15.95512288,-19.17752075,LA14,2010-09-23,12:20:00 AM,00:20:00,Hot-Dry,2010-09-23 00:20:00,9
15.95505168,-19.17746989,LA14,2010-09-23,12:40:00 AM,00:40:00,Hot-Dry,2010-09-23 00:40:00,9
15.95503743,-19.17749227,LA14,2010-09-23,01:00:00 AM,01:00:00,Hot-Dry,2010-09-23 01:00:00,9
15.9551005,-19.17747396,LA14,2010-09-23,01:20:00 AM,01:20:00,Hot-Dry,2010-09-23 01:20:00,9
15.95512797,-19.17749634,LA14,2010-09-23,01:40:00 AM,01:40:00,Hot-Dry,2010-09-23 01:40:00,9
15.95508423,-19.17746785,LA14,2010-09-23,02:00:00 AM,02:00:00,Hot-Dry,2010-09-23 02:00:00,9
15.95505575,-19.17749227,LA14,2010-09-23,02:20:00 AM,02:20:00,Hot-Dry,2010-09-23 02:20:00,9
15.95516357,-19.17746785,LA14,2010-09-23,02:40:00 AM,02:40:00,Hot-Dry,2010-09-23 02:40:00,9
15.95467122,-19.17699178,LA14,2010-09-23,03:00:00 AM,03:00:00,Hot-Dry,2010-09-23 03:00:00,9
15.95461731,-19.1769694,LA14,2010-09-23,03:20:00 AM,03:20:00,Hot-Dry,2010-09-23 03:20:00,9
15.95480652,-19.17695516,LA14,2010-09-23,03:40:00 AM,03:40:00,Hot-Dry,2010-09-23 03:40:00,9
15.95484416,-19.17687581,LA14,2010-09-23,04:00:00 AM,04:00:00,Hot-Dry,2010-09-23 04:00:00,9
15.95513916,-19.17681681,LA14,2010-09-23,04:20:00 AM,04:20:00,Hot-Dry,2010-09-23 04:20:00,9
15.95508626,-19.17618612,LA14,2010-09-23,04:40:00 AM,04:40:00,Hot-Dry,2010-09-23 04:40:00,9
15.95502625,-19.17548014,LA14,2010-09-23,05:00:00 AM,05:00:00,Hot-Dry,2010-09-23 05:00:00,9
15.95451762,-19.17506917,LA14,2010-09-23,05:20:00 AM,05:20:00,Hot-Dry,2010-09-23 05:20:00,9
15.95469869,-19.17443237,LA14,2010-09-23,05:40:00 AM,05:40:00,Hot-Dry,2010-09-23 05:40:00,9
15.95535177,-19.17423503,LA14,2010-09-23,06:00:00 AM,06:00:00,Hot-Dry,2010-09-23 06:00:00,9
15.95540059,-19.17423706,LA14,2010-09-23,06:20:00 AM,06:20:00,Hot-Dry,2010-09-23 06:20:00,9
15.95446472,-19.17287801,LA14,2010-09-23,06:40:00 AM,06:40:00,Hot-Dry,2010-09-23 06:40:00,9
15.9540273,-19.1729777,LA14,2010-09-23,07:00:00 AM,07:00:00,Hot-Dry,2010-09-23 07:00:00,9
15.95375671,-19.17305908,LA14,2010-09-23,07:20:00 AM,07:20:00,Hot-Dry,2010-09-23 07:20:00,9
15.9534495,-19.1729126,LA14,2010-09-23,07:40:00 AM,07:40:00,Hot-Dry,2010-09-23 07:40:00,9
15.95337728,-19.17284546,LA14,2010-09-23,08:00:00 AM,08:00:00,Hot-Dry,2010-09-23 08:00:00,9
15.95333964,-19.1728597,LA14,2010-09-23,08:20:00 AM,08:20:00,Hot-Dry,2010-09-23 08:20:00,9
15.95275879,-19.17298787,LA14,2010-09-23,08:40:00 AM,08:40:00,Hot-Dry,2010-09-23 08:40:00,9
15.95205688,-19.17314046,LA14,2010-09-23,09:00:00 AM,09:00:00,Hot-Dry,2010-09-23 09:00:00,9
15.95078735,-19.17357788,LA14,2010-09-23,09:20:00 AM,09:20:00,Hot-Dry,2010-09-23 09:20:00,9
15.94773458,-19.17348836,LA14,2010-09-23,09:40:00 AM,09:40:00,Hot-Dry,2010-09-23 09:40:00,9
15.94429321,-19.17410482,LA14,2010-09-23,10:00:00 AM,10:00:00,Hot-Dry,2010-09-23 10:00:00,9
15.93682353,-19.17471517,LA14,2010-09-23,10:20:00 AM,10:20:00,Hot-Dry,2010-09-23 10:20:00,9
15.92612712,-19.17746175,LA14,2010-09-23,10:40:00 AM,10:40:00,Hot-Dry,2010-09-23 10:40:00,9
15.91661275,-19.18308512,LA14,2010-09-23,11:00:00 AM,11:00:00,Hot-Dry,2010-09-23 11:00:00,9
15.91541748,-19.18052979,LA14,2010-09-23,11:20:00 AM,11:20:00,Hot-Dry,2010-09-23 11:20:00,9
15.91568909,-19.18060303,LA14,2010-09-23,11:40:00 AM,11:40:00,Hot-Dry,2010-09-23 11:40:00,9
15.91594849,-19.1807251,LA14,2010-09-23,12:00:00 PM,12:00:00,Hot-Dry,2010-09-23 12:00:00,9
15.91595459,-19.18068034,LA14,2010-09-23,12:20:00 PM,12:20:00,Hot-Dry,2010-09-23 12:20:00,9
15.91594442,-19.18069865,LA14,2010-09-23,12:40:00 PM,12:40:00,Hot-Dry,2010-09-23 12:40:00,9
15.91579488,-19.18081055,LA14,2010-09-23,01:00:00 PM,13:00:00,Hot-Dry,2010-09-23 13:00:00,9
15.91029561,-19.18036296,LA14,2010-09-23,01:20:00 PM,13:20:00,Hot-Dry,2010-09-23 13:20:00,9
15.90646769,-19.17849731,LA14,2010-09-23,01:40:00 PM,13:40:00,Hot-Dry,2010-09-23 13:40:00,9
15.90456441,-19.17681071,LA14,2010-09-23,02:00:00 PM,14:00:00,Hot-Dry,2010-09-23 14:00:00,9
15.90071716,-19.17597453,LA14,2010-09-23,02:20:00 PM,14:20:00,Hot-Dry,2010-09-23 14:20:00,9
15.8968984,-19.17537638,LA14,2010-09-23,02:40:00 PM,14:40:00,Hot-Dry,2010-09-23 14:40:00,9
15.89510498,-19.174764,LA14,2010-09-23,03:00:00 PM,15:00:00,Hot-Dry,2010-09-23 15:00:00,9
15.89284465,-19.17483927,LA14,2010-09-23,03:20:00 PM,15:20:00,Hot-Dry,2010-09-23 15:20:00,9
15.89115906,-19.17483317,LA14,2010-09-23,03:40:00 PM,15:40:00,Hot-Dry,2010-09-23 15:40:00,9
15.88825582,-19.17527669,LA14,2010-09-23,04:00:00 PM,16:00:00,Hot-Dry,2010-09-23 16:00:00,9
15.8872172,-19.17457479,LA14,2010-09-23,04:20:00 PM,16:20:00,Hot-Dry,2010-09-23 16:20:00,9
15.88541056,-19.17544963,LA14,2010-09-23,04:40:00 PM,16:40:00,Hot-Dry,2010-09-23 16:40:00,9
15.88420003,-19.17569784,LA14,2010-09-23,05:00:00 PM,17:00:00,Hot-Dry,2010-09-23 17:00:00,9
15.88273722,-19.17567546,LA14,2010-09-23,05:20:00 PM,17:20:00,Hot-Dry,2010-09-23 17:20:00,9
15.88091634,-19.17780151,LA14,2010-09-23,05:40:00 PM,17:40:00,Hot-Dry,2010-09-23 17:40:00,9
15.87938029,-19.17847697,LA14,2010-09-23,06:00:00 PM,18:00:00,Hot-Dry,2010-09-23 18:00:00,9
15.87720133,-19.18037313,LA14,2010-09-23,06:20:00 PM,18:20:00,Hot-Dry,2010-09-23 18:20:00,9
15.87519633,-19.18082275,LA14,2010-09-23,06:40:00 PM,18:40:00,Hot-Dry,2010-09-23 18:40:00,9
15.87367655,-19.18280233,LA14,2010-09-23,07:00:00 PM,19:00:00,Hot-Dry,2010-09-23 19:00:00,9
15.87142741,-19.18500977,LA14,2010-09-23,07:20:00 PM,19:20:00,Hot-Dry,2010-09-23 19:20:00,9
15.86832784,-19.18720703,LA14,2010-09-23,07:40:00 PM,19:40:00,Hot-Dry,2010-09-23 19:40:00,9
15.86653137,-19.18838501,LA14,2010-09-23,08:00:00 PM,20:00:00,Hot-Dry,2010-09-23 20:00:00,9
15.86580607,-19.1887085,LA14,2010-09-23,08:20:00 PM,20:20:00,Hot-Dry,2010-09-23 20:20:00,9
15.86456197,-19.190802,LA14,2010-09-23,08:40:00 PM,20:40:00,Hot-Dry,2010-09-23 20:40:00,9
15.86324972,-19.19518636,LA14,2010-09-23,09:00:00 PM,21:00:00,Hot-Dry,2010-09-23 21:00:00,9
15.85928446,-19.20123291,LA14,2010-09-23,09:20:00 PM,21:20:00,Hot-Dry,2010-09-23 21:20:00,9
15.85793355,-19.2055481,LA14,2010-09-23,09:40:00 PM,21:40:00,Hot-Dry,2010-09-23 21:40:00,9
15.85774841,-19.20620931,LA14,2010-09-23,10:00:00 PM,22:00:00,Hot-Dry,2010-09-23 22:00:00,9
15.85737813,-19.20641886,LA14,2010-09-23,10:20:00 PM,22:20:00,Hot-Dry,2010-09-23 22:20:00,9
15.8582255,-19.20814006,LA14,2010-09-23,10:40:00 PM,22:40:00,Hot-Dry,2010-09-23 22:40:00,9
15.85829468,-19.20857137,LA14,2010-09-23,11:00:00 PM,23:00:00,Hot-Dry,2010-09-23 23:00:00,9
15.85942078,-19.20910645,LA14,2010-09-23,11:20:00 PM,23:20:00,Hot-Dry,2010-09-23 23:20:00,9
15.85945536,-19.20912476,LA14,2010-09-23,11:40:00 PM,23:40:00,Hot-Dry,2010-09-23 23:40:00,9
15.85945028,-19.20912679,LA14,2010-09-24,12:00:00 AM,00:00:00,Hot-Dry,2010-09-24 00:00:00,9
15.85927429,-19.2092041,LA14,2010-09-24,12:20:00 AM,00:20:00,Hot-Dry,2010-09-24 00:20:00,9
15.85925598,-19.20920003,LA14,2010-09-24,12:40:00 AM,00:40:00,Hot-Dry,2010-09-24 00:40:00,9
15.85943604,-19.20974528,LA14,2010-09-24,01:00:00 AM,01:00:00,Hot-Dry,2010-09-24 01:00:00,9
15.86072184,-19.21104736,LA14,2010-09-24,01:20:00 AM,01:20:00,Hot-Dry,2010-09-24 01:20:00,9
15.86188456,-19.21335856,LA14,2010-09-24,01:40:00 AM,01:40:00,Hot-Dry,2010-09-24 01:40:00,9
15.86197103,-19.21333008,LA14,2010-09-24,02:00:00 AM,02:00:00,Hot-Dry,2010-09-24 02:00:00,9
15.86199951,-19.21405843,LA14,2010-09-24,02:20:00 AM,02:20:00,Hot-Dry,2010-09-24 02:20:00,9
15.86205139,-19.21470337,LA14,2010-09-24,02:40:00 AM,02:40:00,Hot-Dry,2010-09-24 02:40:00,9
15.86205343,-19.21470337,LA14,2010-09-24,03:00:00 AM,03:00:00,Hot-Dry,2010-09-24 03:00:00,9
15.86208293,-19.21464844,LA14,2010-09-24,03:20:00 AM,03:20:00,Hot-Dry,2010-09-24 03:20:00,9
15.86204122,-19.21465047,LA14,2010-09-24,03:40:00 AM,03:40:00,Hot-Dry,2010-09-24 03:40:00,9
15.86207072,-19.21467896,LA14,2010-09-24,04:00:00 AM,04:00:00,Hot-Dry,2010-09-24 04:00:00,9
15.86205444,-19.21467285,LA14,2010-09-24,04:20:00 AM,04:20:00,Hot-Dry,2010-09-24 04:20:00,9
15.86205241,-19.21465454,LA14,2010-09-24,04:40:00 AM,04:40:00,Hot-Dry,2010-09-24 04:40:00,9
15.86269328,-19.21500854,LA14,2010-09-24,05:00:00 AM,05:00:00,Hot-Dry,2010-09-24 05:00:00,9
15.86321513,-19.215979,LA14,2010-09-24,05:20:00 AM,05:20:00,Hot-Dry,2010-09-24 05:20:00,9
15.86393229,-19.21631877,LA14,2010-09-24,05:40:00 AM,05:40:00,Hot-Dry,2010-09-24 05:40:00,9
15.86410217,-19.21641846,LA14,2010-09-24,06:00:00 AM,06:00:00,Hot-Dry,2010-09-24 06:00:00,9
15.86518148,-19.21654663,LA14,2010-09-24,06:20:00 AM,06:20:00,Hot-Dry,2010-09-24 06:20:00,9
15.86631673,-19.21566976,LA14,2010-09-24,06:40:00 AM,06:40:00,Hot-Dry,2010-09-24 06:40:00,9
15.86757304,-19.21467285,LA14,2010-09-24,07:00:00 AM,07:00:00,Hot-Dry,2010-09-24 07:00:00,9
15.86916911,-19.212264,LA14,2010-09-24,07:20:00 AM,07:20:00,Hot-Dry,2010-09-24 07:20:00,9
15.86988525,-19.2113505,LA14,2010-09-24,07:40:00 AM,07:40:00,Hot-Dry,2010-09-24 07:40:00,9
15.87027079,-19.20965576,LA14,2010-09-24,08:00:00 AM,08:00:00,Hot-Dry,2010-09-24 08:00:00,9
15.87060852,-19.20917358,LA14,2010-09-24,08:20:00 AM,08:20:00,Hot-Dry,2010-09-24 08:20:00,9
15.87249959,-19.20746257,LA14,2010-09-24,08:40:00 AM,08:40:00,Hot-Dry,2010-09-24 08:40:00,9
15.87361145,-19.20655721,LA14,2010-09-24,09:00:00 AM,09:00:00,Hot-Dry,2010-09-24 09:00:00,9
15.87439473,-19.20624797,LA14,2010-09-24,09:20:00 AM,09:20:00,Hot-Dry,2010-09-24 09:20:00,9
15.87545573,-19.2055603,LA14,2010-09-24,09:40:00 AM,09:40:00,Hot-Dry,2010-09-24 09:40:00,9
15.87696635,-19.20489095,LA14,2010-09-24,10:00:00 AM,10:00:00,Hot-Dry,2010-09-24 10:00:00,9
15.87746379,-19.20398763,LA14,2010-09-24,10:20:00 AM,10:20:00,Hot-Dry,2010-09-24 10:20:00,9
15.87745158,-19.20398356,LA14,2010-09-24,10:40:00 AM,10:40:00,Hot-Dry,2010-09-24 10:40:00,9
15.87740072,-19.20396729,LA14,2010-09-24,11:00:00 AM,11:00:00,Hot-Dry,2010-09-24 11:00:00,9
15.87741089,-19.20397949,LA14,2010-09-24,11:20:00 AM,11:20:00,Hot-Dry,2010-09-24 11:20:00,9
15.89671733,-19.18776042,LA14,2010-09-24,02:41:00 PM,14:41:00,Hot-Dry,2010-09-24 14:41:00,9
15.89832764,-19.18751017,LA14,2010-09-24,03:00:00 PM,15:00:00,Hot-Dry,2010-09-24 15:00:00,9
15.90335286,-19.18614705,LA14,2010-09-24,03:20:00 PM,15:20:00,Hot-Dry,2010-09-24 15:20:00,9
15.91072286,-19.18184611,LA14,2010-09-24,03:40:00 PM,15:40:00,Hot-Dry,2010-09-24 15:40:00,9
15.91610921,-19.18086955,LA14,2010-09-24,04:00:00 PM,16:00:00,Hot-Dry,2010-09-24 16:00:00,9
15.91070862,-19.18369344,LA14,2010-09-24,04:20:00 PM,16:20:00,Hot-Dry,2010-09-24 16:20:00,9
15.90655823,-19.18190308,LA14,2010-09-24,04:40:00 PM,16:40:00,Hot-Dry,2010-09-24 16:40:00,9
15.90263062,-19.1786377,LA14,2010-09-24,05:00:00 PM,17:00:00,Hot-Dry,2010-09-24 17:00:00,9
15.89933879,-19.17779134,LA14,2010-09-24,05:20:00 PM,17:20:00,Hot-Dry,2010-09-24 17:20:00,9
15.89659322,-19.17716268,LA14,2010-09-24,05:40:00 PM,17:40:00,Hot-Dry,2010-09-24 17:40:00,9
15.89539185,-19.17720133,LA14,2010-09-24,06:00:00 PM,18:00:00,Hot-Dry,2010-09-24 18:00:00,9
15.8947347,-19.17700399,LA14,2010-09-24,06:20:00 PM,18:20:00,Hot-Dry,2010-09-24 18:20:00,9
15.89373474,-19.17814331,LA14,2010-09-24,06:40:00 PM,18:40:00,Hot-Dry,2010-09-24 18:40:00,9
15.89273071,-19.17900391,LA14,2010-09-24,07:00:00 PM,19:00:00,Hot-Dry,2010-09-24 19:00:00,9
15.89219462,-19.17972819,LA14,2010-09-24,07:20:00 PM,19:20:00,Hot-Dry,2010-09-24 19:20:00,9
15.8912384,-19.18023275,LA14,2010-09-24,07:40:00 PM,19:40:00,Hot-Dry,2010-09-24 19:40:00,9
15.8894399,-19.18114827,LA14,2010-09-24,08:00:00 PM,20:00:00,Hot-Dry,2010-09-24 20:00:00,9
15.8879008,-19.18188273,LA14,2010-09-24,08:20:00 PM,20:20:00,Hot-Dry,2010-09-24 20:20:00,9
15.88720194,-19.18218791,LA14,2010-09-24,08:40:00 PM,20:40:00,Hot-Dry,2010-09-24 20:40:00,9
15.88491007,-19.18309937,LA14,2010-09-24,09:00:00 PM,21:00:00,Hot-Dry,2010-09-24 21:00:00,9
15.88353678,-19.18480021,LA14,2010-09-24,09:20:00 PM,21:20:00,Hot-Dry,2010-09-24 21:20:00,9
15.88269043,-19.18544312,LA14,2010-09-24,09:40:00 PM,21:40:00,Hot-Dry,2010-09-24 21:40:00,9
15.88015951,-19.1895874,LA14,2010-09-24,10:00:00 PM,22:00:00,Hot-Dry,2010-09-24 22:00:00,9
15.87960002,-19.19194336,LA14,2010-09-24,10:20:00 PM,22:20:00,Hot-Dry,2010-09-24 22:20:00,9
15.87830709,-19.19632161,LA14,2010-09-24,10:40:00 PM,22:40:00,Hot-Dry,2010-09-24 22:40:00,9
15.87712809,-19.19974162,LA14,2010-09-24,11:00:00 PM,23:00:00,Hot-Dry,2010-09-24 23:00:00,9
15.87771098,-19.2036438,LA14,2010-09-24,11:20:00 PM,23:20:00,Hot-Dry,2010-09-24 23:20:00,9
15.87767741,-19.20467529,LA14,2010-09-24,11:40:00 PM,23:40:00,Hot-Dry,2010-09-24 23:40:00,9
15.87869263,-19.20707601,LA14,2010-09-25,12:00:00 AM,00:00:00,Hot-Dry,2010-09-25 00:00:00,9
15.87915243,-19.20845744,LA14,2010-09-25,12:20:00 AM,00:20:00,Hot-Dry,2010-09-25 00:20:00,9
15.87974141,-19.2087382,LA14,2010-09-25,12:40:00 AM,00:40:00,Hot-Dry,2010-09-25 00:40:00,9
15.87989299,-19.20872396,LA14,2010-09-25,01:00:00 AM,01:00:00,Hot-Dry,2010-09-25 01:00:00,9
15.87981873,-19.20876058,LA14,2010-09-25,01:20:00 AM,01:20:00,Hot-Dry,2010-09-25 01:20:00,9
15.87978923,-19.2088033,LA14,2010-09-25,01:40:00 AM,01:40:00,Hot-Dry,2010-09-25 01:40:00,9
15.87982381,-19.2087911,LA14,2010-09-25,02:00:00 AM,02:00:00,Hot-Dry,2010-09-25 02:00:00,9
15.87978719,-19.20880534,LA14,2010-09-25,02:20:00 AM,02:20:00,Hot-Dry,2010-09-25 02:20:00,9
15.87977295,-19.20880941,LA14,2010-09-25,02:40:00 AM,02:40:00,Hot-Dry,2010-09-25 02:40:00,9
15.87985229,-19.20879517,LA14,2010-09-25,03:00:00 AM,03:00:00,Hot-Dry,2010-09-25 03:00:00,9
15.87985942,-19.20877889,LA14,2010-09-25,03:20:00 AM,03:20:00,Hot-Dry,2010-09-25 03:20:00,9
15.87983907,-19.20877075,LA14,2010-09-25,03:40:00 AM,03:40:00,Hot-Dry,2010-09-25 03:40:00,9
15.87981262,-19.20876261,LA14,2010-09-25,04:00:00 AM,04:00:00,Hot-Dry,2010-09-25 04:00:00,9
15.88020935,-19.20936076,LA14,2010-09-25,04:20:00 AM,04:20:00,Hot-Dry,2010-09-25 04:20:00,9
15.88053182,-19.21008708,LA14,2010-09-25,04:40:00 AM,04:40:00,Hot-Dry,2010-09-25 04:40:00,9
15.88112895,-19.21018066,LA14,2010-09-25,05:00:00 AM,05:00:00,Hot-Dry,2010-09-25 05:00:00,9
15.88165181,-19.21038615,LA14,2010-09-25,05:20:00 AM,05:20:00,Hot-Dry,2010-09-25 05:20:00,9
15.88220113,-19.21015015,LA14,2010-09-25,05:40:00 AM,05:40:00,Hot-Dry,2010-09-25 05:40:00,9
15.88248393,-19.20997721,LA14,2010-09-25,06:00:00 AM,06:00:00,Hot-Dry,2010-09-25 06:00:00,9
15.88340454,-19.20997111,LA14,2010-09-25,06:20:00 AM,06:20:00,Hot-Dry,2010-09-25 06:20:00,9
15.88494161,-19.20860799,LA14,2010-09-25,06:40:00 AM,06:40:00,Hot-Dry,2010-09-25 06:40:00,9
15.88563538,-19.20825399,LA14,2010-09-25,07:00:00 AM,07:00:00,Hot-Dry,2010-09-25 07:00:00,9
15.88691813,-19.20709025,LA14,2010-09-25,07:20:00 AM,07:20:00,Hot-Dry,2010-09-25 07:20:00,9
15.88775431,-19.20605265,LA14,2010-09-25,07:40:00 AM,07:40:00,Hot-Dry,2010-09-25 07:40:00,9
15.88864034,-19.20552368,LA14,2010-09-25,08:00:00 AM,08:00:00,Hot-Dry,2010-09-25 08:00:00,9
15.89020691,-19.20570679,LA14,2010-09-25,08:20:00 AM,08:20:00,Hot-Dry,2010-09-25 08:20:00,9
15.89071452,-19.20536499,LA14,2010-09-25,08:40:00 AM,08:40:00,Hot-Dry,2010-09-25 08:40:00,9
15.89184265,-19.2048055,LA14,2010-09-25,09:00:00 AM,09:00:00,Hot-Dry,2010-09-25 09:00:00,9
15.89362996,-19.20437826,LA14,2010-09-25,09:20:00 AM,09:20:00,Hot-Dry,2010-09-25 09:20:00,9
15.89548543,-19.20312093,LA14,2010-09-25,09:40:00 AM,09:40:00,Hot-Dry,2010-09-25 09:40:00,9
15.89634196,-19.20209554,LA14,2010-09-25,10:00:00 AM,10:00:00,Hot-Dry,2010-09-25 10:00:00,9
15.89706217,-19.20158895,LA14,2010-09-25,10:20:00 AM,10:20:00,Hot-Dry,2010-09-25 10:20:00,9
15.8977122,-19.20078125,LA14,2010-09-25,10:40:00 AM,10:40:00,Hot-Dry,2010-09-25 10:40:00,9
15.9013092,-19.19890137,LA14,2010-09-25,11:00:00 AM,11:00:00,Hot-Dry,2010-09-25 11:00:00,9
15.90182292,-19.19859212,LA14,2010-09-25,11:20:00 AM,11:20:00,Hot-Dry,2010-09-25 11:20:00,9
15.9019989,-19.19846191,LA14,2010-09-25,11:40:00 AM,11:40:00,Hot-Dry,2010-09-25 11:40:00,9
15.90491842,-19.19431763,LA14,2010-09-25,12:00:00 PM,12:00:00,Hot-Dry,2010-09-25 12:00:00,9
15.90987854,-19.18688354,LA14,2010-09-25,12:20:00 PM,12:20:00,Hot-Dry,2010-09-25 12:20:00,9
15.91568807,-19.18051961,LA14,2010-09-25,12:40:00 PM,12:40:00,Hot-Dry,2010-09-25 12:40:00,9
15.90840658,-19.17545166,LA14,2010-09-25,01:00:00 PM,13:00:00,Hot-Dry,2010-09-25 13:00:00,9
15.90649923,-19.17454631,LA14,2010-09-25,01:20:00 PM,13:20:00,Hot-Dry,2010-09-25 13:20:00,9
15.90585938,-19.1735026,LA14,2010-09-25,01:40:00 PM,13:40:00,Hot-Dry,2010-09-25 13:40:00,9
15.90259094,-19.1731425,LA14,2010-09-25,02:00:00 PM,14:00:00,Hot-Dry,2010-09-25 14:00:00,9
15.90076192,-19.17304077,LA14,2010-09-25,02:20:00 PM,14:20:00,Hot-Dry,2010-09-25 14:20:00,9
15.90083313,-19.17209269,LA14,2010-09-25,02:40:00 PM,14:40:00,Hot-Dry,2010-09-25 14:40:00,9
15.90171407,-19.17111003,LA14,2010-09-25,03:00:00 PM,15:00:00,Hot-Dry,2010-09-25 15:00:00,9
15.90716248,-19.16810099,LA14,2010-09-25,03:20:00 PM,15:20:00,Hot-Dry,2010-09-25 15:20:00,9
15.91240845,-19.17109985,LA14,2010-09-25,03:40:00 PM,15:40:00,Hot-Dry,2010-09-25 15:40:00,9
15.91411743,-19.17965495,LA14,2010-09-25,04:00:00 PM,16:00:00,Hot-Dry,2010-09-25 16:00:00,9
15.91720378,-19.18346151,LA14,2010-09-25,04:20:00 PM,16:20:00,Hot-Dry,2010-09-25 16:20:00,9
15.92388,-19.18974202,LA14,2010-09-25,04:40:00 PM,16:40:00,Hot-Dry,2010-09-25 16:40:00,9
15.93431702,-19.19301554,LA14,2010-09-25,05:00:00 PM,17:00:00,Hot-Dry,2010-09-25 17:00:00,9
15.94033305,-19.19309692,LA14,2010-09-25,05:20:00 PM,17:20:00,Hot-Dry,2010-09-25 17:20:00,9
15.94511108,-19.19390055,LA14,2010-09-25,05:40:00 PM,17:40:00,Hot-Dry,2010-09-25 17:40:00,9
15.94730632,-19.19460653,LA14,2010-09-25,06:00:00 PM,18:00:00,Hot-Dry,2010-09-25 18:00:00,9
15.95025533,-19.19507853,LA14,2010-09-25,06:20:00 PM,18:20:00,Hot-Dry,2010-09-25 18:20:00,9
15.95071004,-19.19471232,LA14,2010-09-25,06:40:00 PM,18:40:00,Hot-Dry,2010-09-25 18:40:00,9
15.95978088,-19.18533936,LA14,2010-09-26,12:20:00 AM,00:20:00,Hot-Dry,2010-09-26 00:20:00,9
15.95981445,-19.18533122,LA14,2010-09-26,12:40:00 AM,00:40:00,Hot-Dry,2010-09-26 00:40:00,9
15.95982259,-19.1853068,LA14,2010-09-26,01:00:00 AM,01:00:00,Hot-Dry,2010-09-26 01:00:00,9
15.95976969,-19.18533122,LA14,2010-09-26,01:20:00 AM,01:20:00,Hot-Dry,2010-09-26 01:20:00,9
15.9598053,-19.18534546,LA14,2010-09-26,01:40:00 AM,01:40:00,Hot-Dry,2010-09-26 01:40:00,9
15.95973307,-19.1854248,LA14,2010-09-26,02:00:00 AM,02:00:00,Hot-Dry,2010-09-26 02:00:00,9
15.95982259,-19.18538818,LA14,2010-09-26,02:20:00 AM,02:20:00,Hot-Dry,2010-09-26 02:20:00,9
15.95978597,-19.18541056,LA14,2010-09-26,02:40:00 AM,02:40:00,Hot-Dry,2010-09-26 02:40:00,9
15.95976766,-19.18543294,LA14,2010-09-26,03:00:00 AM,03:00:00,Hot-Dry,2010-09-26 03:00:00,9
15.95980428,-19.18543091,LA14,2010-09-26,03:20:00 AM,03:20:00,Hot-Dry,2010-09-26 03:20:00,9
15.95980021,-19.1853658,LA14,2010-09-26,03:40:00 AM,03:40:00,Hot-Dry,2010-09-26 03:40:00,9
15.95976969,-19.18534749,LA14,2010-09-26,04:00:00 AM,04:00:00,Hot-Dry,2010-09-26 04:00:00,9
15.95977173,-19.18536377,LA14,2010-09-26,04:20:00 AM,04:20:00,Hot-Dry,2010-09-26 04:20:00,9
15.95980123,-19.18535156,LA14,2010-09-26,04:40:00 AM,04:40:00,Hot-Dry,2010-09-26 04:40:00,9
15.95968018,-19.18536784,LA14,2010-09-26,05:00:00 AM,05:00:00,Hot-Dry,2010-09-26 05:00:00,9
15.95958761,-19.18492839,LA14,2010-09-26,05:20:00 AM,05:20:00,Hot-Dry,2010-09-26 05:20:00,9
15.95940145,-19.18491007,LA14,2010-09-26,05:40:00 AM,05:40:00,Hot-Dry,2010-09-26 05:40:00,9
15.95933024,-19.18432414,LA14,2010-09-26,06:00:00 AM,06:00:00,Hot-Dry,2010-09-26 06:00:00,9
15.95898844,-19.1837972,LA14,2010-09-26,06:20:00 AM,06:20:00,Hot-Dry,2010-09-26 06:20:00,9
15.95867513,-19.18380941,LA14,2010-09-26,06:40:00 AM,06:40:00,Hot-Dry,2010-09-26 06:40:00,9
15.95855204,-19.18393758,LA14,2010-09-26,07:00:00 AM,07:00:00,Hot-Dry,2010-09-26 07:00:00,9
15.95858866,-19.18333944,LA14,2010-09-26,07:20:00 AM,07:20:00,Hot-Dry,2010-09-26 07:20:00,9
15.95922343,-19.18254395,LA14,2010-09-26,07:40:00 AM,07:40:00,Hot-Dry,2010-09-26 07:40:00,9
15.96057638,-19.18112183,LA14,2010-09-26,08:00:00 AM,08:00:00,Hot-Dry,2010-09-26 08:00:00,9
15.96310933,-19.17874552,LA14,2010-09-26,08:20:00 AM,08:20:00,Hot-Dry,2010-09-26 08:20:00,9
15.96887817,-19.17441813,LA14,2010-09-26,08:40:00 AM,08:40:00,Hot-Dry,2010-09-26 08:40:00,9
15.97940267,-19.17209269,LA14,2010-09-26,09:00:00 AM,09:00:00,Hot-Dry,2010-09-26 09:00:00,9
15.9876414,-19.16739705,LA14,2010-09-26,09:20:00 AM,09:20:00,Hot-Dry,2010-09-26 09:20:00,9
15.99642639,-19.16367391,LA14,2010-09-26,09:40:00 AM,09:40:00,Hot-Dry,2010-09-26 09:40:00,9
15.99578654,-19.16321818,LA14,2010-09-26,10:00:00 AM,10:00:00,Hot-Dry,2010-09-26 10:00:00,9
15.99583944,-19.16329956,LA14,2010-09-26,10:20:00 AM,10:20:00,Hot-Dry,2010-09-26 10:20:00,9
15.99574788,-19.16330363,LA14,2010-09-26,10:40:00 AM,10:40:00,Hot-Dry,2010-09-26 10:40:00,9
15.995755,-19.1633138,LA14,2010-09-26,11:00:00 AM,11:00:00,Hot-Dry,2010-09-26 11:00:00,9
15.99601237,-19.1635498,LA14,2010-09-26,11:20:00 AM,11:20:00,Hot-Dry,2010-09-26 11:20:00,9
15.99588623,-19.16346029,LA14,2010-09-26,11:40:00 AM,11:40:00,Hot-Dry,2010-09-26 11:40:00,9
15.99583944,-19.1633606,LA14,2010-09-26,12:00:00 PM,12:00:00,Hot-Dry,2010-09-26 12:00:00,9
15.99592489,-19.16345622,LA14,2010-09-26,12:20:00 PM,12:20:00,Hot-Dry,2010-09-26 12:20:00,9
15.99586894,-19.16316121,LA14,2010-09-26,12:40:00 PM,12:40:00,Hot-Dry,2010-09-26 12:40:00,9
15.99676819,-19.16418864,LA14,2010-09-26,01:00:00 PM,13:00:00,Hot-Dry,2010-09-26 13:00:00,9
16.00078735,-19.1673584,LA14,2010-09-26,01:20:00 PM,13:20:00,Hot-Dry,2010-09-26 13:20:00,9
16.0059082,-19.17197673,LA14,2010-09-26,01:40:00 PM,13:40:00,Hot-Dry,2010-09-26 13:40:00,9
16.00625102,-19.17270304,LA14,2010-09-26,02:00:00 PM,14:00:00,Hot-Dry,2010-09-26 14:00:00,9
16.00753479,-19.17496338,LA14,2010-09-26,02:20:00 PM,14:20:00,Hot-Dry,2010-09-26 14:20:00,9
16.00842387,-19.17598063,LA14,2010-09-26,02:40:00 PM,14:40:00,Hot-Dry,2010-09-26 14:40:00,9
16.01086629,-19.17830811,LA14,2010-09-26,03:00:00 PM,15:00:00,Hot-Dry,2010-09-26 15:00:00,9
16.01322734,-19.17987264,LA14,2010-09-26,03:20:00 PM,15:20:00,Hot-Dry,2010-09-26 15:20:00,9
16.01394958,-19.18081462,LA14,2010-09-26,03:40:00 PM,15:40:00,Hot-Dry,2010-09-26 15:40:00,9
16.01577148,-19.18320313,LA14,2010-09-26,04:00:00 PM,16:00:00,Hot-Dry,2010-09-26 16:00:00,9
16.01830037,-19.18555908,LA14,2010-09-26,04:20:00 PM,16:20:00,Hot-Dry,2010-09-26 16:20:00,9
16.02027893,-19.18770549,LA14,2010-09-26,04:40:00 PM,16:40:00,Hot-Dry,2010-09-26 16:40:00,9
16.02342224,-19.19007161,LA14,2010-09-26,05:00:00 PM,17:00:00,Hot-Dry,2010-09-26 17:00:00,9
16.03298136,-19.19373779,LA14,2010-09-26,05:20:00 PM,17:20:00,Hot-Dry,2010-09-26 17:20:00,9
16.04410197,-19.19933675,LA14,2010-09-26,05:40:00 PM,17:40:00,Hot-Dry,2010-09-26 17:40:00,9
16.05253703,-19.20563151,LA14,2010-09-26,06:00:00 PM,18:00:00,Hot-Dry,2010-09-26 18:00:00,9
16.05874532,-19.21339111,LA14,2010-09-26,06:20:00 PM,18:20:00,Hot-Dry,2010-09-26 18:20:00,9
16.06159363,-19.21679281,LA14,2010-09-26,06:40:00 PM,18:40:00,Hot-Dry,2010-09-26 18:40:00,9
16.0664683,-19.22322998,LA14,2010-09-26,07:00:00 PM,19:00:00,Hot-Dry,2010-09-26 19:00:00,9
16.07046407,-19.22572225,LA14,2010-09-26,07:20:00 PM,19:20:00,Hot-Dry,2010-09-26 19:20:00,9
16.07373657,-19.2291687,LA14,2010-09-26,07:40:00 PM,19:40:00,Hot-Dry,2010-09-26 19:40:00,9
16.07718404,-19.23236694,LA14,2010-09-26,08:00:00 PM,20:00:00,Hot-Dry,2010-09-26 20:00:00,9
16.08163147,-19.23801066,LA14,2010-09-26,08:20:00 PM,20:20:00,Hot-Dry,2010-09-26 20:20:00,9
16.08424988,-19.23937785,LA14,2010-09-26,08:40:00 PM,20:40:00,Hot-Dry,2010-09-26 20:40:00,9
16.08493754,-19.23977254,LA14,2010-09-26,09:00:00 PM,21:00:00,Hot-Dry,2010-09-26 21:00:00,9
16.08568115,-19.24029134,LA14,2010-09-26,09:20:00 PM,21:20:00,Hot-Dry,2010-09-26 21:20:00,9
16.08593445,-19.24089762,LA14,2010-09-26,09:40:00 PM,21:40:00,Hot-Dry,2010-09-26 21:40:00,9
16.08698222,-19.24194336,LA14,2010-09-26,10:00:00 PM,22:00:00,Hot-Dry,2010-09-26 22:00:00,9
16.08811849,-19.24265951,LA14,2010-09-26,10:20:00 PM,22:20:00,Hot-Dry,2010-09-26 22:20:00,9
16.08849894,-19.24303385,LA14,2010-09-26,10:40:00 PM,22:40:00,Hot-Dry,2010-09-26 22:40:00,9
16.08899129,-19.24344686,LA14,2010-09-26,11:00:00 PM,23:00:00,Hot-Dry,2010-09-26 23:00:00,9
16.08998108,-19.24427897,LA14,2010-09-26,11:20:00 PM,23:20:00,Hot-Dry,2010-09-26 23:20:00,9
16.09111226,-19.24494425,LA14,2010-09-26,11:40:00 PM,23:40:00,Hot-Dry,2010-09-26 23:40:00,9
16.09156698,-19.24509684,LA14,2010-09-27,12:00:00 AM,00:00:00,Hot-Dry,2010-09-27 00:00:00,9
16.09238993,-19.24547729,LA14,2010-09-27,12:20:00 AM,00:20:00,Hot-Dry,2010-09-27 00:20:00,9
16.09302368,-19.24543864,LA14,2010-09-27,12:40:00 AM,00:40:00,Hot-Dry,2010-09-27 00:40:00,9
16.0929891,-19.24540609,LA14,2010-09-27,01:00:00 AM,01:00:00,Hot-Dry,2010-09-27 01:00:00,9
16.09299723,-19.24543864,LA14,2010-09-27,01:20:00 AM,01:20:00,Hot-Dry,2010-09-27 01:20:00,9
16.09303996,-19.24542033,LA14,2010-09-27,01:40:00 AM,01:40:00,Hot-Dry,2010-09-27 01:40:00,9
16.09300741,-19.24535929,LA14,2010-09-27,02:02:00 AM,02:02:00,Hot-Dry,2010-09-27 02:02:00,9
16.09322917,-19.24534302,LA14,2010-09-27,02:20:00 AM,02:20:00,Hot-Dry,2010-09-27 02:20:00,9
16.09323425,-19.2453715,LA14,2010-09-27,02:40:00 AM,02:40:00,Hot-Dry,2010-09-27 02:40:00,9
16.09320577,-19.24533895,LA14,2010-09-27,03:00:00 AM,03:00:00,Hot-Dry,2010-09-27 03:00:00,9
16.0932078,-19.24535726,LA14,2010-09-27,03:20:00 AM,03:20:00,Hot-Dry,2010-09-27 03:20:00,9
16.09347331,-19.24537557,LA14,2010-09-27,03:40:00 AM,03:40:00,Hot-Dry,2010-09-27 03:40:00,9
16.09375814,-19.24612834,LA14,2010-09-27,04:00:00 AM,04:00:00,Hot-Dry,2010-09-27 04:00:00,9
16.09391378,-19.24646606,LA14,2010-09-27,04:20:00 AM,04:20:00,Hot-Dry,2010-09-27 04:20:00,9
16.09387817,-19.24667765,LA14,2010-09-27,04:40:00 AM,04:40:00,Hot-Dry,2010-09-27 04:40:00,9
16.09355876,-19.24689535,LA14,2010-09-27,05:00:00 AM,05:00:00,Hot-Dry,2010-09-27 05:00:00,9
16.09313863,-19.24697266,LA14,2010-09-27,05:20:00 AM,05:20:00,Hot-Dry,2010-09-27 05:20:00,9
16.09243774,-19.24708252,LA14,2010-09-27,05:40:00 AM,05:40:00,Hot-Dry,2010-09-27 05:40:00,9
16.09162598,-19.24720662,LA14,2010-09-27,06:00:00 AM,06:00:00,Hot-Dry,2010-09-27 06:00:00,9
16.09113566,-19.24700317,LA14,2010-09-27,06:20:00 AM,06:20:00,Hot-Dry,2010-09-27 06:20:00,9
16.09074707,-19.24661051,LA14,2010-09-27,06:40:00 AM,06:40:00,Hot-Dry,2010-09-27 06:40:00,9
16.09019267,-19.24625448,LA14,2010-09-27,07:00:00 AM,07:00:00,Hot-Dry,2010-09-27 07:00:00,9
16.0889974,-19.24632365,LA14,2010-09-27,07:20:00 AM,07:20:00,Hot-Dry,2010-09-27 07:20:00,9
16.08829854,-19.24632365,LA14,2010-09-27,07:40:00 AM,07:40:00,Hot-Dry,2010-09-27 07:40:00,9
16.0882782,-19.24623413,LA14,2010-09-27,08:00:00 AM,08:00:00,Hot-Dry,2010-09-27 08:00:00,9
16.08806661,-19.24619751,LA14,2010-09-27,08:20:00 AM,08:20:00,Hot-Dry,2010-09-27 08:20:00,9
16.08772888,-19.24601644,LA14,2010-09-27,08:40:00 AM,08:40:00,Hot-Dry,2010-09-27 08:40:00,9
16.08811442,-19.24515177,LA14,2010-09-27,09:00:00 AM,09:00:00,Hot-Dry,2010-09-27 09:00:00,9
16.08814392,-19.24515584,LA14,2010-09-27,09:20:00 AM,09:20:00,Hot-Dry,2010-09-27 09:20:00,9
16.08815206,-19.24515991,LA14,2010-09-27,09:40:00 AM,09:40:00,Hot-Dry,2010-09-27 09:40:00,9
16.08823649,-19.24518026,LA14,2010-09-27,10:00:00 AM,10:00:00,Hot-Dry,2010-09-27 10:00:00,9
16.08822734,-19.24515788,LA14,2010-09-27,10:20:00 AM,10:20:00,Hot-Dry,2010-09-27 10:20:00,9
16.0882314,-19.24515381,LA14,2010-09-27,10:40:00 AM,10:40:00,Hot-Dry,2010-09-27 10:40:00,9
16.0882253,-19.24517619,LA14,2010-09-27,11:00:00 AM,11:00:00,Hot-Dry,2010-09-27 11:00:00,9
16.08820801,-19.24518433,LA14,2010-09-27,11:20:00 AM,11:20:00,Hot-Dry,2010-09-27 11:20:00,9
16.08782654,-19.24486491,LA14,2010-09-27,11:40:00 AM,11:40:00,Hot-Dry,2010-09-27 11:40:00,9
16.08782145,-19.24486694,LA14,2010-09-27,12:00:00 PM,12:00:00,Hot-Dry,2010-09-27 12:00:00,9
16.08783366,-19.24482422,LA14,2010-09-27,12:20:00 PM,12:20:00,Hot-Dry,2010-09-27 12:20:00,9
16.08761292,-19.24491984,LA14,2010-09-27,12:40:00 PM,12:40:00,Hot-Dry,2010-09-27 12:40:00,9
16.08760274,-19.24493408,LA14,2010-09-27,01:00:00 PM,13:00:00,Hot-Dry,2010-09-27 13:00:00,9
16.08628743,-19.24381307,LA14,2010-09-27,01:20:00 PM,13:20:00,Hot-Dry,2010-09-27 13:20:00,9
16.08628642,-19.2438151,LA14,2010-09-27,01:40:00 PM,13:40:00,Hot-Dry,2010-09-27 13:40:00,9
16.08627726,-19.24382528,LA14,2010-09-27,02:00:00 PM,14:00:00,Hot-Dry,2010-09-27 14:00:00,9
16.08627421,-19.24381104,LA14,2010-09-27,02:20:00 PM,14:20:00,Hot-Dry,2010-09-27 14:20:00,9
16.0854716,-19.24303996,LA14,2010-09-27,02:40:00 PM,14:40:00,Hot-Dry,2010-09-27 14:40:00,9
16.08538513,-19.24264526,LA14,2010-09-27,03:00:00 PM,15:00:00,Hot-Dry,2010-09-27 15:00:00,9
16.08500163,-19.24238892,LA14,2010-09-27,03:20:00 PM,15:20:00,Hot-Dry,2010-09-27 15:20:00,9
16.08281657,-19.24052938,LA14,2010-09-27,03:40:00 PM,15:40:00,Hot-Dry,2010-09-27 15:40:00,9
16.08063456,-19.23860677,LA14,2010-09-27,04:00:00 PM,16:00:00,Hot-Dry,2010-09-27 16:00:00,9
16.08022461,-19.23786621,LA14,2010-09-27,04:20:00 PM,16:20:00,Hot-Dry,2010-09-27 16:20:00,9
16.07915751,-19.23690796,LA14,2010-09-27,04:40:00 PM,16:40:00,Hot-Dry,2010-09-27 16:40:00,9
16.07516276,-19.23306885,LA14,2010-09-27,05:00:00 PM,17:00:00,Hot-Dry,2010-09-27 17:00:00,9
16.07049561,-19.22861328,LA14,2010-09-27,05:20:00 PM,17:20:00,Hot-Dry,2010-09-27 17:20:00,9
16.06640015,-19.224646,LA14,2010-09-27,05:40:00 PM,17:40:00,Hot-Dry,2010-09-27 17:40:00,9
16.06220398,-19.2175415,LA14,2010-09-27,06:00:00 PM,18:00:00,Hot-Dry,2010-09-27 18:00:00,9
16.0587026,-19.21340332,LA14,2010-09-27,06:20:00 PM,18:20:00,Hot-Dry,2010-09-27 18:20:00,9
16.05782776,-19.21321411,LA14,2010-09-27,06:40:00 PM,18:40:00,Hot-Dry,2010-09-27 18:40:00,9
16.04963684,-19.21006063,LA14,2010-09-27,07:00:00 PM,19:00:00,Hot-Dry,2010-09-27 19:00:00,9
16.03918355,-19.20923665,LA14,2010-09-27,07:20:00 PM,19:20:00,Hot-Dry,2010-09-27 19:20:00,9
16.03356628,-19.21000977,LA14,2010-09-27,07:40:00 PM,19:40:00,Hot-Dry,2010-09-27 19:40:00,9
16.02739156,-19.21073608,LA14,2010-09-27,08:00:00 PM,20:00:00,Hot-Dry,2010-09-27 20:00:00,9
16.02398478,-19.21111043,LA14,2010-09-27,08:20:00 PM,20:20:00,Hot-Dry,2010-09-27 20:20:00,9
16.02192179,-19.21110636,LA14,2010-09-27,08:40:00 PM,20:40:00,Hot-Dry,2010-09-27 20:40:00,9
16.02080383,-19.21089681,LA14,2010-09-27,09:00:00 PM,21:00:00,Hot-Dry,2010-09-27 21:00:00,9
16.01702779,-19.21086833,LA14,2010-09-27,09:20:00 PM,21:20:00,Hot-Dry,2010-09-27 21:20:00,9
16.01376851,-19.21061198,LA14,2010-09-27,09:40:00 PM,21:40:00,Hot-Dry,2010-09-27 21:40:00,9
16.01315715,-19.21070964,LA14,2010-09-27,10:00:00 PM,22:00:00,Hot-Dry,2010-09-27 22:00:00,9
16.01113281,-19.21066081,LA14,2010-09-27,10:20:00 PM,22:20:00,Hot-Dry,2010-09-27 22:20:00,9
16.01072998,-19.21041463,LA14,2010-09-27,10:40:00 PM,22:40:00,Hot-Dry,2010-09-27 22:40:00,9
16.01054891,-19.21034139,LA14,2010-09-27,11:00:00 PM,23:00:00,Hot-Dry,2010-09-27 23:00:00,9
16.01029256,-19.21024577,LA14,2010-09-27,11:20:00 PM,23:20:00,Hot-Dry,2010-09-27 23:20:00,9
16.00967611,-19.21027629,LA14,2010-09-27,11:40:00 PM,23:40:00,Hot-Dry,2010-09-27 23:40:00,9
16.0091512,-19.21024373,LA14,2010-09-28,12:00:00 AM,00:00:00,Hot-Dry,2010-09-28 00:00:00,9
16.00851339,-19.21027832,LA14,2010-09-28,12:20:00 AM,00:20:00,Hot-Dry,2010-09-28 00:20:00,9
16.00843099,-19.2101888,LA14,2010-09-28,12:40:00 AM,00:40:00,Hot-Dry,2010-09-28 00:40:00,9
16.00806173,-19.21019491,LA14,2010-09-28,01:00:00 AM,01:00:00,Hot-Dry,2010-09-28 01:00:00,9
16.00786438,-19.21000977,LA14,2010-09-28,01:20:00 AM,01:20:00,Hot-Dry,2010-09-28 01:20:00,9
16.00791931,-19.21005249,LA14,2010-09-28,01:40:00 AM,01:40:00,Hot-Dry,2010-09-28 01:40:00,9
16.00798747,-19.21012166,LA14,2010-09-28,02:00:00 AM,02:00:00,Hot-Dry,2010-09-28 02:00:00,9
16.00798848,-19.21010132,LA14,2010-09-28,02:20:00 AM,02:20:00,Hot-Dry,2010-09-28 02:20:00,9
16.00802002,-19.21014201,LA14,2010-09-28,02:40:00 AM,02:40:00,Hot-Dry,2010-09-28 02:40:00,9
16.00800985,-19.21011963,LA14,2010-09-28,03:00:00 AM,03:00:00,Hot-Dry,2010-09-28 03:00:00,9
16.00799967,-19.21010335,LA14,2010-09-28,03:20:00 AM,03:20:00,Hot-Dry,2010-09-28 03:20:00,9
16.00801697,-19.21006063,LA14,2010-09-28,03:40:00 AM,03:40:00,Hot-Dry,2010-09-28 03:40:00,9
16.00797119,-19.21007894,LA14,2010-09-28,04:00:00 AM,04:00:00,Hot-Dry,2010-09-28 04:00:00,9
16.00762533,-19.20987549,LA14,2010-09-28,04:20:00 AM,04:20:00,Hot-Dry,2010-09-28 04:20:00,9
16.00705058,-19.20947876,LA14,2010-09-28,04:40:00 AM,04:40:00,Hot-Dry,2010-09-28 04:40:00,9
16.00629374,-19.20884196,LA14,2010-09-28,05:00:00 AM,05:00:00,Hot-Dry,2010-09-28 05:00:00,9
16.00579122,-19.20786947,LA14,2010-09-28,05:20:00 AM,05:20:00,Hot-Dry,2010-09-28 05:20:00,9
16.00565491,-19.20700073,LA14,2010-09-28,05:40:00 AM,05:40:00,Hot-Dry,2010-09-28 05:40:00,9
16.00559794,-19.20706787,LA14,2010-09-28,06:00:00 AM,06:00:00,Hot-Dry,2010-09-28 06:00:00,9
16.00447896,-19.2030721,LA14,2010-09-28,06:20:00 AM,06:20:00,Hot-Dry,2010-09-28 06:20:00,9
16.00063782,-19.19650269,LA14,2010-09-28,06:40:00 AM,06:40:00,Hot-Dry,2010-09-28 06:40:00,9
15.99916992,-19.19269002,LA14,2010-09-28,07:00:00 AM,07:00:00,Hot-Dry,2010-09-28 07:00:00,9
15.99787496,-19.18989258,LA14,2010-09-28,07:20:00 AM,07:20:00,Hot-Dry,2010-09-28 07:20:00,9
15.9969279,-19.187618,LA14,2010-09-28,07:40:00 AM,07:40:00,Hot-Dry,2010-09-28 07:40:00,9
15.99670207,-19.18480428,LA14,2010-09-28,08:00:00 AM,08:00:00,Hot-Dry,2010-09-28 08:00:00,9
15.99671021,-19.18353068,LA14,2010-09-28,08:20:00 AM,08:20:00,Hot-Dry,2010-09-28 08:20:00,9
15.99623006,-19.18146159,LA14,2010-09-28,08:40:00 AM,08:40:00,Hot-Dry,2010-09-28 08:40:00,9
15.9962443,-19.18087769,LA14,2010-09-28,09:00:00 AM,09:00:00,Hot-Dry,2010-09-28 09:00:00,9
15.99589844,-19.1774292,LA14,2010-09-28,09:20:00 AM,09:20:00,Hot-Dry,2010-09-28 09:20:00,9
15.99492188,-19.16690063,LA14,2010-09-28,09:40:00 AM,09:40:00,Hot-Dry,2010-09-28 09:40:00,9
15.99484863,-19.16360067,LA14,2010-09-28,10:00:00 AM,10:00:00,Hot-Dry,2010-09-28 10:00:00,9
15.99485779,-19.16358236,LA14,2010-09-28,10:20:00 AM,10:20:00,Hot-Dry,2010-09-28 10:20:00,9
15.99488017,-19.1636027,LA14,2010-09-28,10:40:00 AM,10:40:00,Hot-Dry,2010-09-28 10:40:00,9
15.99565735,-19.16340942,LA14,2010-09-28,11:00:00 AM,11:00:00,Hot-Dry,2010-09-28 11:00:00,9
15.99565837,-19.16340129,LA14,2010-09-28,11:20:00 AM,11:20:00,Hot-Dry,2010-09-28 11:20:00,9
15.99558309,-19.16340129,LA14,2010-09-28,11:40:00 AM,11:40:00,Hot-Dry,2010-09-28 11:40:00,9
15.99582214,-19.16321004,LA14,2010-09-28,12:00:00 PM,12:00:00,Hot-Dry,2010-09-28 12:00:00,9
15.99497884,-19.16382853,LA14,2010-09-28,12:20:00 PM,12:20:00,Hot-Dry,2010-09-28 12:20:00,9
15.99421794,-19.16411336,LA14,2010-09-28,12:40:00 PM,12:40:00,Hot-Dry,2010-09-28 12:40:00,9
15.9927592,-19.16509603,LA14,2010-09-28,01:00:00 PM,13:00:00,Hot-Dry,2010-09-28 13:00:00,9
15.99176229,-19.16686198,LA14,2010-09-28,01:20:00 PM,13:20:00,Hot-Dry,2010-09-28 13:20:00,9
15.99088542,-19.16755575,LA14,2010-09-28,01:40:00 PM,13:40:00,Hot-Dry,2010-09-28 13:40:00,9
15.98888041,-19.16836344,LA14,2010-09-28,02:00:00 PM,14:00:00,Hot-Dry,2010-09-28 14:00:00,9
15.98784993,-19.168986,LA14,2010-09-28,02:20:00 PM,14:20:00,Hot-Dry,2010-09-28 14:20:00,9
15.98753255,-19.1692749,LA14,2010-09-28,02:40:00 PM,14:40:00,Hot-Dry,2010-09-28 14:40:00,9
15.98665466,-19.1698995,LA14,2010-09-28,03:00:00 PM,15:00:00,Hot-Dry,2010-09-28 15:00:00,9
15.98547363,-19.1702474,LA14,2010-09-28,03:20:00 PM,15:20:00,Hot-Dry,2010-09-28 15:20:00,9
15.98533834,-19.17046712,LA14,2010-09-28,03:40:00 PM,15:40:00,Hot-Dry,2010-09-28 15:40:00,9
15.98177694,-19.17388916,LA14,2010-09-28,04:00:00 PM,16:00:00,Hot-Dry,2010-09-28 16:00:00,9
15.97789815,-19.17688395,LA14,2010-09-28,04:20:00 PM,16:20:00,Hot-Dry,2010-09-28 16:20:00,9
15.97591756,-19.17867228,LA14,2010-09-28,04:40:00 PM,16:40:00,Hot-Dry,2010-09-28 16:40:00,9
15.97336019,-19.18018188,LA14,2010-09-28,05:00:00 PM,17:00:00,Hot-Dry,2010-09-28 17:00:00,9
15.96957601,-19.18158366,LA14,2010-09-28,05:20:00 PM,17:20:00,Hot-Dry,2010-09-28 17:20:00,9
15.96521708,-19.18347778,LA14,2010-09-28,05:40:00 PM,17:40:00,Hot-Dry,2010-09-28 17:40:00,9
15.9625061,-19.18415731,LA14,2010-09-28,06:00:00 PM,18:00:00,Hot-Dry,2010-09-28 18:00:00,9
15.95932414,-19.18441569,LA14,2010-09-28,06:20:00 PM,18:20:00,Hot-Dry,2010-09-28 18:20:00,9
15.95858459,-19.18446248,LA14,2010-09-28,06:40:00 PM,18:40:00,Hot-Dry,2010-09-28 18:40:00,9
15.95837606,-19.18452962,LA14,2010-09-28,07:00:00 PM,19:00:00,Hot-Dry,2010-09-28 19:00:00,9
15.95629272,-19.184493,LA14,2010-09-28,07:20:00 PM,19:20:00,Hot-Dry,2010-09-28 19:20:00,9
15.95457255,-19.18422852,LA14,2010-09-28,07:40:00 PM,19:40:00,Hot-Dry,2010-09-28 19:40:00,9
15.94903463,-19.18434652,LA14,2010-09-28,08:00:00 PM,20:00:00,Hot-Dry,2010-09-28 20:00:00,9
15.94650574,-19.18462524,LA14,2010-09-28,08:20:00 PM,20:20:00,Hot-Dry,2010-09-28 20:20:00,9
15.94484456,-19.18466187,LA14,2010-09-28,08:40:00 PM,20:40:00,Hot-Dry,2010-09-28 20:40:00,9
15.93934428,-19.18504232,LA14,2010-09-28,09:00:00 PM,21:00:00,Hot-Dry,2010-09-28 21:00:00,9
15.93167826,-19.18766073,LA14,2010-09-28,09:20:00 PM,21:20:00,Hot-Dry,2010-09-28 21:20:00,9
15.92250773,-19.18759155,LA14,2010-09-28,09:40:00 PM,21:40:00,Hot-Dry,2010-09-28 21:40:00,9
15.91580912,-19.18128662,LA14,2010-09-28,10:00:00 PM,22:00:00,Hot-Dry,2010-09-28 22:00:00,9
15.91513367,-19.18101603,LA14,2010-09-28,10:20:00 PM,22:20:00,Hot-Dry,2010-09-28 22:20:00,9
15.91062622,-19.18557536,LA14,2010-09-28,10:40:00 PM,22:40:00,Hot-Dry,2010-09-28 22:40:00,9
15.90369466,-19.19169922,LA14,2010-09-28,11:00:00 PM,23:00:00,Hot-Dry,2010-09-28 23:00:00,9
15.90089722,-19.19400228,LA14,2010-09-28,11:20:00 PM,23:20:00,Hot-Dry,2010-09-28 23:20:00,9
15.89916687,-19.19514364,LA14,2010-09-28,11:40:00 PM,23:40:00,Hot-Dry,2010-09-28 23:40:00,9
15.89567159,-19.20048014,LA14,2010-09-29,12:00:00 AM,00:00:00,Hot-Dry,2010-09-29 00:00:00,9
15.89252625,-19.205955,LA14,2010-09-29,12:20:00 AM,00:20:00,Hot-Dry,2010-09-29 00:20:00,9
15.89208781,-19.20859172,LA14,2010-09-29,12:40:00 AM,00:40:00,Hot-Dry,2010-09-29 00:40:00,9
15.89063924,-19.21268921,LA14,2010-09-29,01:00:00 AM,01:00:00,Hot-Dry,2010-09-29 01:00:00,9
15.8898234,-19.21408488,LA14,2010-09-29,01:20:00 AM,01:20:00,Hot-Dry,2010-09-29 01:20:00,9
15.88713786,-19.21894124,LA14,2010-09-29,01:40:00 AM,01:40:00,Hot-Dry,2010-09-29 01:40:00,9
15.88631388,-19.21984456,LA14,2010-09-29,02:00:00 AM,02:00:00,Hot-Dry,2010-09-29 02:00:00,9
15.88614299,-19.22012736,LA14,2010-09-29,02:20:00 AM,02:20:00,Hot-Dry,2010-09-29 02:20:00,9
15.88558146,-19.22014364,LA14,2010-09-29,02:40:00 AM,02:40:00,Hot-Dry,2010-09-29 02:40:00,9
15.88557638,-19.22015381,LA14,2010-09-29,03:00:00 AM,03:00:00,Hot-Dry,2010-09-29 03:00:00,9
15.88548177,-19.22067668,LA14,2010-09-29,03:20:00 AM,03:20:00,Hot-Dry,2010-09-29 03:20:00,9
15.88482361,-19.22177327,LA14,2010-09-29,03:40:00 AM,03:40:00,Hot-Dry,2010-09-29 03:40:00,9
15.88456014,-19.22223307,LA14,2010-09-29,04:00:00 AM,04:00:00,Hot-Dry,2010-09-29 04:00:00,9
15.88440959,-19.22231852,LA14,2010-09-29,04:20:00 AM,04:20:00,Hot-Dry,2010-09-29 04:20:00,9
15.88333333,-19.22342326,LA14,2010-09-29,04:40:00 AM,04:40:00,Hot-Dry,2010-09-29 04:40:00,9
15.88298238,-19.22449748,LA14,2010-09-29,05:00:00 AM,05:00:00,Hot-Dry,2010-09-29 05:00:00,9
15.88327738,-19.2256958,LA14,2010-09-29,05:20:00 AM,05:20:00,Hot-Dry,2010-09-29 05:20:00,9
15.88429362,-19.22580363,LA14,2010-09-29,05:40:00 AM,05:40:00,Hot-Dry,2010-09-29 05:40:00,9
15.88467,-19.22583008,LA14,2010-09-29,06:00:00 AM,06:00:00,Hot-Dry,2010-09-29 06:00:00,9
15.88506978,-19.22583618,LA14,2010-09-29,06:20:00 AM,06:20:00,Hot-Dry,2010-09-29 06:20:00,9
15.88296204,-19.22606201,LA14,2010-09-29,06:40:00 AM,06:40:00,Hot-Dry,2010-09-29 06:40:00,9
15.88122965,-19.22464193,LA14,2010-09-29,07:00:00 AM,07:00:00,Hot-Dry,2010-09-29 07:00:00,9
15.88063863,-19.2234965,LA14,2010-09-29,07:20:00 AM,07:20:00,Hot-Dry,2010-09-29 07:20:00,9
15.879953,-19.22277018,LA14,2010-09-29,07:40:00 AM,07:40:00,Hot-Dry,2010-09-29 07:40:00,9
15.87980754,-19.22212728,LA14,2010-09-29,08:00:00 AM,08:00:00,Hot-Dry,2010-09-29 08:00:00,9
15.87955322,-19.22148641,LA14,2010-09-29,08:20:00 AM,08:20:00,Hot-Dry,2010-09-29 08:20:00,9
15.87955322,-19.22150472,LA14,2010-09-29,08:40:00 AM,08:40:00,Hot-Dry,2010-09-29 08:40:00,9
15.87957255,-19.22149048,LA14,2010-09-29,09:00:00 AM,09:00:00,Hot-Dry,2010-09-29 09:00:00,9
15.8795695,-19.22151489,LA14,2010-09-29,09:20:00 AM,09:20:00,Hot-Dry,2010-09-29 09:20:00,9
15.87958679,-19.22148844,LA14,2010-09-29,09:40:00 AM,09:40:00,Hot-Dry,2010-09-29 09:40:00,9
15.87953898,-19.22149862,LA14,2010-09-29,10:00:00 AM,10:00:00,Hot-Dry,2010-09-29 10:00:00,9
15.87957255,-19.22149048,LA14,2010-09-29,10:20:00 AM,10:20:00,Hot-Dry,2010-09-29 10:20:00,9
15.87957662,-19.22149048,LA14,2010-09-29,10:40:00 AM,10:40:00,Hot-Dry,2010-09-29 10:40:00,9
15.87945658,-19.22123006,LA14,2010-09-29,11:00:00 AM,11:00:00,Hot-Dry,2010-09-29 11:00:00,9
15.87924296,-19.22096354,LA14,2010-09-29,11:20:00 AM,11:20:00,Hot-Dry,2010-09-29 11:20:00,9
15.87869059,-19.22053223,LA14,2010-09-29,11:40:00 AM,11:40:00,Hot-Dry,2010-09-29 11:40:00,9
15.87806702,-19.22029622,LA14,2010-09-29,12:00:00 PM,12:00:00,Hot-Dry,2010-09-29 12:00:00,9
15.87798767,-19.22013346,LA14,2010-09-29,12:20:00 PM,12:20:00,Hot-Dry,2010-09-29 12:20:00,9
15.87798869,-19.22015177,LA14,2010-09-29,12:40:00 PM,12:40:00,Hot-Dry,2010-09-29 12:40:00,9
15.87797241,-19.22014567,LA14,2010-09-29,01:00:00 PM,13:00:00,Hot-Dry,2010-09-29 13:00:00,9
15.87798665,-19.22015788,LA14,2010-09-29,01:20:00 PM,13:20:00,Hot-Dry,2010-09-29 13:20:00,9
15.87793376,-19.21958211,LA14,2010-09-29,01:40:00 PM,13:40:00,Hot-Dry,2010-09-29 13:40:00,9
15.87721456,-19.21922607,LA14,2010-09-29,02:00:00 PM,14:00:00,Hot-Dry,2010-09-29 14:00:00,9
15.87672424,-19.21881307,LA14,2010-09-29,02:20:00 PM,14:20:00,Hot-Dry,2010-09-29 14:20:00,9
15.87651265,-19.21884766,LA14,2010-09-29,02:40:00 PM,14:40:00,Hot-Dry,2010-09-29 14:40:00,9
15.87546997,-19.21937663,LA14,2010-09-29,03:00:00 PM,15:00:00,Hot-Dry,2010-09-29 15:00:00,9
15.8730957,-19.22059123,LA14,2010-09-29,03:20:00 PM,15:20:00,Hot-Dry,2010-09-29 15:20:00,9
15.86960042,-19.2241923,LA14,2010-09-29,03:40:00 PM,15:40:00,Hot-Dry,2010-09-29 15:40:00,9
15.86708171,-19.22647298,LA14,2010-09-29,04:00:00 PM,16:00:00,Hot-Dry,2010-09-29 16:00:00,9
15.86626689,-19.22806803,LA14,2010-09-29,04:20:00 PM,16:20:00,Hot-Dry,2010-09-29 16:20:00,9
15.86423848,-19.23106893,LA14,2010-09-29,04:40:00 PM,16:40:00,Hot-Dry,2010-09-29 16:40:00,9
15.8635081,-19.23267822,LA14,2010-09-29,05:00:00 PM,17:00:00,Hot-Dry,2010-09-29 17:00:00,9
15.86307475,-19.23327637,LA14,2010-09-29,05:20:00 PM,17:20:00,Hot-Dry,2010-09-29 17:20:00,9
15.86206868,-19.23574422,LA14,2010-09-29,05:40:00 PM,17:40:00,Hot-Dry,2010-09-29 17:40:00,9
15.86127319,-19.23756104,LA14,2010-09-29,06:00:00 PM,18:00:00,Hot-Dry,2010-09-29 18:00:00,9
15.86101074,-19.23899536,LA14,2010-09-29,06:20:00 PM,18:20:00,Hot-Dry,2010-09-29 18:20:00,9
15.86115417,-19.24018555,LA14,2010-09-29,06:40:00 PM,18:40:00,Hot-Dry,2010-09-29 18:40:00,9
15.86126302,-19.2414917,LA14,2010-09-29,07:00:00 PM,19:00:00,Hot-Dry,2010-09-29 19:00:00,9
15.86158854,-19.24307048,LA14,2010-09-29,07:20:00 PM,19:20:00,Hot-Dry,2010-09-29 19:20:00,9
15.86201579,-19.24367065,LA14,2010-09-29,07:40:00 PM,19:40:00,Hot-Dry,2010-09-29 19:40:00,9
15.86251221,-19.24387817,LA14,2010-09-29,08:00:00 PM,20:00:00,Hot-Dry,2010-09-29 20:00:00,9
15.86260885,-19.24550781,LA14,2010-09-29,08:20:00 PM,20:20:00,Hot-Dry,2010-09-29 20:20:00,9
15.86260986,-19.24549561,LA14,2010-09-29,08:40:00 PM,20:40:00,Hot-Dry,2010-09-29 20:40:00,9
15.86257528,-19.24545288,LA14,2010-09-29,09:00:00 PM,21:00:00,Hot-Dry,2010-09-29 21:00:00,9
15.86259664,-19.24546102,LA14,2010-09-29,09:20:00 PM,21:20:00,Hot-Dry,2010-09-29 21:20:00,9
15.86333822,-19.24553019,LA14,2010-09-29,09:40:00 PM,21:40:00,Hot-Dry,2010-09-29 21:40:00,9
15.86453959,-19.24576416,LA14,2010-09-29,10:00:00 PM,22:00:00,Hot-Dry,2010-09-29 22:00:00,9
15.86675212,-19.24573364,LA14,2010-09-29,10:20:00 PM,22:20:00,Hot-Dry,2010-09-29 22:20:00,9
15.86739197,-19.24592489,LA14,2010-09-29,10:40:00 PM,22:40:00,Hot-Dry,2010-09-29 22:40:00,9
15.86840312,-19.24445801,LA14,2010-09-29,11:00:00 PM,23:00:00,Hot-Dry,2010-09-29 23:00:00,9
15.86945699,-19.24388631,LA14,2010-09-29,11:20:00 PM,23:20:00,Hot-Dry,2010-09-29 23:20:00,9
15.86950887,-19.24368896,LA14,2010-09-29,11:40:00 PM,23:40:00,Hot-Dry,2010-09-29 23:40:00,9
15.86952108,-19.24326986,LA14,2010-09-30,12:00:00 AM,00:00:00,Hot-Dry,2010-09-30 00:00:00,9
15.86951904,-19.24326375,LA14,2010-09-30,12:20:00 AM,00:20:00,Hot-Dry,2010-09-30 00:20:00,9
15.87003479,-19.24269002,LA14,2010-09-30,12:40:00 AM,00:40:00,Hot-Dry,2010-09-30 00:40:00,9
15.87000834,-19.24271647,LA14,2010-09-30,01:00:00 AM,01:00:00,Hot-Dry,2010-09-30 01:00:00,9
15.87002055,-19.24268799,LA14,2010-09-30,01:20:00 AM,01:20:00,Hot-Dry,2010-09-30 01:20:00,9
15.87004903,-19.24270223,LA14,2010-09-30,01:40:00 AM,01:40:00,Hot-Dry,2010-09-30 01:40:00,9
15.87006836,-19.24269816,LA14,2010-09-30,02:00:00 AM,02:00:00,Hot-Dry,2010-09-30 02:00:00,9
15.8700531,-19.24269613,LA14,2010-09-30,02:20:00 AM,02:20:00,Hot-Dry,2010-09-30 02:20:00,9
15.87005819,-19.24269613,LA14,2010-09-30,02:40:00 AM,02:40:00,Hot-Dry,2010-09-30 02:40:00,9
15.87003377,-19.24266764,LA14,2010-09-30,03:00:00 AM,03:00:00,Hot-Dry,2010-09-30 03:00:00,9
15.86990051,-19.24204305,LA14,2010-09-30,03:20:00 AM,03:20:00,Hot-Dry,2010-09-30 03:20:00,9
15.8700002,-19.2406189,LA14,2010-09-30,03:40:00 AM,03:40:00,Hot-Dry,2010-09-30 03:40:00,9
15.87025248,-19.24033203,LA14,2010-09-30,04:00:00 AM,04:00:00,Hot-Dry,2010-09-30 04:00:00,9
15.8703776,-19.24000448,LA14,2010-09-30,04:20:00 AM,04:20:00,Hot-Dry,2010-09-30 04:20:00,9
15.87052917,-19.23987834,LA14,2010-09-30,04:40:00 AM,04:40:00,Hot-Dry,2010-09-30 04:40:00,9
15.87111613,-19.23977661,LA14,2010-09-30,05:00:00 AM,05:00:00,Hot-Dry,2010-09-30 05:00:00,9
15.8715627,-19.23844604,LA14,2010-09-30,05:20:00 AM,05:20:00,Hot-Dry,2010-09-30 05:20:00,9
15.8712677,-19.23774211,LA14,2010-09-30,05:40:00 AM,05:40:00,Hot-Dry,2010-09-30 05:40:00,9
15.87183634,-19.23580729,LA14,2010-09-30,06:00:00 AM,06:00:00,Hot-Dry,2010-09-30 06:00:00,9
15.87224833,-19.23412069,LA14,2010-09-30,06:20:00 AM,06:20:00,Hot-Dry,2010-09-30 06:20:00,9
15.87284953,-19.23178304,LA14,2010-09-30,06:40:00 AM,06:40:00,Hot-Dry,2010-09-30 06:40:00,9
15.87379049,-19.22710978,LA14,2010-09-30,07:00:00 AM,07:00:00,Hot-Dry,2010-09-30 07:00:00,9
15.87550557,-19.224587,LA14,2010-09-30,07:20:00 AM,07:20:00,Hot-Dry,2010-09-30 07:20:00,9
15.87639567,-19.2225057,LA14,2010-09-30,07:40:00 AM,07:40:00,Hot-Dry,2010-09-30 07:40:00,9
15.87700602,-19.22120972,LA14,2010-09-30,08:00:00 AM,08:00:00,Hot-Dry,2010-09-30 08:00:00,9
15.87850952,-19.21934814,LA14,2010-09-30,08:20:00 AM,08:20:00,Hot-Dry,2010-09-30 08:20:00,9
15.87966614,-19.21711629,LA14,2010-09-30,08:40:00 AM,08:40:00,Hot-Dry,2010-09-30 08:40:00,9
15.88030497,-19.2164388,LA14,2010-09-30,09:00:00 AM,09:00:00,Hot-Dry,2010-09-30 09:00:00,9
15.88081868,-19.21186523,LA14,2010-09-30,09:20:00 AM,09:20:00,Hot-Dry,2010-09-30 09:20:00,9
15.88375448,-19.20882161,LA14,2010-09-30,09:40:00 AM,09:40:00,Hot-Dry,2010-09-30 09:40:00,9
15.88789978,-19.20482788,LA14,2010-09-30,10:00:00 AM,10:00:00,Hot-Dry,2010-09-30 10:00:00,9
15.89170736,-19.19989014,LA14,2010-09-30,10:20:00 AM,10:20:00,Hot-Dry,2010-09-30 10:20:00,9
15.89521179,-19.19504598,LA14,2010-09-30,10:40:00 AM,10:40:00,Hot-Dry,2010-09-30 10:40:00,9
15.9011261,-19.19008993,LA14,2010-09-30,11:00:00 AM,11:00:00,Hot-Dry,2010-09-30 11:00:00,9
15.90911967,-19.18247477,LA14,2010-09-30,11:20:00 AM,11:20:00,Hot-Dry,2010-09-30 11:20:00,9
15.91600138,-19.18111979,LA14,2010-09-30,11:40:00 AM,11:40:00,Hot-Dry,2010-09-30 11:40:00,9
15.91565247,-19.18071086,LA14,2010-09-30,12:00:00 PM,12:00:00,Hot-Dry,2010-09-30 12:00:00,9
15.91563314,-19.18064779,LA14,2010-09-30,12:20:00 PM,12:20:00,Hot-Dry,2010-09-30 12:20:00,9
15.91564738,-19.18064168,LA14,2010-09-30,12:40:00 PM,12:40:00,Hot-Dry,2010-09-30 12:40:00,9
15.91563924,-19.18065592,LA14,2010-09-30,01:00:00 PM,13:00:00,Hot-Dry,2010-09-30 13:00:00,9
15.91590169,-19.18078206,LA14,2010-09-30,01:20:00 PM,13:20:00,Hot-Dry,2010-09-30 13:20:00,9
15.91591593,-19.18088582,LA14,2010-09-30,01:40:00 PM,13:40:00,Hot-Dry,2010-09-30 13:40:00,9
15.91589152,-19.18091634,LA14,2010-09-30,02:00:00 PM,14:00:00,Hot-Dry,2010-09-30 14:00:00,9
15.91569824,-19.18197632,LA14,2010-09-30,02:20:00 PM,14:20:00,Hot-Dry,2010-09-30 14:20:00,9
15.91811117,-19.18626709,LA14,2010-09-30,02:40:00 PM,14:40:00,Hot-Dry,2010-09-30 14:40:00,9
15.92379964,-19.19295451,LA14,2010-09-30,03:00:00 PM,15:00:00,Hot-Dry,2010-09-30 15:00:00,9
15.93132121,-19.19856771,LA14,2010-09-30,03:20:00 PM,15:20:00,Hot-Dry,2010-09-30 15:20:00,9
15.93834839,-19.20084025,LA14,2010-09-30,03:40:00 PM,15:40:00,Hot-Dry,2010-09-30 15:40:00,9
15.94476217,-19.2043986,LA14,2010-09-30,04:00:00 PM,16:00:00,Hot-Dry,2010-09-30 16:00:00,9
15.9488444,-19.20764364,LA14,2010-09-30,04:20:00 PM,16:20:00,Hot-Dry,2010-09-30 16:20:00,9
15.95713806,-19.20765788,LA14,2010-09-30,04:40:00 PM,16:40:00,Hot-Dry,2010-09-30 16:40:00,9
15.9586202,-19.2068278,LA14,2010-09-30,05:00:00 PM,17:00:00,Hot-Dry,2010-09-30 17:00:00,9
15.95867106,-19.20620728,LA14,2010-09-30,05:20:00 PM,17:20:00,Hot-Dry,2010-09-30 17:20:00,9
15.95948588,-19.20550334,LA14,2010-09-30,05:40:00 PM,17:40:00,Hot-Dry,2010-09-30 17:40:00,9
15.96344808,-19.20513916,LA14,2010-09-30,06:00:00 PM,18:00:00,Hot-Dry,2010-09-30 18:00:00,9
15.96444499,-19.20565592,LA14,2010-09-30,06:20:00 PM,18:20:00,Hot-Dry,2010-09-30 18:20:00,9
15.96648661,-19.20718587,LA14,2010-09-30,06:40:00 PM,18:40:00,Hot-Dry,2010-09-30 18:40:00,9
15.96738485,-19.20794271,LA14,2010-09-30,07:00:00 PM,19:00:00,Hot-Dry,2010-09-30 19:00:00,9
15.96884054,-19.20908203,LA14,2010-09-30,07:20:00 PM,19:20:00,Hot-Dry,2010-09-30 19:20:00,9
15.96881714,-19.20930176,LA14,2010-09-30,07:40:00 PM,19:40:00,Hot-Dry,2010-09-30 19:40:00,9
15.96924947,-19.20993042,LA14,2010-09-30,08:00:00 PM,20:00:00,Hot-Dry,2010-09-30 20:00:00,9
15.9692627,-19.20995076,LA14,2010-09-30,08:20:00 PM,20:20:00,Hot-Dry,2010-09-30 20:20:00,9
15.96925354,-19.20994873,LA14,2010-09-30,08:40:00 PM,20:40:00,Hot-Dry,2010-09-30 20:40:00,9
15.96918945,-19.21028646,LA14,2010-09-30,09:00:00 PM,21:00:00,Hot-Dry,2010-09-30 21:00:00,9
15.96894938,-19.21149089,LA14,2010-09-30,09:20:00 PM,21:20:00,Hot-Dry,2010-09-30 21:20:00,9
15.96886393,-19.21198324,LA14,2010-09-30,09:40:00 PM,21:40:00,Hot-Dry,2010-09-30 21:40:00,9
15.96867676,-19.21210531,LA14,2010-09-30,10:00:00 PM,22:00:00,Hot-Dry,2010-09-30 22:00:00,9
15.96869303,-19.21239421,LA14,2010-09-30,10:20:00 PM,22:20:00,Hot-Dry,2010-09-30 22:20:00,9
15.9688029,-19.21240234,LA14,2010-09-30,10:40:00 PM,22:40:00,Hot-Dry,2010-09-30 22:40:00,9
15.96863912,-19.21259359,LA14,2010-09-30,11:00:00 PM,23:00:00,Hot-Dry,2010-09-30 23:00:00,9
15.96865031,-19.21258341,LA14,2010-09-30,11:20:00 PM,23:20:00,Hot-Dry,2010-09-30 23:20:00,9
15.96861572,-19.21272583,LA14,2010-09-30,11:40:00 PM,23:40:00,Hot-Dry,2010-09-30 23:40:00,9
