Longitude,Latitude,individual-local-identifier,Date,timeAPM,Time,Season,DateTime,Month
16.10158386,-19.2487264,LA14,2013-05-01,12:00:00 AM,00:00:00,Cold-Dry,2013-05-01 00:00:00,5
16.10118612,-19.2482015,LA14,2013-05-01,12:20:00 AM,00:20:00,Cold-Dry,2013-05-01 00:20:00,5
16.10138855,-19.24806112,LA14,2013-05-01,12:40:00 AM,00:40:00,Cold-Dry,2013-05-01 00:40:00,5
16.10161133,-19.24806722,LA14,2013-05-01,01:00:00 AM,01:00:00,Cold-Dry,2013-05-01 01:00:00,5
16.10189819,-19.24812826,LA14,2013-05-01,01:20:00 AM,01:20:00,Cold-Dry,2013-05-01 01:20:00,5
16.1019104,-19.24811401,LA14,2013-05-01,01:40:00 AM,01:40:00,Cold-Dry,2013-05-01 01:40:00,5
16.10192159,-19.24813436,LA14,2013-05-01,02:00:00 AM,02:00:00,Cold-Dry,2013-05-01 02:00:00,5
16.10191549,-19.24811401,LA14,2013-05-01,02:20:00 AM,02:20:00,Cold-Dry,2013-05-01 02:20:00,5
16.10191345,-19.24813436,LA14,2013-05-01,02:40:00 AM,02:40:00,Cold-Dry,2013-05-01 02:40:00,5
16.10191752,-19.24812215,LA14,2013-05-01,03:00:00 AM,03:00:00,Cold-Dry,2013-05-01 03:00:00,5
16.10195211,-19.24812826,LA14,2013-05-01,03:20:00 AM,03:20:00,Cold-Dry,2013-05-01 03:20:00,5
16.10191956,-19.24812419,LA14,2013-05-01,03:40:00 AM,03:40:00,Cold-Dry,2013-05-01 03:40:00,5
16.10192057,-19.24810181,LA14,2013-05-01,04:00:00 AM,04:00:00,Cold-Dry,2013-05-01 04:00:00,5
16.10191243,-19.24810791,LA14,2013-05-01,04:20:00 AM,04:20:00,Cold-Dry,2013-05-01 04:20:00,5
16.10082296,-19.24690959,LA14,2013-05-01,04:40:00 AM,04:40:00,Cold-Dry,2013-05-01 04:40:00,5
16.09972839,-19.24609172,LA14,2013-05-01,05:00:00 AM,05:00:00,Cold-Dry,2013-05-01 05:00:00,5
16.09947917,-19.24587809,LA14,2013-05-01,05:20:00 AM,05:20:00,Cold-Dry,2013-05-01 05:20:00,5
16.09905802,-19.24578451,LA14,2013-05-01,05:40:00 AM,05:40:00,Cold-Dry,2013-05-01 05:40:00,5
16.09871623,-19.24556885,LA14,2013-05-01,06:00:00 AM,06:00:00,Cold-Dry,2013-05-01 06:00:00,5
16.09748027,-19.24525757,LA14,2013-05-01,06:20:00 AM,06:20:00,Cold-Dry,2013-05-01 06:20:00,5
16.09643046,-19.24487915,LA14,2013-05-01,06:40:00 AM,06:40:00,Cold-Dry,2013-05-01 06:40:00,5
16.09586487,-19.2451355,LA14,2013-05-01,07:00:00 AM,07:00:00,Cold-Dry,2013-05-01 07:00:00,5
16.09458618,-19.24546102,LA14,2013-05-01,07:20:00 AM,07:20:00,Cold-Dry,2013-05-01 07:20:00,5
16.09398295,-19.24587809,LA14,2013-05-01,07:40:00 AM,07:40:00,Cold-Dry,2013-05-01 07:40:00,5
16.09368083,-19.24585571,LA14,2013-05-01,08:00:00 AM,08:00:00,Cold-Dry,2013-05-01 08:00:00,5
16.09341634,-19.24544678,LA14,2013-05-01,08:20:00 AM,08:20:00,Cold-Dry,2013-05-01 08:20:00,5
16.09329834,-19.24479777,LA14,2013-05-01,08:40:00 AM,08:40:00,Cold-Dry,2013-05-01 08:40:00,5
16.09411519,-19.24444987,LA14,2013-05-01,09:00:00 AM,09:00:00,Cold-Dry,2013-05-01 09:00:00,5
16.09443665,-19.24445597,LA14,2013-05-01,09:20:00 AM,09:20:00,Cold-Dry,2013-05-01 09:20:00,5
16.0958079,-19.24410807,LA14,2013-05-01,09:40:00 AM,09:40:00,Cold-Dry,2013-05-01 09:40:00,5
16.09989217,-19.24352824,LA14,2013-05-01,10:00:00 AM,10:00:00,Cold-Dry,2013-05-01 10:00:00,5
16.10258382,-19.24243774,LA14,2013-05-01,10:20:00 AM,10:20:00,Cold-Dry,2013-05-01 10:20:00,5
16.10459798,-19.24164836,LA14,2013-05-01,10:40:00 AM,10:40:00,Cold-Dry,2013-05-01 10:40:00,5
16.10951742,-19.24086914,LA14,2013-05-01,11:00:00 AM,11:00:00,Cold-Dry,2013-05-01 11:00:00,5
16.11486511,-19.23961182,LA14,2013-05-01,11:20:00 AM,11:20:00,Cold-Dry,2013-05-01 11:20:00,5
16.12161967,-19.23935547,LA14,2013-05-01,11:40:00 AM,11:40:00,Cold-Dry,2013-05-01 11:40:00,5
16.12857259,-19.23750203,LA14,2013-05-01,12:00:00 PM,12:00:00,Cold-Dry,2013-05-01 12:00:00,5
16.13196513,-19.23841553,LA14,2013-05-01,12:20:00 PM,12:20:00,Cold-Dry,2013-05-01 12:20:00,5
16.13190511,-19.23836263,LA14,2013-05-01,12:40:00 PM,12:40:00,Cold-Dry,2013-05-01 12:40:00,5
16.1319163,-19.23833415,LA14,2013-05-01,01:00:00 PM,13:00:00,Cold-Dry,2013-05-01 13:00:00,5
16.13190511,-19.23829753,LA14,2013-05-01,01:20:00 PM,13:20:00,Cold-Dry,2013-05-01 13:20:00,5
16.13189901,-19.23831787,LA14,2013-05-01,01:40:00 PM,13:40:00,Cold-Dry,2013-05-01 13:40:00,5
16.13156433,-19.23863729,LA14,2013-05-01,02:00:00 PM,14:00:00,Cold-Dry,2013-05-01 14:00:00,5
16.13059794,-19.24188639,LA14,2013-05-01,02:20:00 PM,14:20:00,Cold-Dry,2013-05-01 14:20:00,5
16.12984619,-19.24373372,LA14,2013-05-01,02:40:00 PM,14:40:00,Cold-Dry,2013-05-01 14:40:00,5
16.13009135,-19.24604696,LA14,2013-05-01,03:00:00 PM,15:00:00,Cold-Dry,2013-05-01 15:00:00,5
16.12864176,-19.24766032,LA14,2013-05-01,03:20:00 PM,15:20:00,Cold-Dry,2013-05-01 15:20:00,5
16.12835286,-19.25187785,LA14,2013-05-01,03:40:00 PM,15:40:00,Cold-Dry,2013-05-01 15:40:00,5
16.12802022,-19.25484823,LA14,2013-05-01,04:00:00 PM,16:00:00,Cold-Dry,2013-05-01 16:00:00,5
16.1273407,-19.25654907,LA14,2013-05-01,04:20:00 PM,16:20:00,Cold-Dry,2013-05-01 16:20:00,5
16.12604472,-19.25884603,LA14,2013-05-01,04:40:00 PM,16:40:00,Cold-Dry,2013-05-01 16:40:00,5
16.12479858,-19.2596639,LA14,2013-05-01,05:00:00 PM,17:00:00,Cold-Dry,2013-05-01 17:00:00,5
16.12386983,-19.26148885,LA14,2013-05-01,05:20:00 PM,17:20:00,Cold-Dry,2013-05-01 17:20:00,5
16.12281189,-19.26308187,LA14,2013-05-01,05:40:00 PM,17:40:00,Cold-Dry,2013-05-01 17:40:00,5
16.12098897,-19.26342367,LA14,2013-05-01,06:00:00 PM,18:00:00,Cold-Dry,2013-05-01 18:00:00,5
16.1204834,-19.26329142,LA14,2013-05-01,06:20:00 PM,18:20:00,Cold-Dry,2013-05-01 18:20:00,5
16.11950785,-19.26335856,LA14,2013-05-01,06:40:00 PM,18:40:00,Cold-Dry,2013-05-01 18:40:00,5
16.11856893,-19.26310221,LA14,2013-05-01,07:00:00 PM,19:00:00,Cold-Dry,2013-05-01 19:00:00,5
16.11518148,-19.26178996,LA14,2013-05-01,07:20:00 PM,19:20:00,Cold-Dry,2013-05-01 19:20:00,5
16.11341349,-19.26099447,LA14,2013-05-01,07:40:00 PM,19:40:00,Cold-Dry,2013-05-01 19:40:00,5
16.11233521,-19.26099447,LA14,2013-05-01,08:00:00 PM,20:00:00,Cold-Dry,2013-05-01 20:00:00,5
16.11147766,-19.26132609,LA14,2013-05-01,08:20:00 PM,20:20:00,Cold-Dry,2013-05-01 20:20:00,5
16.10895487,-19.26230062,LA14,2013-05-01,08:40:00 PM,20:40:00,Cold-Dry,2013-05-01 20:40:00,5
16.1053538,-19.26330566,LA14,2013-05-01,09:00:00 PM,21:00:00,Cold-Dry,2013-05-01 21:00:00,5
16.10317993,-19.2644694,LA14,2013-05-01,09:20:00 PM,21:20:00,Cold-Dry,2013-05-01 21:20:00,5
16.10234477,-19.26481323,LA14,2013-05-01,09:40:00 PM,21:40:00,Cold-Dry,2013-05-01 21:40:00,5
16.10136719,-19.26518555,LA14,2013-05-01,10:00:00 PM,22:00:00,Cold-Dry,2013-05-01 22:00:00,5
16.1000885,-19.26504313,LA14,2013-05-01,10:20:00 PM,22:20:00,Cold-Dry,2013-05-01 22:20:00,5
16.09861348,-19.26502889,LA14,2013-05-01,10:40:00 PM,22:40:00,Cold-Dry,2013-05-01 22:40:00,5
16.09777527,-19.2646464,LA14,2013-05-01,11:00:00 PM,23:00:00,Cold-Dry,2013-05-01 23:00:00,5
16.09699504,-19.26412964,LA14,2013-05-01,11:20:00 PM,23:20:00,Cold-Dry,2013-05-01 23:20:00,5
16.09603577,-19.26416423,LA14,2013-05-01,11:40:00 PM,23:40:00,Cold-Dry,2013-05-01 23:40:00,5
16.09573568,-19.26410929,LA14,2013-05-02,12:00:00 AM,00:00:00,Cold-Dry,2013-05-02 00:00:00,5
16.09565837,-19.26372681,LA14,2013-05-02,12:20:00 AM,00:20:00,Cold-Dry,2013-05-02 00:20:00,5
16.09535319,-19.26367391,LA14,2013-05-02,12:40:00 AM,00:40:00,Cold-Dry,2013-05-02 00:40:00,5
16.09546611,-19.2640564,LA14,2013-05-02,01:00:00 AM,01:00:00,Cold-Dry,2013-05-02 01:00:00,5
16.09531555,-19.26439209,LA14,2013-05-02,01:20:00 AM,01:20:00,Cold-Dry,2013-05-02 01:20:00,5
16.09412842,-19.26453247,LA14,2013-05-02,01:40:00 AM,01:40:00,Cold-Dry,2013-05-02 01:40:00,5
16.09328817,-19.26486206,LA14,2013-05-02,02:00:00 AM,02:00:00,Cold-Dry,2013-05-02 02:00:00,5
16.09322713,-19.26516927,LA14,2013-05-02,02:20:00 AM,02:20:00,Cold-Dry,2013-05-02 02:20:00,5
16.0932546,-19.26519165,LA14,2013-05-02,02:40:00 AM,02:40:00,Cold-Dry,2013-05-02 02:40:00,5
16.0932251,-19.26516113,LA14,2013-05-02,03:00:00 AM,03:00:00,Cold-Dry,2013-05-02 03:00:00,5
16.09330444,-19.2651591,LA14,2013-05-02,03:20:00 AM,03:20:00,Cold-Dry,2013-05-02 03:20:00,5
16.09324849,-19.265212,LA14,2013-05-02,03:40:00 AM,03:40:00,Cold-Dry,2013-05-02 03:40:00,5
16.09326375,-19.26513265,LA14,2013-05-02,04:00:00 AM,04:00:00,Cold-Dry,2013-05-02 04:00:00,5
16.09289449,-19.26444906,LA14,2013-05-02,04:20:00 AM,04:20:00,Cold-Dry,2013-05-02 04:20:00,5
16.09244995,-19.26393026,LA14,2013-05-02,04:40:00 AM,04:40:00,Cold-Dry,2013-05-02 04:40:00,5
16.0914093,-19.26339925,LA14,2013-05-02,05:00:00 AM,05:00:00,Cold-Dry,2013-05-02 05:00:00,5
16.09053548,-19.26307373,LA14,2013-05-02,05:20:00 AM,05:20:00,Cold-Dry,2013-05-02 05:20:00,5
16.08841248,-19.26186523,LA14,2013-05-02,05:40:00 AM,05:40:00,Cold-Dry,2013-05-02 05:40:00,5
16.08740845,-19.26141764,LA14,2013-05-02,06:00:00 AM,06:00:00,Cold-Dry,2013-05-02 06:00:00,5
16.08711751,-19.2608785,LA14,2013-05-02,06:20:00 AM,06:20:00,Cold-Dry,2013-05-02 06:20:00,5
16.08613993,-19.26073201,LA14,2013-05-02,06:40:00 AM,06:40:00,Cold-Dry,2013-05-02 06:40:00,5
16.08516642,-19.259611,LA14,2013-05-02,07:00:00 AM,07:00:00,Cold-Dry,2013-05-02 07:00:00,5
16.08517456,-19.25963542,LA14,2013-05-02,07:20:00 AM,07:20:00,Cold-Dry,2013-05-02 07:20:00,5
16.08519389,-19.25965983,LA14,2013-05-02,07:40:00 AM,07:40:00,Cold-Dry,2013-05-02 07:40:00,5
16.08519491,-19.25956217,LA14,2013-05-02,08:00:00 AM,08:00:00,Cold-Dry,2013-05-02 08:00:00,5
16.08406474,-19.25828044,LA14,2013-05-02,08:20:00 AM,08:20:00,Cold-Dry,2013-05-02 08:20:00,5
16.08288066,-19.25503743,LA14,2013-05-02,08:40:00 AM,08:40:00,Cold-Dry,2013-05-02 08:40:00,5
16.08281657,-19.25245158,LA14,2013-05-02,09:00:00 AM,09:00:00,Cold-Dry,2013-05-02 09:00:00,5
16.08316549,-19.25053914,LA14,2013-05-02,09:20:00 AM,09:20:00,Cold-Dry,2013-05-02 09:20:00,5
16.08365885,-19.24905599,LA14,2013-05-02,09:40:00 AM,09:40:00,Cold-Dry,2013-05-02 09:40:00,5
16.08398539,-19.2479187,LA14,2013-05-02,10:00:00 AM,10:00:00,Cold-Dry,2013-05-02 10:00:00,5
16.08391622,-19.246698,LA14,2013-05-02,10:20:00 AM,10:20:00,Cold-Dry,2013-05-02 10:20:00,5
16.08410339,-19.24466349,LA14,2013-05-02,10:40:00 AM,10:40:00,Cold-Dry,2013-05-02 10:40:00,5
16.084198,-19.24373372,LA14,2013-05-02,11:00:00 AM,11:00:00,Cold-Dry,2013-05-02 11:00:00,5
16.08414307,-19.24344889,LA14,2013-05-02,11:20:00 AM,11:20:00,Cold-Dry,2013-05-02 11:20:00,5
16.08376567,-19.24235026,LA14,2013-05-02,11:40:00 AM,11:40:00,Cold-Dry,2013-05-02 11:40:00,5
16.08350118,-19.24099121,LA14,2013-05-02,12:00:00 PM,12:00:00,Cold-Dry,2013-05-02 12:00:00,5
16.08351644,-19.24100545,LA14,2013-05-02,12:20:00 PM,12:20:00,Cold-Dry,2013-05-02 12:20:00,5
16.08353475,-19.24099325,LA14,2013-05-02,12:40:00 PM,12:40:00,Cold-Dry,2013-05-02 12:40:00,5
16.08352051,-19.24098104,LA14,2013-05-02,01:00:00 PM,13:00:00,Cold-Dry,2013-05-02 13:00:00,5
16.0825175,-19.24072876,LA14,2013-05-02,01:20:00 PM,13:20:00,Cold-Dry,2013-05-02 13:20:00,5
16.08112793,-19.24019368,LA14,2013-05-02,01:40:00 PM,13:40:00,Cold-Dry,2013-05-02 13:40:00,5
16.07845154,-19.23848063,LA14,2013-05-02,02:00:00 PM,14:00:00,Cold-Dry,2013-05-02 14:00:00,5
16.07657471,-19.23651123,LA14,2013-05-02,02:20:00 PM,14:20:00,Cold-Dry,2013-05-02 14:20:00,5
16.07582397,-19.23580119,LA14,2013-05-02,02:40:00 PM,14:40:00,Cold-Dry,2013-05-02 14:40:00,5
16.07269389,-19.23059082,LA14,2013-05-02,03:00:00 PM,15:00:00,Cold-Dry,2013-05-02 15:00:00,5
16.06973877,-19.22816569,LA14,2013-05-02,03:20:00 PM,15:20:00,Cold-Dry,2013-05-02 15:20:00,5
16.06685282,-19.22520345,LA14,2013-05-02,03:40:00 PM,15:40:00,Cold-Dry,2013-05-02 15:40:00,5
16.064151,-19.21917114,LA14,2013-05-02,04:00:00 PM,16:00:00,Cold-Dry,2013-05-02 16:00:00,5
16.05878601,-19.21346639,LA14,2013-05-02,04:20:00 PM,16:20:00,Cold-Dry,2013-05-02 16:20:00,5
16.05886027,-19.21340129,LA14,2013-05-02,04:40:00 PM,16:40:00,Cold-Dry,2013-05-02 16:40:00,5
16.05885417,-19.21349284,LA14,2013-05-02,05:00:00 PM,17:00:00,Cold-Dry,2013-05-02 17:00:00,5
16.06021932,-19.21833496,LA14,2013-05-02,05:20:00 PM,17:20:00,Cold-Dry,2013-05-02 17:20:00,5
16.06185404,-19.22351888,LA14,2013-05-02,05:40:00 PM,17:40:00,Cold-Dry,2013-05-02 17:40:00,5
16.06267802,-19.22466431,LA14,2013-05-02,06:00:00 PM,18:00:00,Cold-Dry,2013-05-02 18:00:00,5
16.06334839,-19.22513631,LA14,2013-05-02,06:20:00 PM,18:20:00,Cold-Dry,2013-05-02 18:20:00,5
16.06403809,-19.22446899,LA14,2013-05-02,06:40:00 PM,18:40:00,Cold-Dry,2013-05-02 18:40:00,5
16.06457214,-19.22399495,LA14,2013-05-02,07:00:00 PM,19:00:00,Cold-Dry,2013-05-02 19:00:00,5
16.06504822,-19.22309977,LA14,2013-05-02,07:20:00 PM,19:20:00,Cold-Dry,2013-05-02 19:20:00,5
16.06511027,-19.22201742,LA14,2013-05-02,07:40:00 PM,19:40:00,Cold-Dry,2013-05-02 19:40:00,5
16.06470947,-19.22061361,LA14,2013-05-02,08:00:00 PM,20:00:00,Cold-Dry,2013-05-02 20:00:00,5
16.06343791,-19.21891683,LA14,2013-05-02,08:20:00 PM,20:20:00,Cold-Dry,2013-05-02 20:20:00,5
16.05882975,-19.21340129,LA14,2013-05-02,08:40:00 PM,20:40:00,Cold-Dry,2013-05-02 20:40:00,5
16.0574707,-19.21507568,LA14,2013-05-02,09:00:00 PM,21:00:00,Cold-Dry,2013-05-02 21:00:00,5
16.05847371,-19.22148438,LA14,2013-05-02,09:20:00 PM,21:20:00,Cold-Dry,2013-05-02 21:20:00,5
16.05974833,-19.22787476,LA14,2013-05-02,09:40:00 PM,21:40:00,Cold-Dry,2013-05-02 21:40:00,5
16.06111043,-19.23581543,LA14,2013-05-02,10:00:00 PM,22:00:00,Cold-Dry,2013-05-02 22:00:00,5
16.06123047,-19.24594523,LA14,2013-05-02,10:20:00 PM,22:20:00,Cold-Dry,2013-05-02 22:20:00,5
16.0632609,-19.25277507,LA14,2013-05-02,10:40:00 PM,22:40:00,Cold-Dry,2013-05-02 22:40:00,5
16.06381632,-19.25441691,LA14,2013-05-02,11:00:00 PM,23:00:00,Cold-Dry,2013-05-02 23:00:00,5
16.06372274,-19.25498861,LA14,2013-05-02,11:20:00 PM,23:20:00,Cold-Dry,2013-05-02 23:20:00,5
16.06371155,-19.25548299,LA14,2013-05-02,11:40:00 PM,23:40:00,Cold-Dry,2013-05-02 23:40:00,5
16.06405741,-19.25635376,LA14,2013-05-03,12:00:00 AM,00:00:00,Cold-Dry,2013-05-03 00:00:00,5
16.06466471,-19.25639852,LA14,2013-05-03,12:20:00 AM,00:20:00,Cold-Dry,2013-05-03 00:20:00,5
16.06506551,-19.25620117,LA14,2013-05-03,12:40:00 AM,00:40:00,Cold-Dry,2013-05-03 00:40:00,5
16.06570435,-19.25581462,LA14,2013-05-03,01:00:00 AM,01:00:00,Cold-Dry,2013-05-03 01:00:00,5
16.06596171,-19.25574748,LA14,2013-05-03,01:20:00 AM,01:20:00,Cold-Dry,2013-05-03 01:20:00,5
16.06943563,-19.25756226,LA14,2013-05-03,01:40:00 AM,01:40:00,Cold-Dry,2013-05-03 01:40:00,5
16.07159526,-19.2571696,LA14,2013-05-03,02:00:00 AM,02:00:00,Cold-Dry,2013-05-03 02:00:00,5
16.07267456,-19.25807902,LA14,2013-05-03,02:20:00 AM,02:20:00,Cold-Dry,2013-05-03 02:20:00,5
16.07362467,-19.25857544,LA14,2013-05-03,02:40:00 AM,02:40:00,Cold-Dry,2013-05-03 02:40:00,5
16.07374471,-19.2587321,LA14,2013-05-03,03:00:00 AM,03:00:00,Cold-Dry,2013-05-03 03:00:00,5
16.07373861,-19.25874023,LA14,2013-05-03,03:20:00 AM,03:20:00,Cold-Dry,2013-05-03 03:20:00,5
16.07372335,-19.25878092,LA14,2013-05-03,03:40:00 AM,03:40:00,Cold-Dry,2013-05-03 03:40:00,5
16.0736613,-19.25876668,LA14,2013-05-03,04:00:00 AM,04:00:00,Cold-Dry,2013-05-03 04:00:00,5
16.07416484,-19.25893555,LA14,2013-05-03,04:20:00 AM,04:20:00,Cold-Dry,2013-05-03 04:20:00,5
16.07465617,-19.25923462,LA14,2013-05-03,04:40:00 AM,04:40:00,Cold-Dry,2013-05-03 04:40:00,5
16.07534281,-19.2588033,LA14,2013-05-03,05:00:00 AM,05:00:00,Cold-Dry,2013-05-03 05:00:00,5
16.07606099,-19.25921224,LA14,2013-05-03,05:20:00 AM,05:20:00,Cold-Dry,2013-05-03 05:20:00,5
16.07633972,-19.2601237,LA14,2013-05-03,05:40:00 AM,05:40:00,Cold-Dry,2013-05-03 05:40:00,5
16.07758382,-19.26098429,LA14,2013-05-03,06:00:00 AM,06:00:00,Cold-Dry,2013-05-03 06:00:00,5
16.07817383,-19.26106567,LA14,2013-05-03,06:20:00 AM,06:20:00,Cold-Dry,2013-05-03 06:20:00,5
16.07900187,-19.25955607,LA14,2013-05-03,06:40:00 AM,06:40:00,Cold-Dry,2013-05-03 06:40:00,5
16.07891947,-19.25881755,LA14,2013-05-03,07:00:00 AM,07:00:00,Cold-Dry,2013-05-03 07:00:00,5
16.08006388,-19.2575297,LA14,2013-05-03,07:20:00 AM,07:20:00,Cold-Dry,2013-05-03 07:20:00,5
16.08005168,-19.25718791,LA14,2013-05-03,07:40:00 AM,07:40:00,Cold-Dry,2013-05-03 07:40:00,5
16.08264262,-19.25493368,LA14,2013-05-03,08:00:00 AM,08:00:00,Cold-Dry,2013-05-03 08:00:00,5
16.08615723,-19.25314941,LA14,2013-05-03,08:20:00 AM,08:20:00,Cold-Dry,2013-05-03 08:20:00,5
16.08808695,-19.25185954,LA14,2013-05-03,08:40:00 AM,08:40:00,Cold-Dry,2013-05-03 08:40:00,5
16.0915568,-19.24922689,LA14,2013-05-03,09:00:00 AM,09:00:00,Cold-Dry,2013-05-03 09:00:00,5
16.09454854,-19.24824626,LA14,2013-05-03,09:20:00 AM,09:20:00,Cold-Dry,2013-05-03 09:20:00,5
16.09693095,-19.2463501,LA14,2013-05-03,09:40:00 AM,09:40:00,Cold-Dry,2013-05-03 09:40:00,5
16.09943848,-19.24365641,LA14,2013-05-03,10:00:00 AM,10:00:00,Cold-Dry,2013-05-03 10:00:00,5
16.10036214,-19.24337769,LA14,2013-05-03,10:20:00 AM,10:20:00,Cold-Dry,2013-05-03 10:20:00,5
16.10157674,-19.24266357,LA14,2013-05-03,10:40:00 AM,10:40:00,Cold-Dry,2013-05-03 10:40:00,5
16.10342814,-19.24225057,LA14,2013-05-03,11:00:00 AM,11:00:00,Cold-Dry,2013-05-03 11:00:00,5
16.10782166,-19.24253337,LA14,2013-05-03,11:20:00 AM,11:20:00,Cold-Dry,2013-05-03 11:20:00,5
16.11009623,-19.2426005,LA14,2013-05-03,11:40:00 AM,11:40:00,Cold-Dry,2013-05-03 11:40:00,5
16.11370443,-19.24253743,LA14,2013-05-03,12:00:00 PM,12:00:00,Cold-Dry,2013-05-03 12:00:00,5
16.11935527,-19.24051921,LA14,2013-05-03,12:20:00 PM,12:20:00,Cold-Dry,2013-05-03 12:20:00,5
16.12731527,-19.23821818,LA14,2013-05-03,12:40:00 PM,12:40:00,Cold-Dry,2013-05-03 12:40:00,5
16.13161011,-19.23858236,LA14,2013-05-03,01:00:00 PM,13:00:00,Cold-Dry,2013-05-03 13:00:00,5
16.13178914,-19.23869222,LA14,2013-05-03,01:20:00 PM,13:20:00,Cold-Dry,2013-05-03 13:20:00,5
16.13181051,-19.23872884,LA14,2013-05-03,01:40:00 PM,13:40:00,Cold-Dry,2013-05-03 13:40:00,5
16.13157043,-19.23873901,LA14,2013-05-03,02:00:00 PM,14:00:00,Cold-Dry,2013-05-03 14:00:00,5
16.13141785,-19.24021403,LA14,2013-05-03,02:20:00 PM,14:20:00,Cold-Dry,2013-05-03 14:20:00,5
16.13028768,-19.24191488,LA14,2013-05-03,02:40:00 PM,14:40:00,Cold-Dry,2013-05-03 14:40:00,5
16.12605489,-19.24426066,LA14,2013-05-03,03:00:00 PM,15:00:00,Cold-Dry,2013-05-03 15:00:00,5
16.12328084,-19.24573771,LA14,2013-05-03,03:20:00 PM,15:20:00,Cold-Dry,2013-05-03 15:20:00,5
16.12016805,-19.2474528,LA14,2013-05-03,03:40:00 PM,15:40:00,Cold-Dry,2013-05-03 15:40:00,5
16.11791992,-19.25018717,LA14,2013-05-03,04:00:00 PM,16:00:00,Cold-Dry,2013-05-03 16:00:00,5
16.1170756,-19.25144653,LA14,2013-05-03,04:20:00 PM,16:20:00,Cold-Dry,2013-05-03 16:20:00,5
16.11684367,-19.25221558,LA14,2013-05-03,04:40:00 PM,16:40:00,Cold-Dry,2013-05-03 16:40:00,5
16.11694234,-19.25413818,LA14,2013-05-03,05:00:00 PM,17:00:00,Cold-Dry,2013-05-03 17:00:00,5
16.11662292,-19.25448608,LA14,2013-05-03,05:20:00 PM,17:20:00,Cold-Dry,2013-05-03 17:20:00,5
16.11561076,-19.25469157,LA14,2013-05-03,05:40:00 PM,17:40:00,Cold-Dry,2013-05-03 17:40:00,5
16.1136027,-19.25434163,LA14,2013-05-03,06:00:00 PM,18:00:00,Cold-Dry,2013-05-03 18:00:00,5
16.11316223,-19.25408122,LA14,2013-05-03,06:20:00 PM,18:20:00,Cold-Dry,2013-05-03 18:20:00,5
16.11222534,-19.25404867,LA14,2013-05-03,06:40:00 PM,18:40:00,Cold-Dry,2013-05-03 18:40:00,5
16.11205343,-19.25408936,LA14,2013-05-03,07:00:00 PM,19:00:00,Cold-Dry,2013-05-03 19:00:00,5
16.11201782,-19.2541097,LA14,2013-05-03,07:20:00 PM,19:20:00,Cold-Dry,2013-05-03 19:20:00,5
16.11210327,-19.25436808,LA14,2013-05-03,07:40:00 PM,19:40:00,Cold-Dry,2013-05-03 19:40:00,5
16.11209615,-19.25427653,LA14,2013-05-03,08:00:00 PM,20:00:00,Cold-Dry,2013-05-03 20:00:00,5
16.11208801,-19.25426839,LA14,2013-05-03,08:20:00 PM,20:20:00,Cold-Dry,2013-05-03 20:20:00,5
16.11207479,-19.25425212,LA14,2013-05-03,08:40:00 PM,20:40:00,Cold-Dry,2013-05-03 20:40:00,5
16.11205241,-19.25424805,LA14,2013-05-03,09:00:00 PM,21:00:00,Cold-Dry,2013-05-03 21:00:00,5
16.11205241,-19.25429281,LA14,2013-05-03,09:20:00 PM,21:20:00,Cold-Dry,2013-05-03 21:20:00,5
16.1115214,-19.25419312,LA14,2013-05-03,09:40:00 PM,21:40:00,Cold-Dry,2013-05-03 21:40:00,5
16.11083374,-19.25388997,LA14,2013-05-03,10:00:00 PM,22:00:00,Cold-Dry,2013-05-03 22:00:00,5
16.11042887,-19.25401001,LA14,2013-05-03,10:20:00 PM,22:20:00,Cold-Dry,2013-05-03 22:20:00,5
16.11022746,-19.25420532,LA14,2013-05-03,10:40:00 PM,22:40:00,Cold-Dry,2013-05-03 22:40:00,5
16.10901082,-19.25449422,LA14,2013-05-03,11:00:00 PM,23:00:00,Cold-Dry,2013-05-03 23:00:00,5
16.10846151,-19.25427043,LA14,2013-05-03,11:20:00 PM,23:20:00,Cold-Dry,2013-05-03 23:20:00,5
16.10824178,-19.25372518,LA14,2013-05-03,11:40:00 PM,23:40:00,Cold-Dry,2013-05-03 23:40:00,5
16.1078481,-19.25316366,LA14,2013-05-04,12:00:00 AM,00:00:00,Cold-Dry,2013-05-04 00:00:00,5
16.10795288,-19.25285238,LA14,2013-05-04,12:20:00 AM,00:20:00,Cold-Dry,2013-05-04 00:20:00,5
16.10796611,-19.25287476,LA14,2013-05-04,12:40:00 AM,00:40:00,Cold-Dry,2013-05-04 00:40:00,5
16.10797119,-19.25287069,LA14,2013-05-04,01:00:00 AM,01:00:00,Cold-Dry,2013-05-04 01:00:00,5
16.10796102,-19.25288086,LA14,2013-05-04,01:20:00 AM,01:20:00,Cold-Dry,2013-05-04 01:20:00,5
16.10797119,-19.25288086,LA14,2013-05-04,01:40:00 AM,01:40:00,Cold-Dry,2013-05-04 01:40:00,5
16.10797119,-19.25287272,LA14,2013-05-04,02:00:00 AM,02:00:00,Cold-Dry,2013-05-04 02:00:00,5
16.10793966,-19.25289103,LA14,2013-05-04,02:20:00 AM,02:20:00,Cold-Dry,2013-05-04 02:20:00,5
16.10796305,-19.25287476,LA14,2013-05-04,02:40:00 AM,02:40:00,Cold-Dry,2013-05-04 02:40:00,5
16.10795898,-19.25287069,LA14,2013-05-04,03:00:00 AM,03:00:00,Cold-Dry,2013-05-04 03:00:00,5
16.10795288,-19.25288696,LA14,2013-05-04,03:20:00 AM,03:20:00,Cold-Dry,2013-05-04 03:20:00,5
16.10795492,-19.25287272,LA14,2013-05-04,03:40:00 AM,03:40:00,Cold-Dry,2013-05-04 03:40:00,5
16.10796916,-19.25286458,LA14,2013-05-04,04:00:00 AM,04:00:00,Cold-Dry,2013-05-04 04:00:00,5
16.10800883,-19.25291341,LA14,2013-05-04,04:20:00 AM,04:20:00,Cold-Dry,2013-05-04 04:20:00,5
16.10828145,-19.25236816,LA14,2013-05-04,04:40:00 AM,04:40:00,Cold-Dry,2013-05-04 04:40:00,5
16.10836792,-19.25178223,LA14,2013-05-04,05:00:00 AM,05:00:00,Cold-Dry,2013-05-04 05:00:00,5
16.10851644,-19.25112101,LA14,2013-05-04,05:20:00 AM,05:20:00,Cold-Dry,2013-05-04 05:20:00,5
16.10949198,-19.24932048,LA14,2013-05-04,05:40:00 AM,05:40:00,Cold-Dry,2013-05-04 05:40:00,5
16.10944316,-19.24869385,LA14,2013-05-04,06:00:00 AM,06:00:00,Cold-Dry,2013-05-04 06:00:00,5
16.11048787,-19.24795125,LA14,2013-05-04,06:20:00 AM,06:20:00,Cold-Dry,2013-05-04 06:20:00,5
16.11195577,-19.24684652,LA14,2013-05-04,06:40:00 AM,06:40:00,Cold-Dry,2013-05-04 06:40:00,5
16.11234334,-19.24575195,LA14,2013-05-04,07:00:00 AM,07:00:00,Cold-Dry,2013-05-04 07:00:00,5
16.11434631,-19.2445577,LA14,2013-05-04,07:20:00 AM,07:20:00,Cold-Dry,2013-05-04 07:20:00,5
16.11504822,-19.24422404,LA14,2013-05-04,07:40:00 AM,07:40:00,Cold-Dry,2013-05-04 07:40:00,5
16.11809998,-19.24343058,LA14,2013-05-04,08:00:00 AM,08:00:00,Cold-Dry,2013-05-04 08:00:00,5
16.12265422,-19.24178467,LA14,2013-05-04,08:20:00 AM,08:20:00,Cold-Dry,2013-05-04 08:20:00,5
16.12952779,-19.23895264,LA14,2013-05-04,08:40:00 AM,08:40:00,Cold-Dry,2013-05-04 08:40:00,5
16.13179525,-19.23846029,LA14,2013-05-04,09:00:00 AM,09:00:00,Cold-Dry,2013-05-04 09:00:00,5
16.13170268,-19.23843384,LA14,2013-05-04,09:20:00 AM,09:20:00,Cold-Dry,2013-05-04 09:20:00,5
16.1309967,-19.23557739,LA14,2013-05-04,09:40:00 AM,09:40:00,Cold-Dry,2013-05-04 09:40:00,5
16.13101501,-19.23559163,LA14,2013-05-04,10:00:00 AM,10:00:00,Cold-Dry,2013-05-04 10:00:00,5
16.13100586,-19.23565267,LA14,2013-05-04,10:20:00 AM,10:20:00,Cold-Dry,2013-05-04 10:20:00,5
16.13165385,-19.23550618,LA14,2013-05-04,10:40:00 AM,10:40:00,Cold-Dry,2013-05-04 10:40:00,5
16.13183187,-19.23554891,LA14,2013-05-04,11:00:00 AM,11:00:00,Cold-Dry,2013-05-04 11:00:00,5
16.13186646,-19.23565267,LA14,2013-05-04,11:20:00 AM,11:20:00,Cold-Dry,2013-05-04 11:20:00,5
16.13198649,-19.23574015,LA14,2013-05-04,11:40:00 AM,11:40:00,Cold-Dry,2013-05-04 11:40:00,5
16.13222961,-19.2362915,LA14,2013-05-04,12:00:00 PM,12:00:00,Cold-Dry,2013-05-04 12:00:00,5
16.13206685,-19.23674723,LA14,2013-05-04,12:20:00 PM,12:20:00,Cold-Dry,2013-05-04 12:20:00,5
16.13179626,-19.23838298,LA14,2013-05-04,12:40:00 PM,12:40:00,Cold-Dry,2013-05-04 12:40:00,5
16.13167623,-19.2385376,LA14,2013-05-04,01:00:00 PM,13:00:00,Cold-Dry,2013-05-04 13:00:00,5
16.13282471,-19.24008179,LA14,2013-05-04,01:20:00 PM,13:20:00,Cold-Dry,2013-05-04 13:20:00,5
16.13334452,-19.2446696,LA14,2013-05-04,01:40:00 PM,13:40:00,Cold-Dry,2013-05-04 13:40:00,5
16.13407898,-19.24852091,LA14,2013-05-04,02:00:00 PM,14:00:00,Cold-Dry,2013-05-04 14:00:00,5
16.13470561,-19.25075684,LA14,2013-05-04,02:20:00 PM,14:20:00,Cold-Dry,2013-05-04 14:20:00,5
16.1366038,-19.25266927,LA14,2013-05-04,02:40:00 PM,14:40:00,Cold-Dry,2013-05-04 14:40:00,5
16.13729757,-19.25458577,LA14,2013-05-04,03:00:00 PM,15:00:00,Cold-Dry,2013-05-04 15:00:00,5
16.13826599,-19.2564738,LA14,2013-05-04,03:20:00 PM,15:20:00,Cold-Dry,2013-05-04 15:20:00,5
16.13971659,-19.25922445,LA14,2013-05-04,03:40:00 PM,15:40:00,Cold-Dry,2013-05-04 15:40:00,5
16.14005941,-19.26028239,LA14,2013-05-04,04:00:00 PM,16:00:00,Cold-Dry,2013-05-04 16:00:00,5
16.13955892,-19.26185099,LA14,2013-05-04,04:20:00 PM,16:20:00,Cold-Dry,2013-05-04 16:20:00,5
16.14013062,-19.26329753,LA14,2013-05-04,04:40:00 PM,16:40:00,Cold-Dry,2013-05-04 16:40:00,5
16.14066976,-19.26416219,LA14,2013-05-04,05:00:00 PM,17:00:00,Cold-Dry,2013-05-04 17:00:00,5
16.14182841,-19.26589966,LA14,2013-05-04,05:20:00 PM,17:20:00,Cold-Dry,2013-05-04 17:20:00,5
16.14357198,-19.26734212,LA14,2013-05-04,05:40:00 PM,17:40:00,Cold-Dry,2013-05-04 17:40:00,5
16.14395549,-19.26855469,LA14,2013-05-04,06:00:00 PM,18:00:00,Cold-Dry,2013-05-04 18:00:00,5
16.14444275,-19.26975098,LA14,2013-05-04,06:20:00 PM,18:20:00,Cold-Dry,2013-05-04 18:20:00,5
16.14633891,-19.27070923,LA14,2013-05-04,06:40:00 PM,18:40:00,Cold-Dry,2013-05-04 18:40:00,5
16.14729309,-19.2712443,LA14,2013-05-04,07:00:00 PM,19:00:00,Cold-Dry,2013-05-04 19:00:00,5
16.14908956,-19.2711792,LA14,2013-05-04,07:20:00 PM,19:20:00,Cold-Dry,2013-05-04 19:20:00,5
16.15030111,-19.27124634,LA14,2013-05-04,07:40:00 PM,19:40:00,Cold-Dry,2013-05-04 19:40:00,5
16.15064494,-19.27207235,LA14,2013-05-04,08:00:00 PM,20:00:00,Cold-Dry,2013-05-04 20:00:00,5
16.15148214,-19.2725179,LA14,2013-05-04,08:20:00 PM,20:20:00,Cold-Dry,2013-05-04 20:20:00,5
16.15180766,-19.27265828,LA14,2013-05-04,08:40:00 PM,20:40:00,Cold-Dry,2013-05-04 20:40:00,5
16.15194194,-19.27353109,LA14,2013-05-04,09:00:00 PM,21:00:00,Cold-Dry,2013-05-04 21:00:00,5
16.15203756,-19.27369588,LA14,2013-05-04,09:20:00 PM,21:20:00,Cold-Dry,2013-05-04 21:20:00,5
16.15209452,-19.27368164,LA14,2013-05-04,09:40:00 PM,21:40:00,Cold-Dry,2013-05-04 21:40:00,5
16.15196635,-19.27374878,LA14,2013-05-04,10:00:00 PM,22:00:00,Cold-Dry,2013-05-04 22:00:00,5
16.15252991,-19.27421061,LA14,2013-05-04,10:20:00 PM,22:20:00,Cold-Dry,2013-05-04 22:20:00,5
16.15284526,-19.27509155,LA14,2013-05-04,10:40:00 PM,22:40:00,Cold-Dry,2013-05-04 22:40:00,5
16.15304667,-19.27571818,LA14,2013-05-04,11:00:00 PM,23:00:00,Cold-Dry,2013-05-04 23:00:00,5
16.1535909,-19.27595418,LA14,2013-05-04,11:20:00 PM,23:20:00,Cold-Dry,2013-05-04 23:20:00,5
16.15366313,-19.2760437,LA14,2013-05-04,11:40:00 PM,23:40:00,Cold-Dry,2013-05-04 23:40:00,5
16.15445658,-19.27663574,LA14,2013-05-05,12:00:00 AM,00:00:00,Cold-Dry,2013-05-05 00:00:00,5
16.15461019,-19.27686564,LA14,2013-05-05,12:20:00 AM,00:20:00,Cold-Dry,2013-05-05 00:20:00,5
16.15463562,-19.27669881,LA14,2013-05-05,12:40:00 AM,00:40:00,Cold-Dry,2013-05-05 00:40:00,5
16.15448201,-19.27617798,LA14,2013-05-05,01:00:00 AM,01:00:00,Cold-Dry,2013-05-05 01:00:00,5
16.15410665,-19.27619425,LA14,2013-05-05,01:20:00 AM,01:20:00,Cold-Dry,2013-05-05 01:20:00,5
16.15408427,-19.2762207,LA14,2013-05-05,01:40:00 AM,01:40:00,Cold-Dry,2013-05-05 01:40:00,5
16.15412089,-19.27623901,LA14,2013-05-05,02:00:00 AM,02:00:00,Cold-Dry,2013-05-05 02:00:00,5
16.15409749,-19.27621257,LA14,2013-05-05,02:20:00 AM,02:20:00,Cold-Dry,2013-05-05 02:20:00,5
16.15407104,-19.27617798,LA14,2013-05-05,02:40:00 AM,02:40:00,Cold-Dry,2013-05-05 02:40:00,5
16.1540446,-19.27661743,LA14,2013-05-05,03:00:00 AM,03:00:00,Cold-Dry,2013-05-05 03:00:00,5
16.15361735,-19.27719727,LA14,2013-05-05,03:20:00 AM,03:20:00,Cold-Dry,2013-05-05 03:20:00,5
16.15360413,-19.27761841,LA14,2013-05-05,03:40:00 AM,03:40:00,Cold-Dry,2013-05-05 03:40:00,5
16.1533844,-19.27830811,LA14,2013-05-05,04:00:00 AM,04:00:00,Cold-Dry,2013-05-05 04:00:00,5
16.15311686,-19.27837728,LA14,2013-05-05,04:20:00 AM,04:20:00,Cold-Dry,2013-05-05 04:20:00,5
16.15299479,-19.27828573,LA14,2013-05-05,04:40:00 AM,04:40:00,Cold-Dry,2013-05-05 04:40:00,5
16.15192159,-19.2787679,LA14,2013-05-05,05:00:00 AM,05:00:00,Cold-Dry,2013-05-05 05:00:00,5
16.15100199,-19.27898966,LA14,2013-05-05,05:20:00 AM,05:20:00,Cold-Dry,2013-05-05 05:20:00,5
16.15028585,-19.2788798,LA14,2013-05-05,05:40:00 AM,05:40:00,Cold-Dry,2013-05-05 05:40:00,5
16.14999288,-19.27884115,LA14,2013-05-05,06:00:00 AM,06:00:00,Cold-Dry,2013-05-05 06:00:00,5
16.14854533,-19.27868245,LA14,2013-05-05,06:20:00 AM,06:20:00,Cold-Dry,2013-05-05 06:20:00,5
16.14784342,-19.28008626,LA14,2013-05-05,06:40:00 AM,06:40:00,Cold-Dry,2013-05-05 06:40:00,5
16.14671834,-19.28110758,LA14,2013-05-05,07:00:00 AM,07:00:00,Cold-Dry,2013-05-05 07:00:00,5
16.14654541,-19.28120524,LA14,2013-05-05,07:20:00 AM,07:20:00,Cold-Dry,2013-05-05 07:20:00,5
16.14503784,-19.28100993,LA14,2013-05-05,07:40:00 AM,07:40:00,Cold-Dry,2013-05-05 07:40:00,5
16.14488424,-19.28027954,LA14,2013-05-05,08:00:00 AM,08:00:00,Cold-Dry,2013-05-05 08:00:00,5
16.14432068,-19.27913208,LA14,2013-05-05,08:20:00 AM,08:20:00,Cold-Dry,2013-05-05 08:20:00,5
16.14407247,-19.27848918,LA14,2013-05-05,08:40:00 AM,08:40:00,Cold-Dry,2013-05-05 08:40:00,5
16.14364014,-19.27841187,LA14,2013-05-05,09:00:00 AM,09:00:00,Cold-Dry,2013-05-05 09:00:00,5
16.14264119,-19.27777913,LA14,2013-05-05,09:20:00 AM,09:20:00,Cold-Dry,2013-05-05 09:20:00,5
16.14257406,-19.27646484,LA14,2013-05-05,09:40:00 AM,09:40:00,Cold-Dry,2013-05-05 09:40:00,5
16.14149984,-19.27486572,LA14,2013-05-05,10:00:00 AM,10:00:00,Cold-Dry,2013-05-05 10:00:00,5
16.14121602,-19.27458496,LA14,2013-05-05,10:20:00 AM,10:20:00,Cold-Dry,2013-05-05 10:20:00,5
16.13991394,-19.27102458,LA14,2013-05-05,10:40:00 AM,10:40:00,Cold-Dry,2013-05-05 10:40:00,5
16.14010315,-19.2704305,LA14,2013-05-05,11:00:00 AM,11:00:00,Cold-Dry,2013-05-05 11:00:00,5
16.13966064,-19.26794434,LA14,2013-05-05,11:20:00 AM,11:20:00,Cold-Dry,2013-05-05 11:20:00,5
16.13926595,-19.26696167,LA14,2013-05-05,11:40:00 AM,11:40:00,Cold-Dry,2013-05-05 11:40:00,5
16.13854167,-19.26572469,LA14,2013-05-05,12:00:00 PM,12:00:00,Cold-Dry,2013-05-05 12:00:00,5
16.13828837,-19.26350708,LA14,2013-05-05,12:20:00 PM,12:20:00,Cold-Dry,2013-05-05 12:20:00,5
16.13845317,-19.26004232,LA14,2013-05-05,12:40:00 PM,12:40:00,Cold-Dry,2013-05-05 12:40:00,5
16.13833415,-19.25565796,LA14,2013-05-05,01:00:00 PM,13:00:00,Cold-Dry,2013-05-05 13:00:00,5
16.13663025,-19.25185343,LA14,2013-05-05,01:20:00 PM,13:20:00,Cold-Dry,2013-05-05 13:20:00,5
16.13441976,-19.24562785,LA14,2013-05-05,01:40:00 PM,13:40:00,Cold-Dry,2013-05-05 13:40:00,5
16.13158366,-19.23855794,LA14,2013-05-05,02:00:00 PM,14:00:00,Cold-Dry,2013-05-05 14:00:00,5
16.13163757,-19.23848063,LA14,2013-05-05,02:20:00 PM,14:20:00,Cold-Dry,2013-05-05 14:20:00,5
16.13170166,-19.2387207,LA14,2013-05-05,02:40:00 PM,14:40:00,Cold-Dry,2013-05-05 14:40:00,5
16.13110148,-19.24100545,LA14,2013-05-05,03:00:00 PM,15:00:00,Cold-Dry,2013-05-05 15:00:00,5
16.12975464,-19.24184774,LA14,2013-05-05,03:20:00 PM,15:20:00,Cold-Dry,2013-05-05 15:20:00,5
16.12865906,-19.24249268,LA14,2013-05-05,03:40:00 PM,15:40:00,Cold-Dry,2013-05-05 15:40:00,5
16.12729492,-19.24252116,LA14,2013-05-05,04:00:00 PM,16:00:00,Cold-Dry,2013-05-05 16:00:00,5
16.12723897,-19.24236857,LA14,2013-05-05,04:20:00 PM,16:20:00,Cold-Dry,2013-05-05 16:20:00,5
16.12745667,-19.24221395,LA14,2013-05-05,04:40:00 PM,16:40:00,Cold-Dry,2013-05-05 16:40:00,5
16.13146362,-19.24003703,LA14,2013-05-05,05:00:00 PM,17:00:00,Cold-Dry,2013-05-05 17:00:00,5
16.13018595,-19.2386495,LA14,2013-05-05,05:20:00 PM,17:20:00,Cold-Dry,2013-05-05 17:20:00,5
16.12414653,-19.24077148,LA14,2013-05-05,05:40:00 PM,17:40:00,Cold-Dry,2013-05-05 17:40:00,5
16.11874288,-19.24345703,LA14,2013-05-05,06:00:00 PM,18:00:00,Cold-Dry,2013-05-05 18:00:00,5
16.11673686,-19.24363403,LA14,2013-05-05,06:20:00 PM,18:20:00,Cold-Dry,2013-05-05 18:20:00,5
16.11503296,-19.24408569,LA14,2013-05-05,06:40:00 PM,18:40:00,Cold-Dry,2013-05-05 18:40:00,5
16.11434937,-19.24446411,LA14,2013-05-05,07:00:00 PM,19:00:00,Cold-Dry,2013-05-05 19:00:00,5
16.11231791,-19.24486491,LA14,2013-05-05,07:20:00 PM,19:20:00,Cold-Dry,2013-05-05 19:20:00,5
16.11154989,-19.24547323,LA14,2013-05-05,07:40:00 PM,19:40:00,Cold-Dry,2013-05-05 19:40:00,5
16.11100566,-19.24573364,LA14,2013-05-05,08:00:00 PM,20:00:00,Cold-Dry,2013-05-05 20:00:00,5
16.11055806,-19.24618937,LA14,2013-05-05,08:20:00 PM,20:20:00,Cold-Dry,2013-05-05 20:20:00,5
16.10959269,-19.24676107,LA14,2013-05-05,08:40:00 PM,20:40:00,Cold-Dry,2013-05-05 20:40:00,5
16.10908407,-19.24742839,LA14,2013-05-05,09:00:00 PM,21:00:00,Cold-Dry,2013-05-05 21:00:00,5
16.1081248,-19.24807129,LA14,2013-05-05,09:20:00 PM,21:20:00,Cold-Dry,2013-05-05 21:20:00,5
16.10766296,-19.24844767,LA14,2013-05-05,09:40:00 PM,21:40:00,Cold-Dry,2013-05-05 21:40:00,5
16.1069987,-19.24867554,LA14,2013-05-05,10:00:00 PM,22:00:00,Cold-Dry,2013-05-05 22:00:00,5
16.1066274,-19.24854329,LA14,2013-05-05,10:20:00 PM,22:20:00,Cold-Dry,2013-05-05 22:20:00,5
16.10660095,-19.24843953,LA14,2013-05-05,10:40:00 PM,22:40:00,Cold-Dry,2013-05-05 22:40:00,5
16.10653381,-19.24818115,LA14,2013-05-05,11:00:00 PM,23:00:00,Cold-Dry,2013-05-05 23:00:00,5
16.10600688,-19.24805298,LA14,2013-05-05,11:20:00 PM,23:20:00,Cold-Dry,2013-05-05 23:20:00,5
16.10600688,-19.24807536,LA14,2013-05-05,11:40:00 PM,23:40:00,Cold-Dry,2013-05-05 23:40:00,5
16.10599874,-19.2480835,LA14,2013-05-06,12:00:00 AM,00:00:00,Cold-Dry,2013-05-06 00:00:00,5
16.10601501,-19.24806112,LA14,2013-05-06,12:20:00 AM,00:20:00,Cold-Dry,2013-05-06 00:20:00,5
16.10600586,-19.24805501,LA14,2013-05-06,12:40:00 AM,00:40:00,Cold-Dry,2013-05-06 00:40:00,5
16.10598246,-19.24801636,LA14,2013-05-06,01:00:00 AM,01:00:00,Cold-Dry,2013-05-06 01:00:00,5
16.10599467,-19.24806112,LA14,2013-05-06,01:20:00 AM,01:20:00,Cold-Dry,2013-05-06 01:20:00,5
16.10600688,-19.24809774,LA14,2013-05-06,01:40:00 AM,01:40:00,Cold-Dry,2013-05-06 01:40:00,5
16.10601196,-19.24806112,LA14,2013-05-06,02:00:00 AM,02:00:00,Cold-Dry,2013-05-06 02:00:00,5
16.10604655,-19.24806925,LA14,2013-05-06,02:20:00 AM,02:20:00,Cold-Dry,2013-05-06 02:20:00,5
16.106014,-19.24807943,LA14,2013-05-06,02:40:00 AM,02:40:00,Cold-Dry,2013-05-06 02:40:00,5
16.10598755,-19.2480835,LA14,2013-05-06,03:00:00 AM,03:00:00,Cold-Dry,2013-05-06 03:00:00,5
16.10596822,-19.24769084,LA14,2013-05-06,03:20:00 AM,03:20:00,Cold-Dry,2013-05-06 03:20:00,5
16.10596517,-19.24699097,LA14,2013-05-06,03:40:00 AM,03:40:00,Cold-Dry,2013-05-06 03:40:00,5
16.10516459,-19.2465861,LA14,2013-05-06,04:00:00 AM,04:00:00,Cold-Dry,2013-05-06 04:00:00,5
16.10480855,-19.24656982,LA14,2013-05-06,04:20:00 AM,04:20:00,Cold-Dry,2013-05-06 04:20:00,5
16.10427144,-19.2462321,LA14,2013-05-06,04:40:00 AM,04:40:00,Cold-Dry,2013-05-06 04:40:00,5
16.10418905,-19.24574178,LA14,2013-05-06,05:00:00 AM,05:00:00,Cold-Dry,2013-05-06 05:00:00,5
16.10391032,-19.24575399,LA14,2013-05-06,05:20:00 AM,05:20:00,Cold-Dry,2013-05-06 05:20:00,5
16.10400289,-19.2451945,LA14,2013-05-06,05:40:00 AM,05:40:00,Cold-Dry,2013-05-06 05:40:00,5
16.10408936,-19.24470011,LA14,2013-05-06,06:00:00 AM,06:00:00,Cold-Dry,2013-05-06 06:00:00,5
16.10536906,-19.24307048,LA14,2013-05-06,06:20:00 AM,06:20:00,Cold-Dry,2013-05-06 06:20:00,5
16.1066864,-19.24330648,LA14,2013-05-06,06:40:00 AM,06:40:00,Cold-Dry,2013-05-06 06:40:00,5
16.10736084,-19.24316813,LA14,2013-05-06,07:00:00 AM,07:00:00,Cold-Dry,2013-05-06 07:00:00,5
16.10765889,-19.24322713,LA14,2013-05-06,07:20:00 AM,07:20:00,Cold-Dry,2013-05-06 07:20:00,5
16.10933634,-19.24303792,LA14,2013-05-06,07:40:00 AM,07:40:00,Cold-Dry,2013-05-06 07:40:00,5
16.10973409,-19.24203695,LA14,2013-05-06,08:00:00 AM,08:00:00,Cold-Dry,2013-05-06 08:00:00,5
16.11064046,-19.24129842,LA14,2013-05-06,08:20:00 AM,08:20:00,Cold-Dry,2013-05-06 08:20:00,5
16.11160889,-19.24057821,LA14,2013-05-06,08:40:00 AM,08:40:00,Cold-Dry,2013-05-06 08:40:00,5
16.11196798,-19.2393514,LA14,2013-05-06,09:00:00 AM,09:00:00,Cold-Dry,2013-05-06 09:00:00,5
16.11196086,-19.2393514,LA14,2013-05-06,09:20:00 AM,09:20:00,Cold-Dry,2013-05-06 09:20:00,5
16.11197815,-19.23934733,LA14,2013-05-06,09:40:00 AM,09:40:00,Cold-Dry,2013-05-06 09:40:00,5
16.12083842,-19.23955485,LA14,2013-05-06,10:00:00 AM,10:00:00,Cold-Dry,2013-05-06 10:00:00,5
16.12866618,-19.23859863,LA14,2013-05-06,10:20:00 AM,10:20:00,Cold-Dry,2013-05-06 10:20:00,5
16.13172404,-19.23840129,LA14,2013-05-06,10:40:00 AM,10:40:00,Cold-Dry,2013-05-06 10:40:00,5
16.13179932,-19.23847046,LA14,2013-05-06,11:00:00 AM,11:00:00,Cold-Dry,2013-05-06 11:00:00,5
16.13175557,-19.23841553,LA14,2013-05-06,11:20:00 AM,11:20:00,Cold-Dry,2013-05-06 11:20:00,5
16.13180135,-19.23859863,LA14,2013-05-06,11:40:00 AM,11:40:00,Cold-Dry,2013-05-06 11:40:00,5
16.13170268,-19.23899536,LA14,2013-05-06,12:00:00 PM,12:00:00,Cold-Dry,2013-05-06 12:00:00,5
16.13108521,-19.24100138,LA14,2013-05-06,12:20:00 PM,12:20:00,Cold-Dry,2013-05-06 12:20:00,5
16.12883301,-19.24163411,LA14,2013-05-06,12:40:00 PM,12:40:00,Cold-Dry,2013-05-06 12:40:00,5
16.12820638,-19.24144897,LA14,2013-05-06,01:00:00 PM,13:00:00,Cold-Dry,2013-05-06 13:00:00,5
16.12762858,-19.24149984,LA14,2013-05-06,01:20:00 PM,13:20:00,Cold-Dry,2013-05-06 13:20:00,5
16.12718506,-19.24155884,LA14,2013-05-06,01:40:00 PM,13:40:00,Cold-Dry,2013-05-06 13:40:00,5
16.12715759,-19.24159749,LA14,2013-05-06,02:00:00 PM,14:00:00,Cold-Dry,2013-05-06 14:00:00,5
16.1271759,-19.24157104,LA14,2013-05-06,02:20:00 PM,14:20:00,Cold-Dry,2013-05-06 14:20:00,5
16.12718506,-19.24159546,LA14,2013-05-06,02:40:00 PM,14:40:00,Cold-Dry,2013-05-06 14:40:00,5
16.1268453,-19.24207357,LA14,2013-05-06,03:00:00 PM,15:00:00,Cold-Dry,2013-05-06 15:00:00,5
16.12639872,-19.24197998,LA14,2013-05-06,03:20:00 PM,15:20:00,Cold-Dry,2013-05-06 15:20:00,5
16.12661031,-19.24230347,LA14,2013-05-06,03:40:00 PM,15:40:00,Cold-Dry,2013-05-06 15:40:00,5
16.1265981,-19.24231364,LA14,2013-05-06,04:00:00 PM,16:00:00,Cold-Dry,2013-05-06 16:00:00,5
16.12189535,-19.24464315,LA14,2013-05-06,04:20:00 PM,16:20:00,Cold-Dry,2013-05-06 16:20:00,5
16.1198171,-19.24671631,LA14,2013-05-06,04:40:00 PM,16:40:00,Cold-Dry,2013-05-06 16:40:00,5
16.11630452,-19.24873047,LA14,2013-05-06,05:00:00 PM,17:00:00,Cold-Dry,2013-05-06 17:00:00,5
16.11546733,-19.24921468,LA14,2013-05-06,05:20:00 PM,17:20:00,Cold-Dry,2013-05-06 17:20:00,5
16.11435242,-19.2494161,LA14,2013-05-06,05:40:00 PM,17:40:00,Cold-Dry,2013-05-06 17:40:00,5
16.11406148,-19.24995728,LA14,2013-05-06,06:00:00 PM,18:00:00,Cold-Dry,2013-05-06 18:00:00,5
16.11300557,-19.25088908,LA14,2013-05-06,06:20:00 PM,18:20:00,Cold-Dry,2013-05-06 18:20:00,5
16.11214193,-19.25155436,LA14,2013-05-06,06:40:00 PM,18:40:00,Cold-Dry,2013-05-06 18:40:00,5
16.11165365,-19.25158081,LA14,2013-05-06,07:00:00 PM,19:00:00,Cold-Dry,2013-05-06 19:00:00,5
16.11115723,-19.25229696,LA14,2013-05-06,07:20:00 PM,19:20:00,Cold-Dry,2013-05-06 19:20:00,5
16.11100362,-19.2524231,LA14,2013-05-06,07:40:00 PM,19:40:00,Cold-Dry,2013-05-06 19:40:00,5
16.11074727,-19.25227458,LA14,2013-05-06,08:00:00 PM,20:00:00,Cold-Dry,2013-05-06 20:00:00,5
16.11044922,-19.25220744,LA14,2013-05-06,08:20:00 PM,20:20:00,Cold-Dry,2013-05-06 20:20:00,5
16.11045024,-19.25219523,LA14,2013-05-06,08:40:00 PM,20:40:00,Cold-Dry,2013-05-06 20:40:00,5
16.11045431,-19.25219727,LA14,2013-05-06,09:00:00 PM,21:00:00,Cold-Dry,2013-05-06 21:00:00,5
16.11044515,-19.25221558,LA14,2013-05-06,09:20:00 PM,21:20:00,Cold-Dry,2013-05-06 21:20:00,5
16.1104716,-19.25222575,LA14,2013-05-06,09:40:00 PM,21:40:00,Cold-Dry,2013-05-06 21:40:00,5
16.11007996,-19.25259806,LA14,2013-05-06,10:00:00 PM,22:00:00,Cold-Dry,2013-05-06 22:00:00,5
16.10957031,-19.25301717,LA14,2013-05-06,10:20:00 PM,22:20:00,Cold-Dry,2013-05-06 22:20:00,5
16.10923665,-19.25311279,LA14,2013-05-06,10:40:00 PM,22:40:00,Cold-Dry,2013-05-06 22:40:00,5
16.10840963,-19.25285441,LA14,2013-05-06,11:00:00 PM,23:00:00,Cold-Dry,2013-05-06 23:00:00,5
16.10795186,-19.25285034,LA14,2013-05-06,11:20:00 PM,23:20:00,Cold-Dry,2013-05-06 23:20:00,5
16.10795593,-19.25287272,LA14,2013-05-06,11:40:00 PM,23:40:00,Cold-Dry,2013-05-06 23:40:00,5
16.10795797,-19.25285848,LA14,2013-05-07,12:00:00 AM,00:00:00,Cold-Dry,2013-05-07 00:00:00,5
16.10797323,-19.25284424,LA14,2013-05-07,12:20:00 AM,00:20:00,Cold-Dry,2013-05-07 00:20:00,5
16.10795186,-19.25286458,LA14,2013-05-07,12:40:00 AM,00:40:00,Cold-Dry,2013-05-07 00:40:00,5
16.10795695,-19.25286458,LA14,2013-05-07,01:00:00 AM,01:00:00,Cold-Dry,2013-05-07 01:00:00,5
16.10794576,-19.25285645,LA14,2013-05-07,01:20:00 AM,01:20:00,Cold-Dry,2013-05-07 01:20:00,5
16.1079366,-19.25285238,LA14,2013-05-07,01:40:00 AM,01:40:00,Cold-Dry,2013-05-07 01:40:00,5
16.10796,-19.25284424,LA14,2013-05-07,02:00:00 AM,02:00:00,Cold-Dry,2013-05-07 02:00:00,5
16.10794779,-19.25287272,LA14,2013-05-07,02:20:00 AM,02:20:00,Cold-Dry,2013-05-07 02:20:00,5
16.10796102,-19.25287882,LA14,2013-05-07,02:40:00 AM,02:40:00,Cold-Dry,2013-05-07 02:40:00,5
16.10797526,-19.25288696,LA14,2013-05-07,03:00:00 AM,03:00:00,Cold-Dry,2013-05-07 03:00:00,5
16.10795492,-19.25286865,LA14,2013-05-07,03:20:00 AM,03:20:00,Cold-Dry,2013-05-07 03:20:00,5
16.10785421,-19.25307821,LA14,2013-05-07,03:40:00 AM,03:40:00,Cold-Dry,2013-05-07 03:40:00,5
16.10766093,-19.25320435,LA14,2013-05-07,04:00:00 AM,04:00:00,Cold-Dry,2013-05-07 04:00:00,5
16.10765177,-19.25348714,LA14,2013-05-07,04:20:00 AM,04:20:00,Cold-Dry,2013-05-07 04:20:00,5
16.10740153,-19.25365804,LA14,2013-05-07,04:40:00 AM,04:40:00,Cold-Dry,2013-05-07 04:40:00,5
16.10720723,-19.25397339,LA14,2013-05-07,05:00:00 AM,05:00:00,Cold-Dry,2013-05-07 05:00:00,5
16.1061259,-19.25281982,LA14,2013-05-07,05:20:00 AM,05:20:00,Cold-Dry,2013-05-07 05:20:00,5
16.10525614,-19.25194092,LA14,2013-05-07,05:40:00 AM,05:40:00,Cold-Dry,2013-05-07 05:40:00,5
16.10454814,-19.25092773,LA14,2013-05-07,06:00:00 AM,06:00:00,Cold-Dry,2013-05-07 06:00:00,5
16.10376994,-19.25026245,LA14,2013-05-07,06:20:00 AM,06:20:00,Cold-Dry,2013-05-07 06:20:00,5
16.10354919,-19.24938965,LA14,2013-05-07,06:40:00 AM,06:40:00,Cold-Dry,2013-05-07 06:40:00,5
16.10503845,-19.24906209,LA14,2013-05-07,07:00:00 AM,07:00:00,Cold-Dry,2013-05-07 07:00:00,5
16.10546163,-19.24875488,LA14,2013-05-07,07:20:00 AM,07:20:00,Cold-Dry,2013-05-07 07:20:00,5
16.10642293,-19.24773763,LA14,2013-05-07,07:40:00 AM,07:40:00,Cold-Dry,2013-05-07 07:40:00,5
16.10734355,-19.24666951,LA14,2013-05-07,08:00:00 AM,08:00:00,Cold-Dry,2013-05-07 08:00:00,5
16.10871989,-19.24672852,LA14,2013-05-07,08:20:00 AM,08:20:00,Cold-Dry,2013-05-07 08:20:00,5
16.11011149,-19.24553426,LA14,2013-05-07,08:40:00 AM,08:40:00,Cold-Dry,2013-05-07 08:40:00,5
16.11254476,-19.24562988,LA14,2013-05-07,09:00:00 AM,09:00:00,Cold-Dry,2013-05-07 09:00:00,5
16.11614482,-19.24515381,LA14,2013-05-07,09:20:00 AM,09:20:00,Cold-Dry,2013-05-07 09:20:00,5
16.12138265,-19.24437052,LA14,2013-05-07,09:40:00 AM,09:40:00,Cold-Dry,2013-05-07 09:40:00,5
16.13070068,-19.24163208,LA14,2013-05-07,10:00:00 AM,10:00:00,Cold-Dry,2013-05-07 10:00:00,5
16.13154704,-19.23843994,LA14,2013-05-07,10:20:00 AM,10:20:00,Cold-Dry,2013-05-07 10:20:00,5
16.13141378,-19.23706665,LA14,2013-05-07,10:40:00 AM,10:40:00,Cold-Dry,2013-05-07 10:40:00,5
16.13153788,-19.23729655,LA14,2013-05-07,11:00:00 AM,11:00:00,Cold-Dry,2013-05-07 11:00:00,5
16.13177795,-19.23817952,LA14,2013-05-07,11:20:00 AM,11:20:00,Cold-Dry,2013-05-07 11:20:00,5
16.13172709,-19.23839925,LA14,2013-05-07,11:40:00 AM,11:40:00,Cold-Dry,2013-05-07 11:40:00,5
16.13178406,-19.23841146,LA14,2013-05-07,12:00:00 PM,12:00:00,Cold-Dry,2013-05-07 12:00:00,5
16.13178507,-19.23846436,LA14,2013-05-07,12:20:00 PM,12:20:00,Cold-Dry,2013-05-07 12:20:00,5
16.13179321,-19.23841146,LA14,2013-05-07,12:40:00 PM,12:40:00,Cold-Dry,2013-05-07 12:40:00,5
16.12860107,-19.23668213,LA14,2013-05-07,01:00:00 PM,13:00:00,Cold-Dry,2013-05-07 13:00:00,5
16.12729594,-19.23498535,LA14,2013-05-07,01:20:00 PM,13:20:00,Cold-Dry,2013-05-07 13:20:00,5
16.12723999,-19.23470052,LA14,2013-05-07,01:40:00 PM,13:40:00,Cold-Dry,2013-05-07 13:40:00,5
16.12704671,-19.23456624,LA14,2013-05-07,02:00:00 PM,14:00:00,Cold-Dry,2013-05-07 14:00:00,5
16.12713928,-19.2344869,LA14,2013-05-07,02:20:00 PM,14:20:00,Cold-Dry,2013-05-07 14:20:00,5
16.12715759,-19.23432617,LA14,2013-05-07,02:40:00 PM,14:40:00,Cold-Dry,2013-05-07 14:40:00,5
16.12718302,-19.23428548,LA14,2013-05-07,03:00:00 PM,15:00:00,Cold-Dry,2013-05-07 15:00:00,5
16.12800395,-19.23592936,LA14,2013-05-07,03:20:00 PM,15:20:00,Cold-Dry,2013-05-07 15:20:00,5
16.12852173,-19.2367513,LA14,2013-05-07,03:40:00 PM,15:40:00,Cold-Dry,2013-05-07 15:40:00,5
16.13180847,-19.23842163,LA14,2013-05-07,04:00:00 PM,16:00:00,Cold-Dry,2013-05-07 16:00:00,5
16.13159892,-19.23883057,LA14,2013-05-07,04:20:00 PM,16:20:00,Cold-Dry,2013-05-07 16:20:00,5
16.12823283,-19.24589844,LA14,2013-05-07,04:40:00 PM,16:40:00,Cold-Dry,2013-05-07 16:40:00,5
16.12226766,-19.25152791,LA14,2013-05-07,05:00:00 PM,17:00:00,Cold-Dry,2013-05-07 17:00:00,5
16.12030741,-19.25335083,LA14,2013-05-07,05:20:00 PM,17:20:00,Cold-Dry,2013-05-07 17:20:00,5
16.11941325,-19.25418905,LA14,2013-05-07,05:40:00 PM,17:40:00,Cold-Dry,2013-05-07 17:40:00,5
16.11855876,-19.25515544,LA14,2013-05-07,06:00:00 PM,18:00:00,Cold-Dry,2013-05-07 18:00:00,5
16.11781718,-19.25592448,LA14,2013-05-07,06:20:00 PM,18:20:00,Cold-Dry,2013-05-07 18:20:00,5
16.11709188,-19.25643311,LA14,2013-05-07,06:40:00 PM,18:40:00,Cold-Dry,2013-05-07 18:40:00,5
16.11668294,-19.25677083,LA14,2013-05-07,07:00:00 PM,19:00:00,Cold-Dry,2013-05-07 19:00:00,5
16.11663717,-19.25714722,LA14,2013-05-07,07:20:00 PM,19:20:00,Cold-Dry,2013-05-07 19:20:00,5
16.11544596,-19.25814412,LA14,2013-05-07,07:40:00 PM,19:40:00,Cold-Dry,2013-05-07 19:40:00,5
16.11406657,-19.25905558,LA14,2013-05-07,08:00:00 PM,20:00:00,Cold-Dry,2013-05-07 20:00:00,5
16.11359558,-19.25956624,LA14,2013-05-07,08:20:00 PM,20:20:00,Cold-Dry,2013-05-07 20:20:00,5
16.11105347,-19.25988973,LA14,2013-05-07,08:40:00 PM,20:40:00,Cold-Dry,2013-05-07 20:40:00,5
16.1105662,-19.25974935,LA14,2013-05-07,09:00:00 PM,21:00:00,Cold-Dry,2013-05-07 21:00:00,5
16.11013794,-19.25964355,LA14,2013-05-07,09:20:00 PM,21:20:00,Cold-Dry,2013-05-07 21:20:00,5
16.11001078,-19.25997721,LA14,2013-05-07,09:40:00 PM,21:40:00,Cold-Dry,2013-05-07 21:40:00,5
16.10954692,-19.26034139,LA14,2013-05-07,10:00:00 PM,22:00:00,Cold-Dry,2013-05-07 22:00:00,5
16.10935567,-19.26066895,LA14,2013-05-07,10:20:00 PM,22:20:00,Cold-Dry,2013-05-07 22:20:00,5
16.10893962,-19.26069336,LA14,2013-05-07,10:40:00 PM,22:40:00,Cold-Dry,2013-05-07 22:40:00,5
16.10866699,-19.2605835,LA14,2013-05-07,11:00:00 PM,23:00:00,Cold-Dry,2013-05-07 23:00:00,5
16.1080658,-19.26020304,LA14,2013-05-07,11:20:00 PM,23:20:00,Cold-Dry,2013-05-07 23:20:00,5
16.10774231,-19.26062012,LA14,2013-05-07,11:40:00 PM,23:40:00,Cold-Dry,2013-05-07 23:40:00,5
16.10786438,-19.26078288,LA14,2013-05-08,12:00:00 AM,00:00:00,Cold-Dry,2013-05-08 00:00:00,5
16.10785726,-19.26080322,LA14,2013-05-08,12:20:00 AM,00:20:00,Cold-Dry,2013-05-08 00:20:00,5
16.10785828,-19.26082764,LA14,2013-05-08,12:40:00 AM,00:40:00,Cold-Dry,2013-05-08 00:40:00,5
16.10785828,-19.26075439,LA14,2013-05-08,01:00:00 AM,01:00:00,Cold-Dry,2013-05-08 01:00:00,5
16.10787252,-19.26079102,LA14,2013-05-08,01:20:00 AM,01:20:00,Cold-Dry,2013-05-08 01:20:00,5
16.10785828,-19.26077271,LA14,2013-05-08,01:40:00 AM,01:40:00,Cold-Dry,2013-05-08 01:40:00,5
16.10784403,-19.2607666,LA14,2013-05-08,02:00:00 AM,02:00:00,Cold-Dry,2013-05-08 02:00:00,5
16.10786845,-19.26075236,LA14,2013-05-08,02:20:00 AM,02:20:00,Cold-Dry,2013-05-08 02:20:00,5
16.10787048,-19.2607666,LA14,2013-05-08,02:40:00 AM,02:40:00,Cold-Dry,2013-05-08 02:40:00,5
16.10786235,-19.26079102,LA14,2013-05-08,03:00:00 AM,03:00:00,Cold-Dry,2013-05-08 03:00:00,5
16.10781555,-19.26079915,LA14,2013-05-08,03:20:00 AM,03:20:00,Cold-Dry,2013-05-08 03:20:00,5
16.10853373,-19.26109212,LA14,2013-05-08,03:40:00 AM,03:40:00,Cold-Dry,2013-05-08 03:40:00,5
16.10918477,-19.26088664,LA14,2013-05-08,04:00:00 AM,04:00:00,Cold-Dry,2013-05-08 04:00:00,5
16.10948893,-19.26077677,LA14,2013-05-08,04:20:00 AM,04:20:00,Cold-Dry,2013-05-08 04:20:00,5
16.10933228,-19.26001994,LA14,2013-05-08,04:40:00 AM,04:40:00,Cold-Dry,2013-05-08 04:40:00,5
16.10919902,-19.25942383,LA14,2013-05-08,05:00:00 AM,05:00:00,Cold-Dry,2013-05-08 05:00:00,5
16.10863749,-19.25901286,LA14,2013-05-08,05:20:00 AM,05:20:00,Cold-Dry,2013-05-08 05:20:00,5
16.10787048,-19.25804036,LA14,2013-05-08,05:40:00 AM,05:40:00,Cold-Dry,2013-05-08 05:40:00,5
16.10776469,-19.25768636,LA14,2013-05-08,06:00:00 AM,06:00:00,Cold-Dry,2013-05-08 06:00:00,5
16.10788778,-19.25567627,LA14,2013-05-08,06:20:00 AM,06:20:00,Cold-Dry,2013-05-08 06:20:00,5
16.10797628,-19.25470174,LA14,2013-05-08,06:40:00 AM,06:40:00,Cold-Dry,2013-05-08 06:40:00,5
16.10909729,-19.252948,LA14,2013-05-08,07:00:00 AM,07:00:00,Cold-Dry,2013-05-08 07:00:00,5
16.11006978,-19.25137533,LA14,2013-05-08,07:20:00 AM,07:20:00,Cold-Dry,2013-05-08 07:20:00,5
16.1108256,-19.25027262,LA14,2013-05-08,07:40:00 AM,07:40:00,Cold-Dry,2013-05-08 07:40:00,5
16.11104126,-19.24904785,LA14,2013-05-08,08:00:00 AM,08:00:00,Cold-Dry,2013-05-08 08:00:00,5
16.112559,-19.24830526,LA14,2013-05-08,08:20:00 AM,08:20:00,Cold-Dry,2013-05-08 08:20:00,5
16.11367188,-19.24838664,LA14,2013-05-08,08:40:00 AM,08:40:00,Cold-Dry,2013-05-08 08:40:00,5
16.11384074,-19.24866333,LA14,2013-05-08,09:00:00 AM,09:00:00,Cold-Dry,2013-05-08 09:00:00,5
16.11488037,-19.24885661,LA14,2013-05-08,09:20:00 AM,09:20:00,Cold-Dry,2013-05-08 09:20:00,5
16.11637166,-19.24831543,LA14,2013-05-08,09:40:00 AM,09:40:00,Cold-Dry,2013-05-08 09:40:00,5
16.11834717,-19.24712728,LA14,2013-05-08,10:00:00 AM,10:00:00,Cold-Dry,2013-05-08 10:00:00,5
16.12088216,-19.24543864,LA14,2013-05-08,10:20:00 AM,10:20:00,Cold-Dry,2013-05-08 10:20:00,5
16.12652995,-19.24391073,LA14,2013-05-08,10:40:00 AM,10:40:00,Cold-Dry,2013-05-08 10:40:00,5
16.13127543,-19.24049683,LA14,2013-05-08,11:00:00 AM,11:00:00,Cold-Dry,2013-05-08 11:00:00,5
16.13144023,-19.23958944,LA14,2013-05-08,11:20:00 AM,11:20:00,Cold-Dry,2013-05-08 11:20:00,5
16.13172607,-19.23855794,LA14,2013-05-08,11:40:00 AM,11:40:00,Cold-Dry,2013-05-08 11:40:00,5
16.13177185,-19.23841349,LA14,2013-05-08,12:01:00 PM,12:01:00,Cold-Dry,2013-05-08 12:01:00,5
16.13099467,-19.23649902,LA14,2013-05-08,12:20:00 PM,12:20:00,Cold-Dry,2013-05-08 12:20:00,5
16.13002421,-19.23493042,LA14,2013-05-08,12:40:00 PM,12:40:00,Cold-Dry,2013-05-08 12:40:00,5
16.1280131,-19.23410034,LA14,2013-05-08,01:00:00 PM,13:00:00,Cold-Dry,2013-05-08 13:00:00,5
16.12715352,-19.23371989,LA14,2013-05-08,01:20:00 PM,13:20:00,Cold-Dry,2013-05-08 13:20:00,5
16.12709249,-19.23377889,LA14,2013-05-08,01:40:00 PM,13:40:00,Cold-Dry,2013-05-08 13:40:00,5
16.12710571,-19.23378703,LA14,2013-05-08,02:00:00 PM,14:00:00,Cold-Dry,2013-05-08 14:00:00,5
16.12716471,-19.23391113,LA14,2013-05-08,02:20:00 PM,14:20:00,Cold-Dry,2013-05-08 14:20:00,5
16.12724202,-19.23422852,LA14,2013-05-08,02:40:00 PM,14:40:00,Cold-Dry,2013-05-08 14:40:00,5
16.12781881,-19.23605347,LA14,2013-05-08,03:00:00 PM,15:00:00,Cold-Dry,2013-05-08 15:00:00,5
16.13180745,-19.23842773,LA14,2013-05-08,03:20:00 PM,15:20:00,Cold-Dry,2013-05-08 15:20:00,5
16.13105672,-19.2415568,LA14,2013-05-08,03:40:00 PM,15:40:00,Cold-Dry,2013-05-08 15:40:00,5
16.12838135,-19.24920247,LA14,2013-05-08,04:00:00 PM,16:00:00,Cold-Dry,2013-05-08 16:00:00,5
16.12788188,-19.25422567,LA14,2013-05-08,04:20:00 PM,16:20:00,Cold-Dry,2013-05-08 16:20:00,5
16.12721354,-19.25959473,LA14,2013-05-08,04:40:00 PM,16:40:00,Cold-Dry,2013-05-08 16:40:00,5
16.1272939,-19.26069336,LA14,2013-05-08,05:00:00 PM,17:00:00,Cold-Dry,2013-05-08 17:00:00,5
16.12688293,-19.26325073,LA14,2013-05-08,05:20:00 PM,17:20:00,Cold-Dry,2013-05-08 17:20:00,5
16.12594401,-19.26519775,LA14,2013-05-08,05:40:00 PM,17:40:00,Cold-Dry,2013-05-08 17:40:00,5
16.12559713,-19.26940308,LA14,2013-05-08,06:00:00 PM,18:00:00,Cold-Dry,2013-05-08 18:00:00,5
16.12584127,-19.27118123,LA14,2013-05-08,06:20:00 PM,18:20:00,Cold-Dry,2013-05-08 18:20:00,5
16.12606099,-19.2739563,LA14,2013-05-08,06:40:00 PM,18:40:00,Cold-Dry,2013-05-08 18:40:00,5
16.12646586,-19.27601522,LA14,2013-05-08,07:00:00 PM,19:00:00,Cold-Dry,2013-05-08 19:00:00,5
16.12701111,-19.28047078,LA14,2013-05-08,07:20:00 PM,19:20:00,Cold-Dry,2013-05-08 19:20:00,5
16.12684733,-19.2821818,LA14,2013-05-08,07:40:00 PM,19:40:00,Cold-Dry,2013-05-08 19:40:00,5
16.12734273,-19.28731689,LA14,2013-05-08,08:00:00 PM,20:00:00,Cold-Dry,2013-05-08 20:00:00,5
16.12792664,-19.28968913,LA14,2013-05-08,08:20:00 PM,20:20:00,Cold-Dry,2013-05-08 20:20:00,5
16.12848002,-19.29106649,LA14,2013-05-08,08:40:00 PM,20:40:00,Cold-Dry,2013-05-08 20:40:00,5
16.12961731,-19.2919515,LA14,2013-05-08,09:00:00 PM,21:00:00,Cold-Dry,2013-05-08 21:00:00,5
16.13109233,-19.29407349,LA14,2013-05-08,09:20:00 PM,21:20:00,Cold-Dry,2013-05-08 21:20:00,5
16.13287048,-19.29544881,LA14,2013-05-08,09:40:00 PM,21:40:00,Cold-Dry,2013-05-08 21:40:00,5
16.13333537,-19.2956543,LA14,2013-05-08,10:00:00 PM,22:00:00,Cold-Dry,2013-05-08 22:00:00,5
16.13467204,-19.29877319,LA14,2013-05-08,10:20:00 PM,22:20:00,Cold-Dry,2013-05-08 22:20:00,5
16.13400472,-19.29980672,LA14,2013-05-08,10:40:00 PM,22:40:00,Cold-Dry,2013-05-08 22:40:00,5
16.13380737,-19.30028076,LA14,2013-05-08,11:00:00 PM,23:00:00,Cold-Dry,2013-05-08 23:00:00,5
16.13378398,-19.30106608,LA14,2013-05-08,11:20:00 PM,23:20:00,Cold-Dry,2013-05-08 23:20:00,5
16.13356934,-19.30150757,LA14,2013-05-08,11:40:00 PM,23:40:00,Cold-Dry,2013-05-08 23:40:00,5
16.1337443,-19.30175985,LA14,2013-05-09,12:00:00 AM,00:00:00,Cold-Dry,2013-05-09 00:00:00,5
16.13541565,-19.30155233,LA14,2013-05-09,12:20:00 AM,00:20:00,Cold-Dry,2013-05-09 00:20:00,5
16.13541158,-19.30153605,LA14,2013-05-09,12:41:00 AM,00:41:00,Cold-Dry,2013-05-09 00:41:00,5
16.13540955,-19.30152588,LA14,2013-05-09,01:00:00 AM,01:00:00,Cold-Dry,2013-05-09 01:00:00,5
16.13542379,-19.30152791,LA14,2013-05-09,01:20:00 AM,01:20:00,Cold-Dry,2013-05-09 01:20:00,5
16.13534953,-19.30151774,LA14,2013-05-09,01:40:00 AM,01:40:00,Cold-Dry,2013-05-09 01:40:00,5
16.13540955,-19.30155029,LA14,2013-05-09,02:00:00 AM,02:00:00,Cold-Dry,2013-05-09 02:00:00,5
16.13542277,-19.30153402,LA14,2013-05-09,02:20:00 AM,02:20:00,Cold-Dry,2013-05-09 02:20:00,5
16.13540548,-19.30151367,LA14,2013-05-09,02:40:00 AM,02:40:00,Cold-Dry,2013-05-09 02:40:00,5
16.13540955,-19.30154215,LA14,2013-05-09,03:00:00 AM,03:00:00,Cold-Dry,2013-05-09 03:00:00,5
16.13542684,-19.3015096,LA14,2013-05-09,03:20:00 AM,03:20:00,Cold-Dry,2013-05-09 03:20:00,5
16.1354421,-19.30151978,LA14,2013-05-09,03:40:00 AM,03:40:00,Cold-Dry,2013-05-09 03:40:00,5
16.13544922,-19.30158488,LA14,2013-05-09,04:00:00 AM,04:00:00,Cold-Dry,2013-05-09 04:00:00,5
16.13541463,-19.30153605,LA14,2013-05-09,04:20:00 AM,04:20:00,Cold-Dry,2013-05-09 04:20:00,5
16.13539632,-19.30154215,LA14,2013-05-09,04:40:00 AM,04:40:00,Cold-Dry,2013-05-09 04:40:00,5
16.13413289,-19.30193481,LA14,2013-05-09,05:00:00 AM,05:00:00,Cold-Dry,2013-05-09 05:00:00,5
16.13325297,-19.30112712,LA14,2013-05-09,05:20:00 AM,05:20:00,Cold-Dry,2013-05-09 05:20:00,5
16.13356018,-19.299764,LA14,2013-05-09,05:40:00 AM,05:40:00,Cold-Dry,2013-05-09 05:40:00,5
16.13269958,-19.30021973,LA14,2013-05-09,06:00:00 AM,06:00:00,Cold-Dry,2013-05-09 06:00:00,5
16.13144328,-19.30002441,LA14,2013-05-09,06:20:00 AM,06:20:00,Cold-Dry,2013-05-09 06:20:00,5
16.13034058,-19.3001241,LA14,2013-05-09,06:40:00 AM,06:40:00,Cold-Dry,2013-05-09 06:40:00,5
16.12943014,-19.30076701,LA14,2013-05-09,07:00:00 AM,07:00:00,Cold-Dry,2013-05-09 07:00:00,5
16.12855225,-19.30078328,LA14,2013-05-09,07:20:00 AM,07:20:00,Cold-Dry,2013-05-09 07:20:00,5
16.12770691,-19.29962769,LA14,2013-05-09,07:40:00 AM,07:40:00,Cold-Dry,2013-05-09 07:40:00,5
16.12736715,-19.29955241,LA14,2013-05-09,08:00:00 AM,08:00:00,Cold-Dry,2013-05-09 08:00:00,5
16.12702738,-19.29850057,LA14,2013-05-09,08:20:00 AM,08:20:00,Cold-Dry,2013-05-09 08:20:00,5
16.12673543,-19.29769897,LA14,2013-05-09,08:40:00 AM,08:40:00,Cold-Dry,2013-05-09 08:40:00,5
16.12671814,-19.29771932,LA14,2013-05-09,09:00:00 AM,09:00:00,Cold-Dry,2013-05-09 09:00:00,5
16.12671102,-19.29772949,LA14,2013-05-09,09:20:00 AM,09:20:00,Cold-Dry,2013-05-09 09:20:00,5
16.12629801,-19.29654134,LA14,2013-05-09,09:40:00 AM,09:40:00,Cold-Dry,2013-05-09 09:40:00,5
16.12467957,-19.29450684,LA14,2013-05-09,10:00:00 AM,10:00:00,Cold-Dry,2013-05-09 10:00:00,5
16.12378337,-19.29341227,LA14,2013-05-09,10:20:00 AM,10:20:00,Cold-Dry,2013-05-09 10:20:00,5
16.12303975,-19.29309896,LA14,2013-05-09,10:40:00 AM,10:40:00,Cold-Dry,2013-05-09 10:40:00,5
16.12345683,-19.29278564,LA14,2013-05-09,11:00:00 AM,11:00:00,Cold-Dry,2013-05-09 11:00:00,5
16.12344157,-19.29279378,LA14,2013-05-09,11:20:00 AM,11:20:00,Cold-Dry,2013-05-09 11:20:00,5
16.12346191,-19.29279378,LA14,2013-05-09,11:40:00 AM,11:40:00,Cold-Dry,2013-05-09 11:40:00,5
16.12342428,-19.29219767,LA14,2013-05-09,12:00:00 PM,12:00:00,Cold-Dry,2013-05-09 12:00:00,5
16.12227885,-19.2909729,LA14,2013-05-09,12:20:00 PM,12:20:00,Cold-Dry,2013-05-09 12:20:00,5
16.12145691,-19.28921102,LA14,2013-05-09,12:40:00 PM,12:40:00,Cold-Dry,2013-05-09 12:40:00,5
16.12148946,-19.2862264,LA14,2013-05-09,01:00:00 PM,13:00:00,Cold-Dry,2013-05-09 13:00:00,5
16.12077738,-19.28417155,LA14,2013-05-09,01:20:00 PM,13:20:00,Cold-Dry,2013-05-09 13:20:00,5
16.12067668,-19.28298136,LA14,2013-05-09,01:40:00 PM,13:40:00,Cold-Dry,2013-05-09 13:40:00,5
16.12181091,-19.28089803,LA14,2013-05-09,02:00:00 PM,14:00:00,Cold-Dry,2013-05-09 14:00:00,5
16.12323608,-19.28027954,LA14,2013-05-09,02:20:00 PM,14:20:00,Cold-Dry,2013-05-09 14:20:00,5
16.12339986,-19.27920125,LA14,2013-05-09,02:40:00 PM,14:40:00,Cold-Dry,2013-05-09 14:40:00,5
16.12414754,-19.2743632,LA14,2013-05-09,03:00:00 PM,15:00:00,Cold-Dry,2013-05-09 15:00:00,5
16.12481893,-19.27202148,LA14,2013-05-09,03:20:00 PM,15:20:00,Cold-Dry,2013-05-09 15:20:00,5
16.12481486,-19.26975301,LA14,2013-05-09,03:40:00 PM,15:40:00,Cold-Dry,2013-05-09 15:40:00,5
16.12546082,-19.26639608,LA14,2013-05-09,04:00:00 PM,16:00:00,Cold-Dry,2013-05-09 16:00:00,5
16.12645671,-19.2639974,LA14,2013-05-09,04:20:00 PM,16:20:00,Cold-Dry,2013-05-09 16:20:00,5
16.12581278,-19.25818888,LA14,2013-05-09,04:40:00 PM,16:40:00,Cold-Dry,2013-05-09 16:40:00,5
16.12822266,-19.25068563,LA14,2013-05-09,05:00:00 PM,17:00:00,Cold-Dry,2013-05-09 17:00:00,5
16.12993876,-19.24285889,LA14,2013-05-09,05:20:00 PM,17:20:00,Cold-Dry,2013-05-09 17:20:00,5
16.13165181,-19.23869222,LA14,2013-05-09,05:40:00 PM,17:40:00,Cold-Dry,2013-05-09 17:40:00,5
16.13073832,-19.23819173,LA14,2013-05-09,06:00:00 PM,18:00:00,Cold-Dry,2013-05-09 18:00:00,5
16.12547201,-19.23592733,LA14,2013-05-09,06:20:00 PM,18:20:00,Cold-Dry,2013-05-09 18:20:00,5
16.11987508,-19.23603109,LA14,2013-05-09,06:40:00 PM,18:40:00,Cold-Dry,2013-05-09 18:40:00,5
16.11927083,-19.23522135,LA14,2013-05-09,07:00:00 PM,19:00:00,Cold-Dry,2013-05-09 19:00:00,5
16.11766357,-19.23455607,LA14,2013-05-09,07:20:00 PM,19:20:00,Cold-Dry,2013-05-09 19:20:00,5
16.11741435,-19.23450521,LA14,2013-05-09,07:40:00 PM,19:40:00,Cold-Dry,2013-05-09 19:40:00,5
16.11470642,-19.23278198,LA14,2013-05-09,08:00:00 PM,20:00:00,Cold-Dry,2013-05-09 20:00:00,5
16.11339417,-19.23126424,LA14,2013-05-09,08:20:00 PM,20:20:00,Cold-Dry,2013-05-09 20:20:00,5
16.10984192,-19.23132121,LA14,2013-05-09,08:40:00 PM,20:40:00,Cold-Dry,2013-05-09 20:40:00,5
16.10946147,-19.23161621,LA14,2013-05-09,09:00:00 PM,21:00:00,Cold-Dry,2013-05-09 21:00:00,5
16.10900167,-19.23196411,LA14,2013-05-09,09:20:00 PM,21:20:00,Cold-Dry,2013-05-09 21:20:00,5
16.10894267,-19.23231201,LA14,2013-05-09,09:40:00 PM,21:40:00,Cold-Dry,2013-05-09 21:40:00,5
16.10900574,-19.23250936,LA14,2013-05-09,10:00:00 PM,22:00:00,Cold-Dry,2013-05-09 22:00:00,5
16.1071757,-19.23308716,LA14,2013-05-09,10:20:00 PM,22:20:00,Cold-Dry,2013-05-09 22:20:00,5
16.10447591,-19.23430379,LA14,2013-05-09,10:40:00 PM,22:40:00,Cold-Dry,2013-05-09 22:40:00,5
16.10151265,-19.23446045,LA14,2013-05-09,11:00:00 PM,23:00:00,Cold-Dry,2013-05-09 23:00:00,5
16.10091858,-19.23503418,LA14,2013-05-09,11:20:00 PM,23:20:00,Cold-Dry,2013-05-09 23:20:00,5
16.10053406,-19.23536784,LA14,2013-05-09,11:40:00 PM,23:40:00,Cold-Dry,2013-05-09 23:40:00,5
16.10019328,-19.23590902,LA14,2013-05-10,12:00:00 AM,00:00:00,Cold-Dry,2013-05-10 00:00:00,5
16.09993896,-19.23634033,LA14,2013-05-10,12:20:00 AM,00:20:00,Cold-Dry,2013-05-10 00:20:00,5
16.10027059,-19.23667196,LA14,2013-05-10,12:40:00 AM,00:40:00,Cold-Dry,2013-05-10 00:40:00,5
16.10077718,-19.23701782,LA14,2013-05-10,01:00:00 AM,01:00:00,Cold-Dry,2013-05-10 01:00:00,5
16.10119324,-19.23700358,LA14,2013-05-10,01:20:00 AM,01:20:00,Cold-Dry,2013-05-10 01:20:00,5
16.10122375,-19.23687948,LA14,2013-05-10,01:40:00 AM,01:40:00,Cold-Dry,2013-05-10 01:40:00,5
16.10126038,-19.23700358,LA14,2013-05-10,02:00:00 AM,02:00:00,Cold-Dry,2013-05-10 02:00:00,5
16.10129293,-19.23700358,LA14,2013-05-10,02:20:00 AM,02:20:00,Cold-Dry,2013-05-10 02:20:00,5
16.10127258,-19.23699748,LA14,2013-05-10,02:40:00 AM,02:40:00,Cold-Dry,2013-05-10 02:40:00,5
16.10124105,-19.23700562,LA14,2013-05-10,03:00:00 AM,03:00:00,Cold-Dry,2013-05-10 03:00:00,5
16.10122375,-19.23699137,LA14,2013-05-10,03:20:00 AM,03:20:00,Cold-Dry,2013-05-10 03:20:00,5
16.10116272,-19.23689575,LA14,2013-05-10,03:40:00 AM,03:40:00,Cold-Dry,2013-05-10 03:40:00,5
16.1012441,-19.23697306,LA14,2013-05-10,04:00:00 AM,04:00:00,Cold-Dry,2013-05-10 04:00:00,5
16.10125631,-19.23699341,LA14,2013-05-10,04:20:00 AM,04:20:00,Cold-Dry,2013-05-10 04:20:00,5
16.1012502,-19.23695882,LA14,2013-05-10,04:40:00 AM,04:40:00,Cold-Dry,2013-05-10 04:40:00,5
16.10130514,-19.23691813,LA14,2013-05-10,05:00:00 AM,05:00:00,Cold-Dry,2013-05-10 05:00:00,5
16.10175781,-19.23656006,LA14,2013-05-10,05:20:00 AM,05:20:00,Cold-Dry,2013-05-10 05:20:00,5
16.10217489,-19.23613485,LA14,2013-05-10,05:40:00 AM,05:40:00,Cold-Dry,2013-05-10 05:40:00,5
16.10289714,-19.2364624,LA14,2013-05-10,06:00:00 AM,06:00:00,Cold-Dry,2013-05-10 06:00:00,5
16.10406698,-19.23635254,LA14,2013-05-10,06:20:00 AM,06:20:00,Cold-Dry,2013-05-10 06:20:00,5
16.10477905,-19.23620402,LA14,2013-05-10,06:40:00 AM,06:40:00,Cold-Dry,2013-05-10 06:40:00,5
16.10637716,-19.23685506,LA14,2013-05-10,07:00:00 AM,07:00:00,Cold-Dry,2013-05-10 07:00:00,5
16.10728455,-19.23610636,LA14,2013-05-10,07:20:00 AM,07:20:00,Cold-Dry,2013-05-10 07:20:00,5
16.10766296,-19.23603719,LA14,2013-05-10,07:40:00 AM,07:40:00,Cold-Dry,2013-05-10 07:40:00,5
16.10836385,-19.23635661,LA14,2013-05-10,08:00:00 AM,08:00:00,Cold-Dry,2013-05-10 08:00:00,5
16.11007996,-19.23640137,LA14,2013-05-10,08:20:00 AM,08:20:00,Cold-Dry,2013-05-10 08:20:00,5
16.11322123,-19.23641764,LA14,2013-05-10,08:40:00 AM,08:40:00,Cold-Dry,2013-05-10 08:40:00,5
16.1192454,-19.23646037,LA14,2013-05-10,09:00:00 AM,09:00:00,Cold-Dry,2013-05-10 09:00:00,5
16.12703756,-19.23590902,LA14,2013-05-10,09:20:00 AM,09:20:00,Cold-Dry,2013-05-10 09:20:00,5
16.13180745,-19.23840129,LA14,2013-05-10,09:40:00 AM,09:40:00,Cold-Dry,2013-05-10 09:40:00,5
16.13121643,-19.23674927,LA14,2013-05-10,10:00:00 AM,10:00:00,Cold-Dry,2013-05-10 10:00:00,5
16.13105774,-19.23557943,LA14,2013-05-10,10:20:00 AM,10:20:00,Cold-Dry,2013-05-10 10:20:00,5
16.1310791,-19.23555501,LA14,2013-05-10,10:40:00 AM,10:40:00,Cold-Dry,2013-05-10 10:40:00,5
16.13159993,-19.23502604,LA14,2013-05-10,11:00:00 AM,11:00:00,Cold-Dry,2013-05-10 11:00:00,5
16.13190002,-19.23511759,LA14,2013-05-10,11:20:00 AM,11:20:00,Cold-Dry,2013-05-10 11:20:00,5
16.1321167,-19.23570353,LA14,2013-05-10,11:40:00 AM,11:40:00,Cold-Dry,2013-05-10 11:40:00,5
16.13216451,-19.23676147,LA14,2013-05-10,12:00:00 PM,12:00:00,Cold-Dry,2013-05-10 12:00:00,5
16.13178507,-19.23859456,LA14,2013-05-10,12:20:00 PM,12:20:00,Cold-Dry,2013-05-10 12:20:00,5
16.13164368,-19.23863118,LA14,2013-05-10,12:40:00 PM,12:40:00,Cold-Dry,2013-05-10 12:40:00,5
16.13177287,-19.23857422,LA14,2013-05-10,01:00:00 PM,13:00:00,Cold-Dry,2013-05-10 13:00:00,5
16.13178609,-19.23847249,LA14,2013-05-10,01:20:00 PM,13:20:00,Cold-Dry,2013-05-10 13:20:00,5
16.13179118,-19.23839111,LA14,2013-05-10,01:40:00 PM,13:40:00,Cold-Dry,2013-05-10 13:40:00,5
16.129245,-19.23854777,LA14,2013-05-10,02:00:00 PM,14:00:00,Cold-Dry,2013-05-10 14:00:00,5
16.12871806,-19.23791707,LA14,2013-05-10,02:20:00 PM,14:20:00,Cold-Dry,2013-05-10 14:20:00,5
16.12750651,-19.23797404,LA14,2013-05-10,02:40:00 PM,14:40:00,Cold-Dry,2013-05-10 14:40:00,5
16.12553101,-19.23605143,LA14,2013-05-10,03:00:00 PM,15:00:00,Cold-Dry,2013-05-10 15:00:00,5
16.12551066,-19.23505656,LA14,2013-05-10,03:20:00 PM,15:20:00,Cold-Dry,2013-05-10 15:20:00,5
16.1248881,-19.23396403,LA14,2013-05-10,03:40:00 PM,15:40:00,Cold-Dry,2013-05-10 15:40:00,5
16.12320455,-19.23294881,LA14,2013-05-10,04:00:00 PM,16:00:00,Cold-Dry,2013-05-10 16:00:00,5
16.12095947,-19.23112386,LA14,2013-05-10,04:20:00 PM,16:20:00,Cold-Dry,2013-05-10 16:20:00,5
16.11963399,-19.23050944,LA14,2013-05-10,04:40:00 PM,16:40:00,Cold-Dry,2013-05-10 16:40:00,5
16.11847229,-19.22896118,LA14,2013-05-10,05:00:00 PM,17:00:00,Cold-Dry,2013-05-10 17:00:00,5
16.11394348,-19.22806803,LA14,2013-05-10,05:20:00 PM,17:20:00,Cold-Dry,2013-05-10 17:20:00,5
16.11204427,-19.2273173,LA14,2013-05-10,05:40:00 PM,17:40:00,Cold-Dry,2013-05-10 17:40:00,5
16.11109517,-19.22709554,LA14,2013-05-10,06:00:00 PM,18:00:00,Cold-Dry,2013-05-10 18:00:00,5
16.11048381,-19.22653198,LA14,2013-05-10,06:20:00 PM,18:20:00,Cold-Dry,2013-05-10 18:20:00,5
16.11002604,-19.22665812,LA14,2013-05-10,06:40:00 PM,18:40:00,Cold-Dry,2013-05-10 18:40:00,5
16.10906067,-19.22654826,LA14,2013-05-10,07:00:00 PM,19:00:00,Cold-Dry,2013-05-10 19:00:00,5
16.10835978,-19.22574056,LA14,2013-05-10,07:20:00 PM,19:20:00,Cold-Dry,2013-05-10 19:20:00,5
16.10739034,-19.22492676,LA14,2013-05-10,07:40:00 PM,19:40:00,Cold-Dry,2013-05-10 19:40:00,5
16.10697123,-19.22433065,LA14,2013-05-10,08:00:00 PM,20:00:00,Cold-Dry,2013-05-10 20:00:00,5
16.10682475,-19.22417399,LA14,2013-05-10,08:20:00 PM,20:20:00,Cold-Dry,2013-05-10 20:20:00,5
16.10541992,-19.22340902,LA14,2013-05-10,08:40:00 PM,20:40:00,Cold-Dry,2013-05-10 20:40:00,5
16.10457255,-19.22308553,LA14,2013-05-10,09:00:00 PM,21:00:00,Cold-Dry,2013-05-10 21:00:00,5
16.10410868,-19.22309163,LA14,2013-05-10,09:20:00 PM,21:20:00,Cold-Dry,2013-05-10 21:20:00,5
16.1019338,-19.22250773,LA14,2013-05-10,09:40:00 PM,21:40:00,Cold-Dry,2013-05-10 21:40:00,5
16.10140279,-19.22229207,LA14,2013-05-10,10:00:00 PM,22:00:00,Cold-Dry,2013-05-10 22:00:00,5
16.1003123,-19.2219401,LA14,2013-05-10,10:20:00 PM,22:20:00,Cold-Dry,2013-05-10 22:20:00,5
16.09997559,-19.22186076,LA14,2013-05-10,10:40:00 PM,22:40:00,Cold-Dry,2013-05-10 22:40:00,5
16.10008748,-19.22108765,LA14,2013-05-10,11:00:00 PM,23:00:00,Cold-Dry,2013-05-10 23:00:00,5
16.10006205,-19.22108154,LA14,2013-05-10,11:20:00 PM,23:20:00,Cold-Dry,2013-05-10 23:20:00,5
16.10009969,-19.2210734,LA14,2013-05-10,11:40:00 PM,23:40:00,Cold-Dry,2013-05-10 23:40:00,5
16.1000824,-19.22109782,LA14,2013-05-11,12:00:00 AM,00:00:00,Cold-Dry,2013-05-11 00:00:00,5
16.10006307,-19.22109375,LA14,2013-05-11,12:20:00 AM,00:20:00,Cold-Dry,2013-05-11 00:20:00,5
16.09982605,-19.22118937,LA14,2013-05-11,12:40:00 AM,00:40:00,Cold-Dry,2013-05-11 00:40:00,5
16.09876506,-19.22166748,LA14,2013-05-11,01:00:00 AM,01:00:00,Cold-Dry,2013-05-11 01:00:00,5
16.09873861,-19.22166341,LA14,2013-05-11,01:20:00 AM,01:20:00,Cold-Dry,2013-05-11 01:20:00,5
16.09829305,-19.22137655,LA14,2013-05-11,01:40:00 AM,01:40:00,Cold-Dry,2013-05-11 01:40:00,5
16.09813944,-19.21999715,LA14,2013-05-11,02:00:00 AM,02:00:00,Cold-Dry,2013-05-11 02:00:00,5
16.09763489,-19.2197937,LA14,2013-05-11,02:20:00 AM,02:20:00,Cold-Dry,2013-05-11 02:20:00,5
16.09761454,-19.21977743,LA14,2013-05-11,02:40:00 AM,02:40:00,Cold-Dry,2013-05-11 02:40:00,5
16.09763997,-19.2197347,LA14,2013-05-11,03:00:00 AM,03:00:00,Cold-Dry,2013-05-11 03:00:00,5
16.09761047,-19.21976725,LA14,2013-05-11,03:20:00 AM,03:20:00,Cold-Dry,2013-05-11 03:20:00,5
16.09754537,-19.21970825,LA14,2013-05-11,03:40:00 AM,03:40:00,Cold-Dry,2013-05-11 03:40:00,5
16.09755147,-19.21970825,LA14,2013-05-11,04:00:00 AM,04:00:00,Cold-Dry,2013-05-11 04:00:00,5
16.09754232,-19.21920369,LA14,2013-05-11,04:20:00 AM,04:20:00,Cold-Dry,2013-05-11 04:20:00,5
16.09756673,-19.21909993,LA14,2013-05-11,04:40:00 AM,04:40:00,Cold-Dry,2013-05-11 04:40:00,5
16.0972463,-19.21860555,LA14,2013-05-11,05:00:00 AM,05:00:00,Cold-Dry,2013-05-11 05:00:00,5
16.09712524,-19.21844076,LA14,2013-05-11,05:20:00 AM,05:20:00,Cold-Dry,2013-05-11 05:20:00,5
16.09560038,-19.21818644,LA14,2013-05-11,05:40:00 AM,05:40:00,Cold-Dry,2013-05-11 05:40:00,5
16.09506327,-19.21847534,LA14,2013-05-11,06:00:00 AM,06:00:00,Cold-Dry,2013-05-11 06:00:00,5
16.0942098,-19.21869914,LA14,2013-05-11,06:20:00 AM,06:20:00,Cold-Dry,2013-05-11 06:20:00,5
16.09344686,-19.21888428,LA14,2013-05-11,06:40:00 AM,06:40:00,Cold-Dry,2013-05-11 06:40:00,5
16.09283549,-19.21899007,LA14,2013-05-11,07:00:00 AM,07:00:00,Cold-Dry,2013-05-11 07:00:00,5
16.09260763,-19.21921794,LA14,2013-05-11,07:20:00 AM,07:20:00,Cold-Dry,2013-05-11 07:20:00,5
16.09262085,-19.21921183,LA14,2013-05-11,07:40:00 AM,07:40:00,Cold-Dry,2013-05-11 07:40:00,5
16.09263509,-19.21937256,LA14,2013-05-11,08:00:00 AM,08:00:00,Cold-Dry,2013-05-11 08:00:00,5
16.09244385,-19.21969808,LA14,2013-05-11,08:20:00 AM,08:20:00,Cold-Dry,2013-05-11 08:20:00,5
16.09129944,-19.22098999,LA14,2013-05-11,08:40:00 AM,08:40:00,Cold-Dry,2013-05-11 08:40:00,5
16.09083761,-19.22184448,LA14,2013-05-11,09:00:00 AM,09:00:00,Cold-Dry,2013-05-11 09:00:00,5
16.09044596,-19.22223714,LA14,2013-05-11,09:20:00 AM,09:20:00,Cold-Dry,2013-05-11 09:20:00,5
16.09006551,-19.22285563,LA14,2013-05-11,09:40:00 AM,09:40:00,Cold-Dry,2013-05-11 09:40:00,5
16.08846334,-19.22282308,LA14,2013-05-11,10:00:00 AM,10:00:00,Cold-Dry,2013-05-11 10:00:00,5
16.0884908,-19.22277425,LA14,2013-05-11,10:20:00 AM,10:20:00,Cold-Dry,2013-05-11 10:20:00,5
16.08849284,-19.22279663,LA14,2013-05-11,10:40:00 AM,10:40:00,Cold-Dry,2013-05-11 10:40:00,5
16.0884786,-19.22277629,LA14,2013-05-11,11:00:00 AM,11:00:00,Cold-Dry,2013-05-11 11:00:00,5
16.08633118,-19.2230835,LA14,2013-05-11,11:20:00 AM,11:20:00,Cold-Dry,2013-05-11 11:20:00,5
16.08517761,-19.22246501,LA14,2013-05-11,11:40:00 AM,11:40:00,Cold-Dry,2013-05-11 11:40:00,5
16.08442281,-19.22213542,LA14,2013-05-11,12:00:00 PM,12:00:00,Cold-Dry,2013-05-11 12:00:00,5
16.08409424,-19.22235514,LA14,2013-05-11,12:20:00 PM,12:20:00,Cold-Dry,2013-05-11 12:20:00,5
16.08409627,-19.22237142,LA14,2013-05-11,12:40:00 PM,12:40:00,Cold-Dry,2013-05-11 12:40:00,5
16.08376363,-19.22227987,LA14,2013-05-11,01:00:00 PM,13:00:00,Cold-Dry,2013-05-11 13:00:00,5
16.08273112,-19.22198079,LA14,2013-05-11,01:20:00 PM,13:20:00,Cold-Dry,2013-05-11 13:20:00,5
16.07993469,-19.22127686,LA14,2013-05-11,01:40:00 PM,13:40:00,Cold-Dry,2013-05-11 13:40:00,5
16.07795817,-19.22102458,LA14,2013-05-11,02:00:00 PM,14:00:00,Cold-Dry,2013-05-11 14:00:00,5
16.07293905,-19.22059937,LA14,2013-05-11,02:20:00 PM,14:20:00,Cold-Dry,2013-05-11 14:20:00,5
16.07121785,-19.21947835,LA14,2013-05-11,02:40:00 PM,14:40:00,Cold-Dry,2013-05-11 14:40:00,5
16.07033793,-19.21922404,LA14,2013-05-11,03:00:00 PM,15:00:00,Cold-Dry,2013-05-11 15:00:00,5
16.06893209,-19.21861979,LA14,2013-05-11,03:20:00 PM,15:20:00,Cold-Dry,2013-05-11 15:20:00,5
16.06664022,-19.21823324,LA14,2013-05-11,03:41:00 PM,15:41:00,Cold-Dry,2013-05-11 15:41:00,5
16.05961202,-19.21693319,LA14,2013-05-11,04:00:00 PM,16:00:00,Cold-Dry,2013-05-11 16:00:00,5
16.05879618,-19.21352132,LA14,2013-05-11,04:20:00 PM,16:20:00,Cold-Dry,2013-05-11 16:20:00,5
16.05598043,-19.21196899,LA14,2013-05-11,04:40:00 PM,16:40:00,Cold-Dry,2013-05-11 16:40:00,5
16.04787903,-19.20899862,LA14,2013-05-11,05:00:00 PM,17:00:00,Cold-Dry,2013-05-11 17:00:00,5
16.04364421,-19.2059082,LA14,2013-05-11,05:20:00 PM,17:20:00,Cold-Dry,2013-05-11 17:20:00,5
16.04246419,-19.20506185,LA14,2013-05-11,05:40:00 PM,17:40:00,Cold-Dry,2013-05-11 17:40:00,5
16.0414093,-19.20505981,LA14,2013-05-11,06:00:00 PM,18:00:00,Cold-Dry,2013-05-11 18:00:00,5
16.04164327,-19.20534465,LA14,2013-05-11,06:20:00 PM,18:20:00,Cold-Dry,2013-05-11 18:20:00,5
16.04565023,-19.20701294,LA14,2013-05-11,06:40:00 PM,18:40:00,Cold-Dry,2013-05-11 18:40:00,5
16.04973043,-19.20806885,LA14,2013-05-11,07:00:00 PM,19:00:00,Cold-Dry,2013-05-11 19:00:00,5
16.05612386,-19.20947469,LA14,2013-05-11,07:20:00 PM,19:20:00,Cold-Dry,2013-05-11 19:20:00,5
16.0570516,-19.21093343,LA14,2013-05-11,07:40:00 PM,19:40:00,Cold-Dry,2013-05-11 19:40:00,5
16.05104268,-19.20420125,LA14,2013-05-11,08:00:00 PM,20:00:00,Cold-Dry,2013-05-11 20:00:00,5
16.04239604,-19.19805298,LA14,2013-05-11,08:20:00 PM,20:20:00,Cold-Dry,2013-05-11 20:20:00,5
16.03211161,-19.19315389,LA14,2013-05-11,08:40:00 PM,20:40:00,Cold-Dry,2013-05-11 20:40:00,5
16.02396749,-19.18622437,LA14,2013-05-11,09:00:00 PM,21:00:00,Cold-Dry,2013-05-11 21:00:00,5
16.02147725,-19.18381958,LA14,2013-05-11,09:20:00 PM,21:20:00,Cold-Dry,2013-05-11 21:20:00,5
16.01900431,-19.18143514,LA14,2013-05-11,09:40:00 PM,21:40:00,Cold-Dry,2013-05-11 21:40:00,5
16.01758016,-19.18019613,LA14,2013-05-11,10:00:00 PM,22:00:00,Cold-Dry,2013-05-11 22:00:00,5
16.01453756,-19.17759603,LA14,2013-05-11,10:20:00 PM,22:20:00,Cold-Dry,2013-05-11 22:20:00,5
16.01294963,-19.17567952,LA14,2013-05-11,10:40:00 PM,22:40:00,Cold-Dry,2013-05-11 22:40:00,5
16.00484111,-19.17154744,LA14,2013-05-11,11:00:00 PM,23:00:00,Cold-Dry,2013-05-11 23:00:00,5
15.99751587,-19.16484578,LA14,2013-05-11,11:20:00 PM,23:20:00,Cold-Dry,2013-05-11 23:20:00,5
15.995165,-19.1635437,LA14,2013-05-11,11:40:00 PM,23:40:00,Cold-Dry,2013-05-11 23:40:00,5
15.99254964,-19.16702271,LA14,2013-05-12,12:00:00 AM,00:00:00,Cold-Dry,2013-05-12 00:00:00,5
15.99241435,-19.16890666,LA14,2013-05-12,12:20:00 AM,00:20:00,Cold-Dry,2013-05-12 00:20:00,5
15.99240316,-19.17240601,LA14,2013-05-12,12:40:00 AM,00:40:00,Cold-Dry,2013-05-12 00:40:00,5
15.99300944,-19.17898763,LA14,2013-05-12,01:00:00 AM,01:00:00,Cold-Dry,2013-05-12 01:00:00,5
15.99394836,-19.18204956,LA14,2013-05-12,01:20:00 AM,01:20:00,Cold-Dry,2013-05-12 01:20:00,5
15.99407247,-19.18345744,LA14,2013-05-12,01:40:00 AM,01:40:00,Cold-Dry,2013-05-12 01:40:00,5
15.99414266,-19.18414103,LA14,2013-05-12,02:00:00 AM,02:00:00,Cold-Dry,2013-05-12 02:00:00,5
15.99459534,-19.18449707,LA14,2013-05-12,02:20:00 AM,02:20:00,Cold-Dry,2013-05-12 02:20:00,5
15.99512939,-19.18545125,LA14,2013-05-12,02:40:00 AM,02:40:00,Cold-Dry,2013-05-12 02:40:00,5
15.99566752,-19.18525798,LA14,2013-05-12,03:00:00 AM,03:00:00,Cold-Dry,2013-05-12 03:00:00,5
15.99603271,-19.1851888,LA14,2013-05-12,03:20:00 AM,03:20:00,Cold-Dry,2013-05-12 03:20:00,5
15.9957255,-19.1851766,LA14,2013-05-12,03:40:00 AM,03:40:00,Cold-Dry,2013-05-12 03:40:00,5
15.99572652,-19.18519287,LA14,2013-05-12,04:00:00 AM,04:00:00,Cold-Dry,2013-05-12 04:00:00,5
15.99571431,-19.18521118,LA14,2013-05-12,04:20:00 AM,04:20:00,Cold-Dry,2013-05-12 04:20:00,5
15.99694621,-19.18502808,LA14,2013-05-12,04:40:00 AM,04:40:00,Cold-Dry,2013-05-12 04:40:00,5
15.9973877,-19.18482259,LA14,2013-05-12,05:00:00 AM,05:00:00,Cold-Dry,2013-05-12 05:00:00,5
15.99757385,-19.18475342,LA14,2013-05-12,05:20:00 AM,05:20:00,Cold-Dry,2013-05-12 05:20:00,5
15.99759521,-19.18459676,LA14,2013-05-12,05:40:00 AM,05:40:00,Cold-Dry,2013-05-12 05:40:00,5
15.99829814,-19.18366496,LA14,2013-05-12,06:00:00 AM,06:00:00,Cold-Dry,2013-05-12 06:00:00,5
15.99883219,-19.18299967,LA14,2013-05-12,06:20:00 AM,06:20:00,Cold-Dry,2013-05-12 06:20:00,5
15.99810689,-19.18214518,LA14,2013-05-12,06:40:00 AM,06:40:00,Cold-Dry,2013-05-12 06:40:00,5
15.99660441,-19.17993164,LA14,2013-05-12,07:00:00 AM,07:00:00,Cold-Dry,2013-05-12 07:00:00,5
15.99583028,-19.17944743,LA14,2013-05-12,07:20:00 AM,07:20:00,Cold-Dry,2013-05-12 07:20:00,5
15.99556783,-19.17934367,LA14,2013-05-12,07:40:00 AM,07:40:00,Cold-Dry,2013-05-12 07:40:00,5
15.99500529,-19.17821045,LA14,2013-05-12,08:00:00 AM,08:00:00,Cold-Dry,2013-05-12 08:00:00,5
15.99499308,-19.17712809,LA14,2013-05-12,08:20:00 AM,08:20:00,Cold-Dry,2013-05-12 08:20:00,5
15.99391581,-19.17443237,LA14,2013-05-12,08:40:00 AM,08:40:00,Cold-Dry,2013-05-12 08:40:00,5
15.99379781,-19.1732137,LA14,2013-05-12,09:00:00 AM,09:00:00,Cold-Dry,2013-05-12 09:00:00,5
15.99371134,-19.16708577,LA14,2013-05-12,09:20:00 AM,09:20:00,Cold-Dry,2013-05-12 09:20:00,5
15.99580892,-19.16320801,LA14,2013-05-12,09:40:00 AM,09:40:00,Cold-Dry,2013-05-12 09:40:00,5
15.99460551,-19.16489054,LA14,2013-05-12,10:00:00 AM,10:00:00,Cold-Dry,2013-05-12 10:00:00,5
15.9942454,-19.16564738,LA14,2013-05-12,10:20:00 AM,10:20:00,Cold-Dry,2013-05-12 10:20:00,5
15.99418945,-19.16569214,LA14,2013-05-12,10:40:00 AM,10:40:00,Cold-Dry,2013-05-12 10:40:00,5
15.99415995,-19.16571045,LA14,2013-05-12,11:00:00 AM,11:00:00,Cold-Dry,2013-05-12 11:00:00,5
15.99423523,-19.16567383,LA14,2013-05-12,11:20:00 AM,11:20:00,Cold-Dry,2013-05-12 11:20:00,5
15.99447021,-19.16550293,LA14,2013-05-12,11:40:00 AM,11:40:00,Cold-Dry,2013-05-12 11:40:00,5
15.99474589,-19.16500854,LA14,2013-05-12,12:00:00 PM,12:00:00,Cold-Dry,2013-05-12 12:00:00,5
15.9957723,-19.16323446,LA14,2013-05-12,12:20:00 PM,12:20:00,Cold-Dry,2013-05-12 12:20:00,5
15.99461263,-19.16482747,LA14,2013-05-12,12:40:00 PM,12:40:00,Cold-Dry,2013-05-12 12:40:00,5
15.99448446,-19.16589152,LA14,2013-05-12,01:00:00 PM,13:00:00,Cold-Dry,2013-05-12 13:00:00,5
15.99506124,-19.1699646,LA14,2013-05-12,01:20:00 PM,13:20:00,Cold-Dry,2013-05-12 13:20:00,5
15.99535726,-19.17097575,LA14,2013-05-12,01:40:00 PM,13:40:00,Cold-Dry,2013-05-12 13:40:00,5
15.99530538,-19.17098185,LA14,2013-05-12,02:00:00 PM,14:00:00,Cold-Dry,2013-05-12 14:00:00,5
15.99529622,-19.17099406,LA14,2013-05-12,02:20:00 PM,14:20:00,Cold-Dry,2013-05-12 14:20:00,5
15.99535726,-19.17087606,LA14,2013-05-12,02:40:00 PM,14:40:00,Cold-Dry,2013-05-12 14:40:00,5
15.99576925,-19.1703125,LA14,2013-05-12,03:00:00 PM,15:00:00,Cold-Dry,2013-05-12 15:00:00,5
15.99581095,-19.17027588,LA14,2013-05-12,03:20:00 PM,15:20:00,Cold-Dry,2013-05-12 15:20:00,5
15.99578044,-19.17014567,LA14,2013-05-12,03:40:00 PM,15:40:00,Cold-Dry,2013-05-12 15:40:00,5
15.99532471,-19.16837158,LA14,2013-05-12,04:00:00 PM,16:00:00,Cold-Dry,2013-05-12 16:00:00,5
15.99487101,-19.16447957,LA14,2013-05-12,04:20:00 PM,16:20:00,Cold-Dry,2013-05-12 16:20:00,5
15.99484558,-19.16453857,LA14,2013-05-12,04:40:00 PM,16:40:00,Cold-Dry,2013-05-12 16:40:00,5
15.99138489,-19.17137451,LA14,2013-05-12,05:00:00 PM,17:00:00,Cold-Dry,2013-05-12 17:00:00,5
15.98929952,-19.17746989,LA14,2013-05-12,05:20:00 PM,17:20:00,Cold-Dry,2013-05-12 17:20:00,5
15.98872681,-19.17995402,LA14,2013-05-12,05:40:00 PM,17:40:00,Cold-Dry,2013-05-12 17:40:00,5
15.98870443,-19.18389893,LA14,2013-05-12,06:00:00 PM,18:00:00,Cold-Dry,2013-05-12 18:00:00,5
15.98871969,-19.18555094,LA14,2013-05-12,06:20:00 PM,18:20:00,Cold-Dry,2013-05-12 18:20:00,5
15.98880412,-19.18692627,LA14,2013-05-12,06:40:00 PM,18:40:00,Cold-Dry,2013-05-12 18:40:00,5
15.98887533,-19.18778483,LA14,2013-05-12,07:00:00 PM,19:00:00,Cold-Dry,2013-05-12 19:00:00,5
15.98947042,-19.18948975,LA14,2013-05-12,07:20:00 PM,19:20:00,Cold-Dry,2013-05-12 19:20:00,5
15.99032186,-19.19109294,LA14,2013-05-12,07:40:00 PM,19:40:00,Cold-Dry,2013-05-12 19:40:00,5
15.99063416,-19.19187419,LA14,2013-05-12,08:00:00 PM,20:00:00,Cold-Dry,2013-05-12 20:00:00,5
15.99072062,-19.19286702,LA14,2013-05-12,08:20:00 PM,20:20:00,Cold-Dry,2013-05-12 20:20:00,5
15.99073995,-19.19355469,LA14,2013-05-12,08:40:00 PM,20:40:00,Cold-Dry,2013-05-12 20:40:00,5
15.99061584,-19.19383341,LA14,2013-05-12,09:00:00 PM,21:00:00,Cold-Dry,2013-05-12 21:00:00,5
15.99101563,-19.19441935,LA14,2013-05-12,09:20:00 PM,21:20:00,Cold-Dry,2013-05-12 21:20:00,5
15.99149679,-19.19470622,LA14,2013-05-12,09:40:00 PM,21:40:00,Cold-Dry,2013-05-12 21:40:00,5
15.99167887,-19.19500326,LA14,2013-05-12,10:00:00 PM,22:00:00,Cold-Dry,2013-05-12 22:00:00,5
15.99305013,-19.19482015,LA14,2013-05-12,10:20:00 PM,22:20:00,Cold-Dry,2013-05-12 22:20:00,5
15.99572449,-19.19498088,LA14,2013-05-12,10:40:00 PM,22:40:00,Cold-Dry,2013-05-12 22:40:00,5
15.99690755,-19.19500732,LA14,2013-05-12,11:00:00 PM,23:00:00,Cold-Dry,2013-05-12 23:00:00,5
15.99718628,-19.19493815,LA14,2013-05-12,11:20:00 PM,23:20:00,Cold-Dry,2013-05-12 23:20:00,5
15.99725138,-19.19492798,LA14,2013-05-12,11:40:00 PM,23:40:00,Cold-Dry,2013-05-12 23:40:00,5
15.9980601,-19.19475301,LA14,2013-05-13,12:00:00 AM,00:00:00,Cold-Dry,2013-05-13 00:00:00,5
15.99841309,-19.19464722,LA14,2013-05-13,12:20:00 AM,00:20:00,Cold-Dry,2013-05-13 00:20:00,5
15.99844259,-19.19463704,LA14,2013-05-13,12:40:00 AM,00:40:00,Cold-Dry,2013-05-13 00:40:00,5
15.99856974,-19.19482015,LA14,2013-05-13,01:00:00 AM,01:00:00,Cold-Dry,2013-05-13 01:00:00,5
15.99852905,-19.19479574,LA14,2013-05-13,01:20:00 AM,01:20:00,Cold-Dry,2013-05-13 01:20:00,5
15.99860942,-19.19482422,LA14,2013-05-13,01:40:00 AM,01:40:00,Cold-Dry,2013-05-13 01:40:00,5
15.99854126,-19.19486287,LA14,2013-05-13,02:00:00 AM,02:00:00,Cold-Dry,2013-05-13 02:00:00,5
15.9985321,-19.19487305,LA14,2013-05-13,02:20:00 AM,02:20:00,Cold-Dry,2013-05-13 02:20:00,5
15.99854126,-19.19483236,LA14,2013-05-13,02:40:00 AM,02:40:00,Cold-Dry,2013-05-13 02:40:00,5
15.99853007,-19.19491374,LA14,2013-05-13,03:00:00 AM,03:00:00,Cold-Dry,2013-05-13 03:00:00,5
15.99848429,-19.19490153,LA14,2013-05-13,03:20:00 AM,03:20:00,Cold-Dry,2013-05-13 03:20:00,5
15.99851278,-19.19487101,LA14,2013-05-13,03:40:00 AM,03:40:00,Cold-Dry,2013-05-13 03:40:00,5
15.99851888,-19.1948995,LA14,2013-05-13,04:00:00 AM,04:00:00,Cold-Dry,2013-05-13 04:00:00,5
15.99863383,-19.19433594,LA14,2013-05-13,04:20:00 AM,04:20:00,Cold-Dry,2013-05-13 04:20:00,5
15.99854431,-19.19415283,LA14,2013-05-13,04:40:00 AM,04:40:00,Cold-Dry,2013-05-13 04:40:00,5
15.99861857,-19.193927,LA14,2013-05-13,05:00:00 AM,05:00:00,Cold-Dry,2013-05-13 05:00:00,5
15.99849243,-19.19371745,LA14,2013-05-13,05:20:00 AM,05:20:00,Cold-Dry,2013-05-13 05:20:00,5
15.99844157,-19.19362183,LA14,2013-05-13,05:40:00 AM,05:40:00,Cold-Dry,2013-05-13 05:40:00,5
15.99821879,-19.1934672,LA14,2013-05-13,06:00:00 AM,06:00:00,Cold-Dry,2013-05-13 06:00:00,5
15.99809977,-19.19340617,LA14,2013-05-13,06:20:00 AM,06:20:00,Cold-Dry,2013-05-13 06:20:00,5
15.99773865,-19.19232788,LA14,2013-05-13,06:40:00 AM,06:40:00,Cold-Dry,2013-05-13 06:40:00,5
15.9974884,-19.19207357,LA14,2013-05-13,07:00:00 AM,07:00:00,Cold-Dry,2013-05-13 07:00:00,5
15.99738973,-19.19196167,LA14,2013-05-13,07:20:00 AM,07:20:00,Cold-Dry,2013-05-13 07:20:00,5
15.99726461,-19.19210205,LA14,2013-05-13,07:40:00 AM,07:40:00,Cold-Dry,2013-05-13 07:40:00,5
15.99691976,-19.1913859,LA14,2013-05-13,08:00:00 AM,08:00:00,Cold-Dry,2013-05-13 08:00:00,5
15.99667867,-19.19126994,LA14,2013-05-13,08:20:00 AM,08:20:00,Cold-Dry,2013-05-13 08:20:00,5
15.99647522,-19.19035441,LA14,2013-05-13,08:40:00 AM,08:40:00,Cold-Dry,2013-05-13 08:40:00,5
15.9962321,-19.19000448,LA14,2013-05-13,09:00:00 AM,09:00:00,Cold-Dry,2013-05-13 09:00:00,5
15.99577535,-19.18927409,LA14,2013-05-13,09:20:00 AM,09:20:00,Cold-Dry,2013-05-13 09:20:00,5
15.99554138,-19.18835856,LA14,2013-05-13,09:40:00 AM,09:40:00,Cold-Dry,2013-05-13 09:40:00,5
15.99538676,-19.18810221,LA14,2013-05-13,10:00:00 AM,10:00:00,Cold-Dry,2013-05-13 10:00:00,5
15.99541931,-19.18777873,LA14,2013-05-13,10:20:00 AM,10:20:00,Cold-Dry,2013-05-13 10:20:00,5
15.99518433,-19.18571981,LA14,2013-05-13,10:40:00 AM,10:40:00,Cold-Dry,2013-05-13 10:40:00,5
15.9946696,-19.18425293,LA14,2013-05-13,11:00:00 AM,11:00:00,Cold-Dry,2013-05-13 11:00:00,5
15.9941864,-19.18217977,LA14,2013-05-13,11:20:00 AM,11:20:00,Cold-Dry,2013-05-13 11:20:00,5
15.99385071,-19.18038737,LA14,2013-05-13,11:40:00 AM,11:40:00,Cold-Dry,2013-05-13 11:40:00,5
15.99352112,-19.17955729,LA14,2013-05-13,12:00:00 PM,12:00:00,Cold-Dry,2013-05-13 12:00:00,5
15.9935435,-19.17954508,LA14,2013-05-13,12:20:00 PM,12:20:00,Cold-Dry,2013-05-13 12:20:00,5
15.99327189,-19.17903035,LA14,2013-05-13,12:40:00 PM,12:40:00,Cold-Dry,2013-05-13 12:40:00,5
15.99284465,-19.17541097,LA14,2013-05-13,01:00:00 PM,13:00:00,Cold-Dry,2013-05-13 13:00:00,5
15.99117025,-19.17278849,LA14,2013-05-13,01:20:00 PM,13:20:00,Cold-Dry,2013-05-13 13:20:00,5
15.99001465,-19.16995646,LA14,2013-05-13,01:40:00 PM,13:40:00,Cold-Dry,2013-05-13 13:40:00,5
15.99357096,-19.16561076,LA14,2013-05-13,02:00:00 PM,14:00:00,Cold-Dry,2013-05-13 14:00:00,5
15.99573364,-19.16312256,LA14,2013-05-13,02:20:00 PM,14:20:00,Cold-Dry,2013-05-13 14:20:00,5
15.99470215,-19.16474406,LA14,2013-05-13,02:40:00 PM,14:40:00,Cold-Dry,2013-05-13 14:40:00,5
15.99479675,-19.1696167,LA14,2013-05-13,03:00:00 PM,15:00:00,Cold-Dry,2013-05-13 15:00:00,5
15.99593506,-19.17633057,LA14,2013-05-13,03:20:00 PM,15:20:00,Cold-Dry,2013-05-13 15:20:00,5
15.9988973,-19.17958984,LA14,2013-05-13,03:40:00 PM,15:40:00,Cold-Dry,2013-05-13 15:40:00,5
15.99950968,-19.18244832,LA14,2013-05-13,04:00:00 PM,16:00:00,Cold-Dry,2013-05-13 16:00:00,5
15.99958598,-19.18367716,LA14,2013-05-13,04:20:00 PM,16:20:00,Cold-Dry,2013-05-13 16:20:00,5
16.00006612,-19.18564657,LA14,2013-05-13,04:40:00 PM,16:40:00,Cold-Dry,2013-05-13 16:40:00,5
15.99964905,-19.1879069,LA14,2013-05-13,05:00:00 PM,17:00:00,Cold-Dry,2013-05-13 17:00:00,5
15.99953512,-19.18799438,LA14,2013-05-13,05:20:00 PM,17:20:00,Cold-Dry,2013-05-13 17:20:00,5
15.99989217,-19.1890686,LA14,2013-05-13,05:40:00 PM,17:40:00,Cold-Dry,2013-05-13 17:40:00,5
16.00031738,-19.18935343,LA14,2013-05-13,06:00:00 PM,18:00:00,Cold-Dry,2013-05-13 18:00:00,5
16.00078939,-19.19020589,LA14,2013-05-13,06:20:00 PM,18:20:00,Cold-Dry,2013-05-13 18:20:00,5
16.00072225,-19.19038493,LA14,2013-05-13,06:40:00 PM,18:40:00,Cold-Dry,2013-05-13 18:40:00,5
16.00148519,-19.19140625,LA14,2013-05-13,07:00:00 PM,19:00:00,Cold-Dry,2013-05-13 19:00:00,5
16.00337931,-19.19404297,LA14,2013-05-13,07:20:00 PM,19:20:00,Cold-Dry,2013-05-13 19:20:00,5
16.00916545,-19.19698893,LA14,2013-05-13,07:40:00 PM,19:40:00,Cold-Dry,2013-05-13 19:40:00,5
16.0116862,-19.1973877,LA14,2013-05-13,08:00:00 PM,20:00:00,Cold-Dry,2013-05-13 20:00:00,5
16.01467692,-19.1992452,LA14,2013-05-13,08:20:00 PM,20:20:00,Cold-Dry,2013-05-13 20:20:00,5
16.01704305,-19.20018107,LA14,2013-05-13,08:40:00 PM,20:40:00,Cold-Dry,2013-05-13 20:40:00,5
16.01868388,-19.20105794,LA14,2013-05-13,09:00:00 PM,21:00:00,Cold-Dry,2013-05-13 21:00:00,5
16.01961975,-19.20143026,LA14,2013-05-13,09:20:00 PM,21:20:00,Cold-Dry,2013-05-13 21:20:00,5
16.0199646,-19.20240885,LA14,2013-05-13,09:40:00 PM,21:40:00,Cold-Dry,2013-05-13 21:40:00,5
16.02056681,-19.20282593,LA14,2013-05-13,10:00:00 PM,22:00:00,Cold-Dry,2013-05-13 22:00:00,5
16.02067464,-19.20290934,LA14,2013-05-13,10:20:00 PM,22:20:00,Cold-Dry,2013-05-13 22:20:00,5
16.02125142,-19.2030131,LA14,2013-05-13,10:40:00 PM,22:40:00,Cold-Dry,2013-05-13 22:40:00,5
16.02211405,-19.20368245,LA14,2013-05-13,11:00:00 PM,23:00:00,Cold-Dry,2013-05-13 23:00:00,5
16.02273458,-19.20378011,LA14,2013-05-13,11:20:00 PM,23:20:00,Cold-Dry,2013-05-13 23:20:00,5
16.0257843,-19.20363973,LA14,2013-05-13,11:40:00 PM,23:40:00,Cold-Dry,2013-05-13 23:40:00,5
16.02632853,-19.20349528,LA14,2013-05-14,12:00:00 AM,00:00:00,Cold-Dry,2013-05-14 00:00:00,5
16.02620951,-19.20335083,LA14,2013-05-14,12:20:00 AM,00:20:00,Cold-Dry,2013-05-14 00:20:00,5
16.02649943,-19.20332845,LA14,2013-05-14,12:40:00 AM,00:40:00,Cold-Dry,2013-05-14 00:40:00,5
16.02846476,-19.20368449,LA14,2013-05-14,01:00:00 AM,01:00:00,Cold-Dry,2013-05-14 01:00:00,5
16.02970886,-19.20354614,LA14,2013-05-14,01:20:00 AM,01:20:00,Cold-Dry,2013-05-14 01:20:00,5
16.03824259,-19.20522868,LA14,2013-05-14,01:40:00 AM,01:40:00,Cold-Dry,2013-05-14 01:40:00,5
16.04634399,-19.20713298,LA14,2013-05-14,02:00:00 AM,02:00:00,Cold-Dry,2013-05-14 02:00:00,5
16.05380859,-19.21018473,LA14,2013-05-14,02:20:00 AM,02:20:00,Cold-Dry,2013-05-14 02:20:00,5
16.0588328,-19.21343994,LA14,2013-05-14,02:40:00 AM,02:40:00,Cold-Dry,2013-05-14 02:40:00,5
16.06145732,-19.21464844,LA14,2013-05-14,03:00:00 AM,03:00:00,Cold-Dry,2013-05-14 03:00:00,5
16.07005514,-19.21926473,LA14,2013-05-14,03:20:00 AM,03:20:00,Cold-Dry,2013-05-14 03:20:00,5
16.0722229,-19.22118937,LA14,2013-05-14,03:40:00 AM,03:40:00,Cold-Dry,2013-05-14 03:40:00,5
16.07375081,-19.22220256,LA14,2013-05-14,04:00:00 AM,04:00:00,Cold-Dry,2013-05-14 04:00:00,5
16.07469686,-19.22222697,LA14,2013-05-14,04:20:00 AM,04:20:00,Cold-Dry,2013-05-14 04:20:00,5
16.07805278,-19.22406209,LA14,2013-05-14,04:40:00 AM,04:40:00,Cold-Dry,2013-05-14 04:40:00,5
16.07929179,-19.22460734,LA14,2013-05-14,05:00:00 AM,05:00:00,Cold-Dry,2013-05-14 05:00:00,5
16.07911682,-19.2245402,LA14,2013-05-14,05:20:00 AM,05:20:00,Cold-Dry,2013-05-14 05:20:00,5
16.07975769,-19.22415771,LA14,2013-05-14,05:40:00 AM,05:40:00,Cold-Dry,2013-05-14 05:40:00,5
16.08058777,-19.22511393,LA14,2013-05-14,06:00:00 AM,06:00:00,Cold-Dry,2013-05-14 06:00:00,5
16.08314616,-19.22706095,LA14,2013-05-14,06:20:00 AM,06:20:00,Cold-Dry,2013-05-14 06:20:00,5
16.08391418,-19.22756755,LA14,2013-05-14,06:40:00 AM,06:40:00,Cold-Dry,2013-05-14 06:40:00,5
16.08476054,-19.2280131,LA14,2013-05-14,07:00:00 AM,07:00:00,Cold-Dry,2013-05-14 07:00:00,5
16.08567912,-19.22792358,LA14,2013-05-14,07:20:00 AM,07:20:00,Cold-Dry,2013-05-14 07:20:00,5
16.08692627,-19.22874959,LA14,2013-05-14,07:40:00 AM,07:40:00,Cold-Dry,2013-05-14 07:40:00,5
16.0869161,-19.22875163,LA14,2013-05-14,08:00:00 AM,08:00:00,Cold-Dry,2013-05-14 08:00:00,5
16.08712972,-19.22872721,LA14,2013-05-14,08:20:00 AM,08:20:00,Cold-Dry,2013-05-14 08:20:00,5
16.08721313,-19.22862142,LA14,2013-05-14,08:40:00 AM,08:40:00,Cold-Dry,2013-05-14 08:40:00,5
16.08722636,-19.22859701,LA14,2013-05-14,09:00:00 AM,09:00:00,Cold-Dry,2013-05-14 09:00:00,5
16.08722738,-19.22860311,LA14,2013-05-14,09:20:00 AM,09:20:00,Cold-Dry,2013-05-14 09:20:00,5
16.0872406,-19.22862345,LA14,2013-05-14,09:40:00 AM,09:40:00,Cold-Dry,2013-05-14 09:40:00,5
16.08745219,-19.22726847,LA14,2013-05-14,10:00:00 AM,10:00:00,Cold-Dry,2013-05-14 10:00:00,5
16.08731995,-19.22692057,LA14,2013-05-14,10:20:00 AM,10:20:00,Cold-Dry,2013-05-14 10:20:00,5
16.08766785,-19.22722168,LA14,2013-05-14,10:40:00 AM,10:40:00,Cold-Dry,2013-05-14 10:40:00,5
16.08721619,-19.22710368,LA14,2013-05-14,11:00:00 AM,11:00:00,Cold-Dry,2013-05-14 11:00:00,5
16.08721619,-19.22707723,LA14,2013-05-14,11:20:00 AM,11:20:00,Cold-Dry,2013-05-14 11:20:00,5
16.08721517,-19.22706095,LA14,2013-05-14,11:40:00 AM,11:40:00,Cold-Dry,2013-05-14 11:40:00,5
16.08722738,-19.22707926,LA14,2013-05-14,12:00:00 PM,12:00:00,Cold-Dry,2013-05-14 12:00:00,5
16.08722026,-19.22705892,LA14,2013-05-14,12:20:00 PM,12:20:00,Cold-Dry,2013-05-14 12:20:00,5
16.08638,-19.22634888,LA14,2013-05-14,12:40:00 PM,12:40:00,Cold-Dry,2013-05-14 12:40:00,5
16.08554688,-19.22606201,LA14,2013-05-14,01:00:00 PM,13:00:00,Cold-Dry,2013-05-14 13:00:00,5
16.08515828,-19.22577108,LA14,2013-05-14,01:20:00 PM,13:20:00,Cold-Dry,2013-05-14 13:20:00,5
16.08488871,-19.22548828,LA14,2013-05-14,01:40:00 PM,13:40:00,Cold-Dry,2013-05-14 13:40:00,5
16.08342183,-19.22407633,LA14,2013-05-14,02:00:00 PM,14:00:00,Cold-Dry,2013-05-14 14:00:00,5
16.08339132,-19.22404989,LA14,2013-05-14,02:20:00 PM,14:20:00,Cold-Dry,2013-05-14 14:20:00,5
16.08341573,-19.22408447,LA14,2013-05-14,02:40:00 PM,14:40:00,Cold-Dry,2013-05-14 14:40:00,5
16.08318481,-19.22407837,LA14,2013-05-14,03:00:00 PM,15:00:00,Cold-Dry,2013-05-14 15:00:00,5
16.08014425,-19.22458496,LA14,2013-05-14,03:20:00 PM,15:20:00,Cold-Dry,2013-05-14 15:20:00,5
16.07905273,-19.22470907,LA14,2013-05-14,03:40:00 PM,15:40:00,Cold-Dry,2013-05-14 15:40:00,5
16.07678121,-19.22505086,LA14,2013-05-14,04:00:00 PM,16:00:00,Cold-Dry,2013-05-14 16:00:00,5
16.07578023,-19.22453817,LA14,2013-05-14,04:20:00 PM,16:20:00,Cold-Dry,2013-05-14 16:20:00,5
16.07255961,-19.22366536,LA14,2013-05-14,04:40:00 PM,16:40:00,Cold-Dry,2013-05-14 16:40:00,5
16.07082316,-19.22106527,LA14,2013-05-14,05:00:00 PM,17:00:00,Cold-Dry,2013-05-14 17:00:00,5
16.06766866,-19.21773478,LA14,2013-05-14,05:20:00 PM,17:20:00,Cold-Dry,2013-05-14 17:20:00,5
16.06196391,-19.21475016,LA14,2013-05-14,05:40:00 PM,17:40:00,Cold-Dry,2013-05-14 17:40:00,5
16.05883891,-19.2134847,LA14,2013-05-14,06:00:00 PM,18:00:00,Cold-Dry,2013-05-14 18:00:00,5
16.05885824,-19.21347656,LA14,2013-05-14,06:20:00 PM,18:20:00,Cold-Dry,2013-05-14 18:20:00,5
16.05497843,-19.21736857,LA14,2013-05-14,06:40:00 PM,18:40:00,Cold-Dry,2013-05-14 18:40:00,5
16.05190735,-19.22181193,LA14,2013-05-14,07:00:00 PM,19:00:00,Cold-Dry,2013-05-14 19:00:00,5
16.05183309,-19.22537028,LA14,2013-05-14,07:20:00 PM,19:20:00,Cold-Dry,2013-05-14 19:20:00,5
16.051887,-19.22610067,LA14,2013-05-14,07:40:00 PM,19:40:00,Cold-Dry,2013-05-14 19:40:00,5
16.05185343,-19.22741292,LA14,2013-05-14,08:00:00 PM,20:00:00,Cold-Dry,2013-05-14 20:00:00,5
16.05227966,-19.22862956,LA14,2013-05-14,08:20:00 PM,20:20:00,Cold-Dry,2013-05-14 20:20:00,5
16.0509613,-19.23282471,LA14,2013-05-14,08:40:00 PM,20:40:00,Cold-Dry,2013-05-14 20:40:00,5
16.05104268,-19.23381958,LA14,2013-05-14,09:00:00 PM,21:00:00,Cold-Dry,2013-05-14 21:00:00,5
16.05148926,-19.23742676,LA14,2013-05-14,09:20:00 PM,21:20:00,Cold-Dry,2013-05-14 21:20:00,5
16.05108337,-19.24058431,LA14,2013-05-14,09:40:00 PM,21:40:00,Cold-Dry,2013-05-14 21:40:00,5
16.05325826,-19.24702759,LA14,2013-05-14,10:00:00 PM,22:00:00,Cold-Dry,2013-05-14 22:00:00,5
16.05622559,-19.25288289,LA14,2013-05-14,10:20:00 PM,22:20:00,Cold-Dry,2013-05-14 22:20:00,5
16.05645243,-19.25934448,LA14,2013-05-14,10:40:00 PM,22:40:00,Cold-Dry,2013-05-14 22:40:00,5
16.05693359,-19.26040243,LA14,2013-05-14,11:00:00 PM,23:00:00,Cold-Dry,2013-05-14 23:00:00,5
16.05753682,-19.26034139,LA14,2013-05-14,11:20:00 PM,23:20:00,Cold-Dry,2013-05-14 23:20:00,5
16.05784403,-19.26279907,LA14,2013-05-14,11:40:00 PM,23:40:00,Cold-Dry,2013-05-14 23:40:00,5
16.05920919,-19.26732381,LA14,2013-05-15,12:00:00 AM,00:00:00,Cold-Dry,2013-05-15 00:00:00,5
16.0585083,-19.27009074,LA14,2013-05-15,12:20:00 AM,00:20:00,Cold-Dry,2013-05-15 00:20:00,5
16.05876465,-19.27114868,LA14,2013-05-15,12:40:00 AM,00:40:00,Cold-Dry,2013-05-15 00:40:00,5
16.05847371,-19.27160848,LA14,2013-05-15,01:00:00 AM,01:00:00,Cold-Dry,2013-05-15 01:00:00,5
16.05828654,-19.27235514,LA14,2013-05-15,01:20:00 AM,01:20:00,Cold-Dry,2013-05-15 01:20:00,5
16.05971578,-19.27308757,LA14,2013-05-15,01:40:00 AM,01:40:00,Cold-Dry,2013-05-15 01:40:00,5
16.06069845,-19.2746582,LA14,2013-05-15,02:00:00 AM,02:00:00,Cold-Dry,2013-05-15 02:00:00,5
16.06164958,-19.27530518,LA14,2013-05-15,02:20:00 AM,02:20:00,Cold-Dry,2013-05-15 02:20:00,5
16.06164347,-19.27530111,LA14,2013-05-15,02:40:00 AM,02:40:00,Cold-Dry,2013-05-15 02:40:00,5
16.06168416,-19.27576701,LA14,2013-05-15,03:00:00 AM,03:00:00,Cold-Dry,2013-05-15 03:00:00,5
16.06172078,-19.27579549,LA14,2013-05-15,03:20:00 AM,03:20:00,Cold-Dry,2013-05-15 03:20:00,5
16.06181539,-19.27597046,LA14,2013-05-15,03:40:00 AM,03:40:00,Cold-Dry,2013-05-15 03:40:00,5
16.06184794,-19.27596639,LA14,2013-05-15,04:00:00 AM,04:00:00,Cold-Dry,2013-05-15 04:00:00,5
16.06184896,-19.27595215,LA14,2013-05-15,04:20:00 AM,04:20:00,Cold-Dry,2013-05-15 04:20:00,5
16.06183777,-19.27598267,LA14,2013-05-15,04:40:00 AM,04:40:00,Cold-Dry,2013-05-15 04:40:00,5
16.0616984,-19.27783203,LA14,2013-05-15,05:00:00 AM,05:00:00,Cold-Dry,2013-05-15 05:00:00,5
16.06159465,-19.27890828,LA14,2013-05-15,05:20:00 AM,05:20:00,Cold-Dry,2013-05-15 05:20:00,5
16.06201375,-19.2795695,LA14,2013-05-15,05:40:00 AM,05:40:00,Cold-Dry,2013-05-15 05:40:00,5
16.06219482,-19.28015747,LA14,2013-05-15,06:00:00 AM,06:00:00,Cold-Dry,2013-05-15 06:00:00,5
16.06253662,-19.2805013,LA14,2013-05-15,06:20:00 AM,06:20:00,Cold-Dry,2013-05-15 06:20:00,5
16.06292826,-19.28069865,LA14,2013-05-15,06:40:00 AM,06:40:00,Cold-Dry,2013-05-15 06:40:00,5
16.06316223,-19.28122559,LA14,2013-05-15,07:00:00 AM,07:00:00,Cold-Dry,2013-05-15 07:00:00,5
16.06329041,-19.28103434,LA14,2013-05-15,07:20:00 AM,07:20:00,Cold-Dry,2013-05-15 07:20:00,5
16.06346029,-19.28039958,LA14,2013-05-15,07:40:00 AM,07:40:00,Cold-Dry,2013-05-15 07:40:00,5
16.06394145,-19.2795634,LA14,2013-05-15,08:00:00 AM,08:00:00,Cold-Dry,2013-05-15 08:00:00,5
16.06474406,-19.27932536,LA14,2013-05-15,08:20:00 AM,08:20:00,Cold-Dry,2013-05-15 08:20:00,5
16.06489156,-19.27897542,LA14,2013-05-15,08:40:00 AM,08:40:00,Cold-Dry,2013-05-15 08:40:00,5
16.06549377,-19.27850545,LA14,2013-05-15,09:00:00 AM,09:00:00,Cold-Dry,2013-05-15 09:00:00,5
16.06623027,-19.27739868,LA14,2013-05-15,09:20:00 AM,09:20:00,Cold-Dry,2013-05-15 09:20:00,5
16.06603292,-19.27583618,LA14,2013-05-15,09:40:00 AM,09:40:00,Cold-Dry,2013-05-15 09:40:00,5
16.06596883,-19.27320964,LA14,2013-05-15,10:00:00 AM,10:00:00,Cold-Dry,2013-05-15 10:00:00,5
16.06635234,-19.27185262,LA14,2013-05-15,10:20:00 AM,10:20:00,Cold-Dry,2013-05-15 10:20:00,5
16.06626282,-19.27038981,LA14,2013-05-15,10:40:00 AM,10:40:00,Cold-Dry,2013-05-15 10:40:00,5
16.06625773,-19.27038981,LA14,2013-05-15,11:00:00 AM,11:00:00,Cold-Dry,2013-05-15 11:00:00,5
16.06625468,-19.27042643,LA14,2013-05-15,11:20:00 AM,11:20:00,Cold-Dry,2013-05-15 11:20:00,5
16.06625773,-19.27039795,LA14,2013-05-15,11:40:00 AM,11:40:00,Cold-Dry,2013-05-15 11:40:00,5
16.06371257,-19.26807861,LA14,2013-05-15,12:00:00 PM,12:00:00,Cold-Dry,2013-05-15 12:00:00,5
16.06311442,-19.26698405,LA14,2013-05-15,12:20:00 PM,12:20:00,Cold-Dry,2013-05-15 12:20:00,5
16.06163534,-19.26556803,LA14,2013-05-15,12:40:00 PM,12:40:00,Cold-Dry,2013-05-15 12:40:00,5
16.06044718,-19.26490072,LA14,2013-05-15,01:00:00 PM,13:00:00,Cold-Dry,2013-05-15 13:00:00,5
16.06022441,-19.26490682,LA14,2013-05-15,01:20:00 PM,13:20:00,Cold-Dry,2013-05-15 13:20:00,5
16.0602478,-19.26488647,LA14,2013-05-15,01:40:00 PM,13:40:00,Cold-Dry,2013-05-15 13:40:00,5
16.06026408,-19.26489665,LA14,2013-05-15,02:00:00 PM,14:00:00,Cold-Dry,2013-05-15 14:00:00,5
16.06002604,-19.26396891,LA14,2013-05-15,02:20:00 PM,14:20:00,Cold-Dry,2013-05-15 14:20:00,5
16.05968628,-19.26320801,LA14,2013-05-15,02:40:00 PM,14:40:00,Cold-Dry,2013-05-15 14:40:00,5
16.05951233,-19.26237183,LA14,2013-05-15,03:00:00 PM,15:00:00,Cold-Dry,2013-05-15 15:00:00,5
16.05637309,-19.26131185,LA14,2013-05-15,03:20:00 PM,15:20:00,Cold-Dry,2013-05-15 15:20:00,5
16.05659993,-19.25832316,LA14,2013-05-15,03:40:00 PM,15:40:00,Cold-Dry,2013-05-15 15:40:00,5
16.0567983,-19.25417684,LA14,2013-05-15,04:00:00 PM,16:00:00,Cold-Dry,2013-05-15 16:00:00,5
16.05689087,-19.25265299,LA14,2013-05-15,04:20:00 PM,16:20:00,Cold-Dry,2013-05-15 16:20:00,5
16.05687866,-19.25051066,LA14,2013-05-15,04:40:00 PM,16:40:00,Cold-Dry,2013-05-15 16:40:00,5
16.05744629,-19.2493103,LA14,2013-05-15,05:00:00 PM,17:00:00,Cold-Dry,2013-05-15 17:00:00,5
16.05735575,-19.24478149,LA14,2013-05-15,05:20:00 PM,17:20:00,Cold-Dry,2013-05-15 17:20:00,5
16.0574056,-19.24164225,LA14,2013-05-15,05:40:00 PM,17:40:00,Cold-Dry,2013-05-15 17:40:00,5
16.0563914,-19.23492025,LA14,2013-05-15,06:00:00 PM,18:00:00,Cold-Dry,2013-05-15 18:00:00,5
16.0563324,-19.22915649,LA14,2013-05-15,06:20:00 PM,18:20:00,Cold-Dry,2013-05-15 18:20:00,5
16.05678304,-19.21977743,LA14,2013-05-15,06:40:00 PM,18:40:00,Cold-Dry,2013-05-15 18:40:00,5
16.05891825,-19.21334635,LA14,2013-05-15,07:00:00 PM,19:00:00,Cold-Dry,2013-05-15 19:00:00,5
16.0587382,-19.2136495,LA14,2013-05-15,07:20:00 PM,19:20:00,Cold-Dry,2013-05-15 19:20:00,5
16.05884298,-19.21345418,LA14,2013-05-15,07:40:00 PM,19:40:00,Cold-Dry,2013-05-15 19:40:00,5
16.05625509,-19.21595662,LA14,2013-05-15,08:00:00 PM,20:00:00,Cold-Dry,2013-05-15 20:00:00,5
16.05099691,-19.22371012,LA14,2013-05-15,08:20:00 PM,20:20:00,Cold-Dry,2013-05-15 20:20:00,5
16.04819234,-19.22942301,LA14,2013-05-15,08:40:00 PM,20:40:00,Cold-Dry,2013-05-15 20:40:00,5
16.04655355,-19.23282267,LA14,2013-05-15,09:00:00 PM,21:00:00,Cold-Dry,2013-05-15 21:00:00,5
16.043868,-19.23716431,LA14,2013-05-15,09:20:00 PM,21:20:00,Cold-Dry,2013-05-15 21:20:00,5
16.03991801,-19.2420695,LA14,2013-05-15,09:40:00 PM,21:40:00,Cold-Dry,2013-05-15 21:40:00,5
16.03704224,-19.24673462,LA14,2013-05-15,10:00:00 PM,22:00:00,Cold-Dry,2013-05-15 22:00:00,5
16.03615824,-19.24817708,LA14,2013-05-15,10:20:00 PM,22:20:00,Cold-Dry,2013-05-15 22:20:00,5
16.03465983,-19.2503418,LA14,2013-05-15,10:40:00 PM,22:40:00,Cold-Dry,2013-05-15 22:40:00,5
16.03386332,-19.25164185,LA14,2013-05-15,11:00:00 PM,23:00:00,Cold-Dry,2013-05-15 23:00:00,5
16.03257955,-19.25222778,LA14,2013-05-15,11:20:00 PM,23:20:00,Cold-Dry,2013-05-15 23:20:00,5
16.03139954,-19.25264079,LA14,2013-05-15,11:40:00 PM,23:40:00,Cold-Dry,2013-05-15 23:40:00,5
16.03055623,-19.25224813,LA14,2013-05-16,12:00:00 AM,00:00:00,Cold-Dry,2013-05-16 00:00:00,5
16.0299113,-19.25213826,LA14,2013-05-16,12:20:00 AM,00:20:00,Cold-Dry,2013-05-16 00:20:00,5
16.02928874,-19.25314331,LA14,2013-05-16,12:40:00 AM,00:40:00,Cold-Dry,2013-05-16 00:40:00,5
16.02846171,-19.25368245,LA14,2013-05-16,01:00:00 AM,01:00:00,Cold-Dry,2013-05-16 01:00:00,5
16.02819722,-19.25379028,LA14,2013-05-16,01:20:00 AM,01:20:00,Cold-Dry,2013-05-16 01:20:00,5
16.02751973,-19.25362752,LA14,2013-05-16,01:40:00 AM,01:40:00,Cold-Dry,2013-05-16 01:40:00,5
16.02755941,-19.25366007,LA14,2013-05-16,02:00:00 AM,02:00:00,Cold-Dry,2013-05-16 02:00:00,5
16.02761027,-19.25371094,LA14,2013-05-16,02:20:00 AM,02:20:00,Cold-Dry,2013-05-16 02:20:00,5
16.0276001,-19.2537089,LA14,2013-05-16,02:40:00 AM,02:40:00,Cold-Dry,2013-05-16 02:40:00,5
16.02766825,-19.25369263,LA14,2013-05-16,03:01:00 AM,03:01:00,Cold-Dry,2013-05-16 03:01:00,5
16.02758179,-19.25368449,LA14,2013-05-16,03:20:00 AM,03:20:00,Cold-Dry,2013-05-16 03:20:00,5
16.02753092,-19.25366414,LA14,2013-05-16,03:40:00 AM,03:40:00,Cold-Dry,2013-05-16 03:40:00,5
16.02755127,-19.25361938,LA14,2013-05-16,04:00:00 AM,04:00:00,Cold-Dry,2013-05-16 04:00:00,5
16.02755941,-19.25363363,LA14,2013-05-16,04:20:00 AM,04:20:00,Cold-Dry,2013-05-16 04:20:00,5
16.02755737,-19.25365601,LA14,2013-05-16,04:40:00 AM,04:40:00,Cold-Dry,2013-05-16 04:40:00,5
16.02692464,-19.25402629,LA14,2013-05-16,05:00:00 AM,05:00:00,Cold-Dry,2013-05-16 05:00:00,5
16.02626546,-19.25444336,LA14,2013-05-16,05:20:00 AM,05:20:00,Cold-Dry,2013-05-16 05:20:00,5
16.02698059,-19.25639648,LA14,2013-05-16,05:40:00 AM,05:40:00,Cold-Dry,2013-05-16 05:40:00,5
16.02836304,-19.25675049,LA14,2013-05-16,06:00:00 AM,06:00:00,Cold-Dry,2013-05-16 06:00:00,5
16.03031209,-19.25661825,LA14,2013-05-16,06:20:00 AM,06:20:00,Cold-Dry,2013-05-16 06:20:00,5
16.03197835,-19.25638224,LA14,2013-05-16,06:40:00 AM,06:40:00,Cold-Dry,2013-05-16 06:40:00,5
16.03343608,-19.25623983,LA14,2013-05-16,07:00:00 AM,07:00:00,Cold-Dry,2013-05-16 07:00:00,5
16.03488261,-19.25620931,LA14,2013-05-16,07:20:00 AM,07:20:00,Cold-Dry,2013-05-16 07:20:00,5
16.03901571,-19.25651652,LA14,2013-05-16,07:40:00 AM,07:40:00,Cold-Dry,2013-05-16 07:40:00,5
16.0445282,-19.25587769,LA14,2013-05-16,08:00:00 AM,08:00:00,Cold-Dry,2013-05-16 08:00:00,5
16.04321391,-19.25676473,LA14,2013-05-16,08:20:00 AM,08:20:00,Cold-Dry,2013-05-16 08:20:00,5
16.04324646,-19.25777995,LA14,2013-05-16,08:40:00 AM,08:40:00,Cold-Dry,2013-05-16 08:40:00,5
16.04345398,-19.2575297,LA14,2013-05-16,09:00:00 AM,09:00:00,Cold-Dry,2013-05-16 09:00:00,5
16.04358012,-19.25674845,LA14,2013-05-16,09:20:00 AM,09:20:00,Cold-Dry,2013-05-16 09:20:00,5
16.04354757,-19.25610148,LA14,2013-05-16,09:40:00 AM,09:40:00,Cold-Dry,2013-05-16 09:40:00,5
16.04309591,-19.25505778,LA14,2013-05-16,10:00:00 AM,10:00:00,Cold-Dry,2013-05-16 10:00:00,5
16.04406637,-19.25361532,LA14,2013-05-16,10:20:00 AM,10:20:00,Cold-Dry,2013-05-16 10:20:00,5
16.04555054,-19.25271606,LA14,2013-05-16,10:40:00 AM,10:40:00,Cold-Dry,2013-05-16 10:40:00,5
16.04551493,-19.25272013,LA14,2013-05-16,11:00:00 AM,11:00:00,Cold-Dry,2013-05-16 11:00:00,5
16.04552612,-19.25272217,LA14,2013-05-16,11:20:00 AM,11:20:00,Cold-Dry,2013-05-16 11:20:00,5
16.04702454,-19.25078532,LA14,2013-05-16,11:40:00 AM,11:40:00,Cold-Dry,2013-05-16 11:40:00,5
16.04698181,-19.25059204,LA14,2013-05-16,12:00:00 PM,12:00:00,Cold-Dry,2013-05-16 12:00:00,5
16.04819438,-19.24942017,LA14,2013-05-16,12:20:00 PM,12:20:00,Cold-Dry,2013-05-16 12:20:00,5
16.04855245,-19.24784342,LA14,2013-05-16,12:40:00 PM,12:40:00,Cold-Dry,2013-05-16 12:40:00,5
16.04848633,-19.2477478,LA14,2013-05-16,01:00:00 PM,13:00:00,Cold-Dry,2013-05-16 13:00:00,5
16.04847107,-19.24774984,LA14,2013-05-16,01:20:00 PM,13:20:00,Cold-Dry,2013-05-16 13:20:00,5
16.04847412,-19.24775594,LA14,2013-05-16,01:40:00 PM,13:40:00,Cold-Dry,2013-05-16 13:40:00,5
16.04848836,-19.24774577,LA14,2013-05-16,02:00:00 PM,14:00:00,Cold-Dry,2013-05-16 14:00:00,5
16.04977519,-19.24697062,LA14,2013-05-16,02:20:00 PM,14:20:00,Cold-Dry,2013-05-16 14:20:00,5
16.05282694,-19.24265137,LA14,2013-05-16,02:40:00 PM,14:40:00,Cold-Dry,2013-05-16 14:40:00,5
16.05470174,-19.23816528,LA14,2013-05-16,03:00:00 PM,15:00:00,Cold-Dry,2013-05-16 15:00:00,5
16.05557861,-19.23315633,LA14,2013-05-16,03:20:00 PM,15:20:00,Cold-Dry,2013-05-16 15:20:00,5
16.05678609,-19.2288798,LA14,2013-05-16,03:40:00 PM,15:40:00,Cold-Dry,2013-05-16 15:40:00,5
16.05988363,-19.21941732,LA14,2013-05-16,04:00:00 PM,16:00:00,Cold-Dry,2013-05-16 16:00:00,5
16.05866089,-19.21353149,LA14,2013-05-16,04:20:00 PM,16:20:00,Cold-Dry,2013-05-16 16:20:00,5
16.05896708,-19.21345011,LA14,2013-05-16,04:40:00 PM,16:40:00,Cold-Dry,2013-05-16 16:40:00,5
16.0572703,-19.2151123,LA14,2013-05-16,05:00:00 PM,17:00:00,Cold-Dry,2013-05-16 17:00:00,5
16.05233154,-19.22051595,LA14,2013-05-16,05:20:00 PM,17:20:00,Cold-Dry,2013-05-16 17:20:00,5
16.04657389,-19.22636922,LA14,2013-05-16,05:40:00 PM,17:40:00,Cold-Dry,2013-05-16 17:40:00,5
16.04060059,-19.2303833,LA14,2013-05-16,06:00:00 PM,18:00:00,Cold-Dry,2013-05-16 18:00:00,5
16.03185527,-19.23486328,LA14,2013-05-16,06:20:00 PM,18:20:00,Cold-Dry,2013-05-16 18:20:00,5
16.02940776,-19.23774414,LA14,2013-05-16,06:40:00 PM,18:40:00,Cold-Dry,2013-05-16 18:40:00,5
16.02698161,-19.24139608,LA14,2013-05-16,07:00:00 PM,19:00:00,Cold-Dry,2013-05-16 19:00:00,5
16.02499288,-19.2429362,LA14,2013-05-16,07:20:00 PM,19:20:00,Cold-Dry,2013-05-16 19:20:00,5
16.02248128,-19.24419759,LA14,2013-05-16,07:40:00 PM,19:40:00,Cold-Dry,2013-05-16 19:40:00,5
16.02161458,-19.24494832,LA14,2013-05-16,08:00:00 PM,20:00:00,Cold-Dry,2013-05-16 20:00:00,5
16.02120361,-19.24546509,LA14,2013-05-16,08:20:00 PM,20:20:00,Cold-Dry,2013-05-16 20:20:00,5
16.02122396,-19.24710083,LA14,2013-05-16,08:40:00 PM,20:40:00,Cold-Dry,2013-05-16 20:40:00,5
16.02115784,-19.24810791,LA14,2013-05-16,09:00:00 PM,21:00:00,Cold-Dry,2013-05-16 21:00:00,5
16.0215037,-19.24995117,LA14,2013-05-16,09:20:00 PM,21:20:00,Cold-Dry,2013-05-16 21:20:00,5
16.02183634,-19.25159912,LA14,2013-05-16,09:40:00 PM,21:40:00,Cold-Dry,2013-05-16 21:40:00,5
16.02193604,-19.25241292,LA14,2013-05-16,10:00:00 PM,22:00:00,Cold-Dry,2013-05-16 22:00:00,5
16.02180786,-19.25288696,LA14,2013-05-16,10:20:00 PM,22:20:00,Cold-Dry,2013-05-16 22:20:00,5
16.02207031,-19.25359904,LA14,2013-05-16,10:40:00 PM,22:40:00,Cold-Dry,2013-05-16 22:40:00,5
16.0223938,-19.25383504,LA14,2013-05-16,11:00:00 PM,23:00:00,Cold-Dry,2013-05-16 23:00:00,5
16.02278849,-19.25557454,LA14,2013-05-16,11:20:00 PM,23:20:00,Cold-Dry,2013-05-16 23:20:00,5
16.02307231,-19.25603231,LA14,2013-05-16,11:40:00 PM,23:40:00,Cold-Dry,2013-05-16 23:40:00,5
16.02300313,-19.25605062,LA14,2013-05-17,12:00:00 AM,00:00:00,Cold-Dry,2013-05-17 00:00:00,5
16.02305806,-19.25608114,LA14,2013-05-17,12:20:00 AM,00:20:00,Cold-Dry,2013-05-17 00:20:00,5
16.0230306,-19.25608317,LA14,2013-05-17,12:40:00 AM,00:40:00,Cold-Dry,2013-05-17 00:40:00,5
16.02297872,-19.25604451,LA14,2013-05-17,01:00:00 AM,01:00:00,Cold-Dry,2013-05-17 01:00:00,5
16.02306722,-19.25611369,LA14,2013-05-17,01:20:00 AM,01:20:00,Cold-Dry,2013-05-17 01:20:00,5
16.02296549,-19.25608724,LA14,2013-05-17,01:40:00 AM,01:40:00,Cold-Dry,2013-05-17 01:40:00,5
16.023054,-19.256073,LA14,2013-05-17,02:00:00 AM,02:00:00,Cold-Dry,2013-05-17 02:00:00,5
16.02298279,-19.25607503,LA14,2013-05-17,02:20:00 AM,02:20:00,Cold-Dry,2013-05-17 02:20:00,5
16.02309062,-19.25621134,LA14,2013-05-17,02:40:00 AM,02:40:00,Cold-Dry,2013-05-17 02:40:00,5
16.02347616,-19.25651245,LA14,2013-05-17,03:00:00 AM,03:00:00,Cold-Dry,2013-05-17 03:00:00,5
16.02402751,-19.25725911,LA14,2013-05-17,03:20:00 AM,03:20:00,Cold-Dry,2013-05-17 03:20:00,5
16.02491557,-19.25818278,LA14,2013-05-17,03:40:00 AM,03:40:00,Cold-Dry,2013-05-17 03:40:00,5
16.0252299,-19.25828451,LA14,2013-05-17,04:00:00 AM,04:00:00,Cold-Dry,2013-05-17 04:00:00,5
16.0252533,-19.25842896,LA14,2013-05-17,04:20:00 AM,04:20:00,Cold-Dry,2013-05-17 04:20:00,5
16.02553914,-19.25823161,LA14,2013-05-17,04:40:00 AM,04:40:00,Cold-Dry,2013-05-17 04:40:00,5
16.02592875,-19.25842692,LA14,2013-05-17,05:00:00 AM,05:00:00,Cold-Dry,2013-05-17 05:00:00,5
16.02798971,-19.25875854,LA14,2013-05-17,05:20:00 AM,05:20:00,Cold-Dry,2013-05-17 05:20:00,5
16.02827454,-19.25833944,LA14,2013-05-17,05:40:00 AM,05:40:00,Cold-Dry,2013-05-17 05:40:00,5
16.02911479,-19.25844523,LA14,2013-05-17,06:00:00 AM,06:00:00,Cold-Dry,2013-05-17 06:00:00,5
16.03067017,-19.25858765,LA14,2013-05-17,06:20:00 AM,06:20:00,Cold-Dry,2013-05-17 06:20:00,5
16.03174947,-19.25838013,LA14,2013-05-17,06:40:00 AM,06:40:00,Cold-Dry,2013-05-17 06:40:00,5
16.03318888,-19.25748494,LA14,2013-05-17,07:00:00 AM,07:00:00,Cold-Dry,2013-05-17 07:00:00,5
16.03365987,-19.25737712,LA14,2013-05-17,07:20:00 AM,07:20:00,Cold-Dry,2013-05-17 07:20:00,5
16.03483582,-19.25750326,LA14,2013-05-17,07:40:00 AM,07:40:00,Cold-Dry,2013-05-17 07:40:00,5
16.03616028,-19.25708211,LA14,2013-05-17,08:00:00 AM,08:00:00,Cold-Dry,2013-05-17 08:00:00,5
16.03667704,-19.2567098,LA14,2013-05-17,08:20:00 AM,08:20:00,Cold-Dry,2013-05-17 08:20:00,5
16.03667094,-19.25674845,LA14,2013-05-17,08:40:00 AM,08:40:00,Cold-Dry,2013-05-17 08:40:00,5
16.03673299,-19.25630493,LA14,2013-05-17,09:00:00 AM,09:00:00,Cold-Dry,2013-05-17 09:00:00,5
16.03672587,-19.25629069,LA14,2013-05-17,09:20:00 AM,09:20:00,Cold-Dry,2013-05-17 09:20:00,5
16.03678487,-19.25623169,LA14,2013-05-17,09:40:00 AM,09:40:00,Cold-Dry,2013-05-17 09:40:00,5
16.03658346,-19.25524089,LA14,2013-05-17,10:00:00 AM,10:00:00,Cold-Dry,2013-05-17 10:00:00,5
16.03707581,-19.25427653,LA14,2013-05-17,10:20:00 AM,10:20:00,Cold-Dry,2013-05-17 10:20:00,5
16.03779297,-19.25307007,LA14,2013-05-17,10:40:00 AM,10:40:00,Cold-Dry,2013-05-17 10:40:00,5
16.03805847,-19.25236613,LA14,2013-05-17,11:00:00 AM,11:00:00,Cold-Dry,2013-05-17 11:00:00,5
16.03921916,-19.25277303,LA14,2013-05-17,11:20:00 AM,11:20:00,Cold-Dry,2013-05-17 11:20:00,5
16.04063009,-19.25442505,LA14,2013-05-17,11:40:00 AM,11:40:00,Cold-Dry,2013-05-17 11:40:00,5
16.04440104,-19.25573527,LA14,2013-05-17,12:00:00 PM,12:00:00,Cold-Dry,2013-05-17 12:00:00,5
16.04519145,-19.25435384,LA14,2013-05-17,12:20:00 PM,12:20:00,Cold-Dry,2013-05-17 12:20:00,5
16.04576314,-19.25307617,LA14,2013-05-17,12:40:00 PM,12:40:00,Cold-Dry,2013-05-17 12:40:00,5
16.04598999,-19.25213013,LA14,2013-05-17,01:00:00 PM,13:00:00,Cold-Dry,2013-05-17 13:00:00,5
16.0460083,-19.24950155,LA14,2013-05-17,01:20:00 PM,13:20:00,Cold-Dry,2013-05-17 13:20:00,5
16.04599813,-19.24842122,LA14,2013-05-17,01:40:00 PM,13:40:00,Cold-Dry,2013-05-17 13:40:00,5
16.04707438,-19.24628906,LA14,2013-05-17,02:00:00 PM,14:00:00,Cold-Dry,2013-05-17 14:00:00,5
16.04757792,-19.24449463,LA14,2013-05-17,02:20:00 PM,14:20:00,Cold-Dry,2013-05-17 14:20:00,5
16.04910787,-19.24364624,LA14,2013-05-17,02:40:00 PM,14:40:00,Cold-Dry,2013-05-17 14:40:00,5
16.05126241,-19.24045207,LA14,2013-05-17,03:00:00 PM,15:00:00,Cold-Dry,2013-05-17 15:00:00,5
16.0530599,-19.23536987,LA14,2013-05-17,03:20:00 PM,15:20:00,Cold-Dry,2013-05-17 15:20:00,5
16.05425313,-19.23182576,LA14,2013-05-17,03:40:00 PM,15:40:00,Cold-Dry,2013-05-17 15:40:00,5
16.05529582,-19.22610881,LA14,2013-05-17,04:00:00 PM,16:00:00,Cold-Dry,2013-05-17 16:00:00,5
16.0568278,-19.21545207,LA14,2013-05-17,04:20:00 PM,16:20:00,Cold-Dry,2013-05-17 16:20:00,5
16.05885722,-19.21344808,LA14,2013-05-17,04:40:00 PM,16:40:00,Cold-Dry,2013-05-17 16:40:00,5
16.05905151,-19.21311035,LA14,2013-05-17,05:00:00 PM,17:00:00,Cold-Dry,2013-05-17 17:00:00,5
16.05923564,-19.21323649,LA14,2013-05-17,05:20:00 PM,17:20:00,Cold-Dry,2013-05-17 17:20:00,5
16.06241048,-19.21783244,LA14,2013-05-17,05:40:00 PM,17:40:00,Cold-Dry,2013-05-17 17:40:00,5
16.06643372,-19.22478434,LA14,2013-05-17,06:00:00 PM,18:00:00,Cold-Dry,2013-05-17 18:00:00,5
16.07043355,-19.22801514,LA14,2013-05-17,06:20:00 PM,18:20:00,Cold-Dry,2013-05-17 18:20:00,5
16.07161153,-19.22891032,LA14,2013-05-17,06:40:00 PM,18:40:00,Cold-Dry,2013-05-17 18:40:00,5
16.07430725,-19.23123983,LA14,2013-05-17,07:00:00 PM,19:00:00,Cold-Dry,2013-05-17 19:00:00,5
16.07767131,-19.23405151,LA14,2013-05-17,07:20:00 PM,19:20:00,Cold-Dry,2013-05-17 19:20:00,5
16.07986043,-19.23732503,LA14,2013-05-17,07:40:00 PM,19:40:00,Cold-Dry,2013-05-17 19:40:00,5
16.07994588,-19.23756714,LA14,2013-05-17,08:00:00 PM,20:00:00,Cold-Dry,2013-05-17 20:00:00,5
16.08099365,-19.23820801,LA14,2013-05-17,08:20:00 PM,20:20:00,Cold-Dry,2013-05-17 20:20:00,5
16.08172607,-19.23883667,LA14,2013-05-17,08:40:00 PM,20:40:00,Cold-Dry,2013-05-17 20:40:00,5
16.08211568,-19.23878377,LA14,2013-05-17,09:00:00 PM,21:00:00,Cold-Dry,2013-05-17 21:00:00,5
16.08266093,-19.23872884,LA14,2013-05-17,09:20:00 PM,21:20:00,Cold-Dry,2013-05-17 21:20:00,5
16.08305969,-19.23890177,LA14,2013-05-17,09:40:00 PM,21:40:00,Cold-Dry,2013-05-17 21:40:00,5
16.0837443,-19.23850911,LA14,2013-05-17,10:00:00 PM,22:00:00,Cold-Dry,2013-05-17 22:00:00,5
16.08460693,-19.23802694,LA14,2013-05-17,10:20:00 PM,22:20:00,Cold-Dry,2013-05-17 22:20:00,5
16.08575439,-19.23775431,LA14,2013-05-17,10:40:00 PM,22:40:00,Cold-Dry,2013-05-17 22:40:00,5
16.08673604,-19.23824056,LA14,2013-05-17,11:00:00 PM,23:00:00,Cold-Dry,2013-05-17 23:00:00,5
16.08738708,-19.2384257,LA14,2013-05-17,11:20:00 PM,23:20:00,Cold-Dry,2013-05-17 23:20:00,5
16.08753153,-19.23851725,LA14,2013-05-17,11:40:00 PM,23:40:00,Cold-Dry,2013-05-17 23:40:00,5
16.08881429,-19.23817139,LA14,2013-05-18,12:00:00 AM,00:00:00,Cold-Dry,2013-05-18 00:00:00,5
16.08907572,-19.23821004,LA14,2013-05-18,12:20:00 AM,00:20:00,Cold-Dry,2013-05-18 00:20:00,5
16.08907878,-19.23821208,LA14,2013-05-18,12:40:00 AM,00:40:00,Cold-Dry,2013-05-18 00:40:00,5
16.08906555,-19.23821411,LA14,2013-05-18,01:00:00 AM,01:00:00,Cold-Dry,2013-05-18 01:00:00,5
16.08908793,-19.23822428,LA14,2013-05-18,01:20:00 AM,01:20:00,Cold-Dry,2013-05-18 01:20:00,5
16.08905029,-19.23821818,LA14,2013-05-18,01:40:00 AM,01:40:00,Cold-Dry,2013-05-18 01:40:00,5
16.09024658,-19.23790487,LA14,2013-05-18,02:00:00 AM,02:00:00,Cold-Dry,2013-05-18 02:00:00,5
16.09143168,-19.23728434,LA14,2013-05-18,02:20:00 AM,02:20:00,Cold-Dry,2013-05-18 02:20:00,5
16.09250081,-19.23696899,LA14,2013-05-18,02:40:00 AM,02:40:00,Cold-Dry,2013-05-18 02:40:00,5
16.0929952,-19.23640747,LA14,2013-05-18,03:00:00 AM,03:00:00,Cold-Dry,2013-05-18 03:00:00,5
16.09312236,-19.23638306,LA14,2013-05-18,03:20:00 AM,03:20:00,Cold-Dry,2013-05-18 03:20:00,5
16.09311218,-19.23641561,LA14,2013-05-18,03:40:00 AM,03:40:00,Cold-Dry,2013-05-18 03:40:00,5
16.09311625,-19.23641154,LA14,2013-05-18,04:00:00 AM,04:00:00,Cold-Dry,2013-05-18 04:00:00,5
16.09309184,-19.23639933,LA14,2013-05-18,04:20:00 AM,04:20:00,Cold-Dry,2013-05-18 04:20:00,5
16.09309184,-19.23637492,LA14,2013-05-18,04:40:00 AM,04:40:00,Cold-Dry,2013-05-18 04:40:00,5
16.09324646,-19.23603109,LA14,2013-05-18,05:00:00 AM,05:00:00,Cold-Dry,2013-05-18 05:00:00,5
16.09313049,-19.23548991,LA14,2013-05-18,05:20:00 AM,05:20:00,Cold-Dry,2013-05-18 05:20:00,5
16.093514,-19.23445435,LA14,2013-05-18,05:40:00 AM,05:40:00,Cold-Dry,2013-05-18 05:40:00,5
16.09381714,-19.23417155,LA14,2013-05-18,06:00:00 AM,06:00:00,Cold-Dry,2013-05-18 06:00:00,5
16.0962148,-19.23294474,LA14,2013-05-18,06:20:00 AM,06:20:00,Cold-Dry,2013-05-18 06:20:00,5
16.09758199,-19.23266398,LA14,2013-05-18,06:40:00 AM,06:40:00,Cold-Dry,2013-05-18 06:40:00,5
16.1005717,-19.23168132,LA14,2013-05-18,07:00:00 AM,07:00:00,Cold-Dry,2013-05-18 07:00:00,5
16.10107015,-19.23172404,LA14,2013-05-18,07:20:00 AM,07:20:00,Cold-Dry,2013-05-18 07:20:00,5
16.10202942,-19.23149618,LA14,2013-05-18,07:40:00 AM,07:40:00,Cold-Dry,2013-05-18 07:40:00,5
16.10368144,-19.23204549,LA14,2013-05-18,08:00:00 AM,08:00:00,Cold-Dry,2013-05-18 08:00:00,5
16.10551147,-19.23266805,LA14,2013-05-18,08:20:00 AM,08:20:00,Cold-Dry,2013-05-18 08:20:00,5
16.1065745,-19.23297119,LA14,2013-05-18,08:40:00 AM,08:40:00,Cold-Dry,2013-05-18 08:40:00,5
16.10808512,-19.2335144,LA14,2013-05-18,09:00:00 AM,09:00:00,Cold-Dry,2013-05-18 09:00:00,5
16.10896403,-19.23377686,LA14,2013-05-18,09:20:00 AM,09:20:00,Cold-Dry,2013-05-18 09:20:00,5
16.11165975,-19.23407593,LA14,2013-05-18,09:40:00 AM,09:40:00,Cold-Dry,2013-05-18 09:40:00,5
16.1144633,-19.2340861,LA14,2013-05-18,10:00:00 AM,10:00:00,Cold-Dry,2013-05-18 10:00:00,5
16.11647034,-19.23386434,LA14,2013-05-18,10:20:00 AM,10:20:00,Cold-Dry,2013-05-18 10:20:00,5
16.12382914,-19.23444214,LA14,2013-05-18,10:40:00 AM,10:40:00,Cold-Dry,2013-05-18 10:40:00,5
16.13045044,-19.23786418,LA14,2013-05-18,11:00:00 AM,11:00:00,Cold-Dry,2013-05-18 11:00:00,5
16.13159485,-19.23860067,LA14,2013-05-18,11:20:00 AM,11:20:00,Cold-Dry,2013-05-18 11:20:00,5
16.13157349,-19.23858439,LA14,2013-05-18,11:40:00 AM,11:40:00,Cold-Dry,2013-05-18 11:40:00,5
16.13157552,-19.23859456,LA14,2013-05-18,12:00:00 PM,12:00:00,Cold-Dry,2013-05-18 12:00:00,5
16.13121541,-19.23674113,LA14,2013-05-18,12:20:00 PM,12:20:00,Cold-Dry,2013-05-18 12:20:00,5
16.13083293,-19.23540243,LA14,2013-05-18,12:40:00 PM,12:40:00,Cold-Dry,2013-05-18 12:40:00,5
16.13058268,-19.23470866,LA14,2013-05-18,01:00:00 PM,13:00:00,Cold-Dry,2013-05-18 13:00:00,5
16.13041484,-19.23458252,LA14,2013-05-18,01:20:00 PM,13:20:00,Cold-Dry,2013-05-18 13:20:00,5
16.13054911,-19.23505656,LA14,2013-05-18,01:40:00 PM,13:40:00,Cold-Dry,2013-05-18 13:40:00,5
16.13079631,-19.23508708,LA14,2013-05-18,02:00:00 PM,14:00:00,Cold-Dry,2013-05-18 14:00:00,5
16.13074341,-19.2352417,LA14,2013-05-18,02:20:00 PM,14:20:00,Cold-Dry,2013-05-18 14:20:00,5
16.12990519,-19.23551636,LA14,2013-05-18,02:40:00 PM,14:40:00,Cold-Dry,2013-05-18 14:40:00,5
16.12949422,-19.23550618,LA14,2013-05-18,03:00:00 PM,15:00:00,Cold-Dry,2013-05-18 15:00:00,5
16.12960205,-19.23604126,LA14,2013-05-18,03:20:00 PM,15:20:00,Cold-Dry,2013-05-18 15:20:00,5
16.13137512,-19.23844401,LA14,2013-05-18,03:40:00 PM,15:40:00,Cold-Dry,2013-05-18 15:40:00,5
16.13172709,-19.23847249,LA14,2013-05-18,04:00:00 PM,16:00:00,Cold-Dry,2013-05-18 16:00:00,5
16.12732646,-19.23870239,LA14,2013-05-18,04:20:00 PM,16:20:00,Cold-Dry,2013-05-18 16:20:00,5
16.12703451,-19.23878174,LA14,2013-05-18,04:40:00 PM,16:40:00,Cold-Dry,2013-05-18 16:40:00,5
16.12665609,-19.23882853,LA14,2013-05-18,05:00:00 PM,17:00:00,Cold-Dry,2013-05-18 17:00:00,5
16.1255839,-19.23895671,LA14,2013-05-18,05:20:00 PM,17:20:00,Cold-Dry,2013-05-18 17:20:00,5
16.12016805,-19.23959757,LA14,2013-05-18,05:40:00 PM,17:40:00,Cold-Dry,2013-05-18 17:40:00,5
16.11409709,-19.24200033,LA14,2013-05-18,06:00:00 PM,18:00:00,Cold-Dry,2013-05-18 18:00:00,5
16.11242269,-19.24269206,LA14,2013-05-18,06:20:00 PM,18:20:00,Cold-Dry,2013-05-18 18:20:00,5
16.11175232,-19.24384155,LA14,2013-05-18,06:40:00 PM,18:40:00,Cold-Dry,2013-05-18 18:40:00,5
16.11068014,-19.24425252,LA14,2013-05-18,07:00:00 PM,19:00:00,Cold-Dry,2013-05-18 19:00:00,5
16.11032104,-19.24509888,LA14,2013-05-18,07:20:00 PM,19:20:00,Cold-Dry,2013-05-18 19:20:00,5
16.11027222,-19.24547729,LA14,2013-05-18,07:40:00 PM,19:40:00,Cold-Dry,2013-05-18 19:40:00,5
16.10992533,-19.24617513,LA14,2013-05-18,08:00:00 PM,20:00:00,Cold-Dry,2013-05-18 20:00:00,5
16.10918579,-19.2468811,LA14,2013-05-18,08:20:00 PM,20:20:00,Cold-Dry,2013-05-18 20:20:00,5
16.10894572,-19.24747925,LA14,2013-05-18,08:40:00 PM,20:40:00,Cold-Dry,2013-05-18 20:40:00,5
16.10894063,-19.24743856,LA14,2013-05-18,09:00:00 PM,21:00:00,Cold-Dry,2013-05-18 21:00:00,5
16.10893656,-19.2474528,LA14,2013-05-18,09:20:00 PM,21:20:00,Cold-Dry,2013-05-18 21:20:00,5
16.10876973,-19.24799601,LA14,2013-05-18,09:40:00 PM,21:40:00,Cold-Dry,2013-05-18 21:40:00,5
16.10899658,-19.2481547,LA14,2013-05-18,10:00:00 PM,22:00:00,Cold-Dry,2013-05-18 22:00:00,5
16.10889079,-19.24828084,LA14,2013-05-18,10:20:00 PM,22:20:00,Cold-Dry,2013-05-18 22:20:00,5
16.1088857,-19.24845581,LA14,2013-05-18,10:40:00 PM,22:40:00,Cold-Dry,2013-05-18 22:40:00,5
16.10862427,-19.2487915,LA14,2013-05-18,11:00:00 PM,23:00:00,Cold-Dry,2013-05-18 23:00:00,5
16.10844116,-19.24886882,LA14,2013-05-18,11:20:00 PM,23:20:00,Cold-Dry,2013-05-18 23:20:00,5
16.10822957,-19.24885254,LA14,2013-05-18,11:40:00 PM,23:40:00,Cold-Dry,2013-05-18 23:40:00,5
16.10805766,-19.24897257,LA14,2013-05-19,12:00:00 AM,00:00:00,Cold-Dry,2013-05-19 00:00:00,5
16.10767517,-19.2493042,LA14,2013-05-19,12:20:00 AM,00:20:00,Cold-Dry,2013-05-19 00:20:00,5
16.10765991,-19.24932454,LA14,2013-05-19,12:40:00 AM,00:40:00,Cold-Dry,2013-05-19 00:40:00,5
16.10764771,-19.24933472,LA14,2013-05-19,01:00:00 AM,01:00:00,Cold-Dry,2013-05-19 01:00:00,5
16.10766703,-19.24933268,LA14,2013-05-19,01:20:00 AM,01:20:00,Cold-Dry,2013-05-19 01:20:00,5
16.10765177,-19.24933268,LA14,2013-05-19,01:40:00 AM,01:40:00,Cold-Dry,2013-05-19 01:40:00,5
16.10764364,-19.24932658,LA14,2013-05-19,02:00:00 AM,02:00:00,Cold-Dry,2013-05-19 02:00:00,5
16.10765788,-19.24933675,LA14,2013-05-19,02:20:00 AM,02:20:00,Cold-Dry,2013-05-19 02:20:00,5
16.10767008,-19.24934489,LA14,2013-05-19,02:40:00 AM,02:40:00,Cold-Dry,2013-05-19 02:40:00,5
16.10767314,-19.24932454,LA14,2013-05-19,03:00:00 AM,03:00:00,Cold-Dry,2013-05-19 03:00:00,5
16.10764465,-19.24933879,LA14,2013-05-19,03:20:00 AM,03:20:00,Cold-Dry,2013-05-19 03:20:00,5
16.10765076,-19.24933879,LA14,2013-05-19,03:40:00 AM,03:40:00,Cold-Dry,2013-05-19 03:40:00,5
16.10765279,-19.24933472,LA14,2013-05-19,04:00:00 AM,04:00:00,Cold-Dry,2013-05-19 04:00:00,5
16.10764058,-19.24933268,LA14,2013-05-19,04:20:00 AM,04:20:00,Cold-Dry,2013-05-19 04:20:00,5
16.10765177,-19.24952393,LA14,2013-05-19,04:40:00 AM,04:40:00,Cold-Dry,2013-05-19 04:40:00,5
16.10759888,-19.2496521,LA14,2013-05-19,05:00:00 AM,05:00:00,Cold-Dry,2013-05-19 05:00:00,5
16.10762838,-19.24994303,LA14,2013-05-19,05:20:00 AM,05:20:00,Cold-Dry,2013-05-19 05:20:00,5
16.10840658,-19.24968262,LA14,2013-05-19,05:40:00 AM,05:40:00,Cold-Dry,2013-05-19 05:40:00,5
16.10836182,-19.24943034,LA14,2013-05-19,06:00:00 AM,06:00:00,Cold-Dry,2013-05-19 06:00:00,5
16.10842285,-19.24812012,LA14,2013-05-19,06:20:00 AM,06:20:00,Cold-Dry,2013-05-19 06:20:00,5
16.10912577,-19.24781087,LA14,2013-05-19,06:40:00 AM,06:40:00,Cold-Dry,2013-05-19 06:40:00,5
16.11032511,-19.24712524,LA14,2013-05-19,07:00:00 AM,07:00:00,Cold-Dry,2013-05-19 07:00:00,5
16.11107381,-19.24722087,LA14,2013-05-19,07:20:00 AM,07:20:00,Cold-Dry,2013-05-19 07:20:00,5
16.11176961,-19.24683024,LA14,2013-05-19,07:40:00 AM,07:40:00,Cold-Dry,2013-05-19 07:40:00,5
16.11239624,-19.24558309,LA14,2013-05-19,08:00:00 AM,08:00:00,Cold-Dry,2013-05-19 08:00:00,5
16.11332906,-19.24446004,LA14,2013-05-19,08:20:00 AM,08:20:00,Cold-Dry,2013-05-19 08:20:00,5
16.11377869,-19.24390462,LA14,2013-05-19,08:40:00 AM,08:40:00,Cold-Dry,2013-05-19 08:40:00,5
16.11489054,-19.243809,LA14,2013-05-19,09:00:00 AM,09:00:00,Cold-Dry,2013-05-19 09:00:00,5
16.11563416,-19.24351603,LA14,2013-05-19,09:20:00 AM,09:20:00,Cold-Dry,2013-05-19 09:20:00,5
16.11677348,-19.24313761,LA14,2013-05-19,09:40:00 AM,09:40:00,Cold-Dry,2013-05-19 09:40:00,5
16.11797384,-19.24303996,LA14,2013-05-19,10:00:00 AM,10:00:00,Cold-Dry,2013-05-19 10:00:00,5
16.11808065,-19.24309489,LA14,2013-05-19,10:20:00 AM,10:20:00,Cold-Dry,2013-05-19 10:20:00,5
16.11950989,-19.24263916,LA14,2013-05-19,10:40:00 AM,10:40:00,Cold-Dry,2013-05-19 10:40:00,5
16.12298279,-19.24158936,LA14,2013-05-19,11:00:00 AM,11:00:00,Cold-Dry,2013-05-19 11:00:00,5
16.12896016,-19.23938395,LA14,2013-05-19,11:20:00 AM,11:20:00,Cold-Dry,2013-05-19 11:20:00,5
16.13171692,-19.23868205,LA14,2013-05-19,11:40:00 AM,11:40:00,Cold-Dry,2013-05-19 11:40:00,5
16.13184611,-19.23846842,LA14,2013-05-19,12:00:00 PM,12:00:00,Cold-Dry,2013-05-19 12:00:00,5
16.13178101,-19.23842773,LA14,2013-05-19,12:20:00 PM,12:20:00,Cold-Dry,2013-05-19 12:20:00,5
16.13170776,-19.23838298,LA14,2013-05-19,12:40:00 PM,12:40:00,Cold-Dry,2013-05-19 12:40:00,5
16.13140462,-19.23850708,LA14,2013-05-19,01:00:00 PM,13:00:00,Cold-Dry,2013-05-19 13:00:00,5
16.12899272,-19.23679403,LA14,2013-05-19,01:20:00 PM,13:20:00,Cold-Dry,2013-05-19 13:20:00,5
16.12738647,-19.23589478,LA14,2013-05-19,01:40:00 PM,13:40:00,Cold-Dry,2013-05-19 13:40:00,5
16.12596334,-19.23532715,LA14,2013-05-19,02:00:00 PM,14:00:00,Cold-Dry,2013-05-19 14:00:00,5
16.12579549,-19.23523966,LA14,2013-05-19,02:20:00 PM,14:20:00,Cold-Dry,2013-05-19 14:20:00,5
16.12557475,-19.23505046,LA14,2013-05-19,02:40:00 PM,14:40:00,Cold-Dry,2013-05-19 14:40:00,5
16.12308248,-19.2342041,LA14,2013-05-19,03:00:00 PM,15:00:00,Cold-Dry,2013-05-19 15:00:00,5
16.12235616,-19.23352254,LA14,2013-05-19,03:20:00 PM,15:20:00,Cold-Dry,2013-05-19 15:20:00,5
16.12202861,-19.23339437,LA14,2013-05-19,03:40:00 PM,15:40:00,Cold-Dry,2013-05-19 15:40:00,5
16.12023926,-19.23266195,LA14,2013-05-19,04:00:00 PM,16:00:00,Cold-Dry,2013-05-19 16:00:00,5
16.1193573,-19.23232829,LA14,2013-05-19,04:20:00 PM,16:20:00,Cold-Dry,2013-05-19 16:20:00,5
16.11863505,-19.23244019,LA14,2013-05-19,04:40:00 PM,16:40:00,Cold-Dry,2013-05-19 16:40:00,5
16.11859639,-19.23280436,LA14,2013-05-19,05:00:00 PM,17:00:00,Cold-Dry,2013-05-19 17:00:00,5
16.1184021,-19.23268026,LA14,2013-05-19,05:20:00 PM,17:20:00,Cold-Dry,2013-05-19 17:20:00,5
16.11768087,-19.23283895,LA14,2013-05-19,05:40:00 PM,17:40:00,Cold-Dry,2013-05-19 17:40:00,5
16.11760966,-19.23284912,LA14,2013-05-19,06:00:00 PM,18:00:00,Cold-Dry,2013-05-19 18:00:00,5
16.11714884,-19.23248291,LA14,2013-05-19,06:20:00 PM,18:20:00,Cold-Dry,2013-05-19 18:20:00,5
16.11649679,-19.23198446,LA14,2013-05-19,06:40:00 PM,18:40:00,Cold-Dry,2013-05-19 18:40:00,5
16.11597493,-19.23213501,LA14,2013-05-19,07:00:00 PM,19:00:00,Cold-Dry,2013-05-19 19:00:00,5
16.11507975,-19.23278198,LA14,2013-05-19,07:20:00 PM,19:20:00,Cold-Dry,2013-05-19 19:20:00,5
16.11395671,-19.2326416,LA14,2013-05-19,07:40:00 PM,19:40:00,Cold-Dry,2013-05-19 19:40:00,5
16.1133372,-19.23262329,LA14,2013-05-19,08:00:00 PM,20:00:00,Cold-Dry,2013-05-19 20:00:00,5
16.11045939,-19.23237101,LA14,2013-05-19,08:20:00 PM,20:20:00,Cold-Dry,2013-05-19 20:20:00,5
16.10911357,-19.23228963,LA14,2013-05-19,08:40:00 PM,20:40:00,Cold-Dry,2013-05-19 20:40:00,5
16.10820007,-19.23131714,LA14,2013-05-19,09:00:00 PM,21:00:00,Cold-Dry,2013-05-19 21:00:00,5
16.10730082,-19.23047892,LA14,2013-05-19,09:20:00 PM,21:20:00,Cold-Dry,2013-05-19 21:20:00,5
16.10696716,-19.23035278,LA14,2013-05-19,09:40:00 PM,21:40:00,Cold-Dry,2013-05-19 21:40:00,5
16.10675863,-19.23033447,LA14,2013-05-19,10:00:00 PM,22:00:00,Cold-Dry,2013-05-19 22:00:00,5
16.10657247,-19.22987671,LA14,2013-05-19,10:20:00 PM,22:20:00,Cold-Dry,2013-05-19 22:20:00,5
16.10597432,-19.22924194,LA14,2013-05-19,10:40:00 PM,22:40:00,Cold-Dry,2013-05-19 22:40:00,5
16.10603027,-19.22908732,LA14,2013-05-19,11:00:00 PM,23:00:00,Cold-Dry,2013-05-19 23:00:00,5
16.10616455,-19.2290446,LA14,2013-05-19,11:20:00 PM,23:20:00,Cold-Dry,2013-05-19 23:20:00,5
16.1062144,-19.22910156,LA14,2013-05-19,11:40:00 PM,23:40:00,Cold-Dry,2013-05-19 23:40:00,5
16.10599264,-19.22927653,LA14,2013-05-20,12:00:00 AM,00:00:00,Cold-Dry,2013-05-20 00:00:00,5
16.10598348,-19.2292745,LA14,2013-05-20,12:20:00 AM,00:20:00,Cold-Dry,2013-05-20 00:20:00,5
16.10596313,-19.2292867,LA14,2013-05-20,12:40:00 AM,00:40:00,Cold-Dry,2013-05-20 00:40:00,5
16.10596415,-19.22929281,LA14,2013-05-20,01:00:00 AM,01:00:00,Cold-Dry,2013-05-20 01:00:00,5
16.10598653,-19.22927653,LA14,2013-05-20,01:20:00 AM,01:20:00,Cold-Dry,2013-05-20 01:20:00,5
16.10598857,-19.22927246,LA14,2013-05-20,01:40:00 AM,01:40:00,Cold-Dry,2013-05-20 01:40:00,5
16.10599569,-19.22926636,LA14,2013-05-20,02:00:00 AM,02:00:00,Cold-Dry,2013-05-20 02:00:00,5
16.10598755,-19.22926839,LA14,2013-05-20,02:20:00 AM,02:20:00,Cold-Dry,2013-05-20 02:20:00,5
16.1059967,-19.22925822,LA14,2013-05-20,02:40:00 AM,02:40:00,Cold-Dry,2013-05-20 02:40:00,5
16.10552673,-19.22893066,LA14,2013-05-20,03:00:00 AM,03:00:00,Cold-Dry,2013-05-20 03:00:00,5
16.10448914,-19.22871297,LA14,2013-05-20,03:20:00 AM,03:20:00,Cold-Dry,2013-05-20 03:20:00,5
16.10433451,-19.22884928,LA14,2013-05-20,03:40:00 AM,03:40:00,Cold-Dry,2013-05-20 03:40:00,5
16.1043457,-19.22868856,LA14,2013-05-20,04:00:00 AM,04:00:00,Cold-Dry,2013-05-20 04:00:00,5
16.10406189,-19.22861328,LA14,2013-05-20,04:20:00 AM,04:20:00,Cold-Dry,2013-05-20 04:20:00,5
16.10281677,-19.22811686,LA14,2013-05-20,04:40:00 AM,04:40:00,Cold-Dry,2013-05-20 04:40:00,5
16.10258993,-19.22812907,LA14,2013-05-20,05:00:00 AM,05:00:00,Cold-Dry,2013-05-20 05:00:00,5
16.10161845,-19.22851156,LA14,2013-05-20,05:20:00 AM,05:20:00,Cold-Dry,2013-05-20 05:20:00,5
16.10099691,-19.22868449,LA14,2013-05-20,05:40:00 AM,05:40:00,Cold-Dry,2013-05-20 05:40:00,5
16.09926249,-19.22918701,LA14,2013-05-20,06:00:00 AM,06:00:00,Cold-Dry,2013-05-20 06:00:00,5
16.0984019,-19.22931315,LA14,2013-05-20,06:20:00 AM,06:20:00,Cold-Dry,2013-05-20 06:20:00,5
16.09751892,-19.2300944,LA14,2013-05-20,06:40:00 AM,06:40:00,Cold-Dry,2013-05-20 06:40:00,5
16.09600423,-19.23051147,LA14,2013-05-20,07:00:00 AM,07:00:00,Cold-Dry,2013-05-20 07:00:00,5
16.09540507,-19.23037516,LA14,2013-05-20,07:20:00 AM,07:20:00,Cold-Dry,2013-05-20 07:20:00,5
16.09504496,-19.23110555,LA14,2013-05-20,07:40:00 AM,07:40:00,Cold-Dry,2013-05-20 07:40:00,5
16.09528198,-19.23203328,LA14,2013-05-20,08:00:00 AM,08:00:00,Cold-Dry,2013-05-20 08:00:00,5
16.09671122,-19.23208008,LA14,2013-05-20,08:20:00 AM,08:20:00,Cold-Dry,2013-05-20 08:20:00,5
16.09746195,-19.23209025,LA14,2013-05-20,08:40:00 AM,08:40:00,Cold-Dry,2013-05-20 08:40:00,5
16.1015035,-19.23368327,LA14,2013-05-20,09:00:00 AM,09:00:00,Cold-Dry,2013-05-20 09:00:00,5
16.106132,-19.23573812,LA14,2013-05-20,09:20:00 AM,09:20:00,Cold-Dry,2013-05-20 09:20:00,5
16.10851542,-19.23665365,LA14,2013-05-20,09:40:00 AM,09:40:00,Cold-Dry,2013-05-20 09:40:00,5
16.11116842,-19.23840942,LA14,2013-05-20,10:00:00 AM,10:00:00,Cold-Dry,2013-05-20 10:00:00,5
16.11728719,-19.2387736,LA14,2013-05-20,10:20:00 AM,10:20:00,Cold-Dry,2013-05-20 10:20:00,5
16.12255859,-19.24016317,LA14,2013-05-20,10:40:00 AM,10:40:00,Cold-Dry,2013-05-20 10:40:00,5
16.12887065,-19.23942057,LA14,2013-05-20,11:00:00 AM,11:00:00,Cold-Dry,2013-05-20 11:00:00,5
16.13182068,-19.23858236,LA14,2013-05-20,11:20:00 AM,11:20:00,Cold-Dry,2013-05-20 11:20:00,5
16.13165385,-19.23861287,LA14,2013-05-20,11:40:00 AM,11:40:00,Cold-Dry,2013-05-20 11:40:00,5
16.13170064,-19.23862305,LA14,2013-05-20,12:00:00 PM,12:00:00,Cold-Dry,2013-05-20 12:00:00,5
16.13171183,-19.23862508,LA14,2013-05-20,12:20:00 PM,12:20:00,Cold-Dry,2013-05-20 12:20:00,5
16.12969462,-19.23737793,LA14,2013-05-20,12:40:00 PM,12:40:00,Cold-Dry,2013-05-20 12:40:00,5
16.12738647,-19.23793945,LA14,2013-05-20,01:00:00 PM,13:00:00,Cold-Dry,2013-05-20 13:00:00,5
16.12659607,-19.23875529,LA14,2013-05-20,01:20:00 PM,13:20:00,Cold-Dry,2013-05-20 13:20:00,5
16.12563985,-19.23930054,LA14,2013-05-20,01:40:00 PM,13:40:00,Cold-Dry,2013-05-20 13:40:00,5
16.12503357,-19.23970947,LA14,2013-05-20,02:00:00 PM,14:00:00,Cold-Dry,2013-05-20 14:00:00,5
16.12347514,-19.24014486,LA14,2013-05-20,02:20:00 PM,14:20:00,Cold-Dry,2013-05-20 14:20:00,5
16.12208659,-19.2413147,LA14,2013-05-20,02:40:00 PM,14:40:00,Cold-Dry,2013-05-20 14:40:00,5
16.1205953,-19.24249471,LA14,2013-05-20,03:00:00 PM,15:00:00,Cold-Dry,2013-05-20 15:00:00,5
16.11865234,-19.24505615,LA14,2013-05-20,03:20:00 PM,15:20:00,Cold-Dry,2013-05-20 15:20:00,5
16.11764323,-19.24621785,LA14,2013-05-20,03:40:00 PM,15:40:00,Cold-Dry,2013-05-20 15:40:00,5
16.115861,-19.24863688,LA14,2013-05-20,04:00:00 PM,16:00:00,Cold-Dry,2013-05-20 16:00:00,5
16.11507568,-19.25042318,LA14,2013-05-20,04:20:00 PM,16:20:00,Cold-Dry,2013-05-20 16:20:00,5
16.11497396,-19.25150146,LA14,2013-05-20,04:40:00 PM,16:40:00,Cold-Dry,2013-05-20 16:40:00,5
16.11396993,-19.25318604,LA14,2013-05-20,05:00:00 PM,17:00:00,Cold-Dry,2013-05-20 17:00:00,5
16.11372579,-19.25424398,LA14,2013-05-20,05:20:00 PM,17:20:00,Cold-Dry,2013-05-20 17:20:00,5
16.11323649,-19.25495199,LA14,2013-05-20,05:40:00 PM,17:40:00,Cold-Dry,2013-05-20 17:40:00,5
16.11282959,-19.25549927,LA14,2013-05-20,06:00:00 PM,18:00:00,Cold-Dry,2013-05-20 18:00:00,5
16.11222432,-19.25611979,LA14,2013-05-20,06:20:00 PM,18:20:00,Cold-Dry,2013-05-20 18:20:00,5
16.11156006,-19.25811361,LA14,2013-05-20,06:40:00 PM,18:40:00,Cold-Dry,2013-05-20 18:40:00,5
16.11121928,-19.25878703,LA14,2013-05-20,07:00:00 PM,19:00:00,Cold-Dry,2013-05-20 19:00:00,5
16.110613,-19.25866903,LA14,2013-05-20,07:20:00 PM,19:20:00,Cold-Dry,2013-05-20 19:20:00,5
16.11043091,-19.25920207,LA14,2013-05-20,07:40:00 PM,19:40:00,Cold-Dry,2013-05-20 19:40:00,5
16.11040243,-19.2592509,LA14,2013-05-20,08:00:00 PM,20:00:00,Cold-Dry,2013-05-20 20:00:00,5
16.10841268,-19.26015422,LA14,2013-05-20,08:20:00 PM,20:20:00,Cold-Dry,2013-05-20 20:20:00,5
16.1075236,-19.26058553,LA14,2013-05-20,08:40:00 PM,20:40:00,Cold-Dry,2013-05-20 20:40:00,5
16.10765991,-19.26132406,LA14,2013-05-20,09:00:00 PM,21:00:00,Cold-Dry,2013-05-20 21:00:00,5
16.1075592,-19.26137899,LA14,2013-05-20,09:20:00 PM,21:20:00,Cold-Dry,2013-05-20 21:20:00,5
16.1047699,-19.26129557,LA14,2013-05-20,09:40:00 PM,21:40:00,Cold-Dry,2013-05-20 21:40:00,5
16.10343323,-19.26178182,LA14,2013-05-20,10:00:00 PM,22:00:00,Cold-Dry,2013-05-20 22:00:00,5
16.10224202,-19.2621582,LA14,2013-05-20,10:20:00 PM,22:20:00,Cold-Dry,2013-05-20 22:20:00,5
16.10186564,-19.26215413,LA14,2013-05-20,10:40:00 PM,22:40:00,Cold-Dry,2013-05-20 22:40:00,5
16.10191345,-19.26168213,LA14,2013-05-20,11:00:00 PM,23:00:00,Cold-Dry,2013-05-20 23:00:00,5
16.10224609,-19.26205851,LA14,2013-05-20,11:20:00 PM,23:20:00,Cold-Dry,2013-05-20 23:20:00,5
16.10227458,-19.26198527,LA14,2013-05-20,11:40:00 PM,23:40:00,Cold-Dry,2013-05-20 23:40:00,5
16.10227966,-19.26197306,LA14,2013-05-21,12:00:00 AM,00:00:00,Cold-Dry,2013-05-21 00:00:00,5
16.10165304,-19.2616394,LA14,2013-05-21,12:20:00 AM,00:20:00,Cold-Dry,2013-05-21 00:20:00,5
16.10169779,-19.26183268,LA14,2013-05-21,12:40:00 AM,00:40:00,Cold-Dry,2013-05-21 00:40:00,5
16.10119222,-19.26185913,LA14,2013-05-21,01:00:00 AM,01:00:00,Cold-Dry,2013-05-21 01:00:00,5
16.10099894,-19.26201986,LA14,2013-05-21,01:20:00 AM,01:20:00,Cold-Dry,2013-05-21 01:20:00,5
16.10099386,-19.26202596,LA14,2013-05-21,01:40:00 AM,01:40:00,Cold-Dry,2013-05-21 01:40:00,5
16.10101929,-19.26208903,LA14,2013-05-21,02:01:00 AM,02:01:00,Cold-Dry,2013-05-21 02:01:00,5
16.10102641,-19.26210124,LA14,2013-05-21,02:21:00 AM,02:21:00,Cold-Dry,2013-05-21 02:21:00,5
16.10102437,-19.26206462,LA14,2013-05-21,02:40:00 AM,02:40:00,Cold-Dry,2013-05-21 02:40:00,5
16.10102234,-19.262087,LA14,2013-05-21,03:00:00 AM,03:00:00,Cold-Dry,2013-05-21 03:00:00,5
16.10100301,-19.26207275,LA14,2013-05-21,03:20:00 AM,03:20:00,Cold-Dry,2013-05-21 03:20:00,5
16.10100098,-19.26207072,LA14,2013-05-21,03:40:00 AM,03:40:00,Cold-Dry,2013-05-21 03:40:00,5
16.10072632,-19.26205037,LA14,2013-05-21,04:00:00 AM,04:00:00,Cold-Dry,2013-05-21 04:00:00,5
16.10015666,-19.2623291,LA14,2013-05-21,04:20:00 AM,04:20:00,Cold-Dry,2013-05-21 04:20:00,5
16.10002848,-19.26277669,LA14,2013-05-21,04:40:00 AM,04:40:00,Cold-Dry,2013-05-21 04:40:00,5
16.09977417,-19.26300659,LA14,2013-05-21,05:00:00 AM,05:00:00,Cold-Dry,2013-05-21 05:00:00,5
16.0991923,-19.26294352,LA14,2013-05-21,05:20:00 AM,05:20:00,Cold-Dry,2013-05-21 05:20:00,5
16.09854126,-19.26303304,LA14,2013-05-21,05:40:00 AM,05:40:00,Cold-Dry,2013-05-21 05:40:00,5
16.09831136,-19.26302083,LA14,2013-05-21,06:00:00 AM,06:00:00,Cold-Dry,2013-05-21 06:00:00,5
16.09851278,-19.26126099,LA14,2013-05-21,06:20:00 AM,06:20:00,Cold-Dry,2013-05-21 06:20:00,5
16.09835612,-19.26103923,LA14,2013-05-21,06:40:00 AM,06:40:00,Cold-Dry,2013-05-21 06:40:00,5
16.09851888,-19.26039429,LA14,2013-05-21,07:00:00 AM,07:00:00,Cold-Dry,2013-05-21 07:00:00,5
16.09763692,-19.25915324,LA14,2013-05-21,07:20:00 AM,07:20:00,Cold-Dry,2013-05-21 07:20:00,5
16.09786377,-19.25671183,LA14,2013-05-21,07:40:00 AM,07:40:00,Cold-Dry,2013-05-21 07:40:00,5
16.09788513,-19.256014,LA14,2013-05-21,08:00:00 AM,08:00:00,Cold-Dry,2013-05-21 08:00:00,5
16.09785665,-19.25574544,LA14,2013-05-21,08:20:00 AM,08:20:00,Cold-Dry,2013-05-21 08:20:00,5
16.09825338,-19.25435791,LA14,2013-05-21,08:40:00 AM,08:40:00,Cold-Dry,2013-05-21 08:40:00,5
16.09910685,-19.25300903,LA14,2013-05-21,09:00:00 AM,09:00:00,Cold-Dry,2013-05-21 09:00:00,5
16.10048726,-19.2518575,LA14,2013-05-21,09:20:00 AM,09:20:00,Cold-Dry,2013-05-21 09:20:00,5
16.101592,-19.25113322,LA14,2013-05-21,09:40:00 AM,09:40:00,Cold-Dry,2013-05-21 09:40:00,5
16.10664063,-19.25249227,LA14,2013-05-21,10:00:00 AM,10:00:00,Cold-Dry,2013-05-21 10:00:00,5
16.10677287,-19.2522522,LA14,2013-05-21,10:20:00 AM,10:20:00,Cold-Dry,2013-05-21 10:20:00,5
16.10909526,-19.25175171,LA14,2013-05-21,10:40:00 AM,10:40:00,Cold-Dry,2013-05-21 10:40:00,5
16.11383565,-19.2497762,LA14,2013-05-21,11:00:00 AM,11:00:00,Cold-Dry,2013-05-21 11:00:00,5
16.12009277,-19.24705404,LA14,2013-05-21,11:20:00 AM,11:20:00,Cold-Dry,2013-05-21 11:20:00,5
16.12566833,-19.24460653,LA14,2013-05-21,11:40:00 AM,11:40:00,Cold-Dry,2013-05-21 11:40:00,5
16.13145447,-19.23942261,LA14,2013-05-21,12:00:00 PM,12:00:00,Cold-Dry,2013-05-21 12:00:00,5
16.13184611,-19.23856608,LA14,2013-05-21,12:20:00 PM,12:20:00,Cold-Dry,2013-05-21 12:20:00,5
16.13165181,-19.23855998,LA14,2013-05-21,12:40:00 PM,12:40:00,Cold-Dry,2013-05-21 12:40:00,5
16.13163757,-19.23855184,LA14,2013-05-21,01:00:00 PM,13:00:00,Cold-Dry,2013-05-21 13:00:00,5
16.13173116,-19.23860677,LA14,2013-05-21,01:20:00 PM,13:20:00,Cold-Dry,2013-05-21 13:20:00,5
16.13066508,-19.23843994,LA14,2013-05-21,01:40:00 PM,13:40:00,Cold-Dry,2013-05-21 13:40:00,5
16.12741394,-19.24030965,LA14,2013-05-21,02:00:00 PM,14:00:00,Cold-Dry,2013-05-21 14:00:00,5
16.12579753,-19.24217529,LA14,2013-05-21,02:20:00 PM,14:20:00,Cold-Dry,2013-05-21 14:20:00,5
16.12498067,-19.24302368,LA14,2013-05-21,02:40:00 PM,14:40:00,Cold-Dry,2013-05-21 14:40:00,5
16.12434387,-19.24474487,LA14,2013-05-21,03:00:00 PM,15:00:00,Cold-Dry,2013-05-21 15:00:00,5
16.12294718,-19.24630534,LA14,2013-05-21,03:20:00 PM,15:20:00,Cold-Dry,2013-05-21 15:20:00,5
16.11913656,-19.25163981,LA14,2013-05-21,03:40:00 PM,15:40:00,Cold-Dry,2013-05-21 15:40:00,5
16.1187266,-19.25406698,LA14,2013-05-21,04:00:00 PM,16:00:00,Cold-Dry,2013-05-21 16:00:00,5
16.11879171,-19.25561523,LA14,2013-05-21,04:20:00 PM,16:20:00,Cold-Dry,2013-05-21 16:20:00,5
16.11900838,-19.25714925,LA14,2013-05-21,04:40:00 PM,16:40:00,Cold-Dry,2013-05-21 16:40:00,5
16.11870321,-19.25789795,LA14,2013-05-21,05:00:00 PM,17:00:00,Cold-Dry,2013-05-21 17:00:00,5
16.11889343,-19.25870158,LA14,2013-05-21,05:20:00 PM,17:20:00,Cold-Dry,2013-05-21 17:20:00,5
16.11938375,-19.25876058,LA14,2013-05-21,05:40:00 PM,17:40:00,Cold-Dry,2013-05-21 17:40:00,5
16.11974284,-19.25903117,LA14,2013-05-21,06:00:00 PM,18:00:00,Cold-Dry,2013-05-21 18:00:00,5
16.11987101,-19.25942383,LA14,2013-05-21,06:20:00 PM,18:20:00,Cold-Dry,2013-05-21 18:20:00,5
16.11991679,-19.26001587,LA14,2013-05-21,06:40:00 PM,18:40:00,Cold-Dry,2013-05-21 18:40:00,5
16.12006327,-19.26021729,LA14,2013-05-21,07:00:00 PM,19:00:00,Cold-Dry,2013-05-21 19:00:00,5
16.12031759,-19.26062012,LA14,2013-05-21,07:20:00 PM,19:20:00,Cold-Dry,2013-05-21 19:20:00,5
16.12031962,-19.26109009,LA14,2013-05-21,07:40:00 PM,19:40:00,Cold-Dry,2013-05-21 19:40:00,5
16.12010905,-19.26113892,LA14,2013-05-21,08:00:00 PM,20:00:00,Cold-Dry,2013-05-21 20:00:00,5
16.12003886,-19.26178589,LA14,2013-05-21,08:20:00 PM,20:20:00,Cold-Dry,2013-05-21 20:20:00,5
16.11826274,-19.26394653,LA14,2013-05-21,08:40:00 PM,20:40:00,Cold-Dry,2013-05-21 20:40:00,5
16.11665039,-19.26388143,LA14,2013-05-21,09:00:00 PM,21:00:00,Cold-Dry,2013-05-21 21:00:00,5
16.11226095,-19.26379598,LA14,2013-05-21,09:20:00 PM,21:20:00,Cold-Dry,2013-05-21 21:20:00,5
16.10920919,-19.26364543,LA14,2013-05-21,09:40:00 PM,21:40:00,Cold-Dry,2013-05-21 21:40:00,5
16.10800578,-19.26350301,LA14,2013-05-21,10:00:00 PM,22:00:00,Cold-Dry,2013-05-21 22:00:00,5
16.10644328,-19.26334839,LA14,2013-05-21,10:20:00 PM,22:20:00,Cold-Dry,2013-05-21 22:20:00,5
16.10487976,-19.26262004,LA14,2013-05-21,10:40:00 PM,22:40:00,Cold-Dry,2013-05-21 22:40:00,5
16.10338236,-19.26242269,LA14,2013-05-21,11:00:00 PM,23:00:00,Cold-Dry,2013-05-21 23:00:00,5
16.10255941,-19.2623759,LA14,2013-05-21,11:20:00 PM,23:20:00,Cold-Dry,2013-05-21 23:20:00,5
16.10149943,-19.26216838,LA14,2013-05-21,11:40:00 PM,23:40:00,Cold-Dry,2013-05-21 23:40:00,5
16.10113424,-19.26215007,LA14,2013-05-22,12:00:00 AM,00:00:00,Cold-Dry,2013-05-22 00:00:00,5
16.10104675,-19.26203613,LA14,2013-05-22,12:20:00 AM,00:20:00,Cold-Dry,2013-05-22 00:20:00,5
16.10101217,-19.26210938,LA14,2013-05-22,12:40:00 AM,00:40:00,Cold-Dry,2013-05-22 00:40:00,5
16.10102641,-19.26210327,LA14,2013-05-22,01:00:00 AM,01:00:00,Cold-Dry,2013-05-22 01:00:00,5
16.10099894,-19.26209106,LA14,2013-05-22,01:20:00 AM,01:20:00,Cold-Dry,2013-05-22 01:20:00,5
16.1009552,-19.26206055,LA14,2013-05-22,01:40:00 AM,01:40:00,Cold-Dry,2013-05-22 01:40:00,5
16.10100301,-19.26200358,LA14,2013-05-22,02:00:00 AM,02:00:00,Cold-Dry,2013-05-22 02:00:00,5
16.10102336,-19.26200358,LA14,2013-05-22,02:20:00 AM,02:20:00,Cold-Dry,2013-05-22 02:20:00,5
16.10097758,-19.26201986,LA14,2013-05-22,02:40:00 AM,02:40:00,Cold-Dry,2013-05-22 02:40:00,5
16.10102539,-19.26200562,LA14,2013-05-22,03:00:00 AM,03:00:00,Cold-Dry,2013-05-22 03:00:00,5
16.1009318,-19.26201375,LA14,2013-05-22,03:20:00 AM,03:20:00,Cold-Dry,2013-05-22 03:20:00,5
16.10094401,-19.26200155,LA14,2013-05-22,03:40:00 AM,03:40:00,Cold-Dry,2013-05-22 03:40:00,5
16.10093689,-19.26200562,LA14,2013-05-22,04:00:00 AM,04:00:00,Cold-Dry,2013-05-22 04:00:00,5
16.10090739,-19.26199748,LA14,2013-05-22,04:20:00 AM,04:20:00,Cold-Dry,2013-05-22 04:20:00,5
16.10046183,-19.26178385,LA14,2013-05-22,04:40:00 AM,04:40:00,Cold-Dry,2013-05-22 04:40:00,5
16.10006816,-19.26200358,LA14,2013-05-22,05:00:00 AM,05:00:00,Cold-Dry,2013-05-22 05:00:00,5
16.09919027,-19.2612325,LA14,2013-05-22,05:20:00 AM,05:20:00,Cold-Dry,2013-05-22 05:20:00,5
16.09930929,-19.26099854,LA14,2013-05-22,05:40:00 AM,05:40:00,Cold-Dry,2013-05-22 05:40:00,5
16.0995931,-19.26103719,LA14,2013-05-22,06:00:00 AM,06:00:00,Cold-Dry,2013-05-22 06:00:00,5
16.10129496,-19.25938517,LA14,2013-05-22,06:20:00 AM,06:20:00,Cold-Dry,2013-05-22 06:20:00,5
16.10175171,-19.25802816,LA14,2013-05-22,06:40:00 AM,06:40:00,Cold-Dry,2013-05-22 06:40:00,5
16.10340373,-19.25540771,LA14,2013-05-22,07:00:00 AM,07:00:00,Cold-Dry,2013-05-22 07:00:00,5
16.10402018,-19.2550293,LA14,2013-05-22,07:20:00 AM,07:20:00,Cold-Dry,2013-05-22 07:20:00,5
16.10426941,-19.25469767,LA14,2013-05-22,07:40:00 AM,07:40:00,Cold-Dry,2013-05-22 07:40:00,5
16.10568339,-19.25422974,LA14,2013-05-22,08:00:00 AM,08:00:00,Cold-Dry,2013-05-22 08:00:00,5
16.10666911,-19.2522644,LA14,2013-05-22,08:20:00 AM,08:20:00,Cold-Dry,2013-05-22 08:20:00,5
16.10765483,-19.25204875,LA14,2013-05-22,08:40:00 AM,08:40:00,Cold-Dry,2013-05-22 08:40:00,5
16.10829366,-19.25134074,LA14,2013-05-22,09:00:00 AM,09:00:00,Cold-Dry,2013-05-22 09:00:00,5
16.1091451,-19.25088908,LA14,2013-05-22,09:20:00 AM,09:20:00,Cold-Dry,2013-05-22 09:20:00,5
16.11394755,-19.24919027,LA14,2013-05-22,09:40:00 AM,09:40:00,Cold-Dry,2013-05-22 09:40:00,5
16.11959229,-19.24673055,LA14,2013-05-22,10:00:00 AM,10:00:00,Cold-Dry,2013-05-22 10:00:00,5
16.12661235,-19.24385986,LA14,2013-05-22,10:20:00 AM,10:20:00,Cold-Dry,2013-05-22 10:20:00,5
16.1317627,-19.23839722,LA14,2013-05-22,10:40:00 AM,10:40:00,Cold-Dry,2013-05-22 10:40:00,5
16.13179728,-19.23824463,LA14,2013-05-22,11:00:00 AM,11:00:00,Cold-Dry,2013-05-22 11:00:00,5
16.13189697,-19.23834025,LA14,2013-05-22,11:20:00 AM,11:20:00,Cold-Dry,2013-05-22 11:20:00,5
16.13189697,-19.23832804,LA14,2013-05-22,11:40:00 AM,11:40:00,Cold-Dry,2013-05-22 11:40:00,5
16.13186035,-19.23828125,LA14,2013-05-22,12:00:00 PM,12:00:00,Cold-Dry,2013-05-22 12:00:00,5
16.13184713,-19.23826701,LA14,2013-05-22,12:20:00 PM,12:20:00,Cold-Dry,2013-05-22 12:20:00,5
16.13079122,-19.23814901,LA14,2013-05-22,12:40:00 PM,12:40:00,Cold-Dry,2013-05-22 12:40:00,5
16.12739563,-19.23659261,LA14,2013-05-22,01:00:00 PM,13:00:00,Cold-Dry,2013-05-22 13:00:00,5
16.12647502,-19.23636882,LA14,2013-05-22,01:20:00 PM,13:20:00,Cold-Dry,2013-05-22 13:20:00,5
16.12193502,-19.23422648,LA14,2013-05-22,01:40:00 PM,13:40:00,Cold-Dry,2013-05-22 13:40:00,5
16.12136841,-19.23355713,LA14,2013-05-22,02:00:00 PM,14:00:00,Cold-Dry,2013-05-22 14:00:00,5
16.12098389,-19.23347168,LA14,2013-05-22,02:20:00 PM,14:20:00,Cold-Dry,2013-05-22 14:20:00,5
16.11990356,-19.23309937,LA14,2013-05-22,02:40:00 PM,14:40:00,Cold-Dry,2013-05-22 14:40:00,5
16.11869812,-19.2324056,LA14,2013-05-22,03:00:00 PM,15:00:00,Cold-Dry,2013-05-22 15:00:00,5
16.11747538,-19.23177694,LA14,2013-05-22,03:20:00 PM,15:20:00,Cold-Dry,2013-05-22 15:20:00,5
16.11588949,-19.23081462,LA14,2013-05-22,03:40:00 PM,15:40:00,Cold-Dry,2013-05-22 15:40:00,5
16.11485901,-19.23051961,LA14,2013-05-22,04:00:00 PM,16:00:00,Cold-Dry,2013-05-22 16:00:00,5
16.1135437,-19.2304362,LA14,2013-05-22,04:20:00 PM,16:20:00,Cold-Dry,2013-05-22 16:20:00,5
16.11145528,-19.23066406,LA14,2013-05-22,04:40:00 PM,16:40:00,Cold-Dry,2013-05-22 16:40:00,5
16.10947062,-19.23029582,LA14,2013-05-22,05:00:00 PM,17:00:00,Cold-Dry,2013-05-22 17:00:00,5
16.10795898,-19.23048096,LA14,2013-05-22,05:20:00 PM,17:20:00,Cold-Dry,2013-05-22 17:20:00,5
16.10745341,-19.23040771,LA14,2013-05-22,05:40:00 PM,17:40:00,Cold-Dry,2013-05-22 17:40:00,5
16.10747986,-19.23000081,LA14,2013-05-22,06:00:00 PM,18:00:00,Cold-Dry,2013-05-22 18:00:00,5
16.10769755,-19.23094482,LA14,2013-05-22,06:20:00 PM,18:20:00,Cold-Dry,2013-05-22 18:20:00,5
16.10846252,-19.23202108,LA14,2013-05-22,06:40:00 PM,18:40:00,Cold-Dry,2013-05-22 18:40:00,5
16.10694682,-19.23653971,LA14,2013-05-22,07:00:00 PM,19:00:00,Cold-Dry,2013-05-22 19:00:00,5
16.10408529,-19.23985596,LA14,2013-05-22,07:20:00 PM,19:20:00,Cold-Dry,2013-05-22 19:20:00,5
16.10358582,-19.24077962,LA14,2013-05-22,07:40:00 PM,19:40:00,Cold-Dry,2013-05-22 19:40:00,5
16.10337118,-19.24169515,LA14,2013-05-22,08:00:00 PM,20:00:00,Cold-Dry,2013-05-22 20:00:00,5
16.10319417,-19.24205322,LA14,2013-05-22,08:20:00 PM,20:20:00,Cold-Dry,2013-05-22 20:20:00,5
16.10245667,-19.24271444,LA14,2013-05-22,08:40:00 PM,20:40:00,Cold-Dry,2013-05-22 20:40:00,5
16.10188904,-19.24451701,LA14,2013-05-22,09:00:00 PM,21:00:00,Cold-Dry,2013-05-22 21:00:00,5
16.10093689,-19.24516602,LA14,2013-05-22,09:20:00 PM,21:20:00,Cold-Dry,2013-05-22 21:20:00,5
16.09981079,-19.24564819,LA14,2013-05-22,09:40:00 PM,21:40:00,Cold-Dry,2013-05-22 21:40:00,5
16.09952698,-19.24598592,LA14,2013-05-22,10:00:00 PM,22:00:00,Cold-Dry,2013-05-22 22:00:00,5
16.09946594,-19.24632161,LA14,2013-05-22,10:20:00 PM,22:20:00,Cold-Dry,2013-05-22 22:20:00,5
16.09932251,-19.24687703,LA14,2013-05-22,10:40:00 PM,22:40:00,Cold-Dry,2013-05-22 22:40:00,5
16.09940287,-19.2469279,LA14,2013-05-22,11:00:00 PM,23:00:00,Cold-Dry,2013-05-22 23:00:00,5
16.09823812,-19.24796753,LA14,2013-05-22,11:20:00 PM,23:20:00,Cold-Dry,2013-05-22 23:20:00,5
16.09648031,-19.24900513,LA14,2013-05-22,11:40:00 PM,23:40:00,Cold-Dry,2013-05-22 23:40:00,5
16.09542542,-19.25072428,LA14,2013-05-23,12:00:00 AM,00:00:00,Cold-Dry,2013-05-23 00:00:00,5
16.09557393,-19.25130819,LA14,2013-05-23,12:20:00 AM,00:20:00,Cold-Dry,2013-05-23 00:20:00,5
16.0955658,-19.25135498,LA14,2013-05-23,12:40:00 AM,00:40:00,Cold-Dry,2013-05-23 00:40:00,5
16.09555562,-19.25135091,LA14,2013-05-23,01:00:00 AM,01:00:00,Cold-Dry,2013-05-23 01:00:00,5
16.09558309,-19.2517924,LA14,2013-05-23,01:20:00 AM,01:20:00,Cold-Dry,2013-05-23 01:20:00,5
16.09528198,-19.25183105,LA14,2013-05-23,01:40:00 AM,01:40:00,Cold-Dry,2013-05-23 01:40:00,5
16.09548442,-19.25182902,LA14,2013-05-23,02:00:00 AM,02:00:00,Cold-Dry,2013-05-23 02:00:00,5
16.09547526,-19.25180664,LA14,2013-05-23,02:20:00 AM,02:20:00,Cold-Dry,2013-05-23 02:20:00,5
16.09550781,-19.25181681,LA14,2013-05-23,02:40:00 AM,02:40:00,Cold-Dry,2013-05-23 02:40:00,5
16.0954895,-19.25181274,LA14,2013-05-23,03:00:00 AM,03:00:00,Cold-Dry,2013-05-23 03:00:00,5
16.09549459,-19.25182088,LA14,2013-05-23,03:20:00 AM,03:20:00,Cold-Dry,2013-05-23 03:20:00,5
16.0955129,-19.25180461,LA14,2013-05-23,03:40:00 AM,03:40:00,Cold-Dry,2013-05-23 03:40:00,5
16.09550476,-19.25179647,LA14,2013-05-23,04:00:00 AM,04:00:00,Cold-Dry,2013-05-23 04:00:00,5
16.09550985,-19.2517924,LA14,2013-05-23,04:20:00 AM,04:20:00,Cold-Dry,2013-05-23 04:20:00,5
16.09515991,-19.25199992,LA14,2013-05-23,04:40:00 AM,04:40:00,Cold-Dry,2013-05-23 04:40:00,5
16.09426778,-19.25203654,LA14,2013-05-23,05:00:00 AM,05:00:00,Cold-Dry,2013-05-23 05:00:00,5
16.0934967,-19.2517924,LA14,2013-05-23,05:20:00 AM,05:20:00,Cold-Dry,2013-05-23 05:20:00,5
16.09302775,-19.2511495,LA14,2013-05-23,05:40:00 AM,05:40:00,Cold-Dry,2013-05-23 05:40:00,5
16.09179891,-19.25108439,LA14,2013-05-23,06:00:00 AM,06:00:00,Cold-Dry,2013-05-23 06:00:00,5
16.09079895,-19.25066732,LA14,2013-05-23,06:20:00 AM,06:20:00,Cold-Dry,2013-05-23 06:20:00,5
16.08948364,-19.24993693,LA14,2013-05-23,06:40:00 AM,06:40:00,Cold-Dry,2013-05-23 06:40:00,5
16.08622437,-19.24833374,LA14,2013-05-23,07:00:00 AM,07:00:00,Cold-Dry,2013-05-23 07:00:00,5
16.08471273,-19.24736125,LA14,2013-05-23,07:20:00 AM,07:20:00,Cold-Dry,2013-05-23 07:20:00,5
16.08371684,-19.24707845,LA14,2013-05-23,07:40:00 AM,07:40:00,Cold-Dry,2013-05-23 07:40:00,5
16.08314006,-19.24688924,LA14,2013-05-23,08:00:00 AM,08:00:00,Cold-Dry,2013-05-23 08:00:00,5
16.08260193,-19.24622803,LA14,2013-05-23,08:20:00 AM,08:20:00,Cold-Dry,2013-05-23 08:20:00,5
16.0820516,-19.24558919,LA14,2013-05-23,08:40:00 AM,08:40:00,Cold-Dry,2013-05-23 08:40:00,5
16.08184611,-19.24435425,LA14,2013-05-23,09:00:00 AM,09:00:00,Cold-Dry,2013-05-23 09:00:00,5
16.08209839,-19.24271851,LA14,2013-05-23,09:20:00 AM,09:20:00,Cold-Dry,2013-05-23 09:20:00,5
16.08192851,-19.24152222,LA14,2013-05-23,09:40:00 AM,09:40:00,Cold-Dry,2013-05-23 09:40:00,5
16.08095601,-19.24024455,LA14,2013-05-23,10:00:00 AM,10:00:00,Cold-Dry,2013-05-23 10:00:00,5
16.07997335,-19.23938802,LA14,2013-05-23,10:20:00 AM,10:20:00,Cold-Dry,2013-05-23 10:20:00,5
16.07735087,-19.23799235,LA14,2013-05-23,10:40:00 AM,10:40:00,Cold-Dry,2013-05-23 10:40:00,5
16.07544047,-19.2375,LA14,2013-05-23,11:00:00 AM,11:00:00,Cold-Dry,2013-05-23 11:00:00,5
16.07398275,-19.2369283,LA14,2013-05-23,11:20:00 AM,11:20:00,Cold-Dry,2013-05-23 11:20:00,5
16.07399394,-19.2369222,LA14,2013-05-23,11:40:00 AM,11:40:00,Cold-Dry,2013-05-23 11:40:00,5
16.07146403,-19.23483683,LA14,2013-05-23,12:00:00 PM,12:00:00,Cold-Dry,2013-05-23 12:00:00,5
16.06836243,-19.23134562,LA14,2013-05-23,12:20:00 PM,12:20:00,Cold-Dry,2013-05-23 12:20:00,5
16.06798706,-19.22810262,LA14,2013-05-23,12:40:00 PM,12:40:00,Cold-Dry,2013-05-23 12:40:00,5
16.06612244,-19.22318115,LA14,2013-05-23,01:00:00 PM,13:00:00,Cold-Dry,2013-05-23 13:00:00,5
16.05864766,-19.21326701,LA14,2013-05-23,01:20:00 PM,13:20:00,Cold-Dry,2013-05-23 13:20:00,5
16.05815633,-19.21108602,LA14,2013-05-23,01:40:00 PM,13:40:00,Cold-Dry,2013-05-23 13:40:00,5
16.0559845,-19.20961507,LA14,2013-05-23,02:00:00 PM,14:00:00,Cold-Dry,2013-05-23 14:00:00,5
16.05155945,-19.20926107,LA14,2013-05-23,02:20:00 PM,14:20:00,Cold-Dry,2013-05-23 14:20:00,5
16.04044698,-19.20940552,LA14,2013-05-23,02:40:00 PM,14:40:00,Cold-Dry,2013-05-23 14:40:00,5
16.03192037,-19.20909424,LA14,2013-05-23,03:00:00 PM,15:00:00,Cold-Dry,2013-05-23 15:00:00,5
16.02371012,-19.20992025,LA14,2013-05-23,03:20:00 PM,15:20:00,Cold-Dry,2013-05-23 15:20:00,5
16.01915181,-19.20959066,LA14,2013-05-23,03:40:00 PM,15:40:00,Cold-Dry,2013-05-23 15:40:00,5
16.01898092,-19.20912272,LA14,2013-05-23,04:00:00 PM,16:00:00,Cold-Dry,2013-05-23 16:00:00,5
16.01772257,-19.20897624,LA14,2013-05-23,04:20:00 PM,16:20:00,Cold-Dry,2013-05-23 16:20:00,5
16.01775513,-19.20877482,LA14,2013-05-23,04:40:00 PM,16:40:00,Cold-Dry,2013-05-23 16:40:00,5
16.01758219,-19.20876261,LA14,2013-05-23,05:00:00 PM,17:00:00,Cold-Dry,2013-05-23 17:00:00,5
16.01720479,-19.20895386,LA14,2013-05-23,05:20:00 PM,17:20:00,Cold-Dry,2013-05-23 17:20:00,5
16.01558126,-19.20910645,LA14,2013-05-23,05:40:00 PM,17:40:00,Cold-Dry,2013-05-23 17:40:00,5
16.01516317,-19.20890096,LA14,2013-05-23,06:00:00 PM,18:00:00,Cold-Dry,2013-05-23 18:00:00,5
16.01521403,-19.20873006,LA14,2013-05-23,06:20:00 PM,18:20:00,Cold-Dry,2013-05-23 18:20:00,5
16.01367086,-19.20851237,LA14,2013-05-23,06:40:00 PM,18:40:00,Cold-Dry,2013-05-23 18:40:00,5
16.01332804,-19.20833537,LA14,2013-05-23,07:00:00 PM,19:00:00,Cold-Dry,2013-05-23 19:00:00,5
16.01295675,-19.2081604,LA14,2013-05-23,07:20:00 PM,19:20:00,Cold-Dry,2013-05-23 19:20:00,5
16.01280314,-19.20797119,LA14,2013-05-23,07:40:00 PM,19:40:00,Cold-Dry,2013-05-23 19:40:00,5
16.01270549,-19.20804443,LA14,2013-05-23,08:00:00 PM,20:00:00,Cold-Dry,2013-05-23 20:00:00,5
16.01197713,-19.20804036,LA14,2013-05-23,08:20:00 PM,20:20:00,Cold-Dry,2013-05-23 20:20:00,5
16.01186422,-19.20771891,LA14,2013-05-23,08:40:00 PM,20:40:00,Cold-Dry,2013-05-23 20:40:00,5
16.01151326,-19.20723267,LA14,2013-05-23,09:00:00 PM,21:00:00,Cold-Dry,2013-05-23 21:00:00,5
16.01136271,-19.20694173,LA14,2013-05-23,09:20:00 PM,21:20:00,Cold-Dry,2013-05-23 21:20:00,5
16.01048686,-19.20676473,LA14,2013-05-23,09:40:00 PM,21:40:00,Cold-Dry,2013-05-23 21:40:00,5
16.00936076,-19.20613607,LA14,2013-05-23,10:00:00 PM,22:00:00,Cold-Dry,2013-05-23 22:00:00,5
16.00808207,-19.20549723,LA14,2013-05-23,10:20:00 PM,22:20:00,Cold-Dry,2013-05-23 22:20:00,5
16.00606893,-19.20477702,LA14,2013-05-23,10:40:00 PM,22:40:00,Cold-Dry,2013-05-23 22:40:00,5
16.0038564,-19.20393677,LA14,2013-05-23,11:00:00 PM,23:00:00,Cold-Dry,2013-05-23 23:00:00,5
16.00334167,-19.20340373,LA14,2013-05-23,11:20:00 PM,23:20:00,Cold-Dry,2013-05-23 23:20:00,5
16.00275167,-19.20335897,LA14,2013-05-23,11:40:00 PM,23:40:00,Cold-Dry,2013-05-23 23:40:00,5
16.00086975,-19.19991659,LA14,2013-05-24,12:00:00 AM,00:00:00,Cold-Dry,2013-05-24 00:00:00,5
15.99932251,-19.19751994,LA14,2013-05-24,12:20:00 AM,00:20:00,Cold-Dry,2013-05-24 00:20:00,5
15.99936218,-19.19734904,LA14,2013-05-24,12:40:00 AM,00:40:00,Cold-Dry,2013-05-24 00:40:00,5
15.99933777,-19.19715169,LA14,2013-05-24,01:00:00 AM,01:00:00,Cold-Dry,2013-05-24 01:00:00,5
15.99933879,-19.19714355,LA14,2013-05-24,01:20:00 AM,01:20:00,Cold-Dry,2013-05-24 01:20:00,5
15.99923604,-19.196639,LA14,2013-05-24,01:40:00 AM,01:40:00,Cold-Dry,2013-05-24 01:40:00,5
15.99937846,-19.19649658,LA14,2013-05-24,02:00:00 AM,02:00:00,Cold-Dry,2013-05-24 02:00:00,5
15.99944661,-19.19645996,LA14,2013-05-24,02:20:00 AM,02:20:00,Cold-Dry,2013-05-24 02:20:00,5
15.99943237,-19.19641317,LA14,2013-05-24,02:40:00 AM,02:40:00,Cold-Dry,2013-05-24 02:40:00,5
15.99937846,-19.19640299,LA14,2013-05-24,03:00:00 AM,03:00:00,Cold-Dry,2013-05-24 03:00:00,5
15.99941508,-19.19641724,LA14,2013-05-24,03:20:00 AM,03:20:00,Cold-Dry,2013-05-24 03:20:00,5
15.99939168,-19.19637044,LA14,2013-05-24,03:40:00 AM,03:40:00,Cold-Dry,2013-05-24 03:40:00,5
15.99941101,-19.19638672,LA14,2013-05-24,04:00:00 AM,04:00:00,Cold-Dry,2013-05-24 04:00:00,5
15.99940389,-19.19638672,LA14,2013-05-24,04:20:00 AM,04:20:00,Cold-Dry,2013-05-24 04:20:00,5
15.99941203,-19.19639079,LA14,2013-05-24,04:40:00 AM,04:40:00,Cold-Dry,2013-05-24 04:40:00,5
15.99945679,-19.19648234,LA14,2013-05-24,05:00:00 AM,05:00:00,Cold-Dry,2013-05-24 05:00:00,5
15.99847209,-19.19472656,LA14,2013-05-24,05:20:00 AM,05:20:00,Cold-Dry,2013-05-24 05:20:00,5
15.99770813,-19.19341838,LA14,2013-05-24,05:40:00 AM,05:40:00,Cold-Dry,2013-05-24 05:40:00,5
15.99662476,-19.19110921,LA14,2013-05-24,06:00:00 AM,06:00:00,Cold-Dry,2013-05-24 06:00:00,5
15.99539998,-19.18789266,LA14,2013-05-24,06:20:00 AM,06:20:00,Cold-Dry,2013-05-24 06:20:00,5
15.99503072,-19.1868632,LA14,2013-05-24,06:40:00 AM,06:40:00,Cold-Dry,2013-05-24 06:40:00,5
15.99370728,-19.18329264,LA14,2013-05-24,07:00:00 AM,07:00:00,Cold-Dry,2013-05-24 07:00:00,5
15.99402059,-19.18036906,LA14,2013-05-24,07:20:00 AM,07:20:00,Cold-Dry,2013-05-24 07:20:00,5
15.99208577,-19.1764974,LA14,2013-05-24,07:40:00 AM,07:40:00,Cold-Dry,2013-05-24 07:40:00,5
15.99239604,-19.17003784,LA14,2013-05-24,08:00:00 AM,08:00:00,Cold-Dry,2013-05-24 08:00:00,5
15.9958608,-19.1632487,LA14,2013-05-24,08:20:00 AM,08:20:00,Cold-Dry,2013-05-24 08:20:00,5
15.99577128,-19.16318563,LA14,2013-05-24,08:40:00 AM,08:40:00,Cold-Dry,2013-05-24 08:40:00,5
15.99291789,-19.16519165,LA14,2013-05-24,09:00:00 AM,09:00:00,Cold-Dry,2013-05-24 09:00:00,5
15.99301961,-19.16507161,LA14,2013-05-24,09:20:00 AM,09:20:00,Cold-Dry,2013-05-24 09:20:00,5
15.99587911,-19.16315104,LA14,2013-05-24,09:40:00 AM,09:40:00,Cold-Dry,2013-05-24 09:40:00,5
15.99454753,-19.16804606,LA14,2013-05-24,10:00:00 AM,10:00:00,Cold-Dry,2013-05-24 10:00:00,5
15.99449158,-19.17085164,LA14,2013-05-24,10:20:00 AM,10:20:00,Cold-Dry,2013-05-24 10:20:00,5
15.99656677,-19.17708537,LA14,2013-05-24,10:40:00 AM,10:40:00,Cold-Dry,2013-05-24 10:40:00,5
15.99570414,-19.18068644,LA14,2013-05-24,11:00:00 AM,11:00:00,Cold-Dry,2013-05-24 11:00:00,5
15.99515177,-19.18233439,LA14,2013-05-24,11:20:00 AM,11:20:00,Cold-Dry,2013-05-24 11:20:00,5
15.99466451,-19.18269857,LA14,2013-05-24,11:40:00 AM,11:40:00,Cold-Dry,2013-05-24 11:40:00,5
15.9944102,-19.18285116,LA14,2013-05-24,12:00:00 PM,12:00:00,Cold-Dry,2013-05-24 12:00:00,5
15.99373169,-19.18238932,LA14,2013-05-24,12:20:00 PM,12:20:00,Cold-Dry,2013-05-24 12:20:00,5
15.99252523,-19.18202108,LA14,2013-05-24,12:40:00 PM,12:40:00,Cold-Dry,2013-05-24 12:40:00,5
15.99216105,-19.18175049,LA14,2013-05-24,01:00:00 PM,13:00:00,Cold-Dry,2013-05-24 13:00:00,5
15.9911733,-19.1799113,LA14,2013-05-24,01:20:00 PM,13:20:00,Cold-Dry,2013-05-24 13:20:00,5
15.99018148,-19.17776693,LA14,2013-05-24,01:40:00 PM,13:40:00,Cold-Dry,2013-05-24 13:40:00,5
15.98963521,-19.17376709,LA14,2013-05-24,02:00:00 PM,14:00:00,Cold-Dry,2013-05-24 14:00:00,5
15.99262187,-19.16786906,LA14,2013-05-24,02:20:00 PM,14:20:00,Cold-Dry,2013-05-24 14:20:00,5
15.99591878,-19.16312663,LA14,2013-05-24,02:40:00 PM,14:40:00,Cold-Dry,2013-05-24 14:40:00,5
15.99399719,-19.16420898,LA14,2013-05-24,03:00:00 PM,15:00:00,Cold-Dry,2013-05-24 15:00:00,5
15.98797201,-19.16712443,LA14,2013-05-24,03:20:00 PM,15:20:00,Cold-Dry,2013-05-24 15:20:00,5
15.98432414,-19.16865438,LA14,2013-05-24,03:40:00 PM,15:40:00,Cold-Dry,2013-05-24 15:40:00,5
15.97648519,-19.17350464,LA14,2013-05-24,04:00:00 PM,16:00:00,Cold-Dry,2013-05-24 16:00:00,5
15.96663717,-19.17753703,LA14,2013-05-24,04:20:00 PM,16:20:00,Cold-Dry,2013-05-24 16:20:00,5
15.96208394,-19.18057251,LA14,2013-05-24,04:40:00 PM,16:40:00,Cold-Dry,2013-05-24 16:40:00,5
15.95988668,-19.18237508,LA14,2013-05-24,05:00:00 PM,17:00:00,Cold-Dry,2013-05-24 17:00:00,5
15.95604757,-19.18431396,LA14,2013-05-24,05:20:00 PM,17:20:00,Cold-Dry,2013-05-24 17:20:00,5
15.95285746,-19.1848999,LA14,2013-05-24,05:40:00 PM,17:40:00,Cold-Dry,2013-05-24 17:40:00,5
15.94949849,-19.18588053,LA14,2013-05-24,06:00:00 PM,18:00:00,Cold-Dry,2013-05-24 18:00:00,5
15.9461202,-19.18774007,LA14,2013-05-24,06:20:00 PM,18:20:00,Cold-Dry,2013-05-24 18:20:00,5
15.94290263,-19.1889974,LA14,2013-05-24,06:40:00 PM,18:40:00,Cold-Dry,2013-05-24 18:40:00,5
15.94135132,-19.18919678,LA14,2013-05-24,07:00:00 PM,19:00:00,Cold-Dry,2013-05-24 19:00:00,5
15.93922831,-19.18962199,LA14,2013-05-24,07:20:00 PM,19:20:00,Cold-Dry,2013-05-24 19:20:00,5
15.92976583,-19.18932699,LA14,2013-05-24,07:40:00 PM,19:40:00,Cold-Dry,2013-05-24 19:40:00,5
15.91955363,-19.18584595,LA14,2013-05-24,08:00:00 PM,20:00:00,Cold-Dry,2013-05-24 20:00:00,5
15.91572571,-19.18133545,LA14,2013-05-24,08:20:00 PM,20:20:00,Cold-Dry,2013-05-24 20:20:00,5
15.90807088,-19.18789266,LA14,2013-05-24,08:40:00 PM,20:40:00,Cold-Dry,2013-05-24 20:40:00,5
15.90621541,-19.19455973,LA14,2013-05-24,09:00:00 PM,21:00:00,Cold-Dry,2013-05-24 21:00:00,5
15.90483297,-19.19666341,LA14,2013-05-24,09:20:00 PM,21:20:00,Cold-Dry,2013-05-24 21:20:00,5
15.90404154,-19.19821777,LA14,2013-05-24,09:40:00 PM,21:40:00,Cold-Dry,2013-05-24 21:40:00,5
15.90292358,-19.20268555,LA14,2013-05-24,10:00:00 PM,22:00:00,Cold-Dry,2013-05-24 22:00:00,5
15.89953918,-19.20950114,LA14,2013-05-24,10:20:00 PM,22:20:00,Cold-Dry,2013-05-24 22:20:00,5
15.89877625,-19.21067301,LA14,2013-05-24,10:40:00 PM,22:40:00,Cold-Dry,2013-05-24 22:40:00,5
15.89797668,-19.21099854,LA14,2013-05-24,11:00:00 PM,23:00:00,Cold-Dry,2013-05-24 23:00:00,5
15.89789327,-19.21240234,LA14,2013-05-24,11:20:00 PM,23:20:00,Cold-Dry,2013-05-24 23:20:00,5
15.89745483,-19.21317952,LA14,2013-05-24,11:40:00 PM,23:40:00,Cold-Dry,2013-05-24 23:40:00,5
15.89654439,-19.21434123,LA14,2013-05-25,12:00:00 AM,00:00:00,Cold-Dry,2013-05-25 00:00:00,5
15.89615479,-19.21428019,LA14,2013-05-25,12:20:00 AM,00:20:00,Cold-Dry,2013-05-25 00:20:00,5
15.89573975,-19.21508382,LA14,2013-05-25,12:40:00 AM,00:40:00,Cold-Dry,2013-05-25 00:40:00,5
15.89526265,-19.21504924,LA14,2013-05-25,01:00:00 AM,01:00:00,Cold-Dry,2013-05-25 01:00:00,5
15.89476013,-19.21543172,LA14,2013-05-25,01:20:00 AM,01:20:00,Cold-Dry,2013-05-25 01:20:00,5
15.89424032,-19.21571045,LA14,2013-05-25,01:40:00 AM,01:40:00,Cold-Dry,2013-05-25 01:40:00,5
15.89363302,-19.21664632,LA14,2013-05-25,02:00:00 AM,02:00:00,Cold-Dry,2013-05-25 02:00:00,5
15.8938324,-19.21696981,LA14,2013-05-25,02:20:00 AM,02:20:00,Cold-Dry,2013-05-25 02:20:00,5
15.89341431,-19.21714478,LA14,2013-05-25,02:40:00 AM,02:40:00,Cold-Dry,2013-05-25 02:40:00,5
15.89282939,-19.21702677,LA14,2013-05-25,03:00:00 AM,03:00:00,Cold-Dry,2013-05-25 03:00:00,5
15.89282125,-19.21705526,LA14,2013-05-25,03:20:00 AM,03:20:00,Cold-Dry,2013-05-25 03:20:00,5
15.89280701,-19.2170756,LA14,2013-05-25,03:40:00 AM,03:40:00,Cold-Dry,2013-05-25 03:40:00,5
15.89281616,-19.21703084,LA14,2013-05-25,04:00:00 AM,04:00:00,Cold-Dry,2013-05-25 04:00:00,5
15.89282328,-19.21704102,LA14,2013-05-25,04:20:00 AM,04:20:00,Cold-Dry,2013-05-25 04:20:00,5
15.89278463,-19.21706746,LA14,2013-05-25,04:40:00 AM,04:40:00,Cold-Dry,2013-05-25 04:40:00,5
15.89278463,-19.21711629,LA14,2013-05-25,05:00:00 AM,05:00:00,Cold-Dry,2013-05-25 05:00:00,5
15.8931132,-19.21849365,LA14,2013-05-25,05:20:00 AM,05:20:00,Cold-Dry,2013-05-25 05:20:00,5
15.89336344,-19.21911418,LA14,2013-05-25,05:40:00 AM,05:40:00,Cold-Dry,2013-05-25 05:40:00,5
15.89376424,-19.21967163,LA14,2013-05-25,06:00:00 AM,06:00:00,Cold-Dry,2013-05-25 06:00:00,5
15.8943217,-19.21989746,LA14,2013-05-25,06:20:00 AM,06:20:00,Cold-Dry,2013-05-25 06:20:00,5
15.89431763,-19.22006022,LA14,2013-05-25,06:40:00 AM,06:40:00,Cold-Dry,2013-05-25 06:40:00,5
15.8942627,-19.2200765,LA14,2013-05-25,07:00:00 AM,07:00:00,Cold-Dry,2013-05-25 07:00:00,5
15.89446513,-19.21913045,LA14,2013-05-25,07:20:00 AM,07:20:00,Cold-Dry,2013-05-25 07:20:00,5
15.89417826,-19.2184021,LA14,2013-05-25,07:40:00 AM,07:40:00,Cold-Dry,2013-05-25 07:40:00,5
15.89456075,-19.21800537,LA14,2013-05-25,08:00:00 AM,08:00:00,Cold-Dry,2013-05-25 08:00:00,5
15.89491475,-19.21801147,LA14,2013-05-25,08:20:00 AM,08:20:00,Cold-Dry,2013-05-25 08:20:00,5
15.89503581,-19.21725057,LA14,2013-05-25,08:40:00 AM,08:40:00,Cold-Dry,2013-05-25 08:40:00,5
15.89572245,-19.2165446,LA14,2013-05-25,09:00:00 AM,09:00:00,Cold-Dry,2013-05-25 09:00:00,5
15.89552104,-19.21573079,LA14,2013-05-25,09:20:00 AM,09:20:00,Cold-Dry,2013-05-25 09:20:00,5
15.89463196,-19.21406657,LA14,2013-05-25,09:40:00 AM,09:40:00,Cold-Dry,2013-05-25 09:40:00,5
15.89385376,-19.21202393,LA14,2013-05-25,10:00:00 AM,10:00:00,Cold-Dry,2013-05-25 10:00:00,5
15.89381612,-19.21176961,LA14,2013-05-25,10:20:00 AM,10:20:00,Cold-Dry,2013-05-25 10:20:00,5
15.89375407,-19.21125285,LA14,2013-05-25,10:40:00 AM,10:40:00,Cold-Dry,2013-05-25 10:40:00,5
15.89384054,-19.21000773,LA14,2013-05-25,11:00:00 AM,11:00:00,Cold-Dry,2013-05-25 11:00:00,5
15.89412537,-19.20953369,LA14,2013-05-25,11:20:00 AM,11:20:00,Cold-Dry,2013-05-25 11:20:00,5
15.89411926,-19.20952148,LA14,2013-05-25,11:40:00 AM,11:40:00,Cold-Dry,2013-05-25 11:40:00,5
15.89413249,-19.20953166,LA14,2013-05-25,12:00:00 PM,12:00:00,Cold-Dry,2013-05-25 12:00:00,5
15.89412231,-19.20953166,LA14,2013-05-25,12:20:00 PM,12:20:00,Cold-Dry,2013-05-25 12:20:00,5
15.89486389,-19.20846151,LA14,2013-05-25,12:40:00 PM,12:40:00,Cold-Dry,2013-05-25 12:40:00,5
15.89566549,-19.20777791,LA14,2013-05-25,01:00:00 PM,13:00:00,Cold-Dry,2013-05-25 13:00:00,5
15.89690043,-19.2075236,LA14,2013-05-25,01:20:00 PM,13:20:00,Cold-Dry,2013-05-25 13:20:00,5
15.89741516,-19.20668538,LA14,2013-05-25,01:40:00 PM,13:40:00,Cold-Dry,2013-05-25 13:40:00,5
15.89780986,-19.20633545,LA14,2013-05-25,02:00:00 PM,14:00:00,Cold-Dry,2013-05-25 14:00:00,5
15.89782104,-19.20636597,LA14,2013-05-25,02:20:00 PM,14:20:00,Cold-Dry,2013-05-25 14:20:00,5
15.89874166,-19.20488688,LA14,2013-05-25,02:40:00 PM,14:40:00,Cold-Dry,2013-05-25 14:40:00,5
15.90001526,-19.2024943,LA14,2013-05-25,03:00:00 PM,15:00:00,Cold-Dry,2013-05-25 15:00:00,5
15.90079753,-19.2013265,LA14,2013-05-25,03:20:00 PM,15:20:00,Cold-Dry,2013-05-25 15:20:00,5
15.90318298,-19.19698079,LA14,2013-05-25,03:40:00 PM,15:40:00,Cold-Dry,2013-05-25 15:40:00,5
15.90632426,-19.1916158,LA14,2013-05-25,04:00:00 PM,16:00:00,Cold-Dry,2013-05-25 16:00:00,5
15.91348063,-19.18255005,LA14,2013-05-25,04:20:00 PM,16:20:00,Cold-Dry,2013-05-25 16:20:00,5
15.91598104,-19.18077799,LA14,2013-05-25,04:40:00 PM,16:40:00,Cold-Dry,2013-05-25 16:40:00,5
15.91574605,-19.1829366,LA14,2013-05-25,05:00:00 PM,17:00:00,Cold-Dry,2013-05-25 17:00:00,5
15.91362305,-19.18837077,LA14,2013-05-25,05:20:00 PM,17:20:00,Cold-Dry,2013-05-25 17:20:00,5
15.91362305,-19.1931193,LA14,2013-05-25,05:40:00 PM,17:40:00,Cold-Dry,2013-05-25 17:40:00,5
15.91457316,-19.19665324,LA14,2013-05-25,06:00:00 PM,18:00:00,Cold-Dry,2013-05-25 18:00:00,5
15.91593221,-19.19898275,LA14,2013-05-25,06:20:00 PM,18:20:00,Cold-Dry,2013-05-25 18:20:00,5
15.91605632,-19.20092977,LA14,2013-05-25,06:40:00 PM,18:40:00,Cold-Dry,2013-05-25 18:40:00,5
15.9142334,-19.20444743,LA14,2013-05-25,07:00:00 PM,19:00:00,Cold-Dry,2013-05-25 19:00:00,5
15.91412862,-19.2102946,LA14,2013-05-25,07:20:00 PM,19:20:00,Cold-Dry,2013-05-25 19:20:00,5
15.91433207,-19.21290894,LA14,2013-05-25,07:40:00 PM,19:40:00,Cold-Dry,2013-05-25 19:40:00,5
15.9141571,-19.21472778,LA14,2013-05-25,08:00:00 PM,20:00:00,Cold-Dry,2013-05-25 20:00:00,5
15.91469828,-19.21692301,LA14,2013-05-25,08:20:00 PM,20:20:00,Cold-Dry,2013-05-25 20:20:00,5
15.91440938,-19.21776326,LA14,2013-05-25,08:40:00 PM,20:40:00,Cold-Dry,2013-05-25 20:40:00,5
15.91269023,-19.22082723,LA14,2013-05-25,09:00:00 PM,21:00:00,Cold-Dry,2013-05-25 21:00:00,5
15.91169332,-19.22353312,LA14,2013-05-25,09:20:00 PM,21:20:00,Cold-Dry,2013-05-25 21:20:00,5
15.91106059,-19.2269633,LA14,2013-05-25,09:40:00 PM,21:40:00,Cold-Dry,2013-05-25 21:40:00,5
15.90988464,-19.22899577,LA14,2013-05-25,10:00:00 PM,22:00:00,Cold-Dry,2013-05-25 22:00:00,5
15.90807393,-19.2317688,LA14,2013-05-25,10:20:00 PM,22:20:00,Cold-Dry,2013-05-25 22:20:00,5
15.90601908,-19.2336263,LA14,2013-05-25,10:40:00 PM,22:40:00,Cold-Dry,2013-05-25 22:40:00,5
15.90341187,-19.23523153,LA14,2013-05-25,11:00:00 PM,23:00:00,Cold-Dry,2013-05-25 23:00:00,5
15.9017924,-19.23614095,LA14,2013-05-25,11:20:00 PM,23:20:00,Cold-Dry,2013-05-25 23:20:00,5
15.90045268,-19.23723958,LA14,2013-05-25,11:40:00 PM,23:40:00,Cold-Dry,2013-05-25 23:40:00,5
15.89937439,-19.23792928,LA14,2013-05-26,12:00:00 AM,00:00:00,Cold-Dry,2013-05-26 00:00:00,5
15.89791158,-19.23762614,LA14,2013-05-26,12:20:00 AM,00:20:00,Cold-Dry,2013-05-26 00:20:00,5
15.89653117,-19.23803507,LA14,2013-05-26,12:40:00 AM,00:40:00,Cold-Dry,2013-05-26 00:40:00,5
15.89605204,-19.23893636,LA14,2013-05-26,01:00:00 AM,01:00:00,Cold-Dry,2013-05-26 01:00:00,5
15.89576721,-19.24079183,LA14,2013-05-26,01:20:00 AM,01:20:00,Cold-Dry,2013-05-26 01:20:00,5
15.89535116,-19.24155273,LA14,2013-05-26,01:40:00 AM,01:40:00,Cold-Dry,2013-05-26 01:40:00,5
15.89533183,-19.24160156,LA14,2013-05-26,02:00:00 AM,02:00:00,Cold-Dry,2013-05-26 02:00:00,5
15.89532572,-19.24160767,LA14,2013-05-26,02:20:00 AM,02:20:00,Cold-Dry,2013-05-26 02:20:00,5
15.89531047,-19.24158732,LA14,2013-05-26,02:40:00 AM,02:40:00,Cold-Dry,2013-05-26 02:40:00,5
15.8953064,-19.24158529,LA14,2013-05-26,03:00:00 AM,03:00:00,Cold-Dry,2013-05-26 03:00:00,5
15.89531555,-19.24162801,LA14,2013-05-26,03:20:00 AM,03:20:00,Cold-Dry,2013-05-26 03:20:00,5
15.89530334,-19.24163615,LA14,2013-05-26,03:40:00 AM,03:40:00,Cold-Dry,2013-05-26 03:40:00,5
15.89528809,-19.24164632,LA14,2013-05-26,04:00:00 AM,04:00:00,Cold-Dry,2013-05-26 04:00:00,5
15.89530233,-19.24164022,LA14,2013-05-26,04:20:00 AM,04:20:00,Cold-Dry,2013-05-26 04:20:00,5
15.895283,-19.24164022,LA14,2013-05-26,04:40:00 AM,04:40:00,Cold-Dry,2013-05-26 04:40:00,5
15.8947642,-19.24200846,LA14,2013-05-26,05:00:00 AM,05:00:00,Cold-Dry,2013-05-26 05:00:00,5
15.89452515,-19.24233602,LA14,2013-05-26,05:20:00 AM,05:20:00,Cold-Dry,2013-05-26 05:20:00,5
15.89426066,-19.24243978,LA14,2013-05-26,05:40:00 AM,05:40:00,Cold-Dry,2013-05-26 05:40:00,5
15.893809,-19.24271851,LA14,2013-05-26,06:00:00 AM,06:00:00,Cold-Dry,2013-05-26 06:00:00,5
15.89349467,-19.24248861,LA14,2013-05-26,06:20:00 AM,06:20:00,Cold-Dry,2013-05-26 06:20:00,5
15.8932251,-19.24207357,LA14,2013-05-26,06:40:00 AM,06:40:00,Cold-Dry,2013-05-26 06:40:00,5
15.89284566,-19.24144897,LA14,2013-05-26,07:00:00 AM,07:00:00,Cold-Dry,2013-05-26 07:00:00,5
15.89222005,-19.24034627,LA14,2013-05-26,07:20:00 AM,07:20:00,Cold-Dry,2013-05-26 07:20:00,5
15.89072673,-19.23921305,LA14,2013-05-26,07:40:00 AM,07:40:00,Cold-Dry,2013-05-26 07:40:00,5
15.8890686,-19.23752645,LA14,2013-05-26,08:00:00 AM,08:00:00,Cold-Dry,2013-05-26 08:00:00,5
15.8888092,-19.23680827,LA14,2013-05-26,08:20:00 AM,08:20:00,Cold-Dry,2013-05-26 08:20:00,5
15.88871155,-19.23568929,LA14,2013-05-26,08:40:00 AM,08:40:00,Cold-Dry,2013-05-26 08:40:00,5
15.88920288,-19.23483073,LA14,2013-05-26,09:00:00 AM,09:00:00,Cold-Dry,2013-05-26 09:00:00,5
15.88912862,-19.23393148,LA14,2013-05-26,09:20:00 AM,09:20:00,Cold-Dry,2013-05-26 09:20:00,5
15.88950907,-19.23332723,LA14,2013-05-26,09:40:00 AM,09:40:00,Cold-Dry,2013-05-26 09:40:00,5
15.88989461,-19.23247477,LA14,2013-05-26,10:00:00 AM,10:00:00,Cold-Dry,2013-05-26 10:00:00,5
15.88967489,-19.23132528,LA14,2013-05-26,10:20:00 AM,10:20:00,Cold-Dry,2013-05-26 10:20:00,5
15.88984782,-19.23024089,LA14,2013-05-26,10:40:00 AM,10:40:00,Cold-Dry,2013-05-26 10:40:00,5
15.89031169,-19.22936808,LA14,2013-05-26,11:00:00 AM,11:00:00,Cold-Dry,2013-05-26 11:00:00,5
15.89000549,-19.22839152,LA14,2013-05-26,11:20:00 AM,11:20:00,Cold-Dry,2013-05-26 11:20:00,5
15.89000651,-19.22839559,LA14,2013-05-26,11:40:00 AM,11:40:00,Cold-Dry,2013-05-26 11:40:00,5
15.89026489,-19.22744751,LA14,2013-05-26,12:00:00 PM,12:00:00,Cold-Dry,2013-05-26 12:00:00,5
15.89071757,-19.22575277,LA14,2013-05-26,12:20:00 PM,12:20:00,Cold-Dry,2013-05-26 12:20:00,5
15.89067485,-19.22472738,LA14,2013-05-26,12:40:00 PM,12:40:00,Cold-Dry,2013-05-26 12:40:00,5
15.89034119,-19.22366943,LA14,2013-05-26,01:00:00 PM,13:00:00,Cold-Dry,2013-05-26 13:00:00,5
15.89050802,-19.22220662,LA14,2013-05-26,01:20:00 PM,13:20:00,Cold-Dry,2013-05-26 13:20:00,5
15.8905304,-19.222229,LA14,2013-05-26,01:40:00 PM,13:40:00,Cold-Dry,2013-05-26 13:40:00,5
15.89053752,-19.22223307,LA14,2013-05-26,02:00:00 PM,14:00:00,Cold-Dry,2013-05-26 14:00:00,5
15.89052734,-19.22223307,LA14,2013-05-26,02:20:00 PM,14:20:00,Cold-Dry,2013-05-26 14:20:00,5
15.89053548,-19.22226156,LA14,2013-05-26,02:40:00 PM,14:40:00,Cold-Dry,2013-05-26 14:40:00,5
15.89130758,-19.2207133,LA14,2013-05-26,03:00:00 PM,15:00:00,Cold-Dry,2013-05-26 15:00:00,5
15.89151408,-19.21933797,LA14,2013-05-26,03:20:00 PM,15:20:00,Cold-Dry,2013-05-26 15:20:00,5
15.89230347,-19.2184021,LA14,2013-05-26,03:40:00 PM,15:40:00,Cold-Dry,2013-05-26 15:40:00,5
15.89372355,-19.21729533,LA14,2013-05-26,04:00:00 PM,16:00:00,Cold-Dry,2013-05-26 16:00:00,5
15.89503886,-19.21593221,LA14,2013-05-26,04:20:00 PM,16:20:00,Cold-Dry,2013-05-26 16:20:00,5
15.89677531,-19.21219076,LA14,2013-05-26,04:40:00 PM,16:40:00,Cold-Dry,2013-05-26 16:40:00,5
15.89780172,-19.21059367,LA14,2013-05-26,05:00:00 PM,17:00:00,Cold-Dry,2013-05-26 17:00:00,5
15.89953715,-19.20766602,LA14,2013-05-26,05:20:00 PM,17:20:00,Cold-Dry,2013-05-26 17:20:00,5
15.89981791,-19.20277507,LA14,2013-05-26,05:40:00 PM,17:40:00,Cold-Dry,2013-05-26 17:40:00,5
15.90218709,-19.19819132,LA14,2013-05-26,06:00:00 PM,18:00:00,Cold-Dry,2013-05-26 18:00:00,5
15.90484212,-19.19307454,LA14,2013-05-26,06:20:00 PM,18:20:00,Cold-Dry,2013-05-26 18:20:00,5
15.90890605,-19.1867513,LA14,2013-05-26,06:40:00 PM,18:40:00,Cold-Dry,2013-05-26 18:40:00,5
15.91584269,-19.18077189,LA14,2013-05-26,07:00:00 PM,19:00:00,Cold-Dry,2013-05-26 19:00:00,5
15.91597799,-19.18077799,LA14,2013-05-26,07:20:00 PM,19:20:00,Cold-Dry,2013-05-26 19:20:00,5
15.91598511,-19.18069255,LA14,2013-05-26,07:40:00 PM,19:40:00,Cold-Dry,2013-05-26 19:40:00,5
15.9146637,-19.18324178,LA14,2013-05-26,08:00:00 PM,20:00:00,Cold-Dry,2013-05-26 20:00:00,5
15.91381632,-19.19197795,LA14,2013-05-26,08:20:00 PM,20:20:00,Cold-Dry,2013-05-26 20:20:00,5
15.91624858,-19.19629517,LA14,2013-05-26,08:40:00 PM,20:40:00,Cold-Dry,2013-05-26 20:40:00,5
15.91664225,-19.19964193,LA14,2013-05-26,09:00:00 PM,21:00:00,Cold-Dry,2013-05-26 21:00:00,5
15.9180542,-19.2005839,LA14,2013-05-26,09:20:00 PM,21:20:00,Cold-Dry,2013-05-26 21:20:00,5
15.91955973,-19.20239054,LA14,2013-05-26,09:40:00 PM,21:40:00,Cold-Dry,2013-05-26 21:40:00,5
15.91914775,-19.20629476,LA14,2013-05-26,10:00:00 PM,22:00:00,Cold-Dry,2013-05-26 22:00:00,5
15.91753438,-19.21202596,LA14,2013-05-26,10:20:00 PM,22:20:00,Cold-Dry,2013-05-26 22:20:00,5
15.91695862,-19.21322632,LA14,2013-05-26,10:40:00 PM,22:40:00,Cold-Dry,2013-05-26 22:40:00,5
15.91591797,-19.21473592,LA14,2013-05-26,11:00:00 PM,23:00:00,Cold-Dry,2013-05-26 23:00:00,5
15.91136068,-19.21759847,LA14,2013-05-26,11:20:00 PM,23:20:00,Cold-Dry,2013-05-26 23:20:00,5
15.90906067,-19.22115479,LA14,2013-05-26,11:40:00 PM,23:40:00,Cold-Dry,2013-05-26 23:40:00,5
15.9059611,-19.22287801,LA14,2013-05-27,12:00:00 AM,00:00:00,Cold-Dry,2013-05-27 00:00:00,5
15.90421651,-19.22431641,LA14,2013-05-27,12:20:00 AM,00:20:00,Cold-Dry,2013-05-27 00:20:00,5
15.9032369,-19.22510783,LA14,2013-05-27,12:40:00 AM,00:40:00,Cold-Dry,2013-05-27 00:40:00,5
15.90161336,-19.22528076,LA14,2013-05-27,01:00:00 AM,01:00:00,Cold-Dry,2013-05-27 01:00:00,5
15.89993896,-19.2266215,LA14,2013-05-27,01:20:00 AM,01:20:00,Cold-Dry,2013-05-27 01:20:00,5
15.89820455,-19.22689006,LA14,2013-05-27,01:40:00 AM,01:40:00,Cold-Dry,2013-05-27 01:40:00,5
15.89678955,-19.22687378,LA14,2013-05-27,02:00:00 AM,02:00:00,Cold-Dry,2013-05-27 02:00:00,5
15.89600627,-19.22686971,LA14,2013-05-27,02:20:00 AM,02:20:00,Cold-Dry,2013-05-27 02:20:00,5
15.89528097,-19.22680054,LA14,2013-05-27,02:40:00 AM,02:40:00,Cold-Dry,2013-05-27 02:40:00,5
15.89499003,-19.22647705,LA14,2013-05-27,03:00:00 AM,03:00:00,Cold-Dry,2013-05-27 03:00:00,5
15.89500427,-19.22647502,LA14,2013-05-27,03:20:00 AM,03:20:00,Cold-Dry,2013-05-27 03:20:00,5
15.89499512,-19.2265564,LA14,2013-05-27,03:40:00 AM,03:40:00,Cold-Dry,2013-05-27 03:40:00,5
15.89500224,-19.2265564,LA14,2013-05-27,04:00:00 AM,04:00:00,Cold-Dry,2013-05-27 04:00:00,5
15.89492594,-19.22625936,LA14,2013-05-27,04:20:00 AM,04:20:00,Cold-Dry,2013-05-27 04:20:00,5
15.89494731,-19.22624105,LA14,2013-05-27,04:40:00 AM,04:40:00,Cold-Dry,2013-05-27 04:40:00,5
15.89420064,-19.22660522,LA14,2013-05-27,05:00:00 AM,05:00:00,Cold-Dry,2013-05-27 05:00:00,5
15.89350382,-19.22675578,LA14,2013-05-27,05:20:00 AM,05:20:00,Cold-Dry,2013-05-27 05:20:00,5
15.89248759,-19.22649536,LA14,2013-05-27,05:40:00 AM,05:40:00,Cold-Dry,2013-05-27 05:40:00,5
15.89170125,-19.22626139,LA14,2013-05-27,06:00:00 AM,06:00:00,Cold-Dry,2013-05-27 06:00:00,5
15.89070435,-19.22602336,LA14,2013-05-27,06:20:00 AM,06:20:00,Cold-Dry,2013-05-27 06:20:00,5
15.88993937,-19.22535197,LA14,2013-05-27,06:40:00 AM,06:40:00,Cold-Dry,2013-05-27 06:40:00,5
15.88944092,-19.22444865,LA14,2013-05-27,07:00:00 AM,07:00:00,Cold-Dry,2013-05-27 07:00:00,5
15.88878174,-19.22394816,LA14,2013-05-27,07:20:00 AM,07:20:00,Cold-Dry,2013-05-27 07:20:00,5
15.88820394,-19.22364299,LA14,2013-05-27,07:40:00 AM,07:40:00,Cold-Dry,2013-05-27 07:40:00,5
15.88759969,-19.22345988,LA14,2013-05-27,08:00:00 AM,08:00:00,Cold-Dry,2013-05-27 08:00:00,5
15.88736877,-19.22332967,LA14,2013-05-27,08:20:00 AM,08:20:00,Cold-Dry,2013-05-27 08:20:00,5
15.88694051,-19.222288,LA14,2013-05-27,08:40:00 AM,08:40:00,Cold-Dry,2013-05-27 08:40:00,5
15.88700053,-19.22130737,LA14,2013-05-27,09:00:00 AM,09:00:00,Cold-Dry,2013-05-27 09:00:00,5
15.88744507,-19.22038778,LA14,2013-05-27,09:20:00 AM,09:20:00,Cold-Dry,2013-05-27 09:20:00,5
15.88794047,-19.21857707,LA14,2013-05-27,09:40:00 AM,09:40:00,Cold-Dry,2013-05-27 09:40:00,5
15.88819478,-19.2184021,LA14,2013-05-27,10:00:00 AM,10:00:00,Cold-Dry,2013-05-27 10:00:00,5
15.88817037,-19.21840413,LA14,2013-05-27,10:20:00 AM,10:20:00,Cold-Dry,2013-05-27 10:20:00,5
15.88819071,-19.21839396,LA14,2013-05-27,10:40:00 AM,10:40:00,Cold-Dry,2013-05-27 10:40:00,5
15.88857727,-19.2168986,LA14,2013-05-27,11:00:00 AM,11:00:00,Cold-Dry,2013-05-27 11:00:00,5
15.8908549,-19.21409302,LA14,2013-05-27,11:20:00 AM,11:20:00,Cold-Dry,2013-05-27 11:20:00,5
15.89173075,-19.2116333,LA14,2013-05-27,11:40:00 AM,11:40:00,Cold-Dry,2013-05-27 11:40:00,5
15.89184875,-19.21015828,LA14,2013-05-27,12:00:00 PM,12:00:00,Cold-Dry,2013-05-27 12:00:00,5
15.89190165,-19.2099528,LA14,2013-05-27,12:20:00 PM,12:20:00,Cold-Dry,2013-05-27 12:20:00,5
15.89189046,-19.20996908,LA14,2013-05-27,12:40:00 PM,12:40:00,Cold-Dry,2013-05-27 12:40:00,5
15.89189758,-19.20996094,LA14,2013-05-27,01:00:00 PM,13:00:00,Cold-Dry,2013-05-27 13:00:00,5
15.89191895,-19.21000366,LA14,2013-05-27,01:20:00 PM,13:20:00,Cold-Dry,2013-05-27 13:20:00,5
15.89194336,-19.21004842,LA14,2013-05-27,01:40:00 PM,13:40:00,Cold-Dry,2013-05-27 13:40:00,5
15.89318237,-19.2090861,LA14,2013-05-27,02:00:00 PM,14:00:00,Cold-Dry,2013-05-27 14:00:00,5
15.89433289,-19.20825399,LA14,2013-05-27,02:20:00 PM,14:20:00,Cold-Dry,2013-05-27 14:20:00,5
15.89439087,-19.20797323,LA14,2013-05-27,02:40:00 PM,14:40:00,Cold-Dry,2013-05-27 14:40:00,5
15.8948995,-19.20739339,LA14,2013-05-27,03:00:00 PM,15:00:00,Cold-Dry,2013-05-27 15:00:00,5
15.89633179,-19.20479126,LA14,2013-05-27,03:20:00 PM,15:20:00,Cold-Dry,2013-05-27 15:20:00,5
15.89664408,-19.20066528,LA14,2013-05-27,03:40:00 PM,15:40:00,Cold-Dry,2013-05-27 15:40:00,5
15.89902242,-19.19819336,LA14,2013-05-27,04:00:00 PM,16:00:00,Cold-Dry,2013-05-27 16:00:00,5
15.9017039,-19.19463094,LA14,2013-05-27,04:20:00 PM,16:20:00,Cold-Dry,2013-05-27 16:20:00,5
15.90765584,-19.1882019,LA14,2013-05-27,04:40:00 PM,16:40:00,Cold-Dry,2013-05-27 16:40:00,5
15.91592916,-19.18119507,LA14,2013-05-27,05:00:00 PM,17:00:00,Cold-Dry,2013-05-27 17:00:00,5
15.91589966,-19.18071289,LA14,2013-05-27,05:20:00 PM,17:20:00,Cold-Dry,2013-05-27 17:20:00,5
15.91603292,-19.18112386,LA14,2013-05-27,05:40:00 PM,17:40:00,Cold-Dry,2013-05-27 17:40:00,5
15.91684265,-19.1836141,LA14,2013-05-27,06:00:00 PM,18:00:00,Cold-Dry,2013-05-27 18:00:00,5
15.91997782,-19.18677572,LA14,2013-05-27,06:20:00 PM,18:20:00,Cold-Dry,2013-05-27 18:20:00,5
15.92220357,-19.18916219,LA14,2013-05-27,06:40:00 PM,18:40:00,Cold-Dry,2013-05-27 18:40:00,5
15.92273865,-19.19018148,LA14,2013-05-27,07:00:00 PM,19:00:00,Cold-Dry,2013-05-27 19:00:00,5
15.92746175,-19.19317424,LA14,2013-05-27,07:20:00 PM,19:20:00,Cold-Dry,2013-05-27 19:20:00,5
15.93361003,-19.19638468,LA14,2013-05-27,07:40:00 PM,19:40:00,Cold-Dry,2013-05-27 19:40:00,5
15.93814901,-19.19907227,LA14,2013-05-27,08:00:00 PM,20:00:00,Cold-Dry,2013-05-27 20:00:00,5
15.9401123,-19.19980265,LA14,2013-05-27,08:20:00 PM,20:20:00,Cold-Dry,2013-05-27 20:20:00,5
15.94201152,-19.20005086,LA14,2013-05-27,08:40:00 PM,20:40:00,Cold-Dry,2013-05-27 20:40:00,5
15.94386393,-19.1996582,LA14,2013-05-27,09:00:00 PM,21:00:00,Cold-Dry,2013-05-27 21:00:00,5
15.94452108,-19.19944865,LA14,2013-05-27,09:20:00 PM,21:20:00,Cold-Dry,2013-05-27 21:20:00,5
15.94495138,-19.19917603,LA14,2013-05-27,09:40:00 PM,21:40:00,Cold-Dry,2013-05-27 21:40:00,5
15.94495138,-19.1983846,LA14,2013-05-27,10:00:00 PM,22:00:00,Cold-Dry,2013-05-27 22:00:00,5
15.9462026,-19.1980957,LA14,2013-05-27,10:20:00 PM,22:20:00,Cold-Dry,2013-05-27 22:20:00,5
15.94695638,-19.19819336,LA14,2013-05-27,10:40:00 PM,22:40:00,Cold-Dry,2013-05-27 22:40:00,5
15.94763184,-19.19828695,LA14,2013-05-27,11:00:00 PM,23:00:00,Cold-Dry,2013-05-27 23:00:00,5
15.94885254,-19.1989563,LA14,2013-05-27,11:20:00 PM,23:20:00,Cold-Dry,2013-05-27 23:20:00,5
15.95029297,-19.19953003,LA14,2013-05-27,11:40:00 PM,23:40:00,Cold-Dry,2013-05-27 23:40:00,5
15.95314535,-19.20453084,LA14,2013-05-28,12:00:00 AM,00:00:00,Cold-Dry,2013-05-28 00:00:00,5
15.95441081,-19.20595093,LA14,2013-05-28,12:20:00 AM,00:20:00,Cold-Dry,2013-05-28 00:20:00,5
15.95360718,-19.21047567,LA14,2013-05-28,12:40:00 AM,00:40:00,Cold-Dry,2013-05-28 00:40:00,5
15.95356038,-19.22015381,LA14,2013-05-28,01:00:00 AM,01:00:00,Cold-Dry,2013-05-28 01:00:00,5
15.95550028,-19.22732137,LA14,2013-05-28,01:20:00 AM,01:20:00,Cold-Dry,2013-05-28 01:20:00,5
15.95629171,-19.23219401,LA14,2013-05-28,01:40:00 AM,01:40:00,Cold-Dry,2013-05-28 01:40:00,5
15.95669352,-19.23343913,LA14,2013-05-28,02:00:00 AM,02:00:00,Cold-Dry,2013-05-28 02:00:00,5
15.95842896,-19.23539022,LA14,2013-05-28,02:20:00 AM,02:20:00,Cold-Dry,2013-05-28 02:20:00,5
15.95904134,-19.23698527,LA14,2013-05-28,02:40:00 AM,02:40:00,Cold-Dry,2013-05-28 02:40:00,5
15.95861918,-19.23708496,LA14,2013-05-28,03:00:00 AM,03:00:00,Cold-Dry,2013-05-28 03:00:00,5
15.95859172,-19.23710327,LA14,2013-05-28,03:20:00 AM,03:20:00,Cold-Dry,2013-05-28 03:20:00,5
15.95860799,-19.23708293,LA14,2013-05-28,03:40:00 AM,03:40:00,Cold-Dry,2013-05-28 03:40:00,5
15.95861918,-19.23707072,LA14,2013-05-28,04:00:00 AM,04:00:00,Cold-Dry,2013-05-28 04:00:00,5
15.95864054,-19.23699748,LA14,2013-05-28,04:20:00 AM,04:20:00,Cold-Dry,2013-05-28 04:20:00,5
15.95858663,-19.23711548,LA14,2013-05-28,04:40:00 AM,04:40:00,Cold-Dry,2013-05-28 04:40:00,5
15.9586263,-19.23707072,LA14,2013-05-28,05:00:00 AM,05:00:00,Cold-Dry,2013-05-28 05:00:00,5
15.95866903,-19.2370992,LA14,2013-05-28,05:20:00 AM,05:20:00,Cold-Dry,2013-05-28 05:20:00,5
15.95887044,-19.23879801,LA14,2013-05-28,05:40:00 AM,05:40:00,Cold-Dry,2013-05-28 05:40:00,5
15.96047567,-19.24180094,LA14,2013-05-28,06:00:00 AM,06:00:00,Cold-Dry,2013-05-28 06:00:00,5
15.96215515,-19.24559326,LA14,2013-05-28,06:20:00 AM,06:20:00,Cold-Dry,2013-05-28 06:20:00,5
15.96319784,-19.24709269,LA14,2013-05-28,06:40:00 AM,06:40:00,Cold-Dry,2013-05-28 06:40:00,5
15.96451314,-19.24932048,LA14,2013-05-28,07:00:00 AM,07:00:00,Cold-Dry,2013-05-28 07:00:00,5
15.96545105,-19.25024618,LA14,2013-05-28,07:20:00 AM,07:20:00,Cold-Dry,2013-05-28 07:20:00,5
15.96642456,-19.25136719,LA14,2013-05-28,07:40:00 AM,07:40:00,Cold-Dry,2013-05-28 07:40:00,5
15.96684163,-19.25161743,LA14,2013-05-28,08:00:00 AM,08:00:00,Cold-Dry,2013-05-28 08:00:00,5
15.96652018,-19.25253092,LA14,2013-05-28,08:20:00 AM,08:20:00,Cold-Dry,2013-05-28 08:20:00,5
15.96572978,-19.25330811,LA14,2013-05-28,08:40:00 AM,08:40:00,Cold-Dry,2013-05-28 08:40:00,5
15.96430868,-19.2553833,LA14,2013-05-28,09:00:00 AM,09:00:00,Cold-Dry,2013-05-28 09:00:00,5
15.96248067,-19.25675252,LA14,2013-05-28,09:20:00 AM,09:20:00,Cold-Dry,2013-05-28 09:20:00,5
15.96056824,-19.25832723,LA14,2013-05-28,09:40:00 AM,09:40:00,Cold-Dry,2013-05-28 09:40:00,5
15.96019389,-19.25939738,LA14,2013-05-28,10:00:00 AM,10:00:00,Cold-Dry,2013-05-28 10:00:00,5
15.96010946,-19.25988973,LA14,2013-05-28,10:20:00 AM,10:20:00,Cold-Dry,2013-05-28 10:20:00,5
15.95927633,-19.26016642,LA14,2013-05-28,10:40:00 AM,10:40:00,Cold-Dry,2013-05-28 10:40:00,5
15.95929565,-19.26021118,LA14,2013-05-28,11:00:00 AM,11:00:00,Cold-Dry,2013-05-28 11:00:00,5
15.95896606,-19.26010742,LA14,2013-05-28,11:20:00 AM,11:20:00,Cold-Dry,2013-05-28 11:20:00,5
15.95899048,-19.26010335,LA14,2013-05-28,11:40:00 AM,11:40:00,Cold-Dry,2013-05-28 11:40:00,5
15.95771993,-19.26028035,LA14,2013-05-28,12:00:00 PM,12:00:00,Cold-Dry,2013-05-28 12:00:00,5
15.95728861,-19.26032104,LA14,2013-05-28,12:20:00 PM,12:20:00,Cold-Dry,2013-05-28 12:20:00,5
15.95730794,-19.26032511,LA14,2013-05-28,12:40:00 PM,12:40:00,Cold-Dry,2013-05-28 12:40:00,5
15.95706584,-19.26066488,LA14,2013-05-28,01:00:00 PM,13:00:00,Cold-Dry,2013-05-28 13:00:00,5
15.95709941,-19.26065877,LA14,2013-05-28,01:20:00 PM,13:20:00,Cold-Dry,2013-05-28 13:20:00,5
15.9541036,-19.26305542,LA14,2013-05-28,01:40:00 PM,13:40:00,Cold-Dry,2013-05-28 13:40:00,5
15.95232442,-19.26702067,LA14,2013-05-28,02:00:00 PM,14:00:00,Cold-Dry,2013-05-28 14:00:00,5
15.95096334,-19.2693807,LA14,2013-05-28,02:20:00 PM,14:20:00,Cold-Dry,2013-05-28 14:20:00,5
15.94984233,-19.27533773,LA14,2013-05-28,02:40:00 PM,14:40:00,Cold-Dry,2013-05-28 14:40:00,5
15.94819743,-19.27935791,LA14,2013-05-28,03:00:00 PM,15:00:00,Cold-Dry,2013-05-28 15:00:00,5
15.94636841,-19.28431803,LA14,2013-05-28,03:20:00 PM,15:20:00,Cold-Dry,2013-05-28 15:20:00,5
15.94493612,-19.28706665,LA14,2013-05-28,03:40:00 PM,15:40:00,Cold-Dry,2013-05-28 15:40:00,5
15.9443217,-19.29320272,LA14,2013-05-28,04:00:00 PM,16:00:00,Cold-Dry,2013-05-28 16:00:00,5
15.94343363,-19.30031942,LA14,2013-05-28,04:20:00 PM,16:20:00,Cold-Dry,2013-05-28 16:20:00,5
15.94369405,-19.30802409,LA14,2013-05-28,04:40:00 PM,16:40:00,Cold-Dry,2013-05-28 16:40:00,5
15.94108378,-19.31619263,LA14,2013-05-28,05:00:00 PM,17:00:00,Cold-Dry,2013-05-28 17:00:00,5
15.94107463,-19.3162028,LA14,2013-05-28,05:20:00 PM,17:20:00,Cold-Dry,2013-05-28 17:20:00,5
15.94138489,-19.31605835,LA14,2013-05-28,05:40:00 PM,17:40:00,Cold-Dry,2013-05-28 17:40:00,5
15.94120585,-19.31606852,LA14,2013-05-28,06:00:00 PM,18:00:00,Cold-Dry,2013-05-28 18:00:00,5
15.94097087,-19.31503906,LA14,2013-05-28,06:20:00 PM,18:20:00,Cold-Dry,2013-05-28 18:20:00,5
15.94094238,-19.31447957,LA14,2013-05-28,06:40:00 PM,18:40:00,Cold-Dry,2013-05-28 18:40:00,5
15.94109701,-19.31408488,LA14,2013-05-28,07:00:00 PM,19:00:00,Cold-Dry,2013-05-28 19:00:00,5
15.94024658,-19.3081665,LA14,2013-05-28,07:20:00 PM,19:20:00,Cold-Dry,2013-05-28 19:20:00,5
15.93921305,-19.30339152,LA14,2013-05-28,07:40:00 PM,19:40:00,Cold-Dry,2013-05-28 19:40:00,5
15.93635966,-19.29689535,LA14,2013-05-28,08:00:00 PM,20:00:00,Cold-Dry,2013-05-28 20:00:00,5
15.934316,-19.28945923,LA14,2013-05-28,08:20:00 PM,20:20:00,Cold-Dry,2013-05-28 20:20:00,5
15.93348083,-19.28542277,LA14,2013-05-28,08:40:00 PM,20:40:00,Cold-Dry,2013-05-28 20:40:00,5
15.93262126,-19.28366699,LA14,2013-05-28,09:00:00 PM,21:00:00,Cold-Dry,2013-05-28 21:00:00,5
15.93097738,-19.28049113,LA14,2013-05-28,09:20:00 PM,21:20:00,Cold-Dry,2013-05-28 21:20:00,5
15.92975566,-19.2767985,LA14,2013-05-28,09:40:00 PM,21:40:00,Cold-Dry,2013-05-28 21:40:00,5
15.92865702,-19.27159627,LA14,2013-05-28,10:00:00 PM,22:00:00,Cold-Dry,2013-05-28 22:00:00,5
15.92753906,-19.26980794,LA14,2013-05-28,10:20:00 PM,22:20:00,Cold-Dry,2013-05-28 22:20:00,5
15.92784322,-19.26704915,LA14,2013-05-28,10:40:00 PM,22:40:00,Cold-Dry,2013-05-28 22:40:00,5
15.92908834,-19.2638326,LA14,2013-05-28,11:00:00 PM,23:00:00,Cold-Dry,2013-05-28 23:00:00,5
15.92858073,-19.26283366,LA14,2013-05-28,11:20:00 PM,23:20:00,Cold-Dry,2013-05-28 23:20:00,5
15.92878825,-19.26187134,LA14,2013-05-28,11:40:00 PM,23:40:00,Cold-Dry,2013-05-28 23:40:00,5
15.9294515,-19.26109619,LA14,2013-05-29,12:00:00 AM,00:00:00,Cold-Dry,2013-05-29 00:00:00,5
15.93030192,-19.2605367,LA14,2013-05-29,12:20:00 AM,00:20:00,Cold-Dry,2013-05-29 00:20:00,5
15.93136902,-19.25980225,LA14,2013-05-29,12:40:00 AM,00:40:00,Cold-Dry,2013-05-29 00:40:00,5
15.93307393,-19.25914714,LA14,2013-05-29,01:00:00 AM,01:00:00,Cold-Dry,2013-05-29 01:00:00,5
15.93357035,-19.25871582,LA14,2013-05-29,01:20:00 AM,01:20:00,Cold-Dry,2013-05-29 01:20:00,5
15.93470256,-19.25870972,LA14,2013-05-29,01:40:00 AM,01:40:00,Cold-Dry,2013-05-29 01:40:00,5
15.93517151,-19.25854492,LA14,2013-05-29,02:00:00 AM,02:00:00,Cold-Dry,2013-05-29 02:00:00,5
15.93515218,-19.2579834,LA14,2013-05-29,02:20:00 AM,02:20:00,Cold-Dry,2013-05-29 02:20:00,5
15.93529561,-19.25508626,LA14,2013-05-29,02:40:00 AM,02:40:00,Cold-Dry,2013-05-29 02:40:00,5
15.93476359,-19.25439657,LA14,2013-05-29,03:00:00 AM,03:00:00,Cold-Dry,2013-05-29 03:00:00,5
15.93476257,-19.25439657,LA14,2013-05-29,03:20:00 AM,03:20:00,Cold-Dry,2013-05-29 03:20:00,5
15.93481852,-19.25435384,LA14,2013-05-29,03:40:00 AM,03:40:00,Cold-Dry,2013-05-29 03:40:00,5
15.93479309,-19.25435384,LA14,2013-05-29,04:00:00 AM,04:00:00,Cold-Dry,2013-05-29 04:00:00,5
15.9347758,-19.25436808,LA14,2013-05-29,04:20:00 AM,04:20:00,Cold-Dry,2013-05-29 04:20:00,5
15.93476054,-19.25435994,LA14,2013-05-29,04:40:00 AM,04:40:00,Cold-Dry,2013-05-29 04:40:00,5
15.93477885,-19.25441081,LA14,2013-05-29,05:00:00 AM,05:00:00,Cold-Dry,2013-05-29 05:00:00,5
15.93481852,-19.25435384,LA14,2013-05-29,05:20:00 AM,05:20:00,Cold-Dry,2013-05-29 05:20:00,5
15.93524068,-19.25401408,LA14,2013-05-29,05:40:00 AM,05:40:00,Cold-Dry,2013-05-29 05:40:00,5
15.93886108,-19.25245972,LA14,2013-05-29,06:00:00 AM,06:00:00,Cold-Dry,2013-05-29 06:00:00,5
15.94069316,-19.25260824,LA14,2013-05-29,06:20:00 AM,06:20:00,Cold-Dry,2013-05-29 06:20:00,5
15.94143677,-19.25280355,LA14,2013-05-29,06:40:00 AM,06:40:00,Cold-Dry,2013-05-29 06:40:00,5
15.9416626,-19.25269572,LA14,2013-05-29,07:00:00 AM,07:00:00,Cold-Dry,2013-05-29 07:00:00,5
15.9417216,-19.25261027,LA14,2013-05-29,07:20:00 AM,07:20:00,Cold-Dry,2013-05-29 07:20:00,5
15.9415741,-19.25256755,LA14,2013-05-29,07:40:00 AM,07:40:00,Cold-Dry,2013-05-29 07:40:00,5
15.94205526,-19.25132243,LA14,2013-05-29,08:00:00 AM,08:00:00,Cold-Dry,2013-05-29 08:00:00,5
15.94248861,-19.2498759,LA14,2013-05-29,08:20:00 AM,08:20:00,Cold-Dry,2013-05-29 08:20:00,5
15.94274292,-19.24962158,LA14,2013-05-29,08:40:00 AM,08:40:00,Cold-Dry,2013-05-29 08:40:00,5
15.94256287,-19.24824626,LA14,2013-05-29,09:00:00 AM,09:00:00,Cold-Dry,2013-05-29 09:00:00,5
15.94273376,-19.24705607,LA14,2013-05-29,09:20:00 AM,09:20:00,Cold-Dry,2013-05-29 09:20:00,5
15.94276225,-19.24702962,LA14,2013-05-29,09:40:00 AM,09:40:00,Cold-Dry,2013-05-29 09:40:00,5
15.94276937,-19.24703979,LA14,2013-05-29,10:00:00 AM,10:00:00,Cold-Dry,2013-05-29 10:00:00,5
15.94279887,-19.24704386,LA14,2013-05-29,10:20:00 AM,10:20:00,Cold-Dry,2013-05-29 10:20:00,5
15.94279683,-19.24704793,LA14,2013-05-29,10:40:00 AM,10:40:00,Cold-Dry,2013-05-29 10:40:00,5
15.94278361,-19.24705607,LA14,2013-05-29,11:00:00 AM,11:00:00,Cold-Dry,2013-05-29 11:00:00,5
15.94281616,-19.24701742,LA14,2013-05-29,11:20:00 AM,11:20:00,Cold-Dry,2013-05-29 11:20:00,5
15.94255473,-19.24549561,LA14,2013-05-29,11:40:00 AM,11:40:00,Cold-Dry,2013-05-29 11:40:00,5
15.9418752,-19.24446818,LA14,2013-05-29,12:00:00 PM,12:00:00,Cold-Dry,2013-05-29 12:00:00,5
15.94107564,-19.24347941,LA14,2013-05-29,12:20:00 PM,12:20:00,Cold-Dry,2013-05-29 12:20:00,5
15.94109395,-19.24346924,LA14,2013-05-29,12:40:00 PM,12:40:00,Cold-Dry,2013-05-29 12:40:00,5
15.94109904,-19.24348145,LA14,2013-05-29,01:00:00 PM,13:00:00,Cold-Dry,2013-05-29 13:00:00,5
15.9398407,-19.24325358,LA14,2013-05-29,01:20:00 PM,13:20:00,Cold-Dry,2013-05-29 13:20:00,5
15.93855896,-19.2429362,LA14,2013-05-29,01:40:00 PM,13:40:00,Cold-Dry,2013-05-29 13:40:00,5
15.93701681,-19.24355062,LA14,2013-05-29,02:00:00 PM,14:00:00,Cold-Dry,2013-05-29 14:00:00,5
15.93687032,-19.24034627,LA14,2013-05-29,02:20:00 PM,14:20:00,Cold-Dry,2013-05-29 14:20:00,5
15.93673197,-19.23903198,LA14,2013-05-29,02:40:00 PM,14:40:00,Cold-Dry,2013-05-29 14:40:00,5
15.93639526,-19.23816935,LA14,2013-05-29,03:00:00 PM,15:00:00,Cold-Dry,2013-05-29 15:00:00,5
15.93578898,-19.23684692,LA14,2013-05-29,03:20:00 PM,15:20:00,Cold-Dry,2013-05-29 15:20:00,5
15.93528544,-19.23510946,LA14,2013-05-29,03:40:00 PM,15:40:00,Cold-Dry,2013-05-29 15:40:00,5
15.93542887,-19.23479207,LA14,2013-05-29,04:00:00 PM,16:00:00,Cold-Dry,2013-05-29 16:00:00,5
15.93550517,-19.23403524,LA14,2013-05-29,04:20:00 PM,16:20:00,Cold-Dry,2013-05-29 16:20:00,5
15.93566488,-19.23355916,LA14,2013-05-29,04:40:00 PM,16:40:00,Cold-Dry,2013-05-29 16:40:00,5
15.93540344,-19.23223063,LA14,2013-05-29,05:00:00 PM,17:00:00,Cold-Dry,2013-05-29 17:00:00,5
15.93463135,-19.23122965,LA14,2013-05-29,05:20:00 PM,17:20:00,Cold-Dry,2013-05-29 17:20:00,5
15.93316447,-19.234021,LA14,2013-05-29,05:40:00 PM,17:40:00,Cold-Dry,2013-05-29 17:40:00,5
15.93160604,-19.23660685,LA14,2013-05-29,06:00:00 PM,18:00:00,Cold-Dry,2013-05-29 18:00:00,5
15.93161316,-19.23662313,LA14,2013-05-29,06:20:00 PM,18:20:00,Cold-Dry,2013-05-29 18:20:00,5
15.93161825,-19.23663127,LA14,2013-05-29,06:40:00 PM,18:40:00,Cold-Dry,2013-05-29 18:40:00,5
15.93163859,-19.23662516,LA14,2013-05-29,07:00:00 PM,19:00:00,Cold-Dry,2013-05-29 19:00:00,5
15.93162638,-19.23664958,LA14,2013-05-29,07:20:00 PM,19:20:00,Cold-Dry,2013-05-29 19:20:00,5
15.93161519,-19.23664754,LA14,2013-05-29,07:40:00 PM,19:40:00,Cold-Dry,2013-05-29 19:40:00,5
15.93103434,-19.23920492,LA14,2013-05-29,08:00:00 PM,20:00:00,Cold-Dry,2013-05-29 20:00:00,5
15.93075867,-19.2398234,LA14,2013-05-29,08:20:00 PM,20:20:00,Cold-Dry,2013-05-29 20:20:00,5
15.928066,-19.24512939,LA14,2013-05-29,08:40:00 PM,20:40:00,Cold-Dry,2013-05-29 20:40:00,5
15.92651062,-19.25046183,LA14,2013-05-29,09:00:00 PM,21:00:00,Cold-Dry,2013-05-29 21:00:00,5
15.92867432,-19.25721639,LA14,2013-05-29,09:20:00 PM,21:20:00,Cold-Dry,2013-05-29 21:20:00,5
15.93149516,-19.26382853,LA14,2013-05-29,09:40:00 PM,21:40:00,Cold-Dry,2013-05-29 21:40:00,5
15.93263448,-19.271462,LA14,2013-05-29,10:00:00 PM,22:00:00,Cold-Dry,2013-05-29 22:00:00,5
15.93297017,-19.27652588,LA14,2013-05-29,10:20:00 PM,22:20:00,Cold-Dry,2013-05-29 22:20:00,5
15.93229879,-19.28385824,LA14,2013-05-29,10:40:00 PM,22:40:00,Cold-Dry,2013-05-29 22:40:00,5
15.93273926,-19.28782756,LA14,2013-05-29,11:00:00 PM,23:00:00,Cold-Dry,2013-05-29 23:00:00,5
15.93384908,-19.29565837,LA14,2013-05-29,11:20:00 PM,23:20:00,Cold-Dry,2013-05-29 23:20:00,5
15.93781026,-19.30495809,LA14,2013-05-29,11:40:00 PM,23:40:00,Cold-Dry,2013-05-29 23:40:00,5
15.94107259,-19.31570638,LA14,2013-05-30,12:00:00 AM,00:00:00,Cold-Dry,2013-05-30 00:00:00,5
15.9411794,-19.31608887,LA14,2013-05-30,12:20:00 AM,00:20:00,Cold-Dry,2013-05-30 00:20:00,5
15.94289551,-19.3109965,LA14,2013-05-30,12:40:00 AM,00:40:00,Cold-Dry,2013-05-30 00:40:00,5
15.94512634,-19.30581258,LA14,2013-05-30,01:00:00 AM,01:00:00,Cold-Dry,2013-05-30 01:00:00,5
15.9499939,-19.29615682,LA14,2013-05-30,01:20:00 AM,01:20:00,Cold-Dry,2013-05-30 01:20:00,5
15.95228678,-19.28624471,LA14,2013-05-30,01:40:00 AM,01:40:00,Cold-Dry,2013-05-30 01:40:00,5
15.95321452,-19.2824707,LA14,2013-05-30,02:00:00 AM,02:00:00,Cold-Dry,2013-05-30 02:00:00,5
15.95316874,-19.28031209,LA14,2013-05-30,02:20:00 AM,02:20:00,Cold-Dry,2013-05-30 02:20:00,5
15.9530721,-19.27904053,LA14,2013-05-30,02:40:00 AM,02:40:00,Cold-Dry,2013-05-30 02:40:00,5
15.95370789,-19.27845256,LA14,2013-05-30,03:00:00 AM,03:00:00,Cold-Dry,2013-05-30 03:00:00,5
15.95389913,-19.27803955,LA14,2013-05-30,03:20:00 AM,03:20:00,Cold-Dry,2013-05-30 03:20:00,5
15.95403137,-19.27794596,LA14,2013-05-30,03:40:00 AM,03:40:00,Cold-Dry,2013-05-30 03:40:00,5
15.95341085,-19.27718099,LA14,2013-05-30,04:00:00 AM,04:00:00,Cold-Dry,2013-05-30 04:00:00,5
15.95301107,-19.27706299,LA14,2013-05-30,04:20:00 AM,04:20:00,Cold-Dry,2013-05-30 04:20:00,5
15.9526123,-19.27580973,LA14,2013-05-30,04:40:00 AM,04:40:00,Cold-Dry,2013-05-30 04:40:00,5
15.95212199,-19.275177,LA14,2013-05-30,05:00:00 AM,05:00:00,Cold-Dry,2013-05-30 05:00:00,5
15.95158081,-19.27479248,LA14,2013-05-30,05:20:00 AM,05:20:00,Cold-Dry,2013-05-30 05:20:00,5
15.95131632,-19.27492065,LA14,2013-05-30,05:40:00 AM,05:40:00,Cold-Dry,2013-05-30 05:40:00,5
15.95027974,-19.271757,LA14,2013-05-30,06:00:00 AM,06:00:00,Cold-Dry,2013-05-30 06:00:00,5
15.95056152,-19.26871948,LA14,2013-05-30,06:20:00 AM,06:20:00,Cold-Dry,2013-05-30 06:20:00,5
15.95214437,-19.26510417,LA14,2013-05-30,06:40:00 AM,06:40:00,Cold-Dry,2013-05-30 06:40:00,5
15.9521403,-19.25836182,LA14,2013-05-30,07:00:00 AM,07:00:00,Cold-Dry,2013-05-30 07:00:00,5
15.95411784,-19.25585327,LA14,2013-05-30,07:20:00 AM,07:20:00,Cold-Dry,2013-05-30 07:20:00,5
15.95432332,-19.2556071,LA14,2013-05-30,07:40:00 AM,07:40:00,Cold-Dry,2013-05-30 07:40:00,5
15.95452677,-19.25516154,LA14,2013-05-30,08:00:00 AM,08:00:00,Cold-Dry,2013-05-30 08:00:00,5
15.954245,-19.25473022,LA14,2013-05-30,08:20:00 AM,08:20:00,Cold-Dry,2013-05-30 08:20:00,5
15.9538859,-19.25498047,LA14,2013-05-30,08:40:00 AM,08:40:00,Cold-Dry,2013-05-30 08:40:00,5
15.95341085,-19.25448812,LA14,2013-05-30,09:00:00 AM,09:00:00,Cold-Dry,2013-05-30 09:00:00,5
15.9513855,-19.2544515,LA14,2013-05-30,09:20:00 AM,09:20:00,Cold-Dry,2013-05-30 09:20:00,5
15.95108948,-19.25497233,LA14,2013-05-30,09:40:00 AM,09:40:00,Cold-Dry,2013-05-30 09:40:00,5
15.95110168,-19.2549764,LA14,2013-05-30,10:00:00 AM,10:00:00,Cold-Dry,2013-05-30 10:00:00,5
15.95109863,-19.25499878,LA14,2013-05-30,10:20:00 AM,10:20:00,Cold-Dry,2013-05-30 10:20:00,5
15.95112915,-19.25496216,LA14,2013-05-30,10:40:00 AM,10:40:00,Cold-Dry,2013-05-30 10:40:00,5
15.9511322,-19.25496623,LA14,2013-05-30,11:00:00 AM,11:00:00,Cold-Dry,2013-05-30 11:00:00,5
15.95141907,-19.25445557,LA14,2013-05-30,11:20:00 AM,11:20:00,Cold-Dry,2013-05-30 11:20:00,5
15.95202738,-19.25504964,LA14,2013-05-30,11:40:00 AM,11:40:00,Cold-Dry,2013-05-30 11:40:00,5
15.95203857,-19.25501506,LA14,2013-05-30,12:00:00 PM,12:00:00,Cold-Dry,2013-05-30 12:00:00,5
15.95201111,-19.25504354,LA14,2013-05-30,12:20:00 PM,12:20:00,Cold-Dry,2013-05-30 12:20:00,5
15.95192464,-19.25516357,LA14,2013-05-30,12:40:00 PM,12:40:00,Cold-Dry,2013-05-30 12:40:00,5
15.95117798,-19.25861003,LA14,2013-05-30,01:00:00 PM,13:00:00,Cold-Dry,2013-05-30 13:00:00,5
15.95009664,-19.25933024,LA14,2013-05-30,01:20:00 PM,13:20:00,Cold-Dry,2013-05-30 13:20:00,5
15.94897766,-19.2598409,LA14,2013-05-30,01:40:00 PM,13:40:00,Cold-Dry,2013-05-30 13:40:00,5
15.94922892,-19.26105347,LA14,2013-05-30,02:00:00 PM,14:00:00,Cold-Dry,2013-05-30 14:00:00,5
15.94921468,-19.26166178,LA14,2013-05-30,02:20:00 PM,14:20:00,Cold-Dry,2013-05-30 14:20:00,5
15.94681498,-19.26282349,LA14,2013-05-30,02:40:00 PM,14:40:00,Cold-Dry,2013-05-30 14:40:00,5
15.94421794,-19.26929525,LA14,2013-05-30,03:00:00 PM,15:00:00,Cold-Dry,2013-05-30 15:00:00,5
15.94367371,-19.27635905,LA14,2013-05-30,03:20:00 PM,15:20:00,Cold-Dry,2013-05-30 15:20:00,5
15.94411519,-19.2835673,LA14,2013-05-30,03:40:00 PM,15:40:00,Cold-Dry,2013-05-30 15:40:00,5
15.94411418,-19.29001465,LA14,2013-05-30,04:00:00 PM,16:00:00,Cold-Dry,2013-05-30 16:00:00,5
15.94468486,-19.29169922,LA14,2013-05-30,04:20:00 PM,16:20:00,Cold-Dry,2013-05-30 16:20:00,5
15.9465922,-19.2918986,LA14,2013-05-30,04:40:00 PM,16:40:00,Cold-Dry,2013-05-30 16:40:00,5
15.94586487,-19.29641317,LA14,2013-05-30,05:00:00 PM,17:00:00,Cold-Dry,2013-05-30 17:00:00,5
15.94375102,-19.30438029,LA14,2013-05-30,05:20:00 PM,17:20:00,Cold-Dry,2013-05-30 17:20:00,5
15.94244995,-19.3133138,LA14,2013-05-30,05:40:00 PM,17:40:00,Cold-Dry,2013-05-30 17:40:00,5
15.94107463,-19.31617228,LA14,2013-05-30,06:00:00 PM,18:00:00,Cold-Dry,2013-05-30 18:00:00,5
15.94291382,-19.31473389,LA14,2013-05-30,06:20:00 PM,18:20:00,Cold-Dry,2013-05-30 18:20:00,5
15.94392598,-19.31357625,LA14,2013-05-30,06:40:00 PM,18:40:00,Cold-Dry,2013-05-30 18:40:00,5
15.94625244,-19.30901896,LA14,2013-05-30,07:00:00 PM,19:00:00,Cold-Dry,2013-05-30 19:00:00,5
15.94785258,-19.3043925,LA14,2013-05-30,07:20:00 PM,19:20:00,Cold-Dry,2013-05-30 19:20:00,5
15.94982198,-19.29631348,LA14,2013-05-30,07:40:00 PM,19:40:00,Cold-Dry,2013-05-30 19:40:00,5
15.95290019,-19.28870239,LA14,2013-05-30,08:00:00 PM,20:00:00,Cold-Dry,2013-05-30 20:00:00,5
15.95687561,-19.28628337,LA14,2013-05-30,08:20:00 PM,20:20:00,Cold-Dry,2013-05-30 20:20:00,5
15.9585968,-19.28548381,LA14,2013-05-30,08:40:00 PM,20:40:00,Cold-Dry,2013-05-30 20:40:00,5
15.96025899,-19.28435669,LA14,2013-05-30,09:00:00 PM,21:00:00,Cold-Dry,2013-05-30 21:00:00,5
15.96074117,-19.28377482,LA14,2013-05-30,09:20:00 PM,21:20:00,Cold-Dry,2013-05-30 21:20:00,5
15.9614268,-19.28375651,LA14,2013-05-30,09:40:00 PM,21:40:00,Cold-Dry,2013-05-30 21:40:00,5
15.96307373,-19.28323771,LA14,2013-05-30,10:00:00 PM,22:00:00,Cold-Dry,2013-05-30 22:00:00,5
15.9644104,-19.28262533,LA14,2013-05-30,10:20:00 PM,22:20:00,Cold-Dry,2013-05-30 22:20:00,5
15.96491191,-19.28215535,LA14,2013-05-30,10:40:00 PM,22:40:00,Cold-Dry,2013-05-30 22:40:00,5
15.9649587,-19.28149821,LA14,2013-05-30,11:00:00 PM,23:00:00,Cold-Dry,2013-05-30 23:00:00,5
15.96628011,-19.28063151,LA14,2013-05-30,11:20:00 PM,23:20:00,Cold-Dry,2013-05-30 23:20:00,5
15.9666453,-19.28016357,LA14,2013-05-30,11:40:00 PM,23:40:00,Cold-Dry,2013-05-30 23:40:00,5
15.96696981,-19.27982992,LA14,2013-05-31,12:00:00 AM,00:00:00,Cold-Dry,2013-05-31 00:00:00,5
15.96763611,-19.27904256,LA14,2013-05-31,12:20:00 AM,00:20:00,Cold-Dry,2013-05-31 00:20:00,5
15.96698812,-19.27579346,LA14,2013-05-31,12:40:00 AM,00:40:00,Cold-Dry,2013-05-31 00:40:00,5
15.96694946,-19.27498576,LA14,2013-05-31,01:00:00 AM,01:00:00,Cold-Dry,2013-05-31 01:00:00,5
15.96722412,-19.27389323,LA14,2013-05-31,01:20:00 AM,01:20:00,Cold-Dry,2013-05-31 01:20:00,5
15.96775004,-19.27250977,LA14,2013-05-31,01:40:00 AM,01:40:00,Cold-Dry,2013-05-31 01:40:00,5
15.96802368,-19.27178548,LA14,2013-05-31,02:00:00 AM,02:00:00,Cold-Dry,2013-05-31 02:00:00,5
15.96885986,-19.27012329,LA14,2013-05-31,02:20:00 AM,02:20:00,Cold-Dry,2013-05-31 02:20:00,5
15.96887207,-19.27015788,LA14,2013-05-31,02:40:00 AM,02:40:00,Cold-Dry,2013-05-31 02:40:00,5
15.96886698,-19.27013143,LA14,2013-05-31,03:00:00 AM,03:00:00,Cold-Dry,2013-05-31 03:00:00,5
15.96881612,-19.27017212,LA14,2013-05-31,03:20:00 AM,03:20:00,Cold-Dry,2013-05-31 03:20:00,5
15.96877747,-19.27004395,LA14,2013-05-31,03:40:00 AM,03:40:00,Cold-Dry,2013-05-31 03:40:00,5
15.96890462,-19.27017212,LA14,2013-05-31,04:01:00 AM,04:01:00,Cold-Dry,2013-05-31 04:01:00,5
15.96890462,-19.27012939,LA14,2013-05-31,04:20:00 AM,04:20:00,Cold-Dry,2013-05-31 04:20:00,5
15.96888224,-19.27016602,LA14,2013-05-31,04:40:00 AM,04:40:00,Cold-Dry,2013-05-31 04:40:00,5
15.96891073,-19.27016195,LA14,2013-05-31,05:00:00 AM,05:00:00,Cold-Dry,2013-05-31 05:00:00,5
15.96885274,-19.26980184,LA14,2013-05-31,05:20:00 AM,05:20:00,Cold-Dry,2013-05-31 05:20:00,5
15.96875305,-19.26695964,LA14,2013-05-31,05:40:00 AM,05:40:00,Cold-Dry,2013-05-31 05:40:00,5
15.96794434,-19.26335449,LA14,2013-05-31,06:00:00 AM,06:00:00,Cold-Dry,2013-05-31 06:00:00,5
15.96817017,-19.25940145,LA14,2013-05-31,06:20:00 AM,06:20:00,Cold-Dry,2013-05-31 06:20:00,5
15.96807454,-19.25603638,LA14,2013-05-31,06:40:00 AM,06:40:00,Cold-Dry,2013-05-31 06:40:00,5
15.96768697,-19.25494385,LA14,2013-05-31,07:00:00 AM,07:00:00,Cold-Dry,2013-05-31 07:00:00,5
15.96702474,-19.25266113,LA14,2013-05-31,07:20:00 AM,07:20:00,Cold-Dry,2013-05-31 07:20:00,5
15.96652323,-19.25094604,LA14,2013-05-31,07:40:00 AM,07:40:00,Cold-Dry,2013-05-31 07:40:00,5
15.96634521,-19.25016073,LA14,2013-05-31,08:00:00 AM,08:00:00,Cold-Dry,2013-05-31 08:00:00,5
15.96682841,-19.24981283,LA14,2013-05-31,08:20:00 AM,08:20:00,Cold-Dry,2013-05-31 08:20:00,5
15.96738281,-19.2494812,LA14,2013-05-31,08:40:00 AM,08:40:00,Cold-Dry,2013-05-31 08:40:00,5
15.96795247,-19.24874878,LA14,2013-05-31,09:00:00 AM,09:00:00,Cold-Dry,2013-05-31 09:00:00,5
15.96761576,-19.24770711,LA14,2013-05-31,09:20:00 AM,09:20:00,Cold-Dry,2013-05-31 09:20:00,5
15.96761068,-19.24676717,LA14,2013-05-31,09:40:00 AM,09:40:00,Cold-Dry,2013-05-31 09:40:00,5
15.96543376,-19.24536743,LA14,2013-05-31,10:00:00 AM,10:00:00,Cold-Dry,2013-05-31 10:00:00,5
15.96543477,-19.24538371,LA14,2013-05-31,10:20:00 AM,10:20:00,Cold-Dry,2013-05-31 10:20:00,5
15.96543274,-19.24538574,LA14,2013-05-31,10:40:00 AM,10:40:00,Cold-Dry,2013-05-31 10:40:00,5
15.96398214,-19.2444987,LA14,2013-05-31,11:00:00 AM,11:00:00,Cold-Dry,2013-05-31 11:00:00,5
15.9621521,-19.24200643,LA14,2013-05-31,11:20:00 AM,11:20:00,Cold-Dry,2013-05-31 11:20:00,5
15.9609609,-19.24032796,LA14,2013-05-31,11:40:00 AM,11:40:00,Cold-Dry,2013-05-31 11:40:00,5
15.95948486,-19.23994751,LA14,2013-05-31,12:00:00 PM,12:00:00,Cold-Dry,2013-05-31 12:00:00,5
15.9594991,-19.23994344,LA14,2013-05-31,12:20:00 PM,12:20:00,Cold-Dry,2013-05-31 12:20:00,5
15.95949605,-19.23993937,LA14,2013-05-31,12:40:00 PM,12:40:00,Cold-Dry,2013-05-31 12:40:00,5
15.95945841,-19.2398641,LA14,2013-05-31,01:00:00 PM,13:00:00,Cold-Dry,2013-05-31 13:00:00,5
15.95518087,-19.23645833,LA14,2013-05-31,01:20:00 PM,13:20:00,Cold-Dry,2013-05-31 13:20:00,5
15.9525472,-19.23383586,LA14,2013-05-31,01:40:00 PM,13:40:00,Cold-Dry,2013-05-31 13:40:00,5
15.95043437,-19.23207601,LA14,2013-05-31,02:00:00 PM,14:00:00,Cold-Dry,2013-05-31 14:00:00,5
15.94943136,-19.23133545,LA14,2013-05-31,02:20:00 PM,14:20:00,Cold-Dry,2013-05-31 14:20:00,5
15.94796956,-19.22999268,LA14,2013-05-31,02:40:00 PM,14:40:00,Cold-Dry,2013-05-31 14:40:00,5
15.94647319,-19.22857056,LA14,2013-05-31,03:00:00 PM,15:00:00,Cold-Dry,2013-05-31 15:00:00,5
15.94514058,-19.22628784,LA14,2013-05-31,03:20:00 PM,15:20:00,Cold-Dry,2013-05-31 15:20:00,5
15.93987122,-19.22196452,LA14,2013-05-31,03:40:00 PM,15:40:00,Cold-Dry,2013-05-31 15:40:00,5
15.93637695,-19.21393229,LA14,2013-05-31,04:00:00 PM,16:00:00,Cold-Dry,2013-05-31 16:00:00,5
15.93294983,-19.20926107,LA14,2013-05-31,04:20:00 PM,16:20:00,Cold-Dry,2013-05-31 16:20:00,5
15.92791951,-19.20270182,LA14,2013-05-31,04:40:00 PM,16:40:00,Cold-Dry,2013-05-31 16:40:00,5
15.92492269,-19.19685059,LA14,2013-05-31,05:00:00 PM,17:00:00,Cold-Dry,2013-05-31 17:00:00,5
15.92101847,-19.18815918,LA14,2013-05-31,05:20:00 PM,17:20:00,Cold-Dry,2013-05-31 17:20:00,5
15.91575623,-19.18072103,LA14,2013-05-31,05:40:00 PM,17:40:00,Cold-Dry,2013-05-31 17:40:00,5
15.91559753,-19.18076375,LA14,2013-05-31,06:00:00 PM,18:00:00,Cold-Dry,2013-05-31 18:00:00,5
15.91167603,-19.18440552,LA14,2013-05-31,06:20:00 PM,18:20:00,Cold-Dry,2013-05-31 18:20:00,5
15.9088206,-19.19173991,LA14,2013-05-31,06:40:00 PM,18:40:00,Cold-Dry,2013-05-31 18:40:00,5
15.9062144,-19.19685262,LA14,2013-05-31,07:00:00 PM,19:00:00,Cold-Dry,2013-05-31 19:00:00,5
15.9040273,-19.20062866,LA14,2013-05-31,07:20:00 PM,19:20:00,Cold-Dry,2013-05-31 19:20:00,5
15.89992472,-19.20702515,LA14,2013-05-31,07:40:00 PM,19:40:00,Cold-Dry,2013-05-31 19:40:00,5
15.8968811,-19.21033529,LA14,2013-05-31,08:00:00 PM,20:00:00,Cold-Dry,2013-05-31 20:00:00,5
15.89553019,-19.21101278,LA14,2013-05-31,08:20:00 PM,20:20:00,Cold-Dry,2013-05-31 20:20:00,5
15.89469198,-19.21156209,LA14,2013-05-31,08:40:00 PM,20:40:00,Cold-Dry,2013-05-31 20:40:00,5
15.89386698,-19.21182048,LA14,2013-05-31,09:00:00 PM,21:00:00,Cold-Dry,2013-05-31 21:00:00,5
15.89348043,-19.21206868,LA14,2013-05-31,09:20:00 PM,21:20:00,Cold-Dry,2013-05-31 21:20:00,5
15.89311727,-19.21190186,LA14,2013-05-31,09:40:00 PM,21:40:00,Cold-Dry,2013-05-31 21:40:00,5
15.89267883,-19.21187948,LA14,2013-05-31,10:00:00 PM,22:00:00,Cold-Dry,2013-05-31 22:00:00,5
15.89269613,-19.21196493,LA14,2013-05-31,10:20:00 PM,22:20:00,Cold-Dry,2013-05-31 22:20:00,5
15.89209188,-19.21325684,LA14,2013-05-31,10:40:00 PM,22:40:00,Cold-Dry,2013-05-31 22:40:00,5
15.89169718,-19.2138916,LA14,2013-05-31,11:00:00 PM,23:00:00,Cold-Dry,2013-05-31 23:00:00,5
15.89114787,-19.21533407,LA14,2013-05-31,11:20:00 PM,23:20:00,Cold-Dry,2013-05-31 23:20:00,5
15.89128621,-19.21593221,LA14,2013-05-31,11:40:00 PM,23:40:00,Cold-Dry,2013-05-31 23:40:00,5
