Longitude,Latitude,individual-local-identifier,Date,timeAPM,Time,Season,DateTime,Month
16.45490621,-19.05812378,LA26,2012-09-01,12:00:00 AM,00:00:00,Hot-Dry,2012-09-01 00:00:00,9
16.46684672,-19.03897705,LA26,2012-09-01,12:20:00 PM,12:20:00,Hot-Dry,2012-09-01 12:20:00,9
16.46477458,-19.03932902,LA26,2012-09-01,12:40:00 PM,12:40:00,Hot-Dry,2012-09-01 12:40:00,9
16.46476034,-19.03929647,LA26,2012-09-01,01:00:00 PM,13:00:00,Hot-Dry,2012-09-01 13:00:00,9
16.46392924,-19.03991292,LA26,2012-09-01,01:20:00 PM,13:20:00,Hot-Dry,2012-09-01 13:20:00,9
16.46392721,-19.03992106,LA26,2012-09-01,01:40:00 PM,13:40:00,Hot-Dry,2012-09-01 13:40:00,9
16.46391805,-19.03991496,LA26,2012-09-01,02:00:00 PM,14:00:00,Hot-Dry,2012-09-01 14:00:00,9
16.46367086,-19.03986003,LA26,2012-09-01,02:20:00 PM,14:20:00,Hot-Dry,2012-09-01 14:20:00,9
16.46287231,-19.04031576,LA26,2012-09-01,02:40:00 PM,14:40:00,Hot-Dry,2012-09-01 14:40:00,9
16.46178691,-19.04079386,LA26,2012-09-01,03:00:00 PM,15:00:00,Hot-Dry,2012-09-01 15:00:00,9
16.46048075,-19.04121704,LA26,2012-09-01,03:20:00 PM,15:20:00,Hot-Dry,2012-09-01 15:20:00,9
16.45334167,-19.03972371,LA26,2012-09-01,03:40:00 PM,15:40:00,Hot-Dry,2012-09-01 15:40:00,9
16.44959106,-19.04146729,LA26,2012-09-01,04:00:00 PM,16:00:00,Hot-Dry,2012-09-01 16:00:00,9
16.44461772,-19.04457194,LA26,2012-09-01,04:20:00 PM,16:20:00,Hot-Dry,2012-09-01 16:20:00,9
16.44414063,-19.0454834,LA26,2012-09-01,04:40:00 PM,16:40:00,Hot-Dry,2012-09-01 16:40:00,9
16.44393209,-19.04633789,LA26,2012-09-01,05:00:00 PM,17:00:00,Hot-Dry,2012-09-01 17:00:00,9
16.44242147,-19.04633586,LA26,2012-09-01,05:20:00 PM,17:20:00,Hot-Dry,2012-09-01 17:20:00,9
16.44201558,-19.04622396,LA26,2012-09-01,05:40:00 PM,17:40:00,Hot-Dry,2012-09-01 17:40:00,9
16.44185384,-19.04611816,LA26,2012-09-01,06:00:00 PM,18:00:00,Hot-Dry,2012-09-01 18:00:00,9
16.43942668,-19.04552612,LA26,2012-09-01,06:20:00 PM,18:20:00,Hot-Dry,2012-09-01 18:20:00,9
16.4384613,-19.04581502,LA26,2012-09-01,06:40:00 PM,18:40:00,Hot-Dry,2012-09-01 18:40:00,9
16.43659261,-19.04597168,LA26,2012-09-01,07:00:00 PM,19:00:00,Hot-Dry,2012-09-01 19:00:00,9
16.43529256,-19.04597168,LA26,2012-09-01,07:20:00 PM,19:20:00,Hot-Dry,2012-09-01 19:20:00,9
16.43434855,-19.0462321,LA26,2012-09-01,07:40:00 PM,19:40:00,Hot-Dry,2012-09-01 19:40:00,9
16.43445841,-19.04679769,LA26,2012-09-01,08:00:00 PM,20:00:00,Hot-Dry,2012-09-01 20:00:00,9
16.4342631,-19.04827271,LA26,2012-09-01,08:20:00 PM,20:20:00,Hot-Dry,2012-09-01 20:20:00,9
16.43339335,-19.04995321,LA26,2012-09-01,08:40:00 PM,20:40:00,Hot-Dry,2012-09-01 20:40:00,9
16.43200175,-19.05151774,LA26,2012-09-01,09:00:00 PM,21:00:00,Hot-Dry,2012-09-01 21:00:00,9
16.43074036,-19.05311686,LA26,2012-09-01,09:20:00 PM,21:20:00,Hot-Dry,2012-09-01 21:20:00,9
16.42782593,-19.05481567,LA26,2012-09-01,09:40:00 PM,21:40:00,Hot-Dry,2012-09-01 21:40:00,9
16.42585246,-19.05527751,LA26,2012-09-01,10:00:00 PM,22:00:00,Hot-Dry,2012-09-01 22:00:00,9
16.42557373,-19.05497437,LA26,2012-09-01,10:20:00 PM,22:20:00,Hot-Dry,2012-09-01 22:20:00,9
16.42518412,-19.05489502,LA26,2012-09-01,10:40:00 PM,22:40:00,Hot-Dry,2012-09-01 22:40:00,9
16.42476807,-19.05503133,LA26,2012-09-01,11:00:00 PM,23:00:00,Hot-Dry,2012-09-01 23:00:00,9
16.42457581,-19.05471395,LA26,2012-09-01,11:20:00 PM,23:20:00,Hot-Dry,2012-09-01 23:20:00,9
16.42430115,-19.0544637,LA26,2012-09-01,11:40:00 PM,23:40:00,Hot-Dry,2012-09-01 23:40:00,9
16.42412821,-19.05413818,LA26,2012-09-02,12:00:00 AM,00:00:00,Hot-Dry,2012-09-02 00:00:00,9
16.42363892,-19.05386149,LA26,2012-09-02,12:20:00 AM,00:20:00,Hot-Dry,2012-09-02 00:20:00,9
16.42360331,-19.05384928,LA26,2012-09-02,12:40:00 AM,00:40:00,Hot-Dry,2012-09-02 00:40:00,9
16.42352295,-19.0538798,LA26,2012-09-02,01:00:00 AM,01:00:00,Hot-Dry,2012-09-02 01:00:00,9
16.42377523,-19.05384318,LA26,2012-09-02,01:20:00 AM,01:20:00,Hot-Dry,2012-09-02 01:20:00,9
16.4235026,-19.05417074,LA26,2012-09-02,01:40:00 AM,01:40:00,Hot-Dry,2012-09-02 01:40:00,9
16.4233724,-19.05465902,LA26,2012-09-02,02:00:00 AM,02:00:00,Hot-Dry,2012-09-02 02:00:00,9
16.42341614,-19.05473022,LA26,2012-09-02,02:20:00 AM,02:20:00,Hot-Dry,2012-09-02 02:20:00,9
16.42355652,-19.05470581,LA26,2012-09-02,02:40:00 AM,02:40:00,Hot-Dry,2012-09-02 02:40:00,9
16.42369995,-19.05381266,LA26,2012-09-02,03:00:00 AM,03:00:00,Hot-Dry,2012-09-02 03:00:00,9
16.4236674,-19.05380046,LA26,2012-09-02,03:20:00 AM,03:20:00,Hot-Dry,2012-09-02 03:20:00,9
16.42363993,-19.05379842,LA26,2012-09-02,03:40:00 AM,03:40:00,Hot-Dry,2012-09-02 03:40:00,9
16.42365519,-19.05378215,LA26,2012-09-02,04:00:00 AM,04:00:00,Hot-Dry,2012-09-02 04:00:00,9
16.42362467,-19.05380249,LA26,2012-09-02,04:20:00 AM,04:20:00,Hot-Dry,2012-09-02 04:20:00,9
16.42364095,-19.05380656,LA26,2012-09-02,04:40:00 AM,04:40:00,Hot-Dry,2012-09-02 04:40:00,9
16.42364705,-19.0537618,LA26,2012-09-02,05:00:00 AM,05:00:00,Hot-Dry,2012-09-02 05:00:00,9
16.42359009,-19.05367635,LA26,2012-09-02,05:20:00 AM,05:20:00,Hot-Dry,2012-09-02 05:20:00,9
16.42371521,-19.05360514,LA26,2012-09-02,05:40:00 AM,05:40:00,Hot-Dry,2012-09-02 05:40:00,9
16.4238973,-19.0530131,LA26,2012-09-02,06:00:00 AM,06:00:00,Hot-Dry,2012-09-02 06:00:00,9
16.42384949,-19.05289103,LA26,2012-09-02,06:20:00 AM,06:20:00,Hot-Dry,2012-09-02 06:20:00,9
16.42366943,-19.05274251,LA26,2012-09-02,06:40:00 AM,06:40:00,Hot-Dry,2012-09-02 06:40:00,9
16.42409871,-19.05236613,LA26,2012-09-02,07:00:00 AM,07:00:00,Hot-Dry,2012-09-02 07:00:00,9
16.42413432,-19.05166626,LA26,2012-09-02,07:20:00 AM,07:20:00,Hot-Dry,2012-09-02 07:20:00,9
16.42607218,-19.05102132,LA26,2012-09-02,07:40:00 AM,07:40:00,Hot-Dry,2012-09-02 07:40:00,9
16.42638245,-19.05089111,LA26,2012-09-02,08:00:00 AM,08:00:00,Hot-Dry,2012-09-02 08:00:00,9
16.42900899,-19.04772746,LA26,2012-09-02,08:20:00 AM,08:20:00,Hot-Dry,2012-09-02 08:20:00,9
16.43030497,-19.04657593,LA26,2012-09-02,08:40:00 AM,08:40:00,Hot-Dry,2012-09-02 08:40:00,9
16.43204041,-19.0458313,LA26,2012-09-02,09:00:00 AM,09:00:00,Hot-Dry,2012-09-02 09:00:00,9
16.43201599,-19.04583333,LA26,2012-09-02,09:20:00 AM,09:20:00,Hot-Dry,2012-09-02 09:20:00,9
16.43203735,-19.04582723,LA26,2012-09-02,09:40:00 AM,09:40:00,Hot-Dry,2012-09-02 09:40:00,9
16.43203634,-19.04582723,LA26,2012-09-02,10:00:00 AM,10:00:00,Hot-Dry,2012-09-02 10:00:00,9
16.43343201,-19.04578857,LA26,2012-09-02,10:20:00 AM,10:20:00,Hot-Dry,2012-09-02 10:20:00,9
16.437677,-19.0448466,LA26,2012-09-02,10:40:00 AM,10:40:00,Hot-Dry,2012-09-02 10:40:00,9
16.43769633,-19.04481201,LA26,2012-09-02,11:00:00 AM,11:00:00,Hot-Dry,2012-09-02 11:00:00,9
16.43774414,-19.04482218,LA26,2012-09-02,11:20:00 AM,11:20:00,Hot-Dry,2012-09-02 11:20:00,9
16.43773702,-19.04482218,LA26,2012-09-02,11:40:00 AM,11:40:00,Hot-Dry,2012-09-02 11:40:00,9
16.43803304,-19.04443563,LA26,2012-09-02,12:00:00 PM,12:00:00,Hot-Dry,2012-09-02 12:00:00,9
16.43799032,-19.04442342,LA26,2012-09-02,12:20:00 PM,12:20:00,Hot-Dry,2012-09-02 12:20:00,9
16.43800151,-19.04442546,LA26,2012-09-02,12:40:00 PM,12:40:00,Hot-Dry,2012-09-02 12:40:00,9
16.4407369,-19.04424032,LA26,2012-09-02,01:00:00 PM,13:00:00,Hot-Dry,2012-09-02 13:00:00,9
16.45024007,-19.04082845,LA26,2012-09-02,01:20:00 PM,13:20:00,Hot-Dry,2012-09-02 13:20:00,9
16.45339254,-19.03971354,LA26,2012-09-02,01:40:00 PM,13:40:00,Hot-Dry,2012-09-02 13:40:00,9
16.45454,-19.03922933,LA26,2012-09-02,02:00:00 PM,14:00:00,Hot-Dry,2012-09-02 14:00:00,9
16.45523987,-19.03885905,LA26,2012-09-02,02:20:00 PM,14:20:00,Hot-Dry,2012-09-02 14:20:00,9
16.45841166,-19.03804525,LA26,2012-09-02,02:40:00 PM,14:40:00,Hot-Dry,2012-09-02 14:40:00,9
16.46714376,-19.03995565,LA26,2012-09-02,03:00:00 PM,15:00:00,Hot-Dry,2012-09-02 15:00:00,9
16.47015889,-19.04028727,LA26,2012-09-02,03:20:00 PM,15:20:00,Hot-Dry,2012-09-02 15:20:00,9
16.47176208,-19.04297689,LA26,2012-09-02,03:40:00 PM,15:40:00,Hot-Dry,2012-09-02 15:40:00,9
16.47032471,-19.04503377,LA26,2012-09-02,04:00:00 PM,16:00:00,Hot-Dry,2012-09-02 16:00:00,9
16.46945089,-19.04633586,LA26,2012-09-02,04:20:00 PM,16:20:00,Hot-Dry,2012-09-02 16:20:00,9
16.46898499,-19.04780273,LA26,2012-09-02,04:40:00 PM,16:40:00,Hot-Dry,2012-09-02 16:40:00,9
16.46973979,-19.04818522,LA26,2012-09-02,05:00:00 PM,17:00:00,Hot-Dry,2012-09-02 17:00:00,9
16.46930542,-19.04921468,LA26,2012-09-02,05:20:00 PM,17:20:00,Hot-Dry,2012-09-02 17:20:00,9
16.4685435,-19.05127563,LA26,2012-09-02,05:40:00 PM,17:40:00,Hot-Dry,2012-09-02 17:40:00,9
16.46795553,-19.05556234,LA26,2012-09-02,06:00:00 PM,18:00:00,Hot-Dry,2012-09-02 18:00:00,9
16.46551208,-19.059729,LA26,2012-09-02,06:20:00 PM,18:20:00,Hot-Dry,2012-09-02 18:20:00,9
16.46388245,-19.06071574,LA26,2012-09-02,06:40:00 PM,18:40:00,Hot-Dry,2012-09-02 18:40:00,9
16.46372782,-19.06096802,LA26,2012-09-02,07:00:00 PM,19:00:00,Hot-Dry,2012-09-02 19:00:00,9
16.46353556,-19.0605896,LA26,2012-09-02,07:20:00 PM,19:20:00,Hot-Dry,2012-09-02 19:20:00,9
16.46325073,-19.06093953,LA26,2012-09-02,07:40:00 PM,19:40:00,Hot-Dry,2012-09-02 19:40:00,9
16.46331482,-19.06194458,LA26,2012-09-02,08:00:00 PM,20:00:00,Hot-Dry,2012-09-02 20:00:00,9
16.46232096,-19.06336466,LA26,2012-09-02,08:20:00 PM,20:20:00,Hot-Dry,2012-09-02 20:20:00,9
16.46227214,-19.06432088,LA26,2012-09-02,08:40:00 PM,20:40:00,Hot-Dry,2012-09-02 20:40:00,9
16.4618276,-19.06526896,LA26,2012-09-02,09:00:00 PM,21:00:00,Hot-Dry,2012-09-02 21:00:00,9
16.46151123,-19.0657491,LA26,2012-09-02,09:20:00 PM,21:20:00,Hot-Dry,2012-09-02 21:20:00,9
16.46088664,-19.06693115,LA26,2012-09-02,09:40:00 PM,21:40:00,Hot-Dry,2012-09-02 21:40:00,9
16.46057129,-19.06788534,LA26,2012-09-02,10:00:00 PM,22:00:00,Hot-Dry,2012-09-02 22:00:00,9
16.46006266,-19.06876831,LA26,2012-09-02,10:20:00 PM,22:20:00,Hot-Dry,2012-09-02 22:20:00,9
16.45976257,-19.06904704,LA26,2012-09-02,10:40:00 PM,22:40:00,Hot-Dry,2012-09-02 22:40:00,9
16.45908508,-19.06923625,LA26,2012-09-02,11:00:00 PM,23:00:00,Hot-Dry,2012-09-02 23:00:00,9
16.45866699,-19.07019857,LA26,2012-09-02,11:20:00 PM,23:20:00,Hot-Dry,2012-09-02 23:20:00,9
16.45857544,-19.07017415,LA26,2012-09-02,11:40:00 PM,23:40:00,Hot-Dry,2012-09-02 23:40:00,9
16.45857849,-19.07019246,LA26,2012-09-03,12:00:00 AM,00:00:00,Hot-Dry,2012-09-03 00:00:00,9
16.45857239,-19.07018433,LA26,2012-09-03,12:20:00 AM,00:20:00,Hot-Dry,2012-09-03 00:20:00,9
16.45858968,-19.07017008,LA26,2012-09-03,12:40:00 AM,00:40:00,Hot-Dry,2012-09-03 00:40:00,9
16.45827026,-19.07087402,LA26,2012-09-03,01:00:00 AM,01:00:00,Hot-Dry,2012-09-03 01:00:00,9
16.45733236,-19.07337443,LA26,2012-09-03,01:20:00 AM,01:20:00,Hot-Dry,2012-09-03 01:20:00,9
16.45726217,-19.07401937,LA26,2012-09-03,01:40:00 AM,01:40:00,Hot-Dry,2012-09-03 01:40:00,9
16.4575236,-19.07417603,LA26,2012-09-03,02:00:00 AM,02:00:00,Hot-Dry,2012-09-03 02:00:00,9
16.45826111,-19.07431641,LA26,2012-09-03,02:20:00 AM,02:20:00,Hot-Dry,2012-09-03 02:20:00,9
16.45826925,-19.07428996,LA26,2012-09-03,02:40:00 AM,02:40:00,Hot-Dry,2012-09-03 02:40:00,9
16.45826721,-19.0743042,LA26,2012-09-03,03:00:00 AM,03:00:00,Hot-Dry,2012-09-03 03:00:00,9
16.45827026,-19.07431844,LA26,2012-09-03,03:20:00 AM,03:20:00,Hot-Dry,2012-09-03 03:20:00,9
16.45828451,-19.07429606,LA26,2012-09-03,03:40:00 AM,03:40:00,Hot-Dry,2012-09-03 03:40:00,9
16.45828654,-19.07433065,LA26,2012-09-03,04:00:00 AM,04:00:00,Hot-Dry,2012-09-03 04:00:00,9
16.45824178,-19.0743042,LA26,2012-09-03,04:20:00 AM,04:20:00,Hot-Dry,2012-09-03 04:20:00,9
16.45831706,-19.07426147,LA26,2012-09-03,04:40:00 AM,04:40:00,Hot-Dry,2012-09-03 04:40:00,9
16.4578481,-19.0748291,LA26,2012-09-03,05:00:00 AM,05:00:00,Hot-Dry,2012-09-03 05:00:00,9
16.45743612,-19.07524821,LA26,2012-09-03,05:20:00 AM,05:20:00,Hot-Dry,2012-09-03 05:20:00,9
16.45681458,-19.07614746,LA26,2012-09-03,05:40:00 AM,05:40:00,Hot-Dry,2012-09-03 05:40:00,9
16.45632426,-19.07716675,LA26,2012-09-03,06:00:00 AM,06:00:00,Hot-Dry,2012-09-03 06:00:00,9
16.45547485,-19.07859701,LA26,2012-09-03,06:20:00 AM,06:20:00,Hot-Dry,2012-09-03 06:20:00,9
16.45528056,-19.07891235,LA26,2012-09-03,06:40:00 AM,06:40:00,Hot-Dry,2012-09-03 06:40:00,9
16.45232747,-19.07872925,LA26,2012-09-03,07:00:00 AM,07:00:00,Hot-Dry,2012-09-03 07:00:00,9
16.45107829,-19.07757772,LA26,2012-09-03,07:20:00 AM,07:20:00,Hot-Dry,2012-09-03 07:20:00,9
16.45087484,-19.07702637,LA26,2012-09-03,07:40:00 AM,07:40:00,Hot-Dry,2012-09-03 07:40:00,9
16.45053813,-19.07561646,LA26,2012-09-03,08:00:00 AM,08:00:00,Hot-Dry,2012-09-03 08:00:00,9
16.4525238,-19.0744812,LA26,2012-09-03,08:20:00 AM,08:20:00,Hot-Dry,2012-09-03 08:20:00,9
16.45337524,-19.07313436,LA26,2012-09-03,08:40:00 AM,08:40:00,Hot-Dry,2012-09-03 08:40:00,9
16.45370483,-19.07151286,LA26,2012-09-03,09:00:00 AM,09:00:00,Hot-Dry,2012-09-03 09:00:00,9
16.45529989,-19.06466878,LA26,2012-09-03,09:20:00 AM,09:20:00,Hot-Dry,2012-09-03 09:20:00,9
16.45951538,-19.05777384,LA26,2012-09-03,09:40:00 AM,09:40:00,Hot-Dry,2012-09-03 09:40:00,9
16.46481934,-19.05146688,LA26,2012-09-03,10:00:00 AM,10:00:00,Hot-Dry,2012-09-03 10:00:00,9
16.46930847,-19.04310099,LA26,2012-09-03,10:20:00 AM,10:20:00,Hot-Dry,2012-09-03 10:20:00,9
16.46987406,-19.0399353,LA26,2012-09-03,10:40:00 AM,10:40:00,Hot-Dry,2012-09-03 10:40:00,9
16.47017212,-19.0401652,LA26,2012-09-03,11:00:00 AM,11:00:00,Hot-Dry,2012-09-03 11:00:00,9
16.47030945,-19.04022624,LA26,2012-09-03,11:20:00 AM,11:20:00,Hot-Dry,2012-09-03 11:20:00,9
16.47029622,-19.04078776,LA26,2012-09-03,11:40:00 AM,11:40:00,Hot-Dry,2012-09-03 11:40:00,9
16.47181702,-19.04221395,LA26,2012-09-03,12:00:00 PM,12:00:00,Hot-Dry,2012-09-03 12:00:00,9
16.47286174,-19.04280192,LA26,2012-09-03,12:20:00 PM,12:20:00,Hot-Dry,2012-09-03 12:20:00,9
16.473644,-19.04296875,LA26,2012-09-03,12:40:00 PM,12:40:00,Hot-Dry,2012-09-03 12:40:00,9
16.4740509,-19.04202881,LA26,2012-09-03,01:00:00 PM,13:00:00,Hot-Dry,2012-09-03 13:00:00,9
16.47420247,-19.04161987,LA26,2012-09-03,01:20:00 PM,13:20:00,Hot-Dry,2012-09-03 13:20:00,9
16.47423604,-19.04159749,LA26,2012-09-03,01:40:00 PM,13:40:00,Hot-Dry,2012-09-03 13:40:00,9
16.47932027,-19.04024658,LA26,2012-09-03,02:00:00 PM,14:00:00,Hot-Dry,2012-09-03 14:00:00,9
16.48593241,-19.03855184,LA26,2012-09-03,02:20:00 PM,14:20:00,Hot-Dry,2012-09-03 14:20:00,9
16.4894989,-19.03841349,LA26,2012-09-03,02:40:00 PM,14:40:00,Hot-Dry,2012-09-03 14:40:00,9
16.48982544,-19.03844808,LA26,2012-09-03,03:00:00 PM,15:00:00,Hot-Dry,2012-09-03 15:00:00,9
16.49025574,-19.03831991,LA26,2012-09-03,03:20:00 PM,15:20:00,Hot-Dry,2012-09-03 15:20:00,9
16.49063212,-19.03851725,LA26,2012-09-03,03:40:00 PM,15:40:00,Hot-Dry,2012-09-03 15:40:00,9
16.49112651,-19.0386556,LA26,2012-09-03,04:00:00 PM,16:00:00,Hot-Dry,2012-09-03 16:00:00,9
16.49158223,-19.03876546,LA26,2012-09-03,04:20:00 PM,16:20:00,Hot-Dry,2012-09-03 16:20:00,9
16.49162903,-19.03889974,LA26,2012-09-03,04:40:00 PM,16:40:00,Hot-Dry,2012-09-03 16:40:00,9
16.49153442,-19.03946533,LA26,2012-09-03,05:00:00 PM,17:00:00,Hot-Dry,2012-09-03 17:00:00,9
16.49172668,-19.03964233,LA26,2012-09-03,05:20:00 PM,17:20:00,Hot-Dry,2012-09-03 17:20:00,9
16.49176839,-19.03976847,LA26,2012-09-03,05:40:00 PM,17:40:00,Hot-Dry,2012-09-03 17:40:00,9
16.49187927,-19.0398173,LA26,2012-09-03,06:00:00 PM,18:00:00,Hot-Dry,2012-09-03 18:00:00,9
16.49209188,-19.03981323,LA26,2012-09-03,06:20:00 PM,18:20:00,Hot-Dry,2012-09-03 18:20:00,9
16.4922465,-19.03989868,LA26,2012-09-03,06:40:00 PM,18:40:00,Hot-Dry,2012-09-03 18:40:00,9
16.49220072,-19.0398234,LA26,2012-09-03,07:00:00 PM,19:00:00,Hot-Dry,2012-09-03 19:00:00,9
16.49221497,-19.03985799,LA26,2012-09-03,07:20:00 PM,19:20:00,Hot-Dry,2012-09-03 19:20:00,9
16.4919342,-19.03995565,LA26,2012-09-03,07:40:00 PM,19:40:00,Hot-Dry,2012-09-03 19:40:00,9
16.49161479,-19.03975627,LA26,2012-09-03,08:00:00 PM,20:00:00,Hot-Dry,2012-09-03 20:00:00,9
16.49156392,-19.03972575,LA26,2012-09-03,08:20:00 PM,20:20:00,Hot-Dry,2012-09-03 20:20:00,9
16.49152629,-19.03962809,LA26,2012-09-03,08:40:00 PM,20:40:00,Hot-Dry,2012-09-03 20:40:00,9
16.49146627,-19.03968506,LA26,2012-09-03,09:00:00 PM,21:00:00,Hot-Dry,2012-09-03 21:00:00,9
16.49162801,-19.03986613,LA26,2012-09-03,09:20:00 PM,21:20:00,Hot-Dry,2012-09-03 21:20:00,9
16.49159851,-19.03983561,LA26,2012-09-03,09:40:00 PM,21:40:00,Hot-Dry,2012-09-03 21:40:00,9
16.49154256,-19.03990072,LA26,2012-09-03,10:00:00 PM,22:00:00,Hot-Dry,2012-09-03 22:00:00,9
16.49131571,-19.03989665,LA26,2012-09-03,10:20:00 PM,22:20:00,Hot-Dry,2012-09-03 22:20:00,9
16.4912913,-19.03990275,LA26,2012-09-03,10:40:00 PM,22:40:00,Hot-Dry,2012-09-03 22:40:00,9
16.49126078,-19.03989868,LA26,2012-09-03,11:00:00 PM,23:00:00,Hot-Dry,2012-09-03 23:00:00,9
16.4912974,-19.03981323,LA26,2012-09-03,11:20:00 PM,23:20:00,Hot-Dry,2012-09-03 23:20:00,9
16.49165344,-19.03956909,LA26,2012-09-03,11:40:00 PM,23:40:00,Hot-Dry,2012-09-03 23:40:00,9
16.49251709,-19.03936361,LA26,2012-09-04,12:00:00 AM,00:00:00,Hot-Dry,2012-09-04 00:00:00,9
16.4930308,-19.03935547,LA26,2012-09-04,12:20:00 AM,00:20:00,Hot-Dry,2012-09-04 00:20:00,9
16.49406535,-19.0388326,LA26,2012-09-04,12:40:00 AM,00:40:00,Hot-Dry,2012-09-04 00:40:00,9
16.49494731,-19.03875122,LA26,2012-09-04,01:00:00 AM,01:00:00,Hot-Dry,2012-09-04 01:00:00,9
16.49649556,-19.03886108,LA26,2012-09-04,01:20:00 AM,01:20:00,Hot-Dry,2012-09-04 01:20:00,9
16.49846497,-19.03942261,LA26,2012-09-04,01:40:00 AM,01:40:00,Hot-Dry,2012-09-04 01:40:00,9
16.49836731,-19.03943278,LA26,2012-09-04,02:00:00 AM,02:00:00,Hot-Dry,2012-09-04 02:00:00,9
16.49823914,-19.0394165,LA26,2012-09-04,02:20:00 AM,02:20:00,Hot-Dry,2012-09-04 02:20:00,9
16.49829305,-19.03946737,LA26,2012-09-04,02:40:00 AM,02:40:00,Hot-Dry,2012-09-04 02:40:00,9
16.49833272,-19.03942668,LA26,2012-09-04,03:00:00 AM,03:00:00,Hot-Dry,2012-09-04 03:00:00,9
16.4983551,-19.03937378,LA26,2012-09-04,03:20:00 AM,03:20:00,Hot-Dry,2012-09-04 03:20:00,9
16.49835307,-19.03940226,LA26,2012-09-04,03:40:00 AM,03:40:00,Hot-Dry,2012-09-04 03:40:00,9
16.49837646,-19.0393575,LA26,2012-09-04,04:00:00 AM,04:00:00,Hot-Dry,2012-09-04 04:00:00,9
16.49842936,-19.03932292,LA26,2012-09-04,04:20:00 AM,04:20:00,Hot-Dry,2012-09-04 04:20:00,9
16.4984019,-19.03940633,LA26,2012-09-04,04:40:00 AM,04:40:00,Hot-Dry,2012-09-04 04:40:00,9
16.49802246,-19.04000651,LA26,2012-09-04,05:00:00 AM,05:00:00,Hot-Dry,2012-09-04 05:00:00,9
16.49709066,-19.04085693,LA26,2012-09-04,05:20:00 AM,05:20:00,Hot-Dry,2012-09-04 05:20:00,9
16.49716695,-19.04102376,LA26,2012-09-04,05:40:00 AM,05:40:00,Hot-Dry,2012-09-04 05:40:00,9
16.49671021,-19.0415507,LA26,2012-09-04,06:00:00 AM,06:00:00,Hot-Dry,2012-09-04 06:00:00,9
16.495283,-19.04267375,LA26,2012-09-04,06:20:00 AM,06:20:00,Hot-Dry,2012-09-04 06:20:00,9
16.49336548,-19.04245605,LA26,2012-09-04,06:40:00 AM,06:40:00,Hot-Dry,2012-09-04 06:40:00,9
16.49233602,-19.04232788,LA26,2012-09-04,07:00:00 AM,07:00:00,Hot-Dry,2012-09-04 07:00:00,9
16.4903951,-19.04192505,LA26,2012-09-04,07:20:00 AM,07:20:00,Hot-Dry,2012-09-04 07:20:00,9
16.48927409,-19.04124552,LA26,2012-09-04,07:40:00 AM,07:40:00,Hot-Dry,2012-09-04 07:40:00,9
16.484788,-19.0407369,LA26,2012-09-04,08:00:00 AM,08:00:00,Hot-Dry,2012-09-04 08:00:00,9
16.47545776,-19.04166463,LA26,2012-09-04,08:20:00 AM,08:20:00,Hot-Dry,2012-09-04 08:20:00,9
16.47004089,-19.04017537,LA26,2012-09-04,08:40:00 AM,08:40:00,Hot-Dry,2012-09-04 08:40:00,9
16.47011617,-19.04038493,LA26,2012-09-04,09:00:00 AM,09:00:00,Hot-Dry,2012-09-04 09:00:00,9
16.47023519,-19.04031576,LA26,2012-09-04,09:20:00 AM,09:20:00,Hot-Dry,2012-09-04 09:20:00,9
16.470165,-19.04029134,LA26,2012-09-04,09:40:00 AM,09:40:00,Hot-Dry,2012-09-04 09:40:00,9
16.46978251,-19.0402242,LA26,2012-09-04,10:00:00 AM,10:00:00,Hot-Dry,2012-09-04 10:00:00,9
16.47005514,-19.04012451,LA26,2012-09-04,10:20:00 AM,10:20:00,Hot-Dry,2012-09-04 10:20:00,9
16.47013448,-19.04033,LA26,2012-09-04,10:40:00 AM,10:40:00,Hot-Dry,2012-09-04 10:40:00,9
16.47020264,-19.0409078,LA26,2012-09-04,11:00:00 AM,11:00:00,Hot-Dry,2012-09-04 11:00:00,9
16.47028503,-19.04077148,LA26,2012-09-04,11:20:00 AM,11:20:00,Hot-Dry,2012-09-04 11:20:00,9
16.47031047,-19.04021403,LA26,2012-09-04,11:40:00 AM,11:40:00,Hot-Dry,2012-09-04 11:40:00,9
16.47008362,-19.04031372,LA26,2012-09-04,12:00:00 PM,12:00:00,Hot-Dry,2012-09-04 12:00:00,9
16.47034607,-19.04075724,LA26,2012-09-04,12:20:00 PM,12:20:00,Hot-Dry,2012-09-04 12:20:00,9
16.47017822,-19.04025472,LA26,2012-09-04,12:40:00 PM,12:40:00,Hot-Dry,2012-09-04 12:40:00,9
16.47040202,-19.04105225,LA26,2012-09-04,01:00:00 PM,13:00:00,Hot-Dry,2012-09-04 13:00:00,9
16.4705068,-19.0411499,LA26,2012-09-04,01:20:00 PM,13:20:00,Hot-Dry,2012-09-04 13:20:00,9
16.47199402,-19.04170939,LA26,2012-09-04,01:40:00 PM,13:40:00,Hot-Dry,2012-09-04 13:40:00,9
16.47231649,-19.04170329,LA26,2012-09-04,02:00:00 PM,14:00:00,Hot-Dry,2012-09-04 14:00:00,9
16.4760376,-19.04130046,LA26,2012-09-04,02:20:00 PM,14:20:00,Hot-Dry,2012-09-04 14:20:00,9
16.47691956,-19.04084473,LA26,2012-09-04,02:40:00 PM,14:40:00,Hot-Dry,2012-09-04 14:40:00,9
16.47804871,-19.040684,LA26,2012-09-04,03:00:00 PM,15:00:00,Hot-Dry,2012-09-04 15:00:00,9
16.47985636,-19.04016927,LA26,2012-09-04,03:20:00 PM,15:20:00,Hot-Dry,2012-09-04 15:20:00,9
16.48365479,-19.03926595,LA26,2012-09-04,03:40:00 PM,15:40:00,Hot-Dry,2012-09-04 15:40:00,9
16.48666178,-19.03874512,LA26,2012-09-04,04:00:00 PM,16:00:00,Hot-Dry,2012-09-04 16:00:00,9
16.48875224,-19.03929036,LA26,2012-09-04,04:20:00 PM,16:20:00,Hot-Dry,2012-09-04 16:20:00,9
16.48914693,-19.03973389,LA26,2012-09-04,04:40:00 PM,16:40:00,Hot-Dry,2012-09-04 16:40:00,9
16.49003499,-19.04022013,LA26,2012-09-04,05:00:00 PM,17:00:00,Hot-Dry,2012-09-04 17:00:00,9
16.49035441,-19.04015706,LA26,2012-09-04,05:20:00 PM,17:20:00,Hot-Dry,2012-09-04 17:20:00,9
16.49057515,-19.03996989,LA26,2012-09-04,05:40:00 PM,17:40:00,Hot-Dry,2012-09-04 17:40:00,9
16.49109497,-19.03991089,LA26,2012-09-04,06:00:00 PM,18:00:00,Hot-Dry,2012-09-04 18:00:00,9
16.49121806,-19.03986003,LA26,2012-09-04,06:20:00 PM,18:20:00,Hot-Dry,2012-09-04 18:20:00,9
16.49162394,-19.03983968,LA26,2012-09-04,06:40:00 PM,18:40:00,Hot-Dry,2012-09-04 18:40:00,9
16.49216512,-19.03973999,LA26,2012-09-04,07:00:00 PM,19:00:00,Hot-Dry,2012-09-04 19:00:00,9
16.49222616,-19.03955892,LA26,2012-09-04,07:20:00 PM,19:20:00,Hot-Dry,2012-09-04 19:20:00,9
16.49222107,-19.03944906,LA26,2012-09-04,07:40:00 PM,19:40:00,Hot-Dry,2012-09-04 19:40:00,9
16.49216207,-19.03928019,LA26,2012-09-04,08:00:00 PM,20:00:00,Hot-Dry,2012-09-04 20:00:00,9
16.49252014,-19.03940023,LA26,2012-09-04,08:20:00 PM,20:20:00,Hot-Dry,2012-09-04 20:20:00,9
16.49259033,-19.03919067,LA26,2012-09-04,08:40:00 PM,20:40:00,Hot-Dry,2012-09-04 20:40:00,9
16.49329427,-19.03920492,LA26,2012-09-04,09:00:00 PM,21:00:00,Hot-Dry,2012-09-04 21:00:00,9
16.49384359,-19.03841553,LA26,2012-09-04,09:20:00 PM,21:20:00,Hot-Dry,2012-09-04 21:20:00,9
16.49415181,-19.03841553,LA26,2012-09-04,09:40:00 PM,21:40:00,Hot-Dry,2012-09-04 21:40:00,9
16.49450073,-19.03805542,LA26,2012-09-04,10:00:00 PM,22:00:00,Hot-Dry,2012-09-04 22:00:00,9
16.49515483,-19.03806966,LA26,2012-09-04,10:20:00 PM,22:20:00,Hot-Dry,2012-09-04 22:20:00,9
16.49533386,-19.03804525,LA26,2012-09-04,10:40:00 PM,22:40:00,Hot-Dry,2012-09-04 22:40:00,9
16.49567871,-19.03829753,LA26,2012-09-04,11:00:00 PM,23:00:00,Hot-Dry,2012-09-04 23:00:00,9
16.49676615,-19.03821615,LA26,2012-09-04,11:20:00 PM,23:20:00,Hot-Dry,2012-09-04 23:20:00,9
16.4976827,-19.03737793,LA26,2012-09-04,11:40:00 PM,23:40:00,Hot-Dry,2012-09-04 23:40:00,9
16.49791565,-19.0368693,LA26,2012-09-05,12:00:00 AM,00:00:00,Hot-Dry,2012-09-05 00:00:00,9
16.47002462,-19.04000651,LA26,2012-09-05,12:20:00 PM,12:20:00,Hot-Dry,2012-09-05 12:20:00,9
16.47032878,-19.04003092,LA26,2012-09-05,12:40:00 PM,12:40:00,Hot-Dry,2012-09-05 12:40:00,9
16.47008667,-19.04001058,LA26,2012-09-05,01:00:00 PM,13:00:00,Hot-Dry,2012-09-05 13:00:00,9
16.47015279,-19.03990275,LA26,2012-09-05,01:20:00 PM,13:20:00,Hot-Dry,2012-09-05 13:20:00,9
16.46990458,-19.03996785,LA26,2012-09-05,01:40:00 PM,13:40:00,Hot-Dry,2012-09-05 13:40:00,9
16.46976725,-19.04007975,LA26,2012-09-05,02:00:00 PM,14:00:00,Hot-Dry,2012-09-05 14:00:00,9
16.47023824,-19.04082642,LA26,2012-09-05,02:20:00 PM,14:20:00,Hot-Dry,2012-09-05 14:20:00,9
16.47144674,-19.04182129,LA26,2012-09-05,02:40:00 PM,14:40:00,Hot-Dry,2012-09-05 14:40:00,9
16.47258504,-19.04213257,LA26,2012-09-05,03:00:00 PM,15:00:00,Hot-Dry,2012-09-05 15:00:00,9
16.47327881,-19.04209595,LA26,2012-09-05,03:20:00 PM,15:20:00,Hot-Dry,2012-09-05 15:20:00,9
16.47400004,-19.04246623,LA26,2012-09-05,03:40:00 PM,15:40:00,Hot-Dry,2012-09-05 15:40:00,9
16.47537842,-19.04239502,LA26,2012-09-05,04:00:00 PM,16:00:00,Hot-Dry,2012-09-05 16:00:00,9
16.47643534,-19.04261882,LA26,2012-09-05,04:20:00 PM,16:20:00,Hot-Dry,2012-09-05 16:20:00,9
16.47836507,-19.04128011,LA26,2012-09-05,04:40:00 PM,16:40:00,Hot-Dry,2012-09-05 16:40:00,9
16.47971191,-19.04107463,LA26,2012-09-05,05:00:00 PM,17:00:00,Hot-Dry,2012-09-05 17:00:00,9
16.48245138,-19.04098714,LA26,2012-09-05,05:20:00 PM,17:20:00,Hot-Dry,2012-09-05 17:20:00,9
16.48355916,-19.04024048,LA26,2012-09-05,05:40:00 PM,17:40:00,Hot-Dry,2012-09-05 17:40:00,9
16.48357646,-19.04020996,LA26,2012-09-05,06:00:00 PM,18:00:00,Hot-Dry,2012-09-05 18:00:00,9
16.48453573,-19.03986816,LA26,2012-09-05,06:20:00 PM,18:20:00,Hot-Dry,2012-09-05 18:20:00,9
16.48470357,-19.03980306,LA26,2012-09-05,06:40:00 PM,18:40:00,Hot-Dry,2012-09-05 18:40:00,9
16.48590393,-19.03921712,LA26,2012-09-05,07:00:00 PM,19:00:00,Hot-Dry,2012-09-05 19:00:00,9
16.48668213,-19.03875326,LA26,2012-09-05,07:20:00 PM,19:20:00,Hot-Dry,2012-09-05 19:20:00,9
16.48789368,-19.03852539,LA26,2012-09-05,07:40:00 PM,19:40:00,Hot-Dry,2012-09-05 19:40:00,9
16.48810832,-19.03748779,LA26,2012-09-05,08:00:00 PM,20:00:00,Hot-Dry,2012-09-05 20:00:00,9
16.48790283,-19.03709106,LA26,2012-09-05,08:20:00 PM,20:20:00,Hot-Dry,2012-09-05 20:20:00,9
16.48803813,-19.03680013,LA26,2012-09-05,08:40:00 PM,20:40:00,Hot-Dry,2012-09-05 20:40:00,9
16.48778381,-19.03655396,LA26,2012-09-05,09:00:00 PM,21:00:00,Hot-Dry,2012-09-05 21:00:00,9
16.4880422,-19.03617961,LA26,2012-09-05,09:20:00 PM,21:20:00,Hot-Dry,2012-09-05 21:20:00,9
16.48824259,-19.03578084,LA26,2012-09-05,09:40:00 PM,21:40:00,Hot-Dry,2012-09-05 21:40:00,9
16.48909098,-19.03527832,LA26,2012-09-05,10:00:00 PM,22:00:00,Hot-Dry,2012-09-05 22:00:00,9
16.48949076,-19.03472087,LA26,2012-09-05,10:20:00 PM,22:20:00,Hot-Dry,2012-09-05 22:20:00,9
16.4896932,-19.03423462,LA26,2012-09-05,10:40:00 PM,22:40:00,Hot-Dry,2012-09-05 22:40:00,9
16.49041443,-19.03436686,LA26,2012-09-05,11:00:00 PM,23:00:00,Hot-Dry,2012-09-05 23:00:00,9
16.49093526,-19.03405355,LA26,2012-09-05,11:20:00 PM,23:20:00,Hot-Dry,2012-09-05 23:20:00,9
16.49105733,-19.03392944,LA26,2012-09-05,11:40:00 PM,23:40:00,Hot-Dry,2012-09-05 23:40:00,9
16.49114176,-19.03349406,LA26,2012-09-06,12:00:00 AM,00:00:00,Hot-Dry,2012-09-06 00:00:00,9
16.49132996,-19.03345744,LA26,2012-09-06,12:20:00 AM,00:20:00,Hot-Dry,2012-09-06 00:20:00,9
16.49155375,-19.03332723,LA26,2012-09-06,12:40:00 AM,00:40:00,Hot-Dry,2012-09-06 00:40:00,9
16.49242249,-19.03291626,LA26,2012-09-06,01:00:00 AM,01:00:00,Hot-Dry,2012-09-06 01:00:00,9
16.4923645,-19.03284912,LA26,2012-09-06,01:20:00 AM,01:20:00,Hot-Dry,2012-09-06 01:20:00,9
16.49236247,-19.03285726,LA26,2012-09-06,01:40:00 AM,01:40:00,Hot-Dry,2012-09-06 01:40:00,9
16.49234009,-19.03288778,LA26,2012-09-06,02:00:00 AM,02:00:00,Hot-Dry,2012-09-06 02:00:00,9
16.4923584,-19.03289185,LA26,2012-09-06,02:20:00 AM,02:20:00,Hot-Dry,2012-09-06 02:20:00,9
16.49241231,-19.0327596,LA26,2012-09-06,02:40:00 AM,02:40:00,Hot-Dry,2012-09-06 02:40:00,9
16.49235331,-19.03277791,LA26,2012-09-06,03:00:00 AM,03:00:00,Hot-Dry,2012-09-06 03:00:00,9
16.49241333,-19.03276164,LA26,2012-09-06,03:20:00 AM,03:20:00,Hot-Dry,2012-09-06 03:20:00,9
16.49237061,-19.03273926,LA26,2012-09-06,03:40:00 AM,03:40:00,Hot-Dry,2012-09-06 03:40:00,9
16.49250692,-19.03272298,LA26,2012-09-06,04:00:00 AM,04:00:00,Hot-Dry,2012-09-06 04:00:00,9
16.49263407,-19.03278809,LA26,2012-09-06,04:20:00 AM,04:20:00,Hot-Dry,2012-09-06 04:20:00,9
16.49295044,-19.03292033,LA26,2012-09-06,04:40:00 AM,04:40:00,Hot-Dry,2012-09-06 04:40:00,9
16.49374797,-19.03261922,LA26,2012-09-06,05:00:00 AM,05:00:00,Hot-Dry,2012-09-06 05:00:00,9
16.49435933,-19.0323466,LA26,2012-09-06,05:20:00 AM,05:20:00,Hot-Dry,2012-09-06 05:20:00,9
16.49445394,-19.0320109,LA26,2012-09-06,05:40:00 AM,05:40:00,Hot-Dry,2012-09-06 05:40:00,9
16.49447428,-19.03167521,LA26,2012-09-06,06:00:00 AM,06:00:00,Hot-Dry,2012-09-06 06:00:00,9
16.49460958,-19.03147583,LA26,2012-09-06,06:20:00 AM,06:20:00,Hot-Dry,2012-09-06 06:20:00,9
16.49459635,-19.03062337,LA26,2012-09-06,06:40:00 AM,06:40:00,Hot-Dry,2012-09-06 06:40:00,9
16.49455363,-19.03036296,LA26,2012-09-06,07:00:00 AM,07:00:00,Hot-Dry,2012-09-06 07:00:00,9
16.49423116,-19.0303894,LA26,2012-09-06,07:20:00 AM,07:20:00,Hot-Dry,2012-09-06 07:20:00,9
16.4938324,-19.03025309,LA26,2012-09-06,07:40:00 AM,07:40:00,Hot-Dry,2012-09-06 07:40:00,9
16.49348145,-19.03000488,LA26,2012-09-06,08:00:00 AM,08:00:00,Hot-Dry,2012-09-06 08:00:00,9
16.49374491,-19.03036296,LA26,2012-09-06,08:20:00 AM,08:20:00,Hot-Dry,2012-09-06 08:20:00,9
16.49373678,-19.03035685,LA26,2012-09-06,08:40:00 AM,08:40:00,Hot-Dry,2012-09-06 08:40:00,9
16.49374695,-19.03035278,LA26,2012-09-06,09:00:00 AM,09:00:00,Hot-Dry,2012-09-06 09:00:00,9
16.49376322,-19.03035889,LA26,2012-09-06,09:20:00 AM,09:20:00,Hot-Dry,2012-09-06 09:20:00,9
16.49379272,-19.03037923,LA26,2012-09-06,09:40:00 AM,09:40:00,Hot-Dry,2012-09-06 09:40:00,9
16.49378052,-19.03036296,LA26,2012-09-06,10:00:00 AM,10:00:00,Hot-Dry,2012-09-06 10:00:00,9
16.493868,-19.0301534,LA26,2012-09-06,10:20:00 AM,10:20:00,Hot-Dry,2012-09-06 10:20:00,9
16.49356181,-19.03053589,LA26,2012-09-06,10:40:00 AM,10:40:00,Hot-Dry,2012-09-06 10:40:00,9
16.49353027,-19.03063151,LA26,2012-09-06,11:00:00 AM,11:00:00,Hot-Dry,2012-09-06 11:00:00,9
16.49355265,-19.03062541,LA26,2012-09-06,11:20:00 AM,11:20:00,Hot-Dry,2012-09-06 11:20:00,9
16.49353333,-19.03059896,LA26,2012-09-06,11:40:00 AM,11:40:00,Hot-Dry,2012-09-06 11:40:00,9
16.49336344,-19.03121338,LA26,2012-09-06,12:00:00 PM,12:00:00,Hot-Dry,2012-09-06 12:00:00,9
16.49295756,-19.03171794,LA26,2012-09-06,12:20:00 PM,12:20:00,Hot-Dry,2012-09-06 12:20:00,9
16.49299011,-19.03171794,LA26,2012-09-06,12:40:00 PM,12:40:00,Hot-Dry,2012-09-06 12:40:00,9
16.4924174,-19.03279012,LA26,2012-09-06,01:00:00 PM,13:00:00,Hot-Dry,2012-09-06 13:00:00,9
16.49222921,-19.03378092,LA26,2012-09-06,01:20:00 PM,13:20:00,Hot-Dry,2012-09-06 13:20:00,9
16.49169108,-19.03459676,LA26,2012-09-06,01:40:00 PM,13:40:00,Hot-Dry,2012-09-06 13:40:00,9
16.49167786,-19.03464152,LA26,2012-09-06,02:00:00 PM,14:00:00,Hot-Dry,2012-09-06 14:00:00,9
16.48967082,-19.03601888,LA26,2012-09-06,02:20:00 PM,14:20:00,Hot-Dry,2012-09-06 14:20:00,9
16.48791097,-19.03567301,LA26,2012-09-06,02:40:00 PM,14:40:00,Hot-Dry,2012-09-06 14:40:00,9
16.48714803,-19.03576457,LA26,2012-09-06,03:00:00 PM,15:00:00,Hot-Dry,2012-09-06 15:00:00,9
16.48695882,-19.03587443,LA26,2012-09-06,03:20:00 PM,15:20:00,Hot-Dry,2012-09-06 15:20:00,9
16.48248494,-19.03685913,LA26,2012-09-06,03:40:00 PM,15:40:00,Hot-Dry,2012-09-06 15:40:00,9
16.47283122,-19.04175212,LA26,2012-09-06,04:00:00 PM,16:00:00,Hot-Dry,2012-09-06 16:00:00,9
16.47020365,-19.04009399,LA26,2012-09-06,04:20:00 PM,16:20:00,Hot-Dry,2012-09-06 16:20:00,9
16.46926982,-19.03956502,LA26,2012-09-06,04:40:00 PM,16:40:00,Hot-Dry,2012-09-06 16:40:00,9
16.47024638,-19.04011637,LA26,2012-09-06,05:00:00 PM,17:00:00,Hot-Dry,2012-09-06 17:00:00,9
16.47290955,-19.04238078,LA26,2012-09-06,05:20:00 PM,17:20:00,Hot-Dry,2012-09-06 17:20:00,9
16.47941589,-19.04291382,LA26,2012-09-06,05:40:00 PM,17:40:00,Hot-Dry,2012-09-06 17:40:00,9
16.48348694,-19.04185181,LA26,2012-09-06,06:00:00 PM,18:00:00,Hot-Dry,2012-09-06 18:00:00,9
16.48847555,-19.04169718,LA26,2012-09-06,06:20:00 PM,18:20:00,Hot-Dry,2012-09-06 18:20:00,9
16.49032084,-19.04151611,LA26,2012-09-06,06:40:00 PM,18:40:00,Hot-Dry,2012-09-06 18:40:00,9
16.49037577,-19.0411499,LA26,2012-09-06,07:00:00 PM,19:00:00,Hot-Dry,2012-09-06 19:00:00,9
16.49154154,-19.03983968,LA26,2012-09-06,07:20:00 PM,19:20:00,Hot-Dry,2012-09-06 19:20:00,9
16.49465129,-19.03954061,LA26,2012-09-06,07:40:00 PM,19:40:00,Hot-Dry,2012-09-06 19:40:00,9
16.49562785,-19.04005534,LA26,2012-09-06,08:00:00 PM,20:00:00,Hot-Dry,2012-09-06 20:00:00,9
16.49667155,-19.03937378,LA26,2012-09-06,08:20:00 PM,20:20:00,Hot-Dry,2012-09-06 20:20:00,9
16.49674479,-19.03936157,LA26,2012-09-06,08:40:00 PM,20:40:00,Hot-Dry,2012-09-06 20:40:00,9
16.49717204,-19.03896688,LA26,2012-09-06,09:00:00 PM,21:00:00,Hot-Dry,2012-09-06 21:00:00,9
16.49743856,-19.03888143,LA26,2012-09-06,09:20:00 PM,21:20:00,Hot-Dry,2012-09-06 21:20:00,9
16.4978597,-19.03879598,LA26,2012-09-06,09:40:00 PM,21:40:00,Hot-Dry,2012-09-06 21:40:00,9
16.49900208,-19.03872477,LA26,2012-09-06,10:00:00 PM,22:00:00,Hot-Dry,2012-09-06 22:00:00,9
16.50147909,-19.04049683,LA26,2012-09-06,10:20:00 PM,22:20:00,Hot-Dry,2012-09-06 22:20:00,9
16.50200602,-19.04018351,LA26,2012-09-06,10:40:00 PM,22:40:00,Hot-Dry,2012-09-06 22:40:00,9
16.50218302,-19.04007772,LA26,2012-09-06,11:00:00 PM,23:00:00,Hot-Dry,2012-09-06 23:00:00,9
16.50366109,-19.04008586,LA26,2012-09-06,11:20:00 PM,23:20:00,Hot-Dry,2012-09-06 23:20:00,9
16.50385742,-19.04019165,LA26,2012-09-06,11:40:00 PM,23:40:00,Hot-Dry,2012-09-06 23:40:00,9
16.50427551,-19.04012044,LA26,2012-09-07,12:00:00 AM,00:00:00,Hot-Dry,2012-09-07 00:00:00,9
16.5047699,-19.04003296,LA26,2012-09-07,12:20:00 AM,00:20:00,Hot-Dry,2012-09-07 00:20:00,9
16.50629679,-19.03960368,LA26,2012-09-07,12:40:00 AM,00:40:00,Hot-Dry,2012-09-07 00:40:00,9
16.5088796,-19.03873494,LA26,2012-09-07,01:00:00 AM,01:00:00,Hot-Dry,2012-09-07 01:00:00,9
16.50897624,-19.03868815,LA26,2012-09-07,01:20:00 AM,01:20:00,Hot-Dry,2012-09-07 01:20:00,9
16.51212056,-19.03768107,LA26,2012-09-07,01:40:00 AM,01:40:00,Hot-Dry,2012-09-07 01:40:00,9
16.51318766,-19.03726807,LA26,2012-09-07,02:00:00 AM,02:00:00,Hot-Dry,2012-09-07 02:00:00,9
16.51405945,-19.03730062,LA26,2012-09-07,02:20:00 AM,02:20:00,Hot-Dry,2012-09-07 02:20:00,9
16.51503805,-19.03765462,LA26,2012-09-07,02:40:00 AM,02:40:00,Hot-Dry,2012-09-07 02:40:00,9
16.51507263,-19.03764038,LA26,2012-09-07,03:00:00 AM,03:00:00,Hot-Dry,2012-09-07 03:00:00,9
16.51502787,-19.03763224,LA26,2012-09-07,03:20:00 AM,03:20:00,Hot-Dry,2012-09-07 03:20:00,9
16.51503092,-19.037618,LA26,2012-09-07,03:40:00 AM,03:40:00,Hot-Dry,2012-09-07 03:40:00,9
16.51497091,-19.03756307,LA26,2012-09-07,04:00:00 AM,04:00:00,Hot-Dry,2012-09-07 04:00:00,9
16.51498718,-19.03768514,LA26,2012-09-07,04:20:00 AM,04:20:00,Hot-Dry,2012-09-07 04:20:00,9
16.51502991,-19.03758545,LA26,2012-09-07,04:40:00 AM,04:40:00,Hot-Dry,2012-09-07 04:40:00,9
16.5156189,-19.03700562,LA26,2012-09-07,05:00:00 AM,05:00:00,Hot-Dry,2012-09-07 05:00:00,9
16.51616007,-19.03663127,LA26,2012-09-07,05:20:00 AM,05:20:00,Hot-Dry,2012-09-07 05:20:00,9
16.5178009,-19.0353658,LA26,2012-09-07,05:40:00 AM,05:40:00,Hot-Dry,2012-09-07 05:40:00,9
16.51873169,-19.03481445,LA26,2012-09-07,06:00:00 AM,06:00:00,Hot-Dry,2012-09-07 06:00:00,9
16.51954346,-19.03434855,LA26,2012-09-07,06:20:00 AM,06:20:00,Hot-Dry,2012-09-07 06:20:00,9
16.52003682,-19.03402913,LA26,2012-09-07,06:40:00 AM,06:40:00,Hot-Dry,2012-09-07 06:40:00,9
16.52014262,-19.03403727,LA26,2012-09-07,07:00:00 AM,07:00:00,Hot-Dry,2012-09-07 07:00:00,9
16.52052816,-19.0324585,LA26,2012-09-07,07:20:00 AM,07:20:00,Hot-Dry,2012-09-07 07:20:00,9
16.52052002,-19.03168945,LA26,2012-09-07,07:40:00 AM,07:40:00,Hot-Dry,2012-09-07 07:40:00,9
16.52034912,-19.02890828,LA26,2012-09-07,08:00:00 AM,08:00:00,Hot-Dry,2012-09-07 08:00:00,9
16.52053121,-19.02850342,LA26,2012-09-07,08:20:00 AM,08:20:00,Hot-Dry,2012-09-07 08:20:00,9
16.52086995,-19.02756958,LA26,2012-09-07,08:40:00 AM,08:40:00,Hot-Dry,2012-09-07 08:40:00,9
16.52081095,-19.02719116,LA26,2012-09-07,09:00:00 AM,09:00:00,Hot-Dry,2012-09-07 09:00:00,9
16.52077535,-19.02718506,LA26,2012-09-07,09:20:00 AM,09:20:00,Hot-Dry,2012-09-07 09:20:00,9
16.52078044,-19.0271464,LA26,2012-09-07,09:40:00 AM,09:40:00,Hot-Dry,2012-09-07 09:40:00,9
16.52079163,-19.02718506,LA26,2012-09-07,10:00:00 AM,10:00:00,Hot-Dry,2012-09-07 10:00:00,9
16.52104594,-19.02644653,LA26,2012-09-07,10:20:00 AM,10:20:00,Hot-Dry,2012-09-07 10:20:00,9
16.52187805,-19.02562663,LA26,2012-09-07,10:40:00 AM,10:40:00,Hot-Dry,2012-09-07 10:40:00,9
16.52377116,-19.02496948,LA26,2012-09-07,11:00:00 AM,11:00:00,Hot-Dry,2012-09-07 11:00:00,9
16.52492676,-19.02487996,LA26,2012-09-07,11:20:00 AM,11:20:00,Hot-Dry,2012-09-07 11:20:00,9
16.52503967,-19.02477824,LA26,2012-09-07,11:40:00 AM,11:40:00,Hot-Dry,2012-09-07 11:40:00,9
16.52504883,-19.02482707,LA26,2012-09-07,12:00:00 PM,12:00:00,Hot-Dry,2012-09-07 12:00:00,9
16.52501628,-19.02479451,LA26,2012-09-07,12:20:00 PM,12:20:00,Hot-Dry,2012-09-07 12:20:00,9
16.52561442,-19.02451375,LA26,2012-09-07,12:40:00 PM,12:40:00,Hot-Dry,2012-09-07 12:40:00,9
16.52698059,-19.02504069,LA26,2012-09-07,01:00:00 PM,13:00:00,Hot-Dry,2012-09-07 13:00:00,9
16.52912496,-19.02406006,LA26,2012-09-07,01:20:00 PM,13:20:00,Hot-Dry,2012-09-07 13:20:00,9
16.53179728,-19.02376506,LA26,2012-09-07,01:40:00 PM,13:40:00,Hot-Dry,2012-09-07 13:40:00,9
16.53291931,-19.02238566,LA26,2012-09-07,02:00:00 PM,14:00:00,Hot-Dry,2012-09-07 14:00:00,9
16.53364868,-19.02144775,LA26,2012-09-07,02:20:00 PM,14:20:00,Hot-Dry,2012-09-07 14:20:00,9
16.5337443,-19.02105306,LA26,2012-09-07,02:40:00 PM,14:40:00,Hot-Dry,2012-09-07 14:40:00,9
16.53435567,-19.01996257,LA26,2012-09-07,03:00:00 PM,15:00:00,Hot-Dry,2012-09-07 15:00:00,9
16.53436483,-19.01902466,LA26,2012-09-07,03:20:00 PM,15:20:00,Hot-Dry,2012-09-07 15:20:00,9
16.53481547,-19.01856893,LA26,2012-09-07,03:40:00 PM,15:40:00,Hot-Dry,2012-09-07 15:40:00,9
16.53690592,-19.01813151,LA26,2012-09-07,04:00:00 PM,16:00:00,Hot-Dry,2012-09-07 16:00:00,9
16.53799133,-19.01783651,LA26,2012-09-07,04:20:00 PM,16:20:00,Hot-Dry,2012-09-07 16:20:00,9
16.53883362,-19.01675212,LA26,2012-09-07,04:40:00 PM,16:40:00,Hot-Dry,2012-09-07 16:40:00,9
16.53964539,-19.01630859,LA26,2012-09-07,05:00:00 PM,17:00:00,Hot-Dry,2012-09-07 17:00:00,9
16.54030863,-19.01552734,LA26,2012-09-07,05:20:00 PM,17:20:00,Hot-Dry,2012-09-07 17:20:00,9
16.54121501,-19.01424561,LA26,2012-09-07,05:40:00 PM,17:40:00,Hot-Dry,2012-09-07 17:40:00,9
16.54372965,-19.01032308,LA26,2012-09-07,06:00:00 PM,18:00:00,Hot-Dry,2012-09-07 18:00:00,9
16.54628194,-19.00459595,LA26,2012-09-07,06:21:00 PM,18:21:00,Hot-Dry,2012-09-07 18:21:00,9
16.54776713,-19.00385742,LA26,2012-09-07,06:40:00 PM,18:40:00,Hot-Dry,2012-09-07 18:40:00,9
16.55013428,-19.00243123,LA26,2012-09-07,07:00:00 PM,19:00:00,Hot-Dry,2012-09-07 19:00:00,9
16.55064494,-19.00205078,LA26,2012-09-07,07:20:00 PM,19:20:00,Hot-Dry,2012-09-07 19:20:00,9
16.551533,-19.00011597,LA26,2012-09-07,07:40:00 PM,19:40:00,Hot-Dry,2012-09-07 19:40:00,9
16.55270589,-18.99813232,LA26,2012-09-07,08:00:00 PM,20:00:00,Hot-Dry,2012-09-07 20:00:00,9
16.55329081,-18.9977417,LA26,2012-09-07,08:20:00 PM,20:20:00,Hot-Dry,2012-09-07 20:20:00,9
16.55502218,-18.99491984,LA26,2012-09-07,08:40:00 PM,20:40:00,Hot-Dry,2012-09-07 20:40:00,9
16.5578654,-18.98991089,LA26,2012-09-07,09:00:00 PM,21:00:00,Hot-Dry,2012-09-07 21:00:00,9
16.55713094,-18.99106445,LA26,2012-09-07,09:20:00 PM,21:20:00,Hot-Dry,2012-09-07 21:20:00,9
16.55671387,-18.99184163,LA26,2012-09-07,09:40:00 PM,21:40:00,Hot-Dry,2012-09-07 21:40:00,9
16.55559692,-18.99148356,LA26,2012-09-07,10:00:00 PM,22:00:00,Hot-Dry,2012-09-07 22:00:00,9
16.55275065,-18.99335734,LA26,2012-09-07,10:20:00 PM,22:20:00,Hot-Dry,2012-09-07 22:20:00,9
16.55068359,-18.99441732,LA26,2012-09-07,10:40:00 PM,22:40:00,Hot-Dry,2012-09-07 22:40:00,9
16.5499176,-18.99482422,LA26,2012-09-07,11:00:00 PM,23:00:00,Hot-Dry,2012-09-07 23:00:00,9
16.54840291,-18.99585571,LA26,2012-09-07,11:20:00 PM,23:20:00,Hot-Dry,2012-09-07 23:20:00,9
16.54786275,-18.99627279,LA26,2012-09-07,11:40:00 PM,23:40:00,Hot-Dry,2012-09-07 23:40:00,9
16.54720459,-18.99680786,LA26,2012-09-08,12:00:00 AM,00:00:00,Hot-Dry,2012-09-08 00:00:00,9
16.54641113,-18.99698079,LA26,2012-09-08,12:20:00 AM,00:20:00,Hot-Dry,2012-09-08 00:20:00,9
16.5449707,-18.99751587,LA26,2012-09-08,12:40:00 AM,00:40:00,Hot-Dry,2012-09-08 00:40:00,9
16.54357198,-18.9982605,LA26,2012-09-08,01:00:00 AM,01:00:00,Hot-Dry,2012-09-08 01:00:00,9
16.54082031,-18.99935303,LA26,2012-09-08,01:20:00 AM,01:20:00,Hot-Dry,2012-09-08 01:20:00,9
16.53961792,-18.99896037,LA26,2012-09-08,01:40:00 AM,01:40:00,Hot-Dry,2012-09-08 01:40:00,9
16.53924866,-18.99910075,LA26,2012-09-08,02:00:00 AM,02:00:00,Hot-Dry,2012-09-08 02:00:00,9
16.53802083,-18.99963989,LA26,2012-09-08,02:20:00 AM,02:20:00,Hot-Dry,2012-09-08 02:20:00,9
16.53711446,-18.999941,LA26,2012-09-08,02:40:00 AM,02:40:00,Hot-Dry,2012-09-08 02:40:00,9
16.53704325,-18.99984538,LA26,2012-09-08,03:00:00 AM,03:00:00,Hot-Dry,2012-09-08 03:00:00,9
16.53705953,-18.99985555,LA26,2012-09-08,03:20:00 AM,03:20:00,Hot-Dry,2012-09-08 03:20:00,9
16.53704325,-18.99981283,LA26,2012-09-08,03:40:00 AM,03:40:00,Hot-Dry,2012-09-08 03:40:00,9
16.53695679,-18.99982707,LA26,2012-09-08,04:00:00 AM,04:00:00,Hot-Dry,2012-09-08 04:00:00,9
16.53697611,-18.99983927,LA26,2012-09-08,04:20:00 AM,04:20:00,Hot-Dry,2012-09-08 04:20:00,9
16.53611145,-19.00019124,LA26,2012-09-08,04:40:00 AM,04:40:00,Hot-Dry,2012-09-08 04:40:00,9
16.53539022,-19.00053914,LA26,2012-09-08,05:00:00 AM,05:00:00,Hot-Dry,2012-09-08 05:00:00,9
16.53545431,-19.00046183,LA26,2012-09-08,05:20:00 AM,05:20:00,Hot-Dry,2012-09-08 05:20:00,9
16.53533529,-19.00044759,LA26,2012-09-08,05:40:00 AM,05:40:00,Hot-Dry,2012-09-08 05:40:00,9
16.53442891,-19.00071818,LA26,2012-09-08,06:00:00 AM,06:00:00,Hot-Dry,2012-09-08 06:00:00,9
16.53367208,-19.00108032,LA26,2012-09-08,06:20:00 AM,06:20:00,Hot-Dry,2012-09-08 06:20:00,9
16.53274536,-19.00138957,LA26,2012-09-08,06:40:00 AM,06:40:00,Hot-Dry,2012-09-08 06:40:00,9
16.53199972,-19.00150146,LA26,2012-09-08,07:00:00 AM,07:00:00,Hot-Dry,2012-09-08 07:00:00,9
16.53123779,-19.00176799,LA26,2012-09-08,07:20:00 AM,07:20:00,Hot-Dry,2012-09-08 07:20:00,9
16.52908122,-19.00328573,LA26,2012-09-08,07:40:00 AM,07:40:00,Hot-Dry,2012-09-08 07:40:00,9
16.52904867,-19.00333659,LA26,2012-09-08,08:00:00 AM,08:00:00,Hot-Dry,2012-09-08 08:00:00,9
16.52767436,-19.00380046,LA26,2012-09-08,08:20:00 AM,08:20:00,Hot-Dry,2012-09-08 08:20:00,9
16.52767232,-19.00379232,LA26,2012-09-08,08:40:00 AM,08:40:00,Hot-Dry,2012-09-08 08:40:00,9
16.52761434,-19.00380656,LA26,2012-09-08,09:00:00 AM,09:00:00,Hot-Dry,2012-09-08 09:00:00,9
16.52765198,-19.00380249,LA26,2012-09-08,09:20:00 AM,09:20:00,Hot-Dry,2012-09-08 09:20:00,9
16.52763977,-19.00380249,LA26,2012-09-08,09:40:00 AM,09:40:00,Hot-Dry,2012-09-08 09:40:00,9
16.52763977,-19.00381266,LA26,2012-09-08,10:00:00 AM,10:00:00,Hot-Dry,2012-09-08 10:00:00,9
16.52687683,-19.00429484,LA26,2012-09-08,10:20:00 AM,10:20:00,Hot-Dry,2012-09-08 10:20:00,9
16.52682902,-19.00425618,LA26,2012-09-08,10:40:00 AM,10:40:00,Hot-Dry,2012-09-08 10:40:00,9
16.52688599,-19.00431519,LA26,2012-09-08,11:00:00 AM,11:00:00,Hot-Dry,2012-09-08 11:00:00,9
16.52688802,-19.00429891,LA26,2012-09-08,11:20:00 AM,11:20:00,Hot-Dry,2012-09-08 11:20:00,9
16.52690938,-19.00429891,LA26,2012-09-08,11:40:00 AM,11:40:00,Hot-Dry,2012-09-08 11:40:00,9
16.52689107,-19.0042745,LA26,2012-09-08,12:00:00 PM,12:00:00,Hot-Dry,2012-09-08 12:00:00,9
16.52632853,-19.00492554,LA26,2012-09-08,12:20:00 PM,12:20:00,Hot-Dry,2012-09-08 12:20:00,9
16.52559204,-19.00523885,LA26,2012-09-08,12:40:00 PM,12:40:00,Hot-Dry,2012-09-08 12:40:00,9
16.5247762,-19.00461222,LA26,2012-09-08,01:00:00 PM,13:00:00,Hot-Dry,2012-09-08 13:00:00,9
16.52418213,-19.00436401,LA26,2012-09-08,01:20:00 PM,13:20:00,Hot-Dry,2012-09-08 13:20:00,9
16.52414042,-19.00385742,LA26,2012-09-08,01:40:00 PM,13:40:00,Hot-Dry,2012-09-08 13:40:00,9
16.5232961,-19.00374959,LA26,2012-09-08,02:00:00 PM,14:00:00,Hot-Dry,2012-09-08 14:00:00,9
16.52253215,-19.00290324,LA26,2012-09-08,02:20:00 PM,14:20:00,Hot-Dry,2012-09-08 14:20:00,9
16.52126668,-19.00273844,LA26,2012-09-08,02:40:00 PM,14:40:00,Hot-Dry,2012-09-08 14:40:00,9
16.5194102,-19.00248413,LA26,2012-09-08,03:00:00 PM,15:00:00,Hot-Dry,2012-09-08 15:00:00,9
16.5178538,-19.00247599,LA26,2012-09-08,03:20:00 PM,15:20:00,Hot-Dry,2012-09-08 15:20:00,9
16.51709086,-19.0030599,LA26,2012-09-08,03:40:00 PM,15:40:00,Hot-Dry,2012-09-08 15:40:00,9
16.51583049,-19.00376587,LA26,2012-09-08,04:00:00 PM,16:00:00,Hot-Dry,2012-09-08 16:00:00,9
16.51586609,-19.00493164,LA26,2012-09-08,04:20:00 PM,16:20:00,Hot-Dry,2012-09-08 16:20:00,9
16.51595866,-19.00608114,LA26,2012-09-08,04:40:00 PM,16:40:00,Hot-Dry,2012-09-08 16:40:00,9
16.51602173,-19.00657145,LA26,2012-09-08,05:00:00 PM,17:00:00,Hot-Dry,2012-09-08 17:00:00,9
16.51613261,-19.00671183,LA26,2012-09-08,05:20:00 PM,17:20:00,Hot-Dry,2012-09-08 17:20:00,9
16.51574198,-19.00815837,LA26,2012-09-08,05:40:00 PM,17:40:00,Hot-Dry,2012-09-08 17:40:00,9
16.51478068,-19.00866699,LA26,2012-09-08,06:00:00 PM,18:00:00,Hot-Dry,2012-09-08 18:00:00,9
16.51390483,-19.00933228,LA26,2012-09-08,06:20:00 PM,18:20:00,Hot-Dry,2012-09-08 18:20:00,9
16.51386312,-19.00947266,LA26,2012-09-08,06:40:00 PM,18:40:00,Hot-Dry,2012-09-08 18:40:00,9
16.51236572,-19.01019694,LA26,2012-09-08,07:00:00 PM,19:00:00,Hot-Dry,2012-09-08 19:00:00,9
16.51177165,-19.0107666,LA26,2012-09-08,07:20:00 PM,19:20:00,Hot-Dry,2012-09-08 19:20:00,9
16.51089884,-19.01121623,LA26,2012-09-08,07:40:00 PM,19:40:00,Hot-Dry,2012-09-08 19:40:00,9
16.51091003,-19.01131795,LA26,2012-09-08,08:00:00 PM,20:00:00,Hot-Dry,2012-09-08 20:00:00,9
16.51053263,-19.01136068,LA26,2012-09-08,08:20:00 PM,20:20:00,Hot-Dry,2012-09-08 20:20:00,9
16.51051025,-19.01136475,LA26,2012-09-08,08:40:00 PM,20:40:00,Hot-Dry,2012-09-08 20:40:00,9
16.51053467,-19.01133423,LA26,2012-09-08,09:00:00 PM,21:00:00,Hot-Dry,2012-09-08 21:00:00,9
16.51055705,-19.01133016,LA26,2012-09-08,09:20:00 PM,21:20:00,Hot-Dry,2012-09-08 21:20:00,9
16.51055501,-19.01136068,LA26,2012-09-08,09:40:00 PM,21:40:00,Hot-Dry,2012-09-08 21:40:00,9
16.51054484,-19.01130981,LA26,2012-09-08,10:00:00 PM,22:00:00,Hot-Dry,2012-09-08 22:00:00,9
16.51046346,-19.01113688,LA26,2012-09-08,10:20:00 PM,22:20:00,Hot-Dry,2012-09-08 22:20:00,9
16.51036987,-19.01159261,LA26,2012-09-08,10:40:00 PM,22:40:00,Hot-Dry,2012-09-08 22:40:00,9
16.5103007,-19.01213379,LA26,2012-09-08,11:00:00 PM,23:00:00,Hot-Dry,2012-09-08 23:00:00,9
16.51037292,-19.01295573,LA26,2012-09-08,11:20:00 PM,23:20:00,Hot-Dry,2012-09-08 23:20:00,9
16.51027323,-19.01388143,LA26,2012-09-08,11:40:00 PM,23:40:00,Hot-Dry,2012-09-08 23:40:00,9
16.51024882,-19.01390177,LA26,2012-09-09,12:00:00 AM,00:00:00,Hot-Dry,2012-09-09 00:00:00,9
16.51013387,-19.01412557,LA26,2012-09-09,12:20:00 AM,00:20:00,Hot-Dry,2012-09-09 00:20:00,9
16.50898844,-19.01498006,LA26,2012-09-09,12:40:00 AM,00:40:00,Hot-Dry,2012-09-09 00:40:00,9
16.50887451,-19.01535034,LA26,2012-09-09,01:00:00 AM,01:00:00,Hot-Dry,2012-09-09 01:00:00,9
16.50812887,-19.01651408,LA26,2012-09-09,01:20:00 AM,01:20:00,Hot-Dry,2012-09-09 01:20:00,9
16.50687154,-19.01739705,LA26,2012-09-09,01:40:00 AM,01:40:00,Hot-Dry,2012-09-09 01:40:00,9
16.50478821,-19.01875,LA26,2012-09-09,02:00:00 AM,02:00:00,Hot-Dry,2012-09-09 02:00:00,9
16.50427958,-19.01948853,LA26,2012-09-09,02:20:00 AM,02:20:00,Hot-Dry,2012-09-09 02:20:00,9
16.50357768,-19.02113037,LA26,2012-09-09,02:40:00 AM,02:40:00,Hot-Dry,2012-09-09 02:40:00,9
16.503538,-19.02174886,LA26,2012-09-09,03:00:00 AM,03:00:00,Hot-Dry,2012-09-09 03:00:00,9
16.50321859,-19.02278239,LA26,2012-09-09,03:20:00 AM,03:20:00,Hot-Dry,2012-09-09 03:20:00,9
16.50298665,-19.02353719,LA26,2012-09-09,03:40:00 AM,03:40:00,Hot-Dry,2012-09-09 03:40:00,9
16.50272217,-19.02611491,LA26,2012-09-09,04:00:00 AM,04:00:00,Hot-Dry,2012-09-09 04:00:00,9
16.50123901,-19.02895915,LA26,2012-09-09,04:20:00 AM,04:20:00,Hot-Dry,2012-09-09 04:20:00,9
16.49941508,-19.0309611,LA26,2012-09-09,04:40:00 AM,04:40:00,Hot-Dry,2012-09-09 04:40:00,9
16.49457499,-19.0337911,LA26,2012-09-09,05:00:00 AM,05:00:00,Hot-Dry,2012-09-09 05:00:00,9
16.49361471,-19.0358195,LA26,2012-09-09,05:20:00 AM,05:20:00,Hot-Dry,2012-09-09 05:20:00,9
16.49324137,-19.0378418,LA26,2012-09-09,05:40:00 AM,05:40:00,Hot-Dry,2012-09-09 05:40:00,9
16.48998922,-19.03778483,LA26,2012-09-09,06:00:00 AM,06:00:00,Hot-Dry,2012-09-09 06:00:00,9
16.4830485,-19.03934326,LA26,2012-09-09,06:20:00 AM,06:20:00,Hot-Dry,2012-09-09 06:20:00,9
16.47316793,-19.04168294,LA26,2012-09-09,06:40:00 AM,06:40:00,Hot-Dry,2012-09-09 06:40:00,9
16.46998189,-19.03998413,LA26,2012-09-09,07:00:00 AM,07:00:00,Hot-Dry,2012-09-09 07:00:00,9
16.46991577,-19.04003703,LA26,2012-09-09,07:20:00 AM,07:20:00,Hot-Dry,2012-09-09 07:20:00,9
16.46991577,-19.04006551,LA26,2012-09-09,07:40:00 AM,07:40:00,Hot-Dry,2012-09-09 07:40:00,9
16.46999512,-19.04008586,LA26,2012-09-09,08:00:00 AM,08:00:00,Hot-Dry,2012-09-09 08:00:00,9
16.47000326,-19.0401062,LA26,2012-09-09,08:20:00 AM,08:20:00,Hot-Dry,2012-09-09 08:20:00,9
16.47021077,-19.04006755,LA26,2012-09-09,08:40:00 AM,08:40:00,Hot-Dry,2012-09-09 08:40:00,9
16.47039998,-19.04008179,LA26,2012-09-09,09:00:00 AM,09:00:00,Hot-Dry,2012-09-09 09:00:00,9
16.46978353,-19.04059245,LA26,2012-09-09,09:20:00 AM,09:20:00,Hot-Dry,2012-09-09 09:20:00,9
16.46974589,-19.04046224,LA26,2012-09-09,09:40:00 AM,09:40:00,Hot-Dry,2012-09-09 09:40:00,9
16.47012024,-19.04014893,LA26,2012-09-09,10:00:00 AM,10:00:00,Hot-Dry,2012-09-09 10:00:00,9
16.47024943,-19.04090983,LA26,2012-09-09,10:20:00 AM,10:20:00,Hot-Dry,2012-09-09 10:20:00,9
16.47163391,-19.04171753,LA26,2012-09-09,10:40:00 AM,10:40:00,Hot-Dry,2012-09-09 10:40:00,9
16.47235107,-19.04223429,LA26,2012-09-09,11:00:00 AM,11:00:00,Hot-Dry,2012-09-09 11:00:00,9
16.47234599,-19.04247233,LA26,2012-09-09,11:20:00 AM,11:20:00,Hot-Dry,2012-09-09 11:20:00,9
16.47264506,-19.04270426,LA26,2012-09-09,11:40:00 AM,11:40:00,Hot-Dry,2012-09-09 11:40:00,9
16.47232157,-19.04273275,LA26,2012-09-09,12:00:00 PM,12:00:00,Hot-Dry,2012-09-09 12:00:00,9
16.47281392,-19.04329631,LA26,2012-09-09,12:20:00 PM,12:20:00,Hot-Dry,2012-09-09 12:20:00,9
16.47396037,-19.04327189,LA26,2012-09-09,12:40:00 PM,12:40:00,Hot-Dry,2012-09-09 12:40:00,9
16.47398478,-19.04327596,LA26,2012-09-09,01:00:00 PM,13:00:00,Hot-Dry,2012-09-09 13:00:00,9
16.47389832,-19.04327189,LA26,2012-09-09,01:20:00 PM,13:20:00,Hot-Dry,2012-09-09 13:20:00,9
16.47389628,-19.04328817,LA26,2012-09-09,01:40:00 PM,13:40:00,Hot-Dry,2012-09-09 13:40:00,9
16.47439168,-19.04290975,LA26,2012-09-09,02:00:00 PM,14:00:00,Hot-Dry,2012-09-09 14:00:00,9
16.47374776,-19.04275513,LA26,2012-09-09,02:20:00 PM,14:20:00,Hot-Dry,2012-09-09 14:20:00,9
16.47313944,-19.04227091,LA26,2012-09-09,02:40:00 PM,14:40:00,Hot-Dry,2012-09-09 14:40:00,9
16.4711141,-19.04161174,LA26,2012-09-09,03:00:00 PM,15:00:00,Hot-Dry,2012-09-09 15:00:00,9
16.46889648,-19.03926188,LA26,2012-09-09,03:20:00 PM,15:20:00,Hot-Dry,2012-09-09 15:20:00,9
16.46666565,-19.03940633,LA26,2012-09-09,03:40:00 PM,15:40:00,Hot-Dry,2012-09-09 15:40:00,9
16.46552327,-19.04148153,LA26,2012-09-09,04:00:00 PM,16:00:00,Hot-Dry,2012-09-09 16:00:00,9
16.45999756,-19.04431966,LA26,2012-09-09,04:20:00 PM,16:20:00,Hot-Dry,2012-09-09 16:20:00,9
16.45973104,-19.04554647,LA26,2012-09-09,04:40:00 PM,16:40:00,Hot-Dry,2012-09-09 16:40:00,9
16.45964762,-19.04608358,LA26,2012-09-09,05:00:00 PM,17:00:00,Hot-Dry,2012-09-09 17:00:00,9
16.45687561,-19.04653727,LA26,2012-09-09,05:20:00 PM,17:20:00,Hot-Dry,2012-09-09 17:20:00,9
16.4485321,-19.04817098,LA26,2012-09-09,05:40:00 PM,17:40:00,Hot-Dry,2012-09-09 17:40:00,9
16.44394328,-19.0471578,LA26,2012-09-09,06:00:00 PM,18:00:00,Hot-Dry,2012-09-09 18:00:00,9
16.44351298,-19.04663696,LA26,2012-09-09,06:20:00 PM,18:20:00,Hot-Dry,2012-09-09 18:20:00,9
16.44189453,-19.04585775,LA26,2012-09-09,06:40:00 PM,18:40:00,Hot-Dry,2012-09-09 18:40:00,9
16.43964335,-19.04472249,LA26,2012-09-09,07:00:00 PM,19:00:00,Hot-Dry,2012-09-09 19:00:00,9
16.43671265,-19.04405111,LA26,2012-09-09,07:20:00 PM,19:20:00,Hot-Dry,2012-09-09 19:20:00,9
16.4361318,-19.04391276,LA26,2012-09-09,07:40:00 PM,19:40:00,Hot-Dry,2012-09-09 19:40:00,9
16.43549906,-19.04373983,LA26,2012-09-09,08:00:00 PM,20:00:00,Hot-Dry,2012-09-09 20:00:00,9
16.4344045,-19.04373576,LA26,2012-09-09,08:20:00 PM,20:20:00,Hot-Dry,2012-09-09 20:20:00,9
16.43267924,-19.04306234,LA26,2012-09-09,08:40:00 PM,20:40:00,Hot-Dry,2012-09-09 20:40:00,9
16.43169454,-19.04322306,LA26,2012-09-09,09:00:00 PM,21:00:00,Hot-Dry,2012-09-09 21:00:00,9
16.43072611,-19.04310099,LA26,2012-09-09,09:20:00 PM,21:20:00,Hot-Dry,2012-09-09 21:20:00,9
16.42987264,-19.0428772,LA26,2012-09-09,09:40:00 PM,21:40:00,Hot-Dry,2012-09-09 21:40:00,9
16.429894,-19.04288534,LA26,2012-09-09,10:00:00 PM,22:00:00,Hot-Dry,2012-09-09 22:00:00,9
16.42987874,-19.04286906,LA26,2012-09-09,10:20:00 PM,22:20:00,Hot-Dry,2012-09-09 22:20:00,9
16.42987874,-19.04285075,LA26,2012-09-09,10:40:00 PM,22:40:00,Hot-Dry,2012-09-09 22:40:00,9
16.42985026,-19.04285482,LA26,2012-09-09,11:00:00 PM,23:00:00,Hot-Dry,2012-09-09 23:00:00,9
16.42978821,-19.04263713,LA26,2012-09-09,11:20:00 PM,23:20:00,Hot-Dry,2012-09-09 23:20:00,9
16.42835388,-19.04198405,LA26,2012-09-09,11:40:00 PM,23:40:00,Hot-Dry,2012-09-09 23:40:00,9
16.42756755,-19.04183146,LA26,2012-09-10,12:00:00 AM,00:00:00,Hot-Dry,2012-09-10 00:00:00,9
16.4268219,-19.04205933,LA26,2012-09-10,12:20:00 AM,00:20:00,Hot-Dry,2012-09-10 00:20:00,9
16.42645162,-19.04208374,LA26,2012-09-10,12:40:00 AM,00:40:00,Hot-Dry,2012-09-10 00:40:00,9
16.42632243,-19.04213257,LA26,2012-09-10,01:00:00 AM,01:00:00,Hot-Dry,2012-09-10 01:00:00,9
16.42521566,-19.04127808,LA26,2012-09-10,01:20:00 AM,01:20:00,Hot-Dry,2012-09-10 01:20:00,9
16.42497762,-19.04081421,LA26,2012-09-10,01:40:00 AM,01:40:00,Hot-Dry,2012-09-10 01:40:00,9
16.4243398,-19.04079793,LA26,2012-09-10,02:00:00 AM,02:00:00,Hot-Dry,2012-09-10 02:00:00,9
16.42315674,-19.04193115,LA26,2012-09-10,02:20:00 AM,02:20:00,Hot-Dry,2012-09-10 02:20:00,9
16.42284139,-19.04220581,LA26,2012-09-10,02:40:00 AM,02:40:00,Hot-Dry,2012-09-10 02:40:00,9
16.42181295,-19.04216105,LA26,2012-09-10,03:00:00 AM,03:00:00,Hot-Dry,2012-09-10 03:00:00,9
16.4219045,-19.04200643,LA26,2012-09-10,03:20:00 AM,03:20:00,Hot-Dry,2012-09-10 03:20:00,9
16.4219106,-19.0420634,LA26,2012-09-10,03:40:00 AM,03:40:00,Hot-Dry,2012-09-10 03:40:00,9
16.4217865,-19.04210612,LA26,2012-09-10,04:00:00 AM,04:00:00,Hot-Dry,2012-09-10 04:00:00,9
16.42178345,-19.04206746,LA26,2012-09-10,04:20:00 AM,04:20:00,Hot-Dry,2012-09-10 04:20:00,9
16.42176615,-19.0420695,LA26,2012-09-10,04:40:00 AM,04:40:00,Hot-Dry,2012-09-10 04:40:00,9
16.421757,-19.04188232,LA26,2012-09-10,05:00:00 AM,05:00:00,Hot-Dry,2012-09-10 05:00:00,9
16.42149251,-19.04151001,LA26,2012-09-10,05:20:00 AM,05:20:00,Hot-Dry,2012-09-10 05:20:00,9
16.42118937,-19.04092204,LA26,2012-09-10,05:40:00 AM,05:40:00,Hot-Dry,2012-09-10 05:40:00,9
16.42113139,-19.04073893,LA26,2012-09-10,06:00:00 AM,06:00:00,Hot-Dry,2012-09-10 06:00:00,9
16.42064616,-19.04059855,LA26,2012-09-10,06:20:00 AM,06:20:00,Hot-Dry,2012-09-10 06:20:00,9
16.42037455,-19.04055786,LA26,2012-09-10,06:40:00 AM,06:40:00,Hot-Dry,2012-09-10 06:40:00,9
16.42003479,-19.04049683,LA26,2012-09-10,07:00:00 AM,07:00:00,Hot-Dry,2012-09-10 07:00:00,9
16.42022298,-19.0399943,LA26,2012-09-10,07:20:00 AM,07:20:00,Hot-Dry,2012-09-10 07:20:00,9
16.42146403,-19.03918457,LA26,2012-09-10,07:40:00 AM,07:40:00,Hot-Dry,2012-09-10 07:40:00,9
16.42206828,-19.03862305,LA26,2012-09-10,08:00:00 AM,08:00:00,Hot-Dry,2012-09-10 08:00:00,9
16.42391459,-19.03783366,LA26,2012-09-10,08:20:00 AM,08:20:00,Hot-Dry,2012-09-10 08:20:00,9
16.42480469,-19.03800456,LA26,2012-09-10,08:40:00 AM,08:40:00,Hot-Dry,2012-09-10 08:40:00,9
16.4250061,-19.03817139,LA26,2012-09-10,09:00:00 AM,09:00:00,Hot-Dry,2012-09-10 09:00:00,9
16.42644653,-19.03888346,LA26,2012-09-10,09:20:00 AM,09:20:00,Hot-Dry,2012-09-10 09:20:00,9
16.42921753,-19.03915812,LA26,2012-09-10,09:40:00 AM,09:40:00,Hot-Dry,2012-09-10 09:40:00,9
16.43145854,-19.03800456,LA26,2012-09-10,10:00:00 AM,10:00:00,Hot-Dry,2012-09-10 10:00:00,9
16.43199361,-19.03757935,LA26,2012-09-10,10:20:00 AM,10:20:00,Hot-Dry,2012-09-10 10:20:00,9
16.43264872,-19.03756104,LA26,2012-09-10,10:40:00 AM,10:40:00,Hot-Dry,2012-09-10 10:40:00,9
16.43265279,-19.03756104,LA26,2012-09-10,11:00:00 AM,11:00:00,Hot-Dry,2012-09-10 11:00:00,9
16.43265686,-19.03752441,LA26,2012-09-10,11:20:00 AM,11:20:00,Hot-Dry,2012-09-10 11:20:00,9
16.43268433,-19.03753459,LA26,2012-09-10,11:40:00 AM,11:40:00,Hot-Dry,2012-09-10 11:40:00,9
16.4326711,-19.03753662,LA26,2012-09-10,12:00:00 PM,12:00:00,Hot-Dry,2012-09-10 12:00:00,9
16.43264364,-19.03751831,LA26,2012-09-10,12:20:00 PM,12:20:00,Hot-Dry,2012-09-10 12:20:00,9
16.43305766,-19.03780111,LA26,2012-09-10,12:40:00 PM,12:40:00,Hot-Dry,2012-09-10 12:40:00,9
16.43323263,-19.03861084,LA26,2012-09-10,01:00:00 PM,13:00:00,Hot-Dry,2012-09-10 13:00:00,9
16.43322754,-19.03861287,LA26,2012-09-10,01:20:00 PM,13:20:00,Hot-Dry,2012-09-10 13:20:00,9
16.43324585,-19.03860067,LA26,2012-09-10,01:40:00 PM,13:40:00,Hot-Dry,2012-09-10 13:40:00,9
16.43310852,-19.03938802,LA26,2012-09-10,02:00:00 PM,14:00:00,Hot-Dry,2012-09-10 14:00:00,9
16.43411865,-19.04007772,LA26,2012-09-10,02:20:00 PM,14:20:00,Hot-Dry,2012-09-10 14:20:00,9
16.43592021,-19.04116618,LA26,2012-09-10,02:40:00 PM,14:40:00,Hot-Dry,2012-09-10 14:40:00,9
16.44046529,-19.0425883,LA26,2012-09-10,03:00:00 PM,15:00:00,Hot-Dry,2012-09-10 15:00:00,9
16.44938558,-19.04038086,LA26,2012-09-10,03:20:00 PM,15:20:00,Hot-Dry,2012-09-10 15:20:00,9
16.45461731,-19.03941243,LA26,2012-09-10,03:40:00 PM,15:40:00,Hot-Dry,2012-09-10 15:40:00,9
16.45589701,-19.03941243,LA26,2012-09-10,04:00:00 PM,16:00:00,Hot-Dry,2012-09-10 16:00:00,9
16.45661112,-19.03922119,LA26,2012-09-10,04:20:00 PM,16:20:00,Hot-Dry,2012-09-10 16:20:00,9
16.45774536,-19.0377299,LA26,2012-09-10,04:40:00 PM,16:40:00,Hot-Dry,2012-09-10 16:40:00,9
16.45823873,-19.0376241,LA26,2012-09-10,05:00:00 PM,17:00:00,Hot-Dry,2012-09-10 17:00:00,9
16.46121012,-19.03875732,LA26,2012-09-10,05:20:00 PM,17:20:00,Hot-Dry,2012-09-10 17:20:00,9
16.46247457,-19.03960775,LA26,2012-09-10,05:40:00 PM,17:40:00,Hot-Dry,2012-09-10 17:40:00,9
16.46545207,-19.04107869,LA26,2012-09-10,06:00:00 PM,18:00:00,Hot-Dry,2012-09-10 18:00:00,9
16.47035319,-19.04010824,LA26,2012-09-10,06:20:00 PM,18:20:00,Hot-Dry,2012-09-10 18:20:00,9
16.47022909,-19.04076742,LA26,2012-09-10,06:40:00 PM,18:40:00,Hot-Dry,2012-09-10 18:40:00,9
16.47896627,-19.04124756,LA26,2012-09-10,07:00:00 PM,19:00:00,Hot-Dry,2012-09-10 19:00:00,9
16.48136698,-19.03995361,LA26,2012-09-10,07:20:00 PM,19:20:00,Hot-Dry,2012-09-10 19:20:00,9
16.48492432,-19.03947144,LA26,2012-09-10,07:40:00 PM,19:40:00,Hot-Dry,2012-09-10 19:40:00,9
16.48809306,-19.0386027,LA26,2012-09-10,08:00:00 PM,20:00:00,Hot-Dry,2012-09-10 20:00:00,9
16.48937276,-19.03868001,LA26,2012-09-10,08:20:00 PM,20:20:00,Hot-Dry,2012-09-10 20:20:00,9
16.48946228,-19.0385966,LA26,2012-09-10,08:40:00 PM,20:40:00,Hot-Dry,2012-09-10 20:40:00,9
16.4896108,-19.0386556,LA26,2012-09-10,09:00:00 PM,21:00:00,Hot-Dry,2012-09-10 21:00:00,9
16.48978373,-19.03863322,LA26,2012-09-10,09:20:00 PM,21:20:00,Hot-Dry,2012-09-10 21:20:00,9
16.49019267,-19.03885295,LA26,2012-09-10,09:40:00 PM,21:40:00,Hot-Dry,2012-09-10 21:40:00,9
16.49057312,-19.03892415,LA26,2012-09-10,10:00:00 PM,22:00:00,Hot-Dry,2012-09-10 22:00:00,9
16.49082133,-19.03886108,LA26,2012-09-10,10:20:00 PM,22:20:00,Hot-Dry,2012-09-10 22:20:00,9
16.49107666,-19.03876343,LA26,2012-09-10,10:40:00 PM,22:40:00,Hot-Dry,2012-09-10 22:40:00,9
16.4913442,-19.03864543,LA26,2012-09-10,11:00:00 PM,23:00:00,Hot-Dry,2012-09-10 23:00:00,9
16.49429321,-19.03829956,LA26,2012-09-10,11:20:00 PM,23:20:00,Hot-Dry,2012-09-10 23:20:00,9
16.49508565,-19.037913,LA26,2012-09-10,11:40:00 PM,23:40:00,Hot-Dry,2012-09-10 23:40:00,9
16.49525757,-19.03784993,LA26,2012-09-11,12:00:00 AM,00:00:00,Hot-Dry,2012-09-11 00:00:00,9
16.49719137,-19.037736,LA26,2012-09-11,12:20:00 AM,00:20:00,Hot-Dry,2012-09-11 00:20:00,9
16.49736633,-19.03783976,LA26,2012-09-11,12:40:00 AM,00:40:00,Hot-Dry,2012-09-11 00:40:00,9
16.4978597,-19.03734334,LA26,2012-09-11,01:00:00 AM,01:00:00,Hot-Dry,2012-09-11 01:00:00,9
16.49824829,-19.03696899,LA26,2012-09-11,01:20:00 AM,01:20:00,Hot-Dry,2012-09-11 01:20:00,9
16.49863993,-19.03704834,LA26,2012-09-11,01:40:00 AM,01:40:00,Hot-Dry,2012-09-11 01:40:00,9
16.49957275,-19.0377238,LA26,2012-09-11,02:00:00 AM,02:00:00,Hot-Dry,2012-09-11 02:00:00,9
16.49968262,-19.03781331,LA26,2012-09-11,02:20:00 AM,02:20:00,Hot-Dry,2012-09-11 02:20:00,9
16.49964193,-19.03780721,LA26,2012-09-11,02:40:00 AM,02:40:00,Hot-Dry,2012-09-11 02:40:00,9
16.49967957,-19.03781738,LA26,2012-09-11,03:00:00 AM,03:00:00,Hot-Dry,2012-09-11 03:00:00,9
16.49964803,-19.03779704,LA26,2012-09-11,03:20:00 AM,03:20:00,Hot-Dry,2012-09-11 03:20:00,9
16.49964701,-19.03779907,LA26,2012-09-11,03:40:00 AM,03:40:00,Hot-Dry,2012-09-11 03:40:00,9
16.49961751,-19.03783569,LA26,2012-09-11,04:00:00 AM,04:00:00,Hot-Dry,2012-09-11 04:00:00,9
16.49966431,-19.03779704,LA26,2012-09-11,04:20:00 AM,04:20:00,Hot-Dry,2012-09-11 04:20:00,9
16.49982198,-19.03779297,LA26,2012-09-11,04:40:00 AM,04:40:00,Hot-Dry,2012-09-11 04:40:00,9
16.50012105,-19.03817342,LA26,2012-09-11,05:00:00 AM,05:00:00,Hot-Dry,2012-09-11 05:00:00,9
16.50148417,-19.03797404,LA26,2012-09-11,05:20:00 AM,05:20:00,Hot-Dry,2012-09-11 05:20:00,9
16.50290426,-19.03806559,LA26,2012-09-11,05:40:00 AM,05:40:00,Hot-Dry,2012-09-11 05:40:00,9
16.50409953,-19.03844604,LA26,2012-09-11,06:00:00 AM,06:00:00,Hot-Dry,2012-09-11 06:00:00,9
16.5054718,-19.03863525,LA26,2012-09-11,06:20:00 AM,06:20:00,Hot-Dry,2012-09-11 06:20:00,9
16.5067098,-19.03853149,LA26,2012-09-11,06:40:00 AM,06:40:00,Hot-Dry,2012-09-11 06:40:00,9
16.50695394,-19.03850505,LA26,2012-09-11,07:00:00 AM,07:00:00,Hot-Dry,2012-09-11 07:00:00,9
16.50910136,-19.03765462,LA26,2012-09-11,07:20:00 AM,07:20:00,Hot-Dry,2012-09-11 07:20:00,9
16.51210429,-19.03891602,LA26,2012-09-11,07:40:00 AM,07:40:00,Hot-Dry,2012-09-11 07:40:00,9
16.51231689,-19.03916626,LA26,2012-09-11,08:00:00 AM,08:00:00,Hot-Dry,2012-09-11 08:00:00,9
16.51305339,-19.03961792,LA26,2012-09-11,08:20:00 AM,08:20:00,Hot-Dry,2012-09-11 08:20:00,9
16.51384583,-19.03784383,LA26,2012-09-11,08:40:00 AM,08:40:00,Hot-Dry,2012-09-11 08:40:00,9
16.51382243,-19.03786214,LA26,2012-09-11,09:00:00 AM,09:00:00,Hot-Dry,2012-09-11 09:00:00,9
16.51383667,-19.03783366,LA26,2012-09-11,09:20:00 AM,09:20:00,Hot-Dry,2012-09-11 09:20:00,9
16.5138387,-19.03786825,LA26,2012-09-11,09:40:00 AM,09:40:00,Hot-Dry,2012-09-11 09:40:00,9
16.51387227,-19.03796387,LA26,2012-09-11,10:00:00 AM,10:00:00,Hot-Dry,2012-09-11 10:00:00,9
16.51383464,-19.03788045,LA26,2012-09-11,10:20:00 AM,10:20:00,Hot-Dry,2012-09-11 10:20:00,9
16.51382751,-19.03788452,LA26,2012-09-11,10:40:00 AM,10:40:00,Hot-Dry,2012-09-11 10:40:00,9
16.51384786,-19.0378479,LA26,2012-09-11,11:00:00 AM,11:00:00,Hot-Dry,2012-09-11 11:00:00,9
16.5138621,-19.03783569,LA26,2012-09-11,11:20:00 AM,11:20:00,Hot-Dry,2012-09-11 11:20:00,9
16.51386515,-19.0378418,LA26,2012-09-11,11:40:00 AM,11:40:00,Hot-Dry,2012-09-11 11:40:00,9
16.51400553,-19.03744303,LA26,2012-09-11,12:00:00 PM,12:00:00,Hot-Dry,2012-09-11 12:00:00,9
16.51349182,-19.03688151,LA26,2012-09-11,12:20:00 PM,12:20:00,Hot-Dry,2012-09-11 12:20:00,9
16.51348267,-19.03686727,LA26,2012-09-11,12:40:00 PM,12:40:00,Hot-Dry,2012-09-11 12:40:00,9
16.51349386,-19.0368693,LA26,2012-09-11,01:00:00 PM,13:00:00,Hot-Dry,2012-09-11 13:00:00,9
16.51350098,-19.03690389,LA26,2012-09-11,01:20:00 PM,13:20:00,Hot-Dry,2012-09-11 13:20:00,9
16.51352234,-19.03693034,LA26,2012-09-11,01:40:00 PM,13:40:00,Hot-Dry,2012-09-11 13:40:00,9
16.51311747,-19.03632406,LA26,2012-09-11,02:00:00 PM,14:00:00,Hot-Dry,2012-09-11 14:00:00,9
16.51250712,-19.0360026,LA26,2012-09-11,02:20:00 PM,14:20:00,Hot-Dry,2012-09-11 14:20:00,9
16.51229045,-19.0358785,LA26,2012-09-11,02:40:00 PM,14:40:00,Hot-Dry,2012-09-11 14:40:00,9
16.51203105,-19.03585815,LA26,2012-09-11,03:00:00 PM,15:00:00,Hot-Dry,2012-09-11 15:00:00,9
16.51179403,-19.03594767,LA26,2012-09-11,03:20:00 PM,15:20:00,Hot-Dry,2012-09-11 15:20:00,9
16.51084493,-19.03733724,LA26,2012-09-11,03:40:00 PM,15:40:00,Hot-Dry,2012-09-11 15:40:00,9
16.50904134,-19.0387207,LA26,2012-09-11,04:00:00 PM,16:00:00,Hot-Dry,2012-09-11 16:00:00,9
16.50794169,-19.0390096,LA26,2012-09-11,04:20:00 PM,16:20:00,Hot-Dry,2012-09-11 16:20:00,9
16.50580444,-19.03834432,LA26,2012-09-11,04:40:00 PM,16:40:00,Hot-Dry,2012-09-11 16:40:00,9
16.504717,-19.0386617,LA26,2012-09-11,05:00:00 PM,17:00:00,Hot-Dry,2012-09-11 17:00:00,9
16.50403849,-19.03891602,LA26,2012-09-11,05:20:00 PM,17:20:00,Hot-Dry,2012-09-11 17:20:00,9
16.50396118,-19.03891805,LA26,2012-09-11,05:40:00 PM,17:40:00,Hot-Dry,2012-09-11 17:40:00,9
16.50343119,-19.0388916,LA26,2012-09-11,06:00:00 PM,18:00:00,Hot-Dry,2012-09-11 18:00:00,9
16.5018158,-19.03897705,LA26,2012-09-11,06:20:00 PM,18:20:00,Hot-Dry,2012-09-11 18:20:00,9
16.49946594,-19.03814494,LA26,2012-09-11,06:40:00 PM,18:40:00,Hot-Dry,2012-09-11 18:40:00,9
16.49800924,-19.03789673,LA26,2012-09-11,07:00:00 PM,19:00:00,Hot-Dry,2012-09-11 19:00:00,9
16.49737447,-19.03791504,LA26,2012-09-11,07:20:00 PM,19:20:00,Hot-Dry,2012-09-11 19:20:00,9
16.49680278,-19.03812663,LA26,2012-09-11,07:40:00 PM,19:40:00,Hot-Dry,2012-09-11 19:40:00,9
16.49652405,-19.03793132,LA26,2012-09-11,08:00:00 PM,20:00:00,Hot-Dry,2012-09-11 20:00:00,9
16.49483439,-19.03775838,LA26,2012-09-11,08:20:00 PM,20:20:00,Hot-Dry,2012-09-11 20:20:00,9
16.49393209,-19.03765869,LA26,2012-09-11,08:40:00 PM,20:40:00,Hot-Dry,2012-09-11 20:40:00,9
16.49278158,-19.03799845,LA26,2012-09-11,09:00:00 PM,21:00:00,Hot-Dry,2012-09-11 21:00:00,9
16.49101156,-19.03821615,LA26,2012-09-11,09:20:00 PM,21:20:00,Hot-Dry,2012-09-11 21:20:00,9
16.49039001,-19.03881226,LA26,2012-09-11,09:40:00 PM,21:40:00,Hot-Dry,2012-09-11 21:40:00,9
16.49005534,-19.03884481,LA26,2012-09-11,10:00:00 PM,22:00:00,Hot-Dry,2012-09-11 22:00:00,9
16.49000244,-19.03875326,LA26,2012-09-11,10:20:00 PM,22:20:00,Hot-Dry,2012-09-11 22:20:00,9
16.48973897,-19.03890991,LA26,2012-09-11,10:40:00 PM,22:40:00,Hot-Dry,2012-09-11 22:40:00,9
16.48843689,-19.03846639,LA26,2012-09-11,11:00:00 PM,23:00:00,Hot-Dry,2012-09-11 23:00:00,9
16.48704631,-19.0382019,LA26,2012-09-11,11:20:00 PM,23:20:00,Hot-Dry,2012-09-11 23:20:00,9
16.48660787,-19.03846232,LA26,2012-09-11,11:40:00 PM,23:40:00,Hot-Dry,2012-09-11 23:40:00,9
16.48622843,-19.03843587,LA26,2012-09-12,12:00:00 AM,00:00:00,Hot-Dry,2012-09-12 00:00:00,9
16.48602905,-19.03845825,LA26,2012-09-12,12:20:00 AM,00:20:00,Hot-Dry,2012-09-12 00:20:00,9
16.48235372,-19.03955485,LA26,2012-09-12,12:40:00 AM,00:40:00,Hot-Dry,2012-09-12 00:40:00,9
16.47257996,-19.04179281,LA26,2012-09-12,01:00:00 AM,01:00:00,Hot-Dry,2012-09-12 01:00:00,9
16.46442159,-19.04123942,LA26,2012-09-12,01:20:00 AM,01:20:00,Hot-Dry,2012-09-12 01:20:00,9
16.45469666,-19.03980103,LA26,2012-09-12,01:40:00 AM,01:40:00,Hot-Dry,2012-09-12 01:40:00,9
16.44788208,-19.03871867,LA26,2012-09-12,02:00:00 AM,02:00:00,Hot-Dry,2012-09-12 02:00:00,9
16.44121806,-19.03618774,LA26,2012-09-12,02:20:00 AM,02:20:00,Hot-Dry,2012-09-12 02:20:00,9
16.43643799,-19.03465169,LA26,2012-09-12,02:40:00 AM,02:40:00,Hot-Dry,2012-09-12 02:40:00,9
16.43450623,-19.03334554,LA26,2012-09-12,03:00:00 AM,03:00:00,Hot-Dry,2012-09-12 03:00:00,9
16.4341512,-19.03296509,LA26,2012-09-12,03:20:00 AM,03:20:00,Hot-Dry,2012-09-12 03:20:00,9
16.43416443,-19.03296305,LA26,2012-09-12,03:40:00 AM,03:40:00,Hot-Dry,2012-09-12 03:40:00,9
16.43411764,-19.0329305,LA26,2012-09-12,04:00:00 AM,04:00:00,Hot-Dry,2012-09-12 04:00:00,9
16.43415222,-19.0329834,LA26,2012-09-12,04:20:00 AM,04:20:00,Hot-Dry,2012-09-12 04:20:00,9
16.43412069,-19.03297526,LA26,2012-09-12,04:40:00 AM,04:40:00,Hot-Dry,2012-09-12 04:40:00,9
16.43308105,-19.03194987,LA26,2012-09-12,05:00:00 AM,05:00:00,Hot-Dry,2012-09-12 05:00:00,9
16.43210653,-19.03197632,LA26,2012-09-12,05:20:00 AM,05:20:00,Hot-Dry,2012-09-12 05:20:00,9
16.4317159,-19.03126831,LA26,2012-09-12,05:40:00 AM,05:40:00,Hot-Dry,2012-09-12 05:40:00,9
16.43151957,-19.03078003,LA26,2012-09-12,06:00:00 AM,06:00:00,Hot-Dry,2012-09-12 06:00:00,9
16.42991943,-19.02978923,LA26,2012-09-12,06:20:00 AM,06:20:00,Hot-Dry,2012-09-12 06:20:00,9
16.42825012,-19.02938436,LA26,2012-09-12,06:40:00 AM,06:40:00,Hot-Dry,2012-09-12 06:40:00,9
16.42737732,-19.02814128,LA26,2012-09-12,07:00:00 AM,07:00:00,Hot-Dry,2012-09-12 07:00:00,9
16.4277181,-19.02781982,LA26,2012-09-12,07:20:00 AM,07:20:00,Hot-Dry,2012-09-12 07:20:00,9
16.42851969,-19.02879232,LA26,2012-09-12,07:40:00 AM,07:40:00,Hot-Dry,2012-09-12 07:40:00,9
16.4292867,-19.02900798,LA26,2012-09-12,08:00:00 AM,08:00:00,Hot-Dry,2012-09-12 08:00:00,9
16.43051046,-19.02934774,LA26,2012-09-12,08:20:00 AM,08:20:00,Hot-Dry,2012-09-12 08:20:00,9
16.43255717,-19.03053792,LA26,2012-09-12,08:40:00 AM,08:40:00,Hot-Dry,2012-09-12 08:40:00,9
16.43342997,-19.03167318,LA26,2012-09-12,09:00:00 AM,09:00:00,Hot-Dry,2012-09-12 09:00:00,9
16.43385213,-19.03203735,LA26,2012-09-12,09:20:00 AM,09:20:00,Hot-Dry,2012-09-12 09:20:00,9
16.43385722,-19.03203328,LA26,2012-09-12,09:40:00 AM,09:40:00,Hot-Dry,2012-09-12 09:40:00,9
16.43385722,-19.03202922,LA26,2012-09-12,10:00:00 AM,10:00:00,Hot-Dry,2012-09-12 10:00:00,9
16.43362935,-19.03185221,LA26,2012-09-12,10:20:00 AM,10:20:00,Hot-Dry,2012-09-12 10:20:00,9
16.43361003,-19.03189494,LA26,2012-09-12,10:40:00 AM,10:40:00,Hot-Dry,2012-09-12 10:40:00,9
16.43363444,-19.03185628,LA26,2012-09-12,11:00:00 AM,11:00:00,Hot-Dry,2012-09-12 11:00:00,9
16.4336436,-19.03187663,LA26,2012-09-12,11:20:00 AM,11:20:00,Hot-Dry,2012-09-12 11:20:00,9
16.43352559,-19.03174642,LA26,2012-09-12,11:40:00 AM,11:40:00,Hot-Dry,2012-09-12 11:40:00,9
16.43351135,-19.03175049,LA26,2012-09-12,12:00:00 PM,12:00:00,Hot-Dry,2012-09-12 12:00:00,9
16.43351237,-19.03170166,LA26,2012-09-12,12:20:00 PM,12:20:00,Hot-Dry,2012-09-12 12:20:00,9
16.43351034,-19.03175863,LA26,2012-09-12,12:40:00 PM,12:40:00,Hot-Dry,2012-09-12 12:40:00,9
16.43352661,-19.03174235,LA26,2012-09-12,01:00:00 PM,13:00:00,Hot-Dry,2012-09-12 13:00:00,9
16.43320211,-19.03170166,LA26,2012-09-12,01:20:00 PM,13:20:00,Hot-Dry,2012-09-12 13:20:00,9
16.43395284,-19.03192546,LA26,2012-09-12,01:40:00 PM,13:40:00,Hot-Dry,2012-09-12 13:40:00,9
16.43573201,-19.03246867,LA26,2012-09-12,02:00:00 PM,14:00:00,Hot-Dry,2012-09-12 14:00:00,9
16.43637085,-19.0325175,LA26,2012-09-12,02:20:00 PM,14:20:00,Hot-Dry,2012-09-12 14:20:00,9
16.43763835,-19.0328064,LA26,2012-09-12,02:40:00 PM,14:40:00,Hot-Dry,2012-09-12 14:40:00,9
16.43959859,-19.0332784,LA26,2012-09-12,03:00:00 PM,15:00:00,Hot-Dry,2012-09-12 15:00:00,9
16.440507,-19.03317668,LA26,2012-09-12,03:20:00 PM,15:20:00,Hot-Dry,2012-09-12 15:20:00,9
16.44069824,-19.03268026,LA26,2012-09-12,03:40:00 PM,15:40:00,Hot-Dry,2012-09-12 15:40:00,9
16.44140523,-19.0329366,LA26,2012-09-12,04:00:00 PM,16:00:00,Hot-Dry,2012-09-12 16:00:00,9
16.44279785,-19.03257039,LA26,2012-09-12,04:20:00 PM,16:20:00,Hot-Dry,2012-09-12 16:20:00,9
16.44782613,-19.03441976,LA26,2012-09-12,04:40:00 PM,16:40:00,Hot-Dry,2012-09-12 16:40:00,9
16.44962667,-19.03511149,LA26,2012-09-12,05:00:00 PM,17:00:00,Hot-Dry,2012-09-12 17:00:00,9
16.45197957,-19.03677572,LA26,2012-09-12,05:20:00 PM,17:20:00,Hot-Dry,2012-09-12 17:20:00,9
16.4556488,-19.03646851,LA26,2012-09-12,05:40:00 PM,17:40:00,Hot-Dry,2012-09-12 17:40:00,9
16.45756429,-19.03658854,LA26,2012-09-12,06:00:00 PM,18:00:00,Hot-Dry,2012-09-12 18:00:00,9
16.45830994,-19.03639933,LA26,2012-09-12,06:20:00 PM,18:20:00,Hot-Dry,2012-09-12 18:20:00,9
16.46048482,-19.03547363,LA26,2012-09-12,06:40:00 PM,18:40:00,Hot-Dry,2012-09-12 18:40:00,9
16.46525981,-19.03683675,LA26,2012-09-12,07:00:00 PM,19:00:00,Hot-Dry,2012-09-12 19:00:00,9
16.47024231,-19.04009603,LA26,2012-09-12,07:20:00 PM,19:20:00,Hot-Dry,2012-09-12 19:20:00,9
16.46996765,-19.04019979,LA26,2012-09-12,07:40:00 PM,19:40:00,Hot-Dry,2012-09-12 19:40:00,9
16.46390584,-19.04140625,LA26,2012-09-12,08:00:00 PM,20:00:00,Hot-Dry,2012-09-12 20:00:00,9
16.46200867,-19.04112752,LA26,2012-09-12,08:20:00 PM,20:20:00,Hot-Dry,2012-09-12 20:20:00,9
16.46152039,-19.04120483,LA26,2012-09-12,08:40:00 PM,20:40:00,Hot-Dry,2012-09-12 20:40:00,9
16.45723979,-19.04076945,LA26,2012-09-12,09:00:00 PM,21:00:00,Hot-Dry,2012-09-12 21:00:00,9
16.45339762,-19.03994751,LA26,2012-09-12,09:20:00 PM,21:20:00,Hot-Dry,2012-09-12 21:20:00,9
16.45311076,-19.03999837,LA26,2012-09-12,09:40:00 PM,21:40:00,Hot-Dry,2012-09-12 21:40:00,9
16.45111084,-19.04029338,LA26,2012-09-12,10:00:00 PM,22:00:00,Hot-Dry,2012-09-12 22:00:00,9
16.44925741,-19.0403951,LA26,2012-09-12,10:20:00 PM,22:20:00,Hot-Dry,2012-09-12 22:20:00,9
16.44242655,-19.0401652,LA26,2012-09-12,10:40:00 PM,22:40:00,Hot-Dry,2012-09-12 22:40:00,9
16.43768311,-19.03815918,LA26,2012-09-12,11:00:00 PM,23:00:00,Hot-Dry,2012-09-12 23:00:00,9
16.43508504,-19.03733521,LA26,2012-09-12,11:20:00 PM,23:20:00,Hot-Dry,2012-09-12 23:20:00,9
16.4319397,-19.0368103,LA26,2012-09-12,11:40:00 PM,23:40:00,Hot-Dry,2012-09-12 23:40:00,9
16.43141683,-19.03740438,LA26,2012-09-13,12:00:29 AM,00:00:00,Hot-Dry,2012-09-13 00:00:00,9
16.43085327,-19.03769938,LA26,2012-09-13,12:20:25 AM,00:20:00,Hot-Dry,2012-09-13 00:20:00,9
16.42954915,-19.03713582,LA26,2012-09-13,12:40:27 AM,00:40:00,Hot-Dry,2012-09-13 00:40:00,9
16.4295461,-19.03708496,LA26,2012-09-13,01:00:29 AM,01:00:00,Hot-Dry,2012-09-13 01:00:00,9
16.42936096,-19.03693237,LA26,2012-09-13,01:20:24 AM,01:20:00,Hot-Dry,2012-09-13 01:20:00,9
16.4287089,-19.03683675,LA26,2012-09-13,01:40:27 AM,01:40:00,Hot-Dry,2012-09-13 01:40:00,9
16.4271342,-19.03792725,LA26,2012-09-13,02:00:29 AM,02:00:00,Hot-Dry,2012-09-13 02:00:00,9
16.42642314,-19.03872274,LA26,2012-09-13,02:20:24 AM,02:20:00,Hot-Dry,2012-09-13 02:20:00,9
16.42622884,-19.03856812,LA26,2012-09-13,02:40:27 AM,02:40:00,Hot-Dry,2012-09-13 02:40:00,9
16.42616272,-19.0387675,LA26,2012-09-13,03:00:32 AM,03:00:00,Hot-Dry,2012-09-13 03:00:00,9
16.4261851,-19.0387085,LA26,2012-09-13,03:20:29 AM,03:20:00,Hot-Dry,2012-09-13 03:20:00,9
16.42607015,-19.03863525,LA26,2012-09-13,03:40:49 AM,03:40:00,Hot-Dry,2012-09-13 03:40:00,9
16.4261617,-19.03876953,LA26,2012-09-13,04:00:29 AM,04:00:00,Hot-Dry,2012-09-13 04:00:00,9
16.42620443,-19.03868815,LA26,2012-09-13,04:20:30 AM,04:20:00,Hot-Dry,2012-09-13 04:20:00,9
16.42612712,-19.03882243,LA26,2012-09-13,04:40:24 AM,04:40:00,Hot-Dry,2012-09-13 04:40:00,9
16.42454325,-19.03806356,LA26,2012-09-13,05:00:26 AM,05:00:00,Hot-Dry,2012-09-13 05:00:00,9
16.42300008,-19.0372701,LA26,2012-09-13,05:20:29 AM,05:20:00,Hot-Dry,2012-09-13 05:20:00,9
16.42007243,-19.03764038,LA26,2012-09-13,05:40:24 AM,05:40:00,Hot-Dry,2012-09-13 05:40:00,9
16.41911418,-19.03776042,LA26,2012-09-13,06:00:27 AM,06:00:00,Hot-Dry,2012-09-13 06:00:00,9
16.41719259,-19.03701172,LA26,2012-09-13,06:20:29 AM,06:20:00,Hot-Dry,2012-09-13 06:20:00,9
16.41407064,-19.0350118,LA26,2012-09-13,06:40:24 AM,06:40:00,Hot-Dry,2012-09-13 06:40:00,9
16.41215312,-19.0342509,LA26,2012-09-13,07:00:26 AM,07:00:00,Hot-Dry,2012-09-13 07:00:00,9
16.41150208,-19.03384196,LA26,2012-09-13,07:20:29 AM,07:20:00,Hot-Dry,2012-09-13 07:20:00,9
16.41089579,-19.03417562,LA26,2012-09-13,07:40:24 AM,07:40:00,Hot-Dry,2012-09-13 07:40:00,9
16.41028341,-19.03527425,LA26,2012-09-13,08:00:27 AM,08:00:00,Hot-Dry,2012-09-13 08:00:00,9
16.4122111,-19.03649292,LA26,2012-09-13,08:20:29 AM,08:20:00,Hot-Dry,2012-09-13 08:20:00,9
16.41219381,-19.0368632,LA26,2012-09-13,08:40:24 AM,08:40:00,Hot-Dry,2012-09-13 08:40:00,9
16.41220907,-19.03687337,LA26,2012-09-13,09:00:26 AM,09:00:00,Hot-Dry,2012-09-13 09:00:00,9
16.41219889,-19.03683268,LA26,2012-09-13,09:20:29 AM,09:20:00,Hot-Dry,2012-09-13 09:20:00,9
16.41220703,-19.03685913,LA26,2012-09-13,09:40:28 AM,09:40:00,Hot-Dry,2012-09-13 09:40:00,9
16.41222026,-19.03682861,LA26,2012-09-13,10:00:24 AM,10:00:00,Hot-Dry,2012-09-13 10:00:00,9
16.41222127,-19.03686727,LA26,2012-09-13,10:20:26 AM,10:20:00,Hot-Dry,2012-09-13 10:20:00,9
16.4123057,-19.03687948,LA26,2012-09-13,10:40:29 AM,10:40:00,Hot-Dry,2012-09-13 10:40:00,9
16.41223653,-19.03688151,LA26,2012-09-13,11:00:24 AM,11:00:00,Hot-Dry,2012-09-13 11:00:00,9
16.41226908,-19.03683879,LA26,2012-09-13,11:20:27 AM,11:20:00,Hot-Dry,2012-09-13 11:20:00,9
16.41229146,-19.0368571,LA26,2012-09-13,11:40:30 AM,11:40:00,Hot-Dry,2012-09-13 11:40:00,9
16.41225484,-19.03680623,LA26,2012-09-13,12:00:24 PM,12:00:00,Hot-Dry,2012-09-13 12:00:00,9
16.41226095,-19.03684896,LA26,2012-09-13,12:20:25 PM,12:20:00,Hot-Dry,2012-09-13 12:20:00,9
16.41228536,-19.03683065,LA26,2012-09-13,12:40:27 PM,12:40:00,Hot-Dry,2012-09-13 12:40:00,9
16.4122996,-19.03684896,LA26,2012-09-13,01:00:29 PM,13:00:00,Hot-Dry,2012-09-13 13:00:00,9
16.41231384,-19.03683879,LA26,2012-09-13,01:20:27 PM,13:20:00,Hot-Dry,2012-09-13 13:20:00,9
16.41196798,-19.03670858,LA26,2012-09-13,01:40:29 PM,13:40:00,Hot-Dry,2012-09-13 13:40:00,9
16.41143595,-19.0365153,LA26,2012-09-13,02:00:24 PM,14:00:00,Hot-Dry,2012-09-13 14:00:00,9
16.41095276,-19.03653361,LA26,2012-09-13,02:20:27 PM,14:20:00,Hot-Dry,2012-09-13 14:20:00,9
16.40677999,-19.03644206,LA26,2012-09-13,02:40:29 PM,14:40:00,Hot-Dry,2012-09-13 14:40:00,9
16.40441691,-19.03665161,LA26,2012-09-13,03:00:24 PM,15:00:00,Hot-Dry,2012-09-13 15:00:00,9
16.40404968,-19.0369222,LA26,2012-09-13,03:20:27 PM,15:20:00,Hot-Dry,2012-09-13 15:20:00,9
16.40292867,-19.03708496,LA26,2012-09-13,03:40:29 PM,15:40:00,Hot-Dry,2012-09-13 15:40:00,9
16.40276286,-19.03722331,LA26,2012-09-13,04:00:24 PM,16:00:00,Hot-Dry,2012-09-13 16:00:00,9
16.40166626,-19.03751017,LA26,2012-09-13,04:20:27 PM,16:20:00,Hot-Dry,2012-09-13 16:20:00,9
16.40109151,-19.03748576,LA26,2012-09-13,04:40:29 PM,16:40:00,Hot-Dry,2012-09-13 16:40:00,9
16.40016479,-19.03754679,LA26,2012-09-13,05:00:24 PM,17:00:00,Hot-Dry,2012-09-13 17:00:00,9
16.39882507,-19.0376709,LA26,2012-09-13,05:20:27 PM,17:20:00,Hot-Dry,2012-09-13 17:20:00,9
16.39859823,-19.03829142,LA26,2012-09-13,05:40:29 PM,17:40:00,Hot-Dry,2012-09-13 17:40:00,9
16.3984609,-19.03847656,LA26,2012-09-13,06:00:24 PM,18:00:00,Hot-Dry,2012-09-13 18:00:00,9
16.39832052,-19.03870036,LA26,2012-09-13,06:20:26 PM,18:20:00,Hot-Dry,2012-09-13 18:20:00,9
16.39761556,-19.03913574,LA26,2012-09-13,06:40:29 PM,18:40:00,Hot-Dry,2012-09-13 18:40:00,9
16.39750366,-19.03920085,LA26,2012-09-13,07:00:24 PM,19:00:00,Hot-Dry,2012-09-13 19:00:00,9
16.39742737,-19.03944092,LA26,2012-09-13,07:20:27 PM,19:20:00,Hot-Dry,2012-09-13 19:20:00,9
16.39749959,-19.03948771,LA26,2012-09-13,07:40:29 PM,19:40:00,Hot-Dry,2012-09-13 19:40:00,9
16.39689331,-19.03975423,LA26,2012-09-13,08:00:24 PM,20:00:00,Hot-Dry,2012-09-13 20:00:00,9
16.39642029,-19.04014893,LA26,2012-09-13,08:20:27 PM,20:20:00,Hot-Dry,2012-09-13 20:20:00,9
16.39236857,-19.03818766,LA26,2012-09-13,08:40:23 PM,20:40:00,Hot-Dry,2012-09-13 20:40:00,9
16.38670858,-19.03581136,LA26,2012-09-13,09:00:26 PM,21:00:00,Hot-Dry,2012-09-13 21:00:00,9
16.38656209,-19.03573201,LA26,2012-09-13,09:20:28 PM,21:20:00,Hot-Dry,2012-09-13 21:20:00,9
16.38501383,-19.0363973,LA26,2012-09-13,09:40:24 PM,21:40:00,Hot-Dry,2012-09-13 21:40:00,9
16.38496195,-19.03629761,LA26,2012-09-13,10:00:26 PM,22:00:00,Hot-Dry,2012-09-13 22:00:00,9
16.38491618,-19.03627116,LA26,2012-09-13,10:20:29 PM,22:20:00,Hot-Dry,2012-09-13 22:20:00,9
16.38471578,-19.03752848,LA26,2012-09-13,10:40:24 PM,22:40:00,Hot-Dry,2012-09-13 22:40:00,9
16.3844635,-19.0376241,LA26,2012-09-13,11:00:27 PM,23:00:00,Hot-Dry,2012-09-13 23:00:00,9
16.38420512,-19.03770955,LA26,2012-09-13,11:20:29 PM,23:20:00,Hot-Dry,2012-09-13 23:20:00,9
16.38449504,-19.03875936,LA26,2012-09-13,11:40:24 PM,23:40:00,Hot-Dry,2012-09-13 23:40:00,9
16.38420919,-19.03901774,LA26,2012-09-14,12:00:27 AM,00:00:00,Hot-Dry,2012-09-14 00:00:00,9
16.38362935,-19.03944702,LA26,2012-09-14,12:20:25 AM,00:20:00,Hot-Dry,2012-09-14 00:20:00,9
16.38262431,-19.04080607,LA26,2012-09-14,12:40:27 AM,00:40:00,Hot-Dry,2012-09-14 00:40:00,9
16.3823232,-19.04097697,LA26,2012-09-14,01:00:29 AM,01:00:00,Hot-Dry,2012-09-14 01:00:00,9
16.38237508,-19.04088949,LA26,2012-09-14,01:20:24 AM,01:20:00,Hot-Dry,2012-09-14 01:20:00,9
16.38232422,-19.0409668,LA26,2012-09-14,01:40:27 AM,01:40:00,Hot-Dry,2012-09-14 01:40:00,9
16.38158773,-19.04186605,LA26,2012-09-14,02:00:29 AM,02:00:00,Hot-Dry,2012-09-14 02:00:00,9
16.38166199,-19.04180705,LA26,2012-09-14,02:20:24 AM,02:20:00,Hot-Dry,2012-09-14 02:20:00,9
16.38162028,-19.04181315,LA26,2012-09-14,02:40:27 AM,02:40:00,Hot-Dry,2012-09-14 02:40:00,9
16.38163859,-19.04180908,LA26,2012-09-14,03:00:32 AM,03:00:00,Hot-Dry,2012-09-14 03:00:00,9
16.38163249,-19.04176839,LA26,2012-09-14,03:20:24 AM,03:20:00,Hot-Dry,2012-09-14 03:20:00,9
16.38165995,-19.04175822,LA26,2012-09-14,03:40:27 AM,03:40:00,Hot-Dry,2012-09-14 03:40:00,9
16.38165487,-19.04180908,LA26,2012-09-14,04:00:29 AM,04:00:00,Hot-Dry,2012-09-14 04:00:00,9
16.38169454,-19.04179484,LA26,2012-09-14,04:20:24 AM,04:20:00,Hot-Dry,2012-09-14 04:20:00,9
16.38053792,-19.04216309,LA26,2012-09-14,04:40:27 AM,04:40:00,Hot-Dry,2012-09-14 04:40:00,9
16.37966105,-19.0419637,LA26,2012-09-14,05:00:29 AM,05:00:00,Hot-Dry,2012-09-14 05:00:00,9
16.3791158,-19.04180094,LA26,2012-09-14,05:20:24 AM,05:20:00,Hot-Dry,2012-09-14 05:20:00,9
16.37623393,-19.04099325,LA26,2012-09-14,05:40:27 AM,05:40:00,Hot-Dry,2012-09-14 05:40:00,9
16.37481486,-19.04169515,LA26,2012-09-14,06:00:29 AM,06:00:00,Hot-Dry,2012-09-14 06:00:00,9
16.37423503,-19.04209188,LA26,2012-09-14,06:20:24 AM,06:20:00,Hot-Dry,2012-09-14 06:20:00,9
16.37392578,-19.04208374,LA26,2012-09-14,06:40:26 AM,06:40:00,Hot-Dry,2012-09-14 06:40:00,9
16.37319946,-19.04226278,LA26,2012-09-14,07:00:29 AM,07:00:00,Hot-Dry,2012-09-14 07:00:00,9
16.37149455,-19.04176839,LA26,2012-09-14,07:20:24 AM,07:20:00,Hot-Dry,2012-09-14 07:20:00,9
16.37032471,-19.04149984,LA26,2012-09-14,07:40:26 AM,07:40:00,Hot-Dry,2012-09-14 07:40:00,9
16.3684845,-19.04041545,LA26,2012-09-14,08:00:29 AM,08:00:00,Hot-Dry,2012-09-14 08:00:00,9
16.36665649,-19.04011637,LA26,2012-09-14,08:20:24 AM,08:20:00,Hot-Dry,2012-09-14 08:20:00,9
16.36542155,-19.04031372,LA26,2012-09-14,08:40:26 AM,08:40:00,Hot-Dry,2012-09-14 08:40:00,9
16.36179097,-19.04001668,LA26,2012-09-14,09:00:29 AM,09:00:00,Hot-Dry,2012-09-14 09:00:00,9
16.35911764,-19.04034017,LA26,2012-09-14,09:20:24 AM,09:20:00,Hot-Dry,2012-09-14 09:20:00,9
16.35599569,-19.04035645,LA26,2012-09-14,09:40:26 AM,09:40:00,Hot-Dry,2012-09-14 09:40:00,9
16.35380147,-19.04023438,LA26,2012-09-14,10:00:29 AM,10:00:00,Hot-Dry,2012-09-14 10:00:00,9
16.34842936,-19.03960368,LA26,2012-09-14,10:20:24 AM,10:20:00,Hot-Dry,2012-09-14 10:20:00,9
16.34258525,-19.03699341,LA26,2012-09-14,10:40:26 AM,10:40:00,Hot-Dry,2012-09-14 10:40:00,9
16.34231974,-19.03737183,LA26,2012-09-14,11:00:29 AM,11:00:00,Hot-Dry,2012-09-14 11:00:00,9
16.34437256,-19.04018962,LA26,2012-09-14,11:20:24 AM,11:20:00,Hot-Dry,2012-09-14 11:20:00,9
16.34447937,-19.04017537,LA26,2012-09-14,11:40:26 AM,11:40:00,Hot-Dry,2012-09-14 11:40:00,9
16.34453125,-19.04017334,LA26,2012-09-14,12:00:29 PM,12:00:00,Hot-Dry,2012-09-14 12:00:00,9
16.34450887,-19.04017131,LA26,2012-09-14,12:20:24 PM,12:20:00,Hot-Dry,2012-09-14 12:20:00,9
16.34440104,-19.04014282,LA26,2012-09-14,12:40:26 PM,12:40:00,Hot-Dry,2012-09-14 12:40:00,9
16.34437968,-19.04013062,LA26,2012-09-14,01:00:28 PM,13:00:00,Hot-Dry,2012-09-14 13:00:00,9
16.3440745,-19.04006348,LA26,2012-09-14,01:20:24 PM,13:20:00,Hot-Dry,2012-09-14 13:20:00,9
16.34397888,-19.03986206,LA26,2012-09-14,01:40:27 PM,13:40:00,Hot-Dry,2012-09-14 13:40:00,9
16.34253642,-19.03665161,LA26,2012-09-14,02:00:29 PM,14:00:00,Hot-Dry,2012-09-14 14:00:00,9
16.34214681,-19.03781738,LA26,2012-09-14,02:20:24 PM,14:20:00,Hot-Dry,2012-09-14 14:20:00,9
16.34194438,-19.04031169,LA26,2012-09-14,02:40:26 PM,14:40:00,Hot-Dry,2012-09-14 14:40:00,9
16.34167684,-19.0413147,LA26,2012-09-14,03:00:29 PM,15:00:00,Hot-Dry,2012-09-14 15:00:00,9
16.3409963,-19.04300334,LA26,2012-09-14,03:20:24 PM,15:20:00,Hot-Dry,2012-09-14 15:20:00,9
16.34036967,-19.04447428,LA26,2012-09-14,03:40:27 PM,15:40:00,Hot-Dry,2012-09-14 15:40:00,9
16.34056396,-19.04524129,LA26,2012-09-14,04:00:29 PM,16:00:00,Hot-Dry,2012-09-14 16:00:00,9
16.34159139,-19.04692586,LA26,2012-09-14,04:20:24 PM,16:20:00,Hot-Dry,2012-09-14 16:20:00,9
16.34181315,-19.04802246,LA26,2012-09-14,04:40:27 PM,16:40:00,Hot-Dry,2012-09-14 16:40:00,9
16.34175415,-19.04933675,LA26,2012-09-14,05:00:30 PM,17:00:00,Hot-Dry,2012-09-14 17:00:00,9
16.34166667,-19.05016683,LA26,2012-09-14,05:20:24 PM,17:20:00,Hot-Dry,2012-09-14 17:20:00,9
16.34171041,-19.05055135,LA26,2012-09-14,05:40:26 PM,17:40:00,Hot-Dry,2012-09-14 17:40:00,9
16.34152323,-19.05159098,LA26,2012-09-14,06:00:29 PM,18:00:00,Hot-Dry,2012-09-14 18:00:00,9
16.34156901,-19.05198771,LA26,2012-09-14,06:20:24 PM,18:20:00,Hot-Dry,2012-09-14 18:20:00,9
16.34195251,-19.05272217,LA26,2012-09-14,06:40:27 PM,18:40:00,Hot-Dry,2012-09-14 18:40:00,9
16.34168294,-19.053243,LA26,2012-09-14,07:00:29 PM,19:00:00,Hot-Dry,2012-09-14 19:00:00,9
16.3414856,-19.05358276,LA26,2012-09-14,07:20:24 PM,19:20:00,Hot-Dry,2012-09-14 19:20:00,9
16.34123128,-19.0538208,LA26,2012-09-14,07:40:27 PM,19:40:00,Hot-Dry,2012-09-14 19:40:00,9
16.34077759,-19.05489299,LA26,2012-09-14,08:00:29 PM,20:00:00,Hot-Dry,2012-09-14 20:00:00,9
16.34031576,-19.05557048,LA26,2012-09-14,08:20:24 PM,20:20:00,Hot-Dry,2012-09-14 20:20:00,9
16.33995972,-19.05604248,LA26,2012-09-14,08:40:27 PM,20:40:00,Hot-Dry,2012-09-14 20:40:00,9
16.33999125,-19.05609945,LA26,2012-09-14,09:00:29 PM,21:00:00,Hot-Dry,2012-09-14 21:00:00,9
16.33976135,-19.05698242,LA26,2012-09-14,09:20:24 PM,21:20:00,Hot-Dry,2012-09-14 21:20:00,9
16.33883972,-19.05910848,LA26,2012-09-14,09:40:26 PM,21:40:00,Hot-Dry,2012-09-14 21:40:00,9
16.33790995,-19.06066895,LA26,2012-09-14,10:00:29 PM,22:00:00,Hot-Dry,2012-09-14 22:00:00,9
16.33797302,-19.06069539,LA26,2012-09-14,10:20:24 PM,22:20:00,Hot-Dry,2012-09-14 22:20:00,9
16.33786825,-19.06070964,LA26,2012-09-14,10:40:27 PM,22:40:00,Hot-Dry,2012-09-14 22:40:00,9
16.33796895,-19.0607137,LA26,2012-09-14,11:00:29 PM,23:00:00,Hot-Dry,2012-09-14 23:00:00,9
16.33791097,-19.06070964,LA26,2012-09-14,11:20:24 PM,23:20:00,Hot-Dry,2012-09-14 23:20:00,9
16.3375234,-19.06119181,LA26,2012-09-14,11:40:27 PM,23:40:00,Hot-Dry,2012-09-14 23:40:00,9
16.33704936,-19.0619812,LA26,2012-09-15,12:00:29 AM,00:00:00,Hot-Dry,2012-09-15 00:00:00,9
16.33699646,-19.06191406,LA26,2012-09-15,12:20:25 AM,00:20:00,Hot-Dry,2012-09-15 00:20:00,9
16.3369578,-19.06195272,LA26,2012-09-15,12:40:27 AM,00:40:00,Hot-Dry,2012-09-15 00:40:00,9
16.33701477,-19.06194865,LA26,2012-09-15,01:00:29 AM,01:00:00,Hot-Dry,2012-09-15 01:00:00,9
16.33699036,-19.06193034,LA26,2012-09-15,01:20:24 AM,01:20:00,Hot-Dry,2012-09-15 01:20:00,9
16.33693034,-19.06195272,LA26,2012-09-15,01:40:27 AM,01:40:00,Hot-Dry,2012-09-15 01:40:00,9
16.33697611,-19.06190796,LA26,2012-09-15,02:00:29 AM,02:00:00,Hot-Dry,2012-09-15 02:00:00,9
16.33705241,-19.06190186,LA26,2012-09-15,02:20:24 AM,02:20:00,Hot-Dry,2012-09-15 02:20:00,9
16.33686625,-19.06187541,LA26,2012-09-15,02:40:27 AM,02:40:00,Hot-Dry,2012-09-15 02:40:00,9
16.33693339,-19.06193644,LA26,2012-09-15,03:00:32 AM,03:00:00,Hot-Dry,2012-09-15 03:00:00,9
16.33670654,-19.06206665,LA26,2012-09-15,03:20:24 AM,03:20:00,Hot-Dry,2012-09-15 03:20:00,9
16.33673299,-19.06327311,LA26,2012-09-15,03:40:27 AM,03:40:00,Hot-Dry,2012-09-15 03:40:00,9
16.33657227,-19.06416016,LA26,2012-09-15,04:00:29 AM,04:00:00,Hot-Dry,2012-09-15 04:00:00,9
16.33654683,-19.06454671,LA26,2012-09-15,04:20:24 AM,04:20:00,Hot-Dry,2012-09-15 04:20:00,9
16.33608704,-19.06442057,LA26,2012-09-15,04:40:26 AM,04:40:00,Hot-Dry,2012-09-15 04:40:00,9
16.33590495,-19.06468099,LA26,2012-09-15,05:00:29 AM,05:00:00,Hot-Dry,2012-09-15 05:00:00,9
16.33568217,-19.06491903,LA26,2012-09-15,05:20:24 AM,05:20:00,Hot-Dry,2012-09-15 05:20:00,9
16.33507284,-19.06481934,LA26,2012-09-15,05:40:27 AM,05:40:00,Hot-Dry,2012-09-15 05:40:00,9
16.33473816,-19.06444702,LA26,2012-09-15,06:00:29 AM,06:00:00,Hot-Dry,2012-09-15 06:00:00,9
16.33532308,-19.0628418,LA26,2012-09-15,06:20:24 AM,06:20:00,Hot-Dry,2012-09-15 06:20:00,9
16.33577677,-19.06014608,LA26,2012-09-15,06:40:26 AM,06:40:00,Hot-Dry,2012-09-15 06:40:00,9
16.33642578,-19.05926717,LA26,2012-09-15,07:00:29 AM,07:00:00,Hot-Dry,2012-09-15 07:00:00,9
16.33668823,-19.05888468,LA26,2012-09-15,07:20:24 AM,07:20:00,Hot-Dry,2012-09-15 07:20:00,9
16.33751628,-19.05855916,LA26,2012-09-15,07:40:27 AM,07:40:00,Hot-Dry,2012-09-15 07:40:00,9
16.33885905,-19.05859172,LA26,2012-09-15,08:00:29 AM,08:00:00,Hot-Dry,2012-09-15 08:00:00,9
16.33988241,-19.05836995,LA26,2012-09-15,08:20:24 AM,08:20:00,Hot-Dry,2012-09-15 08:20:00,9
16.340566,-19.05730591,LA26,2012-09-15,08:40:27 AM,08:40:00,Hot-Dry,2012-09-15 08:40:00,9
16.34071655,-19.05645752,LA26,2012-09-15,09:00:29 AM,09:00:00,Hot-Dry,2012-09-15 09:00:00,9
16.34132284,-19.05577393,LA26,2012-09-15,09:20:24 AM,09:20:00,Hot-Dry,2012-09-15 09:20:00,9
16.34200745,-19.05379232,LA26,2012-09-15,09:40:26 AM,09:40:00,Hot-Dry,2012-09-15 09:40:00,9
16.34288534,-19.05235596,LA26,2012-09-15,10:00:29 AM,10:00:00,Hot-Dry,2012-09-15 10:00:00,9
16.34399516,-19.05033773,LA26,2012-09-15,10:20:24 AM,10:20:00,Hot-Dry,2012-09-15 10:20:00,9
16.34419047,-19.04997355,LA26,2012-09-15,10:40:26 AM,10:40:00,Hot-Dry,2012-09-15 10:40:00,9
16.34350993,-19.04505412,LA26,2012-09-15,11:00:29 AM,11:00:00,Hot-Dry,2012-09-15 11:00:00,9
16.34320882,-19.04187012,LA26,2012-09-15,11:20:24 AM,11:20:00,Hot-Dry,2012-09-15 11:20:00,9
16.34248149,-19.03702393,LA26,2012-09-15,11:40:27 AM,11:40:00,Hot-Dry,2012-09-15 11:40:00,9
16.34482727,-19.03812459,LA26,2012-09-15,12:00:29 PM,12:00:00,Hot-Dry,2012-09-15 12:00:00,9
16.34542236,-19.03865153,LA26,2012-09-15,12:20:24 PM,12:20:00,Hot-Dry,2012-09-15 12:20:00,9
16.34544576,-19.03867188,LA26,2012-09-15,12:40:26 PM,12:40:00,Hot-Dry,2012-09-15 12:40:00,9
16.34545288,-19.03868612,LA26,2012-09-15,01:00:28 PM,13:00:00,Hot-Dry,2012-09-15 13:00:00,9
16.34543457,-19.03869832,LA26,2012-09-15,01:20:24 PM,13:20:00,Hot-Dry,2012-09-15 13:20:00,9
16.34507446,-19.03851725,LA26,2012-09-15,01:40:27 PM,13:40:00,Hot-Dry,2012-09-15 13:40:00,9
16.34462789,-19.03838298,LA26,2012-09-15,02:00:29 PM,14:00:00,Hot-Dry,2012-09-15 14:00:00,9
16.34409281,-19.03814901,LA26,2012-09-15,02:20:24 PM,14:20:00,Hot-Dry,2012-09-15 14:20:00,9
16.3422994,-19.03832804,LA26,2012-09-15,02:40:27 PM,14:40:00,Hot-Dry,2012-09-15 14:40:00,9
16.3425649,-19.03947754,LA26,2012-09-15,03:00:29 PM,15:00:00,Hot-Dry,2012-09-15 15:00:00,9
16.34271139,-19.04350993,LA26,2012-09-15,03:20:24 PM,15:20:00,Hot-Dry,2012-09-15 15:20:00,9
16.34111837,-19.0449056,LA26,2012-09-15,03:40:27 PM,15:40:00,Hot-Dry,2012-09-15 15:40:00,9
16.33890076,-19.04666951,LA26,2012-09-15,04:00:29 PM,16:00:00,Hot-Dry,2012-09-15 16:00:00,9
16.3379303,-19.0476359,LA26,2012-09-15,04:20:24 PM,16:20:00,Hot-Dry,2012-09-15 16:20:00,9
16.33758036,-19.05006104,LA26,2012-09-15,04:40:27 PM,16:40:00,Hot-Dry,2012-09-15 16:40:00,9
16.33673604,-19.05206909,LA26,2012-09-15,05:00:29 PM,17:00:00,Hot-Dry,2012-09-15 17:00:00,9
16.33694153,-19.053361,LA26,2012-09-15,05:20:24 PM,17:20:00,Hot-Dry,2012-09-15 17:20:00,9
16.33614909,-19.05513509,LA26,2012-09-15,05:40:27 PM,17:40:00,Hot-Dry,2012-09-15 17:40:00,9
16.336026,-19.05524495,LA26,2012-09-15,06:00:29 PM,18:00:00,Hot-Dry,2012-09-15 18:00:00,9
16.33576558,-19.05559082,LA26,2012-09-15,06:20:24 PM,18:20:00,Hot-Dry,2012-09-15 18:20:00,9
16.33537801,-19.05610758,LA26,2012-09-15,06:40:27 PM,18:40:00,Hot-Dry,2012-09-15 18:40:00,9
16.33496501,-19.05671997,LA26,2012-09-15,07:00:29 PM,19:00:00,Hot-Dry,2012-09-15 19:00:00,9
16.33484497,-19.05777995,LA26,2012-09-15,07:20:24 PM,19:20:00,Hot-Dry,2012-09-15 19:20:00,9
16.33482259,-19.05942993,LA26,2012-09-15,07:40:27 PM,19:40:00,Hot-Dry,2012-09-15 19:40:00,9
16.3344279,-19.06252035,LA26,2012-09-15,08:00:29 PM,20:00:00,Hot-Dry,2012-09-15 20:00:00,9
16.33363851,-19.06431885,LA26,2012-09-15,08:20:24 PM,20:20:00,Hot-Dry,2012-09-15 20:20:00,9
16.33295695,-19.06494548,LA26,2012-09-15,08:40:27 PM,20:40:00,Hot-Dry,2012-09-15 20:40:00,9
16.33197632,-19.06479492,LA26,2012-09-15,09:00:29 PM,21:00:00,Hot-Dry,2012-09-15 21:00:00,9
16.33121847,-19.06539103,LA26,2012-09-15,09:20:24 PM,21:20:00,Hot-Dry,2012-09-15 21:20:00,9
16.33026835,-19.06621908,LA26,2012-09-15,09:40:26 PM,21:40:00,Hot-Dry,2012-09-15 21:40:00,9
16.32966614,-19.06644694,LA26,2012-09-15,10:00:29 PM,22:00:00,Hot-Dry,2012-09-15 22:00:00,9
16.32908529,-19.06732585,LA26,2012-09-15,10:20:25 PM,22:20:00,Hot-Dry,2012-09-15 22:20:00,9
16.32864482,-19.0677002,LA26,2012-09-15,10:40:27 PM,22:40:00,Hot-Dry,2012-09-15 22:40:00,9
16.32780457,-19.06830037,LA26,2012-09-15,11:00:29 PM,23:00:00,Hot-Dry,2012-09-15 23:00:00,9
16.32839457,-19.06996663,LA26,2012-09-15,11:20:24 PM,23:20:00,Hot-Dry,2012-09-15 23:20:00,9
16.32833964,-19.07046305,LA26,2012-09-15,11:40:27 PM,23:40:00,Hot-Dry,2012-09-15 23:40:00,9
16.32783305,-19.0716451,LA26,2012-09-16,12:00:55 AM,00:00:00,Hot-Dry,2012-09-16 00:00:00,9
16.32777405,-19.07295125,LA26,2012-09-16,12:20:25 AM,00:20:00,Hot-Dry,2012-09-16 00:20:00,9
16.32776591,-19.07300008,LA26,2012-09-16,12:40:27 AM,00:40:00,Hot-Dry,2012-09-16 00:40:00,9
16.32764181,-19.07324422,LA26,2012-09-16,01:00:29 AM,01:00:00,Hot-Dry,2012-09-16 01:00:00,9
16.32759908,-19.07333984,LA26,2012-09-16,01:20:24 AM,01:20:00,Hot-Dry,2012-09-16 01:20:00,9
16.32753601,-19.07324422,LA26,2012-09-16,01:40:33 AM,01:40:00,Hot-Dry,2012-09-16 01:40:00,9
16.32753194,-19.07333984,LA26,2012-09-16,02:00:24 AM,02:00:00,Hot-Dry,2012-09-16 02:00:00,9
16.32753398,-19.07334798,LA26,2012-09-16,02:20:27 AM,02:20:00,Hot-Dry,2012-09-16 02:20:00,9
16.32758382,-19.07330322,LA26,2012-09-16,02:40:29 AM,02:40:00,Hot-Dry,2012-09-16 02:40:00,9
16.32754618,-19.07332967,LA26,2012-09-16,03:00:24 AM,03:00:00,Hot-Dry,2012-09-16 03:00:00,9
16.32758179,-19.07337646,LA26,2012-09-16,03:20:26 AM,03:20:00,Hot-Dry,2012-09-16 03:20:00,9
16.32761332,-19.07324422,LA26,2012-09-16,03:40:29 AM,03:40:00,Hot-Dry,2012-09-16 03:40:00,9
16.32750041,-19.07330933,LA26,2012-09-16,04:00:24 AM,04:00:00,Hot-Dry,2012-09-16 04:00:00,9
16.32739054,-19.07391968,LA26,2012-09-16,04:20:27 AM,04:20:00,Hot-Dry,2012-09-16 04:20:00,9
16.32718404,-19.07455648,LA26,2012-09-16,04:40:29 AM,04:40:00,Hot-Dry,2012-09-16 04:40:00,9
16.3269633,-19.0750529,LA26,2012-09-16,05:00:24 AM,05:00:00,Hot-Dry,2012-09-16 05:00:00,9
16.32618103,-19.07590332,LA26,2012-09-16,05:20:27 AM,05:20:00,Hot-Dry,2012-09-16 05:20:00,9
16.32555847,-19.07599487,LA26,2012-09-16,05:40:29 AM,05:40:00,Hot-Dry,2012-09-16 05:40:00,9
16.3245697,-19.07640584,LA26,2012-09-16,06:00:24 AM,06:00:00,Hot-Dry,2012-09-16 06:00:00,9
16.32418111,-19.07682292,LA26,2012-09-16,06:20:26 AM,06:20:00,Hot-Dry,2012-09-16 06:20:00,9
16.32394206,-19.0764974,LA26,2012-09-16,06:40:29 AM,06:40:00,Hot-Dry,2012-09-16 06:40:00,9
16.32412211,-19.07485148,LA26,2012-09-16,07:00:24 AM,07:00:00,Hot-Dry,2012-09-16 07:00:00,9
16.32401428,-19.07377116,LA26,2012-09-16,07:20:26 AM,07:20:00,Hot-Dry,2012-09-16 07:20:00,9
16.32511597,-19.07281901,LA26,2012-09-16,07:40:29 AM,07:40:00,Hot-Dry,2012-09-16 07:40:00,9
16.32593486,-19.07227173,LA26,2012-09-16,08:00:24 AM,08:00:00,Hot-Dry,2012-09-16 08:00:00,9
16.32613729,-19.07165324,LA26,2012-09-16,08:20:26 AM,08:20:00,Hot-Dry,2012-09-16 08:20:00,9
16.32661336,-19.07067261,LA26,2012-09-16,08:40:29 AM,08:40:00,Hot-Dry,2012-09-16 08:40:00,9
16.32678121,-19.06900024,LA26,2012-09-16,09:00:24 AM,09:00:00,Hot-Dry,2012-09-16 09:00:00,9
16.32677612,-19.06898804,LA26,2012-09-16,09:20:26 AM,09:20:00,Hot-Dry,2012-09-16 09:20:00,9
16.32675883,-19.06901652,LA26,2012-09-16,09:40:29 AM,09:40:00,Hot-Dry,2012-09-16 09:40:00,9
16.32681173,-19.06897583,LA26,2012-09-16,10:00:24 AM,10:00:00,Hot-Dry,2012-09-16 10:00:00,9
16.32680054,-19.06899007,LA26,2012-09-16,10:20:27 AM,10:20:00,Hot-Dry,2012-09-16 10:20:00,9
16.32660828,-19.06644084,LA26,2012-09-16,10:40:29 AM,10:40:00,Hot-Dry,2012-09-16 10:40:00,9
16.32642822,-19.0663208,LA26,2012-09-16,11:00:24 AM,11:00:00,Hot-Dry,2012-09-16 11:00:00,9
16.32651774,-19.06618042,LA26,2012-09-16,11:20:27 AM,11:20:00,Hot-Dry,2012-09-16 11:20:00,9
16.32650859,-19.06616821,LA26,2012-09-16,11:40:29 AM,11:40:00,Hot-Dry,2012-09-16 11:40:00,9
16.32652995,-19.06617635,LA26,2012-09-16,12:00:24 PM,12:00:00,Hot-Dry,2012-09-16 12:00:00,9
16.32652181,-19.06615397,LA26,2012-09-16,12:20:25 PM,12:20:00,Hot-Dry,2012-09-16 12:20:00,9
16.32594401,-19.06271973,LA26,2012-09-16,12:40:27 PM,12:40:00,Hot-Dry,2012-09-16 12:40:00,9
16.32781677,-19.05929972,LA26,2012-09-16,01:00:29 PM,13:00:00,Hot-Dry,2012-09-16 13:00:00,9
16.32661438,-19.05679525,LA26,2012-09-16,01:20:24 PM,13:20:00,Hot-Dry,2012-09-16 13:20:00,9
16.32607524,-19.05423991,LA26,2012-09-16,01:40:27 PM,13:40:00,Hot-Dry,2012-09-16 13:40:00,9
16.32590841,-19.05360921,LA26,2012-09-16,02:00:29 PM,14:00:00,Hot-Dry,2012-09-16 14:00:00,9
16.32998759,-19.05034587,LA26,2012-09-16,02:20:24 PM,14:20:00,Hot-Dry,2012-09-16 14:20:00,9
16.3330953,-19.04871012,LA26,2012-09-16,02:40:27 PM,14:40:00,Hot-Dry,2012-09-16 14:40:00,9
16.33743896,-19.04705404,LA26,2012-09-16,03:00:29 PM,15:00:00,Hot-Dry,2012-09-16 15:00:00,9
16.3378418,-19.04263102,LA26,2012-09-16,03:20:24 PM,15:20:00,Hot-Dry,2012-09-16 15:20:00,9
16.33805847,-19.04055786,LA26,2012-09-16,03:40:26 PM,15:40:00,Hot-Dry,2012-09-16 15:40:00,9
16.34366557,-19.03626709,LA26,2012-09-16,04:00:29 PM,16:00:00,Hot-Dry,2012-09-16 16:00:00,9
16.35411886,-19.03805745,LA26,2012-09-16,04:20:24 PM,16:20:00,Hot-Dry,2012-09-16 16:20:00,9
16.36233724,-19.03530884,LA26,2012-09-16,04:40:27 PM,16:40:00,Hot-Dry,2012-09-16 16:40:00,9
16.36799316,-19.03597819,LA26,2012-09-16,05:00:29 PM,17:00:00,Hot-Dry,2012-09-16 17:00:00,9
16.37453715,-19.03621419,LA26,2012-09-16,05:20:24 PM,17:20:00,Hot-Dry,2012-09-16 17:20:00,9
16.37902832,-19.03681234,LA26,2012-09-16,05:40:27 PM,17:40:00,Hot-Dry,2012-09-16 17:40:00,9
16.38120829,-19.03788859,LA26,2012-09-16,06:00:29 PM,18:00:00,Hot-Dry,2012-09-16 18:00:00,9
16.38299764,-19.03867798,LA26,2012-09-16,06:20:24 PM,18:20:00,Hot-Dry,2012-09-16 18:20:00,9
16.38344014,-19.03913981,LA26,2012-09-16,06:40:26 PM,18:40:00,Hot-Dry,2012-09-16 18:40:00,9
16.38425395,-19.03921102,LA26,2012-09-16,07:00:29 PM,19:00:00,Hot-Dry,2012-09-16 19:00:00,9
16.38599345,-19.03990682,LA26,2012-09-16,07:20:24 PM,19:20:00,Hot-Dry,2012-09-16 19:20:00,9
16.38611959,-19.03998006,LA26,2012-09-16,07:40:26 PM,19:40:00,Hot-Dry,2012-09-16 19:40:00,9
16.38631388,-19.0399943,LA26,2012-09-16,08:00:00 PM,20:00:00,Hot-Dry,2012-09-16 20:00:00,9
16.38655497,-19.04009806,LA26,2012-09-16,08:21:23 PM,20:21:00,Hot-Dry,2012-09-16 20:21:00,9
16.3870402,-19.03983765,LA26,2012-09-16,08:40:26 PM,20:40:00,Hot-Dry,2012-09-16 20:40:00,9
16.38757019,-19.04008789,LA26,2012-09-16,09:00:28 PM,21:00:00,Hot-Dry,2012-09-16 21:00:00,9
16.38856405,-19.04034831,LA26,2012-09-16,09:20:24 PM,21:20:00,Hot-Dry,2012-09-16 21:20:00,9
16.38905945,-19.04053955,LA26,2012-09-16,09:40:26 PM,21:40:00,Hot-Dry,2012-09-16 21:40:00,9
16.38934224,-19.04120687,LA26,2012-09-16,10:00:29 PM,22:00:00,Hot-Dry,2012-09-16 22:00:00,9
16.38940938,-19.04164632,LA26,2012-09-16,10:20:24 PM,22:20:00,Hot-Dry,2012-09-16 22:20:00,9
16.38957011,-19.04201457,LA26,2012-09-16,10:40:27 PM,22:40:00,Hot-Dry,2012-09-16 22:40:00,9
16.38890584,-19.04257813,LA26,2012-09-16,11:00:29 PM,23:00:00,Hot-Dry,2012-09-16 23:00:00,9
16.38930868,-19.04320475,LA26,2012-09-16,11:20:24 PM,23:20:00,Hot-Dry,2012-09-16 23:20:00,9
16.38931783,-19.04359741,LA26,2012-09-16,11:40:27 PM,23:40:00,Hot-Dry,2012-09-16 23:40:00,9
16.38950297,-19.04557495,LA26,2012-09-17,12:00:29 AM,00:00:00,Hot-Dry,2012-09-17 00:00:00,9
16.3895518,-19.04569295,LA26,2012-09-17,12:20:25 AM,00:20:00,Hot-Dry,2012-09-17 00:20:00,9
16.38955587,-19.04570516,LA26,2012-09-17,12:40:27 AM,00:40:00,Hot-Dry,2012-09-17 00:40:00,9
16.38961385,-19.04568685,LA26,2012-09-17,01:00:29 AM,01:00:00,Hot-Dry,2012-09-17 01:00:00,9
16.38956401,-19.0457194,LA26,2012-09-17,01:20:24 AM,01:20:00,Hot-Dry,2012-09-17 01:20:00,9
16.38958333,-19.04574788,LA26,2012-09-17,01:40:27 AM,01:40:00,Hot-Dry,2012-09-17 01:40:00,9
16.38959147,-19.0456665,LA26,2012-09-17,02:00:29 AM,02:00:00,Hot-Dry,2012-09-17 02:00:00,9
16.38957825,-19.0456665,LA26,2012-09-17,02:20:24 AM,02:20:00,Hot-Dry,2012-09-17 02:20:00,9
16.3896108,-19.04570923,LA26,2012-09-17,02:40:27 AM,02:40:00,Hot-Dry,2012-09-17 02:40:00,9
16.38959452,-19.04570109,LA26,2012-09-17,03:00:32 AM,03:00:00,Hot-Dry,2012-09-17 03:00:00,9
16.38960063,-19.04568888,LA26,2012-09-17,03:20:27 AM,03:20:00,Hot-Dry,2012-09-17 03:20:00,9
16.3895752,-19.04566243,LA26,2012-09-17,03:40:33 AM,03:40:00,Hot-Dry,2012-09-17 03:40:00,9
16.38967489,-19.04574382,LA26,2012-09-17,04:00:24 AM,04:00:00,Hot-Dry,2012-09-17 04:00:00,9
16.39115092,-19.0456604,LA26,2012-09-17,04:20:27 AM,04:20:00,Hot-Dry,2012-09-17 04:20:00,9
16.39234111,-19.04498901,LA26,2012-09-17,04:40:29 AM,04:40:00,Hot-Dry,2012-09-17 04:40:00,9
16.39733073,-19.04295044,LA26,2012-09-17,05:00:24 AM,05:00:00,Hot-Dry,2012-09-17 05:00:00,9
16.3985321,-19.04248861,LA26,2012-09-17,05:20:26 AM,05:20:00,Hot-Dry,2012-09-17 05:20:00,9
16.39866842,-19.0425944,LA26,2012-09-17,05:40:29 AM,05:40:00,Hot-Dry,2012-09-17 05:40:00,9
16.39892782,-19.04232992,LA26,2012-09-17,06:00:24 AM,06:00:00,Hot-Dry,2012-09-17 06:00:00,9
16.39919434,-19.04219564,LA26,2012-09-17,06:20:26 AM,06:20:00,Hot-Dry,2012-09-17 06:20:00,9
16.39953308,-19.04234823,LA26,2012-09-17,06:40:29 AM,06:40:00,Hot-Dry,2012-09-17 06:40:00,9
16.40056152,-19.04253947,LA26,2012-09-17,07:00:24 AM,07:00:00,Hot-Dry,2012-09-17 07:00:00,9
16.4039388,-19.04364421,LA26,2012-09-17,07:20:27 AM,07:20:00,Hot-Dry,2012-09-17 07:20:00,9
16.40613302,-19.04303792,LA26,2012-09-17,07:40:29 AM,07:40:00,Hot-Dry,2012-09-17 07:40:00,9
16.40719299,-19.04289551,LA26,2012-09-17,08:00:24 AM,08:00:00,Hot-Dry,2012-09-17 08:00:00,9
16.40792135,-19.04268595,LA26,2012-09-17,08:20:26 AM,08:20:00,Hot-Dry,2012-09-17 08:20:00,9
16.40859375,-19.04275309,LA26,2012-09-17,08:40:29 AM,08:40:00,Hot-Dry,2012-09-17 08:40:00,9
16.41075643,-19.04223633,LA26,2012-09-17,09:00:24 AM,09:00:00,Hot-Dry,2012-09-17 09:00:00,9
16.41469523,-19.04268799,LA26,2012-09-17,09:20:27 AM,09:20:00,Hot-Dry,2012-09-17 09:20:00,9
16.41824443,-19.04414673,LA26,2012-09-17,09:40:29 AM,09:40:00,Hot-Dry,2012-09-17 09:40:00,9
16.42078857,-19.04396769,LA26,2012-09-17,10:00:24 AM,10:00:00,Hot-Dry,2012-09-17 10:00:00,9
16.4227061,-19.04256592,LA26,2012-09-17,10:20:27 AM,10:20:00,Hot-Dry,2012-09-17 10:20:00,9
16.42197062,-19.04139811,LA26,2012-09-17,10:40:29 AM,10:40:00,Hot-Dry,2012-09-17 10:40:00,9
16.42232157,-19.04235636,LA26,2012-09-17,11:00:24 AM,11:00:00,Hot-Dry,2012-09-17 11:00:00,9
16.42645162,-19.04419352,LA26,2012-09-17,11:20:27 AM,11:20:00,Hot-Dry,2012-09-17 11:20:00,9
16.43404643,-19.04231567,LA26,2012-09-17,11:40:29 AM,11:40:00,Hot-Dry,2012-09-17 11:40:00,9
16.44392802,-19.04195557,LA26,2012-09-17,12:00:24 PM,12:00:00,Hot-Dry,2012-09-17 12:00:00,9
16.45435689,-19.03973389,LA26,2012-09-17,12:20:25 PM,12:20:00,Hot-Dry,2012-09-17 12:20:00,9
16.46548767,-19.04139811,LA26,2012-09-17,12:40:27 PM,12:40:00,Hot-Dry,2012-09-17 12:40:00,9
16.4702006,-19.0401001,LA26,2012-09-17,01:00:29 PM,13:00:00,Hot-Dry,2012-09-17 13:00:00,9
16.4702891,-19.04049479,LA26,2012-09-17,01:20:24 PM,13:20:00,Hot-Dry,2012-09-17 13:20:00,9
16.47071635,-19.0414856,LA26,2012-09-17,01:40:27 PM,13:40:00,Hot-Dry,2012-09-17 13:40:00,9
16.47036031,-19.04115601,LA26,2012-09-17,02:00:29 PM,14:00:00,Hot-Dry,2012-09-17 14:00:00,9
16.47024333,-19.041038,LA26,2012-09-17,02:20:24 PM,14:20:00,Hot-Dry,2012-09-17 14:20:00,9
16.4702596,-19.04105225,LA26,2012-09-17,02:40:27 PM,14:40:00,Hot-Dry,2012-09-17 14:40:00,9
16.47068075,-19.04145711,LA26,2012-09-17,03:00:29 PM,15:00:00,Hot-Dry,2012-09-17 15:00:00,9
16.46848145,-19.04096476,LA26,2012-09-17,03:20:24 PM,15:20:00,Hot-Dry,2012-09-17 15:20:00,9
16.46595256,-19.04290568,LA26,2012-09-17,03:40:27 PM,15:40:00,Hot-Dry,2012-09-17 15:40:00,9
16.46309509,-19.04459025,LA26,2012-09-17,04:00:29 PM,16:00:00,Hot-Dry,2012-09-17 16:00:00,9
16.46173401,-19.04501343,LA26,2012-09-17,04:20:24 PM,16:20:00,Hot-Dry,2012-09-17 16:20:00,9
16.46120097,-19.04538167,LA26,2012-09-17,04:40:26 PM,16:40:00,Hot-Dry,2012-09-17 16:40:00,9
16.46047872,-19.04604899,LA26,2012-09-17,05:00:29 PM,17:00:00,Hot-Dry,2012-09-17 17:00:00,9
16.46042989,-19.04640299,LA26,2012-09-17,05:20:24 PM,17:20:00,Hot-Dry,2012-09-17 17:20:00,9
16.45900472,-19.04753825,LA26,2012-09-17,05:40:27 PM,17:40:00,Hot-Dry,2012-09-17 17:40:00,9
16.45872294,-19.04789225,LA26,2012-09-17,06:00:29 PM,18:00:00,Hot-Dry,2012-09-17 18:00:00,9
16.4582784,-19.04805501,LA26,2012-09-17,06:20:24 PM,18:20:00,Hot-Dry,2012-09-17 18:20:00,9
16.45768941,-19.04848429,LA26,2012-09-17,06:40:26 PM,18:40:00,Hot-Dry,2012-09-17 18:40:00,9
16.45723877,-19.04860229,LA26,2012-09-17,07:00:29 PM,19:00:00,Hot-Dry,2012-09-17 19:00:00,9
16.45651855,-19.04861857,LA26,2012-09-17,07:20:24 PM,19:20:00,Hot-Dry,2012-09-17 19:20:00,9
16.45576884,-19.04848226,LA26,2012-09-17,07:40:26 PM,19:40:00,Hot-Dry,2012-09-17 19:40:00,9
16.45521037,-19.04838867,LA26,2012-09-17,08:00:29 PM,20:00:00,Hot-Dry,2012-09-17 20:00:00,9
16.45428263,-19.04858805,LA26,2012-09-17,08:20:24 PM,20:20:00,Hot-Dry,2012-09-17 20:20:00,9
16.45378113,-19.04894613,LA26,2012-09-17,08:40:27 PM,20:40:00,Hot-Dry,2012-09-17 20:40:00,9
16.45213725,-19.04961548,LA26,2012-09-17,09:00:29 PM,21:00:00,Hot-Dry,2012-09-17 21:00:00,9
16.44801636,-19.05169474,LA26,2012-09-17,09:20:24 PM,21:20:00,Hot-Dry,2012-09-17 21:20:00,9
16.44665833,-19.05269572,LA26,2012-09-17,09:40:27 PM,21:40:00,Hot-Dry,2012-09-17 21:40:00,9
16.44414978,-19.05399373,LA26,2012-09-17,10:00:29 PM,22:00:00,Hot-Dry,2012-09-17 22:00:00,9
16.44346924,-19.05421143,LA26,2012-09-17,10:20:24 PM,22:20:00,Hot-Dry,2012-09-17 22:20:00,9
16.44312236,-19.0545166,LA26,2012-09-17,10:40:27 PM,22:40:00,Hot-Dry,2012-09-17 22:40:00,9
16.4424408,-19.05528361,LA26,2012-09-17,11:00:29 PM,23:00:00,Hot-Dry,2012-09-17 23:00:00,9
16.44229228,-19.05536499,LA26,2012-09-17,11:20:24 PM,23:20:00,Hot-Dry,2012-09-17 23:20:00,9
16.44164734,-19.05553996,LA26,2012-09-17,11:40:26 PM,23:40:00,Hot-Dry,2012-09-17 23:40:00,9
16.44114787,-19.05650635,LA26,2012-09-18,12:00:29 AM,00:00:00,Hot-Dry,2012-09-18 00:00:00,9
16.44062195,-19.05719198,LA26,2012-09-18,12:20:25 AM,00:20:00,Hot-Dry,2012-09-18 00:20:00,9
16.44044698,-19.05809733,LA26,2012-09-18,12:40:27 AM,00:40:00,Hot-Dry,2012-09-18 00:40:00,9
16.44029948,-19.05811564,LA26,2012-09-18,01:00:29 AM,01:00:00,Hot-Dry,2012-09-18 01:00:00,9
16.44050191,-19.05804443,LA26,2012-09-18,01:20:24 AM,01:20:00,Hot-Dry,2012-09-18 01:20:00,9
16.44038188,-19.05813395,LA26,2012-09-18,01:40:27 AM,01:40:00,Hot-Dry,2012-09-18 01:40:00,9
16.44036357,-19.0581075,LA26,2012-09-18,02:00:29 AM,02:00:00,Hot-Dry,2012-09-18 02:00:00,9
16.44041951,-19.05811157,LA26,2012-09-18,02:20:24 AM,02:20:00,Hot-Dry,2012-09-18 02:20:00,9
16.44014587,-19.05799967,LA26,2012-09-18,02:40:27 AM,02:40:00,Hot-Dry,2012-09-18 02:40:00,9
16.44012858,-19.05802409,LA26,2012-09-18,03:00:29 AM,03:00:00,Hot-Dry,2012-09-18 03:00:00,9
16.43973592,-19.05843506,LA26,2012-09-18,03:20:24 AM,03:20:00,Hot-Dry,2012-09-18 03:20:00,9
16.43937785,-19.05864665,LA26,2012-09-18,03:40:27 AM,03:40:00,Hot-Dry,2012-09-18 03:40:00,9
16.43872274,-19.05883993,LA26,2012-09-18,04:00:33 AM,04:00:00,Hot-Dry,2012-09-18 04:00:00,9
16.43874207,-19.05880737,LA26,2012-09-18,04:20:24 AM,04:20:00,Hot-Dry,2012-09-18 04:20:00,9
16.43875427,-19.05881144,LA26,2012-09-18,04:40:27 AM,04:40:00,Hot-Dry,2012-09-18 04:40:00,9
16.43874613,-19.05877686,LA26,2012-09-18,05:00:29 AM,05:00:00,Hot-Dry,2012-09-18 05:00:00,9
16.43848877,-19.05887655,LA26,2012-09-18,05:20:24 AM,05:20:00,Hot-Dry,2012-09-18 05:20:00,9
16.43774821,-19.05903117,LA26,2012-09-18,05:40:27 AM,05:40:00,Hot-Dry,2012-09-18 05:40:00,9
16.43609619,-19.05897217,LA26,2012-09-18,06:00:29 AM,06:00:00,Hot-Dry,2012-09-18 06:00:00,9
16.4352183,-19.05909017,LA26,2012-09-18,06:20:24 AM,06:20:00,Hot-Dry,2012-09-18 06:20:00,9
16.43435465,-19.05881551,LA26,2012-09-18,06:40:26 AM,06:40:00,Hot-Dry,2012-09-18 06:40:00,9
16.43060099,-19.0572408,LA26,2012-09-18,07:00:29 AM,07:00:00,Hot-Dry,2012-09-18 07:00:00,9
16.42966003,-19.0573466,LA26,2012-09-18,07:20:24 AM,07:20:00,Hot-Dry,2012-09-18 07:20:00,9
16.42896423,-19.05680339,LA26,2012-09-18,07:40:27 AM,07:40:00,Hot-Dry,2012-09-18 07:40:00,9
16.42932536,-19.05487061,LA26,2012-09-18,08:00:29 AM,08:00:00,Hot-Dry,2012-09-18 08:00:00,9
16.42933248,-19.05397949,LA26,2012-09-18,08:20:24 AM,08:20:00,Hot-Dry,2012-09-18 08:20:00,9
16.42878316,-19.05300903,LA26,2012-09-18,08:40:26 AM,08:40:00,Hot-Dry,2012-09-18 08:40:00,9
16.42882792,-19.05285441,LA26,2012-09-18,09:00:29 AM,09:00:00,Hot-Dry,2012-09-18 09:00:00,9
16.42883911,-19.05288696,LA26,2012-09-18,09:20:24 AM,09:20:00,Hot-Dry,2012-09-18 09:20:00,9
16.42883504,-19.05287679,LA26,2012-09-18,09:40:27 AM,09:40:00,Hot-Dry,2012-09-18 09:40:00,9
16.42887268,-19.05287476,LA26,2012-09-18,10:00:29 AM,10:00:00,Hot-Dry,2012-09-18 10:00:00,9
16.42888997,-19.05285441,LA26,2012-09-18,10:20:24 AM,10:20:00,Hot-Dry,2012-09-18 10:20:00,9
16.42878011,-19.05285848,LA26,2012-09-18,10:40:27 AM,10:40:00,Hot-Dry,2012-09-18 10:40:00,9
16.42886251,-19.05288086,LA26,2012-09-18,11:00:29 AM,11:00:00,Hot-Dry,2012-09-18 11:00:00,9
16.4307902,-19.05182292,LA26,2012-09-18,11:20:24 AM,11:20:00,Hot-Dry,2012-09-18 11:20:00,9
16.4316925,-19.05106405,LA26,2012-09-18,11:40:27 AM,11:40:00,Hot-Dry,2012-09-18 11:40:00,9
16.43207804,-19.05071615,LA26,2012-09-18,12:00:29 PM,12:00:00,Hot-Dry,2012-09-18 12:00:00,9
16.43212179,-19.05075684,LA26,2012-09-18,12:20:25 PM,12:20:00,Hot-Dry,2012-09-18 12:20:00,9
16.43210754,-19.05076904,LA26,2012-09-18,12:40:27 PM,12:40:00,Hot-Dry,2012-09-18 12:40:00,9
16.43213298,-19.05075684,LA26,2012-09-18,01:00:29 PM,13:00:00,Hot-Dry,2012-09-18 13:00:00,9
16.43243713,-19.05009969,LA26,2012-09-18,01:20:24 PM,13:20:00,Hot-Dry,2012-09-18 13:20:00,9
16.43429057,-19.0491333,LA26,2012-09-18,01:40:26 PM,13:40:00,Hot-Dry,2012-09-18 13:40:00,9
16.43558044,-19.04848633,LA26,2012-09-18,02:00:29 PM,14:00:00,Hot-Dry,2012-09-18 14:00:00,9
16.43676961,-19.04770101,LA26,2012-09-18,02:20:24 PM,14:20:00,Hot-Dry,2012-09-18 14:20:00,9
16.43896586,-19.04763387,LA26,2012-09-18,02:40:27 PM,14:40:00,Hot-Dry,2012-09-18 14:40:00,9
16.43963216,-19.04738566,LA26,2012-09-18,03:00:29 PM,15:00:00,Hot-Dry,2012-09-18 15:00:00,9
16.44202067,-19.04707642,LA26,2012-09-18,03:20:24 PM,15:20:00,Hot-Dry,2012-09-18 15:20:00,9
16.4443807,-19.04652507,LA26,2012-09-18,03:40:27 PM,15:40:00,Hot-Dry,2012-09-18 15:40:00,9
16.44753418,-19.04477946,LA26,2012-09-18,04:00:29 PM,16:00:00,Hot-Dry,2012-09-18 16:00:00,9
16.45017293,-19.04320475,LA26,2012-09-18,04:20:24 PM,16:20:00,Hot-Dry,2012-09-18 16:20:00,9
16.4521637,-19.04236247,LA26,2012-09-18,04:40:27 PM,16:40:00,Hot-Dry,2012-09-18 16:40:00,9
16.45288289,-19.04183146,LA26,2012-09-18,05:00:29 PM,17:00:00,Hot-Dry,2012-09-18 17:00:00,9
16.45302938,-19.04168905,LA26,2012-09-18,05:20:24 PM,17:20:00,Hot-Dry,2012-09-18 17:20:00,9
16.45392253,-19.04079386,LA26,2012-09-18,05:40:27 PM,17:40:00,Hot-Dry,2012-09-18 17:40:00,9
16.45472107,-19.04049479,LA26,2012-09-18,06:00:29 PM,18:00:00,Hot-Dry,2012-09-18 18:00:00,9
16.45947673,-19.04102376,LA26,2012-09-18,06:20:24 PM,18:20:00,Hot-Dry,2012-09-18 18:20:00,9
16.46276449,-19.04119466,LA26,2012-09-18,06:40:26 PM,18:40:00,Hot-Dry,2012-09-18 18:40:00,9
16.4676534,-19.0406779,LA26,2012-09-18,07:00:29 PM,19:00:00,Hot-Dry,2012-09-18 19:00:00,9
16.47024434,-19.04007161,LA26,2012-09-18,07:20:24 PM,19:20:00,Hot-Dry,2012-09-18 19:20:00,9
16.46971436,-19.04183553,LA26,2012-09-18,07:40:27 PM,19:40:00,Hot-Dry,2012-09-18 19:40:00,9
16.46948751,-19.04218547,LA26,2012-09-18,08:00:29 PM,20:00:00,Hot-Dry,2012-09-18 20:00:00,9
16.46890055,-19.0428833,LA26,2012-09-18,08:20:24 PM,20:20:00,Hot-Dry,2012-09-18 20:20:00,9
16.46222229,-19.04529215,LA26,2012-09-18,08:40:26 PM,20:40:00,Hot-Dry,2012-09-18 20:40:00,9
16.46181844,-19.04536133,LA26,2012-09-18,09:00:29 PM,21:00:00,Hot-Dry,2012-09-18 21:00:00,9
16.46138916,-19.04532878,LA26,2012-09-18,09:20:24 PM,21:20:00,Hot-Dry,2012-09-18 21:20:00,9
16.46041056,-19.04498291,LA26,2012-09-18,09:40:26 PM,21:40:00,Hot-Dry,2012-09-18 21:40:00,9
16.45967712,-19.04499512,LA26,2012-09-18,10:00:29 PM,22:00:00,Hot-Dry,2012-09-18 22:00:00,9
16.45612284,-19.04607747,LA26,2012-09-18,10:20:24 PM,22:20:00,Hot-Dry,2012-09-18 22:20:00,9
16.4493632,-19.04799398,LA26,2012-09-18,10:40:27 PM,22:40:00,Hot-Dry,2012-09-18 22:40:00,9
16.44123637,-19.04846191,LA26,2012-09-18,11:00:29 PM,23:00:00,Hot-Dry,2012-09-18 23:00:00,9
16.43942362,-19.04777018,LA26,2012-09-18,11:20:24 PM,23:20:00,Hot-Dry,2012-09-18 23:20:00,9
16.43794759,-19.04788005,LA26,2012-09-18,11:40:26 PM,23:40:00,Hot-Dry,2012-09-18 23:40:00,9
16.4342631,-19.04782104,LA26,2012-09-19,12:00:29 AM,00:00:00,Hot-Dry,2012-09-19 00:00:00,9
16.4331075,-19.04788615,LA26,2012-09-19,12:20:25 AM,00:20:00,Hot-Dry,2012-09-19 00:20:00,9
16.43264058,-19.0481425,LA26,2012-09-19,12:40:27 AM,00:40:00,Hot-Dry,2012-09-19 00:40:00,9
16.43253988,-19.04839681,LA26,2012-09-19,01:00:29 AM,01:00:00,Hot-Dry,2012-09-19 01:00:00,9
16.43210754,-19.0487854,LA26,2012-09-19,01:20:24 AM,01:20:00,Hot-Dry,2012-09-19 01:20:00,9
16.4307017,-19.04990845,LA26,2012-09-19,01:40:27 AM,01:40:00,Hot-Dry,2012-09-19 01:40:00,9
16.43012288,-19.05063273,LA26,2012-09-19,02:00:29 AM,02:00:00,Hot-Dry,2012-09-19 02:00:00,9
16.42997843,-19.0510437,LA26,2012-09-19,02:20:26 AM,02:20:00,Hot-Dry,2012-09-19 02:20:00,9
16.42996216,-19.05109049,LA26,2012-09-19,02:40:33 AM,02:40:00,Hot-Dry,2012-09-19 02:40:00,9
16.42994181,-19.05101318,LA26,2012-09-19,03:00:27 AM,03:00:00,Hot-Dry,2012-09-19 03:00:00,9
16.42992249,-19.05105998,LA26,2012-09-19,03:20:29 AM,03:20:00,Hot-Dry,2012-09-19 03:20:00,9
16.42995809,-19.0510376,LA26,2012-09-19,03:40:24 AM,03:40:00,Hot-Dry,2012-09-19 03:40:00,9
16.42997538,-19.0510437,LA26,2012-09-19,04:00:26 AM,04:00:00,Hot-Dry,2012-09-19 04:00:00,9
16.42979533,-19.05120036,LA26,2012-09-19,04:20:29 AM,04:20:00,Hot-Dry,2012-09-19 04:20:00,9
16.42898153,-19.05158895,LA26,2012-09-19,04:40:24 AM,04:40:00,Hot-Dry,2012-09-19 04:40:00,9
16.42771403,-19.05239461,LA26,2012-09-19,05:00:27 AM,05:00:00,Hot-Dry,2012-09-19 05:00:00,9
16.42678731,-19.05281372,LA26,2012-09-19,05:20:29 AM,05:20:00,Hot-Dry,2012-09-19 05:20:00,9
16.42562866,-19.05273031,LA26,2012-09-19,05:40:24 AM,05:40:00,Hot-Dry,2012-09-19 05:40:00,9
16.42399699,-19.05270182,LA26,2012-09-19,06:00:27 AM,06:00:00,Hot-Dry,2012-09-19 06:00:00,9
16.42336019,-19.05270996,LA26,2012-09-19,06:20:29 AM,06:20:00,Hot-Dry,2012-09-19 06:20:00,9
16.4209259,-19.05284424,LA26,2012-09-19,06:40:24 AM,06:40:00,Hot-Dry,2012-09-19 06:40:00,9
16.42039795,-19.05288493,LA26,2012-09-19,07:00:27 AM,07:00:00,Hot-Dry,2012-09-19 07:00:00,9
16.4171224,-19.05375366,LA26,2012-09-19,07:20:29 AM,07:20:00,Hot-Dry,2012-09-19 07:20:00,9
16.41464945,-19.05395915,LA26,2012-09-19,07:40:24 AM,07:40:00,Hot-Dry,2012-09-19 07:40:00,9
16.41347555,-19.052712,LA26,2012-09-19,08:00:27 AM,08:00:00,Hot-Dry,2012-09-19 08:00:00,9
16.41151835,-19.0515096,LA26,2012-09-19,08:20:29 AM,08:20:00,Hot-Dry,2012-09-19 08:20:00,9
16.40964661,-19.05089518,LA26,2012-09-19,08:40:24 AM,08:40:00,Hot-Dry,2012-09-19 08:40:00,9
16.40860189,-19.05062052,LA26,2012-09-19,09:00:26 AM,09:00:00,Hot-Dry,2012-09-19 09:00:00,9
16.40750122,-19.04869588,LA26,2012-09-19,09:20:29 AM,09:20:00,Hot-Dry,2012-09-19 09:20:00,9
16.40472616,-19.04705607,LA26,2012-09-19,09:40:24 AM,09:40:00,Hot-Dry,2012-09-19 09:40:00,9
16.40270894,-19.04655762,LA26,2012-09-19,10:00:27 AM,10:00:00,Hot-Dry,2012-09-19 10:00:00,9
16.40278727,-19.04656576,LA26,2012-09-19,10:20:29 AM,10:20:00,Hot-Dry,2012-09-19 10:20:00,9
16.39991353,-19.04607544,LA26,2012-09-19,10:40:24 AM,10:40:00,Hot-Dry,2012-09-19 10:40:00,9
16.39933777,-19.04555257,LA26,2012-09-19,11:00:27 AM,11:00:00,Hot-Dry,2012-09-19 11:00:00,9
16.39934591,-19.04555664,LA26,2012-09-19,11:20:29 AM,11:20:00,Hot-Dry,2012-09-19 11:20:00,9
16.39934794,-19.04553019,LA26,2012-09-19,11:40:24 AM,11:40:00,Hot-Dry,2012-09-19 11:40:00,9
16.39934184,-19.04552612,LA26,2012-09-19,12:00:27 PM,12:00:00,Hot-Dry,2012-09-19 12:00:00,9
16.39843038,-19.04428914,LA26,2012-09-19,12:20:25 PM,12:20:00,Hot-Dry,2012-09-19 12:20:00,9
16.39845988,-19.04429932,LA26,2012-09-19,12:40:27 PM,12:40:00,Hot-Dry,2012-09-19 12:40:00,9
16.39842733,-19.04429728,LA26,2012-09-19,01:00:29 PM,13:00:00,Hot-Dry,2012-09-19 13:00:00,9
16.39842631,-19.04427287,LA26,2012-09-19,01:20:26 PM,13:20:00,Hot-Dry,2012-09-19 13:20:00,9
16.39865316,-19.04248657,LA26,2012-09-19,01:40:29 PM,13:40:00,Hot-Dry,2012-09-19 13:40:00,9
16.39785258,-19.04209595,LA26,2012-09-19,02:00:24 PM,14:00:00,Hot-Dry,2012-09-19 14:00:00,9
16.39718526,-19.04094035,LA26,2012-09-19,02:20:27 PM,14:20:00,Hot-Dry,2012-09-19 14:20:00,9
16.3953776,-19.04061279,LA26,2012-09-19,02:40:29 PM,14:40:00,Hot-Dry,2012-09-19 14:40:00,9
16.39164937,-19.0401123,LA26,2012-09-19,03:00:24 PM,15:00:00,Hot-Dry,2012-09-19 15:00:00,9
16.38907064,-19.04002482,LA26,2012-09-19,03:20:27 PM,15:20:00,Hot-Dry,2012-09-19 15:20:00,9
16.38803202,-19.04019572,LA26,2012-09-19,03:40:29 PM,15:40:00,Hot-Dry,2012-09-19 15:40:00,9
16.38711039,-19.04035645,LA26,2012-09-19,04:00:24 PM,16:00:00,Hot-Dry,2012-09-19 16:00:00,9
16.38620707,-19.0403951,LA26,2012-09-19,04:20:27 PM,16:20:00,Hot-Dry,2012-09-19 16:20:00,9
16.38465068,-19.04036255,LA26,2012-09-19,04:40:29 PM,16:40:00,Hot-Dry,2012-09-19 16:40:00,9
16.38404541,-19.04002279,LA26,2012-09-19,05:00:24 PM,17:00:00,Hot-Dry,2012-09-19 17:00:00,9
16.38295797,-19.03888346,LA26,2012-09-19,05:20:27 PM,17:20:00,Hot-Dry,2012-09-19 17:20:00,9
16.38266093,-19.03813273,LA26,2012-09-19,05:40:29 PM,17:40:00,Hot-Dry,2012-09-19 17:40:00,9
16.38288778,-19.03758545,LA26,2012-09-19,06:00:24 PM,18:00:00,Hot-Dry,2012-09-19 18:00:00,9
16.38221741,-19.03704834,LA26,2012-09-19,06:20:26 PM,18:20:00,Hot-Dry,2012-09-19 18:20:00,9
16.3819102,-19.0369283,LA26,2012-09-19,06:40:29 PM,18:40:00,Hot-Dry,2012-09-19 18:40:00,9
16.38085531,-19.03621826,LA26,2012-09-19,07:00:24 PM,19:00:00,Hot-Dry,2012-09-19 19:00:00,9
16.37931417,-19.03576457,LA26,2012-09-19,07:20:27 PM,19:20:00,Hot-Dry,2012-09-19 19:20:00,9
16.36974792,-19.03401082,LA26,2012-09-19,07:40:29 PM,19:40:00,Hot-Dry,2012-09-19 19:40:00,9
16.35756632,-19.03275553,LA26,2012-09-19,08:00:24 PM,20:00:00,Hot-Dry,2012-09-19 20:00:00,9
16.34519145,-19.03559367,LA26,2012-09-19,08:20:27 PM,20:20:00,Hot-Dry,2012-09-19 20:20:00,9
16.34104614,-19.03838501,LA26,2012-09-19,08:40:29 PM,20:40:00,Hot-Dry,2012-09-19 20:40:00,9
16.3378123,-19.04424032,LA26,2012-09-19,09:00:24 PM,21:00:00,Hot-Dry,2012-09-19 21:00:00,9
16.33327738,-19.05056559,LA26,2012-09-19,09:20:26 PM,21:20:00,Hot-Dry,2012-09-19 21:20:00,9
16.32978109,-19.05372314,LA26,2012-09-19,09:40:29 PM,21:40:00,Hot-Dry,2012-09-19 21:40:00,9
16.32633565,-19.05724691,LA26,2012-09-19,10:00:24 PM,22:00:00,Hot-Dry,2012-09-19 22:00:00,9
16.32145487,-19.06298625,LA26,2012-09-19,10:20:27 PM,22:20:00,Hot-Dry,2012-09-19 22:20:00,9
16.31706645,-19.06711222,LA26,2012-09-19,10:40:29 PM,22:40:00,Hot-Dry,2012-09-19 22:40:00,9
16.31534119,-19.06861979,LA26,2012-09-19,11:00:24 PM,23:00:00,Hot-Dry,2012-09-19 23:00:00,9
16.31268107,-19.07062581,LA26,2012-09-19,11:20:27 PM,23:20:00,Hot-Dry,2012-09-19 23:20:00,9
16.3109375,-19.07240194,LA26,2012-09-19,11:40:29 PM,23:40:00,Hot-Dry,2012-09-19 23:40:00,9
16.30920512,-19.07396037,LA26,2012-09-20,12:00:24 AM,00:00:00,Hot-Dry,2012-09-20 00:00:00,9
16.30722249,-19.07668864,LA26,2012-09-20,12:20:25 AM,00:20:00,Hot-Dry,2012-09-20 00:20:00,9
16.3065684,-19.07825317,LA26,2012-09-20,12:40:27 AM,00:40:00,Hot-Dry,2012-09-20 00:40:00,9
16.30642904,-19.07858276,LA26,2012-09-20,01:00:29 AM,01:00:00,Hot-Dry,2012-09-20 01:00:00,9
16.30728149,-19.08052775,LA26,2012-09-20,01:20:24 AM,01:20:00,Hot-Dry,2012-09-20 01:20:00,9
16.30711873,-19.08095907,LA26,2012-09-20,01:40:27 AM,01:40:00,Hot-Dry,2012-09-20 01:40:00,9
16.30581462,-19.08383789,LA26,2012-09-20,02:00:29 AM,02:00:00,Hot-Dry,2012-09-20 02:00:00,9
16.30547384,-19.08480632,LA26,2012-09-20,02:20:24 AM,02:20:00,Hot-Dry,2012-09-20 02:20:00,9
16.30549825,-19.08476563,LA26,2012-09-20,02:40:26 AM,02:40:00,Hot-Dry,2012-09-20 02:40:00,9
16.30486043,-19.08583781,LA26,2012-09-20,03:00:29 AM,03:00:00,Hot-Dry,2012-09-20 03:00:00,9
16.30471903,-19.08640544,LA26,2012-09-20,03:20:24 AM,03:20:00,Hot-Dry,2012-09-20 03:20:00,9
16.30475769,-19.08637492,LA26,2012-09-20,03:40:27 AM,03:40:00,Hot-Dry,2012-09-20 03:40:00,9
16.30469259,-19.08648071,LA26,2012-09-20,04:00:29 AM,04:00:00,Hot-Dry,2012-09-20 04:00:00,9
16.30446981,-19.08772786,LA26,2012-09-20,04:20:24 AM,04:20:00,Hot-Dry,2012-09-20 04:20:00,9
16.3046519,-19.08832194,LA26,2012-09-20,04:40:27 AM,04:40:00,Hot-Dry,2012-09-20 04:40:00,9
16.30323995,-19.08834839,LA26,2012-09-20,05:00:29 AM,05:00:00,Hot-Dry,2012-09-20 05:00:00,9
16.30266317,-19.08847453,LA26,2012-09-20,05:20:24 AM,05:20:00,Hot-Dry,2012-09-20 05:20:00,9
16.29825846,-19.08926392,LA26,2012-09-20,05:40:27 AM,05:40:00,Hot-Dry,2012-09-20 05:40:00,9
16.28971659,-19.09748535,LA26,2012-09-20,06:00:29 AM,06:00:00,Hot-Dry,2012-09-20 06:00:00,9
16.28809814,-19.09804077,LA26,2012-09-20,06:20:24 AM,06:20:00,Hot-Dry,2012-09-20 06:20:00,9
16.28801982,-19.09851685,LA26,2012-09-20,06:40:26 AM,06:40:00,Hot-Dry,2012-09-20 06:40:00,9
16.28796488,-19.0988444,LA26,2012-09-20,07:00:29 AM,07:00:00,Hot-Dry,2012-09-20 07:00:00,9
16.28782247,-19.09922282,LA26,2012-09-20,07:20:24 AM,07:20:00,Hot-Dry,2012-09-20 07:20:00,9
16.28680522,-19.09963786,LA26,2012-09-20,07:40:27 AM,07:40:00,Hot-Dry,2012-09-20 07:40:00,9
16.28673604,-19.09970093,LA26,2012-09-20,08:00:29 AM,08:00:00,Hot-Dry,2012-09-20 08:00:00,9
16.28823954,-19.09960734,LA26,2012-09-20,08:20:24 AM,08:20:00,Hot-Dry,2012-09-20 08:20:00,9
16.28926799,-19.09938965,LA26,2012-09-20,08:40:27 AM,08:40:00,Hot-Dry,2012-09-20 08:40:00,9
16.28927714,-19.09938354,LA26,2012-09-20,09:00:29 AM,09:00:00,Hot-Dry,2012-09-20 09:00:00,9
16.2892568,-19.0994161,LA26,2012-09-20,09:20:24 AM,09:20:00,Hot-Dry,2012-09-20 09:20:00,9
16.28928528,-19.09938558,LA26,2012-09-20,09:40:26 AM,09:40:00,Hot-Dry,2012-09-20 09:40:00,9
16.28928223,-19.09937948,LA26,2012-09-20,10:00:29 AM,10:00:00,Hot-Dry,2012-09-20 10:00:00,9
16.28929138,-19.09939982,LA26,2012-09-20,10:20:24 AM,10:20:00,Hot-Dry,2012-09-20 10:20:00,9
16.29142965,-19.09806519,LA26,2012-09-20,10:40:27 AM,10:40:00,Hot-Dry,2012-09-20 10:40:00,9
16.2934845,-19.09626261,LA26,2012-09-20,11:00:29 AM,11:00:00,Hot-Dry,2012-09-20 11:00:00,9
16.29374186,-19.09604696,LA26,2012-09-20,11:20:24 AM,11:20:00,Hot-Dry,2012-09-20 11:20:00,9
16.29373474,-19.09606527,LA26,2012-09-20,11:40:27 AM,11:40:00,Hot-Dry,2012-09-20 11:40:00,9
16.2937439,-19.0960612,LA26,2012-09-20,12:00:29 PM,12:00:00,Hot-Dry,2012-09-20 12:00:00,9
16.29411418,-19.09606527,LA26,2012-09-20,12:20:25 PM,12:20:00,Hot-Dry,2012-09-20 12:20:00,9
16.29465942,-19.09549764,LA26,2012-09-20,12:40:26 PM,12:40:00,Hot-Dry,2012-09-20 12:40:00,9
16.29657491,-19.09370524,LA26,2012-09-20,01:00:28 PM,13:00:00,Hot-Dry,2012-09-20 13:00:00,9
16.29655253,-19.09368083,LA26,2012-09-20,01:20:24 PM,13:20:00,Hot-Dry,2012-09-20 13:20:00,9
16.29654032,-19.09367472,LA26,2012-09-20,01:40:27 PM,13:40:00,Hot-Dry,2012-09-20 13:40:00,9
16.29646505,-19.09371134,LA26,2012-09-20,02:00:29 PM,14:00:00,Hot-Dry,2012-09-20 14:00:00,9
16.29642537,-19.09329631,LA26,2012-09-20,02:20:24 PM,14:20:00,Hot-Dry,2012-09-20 14:20:00,9
16.2968689,-19.09246623,LA26,2012-09-20,02:40:27 PM,14:40:00,Hot-Dry,2012-09-20 14:40:00,9
16.29675598,-19.09151815,LA26,2012-09-20,03:00:29 PM,15:00:00,Hot-Dry,2012-09-20 15:00:00,9
16.29663391,-19.09087524,LA26,2012-09-20,03:20:24 PM,15:20:00,Hot-Dry,2012-09-20 15:20:00,9
16.29298096,-19.08931478,LA26,2012-09-20,03:40:27 PM,15:40:00,Hot-Dry,2012-09-20 15:40:00,9
16.28420919,-19.09250692,LA26,2012-09-20,04:00:29 PM,16:00:00,Hot-Dry,2012-09-20 16:00:00,9
16.28018494,-19.08800863,LA26,2012-09-20,04:20:24 PM,16:20:00,Hot-Dry,2012-09-20 16:20:00,9
16.27424011,-19.08317464,LA26,2012-09-20,04:40:27 PM,16:40:00,Hot-Dry,2012-09-20 16:40:00,9
16.26606954,-19.07945557,LA26,2012-09-20,05:00:29 PM,17:00:00,Hot-Dry,2012-09-20 17:00:00,9
16.26097412,-19.07730713,LA26,2012-09-20,05:20:24 PM,17:20:00,Hot-Dry,2012-09-20 17:20:00,9
16.25549011,-19.07714437,LA26,2012-09-20,05:40:27 PM,17:40:00,Hot-Dry,2012-09-20 17:40:00,9
16.25232747,-19.07815145,LA26,2012-09-20,06:00:29 PM,18:00:00,Hot-Dry,2012-09-20 18:00:00,9
16.25138346,-19.07867432,LA26,2012-09-20,06:20:24 PM,18:20:00,Hot-Dry,2012-09-20 18:20:00,9
16.24989115,-19.07826538,LA26,2012-09-20,06:40:26 PM,18:40:00,Hot-Dry,2012-09-20 18:40:00,9
16.24723104,-19.07750244,LA26,2012-09-20,07:00:29 PM,19:00:00,Hot-Dry,2012-09-20 19:00:00,9
16.2411794,-19.07518107,LA26,2012-09-20,07:20:24 PM,19:20:00,Hot-Dry,2012-09-20 19:20:00,9
16.23476359,-19.07291667,LA26,2012-09-20,07:40:27 PM,19:40:00,Hot-Dry,2012-09-20 19:40:00,9
16.2334137,-19.0721578,LA26,2012-09-20,08:00:29 PM,20:00:00,Hot-Dry,2012-09-20 20:00:00,9
16.22722982,-19.06962484,LA26,2012-09-20,08:20:24 PM,20:20:00,Hot-Dry,2012-09-20 20:20:00,9
16.22166951,-19.06756795,LA26,2012-09-20,08:40:26 PM,20:40:00,Hot-Dry,2012-09-20 20:40:00,9
16.21905823,-19.06680298,LA26,2012-09-20,09:00:29 PM,21:00:00,Hot-Dry,2012-09-20 21:00:00,9
16.21701253,-19.06636963,LA26,2012-09-20,09:20:24 PM,21:20:00,Hot-Dry,2012-09-20 21:20:00,9
16.21354167,-19.06529134,LA26,2012-09-20,09:40:27 PM,21:40:00,Hot-Dry,2012-09-20 21:40:00,9
16.21094259,-19.06409302,LA26,2012-09-20,10:00:29 PM,22:00:00,Hot-Dry,2012-09-20 22:00:00,9
16.20190531,-19.06021322,LA26,2012-09-20,10:20:24 PM,22:20:00,Hot-Dry,2012-09-20 22:20:00,9
16.19474386,-19.05544027,LA26,2012-09-20,10:40:27 PM,22:40:00,Hot-Dry,2012-09-20 22:40:00,9
16.1929952,-19.05432739,LA26,2012-09-20,11:00:29 PM,23:00:00,Hot-Dry,2012-09-20 23:00:00,9
16.19324341,-19.06132609,LA26,2012-09-20,11:20:24 PM,23:20:00,Hot-Dry,2012-09-20 23:20:00,9
16.19561259,-19.06797485,LA26,2012-09-20,11:40:26 PM,23:40:00,Hot-Dry,2012-09-20 23:40:00,9
16.19915263,-19.07493286,LA26,2012-09-21,12:00:29 AM,00:00:00,Hot-Dry,2012-09-21 00:00:00,9
16.20306498,-19.08056641,LA26,2012-09-21,12:20:25 AM,00:20:00,Hot-Dry,2012-09-21 00:20:00,9
16.20863546,-19.08511759,LA26,2012-09-21,12:40:27 AM,00:40:00,Hot-Dry,2012-09-21 00:40:00,9
16.21170451,-19.08732096,LA26,2012-09-21,01:00:29 AM,01:00:00,Hot-Dry,2012-09-21 01:00:00,9
16.21278992,-19.08770955,LA26,2012-09-21,01:20:24 AM,01:20:00,Hot-Dry,2012-09-21 01:20:00,9
16.21341553,-19.08832601,LA26,2012-09-21,01:40:26 AM,01:40:00,Hot-Dry,2012-09-21 01:40:00,9
16.2164683,-19.08932902,LA26,2012-09-21,02:00:29 AM,02:00:00,Hot-Dry,2012-09-21 02:00:00,9
16.21769816,-19.08904419,LA26,2012-09-21,02:20:24 AM,02:20:00,Hot-Dry,2012-09-21 02:20:00,9
16.2184845,-19.08926595,LA26,2012-09-21,02:40:27 AM,02:40:00,Hot-Dry,2012-09-21 02:40:00,9
16.21865845,-19.08965658,LA26,2012-09-21,03:00:29 AM,03:00:00,Hot-Dry,2012-09-21 03:00:00,9
16.21920878,-19.09168091,LA26,2012-09-21,03:20:24 AM,03:20:00,Hot-Dry,2012-09-21 03:20:00,9
16.2203776,-19.09302979,LA26,2012-09-21,03:40:26 AM,03:40:00,Hot-Dry,2012-09-21 03:40:00,9
16.22041931,-19.09299113,LA26,2012-09-21,04:00:29 AM,04:00:00,Hot-Dry,2012-09-21 04:00:00,9
16.22041219,-19.09299723,LA26,2012-09-21,04:20:24 AM,04:20:00,Hot-Dry,2012-09-21 04:20:00,9
16.22311707,-19.09364421,LA26,2012-09-21,04:40:27 AM,04:40:00,Hot-Dry,2012-09-21 04:40:00,9
16.22502645,-19.09462891,LA26,2012-09-21,05:00:29 AM,05:00:00,Hot-Dry,2012-09-21 05:00:00,9
16.22823893,-19.09318034,LA26,2012-09-21,05:20:24 AM,05:20:00,Hot-Dry,2012-09-21 05:20:00,9
16.22917074,-19.09220581,LA26,2012-09-21,05:40:27 AM,05:40:00,Hot-Dry,2012-09-21 05:40:00,9
16.22996114,-19.090979,LA26,2012-09-21,06:00:29 AM,06:00:00,Hot-Dry,2012-09-21 06:00:00,9
16.23467509,-19.09101563,LA26,2012-09-21,06:20:24 AM,06:20:00,Hot-Dry,2012-09-21 06:20:00,9
16.23761292,-19.0905599,LA26,2012-09-21,06:40:27 AM,06:40:00,Hot-Dry,2012-09-21 06:40:00,9
16.23908997,-19.08968709,LA26,2012-09-21,07:00:29 AM,07:00:00,Hot-Dry,2012-09-21 07:00:00,9
16.24064738,-19.08962809,LA26,2012-09-21,07:20:24 AM,07:20:00,Hot-Dry,2012-09-21 07:20:00,9
16.24222616,-19.08958537,LA26,2012-09-21,07:40:27 AM,07:40:00,Hot-Dry,2012-09-21 07:40:00,9
16.24333598,-19.08884888,LA26,2012-09-21,08:00:29 AM,08:00:00,Hot-Dry,2012-09-21 08:00:00,9
16.2433197,-19.08884888,LA26,2012-09-21,08:20:24 AM,08:20:00,Hot-Dry,2012-09-21 08:20:00,9
16.24333903,-19.08886108,LA26,2012-09-21,08:40:27 AM,08:40:00,Hot-Dry,2012-09-21 08:40:00,9
16.24334717,-19.08883667,LA26,2012-09-21,09:00:29 AM,09:00:00,Hot-Dry,2012-09-21 09:00:00,9
16.24331868,-19.08884684,LA26,2012-09-21,09:20:24 AM,09:20:00,Hot-Dry,2012-09-21 09:20:00,9
16.24321899,-19.08786621,LA26,2012-09-21,09:40:27 AM,09:40:00,Hot-Dry,2012-09-21 09:40:00,9
16.24329631,-19.08663737,LA26,2012-09-21,10:00:29 AM,10:00:00,Hot-Dry,2012-09-21 10:00:00,9
16.24330648,-19.08662923,LA26,2012-09-21,10:20:24 AM,10:20:00,Hot-Dry,2012-09-21 10:20:00,9
16.2432902,-19.08661702,LA26,2012-09-21,10:40:27 AM,10:40:00,Hot-Dry,2012-09-21 10:40:00,9
16.24332275,-19.08662923,LA26,2012-09-21,11:00:29 AM,11:00:00,Hot-Dry,2012-09-21 11:00:00,9
16.24332682,-19.08661906,LA26,2012-09-21,11:20:24 AM,11:20:00,Hot-Dry,2012-09-21 11:20:00,9
16.24330851,-19.08660685,LA26,2012-09-21,11:40:27 AM,11:40:00,Hot-Dry,2012-09-21 11:40:00,9
16.24332784,-19.08661906,LA26,2012-09-21,12:00:29 PM,12:00:00,Hot-Dry,2012-09-21 12:00:00,9
16.24322611,-19.0863973,LA26,2012-09-21,12:20:24 PM,12:20:00,Hot-Dry,2012-09-21 12:20:00,9
16.2430603,-19.08637899,LA26,2012-09-21,12:40:26 PM,12:40:00,Hot-Dry,2012-09-21 12:40:00,9
16.2430603,-19.0863505,LA26,2012-09-21,01:00:28 PM,13:00:00,Hot-Dry,2012-09-21 13:00:00,9
16.24305827,-19.08635661,LA26,2012-09-21,01:20:24 PM,13:20:00,Hot-Dry,2012-09-21 13:20:00,9
16.24278463,-19.08610636,LA26,2012-09-21,01:40:26 PM,13:40:00,Hot-Dry,2012-09-21 13:40:00,9
16.2423289,-19.08534749,LA26,2012-09-21,02:00:29 PM,14:00:00,Hot-Dry,2012-09-21 14:00:00,9
16.24176331,-19.08459269,LA26,2012-09-21,02:20:24 PM,14:20:00,Hot-Dry,2012-09-21 14:20:00,9
16.24162699,-19.08404948,LA26,2012-09-21,02:40:27 PM,14:40:00,Hot-Dry,2012-09-21 14:40:00,9
16.24074198,-19.08301799,LA26,2012-09-21,03:00:29 PM,15:00:00,Hot-Dry,2012-09-21 15:00:00,9
16.23989665,-19.08172404,LA26,2012-09-21,03:20:24 PM,15:20:00,Hot-Dry,2012-09-21 15:20:00,9
16.23909607,-19.08141683,LA26,2012-09-21,03:40:26 PM,15:40:00,Hot-Dry,2012-09-21 15:40:00,9
16.23781738,-19.08072103,LA26,2012-09-21,04:00:29 PM,16:00:00,Hot-Dry,2012-09-21 16:00:00,9
16.23511047,-19.08069661,LA26,2012-09-21,04:20:24 PM,16:20:00,Hot-Dry,2012-09-21 16:20:00,9
16.23314718,-19.08204753,LA26,2012-09-21,04:40:27 PM,16:40:00,Hot-Dry,2012-09-21 16:40:00,9
16.23245239,-19.08227539,LA26,2012-09-21,05:00:29 PM,17:00:00,Hot-Dry,2012-09-21 17:00:00,9
16.23108724,-19.08194377,LA26,2012-09-21,05:20:24 PM,17:20:00,Hot-Dry,2012-09-21 17:20:00,9
16.23103841,-19.08188273,LA26,2012-09-21,05:40:27 PM,17:40:00,Hot-Dry,2012-09-21 17:40:00,9
16.23106995,-19.08201497,LA26,2012-09-21,06:00:29 PM,18:00:00,Hot-Dry,2012-09-21 18:00:00,9
16.22931824,-19.0807312,LA26,2012-09-21,06:20:24 PM,18:20:00,Hot-Dry,2012-09-21 18:20:00,9
16.22732137,-19.07895101,LA26,2012-09-21,06:40:27 PM,18:40:00,Hot-Dry,2012-09-21 18:40:00,9
16.22406718,-19.07664185,LA26,2012-09-21,07:00:29 PM,19:00:00,Hot-Dry,2012-09-21 19:00:00,9
16.22074992,-19.07446289,LA26,2012-09-21,07:20:24 PM,19:20:00,Hot-Dry,2012-09-21 19:20:00,9
16.21580912,-19.06919963,LA26,2012-09-21,07:40:27 PM,19:40:00,Hot-Dry,2012-09-21 19:40:00,9
16.21527507,-19.06813354,LA26,2012-09-21,08:00:29 PM,20:00:00,Hot-Dry,2012-09-21 20:00:00,9
16.21328023,-19.06741536,LA26,2012-09-21,08:20:24 PM,20:20:00,Hot-Dry,2012-09-21 20:20:00,9
16.20967611,-19.06362712,LA26,2012-09-21,08:40:26 PM,20:40:00,Hot-Dry,2012-09-21 20:40:00,9
16.20302226,-19.06079102,LA26,2012-09-21,09:00:29 PM,21:00:00,Hot-Dry,2012-09-21 21:00:00,9
16.1957194,-19.05655518,LA26,2012-09-21,09:20:24 PM,21:20:00,Hot-Dry,2012-09-21 21:20:00,9
16.19312337,-19.05331421,LA26,2012-09-21,09:40:26 PM,21:40:00,Hot-Dry,2012-09-21 21:40:00,9
16.19378866,-19.05848592,LA26,2012-09-21,10:00:29 PM,22:00:00,Hot-Dry,2012-09-21 22:00:00,9
16.19656881,-19.06422729,LA26,2012-09-21,10:20:24 PM,22:20:00,Hot-Dry,2012-09-21 22:20:00,9
16.19785563,-19.06975301,LA26,2012-09-21,10:40:26 PM,22:40:00,Hot-Dry,2012-09-21 22:40:00,9
16.19950155,-19.07565918,LA26,2012-09-21,11:00:29 PM,23:00:00,Hot-Dry,2012-09-21 23:00:00,9
16.20212708,-19.0809672,LA26,2012-09-21,11:20:24 PM,23:20:00,Hot-Dry,2012-09-21 23:20:00,9
16.20729472,-19.08569743,LA26,2012-09-21,11:40:27 PM,23:40:00,Hot-Dry,2012-09-21 23:40:00,9
16.21205953,-19.08802897,LA26,2012-09-22,12:00:29 AM,00:00:00,Hot-Dry,2012-09-22 00:00:00,9
16.21603902,-19.08970947,LA26,2012-09-22,12:20:24 AM,00:20:00,Hot-Dry,2012-09-22 00:20:00,9
16.21972961,-19.09159953,LA26,2012-09-22,12:40:26 AM,00:40:00,Hot-Dry,2012-09-22 00:40:00,9
16.22242533,-19.09342041,LA26,2012-09-22,01:00:28 AM,01:00:00,Hot-Dry,2012-09-22 01:00:00,9
16.22322693,-19.09388224,LA26,2012-09-22,01:20:24 AM,01:20:00,Hot-Dry,2012-09-22 01:20:00,9
16.22366943,-19.09415283,LA26,2012-09-22,01:40:26 AM,01:40:00,Hot-Dry,2012-09-22 01:40:00,9
16.2242391,-19.0946818,LA26,2012-09-22,02:00:29 AM,02:00:00,Hot-Dry,2012-09-22 02:00:00,9
16.2243632,-19.09487915,LA26,2012-09-22,02:20:24 AM,02:20:00,Hot-Dry,2012-09-22 02:20:00,9
16.22555949,-19.09542643,LA26,2012-09-22,02:40:27 AM,02:40:00,Hot-Dry,2012-09-22 02:40:00,9
16.22637634,-19.09624023,LA26,2012-09-22,03:00:29 AM,03:00:00,Hot-Dry,2012-09-22 03:00:00,9
16.22737325,-19.09747111,LA26,2012-09-22,03:20:24 AM,03:20:00,Hot-Dry,2012-09-22 03:20:00,9
16.22723389,-19.09818522,LA26,2012-09-22,03:40:27 AM,03:40:00,Hot-Dry,2012-09-22 03:40:00,9
16.22719625,-19.0982015,LA26,2012-09-22,04:00:29 AM,04:00:00,Hot-Dry,2012-09-22 04:00:00,9
16.2271993,-19.09819743,LA26,2012-09-22,04:20:24 AM,04:20:00,Hot-Dry,2012-09-22 04:20:00,9
16.2281545,-19.09817912,LA26,2012-09-22,04:40:27 AM,04:40:00,Hot-Dry,2012-09-22 04:40:00,9
16.2294576,-19.09815674,LA26,2012-09-22,05:00:29 AM,05:00:00,Hot-Dry,2012-09-22 05:00:00,9
16.22996419,-19.09819946,LA26,2012-09-22,05:20:24 AM,05:20:00,Hot-Dry,2012-09-22 05:20:00,9
16.23123372,-19.09780273,LA26,2012-09-22,05:40:27 AM,05:40:00,Hot-Dry,2012-09-22 05:40:00,9
16.23196411,-19.09739787,LA26,2012-09-22,06:00:29 AM,06:00:00,Hot-Dry,2012-09-22 06:00:00,9
16.23202616,-19.09723918,LA26,2012-09-22,06:20:24 AM,06:20:00,Hot-Dry,2012-09-22 06:20:00,9
16.23283183,-19.09643148,LA26,2012-09-22,06:40:27 AM,06:40:00,Hot-Dry,2012-09-22 06:40:00,9
16.23361206,-19.09613647,LA26,2012-09-22,07:00:23 AM,07:00:00,Hot-Dry,2012-09-22 07:00:00,9
16.2337972,-19.09555054,LA26,2012-09-22,07:20:26 AM,07:20:00,Hot-Dry,2012-09-22 07:20:00,9
16.23397624,-19.09544474,LA26,2012-09-22,07:40:28 AM,07:40:00,Hot-Dry,2012-09-22 07:40:00,9
16.23400472,-19.09541626,LA26,2012-09-22,08:00:24 AM,08:00:00,Hot-Dry,2012-09-22 08:00:00,9
16.23414001,-19.09541829,LA26,2012-09-22,08:20:27 AM,08:20:00,Hot-Dry,2012-09-22 08:20:00,9
16.23412374,-19.09541219,LA26,2012-09-22,08:40:29 AM,08:40:00,Hot-Dry,2012-09-22 08:40:00,9
16.23413696,-19.09542643,LA26,2012-09-22,09:00:24 AM,09:00:00,Hot-Dry,2012-09-22 09:00:00,9
16.23360189,-19.09530029,LA26,2012-09-22,09:20:26 AM,09:20:00,Hot-Dry,2012-09-22 09:20:00,9
16.23345133,-19.09533285,LA26,2012-09-22,09:40:29 AM,09:40:00,Hot-Dry,2012-09-22 09:40:00,9
16.23344421,-19.09531657,LA26,2012-09-22,10:00:24 AM,10:00:00,Hot-Dry,2012-09-22 10:00:00,9
16.2318634,-19.09494019,LA26,2012-09-22,10:20:27 AM,10:20:00,Hot-Dry,2012-09-22 10:20:00,9
16.23156433,-19.09485677,LA26,2012-09-22,10:40:29 AM,10:40:00,Hot-Dry,2012-09-22 10:40:00,9
16.23159892,-19.09488729,LA26,2012-09-22,11:00:24 AM,11:00:00,Hot-Dry,2012-09-22 11:00:00,9
16.23157857,-19.09486694,LA26,2012-09-22,11:20:27 AM,11:20:00,Hot-Dry,2012-09-22 11:20:00,9
16.23149923,-19.09477336,LA26,2012-09-22,11:40:29 AM,11:40:00,Hot-Dry,2012-09-22 11:40:00,9
16.23008219,-19.09409993,LA26,2012-09-22,12:00:24 PM,12:00:00,Hot-Dry,2012-09-22 12:00:00,9
16.22934875,-19.09413859,LA26,2012-09-22,12:20:24 PM,12:20:00,Hot-Dry,2012-09-22 12:20:00,9
16.22799886,-19.09480591,LA26,2012-09-22,12:40:26 PM,12:40:00,Hot-Dry,2012-09-22 12:40:00,9
16.22673035,-19.09483643,LA26,2012-09-22,01:00:28 PM,13:00:00,Hot-Dry,2012-09-22 13:00:00,9
16.22671509,-19.09482218,LA26,2012-09-22,01:20:24 PM,13:20:00,Hot-Dry,2012-09-22 13:20:00,9
16.2249115,-19.09595744,LA26,2012-09-22,01:40:27 PM,13:40:00,Hot-Dry,2012-09-22 13:40:00,9
16.22138875,-19.09585978,LA26,2012-09-22,02:00:29 PM,14:00:00,Hot-Dry,2012-09-22 14:00:00,9
16.21816813,-19.09644165,LA26,2012-09-22,02:20:24 PM,14:20:00,Hot-Dry,2012-09-22 14:20:00,9
16.21085002,-19.09718018,LA26,2012-09-22,02:40:27 PM,14:40:00,Hot-Dry,2012-09-22 14:40:00,9
16.20630493,-19.09741007,LA26,2012-09-22,03:00:29 PM,15:00:00,Hot-Dry,2012-09-22 15:00:00,9
16.19996236,-19.0962382,LA26,2012-09-22,03:20:24 PM,15:20:00,Hot-Dry,2012-09-22 15:20:00,9
16.19568888,-19.09591878,LA26,2012-09-22,03:40:27 PM,15:40:00,Hot-Dry,2012-09-22 15:40:00,9
16.19551799,-19.09576619,LA26,2012-09-22,04:00:29 PM,16:00:00,Hot-Dry,2012-09-22 16:00:00,9
16.19443258,-19.09486694,LA26,2012-09-22,04:20:24 PM,16:20:00,Hot-Dry,2012-09-22 16:20:00,9
16.19349569,-19.09788411,LA26,2012-09-22,04:40:27 PM,16:40:00,Hot-Dry,2012-09-22 16:40:00,9
16.19393412,-19.09786987,LA26,2012-09-22,05:00:29 PM,17:00:00,Hot-Dry,2012-09-22 17:00:00,9
16.19422404,-19.0974528,LA26,2012-09-22,05:20:24 PM,17:20:00,Hot-Dry,2012-09-22 17:20:00,9
16.19484355,-19.09630534,LA26,2012-09-22,05:40:27 PM,17:40:00,Hot-Dry,2012-09-22 17:40:00,9
16.19455566,-19.09538574,LA26,2012-09-22,06:00:29 PM,18:00:00,Hot-Dry,2012-09-22 18:00:00,9
16.19469706,-19.09361572,LA26,2012-09-22,06:20:24 PM,18:20:00,Hot-Dry,2012-09-22 18:20:00,9
16.19461263,-19.0926534,LA26,2012-09-22,06:40:26 PM,18:40:00,Hot-Dry,2012-09-22 18:40:00,9
16.19474894,-19.09176839,LA26,2012-09-22,07:00:23 PM,19:00:00,Hot-Dry,2012-09-22 19:00:00,9
16.19682719,-19.08796387,LA26,2012-09-22,07:20:25 PM,19:20:00,Hot-Dry,2012-09-22 19:20:00,9
16.19753215,-19.08475952,LA26,2012-09-22,07:40:28 PM,19:40:00,Hot-Dry,2012-09-22 19:40:00,9
16.19764709,-19.08256632,LA26,2012-09-22,08:00:24 PM,20:00:00,Hot-Dry,2012-09-22 20:00:00,9
16.19941305,-19.07757365,LA26,2012-09-22,08:20:27 PM,20:20:00,Hot-Dry,2012-09-22 20:20:00,9
16.19928589,-19.07638346,LA26,2012-09-22,08:40:29 PM,20:40:00,Hot-Dry,2012-09-22 20:40:00,9
16.19920349,-19.07631632,LA26,2012-09-22,09:00:24 PM,21:00:00,Hot-Dry,2012-09-22 21:00:00,9
16.19896444,-19.07631836,LA26,2012-09-22,09:20:27 PM,21:20:00,Hot-Dry,2012-09-22 21:20:00,9
16.19900513,-19.07583822,LA26,2012-09-22,09:40:29 PM,21:40:00,Hot-Dry,2012-09-22 21:40:00,9
16.19695841,-19.08405965,LA26,2012-09-22,10:00:24 PM,22:00:00,Hot-Dry,2012-09-22 22:00:00,9
16.20924072,-19.08927409,LA26,2012-09-22,10:20:27 PM,22:20:00,Hot-Dry,2012-09-22 22:20:00,9
16.21210124,-19.08805542,LA26,2012-09-22,10:40:29 PM,22:40:00,Hot-Dry,2012-09-22 22:40:00,9
16.2197347,-19.08913167,LA26,2012-09-22,11:00:24 PM,23:00:00,Hot-Dry,2012-09-22 23:00:00,9
16.21832377,-19.08460083,LA26,2012-09-22,11:20:27 PM,23:20:00,Hot-Dry,2012-09-22 23:20:00,9
16.21610616,-19.07915039,LA26,2012-09-22,11:40:29 PM,23:40:00,Hot-Dry,2012-09-22 23:40:00,9
16.20965068,-19.0711853,LA26,2012-09-23,12:00:49 AM,00:00:00,Hot-Dry,2012-09-23 00:00:00,9
16.20463765,-19.06526896,LA26,2012-09-23,12:20:24 AM,00:20:00,Hot-Dry,2012-09-23 00:20:00,9
16.19626668,-19.05724284,LA26,2012-09-23,12:40:26 AM,00:40:00,Hot-Dry,2012-09-23 00:40:00,9
16.19319153,-19.05344645,LA26,2012-09-23,01:00:28 AM,01:00:00,Hot-Dry,2012-09-23 01:00:00,9
16.19571431,-19.06005656,LA26,2012-09-23,01:20:24 AM,01:20:00,Hot-Dry,2012-09-23 01:20:00,9
16.19782511,-19.06965332,LA26,2012-09-23,01:40:27 AM,01:40:00,Hot-Dry,2012-09-23 01:40:00,9
16.20949707,-19.07763062,LA26,2012-09-23,02:00:29 AM,02:00:00,Hot-Dry,2012-09-23 02:00:00,9
16.216981,-19.08587443,LA26,2012-09-23,02:20:24 AM,02:20:00,Hot-Dry,2012-09-23 02:20:00,9
16.2206899,-19.09733073,LA26,2012-09-23,02:40:27 AM,02:40:00,Hot-Dry,2012-09-23 02:40:00,9
16.21477051,-19.1023234,LA26,2012-09-23,03:00:29 AM,03:00:00,Hot-Dry,2012-09-23 03:00:00,9
16.21360982,-19.10447795,LA26,2012-09-23,03:20:24 AM,03:20:00,Hot-Dry,2012-09-23 03:20:00,9
16.21359762,-19.10488281,LA26,2012-09-23,03:40:26 AM,03:40:00,Hot-Dry,2012-09-23 03:40:00,9
16.21256714,-19.10611165,LA26,2012-09-23,04:00:29 AM,04:00:00,Hot-Dry,2012-09-23 04:00:00,9
16.2109609,-19.10868123,LA26,2012-09-23,04:20:24 AM,04:20:00,Hot-Dry,2012-09-23 04:20:00,9
16.20982564,-19.10912069,LA26,2012-09-23,04:40:26 AM,04:40:00,Hot-Dry,2012-09-23 04:40:00,9
16.2097524,-19.10977376,LA26,2012-09-23,05:00:00 AM,05:00:00,Hot-Dry,2012-09-23 05:00:00,9
16.21178792,-19.1102946,LA26,2012-09-23,05:21:23 AM,05:21:00,Hot-Dry,2012-09-23 05:21:00,9
16.21318054,-19.11292725,LA26,2012-09-23,05:40:26 AM,05:40:00,Hot-Dry,2012-09-23 05:40:00,9
16.21729228,-19.11386312,LA26,2012-09-23,06:00:28 AM,06:00:00,Hot-Dry,2012-09-23 06:00:00,9
16.21523336,-19.11722819,LA26,2012-09-23,06:20:24 AM,06:20:00,Hot-Dry,2012-09-23 06:20:00,9
16.21910299,-19.11735636,LA26,2012-09-23,06:40:26 AM,06:40:00,Hot-Dry,2012-09-23 06:40:00,9
16.21938985,-19.11741536,LA26,2012-09-23,07:00:29 AM,07:00:00,Hot-Dry,2012-09-23 07:00:00,9
16.21977234,-19.1173116,LA26,2012-09-23,07:20:24 AM,07:20:00,Hot-Dry,2012-09-23 07:20:00,9
16.22151388,-19.11706543,LA26,2012-09-23,07:40:27 AM,07:40:00,Hot-Dry,2012-09-23 07:40:00,9
16.2232666,-19.11653442,LA26,2012-09-23,08:00:29 AM,08:00:00,Hot-Dry,2012-09-23 08:00:00,9
16.2261322,-19.11519572,LA26,2012-09-23,08:20:24 AM,08:20:00,Hot-Dry,2012-09-23 08:20:00,9
16.2285319,-19.11422119,LA26,2012-09-23,08:40:27 AM,08:40:00,Hot-Dry,2012-09-23 08:40:00,9
16.22903035,-19.11404215,LA26,2012-09-23,09:00:29 AM,09:00:00,Hot-Dry,2012-09-23 09:00:00,9
16.22901917,-19.11407064,LA26,2012-09-23,09:20:24 AM,09:20:00,Hot-Dry,2012-09-23 09:20:00,9
16.2290273,-19.1140625,LA26,2012-09-23,09:40:27 AM,09:40:00,Hot-Dry,2012-09-23 09:40:00,9
16.22904053,-19.11402588,LA26,2012-09-23,10:00:29 AM,10:00:00,Hot-Dry,2012-09-23 10:00:00,9
16.229304,-19.11391805,LA26,2012-09-23,10:20:24 AM,10:20:00,Hot-Dry,2012-09-23 10:20:00,9
16.22930094,-19.11390991,LA26,2012-09-23,10:40:27 AM,10:40:00,Hot-Dry,2012-09-23 10:40:00,9
16.22932129,-19.11386108,LA26,2012-09-23,11:00:29 AM,11:00:00,Hot-Dry,2012-09-23 11:00:00,9
16.2293101,-19.11357015,LA26,2012-09-23,11:20:24 AM,11:20:00,Hot-Dry,2012-09-23 11:20:00,9
16.22922058,-19.11314901,LA26,2012-09-23,11:40:27 AM,11:40:00,Hot-Dry,2012-09-23 11:40:00,9
16.22929688,-19.11315104,LA26,2012-09-23,12:00:29 PM,12:00:00,Hot-Dry,2012-09-23 12:00:00,9
16.22928467,-19.11317546,LA26,2012-09-23,12:20:24 PM,12:20:00,Hot-Dry,2012-09-23 12:20:00,9
16.2292806,-19.11315511,LA26,2012-09-23,12:40:26 PM,12:40:00,Hot-Dry,2012-09-23 12:40:00,9
16.22927856,-19.11318563,LA26,2012-09-23,01:00:28 PM,13:00:00,Hot-Dry,2012-09-23 13:00:00,9
16.22928467,-19.11318563,LA26,2012-09-23,01:20:24 PM,13:20:00,Hot-Dry,2012-09-23 13:20:00,9
16.22933146,-19.11314901,LA26,2012-09-23,01:40:26 PM,13:40:00,Hot-Dry,2012-09-23 13:40:00,9
16.22932536,-19.1131429,LA26,2012-09-23,02:00:29 PM,14:00:00,Hot-Dry,2012-09-23 14:00:00,9
16.22929179,-19.11313883,LA26,2012-09-23,02:20:24 PM,14:20:00,Hot-Dry,2012-09-23 14:20:00,9
16.23003743,-19.11240031,LA26,2012-09-23,02:40:27 PM,14:40:00,Hot-Dry,2012-09-23 14:40:00,9
16.22995911,-19.11234945,LA26,2012-09-23,03:00:29 PM,15:00:00,Hot-Dry,2012-09-23 15:00:00,9
16.22880758,-19.11242879,LA26,2012-09-23,03:20:24 PM,15:20:00,Hot-Dry,2012-09-23 15:20:00,9
16.22799377,-19.11297201,LA26,2012-09-23,03:40:27 PM,15:40:00,Hot-Dry,2012-09-23 15:40:00,9
16.22672526,-19.11335653,LA26,2012-09-23,04:00:29 PM,16:00:00,Hot-Dry,2012-09-23 16:00:00,9
16.22609253,-19.11372884,LA26,2012-09-23,04:20:24 PM,16:20:00,Hot-Dry,2012-09-23 16:20:00,9
16.22492472,-19.11551921,LA26,2012-09-23,04:40:27 PM,16:40:00,Hot-Dry,2012-09-23 16:40:00,9
16.22512309,-19.11732992,LA26,2012-09-23,05:00:29 PM,17:00:00,Hot-Dry,2012-09-23 17:00:00,9
16.22435811,-19.11899211,LA26,2012-09-23,05:20:24 PM,17:20:00,Hot-Dry,2012-09-23 17:20:00,9
16.22376709,-19.12112427,LA26,2012-09-23,05:40:27 PM,17:40:00,Hot-Dry,2012-09-23 17:40:00,9
16.22236837,-19.12300415,LA26,2012-09-23,06:00:29 PM,18:00:00,Hot-Dry,2012-09-23 18:00:00,9
16.22204488,-19.1240743,LA26,2012-09-23,06:20:24 PM,18:20:00,Hot-Dry,2012-09-23 18:20:00,9
16.22229513,-19.12564087,LA26,2012-09-23,06:40:26 PM,18:40:00,Hot-Dry,2012-09-23 18:40:00,9
16.22154744,-19.12663167,LA26,2012-09-23,07:00:29 PM,19:00:00,Hot-Dry,2012-09-23 19:00:00,9
16.22064107,-19.12647909,LA26,2012-09-23,07:20:24 PM,19:20:00,Hot-Dry,2012-09-23 19:20:00,9
16.22033691,-19.12707926,LA26,2012-09-23,07:40:27 PM,19:40:00,Hot-Dry,2012-09-23 19:40:00,9
16.21946208,-19.12769368,LA26,2012-09-23,08:00:29 PM,20:00:00,Hot-Dry,2012-09-23 20:00:00,9
16.21936442,-19.12808228,LA26,2012-09-23,08:20:24 PM,20:20:00,Hot-Dry,2012-09-23 20:20:00,9
16.21936239,-19.12800903,LA26,2012-09-23,08:40:27 PM,20:40:00,Hot-Dry,2012-09-23 20:40:00,9
16.21940104,-19.1281189,LA26,2012-09-23,09:00:29 PM,21:00:00,Hot-Dry,2012-09-23 21:00:00,9
16.21925557,-19.12804362,LA26,2012-09-23,09:20:27 PM,21:20:00,Hot-Dry,2012-09-23 21:20:00,9
16.21937663,-19.12803548,LA26,2012-09-23,09:40:28 PM,21:40:00,Hot-Dry,2012-09-23 21:40:00,9
16.21938985,-19.12809041,LA26,2012-09-23,10:00:24 PM,22:00:00,Hot-Dry,2012-09-23 22:00:00,9
16.21937358,-19.12801514,LA26,2012-09-23,10:20:27 PM,22:20:00,Hot-Dry,2012-09-23 22:20:00,9
16.21928304,-19.12813517,LA26,2012-09-23,10:40:29 PM,22:40:00,Hot-Dry,2012-09-23 22:40:00,9
16.21924642,-19.12815959,LA26,2012-09-23,11:00:24 PM,23:00:00,Hot-Dry,2012-09-23 23:00:00,9
16.21871134,-19.1282491,LA26,2012-09-23,11:20:27 PM,23:20:00,Hot-Dry,2012-09-23 23:20:00,9
16.21787821,-19.12798258,LA26,2012-09-23,11:40:29 PM,23:40:00,Hot-Dry,2012-09-23 23:40:00,9
16.21749268,-19.12908936,LA26,2012-09-24,12:00:24 AM,00:00:00,Hot-Dry,2012-09-24 00:00:00,9
16.21646729,-19.1299113,LA26,2012-09-24,12:20:24 AM,00:20:00,Hot-Dry,2012-09-24 00:20:00,9
16.21598612,-19.13017578,LA26,2012-09-24,12:40:26 AM,00:40:00,Hot-Dry,2012-09-24 00:40:00,9
16.21547038,-19.13095703,LA26,2012-09-24,01:00:28 AM,01:00:00,Hot-Dry,2012-09-24 01:00:00,9
16.21500448,-19.13207194,LA26,2012-09-24,01:20:24 AM,01:20:00,Hot-Dry,2012-09-24 01:20:00,9
16.21484884,-19.13223063,LA26,2012-09-24,01:40:27 AM,01:40:00,Hot-Dry,2012-09-24 01:40:00,9
16.21496277,-19.13230184,LA26,2012-09-24,02:00:29 AM,02:00:00,Hot-Dry,2012-09-24 02:00:00,9
16.21494446,-19.13223674,LA26,2012-09-24,02:20:24 AM,02:20:00,Hot-Dry,2012-09-24 02:20:00,9
16.21488953,-19.13222656,LA26,2012-09-24,02:40:26 AM,02:40:00,Hot-Dry,2012-09-24 02:40:00,9
16.21485494,-19.13221029,LA26,2012-09-24,03:00:29 AM,03:00:00,Hot-Dry,2012-09-24 03:00:00,9
16.21490275,-19.13226522,LA26,2012-09-24,03:20:39 AM,03:20:00,Hot-Dry,2012-09-24 03:20:00,9
16.21489766,-19.1322408,LA26,2012-09-24,03:40:24 AM,03:40:00,Hot-Dry,2012-09-24 03:40:00,9
16.21479187,-19.13244629,LA26,2012-09-24,04:00:27 AM,04:00:00,Hot-Dry,2012-09-24 04:00:00,9
16.21457011,-19.13365072,LA26,2012-09-24,04:20:29 AM,04:20:00,Hot-Dry,2012-09-24 04:20:00,9
16.21429545,-19.13485514,LA26,2012-09-24,04:40:24 AM,04:40:00,Hot-Dry,2012-09-24 04:40:00,9
16.21420695,-19.13544922,LA26,2012-09-24,05:00:26 AM,05:00:00,Hot-Dry,2012-09-24 05:00:00,9
16.21354675,-19.13790894,LA26,2012-09-24,05:20:29 AM,05:20:00,Hot-Dry,2012-09-24 05:20:00,9
16.21278483,-19.1390686,LA26,2012-09-24,05:40:24 AM,05:40:00,Hot-Dry,2012-09-24 05:40:00,9
16.21206868,-19.14140422,LA26,2012-09-24,06:00:27 AM,06:00:00,Hot-Dry,2012-09-24 06:00:00,9
16.2106486,-19.14455363,LA26,2012-09-24,06:20:29 AM,06:20:00,Hot-Dry,2012-09-24 06:20:00,9
16.20646769,-19.1511027,LA26,2012-09-24,06:40:24 AM,06:40:00,Hot-Dry,2012-09-24 06:40:00,9
16.20335693,-19.15395508,LA26,2012-09-24,07:00:26 AM,07:00:00,Hot-Dry,2012-09-24 07:00:00,9
16.20055237,-19.15650838,LA26,2012-09-24,07:20:29 AM,07:20:00,Hot-Dry,2012-09-24 07:20:00,9
16.19808858,-19.16054688,LA26,2012-09-24,07:40:24 AM,07:40:00,Hot-Dry,2012-09-24 07:40:00,9
16.19708049,-19.1679362,LA26,2012-09-24,08:00:27 AM,08:00:00,Hot-Dry,2012-09-24 08:00:00,9
16.19446106,-19.17625936,LA26,2012-09-24,08:20:29 AM,08:20:00,Hot-Dry,2012-09-24 08:20:00,9
16.19333191,-19.18637492,LA26,2012-09-24,08:40:24 AM,08:40:00,Hot-Dry,2012-09-24 08:40:00,9
16.1928477,-19.19619954,LA26,2012-09-24,09:00:27 AM,09:00:00,Hot-Dry,2012-09-24 09:00:00,9
16.19294434,-19.20557454,LA26,2012-09-24,09:20:29 AM,09:20:00,Hot-Dry,2012-09-24 09:20:00,9
16.19029744,-19.20536092,LA26,2012-09-24,09:40:24 AM,09:40:00,Hot-Dry,2012-09-24 09:40:00,9
16.19056905,-19.2049825,LA26,2012-09-24,10:00:26 AM,10:00:00,Hot-Dry,2012-09-24 10:00:00,9
16.19121094,-19.20460409,LA26,2012-09-24,10:20:29 AM,10:20:00,Hot-Dry,2012-09-24 10:20:00,9
16.1914683,-19.20431519,LA26,2012-09-24,10:40:24 AM,10:40:00,Hot-Dry,2012-09-24 10:40:00,9
16.19305318,-19.20513102,LA26,2012-09-24,11:00:27 AM,11:00:00,Hot-Dry,2012-09-24 11:00:00,9
16.19363302,-19.20505168,LA26,2012-09-24,11:20:29 AM,11:20:00,Hot-Dry,2012-09-24 11:20:00,9
16.19364726,-19.20504354,LA26,2012-09-24,11:40:24 AM,11:40:00,Hot-Dry,2012-09-24 11:40:00,9
16.19365743,-19.20511271,LA26,2012-09-24,12:00:27 PM,12:00:00,Hot-Dry,2012-09-24 12:00:00,9
16.19584147,-19.20419718,LA26,2012-09-24,12:20:24 PM,12:20:00,Hot-Dry,2012-09-24 12:20:00,9
16.19787801,-19.20274658,LA26,2012-09-24,12:40:26 PM,12:40:00,Hot-Dry,2012-09-24 12:40:00,9
16.19925232,-19.20186971,LA26,2012-09-24,01:00:28 PM,13:00:00,Hot-Dry,2012-09-24 13:00:00,9
16.20077718,-19.20176799,LA26,2012-09-24,01:20:25 PM,13:20:00,Hot-Dry,2012-09-24 13:20:00,9
16.20235799,-19.20134888,LA26,2012-09-24,01:40:26 PM,13:40:00,Hot-Dry,2012-09-24 13:40:00,9
16.2047231,-19.20120443,LA26,2012-09-24,02:00:29 PM,14:00:00,Hot-Dry,2012-09-24 14:00:00,9
16.20709025,-19.2016154,LA26,2012-09-24,02:20:24 PM,14:20:00,Hot-Dry,2012-09-24 14:20:00,9
16.20718282,-19.20181071,LA26,2012-09-24,02:40:26 PM,14:40:00,Hot-Dry,2012-09-24 14:40:00,9
16.20719808,-19.2017863,LA26,2012-09-24,03:00:29 PM,15:00:00,Hot-Dry,2012-09-24 15:00:00,9
16.20716248,-19.20177205,LA26,2012-09-24,03:20:24 PM,15:20:00,Hot-Dry,2012-09-24 15:20:00,9
16.20757751,-19.20181885,LA26,2012-09-24,03:40:27 PM,15:40:00,Hot-Dry,2012-09-24 15:40:00,9
16.20749715,-19.20148112,LA26,2012-09-24,04:00:29 PM,16:00:00,Hot-Dry,2012-09-24 16:00:00,9
16.20776469,-19.2016866,LA26,2012-09-24,04:20:24 PM,16:20:00,Hot-Dry,2012-09-24 16:20:00,9
16.20815125,-19.20210368,LA26,2012-09-24,04:40:27 PM,16:40:00,Hot-Dry,2012-09-24 16:40:00,9
16.20805461,-19.20222982,LA26,2012-09-24,05:00:29 PM,17:00:00,Hot-Dry,2012-09-24 17:00:00,9
16.20838318,-19.20225423,LA26,2012-09-24,05:20:24 PM,17:20:00,Hot-Dry,2012-09-24 17:20:00,9
16.20844828,-19.20240682,LA26,2012-09-24,05:40:26 PM,17:40:00,Hot-Dry,2012-09-24 17:40:00,9
16.20879313,-19.2023641,LA26,2012-09-24,06:00:29 PM,18:00:00,Hot-Dry,2012-09-24 18:00:00,9
16.20903931,-19.20242513,LA26,2012-09-24,06:20:24 PM,18:20:00,Hot-Dry,2012-09-24 18:20:00,9
16.20918884,-19.20259603,LA26,2012-09-24,06:40:27 PM,18:40:00,Hot-Dry,2012-09-24 18:40:00,9
16.20919088,-19.20269165,LA26,2012-09-24,07:00:29 PM,19:00:00,Hot-Dry,2012-09-24 19:00:00,9
16.20935465,-19.20268758,LA26,2012-09-24,07:20:24 PM,19:20:00,Hot-Dry,2012-09-24 19:20:00,9
16.20944112,-19.20307821,LA26,2012-09-24,07:40:27 PM,19:40:00,Hot-Dry,2012-09-24 19:40:00,9
16.20939535,-19.20309855,LA26,2012-09-24,08:00:29 PM,20:00:00,Hot-Dry,2012-09-24 20:00:00,9
16.20926107,-19.20326538,LA26,2012-09-24,08:20:24 PM,20:20:00,Hot-Dry,2012-09-24 20:20:00,9
16.20904236,-19.20339966,LA26,2012-09-24,08:40:26 PM,20:40:00,Hot-Dry,2012-09-24 20:40:00,9
16.20896403,-19.20335286,LA26,2012-09-24,09:00:29 PM,21:00:00,Hot-Dry,2012-09-24 21:00:00,9
16.20838318,-19.20365601,LA26,2012-09-24,09:20:24 PM,21:20:00,Hot-Dry,2012-09-24 21:20:00,9
16.20762736,-19.20359701,LA26,2012-09-24,09:40:27 PM,21:40:00,Hot-Dry,2012-09-24 21:40:00,9
16.20736186,-19.20362345,LA26,2012-09-24,10:00:29 PM,22:00:00,Hot-Dry,2012-09-24 22:00:00,9
16.20714518,-19.20403442,LA26,2012-09-24,10:20:24 PM,22:20:00,Hot-Dry,2012-09-24 22:20:00,9
16.20704956,-19.20423991,LA26,2012-09-24,10:40:27 PM,22:40:00,Hot-Dry,2012-09-24 22:40:00,9
16.20704651,-19.20420939,LA26,2012-09-24,11:00:29 PM,23:00:00,Hot-Dry,2012-09-24 23:00:00,9
16.20706075,-19.20421549,LA26,2012-09-24,11:20:24 PM,23:20:00,Hot-Dry,2012-09-24 23:20:00,9
16.20703328,-19.20421143,LA26,2012-09-24,11:40:27 PM,23:40:00,Hot-Dry,2012-09-24 23:40:00,9
16.20702311,-19.20419922,LA26,2012-09-25,12:00:29 AM,00:00:00,Hot-Dry,2012-09-25 00:00:00,9
16.20705058,-19.20425212,LA26,2012-09-25,12:20:51 AM,00:20:00,Hot-Dry,2012-09-25 00:20:00,9
16.20703023,-19.20421549,LA26,2012-09-25,12:40:29 AM,00:40:00,Hot-Dry,2012-09-25 00:40:00,9
16.20705973,-19.20422974,LA26,2012-09-25,01:00:24 AM,01:00:00,Hot-Dry,2012-09-25 01:00:00,9
16.20667013,-19.20454102,LA26,2012-09-25,01:20:27 AM,01:20:00,Hot-Dry,2012-09-25 01:20:00,9
16.20605062,-19.20541382,LA26,2012-09-25,01:40:29 AM,01:40:00,Hot-Dry,2012-09-25 01:40:00,9
16.2093221,-19.20542399,LA26,2012-09-25,02:00:24 AM,02:00:00,Hot-Dry,2012-09-25 02:00:00,9
16.2104187,-19.20510661,LA26,2012-09-25,02:20:27 AM,02:20:00,Hot-Dry,2012-09-25 02:20:00,9
16.21097717,-19.20425618,LA26,2012-09-25,02:40:29 AM,02:40:00,Hot-Dry,2012-09-25 02:40:00,9
16.21164347,-19.2034078,LA26,2012-09-25,03:00:24 AM,03:00:00,Hot-Dry,2012-09-25 03:00:00,9
16.21082458,-19.20303141,LA26,2012-09-25,03:20:27 AM,03:20:00,Hot-Dry,2012-09-25 03:20:00,9
16.21083171,-19.20304159,LA26,2012-09-25,03:40:32 AM,03:40:00,Hot-Dry,2012-09-25 03:40:00,9
16.21082357,-19.20301107,LA26,2012-09-25,04:00:23 AM,04:00:00,Hot-Dry,2012-09-25 04:00:00,9
16.21085002,-19.20298665,LA26,2012-09-25,04:20:26 AM,04:20:00,Hot-Dry,2012-09-25 04:20:00,9
16.21085815,-19.20301717,LA26,2012-09-25,04:40:28 AM,04:40:00,Hot-Dry,2012-09-25 04:40:00,9
16.21076152,-19.20256144,LA26,2012-09-25,05:00:24 AM,05:00:00,Hot-Dry,2012-09-25 05:00:00,9
16.2104126,-19.20229696,LA26,2012-09-25,05:20:26 AM,05:20:00,Hot-Dry,2012-09-25 05:20:00,9
16.21041768,-19.20206299,LA26,2012-09-25,05:40:29 AM,05:40:00,Hot-Dry,2012-09-25 05:40:00,9
16.21033936,-19.20153605,LA26,2012-09-25,06:00:24 AM,06:00:00,Hot-Dry,2012-09-25 06:00:00,9
16.21048584,-19.19900309,LA26,2012-09-25,06:20:26 AM,06:20:00,Hot-Dry,2012-09-25 06:20:00,9
16.20553792,-19.19418945,LA26,2012-09-25,06:40:29 AM,06:40:00,Hot-Dry,2012-09-25 06:40:00,9
16.2040568,-19.19150798,LA26,2012-09-25,07:00:24 AM,07:00:00,Hot-Dry,2012-09-25 07:00:00,9
16.20375061,-19.19133708,LA26,2012-09-25,07:20:27 AM,07:20:00,Hot-Dry,2012-09-25 07:20:00,9
16.20292257,-19.19165649,LA26,2012-09-25,07:40:29 AM,07:40:00,Hot-Dry,2012-09-25 07:40:00,9
16.20152893,-19.19141032,LA26,2012-09-25,08:00:24 AM,08:00:00,Hot-Dry,2012-09-25 08:00:00,9
16.20062052,-19.19191895,LA26,2012-09-25,08:20:27 AM,08:20:00,Hot-Dry,2012-09-25 08:20:00,9
16.20058085,-19.19190674,LA26,2012-09-25,08:40:29 AM,08:40:00,Hot-Dry,2012-09-25 08:40:00,9
16.20048625,-19.19173381,LA26,2012-09-25,09:00:24 AM,09:00:00,Hot-Dry,2012-09-25 09:00:00,9
16.20052897,-19.1917216,LA26,2012-09-25,09:20:27 AM,09:20:00,Hot-Dry,2012-09-25 09:20:00,9
16.20055339,-19.19171549,LA26,2012-09-25,09:40:29 AM,09:40:00,Hot-Dry,2012-09-25 09:40:00,9
16.20070903,-19.1920105,LA26,2012-09-25,10:00:24 AM,10:00:00,Hot-Dry,2012-09-25 10:00:00,9
16.20117798,-19.19210002,LA26,2012-09-25,10:20:27 AM,10:20:00,Hot-Dry,2012-09-25 10:20:00,9
16.20046895,-19.19223226,LA26,2012-09-25,10:40:29 AM,10:40:00,Hot-Dry,2012-09-25 10:40:00,9
16.20047709,-19.19221395,LA26,2012-09-25,11:00:24 AM,11:00:00,Hot-Dry,2012-09-25 11:00:00,9
16.20047404,-19.19220988,LA26,2012-09-25,11:20:27 AM,11:20:00,Hot-Dry,2012-09-25 11:20:00,9
16.20051371,-19.1922465,LA26,2012-09-25,11:40:29 AM,11:40:00,Hot-Dry,2012-09-25 11:40:00,9
16.20050456,-19.19223836,LA26,2012-09-25,12:00:24 PM,12:00:00,Hot-Dry,2012-09-25 12:00:00,9
16.20051168,-19.1922465,LA26,2012-09-25,12:20:24 PM,12:20:00,Hot-Dry,2012-09-25 12:20:00,9
16.20053406,-19.19228516,LA26,2012-09-25,12:40:26 PM,12:40:00,Hot-Dry,2012-09-25 12:40:00,9
16.20052185,-19.1922404,LA26,2012-09-25,01:00:28 PM,13:00:00,Hot-Dry,2012-09-25 13:00:00,9
16.20050761,-19.19223226,LA26,2012-09-25,01:20:24 PM,13:20:00,Hot-Dry,2012-09-25 13:20:00,9
16.20052592,-19.19221802,LA26,2012-09-25,01:40:27 PM,13:40:00,Hot-Dry,2012-09-25 13:40:00,9
16.19947917,-19.19273885,LA26,2012-09-25,02:00:29 PM,14:00:00,Hot-Dry,2012-09-25 14:00:00,9
16.19934896,-19.19296875,LA26,2012-09-25,02:20:24 PM,14:20:00,Hot-Dry,2012-09-25 14:20:00,9
16.19931946,-19.19296265,LA26,2012-09-25,02:40:27 PM,14:40:00,Hot-Dry,2012-09-25 14:40:00,9
16.19860128,-19.1950297,LA26,2012-09-25,03:00:29 PM,15:00:00,Hot-Dry,2012-09-25 15:00:00,9
16.19825439,-19.19837646,LA26,2012-09-25,03:20:24 PM,15:20:00,Hot-Dry,2012-09-25 15:20:00,9
16.19630839,-19.20099487,LA26,2012-09-25,03:40:27 PM,15:40:00,Hot-Dry,2012-09-25 15:40:00,9
16.19510498,-19.20418701,LA26,2012-09-25,04:00:29 PM,16:00:00,Hot-Dry,2012-09-25 16:00:00,9
16.19366964,-19.20506999,LA26,2012-09-25,04:20:24 PM,16:20:00,Hot-Dry,2012-09-25 16:20:00,9
16.19732157,-19.20480143,LA26,2012-09-25,04:40:27 PM,16:40:00,Hot-Dry,2012-09-25 16:40:00,9
16.20204366,-19.20293579,LA26,2012-09-25,05:00:29 PM,17:00:00,Hot-Dry,2012-09-25 17:00:00,9
16.20267131,-19.20274658,LA26,2012-09-25,05:20:24 PM,17:20:00,Hot-Dry,2012-09-25 17:20:00,9
16.20300293,-19.20288086,LA26,2012-09-25,05:40:27 PM,17:40:00,Hot-Dry,2012-09-25 17:40:00,9
16.20321248,-19.20294189,LA26,2012-09-25,06:00:29 PM,18:00:00,Hot-Dry,2012-09-25 18:00:00,9
16.20489299,-19.20378825,LA26,2012-09-25,06:20:24 PM,18:20:00,Hot-Dry,2012-09-25 18:20:00,9
16.20518494,-19.20346069,LA26,2012-09-25,06:40:27 PM,18:40:00,Hot-Dry,2012-09-25 18:40:00,9
16.20548808,-19.20273844,LA26,2012-09-25,07:00:29 PM,19:00:00,Hot-Dry,2012-09-25 19:00:00,9
16.20580546,-19.20207723,LA26,2012-09-25,07:20:24 PM,19:20:00,Hot-Dry,2012-09-25 19:20:00,9
16.20642192,-19.20074463,LA26,2012-09-25,07:40:27 PM,19:40:00,Hot-Dry,2012-09-25 19:40:00,9
16.20687256,-19.19925741,LA26,2012-09-25,08:00:29 PM,20:00:00,Hot-Dry,2012-09-25 20:00:00,9
16.20687764,-19.19788615,LA26,2012-09-25,08:20:24 PM,20:20:00,Hot-Dry,2012-09-25 20:20:00,9
16.20674235,-19.19726969,LA26,2012-09-25,08:40:26 PM,20:40:00,Hot-Dry,2012-09-25 20:40:00,9
16.2065155,-19.19631958,LA26,2012-09-25,09:00:29 PM,21:00:00,Hot-Dry,2012-09-25 21:00:00,9
16.20593058,-19.1946757,LA26,2012-09-25,09:20:24 PM,21:20:00,Hot-Dry,2012-09-25 21:20:00,9
16.20633443,-19.19073283,LA26,2012-09-25,09:40:27 PM,21:40:00,Hot-Dry,2012-09-25 21:40:00,9
16.20650838,-19.18998006,LA26,2012-09-25,10:00:29 PM,22:00:00,Hot-Dry,2012-09-25 22:00:00,9
16.20688782,-19.18955282,LA26,2012-09-25,10:20:24 PM,22:20:00,Hot-Dry,2012-09-25 22:20:00,9
16.20680745,-19.18879598,LA26,2012-09-25,10:40:27 PM,22:40:00,Hot-Dry,2012-09-25 22:40:00,9
16.20699158,-19.1883138,LA26,2012-09-25,11:00:29 PM,23:00:00,Hot-Dry,2012-09-25 23:00:00,9
16.2078481,-19.1872111,LA26,2012-09-25,11:20:24 PM,23:20:00,Hot-Dry,2012-09-25 23:20:00,9
16.20796916,-19.18673706,LA26,2012-09-25,11:40:26 PM,23:40:00,Hot-Dry,2012-09-25 23:40:00,9
16.2080658,-19.18545532,LA26,2012-09-26,12:00:29 AM,00:00:00,Hot-Dry,2012-09-26 00:00:00,9
16.20840149,-19.18355509,LA26,2012-09-26,12:20:24 AM,00:20:00,Hot-Dry,2012-09-26 00:20:00,9
16.2088328,-19.18254598,LA26,2012-09-26,12:40:26 AM,00:40:00,Hot-Dry,2012-09-26 00:40:00,9
16.20894063,-19.18256836,LA26,2012-09-26,01:00:28 AM,01:00:00,Hot-Dry,2012-09-26 01:00:00,9
16.20892639,-19.18256429,LA26,2012-09-26,01:20:24 AM,01:20:00,Hot-Dry,2012-09-26 01:20:00,9
16.20889791,-19.18254801,LA26,2012-09-26,01:40:27 AM,01:40:00,Hot-Dry,2012-09-26 01:40:00,9
16.20889181,-19.18254395,LA26,2012-09-26,02:00:32 AM,02:00:00,Hot-Dry,2012-09-26 02:00:00,9
16.20889689,-19.18251343,LA26,2012-09-26,02:20:27 AM,02:20:00,Hot-Dry,2012-09-26 02:20:00,9
16.20888062,-19.18256836,LA26,2012-09-26,02:40:32 AM,02:40:00,Hot-Dry,2012-09-26 02:40:00,9
16.20885722,-19.18254395,LA26,2012-09-26,03:00:26 AM,03:00:00,Hot-Dry,2012-09-26 03:00:00,9
16.20889384,-19.18255819,LA26,2012-09-26,03:20:29 AM,03:20:00,Hot-Dry,2012-09-26 03:20:00,9
16.20892029,-19.18260498,LA26,2012-09-26,03:40:29 AM,03:40:00,Hot-Dry,2012-09-26 03:40:00,9
16.20884908,-19.18256632,LA26,2012-09-26,04:00:24 AM,04:00:00,Hot-Dry,2012-09-26 04:00:00,9
16.20896098,-19.18235881,LA26,2012-09-26,04:20:27 AM,04:20:00,Hot-Dry,2012-09-26 04:20:00,9
16.20884298,-19.1820577,LA26,2012-09-26,04:40:29 AM,04:40:00,Hot-Dry,2012-09-26 04:40:00,9
16.20886739,-19.18207397,LA26,2012-09-26,05:00:24 AM,05:00:00,Hot-Dry,2012-09-26 05:00:00,9
16.20930176,-19.18156535,LA26,2012-09-26,05:20:27 AM,05:20:00,Hot-Dry,2012-09-26 05:20:00,9
16.20924581,-19.18200073,LA26,2012-09-26,05:40:29 AM,05:40:00,Hot-Dry,2012-09-26 05:40:00,9
16.20891215,-19.1820638,LA26,2012-09-26,06:00:24 AM,06:00:00,Hot-Dry,2012-09-26 06:00:00,9
16.20881551,-19.18207397,LA26,2012-09-26,06:20:26 AM,06:20:00,Hot-Dry,2012-09-26 06:20:00,9
16.20701701,-19.18243001,LA26,2012-09-26,06:40:29 AM,06:40:00,Hot-Dry,2012-09-26 06:40:00,9
16.20277201,-19.18563232,LA26,2012-09-26,07:00:24 AM,07:00:00,Hot-Dry,2012-09-26 07:00:00,9
16.20086772,-19.18666585,LA26,2012-09-26,07:20:27 AM,07:20:00,Hot-Dry,2012-09-26 07:20:00,9
16.19794108,-19.18897502,LA26,2012-09-26,07:40:29 AM,07:40:00,Hot-Dry,2012-09-26 07:40:00,9
16.19648641,-19.19090576,LA26,2012-09-26,08:00:24 AM,08:00:00,Hot-Dry,2012-09-26 08:00:00,9
16.1964091,-19.19175618,LA26,2012-09-26,08:20:27 AM,08:20:00,Hot-Dry,2012-09-26 08:20:00,9
16.1966807,-19.19400838,LA26,2012-09-26,08:40:29 AM,08:40:00,Hot-Dry,2012-09-26 08:40:00,9
16.19641927,-19.19942017,LA26,2012-09-26,09:00:24 AM,09:00:00,Hot-Dry,2012-09-26 09:00:00,9
16.19625651,-19.19954224,LA26,2012-09-26,09:20:27 AM,09:20:00,Hot-Dry,2012-09-26 09:20:00,9
16.19626567,-19.19955648,LA26,2012-09-26,09:40:29 AM,09:40:00,Hot-Dry,2012-09-26 09:40:00,9
16.19627075,-19.19956055,LA26,2012-09-26,10:00:24 AM,10:00:00,Hot-Dry,2012-09-26 10:00:00,9
16.19509481,-19.2046346,LA26,2012-09-26,10:20:27 AM,10:20:00,Hot-Dry,2012-09-26 10:20:00,9
16.19605916,-19.2059611,LA26,2012-09-26,10:40:29 AM,10:40:00,Hot-Dry,2012-09-26 10:40:00,9
16.19632874,-19.20582479,LA26,2012-09-26,11:00:24 AM,11:00:00,Hot-Dry,2012-09-26 11:00:00,9
16.1966095,-19.20550741,LA26,2012-09-26,11:20:27 AM,11:20:00,Hot-Dry,2012-09-26 11:20:00,9
16.19627482,-19.20546672,LA26,2012-09-26,11:40:29 AM,11:40:00,Hot-Dry,2012-09-26 11:40:00,9
16.19652812,-19.20551147,LA26,2012-09-26,12:00:24 PM,12:00:00,Hot-Dry,2012-09-26 12:00:00,9
16.19554036,-19.2052002,LA26,2012-09-26,12:20:24 PM,12:20:00,Hot-Dry,2012-09-26 12:20:00,9
16.19484253,-19.20487874,LA26,2012-09-26,12:40:26 PM,12:40:00,Hot-Dry,2012-09-26 12:40:00,9
16.19493815,-19.20345459,LA26,2012-09-26,01:00:28 PM,13:00:00,Hot-Dry,2012-09-26 13:00:00,9
16.19617004,-19.2016805,LA26,2012-09-26,01:20:24 PM,13:20:00,Hot-Dry,2012-09-26 13:20:00,9
16.19693807,-19.20038859,LA26,2012-09-26,01:40:26 PM,13:40:00,Hot-Dry,2012-09-26 13:40:00,9
16.19875387,-19.19947713,LA26,2012-09-26,02:00:29 PM,14:00:00,Hot-Dry,2012-09-26 14:00:00,9
16.19901225,-19.19881795,LA26,2012-09-26,02:20:24 PM,14:20:00,Hot-Dry,2012-09-26 14:20:00,9
16.2017863,-19.19832153,LA26,2012-09-26,02:40:26 PM,14:40:00,Hot-Dry,2012-09-26 14:40:00,9
16.20224508,-19.19799398,LA26,2012-09-26,03:00:29 PM,15:00:00,Hot-Dry,2012-09-26 15:00:00,9
16.20440165,-19.196993,LA26,2012-09-26,03:20:24 PM,15:20:00,Hot-Dry,2012-09-26 15:20:00,9
16.20556132,-19.19603475,LA26,2012-09-26,03:40:27 PM,15:40:00,Hot-Dry,2012-09-26 15:40:00,9
16.20652669,-19.19561971,LA26,2012-09-26,04:00:29 PM,16:00:00,Hot-Dry,2012-09-26 16:00:00,9
16.20733439,-19.19517008,LA26,2012-09-26,04:20:24 PM,16:20:00,Hot-Dry,2012-09-26 16:20:00,9
16.2077301,-19.19463094,LA26,2012-09-26,04:40:27 PM,16:40:00,Hot-Dry,2012-09-26 16:40:00,9
16.20884298,-19.19429932,LA26,2012-09-26,05:00:29 PM,17:00:00,Hot-Dry,2012-09-26 17:00:00,9
16.20933838,-19.19392293,LA26,2012-09-26,05:20:24 PM,17:20:00,Hot-Dry,2012-09-26 17:20:00,9
16.2099467,-19.19370931,LA26,2012-09-26,05:40:27 PM,17:40:00,Hot-Dry,2012-09-26 17:40:00,9
16.21099854,-19.1932312,LA26,2012-09-26,06:00:29 PM,18:00:00,Hot-Dry,2012-09-26 18:00:00,9
16.21120504,-19.19284261,LA26,2012-09-26,06:20:24 PM,18:20:00,Hot-Dry,2012-09-26 18:20:00,9
16.21250203,-19.19283651,LA26,2012-09-26,06:40:27 PM,18:40:00,Hot-Dry,2012-09-26 18:40:00,9
16.21264954,-19.1927714,LA26,2012-09-26,07:00:23 PM,19:00:00,Hot-Dry,2012-09-26 19:00:00,9
16.21359253,-19.19247843,LA26,2012-09-26,07:20:26 PM,19:20:00,Hot-Dry,2012-09-26 19:20:00,9
16.21412557,-19.19239095,LA26,2012-09-26,07:40:28 PM,19:40:00,Hot-Dry,2012-09-26 19:40:00,9
16.21568807,-19.1918396,LA26,2012-09-26,08:00:24 PM,20:00:00,Hot-Dry,2012-09-26 20:00:00,9
16.21605123,-19.19153035,LA26,2012-09-26,08:20:26 PM,20:20:00,Hot-Dry,2012-09-26 20:20:00,9
16.21676941,-19.19093018,LA26,2012-09-26,08:40:29 PM,20:40:00,Hot-Dry,2012-09-26 20:40:00,9
16.21739502,-19.19030558,LA26,2012-09-26,09:00:24 PM,21:00:00,Hot-Dry,2012-09-26 21:00:00,9
16.21748861,-19.19031576,LA26,2012-09-26,09:20:26 PM,21:20:00,Hot-Dry,2012-09-26 21:20:00,9
16.21778158,-19.19066366,LA26,2012-09-26,09:40:29 PM,21:40:00,Hot-Dry,2012-09-26 21:40:00,9
16.21805929,-19.19104818,LA26,2012-09-26,10:00:24 PM,22:00:00,Hot-Dry,2012-09-26 22:00:00,9
16.21806946,-19.19105021,LA26,2012-09-26,10:20:27 PM,22:20:00,Hot-Dry,2012-09-26 22:20:00,9
16.21804911,-19.19106649,LA26,2012-09-26,10:40:29 PM,22:40:00,Hot-Dry,2012-09-26 22:40:00,9
16.21807861,-19.19106038,LA26,2012-09-26,11:00:24 PM,23:00:00,Hot-Dry,2012-09-26 23:00:00,9
16.21804199,-19.19106649,LA26,2012-09-26,11:20:26 PM,23:20:00,Hot-Dry,2012-09-26 23:20:00,9
16.21801961,-19.19106445,LA26,2012-09-26,11:40:29 PM,23:40:00,Hot-Dry,2012-09-26 23:40:00,9
16.21805623,-19.191038,LA26,2012-09-27,12:00:24 AM,00:00:00,Hot-Dry,2012-09-27 00:00:00,9
16.21925049,-19.19036051,LA26,2012-09-27,12:20:24 AM,00:20:00,Hot-Dry,2012-09-27 00:20:00,9
16.2202535,-19.18914795,LA26,2012-09-27,12:40:26 AM,00:40:00,Hot-Dry,2012-09-27 00:40:00,9
16.22023926,-19.1885437,LA26,2012-09-27,01:00:28 AM,01:00:00,Hot-Dry,2012-09-27 01:00:00,9
16.22009176,-19.18798828,LA26,2012-09-27,01:20:24 AM,01:20:00,Hot-Dry,2012-09-27 01:20:00,9
16.21990662,-19.18706462,LA26,2012-09-27,01:40:27 AM,01:40:00,Hot-Dry,2012-09-27 01:40:00,9
16.2196696,-19.18675944,LA26,2012-09-27,02:00:29 AM,02:00:00,Hot-Dry,2012-09-27 02:00:00,9
16.21964417,-19.18678182,LA26,2012-09-27,02:20:24 AM,02:20:00,Hot-Dry,2012-09-27 02:20:00,9
16.2196523,-19.18678996,LA26,2012-09-27,02:40:27 AM,02:40:00,Hot-Dry,2012-09-27 02:40:00,9
16.21963399,-19.18678792,LA26,2012-09-27,03:00:29 AM,03:00:00,Hot-Dry,2012-09-27 03:00:00,9
16.21964722,-19.18677979,LA26,2012-09-27,03:20:26 AM,03:20:00,Hot-Dry,2012-09-27 03:20:00,9
16.21965841,-19.18678589,LA26,2012-09-27,03:40:29 AM,03:40:00,Hot-Dry,2012-09-27 03:40:00,9
16.21967163,-19.18681437,LA26,2012-09-27,04:00:24 AM,04:00:00,Hot-Dry,2012-09-27 04:00:00,9
16.21962992,-19.1866272,LA26,2012-09-27,04:20:26 AM,04:20:00,Hot-Dry,2012-09-27 04:20:00,9
16.21893921,-19.18604736,LA26,2012-09-27,04:40:29 AM,04:40:00,Hot-Dry,2012-09-27 04:40:00,9
16.21891988,-19.18587646,LA26,2012-09-27,05:00:24 AM,05:00:00,Hot-Dry,2012-09-27 05:00:00,9
16.21836344,-19.18525187,LA26,2012-09-27,05:20:26 AM,05:20:00,Hot-Dry,2012-09-27 05:20:00,9
16.21812032,-19.18504639,LA26,2012-09-27,05:40:29 AM,05:40:00,Hot-Dry,2012-09-27 05:40:00,9
16.21744486,-19.18472493,LA26,2012-09-27,06:00:24 AM,06:00:00,Hot-Dry,2012-09-27 06:00:00,9
16.21706848,-19.18506877,LA26,2012-09-27,06:20:26 AM,06:20:00,Hot-Dry,2012-09-27 06:20:00,9
16.21579793,-19.18547363,LA26,2012-09-27,06:40:29 AM,06:40:00,Hot-Dry,2012-09-27 06:40:00,9
16.21523743,-19.18528646,LA26,2012-09-27,07:00:24 AM,07:00:00,Hot-Dry,2012-09-27 07:00:00,9
16.21414083,-19.18515625,LA26,2012-09-27,07:20:27 AM,07:20:00,Hot-Dry,2012-09-27 07:20:00,9
16.21371053,-19.18505046,LA26,2012-09-27,07:40:29 AM,07:40:00,Hot-Dry,2012-09-27 07:40:00,9
16.21369425,-19.1857605,LA26,2012-09-27,08:00:24 AM,08:00:00,Hot-Dry,2012-09-27 08:00:00,9
16.21364034,-19.1865153,LA26,2012-09-27,08:20:26 AM,08:20:00,Hot-Dry,2012-09-27 08:20:00,9
16.21308797,-19.1870992,LA26,2012-09-27,08:40:29 AM,08:40:00,Hot-Dry,2012-09-27 08:40:00,9
16.21309509,-19.18748169,LA26,2012-09-27,09:00:24 AM,09:00:00,Hot-Dry,2012-09-27 09:00:00,9
16.21280721,-19.18801473,LA26,2012-09-27,09:20:26 AM,09:20:00,Hot-Dry,2012-09-27 09:20:00,9
16.21284078,-19.18803101,LA26,2012-09-27,09:40:29 AM,09:40:00,Hot-Dry,2012-09-27 09:40:00,9
16.21284587,-19.18806152,LA26,2012-09-27,10:00:24 AM,10:00:00,Hot-Dry,2012-09-27 10:00:00,9
16.21285299,-19.18805542,LA26,2012-09-27,10:20:27 AM,10:20:00,Hot-Dry,2012-09-27 10:20:00,9
16.21245321,-19.18886922,LA26,2012-09-27,10:40:32 AM,10:40:00,Hot-Dry,2012-09-27 10:40:00,9
16.21248169,-19.18884481,LA26,2012-09-27,11:00:24 AM,11:00:00,Hot-Dry,2012-09-27 11:00:00,9
16.21247864,-19.1888855,LA26,2012-09-27,11:20:26 AM,11:20:00,Hot-Dry,2012-09-27 11:20:00,9
16.21247864,-19.18886515,LA26,2012-09-27,11:40:29 AM,11:40:00,Hot-Dry,2012-09-27 11:40:00,9
16.21248576,-19.18886922,LA26,2012-09-27,12:00:24 PM,12:00:00,Hot-Dry,2012-09-27 12:00:00,9
16.21247762,-19.18886922,LA26,2012-09-27,12:20:27 PM,12:20:00,Hot-Dry,2012-09-27 12:20:00,9
16.21242167,-19.18902995,LA26,2012-09-27,12:40:28 PM,12:40:00,Hot-Dry,2012-09-27 12:40:00,9
16.2123759,-19.18896891,LA26,2012-09-27,01:00:24 PM,13:00:00,Hot-Dry,2012-09-27 13:00:00,9
16.21234233,-19.18902995,LA26,2012-09-27,01:20:27 PM,13:20:00,Hot-Dry,2012-09-27 13:20:00,9
16.21234945,-19.18899536,LA26,2012-09-27,01:40:29 PM,13:40:00,Hot-Dry,2012-09-27 13:40:00,9
16.21235758,-19.18904215,LA26,2012-09-27,02:00:24 PM,14:00:00,Hot-Dry,2012-09-27 14:00:00,9
16.20932109,-19.18908081,LA26,2012-09-27,02:20:27 PM,14:20:00,Hot-Dry,2012-09-27 14:20:00,9
16.20658976,-19.19164225,LA26,2012-09-27,02:40:29 PM,14:40:00,Hot-Dry,2012-09-27 14:40:00,9
16.19860636,-19.19562378,LA26,2012-09-27,03:00:24 PM,15:00:00,Hot-Dry,2012-09-27 15:00:00,9
16.19386698,-19.20506185,LA26,2012-09-27,03:20:27 PM,15:20:00,Hot-Dry,2012-09-27 15:20:00,9
16.19507853,-19.20482788,LA26,2012-09-27,03:40:29 PM,15:40:00,Hot-Dry,2012-09-27 15:40:00,9
16.20016785,-19.20536296,LA26,2012-09-27,04:00:24 PM,16:00:00,Hot-Dry,2012-09-27 16:00:00,9
16.20587463,-19.20537923,LA26,2012-09-27,04:20:27 PM,16:20:00,Hot-Dry,2012-09-27 16:20:00,9
16.207901,-19.20590007,LA26,2012-09-27,04:40:29 PM,16:40:00,Hot-Dry,2012-09-27 16:40:00,9
16.20897013,-19.20664266,LA26,2012-09-27,05:00:24 PM,17:00:00,Hot-Dry,2012-09-27 17:00:00,9
16.2101237,-19.20687256,LA26,2012-09-27,05:20:26 PM,17:20:00,Hot-Dry,2012-09-27 17:20:00,9
16.21286011,-19.20648397,LA26,2012-09-27,05:40:29 PM,17:40:00,Hot-Dry,2012-09-27 17:40:00,9
16.21547648,-19.20748901,LA26,2012-09-27,06:00:24 PM,18:00:00,Hot-Dry,2012-09-27 18:00:00,9
16.21704508,-19.20834351,LA26,2012-09-27,06:20:26 PM,18:20:00,Hot-Dry,2012-09-27 18:20:00,9
16.21745911,-19.20934448,LA26,2012-09-27,06:40:29 PM,18:40:00,Hot-Dry,2012-09-27 18:40:00,9
16.21839905,-19.20905558,LA26,2012-09-27,07:00:24 PM,19:00:00,Hot-Dry,2012-09-27 19:00:00,9
16.21914571,-19.20826213,LA26,2012-09-27,07:20:27 PM,19:20:00,Hot-Dry,2012-09-27 19:20:00,9
16.21936646,-19.20745036,LA26,2012-09-27,07:40:29 PM,19:40:00,Hot-Dry,2012-09-27 19:40:00,9
16.21983337,-19.20723674,LA26,2012-09-27,08:00:24 PM,20:00:00,Hot-Dry,2012-09-27 20:00:00,9
16.21943766,-19.20616455,LA26,2012-09-27,08:20:26 PM,20:20:00,Hot-Dry,2012-09-27 20:20:00,9
16.21931254,-19.20591838,LA26,2012-09-27,08:40:29 PM,20:40:00,Hot-Dry,2012-09-27 20:40:00,9
16.2192159,-19.205955,LA26,2012-09-27,09:00:24 PM,21:00:00,Hot-Dry,2012-09-27 21:00:00,9
16.21871948,-19.2053894,LA26,2012-09-27,09:20:27 PM,21:20:00,Hot-Dry,2012-09-27 21:20:00,9
16.21761475,-19.20506388,LA26,2012-09-27,09:40:29 PM,21:40:00,Hot-Dry,2012-09-27 21:40:00,9
16.21726278,-19.2044515,LA26,2012-09-27,10:00:24 PM,22:00:00,Hot-Dry,2012-09-27 22:00:00,9
16.21727091,-19.20386759,LA26,2012-09-27,10:20:27 PM,22:20:00,Hot-Dry,2012-09-27 22:20:00,9
16.21724955,-19.20386963,LA26,2012-09-27,10:40:29 PM,22:40:00,Hot-Dry,2012-09-27 22:40:00,9
16.21724955,-19.20384521,LA26,2012-09-27,11:00:24 PM,23:00:00,Hot-Dry,2012-09-27 23:00:00,9
16.21726583,-19.20386149,LA26,2012-09-27,11:20:26 PM,23:20:00,Hot-Dry,2012-09-27 23:20:00,9
16.21735331,-19.2038269,LA26,2012-09-27,11:40:29 PM,23:40:00,Hot-Dry,2012-09-27 23:40:00,9
16.21723226,-19.20386963,LA26,2012-09-28,12:00:24 AM,00:00:00,Hot-Dry,2012-09-28 00:00:00,9
16.21722717,-19.20386353,LA26,2012-09-28,12:20:23 AM,00:20:00,Hot-Dry,2012-09-28 00:20:00,9
16.21727397,-19.20385539,LA26,2012-09-28,12:40:24 AM,00:40:00,Hot-Dry,2012-09-28 00:40:00,9
16.21725566,-19.20384115,LA26,2012-09-28,01:00:27 AM,01:00:00,Hot-Dry,2012-09-28 01:00:00,9
16.21724345,-19.20386556,LA26,2012-09-28,01:20:29 AM,01:20:00,Hot-Dry,2012-09-28 01:20:00,9
16.21731974,-19.20384928,LA26,2012-09-28,01:40:24 AM,01:40:00,Hot-Dry,2012-09-28 01:40:00,9
16.21726888,-19.20377197,LA26,2012-09-28,02:00:27 AM,02:00:00,Hot-Dry,2012-09-28 02:00:00,9
16.21737773,-19.20379435,LA26,2012-09-28,02:20:29 AM,02:20:00,Hot-Dry,2012-09-28 02:20:00,9
16.21739197,-19.20365397,LA26,2012-09-28,02:40:24 AM,02:40:00,Hot-Dry,2012-09-28 02:40:00,9
16.21725871,-19.20370076,LA26,2012-09-28,03:00:27 AM,03:00:00,Hot-Dry,2012-09-28 03:00:00,9
16.217276,-19.20378418,LA26,2012-09-28,03:20:29 AM,03:20:00,Hot-Dry,2012-09-28 03:20:00,9
16.21732585,-19.20382894,LA26,2012-09-28,03:40:24 AM,03:40:00,Hot-Dry,2012-09-28 03:40:00,9
16.21729431,-19.20384115,LA26,2012-09-28,04:00:26 AM,04:00:00,Hot-Dry,2012-09-28 04:00:00,9
16.21728821,-19.20383708,LA26,2012-09-28,04:20:29 AM,04:20:00,Hot-Dry,2012-09-28 04:20:00,9
16.21732483,-19.20373535,LA26,2012-09-28,04:40:24 AM,04:40:00,Hot-Dry,2012-09-28 04:40:00,9
16.21791178,-19.20213623,LA26,2012-09-28,05:00:27 AM,05:00:00,Hot-Dry,2012-09-28 05:00:00,9
16.21769511,-19.20217285,LA26,2012-09-28,05:20:29 AM,05:20:00,Hot-Dry,2012-09-28 05:20:00,9
16.21477966,-19.20137126,LA26,2012-09-28,05:40:24 AM,05:40:00,Hot-Dry,2012-09-28 05:40:00,9
16.21362305,-19.20064494,LA26,2012-09-28,06:00:27 AM,06:00:00,Hot-Dry,2012-09-28 06:00:00,9
16.21192118,-19.20140177,LA26,2012-09-28,06:20:29 AM,06:20:00,Hot-Dry,2012-09-28 06:20:00,9
16.21207784,-19.2027181,LA26,2012-09-28,06:40:24 AM,06:40:00,Hot-Dry,2012-09-28 06:40:00,9
16.21015422,-19.20333659,LA26,2012-09-28,07:00:27 AM,07:00:00,Hot-Dry,2012-09-28 07:00:00,9
16.20956319,-19.20403239,LA26,2012-09-28,07:20:29 AM,07:20:00,Hot-Dry,2012-09-28 07:20:00,9
16.20910441,-19.20398763,LA26,2012-09-28,07:40:24 AM,07:40:00,Hot-Dry,2012-09-28 07:40:00,9
16.20877177,-19.20442708,LA26,2012-09-28,08:00:26 AM,08:00:00,Hot-Dry,2012-09-28 08:00:00,9
16.20843099,-19.2048645,LA26,2012-09-28,08:20:29 AM,08:20:00,Hot-Dry,2012-09-28 08:20:00,9
16.20789693,-19.20554606,LA26,2012-09-28,08:40:24 AM,08:40:00,Hot-Dry,2012-09-28 08:40:00,9
16.20675557,-19.2065918,LA26,2012-09-28,09:00:26 AM,09:00:00,Hot-Dry,2012-09-28 09:00:00,9
16.206014,-19.20782267,LA26,2012-09-28,09:20:29 AM,09:20:00,Hot-Dry,2012-09-28 09:20:00,9
16.20533854,-19.20871175,LA26,2012-09-28,09:40:24 AM,09:40:00,Hot-Dry,2012-09-28 09:40:00,9
16.20496623,-19.20945231,LA26,2012-09-28,10:00:27 AM,10:00:00,Hot-Dry,2012-09-28 10:00:00,9
16.20492859,-19.21067912,LA26,2012-09-28,10:20:29 AM,10:20:00,Hot-Dry,2012-09-28 10:20:00,9
16.20406392,-19.2103658,LA26,2012-09-28,10:40:24 AM,10:40:00,Hot-Dry,2012-09-28 10:40:00,9
16.20321045,-19.20983683,LA26,2012-09-28,11:00:27 AM,11:00:00,Hot-Dry,2012-09-28 11:00:00,9
16.19862264,-19.20747477,LA26,2012-09-28,11:20:29 AM,11:20:00,Hot-Dry,2012-09-28 11:20:00,9
16.19522807,-19.20716349,LA26,2012-09-28,11:40:24 AM,11:40:00,Hot-Dry,2012-09-28 11:40:00,9
16.19357707,-19.20506185,LA26,2012-09-28,12:00:27 PM,12:00:00,Hot-Dry,2012-09-28 12:00:00,9
16.19449565,-19.20484212,LA26,2012-09-28,12:20:24 PM,12:20:00,Hot-Dry,2012-09-28 12:20:00,9
16.1946106,-19.2048645,LA26,2012-09-28,12:40:26 PM,12:40:00,Hot-Dry,2012-09-28 12:40:00,9
16.19368896,-19.20504761,LA26,2012-09-28,01:00:28 PM,13:00:00,Hot-Dry,2012-09-28 13:00:00,9
16.19403483,-19.20500895,LA26,2012-09-28,01:20:24 PM,13:20:00,Hot-Dry,2012-09-28 13:20:00,9
16.19510091,-19.20468343,LA26,2012-09-28,01:40:26 PM,13:40:00,Hot-Dry,2012-09-28 13:40:00,9
16.19550985,-19.20588582,LA26,2012-09-28,02:00:29 PM,14:00:00,Hot-Dry,2012-09-28 14:00:00,9
16.19623413,-19.20662435,LA26,2012-09-28,02:20:24 PM,14:20:00,Hot-Dry,2012-09-28 14:20:00,9
16.19790649,-19.20761312,LA26,2012-09-28,02:40:27 PM,14:40:00,Hot-Dry,2012-09-28 14:40:00,9
16.19973755,-19.20765177,LA26,2012-09-28,03:00:29 PM,15:00:00,Hot-Dry,2012-09-28 15:00:00,9
16.20164083,-19.20800374,LA26,2012-09-28,03:20:24 PM,15:20:00,Hot-Dry,2012-09-28 15:20:00,9
16.20413208,-19.2080363,LA26,2012-09-28,03:40:27 PM,15:40:00,Hot-Dry,2012-09-28 15:40:00,9
16.20523275,-19.20849609,LA26,2012-09-28,04:00:29 PM,16:00:00,Hot-Dry,2012-09-28 16:00:00,9
16.2070577,-19.20887655,LA26,2012-09-28,04:20:24 PM,16:20:00,Hot-Dry,2012-09-28 16:20:00,9
16.20792236,-19.20839437,LA26,2012-09-28,04:40:26 PM,16:40:00,Hot-Dry,2012-09-28 16:40:00,9
16.20864665,-19.20758667,LA26,2012-09-28,05:00:29 PM,17:00:00,Hot-Dry,2012-09-28 17:00:00,9
16.20895894,-19.20742188,LA26,2012-09-28,05:20:24 PM,17:20:00,Hot-Dry,2012-09-28 17:20:00,9
16.20888062,-19.20738729,LA26,2012-09-28,05:40:26 PM,17:40:00,Hot-Dry,2012-09-28 17:40:00,9
16.20892232,-19.20759888,LA26,2012-09-28,06:00:29 PM,18:00:00,Hot-Dry,2012-09-28 18:00:00,9
16.20898234,-19.20789388,LA26,2012-09-28,06:20:24 PM,18:20:00,Hot-Dry,2012-09-28 18:20:00,9
16.20875448,-19.20867716,LA26,2012-09-28,06:40:27 PM,18:40:00,Hot-Dry,2012-09-28 18:40:00,9
16.20772298,-19.20814412,LA26,2012-09-28,07:00:29 PM,19:00:00,Hot-Dry,2012-09-28 19:00:00,9
16.20733032,-19.20701294,LA26,2012-09-28,07:20:24 PM,19:20:00,Hot-Dry,2012-09-28 19:20:00,9
16.2041982,-19.20406291,LA26,2012-09-28,07:40:27 PM,19:40:00,Hot-Dry,2012-09-28 19:40:00,9
16.20355733,-19.20273031,LA26,2012-09-28,08:00:29 PM,20:00:00,Hot-Dry,2012-09-28 20:00:00,9
16.2030426,-19.20232747,LA26,2012-09-28,08:20:24 PM,20:20:00,Hot-Dry,2012-09-28 20:20:00,9
16.20225932,-19.20229696,LA26,2012-09-28,08:40:27 PM,20:40:00,Hot-Dry,2012-09-28 20:40:00,9
16.20070801,-19.20149536,LA26,2012-09-28,09:00:29 PM,21:00:00,Hot-Dry,2012-09-28 21:00:00,9
16.20040487,-19.20127767,LA26,2012-09-28,09:20:24 PM,21:20:00,Hot-Dry,2012-09-28 21:20:00,9
16.20070292,-19.20099284,LA26,2012-09-28,09:40:27 PM,21:40:00,Hot-Dry,2012-09-28 21:40:00,9
16.20093384,-19.20084432,LA26,2012-09-28,10:00:29 PM,22:00:00,Hot-Dry,2012-09-28 22:00:00,9
16.20084432,-19.20062866,LA26,2012-09-28,10:20:24 PM,22:20:00,Hot-Dry,2012-09-28 22:20:00,9
16.20016988,-19.20021362,LA26,2012-09-28,10:40:27 PM,22:40:00,Hot-Dry,2012-09-28 22:40:00,9
16.20080465,-19.19977824,LA26,2012-09-28,11:00:29 PM,23:00:00,Hot-Dry,2012-09-28 23:00:00,9
16.20230001,-19.19887288,LA26,2012-09-28,11:20:24 PM,23:20:00,Hot-Dry,2012-09-28 23:20:00,9
16.20230509,-19.19882813,LA26,2012-09-28,11:40:26 PM,23:40:00,Hot-Dry,2012-09-28 23:40:00,9
16.20504049,-19.19754435,LA26,2012-09-29,12:00:29 AM,00:00:00,Hot-Dry,2012-09-29 00:00:00,9
16.20528768,-19.19742025,LA26,2012-09-29,12:20:24 AM,00:20:00,Hot-Dry,2012-09-29 00:20:00,9
16.20535787,-19.19742432,LA26,2012-09-29,12:40:26 AM,00:40:00,Hot-Dry,2012-09-29 00:40:00,9
16.2058726,-19.19695028,LA26,2012-09-29,01:00:28 AM,01:00:00,Hot-Dry,2012-09-29 01:00:00,9
16.20804036,-19.19542643,LA26,2012-09-29,01:20:24 AM,01:20:00,Hot-Dry,2012-09-29 01:20:00,9
16.20860291,-19.1953715,LA26,2012-09-29,01:40:26 AM,01:40:00,Hot-Dry,2012-09-29 01:40:00,9
16.20908,-19.19518026,LA26,2012-09-29,02:00:29 AM,02:00:00,Hot-Dry,2012-09-29 02:00:00,9
16.2090861,-19.19520874,LA26,2012-09-29,02:20:24 AM,02:20:00,Hot-Dry,2012-09-29 02:20:00,9
16.20908407,-19.19518636,LA26,2012-09-29,02:40:27 AM,02:40:00,Hot-Dry,2012-09-29 02:40:00,9
16.20906372,-19.19522298,LA26,2012-09-29,03:00:32 AM,03:00:00,Hot-Dry,2012-09-29 03:00:00,9
16.20906982,-19.19512939,LA26,2012-09-29,03:20:25 AM,03:20:00,Hot-Dry,2012-09-29 03:20:00,9
16.20907694,-19.19521281,LA26,2012-09-29,03:40:26 AM,03:40:00,Hot-Dry,2012-09-29 03:40:00,9
16.20908813,-19.19514974,LA26,2012-09-29,04:00:29 AM,04:00:00,Hot-Dry,2012-09-29 04:00:00,9
16.20904948,-19.19516805,LA26,2012-09-29,04:20:24 AM,04:20:00,Hot-Dry,2012-09-29 04:20:00,9
16.20905762,-19.19516195,LA26,2012-09-29,04:40:27 AM,04:40:00,Hot-Dry,2012-09-29 04:40:00,9
16.2098877,-19.19480387,LA26,2012-09-29,05:00:29 AM,05:00:00,Hot-Dry,2012-09-29 05:00:00,9
16.21022034,-19.19503581,LA26,2012-09-29,05:20:24 AM,05:20:00,Hot-Dry,2012-09-29 05:20:00,9
16.21056722,-19.1946106,LA26,2012-09-29,05:40:26 AM,05:40:00,Hot-Dry,2012-09-29 05:40:00,9
16.21063232,-19.19449463,LA26,2012-09-29,06:00:29 AM,06:00:00,Hot-Dry,2012-09-29 06:00:00,9
16.2110026,-19.1939209,LA26,2012-09-29,06:20:24 AM,06:20:00,Hot-Dry,2012-09-29 06:20:00,9
16.21123149,-19.19360352,LA26,2012-09-29,06:40:27 AM,06:40:00,Hot-Dry,2012-09-29 06:40:00,9
16.21138102,-19.19345093,LA26,2012-09-29,07:00:29 AM,07:00:00,Hot-Dry,2012-09-29 07:00:00,9
16.21184184,-19.19337972,LA26,2012-09-29,07:20:24 AM,07:20:00,Hot-Dry,2012-09-29 07:20:00,9
16.21206767,-19.19330241,LA26,2012-09-29,07:40:26 AM,07:40:00,Hot-Dry,2012-09-29 07:40:00,9
16.21241557,-19.193455,LA26,2012-09-29,08:00:29 AM,08:00:00,Hot-Dry,2012-09-29 08:00:00,9
16.21265666,-19.1933492,LA26,2012-09-29,08:20:24 AM,08:20:00,Hot-Dry,2012-09-29 08:20:00,9
16.21266276,-19.19336141,LA26,2012-09-29,08:40:27 AM,08:40:00,Hot-Dry,2012-09-29 08:40:00,9
16.21266378,-19.19336344,LA26,2012-09-29,09:00:29 AM,09:00:00,Hot-Dry,2012-09-29 09:00:00,9
16.2126475,-19.19330037,LA26,2012-09-29,09:20:24 AM,09:20:00,Hot-Dry,2012-09-29 09:20:00,9
16.21245524,-19.19335734,LA26,2012-09-29,09:40:27 AM,09:40:00,Hot-Dry,2012-09-29 09:40:00,9
16.21270345,-19.19339193,LA26,2012-09-29,10:00:29 AM,10:00:00,Hot-Dry,2012-09-29 10:00:00,9
16.21269633,-19.19337362,LA26,2012-09-29,10:20:24 AM,10:20:00,Hot-Dry,2012-09-29 10:20:00,9
16.21269633,-19.19336141,LA26,2012-09-29,10:40:27 AM,10:40:00,Hot-Dry,2012-09-29 10:40:00,9
16.21268717,-19.19335734,LA26,2012-09-29,11:00:29 AM,11:00:00,Hot-Dry,2012-09-29 11:00:00,9
16.2127065,-19.19340413,LA26,2012-09-29,11:20:25 AM,11:20:00,Hot-Dry,2012-09-29 11:20:00,9
16.21211141,-19.19337769,LA26,2012-09-29,11:40:27 AM,11:40:00,Hot-Dry,2012-09-29 11:40:00,9
16.20973409,-19.19274902,LA26,2012-09-29,12:00:32 PM,12:00:00,Hot-Dry,2012-09-29 12:00:00,9
16.20286051,-19.19401652,LA26,2012-09-29,12:20:24 PM,12:20:00,Hot-Dry,2012-09-29 12:20:00,9
16.19699707,-19.19854126,LA26,2012-09-29,12:40:35 PM,12:40:00,Hot-Dry,2012-09-29 12:40:00,9
16.19304504,-19.20399577,LA26,2012-09-29,01:00:24 PM,13:00:00,Hot-Dry,2012-09-29 13:00:00,9
16.19593811,-19.20551961,LA26,2012-09-29,01:20:26 PM,13:20:00,Hot-Dry,2012-09-29 13:20:00,9
16.20250651,-19.20744629,LA26,2012-09-29,01:40:29 PM,13:40:00,Hot-Dry,2012-09-29 13:40:00,9
16.20760701,-19.20984701,LA26,2012-09-29,02:00:24 PM,14:00:00,Hot-Dry,2012-09-29 14:00:00,9
16.20743205,-19.21101481,LA26,2012-09-29,02:20:27 PM,14:20:00,Hot-Dry,2012-09-29 14:20:00,9
16.20842082,-19.21085409,LA26,2012-09-29,02:40:23 PM,14:40:00,Hot-Dry,2012-09-29 14:40:00,9
16.20950623,-19.2112203,LA26,2012-09-29,03:00:26 PM,15:00:00,Hot-Dry,2012-09-29 15:00:00,9
16.21206462,-19.21241048,LA26,2012-09-29,03:20:28 PM,15:20:00,Hot-Dry,2012-09-29 15:20:00,9
16.21659546,-19.21386108,LA26,2012-09-29,03:40:24 PM,15:40:00,Hot-Dry,2012-09-29 15:40:00,9
16.2171051,-19.21477051,LA26,2012-09-29,04:00:27 PM,16:00:00,Hot-Dry,2012-09-29 16:00:00,9
16.21707967,-19.21525269,LA26,2012-09-29,04:20:29 PM,16:20:00,Hot-Dry,2012-09-29 16:20:00,9
16.216745,-19.21594035,LA26,2012-09-29,04:40:24 PM,16:40:00,Hot-Dry,2012-09-29 16:40:00,9
16.2163442,-19.21576945,LA26,2012-09-29,05:00:26 PM,17:00:00,Hot-Dry,2012-09-29 17:00:00,9
16.21523031,-19.21628215,LA26,2012-09-29,05:20:29 PM,17:20:00,Hot-Dry,2012-09-29 17:20:00,9
16.21496277,-19.21452026,LA26,2012-09-29,05:40:24 PM,17:40:00,Hot-Dry,2012-09-29 17:40:00,9
16.21455383,-19.21395264,LA26,2012-09-29,06:00:27 PM,18:00:00,Hot-Dry,2012-09-29 18:00:00,9
16.2141215,-19.21339111,LA26,2012-09-29,06:20:29 PM,18:20:00,Hot-Dry,2012-09-29 18:20:00,9
16.21440125,-19.21274414,LA26,2012-09-29,06:40:24 PM,18:40:00,Hot-Dry,2012-09-29 18:40:00,9
16.2146698,-19.21222127,LA26,2012-09-29,07:00:27 PM,19:00:00,Hot-Dry,2012-09-29 19:00:00,9
16.21381938,-19.21167806,LA26,2012-09-29,07:20:29 PM,19:20:00,Hot-Dry,2012-09-29 19:20:00,9
16.21411438,-19.2111674,LA26,2012-09-29,07:40:24 PM,19:40:00,Hot-Dry,2012-09-29 19:40:00,9
16.21510518,-19.21074015,LA26,2012-09-29,08:00:26 PM,20:00:00,Hot-Dry,2012-09-29 20:00:00,9
16.21557617,-19.21089478,LA26,2012-09-29,08:20:29 PM,20:20:00,Hot-Dry,2012-09-29 20:20:00,9
16.21699931,-19.21059977,LA26,2012-09-29,08:40:24 PM,20:40:00,Hot-Dry,2012-09-29 20:40:00,9
16.21786092,-19.21065267,LA26,2012-09-29,09:00:26 PM,21:00:00,Hot-Dry,2012-09-29 21:00:00,9
16.22121277,-19.21039225,LA26,2012-09-29,09:20:29 PM,21:20:00,Hot-Dry,2012-09-29 21:20:00,9
16.23094177,-19.21258341,LA26,2012-09-29,09:40:24 PM,21:40:00,Hot-Dry,2012-09-29 21:40:00,9
16.23524882,-19.21547241,LA26,2012-09-29,10:00:27 PM,22:00:00,Hot-Dry,2012-09-29 22:00:00,9
16.23528442,-19.21566162,LA26,2012-09-29,10:20:29 PM,22:20:00,Hot-Dry,2012-09-29 22:20:00,9
16.23543193,-19.21579183,LA26,2012-09-29,10:40:24 PM,22:40:00,Hot-Dry,2012-09-29 22:40:00,9
16.23529561,-19.21592,LA26,2012-09-29,11:00:27 PM,23:00:00,Hot-Dry,2012-09-29 23:00:00,9
16.23609416,-19.21385295,LA26,2012-09-29,11:20:29 PM,23:20:00,Hot-Dry,2012-09-29 23:20:00,9
16.23625997,-19.21172485,LA26,2012-09-29,11:40:24 PM,23:40:00,Hot-Dry,2012-09-29 23:40:00,9
16.23746643,-19.20663656,LA26,2012-09-30,12:00:56 AM,00:00:00,Hot-Dry,2012-09-30 00:00:00,9
16.23825887,-19.20386556,LA26,2012-09-30,12:20:24 AM,00:20:00,Hot-Dry,2012-09-30 00:20:00,9
16.23848877,-19.20184326,LA26,2012-09-30,12:40:26 AM,00:40:00,Hot-Dry,2012-09-30 00:40:00,9
16.23817037,-19.19995321,LA26,2012-09-30,01:00:28 AM,01:00:00,Hot-Dry,2012-09-30 01:00:00,9
16.23831685,-19.19933268,LA26,2012-09-30,01:20:24 AM,01:20:00,Hot-Dry,2012-09-30 01:20:00,9
16.23817444,-19.19866943,LA26,2012-09-30,01:40:27 AM,01:40:00,Hot-Dry,2012-09-30 01:40:00,9
16.23823242,-19.19863688,LA26,2012-09-30,02:00:29 AM,02:00:00,Hot-Dry,2012-09-30 02:00:00,9
16.23824565,-19.19863892,LA26,2012-09-30,02:20:24 AM,02:20:00,Hot-Dry,2012-09-30 02:20:00,9
16.23819784,-19.19866333,LA26,2012-09-30,02:40:27 AM,02:40:00,Hot-Dry,2012-09-30 02:40:00,9
16.23822937,-19.19864299,LA26,2012-09-30,03:00:29 AM,03:00:00,Hot-Dry,2012-09-30 03:00:00,9
16.2382314,-19.19863281,LA26,2012-09-30,03:20:26 AM,03:20:00,Hot-Dry,2012-09-30 03:20:00,9
16.23817444,-19.19866943,LA26,2012-09-30,03:40:33 AM,03:40:00,Hot-Dry,2012-09-30 03:40:00,9
16.2381724,-19.19866943,LA26,2012-09-30,04:00:24 AM,04:00:00,Hot-Dry,2012-09-30 04:00:00,9
16.23822021,-19.1986145,LA26,2012-09-30,04:20:27 AM,04:20:00,Hot-Dry,2012-09-30 04:20:00,9
16.23786418,-19.19789022,LA26,2012-09-30,04:40:29 AM,04:40:00,Hot-Dry,2012-09-30 04:40:00,9
16.23762919,-19.19765828,LA26,2012-09-30,05:00:24 AM,05:00:00,Hot-Dry,2012-09-30 05:00:00,9
16.23654175,-19.19678752,LA26,2012-09-30,05:20:27 AM,05:20:00,Hot-Dry,2012-09-30 05:20:00,9
16.23620504,-19.19646606,LA26,2012-09-30,05:40:29 AM,05:40:00,Hot-Dry,2012-09-30 05:40:00,9
16.2352712,-19.1957194,LA26,2012-09-30,06:00:24 AM,06:00:00,Hot-Dry,2012-09-30 06:00:00,9
16.23295898,-19.19330037,LA26,2012-09-30,06:20:27 AM,06:20:00,Hot-Dry,2012-09-30 06:20:00,9
16.23120931,-19.19020793,LA26,2012-09-30,06:40:29 AM,06:40:00,Hot-Dry,2012-09-30 06:40:00,9
16.22776998,-19.18658244,LA26,2012-09-30,07:00:24 AM,07:00:00,Hot-Dry,2012-09-30 07:00:00,9
16.22676595,-19.18633219,LA26,2012-09-30,07:20:26 AM,07:20:00,Hot-Dry,2012-09-30 07:20:00,9
16.2264211,-19.18657227,LA26,2012-09-30,07:40:29 AM,07:40:00,Hot-Dry,2012-09-30 07:40:00,9
16.22608643,-19.18696493,LA26,2012-09-30,08:00:24 AM,08:00:00,Hot-Dry,2012-09-30 08:00:00,9
16.22587585,-19.18752645,LA26,2012-09-30,08:20:26 AM,08:20:00,Hot-Dry,2012-09-30 08:20:00,9
16.22589925,-19.18785807,LA26,2012-09-30,08:40:29 AM,08:40:00,Hot-Dry,2012-09-30 08:40:00,9
16.22595927,-19.18790283,LA26,2012-09-30,09:00:24 AM,09:00:00,Hot-Dry,2012-09-30 09:00:00,9
16.22596741,-19.18793132,LA26,2012-09-30,09:20:27 AM,09:20:00,Hot-Dry,2012-09-30 09:20:00,9
16.22600606,-19.18792725,LA26,2012-09-30,09:40:29 AM,09:40:00,Hot-Dry,2012-09-30 09:40:00,9
16.22598674,-19.18790894,LA26,2012-09-30,10:00:24 AM,10:00:00,Hot-Dry,2012-09-30 10:00:00,9
16.22598267,-19.18789876,LA26,2012-09-30,10:20:27 AM,10:20:00,Hot-Dry,2012-09-30 10:20:00,9
16.22599589,-19.18787842,LA26,2012-09-30,10:40:29 AM,10:40:00,Hot-Dry,2012-09-30 10:40:00,9
16.22597453,-19.187854,LA26,2012-09-30,11:00:24 AM,11:00:00,Hot-Dry,2012-09-30 11:00:00,9
16.22601522,-19.1879008,LA26,2012-09-30,11:20:27 AM,11:20:00,Hot-Dry,2012-09-30 11:20:00,9
16.22600403,-19.18791707,LA26,2012-09-30,11:40:29 AM,11:40:00,Hot-Dry,2012-09-30 11:40:00,9
16.22601624,-19.18792521,LA26,2012-09-30,12:00:25 PM,12:00:00,Hot-Dry,2012-09-30 12:00:00,9
16.22578328,-19.18815511,LA26,2012-09-30,12:20:24 PM,12:20:00,Hot-Dry,2012-09-30 12:20:00,9
16.22561951,-19.18821615,LA26,2012-09-30,12:40:26 PM,12:40:00,Hot-Dry,2012-09-30 12:40:00,9
16.22562866,-19.18821004,LA26,2012-09-30,01:00:28 PM,13:00:00,Hot-Dry,2012-09-30 13:00:00,9
16.22564799,-19.1882019,LA26,2012-09-30,01:20:24 PM,13:20:00,Hot-Dry,2012-09-30 13:20:00,9
16.22562968,-19.1882609,LA26,2012-09-30,01:40:27 PM,13:40:00,Hot-Dry,2012-09-30 13:40:00,9
16.22530823,-19.1884196,LA26,2012-09-30,02:00:29 PM,14:00:00,Hot-Dry,2012-09-30 14:00:00,9
16.22518107,-19.18877563,LA26,2012-09-30,02:20:24 PM,14:20:00,Hot-Dry,2012-09-30 14:20:00,9
16.22516988,-19.18882039,LA26,2012-09-30,02:40:26 PM,14:40:00,Hot-Dry,2012-09-30 14:40:00,9
16.22517598,-19.1888326,LA26,2012-09-30,03:00:29 PM,15:00:00,Hot-Dry,2012-09-30 15:00:00,9
16.22424927,-19.1897522,LA26,2012-09-30,03:20:24 PM,15:20:00,Hot-Dry,2012-09-30 15:20:00,9
16.22201538,-19.19037272,LA26,2012-09-30,03:40:27 PM,15:40:00,Hot-Dry,2012-09-30 15:40:00,9
16.21666361,-19.19324341,LA26,2012-09-30,04:00:29 PM,16:00:00,Hot-Dry,2012-09-30 16:00:00,9
16.21511332,-19.19389852,LA26,2012-09-30,04:20:24 PM,16:20:00,Hot-Dry,2012-09-30 16:20:00,9
16.2114624,-19.1925944,LA26,2012-09-30,04:40:27 PM,16:40:00,Hot-Dry,2012-09-30 16:40:00,9
16.20348816,-19.19382935,LA26,2012-09-30,05:00:29 PM,17:00:00,Hot-Dry,2012-09-30 17:00:00,9
16.19843241,-19.19640706,LA26,2012-09-30,05:20:24 PM,17:20:00,Hot-Dry,2012-09-30 17:20:00,9
16.19462484,-19.20231934,LA26,2012-09-30,05:40:26 PM,17:40:00,Hot-Dry,2012-09-30 17:40:00,9
16.19345907,-19.20523478,LA26,2012-09-30,06:00:29 PM,18:00:00,Hot-Dry,2012-09-30 18:00:00,9
16.19375916,-19.20517782,LA26,2012-09-30,06:20:24 PM,18:20:00,Hot-Dry,2012-09-30 18:20:00,9
16.19572347,-19.20571493,LA26,2012-09-30,06:40:26 PM,18:40:00,Hot-Dry,2012-09-30 18:40:00,9
16.19710693,-19.20584717,LA26,2012-09-30,07:00:29 PM,19:00:00,Hot-Dry,2012-09-30 19:00:00,9
16.19943848,-19.20594076,LA26,2012-09-30,07:20:24 PM,19:20:00,Hot-Dry,2012-09-30 19:20:00,9
16.20109965,-19.20610758,LA26,2012-09-30,07:40:26 PM,19:40:00,Hot-Dry,2012-09-30 19:40:00,9
16.20282694,-19.20687256,LA26,2012-09-30,08:00:29 PM,20:00:00,Hot-Dry,2012-09-30 20:00:00,9
16.20557861,-19.20927734,LA26,2012-09-30,08:20:24 PM,20:20:00,Hot-Dry,2012-09-30 20:20:00,9
16.20716146,-19.21043498,LA26,2012-09-30,08:40:26 PM,20:40:00,Hot-Dry,2012-09-30 20:40:00,9
16.20844116,-19.21047363,LA26,2012-09-30,09:00:23 PM,21:00:00,Hot-Dry,2012-09-30 21:00:00,9
16.21269328,-19.21084188,LA26,2012-09-30,09:20:26 PM,21:20:00,Hot-Dry,2012-09-30 21:20:00,9
16.21512146,-19.21118774,LA26,2012-09-30,09:40:28 PM,21:40:00,Hot-Dry,2012-09-30 21:40:00,9
16.21581421,-19.21380615,LA26,2012-09-30,10:00:24 PM,22:00:00,Hot-Dry,2012-09-30 22:00:00,9
16.21561076,-19.21439006,LA26,2012-09-30,10:20:27 PM,22:20:00,Hot-Dry,2012-09-30 22:20:00,9
16.2164388,-19.21534424,LA26,2012-09-30,10:40:29 PM,22:40:00,Hot-Dry,2012-09-30 22:40:00,9
16.21644796,-19.21689657,LA26,2012-09-30,11:00:24 PM,23:00:00,Hot-Dry,2012-09-30 23:00:00,9
16.21665039,-19.2177063,LA26,2012-09-30,11:20:27 PM,23:20:00,Hot-Dry,2012-09-30 23:20:00,9
16.21719259,-19.21832886,LA26,2012-09-30,11:40:29 PM,23:40:00,Hot-Dry,2012-09-30 23:40:00,9
