Longitude,Latitude,individual-local-identifier,Date,timeAPM,Time,Season,DateTime,Month
16.55271505,-18.9656779,LA26,2013-05-01,12:00:00 AM,00:00:00,Cold-Dry,2013-05-01 00:00:00,5
16.55244141,-18.96644287,LA26,2013-05-01,12:20:00 AM,00:20:00,Cold-Dry,2013-05-01 00:20:00,5
16.55166728,-18.96692708,LA26,2013-05-01,12:40:00 AM,00:40:00,Cold-Dry,2013-05-01 00:40:00,5
16.5505839,-18.9668457,LA26,2013-05-01,01:00:00 AM,01:00:00,Cold-Dry,2013-05-01 01:00:00,5
16.5498881,-18.96607259,LA26,2013-05-01,01:20:00 AM,01:20:00,Cold-Dry,2013-05-01 01:20:00,5
16.5507314,-18.96578166,LA26,2013-05-01,01:40:00 AM,01:40:00,Cold-Dry,2013-05-01 01:40:00,5
16.55095113,-18.96501668,LA26,2013-05-01,02:00:00 AM,02:00:00,Cold-Dry,2013-05-01 02:00:00,5
16.55094401,-18.96501261,LA26,2013-05-01,02:20:00 AM,02:20:00,Cold-Dry,2013-05-01 02:20:00,5
16.55094604,-18.96505127,LA26,2013-05-01,02:40:00 AM,02:40:00,Cold-Dry,2013-05-01 02:40:00,5
16.54948324,-18.96446533,LA26,2013-05-01,03:00:00 AM,03:00:00,Cold-Dry,2013-05-01 03:00:00,5
16.54932556,-18.96444702,LA26,2013-05-01,03:20:00 AM,03:20:00,Cold-Dry,2013-05-01 03:20:00,5
16.55039876,-18.96393433,LA26,2013-05-01,03:40:00 AM,03:40:00,Cold-Dry,2013-05-01 03:40:00,5
16.55042013,-18.96399943,LA26,2013-05-01,04:00:00 AM,04:00:00,Cold-Dry,2013-05-01 04:00:00,5
16.55040487,-18.96398722,LA26,2013-05-01,04:20:00 AM,04:20:00,Cold-Dry,2013-05-01 04:20:00,5
16.55060933,-18.96392822,LA26,2013-05-01,04:40:00 AM,04:40:00,Cold-Dry,2013-05-01 04:40:00,5
16.55160726,-18.96366577,LA26,2013-05-01,05:00:00 AM,05:00:00,Cold-Dry,2013-05-01 05:00:00,5
16.55179647,-18.96353353,LA26,2013-05-01,05:20:00 AM,05:20:00,Cold-Dry,2013-05-01 05:20:00,5
16.55108744,-18.96327108,LA26,2013-05-01,05:40:00 AM,05:40:00,Cold-Dry,2013-05-01 05:40:00,5
16.54919027,-18.96371257,LA26,2013-05-01,06:00:00 AM,06:00:00,Cold-Dry,2013-05-01 06:00:00,5
16.54813436,-18.9635966,LA26,2013-05-01,06:20:00 AM,06:20:00,Cold-Dry,2013-05-01 06:20:00,5
16.54782206,-18.96307576,LA26,2013-05-01,06:40:00 AM,06:40:00,Cold-Dry,2013-05-01 06:40:00,5
16.54760335,-18.96265462,LA26,2013-05-01,07:00:00 AM,07:00:00,Cold-Dry,2013-05-01 07:00:00,5
16.54752502,-18.96263631,LA26,2013-05-01,07:20:00 AM,07:20:00,Cold-Dry,2013-05-01 07:20:00,5
16.54783834,-18.96272583,LA26,2013-05-01,07:40:00 AM,07:40:00,Cold-Dry,2013-05-01 07:40:00,5
16.54720052,-18.96307576,LA26,2013-05-01,08:00:00 AM,08:00:00,Cold-Dry,2013-05-01 08:00:00,5
16.54740397,-18.96396484,LA26,2013-05-01,08:20:00 AM,08:20:00,Cold-Dry,2013-05-01 08:20:00,5
16.54751689,-18.96488851,LA26,2013-05-01,08:40:00 AM,08:40:00,Cold-Dry,2013-05-01 08:40:00,5
16.54759115,-18.96524251,LA26,2013-05-01,09:00:00 AM,09:00:00,Cold-Dry,2013-05-01 09:00:00,5
16.54915059,-18.96635946,LA26,2013-05-01,09:20:00 AM,09:20:00,Cold-Dry,2013-05-01 09:20:00,5
16.5506073,-18.96711222,LA26,2013-05-01,09:40:00 AM,09:40:00,Cold-Dry,2013-05-01 09:40:00,5
16.55100606,-18.96814779,LA26,2013-05-01,10:00:00 AM,10:00:00,Cold-Dry,2013-05-01 10:00:00,5
16.55112203,-18.96772257,LA26,2013-05-01,10:20:00 AM,10:20:00,Cold-Dry,2013-05-01 10:20:00,5
16.55113525,-18.96770833,LA26,2013-05-01,10:40:00 AM,10:40:00,Cold-Dry,2013-05-01 10:40:00,5
16.55114543,-18.96771851,LA26,2013-05-01,11:00:00 AM,11:00:00,Cold-Dry,2013-05-01 11:00:00,5
16.55114644,-18.96772868,LA26,2013-05-01,11:20:00 AM,11:20:00,Cold-Dry,2013-05-01 11:20:00,5
16.55114644,-18.96771444,LA26,2013-05-01,11:40:00 AM,11:40:00,Cold-Dry,2013-05-01 11:40:00,5
16.55114441,-18.96772461,LA26,2013-05-01,12:00:00 PM,12:00:00,Cold-Dry,2013-05-01 12:00:00,5
16.55115051,-18.96772868,LA26,2013-05-01,12:20:00 PM,12:20:00,Cold-Dry,2013-05-01 12:20:00,5
16.55179647,-18.96954549,LA26,2013-05-01,12:40:00 PM,12:40:00,Cold-Dry,2013-05-01 12:40:00,5
16.55254211,-18.97081502,LA26,2013-05-01,01:00:00 PM,13:00:00,Cold-Dry,2013-05-01 13:00:00,5
16.55254008,-18.97082316,LA26,2013-05-01,01:20:00 PM,13:20:00,Cold-Dry,2013-05-01 13:20:00,5
16.55198568,-18.97225952,LA26,2013-05-01,01:40:00 PM,13:40:00,Cold-Dry,2013-05-01 13:40:00,5
16.55179545,-18.97282715,LA26,2013-05-01,02:00:00 PM,14:00:00,Cold-Dry,2013-05-01 14:00:00,5
16.55303141,-18.97629395,LA26,2013-05-01,02:20:00 PM,14:20:00,Cold-Dry,2013-05-01 14:20:00,5
16.55342102,-18.97664185,LA26,2013-05-01,02:40:00 PM,14:40:00,Cold-Dry,2013-05-01 14:40:00,5
16.55655823,-18.97988892,LA26,2013-05-01,03:00:00 PM,15:00:00,Cold-Dry,2013-05-01 15:00:00,5
16.55768229,-18.98225505,LA26,2013-05-01,03:20:00 PM,15:20:00,Cold-Dry,2013-05-01 15:20:00,5
16.55758464,-18.98831787,LA26,2013-05-01,03:40:00 PM,15:40:00,Cold-Dry,2013-05-01 15:40:00,5
16.55821838,-18.99004517,LA26,2013-05-01,04:00:00 PM,16:00:00,Cold-Dry,2013-05-01 16:00:00,5
16.55774841,-18.98960978,LA26,2013-05-01,04:20:00 PM,16:20:00,Cold-Dry,2013-05-01 16:20:00,5
16.55639038,-18.98791097,LA26,2013-05-01,04:40:00 PM,16:40:00,Cold-Dry,2013-05-01 16:40:00,5
16.55455017,-18.98649292,LA26,2013-05-01,05:00:00 PM,17:00:00,Cold-Dry,2013-05-01 17:00:00,5
16.55301514,-18.98504639,LA26,2013-05-01,05:20:00 PM,17:20:00,Cold-Dry,2013-05-01 17:20:00,5
16.55203857,-18.98201701,LA26,2013-05-01,05:40:00 PM,17:40:00,Cold-Dry,2013-05-01 17:40:00,5
16.55207825,-18.97516886,LA26,2013-05-01,06:00:00 PM,18:00:00,Cold-Dry,2013-05-01 18:00:00,5
16.55186666,-18.97239583,LA26,2013-05-01,06:20:00 PM,18:20:00,Cold-Dry,2013-05-01 18:20:00,5
16.55173747,-18.97161051,LA26,2013-05-01,06:40:00 PM,18:40:00,Cold-Dry,2013-05-01 18:40:00,5
16.55138143,-18.97107951,LA26,2013-05-01,07:00:00 PM,19:00:00,Cold-Dry,2013-05-01 19:00:00,5
16.5508077,-18.96969808,LA26,2013-05-01,07:20:00 PM,19:20:00,Cold-Dry,2013-05-01 19:20:00,5
16.55015869,-18.96880493,LA26,2013-05-01,07:40:00 PM,19:40:00,Cold-Dry,2013-05-01 19:40:00,5
16.54981893,-18.96612345,LA26,2013-05-01,08:00:00 PM,20:00:00,Cold-Dry,2013-05-01 20:00:00,5
16.5496226,-18.96472168,LA26,2013-05-01,08:20:00 PM,20:20:00,Cold-Dry,2013-05-01 20:20:00,5
16.54932963,-18.96402384,LA26,2013-05-01,08:40:00 PM,20:40:00,Cold-Dry,2013-05-01 20:40:00,5
16.54837036,-18.96309001,LA26,2013-05-01,09:00:00 PM,21:00:00,Cold-Dry,2013-05-01 21:00:00,5
16.54806824,-18.96295369,LA26,2013-05-01,09:20:00 PM,21:20:00,Cold-Dry,2013-05-01 21:20:00,5
16.54769491,-18.96229451,LA26,2013-05-01,09:40:00 PM,21:40:00,Cold-Dry,2013-05-01 21:40:00,5
16.5476827,-18.96230469,LA26,2013-05-01,10:00:00 PM,22:00:00,Cold-Dry,2013-05-01 22:00:00,5
16.54745483,-18.96188965,LA26,2013-05-01,10:20:00 PM,22:20:00,Cold-Dry,2013-05-01 22:20:00,5
16.5474294,-18.96190186,LA26,2013-05-01,10:40:00 PM,22:40:00,Cold-Dry,2013-05-01 22:40:00,5
16.546816,-18.96195475,LA26,2013-05-01,11:00:00 PM,23:00:00,Cold-Dry,2013-05-01 23:00:00,5
16.54641825,-18.96201579,LA26,2013-05-01,11:20:00 PM,23:20:00,Cold-Dry,2013-05-01 23:20:00,5
16.54618327,-18.96165365,LA26,2013-05-01,11:40:00 PM,23:40:00,Cold-Dry,2013-05-01 23:40:00,5
16.54564616,-18.96135864,LA26,2013-05-02,12:00:00 AM,00:00:00,Cold-Dry,2013-05-02 00:00:00,5
16.54521993,-18.96154175,LA26,2013-05-02,12:20:00 AM,00:20:00,Cold-Dry,2013-05-02 00:20:00,5
16.54458415,-18.96286011,LA26,2013-05-02,12:40:00 AM,00:40:00,Cold-Dry,2013-05-02 00:40:00,5
16.54469096,-18.96377767,LA26,2013-05-02,01:00:00 AM,01:00:00,Cold-Dry,2013-05-02 01:00:00,5
16.54482625,-18.96388753,LA26,2013-05-02,01:20:00 AM,01:20:00,Cold-Dry,2013-05-02 01:20:00,5
16.54603475,-18.96453044,LA26,2013-05-02,01:40:00 AM,01:40:00,Cold-Dry,2013-05-02 01:40:00,5
16.54649048,-18.96448568,LA26,2013-05-02,02:00:00 AM,02:00:00,Cold-Dry,2013-05-02 02:00:00,5
16.54651286,-18.96454061,LA26,2013-05-02,02:20:00 AM,02:20:00,Cold-Dry,2013-05-02 02:20:00,5
16.54660034,-18.96438395,LA26,2013-05-02,02:40:00 AM,02:40:00,Cold-Dry,2013-05-02 02:40:00,5
16.54669902,-18.9644043,LA26,2013-05-02,03:00:00 AM,03:00:00,Cold-Dry,2013-05-02 03:00:00,5
16.54664001,-18.96443481,LA26,2013-05-02,03:20:00 AM,03:20:00,Cold-Dry,2013-05-02 03:20:00,5
16.54663289,-18.96438395,LA26,2013-05-02,03:40:00 AM,03:40:00,Cold-Dry,2013-05-02 03:40:00,5
16.54666443,-18.96439616,LA26,2013-05-02,04:00:00 AM,04:00:00,Cold-Dry,2013-05-02 04:00:00,5
16.54666138,-18.96433512,LA26,2013-05-02,04:20:00 AM,04:20:00,Cold-Dry,2013-05-02 04:20:00,5
16.54666239,-18.9644104,LA26,2013-05-02,04:40:00 AM,04:40:00,Cold-Dry,2013-05-02 04:40:00,5
16.54673665,-18.96436768,LA26,2013-05-02,05:00:00 AM,05:00:00,Cold-Dry,2013-05-02 05:00:00,5
16.54664307,-18.96445313,LA26,2013-05-02,05:20:00 AM,05:20:00,Cold-Dry,2013-05-02 05:20:00,5
16.5475179,-18.96549072,LA26,2013-05-02,05:40:00 AM,05:40:00,Cold-Dry,2013-05-02 05:40:00,5
16.54893799,-18.96573283,LA26,2013-05-02,06:00:00 AM,06:00:00,Cold-Dry,2013-05-02 06:00:00,5
16.55080058,-18.96767578,LA26,2013-05-02,06:20:00 AM,06:20:00,Cold-Dry,2013-05-02 06:20:00,5
16.55256755,-18.96852214,LA26,2013-05-02,06:40:00 AM,06:40:00,Cold-Dry,2013-05-02 06:40:00,5
16.55406596,-18.9696757,LA26,2013-05-02,07:00:00 AM,07:00:00,Cold-Dry,2013-05-02 07:00:00,5
16.55540059,-18.96959229,LA26,2013-05-02,07:20:00 AM,07:20:00,Cold-Dry,2013-05-02 07:20:00,5
16.55552368,-18.97054443,LA26,2013-05-02,07:40:00 AM,07:40:00,Cold-Dry,2013-05-02 07:40:00,5
16.55583903,-18.9710673,LA26,2013-05-02,08:00:00 AM,08:00:00,Cold-Dry,2013-05-02 08:00:00,5
16.55579834,-18.97147013,LA26,2013-05-02,08:20:00 AM,08:20:00,Cold-Dry,2013-05-02 08:20:00,5
16.55603129,-18.97217814,LA26,2013-05-02,08:40:00 AM,08:40:00,Cold-Dry,2013-05-02 08:40:00,5
16.55605062,-18.97218018,LA26,2013-05-02,09:00:00 AM,09:00:00,Cold-Dry,2013-05-02 09:00:00,5
16.55604146,-18.97218221,LA26,2013-05-02,09:20:00 AM,09:20:00,Cold-Dry,2013-05-02 09:20:00,5
16.55603231,-18.97220866,LA26,2013-05-02,09:40:00 AM,09:40:00,Cold-Dry,2013-05-02 09:40:00,5
16.55605164,-18.97219849,LA26,2013-05-02,10:00:00 AM,10:00:00,Cold-Dry,2013-05-02 10:00:00,5
16.55656535,-18.97328491,LA26,2013-05-02,10:20:00 AM,10:20:00,Cold-Dry,2013-05-02 10:20:00,5
16.55648499,-18.97324219,LA26,2013-05-02,10:40:00 AM,10:40:00,Cold-Dry,2013-05-02 10:40:00,5
16.55648804,-18.97320964,LA26,2013-05-02,11:00:00 AM,11:00:00,Cold-Dry,2013-05-02 11:00:00,5
16.55758565,-18.97591553,LA26,2013-05-02,11:20:00 AM,11:20:00,Cold-Dry,2013-05-02 11:20:00,5
16.55777893,-18.97807821,LA26,2013-05-02,11:40:00 AM,11:40:00,Cold-Dry,2013-05-02 11:40:00,5
16.55766907,-18.9813619,LA26,2013-05-02,12:00:00 PM,12:00:00,Cold-Dry,2013-05-02 12:00:00,5
16.55765889,-18.98133748,LA26,2013-05-02,12:20:00 PM,12:20:00,Cold-Dry,2013-05-02 12:20:00,5
16.55776265,-18.98431803,LA26,2013-05-02,12:40:00 PM,12:40:00,Cold-Dry,2013-05-02 12:40:00,5
16.55900167,-18.98803304,LA26,2013-05-02,01:00:00 PM,13:00:00,Cold-Dry,2013-05-02 13:00:00,5
16.55804138,-18.99006348,LA26,2013-05-02,01:20:00 PM,13:20:00,Cold-Dry,2013-05-02 13:20:00,5
16.5541748,-18.98435262,LA26,2013-05-02,01:40:00 PM,13:40:00,Cold-Dry,2013-05-02 13:40:00,5
16.54792074,-18.98050944,LA26,2013-05-02,02:00:00 PM,14:00:00,Cold-Dry,2013-05-02 14:00:00,5
16.54598897,-18.97981364,LA26,2013-05-02,02:20:00 PM,14:20:00,Cold-Dry,2013-05-02 14:20:00,5
16.54552104,-18.97976685,LA26,2013-05-02,02:40:00 PM,14:40:00,Cold-Dry,2013-05-02 14:40:00,5
16.5443573,-18.97976481,LA26,2013-05-02,03:00:00 PM,15:00:00,Cold-Dry,2013-05-02 15:00:00,5
16.54250387,-18.97999471,LA26,2013-05-02,03:20:00 PM,15:20:00,Cold-Dry,2013-05-02 15:20:00,5
16.54047445,-18.9790568,LA26,2013-05-02,03:40:00 PM,15:40:00,Cold-Dry,2013-05-02 15:40:00,5
16.53679708,-18.97543335,LA26,2013-05-02,04:00:00 PM,16:00:00,Cold-Dry,2013-05-02 16:00:00,5
16.53549805,-18.97408447,LA26,2013-05-02,04:20:00 PM,16:20:00,Cold-Dry,2013-05-02 16:20:00,5
16.53579814,-18.97361043,LA26,2013-05-02,04:40:00 PM,16:40:00,Cold-Dry,2013-05-02 16:40:00,5
16.5358551,-18.97324422,LA26,2013-05-02,05:00:00 PM,17:00:00,Cold-Dry,2013-05-02 17:00:00,5
16.53573507,-18.97305298,LA26,2013-05-02,05:20:00 PM,17:20:00,Cold-Dry,2013-05-02 17:20:00,5
16.53457845,-18.97161865,LA26,2013-05-02,05:40:00 PM,17:40:00,Cold-Dry,2013-05-02 17:40:00,5
16.53444824,-18.97086589,LA26,2013-05-02,06:00:00 PM,18:00:00,Cold-Dry,2013-05-02 18:00:00,5
16.53505554,-18.9701416,LA26,2013-05-02,06:20:00 PM,18:20:00,Cold-Dry,2013-05-02 18:20:00,5
16.53512777,-18.97004801,LA26,2013-05-02,06:40:00 PM,18:40:00,Cold-Dry,2013-05-02 18:40:00,5
16.53539022,-18.97010905,LA26,2013-05-02,07:00:00 PM,19:00:00,Cold-Dry,2013-05-02 19:00:00,5
16.53581848,-18.97028198,LA26,2013-05-02,07:20:00 PM,19:20:00,Cold-Dry,2013-05-02 19:20:00,5
16.53572896,-18.97017008,LA26,2013-05-02,07:40:00 PM,19:40:00,Cold-Dry,2013-05-02 19:40:00,5
16.53625081,-18.9701884,LA26,2013-05-02,08:00:00 PM,20:00:00,Cold-Dry,2013-05-02 20:00:00,5
16.53653361,-18.97011719,LA26,2013-05-02,08:20:00 PM,20:20:00,Cold-Dry,2013-05-02 20:20:00,5
16.53664856,-18.97042033,LA26,2013-05-02,08:40:00 PM,20:40:00,Cold-Dry,2013-05-02 20:40:00,5
16.53690186,-18.97038981,LA26,2013-05-02,09:00:00 PM,21:00:00,Cold-Dry,2013-05-02 21:00:00,5
16.53711548,-18.96954549,LA26,2013-05-02,09:20:00 PM,21:20:00,Cold-Dry,2013-05-02 21:20:00,5
16.5369812,-18.96951701,LA26,2013-05-02,09:40:00 PM,21:40:00,Cold-Dry,2013-05-02 21:40:00,5
16.53693746,-18.96938477,LA26,2013-05-02,10:00:00 PM,22:00:00,Cold-Dry,2013-05-02 22:00:00,5
16.53682251,-18.96900228,LA26,2013-05-02,10:20:00 PM,22:20:00,Cold-Dry,2013-05-02 22:20:00,5
16.53682353,-18.96802165,LA26,2013-05-02,10:40:00 PM,22:40:00,Cold-Dry,2013-05-02 22:40:00,5
16.53725688,-18.96687826,LA26,2013-05-02,11:00:00 PM,23:00:00,Cold-Dry,2013-05-02 23:00:00,5
16.53711853,-18.96621501,LA26,2013-05-02,11:20:00 PM,23:20:00,Cold-Dry,2013-05-02 23:20:00,5
16.53491923,-18.96451416,LA26,2013-05-02,11:40:00 PM,23:40:00,Cold-Dry,2013-05-02 23:40:00,5
16.532783,-18.96185303,LA26,2013-05-03,12:00:00 AM,00:00:00,Cold-Dry,2013-05-03 00:00:00,5
16.53221944,-18.96180013,LA26,2013-05-03,12:20:00 AM,00:20:00,Cold-Dry,2013-05-03 00:20:00,5
16.53206889,-18.96160889,LA26,2013-05-03,12:40:00 AM,00:40:00,Cold-Dry,2013-05-03 00:40:00,5
16.53201294,-18.96155396,LA26,2013-05-03,01:00:00 AM,01:00:00,Cold-Dry,2013-05-03 01:00:00,5
16.53192952,-18.96139526,LA26,2013-05-03,01:20:00 AM,01:20:00,Cold-Dry,2013-05-03 01:20:00,5
16.53195292,-18.96147257,LA26,2013-05-03,01:40:00 AM,01:40:00,Cold-Dry,2013-05-03 01:40:00,5
16.53198751,-18.96138306,LA26,2013-05-03,02:00:00 AM,02:00:00,Cold-Dry,2013-05-03 02:00:00,5
16.5320109,-18.9613505,LA26,2013-05-03,02:20:00 AM,02:20:00,Cold-Dry,2013-05-03 02:20:00,5
16.53200582,-18.96138713,LA26,2013-05-03,02:40:00 AM,02:40:00,Cold-Dry,2013-05-03 02:40:00,5
16.53198853,-18.9613444,LA26,2013-05-03,03:00:00 AM,03:00:00,Cold-Dry,2013-05-03 03:00:00,5
16.53202108,-18.96135661,LA26,2013-05-03,03:20:00 AM,03:20:00,Cold-Dry,2013-05-03 03:20:00,5
16.53200989,-18.9613505,LA26,2013-05-03,03:40:00 AM,03:40:00,Cold-Dry,2013-05-03 03:40:00,5
16.53195496,-18.9613383,LA26,2013-05-03,04:00:00 AM,04:00:00,Cold-Dry,2013-05-03 04:00:00,5
16.53200989,-18.96135661,LA26,2013-05-03,04:20:00 AM,04:20:00,Cold-Dry,2013-05-03 04:20:00,5
16.53212179,-18.9616272,LA26,2013-05-03,04:40:00 AM,04:40:00,Cold-Dry,2013-05-03 04:40:00,5
16.53189189,-18.96161296,LA26,2013-05-03,05:00:00 AM,05:00:00,Cold-Dry,2013-05-03 05:00:00,5
16.53150024,-18.96122233,LA26,2013-05-03,05:20:00 AM,05:20:00,Cold-Dry,2013-05-03 05:20:00,5
16.53142497,-18.96045939,LA26,2013-05-03,05:40:00 AM,05:40:00,Cold-Dry,2013-05-03 05:40:00,5
16.53179932,-18.96004639,LA26,2013-05-03,06:00:00 AM,06:00:00,Cold-Dry,2013-05-03 06:00:00,5
16.53226929,-18.95963338,LA26,2013-05-03,06:20:00 AM,06:20:00,Cold-Dry,2013-05-03 06:20:00,5
16.53250936,-18.95959269,LA26,2013-05-03,06:40:00 AM,06:40:00,Cold-Dry,2013-05-03 06:40:00,5
16.53291321,-18.96032308,LA26,2013-05-03,07:00:00 AM,07:00:00,Cold-Dry,2013-05-03 07:00:00,5
16.53294474,-18.96166585,LA26,2013-05-03,07:20:00 AM,07:20:00,Cold-Dry,2013-05-03 07:20:00,5
16.53285319,-18.96148478,LA26,2013-05-03,07:40:00 AM,07:40:00,Cold-Dry,2013-05-03 07:40:00,5
16.53344727,-18.96118164,LA26,2013-05-03,08:00:00 AM,08:00:00,Cold-Dry,2013-05-03 08:00:00,5
16.5339325,-18.96186117,LA26,2013-05-03,08:20:00 AM,08:20:00,Cold-Dry,2013-05-03 08:20:00,5
16.53440755,-18.96191406,LA26,2013-05-03,08:40:00 AM,08:40:00,Cold-Dry,2013-05-03 08:40:00,5
16.5349884,-18.96171468,LA26,2013-05-03,09:00:00 AM,09:00:00,Cold-Dry,2013-05-03 09:00:00,5
16.53587952,-18.96271769,LA26,2013-05-03,09:20:00 AM,09:20:00,Cold-Dry,2013-05-03 09:20:00,5
16.53727824,-18.9672465,LA26,2013-05-03,09:40:00 AM,09:40:00,Cold-Dry,2013-05-03 09:40:00,5
16.53896383,-18.96919963,LA26,2013-05-03,10:00:00 AM,10:00:00,Cold-Dry,2013-05-03 10:00:00,5
16.5391449,-18.97116292,LA26,2013-05-03,10:20:00 AM,10:20:00,Cold-Dry,2013-05-03 10:20:00,5
16.5422231,-18.97502645,LA26,2013-05-03,10:40:00 AM,10:40:00,Cold-Dry,2013-05-03 10:40:00,5
16.54772949,-18.98035278,LA26,2013-05-03,11:00:00 AM,11:00:00,Cold-Dry,2013-05-03 11:00:00,5
16.54789937,-18.98049723,LA26,2013-05-03,11:20:00 AM,11:20:00,Cold-Dry,2013-05-03 11:20:00,5
16.54790446,-18.98046875,LA26,2013-05-03,11:40:00 AM,11:40:00,Cold-Dry,2013-05-03 11:40:00,5
16.54789327,-18.98046875,LA26,2013-05-03,12:00:00 PM,12:00:00,Cold-Dry,2013-05-03 12:00:00,5
16.54854838,-18.98098348,LA26,2013-05-03,12:20:00 PM,12:20:00,Cold-Dry,2013-05-03 12:20:00,5
16.55308634,-18.98555298,LA26,2013-05-03,12:40:00 PM,12:40:00,Cold-Dry,2013-05-03 12:40:00,5
16.55811259,-18.98973389,LA26,2013-05-03,01:00:00 PM,13:00:00,Cold-Dry,2013-05-03 13:00:00,5
16.55514933,-18.98554281,LA26,2013-05-03,01:20:00 PM,13:20:00,Cold-Dry,2013-05-03 13:20:00,5
16.55411072,-18.98255819,LA26,2013-05-03,01:40:00 PM,13:40:00,Cold-Dry,2013-05-03 13:40:00,5
16.55427856,-18.98123983,LA26,2013-05-03,02:00:00 PM,14:00:00,Cold-Dry,2013-05-03 14:00:00,5
16.55548808,-18.97972412,LA26,2013-05-03,02:20:00 PM,14:20:00,Cold-Dry,2013-05-03 14:20:00,5
16.55708516,-18.97888387,LA26,2013-05-03,02:40:00 PM,14:40:00,Cold-Dry,2013-05-03 14:40:00,5
16.55763652,-18.97362264,LA26,2013-05-03,03:00:00 PM,15:00:00,Cold-Dry,2013-05-03 15:00:00,5
16.55804749,-18.96771037,LA26,2013-05-03,03:20:00 PM,15:20:00,Cold-Dry,2013-05-03 15:20:00,5
16.5570577,-18.96253662,LA26,2013-05-03,03:40:00 PM,15:40:00,Cold-Dry,2013-05-03 15:40:00,5
16.55654704,-18.95971883,LA26,2013-05-03,04:00:00 PM,16:00:00,Cold-Dry,2013-05-03 16:00:00,5
16.5568339,-18.95902913,LA26,2013-05-03,04:20:00 PM,16:20:00,Cold-Dry,2013-05-03 16:20:00,5
16.55720113,-18.95792033,LA26,2013-05-03,04:40:00 PM,16:40:00,Cold-Dry,2013-05-03 16:40:00,5
16.55682678,-18.95671794,LA26,2013-05-03,05:00:00 PM,17:00:00,Cold-Dry,2013-05-03 17:00:00,5
16.5561849,-18.95638631,LA26,2013-05-03,05:20:00 PM,17:20:00,Cold-Dry,2013-05-03 17:20:00,5
16.55758769,-18.95528971,LA26,2013-05-03,05:40:00 PM,17:40:00,Cold-Dry,2013-05-03 17:40:00,5
16.55774129,-18.95483398,LA26,2013-05-03,06:00:00 PM,18:00:00,Cold-Dry,2013-05-03 18:00:00,5
16.55802307,-18.95409342,LA26,2013-05-03,06:20:00 PM,18:20:00,Cold-Dry,2013-05-03 18:20:00,5
16.55734049,-18.9542867,LA26,2013-05-03,06:40:00 PM,18:40:00,Cold-Dry,2013-05-03 18:40:00,5
16.55726115,-18.95435384,LA26,2013-05-03,07:00:00 PM,19:00:00,Cold-Dry,2013-05-03 19:00:00,5
16.5568044,-18.9551005,LA26,2013-05-03,07:20:00 PM,19:20:00,Cold-Dry,2013-05-03 19:20:00,5
16.55719808,-18.95512695,LA26,2013-05-03,07:40:00 PM,19:40:00,Cold-Dry,2013-05-03 19:40:00,5
16.5574056,-18.95684001,LA26,2013-05-03,08:00:00 PM,20:00:00,Cold-Dry,2013-05-03 20:00:00,5
16.55742493,-18.95772705,LA26,2013-05-03,08:20:00 PM,20:20:00,Cold-Dry,2013-05-03 20:20:00,5
16.55750936,-18.95820313,LA26,2013-05-03,08:40:00 PM,20:40:00,Cold-Dry,2013-05-03 20:40:00,5
16.55735372,-18.95864258,LA26,2013-05-03,09:00:00 PM,21:00:00,Cold-Dry,2013-05-03 21:00:00,5
16.55835063,-18.9590271,LA26,2013-05-03,09:20:00 PM,21:20:00,Cold-Dry,2013-05-03 21:20:00,5
16.5586792,-18.95918579,LA26,2013-05-03,09:40:00 PM,21:40:00,Cold-Dry,2013-05-03 21:40:00,5
16.55896403,-18.95921224,LA26,2013-05-03,10:00:00 PM,22:00:00,Cold-Dry,2013-05-03 22:00:00,5
16.55940145,-18.95926717,LA26,2013-05-03,10:20:00 PM,22:20:00,Cold-Dry,2013-05-03 22:20:00,5
16.55982157,-18.95880534,LA26,2013-05-03,10:40:00 PM,22:40:00,Cold-Dry,2013-05-03 22:40:00,5
16.56000163,-18.95936076,LA26,2013-05-03,11:00:00 PM,23:00:00,Cold-Dry,2013-05-03 23:00:00,5
16.55973511,-18.95962524,LA26,2013-05-03,11:20:00 PM,23:20:00,Cold-Dry,2013-05-03 23:20:00,5
16.55966187,-18.9597758,LA26,2013-05-03,11:40:00 PM,23:40:00,Cold-Dry,2013-05-03 23:40:00,5
16.55967204,-18.96007284,LA26,2013-05-04,12:00:00 AM,00:00:00,Cold-Dry,2013-05-04 00:00:00,5
16.55939128,-18.96031291,LA26,2013-05-04,12:20:00 AM,00:20:00,Cold-Dry,2013-05-04 00:20:00,5
16.55944824,-18.96027832,LA26,2013-05-04,12:40:00 AM,00:40:00,Cold-Dry,2013-05-04 00:40:00,5
16.5594401,-18.96031698,LA26,2013-05-04,01:00:00 AM,01:00:00,Cold-Dry,2013-05-04 01:00:00,5
16.55945333,-18.96030477,LA26,2013-05-04,01:20:00 AM,01:20:00,Cold-Dry,2013-05-04 01:20:00,5
16.55944621,-18.96028239,LA26,2013-05-04,01:40:00 AM,01:40:00,Cold-Dry,2013-05-04 01:40:00,5
16.55940552,-18.96027222,LA26,2013-05-04,02:00:00 AM,02:00:00,Cold-Dry,2013-05-04 02:00:00,5
16.55931702,-18.96033122,LA26,2013-05-04,02:20:00 AM,02:20:00,Cold-Dry,2013-05-04 02:20:00,5
16.55942179,-18.96029663,LA26,2013-05-04,02:40:00 AM,02:40:00,Cold-Dry,2013-05-04 02:40:00,5
16.55941264,-18.96034749,LA26,2013-05-04,03:00:00 AM,03:00:00,Cold-Dry,2013-05-04 03:00:00,5
16.55963643,-18.96048787,LA26,2013-05-04,03:20:00 AM,03:20:00,Cold-Dry,2013-05-04 03:20:00,5
16.55963643,-18.96052246,LA26,2013-05-04,03:40:00 AM,03:40:00,Cold-Dry,2013-05-04 03:40:00,5
16.55967204,-18.9607137,LA26,2013-05-04,04:00:00 AM,04:00:00,Cold-Dry,2013-05-04 04:00:00,5
16.55991923,-18.9616923,LA26,2013-05-04,04:20:00 AM,04:20:00,Cold-Dry,2013-05-04 04:20:00,5
16.55985311,-18.9621582,LA26,2013-05-04,04:40:00 AM,04:40:00,Cold-Dry,2013-05-04 04:40:00,5
16.55992839,-18.96234741,LA26,2013-05-04,05:00:00 AM,05:00:00,Cold-Dry,2013-05-04 05:00:00,5
16.55987244,-18.96255697,LA26,2013-05-04,05:20:00 AM,05:20:00,Cold-Dry,2013-05-04 05:20:00,5
16.56000773,-18.96286621,LA26,2013-05-04,05:40:00 AM,05:40:00,Cold-Dry,2013-05-04 05:40:00,5
16.55965983,-18.96401571,LA26,2013-05-04,06:00:00 AM,06:00:00,Cold-Dry,2013-05-04 06:00:00,5
16.55953878,-18.9651652,LA26,2013-05-04,06:20:00 AM,06:20:00,Cold-Dry,2013-05-04 06:20:00,5
16.5593099,-18.96644084,LA26,2013-05-04,06:40:00 AM,06:40:00,Cold-Dry,2013-05-04 06:40:00,5
16.5579895,-18.96876017,LA26,2013-05-04,07:00:00 AM,07:00:00,Cold-Dry,2013-05-04 07:00:00,5
16.55750732,-18.96906738,LA26,2013-05-04,07:20:00 AM,07:20:00,Cold-Dry,2013-05-04 07:20:00,5
16.55720723,-18.96973877,LA26,2013-05-04,07:40:00 AM,07:40:00,Cold-Dry,2013-05-04 07:40:00,5
16.55777486,-18.97056274,LA26,2013-05-04,08:00:00 AM,08:00:00,Cold-Dry,2013-05-04 08:00:00,5
16.55791626,-18.97061361,LA26,2013-05-04,08:20:00 AM,08:20:00,Cold-Dry,2013-05-04 08:20:00,5
16.55792542,-18.97058512,LA26,2013-05-04,08:40:00 AM,08:40:00,Cold-Dry,2013-05-04 08:40:00,5
16.55800578,-18.9713562,LA26,2013-05-04,09:00:00 AM,09:00:00,Cold-Dry,2013-05-04 09:00:00,5
16.55864054,-18.97363485,LA26,2013-05-04,09:20:00 AM,09:20:00,Cold-Dry,2013-05-04 09:20:00,5
16.55954895,-18.97568359,LA26,2013-05-04,09:40:00 AM,09:40:00,Cold-Dry,2013-05-04 09:40:00,5
16.55956523,-18.97601115,LA26,2013-05-04,10:00:00 AM,10:00:00,Cold-Dry,2013-05-04 10:00:00,5
16.5595754,-18.97598877,LA26,2013-05-04,10:20:00 AM,10:20:00,Cold-Dry,2013-05-04 10:20:00,5
16.55981242,-18.97672933,LA26,2013-05-04,10:40:00 AM,10:40:00,Cold-Dry,2013-05-04 10:40:00,5
16.56026917,-18.9769165,LA26,2013-05-04,11:00:00 AM,11:00:00,Cold-Dry,2013-05-04 11:00:00,5
16.5602183,-18.97824504,LA26,2013-05-04,11:20:00 AM,11:20:00,Cold-Dry,2013-05-04 11:20:00,5
16.55978292,-18.98120524,LA26,2013-05-04,11:40:00 AM,11:40:00,Cold-Dry,2013-05-04 11:40:00,5
16.55979309,-18.98123576,LA26,2013-05-04,12:00:00 PM,12:00:00,Cold-Dry,2013-05-04 12:00:00,5
16.55979411,-18.98121948,LA26,2013-05-04,12:20:00 PM,12:20:00,Cold-Dry,2013-05-04 12:20:00,5
16.55993144,-18.98244019,LA26,2013-05-04,12:40:00 PM,12:40:00,Cold-Dry,2013-05-04 12:40:00,5
16.55918477,-18.98567505,LA26,2013-05-04,01:00:00 PM,13:00:00,Cold-Dry,2013-05-04 13:00:00,5
16.55809428,-18.9899882,LA26,2013-05-04,01:20:00 PM,13:20:00,Cold-Dry,2013-05-04 13:20:00,5
16.55676066,-18.98793335,LA26,2013-05-04,01:40:00 PM,13:40:00,Cold-Dry,2013-05-04 13:40:00,5
16.55278117,-18.98191935,LA26,2013-05-04,02:00:00 PM,14:00:00,Cold-Dry,2013-05-04 14:00:00,5
16.55327352,-18.97672729,LA26,2013-05-04,02:20:00 PM,14:20:00,Cold-Dry,2013-05-04 14:20:00,5
16.55265503,-18.97456665,LA26,2013-05-04,02:40:00 PM,14:40:00,Cold-Dry,2013-05-04 14:40:00,5
16.55232951,-18.97421468,LA26,2013-05-04,03:00:00 PM,15:00:00,Cold-Dry,2013-05-04 15:00:00,5
16.55135905,-18.97268473,LA26,2013-05-04,03:20:00 PM,15:20:00,Cold-Dry,2013-05-04 15:20:00,5
16.55203654,-18.97184041,LA26,2013-05-04,03:40:00 PM,15:40:00,Cold-Dry,2013-05-04 15:40:00,5
16.55153402,-18.97068888,LA26,2013-05-04,04:00:00 PM,16:00:00,Cold-Dry,2013-05-04 16:00:00,5
16.5510203,-18.96971436,LA26,2013-05-04,04:20:00 PM,16:20:00,Cold-Dry,2013-05-04 16:20:00,5
16.55009359,-18.96831462,LA26,2013-05-04,04:40:00 PM,16:40:00,Cold-Dry,2013-05-04 16:40:00,5
16.54903564,-18.96512655,LA26,2013-05-04,05:00:00 PM,17:00:00,Cold-Dry,2013-05-04 17:00:00,5
16.5493988,-18.96285807,LA26,2013-05-04,05:20:00 PM,17:20:00,Cold-Dry,2013-05-04 17:20:00,5
16.54957174,-18.96129964,LA26,2013-05-04,05:40:00 PM,17:40:00,Cold-Dry,2013-05-04 17:40:00,5
16.55067342,-18.95884806,LA26,2013-05-04,06:00:00 PM,18:00:00,Cold-Dry,2013-05-04 18:00:00,5
16.55123494,-18.95742594,LA26,2013-05-04,06:20:00 PM,18:20:00,Cold-Dry,2013-05-04 18:20:00,5
16.55273844,-18.95685832,LA26,2013-05-04,06:40:00 PM,18:40:00,Cold-Dry,2013-05-04 18:40:00,5
16.5544342,-18.95466919,LA26,2013-05-04,07:00:00 PM,19:00:00,Cold-Dry,2013-05-04 19:00:00,5
16.55547078,-18.95426432,LA26,2013-05-04,07:20:00 PM,19:20:00,Cold-Dry,2013-05-04 19:20:00,5
16.55567627,-18.95473429,LA26,2013-05-04,07:40:00 PM,19:40:00,Cold-Dry,2013-05-04 19:40:00,5
16.5559082,-18.95518595,LA26,2013-05-04,08:00:00 PM,20:00:00,Cold-Dry,2013-05-04 20:00:00,5
16.55748901,-18.95526123,LA26,2013-05-04,08:20:00 PM,20:20:00,Cold-Dry,2013-05-04 20:20:00,5
16.55767619,-18.95573934,LA26,2013-05-04,08:40:00 PM,20:40:00,Cold-Dry,2013-05-04 20:40:00,5
16.55749512,-18.9561381,LA26,2013-05-04,09:00:00 PM,21:00:00,Cold-Dry,2013-05-04 21:00:00,5
16.55768331,-18.95625,LA26,2013-05-04,09:20:00 PM,21:20:00,Cold-Dry,2013-05-04 21:20:00,5
16.55805461,-18.95682983,LA26,2013-05-04,09:40:00 PM,21:40:00,Cold-Dry,2013-05-04 21:40:00,5
16.55799052,-18.95749715,LA26,2013-05-04,10:00:00 PM,22:00:00,Cold-Dry,2013-05-04 22:00:00,5
16.55734355,-18.95823771,LA26,2013-05-04,10:20:00 PM,22:20:00,Cold-Dry,2013-05-04 22:20:00,5
16.55736186,-18.95895996,LA26,2013-05-04,10:40:00 PM,22:40:00,Cold-Dry,2013-05-04 22:40:00,5
16.55735575,-18.95918986,LA26,2013-05-04,11:00:00 PM,23:00:00,Cold-Dry,2013-05-04 23:00:00,5
16.5572998,-18.95959473,LA26,2013-05-04,11:21:00 PM,23:21:00,Cold-Dry,2013-05-04 23:21:00,5
16.55713908,-18.95996094,LA26,2013-05-04,11:40:00 PM,23:40:00,Cold-Dry,2013-05-04 23:40:00,5
16.55713806,-18.96033936,LA26,2013-05-05,12:00:00 AM,00:00:00,Cold-Dry,2013-05-05 00:00:00,5
16.55671183,-18.96109212,LA26,2013-05-05,12:20:00 AM,00:20:00,Cold-Dry,2013-05-05 00:20:00,5
16.55667216,-18.96116536,LA26,2013-05-05,12:40:00 AM,00:40:00,Cold-Dry,2013-05-05 00:40:00,5
16.55680135,-18.96135457,LA26,2013-05-05,01:00:00 AM,01:00:00,Cold-Dry,2013-05-05 01:00:00,5
16.5567454,-18.96133219,LA26,2013-05-05,01:20:00 AM,01:20:00,Cold-Dry,2013-05-05 01:20:00,5
16.55675761,-18.96134847,LA26,2013-05-05,01:40:00 AM,01:40:00,Cold-Dry,2013-05-05 01:40:00,5
16.5567922,-18.96202799,LA26,2013-05-05,02:00:00 AM,02:00:00,Cold-Dry,2013-05-05 02:00:00,5
16.55670166,-18.96221313,LA26,2013-05-05,02:20:00 AM,02:20:00,Cold-Dry,2013-05-05 02:20:00,5
16.55667725,-18.96222534,LA26,2013-05-05,02:40:00 AM,02:40:00,Cold-Dry,2013-05-05 02:40:00,5
16.55681152,-18.96224162,LA26,2013-05-05,03:00:00 AM,03:00:00,Cold-Dry,2013-05-05 03:00:00,5
16.55697632,-18.96320394,LA26,2013-05-05,03:20:00 AM,03:20:00,Cold-Dry,2013-05-05 03:20:00,5
16.556545,-18.96439616,LA26,2013-05-05,03:40:00 AM,03:40:00,Cold-Dry,2013-05-05 03:40:00,5
16.55624186,-18.96474813,LA26,2013-05-05,04:00:00 AM,04:00:00,Cold-Dry,2013-05-05 04:00:00,5
16.55576172,-18.96527913,LA26,2013-05-05,04:20:00 AM,04:20:00,Cold-Dry,2013-05-05 04:20:00,5
16.55519409,-18.96596273,LA26,2013-05-05,04:40:00 AM,04:40:00,Cold-Dry,2013-05-05 04:40:00,5
16.55525309,-18.96591797,LA26,2013-05-05,05:00:00 AM,05:00:00,Cold-Dry,2013-05-05 05:00:00,5
16.55531921,-18.96590169,LA26,2013-05-05,05:20:00 AM,05:20:00,Cold-Dry,2013-05-05 05:20:00,5
16.55526632,-18.96590983,LA26,2013-05-05,05:40:00 AM,05:40:00,Cold-Dry,2013-05-05 05:40:00,5
16.55522156,-18.96595052,LA26,2013-05-05,06:00:00 AM,06:00:00,Cold-Dry,2013-05-05 06:00:00,5
16.55493774,-18.96656698,LA26,2013-05-05,06:20:00 AM,06:20:00,Cold-Dry,2013-05-05 06:20:00,5
16.55494995,-18.9671224,LA26,2013-05-05,06:40:00 AM,06:40:00,Cold-Dry,2013-05-05 06:40:00,5
16.55510661,-18.96779582,LA26,2013-05-05,07:00:00 AM,07:00:00,Cold-Dry,2013-05-05 07:00:00,5
16.55508423,-18.96816813,LA26,2013-05-05,07:20:00 AM,07:20:00,Cold-Dry,2013-05-05 07:20:00,5
16.55545756,-18.96869507,LA26,2013-05-05,07:40:00 AM,07:40:00,Cold-Dry,2013-05-05 07:40:00,5
16.55512492,-18.96981608,LA26,2013-05-05,08:00:00 AM,08:00:00,Cold-Dry,2013-05-05 08:00:00,5
16.55521952,-18.97068075,LA26,2013-05-05,08:20:00 AM,08:20:00,Cold-Dry,2013-05-05 08:20:00,5
16.55553182,-18.97193604,LA26,2013-05-05,08:40:00 AM,08:40:00,Cold-Dry,2013-05-05 08:40:00,5
16.55530396,-18.97198283,LA26,2013-05-05,09:00:00 AM,09:00:00,Cold-Dry,2013-05-05 09:00:00,5
16.55528971,-18.97199097,LA26,2013-05-05,09:20:00 AM,09:20:00,Cold-Dry,2013-05-05 09:20:00,5
16.55528768,-18.97198486,LA26,2013-05-05,09:40:00 AM,09:40:00,Cold-Dry,2013-05-05 09:40:00,5
16.55529683,-18.97197469,LA26,2013-05-05,10:00:00 AM,10:00:00,Cold-Dry,2013-05-05 10:00:00,5
16.55537008,-18.97197876,LA26,2013-05-05,10:20:00 AM,10:20:00,Cold-Dry,2013-05-05 10:20:00,5
16.55588684,-18.97275798,LA26,2013-05-05,10:40:00 AM,10:40:00,Cold-Dry,2013-05-05 10:40:00,5
16.55633748,-18.97320964,LA26,2013-05-05,11:00:00 AM,11:00:00,Cold-Dry,2013-05-05 11:00:00,5
16.55633748,-18.97321777,LA26,2013-05-05,11:20:00 AM,11:20:00,Cold-Dry,2013-05-05 11:20:00,5
16.55766602,-18.97395223,LA26,2013-05-05,11:40:00 AM,11:40:00,Cold-Dry,2013-05-05 11:40:00,5
16.55908,-18.97540894,LA26,2013-05-05,12:00:00 PM,12:00:00,Cold-Dry,2013-05-05 12:00:00,5
16.55952861,-18.97640177,LA26,2013-05-05,12:20:00 PM,12:20:00,Cold-Dry,2013-05-05 12:20:00,5
16.56011149,-18.97754313,LA26,2013-05-05,12:40:00 PM,12:40:00,Cold-Dry,2013-05-05 12:40:00,5
16.55995585,-18.97825724,LA26,2013-05-05,01:00:00 PM,13:00:00,Cold-Dry,2013-05-05 13:00:00,5
16.56054382,-18.97940267,LA26,2013-05-05,01:20:00 PM,13:20:00,Cold-Dry,2013-05-05 13:20:00,5
16.56069438,-18.97956543,LA26,2013-05-05,01:40:00 PM,13:40:00,Cold-Dry,2013-05-05 13:40:00,5
16.56088155,-18.9804423,LA26,2013-05-05,02:00:00 PM,14:00:00,Cold-Dry,2013-05-05 14:00:00,5
16.56049296,-18.98252157,LA26,2013-05-05,02:20:00 PM,14:20:00,Cold-Dry,2013-05-05 14:20:00,5
16.55920512,-18.98636068,LA26,2013-05-05,02:40:00 PM,14:40:00,Cold-Dry,2013-05-05 14:40:00,5
16.55810038,-18.98995565,LA26,2013-05-05,03:00:00 PM,15:00:00,Cold-Dry,2013-05-05 15:00:00,5
16.55750936,-18.98976237,LA26,2013-05-05,03:20:00 PM,15:20:00,Cold-Dry,2013-05-05 15:20:00,5
16.55486552,-18.98514404,LA26,2013-05-05,03:40:00 PM,15:40:00,Cold-Dry,2013-05-05 15:40:00,5
16.55213623,-18.98097941,LA26,2013-05-05,04:00:00 PM,16:00:00,Cold-Dry,2013-05-05 16:00:00,5
16.55025228,-18.9774882,LA26,2013-05-05,04:20:00 PM,16:20:00,Cold-Dry,2013-05-05 16:20:00,5
16.55081787,-18.97611694,LA26,2013-05-05,04:40:00 PM,16:40:00,Cold-Dry,2013-05-05 16:40:00,5
16.55041707,-18.97448934,LA26,2013-05-05,05:00:00 PM,17:00:00,Cold-Dry,2013-05-05 17:00:00,5
16.55028687,-18.97367147,LA26,2013-05-05,05:20:00 PM,17:20:00,Cold-Dry,2013-05-05 17:20:00,5
16.5500295,-18.97177734,LA26,2013-05-05,05:40:00 PM,17:40:00,Cold-Dry,2013-05-05 17:40:00,5
16.55049845,-18.97138062,LA26,2013-05-05,06:00:00 PM,18:00:00,Cold-Dry,2013-05-05 18:00:00,5
16.55030721,-18.97113851,LA26,2013-05-05,06:20:00 PM,18:20:00,Cold-Dry,2013-05-05 18:20:00,5
16.55093994,-18.97106934,LA26,2013-05-05,06:40:00 PM,18:40:00,Cold-Dry,2013-05-05 18:40:00,5
16.55169474,-18.9704366,LA26,2013-05-05,07:00:00 PM,19:00:00,Cold-Dry,2013-05-05 19:00:00,5
16.55195414,-18.97008057,LA26,2013-05-05,07:20:00 PM,19:20:00,Cold-Dry,2013-05-05 19:20:00,5
16.55283407,-18.96968791,LA26,2013-05-05,07:40:00 PM,19:40:00,Cold-Dry,2013-05-05 19:40:00,5
16.55329793,-18.9679423,LA26,2013-05-05,08:00:00 PM,20:00:00,Cold-Dry,2013-05-05 20:00:00,5
16.55352376,-18.96719971,LA26,2013-05-05,08:20:00 PM,20:20:00,Cold-Dry,2013-05-05 20:20:00,5
16.55425008,-18.96632894,LA26,2013-05-05,08:40:00 PM,20:40:00,Cold-Dry,2013-05-05 20:40:00,5
16.55444641,-18.96630249,LA26,2013-05-05,09:00:00 PM,21:00:00,Cold-Dry,2013-05-05 21:00:00,5
16.5552297,-18.96504924,LA26,2013-05-05,09:21:00 PM,21:21:00,Cold-Dry,2013-05-05 21:21:00,5
16.55568644,-18.96410116,LA26,2013-05-05,09:40:00 PM,21:40:00,Cold-Dry,2013-05-05 21:40:00,5
16.55573324,-18.96405436,LA26,2013-05-05,10:00:00 PM,22:00:00,Cold-Dry,2013-05-05 22:00:00,5
16.55635681,-18.96334839,LA26,2013-05-05,10:20:00 PM,22:20:00,Cold-Dry,2013-05-05 22:20:00,5
16.55715841,-18.96182861,LA26,2013-05-05,10:40:00 PM,22:40:00,Cold-Dry,2013-05-05 22:40:00,5
16.55713806,-18.96181641,LA26,2013-05-05,11:00:00 PM,23:00:00,Cold-Dry,2013-05-05 23:00:00,5
16.55713399,-18.96180623,LA26,2013-05-05,11:20:00 PM,23:20:00,Cold-Dry,2013-05-05 23:20:00,5
16.5572581,-18.96175537,LA26,2013-05-05,11:40:00 PM,23:40:00,Cold-Dry,2013-05-05 23:40:00,5
16.55709025,-18.96142782,LA26,2013-05-06,12:00:00 AM,00:00:00,Cold-Dry,2013-05-06 00:00:00,5
16.55704854,-18.96147868,LA26,2013-05-06,12:20:00 AM,00:20:00,Cold-Dry,2013-05-06 00:20:00,5
16.55704041,-18.96146647,LA26,2013-05-06,12:40:00 AM,00:40:00,Cold-Dry,2013-05-06 00:40:00,5
16.55697123,-18.96144409,LA26,2013-05-06,01:00:00 AM,01:00:00,Cold-Dry,2013-05-06 01:00:00,5
16.55701904,-18.96138509,LA26,2013-05-06,01:20:00 AM,01:20:00,Cold-Dry,2013-05-06 01:20:00,5
16.55693665,-18.96134847,LA26,2013-05-06,01:40:00 AM,01:40:00,Cold-Dry,2013-05-06 01:40:00,5
16.55695903,-18.96133219,LA26,2013-05-06,02:00:00 AM,02:00:00,Cold-Dry,2013-05-06 02:00:00,5
16.55690918,-18.9613444,LA26,2013-05-06,02:20:00 AM,02:20:00,Cold-Dry,2013-05-06 02:20:00,5
16.55697225,-18.96130981,LA26,2013-05-06,02:40:00 AM,02:40:00,Cold-Dry,2013-05-06 02:40:00,5
16.55696208,-18.96134237,LA26,2013-05-06,03:00:00 AM,03:00:00,Cold-Dry,2013-05-06 03:00:00,5
16.5569519,-18.96138102,LA26,2013-05-06,03:20:00 AM,03:20:00,Cold-Dry,2013-05-06 03:20:00,5
16.55696106,-18.96134033,LA26,2013-05-06,03:40:00 AM,03:40:00,Cold-Dry,2013-05-06 03:40:00,5
16.55699361,-18.96129761,LA26,2013-05-06,04:00:00 AM,04:00:00,Cold-Dry,2013-05-06 04:00:00,5
16.55693665,-18.96136068,LA26,2013-05-06,04:20:00 AM,04:20:00,Cold-Dry,2013-05-06 04:20:00,5
16.55695394,-18.96136475,LA26,2013-05-06,04:40:00 AM,04:40:00,Cold-Dry,2013-05-06 04:40:00,5
16.55687968,-18.96138102,LA26,2013-05-06,05:00:00 AM,05:00:00,Cold-Dry,2013-05-06 05:00:00,5
16.55673218,-18.96137899,LA26,2013-05-06,05:20:00 AM,05:20:00,Cold-Dry,2013-05-06 05:20:00,5
16.55564779,-18.96159465,LA26,2013-05-06,05:40:00 AM,05:40:00,Cold-Dry,2013-05-06 05:40:00,5
16.55443014,-18.96259359,LA26,2013-05-06,06:00:00 AM,06:00:00,Cold-Dry,2013-05-06 06:00:00,5
16.55403748,-18.96199137,LA26,2013-05-06,06:20:00 AM,06:20:00,Cold-Dry,2013-05-06 06:20:00,5
16.55384013,-18.96259562,LA26,2013-05-06,06:40:00 AM,06:40:00,Cold-Dry,2013-05-06 06:40:00,5
16.55303955,-18.96344401,LA26,2013-05-06,07:00:00 AM,07:00:00,Cold-Dry,2013-05-06 07:00:00,5
16.5524821,-18.96348877,LA26,2013-05-06,07:20:00 AM,07:20:00,Cold-Dry,2013-05-06 07:20:00,5
16.55236206,-18.9630717,LA26,2013-05-06,07:40:00 AM,07:40:00,Cold-Dry,2013-05-06 07:40:00,5
16.55197652,-18.96296387,LA26,2013-05-06,08:00:00 AM,08:00:00,Cold-Dry,2013-05-06 08:00:00,5
16.55231628,-18.96226603,LA26,2013-05-06,08:20:00 AM,08:20:00,Cold-Dry,2013-05-06 08:20:00,5
16.55196025,-18.96166382,LA26,2013-05-06,08:40:00 AM,08:40:00,Cold-Dry,2013-05-06 08:40:00,5
16.55205994,-18.96061198,LA26,2013-05-06,09:00:00 AM,09:00:00,Cold-Dry,2013-05-06 09:00:00,5
16.55109151,-18.96020711,LA26,2013-05-06,09:20:00 AM,09:20:00,Cold-Dry,2013-05-06 09:20:00,5
16.55109049,-18.96003621,LA26,2013-05-06,09:40:00 AM,09:40:00,Cold-Dry,2013-05-06 09:40:00,5
16.55195109,-18.95966797,LA26,2013-05-06,10:00:00 AM,10:00:00,Cold-Dry,2013-05-06 10:00:00,5
16.5521169,-18.95946248,LA26,2013-05-06,10:20:00 AM,10:20:00,Cold-Dry,2013-05-06 10:20:00,5
16.55215352,-18.95945028,LA26,2013-05-06,10:40:00 AM,10:40:00,Cold-Dry,2013-05-06 10:40:00,5
16.55213114,-18.95945638,LA26,2013-05-06,11:00:00 AM,11:00:00,Cold-Dry,2013-05-06 11:00:00,5
16.55211182,-18.95946859,LA26,2013-05-06,11:20:00 AM,11:20:00,Cold-Dry,2013-05-06 11:20:00,5
16.55253906,-18.95976359,LA26,2013-05-06,11:40:00 AM,11:40:00,Cold-Dry,2013-05-06 11:40:00,5
16.5533488,-18.96036784,LA26,2013-05-06,12:00:00 PM,12:00:00,Cold-Dry,2013-05-06 12:00:00,5
16.55343323,-18.96140951,LA26,2013-05-06,12:20:00 PM,12:20:00,Cold-Dry,2013-05-06 12:20:00,5
16.55344747,-18.96141561,LA26,2013-05-06,12:40:00 PM,12:40:00,Cold-Dry,2013-05-06 12:40:00,5
16.55341797,-18.9614034,LA26,2013-05-06,01:00:00 PM,13:00:00,Cold-Dry,2013-05-06 13:00:00,5
16.55415649,-18.9623291,LA26,2013-05-06,01:20:00 PM,13:20:00,Cold-Dry,2013-05-06 13:20:00,5
16.55533244,-18.96391195,LA26,2013-05-06,01:40:00 PM,13:40:00,Cold-Dry,2013-05-06 13:40:00,5
16.556486,-18.96544596,LA26,2013-05-06,02:00:00 PM,14:00:00,Cold-Dry,2013-05-06 14:00:00,5
16.55734456,-18.96667277,LA26,2013-05-06,02:20:00 PM,14:20:00,Cold-Dry,2013-05-06 14:20:00,5
16.55814107,-18.96922201,LA26,2013-05-06,02:40:00 PM,14:40:00,Cold-Dry,2013-05-06 14:40:00,5
16.55850321,-18.97009074,LA26,2013-05-06,03:00:00 PM,15:00:00,Cold-Dry,2013-05-06 15:00:00,5
16.55900269,-18.97070313,LA26,2013-05-06,03:20:00 PM,15:20:00,Cold-Dry,2013-05-06 15:20:00,5
16.5589742,-18.97111003,LA26,2013-05-06,03:40:00 PM,15:40:00,Cold-Dry,2013-05-06 15:40:00,5
16.55948385,-18.9759847,LA26,2013-05-06,04:00:00 PM,16:00:00,Cold-Dry,2013-05-06 16:00:00,5
16.55963033,-18.97970988,LA26,2013-05-06,04:20:00 PM,16:20:00,Cold-Dry,2013-05-06 16:20:00,5
16.55939229,-18.98503011,LA26,2013-05-06,04:40:00 PM,16:40:00,Cold-Dry,2013-05-06 16:40:00,5
16.55810343,-18.98999227,LA26,2013-05-06,05:00:00 PM,17:00:00,Cold-Dry,2013-05-06 17:00:00,5
16.55782572,-18.99036865,LA26,2013-05-06,05:20:00 PM,17:20:00,Cold-Dry,2013-05-06 17:20:00,5
16.5558492,-18.99362793,LA26,2013-05-06,05:40:00 PM,17:40:00,Cold-Dry,2013-05-06 17:40:00,5
16.55336405,-18.99697062,LA26,2013-05-06,06:00:00 PM,18:00:00,Cold-Dry,2013-05-06 18:00:00,5
16.54875387,-19.00276693,LA26,2013-05-06,06:20:00 PM,18:20:00,Cold-Dry,2013-05-06 18:20:00,5
16.54364929,-19.00578206,LA26,2013-05-06,06:40:00 PM,18:40:00,Cold-Dry,2013-05-06 18:40:00,5
16.53979187,-19.00736694,LA26,2013-05-06,07:00:00 PM,19:00:00,Cold-Dry,2013-05-06 19:00:00,5
16.53876953,-19.00759481,LA26,2013-05-06,07:20:00 PM,19:20:00,Cold-Dry,2013-05-06 19:20:00,5
16.53840129,-19.00797933,LA26,2013-05-06,07:40:00 PM,19:40:00,Cold-Dry,2013-05-06 19:40:00,5
16.53767802,-19.00818278,LA26,2013-05-06,08:00:00 PM,20:00:00,Cold-Dry,2013-05-06 20:00:00,5
16.53648071,-19.00809326,LA26,2013-05-06,08:20:00 PM,20:20:00,Cold-Dry,2013-05-06 20:20:00,5
16.53610738,-19.00791829,LA26,2013-05-06,08:40:00 PM,20:40:00,Cold-Dry,2013-05-06 20:40:00,5
16.53514506,-19.00750326,LA26,2013-05-06,09:00:00 PM,21:00:00,Cold-Dry,2013-05-06 21:00:00,5
16.53430278,-19.0074707,LA26,2013-05-06,09:20:00 PM,21:20:00,Cold-Dry,2013-05-06 21:20:00,5
16.5334727,-19.00749105,LA26,2013-05-06,09:40:00 PM,21:40:00,Cold-Dry,2013-05-06 21:40:00,5
16.53202413,-19.00826009,LA26,2013-05-06,10:00:00 PM,22:00:00,Cold-Dry,2013-05-06 22:00:00,5
16.53091431,-19.00873413,LA26,2013-05-06,10:20:00 PM,22:20:00,Cold-Dry,2013-05-06 22:20:00,5
16.52973226,-19.00836995,LA26,2013-05-06,10:40:00 PM,22:40:00,Cold-Dry,2013-05-06 22:40:00,5
16.52864685,-19.00819499,LA26,2013-05-06,11:00:00 PM,23:00:00,Cold-Dry,2013-05-06 23:00:00,5
16.52832031,-19.00814616,LA26,2013-05-06,11:20:00 PM,23:20:00,Cold-Dry,2013-05-06 23:20:00,5
16.52780151,-19.00824585,LA26,2013-05-06,11:40:00 PM,23:40:00,Cold-Dry,2013-05-06 23:40:00,5
16.52769063,-19.00834147,LA26,2013-05-07,12:00:00 AM,00:00:00,Cold-Dry,2013-05-07 00:00:00,5
16.52744548,-19.00933024,LA26,2013-05-07,12:20:00 AM,00:20:00,Cold-Dry,2013-05-07 00:20:00,5
16.52703247,-19.00994873,LA26,2013-05-07,12:40:00 AM,00:40:00,Cold-Dry,2013-05-07 00:40:00,5
16.52665507,-19.01021729,LA26,2013-05-07,01:00:00 AM,01:00:00,Cold-Dry,2013-05-07 01:00:00,5
16.52651978,-19.01043091,LA26,2013-05-07,01:20:00 AM,01:20:00,Cold-Dry,2013-05-07 01:20:00,5
16.52654419,-19.01039632,LA26,2013-05-07,01:40:00 AM,01:40:00,Cold-Dry,2013-05-07 01:40:00,5
16.52655945,-19.01041056,LA26,2013-05-07,02:00:00 AM,02:00:00,Cold-Dry,2013-05-07 02:00:00,5
16.52657878,-19.01043294,LA26,2013-05-07,02:20:00 AM,02:20:00,Cold-Dry,2013-05-07 02:20:00,5
16.52660522,-19.0104126,LA26,2013-05-07,02:40:00 AM,02:40:00,Cold-Dry,2013-05-07 02:40:00,5
16.52652893,-19.01038818,LA26,2013-05-07,03:00:00 AM,03:00:00,Cold-Dry,2013-05-07 03:00:00,5
16.5265686,-19.01038818,LA26,2013-05-07,03:20:00 AM,03:20:00,Cold-Dry,2013-05-07 03:20:00,5
16.52658183,-19.01044312,LA26,2013-05-07,03:40:00 AM,03:40:00,Cold-Dry,2013-05-07 03:40:00,5
16.52659505,-19.01030273,LA26,2013-05-07,04:00:00 AM,04:00:00,Cold-Dry,2013-05-07 04:00:00,5
16.52658691,-19.01033529,LA26,2013-05-07,04:20:00 AM,04:20:00,Cold-Dry,2013-05-07 04:20:00,5
16.52645671,-19.0104248,LA26,2013-05-07,04:40:00 AM,04:40:00,Cold-Dry,2013-05-07 04:40:00,5
16.52706909,-19.01050008,LA26,2013-05-07,05:00:00 AM,05:00:00,Cold-Dry,2013-05-07 05:00:00,5
16.52761536,-19.01076253,LA26,2013-05-07,05:20:00 AM,05:20:00,Cold-Dry,2013-05-07 05:20:00,5
16.52804667,-19.01089274,LA26,2013-05-07,05:40:00 AM,05:40:00,Cold-Dry,2013-05-07 05:40:00,5
16.52875366,-19.01110026,LA26,2013-05-07,06:00:00 AM,06:00:00,Cold-Dry,2013-05-07 06:00:00,5
16.52951355,-19.00984904,LA26,2013-05-07,06:20:00 AM,06:20:00,Cold-Dry,2013-05-07 06:20:00,5
16.53016764,-19.01010946,LA26,2013-05-07,06:40:00 AM,06:40:00,Cold-Dry,2013-05-07 06:40:00,5
16.53024902,-19.01126912,LA26,2013-05-07,07:00:00 AM,07:00:00,Cold-Dry,2013-05-07 07:00:00,5
16.53026632,-19.01234334,LA26,2013-05-07,07:20:00 AM,07:20:00,Cold-Dry,2013-05-07 07:20:00,5
16.53049622,-19.01293335,LA26,2013-05-07,07:40:00 AM,07:40:00,Cold-Dry,2013-05-07 07:40:00,5
16.5306783,-19.01322021,LA26,2013-05-07,08:00:00 AM,08:00:00,Cold-Dry,2013-05-07 08:00:00,5
16.53110657,-19.01325277,LA26,2013-05-07,08:20:00 AM,08:20:00,Cold-Dry,2013-05-07 08:20:00,5
16.53197225,-19.01252848,LA26,2013-05-07,08:40:00 AM,08:40:00,Cold-Dry,2013-05-07 08:40:00,5
16.5328949,-19.01173299,LA26,2013-05-07,09:00:00 AM,09:00:00,Cold-Dry,2013-05-07 09:00:00,5
16.53299662,-19.01112264,LA26,2013-05-07,09:20:00 AM,09:20:00,Cold-Dry,2013-05-07 09:20:00,5
16.53356425,-19.01034953,LA26,2013-05-07,09:40:00 AM,09:40:00,Cold-Dry,2013-05-07 09:40:00,5
16.5338033,-19.00969035,LA26,2013-05-07,10:00:00 AM,10:00:00,Cold-Dry,2013-05-07 10:00:00,5
16.53369649,-19.00956217,LA26,2013-05-07,10:20:00 AM,10:20:00,Cold-Dry,2013-05-07 10:20:00,5
16.53369548,-19.00954793,LA26,2013-05-07,10:40:00 AM,10:40:00,Cold-Dry,2013-05-07 10:40:00,5
16.53368327,-19.00954997,LA26,2013-05-07,11:00:00 AM,11:00:00,Cold-Dry,2013-05-07 11:00:00,5
16.53370972,-19.00956014,LA26,2013-05-07,11:20:00 AM,11:20:00,Cold-Dry,2013-05-07 11:20:00,5
16.53370565,-19.00956421,LA26,2013-05-07,11:40:00 AM,11:40:00,Cold-Dry,2013-05-07 11:40:00,5
16.53402405,-19.00977376,LA26,2013-05-07,12:00:00 PM,12:00:00,Cold-Dry,2013-05-07 12:00:00,5
16.53520203,-19.0096049,LA26,2013-05-07,12:20:00 PM,12:20:00,Cold-Dry,2013-05-07 12:20:00,5
16.53604024,-19.00938314,LA26,2013-05-07,12:40:00 PM,12:40:00,Cold-Dry,2013-05-07 12:40:00,5
16.5365092,-19.00940755,LA26,2013-05-07,01:00:00 PM,13:00:00,Cold-Dry,2013-05-07 13:00:00,5
16.53740031,-19.00928345,LA26,2013-05-07,01:20:00 PM,13:20:00,Cold-Dry,2013-05-07 13:20:00,5
16.53761597,-19.00913289,LA26,2013-05-07,01:40:00 PM,13:40:00,Cold-Dry,2013-05-07 13:40:00,5
16.53828227,-19.00931193,LA26,2013-05-07,02:00:00 PM,14:00:00,Cold-Dry,2013-05-07 14:00:00,5
16.53833822,-19.00932414,LA26,2013-05-07,02:20:00 PM,14:20:00,Cold-Dry,2013-05-07 14:20:00,5
16.53863932,-19.00932007,LA26,2013-05-07,02:40:00 PM,14:40:00,Cold-Dry,2013-05-07 14:40:00,5
16.54010111,-19.00886637,LA26,2013-05-07,03:00:00 PM,15:00:00,Cold-Dry,2013-05-07 15:00:00,5
16.54121195,-19.00785116,LA26,2013-05-07,03:20:00 PM,15:20:00,Cold-Dry,2013-05-07 15:20:00,5
16.54256897,-19.00611979,LA26,2013-05-07,03:40:00 PM,15:40:00,Cold-Dry,2013-05-07 15:40:00,5
16.54575297,-19.00432536,LA26,2013-05-07,04:00:00 PM,16:00:00,Cold-Dry,2013-05-07 16:00:00,5
16.54771423,-19.00342,LA26,2013-05-07,04:20:00 PM,16:20:00,Cold-Dry,2013-05-07 16:20:00,5
16.5493988,-19.00066935,LA26,2013-05-07,04:40:00 PM,16:40:00,Cold-Dry,2013-05-07 16:40:00,5
16.55085856,-18.99949137,LA26,2013-05-07,05:00:00 PM,17:00:00,Cold-Dry,2013-05-07 17:00:00,5
16.55202535,-18.99776408,LA26,2013-05-07,05:20:00 PM,17:20:00,Cold-Dry,2013-05-07 17:20:00,5
16.553538,-18.99675903,LA26,2013-05-07,05:40:00 PM,17:40:00,Cold-Dry,2013-05-07 17:40:00,5
16.55739136,-18.9905721,LA26,2013-05-07,06:00:00 PM,18:00:00,Cold-Dry,2013-05-07 18:00:00,5
16.55814412,-18.98973185,LA26,2013-05-07,06:20:00 PM,18:20:00,Cold-Dry,2013-05-07 18:20:00,5
16.56082865,-18.98910929,LA26,2013-05-07,06:40:00 PM,18:40:00,Cold-Dry,2013-05-07 18:40:00,5
16.56631877,-18.98939006,LA26,2013-05-07,07:00:00 PM,19:00:00,Cold-Dry,2013-05-07 19:00:00,5
16.57172241,-18.99077555,LA26,2013-05-07,07:20:00 PM,19:20:00,Cold-Dry,2013-05-07 19:20:00,5
16.57462463,-18.99258219,LA26,2013-05-07,07:40:00 PM,19:40:00,Cold-Dry,2013-05-07 19:40:00,5
16.57706502,-18.99465942,LA26,2013-05-07,08:00:00 PM,20:00:00,Cold-Dry,2013-05-07 20:00:00,5
16.57978821,-18.99617716,LA26,2013-05-07,08:20:00 PM,20:20:00,Cold-Dry,2013-05-07 20:20:00,5
16.58187764,-18.99641724,LA26,2013-05-07,08:40:00 PM,20:40:00,Cold-Dry,2013-05-07 20:40:00,5
16.58417053,-18.99692383,LA26,2013-05-07,09:00:00 PM,21:00:00,Cold-Dry,2013-05-07 21:00:00,5
16.58638713,-18.99658407,LA26,2013-05-07,09:20:00 PM,21:20:00,Cold-Dry,2013-05-07 21:20:00,5
16.58826294,-18.9958842,LA26,2013-05-07,09:40:00 PM,21:40:00,Cold-Dry,2013-05-07 21:40:00,5
16.5886322,-18.99541626,LA26,2013-05-07,10:00:00 PM,22:00:00,Cold-Dry,2013-05-07 22:00:00,5
16.58939311,-18.99477336,LA26,2013-05-07,10:20:00 PM,22:20:00,Cold-Dry,2013-05-07 22:20:00,5
16.58979492,-18.9947286,LA26,2013-05-07,10:40:00 PM,22:40:00,Cold-Dry,2013-05-07 22:40:00,5
16.5906189,-18.99461263,LA26,2013-05-07,11:00:00 PM,23:00:00,Cold-Dry,2013-05-07 23:00:00,5
16.59139506,-18.99430949,LA26,2013-05-07,11:20:00 PM,23:20:00,Cold-Dry,2013-05-07 23:20:00,5
16.59204814,-18.99424235,LA26,2013-05-07,11:40:00 PM,23:40:00,Cold-Dry,2013-05-07 23:40:00,5
16.59216919,-18.99419556,LA26,2013-05-08,12:00:00 AM,00:00:00,Cold-Dry,2013-05-08 00:00:00,5
16.59324239,-18.99342651,LA26,2013-05-08,12:20:00 AM,00:20:00,Cold-Dry,2013-05-08 00:20:00,5
16.5935435,-18.99303996,LA26,2013-05-08,12:40:00 AM,00:40:00,Cold-Dry,2013-05-08 00:40:00,5
16.59377645,-18.99224447,LA26,2013-05-08,01:00:00 AM,01:00:00,Cold-Dry,2013-05-08 01:00:00,5
16.59448954,-18.99150594,LA26,2013-05-08,01:20:00 AM,01:20:00,Cold-Dry,2013-05-08 01:20:00,5
16.59465129,-18.99146525,LA26,2013-05-08,01:40:00 AM,01:40:00,Cold-Dry,2013-05-08 01:40:00,5
16.59472249,-18.99139608,LA26,2013-05-08,02:00:00 AM,02:00:00,Cold-Dry,2013-05-08 02:00:00,5
16.59502258,-18.99148763,LA26,2013-05-08,02:20:00 AM,02:20:00,Cold-Dry,2013-05-08 02:20:00,5
16.59502869,-18.9914978,LA26,2013-05-08,02:40:00 AM,02:40:00,Cold-Dry,2013-05-08 02:40:00,5
16.59506632,-18.99150187,LA26,2013-05-08,03:00:00 AM,03:00:00,Cold-Dry,2013-05-08 03:00:00,5
16.59507345,-18.99150798,LA26,2013-05-08,03:20:00 AM,03:20:00,Cold-Dry,2013-05-08 03:20:00,5
16.59507751,-18.99148966,LA26,2013-05-08,03:40:00 AM,03:40:00,Cold-Dry,2013-05-08 03:40:00,5
16.59505412,-18.9915446,LA26,2013-05-08,04:00:00 AM,04:00:00,Cold-Dry,2013-05-08 04:00:00,5
16.59522095,-18.99149373,LA26,2013-05-08,04:20:00 AM,04:20:00,Cold-Dry,2013-05-08 04:20:00,5
16.59525045,-18.99165039,LA26,2013-05-08,04:40:00 AM,04:40:00,Cold-Dry,2013-05-08 04:40:00,5
16.59587504,-18.99105225,LA26,2013-05-08,05:00:00 AM,05:00:00,Cold-Dry,2013-05-08 05:00:00,5
16.59600728,-18.99066976,LA26,2013-05-08,05:20:00 AM,05:20:00,Cold-Dry,2013-05-08 05:20:00,5
16.59559631,-18.99040731,LA26,2013-05-08,05:40:00 AM,05:40:00,Cold-Dry,2013-05-08 05:40:00,5
16.59553935,-18.99005941,LA26,2013-05-08,06:00:00 AM,06:00:00,Cold-Dry,2013-05-08 06:00:00,5
16.59535421,-18.98948975,LA26,2013-05-08,06:20:00 AM,06:20:00,Cold-Dry,2013-05-08 06:20:00,5
16.59603373,-18.98904622,LA26,2013-05-08,06:40:00 AM,06:40:00,Cold-Dry,2013-05-08 06:40:00,5
16.59650167,-18.98875326,LA26,2013-05-08,07:00:00 AM,07:00:00,Cold-Dry,2013-05-08 07:00:00,5
16.59708557,-18.98928833,LA26,2013-05-08,07:20:00 AM,07:20:00,Cold-Dry,2013-05-08 07:20:00,5
16.59824219,-18.98847046,LA26,2013-05-08,07:40:00 AM,07:40:00,Cold-Dry,2013-05-08 07:40:00,5
16.59995931,-18.98834635,LA26,2013-05-08,08:00:00 AM,08:00:00,Cold-Dry,2013-05-08 08:00:00,5
16.60146993,-18.98757731,LA26,2013-05-08,08:20:00 AM,08:20:00,Cold-Dry,2013-05-08 08:20:00,5
16.60421651,-18.98757935,LA26,2013-05-08,08:40:00 AM,08:40:00,Cold-Dry,2013-05-08 08:40:00,5
16.60623169,-18.98855794,LA26,2013-05-08,09:00:00 AM,09:00:00,Cold-Dry,2013-05-08 09:00:00,5
16.60788472,-18.99029134,LA26,2013-05-08,09:20:00 AM,09:20:00,Cold-Dry,2013-05-08 09:20:00,5
16.60764872,-18.99020589,LA26,2013-05-08,09:40:00 AM,09:40:00,Cold-Dry,2013-05-08 09:40:00,5
16.60890706,-18.9911438,LA26,2013-05-08,10:00:00 AM,10:00:00,Cold-Dry,2013-05-08 10:00:00,5
16.60995382,-18.99246826,LA26,2013-05-08,10:20:00 AM,10:20:00,Cold-Dry,2013-05-08 10:20:00,5
16.61184387,-18.99213257,LA26,2013-05-08,10:40:00 AM,10:40:00,Cold-Dry,2013-05-08 10:40:00,5
16.61184184,-18.99214071,LA26,2013-05-08,11:00:00 AM,11:00:00,Cold-Dry,2013-05-08 11:00:00,5
16.61183675,-18.99215495,LA26,2013-05-08,11:20:00 AM,11:20:00,Cold-Dry,2013-05-08 11:20:00,5
16.61184896,-18.99213867,LA26,2013-05-08,11:40:00 AM,11:40:00,Cold-Dry,2013-05-08 11:40:00,5
16.61215617,-18.99151815,LA26,2013-05-08,12:00:00 PM,12:00:00,Cold-Dry,2013-05-08 12:00:00,5
16.61216634,-18.99153646,LA26,2013-05-08,12:20:00 PM,12:20:00,Cold-Dry,2013-05-08 12:20:00,5
16.61216634,-18.99153442,LA26,2013-05-08,12:40:00 PM,12:40:00,Cold-Dry,2013-05-08 12:40:00,5
16.61249593,-18.99153442,LA26,2013-05-08,01:00:00 PM,13:00:00,Cold-Dry,2013-05-08 13:00:00,5
16.61295369,-18.99125163,LA26,2013-05-08,01:20:00 PM,13:20:00,Cold-Dry,2013-05-08 13:20:00,5
16.61622518,-18.99018962,LA26,2013-05-08,01:40:00 PM,13:40:00,Cold-Dry,2013-05-08 13:40:00,5
16.61768494,-18.98938599,LA26,2013-05-08,02:00:00 PM,14:00:00,Cold-Dry,2013-05-08 14:00:00,5
16.62061462,-18.98794352,LA26,2013-05-08,02:20:00 PM,14:20:00,Cold-Dry,2013-05-08 14:20:00,5
16.62187703,-18.98759766,LA26,2013-05-08,02:40:00 PM,14:40:00,Cold-Dry,2013-05-08 14:40:00,5
16.62310384,-18.98674927,LA26,2013-05-08,03:00:00 PM,15:00:00,Cold-Dry,2013-05-08 15:00:00,5
16.62619934,-18.98499552,LA26,2013-05-08,03:20:00 PM,15:20:00,Cold-Dry,2013-05-08 15:20:00,5
16.6295695,-18.98243612,LA26,2013-05-08,03:40:00 PM,15:40:00,Cold-Dry,2013-05-08 15:40:00,5
16.63374532,-18.98133545,LA26,2013-05-08,04:00:00 PM,16:00:00,Cold-Dry,2013-05-08 16:00:00,5
16.63684387,-18.98032227,LA26,2013-05-08,04:20:00 PM,16:20:00,Cold-Dry,2013-05-08 16:20:00,5
16.6378123,-18.97985433,LA26,2013-05-08,04:40:00 PM,16:40:00,Cold-Dry,2013-05-08 16:40:00,5
16.64053752,-18.97915853,LA26,2013-05-08,05:00:00 PM,17:00:00,Cold-Dry,2013-05-08 17:00:00,5
16.64660441,-18.98036092,LA26,2013-05-08,05:20:00 PM,17:20:00,Cold-Dry,2013-05-08 17:20:00,5
16.65233765,-18.97777913,LA26,2013-05-08,05:40:00 PM,17:40:00,Cold-Dry,2013-05-08 17:40:00,5
16.65574646,-18.97458903,LA26,2013-05-08,06:00:00 PM,18:00:00,Cold-Dry,2013-05-08 18:00:00,5
16.65479533,-18.97598063,LA26,2013-05-08,06:20:00 PM,18:20:00,Cold-Dry,2013-05-08 18:20:00,5
16.65261129,-18.98311157,LA26,2013-05-08,06:40:00 PM,18:40:00,Cold-Dry,2013-05-08 18:40:00,5
16.65085551,-18.99028117,LA26,2013-05-08,07:00:00 PM,19:00:00,Cold-Dry,2013-05-08 19:00:00,5
16.64941101,-18.99525553,LA26,2013-05-08,07:20:00 PM,19:20:00,Cold-Dry,2013-05-08 19:20:00,5
16.64829814,-18.99669189,LA26,2013-05-08,07:40:00 PM,19:40:00,Cold-Dry,2013-05-08 19:40:00,5
16.64776917,-18.99782104,LA26,2013-05-08,08:00:00 PM,20:00:00,Cold-Dry,2013-05-08 20:00:00,5
16.64704895,-18.99900716,LA26,2013-05-08,08:20:00 PM,20:20:00,Cold-Dry,2013-05-08 20:20:00,5
16.64664205,-18.99927979,LA26,2013-05-08,08:40:00 PM,20:40:00,Cold-Dry,2013-05-08 20:40:00,5
16.64659627,-18.99963175,LA26,2013-05-08,09:00:00 PM,21:00:00,Cold-Dry,2013-05-08 21:00:00,5
16.64651489,-19.00039673,LA26,2013-05-08,09:20:00 PM,21:20:00,Cold-Dry,2013-05-08 21:20:00,5
16.64616903,-19.00090332,LA26,2013-05-08,09:40:00 PM,21:40:00,Cold-Dry,2013-05-08 21:40:00,5
16.6458018,-19.00168254,LA26,2013-05-08,10:00:00 PM,22:00:00,Cold-Dry,2013-05-08 22:00:00,5
16.64494731,-19.00244751,LA26,2013-05-08,10:20:00 PM,22:20:00,Cold-Dry,2013-05-08 22:20:00,5
16.64364217,-19.00319417,LA26,2013-05-08,10:40:00 PM,22:40:00,Cold-Dry,2013-05-08 22:40:00,5
16.64385579,-19.00604045,LA26,2013-05-08,11:00:00 PM,23:00:00,Cold-Dry,2013-05-08 23:00:00,5
16.64154154,-19.00484416,LA26,2013-05-08,11:20:00 PM,23:20:00,Cold-Dry,2013-05-08 23:20:00,5
16.63886617,-19.00373128,LA26,2013-05-08,11:40:00 PM,23:40:00,Cold-Dry,2013-05-08 23:40:00,5
16.63617452,-19.00427653,LA26,2013-05-09,12:00:00 AM,00:00:00,Cold-Dry,2013-05-09 00:00:00,5
16.634434,-19.00481771,LA26,2013-05-09,12:20:00 AM,00:20:00,Cold-Dry,2013-05-09 00:20:00,5
16.63365784,-19.0053304,LA26,2013-05-09,12:40:00 AM,00:40:00,Cold-Dry,2013-05-09 00:40:00,5
16.63194071,-19.00613403,LA26,2013-05-09,01:00:00 AM,01:00:00,Cold-Dry,2013-05-09 01:00:00,5
16.63111979,-19.00636597,LA26,2013-05-09,01:20:00 AM,01:20:00,Cold-Dry,2013-05-09 01:20:00,5
16.62992655,-19.00670573,LA26,2013-05-09,01:40:00 AM,01:40:00,Cold-Dry,2013-05-09 01:40:00,5
16.62898966,-19.00669963,LA26,2013-05-09,02:00:00 AM,02:00:00,Cold-Dry,2013-05-09 02:00:00,5
16.62815145,-19.00667114,LA26,2013-05-09,02:20:00 AM,02:20:00,Cold-Dry,2013-05-09 02:20:00,5
16.62814636,-19.0066569,LA26,2013-05-09,02:40:00 AM,02:40:00,Cold-Dry,2013-05-09 02:40:00,5
16.62811483,-19.00668335,LA26,2013-05-09,03:00:00 AM,03:00:00,Cold-Dry,2013-05-09 03:00:00,5
16.62810465,-19.00666911,LA26,2013-05-09,03:20:00 AM,03:20:00,Cold-Dry,2013-05-09 03:20:00,5
16.6281016,-19.00668945,LA26,2013-05-09,03:40:00 AM,03:40:00,Cold-Dry,2013-05-09 03:40:00,5
16.62804362,-19.00664673,LA26,2013-05-09,04:00:00 AM,04:00:00,Cold-Dry,2013-05-09 04:00:00,5
16.62805176,-19.00661621,LA26,2013-05-09,04:20:00 AM,04:20:00,Cold-Dry,2013-05-09 04:20:00,5
16.62741394,-19.00668945,LA26,2013-05-09,04:40:00 AM,04:40:00,Cold-Dry,2013-05-09 04:40:00,5
16.6274058,-19.00655721,LA26,2013-05-09,05:00:00 AM,05:00:00,Cold-Dry,2013-05-09 05:00:00,5
16.62667847,-19.00612793,LA26,2013-05-09,05:20:00 AM,05:20:00,Cold-Dry,2013-05-09 05:20:00,5
16.62623596,-19.0059021,LA26,2013-05-09,05:40:00 AM,05:40:00,Cold-Dry,2013-05-09 05:40:00,5
16.62581787,-19.00569865,LA26,2013-05-09,06:00:00 AM,06:00:00,Cold-Dry,2013-05-09 06:00:00,5
16.62483622,-19.00508016,LA26,2013-05-09,06:20:00 AM,06:20:00,Cold-Dry,2013-05-09 06:20:00,5
16.62435608,-19.00506592,LA26,2013-05-09,06:40:00 AM,06:40:00,Cold-Dry,2013-05-09 06:40:00,5
16.62379456,-19.00509644,LA26,2013-05-09,07:00:00 AM,07:00:00,Cold-Dry,2013-05-09 07:00:00,5
16.62337443,-19.00444539,LA26,2013-05-09,07:20:00 AM,07:20:00,Cold-Dry,2013-05-09 07:20:00,5
16.62351176,-19.00397542,LA26,2013-05-09,07:40:00 AM,07:40:00,Cold-Dry,2013-05-09 07:40:00,5
16.6233256,-19.00349528,LA26,2013-05-09,08:00:00 AM,08:00:00,Cold-Dry,2013-05-09 08:00:00,5
16.62309367,-19.00259196,LA26,2013-05-09,08:20:00 AM,08:20:00,Cold-Dry,2013-05-09 08:20:00,5
16.62226868,-19.00181681,LA26,2013-05-09,08:40:00 AM,08:40:00,Cold-Dry,2013-05-09 08:40:00,5
16.62089335,-19.00157267,LA26,2013-05-09,09:00:00 AM,09:00:00,Cold-Dry,2013-05-09 09:00:00,5
16.62069804,-19.00127157,LA26,2013-05-09,09:20:00 AM,09:20:00,Cold-Dry,2013-05-09 09:20:00,5
16.62068888,-19.00129191,LA26,2013-05-09,09:40:00 AM,09:40:00,Cold-Dry,2013-05-09 09:40:00,5
16.62068481,-19.00130615,LA26,2013-05-09,10:00:00 AM,10:00:00,Cold-Dry,2013-05-09 10:00:00,5
16.62069804,-19.00129395,LA26,2013-05-09,10:20:00 AM,10:20:00,Cold-Dry,2013-05-09 10:20:00,5
16.62071635,-19.00129598,LA26,2013-05-09,10:40:00 AM,10:40:00,Cold-Dry,2013-05-09 10:40:00,5
16.62071533,-19.00128784,LA26,2013-05-09,11:00:00 AM,11:00:00,Cold-Dry,2013-05-09 11:00:00,5
16.61984049,-19.00084432,LA26,2013-05-09,11:20:00 AM,11:20:00,Cold-Dry,2013-05-09 11:20:00,5
16.6190918,-19.00085653,LA26,2013-05-09,11:40:00 AM,11:40:00,Cold-Dry,2013-05-09 11:40:00,5
16.61922404,-19.00088094,LA26,2013-05-09,12:00:00 PM,12:00:00,Cold-Dry,2013-05-09 12:00:00,5
16.61908264,-19.00042521,LA26,2013-05-09,12:20:00 PM,12:20:00,Cold-Dry,2013-05-09 12:20:00,5
16.61879476,-19.00017904,LA26,2013-05-09,12:40:00 PM,12:40:00,Cold-Dry,2013-05-09 12:40:00,5
16.61892497,-19.00085246,LA26,2013-05-09,01:00:00 PM,13:00:00,Cold-Dry,2013-05-09 13:00:00,5
16.6189209,-19.00081584,LA26,2013-05-09,01:20:00 PM,13:20:00,Cold-Dry,2013-05-09 13:20:00,5
16.61891886,-19.00083415,LA26,2013-05-09,01:40:00 PM,13:40:00,Cold-Dry,2013-05-09 13:40:00,5
16.61736552,-19.00041097,LA26,2013-05-09,02:00:00 PM,14:00:00,Cold-Dry,2013-05-09 14:00:00,5
16.61688538,-19.00017293,LA26,2013-05-09,02:20:00 PM,14:20:00,Cold-Dry,2013-05-09 14:20:00,5
16.61523438,-19.00038452,LA26,2013-05-09,02:40:00 PM,14:40:00,Cold-Dry,2013-05-09 14:40:00,5
16.61334737,-18.99883423,LA26,2013-05-09,03:00:00 PM,15:00:00,Cold-Dry,2013-05-09 15:00:00,5
16.61202189,-18.99784749,LA26,2013-05-09,03:20:00 PM,15:20:00,Cold-Dry,2013-05-09 15:20:00,5
16.61058858,-18.99677327,LA26,2013-05-09,03:40:00 PM,15:40:00,Cold-Dry,2013-05-09 15:40:00,5
16.60926615,-18.99576823,LA26,2013-05-09,04:00:00 PM,16:00:00,Cold-Dry,2013-05-09 16:00:00,5
16.60488688,-18.99298503,LA26,2013-05-09,04:20:00 PM,16:20:00,Cold-Dry,2013-05-09 16:20:00,5
16.60192566,-18.99234009,LA26,2013-05-09,04:40:00 PM,16:40:00,Cold-Dry,2013-05-09 16:40:00,5
16.6015096,-18.99261678,LA26,2013-05-09,05:00:00 PM,17:00:00,Cold-Dry,2013-05-09 17:00:00,5
16.59919739,-18.99316813,LA26,2013-05-09,05:20:00 PM,17:20:00,Cold-Dry,2013-05-09 17:20:00,5
16.59753011,-18.9942627,LA26,2013-05-09,05:40:00 PM,17:40:00,Cold-Dry,2013-05-09 17:40:00,5
16.58816223,-18.99665731,LA26,2013-05-09,06:00:00 PM,18:00:00,Cold-Dry,2013-05-09 18:00:00,5
16.58121847,-18.99736938,LA26,2013-05-09,06:20:00 PM,18:20:00,Cold-Dry,2013-05-09 18:20:00,5
16.57688599,-18.99675903,LA26,2013-05-09,06:40:00 PM,18:40:00,Cold-Dry,2013-05-09 18:40:00,5
16.5733551,-18.99626261,LA26,2013-05-09,07:00:00 PM,19:00:00,Cold-Dry,2013-05-09 19:00:00,5
16.56670227,-18.99423421,LA26,2013-05-09,07:20:00 PM,19:20:00,Cold-Dry,2013-05-09 19:20:00,5
16.560495,-18.99145101,LA26,2013-05-09,07:40:00 PM,19:40:00,Cold-Dry,2013-05-09 19:40:00,5
16.55763957,-18.98988851,LA26,2013-05-09,08:00:00 PM,20:00:00,Cold-Dry,2013-05-09 20:00:00,5
16.55625203,-18.99048055,LA26,2013-05-09,08:20:00 PM,20:20:00,Cold-Dry,2013-05-09 20:20:00,5
16.54987691,-18.99065552,LA26,2013-05-09,08:40:00 PM,20:40:00,Cold-Dry,2013-05-09 20:40:00,5
16.54793803,-18.99073283,LA26,2013-05-09,09:00:00 PM,21:00:00,Cold-Dry,2013-05-09 21:00:00,5
16.54671326,-18.99072062,LA26,2013-05-09,09:20:00 PM,21:20:00,Cold-Dry,2013-05-09 21:20:00,5
16.54641215,-18.99066569,LA26,2013-05-09,09:40:00 PM,21:40:00,Cold-Dry,2013-05-09 21:40:00,5
16.54406128,-18.99096069,LA26,2013-05-09,10:00:00 PM,22:00:00,Cold-Dry,2013-05-09 22:00:00,5
16.54186096,-18.99191284,LA26,2013-05-09,10:20:00 PM,22:20:00,Cold-Dry,2013-05-09 22:20:00,5
16.54020386,-18.99197184,LA26,2013-05-09,10:40:00 PM,22:40:00,Cold-Dry,2013-05-09 22:40:00,5
16.53885803,-18.99239909,LA26,2013-05-09,11:00:00 PM,23:00:00,Cold-Dry,2013-05-09 23:00:00,5
16.53794657,-18.9932902,LA26,2013-05-09,11:20:00 PM,23:20:00,Cold-Dry,2013-05-09 23:20:00,5
16.5379364,-18.99334513,LA26,2013-05-09,11:40:00 PM,23:40:00,Cold-Dry,2013-05-09 23:40:00,5
16.53743896,-18.99381917,LA26,2013-05-10,12:00:00 AM,00:00:00,Cold-Dry,2013-05-10 00:00:00,5
16.53654073,-18.99405111,LA26,2013-05-10,12:20:00 AM,00:20:00,Cold-Dry,2013-05-10 00:20:00,5
16.53560181,-18.9947408,LA26,2013-05-10,12:40:00 AM,00:40:00,Cold-Dry,2013-05-10 00:40:00,5
16.53491618,-18.99482218,LA26,2013-05-10,01:00:00 AM,01:00:00,Cold-Dry,2013-05-10 01:00:00,5
16.53487345,-18.99485474,LA26,2013-05-10,01:20:00 AM,01:20:00,Cold-Dry,2013-05-10 01:20:00,5
16.53490397,-18.99479777,LA26,2013-05-10,01:40:00 AM,01:40:00,Cold-Dry,2013-05-10 01:40:00,5
16.53486328,-18.99483643,LA26,2013-05-10,02:00:00 AM,02:00:00,Cold-Dry,2013-05-10 02:00:00,5
16.53486633,-18.99480998,LA26,2013-05-10,02:20:00 AM,02:20:00,Cold-Dry,2013-05-10 02:20:00,5
16.53484599,-18.99484049,LA26,2013-05-10,02:40:00 AM,02:40:00,Cold-Dry,2013-05-10 02:40:00,5
16.53487447,-18.99483643,LA26,2013-05-10,03:00:00 AM,03:00:00,Cold-Dry,2013-05-10 03:00:00,5
16.53484192,-18.99488118,LA26,2013-05-10,03:20:00 AM,03:20:00,Cold-Dry,2013-05-10 03:20:00,5
16.5348938,-18.9947998,LA26,2013-05-10,03:40:00 AM,03:40:00,Cold-Dry,2013-05-10 03:40:00,5
16.53490092,-18.99478963,LA26,2013-05-10,04:00:00 AM,04:00:00,Cold-Dry,2013-05-10 04:00:00,5
16.53485006,-18.99480998,LA26,2013-05-10,04:20:00 AM,04:20:00,Cold-Dry,2013-05-10 04:20:00,5
16.53479207,-18.99496867,LA26,2013-05-10,04:40:00 AM,04:40:00,Cold-Dry,2013-05-10 04:40:00,5
16.53328044,-18.9962972,LA26,2013-05-10,05:00:00 AM,05:00:00,Cold-Dry,2013-05-10 05:00:00,5
16.53285319,-18.99789022,LA26,2013-05-10,05:20:00 AM,05:20:00,Cold-Dry,2013-05-10 05:20:00,5
16.53291524,-18.99813232,LA26,2013-05-10,05:40:00 AM,05:40:00,Cold-Dry,2013-05-10 05:40:00,5
16.53410238,-18.99850667,LA26,2013-05-10,06:00:00 AM,06:00:00,Cold-Dry,2013-05-10 06:00:00,5
16.5350942,-18.99852702,LA26,2013-05-10,06:20:00 AM,06:20:00,Cold-Dry,2013-05-10 06:20:00,5
16.53574829,-18.99789429,LA26,2013-05-10,06:40:00 AM,06:40:00,Cold-Dry,2013-05-10 06:40:00,5
16.5364034,-18.99759318,LA26,2013-05-10,07:00:00 AM,07:00:00,Cold-Dry,2013-05-10 07:00:00,5
16.53788554,-18.99673055,LA26,2013-05-10,07:20:00 AM,07:20:00,Cold-Dry,2013-05-10 07:20:00,5
16.53829651,-18.99598796,LA26,2013-05-10,07:40:00 AM,07:40:00,Cold-Dry,2013-05-10 07:40:00,5
16.53833211,-18.99546712,LA26,2013-05-10,08:00:00 AM,08:00:00,Cold-Dry,2013-05-10 08:00:00,5
16.53974101,-18.99497884,LA26,2013-05-10,08:20:00 AM,08:20:00,Cold-Dry,2013-05-10 08:20:00,5
16.54182536,-18.99502563,LA26,2013-05-10,08:40:00 AM,08:40:00,Cold-Dry,2013-05-10 08:40:00,5
16.54177551,-18.9954244,LA26,2013-05-10,09:00:00 AM,09:00:00,Cold-Dry,2013-05-10 09:00:00,5
16.54179179,-18.99544678,LA26,2013-05-10,09:20:00 AM,09:20:00,Cold-Dry,2013-05-10 09:20:00,5
16.54349264,-18.99417521,LA26,2013-05-10,09:40:00 AM,09:40:00,Cold-Dry,2013-05-10 09:40:00,5
16.54772644,-18.99345296,LA26,2013-05-10,10:00:00 AM,10:00:00,Cold-Dry,2013-05-10 10:00:00,5
16.54803467,-18.99350993,LA26,2013-05-10,10:20:00 AM,10:20:00,Cold-Dry,2013-05-10 10:20:00,5
16.54802856,-18.9935201,LA26,2013-05-10,10:40:00 AM,10:40:00,Cold-Dry,2013-05-10 10:40:00,5
16.54806112,-18.99332682,LA26,2013-05-10,11:00:00 AM,11:00:00,Cold-Dry,2013-05-10 11:00:00,5
16.54797363,-18.99335327,LA26,2013-05-10,11:20:00 AM,11:20:00,Cold-Dry,2013-05-10 11:20:00,5
16.54797872,-18.99337158,LA26,2013-05-10,11:40:00 AM,11:40:00,Cold-Dry,2013-05-10 11:40:00,5
16.54797262,-18.99331868,LA26,2013-05-10,12:00:00 PM,12:00:00,Cold-Dry,2013-05-10 12:00:00,5
16.55189311,-18.99270833,LA26,2013-05-10,12:20:00 PM,12:20:00,Cold-Dry,2013-05-10 12:20:00,5
16.55272115,-18.99228312,LA26,2013-05-10,12:40:00 PM,12:40:00,Cold-Dry,2013-05-10 12:40:00,5
16.55269979,-18.99228516,LA26,2013-05-10,01:00:00 PM,13:00:00,Cold-Dry,2013-05-10 13:00:00,5
16.55279338,-18.99243571,LA26,2013-05-10,01:20:00 PM,13:20:00,Cold-Dry,2013-05-10 13:20:00,5
16.55275065,-18.99223226,LA26,2013-05-10,01:40:00 PM,13:40:00,Cold-Dry,2013-05-10 13:40:00,5
16.55411987,-18.99211629,LA26,2013-05-10,02:00:00 PM,14:00:00,Cold-Dry,2013-05-10 14:00:00,5
16.55632121,-18.99055176,LA26,2013-05-10,02:20:00 PM,14:20:00,Cold-Dry,2013-05-10 14:20:00,5
16.55843709,-18.9880778,LA26,2013-05-10,02:40:00 PM,14:40:00,Cold-Dry,2013-05-10 14:40:00,5
16.55775146,-18.9792806,LA26,2013-05-10,03:00:00 PM,15:00:00,Cold-Dry,2013-05-10 15:00:00,5
16.55665385,-18.97421875,LA26,2013-05-10,03:20:00 PM,15:20:00,Cold-Dry,2013-05-10 15:20:00,5
16.55807902,-18.97232666,LA26,2013-05-10,03:40:00 PM,15:40:00,Cold-Dry,2013-05-10 15:40:00,5
16.55868327,-18.97038778,LA26,2013-05-10,04:00:00 PM,16:00:00,Cold-Dry,2013-05-10 16:00:00,5
16.55668132,-18.95831706,LA26,2013-05-10,08:20:00 PM,20:20:00,Cold-Dry,2013-05-10 20:20:00,5
16.55680135,-18.95835978,LA26,2013-05-10,08:40:00 PM,20:40:00,Cold-Dry,2013-05-10 20:40:00,5
16.55695292,-18.95835775,LA26,2013-05-10,09:00:00 PM,21:00:00,Cold-Dry,2013-05-10 21:00:00,5
16.55780334,-18.95729167,LA26,2013-05-10,09:20:00 PM,21:20:00,Cold-Dry,2013-05-10 21:20:00,5
16.55822754,-18.95745239,LA26,2013-05-10,09:40:00 PM,21:40:00,Cold-Dry,2013-05-10 21:40:00,5
16.55840963,-18.95744629,LA26,2013-05-10,10:00:00 PM,22:00:00,Cold-Dry,2013-05-10 22:00:00,5
16.558962,-18.95746257,LA26,2013-05-10,10:20:00 PM,22:20:00,Cold-Dry,2013-05-10 22:20:00,5
16.55939026,-18.95776571,LA26,2013-05-10,10:40:00 PM,22:40:00,Cold-Dry,2013-05-10 22:40:00,5
16.55951233,-18.95800781,LA26,2013-05-10,11:00:00 PM,23:00:00,Cold-Dry,2013-05-10 23:00:00,5
16.55975037,-18.95846151,LA26,2013-05-10,11:20:00 PM,23:20:00,Cold-Dry,2013-05-10 23:20:00,5
16.56052043,-18.95817668,LA26,2013-05-10,11:40:00 PM,23:40:00,Cold-Dry,2013-05-10 23:40:00,5
16.56112976,-18.95822144,LA26,2013-05-11,12:00:00 AM,00:00:00,Cold-Dry,2013-05-11 00:00:00,5
16.56147766,-18.95826823,LA26,2013-05-11,12:20:00 AM,00:20:00,Cold-Dry,2013-05-11 00:20:00,5
16.56147156,-18.95831095,LA26,2013-05-11,12:40:00 AM,00:40:00,Cold-Dry,2013-05-11 00:40:00,5
16.56220194,-18.95864461,LA26,2013-05-11,01:00:00 AM,01:00:00,Cold-Dry,2013-05-11 01:00:00,5
16.56223246,-18.95870158,LA26,2013-05-11,01:20:00 AM,01:20:00,Cold-Dry,2013-05-11 01:20:00,5
16.56217346,-18.95855306,LA26,2013-05-11,01:40:00 AM,01:40:00,Cold-Dry,2013-05-11 01:40:00,5
16.56219788,-18.95857137,LA26,2013-05-11,02:00:00 AM,02:00:00,Cold-Dry,2013-05-11 02:00:00,5
16.56215515,-18.95858561,LA26,2013-05-11,02:20:00 AM,02:20:00,Cold-Dry,2013-05-11 02:20:00,5
16.5621816,-18.95860799,LA26,2013-05-11,02:40:00 AM,02:40:00,Cold-Dry,2013-05-11 02:40:00,5
16.562205,-18.95859172,LA26,2013-05-11,03:00:00 AM,03:00:00,Cold-Dry,2013-05-11 03:00:00,5
16.56296387,-18.95864054,LA26,2013-05-11,03:20:00 AM,03:20:00,Cold-Dry,2013-05-11 03:20:00,5
16.56472371,-18.95873617,LA26,2013-05-11,03:40:00 AM,03:40:00,Cold-Dry,2013-05-11 03:40:00,5
16.56468608,-18.9587321,LA26,2013-05-11,04:00:00 AM,04:00:00,Cold-Dry,2013-05-11 04:00:00,5
16.56466471,-18.95874227,LA26,2013-05-11,04:20:00 AM,04:20:00,Cold-Dry,2013-05-11 04:20:00,5
16.56469421,-18.9587382,LA26,2013-05-11,04:40:00 AM,04:40:00,Cold-Dry,2013-05-11 04:40:00,5
16.56564535,-18.95882568,LA26,2013-05-11,05:00:00 AM,05:00:00,Cold-Dry,2013-05-11 05:00:00,5
16.56614787,-18.95931193,LA26,2013-05-11,05:20:00 AM,05:20:00,Cold-Dry,2013-05-11 05:20:00,5
16.56655884,-18.96102498,LA26,2013-05-11,05:40:00 AM,05:40:00,Cold-Dry,2013-05-11 05:40:00,5
16.56809387,-18.96096598,LA26,2013-05-11,06:00:00 AM,06:00:00,Cold-Dry,2013-05-11 06:00:00,5
16.56861776,-18.96030884,LA26,2013-05-11,06:20:00 AM,06:20:00,Cold-Dry,2013-05-11 06:20:00,5
16.56702271,-18.96074015,LA26,2013-05-11,06:40:00 AM,06:40:00,Cold-Dry,2013-05-11 06:40:00,5
16.56533915,-18.96206665,LA26,2013-05-11,07:00:00 AM,07:00:00,Cold-Dry,2013-05-11 07:00:00,5
16.56486308,-18.96243693,LA26,2013-05-11,07:20:00 AM,07:20:00,Cold-Dry,2013-05-11 07:20:00,5
16.5648997,-18.96306966,LA26,2013-05-11,07:40:00 AM,07:40:00,Cold-Dry,2013-05-11 07:40:00,5
16.56478373,-18.96428833,LA26,2013-05-11,08:00:00 AM,08:00:00,Cold-Dry,2013-05-11 08:00:00,5
16.56437887,-18.96465047,LA26,2013-05-11,08:20:00 AM,08:20:00,Cold-Dry,2013-05-11 08:20:00,5
16.56302795,-18.96579793,LA26,2013-05-11,08:40:00 AM,08:40:00,Cold-Dry,2013-05-11 08:40:00,5
16.56257426,-18.96602783,LA26,2013-05-11,09:00:00 AM,09:00:00,Cold-Dry,2013-05-11 09:00:00,5
16.56258341,-18.96601359,LA26,2013-05-11,09:20:00 AM,09:20:00,Cold-Dry,2013-05-11 09:20:00,5
16.56259664,-18.9660258,LA26,2013-05-11,09:40:00 AM,09:40:00,Cold-Dry,2013-05-11 09:40:00,5
16.56256816,-18.9660258,LA26,2013-05-11,10:00:00 AM,10:00:00,Cold-Dry,2013-05-11 10:00:00,5
16.5626119,-18.9660319,LA26,2013-05-11,10:20:00 AM,10:20:00,Cold-Dry,2013-05-11 10:20:00,5
16.56195577,-18.96719971,LA26,2013-05-11,10:40:00 AM,10:40:00,Cold-Dry,2013-05-11 10:40:00,5
16.56073608,-18.9712443,LA26,2013-05-11,11:00:00 AM,11:00:00,Cold-Dry,2013-05-11 11:00:00,5
16.56080729,-18.97592367,LA26,2013-05-11,11:20:00 AM,11:20:00,Cold-Dry,2013-05-11 11:20:00,5
16.56091614,-18.97915039,LA26,2013-05-11,11:40:00 AM,11:40:00,Cold-Dry,2013-05-11 11:40:00,5
16.56091207,-18.97906291,LA26,2013-05-11,12:00:00 PM,12:00:00,Cold-Dry,2013-05-11 12:00:00,5
16.56092021,-18.97909953,LA26,2013-05-11,12:20:00 PM,12:20:00,Cold-Dry,2013-05-11 12:20:00,5
16.56092021,-18.97908936,LA26,2013-05-11,12:40:00 PM,12:40:00,Cold-Dry,2013-05-11 12:40:00,5
16.56092631,-18.97907715,LA26,2013-05-11,01:00:00 PM,13:00:00,Cold-Dry,2013-05-11 13:00:00,5
16.56090393,-18.9791158,LA26,2013-05-11,01:20:00 PM,13:20:00,Cold-Dry,2013-05-11 13:20:00,5
16.56112671,-18.98024699,LA26,2013-05-11,01:40:00 PM,13:40:00,Cold-Dry,2013-05-11 13:40:00,5
16.56019897,-18.98104248,LA26,2013-05-11,02:00:00 PM,14:00:00,Cold-Dry,2013-05-11 14:00:00,5
16.55999247,-18.98234863,LA26,2013-05-11,02:20:00 PM,14:20:00,Cold-Dry,2013-05-11 14:20:00,5
16.55945943,-18.98487752,LA26,2013-05-11,02:40:00 PM,14:40:00,Cold-Dry,2013-05-11 14:40:00,5
16.55876567,-18.98912557,LA26,2013-05-11,03:00:00 PM,15:00:00,Cold-Dry,2013-05-11 15:00:00,5
16.55779317,-18.99009603,LA26,2013-05-11,03:20:00 PM,15:20:00,Cold-Dry,2013-05-11 15:20:00,5
16.55266012,-18.99371541,LA26,2013-05-11,03:40:00 PM,15:40:00,Cold-Dry,2013-05-11 15:40:00,5
16.55118306,-18.99662882,LA26,2013-05-11,04:00:00 PM,16:00:00,Cold-Dry,2013-05-11 16:00:00,5
16.55015564,-18.9986613,LA26,2013-05-11,04:20:00 PM,16:20:00,Cold-Dry,2013-05-11 16:20:00,5
16.54901326,-19.00069987,LA26,2013-05-11,04:40:00 PM,16:40:00,Cold-Dry,2013-05-11 16:40:00,5
16.54551493,-19.00491536,LA26,2013-05-11,05:00:00 PM,17:00:00,Cold-Dry,2013-05-11 17:00:00,5
16.53878581,-19.0107076,LA26,2013-05-11,05:20:00 PM,17:20:00,Cold-Dry,2013-05-11 17:20:00,5
16.53668009,-19.01349894,LA26,2013-05-11,05:40:00 PM,17:40:00,Cold-Dry,2013-05-11 17:40:00,5
16.53614909,-19.01407878,LA26,2013-05-11,06:00:00 PM,18:00:00,Cold-Dry,2013-05-11 18:00:00,5
16.53571676,-19.0148234,LA26,2013-05-11,06:20:00 PM,18:20:00,Cold-Dry,2013-05-11 18:20:00,5
16.53557943,-19.01589966,LA26,2013-05-11,06:40:00 PM,18:40:00,Cold-Dry,2013-05-11 18:40:00,5
16.53462219,-19.01630249,LA26,2013-05-11,07:00:00 PM,19:00:00,Cold-Dry,2013-05-11 19:00:00,5
16.53373515,-19.01661784,LA26,2013-05-11,07:20:00 PM,19:20:00,Cold-Dry,2013-05-11 19:20:00,5
16.53339335,-19.01685181,LA26,2013-05-11,07:40:00 PM,19:40:00,Cold-Dry,2013-05-11 19:40:00,5
16.53265279,-19.01684977,LA26,2013-05-11,08:00:00 PM,20:00:00,Cold-Dry,2013-05-11 20:00:00,5
16.53232015,-19.0169047,LA26,2013-05-11,08:20:00 PM,20:20:00,Cold-Dry,2013-05-11 20:20:00,5
16.53157959,-19.01710002,LA26,2013-05-11,08:40:00 PM,20:40:00,Cold-Dry,2013-05-11 20:40:00,5
16.53110555,-19.01723226,LA26,2013-05-11,09:00:00 PM,21:00:00,Cold-Dry,2013-05-11 21:00:00,5
16.53114624,-19.01720174,LA26,2013-05-11,09:20:00 PM,21:20:00,Cold-Dry,2013-05-11 21:20:00,5
16.53094076,-19.01773682,LA26,2013-05-11,09:40:00 PM,21:40:00,Cold-Dry,2013-05-11 21:40:00,5
16.53019104,-19.01851807,LA26,2013-05-11,10:00:00 PM,22:00:00,Cold-Dry,2013-05-11 22:00:00,5
16.52889709,-19.01892497,LA26,2013-05-11,10:20:00 PM,22:20:00,Cold-Dry,2013-05-11 22:20:00,5
16.52828064,-19.01924438,LA26,2013-05-11,10:40:00 PM,22:40:00,Cold-Dry,2013-05-11 22:40:00,5
16.52743632,-19.02052409,LA26,2013-05-11,11:00:00 PM,23:00:00,Cold-Dry,2013-05-11 23:00:00,5
16.52706807,-19.02093099,LA26,2013-05-11,11:20:00 PM,23:20:00,Cold-Dry,2013-05-11 23:20:00,5
16.52650859,-19.02073975,LA26,2013-05-11,11:40:00 PM,23:40:00,Cold-Dry,2013-05-11 23:40:00,5
16.52631734,-19.02072754,LA26,2013-05-12,12:00:00 AM,00:00:00,Cold-Dry,2013-05-12 00:00:00,5
16.52603963,-19.02074585,LA26,2013-05-12,12:20:00 AM,00:20:00,Cold-Dry,2013-05-12 00:20:00,5
16.52603353,-19.02083333,LA26,2013-05-12,12:40:00 AM,00:40:00,Cold-Dry,2013-05-12 00:40:00,5
16.52576396,-19.02151896,LA26,2013-05-12,01:00:00 AM,01:00:00,Cold-Dry,2013-05-12 01:00:00,5
16.52558187,-19.02149251,LA26,2013-05-12,01:20:00 AM,01:20:00,Cold-Dry,2013-05-12 01:20:00,5
16.52574565,-19.02153727,LA26,2013-05-12,01:40:00 AM,01:40:00,Cold-Dry,2013-05-12 01:40:00,5
16.52603149,-19.02177938,LA26,2013-05-12,02:00:00 AM,02:00:00,Cold-Dry,2013-05-12 02:00:00,5
16.52534993,-19.02357788,LA26,2013-05-12,02:20:00 AM,02:20:00,Cold-Dry,2013-05-12 02:20:00,5
16.52503255,-19.02317098,LA26,2013-05-12,02:40:00 AM,02:40:00,Cold-Dry,2013-05-12 02:40:00,5
16.52489421,-19.02316691,LA26,2013-05-12,03:00:00 AM,03:00:00,Cold-Dry,2013-05-12 03:00:00,5
16.52441406,-19.0227417,LA26,2013-05-12,03:20:00 AM,03:20:00,Cold-Dry,2013-05-12 03:20:00,5
16.52414653,-19.02275798,LA26,2013-05-12,03:40:00 AM,03:40:00,Cold-Dry,2013-05-12 03:40:00,5
16.52419535,-19.02272949,LA26,2013-05-12,04:00:00 AM,04:00:00,Cold-Dry,2013-05-12 04:00:00,5
16.52408142,-19.02243856,LA26,2013-05-12,04:20:00 AM,04:20:00,Cold-Dry,2013-05-12 04:20:00,5
16.52399089,-19.02204183,LA26,2013-05-12,04:40:00 AM,04:40:00,Cold-Dry,2013-05-12 04:40:00,5
16.52382507,-19.02195435,LA26,2013-05-12,05:00:00 AM,05:00:00,Cold-Dry,2013-05-12 05:00:00,5
16.52383016,-19.02141927,LA26,2013-05-12,05:20:00 AM,05:20:00,Cold-Dry,2013-05-12 05:20:00,5
16.52330627,-19.0213562,LA26,2013-05-12,05:40:00 AM,05:40:00,Cold-Dry,2013-05-12 05:40:00,5
16.52261658,-19.0211141,LA26,2013-05-12,06:00:00 AM,06:00:00,Cold-Dry,2013-05-12 06:00:00,5
16.52206523,-19.02053223,LA26,2013-05-12,06:20:00 AM,06:20:00,Cold-Dry,2013-05-12 06:20:00,5
16.52175802,-19.0199585,LA26,2013-05-12,06:40:00 AM,06:40:00,Cold-Dry,2013-05-12 06:40:00,5
16.5219279,-19.01986084,LA26,2013-05-12,07:00:00 AM,07:00:00,Cold-Dry,2013-05-12 07:00:00,5
16.52093404,-19.02091064,LA26,2013-05-12,07:20:00 AM,07:20:00,Cold-Dry,2013-05-12 07:20:00,5
16.51978251,-19.02082113,LA26,2013-05-12,07:40:00 AM,07:40:00,Cold-Dry,2013-05-12 07:40:00,5
16.51744995,-19.02134603,LA26,2013-05-12,08:00:00 AM,08:00:00,Cold-Dry,2013-05-12 08:00:00,5
16.51712443,-19.02141113,LA26,2013-05-12,08:20:00 AM,08:20:00,Cold-Dry,2013-05-12 08:20:00,5
16.51713765,-19.0214152,LA26,2013-05-12,08:40:00 AM,08:40:00,Cold-Dry,2013-05-12 08:40:00,5
16.51713562,-19.02140706,LA26,2013-05-12,09:00:00 AM,09:00:00,Cold-Dry,2013-05-12 09:00:00,5
16.51713969,-19.02138468,LA26,2013-05-12,09:20:00 AM,09:20:00,Cold-Dry,2013-05-12 09:20:00,5
16.51707967,-19.02155151,LA26,2013-05-12,09:40:00 AM,09:40:00,Cold-Dry,2013-05-12 09:40:00,5
16.51500142,-19.02207845,LA26,2013-05-12,10:00:00 AM,10:00:00,Cold-Dry,2013-05-12 10:00:00,5
16.51519877,-19.02184855,LA26,2013-05-12,10:20:00 AM,10:20:00,Cold-Dry,2013-05-12 10:20:00,5
16.51524455,-19.02183634,LA26,2013-05-12,10:40:00 AM,10:40:00,Cold-Dry,2013-05-12 10:40:00,5
16.5150238,-19.02195028,LA26,2013-05-12,11:00:00 AM,11:00:00,Cold-Dry,2013-05-12 11:00:00,5
16.5132192,-19.02425334,LA26,2013-05-12,11:20:00 AM,11:20:00,Cold-Dry,2013-05-12 11:20:00,5
16.51283366,-19.02527669,LA26,2013-05-12,11:40:00 AM,11:40:00,Cold-Dry,2013-05-12 11:40:00,5
16.5122996,-19.02530314,LA26,2013-05-12,12:00:00 PM,12:00:00,Cold-Dry,2013-05-12 12:00:00,5
16.51228841,-19.02532959,LA26,2013-05-12,12:20:00 PM,12:20:00,Cold-Dry,2013-05-12 12:20:00,5
16.51231689,-19.02531738,LA26,2013-05-12,12:40:00 PM,12:40:00,Cold-Dry,2013-05-12 12:40:00,5
16.51231588,-19.02532552,LA26,2013-05-12,01:00:00 PM,13:00:00,Cold-Dry,2013-05-12 13:00:00,5
16.51220805,-19.0255249,LA26,2013-05-12,01:20:00 PM,13:20:00,Cold-Dry,2013-05-12 13:20:00,5
16.5113739,-19.02619222,LA26,2013-05-12,01:40:00 PM,13:40:00,Cold-Dry,2013-05-12 13:40:00,5
16.51050822,-19.02706095,LA26,2013-05-12,02:00:00 PM,14:00:00,Cold-Dry,2013-05-12 14:00:00,5
16.51013184,-19.02798258,LA26,2013-05-12,02:20:00 PM,14:20:00,Cold-Dry,2013-05-12 14:20:00,5
16.50934855,-19.02797648,LA26,2013-05-12,02:40:00 PM,14:40:00,Cold-Dry,2013-05-12 14:40:00,5
16.50643717,-19.02941284,LA26,2013-05-12,03:00:00 PM,15:00:00,Cold-Dry,2013-05-12 15:00:00,5
16.50446777,-19.03067627,LA26,2013-05-12,03:20:00 PM,15:20:00,Cold-Dry,2013-05-12 15:20:00,5
16.50169474,-19.03103231,LA26,2013-05-12,03:40:00 PM,15:40:00,Cold-Dry,2013-05-12 15:40:00,5
16.49891459,-19.03133341,LA26,2013-05-12,04:00:00 PM,16:00:00,Cold-Dry,2013-05-12 16:00:00,5
16.49427694,-19.03320719,LA26,2013-05-12,04:20:00 PM,16:20:00,Cold-Dry,2013-05-12 16:20:00,5
16.49103495,-19.03467611,LA26,2013-05-12,04:40:00 PM,16:40:00,Cold-Dry,2013-05-12 16:40:00,5
16.48699137,-19.03797811,LA26,2013-05-12,05:00:00 PM,17:00:00,Cold-Dry,2013-05-12 17:00:00,5
16.47833354,-19.04102987,LA26,2013-05-12,05:20:00 PM,17:20:00,Cold-Dry,2013-05-12 17:20:00,5
16.47038778,-19.04119466,LA26,2013-05-12,05:40:00 PM,17:40:00,Cold-Dry,2013-05-12 17:40:00,5
16.47029928,-19.04011637,LA26,2013-05-12,06:00:00 PM,18:00:00,Cold-Dry,2013-05-12 18:00:00,5
16.47005208,-19.04014079,LA26,2013-05-12,06:20:00 PM,18:20:00,Cold-Dry,2013-05-12 18:20:00,5
16.46373291,-19.03614502,LA26,2013-05-12,06:40:00 PM,18:40:00,Cold-Dry,2013-05-12 18:40:00,5
16.46181742,-19.03373413,LA26,2013-05-12,07:00:00 PM,19:00:00,Cold-Dry,2013-05-12 19:00:00,5
16.45621033,-19.03133952,LA26,2013-05-12,07:20:00 PM,19:20:00,Cold-Dry,2013-05-12 19:20:00,5
16.45122986,-19.02925822,LA26,2013-05-12,07:40:00 PM,19:40:00,Cold-Dry,2013-05-12 19:40:00,5
16.448172,-19.02657064,LA26,2013-05-12,08:00:00 PM,20:00:00,Cold-Dry,2013-05-12 20:00:00,5
16.44674377,-19.02552083,LA26,2013-05-12,08:20:00 PM,20:20:00,Cold-Dry,2013-05-12 20:20:00,5
16.44304708,-19.02394613,LA26,2013-05-12,08:40:00 PM,20:40:00,Cold-Dry,2013-05-12 20:40:00,5
16.44122518,-19.02408854,LA26,2013-05-12,09:00:00 PM,21:00:00,Cold-Dry,2013-05-12 21:00:00,5
16.44001668,-19.02375488,LA26,2013-05-12,09:20:00 PM,21:20:00,Cold-Dry,2013-05-12 21:20:00,5
16.43932495,-19.02336222,LA26,2013-05-12,09:40:00 PM,21:40:00,Cold-Dry,2013-05-12 21:40:00,5
16.43850301,-19.02331136,LA26,2013-05-12,10:00:00 PM,22:00:00,Cold-Dry,2013-05-12 22:00:00,5
16.43833516,-19.02353516,LA26,2013-05-12,10:20:00 PM,22:20:00,Cold-Dry,2013-05-12 22:20:00,5
16.43740845,-19.02365926,LA26,2013-05-12,10:40:00 PM,22:40:00,Cold-Dry,2013-05-12 22:40:00,5
16.43566793,-19.02475382,LA26,2013-05-12,11:00:00 PM,23:00:00,Cold-Dry,2013-05-12 23:00:00,5
16.4345459,-19.02495728,LA26,2013-05-12,11:20:00 PM,23:20:00,Cold-Dry,2013-05-12 23:20:00,5
16.43302104,-19.0243632,LA26,2013-05-12,11:40:00 PM,23:40:00,Cold-Dry,2013-05-12 23:40:00,5
16.43271484,-19.02411499,LA26,2013-05-13,12:00:24 AM,00:00:00,Cold-Dry,2013-05-13 00:00:00,5
16.43274028,-19.02409871,LA26,2013-05-13,12:20:25 AM,00:20:00,Cold-Dry,2013-05-13 00:20:00,5
16.43238118,-19.02424113,LA26,2013-05-13,12:40:27 AM,00:40:00,Cold-Dry,2013-05-13 00:40:00,5
16.43279215,-19.02406413,LA26,2013-05-13,01:00:29 AM,01:00:00,Cold-Dry,2013-05-13 01:00:00,5
16.43275146,-19.02405192,LA26,2013-05-13,01:20:25 AM,01:20:00,Cold-Dry,2013-05-13 01:20:00,5
16.43273519,-19.02405396,LA26,2013-05-13,01:40:27 AM,01:40:00,Cold-Dry,2013-05-13 01:40:00,5
16.43272807,-19.02404785,LA26,2013-05-13,02:00:29 AM,02:00:00,Cold-Dry,2013-05-13 02:00:00,5
16.43278503,-19.02405599,LA26,2013-05-13,02:20:24 AM,02:20:00,Cold-Dry,2013-05-13 02:20:00,5
16.43276672,-19.02406209,LA26,2013-05-13,02:40:27 AM,02:40:00,Cold-Dry,2013-05-13 02:40:00,5
16.43276672,-19.02406413,LA26,2013-05-13,03:00:29 AM,03:00:00,Cold-Dry,2013-05-13 03:00:00,5
16.43269552,-19.02401733,LA26,2013-05-13,03:20:24 AM,03:20:00,Cold-Dry,2013-05-13 03:20:00,5
16.43266805,-19.02397868,LA26,2013-05-13,03:40:27 AM,03:40:00,Cold-Dry,2013-05-13 03:40:00,5
16.43266093,-19.02397868,LA26,2013-05-13,04:00:29 AM,04:00:00,Cold-Dry,2013-05-13 04:00:00,5
16.43268127,-19.02398275,LA26,2013-05-13,04:20:24 AM,04:20:00,Cold-Dry,2013-05-13 04:20:00,5
16.43132731,-19.02267253,LA26,2013-05-13,04:40:27 AM,04:40:00,Cold-Dry,2013-05-13 04:40:00,5
16.43117371,-19.02254028,LA26,2013-05-13,05:00:29 AM,05:00:00,Cold-Dry,2013-05-13 05:00:00,5
16.42981771,-19.02270508,LA26,2013-05-13,05:20:24 AM,05:20:00,Cold-Dry,2013-05-13 05:20:00,5
16.42876078,-19.02335205,LA26,2013-05-13,05:40:26 AM,05:40:00,Cold-Dry,2013-05-13 05:40:00,5
16.42668355,-19.02400106,LA26,2013-05-13,06:00:29 AM,06:00:00,Cold-Dry,2013-05-13 06:00:00,5
16.42471313,-19.02430827,LA26,2013-05-13,06:20:24 AM,06:20:00,Cold-Dry,2013-05-13 06:20:00,5
16.42390645,-19.0248881,LA26,2013-05-13,06:40:27 AM,06:40:00,Cold-Dry,2013-05-13 06:40:00,5
16.42295939,-19.0254069,LA26,2013-05-13,07:00:29 AM,07:00:00,Cold-Dry,2013-05-13 07:00:00,5
16.42222087,-19.02569784,LA26,2013-05-13,07:20:24 AM,07:20:00,Cold-Dry,2013-05-13 07:20:00,5
16.42098185,-19.02594198,LA26,2013-05-13,07:40:27 AM,07:40:00,Cold-Dry,2013-05-13 07:40:00,5
16.41985575,-19.02622884,LA26,2013-05-13,08:00:29 AM,08:00:00,Cold-Dry,2013-05-13 08:00:00,5
16.41664225,-19.02771606,LA26,2013-05-13,08:20:24 AM,08:20:00,Cold-Dry,2013-05-13 08:20:00,5
16.41301676,-19.0283488,LA26,2013-05-13,08:40:26 AM,08:40:00,Cold-Dry,2013-05-13 08:40:00,5
16.41228434,-19.02801921,LA26,2013-05-13,09:00:29 AM,09:00:00,Cold-Dry,2013-05-13 09:00:00,5
16.41228231,-19.02803752,LA26,2013-05-13,09:20:24 AM,09:20:00,Cold-Dry,2013-05-13 09:20:00,5
16.41227722,-19.02803345,LA26,2013-05-13,09:40:27 AM,09:40:00,Cold-Dry,2013-05-13 09:40:00,5
16.41226705,-19.02803345,LA26,2013-05-13,10:00:29 AM,10:00:00,Cold-Dry,2013-05-13 10:00:00,5
16.4117981,-19.02765503,LA26,2013-05-13,10:20:24 AM,10:20:00,Cold-Dry,2013-05-13 10:20:00,5
16.41120199,-19.0276001,LA26,2013-05-13,10:40:27 AM,10:40:00,Cold-Dry,2013-05-13 10:40:00,5
16.4107015,-19.02786458,LA26,2013-05-13,11:00:29 AM,11:00:00,Cold-Dry,2013-05-13 11:00:00,5
16.41071981,-19.02790324,LA26,2013-05-13,11:20:26 AM,11:20:00,Cold-Dry,2013-05-13 11:20:00,5
16.4107137,-19.02792969,LA26,2013-05-13,11:40:28 AM,11:40:00,Cold-Dry,2013-05-13 11:40:00,5
16.41072184,-19.02791138,LA26,2013-05-13,12:00:24 PM,12:00:00,Cold-Dry,2013-05-13 12:00:00,5
16.41071676,-19.02791545,LA26,2013-05-13,12:20:25 PM,12:20:00,Cold-Dry,2013-05-13 12:20:00,5
16.410731,-19.02790731,LA26,2013-05-13,12:40:27 PM,12:40:00,Cold-Dry,2013-05-13 12:40:00,5
16.41073201,-19.02792155,LA26,2013-05-13,01:00:29 PM,13:00:00,Cold-Dry,2013-05-13 13:00:00,5
16.40816243,-19.0280721,LA26,2013-05-13,01:20:24 PM,13:20:00,Cold-Dry,2013-05-13 13:20:00,5
16.40684204,-19.02826538,LA26,2013-05-13,01:40:27 PM,13:40:00,Cold-Dry,2013-05-13 13:40:00,5
16.40687663,-19.02830811,LA26,2013-05-13,02:00:29 PM,14:00:00,Cold-Dry,2013-05-13 14:00:00,5
16.40402425,-19.02866821,LA26,2013-05-13,02:20:24 PM,14:20:00,Cold-Dry,2013-05-13 14:20:00,5
16.40089213,-19.02860514,LA26,2013-05-13,02:40:27 PM,14:40:00,Cold-Dry,2013-05-13 14:40:00,5
16.39575704,-19.02726034,LA26,2013-05-13,03:00:29 PM,15:00:00,Cold-Dry,2013-05-13 15:00:00,5
16.39228821,-19.03003743,LA26,2013-05-13,03:20:24 PM,15:20:00,Cold-Dry,2013-05-13 15:20:00,5
16.38993429,-19.03180949,LA26,2013-05-13,03:40:27 PM,15:40:00,Cold-Dry,2013-05-13 15:40:00,5
16.38697205,-19.03348389,LA26,2013-05-13,04:00:29 PM,16:00:00,Cold-Dry,2013-05-13 16:00:00,5
16.37864583,-19.03429159,LA26,2013-05-13,04:20:24 PM,16:20:00,Cold-Dry,2013-05-13 16:20:00,5
16.37128499,-19.03422038,LA26,2013-05-13,04:40:26 PM,16:40:00,Cold-Dry,2013-05-13 16:40:00,5
16.36015828,-19.03493245,LA26,2013-05-13,05:00:29 PM,17:00:00,Cold-Dry,2013-05-13 17:00:00,5
16.35163472,-19.0351359,LA26,2013-05-13,05:20:24 PM,17:20:00,Cold-Dry,2013-05-13 17:20:00,5
16.34277954,-19.03656209,LA26,2013-05-13,05:40:27 PM,17:40:00,Cold-Dry,2013-05-13 17:40:00,5
16.34127299,-19.03793742,LA26,2013-05-13,06:00:29 PM,18:00:00,Cold-Dry,2013-05-13 18:00:00,5
16.33923645,-19.04225057,LA26,2013-05-13,06:20:24 PM,18:20:00,Cold-Dry,2013-05-13 18:20:00,5
16.33523966,-19.04750773,LA26,2013-05-13,06:40:27 PM,18:40:00,Cold-Dry,2013-05-13 18:40:00,5
16.33010661,-19.05326335,LA26,2013-05-13,07:00:29 PM,19:00:00,Cold-Dry,2013-05-13 19:00:00,5
16.32463888,-19.05883382,LA26,2013-05-13,07:20:24 PM,19:20:00,Cold-Dry,2013-05-13 19:20:00,5
16.32011312,-19.06208089,LA26,2013-05-13,07:40:27 PM,19:40:00,Cold-Dry,2013-05-13 19:40:00,5
16.31747233,-19.06565348,LA26,2013-05-13,08:00:29 PM,20:00:00,Cold-Dry,2013-05-13 20:00:00,5
16.31605428,-19.06864421,LA26,2013-05-13,08:20:24 PM,20:20:00,Cold-Dry,2013-05-13 20:20:00,5
16.31412557,-19.07148844,LA26,2013-05-13,08:40:26 PM,20:40:00,Cold-Dry,2013-05-13 20:40:00,5
16.31377462,-19.07171427,LA26,2013-05-13,09:00:29 PM,21:00:00,Cold-Dry,2013-05-13 21:00:00,5
16.31341654,-19.07212118,LA26,2013-05-13,09:20:26 PM,21:20:00,Cold-Dry,2013-05-13 21:20:00,5
16.31284281,-19.07253215,LA26,2013-05-13,09:40:28 PM,21:40:00,Cold-Dry,2013-05-13 21:40:00,5
16.30925395,-19.07497559,LA26,2013-05-13,10:00:24 PM,22:00:00,Cold-Dry,2013-05-13 22:00:00,5
16.30325419,-19.07850138,LA26,2013-05-13,10:20:27 PM,22:20:00,Cold-Dry,2013-05-13 22:20:00,5
16.3015981,-19.07858073,LA26,2013-05-13,10:40:29 PM,22:40:00,Cold-Dry,2013-05-13 22:40:00,5
16.30113729,-19.07858276,LA26,2013-05-13,11:00:24 PM,23:00:00,Cold-Dry,2013-05-13 23:00:00,5
16.30038147,-19.08005371,LA26,2013-05-13,11:20:27 PM,23:20:00,Cold-Dry,2013-05-13 23:20:00,5
16.29844157,-19.08269246,LA26,2013-05-13,11:40:29 PM,23:40:00,Cold-Dry,2013-05-13 23:40:00,5
16.29511617,-19.08489583,LA26,2013-05-14,12:00:24 AM,00:00:00,Cold-Dry,2013-05-14 00:00:00,5
16.2948995,-19.08643188,LA26,2013-05-14,12:20:24 AM,00:20:00,Cold-Dry,2013-05-14 00:20:00,5
16.29501953,-19.08763835,LA26,2013-05-14,12:40:26 AM,00:40:00,Cold-Dry,2013-05-14 00:40:00,5
16.29502665,-19.08801473,LA26,2013-05-14,01:00:28 AM,01:00:00,Cold-Dry,2013-05-14 01:00:00,5
16.29457804,-19.08911947,LA26,2013-05-14,01:20:24 AM,01:20:00,Cold-Dry,2013-05-14 01:20:00,5
16.29434306,-19.09014486,LA26,2013-05-14,01:40:27 AM,01:40:00,Cold-Dry,2013-05-14 01:40:00,5
16.29489746,-19.09075724,LA26,2013-05-14,02:00:29 AM,02:00:00,Cold-Dry,2013-05-14 02:00:00,5
16.29488322,-19.09081421,LA26,2013-05-14,02:20:24 AM,02:20:00,Cold-Dry,2013-05-14 02:20:00,5
16.29506124,-19.0907369,LA26,2013-05-14,02:40:27 AM,02:40:00,Cold-Dry,2013-05-14 02:40:00,5
16.29502665,-19.090802,LA26,2013-05-14,03:00:29 AM,03:00:00,Cold-Dry,2013-05-14 03:00:00,5
16.29499817,-19.09078369,LA26,2013-05-14,03:20:24 AM,03:20:00,Cold-Dry,2013-05-14 03:20:00,5
16.29497782,-19.09075317,LA26,2013-05-14,03:40:27 AM,03:40:00,Cold-Dry,2013-05-14 03:40:00,5
16.29498291,-19.09077962,LA26,2013-05-14,04:00:29 AM,04:00:00,Cold-Dry,2013-05-14 04:00:00,5
16.29416504,-19.09175822,LA26,2013-05-14,04:20:24 AM,04:20:00,Cold-Dry,2013-05-14 04:20:00,5
16.29473775,-19.09185588,LA26,2013-05-14,04:40:26 AM,04:40:00,Cold-Dry,2013-05-14 04:40:00,5
16.29509277,-19.09214071,LA26,2013-05-14,05:00:29 AM,05:00:00,Cold-Dry,2013-05-14 05:00:00,5
16.29480387,-19.09272868,LA26,2013-05-14,05:20:24 AM,05:20:00,Cold-Dry,2013-05-14 05:20:00,5
16.29278158,-19.0936259,LA26,2013-05-14,05:40:26 AM,05:40:00,Cold-Dry,2013-05-14 05:40:00,5
16.29220988,-19.09380697,LA26,2013-05-14,06:00:29 AM,06:00:00,Cold-Dry,2013-05-14 06:00:00,5
16.29105835,-19.09451294,LA26,2013-05-14,06:20:24 AM,06:20:00,Cold-Dry,2013-05-14 06:20:00,5
16.2905894,-19.0947347,LA26,2013-05-14,06:40:26 AM,06:40:00,Cold-Dry,2013-05-14 06:40:00,5
16.28993632,-19.09465739,LA26,2013-05-14,07:00:29 AM,07:00:00,Cold-Dry,2013-05-14 07:00:00,5
16.28981934,-19.09408773,LA26,2013-05-14,07:20:25 AM,07:20:00,Cold-Dry,2013-05-14 07:20:00,5
16.2900116,-19.09365234,LA26,2013-05-14,07:40:26 AM,07:40:00,Cold-Dry,2013-05-14 07:40:00,5
16.28988851,-19.09283447,LA26,2013-05-14,08:00:29 AM,08:00:00,Cold-Dry,2013-05-14 08:00:00,5
16.28880819,-19.09115397,LA26,2013-05-14,08:20:24 AM,08:20:00,Cold-Dry,2013-05-14 08:20:00,5
16.28806661,-19.09069214,LA26,2013-05-14,08:40:27 AM,08:40:00,Cold-Dry,2013-05-14 08:40:00,5
16.28788757,-19.09076335,LA26,2013-05-14,09:00:29 AM,09:00:00,Cold-Dry,2013-05-14 09:00:00,5
16.28789266,-19.09077962,LA26,2013-05-14,09:20:24 AM,09:20:00,Cold-Dry,2013-05-14 09:20:00,5
16.28788961,-19.09076538,LA26,2013-05-14,09:40:26 AM,09:40:00,Cold-Dry,2013-05-14 09:40:00,5
16.28822937,-19.09061483,LA26,2013-05-14,10:00:29 AM,10:00:00,Cold-Dry,2013-05-14 10:00:00,5
16.2880422,-19.09026693,LA26,2013-05-14,10:20:24 AM,10:20:00,Cold-Dry,2013-05-14 10:20:00,5
16.28760071,-19.08973185,LA26,2013-05-14,10:40:27 AM,10:40:00,Cold-Dry,2013-05-14 10:40:00,5
16.28760376,-19.08975423,LA26,2013-05-14,11:00:29 AM,11:00:00,Cold-Dry,2013-05-14 11:00:00,5
16.28760478,-19.08973796,LA26,2013-05-14,11:20:26 AM,11:20:00,Cold-Dry,2013-05-14 11:20:00,5
16.2875946,-19.08975423,LA26,2013-05-14,11:40:29 AM,11:40:00,Cold-Dry,2013-05-14 11:40:00,5
16.2866923,-19.08861694,LA26,2013-05-14,12:00:24 PM,12:00:00,Cold-Dry,2013-05-14 12:00:00,5
16.28658142,-19.0883606,LA26,2013-05-14,12:20:24 PM,12:20:00,Cold-Dry,2013-05-14 12:20:00,5
16.2865682,-19.0883728,LA26,2013-05-14,12:40:26 PM,12:40:00,Cold-Dry,2013-05-14 12:40:00,5
16.28658752,-19.08833618,LA26,2013-05-14,01:00:28 PM,13:00:00,Cold-Dry,2013-05-14 13:00:00,5
16.28652852,-19.08838908,LA26,2013-05-14,01:20:24 PM,13:20:00,Cold-Dry,2013-05-14 13:20:00,5
16.28621724,-19.08819377,LA26,2013-05-14,01:40:27 PM,13:40:00,Cold-Dry,2013-05-14 13:40:00,5
16.28401693,-19.08671875,LA26,2013-05-14,02:00:29 PM,14:00:00,Cold-Dry,2013-05-14 14:00:00,5
16.28186442,-19.08470866,LA26,2013-05-14,02:20:24 PM,14:20:00,Cold-Dry,2013-05-14 14:20:00,5
16.28073425,-19.08346965,LA26,2013-05-14,02:40:27 PM,14:40:00,Cold-Dry,2013-05-14 14:40:00,5
16.28044027,-19.08317261,LA26,2013-05-14,03:00:29 PM,15:00:00,Cold-Dry,2013-05-14 15:00:00,5
16.27814128,-19.08192952,LA26,2013-05-14,03:20:24 PM,15:20:00,Cold-Dry,2013-05-14 15:20:00,5
16.2738444,-19.08095703,LA26,2013-05-14,03:40:27 PM,15:40:00,Cold-Dry,2013-05-14 15:40:00,5
16.26677043,-19.07972616,LA26,2013-05-14,04:00:29 PM,16:00:00,Cold-Dry,2013-05-14 16:00:00,5
16.26339925,-19.07716878,LA26,2013-05-14,04:20:24 PM,16:20:00,Cold-Dry,2013-05-14 16:20:00,5
16.26274007,-19.07595011,LA26,2013-05-14,04:40:26 PM,16:40:00,Cold-Dry,2013-05-14 16:40:00,5
16.26183472,-19.07423503,LA26,2013-05-14,05:00:29 PM,17:00:00,Cold-Dry,2013-05-14 17:00:00,5
16.26045227,-19.07352498,LA26,2013-05-14,05:20:24 PM,17:20:00,Cold-Dry,2013-05-14 17:20:00,5
16.25587056,-19.07258301,LA26,2013-05-14,05:40:27 PM,17:40:00,Cold-Dry,2013-05-14 17:40:00,5
16.25184835,-19.07055868,LA26,2013-05-14,06:00:29 PM,18:00:00,Cold-Dry,2013-05-14 18:00:00,5
16.24740499,-19.0673645,LA26,2013-05-14,06:20:24 PM,18:20:00,Cold-Dry,2013-05-14 18:20:00,5
16.23959859,-19.06414998,LA26,2013-05-14,06:40:27 PM,18:40:00,Cold-Dry,2013-05-14 18:40:00,5
16.2334727,-19.06195882,LA26,2013-05-14,07:00:29 PM,19:00:00,Cold-Dry,2013-05-14 19:00:00,5
16.23227336,-19.06240438,LA26,2013-05-14,07:20:24 PM,19:20:00,Cold-Dry,2013-05-14 19:20:00,5
16.23030701,-19.06277669,LA26,2013-05-14,07:40:27 PM,19:40:00,Cold-Dry,2013-05-14 19:40:00,5
16.22142639,-19.062441,LA26,2013-05-14,08:00:29 PM,20:00:00,Cold-Dry,2013-05-14 20:00:00,5
16.21386617,-19.06088257,LA26,2013-05-14,08:20:24 PM,20:20:00,Cold-Dry,2013-05-14 20:20:00,5
16.20462545,-19.06098836,LA26,2013-05-14,08:40:27 PM,20:40:00,Cold-Dry,2013-05-14 20:40:00,5
16.1966156,-19.05750529,LA26,2013-05-14,09:00:30 PM,21:00:00,Cold-Dry,2013-05-14 21:00:00,5
16.19294027,-19.05280762,LA26,2013-05-14,09:20:24 PM,21:20:00,Cold-Dry,2013-05-14 21:20:00,5
16.19297078,-19.05437622,LA26,2013-05-14,09:40:26 PM,21:40:00,Cold-Dry,2013-05-14 21:40:00,5
16.19313965,-19.06060181,LA26,2013-05-14,10:00:29 PM,22:00:00,Cold-Dry,2013-05-14 22:00:00,5
16.19389038,-19.06842651,LA26,2013-05-14,10:20:24 PM,22:20:00,Cold-Dry,2013-05-14 22:20:00,5
16.19461365,-19.07664185,LA26,2013-05-14,10:40:26 PM,22:40:00,Cold-Dry,2013-05-14 22:40:00,5
16.19716593,-19.08060913,LA26,2013-05-14,11:00:29 PM,23:00:00,Cold-Dry,2013-05-14 23:00:00,5
16.19869385,-19.08630778,LA26,2013-05-14,11:20:24 PM,23:20:00,Cold-Dry,2013-05-14 23:20:00,5
16.19967041,-19.09026286,LA26,2013-05-14,11:40:26 PM,23:40:00,Cold-Dry,2013-05-14 23:40:00,5
16.19962972,-19.0913798,LA26,2013-05-15,12:00:29 AM,00:00:00,Cold-Dry,2013-05-15 00:00:00,5
16.19950663,-19.09197591,LA26,2013-05-15,12:20:24 AM,00:20:00,Cold-Dry,2013-05-15 00:20:00,5
16.19944865,-19.09226481,LA26,2013-05-15,12:40:26 AM,00:40:00,Cold-Dry,2013-05-15 00:40:00,5
16.19900818,-19.09258219,LA26,2013-05-15,01:00:28 AM,01:00:00,Cold-Dry,2013-05-15 01:00:00,5
16.19874878,-19.09302572,LA26,2013-05-15,01:20:24 AM,01:20:00,Cold-Dry,2013-05-15 01:20:00,5
16.19844869,-19.09321899,LA26,2013-05-15,01:40:27 AM,01:40:00,Cold-Dry,2013-05-15 01:40:00,5
16.19835002,-19.09321899,LA26,2013-05-15,02:00:29 AM,02:00:00,Cold-Dry,2013-05-15 02:00:00,5
16.19840291,-19.09328613,LA26,2013-05-15,02:20:24 AM,02:20:00,Cold-Dry,2013-05-15 02:20:00,5
16.1983429,-19.09328206,LA26,2013-05-15,02:40:26 AM,02:40:00,Cold-Dry,2013-05-15 02:40:00,5
16.19836629,-19.09325765,LA26,2013-05-15,03:00:29 AM,03:00:00,Cold-Dry,2013-05-15 03:00:00,5
16.19830831,-19.09333903,LA26,2013-05-15,03:20:24 AM,03:20:00,Cold-Dry,2013-05-15 03:20:00,5
16.19825439,-19.09353638,LA26,2013-05-15,03:40:27 AM,03:40:00,Cold-Dry,2013-05-15 03:40:00,5
16.19836324,-19.09364217,LA26,2013-05-15,04:00:29 AM,04:00:00,Cold-Dry,2013-05-15 04:00:00,5
16.19830729,-19.09361979,LA26,2013-05-15,04:20:24 AM,04:20:00,Cold-Dry,2013-05-15 04:20:00,5
16.19833374,-19.09359538,LA26,2013-05-15,04:40:27 AM,04:40:00,Cold-Dry,2013-05-15 04:40:00,5
16.19805196,-19.09511515,LA26,2013-05-15,05:00:29 AM,05:00:00,Cold-Dry,2013-05-15 05:00:00,5
16.19779765,-19.09577433,LA26,2013-05-15,05:20:24 AM,05:20:00,Cold-Dry,2013-05-15 05:20:00,5
16.1967041,-19.09586182,LA26,2013-05-15,05:40:27 AM,05:40:00,Cold-Dry,2013-05-15 05:40:00,5
16.19608663,-19.09568481,LA26,2013-05-15,06:00:29 AM,06:00:00,Cold-Dry,2013-05-15 06:00:00,5
16.19535014,-19.09465739,LA26,2013-05-15,06:20:24 AM,06:20:00,Cold-Dry,2013-05-15 06:20:00,5
16.19481913,-19.09436646,LA26,2013-05-15,06:40:27 AM,06:40:00,Cold-Dry,2013-05-15 06:40:00,5
16.19486491,-19.09402466,LA26,2013-05-15,07:00:29 AM,07:00:00,Cold-Dry,2013-05-15 07:00:00,5
16.19443054,-19.09363403,LA26,2013-05-15,07:20:24 AM,07:20:00,Cold-Dry,2013-05-15 07:20:00,5
16.194163,-19.09320475,LA26,2013-05-15,07:40:27 AM,07:40:00,Cold-Dry,2013-05-15 07:40:00,5
16.19410706,-19.09319255,LA26,2013-05-15,08:00:29 AM,08:00:00,Cold-Dry,2013-05-15 08:00:00,5
16.19334513,-19.09227295,LA26,2013-05-15,08:20:24 AM,08:20:00,Cold-Dry,2013-05-15 08:20:00,5
16.1915151,-19.09222209,LA26,2013-05-15,08:40:26 AM,08:40:00,Cold-Dry,2013-05-15 08:40:00,5
16.19061991,-19.09223836,LA26,2013-05-15,09:00:29 AM,09:00:00,Cold-Dry,2013-05-15 09:00:00,5
16.19067891,-19.09221598,LA26,2013-05-15,09:20:24 AM,09:20:00,Cold-Dry,2013-05-15 09:20:00,5
16.1907196,-19.09227498,LA26,2013-05-15,09:40:27 AM,09:40:00,Cold-Dry,2013-05-15 09:40:00,5
16.19033101,-19.09225057,LA26,2013-05-15,10:00:29 AM,10:00:00,Cold-Dry,2013-05-15 10:00:00,5
16.18996175,-19.09220378,LA26,2013-05-15,10:20:39 AM,10:20:00,Cold-Dry,2013-05-15 10:20:00,5
16.18995158,-19.09220378,LA26,2013-05-15,10:40:24 AM,10:40:00,Cold-Dry,2013-05-15 10:40:00,5
16.18991597,-19.09213257,LA26,2013-05-15,11:00:27 AM,11:00:00,Cold-Dry,2013-05-15 11:00:00,5
16.18990377,-19.09213053,LA26,2013-05-15,11:20:32 AM,11:20:00,Cold-Dry,2013-05-15 11:20:00,5
16.19007975,-19.09232381,LA26,2013-05-15,11:40:24 AM,11:40:00,Cold-Dry,2013-05-15 11:40:00,5
16.19019775,-19.0921814,LA26,2013-05-15,12:00:27 PM,12:00:00,Cold-Dry,2013-05-15 12:00:00,5
16.18957418,-19.09035238,LA26,2013-05-15,12:20:24 PM,12:20:00,Cold-Dry,2013-05-15 12:20:00,5
16.18906148,-19.08897705,LA26,2013-05-15,12:40:26 PM,12:40:00,Cold-Dry,2013-05-15 12:40:00,5
16.18912964,-19.08775024,LA26,2013-05-15,01:00:28 PM,13:00:00,Cold-Dry,2013-05-15 13:00:00,5
16.18919576,-19.08751628,LA26,2013-05-15,01:20:24 PM,13:20:00,Cold-Dry,2013-05-15 13:20:00,5
16.18921509,-19.08748983,LA26,2013-05-15,01:40:27 PM,13:40:00,Cold-Dry,2013-05-15 13:40:00,5
16.18971456,-19.08735962,LA26,2013-05-15,02:00:29 PM,14:00:00,Cold-Dry,2013-05-15 14:00:00,5
16.18978373,-19.08665365,LA26,2013-05-15,02:20:24 PM,14:20:00,Cold-Dry,2013-05-15 14:20:00,5
16.18883769,-19.08608602,LA26,2013-05-15,02:40:26 PM,14:40:00,Cold-Dry,2013-05-15 14:40:00,5
16.18822632,-19.08479207,LA26,2013-05-15,03:00:29 PM,15:00:00,Cold-Dry,2013-05-15 15:00:00,5
16.18772481,-19.0824056,LA26,2013-05-15,03:20:24 PM,15:20:00,Cold-Dry,2013-05-15 15:20:00,5
16.18859558,-19.08177694,LA26,2013-05-15,03:40:27 PM,15:40:00,Cold-Dry,2013-05-15 15:40:00,5
16.18883057,-19.0818929,LA26,2013-05-15,04:00:29 PM,16:00:00,Cold-Dry,2013-05-15 16:00:00,5
16.1894694,-19.0809082,LA26,2013-05-15,04:20:24 PM,16:20:00,Cold-Dry,2013-05-15 16:20:00,5
16.19121602,-19.07993774,LA26,2013-05-15,04:40:27 PM,16:40:00,Cold-Dry,2013-05-15 16:40:00,5
16.19264018,-19.07897135,LA26,2013-05-15,05:00:29 PM,17:00:00,Cold-Dry,2013-05-15 17:00:00,5
16.19373372,-19.07835286,LA26,2013-05-15,05:20:24 PM,17:20:00,Cold-Dry,2013-05-15 17:20:00,5
16.19460551,-19.07657471,LA26,2013-05-15,05:40:27 PM,17:40:00,Cold-Dry,2013-05-15 17:40:00,5
16.19404399,-19.07225342,LA26,2013-05-15,06:00:29 PM,18:00:00,Cold-Dry,2013-05-15 18:00:00,5
16.19403381,-19.06738892,LA26,2013-05-15,06:20:24 PM,18:20:00,Cold-Dry,2013-05-15 18:20:00,5
16.19316508,-19.06062215,LA26,2013-05-15,06:40:27 PM,18:40:00,Cold-Dry,2013-05-15 18:40:00,5
16.19246012,-19.05292969,LA26,2013-05-15,07:00:29 PM,19:00:00,Cold-Dry,2013-05-15 19:00:00,5
16.19298299,-19.05288086,LA26,2013-05-15,07:20:24 PM,19:20:00,Cold-Dry,2013-05-15 19:20:00,5
16.19425761,-19.05491333,LA26,2013-05-15,07:40:26 PM,19:40:00,Cold-Dry,2013-05-15 19:40:00,5
16.1960439,-19.06155192,LA26,2013-05-15,08:00:29 PM,20:00:00,Cold-Dry,2013-05-15 20:00:00,5
16.19765523,-19.06785482,LA26,2013-05-15,08:20:24 PM,20:20:00,Cold-Dry,2013-05-15 20:20:00,5
16.19799398,-19.07182414,LA26,2013-05-15,08:40:26 PM,20:40:00,Cold-Dry,2013-05-15 20:40:00,5
16.19981893,-19.07672933,LA26,2013-05-15,09:00:29 PM,21:00:00,Cold-Dry,2013-05-15 21:00:00,5
16.19998169,-19.08001506,LA26,2013-05-15,09:20:24 PM,21:20:00,Cold-Dry,2013-05-15 21:20:00,5
16.19968974,-19.08140869,LA26,2013-05-15,09:40:26 PM,21:40:00,Cold-Dry,2013-05-15 21:40:00,5
16.19992371,-19.08603516,LA26,2013-05-15,10:00:29 PM,22:00:00,Cold-Dry,2013-05-15 22:00:00,5
16.19934794,-19.09049886,LA26,2013-05-15,10:20:24 PM,22:20:00,Cold-Dry,2013-05-15 22:20:00,5
16.19896342,-19.09240519,LA26,2013-05-15,10:40:27 PM,22:40:00,Cold-Dry,2013-05-15 22:40:00,5
16.19950155,-19.09475708,LA26,2013-05-15,11:00:29 PM,23:00:00,Cold-Dry,2013-05-15 23:00:00,5
16.20020955,-19.09546102,LA26,2013-05-15,11:20:24 PM,23:20:00,Cold-Dry,2013-05-15 23:20:00,5
16.19992574,-19.09636637,LA26,2013-05-15,11:40:26 PM,23:40:00,Cold-Dry,2013-05-15 23:40:00,5
16.19938151,-19.09696859,LA26,2013-05-16,12:00:29 AM,00:00:00,Cold-Dry,2013-05-16 00:00:00,5
16.19913737,-19.09709676,LA26,2013-05-16,12:20:24 AM,00:20:00,Cold-Dry,2013-05-16 00:20:00,5
16.19893799,-19.09734701,LA26,2013-05-16,12:40:26 AM,00:40:00,Cold-Dry,2013-05-16 00:40:00,5
16.19894104,-19.09732869,LA26,2013-05-16,01:00:28 AM,01:00:00,Cold-Dry,2013-05-16 01:00:00,5
16.19789632,-19.09803467,LA26,2013-05-16,01:20:25 AM,01:20:00,Cold-Dry,2013-05-16 01:20:00,5
16.19734701,-19.10020345,LA26,2013-05-16,01:40:27 AM,01:40:00,Cold-Dry,2013-05-16 01:40:00,5
16.19734395,-19.10022786,LA26,2013-05-16,02:00:29 AM,02:00:00,Cold-Dry,2013-05-16 02:00:00,5
16.19738261,-19.100177,LA26,2013-05-16,02:20:24 AM,02:20:00,Cold-Dry,2013-05-16 02:20:00,5
16.19743754,-19.1002238,LA26,2013-05-16,02:40:26 AM,02:40:00,Cold-Dry,2013-05-16 02:40:00,5
16.1974172,-19.10029297,LA26,2013-05-16,03:00:30 AM,03:00:00,Cold-Dry,2013-05-16 03:00:00,5
16.19734294,-19.10038656,LA26,2013-05-16,03:20:24 AM,03:20:00,Cold-Dry,2013-05-16 03:20:00,5
16.19682312,-19.10111491,LA26,2013-05-16,03:40:26 AM,03:40:00,Cold-Dry,2013-05-16 03:40:00,5
16.1963328,-19.1014384,LA26,2013-05-16,04:00:29 AM,04:00:00,Cold-Dry,2013-05-16 04:00:00,5
16.19626567,-19.10166423,LA26,2013-05-16,04:20:24 AM,04:20:00,Cold-Dry,2013-05-16 04:20:00,5
16.19612834,-19.10263875,LA26,2013-05-16,04:40:27 AM,04:40:00,Cold-Dry,2013-05-16 04:40:00,5
16.19604594,-19.10317179,LA26,2013-05-16,05:00:29 AM,05:00:00,Cold-Dry,2013-05-16 05:00:00,5
16.19433797,-19.10434367,LA26,2013-05-16,05:20:24 AM,05:20:00,Cold-Dry,2013-05-16 05:20:00,5
16.19449565,-19.10568441,LA26,2013-05-16,05:40:26 AM,05:40:00,Cold-Dry,2013-05-16 05:40:00,5
16.19431559,-19.10616659,LA26,2013-05-16,06:00:29 AM,06:00:00,Cold-Dry,2013-05-16 06:00:00,5
16.19380595,-19.10658976,LA26,2013-05-16,06:20:24 AM,06:20:00,Cold-Dry,2013-05-16 06:20:00,5
16.19384664,-19.10670573,LA26,2013-05-16,06:40:27 AM,06:40:00,Cold-Dry,2013-05-16 06:40:00,5
16.19163411,-19.10464681,LA26,2013-05-16,07:00:29 AM,07:00:00,Cold-Dry,2013-05-16 07:00:00,5
16.19001872,-19.10315959,LA26,2013-05-16,07:20:24 AM,07:20:00,Cold-Dry,2013-05-16 07:20:00,5
16.18975728,-19.1029541,LA26,2013-05-16,07:40:26 AM,07:40:00,Cold-Dry,2013-05-16 07:40:00,5
16.18976339,-19.10296834,LA26,2013-05-16,08:00:29 AM,08:00:00,Cold-Dry,2013-05-16 08:00:00,5
16.18976237,-19.10298258,LA26,2013-05-16,08:20:24 AM,08:20:00,Cold-Dry,2013-05-16 08:20:00,5
16.1896342,-19.10200195,LA26,2013-05-16,08:40:27 AM,08:40:00,Cold-Dry,2013-05-16 08:40:00,5
16.1872111,-19.09955444,LA26,2013-05-16,09:00:29 AM,09:00:00,Cold-Dry,2013-05-16 09:00:00,5
16.18588664,-19.09831746,LA26,2013-05-16,09:20:24 AM,09:20:00,Cold-Dry,2013-05-16 09:20:00,5
16.1858551,-19.09830729,LA26,2013-05-16,09:40:26 AM,09:40:00,Cold-Dry,2013-05-16 09:40:00,5
16.18585612,-19.09830119,LA26,2013-05-16,10:00:29 AM,10:00:00,Cold-Dry,2013-05-16 10:00:00,5
16.1851593,-19.09748332,LA26,2013-05-16,10:20:24 AM,10:20:00,Cold-Dry,2013-05-16 10:20:00,5
16.1842865,-19.09656982,LA26,2013-05-16,10:40:27 AM,10:40:00,Cold-Dry,2013-05-16 10:40:00,5
16.18276774,-19.09732666,LA26,2013-05-16,11:00:33 AM,11:00:00,Cold-Dry,2013-05-16 11:00:00,5
16.18275452,-19.09735921,LA26,2013-05-16,11:20:24 AM,11:20:00,Cold-Dry,2013-05-16 11:20:00,5
16.18273417,-19.09731852,LA26,2013-05-16,11:40:26 AM,11:40:00,Cold-Dry,2013-05-16 11:40:00,5
16.18276265,-19.09731649,LA26,2013-05-16,12:00:29 PM,12:00:00,Cold-Dry,2013-05-16 12:00:00,5
16.18276164,-19.0973348,LA26,2013-05-16,12:20:24 PM,12:20:00,Cold-Dry,2013-05-16 12:20:00,5
16.18272196,-19.09593506,LA26,2013-05-16,12:40:26 PM,12:40:00,Cold-Dry,2013-05-16 12:40:00,5
16.18351949,-19.09430745,LA26,2013-05-16,01:00:28 PM,13:00:00,Cold-Dry,2013-05-16 13:00:00,5
16.18348185,-19.09411825,LA26,2013-05-16,01:20:24 PM,13:20:00,Cold-Dry,2013-05-16 13:20:00,5
16.18363444,-19.09423014,LA26,2013-05-16,01:40:27 PM,13:40:00,Cold-Dry,2013-05-16 13:40:00,5
16.18346558,-19.09303589,LA26,2013-05-16,02:00:29 PM,14:00:00,Cold-Dry,2013-05-16 14:00:00,5
16.18223267,-19.08913371,LA26,2013-05-16,02:20:24 PM,14:20:00,Cold-Dry,2013-05-16 14:20:00,5
16.18193665,-19.08703613,LA26,2013-05-16,02:40:27 PM,14:40:00,Cold-Dry,2013-05-16 14:40:00,5
16.18312073,-19.08704427,LA26,2013-05-16,03:00:29 PM,15:00:00,Cold-Dry,2013-05-16 15:00:00,5
16.18421631,-19.08632406,LA26,2013-05-16,03:20:24 PM,15:20:00,Cold-Dry,2013-05-16 15:20:00,5
16.18532308,-19.08630371,LA26,2013-05-16,03:40:27 PM,15:40:00,Cold-Dry,2013-05-16 15:40:00,5
16.18523763,-19.08350627,LA26,2013-05-16,04:00:29 PM,16:00:00,Cold-Dry,2013-05-16 16:00:00,5
16.18654073,-19.08225505,LA26,2013-05-16,04:20:24 PM,16:20:00,Cold-Dry,2013-05-16 16:20:00,5
16.18814799,-19.07770996,LA26,2013-05-16,04:40:26 PM,16:40:00,Cold-Dry,2013-05-16 16:40:00,5
16.18785299,-19.07183024,LA26,2013-05-16,05:00:29 PM,17:00:00,Cold-Dry,2013-05-16 17:00:00,5
16.18787028,-19.06700236,LA26,2013-05-16,05:20:24 PM,17:20:00,Cold-Dry,2013-05-16 17:20:00,5
16.19001261,-19.06024373,LA26,2013-05-16,05:40:27 PM,17:40:00,Cold-Dry,2013-05-16 17:40:00,5
16.19288228,-19.05300903,LA26,2013-05-16,06:00:29 PM,18:00:00,Cold-Dry,2013-05-16 18:00:00,5
16.19329427,-19.05348918,LA26,2013-05-16,06:20:24 PM,18:20:00,Cold-Dry,2013-05-16 18:20:00,5
16.19316813,-19.05597738,LA26,2013-05-16,06:40:27 PM,18:40:00,Cold-Dry,2013-05-16 18:40:00,5
16.19287415,-19.05915731,LA26,2013-05-16,07:00:29 PM,19:00:00,Cold-Dry,2013-05-16 19:00:00,5
16.19336243,-19.06186117,LA26,2013-05-16,07:20:24 PM,19:20:00,Cold-Dry,2013-05-16 19:20:00,5
16.19277852,-19.06621501,LA26,2013-05-16,07:40:26 PM,19:40:00,Cold-Dry,2013-05-16 19:40:00,5
16.18958639,-19.07403158,LA26,2013-05-16,08:00:29 PM,20:00:00,Cold-Dry,2013-05-16 20:00:00,5
16.1867452,-19.07959188,LA26,2013-05-16,08:20:24 PM,20:20:00,Cold-Dry,2013-05-16 20:20:00,5
16.18554077,-19.08201904,LA26,2013-05-16,08:40:26 PM,20:40:00,Cold-Dry,2013-05-16 20:40:00,5
16.1863088,-19.08518473,LA26,2013-05-16,09:00:33 PM,21:00:00,Cold-Dry,2013-05-16 21:00:00,5
16.1863088,-19.08652954,LA26,2013-05-16,09:20:24 PM,21:20:00,Cold-Dry,2013-05-16 21:20:00,5
16.18573812,-19.09030151,LA26,2013-05-16,09:40:26 PM,21:40:00,Cold-Dry,2013-05-16 21:40:00,5
16.18572489,-19.09329834,LA26,2013-05-16,10:00:29 PM,22:00:00,Cold-Dry,2013-05-16 22:00:00,5
16.18565776,-19.0946757,LA26,2013-05-16,10:20:24 PM,22:20:00,Cold-Dry,2013-05-16 22:20:00,5
16.18576558,-19.0963501,LA26,2013-05-16,10:40:27 PM,22:40:00,Cold-Dry,2013-05-16 22:40:00,5
16.1861674,-19.09698283,LA26,2013-05-16,11:00:30 PM,23:00:00,Cold-Dry,2013-05-16 23:00:00,5
16.18632914,-19.09712931,LA26,2013-05-16,11:20:24 PM,23:20:00,Cold-Dry,2013-05-16 23:20:00,5
16.18683573,-19.09782104,LA26,2013-05-16,11:40:27 PM,23:40:00,Cold-Dry,2013-05-16 23:40:00,5
16.18726298,-19.0981486,LA26,2013-05-17,12:00:29 AM,00:00:00,Cold-Dry,2013-05-17 00:00:00,5
16.18725586,-19.0982666,LA26,2013-05-17,12:20:24 AM,00:20:00,Cold-Dry,2013-05-17 00:20:00,5
16.1872701,-19.09836629,LA26,2013-05-17,12:40:26 AM,00:40:00,Cold-Dry,2013-05-17 00:40:00,5
16.18736369,-19.09835612,LA26,2013-05-17,01:00:28 AM,01:00:00,Cold-Dry,2013-05-17 01:00:00,5
16.18736572,-19.09838664,LA26,2013-05-17,01:20:24 AM,01:20:00,Cold-Dry,2013-05-17 01:20:00,5
16.18694051,-19.09910075,LA26,2013-05-17,01:40:27 AM,01:40:00,Cold-Dry,2013-05-17 01:40:00,5
16.18651428,-19.0994812,LA26,2013-05-17,02:00:29 AM,02:00:00,Cold-Dry,2013-05-17 02:00:00,5
16.18643901,-19.09936727,LA26,2013-05-17,02:20:27 AM,02:20:00,Cold-Dry,2013-05-17 02:20:00,5
16.18639933,-19.09942017,LA26,2013-05-17,02:40:37 AM,02:40:00,Cold-Dry,2013-05-17 02:40:00,5
16.18637085,-19.09946289,LA26,2013-05-17,03:00:29 AM,03:00:00,Cold-Dry,2013-05-17 03:00:00,5
16.18640137,-19.09940796,LA26,2013-05-17,03:20:30 AM,03:20:00,Cold-Dry,2013-05-17 03:20:00,5
16.18641764,-19.09940999,LA26,2013-05-17,03:40:27 AM,03:40:00,Cold-Dry,2013-05-17 03:40:00,5
16.18634338,-19.09929199,LA26,2013-05-17,04:00:28 AM,04:00:00,Cold-Dry,2013-05-17 04:00:00,5
16.18636271,-19.09928792,LA26,2013-05-17,04:20:24 AM,04:20:00,Cold-Dry,2013-05-17 04:20:00,5
16.18626506,-19.09934692,LA26,2013-05-17,04:40:26 AM,04:40:00,Cold-Dry,2013-05-17 04:40:00,5
16.18540344,-19.10033162,LA26,2013-05-17,05:00:29 AM,05:00:00,Cold-Dry,2013-05-17 05:00:00,5
16.18435364,-19.10505168,LA26,2013-05-17,05:20:24 AM,05:20:00,Cold-Dry,2013-05-17 05:20:00,5
16.18540853,-19.10851644,LA26,2013-05-17,05:40:26 AM,05:40:00,Cold-Dry,2013-05-17 05:40:00,5
16.18544108,-19.11055094,LA26,2013-05-17,06:00:29 AM,06:00:00,Cold-Dry,2013-05-17 06:00:00,5
16.18516134,-19.11596883,LA26,2013-05-17,06:20:24 AM,06:20:00,Cold-Dry,2013-05-17 06:20:00,5
16.1854716,-19.11976318,LA26,2013-05-17,06:40:27 AM,06:40:00,Cold-Dry,2013-05-17 06:40:00,5
16.18511658,-19.12147827,LA26,2013-05-17,07:00:29 AM,07:00:00,Cold-Dry,2013-05-17 07:00:00,5
16.18410746,-19.12223918,LA26,2013-05-17,07:20:24 AM,07:20:00,Cold-Dry,2013-05-17 07:20:00,5
16.18350627,-19.12212524,LA26,2013-05-17,07:40:26 AM,07:40:00,Cold-Dry,2013-05-17 07:40:00,5
16.18242391,-19.12152303,LA26,2013-05-17,08:00:29 AM,08:00:00,Cold-Dry,2013-05-17 08:00:00,5
16.18171387,-19.12097982,LA26,2013-05-17,08:20:24 AM,08:20:00,Cold-Dry,2013-05-17 08:20:00,5
16.18130798,-19.12111003,LA26,2013-05-17,08:40:26 AM,08:40:00,Cold-Dry,2013-05-17 08:40:00,5
16.18004862,-19.11917318,LA26,2013-05-17,09:00:29 AM,09:00:00,Cold-Dry,2013-05-17 09:00:00,5
16.18007304,-19.11918335,LA26,2013-05-17,09:20:24 AM,09:20:00,Cold-Dry,2013-05-17 09:20:00,5
16.18005269,-19.11919963,LA26,2013-05-17,09:40:26 AM,09:40:00,Cold-Dry,2013-05-17 09:40:00,5
16.18009542,-19.11919759,LA26,2013-05-17,10:00:29 AM,10:00:00,Cold-Dry,2013-05-17 10:00:00,5
16.18001912,-19.11924235,LA26,2013-05-17,10:20:24 AM,10:20:00,Cold-Dry,2013-05-17 10:20:00,5
16.18004761,-19.11918335,LA26,2013-05-17,10:40:27 AM,10:40:00,Cold-Dry,2013-05-17 10:40:00,5
16.18006287,-19.11921387,LA26,2013-05-17,11:00:29 AM,11:00:00,Cold-Dry,2013-05-17 11:00:00,5
16.18009644,-19.11918945,LA26,2013-05-17,11:20:24 AM,11:20:00,Cold-Dry,2013-05-17 11:20:00,5
16.1795461,-19.11820679,LA26,2013-05-17,11:40:27 AM,11:40:00,Cold-Dry,2013-05-17 11:40:00,5
16.1793396,-19.11789958,LA26,2013-05-17,12:00:29 PM,12:00:00,Cold-Dry,2013-05-17 12:00:00,5
16.17866618,-19.11575928,LA26,2013-05-17,12:20:24 PM,12:20:00,Cold-Dry,2013-05-17 12:20:00,5
16.17866109,-19.11546631,LA26,2013-05-17,12:40:26 PM,12:40:00,Cold-Dry,2013-05-17 12:40:00,5
16.17867228,-19.11539714,LA26,2013-05-17,01:00:28 PM,13:00:00,Cold-Dry,2013-05-17 13:00:00,5
16.17866618,-19.11538493,LA26,2013-05-17,01:20:24 PM,13:20:00,Cold-Dry,2013-05-17 13:20:00,5
16.1772583,-19.1134318,LA26,2013-05-17,01:40:27 PM,13:40:00,Cold-Dry,2013-05-17 13:40:00,5
16.17688599,-19.1116984,LA26,2013-05-17,02:00:29 PM,14:00:00,Cold-Dry,2013-05-17 14:00:00,5
16.17525736,-19.1109904,LA26,2013-05-17,02:20:24 PM,14:20:00,Cold-Dry,2013-05-17 14:20:00,5
16.17447205,-19.10880737,LA26,2013-05-17,02:40:28 PM,14:40:00,Cold-Dry,2013-05-17 14:40:00,5
16.17299398,-19.10709025,LA26,2013-05-17,03:00:29 PM,15:00:00,Cold-Dry,2013-05-17 15:00:00,5
16.17200724,-19.1039327,LA26,2013-05-17,03:20:24 PM,15:20:00,Cold-Dry,2013-05-17 15:20:00,5
16.17125448,-19.10024007,LA26,2013-05-17,03:40:27 PM,15:40:00,Cold-Dry,2013-05-17 15:40:00,5
16.17151388,-19.0993103,LA26,2013-05-17,04:00:29 PM,16:00:00,Cold-Dry,2013-05-17 16:00:00,5
16.17288513,-19.09650879,LA26,2013-05-17,04:20:24 PM,16:20:00,Cold-Dry,2013-05-17 16:20:00,5
16.17622884,-19.09216309,LA26,2013-05-17,04:40:27 PM,16:40:00,Cold-Dry,2013-05-17 16:40:00,5
16.18051758,-19.08839315,LA26,2013-05-17,05:00:29 PM,17:00:00,Cold-Dry,2013-05-17 17:00:00,5
16.18223267,-19.08662923,LA26,2013-05-17,05:20:24 PM,17:20:00,Cold-Dry,2013-05-17 17:20:00,5
16.18302714,-19.08423869,LA26,2013-05-17,05:40:27 PM,17:40:00,Cold-Dry,2013-05-17 17:40:00,5
16.18393453,-19.08345947,LA26,2013-05-17,06:00:29 PM,18:00:00,Cold-Dry,2013-05-17 18:00:00,5
16.18579203,-19.08231812,LA26,2013-05-17,06:20:24 PM,18:20:00,Cold-Dry,2013-05-17 18:20:00,5
16.18624471,-19.08107707,LA26,2013-05-17,06:40:27 PM,18:40:00,Cold-Dry,2013-05-17 18:40:00,5
16.18695068,-19.08003337,LA26,2013-05-17,07:00:29 PM,19:00:00,Cold-Dry,2013-05-17 19:00:00,5
16.18794454,-19.07885539,LA26,2013-05-17,07:20:24 PM,19:20:00,Cold-Dry,2013-05-17 19:20:00,5
16.18791402,-19.07649333,LA26,2013-05-17,07:40:27 PM,19:40:00,Cold-Dry,2013-05-17 19:40:00,5
16.18923848,-19.06938477,LA26,2013-05-17,08:00:29 PM,20:00:00,Cold-Dry,2013-05-17 20:00:00,5
16.19340922,-19.0635498,LA26,2013-05-17,08:20:24 PM,20:20:00,Cold-Dry,2013-05-17 20:20:00,5
16.19315084,-19.0559021,LA26,2013-05-17,08:40:27 PM,20:40:00,Cold-Dry,2013-05-17 20:40:00,5
16.19256185,-19.05268758,LA26,2013-05-17,09:00:29 PM,21:00:00,Cold-Dry,2013-05-17 21:00:00,5
16.19370829,-19.05432739,LA26,2013-05-17,09:20:24 PM,21:20:00,Cold-Dry,2013-05-17 21:20:00,5
16.19606832,-19.06166178,LA26,2013-05-17,09:40:27 PM,21:40:00,Cold-Dry,2013-05-17 21:40:00,5
16.19777527,-19.06946818,LA26,2013-05-17,10:00:29 PM,22:00:00,Cold-Dry,2013-05-17 22:00:00,5
16.19935811,-19.07568766,LA26,2013-05-17,10:20:24 PM,22:20:00,Cold-Dry,2013-05-17 22:20:00,5
16.20097046,-19.08116048,LA26,2013-05-17,10:40:26 PM,22:40:00,Cold-Dry,2013-05-17 22:40:00,5
16.20360718,-19.08679606,LA26,2013-05-17,11:00:29 PM,23:00:00,Cold-Dry,2013-05-17 23:00:00,5
16.20439657,-19.08842163,LA26,2013-05-17,11:20:25 PM,23:20:00,Cold-Dry,2013-05-17 23:20:00,5
16.20415649,-19.09024862,LA26,2013-05-17,11:40:27 PM,23:40:00,Cold-Dry,2013-05-17 23:40:00,5
16.20411886,-19.09179891,LA26,2013-05-18,12:00:29 AM,00:00:00,Cold-Dry,2013-05-18 00:00:00,5
16.20448608,-19.09301758,LA26,2013-05-18,12:20:24 AM,00:20:00,Cold-Dry,2013-05-18 00:20:00,5
16.2044932,-19.09485677,LA26,2013-05-18,12:40:26 AM,00:40:00,Cold-Dry,2013-05-18 00:40:00,5
16.20461222,-19.09521484,LA26,2013-05-18,01:00:28 AM,01:00:00,Cold-Dry,2013-05-18 01:00:00,5
16.20476583,-19.09572754,LA26,2013-05-18,01:20:24 AM,01:20:00,Cold-Dry,2013-05-18 01:20:00,5
16.20489807,-19.09587199,LA26,2013-05-18,01:40:26 AM,01:40:00,Cold-Dry,2013-05-18 01:40:00,5
16.20538432,-19.09714762,LA26,2013-05-18,02:00:29 AM,02:00:00,Cold-Dry,2013-05-18 02:00:00,5
16.20551656,-19.09772746,LA26,2013-05-18,02:20:24 AM,02:20:00,Cold-Dry,2013-05-18 02:20:00,5
16.20575358,-19.0982605,LA26,2013-05-18,02:40:26 AM,02:40:00,Cold-Dry,2013-05-18 02:40:00,5
16.20575155,-19.09828695,LA26,2013-05-18,03:00:29 AM,03:00:00,Cold-Dry,2013-05-18 03:00:00,5
16.20569153,-19.09829508,LA26,2013-05-18,03:20:26 AM,03:20:00,Cold-Dry,2013-05-18 03:20:00,5
16.2057373,-19.09828288,LA26,2013-05-18,03:40:28 AM,03:40:00,Cold-Dry,2013-05-18 03:40:00,5
16.20578003,-19.09828898,LA26,2013-05-18,04:00:24 AM,04:00:00,Cold-Dry,2013-05-18 04:00:00,5
16.20602824,-19.10031535,LA26,2013-05-18,04:20:26 AM,04:20:00,Cold-Dry,2013-05-18 04:20:00,5
16.20648905,-19.10192668,LA26,2013-05-18,04:40:29 AM,04:40:00,Cold-Dry,2013-05-18 04:40:00,5
16.20682271,-19.10253499,LA26,2013-05-18,05:00:24 AM,05:00:00,Cold-Dry,2013-05-18 05:00:00,5
16.20721232,-19.10371094,LA26,2013-05-18,05:20:27 AM,05:20:00,Cold-Dry,2013-05-18 05:20:00,5
16.20667928,-19.1065918,LA26,2013-05-18,05:40:29 AM,05:40:00,Cold-Dry,2013-05-18 05:40:00,5
16.20569255,-19.10817057,LA26,2013-05-18,06:00:24 AM,06:00:00,Cold-Dry,2013-05-18 06:00:00,5
16.20444539,-19.10927531,LA26,2013-05-18,06:20:27 AM,06:20:00,Cold-Dry,2013-05-18 06:20:00,5
16.20307109,-19.11075846,LA26,2013-05-18,06:40:29 AM,06:40:00,Cold-Dry,2013-05-18 06:40:00,5
16.20241496,-19.11180623,LA26,2013-05-18,07:00:24 AM,07:00:00,Cold-Dry,2013-05-18 07:00:00,5
16.20396322,-19.1131368,LA26,2013-05-18,07:20:27 AM,07:20:00,Cold-Dry,2013-05-18 07:20:00,5
16.20428162,-19.11849772,LA26,2013-05-18,07:40:29 AM,07:40:00,Cold-Dry,2013-05-18 07:40:00,5
16.20347697,-19.12071737,LA26,2013-05-18,08:00:24 AM,08:00:00,Cold-Dry,2013-05-18 08:00:00,5
16.20281067,-19.12180786,LA26,2013-05-18,08:20:26 AM,08:20:00,Cold-Dry,2013-05-18 08:20:00,5
16.20278931,-19.12182414,LA26,2013-05-18,08:40:29 AM,08:40:00,Cold-Dry,2013-05-18 08:40:00,5
16.20284526,-19.12180583,LA26,2013-05-18,09:00:24 AM,09:00:00,Cold-Dry,2013-05-18 09:00:00,5
16.20281169,-19.12182617,LA26,2013-05-18,09:20:27 AM,09:20:00,Cold-Dry,2013-05-18 09:20:00,5
16.20283508,-19.12179362,LA26,2013-05-18,09:40:29 AM,09:40:00,Cold-Dry,2013-05-18 09:40:00,5
16.2027832,-19.12174276,LA26,2013-05-18,10:00:24 AM,10:00:00,Cold-Dry,2013-05-18 10:00:00,5
16.20186666,-19.12120158,LA26,2013-05-18,10:20:27 AM,10:20:00,Cold-Dry,2013-05-18 10:20:00,5
16.20196431,-19.12125244,LA26,2013-05-18,10:40:29 AM,10:40:00,Cold-Dry,2013-05-18 10:40:00,5
16.20146688,-19.1208903,LA26,2013-05-18,11:00:24 AM,11:00:00,Cold-Dry,2013-05-18 11:00:00,5
16.2013326,-19.12092082,LA26,2013-05-18,11:20:27 AM,11:20:00,Cold-Dry,2013-05-18 11:20:00,5
16.20131836,-19.12089233,LA26,2013-05-18,11:40:29 AM,11:40:00,Cold-Dry,2013-05-18 11:40:00,5
16.20133057,-19.12087809,LA26,2013-05-18,12:00:24 PM,12:00:00,Cold-Dry,2013-05-18 12:00:00,5
16.20134888,-19.12038167,LA26,2013-05-18,12:20:24 PM,12:20:00,Cold-Dry,2013-05-18 12:20:00,5
16.20104675,-19.11870321,LA26,2013-05-18,12:40:26 PM,12:40:00,Cold-Dry,2013-05-18 12:40:00,5
16.20066528,-19.11786296,LA26,2013-05-18,01:00:28 PM,13:00:00,Cold-Dry,2013-05-18 13:00:00,5
16.2004659,-19.11638184,LA26,2013-05-18,01:20:24 PM,13:20:00,Cold-Dry,2013-05-18 13:20:00,5
16.20048726,-19.11636149,LA26,2013-05-18,01:40:27 PM,13:40:00,Cold-Dry,2013-05-18 13:40:00,5
16.20045268,-19.1161499,LA26,2013-05-18,02:00:29 PM,14:00:00,Cold-Dry,2013-05-18 14:00:00,5
16.19963481,-19.11432902,LA26,2013-05-18,02:20:24 PM,14:20:00,Cold-Dry,2013-05-18 14:20:00,5
16.19796346,-19.11218058,LA26,2013-05-18,02:40:26 PM,14:40:00,Cold-Dry,2013-05-18 14:40:00,5
16.19655558,-19.10936483,LA26,2013-05-18,03:00:29 PM,15:00:00,Cold-Dry,2013-05-18 15:00:00,5
16.19584045,-19.10586955,LA26,2013-05-18,03:20:24 PM,15:20:00,Cold-Dry,2013-05-18 15:20:00,5
16.19538879,-19.10375773,LA26,2013-05-18,03:40:26 PM,15:40:00,Cold-Dry,2013-05-18 15:40:00,5
16.19600627,-19.10167033,LA26,2013-05-18,04:00:29 PM,16:00:00,Cold-Dry,2013-05-18 16:00:00,5
16.19513448,-19.09884644,LA26,2013-05-18,04:20:24 PM,16:20:00,Cold-Dry,2013-05-18 16:20:00,5
16.19552104,-19.09768677,LA26,2013-05-18,04:40:27 PM,16:40:00,Cold-Dry,2013-05-18 16:40:00,5
16.19488424,-19.09556681,LA26,2013-05-18,05:00:29 PM,17:00:00,Cold-Dry,2013-05-18 17:00:00,5
16.19468791,-19.09490763,LA26,2013-05-18,05:20:25 PM,17:20:00,Cold-Dry,2013-05-18 17:20:00,5
16.1943044,-19.09366659,LA26,2013-05-18,05:40:27 PM,17:40:00,Cold-Dry,2013-05-18 17:40:00,5
16.19425049,-19.09307251,LA26,2013-05-18,06:00:29 PM,18:00:00,Cold-Dry,2013-05-18 18:00:00,5
16.19381409,-19.09111938,LA26,2013-05-18,06:20:24 PM,18:20:00,Cold-Dry,2013-05-18 18:20:00,5
16.19402364,-19.08642985,LA26,2013-05-18,06:40:26 PM,18:40:00,Cold-Dry,2013-05-18 18:40:00,5
16.19402466,-19.08133545,LA26,2013-05-18,07:00:29 PM,19:00:00,Cold-Dry,2013-05-18 19:00:00,5
16.19417623,-19.07830607,LA26,2013-05-18,07:20:24 PM,19:20:00,Cold-Dry,2013-05-18 19:20:00,5
16.19451701,-19.07503459,LA26,2013-05-18,07:40:27 PM,19:40:00,Cold-Dry,2013-05-18 19:40:00,5
16.19396973,-19.0667216,LA26,2013-05-18,08:00:29 PM,20:00:00,Cold-Dry,2013-05-18 20:00:00,5
16.19284465,-19.05845337,LA26,2013-05-18,08:20:24 PM,20:20:00,Cold-Dry,2013-05-18 20:20:00,5
16.19319763,-19.05287476,LA26,2013-05-18,08:40:26 PM,20:40:00,Cold-Dry,2013-05-18 20:40:00,5
16.1938619,-19.05408325,LA26,2013-05-18,09:00:29 PM,21:00:00,Cold-Dry,2013-05-18 21:00:00,5
16.19568481,-19.06019694,LA26,2013-05-18,09:20:24 PM,21:20:00,Cold-Dry,2013-05-18 21:20:00,5
16.19732157,-19.06650391,LA26,2013-05-18,09:40:26 PM,21:40:00,Cold-Dry,2013-05-18 21:40:00,5
16.19814351,-19.07262573,LA26,2013-05-18,10:00:29 PM,22:00:00,Cold-Dry,2013-05-18 22:00:00,5
16.19939168,-19.07743734,LA26,2013-05-18,10:20:24 PM,22:20:00,Cold-Dry,2013-05-18 22:20:00,5
16.20104167,-19.08481445,LA26,2013-05-18,10:40:27 PM,22:40:00,Cold-Dry,2013-05-18 22:40:00,5
16.20226746,-19.09049886,LA26,2013-05-18,11:00:29 PM,23:00:00,Cold-Dry,2013-05-18 23:00:00,5
16.20255839,-19.09272868,LA26,2013-05-18,11:20:24 PM,23:20:00,Cold-Dry,2013-05-18 23:20:00,5
16.2029541,-19.09331055,LA26,2013-05-18,11:40:27 PM,23:40:00,Cold-Dry,2013-05-18 23:40:00,5
16.20340983,-19.09450684,LA26,2013-05-19,12:00:55 AM,00:00:00,Cold-Dry,2013-05-19 00:00:00,5
16.20383301,-19.09489543,LA26,2013-05-19,12:20:24 AM,00:20:00,Cold-Dry,2013-05-19 00:20:00,5
16.20492859,-19.09500936,LA26,2013-05-19,12:40:26 AM,00:40:00,Cold-Dry,2013-05-19 00:40:00,5
16.20631714,-19.09714152,LA26,2013-05-19,01:00:28 AM,01:00:00,Cold-Dry,2013-05-19 01:00:00,5
16.20654195,-19.09904175,LA26,2013-05-19,01:20:24 AM,01:20:00,Cold-Dry,2013-05-19 01:20:00,5
16.20731506,-19.10089925,LA26,2013-05-19,01:40:26 AM,01:40:00,Cold-Dry,2013-05-19 01:40:00,5
16.20734355,-19.10189616,LA26,2013-05-19,02:00:29 AM,02:00:00,Cold-Dry,2013-05-19 02:00:00,5
16.20731913,-19.10236206,LA26,2013-05-19,02:20:24 AM,02:20:00,Cold-Dry,2013-05-19 02:20:00,5
16.20728861,-19.1024231,LA26,2013-05-19,02:40:27 AM,02:40:00,Cold-Dry,2013-05-19 02:40:00,5
16.20727336,-19.1024292,LA26,2013-05-19,03:00:29 AM,03:00:00,Cold-Dry,2013-05-19 03:00:00,5
16.2072408,-19.10242106,LA26,2013-05-19,03:20:24 AM,03:20:00,Cold-Dry,2013-05-19 03:20:00,5
16.20750631,-19.10253092,LA26,2013-05-19,03:40:27 AM,03:40:00,Cold-Dry,2013-05-19 03:40:00,5
16.20765076,-19.10377604,LA26,2013-05-19,04:00:29 AM,04:00:00,Cold-Dry,2013-05-19 04:00:00,5
16.20775553,-19.10370687,LA26,2013-05-19,04:20:24 AM,04:20:00,Cold-Dry,2013-05-19 04:20:00,5
16.20767822,-19.10380859,LA26,2013-05-19,04:40:27 AM,04:40:00,Cold-Dry,2013-05-19 04:40:00,5
16.20772909,-19.10423177,LA26,2013-05-19,05:00:29 AM,05:00:00,Cold-Dry,2013-05-19 05:00:00,5
16.20800883,-19.10565796,LA26,2013-05-19,05:20:24 AM,05:20:00,Cold-Dry,2013-05-19 05:20:00,5
16.20779419,-19.10692952,LA26,2013-05-19,05:40:27 AM,05:40:00,Cold-Dry,2013-05-19 05:40:00,5
16.20783081,-19.10868123,LA26,2013-05-19,06:00:29 AM,06:00:00,Cold-Dry,2013-05-19 06:00:00,5
16.20735575,-19.11078491,LA26,2013-05-19,06:20:24 AM,06:20:00,Cold-Dry,2013-05-19 06:20:00,5
16.2068573,-19.11231893,LA26,2013-05-19,06:40:26 AM,06:40:00,Cold-Dry,2013-05-19 06:40:00,5
16.20643717,-19.11408488,LA26,2013-05-19,07:00:29 AM,07:00:00,Cold-Dry,2013-05-19 07:00:00,5
16.20640259,-19.11506755,LA26,2013-05-19,07:20:24 AM,07:20:00,Cold-Dry,2013-05-19 07:20:00,5
16.20630188,-19.11544189,LA26,2013-05-19,07:40:27 AM,07:40:00,Cold-Dry,2013-05-19 07:40:00,5
16.20612284,-19.11559855,LA26,2013-05-19,08:00:29 AM,08:00:00,Cold-Dry,2013-05-19 08:00:00,5
16.20611572,-19.11556193,LA26,2013-05-19,08:20:24 AM,08:20:00,Cold-Dry,2013-05-19 08:20:00,5
16.20610758,-19.11556193,LA26,2013-05-19,08:40:27 AM,08:40:00,Cold-Dry,2013-05-19 08:40:00,5
16.20612996,-19.1155721,LA26,2013-05-19,09:00:29 AM,09:00:00,Cold-Dry,2013-05-19 09:00:00,5
16.20627136,-19.11567179,LA26,2013-05-19,09:20:24 AM,09:20:00,Cold-Dry,2013-05-19 09:20:00,5
16.20625305,-19.11566366,LA26,2013-05-19,09:40:26 AM,09:40:00,Cold-Dry,2013-05-19 09:40:00,5
16.20626933,-19.11565959,LA26,2013-05-19,10:00:29 AM,10:00:00,Cold-Dry,2013-05-19 10:00:00,5
16.20591024,-19.11618245,LA26,2013-05-19,10:20:24 AM,10:20:00,Cold-Dry,2013-05-19 10:20:00,5
16.20571594,-19.11685588,LA26,2013-05-19,10:40:27 AM,10:40:00,Cold-Dry,2013-05-19 10:40:00,5
16.20531108,-19.1163737,LA26,2013-05-19,11:00:32 AM,11:00:00,Cold-Dry,2013-05-19 11:00:00,5
16.20532633,-19.11630452,LA26,2013-05-19,11:20:24 AM,11:20:00,Cold-Dry,2013-05-19 11:20:00,5
16.20531921,-19.11626994,LA26,2013-05-19,11:40:27 AM,11:40:00,Cold-Dry,2013-05-19 11:40:00,5
16.20543518,-19.11439616,LA26,2013-05-19,12:00:29 PM,12:00:00,Cold-Dry,2013-05-19 12:00:00,5
16.2050354,-19.11414998,LA26,2013-05-19,12:20:24 PM,12:20:00,Cold-Dry,2013-05-19 12:20:00,5
16.20491536,-19.11421102,LA26,2013-05-19,12:40:26 PM,12:40:00,Cold-Dry,2013-05-19 12:40:00,5
16.20495605,-19.1141805,LA26,2013-05-19,01:00:28 PM,13:00:00,Cold-Dry,2013-05-19 13:00:00,5
16.20493673,-19.1141866,LA26,2013-05-19,01:20:24 PM,13:20:00,Cold-Dry,2013-05-19 13:20:00,5
16.20493876,-19.1141866,LA26,2013-05-19,01:40:26 PM,13:40:00,Cold-Dry,2013-05-19 13:40:00,5
16.20470174,-19.11401164,LA26,2013-05-19,02:00:29 PM,14:00:00,Cold-Dry,2013-05-19 14:00:00,5
16.20451152,-19.11369019,LA26,2013-05-19,02:20:24 PM,14:20:00,Cold-Dry,2013-05-19 14:20:00,5
16.20249329,-19.11126912,LA26,2013-05-19,02:40:27 PM,14:40:00,Cold-Dry,2013-05-19 14:40:00,5
16.20090027,-19.11021932,LA26,2013-05-19,03:00:29 PM,15:00:00,Cold-Dry,2013-05-19 15:00:00,5
16.1996287,-19.10738729,LA26,2013-05-19,03:20:24 PM,15:20:00,Cold-Dry,2013-05-19 15:20:00,5
16.19862264,-19.10367839,LA26,2013-05-19,03:40:27 PM,15:40:00,Cold-Dry,2013-05-19 15:40:00,5
16.19624227,-19.0999349,LA26,2013-05-19,04:00:29 PM,16:00:00,Cold-Dry,2013-05-19 16:00:00,5
16.19468689,-19.09856567,LA26,2013-05-19,04:20:24 PM,16:20:00,Cold-Dry,2013-05-19 16:20:00,5
16.19552917,-19.09638875,LA26,2013-05-19,04:40:27 PM,16:40:00,Cold-Dry,2013-05-19 16:40:00,5
16.19507751,-19.09384359,LA26,2013-05-19,05:00:29 PM,17:00:00,Cold-Dry,2013-05-19 17:00:00,5
16.19479574,-19.09300944,LA26,2013-05-19,05:20:24 PM,17:20:00,Cold-Dry,2013-05-19 17:20:00,5
16.19442647,-19.09211019,LA26,2013-05-19,05:40:27 PM,17:40:00,Cold-Dry,2013-05-19 17:40:00,5
16.19427897,-19.09072062,LA26,2013-05-19,06:00:29 PM,18:00:00,Cold-Dry,2013-05-19 18:00:00,5
16.19399719,-19.0868571,LA26,2013-05-19,06:20:24 PM,18:20:00,Cold-Dry,2013-05-19 18:20:00,5
16.19452209,-19.08511556,LA26,2013-05-19,06:40:26 PM,18:40:00,Cold-Dry,2013-05-19 18:40:00,5
16.19621887,-19.08338826,LA26,2013-05-19,07:00:29 PM,19:00:00,Cold-Dry,2013-05-19 19:00:00,5
16.1976003,-19.08123983,LA26,2013-05-19,07:20:24 PM,19:20:00,Cold-Dry,2013-05-19 19:20:00,5
16.19808757,-19.07902222,LA26,2013-05-19,07:40:27 PM,19:40:00,Cold-Dry,2013-05-19 19:40:00,5
16.19813029,-19.07719116,LA26,2013-05-19,08:00:29 PM,20:00:00,Cold-Dry,2013-05-19 20:00:00,5
16.1984314,-19.07348022,LA26,2013-05-19,08:20:24 PM,20:20:00,Cold-Dry,2013-05-19 20:20:00,5
16.19754842,-19.06807048,LA26,2013-05-19,08:40:26 PM,20:40:00,Cold-Dry,2013-05-19 20:40:00,5
16.1967275,-19.06497599,LA26,2013-05-19,09:00:29 PM,21:00:00,Cold-Dry,2013-05-19 21:00:00,5
16.19548543,-19.05962321,LA26,2013-05-19,09:20:24 PM,21:20:00,Cold-Dry,2013-05-19 21:20:00,5
16.19329732,-19.05321655,LA26,2013-05-19,09:40:27 PM,21:40:00,Cold-Dry,2013-05-19 21:40:00,5
16.19334412,-19.05327555,LA26,2013-05-19,10:00:29 PM,22:00:00,Cold-Dry,2013-05-19 22:00:00,5
16.19630839,-19.05974731,LA26,2013-05-19,10:20:24 PM,22:20:00,Cold-Dry,2013-05-19 22:20:00,5
16.1975352,-19.0631958,LA26,2013-05-19,10:40:27 PM,22:40:00,Cold-Dry,2013-05-19 22:40:00,5
16.2005839,-19.0666626,LA26,2013-05-19,11:00:29 PM,23:00:00,Cold-Dry,2013-05-19 23:00:00,5
16.20332743,-19.06999512,LA26,2013-05-19,11:20:24 PM,23:20:00,Cold-Dry,2013-05-19 23:20:00,5
16.20261129,-19.07814331,LA26,2013-05-19,11:40:27 PM,23:40:00,Cold-Dry,2013-05-19 23:40:00,5
16.201297,-19.08462931,LA26,2013-05-20,12:00:29 AM,00:00:00,Cold-Dry,2013-05-20 00:00:00,5
16.20027568,-19.08840535,LA26,2013-05-20,12:20:24 AM,00:20:00,Cold-Dry,2013-05-20 00:20:00,5
16.19857279,-19.09222819,LA26,2013-05-20,12:40:26 AM,00:40:00,Cold-Dry,2013-05-20 00:40:00,5
16.19799296,-19.09282837,LA26,2013-05-20,01:00:28 AM,01:00:00,Cold-Dry,2013-05-20 01:00:00,5
16.19771932,-19.09317424,LA26,2013-05-20,01:20:24 AM,01:20:00,Cold-Dry,2013-05-20 01:20:00,5
16.19748637,-19.09331868,LA26,2013-05-20,01:40:27 AM,01:40:00,Cold-Dry,2013-05-20 01:40:00,5
16.19754842,-19.09357707,LA26,2013-05-20,02:00:29 AM,02:00:00,Cold-Dry,2013-05-20 02:00:00,5
16.19752096,-19.09367269,LA26,2013-05-20,02:20:24 AM,02:20:00,Cold-Dry,2013-05-20 02:20:00,5
16.19777425,-19.09462484,LA26,2013-05-20,02:40:26 AM,02:40:00,Cold-Dry,2013-05-20 02:40:00,5
16.19777323,-19.09459229,LA26,2013-05-20,03:00:29 AM,03:00:00,Cold-Dry,2013-05-20 03:00:00,5
16.19776408,-19.09458415,LA26,2013-05-20,03:20:24 AM,03:20:00,Cold-Dry,2013-05-20 03:20:00,5
16.19780579,-19.09610189,LA26,2013-05-20,03:40:27 AM,03:40:00,Cold-Dry,2013-05-20 03:40:00,5
16.19823303,-19.09733073,LA26,2013-05-20,04:00:29 AM,04:00:00,Cold-Dry,2013-05-20 04:00:00,5
16.1979482,-19.09856567,LA26,2013-05-20,04:20:24 AM,04:20:00,Cold-Dry,2013-05-20 04:20:00,5
16.19789022,-19.09856974,LA26,2013-05-20,04:40:26 AM,04:40:00,Cold-Dry,2013-05-20 04:40:00,5
16.19743449,-19.09975382,LA26,2013-05-20,05:00:29 AM,05:00:00,Cold-Dry,2013-05-20 05:00:00,5
16.19779053,-19.10112915,LA26,2013-05-20,05:20:24 AM,05:20:00,Cold-Dry,2013-05-20 05:20:00,5
16.19926046,-19.10259806,LA26,2013-05-20,05:40:27 AM,05:40:00,Cold-Dry,2013-05-20 05:40:00,5
16.1996226,-19.10762126,LA26,2013-05-20,06:00:29 AM,06:00:00,Cold-Dry,2013-05-20 06:00:00,5
16.20008545,-19.11285807,LA26,2013-05-20,06:20:24 AM,06:20:00,Cold-Dry,2013-05-20 06:20:00,5
16.20175781,-19.11858114,LA26,2013-05-20,06:40:27 AM,06:40:00,Cold-Dry,2013-05-20 06:40:00,5
16.20372823,-19.1204366,LA26,2013-05-20,07:00:29 AM,07:00:00,Cold-Dry,2013-05-20 07:00:00,5
16.20455933,-19.12088013,LA26,2013-05-20,07:20:24 AM,07:20:00,Cold-Dry,2013-05-20 07:20:00,5
16.20516663,-19.12113037,LA26,2013-05-20,07:40:26 AM,07:40:00,Cold-Dry,2013-05-20 07:40:00,5
16.20536702,-19.12163493,LA26,2013-05-20,08:00:29 AM,08:00:00,Cold-Dry,2013-05-20 08:00:00,5
16.20639242,-19.12148641,LA26,2013-05-20,08:20:24 AM,08:20:00,Cold-Dry,2013-05-20 08:20:00,5
16.20685425,-19.12135417,LA26,2013-05-20,08:40:27 AM,08:40:00,Cold-Dry,2013-05-20 08:40:00,5
16.20652262,-19.12091878,LA26,2013-05-20,09:00:29 AM,09:00:00,Cold-Dry,2013-05-20 09:00:00,5
16.20609334,-19.1206665,LA26,2013-05-20,09:20:24 AM,09:20:00,Cold-Dry,2013-05-20 09:20:00,5
16.20577494,-19.12204386,LA26,2013-05-20,09:40:26 AM,09:40:00,Cold-Dry,2013-05-20 09:40:00,5
16.20570068,-19.12224121,LA26,2013-05-20,10:00:29 AM,10:00:00,Cold-Dry,2013-05-20 10:00:00,5
16.20567424,-19.12222493,LA26,2013-05-20,10:20:24 AM,10:20:00,Cold-Dry,2013-05-20 10:20:00,5
16.20570475,-19.12223714,LA26,2013-05-20,10:40:27 AM,10:40:00,Cold-Dry,2013-05-20 10:40:00,5
16.2057017,-19.12223511,LA26,2013-05-20,11:00:32 AM,11:00:00,Cold-Dry,2013-05-20 11:00:00,5
16.2057017,-19.12220052,LA26,2013-05-20,11:20:24 AM,11:20:00,Cold-Dry,2013-05-20 11:20:00,5
16.20554097,-19.12263794,LA26,2013-05-20,11:40:27 AM,11:40:00,Cold-Dry,2013-05-20 11:40:00,5
16.20498861,-19.12249146,LA26,2013-05-20,12:00:29 PM,12:00:00,Cold-Dry,2013-05-20 12:00:00,5
16.20435384,-19.12283732,LA26,2013-05-20,12:20:24 PM,12:20:00,Cold-Dry,2013-05-20 12:20:00,5
16.20399475,-19.12287191,LA26,2013-05-20,12:40:26 PM,12:40:00,Cold-Dry,2013-05-20 12:40:00,5
16.20379944,-19.12297363,LA26,2013-05-20,01:00:28 PM,13:00:00,Cold-Dry,2013-05-20 13:00:00,5
16.20372925,-19.12353516,LA26,2013-05-20,01:20:24 PM,13:20:00,Cold-Dry,2013-05-20 13:20:00,5
16.20344849,-19.1240743,LA26,2013-05-20,01:40:26 PM,13:40:00,Cold-Dry,2013-05-20 13:40:00,5
16.20290222,-19.12506104,LA26,2013-05-20,02:00:29 PM,14:00:00,Cold-Dry,2013-05-20 14:00:00,5
16.20234477,-19.1254659,LA26,2013-05-20,02:20:24 PM,14:20:00,Cold-Dry,2013-05-20 14:20:00,5
16.20208842,-19.12602946,LA26,2013-05-20,02:40:27 PM,14:40:00,Cold-Dry,2013-05-20 14:40:00,5
16.20199178,-19.12642822,LA26,2013-05-20,03:00:29 PM,15:00:00,Cold-Dry,2013-05-20 15:00:00,5
16.20126648,-19.12730713,LA26,2013-05-20,03:20:25 PM,15:20:00,Cold-Dry,2013-05-20 15:20:00,5
16.20273336,-19.13191732,LA26,2013-05-20,03:40:27 PM,15:40:00,Cold-Dry,2013-05-20 15:40:00,5
16.2041097,-19.13575033,LA26,2013-05-20,04:00:29 PM,16:00:00,Cold-Dry,2013-05-20 16:00:00,5
16.20283712,-19.14102173,LA26,2013-05-20,04:20:24 PM,16:20:00,Cold-Dry,2013-05-20 16:20:00,5
16.20256246,-19.14411214,LA26,2013-05-20,04:40:27 PM,16:40:00,Cold-Dry,2013-05-20 16:40:00,5
16.20268555,-19.14482625,LA26,2013-05-20,05:00:29 PM,17:00:00,Cold-Dry,2013-05-20 17:00:00,5
16.20183207,-19.1455485,LA26,2013-05-20,05:20:24 PM,17:20:00,Cold-Dry,2013-05-20 17:20:00,5
16.20136922,-19.14596558,LA26,2013-05-20,05:40:27 PM,17:40:00,Cold-Dry,2013-05-20 17:40:00,5
16.20060425,-19.14647217,LA26,2013-05-20,06:00:29 PM,18:00:00,Cold-Dry,2013-05-20 18:00:00,5
16.20038757,-19.14664307,LA26,2013-05-20,06:20:24 PM,18:20:00,Cold-Dry,2013-05-20 18:20:00,5
16.20003255,-19.14668376,LA26,2013-05-20,06:40:27 PM,18:40:00,Cold-Dry,2013-05-20 18:40:00,5
16.19909159,-19.14691162,LA26,2013-05-20,07:00:29 PM,19:00:00,Cold-Dry,2013-05-20 19:00:00,5
16.1988505,-19.14680786,LA26,2013-05-20,07:20:24 PM,19:20:00,Cold-Dry,2013-05-20 19:20:00,5
16.19872742,-19.14644979,LA26,2013-05-20,07:40:27 PM,19:40:00,Cold-Dry,2013-05-20 19:40:00,5
16.19890544,-19.14623413,LA26,2013-05-20,08:00:29 PM,20:00:00,Cold-Dry,2013-05-20 20:00:00,5
16.19921061,-19.1461853,LA26,2013-05-20,08:20:24 PM,20:20:00,Cold-Dry,2013-05-20 20:20:00,5
16.19973145,-19.14635824,LA26,2013-05-20,08:40:27 PM,20:40:00,Cold-Dry,2013-05-20 20:40:00,5
16.19983622,-19.14630127,LA26,2013-05-20,09:00:29 PM,21:00:00,Cold-Dry,2013-05-20 21:00:00,5
16.19997355,-19.14620972,LA26,2013-05-20,09:20:24 PM,21:20:00,Cold-Dry,2013-05-20 21:20:00,5
16.1999115,-19.1460673,LA26,2013-05-20,09:40:32 PM,21:40:00,Cold-Dry,2013-05-20 21:40:00,5
16.19999288,-19.14614258,LA26,2013-05-20,10:00:27 PM,22:00:00,Cold-Dry,2013-05-20 22:00:00,5
16.2000356,-19.14611613,LA26,2013-05-20,10:20:32 PM,22:20:00,Cold-Dry,2013-05-20 22:20:00,5
16.20014954,-19.14649862,LA26,2013-05-20,10:40:24 PM,22:40:00,Cold-Dry,2013-05-20 22:40:00,5
16.20069987,-19.14767049,LA26,2013-05-20,11:00:26 PM,23:00:00,Cold-Dry,2013-05-20 23:00:00,5
16.20131124,-19.14869995,LA26,2013-05-20,11:20:29 PM,23:20:00,Cold-Dry,2013-05-20 23:20:00,5
16.2014506,-19.14900309,LA26,2013-05-20,11:40:24 PM,23:40:00,Cold-Dry,2013-05-20 23:40:00,5
16.20083313,-19.15039469,LA26,2013-05-21,12:00:27 AM,00:00:00,Cold-Dry,2013-05-21 00:00:00,5
16.20059814,-19.15117594,LA26,2013-05-21,12:20:24 AM,00:20:00,Cold-Dry,2013-05-21 00:20:00,5
16.20036316,-19.15163981,LA26,2013-05-21,12:40:26 AM,00:40:00,Cold-Dry,2013-05-21 00:40:00,5
16.20036112,-19.15166016,LA26,2013-05-21,01:00:28 AM,01:00:00,Cold-Dry,2013-05-21 01:00:00,5
16.2003418,-19.15167236,LA26,2013-05-21,01:20:24 AM,01:20:00,Cold-Dry,2013-05-21 01:20:00,5
16.20036418,-19.15166423,LA26,2013-05-21,01:40:26 AM,01:40:00,Cold-Dry,2013-05-21 01:40:00,5
16.20034688,-19.15167236,LA26,2013-05-21,02:00:29 AM,02:00:00,Cold-Dry,2013-05-21 02:00:00,5
16.20036825,-19.15166626,LA26,2013-05-21,02:20:24 AM,02:20:00,Cold-Dry,2013-05-21 02:20:00,5
16.2004069,-19.15193278,LA26,2013-05-21,02:40:27 AM,02:40:00,Cold-Dry,2013-05-21 02:40:00,5
16.20080668,-19.15278727,LA26,2013-05-21,03:00:29 AM,03:00:00,Cold-Dry,2013-05-21 03:00:00,5
16.20087687,-19.15273234,LA26,2013-05-21,03:20:38 AM,03:20:00,Cold-Dry,2013-05-21 03:20:00,5
16.20075887,-19.15275269,LA26,2013-05-21,03:40:24 AM,03:40:00,Cold-Dry,2013-05-21 03:40:00,5
16.20084635,-19.15270793,LA26,2013-05-21,04:00:26 AM,04:00:00,Cold-Dry,2013-05-21 04:00:00,5
16.20075785,-19.15279541,LA26,2013-05-21,04:20:52 AM,04:20:00,Cold-Dry,2013-05-21 04:20:00,5
16.20085042,-19.15282593,LA26,2013-05-21,04:41:24 AM,04:41:00,Cold-Dry,2013-05-21 04:41:00,5
16.20071818,-19.15302734,LA26,2013-05-21,05:00:27 AM,05:00:00,Cold-Dry,2013-05-21 05:00:00,5
16.20038961,-19.15445353,LA26,2013-05-21,05:20:00 AM,05:20:00,Cold-Dry,2013-05-21 05:20:00,5
16.19890137,-19.1561259,LA26,2013-05-21,05:41:23 AM,05:41:00,Cold-Dry,2013-05-21 05:41:00,5
16.19875997,-19.15688883,LA26,2013-05-21,06:00:26 AM,06:00:00,Cold-Dry,2013-05-21 06:00:00,5
16.19912516,-19.15779622,LA26,2013-05-21,06:20:28 AM,06:20:00,Cold-Dry,2013-05-21 06:20:00,5
16.19841715,-19.1602946,LA26,2013-05-21,06:40:24 AM,06:40:00,Cold-Dry,2013-05-21 06:40:00,5
16.19836731,-19.1651591,LA26,2013-05-21,07:00:27 AM,07:00:00,Cold-Dry,2013-05-21 07:00:00,5
16.19581095,-19.1715271,LA26,2013-05-21,07:20:29 AM,07:20:00,Cold-Dry,2013-05-21 07:20:00,5
16.19431356,-19.1801473,LA26,2013-05-21,07:40:24 AM,07:40:00,Cold-Dry,2013-05-21 07:40:00,5
16.19535726,-19.18545532,LA26,2013-05-21,08:00:26 AM,08:00:00,Cold-Dry,2013-05-21 08:00:00,5
16.19573263,-19.19236043,LA26,2013-05-21,08:20:29 AM,08:20:00,Cold-Dry,2013-05-21 08:20:00,5
16.19422709,-19.19899292,LA26,2013-05-21,08:40:24 AM,08:40:00,Cold-Dry,2013-05-21 08:40:00,5
16.19367574,-19.20556641,LA26,2013-05-21,09:00:27 AM,09:00:00,Cold-Dry,2013-05-21 09:00:00,5
16.19366455,-19.20554403,LA26,2013-05-21,09:20:29 AM,09:20:00,Cold-Dry,2013-05-21 09:20:00,5
16.19230855,-19.20652059,LA26,2013-05-21,09:40:24 AM,09:40:00,Cold-Dry,2013-05-21 09:40:00,5
16.19188538,-19.20874023,LA26,2013-05-21,10:00:27 AM,10:00:00,Cold-Dry,2013-05-21 10:00:00,5
16.19205933,-19.20981038,LA26,2013-05-21,10:20:29 AM,10:20:00,Cold-Dry,2013-05-21 10:20:00,5
16.19173381,-19.21088867,LA26,2013-05-21,10:40:24 AM,10:40:00,Cold-Dry,2013-05-21 10:40:00,5
16.19142049,-19.21055705,LA26,2013-05-21,11:00:26 AM,11:00:00,Cold-Dry,2013-05-21 11:00:00,5
16.19090983,-19.21011556,LA26,2013-05-21,11:20:29 AM,11:20:00,Cold-Dry,2013-05-21 11:20:00,5
16.19060262,-19.20941162,LA26,2013-05-21,11:40:24 AM,11:40:00,Cold-Dry,2013-05-21 11:40:00,5
16.19155884,-19.20848999,LA26,2013-05-21,12:00:27 PM,12:00:00,Cold-Dry,2013-05-21 12:00:00,5
16.19293213,-19.20616048,LA26,2013-05-21,12:20:25 PM,12:20:00,Cold-Dry,2013-05-21 12:20:00,5
16.1917216,-19.20427246,LA26,2013-05-21,12:40:26 PM,12:40:00,Cold-Dry,2013-05-21 12:40:00,5
16.19072774,-19.20110677,LA26,2013-05-21,01:00:28 PM,13:00:00,Cold-Dry,2013-05-21 13:00:00,5
16.18820801,-19.1960734,LA26,2013-05-21,01:20:24 PM,13:20:00,Cold-Dry,2013-05-21 13:20:00,5
16.18840637,-19.19391683,LA26,2013-05-21,01:40:27 PM,13:40:00,Cold-Dry,2013-05-21 13:40:00,5
16.18835856,-19.1929952,LA26,2013-05-21,02:00:29 PM,14:00:00,Cold-Dry,2013-05-21 14:00:00,5
16.18865662,-19.19240723,LA26,2013-05-21,02:20:24 PM,14:20:00,Cold-Dry,2013-05-21 14:20:00,5
16.18906962,-19.19182129,LA26,2013-05-21,02:40:27 PM,14:40:00,Cold-Dry,2013-05-21 14:40:00,5
16.1898407,-19.19171143,LA26,2013-05-21,03:00:29 PM,15:00:00,Cold-Dry,2013-05-21 15:00:00,5
16.19025472,-19.19180298,LA26,2013-05-21,03:20:24 PM,15:20:00,Cold-Dry,2013-05-21 15:20:00,5
16.19162191,-19.19332275,LA26,2013-05-21,03:40:27 PM,15:40:00,Cold-Dry,2013-05-21 15:40:00,5
16.19118652,-19.1932251,LA26,2013-05-21,04:00:29 PM,16:00:00,Cold-Dry,2013-05-21 16:00:00,5
16.19064026,-19.19324137,LA26,2013-05-21,04:20:24 PM,16:20:00,Cold-Dry,2013-05-21 16:20:00,5
16.19054565,-19.19325155,LA26,2013-05-21,04:40:27 PM,16:40:00,Cold-Dry,2013-05-21 16:40:00,5
16.19027608,-19.19292603,LA26,2013-05-21,05:00:29 PM,17:00:00,Cold-Dry,2013-05-21 17:00:00,5
16.19061178,-19.19202474,LA26,2013-05-21,05:20:24 PM,17:20:00,Cold-Dry,2013-05-21 17:20:00,5
16.19037476,-19.18942668,LA26,2013-05-21,05:40:26 PM,17:40:00,Cold-Dry,2013-05-21 17:40:00,5
16.19095052,-19.18865763,LA26,2013-05-21,06:00:29 PM,18:00:00,Cold-Dry,2013-05-21 18:00:00,5
16.19123027,-19.18851522,LA26,2013-05-21,06:20:24 PM,18:20:00,Cold-Dry,2013-05-21 18:20:00,5
16.19130758,-19.18795573,LA26,2013-05-21,06:40:27 PM,18:40:00,Cold-Dry,2013-05-21 18:40:00,5
16.19122518,-19.18710734,LA26,2013-05-21,07:00:29 PM,19:00:00,Cold-Dry,2013-05-21 19:00:00,5
16.19085693,-19.18604126,LA26,2013-05-21,07:20:24 PM,19:20:00,Cold-Dry,2013-05-21 19:20:00,5
16.19006348,-19.18544108,LA26,2013-05-21,07:40:27 PM,19:40:00,Cold-Dry,2013-05-21 19:40:00,5
16.18838094,-19.18123576,LA26,2013-05-21,08:00:29 PM,20:00:00,Cold-Dry,2013-05-21 20:00:00,5
16.18743083,-19.1791097,LA26,2013-05-21,08:20:24 PM,20:20:00,Cold-Dry,2013-05-21 20:20:00,5
16.18729146,-19.17770182,LA26,2013-05-21,08:40:26 PM,20:40:00,Cold-Dry,2013-05-21 20:40:00,5
16.18805135,-19.17519531,LA26,2013-05-21,09:00:29 PM,21:00:00,Cold-Dry,2013-05-21 21:00:00,5
16.18826701,-19.17490641,LA26,2013-05-21,09:20:24 PM,21:20:00,Cold-Dry,2013-05-21 21:20:00,5
16.18916524,-19.17457682,LA26,2013-05-21,09:40:27 PM,21:40:00,Cold-Dry,2013-05-21 21:40:00,5
16.18981222,-19.17394816,LA26,2013-05-21,10:00:29 PM,22:00:00,Cold-Dry,2013-05-21 22:00:00,5
16.19070028,-19.17370809,LA26,2013-05-21,10:20:24 PM,22:20:00,Cold-Dry,2013-05-21 22:20:00,5
16.19138285,-19.17373454,LA26,2013-05-21,10:40:27 PM,22:40:00,Cold-Dry,2013-05-21 22:40:00,5
16.19166565,-19.17358602,LA26,2013-05-21,11:00:29 PM,23:00:00,Cold-Dry,2013-05-21 23:00:00,5
16.19176534,-19.17357585,LA26,2013-05-21,11:20:24 PM,23:20:00,Cold-Dry,2013-05-21 23:20:00,5
16.19175415,-19.17356364,LA26,2013-05-21,11:40:26 PM,23:40:00,Cold-Dry,2013-05-21 23:40:00,5
16.19158732,-19.17313639,LA26,2013-05-22,12:00:29 AM,00:00:00,Cold-Dry,2013-05-22 00:00:00,5
16.19171753,-19.17301839,LA26,2013-05-22,12:20:24 AM,00:20:00,Cold-Dry,2013-05-22 00:20:00,5
16.19175212,-19.17280884,LA26,2013-05-22,12:40:26 AM,00:40:00,Cold-Dry,2013-05-22 00:40:00,5
16.19171753,-19.17278035,LA26,2013-05-22,01:00:28 AM,01:00:00,Cold-Dry,2013-05-22 01:00:00,5
16.19171855,-19.17277222,LA26,2013-05-22,01:20:24 AM,01:20:00,Cold-Dry,2013-05-22 01:20:00,5
16.19168294,-19.17277018,LA26,2013-05-22,01:40:26 AM,01:40:00,Cold-Dry,2013-05-22 01:40:00,5
16.19187724,-19.17246094,LA26,2013-05-22,02:00:29 AM,02:00:00,Cold-Dry,2013-05-22 02:00:00,5
16.19190979,-19.17260539,LA26,2013-05-22,02:20:24 AM,02:20:00,Cold-Dry,2013-05-22 02:20:00,5
16.19176839,-19.17168172,LA26,2013-05-22,02:40:27 AM,02:40:00,Cold-Dry,2013-05-22 02:40:00,5
16.19173686,-19.17175496,LA26,2013-05-22,03:00:29 AM,03:00:00,Cold-Dry,2013-05-22 03:00:00,5
16.19170532,-19.17175293,LA26,2013-05-22,03:20:24 AM,03:20:00,Cold-Dry,2013-05-22 03:20:00,5
16.19173686,-19.17174276,LA26,2013-05-22,03:40:27 AM,03:40:00,Cold-Dry,2013-05-22 03:40:00,5
16.19171753,-19.17173665,LA26,2013-05-22,04:00:29 AM,04:00:00,Cold-Dry,2013-05-22 04:00:00,5
16.19181925,-19.17170207,LA26,2013-05-22,04:20:24 AM,04:20:00,Cold-Dry,2013-05-22 04:20:00,5
16.19218343,-19.17178345,LA26,2013-05-22,04:40:27 AM,04:40:00,Cold-Dry,2013-05-22 04:40:00,5
16.19272156,-19.1718221,LA26,2013-05-22,05:00:29 AM,05:00:00,Cold-Dry,2013-05-22 05:00:00,5
16.19296875,-19.17171224,LA26,2013-05-22,05:20:24 AM,05:20:00,Cold-Dry,2013-05-22 05:20:00,5
16.19266256,-19.17225749,LA26,2013-05-22,05:40:27 AM,05:40:00,Cold-Dry,2013-05-22 05:40:00,5
16.1923584,-19.17329915,LA26,2013-05-22,06:00:29 AM,06:00:00,Cold-Dry,2013-05-22 06:00:00,5
16.19202271,-19.17356364,LA26,2013-05-22,06:20:24 AM,06:20:00,Cold-Dry,2013-05-22 06:20:00,5
16.19180603,-19.17427165,LA26,2013-05-22,06:40:27 AM,06:40:00,Cold-Dry,2013-05-22 06:40:00,5
16.19161377,-19.17433065,LA26,2013-05-22,07:00:29 AM,07:00:00,Cold-Dry,2013-05-22 07:00:00,5
16.19108988,-19.17433065,LA26,2013-05-22,07:20:24 AM,07:20:00,Cold-Dry,2013-05-22 07:20:00,5
16.19099325,-19.17659912,LA26,2013-05-22,07:40:26 AM,07:40:00,Cold-Dry,2013-05-22 07:40:00,5
16.19094747,-19.17734782,LA26,2013-05-22,08:00:29 AM,08:00:00,Cold-Dry,2013-05-22 08:00:00,5
16.19162191,-19.17775675,LA26,2013-05-22,08:20:25 AM,08:20:00,Cold-Dry,2013-05-22 08:20:00,5
16.19289958,-19.17908325,LA26,2013-05-22,08:40:27 AM,08:40:00,Cold-Dry,2013-05-22 08:40:00,5
16.19326477,-19.181014,LA26,2013-05-22,09:00:29 AM,09:00:00,Cold-Dry,2013-05-22 09:00:00,5
16.1936615,-19.18226318,LA26,2013-05-22,09:20:24 AM,09:20:00,Cold-Dry,2013-05-22 09:20:00,5
16.19468994,-19.18302409,LA26,2013-05-22,09:40:27 AM,09:40:00,Cold-Dry,2013-05-22 09:40:00,5
16.19471232,-19.18314209,LA26,2013-05-22,10:00:29 AM,10:00:00,Cold-Dry,2013-05-22 10:00:00,5
16.19470927,-19.18310954,LA26,2013-05-22,10:20:24 AM,10:20:00,Cold-Dry,2013-05-22 10:20:00,5
16.19470622,-19.18315023,LA26,2013-05-22,10:40:27 AM,10:40:00,Cold-Dry,2013-05-22 10:40:00,5
16.19470317,-19.1831604,LA26,2013-05-22,11:00:29 AM,11:00:00,Cold-Dry,2013-05-22 11:00:00,5
16.19471842,-19.18309937,LA26,2013-05-22,11:20:24 AM,11:20:00,Cold-Dry,2013-05-22 11:20:00,5
16.19542135,-19.18446045,LA26,2013-05-22,11:40:27 AM,11:40:00,Cold-Dry,2013-05-22 11:40:00,5
16.19603678,-19.1859375,LA26,2013-05-22,12:00:29 PM,12:00:00,Cold-Dry,2013-05-22 12:00:00,5
16.19664612,-19.18696493,LA26,2013-05-22,12:20:24 PM,12:20:00,Cold-Dry,2013-05-22 12:20:00,5
16.19661255,-19.18699341,LA26,2013-05-22,12:40:26 PM,12:40:00,Cold-Dry,2013-05-22 12:40:00,5
16.19661458,-19.1869751,LA26,2013-05-22,01:00:28 PM,13:00:00,Cold-Dry,2013-05-22 13:00:00,5
16.19676514,-19.18829753,LA26,2013-05-22,01:20:24 PM,13:20:00,Cold-Dry,2013-05-22 13:20:00,5
16.19709269,-19.18972575,LA26,2013-05-22,01:40:27 PM,13:40:00,Cold-Dry,2013-05-22 13:40:00,5
16.19700928,-19.18984782,LA26,2013-05-22,02:00:29 PM,14:00:00,Cold-Dry,2013-05-22 14:00:00,5
16.19708557,-19.19205933,LA26,2013-05-22,02:20:24 PM,14:20:00,Cold-Dry,2013-05-22 14:20:00,5
16.19709066,-19.19844971,LA26,2013-05-22,02:40:27 PM,14:40:00,Cold-Dry,2013-05-22 14:40:00,5
16.19358826,-19.20546468,LA26,2013-05-22,03:00:29 PM,15:00:00,Cold-Dry,2013-05-22 15:00:00,5
16.19367879,-19.20565389,LA26,2013-05-22,03:20:24 PM,15:20:00,Cold-Dry,2013-05-22 15:20:00,5
16.1938385,-19.20560303,LA26,2013-05-22,03:40:27 PM,15:40:00,Cold-Dry,2013-05-22 15:40:00,5
16.19356791,-19.20534058,LA26,2013-05-22,04:00:29 PM,16:00:00,Cold-Dry,2013-05-22 16:00:00,5
16.19432373,-19.20488281,LA26,2013-05-22,04:20:24 PM,16:20:00,Cold-Dry,2013-05-22 16:20:00,5
16.19316406,-19.20586955,LA26,2013-05-22,04:40:27 PM,16:40:00,Cold-Dry,2013-05-22 16:40:00,5
16.19829508,-19.19956055,LA26,2013-05-22,05:00:29 PM,17:00:00,Cold-Dry,2013-05-22 17:00:00,5
16.20068563,-19.19809774,LA26,2013-05-22,05:20:24 PM,17:20:00,Cold-Dry,2013-05-22 17:20:00,5
16.20247294,-19.19714152,LA26,2013-05-22,05:40:26 PM,17:40:00,Cold-Dry,2013-05-22 17:40:00,5
16.20380147,-19.19639689,LA26,2013-05-22,06:00:29 PM,18:00:00,Cold-Dry,2013-05-22 18:00:00,5
16.20468648,-19.19562988,LA26,2013-05-22,06:20:24 PM,18:20:00,Cold-Dry,2013-05-22 18:20:00,5
16.20592753,-19.19501546,LA26,2013-05-22,06:40:26 PM,18:40:00,Cold-Dry,2013-05-22 18:40:00,5
16.20667419,-19.19318237,LA26,2013-05-22,07:00:29 PM,19:00:00,Cold-Dry,2013-05-22 19:00:00,5
16.20667928,-19.19225667,LA26,2013-05-22,07:20:24 PM,19:20:00,Cold-Dry,2013-05-22 19:20:00,5
16.20571798,-19.19046427,LA26,2013-05-22,07:40:27 PM,19:40:00,Cold-Dry,2013-05-22 19:40:00,5
16.20496826,-19.18836466,LA26,2013-05-22,08:00:29 PM,20:00:00,Cold-Dry,2013-05-22 20:00:00,5
16.20451152,-19.18680623,LA26,2013-05-22,08:20:28 PM,20:20:00,Cold-Dry,2013-05-22 20:20:00,5
16.20442098,-19.18676351,LA26,2013-05-22,08:40:33 PM,20:40:00,Cold-Dry,2013-05-22 20:40:00,5
16.20357157,-19.18585612,LA26,2013-05-22,09:00:24 PM,21:00:00,Cold-Dry,2013-05-22 21:00:00,5
16.20297139,-19.18424683,LA26,2013-05-22,09:20:26 PM,21:20:00,Cold-Dry,2013-05-22 21:20:00,5
16.20253499,-19.18276978,LA26,2013-05-22,09:40:29 PM,21:40:00,Cold-Dry,2013-05-22 21:40:00,5
16.20148519,-19.18115641,LA26,2013-05-22,10:00:24 PM,22:00:00,Cold-Dry,2013-05-22 22:00:00,5
16.20116781,-19.18023275,LA26,2013-05-22,10:20:26 PM,22:20:00,Cold-Dry,2013-05-22 22:20:00,5
16.20069377,-19.1786438,LA26,2013-05-22,10:40:29 PM,22:40:00,Cold-Dry,2013-05-22 22:40:00,5
16.20010579,-19.17813517,LA26,2013-05-22,11:00:24 PM,23:00:00,Cold-Dry,2013-05-22 23:00:00,5
16.19980469,-19.17808838,LA26,2013-05-22,11:20:26 PM,23:20:00,Cold-Dry,2013-05-22 23:20:00,5
16.19925741,-19.17774048,LA26,2013-05-22,11:40:29 PM,23:40:00,Cold-Dry,2013-05-22 23:40:00,5
16.19879049,-19.17727865,LA26,2013-05-23,12:00:24 AM,00:00:00,Cold-Dry,2013-05-23 00:00:00,5
16.19826762,-19.17716064,LA26,2013-05-23,12:20:24 AM,00:20:00,Cold-Dry,2013-05-23 00:20:00,5
16.19778748,-19.17714844,LA26,2013-05-23,12:40:26 AM,00:40:00,Cold-Dry,2013-05-23 00:40:00,5
16.19779968,-19.17718506,LA26,2013-05-23,01:00:28 AM,01:00:00,Cold-Dry,2013-05-23 01:00:00,5
16.19784342,-19.17718913,LA26,2013-05-23,01:20:25 AM,01:20:00,Cold-Dry,2013-05-23 01:20:00,5
16.19780477,-19.17716878,LA26,2013-05-23,01:40:27 AM,01:40:00,Cold-Dry,2013-05-23 01:40:00,5
16.19776408,-19.17719727,LA26,2013-05-23,02:00:32 AM,02:00:00,Cold-Dry,2013-05-23 02:00:00,5
16.19780172,-19.17723592,LA26,2013-05-23,02:20:24 AM,02:20:00,Cold-Dry,2013-05-23 02:20:00,5
16.19782511,-19.17711995,LA26,2013-05-23,02:40:27 AM,02:40:00,Cold-Dry,2013-05-23 02:40:00,5
16.19779968,-19.17716878,LA26,2013-05-23,03:00:34 AM,03:00:00,Cold-Dry,2013-05-23 03:00:00,5
16.19778646,-19.17715861,LA26,2013-05-23,03:20:24 AM,03:20:00,Cold-Dry,2013-05-23 03:20:00,5
16.19780782,-19.17711995,LA26,2013-05-23,03:40:26 AM,03:40:00,Cold-Dry,2013-05-23 03:40:00,5
16.19787191,-19.17712809,LA26,2013-05-23,04:00:33 AM,04:00:00,Cold-Dry,2013-05-23 04:00:00,5
16.19777629,-19.17713826,LA26,2013-05-23,04:20:26 AM,04:20:00,Cold-Dry,2013-05-23 04:20:00,5
16.19767965,-19.17719727,LA26,2013-05-23,04:40:29 AM,04:40:00,Cold-Dry,2013-05-23 04:40:00,5
16.19703369,-19.17792562,LA26,2013-05-23,05:00:24 AM,05:00:00,Cold-Dry,2013-05-23 05:00:00,5
16.1963562,-19.17816569,LA26,2013-05-23,05:20:26 AM,05:20:00,Cold-Dry,2013-05-23 05:20:00,5
16.19588826,-19.1784668,LA26,2013-05-23,05:40:29 AM,05:40:00,Cold-Dry,2013-05-23 05:40:00,5
16.195696,-19.17920532,LA26,2013-05-23,06:00:24 AM,06:00:00,Cold-Dry,2013-05-23 06:00:00,5
16.19554545,-19.18008219,LA26,2013-05-23,06:20:27 AM,06:20:00,Cold-Dry,2013-05-23 06:20:00,5
16.19605509,-19.18260905,LA26,2013-05-23,06:40:29 AM,06:40:00,Cold-Dry,2013-05-23 06:40:00,5
16.1965627,-19.18380534,LA26,2013-05-23,07:00:24 AM,07:00:00,Cold-Dry,2013-05-23 07:00:00,5
16.19786886,-19.18506877,LA26,2013-05-23,07:20:26 AM,07:20:00,Cold-Dry,2013-05-23 07:20:00,5
16.19819539,-19.18565877,LA26,2013-05-23,07:40:29 AM,07:40:00,Cold-Dry,2013-05-23 07:40:00,5
16.19922384,-19.18660685,LA26,2013-05-23,08:00:24 AM,08:00:00,Cold-Dry,2013-05-23 08:00:00,5
16.19974467,-19.18747559,LA26,2013-05-23,08:20:27 AM,08:20:00,Cold-Dry,2013-05-23 08:20:00,5
16.19959819,-19.18867391,LA26,2013-05-23,08:40:29 AM,08:40:00,Cold-Dry,2013-05-23 08:40:00,5
16.19937744,-19.18966878,LA26,2013-05-23,09:00:24 AM,09:00:00,Cold-Dry,2013-05-23 09:00:00,5
16.19927266,-19.19075114,LA26,2013-05-23,09:20:27 AM,09:20:00,Cold-Dry,2013-05-23 09:20:00,5
16.19964091,-19.19122111,LA26,2013-05-23,09:40:29 AM,09:40:00,Cold-Dry,2013-05-23 09:40:00,5
16.19965312,-19.19124959,LA26,2013-05-23,10:00:24 AM,10:00:00,Cold-Dry,2013-05-23 10:00:00,5
16.19957377,-19.19171753,LA26,2013-05-23,10:20:27 AM,10:20:00,Cold-Dry,2013-05-23 10:20:00,5
16.1990092,-19.19326375,LA26,2013-05-23,10:40:32 AM,10:40:00,Cold-Dry,2013-05-23 10:40:00,5
16.19693197,-19.19860433,LA26,2013-05-23,11:00:24 AM,11:00:00,Cold-Dry,2013-05-23 11:00:00,5
16.19365031,-19.20527547,LA26,2013-05-23,11:20:26 AM,11:20:00,Cold-Dry,2013-05-23 11:20:00,5
16.19356689,-19.20548503,LA26,2013-05-23,11:40:29 AM,11:40:00,Cold-Dry,2013-05-23 11:40:00,5
16.19370931,-19.20555623,LA26,2013-05-23,12:00:24 PM,12:00:00,Cold-Dry,2013-05-23 12:00:00,5
16.19352926,-19.20551961,LA26,2013-05-23,12:20:24 PM,12:20:00,Cold-Dry,2013-05-23 12:20:00,5
16.19356995,-19.2055542,LA26,2013-05-23,12:40:26 PM,12:40:00,Cold-Dry,2013-05-23 12:40:00,5
16.19390361,-19.20536092,LA26,2013-05-23,01:00:28 PM,13:00:00,Cold-Dry,2013-05-23 13:00:00,5
16.19420573,-19.20500895,LA26,2013-05-23,01:20:24 PM,13:20:00,Cold-Dry,2013-05-23 13:20:00,5
16.19367574,-19.20552165,LA26,2013-05-23,01:40:27 PM,13:40:00,Cold-Dry,2013-05-23 13:40:00,5
16.19373169,-19.20524089,LA26,2013-05-23,02:00:29 PM,14:00:00,Cold-Dry,2013-05-23 14:00:00,5
16.19568583,-19.20367228,LA26,2013-05-23,02:20:24 PM,14:20:00,Cold-Dry,2013-05-23 14:20:00,5
16.19835002,-19.20238444,LA26,2013-05-23,02:40:27 PM,14:40:00,Cold-Dry,2013-05-23 14:40:00,5
16.19901225,-19.20251261,LA26,2013-05-23,03:00:29 PM,15:00:00,Cold-Dry,2013-05-23 15:00:00,5
16.19991964,-19.20225423,LA26,2013-05-23,03:20:24 PM,15:20:00,Cold-Dry,2013-05-23 15:20:00,5
16.20133667,-19.20223592,LA26,2013-05-23,03:40:27 PM,15:40:00,Cold-Dry,2013-05-23 15:40:00,5
16.20241699,-19.20205892,LA26,2013-05-23,04:00:29 PM,16:00:00,Cold-Dry,2013-05-23 16:00:00,5
16.20301717,-19.2023234,LA26,2013-05-23,04:20:24 PM,16:20:00,Cold-Dry,2013-05-23 16:20:00,5
16.20300802,-19.20302938,LA26,2013-05-23,04:40:26 PM,16:40:00,Cold-Dry,2013-05-23 16:40:00,5
16.20381368,-19.2022583,LA26,2013-05-23,05:00:29 PM,17:00:00,Cold-Dry,2013-05-23 17:00:00,5
16.20403544,-19.20130208,LA26,2013-05-23,05:20:24 PM,17:20:00,Cold-Dry,2013-05-23 17:20:00,5
16.20405884,-19.20071615,LA26,2013-05-23,05:40:27 PM,17:40:00,Cold-Dry,2013-05-23 17:40:00,5
16.20407003,-19.20019124,LA26,2013-05-23,06:00:29 PM,18:00:00,Cold-Dry,2013-05-23 18:00:00,5
16.20399577,-19.20010376,LA26,2013-05-23,06:20:24 PM,18:20:00,Cold-Dry,2013-05-23 18:20:00,5
16.20408529,-19.19998779,LA26,2013-05-23,06:40:27 PM,18:40:00,Cold-Dry,2013-05-23 18:40:00,5
16.20409648,-19.20018514,LA26,2013-05-23,07:00:29 PM,19:00:00,Cold-Dry,2013-05-23 19:00:00,5
16.2052887,-19.20042725,LA26,2013-05-23,07:20:24 PM,19:20:00,Cold-Dry,2013-05-23 19:20:00,5
16.20666199,-19.20131836,LA26,2013-05-23,07:40:26 PM,19:40:00,Cold-Dry,2013-05-23 19:40:00,5
16.20700887,-19.20170492,LA26,2013-05-23,08:00:29 PM,20:00:00,Cold-Dry,2013-05-23 20:00:00,5
16.20752869,-19.20233968,LA26,2013-05-23,08:20:24 PM,20:20:00,Cold-Dry,2013-05-23 20:20:00,5
16.20796407,-19.20238647,LA26,2013-05-23,08:40:27 PM,20:40:00,Cold-Dry,2013-05-23 20:40:00,5
16.20884399,-19.20228882,LA26,2013-05-23,09:00:29 PM,21:00:00,Cold-Dry,2013-05-23 21:00:00,5
16.20953369,-19.20199788,LA26,2013-05-23,09:20:24 PM,21:20:00,Cold-Dry,2013-05-23 21:20:00,5
16.21052755,-19.2016215,LA26,2013-05-23,09:40:27 PM,21:40:00,Cold-Dry,2013-05-23 21:40:00,5
16.21165466,-19.20106405,LA26,2013-05-23,10:00:29 PM,22:00:00,Cold-Dry,2013-05-23 22:00:00,5
16.21148987,-19.20036011,LA26,2013-05-23,10:20:24 PM,22:20:00,Cold-Dry,2013-05-23 22:20:00,5
16.21219482,-19.20033366,LA26,2013-05-23,10:40:27 PM,22:40:00,Cold-Dry,2013-05-23 22:40:00,5
16.21253764,-19.20003255,LA26,2013-05-23,11:00:29 PM,23:00:00,Cold-Dry,2013-05-23 23:00:00,5
16.21296183,-19.1997172,LA26,2013-05-23,11:20:24 PM,23:20:00,Cold-Dry,2013-05-23 23:20:00,5
16.21300354,-19.19967448,LA26,2013-05-23,11:40:26 PM,23:40:00,Cold-Dry,2013-05-23 23:40:00,5
16.21293437,-19.19955037,LA26,2013-05-24,12:00:29 AM,00:00:00,Cold-Dry,2013-05-24 00:00:00,5
16.21339315,-19.19854533,LA26,2013-05-24,12:20:25 AM,00:20:00,Cold-Dry,2013-05-24 00:20:00,5
16.21336873,-19.19819336,LA26,2013-05-24,12:40:27 AM,00:40:00,Cold-Dry,2013-05-24 00:40:00,5
16.21341756,-19.1982137,LA26,2013-05-24,01:00:29 AM,01:00:00,Cold-Dry,2013-05-24 01:00:00,5
16.2135081,-19.19817912,LA26,2013-05-24,01:20:24 AM,01:20:00,Cold-Dry,2013-05-24 01:20:00,5
16.2136261,-19.19818319,LA26,2013-05-24,01:40:27 AM,01:40:00,Cold-Dry,2013-05-24 01:40:00,5
16.21372375,-19.19814453,LA26,2013-05-24,02:00:32 AM,02:00:00,Cold-Dry,2013-05-24 02:00:00,5
16.21359558,-19.19816488,LA26,2013-05-24,02:20:26 AM,02:20:00,Cold-Dry,2013-05-24 02:20:00,5
16.2136556,-19.19820557,LA26,2013-05-24,02:41:05 AM,02:41:00,Cold-Dry,2013-05-24 02:41:00,5
16.21359151,-19.19804281,LA26,2013-05-24,03:00:24 AM,03:00:00,Cold-Dry,2013-05-24 03:00:00,5
16.21365763,-19.1980306,LA26,2013-05-24,03:20:26 AM,03:20:00,Cold-Dry,2013-05-24 03:20:00,5
16.21334534,-19.1974589,LA26,2013-05-24,03:40:29 AM,03:40:00,Cold-Dry,2013-05-24 03:40:00,5
16.21321818,-19.19677734,LA26,2013-05-24,04:00:24 AM,04:00:00,Cold-Dry,2013-05-24 04:00:00,5
16.21403605,-19.1958903,LA26,2013-05-24,04:20:27 AM,04:20:00,Cold-Dry,2013-05-24 04:20:00,5
16.21455383,-19.19587809,LA26,2013-05-24,04:40:29 AM,04:40:00,Cold-Dry,2013-05-24 04:40:00,5
16.21479289,-19.19587199,LA26,2013-05-24,05:00:24 AM,05:00:00,Cold-Dry,2013-05-24 05:00:00,5
16.21621806,-19.19576213,LA26,2013-05-24,05:20:27 AM,05:20:00,Cold-Dry,2013-05-24 05:20:00,5
16.21678975,-19.1966451,LA26,2013-05-24,05:40:29 AM,05:40:00,Cold-Dry,2013-05-24 05:40:00,5
16.21677348,-19.19671021,LA26,2013-05-24,06:00:24 AM,06:00:00,Cold-Dry,2013-05-24 06:00:00,5
16.21684774,-19.19651286,LA26,2013-05-24,06:20:27 AM,06:20:00,Cold-Dry,2013-05-24 06:20:00,5
16.21676839,-19.19652507,LA26,2013-05-24,06:40:29 AM,06:40:00,Cold-Dry,2013-05-24 06:40:00,5
16.2167806,-19.19735921,LA26,2013-05-24,07:00:24 AM,07:00:00,Cold-Dry,2013-05-24 07:00:00,5
16.21650085,-19.19838257,LA26,2013-05-24,07:20:27 AM,07:20:00,Cold-Dry,2013-05-24 07:20:00,5
16.21660461,-19.19883016,LA26,2013-05-24,07:40:29 AM,07:40:00,Cold-Dry,2013-05-24 07:40:00,5
16.21645915,-19.19895833,LA26,2013-05-24,08:00:24 AM,08:00:00,Cold-Dry,2013-05-24 08:00:00,5
16.2161438,-19.19888713,LA26,2013-05-24,08:20:27 AM,08:20:00,Cold-Dry,2013-05-24 08:20:00,5
16.21578166,-19.19945272,LA26,2013-05-24,08:40:29 AM,08:40:00,Cold-Dry,2013-05-24 08:40:00,5
16.21515299,-19.19925334,LA26,2013-05-24,09:00:24 AM,09:00:00,Cold-Dry,2013-05-24 09:00:00,5
16.21518148,-19.19920247,LA26,2013-05-24,09:20:26 AM,09:20:00,Cold-Dry,2013-05-24 09:20:00,5
16.21519165,-19.19923096,LA26,2013-05-24,09:40:29 AM,09:40:00,Cold-Dry,2013-05-24 09:40:00,5
16.21513367,-19.19921061,LA26,2013-05-24,10:00:24 AM,10:00:00,Cold-Dry,2013-05-24 10:00:00,5
16.21500956,-19.20003052,LA26,2013-05-24,10:20:27 AM,10:20:00,Cold-Dry,2013-05-24 10:20:00,5
16.21491089,-19.20016886,LA26,2013-05-24,10:40:29 AM,10:40:00,Cold-Dry,2013-05-24 10:40:00,5
16.21491394,-19.2000529,LA26,2013-05-24,11:00:24 AM,11:00:00,Cold-Dry,2013-05-24 11:00:00,5
16.21420898,-19.20067749,LA26,2013-05-24,11:20:27 AM,11:20:00,Cold-Dry,2013-05-24 11:20:00,5
16.21423848,-19.20068766,LA26,2013-05-24,11:40:29 AM,11:40:00,Cold-Dry,2013-05-24 11:40:00,5
16.21423747,-19.2006958,LA26,2013-05-24,12:00:24 PM,12:00:00,Cold-Dry,2013-05-24 12:00:00,5
16.21424459,-19.20068563,LA26,2013-05-24,12:20:24 PM,12:20:00,Cold-Dry,2013-05-24 12:20:00,5
16.21414591,-19.20077922,LA26,2013-05-24,12:40:26 PM,12:40:00,Cold-Dry,2013-05-24 12:40:00,5
16.21361287,-19.20133057,LA26,2013-05-24,01:00:28 PM,13:00:00,Cold-Dry,2013-05-24 13:00:00,5
16.21267395,-19.2015035,LA26,2013-05-24,01:20:24 PM,13:20:00,Cold-Dry,2013-05-24 13:20:00,5
16.21190389,-19.20159709,LA26,2013-05-24,01:40:27 PM,13:40:00,Cold-Dry,2013-05-24 13:40:00,5
16.2115509,-19.20147502,LA26,2013-05-24,02:00:29 PM,14:00:00,Cold-Dry,2013-05-24 14:00:00,5
16.21118062,-19.20148519,LA26,2013-05-24,02:20:24 PM,14:20:00,Cold-Dry,2013-05-24 14:20:00,5
16.21028849,-19.20117798,LA26,2013-05-24,02:40:27 PM,14:40:00,Cold-Dry,2013-05-24 14:40:00,5
16.20962219,-19.20057983,LA26,2013-05-24,03:00:29 PM,15:00:00,Cold-Dry,2013-05-24 15:00:00,5
16.20921733,-19.20000203,LA26,2013-05-24,03:20:24 PM,15:20:00,Cold-Dry,2013-05-24 15:20:00,5
16.20870667,-19.20003255,LA26,2013-05-24,03:40:26 PM,15:40:00,Cold-Dry,2013-05-24 15:40:00,5
16.20785217,-19.20036011,LA26,2013-05-24,04:00:29 PM,16:00:00,Cold-Dry,2013-05-24 16:00:00,5
16.20644735,-19.20076497,LA26,2013-05-24,04:20:24 PM,16:20:00,Cold-Dry,2013-05-24 16:20:00,5
16.20549418,-19.20120036,LA26,2013-05-24,04:40:27 PM,16:40:00,Cold-Dry,2013-05-24 16:40:00,5
16.2048055,-19.20224202,LA26,2013-05-24,05:00:29 PM,17:00:00,Cold-Dry,2013-05-24 17:00:00,5
16.20312398,-19.20268148,LA26,2013-05-24,05:20:24 PM,17:20:00,Cold-Dry,2013-05-24 17:20:00,5
16.20287984,-19.20321248,LA26,2013-05-24,05:40:27 PM,17:40:00,Cold-Dry,2013-05-24 17:40:00,5
16.20305176,-19.20351766,LA26,2013-05-24,06:00:29 PM,18:00:00,Cold-Dry,2013-05-24 18:00:00,5
16.20233663,-19.20350545,LA26,2013-05-24,06:20:24 PM,18:20:00,Cold-Dry,2013-05-24 18:20:00,5
16.20102539,-19.20400187,LA26,2013-05-24,06:40:26 PM,18:40:00,Cold-Dry,2013-05-24 18:40:00,5
16.20090841,-19.20453491,LA26,2013-05-24,07:00:29 PM,19:00:00,Cold-Dry,2013-05-24 19:00:00,5
16.20022685,-19.2052714,LA26,2013-05-24,07:20:24 PM,19:20:00,Cold-Dry,2013-05-24 19:20:00,5
16.1986735,-19.2058492,LA26,2013-05-24,07:40:27 PM,19:40:00,Cold-Dry,2013-05-24 19:40:00,5
16.19366862,-19.20551351,LA26,2013-05-24,08:00:29 PM,20:00:00,Cold-Dry,2013-05-24 20:00:00,5
16.19371236,-19.20581665,LA26,2013-05-24,08:20:24 PM,20:20:00,Cold-Dry,2013-05-24 20:20:00,5
16.19826965,-19.20584513,LA26,2013-05-24,08:40:26 PM,20:40:00,Cold-Dry,2013-05-24 20:40:00,5
16.20208537,-19.20340983,LA26,2013-05-24,09:00:29 PM,21:00:00,Cold-Dry,2013-05-24 21:00:00,5
16.20591125,-19.20106201,LA26,2013-05-24,09:20:24 PM,21:20:00,Cold-Dry,2013-05-24 21:20:00,5
16.2114502,-19.1986084,LA26,2013-05-24,09:40:26 PM,21:40:00,Cold-Dry,2013-05-24 21:40:00,5
16.21557821,-19.19843343,LA26,2013-05-24,10:00:29 PM,22:00:00,Cold-Dry,2013-05-24 22:00:00,5
16.21801758,-19.19880168,LA26,2013-05-24,10:20:24 PM,22:20:00,Cold-Dry,2013-05-24 22:20:00,5
16.22043762,-19.19900513,LA26,2013-05-24,10:40:26 PM,22:40:00,Cold-Dry,2013-05-24 22:40:00,5
16.22070313,-19.19898885,LA26,2013-05-24,11:00:29 PM,23:00:00,Cold-Dry,2013-05-24 23:00:00,5
16.22185059,-19.19778035,LA26,2013-05-24,11:20:24 PM,23:20:00,Cold-Dry,2013-05-24 23:20:00,5
16.22257284,-19.19661662,LA26,2013-05-24,11:40:27 PM,23:40:00,Cold-Dry,2013-05-24 23:40:00,5
16.22321879,-19.19607137,LA26,2013-05-25,12:00:29 AM,00:00:00,Cold-Dry,2013-05-25 00:00:00,5
16.22423401,-19.19590454,LA26,2013-05-25,12:20:24 AM,00:20:00,Cold-Dry,2013-05-25 00:20:00,5
16.22456868,-19.19614258,LA26,2013-05-25,12:40:26 AM,00:40:00,Cold-Dry,2013-05-25 00:40:00,5
16.22476196,-19.19625041,LA26,2013-05-25,01:00:28 AM,01:00:00,Cold-Dry,2013-05-25 01:00:00,5
16.22536112,-19.19609172,LA26,2013-05-25,01:20:24 AM,01:20:00,Cold-Dry,2013-05-25 01:20:00,5
16.22554626,-19.1959493,LA26,2013-05-25,01:40:27 AM,01:40:00,Cold-Dry,2013-05-25 01:40:00,5
16.22604472,-19.19693807,LA26,2013-05-25,02:00:29 AM,02:00:00,Cold-Dry,2013-05-25 02:00:00,5
16.22620138,-19.19700521,LA26,2013-05-25,02:20:24 AM,02:20:00,Cold-Dry,2013-05-25 02:20:00,5
16.22563375,-19.19786784,LA26,2013-05-25,02:40:27 AM,02:40:00,Cold-Dry,2013-05-25 02:40:00,5
16.22556356,-19.19787801,LA26,2013-05-25,03:00:29 AM,03:00:00,Cold-Dry,2013-05-25 03:00:00,5
16.2255188,-19.19783732,LA26,2013-05-25,03:20:24 AM,03:20:00,Cold-Dry,2013-05-25 03:20:00,5
16.2255127,-19.19784953,LA26,2013-05-25,03:40:26 AM,03:40:00,Cold-Dry,2013-05-25 03:40:00,5
16.22550456,-19.19784546,LA26,2013-05-25,04:00:29 AM,04:00:00,Cold-Dry,2013-05-25 04:00:00,5
16.2252655,-19.1977356,LA26,2013-05-25,04:20:24 AM,04:20:00,Cold-Dry,2013-05-25 04:20:00,5
16.22528788,-19.19775798,LA26,2013-05-25,04:40:27 AM,04:40:00,Cold-Dry,2013-05-25 04:40:00,5
16.22527568,-19.19776815,LA26,2013-05-25,05:00:29 AM,05:00:00,Cold-Dry,2013-05-25 05:00:00,5
16.22529806,-19.19780273,LA26,2013-05-25,05:20:24 AM,05:20:00,Cold-Dry,2013-05-25 05:20:00,5
16.22521159,-19.19779053,LA26,2013-05-25,05:40:26 AM,05:40:00,Cold-Dry,2013-05-25 05:40:00,5
16.22397563,-19.19811605,LA26,2013-05-25,06:00:29 AM,06:00:00,Cold-Dry,2013-05-25 06:00:00,5
16.22335307,-19.19742839,LA26,2013-05-25,06:20:24 AM,06:20:00,Cold-Dry,2013-05-25 06:20:00,5
16.22212219,-19.19687907,LA26,2013-05-25,06:40:26 AM,06:40:00,Cold-Dry,2013-05-25 06:40:00,5
16.22066752,-19.19596354,LA26,2013-05-25,07:00:29 AM,07:00:00,Cold-Dry,2013-05-25 07:00:00,5
16.21874288,-19.19479167,LA26,2013-05-25,07:20:24 AM,07:20:00,Cold-Dry,2013-05-25 07:20:00,5
16.21760254,-19.19436239,LA26,2013-05-25,07:40:26 AM,07:40:00,Cold-Dry,2013-05-25 07:40:00,5
16.21705526,-19.19409383,LA26,2013-05-25,08:00:29 AM,08:00:00,Cold-Dry,2013-05-25 08:00:00,5
16.21598918,-19.19400838,LA26,2013-05-25,08:20:24 AM,08:20:00,Cold-Dry,2013-05-25 08:20:00,5
16.21565552,-19.19413859,LA26,2013-05-25,08:40:27 AM,08:40:00,Cold-Dry,2013-05-25 08:40:00,5
16.21561584,-19.19415894,LA26,2013-05-25,09:00:29 AM,09:00:00,Cold-Dry,2013-05-25 09:00:00,5
16.21564128,-19.19411418,LA26,2013-05-25,09:20:24 AM,09:20:00,Cold-Dry,2013-05-25 09:20:00,5
16.21536153,-19.19417114,LA26,2013-05-25,09:40:27 AM,09:40:00,Cold-Dry,2013-05-25 09:40:00,5
16.21463725,-19.19440104,LA26,2013-05-25,10:00:29 AM,10:00:00,Cold-Dry,2013-05-25 10:00:00,5
16.21455994,-19.19461873,LA26,2013-05-25,10:20:24 AM,10:20:00,Cold-Dry,2013-05-25 10:20:00,5
16.2145579,-19.19454549,LA26,2013-05-25,10:40:27 AM,10:40:00,Cold-Dry,2013-05-25 10:40:00,5
16.21414693,-19.19516398,LA26,2013-05-25,11:00:29 AM,11:00:00,Cold-Dry,2013-05-25 11:00:00,5
16.2140686,-19.19524129,LA26,2013-05-25,11:20:24 AM,11:20:00,Cold-Dry,2013-05-25 11:20:00,5
16.21403809,-19.19521077,LA26,2013-05-25,11:40:27 AM,11:40:00,Cold-Dry,2013-05-25 11:40:00,5
16.21405741,-19.19523519,LA26,2013-05-25,12:00:29 PM,12:00:00,Cold-Dry,2013-05-25 12:00:00,5
16.21393433,-19.1953064,LA26,2013-05-25,12:20:24 PM,12:20:00,Cold-Dry,2013-05-25 12:20:00,5
16.21291707,-19.19579875,LA26,2013-05-25,12:40:26 PM,12:40:00,Cold-Dry,2013-05-25 12:40:00,5
16.2111908,-19.19717204,LA26,2013-05-25,01:00:28 PM,13:00:00,Cold-Dry,2013-05-25 13:00:00,5
16.21090597,-19.19761759,LA26,2013-05-25,01:20:24 PM,13:20:00,Cold-Dry,2013-05-25 13:20:00,5
16.20988973,-19.19719035,LA26,2013-05-25,01:40:26 PM,13:40:00,Cold-Dry,2013-05-25 13:40:00,5
16.21007589,-19.19724121,LA26,2013-05-25,02:00:29 PM,14:00:00,Cold-Dry,2013-05-25 14:00:00,5
16.20913391,-19.19678548,LA26,2013-05-25,02:20:24 PM,14:20:00,Cold-Dry,2013-05-25 14:20:00,5
16.20488078,-19.19713542,LA26,2013-05-25,02:40:27 PM,14:40:00,Cold-Dry,2013-05-25 14:40:00,5
16.20349223,-19.19811198,LA26,2013-05-25,03:00:29 PM,15:00:00,Cold-Dry,2013-05-25 15:00:00,5
16.20230103,-19.19905396,LA26,2013-05-25,03:20:24 PM,15:20:00,Cold-Dry,2013-05-25 15:20:00,5
16.20184733,-19.19938761,LA26,2013-05-25,03:40:27 PM,15:40:00,Cold-Dry,2013-05-25 15:40:00,5
16.20019633,-19.20005086,LA26,2013-05-25,04:00:29 PM,16:00:00,Cold-Dry,2013-05-25 16:00:00,5
16.1990682,-19.20167847,LA26,2013-05-25,04:20:24 PM,16:20:00,Cold-Dry,2013-05-25 16:20:00,5
16.19630941,-19.20390828,LA26,2013-05-25,04:40:28 PM,16:40:00,Cold-Dry,2013-05-25 16:40:00,5
16.19362081,-19.2055481,LA26,2013-05-25,05:00:29 PM,17:00:00,Cold-Dry,2013-05-25 17:00:00,5
16.19335836,-19.20519409,LA26,2013-05-25,05:20:24 PM,17:20:00,Cold-Dry,2013-05-25 17:20:00,5
16.19379985,-19.20053304,LA26,2013-05-25,05:40:27 PM,17:40:00,Cold-Dry,2013-05-25 17:40:00,5
16.19397583,-19.19540812,LA26,2013-05-25,06:00:29 PM,18:00:00,Cold-Dry,2013-05-25 18:00:00,5
16.19381307,-19.19303792,LA26,2013-05-25,06:20:24 PM,18:20:00,Cold-Dry,2013-05-25 18:20:00,5
16.19275004,-19.19145711,LA26,2013-05-25,06:40:26 PM,18:40:00,Cold-Dry,2013-05-25 18:40:00,5
16.19213765,-19.19036458,LA26,2013-05-25,07:00:29 PM,19:00:00,Cold-Dry,2013-05-25 19:00:00,5
16.19053955,-19.18871867,LA26,2013-05-25,07:20:24 PM,19:20:00,Cold-Dry,2013-05-25 19:20:00,5
16.18940837,-19.18802083,LA26,2013-05-25,07:40:27 PM,19:40:00,Cold-Dry,2013-05-25 19:40:00,5
16.18902588,-19.18807576,LA26,2013-05-25,08:00:29 PM,20:00:00,Cold-Dry,2013-05-25 20:00:00,5
16.18851827,-19.18817546,LA26,2013-05-25,08:20:26 PM,20:20:00,Cold-Dry,2013-05-25 20:20:00,5
16.1879364,-19.18816528,LA26,2013-05-25,08:40:29 PM,20:40:00,Cold-Dry,2013-05-25 20:40:00,5
16.18766886,-19.18790487,LA26,2013-05-25,09:00:24 PM,21:00:00,Cold-Dry,2013-05-25 21:00:00,5
16.18703613,-19.18715413,LA26,2013-05-25,09:20:27 PM,21:20:00,Cold-Dry,2013-05-25 21:20:00,5
16.18692627,-19.18688761,LA26,2013-05-25,09:40:29 PM,21:40:00,Cold-Dry,2013-05-25 21:40:00,5
16.1845693,-19.1842631,LA26,2013-05-25,10:00:24 PM,22:00:00,Cold-Dry,2013-05-25 22:00:00,5
16.18409729,-19.18399658,LA26,2013-05-25,10:20:27 PM,22:20:00,Cold-Dry,2013-05-25 22:20:00,5
16.18370463,-19.18367716,LA26,2013-05-25,10:40:29 PM,22:40:00,Cold-Dry,2013-05-25 22:40:00,5
16.182665,-19.18305054,LA26,2013-05-25,11:00:24 PM,23:00:00,Cold-Dry,2013-05-25 23:00:00,5
16.18303121,-19.18308105,LA26,2013-05-25,11:20:26 PM,23:20:00,Cold-Dry,2013-05-25 23:20:00,5
16.18262024,-19.17786865,LA26,2013-05-25,11:40:29 PM,23:40:00,Cold-Dry,2013-05-25 23:40:00,5
16.18388163,-19.17360229,LA26,2013-05-26,12:00:50 AM,00:00:00,Cold-Dry,2013-05-26 00:00:00,5
16.18476868,-19.17171224,LA26,2013-05-26,12:20:24 AM,00:20:00,Cold-Dry,2013-05-26 00:20:00,5
16.18469543,-19.16864014,LA26,2013-05-26,12:40:26 AM,00:40:00,Cold-Dry,2013-05-26 00:40:00,5
16.18528137,-19.16757202,LA26,2013-05-26,01:00:28 AM,01:00:00,Cold-Dry,2013-05-26 01:00:00,5
16.18564148,-19.16758219,LA26,2013-05-26,01:20:24 AM,01:20:00,Cold-Dry,2013-05-26 01:20:00,5
16.18566793,-19.16727295,LA26,2013-05-26,01:40:27 AM,01:40:00,Cold-Dry,2013-05-26 01:40:00,5
16.18565572,-19.16727702,LA26,2013-05-26,02:00:29 AM,02:00:00,Cold-Dry,2013-05-26 02:00:00,5
16.18564962,-19.16727905,LA26,2013-05-26,02:20:24 AM,02:20:00,Cold-Dry,2013-05-26 02:20:00,5
16.18568726,-19.16728312,LA26,2013-05-26,02:40:27 AM,02:40:00,Cold-Dry,2013-05-26 02:40:00,5
16.18563131,-19.16726481,LA26,2013-05-26,03:00:29 AM,03:00:00,Cold-Dry,2013-05-26 03:00:00,5
16.18565776,-19.16724854,LA26,2013-05-26,03:20:24 AM,03:20:00,Cold-Dry,2013-05-26 03:20:00,5
16.18565776,-19.16726278,LA26,2013-05-26,03:40:27 AM,03:40:00,Cold-Dry,2013-05-26 03:40:00,5
16.18566284,-19.1672526,LA26,2013-05-26,04:00:29 AM,04:00:00,Cold-Dry,2013-05-26 04:00:00,5
16.18566284,-19.16727295,LA26,2013-05-26,04:20:24 AM,04:20:00,Cold-Dry,2013-05-26 04:20:00,5
16.1852773,-19.16665243,LA26,2013-05-26,04:40:27 AM,04:40:00,Cold-Dry,2013-05-26 04:40:00,5
16.1850413,-19.1663859,LA26,2013-05-26,05:00:29 AM,05:00:00,Cold-Dry,2013-05-26 05:00:00,5
16.18434245,-19.16498413,LA26,2013-05-26,05:20:24 AM,05:20:00,Cold-Dry,2013-05-26 05:20:00,5
16.18380127,-19.16390991,LA26,2013-05-26,05:40:27 AM,05:40:00,Cold-Dry,2013-05-26 05:40:00,5
16.18320313,-19.16357625,LA26,2013-05-26,06:00:29 AM,06:00:00,Cold-Dry,2013-05-26 06:00:00,5
16.18261922,-19.16236979,LA26,2013-05-26,06:20:24 AM,06:20:00,Cold-Dry,2013-05-26 06:20:00,5
16.18175761,-19.16142171,LA26,2013-05-26,06:40:26 AM,06:40:00,Cold-Dry,2013-05-26 06:40:00,5
16.18050944,-19.16006673,LA26,2013-05-26,07:00:29 AM,07:00:00,Cold-Dry,2013-05-26 07:00:00,5
16.18022054,-19.15976563,LA26,2013-05-26,07:20:24 AM,07:20:00,Cold-Dry,2013-05-26 07:20:00,5
16.18020528,-19.15730184,LA26,2013-05-26,07:40:27 AM,07:40:00,Cold-Dry,2013-05-26 07:40:00,5
16.18005168,-19.15560303,LA26,2013-05-26,08:00:29 AM,08:00:00,Cold-Dry,2013-05-26 08:00:00,5
16.18006795,-19.15571086,LA26,2013-05-26,08:20:24 AM,08:20:00,Cold-Dry,2013-05-26 08:20:00,5
16.17949422,-19.15386353,LA26,2013-05-26,08:40:27 AM,08:40:00,Cold-Dry,2013-05-26 08:40:00,5
16.18000387,-19.15276082,LA26,2013-05-26,09:00:29 AM,09:00:00,Cold-Dry,2013-05-26 09:00:00,5
16.17970072,-19.15125529,LA26,2013-05-26,09:20:24 AM,09:20:00,Cold-Dry,2013-05-26 09:20:00,5
16.17946574,-19.15071208,LA26,2013-05-26,09:40:27 AM,09:40:00,Cold-Dry,2013-05-26 09:40:00,5
16.17948608,-19.15069784,LA26,2013-05-26,10:00:29 AM,10:00:00,Cold-Dry,2013-05-26 10:00:00,5
16.17946269,-19.15069784,LA26,2013-05-26,10:20:24 AM,10:20:00,Cold-Dry,2013-05-26 10:20:00,5
16.17862956,-19.14816488,LA26,2013-05-26,10:40:27 AM,10:40:00,Cold-Dry,2013-05-26 10:40:00,5
16.17834473,-19.14631348,LA26,2013-05-26,11:00:29 AM,11:00:00,Cold-Dry,2013-05-26 11:00:00,5
16.17766418,-19.14486694,LA26,2013-05-26,11:20:24 AM,11:20:00,Cold-Dry,2013-05-26 11:20:00,5
16.17766927,-19.14307658,LA26,2013-05-26,11:40:26 AM,11:40:00,Cold-Dry,2013-05-26 11:40:00,5
16.17703552,-19.1424235,LA26,2013-05-26,12:00:29 PM,12:00:00,Cold-Dry,2013-05-26 12:00:00,5
16.17681986,-19.14238281,LA26,2013-05-26,12:20:24 PM,12:20:00,Cold-Dry,2013-05-26 12:20:00,5
16.1768453,-19.14239705,LA26,2013-05-26,12:40:26 PM,12:40:00,Cold-Dry,2013-05-26 12:40:00,5
16.17684428,-19.14233805,LA26,2013-05-26,01:00:28 PM,13:00:00,Cold-Dry,2013-05-26 13:00:00,5
16.17651062,-19.14238688,LA26,2013-05-26,01:20:24 PM,13:20:00,Cold-Dry,2013-05-26 13:20:00,5
16.17611898,-19.14220174,LA26,2013-05-26,01:40:27 PM,13:40:00,Cold-Dry,2013-05-26 13:40:00,5
16.17614237,-19.14222209,LA26,2013-05-26,02:00:29 PM,14:00:00,Cold-Dry,2013-05-26 14:00:00,5
16.17600098,-19.1420166,LA26,2013-05-26,02:20:24 PM,14:20:00,Cold-Dry,2013-05-26 14:20:00,5
16.17480774,-19.14101969,LA26,2013-05-26,02:40:27 PM,14:40:00,Cold-Dry,2013-05-26 14:40:00,5
16.17277018,-19.14029744,LA26,2013-05-26,03:00:29 PM,15:00:00,Cold-Dry,2013-05-26 15:00:00,5
16.17153625,-19.13933716,LA26,2013-05-26,03:20:24 PM,15:20:00,Cold-Dry,2013-05-26 15:20:00,5
16.1705424,-19.13819987,LA26,2013-05-26,03:40:26 PM,15:40:00,Cold-Dry,2013-05-26 15:40:00,5
16.17074687,-19.13600667,LA26,2013-05-26,04:00:29 PM,16:00:00,Cold-Dry,2013-05-26 16:00:00,5
16.17202861,-19.1337972,LA26,2013-05-26,04:20:24 PM,16:20:00,Cold-Dry,2013-05-26 16:20:00,5
16.17208252,-19.12594808,LA26,2013-05-26,04:40:27 PM,16:40:00,Cold-Dry,2013-05-26 16:40:00,5
16.17247518,-19.11749878,LA26,2013-05-26,05:00:29 PM,17:00:00,Cold-Dry,2013-05-26 17:00:00,5
16.17404582,-19.10800578,LA26,2013-05-26,05:20:24 PM,17:20:00,Cold-Dry,2013-05-26 17:20:00,5
16.17552185,-19.10161133,LA26,2013-05-26,05:40:26 PM,17:40:00,Cold-Dry,2013-05-26 17:40:00,5
16.17639974,-19.09937948,LA26,2013-05-26,06:00:29 PM,18:00:00,Cold-Dry,2013-05-26 18:00:00,5
16.17743835,-19.09741821,LA26,2013-05-26,06:20:24 PM,18:20:00,Cold-Dry,2013-05-26 18:20:00,5
16.17785238,-19.0946818,LA26,2013-05-26,06:40:26 PM,18:40:00,Cold-Dry,2013-05-26 18:40:00,5
16.18198547,-19.0875061,LA26,2013-05-26,07:00:29 PM,19:00:00,Cold-Dry,2013-05-26 19:00:00,5
16.18395284,-19.08236898,LA26,2013-05-26,07:20:24 PM,19:20:00,Cold-Dry,2013-05-26 19:20:00,5
16.18663839,-19.08006999,LA26,2013-05-26,07:40:26 PM,19:40:00,Cold-Dry,2013-05-26 19:40:00,5
16.18768819,-19.07826742,LA26,2013-05-26,08:00:29 PM,20:00:00,Cold-Dry,2013-05-26 20:00:00,5
16.18818156,-19.07104085,LA26,2013-05-26,08:20:26 PM,20:20:00,Cold-Dry,2013-05-26 20:20:00,5
16.18846232,-19.06323039,LA26,2013-05-26,08:40:28 PM,20:40:00,Cold-Dry,2013-05-26 20:40:00,5
16.19190572,-19.05615845,LA26,2013-05-26,09:00:24 PM,21:00:00,Cold-Dry,2013-05-26 21:00:00,5
16.19253133,-19.05285441,LA26,2013-05-26,09:20:26 PM,21:20:00,Cold-Dry,2013-05-26 21:20:00,5
16.19294739,-19.05797526,LA26,2013-05-26,09:40:29 PM,21:40:00,Cold-Dry,2013-05-26 21:40:00,5
16.19379578,-19.06397705,LA26,2013-05-26,10:00:24 PM,22:00:00,Cold-Dry,2013-05-26 22:00:00,5
16.19453735,-19.07084554,LA26,2013-05-26,10:20:26 PM,22:20:00,Cold-Dry,2013-05-26 22:20:00,5
16.19809062,-19.07512207,LA26,2013-05-26,10:40:29 PM,22:40:00,Cold-Dry,2013-05-26 22:40:00,5
16.20059408,-19.08272298,LA26,2013-05-26,11:00:24 PM,23:00:00,Cold-Dry,2013-05-26 23:00:00,5
16.20411784,-19.08996379,LA26,2013-05-26,11:20:26 PM,23:20:00,Cold-Dry,2013-05-26 23:20:00,5
16.20591329,-19.09580282,LA26,2013-05-26,11:40:29 PM,23:40:00,Cold-Dry,2013-05-26 23:40:00,5
16.20643921,-19.09885864,LA26,2013-05-27,12:00:24 AM,00:00:00,Cold-Dry,2013-05-27 00:00:00,5
16.2059672,-19.10059001,LA26,2013-05-27,12:20:24 AM,00:20:00,Cold-Dry,2013-05-27 00:20:00,5
16.2064565,-19.10291545,LA26,2013-05-27,12:40:26 AM,00:40:00,Cold-Dry,2013-05-27 00:40:00,5
16.20691121,-19.10358887,LA26,2013-05-27,01:00:28 AM,01:00:00,Cold-Dry,2013-05-27 01:00:00,5
16.20747375,-19.10361125,LA26,2013-05-27,01:20:24 AM,01:20:00,Cold-Dry,2013-05-27 01:20:00,5
16.20807393,-19.10431112,LA26,2013-05-27,01:40:26 AM,01:40:00,Cold-Dry,2013-05-27 01:40:00,5
16.20762634,-19.10521037,LA26,2013-05-27,02:00:29 AM,02:00:00,Cold-Dry,2013-05-27 02:00:00,5
16.2088206,-19.10548096,LA26,2013-05-27,02:20:24 AM,02:20:00,Cold-Dry,2013-05-27 02:20:00,5
16.20891012,-19.10577799,LA26,2013-05-27,02:40:27 AM,02:40:00,Cold-Dry,2013-05-27 02:40:00,5
16.20898641,-19.10659383,LA26,2013-05-27,03:00:29 AM,03:00:00,Cold-Dry,2013-05-27 03:00:00,5
16.21014201,-19.10886027,LA26,2013-05-27,03:20:24 AM,03:20:00,Cold-Dry,2013-05-27 03:20:00,5
16.21076152,-19.11027832,LA26,2013-05-27,03:40:27 AM,03:40:00,Cold-Dry,2013-05-27 03:40:00,5
16.21077779,-19.11025798,LA26,2013-05-27,04:00:29 AM,04:00:00,Cold-Dry,2013-05-27 04:00:00,5
16.21092122,-19.11041056,LA26,2013-05-27,04:20:27 AM,04:20:00,Cold-Dry,2013-05-27 04:20:00,5
16.21093648,-19.11043294,LA26,2013-05-27,04:40:29 AM,04:40:00,Cold-Dry,2013-05-27 04:40:00,5
16.21184285,-19.11143188,LA26,2013-05-27,05:00:24 AM,05:00:00,Cold-Dry,2013-05-27 05:00:00,5
16.21277771,-19.11268311,LA26,2013-05-27,05:20:26 AM,05:20:00,Cold-Dry,2013-05-27 05:20:00,5
16.21296692,-19.11299845,LA26,2013-05-27,05:40:29 AM,05:40:00,Cold-Dry,2013-05-27 05:40:00,5
16.21293132,-19.1132548,LA26,2013-05-27,06:00:24 AM,06:00:00,Cold-Dry,2013-05-27 06:00:00,5
16.21270142,-19.11392212,LA26,2013-05-27,06:20:27 AM,06:20:00,Cold-Dry,2013-05-27 06:20:00,5
16.21243184,-19.11417033,LA26,2013-05-27,06:40:29 AM,06:40:00,Cold-Dry,2013-05-27 06:40:00,5
16.21141866,-19.11535848,LA26,2013-05-27,07:00:24 AM,07:00:00,Cold-Dry,2013-05-27 07:00:00,5
16.21043803,-19.11605021,LA26,2013-05-27,07:20:26 AM,07:20:00,Cold-Dry,2013-05-27 07:20:00,5
16.21043396,-19.11625773,LA26,2013-05-27,07:40:29 AM,07:40:00,Cold-Dry,2013-05-27 07:40:00,5
16.21005554,-19.11661377,LA26,2013-05-27,08:00:24 AM,08:00:00,Cold-Dry,2013-05-27 08:00:00,5
16.2102122,-19.11663411,LA26,2013-05-27,08:20:27 AM,08:20:00,Cold-Dry,2013-05-27 08:20:00,5
16.21019694,-19.11664022,LA26,2013-05-27,08:40:29 AM,08:40:00,Cold-Dry,2013-05-27 08:40:00,5
16.20998637,-19.11663005,LA26,2013-05-27,09:00:24 AM,09:00:00,Cold-Dry,2013-05-27 09:00:00,5
16.20891724,-19.11545817,LA26,2013-05-27,09:20:26 AM,09:20:00,Cold-Dry,2013-05-27 09:20:00,5
16.20874939,-19.11468302,LA26,2013-05-27,09:40:29 AM,09:40:00,Cold-Dry,2013-05-27 09:40:00,5
16.2087443,-19.11465251,LA26,2013-05-27,10:00:24 AM,10:00:00,Cold-Dry,2013-05-27 10:00:00,5
16.20875549,-19.11467896,LA26,2013-05-27,10:20:27 AM,10:20:00,Cold-Dry,2013-05-27 10:20:00,5
16.20893555,-19.11466675,LA26,2013-05-27,10:40:29 AM,10:40:00,Cold-Dry,2013-05-27 10:40:00,5
16.2088267,-19.11423747,LA26,2013-05-27,11:00:24 AM,11:00:00,Cold-Dry,2013-05-27 11:00:00,5
16.20838114,-19.11328939,LA26,2013-05-27,11:20:26 AM,11:20:00,Cold-Dry,2013-05-27 11:20:00,5
16.20837708,-19.11327108,LA26,2013-05-27,11:40:29 AM,11:40:00,Cold-Dry,2013-05-27 11:40:00,5
16.20798747,-19.11274414,LA26,2013-05-27,12:00:24 PM,12:00:00,Cold-Dry,2013-05-27 12:00:00,5
16.20742493,-19.11229248,LA26,2013-05-27,12:20:24 PM,12:20:00,Cold-Dry,2013-05-27 12:20:00,5
16.20727641,-19.11218872,LA26,2013-05-27,12:40:26 PM,12:40:00,Cold-Dry,2013-05-27 12:40:00,5
16.20703125,-19.11213989,LA26,2013-05-27,01:00:28 PM,13:00:00,Cold-Dry,2013-05-27 13:00:00,5
16.20694987,-19.11216227,LA26,2013-05-27,01:20:24 PM,13:20:00,Cold-Dry,2013-05-27 13:20:00,5
16.20681356,-19.11039632,LA26,2013-05-27,01:40:27 PM,13:40:00,Cold-Dry,2013-05-27 13:40:00,5
16.20660095,-19.10840047,LA26,2013-05-27,02:00:29 PM,14:00:00,Cold-Dry,2013-05-27 14:00:00,5
16.20559896,-19.10631714,LA26,2013-05-27,02:20:24 PM,14:20:00,Cold-Dry,2013-05-27 14:20:00,5
16.20386047,-19.1044047,LA26,2013-05-27,02:40:27 PM,14:40:00,Cold-Dry,2013-05-27 14:40:00,5
16.2032664,-19.10386556,LA26,2013-05-27,03:00:29 PM,15:00:00,Cold-Dry,2013-05-27 15:00:00,5
16.20059306,-19.10216471,LA26,2013-05-27,03:20:24 PM,15:20:00,Cold-Dry,2013-05-27 15:20:00,5
16.19780477,-19.10017293,LA26,2013-05-27,03:40:27 PM,15:40:00,Cold-Dry,2013-05-27 15:40:00,5
16.19550578,-19.09802653,LA26,2013-05-27,04:00:29 PM,16:00:00,Cold-Dry,2013-05-27 16:00:00,5
16.19510498,-19.09467773,LA26,2013-05-27,04:20:24 PM,16:20:00,Cold-Dry,2013-05-27 16:20:00,5
16.1945872,-19.09328613,LA26,2013-05-27,04:40:26 PM,16:40:00,Cold-Dry,2013-05-27 16:40:00,5
16.19414775,-19.09261678,LA26,2013-05-27,05:00:30 PM,17:00:00,Cold-Dry,2013-05-27 17:00:00,5
16.19424845,-19.09141235,LA26,2013-05-27,05:20:24 PM,17:20:00,Cold-Dry,2013-05-27 17:20:00,5
16.19366557,-19.08918864,LA26,2013-05-27,05:40:27 PM,17:40:00,Cold-Dry,2013-05-27 17:40:00,5
16.19356995,-19.08759562,LA26,2013-05-27,06:00:29 PM,18:00:00,Cold-Dry,2013-05-27 18:00:00,5
16.19341634,-19.08566691,LA26,2013-05-27,06:20:24 PM,18:20:00,Cold-Dry,2013-05-27 18:20:00,5
16.19397481,-19.08167928,LA26,2013-05-27,06:40:27 PM,18:40:00,Cold-Dry,2013-05-27 18:40:00,5
16.19437052,-19.07817383,LA26,2013-05-27,07:00:29 PM,19:00:00,Cold-Dry,2013-05-27 19:00:00,5
16.19407756,-19.07756755,LA26,2013-05-27,07:20:24 PM,19:20:00,Cold-Dry,2013-05-27 19:20:00,5
16.19399414,-19.07131348,LA26,2013-05-27,07:40:27 PM,19:40:00,Cold-Dry,2013-05-27 19:40:00,5
16.19384257,-19.06684367,LA26,2013-05-27,08:00:33 PM,20:00:00,Cold-Dry,2013-05-27 20:00:00,5
16.19325562,-19.06101074,LA26,2013-05-27,08:20:26 PM,20:20:00,Cold-Dry,2013-05-27 20:20:00,5
16.19309184,-19.05504557,LA26,2013-05-27,08:40:28 PM,20:40:00,Cold-Dry,2013-05-27 20:40:00,5
16.1926473,-19.05301921,LA26,2013-05-27,09:00:24 PM,21:00:00,Cold-Dry,2013-05-27 21:00:00,5
16.19475199,-19.05620728,LA26,2013-05-27,09:20:27 PM,21:20:00,Cold-Dry,2013-05-27 21:20:00,5
16.19627279,-19.06229248,LA26,2013-05-27,09:40:29 PM,21:40:00,Cold-Dry,2013-05-27 21:40:00,5
16.19756978,-19.06733602,LA26,2013-05-27,10:00:24 PM,22:00:00,Cold-Dry,2013-05-27 22:00:00,5
16.19936625,-19.07341715,LA26,2013-05-27,10:20:27 PM,22:20:00,Cold-Dry,2013-05-27 22:20:00,5
16.2003479,-19.07735596,LA26,2013-05-27,10:40:29 PM,22:40:00,Cold-Dry,2013-05-27 22:40:00,5
16.20418091,-19.08460083,LA26,2013-05-27,11:00:27 PM,23:00:00,Cold-Dry,2013-05-27 23:00:00,5
16.21079508,-19.08958333,LA26,2013-05-27,11:20:28 PM,23:20:00,Cold-Dry,2013-05-27 23:20:00,5
16.21497091,-19.09341024,LA26,2013-05-27,11:40:24 PM,23:40:00,Cold-Dry,2013-05-27 23:40:00,5
16.21722819,-19.09702352,LA26,2013-05-28,12:00:27 AM,00:00:00,Cold-Dry,2013-05-28 00:00:00,5
16.21691895,-19.09859619,LA26,2013-05-28,12:20:25 AM,00:20:00,Cold-Dry,2013-05-28 00:20:00,5
16.21662903,-19.0995931,LA26,2013-05-28,12:40:26 AM,00:40:00,Cold-Dry,2013-05-28 00:40:00,5
16.21643575,-19.10079142,LA26,2013-05-28,01:00:29 AM,01:00:00,Cold-Dry,2013-05-28 01:00:00,5
16.21593018,-19.10134074,LA26,2013-05-28,01:20:24 AM,01:20:00,Cold-Dry,2013-05-28 01:20:00,5
16.21553752,-19.10229289,LA26,2013-05-28,01:40:27 AM,01:40:00,Cold-Dry,2013-05-28 01:40:00,5
16.21570435,-19.10414022,LA26,2013-05-28,02:00:29 AM,02:00:00,Cold-Dry,2013-05-28 02:00:00,5
16.21539612,-19.10823771,LA26,2013-05-28,02:20:24 AM,02:20:00,Cold-Dry,2013-05-28 02:20:00,5
16.21807861,-19.11335653,LA26,2013-05-28,02:40:27 AM,02:40:00,Cold-Dry,2013-05-28 02:40:00,5
16.21858521,-19.11610311,LA26,2013-05-28,03:00:29 AM,03:00:00,Cold-Dry,2013-05-28 03:00:00,5
16.21939901,-19.11716105,LA26,2013-05-28,03:20:24 AM,03:20:00,Cold-Dry,2013-05-28 03:20:00,5
16.21965841,-19.11715291,LA26,2013-05-28,03:40:27 AM,03:40:00,Cold-Dry,2013-05-28 03:40:00,5
16.21966044,-19.11719564,LA26,2013-05-28,04:00:29 AM,04:00:00,Cold-Dry,2013-05-28 04:00:00,5
16.21966349,-19.11720988,LA26,2013-05-28,04:20:24 AM,04:20:00,Cold-Dry,2013-05-28 04:20:00,5
16.21965942,-19.11720174,LA26,2013-05-28,04:40:27 AM,04:40:00,Cold-Dry,2013-05-28 04:40:00,5
16.21988831,-19.11775309,LA26,2013-05-28,05:00:29 AM,05:00:00,Cold-Dry,2013-05-28 05:00:00,5
16.21943868,-19.11851196,LA26,2013-05-28,05:20:24 AM,05:20:00,Cold-Dry,2013-05-28 05:20:00,5
16.21946818,-19.11977132,LA26,2013-05-28,05:40:27 AM,05:40:00,Cold-Dry,2013-05-28 05:40:00,5
16.21831767,-19.12091471,LA26,2013-05-28,06:00:29 AM,06:00:00,Cold-Dry,2013-05-28 06:00:00,5
16.21826681,-19.1215271,LA26,2013-05-28,06:20:24 AM,06:20:00,Cold-Dry,2013-05-28 06:20:00,5
16.21806335,-19.12199504,LA26,2013-05-28,06:40:27 AM,06:40:00,Cold-Dry,2013-05-28 06:40:00,5
16.21767578,-19.12212728,LA26,2013-05-28,07:00:29 AM,07:00:00,Cold-Dry,2013-05-28 07:00:00,5
16.21719157,-19.12245076,LA26,2013-05-28,07:20:24 AM,07:20:00,Cold-Dry,2013-05-28 07:20:00,5
16.21695658,-19.12249552,LA26,2013-05-28,07:40:27 AM,07:40:00,Cold-Dry,2013-05-28 07:40:00,5
16.21710103,-19.12249756,LA26,2013-05-28,08:00:29 AM,08:00:00,Cold-Dry,2013-05-28 08:00:00,5
16.21709391,-19.12254842,LA26,2013-05-28,08:20:24 AM,08:20:00,Cold-Dry,2013-05-28 08:20:00,5
16.21710612,-19.12250163,LA26,2013-05-28,08:40:26 AM,08:40:00,Cold-Dry,2013-05-28 08:40:00,5
16.21716919,-19.12250366,LA26,2013-05-28,09:00:29 AM,09:00:00,Cold-Dry,2013-05-28 09:00:00,5
16.21708984,-19.1225057,LA26,2013-05-28,09:20:24 AM,09:20:00,Cold-Dry,2013-05-28 09:20:00,5
16.21618347,-19.12260132,LA26,2013-05-28,09:40:27 AM,09:40:00,Cold-Dry,2013-05-28 09:40:00,5
16.21614278,-19.12265015,LA26,2013-05-28,10:00:29 AM,10:00:00,Cold-Dry,2013-05-28 10:00:00,5
16.21616516,-19.1227417,LA26,2013-05-28,10:20:27 AM,10:20:00,Cold-Dry,2013-05-28 10:20:00,5
16.21611125,-19.12318115,LA26,2013-05-28,10:40:29 AM,10:40:00,Cold-Dry,2013-05-28 10:40:00,5
16.21680094,-19.12347005,LA26,2013-05-28,11:00:24 AM,11:00:00,Cold-Dry,2013-05-28 11:00:00,5
16.21719564,-19.12433065,LA26,2013-05-28,11:20:27 AM,11:20:00,Cold-Dry,2013-05-28 11:20:00,5
16.21738586,-19.12457479,LA26,2013-05-28,11:40:29 AM,11:40:00,Cold-Dry,2013-05-28 11:40:00,5
16.21739197,-19.124587,LA26,2013-05-28,12:00:24 PM,12:00:00,Cold-Dry,2013-05-28 12:00:00,5
16.21740011,-19.12456868,LA26,2013-05-28,12:20:24 PM,12:20:00,Cold-Dry,2013-05-28 12:20:00,5
16.21741435,-19.12457275,LA26,2013-05-28,12:40:26 PM,12:40:00,Cold-Dry,2013-05-28 12:40:00,5
16.21611125,-19.12444458,LA26,2013-05-28,01:00:28 PM,13:00:00,Cold-Dry,2013-05-28 13:00:00,5
16.21521912,-19.1237264,LA26,2013-05-28,01:20:24 PM,13:20:00,Cold-Dry,2013-05-28 13:20:00,5
16.2152415,-19.12374878,LA26,2013-05-28,01:40:27 PM,13:40:00,Cold-Dry,2013-05-28 13:40:00,5
16.21520996,-19.12380168,LA26,2013-05-28,02:00:29 PM,14:00:00,Cold-Dry,2013-05-28 14:00:00,5
16.2149058,-19.12376302,LA26,2013-05-28,02:20:27 PM,14:20:00,Cold-Dry,2013-05-28 14:20:00,5
16.21358541,-19.12387492,LA26,2013-05-28,02:40:29 PM,14:40:00,Cold-Dry,2013-05-28 14:40:00,5
16.21299642,-19.12266846,LA26,2013-05-28,03:00:24 PM,15:00:00,Cold-Dry,2013-05-28 15:00:00,5
16.21195984,-19.12278035,LA26,2013-05-28,03:20:27 PM,15:20:00,Cold-Dry,2013-05-28 15:20:00,5
16.2117218,-19.12281698,LA26,2013-05-28,03:40:29 PM,15:40:00,Cold-Dry,2013-05-28 15:40:00,5
16.21136373,-19.12230021,LA26,2013-05-28,04:00:24 PM,16:00:00,Cold-Dry,2013-05-28 16:00:00,5
16.21180827,-19.12112223,LA26,2013-05-28,04:20:27 PM,16:20:00,Cold-Dry,2013-05-28 16:20:00,5
16.21188253,-19.12078044,LA26,2013-05-28,04:40:29 PM,16:40:00,Cold-Dry,2013-05-28 16:40:00,5
16.21194051,-19.11955363,LA26,2013-05-28,05:00:24 PM,17:00:00,Cold-Dry,2013-05-28 17:00:00,5
16.21152547,-19.11800944,LA26,2013-05-28,05:20:27 PM,17:20:00,Cold-Dry,2013-05-28 17:20:00,5
16.21105652,-19.11798503,LA26,2013-05-28,05:40:29 PM,17:40:00,Cold-Dry,2013-05-28 17:40:00,5
16.21053365,-19.11826782,LA26,2013-05-28,06:00:25 PM,18:00:00,Cold-Dry,2013-05-28 18:00:00,5
16.21025085,-19.11875407,LA26,2013-05-28,06:20:26 PM,18:20:00,Cold-Dry,2013-05-28 18:20:00,5
16.21035767,-19.11860758,LA26,2013-05-28,06:40:29 PM,18:40:00,Cold-Dry,2013-05-28 18:40:00,5
16.21038513,-19.11860962,LA26,2013-05-28,07:00:27 PM,19:00:00,Cold-Dry,2013-05-28 19:00:00,5
16.21039734,-19.1187561,LA26,2013-05-28,07:20:28 PM,19:20:00,Cold-Dry,2013-05-28 19:20:00,5
16.21040853,-19.11872762,LA26,2013-05-28,07:40:24 PM,19:40:00,Cold-Dry,2013-05-28 19:40:00,5
16.21040649,-19.11888021,LA26,2013-05-28,08:00:27 PM,20:00:00,Cold-Dry,2013-05-28 20:00:00,5
16.21008403,-19.11952515,LA26,2013-05-28,08:20:29 PM,20:20:00,Cold-Dry,2013-05-28 20:20:00,5
16.2102061,-19.12003581,LA26,2013-05-28,08:40:24 PM,20:40:00,Cold-Dry,2013-05-28 20:40:00,5
16.210731,-19.12052612,LA26,2013-05-28,09:00:27 PM,21:00:00,Cold-Dry,2013-05-28 21:00:00,5
16.21013387,-19.12194214,LA26,2013-05-28,09:20:29 PM,21:20:00,Cold-Dry,2013-05-28 21:20:00,5
16.20948181,-19.12255859,LA26,2013-05-28,09:40:24 PM,21:40:00,Cold-Dry,2013-05-28 21:40:00,5
16.20835978,-19.12328084,LA26,2013-05-28,10:00:26 PM,22:00:00,Cold-Dry,2013-05-28 22:00:00,5
16.20762024,-19.12368571,LA26,2013-05-28,10:20:29 PM,22:20:00,Cold-Dry,2013-05-28 22:20:00,5
16.2063975,-19.12305908,LA26,2013-05-28,10:40:24 PM,22:40:00,Cold-Dry,2013-05-28 22:40:00,5
16.20648295,-19.12306722,LA26,2013-05-28,11:00:26 PM,23:00:00,Cold-Dry,2013-05-28 23:00:00,5
16.20649414,-19.12302246,LA26,2013-05-28,11:20:29 PM,23:20:00,Cold-Dry,2013-05-28 23:20:00,5
16.20653381,-19.12302246,LA26,2013-05-28,11:40:36 PM,23:40:00,Cold-Dry,2013-05-28 23:40:00,5
16.20651143,-19.1230245,LA26,2013-05-29,12:00:34 AM,00:00:00,Cold-Dry,2013-05-29 00:00:00,5
16.2064504,-19.12301229,LA26,2013-05-29,12:20:24 AM,00:20:00,Cold-Dry,2013-05-29 00:20:00,5
16.20651449,-19.12299601,LA26,2013-05-29,12:40:26 AM,00:40:00,Cold-Dry,2013-05-29 00:40:00,5
16.20648702,-19.12300415,LA26,2013-05-29,01:00:28 AM,01:00:00,Cold-Dry,2013-05-29 01:00:00,5
16.20649312,-19.12301432,LA26,2013-05-29,01:20:24 AM,01:20:00,Cold-Dry,2013-05-29 01:20:00,5
16.20660807,-19.12453003,LA26,2013-05-29,01:40:26 AM,01:40:00,Cold-Dry,2013-05-29 01:40:00,5
16.20687663,-19.1257487,LA26,2013-05-29,02:00:29 AM,02:00:00,Cold-Dry,2013-05-29 02:00:00,5
16.20701396,-19.12618408,LA26,2013-05-29,02:20:24 AM,02:20:00,Cold-Dry,2013-05-29 02:20:00,5
16.20717773,-19.12643229,LA26,2013-05-29,02:40:27 AM,02:40:00,Cold-Dry,2013-05-29 02:40:00,5
16.20733744,-19.12645874,LA26,2013-05-29,03:00:29 AM,03:00:00,Cold-Dry,2013-05-29 03:00:00,5
16.20658569,-19.12669067,LA26,2013-05-29,03:20:24 AM,03:20:00,Cold-Dry,2013-05-29 03:20:00,5
16.20660095,-19.1266866,LA26,2013-05-29,03:40:27 AM,03:40:00,Cold-Dry,2013-05-29 03:40:00,5
16.20661112,-19.12664185,LA26,2013-05-29,04:00:29 AM,04:00:00,Cold-Dry,2013-05-29 04:00:00,5
16.20663147,-19.12666829,LA26,2013-05-29,04:20:24 AM,04:20:00,Cold-Dry,2013-05-29 04:20:00,5
16.20667216,-19.12667847,LA26,2013-05-29,04:40:27 AM,04:40:00,Cold-Dry,2013-05-29 04:40:00,5
16.20673014,-19.12702433,LA26,2013-05-29,05:00:29 AM,05:00:00,Cold-Dry,2013-05-29 05:00:00,5
16.20632324,-19.12717489,LA26,2013-05-29,05:20:24 AM,05:20:00,Cold-Dry,2013-05-29 05:20:00,5
16.20575968,-19.12725627,LA26,2013-05-29,05:40:27 AM,05:40:00,Cold-Dry,2013-05-29 05:40:00,5
16.20419006,-19.12831624,LA26,2013-05-29,06:00:29 AM,06:00:00,Cold-Dry,2013-05-29 06:00:00,5
16.20333659,-19.12875977,LA26,2013-05-29,06:20:24 AM,06:20:00,Cold-Dry,2013-05-29 06:20:00,5
16.2028595,-19.12964478,LA26,2013-05-29,06:40:27 AM,06:40:00,Cold-Dry,2013-05-29 06:40:00,5
16.20271098,-19.13093872,LA26,2013-05-29,07:00:29 AM,07:00:00,Cold-Dry,2013-05-29 07:00:00,5
16.20407511,-19.13571777,LA26,2013-05-29,07:20:24 AM,07:20:00,Cold-Dry,2013-05-29 07:20:00,5
16.20229289,-19.14303182,LA26,2013-05-29,07:40:27 AM,07:40:00,Cold-Dry,2013-05-29 07:40:00,5
16.20116679,-19.14563395,LA26,2013-05-29,08:00:29 AM,08:00:00,Cold-Dry,2013-05-29 08:00:00,5
16.20060628,-19.14695435,LA26,2013-05-29,08:20:24 AM,08:20:00,Cold-Dry,2013-05-29 08:20:00,5
16.20003153,-19.1483724,LA26,2013-05-29,08:40:27 AM,08:40:00,Cold-Dry,2013-05-29 08:40:00,5
16.19973551,-19.14935506,LA26,2013-05-29,09:00:29 AM,09:00:00,Cold-Dry,2013-05-29 09:00:00,5
16.19919637,-19.15258993,LA26,2013-05-29,09:20:24 AM,09:20:00,Cold-Dry,2013-05-29 09:20:00,5
16.198644,-19.15567627,LA26,2013-05-29,09:40:27 AM,09:40:00,Cold-Dry,2013-05-29 09:40:00,5
16.19850057,-19.15838013,LA26,2013-05-29,10:00:29 AM,10:00:00,Cold-Dry,2013-05-29 10:00:00,5
16.19825338,-19.1645284,LA26,2013-05-29,10:20:24 AM,10:20:00,Cold-Dry,2013-05-29 10:20:00,5
16.19581299,-19.17169393,LA26,2013-05-29,10:40:26 AM,10:40:00,Cold-Dry,2013-05-29 10:40:00,5
16.19488729,-19.17864176,LA26,2013-05-29,11:00:29 AM,11:00:00,Cold-Dry,2013-05-29 11:00:00,5
16.19396667,-19.18580119,LA26,2013-05-29,11:20:24 AM,11:20:00,Cold-Dry,2013-05-29 11:20:00,5
16.19411112,-19.19205933,LA26,2013-05-29,11:40:26 AM,11:40:00,Cold-Dry,2013-05-29 11:40:00,5
16.1942393,-19.19922282,LA26,2013-05-29,12:00:29 PM,12:00:00,Cold-Dry,2013-05-29 12:00:00,5
16.193573,-19.20549723,LA26,2013-05-29,12:20:24 PM,12:20:00,Cold-Dry,2013-05-29 12:20:00,5
16.19368795,-19.20551961,LA26,2013-05-29,12:40:26 PM,12:40:00,Cold-Dry,2013-05-29 12:40:00,5
16.19495544,-19.20621541,LA26,2013-05-29,01:00:28 PM,13:00:00,Cold-Dry,2013-05-29 13:00:00,5
16.19608866,-19.20671183,LA26,2013-05-29,01:20:24 PM,13:20:00,Cold-Dry,2013-05-29 13:20:00,5
16.19719442,-19.20777791,LA26,2013-05-29,01:40:27 PM,13:40:00,Cold-Dry,2013-05-29 13:40:00,5
16.19831543,-19.20835571,LA26,2013-05-29,02:00:29 PM,14:00:00,Cold-Dry,2013-05-29 14:00:00,5
16.19925537,-19.20842896,LA26,2013-05-29,02:20:24 PM,14:20:00,Cold-Dry,2013-05-29 14:20:00,5
16.19940898,-19.20870361,LA26,2013-05-29,02:40:27 PM,14:40:00,Cold-Dry,2013-05-29 14:40:00,5
16.19909159,-19.20906169,LA26,2013-05-29,03:00:29 PM,15:00:00,Cold-Dry,2013-05-29 15:00:00,5
16.19809977,-19.20901286,LA26,2013-05-29,03:20:24 PM,15:20:00,Cold-Dry,2013-05-29 15:20:00,5
16.19726766,-19.20866292,LA26,2013-05-29,03:40:28 PM,15:40:00,Cold-Dry,2013-05-29 15:40:00,5
16.19594828,-19.20794271,LA26,2013-05-29,04:00:29 PM,16:00:00,Cold-Dry,2013-05-29 16:00:00,5
16.19239095,-19.20461629,LA26,2013-05-29,04:20:25 PM,16:20:00,Cold-Dry,2013-05-29 16:20:00,5
16.19138794,-19.20407918,LA26,2013-05-29,04:40:26 PM,16:40:00,Cold-Dry,2013-05-29 16:40:00,5
16.18686727,-19.1999471,LA26,2013-05-29,05:00:29 PM,17:00:00,Cold-Dry,2013-05-29 17:00:00,5
16.1838328,-19.19720256,LA26,2013-05-29,05:20:24 PM,17:20:00,Cold-Dry,2013-05-29 17:20:00,5
16.18253174,-19.19137166,LA26,2013-05-29,05:40:27 PM,17:40:00,Cold-Dry,2013-05-29 17:40:00,5
16.18324788,-19.18685913,LA26,2013-05-29,06:00:29 PM,18:00:00,Cold-Dry,2013-05-29 18:00:00,5
16.18375956,-19.18639933,LA26,2013-05-29,06:20:24 PM,18:20:00,Cold-Dry,2013-05-29 18:20:00,5
16.18423869,-19.18608398,LA26,2013-05-29,06:40:27 PM,18:40:00,Cold-Dry,2013-05-29 18:40:00,5
16.184139,-19.18575439,LA26,2013-05-29,07:00:29 PM,19:00:00,Cold-Dry,2013-05-29 19:00:00,5
16.18436788,-19.18502401,LA26,2013-05-29,07:20:24 PM,19:20:00,Cold-Dry,2013-05-29 19:20:00,5
16.18470764,-19.18433838,LA26,2013-05-29,07:40:27 PM,19:40:00,Cold-Dry,2013-05-29 19:40:00,5
16.18372396,-19.18110352,LA26,2013-05-29,08:00:33 PM,20:00:00,Cold-Dry,2013-05-29 20:00:00,5
16.18424581,-19.17556966,LA26,2013-05-29,08:20:24 PM,20:20:00,Cold-Dry,2013-05-29 20:20:00,5
16.18460897,-19.1696818,LA26,2013-05-29,08:40:26 PM,20:40:00,Cold-Dry,2013-05-29 20:40:00,5
16.18453064,-19.1614502,LA26,2013-05-29,09:00:29 PM,21:00:00,Cold-Dry,2013-05-29 21:00:00,5
16.18574117,-19.1594991,LA26,2013-05-29,09:20:24 PM,21:20:00,Cold-Dry,2013-05-29 21:20:00,5
16.18634033,-19.15923869,LA26,2013-05-29,09:40:26 PM,21:40:00,Cold-Dry,2013-05-29 21:40:00,5
16.18666077,-19.15935262,LA26,2013-05-29,10:00:29 PM,22:00:00,Cold-Dry,2013-05-29 22:00:00,5
16.18660787,-19.15951335,LA26,2013-05-29,10:20:24 PM,22:20:00,Cold-Dry,2013-05-29 22:20:00,5
16.18596598,-19.15814616,LA26,2013-05-29,10:40:26 PM,22:40:00,Cold-Dry,2013-05-29 22:40:00,5
16.18519185,-19.15779826,LA26,2013-05-29,11:00:29 PM,23:00:00,Cold-Dry,2013-05-29 23:00:00,5
16.18545125,-19.15734049,LA26,2013-05-29,11:20:24 PM,23:20:00,Cold-Dry,2013-05-29 23:20:00,5
16.18546143,-19.15736491,LA26,2013-05-29,11:40:26 PM,23:40:00,Cold-Dry,2013-05-29 23:40:00,5
16.18534139,-19.15729777,LA26,2013-05-30,12:00:29 AM,00:00:00,Cold-Dry,2013-05-30 00:00:00,5
16.18511759,-19.15721232,LA26,2013-05-30,12:20:24 AM,00:20:00,Cold-Dry,2013-05-30 00:20:00,5
16.18518473,-19.15721842,LA26,2013-05-30,12:40:26 AM,00:40:00,Cold-Dry,2013-05-30 00:40:00,5
16.18505758,-19.15721029,LA26,2013-05-30,01:00:28 AM,01:00:00,Cold-Dry,2013-05-30 01:00:00,5
16.18427124,-19.15662435,LA26,2013-05-30,01:20:24 AM,01:20:00,Cold-Dry,2013-05-30 01:20:00,5
16.18408813,-19.15631104,LA26,2013-05-30,01:40:26 AM,01:40:00,Cold-Dry,2013-05-30 01:40:00,5
16.18450826,-19.1575887,LA26,2013-05-30,02:00:29 AM,02:00:00,Cold-Dry,2013-05-30 02:00:00,5
16.18408203,-19.15753784,LA26,2013-05-30,02:20:24 AM,02:20:00,Cold-Dry,2013-05-30 02:20:00,5
16.18365173,-19.15708822,LA26,2013-05-30,02:40:27 AM,02:40:00,Cold-Dry,2013-05-30 02:40:00,5
16.18403931,-19.15684814,LA26,2013-05-30,03:00:29 AM,03:00:00,Cold-Dry,2013-05-30 03:00:00,5
16.18474426,-19.15600382,LA26,2013-05-30,03:20:24 AM,03:20:00,Cold-Dry,2013-05-30 03:20:00,5
16.18511251,-19.15564575,LA26,2013-05-30,03:40:26 AM,03:40:00,Cold-Dry,2013-05-30 03:40:00,5
16.18502909,-19.15562541,LA26,2013-05-30,04:00:29 AM,04:00:00,Cold-Dry,2013-05-30 04:00:00,5
16.18513387,-19.15563965,LA26,2013-05-30,04:20:24 AM,04:20:00,Cold-Dry,2013-05-30 04:20:00,5
16.18546143,-19.15586955,LA26,2013-05-30,04:40:26 AM,04:40:00,Cold-Dry,2013-05-30 04:40:00,5
16.18616943,-19.15603231,LA26,2013-05-30,05:00:29 AM,05:00:00,Cold-Dry,2013-05-30 05:00:00,5
16.18642171,-19.15605469,LA26,2013-05-30,05:20:24 AM,05:20:00,Cold-Dry,2013-05-30 05:20:00,5
16.18676147,-19.15678507,LA26,2013-05-30,05:40:27 AM,05:40:00,Cold-Dry,2013-05-30 05:40:00,5
16.18725179,-19.15761108,LA26,2013-05-30,06:00:29 AM,06:00:00,Cold-Dry,2013-05-30 06:00:00,5
16.18783569,-19.15799154,LA26,2013-05-30,06:20:24 AM,06:20:00,Cold-Dry,2013-05-30 06:20:00,5
16.18711548,-19.1583252,LA26,2013-05-30,06:40:27 AM,06:40:00,Cold-Dry,2013-05-30 06:40:00,5
16.18718669,-19.15828654,LA26,2013-05-30,07:00:29 AM,07:00:00,Cold-Dry,2013-05-30 07:00:00,5
16.18717143,-19.15829061,LA26,2013-05-30,07:20:24 AM,07:20:00,Cold-Dry,2013-05-30 07:20:00,5
16.18776652,-19.15874023,LA26,2013-05-30,07:40:27 AM,07:40:00,Cold-Dry,2013-05-30 07:40:00,5
16.18843689,-19.15956421,LA26,2013-05-30,08:00:29 AM,08:00:00,Cold-Dry,2013-05-30 08:00:00,5
16.18854472,-19.15993042,LA26,2013-05-30,08:20:24 AM,08:20:00,Cold-Dry,2013-05-30 08:20:00,5
16.19019267,-19.16192017,LA26,2013-05-30,08:40:27 AM,08:40:00,Cold-Dry,2013-05-30 08:40:00,5
16.19028117,-19.16278687,LA26,2013-05-30,09:00:29 AM,09:00:00,Cold-Dry,2013-05-30 09:00:00,5
16.19020691,-19.16362712,LA26,2013-05-30,09:20:24 AM,09:20:00,Cold-Dry,2013-05-30 09:20:00,5
16.19025981,-19.16400757,LA26,2013-05-30,09:40:27 AM,09:40:00,Cold-Dry,2013-05-30 09:40:00,5
16.19024455,-19.16397502,LA26,2013-05-30,10:00:29 AM,10:00:00,Cold-Dry,2013-05-30 10:00:00,5
16.19025269,-19.1640096,LA26,2013-05-30,10:20:27 AM,10:20:00,Cold-Dry,2013-05-30 10:20:00,5
16.19025472,-19.16399536,LA26,2013-05-30,10:40:28 AM,10:40:00,Cold-Dry,2013-05-30 10:40:00,5
16.19026896,-19.16398112,LA26,2013-05-30,11:00:24 AM,11:00:00,Cold-Dry,2013-05-30 11:00:00,5
16.19041748,-19.16430461,LA26,2013-05-30,11:20:27 AM,11:20:00,Cold-Dry,2013-05-30 11:20:00,5
16.19078369,-19.16499634,LA26,2013-05-30,11:40:29 AM,11:40:00,Cold-Dry,2013-05-30 11:40:00,5
16.19152527,-19.16570435,LA26,2013-05-30,12:00:24 PM,12:00:00,Cold-Dry,2013-05-30 12:00:00,5
16.19176941,-19.16567383,LA26,2013-05-30,12:20:24 PM,12:20:00,Cold-Dry,2013-05-30 12:20:00,5
16.19177246,-19.16567993,LA26,2013-05-30,12:40:26 PM,12:40:00,Cold-Dry,2013-05-30 12:40:00,5
16.19176432,-19.16569824,LA26,2013-05-30,01:00:28 PM,13:00:00,Cold-Dry,2013-05-30 13:00:00,5
16.19177043,-19.16569621,LA26,2013-05-30,01:20:24 PM,13:20:00,Cold-Dry,2013-05-30 13:20:00,5
16.19233907,-19.16604004,LA26,2013-05-30,01:40:27 PM,13:40:00,Cold-Dry,2013-05-30 13:40:00,5
16.19272868,-19.16676432,LA26,2013-05-30,02:00:29 PM,14:00:00,Cold-Dry,2013-05-30 14:00:00,5
16.19291789,-19.16680908,LA26,2013-05-30,02:20:24 PM,14:20:00,Cold-Dry,2013-05-30 14:20:00,5
16.193632,-19.16776937,LA26,2013-05-30,02:40:27 PM,14:40:00,Cold-Dry,2013-05-30 14:40:00,5
16.19381612,-19.16893921,LA26,2013-05-30,03:00:29 PM,15:00:00,Cold-Dry,2013-05-30 15:00:00,5
16.19376119,-19.17217814,LA26,2013-05-30,03:20:24 PM,15:20:00,Cold-Dry,2013-05-30 15:20:00,5
16.19511312,-19.17669067,LA26,2013-05-30,03:40:27 PM,15:40:00,Cold-Dry,2013-05-30 15:40:00,5
16.1964915,-19.1836263,LA26,2013-05-30,04:00:29 PM,16:00:00,Cold-Dry,2013-05-30 16:00:00,5
16.19832662,-19.18653971,LA26,2013-05-30,04:20:24 PM,16:20:00,Cold-Dry,2013-05-30 16:20:00,5
16.2000061,-19.19076945,LA26,2013-05-30,04:40:26 PM,16:40:00,Cold-Dry,2013-05-30 16:40:00,5
16.20073446,-19.1925293,LA26,2013-05-30,05:00:29 PM,17:00:00,Cold-Dry,2013-05-30 17:00:00,5
16.1990682,-19.19505005,LA26,2013-05-30,05:20:24 PM,17:20:00,Cold-Dry,2013-05-30 17:20:00,5
16.19844564,-19.19574178,LA26,2013-05-30,05:40:27 PM,17:40:00,Cold-Dry,2013-05-30 17:40:00,5
16.19640706,-19.19953206,LA26,2013-05-30,06:00:29 PM,18:00:00,Cold-Dry,2013-05-30 18:00:00,5
16.19340617,-19.20551351,LA26,2013-05-30,06:20:24 PM,18:20:00,Cold-Dry,2013-05-30 18:20:00,5
16.19422709,-19.20638428,LA26,2013-05-30,06:40:27 PM,18:40:00,Cold-Dry,2013-05-30 18:40:00,5
16.19610494,-19.21248576,LA26,2013-05-30,07:00:29 PM,19:00:00,Cold-Dry,2013-05-30 19:00:00,5
16.19635213,-19.21519775,LA26,2013-05-30,07:20:24 PM,19:20:00,Cold-Dry,2013-05-30 19:20:00,5
16.19804993,-19.21624756,LA26,2013-05-30,07:40:26 PM,19:40:00,Cold-Dry,2013-05-30 19:40:00,5
16.19898682,-19.21652425,LA26,2013-05-30,08:00:29 PM,20:00:00,Cold-Dry,2013-05-30 20:00:00,5
16.19981181,-19.21687826,LA26,2013-05-30,08:20:24 PM,20:20:00,Cold-Dry,2013-05-30 20:20:00,5
16.20059204,-19.21743571,LA26,2013-05-30,08:40:27 PM,20:40:00,Cold-Dry,2013-05-30 20:40:00,5
16.20100505,-19.21805623,LA26,2013-05-30,09:00:29 PM,21:00:00,Cold-Dry,2013-05-30 21:00:00,5
16.20191549,-19.2180481,LA26,2013-05-30,09:20:24 PM,21:20:00,Cold-Dry,2013-05-30 21:20:00,5
16.20171407,-19.21839396,LA26,2013-05-30,09:40:27 PM,21:40:00,Cold-Dry,2013-05-30 21:40:00,5
16.20163472,-19.21871745,LA26,2013-05-30,10:00:29 PM,22:00:00,Cold-Dry,2013-05-30 22:00:00,5
16.20152791,-19.21960653,LA26,2013-05-30,10:20:24 PM,22:20:00,Cold-Dry,2013-05-30 22:20:00,5
16.20068868,-19.21998494,LA26,2013-05-30,10:40:26 PM,22:40:00,Cold-Dry,2013-05-30 22:40:00,5
16.19991659,-19.22023926,LA26,2013-05-30,11:00:29 PM,23:00:00,Cold-Dry,2013-05-30 23:00:00,5
16.19912923,-19.22001139,LA26,2013-05-30,11:20:24 PM,23:20:00,Cold-Dry,2013-05-30 23:20:00,5
16.19842021,-19.22020874,LA26,2013-05-30,11:40:27 PM,23:40:00,Cold-Dry,2013-05-30 23:40:00,5
16.19796448,-19.22014771,LA26,2013-05-31,12:00:29 AM,00:00:00,Cold-Dry,2013-05-31 00:00:00,5
16.19746806,-19.21988322,LA26,2013-05-31,12:20:24 AM,00:20:00,Cold-Dry,2013-05-31 00:20:00,5
16.19697978,-19.21974284,LA26,2013-05-31,12:40:26 AM,00:40:00,Cold-Dry,2013-05-31 00:40:00,5
16.19660848,-19.22033081,LA26,2013-05-31,01:00:28 AM,01:00:00,Cold-Dry,2013-05-31 01:00:00,5
16.196462,-19.22061157,LA26,2013-05-31,01:20:24 AM,01:20:00,Cold-Dry,2013-05-31 01:20:00,5
16.19686991,-19.22130127,LA26,2013-05-31,01:40:27 AM,01:40:00,Cold-Dry,2013-05-31 01:40:00,5
16.19680074,-19.22366943,LA26,2013-05-31,02:00:29 AM,02:00:00,Cold-Dry,2013-05-31 02:00:00,5
16.19912923,-19.22734578,LA26,2013-05-31,02:20:24 AM,02:20:00,Cold-Dry,2013-05-31 02:20:00,5
16.2007314,-19.22885132,LA26,2013-05-31,02:40:27 AM,02:40:00,Cold-Dry,2013-05-31 02:40:00,5
16.20099996,-19.2293925,LA26,2013-05-31,03:00:29 AM,03:00:00,Cold-Dry,2013-05-31 03:00:00,5
16.20099284,-19.22940877,LA26,2013-05-31,03:20:27 AM,03:20:00,Cold-Dry,2013-05-31 03:20:00,5
16.2009847,-19.22941081,LA26,2013-05-31,03:40:55 AM,03:40:00,Cold-Dry,2013-05-31 03:40:00,5
16.2009847,-19.22939046,LA26,2013-05-31,04:00:24 AM,04:00:00,Cold-Dry,2013-05-31 04:00:00,5
16.20098165,-19.22947184,LA26,2013-05-31,04:20:27 AM,04:20:00,Cold-Dry,2013-05-31 04:20:00,5
16.20097249,-19.22944132,LA26,2013-05-31,04:40:29 AM,04:40:00,Cold-Dry,2013-05-31 04:40:00,5
16.20115662,-19.22927856,LA26,2013-05-31,05:00:24 AM,05:00:00,Cold-Dry,2013-05-31 05:00:00,5
16.20174866,-19.22862752,LA26,2013-05-31,05:20:27 AM,05:20:00,Cold-Dry,2013-05-31 05:20:00,5
16.20204569,-19.22806396,LA26,2013-05-31,05:40:29 AM,05:40:00,Cold-Dry,2013-05-31 05:40:00,5
16.2019338,-19.22739258,LA26,2013-05-31,06:00:24 AM,06:00:00,Cold-Dry,2013-05-31 06:00:00,5
16.20150452,-19.22647095,LA26,2013-05-31,06:20:27 AM,06:20:00,Cold-Dry,2013-05-31 06:20:00,5
16.20161235,-19.22549845,LA26,2013-05-31,06:40:29 AM,06:40:00,Cold-Dry,2013-05-31 06:40:00,5
16.20139262,-19.22514445,LA26,2013-05-31,07:00:24 AM,07:00:00,Cold-Dry,2013-05-31 07:00:00,5
16.20061849,-19.22481079,LA26,2013-05-31,07:20:26 AM,07:20:00,Cold-Dry,2013-05-31 07:20:00,5
16.20035807,-19.2248759,LA26,2013-05-31,07:40:29 AM,07:40:00,Cold-Dry,2013-05-31 07:40:00,5
16.20037842,-19.2250651,LA26,2013-05-31,08:00:24 AM,08:00:00,Cold-Dry,2013-05-31 08:00:00,5
16.20025635,-19.22498169,LA26,2013-05-31,08:20:26 AM,08:20:00,Cold-Dry,2013-05-31 08:20:00,5
16.2004303,-19.22481486,LA26,2013-05-31,08:40:29 AM,08:40:00,Cold-Dry,2013-05-31 08:40:00,5
16.20172323,-19.22369181,LA26,2013-05-31,09:00:24 AM,09:00:00,Cold-Dry,2013-05-31 09:00:00,5
16.20222371,-19.22390747,LA26,2013-05-31,09:20:27 AM,09:20:00,Cold-Dry,2013-05-31 09:20:00,5
16.20288798,-19.22339884,LA26,2013-05-31,09:40:29 AM,09:40:00,Cold-Dry,2013-05-31 09:40:00,5
16.2028656,-19.22342733,LA26,2013-05-31,10:00:24 AM,10:00:00,Cold-Dry,2013-05-31 10:00:00,5
16.203243,-19.22416585,LA26,2013-05-31,10:20:27 AM,10:20:00,Cold-Dry,2013-05-31 10:20:00,5
16.2032959,-19.22418009,LA26,2013-05-31,10:40:29 AM,10:40:00,Cold-Dry,2013-05-31 10:40:00,5
16.2032725,-19.22416992,LA26,2013-05-31,11:00:24 AM,11:00:00,Cold-Dry,2013-05-31 11:00:00,5
16.2032664,-19.22415975,LA26,2013-05-31,11:20:27 AM,11:20:00,Cold-Dry,2013-05-31 11:20:00,5
16.20327047,-19.22417603,LA26,2013-05-31,11:40:29 AM,11:40:00,Cold-Dry,2013-05-31 11:40:00,5
16.20378621,-19.22204183,LA26,2013-05-31,12:00:24 PM,12:00:00,Cold-Dry,2013-05-31 12:00:00,5
16.20344137,-19.22018636,LA26,2013-05-31,12:20:24 PM,12:20:00,Cold-Dry,2013-05-31 12:20:00,5
16.20293986,-19.21869914,LA26,2013-05-31,12:40:26 PM,12:40:00,Cold-Dry,2013-05-31 12:40:00,5
16.20295003,-19.21866659,LA26,2013-05-31,01:00:28 PM,13:00:00,Cold-Dry,2013-05-31 13:00:00,5
16.20297343,-19.21872355,LA26,2013-05-31,01:20:24 PM,13:20:00,Cold-Dry,2013-05-31 13:20:00,5
16.20286051,-19.21857503,LA26,2013-05-31,01:40:27 PM,13:40:00,Cold-Dry,2013-05-31 13:40:00,5
16.19991048,-19.21703288,LA26,2013-05-31,02:00:29 PM,14:00:00,Cold-Dry,2013-05-31 14:00:00,5
16.19806315,-19.21527303,LA26,2013-05-31,02:20:24 PM,14:20:00,Cold-Dry,2013-05-31 14:20:00,5
16.19660543,-19.21447144,LA26,2013-05-31,02:40:27 PM,14:40:00,Cold-Dry,2013-05-31 14:40:00,5
16.1951884,-19.21343994,LA26,2013-05-31,03:00:29 PM,15:00:00,Cold-Dry,2013-05-31 15:00:00,5
16.19468791,-19.21076457,LA26,2013-05-31,03:20:24 PM,15:20:00,Cold-Dry,2013-05-31 15:20:00,5
16.19486084,-19.20779012,LA26,2013-05-31,03:40:27 PM,15:40:00,Cold-Dry,2013-05-31 15:40:00,5
16.19341227,-19.2052592,LA26,2013-05-31,04:00:29 PM,16:00:00,Cold-Dry,2013-05-31 16:00:00,5
16.19368388,-19.20548299,LA26,2013-05-31,04:20:24 PM,16:20:00,Cold-Dry,2013-05-31 16:20:00,5
16.19368184,-19.20554606,LA26,2013-05-31,04:40:27 PM,16:40:00,Cold-Dry,2013-05-31 16:40:00,5
16.19425761,-19.19864299,LA26,2013-05-31,05:00:29 PM,17:00:00,Cold-Dry,2013-05-31 17:00:00,5
16.19400635,-19.18992106,LA26,2013-05-31,05:20:24 PM,17:20:00,Cold-Dry,2013-05-31 17:20:00,5
16.19349772,-19.18649902,LA26,2013-05-31,05:40:26 PM,17:40:00,Cold-Dry,2013-05-31 17:40:00,5
16.19291789,-19.18536174,LA26,2013-05-31,06:00:29 PM,18:00:00,Cold-Dry,2013-05-31 18:00:00,5
16.19218852,-19.18454997,LA26,2013-05-31,06:20:24 PM,18:20:00,Cold-Dry,2013-05-31 18:20:00,5
16.19122111,-19.18330078,LA26,2013-05-31,06:40:27 PM,18:40:00,Cold-Dry,2013-05-31 18:40:00,5
16.1914622,-19.18292847,LA26,2013-05-31,07:00:29 PM,19:00:00,Cold-Dry,2013-05-31 19:00:00,5
16.19089559,-19.18123983,LA26,2013-05-31,07:20:24 PM,19:20:00,Cold-Dry,2013-05-31 19:20:00,5
16.19042664,-19.17799479,LA26,2013-05-31,07:40:27 PM,19:40:00,Cold-Dry,2013-05-31 19:40:00,5
16.19115601,-19.17388306,LA26,2013-05-31,08:00:29 PM,20:00:00,Cold-Dry,2013-05-31 20:00:00,5
16.190743,-19.17110392,LA26,2013-05-31,08:20:24 PM,20:20:00,Cold-Dry,2013-05-31 20:20:00,5
16.18922526,-19.16842855,LA26,2013-05-31,08:40:27 PM,20:40:00,Cold-Dry,2013-05-31 20:40:00,5
16.18977865,-19.1679952,LA26,2013-05-31,09:00:29 PM,21:00:00,Cold-Dry,2013-05-31 21:00:00,5
16.18914591,-19.1667806,LA26,2013-05-31,09:20:24 PM,21:20:00,Cold-Dry,2013-05-31 21:20:00,5
16.18915202,-19.16652425,LA26,2013-05-31,09:40:26 PM,21:40:00,Cold-Dry,2013-05-31 21:40:00,5
16.18907471,-19.16650798,LA26,2013-05-31,10:00:29 PM,22:00:00,Cold-Dry,2013-05-31 22:00:00,5
16.18873698,-19.16557821,LA26,2013-05-31,10:20:24 PM,22:20:00,Cold-Dry,2013-05-31 22:20:00,5
16.18807373,-19.16548665,LA26,2013-05-31,10:40:27 PM,22:40:00,Cold-Dry,2013-05-31 22:40:00,5
16.18792318,-19.16510824,LA26,2013-05-31,11:00:29 PM,23:00:00,Cold-Dry,2013-05-31 23:00:00,5
16.18802185,-19.16435547,LA26,2013-05-31,11:20:24 PM,23:20:00,Cold-Dry,2013-05-31 23:20:00,5
16.18819071,-19.16413371,LA26,2013-05-31,11:40:27 PM,23:40:00,Cold-Dry,2013-05-31 23:40:00,5
