Longitude,Latitude,individual-local-identifier,Date,timeAPM,Time,Season,DateTime,Month
15.19871724,-19.19124349,LA6,2009-03-01,12:00:00 AM,00:00:00,Hot-Wet,2009-03-01 00:00:00,3
15.19873047,-19.19132284,LA6,2009-03-01,12:20:00 AM,00:20:00,Hot-Wet,2009-03-01 00:20:00,3
15.1987559,-19.19122721,LA6,2009-03-01,12:40:00 AM,00:40:00,Hot-Wet,2009-03-01 00:40:00,3
15.19986064,-19.18992106,LA6,2009-03-01,01:00:00 AM,01:00:00,Hot-Wet,2009-03-01 01:00:00,3
15.19986064,-19.18993327,LA6,2009-03-01,01:20:00 AM,01:20:00,Hot-Wet,2009-03-01 01:20:00,3
15.19986369,-19.18989665,LA6,2009-03-01,01:40:00 AM,01:40:00,Hot-Wet,2009-03-01 01:40:00,3
15.19985657,-19.1898702,LA6,2009-03-01,02:00:00 AM,02:00:00,Hot-Wet,2009-03-01 02:00:00,3
15.19984029,-19.1899353,LA6,2009-03-01,02:20:00 AM,02:20:00,Hot-Wet,2009-03-01 02:20:00,3
15.19981486,-19.18993734,LA6,2009-03-01,02:40:00 AM,02:40:00,Hot-Wet,2009-03-01 02:40:00,3
15.19983622,-19.18984172,LA6,2009-03-01,03:00:00 AM,03:00:00,Hot-Wet,2009-03-01 03:00:00,3
15.19981791,-19.18985392,LA6,2009-03-01,03:20:00 AM,03:20:00,Hot-Wet,2009-03-01 03:20:00,3
15.19983419,-19.18984375,LA6,2009-03-01,03:40:00 AM,03:40:00,Hot-Wet,2009-03-01 03:40:00,3
15.19998271,-19.18966878,LA6,2009-03-01,04:00:00 AM,04:00:00,Hot-Wet,2009-03-01 04:00:00,3
15.19994812,-19.18960164,LA6,2009-03-01,04:20:00 AM,04:20:00,Hot-Wet,2009-03-01 04:20:00,3
15.19932861,-19.18864543,LA6,2009-03-01,04:40:00 AM,04:40:00,Hot-Wet,2009-03-01 04:40:00,3
15.19733582,-19.18508097,LA6,2009-03-01,05:00:00 AM,05:00:00,Hot-Wet,2009-03-01 05:00:00,3
15.19546,-19.18243408,LA6,2009-03-01,05:20:00 AM,05:20:00,Hot-Wet,2009-03-01 05:20:00,3
15.19468587,-19.18042399,LA6,2009-03-01,05:40:00 AM,05:40:00,Hot-Wet,2009-03-01 05:40:00,3
15.19431356,-19.17755737,LA6,2009-03-01,06:00:00 AM,06:00:00,Hot-Wet,2009-03-01 06:00:00,3
15.19430949,-19.17755534,LA6,2009-03-01,06:20:00 AM,06:20:00,Hot-Wet,2009-03-01 06:20:00,3
15.19477437,-19.17584229,LA6,2009-03-01,06:40:00 AM,06:40:00,Hot-Wet,2009-03-01 06:40:00,3
15.19637655,-19.17502238,LA6,2009-03-01,07:00:00 AM,07:00:00,Hot-Wet,2009-03-01 07:00:00,3
15.19815369,-19.1742452,LA6,2009-03-01,07:20:00 AM,07:20:00,Hot-Wet,2009-03-01 07:20:00,3
15.19958598,-19.17438354,LA6,2009-03-01,07:40:00 AM,07:40:00,Hot-Wet,2009-03-01 07:40:00,3
15.20144246,-19.17461548,LA6,2009-03-01,08:00:00 AM,08:00:00,Hot-Wet,2009-03-01 08:00:00,3
15.20214335,-19.1741923,LA6,2009-03-01,08:20:00 AM,08:20:00,Hot-Wet,2009-03-01 08:20:00,3
15.20259501,-19.17270508,LA6,2009-03-01,08:40:00 AM,08:40:00,Hot-Wet,2009-03-01 08:40:00,3
15.20234172,-19.16615194,LA6,2009-03-01,09:00:00 AM,09:00:00,Hot-Wet,2009-03-01 09:00:00,3
15.20044454,-19.16336263,LA6,2009-03-01,09:20:00 AM,09:20:00,Hot-Wet,2009-03-01 09:20:00,3
15.19966736,-19.15977783,LA6,2009-03-01,09:40:00 AM,09:40:00,Hot-Wet,2009-03-01 09:40:00,3
15.19655151,-19.15835571,LA6,2009-03-01,10:00:00 AM,10:00:00,Hot-Wet,2009-03-01 10:00:00,3
15.1965505,-19.15834757,LA6,2009-03-01,10:21:00 AM,10:21:00,Hot-Wet,2009-03-01 10:21:00,3
15.19661357,-19.15874023,LA6,2009-03-01,10:40:00 AM,10:40:00,Hot-Wet,2009-03-01 10:40:00,3
15.1967275,-19.15832113,LA6,2009-03-01,11:00:00 AM,11:00:00,Hot-Wet,2009-03-01 11:00:00,3
15.1969574,-19.15390625,LA6,2009-03-01,11:20:00 AM,11:20:00,Hot-Wet,2009-03-01 11:20:00,3
15.19695028,-19.15390015,LA6,2009-03-01,11:40:00 AM,11:40:00,Hot-Wet,2009-03-01 11:40:00,3
15.19697876,-19.1538859,LA6,2009-03-01,12:00:00 PM,12:00:00,Hot-Wet,2009-03-01 12:00:00,3
15.196934,-19.15359294,LA6,2009-03-01,12:20:00 PM,12:20:00,Hot-Wet,2009-03-01 12:20:00,3
15.19691366,-19.15358887,LA6,2009-03-01,12:40:00 PM,12:40:00,Hot-Wet,2009-03-01 12:40:00,3
15.19706421,-19.15379435,LA6,2009-03-01,01:00:00 PM,13:00:00,Hot-Wet,2009-03-01 13:00:00,3
15.19707743,-19.15379435,LA6,2009-03-01,01:20:00 PM,13:20:00,Hot-Wet,2009-03-01 13:20:00,3
15.19622396,-19.15132853,LA6,2009-03-01,01:40:00 PM,13:40:00,Hot-Wet,2009-03-01 13:40:00,3
15.19530538,-19.14480794,LA6,2009-03-01,02:00:00 PM,14:00:00,Hot-Wet,2009-03-01 14:00:00,3
15.19523315,-19.14420776,LA6,2009-03-01,02:20:00 PM,14:20:00,Hot-Wet,2009-03-01 14:20:00,3
15.193632,-19.13977458,LA6,2009-03-01,02:40:00 PM,14:40:00,Hot-Wet,2009-03-01 14:40:00,3
15.18900757,-19.13414714,LA6,2009-03-01,03:00:00 PM,15:00:00,Hot-Wet,2009-03-01 15:00:00,3
15.18482157,-19.12914022,LA6,2009-03-01,03:20:00 PM,15:20:00,Hot-Wet,2009-03-01 15:20:00,3
15.18308411,-19.12336019,LA6,2009-03-01,03:40:00 PM,15:40:00,Hot-Wet,2009-03-01 15:40:00,3
15.17784424,-19.12364299,LA6,2009-03-01,04:00:00 PM,16:00:00,Hot-Wet,2009-03-01 16:00:00,3
15.17742513,-19.12094116,LA6,2009-03-01,04:20:00 PM,16:20:00,Hot-Wet,2009-03-01 16:20:00,3
15.17333984,-19.11763509,LA6,2009-03-01,04:40:00 PM,16:40:00,Hot-Wet,2009-03-01 16:40:00,3
15.16900838,-19.1160258,LA6,2009-03-01,05:00:00 PM,17:00:00,Hot-Wet,2009-03-01 17:00:00,3
15.16469523,-19.12028605,LA6,2009-03-01,05:20:00 PM,17:20:00,Hot-Wet,2009-03-01 17:20:00,3
15.15764771,-19.12072957,LA6,2009-03-01,05:40:00 PM,17:40:00,Hot-Wet,2009-03-01 17:40:00,3
15.15329183,-19.12197876,LA6,2009-03-01,06:00:00 PM,18:00:00,Hot-Wet,2009-03-01 18:00:00,3
15.14562276,-19.1233134,LA6,2009-03-01,06:20:00 PM,18:20:00,Hot-Wet,2009-03-01 18:20:00,3
15.13922831,-19.12314046,LA6,2009-03-01,06:40:00 PM,18:40:00,Hot-Wet,2009-03-01 18:40:00,3
15.13506978,-19.12508341,LA6,2009-03-01,07:00:00 PM,19:00:00,Hot-Wet,2009-03-01 19:00:00,3
15.13258565,-19.12680868,LA6,2009-03-01,07:20:00 PM,19:20:00,Hot-Wet,2009-03-01 19:20:00,3
15.13104757,-19.12702026,LA6,2009-03-01,07:40:00 PM,19:40:00,Hot-Wet,2009-03-01 19:40:00,3
15.12957865,-19.12822469,LA6,2009-03-01,08:00:00 PM,20:00:00,Hot-Wet,2009-03-01 20:00:00,3
15.12894084,-19.12895508,LA6,2009-03-01,08:20:00 PM,20:20:00,Hot-Wet,2009-03-01 20:20:00,3
15.12771708,-19.13074748,LA6,2009-03-01,08:40:00 PM,20:40:00,Hot-Wet,2009-03-01 20:40:00,3
15.1225708,-19.13450724,LA6,2009-03-01,09:00:00 PM,21:00:00,Hot-Wet,2009-03-01 21:00:00,3
15.1189799,-19.13793538,LA6,2009-03-01,09:20:00 PM,21:20:00,Hot-Wet,2009-03-01 21:20:00,3
15.11895854,-19.13787842,LA6,2009-03-01,09:40:00 PM,21:40:00,Hot-Wet,2009-03-01 21:40:00,3
15.12018331,-19.14017741,LA6,2009-03-01,10:00:00 PM,22:00:00,Hot-Wet,2009-03-01 22:00:00,3
15.12235819,-19.14648844,LA6,2009-03-01,10:20:00 PM,22:20:00,Hot-Wet,2009-03-01 22:20:00,3
15.12237549,-19.14643758,LA6,2009-03-01,10:40:00 PM,22:40:00,Hot-Wet,2009-03-01 22:40:00,3
15.1229482,-19.1483724,LA6,2009-03-01,11:00:00 PM,23:00:00,Hot-Wet,2009-03-01 23:00:00,3
15.123113,-19.14834391,LA6,2009-03-01,11:20:00 PM,23:20:00,Hot-Wet,2009-03-01 23:20:00,3
15.12269287,-19.15088704,LA6,2009-03-01,11:40:00 PM,23:40:00,Hot-Wet,2009-03-01 23:40:00,3
15.12267354,-19.15085246,LA6,2009-03-02,12:00:00 AM,00:00:00,Hot-Wet,2009-03-02 00:00:00,3
15.12520955,-19.15107422,LA6,2009-03-02,12:20:00 AM,00:20:00,Hot-Wet,2009-03-02 00:20:00,3
15.12984619,-19.1517924,LA6,2009-03-02,12:40:00 AM,00:40:00,Hot-Wet,2009-03-02 00:40:00,3
15.13491821,-19.1549235,LA6,2009-03-02,01:00:00 AM,01:00:00,Hot-Wet,2009-03-02 01:00:00,3
15.13809509,-19.15699259,LA6,2009-03-02,01:20:00 AM,01:20:00,Hot-Wet,2009-03-02 01:20:00,3
15.13923035,-19.15762939,LA6,2009-03-02,01:40:00 AM,01:40:00,Hot-Wet,2009-03-02 01:40:00,3
15.14020793,-19.15819295,LA6,2009-03-02,02:00:00 AM,02:00:00,Hot-Wet,2009-03-02 02:00:00,3
15.14050598,-19.15913696,LA6,2009-03-02,02:20:00 AM,02:20:00,Hot-Wet,2009-03-02 02:20:00,3
15.1405426,-19.15924479,LA6,2009-03-02,02:40:00 AM,02:40:00,Hot-Wet,2009-03-02 02:40:00,3
15.14054565,-19.15926717,LA6,2009-03-02,03:00:00 AM,03:00:00,Hot-Wet,2009-03-02 03:00:00,3
15.14052226,-19.159257,LA6,2009-03-02,03:20:00 AM,03:20:00,Hot-Wet,2009-03-02 03:20:00,3
15.14055583,-19.15927124,LA6,2009-03-02,03:40:00 AM,03:40:00,Hot-Wet,2009-03-02 03:40:00,3
15.14055481,-19.1592631,LA6,2009-03-02,04:00:00 AM,04:00:00,Hot-Wet,2009-03-02 04:00:00,3
15.14054362,-19.15926717,LA6,2009-03-02,04:20:00 AM,04:20:00,Hot-Wet,2009-03-02 04:20:00,3
15.14054871,-19.15927124,LA6,2009-03-02,04:40:00 AM,04:40:00,Hot-Wet,2009-03-02 04:40:00,3
15.14218953,-19.1602478,LA6,2009-03-02,05:00:00 AM,05:00:00,Hot-Wet,2009-03-02 05:00:00,3
15.14218241,-19.16024577,LA6,2009-03-02,05:20:00 AM,05:20:00,Hot-Wet,2009-03-02 05:20:00,3
15.14871521,-19.16509603,LA6,2009-03-02,05:40:00 AM,05:40:00,Hot-Wet,2009-03-02 05:40:00,3
15.14701029,-19.17197673,LA6,2009-03-02,06:00:00 AM,06:00:00,Hot-Wet,2009-03-02 06:00:00,3
15.14487813,-19.17664388,LA6,2009-03-02,06:20:00 AM,06:20:00,Hot-Wet,2009-03-02 06:20:00,3
15.14487203,-19.17663981,LA6,2009-03-02,06:40:00 AM,06:40:00,Hot-Wet,2009-03-02 06:40:00,3
15.14387207,-19.18791911,LA6,2009-03-02,07:00:00 AM,07:00:00,Hot-Wet,2009-03-02 07:00:00,3
15.14308777,-19.19158325,LA6,2009-03-02,07:20:00 AM,07:20:00,Hot-Wet,2009-03-02 07:20:00,3
15.1414683,-19.19521077,LA6,2009-03-02,07:40:00 AM,07:40:00,Hot-Wet,2009-03-02 07:40:00,3
15.14010417,-19.19536133,LA6,2009-03-02,08:00:00 AM,08:00:00,Hot-Wet,2009-03-02 08:00:00,3
15.135908,-19.20072225,LA6,2009-03-02,08:20:00 AM,08:20:00,Hot-Wet,2009-03-02 08:20:00,3
15.13591817,-19.20073039,LA6,2009-03-02,08:40:00 AM,08:40:00,Hot-Wet,2009-03-02 08:40:00,3
15.13593648,-19.20259196,LA6,2009-03-02,09:00:00 AM,09:00:00,Hot-Wet,2009-03-02 09:00:00,3
15.13602397,-19.20599569,LA6,2009-03-02,09:20:00 AM,09:20:00,Hot-Wet,2009-03-02 09:20:00,3
15.13360291,-19.20572917,LA6,2009-03-02,09:40:00 AM,09:40:00,Hot-Wet,2009-03-02 09:40:00,3
15.13175964,-19.20395711,LA6,2009-03-02,10:00:00 AM,10:00:00,Hot-Wet,2009-03-02 10:00:00,3
15.1297821,-19.20374552,LA6,2009-03-02,10:20:00 AM,10:20:00,Hot-Wet,2009-03-02 10:20:00,3
15.1283905,-19.20380249,LA6,2009-03-02,10:40:00 AM,10:40:00,Hot-Wet,2009-03-02 10:40:00,3
15.12645264,-19.20285441,LA6,2009-03-02,11:00:00 AM,11:00:00,Hot-Wet,2009-03-02 11:00:00,3
15.12365519,-19.20280151,LA6,2009-03-02,11:20:00 AM,11:20:00,Hot-Wet,2009-03-02 11:20:00,3
15.12164815,-19.2013326,LA6,2009-03-02,11:40:00 AM,11:40:00,Hot-Wet,2009-03-02 11:40:00,3
15.12105306,-19.20129801,LA6,2009-03-02,12:00:00 PM,12:00:00,Hot-Wet,2009-03-02 12:00:00,3
15.12105713,-19.20128581,LA6,2009-03-02,12:20:00 PM,12:20:00,Hot-Wet,2009-03-02 12:20:00,3
15.1210378,-19.20129191,LA6,2009-03-02,12:40:00 PM,12:40:00,Hot-Wet,2009-03-02 12:40:00,3
15.12094523,-19.20107422,LA6,2009-03-02,01:00:00 PM,13:00:00,Hot-Wet,2009-03-02 13:00:00,3
15.12093913,-19.20106608,LA6,2009-03-02,01:20:00 PM,13:20:00,Hot-Wet,2009-03-02 13:20:00,3
15.12095235,-19.20472819,LA6,2009-03-02,01:40:00 PM,13:40:00,Hot-Wet,2009-03-02 13:40:00,3
15.12102559,-19.20474447,LA6,2009-03-02,02:00:00 PM,14:00:00,Hot-Wet,2009-03-02 14:00:00,3
15.12134196,-19.20656128,LA6,2009-03-02,02:20:00 PM,14:20:00,Hot-Wet,2009-03-02 14:20:00,3
15.12086589,-19.20807292,LA6,2009-03-02,02:40:00 PM,14:40:00,Hot-Wet,2009-03-02 14:40:00,3
15.12087199,-19.20809326,LA6,2009-03-02,03:00:00 PM,15:00:00,Hot-Wet,2009-03-02 15:00:00,3
15.1264679,-19.20888062,LA6,2009-03-02,03:20:00 PM,15:20:00,Hot-Wet,2009-03-02 15:20:00,3
15.12884827,-19.2096639,LA6,2009-03-02,03:40:00 PM,15:40:00,Hot-Wet,2009-03-02 15:40:00,3
15.13308818,-19.20945638,LA6,2009-03-02,04:00:00 PM,16:00:00,Hot-Wet,2009-03-02 16:00:00,3
15.13731995,-19.2071696,LA6,2009-03-02,04:20:00 PM,16:20:00,Hot-Wet,2009-03-02 16:20:00,3
15.14351908,-19.20779215,LA6,2009-03-02,04:40:00 PM,16:40:00,Hot-Wet,2009-03-02 16:40:00,3
15.14645589,-19.20731608,LA6,2009-03-02,05:00:00 PM,17:00:00,Hot-Wet,2009-03-02 17:00:00,3
15.1511261,-19.20760905,LA6,2009-03-02,05:20:00 PM,17:20:00,Hot-Wet,2009-03-02 17:20:00,3
15.15802002,-19.20592244,LA6,2009-03-02,05:40:00 PM,17:40:00,Hot-Wet,2009-03-02 17:40:00,3
15.16388143,-19.20319417,LA6,2009-03-02,06:00:00 PM,18:00:00,Hot-Wet,2009-03-02 18:00:00,3
15.16911011,-19.20197347,LA6,2009-03-02,06:20:00 PM,18:20:00,Hot-Wet,2009-03-02 18:20:00,3
15.16909892,-19.2019633,LA6,2009-03-02,06:40:00 PM,18:40:00,Hot-Wet,2009-03-02 18:40:00,3
15.16976115,-19.19974569,LA6,2009-03-02,07:00:00 PM,19:00:00,Hot-Wet,2009-03-02 19:00:00,3
15.17020467,-19.19865723,LA6,2009-03-02,07:20:00 PM,19:20:00,Hot-Wet,2009-03-02 19:20:00,3
15.17027384,-19.19807943,LA6,2009-03-02,07:40:00 PM,19:40:00,Hot-Wet,2009-03-02 19:40:00,3
15.17313538,-19.19778239,LA6,2009-03-02,08:00:00 PM,20:00:00,Hot-Wet,2009-03-02 20:00:00,3
15.17314758,-19.19778849,LA6,2009-03-02,08:20:00 PM,20:20:00,Hot-Wet,2009-03-02 20:20:00,3
15.17357483,-19.19858602,LA6,2009-03-02,08:40:00 PM,20:40:00,Hot-Wet,2009-03-02 20:40:00,3
15.1756602,-19.19904989,LA6,2009-03-02,09:00:00 PM,21:00:00,Hot-Wet,2009-03-02 21:00:00,3
15.17566935,-19.19883016,LA6,2009-03-02,09:20:00 PM,21:20:00,Hot-Wet,2009-03-02 21:20:00,3
15.17696838,-19.19861043,LA6,2009-03-02,09:40:00 PM,21:40:00,Hot-Wet,2009-03-02 21:40:00,3
15.17694906,-19.19862264,LA6,2009-03-02,10:00:00 PM,22:00:00,Hot-Wet,2009-03-02 22:00:00,3
15.17741191,-19.19864095,LA6,2009-03-02,10:20:00 PM,22:20:00,Hot-Wet,2009-03-02 22:20:00,3
15.17740784,-19.19864705,LA6,2009-03-02,10:40:00 PM,22:40:00,Hot-Wet,2009-03-02 22:40:00,3
15.17769368,-19.19837036,LA6,2009-03-02,11:00:00 PM,23:00:00,Hot-Wet,2009-03-02 23:00:00,3
15.17741699,-19.19963175,LA6,2009-03-02,11:20:00 PM,23:20:00,Hot-Wet,2009-03-02 23:20:00,3
15.17742411,-19.19961955,LA6,2009-03-02,11:40:00 PM,23:40:00,Hot-Wet,2009-03-02 23:40:00,3
15.17724813,-19.19973348,LA6,2009-03-03,12:00:00 AM,00:00:00,Hot-Wet,2009-03-03 00:00:00,3
15.1772583,-19.19970296,LA6,2009-03-03,12:20:00 AM,00:20:00,Hot-Wet,2009-03-03 00:20:00,3
15.17724915,-19.19974772,LA6,2009-03-03,12:40:00 AM,00:40:00,Hot-Wet,2009-03-03 00:40:00,3
15.17725932,-19.19991455,LA6,2009-03-03,01:00:00 AM,01:00:00,Hot-Wet,2009-03-03 01:00:00,3
15.17729797,-19.19986369,LA6,2009-03-03,01:21:00 AM,01:21:00,Hot-Wet,2009-03-03 01:21:00,3
15.17727763,-19.20029704,LA6,2009-03-03,01:40:00 AM,01:40:00,Hot-Wet,2009-03-03 01:40:00,3
15.17848104,-19.20119425,LA6,2009-03-03,02:00:00 AM,02:00:00,Hot-Wet,2009-03-03 02:00:00,3
15.17858175,-19.20297852,LA6,2009-03-03,02:20:00 AM,02:20:00,Hot-Wet,2009-03-03 02:20:00,3
15.17918294,-19.2026123,LA6,2009-03-03,02:40:00 AM,02:40:00,Hot-Wet,2009-03-03 02:40:00,3
15.18063965,-19.19967651,LA6,2009-03-03,03:01:00 AM,03:01:00,Hot-Wet,2009-03-03 03:01:00,3
15.18087972,-19.19822998,LA6,2009-03-03,03:20:00 AM,03:20:00,Hot-Wet,2009-03-03 03:20:00,3
15.18120422,-19.19677938,LA6,2009-03-03,03:40:00 AM,03:40:00,Hot-Wet,2009-03-03 03:40:00,3
15.18101095,-19.19662476,LA6,2009-03-03,04:00:00 AM,04:00:00,Hot-Wet,2009-03-03 04:00:00,3
15.18286031,-19.19533488,LA6,2009-03-03,04:20:00 AM,04:20:00,Hot-Wet,2009-03-03 04:20:00,3
15.18282064,-19.19536743,LA6,2009-03-03,04:40:00 AM,04:40:00,Hot-Wet,2009-03-03 04:40:00,3
15.18525492,-19.19033813,LA6,2009-03-03,05:00:00 AM,05:00:00,Hot-Wet,2009-03-03 05:00:00,3
15.18530172,-19.19034424,LA6,2009-03-03,05:20:00 AM,05:20:00,Hot-Wet,2009-03-03 05:20:00,3
15.18834534,-19.18269653,LA6,2009-03-03,05:40:00 AM,05:40:00,Hot-Wet,2009-03-03 05:40:00,3
15.18466085,-19.17516479,LA6,2009-03-03,06:00:00 AM,06:00:00,Hot-Wet,2009-03-03 06:00:00,3
15.18195801,-19.17021484,LA6,2009-03-03,06:20:00 AM,06:20:00,Hot-Wet,2009-03-03 06:20:00,3
15.18023173,-19.16864421,LA6,2009-03-03,06:40:00 AM,06:40:00,Hot-Wet,2009-03-03 06:40:00,3
15.18024495,-19.16862996,LA6,2009-03-03,07:00:00 AM,07:00:00,Hot-Wet,2009-03-03 07:00:00,3
15.18020325,-19.16782023,LA6,2009-03-03,07:20:00 AM,07:20:00,Hot-Wet,2009-03-03 07:20:00,3
15.18064575,-19.16406047,LA6,2009-03-03,07:40:00 AM,07:40:00,Hot-Wet,2009-03-03 07:40:00,3
15.18157756,-19.16171265,LA6,2009-03-03,08:00:00 AM,08:00:00,Hot-Wet,2009-03-03 08:00:00,3
15.18195801,-19.16180216,LA6,2009-03-03,08:20:00 AM,08:20:00,Hot-Wet,2009-03-03 08:20:00,3
15.18194784,-19.1618042,LA6,2009-03-03,08:40:00 AM,08:40:00,Hot-Wet,2009-03-03 08:40:00,3
15.18389994,-19.15770264,LA6,2009-03-03,09:00:00 AM,09:00:00,Hot-Wet,2009-03-03 09:00:00,3
15.18457133,-19.15706177,LA6,2009-03-03,09:20:00 AM,09:20:00,Hot-Wet,2009-03-03 09:20:00,3
15.18371073,-19.15334269,LA6,2009-03-03,09:40:00 AM,09:40:00,Hot-Wet,2009-03-03 09:40:00,3
15.18371277,-19.15333862,LA6,2009-03-03,10:00:00 AM,10:00:00,Hot-Wet,2009-03-03 10:00:00,3
15.18389282,-19.15350952,LA6,2009-03-03,10:20:00 AM,10:20:00,Hot-Wet,2009-03-03 10:20:00,3
15.18418986,-19.15131632,LA6,2009-03-03,10:40:00 AM,10:40:00,Hot-Wet,2009-03-03 10:40:00,3
15.18420817,-19.15131022,LA6,2009-03-03,11:00:00 AM,11:00:00,Hot-Wet,2009-03-03 11:00:00,3
15.18572388,-19.14960734,LA6,2009-03-03,11:20:00 AM,11:20:00,Hot-Wet,2009-03-03 11:20:00,3
15.18730367,-19.14855754,LA6,2009-03-03,11:40:00 AM,11:40:00,Hot-Wet,2009-03-03 11:40:00,3
15.19055176,-19.14504191,LA6,2009-03-03,12:00:00 PM,12:00:00,Hot-Wet,2009-03-03 12:00:00,3
15.19096069,-19.13641764,LA6,2009-03-03,12:20:00 PM,12:20:00,Hot-Wet,2009-03-03 12:20:00,3
15.19021098,-19.1184021,LA6,2009-03-03,12:40:00 PM,12:40:00,Hot-Wet,2009-03-03 12:40:00,3
15.19000549,-19.10952352,LA6,2009-03-03,01:00:00 PM,13:00:00,Hot-Wet,2009-03-03 13:00:00,3
15.19000041,-19.10951538,LA6,2009-03-03,01:20:00 PM,13:20:00,Hot-Wet,2009-03-03 13:20:00,3
15.19162394,-19.10972697,LA6,2009-03-03,01:40:00 PM,13:40:00,Hot-Wet,2009-03-03 13:40:00,3
15.19660543,-19.11196493,LA6,2009-03-03,02:00:00 PM,14:00:00,Hot-Wet,2009-03-03 14:00:00,3
15.20112101,-19.11230265,LA6,2009-03-03,02:20:00 PM,14:20:00,Hot-Wet,2009-03-03 14:20:00,3
15.20570984,-19.11333211,LA6,2009-03-03,02:40:00 PM,14:40:00,Hot-Wet,2009-03-03 14:40:00,3
15.20682373,-19.11390991,LA6,2009-03-03,03:00:00 PM,15:00:00,Hot-Wet,2009-03-03 15:00:00,3
15.20932414,-19.12069702,LA6,2009-03-03,03:20:00 PM,15:20:00,Hot-Wet,2009-03-03 15:20:00,3
15.21395162,-19.12509969,LA6,2009-03-03,03:40:00 PM,15:40:00,Hot-Wet,2009-03-03 15:40:00,3
15.21620076,-19.13056234,LA6,2009-03-03,04:00:00 PM,16:00:00,Hot-Wet,2009-03-03 16:00:00,3
15.21764933,-19.13442383,LA6,2009-03-03,04:20:00 PM,16:20:00,Hot-Wet,2009-03-03 16:20:00,3
15.21767273,-19.13441569,LA6,2009-03-03,04:40:00 PM,16:40:00,Hot-Wet,2009-03-03 16:40:00,3
15.2186025,-19.1352356,LA6,2009-03-03,05:00:00 PM,17:00:00,Hot-Wet,2009-03-03 17:00:00,3
15.22429606,-19.13760783,LA6,2009-03-03,05:20:00 PM,17:20:00,Hot-Wet,2009-03-03 17:20:00,3
15.2315094,-19.14411418,LA6,2009-03-03,05:40:00 PM,17:40:00,Hot-Wet,2009-03-03 17:40:00,3
15.23524679,-19.14656982,LA6,2009-03-03,06:00:00 PM,18:00:00,Hot-Wet,2009-03-03 18:00:00,3
15.23653564,-19.14763184,LA6,2009-03-03,06:20:00 PM,18:20:00,Hot-Wet,2009-03-03 18:20:00,3
15.23855082,-19.14868368,LA6,2009-03-03,06:40:00 PM,18:40:00,Hot-Wet,2009-03-03 18:40:00,3
15.24018555,-19.14879557,LA6,2009-03-03,07:00:00 PM,19:00:00,Hot-Wet,2009-03-03 19:00:00,3
15.24012248,-19.14880371,LA6,2009-03-03,07:20:00 PM,19:20:00,Hot-Wet,2009-03-03 19:20:00,3
15.23927409,-19.14850871,LA6,2009-03-03,07:40:00 PM,19:40:00,Hot-Wet,2009-03-03 19:40:00,3
15.23765259,-19.15450033,LA6,2009-03-03,08:00:00 PM,20:00:00,Hot-Wet,2009-03-03 20:00:00,3
15.23713989,-19.15754191,LA6,2009-03-03,08:20:00 PM,20:20:00,Hot-Wet,2009-03-03 20:20:00,3
15.23713888,-19.15753174,LA6,2009-03-03,08:40:00 PM,20:40:00,Hot-Wet,2009-03-03 20:40:00,3
15.23776855,-19.16046549,LA6,2009-03-03,09:00:00 PM,21:00:00,Hot-Wet,2009-03-03 21:00:00,3
15.23777262,-19.16045125,LA6,2009-03-03,09:20:00 PM,21:20:00,Hot-Wet,2009-03-03 21:20:00,3
15.23833008,-19.16647135,LA6,2009-03-03,09:40:00 PM,21:40:00,Hot-Wet,2009-03-03 21:40:00,3
15.23820394,-19.16756592,LA6,2009-03-03,10:00:00 PM,22:00:00,Hot-Wet,2009-03-03 22:00:00,3
15.23761495,-19.16868693,LA6,2009-03-03,10:20:00 PM,22:20:00,Hot-Wet,2009-03-03 22:20:00,3
15.23760885,-19.16868693,LA6,2009-03-03,10:40:00 PM,22:40:00,Hot-Wet,2009-03-03 22:40:00,3
15.23762207,-19.16869507,LA6,2009-03-03,11:00:00 PM,23:00:00,Hot-Wet,2009-03-03 23:00:00,3
15.23782145,-19.16937052,LA6,2009-03-03,11:20:00 PM,23:20:00,Hot-Wet,2009-03-03 23:20:00,3
15.23780924,-19.16938477,LA6,2009-03-03,11:40:00 PM,23:40:00,Hot-Wet,2009-03-03 23:40:00,3
15.2378123,-19.16936849,LA6,2009-03-04,12:00:00 AM,00:00:00,Hot-Wet,2009-03-04 00:00:00,3
15.23787537,-19.16935832,LA6,2009-03-04,12:20:00 AM,00:20:00,Hot-Wet,2009-03-04 00:20:00,3
15.23791504,-19.16939697,LA6,2009-03-04,12:40:00 AM,00:40:00,Hot-Wet,2009-03-04 00:40:00,3
15.23797811,-19.16942952,LA6,2009-03-04,01:00:00 AM,01:00:00,Hot-Wet,2009-03-04 01:00:00,3
15.23820699,-19.17014974,LA6,2009-03-04,01:20:00 AM,01:20:00,Hot-Wet,2009-03-04 01:20:00,3
15.23836568,-19.17017619,LA6,2009-03-04,01:40:00 AM,01:40:00,Hot-Wet,2009-03-04 01:40:00,3
15.23842468,-19.17022502,LA6,2009-03-04,02:01:00 AM,02:01:00,Hot-Wet,2009-03-04 02:01:00,3
15.23838704,-19.17023519,LA6,2009-03-04,02:20:00 AM,02:20:00,Hot-Wet,2009-03-04 02:20:00,3
15.23844503,-19.17023722,LA6,2009-03-04,02:40:00 AM,02:40:00,Hot-Wet,2009-03-04 02:40:00,3
15.23843791,-19.17023112,LA6,2009-03-04,03:00:00 AM,03:00:00,Hot-Wet,2009-03-04 03:00:00,3
15.23842061,-19.17023926,LA6,2009-03-04,03:20:00 AM,03:20:00,Hot-Wet,2009-03-04 03:20:00,3
15.2379598,-19.17039795,LA6,2009-03-04,03:40:00 AM,03:40:00,Hot-Wet,2009-03-04 03:40:00,3
15.2372406,-19.1718811,LA6,2009-03-04,04:00:00 AM,04:00:00,Hot-Wet,2009-03-04 04:00:00,3
15.23596191,-19.17404175,LA6,2009-03-04,04:20:00 AM,04:20:00,Hot-Wet,2009-03-04 04:20:00,3
15.23505656,-19.17532552,LA6,2009-03-04,04:40:00 AM,04:40:00,Hot-Wet,2009-03-04 04:40:00,3
15.23322856,-19.17684326,LA6,2009-03-04,05:00:00 AM,05:00:00,Hot-Wet,2009-03-04 05:00:00,3
15.23292847,-19.17924398,LA6,2009-03-04,05:20:00 AM,05:20:00,Hot-Wet,2009-03-04 05:20:00,3
15.2340861,-19.1805542,LA6,2009-03-04,05:40:00 AM,05:40:00,Hot-Wet,2009-03-04 05:40:00,3
15.23408203,-19.18054403,LA6,2009-03-04,06:00:00 AM,06:00:00,Hot-Wet,2009-03-04 06:00:00,3
15.23593445,-19.17944743,LA6,2009-03-04,06:20:00 AM,06:20:00,Hot-Wet,2009-03-04 06:20:00,3
15.23785807,-19.17866821,LA6,2009-03-04,06:40:00 AM,06:40:00,Hot-Wet,2009-03-04 06:40:00,3
15.24010925,-19.17827148,LA6,2009-03-04,07:00:00 AM,07:00:00,Hot-Wet,2009-03-04 07:00:00,3
15.24157206,-19.17942505,LA6,2009-03-04,07:20:00 AM,07:20:00,Hot-Wet,2009-03-04 07:20:00,3
15.24157817,-19.17942912,LA6,2009-03-04,07:40:00 AM,07:40:00,Hot-Wet,2009-03-04 07:40:00,3
15.24350891,-19.178066,LA6,2009-03-04,08:00:00 AM,08:00:00,Hot-Wet,2009-03-04 08:00:00,3
15.24513245,-19.17713013,LA6,2009-03-04,08:20:00 AM,08:20:00,Hot-Wet,2009-03-04 08:20:00,3
15.2463206,-19.17686768,LA6,2009-03-04,08:40:00 AM,08:40:00,Hot-Wet,2009-03-04 08:40:00,3
15.24941813,-19.17659505,LA6,2009-03-04,09:00:00 AM,09:00:00,Hot-Wet,2009-03-04 09:00:00,3
15.25304972,-19.17464803,LA6,2009-03-04,09:20:00 AM,09:20:00,Hot-Wet,2009-03-04 09:20:00,3
15.25301717,-19.17466634,LA6,2009-03-04,09:40:00 AM,09:40:00,Hot-Wet,2009-03-04 09:40:00,3
15.25651143,-19.17347819,LA6,2009-03-04,10:00:00 AM,10:00:00,Hot-Wet,2009-03-04 10:00:00,3
15.25858459,-19.16958008,LA6,2009-03-04,10:20:00 AM,10:20:00,Hot-Wet,2009-03-04 10:20:00,3
15.25721436,-19.16986694,LA6,2009-03-04,10:40:00 AM,10:40:00,Hot-Wet,2009-03-04 10:40:00,3
15.25663452,-19.16998698,LA6,2009-03-04,11:01:00 AM,11:01:00,Hot-Wet,2009-03-04 11:01:00,3
15.25644938,-19.1703715,LA6,2009-03-04,11:20:00 AM,11:20:00,Hot-Wet,2009-03-04 11:20:00,3
15.25643412,-19.1703654,LA6,2009-03-04,11:40:00 AM,11:40:00,Hot-Wet,2009-03-04 11:40:00,3
15.25698039,-19.17061564,LA6,2009-03-04,12:00:00 PM,12:00:00,Hot-Wet,2009-03-04 12:00:00,3
15.25557149,-19.17161458,LA6,2009-03-04,12:20:00 PM,12:20:00,Hot-Wet,2009-03-04 12:20:00,3
15.25513916,-19.17326864,LA6,2009-03-04,12:40:00 PM,12:40:00,Hot-Wet,2009-03-04 12:40:00,3
15.25267843,-19.17588908,LA6,2009-03-04,01:00:00 PM,13:00:00,Hot-Wet,2009-03-04 13:00:00,3
15.25267334,-19.17589722,LA6,2009-03-04,01:20:00 PM,13:20:00,Hot-Wet,2009-03-04 13:20:00,3
15.2563385,-19.17947184,LA6,2009-03-04,01:40:00 PM,13:40:00,Hot-Wet,2009-03-04 13:40:00,3
15.25756531,-19.18080037,LA6,2009-03-04,02:00:00 PM,14:00:00,Hot-Wet,2009-03-04 14:00:00,3
15.25759786,-19.18080648,LA6,2009-03-04,02:20:00 PM,14:20:00,Hot-Wet,2009-03-04 14:20:00,3
15.25656738,-19.18246867,LA6,2009-03-04,02:40:00 PM,14:40:00,Hot-Wet,2009-03-04 14:40:00,3
15.25625203,-19.18269857,LA6,2009-03-04,03:00:00 PM,15:00:00,Hot-Wet,2009-03-04 15:00:00,3
15.25624797,-19.18270264,LA6,2009-03-04,03:20:00 PM,15:20:00,Hot-Wet,2009-03-04 15:20:00,3
15.25625305,-19.18270264,LA6,2009-03-04,03:40:00 PM,15:40:00,Hot-Wet,2009-03-04 15:40:00,3
15.25737406,-19.18353678,LA6,2009-03-04,04:00:00 PM,16:00:00,Hot-Wet,2009-03-04 16:00:00,3
15.26089071,-19.18431803,LA6,2009-03-04,04:20:00 PM,16:20:00,Hot-Wet,2009-03-04 16:20:00,3
15.2633433,-19.18184611,LA6,2009-03-04,04:40:00 PM,16:40:00,Hot-Wet,2009-03-04 16:40:00,3
15.2703776,-19.1786967,LA6,2009-03-04,05:00:00 PM,17:00:00,Hot-Wet,2009-03-04 17:00:00,3
15.27038269,-19.17867228,LA6,2009-03-04,05:20:00 PM,17:20:00,Hot-Wet,2009-03-04 17:20:00,3
15.27251485,-19.17523804,LA6,2009-03-04,05:40:00 PM,17:40:00,Hot-Wet,2009-03-04 17:40:00,3
15.27833659,-19.17391357,LA6,2009-03-04,06:00:00 PM,18:00:00,Hot-Wet,2009-03-04 18:00:00,3
15.29060974,-19.17782389,LA6,2009-03-04,06:20:00 PM,18:20:00,Hot-Wet,2009-03-04 18:20:00,3
15.29060872,-19.17781372,LA6,2009-03-04,06:40:00 PM,18:40:00,Hot-Wet,2009-03-04 18:40:00,3
15.29712931,-19.18080851,LA6,2009-03-04,07:00:00 PM,19:00:00,Hot-Wet,2009-03-04 19:00:00,3
15.29977417,-19.18459473,LA6,2009-03-04,07:20:00 PM,19:20:00,Hot-Wet,2009-03-04 19:20:00,3
15.30016174,-19.1858195,LA6,2009-03-04,07:40:00 PM,19:40:00,Hot-Wet,2009-03-04 19:40:00,3
15.30051575,-19.18691203,LA6,2009-03-04,08:00:00 PM,20:00:00,Hot-Wet,2009-03-04 20:00:00,3
15.30121969,-19.18756307,LA6,2009-03-04,08:20:00 PM,20:20:00,Hot-Wet,2009-03-04 20:20:00,3
15.30056051,-19.18798421,LA6,2009-03-04,08:40:00 PM,20:40:00,Hot-Wet,2009-03-04 20:40:00,3
15.29954936,-19.18908895,LA6,2009-03-04,09:00:00 PM,21:00:00,Hot-Wet,2009-03-04 21:00:00,3
15.29816488,-19.19003703,LA6,2009-03-04,09:20:00 PM,21:20:00,Hot-Wet,2009-03-04 21:20:00,3
15.2981547,-19.19003092,LA6,2009-03-04,09:40:00 PM,21:40:00,Hot-Wet,2009-03-04 21:40:00,3
15.29818522,-19.19001261,LA6,2009-03-04,10:00:00 PM,22:00:00,Hot-Wet,2009-03-04 22:00:00,3
15.29812622,-19.19008586,LA6,2009-03-04,10:20:00 PM,22:20:00,Hot-Wet,2009-03-04 22:20:00,3
15.29810791,-19.19007975,LA6,2009-03-04,10:40:00 PM,22:40:00,Hot-Wet,2009-03-04 22:40:00,3
15.2980957,-19.1901062,LA6,2009-03-04,11:00:00 PM,23:00:00,Hot-Wet,2009-03-04 23:00:00,3
15.29809977,-19.19017741,LA6,2009-03-04,11:20:00 PM,23:20:00,Hot-Wet,2009-03-04 23:20:00,3
15.29811605,-19.19018758,LA6,2009-03-04,11:40:00 PM,23:40:00,Hot-Wet,2009-03-04 23:40:00,3
15.29835307,-19.19030558,LA6,2009-03-05,12:00:00 AM,00:00:00,Hot-Wet,2009-03-05 00:00:00,3
15.29839478,-19.19067993,LA6,2009-03-05,12:20:00 AM,00:20:00,Hot-Wet,2009-03-05 00:20:00,3
15.29865316,-19.19117839,LA6,2009-03-05,12:40:00 AM,00:40:00,Hot-Wet,2009-03-05 00:40:00,3
15.29866028,-19.19117839,LA6,2009-03-05,01:00:00 AM,01:00:00,Hot-Wet,2009-03-05 01:00:00,3
15.29867249,-19.19120687,LA6,2009-03-05,01:20:00 AM,01:20:00,Hot-Wet,2009-03-05 01:20:00,3
15.29864502,-19.19116007,LA6,2009-03-05,01:41:00 AM,01:41:00,Hot-Wet,2009-03-05 01:41:00,3
15.29864095,-19.19114176,LA6,2009-03-05,02:01:00 AM,02:01:00,Hot-Wet,2009-03-05 02:01:00,3
15.29864502,-19.19112142,LA6,2009-03-05,02:20:00 AM,02:20:00,Hot-Wet,2009-03-05 02:20:00,3
15.29864604,-19.19111938,LA6,2009-03-05,02:40:00 AM,02:40:00,Hot-Wet,2009-03-05 02:40:00,3
15.29866028,-19.1911438,LA6,2009-03-05,03:00:00 AM,03:00:00,Hot-Wet,2009-03-05 03:00:00,3
15.29864705,-19.19113159,LA6,2009-03-05,03:20:00 AM,03:20:00,Hot-Wet,2009-03-05 03:20:00,3
15.29867961,-19.19110921,LA6,2009-03-05,03:40:00 AM,03:40:00,Hot-Wet,2009-03-05 03:40:00,3
15.2986969,-19.1911499,LA6,2009-03-05,04:00:00 AM,04:00:00,Hot-Wet,2009-03-05 04:00:00,3
15.29924723,-19.19146729,LA6,2009-03-05,04:20:00 AM,04:20:00,Hot-Wet,2009-03-05 04:20:00,3
15.29925639,-19.19147949,LA6,2009-03-05,04:40:00 AM,04:40:00,Hot-Wet,2009-03-05 04:40:00,3
15.30052185,-19.19303996,LA6,2009-03-05,05:00:00 AM,05:00:00,Hot-Wet,2009-03-05 05:00:00,3
15.30097961,-19.19402466,LA6,2009-03-05,05:20:00 AM,05:20:00,Hot-Wet,2009-03-05 05:20:00,3
15.30403544,-19.18603923,LA6,2009-03-05,05:40:00 AM,05:40:00,Hot-Wet,2009-03-05 05:40:00,3
15.30403951,-19.18604736,LA6,2009-03-05,06:00:00 AM,06:00:00,Hot-Wet,2009-03-05 06:00:00,3
15.30447795,-19.17865601,LA6,2009-03-05,06:20:00 AM,06:20:00,Hot-Wet,2009-03-05 06:20:00,3
15.30449727,-19.17871704,LA6,2009-03-05,06:41:00 AM,06:41:00,Hot-Wet,2009-03-05 06:41:00,3
15.30530192,-19.17590942,LA6,2009-03-05,07:00:00 AM,07:00:00,Hot-Wet,2009-03-05 07:00:00,3
15.30516663,-19.16934408,LA6,2009-03-05,07:20:00 AM,07:20:00,Hot-Wet,2009-03-05 07:20:00,3
15.30512492,-19.16934408,LA6,2009-03-05,07:40:00 AM,07:40:00,Hot-Wet,2009-03-05 07:40:00,3
15.30391947,-19.16679077,LA6,2009-03-05,08:00:00 AM,08:00:00,Hot-Wet,2009-03-05 08:00:00,3
15.29899089,-19.16235962,LA6,2009-03-05,08:20:00 AM,08:20:00,Hot-Wet,2009-03-05 08:20:00,3
15.2968394,-19.16046346,LA6,2009-03-05,08:40:00 AM,08:40:00,Hot-Wet,2009-03-05 08:40:00,3
15.29617513,-19.15893351,LA6,2009-03-05,09:00:00 AM,09:00:00,Hot-Wet,2009-03-05 09:00:00,3
15.29610799,-19.15892741,LA6,2009-03-05,09:20:00 AM,09:20:00,Hot-Wet,2009-03-05 09:20:00,3
15.29672852,-19.15902913,LA6,2009-03-05,09:40:00 AM,09:40:00,Hot-Wet,2009-03-05 09:40:00,3
15.29790039,-19.15902507,LA6,2009-03-05,10:00:00 AM,10:00:00,Hot-Wet,2009-03-05 10:00:00,3
15.29928385,-19.15937907,LA6,2009-03-05,10:20:00 AM,10:20:00,Hot-Wet,2009-03-05 10:20:00,3
15.30037231,-19.15963135,LA6,2009-03-05,10:40:00 AM,10:40:00,Hot-Wet,2009-03-05 10:40:00,3
15.30116475,-19.15926514,LA6,2009-03-05,11:00:00 AM,11:00:00,Hot-Wet,2009-03-05 11:00:00,3
15.30206706,-19.16209513,LA6,2009-03-05,11:20:00 AM,11:20:00,Hot-Wet,2009-03-05 11:20:00,3
15.30308126,-19.16207682,LA6,2009-03-05,11:40:00 AM,11:40:00,Hot-Wet,2009-03-05 11:40:00,3
15.30659383,-19.16402995,LA6,2009-03-05,12:00:00 PM,12:00:00,Hot-Wet,2009-03-05 12:00:00,3
15.31042989,-19.16721395,LA6,2009-03-05,12:20:00 PM,12:20:00,Hot-Wet,2009-03-05 12:20:00,3
15.31035767,-19.17046102,LA6,2009-03-05,12:40:00 PM,12:40:00,Hot-Wet,2009-03-05 12:40:00,3
15.3103363,-19.17126668,LA6,2009-03-05,01:00:00 PM,13:00:00,Hot-Wet,2009-03-05 13:00:00,3
15.31034749,-19.17126872,LA6,2009-03-05,01:20:00 PM,13:20:00,Hot-Wet,2009-03-05 13:20:00,3
15.31115519,-19.17126668,LA6,2009-03-05,01:40:00 PM,13:40:00,Hot-Wet,2009-03-05 13:40:00,3
15.31388346,-19.17040405,LA6,2009-03-05,02:00:00 PM,14:00:00,Hot-Wet,2009-03-05 14:00:00,3
15.31880493,-19.17057902,LA6,2009-03-05,02:20:00 PM,14:20:00,Hot-Wet,2009-03-05 14:20:00,3
15.32195333,-19.1725769,LA6,2009-03-05,02:40:00 PM,14:40:00,Hot-Wet,2009-03-05 14:40:00,3
15.32176514,-19.17906698,LA6,2009-03-05,03:00:00 PM,15:00:00,Hot-Wet,2009-03-05 15:00:00,3
15.32176615,-19.17905884,LA6,2009-03-05,03:20:00 PM,15:20:00,Hot-Wet,2009-03-05 15:20:00,3
15.32333984,-19.18120931,LA6,2009-03-05,03:40:00 PM,15:40:00,Hot-Wet,2009-03-05 15:40:00,3
15.32333679,-19.18120931,LA6,2009-03-05,04:00:00 PM,16:00:00,Hot-Wet,2009-03-05 16:00:00,3
15.32466634,-19.18370361,LA6,2009-03-05,04:20:00 PM,16:20:00,Hot-Wet,2009-03-05 16:20:00,3
15.32965088,-19.18395996,LA6,2009-03-05,04:41:00 PM,16:41:00,Hot-Wet,2009-03-05 16:41:00,3
15.33097534,-19.18609009,LA6,2009-03-05,05:00:00 PM,17:00:00,Hot-Wet,2009-03-05 17:00:00,3
15.331663,-19.18869832,LA6,2009-03-05,05:20:00 PM,17:20:00,Hot-Wet,2009-03-05 17:20:00,3
15.33293966,-19.18999634,LA6,2009-03-05,05:40:00 PM,17:40:00,Hot-Wet,2009-03-05 17:40:00,3
15.33433634,-19.1898173,LA6,2009-03-05,06:00:00 PM,18:00:00,Hot-Wet,2009-03-05 18:00:00,3
15.33503215,-19.18951009,LA6,2009-03-05,06:20:00 PM,18:20:00,Hot-Wet,2009-03-05 18:20:00,3
15.33608602,-19.1893575,LA6,2009-03-05,06:40:00 PM,18:40:00,Hot-Wet,2009-03-05 18:40:00,3
15.33427938,-19.18852743,LA6,2009-03-05,07:00:00 PM,19:00:00,Hot-Wet,2009-03-05 19:00:00,3
15.33396708,-19.18862712,LA6,2009-03-05,07:20:00 PM,19:20:00,Hot-Wet,2009-03-05 19:20:00,3
15.34008993,-19.18646037,LA6,2009-03-05,07:40:00 PM,19:40:00,Hot-Wet,2009-03-05 19:40:00,3
15.34005636,-19.18645223,LA6,2009-03-05,08:00:00 PM,20:00:00,Hot-Wet,2009-03-05 20:00:00,3
15.33996785,-19.18411662,LA6,2009-03-05,08:20:00 PM,20:20:00,Hot-Wet,2009-03-05 20:20:00,3
15.3399821,-19.18413086,LA6,2009-03-05,08:40:00 PM,20:40:00,Hot-Wet,2009-03-05 20:40:00,3
15.3400706,-19.18413493,LA6,2009-03-05,09:00:00 PM,21:00:00,Hot-Wet,2009-03-05 21:00:00,3
15.34006856,-19.18415934,LA6,2009-03-05,09:20:00 PM,21:20:00,Hot-Wet,2009-03-05 21:20:00,3
15.34020691,-19.18419189,LA6,2009-03-05,09:40:00 PM,21:40:00,Hot-Wet,2009-03-05 21:40:00,3
15.34018453,-19.18418783,LA6,2009-03-05,10:00:00 PM,22:00:00,Hot-Wet,2009-03-05 22:00:00,3
15.34014893,-19.18421021,LA6,2009-03-05,10:20:00 PM,22:20:00,Hot-Wet,2009-03-05 22:20:00,3
15.34017944,-19.18420614,LA6,2009-03-05,10:40:00 PM,22:40:00,Hot-Wet,2009-03-05 22:40:00,3
15.34025065,-19.18504028,LA6,2009-03-05,11:00:00 PM,23:00:00,Hot-Wet,2009-03-05 23:00:00,3
15.34047343,-19.18678182,LA6,2009-03-05,11:20:00 PM,23:20:00,Hot-Wet,2009-03-05 23:20:00,3
15.33939311,-19.18694051,LA6,2009-03-05,11:40:00 PM,23:40:00,Hot-Wet,2009-03-05 23:40:00,3
15.33886414,-19.1869222,LA6,2009-03-06,12:00:00 AM,00:00:00,Hot-Wet,2009-03-06 00:00:00,3
15.33867391,-19.18698324,LA6,2009-03-06,12:20:00 AM,00:20:00,Hot-Wet,2009-03-06 00:20:00,3
15.33869324,-19.18699341,LA6,2009-03-06,12:40:00 AM,00:40:00,Hot-Wet,2009-03-06 00:40:00,3
15.33904317,-19.18639119,LA6,2009-03-06,01:00:00 AM,01:00:00,Hot-Wet,2009-03-06 01:00:00,3
15.3396993,-19.18618368,LA6,2009-03-06,01:20:00 AM,01:20:00,Hot-Wet,2009-03-06 01:20:00,3
15.3396993,-19.18615316,LA6,2009-03-06,01:40:00 AM,01:40:00,Hot-Wet,2009-03-06 01:40:00,3
15.33970337,-19.18617757,LA6,2009-03-06,02:00:00 AM,02:00:00,Hot-Wet,2009-03-06 02:00:00,3
15.3397288,-19.18619181,LA6,2009-03-06,02:20:00 AM,02:20:00,Hot-Wet,2009-03-06 02:20:00,3
15.3396993,-19.18617147,LA6,2009-03-06,02:40:00 AM,02:40:00,Hot-Wet,2009-03-06 02:40:00,3
15.33970642,-19.18615926,LA6,2009-03-06,03:00:00 AM,03:00:00,Hot-Wet,2009-03-06 03:00:00,3
15.33973796,-19.18615723,LA6,2009-03-06,03:20:00 AM,03:20:00,Hot-Wet,2009-03-06 03:20:00,3
15.3397054,-19.18617147,LA6,2009-03-06,03:40:00 AM,03:40:00,Hot-Wet,2009-03-06 03:40:00,3
15.33970032,-19.18617554,LA6,2009-03-06,04:00:00 AM,04:00:00,Hot-Wet,2009-03-06 04:00:00,3
15.33976542,-19.18623454,LA6,2009-03-06,04:20:00 AM,04:20:00,Hot-Wet,2009-03-06 04:20:00,3
15.33878276,-19.18568522,LA6,2009-03-06,04:40:00 AM,04:40:00,Hot-Wet,2009-03-06 04:40:00,3
15.3364563,-19.18383382,LA6,2009-03-06,05:00:00 AM,05:00:00,Hot-Wet,2009-03-06 05:00:00,3
15.33352458,-19.17584025,LA6,2009-03-06,05:20:00 AM,05:20:00,Hot-Wet,2009-03-06 05:20:00,3
15.32973938,-19.17410278,LA6,2009-03-06,05:40:00 AM,05:40:00,Hot-Wet,2009-03-06 05:40:00,3
15.3286967,-19.17665202,LA6,2009-03-06,06:00:00 AM,06:00:00,Hot-Wet,2009-03-06 06:00:00,3
15.32712402,-19.17897339,LA6,2009-03-06,06:20:00 AM,06:20:00,Hot-Wet,2009-03-06 06:20:00,3
15.32538147,-19.1803833,LA6,2009-03-06,06:40:00 AM,06:40:00,Hot-Wet,2009-03-06 06:40:00,3
15.3225352,-19.1788737,LA6,2009-03-06,07:00:00 AM,07:00:00,Hot-Wet,2009-03-06 07:00:00,3
15.32168477,-19.1791097,LA6,2009-03-06,07:20:00 AM,07:20:00,Hot-Wet,2009-03-06 07:20:00,3
15.31814779,-19.18046672,LA6,2009-03-06,07:40:00 AM,07:40:00,Hot-Wet,2009-03-06 07:40:00,3
15.31620585,-19.18210856,LA6,2009-03-06,08:00:00 AM,08:00:00,Hot-Wet,2009-03-06 08:00:00,3
15.31514893,-19.18250732,LA6,2009-03-06,08:20:00 AM,08:20:00,Hot-Wet,2009-03-06 08:20:00,3
15.3134023,-19.18063558,LA6,2009-03-06,08:40:00 AM,08:40:00,Hot-Wet,2009-03-06 08:40:00,3
15.31237183,-19.18033854,LA6,2009-03-06,09:00:00 AM,09:00:00,Hot-Wet,2009-03-06 09:00:00,3
15.31176758,-19.17977498,LA6,2009-03-06,09:20:00 AM,09:20:00,Hot-Wet,2009-03-06 09:20:00,3
15.31154683,-19.17940674,LA6,2009-03-06,09:40:00 AM,09:40:00,Hot-Wet,2009-03-06 09:40:00,3
15.31125488,-19.17953898,LA6,2009-03-06,10:00:00 AM,10:00:00,Hot-Wet,2009-03-06 10:00:00,3
15.31062622,-19.17847697,LA6,2009-03-06,10:20:00 AM,10:20:00,Hot-Wet,2009-03-06 10:20:00,3
15.31017354,-19.17446086,LA6,2009-03-06,10:40:00 AM,10:40:00,Hot-Wet,2009-03-06 10:40:00,3
15.30856934,-19.17104492,LA6,2009-03-06,11:00:00 AM,11:00:00,Hot-Wet,2009-03-06 11:00:00,3
15.30859477,-19.17109375,LA6,2009-03-06,11:20:00 AM,11:20:00,Hot-Wet,2009-03-06 11:20:00,3
15.30903727,-19.17029012,LA6,2009-03-06,11:40:00 AM,11:40:00,Hot-Wet,2009-03-06 11:40:00,3
15.31289978,-19.17186686,LA6,2009-03-06,12:00:00 PM,12:00:00,Hot-Wet,2009-03-06 12:00:00,3
15.31440328,-19.17220256,LA6,2009-03-06,12:20:00 PM,12:20:00,Hot-Wet,2009-03-06 12:20:00,3
15.3157196,-19.17264404,LA6,2009-03-06,12:40:00 PM,12:40:00,Hot-Wet,2009-03-06 12:40:00,3
15.31668599,-19.17276815,LA6,2009-03-06,01:00:00 PM,13:00:00,Hot-Wet,2009-03-06 13:00:00,3
15.31859538,-19.17363078,LA6,2009-03-06,01:20:00 PM,13:20:00,Hot-Wet,2009-03-06 13:20:00,3
15.32262878,-19.17469482,LA6,2009-03-06,01:40:00 PM,13:40:00,Hot-Wet,2009-03-06 13:40:00,3
15.33014832,-19.17381592,LA6,2009-03-06,02:00:00 PM,14:00:00,Hot-Wet,2009-03-06 14:00:00,3
15.33276164,-19.17404785,LA6,2009-03-06,02:20:00 PM,14:20:00,Hot-Wet,2009-03-06 14:20:00,3
15.3383138,-19.17594604,LA6,2009-03-06,02:40:00 PM,14:40:00,Hot-Wet,2009-03-06 14:40:00,3
15.33954875,-19.17779134,LA6,2009-03-06,03:00:00 PM,15:00:00,Hot-Wet,2009-03-06 15:00:00,3
15.33980611,-19.17875366,LA6,2009-03-06,03:20:00 PM,15:20:00,Hot-Wet,2009-03-06 15:20:00,3
15.34223226,-19.17968953,LA6,2009-03-06,03:40:00 PM,15:40:00,Hot-Wet,2009-03-06 15:40:00,3
15.34523315,-19.17901815,LA6,2009-03-06,04:00:00 PM,16:00:00,Hot-Wet,2009-03-06 16:00:00,3
15.34781596,-19.17972412,LA6,2009-03-06,04:20:00 PM,16:20:00,Hot-Wet,2009-03-06 16:20:00,3
15.35168457,-19.18028361,LA6,2009-03-06,04:40:00 PM,16:40:00,Hot-Wet,2009-03-06 16:40:00,3
15.35332845,-19.17820028,LA6,2009-03-06,05:01:00 PM,17:01:00,Hot-Wet,2009-03-06 17:01:00,3
15.35387878,-19.17820841,LA6,2009-03-06,05:20:00 PM,17:20:00,Hot-Wet,2009-03-06 17:20:00,3
15.35541077,-19.18053385,LA6,2009-03-06,05:40:00 PM,17:40:00,Hot-Wet,2009-03-06 17:40:00,3
15.35776469,-19.18147583,LA6,2009-03-06,06:00:00 PM,18:00:00,Hot-Wet,2009-03-06 18:00:00,3
15.3577301,-19.18165894,LA6,2009-03-06,06:20:00 PM,18:20:00,Hot-Wet,2009-03-06 18:20:00,3
15.35689901,-19.17949015,LA6,2009-03-06,06:40:00 PM,18:40:00,Hot-Wet,2009-03-06 18:40:00,3
15.35623271,-19.17898763,LA6,2009-03-06,07:00:00 PM,19:00:00,Hot-Wet,2009-03-06 19:00:00,3
15.35627035,-19.17898153,LA6,2009-03-06,07:20:00 PM,19:20:00,Hot-Wet,2009-03-06 19:20:00,3
15.35632426,-19.17753906,LA6,2009-03-06,07:40:00 PM,19:40:00,Hot-Wet,2009-03-06 19:40:00,3
15.35856323,-19.1709554,LA6,2009-03-06,08:00:00 PM,20:00:00,Hot-Wet,2009-03-06 20:00:00,3
15.35831197,-19.17105306,LA6,2009-03-06,08:20:00 PM,20:20:00,Hot-Wet,2009-03-06 20:20:00,3
15.35832621,-19.17105713,LA6,2009-03-06,08:40:00 PM,20:40:00,Hot-Wet,2009-03-06 20:40:00,3
15.35864258,-19.17090047,LA6,2009-03-06,09:00:00 PM,21:00:00,Hot-Wet,2009-03-06 21:00:00,3
15.35869649,-19.17085775,LA6,2009-03-06,09:20:00 PM,21:20:00,Hot-Wet,2009-03-06 21:20:00,3
15.35842489,-19.17170207,LA6,2009-03-06,09:40:00 PM,21:40:00,Hot-Wet,2009-03-06 21:40:00,3
15.35682475,-19.17149862,LA6,2009-03-06,10:00:00 PM,22:00:00,Hot-Wet,2009-03-06 22:00:00,3
15.35655314,-19.17133179,LA6,2009-03-06,10:20:00 PM,22:20:00,Hot-Wet,2009-03-06 22:20:00,3
15.35625407,-19.17147827,LA6,2009-03-06,10:40:00 PM,22:40:00,Hot-Wet,2009-03-06 22:40:00,3
15.35540975,-19.17331543,LA6,2009-03-06,11:00:00 PM,23:00:00,Hot-Wet,2009-03-06 23:00:00,3
15.35438131,-19.17479248,LA6,2009-03-06,11:20:00 PM,23:20:00,Hot-Wet,2009-03-06 23:20:00,3
15.35184123,-19.17858276,LA6,2009-03-06,11:40:00 PM,23:40:00,Hot-Wet,2009-03-06 23:40:00,3
15.35175273,-19.17952271,LA6,2009-03-07,12:00:00 AM,00:00:00,Hot-Wet,2009-03-07 00:00:00,3
15.35139974,-19.18006999,LA6,2009-03-07,12:20:00 AM,00:20:00,Hot-Wet,2009-03-07 00:20:00,3
15.35140788,-19.18008016,LA6,2009-03-07,12:40:00 AM,00:40:00,Hot-Wet,2009-03-07 00:40:00,3
15.35113525,-19.17891642,LA6,2009-03-07,01:00:00 AM,01:00:00,Hot-Wet,2009-03-07 01:00:00,3
15.35113322,-19.17894287,LA6,2009-03-07,01:20:00 AM,01:20:00,Hot-Wet,2009-03-07 01:20:00,3
15.35150452,-19.17801107,LA6,2009-03-07,01:40:00 AM,01:40:00,Hot-Wet,2009-03-07 01:40:00,3
15.35151469,-19.17802531,LA6,2009-03-07,02:00:00 AM,02:00:00,Hot-Wet,2009-03-07 02:00:00,3
15.35150553,-19.17796631,LA6,2009-03-07,02:20:00 AM,02:20:00,Hot-Wet,2009-03-07 02:20:00,3
15.35142619,-19.17840169,LA6,2009-03-07,02:40:00 AM,02:40:00,Hot-Wet,2009-03-07 02:40:00,3
15.35141907,-19.17841593,LA6,2009-03-07,03:00:00 AM,03:00:00,Hot-Wet,2009-03-07 03:00:00,3
15.35141805,-19.17841187,LA6,2009-03-07,03:20:00 AM,03:20:00,Hot-Wet,2009-03-07 03:20:00,3
15.35161947,-19.18035278,LA6,2009-03-07,03:40:00 AM,03:40:00,Hot-Wet,2009-03-07 03:40:00,3
15.35158691,-19.18024089,LA6,2009-03-07,04:00:00 AM,04:00:00,Hot-Wet,2009-03-07 04:00:00,3
15.3515859,-19.18024902,LA6,2009-03-07,04:20:00 AM,04:20:00,Hot-Wet,2009-03-07 04:20:00,3
15.35147502,-19.18039144,LA6,2009-03-07,04:40:00 AM,04:40:00,Hot-Wet,2009-03-07 04:40:00,3
15.34766541,-19.1794637,LA6,2009-03-07,05:00:00 AM,05:00:00,Hot-Wet,2009-03-07 05:00:00,3
15.34453023,-19.17855835,LA6,2009-03-07,05:20:00 AM,05:20:00,Hot-Wet,2009-03-07 05:20:00,3
15.34377136,-19.17810262,LA6,2009-03-07,05:40:00 AM,05:40:00,Hot-Wet,2009-03-07 05:40:00,3
15.34281616,-19.17697957,LA6,2009-03-07,06:00:00 AM,06:00:00,Hot-Wet,2009-03-07 06:00:00,3
15.34192403,-19.17559001,LA6,2009-03-07,06:20:00 AM,06:20:00,Hot-Wet,2009-03-07 06:20:00,3
15.34117228,-19.17415975,LA6,2009-03-07,06:41:00 AM,06:41:00,Hot-Wet,2009-03-07 06:41:00,3
15.339387,-19.17526652,LA6,2009-03-07,07:00:00 AM,07:00:00,Hot-Wet,2009-03-07 07:00:00,3
15.3380778,-19.17456258,LA6,2009-03-07,07:20:00 AM,07:20:00,Hot-Wet,2009-03-07 07:20:00,3
15.33739319,-19.17448527,LA6,2009-03-07,07:40:00 AM,07:40:00,Hot-Wet,2009-03-07 07:40:00,3
15.33659973,-19.17420044,LA6,2009-03-07,08:00:00 AM,08:00:00,Hot-Wet,2009-03-07 08:00:00,3
15.33435974,-19.1737793,LA6,2009-03-07,08:20:00 AM,08:20:00,Hot-Wet,2009-03-07 08:20:00,3
15.33436788,-19.17379761,LA6,2009-03-07,08:40:00 AM,08:40:00,Hot-Wet,2009-03-07 08:40:00,3
15.33444417,-19.17310181,LA6,2009-03-07,09:00:00 AM,09:00:00,Hot-Wet,2009-03-07 09:00:00,3
15.33448486,-19.17014567,LA6,2009-03-07,09:20:00 AM,09:20:00,Hot-Wet,2009-03-07 09:20:00,3
15.33493551,-19.16633097,LA6,2009-03-07,09:40:00 AM,09:40:00,Hot-Wet,2009-03-07 09:40:00,3
15.33562012,-19.16318766,LA6,2009-03-07,10:00:00 AM,10:00:00,Hot-Wet,2009-03-07 10:00:00,3
15.33562012,-19.16318766,LA6,2009-03-07,10:20:00 AM,10:20:00,Hot-Wet,2009-03-07 10:20:00,3
15.33561096,-19.16315918,LA6,2009-03-07,10:40:00 AM,10:40:00,Hot-Wet,2009-03-07 10:40:00,3
15.33560384,-19.16316121,LA6,2009-03-07,11:00:00 AM,11:00:00,Hot-Wet,2009-03-07 11:00:00,3
15.33042908,-19.16264852,LA6,2009-03-07,11:20:00 AM,11:20:00,Hot-Wet,2009-03-07 11:20:00,3
15.32437948,-19.16334229,LA6,2009-03-07,11:40:00 AM,11:40:00,Hot-Wet,2009-03-07 11:40:00,3
15.32389119,-19.16753133,LA6,2009-03-07,12:00:00 PM,12:00:00,Hot-Wet,2009-03-07 12:00:00,3
15.32268575,-19.17016195,LA6,2009-03-07,12:20:00 PM,12:20:00,Hot-Wet,2009-03-07 12:20:00,3
15.32131856,-19.17054647,LA6,2009-03-07,12:40:00 PM,12:40:00,Hot-Wet,2009-03-07 12:40:00,3
15.3213328,-19.17054443,LA6,2009-03-07,01:00:00 PM,13:00:00,Hot-Wet,2009-03-07 13:00:00,3
15.32036743,-19.16938883,LA6,2009-03-07,01:20:00 PM,13:20:00,Hot-Wet,2009-03-07 13:20:00,3
15.31800334,-19.16728516,LA6,2009-03-07,01:40:00 PM,13:40:00,Hot-Wet,2009-03-07 13:40:00,3
15.31720988,-19.16571248,LA6,2009-03-07,02:00:00 PM,14:00:00,Hot-Wet,2009-03-07 14:00:00,3
15.31325887,-19.16663615,LA6,2009-03-07,02:20:00 PM,14:20:00,Hot-Wet,2009-03-07 14:20:00,3
15.31196594,-19.16456909,LA6,2009-03-07,02:40:00 PM,14:40:00,Hot-Wet,2009-03-07 14:40:00,3
15.31196798,-19.16457316,LA6,2009-03-07,03:00:00 PM,15:00:00,Hot-Wet,2009-03-07 15:00:00,3
15.31562805,-19.16374105,LA6,2009-03-07,03:20:00 PM,15:20:00,Hot-Wet,2009-03-07 15:20:00,3
15.31789042,-19.16265055,LA6,2009-03-07,03:40:00 PM,15:40:00,Hot-Wet,2009-03-07 15:40:00,3
15.31864726,-19.16805623,LA6,2009-03-07,04:00:00 PM,16:00:00,Hot-Wet,2009-03-07 16:00:00,3
15.31947327,-19.17098796,LA6,2009-03-07,04:20:00 PM,16:20:00,Hot-Wet,2009-03-07 16:20:00,3
15.32098796,-19.17324219,LA6,2009-03-07,04:40:00 PM,16:40:00,Hot-Wet,2009-03-07 16:40:00,3
15.32166545,-19.17913818,LA6,2009-03-07,05:00:00 PM,17:00:00,Hot-Wet,2009-03-07 17:00:00,3
15.32252096,-19.18388672,LA6,2009-03-07,05:20:00 PM,17:20:00,Hot-Wet,2009-03-07 17:20:00,3
15.318396,-19.19067383,LA6,2009-03-07,05:40:00 PM,17:40:00,Hot-Wet,2009-03-07 17:40:00,3
15.31621602,-19.19108683,LA6,2009-03-07,06:00:00 PM,18:00:00,Hot-Wet,2009-03-07 18:00:00,3
15.31439209,-19.19163005,LA6,2009-03-07,06:20:00 PM,18:20:00,Hot-Wet,2009-03-07 18:20:00,3
15.31276754,-19.1926473,LA6,2009-03-07,06:40:00 PM,18:40:00,Hot-Wet,2009-03-07 18:40:00,3
15.30891927,-19.19365031,LA6,2009-03-07,07:00:00 PM,19:00:00,Hot-Wet,2009-03-07 19:00:00,3
15.30617676,-19.19320679,LA6,2009-03-07,07:20:00 PM,19:20:00,Hot-Wet,2009-03-07 19:20:00,3
15.30489604,-19.19372355,LA6,2009-03-07,07:40:00 PM,19:40:00,Hot-Wet,2009-03-07 19:40:00,3
15.30427144,-19.19463704,LA6,2009-03-07,08:00:00 PM,20:00:00,Hot-Wet,2009-03-07 20:00:00,3
15.30104675,-19.19432373,LA6,2009-03-07,08:20:00 PM,20:20:00,Hot-Wet,2009-03-07 20:20:00,3
15.2999644,-19.1944458,LA6,2009-03-07,08:40:00 PM,20:40:00,Hot-Wet,2009-03-07 20:40:00,3
15.29996948,-19.1944987,LA6,2009-03-07,09:00:00 PM,21:00:00,Hot-Wet,2009-03-07 21:00:00,3
15.29884949,-19.19465332,LA6,2009-03-07,09:20:00 PM,21:20:00,Hot-Wet,2009-03-07 21:20:00,3
15.29865824,-19.19468994,LA6,2009-03-07,09:40:00 PM,21:40:00,Hot-Wet,2009-03-07 21:40:00,3
15.29788717,-19.19435425,LA6,2009-03-07,10:00:00 PM,22:00:00,Hot-Wet,2009-03-07 22:00:00,3
15.29787496,-19.19435018,LA6,2009-03-07,10:20:00 PM,22:20:00,Hot-Wet,2009-03-07 22:20:00,3
15.29788717,-19.19432373,LA6,2009-03-07,10:40:00 PM,22:40:00,Hot-Wet,2009-03-07 22:40:00,3
15.29791565,-19.1943278,LA6,2009-03-07,11:00:00 PM,23:00:00,Hot-Wet,2009-03-07 23:00:00,3
15.29793498,-19.19427083,LA6,2009-03-07,11:20:00 PM,23:20:00,Hot-Wet,2009-03-07 23:20:00,3
15.29756165,-19.1936259,LA6,2009-03-07,11:40:00 PM,23:40:00,Hot-Wet,2009-03-07 23:40:00,3
15.29741211,-19.19341227,LA6,2009-03-08,12:00:00 AM,00:00:00,Hot-Wet,2009-03-08 00:00:00,3
15.29743754,-19.19343872,LA6,2009-03-08,12:20:00 AM,00:20:00,Hot-Wet,2009-03-08 00:20:00,3
15.29760234,-19.19340617,LA6,2009-03-08,12:40:00 AM,00:40:00,Hot-Wet,2009-03-08 00:40:00,3
15.29761149,-19.19342244,LA6,2009-03-08,01:00:00 AM,01:00:00,Hot-Wet,2009-03-08 01:00:00,3
15.29766744,-19.19346924,LA6,2009-03-08,01:20:00 AM,01:20:00,Hot-Wet,2009-03-08 01:20:00,3
15.29766744,-19.19349569,LA6,2009-03-08,01:41:00 AM,01:41:00,Hot-Wet,2009-03-08 01:41:00,3
15.29772135,-19.19357503,LA6,2009-03-08,02:00:00 AM,02:00:00,Hot-Wet,2009-03-08 02:00:00,3
15.29769592,-19.19354248,LA6,2009-03-08,02:20:00 AM,02:20:00,Hot-Wet,2009-03-08 02:20:00,3
15.29765422,-19.19347534,LA6,2009-03-08,02:40:00 AM,02:40:00,Hot-Wet,2009-03-08 02:40:00,3
15.29764303,-19.19347941,LA6,2009-03-08,03:00:00 AM,03:00:00,Hot-Wet,2009-03-08 03:00:00,3
15.29764913,-19.19347331,LA6,2009-03-08,03:20:00 AM,03:20:00,Hot-Wet,2009-03-08 03:20:00,3
15.29766032,-19.19345703,LA6,2009-03-08,03:40:00 AM,03:40:00,Hot-Wet,2009-03-08 03:40:00,3
15.29764506,-19.19347331,LA6,2009-03-08,04:00:00 AM,04:00:00,Hot-Wet,2009-03-08 04:00:00,3
15.2976298,-19.19341431,LA6,2009-03-08,04:20:00 AM,04:20:00,Hot-Wet,2009-03-08 04:20:00,3
15.29762268,-19.19342041,LA6,2009-03-08,04:40:00 AM,04:40:00,Hot-Wet,2009-03-08 04:40:00,3
15.29656372,-19.19289958,LA6,2009-03-08,05:00:00 AM,05:00:00,Hot-Wet,2009-03-08 05:00:00,3
15.29651896,-19.19160156,LA6,2009-03-08,05:20:00 AM,05:20:00,Hot-Wet,2009-03-08 05:20:00,3
15.29588928,-19.19042155,LA6,2009-03-08,05:40:00 AM,05:40:00,Hot-Wet,2009-03-08 05:40:00,3
15.2945109,-19.19045817,LA6,2009-03-08,06:00:00 AM,06:00:00,Hot-Wet,2009-03-08 06:00:00,3
15.29452922,-19.19046834,LA6,2009-03-08,06:20:00 AM,06:20:00,Hot-Wet,2009-03-08 06:20:00,3
15.29482625,-19.18922729,LA6,2009-03-08,06:41:00 AM,06:41:00,Hot-Wet,2009-03-08 06:41:00,3
15.29594421,-19.18798828,LA6,2009-03-08,07:00:00 AM,07:00:00,Hot-Wet,2009-03-08 07:00:00,3
15.29658813,-19.18262126,LA6,2009-03-08,07:20:00 AM,07:20:00,Hot-Wet,2009-03-08 07:20:00,3
15.29645284,-19.17909546,LA6,2009-03-08,07:40:00 AM,07:40:00,Hot-Wet,2009-03-08 07:40:00,3
15.29582723,-19.17664998,LA6,2009-03-08,08:00:00 AM,08:00:00,Hot-Wet,2009-03-08 08:00:00,3
15.29561768,-19.17374064,LA6,2009-03-08,08:20:00 AM,08:20:00,Hot-Wet,2009-03-08 08:20:00,3
15.29258219,-19.17042847,LA6,2009-03-08,08:40:00 AM,08:40:00,Hot-Wet,2009-03-08 08:40:00,3
15.28839722,-19.16784871,LA6,2009-03-08,09:00:00 AM,09:00:00,Hot-Wet,2009-03-08 09:00:00,3
15.28336487,-19.16596273,LA6,2009-03-08,09:20:00 AM,09:20:00,Hot-Wet,2009-03-08 09:20:00,3
15.27792562,-19.1638855,LA6,2009-03-08,09:40:00 AM,09:40:00,Hot-Wet,2009-03-08 09:40:00,3
15.27593892,-19.16262817,LA6,2009-03-08,10:00:00 AM,10:00:00,Hot-Wet,2009-03-08 10:00:00,3
15.27343547,-19.16314087,LA6,2009-03-08,10:20:00 AM,10:20:00,Hot-Wet,2009-03-08 10:20:00,3
15.27295837,-19.16316732,LA6,2009-03-08,10:40:00 AM,10:40:00,Hot-Wet,2009-03-08 10:40:00,3
15.27161662,-19.16281738,LA6,2009-03-08,11:00:00 AM,11:00:00,Hot-Wet,2009-03-08 11:00:00,3
15.27148031,-19.16296794,LA6,2009-03-08,11:20:00 AM,11:20:00,Hot-Wet,2009-03-08 11:20:00,3
15.2708903,-19.16305542,LA6,2009-03-08,11:40:00 AM,11:40:00,Hot-Wet,2009-03-08 11:40:00,3
15.27099813,-19.16332804,LA6,2009-03-08,12:00:00 PM,12:00:00,Hot-Wet,2009-03-08 12:00:00,3
15.27058309,-19.16344198,LA6,2009-03-08,12:20:00 PM,12:20:00,Hot-Wet,2009-03-08 12:20:00,3
15.26958211,-19.1638326,LA6,2009-03-08,12:40:00 PM,12:40:00,Hot-Wet,2009-03-08 12:40:00,3
15.26781006,-19.16435954,LA6,2009-03-08,01:00:00 PM,13:00:00,Hot-Wet,2009-03-08 13:00:00,3
15.26580098,-19.16527913,LA6,2009-03-08,01:20:00 PM,13:20:00,Hot-Wet,2009-03-08 13:20:00,3
15.26467285,-19.16539307,LA6,2009-03-08,01:40:00 PM,13:40:00,Hot-Wet,2009-03-08 13:40:00,3
15.26192729,-19.16472982,LA6,2009-03-08,02:00:00 PM,14:00:00,Hot-Wet,2009-03-08 14:00:00,3
15.26190491,-19.16472982,LA6,2009-03-08,02:20:00 PM,14:20:00,Hot-Wet,2009-03-08 14:20:00,3
15.25986226,-19.168337,LA6,2009-03-08,02:40:00 PM,14:40:00,Hot-Wet,2009-03-08 14:40:00,3
15.25311381,-19.17485148,LA6,2009-03-08,03:00:00 PM,15:00:00,Hot-Wet,2009-03-08 15:00:00,3
15.24826762,-19.17609456,LA6,2009-03-08,03:20:00 PM,15:20:00,Hot-Wet,2009-03-08 15:20:00,3
15.24896342,-19.18009237,LA6,2009-03-08,03:40:00 PM,15:40:00,Hot-Wet,2009-03-08 15:40:00,3
15.25042419,-19.18697103,LA6,2009-03-08,04:00:00 PM,16:00:00,Hot-Wet,2009-03-08 16:00:00,3
15.25552368,-19.1897644,LA6,2009-03-08,04:20:00 PM,16:20:00,Hot-Wet,2009-03-08 16:20:00,3
15.259729,-19.19584554,LA6,2009-03-08,04:40:00 PM,16:40:00,Hot-Wet,2009-03-08 16:40:00,3
15.26153361,-19.19887492,LA6,2009-03-08,05:00:00 PM,17:00:00,Hot-Wet,2009-03-08 17:00:00,3
15.26323547,-19.20129395,LA6,2009-03-08,05:20:00 PM,17:20:00,Hot-Wet,2009-03-08 17:20:00,3
15.26541951,-19.20225423,LA6,2009-03-08,05:40:00 PM,17:40:00,Hot-Wet,2009-03-08 17:40:00,3
15.26521098,-19.20510864,LA6,2009-03-08,06:00:00 PM,18:00:00,Hot-Wet,2009-03-08 18:00:00,3
15.26357015,-19.20668538,LA6,2009-03-08,06:20:00 PM,18:20:00,Hot-Wet,2009-03-08 18:20:00,3
15.26183777,-19.20599976,LA6,2009-03-08,06:40:00 PM,18:40:00,Hot-Wet,2009-03-08 18:40:00,3
15.26284587,-19.20586141,LA6,2009-03-08,07:00:00 PM,19:00:00,Hot-Wet,2009-03-08 19:00:00,3
15.26185913,-19.20476278,LA6,2009-03-08,07:20:00 PM,19:20:00,Hot-Wet,2009-03-08 19:20:00,3
15.26069438,-19.20353394,LA6,2009-03-08,07:40:00 PM,19:40:00,Hot-Wet,2009-03-08 19:40:00,3
15.26110331,-19.20268758,LA6,2009-03-08,08:00:00 PM,20:00:00,Hot-Wet,2009-03-08 20:00:00,3
15.26011861,-19.20265706,LA6,2009-03-08,08:20:00 PM,20:20:00,Hot-Wet,2009-03-08 20:20:00,3
15.259434,-19.20311279,LA6,2009-03-08,08:40:00 PM,20:40:00,Hot-Wet,2009-03-08 20:40:00,3
15.25786641,-19.20341187,LA6,2009-03-08,09:00:00 PM,21:00:00,Hot-Wet,2009-03-08 21:00:00,3
15.25802205,-19.20391439,LA6,2009-03-08,09:20:00 PM,21:20:00,Hot-Wet,2009-03-08 21:20:00,3
15.25630086,-19.20455119,LA6,2009-03-08,09:40:00 PM,21:40:00,Hot-Wet,2009-03-08 21:40:00,3
15.25504252,-19.20640055,LA6,2009-03-08,10:00:00 PM,22:00:00,Hot-Wet,2009-03-08 22:00:00,3
15.25335897,-19.20725098,LA6,2009-03-08,10:20:00 PM,22:20:00,Hot-Wet,2009-03-08 22:20:00,3
15.25292155,-19.2075765,LA6,2009-03-08,10:40:00 PM,22:40:00,Hot-Wet,2009-03-08 22:40:00,3
15.25187073,-19.20761922,LA6,2009-03-08,11:00:00 PM,23:00:00,Hot-Wet,2009-03-08 23:00:00,3
15.25021261,-19.20848999,LA6,2009-03-08,11:20:00 PM,23:20:00,Hot-Wet,2009-03-08 23:20:00,3
15.2494873,-19.20932414,LA6,2009-03-08,11:40:00 PM,23:40:00,Hot-Wet,2009-03-08 23:40:00,3
15.24937439,-19.20912272,LA6,2009-03-09,12:00:00 AM,00:00:00,Hot-Wet,2009-03-09 00:00:00,3
15.24937032,-19.20912679,LA6,2009-03-09,12:20:00 AM,00:20:00,Hot-Wet,2009-03-09 00:20:00,3
15.24936829,-19.20913493,LA6,2009-03-09,12:40:00 AM,00:40:00,Hot-Wet,2009-03-09 00:40:00,3
15.24936625,-19.20913696,LA6,2009-03-09,01:00:00 AM,01:00:00,Hot-Wet,2009-03-09 01:00:00,3
15.24943237,-19.20899862,LA6,2009-03-09,01:20:00 AM,01:20:00,Hot-Wet,2009-03-09 01:20:00,3
15.24943237,-19.20899048,LA6,2009-03-09,01:41:00 AM,01:41:00,Hot-Wet,2009-03-09 01:41:00,3
15.2494456,-19.20893758,LA6,2009-03-09,02:00:00 AM,02:00:00,Hot-Wet,2009-03-09 02:00:00,3
15.24947306,-19.20892741,LA6,2009-03-09,02:20:00 AM,02:20:00,Hot-Wet,2009-03-09 02:20:00,3
15.24944865,-19.20892741,LA6,2009-03-09,02:40:00 AM,02:40:00,Hot-Wet,2009-03-09 02:40:00,3
15.24946391,-19.20874023,LA6,2009-03-09,03:00:00 AM,03:00:00,Hot-Wet,2009-03-09 03:00:00,3
15.2494517,-19.20875041,LA6,2009-03-09,03:20:00 AM,03:20:00,Hot-Wet,2009-03-09 03:20:00,3
15.24946696,-19.20873006,LA6,2009-03-09,03:40:00 AM,03:40:00,Hot-Wet,2009-03-09 03:40:00,3
15.24947408,-19.2087443,LA6,2009-03-09,04:00:00 AM,04:00:00,Hot-Wet,2009-03-09 04:00:00,3
15.24903056,-19.20873413,LA6,2009-03-09,04:20:00 AM,04:20:00,Hot-Wet,2009-03-09 04:20:00,3
15.24883931,-19.20854492,LA6,2009-03-09,04:40:00 AM,04:40:00,Hot-Wet,2009-03-09 04:40:00,3
15.24880473,-19.20709229,LA6,2009-03-09,05:00:00 AM,05:00:00,Hot-Wet,2009-03-09 05:00:00,3
15.24777832,-19.2062439,LA6,2009-03-09,05:20:00 AM,05:20:00,Hot-Wet,2009-03-09 05:20:00,3
15.24658712,-19.20305583,LA6,2009-03-09,05:40:00 AM,05:40:00,Hot-Wet,2009-03-09 05:40:00,3
15.24504395,-19.2006307,LA6,2009-03-09,06:00:00 AM,06:00:00,Hot-Wet,2009-03-09 06:00:00,3
15.2403127,-19.19684448,LA6,2009-03-09,06:20:00 AM,06:20:00,Hot-Wet,2009-03-09 06:20:00,3
15.23703512,-19.18915202,LA6,2009-03-09,06:40:00 AM,06:40:00,Hot-Wet,2009-03-09 06:40:00,3
15.23325094,-19.18347575,LA6,2009-03-09,07:00:00 AM,07:00:00,Hot-Wet,2009-03-09 07:00:00,3
15.2325002,-19.1744222,LA6,2009-03-09,07:20:00 AM,07:20:00,Hot-Wet,2009-03-09 07:20:00,3
15.22373352,-19.17046102,LA6,2009-03-09,07:40:00 AM,07:40:00,Hot-Wet,2009-03-09 07:40:00,3
15.21914775,-19.16438599,LA6,2009-03-09,08:00:00 AM,08:00:00,Hot-Wet,2009-03-09 08:00:00,3
15.21439921,-19.16129964,LA6,2009-03-09,08:20:00 AM,08:20:00,Hot-Wet,2009-03-09 08:20:00,3
15.21203613,-19.1540446,LA6,2009-03-09,08:40:00 AM,08:40:00,Hot-Wet,2009-03-09 08:40:00,3
15.2061554,-19.15028687,LA6,2009-03-09,09:00:00 AM,09:00:00,Hot-Wet,2009-03-09 09:00:00,3
15.20171916,-19.14931437,LA6,2009-03-09,09:20:00 AM,09:20:00,Hot-Wet,2009-03-09 09:20:00,3
15.20206401,-19.14957886,LA6,2009-03-09,09:40:00 AM,09:40:00,Hot-Wet,2009-03-09 09:40:00,3
15.20169474,-19.1506368,LA6,2009-03-09,10:00:00 AM,10:00:00,Hot-Wet,2009-03-09 10:00:00,3
15.19851888,-19.15113118,LA6,2009-03-09,10:20:00 AM,10:20:00,Hot-Wet,2009-03-09 10:20:00,3
15.19702047,-19.15194499,LA6,2009-03-09,10:40:00 AM,10:40:00,Hot-Wet,2009-03-09 10:40:00,3
15.19700317,-19.1520223,LA6,2009-03-09,11:00:00 AM,11:00:00,Hot-Wet,2009-03-09 11:00:00,3
15.19700317,-19.15201619,LA6,2009-03-09,11:20:00 AM,11:20:00,Hot-Wet,2009-03-09 11:20:00,3
15.19583537,-19.15328166,LA6,2009-03-09,11:40:00 AM,11:40:00,Hot-Wet,2009-03-09 11:40:00,3
15.19514262,-19.15362956,LA6,2009-03-09,12:00:00 PM,12:00:00,Hot-Wet,2009-03-09 12:00:00,3
15.19512431,-19.15362956,LA6,2009-03-09,12:20:00 PM,12:20:00,Hot-Wet,2009-03-09 12:20:00,3
15.19512329,-19.15363566,LA6,2009-03-09,12:40:00 PM,12:40:00,Hot-Wet,2009-03-09 12:40:00,3
15.19494527,-19.15463867,LA6,2009-03-09,01:00:00 PM,13:00:00,Hot-Wet,2009-03-09 13:00:00,3
15.1965037,-19.15739543,LA6,2009-03-09,01:20:00 PM,13:20:00,Hot-Wet,2009-03-09 13:20:00,3
15.19651082,-19.15740763,LA6,2009-03-09,01:40:00 PM,13:40:00,Hot-Wet,2009-03-09 13:40:00,3
15.2,-19.16085815,LA6,2009-03-09,02:00:00 PM,14:00:00,Hot-Wet,2009-03-09 14:00:00,3
15.19948832,-19.16556803,LA6,2009-03-09,02:20:00 PM,14:20:00,Hot-Wet,2009-03-09 14:20:00,3
15.19948934,-19.165566,LA6,2009-03-09,02:40:00 PM,14:40:00,Hot-Wet,2009-03-09 14:40:00,3
15.20183614,-19.1730957,LA6,2009-03-09,03:00:00 PM,15:00:00,Hot-Wet,2009-03-09 15:00:00,3
15.2046051,-19.17678426,LA6,2009-03-09,03:20:00 PM,15:20:00,Hot-Wet,2009-03-09 15:20:00,3
15.20742696,-19.18343913,LA6,2009-03-09,03:40:00 PM,15:40:00,Hot-Wet,2009-03-09 15:40:00,3
15.21020711,-19.18521932,LA6,2009-03-09,04:00:00 PM,16:00:00,Hot-Wet,2009-03-09 16:00:00,3
15.21282857,-19.18677368,LA6,2009-03-09,04:20:00 PM,16:20:00,Hot-Wet,2009-03-09 16:20:00,3
15.21579285,-19.19582113,LA6,2009-03-09,04:40:00 PM,16:40:00,Hot-Wet,2009-03-09 16:40:00,3
15.21580607,-19.19577026,LA6,2009-03-09,05:00:00 PM,17:00:00,Hot-Wet,2009-03-09 17:00:00,3
15.21794128,-19.20024211,LA6,2009-03-09,05:20:00 PM,17:20:00,Hot-Wet,2009-03-09 17:20:00,3
15.22367655,-19.20339152,LA6,2009-03-09,05:40:00 PM,17:40:00,Hot-Wet,2009-03-09 17:40:00,3
15.22844137,-19.20594482,LA6,2009-03-09,06:00:00 PM,18:00:00,Hot-Wet,2009-03-09 18:00:00,3
15.22844543,-19.20594482,LA6,2009-03-09,06:20:00 PM,18:20:00,Hot-Wet,2009-03-09 18:20:00,3
15.22955627,-19.20870361,LA6,2009-03-09,06:40:00 PM,18:40:00,Hot-Wet,2009-03-09 18:40:00,3
15.23399048,-19.21217855,LA6,2009-03-09,07:00:00 PM,19:00:00,Hot-Wet,2009-03-09 19:00:00,3
15.23648275,-19.21268107,LA6,2009-03-09,07:20:00 PM,19:20:00,Hot-Wet,2009-03-09 19:20:00,3
15.23976847,-19.21184692,LA6,2009-03-09,07:40:00 PM,19:40:00,Hot-Wet,2009-03-09 19:40:00,3
15.24198812,-19.21066284,LA6,2009-03-09,08:00:00 PM,20:00:00,Hot-Wet,2009-03-09 20:00:00,3
15.2492686,-19.21073812,LA6,2009-03-09,08:20:00 PM,20:20:00,Hot-Wet,2009-03-09 20:20:00,3
15.24927063,-19.21074626,LA6,2009-03-09,08:40:00 PM,20:40:00,Hot-Wet,2009-03-09 20:40:00,3
15.25586751,-19.20861816,LA6,2009-03-09,09:00:00 PM,21:00:00,Hot-Wet,2009-03-09 21:00:00,3
15.25967204,-19.20654297,LA6,2009-03-09,09:20:00 PM,21:20:00,Hot-Wet,2009-03-09 21:20:00,3
15.26176758,-19.2049174,LA6,2009-03-09,09:40:00 PM,21:40:00,Hot-Wet,2009-03-09 21:40:00,3
15.26452332,-19.20245361,LA6,2009-03-09,10:00:00 PM,22:00:00,Hot-Wet,2009-03-09 22:00:00,3
15.26949768,-19.20280355,LA6,2009-03-09,10:20:00 PM,22:20:00,Hot-Wet,2009-03-09 22:20:00,3
15.27210388,-19.20304159,LA6,2009-03-09,10:40:00 PM,22:40:00,Hot-Wet,2009-03-09 22:40:00,3
15.27550659,-19.2004069,LA6,2009-03-09,11:00:00 PM,23:00:00,Hot-Wet,2009-03-09 23:00:00,3
15.27644246,-19.19737142,LA6,2009-03-09,11:20:00 PM,23:20:00,Hot-Wet,2009-03-09 23:20:00,3
15.27626038,-19.19739583,LA6,2009-03-09,11:40:00 PM,23:40:00,Hot-Wet,2009-03-09 23:40:00,3
15.27627055,-19.19739583,LA6,2009-03-10,12:00:00 AM,00:00:00,Hot-Wet,2009-03-10 00:00:00,3
15.27633464,-19.19742839,LA6,2009-03-10,12:20:00 AM,00:20:00,Hot-Wet,2009-03-10 00:20:00,3
15.27636007,-19.19743042,LA6,2009-03-10,12:40:00 AM,00:40:00,Hot-Wet,2009-03-10 00:40:00,3
15.2761912,-19.19724528,LA6,2009-03-10,01:00:00 AM,01:00:00,Hot-Wet,2009-03-10 01:00:00,3
15.27620951,-19.19723307,LA6,2009-03-10,01:20:00 AM,01:20:00,Hot-Wet,2009-03-10 01:20:00,3
15.27617594,-19.19722697,LA6,2009-03-10,01:40:00 AM,01:40:00,Hot-Wet,2009-03-10 01:40:00,3
15.27619731,-19.19723307,LA6,2009-03-10,02:00:00 AM,02:00:00,Hot-Wet,2009-03-10 02:00:00,3
15.27624207,-19.19721883,LA6,2009-03-10,02:20:00 AM,02:20:00,Hot-Wet,2009-03-10 02:20:00,3
15.27622681,-19.19722697,LA6,2009-03-10,02:40:00 AM,02:40:00,Hot-Wet,2009-03-10 02:40:00,3
15.27629903,-19.19720662,LA6,2009-03-10,03:00:00 AM,03:00:00,Hot-Wet,2009-03-10 03:00:00,3
15.2764679,-19.19601644,LA6,2009-03-10,03:20:00 AM,03:20:00,Hot-Wet,2009-03-10 03:20:00,3
15.27685038,-19.19574788,LA6,2009-03-10,03:40:00 AM,03:40:00,Hot-Wet,2009-03-10 03:40:00,3
15.27686666,-19.19572754,LA6,2009-03-10,04:00:00 AM,04:00:00,Hot-Wet,2009-03-10 04:00:00,3
15.27682088,-19.19563395,LA6,2009-03-10,04:20:00 AM,04:20:00,Hot-Wet,2009-03-10 04:20:00,3
15.27682088,-19.19562988,LA6,2009-03-10,04:40:00 AM,04:40:00,Hot-Wet,2009-03-10 04:40:00,3
15.2769928,-19.19484863,LA6,2009-03-10,05:00:00 AM,05:00:00,Hot-Wet,2009-03-10 05:00:00,3
15.27275594,-19.18762207,LA6,2009-03-10,05:20:00 AM,05:20:00,Hot-Wet,2009-03-10 05:20:00,3
15.26565552,-19.18644613,LA6,2009-03-10,05:40:00 AM,05:40:00,Hot-Wet,2009-03-10 05:40:00,3
15.26174215,-19.18388468,LA6,2009-03-10,06:00:00 AM,06:00:00,Hot-Wet,2009-03-10 06:00:00,3
15.25940247,-19.18164876,LA6,2009-03-10,06:20:00 AM,06:20:00,Hot-Wet,2009-03-10 06:20:00,3
15.25603231,-19.18058472,LA6,2009-03-10,06:40:00 AM,06:40:00,Hot-Wet,2009-03-10 06:40:00,3
15.25334269,-19.18067627,LA6,2009-03-10,07:00:00 AM,07:00:00,Hot-Wet,2009-03-10 07:00:00,3
15.24888814,-19.17818807,LA6,2009-03-10,07:20:00 AM,07:20:00,Hot-Wet,2009-03-10 07:20:00,3
15.24601135,-19.17250977,LA6,2009-03-10,07:40:00 AM,07:40:00,Hot-Wet,2009-03-10 07:40:00,3
15.2441569,-19.16644287,LA6,2009-03-10,08:00:00 AM,08:00:00,Hot-Wet,2009-03-10 08:00:00,3
15.24207255,-19.16400757,LA6,2009-03-10,08:20:00 AM,08:20:00,Hot-Wet,2009-03-10 08:20:00,3
15.23672994,-19.16318766,LA6,2009-03-10,08:40:00 AM,08:40:00,Hot-Wet,2009-03-10 08:40:00,3
15.23679097,-19.16315715,LA6,2009-03-10,09:00:00 AM,09:00:00,Hot-Wet,2009-03-10 09:00:00,3
15.23646342,-19.15763957,LA6,2009-03-10,09:20:00 AM,09:20:00,Hot-Wet,2009-03-10 09:20:00,3
15.2345164,-19.15492147,LA6,2009-03-10,09:40:00 AM,09:40:00,Hot-Wet,2009-03-10 09:40:00,3
15.23452148,-19.15494181,LA6,2009-03-10,10:00:00 AM,10:00:00,Hot-Wet,2009-03-10 10:00:00,3
15.23566386,-19.15436605,LA6,2009-03-10,10:20:00 AM,10:20:00,Hot-Wet,2009-03-10 10:20:00,3
15.23567098,-19.15436198,LA6,2009-03-10,10:40:00 AM,10:40:00,Hot-Wet,2009-03-10 10:40:00,3
15.23047587,-19.15684814,LA6,2009-03-10,11:00:00 AM,11:00:00,Hot-Wet,2009-03-10 11:00:00,3
15.22351888,-19.15853678,LA6,2009-03-10,11:20:00 AM,11:20:00,Hot-Wet,2009-03-10 11:20:00,3
15.21920878,-19.16373494,LA6,2009-03-10,11:40:00 AM,11:40:00,Hot-Wet,2009-03-10 11:40:00,3
15.21858215,-19.16837565,LA6,2009-03-10,12:00:00 PM,12:00:00,Hot-Wet,2009-03-10 12:00:00,3
15.21799418,-19.1745402,LA6,2009-03-10,12:20:00 PM,12:20:00,Hot-Wet,2009-03-10 12:20:00,3
15.21527608,-19.17661743,LA6,2009-03-10,12:40:00 PM,12:40:00,Hot-Wet,2009-03-10 12:40:00,3
15.21512756,-19.17682088,LA6,2009-03-10,01:00:00 PM,13:00:00,Hot-Wet,2009-03-10 13:00:00,3
15.21343384,-19.17620036,LA6,2009-03-10,01:20:00 PM,13:20:00,Hot-Wet,2009-03-10 13:20:00,3
15.21334127,-19.17599894,LA6,2009-03-10,01:40:00 PM,13:40:00,Hot-Wet,2009-03-10 13:40:00,3
15.21318359,-19.17651571,LA6,2009-03-10,02:00:00 PM,14:00:00,Hot-Wet,2009-03-10 14:00:00,3
15.20551656,-19.17635091,LA6,2009-03-10,02:20:00 PM,14:20:00,Hot-Wet,2009-03-10 14:20:00,3
15.20419922,-19.17835693,LA6,2009-03-10,02:40:00 PM,14:40:00,Hot-Wet,2009-03-10 14:40:00,3
15.19958293,-19.17885335,LA6,2009-03-10,03:00:00 PM,15:00:00,Hot-Wet,2009-03-10 15:00:00,3
15.19694722,-19.17927043,LA6,2009-03-10,03:20:00 PM,15:20:00,Hot-Wet,2009-03-10 15:20:00,3
15.19539388,-19.17926636,LA6,2009-03-10,03:40:00 PM,15:40:00,Hot-Wet,2009-03-10 15:40:00,3
15.1936615,-19.17916463,LA6,2009-03-10,04:00:00 PM,16:00:00,Hot-Wet,2009-03-10 16:00:00,3
15.1875885,-19.17885335,LA6,2009-03-10,04:20:00 PM,16:20:00,Hot-Wet,2009-03-10 16:20:00,3
15.1788737,-19.17666423,LA6,2009-03-10,04:40:00 PM,16:40:00,Hot-Wet,2009-03-10 16:40:00,3
15.17130534,-19.1739034,LA6,2009-03-10,05:00:00 PM,17:00:00,Hot-Wet,2009-03-10 17:00:00,3
15.16637675,-19.16710409,LA6,2009-03-10,05:20:00 PM,17:20:00,Hot-Wet,2009-03-10 17:20:00,3
15.16604513,-19.16520386,LA6,2009-03-10,05:40:00 PM,17:40:00,Hot-Wet,2009-03-10 17:40:00,3
15.16009725,-19.1644165,LA6,2009-03-10,06:00:00 PM,18:00:00,Hot-Wet,2009-03-10 18:00:00,3
15.15475871,-19.16345418,LA6,2009-03-10,06:20:00 PM,18:20:00,Hot-Wet,2009-03-10 18:20:00,3
15.15314738,-19.16549479,LA6,2009-03-10,06:40:00 PM,18:40:00,Hot-Wet,2009-03-10 18:40:00,3
15.15132243,-19.16651001,LA6,2009-03-10,07:00:00 PM,19:00:00,Hot-Wet,2009-03-10 19:00:00,3
15.15132446,-19.16651815,LA6,2009-03-10,07:20:00 PM,19:20:00,Hot-Wet,2009-03-10 19:20:00,3
15.15068766,-19.16916707,LA6,2009-03-10,07:40:00 PM,19:40:00,Hot-Wet,2009-03-10 19:40:00,3
15.14615275,-19.17005208,LA6,2009-03-10,08:00:00 PM,20:00:00,Hot-Wet,2009-03-10 20:00:00,3
15.13966064,-19.17370402,LA6,2009-03-10,08:20:00 PM,20:20:00,Hot-Wet,2009-03-10 20:20:00,3
15.13421021,-19.17619019,LA6,2009-03-10,08:40:00 PM,20:40:00,Hot-Wet,2009-03-10 20:40:00,3
15.13188883,-19.17594808,LA6,2009-03-10,09:00:00 PM,21:00:00,Hot-Wet,2009-03-10 21:00:00,3
15.12601115,-19.17184041,LA6,2009-03-10,09:20:00 PM,21:20:00,Hot-Wet,2009-03-10 21:20:00,3
15.11762187,-19.17085571,LA6,2009-03-10,09:40:00 PM,21:40:00,Hot-Wet,2009-03-10 21:40:00,3
15.11255391,-19.16930339,LA6,2009-03-10,10:00:00 PM,22:00:00,Hot-Wet,2009-03-10 22:00:00,3
15.10658569,-19.16384481,LA6,2009-03-10,10:20:00 PM,22:20:00,Hot-Wet,2009-03-10 22:20:00,3
15.09918722,-19.16021729,LA6,2009-03-10,10:40:00 PM,22:40:00,Hot-Wet,2009-03-10 22:40:00,3
15.09120382,-19.16161499,LA6,2009-03-10,11:00:00 PM,23:00:00,Hot-Wet,2009-03-10 23:00:00,3
15.08900655,-19.16280924,LA6,2009-03-10,11:20:00 PM,23:20:00,Hot-Wet,2009-03-10 23:20:00,3
15.0819163,-19.16899007,LA6,2009-03-10,11:40:00 PM,23:40:00,Hot-Wet,2009-03-10 23:40:00,3
15.0728892,-19.17431844,LA6,2009-03-11,12:00:00 AM,00:00:00,Hot-Wet,2009-03-11 00:00:00,3
15.06575724,-19.17589722,LA6,2009-03-11,12:20:00 AM,00:20:00,Hot-Wet,2009-03-11 00:20:00,3
15.05609436,-19.17941081,LA6,2009-03-11,12:40:00 AM,00:40:00,Hot-Wet,2009-03-11 00:40:00,3
15.05294596,-19.17972616,LA6,2009-03-11,01:00:00 AM,01:00:00,Hot-Wet,2009-03-11 01:00:00,3
15.05140584,-19.1823527,LA6,2009-03-11,01:20:00 AM,01:20:00,Hot-Wet,2009-03-11 01:20:00,3
15.04828288,-19.18758138,LA6,2009-03-11,01:40:00 AM,01:40:00,Hot-Wet,2009-03-11 01:40:00,3
15.04711405,-19.19182129,LA6,2009-03-11,02:00:00 AM,02:00:00,Hot-Wet,2009-03-11 02:00:00,3
15.04231262,-19.19301961,LA6,2009-03-11,02:20:00 AM,02:20:00,Hot-Wet,2009-03-11 02:20:00,3
15.03643799,-19.19188232,LA6,2009-03-11,02:40:00 AM,02:40:00,Hot-Wet,2009-03-11 02:40:00,3
15.02949829,-19.19157104,LA6,2009-03-11,03:00:00 AM,03:00:00,Hot-Wet,2009-03-11 03:00:00,3
15.02710876,-19.19060465,LA6,2009-03-11,03:21:00 AM,03:21:00,Hot-Wet,2009-03-11 03:21:00,3
15.02624613,-19.19044189,LA6,2009-03-11,03:40:00 AM,03:40:00,Hot-Wet,2009-03-11 03:40:00,3
15.02529602,-19.18956502,LA6,2009-03-11,04:00:00 AM,04:00:00,Hot-Wet,2009-03-11 04:00:00,3
15.01915792,-19.18851725,LA6,2009-03-11,04:20:00 AM,04:20:00,Hot-Wet,2009-03-11 04:20:00,3
15.01623535,-19.18815511,LA6,2009-03-11,04:40:00 AM,04:40:00,Hot-Wet,2009-03-11 04:40:00,3
15.01074015,-19.18835856,LA6,2009-03-11,05:00:00 AM,05:00:00,Hot-Wet,2009-03-11 05:00:00,3
15.00680033,-19.18965047,LA6,2009-03-11,05:20:00 AM,05:20:00,Hot-Wet,2009-03-11 05:20:00,3
15.00676676,-19.18967082,LA6,2009-03-11,05:41:00 AM,05:41:00,Hot-Wet,2009-03-11 05:41:00,3
15.00546875,-19.18959961,LA6,2009-03-11,06:00:00 AM,06:00:00,Hot-Wet,2009-03-11 06:00:00,3
15.00175883,-19.1907959,LA6,2009-03-11,06:20:00 AM,06:20:00,Hot-Wet,2009-03-11 06:20:00,3
15.00092468,-19.19121908,LA6,2009-03-11,06:40:00 AM,06:40:00,Hot-Wet,2009-03-11 06:40:00,3
14.99755961,-19.19153239,LA6,2009-03-11,07:00:00 AM,07:00:00,Hot-Wet,2009-03-11 07:00:00,3
14.99592794,-19.19190267,LA6,2009-03-11,07:20:00 AM,07:20:00,Hot-Wet,2009-03-11 07:20:00,3
14.99424337,-19.19228312,LA6,2009-03-11,07:40:00 AM,07:40:00,Hot-Wet,2009-03-11 07:40:00,3
14.991804,-19.19239095,LA6,2009-03-11,08:00:00 AM,08:00:00,Hot-Wet,2009-03-11 08:00:00,3
14.9913442,-19.19267985,LA6,2009-03-11,08:20:00 AM,08:20:00,Hot-Wet,2009-03-11 08:20:00,3
14.98890483,-19.19529419,LA6,2009-03-11,08:40:00 AM,08:40:00,Hot-Wet,2009-03-11 08:40:00,3
14.9861318,-19.19754842,LA6,2009-03-11,09:00:00 AM,09:00:00,Hot-Wet,2009-03-11 09:00:00,3
14.98611348,-19.19755452,LA6,2009-03-11,09:20:00 AM,09:20:00,Hot-Wet,2009-03-11 09:20:00,3
14.98723857,-19.19744466,LA6,2009-03-11,09:40:00 AM,09:40:00,Hot-Wet,2009-03-11 09:40:00,3
14.987264,-19.1973999,LA6,2009-03-11,10:00:00 AM,10:00:00,Hot-Wet,2009-03-11 10:00:00,3
14.98752747,-19.19788005,LA6,2009-03-11,10:20:00 AM,10:20:00,Hot-Wet,2009-03-11 10:20:00,3
14.98316243,-19.19961344,LA6,2009-03-11,10:40:00 AM,10:40:00,Hot-Wet,2009-03-11 10:40:00,3
14.98040263,-19.19854736,LA6,2009-03-11,11:00:00 AM,11:00:00,Hot-Wet,2009-03-11 11:00:00,3
14.97783712,-19.19792887,LA6,2009-03-11,11:20:00 AM,11:20:00,Hot-Wet,2009-03-11 11:20:00,3
14.9743337,-19.19658813,LA6,2009-03-11,11:40:00 AM,11:40:00,Hot-Wet,2009-03-11 11:40:00,3
14.97323507,-19.19413452,LA6,2009-03-11,12:00:00 PM,12:00:00,Hot-Wet,2009-03-11 12:00:00,3
14.96967265,-19.19412842,LA6,2009-03-11,12:20:00 PM,12:20:00,Hot-Wet,2009-03-11 12:20:00,3
14.96817627,-19.19474691,LA6,2009-03-11,12:40:00 PM,12:40:00,Hot-Wet,2009-03-11 12:40:00,3
14.96626587,-19.19492798,LA6,2009-03-11,01:00:00 PM,13:00:00,Hot-Wet,2009-03-11 13:00:00,3
14.96492615,-19.19515788,LA6,2009-03-11,01:20:00 PM,13:20:00,Hot-Wet,2009-03-11 13:20:00,3
14.9626943,-19.19489543,LA6,2009-03-11,01:40:00 PM,13:40:00,Hot-Wet,2009-03-11 13:40:00,3
14.95861511,-19.19306641,LA6,2009-03-11,02:00:00 PM,14:00:00,Hot-Wet,2009-03-11 14:00:00,3
14.95550537,-19.19437256,LA6,2009-03-11,02:20:00 PM,14:20:00,Hot-Wet,2009-03-11 14:20:00,3
14.95315552,-19.19797974,LA6,2009-03-11,02:40:00 PM,14:40:00,Hot-Wet,2009-03-11 14:40:00,3
14.95187174,-19.19907023,LA6,2009-03-11,03:00:00 PM,15:00:00,Hot-Wet,2009-03-11 15:00:00,3
14.94958293,-19.20287069,LA6,2009-03-11,03:20:00 PM,15:20:00,Hot-Wet,2009-03-11 15:20:00,3
14.94961243,-19.20280965,LA6,2009-03-11,03:40:00 PM,15:40:00,Hot-Wet,2009-03-11 15:40:00,3
14.95001729,-19.20834961,LA6,2009-03-11,04:00:00 PM,16:00:00,Hot-Wet,2009-03-11 16:00:00,3
14.95064087,-19.21558634,LA6,2009-03-11,04:20:00 PM,16:20:00,Hot-Wet,2009-03-11 16:20:00,3
14.94951681,-19.21923218,LA6,2009-03-11,04:40:00 PM,16:40:00,Hot-Wet,2009-03-11 16:40:00,3
14.94670308,-19.22336426,LA6,2009-03-11,05:00:00 PM,17:00:00,Hot-Wet,2009-03-11 17:00:00,3
14.94503886,-19.2242513,LA6,2009-03-11,05:20:00 PM,17:20:00,Hot-Wet,2009-03-11 17:20:00,3
14.9441335,-19.2266154,LA6,2009-03-11,05:40:00 PM,17:40:00,Hot-Wet,2009-03-11 17:40:00,3
14.94487406,-19.22681885,LA6,2009-03-11,06:00:00 PM,18:00:00,Hot-Wet,2009-03-11 18:00:00,3
14.94147644,-19.22819214,LA6,2009-03-11,06:20:00 PM,18:20:00,Hot-Wet,2009-03-11 18:20:00,3
14.9403066,-19.22680868,LA6,2009-03-11,06:40:00 PM,18:40:00,Hot-Wet,2009-03-11 18:40:00,3
14.93582764,-19.22667847,LA6,2009-03-11,07:00:00 PM,19:00:00,Hot-Wet,2009-03-11 19:00:00,3
14.93544617,-19.22635701,LA6,2009-03-11,07:20:00 PM,19:20:00,Hot-Wet,2009-03-11 19:20:00,3
14.93308919,-19.2252828,LA6,2009-03-11,07:40:00 PM,19:40:00,Hot-Wet,2009-03-11 19:40:00,3
14.93307292,-19.22531942,LA6,2009-03-11,08:00:00 PM,20:00:00,Hot-Wet,2009-03-11 20:00:00,3
14.93073527,-19.22609456,LA6,2009-03-11,08:20:00 PM,20:20:00,Hot-Wet,2009-03-11 20:20:00,3
14.93073934,-19.22610067,LA6,2009-03-11,08:40:00 PM,20:40:00,Hot-Wet,2009-03-11 20:40:00,3
14.93076681,-19.22640381,LA6,2009-03-11,09:00:00 PM,21:00:00,Hot-Wet,2009-03-11 21:00:00,3
14.93076375,-19.22640381,LA6,2009-03-11,09:20:00 PM,21:20:00,Hot-Wet,2009-03-11 21:20:00,3
14.93079122,-19.22645467,LA6,2009-03-11,09:40:00 PM,21:40:00,Hot-Wet,2009-03-11 21:40:00,3
14.92961528,-19.22647095,LA6,2009-03-11,10:00:00 PM,22:00:00,Hot-Wet,2009-03-11 22:00:00,3
14.92725016,-19.22546997,LA6,2009-03-11,10:20:00 PM,22:20:00,Hot-Wet,2009-03-11 22:20:00,3
14.92651672,-19.22664795,LA6,2009-03-11,10:40:00 PM,22:40:00,Hot-Wet,2009-03-11 22:40:00,3
14.92650655,-19.22664795,LA6,2009-03-11,11:00:00 PM,23:00:00,Hot-Wet,2009-03-11 23:00:00,3
14.92631124,-19.22779948,LA6,2009-03-11,11:20:00 PM,23:20:00,Hot-Wet,2009-03-11 23:20:00,3
14.92630819,-19.22779338,LA6,2009-03-11,11:40:00 PM,23:40:00,Hot-Wet,2009-03-11 23:40:00,3
14.9269043,-19.22721965,LA6,2009-03-12,12:00:00 AM,00:00:00,Hot-Wet,2009-03-12 00:00:00,3
14.92651876,-19.22790731,LA6,2009-03-12,12:20:00 AM,00:20:00,Hot-Wet,2009-03-12 00:20:00,3
14.92617798,-19.22883097,LA6,2009-03-12,12:40:00 AM,00:40:00,Hot-Wet,2009-03-12 00:40:00,3
14.92617493,-19.22882894,LA6,2009-03-12,01:00:00 AM,01:00:00,Hot-Wet,2009-03-12 01:00:00,3
14.92617086,-19.22886353,LA6,2009-03-12,01:20:00 AM,01:20:00,Hot-Wet,2009-03-12 01:20:00,3
14.92603861,-19.22900594,LA6,2009-03-12,01:40:00 AM,01:40:00,Hot-Wet,2009-03-12 01:40:00,3
14.92599996,-19.22901001,LA6,2009-03-12,02:00:00 AM,02:00:00,Hot-Wet,2009-03-12 02:00:00,3
14.92592672,-19.22902425,LA6,2009-03-12,02:20:00 AM,02:20:00,Hot-Wet,2009-03-12 02:20:00,3
14.92596029,-19.22897542,LA6,2009-03-12,02:40:00 AM,02:40:00,Hot-Wet,2009-03-12 02:40:00,3
14.92594808,-19.22897949,LA6,2009-03-12,03:00:00 AM,03:00:00,Hot-Wet,2009-03-12 03:00:00,3
14.92597148,-19.2289856,LA6,2009-03-12,03:20:00 AM,03:20:00,Hot-Wet,2009-03-12 03:20:00,3
14.92562256,-19.22959798,LA6,2009-03-12,03:40:00 AM,03:40:00,Hot-Wet,2009-03-12 03:40:00,3
14.92561035,-19.22957967,LA6,2009-03-12,04:00:00 AM,04:00:00,Hot-Wet,2009-03-12 04:00:00,3
14.92558289,-19.22953084,LA6,2009-03-12,04:20:00 AM,04:20:00,Hot-Wet,2009-03-12 04:20:00,3
14.92557983,-19.22953491,LA6,2009-03-12,04:40:00 AM,04:40:00,Hot-Wet,2009-03-12 04:40:00,3
14.92426758,-19.22947184,LA6,2009-03-12,05:00:00 AM,05:00:00,Hot-Wet,2009-03-12 05:00:00,3
14.91914469,-19.22756348,LA6,2009-03-12,05:20:00 AM,05:20:00,Hot-Wet,2009-03-12 05:20:00,3
14.91646932,-19.22658691,LA6,2009-03-12,05:40:00 AM,05:40:00,Hot-Wet,2009-03-12 05:40:00,3
14.91483358,-19.22770996,LA6,2009-03-12,06:00:00 AM,06:00:00,Hot-Wet,2009-03-12 06:00:00,3
14.91183268,-19.23043823,LA6,2009-03-12,06:20:00 AM,06:20:00,Hot-Wet,2009-03-12 06:20:00,3
14.90994873,-19.23153076,LA6,2009-03-12,06:40:00 AM,06:40:00,Hot-Wet,2009-03-12 06:40:00,3
14.90425924,-19.23048299,LA6,2009-03-12,07:00:00 AM,07:00:00,Hot-Wet,2009-03-12 07:00:00,3
14.89849752,-19.22955729,LA6,2009-03-12,07:20:00 AM,07:20:00,Hot-Wet,2009-03-12 07:20:00,3
14.89631042,-19.22879842,LA6,2009-03-12,07:40:00 AM,07:40:00,Hot-Wet,2009-03-12 07:40:00,3
14.89262288,-19.22858887,LA6,2009-03-12,08:00:00 AM,08:00:00,Hot-Wet,2009-03-12 08:00:00,3
14.89169617,-19.22867635,LA6,2009-03-12,08:20:00 AM,08:20:00,Hot-Wet,2009-03-12 08:20:00,3
14.88922933,-19.22978719,LA6,2009-03-12,08:40:00 AM,08:40:00,Hot-Wet,2009-03-12 08:40:00,3
14.88698629,-19.23001302,LA6,2009-03-12,09:00:00 AM,09:00:00,Hot-Wet,2009-03-12 09:00:00,3
14.88663432,-19.23346558,LA6,2009-03-12,09:20:00 AM,09:20:00,Hot-Wet,2009-03-12 09:20:00,3
14.88466593,-19.23318685,LA6,2009-03-12,09:40:00 AM,09:40:00,Hot-Wet,2009-03-12 09:40:00,3
14.87894694,-19.23401693,LA6,2009-03-12,10:00:00 AM,10:00:00,Hot-Wet,2009-03-12 10:00:00,3
14.87680868,-19.23242391,LA6,2009-03-12,10:20:00 AM,10:20:00,Hot-Wet,2009-03-12 10:20:00,3
14.87490133,-19.23312174,LA6,2009-03-12,10:40:00 AM,10:40:00,Hot-Wet,2009-03-12 10:40:00,3
14.87439982,-19.23158366,LA6,2009-03-12,11:00:00 AM,11:00:00,Hot-Wet,2009-03-12 11:00:00,3
14.87436727,-19.2289388,LA6,2009-03-12,11:20:00 AM,11:20:00,Hot-Wet,2009-03-12 11:20:00,3
14.87302348,-19.23022257,LA6,2009-03-12,11:40:00 AM,11:40:00,Hot-Wet,2009-03-12 11:40:00,3
14.87225444,-19.23276367,LA6,2009-03-12,12:00:00 PM,12:00:00,Hot-Wet,2009-03-12 12:00:00,3
14.87153117,-19.23350627,LA6,2009-03-12,12:20:00 PM,12:20:00,Hot-Wet,2009-03-12 12:20:00,3
14.86913859,-19.23462321,LA6,2009-03-12,12:40:00 PM,12:40:00,Hot-Wet,2009-03-12 12:40:00,3
14.86852824,-19.23488159,LA6,2009-03-12,01:00:00 PM,13:00:00,Hot-Wet,2009-03-12 13:00:00,3
14.86848043,-19.23493245,LA6,2009-03-12,01:20:00 PM,13:20:00,Hot-Wet,2009-03-12 13:20:00,3
14.86868286,-19.23391724,LA6,2009-03-12,01:40:00 PM,13:40:00,Hot-Wet,2009-03-12 13:40:00,3
14.86761882,-19.23047078,LA6,2009-03-12,02:00:00 PM,14:00:00,Hot-Wet,2009-03-12 14:00:00,3
14.86680806,-19.22721354,LA6,2009-03-12,02:20:00 PM,14:20:00,Hot-Wet,2009-03-12 14:20:00,3
14.86411438,-19.22341919,LA6,2009-03-12,02:40:00 PM,14:40:00,Hot-Wet,2009-03-12 14:40:00,3
14.85919495,-19.22906698,LA6,2009-03-12,03:00:00 PM,15:00:00,Hot-Wet,2009-03-12 15:00:00,3
14.85356038,-19.23033244,LA6,2009-03-12,03:20:00 PM,15:20:00,Hot-Wet,2009-03-12 15:20:00,3
14.85620219,-19.23178304,LA6,2009-03-12,03:40:00 PM,15:40:00,Hot-Wet,2009-03-12 15:40:00,3
14.85700887,-19.23013509,LA6,2009-03-12,04:00:00 PM,16:00:00,Hot-Wet,2009-03-12 16:00:00,3
14.85325623,-19.22751872,LA6,2009-03-12,04:20:00 PM,16:20:00,Hot-Wet,2009-03-12 16:20:00,3
14.850413,-19.22768148,LA6,2009-03-12,04:40:00 PM,16:40:00,Hot-Wet,2009-03-12 16:40:00,3
14.85019124,-19.22701416,LA6,2009-03-12,05:00:00 PM,17:00:00,Hot-Wet,2009-03-12 17:00:00,3
14.85103455,-19.22587484,LA6,2009-03-12,05:20:00 PM,17:20:00,Hot-Wet,2009-03-12 17:20:00,3
14.84961751,-19.22540283,LA6,2009-03-12,05:40:00 PM,17:40:00,Hot-Wet,2009-03-12 17:40:00,3
14.849705,-19.22675578,LA6,2009-03-12,06:00:00 PM,18:00:00,Hot-Wet,2009-03-12 18:00:00,3
14.85046794,-19.22636719,LA6,2009-03-12,06:20:00 PM,18:20:00,Hot-Wet,2009-03-12 18:20:00,3
14.84950562,-19.22542114,LA6,2009-03-12,06:40:00 PM,18:40:00,Hot-Wet,2009-03-12 18:40:00,3
14.84931844,-19.22661336,LA6,2009-03-12,07:00:00 PM,19:00:00,Hot-Wet,2009-03-12 19:00:00,3
14.8499939,-19.2244222,LA6,2009-03-12,07:20:00 PM,19:20:00,Hot-Wet,2009-03-12 19:20:00,3
14.84990031,-19.22564494,LA6,2009-03-12,07:40:00 PM,19:40:00,Hot-Wet,2009-03-12 19:40:00,3
14.85045369,-19.22541707,LA6,2009-03-12,08:00:00 PM,20:00:00,Hot-Wet,2009-03-12 20:00:00,3
14.85062154,-19.22737834,LA6,2009-03-12,08:20:00 PM,20:20:00,Hot-Wet,2009-03-12 20:20:00,3
14.85017192,-19.22812907,LA6,2009-03-12,08:40:00 PM,20:40:00,Hot-Wet,2009-03-12 20:40:00,3
14.85152486,-19.22618408,LA6,2009-03-12,09:00:00 PM,21:00:00,Hot-Wet,2009-03-12 21:00:00,3
14.85005188,-19.2254598,LA6,2009-03-12,09:20:00 PM,21:20:00,Hot-Wet,2009-03-12 21:20:00,3
14.84993795,-19.22573649,LA6,2009-03-12,09:40:00 PM,21:40:00,Hot-Wet,2009-03-12 21:40:00,3
14.85012817,-19.22389323,LA6,2009-03-12,10:00:00 PM,22:00:00,Hot-Wet,2009-03-12 22:00:00,3
14.84814758,-19.22376099,LA6,2009-03-12,10:20:00 PM,22:20:00,Hot-Wet,2009-03-12 22:20:00,3
14.84310506,-19.22686157,LA6,2009-03-12,10:40:00 PM,22:40:00,Hot-Wet,2009-03-12 22:40:00,3
14.83571472,-19.22794596,LA6,2009-03-12,11:00:00 PM,23:00:00,Hot-Wet,2009-03-12 23:00:00,3
14.8335144,-19.23028361,LA6,2009-03-12,11:20:00 PM,23:20:00,Hot-Wet,2009-03-12 23:20:00,3
14.83125814,-19.23298543,LA6,2009-03-12,11:40:00 PM,23:40:00,Hot-Wet,2009-03-12 23:40:00,3
14.82854411,-19.23594564,LA6,2009-03-13,12:00:54 AM,00:00:00,Hot-Wet,2009-03-13 00:00:00,3
14.8273468,-19.2359904,LA6,2009-03-13,12:20:54 AM,00:20:00,Hot-Wet,2009-03-13 00:20:00,3
14.82287191,-19.23338623,LA6,2009-03-13,12:40:54 AM,00:40:00,Hot-Wet,2009-03-13 00:40:00,3
14.82180888,-19.23204753,LA6,2009-03-13,01:00:54 AM,01:00:00,Hot-Wet,2009-03-13 01:00:00,3
14.82036947,-19.23320516,LA6,2009-03-13,01:20:54 AM,01:20:00,Hot-Wet,2009-03-13 01:20:00,3
14.81624146,-19.23482463,LA6,2009-03-13,01:40:54 AM,01:40:00,Hot-Wet,2009-03-13 01:40:00,3
14.8159373,-19.23493245,LA6,2009-03-13,02:00:54 AM,02:00:00,Hot-Wet,2009-03-13 02:00:00,3
14.8160024,-19.23475342,LA6,2009-03-13,02:20:54 AM,02:20:00,Hot-Wet,2009-03-13 02:20:00,3
14.81605326,-19.23477173,LA6,2009-03-13,02:40:54 AM,02:40:00,Hot-Wet,2009-03-13 02:40:00,3
14.81603597,-19.23477987,LA6,2009-03-13,03:00:55 AM,03:00:00,Hot-Wet,2009-03-13 03:00:00,3
14.81600952,-19.23474528,LA6,2009-03-13,03:20:54 AM,03:20:00,Hot-Wet,2009-03-13 03:20:00,3
14.81597493,-19.23471069,LA6,2009-03-13,03:40:54 AM,03:40:00,Hot-Wet,2009-03-13 03:40:00,3
14.81589559,-19.23480428,LA6,2009-03-13,04:00:54 AM,04:00:00,Hot-Wet,2009-03-13 04:00:00,3
14.81594645,-19.2348409,LA6,2009-03-13,04:20:54 AM,04:20:00,Hot-Wet,2009-03-13 04:20:00,3
14.81445211,-19.23573608,LA6,2009-03-13,04:40:54 AM,04:40:00,Hot-Wet,2009-03-13 04:40:00,3
14.81194051,-19.23408407,LA6,2009-03-13,05:00:54 AM,05:00:00,Hot-Wet,2009-03-13 05:00:00,3
14.81198527,-19.23224691,LA6,2009-03-13,05:20:54 AM,05:20:00,Hot-Wet,2009-03-13 05:20:00,3
14.80991007,-19.23436686,LA6,2009-03-13,05:40:54 AM,05:40:00,Hot-Wet,2009-03-13 05:40:00,3
14.8021047,-19.23523763,LA6,2009-03-13,06:00:54 AM,06:00:00,Hot-Wet,2009-03-13 06:00:00,3
14.79612935,-19.23181152,LA6,2009-03-13,06:20:54 AM,06:20:00,Hot-Wet,2009-03-13 06:20:00,3
14.79158325,-19.2272583,LA6,2009-03-13,06:40:54 AM,06:40:00,Hot-Wet,2009-03-13 06:40:00,3
14.78469035,-19.22433879,LA6,2009-03-13,07:00:54 AM,07:00:00,Hot-Wet,2009-03-13 07:00:00,3
14.78256429,-19.22584229,LA6,2009-03-13,07:20:54 AM,07:20:00,Hot-Wet,2009-03-13 07:20:00,3
14.77634277,-19.22585856,LA6,2009-03-13,07:40:54 AM,07:40:00,Hot-Wet,2009-03-13 07:40:00,3
14.7679484,-19.22370402,LA6,2009-03-13,08:00:54 AM,08:00:00,Hot-Wet,2009-03-13 08:00:00,3
14.76347656,-19.21695557,LA6,2009-03-13,08:20:54 AM,08:20:00,Hot-Wet,2009-03-13 08:20:00,3
14.75840454,-19.21186117,LA6,2009-03-13,08:40:54 AM,08:40:00,Hot-Wet,2009-03-13 08:40:00,3
14.74868978,-19.20594279,LA6,2009-03-13,09:00:54 AM,09:00:00,Hot-Wet,2009-03-13 09:00:00,3
14.74355469,-19.21108398,LA6,2009-03-13,09:20:54 AM,09:20:00,Hot-Wet,2009-03-13 09:20:00,3
14.73657227,-19.21241862,LA6,2009-03-13,09:40:54 AM,09:40:00,Hot-Wet,2009-03-13 09:40:00,3
14.73445536,-19.21144409,LA6,2009-03-13,10:00:54 AM,10:00:00,Hot-Wet,2009-03-13 10:00:00,3
14.72895406,-19.2089681,LA6,2009-03-13,10:20:54 AM,10:20:00,Hot-Wet,2009-03-13 10:20:00,3
14.72493896,-19.20962118,LA6,2009-03-13,10:40:54 AM,10:40:00,Hot-Wet,2009-03-13 10:40:00,3
14.72074788,-19.20970866,LA6,2009-03-13,11:00:54 AM,11:00:00,Hot-Wet,2009-03-13 11:00:00,3
14.72032267,-19.21013184,LA6,2009-03-13,11:20:54 AM,11:20:00,Hot-Wet,2009-03-13 11:20:00,3
14.72036133,-19.21012573,LA6,2009-03-13,11:40:54 AM,11:40:00,Hot-Wet,2009-03-13 11:40:00,3
14.71791687,-19.21130168,LA6,2009-03-13,12:00:54 PM,12:00:00,Hot-Wet,2009-03-13 12:00:00,3
14.71242065,-19.21195068,LA6,2009-03-13,12:20:54 PM,12:20:00,Hot-Wet,2009-03-13 12:20:00,3
14.70708008,-19.21186117,LA6,2009-03-13,12:40:54 PM,12:40:00,Hot-Wet,2009-03-13 12:40:00,3
14.70258484,-19.21529744,LA6,2009-03-13,01:00:54 PM,13:00:00,Hot-Wet,2009-03-13 13:00:00,3
14.69498901,-19.2173645,LA6,2009-03-13,01:20:54 PM,13:20:00,Hot-Wet,2009-03-13 13:20:00,3
14.69197489,-19.21873169,LA6,2009-03-13,01:40:54 PM,13:40:00,Hot-Wet,2009-03-13 13:40:00,3
14.6918986,-19.21890259,LA6,2009-03-13,02:00:54 PM,14:00:00,Hot-Wet,2009-03-13 14:00:00,3
14.69192607,-19.21890869,LA6,2009-03-13,02:20:54 PM,14:20:00,Hot-Wet,2009-03-13 14:20:00,3
14.68898417,-19.22098796,LA6,2009-03-13,02:40:54 PM,14:40:00,Hot-Wet,2009-03-13 14:40:00,3
14.68298848,-19.22179972,LA6,2009-03-13,03:00:54 PM,15:00:00,Hot-Wet,2009-03-13 15:00:00,3
14.67568054,-19.22066243,LA6,2009-03-13,03:20:54 PM,15:20:00,Hot-Wet,2009-03-13 15:20:00,3
14.66909078,-19.2161967,LA6,2009-03-13,03:40:54 PM,15:40:00,Hot-Wet,2009-03-13 15:40:00,3
14.66480916,-19.21600138,LA6,2009-03-13,04:00:54 PM,16:00:00,Hot-Wet,2009-03-13 16:00:00,3
14.65799459,-19.21657511,LA6,2009-03-13,04:20:54 PM,16:20:00,Hot-Wet,2009-03-13 16:20:00,3
14.65493368,-19.21372884,LA6,2009-03-13,04:40:54 PM,16:40:00,Hot-Wet,2009-03-13 16:40:00,3
14.65360107,-19.21183268,LA6,2009-03-13,05:00:54 PM,17:00:00,Hot-Wet,2009-03-13 17:00:00,3
14.65239868,-19.21142985,LA6,2009-03-13,05:20:54 PM,17:20:00,Hot-Wet,2009-03-13 17:20:00,3
14.65073242,-19.21282552,LA6,2009-03-13,05:40:54 PM,17:40:00,Hot-Wet,2009-03-13 17:40:00,3
14.64873556,-19.21210938,LA6,2009-03-13,06:00:54 PM,18:00:00,Hot-Wet,2009-03-13 18:00:00,3
14.64936218,-19.2139445,LA6,2009-03-13,06:20:54 PM,18:20:00,Hot-Wet,2009-03-13 18:20:00,3
14.64733582,-19.2147583,LA6,2009-03-13,06:40:54 PM,18:40:00,Hot-Wet,2009-03-13 18:40:00,3
14.64566142,-19.21431071,LA6,2009-03-13,07:00:54 PM,19:00:00,Hot-Wet,2009-03-13 19:00:00,3
14.64434306,-19.21305745,LA6,2009-03-13,07:20:54 PM,19:20:00,Hot-Wet,2009-03-13 19:20:00,3
14.64415181,-19.21288859,LA6,2009-03-13,07:40:54 PM,19:40:00,Hot-Wet,2009-03-13 19:40:00,3
14.64409688,-19.21315715,LA6,2009-03-13,08:00:54 PM,20:00:00,Hot-Wet,2009-03-13 20:00:00,3
14.64402669,-19.21365967,LA6,2009-03-13,08:20:55 PM,20:20:00,Hot-Wet,2009-03-13 20:20:00,3
14.64310404,-19.21247559,LA6,2009-03-13,08:40:54 PM,20:40:00,Hot-Wet,2009-03-13 20:40:00,3
14.64271037,-19.2105896,LA6,2009-03-13,09:00:54 PM,21:00:00,Hot-Wet,2009-03-13 21:00:00,3
14.64167582,-19.20912272,LA6,2009-03-13,09:20:54 PM,21:20:00,Hot-Wet,2009-03-13 21:20:00,3
14.64168396,-19.20917155,LA6,2009-03-13,09:40:44 PM,21:40:00,Hot-Wet,2009-03-13 21:40:00,3
14.64109904,-19.20634155,LA6,2009-03-13,10:00:44 PM,22:00:00,Hot-Wet,2009-03-13 22:00:00,3
14.64057821,-19.2052592,LA6,2009-03-13,10:20:45 PM,22:20:00,Hot-Wet,2009-03-13 22:20:00,3
14.64056295,-19.20529582,LA6,2009-03-13,10:40:44 PM,22:40:00,Hot-Wet,2009-03-13 22:40:00,3
14.64108988,-19.20481567,LA6,2009-03-13,11:00:44 PM,23:00:00,Hot-Wet,2009-03-13 23:00:00,3
14.64102783,-19.20495402,LA6,2009-03-13,11:20:44 PM,23:20:00,Hot-Wet,2009-03-13 23:20:00,3
14.64100138,-19.20493978,LA6,2009-03-13,11:41:08 PM,23:41:00,Hot-Wet,2009-03-13 23:41:00,3
14.64101359,-19.2049764,LA6,2009-03-14,12:00:44 AM,00:00:00,Hot-Wet,2009-03-14 00:00:00,3
14.64101766,-19.20494385,LA6,2009-03-14,12:20:44 AM,00:20:00,Hot-Wet,2009-03-14 00:20:00,3
14.64132182,-19.20507813,LA6,2009-03-14,12:40:44 AM,00:40:00,Hot-Wet,2009-03-14 00:40:00,3
14.64189555,-19.20500081,LA6,2009-03-14,01:00:44 AM,01:00:00,Hot-Wet,2009-03-14 01:00:00,3
14.64347026,-19.20541789,LA6,2009-03-14,01:20:44 AM,01:20:00,Hot-Wet,2009-03-14 01:20:00,3
14.64374593,-19.20621745,LA6,2009-03-14,01:40:44 AM,01:40:00,Hot-Wet,2009-03-14 01:40:00,3
14.64444478,-19.20690715,LA6,2009-03-14,02:00:44 AM,02:00:00,Hot-Wet,2009-03-14 02:00:00,3
14.64542338,-19.20700073,LA6,2009-03-14,02:20:44 AM,02:20:00,Hot-Wet,2009-03-14 02:20:00,3
14.64594727,-19.20579834,LA6,2009-03-14,02:40:45 AM,02:40:00,Hot-Wet,2009-03-14 02:40:00,3
14.64592489,-19.20582479,LA6,2009-03-14,03:00:44 AM,03:00:00,Hot-Wet,2009-03-14 03:00:00,3
14.6464447,-19.20627035,LA6,2009-03-14,03:20:44 AM,03:20:00,Hot-Wet,2009-03-14 03:20:00,3
14.6464447,-19.20627035,LA6,2009-03-14,03:40:44 AM,03:40:00,Hot-Wet,2009-03-14 03:40:00,3
14.6472229,-19.20654907,LA6,2009-03-14,04:00:44 AM,04:00:00,Hot-Wet,2009-03-14 04:00:00,3
14.64752604,-19.2063741,LA6,2009-03-14,04:20:51 AM,04:20:00,Hot-Wet,2009-03-14 04:20:00,3
14.64735819,-19.20634562,LA6,2009-03-14,04:40:44 AM,04:40:00,Hot-Wet,2009-03-14 04:40:00,3
14.64489644,-19.20411987,LA6,2009-03-14,05:00:44 AM,05:00:00,Hot-Wet,2009-03-14 05:00:00,3
14.64489543,-19.20412801,LA6,2009-03-14,05:20:44 AM,05:20:00,Hot-Wet,2009-03-14 05:20:00,3
14.64434306,-19.20270996,LA6,2009-03-14,05:40:44 AM,05:40:00,Hot-Wet,2009-03-14 05:40:00,3
14.64388428,-19.20045369,LA6,2009-03-14,06:00:44 AM,06:00:00,Hot-Wet,2009-03-14 06:00:00,3
14.64385071,-19.20048218,LA6,2009-03-14,06:20:44 AM,06:20:00,Hot-Wet,2009-03-14 06:20:00,3
14.64388428,-19.20043742,LA6,2009-03-14,06:40:44 AM,06:40:00,Hot-Wet,2009-03-14 06:40:00,3
14.64308167,-19.20008138,LA6,2009-03-14,07:00:44 AM,07:00:00,Hot-Wet,2009-03-14 07:00:00,3
14.64011841,-19.19743856,LA6,2009-03-14,07:20:44 AM,07:20:00,Hot-Wet,2009-03-14 07:20:00,3
14.63763529,-19.19634196,LA6,2009-03-14,07:40:44 AM,07:40:00,Hot-Wet,2009-03-14 07:40:00,3
14.63544312,-19.1953064,LA6,2009-03-14,08:00:44 AM,08:00:00,Hot-Wet,2009-03-14 08:00:00,3
14.63528544,-19.19460856,LA6,2009-03-14,08:20:44 AM,08:20:00,Hot-Wet,2009-03-14 08:20:00,3
14.63525085,-19.19429321,LA6,2009-03-14,08:40:44 AM,08:40:00,Hot-Wet,2009-03-14 08:40:00,3
14.63499044,-19.19354655,LA6,2009-03-14,09:00:44 AM,09:00:00,Hot-Wet,2009-03-14 09:00:00,3
14.63543498,-19.19369303,LA6,2009-03-14,09:20:44 AM,09:20:00,Hot-Wet,2009-03-14 09:20:00,3
14.63341471,-19.19343872,LA6,2009-03-14,09:40:44 AM,09:40:00,Hot-Wet,2009-03-14 09:40:00,3
14.63219503,-19.1952535,LA6,2009-03-14,10:00:44 AM,10:00:00,Hot-Wet,2009-03-14 10:00:00,3
14.63288472,-19.19419149,LA6,2009-03-14,10:20:44 AM,10:20:00,Hot-Wet,2009-03-14 10:20:00,3
14.63436483,-19.19359741,LA6,2009-03-14,10:40:44 AM,10:40:00,Hot-Wet,2009-03-14 10:40:00,3
14.63508606,-19.19303589,LA6,2009-03-14,11:00:44 AM,11:00:00,Hot-Wet,2009-03-14 11:00:00,3
14.63424377,-19.19365031,LA6,2009-03-14,11:20:44 AM,11:20:00,Hot-Wet,2009-03-14 11:20:00,3
14.63928019,-19.1947876,LA6,2009-03-14,11:40:44 AM,11:40:00,Hot-Wet,2009-03-14 11:40:00,3
14.64266663,-19.19548747,LA6,2009-03-14,12:00:44 PM,12:00:00,Hot-Wet,2009-03-14 12:00:00,3
14.64631042,-19.19936117,LA6,2009-03-14,12:20:44 PM,12:20:00,Hot-Wet,2009-03-14 12:20:00,3
14.64434509,-19.20182088,LA6,2009-03-14,12:40:44 PM,12:40:00,Hot-Wet,2009-03-14 12:40:00,3
14.64434204,-19.20182699,LA6,2009-03-14,01:00:44 PM,13:00:00,Hot-Wet,2009-03-14 13:00:00,3
14.64338888,-19.20391439,LA6,2009-03-14,01:20:44 PM,13:20:00,Hot-Wet,2009-03-14 13:20:00,3
14.64279582,-19.20240479,LA6,2009-03-14,01:40:44 PM,13:40:00,Hot-Wet,2009-03-14 13:40:00,3
14.64538778,-19.19965413,LA6,2009-03-14,02:01:08 PM,14:01:00,Hot-Wet,2009-03-14 14:01:00,3
14.64310099,-19.19922078,LA6,2009-03-14,02:20:44 PM,14:20:00,Hot-Wet,2009-03-14 14:20:00,3
14.64287821,-19.19819539,LA6,2009-03-14,02:40:44 PM,14:40:00,Hot-Wet,2009-03-14 14:40:00,3
14.64199117,-19.19748332,LA6,2009-03-14,03:00:44 PM,15:00:00,Hot-Wet,2009-03-14 15:00:00,3
14.64153849,-19.19651489,LA6,2009-03-14,03:20:44 PM,15:20:00,Hot-Wet,2009-03-14 15:20:00,3
14.64193115,-19.19504191,LA6,2009-03-14,03:40:44 PM,15:40:00,Hot-Wet,2009-03-14 15:40:00,3
14.64213867,-19.19472046,LA6,2009-03-14,04:00:44 PM,16:00:00,Hot-Wet,2009-03-14 16:00:00,3
14.64193522,-19.19404907,LA6,2009-03-14,04:20:44 PM,16:20:00,Hot-Wet,2009-03-14 16:20:00,3
14.64302165,-19.19301147,LA6,2009-03-14,04:40:44 PM,16:40:00,Hot-Wet,2009-03-14 16:40:00,3
14.64301758,-19.19394735,LA6,2009-03-14,05:00:44 PM,17:00:00,Hot-Wet,2009-03-14 17:00:00,3
14.64185282,-19.1930481,LA6,2009-03-14,05:20:43 PM,17:20:00,Hot-Wet,2009-03-14 17:20:00,3
14.64079692,-19.1920105,LA6,2009-03-14,05:40:44 PM,17:40:00,Hot-Wet,2009-03-14 17:40:00,3
14.64030863,-19.19182739,LA6,2009-03-14,06:00:44 PM,18:00:00,Hot-Wet,2009-03-14 18:00:00,3
14.63927612,-19.19113566,LA6,2009-03-14,06:20:44 PM,18:20:00,Hot-Wet,2009-03-14 18:20:00,3
14.63871358,-19.19071248,LA6,2009-03-14,06:40:44 PM,18:40:00,Hot-Wet,2009-03-14 18:40:00,3
14.63879293,-19.19077555,LA6,2009-03-14,07:00:44 PM,19:00:00,Hot-Wet,2009-03-14 19:00:00,3
14.63869019,-19.1906779,LA6,2009-03-14,07:20:44 PM,19:20:00,Hot-Wet,2009-03-14 19:20:00,3
14.63878784,-19.19058634,LA6,2009-03-14,07:40:44 PM,19:40:00,Hot-Wet,2009-03-14 19:40:00,3
14.63878682,-19.19066162,LA6,2009-03-14,08:00:44 PM,20:00:00,Hot-Wet,2009-03-14 20:00:00,3
14.63874817,-19.18961589,LA6,2009-03-14,08:20:44 PM,20:20:00,Hot-Wet,2009-03-14 20:20:00,3
14.63930562,-19.18993123,LA6,2009-03-14,08:40:44 PM,20:40:00,Hot-Wet,2009-03-14 20:40:00,3
14.63996582,-19.18942261,LA6,2009-03-14,09:00:44 PM,21:00:00,Hot-Wet,2009-03-14 21:00:00,3
14.6398641,-19.19012858,LA6,2009-03-14,09:20:44 PM,21:20:00,Hot-Wet,2009-03-14 21:20:00,3
14.64054972,-19.1901001,LA6,2009-03-14,09:40:44 PM,21:40:00,Hot-Wet,2009-03-14 21:40:00,3
14.64095154,-19.19052734,LA6,2009-03-14,10:00:44 PM,22:00:00,Hot-Wet,2009-03-14 22:00:00,3
14.63998617,-19.19014079,LA6,2009-03-14,10:20:43 PM,22:20:00,Hot-Wet,2009-03-14 22:20:00,3
14.63965251,-19.19060669,LA6,2009-03-14,10:40:44 PM,22:40:00,Hot-Wet,2009-03-14 22:40:00,3
14.63790588,-19.19102987,LA6,2009-03-14,11:00:44 PM,23:00:00,Hot-Wet,2009-03-14 23:00:00,3
14.63753357,-19.19176025,LA6,2009-03-14,11:20:44 PM,23:20:00,Hot-Wet,2009-03-14 23:20:00,3
14.63452962,-19.19250285,LA6,2009-03-14,11:40:44 PM,23:40:00,Hot-Wet,2009-03-14 23:40:00,3
14.63260905,-19.19105428,LA6,2009-03-15,12:00:44 AM,00:00:00,Hot-Wet,2009-03-15 00:00:00,3
14.63122965,-19.19059041,LA6,2009-03-15,12:20:44 AM,00:20:00,Hot-Wet,2009-03-15 00:20:00,3
14.63115133,-19.19049072,LA6,2009-03-15,12:40:44 AM,00:40:00,Hot-Wet,2009-03-15 00:40:00,3
14.63114421,-19.19047241,LA6,2009-03-15,01:00:44 AM,01:00:00,Hot-Wet,2009-03-15 01:00:00,3
14.63102315,-19.19048258,LA6,2009-03-15,01:20:44 AM,01:20:00,Hot-Wet,2009-03-15 01:20:00,3
14.6310262,-19.19050293,LA6,2009-03-15,01:40:44 AM,01:40:00,Hot-Wet,2009-03-15 01:40:00,3
14.63105977,-19.19051107,LA6,2009-03-15,02:01:08 AM,02:01:00,Hot-Wet,2009-03-15 02:01:00,3
14.631014,-19.19052531,LA6,2009-03-15,02:20:44 AM,02:20:00,Hot-Wet,2009-03-15 02:20:00,3
14.63069967,-19.19078166,LA6,2009-03-15,02:40:44 AM,02:40:00,Hot-Wet,2009-03-15 02:40:00,3
14.62991943,-19.19135335,LA6,2009-03-15,03:00:44 AM,03:00:00,Hot-Wet,2009-03-15 03:00:00,3
14.6299703,-19.19195557,LA6,2009-03-15,03:20:44 AM,03:20:00,Hot-Wet,2009-03-15 03:20:00,3
14.63041687,-19.19136149,LA6,2009-03-15,03:40:45 AM,03:40:00,Hot-Wet,2009-03-15 03:40:00,3
14.6306132,-19.1912557,LA6,2009-03-15,04:00:44 AM,04:00:00,Hot-Wet,2009-03-15 04:00:00,3
14.63060404,-19.19124349,LA6,2009-03-15,04:20:44 AM,04:20:00,Hot-Wet,2009-03-15 04:20:00,3
14.6320516,-19.19314982,LA6,2009-03-15,04:40:44 AM,04:40:00,Hot-Wet,2009-03-15 04:40:00,3
14.63083191,-19.19370524,LA6,2009-03-15,05:00:44 AM,05:00:00,Hot-Wet,2009-03-15 05:00:00,3
14.63007711,-19.19256388,LA6,2009-03-15,05:20:44 AM,05:20:00,Hot-Wet,2009-03-15 05:20:00,3
14.62929382,-19.19146525,LA6,2009-03-15,05:40:44 AM,05:40:00,Hot-Wet,2009-03-15 05:40:00,3
14.62871908,-19.19071655,LA6,2009-03-15,06:00:43 AM,06:00:00,Hot-Wet,2009-03-15 06:00:00,3
14.62990723,-19.18813883,LA6,2009-03-15,06:20:44 AM,06:20:00,Hot-Wet,2009-03-15 06:20:00,3
14.6311025,-19.18724976,LA6,2009-03-15,06:40:44 AM,06:40:00,Hot-Wet,2009-03-15 06:40:00,3
14.63273417,-19.18687948,LA6,2009-03-15,07:00:44 AM,07:00:00,Hot-Wet,2009-03-15 07:00:00,3
14.63328145,-19.18549398,LA6,2009-03-15,07:20:44 AM,07:20:00,Hot-Wet,2009-03-15 07:20:00,3
14.63529154,-19.18559163,LA6,2009-03-15,07:40:44 AM,07:40:00,Hot-Wet,2009-03-15 07:40:00,3
14.63673096,-19.18392131,LA6,2009-03-15,08:00:44 AM,08:00:00,Hot-Wet,2009-03-15 08:00:00,3
14.64076131,-19.18049927,LA6,2009-03-15,08:20:44 AM,08:20:00,Hot-Wet,2009-03-15 08:20:00,3
14.64347331,-19.17954305,LA6,2009-03-15,08:40:44 AM,08:40:00,Hot-Wet,2009-03-15 08:40:00,3
14.6460144,-19.1806071,LA6,2009-03-15,09:00:44 AM,09:00:00,Hot-Wet,2009-03-15 09:00:00,3
14.65205994,-19.17978923,LA6,2009-03-15,09:20:44 AM,09:20:00,Hot-Wet,2009-03-15 09:20:00,3
14.65350138,-19.18109131,LA6,2009-03-15,09:40:44 AM,09:40:00,Hot-Wet,2009-03-15 09:40:00,3
14.65384827,-19.18331502,LA6,2009-03-15,10:00:44 AM,10:00:00,Hot-Wet,2009-03-15 10:00:00,3
14.65247192,-19.18555094,LA6,2009-03-15,10:20:44 AM,10:20:00,Hot-Wet,2009-03-15 10:20:00,3
14.65475362,-19.1873291,LA6,2009-03-15,10:40:44 AM,10:40:00,Hot-Wet,2009-03-15 10:40:00,3
14.65490417,-19.19267171,LA6,2009-03-15,11:00:44 AM,11:00:00,Hot-Wet,2009-03-15 11:00:00,3
14.65371908,-19.19592489,LA6,2009-03-15,11:20:44 AM,11:20:00,Hot-Wet,2009-03-15 11:20:00,3
14.65178223,-19.19638468,LA6,2009-03-15,11:40:44 AM,11:40:00,Hot-Wet,2009-03-15 11:40:00,3
14.65094604,-19.1962382,LA6,2009-03-15,12:00:44 PM,12:00:00,Hot-Wet,2009-03-15 12:00:00,3
14.64950256,-19.19632568,LA6,2009-03-15,12:20:44 PM,12:20:00,Hot-Wet,2009-03-15 12:20:00,3
14.64639079,-19.19703979,LA6,2009-03-15,12:40:44 PM,12:40:00,Hot-Wet,2009-03-15 12:40:00,3
14.64528605,-19.20031738,LA6,2009-03-15,01:00:44 PM,13:00:00,Hot-Wet,2009-03-15 13:00:00,3
14.6454305,-19.2014974,LA6,2009-03-15,01:20:44 PM,13:20:00,Hot-Wet,2009-03-15 13:20:00,3
14.64686991,-19.20203654,LA6,2009-03-15,01:40:44 PM,13:40:00,Hot-Wet,2009-03-15 13:40:00,3
14.64688619,-19.19950968,LA6,2009-03-15,02:00:44 PM,14:00:00,Hot-Wet,2009-03-15 14:00:00,3
14.64544373,-19.1982015,LA6,2009-03-15,02:20:44 PM,14:20:00,Hot-Wet,2009-03-15 14:20:00,3
14.64363505,-19.19492188,LA6,2009-03-15,02:40:44 PM,14:40:00,Hot-Wet,2009-03-15 14:40:00,3
14.64263204,-19.19439901,LA6,2009-03-15,03:00:44 PM,15:00:00,Hot-Wet,2009-03-15 15:00:00,3
14.64271749,-19.19431356,LA6,2009-03-15,03:20:44 PM,15:20:00,Hot-Wet,2009-03-15 15:20:00,3
14.64172058,-19.19381104,LA6,2009-03-15,03:40:44 PM,15:40:00,Hot-Wet,2009-03-15 15:40:00,3
14.64167887,-19.19317424,LA6,2009-03-15,04:00:44 PM,16:00:00,Hot-Wet,2009-03-15 16:00:00,3
14.63892415,-19.19185994,LA6,2009-03-15,04:20:44 PM,16:20:00,Hot-Wet,2009-03-15 16:20:00,3
14.6382843,-19.19197591,LA6,2009-03-15,04:40:44 PM,16:40:00,Hot-Wet,2009-03-15 16:40:00,3
14.63724772,-19.19223226,LA6,2009-03-15,05:00:44 PM,17:00:00,Hot-Wet,2009-03-15 17:00:00,3
14.63525085,-19.19327189,LA6,2009-03-15,05:20:44 PM,17:20:00,Hot-Wet,2009-03-15 17:20:00,3
14.63250427,-19.19406738,LA6,2009-03-15,05:40:44 PM,17:40:00,Hot-Wet,2009-03-15 17:40:00,3
14.63254496,-19.19406738,LA6,2009-03-15,06:00:44 PM,18:00:00,Hot-Wet,2009-03-15 18:00:00,3
14.63211772,-19.19455566,LA6,2009-03-15,06:20:44 PM,18:20:00,Hot-Wet,2009-03-15 18:20:00,3
14.63218689,-19.19447225,LA6,2009-03-15,06:40:44 PM,18:40:00,Hot-Wet,2009-03-15 18:40:00,3
14.63350118,-19.19336548,LA6,2009-03-15,07:00:44 PM,19:00:00,Hot-Wet,2009-03-15 19:00:00,3
14.63350118,-19.19291382,LA6,2009-03-15,07:20:44 PM,19:20:00,Hot-Wet,2009-03-15 19:20:00,3
14.6325887,-19.19170939,LA6,2009-03-15,07:40:44 PM,19:40:00,Hot-Wet,2009-03-15 19:40:00,3
14.63258667,-19.19171346,LA6,2009-03-15,08:00:44 PM,20:00:00,Hot-Wet,2009-03-15 20:00:00,3
14.63282674,-19.19009603,LA6,2009-03-15,08:20:44 PM,20:20:00,Hot-Wet,2009-03-15 20:20:00,3
14.63295288,-19.1890686,LA6,2009-03-15,08:40:44 PM,20:40:00,Hot-Wet,2009-03-15 20:40:00,3
14.63276571,-19.1883667,LA6,2009-03-15,09:00:44 PM,21:00:00,Hot-Wet,2009-03-15 21:00:00,3
14.63322754,-19.18814087,LA6,2009-03-15,09:20:44 PM,21:20:00,Hot-Wet,2009-03-15 21:20:00,3
14.63320719,-19.18815308,LA6,2009-03-15,09:40:44 PM,21:40:00,Hot-Wet,2009-03-15 21:40:00,3
14.63320211,-19.18814697,LA6,2009-03-15,10:00:44 PM,22:00:00,Hot-Wet,2009-03-15 22:00:00,3
14.63317973,-19.18780111,LA6,2009-03-15,10:20:44 PM,22:20:00,Hot-Wet,2009-03-15 22:20:00,3
14.63317668,-19.18779907,LA6,2009-03-15,10:40:44 PM,22:40:00,Hot-Wet,2009-03-15 22:40:00,3
14.63266195,-19.18729045,LA6,2009-03-15,11:00:44 PM,23:00:00,Hot-Wet,2009-03-15 23:00:00,3
14.63238118,-19.18791097,LA6,2009-03-15,11:20:44 PM,23:20:00,Hot-Wet,2009-03-15 23:20:00,3
14.63387349,-19.18568319,LA6,2009-03-15,11:40:44 PM,23:40:00,Hot-Wet,2009-03-15 23:40:00,3
14.63522746,-19.18480428,LA6,2009-03-16,12:00:44 AM,00:00:00,Hot-Wet,2009-03-16 00:00:00,3
14.63469442,-19.18365275,LA6,2009-03-16,12:20:44 AM,00:20:00,Hot-Wet,2009-03-16 00:20:00,3
14.63386841,-19.18223674,LA6,2009-03-16,12:40:44 AM,00:40:00,Hot-Wet,2009-03-16 00:40:00,3
14.63240865,-19.18220418,LA6,2009-03-16,01:00:44 AM,01:00:00,Hot-Wet,2009-03-16 01:00:00,3
14.63241374,-19.18220418,LA6,2009-03-16,01:20:44 AM,01:20:00,Hot-Wet,2009-03-16 01:20:00,3
14.63221436,-19.18224691,LA6,2009-03-16,01:40:44 AM,01:40:00,Hot-Wet,2009-03-16 01:40:00,3
14.6314738,-19.18270874,LA6,2009-03-16,02:00:44 AM,02:00:00,Hot-Wet,2009-03-16 02:00:00,3
14.631427,-19.1828715,LA6,2009-03-16,02:20:44 AM,02:20:00,Hot-Wet,2009-03-16 02:20:00,3
14.63124593,-19.1829834,LA6,2009-03-16,02:40:44 AM,02:40:00,Hot-Wet,2009-03-16 02:40:00,3
14.63134969,-19.18290609,LA6,2009-03-16,03:00:44 AM,03:00:00,Hot-Wet,2009-03-16 03:00:00,3
14.6313619,-19.18291219,LA6,2009-03-16,03:20:44 AM,03:20:00,Hot-Wet,2009-03-16 03:20:00,3
14.63133647,-19.1829305,LA6,2009-03-16,03:40:44 AM,03:40:00,Hot-Wet,2009-03-16 03:40:00,3
14.63132426,-19.18297323,LA6,2009-03-16,04:00:44 AM,04:00:00,Hot-Wet,2009-03-16 04:00:00,3
14.63131205,-19.18282674,LA6,2009-03-16,04:20:44 AM,04:20:00,Hot-Wet,2009-03-16 04:20:00,3
14.63131409,-19.18280436,LA6,2009-03-16,04:40:44 AM,04:40:00,Hot-Wet,2009-03-16 04:40:00,3
14.62852987,-19.18352051,LA6,2009-03-16,05:00:44 AM,05:00:00,Hot-Wet,2009-03-16 05:00:00,3
14.62853699,-19.18353068,LA6,2009-03-16,05:20:44 AM,05:20:00,Hot-Wet,2009-03-16 05:20:00,3
14.6283549,-19.18326213,LA6,2009-03-16,05:40:44 AM,05:40:00,Hot-Wet,2009-03-16 05:40:00,3
14.62873535,-19.18198446,LA6,2009-03-16,06:00:44 AM,06:00:00,Hot-Wet,2009-03-16 06:00:00,3
14.63077291,-19.17845256,LA6,2009-03-16,06:20:44 AM,06:20:00,Hot-Wet,2009-03-16 06:20:00,3
14.63285624,-19.17700399,LA6,2009-03-16,06:40:44 AM,06:40:00,Hot-Wet,2009-03-16 06:40:00,3
14.63273621,-19.17498779,LA6,2009-03-16,07:00:44 AM,07:00:00,Hot-Wet,2009-03-16 07:00:00,3
14.63424276,-19.1741984,LA6,2009-03-16,07:20:44 AM,07:20:00,Hot-Wet,2009-03-16 07:20:00,3
14.63539225,-19.17402954,LA6,2009-03-16,07:40:44 AM,07:40:00,Hot-Wet,2009-03-16 07:40:00,3
14.63895772,-19.17672119,LA6,2009-03-16,08:00:44 AM,08:00:00,Hot-Wet,2009-03-16 08:00:00,3
14.64112956,-19.17923584,LA6,2009-03-16,08:20:44 AM,08:20:00,Hot-Wet,2009-03-16 08:20:00,3
14.64245605,-19.18149414,LA6,2009-03-16,08:40:44 AM,08:40:00,Hot-Wet,2009-03-16 08:40:00,3
14.64606628,-19.18421834,LA6,2009-03-16,09:00:44 AM,09:00:00,Hot-Wet,2009-03-16 09:00:00,3
14.65082194,-19.18601481,LA6,2009-03-16,09:20:44 AM,09:20:00,Hot-Wet,2009-03-16 09:20:00,3
14.65592753,-19.18648478,LA6,2009-03-16,09:40:44 AM,09:40:00,Hot-Wet,2009-03-16 09:40:00,3
14.65888774,-19.19048258,LA6,2009-03-16,10:00:44 AM,10:00:00,Hot-Wet,2009-03-16 10:00:00,3
14.66016235,-19.19262085,LA6,2009-03-16,10:20:44 AM,10:20:00,Hot-Wet,2009-03-16 10:20:00,3
14.66074931,-19.19610799,LA6,2009-03-16,10:40:44 AM,10:40:00,Hot-Wet,2009-03-16 10:40:00,3
14.65866089,-19.19705607,LA6,2009-03-16,11:00:44 AM,11:00:00,Hot-Wet,2009-03-16 11:00:00,3
14.65984294,-19.1993103,LA6,2009-03-16,11:20:44 AM,11:20:00,Hot-Wet,2009-03-16 11:20:00,3
14.6570577,-19.19979858,LA6,2009-03-16,11:40:44 AM,11:40:00,Hot-Wet,2009-03-16 11:40:00,3
14.65435282,-19.1984314,LA6,2009-03-16,12:00:44 PM,12:00:00,Hot-Wet,2009-03-16 12:00:00,3
14.65043538,-19.19832357,LA6,2009-03-16,12:20:44 PM,12:20:00,Hot-Wet,2009-03-16 12:20:00,3
14.64884745,-19.19871012,LA6,2009-03-16,12:40:44 PM,12:40:00,Hot-Wet,2009-03-16 12:40:00,3
14.64572652,-19.19897664,LA6,2009-03-16,01:00:44 PM,13:00:00,Hot-Wet,2009-03-16 13:00:00,3
14.64093323,-19.19949137,LA6,2009-03-16,01:20:44 PM,13:20:00,Hot-Wet,2009-03-16 13:20:00,3
14.63644307,-19.20095418,LA6,2009-03-16,01:40:44 PM,13:40:00,Hot-Wet,2009-03-16 13:40:00,3
14.6346344,-19.20354411,LA6,2009-03-16,02:00:44 PM,14:00:00,Hot-Wet,2009-03-16 14:00:00,3
14.63633423,-19.20558879,LA6,2009-03-16,02:20:44 PM,14:20:00,Hot-Wet,2009-03-16 14:20:00,3
14.63796488,-19.20809733,LA6,2009-03-16,02:40:44 PM,14:40:00,Hot-Wet,2009-03-16 14:40:00,3
14.63418986,-19.20980225,LA6,2009-03-16,03:00:43 PM,15:00:00,Hot-Wet,2009-03-16 15:00:00,3
14.63135274,-19.2105367,LA6,2009-03-16,03:20:44 PM,15:20:00,Hot-Wet,2009-03-16 15:20:00,3
14.6260732,-19.20977376,LA6,2009-03-16,03:40:44 PM,15:40:00,Hot-Wet,2009-03-16 15:40:00,3
14.62196554,-19.20831502,LA6,2009-03-16,04:00:54 PM,16:00:00,Hot-Wet,2009-03-16 16:00:00,3
14.61970622,-19.20573934,LA6,2009-03-16,04:20:54 PM,16:20:00,Hot-Wet,2009-03-16 16:20:00,3
14.61759644,-19.20072632,LA6,2009-03-16,04:40:54 PM,16:40:00,Hot-Wet,2009-03-16 16:40:00,3
14.61355489,-19.19656372,LA6,2009-03-16,05:00:55 PM,17:00:00,Hot-Wet,2009-03-16 17:00:00,3
14.61266988,-19.19532674,LA6,2009-03-16,05:20:54 PM,17:20:00,Hot-Wet,2009-03-16 17:20:00,3
14.61042582,-19.19395142,LA6,2009-03-16,05:40:54 PM,17:40:00,Hot-Wet,2009-03-16 17:40:00,3
14.60952148,-19.19336548,LA6,2009-03-16,06:00:54 PM,18:00:00,Hot-Wet,2009-03-16 18:00:00,3
14.60890299,-19.19178263,LA6,2009-03-16,06:20:54 PM,18:20:00,Hot-Wet,2009-03-16 18:20:00,3
14.60880229,-19.19075317,LA6,2009-03-16,06:40:54 PM,18:40:00,Hot-Wet,2009-03-16 18:40:00,3
14.60810852,-19.1888326,LA6,2009-03-16,07:00:54 PM,19:00:00,Hot-Wet,2009-03-16 19:00:00,3
14.60816447,-19.18886515,LA6,2009-03-16,07:20:54 PM,19:20:00,Hot-Wet,2009-03-16 19:20:00,3
14.60809326,-19.18884481,LA6,2009-03-16,07:40:54 PM,19:40:00,Hot-Wet,2009-03-16 19:40:00,3
14.60809428,-19.18885091,LA6,2009-03-16,08:00:54 PM,20:00:00,Hot-Wet,2009-03-16 20:00:00,3
14.60813599,-19.18887533,LA6,2009-03-16,08:20:54 PM,20:20:00,Hot-Wet,2009-03-16 20:20:00,3
14.60788574,-19.18890584,LA6,2009-03-16,08:40:54 PM,20:40:00,Hot-Wet,2009-03-16 20:40:00,3
14.60770976,-19.18878377,LA6,2009-03-16,09:01:01 PM,21:01:00,Hot-Wet,2009-03-16 21:01:00,3
14.60771281,-19.18879801,LA6,2009-03-16,09:20:54 PM,21:20:00,Hot-Wet,2009-03-16 21:20:00,3
14.6077006,-19.18881022,LA6,2009-03-16,09:41:01 PM,21:41:00,Hot-Wet,2009-03-16 21:41:00,3
14.60772196,-19.18881022,LA6,2009-03-16,10:00:54 PM,22:00:00,Hot-Wet,2009-03-16 22:00:00,3
14.60770569,-19.18883057,LA6,2009-03-16,10:20:54 PM,22:20:00,Hot-Wet,2009-03-16 22:20:00,3
14.60667419,-19.18882853,LA6,2009-03-16,10:40:54 PM,22:40:00,Hot-Wet,2009-03-16 22:40:00,3
14.60575053,-19.18882039,LA6,2009-03-16,11:00:54 PM,23:00:00,Hot-Wet,2009-03-16 23:00:00,3
14.60352681,-19.18919678,LA6,2009-03-16,11:20:54 PM,23:20:00,Hot-Wet,2009-03-16 23:20:00,3
14.6027537,-19.18899943,LA6,2009-03-16,11:40:54 PM,23:40:00,Hot-Wet,2009-03-16 23:40:00,3
14.60129089,-19.18851115,LA6,2009-03-17,12:00:54 AM,00:00:00,Hot-Wet,2009-03-17 00:00:00,3
14.60172628,-19.18906453,LA6,2009-03-17,12:20:54 AM,00:20:00,Hot-Wet,2009-03-17 00:20:00,3
14.60199178,-19.1895752,LA6,2009-03-17,12:40:54 AM,00:40:00,Hot-Wet,2009-03-17 00:40:00,3
14.60341187,-19.18943888,LA6,2009-03-17,01:00:54 AM,01:00:00,Hot-Wet,2009-03-17 01:00:00,3
14.60338949,-19.18934733,LA6,2009-03-17,01:20:54 AM,01:20:00,Hot-Wet,2009-03-17 01:20:00,3
14.60343424,-19.1893453,LA6,2009-03-17,01:40:54 AM,01:40:00,Hot-Wet,2009-03-17 01:40:00,3
14.60338745,-19.18936971,LA6,2009-03-17,02:00:54 AM,02:00:00,Hot-Wet,2009-03-17 02:00:00,3
14.60336405,-19.18937988,LA6,2009-03-17,02:20:54 AM,02:20:00,Hot-Wet,2009-03-17 02:20:00,3
14.60340068,-19.18936361,LA6,2009-03-17,02:40:54 AM,02:40:00,Hot-Wet,2009-03-17 02:40:00,3
14.60340881,-19.18934326,LA6,2009-03-17,03:00:54 AM,03:00:00,Hot-Wet,2009-03-17 03:00:00,3
14.60350342,-19.18925985,LA6,2009-03-17,03:20:54 AM,03:20:00,Hot-Wet,2009-03-17 03:20:00,3
14.6038564,-19.19027913,LA6,2009-03-17,03:40:54 AM,03:40:00,Hot-Wet,2009-03-17 03:40:00,3
14.60394287,-19.19038086,LA6,2009-03-17,04:00:54 AM,04:00:00,Hot-Wet,2009-03-17 04:00:00,3
14.60390523,-19.19034627,LA6,2009-03-17,04:20:54 AM,04:20:00,Hot-Wet,2009-03-17 04:20:00,3
14.60360209,-19.19056193,LA6,2009-03-17,04:40:54 AM,04:40:00,Hot-Wet,2009-03-17 04:40:00,3
14.60215149,-19.19043783,LA6,2009-03-17,05:00:54 AM,05:00:00,Hot-Wet,2009-03-17 05:00:00,3
14.59927775,-19.1929423,LA6,2009-03-17,05:20:54 AM,05:20:00,Hot-Wet,2009-03-17 05:20:00,3
14.59788208,-19.1953125,LA6,2009-03-17,05:40:54 AM,05:40:00,Hot-Wet,2009-03-17 05:40:00,3
14.5962677,-19.19719035,LA6,2009-03-17,06:00:54 AM,06:00:00,Hot-Wet,2009-03-17 06:00:00,3
14.59323527,-19.19865723,LA6,2009-03-17,06:20:54 AM,06:20:00,Hot-Wet,2009-03-17 06:20:00,3
14.59188029,-19.1997762,LA6,2009-03-17,06:40:54 AM,06:40:00,Hot-Wet,2009-03-17 06:40:00,3
14.58820089,-19.19924723,LA6,2009-03-17,07:00:54 AM,07:00:00,Hot-Wet,2009-03-17 07:00:00,3
14.586321,-19.19936523,LA6,2009-03-17,07:20:54 AM,07:20:00,Hot-Wet,2009-03-17 07:20:00,3
14.58523254,-19.19979045,LA6,2009-03-17,07:40:54 AM,07:40:00,Hot-Wet,2009-03-17 07:40:00,3
14.58466797,-19.20096029,LA6,2009-03-17,08:00:54 AM,08:00:00,Hot-Wet,2009-03-17 08:00:00,3
14.58233744,-19.20427856,LA6,2009-03-17,08:20:54 AM,08:20:00,Hot-Wet,2009-03-17 08:20:00,3
14.58083089,-19.20788371,LA6,2009-03-17,08:40:54 AM,08:40:00,Hot-Wet,2009-03-17 08:40:00,3
14.57822367,-19.20916748,LA6,2009-03-17,09:00:54 AM,09:00:00,Hot-Wet,2009-03-17 09:00:00,3
14.57204386,-19.2080424,LA6,2009-03-17,09:20:54 AM,09:20:00,Hot-Wet,2009-03-17 09:20:00,3
14.57208049,-19.20928345,LA6,2009-03-17,09:40:54 AM,09:40:00,Hot-Wet,2009-03-17 09:40:00,3
14.57176921,-19.20956217,LA6,2009-03-17,10:00:54 AM,10:00:00,Hot-Wet,2009-03-17 10:00:00,3
14.57052104,-19.21153768,LA6,2009-03-17,10:20:54 AM,10:20:00,Hot-Wet,2009-03-17 10:20:00,3
14.56952108,-19.21264852,LA6,2009-03-17,10:40:54 AM,10:40:00,Hot-Wet,2009-03-17 10:40:00,3
14.56770121,-19.21192424,LA6,2009-03-17,11:00:54 AM,11:00:00,Hot-Wet,2009-03-17 11:00:00,3
14.56515299,-19.21402588,LA6,2009-03-17,11:20:54 AM,11:20:00,Hot-Wet,2009-03-17 11:20:00,3
14.56170756,-19.21611735,LA6,2009-03-17,11:40:54 AM,11:40:00,Hot-Wet,2009-03-17 11:40:00,3
14.5574707,-19.21665446,LA6,2009-03-17,12:00:54 PM,12:00:00,Hot-Wet,2009-03-17 12:00:00,3
14.55165914,-19.2151591,LA6,2009-03-17,12:20:54 PM,12:20:00,Hot-Wet,2009-03-17 12:20:00,3
14.55448303,-19.21426595,LA6,2009-03-17,12:40:54 PM,12:40:00,Hot-Wet,2009-03-17 12:40:00,3
14.55533854,-19.21435547,LA6,2009-03-17,01:00:54 PM,13:00:00,Hot-Wet,2009-03-17 13:00:00,3
14.5561615,-19.21428833,LA6,2009-03-17,01:20:54 PM,13:20:00,Hot-Wet,2009-03-17 13:20:00,3
14.55594381,-19.21341553,LA6,2009-03-17,01:40:54 PM,13:40:00,Hot-Wet,2009-03-17 13:40:00,3
14.5559611,-19.21344808,LA6,2009-03-17,02:00:54 PM,14:00:00,Hot-Wet,2009-03-17 14:00:00,3
14.55712585,-19.21408691,LA6,2009-03-17,02:20:54 PM,14:20:00,Hot-Wet,2009-03-17 14:20:00,3
14.55781453,-19.21388957,LA6,2009-03-17,02:40:54 PM,14:40:00,Hot-Wet,2009-03-17 14:40:00,3
14.55986023,-19.21480509,LA6,2009-03-17,03:00:54 PM,15:00:00,Hot-Wet,2009-03-17 15:00:00,3
14.56185811,-19.21658936,LA6,2009-03-17,03:20:54 PM,15:20:00,Hot-Wet,2009-03-17 15:20:00,3
14.56268209,-19.21883138,LA6,2009-03-17,03:40:54 PM,15:40:00,Hot-Wet,2009-03-17 15:40:00,3
14.56670532,-19.21964111,LA6,2009-03-17,04:00:54 PM,16:00:00,Hot-Wet,2009-03-17 16:00:00,3
14.56807251,-19.21986694,LA6,2009-03-17,04:20:54 PM,16:20:00,Hot-Wet,2009-03-17 16:20:00,3
14.56925252,-19.22018026,LA6,2009-03-17,04:40:54 PM,16:40:00,Hot-Wet,2009-03-17 16:40:00,3
14.56989237,-19.2208313,LA6,2009-03-17,05:00:54 PM,17:00:00,Hot-Wet,2009-03-17 17:00:00,3
14.57161255,-19.22052612,LA6,2009-03-17,05:20:53 PM,17:20:00,Hot-Wet,2009-03-17 17:20:00,3
14.57311198,-19.22030436,LA6,2009-03-17,05:40:54 PM,17:40:00,Hot-Wet,2009-03-17 17:40:00,3
14.57388713,-19.22014364,LA6,2009-03-17,06:00:54 PM,18:00:00,Hot-Wet,2009-03-17 18:00:00,3
14.57565511,-19.22021077,LA6,2009-03-17,06:20:54 PM,18:20:00,Hot-Wet,2009-03-17 18:20:00,3
14.57621765,-19.21942342,LA6,2009-03-17,06:40:54 PM,18:40:00,Hot-Wet,2009-03-17 18:40:00,3
14.57671102,-19.21890666,LA6,2009-03-17,07:00:54 PM,19:00:00,Hot-Wet,2009-03-17 19:00:00,3
14.576828,-19.21912842,LA6,2009-03-17,07:20:54 PM,19:20:00,Hot-Wet,2009-03-17 19:20:00,3
14.5774231,-19.21892497,LA6,2009-03-17,07:40:54 PM,19:40:00,Hot-Wet,2009-03-17 19:40:00,3
14.57740784,-19.21897786,LA6,2009-03-17,08:00:54 PM,20:00:00,Hot-Wet,2009-03-17 20:00:00,3
14.5777771,-19.21854045,LA6,2009-03-17,08:20:54 PM,20:20:00,Hot-Wet,2009-03-17 20:20:00,3
14.57776998,-19.21833293,LA6,2009-03-17,08:40:54 PM,20:40:00,Hot-Wet,2009-03-17 20:40:00,3
14.57796326,-19.21812337,LA6,2009-03-17,09:00:54 PM,21:00:00,Hot-Wet,2009-03-17 21:00:00,3
14.57832336,-19.21802572,LA6,2009-03-17,09:20:54 PM,21:20:00,Hot-Wet,2009-03-17 21:20:00,3
14.57908936,-19.21872965,LA6,2009-03-17,09:40:54 PM,21:40:00,Hot-Wet,2009-03-17 21:40:00,3
14.57895406,-19.21846517,LA6,2009-03-17,10:00:54 PM,22:00:00,Hot-Wet,2009-03-17 22:00:00,3
14.57818502,-19.21772257,LA6,2009-03-17,10:20:54 PM,22:20:00,Hot-Wet,2009-03-17 22:20:00,3
14.57817281,-19.21771037,LA6,2009-03-17,10:40:54 PM,22:40:00,Hot-Wet,2009-03-17 22:40:00,3
14.57812195,-19.21784465,LA6,2009-03-17,11:00:54 PM,23:00:00,Hot-Wet,2009-03-17 23:00:00,3
14.5781189,-19.2178243,LA6,2009-03-17,11:20:54 PM,23:20:00,Hot-Wet,2009-03-17 23:20:00,3
14.57818909,-19.21773071,LA6,2009-03-17,11:40:54 PM,23:40:00,Hot-Wet,2009-03-17 23:40:00,3
14.57818298,-19.21773885,LA6,2009-03-18,12:00:54 AM,00:00:00,Hot-Wet,2009-03-18 00:00:00,3
14.57862447,-19.2172526,LA6,2009-03-18,12:20:54 AM,00:20:00,Hot-Wet,2009-03-18 00:20:00,3
14.57889099,-19.21652425,LA6,2009-03-18,12:40:54 AM,00:40:00,Hot-Wet,2009-03-18 00:40:00,3
14.57888285,-19.21624756,LA6,2009-03-18,01:00:54 AM,01:00:00,Hot-Wet,2009-03-18 01:00:00,3
14.58071493,-19.2168925,LA6,2009-03-18,01:20:54 AM,01:20:00,Hot-Wet,2009-03-18 01:20:00,3
14.58264771,-19.21679891,LA6,2009-03-18,01:40:54 AM,01:40:00,Hot-Wet,2009-03-18 01:40:00,3
14.58296712,-19.21661174,LA6,2009-03-18,02:00:54 AM,02:00:00,Hot-Wet,2009-03-18 02:00:00,3
14.58312276,-19.21614787,LA6,2009-03-18,02:20:54 AM,02:20:00,Hot-Wet,2009-03-18 02:20:00,3
14.5827769,-19.21568197,LA6,2009-03-18,02:40:54 AM,02:40:00,Hot-Wet,2009-03-18 02:40:00,3
14.58271993,-19.2156901,LA6,2009-03-18,03:00:54 AM,03:00:00,Hot-Wet,2009-03-18 03:00:00,3
14.58280436,-19.21567993,LA6,2009-03-18,03:20:54 AM,03:20:00,Hot-Wet,2009-03-18 03:20:00,3
14.58324483,-19.21477661,LA6,2009-03-18,03:40:54 AM,03:40:00,Hot-Wet,2009-03-18 03:40:00,3
14.58352966,-19.21468302,LA6,2009-03-18,04:00:54 AM,04:00:00,Hot-Wet,2009-03-18 04:00:00,3
14.58321838,-19.21416626,LA6,2009-03-18,04:20:54 AM,04:20:00,Hot-Wet,2009-03-18 04:20:00,3
14.584257,-19.21401164,LA6,2009-03-18,04:40:54 AM,04:40:00,Hot-Wet,2009-03-18 04:40:00,3
14.58244629,-19.21318156,LA6,2009-03-18,05:00:54 AM,05:00:00,Hot-Wet,2009-03-18 05:00:00,3
14.58111471,-19.21263835,LA6,2009-03-18,05:20:54 AM,05:20:00,Hot-Wet,2009-03-18 05:20:00,3
14.57905273,-19.21400146,LA6,2009-03-18,05:40:54 AM,05:40:00,Hot-Wet,2009-03-18 05:40:00,3
14.57661438,-19.21392822,LA6,2009-03-18,06:00:54 AM,06:00:00,Hot-Wet,2009-03-18 06:00:00,3
14.57422282,-19.2152771,LA6,2009-03-18,06:20:54 AM,06:20:00,Hot-Wet,2009-03-18 06:20:00,3
14.57045797,-19.21579386,LA6,2009-03-18,06:40:54 AM,06:40:00,Hot-Wet,2009-03-18 06:40:00,3
14.56735535,-19.2175354,LA6,2009-03-18,07:00:54 AM,07:00:00,Hot-Wet,2009-03-18 07:00:00,3
14.56588236,-19.21837972,LA6,2009-03-18,07:20:54 AM,07:20:00,Hot-Wet,2009-03-18 07:20:00,3
14.56309204,-19.21946411,LA6,2009-03-18,07:40:54 AM,07:40:00,Hot-Wet,2009-03-18 07:40:00,3
14.56071676,-19.2217631,LA6,2009-03-18,08:00:54 AM,08:00:00,Hot-Wet,2009-03-18 08:00:00,3
14.557488,-19.2184611,LA6,2009-03-18,08:20:54 AM,08:20:00,Hot-Wet,2009-03-18 08:20:00,3
14.55657247,-19.21662394,LA6,2009-03-18,08:40:54 AM,08:40:00,Hot-Wet,2009-03-18 08:40:00,3
14.55354309,-19.21544393,LA6,2009-03-18,09:00:54 AM,09:00:00,Hot-Wet,2009-03-18 09:00:00,3
14.55311991,-19.2132019,LA6,2009-03-18,09:20:54 AM,09:20:00,Hot-Wet,2009-03-18 09:20:00,3
14.5515035,-19.21224772,LA6,2009-03-18,09:40:54 AM,09:40:00,Hot-Wet,2009-03-18 09:40:00,3
14.55032552,-19.212618,LA6,2009-03-18,10:00:54 AM,10:00:00,Hot-Wet,2009-03-18 10:00:00,3
14.55001831,-19.21172892,LA6,2009-03-18,10:20:54 AM,10:20:00,Hot-Wet,2009-03-18 10:20:00,3
14.54989929,-19.21177775,LA6,2009-03-18,10:40:54 AM,10:40:00,Hot-Wet,2009-03-18 10:40:00,3
14.54825745,-19.21604818,LA6,2009-03-18,11:00:54 AM,11:00:00,Hot-Wet,2009-03-18 11:00:00,3
14.54541423,-19.21642253,LA6,2009-03-18,11:20:54 AM,11:20:00,Hot-Wet,2009-03-18 11:20:00,3
14.54286601,-19.21065877,LA6,2009-03-18,11:40:54 AM,11:40:00,Hot-Wet,2009-03-18 11:40:00,3
14.54111226,-19.21114299,LA6,2009-03-18,12:00:54 PM,12:00:00,Hot-Wet,2009-03-18 12:00:00,3
14.53859863,-19.20997111,LA6,2009-03-18,12:20:54 PM,12:20:00,Hot-Wet,2009-03-18 12:20:00,3
14.53707987,-19.20923462,LA6,2009-03-18,12:40:54 PM,12:40:00,Hot-Wet,2009-03-18 12:40:00,3
14.53669128,-19.20808716,LA6,2009-03-18,01:00:54 PM,13:00:00,Hot-Wet,2009-03-18 13:00:00,3
14.53425802,-19.21046346,LA6,2009-03-18,01:20:53 PM,13:20:00,Hot-Wet,2009-03-18 13:20:00,3
14.53326314,-19.21268311,LA6,2009-03-18,01:40:54 PM,13:40:00,Hot-Wet,2009-03-18 13:40:00,3
14.53150126,-19.21245931,LA6,2009-03-18,02:00:54 PM,14:00:00,Hot-Wet,2009-03-18 14:00:00,3
14.52990621,-19.21113688,LA6,2009-03-18,02:20:54 PM,14:20:00,Hot-Wet,2009-03-18 14:20:00,3
14.52867228,-19.21027629,LA6,2009-03-18,02:40:54 PM,14:40:00,Hot-Wet,2009-03-18 14:40:00,3
14.52612,-19.20876465,LA6,2009-03-18,03:00:53 PM,15:00:00,Hot-Wet,2009-03-18 15:00:00,3
14.52339071,-19.20943807,LA6,2009-03-18,03:20:54 PM,15:20:00,Hot-Wet,2009-03-18 15:20:00,3
14.52101237,-19.20727132,LA6,2009-03-18,03:40:54 PM,15:40:00,Hot-Wet,2009-03-18 15:40:00,3
14.5226003,-19.20602417,LA6,2009-03-18,04:00:54 PM,16:00:00,Hot-Wet,2009-03-18 16:00:00,3
14.52340088,-19.20650431,LA6,2009-03-18,04:20:54 PM,16:20:00,Hot-Wet,2009-03-18 16:20:00,3
14.5256307,-19.20382894,LA6,2009-03-18,04:40:54 PM,16:40:00,Hot-Wet,2009-03-18 16:40:00,3
14.52692362,-19.20299072,LA6,2009-03-18,05:00:54 PM,17:00:00,Hot-Wet,2009-03-18 17:00:00,3
14.52941081,-19.19978027,LA6,2009-03-18,05:20:54 PM,17:20:00,Hot-Wet,2009-03-18 17:20:00,3
14.53073934,-19.20004272,LA6,2009-03-18,05:40:54 PM,17:40:00,Hot-Wet,2009-03-18 17:40:00,3
14.53072205,-19.2000529,LA6,2009-03-18,06:00:44 PM,18:00:00,Hot-Wet,2009-03-18 18:00:00,3
14.53143819,-19.19934692,LA6,2009-03-18,06:20:44 PM,18:20:00,Hot-Wet,2009-03-18 18:20:00,3
14.53140462,-19.19894002,LA6,2009-03-18,06:40:44 PM,18:40:00,Hot-Wet,2009-03-18 18:40:00,3
14.53100077,-19.19872233,LA6,2009-03-18,07:00:44 PM,19:00:00,Hot-Wet,2009-03-18 19:00:00,3
14.53187663,-19.1986674,LA6,2009-03-18,07:20:44 PM,19:20:00,Hot-Wet,2009-03-18 19:20:00,3
14.53184713,-19.19869385,LA6,2009-03-18,07:40:51 PM,19:40:00,Hot-Wet,2009-03-18 19:40:00,3
14.53205668,-19.19868164,LA6,2009-03-18,08:00:44 PM,20:00:00,Hot-Wet,2009-03-18 20:00:00,3
14.53202718,-19.19861247,LA6,2009-03-18,08:20:51 PM,20:20:00,Hot-Wet,2009-03-18 20:20:00,3
14.53242086,-19.19822184,LA6,2009-03-18,08:40:44 PM,20:40:00,Hot-Wet,2009-03-18 20:40:00,3
14.53229065,-19.19847819,LA6,2009-03-18,09:00:44 PM,21:00:00,Hot-Wet,2009-03-18 21:00:00,3
14.53255514,-19.19995321,LA6,2009-03-18,09:20:44 PM,21:20:00,Hot-Wet,2009-03-18 21:20:00,3
14.53323161,-19.20221965,LA6,2009-03-18,09:40:44 PM,21:40:00,Hot-Wet,2009-03-18 21:40:00,3
14.53589986,-19.20358683,LA6,2009-03-18,10:00:44 PM,22:00:00,Hot-Wet,2009-03-18 22:00:00,3
14.53605754,-19.20374349,LA6,2009-03-18,10:20:44 PM,22:20:00,Hot-Wet,2009-03-18 22:20:00,3
14.53694865,-19.20424601,LA6,2009-03-18,10:40:44 PM,22:40:00,Hot-Wet,2009-03-18 22:40:00,3
14.53765869,-19.20431722,LA6,2009-03-18,11:00:44 PM,23:00:00,Hot-Wet,2009-03-18 23:00:00,3
14.53841756,-19.20573527,LA6,2009-03-18,11:20:44 PM,23:20:00,Hot-Wet,2009-03-18 23:20:00,3
14.53913981,-19.20789185,LA6,2009-03-18,11:40:44 PM,23:40:00,Hot-Wet,2009-03-18 23:40:00,3
14.5365153,-19.21057536,LA6,2009-03-19,12:00:44 AM,00:00:00,Hot-Wet,2009-03-19 00:00:00,3
14.53443095,-19.21305949,LA6,2009-03-19,12:20:44 AM,00:20:00,Hot-Wet,2009-03-19 00:20:00,3
14.53250631,-19.2160319,LA6,2009-03-19,12:40:44 AM,00:40:00,Hot-Wet,2009-03-19 00:40:00,3
14.53237101,-19.21755575,LA6,2009-03-19,01:00:44 AM,01:00:00,Hot-Wet,2009-03-19 01:00:00,3
14.53098246,-19.21802368,LA6,2009-03-19,01:20:44 AM,01:20:00,Hot-Wet,2009-03-19 01:20:00,3
14.53099569,-19.21804199,LA6,2009-03-19,01:40:44 AM,01:40:00,Hot-Wet,2009-03-19 01:40:00,3
14.53097026,-19.21800537,LA6,2009-03-19,02:00:44 AM,02:00:00,Hot-Wet,2009-03-19 02:00:00,3
14.53100688,-19.21800537,LA6,2009-03-19,02:20:44 AM,02:20:00,Hot-Wet,2009-03-19 02:20:00,3
14.53074036,-19.21784465,LA6,2009-03-19,02:40:44 AM,02:40:00,Hot-Wet,2009-03-19 02:40:00,3
14.53079427,-19.21785075,LA6,2009-03-19,03:00:44 AM,03:00:00,Hot-Wet,2009-03-19 03:00:00,3
14.52797852,-19.21507365,LA6,2009-03-19,03:20:44 AM,03:20:00,Hot-Wet,2009-03-19 03:20:00,3
14.52471313,-19.21403402,LA6,2009-03-19,03:40:44 AM,03:40:00,Hot-Wet,2009-03-19 03:40:00,3
14.52463582,-19.21374105,LA6,2009-03-19,04:00:44 AM,04:00:00,Hot-Wet,2009-03-19 04:00:00,3
14.52462565,-19.21376139,LA6,2009-03-19,04:20:44 AM,04:20:00,Hot-Wet,2009-03-19 04:20:00,3
14.52459717,-19.21375529,LA6,2009-03-19,04:40:44 AM,04:40:00,Hot-Wet,2009-03-19 04:40:00,3
14.52348429,-19.21262207,LA6,2009-03-19,05:00:44 AM,05:00:00,Hot-Wet,2009-03-19 05:00:00,3
14.52348429,-19.21263631,LA6,2009-03-19,05:20:44 AM,05:20:00,Hot-Wet,2009-03-19 05:20:00,3
14.52076009,-19.20808309,LA6,2009-03-19,05:40:44 AM,05:40:00,Hot-Wet,2009-03-19 05:40:00,3
14.51591593,-19.2002299,LA6,2009-03-19,06:00:44 AM,06:00:00,Hot-Wet,2009-03-19 06:00:00,3
14.5127655,-19.19580892,LA6,2009-03-19,06:20:44 AM,06:20:00,Hot-Wet,2009-03-19 06:20:00,3
14.51256816,-19.19159749,LA6,2009-03-19,06:40:44 AM,06:40:00,Hot-Wet,2009-03-19 06:40:00,3
14.50934753,-19.18918254,LA6,2009-03-19,07:00:44 AM,07:00:00,Hot-Wet,2009-03-19 07:00:00,3
14.50621338,-19.18854574,LA6,2009-03-19,07:20:44 AM,07:20:00,Hot-Wet,2009-03-19 07:20:00,3
14.50483195,-19.18917033,LA6,2009-03-19,07:40:44 AM,07:40:00,Hot-Wet,2009-03-19 07:40:00,3
14.50526225,-19.18724976,LA6,2009-03-19,08:00:44 AM,08:00:00,Hot-Wet,2009-03-19 08:00:00,3
14.50299988,-19.18402303,LA6,2009-03-19,08:20:44 AM,08:20:00,Hot-Wet,2009-03-19 08:20:00,3
14.50407104,-19.18363037,LA6,2009-03-19,08:40:44 AM,08:40:00,Hot-Wet,2009-03-19 08:40:00,3
14.50085347,-19.18306885,LA6,2009-03-19,09:00:44 AM,09:00:00,Hot-Wet,2009-03-19 09:00:00,3
14.49565837,-19.18211263,LA6,2009-03-19,09:20:44 AM,09:20:00,Hot-Wet,2009-03-19 09:20:00,3
14.49235128,-19.18206787,LA6,2009-03-19,09:40:44 AM,09:40:00,Hot-Wet,2009-03-19 09:40:00,3
14.49269307,-19.18116455,LA6,2009-03-19,10:00:44 AM,10:00:00,Hot-Wet,2009-03-19 10:00:00,3
14.49290568,-19.18006592,LA6,2009-03-19,10:20:44 AM,10:20:00,Hot-Wet,2009-03-19 10:20:00,3
14.49460449,-19.17689209,LA6,2009-03-19,10:40:44 AM,10:40:00,Hot-Wet,2009-03-19 10:40:00,3
14.49664815,-19.17573853,LA6,2009-03-19,11:00:43 AM,11:00:00,Hot-Wet,2009-03-19 11:00:00,3
14.4981781,-19.17506714,LA6,2009-03-19,11:20:44 AM,11:20:00,Hot-Wet,2009-03-19 11:20:00,3
14.50151978,-19.17019246,LA6,2009-03-19,11:40:44 AM,11:40:00,Hot-Wet,2009-03-19 11:40:00,3
14.50152791,-19.17019857,LA6,2009-03-19,12:00:44 PM,12:00:00,Hot-Wet,2009-03-19 12:00:00,3
14.49961446,-19.16638794,LA6,2009-03-19,12:20:44 PM,12:20:00,Hot-Wet,2009-03-19 12:20:00,3
14.49595032,-19.16244303,LA6,2009-03-19,12:40:44 PM,12:40:00,Hot-Wet,2009-03-19 12:40:00,3
14.49496969,-19.15923462,LA6,2009-03-19,01:00:44 PM,13:00:00,Hot-Wet,2009-03-19 13:00:00,3
14.49361572,-19.15605062,LA6,2009-03-19,01:20:44 PM,13:20:00,Hot-Wet,2009-03-19 13:20:00,3
14.49533285,-19.1541626,LA6,2009-03-19,01:40:44 PM,13:40:00,Hot-Wet,2009-03-19 13:40:00,3
14.49595032,-19.15301107,LA6,2009-03-19,02:00:44 PM,14:00:00,Hot-Wet,2009-03-19 14:00:00,3
14.49460449,-19.15067952,LA6,2009-03-19,02:20:44 PM,14:20:00,Hot-Wet,2009-03-19 14:20:00,3
14.49066264,-19.149705,LA6,2009-03-19,02:40:44 PM,14:40:00,Hot-Wet,2009-03-19 14:40:00,3
14.49155986,-19.14764608,LA6,2009-03-19,03:00:44 PM,15:00:00,Hot-Wet,2009-03-19 15:00:00,3
14.49066366,-19.14582113,LA6,2009-03-19,03:20:44 PM,15:20:00,Hot-Wet,2009-03-19 15:20:00,3
14.49060364,-19.14477743,LA6,2009-03-19,03:40:44 PM,15:40:00,Hot-Wet,2009-03-19 15:40:00,3
14.4908783,-19.14488525,LA6,2009-03-19,04:00:44 PM,16:00:00,Hot-Wet,2009-03-19 16:00:00,3
14.4929189,-19.14527588,LA6,2009-03-19,04:20:44 PM,16:20:00,Hot-Wet,2009-03-19 16:20:00,3
14.49455058,-19.14676107,LA6,2009-03-19,04:40:44 PM,16:40:00,Hot-Wet,2009-03-19 16:40:00,3
14.49581604,-19.14766846,LA6,2009-03-19,05:00:44 PM,17:00:00,Hot-Wet,2009-03-19 17:00:00,3
14.49627686,-19.14882609,LA6,2009-03-19,05:20:44 PM,17:20:00,Hot-Wet,2009-03-19 17:20:00,3
14.49898173,-19.14657186,LA6,2009-03-19,05:40:44 PM,17:40:00,Hot-Wet,2009-03-19 17:40:00,3
14.50213216,-19.14360352,LA6,2009-03-19,06:00:44 PM,18:00:00,Hot-Wet,2009-03-19 18:00:00,3
14.50169169,-19.14078369,LA6,2009-03-19,06:20:44 PM,18:20:00,Hot-Wet,2009-03-19 18:20:00,3
14.50320231,-19.14020386,LA6,2009-03-19,06:40:44 PM,18:40:00,Hot-Wet,2009-03-19 18:40:00,3
14.50626322,-19.13924967,LA6,2009-03-19,07:00:44 PM,19:00:00,Hot-Wet,2009-03-19 19:00:00,3
14.5074056,-19.13874919,LA6,2009-03-19,07:20:44 PM,19:20:00,Hot-Wet,2009-03-19 19:20:00,3
14.50744527,-19.1385498,LA6,2009-03-19,07:40:44 PM,19:40:00,Hot-Wet,2009-03-19 19:40:00,3
14.50745341,-19.13855794,LA6,2009-03-19,08:00:44 PM,20:00:00,Hot-Wet,2009-03-19 20:00:00,3
14.50743612,-19.13854574,LA6,2009-03-19,08:20:44 PM,20:20:00,Hot-Wet,2009-03-19 20:20:00,3
14.50857951,-19.13840332,LA6,2009-03-19,08:40:44 PM,20:40:00,Hot-Wet,2009-03-19 20:40:00,3
14.50853068,-19.13841756,LA6,2009-03-19,09:00:44 PM,21:00:00,Hot-Wet,2009-03-19 21:00:00,3
14.50843404,-19.13842977,LA6,2009-03-19,09:20:44 PM,21:20:00,Hot-Wet,2009-03-19 21:20:00,3
14.50837402,-19.13839925,LA6,2009-03-19,09:40:44 PM,21:40:00,Hot-Wet,2009-03-19 21:40:00,3
14.50845032,-19.13840942,LA6,2009-03-19,10:00:43 PM,22:00:00,Hot-Wet,2009-03-19 22:00:00,3
14.50840352,-19.13838704,LA6,2009-03-19,10:20:45 PM,22:20:00,Hot-Wet,2009-03-19 22:20:00,3
14.50842285,-19.13841146,LA6,2009-03-19,10:40:44 PM,22:40:00,Hot-Wet,2009-03-19 22:40:00,3
14.50877991,-19.13808797,LA6,2009-03-19,11:00:44 PM,23:00:00,Hot-Wet,2009-03-19 23:00:00,3
14.51005859,-19.13766073,LA6,2009-03-19,11:20:44 PM,23:20:00,Hot-Wet,2009-03-19 23:20:00,3
14.50934753,-19.13850301,LA6,2009-03-19,11:40:44 PM,23:40:00,Hot-Wet,2009-03-19 23:40:00,3
14.51014099,-19.13803914,LA6,2009-03-20,12:00:44 AM,00:00:00,Hot-Wet,2009-03-20 00:00:00,3
14.5120992,-19.13654785,LA6,2009-03-20,12:20:44 AM,00:20:00,Hot-Wet,2009-03-20 00:20:00,3
14.51191406,-19.13632202,LA6,2009-03-20,12:40:44 AM,00:40:00,Hot-Wet,2009-03-20 00:40:00,3
14.51288656,-19.13511759,LA6,2009-03-20,01:00:44 AM,01:00:00,Hot-Wet,2009-03-20 01:00:00,3
14.51650594,-19.13267008,LA6,2009-03-20,01:20:44 AM,01:20:00,Hot-Wet,2009-03-20 01:20:00,3
14.51786296,-19.13222249,LA6,2009-03-20,01:40:45 AM,01:40:00,Hot-Wet,2009-03-20 01:40:00,3
14.51929626,-19.13164673,LA6,2009-03-20,02:00:44 AM,02:00:00,Hot-Wet,2009-03-20 02:00:00,3
14.51975301,-19.13068644,LA6,2009-03-20,02:20:44 AM,02:20:00,Hot-Wet,2009-03-20 02:20:00,3
14.51944682,-19.12967122,LA6,2009-03-20,02:40:44 AM,02:40:00,Hot-Wet,2009-03-20 02:40:00,3
14.52007446,-19.12933553,LA6,2009-03-20,03:00:44 AM,03:00:00,Hot-Wet,2009-03-20 03:00:00,3
14.52012533,-19.12932943,LA6,2009-03-20,03:20:44 AM,03:20:00,Hot-Wet,2009-03-20 03:20:00,3
14.52006327,-19.12935791,LA6,2009-03-20,03:40:44 AM,03:40:00,Hot-Wet,2009-03-20 03:40:00,3
14.52006734,-19.12935181,LA6,2009-03-20,04:00:44 AM,04:00:00,Hot-Wet,2009-03-20 04:00:00,3
14.52007039,-19.12934163,LA6,2009-03-20,04:20:44 AM,04:20:00,Hot-Wet,2009-03-20 04:20:00,3
14.52005615,-19.12935588,LA6,2009-03-20,04:40:44 AM,04:40:00,Hot-Wet,2009-03-20 04:40:00,3
14.52009888,-19.12938232,LA6,2009-03-20,05:00:44 AM,05:00:00,Hot-Wet,2009-03-20 05:00:00,3
14.52095439,-19.13030396,LA6,2009-03-20,05:20:44 AM,05:20:00,Hot-Wet,2009-03-20 05:20:00,3
14.52146098,-19.13034058,LA6,2009-03-20,05:40:44 AM,05:40:00,Hot-Wet,2009-03-20 05:40:00,3
14.5225942,-19.13013713,LA6,2009-03-20,06:00:44 AM,06:00:00,Hot-Wet,2009-03-20 06:00:00,3
14.52331645,-19.12920736,LA6,2009-03-20,06:20:44 AM,06:20:00,Hot-Wet,2009-03-20 06:20:00,3
14.52269287,-19.12879028,LA6,2009-03-20,06:40:44 AM,06:40:00,Hot-Wet,2009-03-20 06:40:00,3
14.51973877,-19.1280721,LA6,2009-03-20,07:00:44 AM,07:00:00,Hot-Wet,2009-03-20 07:00:00,3
14.51823527,-19.12603556,LA6,2009-03-20,07:20:44 AM,07:20:00,Hot-Wet,2009-03-20 07:20:00,3
14.51265157,-19.1272644,LA6,2009-03-20,07:40:44 AM,07:40:00,Hot-Wet,2009-03-20 07:40:00,3
14.51024577,-19.12879232,LA6,2009-03-20,08:00:44 AM,08:00:00,Hot-Wet,2009-03-20 08:00:00,3
14.51010132,-19.12938232,LA6,2009-03-20,08:20:44 AM,08:20:00,Hot-Wet,2009-03-20 08:20:00,3
14.50940145,-19.13075155,LA6,2009-03-20,08:40:44 AM,08:40:00,Hot-Wet,2009-03-20 08:40:00,3
14.5091746,-19.13145345,LA6,2009-03-20,09:00:44 AM,09:00:00,Hot-Wet,2009-03-20 09:00:00,3
14.50776571,-19.13185832,LA6,2009-03-20,09:20:44 AM,09:20:00,Hot-Wet,2009-03-20 09:20:00,3
14.50118612,-19.13435059,LA6,2009-03-20,09:40:44 AM,09:40:00,Hot-Wet,2009-03-20 09:40:00,3
14.49454041,-19.13710734,LA6,2009-03-20,10:00:44 AM,10:00:00,Hot-Wet,2009-03-20 10:00:00,3
14.48947652,-19.14147135,LA6,2009-03-20,10:20:44 AM,10:20:00,Hot-Wet,2009-03-20 10:20:00,3
14.48427938,-19.14605103,LA6,2009-03-20,10:40:44 AM,10:40:00,Hot-Wet,2009-03-20 10:40:00,3
14.48492126,-19.14784749,LA6,2009-03-20,11:00:44 AM,11:00:00,Hot-Wet,2009-03-20 11:00:00,3
14.48519389,-19.1493693,LA6,2009-03-20,11:20:44 AM,11:20:00,Hot-Wet,2009-03-20 11:20:00,3
14.48828735,-19.15031331,LA6,2009-03-20,11:40:44 AM,11:40:00,Hot-Wet,2009-03-20 11:40:00,3
14.49268087,-19.15350545,LA6,2009-03-20,12:00:44 PM,12:00:00,Hot-Wet,2009-03-20 12:00:00,3
14.49366659,-19.15547689,LA6,2009-03-20,12:20:44 PM,12:20:00,Hot-Wet,2009-03-20 12:20:00,3
14.490271,-19.15492147,LA6,2009-03-20,12:40:44 PM,12:40:00,Hot-Wet,2009-03-20 12:40:00,3
14.49178467,-19.15030924,LA6,2009-03-20,01:00:44 PM,13:00:00,Hot-Wet,2009-03-20 13:00:00,3
14.49277852,-19.15171305,LA6,2009-03-20,01:20:44 PM,13:20:00,Hot-Wet,2009-03-20 13:20:00,3
14.49394328,-19.15309448,LA6,2009-03-20,01:40:44 PM,13:40:00,Hot-Wet,2009-03-20 13:40:00,3
14.49530233,-19.15771688,LA6,2009-03-20,02:00:44 PM,14:00:00,Hot-Wet,2009-03-20 14:00:00,3
14.49590352,-19.15583903,LA6,2009-03-20,02:20:44 PM,14:20:00,Hot-Wet,2009-03-20 14:20:00,3
14.49592997,-19.15404663,LA6,2009-03-20,02:40:44 PM,14:40:00,Hot-Wet,2009-03-20 14:40:00,3
14.49405924,-19.15125326,LA6,2009-03-20,03:00:44 PM,15:00:00,Hot-Wet,2009-03-20 15:00:00,3
14.49538676,-19.15089518,LA6,2009-03-20,03:20:44 PM,15:20:00,Hot-Wet,2009-03-20 15:20:00,3
14.49539388,-19.15089315,LA6,2009-03-20,03:40:44 PM,15:40:00,Hot-Wet,2009-03-20 15:40:00,3
14.49738973,-19.15154622,LA6,2009-03-20,04:00:44 PM,16:00:00,Hot-Wet,2009-03-20 16:00:00,3
14.49741821,-19.15348918,LA6,2009-03-20,04:20:44 PM,16:20:00,Hot-Wet,2009-03-20 16:20:00,3
14.49937744,-19.156073,LA6,2009-03-20,04:40:44 PM,16:40:00,Hot-Wet,2009-03-20 16:40:00,3
14.49556783,-19.1581604,LA6,2009-03-20,05:00:44 PM,17:00:00,Hot-Wet,2009-03-20 17:00:00,3
14.49608358,-19.15903524,LA6,2009-03-20,05:20:44 PM,17:20:00,Hot-Wet,2009-03-20 17:20:00,3
14.49766134,-19.16025798,LA6,2009-03-20,05:40:44 PM,17:40:00,Hot-Wet,2009-03-20 17:40:00,3
14.49863993,-19.16007487,LA6,2009-03-20,06:00:44 PM,18:00:00,Hot-Wet,2009-03-20 18:00:00,3
14.49971415,-19.16089681,LA6,2009-03-20,06:20:44 PM,18:20:00,Hot-Wet,2009-03-20 18:20:00,3
14.50024211,-19.1615804,LA6,2009-03-20,06:40:44 PM,18:40:00,Hot-Wet,2009-03-20 18:40:00,3
14.50014648,-19.16158651,LA6,2009-03-20,07:00:44 PM,19:00:00,Hot-Wet,2009-03-20 19:00:00,3
14.50150146,-19.16228841,LA6,2009-03-20,07:20:44 PM,19:20:00,Hot-Wet,2009-03-20 19:20:00,3
14.50385844,-19.16232503,LA6,2009-03-20,07:40:44 PM,19:40:00,Hot-Wet,2009-03-20 19:40:00,3
14.50738729,-19.15997721,LA6,2009-03-20,08:00:44 PM,20:00:00,Hot-Wet,2009-03-20 20:00:00,3
14.50893758,-19.15985514,LA6,2009-03-20,08:20:44 PM,20:20:00,Hot-Wet,2009-03-20 20:20:00,3
14.51073812,-19.16062215,LA6,2009-03-20,08:40:44 PM,20:40:00,Hot-Wet,2009-03-20 20:40:00,3
14.51309001,-19.16011149,LA6,2009-03-20,09:00:44 PM,21:00:00,Hot-Wet,2009-03-20 21:00:00,3
14.51187846,-19.16519368,LA6,2009-03-20,09:20:44 PM,21:20:00,Hot-Wet,2009-03-20 21:20:00,3
14.51147156,-19.16778971,LA6,2009-03-20,09:40:44 PM,21:40:00,Hot-Wet,2009-03-20 21:40:00,3
14.51481018,-19.16831462,LA6,2009-03-20,10:00:44 PM,22:00:00,Hot-Wet,2009-03-20 22:00:00,3
14.51884359,-19.1648112,LA6,2009-03-20,10:20:44 PM,22:20:00,Hot-Wet,2009-03-20 22:20:00,3
14.52342631,-19.16369832,LA6,2009-03-20,10:40:44 PM,22:40:00,Hot-Wet,2009-03-20 22:40:00,3
14.52477214,-19.16264445,LA6,2009-03-20,11:00:44 PM,23:00:00,Hot-Wet,2009-03-20 23:00:00,3
14.52565206,-19.16067098,LA6,2009-03-20,11:20:44 PM,23:20:00,Hot-Wet,2009-03-20 23:20:00,3
14.52551982,-19.16042277,LA6,2009-03-20,11:40:44 PM,23:40:00,Hot-Wet,2009-03-20 23:40:00,3
14.52565206,-19.16042074,LA6,2009-03-21,12:00:44 AM,00:00:00,Hot-Wet,2009-03-21 00:00:00,3
14.52569071,-19.16043294,LA6,2009-03-21,12:20:44 AM,00:20:00,Hot-Wet,2009-03-21 00:20:00,3
14.52568359,-19.16045329,LA6,2009-03-21,12:40:44 AM,00:40:00,Hot-Wet,2009-03-21 00:40:00,3
14.52569377,-19.16044718,LA6,2009-03-21,01:00:44 AM,01:00:00,Hot-Wet,2009-03-21 01:00:00,3
14.52568766,-19.16043091,LA6,2009-03-21,01:20:44 AM,01:20:00,Hot-Wet,2009-03-21 01:20:00,3
14.52610168,-19.15947673,LA6,2009-03-21,01:40:44 AM,01:40:00,Hot-Wet,2009-03-21 01:40:00,3
14.52612101,-19.15947062,LA6,2009-03-21,02:00:44 AM,02:00:00,Hot-Wet,2009-03-21 02:00:00,3
14.52610168,-19.15947469,LA6,2009-03-21,02:20:44 AM,02:20:00,Hot-Wet,2009-03-21 02:20:00,3
14.52629598,-19.1593689,LA6,2009-03-21,02:40:44 AM,02:40:00,Hot-Wet,2009-03-21 02:40:00,3
14.52627055,-19.15935059,LA6,2009-03-21,03:00:44 AM,03:00:00,Hot-Wet,2009-03-21 03:00:00,3
14.52626444,-19.15936076,LA6,2009-03-21,03:20:44 AM,03:20:00,Hot-Wet,2009-03-21 03:20:00,3
14.52625834,-19.15963135,LA6,2009-03-21,03:40:43 AM,03:40:00,Hot-Wet,2009-03-21 03:40:00,3
14.52625834,-19.15963338,LA6,2009-03-21,04:00:44 AM,04:00:00,Hot-Wet,2009-03-21 04:00:00,3
14.5266154,-19.15947673,LA6,2009-03-21,04:20:44 AM,04:20:00,Hot-Wet,2009-03-21 04:20:00,3
14.52580872,-19.15789998,LA6,2009-03-21,04:40:44 AM,04:40:00,Hot-Wet,2009-03-21 04:40:00,3
14.52581075,-19.15790202,LA6,2009-03-21,05:00:44 AM,05:00:00,Hot-Wet,2009-03-21 05:00:00,3
14.52435608,-19.15742188,LA6,2009-03-21,05:20:44 AM,05:20:00,Hot-Wet,2009-03-21 05:20:00,3
14.52282206,-19.15820719,LA6,2009-03-21,05:40:44 AM,05:40:00,Hot-Wet,2009-03-21 05:40:00,3
14.52076823,-19.15884196,LA6,2009-03-21,06:00:44 AM,06:00:00,Hot-Wet,2009-03-21 06:00:00,3
14.51698812,-19.15906982,LA6,2009-03-21,06:20:44 AM,06:20:00,Hot-Wet,2009-03-21 06:20:00,3
14.51300252,-19.15995687,LA6,2009-03-21,06:40:44 AM,06:40:00,Hot-Wet,2009-03-21 06:40:00,3
14.50696208,-19.15741374,LA6,2009-03-21,07:00:44 AM,07:00:00,Hot-Wet,2009-03-21 07:00:00,3
14.50475769,-19.15211995,LA6,2009-03-21,07:20:44 AM,07:20:00,Hot-Wet,2009-03-21 07:20:00,3
14.50337016,-19.15067952,LA6,2009-03-21,07:40:44 AM,07:40:00,Hot-Wet,2009-03-21 07:40:00,3
14.4929891,-19.14960327,LA6,2009-03-21,08:00:44 AM,08:00:00,Hot-Wet,2009-03-21 08:00:00,3
14.48444316,-19.15240072,LA6,2009-03-21,08:20:44 AM,08:20:00,Hot-Wet,2009-03-21 08:20:00,3
14.4804128,-19.15725505,LA6,2009-03-21,08:40:44 AM,08:40:00,Hot-Wet,2009-03-21 08:40:00,3
14.48212484,-19.15797119,LA6,2009-03-21,09:00:44 AM,09:00:00,Hot-Wet,2009-03-21 09:00:00,3
14.48236898,-19.15753377,LA6,2009-03-21,09:20:44 AM,09:20:00,Hot-Wet,2009-03-21 09:20:00,3
14.47927856,-19.15904338,LA6,2009-03-21,09:40:45 AM,09:40:00,Hot-Wet,2009-03-21 09:40:00,3
14.48159078,-19.16208293,LA6,2009-03-21,10:00:44 AM,10:00:00,Hot-Wet,2009-03-21 10:00:00,3
14.4804484,-19.16023356,LA6,2009-03-21,10:20:44 AM,10:20:00,Hot-Wet,2009-03-21 10:20:00,3
14.48095296,-19.15983073,LA6,2009-03-21,10:40:44 AM,10:40:00,Hot-Wet,2009-03-21 10:40:00,3
14.48117981,-19.16009725,LA6,2009-03-21,11:00:44 AM,11:00:00,Hot-Wet,2009-03-21 11:00:00,3
14.48258158,-19.159316,LA6,2009-03-21,11:20:44 AM,11:20:00,Hot-Wet,2009-03-21 11:20:00,3
14.4809021,-19.1567159,LA6,2009-03-21,11:40:44 AM,11:40:00,Hot-Wet,2009-03-21 11:40:00,3
14.48084513,-19.1568217,LA6,2009-03-21,12:00:44 PM,12:00:00,Hot-Wet,2009-03-21 12:00:00,3
14.47925212,-19.15907186,LA6,2009-03-21,12:20:44 PM,12:20:00,Hot-Wet,2009-03-21 12:20:00,3
14.47837728,-19.16426799,LA6,2009-03-21,12:40:44 PM,12:40:00,Hot-Wet,2009-03-21 12:40:00,3
14.48097941,-19.1653422,LA6,2009-03-21,01:00:44 PM,13:00:00,Hot-Wet,2009-03-21 13:00:00,3
14.48378805,-19.16820068,LA6,2009-03-21,01:20:44 PM,13:20:00,Hot-Wet,2009-03-21 13:20:00,3
14.48507487,-19.16937256,LA6,2009-03-21,01:40:44 PM,13:40:00,Hot-Wet,2009-03-21 13:40:00,3
14.48581645,-19.17213338,LA6,2009-03-21,02:00:44 PM,14:00:00,Hot-Wet,2009-03-21 14:00:00,3
14.4876414,-19.17720133,LA6,2009-03-21,02:20:44 PM,14:20:00,Hot-Wet,2009-03-21 14:20:00,3
14.49248556,-19.18125407,LA6,2009-03-21,02:40:44 PM,14:40:00,Hot-Wet,2009-03-21 14:40:00,3
14.4929718,-19.1802714,LA6,2009-03-21,03:00:44 PM,15:00:00,Hot-Wet,2009-03-21 15:00:00,3
14.49483337,-19.17747192,LA6,2009-03-21,03:20:44 PM,15:20:00,Hot-Wet,2009-03-21 15:20:00,3
14.49482931,-19.17747599,LA6,2009-03-21,03:40:44 PM,15:40:00,Hot-Wet,2009-03-21 15:40:00,3
14.49517924,-19.17758586,LA6,2009-03-21,04:00:44 PM,16:00:00,Hot-Wet,2009-03-21 16:00:00,3
14.49518127,-19.1776001,LA6,2009-03-21,04:20:44 PM,16:20:00,Hot-Wet,2009-03-21 16:20:00,3
14.49780477,-19.17801514,LA6,2009-03-21,04:40:44 PM,16:40:00,Hot-Wet,2009-03-21 16:40:00,3
14.50511882,-19.17814128,LA6,2009-03-21,05:00:44 PM,17:00:00,Hot-Wet,2009-03-21 17:00:00,3
14.50510457,-19.17813721,LA6,2009-03-21,05:20:44 PM,17:20:00,Hot-Wet,2009-03-21 17:20:00,3
14.51215719,-19.17782389,LA6,2009-03-21,05:40:44 PM,17:40:00,Hot-Wet,2009-03-21 17:40:00,3
14.51443685,-19.17860311,LA6,2009-03-21,06:00:44 PM,18:00:00,Hot-Wet,2009-03-21 18:00:00,3
14.52149556,-19.17650146,LA6,2009-03-21,06:20:44 PM,18:20:00,Hot-Wet,2009-03-21 18:20:00,3
14.53023275,-19.17427165,LA6,2009-03-21,06:40:44 PM,18:40:00,Hot-Wet,2009-03-21 18:40:00,3
14.53449809,-19.17243449,LA6,2009-03-21,07:00:44 PM,19:00:00,Hot-Wet,2009-03-21 19:00:00,3
14.53682861,-19.17222087,LA6,2009-03-21,07:20:44 PM,19:20:00,Hot-Wet,2009-03-21 19:20:00,3
14.53989665,-19.17283936,LA6,2009-03-21,07:40:44 PM,19:40:00,Hot-Wet,2009-03-21 19:40:00,3
14.54451701,-19.17291667,LA6,2009-03-21,08:00:44 PM,20:00:00,Hot-Wet,2009-03-21 20:00:00,3
14.54486898,-19.17288005,LA6,2009-03-21,08:20:44 PM,20:20:00,Hot-Wet,2009-03-21 20:20:00,3
14.54583435,-19.17325643,LA6,2009-03-21,08:40:44 PM,20:40:00,Hot-Wet,2009-03-21 20:40:00,3
14.54764913,-19.17325643,LA6,2009-03-21,09:00:44 PM,21:00:00,Hot-Wet,2009-03-21 21:00:00,3
14.54806417,-19.17172038,LA6,2009-03-21,09:20:44 PM,21:20:00,Hot-Wet,2009-03-21 21:20:00,3
14.54801331,-19.17124023,LA6,2009-03-21,09:40:44 PM,21:40:00,Hot-Wet,2009-03-21 21:40:00,3
14.54807129,-19.17166545,LA6,2009-03-21,10:00:44 PM,22:00:00,Hot-Wet,2009-03-21 22:00:00,3
14.54813436,-19.17161865,LA6,2009-03-21,10:20:44 PM,22:20:00,Hot-Wet,2009-03-21 22:20:00,3
14.5479187,-19.1673645,LA6,2009-03-21,10:40:44 PM,22:40:00,Hot-Wet,2009-03-21 22:40:00,3
14.54910583,-19.16604004,LA6,2009-03-21,11:00:44 PM,23:00:00,Hot-Wet,2009-03-21 23:00:00,3
14.54955139,-19.16609904,LA6,2009-03-21,11:20:44 PM,23:20:00,Hot-Wet,2009-03-21 23:20:00,3
14.55163066,-19.16581217,LA6,2009-03-21,11:40:44 PM,23:40:00,Hot-Wet,2009-03-21 23:40:00,3
14.551651,-19.16542969,LA6,2009-03-22,12:00:54 AM,00:00:00,Hot-Wet,2009-03-22 00:00:00,3
14.5507314,-19.16472982,LA6,2009-03-22,12:20:54 AM,00:20:00,Hot-Wet,2009-03-22 00:20:00,3
14.55023193,-19.16414998,LA6,2009-03-22,12:40:54 AM,00:40:00,Hot-Wet,2009-03-22 00:40:00,3
14.55027466,-19.16379395,LA6,2009-03-22,01:00:54 AM,01:00:00,Hot-Wet,2009-03-22 01:00:00,3
14.550295,-19.16378377,LA6,2009-03-22,01:20:54 AM,01:20:00,Hot-Wet,2009-03-22 01:20:00,3
14.55025431,-19.16379191,LA6,2009-03-22,01:40:54 AM,01:40:00,Hot-Wet,2009-03-22 01:40:00,3
14.55022583,-19.1637736,LA6,2009-03-22,02:00:54 AM,02:00:00,Hot-Wet,2009-03-22 02:00:00,3
14.55026957,-19.1637736,LA6,2009-03-22,02:20:55 AM,02:20:00,Hot-Wet,2009-03-22 02:20:00,3
14.55027974,-19.16380005,LA6,2009-03-22,02:40:54 AM,02:40:00,Hot-Wet,2009-03-22 02:40:00,3
14.55027466,-19.16376139,LA6,2009-03-22,03:00:54 AM,03:00:00,Hot-Wet,2009-03-22 03:00:00,3
14.55026347,-19.1637675,LA6,2009-03-22,03:20:54 AM,03:20:00,Hot-Wet,2009-03-22 03:20:00,3
14.55028076,-19.1637797,LA6,2009-03-22,03:40:54 AM,03:40:00,Hot-Wet,2009-03-22 03:40:00,3
14.5502655,-19.16378174,LA6,2009-03-22,04:00:54 AM,04:00:00,Hot-Wet,2009-03-22 04:00:00,3
14.55015767,-19.16363525,LA6,2009-03-22,04:20:54 AM,04:20:00,Hot-Wet,2009-03-22 04:20:00,3
14.5508667,-19.16416626,LA6,2009-03-22,04:40:54 AM,04:40:00,Hot-Wet,2009-03-22 04:40:00,3
14.54939473,-19.16286418,LA6,2009-03-22,05:00:54 AM,05:00:00,Hot-Wet,2009-03-22 05:00:00,3
14.54774679,-19.16058146,LA6,2009-03-22,05:20:54 AM,05:20:00,Hot-Wet,2009-03-22 05:20:00,3
14.54790853,-19.15873006,LA6,2009-03-22,05:40:54 AM,05:40:00,Hot-Wet,2009-03-22 05:40:00,3
14.54757894,-19.15583293,LA6,2009-03-22,06:00:54 AM,06:00:00,Hot-Wet,2009-03-22 06:00:00,3
14.54726156,-19.15420939,LA6,2009-03-22,06:20:54 AM,06:20:00,Hot-Wet,2009-03-22 06:20:00,3
14.54856567,-19.15284627,LA6,2009-03-22,06:40:54 AM,06:40:00,Hot-Wet,2009-03-22 06:40:00,3
14.5493276,-19.15269572,LA6,2009-03-22,07:00:54 AM,07:00:00,Hot-Wet,2009-03-22 07:00:00,3
14.54707336,-19.15158895,LA6,2009-03-22,07:20:54 AM,07:20:00,Hot-Wet,2009-03-22 07:20:00,3
14.54582418,-19.1501709,LA6,2009-03-22,07:40:54 AM,07:40:00,Hot-Wet,2009-03-22 07:40:00,3
14.54699198,-19.14809977,LA6,2009-03-22,08:00:54 AM,08:00:00,Hot-Wet,2009-03-22 08:00:00,3
14.54732463,-19.14845785,LA6,2009-03-22,08:20:54 AM,08:20:00,Hot-Wet,2009-03-22 08:20:00,3
14.5450765,-19.14728394,LA6,2009-03-22,08:40:54 AM,08:40:00,Hot-Wet,2009-03-22 08:40:00,3
14.54648844,-19.14505208,LA6,2009-03-22,09:00:54 AM,09:00:00,Hot-Wet,2009-03-22 09:00:00,3
14.54341431,-19.14426473,LA6,2009-03-22,09:20:54 AM,09:20:00,Hot-Wet,2009-03-22 09:20:00,3
14.54246826,-19.14391886,LA6,2009-03-22,09:40:54 AM,09:40:00,Hot-Wet,2009-03-22 09:40:00,3
14.54514974,-19.14402873,LA6,2009-03-22,10:00:54 AM,10:00:00,Hot-Wet,2009-03-22 10:00:00,3
14.54417725,-19.14339803,LA6,2009-03-22,10:20:54 AM,10:20:00,Hot-Wet,2009-03-22 10:20:00,3
14.54217733,-19.14225667,LA6,2009-03-22,10:40:54 AM,10:40:00,Hot-Wet,2009-03-22 10:40:00,3
14.54113871,-19.14411825,LA6,2009-03-22,11:00:54 AM,11:00:00,Hot-Wet,2009-03-22 11:00:00,3
14.54258728,-19.14573771,LA6,2009-03-22,11:20:54 AM,11:20:00,Hot-Wet,2009-03-22 11:20:00,3
14.54539286,-19.14420776,LA6,2009-03-22,11:40:54 AM,11:40:00,Hot-Wet,2009-03-22 11:40:00,3
14.54632263,-19.14687907,LA6,2009-03-22,12:00:54 PM,12:00:00,Hot-Wet,2009-03-22 12:00:00,3
14.54949137,-19.15004476,LA6,2009-03-22,12:20:54 PM,12:20:00,Hot-Wet,2009-03-22 12:20:00,3
14.54946289,-19.15302938,LA6,2009-03-22,12:40:54 PM,12:40:00,Hot-Wet,2009-03-22 12:40:00,3
14.54948018,-19.15482178,LA6,2009-03-22,01:00:54 PM,13:00:00,Hot-Wet,2009-03-22 13:00:00,3
14.54991252,-19.15639038,LA6,2009-03-22,01:20:54 PM,13:20:00,Hot-Wet,2009-03-22 13:20:00,3
14.55130107,-19.15856934,LA6,2009-03-22,01:40:54 PM,13:40:00,Hot-Wet,2009-03-22 13:40:00,3
14.5527242,-19.15891927,LA6,2009-03-22,02:00:54 PM,14:00:00,Hot-Wet,2009-03-22 14:00:00,3
14.55351868,-19.1591512,LA6,2009-03-22,02:20:54 PM,14:20:00,Hot-Wet,2009-03-22 14:20:00,3
14.55285136,-19.15831095,LA6,2009-03-22,02:40:54 PM,14:40:00,Hot-Wet,2009-03-22 14:40:00,3
14.55646566,-19.1601298,LA6,2009-03-22,03:00:54 PM,15:00:00,Hot-Wet,2009-03-22 15:00:00,3
14.55593363,-19.16070557,LA6,2009-03-22,03:20:54 PM,15:20:00,Hot-Wet,2009-03-22 15:20:00,3
14.55318502,-19.16032104,LA6,2009-03-22,03:40:54 PM,15:40:00,Hot-Wet,2009-03-22 15:40:00,3
14.55331217,-19.16147664,LA6,2009-03-22,04:00:54 PM,16:00:00,Hot-Wet,2009-03-22 16:00:00,3
14.55361532,-19.16266479,LA6,2009-03-22,04:20:54 PM,16:20:00,Hot-Wet,2009-03-22 16:20:00,3
14.55629069,-19.16436361,LA6,2009-03-22,04:40:54 PM,16:40:00,Hot-Wet,2009-03-22 16:40:00,3
14.55782267,-19.1688741,LA6,2009-03-22,05:00:54 PM,17:00:00,Hot-Wet,2009-03-22 17:00:00,3
14.56084493,-19.17570801,LA6,2009-03-22,05:20:54 PM,17:20:00,Hot-Wet,2009-03-22 17:20:00,3
14.56257528,-19.17982788,LA6,2009-03-22,05:40:54 PM,17:40:00,Hot-Wet,2009-03-22 17:40:00,3
14.56455383,-19.18193156,LA6,2009-03-22,06:00:54 PM,18:00:00,Hot-Wet,2009-03-22 18:00:00,3
14.56510111,-19.18179118,LA6,2009-03-22,06:20:54 PM,18:20:00,Hot-Wet,2009-03-22 18:20:00,3
14.56564128,-19.18286336,LA6,2009-03-22,06:41:04 PM,18:41:00,Hot-Wet,2009-03-22 18:41:00,3
14.56624654,-19.18456624,LA6,2009-03-22,07:00:54 PM,19:00:00,Hot-Wet,2009-03-22 19:00:00,3
14.56623433,-19.18440348,LA6,2009-03-22,07:20:54 PM,19:20:00,Hot-Wet,2009-03-22 19:20:00,3
14.56724243,-19.18556925,LA6,2009-03-22,07:40:54 PM,19:40:00,Hot-Wet,2009-03-22 19:40:00,3
14.56858927,-19.18644002,LA6,2009-03-22,08:00:54 PM,20:00:00,Hot-Wet,2009-03-22 20:00:00,3
14.57047729,-19.18638916,LA6,2009-03-22,08:20:54 PM,20:20:00,Hot-Wet,2009-03-22 20:20:00,3
14.5710968,-19.18656006,LA6,2009-03-22,08:40:54 PM,20:40:00,Hot-Wet,2009-03-22 20:40:00,3
14.57113241,-19.18655396,LA6,2009-03-22,09:00:55 PM,21:00:00,Hot-Wet,2009-03-22 21:00:00,3
14.57114766,-19.18655192,LA6,2009-03-22,09:20:54 PM,21:20:00,Hot-Wet,2009-03-22 21:20:00,3
14.5711436,-19.18659871,LA6,2009-03-22,09:40:54 PM,21:40:00,Hot-Wet,2009-03-22 21:40:00,3
14.57114258,-19.18659668,LA6,2009-03-22,10:00:44 PM,22:00:00,Hot-Wet,2009-03-22 22:00:00,3
14.57119039,-19.18667806,LA6,2009-03-22,10:20:44 PM,22:20:00,Hot-Wet,2009-03-22 22:20:00,3
14.57122904,-19.18670247,LA6,2009-03-22,10:40:44 PM,22:40:00,Hot-Wet,2009-03-22 22:40:00,3
14.5712026,-19.18666992,LA6,2009-03-22,11:00:44 PM,23:00:00,Hot-Wet,2009-03-22 23:00:00,3
14.57125346,-19.18677165,LA6,2009-03-22,11:20:44 PM,23:20:00,Hot-Wet,2009-03-22 23:20:00,3
14.57138875,-19.18808797,LA6,2009-03-22,11:40:44 PM,23:40:00,Hot-Wet,2009-03-22 23:40:00,3
14.57061157,-19.18861898,LA6,2009-03-23,12:00:44 AM,00:00:00,Hot-Wet,2009-03-23 00:00:00,3
14.57028809,-19.18986206,LA6,2009-03-23,12:20:44 AM,00:20:00,Hot-Wet,2009-03-23 00:20:00,3
14.56985779,-19.19182943,LA6,2009-03-23,12:40:44 AM,00:40:00,Hot-Wet,2009-03-23 00:40:00,3
14.5675415,-19.19179281,LA6,2009-03-23,01:00:44 AM,01:00:00,Hot-Wet,2009-03-23 01:00:00,3
14.5665863,-19.19100342,LA6,2009-03-23,01:20:44 AM,01:20:00,Hot-Wet,2009-03-23 01:20:00,3
14.56328125,-19.18934937,LA6,2009-03-23,02:00:44 AM,02:00:00,Hot-Wet,2009-03-23 02:00:00,3
14.55702718,-19.19155273,LA6,2009-03-23,02:20:44 AM,02:20:00,Hot-Wet,2009-03-23 02:20:00,3
14.5512085,-19.19462484,LA6,2009-03-23,02:40:44 AM,02:40:00,Hot-Wet,2009-03-23 02:40:00,3
14.54719137,-19.19703369,LA6,2009-03-23,03:00:44 AM,03:00:00,Hot-Wet,2009-03-23 03:00:00,3
14.54549561,-19.19800618,LA6,2009-03-23,03:20:44 AM,03:20:00,Hot-Wet,2009-03-23 03:20:00,3
14.53855998,-19.19947103,LA6,2009-03-23,03:40:44 AM,03:40:00,Hot-Wet,2009-03-23 03:40:00,3
14.53856405,-19.19946493,LA6,2009-03-23,04:00:44 AM,04:00:00,Hot-Wet,2009-03-23 04:00:00,3
14.53595581,-19.19811198,LA6,2009-03-23,04:20:44 AM,04:20:00,Hot-Wet,2009-03-23 04:20:00,3
14.53557332,-19.19815674,LA6,2009-03-23,04:40:44 AM,04:40:00,Hot-Wet,2009-03-23 04:40:00,3
14.53556824,-19.19815674,LA6,2009-03-23,05:00:44 AM,05:00:00,Hot-Wet,2009-03-23 05:00:00,3
14.53332011,-19.19899495,LA6,2009-03-23,05:20:44 AM,05:20:00,Hot-Wet,2009-03-23 05:20:00,3
14.52770691,-19.19857178,LA6,2009-03-23,05:40:44 AM,05:40:00,Hot-Wet,2009-03-23 05:40:00,3
14.52390747,-19.19527995,LA6,2009-03-23,06:00:44 AM,06:00:00,Hot-Wet,2009-03-23 06:00:00,3
14.51926575,-19.19416707,LA6,2009-03-23,06:20:44 AM,06:20:00,Hot-Wet,2009-03-23 06:20:00,3
14.51362915,-19.1926473,LA6,2009-03-23,06:40:44 AM,06:40:00,Hot-Wet,2009-03-23 06:40:00,3
14.51113078,-19.18784993,LA6,2009-03-23,07:00:44 AM,07:00:00,Hot-Wet,2009-03-23 07:00:00,3
14.50918172,-19.18835856,LA6,2009-03-23,07:20:44 AM,07:20:00,Hot-Wet,2009-03-23 07:20:00,3
14.50729065,-19.18931681,LA6,2009-03-23,07:40:44 AM,07:40:00,Hot-Wet,2009-03-23 07:40:00,3
14.50687459,-19.1897522,LA6,2009-03-23,08:00:44 AM,08:00:00,Hot-Wet,2009-03-23 08:00:00,3
14.50444845,-19.19050903,LA6,2009-03-23,08:20:44 AM,08:20:00,Hot-Wet,2009-03-23 08:20:00,3
14.50040181,-19.19503581,LA6,2009-03-23,08:40:44 AM,08:40:00,Hot-Wet,2009-03-23 08:40:00,3
14.49938558,-19.1959493,LA6,2009-03-23,09:00:44 AM,09:00:00,Hot-Wet,2009-03-23 09:00:00,3
14.50111287,-19.19509481,LA6,2009-03-23,09:20:44 AM,09:20:00,Hot-Wet,2009-03-23 09:20:00,3
14.4986318,-19.1946818,LA6,2009-03-23,09:40:44 AM,09:40:00,Hot-Wet,2009-03-23 09:40:00,3
14.4972585,-19.1932841,LA6,2009-03-23,10:00:44 AM,10:00:00,Hot-Wet,2009-03-23 10:00:00,3
14.49503988,-19.18722941,LA6,2009-03-23,10:20:44 AM,10:20:00,Hot-Wet,2009-03-23 10:20:00,3
14.49228821,-19.18143921,LA6,2009-03-23,10:40:44 AM,10:40:00,Hot-Wet,2009-03-23 10:40:00,3
14.48956401,-19.18160197,LA6,2009-03-23,11:00:44 AM,11:00:00,Hot-Wet,2009-03-23 11:00:00,3
14.48638916,-19.1818278,LA6,2009-03-23,11:20:44 AM,11:20:00,Hot-Wet,2009-03-23 11:20:00,3
14.48545634,-19.17794596,LA6,2009-03-23,11:40:44 AM,11:40:00,Hot-Wet,2009-03-23 11:40:00,3
14.48341166,-19.17446696,LA6,2009-03-23,12:00:44 PM,12:00:00,Hot-Wet,2009-03-23 12:00:00,3
14.48297017,-19.17157796,LA6,2009-03-23,12:20:44 PM,12:20:00,Hot-Wet,2009-03-23 12:20:00,3
14.4780365,-19.16541545,LA6,2009-03-23,12:40:44 PM,12:40:00,Hot-Wet,2009-03-23 12:40:00,3
14.47808329,-19.16032511,LA6,2009-03-23,01:00:44 PM,13:00:00,Hot-Wet,2009-03-23 13:00:00,3
14.48174337,-19.15499674,LA6,2009-03-23,01:20:44 PM,13:20:00,Hot-Wet,2009-03-23 13:20:00,3
14.48475444,-19.15711263,LA6,2009-03-23,01:40:44 PM,13:40:00,Hot-Wet,2009-03-23 13:40:00,3
14.48759155,-19.15797119,LA6,2009-03-23,02:00:44 PM,14:00:00,Hot-Wet,2009-03-23 14:00:00,3
14.49156189,-19.1565979,LA6,2009-03-23,02:20:43 PM,14:20:00,Hot-Wet,2009-03-23 14:20:00,3
14.49489441,-19.15689087,LA6,2009-03-23,02:40:44 PM,14:40:00,Hot-Wet,2009-03-23 14:40:00,3
14.49744364,-19.16086833,LA6,2009-03-23,03:00:44 PM,15:00:00,Hot-Wet,2009-03-23 15:00:00,3
14.50391947,-19.16779989,LA6,2009-03-23,03:20:44 PM,15:20:00,Hot-Wet,2009-03-23 15:20:00,3
14.50391744,-19.16779989,LA6,2009-03-23,03:40:44 PM,15:40:00,Hot-Wet,2009-03-23 15:40:00,3
14.50537313,-19.17033488,LA6,2009-03-23,04:00:44 PM,16:00:00,Hot-Wet,2009-03-23 16:00:00,3
14.50799866,-19.17315674,LA6,2009-03-23,04:20:44 PM,16:20:00,Hot-Wet,2009-03-23 16:20:00,3
14.50958049,-19.1746582,LA6,2009-03-23,04:40:44 PM,16:40:00,Hot-Wet,2009-03-23 16:40:00,3
14.51148783,-19.17635905,LA6,2009-03-23,05:00:44 PM,17:00:00,Hot-Wet,2009-03-23 17:00:00,3
14.51660461,-19.17790527,LA6,2009-03-23,05:20:44 PM,17:20:00,Hot-Wet,2009-03-23 17:20:00,3
14.51786397,-19.18040975,LA6,2009-03-23,05:40:44 PM,17:40:00,Hot-Wet,2009-03-23 17:40:00,3
14.52001444,-19.17931519,LA6,2009-03-23,06:00:44 PM,18:00:00,Hot-Wet,2009-03-23 18:00:00,3
14.52193705,-19.17972616,LA6,2009-03-23,06:20:44 PM,18:20:00,Hot-Wet,2009-03-23 18:20:00,3
14.52150675,-19.17824504,LA6,2009-03-23,06:40:44 PM,18:40:00,Hot-Wet,2009-03-23 18:40:00,3
14.51522522,-19.1807312,LA6,2009-03-23,07:00:44 PM,19:00:00,Hot-Wet,2009-03-23 19:00:00,3
14.51139119,-19.18107096,LA6,2009-03-23,07:20:44 PM,19:20:00,Hot-Wet,2009-03-23 19:20:00,3
14.51140544,-19.18108114,LA6,2009-03-23,07:40:44 PM,19:40:00,Hot-Wet,2009-03-23 19:40:00,3
14.50968323,-19.18165283,LA6,2009-03-23,08:00:44 PM,20:00:00,Hot-Wet,2009-03-23 20:00:00,3
14.50492452,-19.18438314,LA6,2009-03-23,08:20:44 PM,20:20:00,Hot-Wet,2009-03-23 20:20:00,3
14.50320943,-19.18328247,LA6,2009-03-23,08:40:44 PM,20:40:00,Hot-Wet,2009-03-23 20:40:00,3
14.50384521,-19.18263957,LA6,2009-03-23,09:00:44 PM,21:00:00,Hot-Wet,2009-03-23 21:00:00,3
14.50361837,-19.18247477,LA6,2009-03-23,09:20:44 PM,21:20:00,Hot-Wet,2009-03-23 21:20:00,3
14.50285034,-19.18242391,LA6,2009-03-23,09:40:44 PM,21:40:00,Hot-Wet,2009-03-23 21:40:00,3
14.50293274,-19.18258667,LA6,2009-03-23,10:00:44 PM,22:00:00,Hot-Wet,2009-03-23 22:00:00,3
14.50119425,-19.18420003,LA6,2009-03-23,10:20:44 PM,22:20:00,Hot-Wet,2009-03-23 22:20:00,3
14.50022888,-19.18415731,LA6,2009-03-23,10:40:44 PM,22:40:00,Hot-Wet,2009-03-23 22:40:00,3
14.50150146,-19.18252767,LA6,2009-03-23,11:00:44 PM,23:00:00,Hot-Wet,2009-03-23 23:00:00,3
14.49901733,-19.18609212,LA6,2009-03-23,11:20:44 PM,23:20:00,Hot-Wet,2009-03-23 23:20:00,3
14.49613241,-19.18888753,LA6,2009-03-23,11:40:44 PM,23:40:00,Hot-Wet,2009-03-23 23:40:00,3
14.49691162,-19.19053955,LA6,2009-03-24,12:00:44 AM,00:00:00,Hot-Wet,2009-03-24 00:00:00,3
14.4969574,-19.19139404,LA6,2009-03-24,12:20:44 AM,00:20:00,Hot-Wet,2009-03-24 00:20:00,3
14.49691874,-19.19275513,LA6,2009-03-24,12:40:44 AM,00:40:00,Hot-Wet,2009-03-24 00:40:00,3
14.49694519,-19.19274699,LA6,2009-03-24,01:00:44 AM,01:00:00,Hot-Wet,2009-03-24 01:00:00,3
14.49691772,-19.19278158,LA6,2009-03-24,01:20:44 AM,01:20:00,Hot-Wet,2009-03-24 01:20:00,3
14.49691162,-19.1927653,LA6,2009-03-24,01:40:44 AM,01:40:00,Hot-Wet,2009-03-24 01:40:00,3
14.49667867,-19.19203695,LA6,2009-03-24,02:00:44 AM,02:00:00,Hot-Wet,2009-03-24 02:00:00,3
14.49785665,-19.19392904,LA6,2009-03-24,02:20:44 AM,02:20:00,Hot-Wet,2009-03-24 02:20:00,3
14.4978953,-19.19396362,LA6,2009-03-24,02:40:44 AM,02:40:00,Hot-Wet,2009-03-24 02:40:00,3
14.49794515,-19.19395549,LA6,2009-03-24,03:00:44 AM,03:00:00,Hot-Wet,2009-03-24 03:00:00,3
14.49798279,-19.19429728,LA6,2009-03-24,03:20:44 AM,03:20:00,Hot-Wet,2009-03-24 03:20:00,3
14.49894002,-19.19507853,LA6,2009-03-24,03:40:44 AM,03:40:00,Hot-Wet,2009-03-24 03:40:00,3
14.49900411,-19.19513753,LA6,2009-03-24,04:00:44 AM,04:00:00,Hot-Wet,2009-03-24 04:00:00,3
14.49818319,-19.19564412,LA6,2009-03-24,04:20:44 AM,04:20:00,Hot-Wet,2009-03-24 04:20:00,3
14.49818726,-19.19563192,LA6,2009-03-24,04:40:44 AM,04:40:00,Hot-Wet,2009-03-24 04:40:00,3
14.49615682,-19.19572957,LA6,2009-03-24,05:00:44 AM,05:00:00,Hot-Wet,2009-03-24 05:00:00,3
14.49315491,-19.19540405,LA6,2009-03-24,05:20:44 AM,05:20:00,Hot-Wet,2009-03-24 05:20:00,3
14.48828532,-19.19408976,LA6,2009-03-24,05:40:44 AM,05:40:00,Hot-Wet,2009-03-24 05:40:00,3
14.48377889,-19.18972168,LA6,2009-03-24,06:00:44 AM,06:00:00,Hot-Wet,2009-03-24 06:00:00,3
14.47836609,-19.1890625,LA6,2009-03-24,06:20:44 AM,06:20:00,Hot-Wet,2009-03-24 06:20:00,3
14.47394613,-19.1887736,LA6,2009-03-24,06:40:44 AM,06:40:00,Hot-Wet,2009-03-24 06:40:00,3
14.4705424,-19.18848674,LA6,2009-03-24,07:00:44 AM,07:00:00,Hot-Wet,2009-03-24 07:00:00,3
14.46036987,-19.18981323,LA6,2009-03-24,07:20:44 AM,07:20:00,Hot-Wet,2009-03-24 07:20:00,3
14.45605062,-19.19281209,LA6,2009-03-24,07:40:44 AM,07:40:00,Hot-Wet,2009-03-24 07:40:00,3
14.45342509,-19.19418945,LA6,2009-03-24,08:00:44 AM,08:00:00,Hot-Wet,2009-03-24 08:00:00,3
14.45289917,-19.1901001,LA6,2009-03-24,08:20:44 AM,08:20:00,Hot-Wet,2009-03-24 08:20:00,3
14.45518494,-19.18699341,LA6,2009-03-24,08:40:44 AM,08:40:00,Hot-Wet,2009-03-24 08:40:00,3
14.45851746,-19.18547363,LA6,2009-03-24,09:00:44 AM,09:00:00,Hot-Wet,2009-03-24 09:00:00,3
14.45949605,-19.18428345,LA6,2009-03-24,09:20:44 AM,09:20:00,Hot-Wet,2009-03-24 09:20:00,3
14.45953878,-19.18507284,LA6,2009-03-24,09:40:44 AM,09:40:00,Hot-Wet,2009-03-24 09:40:00,3
14.4593221,-19.18558553,LA6,2009-03-24,10:00:44 AM,10:00:00,Hot-Wet,2009-03-24 10:00:00,3
14.46203817,-19.18227539,LA6,2009-03-24,10:20:44 AM,10:20:00,Hot-Wet,2009-03-24 10:20:00,3
14.46226501,-19.18178304,LA6,2009-03-24,10:40:44 AM,10:40:00,Hot-Wet,2009-03-24 10:40:00,3
14.46321004,-19.17917074,LA6,2009-03-24,11:00:44 AM,11:00:00,Hot-Wet,2009-03-24 11:00:00,3
14.46218567,-19.17391561,LA6,2009-03-24,11:20:44 AM,11:20:00,Hot-Wet,2009-03-24 11:20:00,3
14.46218058,-19.17393188,LA6,2009-03-24,11:40:44 AM,11:40:00,Hot-Wet,2009-03-24 11:40:00,3
14.45878601,-19.16634115,LA6,2009-03-24,12:00:44 PM,12:00:00,Hot-Wet,2009-03-24 12:00:00,3
14.45862834,-19.16642456,LA6,2009-03-24,12:20:44 PM,12:20:00,Hot-Wet,2009-03-24 12:20:00,3
14.4586436,-19.1664266,LA6,2009-03-24,12:40:44 PM,12:40:00,Hot-Wet,2009-03-24 12:40:00,3
14.45865885,-19.16638184,LA6,2009-03-24,01:00:44 PM,13:00:00,Hot-Wet,2009-03-24 13:00:00,3
14.46054077,-19.16393433,LA6,2009-03-24,01:20:44 PM,13:20:00,Hot-Wet,2009-03-24 13:20:00,3
14.46527303,-19.16109823,LA6,2009-03-24,01:40:44 PM,13:40:00,Hot-Wet,2009-03-24 13:40:00,3
14.46918132,-19.15971883,LA6,2009-03-24,02:00:44 PM,14:00:00,Hot-Wet,2009-03-24 14:00:00,3
14.47709351,-19.15944621,LA6,2009-03-24,02:20:44 PM,14:20:00,Hot-Wet,2009-03-24 14:20:00,3
14.48136393,-19.15704346,LA6,2009-03-24,02:40:44 PM,14:40:00,Hot-Wet,2009-03-24 14:40:00,3
14.4889801,-19.16547038,LA6,2009-03-24,03:00:44 PM,15:00:00,Hot-Wet,2009-03-24 15:00:00,3
14.48897095,-19.16546021,LA6,2009-03-24,03:20:44 PM,15:20:00,Hot-Wet,2009-03-24 15:20:00,3
14.4908783,-19.16684163,LA6,2009-03-24,03:40:44 PM,15:40:00,Hot-Wet,2009-03-24 15:40:00,3
14.4948466,-19.16459757,LA6,2009-03-24,04:00:44 PM,16:00:00,Hot-Wet,2009-03-24 16:00:00,3
14.50314535,-19.16829224,LA6,2009-03-24,04:20:44 PM,16:20:00,Hot-Wet,2009-03-24 16:20:00,3
14.51004435,-19.17088216,LA6,2009-03-24,04:40:44 PM,16:40:00,Hot-Wet,2009-03-24 16:40:00,3
14.51679179,-19.16905518,LA6,2009-03-24,05:00:44 PM,17:00:00,Hot-Wet,2009-03-24 17:00:00,3
14.52482198,-19.17292684,LA6,2009-03-24,05:20:44 PM,17:20:00,Hot-Wet,2009-03-24 17:20:00,3
14.53242391,-19.17816772,LA6,2009-03-24,05:40:44 PM,17:40:00,Hot-Wet,2009-03-24 17:40:00,3
14.53977763,-19.1845459,LA6,2009-03-24,06:00:44 PM,18:00:00,Hot-Wet,2009-03-24 18:00:00,3
14.5425059,-19.19134318,LA6,2009-03-24,06:20:44 PM,18:20:00,Hot-Wet,2009-03-24 18:20:00,3
14.54523417,-19.1950765,LA6,2009-03-24,06:40:44 PM,18:40:00,Hot-Wet,2009-03-24 18:40:00,3
14.54649251,-19.19675496,LA6,2009-03-24,07:00:44 PM,19:00:00,Hot-Wet,2009-03-24 19:00:00,3
14.54679159,-19.19720052,LA6,2009-03-24,07:20:44 PM,19:20:00,Hot-Wet,2009-03-24 19:20:00,3
14.54757792,-19.19946493,LA6,2009-03-24,07:40:44 PM,19:40:00,Hot-Wet,2009-03-24 19:40:00,3
14.54828898,-19.20138346,LA6,2009-03-24,08:00:44 PM,20:00:00,Hot-Wet,2009-03-24 20:00:00,3
14.54783732,-19.2029012,LA6,2009-03-24,08:20:44 PM,20:20:00,Hot-Wet,2009-03-24 20:20:00,3
14.54731038,-19.20650228,LA6,2009-03-24,08:40:44 PM,20:40:00,Hot-Wet,2009-03-24 20:40:00,3
14.54600932,-19.20853271,LA6,2009-03-24,09:00:44 PM,21:00:00,Hot-Wet,2009-03-24 21:00:00,3
14.5475474,-19.20835571,LA6,2009-03-24,09:20:44 PM,21:20:00,Hot-Wet,2009-03-24 21:20:00,3
14.54926351,-19.20921224,LA6,2009-03-24,09:40:44 PM,21:40:00,Hot-Wet,2009-03-24 21:40:00,3
14.54615377,-19.21187337,LA6,2009-03-24,10:00:43 PM,22:00:00,Hot-Wet,2009-03-24 22:00:00,3
14.54645691,-19.21482544,LA6,2009-03-24,10:20:44 PM,22:20:00,Hot-Wet,2009-03-24 22:20:00,3
14.54460754,-19.21964518,LA6,2009-03-24,10:40:44 PM,22:40:00,Hot-Wet,2009-03-24 22:40:00,3
14.54552205,-19.22133382,LA6,2009-03-24,11:00:44 PM,23:00:00,Hot-Wet,2009-03-24 23:00:00,3
14.5461792,-19.2225769,LA6,2009-03-24,11:20:44 PM,23:20:00,Hot-Wet,2009-03-24 23:20:00,3
14.54621175,-19.22262166,LA6,2009-03-24,11:40:44 PM,23:40:00,Hot-Wet,2009-03-24 23:40:00,3
14.54615784,-19.22260335,LA6,2009-03-25,12:00:44 AM,00:00:00,Hot-Wet,2009-03-25 00:00:00,3
14.54848633,-19.22313436,LA6,2009-03-25,12:20:44 AM,00:20:00,Hot-Wet,2009-03-25 00:20:00,3
14.55039673,-19.22325236,LA6,2009-03-25,12:40:44 AM,00:40:00,Hot-Wet,2009-03-25 00:40:00,3
14.5503835,-19.22329102,LA6,2009-03-25,01:00:44 AM,01:00:00,Hot-Wet,2009-03-25 01:00:00,3
14.55043335,-19.22360636,LA6,2009-03-25,01:20:44 AM,01:20:00,Hot-Wet,2009-03-25 01:20:00,3
14.55041199,-19.22329102,LA6,2009-03-25,01:40:44 AM,01:40:00,Hot-Wet,2009-03-25 01:40:00,3
14.55118713,-19.22562866,LA6,2009-03-25,02:00:54 AM,02:00:00,Hot-Wet,2009-03-25 02:00:00,3
14.55119527,-19.22562052,LA6,2009-03-25,02:20:44 AM,02:20:00,Hot-Wet,2009-03-25 02:20:00,3
14.55146179,-19.2274231,LA6,2009-03-25,02:40:44 AM,02:40:00,Hot-Wet,2009-03-25 02:40:00,3
14.55144958,-19.22753703,LA6,2009-03-25,03:00:44 AM,03:00:00,Hot-Wet,2009-03-25 03:00:00,3
14.55199076,-19.22820231,LA6,2009-03-25,03:20:44 AM,03:20:00,Hot-Wet,2009-03-25 03:20:00,3
14.55201416,-19.22818197,LA6,2009-03-25,03:40:44 AM,03:40:00,Hot-Wet,2009-03-25 03:40:00,3
14.55196635,-19.2280721,LA6,2009-03-25,04:00:44 AM,04:00:00,Hot-Wet,2009-03-25 04:00:00,3
14.55212402,-19.22827352,LA6,2009-03-25,04:20:45 AM,04:20:00,Hot-Wet,2009-03-25 04:20:00,3
14.55204875,-19.22810262,LA6,2009-03-25,04:40:44 AM,04:40:00,Hot-Wet,2009-03-25 04:40:00,3
14.5507314,-19.22732951,LA6,2009-03-25,05:00:44 AM,05:00:00,Hot-Wet,2009-03-25 05:00:00,3
14.55050049,-19.22690837,LA6,2009-03-25,05:20:45 AM,05:20:00,Hot-Wet,2009-03-25 05:20:00,3
14.54800415,-19.22515869,LA6,2009-03-25,05:40:44 AM,05:40:00,Hot-Wet,2009-03-25 05:40:00,3
14.54452209,-19.22163696,LA6,2009-03-25,06:00:43 AM,06:00:00,Hot-Wet,2009-03-25 06:00:00,3
14.53868205,-19.21820475,LA6,2009-03-25,06:20:44 AM,06:20:00,Hot-Wet,2009-03-25 06:20:00,3
14.5350647,-19.21416829,LA6,2009-03-25,06:40:44 AM,06:40:00,Hot-Wet,2009-03-25 06:40:00,3
14.5305603,-19.21132406,LA6,2009-03-25,07:00:44 AM,07:00:00,Hot-Wet,2009-03-25 07:00:00,3
14.52860921,-19.20979411,LA6,2009-03-25,07:20:44 AM,07:20:00,Hot-Wet,2009-03-25 07:20:00,3
14.52712504,-19.20954183,LA6,2009-03-25,07:40:44 AM,07:40:00,Hot-Wet,2009-03-25 07:40:00,3
14.52445374,-19.20808716,LA6,2009-03-25,08:00:44 AM,08:00:00,Hot-Wet,2009-03-25 08:00:00,3
14.52328084,-19.20698853,LA6,2009-03-25,08:20:44 AM,08:20:00,Hot-Wet,2009-03-25 08:20:00,3
14.5218689,-19.20545044,LA6,2009-03-25,08:40:44 AM,08:40:00,Hot-Wet,2009-03-25 08:40:00,3
14.52167257,-19.20327148,LA6,2009-03-25,09:00:44 AM,09:00:00,Hot-Wet,2009-03-25 09:00:00,3
14.52278239,-19.19921672,LA6,2009-03-25,09:20:44 AM,09:20:00,Hot-Wet,2009-03-25 09:20:00,3
14.5237854,-19.19448242,LA6,2009-03-25,09:40:44 AM,09:40:00,Hot-Wet,2009-03-25 09:40:00,3
14.52184041,-19.1968099,LA6,2009-03-25,10:00:44 AM,10:00:00,Hot-Wet,2009-03-25 10:00:00,3
14.52093913,-19.19946289,LA6,2009-03-25,10:20:44 AM,10:20:00,Hot-Wet,2009-03-25 10:20:00,3
14.52219645,-19.20138957,LA6,2009-03-25,10:40:44 AM,10:40:00,Hot-Wet,2009-03-25 10:40:00,3
14.52418213,-19.20936279,LA6,2009-03-25,11:00:44 AM,11:00:00,Hot-Wet,2009-03-25 11:00:00,3
14.52418315,-19.20936483,LA6,2009-03-25,11:20:44 AM,11:20:00,Hot-Wet,2009-03-25 11:20:00,3
14.52402649,-19.20958659,LA6,2009-03-25,11:40:44 AM,11:40:00,Hot-Wet,2009-03-25 11:40:00,3
14.52406921,-19.20947469,LA6,2009-03-25,12:00:54 PM,12:00:00,Hot-Wet,2009-03-25 12:00:00,3
14.52220662,-19.2098999,LA6,2009-03-25,12:20:54 PM,12:20:00,Hot-Wet,2009-03-25 12:20:00,3
14.52009074,-19.21063436,LA6,2009-03-25,12:40:54 PM,12:40:00,Hot-Wet,2009-03-25 12:40:00,3
14.52053833,-19.21141968,LA6,2009-03-25,01:00:54 PM,13:00:00,Hot-Wet,2009-03-25 13:00:00,3
14.51905314,-19.21088257,LA6,2009-03-25,01:20:54 PM,13:20:00,Hot-Wet,2009-03-25 13:20:00,3
14.5188914,-19.21045125,LA6,2009-03-25,01:40:54 PM,13:40:00,Hot-Wet,2009-03-25 13:40:00,3
14.51434021,-19.21051636,LA6,2009-03-25,02:00:54 PM,14:00:00,Hot-Wet,2009-03-25 14:00:00,3
14.51343282,-19.21024984,LA6,2009-03-25,02:20:54 PM,14:20:00,Hot-Wet,2009-03-25 14:20:00,3
14.51345011,-19.21027018,LA6,2009-03-25,02:40:54 PM,14:40:00,Hot-Wet,2009-03-25 14:40:00,3
14.51348368,-19.21026408,LA6,2009-03-25,03:00:54 PM,15:00:00,Hot-Wet,2009-03-25 15:00:00,3
14.5144755,-19.21028035,LA6,2009-03-25,03:20:54 PM,15:20:00,Hot-Wet,2009-03-25 15:20:00,3
14.51494751,-19.20779012,LA6,2009-03-25,03:40:54 PM,15:40:00,Hot-Wet,2009-03-25 15:40:00,3
14.51163228,-19.20381266,LA6,2009-03-25,04:00:54 PM,16:00:00,Hot-Wet,2009-03-25 16:00:00,3
14.5073822,-19.20143026,LA6,2009-03-25,04:20:54 PM,16:20:00,Hot-Wet,2009-03-25 16:20:00,3
14.50831706,-19.20031535,LA6,2009-03-25,04:40:54 PM,16:40:00,Hot-Wet,2009-03-25 16:40:00,3
14.5101532,-19.19836833,LA6,2009-03-25,05:00:54 PM,17:00:00,Hot-Wet,2009-03-25 17:00:00,3
14.51314189,-19.1985494,LA6,2009-03-25,05:20:54 PM,17:20:00,Hot-Wet,2009-03-25 17:20:00,3
14.5152181,-19.19837036,LA6,2009-03-25,05:40:54 PM,17:40:00,Hot-Wet,2009-03-25 17:40:00,3
14.51824137,-19.19555461,LA6,2009-03-25,06:00:54 PM,18:00:00,Hot-Wet,2009-03-25 18:00:00,3
14.5238149,-19.19397583,LA6,2009-03-25,06:20:54 PM,18:20:00,Hot-Wet,2009-03-25 18:20:00,3
14.52186381,-19.19360962,LA6,2009-03-25,06:40:54 PM,18:40:00,Hot-Wet,2009-03-25 18:40:00,3
14.52349345,-19.1932841,LA6,2009-03-25,07:00:54 PM,19:00:00,Hot-Wet,2009-03-25 19:00:00,3
14.52577413,-19.19274902,LA6,2009-03-25,07:20:54 PM,19:20:00,Hot-Wet,2009-03-25 19:20:00,3
14.52463074,-19.18901774,LA6,2009-03-25,07:40:54 PM,19:40:00,Hot-Wet,2009-03-25 19:40:00,3
14.52874451,-19.18559367,LA6,2009-03-25,08:00:54 PM,20:00:00,Hot-Wet,2009-03-25 20:00:00,3
14.53318075,-19.18214925,LA6,2009-03-25,08:20:53 PM,20:20:00,Hot-Wet,2009-03-25 20:20:00,3
14.53531291,-19.18083089,LA6,2009-03-25,08:40:54 PM,20:40:00,Hot-Wet,2009-03-25 20:40:00,3
14.53709513,-19.1800293,LA6,2009-03-25,09:00:54 PM,21:00:00,Hot-Wet,2009-03-25 21:00:00,3
14.5387441,-19.17702026,LA6,2009-03-25,09:20:54 PM,21:20:00,Hot-Wet,2009-03-25 21:20:00,3
14.54083862,-19.1754008,LA6,2009-03-25,09:40:53 PM,21:40:00,Hot-Wet,2009-03-25 21:40:00,3
14.54087524,-19.17456258,LA6,2009-03-25,10:00:54 PM,22:00:00,Hot-Wet,2009-03-25 22:00:00,3
14.54163208,-19.1739502,LA6,2009-03-25,10:20:54 PM,22:20:00,Hot-Wet,2009-03-25 22:20:00,3
14.54288635,-19.17376302,LA6,2009-03-25,10:40:54 PM,22:40:00,Hot-Wet,2009-03-25 22:40:00,3
14.54526265,-19.17435099,LA6,2009-03-25,11:00:54 PM,23:00:00,Hot-Wet,2009-03-25 23:00:00,3
14.54804891,-19.17447713,LA6,2009-03-25,11:20:54 PM,23:20:00,Hot-Wet,2009-03-25 23:20:00,3
14.54838155,-19.17451782,LA6,2009-03-25,11:40:54 PM,23:40:00,Hot-Wet,2009-03-25 23:40:00,3
14.54774373,-19.1713623,LA6,2009-03-26,12:00:54 AM,00:00:00,Hot-Wet,2009-03-26 00:00:00,3
14.54704183,-19.16612956,LA6,2009-03-26,12:20:54 AM,00:20:00,Hot-Wet,2009-03-26 00:20:00,3
14.54618734,-19.1641744,LA6,2009-03-26,12:40:54 AM,00:40:00,Hot-Wet,2009-03-26 00:40:00,3
14.54617208,-19.1641744,LA6,2009-03-26,01:00:54 AM,01:00:00,Hot-Wet,2009-03-26 01:00:00,3
14.54614563,-19.16415405,LA6,2009-03-26,01:20:54 AM,01:20:00,Hot-Wet,2009-03-26 01:20:00,3
14.54612427,-19.16414591,LA6,2009-03-26,01:40:44 AM,01:40:00,Hot-Wet,2009-03-26 01:40:00,3
14.54639181,-19.16373291,LA6,2009-03-26,02:00:44 AM,02:00:00,Hot-Wet,2009-03-26 02:00:00,3
14.5469045,-19.16086629,LA6,2009-03-26,02:20:44 AM,02:20:00,Hot-Wet,2009-03-26 02:20:00,3
14.54400838,-19.15418905,LA6,2009-03-26,02:40:44 AM,02:40:00,Hot-Wet,2009-03-26 02:40:00,3
14.54241536,-19.15164998,LA6,2009-03-26,03:00:44 AM,03:00:00,Hot-Wet,2009-03-26 03:00:00,3
14.54244181,-19.15139567,LA6,2009-03-26,03:20:44 AM,03:20:00,Hot-Wet,2009-03-26 03:20:00,3
14.54241536,-19.15138346,LA6,2009-03-26,03:40:44 AM,03:40:00,Hot-Wet,2009-03-26 03:40:00,3
14.54246521,-19.1513855,LA6,2009-03-26,04:00:44 AM,04:00:00,Hot-Wet,2009-03-26 04:00:00,3
14.54245707,-19.15138346,LA6,2009-03-26,04:20:44 AM,04:20:00,Hot-Wet,2009-03-26 04:20:00,3
14.54246216,-19.1513326,LA6,2009-03-26,04:40:44 AM,04:40:00,Hot-Wet,2009-03-26 04:40:00,3
14.54235128,-19.15132039,LA6,2009-03-26,05:00:44 AM,05:00:00,Hot-Wet,2009-03-26 05:00:00,3
14.54201864,-19.15041097,LA6,2009-03-26,05:20:44 AM,05:20:00,Hot-Wet,2009-03-26 05:20:00,3
14.54175517,-19.1487325,LA6,2009-03-26,05:40:44 AM,05:40:00,Hot-Wet,2009-03-26 05:40:00,3
14.54197795,-19.1466512,LA6,2009-03-26,06:00:44 AM,06:00:00,Hot-Wet,2009-03-26 06:00:00,3
14.5435201,-19.14617106,LA6,2009-03-26,06:20:44 AM,06:20:00,Hot-Wet,2009-03-26 06:20:00,3
14.54441732,-19.14444784,LA6,2009-03-26,06:40:44 AM,06:40:00,Hot-Wet,2009-03-26 06:40:00,3
14.54291789,-19.14414266,LA6,2009-03-26,07:00:44 AM,07:00:00,Hot-Wet,2009-03-26 07:00:00,3
14.54134928,-19.14481405,LA6,2009-03-26,07:20:44 AM,07:20:00,Hot-Wet,2009-03-26 07:20:00,3
14.54161886,-19.1446818,LA6,2009-03-26,07:40:44 AM,07:40:00,Hot-Wet,2009-03-26 07:40:00,3
14.5416036,-19.1446696,LA6,2009-03-26,08:00:44 AM,08:00:00,Hot-Wet,2009-03-26 08:00:00,3
14.54156799,-19.14498494,LA6,2009-03-26,08:20:44 AM,08:20:00,Hot-Wet,2009-03-26 08:20:00,3
14.54181213,-19.14501953,LA6,2009-03-26,08:40:44 AM,08:40:00,Hot-Wet,2009-03-26 08:40:00,3
14.54187419,-19.14494832,LA6,2009-03-26,09:00:44 AM,09:00:00,Hot-Wet,2009-03-26 09:00:00,3
14.54187927,-19.14494019,LA6,2009-03-26,09:20:44 AM,09:20:00,Hot-Wet,2009-03-26 09:20:00,3
14.54474589,-19.14526571,LA6,2009-03-26,09:40:44 AM,09:40:00,Hot-Wet,2009-03-26 09:40:00,3
14.5458079,-19.1477946,LA6,2009-03-26,10:00:44 AM,10:00:00,Hot-Wet,2009-03-26 10:00:00,3
14.5491272,-19.150059,LA6,2009-03-26,10:20:44 AM,10:20:00,Hot-Wet,2009-03-26 10:20:00,3
14.5488149,-19.15104574,LA6,2009-03-26,10:40:44 AM,10:40:00,Hot-Wet,2009-03-26 10:40:00,3
14.54893799,-19.15166423,LA6,2009-03-26,11:00:44 AM,11:00:00,Hot-Wet,2009-03-26 11:00:00,3
14.54844971,-19.15244548,LA6,2009-03-26,11:20:44 AM,11:20:00,Hot-Wet,2009-03-26 11:20:00,3
14.54894002,-19.15387777,LA6,2009-03-26,11:40:44 AM,11:40:00,Hot-Wet,2009-03-26 11:40:00,3
14.55067444,-19.15317179,LA6,2009-03-26,12:00:44 PM,12:00:00,Hot-Wet,2009-03-26 12:00:00,3
14.5516215,-19.15387573,LA6,2009-03-26,12:20:44 PM,12:20:00,Hot-Wet,2009-03-26 12:20:00,3
14.55007935,-19.15450643,LA6,2009-03-26,12:40:44 PM,12:40:00,Hot-Wet,2009-03-26 12:40:00,3
14.55055542,-19.15309041,LA6,2009-03-26,01:00:44 PM,13:00:00,Hot-Wet,2009-03-26 13:00:00,3
14.55019531,-19.15119629,LA6,2009-03-26,01:20:44 PM,13:20:00,Hot-Wet,2009-03-26 13:20:00,3
14.55206807,-19.1524292,LA6,2009-03-26,01:40:44 PM,13:40:00,Hot-Wet,2009-03-26 13:40:00,3
14.55179647,-19.1556071,LA6,2009-03-26,02:00:44 PM,14:00:00,Hot-Wet,2009-03-26 14:00:00,3
14.55054321,-19.15571899,LA6,2009-03-26,02:20:44 PM,14:20:00,Hot-Wet,2009-03-26 14:20:00,3
14.55021871,-19.15494181,LA6,2009-03-26,02:40:44 PM,14:40:00,Hot-Wet,2009-03-26 14:40:00,3
14.55027873,-19.1549703,LA6,2009-03-26,03:00:44 PM,15:00:00,Hot-Wet,2009-03-26 15:00:00,3
14.55029093,-19.1549764,LA6,2009-03-26,03:20:44 PM,15:20:00,Hot-Wet,2009-03-26 15:20:00,3
14.55027364,-19.15496419,LA6,2009-03-26,03:40:44 PM,15:40:00,Hot-Wet,2009-03-26 15:40:00,3
14.54960632,-19.1555013,LA6,2009-03-26,04:00:44 PM,16:00:00,Hot-Wet,2009-03-26 16:00:00,3
14.54858297,-19.15492757,LA6,2009-03-26,04:20:44 PM,16:20:00,Hot-Wet,2009-03-26 16:20:00,3
14.54656372,-19.15670166,LA6,2009-03-26,04:40:44 PM,16:40:00,Hot-Wet,2009-03-26 16:40:00,3
14.54420776,-19.15257161,LA6,2009-03-26,05:00:44 PM,17:00:00,Hot-Wet,2009-03-26 17:00:00,3
14.54419454,-19.15257975,LA6,2009-03-26,05:20:44 PM,17:20:00,Hot-Wet,2009-03-26 17:20:00,3
14.55088806,-19.15109049,LA6,2009-03-26,05:40:44 PM,17:40:00,Hot-Wet,2009-03-26 17:40:00,3
14.56002401,-19.15211589,LA6,2009-03-26,06:00:44 PM,18:00:00,Hot-Wet,2009-03-26 18:00:00,3
14.56931254,-19.15215251,LA6,2009-03-26,06:20:44 PM,18:20:00,Hot-Wet,2009-03-26 18:20:00,3
14.56931559,-19.15215454,LA6,2009-03-26,06:40:44 PM,18:40:00,Hot-Wet,2009-03-26 18:40:00,3
14.57230632,-19.1508667,LA6,2009-03-26,07:00:44 PM,19:00:00,Hot-Wet,2009-03-26 19:00:00,3
14.57212728,-19.14970093,LA6,2009-03-26,07:20:44 PM,19:20:00,Hot-Wet,2009-03-26 19:20:00,3
14.57233887,-19.14709269,LA6,2009-03-26,07:40:44 PM,19:40:00,Hot-Wet,2009-03-26 19:40:00,3
14.57201131,-19.14625244,LA6,2009-03-26,08:00:44 PM,20:00:00,Hot-Wet,2009-03-26 20:00:00,3
14.57248332,-19.14568481,LA6,2009-03-26,08:20:44 PM,20:20:00,Hot-Wet,2009-03-26 20:20:00,3
14.57338155,-19.14571126,LA6,2009-03-26,08:40:44 PM,20:40:00,Hot-Wet,2009-03-26 20:40:00,3
14.57293193,-19.14463298,LA6,2009-03-26,09:00:44 PM,21:00:00,Hot-Wet,2009-03-26 21:00:00,3
14.57296549,-19.14529622,LA6,2009-03-26,09:20:44 PM,21:20:00,Hot-Wet,2009-03-26 21:20:00,3
14.5714742,-19.14547323,LA6,2009-03-26,09:40:44 PM,21:40:00,Hot-Wet,2009-03-26 21:40:00,3
14.57000529,-19.14584554,LA6,2009-03-26,10:00:44 PM,22:00:00,Hot-Wet,2009-03-26 22:00:00,3
14.56992493,-19.14578044,LA6,2009-03-26,10:20:44 PM,22:20:00,Hot-Wet,2009-03-26 22:20:00,3
14.56991374,-19.14577026,LA6,2009-03-26,10:40:44 PM,22:40:00,Hot-Wet,2009-03-26 22:40:00,3
14.56991475,-19.14574788,LA6,2009-03-26,11:00:44 PM,23:00:00,Hot-Wet,2009-03-26 23:00:00,3
14.56993917,-19.1456543,LA6,2009-03-26,11:20:44 PM,23:20:00,Hot-Wet,2009-03-26 23:20:00,3
14.56918335,-19.14612427,LA6,2009-03-26,11:40:44 PM,23:40:00,Hot-Wet,2009-03-26 23:40:00,3
14.56812642,-19.14766235,LA6,2009-03-27,12:00:44 AM,00:00:00,Hot-Wet,2009-03-27 00:00:00,3
14.56796265,-19.14846598,LA6,2009-03-27,12:20:44 AM,00:20:00,Hot-Wet,2009-03-27 00:20:00,3
14.56613871,-19.14823405,LA6,2009-03-27,12:40:44 AM,00:40:00,Hot-Wet,2009-03-27 00:40:00,3
14.565979,-19.14870809,LA6,2009-03-27,01:00:44 AM,01:00:00,Hot-Wet,2009-03-27 01:00:00,3
14.56367289,-19.14763184,LA6,2009-03-27,01:20:44 AM,01:20:00,Hot-Wet,2009-03-27 01:20:00,3
14.56340434,-19.14835815,LA6,2009-03-27,01:40:44 AM,01:40:00,Hot-Wet,2009-03-27 01:40:00,3
14.56340129,-19.14834798,LA6,2009-03-27,02:00:44 AM,02:00:00,Hot-Wet,2009-03-27 02:00:00,3
14.56316427,-19.14805501,LA6,2009-03-27,02:20:44 AM,02:20:00,Hot-Wet,2009-03-27 02:20:00,3
14.56312256,-19.14804484,LA6,2009-03-27,02:40:44 AM,02:40:00,Hot-Wet,2009-03-27 02:40:00,3
14.56313273,-19.14805094,LA6,2009-03-27,03:00:44 AM,03:00:00,Hot-Wet,2009-03-27 03:00:00,3
14.5645518,-19.14695435,LA6,2009-03-27,03:20:44 AM,03:20:00,Hot-Wet,2009-03-27 03:20:00,3
14.5645518,-19.14695028,LA6,2009-03-27,03:40:44 AM,03:40:00,Hot-Wet,2009-03-27 03:40:00,3
14.56593221,-19.14603271,LA6,2009-03-27,04:00:44 AM,04:00:00,Hot-Wet,2009-03-27 04:00:00,3
14.56671448,-19.14633382,LA6,2009-03-27,04:20:44 AM,04:20:00,Hot-Wet,2009-03-27 04:20:00,3
14.56672262,-19.14636637,LA6,2009-03-27,04:41:22 AM,04:41:00,Hot-Wet,2009-03-27 04:41:00,3
14.56680094,-19.14640299,LA6,2009-03-27,05:00:44 AM,05:00:00,Hot-Wet,2009-03-27 05:00:00,3
14.56775309,-19.14546712,LA6,2009-03-27,05:20:44 AM,05:20:00,Hot-Wet,2009-03-27 05:20:00,3
14.56963094,-19.14402262,LA6,2009-03-27,05:40:44 AM,05:40:00,Hot-Wet,2009-03-27 05:40:00,3
14.57390645,-19.14480591,LA6,2009-03-27,06:00:44 AM,06:00:00,Hot-Wet,2009-03-27 06:00:00,3
14.57913411,-19.14848836,LA6,2009-03-27,06:20:44 AM,06:20:00,Hot-Wet,2009-03-27 06:20:00,3
14.58123779,-19.14917806,LA6,2009-03-27,06:40:44 AM,06:40:00,Hot-Wet,2009-03-27 06:40:00,3
14.58156128,-19.15383911,LA6,2009-03-27,07:00:44 AM,07:00:00,Hot-Wet,2009-03-27 07:00:00,3
14.580071,-19.15790812,LA6,2009-03-27,07:20:44 AM,07:20:00,Hot-Wet,2009-03-27 07:20:00,3
14.57975566,-19.15823975,LA6,2009-03-27,07:40:44 AM,07:40:00,Hot-Wet,2009-03-27 07:40:00,3
14.578479,-19.15935465,LA6,2009-03-27,08:00:44 AM,08:00:00,Hot-Wet,2009-03-27 08:00:00,3
14.57717183,-19.16003621,LA6,2009-03-27,08:20:44 AM,08:20:00,Hot-Wet,2009-03-27 08:20:00,3
14.57518819,-19.15980225,LA6,2009-03-27,08:40:44 AM,08:40:00,Hot-Wet,2009-03-27 08:40:00,3
14.57643534,-19.15904948,LA6,2009-03-27,09:00:44 AM,09:00:00,Hot-Wet,2009-03-27 09:00:00,3
14.57643941,-19.15903727,LA6,2009-03-27,09:20:44 AM,09:20:00,Hot-Wet,2009-03-27 09:20:00,3
14.5767924,-19.15871582,LA6,2009-03-27,09:40:45 AM,09:40:00,Hot-Wet,2009-03-27 09:40:00,3
14.57714132,-19.15909017,LA6,2009-03-27,10:00:44 AM,10:00:00,Hot-Wet,2009-03-27 10:00:00,3
14.57851054,-19.16005452,LA6,2009-03-27,10:20:44 AM,10:20:00,Hot-Wet,2009-03-27 10:20:00,3
14.5808726,-19.15885213,LA6,2009-03-27,10:40:44 AM,10:40:00,Hot-Wet,2009-03-27 10:40:00,3
14.58099467,-19.15697428,LA6,2009-03-27,11:00:44 AM,11:00:00,Hot-Wet,2009-03-27 11:00:00,3
14.58105469,-19.15474854,LA6,2009-03-27,11:20:44 AM,11:20:00,Hot-Wet,2009-03-27 11:20:00,3
14.58105672,-19.15414022,LA6,2009-03-27,11:40:44 AM,11:40:00,Hot-Wet,2009-03-27 11:40:00,3
14.58124288,-19.15238241,LA6,2009-03-27,12:00:44 PM,12:00:00,Hot-Wet,2009-03-27 12:00:00,3
14.58365682,-19.14718628,LA6,2009-03-27,12:20:54 PM,12:20:00,Hot-Wet,2009-03-27 12:20:00,3
14.586085,-19.15281169,LA6,2009-03-27,12:40:54 PM,12:40:00,Hot-Wet,2009-03-27 12:40:00,3
14.58749898,-19.15428467,LA6,2009-03-27,01:00:54 PM,13:00:00,Hot-Wet,2009-03-27 13:00:00,3
14.58827311,-19.15496826,LA6,2009-03-27,01:20:54 PM,13:20:00,Hot-Wet,2009-03-27 13:20:00,3
14.58827311,-19.15495402,LA6,2009-03-27,01:40:54 PM,13:40:00,Hot-Wet,2009-03-27 13:40:00,3
14.58827718,-19.15494792,LA6,2009-03-27,02:00:54 PM,14:00:00,Hot-Wet,2009-03-27 14:00:00,3
14.58824463,-19.15527954,LA6,2009-03-27,02:20:54 PM,14:20:00,Hot-Wet,2009-03-27 14:20:00,3
14.58797709,-19.15539347,LA6,2009-03-27,02:40:54 PM,14:40:00,Hot-Wet,2009-03-27 14:40:00,3
14.58721924,-19.15548706,LA6,2009-03-27,03:00:54 PM,15:00:00,Hot-Wet,2009-03-27 15:00:00,3
14.58616231,-19.15423584,LA6,2009-03-27,03:20:54 PM,15:20:00,Hot-Wet,2009-03-27 15:20:00,3
14.5868276,-19.15228475,LA6,2009-03-27,03:40:54 PM,15:40:00,Hot-Wet,2009-03-27 15:40:00,3
14.58754781,-19.14767456,LA6,2009-03-27,04:00:54 PM,16:00:00,Hot-Wet,2009-03-27 16:00:00,3
14.58207499,-19.14648844,LA6,2009-03-27,04:20:54 PM,16:20:00,Hot-Wet,2009-03-27 16:20:00,3
14.58508199,-19.14503988,LA6,2009-03-27,04:40:54 PM,16:40:00,Hot-Wet,2009-03-27 16:40:00,3
14.59074097,-19.14748942,LA6,2009-03-27,05:00:54 PM,17:00:00,Hot-Wet,2009-03-27 17:00:00,3
14.59177653,-19.14788818,LA6,2009-03-27,05:20:55 PM,17:20:00,Hot-Wet,2009-03-27 17:20:00,3
14.59376933,-19.14832153,LA6,2009-03-27,05:40:54 PM,17:40:00,Hot-Wet,2009-03-27 17:40:00,3
14.59355672,-19.14758097,LA6,2009-03-27,06:00:54 PM,18:00:00,Hot-Wet,2009-03-27 18:00:00,3
14.59588318,-19.14973958,LA6,2009-03-27,06:20:54 PM,18:20:00,Hot-Wet,2009-03-27 18:20:00,3
14.59640503,-19.14929403,LA6,2009-03-27,06:40:54 PM,18:40:00,Hot-Wet,2009-03-27 18:40:00,3
14.59659729,-19.14819539,LA6,2009-03-27,07:00:54 PM,19:00:00,Hot-Wet,2009-03-27 19:00:00,3
14.5953186,-19.14698283,LA6,2009-03-27,07:20:54 PM,19:20:00,Hot-Wet,2009-03-27 19:20:00,3
14.59528605,-19.14758097,LA6,2009-03-27,07:40:54 PM,19:40:00,Hot-Wet,2009-03-27 19:40:00,3
14.59595439,-19.14741821,LA6,2009-03-27,08:00:54 PM,20:00:00,Hot-Wet,2009-03-27 20:00:00,3
14.59596354,-19.14738566,LA6,2009-03-27,08:20:54 PM,20:20:00,Hot-Wet,2009-03-27 20:20:00,3
14.59589437,-19.14738363,LA6,2009-03-27,08:40:53 PM,20:40:00,Hot-Wet,2009-03-27 20:40:00,3
14.59590352,-19.14737956,LA6,2009-03-27,09:00:54 PM,21:00:00,Hot-Wet,2009-03-27 21:00:00,3
14.59532572,-19.14786987,LA6,2009-03-27,09:20:54 PM,21:20:00,Hot-Wet,2009-03-27 21:20:00,3
14.59557495,-19.14758097,LA6,2009-03-27,09:40:54 PM,21:40:00,Hot-Wet,2009-03-27 21:40:00,3
14.59824524,-19.14840291,LA6,2009-03-27,10:00:54 PM,22:00:00,Hot-Wet,2009-03-27 22:00:00,3
14.59839783,-19.14828288,LA6,2009-03-27,10:20:54 PM,22:20:00,Hot-Wet,2009-03-27 22:20:00,3
14.59857686,-19.14892578,LA6,2009-03-27,10:40:54 PM,22:40:00,Hot-Wet,2009-03-27 22:40:00,3
14.59908956,-19.14961955,LA6,2009-03-27,11:00:54 PM,23:00:00,Hot-Wet,2009-03-27 23:00:00,3
14.59906311,-19.1492391,LA6,2009-03-27,11:20:54 PM,23:20:00,Hot-Wet,2009-03-27 23:20:00,3
14.59912618,-19.14985148,LA6,2009-03-27,11:40:54 PM,23:40:00,Hot-Wet,2009-03-27 23:40:00,3
14.59765116,-19.15111084,LA6,2009-03-28,12:00:54 AM,00:00:00,Hot-Wet,2009-03-28 00:00:00,3
14.59863078,-19.15091553,LA6,2009-03-28,12:20:54 AM,00:20:00,Hot-Wet,2009-03-28 00:20:00,3
14.59867961,-19.15088094,LA6,2009-03-28,12:40:54 AM,00:40:00,Hot-Wet,2009-03-28 00:40:00,3
14.59870809,-19.15090942,LA6,2009-03-28,01:00:54 AM,01:00:00,Hot-Wet,2009-03-28 01:00:00,3
14.59870199,-19.15090739,LA6,2009-03-28,01:20:54 AM,01:20:00,Hot-Wet,2009-03-28 01:20:00,3
14.59869486,-19.15091146,LA6,2009-03-28,01:40:54 AM,01:40:00,Hot-Wet,2009-03-28 01:40:00,3
14.59862976,-19.15087687,LA6,2009-03-28,02:01:18 AM,02:01:00,Hot-Wet,2009-03-28 02:01:00,3
14.5986908,-19.15088501,LA6,2009-03-28,02:20:54 AM,02:20:00,Hot-Wet,2009-03-28 02:20:00,3
14.59869995,-19.15088908,LA6,2009-03-28,02:40:54 AM,02:40:00,Hot-Wet,2009-03-28 02:40:00,3
14.59867554,-19.15090129,LA6,2009-03-28,03:00:54 AM,03:00:00,Hot-Wet,2009-03-28 03:00:00,3
14.59868774,-19.15086873,LA6,2009-03-28,03:20:54 AM,03:20:00,Hot-Wet,2009-03-28 03:20:00,3
14.59866638,-19.15090332,LA6,2009-03-28,03:40:54 AM,03:40:00,Hot-Wet,2009-03-28 03:40:00,3
14.59905396,-19.15172526,LA6,2009-03-28,04:00:54 AM,04:00:00,Hot-Wet,2009-03-28 04:00:00,3
14.59915263,-19.15244344,LA6,2009-03-28,04:20:54 AM,04:20:00,Hot-Wet,2009-03-28 04:20:00,3
14.59946391,-19.15307414,LA6,2009-03-28,04:40:54 AM,04:40:00,Hot-Wet,2009-03-28 04:40:00,3
14.59977417,-19.15329997,LA6,2009-03-28,05:00:54 AM,05:00:00,Hot-Wet,2009-03-28 05:00:00,3
14.59997965,-19.15347493,LA6,2009-03-28,05:20:54 AM,05:20:00,Hot-Wet,2009-03-28 05:20:00,3
14.59976908,-19.15330404,LA6,2009-03-28,05:40:54 AM,05:40:00,Hot-Wet,2009-03-28 05:40:00,3
14.59844157,-19.15356649,LA6,2009-03-28,06:00:54 AM,06:00:00,Hot-Wet,2009-03-28 06:00:00,3
14.598526,-19.15355021,LA6,2009-03-28,06:20:54 AM,06:20:00,Hot-Wet,2009-03-28 06:20:00,3
14.59823303,-19.1524353,LA6,2009-03-28,06:40:54 AM,06:40:00,Hot-Wet,2009-03-28 06:40:00,3
14.59698893,-19.15114543,LA6,2009-03-28,07:00:54 AM,07:00:00,Hot-Wet,2009-03-28 07:00:00,3
14.59425761,-19.14907837,LA6,2009-03-28,07:20:54 AM,07:20:00,Hot-Wet,2009-03-28 07:20:00,3
14.59056295,-19.14816488,LA6,2009-03-28,07:40:54 AM,07:40:00,Hot-Wet,2009-03-28 07:40:00,3
14.58791707,-19.1476827,LA6,2009-03-28,08:00:54 AM,08:00:00,Hot-Wet,2009-03-28 08:00:00,3
14.58469442,-19.14802653,LA6,2009-03-28,08:20:54 AM,08:20:00,Hot-Wet,2009-03-28 08:20:00,3
14.58125509,-19.14918213,LA6,2009-03-28,08:40:54 AM,08:40:00,Hot-Wet,2009-03-28 08:40:00,3
14.58128764,-19.14918416,LA6,2009-03-28,09:00:54 AM,09:00:00,Hot-Wet,2009-03-28 09:00:00,3
14.58204651,-19.15000407,LA6,2009-03-28,09:20:54 AM,09:20:00,Hot-Wet,2009-03-28 09:20:00,3
14.58177083,-19.15110881,LA6,2009-03-28,09:40:54 AM,09:40:00,Hot-Wet,2009-03-28 09:40:00,3
14.57992655,-19.15412191,LA6,2009-03-28,10:00:54 AM,10:00:00,Hot-Wet,2009-03-28 10:00:00,3
14.5789561,-19.15770671,LA6,2009-03-28,10:20:54 AM,10:20:00,Hot-Wet,2009-03-28 10:20:00,3
14.57713114,-19.15999146,LA6,2009-03-28,10:40:55 AM,10:40:00,Hot-Wet,2009-03-28 10:40:00,3
14.57673442,-19.16006673,LA6,2009-03-28,11:00:54 AM,11:00:00,Hot-Wet,2009-03-28 11:00:00,3
14.57640076,-19.16359456,LA6,2009-03-28,11:20:54 AM,11:20:00,Hot-Wet,2009-03-28 11:20:00,3
14.57528687,-19.16290894,LA6,2009-03-28,11:40:54 AM,11:40:00,Hot-Wet,2009-03-28 11:40:00,3
14.57508443,-19.16287842,LA6,2009-03-28,12:00:54 PM,12:00:00,Hot-Wet,2009-03-28 12:00:00,3
14.57546285,-19.16315511,LA6,2009-03-28,12:20:54 PM,12:20:00,Hot-Wet,2009-03-28 12:20:00,3
14.57422485,-19.16211955,LA6,2009-03-28,12:40:54 PM,12:40:00,Hot-Wet,2009-03-28 12:40:00,3
14.57525024,-19.16109416,LA6,2009-03-28,01:00:54 PM,13:00:00,Hot-Wet,2009-03-28 13:00:00,3
14.57525126,-19.16111043,LA6,2009-03-28,01:20:54 PM,13:20:00,Hot-Wet,2009-03-28 13:20:00,3
14.57525635,-19.1611084,LA6,2009-03-28,01:40:54 PM,13:40:00,Hot-Wet,2009-03-28 13:40:00,3
14.57527059,-19.16110433,LA6,2009-03-28,02:00:54 PM,14:00:00,Hot-Wet,2009-03-28 14:00:00,3
14.57540792,-19.16089884,LA6,2009-03-28,02:20:54 PM,14:20:00,Hot-Wet,2009-03-28 14:20:00,3
14.57792562,-19.16109416,LA6,2009-03-28,02:40:54 PM,14:40:00,Hot-Wet,2009-03-28 14:40:00,3
14.58037109,-19.16130778,LA6,2009-03-28,03:00:54 PM,15:00:00,Hot-Wet,2009-03-28 15:00:00,3
14.58210042,-19.16338704,LA6,2009-03-28,03:20:54 PM,15:20:00,Hot-Wet,2009-03-28 15:20:00,3
14.58239237,-19.16431071,LA6,2009-03-28,03:40:54 PM,15:40:00,Hot-Wet,2009-03-28 15:40:00,3
14.58248189,-19.1675293,LA6,2009-03-28,04:00:54 PM,16:00:00,Hot-Wet,2009-03-28 16:00:00,3
14.5830485,-19.16816203,LA6,2009-03-28,04:20:54 PM,16:20:00,Hot-Wet,2009-03-28 16:20:00,3
14.58529765,-19.17279867,LA6,2009-03-28,04:40:54 PM,16:40:00,Hot-Wet,2009-03-28 16:40:00,3
14.58674723,-19.17428182,LA6,2009-03-28,05:00:54 PM,17:00:00,Hot-Wet,2009-03-28 17:00:00,3
14.58802694,-19.17539469,LA6,2009-03-28,05:20:54 PM,17:20:00,Hot-Wet,2009-03-28 17:20:00,3
14.58805542,-19.17595011,LA6,2009-03-28,05:40:54 PM,17:40:00,Hot-Wet,2009-03-28 17:40:00,3
14.58682251,-19.1779541,LA6,2009-03-28,06:00:54 PM,18:00:00,Hot-Wet,2009-03-28 18:00:00,3
14.58539429,-19.17925822,LA6,2009-03-28,06:20:54 PM,18:20:00,Hot-Wet,2009-03-28 18:20:00,3
14.58558655,-19.18002523,LA6,2009-03-28,06:40:54 PM,18:40:00,Hot-Wet,2009-03-28 18:40:00,3
14.58322042,-19.18214722,LA6,2009-03-28,07:00:54 PM,19:00:00,Hot-Wet,2009-03-28 19:00:00,3
14.58327637,-19.18217367,LA6,2009-03-28,07:20:54 PM,19:20:00,Hot-Wet,2009-03-28 19:20:00,3
14.58044535,-19.1836792,LA6,2009-03-28,07:40:54 PM,19:40:00,Hot-Wet,2009-03-28 19:40:00,3
14.57816569,-19.18482259,LA6,2009-03-28,08:00:54 PM,20:00:00,Hot-Wet,2009-03-28 20:00:00,3
14.57751465,-19.18646037,LA6,2009-03-28,08:20:54 PM,20:20:00,Hot-Wet,2009-03-28 20:20:00,3
14.57718302,-19.18887533,LA6,2009-03-28,08:40:54 PM,20:40:00,Hot-Wet,2009-03-28 20:40:00,3
14.57682699,-19.18868001,LA6,2009-03-28,09:00:54 PM,21:00:00,Hot-Wet,2009-03-28 21:00:00,3
14.57785746,-19.18872477,LA6,2009-03-28,09:20:54 PM,21:20:00,Hot-Wet,2009-03-28 21:20:00,3
14.5778656,-19.18874105,LA6,2009-03-28,09:41:01 PM,21:41:00,Hot-Wet,2009-03-28 21:41:00,3
14.57789103,-19.18872477,LA6,2009-03-28,10:00:54 PM,22:00:00,Hot-Wet,2009-03-28 22:00:00,3
14.57784322,-19.18866781,LA6,2009-03-28,10:20:54 PM,22:20:00,Hot-Wet,2009-03-28 22:20:00,3
14.57788391,-19.18868205,LA6,2009-03-28,10:40:54 PM,22:40:00,Hot-Wet,2009-03-28 22:40:00,3
14.57699076,-19.18944906,LA6,2009-03-28,11:00:54 PM,23:00:00,Hot-Wet,2009-03-28 23:00:00,3
14.5761851,-19.18862101,LA6,2009-03-28,11:20:54 PM,23:20:00,Hot-Wet,2009-03-28 23:20:00,3
14.5758433,-19.1885498,LA6,2009-03-28,11:40:54 PM,23:40:00,Hot-Wet,2009-03-28 23:40:00,3
14.57506205,-19.18829142,LA6,2009-03-29,12:00:54 AM,00:00:00,Hot-Wet,2009-03-29 00:00:00,3
14.57679749,-19.18867188,LA6,2009-03-29,12:20:54 AM,00:20:00,Hot-Wet,2009-03-29 00:20:00,3
14.5771759,-19.18932088,LA6,2009-03-29,12:40:54 AM,00:40:00,Hot-Wet,2009-03-29 00:40:00,3
14.57716268,-19.19010213,LA6,2009-03-29,01:00:54 AM,01:00:00,Hot-Wet,2009-03-29 01:00:00,3
14.57666117,-19.18990479,LA6,2009-03-29,01:20:54 AM,01:20:00,Hot-Wet,2009-03-29 01:20:00,3
14.57559102,-19.18943278,LA6,2009-03-29,01:40:54 AM,01:40:00,Hot-Wet,2009-03-29 01:40:00,3
14.57519023,-19.18825887,LA6,2009-03-29,02:00:54 AM,02:00:00,Hot-Wet,2009-03-29 02:00:00,3
14.57518514,-19.18826701,LA6,2009-03-29,02:20:54 AM,02:20:00,Hot-Wet,2009-03-29 02:20:00,3
14.57517904,-19.18826294,LA6,2009-03-29,02:40:54 AM,02:40:00,Hot-Wet,2009-03-29 02:40:00,3
14.57508952,-19.18817749,LA6,2009-03-29,03:00:54 AM,03:00:00,Hot-Wet,2009-03-29 03:00:00,3
14.57509664,-19.1881958,LA6,2009-03-29,03:20:54 AM,03:20:00,Hot-Wet,2009-03-29 03:20:00,3
14.57509969,-19.18819784,LA6,2009-03-29,03:40:54 AM,03:40:00,Hot-Wet,2009-03-29 03:40:00,3
14.575059,-19.18823853,LA6,2009-03-29,04:00:54 AM,04:00:00,Hot-Wet,2009-03-29 04:00:00,3
14.57498271,-19.18891195,LA6,2009-03-29,04:20:54 AM,04:20:00,Hot-Wet,2009-03-29 04:20:00,3
14.57491862,-19.18890584,LA6,2009-03-29,04:40:54 AM,04:40:00,Hot-Wet,2009-03-29 04:40:00,3
14.57404989,-19.18729451,LA6,2009-03-29,05:00:54 AM,05:00:00,Hot-Wet,2009-03-29 05:00:00,3
14.57429606,-19.18459066,LA6,2009-03-29,05:20:54 AM,05:20:00,Hot-Wet,2009-03-29 05:20:00,3
14.57469788,-19.18092448,LA6,2009-03-29,05:40:54 AM,05:40:00,Hot-Wet,2009-03-29 05:40:00,3
14.57462565,-19.17438151,LA6,2009-03-29,06:00:54 AM,06:00:00,Hot-Wet,2009-03-29 06:00:00,3
14.57509969,-19.16891683,LA6,2009-03-29,06:20:54 AM,06:20:00,Hot-Wet,2009-03-29 06:20:00,3
14.57603251,-19.16451213,LA6,2009-03-29,06:40:54 AM,06:40:00,Hot-Wet,2009-03-29 06:40:00,3
14.5771759,-19.15952759,LA6,2009-03-29,07:00:54 AM,07:00:00,Hot-Wet,2009-03-29 07:00:00,3
14.5802124,-19.15211385,LA6,2009-03-29,07:20:54 AM,07:20:00,Hot-Wet,2009-03-29 07:20:00,3
14.58132019,-19.1490743,LA6,2009-03-29,07:40:54 AM,07:40:00,Hot-Wet,2009-03-29 07:40:00,3
14.58026225,-19.15050863,LA6,2009-03-29,08:00:54 AM,08:00:00,Hot-Wet,2009-03-29 08:00:00,3
14.57557678,-19.1520752,LA6,2009-03-29,08:20:54 AM,08:20:00,Hot-Wet,2009-03-29 08:20:00,3
14.57270813,-19.15337118,LA6,2009-03-29,08:40:54 AM,08:40:00,Hot-Wet,2009-03-29 08:40:00,3
14.57189433,-19.15352987,LA6,2009-03-29,09:00:54 AM,09:00:00,Hot-Wet,2009-03-29 09:00:00,3
14.57076314,-19.15255127,LA6,2009-03-29,09:20:54 AM,09:20:00,Hot-Wet,2009-03-29 09:20:00,3
14.5702535,-19.15232544,LA6,2009-03-29,09:40:54 AM,09:40:00,Hot-Wet,2009-03-29 09:40:00,3
14.56992289,-19.15325724,LA6,2009-03-29,10:00:54 AM,10:00:00,Hot-Wet,2009-03-29 10:00:00,3
14.57275492,-19.15291341,LA6,2009-03-29,10:20:54 AM,10:20:00,Hot-Wet,2009-03-29 10:20:00,3
14.57317912,-19.15440063,LA6,2009-03-29,10:40:54 AM,10:40:00,Hot-Wet,2009-03-29 10:40:00,3
14.57288717,-19.15761515,LA6,2009-03-29,11:00:54 AM,11:00:00,Hot-Wet,2009-03-29 11:00:00,3
14.57252299,-19.16021932,LA6,2009-03-29,11:20:54 AM,11:20:00,Hot-Wet,2009-03-29 11:20:00,3
14.57233378,-19.16110433,LA6,2009-03-29,11:40:54 AM,11:40:00,Hot-Wet,2009-03-29 11:40:00,3
14.57090963,-19.16464233,LA6,2009-03-29,12:00:54 PM,12:00:00,Hot-Wet,2009-03-29 12:00:00,3
14.57002767,-19.16622111,LA6,2009-03-29,12:20:54 PM,12:20:00,Hot-Wet,2009-03-29 12:20:00,3
14.57376302,-19.17017822,LA6,2009-03-29,12:40:54 PM,12:40:00,Hot-Wet,2009-03-29 12:40:00,3
14.57705282,-19.17279256,LA6,2009-03-29,01:00:54 PM,13:00:00,Hot-Wet,2009-03-29 13:00:00,3
14.57949727,-19.17765503,LA6,2009-03-29,01:20:54 PM,13:20:00,Hot-Wet,2009-03-29 13:20:00,3
14.58202209,-19.18129679,LA6,2009-03-29,01:40:54 PM,13:40:00,Hot-Wet,2009-03-29 13:40:00,3
14.58351237,-19.18393962,LA6,2009-03-29,02:00:54 PM,14:00:00,Hot-Wet,2009-03-29 14:00:00,3
14.58711955,-19.18434041,LA6,2009-03-29,02:20:54 PM,14:20:00,Hot-Wet,2009-03-29 14:20:00,3
14.59000244,-19.1861084,LA6,2009-03-29,02:40:54 PM,14:40:00,Hot-Wet,2009-03-29 14:40:00,3
14.5929362,-19.18710124,LA6,2009-03-29,03:00:54 PM,15:00:00,Hot-Wet,2009-03-29 15:00:00,3
14.5955485,-19.18737793,LA6,2009-03-29,03:20:54 PM,15:20:00,Hot-Wet,2009-03-29 15:20:00,3
14.59608765,-19.187677,LA6,2009-03-29,03:40:54 PM,15:40:00,Hot-Wet,2009-03-29 15:40:00,3
14.59732259,-19.18881836,LA6,2009-03-29,04:00:54 PM,16:00:00,Hot-Wet,2009-03-29 16:00:00,3
14.59929504,-19.18681641,LA6,2009-03-29,04:20:54 PM,16:20:00,Hot-Wet,2009-03-29 16:20:00,3
14.60452983,-19.18540853,LA6,2009-03-29,04:40:54 PM,16:40:00,Hot-Wet,2009-03-29 16:40:00,3
14.61029765,-19.18306885,LA6,2009-03-29,05:00:54 PM,17:00:00,Hot-Wet,2009-03-29 17:00:00,3
14.61059672,-19.18106893,LA6,2009-03-29,05:20:54 PM,17:20:00,Hot-Wet,2009-03-29 17:20:00,3
14.61076355,-19.17996419,LA6,2009-03-29,05:40:54 PM,17:40:00,Hot-Wet,2009-03-29 17:40:00,3
14.61088359,-19.17901611,LA6,2009-03-29,06:00:54 PM,18:00:00,Hot-Wet,2009-03-29 18:00:00,3
14.6114268,-19.17736206,LA6,2009-03-29,06:20:54 PM,18:20:00,Hot-Wet,2009-03-29 18:20:00,3
14.61138102,-19.17735596,LA6,2009-03-29,06:40:54 PM,18:40:00,Hot-Wet,2009-03-29 18:40:00,3
14.61140238,-19.17735799,LA6,2009-03-29,07:00:54 PM,19:00:00,Hot-Wet,2009-03-29 19:00:00,3
14.61208293,-19.17838542,LA6,2009-03-29,07:20:54 PM,19:20:00,Hot-Wet,2009-03-29 19:20:00,3
14.61222941,-19.17894287,LA6,2009-03-29,07:40:54 PM,19:40:00,Hot-Wet,2009-03-29 19:40:00,3
14.61282959,-19.17979126,LA6,2009-03-29,08:00:54 PM,20:00:00,Hot-Wet,2009-03-29 20:00:00,3
14.6144755,-19.18004354,LA6,2009-03-29,08:20:54 PM,20:20:00,Hot-Wet,2009-03-29 20:20:00,3
14.61631978,-19.17930298,LA6,2009-03-29,08:40:54 PM,20:40:00,Hot-Wet,2009-03-29 20:40:00,3
14.62006429,-19.17673747,LA6,2009-03-29,09:00:54 PM,21:00:00,Hot-Wet,2009-03-29 21:00:00,3
14.62299093,-19.17479655,LA6,2009-03-29,09:20:54 PM,21:20:00,Hot-Wet,2009-03-29 21:20:00,3
14.62755534,-19.17814128,LA6,2009-03-29,09:40:54 PM,21:40:00,Hot-Wet,2009-03-29 21:40:00,3
14.62972005,-19.18180745,LA6,2009-03-29,10:00:54 PM,22:00:00,Hot-Wet,2009-03-29 22:00:00,3
14.63189392,-19.18221436,LA6,2009-03-29,10:20:54 PM,22:20:00,Hot-Wet,2009-03-29 22:20:00,3
14.63111267,-19.18353882,LA6,2009-03-29,10:40:54 PM,22:40:00,Hot-Wet,2009-03-29 22:40:00,3
14.63107707,-19.18348999,LA6,2009-03-29,11:00:54 PM,23:00:00,Hot-Wet,2009-03-29 23:00:00,3
14.63111064,-19.18347371,LA6,2009-03-29,11:20:54 PM,23:20:00,Hot-Wet,2009-03-29 23:20:00,3
14.63108114,-19.18448486,LA6,2009-03-29,11:40:54 PM,23:40:00,Hot-Wet,2009-03-29 23:40:00,3
14.63107096,-19.18446655,LA6,2009-03-30,12:00:54 AM,00:00:00,Hot-Wet,2009-03-30 00:00:00,3
14.63106283,-19.18447469,LA6,2009-03-30,12:20:54 AM,00:20:00,Hot-Wet,2009-03-30 00:20:00,3
14.63109233,-19.184493,LA6,2009-03-30,12:40:54 AM,00:40:00,Hot-Wet,2009-03-30 00:40:00,3
14.63106283,-19.18450114,LA6,2009-03-30,01:00:54 AM,01:00:00,Hot-Wet,2009-03-30 01:00:00,3
14.63106384,-19.18448893,LA6,2009-03-30,01:20:54 AM,01:20:00,Hot-Wet,2009-03-30 01:20:00,3
14.63104858,-19.1844991,LA6,2009-03-30,01:40:44 AM,01:40:00,Hot-Wet,2009-03-30 01:40:00,3
14.63107605,-19.18447876,LA6,2009-03-30,02:00:44 AM,02:00:00,Hot-Wet,2009-03-30 02:00:00,3
14.63107707,-19.184493,LA6,2009-03-30,02:20:44 AM,02:20:00,Hot-Wet,2009-03-30 02:20:00,3
14.63090413,-19.18480835,LA6,2009-03-30,02:40:44 AM,02:40:00,Hot-Wet,2009-03-30 02:40:00,3
14.63070374,-19.18561808,LA6,2009-03-30,03:00:44 AM,03:00:00,Hot-Wet,2009-03-30 03:00:00,3
14.63070272,-19.18562012,LA6,2009-03-30,03:20:44 AM,03:20:00,Hot-Wet,2009-03-30 03:20:00,3
14.63064982,-19.18567708,LA6,2009-03-30,03:40:44 AM,03:40:00,Hot-Wet,2009-03-30 03:40:00,3
14.62980042,-19.1853068,LA6,2009-03-30,04:00:44 AM,04:00:00,Hot-Wet,2009-03-30 04:00:00,3
14.62972921,-19.18526815,LA6,2009-03-30,04:20:44 AM,04:20:00,Hot-Wet,2009-03-30 04:20:00,3
14.62970886,-19.18522135,LA6,2009-03-30,04:40:44 AM,04:40:00,Hot-Wet,2009-03-30 04:40:00,3
14.62973836,-19.18531901,LA6,2009-03-30,05:00:44 AM,05:00:00,Hot-Wet,2009-03-30 05:00:00,3
14.62930094,-19.1855896,LA6,2009-03-30,05:20:44 AM,05:20:00,Hot-Wet,2009-03-30 05:20:00,3
14.62811076,-19.18661499,LA6,2009-03-30,05:40:44 AM,05:40:00,Hot-Wet,2009-03-30 05:40:00,3
14.6281189,-19.18713989,LA6,2009-03-30,06:00:44 AM,06:00:00,Hot-Wet,2009-03-30 06:00:00,3
14.62816467,-19.18710327,LA6,2009-03-30,06:20:44 AM,06:20:00,Hot-Wet,2009-03-30 06:20:00,3
14.62821248,-19.18806356,LA6,2009-03-30,06:40:44 AM,06:40:00,Hot-Wet,2009-03-30 06:40:00,3
14.62830709,-19.18900553,LA6,2009-03-30,07:00:44 AM,07:00:00,Hot-Wet,2009-03-30 07:00:00,3
14.62862651,-19.19011637,LA6,2009-03-30,07:20:44 AM,07:20:00,Hot-Wet,2009-03-30 07:20:00,3
14.62931925,-19.19112345,LA6,2009-03-30,07:40:44 AM,07:40:00,Hot-Wet,2009-03-30 07:40:00,3
14.62871094,-19.1902242,LA6,2009-03-30,08:00:44 AM,08:00:00,Hot-Wet,2009-03-30 08:00:00,3
14.62784526,-19.18876343,LA6,2009-03-30,08:20:44 AM,08:20:00,Hot-Wet,2009-03-30 08:20:00,3
14.62862345,-19.18848877,LA6,2009-03-30,08:40:44 AM,08:40:00,Hot-Wet,2009-03-30 08:40:00,3
14.62857157,-19.1884847,LA6,2009-03-30,09:00:44 AM,09:00:00,Hot-Wet,2009-03-30 09:00:00,3
14.63036397,-19.18919067,LA6,2009-03-30,09:20:44 AM,09:20:00,Hot-Wet,2009-03-30 09:20:00,3
14.63035482,-19.1891866,LA6,2009-03-30,09:40:44 AM,09:40:00,Hot-Wet,2009-03-30 09:40:00,3
14.63480632,-19.19221802,LA6,2009-03-30,10:00:44 AM,10:00:00,Hot-Wet,2009-03-30 10:00:00,3
14.63525899,-19.19274089,LA6,2009-03-30,10:20:44 AM,10:20:00,Hot-Wet,2009-03-30 10:20:00,3
14.63828125,-19.19581706,LA6,2009-03-30,10:40:44 AM,10:40:00,Hot-Wet,2009-03-30 10:40:00,3
14.64648031,-19.19926554,LA6,2009-03-30,11:00:44 AM,11:00:00,Hot-Wet,2009-03-30 11:00:00,3
14.65315755,-19.19927572,LA6,2009-03-30,11:20:44 AM,11:20:00,Hot-Wet,2009-03-30 11:20:00,3
14.65595601,-19.19996338,LA6,2009-03-30,11:40:44 AM,11:40:00,Hot-Wet,2009-03-30 11:40:00,3
14.66056417,-19.20490316,LA6,2009-03-30,12:00:44 PM,12:00:00,Hot-Wet,2009-03-30 12:00:00,3
14.66578776,-19.20828654,LA6,2009-03-30,12:20:44 PM,12:20:00,Hot-Wet,2009-03-30 12:20:00,3
14.66720072,-19.20772095,LA6,2009-03-30,12:40:44 PM,12:40:00,Hot-Wet,2009-03-30 12:40:00,3
14.66823832,-19.20819092,LA6,2009-03-30,01:00:44 PM,13:00:00,Hot-Wet,2009-03-30 13:00:00,3
14.66839396,-19.20767822,LA6,2009-03-30,01:20:44 PM,13:20:00,Hot-Wet,2009-03-30 13:20:00,3
14.67064819,-19.20912679,LA6,2009-03-30,01:40:44 PM,13:40:00,Hot-Wet,2009-03-30 13:40:00,3
14.67219543,-19.21139323,LA6,2009-03-30,02:00:44 PM,14:00:00,Hot-Wet,2009-03-30 14:00:00,3
14.67152201,-19.21143188,LA6,2009-03-30,02:20:44 PM,14:20:00,Hot-Wet,2009-03-30 14:20:00,3
14.67290243,-19.2111613,LA6,2009-03-30,02:40:44 PM,14:40:00,Hot-Wet,2009-03-30 14:40:00,3
14.67432963,-19.21096191,LA6,2009-03-30,03:00:44 PM,15:00:00,Hot-Wet,2009-03-30 15:00:00,3
14.67421875,-19.21038005,LA6,2009-03-30,03:20:44 PM,15:20:00,Hot-Wet,2009-03-30 15:20:00,3
14.67428589,-19.21028239,LA6,2009-03-30,03:40:44 PM,15:40:00,Hot-Wet,2009-03-30 15:40:00,3
14.67735392,-19.21344198,LA6,2009-03-30,04:00:44 PM,16:00:00,Hot-Wet,2009-03-30 16:00:00,3
14.67830912,-19.21935221,LA6,2009-03-30,04:20:44 PM,16:20:00,Hot-Wet,2009-03-30 16:20:00,3
14.67764689,-19.22302043,LA6,2009-03-30,04:40:54 PM,16:40:00,Hot-Wet,2009-03-30 16:40:00,3
14.67768046,-19.22296143,LA6,2009-03-30,05:00:44 PM,17:00:00,Hot-Wet,2009-03-30 17:00:00,3
14.679658,-19.22475179,LA6,2009-03-30,05:20:44 PM,17:20:00,Hot-Wet,2009-03-30 17:20:00,3
14.68749898,-19.22906494,LA6,2009-03-30,05:40:44 PM,17:40:00,Hot-Wet,2009-03-30 17:40:00,3
14.69720866,-19.23180949,LA6,2009-03-30,06:00:44 PM,18:00:00,Hot-Wet,2009-03-30 18:00:00,3
14.69720866,-19.23181152,LA6,2009-03-30,06:20:44 PM,18:20:00,Hot-Wet,2009-03-30 18:20:00,3
14.69870605,-19.2311381,LA6,2009-03-30,06:40:44 PM,18:40:00,Hot-Wet,2009-03-30 18:40:00,3
14.70324504,-19.23106689,LA6,2009-03-30,07:00:44 PM,19:00:00,Hot-Wet,2009-03-30 19:00:00,3
14.70589091,-19.23070882,LA6,2009-03-30,07:20:44 PM,19:20:00,Hot-Wet,2009-03-30 19:20:00,3
14.70827738,-19.23080241,LA6,2009-03-30,07:40:44 PM,19:40:00,Hot-Wet,2009-03-30 19:40:00,3
14.71059977,-19.23286133,LA6,2009-03-30,08:00:44 PM,20:00:00,Hot-Wet,2009-03-30 20:00:00,3
14.71300049,-19.23417358,LA6,2009-03-30,08:20:44 PM,20:20:00,Hot-Wet,2009-03-30 20:20:00,3
14.71841634,-19.23411255,LA6,2009-03-30,08:40:44 PM,20:40:00,Hot-Wet,2009-03-30 20:40:00,3
14.71956075,-19.23359985,LA6,2009-03-30,09:00:44 PM,21:00:00,Hot-Wet,2009-03-30 21:00:00,3
14.72285665,-19.2313029,LA6,2009-03-30,09:20:44 PM,21:20:00,Hot-Wet,2009-03-30 21:20:00,3
14.7258606,-19.23240967,LA6,2009-03-30,09:40:44 PM,21:40:00,Hot-Wet,2009-03-30 21:40:00,3
14.72631327,-19.23222453,LA6,2009-03-30,10:00:44 PM,22:00:00,Hot-Wet,2009-03-30 22:00:00,3
14.73172099,-19.23400269,LA6,2009-03-30,10:20:44 PM,22:20:00,Hot-Wet,2009-03-30 22:20:00,3
14.73737793,-19.23317464,LA6,2009-03-30,10:40:44 PM,22:40:00,Hot-Wet,2009-03-30 22:40:00,3
14.7399231,-19.23258667,LA6,2009-03-30,11:00:44 PM,23:00:00,Hot-Wet,2009-03-30 23:00:00,3
14.7398112,-19.23093872,LA6,2009-03-30,11:20:44 PM,23:20:00,Hot-Wet,2009-03-30 23:20:00,3
14.73811646,-19.22906901,LA6,2009-03-30,11:40:44 PM,23:40:00,Hot-Wet,2009-03-30 23:40:00,3
14.73746134,-19.22899984,LA6,2009-03-31,12:00:44 AM,00:00:00,Hot-Wet,2009-03-31 00:00:00,3
14.73802389,-19.22833659,LA6,2009-03-31,12:20:44 AM,00:20:00,Hot-Wet,2009-03-31 00:20:00,3
14.73821208,-19.22846069,LA6,2009-03-31,12:40:44 AM,00:40:00,Hot-Wet,2009-03-31 00:40:00,3
14.73820496,-19.22845459,LA6,2009-03-31,01:00:44 AM,01:00:00,Hot-Wet,2009-03-31 01:00:00,3
14.73816935,-19.22844645,LA6,2009-03-31,01:20:44 AM,01:20:00,Hot-Wet,2009-03-31 01:20:00,3
14.73820089,-19.22844035,LA6,2009-03-31,01:40:44 AM,01:40:00,Hot-Wet,2009-03-31 01:40:00,3
14.73816935,-19.22845052,LA6,2009-03-31,02:00:44 AM,02:00:00,Hot-Wet,2009-03-31 02:00:00,3
14.73816732,-19.22844238,LA6,2009-03-31,02:20:44 AM,02:20:00,Hot-Wet,2009-03-31 02:20:00,3
14.73822021,-19.22844238,LA6,2009-03-31,02:40:44 AM,02:40:00,Hot-Wet,2009-03-31 02:40:00,3
14.73772278,-19.22815552,LA6,2009-03-31,03:00:44 AM,03:00:00,Hot-Wet,2009-03-31 03:00:00,3
14.73771973,-19.22815145,LA6,2009-03-31,03:20:44 AM,03:20:00,Hot-Wet,2009-03-31 03:20:00,3
14.73728943,-19.22817383,LA6,2009-03-31,03:40:44 AM,03:40:00,Hot-Wet,2009-03-31 03:40:00,3
14.73703918,-19.22809448,LA6,2009-03-31,04:00:44 AM,04:00:00,Hot-Wet,2009-03-31 04:00:00,3
14.73699544,-19.22812093,LA6,2009-03-31,04:20:44 AM,04:20:00,Hot-Wet,2009-03-31 04:20:00,3
14.73618876,-19.22782796,LA6,2009-03-31,04:40:44 AM,04:40:00,Hot-Wet,2009-03-31 04:40:00,3
14.73477783,-19.22729492,LA6,2009-03-31,05:00:44 AM,05:00:00,Hot-Wet,2009-03-31 05:00:00,3
14.73453471,-19.22752686,LA6,2009-03-31,05:20:44 AM,05:20:00,Hot-Wet,2009-03-31 05:20:00,3
14.7329305,-19.22610067,LA6,2009-03-31,05:40:44 AM,05:40:00,Hot-Wet,2009-03-31 05:40:00,3
14.73242086,-19.22321574,LA6,2009-03-31,06:00:44 AM,06:00:00,Hot-Wet,2009-03-31 06:00:00,3
14.73138326,-19.22137655,LA6,2009-03-31,06:20:44 AM,06:20:00,Hot-Wet,2009-03-31 06:20:00,3
14.73172302,-19.22007039,LA6,2009-03-31,06:40:44 AM,06:40:00,Hot-Wet,2009-03-31 06:40:00,3
14.73080343,-19.21824137,LA6,2009-03-31,07:00:44 AM,07:00:00,Hot-Wet,2009-03-31 07:00:00,3
14.72924296,-19.21729329,LA6,2009-03-31,07:20:44 AM,07:20:00,Hot-Wet,2009-03-31 07:20:00,3
14.73032633,-19.21571859,LA6,2009-03-31,07:40:44 AM,07:40:00,Hot-Wet,2009-03-31 07:40:00,3
14.72909139,-19.21361084,LA6,2009-03-31,08:00:44 AM,08:00:00,Hot-Wet,2009-03-31 08:00:00,3
14.72884115,-19.21075236,LA6,2009-03-31,08:20:44 AM,08:20:00,Hot-Wet,2009-03-31 08:20:00,3
14.72838542,-19.20560913,LA6,2009-03-31,08:40:44 AM,08:40:00,Hot-Wet,2009-03-31 08:40:00,3
14.73198446,-19.20350545,LA6,2009-03-31,09:00:44 AM,09:00:00,Hot-Wet,2009-03-31 09:00:00,3
14.73301595,-19.20236003,LA6,2009-03-31,09:20:44 AM,09:20:00,Hot-Wet,2009-03-31 09:20:00,3
14.73309326,-19.20314535,LA6,2009-03-31,09:40:44 AM,09:40:00,Hot-Wet,2009-03-31 09:40:00,3
14.73453471,-19.20504557,LA6,2009-03-31,10:00:44 AM,10:00:00,Hot-Wet,2009-03-31 10:00:00,3
14.7346344,-19.20658976,LA6,2009-03-31,10:20:44 AM,10:20:00,Hot-Wet,2009-03-31 10:20:00,3
14.73567607,-19.20851034,LA6,2009-03-31,10:40:44 AM,10:40:00,Hot-Wet,2009-03-31 10:40:00,3
14.73656921,-19.21010946,LA6,2009-03-31,11:00:44 AM,11:00:00,Hot-Wet,2009-03-31 11:00:00,3
14.73657939,-19.2101237,LA6,2009-03-31,11:20:44 AM,11:20:00,Hot-Wet,2009-03-31 11:20:00,3
14.73659261,-19.21009725,LA6,2009-03-31,11:40:44 AM,11:40:00,Hot-Wet,2009-03-31 11:40:00,3
14.7365682,-19.21010132,LA6,2009-03-31,12:00:44 PM,12:00:00,Hot-Wet,2009-03-31 12:00:00,3
14.73658752,-19.21009725,LA6,2009-03-31,12:20:44 PM,12:20:00,Hot-Wet,2009-03-31 12:20:00,3
14.73664144,-19.21030273,LA6,2009-03-31,12:40:44 PM,12:40:00,Hot-Wet,2009-03-31 12:40:00,3
14.73604533,-19.21166789,LA6,2009-03-31,01:00:44 PM,13:00:00,Hot-Wet,2009-03-31 13:00:00,3
14.73615112,-19.21155599,LA6,2009-03-31,01:20:44 PM,13:20:00,Hot-Wet,2009-03-31 13:20:00,3
14.73653361,-19.21200562,LA6,2009-03-31,01:40:44 PM,13:40:00,Hot-Wet,2009-03-31 13:40:00,3
14.73551839,-19.21292318,LA6,2009-03-31,02:00:44 PM,14:00:00,Hot-Wet,2009-03-31 14:00:00,3
14.73571981,-19.21208496,LA6,2009-03-31,02:20:44 PM,14:20:00,Hot-Wet,2009-03-31 14:20:00,3
14.73578796,-19.20932414,LA6,2009-03-31,02:40:44 PM,14:40:00,Hot-Wet,2009-03-31 14:40:00,3
14.73502401,-19.20945028,LA6,2009-03-31,03:00:44 PM,15:00:00,Hot-Wet,2009-03-31 15:00:00,3
14.73503215,-19.20945028,LA6,2009-03-31,03:20:44 PM,15:20:00,Hot-Wet,2009-03-31 15:20:00,3
14.73573303,-19.21058553,LA6,2009-03-31,03:40:44 PM,15:40:00,Hot-Wet,2009-03-31 15:40:00,3
14.73881429,-19.21467489,LA6,2009-03-31,04:00:44 PM,16:00:00,Hot-Wet,2009-03-31 16:00:00,3
14.74124044,-19.22076823,LA6,2009-03-31,04:20:44 PM,16:20:00,Hot-Wet,2009-03-31 16:20:00,3
14.74123637,-19.22075806,LA6,2009-03-31,04:40:44 PM,16:40:00,Hot-Wet,2009-03-31 16:40:00,3
14.74464823,-19.22419434,LA6,2009-03-31,05:00:44 PM,17:00:00,Hot-Wet,2009-03-31 17:00:00,3
14.74612223,-19.22762248,LA6,2009-03-31,05:20:44 PM,17:20:00,Hot-Wet,2009-03-31 17:20:00,3
14.74824626,-19.23250936,LA6,2009-03-31,05:40:44 PM,17:40:00,Hot-Wet,2009-03-31 17:40:00,3
14.75128479,-19.23445028,LA6,2009-03-31,06:00:44 PM,18:00:00,Hot-Wet,2009-03-31 18:00:00,3
14.74914144,-19.23414103,LA6,2009-03-31,06:20:44 PM,18:20:00,Hot-Wet,2009-03-31 18:20:00,3
14.74580078,-19.23441976,LA6,2009-03-31,06:40:44 PM,18:40:00,Hot-Wet,2009-03-31 18:40:00,3
14.74475911,-19.2335612,LA6,2009-03-31,07:00:44 PM,19:00:00,Hot-Wet,2009-03-31 19:00:00,3
14.74476929,-19.23357137,LA6,2009-03-31,07:20:44 PM,19:20:00,Hot-Wet,2009-03-31 19:20:00,3
14.74187012,-19.231486,LA6,2009-03-31,07:40:44 PM,19:40:00,Hot-Wet,2009-03-31 19:40:00,3
14.74037069,-19.22967936,LA6,2009-03-31,08:00:44 PM,20:00:00,Hot-Wet,2009-03-31 20:00:00,3
14.73990072,-19.22771403,LA6,2009-03-31,08:20:44 PM,20:20:00,Hot-Wet,2009-03-31 20:20:00,3
14.73943685,-19.22707926,LA6,2009-03-31,08:40:44 PM,20:40:00,Hot-Wet,2009-03-31 20:40:00,3
14.73758138,-19.22719523,LA6,2009-03-31,09:00:44 PM,21:00:00,Hot-Wet,2009-03-31 21:00:00,3
14.73516032,-19.22690226,LA6,2009-03-31,09:20:44 PM,21:20:00,Hot-Wet,2009-03-31 21:20:00,3
14.73516744,-19.22691854,LA6,2009-03-31,09:40:44 PM,21:40:00,Hot-Wet,2009-03-31 21:40:00,3
14.73522644,-19.22672933,LA6,2009-03-31,10:00:44 PM,22:00:00,Hot-Wet,2009-03-31 22:00:00,3
14.73530579,-19.22670695,LA6,2009-03-31,10:20:44 PM,22:20:00,Hot-Wet,2009-03-31 22:20:00,3
14.73533122,-19.22670695,LA6,2009-03-31,10:40:44 PM,22:40:00,Hot-Wet,2009-03-31 22:40:00,3
14.7353597,-19.2266866,LA6,2009-03-31,11:00:44 PM,23:00:00,Hot-Wet,2009-03-31 23:00:00,3
14.7353363,-19.22669881,LA6,2009-03-31,11:20:44 PM,23:20:00,Hot-Wet,2009-03-31 23:20:00,3
14.73452047,-19.22753296,LA6,2009-03-31,11:40:45 PM,23:40:00,Hot-Wet,2009-03-31 23:40:00,3
