Longitude,Latitude,individual-local-identifier,Date,timeAPM,Time,Season,DateTime,Month
15.4664032,-18.99931844,LA7,2009-09-01,12:00:00 AM,00:00:00,Hot-Dry,2009-09-01 00:00:00,9
15.46638387,-18.99931234,LA7,2009-09-01,12:20:00 AM,00:20:00,Hot-Dry,2009-09-01 00:20:00,9
15.46639099,-18.99928385,LA7,2009-09-01,12:40:00 AM,00:40:00,Hot-Dry,2009-09-01 00:40:00,9
15.46641947,-18.99927165,LA7,2009-09-01,01:00:00 AM,01:00:00,Hot-Dry,2009-09-01 01:00:00,9
15.46638387,-18.99928589,LA7,2009-09-01,01:20:00 AM,01:20:00,Hot-Dry,2009-09-01 01:20:00,9
15.46640218,-18.99926554,LA7,2009-09-01,01:40:00 AM,01:40:00,Hot-Dry,2009-09-01 01:40:00,9
15.46640523,-18.99927368,LA7,2009-09-01,02:00:00 AM,02:00:00,Hot-Dry,2009-09-01 02:00:00,9
15.46641846,-18.99923706,LA7,2009-09-01,02:20:00 AM,02:20:00,Hot-Dry,2009-09-01 02:20:00,9
15.46642253,-18.99922689,LA7,2009-09-01,02:40:00 AM,02:40:00,Hot-Dry,2009-09-01 02:40:00,9
15.46639506,-18.99927572,LA7,2009-09-01,03:00:00 AM,03:00:00,Hot-Dry,2009-09-01 03:00:00,9
15.46640625,-18.99928996,LA7,2009-09-01,03:20:00 AM,03:20:00,Hot-Dry,2009-09-01 03:20:00,9
15.46540629,-18.99930827,LA7,2009-09-01,03:40:00 AM,03:40:00,Hot-Dry,2009-09-01 03:40:00,9
15.4644165,-18.9992513,LA7,2009-09-01,04:00:00 AM,04:00:00,Hot-Dry,2009-09-01 04:00:00,9
15.46428324,-18.99922485,LA7,2009-09-01,04:20:00 AM,04:20:00,Hot-Dry,2009-09-01 04:20:00,9
15.46278076,-19.00010783,LA7,2009-09-01,04:40:00 AM,04:40:00,Hot-Dry,2009-09-01 04:40:00,9
15.46202189,-19.00109253,LA7,2009-09-01,05:00:00 AM,05:00:00,Hot-Dry,2009-09-01 05:00:00,9
15.46221924,-19.00115153,LA7,2009-09-01,05:20:00 AM,05:20:00,Hot-Dry,2009-09-01 05:20:00,9
15.46225586,-19.0011556,LA7,2009-09-01,05:40:00 AM,05:40:00,Hot-Dry,2009-09-01 05:40:00,9
15.46224365,-19.00113525,LA7,2009-09-01,06:00:00 AM,06:00:00,Hot-Dry,2009-09-01 06:00:00,9
15.46235555,-19.00141602,LA7,2009-09-01,06:20:00 AM,06:20:00,Hot-Dry,2009-09-01 06:20:00,9
15.46206258,-19.00109456,LA7,2009-09-01,06:40:00 AM,06:40:00,Hot-Dry,2009-09-01 06:40:00,9
15.46206767,-18.9988973,LA7,2009-09-01,07:00:00 AM,07:00:00,Hot-Dry,2009-09-01 07:00:00,9
15.46243896,-18.99584554,LA7,2009-09-01,07:20:00 AM,07:20:00,Hot-Dry,2009-09-01 07:20:00,9
15.46245219,-18.99349365,LA7,2009-09-01,07:40:00 AM,07:40:00,Hot-Dry,2009-09-01 07:40:00,9
15.46296692,-18.99249471,LA7,2009-09-01,08:00:00 AM,08:00:00,Hot-Dry,2009-09-01 08:00:00,9
15.46397298,-18.99024251,LA7,2009-09-01,08:20:00 AM,08:20:00,Hot-Dry,2009-09-01 08:20:00,9
15.46548971,-18.98913371,LA7,2009-09-01,08:40:00 AM,08:40:00,Hot-Dry,2009-09-01 08:40:00,9
15.46595459,-18.98889974,LA7,2009-09-01,09:00:00 AM,09:00:00,Hot-Dry,2009-09-01 09:00:00,9
15.46596578,-18.98887939,LA7,2009-09-01,09:20:00 AM,09:20:00,Hot-Dry,2009-09-01 09:20:00,9
15.4659495,-18.98887533,LA7,2009-09-01,09:40:00 AM,09:40:00,Hot-Dry,2009-09-01 09:40:00,9
15.46627096,-18.98863525,LA7,2009-09-01,10:00:00 AM,10:00:00,Hot-Dry,2009-09-01 10:00:00,9
15.4662618,-18.98864543,LA7,2009-09-01,10:20:00 AM,10:20:00,Hot-Dry,2009-09-01 10:20:00,9
15.46628316,-18.98861491,LA7,2009-09-01,10:40:00 AM,10:40:00,Hot-Dry,2009-09-01 10:40:00,9
15.46628316,-18.98864136,LA7,2009-09-01,11:00:00 AM,11:00:00,Hot-Dry,2009-09-01 11:00:00,9
15.46625977,-18.9886617,LA7,2009-09-01,11:20:00 AM,11:20:00,Hot-Dry,2009-09-01 11:20:00,9
15.46625875,-18.98863729,LA7,2009-09-01,11:40:00 AM,11:40:00,Hot-Dry,2009-09-01 11:40:00,9
15.46627808,-18.9886495,LA7,2009-09-01,12:00:00 PM,12:00:00,Hot-Dry,2009-09-01 12:00:00,9
15.46629028,-18.98865153,LA7,2009-09-01,12:20:00 PM,12:20:00,Hot-Dry,2009-09-01 12:20:00,9
15.46651408,-18.98864543,LA7,2009-09-01,12:40:00 PM,12:40:00,Hot-Dry,2009-09-01 12:40:00,9
15.46870931,-18.98780924,LA7,2009-09-01,01:00:00 PM,13:00:00,Hot-Dry,2009-09-01 13:00:00,9
15.46882528,-18.98688354,LA7,2009-09-01,01:20:00 PM,13:20:00,Hot-Dry,2009-09-01 13:20:00,9
15.46885579,-18.98686523,LA7,2009-09-01,01:40:00 PM,13:40:00,Hot-Dry,2009-09-01 13:40:00,9
15.46885783,-18.98689372,LA7,2009-09-01,02:00:00 PM,14:00:00,Hot-Dry,2009-09-01 14:00:00,9
15.46887004,-18.98689575,LA7,2009-09-01,02:20:00 PM,14:20:00,Hot-Dry,2009-09-01 14:20:00,9
15.47235413,-18.98823446,LA7,2009-09-01,02:40:00 PM,14:40:00,Hot-Dry,2009-09-01 14:40:00,9
15.47758891,-18.98939412,LA7,2009-09-01,03:00:00 PM,15:00:00,Hot-Dry,2009-09-01 15:00:00,9
15.4817159,-18.98746338,LA7,2009-09-01,03:20:00 PM,15:20:00,Hot-Dry,2009-09-01 15:20:00,9
15.4864797,-18.9866984,LA7,2009-09-01,03:40:00 PM,15:40:00,Hot-Dry,2009-09-01 15:40:00,9
15.48994751,-18.98529663,LA7,2009-09-01,04:00:00 PM,16:00:00,Hot-Dry,2009-09-01 16:00:00,9
15.49310404,-18.98226929,LA7,2009-09-01,04:20:00 PM,16:20:00,Hot-Dry,2009-09-01 16:20:00,9
15.49890442,-18.97835286,LA7,2009-09-01,04:40:00 PM,16:40:00,Hot-Dry,2009-09-01 16:40:00,9
15.50361532,-18.97654012,LA7,2009-09-01,05:00:00 PM,17:00:00,Hot-Dry,2009-09-01 17:00:00,9
15.50358988,-18.97651571,LA7,2009-09-01,05:20:00 PM,17:20:00,Hot-Dry,2009-09-01 17:20:00,9
15.50356649,-18.97655029,LA7,2009-09-01,05:40:00 PM,17:40:00,Hot-Dry,2009-09-01 17:40:00,9
15.50362244,-18.97662557,LA7,2009-09-01,06:00:00 PM,18:00:00,Hot-Dry,2009-09-01 18:00:00,9
15.50358887,-18.97653809,LA7,2009-09-01,06:20:00 PM,18:20:00,Hot-Dry,2009-09-01 18:20:00,9
15.50360616,-18.97655233,LA7,2009-09-01,06:40:00 PM,18:40:00,Hot-Dry,2009-09-01 18:40:00,9
15.50360819,-18.97653402,LA7,2009-09-01,07:00:00 PM,19:00:00,Hot-Dry,2009-09-01 19:00:00,9
15.5036499,-18.97655436,LA7,2009-09-01,07:20:00 PM,19:20:00,Hot-Dry,2009-09-01 19:20:00,9
15.4956075,-18.97858276,LA7,2009-09-01,07:40:00 PM,19:40:00,Hot-Dry,2009-09-01 19:40:00,9
15.49131368,-18.97725423,LA7,2009-09-01,08:00:00 PM,20:00:00,Hot-Dry,2009-09-01 20:00:00,9
15.48763224,-18.97741292,LA7,2009-09-01,08:20:00 PM,20:20:00,Hot-Dry,2009-09-01 20:20:00,9
15.48492126,-18.97726034,LA7,2009-09-01,08:40:00 PM,20:40:00,Hot-Dry,2009-09-01 20:40:00,9
15.48032328,-18.97656453,LA7,2009-09-01,09:00:00 PM,21:00:00,Hot-Dry,2009-09-01 21:00:00,9
15.47755025,-18.97634684,LA7,2009-09-01,09:20:00 PM,21:20:00,Hot-Dry,2009-09-01 21:20:00,9
15.47479858,-18.97552897,LA7,2009-09-01,09:40:00 PM,21:40:00,Hot-Dry,2009-09-01 21:40:00,9
15.47401733,-18.97550252,LA7,2009-09-01,10:00:00 PM,22:00:00,Hot-Dry,2009-09-01 22:00:00,9
15.47196655,-18.975354,LA7,2009-09-01,10:20:00 PM,22:20:00,Hot-Dry,2009-09-01 22:20:00,9
15.47072652,-18.9755188,LA7,2009-09-01,10:40:00 PM,22:40:00,Hot-Dry,2009-09-01 22:40:00,9
15.46936646,-18.9757487,LA7,2009-09-01,11:00:00 PM,23:00:00,Hot-Dry,2009-09-01 23:00:00,9
15.46842244,-18.97548218,LA7,2009-09-01,11:20:00 PM,23:20:00,Hot-Dry,2009-09-01 23:20:00,9
15.46785482,-18.97537842,LA7,2009-09-01,11:40:00 PM,23:40:00,Hot-Dry,2009-09-01 23:40:00,9
15.46547953,-18.97548625,LA7,2009-09-02,12:00:00 AM,00:00:00,Hot-Dry,2009-09-02 00:00:00,9
15.46363831,-18.97545573,LA7,2009-09-02,12:20:00 AM,00:20:00,Hot-Dry,2009-09-02 00:20:00,9
15.46161702,-18.9760966,LA7,2009-09-02,12:40:00 AM,00:40:00,Hot-Dry,2009-09-02 00:40:00,9
15.45984192,-18.97716675,LA7,2009-09-02,01:00:00 AM,01:00:00,Hot-Dry,2009-09-02 01:00:00,9
15.45786641,-18.97781169,LA7,2009-09-02,01:20:00 AM,01:20:00,Hot-Dry,2009-09-02 01:20:00,9
15.45704142,-18.97823893,LA7,2009-09-02,01:40:00 AM,01:40:00,Hot-Dry,2009-09-02 01:40:00,9
15.45732625,-18.97876587,LA7,2009-09-02,02:00:00 AM,02:00:00,Hot-Dry,2009-09-02 02:00:00,9
15.45701396,-18.97903035,LA7,2009-09-02,02:20:00 AM,02:20:00,Hot-Dry,2009-09-02 02:20:00,9
15.45692444,-18.97930094,LA7,2009-09-02,02:40:00 AM,02:40:00,Hot-Dry,2009-09-02 02:40:00,9
15.45691427,-18.97929891,LA7,2009-09-02,03:00:00 AM,03:00:00,Hot-Dry,2009-09-02 03:00:00,9
15.45692444,-18.9792867,LA7,2009-09-02,03:20:00 AM,03:20:00,Hot-Dry,2009-09-02 03:20:00,9
15.45693563,-18.97927043,LA7,2009-09-02,03:40:00 AM,03:40:00,Hot-Dry,2009-09-02 03:40:00,9
15.45690918,-18.97929077,LA7,2009-09-02,04:00:00 AM,04:00:00,Hot-Dry,2009-09-02 04:00:00,9
15.45693359,-18.97932739,LA7,2009-09-02,04:20:00 AM,04:20:00,Hot-Dry,2009-09-02 04:20:00,9
15.45693766,-18.97931519,LA7,2009-09-02,04:40:00 AM,04:40:00,Hot-Dry,2009-09-02 04:40:00,9
15.45625305,-18.9795695,LA7,2009-09-02,05:00:00 AM,05:00:00,Hot-Dry,2009-09-02 05:00:00,9
15.45257161,-18.9794515,LA7,2009-09-02,05:20:00 AM,05:20:00,Hot-Dry,2009-09-02 05:20:00,9
15.45016785,-18.97808431,LA7,2009-09-02,05:40:00 AM,05:40:00,Hot-Dry,2009-09-02 05:40:00,9
15.44788717,-18.97786255,LA7,2009-09-02,06:00:00 AM,06:00:00,Hot-Dry,2009-09-02 06:00:00,9
15.44615885,-18.97714233,LA7,2009-09-02,06:20:00 AM,06:20:00,Hot-Dry,2009-09-02 06:20:00,9
15.44578349,-18.97646891,LA7,2009-09-02,06:40:00 AM,06:40:00,Hot-Dry,2009-09-02 06:40:00,9
15.44580078,-18.97645874,LA7,2009-09-02,07:00:00 AM,07:00:00,Hot-Dry,2009-09-02 07:00:00,9
15.44524943,-18.97651367,LA7,2009-09-02,07:20:00 AM,07:20:00,Hot-Dry,2009-09-02 07:20:00,9
15.44512939,-18.97632853,LA7,2009-09-02,07:40:00 AM,07:40:00,Hot-Dry,2009-09-02 07:40:00,9
15.44487915,-18.97627563,LA7,2009-09-02,08:00:00 AM,08:00:00,Hot-Dry,2009-09-02 08:00:00,9
15.44366353,-18.97626953,LA7,2009-09-02,08:20:00 AM,08:20:00,Hot-Dry,2009-09-02 08:20:00,9
15.44423319,-18.97710164,LA7,2009-09-02,08:40:00 AM,08:40:00,Hot-Dry,2009-09-02 08:40:00,9
15.44446309,-18.97750244,LA7,2009-09-02,09:00:00 AM,09:00:00,Hot-Dry,2009-09-02 09:00:00,9
15.44447428,-18.97753296,LA7,2009-09-02,09:20:00 AM,09:20:00,Hot-Dry,2009-09-02 09:20:00,9
15.44446615,-18.9775411,LA7,2009-09-02,09:40:00 AM,09:40:00,Hot-Dry,2009-09-02 09:40:00,9
15.44446513,-18.97753092,LA7,2009-09-02,10:00:00 AM,10:00:00,Hot-Dry,2009-09-02 10:00:00,9
15.44447225,-18.97755737,LA7,2009-09-02,10:20:00 AM,10:20:00,Hot-Dry,2009-09-02 10:20:00,9
15.44447123,-18.9775411,LA7,2009-09-02,10:40:00 AM,10:40:00,Hot-Dry,2009-09-02 10:40:00,9
15.44449666,-18.97721354,LA7,2009-09-02,11:00:00 AM,11:00:00,Hot-Dry,2009-09-02 11:00:00,9
15.44457194,-18.97727661,LA7,2009-09-02,11:20:00 AM,11:20:00,Hot-Dry,2009-09-02 11:20:00,9
15.44449056,-18.97756144,LA7,2009-09-02,11:40:00 AM,11:40:00,Hot-Dry,2009-09-02 11:40:00,9
15.44449565,-18.97754313,LA7,2009-09-02,12:00:00 PM,12:00:00,Hot-Dry,2009-09-02 12:00:00,9
15.44450378,-18.97757772,LA7,2009-09-02,12:20:00 PM,12:20:00,Hot-Dry,2009-09-02 12:20:00,9
15.4445109,-18.97755737,LA7,2009-09-02,12:40:00 PM,12:40:00,Hot-Dry,2009-09-02 12:40:00,9
15.44449768,-18.97755737,LA7,2009-09-02,01:00:00 PM,13:00:00,Hot-Dry,2009-09-02 13:00:00,9
15.44481405,-18.97826335,LA7,2009-09-02,01:20:00 PM,13:20:00,Hot-Dry,2009-09-02 13:20:00,9
15.44483032,-18.97826131,LA7,2009-09-02,01:40:00 PM,13:40:00,Hot-Dry,2009-09-02 13:40:00,9
15.44464111,-18.978302,LA7,2009-09-02,02:00:00 PM,14:00:00,Hot-Dry,2009-09-02 14:00:00,9
15.44466349,-18.97831421,LA7,2009-09-02,02:20:00 PM,14:20:00,Hot-Dry,2009-09-02 14:20:00,9
15.44515889,-18.97872721,LA7,2009-09-02,02:40:00 PM,14:40:00,Hot-Dry,2009-09-02 14:40:00,9
15.44512939,-18.97871908,LA7,2009-09-02,03:00:00 PM,15:00:00,Hot-Dry,2009-09-02 15:00:00,9
15.44540914,-18.97838338,LA7,2009-09-02,03:20:00 PM,15:20:00,Hot-Dry,2009-09-02 15:20:00,9
15.44571228,-18.97822266,LA7,2009-09-02,03:40:00 PM,15:40:00,Hot-Dry,2009-09-02 15:40:00,9
15.446462,-18.97752279,LA7,2009-09-02,04:00:00 PM,16:00:00,Hot-Dry,2009-09-02 16:00:00,9
15.44894104,-18.97403564,LA7,2009-09-02,04:20:00 PM,16:20:00,Hot-Dry,2009-09-02 16:20:00,9
15.45009562,-18.97557576,LA7,2009-09-02,04:40:00 PM,16:40:00,Hot-Dry,2009-09-02 16:40:00,9
15.45022074,-18.97647298,LA7,2009-09-02,05:00:00 PM,17:00:00,Hot-Dry,2009-09-02 17:00:00,9
15.44983927,-18.97742513,LA7,2009-09-02,05:20:00 PM,17:20:00,Hot-Dry,2009-09-02 17:20:00,9
15.44954122,-18.97870076,LA7,2009-09-02,05:40:00 PM,17:40:00,Hot-Dry,2009-09-02 17:40:00,9
15.44889018,-18.97962646,LA7,2009-09-02,06:00:00 PM,18:00:00,Hot-Dry,2009-09-02 18:00:00,9
15.4476237,-18.97990316,LA7,2009-09-02,06:20:00 PM,18:20:00,Hot-Dry,2009-09-02 18:20:00,9
15.44724223,-18.97987061,LA7,2009-09-02,06:40:00 PM,18:40:00,Hot-Dry,2009-09-02 18:40:00,9
15.44377645,-18.97908732,LA7,2009-09-02,07:00:00 PM,19:00:00,Hot-Dry,2009-09-02 19:00:00,9
15.44211121,-18.97825724,LA7,2009-09-02,07:20:00 PM,19:20:00,Hot-Dry,2009-09-02 19:20:00,9
15.44034831,-18.97769165,LA7,2009-09-02,07:40:00 PM,19:40:00,Hot-Dry,2009-09-02 19:40:00,9
15.44038493,-18.97769775,LA7,2009-09-02,08:00:00 PM,20:00:00,Hot-Dry,2009-09-02 20:00:00,9
15.43999939,-18.97646281,LA7,2009-09-02,08:20:00 PM,20:20:00,Hot-Dry,2009-09-02 20:20:00,9
15.43985392,-18.97487996,LA7,2009-09-02,08:40:00 PM,20:40:00,Hot-Dry,2009-09-02 20:40:00,9
15.43912557,-18.97353923,LA7,2009-09-02,09:00:00 PM,21:00:00,Hot-Dry,2009-09-02 21:00:00,9
15.43854268,-18.9731486,LA7,2009-09-02,09:20:00 PM,21:20:00,Hot-Dry,2009-09-02 21:20:00,9
15.43630575,-18.97107951,LA7,2009-09-02,09:40:00 PM,21:40:00,Hot-Dry,2009-09-02 21:40:00,9
15.43472595,-18.96974894,LA7,2009-09-02,10:00:00 PM,22:00:00,Hot-Dry,2009-09-02 22:00:00,9
15.43317464,-18.96912435,LA7,2009-09-02,10:20:00 PM,22:20:00,Hot-Dry,2009-09-02 22:20:00,9
15.43190002,-18.96819051,LA7,2009-09-02,10:40:00 PM,22:40:00,Hot-Dry,2009-09-02 22:40:00,9
15.43057658,-18.96753133,LA7,2009-09-02,11:00:00 PM,23:00:00,Hot-Dry,2009-09-02 23:00:00,9
15.42791138,-18.96497192,LA7,2009-09-02,11:20:00 PM,23:20:00,Hot-Dry,2009-09-02 23:20:00,9
15.42687378,-18.96390991,LA7,2009-09-02,11:40:00 PM,23:40:00,Hot-Dry,2009-09-02 23:40:00,9
15.4267924,-18.96376953,LA7,2009-09-03,12:00:00 AM,00:00:00,Hot-Dry,2009-09-03 00:00:00,9
15.42647909,-18.96311646,LA7,2009-09-03,12:20:00 AM,00:20:00,Hot-Dry,2009-09-03 00:20:00,9
15.42627869,-18.96308594,LA7,2009-09-03,12:40:00 AM,00:40:00,Hot-Dry,2009-09-03 00:40:00,9
15.42619324,-18.96315918,LA7,2009-09-03,01:00:00 AM,01:00:00,Hot-Dry,2009-09-03 01:00:00,9
15.42618103,-18.96304118,LA7,2009-09-03,01:40:00 AM,01:40:00,Hot-Dry,2009-09-03 01:40:00,9
15.42619527,-18.96309001,LA7,2009-09-03,02:00:00 AM,02:00:00,Hot-Dry,2009-09-03 02:00:00,9
15.4261556,-18.96304932,LA7,2009-09-03,02:20:00 AM,02:20:00,Hot-Dry,2009-09-03 02:20:00,9
15.42616374,-18.96306356,LA7,2009-09-03,02:40:00 AM,02:40:00,Hot-Dry,2009-09-03 02:40:00,9
15.42619832,-18.96306559,LA7,2009-09-03,03:00:00 AM,03:00:00,Hot-Dry,2009-09-03 03:00:00,9
15.42616272,-18.96308797,LA7,2009-09-03,03:20:00 AM,03:20:00,Hot-Dry,2009-09-03 03:20:00,9
15.42617594,-18.96308187,LA7,2009-09-03,03:40:00 AM,03:40:00,Hot-Dry,2009-09-03 03:40:00,9
15.42616781,-18.96311239,LA7,2009-09-03,04:00:00 AM,04:00:00,Hot-Dry,2009-09-03 04:00:00,9
15.4262736,-18.96300252,LA7,2009-09-03,04:20:00 AM,04:20:00,Hot-Dry,2009-09-03 04:20:00,9
15.42626851,-18.96303101,LA7,2009-09-03,04:40:00 AM,04:40:00,Hot-Dry,2009-09-03 04:40:00,9
15.42624919,-18.96303507,LA7,2009-09-03,05:00:00 AM,05:00:00,Hot-Dry,2009-09-03 05:00:00,9
15.42649231,-18.96268311,LA7,2009-09-03,05:20:00 AM,05:20:00,Hot-Dry,2009-09-03 05:20:00,9
15.42665202,-18.9623881,LA7,2009-09-03,05:40:00 AM,05:40:00,Hot-Dry,2009-09-03 05:40:00,9
15.42707214,-18.95993245,LA7,2009-09-03,06:00:00 AM,06:00:00,Hot-Dry,2009-09-03 06:00:00,9
15.42925415,-18.95944214,LA7,2009-09-03,06:20:00 AM,06:20:00,Hot-Dry,2009-09-03 06:20:00,9
15.43037008,-18.95916748,LA7,2009-09-03,06:40:00 AM,06:40:00,Hot-Dry,2009-09-03 06:40:00,9
15.43142598,-18.95879517,LA7,2009-09-03,07:00:00 AM,07:00:00,Hot-Dry,2009-09-03 07:00:00,9
15.43199463,-18.95894368,LA7,2009-09-03,07:20:00 AM,07:20:00,Hot-Dry,2009-09-03 07:20:00,9
15.43300476,-18.95833537,LA7,2009-09-03,07:40:00 AM,07:40:00,Hot-Dry,2009-09-03 07:40:00,9
15.43444519,-18.95863647,LA7,2009-09-03,08:00:00 AM,08:00:00,Hot-Dry,2009-09-03 08:00:00,9
15.43651632,-18.9584432,LA7,2009-09-03,08:20:00 AM,08:20:00,Hot-Dry,2009-09-03 08:20:00,9
15.43749797,-18.95812378,LA7,2009-09-03,08:40:00 AM,08:40:00,Hot-Dry,2009-09-03 08:40:00,9
15.43759359,-18.95803426,LA7,2009-09-03,09:00:00 AM,09:00:00,Hot-Dry,2009-09-03 09:00:00,9
15.43852234,-18.95762533,LA7,2009-09-03,09:20:00 AM,09:20:00,Hot-Dry,2009-09-03 09:20:00,9
15.43857015,-18.95741374,LA7,2009-09-03,09:40:00 AM,09:40:00,Hot-Dry,2009-09-03 09:40:00,9
15.43858134,-18.95738118,LA7,2009-09-03,10:00:00 AM,10:00:00,Hot-Dry,2009-09-03 10:00:00,9
15.4390096,-18.95727336,LA7,2009-09-03,10:20:00 AM,10:20:00,Hot-Dry,2009-09-03 10:20:00,9
15.43935649,-18.95753174,LA7,2009-09-03,10:40:00 AM,10:40:00,Hot-Dry,2009-09-03 10:40:00,9
15.43937276,-18.95755005,LA7,2009-09-03,11:00:00 AM,11:00:00,Hot-Dry,2009-09-03 11:00:00,9
15.43936564,-18.95755208,LA7,2009-09-03,11:20:00 AM,11:20:00,Hot-Dry,2009-09-03 11:20:00,9
15.4411499,-18.9573995,LA7,2009-09-03,11:40:00 AM,11:40:00,Hot-Dry,2009-09-03 11:40:00,9
15.44262899,-18.95802612,LA7,2009-09-03,12:00:00 PM,12:00:00,Hot-Dry,2009-09-03 12:00:00,9
15.44415792,-18.95752563,LA7,2009-09-03,12:20:00 PM,12:20:00,Hot-Dry,2009-09-03 12:20:00,9
15.44414571,-18.95753377,LA7,2009-09-03,12:40:00 PM,12:40:00,Hot-Dry,2009-09-03 12:40:00,9
15.4441803,-18.9575236,LA7,2009-09-03,01:00:00 PM,13:00:00,Hot-Dry,2009-09-03 13:00:00,9
15.4441508,-18.95753174,LA7,2009-09-03,01:20:00 PM,13:20:00,Hot-Dry,2009-09-03 13:20:00,9
15.44416402,-18.95755005,LA7,2009-09-03,01:40:00 PM,13:40:00,Hot-Dry,2009-09-03 13:40:00,9
15.44417114,-18.95753377,LA7,2009-09-03,02:00:00 PM,14:00:00,Hot-Dry,2009-09-03 14:00:00,9
15.44419861,-18.95754191,LA7,2009-09-03,02:20:00 PM,14:20:00,Hot-Dry,2009-09-03 14:20:00,9
15.44445496,-18.95771281,LA7,2009-09-03,02:40:00 PM,14:40:00,Hot-Dry,2009-09-03 14:40:00,9
15.44812215,-18.95909831,LA7,2009-09-03,03:00:00 PM,15:00:00,Hot-Dry,2009-09-03 15:00:00,9
15.45260722,-18.96046753,LA7,2009-09-03,03:20:00 PM,15:20:00,Hot-Dry,2009-09-03 15:20:00,9
15.45765686,-18.96413371,LA7,2009-09-03,03:40:00 PM,15:40:00,Hot-Dry,2009-09-03 15:40:00,9
15.46180013,-18.96662191,LA7,2009-09-03,04:00:00 PM,16:00:00,Hot-Dry,2009-09-03 16:00:00,9
15.46610718,-18.96928711,LA7,2009-09-03,04:20:00 PM,16:20:00,Hot-Dry,2009-09-03 16:20:00,9
15.47156576,-18.97000732,LA7,2009-09-03,04:40:00 PM,16:40:00,Hot-Dry,2009-09-03 16:40:00,9
15.47717082,-18.97177938,LA7,2009-09-03,05:00:00 PM,17:00:00,Hot-Dry,2009-09-03 17:00:00,9
15.48378805,-18.97290039,LA7,2009-09-03,05:20:00 PM,17:20:00,Hot-Dry,2009-09-03 17:20:00,9
15.49203389,-18.97351685,LA7,2009-09-03,05:40:00 PM,17:40:00,Hot-Dry,2009-09-03 17:40:00,9
15.49942424,-18.97560628,LA7,2009-09-03,06:00:00 PM,18:00:00,Hot-Dry,2009-09-03 18:00:00,9
15.50357259,-18.97652791,LA7,2009-09-03,06:20:00 PM,18:20:00,Hot-Dry,2009-09-03 18:20:00,9
15.50317078,-18.97634277,LA7,2009-09-03,06:40:00 PM,18:40:00,Hot-Dry,2009-09-03 18:40:00,9
15.49877421,-18.97498779,LA7,2009-09-03,07:00:00 PM,19:00:00,Hot-Dry,2009-09-03 19:00:00,9
15.49060059,-18.97252604,LA7,2009-09-03,07:20:00 PM,19:20:00,Hot-Dry,2009-09-03 19:20:00,9
15.48248291,-18.96854248,LA7,2009-09-03,07:40:00 PM,19:40:00,Hot-Dry,2009-09-03 19:40:00,9
15.47523092,-18.96419678,LA7,2009-09-03,08:00:00 PM,20:00:00,Hot-Dry,2009-09-03 20:00:00,9
15.47030334,-18.9594869,LA7,2009-09-03,08:20:00 PM,20:20:00,Hot-Dry,2009-09-03 20:20:00,9
15.46401062,-18.95684001,LA7,2009-09-03,08:40:00 PM,20:40:00,Hot-Dry,2009-09-03 20:40:00,9
15.46063538,-18.95415649,LA7,2009-09-03,09:00:00 PM,21:00:00,Hot-Dry,2009-09-03 21:00:00,9
15.45796,-18.95194092,LA7,2009-09-03,09:20:00 PM,21:20:00,Hot-Dry,2009-09-03 21:20:00,9
15.45511983,-18.94774373,LA7,2009-09-03,09:40:00 PM,21:40:00,Hot-Dry,2009-09-03 21:40:00,9
15.45415955,-18.94522298,LA7,2009-09-03,10:00:00 PM,22:00:00,Hot-Dry,2009-09-03 22:00:00,9
15.45312907,-18.9430603,LA7,2009-09-03,10:20:00 PM,22:20:00,Hot-Dry,2009-09-03 22:20:00,9
15.45257874,-18.94196574,LA7,2009-09-03,10:40:00 PM,22:40:00,Hot-Dry,2009-09-03 22:40:00,9
15.45201314,-18.94062093,LA7,2009-09-03,11:00:00 PM,23:00:00,Hot-Dry,2009-09-03 23:00:00,9
15.4505422,-18.93956706,LA7,2009-09-03,11:20:00 PM,23:20:00,Hot-Dry,2009-09-03 23:20:00,9
15.4497406,-18.93888346,LA7,2009-09-03,11:40:00 PM,23:40:00,Hot-Dry,2009-09-03 23:40:00,9
15.44842021,-18.93658447,LA7,2009-09-04,12:00:00 AM,00:00:00,Hot-Dry,2009-09-04 00:00:00,9
15.44795329,-18.93592122,LA7,2009-09-04,12:20:00 AM,00:20:00,Hot-Dry,2009-09-04 00:20:00,9
15.4464152,-18.9344991,LA7,2009-09-04,12:40:00 AM,00:40:00,Hot-Dry,2009-09-04 00:40:00,9
15.44580892,-18.93345133,LA7,2009-09-04,01:00:00 AM,01:00:00,Hot-Dry,2009-09-04 01:00:00,9
15.4451711,-18.93232218,LA7,2009-09-04,01:20:00 AM,01:20:00,Hot-Dry,2009-09-04 01:20:00,9
15.44515177,-18.93233236,LA7,2009-09-04,01:40:00 AM,01:40:00,Hot-Dry,2009-09-04 01:40:00,9
15.44512533,-18.93227946,LA7,2009-09-04,02:00:00 AM,02:00:00,Hot-Dry,2009-09-04 02:00:00,9
15.44453328,-18.93191528,LA7,2009-09-04,02:20:00 AM,02:20:00,Hot-Dry,2009-09-04 02:20:00,9
15.4429128,-18.93177897,LA7,2009-09-04,02:40:00 AM,02:40:00,Hot-Dry,2009-09-04 02:40:00,9
15.44244588,-18.93182576,LA7,2009-09-04,03:00:00 AM,03:00:00,Hot-Dry,2009-09-04 03:00:00,9
15.44243876,-18.93181966,LA7,2009-09-04,03:20:00 AM,03:20:00,Hot-Dry,2009-09-04 03:20:00,9
15.44243774,-18.93184001,LA7,2009-09-04,03:40:00 AM,03:40:00,Hot-Dry,2009-09-04 03:40:00,9
15.44242452,-18.93186239,LA7,2009-09-04,04:00:00 AM,04:00:00,Hot-Dry,2009-09-04 04:00:00,9
15.44241842,-18.93187256,LA7,2009-09-04,04:20:00 AM,04:20:00,Hot-Dry,2009-09-04 04:20:00,9
15.44244385,-18.93184408,LA7,2009-09-04,04:40:00 AM,04:40:00,Hot-Dry,2009-09-04 04:40:00,9
15.44272664,-18.93237305,LA7,2009-09-04,05:00:00 AM,05:00:00,Hot-Dry,2009-09-04 05:00:00,9
15.44272868,-18.93253174,LA7,2009-09-04,05:20:00 AM,05:20:00,Hot-Dry,2009-09-04 05:20:00,9
15.44299723,-18.93308716,LA7,2009-09-04,05:40:00 AM,05:40:00,Hot-Dry,2009-09-04 05:40:00,9
15.44263814,-18.93421834,LA7,2009-09-04,06:00:00 AM,06:00:00,Hot-Dry,2009-09-04 06:00:00,9
15.44216817,-18.93509928,LA7,2009-09-04,06:20:00 AM,06:20:00,Hot-Dry,2009-09-04 06:20:00,9
15.44082642,-18.93718262,LA7,2009-09-04,06:40:00 AM,06:40:00,Hot-Dry,2009-09-04 06:40:00,9
15.440743,-18.93836466,LA7,2009-09-04,07:00:00 AM,07:00:00,Hot-Dry,2009-09-04 07:00:00,9
15.44101969,-18.93901978,LA7,2009-09-04,07:20:00 AM,07:20:00,Hot-Dry,2009-09-04 07:20:00,9
15.440684,-18.94004924,LA7,2009-09-04,07:40:00 AM,07:40:00,Hot-Dry,2009-09-04 07:40:00,9
15.44072164,-18.94189453,LA7,2009-09-04,08:00:00 AM,08:00:00,Hot-Dry,2009-09-04 08:00:00,9
15.4405599,-18.94314575,LA7,2009-09-04,08:20:00 AM,08:20:00,Hot-Dry,2009-09-04 08:20:00,9
15.44055379,-18.94393514,LA7,2009-09-04,08:40:00 AM,08:40:00,Hot-Dry,2009-09-04 08:40:00,9
15.4401296,-18.94498698,LA7,2009-09-04,09:00:00 AM,09:00:00,Hot-Dry,2009-09-04 09:00:00,9
15.44015706,-18.9450887,LA7,2009-09-04,09:20:00 AM,09:20:00,Hot-Dry,2009-09-04 09:20:00,9
15.4407491,-18.9460022,LA7,2009-09-04,09:40:00 AM,09:40:00,Hot-Dry,2009-09-04 09:40:00,9
15.44075521,-18.94599609,LA7,2009-09-04,10:00:00 AM,10:00:00,Hot-Dry,2009-09-04 10:00:00,9
15.441804,-18.94592489,LA7,2009-09-04,10:20:00 AM,10:20:00,Hot-Dry,2009-09-04 10:20:00,9
15.4417572,-18.94593506,LA7,2009-09-04,10:40:00 AM,10:40:00,Hot-Dry,2009-09-04 10:40:00,9
15.44179179,-18.94593099,LA7,2009-09-04,11:00:00 AM,11:00:00,Hot-Dry,2009-09-04 11:00:00,9
15.44179281,-18.94596151,LA7,2009-09-04,11:20:00 AM,11:20:00,Hot-Dry,2009-09-04 11:20:00,9
15.44179891,-18.9459493,LA7,2009-09-04,11:40:00 AM,11:40:00,Hot-Dry,2009-09-04 11:40:00,9
15.4417867,-18.94594523,LA7,2009-09-04,12:00:00 PM,12:00:00,Hot-Dry,2009-09-04 12:00:00,9
15.44177348,-18.9459493,LA7,2009-09-04,12:20:00 PM,12:20:00,Hot-Dry,2009-09-04 12:20:00,9
15.44180094,-18.94593913,LA7,2009-09-04,12:40:00 PM,12:40:00,Hot-Dry,2009-09-04 12:40:00,9
15.44181417,-18.94596761,LA7,2009-09-04,01:00:00 PM,13:00:00,Hot-Dry,2009-09-04 13:00:00,9
15.44175313,-18.94593506,LA7,2009-09-04,01:20:00 PM,13:20:00,Hot-Dry,2009-09-04 13:20:00,9
15.44180908,-18.94591878,LA7,2009-09-04,01:40:00 PM,13:40:00,Hot-Dry,2009-09-04 13:40:00,9
15.44181213,-18.94594116,LA7,2009-09-04,02:00:00 PM,14:00:00,Hot-Dry,2009-09-04 14:00:00,9
15.4420634,-18.94662069,LA7,2009-09-04,02:20:00 PM,14:20:00,Hot-Dry,2009-09-04 14:20:00,9
15.4429484,-18.94689738,LA7,2009-09-04,02:40:00 PM,14:40:00,Hot-Dry,2009-09-04 14:40:00,9
15.44485168,-18.94700724,LA7,2009-09-04,03:00:00 PM,15:00:00,Hot-Dry,2009-09-04 15:00:00,9
15.44768575,-18.94813232,LA7,2009-09-04,03:20:00 PM,15:20:00,Hot-Dry,2009-09-04 15:20:00,9
15.45023092,-18.94916585,LA7,2009-09-04,03:40:00 PM,15:40:00,Hot-Dry,2009-09-04 15:40:00,9
15.45224406,-18.95030518,LA7,2009-09-04,04:00:00 PM,16:00:00,Hot-Dry,2009-09-04 16:00:00,9
15.4537262,-18.9517395,LA7,2009-09-04,04:20:00 PM,16:20:00,Hot-Dry,2009-09-04 16:20:00,9
15.45504252,-18.95254924,LA7,2009-09-04,04:40:00 PM,16:40:00,Hot-Dry,2009-09-04 16:40:00,9
15.45509338,-18.95312703,LA7,2009-09-04,05:00:00 PM,17:00:00,Hot-Dry,2009-09-04 17:00:00,9
15.45570068,-18.95367025,LA7,2009-09-04,05:20:00 PM,17:20:00,Hot-Dry,2009-09-04 17:20:00,9
15.45722453,-18.95521647,LA7,2009-09-04,05:40:00 PM,17:40:00,Hot-Dry,2009-09-04 17:40:00,9
15.45810852,-18.95661621,LA7,2009-09-04,06:00:00 PM,18:00:00,Hot-Dry,2009-09-04 18:00:00,9
15.45874023,-18.95738932,LA7,2009-09-04,06:20:00 PM,18:20:00,Hot-Dry,2009-09-04 18:20:00,9
15.46088765,-18.95872192,LA7,2009-09-04,06:40:00 PM,18:40:00,Hot-Dry,2009-09-04 18:40:00,9
15.46200256,-18.95856323,LA7,2009-09-04,07:00:00 PM,19:00:00,Hot-Dry,2009-09-04 19:00:00,9
15.46326192,-18.95853068,LA7,2009-09-04,07:20:00 PM,19:20:00,Hot-Dry,2009-09-04 19:20:00,9
15.46402995,-18.95866496,LA7,2009-09-04,07:40:00 PM,19:40:00,Hot-Dry,2009-09-04 19:40:00,9
15.46483765,-18.9595988,LA7,2009-09-04,08:00:00 PM,20:00:00,Hot-Dry,2009-09-04 20:00:00,9
15.4658254,-18.95991618,LA7,2009-09-04,08:20:00 PM,20:20:00,Hot-Dry,2009-09-04 20:20:00,9
15.46684062,-18.96033732,LA7,2009-09-04,08:40:00 PM,20:40:00,Hot-Dry,2009-09-04 20:40:00,9
15.46845093,-18.96102295,LA7,2009-09-04,09:00:00 PM,21:00:00,Hot-Dry,2009-09-04 21:00:00,9
15.46896057,-18.96154175,LA7,2009-09-04,09:20:00 PM,21:20:00,Hot-Dry,2009-09-04 21:20:00,9
15.4693217,-18.96159261,LA7,2009-09-04,09:40:00 PM,21:40:00,Hot-Dry,2009-09-04 21:40:00,9
15.47160441,-18.9626709,LA7,2009-09-04,10:00:00 PM,22:00:00,Hot-Dry,2009-09-04 22:00:00,9
15.47284851,-18.96333415,LA7,2009-09-04,10:20:00 PM,22:20:00,Hot-Dry,2009-09-04 22:20:00,9
15.47699585,-18.96506958,LA7,2009-09-04,10:40:00 PM,22:40:00,Hot-Dry,2009-09-04 22:40:00,9
15.48002014,-18.96652832,LA7,2009-09-04,11:00:00 PM,23:00:00,Hot-Dry,2009-09-04 23:00:00,9
15.48522237,-18.97016398,LA7,2009-09-04,11:20:00 PM,23:20:00,Hot-Dry,2009-09-04 23:20:00,9
15.49186096,-18.9734314,LA7,2009-09-04,11:40:00 PM,23:40:00,Hot-Dry,2009-09-04 23:40:00,9
15.49755656,-18.97504476,LA7,2009-09-05,12:00:00 AM,00:00:00,Hot-Dry,2009-09-05 00:00:00,9
15.50355632,-18.97651774,LA7,2009-09-05,12:20:00 AM,00:20:00,Hot-Dry,2009-09-05 00:20:00,9
15.50225627,-18.97677612,LA7,2009-09-05,12:40:00 AM,00:40:00,Hot-Dry,2009-09-05 00:40:00,9
15.49465535,-18.97423096,LA7,2009-09-05,01:00:00 AM,01:00:00,Hot-Dry,2009-09-05 01:00:00,9
15.47972209,-18.96622314,LA7,2009-09-05,01:40:00 AM,01:40:00,Hot-Dry,2009-09-05 01:40:00,9
15.47275798,-18.96207275,LA7,2009-09-05,02:00:00 AM,02:00:00,Hot-Dry,2009-09-05 02:00:00,9
15.46770528,-18.95788371,LA7,2009-09-05,02:20:00 AM,02:20:00,Hot-Dry,2009-09-05 02:20:00,9
15.46298523,-18.95205485,LA7,2009-09-05,02:40:00 AM,02:40:00,Hot-Dry,2009-09-05 02:40:00,9
15.45890706,-18.94785156,LA7,2009-09-05,03:00:00 AM,03:00:00,Hot-Dry,2009-09-05 03:00:00,9
15.45689189,-18.94612427,LA7,2009-09-05,03:20:00 AM,03:20:00,Hot-Dry,2009-09-05 03:20:00,9
15.45600688,-18.9460734,LA7,2009-09-05,03:40:00 AM,03:40:00,Hot-Dry,2009-09-05 03:40:00,9
15.4541331,-18.94606323,LA7,2009-09-05,04:00:00 AM,04:00:00,Hot-Dry,2009-09-05 04:00:00,9
15.45314128,-18.94587606,LA7,2009-09-05,04:20:00 AM,04:20:00,Hot-Dry,2009-09-05 04:20:00,9
15.4526062,-18.94598185,LA7,2009-09-05,04:40:00 AM,04:40:00,Hot-Dry,2009-09-05 04:40:00,9
15.45229187,-18.94591064,LA7,2009-09-05,05:00:00 AM,05:00:00,Hot-Dry,2009-09-05 05:00:00,9
15.4522288,-18.94587199,LA7,2009-09-05,05:20:00 AM,05:20:00,Hot-Dry,2009-09-05 05:20:00,9
15.45058492,-18.94603068,LA7,2009-09-05,05:40:00 AM,05:40:00,Hot-Dry,2009-09-05 05:40:00,9
15.4499176,-18.94590861,LA7,2009-09-05,06:00:00 AM,06:00:00,Hot-Dry,2009-09-05 06:00:00,9
15.4475474,-18.94493612,LA7,2009-09-05,06:20:00 AM,06:20:00,Hot-Dry,2009-09-05 06:20:00,9
15.44693604,-18.94441732,LA7,2009-09-05,06:40:00 AM,06:40:00,Hot-Dry,2009-09-05 06:40:00,9
15.44322611,-18.94241333,LA7,2009-09-05,07:00:00 AM,07:00:00,Hot-Dry,2009-09-05 07:00:00,9
15.44168803,-18.94111735,LA7,2009-09-05,07:20:00 AM,07:20:00,Hot-Dry,2009-09-05 07:20:00,9
15.4402537,-18.94029541,LA7,2009-09-05,07:40:00 AM,07:40:00,Hot-Dry,2009-09-05 07:40:00,9
15.43950806,-18.94004313,LA7,2009-09-05,08:00:00 AM,08:00:00,Hot-Dry,2009-09-05 08:00:00,9
15.43630269,-18.94113973,LA7,2009-09-05,08:20:00 AM,08:20:00,Hot-Dry,2009-09-05 08:20:00,9
15.43628337,-18.94114583,LA7,2009-09-05,08:40:00 AM,08:40:00,Hot-Dry,2009-09-05 08:40:00,9
15.43627014,-18.94115397,LA7,2009-09-05,09:00:00 AM,09:00:00,Hot-Dry,2009-09-05 09:00:00,9
15.43634949,-18.94116211,LA7,2009-09-05,09:20:00 AM,09:20:00,Hot-Dry,2009-09-05 09:20:00,9
15.43634847,-18.94116821,LA7,2009-09-05,09:40:00 AM,09:40:00,Hot-Dry,2009-09-05 09:40:00,9
15.43633423,-18.94115804,LA7,2009-09-05,10:00:00 AM,10:00:00,Hot-Dry,2009-09-05 10:00:00,9
15.43644613,-18.94157308,LA7,2009-09-05,10:20:00 AM,10:20:00,Hot-Dry,2009-09-05 10:20:00,9
15.43728739,-18.9452535,LA7,2009-09-05,10:40:00 AM,10:40:00,Hot-Dry,2009-09-05 10:40:00,9
15.437559,-18.94610596,LA7,2009-09-05,11:00:00 AM,11:00:00,Hot-Dry,2009-09-05 11:00:00,9
15.43757324,-18.94611816,LA7,2009-09-05,11:20:00 AM,11:20:00,Hot-Dry,2009-09-05 11:20:00,9
15.43792826,-18.94645589,LA7,2009-09-05,11:40:00 AM,11:40:00,Hot-Dry,2009-09-05 11:40:00,9
15.43792725,-18.94646606,LA7,2009-09-05,12:00:00 PM,12:00:00,Hot-Dry,2009-09-05 12:00:00,9
15.43793742,-18.946462,LA7,2009-09-05,12:20:00 PM,12:20:00,Hot-Dry,2009-09-05 12:20:00,9
15.43790894,-18.94645996,LA7,2009-09-05,12:40:00 PM,12:40:00,Hot-Dry,2009-09-05 12:40:00,9
15.43837687,-18.94634196,LA7,2009-09-05,01:00:00 PM,13:00:00,Hot-Dry,2009-09-05 13:00:00,9
15.4383667,-18.94638875,LA7,2009-09-05,01:20:00 PM,13:20:00,Hot-Dry,2009-09-05 13:20:00,9
15.43834737,-18.9463501,LA7,2009-09-05,01:40:00 PM,13:40:00,Hot-Dry,2009-09-05 13:40:00,9
15.43838501,-18.94636434,LA7,2009-09-05,02:00:00 PM,14:00:00,Hot-Dry,2009-09-05 14:00:00,9
15.43836161,-18.94637655,LA7,2009-09-05,02:20:00 PM,14:20:00,Hot-Dry,2009-09-05 14:20:00,9
15.43845011,-18.94649658,LA7,2009-09-05,02:40:00 PM,14:40:00,Hot-Dry,2009-09-05 14:40:00,9
15.4384318,-18.94649048,LA7,2009-09-05,03:00:00 PM,15:00:00,Hot-Dry,2009-09-05 15:00:00,9
15.43849996,-18.94650472,LA7,2009-09-05,03:20:00 PM,15:20:00,Hot-Dry,2009-09-05 15:20:00,9
15.43855489,-18.94777425,LA7,2009-09-05,03:40:00 PM,15:40:00,Hot-Dry,2009-09-05 15:40:00,9
15.43881022,-18.94850667,LA7,2009-09-05,04:00:00 PM,16:00:00,Hot-Dry,2009-09-05 16:00:00,9
15.43837585,-18.9501119,LA7,2009-09-05,04:20:00 PM,16:20:00,Hot-Dry,2009-09-05 16:20:00,9
15.4381429,-18.95052287,LA7,2009-09-05,04:40:00 PM,16:40:00,Hot-Dry,2009-09-05 16:40:00,9
15.4364034,-18.9515686,LA7,2009-09-05,05:00:00 PM,17:00:00,Hot-Dry,2009-09-05 17:00:00,9
15.43505249,-18.95210571,LA7,2009-09-05,05:20:00 PM,17:20:00,Hot-Dry,2009-09-05 17:20:00,9
15.43435059,-18.95256551,LA7,2009-09-05,05:40:00 PM,17:40:00,Hot-Dry,2009-09-05 17:40:00,9
15.43406576,-18.95240479,LA7,2009-09-05,06:00:00 PM,18:00:00,Hot-Dry,2009-09-05 18:00:00,9
15.43320719,-18.9523112,LA7,2009-09-05,06:20:00 PM,18:20:00,Hot-Dry,2009-09-05 18:20:00,9
15.43283895,-18.95220947,LA7,2009-09-05,06:40:00 PM,18:40:00,Hot-Dry,2009-09-05 18:40:00,9
15.43154399,-18.95088501,LA7,2009-09-05,07:00:00 PM,19:00:00,Hot-Dry,2009-09-05 19:00:00,9
15.43155212,-18.9500061,LA7,2009-09-05,07:20:00 PM,19:20:00,Hot-Dry,2009-09-05 19:20:00,9
15.43050842,-18.94929199,LA7,2009-09-05,07:40:00 PM,19:40:00,Hot-Dry,2009-09-05 19:40:00,9
15.42992249,-18.9486674,LA7,2009-09-05,08:00:00 PM,20:00:00,Hot-Dry,2009-09-05 20:00:00,9
15.42805888,-18.94796549,LA7,2009-09-05,08:20:00 PM,20:20:00,Hot-Dry,2009-09-05 20:20:00,9
15.4269399,-18.9469869,LA7,2009-09-05,08:40:00 PM,20:40:00,Hot-Dry,2009-09-05 20:40:00,9
15.42601217,-18.94633382,LA7,2009-09-05,09:00:00 PM,21:00:00,Hot-Dry,2009-09-05 21:00:00,9
15.42458903,-18.9451884,LA7,2009-09-05,09:20:00 PM,21:20:00,Hot-Dry,2009-09-05 21:20:00,9
15.42445984,-18.94527588,LA7,2009-09-05,09:40:00 PM,21:40:00,Hot-Dry,2009-09-05 21:40:00,9
15.42361552,-18.94516398,LA7,2009-09-05,10:00:00 PM,22:00:00,Hot-Dry,2009-09-05 22:00:00,9
15.42361552,-18.94519246,LA7,2009-09-05,10:20:00 PM,22:20:00,Hot-Dry,2009-09-05 22:20:00,9
15.42360128,-18.9451945,LA7,2009-09-05,10:40:00 PM,22:40:00,Hot-Dry,2009-09-05 22:40:00,9
15.42364705,-18.94516805,LA7,2009-09-05,11:00:00 PM,23:00:00,Hot-Dry,2009-09-05 23:00:00,9
15.42359212,-18.94519653,LA7,2009-09-05,11:20:00 PM,23:20:00,Hot-Dry,2009-09-05 23:20:00,9
15.42202962,-18.94419352,LA7,2009-09-05,11:40:00 PM,23:40:00,Hot-Dry,2009-09-05 23:40:00,9
15.42065125,-18.94374593,LA7,2009-09-06,12:00:00 AM,00:00:00,Hot-Dry,2009-09-06 00:00:00,9
15.42026672,-18.94291382,LA7,2009-09-06,12:20:00 AM,00:20:00,Hot-Dry,2009-09-06 00:20:00,9
15.41949666,-18.94248861,LA7,2009-09-06,12:40:00 AM,00:40:00,Hot-Dry,2009-09-06 00:40:00,9
15.41934814,-18.94240316,LA7,2009-09-06,01:00:00 AM,01:00:00,Hot-Dry,2009-09-06 01:00:00,9
15.41917318,-18.94222819,LA7,2009-09-06,01:20:00 AM,01:20:00,Hot-Dry,2009-09-06 01:20:00,9
15.41796773,-18.94180094,LA7,2009-09-06,01:40:00 AM,01:40:00,Hot-Dry,2009-09-06 01:40:00,9
15.41796672,-18.9416687,LA7,2009-09-06,02:00:00 AM,02:00:00,Hot-Dry,2009-09-06 02:00:00,9
15.41807861,-18.94070231,LA7,2009-09-06,02:20:00 AM,02:20:00,Hot-Dry,2009-09-06 02:20:00,9
15.41803385,-18.94063314,LA7,2009-09-06,02:40:00 AM,02:40:00,Hot-Dry,2009-09-06 02:40:00,9
15.41809285,-18.94061076,LA7,2009-09-06,03:00:00 AM,03:00:00,Hot-Dry,2009-09-06 03:00:00,9
15.41799927,-18.9406189,LA7,2009-09-06,03:20:00 AM,03:20:00,Hot-Dry,2009-09-06 03:20:00,9
15.4180837,-18.94064331,LA7,2009-09-06,03:40:00 AM,03:40:00,Hot-Dry,2009-09-06 03:40:00,9
15.41807556,-18.94061279,LA7,2009-09-06,04:00:00 AM,04:00:00,Hot-Dry,2009-09-06 04:00:00,9
15.41809285,-18.94063721,LA7,2009-09-06,04:20:00 AM,04:20:00,Hot-Dry,2009-09-06 04:20:00,9
15.41802063,-18.94055176,LA7,2009-09-06,04:40:00 AM,04:40:00,Hot-Dry,2009-09-06 04:40:00,9
15.41797282,-18.94067383,LA7,2009-09-06,05:00:00 AM,05:00:00,Hot-Dry,2009-09-06 05:00:00,9
15.41783752,-18.940743,LA7,2009-09-06,05:20:00 AM,05:20:00,Hot-Dry,2009-09-06 05:20:00,9
15.41718953,-18.94034017,LA7,2009-09-06,05:40:00 AM,05:40:00,Hot-Dry,2009-09-06 05:40:00,9
15.41665853,-18.9397054,LA7,2009-09-06,06:00:00 AM,06:00:00,Hot-Dry,2009-09-06 06:00:00,9
15.41488749,-18.94019368,LA7,2009-09-06,06:20:00 AM,06:20:00,Hot-Dry,2009-09-06 06:20:00,9
15.41343079,-18.94048258,LA7,2009-09-06,06:40:00 AM,06:40:00,Hot-Dry,2009-09-06 06:40:00,9
15.41336365,-18.94049072,LA7,2009-09-06,07:00:00 AM,07:00:00,Hot-Dry,2009-09-06 07:00:00,9
15.4126414,-18.94058634,LA7,2009-09-06,07:20:00 AM,07:20:00,Hot-Dry,2009-09-06 07:20:00,9
15.41077576,-18.94107259,LA7,2009-09-06,07:40:00 AM,07:40:00,Hot-Dry,2009-09-06 07:40:00,9
15.40791626,-18.94370728,LA7,2009-09-06,08:00:00 AM,08:00:00,Hot-Dry,2009-09-06 08:00:00,9
15.40457662,-18.94675293,LA7,2009-09-06,08:20:00 AM,08:20:00,Hot-Dry,2009-09-06 08:20:00,9
15.40184835,-18.94944865,LA7,2009-09-06,08:40:00 AM,08:40:00,Hot-Dry,2009-09-06 08:40:00,9
15.40189311,-18.94939982,LA7,2009-09-06,09:00:00 AM,09:00:00,Hot-Dry,2009-09-06 09:00:00,9
15.40189107,-18.94938965,LA7,2009-09-06,09:20:00 AM,09:20:00,Hot-Dry,2009-09-06 09:20:00,9
15.40188293,-18.94938761,LA7,2009-09-06,09:40:00 AM,09:40:00,Hot-Dry,2009-09-06 09:40:00,9
15.40186971,-18.94940999,LA7,2009-09-06,10:00:00 AM,10:00:00,Hot-Dry,2009-09-06 10:00:00,9
15.40188599,-18.94941406,LA7,2009-09-06,10:20:00 AM,10:20:00,Hot-Dry,2009-09-06 10:20:00,9
15.40190531,-18.94939779,LA7,2009-09-06,10:40:00 AM,10:40:00,Hot-Dry,2009-09-06 10:40:00,9
15.40190226,-18.95031331,LA7,2009-09-06,11:00:00 AM,11:00:00,Hot-Dry,2009-09-06 11:00:00,9
15.40188497,-18.95234782,LA7,2009-09-06,11:20:00 AM,11:20:00,Hot-Dry,2009-09-06 11:20:00,9
15.40191854,-18.95244344,LA7,2009-09-06,11:40:00 AM,11:40:00,Hot-Dry,2009-09-06 11:40:00,9
15.40102946,-18.95289307,LA7,2009-09-06,12:00:00 PM,12:00:00,Hot-Dry,2009-09-06 12:00:00,9
15.40099894,-18.95287476,LA7,2009-09-06,12:20:00 PM,12:20:00,Hot-Dry,2009-09-06 12:20:00,9
15.40096029,-18.95289103,LA7,2009-09-06,12:40:00 PM,12:40:00,Hot-Dry,2009-09-06 12:40:00,9
15.40078939,-18.953243,LA7,2009-09-06,01:00:00 PM,13:00:00,Hot-Dry,2009-09-06 13:00:00,9
15.40057475,-18.95323079,LA7,2009-09-06,01:20:00 PM,13:20:00,Hot-Dry,2009-09-06 13:20:00,9
15.40055745,-18.95322266,LA7,2009-09-06,01:40:00 PM,13:40:00,Hot-Dry,2009-09-06 13:40:00,9
15.4005778,-18.95323486,LA7,2009-09-06,02:00:00 PM,14:00:00,Hot-Dry,2009-09-06 14:00:00,9
15.40057882,-18.95323893,LA7,2009-09-06,02:20:00 PM,14:20:00,Hot-Dry,2009-09-06 14:20:00,9
15.40059408,-18.95322673,LA7,2009-09-06,02:40:00 PM,14:40:00,Hot-Dry,2009-09-06 14:40:00,9
15.39843343,-18.95333862,LA7,2009-09-06,03:00:00 PM,15:00:00,Hot-Dry,2009-09-06 15:00:00,9
15.39484355,-18.95364787,LA7,2009-09-06,03:20:00 PM,15:20:00,Hot-Dry,2009-09-06 15:20:00,9
15.38745931,-18.95557454,LA7,2009-09-06,03:40:00 PM,15:40:00,Hot-Dry,2009-09-06 15:40:00,9
15.37962748,-18.95703532,LA7,2009-09-06,04:00:00 PM,16:00:00,Hot-Dry,2009-09-06 16:00:00,9
15.37477722,-18.9576416,LA7,2009-09-06,04:20:00 PM,16:20:00,Hot-Dry,2009-09-06 16:20:00,9
15.37077535,-18.95842285,LA7,2009-09-06,04:40:00 PM,16:40:00,Hot-Dry,2009-09-06 16:40:00,9
15.36532288,-18.95944214,LA7,2009-09-06,05:00:00 PM,17:00:00,Hot-Dry,2009-09-06 17:00:00,9
15.3625295,-18.96018677,LA7,2009-09-06,05:20:00 PM,17:20:00,Hot-Dry,2009-09-06 17:20:00,9
15.35831502,-18.96177165,LA7,2009-09-06,05:40:00 PM,17:40:00,Hot-Dry,2009-09-06 17:40:00,9
15.35311178,-18.96407471,LA7,2009-09-06,06:00:00 PM,18:00:00,Hot-Dry,2009-09-06 18:00:00,9
15.34470622,-18.96580811,LA7,2009-09-06,06:20:00 PM,18:20:00,Hot-Dry,2009-09-06 18:20:00,9
15.33317871,-18.96806437,LA7,2009-09-06,06:40:00 PM,18:40:00,Hot-Dry,2009-09-06 18:40:00,9
15.32791036,-18.96842244,LA7,2009-09-06,07:01:00 PM,19:01:00,Hot-Dry,2009-09-06 19:01:00,9
15.32817891,-18.96896973,LA7,2009-09-06,07:20:00 PM,19:20:00,Hot-Dry,2009-09-06 19:20:00,9
15.32793986,-18.96861979,LA7,2009-09-06,07:40:00 PM,19:40:00,Hot-Dry,2009-09-06 19:40:00,9
15.33206685,-18.97463582,LA7,2009-09-06,08:00:00 PM,20:00:00,Hot-Dry,2009-09-06 20:00:00,9
15.33666687,-18.98082682,LA7,2009-09-06,08:20:00 PM,20:20:00,Hot-Dry,2009-09-06 20:20:00,9
15.33766276,-18.98546346,LA7,2009-09-06,08:40:00 PM,20:40:00,Hot-Dry,2009-09-06 20:40:00,9
15.33870239,-18.98798014,LA7,2009-09-06,09:00:00 PM,21:00:00,Hot-Dry,2009-09-06 21:00:00,9
15.33772888,-18.99125163,LA7,2009-09-06,09:20:00 PM,21:20:00,Hot-Dry,2009-09-06 21:20:00,9
15.3375295,-18.99453735,LA7,2009-09-06,09:40:00 PM,21:40:00,Hot-Dry,2009-09-06 21:40:00,9
15.33755595,-18.99935913,LA7,2009-09-06,10:00:00 PM,22:00:00,Hot-Dry,2009-09-06 22:00:00,9
15.33146667,-19.00619303,LA7,2009-09-06,10:20:00 PM,22:20:00,Hot-Dry,2009-09-06 22:20:00,9
15.32794088,-19.01161296,LA7,2009-09-06,10:40:00 PM,22:40:00,Hot-Dry,2009-09-06 22:40:00,9
15.3309316,-19.01706746,LA7,2009-09-06,11:00:00 PM,23:00:00,Hot-Dry,2009-09-06 23:00:00,9
15.33314616,-19.01754761,LA7,2009-09-06,11:20:00 PM,23:20:00,Hot-Dry,2009-09-06 23:20:00,9
15.33599955,-19.01845296,LA7,2009-09-06,11:40:00 PM,23:40:00,Hot-Dry,2009-09-06 23:40:00,9
15.33720398,-19.01916707,LA7,2009-09-07,12:00:00 AM,00:00:00,Hot-Dry,2009-09-07 00:00:00,9
15.33943685,-19.01967773,LA7,2009-09-07,12:20:00 AM,00:20:00,Hot-Dry,2009-09-07 00:20:00,9
15.34019775,-19.01924032,LA7,2009-09-07,12:40:00 AM,00:40:00,Hot-Dry,2009-09-07 00:40:00,9
15.34234111,-19.01980184,LA7,2009-09-07,01:00:00 AM,01:00:00,Hot-Dry,2009-09-07 01:00:00,9
15.3448761,-19.02082723,LA7,2009-09-07,01:20:00 AM,01:20:00,Hot-Dry,2009-09-07 01:20:00,9
15.34610697,-19.0217041,LA7,2009-09-07,01:40:00 AM,01:40:00,Hot-Dry,2009-09-07 01:40:00,9
15.3512797,-19.02161255,LA7,2009-09-07,02:00:00 AM,02:00:00,Hot-Dry,2009-09-07 02:00:00,9
15.35601196,-19.02111206,LA7,2009-09-07,02:20:00 AM,02:20:00,Hot-Dry,2009-09-07 02:20:00,9
15.35989787,-19.01981608,LA7,2009-09-07,02:40:00 AM,02:40:00,Hot-Dry,2009-09-07 02:40:00,9
15.36043294,-19.0206543,LA7,2009-09-07,03:00:00 AM,03:00:00,Hot-Dry,2009-09-07 03:00:00,9
15.36079712,-19.02182414,LA7,2009-09-07,03:20:00 AM,03:20:00,Hot-Dry,2009-09-07 03:20:00,9
15.36083577,-19.0218099,LA7,2009-09-07,03:40:00 AM,03:40:00,Hot-Dry,2009-09-07 03:40:00,9
15.36085917,-19.02178548,LA7,2009-09-07,04:00:00 AM,04:00:00,Hot-Dry,2009-09-07 04:00:00,9
15.36084696,-19.02179362,LA7,2009-09-07,04:20:00 AM,04:20:00,Hot-Dry,2009-09-07 04:20:00,9
15.36084391,-19.02176921,LA7,2009-09-07,04:40:00 AM,04:40:00,Hot-Dry,2009-09-07 04:40:00,9
15.36085409,-19.02178345,LA7,2009-09-07,05:00:00 AM,05:00:00,Hot-Dry,2009-09-07 05:00:00,9
15.36020406,-19.02171021,LA7,2009-09-07,05:20:00 AM,05:20:00,Hot-Dry,2009-09-07 05:20:00,9
15.3581014,-19.02091268,LA7,2009-09-07,05:40:00 AM,05:40:00,Hot-Dry,2009-09-07 05:40:00,9
15.35767721,-19.01980591,LA7,2009-09-07,06:00:00 AM,06:00:00,Hot-Dry,2009-09-07 06:00:00,9
15.35690206,-19.01786296,LA7,2009-09-07,06:20:00 AM,06:20:00,Hot-Dry,2009-09-07 06:20:00,9
15.3568868,-19.01626383,LA7,2009-09-07,06:40:00 AM,06:40:00,Hot-Dry,2009-09-07 06:40:00,9
15.3572347,-19.01444499,LA7,2009-09-07,07:00:00 AM,07:00:00,Hot-Dry,2009-09-07 07:00:00,9
15.35703125,-19.01396077,LA7,2009-09-07,07:20:00 AM,07:20:00,Hot-Dry,2009-09-07 07:20:00,9
15.35680339,-19.01271973,LA7,2009-09-07,07:40:00 AM,07:40:00,Hot-Dry,2009-09-07 07:40:00,9
15.35467326,-19.01071167,LA7,2009-09-07,08:00:00 AM,08:00:00,Hot-Dry,2009-09-07 08:00:00,9
15.35403341,-19.01083171,LA7,2009-09-07,08:20:00 AM,08:20:00,Hot-Dry,2009-09-07 08:20:00,9
15.35397847,-19.01084391,LA7,2009-09-07,08:40:00 AM,08:40:00,Hot-Dry,2009-09-07 08:40:00,9
15.35396525,-19.01083374,LA7,2009-09-07,09:00:00 AM,09:00:00,Hot-Dry,2009-09-07 09:00:00,9
15.35365397,-19.00936279,LA7,2009-09-07,09:20:00 AM,09:20:00,Hot-Dry,2009-09-07 09:20:00,9
15.35191243,-19.00777995,LA7,2009-09-07,09:40:00 AM,09:40:00,Hot-Dry,2009-09-07 09:40:00,9
15.35191752,-19.00776164,LA7,2009-09-07,10:00:00 AM,10:00:00,Hot-Dry,2009-09-07 10:00:00,9
15.35154521,-19.00683797,LA7,2009-09-07,10:20:00 AM,10:20:00,Hot-Dry,2009-09-07 10:20:00,9
15.35267436,-19.00505575,LA7,2009-09-07,10:40:00 AM,10:40:00,Hot-Dry,2009-09-07 10:40:00,9
15.35263367,-19.00478923,LA7,2009-09-07,11:00:00 AM,11:00:00,Hot-Dry,2009-09-07 11:00:00,9
15.35233358,-19.00373332,LA7,2009-09-07,11:20:00 AM,11:20:00,Hot-Dry,2009-09-07 11:20:00,9
15.35140177,-19.00359904,LA7,2009-09-07,11:40:00 AM,11:40:00,Hot-Dry,2009-09-07 11:40:00,9
15.35140584,-19.00360107,LA7,2009-09-07,12:00:00 PM,12:00:00,Hot-Dry,2009-09-07 12:00:00,9
15.35141805,-19.00358887,LA7,2009-09-07,12:20:00 PM,12:20:00,Hot-Dry,2009-09-07 12:20:00,9
15.35140788,-19.00361328,LA7,2009-09-07,12:40:00 PM,12:40:00,Hot-Dry,2009-09-07 12:40:00,9
15.35138957,-19.00359497,LA7,2009-09-07,01:00:00 PM,13:00:00,Hot-Dry,2009-09-07 13:00:00,9
15.35054118,-19.00296631,LA7,2009-09-07,02:00:00 PM,14:00:00,Hot-Dry,2009-09-07 14:00:00,9
15.35055033,-19.00297241,LA7,2009-09-07,02:20:00 PM,14:20:00,Hot-Dry,2009-09-07 14:20:00,9
15.35055745,-19.00298258,LA7,2009-09-07,02:40:00 PM,14:40:00,Hot-Dry,2009-09-07 14:40:00,9
15.34995117,-19.00231527,LA7,2009-09-07,03:00:00 PM,15:00:00,Hot-Dry,2009-09-07 15:00:00,9
15.34560242,-19.00027262,LA7,2009-09-07,03:20:00 PM,15:20:00,Hot-Dry,2009-09-07 15:20:00,9
15.34299215,-18.99822388,LA7,2009-09-07,03:40:00 PM,15:40:00,Hot-Dry,2009-09-07 15:40:00,9
15.34135539,-18.99743449,LA7,2009-09-07,04:00:00 PM,16:00:00,Hot-Dry,2009-09-07 16:00:00,9
15.33945516,-18.99637248,LA7,2009-09-07,04:20:00 PM,16:20:00,Hot-Dry,2009-09-07 16:20:00,9
15.33596395,-18.99399414,LA7,2009-09-07,04:40:00 PM,16:40:00,Hot-Dry,2009-09-07 16:40:00,9
15.33365885,-18.99079386,LA7,2009-09-07,05:00:00 PM,17:00:00,Hot-Dry,2009-09-07 17:00:00,9
15.33364461,-18.98891602,LA7,2009-09-07,05:20:00 PM,17:20:00,Hot-Dry,2009-09-07 17:20:00,9
15.33320821,-18.98811035,LA7,2009-09-07,05:40:00 PM,17:40:00,Hot-Dry,2009-09-07 17:40:00,9
15.332665,-18.98718465,LA7,2009-09-07,06:00:00 PM,18:00:00,Hot-Dry,2009-09-07 18:00:00,9
15.33131104,-18.98445841,LA7,2009-09-07,06:20:00 PM,18:20:00,Hot-Dry,2009-09-07 18:20:00,9
15.32927043,-18.97815959,LA7,2009-09-07,06:40:00 PM,18:40:00,Hot-Dry,2009-09-07 18:40:00,9
15.32820333,-18.96896159,LA7,2009-09-07,07:00:00 PM,19:00:00,Hot-Dry,2009-09-07 19:00:00,9
15.32820129,-18.96897176,LA7,2009-09-07,07:20:00 PM,19:20:00,Hot-Dry,2009-09-07 19:20:00,9
15.3282074,-18.96897583,LA7,2009-09-07,07:40:00 PM,19:40:00,Hot-Dry,2009-09-07 19:40:00,9
15.32823588,-18.96888631,LA7,2009-09-07,08:00:00 PM,20:00:00,Hot-Dry,2009-09-07 20:00:00,9
15.33067729,-18.97209269,LA7,2009-09-07,08:20:00 PM,20:20:00,Hot-Dry,2009-09-07 20:20:00,9
15.33525696,-18.98107096,LA7,2009-09-07,08:40:00 PM,20:40:00,Hot-Dry,2009-09-07 20:40:00,9
15.33953552,-18.98879395,LA7,2009-09-07,09:00:00 PM,21:00:00,Hot-Dry,2009-09-07 21:00:00,9
15.34327901,-18.99566447,LA7,2009-09-07,09:20:00 PM,21:20:00,Hot-Dry,2009-09-07 21:20:00,9
15.34972534,-19.00037638,LA7,2009-09-07,09:40:00 PM,21:40:00,Hot-Dry,2009-09-07 21:40:00,9
15.35390727,-19.00238647,LA7,2009-09-07,10:00:00 PM,22:00:00,Hot-Dry,2009-09-07 22:00:00,9
15.35964152,-19.00595296,LA7,2009-09-07,10:20:00 PM,22:20:00,Hot-Dry,2009-09-07 22:20:00,9
15.3654775,-19.00729167,LA7,2009-09-07,10:40:00 PM,22:40:00,Hot-Dry,2009-09-07 22:40:00,9
15.36570028,-19.00727539,LA7,2009-09-07,11:00:00 PM,23:00:00,Hot-Dry,2009-09-07 23:00:00,9
15.36923421,-19.00883179,LA7,2009-09-07,11:20:00 PM,23:20:00,Hot-Dry,2009-09-07 23:20:00,9
15.37169393,-19.0103658,LA7,2009-09-07,11:40:00 PM,23:40:00,Hot-Dry,2009-09-07 23:40:00,9
15.37812297,-19.01503906,LA7,2009-09-08,12:00:00 AM,00:00:00,Hot-Dry,2009-09-08 00:00:00,9
15.38291117,-19.01743368,LA7,2009-09-08,12:20:00 AM,00:20:00,Hot-Dry,2009-09-08 00:20:00,9
15.38512573,-19.01866252,LA7,2009-09-08,12:40:00 AM,00:40:00,Hot-Dry,2009-09-08 00:40:00,9
15.38718974,-19.02270101,LA7,2009-09-08,01:00:00 AM,01:00:00,Hot-Dry,2009-09-08 01:00:00,9
15.38778178,-19.02365519,LA7,2009-09-08,01:20:00 AM,01:20:00,Hot-Dry,2009-09-08 01:20:00,9
15.38977865,-19.02329712,LA7,2009-09-08,01:40:00 AM,01:40:00,Hot-Dry,2009-09-08 01:40:00,9
15.38986206,-19.02332967,LA7,2009-09-08,02:00:00 AM,02:00:00,Hot-Dry,2009-09-08 02:00:00,9
15.3919515,-19.02298584,LA7,2009-09-08,02:20:00 AM,02:20:00,Hot-Dry,2009-09-08 02:20:00,9
15.39365234,-19.02400513,LA7,2009-09-08,02:40:00 AM,02:40:00,Hot-Dry,2009-09-08 02:40:00,9
15.39617208,-19.02496745,LA7,2009-09-08,03:00:00 AM,03:00:00,Hot-Dry,2009-09-08 03:00:00,9
15.39622498,-19.02496745,LA7,2009-09-08,03:20:00 AM,03:20:00,Hot-Dry,2009-09-08 03:20:00,9
15.39625142,-19.02485555,LA7,2009-09-08,03:40:00 AM,03:40:00,Hot-Dry,2009-09-08 03:40:00,9
15.39622701,-19.02484945,LA7,2009-09-08,04:00:00 AM,04:00:00,Hot-Dry,2009-09-08 04:00:00,9
15.39622904,-19.02486979,LA7,2009-09-08,04:20:00 AM,04:20:00,Hot-Dry,2009-09-08 04:20:00,9
15.39626058,-19.02486776,LA7,2009-09-08,04:40:00 AM,04:40:00,Hot-Dry,2009-09-08 04:40:00,9
15.39859212,-19.02416382,LA7,2009-09-08,05:00:00 AM,05:00:00,Hot-Dry,2009-09-08 05:00:00,9
15.4015391,-19.02369792,LA7,2009-09-08,05:20:00 AM,05:20:00,Hot-Dry,2009-09-08 05:20:00,9
15.40709229,-19.02573853,LA7,2009-09-08,05:40:00 AM,05:40:00,Hot-Dry,2009-09-08 05:40:00,9
15.4103536,-19.02613322,LA7,2009-09-08,06:00:00 AM,06:00:00,Hot-Dry,2009-09-08 06:00:00,9
15.41169739,-19.02572632,LA7,2009-09-08,06:20:00 AM,06:20:00,Hot-Dry,2009-09-08 06:20:00,9
15.41233012,-19.02538859,LA7,2009-09-08,06:40:00 AM,06:40:00,Hot-Dry,2009-09-08 06:40:00,9
15.41278483,-19.02589925,LA7,2009-09-08,07:00:00 AM,07:00:00,Hot-Dry,2009-09-08 07:00:00,9
15.41330668,-19.02636719,LA7,2009-09-08,07:20:00 AM,07:20:00,Hot-Dry,2009-09-08 07:20:00,9
15.4130483,-19.02775065,LA7,2009-09-08,07:40:00 AM,07:40:00,Hot-Dry,2009-09-08 07:40:00,9
15.41049093,-19.03021444,LA7,2009-09-08,08:00:00 AM,08:00:00,Hot-Dry,2009-09-08 08:00:00,9
15.40805359,-19.03298543,LA7,2009-09-08,08:20:00 AM,08:20:00,Hot-Dry,2009-09-08 08:20:00,9
15.40560811,-19.03464355,LA7,2009-09-08,08:40:00 AM,08:40:00,Hot-Dry,2009-09-08 08:40:00,9
15.40563456,-19.03467204,LA7,2009-09-08,09:00:00 AM,09:00:00,Hot-Dry,2009-09-08 09:00:00,9
15.40563354,-19.03464966,LA7,2009-09-08,09:20:00 AM,09:20:00,Hot-Dry,2009-09-08 09:20:00,9
15.40565694,-19.03465983,LA7,2009-09-08,09:40:00 AM,09:40:00,Hot-Dry,2009-09-08 09:40:00,9
15.40564575,-19.03465169,LA7,2009-09-08,10:00:00 AM,10:00:00,Hot-Dry,2009-09-08 10:00:00,9
15.40565389,-19.03467814,LA7,2009-09-08,10:20:00 AM,10:20:00,Hot-Dry,2009-09-08 10:20:00,9
15.40565389,-19.03466593,LA7,2009-09-08,10:40:00 AM,10:40:00,Hot-Dry,2009-09-08 10:40:00,9
15.40564982,-19.03467611,LA7,2009-09-08,11:00:00 AM,11:00:00,Hot-Dry,2009-09-08 11:00:00,9
15.4056193,-19.03467204,LA7,2009-09-08,11:20:00 AM,11:20:00,Hot-Dry,2009-09-08 11:20:00,9
15.40563049,-19.03469849,LA7,2009-09-08,11:40:00 AM,11:40:00,Hot-Dry,2009-09-08 11:40:00,9
15.40565287,-19.03465983,LA7,2009-09-08,12:00:00 PM,12:00:00,Hot-Dry,2009-09-08 12:00:00,9
15.4056722,-19.03467407,LA7,2009-09-08,12:20:00 PM,12:20:00,Hot-Dry,2009-09-08 12:20:00,9
15.4052419,-19.03482869,LA7,2009-09-08,12:40:00 PM,12:40:00,Hot-Dry,2009-09-08 12:40:00,9
15.40524394,-19.03483073,LA7,2009-09-08,01:00:00 PM,13:00:00,Hot-Dry,2009-09-08 13:00:00,9
15.40368144,-19.03433228,LA7,2009-09-08,01:20:00 PM,13:20:00,Hot-Dry,2009-09-08 13:20:00,9
15.4036794,-19.03433228,LA7,2009-09-08,01:40:00 PM,13:40:00,Hot-Dry,2009-09-08 13:40:00,9
15.40368042,-19.03432414,LA7,2009-09-08,02:00:00 PM,14:00:00,Hot-Dry,2009-09-08 14:00:00,9
15.40567627,-19.03550822,LA7,2009-09-08,02:20:00 PM,14:20:00,Hot-Dry,2009-09-08 14:20:00,9
15.40842387,-19.03691406,LA7,2009-09-08,02:40:00 PM,14:40:00,Hot-Dry,2009-09-08 14:40:00,9
15.4103597,-19.03830973,LA7,2009-09-08,03:00:00 PM,15:00:00,Hot-Dry,2009-09-08 15:00:00,9
15.41232605,-19.03927612,LA7,2009-09-08,03:20:00 PM,15:20:00,Hot-Dry,2009-09-08 15:20:00,9
15.41361796,-19.03989258,LA7,2009-09-08,03:40:00 PM,15:40:00,Hot-Dry,2009-09-08 15:40:00,9
15.41593424,-19.0399882,LA7,2009-09-08,04:00:00 PM,16:00:00,Hot-Dry,2009-09-08 16:00:00,9
15.4169515,-19.04007365,LA7,2009-09-08,04:20:00 PM,16:20:00,Hot-Dry,2009-09-08 16:20:00,9
15.41905823,-19.04090983,LA7,2009-09-08,04:40:00 PM,16:40:00,Hot-Dry,2009-09-08 16:40:00,9
15.42206014,-19.04143677,LA7,2009-09-08,05:00:00 PM,17:00:00,Hot-Dry,2009-09-08 17:00:00,9
15.42429199,-19.04130046,LA7,2009-09-08,05:20:00 PM,17:20:00,Hot-Dry,2009-09-08 17:20:00,9
15.42453918,-19.04082031,LA7,2009-09-08,05:40:00 PM,17:40:00,Hot-Dry,2009-09-08 17:40:00,9
15.42455241,-19.04081624,LA7,2009-09-08,06:00:00 PM,18:00:00,Hot-Dry,2009-09-08 18:00:00,9
15.42456055,-19.0408488,LA7,2009-09-08,06:20:00 PM,18:20:00,Hot-Dry,2009-09-08 18:20:00,9
15.4248291,-19.04057007,LA7,2009-09-08,06:40:00 PM,18:40:00,Hot-Dry,2009-09-08 18:40:00,9
15.42499288,-19.04008179,LA7,2009-09-08,07:00:00 PM,19:00:00,Hot-Dry,2009-09-08 19:00:00,9
15.42472738,-19.03948975,LA7,2009-09-08,07:20:00 PM,19:20:00,Hot-Dry,2009-09-08 19:20:00,9
15.42425232,-19.0391805,LA7,2009-09-08,07:40:00 PM,19:40:00,Hot-Dry,2009-09-08 19:40:00,9
15.42356059,-19.03816325,LA7,2009-09-08,08:00:00 PM,20:00:00,Hot-Dry,2009-09-08 20:00:00,9
15.4231781,-19.03743083,LA7,2009-09-08,08:20:00 PM,20:20:00,Hot-Dry,2009-09-08 20:20:00,9
15.42310282,-19.03692017,LA7,2009-09-08,08:40:00 PM,20:40:00,Hot-Dry,2009-09-08 20:40:00,9
15.42113037,-19.03433228,LA7,2009-09-08,09:00:00 PM,21:00:00,Hot-Dry,2009-09-08 21:00:00,9
15.4209788,-19.03421427,LA7,2009-09-08,09:20:00 PM,21:20:00,Hot-Dry,2009-09-08 21:20:00,9
15.42069397,-19.03427531,LA7,2009-09-08,09:40:00 PM,21:40:00,Hot-Dry,2009-09-08 21:40:00,9
15.42019857,-19.03437703,LA7,2009-09-08,10:00:00 PM,22:00:00,Hot-Dry,2009-09-08 22:00:00,9
15.42026672,-19.03429362,LA7,2009-09-08,10:20:00 PM,22:20:00,Hot-Dry,2009-09-08 22:20:00,9
15.42002157,-19.03435262,LA7,2009-09-08,10:40:00 PM,22:40:00,Hot-Dry,2009-09-08 22:40:00,9
15.42002869,-19.03435262,LA7,2009-09-08,11:00:00 PM,23:00:00,Hot-Dry,2009-09-08 23:00:00,9
15.42001444,-19.03436483,LA7,2009-09-08,11:20:00 PM,23:20:00,Hot-Dry,2009-09-08 23:20:00,9
15.42005208,-19.03436076,LA7,2009-09-08,11:40:00 PM,23:40:00,Hot-Dry,2009-09-08 23:40:00,9
15.4198171,-19.03434855,LA7,2009-09-09,12:00:00 AM,00:00:00,Hot-Dry,2009-09-09 00:00:00,9
15.41974284,-19.03454793,LA7,2009-09-09,12:20:00 AM,00:20:00,Hot-Dry,2009-09-09 00:20:00,9
15.42004191,-19.03458862,LA7,2009-09-09,12:40:00 AM,00:40:00,Hot-Dry,2009-09-09 00:40:00,9
15.42003581,-19.03462728,LA7,2009-09-09,01:00:00 AM,01:00:00,Hot-Dry,2009-09-09 01:00:00,9
15.42008057,-19.03488363,LA7,2009-09-09,01:40:00 AM,01:40:00,Hot-Dry,2009-09-09 01:40:00,9
15.42024434,-19.03485107,LA7,2009-09-09,02:00:00 AM,02:00:00,Hot-Dry,2009-09-09 02:00:00,9
15.42046204,-19.03513184,LA7,2009-09-09,02:20:00 AM,02:20:00,Hot-Dry,2009-09-09 02:20:00,9
15.42090658,-19.03544922,LA7,2009-09-09,02:40:00 AM,02:40:00,Hot-Dry,2009-09-09 02:40:00,9
15.4209198,-19.03551025,LA7,2009-09-09,03:00:00 AM,03:00:00,Hot-Dry,2009-09-09 03:00:00,9
15.42100016,-19.03575033,LA7,2009-09-09,03:20:00 AM,03:20:00,Hot-Dry,2009-09-09 03:20:00,9
15.42066956,-19.03622843,LA7,2009-09-09,03:40:00 AM,03:40:00,Hot-Dry,2009-09-09 03:40:00,9
15.42026265,-19.03670044,LA7,2009-09-09,04:00:00 AM,04:00:00,Hot-Dry,2009-09-09 04:00:00,9
15.42107646,-19.03728027,LA7,2009-09-09,04:20:00 AM,04:20:00,Hot-Dry,2009-09-09 04:20:00,9
15.4219106,-19.03529256,LA7,2009-09-09,04:40:00 AM,04:40:00,Hot-Dry,2009-09-09 04:40:00,9
15.42151998,-19.03381551,LA7,2009-09-09,05:00:00 AM,05:00:00,Hot-Dry,2009-09-09 05:00:00,9
15.4215861,-19.03355306,LA7,2009-09-09,05:20:00 AM,05:20:00,Hot-Dry,2009-09-09 05:20:00,9
15.4224172,-19.03050944,LA7,2009-09-09,05:40:00 AM,05:40:00,Hot-Dry,2009-09-09 05:40:00,9
15.42357279,-19.02550863,LA7,2009-09-09,06:00:00 AM,06:00:00,Hot-Dry,2009-09-09 06:00:00,9
15.42354431,-19.02419434,LA7,2009-09-09,06:20:00 AM,06:20:00,Hot-Dry,2009-09-09 06:20:00,9
15.42344971,-19.02247925,LA7,2009-09-09,06:40:00 AM,06:40:00,Hot-Dry,2009-09-09 06:40:00,9
15.42359111,-19.0213033,LA7,2009-09-09,07:00:00 AM,07:00:00,Hot-Dry,2009-09-09 07:00:00,9
15.42479757,-19.01553548,LA7,2009-09-09,07:20:00 AM,07:20:00,Hot-Dry,2009-09-09 07:20:00,9
15.42832336,-19.01047363,LA7,2009-09-09,07:40:00 AM,07:40:00,Hot-Dry,2009-09-09 07:40:00,9
15.42981873,-19.0085083,LA7,2009-09-09,08:00:00 AM,08:00:00,Hot-Dry,2009-09-09 08:00:00,9
15.43257243,-19.00386759,LA7,2009-09-09,08:20:00 AM,08:20:00,Hot-Dry,2009-09-09 08:20:00,9
15.43383891,-19.00273234,LA7,2009-09-09,08:40:00 AM,08:40:00,Hot-Dry,2009-09-09 08:40:00,9
15.43857218,-18.99880778,LA7,2009-09-09,09:00:00 AM,09:00:00,Hot-Dry,2009-09-09 09:00:00,9
15.44106954,-18.99808146,LA7,2009-09-09,09:20:00 AM,09:20:00,Hot-Dry,2009-09-09 09:20:00,9
15.44375305,-18.99726563,LA7,2009-09-09,09:40:00 AM,09:40:00,Hot-Dry,2009-09-09 09:40:00,9
15.44763896,-18.99550171,LA7,2009-09-09,10:00:00 AM,10:00:00,Hot-Dry,2009-09-09 10:00:00,9
15.44766235,-18.9954834,LA7,2009-09-09,10:20:00 AM,10:20:00,Hot-Dry,2009-09-09 10:20:00,9
15.44923401,-18.99251506,LA7,2009-09-09,10:40:00 AM,10:40:00,Hot-Dry,2009-09-09 10:40:00,9
15.4517924,-18.99062907,LA7,2009-09-09,11:00:00 AM,11:00:00,Hot-Dry,2009-09-09 11:00:00,9
15.45197245,-18.99019572,LA7,2009-09-09,11:20:00 AM,11:20:00,Hot-Dry,2009-09-09 11:20:00,9
15.45195923,-18.99022217,LA7,2009-09-09,11:40:00 AM,11:40:00,Hot-Dry,2009-09-09 11:40:00,9
15.45195414,-18.990212,LA7,2009-09-09,12:00:00 PM,12:00:00,Hot-Dry,2009-09-09 12:00:00,9
15.45198059,-18.9902242,LA7,2009-09-09,12:20:00 PM,12:20:00,Hot-Dry,2009-09-09 12:20:00,9
15.45202332,-18.99023641,LA7,2009-09-09,12:40:00 PM,12:40:00,Hot-Dry,2009-09-09 12:40:00,9
15.45204468,-18.99024251,LA7,2009-09-09,01:00:00 PM,13:00:00,Hot-Dry,2009-09-09 13:00:00,9
15.45201314,-18.9902181,LA7,2009-09-09,01:20:00 PM,13:20:00,Hot-Dry,2009-09-09 13:20:00,9
15.45202433,-18.99022624,LA7,2009-09-09,01:40:00 PM,13:40:00,Hot-Dry,2009-09-09 13:40:00,9
15.45219727,-18.99024455,LA7,2009-09-09,02:00:00 PM,14:00:00,Hot-Dry,2009-09-09 14:00:00,9
15.4522227,-18.99029338,LA7,2009-09-09,02:20:00 PM,14:20:00,Hot-Dry,2009-09-09 14:20:00,9
15.45423787,-18.99059448,LA7,2009-09-09,02:40:00 PM,14:40:00,Hot-Dry,2009-09-09 14:40:00,9
15.46087646,-18.99059652,LA7,2009-09-09,03:00:00 PM,15:00:00,Hot-Dry,2009-09-09 15:00:00,9
15.46649068,-18.9880127,LA7,2009-09-09,03:20:00 PM,15:20:00,Hot-Dry,2009-09-09 15:20:00,9
15.47211812,-18.98634237,LA7,2009-09-09,03:40:00 PM,15:40:00,Hot-Dry,2009-09-09 15:40:00,9
15.47618306,-18.98613688,LA7,2009-09-09,04:00:00 PM,16:00:00,Hot-Dry,2009-09-09 16:00:00,9
15.48038228,-18.98542684,LA7,2009-09-09,04:20:00 PM,16:20:00,Hot-Dry,2009-09-09 16:20:00,9
15.48691711,-18.98481242,LA7,2009-09-09,04:40:00 PM,16:40:00,Hot-Dry,2009-09-09 16:40:00,9
15.49098307,-18.98416748,LA7,2009-09-09,05:00:00 PM,17:00:00,Hot-Dry,2009-09-09 17:00:00,9
15.49227905,-18.98325399,LA7,2009-09-09,05:20:00 PM,17:20:00,Hot-Dry,2009-09-09 17:20:00,9
15.49395243,-18.98168538,LA7,2009-09-09,05:40:00 PM,17:40:00,Hot-Dry,2009-09-09 17:40:00,9
15.49923299,-18.97947795,LA7,2009-09-09,06:00:00 PM,18:00:00,Hot-Dry,2009-09-09 18:00:00,9
15.50372111,-18.97687581,LA7,2009-09-09,06:20:00 PM,18:20:00,Hot-Dry,2009-09-09 18:20:00,9
15.50361938,-18.97648722,LA7,2009-09-09,06:40:00 PM,18:40:00,Hot-Dry,2009-09-09 18:40:00,9
15.50360921,-18.97652995,LA7,2009-09-09,07:00:00 PM,19:00:00,Hot-Dry,2009-09-09 19:00:00,9
15.50362956,-18.97658691,LA7,2009-09-09,07:20:00 PM,19:20:00,Hot-Dry,2009-09-09 19:20:00,9
15.50490723,-18.98367716,LA7,2009-09-09,07:40:00 PM,19:40:00,Hot-Dry,2009-09-09 19:40:00,9
15.50839742,-18.99443359,LA7,2009-09-09,08:00:00 PM,20:00:00,Hot-Dry,2009-09-09 20:00:00,9
15.51336772,-18.99981689,LA7,2009-09-09,08:20:00 PM,20:20:00,Hot-Dry,2009-09-09 20:20:00,9
15.51520487,-19.00144246,LA7,2009-09-09,08:40:00 PM,20:40:00,Hot-Dry,2009-09-09 20:40:00,9
15.51649068,-19.00250448,LA7,2009-09-09,09:00:00 PM,21:00:00,Hot-Dry,2009-09-09 21:00:00,9
15.51713664,-19.00460002,LA7,2009-09-09,09:20:00 PM,21:20:00,Hot-Dry,2009-09-09 21:20:00,9
15.51820679,-19.00607096,LA7,2009-09-09,09:40:00 PM,21:40:00,Hot-Dry,2009-09-09 21:40:00,9
15.51795756,-19.00772502,LA7,2009-09-09,10:00:00 PM,22:00:00,Hot-Dry,2009-09-09 22:00:00,9
15.51596781,-19.00883586,LA7,2009-09-09,10:20:00 PM,22:20:00,Hot-Dry,2009-09-09 22:20:00,9
15.51532389,-19.00975342,LA7,2009-09-09,10:40:00 PM,22:40:00,Hot-Dry,2009-09-09 22:40:00,9
15.51428324,-19.01287028,LA7,2009-09-09,11:00:00 PM,23:00:00,Hot-Dry,2009-09-09 23:00:00,9
15.51348572,-19.01519775,LA7,2009-09-09,11:20:00 PM,23:20:00,Hot-Dry,2009-09-09 23:20:00,9
15.51413472,-19.02205811,LA7,2009-09-09,11:40:00 PM,23:40:00,Hot-Dry,2009-09-09 23:40:00,9
15.51681417,-19.02758179,LA7,2009-09-10,12:00:00 AM,00:00:00,Hot-Dry,2009-09-10 00:00:00,9
15.51688741,-19.02765096,LA7,2009-09-10,12:20:00 AM,00:20:00,Hot-Dry,2009-09-10 00:20:00,9
15.51711528,-19.02802734,LA7,2009-09-10,12:40:00 AM,00:40:00,Hot-Dry,2009-09-10 00:40:00,9
15.51769613,-19.02857666,LA7,2009-09-10,01:00:00 AM,01:00:00,Hot-Dry,2009-09-10 01:00:00,9
15.51767985,-19.0285909,LA7,2009-09-10,01:20:00 AM,01:20:00,Hot-Dry,2009-09-10 01:20:00,9
15.5177063,-19.02857056,LA7,2009-09-10,01:40:00 AM,01:40:00,Hot-Dry,2009-09-10 01:40:00,9
15.5184845,-19.02895711,LA7,2009-09-10,02:00:00 AM,02:00:00,Hot-Dry,2009-09-10 02:00:00,9
15.51890666,-19.02863363,LA7,2009-09-10,02:20:00 AM,02:20:00,Hot-Dry,2009-09-10 02:20:00,9
15.51919454,-19.02867025,LA7,2009-09-10,02:40:00 AM,02:40:00,Hot-Dry,2009-09-10 02:40:00,9
15.51918945,-19.02863973,LA7,2009-09-10,03:00:00 AM,03:00:00,Hot-Dry,2009-09-10 03:00:00,9
15.52065328,-19.02921753,LA7,2009-09-10,03:20:00 AM,03:20:00,Hot-Dry,2009-09-10 03:20:00,9
15.52084961,-19.02925415,LA7,2009-09-10,03:40:00 AM,03:40:00,Hot-Dry,2009-09-10 03:40:00,9
15.52084147,-19.02926025,LA7,2009-09-10,04:00:00 AM,04:00:00,Hot-Dry,2009-09-10 04:00:00,9
15.52101644,-19.02912394,LA7,2009-09-10,04:20:00 AM,04:20:00,Hot-Dry,2009-09-10 04:20:00,9
15.5213033,-19.02899577,LA7,2009-09-10,04:40:00 AM,04:40:00,Hot-Dry,2009-09-10 04:40:00,9
15.52238871,-19.02893677,LA7,2009-09-10,05:00:00 AM,05:00:00,Hot-Dry,2009-09-10 05:00:00,9
15.52337036,-19.02834269,LA7,2009-09-10,05:20:00 AM,05:20:00,Hot-Dry,2009-09-10 05:20:00,9
15.52483724,-19.0271932,LA7,2009-09-10,05:40:00 AM,05:40:00,Hot-Dry,2009-09-10 05:40:00,9
15.52754313,-19.02418213,LA7,2009-09-10,06:00:00 AM,06:00:00,Hot-Dry,2009-09-10 06:00:00,9
15.52805684,-19.02297567,LA7,2009-09-10,06:20:00 AM,06:20:00,Hot-Dry,2009-09-10 06:20:00,9
15.52841797,-19.02055054,LA7,2009-09-10,06:40:00 AM,06:40:00,Hot-Dry,2009-09-10 06:40:00,9
15.52810669,-19.01869303,LA7,2009-09-10,07:00:00 AM,07:00:00,Hot-Dry,2009-09-10 07:00:00,9
15.52844035,-19.01837362,LA7,2009-09-10,07:20:00 AM,07:20:00,Hot-Dry,2009-09-10 07:20:00,9
15.52798665,-19.01769409,LA7,2009-09-10,07:40:00 AM,07:40:00,Hot-Dry,2009-09-10 07:40:00,9
15.52744344,-19.01679688,LA7,2009-09-10,08:00:00 AM,08:00:00,Hot-Dry,2009-09-10 08:00:00,9
15.52695618,-19.01656291,LA7,2009-09-10,08:20:00 AM,08:20:00,Hot-Dry,2009-09-10 08:20:00,9
15.52694397,-19.01653646,LA7,2009-09-10,08:40:00 AM,08:40:00,Hot-Dry,2009-09-10 08:40:00,9
15.52706706,-19.01630046,LA7,2009-09-10,09:00:00 AM,09:00:00,Hot-Dry,2009-09-10 09:00:00,9
15.52709249,-19.01630046,LA7,2009-09-10,09:20:00 AM,09:20:00,Hot-Dry,2009-09-10 09:20:00,9
15.52707418,-19.01630452,LA7,2009-09-10,09:40:00 AM,09:40:00,Hot-Dry,2009-09-10 09:40:00,9
15.52819316,-19.01401164,LA7,2009-09-10,10:00:00 AM,10:00:00,Hot-Dry,2009-09-10 10:00:00,9
15.528302,-19.01402181,LA7,2009-09-10,10:20:00 AM,10:20:00,Hot-Dry,2009-09-10 10:20:00,9
15.52830302,-19.01401164,LA7,2009-09-10,10:40:00 AM,10:40:00,Hot-Dry,2009-09-10 10:40:00,9
15.52831116,-19.01403198,LA7,2009-09-10,11:00:00 AM,11:00:00,Hot-Dry,2009-09-10 11:00:00,9
15.52829386,-19.01401978,LA7,2009-09-10,11:20:00 AM,11:20:00,Hot-Dry,2009-09-10 11:20:00,9
15.52831217,-19.01403605,LA7,2009-09-10,11:40:00 AM,11:40:00,Hot-Dry,2009-09-10 11:40:00,9
15.5282959,-19.01401774,LA7,2009-09-10,12:00:00 PM,12:00:00,Hot-Dry,2009-09-10 12:00:00,9
15.52829386,-19.01401367,LA7,2009-09-10,12:20:00 PM,12:20:00,Hot-Dry,2009-09-10 12:20:00,9
15.52832743,-19.01404622,LA7,2009-09-10,12:40:00 PM,12:40:00,Hot-Dry,2009-09-10 12:40:00,9
15.52830709,-19.01404215,LA7,2009-09-10,01:00:00 PM,13:00:00,Hot-Dry,2009-09-10 13:00:00,9
15.52830302,-19.01402384,LA7,2009-09-10,01:20:00 PM,13:20:00,Hot-Dry,2009-09-10 13:20:00,9
15.52830505,-19.01403809,LA7,2009-09-10,01:40:00 PM,13:40:00,Hot-Dry,2009-09-10 13:40:00,9
15.52830302,-19.01402181,LA7,2009-09-10,02:00:00 PM,14:00:00,Hot-Dry,2009-09-10 14:00:00,9
15.5276001,-19.01285807,LA7,2009-09-10,02:20:00 PM,14:20:00,Hot-Dry,2009-09-10 14:20:00,9
15.52624715,-19.01171468,LA7,2009-09-10,02:40:00 PM,14:40:00,Hot-Dry,2009-09-10 14:40:00,9
15.52400309,-19.00990194,LA7,2009-09-10,03:00:00 PM,15:00:00,Hot-Dry,2009-09-10 15:00:00,9
15.52032471,-19.00814412,LA7,2009-09-10,03:20:00 PM,15:20:00,Hot-Dry,2009-09-10 15:20:00,9
15.51803385,-19.00706177,LA7,2009-09-10,03:40:00 PM,15:40:00,Hot-Dry,2009-09-10 15:40:00,9
15.51674906,-19.00597127,LA7,2009-09-10,04:00:00 PM,16:00:00,Hot-Dry,2009-09-10 16:00:00,9
15.51450602,-19.00370687,LA7,2009-09-10,04:20:00 PM,16:20:00,Hot-Dry,2009-09-10 16:20:00,9
15.51259664,-19.00234985,LA7,2009-09-10,04:40:00 PM,16:40:00,Hot-Dry,2009-09-10 16:40:00,9
15.51200053,-19.00267334,LA7,2009-09-10,05:00:00 PM,17:00:00,Hot-Dry,2009-09-10 17:00:00,9
15.51138814,-19.00198975,LA7,2009-09-10,05:20:00 PM,17:20:00,Hot-Dry,2009-09-10 17:20:00,9
15.51062826,-19.000413,LA7,2009-09-10,05:40:00 PM,17:40:00,Hot-Dry,2009-09-10 17:40:00,9
15.51062927,-19.00033569,LA7,2009-09-10,06:00:00 PM,18:00:00,Hot-Dry,2009-09-10 18:00:00,9
15.51031392,-18.99970907,LA7,2009-09-10,06:20:00 PM,18:20:00,Hot-Dry,2009-09-10 18:20:00,9
15.51027629,-18.99968669,LA7,2009-09-10,06:40:00 PM,18:40:00,Hot-Dry,2009-09-10 18:40:00,9
15.51029256,-18.99966227,LA7,2009-09-10,07:00:00 PM,19:00:00,Hot-Dry,2009-09-10 19:00:00,9
15.50930379,-18.99672852,LA7,2009-09-10,07:20:00 PM,19:20:00,Hot-Dry,2009-09-10 19:20:00,9
15.50842489,-18.99380697,LA7,2009-09-10,07:40:00 PM,19:40:00,Hot-Dry,2009-09-10 19:40:00,9
15.5080953,-18.99119059,LA7,2009-09-10,08:00:00 PM,20:00:00,Hot-Dry,2009-09-10 20:00:00,9
15.50591532,-18.98446859,LA7,2009-09-10,08:20:00 PM,20:20:00,Hot-Dry,2009-09-10 20:20:00,9
15.50366821,-18.97655233,LA7,2009-09-10,08:40:00 PM,20:40:00,Hot-Dry,2009-09-10 20:40:00,9
15.50361938,-18.97655233,LA7,2009-09-10,09:00:00 PM,21:00:00,Hot-Dry,2009-09-10 21:00:00,9
15.50369975,-18.97654622,LA7,2009-09-10,09:20:00 PM,21:20:00,Hot-Dry,2009-09-10 21:20:00,9
15.50282288,-18.97644043,LA7,2009-09-10,09:40:00 PM,21:40:00,Hot-Dry,2009-09-10 21:40:00,9
15.49448547,-18.97411702,LA7,2009-09-10,10:00:00 PM,22:00:00,Hot-Dry,2009-09-10 22:00:00,9
15.48592326,-18.97317098,LA7,2009-09-10,10:20:00 PM,22:20:00,Hot-Dry,2009-09-10 22:20:00,9
15.47994283,-18.97527059,LA7,2009-09-10,10:40:00 PM,22:40:00,Hot-Dry,2009-09-10 22:40:00,9
15.47632751,-18.9774292,LA7,2009-09-10,11:00:00 PM,23:00:00,Hot-Dry,2009-09-10 23:00:00,9
15.47350159,-18.97997437,LA7,2009-09-10,11:20:00 PM,23:20:00,Hot-Dry,2009-09-10 23:20:00,9
15.47189026,-18.98118083,LA7,2009-09-10,11:40:00 PM,23:40:00,Hot-Dry,2009-09-10 23:40:00,9
15.47060343,-18.98165894,LA7,2009-09-11,12:00:00 AM,00:00:00,Hot-Dry,2009-09-11 00:00:00,9
15.46802775,-18.98210449,LA7,2009-09-11,12:20:00 AM,00:20:00,Hot-Dry,2009-09-11 00:20:00,9
15.46388143,-18.98342489,LA7,2009-09-11,12:40:00 AM,00:40:00,Hot-Dry,2009-09-11 00:40:00,9
15.46087545,-18.98485311,LA7,2009-09-11,01:00:00 AM,01:00:00,Hot-Dry,2009-09-11 01:00:00,9
15.46088359,-18.98491618,LA7,2009-09-11,01:20:00 AM,01:20:00,Hot-Dry,2009-09-11 01:20:00,9
15.46089579,-18.98489787,LA7,2009-09-11,01:40:00 AM,01:40:00,Hot-Dry,2009-09-11 01:40:00,9
15.46089071,-18.98488159,LA7,2009-09-11,02:00:00 AM,02:00:00,Hot-Dry,2009-09-11 02:00:00,9
15.45645447,-18.98508911,LA7,2009-09-11,02:20:00 AM,02:20:00,Hot-Dry,2009-09-11 02:20:00,9
15.45641276,-18.9850769,LA7,2009-09-11,02:40:00 AM,02:40:00,Hot-Dry,2009-09-11 02:40:00,9
15.45637512,-18.98507284,LA7,2009-09-11,03:00:00 AM,03:00:00,Hot-Dry,2009-09-11 03:00:00,9
15.45637919,-18.98506063,LA7,2009-09-11,03:20:00 AM,03:20:00,Hot-Dry,2009-09-11 03:20:00,9
15.45639547,-18.98505452,LA7,2009-09-11,03:40:00 AM,03:40:00,Hot-Dry,2009-09-11 03:40:00,9
15.45502116,-18.98539429,LA7,2009-09-11,04:00:00 AM,04:00:00,Hot-Dry,2009-09-11 04:00:00,9
15.45306702,-18.98558757,LA7,2009-09-11,04:20:00 AM,04:20:00,Hot-Dry,2009-09-11 04:20:00,9
15.45186768,-18.98527629,LA7,2009-09-11,04:40:00 AM,04:40:00,Hot-Dry,2009-09-11 04:40:00,9
15.4500234,-18.98497518,LA7,2009-09-11,05:00:00 AM,05:00:00,Hot-Dry,2009-09-11 05:00:00,9
15.44590963,-18.98405151,LA7,2009-09-11,05:20:00 AM,05:20:00,Hot-Dry,2009-09-11 05:20:00,9
15.44342143,-18.98279215,LA7,2009-09-11,05:40:00 AM,05:40:00,Hot-Dry,2009-09-11 05:40:00,9
15.4388621,-18.98244832,LA7,2009-09-11,06:00:00 AM,06:00:00,Hot-Dry,2009-09-11 06:00:00,9
15.43770345,-18.98191528,LA7,2009-09-11,06:20:00 AM,06:20:00,Hot-Dry,2009-09-11 06:20:00,9
15.4360494,-18.98735148,LA7,2009-09-11,06:40:00 AM,06:40:00,Hot-Dry,2009-09-11 06:40:00,9
15.43843892,-18.98811646,LA7,2009-09-11,07:00:00 AM,07:00:00,Hot-Dry,2009-09-11 07:00:00,9
15.44084778,-18.98842367,LA7,2009-09-11,07:20:00 AM,07:20:00,Hot-Dry,2009-09-11 07:20:00,9
15.44199015,-18.9884257,LA7,2009-09-11,07:40:00 AM,07:40:00,Hot-Dry,2009-09-11 07:40:00,9
15.44272257,-18.98799642,LA7,2009-09-11,08:00:00 AM,08:00:00,Hot-Dry,2009-09-11 08:00:00,9
15.44431966,-18.98982747,LA7,2009-09-11,08:20:00 AM,08:20:00,Hot-Dry,2009-09-11 08:20:00,9
15.44471741,-18.99182332,LA7,2009-09-11,08:40:00 AM,08:40:00,Hot-Dry,2009-09-11 08:40:00,9
15.44798381,-18.99104614,LA7,2009-09-11,09:00:00 AM,09:00:00,Hot-Dry,2009-09-11 09:00:00,9
15.44798177,-18.99108073,LA7,2009-09-11,09:20:00 AM,09:20:00,Hot-Dry,2009-09-11 09:20:00,9
15.44795736,-18.99106649,LA7,2009-09-11,09:40:00 AM,09:40:00,Hot-Dry,2009-09-11 09:40:00,9
15.4479777,-18.99106038,LA7,2009-09-11,10:00:00 AM,10:00:00,Hot-Dry,2009-09-11 10:00:00,9
15.4479777,-18.99106852,LA7,2009-09-11,10:20:00 AM,10:20:00,Hot-Dry,2009-09-11 10:20:00,9
15.44795431,-18.99108683,LA7,2009-09-11,10:40:00 AM,10:40:00,Hot-Dry,2009-09-11 10:40:00,9
15.44796855,-18.99107056,LA7,2009-09-11,11:00:00 AM,11:00:00,Hot-Dry,2009-09-11 11:00:00,9
15.44795939,-18.99107666,LA7,2009-09-11,11:20:00 AM,11:20:00,Hot-Dry,2009-09-11 11:20:00,9
15.44848836,-18.99020589,LA7,2009-09-11,11:40:00 AM,11:40:00,Hot-Dry,2009-09-11 11:40:00,9
15.44851278,-18.99013672,LA7,2009-09-11,12:00:00 PM,12:00:00,Hot-Dry,2009-09-11 12:00:00,9
15.44851379,-18.99014689,LA7,2009-09-11,12:20:00 PM,12:20:00,Hot-Dry,2009-09-11 12:20:00,9
15.44851278,-18.99015503,LA7,2009-09-11,12:40:00 PM,12:40:00,Hot-Dry,2009-09-11 12:40:00,9
15.44852295,-18.99017334,LA7,2009-09-11,01:00:00 PM,13:00:00,Hot-Dry,2009-09-11 13:00:00,9
15.44852193,-18.99013468,LA7,2009-09-11,01:20:00 PM,13:20:00,Hot-Dry,2009-09-11 13:20:00,9
15.44849548,-18.98998006,LA7,2009-09-11,01:40:00 PM,13:40:00,Hot-Dry,2009-09-11 13:40:00,9
15.44847819,-18.98999023,LA7,2009-09-11,02:00:00 PM,14:00:00,Hot-Dry,2009-09-11 14:00:00,9
15.4496165,-18.98933105,LA7,2009-09-11,02:20:00 PM,14:20:00,Hot-Dry,2009-09-11 14:20:00,9
15.4496226,-18.98932902,LA7,2009-09-11,02:40:00 PM,14:40:00,Hot-Dry,2009-09-11 14:40:00,9
15.44979248,-18.98925781,LA7,2009-09-11,03:00:00 PM,15:00:00,Hot-Dry,2009-09-11 15:00:00,9
15.4522349,-18.98771362,LA7,2009-09-11,03:20:00 PM,15:20:00,Hot-Dry,2009-09-11 15:20:00,9
15.45372009,-18.98740845,LA7,2009-09-11,03:40:00 PM,15:40:00,Hot-Dry,2009-09-11 15:40:00,9
15.45376892,-18.9871521,LA7,2009-09-11,04:00:00 PM,16:00:00,Hot-Dry,2009-09-11 16:00:00,9
15.4543396,-18.98597412,LA7,2009-09-11,04:20:00 PM,16:20:00,Hot-Dry,2009-09-11 16:20:00,9
15.45539856,-18.98551839,LA7,2009-09-11,04:40:00 PM,16:40:00,Hot-Dry,2009-09-11 16:40:00,9
15.45601908,-18.98580526,LA7,2009-09-11,05:00:00 PM,17:00:00,Hot-Dry,2009-09-11 17:00:00,9
15.45762838,-18.98740845,LA7,2009-09-11,05:20:00 PM,17:20:00,Hot-Dry,2009-09-11 17:20:00,9
15.45949198,-18.98852743,LA7,2009-09-11,05:40:00 PM,17:40:00,Hot-Dry,2009-09-11 17:40:00,9
15.45952352,-18.98850911,LA7,2009-09-11,06:00:00 PM,18:00:00,Hot-Dry,2009-09-11 18:00:00,9
15.45953064,-18.98852539,LA7,2009-09-11,06:20:00 PM,18:20:00,Hot-Dry,2009-09-11 18:20:00,9
15.45949198,-18.98852336,LA7,2009-09-11,06:40:00 PM,18:40:00,Hot-Dry,2009-09-11 18:40:00,9
15.45904846,-18.98916829,LA7,2009-09-11,07:00:00 PM,19:00:00,Hot-Dry,2009-09-11 19:00:00,9
15.45908101,-18.99019368,LA7,2009-09-11,07:20:00 PM,19:20:00,Hot-Dry,2009-09-11 19:20:00,9
15.45826213,-18.9911438,LA7,2009-09-11,07:40:00 PM,19:40:00,Hot-Dry,2009-09-11 19:40:00,9
15.45828451,-18.99119873,LA7,2009-09-11,08:00:00 PM,20:00:00,Hot-Dry,2009-09-11 20:00:00,9
15.45832926,-18.99114787,LA7,2009-09-11,08:20:00 PM,20:20:00,Hot-Dry,2009-09-11 20:20:00,9
15.45830892,-18.99113973,LA7,2009-09-11,08:40:00 PM,20:40:00,Hot-Dry,2009-09-11 20:40:00,9
15.45831401,-18.99113566,LA7,2009-09-11,09:00:00 PM,21:00:00,Hot-Dry,2009-09-11 21:00:00,9
15.45831299,-18.9911377,LA7,2009-09-11,09:20:00 PM,21:20:00,Hot-Dry,2009-09-11 21:20:00,9
15.45831197,-18.99116414,LA7,2009-09-11,09:40:00 PM,21:40:00,Hot-Dry,2009-09-11 21:40:00,9
15.45825094,-18.9911499,LA7,2009-09-11,10:00:00 PM,22:00:00,Hot-Dry,2009-09-11 22:00:00,9
15.45830688,-18.99118652,LA7,2009-09-11,10:20:00 PM,22:20:00,Hot-Dry,2009-09-11 22:20:00,9
15.45669963,-18.99195557,LA7,2009-09-11,10:40:00 PM,22:40:00,Hot-Dry,2009-09-11 22:40:00,9
15.45599976,-18.99208374,LA7,2009-09-11,11:00:00 PM,23:00:00,Hot-Dry,2009-09-11 23:00:00,9
15.45493062,-18.99284668,LA7,2009-09-11,11:20:00 PM,23:20:00,Hot-Dry,2009-09-11 23:20:00,9
15.45410665,-18.99337769,LA7,2009-09-11,11:40:00 PM,23:40:00,Hot-Dry,2009-09-11 23:40:00,9
15.45335795,-18.9943929,LA7,2009-09-12,12:00:00 AM,00:00:00,Hot-Dry,2009-09-12 00:00:00,9
15.45131124,-18.99452311,LA7,2009-09-12,12:20:00 AM,00:20:00,Hot-Dry,2009-09-12 00:20:00,9
15.45106812,-18.99434814,LA7,2009-09-12,12:40:00 AM,00:40:00,Hot-Dry,2009-09-12 00:40:00,9
15.4502004,-18.99394531,LA7,2009-09-12,01:00:00 AM,01:00:00,Hot-Dry,2009-09-12 01:00:00,9
15.4499115,-18.99387817,LA7,2009-09-12,01:20:00 AM,01:20:00,Hot-Dry,2009-09-12 01:20:00,9
15.44994202,-18.99331055,LA7,2009-09-12,01:40:00 AM,01:40:00,Hot-Dry,2009-09-12 01:40:00,9
15.44994914,-18.99330241,LA7,2009-09-12,02:00:00 AM,02:00:00,Hot-Dry,2009-09-12 02:00:00,9
15.45002645,-18.99319255,LA7,2009-09-12,02:20:00 AM,02:20:00,Hot-Dry,2009-09-12 02:20:00,9
15.45000407,-18.99321086,LA7,2009-09-12,02:40:00 AM,02:40:00,Hot-Dry,2009-09-12 02:40:00,9
15.45001424,-18.99319458,LA7,2009-09-12,03:00:00 AM,03:00:00,Hot-Dry,2009-09-12 03:00:00,9
15.4500529,-18.99320272,LA7,2009-09-12,03:20:00 AM,03:20:00,Hot-Dry,2009-09-12 03:20:00,9
15.45001933,-18.99320679,LA7,2009-09-12,03:40:00 AM,03:40:00,Hot-Dry,2009-09-12 03:40:00,9
15.45027364,-18.99301351,LA7,2009-09-12,04:00:00 AM,04:00:00,Hot-Dry,2009-09-12 04:00:00,9
15.4502828,-18.99301147,LA7,2009-09-12,04:20:00 AM,04:20:00,Hot-Dry,2009-09-12 04:20:00,9
15.45032654,-18.99301147,LA7,2009-09-12,04:40:00 AM,04:40:00,Hot-Dry,2009-09-12 04:40:00,9
15.45107931,-18.99298706,LA7,2009-09-12,05:00:00 AM,05:00:00,Hot-Dry,2009-09-12 05:00:00,9
15.4518158,-18.99276733,LA7,2009-09-12,05:20:00 AM,05:20:00,Hot-Dry,2009-09-12 05:20:00,9
15.45220846,-18.99274495,LA7,2009-09-12,05:40:00 AM,05:40:00,Hot-Dry,2009-09-12 05:40:00,9
15.45447184,-18.99246623,LA7,2009-09-12,06:00:00 AM,06:00:00,Hot-Dry,2009-09-12 06:00:00,9
15.45579732,-18.99162598,LA7,2009-09-12,06:20:00 AM,06:20:00,Hot-Dry,2009-09-12 06:20:00,9
15.4588623,-18.98904215,LA7,2009-09-12,06:40:00 AM,06:40:00,Hot-Dry,2009-09-12 06:40:00,9
15.46165365,-18.98653564,LA7,2009-09-12,07:00:00 AM,07:00:00,Hot-Dry,2009-09-12 07:00:00,9
15.4628835,-18.98417358,LA7,2009-09-12,07:20:00 AM,07:20:00,Hot-Dry,2009-09-12 07:20:00,9
15.46628723,-18.98239543,LA7,2009-09-12,07:40:00 AM,07:40:00,Hot-Dry,2009-09-12 07:40:00,9
15.46941833,-18.98059489,LA7,2009-09-12,08:00:00 AM,08:00:00,Hot-Dry,2009-09-12 08:00:00,9
15.47119141,-18.97941488,LA7,2009-09-12,08:20:00 AM,08:20:00,Hot-Dry,2009-09-12 08:20:00,9
15.47228902,-18.97941895,LA7,2009-09-12,08:40:00 AM,08:40:00,Hot-Dry,2009-09-12 08:40:00,9
15.47322083,-18.97894897,LA7,2009-09-12,09:00:00 AM,09:00:00,Hot-Dry,2009-09-12 09:00:00,9
15.47369385,-18.97823079,LA7,2009-09-12,09:20:00 AM,09:20:00,Hot-Dry,2009-09-12 09:20:00,9
15.47412821,-18.97645467,LA7,2009-09-12,09:40:00 AM,09:40:00,Hot-Dry,2009-09-12 09:40:00,9
15.47368673,-18.97601318,LA7,2009-09-12,10:00:00 AM,10:00:00,Hot-Dry,2009-09-12 10:00:00,9
15.4729482,-18.9743632,LA7,2009-09-12,10:20:00 AM,10:20:00,Hot-Dry,2009-09-12 10:20:00,9
15.47296651,-18.9743571,LA7,2009-09-12,10:40:00 AM,10:40:00,Hot-Dry,2009-09-12 10:40:00,9
15.47297465,-18.97433065,LA7,2009-09-12,11:00:00 AM,11:00:00,Hot-Dry,2009-09-12 11:00:00,9
15.47299093,-18.97436117,LA7,2009-09-12,11:20:00 AM,11:20:00,Hot-Dry,2009-09-12 11:20:00,9
15.47297262,-18.97434082,LA7,2009-09-12,11:40:00 AM,11:40:00,Hot-Dry,2009-09-12 11:40:00,9
15.47293905,-18.97435099,LA7,2009-09-12,12:00:00 PM,12:00:00,Hot-Dry,2009-09-12 12:00:00,9
15.47348226,-18.9737203,LA7,2009-09-12,12:20:00 PM,12:20:00,Hot-Dry,2009-09-12 12:20:00,9
15.4736318,-18.97368164,LA7,2009-09-12,12:40:00 PM,12:40:00,Hot-Dry,2009-09-12 12:40:00,9
15.47360636,-18.97367554,LA7,2009-09-12,01:00:00 PM,13:00:00,Hot-Dry,2009-09-12 13:00:00,9
15.47365926,-18.97368164,LA7,2009-09-12,01:20:00 PM,13:20:00,Hot-Dry,2009-09-12 13:20:00,9
15.47368673,-18.9736735,LA7,2009-09-12,01:40:00 PM,13:40:00,Hot-Dry,2009-09-12 13:40:00,9
15.47369385,-18.97368978,LA7,2009-09-12,02:00:00 PM,14:00:00,Hot-Dry,2009-09-12 14:00:00,9
15.47897847,-18.97466634,LA7,2009-09-12,02:20:00 PM,14:20:00,Hot-Dry,2009-09-12 14:20:00,9
15.48352153,-18.97545166,LA7,2009-09-12,02:40:00 PM,14:40:00,Hot-Dry,2009-09-12 14:40:00,9
15.48751424,-18.97612101,LA7,2009-09-12,03:00:00 PM,15:00:00,Hot-Dry,2009-09-12 15:00:00,9
15.49072876,-18.9756958,LA7,2009-09-12,03:20:00 PM,15:20:00,Hot-Dry,2009-09-12 15:20:00,9
15.49628805,-18.9751119,LA7,2009-09-12,03:40:00 PM,15:40:00,Hot-Dry,2009-09-12 15:40:00,9
15.50365601,-18.9765035,LA7,2009-09-12,04:00:00 PM,16:00:00,Hot-Dry,2009-09-12 16:00:00,9
15.50348511,-18.97655233,LA7,2009-09-12,04:20:00 PM,16:20:00,Hot-Dry,2009-09-12 16:20:00,9
15.50408732,-18.97681681,LA7,2009-09-12,04:40:00 PM,16:40:00,Hot-Dry,2009-09-12 16:40:00,9
15.50739644,-18.9826416,LA7,2009-09-12,05:00:00 PM,17:00:00,Hot-Dry,2009-09-12 17:00:00,9
15.50838013,-18.98996379,LA7,2009-09-12,05:20:00 PM,17:20:00,Hot-Dry,2009-09-12 17:20:00,9
15.50980733,-18.99830526,LA7,2009-09-12,05:40:00 PM,17:40:00,Hot-Dry,2009-09-12 17:40:00,9
15.51021627,-19.0002238,LA7,2009-09-12,06:00:00 PM,18:00:00,Hot-Dry,2009-09-12 18:00:00,9
15.51207377,-19.00276489,LA7,2009-09-12,06:20:00 PM,18:20:00,Hot-Dry,2009-09-12 18:20:00,9
15.51425578,-19.01240438,LA7,2009-09-12,06:40:00 PM,18:40:00,Hot-Dry,2009-09-12 18:40:00,9
15.51513265,-19.01699422,LA7,2009-09-12,07:00:00 PM,19:00:00,Hot-Dry,2009-09-12 19:00:00,9
15.51884664,-19.02582397,LA7,2009-09-12,07:20:00 PM,19:20:00,Hot-Dry,2009-09-12 19:20:00,9
15.51893311,-19.02833862,LA7,2009-09-12,07:40:00 PM,19:40:00,Hot-Dry,2009-09-12 19:40:00,9
15.51895345,-19.02849731,LA7,2009-09-12,08:00:00 PM,20:00:00,Hot-Dry,2009-09-12 20:00:00,9
15.51897685,-19.0291626,LA7,2009-09-12,08:20:00 PM,20:20:00,Hot-Dry,2009-09-12 20:20:00,9
15.51896769,-19.02914632,LA7,2009-09-12,08:40:00 PM,20:40:00,Hot-Dry,2009-09-12 20:40:00,9
15.51896057,-19.02914836,LA7,2009-09-12,09:00:00 PM,21:00:00,Hot-Dry,2009-09-12 21:00:00,9
15.51897278,-19.02915853,LA7,2009-09-12,09:20:00 PM,21:20:00,Hot-Dry,2009-09-12 21:20:00,9
15.5196462,-19.03032837,LA7,2009-09-12,09:40:00 PM,21:40:00,Hot-Dry,2009-09-12 21:40:00,9
15.52001241,-19.03134969,LA7,2009-09-12,10:00:00 PM,22:00:00,Hot-Dry,2009-09-12 22:00:00,9
15.52002869,-19.03133952,LA7,2009-09-12,10:20:00 PM,22:20:00,Hot-Dry,2009-09-12 22:20:00,9
15.52033285,-19.03145142,LA7,2009-09-12,10:40:00 PM,22:40:00,Hot-Dry,2009-09-12 22:40:00,9
15.52064514,-19.03174032,LA7,2009-09-12,11:00:00 PM,23:00:00,Hot-Dry,2009-09-12 23:00:00,9
15.5207194,-19.0318278,LA7,2009-09-12,11:20:00 PM,23:20:00,Hot-Dry,2009-09-12 23:20:00,9
15.52067668,-19.03231812,LA7,2009-09-12,11:40:00 PM,23:40:00,Hot-Dry,2009-09-12 23:40:00,9
15.52066956,-19.03242798,LA7,2009-09-13,12:00:50 AM,00:00:00,Hot-Dry,2009-09-13 00:00:00,9
15.52158101,-19.03356934,LA7,2009-09-13,12:20:50 AM,00:20:00,Hot-Dry,2009-09-13 00:20:00,9
15.5210907,-19.03741862,LA7,2009-09-13,12:40:50 AM,00:40:00,Hot-Dry,2009-09-13 00:40:00,9
15.52503866,-19.04196167,LA7,2009-09-13,01:00:50 AM,01:00:00,Hot-Dry,2009-09-13 01:00:00,9
15.52812907,-19.0442688,LA7,2009-09-13,01:20:50 AM,01:20:00,Hot-Dry,2009-09-13 01:20:00,9
15.52814128,-19.0442749,LA7,2009-09-13,01:40:50 AM,01:40:00,Hot-Dry,2009-09-13 01:40:00,9
15.52813619,-19.04426473,LA7,2009-09-13,02:00:50 AM,02:00:00,Hot-Dry,2009-09-13 02:00:00,9
15.52814026,-19.0442749,LA7,2009-09-13,02:20:50 AM,02:20:00,Hot-Dry,2009-09-13 02:20:00,9
15.52814026,-19.04426676,LA7,2009-09-13,02:40:50 AM,02:40:00,Hot-Dry,2009-09-13 02:40:00,9
15.52836609,-19.0443339,LA7,2009-09-13,03:00:50 AM,03:00:00,Hot-Dry,2009-09-13 03:00:00,9
15.52840983,-19.04426473,LA7,2009-09-13,03:20:50 AM,03:20:00,Hot-Dry,2009-09-13 03:20:00,9
15.52844543,-19.04423625,LA7,2009-09-13,03:40:50 AM,03:40:00,Hot-Dry,2009-09-13 03:40:00,9
15.52918498,-19.04411214,LA7,2009-09-13,04:00:50 AM,04:00:00,Hot-Dry,2009-09-13 04:00:00,9
15.52915955,-19.04411825,LA7,2009-09-13,04:20:50 AM,04:20:00,Hot-Dry,2009-09-13 04:20:00,9
15.52914734,-19.04411621,LA7,2009-09-13,04:40:50 AM,04:40:00,Hot-Dry,2009-09-13 04:40:00,9
15.52912598,-19.03994548,LA7,2009-09-13,05:00:50 AM,05:00:00,Hot-Dry,2009-09-13 05:00:00,9
15.52803243,-19.03626709,LA7,2009-09-13,05:20:50 AM,05:20:00,Hot-Dry,2009-09-13 05:20:00,9
15.52565613,-19.03168742,LA7,2009-09-13,05:40:50 AM,05:40:00,Hot-Dry,2009-09-13 05:40:00,9
15.52338359,-19.03035075,LA7,2009-09-13,06:00:50 AM,06:00:00,Hot-Dry,2009-09-13 06:00:00,9
15.52226868,-19.02933757,LA7,2009-09-13,06:20:50 AM,06:20:00,Hot-Dry,2009-09-13 06:20:00,9
15.5220693,-19.0291687,LA7,2009-09-13,06:40:50 AM,06:40:00,Hot-Dry,2009-09-13 06:40:00,9
15.52113546,-19.02866618,LA7,2009-09-13,07:00:50 AM,07:00:00,Hot-Dry,2009-09-13 07:00:00,9
15.52107951,-19.02854614,LA7,2009-09-13,07:20:50 AM,07:20:00,Hot-Dry,2009-09-13 07:20:00,9
15.52094218,-19.02821859,LA7,2009-09-13,07:40:50 AM,07:40:00,Hot-Dry,2009-09-13 07:40:00,9
15.5237559,-19.02248332,LA7,2009-09-13,08:00:50 AM,08:00:00,Hot-Dry,2009-09-13 08:00:00,9
15.52595113,-19.0178182,LA7,2009-09-13,08:20:50 AM,08:20:00,Hot-Dry,2009-09-13 08:20:00,9
15.52753805,-19.01661174,LA7,2009-09-13,08:40:50 AM,08:40:00,Hot-Dry,2009-09-13 08:40:00,9
15.52796326,-19.01567993,LA7,2009-09-13,09:00:50 AM,09:00:00,Hot-Dry,2009-09-13 09:00:00,9
15.52827148,-19.01402791,LA7,2009-09-13,09:20:50 AM,09:20:00,Hot-Dry,2009-09-13 09:20:00,9
15.52828064,-19.01402384,LA7,2009-09-13,09:40:50 AM,09:40:00,Hot-Dry,2009-09-13 09:40:00,9
15.52827352,-19.01402384,LA7,2009-09-13,10:00:50 AM,10:00:00,Hot-Dry,2009-09-13 10:00:00,9
15.52828267,-19.01402384,LA7,2009-09-13,10:20:50 AM,10:20:00,Hot-Dry,2009-09-13 10:20:00,9
15.52827555,-19.01403402,LA7,2009-09-13,10:40:50 AM,10:40:00,Hot-Dry,2009-09-13 10:40:00,9
15.52826029,-19.01404012,LA7,2009-09-13,11:00:50 AM,11:00:00,Hot-Dry,2009-09-13 11:00:00,9
15.52825928,-19.01404419,LA7,2009-09-13,11:20:50 AM,11:20:00,Hot-Dry,2009-09-13 11:20:00,9
15.52825928,-19.01405029,LA7,2009-09-13,11:40:50 AM,11:40:00,Hot-Dry,2009-09-13 11:40:00,9
15.52825317,-19.01403402,LA7,2009-09-13,12:00:50 PM,12:00:00,Hot-Dry,2009-09-13 12:00:00,9
15.52826233,-19.01401367,LA7,2009-09-13,12:20:49 PM,12:20:00,Hot-Dry,2009-09-13 12:20:00,9
15.52825216,-19.01401571,LA7,2009-09-13,12:40:50 PM,12:40:00,Hot-Dry,2009-09-13 12:40:00,9
15.52827657,-19.01398722,LA7,2009-09-13,01:00:50 PM,13:00:00,Hot-Dry,2009-09-13 13:00:00,9
15.52831014,-19.01399943,LA7,2009-09-13,01:20:50 PM,13:20:00,Hot-Dry,2009-09-13 13:20:00,9
15.52832133,-19.01401164,LA7,2009-09-13,01:40:50 PM,13:40:00,Hot-Dry,2009-09-13 13:40:00,9
15.52832438,-19.01399536,LA7,2009-09-13,02:00:50 PM,14:00:00,Hot-Dry,2009-09-13 14:00:00,9
15.52802429,-19.01404012,LA7,2009-09-13,02:20:50 PM,14:20:00,Hot-Dry,2009-09-13 14:20:00,9
15.52536926,-19.01272583,LA7,2009-09-13,02:40:50 PM,14:40:00,Hot-Dry,2009-09-13 14:40:00,9
15.51919759,-19.01015015,LA7,2009-09-13,03:00:50 PM,15:00:00,Hot-Dry,2009-09-13 15:00:00,9
15.51896769,-19.00949097,LA7,2009-09-13,03:20:50 PM,15:20:00,Hot-Dry,2009-09-13 15:20:00,9
15.51744283,-19.00634562,LA7,2009-09-13,03:40:50 PM,15:40:00,Hot-Dry,2009-09-13 15:40:00,9
15.51322632,-19.00170695,LA7,2009-09-13,04:00:50 PM,16:00:00,Hot-Dry,2009-09-13 16:00:00,9
15.51009928,-18.99992676,LA7,2009-09-13,04:20:50 PM,16:20:00,Hot-Dry,2009-09-13 16:20:00,9
15.50727437,-18.99271444,LA7,2009-09-13,04:40:50 PM,16:40:00,Hot-Dry,2009-09-13 16:40:00,9
15.507429,-18.98486328,LA7,2009-09-13,05:00:50 PM,17:00:00,Hot-Dry,2009-09-13 17:00:00,9
15.50624593,-18.97843831,LA7,2009-09-13,05:20:50 PM,17:20:00,Hot-Dry,2009-09-13 17:20:00,9
15.50370992,-18.97707926,LA7,2009-09-13,05:40:50 PM,17:40:00,Hot-Dry,2009-09-13 17:40:00,9
15.50360718,-18.97716675,LA7,2009-09-13,06:00:50 PM,18:00:00,Hot-Dry,2009-09-13 18:00:00,9
15.50357463,-18.97720947,LA7,2009-09-13,06:20:50 PM,18:20:00,Hot-Dry,2009-09-13 18:20:00,9
15.50343933,-18.97734985,LA7,2009-09-13,06:40:50 PM,18:40:00,Hot-Dry,2009-09-13 18:40:00,9
15.50347493,-18.97737223,LA7,2009-09-13,07:00:50 PM,19:00:00,Hot-Dry,2009-09-13 19:00:00,9
15.50345256,-18.97736816,LA7,2009-09-13,07:20:50 PM,19:20:00,Hot-Dry,2009-09-13 19:20:00,9
15.50360718,-18.97654419,LA7,2009-09-13,07:40:50 PM,19:40:00,Hot-Dry,2009-09-13 19:40:00,9
15.50644633,-18.97804159,LA7,2009-09-13,08:00:50 PM,20:00:00,Hot-Dry,2009-09-13 20:00:00,9
15.51547445,-18.98299764,LA7,2009-09-13,08:20:50 PM,20:20:00,Hot-Dry,2009-09-13 20:20:00,9
15.52148234,-18.98717651,LA7,2009-09-13,08:40:50 PM,20:40:00,Hot-Dry,2009-09-13 20:40:00,9
15.52783508,-18.99191691,LA7,2009-09-13,09:00:50 PM,21:00:00,Hot-Dry,2009-09-13 21:00:00,9
15.53523254,-18.99816895,LA7,2009-09-13,09:20:50 PM,21:20:00,Hot-Dry,2009-09-13 21:20:00,9
15.53672282,-19.00038859,LA7,2009-09-13,09:40:50 PM,21:40:00,Hot-Dry,2009-09-13 21:40:00,9
15.53670654,-19.00039673,LA7,2009-09-13,10:00:50 PM,22:00:00,Hot-Dry,2009-09-13 22:00:00,9
15.53798014,-19.00193888,LA7,2009-09-13,10:20:50 PM,22:20:00,Hot-Dry,2009-09-13 22:20:00,9
15.53928935,-19.00280355,LA7,2009-09-13,10:40:50 PM,22:40:00,Hot-Dry,2009-09-13 22:40:00,9
15.54039917,-19.00324504,LA7,2009-09-13,11:00:50 PM,23:00:00,Hot-Dry,2009-09-13 23:00:00,9
15.54069417,-19.00355632,LA7,2009-09-13,11:20:50 PM,23:20:00,Hot-Dry,2009-09-13 23:20:00,9
15.5413798,-19.00464478,LA7,2009-09-13,11:40:50 PM,23:40:00,Hot-Dry,2009-09-13 23:40:00,9
15.54171549,-19.0059672,LA7,2009-09-14,12:00:50 AM,00:00:00,Hot-Dry,2009-09-14 00:00:00,9
15.54199219,-19.0069397,LA7,2009-09-14,12:20:50 AM,00:20:00,Hot-Dry,2009-09-14 00:20:00,9
15.54240723,-19.00776367,LA7,2009-09-14,12:40:50 AM,00:40:00,Hot-Dry,2009-09-14 00:40:00,9
15.54295959,-19.00818888,LA7,2009-09-14,01:00:50 AM,01:00:00,Hot-Dry,2009-09-14 01:00:00,9
15.5441925,-19.00903524,LA7,2009-09-14,01:20:50 AM,01:20:00,Hot-Dry,2009-09-14 01:20:00,9
15.54434509,-19.00921427,LA7,2009-09-14,01:40:50 AM,01:40:00,Hot-Dry,2009-09-14 01:40:00,9
15.54433085,-19.00939331,LA7,2009-09-14,02:00:50 AM,02:00:00,Hot-Dry,2009-09-14 02:00:00,9
15.54428304,-19.00939535,LA7,2009-09-14,02:20:50 AM,02:20:00,Hot-Dry,2009-09-14 02:20:00,9
15.54425761,-19.00941976,LA7,2009-09-14,02:40:50 AM,02:40:00,Hot-Dry,2009-09-14 02:40:00,9
15.54438477,-19.00953573,LA7,2009-09-14,03:00:50 AM,03:00:00,Hot-Dry,2009-09-14 03:00:00,9
15.5443929,-19.00949504,LA7,2009-09-14,03:20:50 AM,03:20:00,Hot-Dry,2009-09-14 03:20:00,9
15.54440613,-19.00951742,LA7,2009-09-14,03:40:50 AM,03:40:00,Hot-Dry,2009-09-14 03:40:00,9
15.5443807,-19.00952148,LA7,2009-09-14,04:00:50 AM,04:00:00,Hot-Dry,2009-09-14 04:00:00,9
15.54437866,-19.00952352,LA7,2009-09-14,04:20:50 AM,04:20:00,Hot-Dry,2009-09-14 04:20:00,9
15.54448242,-19.00956624,LA7,2009-09-14,04:40:50 AM,04:40:00,Hot-Dry,2009-09-14 04:40:00,9
15.54446309,-19.00957642,LA7,2009-09-14,05:00:50 AM,05:00:00,Hot-Dry,2009-09-14 05:00:00,9
15.54443868,-19.0095459,LA7,2009-09-14,05:20:50 AM,05:20:00,Hot-Dry,2009-09-14 05:20:00,9
15.54446411,-19.00954997,LA7,2009-09-14,05:40:50 AM,05:40:00,Hot-Dry,2009-09-14 05:40:00,9
15.54457906,-19.00954793,LA7,2009-09-14,06:00:50 AM,06:00:00,Hot-Dry,2009-09-14 06:00:00,9
15.54503886,-19.00971883,LA7,2009-09-14,06:20:50 AM,06:20:00,Hot-Dry,2009-09-14 06:20:00,9
15.54528809,-19.00988973,LA7,2009-09-14,06:40:50 AM,06:40:00,Hot-Dry,2009-09-14 06:40:00,9
15.54434408,-19.01101481,LA7,2009-09-14,07:00:50 AM,07:00:00,Hot-Dry,2009-09-14 07:00:00,9
15.544104,-19.01106364,LA7,2009-09-14,07:20:50 AM,07:20:00,Hot-Dry,2009-09-14 07:20:00,9
15.54319865,-19.01210124,LA7,2009-09-14,07:40:50 AM,07:40:00,Hot-Dry,2009-09-14 07:40:00,9
15.54295959,-19.01241659,LA7,2009-09-14,08:00:50 AM,08:00:00,Hot-Dry,2009-09-14 08:00:00,9
15.54256287,-19.01323853,LA7,2009-09-14,08:20:50 AM,08:20:00,Hot-Dry,2009-09-14 08:20:00,9
15.54179993,-19.01380412,LA7,2009-09-14,08:40:50 AM,08:40:00,Hot-Dry,2009-09-14 08:40:00,9
15.53897603,-19.01578776,LA7,2009-09-14,09:00:50 AM,09:00:00,Hot-Dry,2009-09-14 09:00:00,9
15.53878581,-19.01618449,LA7,2009-09-14,09:20:50 AM,09:20:00,Hot-Dry,2009-09-14 09:20:00,9
15.53879496,-19.01617025,LA7,2009-09-14,09:40:50 AM,09:40:00,Hot-Dry,2009-09-14 09:40:00,9
15.53883362,-19.01615804,LA7,2009-09-14,10:00:50 AM,10:00:00,Hot-Dry,2009-09-14 10:00:00,9
15.5388387,-19.01618245,LA7,2009-09-14,10:20:50 AM,10:20:00,Hot-Dry,2009-09-14 10:20:00,9
15.5388265,-19.01616618,LA7,2009-09-14,10:40:50 AM,10:40:00,Hot-Dry,2009-09-14 10:40:00,9
15.5388265,-19.01619873,LA7,2009-09-14,11:00:50 AM,11:00:00,Hot-Dry,2009-09-14 11:00:00,9
15.53885295,-19.01617432,LA7,2009-09-14,11:20:50 AM,11:20:00,Hot-Dry,2009-09-14 11:20:00,9
15.53883972,-19.01618245,LA7,2009-09-14,11:40:50 AM,11:40:00,Hot-Dry,2009-09-14 11:40:00,9
15.5388092,-19.01616414,LA7,2009-09-14,12:00:50 PM,12:00:00,Hot-Dry,2009-09-14 12:00:00,9
15.53885701,-19.01616618,LA7,2009-09-14,12:20:50 PM,12:20:00,Hot-Dry,2009-09-14 12:20:00,9
15.53884684,-19.01616007,LA7,2009-09-14,12:40:50 PM,12:40:00,Hot-Dry,2009-09-14 12:40:00,9
15.53884684,-19.01613159,LA7,2009-09-14,01:00:50 PM,13:00:00,Hot-Dry,2009-09-14 13:00:00,9
15.53885803,-19.01615601,LA7,2009-09-14,01:20:50 PM,13:20:00,Hot-Dry,2009-09-14 13:20:00,9
15.53888041,-19.01615194,LA7,2009-09-14,01:40:50 PM,13:40:00,Hot-Dry,2009-09-14 13:40:00,9
15.53888753,-19.0163208,LA7,2009-09-14,02:00:50 PM,14:00:00,Hot-Dry,2009-09-14 14:00:00,9
15.53995972,-19.01938273,LA7,2009-09-14,02:20:50 PM,14:20:00,Hot-Dry,2009-09-14 14:20:00,9
15.54394735,-19.02324015,LA7,2009-09-14,02:40:50 PM,14:40:00,Hot-Dry,2009-09-14 14:40:00,9
15.5447937,-19.02437948,LA7,2009-09-14,03:00:50 PM,15:00:00,Hot-Dry,2009-09-14 15:00:00,9
15.5507609,-19.03069051,LA7,2009-09-14,03:20:50 PM,15:20:00,Hot-Dry,2009-09-14 15:20:00,9
15.552771,-19.03537801,LA7,2009-09-14,03:40:50 PM,15:40:00,Hot-Dry,2009-09-14 15:40:00,9
15.55435994,-19.0376241,LA7,2009-09-14,04:00:50 PM,16:00:00,Hot-Dry,2009-09-14 16:00:00,9
15.55533854,-19.04066162,LA7,2009-09-14,04:20:50 PM,16:20:00,Hot-Dry,2009-09-14 16:20:00,9
15.55558777,-19.04511719,LA7,2009-09-14,04:40:50 PM,16:40:00,Hot-Dry,2009-09-14 16:40:00,9
15.55563253,-19.0452535,LA7,2009-09-14,05:00:50 PM,17:00:00,Hot-Dry,2009-09-14 17:00:00,9
15.55593058,-19.04533488,LA7,2009-09-14,05:20:50 PM,17:20:00,Hot-Dry,2009-09-14 17:20:00,9
15.55631714,-19.04556478,LA7,2009-09-14,05:40:50 PM,17:40:00,Hot-Dry,2009-09-14 17:40:00,9
15.5566803,-19.04575195,LA7,2009-09-14,06:00:50 PM,18:00:00,Hot-Dry,2009-09-14 18:00:00,9
15.55666606,-19.04574992,LA7,2009-09-14,06:20:50 PM,18:20:00,Hot-Dry,2009-09-14 18:20:00,9
15.55661621,-19.04572754,LA7,2009-09-14,06:40:50 PM,18:40:00,Hot-Dry,2009-09-14 18:40:00,9
15.55699768,-19.0456014,LA7,2009-09-14,07:00:50 PM,19:00:00,Hot-Dry,2009-09-14 19:00:00,9
15.55721436,-19.04555257,LA7,2009-09-14,07:20:50 PM,19:20:00,Hot-Dry,2009-09-14 19:20:00,9
15.55769653,-19.04574585,LA7,2009-09-14,07:40:50 PM,19:40:00,Hot-Dry,2009-09-14 19:40:00,9
15.55769043,-19.04574382,LA7,2009-09-14,08:00:50 PM,20:00:00,Hot-Dry,2009-09-14 20:00:00,9
15.55770874,-19.04571737,LA7,2009-09-14,08:20:50 PM,20:20:00,Hot-Dry,2009-09-14 20:20:00,9
15.55769653,-19.04531657,LA7,2009-09-14,08:40:50 PM,20:40:00,Hot-Dry,2009-09-14 20:40:00,9
15.55756734,-19.04510295,LA7,2009-09-14,09:00:50 PM,21:00:00,Hot-Dry,2009-09-14 21:00:00,9
15.55776367,-19.04482422,LA7,2009-09-14,09:20:50 PM,21:20:00,Hot-Dry,2009-09-14 21:20:00,9
15.55817057,-19.04487305,LA7,2009-09-14,09:40:50 PM,21:40:00,Hot-Dry,2009-09-14 21:40:00,9
15.55862427,-19.04413045,LA7,2009-09-14,10:00:50 PM,22:00:00,Hot-Dry,2009-09-14 22:00:00,9
15.56034953,-19.04198405,LA7,2009-09-14,10:20:50 PM,22:20:00,Hot-Dry,2009-09-14 22:20:00,9
15.56108704,-19.04124959,LA7,2009-09-14,10:40:50 PM,22:40:00,Hot-Dry,2009-09-14 22:40:00,9
15.56140137,-19.04096883,LA7,2009-09-14,11:00:50 PM,23:00:00,Hot-Dry,2009-09-14 23:00:00,9
15.56161702,-19.04085286,LA7,2009-09-14,11:20:50 PM,23:20:00,Hot-Dry,2009-09-14 23:20:00,9
15.56244914,-19.04035238,LA7,2009-09-14,11:40:50 PM,23:40:00,Hot-Dry,2009-09-14 23:40:00,9
15.5631012,-19.04051921,LA7,2009-09-15,12:00:50 AM,00:00:00,Hot-Dry,2009-09-15 00:00:00,9
15.56306864,-19.04052734,LA7,2009-09-15,12:20:50 AM,00:20:00,Hot-Dry,2009-09-15 00:20:00,9
15.56309916,-19.0405009,LA7,2009-09-15,12:40:49 AM,00:40:00,Hot-Dry,2009-09-15 00:40:00,9
15.56186422,-19.04018351,LA7,2009-09-15,01:00:50 AM,01:00:00,Hot-Dry,2009-09-15 01:00:00,9
15.56185811,-19.04020182,LA7,2009-09-15,01:20:50 AM,01:20:00,Hot-Dry,2009-09-15 01:20:00,9
15.56186829,-19.04024862,LA7,2009-09-15,01:40:50 AM,01:40:00,Hot-Dry,2009-09-15 01:40:00,9
15.56128438,-19.03994954,LA7,2009-09-15,02:00:50 AM,02:00:00,Hot-Dry,2009-09-15 02:00:00,9
15.56072083,-19.03920492,LA7,2009-09-15,02:20:50 AM,02:20:00,Hot-Dry,2009-09-15 02:20:00,9
15.56064351,-19.03921712,LA7,2009-09-15,02:40:50 AM,02:40:00,Hot-Dry,2009-09-15 02:40:00,9
15.56055196,-19.03891805,LA7,2009-09-15,03:00:50 AM,03:00:00,Hot-Dry,2009-09-15 03:00:00,9
15.5605601,-19.03886312,LA7,2009-09-15,03:20:50 AM,03:20:00,Hot-Dry,2009-09-15 03:20:00,9
15.56051636,-19.03874715,LA7,2009-09-15,03:40:50 AM,03:40:00,Hot-Dry,2009-09-15 03:40:00,9
15.56067708,-19.03847046,LA7,2009-09-15,04:00:50 AM,04:00:00,Hot-Dry,2009-09-15 04:00:00,9
15.56069031,-19.03849284,LA7,2009-09-15,04:20:50 AM,04:20:00,Hot-Dry,2009-09-15 04:20:00,9
15.56028035,-19.03834229,LA7,2009-09-15,04:40:50 AM,04:40:00,Hot-Dry,2009-09-15 04:40:00,9
15.56030273,-19.03833008,LA7,2009-09-15,05:00:50 AM,05:00:00,Hot-Dry,2009-09-15 05:00:00,9
15.5602417,-19.0383138,LA7,2009-09-15,05:20:50 AM,05:20:00,Hot-Dry,2009-09-15 05:20:00,9
15.55892944,-19.03760173,LA7,2009-09-15,05:40:50 AM,05:40:00,Hot-Dry,2009-09-15 05:40:00,9
15.55713298,-19.03509928,LA7,2009-09-15,06:00:50 AM,06:00:00,Hot-Dry,2009-09-15 06:00:00,9
15.55686239,-19.03132324,LA7,2009-09-15,06:20:49 AM,06:20:00,Hot-Dry,2009-09-15 06:20:00,9
15.55505473,-19.02848511,LA7,2009-09-15,06:40:50 AM,06:40:00,Hot-Dry,2009-09-15 06:40:00,9
15.55138041,-19.02514242,LA7,2009-09-15,07:00:50 AM,07:00:00,Hot-Dry,2009-09-15 07:00:00,9
15.54649455,-19.02084757,LA7,2009-09-15,07:20:50 AM,07:20:00,Hot-Dry,2009-09-15 07:20:00,9
15.54284363,-19.01791585,LA7,2009-09-15,07:40:50 AM,07:40:00,Hot-Dry,2009-09-15 07:40:00,9
15.53878784,-19.01664429,LA7,2009-09-15,08:00:50 AM,08:00:00,Hot-Dry,2009-09-15 08:00:00,9
15.53354797,-19.01356405,LA7,2009-09-15,08:20:50 AM,08:20:00,Hot-Dry,2009-09-15 08:20:00,9
15.53183695,-19.01178385,LA7,2009-09-15,08:40:50 AM,08:40:00,Hot-Dry,2009-09-15 08:40:00,9
15.52861735,-19.00779622,LA7,2009-09-15,09:00:50 AM,09:00:00,Hot-Dry,2009-09-15 09:00:00,9
15.52858582,-19.00772705,LA7,2009-09-15,09:20:50 AM,09:20:00,Hot-Dry,2009-09-15 09:20:00,9
15.52857056,-19.00773926,LA7,2009-09-15,09:40:50 AM,09:40:00,Hot-Dry,2009-09-15 09:40:00,9
15.52329814,-19.00427246,LA7,2009-09-15,10:00:50 AM,10:00:00,Hot-Dry,2009-09-15 10:00:00,9
15.51642456,-19.00178019,LA7,2009-09-15,10:20:50 AM,10:20:00,Hot-Dry,2009-09-15 10:20:00,9
15.50997823,-18.99636434,LA7,2009-09-15,10:40:50 AM,10:40:00,Hot-Dry,2009-09-15 10:40:00,9
15.50624491,-18.98932902,LA7,2009-09-15,11:00:50 AM,11:00:00,Hot-Dry,2009-09-15 11:00:00,9
15.5047994,-18.98143921,LA7,2009-09-15,11:20:50 AM,11:20:00,Hot-Dry,2009-09-15 11:20:00,9
15.50360819,-18.97655029,LA7,2009-09-15,11:40:50 AM,11:40:00,Hot-Dry,2009-09-15 11:40:00,9
15.50359395,-18.97654622,LA7,2009-09-15,12:00:50 PM,12:00:00,Hot-Dry,2009-09-15 12:00:00,9
15.50349528,-18.97665202,LA7,2009-09-15,12:20:50 PM,12:20:00,Hot-Dry,2009-09-15 12:20:00,9
15.49936218,-18.97572225,LA7,2009-09-15,12:40:50 PM,12:40:00,Hot-Dry,2009-09-15 12:40:00,9
15.49386495,-18.97637736,LA7,2009-09-15,01:00:50 PM,13:00:00,Hot-Dry,2009-09-15 13:00:00,9
15.49360758,-18.9763387,LA7,2009-09-15,01:20:50 PM,13:20:00,Hot-Dry,2009-09-15 13:20:00,9
15.49360352,-18.97631836,LA7,2009-09-15,01:40:50 PM,13:40:00,Hot-Dry,2009-09-15 13:40:00,9
15.49365845,-18.97636108,LA7,2009-09-15,02:00:50 PM,14:00:00,Hot-Dry,2009-09-15 14:00:00,9
15.49365031,-18.97636922,LA7,2009-09-15,02:20:50 PM,14:20:00,Hot-Dry,2009-09-15 14:20:00,9
15.49364929,-18.97636515,LA7,2009-09-15,02:40:50 PM,14:40:00,Hot-Dry,2009-09-15 14:40:00,9
15.49364014,-18.97636515,LA7,2009-09-15,03:00:50 PM,15:00:00,Hot-Dry,2009-09-15 15:00:00,9
15.49424744,-18.97691447,LA7,2009-09-15,03:20:50 PM,15:20:00,Hot-Dry,2009-09-15 15:20:00,9
15.49735209,-18.97792765,LA7,2009-09-15,03:40:50 PM,15:40:00,Hot-Dry,2009-09-15 15:40:00,9
15.49995117,-18.97875977,LA7,2009-09-15,04:00:50 PM,16:00:00,Hot-Dry,2009-09-15 16:00:00,9
15.50159302,-18.97860921,LA7,2009-09-15,04:20:50 PM,16:20:00,Hot-Dry,2009-09-15 16:20:00,9
15.50210775,-18.97872111,LA7,2009-09-15,04:40:50 PM,16:40:00,Hot-Dry,2009-09-15 16:40:00,9
15.50215047,-18.97860311,LA7,2009-09-15,05:00:50 PM,17:00:00,Hot-Dry,2009-09-15 17:00:00,9
15.50354513,-18.97848511,LA7,2009-09-15,05:20:50 PM,17:20:00,Hot-Dry,2009-09-15 17:20:00,9
15.5006073,-18.97603556,LA7,2009-09-15,05:40:50 PM,17:40:00,Hot-Dry,2009-09-15 17:40:00,9
15.49295247,-18.97369792,LA7,2009-09-15,06:00:50 PM,18:00:00,Hot-Dry,2009-09-15 18:00:00,9
15.48496704,-18.97290649,LA7,2009-09-15,06:20:50 PM,18:20:00,Hot-Dry,2009-09-15 18:20:00,9
15.47601115,-18.97135824,LA7,2009-09-15,06:40:50 PM,18:40:00,Hot-Dry,2009-09-15 18:40:00,9
15.47007446,-18.96941325,LA7,2009-09-15,07:00:50 PM,19:00:00,Hot-Dry,2009-09-15 19:00:00,9
15.46918437,-18.96907552,LA7,2009-09-15,07:20:50 PM,19:20:00,Hot-Dry,2009-09-15 19:20:00,9
15.46674093,-18.96813558,LA7,2009-09-15,07:40:50 PM,19:40:00,Hot-Dry,2009-09-15 19:40:00,9
15.46544189,-18.9672526,LA7,2009-09-15,08:00:50 PM,20:00:00,Hot-Dry,2009-09-15 20:00:00,9
15.46542358,-18.96725057,LA7,2009-09-15,08:20:50 PM,20:20:00,Hot-Dry,2009-09-15 20:20:00,9
15.46542765,-18.96725057,LA7,2009-09-15,08:40:50 PM,20:40:00,Hot-Dry,2009-09-15 20:40:00,9
15.4649292,-18.96654663,LA7,2009-09-15,09:00:50 PM,21:00:00,Hot-Dry,2009-09-15 21:00:00,9
15.46326192,-18.96592407,LA7,2009-09-15,09:20:50 PM,21:20:00,Hot-Dry,2009-09-15 21:20:00,9
15.46241862,-18.96570231,LA7,2009-09-15,09:40:50 PM,21:40:00,Hot-Dry,2009-09-15 21:40:00,9
15.46149699,-18.9659139,LA7,2009-09-15,10:00:50 PM,22:00:00,Hot-Dry,2009-09-15 22:00:00,9
15.46047668,-18.96617432,LA7,2009-09-15,10:20:50 PM,22:20:00,Hot-Dry,2009-09-15 22:20:00,9
15.45931498,-18.96632284,LA7,2009-09-15,10:40:50 PM,22:40:00,Hot-Dry,2009-09-15 22:40:00,9
15.45868022,-18.96636759,LA7,2009-09-15,11:00:50 PM,23:00:00,Hot-Dry,2009-09-15 23:00:00,9
15.45795186,-18.96600138,LA7,2009-09-15,11:20:50 PM,23:20:00,Hot-Dry,2009-09-15 23:20:00,9
15.45665894,-18.96578369,LA7,2009-09-15,11:40:50 PM,23:40:00,Hot-Dry,2009-09-15 23:40:00,9
15.45467733,-18.96514893,LA7,2009-09-16,12:00:50 AM,00:00:00,Hot-Dry,2009-09-16 00:00:00,9
15.45429281,-18.96495972,LA7,2009-09-16,12:20:50 AM,00:20:00,Hot-Dry,2009-09-16 00:20:00,9
15.45437317,-18.96482544,LA7,2009-09-16,12:40:50 AM,00:40:00,Hot-Dry,2009-09-16 00:40:00,9
15.45346985,-18.96501058,LA7,2009-09-16,01:00:50 AM,01:00:00,Hot-Dry,2009-09-16 01:00:00,9
15.4521047,-18.9645284,LA7,2009-09-16,01:40:50 AM,01:40:00,Hot-Dry,2009-09-16 01:40:00,9
15.45209452,-18.96455282,LA7,2009-09-16,02:00:50 AM,02:00:00,Hot-Dry,2009-09-16 02:00:00,9
15.45212097,-18.96453247,LA7,2009-09-16,02:20:50 AM,02:20:00,Hot-Dry,2009-09-16 02:20:00,9
15.45210978,-18.96454061,LA7,2009-09-16,02:40:50 AM,02:40:00,Hot-Dry,2009-09-16 02:40:00,9
15.45209961,-18.96454061,LA7,2009-09-16,03:00:50 AM,03:00:00,Hot-Dry,2009-09-16 03:00:00,9
15.45209045,-18.96450806,LA7,2009-09-16,03:20:50 AM,03:20:00,Hot-Dry,2009-09-16 03:20:00,9
15.45211385,-18.96454875,LA7,2009-09-16,03:40:50 AM,03:40:00,Hot-Dry,2009-09-16 03:40:00,9
15.45153097,-18.96473592,LA7,2009-09-16,04:00:50 AM,04:00:00,Hot-Dry,2009-09-16 04:00:00,9
15.45109355,-18.96505737,LA7,2009-09-16,04:20:50 AM,04:20:00,Hot-Dry,2009-09-16 04:20:00,9
15.45110575,-18.96513468,LA7,2009-09-16,04:40:50 AM,04:40:00,Hot-Dry,2009-09-16 04:40:00,9
15.45,-18.96530355,LA7,2009-09-16,05:00:50 AM,05:00:00,Hot-Dry,2009-09-16 05:00:00,9
15.44881388,-18.96402995,LA7,2009-09-16,05:20:50 AM,05:20:00,Hot-Dry,2009-09-16 05:20:00,9
15.44873861,-18.95549927,LA7,2009-09-16,05:40:51 AM,05:40:00,Hot-Dry,2009-09-16 05:40:00,9
15.44882304,-18.95105184,LA7,2009-09-16,06:00:50 AM,06:00:00,Hot-Dry,2009-09-16 06:00:00,9
15.44712219,-18.94795532,LA7,2009-09-16,06:20:50 AM,06:20:00,Hot-Dry,2009-09-16 06:20:00,9
15.44449361,-18.9447937,LA7,2009-09-16,06:40:50 AM,06:40:00,Hot-Dry,2009-09-16 06:40:00,9
15.44539591,-18.94228719,LA7,2009-09-16,07:00:50 AM,07:00:00,Hot-Dry,2009-09-16 07:00:00,9
15.44628906,-18.94110311,LA7,2009-09-16,07:20:50 AM,07:20:00,Hot-Dry,2009-09-16 07:20:00,9
15.44663696,-18.94002075,LA7,2009-09-16,07:40:50 AM,07:40:00,Hot-Dry,2009-09-16 07:40:00,9
15.44717204,-18.93913981,LA7,2009-09-16,08:00:50 AM,08:00:00,Hot-Dry,2009-09-16 08:00:00,9
15.44732259,-18.93857422,LA7,2009-09-16,08:20:50 AM,08:20:00,Hot-Dry,2009-09-16 08:20:00,9
15.44749654,-18.93718262,LA7,2009-09-16,08:40:50 AM,08:40:00,Hot-Dry,2009-09-16 08:40:00,9
15.44840088,-18.93521322,LA7,2009-09-16,09:00:50 AM,09:00:00,Hot-Dry,2009-09-16 09:00:00,9
15.44880778,-18.93444824,LA7,2009-09-16,09:20:50 AM,09:20:00,Hot-Dry,2009-09-16 09:20:00,9
15.44882813,-18.93442993,LA7,2009-09-16,09:40:50 AM,09:40:00,Hot-Dry,2009-09-16 09:40:00,9
15.448821,-18.93442586,LA7,2009-09-16,10:00:50 AM,10:00:00,Hot-Dry,2009-09-16 10:00:00,9
15.44883525,-18.9344279,LA7,2009-09-16,10:20:50 AM,10:20:00,Hot-Dry,2009-09-16 10:20:00,9
15.44883931,-18.93444214,LA7,2009-09-16,10:40:50 AM,10:40:00,Hot-Dry,2009-09-16 10:40:00,9
15.44995524,-18.93526408,LA7,2009-09-16,11:00:50 AM,11:00:00,Hot-Dry,2009-09-16 11:00:00,9
15.45264282,-18.93634847,LA7,2009-09-16,11:20:50 AM,11:20:00,Hot-Dry,2009-09-16 11:20:00,9
15.45247599,-18.93642578,LA7,2009-09-16,11:40:50 AM,11:40:00,Hot-Dry,2009-09-16 11:40:00,9
15.45492655,-18.93717651,LA7,2009-09-16,12:00:50 PM,12:00:00,Hot-Dry,2009-09-16 12:00:00,9
15.45495911,-18.93718872,LA7,2009-09-16,12:20:50 PM,12:20:00,Hot-Dry,2009-09-16 12:20:00,9
15.45492757,-18.9371582,LA7,2009-09-16,12:40:50 PM,12:40:00,Hot-Dry,2009-09-16 12:40:00,9
15.4549235,-18.93717651,LA7,2009-09-16,01:00:50 PM,13:00:00,Hot-Dry,2009-09-16 13:00:00,9
15.45494995,-18.9371582,LA7,2009-09-16,01:20:50 PM,13:20:00,Hot-Dry,2009-09-16 13:20:00,9
15.45495097,-18.93718872,LA7,2009-09-16,01:40:50 PM,13:40:00,Hot-Dry,2009-09-16 13:40:00,9
15.45493673,-18.93716634,LA7,2009-09-16,02:00:50 PM,14:00:00,Hot-Dry,2009-09-16 14:00:00,9
15.45495097,-18.93717244,LA7,2009-09-16,02:20:50 PM,14:20:00,Hot-Dry,2009-09-16 14:20:00,9
15.45494588,-18.93716431,LA7,2009-09-16,02:40:50 PM,14:40:00,Hot-Dry,2009-09-16 14:40:00,9
15.45547791,-18.93723145,LA7,2009-09-16,03:00:50 PM,15:00:00,Hot-Dry,2009-09-16 15:00:00,9
15.45603027,-18.93707072,LA7,2009-09-16,03:20:50 PM,15:20:00,Hot-Dry,2009-09-16 15:20:00,9
15.45618388,-18.93688151,LA7,2009-09-16,03:40:50 PM,15:40:00,Hot-Dry,2009-09-16 15:40:00,9
15.45783285,-18.93681437,LA7,2009-09-16,04:00:50 PM,16:00:00,Hot-Dry,2009-09-16 16:00:00,9
15.46094666,-18.93720703,LA7,2009-09-16,04:20:50 PM,16:20:00,Hot-Dry,2009-09-16 16:20:00,9
15.46443787,-18.9369873,LA7,2009-09-16,04:40:50 PM,16:40:00,Hot-Dry,2009-09-16 16:40:00,9
15.4674469,-18.93755086,LA7,2009-09-16,05:00:50 PM,17:00:00,Hot-Dry,2009-09-16 17:00:00,9
15.47029215,-18.9382548,LA7,2009-09-16,05:20:50 PM,17:20:00,Hot-Dry,2009-09-16 17:20:00,9
15.47079976,-18.93869425,LA7,2009-09-16,05:40:50 PM,17:40:00,Hot-Dry,2009-09-16 17:40:00,9
15.47222188,-18.93978475,LA7,2009-09-16,06:00:50 PM,18:00:00,Hot-Dry,2009-09-16 18:00:00,9
15.47300212,-18.94094849,LA7,2009-09-16,06:20:50 PM,18:20:00,Hot-Dry,2009-09-16 18:20:00,9
15.47350464,-18.94147949,LA7,2009-09-16,06:40:50 PM,18:40:00,Hot-Dry,2009-09-16 18:40:00,9
15.47364807,-18.94151611,LA7,2009-09-16,07:00:50 PM,19:00:00,Hot-Dry,2009-09-16 19:00:00,9
15.47573446,-18.94285278,LA7,2009-09-16,07:20:50 PM,19:20:00,Hot-Dry,2009-09-16 19:20:00,9
15.47799377,-18.94573364,LA7,2009-09-16,07:40:50 PM,19:40:00,Hot-Dry,2009-09-16 19:40:00,9
15.48010457,-18.94771322,LA7,2009-09-16,08:00:50 PM,20:00:00,Hot-Dry,2009-09-16 20:00:00,9
15.48082174,-18.94851481,LA7,2009-09-16,08:20:50 PM,20:20:00,Hot-Dry,2009-09-16 20:20:00,9
15.48152974,-18.94914958,LA7,2009-09-16,08:40:50 PM,20:40:00,Hot-Dry,2009-09-16 20:40:00,9
15.48288167,-18.95102539,LA7,2009-09-16,09:00:50 PM,21:00:00,Hot-Dry,2009-09-16 21:00:00,9
15.4844869,-18.95349121,LA7,2009-09-16,09:20:50 PM,21:20:00,Hot-Dry,2009-09-16 21:20:00,9
15.48613078,-18.95562541,LA7,2009-09-16,09:40:50 PM,21:40:00,Hot-Dry,2009-09-16 21:40:00,9
15.48958944,-18.95972087,LA7,2009-09-16,10:00:50 PM,22:00:00,Hot-Dry,2009-09-16 22:00:00,9
15.49431661,-18.96650391,LA7,2009-09-16,10:20:50 PM,22:20:00,Hot-Dry,2009-09-16 22:20:00,9
15.49972839,-18.97319132,LA7,2009-09-16,10:40:50 PM,22:40:00,Hot-Dry,2009-09-16 22:40:00,9
15.50358988,-18.9764974,LA7,2009-09-16,11:00:50 PM,23:00:00,Hot-Dry,2009-09-16 23:00:00,9
15.50588684,-18.98110758,LA7,2009-09-16,11:20:50 PM,23:20:00,Hot-Dry,2009-09-16 23:20:00,9
15.51279297,-18.98781535,LA7,2009-09-16,11:40:50 PM,23:40:00,Hot-Dry,2009-09-16 23:40:00,9
15.5176768,-18.99182332,LA7,2009-09-17,12:00:50 AM,00:00:00,Hot-Dry,2009-09-17 00:00:00,9
15.52255656,-18.99580485,LA7,2009-09-17,12:20:50 AM,00:20:00,Hot-Dry,2009-09-17 00:20:00,9
15.52594706,-18.99731445,LA7,2009-09-17,12:40:50 AM,00:40:00,Hot-Dry,2009-09-17 00:40:00,9
15.52900899,-19.00016479,LA7,2009-09-17,01:00:50 AM,01:00:00,Hot-Dry,2009-09-17 01:00:00,9
15.53220113,-19.00470581,LA7,2009-09-17,01:20:50 AM,01:20:00,Hot-Dry,2009-09-17 01:20:00,9
15.53303223,-19.0075297,LA7,2009-09-17,01:40:50 AM,01:40:00,Hot-Dry,2009-09-17 01:40:00,9
15.53397319,-19.00819499,LA7,2009-09-17,02:00:50 AM,02:00:00,Hot-Dry,2009-09-17 02:00:00,9
15.53466492,-19.00974528,LA7,2009-09-17,02:20:50 AM,02:20:00,Hot-Dry,2009-09-17 02:20:00,9
15.53507284,-19.01006673,LA7,2009-09-17,02:40:50 AM,02:40:00,Hot-Dry,2009-09-17 02:40:00,9
15.53534241,-19.01051025,LA7,2009-09-17,03:00:50 AM,03:00:00,Hot-Dry,2009-09-17 03:00:00,9
15.5352061,-19.01309204,LA7,2009-09-17,03:20:50 AM,03:20:00,Hot-Dry,2009-09-17 03:20:00,9
15.53545024,-19.01451213,LA7,2009-09-17,03:40:50 AM,03:40:00,Hot-Dry,2009-09-17 03:40:00,9
15.53526204,-19.01498617,LA7,2009-09-17,04:00:50 AM,04:00:00,Hot-Dry,2009-09-17 04:00:00,9
15.53529053,-19.01540527,LA7,2009-09-17,04:20:50 AM,04:20:00,Hot-Dry,2009-09-17 04:20:00,9
15.53552043,-19.01579793,LA7,2009-09-17,04:40:50 AM,04:40:00,Hot-Dry,2009-09-17 04:40:00,9
15.53556519,-19.01633911,LA7,2009-09-17,05:00:50 AM,05:00:00,Hot-Dry,2009-09-17 05:00:00,9
15.53566081,-19.01726685,LA7,2009-09-17,05:20:50 AM,05:20:00,Hot-Dry,2009-09-17 05:20:00,9
15.53599955,-19.01770833,LA7,2009-09-17,05:40:50 AM,05:40:00,Hot-Dry,2009-09-17 05:40:00,9
15.53612061,-19.01794637,LA7,2009-09-17,06:00:50 AM,06:00:00,Hot-Dry,2009-09-17 06:00:00,9
15.5368571,-19.01814575,LA7,2009-09-17,06:20:50 AM,06:20:00,Hot-Dry,2009-09-17 06:20:00,9
15.53694255,-19.01833293,LA7,2009-09-17,06:40:50 AM,06:40:00,Hot-Dry,2009-09-17 06:40:00,9
15.53714294,-19.01792399,LA7,2009-09-17,07:00:50 AM,07:00:00,Hot-Dry,2009-09-17 07:00:00,9
15.53736674,-19.0175293,LA7,2009-09-17,07:20:50 AM,07:20:00,Hot-Dry,2009-09-17 07:20:00,9
15.53687948,-19.01611735,LA7,2009-09-17,07:40:50 AM,07:40:00,Hot-Dry,2009-09-17 07:40:00,9
15.53641459,-19.01615601,LA7,2009-09-17,08:00:50 AM,08:00:00,Hot-Dry,2009-09-17 08:00:00,9
15.53571879,-19.01512858,LA7,2009-09-17,08:20:50 AM,08:20:00,Hot-Dry,2009-09-17 08:20:00,9
15.53592224,-19.01462402,LA7,2009-09-17,08:40:50 AM,08:40:00,Hot-Dry,2009-09-17 08:40:00,9
15.53594564,-19.01454468,LA7,2009-09-17,09:00:50 AM,09:00:00,Hot-Dry,2009-09-17 09:00:00,9
15.53595174,-19.01455485,LA7,2009-09-17,09:20:50 AM,09:20:00,Hot-Dry,2009-09-17 09:20:00,9
15.53593953,-19.01452637,LA7,2009-09-17,09:40:50 AM,09:40:00,Hot-Dry,2009-09-17 09:40:00,9
15.53595683,-19.01456095,LA7,2009-09-17,10:00:49 AM,10:00:00,Hot-Dry,2009-09-17 10:00:00,9
15.53593241,-19.01420492,LA7,2009-09-17,10:20:50 AM,10:20:00,Hot-Dry,2009-09-17 10:20:00,9
15.53592733,-19.01417847,LA7,2009-09-17,10:40:50 AM,10:40:00,Hot-Dry,2009-09-17 10:40:00,9
15.53592733,-19.01419678,LA7,2009-09-17,11:00:50 AM,11:00:00,Hot-Dry,2009-09-17 11:00:00,9
15.53593953,-19.01419678,LA7,2009-09-17,11:20:50 AM,11:20:00,Hot-Dry,2009-09-17 11:20:00,9
15.53591105,-19.01418864,LA7,2009-09-17,11:40:50 AM,11:40:00,Hot-Dry,2009-09-17 11:40:00,9
15.53592224,-19.0141805,LA7,2009-09-17,12:00:50 PM,12:00:00,Hot-Dry,2009-09-17 12:00:00,9
15.53589884,-19.01418457,LA7,2009-09-17,12:20:50 PM,12:20:00,Hot-Dry,2009-09-17 12:20:00,9
15.53592631,-19.01419067,LA7,2009-09-17,12:40:50 PM,12:40:00,Hot-Dry,2009-09-17 12:40:00,9
15.53593038,-19.01417236,LA7,2009-09-17,01:00:50 PM,13:00:00,Hot-Dry,2009-09-17 13:00:00,9
15.53593852,-19.01416016,LA7,2009-09-17,01:20:50 PM,13:20:00,Hot-Dry,2009-09-17 13:20:00,9
15.53558248,-19.01409505,LA7,2009-09-17,01:40:50 PM,13:40:00,Hot-Dry,2009-09-17 13:40:00,9
15.53557536,-19.01408895,LA7,2009-09-17,02:00:50 PM,14:00:00,Hot-Dry,2009-09-17 14:00:00,9
15.53640645,-19.01463216,LA7,2009-09-17,02:20:50 PM,14:20:00,Hot-Dry,2009-09-17 14:20:00,9
15.53760681,-19.01566162,LA7,2009-09-17,02:40:50 PM,14:40:00,Hot-Dry,2009-09-17 14:40:00,9
15.53864136,-19.01706543,LA7,2009-09-17,03:00:50 PM,15:00:00,Hot-Dry,2009-09-17 15:00:00,9
15.54089355,-19.01897786,LA7,2009-09-17,03:20:50 PM,15:20:00,Hot-Dry,2009-09-17 15:20:00,9
15.54319051,-19.02161865,LA7,2009-09-17,03:40:50 PM,15:40:00,Hot-Dry,2009-09-17 15:40:00,9
15.54570821,-19.02407633,LA7,2009-09-17,04:00:50 PM,16:00:00,Hot-Dry,2009-09-17 16:00:00,9
15.54799805,-19.02538045,LA7,2009-09-17,04:20:50 PM,16:20:00,Hot-Dry,2009-09-17 16:20:00,9
15.54827067,-19.02803752,LA7,2009-09-17,04:40:50 PM,16:40:00,Hot-Dry,2009-09-17 16:40:00,9
15.54777425,-19.03136393,LA7,2009-09-17,05:00:50 PM,17:00:00,Hot-Dry,2009-09-17 17:00:00,9
15.54841614,-19.03276774,LA7,2009-09-17,05:20:50 PM,17:20:00,Hot-Dry,2009-09-17 17:20:00,9
15.55104472,-19.0345459,LA7,2009-09-17,05:40:50 PM,17:40:00,Hot-Dry,2009-09-17 17:40:00,9
15.5523763,-19.03563436,LA7,2009-09-17,06:00:50 PM,18:00:00,Hot-Dry,2009-09-17 18:00:00,9
15.55444031,-19.03607788,LA7,2009-09-17,06:20:50 PM,18:20:00,Hot-Dry,2009-09-17 18:20:00,9
15.55686035,-19.03740845,LA7,2009-09-17,06:40:50 PM,18:40:00,Hot-Dry,2009-09-17 18:40:00,9
15.55799662,-19.03740845,LA7,2009-09-17,07:00:50 PM,19:00:00,Hot-Dry,2009-09-17 19:00:00,9
15.56094259,-19.03689168,LA7,2009-09-17,07:20:50 PM,19:20:00,Hot-Dry,2009-09-17 19:20:00,9
15.56182048,-19.03647054,LA7,2009-09-17,07:40:50 PM,19:40:00,Hot-Dry,2009-09-17 19:40:00,9
15.56242472,-19.0366333,LA7,2009-09-17,08:00:50 PM,20:00:00,Hot-Dry,2009-09-17 20:00:00,9
15.56255697,-19.03661499,LA7,2009-09-17,08:20:50 PM,20:20:00,Hot-Dry,2009-09-17 20:20:00,9
15.56290283,-19.03656413,LA7,2009-09-17,08:40:50 PM,20:40:00,Hot-Dry,2009-09-17 20:40:00,9
15.56347249,-19.03654582,LA7,2009-09-17,09:00:50 PM,21:00:00,Hot-Dry,2009-09-17 21:00:00,9
15.56371562,-19.03562622,LA7,2009-09-17,09:20:50 PM,21:20:00,Hot-Dry,2009-09-17 21:20:00,9
15.56375732,-19.03569743,LA7,2009-09-17,09:40:50 PM,21:40:00,Hot-Dry,2009-09-17 21:40:00,9
15.56387634,-19.03553467,LA7,2009-09-17,10:00:50 PM,22:00:00,Hot-Dry,2009-09-17 22:00:00,9
15.5638855,-19.0355306,LA7,2009-09-17,10:20:50 PM,22:20:00,Hot-Dry,2009-09-17 22:20:00,9
15.56412252,-19.03528849,LA7,2009-09-17,10:40:50 PM,22:40:00,Hot-Dry,2009-09-17 22:40:00,9
15.56404114,-19.0351827,LA7,2009-09-17,11:00:50 PM,23:00:00,Hot-Dry,2009-09-17 23:00:00,9
15.56452637,-19.03395589,LA7,2009-09-17,11:20:50 PM,23:20:00,Hot-Dry,2009-09-17 23:20:00,9
15.56460063,-19.03378906,LA7,2009-09-17,11:40:50 PM,23:40:00,Hot-Dry,2009-09-17 23:40:00,9
15.56505127,-19.03277384,LA7,2009-09-18,12:00:50 AM,00:00:00,Hot-Dry,2009-09-18 00:00:00,9
15.56525879,-19.03230794,LA7,2009-09-18,12:20:50 AM,00:20:00,Hot-Dry,2009-09-18 00:20:00,9
15.56519877,-19.03236898,LA7,2009-09-18,12:40:50 AM,00:40:00,Hot-Dry,2009-09-18 00:40:00,9
15.56519775,-19.03235677,LA7,2009-09-18,01:00:50 AM,01:00:00,Hot-Dry,2009-09-18 01:00:00,9
15.56520182,-19.03236898,LA7,2009-09-18,01:20:50 AM,01:20:00,Hot-Dry,2009-09-18 01:20:00,9
15.5652415,-19.03238118,LA7,2009-09-18,01:40:50 AM,01:40:00,Hot-Dry,2009-09-18 01:40:00,9
15.56522827,-19.03236898,LA7,2009-09-18,02:00:50 AM,02:00:00,Hot-Dry,2009-09-18 02:00:00,9
15.56522319,-19.03238118,LA7,2009-09-18,02:20:50 AM,02:20:00,Hot-Dry,2009-09-18 02:20:00,9
15.56520894,-19.03238932,LA7,2009-09-18,02:40:50 AM,02:40:00,Hot-Dry,2009-09-18 02:40:00,9
15.56521606,-19.03238932,LA7,2009-09-18,03:00:50 AM,03:00:00,Hot-Dry,2009-09-18 03:00:00,9
15.56520284,-19.03240967,LA7,2009-09-18,03:20:50 AM,03:20:00,Hot-Dry,2009-09-18 03:20:00,9
15.56521912,-19.03237305,LA7,2009-09-18,03:40:50 AM,03:40:00,Hot-Dry,2009-09-18 03:40:00,9
15.56522319,-19.03239746,LA7,2009-09-18,04:00:50 AM,04:00:00,Hot-Dry,2009-09-18 04:00:00,9
15.56519674,-19.03238118,LA7,2009-09-18,04:20:50 AM,04:20:00,Hot-Dry,2009-09-18 04:20:00,9
15.56461589,-19.03177287,LA7,2009-09-18,04:40:50 AM,04:40:00,Hot-Dry,2009-09-18 04:40:00,9
15.56431478,-19.03157959,LA7,2009-09-18,05:00:50 AM,05:00:00,Hot-Dry,2009-09-18 05:00:00,9
15.56345113,-19.02958577,LA7,2009-09-18,05:20:50 AM,05:20:00,Hot-Dry,2009-09-18 05:20:00,9
15.56297913,-19.02848918,LA7,2009-09-18,05:40:50 AM,05:40:00,Hot-Dry,2009-09-18 05:40:00,9
15.56313985,-19.02680868,LA7,2009-09-18,06:00:50 AM,06:00:00,Hot-Dry,2009-09-18 06:00:00,9
15.56353455,-19.02396647,LA7,2009-09-18,06:20:50 AM,06:20:00,Hot-Dry,2009-09-18 06:20:00,9
15.56321513,-19.0223999,LA7,2009-09-18,06:40:50 AM,06:40:00,Hot-Dry,2009-09-18 06:40:00,9
15.5626119,-19.02096761,LA7,2009-09-18,07:00:50 AM,07:00:00,Hot-Dry,2009-09-18 07:00:00,9
15.56210938,-19.0203064,LA7,2009-09-18,07:20:50 AM,07:20:00,Hot-Dry,2009-09-18 07:20:00,9
15.56147054,-19.01998291,LA7,2009-09-18,07:40:50 AM,07:40:00,Hot-Dry,2009-09-18 07:40:00,9
15.56110229,-19.01986287,LA7,2009-09-18,08:00:50 AM,08:00:00,Hot-Dry,2009-09-18 08:00:00,9
15.56058146,-19.01953125,LA7,2009-09-18,08:20:50 AM,08:20:00,Hot-Dry,2009-09-18 08:20:00,9
15.55951742,-19.01911825,LA7,2009-09-18,08:40:50 AM,08:40:00,Hot-Dry,2009-09-18 08:40:00,9
15.55923462,-19.01822103,LA7,2009-09-18,09:00:50 AM,09:00:00,Hot-Dry,2009-09-18 09:00:00,9
15.55924683,-19.01827393,LA7,2009-09-18,09:20:50 AM,09:20:00,Hot-Dry,2009-09-18 09:20:00,9
15.55923869,-19.01828003,LA7,2009-09-18,09:40:50 AM,09:40:00,Hot-Dry,2009-09-18 09:40:00,9
15.55925395,-19.01824951,LA7,2009-09-18,10:00:50 AM,10:00:00,Hot-Dry,2009-09-18 10:00:00,9
15.559198,-19.01822917,LA7,2009-09-18,10:20:50 AM,10:20:00,Hot-Dry,2009-09-18 10:20:00,9
15.55848185,-19.01593628,LA7,2009-09-18,10:40:50 AM,10:40:00,Hot-Dry,2009-09-18 10:40:00,9
15.55775146,-19.01547648,LA7,2009-09-18,11:00:50 AM,11:00:00,Hot-Dry,2009-09-18 11:00:00,9
15.55773722,-19.01548055,LA7,2009-09-18,11:20:50 AM,11:20:00,Hot-Dry,2009-09-18 11:20:00,9
15.55772807,-19.01547241,LA7,2009-09-18,11:40:50 AM,11:40:00,Hot-Dry,2009-09-18 11:40:00,9
15.5577596,-19.01545207,LA7,2009-09-18,12:00:51 PM,12:00:00,Hot-Dry,2009-09-18 12:00:00,9
15.55774841,-19.01546021,LA7,2009-09-18,12:20:50 PM,12:20:00,Hot-Dry,2009-09-18 12:20:00,9
15.55774841,-19.01546427,LA7,2009-09-18,12:40:50 PM,12:40:00,Hot-Dry,2009-09-18 12:40:00,9
15.55776876,-19.01545614,LA7,2009-09-18,01:00:50 PM,13:00:00,Hot-Dry,2009-09-18 13:00:00,9
15.55776367,-19.01543783,LA7,2009-09-18,01:20:50 PM,13:20:00,Hot-Dry,2009-09-18 13:20:00,9
15.55744527,-19.01538696,LA7,2009-09-18,01:40:50 PM,13:40:00,Hot-Dry,2009-09-18 13:40:00,9
15.55467631,-19.01258545,LA7,2009-09-18,02:00:50 PM,14:00:00,Hot-Dry,2009-09-18 14:00:00,9
15.55314026,-19.01144206,LA7,2009-09-18,02:20:50 PM,14:20:00,Hot-Dry,2009-09-18 14:20:00,9
15.55199788,-19.01060181,LA7,2009-09-18,02:40:50 PM,14:40:00,Hot-Dry,2009-09-18 14:40:00,9
15.54673869,-19.00752157,LA7,2009-09-18,03:00:50 PM,15:00:00,Hot-Dry,2009-09-18 15:00:00,9
15.54061686,-19.00285034,LA7,2009-09-18,03:20:50 PM,15:20:00,Hot-Dry,2009-09-18 15:20:00,9
15.53792013,-19.00024007,LA7,2009-09-18,03:40:50 PM,15:40:00,Hot-Dry,2009-09-18 15:40:00,9
15.53413493,-18.99734294,LA7,2009-09-18,04:00:50 PM,16:00:00,Hot-Dry,2009-09-18 16:00:00,9
15.53191528,-18.99537354,LA7,2009-09-18,04:20:50 PM,16:20:00,Hot-Dry,2009-09-18 16:20:00,9
15.52849019,-18.99244995,LA7,2009-09-18,04:40:50 PM,16:40:00,Hot-Dry,2009-09-18 16:40:00,9
15.52340902,-18.98836466,LA7,2009-09-18,05:00:50 PM,17:00:00,Hot-Dry,2009-09-18 17:00:00,9
15.51879476,-18.98394368,LA7,2009-09-18,05:20:50 PM,17:20:00,Hot-Dry,2009-09-18 17:20:00,9
15.51279704,-18.98120524,LA7,2009-09-18,05:40:50 PM,17:40:00,Hot-Dry,2009-09-18 17:40:00,9
15.50360514,-18.97657267,LA7,2009-09-18,06:00:50 PM,18:00:00,Hot-Dry,2009-09-18 18:00:00,9
15.50360514,-18.97655436,LA7,2009-09-18,06:20:50 PM,18:20:00,Hot-Dry,2009-09-18 18:20:00,9
15.50360311,-18.97655029,LA7,2009-09-18,06:40:50 PM,18:40:00,Hot-Dry,2009-09-18 18:40:00,9
15.50363057,-18.97654012,LA7,2009-09-18,07:00:50 PM,19:00:00,Hot-Dry,2009-09-18 19:00:00,9
15.50732727,-18.98253174,LA7,2009-09-18,07:20:50 PM,19:20:00,Hot-Dry,2009-09-18 19:20:00,9
15.51340434,-18.98845011,LA7,2009-09-18,07:40:50 PM,19:40:00,Hot-Dry,2009-09-18 19:40:00,9
15.51994731,-18.99191284,LA7,2009-09-18,08:00:50 PM,20:00:00,Hot-Dry,2009-09-18 20:00:00,9
15.52750142,-18.99275309,LA7,2009-09-18,08:20:50 PM,20:20:00,Hot-Dry,2009-09-18 20:20:00,9
15.53651937,-18.99581502,LA7,2009-09-18,08:40:50 PM,20:40:00,Hot-Dry,2009-09-18 20:40:00,9
15.54315898,-18.99852905,LA7,2009-09-18,09:00:50 PM,21:00:00,Hot-Dry,2009-09-18 21:00:00,9
15.54758708,-19.00037435,LA7,2009-09-18,09:20:50 PM,21:20:00,Hot-Dry,2009-09-18 21:20:00,9
15.55608419,-19.00419718,LA7,2009-09-18,09:40:50 PM,21:40:00,Hot-Dry,2009-09-18 21:40:00,9
15.55631714,-19.00474854,LA7,2009-09-18,10:00:50 PM,22:00:00,Hot-Dry,2009-09-18 22:00:00,9
15.55676575,-19.00539754,LA7,2009-09-18,10:20:50 PM,22:20:00,Hot-Dry,2009-09-18 22:20:00,9
15.55786235,-19.00549927,LA7,2009-09-18,10:40:50 PM,22:40:00,Hot-Dry,2009-09-18 22:40:00,9
15.55885925,-19.00549316,LA7,2009-09-18,11:00:50 PM,23:00:00,Hot-Dry,2009-09-18 23:00:00,9
15.55963643,-19.006309,LA7,2009-09-18,11:20:50 PM,23:20:00,Hot-Dry,2009-09-18 23:20:00,9
15.55960185,-19.00631917,LA7,2009-09-18,11:40:50 PM,23:40:00,Hot-Dry,2009-09-18 23:40:00,9
15.56043803,-19.00662842,LA7,2009-09-19,12:00:50 AM,00:00:00,Hot-Dry,2009-09-19 00:00:00,9
15.56064351,-19.00667725,LA7,2009-09-19,12:20:50 AM,00:20:00,Hot-Dry,2009-09-19 00:20:00,9
15.56066386,-19.0066569,LA7,2009-09-19,12:40:50 AM,00:40:00,Hot-Dry,2009-09-19 00:40:00,9
15.56110942,-19.00678507,LA7,2009-09-19,01:00:50 AM,01:00:00,Hot-Dry,2009-09-19 01:00:00,9
15.56144206,-19.00682373,LA7,2009-09-19,01:20:50 AM,01:20:00,Hot-Dry,2009-09-19 01:20:00,9
15.56161194,-19.00682373,LA7,2009-09-19,01:40:50 AM,01:40:00,Hot-Dry,2009-09-19 01:40:00,9
15.56168213,-19.00689494,LA7,2009-09-19,02:00:49 AM,02:00:00,Hot-Dry,2009-09-19 02:00:00,9
15.562205,-19.00790812,LA7,2009-09-19,02:20:50 AM,02:20:00,Hot-Dry,2009-09-19 02:20:00,9
15.56252238,-19.00790202,LA7,2009-09-19,02:40:50 AM,02:40:00,Hot-Dry,2009-09-19 02:40:00,9
15.56255697,-19.00793457,LA7,2009-09-19,03:00:50 AM,03:00:00,Hot-Dry,2009-09-19 03:00:00,9
15.56250712,-19.0079305,LA7,2009-09-19,03:20:50 AM,03:20:00,Hot-Dry,2009-09-19 03:20:00,9
15.56253052,-19.00792847,LA7,2009-09-19,03:40:50 AM,03:40:00,Hot-Dry,2009-09-19 03:40:00,9
15.56282654,-19.00820313,LA7,2009-09-19,04:00:50 AM,04:00:00,Hot-Dry,2009-09-19 04:00:00,9
15.56319987,-19.00822754,LA7,2009-09-19,04:20:50 AM,04:20:00,Hot-Dry,2009-09-19 04:20:00,9
15.56358439,-19.00824178,LA7,2009-09-19,04:40:50 AM,04:40:00,Hot-Dry,2009-09-19 04:40:00,9
15.56466268,-19.00869141,LA7,2009-09-19,05:00:50 AM,05:00:00,Hot-Dry,2009-09-19 05:00:00,9
15.565212,-19.00948486,LA7,2009-09-19,05:20:50 AM,05:20:00,Hot-Dry,2009-09-19 05:20:00,9
15.56673584,-19.00982056,LA7,2009-09-19,05:40:50 AM,05:40:00,Hot-Dry,2009-09-19 05:40:00,9
15.56739604,-19.01035156,LA7,2009-09-19,06:00:50 AM,06:00:00,Hot-Dry,2009-09-19 06:00:00,9
15.56896871,-19.01031291,LA7,2009-09-19,06:20:50 AM,06:20:00,Hot-Dry,2009-09-19 06:20:00,9
15.57032572,-19.01097616,LA7,2009-09-19,06:40:50 AM,06:40:00,Hot-Dry,2009-09-19 06:40:00,9
15.57142944,-19.01205241,LA7,2009-09-19,07:00:50 AM,07:00:00,Hot-Dry,2009-09-19 07:00:00,9
15.57376811,-19.01270345,LA7,2009-09-19,07:20:50 AM,07:20:00,Hot-Dry,2009-09-19 07:20:00,9
15.57535502,-19.01307983,LA7,2009-09-19,07:40:50 AM,07:40:00,Hot-Dry,2009-09-19 07:40:00,9
15.57599996,-19.01324666,LA7,2009-09-19,08:00:50 AM,08:00:00,Hot-Dry,2009-09-19 08:00:00,9
15.57667643,-19.01311442,LA7,2009-09-19,08:20:50 AM,08:20:00,Hot-Dry,2009-09-19 08:20:00,9
15.57671102,-19.01265259,LA7,2009-09-19,08:40:50 AM,08:40:00,Hot-Dry,2009-09-19 08:40:00,9
15.57607625,-19.01209106,LA7,2009-09-19,09:00:50 AM,09:00:00,Hot-Dry,2009-09-19 09:00:00,9
15.57598572,-19.0120402,LA7,2009-09-19,09:20:50 AM,09:20:00,Hot-Dry,2009-09-19 09:20:00,9
15.5756134,-19.01279907,LA7,2009-09-19,09:40:50 AM,09:40:00,Hot-Dry,2009-09-19 09:40:00,9
15.57632853,-19.01469727,LA7,2009-09-19,10:00:50 AM,10:00:00,Hot-Dry,2009-09-19 10:00:00,9
15.57693481,-19.01532186,LA7,2009-09-19,10:20:50 AM,10:20:00,Hot-Dry,2009-09-19 10:20:00,9
15.57692769,-19.0152832,LA7,2009-09-19,10:40:50 AM,10:40:00,Hot-Dry,2009-09-19 10:40:00,9
15.57691956,-19.01529338,LA7,2009-09-19,11:00:50 AM,11:00:00,Hot-Dry,2009-09-19 11:00:00,9
15.57693583,-19.01529541,LA7,2009-09-19,11:20:50 AM,11:20:00,Hot-Dry,2009-09-19 11:20:00,9
15.57852275,-19.01601563,LA7,2009-09-19,11:40:50 AM,11:40:00,Hot-Dry,2009-09-19 11:40:00,9
15.57950948,-19.015979,LA7,2009-09-19,12:00:50 PM,12:00:00,Hot-Dry,2009-09-19 12:00:00,9
15.57951965,-19.01597697,LA7,2009-09-19,12:20:50 PM,12:20:00,Hot-Dry,2009-09-19 12:20:00,9
15.57949727,-19.01597087,LA7,2009-09-19,12:40:50 PM,12:40:00,Hot-Dry,2009-09-19 12:40:00,9
15.57949422,-19.0159668,LA7,2009-09-19,01:00:50 PM,13:00:00,Hot-Dry,2009-09-19 13:00:00,9
15.57951253,-19.0159668,LA7,2009-09-19,01:20:50 PM,13:20:00,Hot-Dry,2009-09-19 13:20:00,9
15.5798645,-19.0156901,LA7,2009-09-19,01:40:50 PM,13:40:00,Hot-Dry,2009-09-19 13:40:00,9
15.58308614,-19.01531372,LA7,2009-09-19,02:00:50 PM,14:00:00,Hot-Dry,2009-09-19 14:00:00,9
15.5848053,-19.01505737,LA7,2009-09-19,02:20:50 PM,14:20:00,Hot-Dry,2009-09-19 14:20:00,9
15.58481547,-19.01507161,LA7,2009-09-19,02:40:50 PM,14:40:00,Hot-Dry,2009-09-19 14:40:00,9
15.58521627,-19.0147522,LA7,2009-09-19,03:00:50 PM,15:00:00,Hot-Dry,2009-09-19 15:00:00,9
15.59011637,-19.01557617,LA7,2009-09-19,03:20:50 PM,15:20:00,Hot-Dry,2009-09-19 15:20:00,9
15.59327596,-19.01533,LA7,2009-09-19,03:40:50 PM,15:40:00,Hot-Dry,2009-09-19 15:40:00,9
15.59578044,-19.016038,LA7,2009-09-19,04:00:50 PM,16:00:00,Hot-Dry,2009-09-19 16:00:00,9
15.5989919,-19.01656494,LA7,2009-09-19,04:20:50 PM,16:20:00,Hot-Dry,2009-09-19 16:20:00,9
15.60085856,-19.01615194,LA7,2009-09-19,04:40:50 PM,16:40:00,Hot-Dry,2009-09-19 16:40:00,9
15.60368856,-19.01832072,LA7,2009-09-19,05:00:50 PM,17:00:00,Hot-Dry,2009-09-19 17:00:00,9
15.60516256,-19.01991374,LA7,2009-09-19,05:20:50 PM,17:20:00,Hot-Dry,2009-09-19 17:20:00,9
15.60695496,-19.0203715,LA7,2009-09-19,05:40:50 PM,17:40:00,Hot-Dry,2009-09-19 17:40:00,9
15.60714518,-19.02058512,LA7,2009-09-19,06:00:50 PM,18:00:00,Hot-Dry,2009-09-19 18:00:00,9
15.60817871,-19.02039388,LA7,2009-09-19,06:20:49 PM,18:20:00,Hot-Dry,2009-09-19 18:20:00,9
15.6075236,-19.01961466,LA7,2009-09-19,06:40:50 PM,18:40:00,Hot-Dry,2009-09-19 18:40:00,9
15.60751851,-19.01960449,LA7,2009-09-19,07:00:50 PM,19:00:00,Hot-Dry,2009-09-19 19:00:00,9
15.60773315,-19.01855062,LA7,2009-09-19,07:20:50 PM,19:20:00,Hot-Dry,2009-09-19 19:20:00,9
15.60757955,-19.01758423,LA7,2009-09-19,07:40:50 PM,19:40:00,Hot-Dry,2009-09-19 19:40:00,9
15.60763245,-19.01580811,LA7,2009-09-19,08:00:50 PM,20:00:00,Hot-Dry,2009-09-19 20:00:00,9
15.6075592,-19.01455892,LA7,2009-09-19,08:20:50 PM,20:20:00,Hot-Dry,2009-09-19 20:20:00,9
15.60715434,-19.0129598,LA7,2009-09-19,08:40:50 PM,20:40:00,Hot-Dry,2009-09-19 20:40:00,9
15.60708618,-19.01211141,LA7,2009-09-19,09:00:50 PM,21:00:00,Hot-Dry,2009-09-19 21:00:00,9
15.60708415,-19.0120992,LA7,2009-09-19,09:20:50 PM,21:20:00,Hot-Dry,2009-09-19 21:20:00,9
15.6070811,-19.01208293,LA7,2009-09-19,09:40:50 PM,21:40:00,Hot-Dry,2009-09-19 21:40:00,9
15.60608927,-19.01112467,LA7,2009-09-19,10:00:50 PM,22:00:00,Hot-Dry,2009-09-19 22:00:00,9
15.60443319,-19.01036377,LA7,2009-09-19,10:20:50 PM,22:20:00,Hot-Dry,2009-09-19 22:20:00,9
15.6027771,-19.00969035,LA7,2009-09-19,10:40:50 PM,22:40:00,Hot-Dry,2009-09-19 22:40:00,9
15.60165405,-19.00988566,LA7,2009-09-19,11:00:50 PM,23:00:00,Hot-Dry,2009-09-19 23:00:00,9
15.60067851,-19.01043701,LA7,2009-09-19,11:20:50 PM,23:20:00,Hot-Dry,2009-09-19 23:20:00,9
15.60056254,-19.01059163,LA7,2009-09-19,11:40:50 PM,23:40:00,Hot-Dry,2009-09-19 23:40:00,9
15.59997864,-19.01054281,LA7,2009-09-20,12:00:50 AM,00:00:00,Hot-Dry,2009-09-20 00:00:00,9
15.59998271,-19.01053874,LA7,2009-09-20,12:20:50 AM,00:20:00,Hot-Dry,2009-09-20 00:20:00,9
15.59914653,-19.01019287,LA7,2009-09-20,12:40:50 AM,00:40:00,Hot-Dry,2009-09-20 00:40:00,9
15.59920349,-19.01001587,LA7,2009-09-20,01:00:50 AM,01:00:00,Hot-Dry,2009-09-20 01:00:00,9
15.59917603,-19.01005656,LA7,2009-09-20,01:20:50 AM,01:20:00,Hot-Dry,2009-09-20 01:20:00,9
15.59920858,-19.0100647,LA7,2009-09-20,01:40:50 AM,01:40:00,Hot-Dry,2009-09-20 01:40:00,9
15.59920146,-19.01002604,LA7,2009-09-20,02:00:50 AM,02:00:00,Hot-Dry,2009-09-20 02:00:00,9
15.5991984,-19.01002197,LA7,2009-09-20,02:20:50 AM,02:20:00,Hot-Dry,2009-09-20 02:20:00,9
15.59917806,-19.0100179,LA7,2009-09-20,02:40:50 AM,02:40:00,Hot-Dry,2009-09-20 02:40:00,9
15.59919739,-19.01003418,LA7,2009-09-20,03:00:50 AM,03:00:00,Hot-Dry,2009-09-20 03:00:00,9
15.59849141,-19.0101298,LA7,2009-09-20,03:20:50 AM,03:20:00,Hot-Dry,2009-09-20 03:20:00,9
15.59621379,-19.00997518,LA7,2009-09-20,03:40:50 AM,03:40:00,Hot-Dry,2009-09-20 03:40:00,9
15.59497782,-19.00958049,LA7,2009-09-20,04:00:50 AM,04:00:00,Hot-Dry,2009-09-20 04:00:00,9
15.59355774,-19.0092509,LA7,2009-09-20,04:20:50 AM,04:20:00,Hot-Dry,2009-09-20 04:20:00,9
15.59148661,-19.00905558,LA7,2009-09-20,04:40:50 AM,04:40:00,Hot-Dry,2009-09-20 04:40:00,9
15.59037984,-19.00901286,LA7,2009-09-20,05:00:50 AM,05:00:00,Hot-Dry,2009-09-20 05:00:00,9
15.58962911,-19.00837402,LA7,2009-09-20,05:20:50 AM,05:20:00,Hot-Dry,2009-09-20 05:20:00,9
15.58844299,-19.00891927,LA7,2009-09-20,05:40:50 AM,05:40:00,Hot-Dry,2009-09-20 05:40:00,9
15.58740641,-19.00985107,LA7,2009-09-20,06:00:50 AM,06:00:00,Hot-Dry,2009-09-20 06:00:00,9
15.58711141,-19.00977376,LA7,2009-09-20,06:20:50 AM,06:20:00,Hot-Dry,2009-09-20 06:20:00,9
15.5860026,-19.00990601,LA7,2009-09-20,06:40:50 AM,06:40:00,Hot-Dry,2009-09-20 06:40:00,9
15.58536784,-19.01010539,LA7,2009-09-20,07:00:50 AM,07:00:00,Hot-Dry,2009-09-20 07:00:00,9
15.58423258,-19.01108398,LA7,2009-09-20,07:20:50 AM,07:20:00,Hot-Dry,2009-09-20 07:20:00,9
15.58251851,-19.01231283,LA7,2009-09-20,07:40:50 AM,07:40:00,Hot-Dry,2009-09-20 07:40:00,9
15.58199259,-19.01241862,LA7,2009-09-20,08:00:50 AM,08:00:00,Hot-Dry,2009-09-20 08:00:00,9
15.58106689,-19.01290894,LA7,2009-09-20,08:20:50 AM,08:20:00,Hot-Dry,2009-09-20 08:20:00,9
15.58109233,-19.01291097,LA7,2009-09-20,08:40:50 AM,08:40:00,Hot-Dry,2009-09-20 08:40:00,9
15.58110046,-19.01292114,LA7,2009-09-20,09:00:51 AM,09:00:00,Hot-Dry,2009-09-20 09:00:00,9
15.58089193,-19.01299845,LA7,2009-09-20,09:20:50 AM,09:20:00,Hot-Dry,2009-09-20 09:20:00,9
15.57957458,-19.01438802,LA7,2009-09-20,09:40:50 AM,09:40:00,Hot-Dry,2009-09-20 09:40:00,9
15.57841899,-19.01526896,LA7,2009-09-20,10:00:50 AM,10:00:00,Hot-Dry,2009-09-20 10:00:00,9
15.57834167,-19.01544189,LA7,2009-09-20,10:20:50 AM,10:20:00,Hot-Dry,2009-09-20 10:20:00,9
15.57835185,-19.01541341,LA7,2009-09-20,10:40:50 AM,10:40:00,Hot-Dry,2009-09-20 10:40:00,9
15.57835592,-19.01546427,LA7,2009-09-20,11:00:50 AM,11:00:00,Hot-Dry,2009-09-20 11:00:00,9
15.57838236,-19.01539714,LA7,2009-09-20,11:20:50 AM,11:20:00,Hot-Dry,2009-09-20 11:20:00,9
15.57838236,-19.01541545,LA7,2009-09-20,11:40:50 AM,11:40:00,Hot-Dry,2009-09-20 11:40:00,9
15.57835286,-19.0154012,LA7,2009-09-20,12:00:50 PM,12:00:00,Hot-Dry,2009-09-20 12:00:00,9
15.57836711,-19.01543579,LA7,2009-09-20,12:20:50 PM,12:20:00,Hot-Dry,2009-09-20 12:20:00,9
15.57837931,-19.01544189,LA7,2009-09-20,12:40:50 PM,12:40:00,Hot-Dry,2009-09-20 12:40:00,9
15.57835083,-19.01542358,LA7,2009-09-20,01:00:50 PM,13:00:00,Hot-Dry,2009-09-20 13:00:00,9
15.57835999,-19.01541545,LA7,2009-09-20,01:20:50 PM,13:20:00,Hot-Dry,2009-09-20 13:20:00,9
15.57840373,-19.01541545,LA7,2009-09-20,01:40:50 PM,13:40:00,Hot-Dry,2009-09-20 13:40:00,9
15.57835286,-19.01543172,LA7,2009-09-20,02:00:50 PM,14:00:00,Hot-Dry,2009-09-20 14:00:00,9
15.57837524,-19.01541951,LA7,2009-09-20,02:20:50 PM,14:20:00,Hot-Dry,2009-09-20 14:20:00,9
15.57833455,-19.01543172,LA7,2009-09-20,02:40:50 PM,14:40:00,Hot-Dry,2009-09-20 14:40:00,9
15.57644958,-19.01512858,LA7,2009-09-20,03:00:50 PM,15:00:00,Hot-Dry,2009-09-20 15:00:00,9
15.57387085,-19.01345215,LA7,2009-09-20,03:20:50 PM,15:20:00,Hot-Dry,2009-09-20 15:20:00,9
15.57160746,-19.01133016,LA7,2009-09-20,03:40:50 PM,15:40:00,Hot-Dry,2009-09-20 15:40:00,9
15.56912944,-19.00978394,LA7,2009-09-20,04:00:50 PM,16:00:00,Hot-Dry,2009-09-20 16:00:00,9
15.56748556,-19.00779826,LA7,2009-09-20,04:20:50 PM,16:20:00,Hot-Dry,2009-09-20 16:20:00,9
15.56423238,-19.00652669,LA7,2009-09-20,04:40:50 PM,16:40:00,Hot-Dry,2009-09-20 16:40:00,9
15.56330973,-19.00600789,LA7,2009-09-20,05:00:50 PM,17:00:00,Hot-Dry,2009-09-20 17:00:00,9
15.55979004,-19.00524699,LA7,2009-09-20,05:20:50 PM,17:20:00,Hot-Dry,2009-09-20 17:20:00,9
15.55610657,-19.0041687,LA7,2009-09-20,05:40:50 PM,17:40:00,Hot-Dry,2009-09-20 17:40:00,9
15.55320435,-19.00243327,LA7,2009-09-20,06:00:50 PM,18:00:00,Hot-Dry,2009-09-20 18:00:00,9
15.54999797,-19.0009847,LA7,2009-09-20,06:20:50 PM,18:20:00,Hot-Dry,2009-09-20 18:20:00,9
15.5463033,-19.00039673,LA7,2009-09-20,06:40:50 PM,18:40:00,Hot-Dry,2009-09-20 18:40:00,9
15.54386495,-18.99892375,LA7,2009-09-20,07:00:50 PM,19:00:00,Hot-Dry,2009-09-20 19:00:00,9
15.53919983,-18.99696859,LA7,2009-09-20,07:20:50 PM,19:20:00,Hot-Dry,2009-09-20 19:20:00,9
15.53469543,-18.99518636,LA7,2009-09-20,07:40:50 PM,19:40:00,Hot-Dry,2009-09-20 19:40:00,9
15.52670593,-18.99121501,LA7,2009-09-20,08:00:50 PM,20:00:00,Hot-Dry,2009-09-20 20:00:00,9
15.52126567,-18.98689168,LA7,2009-09-20,08:20:50 PM,20:20:00,Hot-Dry,2009-09-20 20:20:00,9
15.51226298,-18.98091634,LA7,2009-09-20,08:40:50 PM,20:40:00,Hot-Dry,2009-09-20 20:40:00,9
15.50361633,-18.97655029,LA7,2009-09-20,09:00:50 PM,21:00:00,Hot-Dry,2009-09-20 21:00:00,9
15.50386454,-18.97644043,LA7,2009-09-20,09:20:50 PM,21:20:00,Hot-Dry,2009-09-20 21:20:00,9
15.50364278,-18.97653402,LA7,2009-09-20,09:40:50 PM,21:40:00,Hot-Dry,2009-09-20 21:40:00,9
15.50371501,-18.97658285,LA7,2009-09-20,10:00:50 PM,22:00:00,Hot-Dry,2009-09-20 22:00:00,9
15.50375875,-18.97641805,LA7,2009-09-20,10:20:50 PM,22:20:00,Hot-Dry,2009-09-20 22:20:00,9
15.50553182,-18.975236,LA7,2009-09-20,10:40:50 PM,22:40:00,Hot-Dry,2009-09-20 22:40:00,9
15.5053182,-18.97569987,LA7,2009-09-20,11:00:50 PM,23:00:00,Hot-Dry,2009-09-20 23:00:00,9
15.50361735,-18.9765564,LA7,2009-09-20,11:20:50 PM,23:20:00,Hot-Dry,2009-09-20 23:20:00,9
15.50466512,-18.97646484,LA7,2009-09-20,11:40:51 PM,23:40:00,Hot-Dry,2009-09-20 23:40:00,9
15.51125895,-18.97344564,LA7,2009-09-21,12:00:50 AM,00:00:00,Hot-Dry,2009-09-21 00:00:00,9
15.51790365,-18.97186279,LA7,2009-09-21,12:20:50 AM,00:20:00,Hot-Dry,2009-09-21 00:20:00,9
15.52285461,-18.96810506,LA7,2009-09-21,12:40:50 AM,00:40:00,Hot-Dry,2009-09-21 00:40:00,9
15.52455648,-18.96783447,LA7,2009-09-21,01:00:50 AM,01:00:00,Hot-Dry,2009-09-21 01:00:00,9
15.52670288,-18.96742961,LA7,2009-09-21,01:20:50 AM,01:20:00,Hot-Dry,2009-09-21 01:20:00,9
15.52818095,-18.96752116,LA7,2009-09-21,01:40:50 AM,01:40:00,Hot-Dry,2009-09-21 01:40:00,9
15.53083598,-18.96862996,LA7,2009-09-21,02:00:50 AM,02:00:00,Hot-Dry,2009-09-21 02:00:00,9
15.53160909,-18.9687439,LA7,2009-09-21,02:20:50 AM,02:20:00,Hot-Dry,2009-09-21 02:20:00,9
15.53174438,-18.96853231,LA7,2009-09-21,02:40:50 AM,02:40:00,Hot-Dry,2009-09-21 02:40:00,9
15.53427429,-18.97041626,LA7,2009-09-21,03:00:50 AM,03:00:00,Hot-Dry,2009-09-21 03:00:00,9
15.53465068,-18.97070516,LA7,2009-09-21,03:20:50 AM,03:20:00,Hot-Dry,2009-09-21 03:20:00,9
15.53637085,-18.97145589,LA7,2009-09-21,03:40:50 AM,03:40:00,Hot-Dry,2009-09-21 03:40:00,9
15.53881124,-18.97280477,LA7,2009-09-21,04:00:50 AM,04:00:00,Hot-Dry,2009-09-21 04:00:00,9
15.54140727,-18.97477824,LA7,2009-09-21,04:20:50 AM,04:20:00,Hot-Dry,2009-09-21 04:20:00,9
15.54416402,-18.97432658,LA7,2009-09-21,04:40:50 AM,04:40:00,Hot-Dry,2009-09-21 04:40:00,9
15.54461365,-18.9740804,LA7,2009-09-21,05:00:50 AM,05:00:00,Hot-Dry,2009-09-21 05:00:00,9
15.54508565,-18.97337646,LA7,2009-09-21,05:20:50 AM,05:20:00,Hot-Dry,2009-09-21 05:20:00,9
15.54593302,-18.97275798,LA7,2009-09-21,05:40:50 AM,05:40:00,Hot-Dry,2009-09-21 05:40:00,9
15.54653422,-18.97268677,LA7,2009-09-21,06:00:50 AM,06:00:00,Hot-Dry,2009-09-21 06:00:00,9
15.54655151,-18.97263997,LA7,2009-09-21,06:20:50 AM,06:20:00,Hot-Dry,2009-09-21 06:20:00,9
15.54696248,-18.97255452,LA7,2009-09-21,06:40:50 AM,06:40:00,Hot-Dry,2009-09-21 06:40:00,9
15.54693502,-18.97253621,LA7,2009-09-21,07:00:50 AM,07:00:00,Hot-Dry,2009-09-21 07:00:00,9
15.546934,-18.97250977,LA7,2009-09-21,07:20:50 AM,07:20:00,Hot-Dry,2009-09-21 07:20:00,9
15.54694214,-18.97251587,LA7,2009-09-21,07:40:50 AM,07:40:00,Hot-Dry,2009-09-21 07:40:00,9
15.54676717,-18.97246501,LA7,2009-09-21,08:00:50 AM,08:00:00,Hot-Dry,2009-09-21 08:00:00,9
15.54671631,-18.97238973,LA7,2009-09-21,08:20:50 AM,08:20:00,Hot-Dry,2009-09-21 08:20:00,9
15.54676107,-18.97213542,LA7,2009-09-21,08:40:50 AM,08:40:00,Hot-Dry,2009-09-21 08:40:00,9
15.5465505,-18.97206217,LA7,2009-09-21,09:00:50 AM,09:00:00,Hot-Dry,2009-09-21 09:00:00,9
15.54681193,-18.97213338,LA7,2009-09-21,09:20:50 AM,09:20:00,Hot-Dry,2009-09-21 09:20:00,9
15.5468394,-18.97217204,LA7,2009-09-21,09:40:50 AM,09:40:00,Hot-Dry,2009-09-21 09:40:00,9
15.54687093,-18.97215576,LA7,2009-09-21,10:00:50 AM,10:00:00,Hot-Dry,2009-09-21 10:00:00,9
15.54687805,-18.97218424,LA7,2009-09-21,10:20:50 AM,10:20:00,Hot-Dry,2009-09-21 10:20:00,9
15.54687602,-18.97220256,LA7,2009-09-21,10:40:50 AM,10:40:00,Hot-Dry,2009-09-21 10:40:00,9
15.546875,-18.97217,LA7,2009-09-21,11:00:50 AM,11:00:00,Hot-Dry,2009-09-21 11:00:00,9
15.54686076,-18.97215373,LA7,2009-09-21,11:20:51 AM,11:20:00,Hot-Dry,2009-09-21 11:20:00,9
15.54609578,-18.97243652,LA7,2009-09-21,11:40:50 AM,11:40:00,Hot-Dry,2009-09-21 11:40:00,9
15.54610291,-18.97242839,LA7,2009-09-21,12:00:50 PM,12:00:00,Hot-Dry,2009-09-21 12:00:00,9
15.54610291,-18.97242228,LA7,2009-09-21,12:20:50 PM,12:20:00,Hot-Dry,2009-09-21 12:20:00,9
15.54613241,-18.9724467,LA7,2009-09-21,12:40:50 PM,12:40:00,Hot-Dry,2009-09-21 12:40:00,9
15.54612325,-18.97242839,LA7,2009-09-21,01:00:50 PM,13:00:00,Hot-Dry,2009-09-21 13:00:00,9
15.54612834,-18.97245483,LA7,2009-09-21,01:20:50 PM,13:20:00,Hot-Dry,2009-09-21 13:20:00,9
15.54515177,-18.97185669,LA7,2009-09-21,01:40:50 PM,13:40:00,Hot-Dry,2009-09-21 13:40:00,9
15.54488118,-18.97178345,LA7,2009-09-21,02:00:50 PM,14:00:00,Hot-Dry,2009-09-21 14:00:00,9
15.54324341,-18.97134196,LA7,2009-09-21,02:20:50 PM,14:20:00,Hot-Dry,2009-09-21 14:20:00,9
15.54210002,-18.97103068,LA7,2009-09-21,02:40:50 PM,14:40:00,Hot-Dry,2009-09-21 14:40:00,9
15.54022725,-18.97044881,LA7,2009-09-21,03:00:50 PM,15:00:00,Hot-Dry,2009-09-21 15:00:00,9
15.53786926,-18.96970622,LA7,2009-09-21,03:20:50 PM,15:20:00,Hot-Dry,2009-09-21 15:20:00,9
15.53704631,-18.97016602,LA7,2009-09-21,03:40:50 PM,15:40:00,Hot-Dry,2009-09-21 15:40:00,9
15.5337087,-18.97090861,LA7,2009-09-21,04:00:50 PM,16:00:00,Hot-Dry,2009-09-21 16:00:00,9
15.53183187,-18.97080688,LA7,2009-09-21,04:20:50 PM,16:20:00,Hot-Dry,2009-09-21 16:20:00,9
15.53092957,-18.97017212,LA7,2009-09-21,04:40:50 PM,16:40:00,Hot-Dry,2009-09-21 16:40:00,9
15.52975566,-18.97049357,LA7,2009-09-21,05:00:50 PM,17:00:00,Hot-Dry,2009-09-21 17:00:00,9
15.52889404,-18.97029012,LA7,2009-09-21,05:20:50 PM,17:20:00,Hot-Dry,2009-09-21 17:20:00,9
15.52701111,-18.97127482,LA7,2009-09-21,05:40:50 PM,17:40:00,Hot-Dry,2009-09-21 17:40:00,9
15.52507426,-18.97096558,LA7,2009-09-21,06:00:50 PM,18:00:00,Hot-Dry,2009-09-21 18:00:00,9
15.52430522,-18.97118123,LA7,2009-09-21,06:20:50 PM,18:20:00,Hot-Dry,2009-09-21 18:20:00,9
15.52313538,-18.97105306,LA7,2009-09-21,06:40:50 PM,18:40:00,Hot-Dry,2009-09-21 18:40:00,9
15.52221476,-18.97102865,LA7,2009-09-21,07:00:50 PM,19:00:00,Hot-Dry,2009-09-21 19:00:00,9
15.51899312,-18.97113444,LA7,2009-09-21,07:20:50 PM,19:20:00,Hot-Dry,2009-09-21 19:20:00,9
15.51201274,-18.97427165,LA7,2009-09-21,07:40:50 PM,19:40:00,Hot-Dry,2009-09-21 19:40:00,9
15.50682068,-18.97585042,LA7,2009-09-21,08:00:50 PM,20:00:00,Hot-Dry,2009-09-21 20:00:00,9
15.50668437,-18.97588094,LA7,2009-09-21,08:20:50 PM,20:20:00,Hot-Dry,2009-09-21 20:20:00,9
15.50499776,-18.97651164,LA7,2009-09-21,08:40:50 PM,20:40:00,Hot-Dry,2009-09-21 20:40:00,9
15.50475464,-18.97653402,LA7,2009-09-21,09:00:50 PM,21:00:00,Hot-Dry,2009-09-21 21:00:00,9
15.50466919,-18.97624715,LA7,2009-09-21,09:20:50 PM,21:20:00,Hot-Dry,2009-09-21 21:20:00,9
15.5046641,-18.97628174,LA7,2009-09-21,09:40:50 PM,21:40:00,Hot-Dry,2009-09-21 21:40:00,9
15.50465698,-18.97626343,LA7,2009-09-21,10:00:50 PM,22:00:00,Hot-Dry,2009-09-21 22:00:00,9
15.50463359,-18.97620036,LA7,2009-09-21,10:20:50 PM,22:20:00,Hot-Dry,2009-09-21 22:20:00,9
15.50503031,-18.97694499,LA7,2009-09-21,10:40:50 PM,22:40:00,Hot-Dry,2009-09-21 22:40:00,9
15.50471598,-18.97724202,LA7,2009-09-21,11:00:50 PM,23:00:00,Hot-Dry,2009-09-21 23:00:00,9
15.50358276,-18.97694906,LA7,2009-09-21,11:20:50 PM,23:20:00,Hot-Dry,2009-09-21 23:20:00,9
15.50359904,-18.97651571,LA7,2009-09-21,11:40:50 PM,23:40:00,Hot-Dry,2009-09-21 23:40:00,9
15.50368856,-18.97651367,LA7,2009-09-22,12:00:50 AM,00:00:00,Hot-Dry,2009-09-22 00:00:00,9
15.50360718,-18.97654419,LA7,2009-09-22,12:20:50 AM,00:20:00,Hot-Dry,2009-09-22 00:20:00,9
15.50362244,-18.97653402,LA7,2009-09-22,12:40:50 AM,00:40:00,Hot-Dry,2009-09-22 00:40:00,9
15.50602214,-18.97681885,LA7,2009-09-22,01:00:50 AM,01:00:00,Hot-Dry,2009-09-22 01:00:00,9
15.5150828,-18.97805583,LA7,2009-09-22,01:20:53 AM,01:20:00,Hot-Dry,2009-09-22 01:20:00,9
15.52323303,-18.97818197,LA7,2009-09-22,01:40:50 AM,01:40:00,Hot-Dry,2009-09-22 01:40:00,9
15.52627055,-18.97816569,LA7,2009-09-22,02:00:50 AM,02:00:00,Hot-Dry,2009-09-22 02:00:00,9
15.52649333,-18.97825114,LA7,2009-09-22,02:20:50 AM,02:20:00,Hot-Dry,2009-09-22 02:20:00,9
15.52834269,-18.97822062,LA7,2009-09-22,02:40:50 AM,02:40:00,Hot-Dry,2009-09-22 02:40:00,9
15.53388163,-18.9784729,LA7,2009-09-22,03:00:50 AM,03:00:00,Hot-Dry,2009-09-22 03:00:00,9
15.53700765,-18.97810465,LA7,2009-09-22,03:20:50 AM,03:20:00,Hot-Dry,2009-09-22 03:20:00,9
15.53972168,-18.97864176,LA7,2009-09-22,03:40:50 AM,03:40:00,Hot-Dry,2009-09-22 03:40:00,9
15.54059245,-18.97890422,LA7,2009-09-22,04:00:50 AM,04:00:00,Hot-Dry,2009-09-22 04:00:00,9
15.54095764,-18.97879842,LA7,2009-09-22,04:20:50 AM,04:20:00,Hot-Dry,2009-09-22 04:20:00,9
15.54122111,-18.9790568,LA7,2009-09-22,04:40:50 AM,04:40:00,Hot-Dry,2009-09-22 04:40:00,9
15.54217021,-18.97877604,LA7,2009-09-22,05:00:50 AM,05:00:00,Hot-Dry,2009-09-22 05:00:00,9
15.54504191,-18.97694906,LA7,2009-09-22,05:20:50 AM,05:20:00,Hot-Dry,2009-09-22 05:20:00,9
15.54618835,-18.97653402,LA7,2009-09-22,05:40:50 AM,05:40:00,Hot-Dry,2009-09-22 05:40:00,9
15.54756978,-18.97600505,LA7,2009-09-22,06:00:50 AM,06:00:00,Hot-Dry,2009-09-22 06:00:00,9
15.54908651,-18.97605591,LA7,2009-09-22,06:20:50 AM,06:20:00,Hot-Dry,2009-09-22 06:20:00,9
15.54937236,-18.97578532,LA7,2009-09-22,06:40:50 AM,06:40:00,Hot-Dry,2009-09-22 06:40:00,9
15.55025431,-18.97527669,LA7,2009-09-22,07:00:50 AM,07:00:00,Hot-Dry,2009-09-22 07:00:00,9
15.55064087,-18.97484741,LA7,2009-09-22,07:20:50 AM,07:20:00,Hot-Dry,2009-09-22 07:20:00,9
15.55109151,-18.97428996,LA7,2009-09-22,07:40:50 AM,07:40:00,Hot-Dry,2009-09-22 07:40:00,9
15.55134888,-18.97405802,LA7,2009-09-22,08:00:50 AM,08:00:00,Hot-Dry,2009-09-22 08:00:00,9
15.55133362,-18.97400513,LA7,2009-09-22,08:20:50 AM,08:20:00,Hot-Dry,2009-09-22 08:20:00,9
15.55049642,-18.97370402,LA7,2009-09-22,08:40:50 AM,08:40:00,Hot-Dry,2009-09-22 08:40:00,9
15.54941406,-18.97284546,LA7,2009-09-22,09:00:50 AM,09:00:00,Hot-Dry,2009-09-22 09:00:00,9
15.5493866,-18.97282104,LA7,2009-09-22,09:20:50 AM,09:20:00,Hot-Dry,2009-09-22 09:20:00,9
15.5493866,-18.97285767,LA7,2009-09-22,09:40:50 AM,09:40:00,Hot-Dry,2009-09-22 09:40:00,9
15.54940491,-18.97284139,LA7,2009-09-22,10:00:50 AM,10:00:00,Hot-Dry,2009-09-22 10:00:00,9
15.54937134,-18.97285563,LA7,2009-09-22,10:20:50 AM,10:20:00,Hot-Dry,2009-09-22 10:20:00,9
15.54940898,-18.97283529,LA7,2009-09-22,10:40:50 AM,10:40:00,Hot-Dry,2009-09-22 10:40:00,9
15.54938253,-18.97282104,LA7,2009-09-22,11:00:50 AM,11:00:00,Hot-Dry,2009-09-22 11:00:00,9
15.54829407,-18.97264608,LA7,2009-09-22,11:22:29 AM,11:22:00,Hot-Dry,2009-09-22 11:22:00,9
15.54827677,-18.97263794,LA7,2009-09-22,11:40:50 AM,11:40:00,Hot-Dry,2009-09-22 11:40:00,9
15.54744059,-18.97223511,LA7,2009-09-22,12:00:50 PM,12:00:00,Hot-Dry,2009-09-22 12:00:00,9
15.54684957,-18.97212728,LA7,2009-09-22,12:20:50 PM,12:20:00,Hot-Dry,2009-09-22 12:20:00,9
15.54682719,-18.97211711,LA7,2009-09-22,12:40:50 PM,12:40:00,Hot-Dry,2009-09-22 12:40:00,9
15.5468516,-18.97212524,LA7,2009-09-22,01:00:50 PM,13:00:00,Hot-Dry,2009-09-22 13:00:00,9
15.546816,-18.97208862,LA7,2009-09-22,01:20:50 PM,13:20:00,Hot-Dry,2009-09-22 13:20:00,9
15.54488729,-18.97177531,LA7,2009-09-22,01:40:50 PM,13:40:00,Hot-Dry,2009-09-22 13:40:00,9
15.54424032,-18.97028198,LA7,2009-09-22,02:00:50 PM,14:00:00,Hot-Dry,2009-09-22 14:00:00,9
15.54362081,-18.96968587,LA7,2009-09-22,02:20:50 PM,14:20:00,Hot-Dry,2009-09-22 14:20:00,9
15.54400533,-18.96909993,LA7,2009-09-22,02:40:50 PM,14:40:00,Hot-Dry,2009-09-22 14:40:00,9
15.54453532,-18.9685791,LA7,2009-09-22,03:00:50 PM,15:00:00,Hot-Dry,2009-09-22 15:00:00,9
15.54551086,-18.96821289,LA7,2009-09-22,03:20:50 PM,15:20:00,Hot-Dry,2009-09-22 15:20:00,9
15.54565125,-18.96828003,LA7,2009-09-22,03:40:50 PM,15:40:00,Hot-Dry,2009-09-22 15:40:00,9
15.54590454,-18.96821086,LA7,2009-09-22,04:00:50 PM,16:00:00,Hot-Dry,2009-09-22 16:00:00,9
15.54590352,-18.96819865,LA7,2009-09-22,04:20:50 PM,16:20:00,Hot-Dry,2009-09-22 16:20:00,9
15.5459259,-18.96824544,LA7,2009-09-22,04:40:50 PM,16:40:00,Hot-Dry,2009-09-22 16:40:00,9
15.54593099,-18.9682312,LA7,2009-09-22,05:00:50 PM,17:00:00,Hot-Dry,2009-09-22 17:00:00,9
15.54593608,-18.96824137,LA7,2009-09-22,05:20:50 PM,17:20:00,Hot-Dry,2009-09-22 17:20:00,9
15.54592183,-18.96824341,LA7,2009-09-22,05:40:50 PM,17:40:00,Hot-Dry,2009-09-22 17:40:00,9
15.54595337,-18.9682251,LA7,2009-09-22,06:00:50 PM,18:00:00,Hot-Dry,2009-09-22 18:00:00,9
15.54594523,-18.96822917,LA7,2009-09-22,06:20:50 PM,18:20:00,Hot-Dry,2009-09-22 18:20:00,9
15.54550171,-18.96795451,LA7,2009-09-22,06:40:50 PM,18:40:00,Hot-Dry,2009-09-22 18:40:00,9
15.54314779,-18.9670695,LA7,2009-09-22,07:00:50 PM,19:00:00,Hot-Dry,2009-09-22 19:00:00,9
15.54196269,-18.96630859,LA7,2009-09-22,07:20:50 PM,19:20:00,Hot-Dry,2009-09-22 19:20:00,9
15.53872172,-18.96368815,LA7,2009-09-22,07:40:50 PM,19:40:00,Hot-Dry,2009-09-22 19:40:00,9
15.5370046,-18.96244507,LA7,2009-09-22,08:00:50 PM,20:00:00,Hot-Dry,2009-09-22 20:00:00,9
15.53445943,-18.96185099,LA7,2009-09-22,08:20:50 PM,20:20:00,Hot-Dry,2009-09-22 20:20:00,9
15.53270264,-18.96138713,LA7,2009-09-22,08:40:50 PM,20:40:00,Hot-Dry,2009-09-22 20:40:00,9
15.53123169,-18.96059163,LA7,2009-09-22,09:00:50 PM,21:00:00,Hot-Dry,2009-09-22 21:00:00,9
15.52946167,-18.96081543,LA7,2009-09-22,09:20:50 PM,21:20:00,Hot-Dry,2009-09-22 21:20:00,9
15.52869873,-18.96083374,LA7,2009-09-22,09:40:50 PM,21:40:00,Hot-Dry,2009-09-22 21:40:00,9
15.52559102,-18.96039429,LA7,2009-09-22,10:01:00 PM,22:01:00,Hot-Dry,2009-09-22 22:01:00,9
15.5244222,-18.96054077,LA7,2009-09-22,10:20:50 PM,22:20:00,Hot-Dry,2009-09-22 22:20:00,9
15.52405396,-18.96052246,LA7,2009-09-22,10:40:50 PM,22:40:00,Hot-Dry,2009-09-22 22:40:00,9
15.52059428,-18.96199544,LA7,2009-09-22,11:00:50 PM,23:00:00,Hot-Dry,2009-09-22 23:00:00,9
15.51768087,-18.96401978,LA7,2009-09-22,11:20:50 PM,23:20:00,Hot-Dry,2009-09-22 23:20:00,9
15.5134552,-18.96724447,LA7,2009-09-22,11:40:50 PM,23:40:00,Hot-Dry,2009-09-22 23:40:00,9
15.51196391,-18.96829834,LA7,2009-09-23,12:00:50 AM,00:00:00,Hot-Dry,2009-09-23 00:00:00,9
15.51109416,-18.96924845,LA7,2009-09-23,12:20:50 AM,00:20:00,Hot-Dry,2009-09-23 00:20:00,9
15.50505371,-18.97421468,LA7,2009-09-23,12:40:50 AM,00:40:00,Hot-Dry,2009-09-23 00:40:00,9
15.50360616,-18.97654012,LA7,2009-09-23,01:00:50 AM,01:00:00,Hot-Dry,2009-09-23 01:00:00,9
15.50346171,-18.97616984,LA7,2009-09-23,01:40:50 AM,01:40:00,Hot-Dry,2009-09-23 01:40:00,9
15.5016866,-18.96995036,LA7,2009-09-23,02:00:50 AM,02:00:00,Hot-Dry,2009-09-23 02:00:00,9
15.50076599,-18.96262614,LA7,2009-09-23,02:20:50 AM,02:20:00,Hot-Dry,2009-09-23 02:20:00,9
15.50023092,-18.95961304,LA7,2009-09-23,02:40:50 AM,02:40:00,Hot-Dry,2009-09-23 02:40:00,9
15.50055135,-18.95645345,LA7,2009-09-23,03:00:50 AM,03:00:00,Hot-Dry,2009-09-23 03:00:00,9
15.50063273,-18.9561971,LA7,2009-09-23,03:20:50 AM,03:20:00,Hot-Dry,2009-09-23 03:20:00,9
15.50062764,-18.95606283,LA7,2009-09-23,03:40:50 AM,03:40:00,Hot-Dry,2009-09-23 03:40:00,9
15.50063375,-18.95603434,LA7,2009-09-23,04:00:50 AM,04:00:00,Hot-Dry,2009-09-23 04:00:00,9
15.50061747,-18.95606283,LA7,2009-09-23,04:20:50 AM,04:20:00,Hot-Dry,2009-09-23 04:20:00,9
15.5005422,-18.95613403,LA7,2009-09-23,04:40:50 AM,04:40:00,Hot-Dry,2009-09-23 04:40:00,9
15.5006663,-18.95570475,LA7,2009-09-23,05:00:50 AM,05:00:00,Hot-Dry,2009-09-23 05:00:00,9
15.50076192,-18.95556234,LA7,2009-09-23,05:20:50 AM,05:20:00,Hot-Dry,2009-09-23 05:20:00,9
15.50094401,-18.95620321,LA7,2009-09-23,05:40:50 AM,05:40:00,Hot-Dry,2009-09-23 05:40:00,9
15.50221049,-18.95724691,LA7,2009-09-23,06:00:50 AM,06:00:00,Hot-Dry,2009-09-23 06:00:00,9
15.50327861,-18.95792236,LA7,2009-09-23,06:20:50 AM,06:20:00,Hot-Dry,2009-09-23 06:20:00,9
15.50331014,-18.95782878,LA7,2009-09-23,06:40:50 AM,06:40:00,Hot-Dry,2009-09-23 06:40:00,9
15.50365906,-18.95786336,LA7,2009-09-23,07:00:50 AM,07:00:00,Hot-Dry,2009-09-23 07:00:00,9
15.5040568,-18.95859375,LA7,2009-09-23,07:20:50 AM,07:20:00,Hot-Dry,2009-09-23 07:20:00,9
15.50440063,-18.96069539,LA7,2009-09-23,07:40:50 AM,07:40:00,Hot-Dry,2009-09-23 07:40:00,9
15.50398153,-18.96264852,LA7,2009-09-23,08:00:50 AM,08:00:00,Hot-Dry,2009-09-23 08:00:00,9
15.50459188,-18.96631673,LA7,2009-09-23,08:20:50 AM,08:20:00,Hot-Dry,2009-09-23 08:20:00,9
15.50515442,-18.9713501,LA7,2009-09-23,08:40:50 AM,08:40:00,Hot-Dry,2009-09-23 08:40:00,9
15.50521952,-18.97243245,LA7,2009-09-23,09:00:50 AM,09:00:00,Hot-Dry,2009-09-23 09:00:00,9
15.50362752,-18.97653402,LA7,2009-09-23,09:20:50 AM,09:20:00,Hot-Dry,2009-09-23 09:20:00,9
15.50362956,-18.97649943,LA7,2009-09-23,09:40:50 AM,09:40:00,Hot-Dry,2009-09-23 09:40:00,9
15.50113424,-18.97429199,LA7,2009-09-23,10:00:50 AM,10:00:00,Hot-Dry,2009-09-23 10:00:00,9
15.50117289,-18.97427979,LA7,2009-09-23,10:20:50 AM,10:20:00,Hot-Dry,2009-09-23 10:20:00,9
15.50117594,-18.97427775,LA7,2009-09-23,10:40:50 AM,10:40:00,Hot-Dry,2009-09-23 10:40:00,9
15.50117696,-18.97428182,LA7,2009-09-23,11:00:50 AM,11:00:00,Hot-Dry,2009-09-23 11:00:00,9
15.50361226,-18.97652384,LA7,2009-09-23,11:20:50 AM,11:20:00,Hot-Dry,2009-09-23 11:20:00,9
15.50052999,-18.97700602,LA7,2009-09-23,11:40:50 AM,11:40:00,Hot-Dry,2009-09-23 11:40:00,9
15.49174601,-18.97721151,LA7,2009-09-23,12:00:50 PM,12:00:00,Hot-Dry,2009-09-23 12:00:00,9
15.48579203,-18.97753092,LA7,2009-09-23,12:20:50 PM,12:20:00,Hot-Dry,2009-09-23 12:20:00,9
15.48366292,-18.97879028,LA7,2009-09-23,12:40:50 PM,12:40:00,Hot-Dry,2009-09-23 12:40:00,9
15.48069051,-18.97964274,LA7,2009-09-23,01:00:50 PM,13:00:00,Hot-Dry,2009-09-23 13:00:00,9
15.47972616,-18.97973022,LA7,2009-09-23,01:20:50 PM,13:20:00,Hot-Dry,2009-09-23 13:20:00,9
15.47869364,-18.97990112,LA7,2009-09-23,01:40:50 PM,13:40:00,Hot-Dry,2009-09-23 13:40:00,9
15.47803853,-18.98014119,LA7,2009-09-23,02:00:50 PM,14:00:00,Hot-Dry,2009-09-23 14:00:00,9
15.47714437,-18.97986654,LA7,2009-09-23,02:20:50 PM,14:20:00,Hot-Dry,2009-09-23 14:20:00,9
15.47710775,-18.97986857,LA7,2009-09-23,02:40:50 PM,14:40:00,Hot-Dry,2009-09-23 14:40:00,9
15.47711385,-18.97987671,LA7,2009-09-23,03:00:50 PM,15:00:00,Hot-Dry,2009-09-23 15:00:00,9
15.47425741,-18.97944946,LA7,2009-09-23,03:20:50 PM,15:20:00,Hot-Dry,2009-09-23 15:20:00,9
15.47129618,-18.97862752,LA7,2009-09-23,03:40:50 PM,15:40:00,Hot-Dry,2009-09-23 15:40:00,9
15.47000631,-18.97770996,LA7,2009-09-23,04:00:50 PM,16:00:00,Hot-Dry,2009-09-23 16:00:00,9
15.46924947,-18.97677612,LA7,2009-09-23,04:20:50 PM,16:20:00,Hot-Dry,2009-09-23 16:20:00,9
15.46918538,-18.97672933,LA7,2009-09-23,04:40:50 PM,16:40:00,Hot-Dry,2009-09-23 16:40:00,9
15.46819661,-18.97545166,LA7,2009-09-23,05:00:50 PM,17:00:00,Hot-Dry,2009-09-23 17:00:00,9
15.46725057,-18.97414551,LA7,2009-09-23,05:20:50 PM,17:20:00,Hot-Dry,2009-09-23 17:20:00,9
15.46710002,-18.97393595,LA7,2009-09-23,05:40:50 PM,17:40:00,Hot-Dry,2009-09-23 17:40:00,9
15.4669342,-18.97366536,LA7,2009-09-23,06:00:50 PM,18:00:00,Hot-Dry,2009-09-23 18:00:00,9
15.46447144,-18.97184652,LA7,2009-09-23,06:20:50 PM,18:20:00,Hot-Dry,2009-09-23 18:20:00,9
15.46268921,-18.97063192,LA7,2009-09-23,06:40:50 PM,18:40:00,Hot-Dry,2009-09-23 18:40:00,9
15.46050313,-18.96921183,LA7,2009-09-23,07:00:50 PM,19:00:00,Hot-Dry,2009-09-23 19:00:00,9
15.45771484,-18.96873576,LA7,2009-09-23,07:20:50 PM,19:20:00,Hot-Dry,2009-09-23 19:20:00,9
15.45653076,-18.96855672,LA7,2009-09-23,07:40:50 PM,19:40:00,Hot-Dry,2009-09-23 19:40:00,9
15.45519511,-18.96850993,LA7,2009-09-23,08:00:50 PM,20:00:00,Hot-Dry,2009-09-23 20:00:00,9
15.45335083,-18.96814168,LA7,2009-09-23,08:20:50 PM,20:20:00,Hot-Dry,2009-09-23 20:20:00,9
15.45280558,-18.96799113,LA7,2009-09-23,08:40:50 PM,20:40:00,Hot-Dry,2009-09-23 20:40:00,9
15.45279541,-18.96801147,LA7,2009-09-23,09:00:50 PM,21:00:00,Hot-Dry,2009-09-23 21:00:00,9
15.45197856,-18.96801758,LA7,2009-09-23,09:20:50 PM,21:20:00,Hot-Dry,2009-09-23 21:20:00,9
15.45154724,-18.9679952,LA7,2009-09-23,09:40:50 PM,21:40:00,Hot-Dry,2009-09-23 21:40:00,9
15.45152384,-18.96800741,LA7,2009-09-23,10:00:50 PM,22:00:00,Hot-Dry,2009-09-23 22:00:00,9
15.45153809,-18.96798503,LA7,2009-09-23,10:20:50 PM,22:20:00,Hot-Dry,2009-09-23 22:20:00,9
15.45089111,-18.96744792,LA7,2009-09-23,10:40:50 PM,22:40:00,Hot-Dry,2009-09-23 22:40:00,9
15.4506073,-18.96734212,LA7,2009-09-23,11:00:50 PM,23:00:00,Hot-Dry,2009-09-23 23:00:00,9
15.45071309,-18.96722209,LA7,2009-09-23,11:20:50 PM,23:20:00,Hot-Dry,2009-09-23 23:20:00,9
15.44931946,-18.96717326,LA7,2009-09-23,11:40:50 PM,23:40:00,Hot-Dry,2009-09-23 23:40:00,9
15.44766846,-18.96651001,LA7,2009-09-24,12:00:50 AM,00:00:00,Hot-Dry,2009-09-24 00:00:00,9
15.4467631,-18.96603394,LA7,2009-09-24,12:20:50 AM,00:20:00,Hot-Dry,2009-09-24 00:20:00,9
15.44616496,-18.96537272,LA7,2009-09-24,12:40:50 AM,00:40:00,Hot-Dry,2009-09-24 00:40:00,9
15.44610901,-18.96533813,LA7,2009-09-24,01:00:50 AM,01:00:00,Hot-Dry,2009-09-24 01:00:00,9
15.44615885,-18.96530965,LA7,2009-09-24,01:20:50 AM,01:20:00,Hot-Dry,2009-09-24 01:20:00,9
15.44605306,-18.96517537,LA7,2009-09-24,01:40:50 AM,01:40:00,Hot-Dry,2009-09-24 01:40:00,9
15.44605103,-18.96518351,LA7,2009-09-24,02:00:50 AM,02:00:00,Hot-Dry,2009-09-24 02:00:00,9
15.44603068,-18.96518555,LA7,2009-09-24,02:20:50 AM,02:20:00,Hot-Dry,2009-09-24 02:20:00,9
15.44601847,-18.96520793,LA7,2009-09-24,02:40:50 AM,02:40:00,Hot-Dry,2009-09-24 02:40:00,9
15.44604289,-18.96522013,LA7,2009-09-24,03:00:50 AM,03:00:00,Hot-Dry,2009-09-24 03:00:00,9
15.44603068,-18.96523844,LA7,2009-09-24,03:20:50 AM,03:20:00,Hot-Dry,2009-09-24 03:20:00,9
15.44606323,-18.96521403,LA7,2009-09-24,03:40:50 AM,03:40:00,Hot-Dry,2009-09-24 03:40:00,9
15.44607646,-18.96535441,LA7,2009-09-24,04:00:50 AM,04:00:00,Hot-Dry,2009-09-24 04:00:00,9
15.44599508,-18.96542155,LA7,2009-09-24,04:20:50 AM,04:20:00,Hot-Dry,2009-09-24 04:20:00,9
15.44532471,-18.96517537,LA7,2009-09-24,04:40:50 AM,04:40:00,Hot-Dry,2009-09-24 04:40:00,9
15.44333801,-18.96410319,LA7,2009-09-24,05:00:50 AM,05:00:00,Hot-Dry,2009-09-24 05:00:00,9
15.44203186,-18.96371663,LA7,2009-09-24,05:20:50 AM,05:20:00,Hot-Dry,2009-09-24 05:20:00,9
15.44204305,-18.96370239,LA7,2009-09-24,05:40:50 AM,05:40:00,Hot-Dry,2009-09-24 05:40:00,9
15.44141846,-18.9641276,LA7,2009-09-24,06:00:50 AM,06:00:00,Hot-Dry,2009-09-24 06:00:00,9
15.44008687,-18.96407064,LA7,2009-09-24,06:20:50 AM,06:20:00,Hot-Dry,2009-09-24 06:20:00,9
15.438974,-18.96468913,LA7,2009-09-24,06:40:50 AM,06:40:00,Hot-Dry,2009-09-24 06:40:00,9
15.4381012,-18.96496379,LA7,2009-09-24,07:00:50 AM,07:00:00,Hot-Dry,2009-09-24 07:00:00,9
15.43696798,-18.96538493,LA7,2009-09-24,07:20:50 AM,07:20:00,Hot-Dry,2009-09-24 07:20:00,9
15.43651937,-18.96522624,LA7,2009-09-24,07:40:50 AM,07:40:00,Hot-Dry,2009-09-24 07:40:00,9
15.43636271,-18.96528524,LA7,2009-09-24,08:00:50 AM,08:00:00,Hot-Dry,2009-09-24 08:00:00,9
15.435613,-18.96646525,LA7,2009-09-24,08:20:50 AM,08:20:00,Hot-Dry,2009-09-24 08:20:00,9
15.43564758,-18.96647542,LA7,2009-09-24,08:40:50 AM,08:40:00,Hot-Dry,2009-09-24 08:40:00,9
15.43560282,-18.96645711,LA7,2009-09-24,09:00:50 AM,09:00:00,Hot-Dry,2009-09-24 09:00:00,9
15.43477376,-18.96670736,LA7,2009-09-24,09:20:50 AM,09:20:00,Hot-Dry,2009-09-24 09:20:00,9
15.43404948,-18.9666158,LA7,2009-09-24,09:40:50 AM,09:40:00,Hot-Dry,2009-09-24 09:40:00,9
15.4336141,-18.96631063,LA7,2009-09-24,10:00:50 AM,10:00:00,Hot-Dry,2009-09-24 10:00:00,9
15.43362427,-18.96633097,LA7,2009-09-24,10:20:50 AM,10:20:00,Hot-Dry,2009-09-24 10:20:00,9
15.43361715,-18.96631673,LA7,2009-09-24,10:40:50 AM,10:40:00,Hot-Dry,2009-09-24 10:40:00,9
15.43359985,-18.96630656,LA7,2009-09-24,11:00:50 AM,11:00:00,Hot-Dry,2009-09-24 11:00:00,9
15.43289897,-18.96578776,LA7,2009-09-24,11:20:50 AM,11:20:00,Hot-Dry,2009-09-24 11:20:00,9
15.43289795,-18.96577962,LA7,2009-09-24,11:40:50 AM,11:40:00,Hot-Dry,2009-09-24 11:40:00,9
15.43288574,-18.96582642,LA7,2009-09-24,12:00:50 PM,12:00:00,Hot-Dry,2009-09-24 12:00:00,9
15.43288981,-18.96578776,LA7,2009-09-24,12:20:50 PM,12:20:00,Hot-Dry,2009-09-24 12:20:00,9
15.43288371,-18.96577555,LA7,2009-09-24,12:40:50 PM,12:40:00,Hot-Dry,2009-09-24 12:40:00,9
15.43288778,-18.96579997,LA7,2009-09-24,01:00:50 PM,13:00:00,Hot-Dry,2009-09-24 13:00:00,9
15.43288676,-18.96580607,LA7,2009-09-24,01:20:50 PM,13:20:00,Hot-Dry,2009-09-24 13:20:00,9
15.43289286,-18.96580811,LA7,2009-09-24,01:40:50 PM,13:40:00,Hot-Dry,2009-09-24 13:40:00,9
15.43232931,-18.96600952,LA7,2009-09-24,02:00:50 PM,14:00:00,Hot-Dry,2009-09-24 14:00:00,9
15.43016357,-18.96625977,LA7,2009-09-24,02:20:50 PM,14:20:00,Hot-Dry,2009-09-24 14:20:00,9
15.42780253,-18.96645101,LA7,2009-09-24,02:40:50 PM,14:40:00,Hot-Dry,2009-09-24 14:40:00,9
15.42780762,-18.96645508,LA7,2009-09-24,03:00:50 PM,15:00:00,Hot-Dry,2009-09-24 15:00:00,9
15.42654419,-18.96705119,LA7,2009-09-24,03:20:50 PM,15:20:00,Hot-Dry,2009-09-24 15:20:00,9
15.42568258,-18.96797485,LA7,2009-09-24,03:40:50 PM,15:40:00,Hot-Dry,2009-09-24 15:40:00,9
15.42487895,-18.96938273,LA7,2009-09-24,04:00:50 PM,16:00:00,Hot-Dry,2009-09-24 16:00:00,9
15.42468872,-18.9706014,LA7,2009-09-24,04:20:50 PM,16:20:00,Hot-Dry,2009-09-24 16:20:00,9
15.42372233,-18.97207642,LA7,2009-09-24,04:40:50 PM,16:40:00,Hot-Dry,2009-09-24 16:40:00,9
15.42265015,-18.97324219,LA7,2009-09-24,05:00:50 PM,17:00:00,Hot-Dry,2009-09-24 17:00:00,9
15.41747945,-18.97432048,LA7,2009-09-24,05:20:50 PM,17:20:00,Hot-Dry,2009-09-24 17:20:00,9
15.41363017,-18.97644857,LA7,2009-09-24,05:40:50 PM,17:40:00,Hot-Dry,2009-09-24 17:40:00,9
15.40908915,-18.97906087,LA7,2009-09-24,06:00:50 PM,18:00:00,Hot-Dry,2009-09-24 18:00:00,9
15.40902201,-18.97980347,LA7,2009-09-24,06:20:50 PM,18:20:00,Hot-Dry,2009-09-24 18:20:00,9
15.40729167,-18.9807373,LA7,2009-09-24,06:40:50 PM,18:40:00,Hot-Dry,2009-09-24 18:40:00,9
15.40661621,-18.98067627,LA7,2009-09-24,07:00:50 PM,19:00:00,Hot-Dry,2009-09-24 19:00:00,9
15.40570984,-18.98165894,LA7,2009-09-24,07:20:50 PM,19:20:00,Hot-Dry,2009-09-24 19:20:00,9
15.40447489,-18.98315633,LA7,2009-09-24,07:40:50 PM,19:40:00,Hot-Dry,2009-09-24 19:40:00,9
15.40441284,-18.98310954,LA7,2009-09-24,08:00:50 PM,20:00:00,Hot-Dry,2009-09-24 20:00:00,9
15.40442607,-18.98308716,LA7,2009-09-24,08:20:50 PM,20:20:00,Hot-Dry,2009-09-24 20:20:00,9
15.4044871,-18.98487345,LA7,2009-09-24,08:40:50 PM,20:40:00,Hot-Dry,2009-09-24 20:40:00,9
15.40460103,-18.98589071,LA7,2009-09-24,09:00:50 PM,21:00:00,Hot-Dry,2009-09-24 21:00:00,9
15.40398254,-18.98675537,LA7,2009-09-24,09:20:50 PM,21:20:00,Hot-Dry,2009-09-24 21:20:00,9
15.40337626,-18.98706258,LA7,2009-09-24,09:40:50 PM,21:40:00,Hot-Dry,2009-09-24 21:40:00,9
15.40298462,-18.98746338,LA7,2009-09-24,10:00:50 PM,22:00:00,Hot-Dry,2009-09-24 22:00:00,9
15.40232646,-18.98781738,LA7,2009-09-24,10:20:50 PM,22:20:00,Hot-Dry,2009-09-24 22:20:00,9
15.4021637,-18.98794352,LA7,2009-09-24,10:40:50 PM,22:40:00,Hot-Dry,2009-09-24 22:40:00,9
15.39992676,-18.98891195,LA7,2009-09-24,11:00:50 PM,23:00:00,Hot-Dry,2009-09-24 23:00:00,9
15.40008443,-18.9898234,LA7,2009-09-24,11:20:50 PM,23:20:00,Hot-Dry,2009-09-24 23:20:00,9
15.40036214,-18.99048258,LA7,2009-09-24,11:40:50 PM,23:40:00,Hot-Dry,2009-09-24 23:40:00,9
15.40035807,-18.99050496,LA7,2009-09-25,12:00:50 AM,00:00:00,Hot-Dry,2009-09-25 00:00:00,9
15.40033875,-18.99049072,LA7,2009-09-25,12:20:50 AM,00:20:00,Hot-Dry,2009-09-25 00:20:00,9
15.40036723,-18.99047445,LA7,2009-09-25,12:40:50 AM,00:40:00,Hot-Dry,2009-09-25 00:40:00,9
15.40036011,-18.99046631,LA7,2009-09-25,01:00:50 AM,01:00:00,Hot-Dry,2009-09-25 01:00:00,9
15.40037028,-18.99048258,LA7,2009-09-25,01:20:50 AM,01:20:00,Hot-Dry,2009-09-25 01:20:00,9
15.40035502,-18.99047038,LA7,2009-09-25,01:40:50 AM,01:40:00,Hot-Dry,2009-09-25 01:40:00,9
15.40037435,-18.99044596,LA7,2009-09-25,02:00:49 AM,02:00:00,Hot-Dry,2009-09-25 02:00:00,9
15.40034892,-18.99047241,LA7,2009-09-25,02:20:50 AM,02:20:00,Hot-Dry,2009-09-25 02:20:00,9
15.40040792,-18.99049072,LA7,2009-09-25,02:40:50 AM,02:40:00,Hot-Dry,2009-09-25 02:40:00,9
15.4006073,-18.99034627,LA7,2009-09-25,03:00:50 AM,03:00:00,Hot-Dry,2009-09-25 03:00:00,9
15.40064189,-18.9903422,LA7,2009-09-25,03:20:50 AM,03:20:00,Hot-Dry,2009-09-25 03:20:00,9
15.40064494,-18.9903361,LA7,2009-09-25,03:40:50 AM,03:40:00,Hot-Dry,2009-09-25 03:40:00,9
15.40124919,-18.99139608,LA7,2009-09-25,04:00:50 AM,04:00:00,Hot-Dry,2009-09-25 04:00:00,9
15.40214844,-18.99312744,LA7,2009-09-25,04:20:50 AM,04:20:00,Hot-Dry,2009-09-25 04:20:00,9
15.40193176,-18.99413045,LA7,2009-09-25,04:40:50 AM,04:40:00,Hot-Dry,2009-09-25 04:40:00,9
15.39866842,-18.99474487,LA7,2009-09-25,05:00:50 AM,05:00:00,Hot-Dry,2009-09-25 05:00:00,9
15.39511922,-18.9943278,LA7,2009-09-25,05:20:50 AM,05:20:00,Hot-Dry,2009-09-25 05:20:00,9
15.39270732,-18.99453939,LA7,2009-09-25,05:40:50 AM,05:40:00,Hot-Dry,2009-09-25 05:40:00,9
15.39160461,-18.99343872,LA7,2009-09-25,06:00:50 AM,06:00:00,Hot-Dry,2009-09-25 06:00:00,9
15.39015808,-18.99279582,LA7,2009-09-25,06:20:50 AM,06:20:00,Hot-Dry,2009-09-25 06:20:00,9
15.38922119,-18.9924113,LA7,2009-09-25,06:40:50 AM,06:40:00,Hot-Dry,2009-09-25 06:40:00,9
15.38783976,-18.99225464,LA7,2009-09-25,07:00:50 AM,07:00:00,Hot-Dry,2009-09-25 07:00:00,9
15.38456421,-18.99047852,LA7,2009-09-25,07:20:50 AM,07:20:00,Hot-Dry,2009-09-25 07:20:00,9
15.38463338,-18.99039103,LA7,2009-09-25,07:40:50 AM,07:40:00,Hot-Dry,2009-09-25 07:40:00,9
15.38108317,-18.98885905,LA7,2009-09-25,08:00:50 AM,08:00:00,Hot-Dry,2009-09-25 08:00:00,9
15.37960307,-18.98823649,LA7,2009-09-25,08:20:50 AM,08:20:00,Hot-Dry,2009-09-25 08:20:00,9
15.37785645,-18.98728027,LA7,2009-09-25,08:40:50 AM,08:40:00,Hot-Dry,2009-09-25 08:40:00,9
15.37787577,-18.98726603,LA7,2009-09-25,09:00:50 AM,09:00:00,Hot-Dry,2009-09-25 09:00:00,9
15.3778422,-18.98726603,LA7,2009-09-25,09:20:50 AM,09:20:00,Hot-Dry,2009-09-25 09:20:00,9
15.37788391,-18.98723958,LA7,2009-09-25,09:40:50 AM,09:40:00,Hot-Dry,2009-09-25 09:40:00,9
15.37788289,-18.98724976,LA7,2009-09-25,10:00:50 AM,10:00:00,Hot-Dry,2009-09-25 10:00:00,9
15.3768453,-18.98699748,LA7,2009-09-25,10:20:50 AM,10:20:00,Hot-Dry,2009-09-25 10:20:00,9
15.37541199,-18.98535156,LA7,2009-09-25,10:40:50 AM,10:40:00,Hot-Dry,2009-09-25 10:40:00,9
15.3731547,-18.98446655,LA7,2009-09-25,11:00:50 AM,11:00:00,Hot-Dry,2009-09-25 11:00:00,9
15.37313029,-18.98448079,LA7,2009-09-25,11:20:50 AM,11:20:00,Hot-Dry,2009-09-25 11:20:00,9
15.37314962,-18.98445435,LA7,2009-09-25,11:40:50 AM,11:40:00,Hot-Dry,2009-09-25 11:40:00,9
15.373172,-18.98447469,LA7,2009-09-25,12:00:50 PM,12:00:00,Hot-Dry,2009-09-25 12:00:00,9
15.37315572,-18.98447673,LA7,2009-09-25,12:20:50 PM,12:20:00,Hot-Dry,2009-09-25 12:20:00,9
15.37316895,-18.98447469,LA7,2009-09-25,12:40:50 PM,12:40:00,Hot-Dry,2009-09-25 12:40:00,9
15.37317708,-18.98447673,LA7,2009-09-25,01:00:50 PM,13:00:00,Hot-Dry,2009-09-25 13:00:00,9
15.37310282,-18.98364868,LA7,2009-09-25,01:40:50 PM,13:40:00,Hot-Dry,2009-09-25 13:40:00,9
15.37256775,-18.98261312,LA7,2009-09-25,02:00:50 PM,14:00:00,Hot-Dry,2009-09-25 14:00:00,9
15.37142944,-18.9805542,LA7,2009-09-25,02:20:50 PM,14:20:00,Hot-Dry,2009-09-25 14:20:00,9
15.36790059,-18.97694295,LA7,2009-09-25,02:40:50 PM,14:40:00,Hot-Dry,2009-09-25 14:40:00,9
15.36252645,-18.9725118,LA7,2009-09-25,03:00:50 PM,15:00:00,Hot-Dry,2009-09-25 15:00:00,9
15.35606079,-18.97049561,LA7,2009-09-25,03:20:50 PM,15:20:00,Hot-Dry,2009-09-25 15:20:00,9
15.35093892,-18.968396,LA7,2009-09-25,03:40:50 PM,15:40:00,Hot-Dry,2009-09-25 15:40:00,9
15.34655558,-18.96653442,LA7,2009-09-25,04:00:50 PM,16:00:00,Hot-Dry,2009-09-25 16:00:00,9
15.34201965,-18.96647339,LA7,2009-09-25,04:20:50 PM,16:20:00,Hot-Dry,2009-09-25 16:20:00,9
15.33569132,-18.96773682,LA7,2009-09-25,04:40:50 PM,16:40:00,Hot-Dry,2009-09-25 16:40:00,9
15.3281779,-18.96858927,LA7,2009-09-25,05:00:50 PM,17:00:00,Hot-Dry,2009-09-25 17:00:00,9
15.32819824,-18.96896769,LA7,2009-09-25,05:20:50 PM,17:20:00,Hot-Dry,2009-09-25 17:20:00,9
15.32817891,-18.96898397,LA7,2009-09-25,05:40:50 PM,17:40:00,Hot-Dry,2009-09-25 17:40:00,9
15.32874654,-18.96917521,LA7,2009-09-25,06:00:50 PM,18:00:00,Hot-Dry,2009-09-25 18:00:00,9
15.33872681,-18.97350057,LA7,2009-09-25,06:20:50 PM,18:20:00,Hot-Dry,2009-09-25 18:20:00,9
15.34671936,-18.97611898,LA7,2009-09-25,06:40:50 PM,18:40:00,Hot-Dry,2009-09-25 18:40:00,9
15.35287679,-18.98334351,LA7,2009-09-25,07:00:50 PM,19:00:00,Hot-Dry,2009-09-25 19:00:00,9
15.35785522,-18.98888957,LA7,2009-09-25,07:20:50 PM,19:20:00,Hot-Dry,2009-09-25 19:20:00,9
15.3625824,-18.99307658,LA7,2009-09-25,07:40:50 PM,19:40:00,Hot-Dry,2009-09-25 19:40:00,9
15.36726278,-18.99711304,LA7,2009-09-25,08:00:50 PM,20:00:00,Hot-Dry,2009-09-25 20:00:00,9
15.37107747,-18.99968669,LA7,2009-09-25,08:20:50 PM,20:20:00,Hot-Dry,2009-09-25 20:20:00,9
15.37456258,-19.00134481,LA7,2009-09-25,08:40:50 PM,20:40:00,Hot-Dry,2009-09-25 20:40:00,9
15.37992045,-19.00590617,LA7,2009-09-25,09:00:50 PM,21:00:00,Hot-Dry,2009-09-25 21:00:00,9
15.38197937,-19.00815633,LA7,2009-09-25,09:20:50 PM,21:20:00,Hot-Dry,2009-09-25 21:20:00,9
15.38518372,-19.01143188,LA7,2009-09-25,09:40:50 PM,21:40:00,Hot-Dry,2009-09-25 21:40:00,9
15.39051412,-19.01753337,LA7,2009-09-25,10:00:50 PM,22:00:00,Hot-Dry,2009-09-25 22:00:00,9
15.39272664,-19.01974691,LA7,2009-09-25,10:20:50 PM,22:20:00,Hot-Dry,2009-09-25 22:20:00,9
15.39524434,-19.02149455,LA7,2009-09-25,10:40:50 PM,22:40:00,Hot-Dry,2009-09-25 22:40:00,9
15.40026347,-19.02412109,LA7,2009-09-25,11:00:50 PM,23:00:00,Hot-Dry,2009-09-25 23:00:00,9
15.40680745,-19.02728475,LA7,2009-09-25,11:20:50 PM,23:20:00,Hot-Dry,2009-09-25 23:20:00,9
15.41162821,-19.03048299,LA7,2009-09-25,11:40:50 PM,23:40:00,Hot-Dry,2009-09-25 23:40:00,9
15.4145579,-19.0322998,LA7,2009-09-26,12:00:50 AM,00:00:00,Hot-Dry,2009-09-26 00:00:00,9
15.42056783,-19.03719279,LA7,2009-09-26,12:20:50 AM,00:20:00,Hot-Dry,2009-09-26 00:20:00,9
15.42426453,-19.040448,LA7,2009-09-26,12:40:50 AM,00:40:00,Hot-Dry,2009-09-26 00:40:00,9
15.42422791,-19.04055786,LA7,2009-09-26,01:00:50 AM,01:00:00,Hot-Dry,2009-09-26 01:00:00,9
15.42391357,-19.0413737,LA7,2009-09-26,01:20:50 AM,01:20:00,Hot-Dry,2009-09-26 01:20:00,9
15.42247823,-19.04242961,LA7,2009-09-26,01:40:50 AM,01:40:00,Hot-Dry,2009-09-26 01:40:00,9
15.42181905,-19.04364827,LA7,2009-09-26,02:00:50 AM,02:00:00,Hot-Dry,2009-09-26 02:00:00,9
15.41949463,-19.0457194,LA7,2009-09-26,02:20:50 AM,02:20:00,Hot-Dry,2009-09-26 02:20:00,9
15.41952922,-19.04571737,LA7,2009-09-26,02:40:50 AM,02:40:00,Hot-Dry,2009-09-26 02:40:00,9
15.41953735,-19.04570719,LA7,2009-09-26,03:00:50 AM,03:00:00,Hot-Dry,2009-09-26 03:00:00,9
15.41951599,-19.04572957,LA7,2009-09-26,03:20:50 AM,03:20:00,Hot-Dry,2009-09-26 03:20:00,9
15.41957906,-19.04573161,LA7,2009-09-26,03:40:50 AM,03:40:00,Hot-Dry,2009-09-26 03:40:00,9
15.41957703,-19.0457194,LA7,2009-09-26,04:00:50 AM,04:00:00,Hot-Dry,2009-09-26 04:00:00,9
15.41958516,-19.04570923,LA7,2009-09-26,04:20:50 AM,04:20:00,Hot-Dry,2009-09-26 04:20:00,9
15.41957703,-19.04564819,LA7,2009-09-26,04:40:50 AM,04:40:00,Hot-Dry,2009-09-26 04:40:00,9
15.41941121,-19.04867757,LA7,2009-09-26,05:00:50 AM,05:00:00,Hot-Dry,2009-09-26 05:00:00,9
15.42017314,-19.05209147,LA7,2009-09-26,05:20:50 AM,05:20:00,Hot-Dry,2009-09-26 05:20:00,9
15.42015889,-19.05230916,LA7,2009-09-26,05:40:50 AM,05:40:00,Hot-Dry,2009-09-26 05:40:00,9
15.42223206,-19.0572937,LA7,2009-09-26,06:00:50 AM,06:00:00,Hot-Dry,2009-09-26 06:00:00,9
15.42595622,-19.06140951,LA7,2009-09-26,06:20:50 AM,06:20:00,Hot-Dry,2009-09-26 06:20:00,9
15.42791036,-19.06410116,LA7,2009-09-26,06:40:50 AM,06:40:00,Hot-Dry,2009-09-26 06:40:00,9
15.42604675,-19.06503703,LA7,2009-09-26,07:00:50 AM,07:00:00,Hot-Dry,2009-09-26 07:00:00,9
15.42604167,-19.06502279,LA7,2009-09-26,07:20:50 AM,07:20:00,Hot-Dry,2009-09-26 07:20:00,9
15.42603556,-19.06502279,LA7,2009-09-26,07:40:50 AM,07:40:00,Hot-Dry,2009-09-26 07:40:00,9
15.42603963,-19.0650472,LA7,2009-09-26,08:00:50 AM,08:00:00,Hot-Dry,2009-09-26 08:00:00,9
15.42605693,-19.0650411,LA7,2009-09-26,08:20:50 AM,08:20:00,Hot-Dry,2009-09-26 08:20:00,9
15.42606303,-19.06504313,LA7,2009-09-26,08:40:50 AM,08:40:00,Hot-Dry,2009-09-26 08:40:00,9
15.42674866,-19.06479085,LA7,2009-09-26,09:00:50 AM,09:00:00,Hot-Dry,2009-09-26 09:00:00,9
15.4267395,-19.06474202,LA7,2009-09-26,09:20:50 AM,09:20:00,Hot-Dry,2009-09-26 09:20:00,9
15.42675069,-19.06474609,LA7,2009-09-26,09:40:50 AM,09:40:00,Hot-Dry,2009-09-26 09:40:00,9
15.4267334,-19.0647522,LA7,2009-09-26,10:00:50 AM,10:00:00,Hot-Dry,2009-09-26 10:00:00,9
15.42683512,-19.06478271,LA7,2009-09-26,10:20:50 AM,10:20:00,Hot-Dry,2009-09-26 10:20:00,9
15.42765503,-19.06421916,LA7,2009-09-26,10:40:50 AM,10:40:00,Hot-Dry,2009-09-26 10:40:00,9
15.42765096,-19.06422729,LA7,2009-09-26,11:00:50 AM,11:00:00,Hot-Dry,2009-09-26 11:00:00,9
15.42762451,-19.06422323,LA7,2009-09-26,11:20:50 AM,11:20:00,Hot-Dry,2009-09-26 11:20:00,9
15.42763163,-19.06421509,LA7,2009-09-26,11:40:50 AM,11:40:00,Hot-Dry,2009-09-26 11:40:00,9
15.4276357,-19.06418864,LA7,2009-09-26,12:00:50 PM,12:00:00,Hot-Dry,2009-09-26 12:00:00,9
15.42764587,-19.06421305,LA7,2009-09-26,12:20:50 PM,12:20:00,Hot-Dry,2009-09-26 12:20:00,9
15.42765401,-19.06420085,LA7,2009-09-26,12:40:50 PM,12:40:00,Hot-Dry,2009-09-26 12:40:00,9
15.42764689,-19.06421102,LA7,2009-09-26,01:00:50 PM,13:00:00,Hot-Dry,2009-09-26 13:00:00,9
15.42766317,-19.06421712,LA7,2009-09-26,01:20:50 PM,13:20:00,Hot-Dry,2009-09-26 13:20:00,9
15.42822164,-19.06398722,LA7,2009-09-26,01:40:50 PM,13:40:00,Hot-Dry,2009-09-26 13:40:00,9
15.42700297,-19.06275635,LA7,2009-09-26,02:00:50 PM,14:00:00,Hot-Dry,2009-09-26 14:00:00,9
15.4267863,-19.06131388,LA7,2009-09-26,02:20:50 PM,14:20:00,Hot-Dry,2009-09-26 14:20:00,9
15.42646993,-19.06050822,LA7,2009-09-26,02:40:50 PM,14:40:00,Hot-Dry,2009-09-26 14:40:00,9
15.42646281,-19.05961304,LA7,2009-09-26,03:00:50 PM,15:00:00,Hot-Dry,2009-09-26 15:00:00,9
15.4280599,-19.05881958,LA7,2009-09-26,03:20:50 PM,15:20:00,Hot-Dry,2009-09-26 15:20:00,9
15.42844747,-19.05845337,LA7,2009-09-26,03:40:50 PM,15:40:00,Hot-Dry,2009-09-26 15:40:00,9
15.43130798,-19.05511271,LA7,2009-09-26,04:00:50 PM,16:00:00,Hot-Dry,2009-09-26 16:00:00,9
15.43137309,-19.05492554,LA7,2009-09-26,04:20:50 PM,16:20:00,Hot-Dry,2009-09-26 16:20:00,9
15.43462118,-19.05341593,LA7,2009-09-26,04:40:50 PM,16:40:00,Hot-Dry,2009-09-26 16:40:00,9
15.43594462,-19.05279948,LA7,2009-09-26,05:00:50 PM,17:00:00,Hot-Dry,2009-09-26 17:00:00,9
15.43727519,-19.05151774,LA7,2009-09-26,05:20:50 PM,17:20:00,Hot-Dry,2009-09-26 17:20:00,9
15.43907064,-19.04623006,LA7,2009-09-26,05:40:50 PM,17:40:00,Hot-Dry,2009-09-26 17:40:00,9
15.44025167,-19.04397786,LA7,2009-09-26,06:00:50 PM,18:00:00,Hot-Dry,2009-09-26 18:00:00,9
15.44106038,-19.03878174,LA7,2009-09-26,06:20:50 PM,18:20:00,Hot-Dry,2009-09-26 18:20:00,9
15.4434021,-19.03423055,LA7,2009-09-26,06:40:50 PM,18:40:00,Hot-Dry,2009-09-26 18:40:00,9
15.44651693,-19.03238932,LA7,2009-09-26,07:00:50 PM,19:00:00,Hot-Dry,2009-09-26 19:00:00,9
15.44747111,-19.03142293,LA7,2009-09-26,07:20:50 PM,19:20:00,Hot-Dry,2009-09-26 19:20:00,9
15.44755249,-19.03101603,LA7,2009-09-26,07:40:50 PM,19:40:00,Hot-Dry,2009-09-26 19:40:00,9
15.44763692,-19.03086751,LA7,2009-09-26,08:00:50 PM,20:00:00,Hot-Dry,2009-09-26 20:00:00,9
15.44776611,-19.03096517,LA7,2009-09-26,08:20:50 PM,20:20:00,Hot-Dry,2009-09-26 20:20:00,9
15.4491333,-19.02846883,LA7,2009-09-26,08:40:50 PM,20:40:00,Hot-Dry,2009-09-26 20:40:00,9
15.45372518,-19.02456462,LA7,2009-09-26,09:00:50 PM,21:00:00,Hot-Dry,2009-09-26 21:00:00,9
15.45692342,-19.02268677,LA7,2009-09-26,09:20:50 PM,21:20:00,Hot-Dry,2009-09-26 21:20:00,9
15.46055196,-19.01868693,LA7,2009-09-26,09:40:50 PM,21:40:00,Hot-Dry,2009-09-26 21:40:00,9
15.46213989,-19.0171814,LA7,2009-09-26,10:00:50 PM,22:00:00,Hot-Dry,2009-09-26 22:00:00,9
15.46677958,-19.01286214,LA7,2009-09-26,10:20:50 PM,22:20:00,Hot-Dry,2009-09-26 22:20:00,9
15.47211405,-19.00616862,LA7,2009-09-26,10:40:50 PM,22:40:00,Hot-Dry,2009-09-26 22:40:00,9
15.47669678,-19.00013021,LA7,2009-09-26,11:00:50 PM,23:00:00,Hot-Dry,2009-09-26 23:00:00,9
15.48054911,-18.99552816,LA7,2009-09-26,11:20:50 PM,23:20:00,Hot-Dry,2009-09-26 23:20:00,9
15.48538005,-18.99267171,LA7,2009-09-26,11:40:50 PM,23:40:00,Hot-Dry,2009-09-26 23:40:00,9
15.49183146,-18.98722534,LA7,2009-09-27,12:00:50 AM,00:00:00,Hot-Dry,2009-09-27 00:00:00,9
15.49843648,-18.98013306,LA7,2009-09-27,12:20:50 AM,00:20:00,Hot-Dry,2009-09-27 00:20:00,9
15.50353394,-18.97652995,LA7,2009-09-27,12:40:50 AM,00:40:00,Hot-Dry,2009-09-27 00:40:00,9
15.5082255,-18.97903239,LA7,2009-09-27,01:00:50 AM,01:00:00,Hot-Dry,2009-09-27 01:00:00,9
15.51575216,-18.9830485,LA7,2009-09-27,01:20:50 AM,01:20:00,Hot-Dry,2009-09-27 01:20:00,9
15.52239583,-18.98937378,LA7,2009-09-27,01:40:50 AM,01:40:00,Hot-Dry,2009-09-27 01:40:00,9
15.5286794,-18.99633179,LA7,2009-09-27,02:00:50 AM,02:00:00,Hot-Dry,2009-09-27 02:00:00,9
15.53413696,-19.00238851,LA7,2009-09-27,02:20:50 AM,02:20:00,Hot-Dry,2009-09-27 02:20:00,9
15.53550415,-19.00521851,LA7,2009-09-27,02:40:50 AM,02:40:00,Hot-Dry,2009-09-27 02:40:00,9
15.53751221,-19.00680135,LA7,2009-09-27,03:00:50 AM,03:00:00,Hot-Dry,2009-09-27 03:00:00,9
15.5397644,-19.0087972,LA7,2009-09-27,03:20:50 AM,03:20:00,Hot-Dry,2009-09-27 03:20:00,9
15.54071655,-19.01103923,LA7,2009-09-27,03:40:50 AM,03:40:00,Hot-Dry,2009-09-27 03:40:00,9
15.540802,-19.01163127,LA7,2009-09-27,04:00:50 AM,04:00:00,Hot-Dry,2009-09-27 04:00:00,9
15.53993937,-19.01246338,LA7,2009-09-27,04:20:50 AM,04:20:00,Hot-Dry,2009-09-27 04:20:00,9
15.53953349,-19.01264445,LA7,2009-09-27,04:40:50 AM,04:40:00,Hot-Dry,2009-09-27 04:40:00,9
15.53991089,-19.01358643,LA7,2009-09-27,05:00:50 AM,05:00:00,Hot-Dry,2009-09-27 05:00:00,9
15.54009399,-19.01356405,LA7,2009-09-27,05:20:50 AM,05:20:00,Hot-Dry,2009-09-27 05:20:00,9
15.54036865,-19.01377563,LA7,2009-09-27,05:40:50 AM,05:40:00,Hot-Dry,2009-09-27 05:40:00,9
15.54044291,-19.01404419,LA7,2009-09-27,06:00:50 AM,06:00:00,Hot-Dry,2009-09-27 06:00:00,9
15.53971354,-19.01461589,LA7,2009-09-27,06:20:50 AM,06:20:00,Hot-Dry,2009-09-27 06:20:00,9
15.5392985,-19.01549072,LA7,2009-09-27,06:40:50 AM,06:40:00,Hot-Dry,2009-09-27 06:40:00,9
15.53763835,-19.01636963,LA7,2009-09-27,07:00:50 AM,07:00:00,Hot-Dry,2009-09-27 07:00:00,9
15.53721822,-19.01637777,LA7,2009-09-27,07:20:50 AM,07:20:00,Hot-Dry,2009-09-27 07:20:00,9
15.53670959,-19.01645304,LA7,2009-09-27,07:40:50 AM,07:40:00,Hot-Dry,2009-09-27 07:40:00,9
15.53674215,-19.0164327,LA7,2009-09-27,08:00:50 AM,08:00:00,Hot-Dry,2009-09-27 08:00:00,9
15.53675842,-19.01640422,LA7,2009-09-27,08:20:50 AM,08:20:00,Hot-Dry,2009-09-27 08:20:00,9
15.53677165,-19.01639201,LA7,2009-09-27,08:40:50 AM,08:40:00,Hot-Dry,2009-09-27 08:40:00,9
15.53676758,-19.01638794,LA7,2009-09-27,09:00:50 AM,09:00:00,Hot-Dry,2009-09-27 09:00:00,9
15.53679097,-19.01637573,LA7,2009-09-27,09:20:50 AM,09:20:00,Hot-Dry,2009-09-27 09:20:00,9
15.53685506,-19.01566772,LA7,2009-09-27,09:40:50 AM,09:40:00,Hot-Dry,2009-09-27 09:40:00,9
15.53652751,-19.01482544,LA7,2009-09-27,10:00:50 AM,10:00:00,Hot-Dry,2009-09-27 10:00:00,9
15.53657328,-19.01481323,LA7,2009-09-27,10:20:50 AM,10:20:00,Hot-Dry,2009-09-27 10:20:00,9
15.53653564,-19.01482951,LA7,2009-09-27,10:40:50 AM,10:40:00,Hot-Dry,2009-09-27 10:40:00,9
15.53653056,-19.01482544,LA7,2009-09-27,11:00:50 AM,11:00:00,Hot-Dry,2009-09-27 11:00:00,9
15.53652039,-19.01483561,LA7,2009-09-27,11:20:50 AM,11:20:00,Hot-Dry,2009-09-27 11:20:00,9
15.53651937,-19.01483358,LA7,2009-09-27,11:40:50 AM,11:40:00,Hot-Dry,2009-09-27 11:40:00,9
15.53656108,-19.01483358,LA7,2009-09-27,12:00:50 PM,12:00:00,Hot-Dry,2009-09-27 12:00:00,9
15.53653259,-19.01480916,LA7,2009-09-27,12:20:50 PM,12:20:00,Hot-Dry,2009-09-27 12:20:00,9
15.53654378,-19.0148173,LA7,2009-09-27,12:40:50 PM,12:40:00,Hot-Dry,2009-09-27 12:40:00,9
15.53654073,-19.01482747,LA7,2009-09-27,01:00:50 PM,13:00:00,Hot-Dry,2009-09-27 13:00:00,9
15.53655294,-19.01484172,LA7,2009-09-27,01:20:50 PM,13:20:00,Hot-Dry,2009-09-27 13:20:00,9
15.53656108,-19.01483968,LA7,2009-09-27,01:40:50 PM,13:40:00,Hot-Dry,2009-09-27 13:40:00,9
15.53670553,-19.01480916,LA7,2009-09-27,02:00:50 PM,14:00:00,Hot-Dry,2009-09-27 14:00:00,9
15.5364034,-19.01510417,LA7,2009-09-27,02:20:50 PM,14:20:00,Hot-Dry,2009-09-27 14:20:00,9
15.53556213,-19.0164388,LA7,2009-09-27,02:40:50 PM,14:40:00,Hot-Dry,2009-09-27 14:40:00,9
15.53476461,-19.01737264,LA7,2009-09-27,03:00:50 PM,15:00:00,Hot-Dry,2009-09-27 15:00:00,9
15.53416036,-19.01902059,LA7,2009-09-27,03:20:50 PM,15:20:00,Hot-Dry,2009-09-27 15:20:00,9
15.53462118,-19.02183024,LA7,2009-09-27,03:40:50 PM,15:40:00,Hot-Dry,2009-09-27 15:40:00,9
15.53476156,-19.0255839,LA7,2009-09-27,04:00:50 PM,16:00:00,Hot-Dry,2009-09-27 16:00:00,9
15.53478597,-19.03042806,LA7,2009-09-27,04:20:50 PM,16:20:00,Hot-Dry,2009-09-27 16:20:00,9
15.53445129,-19.03183594,LA7,2009-09-27,04:40:50 PM,16:40:00,Hot-Dry,2009-09-27 16:40:00,9
15.53457336,-19.0321757,LA7,2009-09-27,05:00:50 PM,17:00:00,Hot-Dry,2009-09-27 17:00:00,9
15.53482971,-19.0323466,LA7,2009-09-27,05:20:49 PM,17:20:00,Hot-Dry,2009-09-27 17:20:00,9
15.53481445,-19.03234049,LA7,2009-09-27,05:40:50 PM,17:40:00,Hot-Dry,2009-09-27 17:40:00,9
15.53481954,-19.03232218,LA7,2009-09-27,06:00:50 PM,18:00:00,Hot-Dry,2009-09-27 18:00:00,9
15.53457235,-19.03252767,LA7,2009-09-27,06:20:50 PM,18:20:00,Hot-Dry,2009-09-27 18:20:00,9
15.53341471,-19.03276774,LA7,2009-09-27,06:40:50 PM,18:40:00,Hot-Dry,2009-09-27 18:40:00,9
15.53165588,-19.03308309,LA7,2009-09-27,07:00:50 PM,19:00:00,Hot-Dry,2009-09-27 19:00:00,9
15.53130188,-19.03298136,LA7,2009-09-27,07:20:50 PM,19:20:00,Hot-Dry,2009-09-27 19:20:00,9
15.53075663,-19.03325195,LA7,2009-09-27,07:40:50 PM,19:40:00,Hot-Dry,2009-09-27 19:40:00,9
15.52977498,-19.03451538,LA7,2009-09-27,08:00:50 PM,20:00:00,Hot-Dry,2009-09-27 20:00:00,9
15.52978414,-19.03451131,LA7,2009-09-27,08:20:50 PM,20:20:00,Hot-Dry,2009-09-27 20:20:00,9
15.52977295,-19.03451335,LA7,2009-09-27,08:40:50 PM,20:40:00,Hot-Dry,2009-09-27 20:40:00,9
15.52977295,-19.03451742,LA7,2009-09-27,09:00:50 PM,21:00:00,Hot-Dry,2009-09-27 21:00:00,9
15.52922363,-19.03486328,LA7,2009-09-27,09:20:50 PM,21:20:00,Hot-Dry,2009-09-27 21:20:00,9
15.52917989,-19.03483887,LA7,2009-09-27,09:40:50 PM,21:40:00,Hot-Dry,2009-09-27 21:40:00,9
15.52919718,-19.03484904,LA7,2009-09-27,10:00:50 PM,22:00:00,Hot-Dry,2009-09-27 22:00:00,9
15.52848307,-19.0348938,LA7,2009-09-27,10:20:50 PM,22:20:00,Hot-Dry,2009-09-27 22:20:00,9
15.5284668,-19.0348938,LA7,2009-09-27,10:40:50 PM,22:40:00,Hot-Dry,2009-09-27 22:40:00,9
15.5284668,-19.03488159,LA7,2009-09-27,11:00:50 PM,23:00:00,Hot-Dry,2009-09-27 23:00:00,9
15.52844035,-19.03489583,LA7,2009-09-27,11:20:50 PM,23:20:00,Hot-Dry,2009-09-27 23:20:00,9
15.52845052,-19.0348938,LA7,2009-09-27,11:40:50 PM,23:40:00,Hot-Dry,2009-09-27 23:40:00,9
15.52821045,-19.03450114,LA7,2009-09-28,12:00:50 AM,00:00:00,Hot-Dry,2009-09-28 00:00:00,9
15.5284668,-19.03497721,LA7,2009-09-28,12:20:50 AM,00:20:00,Hot-Dry,2009-09-28 00:20:00,9
15.52749837,-19.03488566,LA7,2009-09-28,12:40:50 AM,00:40:00,Hot-Dry,2009-09-28 00:40:00,9
15.52527974,-19.03295695,LA7,2009-09-28,01:00:50 AM,01:00:00,Hot-Dry,2009-09-28 01:00:00,9
15.52410075,-19.0325175,LA7,2009-09-28,01:20:50 AM,01:20:00,Hot-Dry,2009-09-28 01:20:00,9
15.52385356,-19.03259277,LA7,2009-09-28,01:40:50 AM,01:40:00,Hot-Dry,2009-09-28 01:40:00,9
15.52377421,-19.03272502,LA7,2009-09-28,02:00:50 AM,02:00:00,Hot-Dry,2009-09-28 02:00:00,9
15.52365519,-19.03269857,LA7,2009-09-28,02:20:50 AM,02:20:00,Hot-Dry,2009-09-28 02:20:00,9
15.52334493,-19.03245646,LA7,2009-09-28,02:40:50 AM,02:40:00,Hot-Dry,2009-09-28 02:40:00,9
15.52298787,-19.03191935,LA7,2009-09-28,03:00:50 AM,03:00:00,Hot-Dry,2009-09-28 03:00:00,9
15.52283122,-19.03175659,LA7,2009-09-28,03:20:50 AM,03:20:00,Hot-Dry,2009-09-28 03:20:00,9
15.52283732,-19.03170776,LA7,2009-09-28,03:40:50 AM,03:40:00,Hot-Dry,2009-09-28 03:40:00,9
15.52241211,-19.03140462,LA7,2009-09-28,04:00:50 AM,04:00:00,Hot-Dry,2009-09-28 04:00:00,9
15.52205302,-19.03108521,LA7,2009-09-28,04:20:50 AM,04:20:00,Hot-Dry,2009-09-28 04:20:00,9
15.52160441,-19.0308492,LA7,2009-09-28,04:40:50 AM,04:40:00,Hot-Dry,2009-09-28 04:40:00,9
15.52100932,-19.03010864,LA7,2009-09-28,05:00:50 AM,05:00:00,Hot-Dry,2009-09-28 05:00:00,9
15.52101339,-19.0299825,LA7,2009-09-28,05:20:50 AM,05:20:00,Hot-Dry,2009-09-28 05:20:00,9
15.52102254,-19.02959188,LA7,2009-09-28,05:40:50 AM,05:40:00,Hot-Dry,2009-09-28 05:40:00,9
15.52094421,-19.02912598,LA7,2009-09-28,06:00:50 AM,06:00:00,Hot-Dry,2009-09-28 06:00:00,9
15.52130127,-19.02846476,LA7,2009-09-28,06:20:50 AM,06:20:00,Hot-Dry,2009-09-28 06:20:00,9
15.52184957,-19.02767537,LA7,2009-09-28,06:40:50 AM,06:40:00,Hot-Dry,2009-09-28 06:40:00,9
15.52267558,-19.02319132,LA7,2009-09-28,07:00:50 AM,07:00:00,Hot-Dry,2009-09-28 07:00:00,9
15.52342936,-19.0198995,LA7,2009-09-28,07:20:50 AM,07:20:00,Hot-Dry,2009-09-28 07:20:00,9
15.52372538,-19.01745809,LA7,2009-09-28,07:40:50 AM,07:40:00,Hot-Dry,2009-09-28 07:40:00,9
15.52391357,-19.01739502,LA7,2009-09-28,08:00:50 AM,08:00:00,Hot-Dry,2009-09-28 08:00:00,9
15.52388814,-19.01740112,LA7,2009-09-28,08:20:50 AM,08:20:00,Hot-Dry,2009-09-28 08:20:00,9
15.52391256,-19.01740926,LA7,2009-09-28,08:40:50 AM,08:40:00,Hot-Dry,2009-09-28 08:40:00,9
15.52392171,-19.01738078,LA7,2009-09-28,09:00:50 AM,09:00:00,Hot-Dry,2009-09-28 09:00:00,9
15.52390747,-19.01738892,LA7,2009-09-28,09:20:50 AM,09:20:00,Hot-Dry,2009-09-28 09:20:00,9
15.52390544,-19.0174113,LA7,2009-09-28,09:40:50 AM,09:40:00,Hot-Dry,2009-09-28 09:40:00,9
15.52393494,-19.01739502,LA7,2009-09-28,10:00:50 AM,10:00:00,Hot-Dry,2009-09-28 10:00:00,9
15.52394511,-19.01741943,LA7,2009-09-28,10:20:50 AM,10:20:00,Hot-Dry,2009-09-28 10:20:00,9
15.52393494,-19.0174113,LA7,2009-09-28,10:40:50 AM,10:40:00,Hot-Dry,2009-09-28 10:40:00,9
15.52393392,-19.01740723,LA7,2009-09-28,11:00:50 AM,11:00:00,Hot-Dry,2009-09-28 11:00:00,9
15.5239329,-19.01742757,LA7,2009-09-28,11:20:50 AM,11:20:00,Hot-Dry,2009-09-28 11:20:00,9
15.52391357,-19.01739909,LA7,2009-09-28,11:40:50 AM,11:40:00,Hot-Dry,2009-09-28 11:40:00,9
15.52393188,-19.01736043,LA7,2009-09-28,12:00:50 PM,12:00:00,Hot-Dry,2009-09-28 12:00:00,9
15.5239329,-19.01739299,LA7,2009-09-28,12:20:50 PM,12:20:00,Hot-Dry,2009-09-28 12:20:00,9
15.52390137,-19.01740316,LA7,2009-09-28,12:40:50 PM,12:40:00,Hot-Dry,2009-09-28 12:40:00,9
15.52395935,-19.01745605,LA7,2009-09-28,01:00:50 PM,13:00:00,Hot-Dry,2009-09-28 13:00:00,9
15.52390137,-19.01722616,LA7,2009-09-28,01:20:50 PM,13:20:00,Hot-Dry,2009-09-28 13:20:00,9
15.5212148,-19.01524455,LA7,2009-09-28,01:40:50 PM,13:40:00,Hot-Dry,2009-09-28 13:40:00,9
15.51916504,-19.01157227,LA7,2009-09-28,02:00:50 PM,14:00:00,Hot-Dry,2009-09-28 14:00:00,9
15.51897278,-19.01057943,LA7,2009-09-28,02:20:50 PM,14:20:00,Hot-Dry,2009-09-28 14:20:00,9
15.51900736,-19.0106486,LA7,2009-09-28,02:40:50 PM,14:40:00,Hot-Dry,2009-09-28 14:40:00,9
15.51902466,-19.01065877,LA7,2009-09-28,03:00:50 PM,15:00:00,Hot-Dry,2009-09-28 15:00:00,9
15.51896159,-19.01061198,LA7,2009-09-28,03:20:50 PM,15:20:00,Hot-Dry,2009-09-28 15:20:00,9
15.51879171,-19.01023153,LA7,2009-09-28,03:40:50 PM,15:40:00,Hot-Dry,2009-09-28 15:40:00,9
15.51780294,-19.00786336,LA7,2009-09-28,04:00:50 PM,16:00:00,Hot-Dry,2009-09-28 16:00:00,9
15.51697286,-19.00602417,LA7,2009-09-28,04:20:50 PM,16:20:00,Hot-Dry,2009-09-28 16:20:00,9
15.51289876,-19.00172119,LA7,2009-09-28,04:40:50 PM,16:40:00,Hot-Dry,2009-09-28 16:40:00,9
15.51022644,-19.00012207,LA7,2009-09-28,05:00:50 PM,17:00:00,Hot-Dry,2009-09-28 17:00:00,9
15.50843811,-18.99552816,LA7,2009-09-28,05:20:50 PM,17:20:00,Hot-Dry,2009-09-28 17:20:00,9
15.50721436,-18.99201864,LA7,2009-09-28,05:40:50 PM,17:40:00,Hot-Dry,2009-09-28 17:40:00,9
15.50483704,-18.98286336,LA7,2009-09-28,06:00:50 PM,18:00:00,Hot-Dry,2009-09-28 18:00:00,9
15.50358683,-18.97658285,LA7,2009-09-28,06:20:50 PM,18:20:00,Hot-Dry,2009-09-28 18:20:00,9
15.50367635,-18.97664795,LA7,2009-09-28,06:40:50 PM,18:40:00,Hot-Dry,2009-09-28 18:40:00,9
15.50366821,-18.97657878,LA7,2009-09-28,07:00:50 PM,19:00:00,Hot-Dry,2009-09-28 19:00:00,9
15.50362854,-18.97660522,LA7,2009-09-28,07:20:50 PM,19:20:00,Hot-Dry,2009-09-28 19:20:00,9
15.50366007,-18.97653809,LA7,2009-09-28,07:40:50 PM,19:40:00,Hot-Dry,2009-09-28 19:40:00,9
15.50457662,-18.97596639,LA7,2009-09-28,08:00:50 PM,20:00:00,Hot-Dry,2009-09-28 20:00:00,9
15.51079915,-18.97970785,LA7,2009-09-28,08:20:50 PM,20:20:00,Hot-Dry,2009-09-28 20:20:00,9
15.51725464,-18.98374227,LA7,2009-09-28,08:40:50 PM,20:40:00,Hot-Dry,2009-09-28 20:40:00,9
15.52432963,-18.98445028,LA7,2009-09-28,09:00:50 PM,21:00:00,Hot-Dry,2009-09-28 21:00:00,9
15.5336141,-18.99280599,LA7,2009-09-28,09:20:50 PM,21:20:00,Hot-Dry,2009-09-28 21:20:00,9
15.53897502,-18.99873657,LA7,2009-09-28,09:40:50 PM,21:40:00,Hot-Dry,2009-09-28 21:40:00,9
15.542571,-19.00211385,LA7,2009-09-28,10:00:50 PM,22:00:00,Hot-Dry,2009-09-28 22:00:00,9
15.54654338,-19.00482585,LA7,2009-09-28,10:20:50 PM,22:20:00,Hot-Dry,2009-09-28 22:20:00,9
15.54861654,-19.0071818,LA7,2009-09-28,10:40:50 PM,22:40:00,Hot-Dry,2009-09-28 22:40:00,9
15.55025024,-19.00807699,LA7,2009-09-28,11:00:50 PM,23:00:00,Hot-Dry,2009-09-28 23:00:00,9
15.55056966,-19.00873006,LA7,2009-09-28,11:20:50 PM,23:20:00,Hot-Dry,2009-09-28 23:20:00,9
15.5506012,-19.00888062,LA7,2009-09-28,11:40:50 PM,23:40:00,Hot-Dry,2009-09-28 23:40:00,9
15.55280457,-19.01098226,LA7,2009-09-29,12:00:50 AM,00:00:00,Hot-Dry,2009-09-29 00:00:00,9
15.55493673,-19.01216227,LA7,2009-09-29,12:20:50 AM,00:20:00,Hot-Dry,2009-09-29 00:20:00,9
15.55568644,-19.01239217,LA7,2009-09-29,12:40:50 AM,00:40:00,Hot-Dry,2009-09-29 00:40:00,9
15.5561554,-19.01248576,LA7,2009-09-29,01:00:50 AM,01:00:00,Hot-Dry,2009-09-29 01:00:00,9
15.55621338,-19.01242269,LA7,2009-09-29,01:20:50 AM,01:20:00,Hot-Dry,2009-09-29 01:20:00,9
15.55640055,-19.01241862,LA7,2009-09-29,01:40:50 AM,01:40:00,Hot-Dry,2009-09-29 01:40:00,9
15.55664673,-19.01235962,LA7,2009-09-29,02:00:50 AM,02:00:00,Hot-Dry,2009-09-29 02:00:00,9
15.55690206,-19.01232503,LA7,2009-09-29,02:20:50 AM,02:20:00,Hot-Dry,2009-09-29 02:20:00,9
15.55682373,-19.01227824,LA7,2009-09-29,02:40:50 AM,02:40:00,Hot-Dry,2009-09-29 02:40:00,9
15.55676066,-19.01230265,LA7,2009-09-29,03:00:50 AM,03:00:00,Hot-Dry,2009-09-29 03:00:00,9
15.55676982,-19.01236369,LA7,2009-09-29,03:20:50 AM,03:20:00,Hot-Dry,2009-09-29 03:20:00,9
15.55679118,-19.01237386,LA7,2009-09-29,03:40:50 AM,03:40:00,Hot-Dry,2009-09-29 03:40:00,9
15.55679728,-19.01238607,LA7,2009-09-29,04:00:50 AM,04:00:00,Hot-Dry,2009-09-29 04:00:00,9
15.55666809,-19.01239421,LA7,2009-09-29,04:20:50 AM,04:20:00,Hot-Dry,2009-09-29 04:20:00,9
15.55670064,-19.01226603,LA7,2009-09-29,04:40:50 AM,04:40:00,Hot-Dry,2009-09-29 04:40:00,9
15.55717773,-19.01189575,LA7,2009-09-29,05:00:50 AM,05:00:00,Hot-Dry,2009-09-29 05:00:00,9
15.55860291,-19.01121419,LA7,2009-09-29,05:20:50 AM,05:20:00,Hot-Dry,2009-09-29 05:20:00,9
15.55968933,-19.01118774,LA7,2009-09-29,05:40:50 AM,05:40:00,Hot-Dry,2009-09-29 05:40:00,9
15.56135966,-19.01114705,LA7,2009-09-29,06:00:50 AM,06:00:00,Hot-Dry,2009-09-29 06:00:00,9
15.56221313,-19.01090495,LA7,2009-09-29,06:20:50 AM,06:20:00,Hot-Dry,2009-09-29 06:20:00,9
15.56363932,-19.0103068,LA7,2009-09-29,06:40:50 AM,06:40:00,Hot-Dry,2009-09-29 06:40:00,9
15.56491496,-19.00983683,LA7,2009-09-29,07:00:50 AM,07:00:00,Hot-Dry,2009-09-29 07:00:00,9
15.56570943,-19.00898844,LA7,2009-09-29,07:20:50 AM,07:20:00,Hot-Dry,2009-09-29 07:20:00,9
15.56581421,-19.00888265,LA7,2009-09-29,07:40:50 AM,07:40:00,Hot-Dry,2009-09-29 07:40:00,9
15.56678263,-19.00750529,LA7,2009-09-29,08:00:50 AM,08:00:00,Hot-Dry,2009-09-29 08:00:00,9
15.56788127,-19.00628866,LA7,2009-09-29,08:20:50 AM,08:20:00,Hot-Dry,2009-09-29 08:20:00,9
15.56827596,-19.00610352,LA7,2009-09-29,08:40:50 AM,08:40:00,Hot-Dry,2009-09-29 08:40:00,9
15.56916707,-19.00623983,LA7,2009-09-29,09:00:50 AM,09:00:00,Hot-Dry,2009-09-29 09:00:00,9
15.57133993,-19.00675456,LA7,2009-09-29,09:20:50 AM,09:20:00,Hot-Dry,2009-09-29 09:20:00,9
15.57174886,-19.00771484,LA7,2009-09-29,09:40:50 AM,09:40:00,Hot-Dry,2009-09-29 09:40:00,9
15.57256368,-19.00962524,LA7,2009-09-29,10:00:50 AM,10:00:00,Hot-Dry,2009-09-29 10:00:00,9
15.57371216,-19.01184896,LA7,2009-09-29,10:20:50 AM,10:20:00,Hot-Dry,2009-09-29 10:20:00,9
15.57484029,-19.01394653,LA7,2009-09-29,10:40:50 AM,10:40:00,Hot-Dry,2009-09-29 10:40:00,9
15.57638652,-19.01507975,LA7,2009-09-29,11:00:50 AM,11:00:00,Hot-Dry,2009-09-29 11:00:00,9
15.57639465,-19.01509196,LA7,2009-09-29,11:20:50 AM,11:20:00,Hot-Dry,2009-09-29 11:20:00,9
15.57641907,-19.01510213,LA7,2009-09-29,11:40:50 AM,11:40:00,Hot-Dry,2009-09-29 11:40:00,9
15.57640279,-19.01508586,LA7,2009-09-29,12:00:50 PM,12:00:00,Hot-Dry,2009-09-29 12:00:00,9
15.57638855,-19.01508789,LA7,2009-09-29,12:20:50 PM,12:20:00,Hot-Dry,2009-09-29 12:20:00,9
15.57640381,-19.01507161,LA7,2009-09-29,12:40:50 PM,12:40:00,Hot-Dry,2009-09-29 12:40:00,9
15.57639567,-19.01507975,LA7,2009-09-29,01:00:50 PM,13:00:00,Hot-Dry,2009-09-29 13:00:00,9
15.576356,-19.01506348,LA7,2009-09-29,01:20:50 PM,13:20:00,Hot-Dry,2009-09-29 13:20:00,9
15.57636312,-19.01508382,LA7,2009-09-29,01:40:50 PM,13:40:00,Hot-Dry,2009-09-29 13:40:00,9
15.576356,-19.01508382,LA7,2009-09-29,02:00:50 PM,14:00:00,Hot-Dry,2009-09-29 14:00:00,9
15.57633667,-19.01507365,LA7,2009-09-29,02:20:50 PM,14:20:00,Hot-Dry,2009-09-29 14:20:00,9
15.57636414,-19.01506144,LA7,2009-09-29,02:40:50 PM,14:40:00,Hot-Dry,2009-09-29 14:40:00,9
15.57638245,-19.01507161,LA7,2009-09-29,03:00:50 PM,15:00:00,Hot-Dry,2009-09-29 15:00:00,9
15.57738444,-19.01422119,LA7,2009-09-29,03:20:50 PM,15:20:00,Hot-Dry,2009-09-29 15:20:00,9
15.57829895,-19.01362915,LA7,2009-09-29,03:40:50 PM,15:40:00,Hot-Dry,2009-09-29 15:40:00,9
15.57872518,-19.01321818,LA7,2009-09-29,04:00:50 PM,16:00:00,Hot-Dry,2009-09-29 16:00:00,9
15.57993469,-19.01264038,LA7,2009-09-29,04:20:50 PM,16:20:00,Hot-Dry,2009-09-29 16:20:00,9
15.58141886,-19.0119873,LA7,2009-09-29,04:40:50 PM,16:40:00,Hot-Dry,2009-09-29 16:40:00,9
15.58312988,-19.01197103,LA7,2009-09-29,05:00:50 PM,17:00:00,Hot-Dry,2009-09-29 17:00:00,9
15.58442383,-19.01223348,LA7,2009-09-29,05:20:50 PM,17:20:00,Hot-Dry,2009-09-29 17:20:00,9
15.58588359,-19.01265462,LA7,2009-09-29,05:40:50 PM,17:40:00,Hot-Dry,2009-09-29 17:40:00,9
15.58679097,-19.01317749,LA7,2009-09-29,06:00:50 PM,18:00:00,Hot-Dry,2009-09-29 18:00:00,9
15.58830973,-19.01411336,LA7,2009-09-29,06:20:50 PM,18:20:00,Hot-Dry,2009-09-29 18:20:00,9
15.58936869,-19.01426188,LA7,2009-09-29,06:40:50 PM,18:40:00,Hot-Dry,2009-09-29 18:40:00,9
15.59045512,-19.01411336,LA7,2009-09-29,07:00:50 PM,19:00:00,Hot-Dry,2009-09-29 19:00:00,9
15.59112345,-19.01290487,LA7,2009-09-29,07:20:50 PM,19:20:00,Hot-Dry,2009-09-29 19:20:00,9
15.59117839,-19.01264038,LA7,2009-09-29,07:40:50 PM,19:40:00,Hot-Dry,2009-09-29 19:40:00,9
15.59148458,-19.01158244,LA7,2009-09-29,08:00:50 PM,20:00:00,Hot-Dry,2009-09-29 20:00:00,9
15.59110107,-19.01097005,LA7,2009-09-29,08:20:50 PM,20:20:00,Hot-Dry,2009-09-29 20:20:00,9
15.59116414,-19.01017863,LA7,2009-09-29,08:40:50 PM,20:40:00,Hot-Dry,2009-09-29 20:40:00,9
15.59135539,-19.00996094,LA7,2009-09-29,09:00:50 PM,21:00:00,Hot-Dry,2009-09-29 21:00:00,9
15.59223124,-19.009434,LA7,2009-09-29,09:20:50 PM,21:20:00,Hot-Dry,2009-09-29 21:20:00,9
15.59214986,-19.00894572,LA7,2009-09-29,09:40:50 PM,21:40:00,Hot-Dry,2009-09-29 21:40:00,9
15.59280497,-19.00773315,LA7,2009-09-29,10:00:50 PM,22:00:00,Hot-Dry,2009-09-29 22:00:00,9
15.59343669,-19.00660197,LA7,2009-09-29,10:20:50 PM,22:20:00,Hot-Dry,2009-09-29 22:20:00,9
15.59355774,-19.00539754,LA7,2009-09-29,10:40:50 PM,22:40:00,Hot-Dry,2009-09-29 22:40:00,9
15.59373067,-19.00328166,LA7,2009-09-29,11:00:50 PM,23:00:00,Hot-Dry,2009-09-29 23:00:00,9
15.59476827,-19.0024882,LA7,2009-09-29,11:20:50 PM,23:20:00,Hot-Dry,2009-09-29 23:20:00,9
15.59517517,-19.0014384,LA7,2009-09-29,11:40:50 PM,23:40:00,Hot-Dry,2009-09-29 23:40:00,9
15.59513652,-19.00141195,LA7,2009-09-30,12:00:50 AM,00:00:00,Hot-Dry,2009-09-30 00:00:00,9
15.59516093,-19.00142212,LA7,2009-09-30,12:20:50 AM,00:20:00,Hot-Dry,2009-09-30 00:20:00,9
15.59540405,-19.00122274,LA7,2009-09-30,12:40:50 AM,00:40:00,Hot-Dry,2009-09-30 00:40:00,9
15.59744771,-19.00098674,LA7,2009-09-30,01:00:50 AM,01:00:00,Hot-Dry,2009-09-30 01:00:00,9
15.59778035,-19.00150553,LA7,2009-09-30,01:20:50 AM,01:20:00,Hot-Dry,2009-09-30 01:20:00,9
15.59775187,-19.00150757,LA7,2009-09-30,01:40:50 AM,01:40:00,Hot-Dry,2009-09-30 01:40:00,9
15.59770203,-19.00154215,LA7,2009-09-30,02:00:50 AM,02:00:00,Hot-Dry,2009-09-30 02:00:00,9
15.59771932,-19.00154622,LA7,2009-09-30,02:20:50 AM,02:20:00,Hot-Dry,2009-09-30 02:20:00,9
15.59769592,-19.0015625,LA7,2009-09-30,02:40:50 AM,02:40:00,Hot-Dry,2009-09-30 02:40:00,9
15.59770915,-19.00154012,LA7,2009-09-30,03:00:50 AM,03:00:00,Hot-Dry,2009-09-30 03:00:00,9
15.59779053,-19.00146688,LA7,2009-09-30,03:20:50 AM,03:20:00,Hot-Dry,2009-09-30 03:20:00,9
15.59730937,-19.00126139,LA7,2009-09-30,03:40:50 AM,03:40:00,Hot-Dry,2009-09-30 03:40:00,9
15.59687195,-18.99935303,LA7,2009-09-30,04:00:50 AM,04:00:00,Hot-Dry,2009-09-30 04:00:00,9
15.59551799,-18.99777018,LA7,2009-09-30,04:20:50 AM,04:20:00,Hot-Dry,2009-09-30 04:20:00,9
15.59434408,-18.99562581,LA7,2009-09-30,04:40:50 AM,04:40:00,Hot-Dry,2009-09-30 04:40:00,9
15.59373271,-18.99509074,LA7,2009-09-30,05:00:50 AM,05:00:00,Hot-Dry,2009-09-30 05:00:00,9
15.59266764,-18.9943807,LA7,2009-09-30,05:20:50 AM,05:20:00,Hot-Dry,2009-09-30 05:20:00,9
15.59216003,-18.99366659,LA7,2009-09-30,05:40:50 AM,05:40:00,Hot-Dry,2009-09-30 05:40:00,9
15.59171244,-18.99311523,LA7,2009-09-30,06:00:50 AM,06:00:00,Hot-Dry,2009-09-30 06:00:00,9
15.59034627,-18.99338175,LA7,2009-09-30,06:20:50 AM,06:20:00,Hot-Dry,2009-09-30 06:20:00,9
15.58962504,-18.99349976,LA7,2009-09-30,06:40:50 AM,06:40:00,Hot-Dry,2009-09-30 06:40:00,9
15.58885701,-18.99396769,LA7,2009-09-30,07:00:50 AM,07:00:00,Hot-Dry,2009-09-30 07:00:00,9
15.58776449,-18.99438883,LA7,2009-09-30,07:20:50 AM,07:20:00,Hot-Dry,2009-09-30 07:20:00,9
15.58653564,-18.99519653,LA7,2009-09-30,07:40:50 AM,07:40:00,Hot-Dry,2009-09-30 07:40:00,9
15.58583781,-18.99553833,LA7,2009-09-30,08:00:50 AM,08:00:00,Hot-Dry,2009-09-30 08:00:00,9
15.58584595,-18.9955424,LA7,2009-09-30,08:20:50 AM,08:20:00,Hot-Dry,2009-09-30 08:20:00,9
15.58567708,-18.9954834,LA7,2009-09-30,08:40:50 AM,08:40:00,Hot-Dry,2009-09-30 08:40:00,9
15.58497823,-18.99535726,LA7,2009-09-30,09:00:50 AM,09:00:00,Hot-Dry,2009-09-30 09:00:00,9
15.5839152,-18.99541423,LA7,2009-09-30,09:20:50 AM,09:20:00,Hot-Dry,2009-09-30 09:20:00,9
15.58375651,-18.99527384,LA7,2009-09-30,09:40:50 AM,09:40:00,Hot-Dry,2009-09-30 09:40:00,9
15.58388163,-18.99514771,LA7,2009-09-30,10:00:50 AM,10:00:00,Hot-Dry,2009-09-30 10:00:00,9
15.58393656,-18.9950826,LA7,2009-09-30,10:20:49 AM,10:20:00,Hot-Dry,2009-09-30 10:20:00,9
15.58391418,-18.9950826,LA7,2009-09-30,10:40:50 AM,10:40:00,Hot-Dry,2009-09-30 10:40:00,9
15.5839091,-18.99505208,LA7,2009-09-30,11:00:50 AM,11:00:00,Hot-Dry,2009-09-30 11:00:00,9
15.5839325,-18.99506632,LA7,2009-09-30,11:20:50 AM,11:20:00,Hot-Dry,2009-09-30 11:20:00,9
15.58375956,-18.99494222,LA7,2009-09-30,11:40:50 AM,11:40:00,Hot-Dry,2009-09-30 11:40:00,9
15.5834788,-18.99485677,LA7,2009-09-30,12:00:50 PM,12:00:00,Hot-Dry,2009-09-30 12:00:00,9
15.58346558,-18.99484049,LA7,2009-09-30,12:20:50 PM,12:20:00,Hot-Dry,2009-09-30 12:20:00,9
15.58283488,-18.99463704,LA7,2009-09-30,12:40:50 PM,12:40:00,Hot-Dry,2009-09-30 12:40:00,9
15.58210042,-18.9945109,LA7,2009-09-30,01:00:50 PM,13:00:00,Hot-Dry,2009-09-30 13:00:00,9
15.5820872,-18.99450073,LA7,2009-09-30,01:20:50 PM,13:20:00,Hot-Dry,2009-09-30 13:20:00,9
15.58209229,-18.99449463,LA7,2009-09-30,01:40:50 PM,13:40:00,Hot-Dry,2009-09-30 13:40:00,9
15.58209737,-18.99451904,LA7,2009-09-30,02:00:50 PM,14:00:00,Hot-Dry,2009-09-30 14:00:00,9
15.58127136,-18.99424235,LA7,2009-09-30,02:20:50 PM,14:20:00,Hot-Dry,2009-09-30 14:20:00,9
15.57785441,-18.99286092,LA7,2009-09-30,02:40:51 PM,14:40:00,Hot-Dry,2009-09-30 14:40:00,9
15.57530212,-18.9925415,LA7,2009-09-30,03:00:50 PM,15:00:00,Hot-Dry,2009-09-30 15:00:00,9
15.57448222,-18.99242147,LA7,2009-09-30,03:20:50 PM,15:20:00,Hot-Dry,2009-09-30 15:20:00,9
15.5717509,-18.99063314,LA7,2009-09-30,03:40:50 PM,15:40:00,Hot-Dry,2009-09-30 15:40:00,9
15.5661377,-18.9887146,LA7,2009-09-30,04:00:50 PM,16:00:00,Hot-Dry,2009-09-30 16:00:00,9
15.56010946,-18.98723145,LA7,2009-09-30,04:20:50 PM,16:20:00,Hot-Dry,2009-09-30 16:20:00,9
15.55543213,-18.98668009,LA7,2009-09-30,04:40:50 PM,16:40:00,Hot-Dry,2009-09-30 16:40:00,9
15.55133769,-18.98684692,LA7,2009-09-30,05:00:50 PM,17:00:00,Hot-Dry,2009-09-30 17:00:00,9
15.54554036,-18.98665365,LA7,2009-09-30,05:20:50 PM,17:20:00,Hot-Dry,2009-09-30 17:20:00,9
15.53979696,-18.98589884,LA7,2009-09-30,05:40:50 PM,17:40:00,Hot-Dry,2009-09-30 17:40:00,9
15.53219299,-18.98305664,LA7,2009-09-30,06:00:50 PM,18:00:00,Hot-Dry,2009-09-30 18:00:00,9
15.52254537,-18.9777181,LA7,2009-09-30,06:20:50 PM,18:20:00,Hot-Dry,2009-09-30 18:20:00,9
15.51415812,-18.97377116,LA7,2009-09-30,06:40:50 PM,18:40:00,Hot-Dry,2009-09-30 18:40:00,9
15.5053243,-18.97627563,LA7,2009-09-30,07:00:50 PM,19:00:00,Hot-Dry,2009-09-30 19:00:00,9
15.50363668,-18.97652181,LA7,2009-09-30,07:20:50 PM,19:20:00,Hot-Dry,2009-09-30 19:20:00,9
15.50362244,-18.97653198,LA7,2009-09-30,07:40:50 PM,19:40:00,Hot-Dry,2009-09-30 19:40:00,9
15.5053009,-18.97240804,LA7,2009-09-30,08:00:50 PM,20:00:00,Hot-Dry,2009-09-30 20:00:00,9
15.50583903,-18.97157593,LA7,2009-09-30,08:20:50 PM,20:20:00,Hot-Dry,2009-09-30 20:20:00,9
15.50602112,-18.9715332,LA7,2009-09-30,08:40:50 PM,20:40:00,Hot-Dry,2009-09-30 20:40:00,9
15.50646362,-18.97135213,LA7,2009-09-30,09:00:50 PM,21:00:00,Hot-Dry,2009-09-30 21:00:00,9
15.50698649,-18.97115885,LA7,2009-09-30,09:20:50 PM,21:20:00,Hot-Dry,2009-09-30 21:20:00,9
15.50695699,-18.97116903,LA7,2009-09-30,09:40:50 PM,21:40:00,Hot-Dry,2009-09-30 21:40:00,9
15.50707499,-18.97122192,LA7,2009-09-30,10:00:50 PM,22:00:00,Hot-Dry,2009-09-30 22:00:00,9
15.50696411,-18.97128092,LA7,2009-09-30,10:20:50 PM,22:20:00,Hot-Dry,2009-09-30 22:20:00,9
15.50677592,-18.97225749,LA7,2009-09-30,10:40:50 PM,22:40:00,Hot-Dry,2009-09-30 22:40:00,9
15.50361837,-18.97653198,LA7,2009-09-30,11:00:50 PM,23:00:00,Hot-Dry,2009-09-30 23:00:00,9
15.51291707,-18.97647298,LA7,2009-09-30,11:20:50 PM,23:20:00,Hot-Dry,2009-09-30 23:20:00,9
15.51955261,-18.97533569,LA7,2009-09-30,11:40:50 PM,23:40:00,Hot-Dry,2009-09-30 23:40:00,9
