9.932407588734698948e+03,1.165775538583884163e-01,9.138178753936392695e+01,1.064944055783528798e-01
2.252385529018879606e+04,2.607024781301835459e-01,8.217473020642231063e+01,3.014850371062186007e-01
1.959189989653974044e+04,2.268509519464255719e-01,7.661324601452109562e+01,1.422322146696340939e-01
2.002852561949782830e+04,2.318116391145581545e-01,7.861203292026640099e+01,1.622887580465556534e-01
2.286655720023206231e+04,2.646592268545377435e-01,6.789592850054432915e+01,3.878114316531786065e-01
1.876010148565261625e+04,2.170719032502516077e-01,8.000330962124301948e+01,2.314437048820314757e-01
8.319412800705556947e+03,9.625788895481746099e-02,8.235305766318617771e+01,1.334800045729596651e-01
2.207276464210035920e+04,2.554926088406765938e-01,6.998897780751610753e+01,3.474592331923881949e-01
1.204555575704298099e+04,1.393328156204365897e-01,6.939771566086430710e+01,1.792545066339007176e-01
1.038960089969527326e+04,1.203038437636749086e-01,7.901598076291597295e+01,1.168721994501518563e-01
1.688972473626193459e+04,2.310604522644815195e-01,8.319716673964120446e+01,1.942002015433366147e-01
9.964065716789655198e+03,1.153441163982101003e-01,7.961704153747199086e+01,1.469413020153604033e-01
2.565572425756524171e+04,2.970235581521419310e-01,5.458563890386481887e+01,4.267373295246437714e-01
1.052747675970147793e+04,1.218794517926891363e-01,8.468955035114555585e+01,1.115851300985511163e-01
1.678836626193491975e+04,1.942857415342004179e-01,6.013649742799734810e+01,1.992945014659610325e-01
1.679137024132757870e+04,1.943228832800721895e-01,6.480715509931974339e+01,2.381945219570538452e-01
2.267752199469428888e+04,2.625079189880425434e-01,5.965739404454841832e+01,2.900844809265743507e-01
2.128286923046827724e+04,2.463703291441411425e-01,7.747011688920623840e+01,1.680357262264243756e-01
2.083333232718819272e+04,2.412147685978583700e-01,7.069863024654169692e+01,1.750832350033820484e-01
2.313108401453337865e+04,2.677707591270225840e-01,6.261975171881547908e+01,2.165645711857580313e-01
3.308846198336649104e+04,3.829625571593222033e-01,6.446492794079092903e+01,4.280938787775535603e-01
1.957100860538016786e+04,2.267627283214572742e-01,6.481821904728218442e+01,1.490659567993170564e-01
1.256722033444421686e+04,1.474961602148220918e-01,8.049248809346106270e+01,1.435877206116172311e-01
1.037861383694914184e+04,1.094575011579776991e-01,7.976584876007102309e+01,3.936776621164418677e-02
2.993204843095190881e+04,3.464500520113282245e-01,6.547749672164631818e+01,2.586235951897591367e-01
1.837674814903700099e+04,2.126955501421608219e-01,8.423000789170959024e+01,1.833991572111182133e-01
1.745254586739990191e+04,2.019970586504617471e-01,7.900272545295359805e+01,2.253527698118789058e-01
3.330521306403983181e+04,3.854770030560165095e-01,6.525586933550376045e+01,2.794870937351109919e-01
1.720677923324518633e+04,1.991525374218192090e-01,6.752227190538266655e+01,1.212728362016439326e-01
1.790550746209419594e+04,2.070986519864291830e-01,7.116600590021694472e+01,8.863167963122528525e-02
1.244574879343641624e+04,1.477636940977036240e-01,7.148710689769224302e+01,1.002561142834948738e-01
6.027197859944131778e+03,1.569582776027117488e-01,7.147177735902259599e+01,7.154387215991087068e-02
2.083782295034269919e+04,3.838690987532529242e-01,6.971546467867359809e+01,2.912810008310123266e-01
3.726475453188241227e+04,4.313050293041945094e-01,6.913940079476981282e+01,5.680595817609698228e-01
1.283287556694124578e+04,1.485286523951532545e-01,9.070377920235803515e+01,1.702169843204305311e-01
8.832645818307024456e+03,1.066744664046741509e-01,7.825737023777261925e+01,7.155576263748966714e-02
1.014967002888912612e+04,1.248009422506376337e-01,8.429878297820049227e+01,8.686009180437893884e-02
1.116032137288291779e+04,1.291295624857002888e-01,9.318379964423954220e+01,9.134371095153200060e-02
9.944424856157860631e+03,1.150953690384874661e-01,8.038084731216217449e+01,9.485628631683577783e-02
8.000842945663855062e+03,9.257646717825644689e-02,8.971331434089391621e+01,6.791289503786378245e-02
1.104292533513701710e+04,1.278076814283422569e-01,8.072749050672615567e+01,9.238632754087018617e-02
5.443741182969638430e+03,6.300881538136375581e-02,8.234973848113941131e+01,5.304031869723198345e-02
1.778229717901791082e+04,2.058058084105960361e-01,7.341009610357032500e+01,1.556688705021773700e-01
1.737487516920141206e+04,2.010287491024221052e-01,8.181405179604928435e+01,2.480335855539525236e-01
2.029098000281350687e+04,2.348585904882036224e-01,6.099108381422993830e+01,3.123792134462997083e-01
1.742012357449725096e+04,2.016745223643363616e-01,6.557013674152413785e+01,1.872289170559994498e-01
1.828873969823205698e+04,2.116259795607930150e-01,7.669135823996035128e+01,1.363172156883906694e-01
6.438328014680458182e+03,7.998784584505476414e-02,7.682318936849361535e+01,4.954260166759287543e-02
2.020748316475987667e+04,2.339473047279697626e-01,7.954727698623571541e+01,2.478758218668909996e-01
1.020088208055612631e+04,1.180641144000964260e-01,8.235216790543925924e+01,1.549521048038835780e-01
9.537290587321676867e+03,1.104495197805740875e-01,7.388895263085332488e+01,8.287658015792791211e-02
1.880887459569656130e+04,2.176917653171752953e-01,6.843169512337053106e+01,2.914304146960043918e-01
2.171519571235210969e+04,2.513541820536006610e-01,6.414314871544739560e+01,3.483991246977411471e-01
2.237474895310367720e+04,2.587113632853441647e-01,7.621785433750218886e+01,1.555492064259600682e-01
9.321391907033115785e+03,1.078915145766622258e-01,7.917130967192514390e+01,1.015950322902489378e-01
1.823714373006378446e+04,2.110876412897811916e-01,7.880359205275182433e+01,2.070591507043912094e-01
2.509084860090951406e+04,2.904033402883045012e-01,6.617574191224294111e+01,3.944850413716152193e-01
2.858775555339661514e+04,3.308768003865348861e-01,7.296081406786652224e+01,3.501806711449427789e-01
1.072404690808952000e+04,1.241189915370527336e-01,8.778183145274456933e+01,9.934933287466723995e-02
4.984071622165794906e+03,5.768601414543739203e-02,7.888582972454786102e+01,4.423002169051241245e-02
1.511713265445694924e+04,1.749668131302887508e-01,7.128584785720155992e+01,1.109728636265388674e-01
7.636084796810677290e+03,8.832976651530377588e-02,6.999632936404017869e+01,1.123531423570722776e-01
2.505331216785534707e+04,2.899688908316591096e-01,6.432183176773723687e+01,3.257253222084809385e-01
9.240083785398626787e+03,1.069454141828544425e-01,8.166687886763246240e+01,1.132544015215708327e-01
2.141566928244477458e+04,2.478665426208885580e-01,6.964052090654045912e+01,2.072463867937051063e-01
1.909990417962439824e+04,2.210637057826897456e-01,6.326977077116698922e+01,2.642373419520357980e-01
1.252146528620586469e+04,1.449243667384937650e-01,7.565245656933808505e+01,1.426467325845457157e-01
9.674581936084934568e+03,1.175806247325317383e-01,9.295555374779036129e+01,9.412394974984523988e-02
1.343996492927994041e+04,1.557125261031631069e-01,7.514573398043144437e+01,1.375885374721342591e-01
2.005402208004895874e+04,2.321788709571156462e-01,7.536458304723421975e+01,2.705717580837299630e-01
1.932814596384688775e+04,2.237122846523512676e-01,7.284198157253904071e+01,1.810737627534891314e-01
1.235031576301542736e+04,1.429405363829215903e-01,6.733811565032102919e+01,1.094026551130220654e-01
2.088939699360313534e+04,2.418692527348049737e-01,7.079414168016221254e+01,1.621948174740041881e-01
2.252881845159268778e+04,2.608114528190304537e-01,5.790612317575245527e+01,2.950421030745254969e-01
1.840736883947784372e+04,2.131027643714702435e-01,5.836348134434872037e+01,1.880380681830901568e-01
1.938785010983417305e+04,2.243691642701965139e-01,7.325380900910580806e+01,2.104091840834305949e-01
2.338691308336195652e+04,2.707087272043701143e-01,8.456611341864388010e+01,2.591286825311175379e-01
2.471404950069590268e+04,2.859170999622416831e-01,8.351843608581893363e+01,3.486739829825332704e-01
3.169901300072530285e+04,3.669028941204720007e-01,7.063899214525125103e+01,3.380269655701900744e-01
2.753946314384469952e+04,3.187279157279075403e-01,6.466718494768214498e+01,3.646752753815035164e-01
2.076055575813585165e+04,2.402875330245377028e-01,7.802775875372705627e+01,2.852112960781904016e-01
1.826902414128986129e+04,2.114431836260943776e-01,8.005796131437591612e+01,1.331436483127952930e-01
1.696555043039915836e+04,1.962062161887338785e-01,8.035697898812539108e+01,1.426571460957296034e-01
1.921438602311115392e+04,2.226139438739840604e-01,6.025901089206304562e+01,2.828674200967044583e-01
2.194225701935994584e+04,2.538992327227726498e-01,5.961382063133504516e+01,3.140377940853508743e-01
3.079083877243880124e+04,3.243375886214157067e-01,7.268355093087312468e+01,4.148617665265937338e-01
2.492999801503124763e+04,2.887045206687244292e-01,5.305111998812384400e+01,3.962576270860342920e-01
1.147158826707593835e+04,1.327411481058030640e-01,7.066884807266971791e+01,1.396056719869827878e-01
4.555964176080270590e+03,5.273106685278085987e-02,7.984915209037323791e+01,3.345519524093568814e-02
6.237857617417010260e+03,7.219742612751163524e-02,8.260364603822446838e+01,8.902909655455082394e-02
1.077077519503901203e+04,1.246617499425811126e-01,7.641246107688620270e+01,8.880946939741334034e-02
1.031520680396123862e+04,1.193912917381477617e-01,6.341296668916781698e+01,7.983580970663659016e-02
2.320915043310004330e+04,2.686244263090282747e-01,7.281648510050247580e+01,2.156311694936631218e-01
1.792788575803898857e+04,2.074309568085067612e-01,5.271776635139291045e+01,2.052614538482382678e-01
8.069479952960370611e+03,9.339675871481907532e-02,8.243455844814504019e+01,6.879390475722518827e-02
1.181686048799131822e+04,1.367692186110105734e-01,7.046506330291943243e+01,1.133934510293690412e-01
1.082448795679999239e+04,1.252834254259257707e-01,6.406654172997444618e+01,1.113392723546888646e-01
1.036286760346569645e+04,1.199405972623344141e-01,6.859332080108356422e+01,6.752413015527311546e-02
1.336707195677382333e+04,1.545034688044654714e-01,7.384074966551658292e+01,1.294393767108816262e-01
8.593567143932137697e+03,9.948152492890824372e-02,9.022069454405774991e+01,1.034325906474075074e-01
8.914812665192595887e+03,1.031916872331518353e-01,8.057252210353172472e+01,1.086455668511867312e-01
1.004686728847724225e+04,1.162637646640800881e-01,8.416602764654872715e+01,7.393922821301963932e-02
1.603346381106463741e+04,1.854949686787981666e-01,8.150521331690698901e+01,1.010391413316364118e-01
1.363625265408979976e+04,1.578825729658633048e-01,7.204271805515931248e+01,1.362906786045886554e-01
1.711886195784663869e+04,1.981759693544081491e-01,6.857987820630093267e+01,1.466317896024271483e-01
3.494119572877250903e+04,4.043499608334472084e-01,4.980940440379870182e+01,3.180629323578330059e-01
1.476472131304694631e+04,1.709057557118065784e-01,6.706753032509467971e+01,2.135038288805623519e-01
1.215816649341386619e+04,1.406198606959568609e-01,6.383225003028911715e+01,1.310794780690260619e-01
2.895034240905421029e+04,3.350389020736355139e-01,6.820428304862302582e+01,3.712402206138806782e-01
1.751303843739085642e+04,2.026661593641332915e-01,6.831667100831418793e+01,1.755113874303330657e-01
3.149761636972013002e+04,3.646090446210852876e-01,4.687110424983816159e+01,3.467510579597198883e-01
2.207245770077500129e+04,2.554627138634394390e-01,5.301560949425022073e+01,1.372786005589775038e-01
2.147596457711630137e+04,2.485340879670649428e-01,7.661488396072333273e+01,2.408680047511956857e-01
2.250731668970963074e+04,2.605878947708097915e-01,5.315261956498710560e+01,3.717472414972979311e-01
2.167114132114676977e+04,2.509226471348663390e-01,6.477136252906782943e+01,3.439471542187231834e-01
1.187591532777120665e+04,1.374481942885491526e-01,6.516972998638028969e+01,6.555124596001501991e-02
1.486531201916680038e+04,1.720924870288202402e-01,8.174357400185127176e+01,9.388478890296447776e-02
1.383046638123157027e+04,1.600958147336313253e-01,6.583938224855039323e+01,1.135864612909107674e-01
1.550705687615488205e+04,1.794791276503274746e-01,8.432443205181998280e+01,1.175379373791981541e-01
1.112417668789887284e+04,1.287520449988294735e-01,8.832120124292175944e+01,9.055413799025383015e-02
1.688812893306145270e+04,1.954644552437667937e-01,6.658241413814307919e+01,9.758209590712477177e-02
1.201209416650702769e+04,1.390288676679053703e-01,7.998051166260701450e+01,1.037160995540287317e-01
1.240976179680295172e+04,1.436315022778119066e-01,6.858188673681837599e+01,1.242536489280710033e-01
9.024594715585839367e+03,1.044513277266879148e-01,6.997839850268380246e+01,9.610193987124610038e-02
7.189000861753367644e+03,8.320602849251579336e-02,7.102460960071556428e+01,9.244333484345258756e-02
1.294505858117132448e+04,1.497259218008648862e-01,7.588787773828509842e+01,1.720996512018561075e-01
1.367994256911755292e+04,1.583326686240457137e-01,7.092708914128652964e+01,1.240967373366276272e-01
1.587919423329065103e+04,1.836011946966167874e-01,8.067957024215340311e+01,1.270303093242451109e-01
1.546198563795153495e+04,1.789581671059204959e-01,7.037215588599670468e+01,1.450799089126726116e-01
1.533069441366561659e+04,1.773630276441353903e-01,8.416435005322813367e+01,1.657009604924312707e-01
1.477213163947470639e+04,1.709060404161345803e-01,7.694136222625196808e+01,1.612832910334354719e-01
1.270845277139799146e+04,1.472269996359657218e-01,7.091153285887784818e+01,9.546892647414056965e-02
1.366205916919574884e+04,1.580834703664962815e-01,6.467403383019515672e+01,1.804707445355322737e-01
2.204166048748901085e+04,2.550750473289283837e-01,6.589129726897897399e+01,1.494978301749732841e-01
1.401573799561987471e+04,1.622136097501228891e-01,7.034594772434303422e+01,1.455330194538065891e-01
1.337840362304879091e+04,1.548331566988488117e-01,7.594294247887096105e+01,1.108042324590095551e-01
1.181476508785492842e+04,1.368108765862238452e-01,8.280122775654760403e+01,8.003689709637780425e-02
1.274086986526789406e+04,1.473860883112195486e-01,6.068353720351066727e+01,1.046852752598996100e-01
9.791249128590221517e+03,1.133353845728803377e-01,8.307288192177733777e+01,5.804599341490336573e-02
1.159091777646635455e+04,1.341619383537895893e-01,5.370042499284919302e+01,7.847579562413660448e-02
1.038882805412965718e+04,1.202520402863386101e-01,7.601219307606756104e+01,8.482083484684026231e-02
1.746618979997387214e+04,2.022105345290511891e-01,6.352541274453967901e+01,1.366050406830444375e-01
1.041999100428083693e+04,1.205720274128106589e-01,7.491706106012760813e+01,9.000428205728032427e-02
1.083040112911754477e+04,1.253292329210259348e-01,7.323600870015026487e+01,1.230837840321759857e-01
9.069826525161268364e+03,1.049732077662551416e-01,8.410281119651433812e+01,8.921080636816010323e-02
7.852618298249133659e+03,9.089273190549986003e-02,7.211488001608177001e+01,1.032311859212674127e-01
9.948056117160076610e+03,1.151382472193329953e-01,6.372327499046066634e+01,1.194950562447579523e-01
7.986262965958001587e+03,9.243359914303238278e-02,6.621237492799470203e+01,9.049888995481678022e-02
1.221438311716001044e+04,1.413701749671296970e-01,6.229396723148632020e+01,1.678825182663982452e-01
1.300460856965368293e+04,1.505163028895101784e-01,7.056834208374446860e+01,1.604391341688007899e-01
9.325246571192630654e+03,1.079310945739887367e-01,7.169198297892859273e+01,6.622622771828629018e-02
1.412218129645392764e+04,1.634511724126611609e-01,5.497517704299169594e+01,1.663479757112092672e-01
2.744628997389264623e+04,3.176653932163500116e-01,5.066094931779112898e+01,2.869903827660667539e-01
1.997194873355598247e+04,2.311568140457868070e-01,5.396711805625035652e+01,1.639732807134968440e-01
1.437920951262430390e+04,1.664260360257442395e-01,6.471115903308084683e+01,1.594623395578235459e-01
1.356272775533649474e+04,1.569799781887561141e-01,7.086208110831306328e+01,1.283794566876340082e-01
1.021448153585892760e+04,1.183258545001893564e-01,7.060327197427385215e+01,1.336807683528420387e-01
1.421620192708021386e+04,1.645549299831325918e-01,8.306666136114851895e+01,1.358263578542026617e-01
8.723161006602513226e+03,1.008533786615319339e-01,7.973065559131461555e+01,1.018667365414994558e-01
1.059289086458119891e+04,1.226476921959247512e-01,8.238540225709573406e+01,1.392228068973687394e-01
1.043865500979288845e+04,1.208843716009910807e-01,6.572201332987638978e+01,1.420768913885752660e-01
8.626059249449574054e+03,9.984978173944876467e-02,7.373551693980842003e+01,8.560985293867093282e-02
1.171852541180540538e+04,1.356553495052609248e-01,7.649745175708778788e+01,9.504184831470409434e-02
9.976204953679320170e+03,1.154560491725304949e-01,7.294278376831397281e+01,1.007349138768736524e-01
9.247969275868154000e+03,1.070145465052121381e-01,8.208051629963829043e+01,1.175077281388338668e-01
8.456531069200886122e+03,9.794361241751890768e-02,7.957370772466727260e+01,7.016164541711039648e-02
1.090076153913743656e+04,1.261855487577491497e-01,6.702333400237149874e+01,7.972358679230748257e-02
9.462839278899900819e+03,1.094807973967906745e-01,7.504713917458833805e+01,7.538945577547417898e-02
1.987206197532173246e+04,2.300105440736240348e-01,7.684703990103585625e+01,1.991232924475450083e-01
1.307409437572190291e+04,1.513231260989751081e-01,7.685741468266378718e+01,1.243431804915828276e-01
8.673704814484073722e+03,1.004307835281053607e-01,7.365236641430550435e+01,6.885889106180798080e-02
8.360046359516578377e+03,9.675161866080599082e-02,6.366429235137799481e+01,7.927126249129351487e-02
1.094896987074569006e+04,1.267484797777671257e-01,8.065166898061180234e+01,1.384433495483627097e-01
1.136689966304717382e+04,1.315615609904441929e-01,7.801038485045991422e+01,1.637745707350649060e-01
9.757752882470709665e+03,1.129544537433095353e-01,8.264386216435977417e+01,1.278262117334285908e-01
8.345820913171395659e+03,9.658487678970301138e-02,7.052875515609525792e+01,7.512052606928411314e-02
7.899491271352727381e+03,9.143106896257729987e-02,7.574403172598090350e+01,6.799170378809765714e-02
1.104942363673459840e+04,1.278868476473911109e-01,7.194620171554527133e+01,1.069845289365363439e-01
7.373255036773772190e+03,8.533859996265935610e-02,8.006498489520831185e+01,5.146498135085789127e-02
9.907567638722972333e+03,1.146709217444787932e-01,8.237653635980633737e+01,6.758224641339799499e-02
1.280864019233530598e+04,1.482481503742512086e-01,7.618283084973860753e+01,1.803785645986861197e-01
1.252903398760248274e+04,1.451179624233425447e-01,6.281749759256398136e+01,1.239329553914791382e-01
1.912496498028942369e+04,2.244304101197262535e-01,7.800439649774175166e+01,1.829886641574383632e-01
1.188186441124539488e+04,1.375215788338587375e-01,7.191521963205258317e+01,1.591981501975835434e-01
1.213883074565491188e+04,1.404957262228576920e-01,7.027890453295043471e+01,1.658086836234535788e-01
9.136536633439794969e+03,1.057122433904968406e-01,7.542409949880907050e+01,7.469357672630407008e-02
8.103413225820444495e+03,9.378940569216472067e-02,8.509641707300349367e+01,5.995686713795817663e-02
1.208211415058570492e+04,1.398392841502974493e-01,7.908046920281151415e+01,9.143002525777836620e-02
7.032611635404702611e+03,8.137833828275170545e-02,7.655295655068871952e+01,6.297804807255595605e-02
7.962411219622331373e+03,9.214455776472597892e-02,8.734243690964663642e+01,9.555603735160181356e-02
1.162198245500487610e+04,1.344931307379238494e-01,7.029102198095544907e+01,1.475706490155161699e-01
2.199812579789921438e+04,2.545528511700155261e-01,7.043902402553716513e+01,2.982152688342805114e-01
3.121857166303135455e+04,3.612302988624043754e-01,6.794518435115736565e+01,3.637591173648905274e-01
1.912194713786287321e+04,2.212556424704204827e-01,5.928918065866549370e+01,2.082126038229819287e-01
2.089143954798149935e+04,2.418615042972372120e-01,5.955342694761844058e+01,1.931245075293843982e-01
1.770214976060627669e+04,2.049248935575553321e-01,6.773790928925237154e+01,1.721684502624474256e-01
1.979727620492819187e+04,2.363051904656842395e-01,6.223873321742539133e+01,2.479067518163554640e-01
1.586335762587585486e+04,1.835753039073804715e-01,5.751977363169654467e+01,1.224078987285892733e-01
1.683244552831583133e+04,1.948044115415808464e-01,5.814859553916253532e+01,2.111902550641209797e-01
2.002670919957539809e+04,2.317008646233273128e-01,6.680630969225165927e+01,2.681914216775974080e-01
1.979560255803259861e+04,2.290005528978452387e-01,6.301509232591240561e+01,1.776625310965747884e-01
1.494374767667748893e+04,1.729787101924870063e-01,5.647722112169051911e+01,1.872760074337505021e-01
1.318173476511375338e+04,1.547624126920265353e-01,6.368724875662445584e+01,1.449111548359262591e-01
1.228001073287867621e+04,1.421552986840688426e-01,7.378277965293709428e+01,8.080993538699463019e-02
1.636596392444137382e+04,1.893417881143402148e-01,7.394438115470360628e+01,2.096130849578071165e-01
1.800473028797312872e+04,2.084132728830092318e-01,6.406522985569014850e+01,1.549354273673849702e-01
1.127166692740944382e+04,1.304987971186978291e-01,6.929410449520094062e+01,1.376018331943873463e-01
1.127786791818920574e+04,1.305308786827454048e-01,7.082271255337356308e+01,1.102370645723730197e-01
9.319980266950778969e+03,1.078701419785969562e-01,6.856809491497561737e+01,6.343449003158196930e-02
1.155467348042446611e+04,1.337346467641720160e-01,7.121835690802369356e+01,1.237869165881986117e-01
1.194228552029812272e+04,1.382208972256726842e-01,7.744910419595181850e+01,1.268702907384836875e-01
9.366173311961023501e+03,1.084047837032525441e-01,7.683582840002674175e+01,6.728849087808508322e-02
1.710393416522997722e+04,1.979622009864580034e-01,7.088142594640981997e+01,1.775086442333455028e-01
1.226460174026254936e+04,1.419514090308164889e-01,5.604650557168790925e+01,1.833135488337159780e-01
1.072171129372210635e+04,1.240938807143762007e-01,8.047653172192330828e+01,8.829568347975802478e-02
1.277047699920277955e+04,1.478064467500321277e-01,8.322759061938134550e+01,1.172913567976116567e-01
8.845707009343077516e+03,1.023808681636929757e-01,6.685593646267399492e+01,6.498826599999155129e-02
1.062061357694706749e+04,1.229237682517021202e-01,6.777784111491941132e+01,1.295695812100633171e-01
1.071228809251427083e+04,1.239803200718962717e-01,7.844589195112112634e+01,1.181356465043820608e-01
8.578355071723302899e+03,9.927457096949170168e-02,6.992813788439386258e+01,6.805638594538121477e-02
9.782826788217213107e+03,1.132113513190235038e-01,6.788803974543181141e+01,9.020560522272638715e-02
1.080893956164125484e+04,1.251514243777389068e-01,7.672248680456742420e+01,9.400704268791415519e-02
1.114329978939599278e+04,1.289379405204388318e-01,6.720343363144436921e+01,8.552778408783268116e-02
2.364698403790370867e+04,2.737389035272774773e-01,6.394376224165157652e+01,1.675485229397571385e-01
1.176187348444689997e+04,1.361869185707751118e-01,7.084305311291025475e+01,6.871726951407319817e-02
1.139408720130441179e+04,1.319005797784204015e-01,8.153766507735760172e+01,8.419419219327820003e-02
1.167385603530167282e+04,1.351901187537116467e-01,7.468077847951575166e+01,8.598022199003926835e-02
9.675053446944953976e+03,1.120349598135735314e-01,6.541043197111987695e+01,1.154182571618958958e-01
1.430010067773279661e+04,1.656539680093216116e-01,7.070669223275486104e+01,1.239262118336299234e-01
9.737533473487466836e+03,1.126893485885023249e-01,7.371485915301346381e+01,1.399727630418759194e-01
7.970334985291728117e+03,9.228192145705760296e-02,8.616698036774822356e+01,6.396879267676822134e-02
1.018864505935391571e+04,1.179248558212259990e-01,8.676453133985957322e+01,1.336268492368195282e-01
8.157513079459981782e+03,9.437648711532606316e-02,7.375190585672325483e+01,6.528114484475540380e-02
7.940274541946739191e+03,9.193837133853535737e-02,7.009294864589877250e+01,1.152207590177176944e-01
8.824495788875308790e+03,1.020886179941736110e-01,6.554412959193945198e+01,1.086017246104025863e-01
1.018557292115399832e+04,1.180670974291165437e-01,6.475651397752351102e+01,1.618023150154479783e-01
7.544945751486098743e+03,8.736729607879301085e-02,9.574583840403208512e+01,9.171699188699300453e-02
8.819364955272707448e+03,1.022395740335249742e-01,6.817165725510530194e+01,8.663021613148881583e-02
1.489725223805892529e+04,1.724219009034597683e-01,5.802840565897984249e+01,9.984547467780047203e-02
1.253030705476082949e+04,1.450267020226947423e-01,6.401624967100116237e+01,1.117351739108310982e-01
1.047135713853324705e+04,1.211396645879217471e-01,7.541406968987242010e+01,1.305692833255250873e-01
7.547893233528202472e+03,8.735987538805783936e-02,7.544482727530815680e+01,7.555188104600546461e-02
1.190580020173911362e+04,1.377242799262326789e-01,8.349631732880753532e+01,1.109460814644532972e-01
9.070101750596928468e+03,1.049780295207977387e-01,7.115969015114451679e+01,9.188982854814954637e-02
1.129275406563889737e+04,1.307031720560057342e-01,6.657289288421867468e+01,1.596409468362835760e-01
1.439623265523460213e+04,1.666230631392893180e-01,5.719718413182480532e+01,1.513299129709744784e-01
1.445014398716896176e+04,1.672467239490704194e-01,6.511684355495411580e+01,1.414367757239830825e-01
1.165933941518896245e+04,1.349460580461684933e-01,7.655049219875250799e+01,1.046947502146099024e-01
5.866746635957395483e+03,6.792128049781076538e-02,7.846597545322059375e+01,7.633454625854783904e-02
1.324948137447980116e+04,1.533440087184130274e-01,7.514789838955474011e+01,1.574905152369432959e-01
6.440622573111013480e+03,7.456092672711381319e-02,6.925765661594391531e+01,6.455898619935437899e-02
8.820748327378641989e+03,1.020985646822925447e-01,7.891905448233022469e+01,1.002426994851077918e-01
6.620771963783427964e+03,7.150665060837632647e-02,7.866972324102289349e+01,1.028477109967083220e-01
8.905925879072923635e+03,1.030596259404946841e-01,7.916176786664499332e+01,8.669301239835727757e-02
9.357821789385976444e+03,1.082829317276584741e-01,7.088021954832285587e+01,1.411608377009025417e-01
8.285854094734539103e+03,9.589800384667496180e-02,8.169090834557452752e+01,1.235253175715714802e-01
1.060494405080248907e+04,1.227042798617791058e-01,7.585245479969793791e+01,1.138166368634494913e-01
5.433597921976402176e+03,6.286778682066924973e-02,8.978877638180019005e+01,5.054847913876050342e-02
1.268465216314715872e+04,1.470537413884858147e-01,7.528978102174488640e+01,1.518721250050875660e-01
2.144007145376054905e+04,2.480740623786946153e-01,7.582607800948797205e+01,2.851642960562202345e-01
2.054638880398416222e+04,2.377995057788155897e-01,5.460339916072573629e+01,3.115572375774162683e-01
1.440820984366493576e+04,1.667205400319016484e-01,7.277902788752801655e+01,2.033780809771084108e-01
7.623129933557129334e+03,8.822565503365012440e-02,7.064137322348136649e+01,9.524462260690760851e-02
1.693158929126046496e+04,1.873888839891807157e-01,6.238143704526256528e+01,1.812226628902134928e-01
1.443375283437719918e+04,1.671064035065837894e-01,6.763160332977847133e+01,1.466354946968059236e-01
1.261497364531830863e+04,1.459763037311598843e-01,8.029903731587883442e+01,1.198248797698624468e-01
7.529286905808347001e+03,8.716312234189672881e-02,6.496322520603291650e+01,6.860973814050419506e-02
1.192066143174617719e+04,1.379871344738695660e-01,8.069629587406500093e+01,1.028903926380224099e-01
8.383013984180483021e+03,1.119754993165507778e-01,8.270699742797987142e+01,9.197063759802481808e-02
1.567500776549601505e+04,1.814237009895371677e-01,6.026115939325084270e+01,1.098348972339902446e-01
1.123170344408720302e+04,1.299965676398981418e-01,6.137294834582330338e+01,1.049384277867421861e-01
1.184648856303239518e+04,1.371121361462082078e-01,7.534645509842370359e+01,1.116904884088124467e-01
1.885853024414042011e+04,2.345865372547946415e-01,6.453257279141419644e+01,2.286816195475513958e-01
5.868495306908005659e+03,6.792239938550928557e-02,7.317559974045593663e+01,6.216834816154711424e-02
1.362248861788473914e+04,1.734998610565931798e-01,6.676006676658127503e+01,1.562836136538393594e-01
4.690624359714976890e+03,5.428963379299737296e-02,8.393855836399461623e+01,6.119065149459543967e-02
1.239877060788394010e+04,1.435244592803059382e-01,8.787966565933680840e+01,1.309350758314537511e-01
1.014939675765698303e+04,1.174698698802891100e-01,5.540900724330320770e+01,1.107817537272835773e-01
5.441868776773585523e+03,6.524858845785595773e-02,8.484359712095057660e+01,4.626925319902294026e-02
1.050010850754639614e+04,1.215353135559579661e-01,7.578638165646954405e+01,1.127461544992925946e-01
1.160186721383654367e+04,1.342445952019167554e-01,7.121600768321782482e+01,1.859602279687233017e-01
1.024981053068711844e+04,1.186251961906469449e-01,8.381915079012597403e+01,1.391602069590294755e-01
1.657652815048773118e+04,1.918365786535881079e-01,6.912357634584661525e+01,1.792859432598999381e-01
1.008244079252608390e+04,1.166775199195291546e-01,6.533650914614688077e+01,1.377226510079605781e-01
6.735466359894048765e+03,7.794208415364764497e-02,9.289268289274994572e+01,5.618502785919304160e-02
1.674062225004981428e+03,3.771535493758118585e-02,1.015231530600759982e+02,2.409965567787535068e-02
1.367887549954728820e+04,1.329983639701118048e-01,6.562184095744673584e+01,1.222267831502203556e-01
6.166559004028344134e+03,7.137642736305144231e-02,8.672532756390688746e+01,5.574629769069333607e-02
1.492051330299699475e+04,1.728068733802316237e-01,5.835307977956293257e+01,1.456857192015559299e-01
1.543483082723380176e+04,1.786268646028195128e-01,7.395574552582684191e+01,1.402195898526317763e-01
6.313779268236595271e+03,7.306374266896249747e-02,7.131923394095045410e+01,5.117849465783774060e-02
1.025628142545605442e+04,1.187454163049522365e-01,8.638154314553692359e+01,1.185135371378140540e-01
1.147113287855182716e+04,1.857112990311984291e-01,4.845505881017432159e+01,1.170656875077571574e-01
1.058436694811619236e+04,1.224853625113595801e-01,7.843865272899729746e+01,1.243538480559480547e-01
1.215223482908471124e+04,1.406552117537033519e-01,8.003665988922141139e+01,1.284903111646517049e-01
9.121263443103382087e+03,1.055712419529914459e-01,6.678696385552137826e+01,9.582275336471214600e-02
1.036850809083386048e+04,1.200566043668161442e-01,6.651158721777312621e+01,8.258612962543766811e-02
1.988621009176130610e+04,2.302575390494049357e-01,6.672773388743979694e+01,2.803996714485673114e-01
1.635312257282099381e+04,1.893317546483073988e-01,7.201819021730186421e+01,1.104165746700173090e-01
1.150997523266597636e+04,1.332173059336339282e-01,7.139276994182789338e+01,1.580480960537025137e-01
1.233128008785144630e+04,1.427231491649472439e-01,7.310472912304619797e+01,1.193530217729547455e-01
1.243697250965703643e+04,1.440018879416967157e-01,8.149588793993954994e+01,1.236310638537459761e-01
9.232613294950977433e+03,1.068589501730436708e-01,8.314862263679090404e+01,9.687831677964361954e-02
7.263798992680185620e+03,8.407174760046506878e-02,7.536600806979423339e+01,6.893614534723696563e-02
1.181857704058503623e+04,1.367890861178823192e-01,8.429723191024169182e+01,1.399577799345901041e-01
6.092930152813467430e+03,7.052002491682249352e-02,7.967803199836747297e+01,8.104312329219012789e-02
1.038804631886330390e+04,1.202320175794363427e-01,6.247933671286640589e+01,1.028051128637447326e-01
9.645335369377522511e+03,1.116358260344620240e-01,6.892497722128972271e+01,7.831380674042527634e-02
6.697523887984982139e+03,7.751763759241872553e-02,7.379148954939658722e+01,5.204542302415854360e-02
1.055644701040496875e+04,1.221810996574648756e-01,6.997309160084836321e+01,1.456559090189349370e-01
8.566042236594214046e+03,9.914324067779210770e-02,7.172205070836299967e+01,1.027936293482489272e-01
1.026087920795897298e+04,1.187788783592102354e-01,5.821943762364989539e+01,1.008169638319246636e-01
4.802417285256005925e+03,5.566813037977103029e-02,7.130151828241564260e+01,5.897099671666201220e-02
1.142947535336816145e+04,1.322849603716941824e-01,8.074442801340784115e+01,1.373680913120053637e-01
1.008270386264260742e+04,1.167379745495997212e-01,7.361065819550280764e+01,1.077557998543829110e-01
9.224503805342432315e+03,1.067780462207350567e-01,8.473771320287677611e+01,9.082838028050709001e-02
5.402649179844040191e+03,6.254398510738980177e-02,8.478282437951784800e+01,4.487825566035955754e-02
1.238578593812917279e+04,1.433636981729966564e-01,7.745026448917232642e+01,1.398436898670503137e-01
8.910765100355723916e+03,1.031273109978756986e-01,5.856070013129616569e+01,8.787377648668849572e-02
9.591700373926400061e+03,1.052261210961033394e-01,8.880569272955860072e+01,1.172536306418880125e-01
9.550472809554245032e+03,1.105713592784763472e-01,7.098213014394914921e+01,1.052999508897625724e-01
7.980078231883850094e+03,9.232623839127145071e-02,6.482394702426596211e+01,8.608700162394901378e-02
1.091258778742445975e+04,1.263466252671095469e-01,8.018093733906300713e+01,1.790029038590246480e-01
1.103004009675472844e+04,1.276876059259407226e-01,7.086690592274729283e+01,1.018181067599721323e-01
6.770986459371511046e+03,7.836107224143090688e-02,7.117426775758943336e+01,9.416229059538172574e-02
1.545284870258435694e+04,1.788382300892720489e-01,7.609812691805761631e+01,2.007743410359643099e-01
8.239867033862592507e+03,9.526869728530600046e-02,7.208625856544497879e+01,1.010870130822282970e-01
1.126381609850642417e+04,1.304556060985743171e-01,8.345074702595509564e+01,8.951330106504132300e-02
6.634787928542140435e+03,7.678670583248879689e-02,7.842278137251422265e+01,8.380237120266754991e-02
1.190440680147738385e+04,1.378200096894138527e-01,7.529728294713055448e+01,1.602749558791024265e-01
8.799267767517478205e+03,1.018433769388596560e-01,7.796218875845053731e+01,8.841302429188227507e-02
2.465595583789917146e+04,2.853698592349440677e-01,5.597662882120656747e+01,3.032639639664622133e-01
2.527554207591561863e+04,2.925409962490232996e-01,6.578668957759241209e+01,3.910659919890984160e-01
1.493207773004526098e+04,1.728249737273756248e-01,7.642479115402883849e+01,1.727491248468603635e-01
9.971705291325821236e+03,1.154132556866414028e-01,7.335110510501549186e+01,1.467826361210135822e-01
2.486919279967163311e+04,2.878378796258290184e-01,5.949841009560901028e+01,4.068779151851615872e-01
1.190866510355783248e+04,1.378317720319192918e-01,6.834016014622322643e+01,1.612350747147814622e-01
8.322092644450476655e+03,9.632051671817676297e-02,8.148527801430839190e+01,6.744118365468297627e-02
8.898571293882852842e+03,1.029927233088292760e-01,7.856195133424672861e+01,1.131354360439046081e-01
1.006135481747666563e+04,1.164508659430169152e-01,6.742441116257980127e+01,1.113952646835405097e-01
8.811596325869713837e+03,1.305531390640484457e-01,6.503693377020987043e+01,1.124407964660077697e-01
1.174927263253334240e+04,1.359987102190612918e-01,7.676002553906927517e+01,1.040613341621503957e-01
1.672980658367007709e+04,1.935828675642806973e-01,7.355575651881761701e+01,2.568198354414061857e-01
1.883172534092089336e+04,2.179724654265733363e-01,5.483782385583054264e+01,2.550723588496111582e-01
2.294588013341381884e+04,2.657234074664170387e-01,6.459762445888459581e+01,2.975592035663486290e-01
1.494836127855153245e+04,1.729825398535493608e-01,8.770925150933510395e+01,2.016729319979032042e-01
1.534173163648314949e+04,1.185283286684875453e-01,8.547398974591227727e+01,2.170996224683661435e-01
1.865407512488987049e+04,2.162351284741956259e-01,7.500065589692931667e+01,1.721521873796912350e-01
5.491552015152010426e+03,6.359970686485300062e-02,8.754210932892503649e+01,4.958187764899701228e-02
3.253360757623114478e+04,3.764977241950218101e-01,5.530220858281356300e+01,3.730170676689457121e-01
8.833223021758707546e+03,1.207068062503743461e-01,9.272187734428396766e+01,1.195227361139365174e-01
8.041479677040868410e+03,6.197075861425418997e-02,7.563329357225840965e+01,6.007122906413112778e-02
1.104548488507886032e+04,1.278980237321480917e-01,8.451988297625344160e+01,1.762891320497046721e-01
8.311282354205492084e+03,9.616330605460282621e-02,8.251415916919440008e+01,8.508235158510313312e-02
7.886063089842942645e+03,9.125437387943294287e-02,7.795686360725535735e+01,1.003884034389677937e-01
5.445952763236376086e+03,6.322234085624343913e-02,8.828461591895191418e+01,5.434292605718749058e-02
1.020710873447112317e+04,1.181467572376629083e-01,7.016009176623097687e+01,1.197399999611361426e-01
1.037270390050294736e+04,1.200574829952159722e-01,7.915766117688353631e+01,1.199611230482203472e-01
4.376055983991067478e+03,5.070281201751411504e-02,8.326632241679966739e+01,4.449838712856105799e-02
8.974235694173299635e+03,1.038664723559891701e-01,7.458979750617368154e+01,1.215674856406774307e-01
8.191439921013076855e+03,9.480833241913279308e-02,8.185364420283323739e+01,8.799069086160390962e-02
3.128134372246194289e+03,3.620525893803461237e-02,8.686472181501379453e+01,3.286660579544427307e-02
1.011245433047067127e+04,1.170422954915586733e-01,7.540466102783992142e+01,1.134321970068595808e-01
8.875857107793970499e+03,1.027298276365042479e-01,7.982600176361930266e+01,1.057257285781466882e-01
5.885885369891962910e+03,6.812150539495506751e-02,9.191939897261885051e+01,7.518194824186215375e-02
9.060712567079106520e+03,1.048693584152673719e-01,8.204319300633996193e+01,1.157402998493947122e-01
8.337809714769424318e+03,9.650242725427572721e-02,7.854314993917064669e+01,7.497253630783352885e-02
5.956007434791834385e+03,6.893527123601655981e-02,7.818271007567891218e+01,8.164395532064806782e-02
1.973940508890524507e+04,2.285186680677334103e-01,7.014089732083340323e+01,2.418015258152417801e-01
2.081251174547203482e+04,2.408638109298839869e-01,7.564346646791818785e+01,3.089730661085760000e-01
1.184435625136779890e+04,1.370874566130531880e-01,6.995755268193902054e+01,1.700446735889560024e-01
8.321433051462361618e+03,9.633395218404297577e-02,9.062759269975651932e+01,8.376910440070579889e-02
7.197485241762115038e+03,8.336938253880307736e-02,6.894654414211112226e+01,9.400906170897257996e-02
1.318186294400623592e+04,1.526270781608807803e-01,7.907951548123158148e+01,1.058993433793122690e-01
8.410591483029988012e+03,1.148380954758394801e-01,7.096352311562299064e+01,8.294182069679821578e-02
1.259278476565613164e+04,1.134089160487452980e-01,7.525025836502751986e+01,1.241180427713749063e-01
1.184853760359804801e+04,1.371416218208659499e-01,8.450330282684335259e+01,9.582856072122356017e-02
9.751335286786015786e+03,1.129540604610709403e-01,7.836836279233895652e+01,1.122170857189239285e-01
5.520083849079792344e+03,6.391145729339842152e-02,6.172152934899946075e+01,5.589826954228707678e-02
1.210509947755609392e+04,1.400715713827352105e-01,6.287749151594424291e+01,1.016729773988718916e-01
9.663003147690491460e+03,1.117882166412271505e-01,8.004208233390309601e+01,1.542592142117201748e-01
1.090278961206592066e+04,1.261656781420135154e-01,6.814255733418146121e+01,1.705233726459314814e-01
7.506418011892465984e+03,8.688321736741692891e-02,8.246559499000571236e+01,8.208099885824980679e-02
7.796611203967109759e+03,9.025610519492938133e-02,7.946220226074338200e+01,8.217127865413230425e-02
1.030072189885483385e+04,1.192060066466397728e-01,8.138560568310597887e+01,9.031101064489124863e-02
7.603689289383705727e+03,8.804960594946817376e-02,8.146863754448695261e+01,1.021326315186116274e-01
9.283166481374290015e+03,1.074669427915457276e-01,8.411875631635544437e+01,1.005654469512539118e-01
1.356864663970893707e+04,1.570972101654778685e-01,6.103367695382830505e+01,1.009858787020959658e-01
7.480316808083340220e+03,8.657403075809701198e-02,7.123759736687144084e+01,6.096591437952515041e-02
6.535383643749238217e+03,7.566423745906449005e-02,9.390906768876173771e+01,7.167765479330824585e-02
1.524935020317091767e+04,1.765298960304427234e-01,7.961876313000072969e+01,2.379134513992229583e-01
8.563739872284881130e+03,9.910946885091773129e-02,7.600245849190756076e+01,7.341633035310450583e-02
1.118631301258634085e+04,1.294712154234529677e-01,6.653524184555290333e+01,8.387175052899918659e-02
1.192395059522077463e+04,1.380086874446848355e-01,6.449209990591631936e+01,1.426241730519576811e-01
1.009004685247018278e+04,1.167829496813678342e-01,7.319219027738755301e+01,8.539507695930294295e-02
1.095109080913722210e+04,1.267487362168659704e-01,7.308771909097397668e+01,9.676251325016983762e-02
7.198806066889183057e+03,8.339144161742062522e-02,7.438592750725186420e+01,8.822303861711887352e-02
1.439344622970036471e+04,1.665908128437542102e-01,7.222863632674904011e+01,1.348734377975877585e-01
1.033171806088015364e+04,1.195800701490758039e-01,8.019359177314080966e+01,9.352048073563674901e-02
1.285744412620901130e+04,1.488130107200116847e-01,6.767975274398314411e+01,1.917167505825336793e-01
1.264531187447813682e+04,3.494540616688125989e-01,2.308122715856899987e+01,1.393490336629410187e-01
1.003882382375968518e+04,1.160321377256819803e-01,7.237176599295685264e+01,9.842256473599032829e-02
9.376665425588573271e+03,1.085528759676501892e-01,7.421728138157789090e+01,8.273758938989127232e-02
7.444421943957368057e+03,8.632219326305763663e-02,6.994972473822387826e+01,1.023431188654684437e-01
2.496877377953659743e+04,2.889949105053032929e-01,6.768243639245815757e+01,3.319652724717421233e-01
1.701371197690280678e+04,1.969253247483439273e-01,7.221739532996305400e+01,1.923294534005450251e-01
7.821252296770744579e+03,9.058475998893028569e-02,7.742587810075366406e+01,9.539742109045662444e-02
1.958194405711788568e+04,2.266117073143230909e-01,7.424635792097393505e+01,2.861665067614884705e-01
1.185558696813684583e+04,1.550948501383247469e-01,7.896235495864672771e+01,9.529361893964022334e-02
1.064641492379545161e+04,1.232498954507761646e-01,7.880410393880950437e+01,7.067657544304797868e-02
1.559869680757247625e+04,1.806198472219078532e-01,7.164413917927143416e+01,1.349247678113031368e-01
1.113629543619341530e+04,1.170360115726860606e-01,7.950475181700394955e+01,8.330885420725174517e-02
2.044195479125816928e+04,2.364975717823142309e-01,6.337891172007230978e+01,1.998758577820255178e-01
1.380589772334317968e+04,1.597726299299943309e-01,7.697206481929177357e+01,1.510873414880517240e-01
1.664057359656423068e+04,1.924549130701853350e-01,7.410594314863945442e+01,1.681951133830870970e-01
1.208877661629908653e+04,1.399360199675768746e-01,7.397194404582441507e+01,9.828367712612280649e-02
9.831926675998463907e+03,1.138412850543537580e-01,6.252691803202482390e+01,6.410142276449094789e-02
1.274747021613343350e+04,1.476200447343308797e-01,6.644340961677619362e+01,1.114250517639964883e-01
7.455866064503245980e+03,8.631183082286253416e-02,7.438898723437448268e+01,1.092089370614229699e-01
1.095345475254355915e+04,1.266733676137036524e-01,7.491144453168521977e+01,1.139325974544884296e-01
9.714581881382420761e+03,1.124372902937779695e-01,6.876239756854496932e+01,1.342334120176801593e-01
1.126197245580961317e+04,1.303469034237223489e-01,6.139334729620076558e+01,1.148400319705017297e-01
1.481560282331938652e+04,1.714768845291594901e-01,7.720297830215142199e+01,1.282276978584385441e-01
1.560636575366780562e+04,1.806292332600439865e-01,5.212359650860982896e+01,2.050290346714788159e-01
6.991608883035319195e+03,7.231588526439375331e-02,7.514217393483932028e+01,7.827349565631110118e-02
8.487633561465876483e+03,1.117530703925670443e-01,6.790959821011620079e+01,1.192602737106274735e-01
1.164993840625486155e+04,1.498984808119961099e-01,6.901135958104099188e+01,8.535473410075866685e-02
9.719082730839578289e+03,1.124636885870969466e-01,7.870580041625659362e+01,9.057863329622455051e-02
1.184098872166492947e+04,1.370484805748255208e-01,7.005761909637320173e+01,1.088823389527071306e-01
1.296848033360466980e+04,1.500981520093132848e-01,7.723439089419939307e+01,1.150307764063391719e-01
9.223064949300132866e+03,1.067484369131959238e-01,7.728490262175455427e+01,6.791991552041154456e-02
9.399826735795766581e+03,1.087738312435130583e-01,7.934639962454679107e+01,6.716919170002992601e-02
7.541484567473427887e+03,8.727384535143345445e-02,8.587790002494183739e+01,8.533668301799611500e-02
1.303652256173680871e+04,1.509059159192083777e-01,7.214059831024802349e+01,1.499828022641401803e-01
8.304900918553270458e+03,9.614262103269871629e-02,8.359088907833199755e+01,7.021486921161136652e-02
1.348488326649377996e+04,1.561060594914124855e-01,7.117874819258364028e+01,1.395293137986114151e-01
7.858720492041573380e+03,9.097810089005831102e-02,8.506171816135879737e+01,6.218190957410268255e-02
1.103215532158511087e+04,1.276702601142231386e-01,7.471229951662868984e+01,9.451968210293629213e-02
8.882747169655154721e+03,1.027369396321990980e-01,7.980651375265890124e+01,9.286440900300212131e-02
1.360388853646141433e+04,1.574215700451420952e-01,6.526567305056840951e+01,2.142009463471438724e-01
1.478293565210115230e+04,1.709148369595395456e-01,6.939938742072399691e+01,1.437578839566023559e-01
1.268247002166825951e+04,1.467898194700056058e-01,6.364586534514342020e+01,1.901886830624883173e-01
8.038638739685101427e+03,9.299700781654245130e-02,9.040689217913930520e+01,8.206854376848933541e-02
6.769894268851503512e+03,7.839582606513811891e-02,7.892700602417967559e+01,6.281433614008807842e-02
8.949988045381158372e+03,1.035867791093582624e-01,9.354069453303650050e+01,8.805132965681634893e-02
2.215667821050613566e+04,2.564295187792937636e-01,6.646902469350831666e+01,3.360534373153525323e-01
2.201161716607146082e+04,2.547979068190719398e-01,7.791850464945500221e+01,3.725942681935071055e-01
1.007873248228144803e+04,1.398427206975210724e-01,8.047756539943569010e+01,8.101526681782848793e-02
2.176105671024766343e+04,1.392258163154056760e-01,6.884018962488393356e+01,1.499649845368135614e-01
1.216987564441228642e+04,1.408572956189767245e-01,8.755934926080759340e+01,1.703782409822799659e-01
1.471136585886136891e+04,1.702704381812658041e-01,6.731892032686884875e+01,1.876949464364478515e-01
7.044920568782660666e+03,8.153843250905851159e-02,6.399062315616527741e+01,1.072618687295458922e-01
7.375484704002565195e+03,8.536440629632595367e-02,7.491714122238037987e+01,8.142397835730229294e-02
8.095076433709777120e+03,9.369301427904830337e-02,7.813281368301376517e+01,1.118048027910698572e-01
1.050062026081404292e+04,1.215349567223847349e-01,7.862092960946368692e+01,1.536524907464570655e-01
9.585863058437129439e+03,1.309544133666274424e-01,7.064958576780389876e+01,1.454187242291174464e-01
1.166666601704639106e+04,1.558843318578255754e-01,6.488472674447784527e+01,1.433441714701064462e-01
9.148900598432974220e+03,1.058900532226038083e-01,7.437014561997402495e+01,1.123406833810554062e-01
1.057311565892028557e+04,1.220659122808094993e-01,8.243467560362010715e+01,1.153851989694371361e-01
1.066770920477044820e+04,1.234672362717031402e-01,6.950897008584971104e+01,1.440016882900105044e-01
1.222188084069710749e+04,1.414569541747350001e-01,7.031982944561174520e+01,1.388393031708226588e-01
1.349766596487885545e+04,1.561822584633313360e-01,8.287059691829635710e+01,2.168444622113293863e-01
9.169368756210458741e+03,1.061604869703569043e-01,7.650666470407028896e+01,1.141120299636916025e-01
9.508627617752659717e+03,1.100495867776073583e-01,9.036329883124186324e+01,1.253060124563501465e-01
9.619204564774736355e+03,1.113116731468646869e-01,7.976313748674377280e+01,1.429676061882117211e-01
7.301684963597551359e+03,9.534466244327736983e-02,8.727182445290095814e+01,8.338575263011156757e-02
6.466461472091957148e+03,7.486752950445454968e-02,8.600544562966366868e+01,5.406589994301500696e-02
1.105645972704041924e+04,1.279486889740182876e-01,6.398505141300466903e+01,1.633270868382607766e-01
8.243193623224786279e+03,9.540355965742369770e-02,7.237587385649206340e+01,1.002779874992203585e-01
6.839595848502399349e+03,7.914144633026738707e-02,8.474471702563165820e+01,5.762929989984382634e-02
1.424485893424683309e+04,1.649094703253451977e-01,6.994647809850850706e+01,1.436517842975844339e-01
1.346034750960958809e+04,1.557049477667685478e-01,6.958006101952221911e+01,1.396346177326661664e-01
9.889934763238912637e+03,1.144727979936776829e-01,8.085338735840630875e+01,7.812896360024348952e-02
1.393630342833294344e+04,1.613271883482786384e-01,7.128162717794869252e+01,1.688146936847365054e-01
1.363190212252990932e+04,1.577689111917484344e-01,7.273346974485876615e+01,1.808796149326076796e-01
9.616378035943329451e+03,1.113143243870758081e-01,7.897803110516385061e+01,1.111149980467632803e-01
7.322277619595295619e+03,8.479356576942373436e-02,9.212458992368799215e+01,5.297737760052800143e-02
5.880055565337148437e+03,6.805004110425026675e-02,7.405245548920406407e+01,7.179438128653520268e-02
5.925675358307878923e+03,6.859011634920381129e-02,7.800518449545248245e+01,5.972852479294859379e-02
1.042785641810450034e+04,1.206762323101568390e-01,7.128860859403449979e+01,7.076449133719928120e-02
5.194389886939747157e+03,6.011690843843797705e-02,9.231000456224066397e+01,4.113669753309021071e-02
5.032596573679753419e+03,5.824764552870079909e-02,9.902715469640241963e+01,3.047764727469954096e-02
5.378518091603824359e+03,6.225136680097014680e-02,8.499993910346212544e+01,2.911581856176923694e-02
3.985236174132033739e+03,4.612541868208367563e-02,9.435404370947263430e+01,2.090830505371806675e-02
4.557376693299425824e+03,5.274741543170627378e-02,9.008703735209765284e+01,3.387402062223754395e-02
4.869091369555127130e+03,5.635522418466577810e-02,9.257734238733965526e+01,3.022163662698115413e-02
6.130894872136521371e+03,7.860121630944254256e-02,9.861696271376374057e+01,5.877237393159312484e-02
8.147063036293586265e+03,1.177396203464476931e-01,7.428576879042262249e+01,3.227058631073916745e-02
7.597281085414455447e+03,8.793149404414875303e-02,8.677582245584878251e+01,5.490083465020371978e-02
1.107846563968055489e+04,1.282229819407471050e-01,8.795158914955425189e+01,6.161552975783492203e-02
7.025533241703798012e+03,8.129150073997905290e-02,8.404747493802913993e+01,6.160114875330317125e-02
7.849704690161153849e+03,9.085306354353182845e-02,8.656707402422787823e+01,5.605869674511202577e-02
7.947571776016276999e+03,9.203464358736988815e-02,8.646125398062520162e+01,7.073599662177094960e-02
2.857824442209175686e+02,7.941197097595766030e-02,3.844253036137742896e+01,3.982539167788224505e-03
2.079159426487600285e+04,1.522661940353056409e-01,7.347773331492084026e+01,8.997048212041519610e-02
1.651929870809533168e+04,1.911791133166223511e-01,6.144155975836276440e+01,1.399566857895146454e-01
1.653181933758209198e+04,1.912746423792822670e-01,7.123420672321469738e+01,1.791652714210067443e-01
1.573274156436296289e+04,1.927844708480300207e-01,6.307100592625716473e+01,1.319565591637063273e-01
1.671282088407807169e+04,3.074543043218207483e-01,6.309524990950733780e+01,1.492085000560516850e-01
1.990516076443696511e+04,2.303687127429897286e-01,7.706550826524474473e+01,1.821461489676527989e-01
1.558511363294079456e+04,1.804159361014270324e-01,6.713351306241909811e+01,1.493255063850029429e-01
1.444898677176576894e+04,1.672646978195621303e-01,8.688318820584997582e+01,1.086387093856549940e-01
1.204287673344233917e+04,1.393877457270794873e-01,7.466007918852066894e+01,1.081279307625485908e-01
2.340103231947944005e+04,2.708333562859547294e-01,6.458865367143386038e+01,2.778280487520315978e-01
1.795995216229480138e+04,2.079052561154074441e-01,7.692470668631577269e+01,2.238728087867087324e-01
1.475114166909150663e+04,2.015480665684504236e-01,9.694295748158847914e+01,1.021098736367636872e-01
1.989142103142866472e+04,2.722419185382698448e-01,7.867871444425141192e+01,8.318982913652607503e-02
2.584617945168896404e+04,2.991455955056592231e-01,7.924468890026210488e+01,2.253822526748724686e-01
2.212466777238778741e+04,2.560740703513499361e-01,7.926985577163294749e+01,1.510452430306750971e-01
2.612125578885214054e+04,3.023299453880735621e-01,7.344265597566690928e+01,3.086125230458522939e-01
3.253132574643146290e+04,3.761467177973324971e-01,6.236264937619991144e+01,3.620150092755112792e-01
2.147664034711261047e+04,2.485722262397292159e-01,7.578361279334656331e+01,2.020913109339242952e-01
2.202405005042742778e+04,2.549109961422982296e-01,6.830699391399132026e+01,2.116337781007699148e-01
2.794795592919434785e+04,3.234727585384105653e-01,7.474900584322554664e+01,3.547845685093195534e-01
1.364170643737276259e+04,1.578901208029254155e-01,6.186964191306007166e+01,1.125834782284013402e-01
1.439269632035884206e+04,1.665821333374865321e-01,7.106862417493321971e+01,1.307574437535154732e-01
1.437810981619855011e+04,2.445256771462338274e-01,7.395017387258374697e+01,1.960299399614038596e-01
3.449962963035404391e+04,3.992799810945519279e-01,5.542163276885205647e+01,4.688895622386895501e-01
2.813651847410668051e+04,3.841449249280821099e-01,6.407754348271588185e+01,2.997693121425372698e-01
3.011425139433260847e+04,2.669682816908622858e-01,6.793458241135368780e+01,2.305485772253414167e-01
3.005133408694833997e+04,3.478329696214642608e-01,6.404557460803680158e+01,4.731194873196157835e-01
1.405950838152240976e+04,1.627292407699329480e-01,6.506977783652779124e+01,1.474009558122266195e-01
1.200556516496995755e+04,1.389108790458921106e-01,6.646242304598246164e+01,1.573006970220327261e-01
9.035421072627279500e+03,1.046321105247097205e-01,6.579375530724200871e+01,8.430045164804884916e-02
9.812215856820252156e+03,1.133318176184106990e-01,6.032313017094182328e+01,8.813676434780269575e-02
1.150428541253349249e+04,1.331659271654909438e-01,5.849914511706450782e+01,9.315611165263361360e-02
1.910757499436225771e+04,2.211944266945936877e-01,5.568483591821859591e+01,1.967165219772478713e-01
1.577076618812904962e+04,1.825698039636547976e-01,8.197983996811920804e+01,2.283861353184199472e-01
1.147920533435176731e+04,1.328468808031375292e-01,7.471808844326488952e+01,1.277305684357609994e-01
1.616907428333579082e+04,1.871456625941919638e-01,7.058948054874738887e+01,1.300053735940926991e-01
1.606950343273096951e+04,1.860114896633219272e-01,6.854099302101647595e+01,1.873859337217715082e-01
1.566021533912344967e+04,1.812866733009228792e-01,6.458949282717540541e+01,2.073153091762520994e-01
1.153472275062469453e+04,1.334887534822688238e-01,6.643990923910558877e+01,9.325200324403599972e-02
1.710966566873916599e+04,1.980077778268666266e-01,7.329905813221606081e+01,2.181654254383366687e-01
1.277087664404695715e+04,1.626177301523630825e-01,6.496885247569508692e+01,8.491239592974414441e-02
1.738296475854431992e+04,2.011917217424110949e-01,7.325369026479199874e+01,1.193133889536766579e-01
1.649806214966424886e+04,1.909497933988917873e-01,5.285625660652429758e+01,1.610043208585791030e-01
1.490242876296974828e+04,1.724818143862238695e-01,6.470258575939560330e+01,1.514965628612409965e-01
1.437551638369883949e+04,1.663832914779957983e-01,7.695269293091747898e+01,1.251803065577456464e-01
1.432516556610370935e+04,1.658005273854595563e-01,6.459935470020791115e+01,1.991747733509260654e-01
1.638679648004637784e+04,1.896619962968330575e-01,5.938223663246009210e+01,1.570046379153948735e-01
1.746647769700077333e+04,2.021583066782496885e-01,7.658124013478698089e+01,1.694528136459638179e-01
1.414792391640906135e+04,1.637491194028826147e-01,5.565836233516891696e+01,1.376781378678828549e-01
1.208973593183723824e+04,1.399274992110790816e-01,7.413151985023304746e+01,1.495733822735114404e-01
2.956931049448959311e+04,3.422396366472875706e-01,5.940206431564763534e+01,2.871123363989650512e-01
3.029503209675515973e+04,3.506369455642957544e-01,7.065530457191287894e+01,3.358304926198539264e-01
3.928337368897121632e+04,4.543511929558521345e-01,5.716799360179474832e+01,4.045417008500538092e-01
3.591808469868273096e+04,4.156520012993604185e-01,7.864480166233551017e+01,3.503570203107242431e-01
2.106288900427476619e+04,2.438385162258860650e-01,7.332462306107677819e+01,1.902078565501071072e-01
1.662121358471191343e+04,1.922294053925528157e-01,5.964077152930198622e+01,1.216921205621582097e-01
1.665704770865128012e+04,1.927748820873703139e-01,7.496956252332405768e+01,1.150214688629224158e-01
1.470743756195908645e+04,1.701921851635041505e-01,6.213979360822657583e+01,1.207895793483354657e-01
2.606372921655456594e+04,3.016842022285653457e-01,5.979270945856922026e+01,2.945940222118675900e-01
2.425245683207963884e+04,3.434366024396626749e-01,5.540263033693789652e+01,2.976974077534268459e-01
1.839388702781031316e+04,2.128225505687057484e-01,8.000881994168453559e+01,1.158102307964217481e-01
1.288941189353142545e+04,1.491493526447205675e-01,6.170707702669621852e+01,1.196537569964312986e-01
1.730221544714690390e+04,2.002204053163783859e-01,6.438764320328564850e+01,2.045038211929849636e-01
2.212129278446391982e+04,2.560475913081843857e-01,6.883208958631006169e+01,1.825067223781688397e-01
1.400370307381472594e+04,1.620714075602310844e-01,7.047689723780818838e+01,9.144196281272944093e-02
1.185513938787339066e+04,1.372311750140577380e-01,5.920886590978825126e+01,1.055361248995594636e-01
2.443075838360792477e+04,2.827686071088169606e-01,6.003976506448980643e+01,3.583380986441279115e-01
1.577858156066620177e+04,1.825941363752545676e-01,5.614154881201699254e+01,1.036498463644199147e-01
1.588282368457393022e+04,1.838422442262674372e-01,6.479855234857505764e+01,1.022441950138520406e-01
2.458795119720500225e+04,2.846135823063817294e-01,6.403828806891846170e+01,3.605843455260803743e-01
1.019926559957369318e+04,1.180733506144285710e-01,6.382178624276449597e+01,1.307259272299146624e-01
1.070720977894017415e+04,1.239260391081038470e-01,7.294750253562899900e+01,7.599877708373725671e-02
1.384672600811464508e+04,1.602630325013268964e-01,6.494802912294670705e+01,1.287274657551012169e-01
2.019558592903903264e+04,2.337452075120257933e-01,7.256591680955315837e+01,2.215540446893441151e-01
2.908866150146549990e+04,3.366743229336284227e-01,6.455337537401291570e+01,4.301226681785126349e-01
2.146396815633599908e+04,2.484255573649999937e-01,5.855668137628027381e+01,1.748370435202881712e-01
3.711374850679026713e+04,4.296071881635164513e-01,6.770353340513470641e+01,4.028538401801213809e-01
2.102187119464584248e+04,2.433086943824749326e-01,7.308364076784910424e+01,2.229851494865020545e-01
2.707716560697129898e+04,3.133937299596011861e-01,5.986273644390597326e+01,3.816075818802521780e-01
3.110164656459575781e+04,3.599727611643027125e-01,7.126807445682705122e+01,2.672972451805205596e-01
2.147397033506988737e+04,2.485413233225680640e-01,6.126840064986700440e+01,2.308802143277619567e-01
2.352016846494701895e+04,2.722170340778568565e-01,7.665456090929546917e+01,1.351955384591803366e-01
2.753048936057965329e+04,3.187601423211066098e-01,7.449403792164760318e+01,2.745054824742521604e-01
2.693196257619683456e+04,3.116810062003148030e-01,6.640412684876680771e+01,3.008855344186629477e-01
2.126368151764351933e+04,2.461086987086548161e-01,6.547974891250271412e+01,2.481048166713038516e-01
2.092467639694245736e+04,2.421764340885196598e-01,6.872106143578012905e+01,1.799797720510320498e-01
1.928288525696510260e+04,2.232161631083916797e-01,5.197674528488112600e+01,1.713929079521686327e-01
1.711035508759833465e+04,1.980648083268055082e-01,6.482741801157091288e+01,1.645455796240677948e-01
1.727601430697514297e+04,1.999219719769290693e-01,6.932667492021548128e+01,1.714510436760944279e-01
2.557345106730794942e+04,2.959387512174834756e-01,5.030273302800340218e+01,2.851511904724879365e-01
2.022840376833856499e+04,2.856797427383940269e-01,5.312103969985239615e+01,2.699380265498481646e-01
2.413898065821237833e+04,2.793621087479195575e-01,5.884865263376175193e+01,1.888075070227479280e-01
2.356940642484624914e+04,2.728977334013443778e-01,4.274650212320825915e+01,1.032935215017786734e-01
1.925826306906735408e+04,2.229125047288619266e-01,5.786366519935464225e+01,1.416369695502073256e-01
1.623651966945741515e+04,1.878870093815893094e-01,6.380308096677767793e+01,2.233960838422799078e-01
7.758146183918182942e+03,8.983192189950099660e-02,7.460661357497539825e+01,8.338888175615742637e-02
8.826289784041862731e+03,1.021568665140302201e-01,6.700934881329612836e+01,6.043087208124548609e-02
1.270997223069478423e+04,1.471061600774858924e-01,8.096048764913282980e+01,1.490408249889556835e-01
9.737624732281652541e+03,1.127039899569635406e-01,7.871473962446169992e+01,7.472572502448145138e-02
1.655061710742873402e+04,1.915580683730176981e-01,7.883861318008170826e+01,1.363963190117108426e-01
1.873761946945837553e+04,2.168705957113237492e-01,4.749366965253224748e+01,2.084390406573446985e-01
9.107372073522910796e+03,2.299841432707805389e-01,7.124461715886017998e+01,1.533311630492244781e-01
8.504303897794565273e+03,1.567138983650686879e-01,4.338258626662381090e+01,7.964450542029047342e-02
2.132633508620695284e+04,2.468325820162841355e-01,4.946163440234153796e+01,2.969647263960605299e-01
9.646974795857133358e+03,1.116554725519967595e-01,8.206384510552314282e+01,1.309066204520342447e-01
1.245280607638039146e+04,1.441762857125577502e-01,6.566044504675967630e+01,1.254539484947737038e-01
1.502652074559160792e+04,1.739180641850880116e-01,7.111380874561436372e+01,1.167063139314854642e-01
1.181319183859014447e+04,1.367267573910896095e-01,6.392647114473312797e+01,1.199655983352888727e-01
9.790272195905767148e+03,1.132602700863324513e-01,6.949568535271744452e+01,5.995268533411567125e-02
1.182812170509235511e+04,1.368982798306535298e-01,6.390071857831321012e+01,1.047152001779909358e-01
9.462986176964541301e+03,1.095302835602952191e-01,6.787017428660473684e+01,8.329699255678180148e-02
1.357392842171032862e+04,1.571788852781383916e-01,7.133965361938305705e+01,1.791013104082831153e-01
7.682790718869589909e+03,8.894027057984706108e-02,8.020588344699261540e+01,8.200761081809136710e-02
7.144884772779099876e+03,8.269899042336560646e-02,7.460452737601889339e+01,5.648209913592484172e-02
9.641780225856597099e+03,1.116831992835176646e-01,7.216723289035851963e+01,1.097074501072117236e-01
1.626592507586929605e+04,1.877177820553447840e-01,6.071139700184485832e+01,2.612087531431561693e-01
2.033773446751941810e+04,2.353927677459314582e-01,6.546315242170165050e+01,2.446926788353897542e-01
1.665229645294088550e+04,1.927362131358835717e-01,6.856883739241661146e+01,2.503480347389240857e-01
6.349312473887546730e+03,7.345291038150326968e-02,7.890335715099423908e+01,5.263096881816416855e-02
1.532877858716991977e+04,1.773773065200623111e-01,6.922967189039879088e+01,2.332494609734704627e-01
1.355828025347714356e+04,1.908034418016321954e-01,6.142105778824674189e+01,1.821290999463736071e-01
2.257757473853885676e+04,2.614396684342644717e-01,5.709510348326075047e+01,3.511829673001412022e-01
1.575604614736129224e+04,1.823685535829580318e-01,5.113616229739828611e+01,1.786016998930362309e-01
1.971991809958318845e+04,2.282790794322931971e-01,7.069582129237410584e+01,2.536859846830373244e-01
5.897129215732247758e+03,1.327892963257665537e-01,8.491018434358039713e+01,1.006219456430370723e-01
2.491468066040162739e+04,1.419778487099508935e-01,6.718784213283215934e+01,8.446833069222434154e-02
1.166678115564310792e+04,1.350574560937058133e-01,5.825626782511589141e+01,1.881461851979662481e-01
1.174996990802844630e+04,1.359950220836625145e-01,5.895968419389145510e+01,1.351657942754736774e-01
1.259250980028985032e+04,1.457466412070584083e-01,6.041878408213445084e+01,1.116818570691039403e-01
1.004052097122204214e+04,1.162097334632180012e-01,6.010053908321351912e+01,9.660898953342715589e-02
1.440361671097027283e+04,1.669040698593706462e-01,5.929672681665498146e+01,1.456415201724269026e-01
1.281810752876379229e+04,1.483577260273586662e-01,6.294289988634571387e+01,1.294404984011566784e-01
7.273975034135748501e+03,8.418771661341153956e-02,6.616911962646429402e+01,9.264958220635172159e-02
1.007663175975139166e+04,1.166276824045299337e-01,7.116804687615925218e+01,1.585672459899195863e-01
1.132620391924103569e+04,1.310913888197847155e-01,6.701982668511884356e+01,1.123183818542376061e-01
5.838657810869483910e+03,6.762523328704456160e-02,7.680551286151276713e+01,8.196106170889179421e-02
9.856931682984013605e+03,1.140839888508159844e-01,5.493888053599724230e+01,1.604262089897449672e-01
8.227966622150112016e+03,9.523109516377439854e-02,6.925309418572172149e+01,1.235952642416075914e-01
1.001761177746615795e+04,1.159977574704129100e-01,5.979845249016165099e+01,9.161029993927194415e-02
1.098106607040574272e+04,1.271099268168549012e-01,6.504463796703450384e+01,8.869164590886023658e-02
6.091722856381124075e+03,7.050243182594680136e-02,7.676791721775332178e+01,6.115593384105667829e-02
1.015546313331378769e+04,1.174798567356709067e-01,6.481355028040367472e+01,1.067587601201687442e-01
1.009038144148191168e+04,1.170628817434053032e-01,6.524838963969803274e+01,1.469721115367546016e-01
1.242906723076488925e+04,1.438257878789438171e-01,7.381280825284581226e+01,1.414857891868024076e-01
8.385591724332256490e+03,9.710524968382920619e-02,7.821541665706479307e+01,9.529069084573206505e-02
9.798778018804963722e+03,1.133940216867832806e-01,5.676912924917275660e+01,1.189330599165613067e-01
1.417096285262672973e+04,1.639575422886127565e-01,7.080922816829914268e+01,2.117009164101707752e-01
1.951262140061557875e+04,2.257998337667921629e-01,6.278812066201078324e+01,2.999904361790545759e-01
9.535328419081572065e+03,1.103417993765960919e-01,5.895149563029794137e+01,7.377893072197645730e-02
8.670201289229618851e+03,1.002793234180812398e-01,6.914625606944156289e+01,9.755592137410776243e-02
5.174317138076594347e+03,5.991867867310528284e-02,6.871926281275135295e+01,4.592822484262490401e-02
6.204095687559147336e+03,7.181072682737561774e-02,7.264351698172249883e+01,5.615957509602433062e-02
5.862164792335277525e+03,6.784598263707512789e-02,7.288278322898784722e+01,5.656191469946140332e-02
7.327266300764508742e+03,8.481464887350947945e-02,7.400933466611620304e+01,6.389047861507009263e-02
7.138381871373523609e+03,8.262071885036648133e-02,5.723659716203525250e+01,7.069242112912701992e-02
4.913497002196826543e+03,5.684079875284331340e-02,7.324084461390187073e+01,4.547313862515930255e-02
7.728363056692227474e+03,8.947061747716593405e-02,7.395662320938197354e+01,9.360859553509630337e-02
8.009877563779466072e+03,9.272766758812374388e-02,6.822070331095379458e+01,1.040241658745020559e-01
5.206478665863263814e+03,6.026659088386105562e-02,7.635186643642070692e+01,5.810881356453301977e-02
4.992141579612869464e+03,5.777941643070448607e-02,7.373521977607900624e+01,4.107039470549767035e-02
8.066912269974343872e+03,9.338301483377947632e-02,6.146686151022073119e+01,6.112681311128388695e-02
6.302812819174263495e+03,7.294922244414651924e-02,8.456940300484207285e+01,6.477217523136437338e-02
6.362520299864962908e+03,7.360894812859720970e-02,6.975021057094411958e+01,9.568189148832437207e-02
1.492006881002482987e+04,1.726889928089643533e-01,7.326183221722210703e+01,2.343597126086656712e-01
9.567021917201667748e+03,1.107294203379822345e-01,6.596909799018025922e+01,1.442908375790198094e-01
1.228150135508113453e+04,1.421470064245501375e-01,8.014265948560232289e+01,1.425908458725607952e-01
1.238832782232268073e+04,1.433834238694754182e-01,6.078125510358695038e+01,1.403016149769956145e-01
8.184560037416375053e+03,9.472870413676355572e-02,6.341142575030848150e+01,6.813652341414426494e-02
1.220060030938597447e+04,1.411168483035826204e-01,7.386148422270625247e+01,1.591083154102987673e-01
7.757275143964436211e+03,8.978450130499658621e-02,6.769754431631056946e+01,6.341030542830852768e-02
9.856572863058470830e+03,1.141239492324608862e-01,8.660672287636168676e+01,7.847520117730921729e-02
8.091671963532522568e+03,9.363253050764029639e-02,6.002380813205192567e+01,6.312081964020539726e-02
6.925814559925267531e+03,8.014765805516467501e-02,6.951358359964847011e+01,6.415557996252625739e-02
1.144637329218377272e+04,1.324634107827278862e-01,7.678810732695951913e+01,9.277687557522329431e-02
7.612974860681922110e+03,8.806258143917099213e-02,7.946163313634245640e+01,9.192306143006202801e-02
1.060911132219979118e+04,1.227655728036231575e-01,6.892329094029433634e+01,1.564173439089983075e-01
1.255895364141689424e+04,1.450628235971401780e-01,7.681635255385580763e+01,1.578318608349773278e-01
1.999328545559972918e+04,2.313948989054841476e-01,6.110301312069808688e+01,2.556357075792737299e-01
1.398082557957516110e+04,1.618578236239153201e-01,6.488546147520563068e+01,1.839968452608037042e-01
9.143425750748057908e+03,1.149337131166197484e-01,4.784534197554589241e+01,1.321744716582031465e-01
1.384440412305004793e+04,1.601940118238710520e-01,6.242127124967441176e+01,1.729317357285394818e-01
8.862618791394317668e+03,1.025672380258821487e-01,8.337591806357723101e+01,6.251584887043350192e-02
8.307936068372615409e+03,9.619413393306169846e-02,7.383337354282393505e+01,9.546330970053050480e-02
6.559221623499673115e+03,7.593273495145119734e-02,8.039117635379415105e+01,1.030258648985365455e-01
1.001948817144655914e+04,1.159424993959455447e-01,7.635693670241778364e+01,1.542913049778718571e-01
8.383902400360304455e+03,9.704147720152729584e-02,6.739964271549216335e+01,6.969903862136440920e-02
6.514966655675628317e+03,7.537728498184254056e-02,8.457237224351190719e+01,7.815813396483278774e-02
1.176146350829758376e+04,1.361334870596226654e-01,6.256997271947134465e+01,1.530158503932968206e-01
1.569020707256345668e+04,1.816006914257989602e-01,5.852386199406951306e+01,2.409075424412818189e-01
1.175546223494353217e+04,1.360585906822167623e-01,6.283824823583968566e+01,1.253352213247518054e-01
8.944539303423382080e+03,1.035247604562890833e-01,6.858643470277620224e+01,1.049281094349324983e-01
9.606300608259976798e+03,1.111840348178237542e-01,7.727028161319518063e+01,1.045642948940300604e-01
1.143758739931115088e+04,1.324044077800944352e-01,6.895444894314753981e+01,1.009050109613742890e-01
1.367753272748168820e+04,1.582985579979168111e-01,6.864084962371569532e+01,1.311680243638817245e-01
1.489439813549224709e+04,1.723945080872416324e-01,7.651829019030593315e+01,1.770988307091445613e-01
9.932642522972946608e+03,1.149611403121868214e-01,7.645383190600466605e+01,1.295893294226922454e-01
8.700648724971160846e+03,1.007019528353143151e-01,7.863946286566442723e+01,6.605337454998252977e-02
4.371109478710368421e+03,5.059154489248106346e-02,8.479483045153845922e+01,3.607252823308351036e-02
2.296028555388412860e+04,2.657440457625477315e-01,6.536919801192648549e+01,3.460122510272454766e-01
1.920037156238660100e+04,2.222265227128078779e-01,7.052226260700594196e+01,2.952955650334240789e-01
8.370613644178634786e+03,9.673894124237759906e-02,6.934197287036499802e+01,7.922410869075285911e-02
1.591836849142880965e+04,1.843295229784436273e-01,6.883052060092364854e+01,1.612189182428148126e-01
2.166439244151798994e+04,2.507465104027636893e-01,6.601825775654950235e+01,2.246547416710808209e-01
2.417798651374047040e+04,2.798575651637981165e-01,7.023853866214030006e+01,3.782213252835622264e-01
1.634151269794856853e+04,1.891913617131536218e-01,5.054558942844260372e+01,1.884145140315054701e-01
1.134364974439954676e+04,1.312715882461284733e-01,7.433581671552073544e+01,1.146292483718119315e-01
1.237012807852971673e+04,1.431376984527023000e-01,8.125822790827407971e+01,1.110794444719487989e-01
1.092404192167104702e+04,1.264075127760807549e-01,6.331064305133750025e+01,1.031450456911017777e-01
1.090126597152317845e+04,1.261830367324416335e-01,6.755202056382049136e+01,1.013836641234983488e-01
8.869497748569341638e+03,1.027301006085173107e-01,8.752586132379954620e+01,1.139000797856414837e-01
1.100831053946204338e+04,1.274551685022481673e-01,7.185420770347799646e+01,1.255996360873570250e-01
1.005955243972635071e+04,1.164744608953292987e-01,7.817135579844868687e+01,1.170139154873251069e-01
1.801148889473207964e+04,2.084613027526278639e-01,7.706659293291798463e+01,2.349565084264626236e-01
1.883631603803137841e+04,2.180564198660913666e-01,5.821314218816418418e+01,3.060492261904116940e-01
1.545059979689303873e+04,1.788387319211076076e-01,7.673708836003530109e+01,2.011086563368233715e-01
1.139920790045268222e+04,1.319234918588308714e-01,8.224230315897405319e+01,1.049509611657344216e-01
3.582787773401800678e+03,6.637910134324410960e-02,7.498718455100424762e+01,4.305345729868891025e-02
1.252281511909624896e+04,1.098468283649514377e-01,8.029401638326527291e+01,6.597547287418062401e-02
1.281803829123446485e+04,1.588121161431534090e-01,7.198657021742019424e+01,1.487303689450429345e-01
5.212204917384024156e+03,6.032644580305579485e-02,8.887064035845976662e+01,5.232634001981066596e-02
6.078547665596050138e+03,6.981184108797480747e-02,6.497457860712471245e+01,5.665405917665066599e-02
1.174721430408357264e+04,1.359631285194857486e-01,6.579862813003053645e+01,1.094964419287542123e-01
1.261454026042133955e+04,1.460016233845061739e-01,6.150166879104348538e+01,1.230113013472266398e-01
7.943093596793811230e+03,9.193395366659500023e-02,7.320017656439287634e+01,5.443461095636176195e-02
1.386299740541128813e+04,1.604512845047487146e-01,8.160648391740049590e+01,1.595466409540741426e-01
3.492294482947963843e+03,4.042007503411990110e-02,8.204781439913739405e+01,4.717081024798806116e-02
6.915331302438860803e+03,1.176076752115452206e-01,7.387830997126076227e+01,6.875632790587875298e-02
6.184829601037105931e+03,4.126785867371226407e-02,8.951861852793254570e+01,3.182688230161392906e-02
1.105530545924960825e+04,1.279550960156321804e-01,8.409563805768405587e+01,1.224124943338713578e-01
1.125926069439155435e+04,1.299132935006202805e-01,6.869227719936461085e+01,9.434284145376273245e-02
5.750398701849917416e+03,6.643615965059743167e-02,7.954150995203772823e+01,4.436665106412468473e-02
8.982296034693987167e+03,1.039586312652177186e-01,8.300571772103673140e+01,1.318481947056393266e-01
7.785783926561662156e+03,9.013446739435951316e-02,7.823609706693693511e+01,9.091959619957355743e-02
1.035230137818046023e+04,1.198534631936759715e-01,7.521502015737473812e+01,1.016930564766602013e-01
6.018802821753953140e+03,6.967763608216612226e-02,6.974884859102051848e+01,7.608023516355404137e-02
1.231662912702454014e+04,1.425895638135050991e-01,8.374863633251648309e+01,1.258340430642393981e-01
4.957200168053313064e+03,5.737513479953526563e-02,7.589687793479677680e+01,4.481808328744433384e-02
9.812921942261404183e+03,1.135820588688429278e-01,7.319956287179223864e+01,1.081274524749245153e-01
1.159221059175541814e+04,1.342004670297166635e-01,7.320637921012593097e+01,1.432835216532386824e-01
9.239516357484006221e+03,1.069684311525962161e-01,8.661672624460778991e+01,1.076083246587501430e-01
1.909730927085244184e+04,2.209933638627876173e-01,6.809734499544762798e+01,2.703726562842286851e-01
2.515258039358700626e+04,2.909776887101720444e-01,6.558268052277385607e+01,3.277027353378169638e-01
3.380145542467550695e+04,3.912258921376561838e-01,7.607258533507852860e+01,3.522589274568558304e-01
8.096252743724059656e+03,9.377590330154866871e-02,7.297159760896954595e+01,9.592609533751238204e-02
1.150606725716793153e+04,1.331231874076820865e-01,5.599486101192248810e+01,1.236211565115611644e-01
7.706919847663299151e+03,8.919012725375932704e-02,5.959210671785512403e+01,9.367484028776462690e-02
1.060267556496812176e+04,1.227933152784909943e-01,6.544668384874682943e+01,1.329712850506840349e-01
1.275009200023179619e+04,1.475501640016944338e-01,8.409872375480337325e+01,1.422374022141819905e-01
4.990198007502198379e+03,5.785165330023026020e-02,8.371370365351060627e+01,5.113820051828485425e-02
9.877339078016530038e+03,1.143158186058930714e-01,7.441790242389349430e+01,1.046306396973998992e-01
1.059551785235357966e+04,1.226355903650367535e-01,7.802866257865460398e+01,1.071916848610174472e-01
8.834968735740014381e+03,1.022565825895834501e-01,7.145734330054101235e+01,9.082708740008293979e-02
9.813913052904403230e+03,1.135869566308379680e-01,9.049744670469925723e+01,1.394665250168688753e-01
1.704050011005176930e+04,1.972280105330065647e-01,6.315020221700042669e+01,1.692635978710248235e-01
1.187950731712846391e+04,1.374914914647131781e-01,8.046697966708920546e+01,1.493481994323857531e-01
1.800161315076782194e+04,2.083520040598127177e-01,7.502192185569400351e+01,1.679122979623980938e-01
1.136636082200321835e+04,1.315494736187915736e-01,6.927869340117420904e+01,1.622037612779699267e-01
1.909778680063271531e+04,2.208882956564885702e-01,8.709174582683684207e+01,2.236723000668955075e-01
1.866971520982129005e+04,2.160846667803389964e-01,6.065555277028771286e+01,1.814663520260916263e-01
4.163218968361214138e+03,4.818535753306914249e-02,7.658175514660658223e+01,4.454723860595127122e-02
1.254271844187209535e+04,1.451865255154362322e-01,6.720329340847470689e+01,9.605323951775328328e-02
1.365673495533976165e+04,1.580398334467287558e-01,7.109055272877175469e+01,1.023008910673877669e-01
7.922177496539899039e+03,9.168609320655890516e-02,8.042511632499838470e+01,8.664079593314265304e-02
1.062909022721519796e+04,1.229834372274904719e-01,8.269767431847566286e+01,1.398896950651440096e-01
6.747591926099597913e+03,7.809605508292578879e-02,6.996407217853297311e+01,8.577891925639778703e-02
9.184289153802321380e+03,1.063297356499031815e-01,7.149445988151714459e+01,1.052044082802579966e-01
7.158856448515873126e+03,8.286012142094471844e-02,7.059037422865115730e+01,1.085671959117230911e-01
3.580679635632405734e+03,6.089990431773444068e-02,8.767257827841270057e+01,4.211250099840922051e-02
1.685613336588881066e+04,1.877079979466061976e-01,6.473713879821802664e+01,1.978041054747808614e-01
1.228830616541030395e+04,1.422186688149561506e-01,7.379244099115121003e+01,8.023054243991098455e-02
1.728730762770499859e+04,2.002342071585989369e-01,6.546841299283151727e+01,1.728505460748850087e-01
1.334446118551826839e+04,2.650379225940589500e-01,5.839339242124136575e+01,1.420276770090139751e-01
9.436563915566284777e+03,1.092242777008653881e-01,6.215351263643434265e+01,1.430601283329522300e-01
1.874583032955365343e+04,2.170097441550206119e-01,7.818914448879608869e+01,2.859062203350307141e-01
2.632401371527224546e+04,3.046015872275129044e-01,6.055433797525525108e+01,2.975432670245706235e-01
1.603370683828593974e+04,1.856833631618909353e-01,7.808427665879030144e+01,1.524594681649408812e-01
1.309488273318532447e+04,1.515094538338431773e-01,7.352389009530701003e+01,1.410446128349746586e-01
1.608958305108868808e+04,1.861934877844179104e-01,8.449956333660766461e+01,2.365726772825227364e-01
1.837654372134948426e+04,2.127337261791724110e-01,8.214964618009931030e+01,2.392195488728074138e-01
1.286549303510187019e+04,1.489040606374371079e-01,6.955708181463414519e+01,1.269665462234378928e-01
2.286648490713113279e+04,2.646580821737098410e-01,8.157000922618389893e+01,2.026149059501819172e-01
1.665853750187212427e+04,1.928071470124087805e-01,7.009897275770097735e+01,1.559447003733438475e-01
1.681477338428031362e+04,1.946207320789288542e-01,6.861281472321775254e+01,1.912448696035536078e-01
1.861076495072410034e+04,2.154023721148622672e-01,6.062911134212360054e+01,2.125964631538340699e-01
1.060632289592648885e+04,1.227545815466281609e-01,7.582830278269423729e+01,6.582153247745158031e-02
1.150984958586374341e+04,1.332158516882377131e-01,7.127406828635442082e+01,8.973099265822762072e-02
8.127186924156528221e+03,1.186613847133542593e-01,6.798680106753498364e+01,1.241984145157578184e-01
2.167422826688481291e+04,2.508591234593149366e-01,6.208943541028135371e+01,2.445936735965786313e-01
3.530015250992082292e+04,2.175211040264577178e-01,7.574457045366222019e+01,1.989143768321876837e-01
2.028964734219237289e+04,2.348436985137041522e-01,6.558317080562360957e+01,2.698134264874613164e-01
1.705040550772567804e+04,1.976566818579915674e-01,7.113910293489387016e+01,1.371856990926474951e-01
1.983991684257350789e+04,2.459823938020561374e-01,5.784970664762406756e+01,1.452957070241675530e-01
2.781289729523142159e+04,3.218737069360339542e-01,6.719980739423455418e+01,4.274772913948386432e-01
2.174428757913504523e+04,2.516666279976126352e-01,7.455029562217208650e+01,3.226210917006518408e-01
2.082652138812719932e+04,2.410404043366847493e-01,6.871109836935339388e+01,2.300496040943564302e-01
1.587680723884223335e+04,1.837882099978785655e-01,7.397117129384137968e+01,1.452113679110209055e-01
1.551850425134488614e+04,1.796418601702914619e-01,5.607776691444377803e+01,2.416829483928525368e-01
1.589288555916755649e+04,1.839647848029511978e-01,7.453159097776287467e+01,1.730753410774111545e-01
2.434236854172929816e+04,2.817469253944483998e-01,5.739190606652417870e+01,3.319467324334391400e-01
1.698889319432696720e+04,1.966090973031093536e-01,6.477577682755678268e+01,1.943057061980522082e-01
1.351324507482665103e+04,1.563606025559012014e-01,7.275118905401411951e+01,1.299415697953937854e-01
1.718893075763849629e+04,1.989260568463680212e-01,7.584706667705800953e+01,1.504991845199267209e-01
1.538264461908761768e+04,1.780349252373493174e-01,6.444589409312769135e+01,2.067418755221498983e-01
2.048515833554650453e+04,2.371039795767631020e-01,7.175949564849670992e+01,1.399440476994129878e-01
2.190928415574349492e+04,2.535457791523428317e-01,6.412514750489077642e+01,2.405014983545153417e-01
1.735363425047106648e+04,2.008493202340793926e-01,7.062096374218435813e+01,1.634817521437089693e-01
2.384337688467573753e+04,2.760664860239118168e-01,6.370179962253423867e+01,3.113675022440338669e-01
2.027541580742702718e+04,2.346753918262155236e-01,6.770530168279215388e+01,3.418307169469977369e-01
1.898815945996845403e+04,2.197703641200052238e-01,7.820168360501797622e+01,2.694403256895533949e-01
2.189299768728854542e+04,2.533920306731867744e-01,6.295237422020969120e+01,1.885444385816867630e-01
1.637956309769420113e+04,1.895782765936828707e-01,7.742383069041466115e+01,1.397542840053230262e-01
2.058662154876935529e+04,2.382710827403860254e-01,6.754510095454939744e+01,2.995524510680880326e-01
1.642678132238258695e+04,1.901247838238724897e-01,7.621786276570850305e+01,1.988600948035886273e-01
1.850489350922759695e+04,2.141770082086527360e-01,6.786867004484558663e+01,1.179303223693167202e-01
9.741234658328456135e+03,1.127457715084311668e-01,4.730627719063769376e+01,1.456919216158600872e-01
3.100716671292496812e+03,1.987638891854164036e-01,6.638993304408046470e+01,4.926973634098280597e-02
1.301040482038868686e+04,1.159505762460254497e-01,7.504785119919372960e+01,8.894460098537868009e-02
1.383037030740130467e+04,1.600737304097372693e-01,6.047555425342299174e+01,1.022391297615449363e-01
1.518219996615837226e+04,1.757199070157218768e-01,6.350357847802438016e+01,1.261342966612621352e-01
1.141716266542483572e+04,1.324261381326120313e-01,8.869300977812429210e+01,1.696703859482344701e-01
1.352857978391478355e+04,1.565633723965905721e-01,7.945917869588576821e+01,1.530176626605475321e-01
9.388636221017135540e+03,1.086642308806660129e-01,6.983338041260265072e+01,1.331919688794346024e-01
1.141390458595164455e+04,1.321217521497083380e-01,6.288149737233369763e+01,1.182123970776291499e-01
1.060952960977900875e+04,1.227842097346544675e-01,7.354525335737469049e+01,1.087658803964197535e-01
7.630902746835010475e+03,8.829776083235602036e-02,7.767146136796412748e+01,8.312533331306218298e-02
7.213867499989823045e+03,8.352328950311321831e-02,7.535712364343972069e+01,8.078721612079993453e-02
7.580586040669168142e+03,8.771673067733279372e-02,7.333969882196333856e+01,1.095837781960020130e-01
9.000968538240602356e+03,1.041837063983020034e-01,8.610368415743127457e+01,1.083322593418136331e-01
8.613297729235389852e+03,9.971783422209079539e-02,8.210180802074988549e+01,1.001207847999316114e-01
8.117612784391700188e+03,9.394383454068983008e-02,7.273848110525401012e+01,5.979581269592604970e-02
7.443062128796558682e+03,8.613033843392786659e-02,8.051954067209487675e+01,6.211527133388928396e-02
1.098714013509732285e+04,1.271299609460266045e-01,7.334660728970050059e+01,9.919689874681655861e-02
1.245878414305795741e+04,1.442228928487080397e-01,6.658059612837942609e+01,1.641106863161722607e-01
1.011707218740166900e+04,1.171270513089172904e-01,7.659303466899217483e+01,7.760709536018500776e-02
7.700433798398239560e+03,8.913968399436728030e-02,7.177522140982017618e+01,5.731137452063193166e-02
8.751565345648616130e+03,1.013070949074522109e-01,7.322293966531849208e+01,6.979263025867711578e-02
2.414373979252166464e+04,2.794031966669702771e-01,5.984534896156773698e+01,2.150720870194169632e-01
9.450226553300217347e+03,1.094482661686649178e-01,6.795466057659930925e+01,1.284108313165823745e-01
7.583121307710000110e+03,8.780066181484974530e-02,8.231455140456563413e+01,6.483597235428793792e-02
1.430580121495940330e+04,1.655589411164054836e-01,7.306392003447142258e+01,1.997122232669604480e-01
8.322769507420274749e+03,9.635937475670525165e-02,7.651514519653363777e+01,9.734587251696759369e-02
1.076877002655117758e+04,1.246385419739718947e-01,7.356259458016802455e+01,1.002717396442230902e-01
9.877785795543182758e+03,1.143240962110768089e-01,7.943829652756346604e+01,8.262785414047671417e-02
6.820652824500721181e+03,7.894274102431385332e-02,7.839269024156102716e+01,9.361163544313441665e-02
6.963076914716078136e+03,8.059116799439901280e-02,7.741162786844874688e+01,8.194399610483246721e-02
6.972510875110974666e+03,8.070155276846414927e-02,6.908274944544179164e+01,8.976929519567067306e-02
7.842033008052003424e+03,9.076427092652777917e-02,7.166303620075197500e+01,9.790266431193886398e-02
1.169020286322187349e+04,1.353032738798827794e-01,6.742927148204941545e+01,1.219084832741786639e-01
1.494436341843919763e+04,1.729671691948981016e-01,6.730125372063423583e+01,1.749726781969182521e-01
9.441695701558173823e+03,1.092788854347010452e-01,7.285583987615477497e+01,9.128116011054289436e-02
1.122734899801879874e+04,1.299248961222235210e-01,7.542815541076333830e+01,8.582345333692857625e-02
1.289297379799089322e+04,1.492495005401981989e-01,7.028186370359946977e+01,1.031401043129027834e-01
1.569327461310210310e+04,1.815811435488110803e-01,7.003969537486874231e+01,1.890244928072687125e-01
1.070279804749520554e+04,1.239071636854262859e-01,7.077355326564178029e+01,9.518068782007628459e-02
1.260143994561870750e+04,1.458709392436517982e-01,8.047248235424044083e+01,1.174235656451916854e-01
1.120376169666466012e+04,1.296807017743090151e-01,8.460415802056685664e+01,1.287582451569664055e-01
6.177021146102861167e+03,7.148816633101377771e-02,7.623748078083798418e+01,5.639138073001660756e-02
1.359611230282099314e+04,1.573538054292241695e-01,8.021879757846797077e+01,1.722449327460817137e-01
1.055910301531146615e+04,1.221841775911480521e-01,6.459439203632882709e+01,1.580409276791615303e-01
1.099021739349212294e+04,1.272226114032111721e-01,7.008684010685580290e+01,9.847095094879369792e-02
7.535916167075568410e+03,8.383490089143230684e-02,7.607023383580052212e+01,1.047589156535336102e-01
4.434077175957590953e+03,5.131779163953783390e-02,8.949402259338444310e+01,4.832866853448387900e-02
1.148468474305014024e+04,1.328895683697169650e-01,6.250988307080299222e+01,1.345637589884827456e-01
1.599787966599160791e+04,1.851474807950325152e-01,8.528155818915045927e+01,2.282578646519420051e-01
1.036863157996581504e+04,1.198585565644159773e-01,7.260229077701879419e+01,1.262726557898093682e-01
9.024813322240257548e+03,1.044652302368782593e-01,7.386324871043893836e+01,7.451843919033289410e-02
1.360612420913882670e+04,1.574618945276178850e-01,7.672791539455322152e+01,1.202866624454520111e-01
1.030864044330623437e+04,1.193192739077312686e-01,7.072653719174223852e+01,1.056342847268889884e-01
1.018721744277203652e+04,1.179073226703629823e-01,8.161686308844834059e+01,1.330175514502887901e-01
1.214036975830505253e+04,1.405133465292685013e-01,6.886638536690331591e+01,1.469951165633228696e-01
1.308446515062281833e+04,1.514405688729492661e-01,7.228665055107677517e+01,1.534546705763940033e-01
1.502590713297978618e+04,1.739109621872659828e-01,6.387213284456939277e+01,1.888042160166514272e-01
1.357290673741284263e+04,1.570973588436833657e-01,8.466918756466496632e+01,1.057201678229885838e-01
1.440960909878245548e+04,1.667778830877598428e-01,6.557978872144198590e+01,1.432809455251872199e-01
1.146494947343698550e+04,1.326977772218992380e-01,6.896047706234617181e+01,1.004194551740555386e-01
7.050332205114802491e+03,8.160106718882868815e-02,8.085581986484399408e+01,6.633190874635022660e-02
9.622202022447330819e+03,1.113680789635107249e-01,7.332661247025639284e+01,8.123435883198863727e-02
1.213164092505140434e+04,1.404125107066134248e-01,7.287760041993554694e+01,1.482907357145939464e-01
1.284197608095321993e+04,1.486350477047375107e-01,7.031148429977812953e+01,1.596620701428845268e-01
1.099903867168644319e+04,1.273433074948081833e-01,7.268930266919916505e+01,1.036957925080853049e-01
8.964071545841932675e+03,1.037501546281161674e-01,7.053764964416295413e+01,8.625302624756844838e-02
8.862211071321118652e+03,1.025610194449528140e-01,6.193338073319792159e+01,1.212740008009509513e-01
7.889255897380086935e+03,9.133734604385818079e-02,8.716328127031977147e+01,1.162332667050329782e-01
8.220823946037271526e+03,9.519275960505704792e-02,7.316343530017117303e+01,9.464815766331710623e-02
8.082480306267318156e+03,9.360080156745574642e-02,8.071944379153025295e+01,8.872349978137755722e-02
9.951717059406781118e+03,1.151882078711756185e-01,7.320560023861062859e+01,1.143445388871586199e-01
8.905669391080009518e+03,1.031647900208973179e-01,6.869977699111605318e+01,1.080604128646494855e-01
1.122171801510252772e+04,1.298959353384288029e-01,6.709081983149069117e+01,1.061266196112695959e-01
1.060963149398100359e+04,1.227475297478797800e-01,6.399553962334497470e+01,1.147932516756396265e-01
1.232062704805548492e+04,1.426234724722681146e-01,6.149013617111444319e+01,9.087888145106880200e-02
2.681201697310076997e+04,3.103050245670005980e-01,6.121657237327797674e+01,4.441281395073607419e-01
2.811843872341403039e+04,3.253553638188702024e-01,6.360960904549437345e+01,4.206043318794687180e-01
2.406817175277874776e+04,2.785975394747381984e-01,7.544978320547696171e+01,2.473595555580171412e-01
1.707272297489666744e+04,1.975885610683307259e-01,6.818052380589715256e+01,1.473501412670178146e-01
2.198695221759434207e+04,2.544697914675230765e-01,6.593603318528950297e+01,2.382528184513670044e-01
2.396673137197593314e+04,2.774604445259715169e-01,5.859893437531277272e+01,3.634418424654440871e-01
1.763744643991858902e+04,2.041380279180099178e-01,7.304562938102721148e+01,2.679078222968076517e-01
1.498464581247080787e+04,1.733720984690885758e-01,6.684888139876801461e+01,1.930728820662520051e-01
1.436884257705496202e+04,1.663156395571060708e-01,6.558320215589719737e+01,1.462661398900280407e-01
8.068503624986710747e+03,1.292137091873166999e-01,6.976213217595903870e+01,6.048455119797046392e-02
1.345874569722709930e+04,1.557725196438321524e-01,6.582458905666467786e+01,8.646010111731804171e-02
1.360178053498976806e+04,1.574691622315832762e-01,6.942486635926105976e+01,1.551981404389755348e-01
1.440374780977250157e+04,1.667097096316966232e-01,5.397432666578767879e+01,1.028041388522015764e-01
1.424360744776312640e+04,1.648565676824435555e-01,7.051907740939500968e+01,1.519976030467183326e-01
2.069265970593200473e+04,2.394983762260648463e-01,7.543530912283378598e+01,1.132831327060483950e-01
2.212082417146033549e+04,2.560280575400501468e-01,4.849235211229794373e+01,2.410203709144116413e-01
1.045784666258065045e+04,1.210398919280167435e-01,6.985541661192264939e+01,8.741001899676995035e-02
1.185782845346978502e+04,1.372433848781224597e-01,6.768780730007634361e+01,1.179422496008001170e-01
1.860241738508572962e+04,2.153057567718255350e-01,6.280047537503640598e+01,3.059566796915452747e-01
1.231377620024191128e+04,1.425205578731701950e-01,6.173844076651027279e+01,6.900724399513438745e-02
1.855187862617311839e+04,2.146281918962613666e-01,6.483484139063239127e+01,2.794070494828161388e-01
8.299891320957800417e+03,9.606379143676307963e-02,7.967713803332092937e+01,7.332322945482452892e-02
1.179716468938751677e+04,1.365189259736154792e-01,6.310448772649946392e+01,1.090224371069415388e-01
1.067165272144318078e+04,1.236564782042866295e-01,7.165440639451686877e+01,7.667114112444819995e-02
1.878089147522979329e+04,2.173802904894831522e-01,6.814368125221500350e+01,1.487995884080337561e-01
1.072917457280076997e+04,1.242079523415626774e-01,7.835818315341388995e+01,9.134460977490600764e-02
1.056156074590463504e+04,1.222564631271721158e-01,7.337879511653112274e+01,7.707161813363969105e-02
1.140913472389008530e+04,1.320918704713734682e-01,7.185913499522901304e+01,1.058752995761270271e-01
1.335675803023077242e+04,1.546153327329359839e-01,7.239268673649301888e+01,1.311027820604435401e-01
1.316574839097361109e+04,1.523022504989178794e-01,6.620046222345222020e+01,1.018974304314762824e-01
1.019776197238576788e+04,1.180332016610545764e-01,6.270572971177829658e+01,7.325542849922218880e-02
1.169191597837236259e+04,1.353770367237069339e-01,5.969688182145200983e+01,1.220298728907042995e-01
1.399388033628244375e+04,1.619852306118395036e-01,7.335540600341481365e+01,1.155532856544208981e-01
1.005683929679377798e+04,1.163746445163305610e-01,6.520656481954843287e+01,9.268216044746677151e-02
1.256164404787005333e+04,1.453487703751689120e-01,6.264732645174201053e+01,1.439642487740909749e-01
8.360782770859428638e+03,9.676686712298447623e-02,6.743553114224292244e+01,4.590175932353815491e-02
8.908425511097444542e+03,1.030632103149770606e-01,7.025268873238411516e+01,7.172868721943358172e-02
7.435382432566671923e+03,8.604422519813198500e-02,6.930400702338381791e+01,8.243553526429807377e-02
1.419808412211521863e+04,1.643370187024642548e-01,7.834645729140589765e+01,2.290378699678948249e-01
1.174500597379959072e+04,1.359375691411989218e-01,5.859567362660332179e+01,1.217405414787117029e-01
8.820362264402288929e+03,1.020917249226454965e-01,6.531575627882033075e+01,7.437393289348220859e-02
8.868521527909999350e+03,1.026441575592547256e-01,6.583842895578723642e+01,7.450816289384462610e-02
1.054033287907555496e+04,1.219945935078188548e-01,8.047745898505075957e+01,9.018555076101172907e-02
9.117077765357651515e+03,1.055217333953431258e-01,7.679685368986460503e+01,1.152410226950490169e-01
7.523204949612339988e+03,8.706922535273244057e-02,7.467637804041376626e+01,5.370550927430518123e-02
9.259005528878280529e+03,1.071644158434985616e-01,6.566769608221157739e+01,8.898515014003448298e-02
8.485410198398816647e+03,9.821076618517146639e-02,6.076099183900413436e+01,7.862428883927813361e-02
6.510455367117701826e+03,7.535249267497334813e-02,6.892801834596892263e+01,5.584654259003789256e-02
6.174000328204342622e+03,7.145196702051404003e-02,6.633249193727858994e+01,5.689738650291892297e-02
5.917836468195901944e+03,6.849347764115622239e-02,7.947472765518200788e+01,3.978914289431164514e-02
7.108646948552408503e+03,8.230578375962618876e-02,6.770290716052623736e+01,7.518836142295264036e-02
7.877388718131745918e+03,9.117547481287896494e-02,5.752404520175732472e+01,8.064866215516998393e-02
8.531204216348305636e+03,9.870756587307287500e-02,6.641969860411944637e+01,6.228722353645211457e-02
6.673607617877099983e+03,7.721956872995279497e-02,7.338791592889498361e+01,6.118013080143280824e-02
7.225675340183448498e+03,8.362999456039529877e-02,7.068971964181061196e+01,6.098501192848890945e-02
7.056598875716858856e+03,1.105421151613072833e-01,7.676972985359483914e+01,7.505723331307243007e-02
7.734316689695901914e+03,8.954856871178276667e-02,6.966785110750689114e+01,8.993472100977001338e-02
8.993470144722587065e+03,1.040834330984653638e-01,8.812688504918614285e+01,1.098076521019442919e-01
7.207855659150765860e+03,8.343059686736814529e-02,7.880307342341220078e+01,8.027196307486576810e-02
9.185762354088401480e+03,1.063022109142306715e-01,6.778096637668161861e+01,8.577908079603416280e-02
7.377188940370469936e+03,8.537849958828575003e-02,5.980365409155435685e+01,8.828169962267981563e-02
5.400305014072838276e+03,6.249696485770287607e-02,8.454135976006577380e+01,6.332768025235062381e-02
1.341928891567023811e+03,4.861999559103905716e-02,8.727449077632881824e+01,1.808010220234729931e-02
7.356031925400431646e+03,9.472643026007987466e-02,6.566666809299698571e+01,3.993855386019071196e-02
8.238582244397668546e+03,9.536300636959997579e-02,7.862834381395222749e+01,7.448485896630863135e-02
8.560923180202467847e+03,9.910494603742635300e-02,7.495101457001149470e+01,1.088311896973919168e-01
7.766909139157656682e+03,8.993244403199868175e-02,7.584933287598759932e+01,9.194848714668377165e-02
1.245194615577487639e+04,1.441497523168245865e-01,7.501184322434147589e+01,1.710030647681558547e-01
7.878088165097306955e+03,9.114088221831996572e-02,7.667667893486550668e+01,6.981292997792963584e-02
4.233829490437922686e+03,9.284957530221975286e-02,8.657739468377721437e+01,6.504910014401821261e-02
1.380094365221147928e+04,1.540929450533167766e-01,5.100524975854281706e+01,9.429265616855446452e-02
9.293030303707826533e+03,1.076211193066061445e-01,7.233850316224084054e+01,1.130565679864703743e-01
8.159380761093791989e+03,9.443727732747439485e-02,6.706920496635468965e+01,8.348487284891048521e-02
8.384899652461361256e+03,9.696172953401720196e-02,6.934515280223295974e+01,6.924833635025745560e-02
8.075930090741790082e+03,9.347031485558478237e-02,8.205734472748210351e+01,1.187087809966935886e-01
9.229118035868024890e+03,1.068184957855094902e-01,6.306027207941431811e+01,8.412052669762670742e-02
7.093329436380387051e+03,8.209834644655344960e-02,8.217695181870263355e+01,8.951474342898130265e-02
9.369748947274940292e+03,1.084461683712376889e-01,5.878622929261995012e+01,1.327716593504280895e-01
6.839848454263552412e+03,7.916491266508735025e-02,7.480550786365725457e+01,5.647845264343993865e-02
6.625486785739840343e+03,7.668387483495181511e-02,7.691825833603110141e+01,8.045087327617030104e-02
6.878315120654134262e+03,7.958132974333019527e-02,7.009180906501440234e+01,6.480892978664963555e-02
5.895050559421682919e+03,6.824343333154046787e-02,7.724233774780603312e+01,6.456546400145936337e-02
7.861650119158013695e+03,9.098325767263261421e-02,6.214585252436281593e+01,7.487415869705314753e-02
7.663372511977072463e+03,8.865682503636788947e-02,6.588580498466694735e+01,9.728896138247782044e-02
1.130295822123374091e+04,1.308634145785038394e-01,7.534360145247745777e+01,1.404338509678658142e-01
6.119912077753350786e+03,7.082262655684058716e-02,8.355380607591408193e+01,7.141417950815640014e-02
7.905239922249599658e+03,9.148550942101776884e-02,6.648480346881888181e+01,8.848870509390834027e-02
6.439590719261055710e+03,7.457372344974623479e-02,6.778067380691025789e+01,7.640456096855433032e-02
3.877181171272489337e+03,4.484042567678014901e-02,8.634755585661572752e+01,4.968741500705220471e-02
5.779605134698485017e+03,6.691229130403308911e-02,7.893239706309050518e+01,5.666406526915811898e-02
8.656450187796679529e+03,1.001994305086751635e-01,5.675300945018098275e+01,7.429909397332264132e-02
3.608218523777818973e+03,4.175528586841993628e-02,8.429443486568018784e+01,4.036232185947222911e-02
8.771980950852546812e+03,1.015185842037534675e-01,8.038760678422111994e+01,9.628014944738085001e-02
5.052445919974488788e+03,5.846636606140029335e-02,6.491759809440034701e+01,7.029654919615717368e-02
1.038439400905382718e+04,1.201596912964027625e-01,6.090642598739725599e+01,9.744071973532240916e-02
5.107440201784789679e+03,5.911516701538163665e-02,6.819832210489258273e+01,4.751244558484438857e-02
1.209766057122501661e+04,1.400261583824471134e-01,7.178561600390801800e+01,1.084597976577912765e-01
8.154905086204402323e+03,9.440801134979195930e-02,6.572636695762005843e+01,9.174116868110819556e-02
1.401512387603181560e+04,1.622347491512991235e-01,7.102028938767369937e+01,1.569657702984257885e-01
9.577546966545502073e+03,1.108512380387210450e-01,6.289186442811099909e+01,1.098399746850564629e-01
8.132636212206677556e+03,9.412773393757724316e-02,6.495720251944663914e+01,7.664075126707908803e-02
1.487920038117554941e+04,1.722129673747169465e-01,4.819388284578540294e+01,9.650988319125522463e-02
1.226241546388011193e+04,1.419261049060197843e-01,6.678662402098451878e+01,1.102716597184485448e-01
1.057485748441746910e+04,1.223941838474243843e-01,7.344973935119519126e+01,9.690457754147685510e-02
1.294501351472029637e+04,1.498265453092626487e-01,6.172233916751122251e+01,1.449473901461390823e-01
1.298182924816694685e+04,1.502526533352655791e-01,6.131016079865231205e+01,1.037322520418696853e-01
1.333207179570561857e+04,1.543063865243705368e-01,5.543046214230464841e+01,1.689136494885615236e-01
6.272297474138527832e+03,7.259603558030698622e-02,6.427142764708109723e+01,7.778715935198966813e-02
1.134878758277676025e+04,1.313517081339902193e-01,6.646007202200621578e+01,1.193398085634866657e-01
5.561858781296641610e+03,6.437336552426663194e-02,6.663610022514546927e+01,8.016975660478783960e-02
1.444277254468398132e+04,1.671827244040924865e-01,5.897974318747935740e+01,2.345323095766304322e-01
8.843441299082976911e+03,1.023654457077544377e-01,6.666623531591402241e+01,9.483418714250159420e-02
5.381289142455115325e+03,6.231193177901533237e-02,6.082869427266501106e+01,8.165372835918625893e-02
7.873332538146771185e+03,9.112180099713630688e-02,6.451575399313867365e+01,6.932088126572648334e-02
7.207832140278444058e+03,8.348442572655313809e-02,7.401045852571934347e+01,7.497419475215409690e-02
1.130064669032558959e+04,1.307491768467855531e-01,7.183996313225479469e+01,1.215537705122001488e-01
7.954270688293041530e+03,9.207908908894107958e-02,6.310420830835898443e+01,9.490116462925268781e-02
7.426310460834507467e+03,8.596182370100804992e-02,5.938724116540480935e+01,7.618399710209407261e-02
6.358155562320900572e+03,7.361208404937466532e-02,6.880265272111105901e+01,5.956894746506463667e-02
7.452594615699929818e+03,6.693341658561684226e-02,6.837244625073073223e+01,6.599128390746938910e-02
7.978624772857188873e+03,9.239061108238598441e-02,7.207693736834623621e+01,1.072048889494952306e-01
6.978858777226268103e+03,8.032927711073530042e-02,8.131535093302126427e+01,8.593335746979260947e-02
1.419330927472071016e+04,1.642337764118201315e-01,5.687156189374910298e+01,2.049082004004225688e-01
1.276062872314839842e+04,1.476760808641134626e-01,6.622023931829002663e+01,1.000514529438281952e-01
9.122952182938002807e+03,1.055049075346400494e-01,7.478752507324476539e+01,8.411083869266561264e-02
9.277226109703198745e+03,1.073667839686932718e-01,6.350465227882150998e+01,1.066774017437184391e-01
1.027021032800486500e+04,1.189384740538601271e-01,6.668049415298369809e+01,1.159388737441460204e-01
9.859975116106914356e+03,1.140672089507699938e-01,7.208071435618170142e+01,8.496838585955657219e-02
9.281565281806913845e+03,1.073907754033426726e-01,6.576151299182106413e+01,1.032745638549034811e-01
1.159164103228158638e+04,1.342799233961030347e-01,7.293435358135953095e+01,1.064364895958010981e-01
1.200677709484117440e+04,1.389673274865875774e-01,5.109638163165433156e+01,1.192107897454313115e-01
1.105065211263156743e+04,1.279111822523767150e-01,6.356647276049123008e+01,1.134469050553760655e-01
9.945060738528343791e+03,1.151044821955589798e-01,6.517575136311482709e+01,8.790944385001429884e-02
1.044734592097681889e+04,1.209183555668612714e-01,7.354562887901629153e+01,1.068716059079230229e-01
9.575181751083568088e+03,1.107920947800900696e-01,6.253528078817042513e+01,9.230220171803869833e-02
1.117344767203491574e+04,1.293223110189226088e-01,6.098172297421024979e+01,1.172613887363372354e-01
6.438040272403412928e+03,7.451435500466908890e-02,7.686403571073414298e+01,1.024957208146652504e-01
9.708819362180640383e+03,1.123705944696832826e-01,6.594986184435572341e+01,1.256491091756772038e-01
7.511798507187402720e+03,8.694211235170599961e-02,6.387019712027741747e+01,8.496528644881763681e-02
7.676549303288035844e+03,8.884895026953741615e-02,6.633070217419627568e+01,9.043256221959185270e-02
9.024119133374515513e+03,1.044458233029457450e-01,6.712124585136126598e+01,9.802093938854258837e-02
7.264831107942396557e+03,8.403111530799504958e-02,6.352225157810515555e+01,7.235140127543063238e-02
9.187391097027193609e+03,1.063493552865184821e-01,6.182977261215397391e+01,9.598234161091419303e-02
4.707648451076308447e+03,8.142093306774353390e-02,5.878127479822382639e+01,3.886493230346425853e-02
1.134033732960695670e+04,1.312570492552922186e-01,8.486832937699023205e+01,1.156231764418850644e-01
8.137772096555989265e+03,9.419315661368429793e-02,6.097348615453586262e+01,9.279538256571487342e-02
1.046108238371306288e+04,1.211199075873859582e-01,6.579853609870859543e+01,1.156532946106474391e-01
9.499311992346565603e+03,1.099272803660793496e-01,6.662628388784713707e+01,1.093103781490784299e-01
2.705265671530382861e+03,6.087004072488323009e-02,7.305754993113453111e+01,3.503812689680309983e-02
7.628375443547519353e+03,9.926576097085400285e-02,8.418615133159059383e+01,6.304416042989108293e-02
1.118511333418154027e+04,1.026005888273203714e-01,6.969054723795085238e+01,9.326445884787175344e-02
7.691012052931559083e+03,8.897844683088051987e-02,7.754044232850378648e+01,7.287510698813856602e-02
1.081031190480469922e+04,1.250727794550060834e-01,6.878234934370094322e+01,1.280768633641901633e-01
1.069844096431111757e+04,1.238132121462590801e-01,8.331520750943415976e+01,9.521983367837513756e-02
7.293586619137970047e+03,8.441233485207141896e-02,6.951925537082661322e+01,8.583686648859756296e-02
1.087501126045959245e+04,1.259450338870605757e-01,7.217148946813885857e+01,7.391884787100888587e-02
1.088119300875425142e+04,1.259870416186018582e-01,7.504510701384982951e+01,1.035259027498855178e-01
8.957726375980064404e+03,1.036326904447699981e-01,6.819651308984973070e+01,1.092727430569628566e-01
7.454724585660668708e+03,8.630107347368280724e-02,7.804250195958229597e+01,7.266351140914746598e-02
6.591055087725180783e+03,7.628834657749591908e-02,7.802567202649487399e+01,7.186196840010583564e-02
8.023073888176610126e+03,1.300935521769906733e-01,5.485323332032445620e+01,1.001964675482766021e-01
9.917153534138875330e+03,1.147818696080887962e-01,7.916918817909520101e+01,1.247017674541298082e-01
9.508376560814027471e+03,1.100506546390511986e-01,7.450909274794339865e+01,1.242469019255093843e-01
7.723142599470525965e+03,8.938822453090881914e-02,7.244330082239471835e+01,6.090755276271785090e-02
6.003149143466141140e+03,7.246676618997648089e-02,6.321362776907824355e+01,5.939784790840792195e-02
8.134978247976287093e+03,9.415484083305884766e-02,7.617533188936805288e+01,7.641784500477769027e-02
1.027089461171482981e+04,1.186026953726073974e-01,6.039417369571067695e+01,1.494836114938271621e-01
5.409388443309913782e+03,6.260866253830915662e-02,7.845186700709234628e+01,8.485619974967933965e-02
1.245627231562108136e+04,1.441698184678365247e-01,6.526184264004089641e+01,1.831727945729940688e-01
9.936078829423262505e+03,1.150009123775840164e-01,6.171769884324655919e+01,1.521285305335178528e-01
5.641164082206278181e+03,6.529125095146151581e-02,7.552860999012730758e+01,5.710654687860208800e-02
1.607244607822579201e+04,1.860236814609466383e-01,7.035165639223826872e+01,1.249983943678402709e-01
6.615668034664025072e+03,7.656856160054063831e-02,8.209296740742378518e+01,9.690700134685617528e-02
8.691045489028927477e+03,1.005879588058853080e-01,7.317890407999462354e+01,1.188083579288976149e-01
9.205171993269737868e+03,1.065259607711564055e-01,5.866889230850609493e+01,7.814566703513875501e-02
1.206513563334690298e+04,1.397126738396807233e-01,6.846920603261958149e+01,1.707255220309624455e-01
1.332197483091896720e+04,1.541742754050973163e-01,6.658592272234044174e+01,1.682964340191440700e-01
1.070176588849851396e+04,1.238302195432099961e-01,7.072154674781833705e+01,9.590867254198932879e-02
1.660604843137324497e+04,1.922010536064874819e-01,6.177241705841860409e+01,2.678624031035838349e-01
1.984041867235497193e+04,2.296235164617210223e-01,6.949544943529096486e+01,2.650003084312686497e-01
1.787427330868355784e+04,2.068777933524890145e-01,7.258341117420394539e+01,1.383645954250518340e-01
1.546889252213096552e+04,1.789932686537138995e-01,6.261377810273002353e+01,1.060398631743746239e-01
1.733543743647907104e+04,2.006253313004543737e-01,7.741649673050484637e+01,1.696171243107607307e-01
1.238378424233193437e+04,1.433425878547202603e-01,7.421888626736443939e+01,1.765631059193998875e-01
8.093020399179777087e+03,9.366249548894391153e-02,8.509818341977511125e+01,6.002027189116704992e-02
7.676875707197028532e+03,8.887541299714676879e-02,7.521387842523590450e+01,7.127827365209618571e-02
8.279978567472939176e+03,9.581334683328211754e-02,8.351160466679326078e+01,8.369978427403039489e-02
7.732606137924329232e+03,8.948327651655524351e-02,7.419243028660461903e+01,5.569531345872106437e-02
1.085975603805777973e+04,1.257809159714512459e-01,7.931478690134852627e+01,1.038460691545787795e-01
1.127193139317608257e+04,1.303677248199765770e-01,6.353893919800994183e+01,1.159797420659090250e-01
8.007867310778143292e+03,9.273733391743049781e-02,7.303211730569110216e+01,7.770339426150055240e-02
6.702521449279896842e+03,7.757547973703579625e-02,7.726345729895503212e+01,7.087477335264341649e-02
1.158681354515378189e+04,1.341066382540946345e-01,7.453612697627646355e+01,8.596612106893330996e-02
1.205934540907237897e+04,1.395757570494488009e-01,7.953519263600632883e+01,1.779887432318055518e-01
1.224341499261257559e+04,1.417075694059417579e-01,7.793299247425143506e+01,1.454460467820148650e-01
1.761173602211054094e+04,2.038395372929460714e-01,5.044865516987446341e+01,2.449205101240895521e-01
1.082093401434176849e+04,1.252422918326593082e-01,5.458529117471254466e+01,1.156932233258518294e-01
1.313649120686633250e+04,1.520427223016936613e-01,8.012298415604838908e+01,1.657049587497204102e-01
1.588963996313825555e+04,1.839078699437297904e-01,7.750493302423346620e+01,1.691347260625506443e-01
7.137771421184373139e+03,8.261309515259686320e-02,8.265493418855800201e+01,9.469915629723633932e-02
2.185754134681005235e+04,2.529945935091817422e-01,6.707043090988828737e+01,2.271172278895900454e-01
1.610067544234104207e+04,1.863504102122805484e-01,6.942019798500253103e+01,2.611038886516079960e-01
1.910225478122634377e+04,2.348738065026899358e-01,6.527908595425907379e+01,2.239573959325102392e-01
1.281117757044909376e+04,1.484497281944966718e-01,6.825391319376552701e+01,2.073207242015296381e-01
9.501218837045751570e+03,1.099554701291947101e-01,6.326587590327547872e+01,1.059082921906785296e-01
1.175888964476929686e+04,1.360899915086885015e-01,7.893952687169249316e+01,1.125686321016760721e-01
9.226924329489234879e+03,1.068015240774846109e-01,7.165294992880049563e+01,1.219238836327532771e-01
8.967905849741866405e+03,1.037328181842949032e-01,6.837791061288783112e+01,9.732129208768622308e-02
7.319595676538565385e+03,8.472018928963104267e-02,7.358708001284928457e+01,6.629425627288905443e-02
6.434886507763130794e+03,7.451416044193916177e-02,7.647005889225476949e+01,6.103924135574410187e-02
7.473192169537684094e+03,8.653454826973490388e-02,7.079579878488303279e+01,7.292075702221784139e-02
8.155205589866611263e+03,9.439223034143072455e-02,8.287593449217236241e+01,8.331853915708367642e-02
8.813133518760108927e+03,1.019566701397299213e-01,8.874413097833775055e+01,9.567164345976832129e-02
7.647892114891985329e+03,8.855693284989843428e-02,7.178969901542512844e+01,8.893442967359777018e-02
7.499963843436435127e+03,8.679581647939932365e-02,7.834182247604655913e+01,6.074916150474813509e-02
9.283040233270749013e+03,1.074504619556692631e-01,6.499539998150348197e+01,9.156301984947654016e-02
3.302501342755679616e+03,3.819565623561091416e-02,8.528896080737038687e+01,3.152488106770453408e-02
1.071127526327183659e+04,1.239796577601197936e-01,8.534153407001005576e+01,1.122237741775219677e-01
8.619714511531074095e+03,9.976353377328045502e-02,8.227703077523277386e+01,9.130396905727493351e-02
8.248407174921627302e+03,9.549760346839521186e-02,7.128968083486412866e+01,8.597981718896098580e-02
1.245231436206546459e+04,1.440204947185456108e-01,7.118934502387432417e+01,1.574581108850408584e-01
5.463321273765437581e+03,6.337478402546088685e-02,8.406472863052246680e+01,3.628307780466995258e-02
9.545659233743866935e+03,1.104821670572206371e-01,6.928854799223540795e+01,1.246266375369562557e-01
1.593124428281464861e+04,1.843894014214658150e-01,4.821403098627221340e+01,2.420596815956409797e-01
1.233477993444957974e+04,1.427636566487219261e-01,7.002579186674950051e+01,1.912189488125444481e-01
1.819683315377825784e+04,2.106114948353964567e-01,6.217445080338226404e+01,2.509149486180052846e-01
1.523136626421313849e+04,1.762889613913557474e-01,5.681761336631861781e+01,2.235614741948963868e-01
1.308736897262567254e+04,1.514741779239082153e-01,8.090186463534834616e+01,1.112371217458364703e-01
1.409297335835567355e+04,1.631131175735610062e-01,7.742137567141263332e+01,1.398757116038050197e-01
1.318493535664197589e+04,1.526034184796524473e-01,6.279087370915036104e+01,1.074019489961122731e-01
1.360763705809602470e+04,1.575554951830211992e-01,6.403241144099176552e+01,1.155540958429778220e-01
1.694719453155425435e+04,1.961480848559519763e-01,7.212437389936711440e+01,1.370415089713362677e-01
1.877393664994362189e+04,2.172909334484214861e-01,6.766381342106548402e+01,1.757083733118028901e-01
1.256066061122691826e+04,1.453565196075108090e-01,7.105345811658652622e+01,1.154276273475354636e-01
1.182867618749699795e+04,1.368681373144078062e-01,7.650642166948506429e+01,1.118855974735346592e-01
1.626700710615638855e+04,1.882827212714511811e-01,6.128090439603823114e+01,1.556642661669493111e-01
8.464515245689282892e+03,9.798441313253573870e-02,7.826863659501354675e+01,9.867262286256064940e-02
2.683474694414770784e+04,3.105534932880980592e-01,7.979556529433091328e+01,3.800890628771624868e-01
1.812504649348449675e+04,2.098120262013463966e-01,6.298275273219070414e+01,2.758907245534792940e-01
1.831600882562100014e+04,2.120455193424482243e-01,7.154665213463462692e+01,1.816214810070649610e-01
1.294808326308312098e+04,1.498576962986026273e-01,8.803671996405648770e+01,1.316071140909255699e-01
1.382960065189049965e+04,1.600688113207068830e-01,7.638950844783974503e+01,1.156355439633579285e-01
5.174421873167707417e+03,2.155633583232949013e-01,3.497716392853887868e+01,8.884355963863353745e-02
1.015605140342406412e+04,1.552124376615630075e-01,7.328606616340179869e+01,4.948312369959427526e-02
1.031888929906070371e+04,1.194523716090705734e-01,6.470247017428528125e+01,1.330329788442113637e-01
1.702711406369354881e+04,1.971032072341237784e-01,7.312048611099622519e+01,2.000698267204521208e-01
1.018043548438091966e+04,1.178379077479564802e-01,6.536425259051804915e+01,1.089729553606284818e-01
8.913120284656552030e+03,1.032370308832638445e-01,8.002267623446513767e+01,9.758929000456860459e-02
7.506012673770890615e+03,8.688942128349706751e-02,7.484947420309494248e+01,5.219675967380150994e-02
8.194249296491900168e+03,9.485159425049018156e-02,6.514462216821458185e+01,9.336647938168421423e-02
2.522234046614426916e+04,2.918951740255535943e-01,5.104414798590128299e+01,2.385859503480156074e-01
1.700512895380903501e+04,1.969062037725732295e-01,7.564753218369151000e+01,2.504397721357712325e-01
1.995235083470346217e+04,2.309299865127715234e-01,7.293834493877601233e+01,2.260298363492068696e-01
1.130449710088036227e+04,1.308390868157449094e-01,8.437582026099099153e+01,5.945124356806383986e-02
9.761075514477106481e+03,1.129754110471886813e-01,9.038860932936610482e+01,4.880735528924828870e-02
1.146578998684115140e+04,1.327059026254762686e-01,7.316262079129995755e+01,1.144626243588586362e-01
1.989391870338789886e+04,2.302536886966191632e-01,7.375444927736333511e+01,1.478993162576702769e-01
1.176770509723957730e+04,1.362002904773098877e-01,8.879766524806835548e+01,1.167331989881529308e-01
1.790949426074970688e+04,2.072858132031215883e-01,7.112857956533612480e+01,1.916918368868778533e-01
8.497713294142968152e+03,9.835316312665469407e-02,8.582357343505852043e+01,1.276081894804437233e-01
3.339534345470174594e+04,3.865201788738627520e-01,6.553465746611978204e+01,6.009993157863254831e-01
1.275514035682406211e+04,1.476289393150932439e-01,7.889962905978657659e+01,1.546833779531061048e-01
7.427117136364485305e+03,8.596200389310743040e-02,7.695457453921424928e+01,5.921806263650678664e-02
7.429998594999353372e+03,8.596143526304896032e-02,7.852851525438831004e+01,5.756318385154264583e-02
1.850107275811643922e+04,2.142151127843259506e-01,7.491961502843449239e+01,2.111695366108300442e-01
1.231569877953343894e+04,1.425424198925145935e-01,6.408767119088011555e+01,1.058149929605943784e-01
1.577530347634634927e+04,1.825641830251199249e-01,7.927130441987650045e+01,2.250111789595563849e-01
1.059772913856428386e+04,1.227072809391119013e-01,6.920851329114223915e+01,1.746065245867683413e-01
1.838756597089541538e+04,2.511697129984423182e-01,6.709022971960246196e+01,2.939211649634770884e-01
2.444463237232399842e+04,1.905228550476395777e-01,6.301099968098507986e+01,2.699250242911261366e-01
1.372207165114365671e+04,1.588391993689685089e-01,8.496976363379400254e+01,1.839485463224236894e-01
1.662165472299026442e+04,1.923896310309285707e-01,7.857955607533058640e+01,1.062257913177641899e-01
1.394896208370460590e+04,1.614354659327113251e-01,7.538717141040048375e+01,9.088771420582496263e-02
1.878424883711554867e+04,2.174189997201306790e-01,7.101280425130485696e+01,3.045497088311202027e-01
1.573787360000995432e+04,1.821980427338191211e-01,7.552867356482883565e+01,1.989273054079720160e-01
8.462694934599352564e+03,9.792974410592589218e-02,6.936947383974434445e+01,9.965333722017247209e-02
1.280176397591715249e+04,1.481478043892552054e-01,8.033842021780554887e+01,1.403374497903884244e-01
2.635227319653820450e+04,3.049273349847311243e-01,7.164215111115451862e+01,3.049083243383023945e-01
1.370108643825031868e+04,1.585344208967871538e-01,7.017666602793106279e+01,1.061781898749850073e-01
1.388416702265587082e+04,1.606421696002109378e-01,8.049655067404597730e+01,1.115797634033254687e-01
1.692191507442457078e+04,1.958654865474613593e-01,6.838125510803207874e+01,1.985756551414895876e-01
1.458398144879939719e+04,1.687390433273901480e-01,7.758388073765581794e+01,1.861361210065128613e-01
8.966912447905935551e+03,1.046327306253982958e-01,6.651427637372920287e+01,7.580705741783194673e-02
9.370409163547999924e+03,1.084538097632870013e-01,5.989795756727176013e+01,7.551691579168411106e-02
1.271995752393805196e+04,1.472217306011348315e-01,6.489835217353574137e+01,1.495610222217407803e-01
1.084110634469346769e+04,1.254754328014218157e-01,7.774481299894547703e+01,1.093054430501816526e-01
1.738363356711199594e+04,2.011994625823146920e-01,6.274246660739441950e+01,2.468131840473967165e-01
1.698015134192091864e+04,1.965295294203809329e-01,7.564187741698168566e+01,1.902393487414299478e-01
1.443079951655583500e+04,1.670864733593118712e-01,6.691474185412552345e+01,1.718740789547105186e-01
1.229324033988876727e+04,1.422828743042680866e-01,6.846315126372914506e+01,1.370435641301052387e-01
9.666217151909837412e+03,1.118775133322897353e-01,7.961923636907742718e+01,1.044129537329114565e-01
1.116891291948338585e+04,1.292435211744411838e-01,6.886796061048119100e+01,1.557768142191204019e-01
7.181242548635736057e+03,8.311623320180244745e-02,7.746050714867681108e+01,7.710054493558825273e-02
1.245975509793246056e+04,1.442101284482923129e-01,8.192366936578132197e+01,1.454783328309489920e-01
1.099860302350969141e+04,1.272736327507365817e-01,6.773967133544253727e+01,1.264662056561782766e-01
9.632726545879439072e+03,1.114987745428776822e-01,8.657283138263474598e+01,5.290026567188797074e-02
1.087783693908769237e+04,1.259398109890302320e-01,8.232614001741221443e+01,1.121082904926603840e-01
1.342757098145876262e+04,1.554143832802991065e-01,7.502677066098924286e+01,1.389037529971277607e-01
1.462812980670936486e+04,1.692824396299255629e-01,6.921895088722568801e+01,1.706112658701182949e-01
1.669432951280947600e+04,1.932320422321699149e-01,6.504534933217028936e+01,2.431552219355125055e-01
1.734819594749728276e+04,2.007924016151171331e-01,6.652874144304414017e+01,2.804290353763118637e-01
1.324135856019397761e+04,1.534968394807387504e-01,6.330744641370191772e+01,1.312421245517950141e-01
1.029776128232214978e+04,1.192476448554798119e-01,7.300136783860281753e+01,7.013245999300538047e-02
7.322577621518239539e+03,1.000902438271310813e-01,8.699746525743866243e+01,6.146637851059552626e-02
1.100853814733404215e+04,1.109569242445786058e-01,8.284830962602579518e+01,6.211025754253794023e-02
9.739390614155383446e+03,1.142956218998446294e-01,8.060710429325995108e+01,1.358064048094324294e-01
5.863578925769827947e+03,1.954329832007001277e-01,5.201533720746667200e+01,9.238663128743507258e-02
1.041402824707119544e+04,1.049199767658555299e-01,8.314414105597984417e+01,5.200948835200423781e-02
1.115542186617283733e+04,1.291136790066300111e-01,7.678398546443909822e+01,5.667697571755819785e-02
8.778361229634501797e+03,1.016014031207696511e-01,8.088629716842714856e+01,6.922477358059789254e-02
1.063518495998657090e+04,1.230924185183630559e-01,7.041792954453228504e+01,1.215085633892115102e-01
1.570013229559551655e+04,1.817144941619850962e-01,6.957822587035431638e+01,1.389387645545395455e-01
9.710341683538317739e+03,1.123882139298416072e-01,7.289668520011127839e+01,8.721654585688723427e-02
1.854180848966905978e+04,2.146042649267251856e-01,7.564924877536310532e+01,1.842893706433191003e-01
2.190100484123112619e+04,2.533466563471928334e-01,6.895188731722997488e+01,1.642153797090603051e-01
3.464134611400400172e+04,4.009415059491203692e-01,7.777711521339983847e+01,4.647173891267669110e-01
5.113371368237152637e+03,5.918253898422625586e-02,6.099853776224707502e+01,3.676454972371436675e-02
5.964591281750504095e+03,6.903462131655672962e-02,8.273049240485818245e+01,5.279325740522304578e-02
7.608580923371091558e+03,8.822715919075760360e-02,8.041051844089480483e+01,5.763081532403934587e-02
8.202732881855732558e+03,9.500202829658412063e-02,8.170512936224837119e+01,6.732633548635638676e-02
1.066643027559549591e+04,1.367524690454518799e-01,8.702368882858287691e+01,1.661547649687482864e-01
3.836104447240960872e+04,2.175645863118395862e-01,8.287496162145397705e+01,2.720537578576411319e-01
8.795425488950993895e+03,1.496107556560261065e-01,7.571704794577502184e+01,1.238637043970553242e-01
9.844222960197450448e+03,9.739589700798483018e-02,8.253172207588039555e+01,1.056228718020164048e-01
9.340741710493361097e+03,1.080879274699588222e-01,8.456180175033081525e+01,1.058974653527504084e-01
1.018522733378343401e+04,1.179234271329124423e-01,7.795871187443260908e+01,1.480605788502087350e-01
1.198232212867109774e+04,1.387153318510858380e-01,8.220566204420001100e+01,1.399799119460124475e-01
1.205066166674617307e+04,1.393980699729275019e-01,8.124054315256714176e+01,1.770571437666676184e-01
1.084341451355719255e+04,1.256001049782332901e-01,8.290479121974834698e+01,1.400210875728215842e-01
1.829230803729339459e+04,2.116996256914936980e-01,6.773628186935312101e+01,1.822444465772453670e-01
1.563452309171552406e+04,1.809423423079973281e-01,7.786800625990849767e+01,2.429703919411671798e-01
8.404413240082480115e+03,9.724994745350162839e-02,8.959341827305735251e+01,7.942458127339933893e-02
1.482877588881908923e+04,1.716442396397794001e-01,8.099717436485875055e+01,1.998753952493464159e-01
8.163785903677388887e+03,9.448826277404381857e-02,8.297082098883416279e+01,8.460450156742740924e-02
8.513955814247827220e+03,9.854115525749795879e-02,7.822072379037996370e+01,7.605812383337307025e-02
1.643948945291441487e+04,1.901853237206716507e-01,5.454955354177609905e+01,2.696788518054921147e-01
1.250858416388835030e+04,1.447794325585000930e-01,8.366269501716837453e+01,1.704703428582471925e-01
1.830242390966130915e+04,2.118337908959819771e-01,7.296102564675884139e+01,2.339926989781045408e-01
1.140095059998995748e+04,1.319554467591429747e-01,7.473520564478771178e+01,1.594062225700198787e-01
1.207411999541658770e+04,1.397467592062104635e-01,6.939866455247558008e+01,1.095733203325546384e-01
1.218508710272209828e+04,1.410311007259501537e-01,6.893721850529567519e+01,1.133797470852944689e-01
1.465709297170496393e+04,1.696422797651037095e-01,7.407722404121115289e+01,1.078927454112319495e-01
1.753524696588186271e+04,2.029542472902993167e-01,6.529638952838128318e+01,1.541794529117663237e-01
1.091136929204127409e+04,1.262889964356628258e-01,7.825954065964174333e+01,8.462271547878567890e-02
1.061201393430233657e+04,1.228079702906793025e-01,7.790441116562273294e+01,9.351424272865041520e-02
6.953254903547429421e+03,8.046487523612802506e-02,7.521299647462059568e+01,6.250001513216137117e-02
9.915145979944303690e+03,1.147297319278369199e-01,7.303543842223629667e+01,7.880568058278265842e-02
8.613993174171575447e+03,9.967286587006966847e-02,8.113534588202320208e+01,8.977079992010032761e-02
9.859863598538349834e+03,1.157182305813277273e-01,7.808721161840577452e+01,1.186707423750594653e-01
1.226494241028612305e+04,1.419128265031218417e-01,7.955931645536719543e+01,1.238163738716804158e-01
1.307467981052962568e+04,1.512743368677971489e-01,8.290486097517452890e+01,1.609522185339404277e-01
1.069666902222555655e+04,1.238174430480323274e-01,8.291938421298118556e+01,7.080551745247658235e-02
6.989962907174279280e+03,8.091740686255437243e-02,7.706132917149331263e+01,6.857355505850251665e-02
9.798672742885763000e+03,1.133975323453575990e-01,7.165681834978300913e+01,1.013761684158330928e-01
1.303983151718423323e+04,1.509054149272988365e-01,7.343493514251179022e+01,1.815525308891869916e-01
1.855889466811560123e+04,2.146474504397789806e-01,6.401345595793543453e+01,2.371817312766887342e-01
1.445856106973365604e+04,1.674096073927542339e-01,7.156208424995030271e+01,2.329000484337762911e-01
1.701206943046402739e+04,1.968556556235945554e-01,6.413686664084733025e+01,2.091134064918564184e-01
1.039920445418204508e+04,1.204250328338314635e-01,6.988149636889745864e+01,7.934512249589384392e-02
1.069489588028322760e+04,1.238014872664300881e-01,7.028186308720567865e+01,1.018964573883139046e-01
1.386069639681774788e+04,1.604030699478909694e-01,6.294866517524268801e+01,1.174866442161093261e-01
1.176672207966093265e+04,1.361416439440659154e-01,5.673247118882866147e+01,1.678760954198471045e-01
1.017172418051749446e+04,1.184848576195874914e-01,5.989965201702601405e+01,1.200752601837637989e-01
1.251220990401942254e+04,1.448194395069560825e-01,6.548729952160125833e+01,9.469848752397432012e-02
1.975970125697188269e+04,2.287002460297671291e-01,7.519192524557081470e+01,2.484131677859973686e-01
1.240897693539784086e+04,1.436224182337712818e-01,5.428272465948679582e+01,9.691320885627005555e-02
1.889285099145139247e+04,2.186672568455022558e-01,6.847274475972504604e+01,1.653883057242300225e-01
2.789383643473230404e+04,3.228453291056979646e-01,6.031377110864586655e+01,2.735799329567178417e-01
1.609807643245775580e+04,1.863203290793721545e-01,7.747699037461185867e+01,1.895977368290826803e-01
1.929127758690598421e+04,2.232786757743747685e-01,6.194184277759933366e+01,1.605607326190751916e-01
1.398545849769952110e+04,1.617362398205640928e-01,6.624424408980506485e+01,1.290543812508950505e-01
2.007980735175049631e+04,2.324051776822974036e-01,6.085863491788107638e+01,2.946190960670689862e-01
1.134723508180253702e+04,1.313337393727145030e-01,5.980128867142745719e+01,7.731240701032694729e-02
7.754693589911500567e+03,8.975679668160722879e-02,8.428129074745298510e+01,9.555669100854195797e-02
8.782591580794010952e+03,1.016503655184491511e-01,6.874760984311465961e+01,7.156063539746813917e-02
1.098784662420203858e+04,1.271686388693881731e-01,6.384246650377669141e+01,8.562777886953421014e-02
9.014447339241782174e+03,1.043135198109972073e-01,6.536037944026318769e+01,7.325211315065763285e-02
9.693849940599862748e+03,1.121465200374129612e-01,6.966969577222042176e+01,8.647757118341811711e-02
1.077762914963842377e+04,1.247308150947725042e-01,7.338993247246419571e+01,8.408055705206467223e-02
1.122530234920031580e+04,1.299424514066579994e-01,5.671814791639729236e+01,1.019994605459133841e-01
1.265130445991233501e+04,1.463752897806000208e-01,6.600874709578877741e+01,1.249081271209154381e-01
1.368534879029298099e+04,1.584276454452518690e-01,6.041720008876345815e+01,1.348279528552381867e-01
1.071042672727446188e+04,1.239564501394840174e-01,8.191708432645114613e+01,1.376701233140877056e-01
1.383978580208513813e+04,1.602217679615031698e-01,7.193251690705547219e+01,2.304879903559474696e-01
1.418057797210177523e+04,1.641205341315094268e-01,6.792484392875664412e+01,1.748375584568424290e-01
7.778109422977166105e+03,9.004146072712509996e-02,7.852092169909450092e+01,1.021242746645691368e-01
8.509947174505508883e+03,9.846430375112763533e-02,7.433836594821804056e+01,5.046345621484631810e-02
1.229266259067976353e+04,1.422632238975695962e-01,7.443681056903345450e+01,7.182888630340107661e-02
6.863088921445971209e+03,7.941925412861908229e-02,7.880944995720095392e+01,7.688497238061568761e-02
1.336404631721967053e+04,1.196292214455688258e-01,8.493438819981176380e+01,1.578675833206732715e-01
1.100024042984838889e+04,1.273196162477995275e-01,6.436335643116265715e+01,6.119604220517920606e-02
7.437748934517036105e+03,8.602824828371148647e-02,8.405636893926005371e+01,6.456951282553052840e-02
8.649531570699055010e+03,1.001051357000080078e-01,5.974813128786390592e+01,8.353164942504041901e-02
8.987241368585133387e+03,1.040375845820950274e-01,7.233567948907126777e+01,6.496928384539121804e-02
8.905585027035802341e+03,1.030739007758773029e-01,8.053610412635622140e+01,8.261284633221829821e-02
1.089597217926890153e+04,1.261107891119085389e-01,7.691352433649993259e+01,1.034963892123994256e-01
9.060707705163164064e+03,1.048711361440817363e-01,6.986489309871353726e+01,7.798850534513196431e-02
7.518388320857273357e+03,8.699973460268055347e-02,5.918582651214629919e+01,6.444844597769351646e-02
9.202955748851551107e+03,1.065156915376336694e-01,7.748005327686976784e+01,1.272073248015781477e-01
9.273953340596701310e+03,1.073374229235729005e-01,6.110350996579735039e+01,1.419064371584639883e-01
1.257827634301081707e+04,1.455819021181807282e-01,6.798408577718264212e+01,1.547341534305916033e-01
1.187726672138379217e+04,1.374683648308308859e-01,6.360245637836300148e+01,2.006981284918172292e-01
8.071539409570263160e+03,9.468660141412005293e-02,8.524028482558543374e+01,1.091582670338735184e-01
9.924007491554481021e+03,1.148611978189175431e-01,8.250570706243645702e+01,1.556992196856716304e-01
1.207725936396747784e+04,1.397830944903643013e-01,7.028590765770731252e+01,1.956481532101883580e-01
1.727389058975176158e+04,1.999332733394830752e-01,7.520267442983450223e+01,3.024048275784398943e-01
1.837291387717912949e+04,2.126742400205594574e-01,7.007624499094600878e+01,2.493559829512312087e-01
1.177633153170737933e+04,1.362800207951022080e-01,6.364642397381955874e+01,9.599866259480871467e-02
1.386848596409822494e+04,1.604424545480852837e-01,6.881323364367889894e+01,1.163833570398538908e-01
1.646169783525681487e+04,1.905002911897290263e-01,6.581855470444129708e+01,1.559487923344596294e-01
1.647010853374464568e+04,1.906174571819205799e-01,5.852415376352685428e+01,1.424822794938362669e-01
1.372820017528058997e+04,1.588768679735857448e-01,7.149012495567117753e+01,1.338008519740484514e-01
9.614825468346543857e+03,1.112701829225592326e-01,6.323661778637002584e+01,1.317568471919595141e-01
1.269513221211336713e+04,1.468542465613011661e-01,6.897114552489749428e+01,1.256929470861760101e-01
8.925333095492147550e+03,1.032476762796169650e-01,8.261975065253386674e+01,8.053028391020237986e-02
6.783865736931420543e+03,7.854638039543557215e-02,7.019746266421252301e+01,7.771935381955120958e-02
7.622493151392368418e+03,8.820090299122436417e-02,7.612147898767391041e+01,6.250251215615448830e-02
8.446910717237258723e+03,9.773620655112837119e-02,7.226795714266864934e+01,1.119881740842075812e-01
2.028513641480668593e+04,2.347203547088185238e-01,7.749805182852541918e+01,2.523290482294243131e-01
1.586455830758203228e+04,1.836351240937399987e-01,5.137214163733166572e+01,1.395331927717410325e-01
6.433854743648893418e+03,7.445227858937067400e-02,8.061072022266679937e+01,6.759547786365087407e-02
1.733712095558120200e+04,2.006777694235645226e-01,6.093729744751519206e+01,1.867633565920650829e-01
9.446299215744689718e+03,1.093398015056510075e-01,7.817859344436975277e+01,1.383613382128659475e-01
1.010519681773231423e+04,1.169978471218749844e-01,7.574156844046723336e+01,1.355208438386204528e-01
8.645962776427368226e+03,1.000891742380343452e-01,7.367870398419277933e+01,1.126845662183889041e-01
7.319207677310269901e+03,8.471305182072068340e-02,7.858340106727885654e+01,6.404991638841249502e-02
8.776571346458331391e+03,1.015806868803047353e-01,8.437698846521870166e+01,8.760850059301460158e-02
9.482467266798201308e+03,1.097507785509050926e-01,7.441640373567196320e+01,9.701660897887955104e-02
9.768277743147533329e+03,1.130587701753186375e-01,7.745923361830860188e+01,1.058727094997034129e-01
1.322986432339707790e+04,1.531234296689476249e-01,6.689506016103331376e+01,2.049458932101382580e-01
1.112988469266053289e+04,1.288181098687561366e-01,7.420359275588141656e+01,1.134067496058005498e-01
9.956396449775906149e+03,1.152360700205544292e-01,7.399453687680107805e+01,9.262136039134427623e-02
1.221068323212107862e+04,1.413273522236235813e-01,6.101367348066238350e+01,1.042248904512350915e-01
1.158735851812510737e+04,1.341129458116331330e-01,7.904892659930587229e+01,1.083333279056771792e-01
1.511580431963376031e+04,1.749514388846499513e-01,7.670477282322075041e+01,2.175741337231129613e-01
2.529201930461558004e+04,2.927317049145321537e-01,4.870687020833894820e+01,3.563870179017296635e-01
6.157236947801598944e+03,7.126425083772487679e-02,8.007090871131467225e+01,7.854830446043514769e-02
1.722479926288086426e+04,1.993053681165120328e-01,6.272075989072660462e+01,3.016345644926948233e-01
1.675922712398209114e+04,1.939898633930503824e-01,5.051697482146629170e+01,2.182511687541853762e-01
9.674073364608160773e+03,1.119387806947959585e-01,8.065460135878420544e+01,8.851698447951629467e-02
1.156779215424946597e+04,1.338985528988526352e-01,6.431425163071824613e+01,1.214488075373844761e-01
1.426884997005681180e+04,2.889245713681115602e-01,4.304925529169209852e+01,1.920669055788007396e-01
1.045496922384718346e+04,1.209980854622074720e-01,7.240011384371483416e+01,1.368204209268625571e-01
1.378191285055724984e+04,1.594714413486506555e-01,6.643507924501780337e+01,2.131086915560359563e-01
7.611692455135797900e+03,8.806218652987100881e-02,7.973169899615099609e+01,6.419478828286691308e-02
6.420559319812080503e+03,7.428720790603415836e-02,7.278331580162286230e+01,7.456376116447248348e-02
6.143174364891307050e+03,1.399826760688628602e-01,6.388380305389390657e+01,9.236494297102032514e-02
7.362860370706601316e+03,8.521197289746557102e-02,7.149842012711222594e+01,7.687887999378419102e-02
8.604644075617961789e+03,9.954433906182405534e-02,6.262220747229434181e+01,9.752229938847449542e-02
7.085642108786125391e+03,8.204368715444114446e-02,6.839953179802421346e+01,1.013074160619558267e-01
8.410542340087486082e+03,9.730270362922574523e-02,7.330901771867883099e+01,1.122045329142098979e-01
4.080310150834807246e+03,4.700527463340329476e-02,7.806132475624430356e+01,5.671933665381154177e-02
6.722945431045531222e+03,7.777723796834076775e-02,8.568987523874942269e+01,7.130523622362004710e-02
7.101332229936616386e+03,8.219392622493455758e-02,7.260338986638551262e+01,9.365104666574254610e-02
6.972893900222668890e+03,8.070479051183639119e-02,7.837251453897715692e+01,9.225397625104572730e-02
6.614784413069228322e+03,7.656000478089380890e-02,7.622141084754174756e+01,6.359399074074893743e-02
9.904222328492713132e+03,1.146529610101791608e-01,6.677680412752000905e+01,9.564928254614434022e-02
8.685156719663809781e+03,1.005226472183310821e-01,7.355437755647594145e+01,1.280774859539996480e-01
7.220836270052345753e+03,8.357449386634654975e-02,7.156861092583764616e+01,1.040942104333406476e-01
7.693202034411242494e+03,8.904169021309303600e-02,7.028456736541643579e+01,1.032118914885873373e-01
6.672915912833273978e+03,7.723282306519989315e-02,6.056155521788541307e+01,1.037489008429071657e-01
1.546747665244276504e+04,1.790217205143838086e-01,6.291823303061248396e+01,2.665059454060591526e-01
1.054461264614068750e+04,1.220441278488504921e-01,7.203392517585446342e+01,6.288595480654651793e-02
1.001347960386393424e+04,1.158967546743510657e-01,6.684653846502686747e+01,9.880259344376969566e-02
7.685862597366683985e+03,8.895674302507730613e-02,6.547448614874926420e+01,9.485905557669388477e-02
1.203235849195185256e+04,1.391567307022145150e-01,7.969924125022193095e+01,1.237405109791354235e-01
2.050948535217724202e+04,1.423714075437785831e-01,6.782986085492018447e+01,1.638194433522370264e-01
5.229802100159187830e+03,6.054073093964792984e-02,7.343293763054552414e+01,4.998324158931995859e-02
1.114448712393216556e+04,1.290143825703018998e-01,6.756163450068868315e+01,1.114182636052734460e-01
7.475504953033565471e+03,8.652824460214615654e-02,6.334215611041067717e+01,1.086214642190151680e-01
1.616642214911331939e+04,1.871194543144425460e-01,9.063233967875682140e+01,2.619892409364511510e-01
6.008866945040095743e+03,6.952760608371560958e-02,7.717160266224600207e+01,4.000474788230908019e-02
1.298342154126255627e+04,1.502327818024755679e-01,7.834345928052115937e+01,1.555738529583959306e-01
8.656476597868240788e+03,1.002010139914802506e-01,7.342813145789163798e+01,9.865529457882361852e-02
6.846822155774565545e+03,7.921992490321715097e-02,7.423390835010259536e+01,8.729993631510718499e-02
1.067680296471925249e+04,1.236301448752483989e-01,7.863900359174766663e+01,1.131691721636364778e-01
9.935432954669846367e+03,1.150045401646141857e-01,6.850895269581172897e+01,1.135235597835145271e-01
3.469196104195591943e+03,4.016092451226885296e-02,7.452534693097136653e+01,3.911178937097192082e-02
1.095888816417556336e+04,1.267886536115000184e-01,5.555293246063738621e+01,9.794257662382312157e-02
9.101707156407257571e+03,1.053790812937857313e-01,8.190217841610542848e+01,9.767357671729939850e-02
7.530749170693499764e+03,8.716238683507410157e-02,7.613005319007288563e+01,8.429480749643754323e-02
8.045283231207769859e+03,9.313546674831599259e-02,7.930688201244136337e+01,8.315263825008788190e-02
1.107986206145149117e+04,1.281837574399064539e-01,6.362414770504665995e+01,1.250459786849043020e-01
8.727284714075960437e+03,1.010117386321191107e-01,7.194611685712442295e+01,1.225131977426843072e-01
5.869383153600110745e+03,6.793219635488191577e-02,6.850567620076715514e+01,7.081273969087131803e-02
9.302142856005644717e+03,1.076636904630282332e-01,7.819151709561873531e+01,1.371445320925579747e-01
1.293016039330814965e+04,1.496546341818072168e-01,6.773337508688088349e+01,1.660911707359309375e-01
1.264736189731088780e+04,1.463815034410981819e-01,7.749787853674243365e+01,1.475873422900719212e-01
6.749983076820016322e+03,7.817946750850296445e-02,6.484278957883775263e+01,9.802225659404778524e-02
1.078075618342752568e+04,1.247772706415222477e-01,6.312485146667054181e+01,1.512494625694078554e-01
1.218093209387449679e+04,1.409830103457695716e-01,6.460691794648776920e+01,2.114770558722549043e-01
1.186132096108930818e+04,1.372838074200150860e-01,6.606693695497307317e+01,1.791883664683563970e-01
9.507907897909244639e+03,1.100452302998754794e-01,7.699737405287358172e+01,7.163278052865651446e-02
9.000330952515665558e+03,1.041704971355979226e-01,7.504918845158431395e+01,1.126698136670803985e-01
5.649947496301590945e+03,6.539291083682392813e-02,6.371549591539952928e+01,7.487530980739888486e-02
1.090579570752868312e+04,1.262279016426631761e-01,7.529536502638613626e+01,1.072596084552770584e-01
1.009947738991922961e+04,1.168846847399453714e-01,6.830144882776720294e+01,9.155939664391141153e-02
1.299059633410593233e+04,1.503741770966408875e-01,6.732881048024982817e+01,1.423010484950202881e-01
9.655469562074405985e+03,1.117776635838313021e-01,8.852782443489594755e+01,1.177408941823735733e-01
8.582257985429117980e+03,9.938061969537345663e-02,7.748058315560763276e+01,1.117879641137870667e-01
8.877041389129517484e+02,2.959323702664209271e-02,1.035421038530572702e+02,7.894753998771358167e-03
1.280515547525182956e+04,1.742125454463207268e-01,4.675959667914315077e+01,1.282551343942921196e-01
1.784693913721425997e+04,2.065851104938399296e-01,7.515546792990836877e+01,2.750986933796731315e-01
6.957306190803870777e+03,8.054468767646022487e-02,8.107136189851217978e+01,6.746795499076374547e-02
1.487603976376313585e+04,1.722017686746670218e-01,5.833325762129928194e+01,2.354282172672077234e-01
1.480593443540509543e+04,1.713757850277738415e-01,5.830111281386237465e+01,1.254452954587338132e-01
6.123409326286957366e+03,7.087937775158796583e-02,6.946162588667293392e+01,4.906768466747364610e-02
6.278996599982230691e+03,7.267054062203501252e-02,8.061809897608223707e+01,7.332243471212268604e-02
9.790018485448777938e+03,1.133163512025439634e-01,7.626759513492508802e+01,7.148232017703290420e-02
6.281982269586793336e+03,7.272163902706026140e-02,9.153214152659441538e+01,6.668758618837022922e-02
7.418725000215928958e+03,8.581065898148884652e-02,7.765565860666028186e+01,9.694142159941307457e-02
9.416283018279984390e+03,1.089873057289448416e-01,6.841696259147417436e+01,1.023273357805362382e-01
6.560101990164812378e+03,7.592868000954275387e-02,7.222847872458910956e+01,6.482707998958078810e-02
1.227026320286261034e+04,1.420379659102987968e-01,5.260975309279696432e+01,1.080017915469207446e-01
1.043928075471007833e+04,1.208258636153302645e-01,7.246169763929718499e+01,1.093966468564147310e-01
8.286732837370209381e+03,9.591125969178476707e-02,7.008302339789598534e+01,8.377598804713304315e-02
1.014810837391384302e+04,1.174549580314102060e-01,7.302317561725807593e+01,1.234216022829570797e-01
8.741632866139840189e+03,1.113962377435949169e-01,5.850530474393075764e+01,1.184794548598942093e-01
1.059479076058699502e+04,1.226248930623494715e-01,7.169142665466193876e+01,1.198335605948461502e-01
1.008344775253152147e+04,1.167065712098555169e-01,8.333435073392743675e+01,9.527318966450673554e-02
4.707674665967331748e+03,5.448598000640926531e-02,8.623258116384842253e+01,4.937833286471916133e-02
1.166477932339785548e+04,1.350090199467343932e-01,6.904347382266588795e+01,1.251584345987052649e-01
5.239264887357488988e+03,6.063963989997088466e-02,7.845747976198971685e+01,5.363963720213848346e-02
1.208622409462182986e+04,1.398868529470118638e-01,8.907118179625828702e+01,1.513141857989639127e-01
8.632704672268768263e+03,9.991556333644402432e-02,7.474391357894178611e+01,8.226317294027880866e-02
7.854399122637651089e+03,9.090739725275055749e-02,6.750642525975588626e+01,9.992094128820765142e-02
8.788829645198764410e+03,1.017372788106498116e-01,5.475946559010858294e+01,1.215781631989539674e-01
8.839902069810637840e+03,1.022725424261688443e-01,7.907706980185866996e+01,1.246455112030129264e-01
1.024038905013729163e+04,1.185116375859617405e-01,6.206796080573618468e+01,1.100343313386362570e-01
8.731383238815249570e+03,1.010465895783666940e-01,8.752090801163103606e+01,7.803905685372643231e-02
8.835399725896362725e+03,1.022563454266522120e-01,8.152740761409103243e+01,7.859999560488750703e-02
8.345292490272215218e+03,9.658526099033858114e-02,8.850280946495288958e+01,8.469921644591071885e-02
8.171622715159177460e+03,9.460037472537516368e-02,6.200867637471935723e+01,7.813320309403318231e-02
1.857130267390725930e+04,2.150213428297522711e-01,6.623283496428658168e+01,1.830784441925680794e-01
5.514938506887501717e+03,6.383224967523570825e-02,6.999738319426889177e+01,4.178537812669565893e-02
1.048791012127512840e+04,1.214063077242428235e-01,6.738911694977711875e+01,1.380507102883716808e-01
7.651649541561682781e+03,8.856834823732019635e-02,8.006627237067868919e+01,7.297970413743332108e-02
1.128344382391508771e+04,1.304106425958142523e-01,7.466675270145412924e+01,1.635935902215127635e-01
1.060117376597728071e+04,1.226799052315096783e-01,7.477605595198288313e+01,8.607779924404311556e-02
9.999462118041796202e+03,1.159809489588950887e-01,6.018928505058064360e+01,1.193714726671688681e-01
1.085124016948923600e+04,1.255802303914649309e-01,8.093406654020529345e+01,1.242256728352359729e-01
1.274848700157885287e+04,1.475829202094409709e-01,7.672091820480706303e+01,7.774899219559734675e-02
1.002015917369794442e+04,1.159622969162677902e-01,7.482336232368726314e+01,1.323618853613015567e-01
1.093493092108162818e+04,1.266599953491813202e-01,7.767228564818401537e+01,8.246546809437650671e-02
9.709644737192165849e+03,1.124715247879326807e-01,7.441297109712755287e+01,7.855371122060361699e-02
8.189283813748470493e+03,9.478337747394058321e-02,7.023747979053362656e+01,7.380225562413730844e-02
8.828385367181630500e+03,1.021803861942317954e-01,6.780234063798158672e+01,1.109030552170640616e-01
1.380626464253227641e+04,1.597947296589383170e-01,7.353937229935880282e+01,1.684906120249633210e-01
5.530060604861871980e+03,6.400403638567429832e-02,7.833370206860239193e+01,6.664212663101271028e-02
6.530436405495744111e+03,6.429568915398851947e-02,9.925392803845224421e+01,1.019941794863182954e-01
8.164872874017355571e+03,9.450084344927490998e-02,7.527805617626478352e+01,8.061887286936468555e-02
1.189511569032627631e+04,1.376749501195170255e-01,7.947112424064512481e+01,1.577188692845902518e-01
1.329015616221270648e+04,1.538212518774618731e-01,7.203909310198662297e+01,2.057588595099591189e-01
9.828896951890597848e+03,1.137603813876226500e-01,8.576804324054131712e+01,1.379065120854337523e-01
1.802547475378947638e+04,2.086281800207114845e-01,8.057285854534271152e+01,2.112472105883337059e-01
1.454858272177027175e+04,1.683863740945633070e-01,7.564552496253990910e+01,1.979830156984639100e-01
1.446397453044624126e+04,1.673484079290962212e-01,7.346564574225747890e+01,1.558614092812949936e-01
2.075341252760295538e+04,2.401583675025011633e-01,7.086157173048287916e+01,2.008637933620721627e-01
1.144693296038231711e+04,1.324289860244732553e-01,9.067689352866069896e+01,1.483613187618811613e-01
2.189880660475829791e+04,2.534234331559089837e-01,7.487257118384931687e+01,3.260323396033271148e-01
1.207180887038062792e+04,1.396833658605549089e-01,7.058007553761171948e+01,1.164294277178707787e-01
1.285349476824418889e+04,1.487561355750374181e-01,7.947778474148510952e+01,1.340408586711014094e-01
1.720116171288664918e+04,1.990620175258356328e-01,7.399754498808150061e+01,1.935433157994971842e-01
2.383444532056921889e+04,2.759245881718703219e-01,7.456807110065958000e+01,3.799184541730879494e-01
1.679126061909560667e+04,8.560397465095080649e-02,9.381014711235943082e+01,5.536993086234058559e-02
6.162627997192685143e+03,7.130815098128778784e-02,9.210643283366850653e+01,6.149567402004206540e-02
1.118734148087565518e+04,1.294822338676410722e-01,8.494019285752912651e+01,1.096022460845724467e-01
4.832459885415151803e+03,5.592836205983527792e-02,1.037693203208805954e+02,2.349150869813074541e-02
9.605576421251982538e+03,1.111859992776306760e-01,9.119891723660330740e+01,7.354354371392227141e-02
3.539630788412442598e+03,4.097617500259193024e-02,8.794758481478535828e+01,3.648530467448328485e-02
6.710384671721413724e+03,7.765535110572618915e-02,8.880143349280956500e+01,8.082095851248544127e-02
1.235782638452861829e+04,1.429899288254094791e-01,8.021981961391654181e+01,1.646418727675551807e-01
7.846087804397520813e+03,9.091156727152653605e-02,7.433067941375183807e+01,8.062913023978389437e-02
7.694278413300396096e+03,8.905414830208785437e-02,7.830590017086359467e+01,7.843818099869462324e-02
9.583255918637645664e+03,1.109173138731208708e-01,8.171979626652007767e+01,1.236782773453745793e-01
8.566893916877135780e+03,9.915386477867052517e-02,8.323851902786178414e+01,7.520049316933613559e-02
6.209016636694896079e+03,7.186361848026495691e-02,7.147992463493585547e+01,6.605655565251930539e-02
1.254736169839073227e+04,1.452240937313741820e-01,7.018327464421298600e+01,1.958653253385063131e-01
4.334506704151473059e+03,5.020706708250589900e-02,7.950383968392958423e+01,5.143450330593130754e-02
1.079637447628184600e+04,1.251189028969141859e-01,8.051825408220739178e+01,1.005869412640507388e-01
1.430235559527212718e+04,1.655366519046096718e-01,7.989968662782253261e+01,2.446661263343030135e-01
2.393354893974345759e+04,2.770086682840677827e-01,7.887169352413441459e+01,3.145817827185008464e-01
1.959636625235694009e+04,2.268097945874645860e-01,8.750676086264533637e+01,3.034853480723496699e-01
2.993504561335693143e+04,3.464704353397792258e-01,7.881656895758405312e+01,4.871660556111749307e-01
8.941515192336908513e+03,1.034732338501678783e-01,7.471259562705390067e+01,5.429278801418804812e-02
9.425121334345023570e+03,1.090931249434557576e-01,7.498699193246061157e+01,1.069857675170438616e-01
1.699713516211372917e+04,1.967375671948204674e-01,6.028931610975983091e+01,2.038749482393575896e-01
1.442526837990832064e+04,1.669334003391704790e-01,8.517619966384465613e+01,1.624327510134518648e-01
1.963099445210264821e+04,2.272433147531809916e-01,6.792479077764261319e+01,3.110466429839529034e-01
2.568337399908691077e+04,2.972529614226486205e-01,7.405205766451210536e+01,2.904696191187228216e-01
3.011883257777494509e+04,3.485615114761782540e-01,6.356999039388286832e+01,4.872856797806832674e-01
3.144922260142424057e+04,3.639338427493659656e-01,6.322049973796363531e+01,4.740133256091965674e-01
4.751495693379460135e+03,5.501330952682333825e-02,8.990837558940499719e+01,3.782163265494249693e-02
9.108223775194695918e+03,1.052982544812389176e-01,7.596863804371534457e+01,8.112116572238622925e-02
5.260527580893598497e+03,6.085921697815225434e-02,9.105336352738427763e+01,6.652310738117719890e-02
1.122432777008797348e+04,1.298682555759073098e-01,8.960476598883994370e+01,1.185633926728936333e-01
6.087099406748397087e+03,7.046201496219851867e-02,8.496713075401402193e+01,5.722324880664297203e-02
1.715076036279731488e+04,1.985085386345174507e-01,7.107510703384870965e+01,2.401460711444799723e-01
1.612765755238219208e+04,1.866086466704720559e-01,7.202072250703886880e+01,1.647930472886621200e-01
1.920538483929168433e+04,2.222952090691462934e-01,6.580193120753341418e+01,2.884155790334131386e-01
1.738143930682830978e+04,2.011600552384509299e-01,6.556992484471059868e+01,2.441732193426527642e-01
1.504183606701325516e+04,1.740825789312380190e-01,6.983567093138795201e+01,1.144676496610820965e-01
1.251896475319944875e+04,1.449040057236036239e-01,7.323378532784043671e+01,2.009065681271991755e-01
2.292257274337593844e+04,2.653075549001844280e-01,5.380859727196683195e+01,3.696865706959565068e-01
1.148543765974927737e+04,1.329333062470980931e-01,8.580862243701173497e+01,1.125950425996426196e-01
1.737344192425484653e+04,2.010815037529495863e-01,6.260351043750380029e+01,1.524820286812165748e-01
1.425204437711987885e+04,1.649542173277763202e-01,7.398712009673752732e+01,1.675070492095660779e-01
1.172743610007514872e+04,1.357342141212400932e-01,7.799694876673510180e+01,1.735824449463563568e-01
8.696515499259614444e+03,1.006541145747640170e-01,7.496148759755801905e+01,8.106765243614362515e-02
8.300965308145081508e+03,8.966513523095033522e-02,6.470441039332069977e+01,7.881335875987641182e-02
9.733817567827929452e+03,1.126599255535639527e-01,8.152456157758705046e+01,1.137113281505606616e-01
1.053566601448768597e+04,1.219405788713852357e-01,5.765012937631088619e+01,1.168603654262304753e-01
1.547325087232318219e+04,1.791222012435250699e-01,7.094081598731905558e+01,1.157373006937132687e-01
1.363757207666204340e+04,1.577321097136879235e-01,6.244325603026610594e+01,1.329169412440562581e-01
1.155016799736691428e+04,1.336672016687507070e-01,7.338905339861183563e+01,1.321783051419448407e-01
1.666965696402759204e+04,1.930435749473327633e-01,7.188634527734157587e+01,1.647228634688798488e-01
2.117553656445731758e+04,2.450868514136253784e-01,6.881813359427223986e+01,1.351610850084817850e-01
1.612454364258557689e+04,1.866652871608886766e-01,7.670474720702854654e+01,1.844602760959856147e-01
1.009965407551918361e+04,1.169128533066277065e-01,6.502199651189455665e+01,5.842174149697998420e-02
1.487924310604565471e+04,1.722557981784942904e-01,6.643893718519066738e+01,1.492500881950774017e-01
1.535048949830319361e+04,1.799696600746158448e-01,6.637154444070286274e+01,1.199394244739535320e-01
8.985741126603630619e+03,1.039632509518637615e-01,8.390760527042695571e+01,8.734052624970635448e-02
1.806305233564764421e+04,2.120639637567011404e-01,7.207885885085684663e+01,1.440630618742158586e-01
1.186341738872452879e+04,1.369893592723816222e-01,7.115338006707911234e+01,9.963884676433325260e-02
9.986746465557254851e+03,1.155899719512178681e-01,8.341929302432862414e+01,6.522842144603219205e-02
1.181626556134860948e+04,1.367145840242293409e-01,7.977398174932935149e+01,8.878133887475685160e-02
9.360426938342836365e+03,1.083198033748686284e-01,8.226551045519883587e+01,1.260023050410029044e-01
1.234955805291197612e+04,1.429210033412824099e-01,8.589343847838377144e+01,1.108778579860837388e-01
1.271496383855821114e+04,1.471539831798685527e-01,8.134892481084736460e+01,1.474393906637636031e-01
1.567609688282281422e+04,1.816438356721814529e-01,7.202655947762771405e+01,1.260018412724465131e-01
1.109975720552514576e+04,1.284846069467143748e-01,7.809461903254846504e+01,1.278487597874533588e-01
9.899124634276156939e+03,1.145647200902356055e-01,7.622427744323486820e+01,1.197897018543409436e-01
1.056332912179228879e+04,1.222803606793142622e-01,6.270773169472248298e+01,9.193341640661865932e-02
1.226164507644796322e+04,1.419212951335388218e-01,6.293636359310748674e+01,1.334933354253244331e-01
1.259590793533490796e+04,1.457859714737836099e-01,6.813534462572664552e+01,1.669679944992300269e-01
1.016249868548843369e+04,1.176215125635234754e-01,7.171891612462002286e+01,1.173162918766653268e-01
1.091140382470161603e+04,1.263903903141839202e-01,7.378113630907944298e+01,1.542117423494781814e-01
1.983285065934457816e+04,2.295468826313029898e-01,6.574045151314469138e+01,3.072882992099821298e-01
1.666648294744273153e+04,1.928991081879945224e-01,7.851032887792391080e+01,2.236901388047905226e-01
8.270549809806751000e+03,9.572395613202254461e-02,7.966299173482182994e+01,5.552625911897630939e-02
1.329247442776976823e+04,1.538686383879660502e-01,6.594747763042360589e+01,9.283388229278968784e-02
1.518643362132837137e+04,1.757681297164957746e-01,7.053558127736845051e+01,1.859307375892682024e-01
3.103554768752810196e+04,3.592077278649085104e-01,7.097375494053737555e+01,4.516080876379963138e-01
1.013022377281529953e+04,1.172464645310440090e-01,7.981576126389337844e+01,5.395016058039873302e-02
1.155658369774053244e+04,1.338236858610703239e-01,7.082379591409748798e+01,6.980576763017007358e-02
1.311305036577288774e+04,1.517016490276368590e-01,6.311340296576035058e+01,6.842774087466943489e-02
1.186874694012511100e+04,1.374038827518887784e-01,7.177544025841110908e+01,1.163485357334949205e-01
9.556571871200980240e+03,1.105990119271488548e-01,8.041723706308746955e+01,7.198592605089704222e-02
1.786985238622581164e+04,2.067998966668399274e-01,7.663287809411430374e+01,2.237837472117917004e-01
1.498063319796543510e+04,1.733996150745598375e-01,7.956495717457855221e+01,1.487612836262281191e-01
2.301844916077997914e+04,2.665222211501966365e-01,6.256666440718934297e+01,1.760071071684704003e-01
1.793912107915320667e+04,2.074548000636333711e-01,7.213926806007131631e+01,1.940381527134546757e-01
1.319028382933660214e+04,1.526369310047368810e-01,7.137179520140936972e+01,8.723497356263135161e-02
2.020473921598337620e+04,2.339126484847885989e-01,6.327541921368275268e+01,1.392404912827306385e-01
1.630439654180702746e+04,1.887554654279736122e-01,8.456184067809583382e+01,1.395754231478240626e-01
1.481310734860387493e+04,1.714325467399743785e-01,8.371547974533682179e+01,1.670145563844279701e-01
1.362618670329854831e+04,1.576401019371029832e-01,8.129691662379269701e+01,1.677076540055475184e-01
1.123103163056074118e+04,1.299635382578471221e-01,6.932578717991081874e+01,1.535027523394316140e-01
1.045828505929670428e+04,1.210197517120520511e-01,7.895486466678278248e+01,1.059390886945566351e-01
1.669335578751857611e+04,1.932583060429274857e-01,7.324705524944130275e+01,2.014086487618477472e-01
1.207185480192504110e+04,1.397350953825735043e-01,8.479081542530481386e+01,1.179482084221327998e-01
1.724213972843884403e+04,1.995701094686033739e-01,6.739253585580010508e+01,2.539113667761297988e-01
1.743457202529827919e+04,2.017655416699410120e-01,7.302941714360187575e+01,1.890858010878982698e-01
1.182533977134918314e+04,1.368963344170462948e-01,7.985275105707533783e+01,7.883379122850386889e-02
8.971709469513858494e+03,1.038885732409672857e-01,8.113271117475474625e+01,7.746676738724453393e-02
1.018166354834817321e+04,1.178433281058815923e-01,8.301355144746520409e+01,6.036848717906790479e-02
1.254237246069818138e+04,1.451663479247474464e-01,7.154086729457239358e+01,1.450703206805400436e-01
1.452389909946051012e+04,1.681006840215336362e-01,9.042511807025525172e+01,1.066877329310782080e-01
1.326294945913243282e+04,1.535369371619216550e-01,7.665627536404007003e+01,1.318092053635840089e-01
1.242427967940427698e+04,1.437995333264383835e-01,6.770867400454359597e+01,1.034998854393249235e-01
1.060477905305847707e+04,1.227425056707057843e-01,8.310131487669504224e+01,9.123961327690027767e-02
1.099219383216368260e+04,1.272060254838512927e-01,7.191740439775807658e+01,1.130866683725989530e-01
1.365702313611551290e+04,1.580618392815841267e-01,7.817905531922085061e+01,1.297705280357938362e-01
1.923272632522000640e+04,2.225878873447418027e-01,7.063720898952834659e+01,2.998585933606265908e-01
1.205725402309700439e+04,1.395515511932523267e-01,6.488622752648821290e+01,1.465417407991373711e-01
9.300095892204521078e+03,1.076399987523671276e-01,8.374628528653578030e+01,9.167633061290811347e-02
1.726075228745186905e+04,1.997593806935520355e-01,9.210899509717165756e+01,1.382702710333205964e-01
2.139789248430046064e+04,2.476715970253874355e-01,8.853247011154363122e+01,2.267343838330186656e-01
1.334915648518718444e+04,1.545338887307131648e-01,6.581455223828298529e+01,1.338039824902121366e-01
1.421994017398334836e+04,1.645427690774721174e-01,7.929831063032435168e+01,1.716023701859507589e-01
1.742322178868261472e+04,2.016555157544495935e-01,7.416610780030262617e+01,2.155233689516643236e-01
9.156965772861749429e+03,1.059474123123957945e-01,7.810873464207666927e+01,8.715040019472682087e-02
1.238794408379130437e+04,1.433943762578129555e-01,7.298952536583153972e+01,1.053594424697559817e-01
9.357560974651043580e+03,1.082365467627394995e-01,7.896409205678575915e+01,1.211630377900896477e-01
1.442714697561862886e+04,1.669836145222921286e-01,6.815010158559523745e+01,1.662535743315556314e-01
6.570563516650399833e+03,7.608058537078932204e-02,7.555678602666314703e+01,4.089367359656777973e-02
6.767448845841185175e+03,7.918184399711693244e-02,8.422184749510900303e+01,6.348424906450848837e-02
5.413168487688222740e+03,6.262831168015624284e-02,7.664122403302616249e+01,4.247868938523170074e-02
4.748071261031373979e+03,5.496667613816165476e-02,8.162749082470594431e+01,5.121844240736223020e-02
4.866615648568785218e+03,5.634051484772101964e-02,8.079760496343379828e+01,3.472288600618519960e-02
8.663691274768600124e+03,1.004948004857223465e-01,6.925533316549791607e+01,1.023627269595045880e-01
6.976810696033171553e+03,8.072178854772781020e-02,8.383639655523320755e+01,4.555141641822853249e-02
6.925840786466696954e+03,8.017360993061238561e-02,6.444793143157187387e+01,8.406917885282350067e-02
7.993346178089292152e+03,9.251558076492233385e-02,6.955663769485732928e+01,6.831221458911117261e-02
9.082178067255561473e+03,1.051178017043467583e-01,7.969268151362963692e+01,9.692722298445118068e-02
8.071368419832289874e+03,9.341861597028107422e-02,7.083790660790513982e+01,6.225351880416176570e-02
1.092945209817782961e+04,1.898121336142490900e-01,7.511196735616023545e+01,1.582222610149935926e-01
7.629906155290602328e+03,9.576350933406836685e-02,4.903167600224568190e+01,5.706557692384078145e-02
1.130346731079370693e+04,1.308271679490012052e-01,7.304827064934288217e+01,1.695047647957261261e-01
8.071222540468244915e+03,9.341233808028219510e-02,8.304623762658287944e+01,1.017416236158809745e-01
1.163884656158372491e+04,1.347283455407556341e-01,7.232110649876881325e+01,9.526900281697192607e-02
8.773608543468750213e+03,1.028888065019195469e-01,8.134917542282254033e+01,1.085001103656951932e-01
1.983941821382251874e+04,2.296228959933161728e-01,7.011837837262471851e+01,2.850395070762622440e-01
1.041575358867154500e+04,1.205527035725872942e-01,7.252266936636340233e+01,8.601782269760603616e-02
1.073006556760437343e+04,1.241216480645459252e-01,7.556770504017266887e+01,8.298000224188410712e-02
1.140140572499273731e+04,1.514730715720541687e-01,6.501145558227882759e+01,7.234887647472927619e-02
1.965491019723845238e+04,2.274526670945414275e-01,6.394293475324756315e+01,2.628936809597109958e-01
7.908333982568628016e+03,9.157880713372934522e-02,7.966493706007611308e+01,8.608638037633005446e-02
1.143687339624996639e+04,1.323369304683940373e-01,6.213766014351629963e+01,1.532169792247593254e-01
1.100800966939986574e+04,1.274223222673688816e-01,7.255763554231626244e+01,1.198312262989931487e-01
1.129296070215314830e+04,1.306835231665690877e-01,7.381844786516884938e+01,9.508178236092713898e-02
1.817128045154586289e+04,2.102620739555243201e-01,7.741499467966266934e+01,2.183451410312083618e-01
1.234828957946138325e+04,1.427529129474897074e-01,6.708472563899658780e+01,1.774286648900346985e-01
9.528212034980851968e+03,1.102799649408563731e-01,7.194287635200750231e+01,1.224501722134351545e-01
7.635269861330049025e+03,8.838144477387846476e-02,6.803082420122673568e+01,9.683353314546054580e-02
8.477808929296730639e+03,9.810546794302640872e-02,7.839149471197656283e+01,1.124005762435786177e-01
1.245610317855978428e+04,1.441820909416551555e-01,7.184099409093229838e+01,1.453725170853628623e-01
2.256830901364281453e+04,2.611931421923465724e-01,6.376911105014614378e+01,3.926813066491459114e-01
1.157303236397985893e+04,1.339624111069688261e-01,7.471452219323442989e+01,1.043904754781630612e-01
1.163058212183404976e+04,2.619147255624557635e-01,6.319102496272626723e+01,1.650608834628632948e-01
