Longitude,Latitude,individual-local-identifier,Date,timeAPM,Time,Season
16.07472432,-19.28468424,LA5,2009-01-01,12:00:00 AM,00:00:00,Hot-Wet
16.07470805,-19.28472493,LA5,2009-01-01,12:20:00 AM,00:20:00,Hot-Wet
16.0747111,-19.28470459,LA5,2009-01-01,12:40:00 AM,00:40:00,Hot-Wet
16.07471008,-19.28479614,LA5,2009-01-01,01:00:00 AM,01:00:00,Hot-Wet
16.07450968,-19.28478597,LA5,2009-01-01,01:20:00 AM,01:20:00,Hot-Wet
16.07451477,-19.28478394,LA5,2009-01-01,01:40:00 AM,01:40:00,Hot-Wet
16.07451375,-19.28479004,LA5,2009-01-01,02:00:00 AM,02:00:00,Hot-Wet
16.07452494,-19.284788,LA5,2009-01-01,02:20:00 AM,02:20:00,Hot-Wet
16.07448222,-19.28479207,LA5,2009-01-01,02:40:00 AM,02:40:00,Hot-Wet
16.07446696,-19.28480225,LA5,2009-01-01,03:00:00 AM,03:00:00,Hot-Wet
16.07445577,-19.28481242,LA5,2009-01-01,03:20:00 AM,03:20:00,Hot-Wet
16.07445679,-19.28480225,LA5,2009-01-01,03:40:00 AM,03:40:00,Hot-Wet
16.07455953,-19.28491211,LA5,2009-01-01,04:00:00 AM,04:00:00,Hot-Wet
16.0752533,-19.28456828,LA5,2009-01-01,04:20:00 AM,04:20:00,Hot-Wet
16.07782084,-19.28491211,LA5,2009-01-01,04:40:00 AM,04:40:00,Hot-Wet
16.079599,-19.28560994,LA5,2009-01-01,05:00:00 AM,05:00:00,Hot-Wet
16.07886454,-19.28449504,LA5,2009-01-01,05:20:00 AM,05:20:00,Hot-Wet
16.07739868,-19.28592936,LA5,2009-01-01,05:40:00 AM,05:40:00,Hot-Wet
16.0774231,-19.28593953,LA5,2009-01-01,06:00:00 AM,06:00:00,Hot-Wet
16.07940572,-19.29054972,LA5,2009-01-01,06:20:00 AM,06:20:00,Hot-Wet
16.08125407,-19.29036255,LA5,2009-01-01,06:40:00 AM,06:40:00,Hot-Wet
16.08327128,-19.28995972,LA5,2009-01-01,07:00:00 AM,07:00:00,Hot-Wet
16.08753764,-19.29224854,LA5,2009-01-01,07:20:00 AM,07:20:00,Hot-Wet
16.08894653,-19.29412231,LA5,2009-01-01,07:40:00 AM,07:40:00,Hot-Wet
16.09175517,-19.29389445,LA5,2009-01-01,08:00:00 AM,08:00:00,Hot-Wet
16.09496969,-19.29243164,LA5,2009-01-01,08:20:00 AM,08:20:00,Hot-Wet
16.10333862,-19.29187826,LA5,2009-01-01,08:40:00 AM,08:40:00,Hot-Wet
16.10332947,-19.29188232,LA5,2009-01-01,09:00:00 AM,09:00:00,Hot-Wet
16.10871277,-19.28766276,LA5,2009-01-01,09:20:00 AM,09:20:00,Hot-Wet
16.11274923,-19.28412476,LA5,2009-01-01,09:40:00 AM,09:40:00,Hot-Wet
16.12315369,-19.27977905,LA5,2009-01-01,10:00:00 AM,10:00:00,Hot-Wet
16.12263896,-19.27505697,LA5,2009-01-01,10:20:00 AM,10:20:00,Hot-Wet
16.12268372,-19.27512614,LA5,2009-01-01,10:40:00 AM,10:40:00,Hot-Wet
16.11992594,-19.27134196,LA5,2009-01-01,11:00:00 AM,11:00:00,Hot-Wet
16.11992289,-19.27133382,LA5,2009-01-01,11:20:00 AM,11:20:00,Hot-Wet
16.12128805,-19.27097982,LA5,2009-01-01,11:40:00 AM,11:40:00,Hot-Wet
16.1212972,-19.2710022,LA5,2009-01-01,12:00:00 PM,12:00:00,Hot-Wet
16.12030843,-19.27104492,LA5,2009-01-01,12:20:00 PM,12:20:00,Hot-Wet
16.11933085,-19.27145182,LA5,2009-01-01,12:40:00 PM,12:40:00,Hot-Wet
16.11934102,-19.27144368,LA5,2009-01-01,01:00:00 PM,13:00:00,Hot-Wet
16.12048238,-19.27210083,LA5,2009-01-01,01:20:00 PM,13:20:00,Hot-Wet
16.12167053,-19.27256063,LA5,2009-01-01,01:40:00 PM,13:40:00,Hot-Wet
16.12230632,-19.27416992,LA5,2009-01-01,02:00:00 PM,14:00:00,Hot-Wet
16.12228088,-19.27418416,LA5,2009-01-01,02:20:00 PM,14:20:00,Hot-Wet
16.12228088,-19.27418009,LA5,2009-01-01,02:40:00 PM,14:40:00,Hot-Wet
16.12316589,-19.28013713,LA5,2009-01-01,03:00:00 PM,15:00:00,Hot-Wet
16.12326355,-19.27555542,LA5,2009-01-01,03:20:00 PM,15:20:00,Hot-Wet
16.12348124,-19.27269694,LA5,2009-01-01,03:40:00 PM,15:40:00,Hot-Wet
16.11957906,-19.27007039,LA5,2009-01-01,04:00:00 PM,16:00:00,Hot-Wet
16.11521708,-19.26963298,LA5,2009-01-01,04:20:00 PM,16:20:00,Hot-Wet
16.11185913,-19.27032471,LA5,2009-01-01,04:40:00 PM,16:40:00,Hot-Wet
16.1118571,-19.27034505,LA5,2009-01-01,05:00:00 PM,17:00:00,Hot-Wet
16.11239522,-19.27005412,LA5,2009-01-01,05:20:00 PM,17:20:00,Hot-Wet
16.11240946,-19.27004598,LA5,2009-01-01,05:40:00 PM,17:40:00,Hot-Wet
16.11262817,-19.26947225,LA5,2009-01-01,06:00:00 PM,18:00:00,Hot-Wet
16.11345723,-19.27223104,LA5,2009-01-01,06:20:00 PM,18:20:00,Hot-Wet
16.10968831,-19.27402751,LA5,2009-01-01,06:40:00 PM,18:40:00,Hot-Wet
16.1065623,-19.27504883,LA5,2009-01-01,07:00:00 PM,19:00:00,Hot-Wet
16.1042867,-19.27680054,LA5,2009-01-01,07:20:00 PM,19:20:00,Hot-Wet
16.10358276,-19.27715454,LA5,2009-01-01,07:40:00 PM,19:40:00,Hot-Wet
16.10231934,-19.27770793,LA5,2009-01-01,08:00:00 PM,20:00:00,Hot-Wet
16.10161743,-19.27824097,LA5,2009-01-01,08:20:00 PM,20:20:00,Hot-Wet
16.10034383,-19.27789714,LA5,2009-01-01,08:40:00 PM,20:40:00,Hot-Wet
16.10010579,-19.27975871,LA5,2009-01-01,09:00:00 PM,21:00:00,Hot-Wet
16.09886983,-19.28081055,LA5,2009-01-01,09:20:00 PM,21:20:00,Hot-Wet
16.0985494,-19.2809082,LA5,2009-01-01,09:40:00 PM,21:40:00,Hot-Wet
16.0984375,-19.28099772,LA5,2009-01-01,10:00:00 PM,22:00:00,Hot-Wet
16.0984436,-19.28099772,LA5,2009-01-01,10:20:00 PM,22:20:00,Hot-Wet
16.09745585,-19.28096517,LA5,2009-01-01,10:40:00 PM,22:40:00,Hot-Wet
16.09716085,-19.28011882,LA5,2009-01-01,11:00:00 PM,23:00:00,Hot-Wet
16.09715678,-19.28013306,LA5,2009-01-01,11:20:00 PM,23:20:00,Hot-Wet
16.09720459,-19.27941488,LA5,2009-01-01,11:40:00 PM,23:40:00,Hot-Wet
16.09756571,-19.27927246,LA5,2009-01-02,12:00:00 AM,00:00:00,Hot-Wet
16.09756978,-19.27927246,LA5,2009-01-02,12:20:00 AM,00:20:00,Hot-Wet
16.09781901,-19.27937622,LA5,2009-01-02,12:40:00 AM,00:40:00,Hot-Wet
16.09805094,-19.28041992,LA5,2009-01-02,01:00:00 AM,01:00:00,Hot-Wet
16.09806213,-19.28041789,LA5,2009-01-02,01:20:00 AM,01:20:00,Hot-Wet
16.0980957,-19.28040975,LA5,2009-01-02,01:40:00 AM,01:40:00,Hot-Wet
16.09807841,-19.28038534,LA5,2009-01-02,02:00:00 AM,02:00:00,Hot-Wet
16.09808553,-19.2803833,LA5,2009-01-02,02:21:00 AM,02:21:00,Hot-Wet
16.09808858,-19.28041178,LA5,2009-01-02,02:40:00 AM,02:40:00,Hot-Wet
16.0980835,-19.28040771,LA5,2009-01-02,03:00:00 AM,03:00:00,Hot-Wet
16.09808146,-19.28042603,LA5,2009-01-02,03:20:00 AM,03:20:00,Hot-Wet
16.09803975,-19.28053182,LA5,2009-01-02,03:40:00 AM,03:40:00,Hot-Wet
16.09804382,-19.28052775,LA5,2009-01-02,04:00:00 AM,04:00:00,Hot-Wet
16.09868571,-19.28187459,LA5,2009-01-02,04:20:00 AM,04:20:00,Hot-Wet
16.09909261,-19.28162231,LA5,2009-01-02,04:40:00 AM,04:40:00,Hot-Wet
16.09922791,-19.28105876,LA5,2009-01-02,05:00:00 AM,05:00:00,Hot-Wet
16.09924316,-19.28106486,LA5,2009-01-02,05:20:00 AM,05:20:00,Hot-Wet
16.10080872,-19.28058472,LA5,2009-01-02,05:40:00 AM,05:40:00,Hot-Wet
16.1022878,-19.28158773,LA5,2009-01-02,06:00:00 AM,06:00:00,Hot-Wet
16.10284831,-19.28411255,LA5,2009-01-02,06:20:00 AM,06:20:00,Hot-Wet
16.10371806,-19.28483887,LA5,2009-01-02,06:40:00 AM,06:40:00,Hot-Wet
16.1041036,-19.28552043,LA5,2009-01-02,07:00:00 AM,07:00:00,Hot-Wet
16.10535278,-19.28367513,LA5,2009-01-02,07:20:00 AM,07:20:00,Hot-Wet
16.10616557,-19.28187663,LA5,2009-01-02,07:40:00 AM,07:40:00,Hot-Wet
16.11129456,-19.28059489,LA5,2009-01-02,08:00:00 AM,08:00:00,Hot-Wet
16.11567993,-19.27864583,LA5,2009-01-02,08:20:00 AM,08:20:00,Hot-Wet
16.12213236,-19.27374064,LA5,2009-01-02,08:40:00 AM,08:40:00,Hot-Wet
16.12474162,-19.27244466,LA5,2009-01-02,09:00:00 AM,09:00:00,Hot-Wet
16.12473551,-19.27243856,LA5,2009-01-02,09:20:00 AM,09:20:00,Hot-Wet
16.12516581,-19.27313639,LA5,2009-01-02,09:40:00 AM,09:40:00,Hot-Wet
16.12134908,-19.27123617,LA5,2009-01-02,10:00:00 AM,10:00:00,Hot-Wet
16.12029114,-19.26940715,LA5,2009-01-02,10:20:00 AM,10:20:00,Hot-Wet
16.12027893,-19.26942952,LA5,2009-01-02,10:40:00 AM,10:40:00,Hot-Wet
16.12128398,-19.26585083,LA5,2009-01-02,11:00:00 AM,11:00:00,Hot-Wet
16.12104187,-19.26012573,LA5,2009-01-02,11:20:00 AM,11:20:00,Hot-Wet
16.12035726,-19.25591838,LA5,2009-01-02,11:40:00 AM,11:40:00,Hot-Wet
16.11921082,-19.25742391,LA5,2009-01-02,12:00:00 PM,12:00:00,Hot-Wet
16.11330363,-19.26456299,LA5,2009-01-02,12:20:00 PM,12:20:00,Hot-Wet
16.11186218,-19.27028402,LA5,2009-01-02,12:40:00 PM,12:40:00,Hot-Wet
16.11185506,-19.27028198,LA5,2009-01-02,01:00:00 PM,13:00:00,Hot-Wet
16.11189372,-19.2703064,LA5,2009-01-02,01:20:00 PM,13:20:00,Hot-Wet
16.11187948,-19.2703125,LA5,2009-01-02,01:40:00 PM,13:40:00,Hot-Wet
16.11199748,-19.27032674,LA5,2009-01-02,02:00:00 PM,14:00:00,Hot-Wet
16.10920715,-19.27662964,LA5,2009-01-02,02:20:00 PM,14:20:00,Hot-Wet
16.10597331,-19.2860555,LA5,2009-01-02,02:40:00 PM,14:40:00,Hot-Wet
16.10059611,-19.2938741,LA5,2009-01-02,03:00:00 PM,15:00:00,Hot-Wet
16.10067749,-19.293809,LA5,2009-01-02,03:20:00 PM,15:20:00,Hot-Wet
16.10323486,-19.2978536,LA5,2009-01-02,03:40:00 PM,15:40:00,Hot-Wet
16.10496114,-19.29690959,LA5,2009-01-02,04:00:00 PM,16:00:00,Hot-Wet
16.10606893,-19.29775187,LA5,2009-01-02,04:20:00 PM,16:20:00,Hot-Wet
16.10981649,-19.29755046,LA5,2009-01-02,04:40:00 PM,16:40:00,Hot-Wet
16.10983378,-19.29754435,LA5,2009-01-02,05:00:00 PM,17:00:00,Hot-Wet
16.11299642,-19.30419312,LA5,2009-01-02,05:20:00 PM,17:20:00,Hot-Wet
16.11631266,-19.30849813,LA5,2009-01-02,05:40:00 PM,17:40:00,Hot-Wet
16.11709086,-19.31259969,LA5,2009-01-02,06:00:00 PM,18:00:00,Hot-Wet
16.11796672,-19.31294556,LA5,2009-01-02,06:20:00 PM,18:20:00,Hot-Wet
16.11317749,-19.31316325,LA5,2009-01-02,06:40:00 PM,18:40:00,Hot-Wet
16.10797424,-19.31115316,LA5,2009-01-02,07:00:00 PM,19:00:00,Hot-Wet
16.10231832,-19.30993245,LA5,2009-01-02,07:20:00 PM,19:20:00,Hot-Wet
16.09499105,-19.30486857,LA5,2009-01-02,07:40:00 PM,19:40:00,Hot-Wet
16.0898468,-19.30334066,LA5,2009-01-02,08:00:00 PM,20:00:00,Hot-Wet
16.08707174,-19.30215047,LA5,2009-01-02,08:20:00 PM,20:20:00,Hot-Wet
16.08687744,-19.30183512,LA5,2009-01-02,08:40:00 PM,20:40:00,Hot-Wet
16.08610128,-19.30181071,LA5,2009-01-02,09:00:00 PM,21:00:00,Hot-Wet
16.08457947,-19.29951986,LA5,2009-01-02,09:20:00 PM,21:20:00,Hot-Wet
16.08369751,-19.29576416,LA5,2009-01-02,09:40:00 PM,21:40:00,Hot-Wet
16.08372396,-19.29575602,LA5,2009-01-02,10:00:00 PM,22:00:00,Hot-Wet
16.08411357,-19.29220174,LA5,2009-01-02,10:20:00 PM,22:20:00,Hot-Wet
16.08283081,-19.29031169,LA5,2009-01-02,10:40:00 PM,22:40:00,Hot-Wet
16.08282776,-19.29030965,LA5,2009-01-02,11:00:00 PM,23:00:00,Hot-Wet
16.0820282,-19.29007365,LA5,2009-01-02,11:20:00 PM,23:20:00,Hot-Wet
16.08100586,-19.28950602,LA5,2009-01-02,11:40:00 PM,23:40:00,Hot-Wet
16.08091024,-19.28956502,LA5,2009-01-03,12:00:00 AM,00:00:00,Hot-Wet
16.0809377,-19.28954671,LA5,2009-01-03,12:20:00 AM,00:20:00,Hot-Wet
16.08093974,-19.28954671,LA5,2009-01-03,12:40:00 AM,00:40:00,Hot-Wet
16.08073832,-19.29137166,LA5,2009-01-03,01:00:00 AM,01:00:00,Hot-Wet
16.08074544,-19.29136353,LA5,2009-01-03,01:20:00 AM,01:20:00,Hot-Wet
16.08042399,-19.29290568,LA5,2009-01-03,01:40:00 AM,01:40:00,Hot-Wet
16.08011169,-19.29286906,LA5,2009-01-03,02:00:00 AM,02:00:00,Hot-Wet
16.07954,-19.29256185,LA5,2009-01-03,02:20:00 AM,02:20:00,Hot-Wet
16.07891032,-19.29180501,LA5,2009-01-03,02:40:00 AM,02:40:00,Hot-Wet
16.07889201,-19.29181925,LA5,2009-01-03,03:00:00 AM,03:00:00,Hot-Wet
16.07890422,-19.29181519,LA5,2009-01-03,03:20:00 AM,03:20:00,Hot-Wet
16.07889709,-19.29181112,LA5,2009-01-03,03:40:00 AM,03:40:00,Hot-Wet
16.07724406,-19.29365641,LA5,2009-01-03,04:00:00 AM,04:00:00,Hot-Wet
16.0740804,-19.29129028,LA5,2009-01-03,04:20:00 AM,04:20:00,Hot-Wet
16.07335612,-19.28813477,LA5,2009-01-03,04:40:00 AM,04:40:00,Hot-Wet
16.07333679,-19.2881368,LA5,2009-01-03,05:00:00 AM,05:00:00,Hot-Wet
16.07556559,-19.28871257,LA5,2009-01-03,05:20:00 AM,05:20:00,Hot-Wet
16.07590739,-19.29101766,LA5,2009-01-03,05:40:00 AM,05:40:00,Hot-Wet
16.07455139,-19.29101563,LA5,2009-01-03,06:00:00 AM,06:00:00,Hot-Wet
16.07408854,-19.29049276,LA5,2009-01-03,06:20:00 AM,06:20:00,Hot-Wet
16.07354635,-19.29092,LA5,2009-01-03,06:40:00 AM,06:40:00,Hot-Wet
16.07052307,-19.29023234,LA5,2009-01-03,07:00:00 AM,07:00:00,Hot-Wet
16.06543884,-19.28970133,LA5,2009-01-03,07:20:00 AM,07:20:00,Hot-Wet
16.05663859,-19.28874308,LA5,2009-01-03,07:40:00 AM,07:40:00,Hot-Wet
16.05174459,-19.29003499,LA5,2009-01-03,08:00:00 AM,08:00:00,Hot-Wet
16.04816386,-19.28965454,LA5,2009-01-03,08:20:00 AM,08:20:00,Hot-Wet
16.04232686,-19.28966268,LA5,2009-01-03,08:40:00 AM,08:40:00,Hot-Wet
16.03302002,-19.29119263,LA5,2009-01-03,09:00:00 AM,09:00:00,Hot-Wet
16.02261861,-19.29195353,LA5,2009-01-03,09:20:00 AM,09:20:00,Hot-Wet
16.01328939,-19.2957784,LA5,2009-01-03,09:40:00 AM,09:40:00,Hot-Wet
16.01323446,-19.29566854,LA5,2009-01-03,10:00:00 AM,10:00:00,Hot-Wet
16.0142334,-19.30120646,LA5,2009-01-03,10:20:00 AM,10:20:00,Hot-Wet
16.00677897,-19.30299276,LA5,2009-01-03,10:40:00 AM,10:40:00,Hot-Wet
16.00343018,-19.30199178,LA5,2009-01-03,11:00:00 AM,11:00:00,Hot-Wet
15.99868062,-19.29870605,LA5,2009-01-03,11:20:00 AM,11:20:00,Hot-Wet
16.00154114,-19.29630737,LA5,2009-01-03,11:40:00 AM,11:40:00,Hot-Wet
16.00155029,-19.29630534,LA5,2009-01-03,12:00:00 PM,12:00:00,Hot-Wet
16.00016683,-19.29282633,LA5,2009-01-03,12:20:00 PM,12:20:00,Hot-Wet
15.99693909,-19.29734701,LA5,2009-01-03,12:40:00 PM,12:40:00,Hot-Wet
15.99588114,-19.29926758,LA5,2009-01-03,01:00:00 PM,13:00:00,Hot-Wet
15.99570719,-19.29970703,LA5,2009-01-03,01:20:00 PM,13:20:00,Hot-Wet
15.99570821,-19.29971313,LA5,2009-01-03,01:40:00 PM,13:40:00,Hot-Wet
15.99588216,-19.29965007,LA5,2009-01-03,02:00:00 PM,14:00:00,Hot-Wet
15.99587809,-19.2996521,LA5,2009-01-03,02:20:00 PM,14:20:00,Hot-Wet
15.9959727,-19.29961344,LA5,2009-01-03,02:40:00 PM,14:40:00,Hot-Wet
15.990979,-19.30286051,LA5,2009-01-03,03:00:00 PM,15:00:00,Hot-Wet
15.98902588,-19.30602417,LA5,2009-01-03,03:20:00 PM,15:20:00,Hot-Wet
15.98433533,-19.30732625,LA5,2009-01-03,03:40:00 PM,15:40:00,Hot-Wet
15.98271179,-19.30766195,LA5,2009-01-03,04:00:00 PM,16:00:00,Hot-Wet
15.97640076,-19.30862834,LA5,2009-01-03,04:20:00 PM,16:20:00,Hot-Wet
15.9658783,-19.31340739,LA5,2009-01-03,04:40:00 PM,16:40:00,Hot-Wet
15.95866292,-19.31969604,LA5,2009-01-03,05:00:00 PM,17:00:00,Hot-Wet
15.95475769,-19.32297363,LA5,2009-01-03,05:20:00 PM,17:20:00,Hot-Wet
15.95094604,-19.3174764,LA5,2009-01-03,05:40:00 PM,17:40:00,Hot-Wet
15.94831645,-19.31899618,LA5,2009-01-03,06:00:00 PM,18:00:00,Hot-Wet
15.94104309,-19.31621704,LA5,2009-01-03,06:20:00 PM,18:20:00,Hot-Wet
15.9402476,-19.31651408,LA5,2009-01-03,06:40:00 PM,18:40:00,Hot-Wet
15.9402476,-19.31652018,LA5,2009-01-03,07:00:00 PM,19:00:00,Hot-Wet
15.94377645,-19.3171936,LA5,2009-01-03,07:20:00 PM,19:20:00,Hot-Wet
15.94585063,-19.31845296,LA5,2009-01-03,07:40:00 PM,19:40:00,Hot-Wet
15.9538859,-19.32373861,LA5,2009-01-03,08:00:00 PM,20:00:00,Hot-Wet
15.96185201,-19.32438761,LA5,2009-01-03,08:20:00 PM,20:20:00,Hot-Wet
15.97009583,-19.32087402,LA5,2009-01-03,08:40:00 PM,20:40:00,Hot-Wet
15.97369385,-19.31936035,LA5,2009-01-03,09:00:00 PM,21:00:00,Hot-Wet
15.97369893,-19.31936646,LA5,2009-01-03,09:20:00 PM,21:20:00,Hot-Wet
15.97744853,-19.31866659,LA5,2009-01-03,09:40:00 PM,21:40:00,Hot-Wet
15.98088277,-19.31894531,LA5,2009-01-03,10:00:00 PM,22:00:00,Hot-Wet
15.98359782,-19.3183492,LA5,2009-01-03,10:20:00 PM,22:20:00,Hot-Wet
15.98360087,-19.31835531,LA5,2009-01-03,10:40:00 PM,22:40:00,Hot-Wet
15.98427836,-19.3180603,LA5,2009-01-03,11:00:00 PM,23:00:00,Hot-Wet
15.98609924,-19.31665243,LA5,2009-01-03,11:20:00 PM,23:20:00,Hot-Wet
15.98834839,-19.31455485,LA5,2009-01-03,11:40:00 PM,23:40:00,Hot-Wet
15.99100749,-19.30949097,LA5,2009-01-04,12:00:00 AM,00:00:00,Hot-Wet
15.99100342,-19.30949504,LA5,2009-01-04,12:20:00 AM,00:20:00,Hot-Wet
15.99121399,-19.3082784,LA5,2009-01-04,12:40:00 AM,00:40:00,Hot-Wet
15.99126383,-19.30828451,LA5,2009-01-04,01:00:00 AM,01:00:00,Hot-Wet
15.99153849,-19.30866903,LA5,2009-01-04,01:20:00 AM,01:20:00,Hot-Wet
15.99217326,-19.30861003,LA5,2009-01-04,01:40:00 AM,01:40:00,Hot-Wet
15.99277852,-19.30799561,LA5,2009-01-04,02:00:00 AM,02:00:00,Hot-Wet
15.99381917,-19.30711466,LA5,2009-01-04,02:20:00 AM,02:20:00,Hot-Wet
15.99473572,-19.30645955,LA5,2009-01-04,02:40:00 AM,02:40:00,Hot-Wet
15.99478048,-19.30652059,LA5,2009-01-04,03:00:00 AM,03:00:00,Hot-Wet
15.99477336,-19.30653076,LA5,2009-01-04,03:20:00 AM,03:20:00,Hot-Wet
15.99574483,-19.30624797,LA5,2009-01-04,03:40:00 AM,03:40:00,Hot-Wet
15.99682617,-19.305896,LA5,2009-01-04,04:00:00 AM,04:00:00,Hot-Wet
15.9978597,-19.30563558,LA5,2009-01-04,04:20:00 AM,04:20:00,Hot-Wet
15.9989502,-19.30488688,LA5,2009-01-04,04:40:00 AM,04:40:00,Hot-Wet
16.00009969,-19.30434977,LA5,2009-01-04,05:00:00 AM,05:00:00,Hot-Wet
16.00204468,-19.30367839,LA5,2009-01-04,05:20:00 AM,05:20:00,Hot-Wet
16.00267232,-19.30332031,LA5,2009-01-04,05:40:00 AM,05:40:00,Hot-Wet
16.00505269,-19.30116781,LA5,2009-01-04,06:00:00 AM,06:00:00,Hot-Wet
16.00728861,-19.30097453,LA5,2009-01-04,06:20:00 AM,06:20:00,Hot-Wet
16.01022237,-19.30094198,LA5,2009-01-04,06:40:00 AM,06:40:00,Hot-Wet
16.01292623,-19.30091146,LA5,2009-01-04,07:00:00 AM,07:00:00,Hot-Wet
16.01813558,-19.30167236,LA5,2009-01-04,07:20:00 AM,07:20:00,Hot-Wet
16.01943766,-19.30211995,LA5,2009-01-04,07:40:00 AM,07:40:00,Hot-Wet
16.02161051,-19.29672038,LA5,2009-01-04,08:00:00 AM,08:00:00,Hot-Wet
16.02590434,-19.29106038,LA5,2009-01-04,08:20:00 AM,08:20:00,Hot-Wet
16.02589111,-19.29105835,LA5,2009-01-04,08:40:00 AM,08:40:00,Hot-Wet
16.04534607,-19.29012248,LA5,2009-01-04,09:00:00 AM,09:00:00,Hot-Wet
16.04533691,-19.29012858,LA5,2009-01-04,09:20:00 AM,09:20:00,Hot-Wet
16.05510864,-19.29135742,LA5,2009-01-04,09:40:00 AM,09:40:00,Hot-Wet
16.05510966,-19.29133708,LA5,2009-01-04,10:00:00 AM,10:00:00,Hot-Wet
16.0624176,-19.29265137,LA5,2009-01-04,10:20:00 AM,10:20:00,Hot-Wet
16.06858622,-19.29535116,LA5,2009-01-04,10:40:00 AM,10:40:00,Hot-Wet
16.07756449,-19.3006368,LA5,2009-01-04,11:00:00 AM,11:00:00,Hot-Wet
16.08538411,-19.30432129,LA5,2009-01-04,11:20:00 AM,11:20:00,Hot-Wet
16.09075928,-19.3069397,LA5,2009-01-04,11:40:00 AM,11:40:00,Hot-Wet
16.09252726,-19.30531209,LA5,2009-01-04,12:00:00 PM,12:00:00,Hot-Wet
16.09889221,-19.3035258,LA5,2009-01-04,12:20:00 PM,12:20:00,Hot-Wet
16.10030721,-19.29794312,LA5,2009-01-04,12:40:00 PM,12:40:00,Hot-Wet
16.10028992,-19.29797363,LA5,2009-01-04,01:00:00 PM,13:00:00,Hot-Wet
16.10412394,-19.29779256,LA5,2009-01-04,01:20:00 PM,13:20:00,Hot-Wet
16.10735474,-19.29873454,LA5,2009-01-04,01:40:00 PM,13:40:00,Hot-Wet
16.11343282,-19.29862061,LA5,2009-01-04,02:00:00 PM,14:00:00,Hot-Wet
16.11710307,-19.3080363,LA5,2009-01-04,02:20:00 PM,14:20:00,Hot-Wet
16.1170929,-19.30804443,LA5,2009-01-04,02:40:00 PM,14:40:00,Hot-Wet
16.11717733,-19.31143799,LA5,2009-01-04,03:00:00 PM,15:00:00,Hot-Wet
16.11219381,-19.31373088,LA5,2009-01-04,03:20:00 PM,15:20:00,Hot-Wet
16.10408834,-19.31825562,LA5,2009-01-04,03:40:00 PM,15:40:00,Hot-Wet
16.09996033,-19.32084554,LA5,2009-01-04,04:00:00 PM,16:00:00,Hot-Wet
16.09612122,-19.32192383,LA5,2009-01-04,04:20:00 PM,16:20:00,Hot-Wet
16.09306641,-19.32451579,LA5,2009-01-04,04:40:00 PM,16:40:00,Hot-Wet
16.09169922,-19.32874349,LA5,2009-01-04,05:00:00 PM,17:00:00,Hot-Wet
16.08569234,-19.33182576,LA5,2009-01-04,05:20:00 PM,17:20:00,Hot-Wet
16.08165894,-19.33180135,LA5,2009-01-04,05:40:00 PM,17:40:00,Hot-Wet
16.07885742,-19.33474528,LA5,2009-01-04,06:00:00 PM,18:00:00,Hot-Wet
16.07519023,-19.33429769,LA5,2009-01-04,06:20:00 PM,18:20:00,Hot-Wet
16.07368876,-19.33271077,LA5,2009-01-04,06:40:00 PM,18:40:00,Hot-Wet
16.07194722,-19.33093465,LA5,2009-01-04,07:00:00 PM,19:00:00,Hot-Wet
16.07171733,-19.32951864,LA5,2009-01-04,07:20:00 PM,19:20:00,Hot-Wet
16.06980998,-19.32716878,LA5,2009-01-04,07:40:00 PM,19:40:00,Hot-Wet
16.0672465,-19.32399902,LA5,2009-01-04,08:00:00 PM,20:00:00,Hot-Wet
16.06718852,-19.32313232,LA5,2009-01-04,08:20:00 PM,20:20:00,Hot-Wet
16.06444906,-19.32204183,LA5,2009-01-04,08:40:00 PM,20:40:00,Hot-Wet
16.06263021,-19.32147217,LA5,2009-01-04,09:00:00 PM,21:00:00,Hot-Wet
16.06028442,-19.32164307,LA5,2009-01-04,09:20:00 PM,21:20:00,Hot-Wet
16.05831706,-19.32230632,LA5,2009-01-04,09:40:00 PM,21:40:00,Hot-Wet
16.05772095,-19.32403158,LA5,2009-01-04,10:00:00 PM,22:00:00,Hot-Wet
16.05865784,-19.32407227,LA5,2009-01-04,10:20:00 PM,22:20:00,Hot-Wet
16.0581604,-19.32600301,LA5,2009-01-04,10:40:00 PM,22:40:00,Hot-Wet
16.05768331,-19.32659302,LA5,2009-01-04,11:00:00 PM,23:00:00,Hot-Wet
16.05452372,-19.32946167,LA5,2009-01-04,11:20:00 PM,23:20:00,Hot-Wet
16.05452779,-19.32946167,LA5,2009-01-04,11:40:00 PM,23:40:00,Hot-Wet
16.05589701,-19.32991333,LA5,2009-01-05,12:00:00 AM,00:00:00,Hot-Wet
16.05579122,-19.32989909,LA5,2009-01-05,12:20:00 AM,00:20:00,Hot-Wet
16.05578715,-19.32989502,LA5,2009-01-05,12:40:00 AM,00:40:00,Hot-Wet
16.05504252,-19.32966512,LA5,2009-01-05,01:00:00 AM,01:00:00,Hot-Wet
16.05114848,-19.32989299,LA5,2009-01-05,01:20:00 AM,01:20:00,Hot-Wet
16.05114746,-19.32990723,LA5,2009-01-05,01:40:00 AM,01:40:00,Hot-Wet
16.05143026,-19.3279012,LA5,2009-01-05,02:00:00 AM,02:00:00,Hot-Wet
16.05176595,-19.32561646,LA5,2009-01-05,02:20:00 AM,02:20:00,Hot-Wet
16.0519633,-19.32503459,LA5,2009-01-05,02:40:00 AM,02:40:00,Hot-Wet
16.05198771,-19.32456868,LA5,2009-01-05,03:00:00 AM,03:00:00,Hot-Wet
16.05274353,-19.32360229,LA5,2009-01-05,03:20:00 AM,03:20:00,Hot-Wet
16.05274251,-19.32358195,LA5,2009-01-05,03:40:00 AM,03:40:00,Hot-Wet
16.05349121,-19.32115072,LA5,2009-01-05,04:00:00 AM,04:00:00,Hot-Wet
16.05519918,-19.31876831,LA5,2009-01-05,04:20:00 AM,04:20:00,Hot-Wet
16.05629883,-19.31770833,LA5,2009-01-05,04:40:00 AM,04:40:00,Hot-Wet
16.05696208,-19.31702677,LA5,2009-01-05,05:00:00 AM,05:00:00,Hot-Wet
16.05780334,-19.30899658,LA5,2009-01-05,05:20:00 AM,05:20:00,Hot-Wet
16.05374247,-19.30101929,LA5,2009-01-05,05:40:00 AM,05:40:00,Hot-Wet
16.05267436,-19.29979451,LA5,2009-01-05,06:00:00 AM,06:00:00,Hot-Wet
16.05032247,-19.29706217,LA5,2009-01-05,06:20:00 AM,06:20:00,Hot-Wet
16.05030721,-19.29706217,LA5,2009-01-05,06:40:00 AM,06:40:00,Hot-Wet
16.04834696,-19.29437459,LA5,2009-01-05,07:00:00 AM,07:00:00,Hot-Wet
16.04291687,-19.2912557,LA5,2009-01-05,07:20:00 AM,07:20:00,Hot-Wet
16.03418172,-19.29119263,LA5,2009-01-05,07:40:00 AM,07:40:00,Hot-Wet
16.02426453,-19.29138997,LA5,2009-01-05,08:00:00 AM,08:00:00,Hot-Wet
16.01452332,-19.29279582,LA5,2009-01-05,08:20:00 AM,08:20:00,Hot-Wet
16.01047262,-19.28612061,LA5,2009-01-05,08:40:00 AM,08:40:00,Hot-Wet
16.00872498,-19.28450317,LA5,2009-01-05,09:00:00 AM,09:00:00,Hot-Wet
16.00872803,-19.28450724,LA5,2009-01-05,09:20:00 AM,09:20:00,Hot-Wet
16.00881449,-19.2860555,LA5,2009-01-05,09:40:00 AM,09:40:00,Hot-Wet
16.00881246,-19.28604736,LA5,2009-01-05,10:00:00 AM,10:00:00,Hot-Wet
16.00982971,-19.28914388,LA5,2009-01-05,10:20:00 AM,10:20:00,Hot-Wet
16.01202698,-19.29393107,LA5,2009-01-05,10:40:00 AM,10:40:00,Hot-Wet
16.01341146,-19.29706828,LA5,2009-01-05,11:00:00 AM,11:00:00,Hot-Wet
16.01391296,-19.29727783,LA5,2009-01-05,11:20:00 AM,11:20:00,Hot-Wet
16.0150472,-19.29716593,LA5,2009-01-05,11:40:00 AM,11:40:00,Hot-Wet
16.01505432,-19.29717407,LA5,2009-01-05,12:00:00 PM,12:00:00,Hot-Wet
16.01507467,-19.29703369,LA5,2009-01-05,12:20:00 PM,12:20:00,Hot-Wet
16.01507874,-19.29703369,LA5,2009-01-05,12:40:00 PM,12:40:00,Hot-Wet
16.01510417,-19.29706828,LA5,2009-01-05,01:00:00 PM,13:00:00,Hot-Wet
16.01510111,-19.29706014,LA5,2009-01-05,01:20:00 PM,13:20:00,Hot-Wet
16.01511332,-19.2970459,LA5,2009-01-05,01:40:00 PM,13:40:00,Hot-Wet
16.01501668,-19.29705404,LA5,2009-01-05,02:00:00 PM,14:00:00,Hot-Wet
16.0150238,-19.29703979,LA5,2009-01-05,02:20:00 PM,14:20:00,Hot-Wet
16.01500346,-19.29704793,LA5,2009-01-05,02:40:00 PM,14:40:00,Hot-Wet
16.0150116,-19.29705607,LA5,2009-01-05,03:00:00 PM,15:00:00,Hot-Wet
16.01501668,-19.29707438,LA5,2009-01-05,03:20:00 PM,15:20:00,Hot-Wet
16.01618652,-19.29983927,LA5,2009-01-05,03:40:00 PM,15:40:00,Hot-Wet
16.01819865,-19.30207926,LA5,2009-01-05,04:00:00 PM,16:00:00,Hot-Wet
16.01870321,-19.30346069,LA5,2009-01-05,04:20:00 PM,16:20:00,Hot-Wet
16.02449341,-19.30343018,LA5,2009-01-05,04:40:00 PM,16:40:00,Hot-Wet
16.0244873,-19.30343221,LA5,2009-01-05,05:00:00 PM,17:00:00,Hot-Wet
16.03003845,-19.30170492,LA5,2009-01-05,05:20:00 PM,17:20:00,Hot-Wet
16.03277079,-19.30155436,LA5,2009-01-05,05:40:00 PM,17:40:00,Hot-Wet
16.03652649,-19.29966634,LA5,2009-01-05,06:00:00 PM,18:00:00,Hot-Wet
16.04131165,-19.29926351,LA5,2009-01-05,06:20:00 PM,18:20:00,Hot-Wet
16.0465332,-19.29616903,LA5,2009-01-05,06:40:00 PM,18:40:00,Hot-Wet
16.05009155,-19.29587402,LA5,2009-01-05,07:00:00 PM,19:00:00,Hot-Wet
16.05139872,-19.29176432,LA5,2009-01-05,07:20:00 PM,19:20:00,Hot-Wet
16.0536143,-19.29011637,LA5,2009-01-05,07:40:00 PM,19:40:00,Hot-Wet
16.06175232,-19.28995972,LA5,2009-01-05,08:00:00 PM,20:00:00,Hot-Wet
16.06806132,-19.29107056,LA5,2009-01-05,08:20:00 PM,20:20:00,Hot-Wet
16.07560933,-19.29500529,LA5,2009-01-05,08:40:00 PM,20:40:00,Hot-Wet
16.08391622,-19.30120443,LA5,2009-01-05,09:00:00 PM,21:00:00,Hot-Wet
16.0914622,-19.30694784,LA5,2009-01-05,09:20:00 PM,21:20:00,Hot-Wet
16.09926961,-19.30861816,LA5,2009-01-05,09:40:00 PM,21:40:00,Hot-Wet
16.11172791,-19.31282552,LA5,2009-01-05,10:00:00 PM,22:00:00,Hot-Wet
16.11734823,-19.31134847,LA5,2009-01-05,10:20:00 PM,22:20:00,Hot-Wet
16.11736552,-19.31134033,LA5,2009-01-05,10:40:00 PM,22:40:00,Hot-Wet
16.117335,-19.31199951,LA5,2009-01-05,11:00:00 PM,23:00:00,Hot-Wet
16.11730957,-19.31172485,LA5,2009-01-05,11:20:00 PM,23:20:00,Hot-Wet
16.11526082,-19.30826619,LA5,2009-01-05,11:40:00 PM,23:40:00,Hot-Wet
16.11437174,-19.30580648,LA5,2009-01-06,12:00:00 AM,00:00:00,Hot-Wet
16.11240743,-19.30357869,LA5,2009-01-06,12:20:00 AM,00:20:00,Hot-Wet
16.10625203,-19.30127157,LA5,2009-01-06,12:40:00 AM,00:40:00,Hot-Wet
16.1052297,-19.29667155,LA5,2009-01-06,01:00:00 AM,01:00:00,Hot-Wet
16.10303141,-19.28894857,LA5,2009-01-06,01:20:00 AM,01:20:00,Hot-Wet
16.10082397,-19.28740438,LA5,2009-01-06,01:40:00 AM,01:40:00,Hot-Wet
16.09912008,-19.28366699,LA5,2009-01-06,02:00:00 AM,02:00:00,Hot-Wet
16.09698486,-19.28102417,LA5,2009-01-06,02:20:00 AM,02:20:00,Hot-Wet
16.09697062,-19.28102417,LA5,2009-01-06,02:40:00 AM,02:40:00,Hot-Wet
16.09706523,-19.27912598,LA5,2009-01-06,03:00:00 AM,03:00:00,Hot-Wet
16.09756063,-19.27925008,LA5,2009-01-06,03:20:00 AM,03:20:00,Hot-Wet
16.09801432,-19.27895101,LA5,2009-01-06,03:40:00 AM,03:40:00,Hot-Wet
16.09803975,-19.27897542,LA5,2009-01-06,04:00:00 AM,04:00:00,Hot-Wet
16.09805298,-19.27896932,LA5,2009-01-06,04:20:00 AM,04:20:00,Hot-Wet
16.09804688,-19.27896118,LA5,2009-01-06,04:40:00 AM,04:40:00,Hot-Wet
16.09869385,-19.28083293,LA5,2009-01-06,05:00:00 AM,05:00:00,Hot-Wet
16.098703,-19.28083293,LA5,2009-01-06,05:20:00 AM,05:20:00,Hot-Wet
16.100413,-19.27951457,LA5,2009-01-06,05:40:00 AM,05:40:00,Hot-Wet
16.10040487,-19.27952474,LA5,2009-01-06,06:00:00 AM,06:00:00,Hot-Wet
16.10077616,-19.27776082,LA5,2009-01-06,06:20:00 AM,06:20:00,Hot-Wet
16.10360209,-19.2794047,LA5,2009-01-06,06:40:00 AM,06:40:00,Hot-Wet
16.10598043,-19.28017985,LA5,2009-01-06,07:00:00 AM,07:00:00,Hot-Wet
16.1094869,-19.2770874,LA5,2009-01-06,07:20:00 AM,07:20:00,Hot-Wet
16.1129893,-19.27322998,LA5,2009-01-06,07:40:00 AM,07:40:00,Hot-Wet
16.11594442,-19.27008464,LA5,2009-01-06,08:00:00 AM,08:00:00,Hot-Wet
16.11723022,-19.2692749,LA5,2009-01-06,08:20:00 AM,08:20:00,Hot-Wet
16.11698608,-19.26671753,LA5,2009-01-06,08:40:00 AM,08:40:00,Hot-Wet
16.11703695,-19.26676636,LA5,2009-01-06,09:00:00 AM,09:00:00,Hot-Wet
16.11712545,-19.26553141,LA5,2009-01-06,09:20:00 AM,09:20:00,Hot-Wet
16.1226827,-19.25703125,LA5,2009-01-06,09:40:00 AM,09:40:00,Hot-Wet
16.12268372,-19.25703939,LA5,2009-01-06,10:00:00 AM,10:00:00,Hot-Wet
16.12348938,-19.26014608,LA5,2009-01-06,10:20:00 AM,10:20:00,Hot-Wet
16.12443644,-19.26184692,LA5,2009-01-06,10:40:00 AM,10:40:00,Hot-Wet
16.12330831,-19.26408488,LA5,2009-01-06,11:00:00 AM,11:00:00,Hot-Wet
16.1227417,-19.26326904,LA5,2009-01-06,11:20:00 AM,11:20:00,Hot-Wet
16.11769511,-19.26219482,LA5,2009-01-06,11:40:00 AM,11:40:00,Hot-Wet
16.11725769,-19.26316935,LA5,2009-01-06,12:00:00 PM,12:00:00,Hot-Wet
16.11725566,-19.2631958,LA5,2009-01-06,12:20:00 PM,12:20:00,Hot-Wet
16.11725566,-19.26321208,LA5,2009-01-06,12:40:00 PM,12:40:00,Hot-Wet
16.11726074,-19.26316325,LA5,2009-01-06,01:00:00 PM,13:00:00,Hot-Wet
16.11725972,-19.26319173,LA5,2009-01-06,01:20:00 PM,13:20:00,Hot-Wet
16.11726685,-19.26317749,LA5,2009-01-06,01:40:00 PM,13:40:00,Hot-Wet
16.11727091,-19.26317546,LA5,2009-01-06,02:00:00 PM,14:00:00,Hot-Wet
16.117276,-19.26318156,LA5,2009-01-06,02:20:00 PM,14:20:00,Hot-Wet
16.11727498,-19.26318563,LA5,2009-01-06,02:40:00 PM,14:40:00,Hot-Wet
16.11726888,-19.26319784,LA5,2009-01-06,03:00:00 PM,15:00:00,Hot-Wet
16.1172821,-19.26317139,LA5,2009-01-06,03:20:00 PM,15:20:00,Hot-Wet
16.11733195,-19.26326904,LA5,2009-01-06,03:40:00 PM,15:40:00,Hot-Wet
16.11788228,-19.26531169,LA5,2009-01-06,04:00:00 PM,16:00:00,Hot-Wet
16.11932882,-19.27153931,LA5,2009-01-06,04:20:00 PM,16:20:00,Hot-Wet
16.12296041,-19.28002116,LA5,2009-01-06,04:40:00 PM,16:40:00,Hot-Wet
16.12296651,-19.28000285,LA5,2009-01-06,05:00:00 PM,17:00:00,Hot-Wet
16.12409363,-19.27465413,LA5,2009-01-06,05:20:00 PM,17:20:00,Hot-Wet
16.1240804,-19.27466227,LA5,2009-01-06,05:40:00 PM,17:40:00,Hot-Wet
16.12540588,-19.27208049,LA5,2009-01-06,06:00:00 PM,18:00:00,Hot-Wet
16.12492269,-19.26941121,LA5,2009-01-06,06:20:00 PM,18:20:00,Hot-Wet
16.12402445,-19.26756999,LA5,2009-01-06,06:40:00 PM,18:40:00,Hot-Wet
16.12356059,-19.26687419,LA5,2009-01-06,07:00:00 PM,19:00:00,Hot-Wet
16.1230306,-19.26641439,LA5,2009-01-06,07:20:00 PM,19:20:00,Hot-Wet
16.12295024,-19.26484375,LA5,2009-01-06,07:40:00 PM,19:40:00,Hot-Wet
16.12295125,-19.26483765,LA5,2009-01-06,08:00:00 PM,20:00:00,Hot-Wet
16.12280782,-19.26089478,LA5,2009-01-06,08:20:00 PM,20:20:00,Hot-Wet
16.12280884,-19.26097209,LA5,2009-01-06,08:40:00 PM,20:40:00,Hot-Wet
16.12337545,-19.25711466,LA5,2009-01-06,09:00:00 PM,21:00:00,Hot-Wet
16.1244456,-19.25653483,LA5,2009-01-06,09:20:00 PM,21:20:00,Hot-Wet
16.12234599,-19.2572998,LA5,2009-01-06,09:40:00 PM,21:40:00,Hot-Wet
16.12052104,-19.25927124,LA5,2009-01-06,10:00:00 PM,22:00:00,Hot-Wet
16.12053223,-19.2592631,LA5,2009-01-06,10:20:00 PM,22:20:00,Hot-Wet
16.1207133,-19.26022746,LA5,2009-01-06,10:40:00 PM,22:40:00,Hot-Wet
16.12070211,-19.26152751,LA5,2009-01-06,11:00:00 PM,23:00:00,Hot-Wet
16.11949361,-19.26376343,LA5,2009-01-06,11:20:00 PM,23:20:00,Hot-Wet
16.11936544,-19.26478068,LA5,2009-01-06,11:40:00 PM,23:40:00,Hot-Wet
16.1193634,-19.26478475,LA5,2009-01-07,12:00:00 AM,00:00:00,Hot-Wet
16.12005208,-19.26537069,LA5,2009-01-07,12:20:00 AM,00:20:00,Hot-Wet
16.12010091,-19.2652832,LA5,2009-01-07,12:40:00 AM,00:40:00,Hot-Wet
16.12011414,-19.26527507,LA5,2009-01-07,01:00:00 AM,01:00:00,Hot-Wet
16.12020569,-19.26638794,LA5,2009-01-07,01:20:00 AM,01:20:00,Hot-Wet
16.12020569,-19.2663798,LA5,2009-01-07,01:40:00 AM,01:40:00,Hot-Wet
16.12021891,-19.2663798,LA5,2009-01-07,02:00:00 AM,02:00:00,Hot-Wet
16.1202474,-19.26635539,LA5,2009-01-07,02:20:00 AM,02:20:00,Hot-Wet
16.12024333,-19.26635335,LA5,2009-01-07,02:40:00 AM,02:40:00,Hot-Wet
16.11943156,-19.26700643,LA5,2009-01-07,03:00:00 AM,03:00:00,Hot-Wet
16.11945597,-19.26701864,LA5,2009-01-07,03:20:00 AM,03:20:00,Hot-Wet
16.11946615,-19.26674805,LA5,2009-01-07,03:40:00 AM,03:40:00,Hot-Wet
16.11959534,-19.26624349,LA5,2009-01-07,04:00:00 AM,04:00:00,Hot-Wet
16.11825765,-19.26610718,LA5,2009-01-07,04:20:00 AM,04:20:00,Hot-Wet
16.11824036,-19.26610921,LA5,2009-01-07,04:40:00 AM,04:40:00,Hot-Wet
16.11854757,-19.26665853,LA5,2009-01-07,05:00:00 AM,05:00:00,Hot-Wet
16.11810506,-19.26690267,LA5,2009-01-07,05:20:00 AM,05:20:00,Hot-Wet
16.11589762,-19.26877645,LA5,2009-01-07,05:40:00 AM,05:40:00,Hot-Wet
16.11587524,-19.26875407,LA5,2009-01-07,06:00:00 AM,06:00:00,Hot-Wet
16.11623433,-19.27055868,LA5,2009-01-07,06:20:00 AM,06:20:00,Hot-Wet
16.11810913,-19.27053833,LA5,2009-01-07,06:40:00 AM,06:40:00,Hot-Wet
16.1186554,-19.26896362,LA5,2009-01-07,07:00:00 AM,07:00:00,Hot-Wet
16.11865234,-19.26896159,LA5,2009-01-07,07:20:00 AM,07:20:00,Hot-Wet
16.11870728,-19.26858724,LA5,2009-01-07,07:40:00 AM,07:40:00,Hot-Wet
16.11887105,-19.26850382,LA5,2009-01-07,08:00:00 AM,08:00:00,Hot-Wet
16.11986593,-19.26828817,LA5,2009-01-07,08:20:00 AM,08:20:00,Hot-Wet
16.12428792,-19.27681071,LA5,2009-01-07,08:40:00 AM,08:40:00,Hot-Wet
16.1242808,-19.27680461,LA5,2009-01-07,09:00:00 AM,09:00:00,Hot-Wet
16.12303263,-19.28023682,LA5,2009-01-07,09:20:00 AM,09:20:00,Hot-Wet
16.12238261,-19.28678589,LA5,2009-01-07,09:40:00 AM,09:40:00,Hot-Wet
16.12235616,-19.28673503,LA5,2009-01-07,10:00:00 AM,10:00:00,Hot-Wet
16.12413534,-19.2932902,LA5,2009-01-07,10:20:00 AM,10:20:00,Hot-Wet
16.12234192,-19.29961955,LA5,2009-01-07,10:40:00 AM,10:40:00,Hot-Wet
16.12236125,-19.29961141,LA5,2009-01-07,11:00:00 AM,11:00:00,Hot-Wet
16.12296855,-19.30483805,LA5,2009-01-07,11:20:00 AM,11:20:00,Hot-Wet
16.12296956,-19.30482788,LA5,2009-01-07,11:40:00 AM,11:40:00,Hot-Wet
16.12300618,-19.30575765,LA5,2009-01-07,12:00:00 PM,12:00:00,Hot-Wet
16.12300924,-19.30571899,LA5,2009-01-07,12:20:00 PM,12:20:00,Hot-Wet
16.12300415,-19.30572103,LA5,2009-01-07,12:40:00 PM,12:40:00,Hot-Wet
16.12301534,-19.30575155,LA5,2009-01-07,01:00:00 PM,13:00:00,Hot-Wet
16.12302043,-19.30574137,LA5,2009-01-07,01:20:00 PM,13:20:00,Hot-Wet
16.12302348,-19.30572917,LA5,2009-01-07,01:40:00 PM,13:40:00,Hot-Wet
16.12301331,-19.30575358,LA5,2009-01-07,02:00:00 PM,14:00:00,Hot-Wet
16.12301636,-19.30572306,LA5,2009-01-07,02:20:00 PM,14:20:00,Hot-Wet
16.12301025,-19.30572917,LA5,2009-01-07,02:40:00 PM,14:40:00,Hot-Wet
16.12306722,-19.30573324,LA5,2009-01-07,03:00:00 PM,15:00:00,Hot-Wet
16.12047729,-19.31119995,LA5,2009-01-07,03:20:00 PM,15:20:00,Hot-Wet
16.11914368,-19.31219482,LA5,2009-01-07,03:40:00 PM,15:40:00,Hot-Wet
16.11703288,-19.31459554,LA5,2009-01-07,04:00:00 PM,16:00:00,Hot-Wet
16.11701965,-19.3145874,LA5,2009-01-07,04:20:00 PM,16:20:00,Hot-Wet
16.11786804,-19.31549886,LA5,2009-01-07,04:40:00 PM,16:40:00,Hot-Wet
16.11757507,-19.31802368,LA5,2009-01-07,05:00:00 PM,17:00:00,Hot-Wet
16.1175588,-19.31802165,LA5,2009-01-07,05:20:00 PM,17:20:00,Hot-Wet
16.11839701,-19.31921183,LA5,2009-01-07,05:40:00 PM,17:40:00,Hot-Wet
16.11891683,-19.31893311,LA5,2009-01-07,06:00:00 PM,18:00:00,Hot-Wet
16.11899211,-19.31826579,LA5,2009-01-07,06:20:00 PM,18:20:00,Hot-Wet
16.11867676,-19.31858724,LA5,2009-01-07,06:40:00 PM,18:40:00,Hot-Wet
16.11872864,-19.31858114,LA5,2009-01-07,07:00:00 PM,19:00:00,Hot-Wet
16.12007548,-19.31947632,LA5,2009-01-07,07:20:00 PM,19:20:00,Hot-Wet
16.11988322,-19.32142537,LA5,2009-01-07,07:40:00 PM,19:40:00,Hot-Wet
16.1194397,-19.32103475,LA5,2009-01-07,08:00:00 PM,20:00:00,Hot-Wet
16.11685791,-19.32117106,LA5,2009-01-07,08:20:00 PM,20:20:00,Hot-Wet
16.11514893,-19.32167358,LA5,2009-01-07,08:40:00 PM,20:40:00,Hot-Wet
16.11322835,-19.32295736,LA5,2009-01-07,09:00:00 PM,21:00:00,Hot-Wet
16.11197917,-19.32269287,LA5,2009-01-07,09:20:00 PM,21:20:00,Hot-Wet
16.10890605,-19.32225749,LA5,2009-01-07,09:40:00 PM,21:40:00,Hot-Wet
16.10698751,-19.32198486,LA5,2009-01-07,10:00:00 PM,22:00:00,Hot-Wet
16.10586039,-19.32123006,LA5,2009-01-07,10:20:00 PM,22:20:00,Hot-Wet
16.10531616,-19.32069702,LA5,2009-01-07,10:40:00 PM,22:40:00,Hot-Wet
16.10462545,-19.32040202,LA5,2009-01-07,11:00:00 PM,23:00:00,Hot-Wet
16.10410665,-19.32030436,LA5,2009-01-07,11:20:00 PM,23:20:00,Hot-Wet
16.10207418,-19.32072347,LA5,2009-01-07,11:40:00 PM,23:40:00,Hot-Wet
16.09896139,-19.31937663,LA5,2009-01-08,12:00:00 AM,00:00:00,Hot-Wet
16.09634603,-19.31860148,LA5,2009-01-08,12:20:00 AM,00:20:00,Hot-Wet
16.09444784,-19.31931356,LA5,2009-01-08,12:40:00 AM,00:40:00,Hot-Wet
16.09031372,-19.32018433,LA5,2009-01-08,01:00:00 AM,01:00:00,Hot-Wet
16.08839315,-19.31961263,LA5,2009-01-08,01:20:00 AM,01:20:00,Hot-Wet
16.0883728,-19.3196106,LA5,2009-01-08,01:40:00 AM,01:40:00,Hot-Wet
16.08835958,-19.31962891,LA5,2009-01-08,02:00:00 AM,02:00:00,Hot-Wet
16.08772888,-19.31975911,LA5,2009-01-08,02:20:00 AM,02:20:00,Hot-Wet
16.08771769,-19.31975505,LA5,2009-01-08,02:40:00 AM,02:40:00,Hot-Wet
16.087736,-19.31977743,LA5,2009-01-08,03:00:00 AM,03:00:00,Hot-Wet
16.0852773,-19.32075806,LA5,2009-01-08,03:20:00 AM,03:20:00,Hot-Wet
16.08346456,-19.32074788,LA5,2009-01-08,03:40:00 AM,03:40:00,Hot-Wet
16.0822703,-19.31957601,LA5,2009-01-08,04:00:00 AM,04:00:00,Hot-Wet
16.0801005,-19.3173116,LA5,2009-01-08,04:20:00 AM,04:20:00,Hot-Wet
16.07765605,-19.31506348,LA5,2009-01-08,04:40:00 AM,04:40:00,Hot-Wet
16.07582194,-19.30759888,LA5,2009-01-08,05:00:00 AM,05:00:00,Hot-Wet
16.07379456,-19.30157674,LA5,2009-01-08,05:20:00 AM,05:20:00,Hot-Wet
16.07205607,-19.29581095,LA5,2009-01-08,05:40:00 AM,05:40:00,Hot-Wet
16.07196655,-19.29561971,LA5,2009-01-08,06:00:00 AM,06:00:00,Hot-Wet
16.07113342,-19.29536133,LA5,2009-01-08,06:20:00 AM,06:20:00,Hot-Wet
16.07066549,-19.29535116,LA5,2009-01-08,06:40:00 AM,06:40:00,Hot-Wet
16.07065735,-19.29534912,LA5,2009-01-08,07:00:00 AM,07:00:00,Hot-Wet
16.07109985,-19.2956075,LA5,2009-01-08,07:20:00 AM,07:20:00,Hot-Wet
16.07258301,-19.29523926,LA5,2009-01-08,07:40:00 AM,07:40:00,Hot-Wet
16.07262878,-19.29343262,LA5,2009-01-08,08:00:00 AM,08:00:00,Hot-Wet
16.0726359,-19.29343872,LA5,2009-01-08,08:20:00 AM,08:20:00,Hot-Wet
16.07263387,-19.29342041,LA5,2009-01-08,08:40:00 AM,08:40:00,Hot-Wet
16.07263184,-19.29342244,LA5,2009-01-08,09:00:00 AM,09:00:00,Hot-Wet
16.07266642,-19.29345907,LA5,2009-01-08,09:20:00 AM,09:20:00,Hot-Wet
16.07295329,-19.29270426,LA5,2009-01-08,09:40:00 AM,09:40:00,Hot-Wet
16.07346497,-19.29336548,LA5,2009-01-08,10:00:00 AM,10:00:00,Hot-Wet
16.07266846,-19.29344279,LA5,2009-01-08,10:20:00 AM,10:20:00,Hot-Wet
16.07268473,-19.29343669,LA5,2009-01-08,10:40:00 AM,10:40:00,Hot-Wet
16.07261861,-19.29342651,LA5,2009-01-08,11:00:00 AM,11:00:00,Hot-Wet
16.07260234,-19.29342651,LA5,2009-01-08,11:20:00 AM,11:20:00,Hot-Wet
16.07259521,-19.29343058,LA5,2009-01-08,11:40:00 AM,11:40:00,Hot-Wet
16.07262777,-19.29342041,LA5,2009-01-08,12:00:00 PM,12:00:00,Hot-Wet
16.07262675,-19.29342244,LA5,2009-01-08,12:20:00 PM,12:20:00,Hot-Wet
16.07264506,-19.29342855,LA5,2009-01-08,12:40:00 PM,12:40:00,Hot-Wet
16.0732137,-19.29342448,LA5,2009-01-08,01:00:00 PM,13:00:00,Hot-Wet
16.07435201,-19.29298096,LA5,2009-01-08,01:20:00 PM,13:20:00,Hot-Wet
16.07926127,-19.29522095,LA5,2009-01-08,01:40:00 PM,13:40:00,Hot-Wet
16.08080037,-19.2968811,LA5,2009-01-08,02:00:00 PM,14:00:00,Hot-Wet
16.08300781,-19.30010173,LA5,2009-01-08,02:20:00 PM,14:20:00,Hot-Wet
16.08499349,-19.30140177,LA5,2009-01-08,02:40:00 PM,14:40:00,Hot-Wet
16.08763123,-19.30320231,LA5,2009-01-08,03:00:00 PM,15:00:00,Hot-Wet
16.09482524,-19.30676066,LA5,2009-01-08,03:20:00 PM,15:20:00,Hot-Wet
16.09947408,-19.31010539,LA5,2009-01-08,03:40:00 PM,15:40:00,Hot-Wet
16.09947408,-19.31010946,LA5,2009-01-08,04:00:00 PM,16:00:00,Hot-Wet
16.10569153,-19.31104126,LA5,2009-01-08,04:20:00 PM,16:20:00,Hot-Wet
16.10570068,-19.31104736,LA5,2009-01-08,04:40:00 PM,16:40:00,Hot-Wet
16.11153971,-19.31201782,LA5,2009-01-08,05:00:00 PM,17:00:00,Hot-Wet
16.11646118,-19.3147583,LA5,2009-01-08,05:20:00 PM,17:20:00,Hot-Wet
16.11533,-19.31871541,LA5,2009-01-08,05:40:00 PM,17:40:00,Hot-Wet
16.11361898,-19.32001343,LA5,2009-01-08,06:00:00 PM,18:00:00,Hot-Wet
16.11168823,-19.3211263,LA5,2009-01-08,06:20:00 PM,18:20:00,Hot-Wet
16.10999044,-19.32087606,LA5,2009-01-08,06:40:00 PM,18:40:00,Hot-Wet
16.10874837,-19.32024943,LA5,2009-01-08,07:00:00 PM,19:00:00,Hot-Wet
16.106663,-19.32055664,LA5,2009-01-08,07:20:00 PM,19:20:00,Hot-Wet
16.10598857,-19.32000326,LA5,2009-01-08,07:40:00 PM,19:40:00,Hot-Wet
16.10583801,-19.31976929,LA5,2009-01-08,08:00:00 PM,20:00:00,Hot-Wet
16.10511068,-19.31875,LA5,2009-01-08,08:20:00 PM,20:20:00,Hot-Wet
16.10311381,-19.32120361,LA5,2009-01-08,08:40:00 PM,20:40:00,Hot-Wet
16.09914958,-19.3215271,LA5,2009-01-08,09:00:00 PM,21:00:00,Hot-Wet
16.09752909,-19.31939087,LA5,2009-01-08,09:20:00 PM,21:20:00,Hot-Wet
16.09683431,-19.31743571,LA5,2009-01-08,09:40:00 PM,21:40:00,Hot-Wet
16.09821676,-19.31733602,LA5,2009-01-08,10:00:00 PM,22:00:00,Hot-Wet
16.09737549,-19.31397909,LA5,2009-01-08,10:20:00 PM,22:20:00,Hot-Wet
16.09677226,-19.31196696,LA5,2009-01-08,10:40:00 PM,22:40:00,Hot-Wet
16.09655965,-19.31086019,LA5,2009-01-08,11:00:00 PM,23:00:00,Hot-Wet
16.09500732,-19.30969238,LA5,2009-01-08,11:20:00 PM,23:20:00,Hot-Wet
16.09397786,-19.30875854,LA5,2009-01-08,11:40:00 PM,23:40:00,Hot-Wet
16.09391581,-19.30849813,LA5,2009-01-09,12:00:00 AM,00:00:00,Hot-Wet
16.09369202,-19.30855509,LA5,2009-01-09,12:20:00 AM,00:20:00,Hot-Wet
16.09316711,-19.30820109,LA5,2009-01-09,12:40:00 AM,00:40:00,Hot-Wet
16.09317424,-19.30819499,LA5,2009-01-09,01:00:00 AM,01:00:00,Hot-Wet
16.09334005,-19.30545858,LA5,2009-01-09,01:20:00 AM,01:20:00,Hot-Wet
16.09333394,-19.30545858,LA5,2009-01-09,01:40:00 AM,01:40:00,Hot-Wet
16.09336344,-19.30546265,LA5,2009-01-09,02:00:00 AM,02:00:00,Hot-Wet
16.09335632,-19.30546061,LA5,2009-01-09,02:20:00 AM,02:20:00,Hot-Wet
16.09349874,-19.30457764,LA5,2009-01-09,02:40:00 AM,02:40:00,Hot-Wet
16.09350586,-19.30455729,LA5,2009-01-09,03:00:00 AM,03:00:00,Hot-Wet
16.09343974,-19.30461426,LA5,2009-01-09,03:20:00 AM,03:20:00,Hot-Wet
16.09343567,-19.30462646,LA5,2009-01-09,03:40:00 AM,03:40:00,Hot-Wet
16.09342753,-19.3045756,LA5,2009-01-09,04:00:00 AM,04:00:00,Hot-Wet
16.0934377,-19.30458171,LA5,2009-01-09,04:20:00 AM,04:20:00,Hot-Wet
16.0934611,-19.30335897,LA5,2009-01-09,04:40:00 AM,04:40:00,Hot-Wet
16.09526265,-19.30067342,LA5,2009-01-09,05:00:00 AM,05:00:00,Hot-Wet
16.09823303,-19.30097453,LA5,2009-01-09,05:20:00 AM,05:20:00,Hot-Wet
16.09971415,-19.29863078,LA5,2009-01-09,05:40:00 AM,05:40:00,Hot-Wet
16.09971008,-19.29862874,LA5,2009-01-09,06:00:00 AM,06:00:00,Hot-Wet
16.09974365,-19.29861654,LA5,2009-01-09,06:20:00 AM,06:20:00,Hot-Wet
16.10208435,-19.29945679,LA5,2009-01-09,06:40:00 AM,06:40:00,Hot-Wet
16.10345154,-19.29674683,LA5,2009-01-09,07:00:00 AM,07:00:00,Hot-Wet
16.1027181,-19.29765218,LA5,2009-01-09,07:20:00 AM,07:20:00,Hot-Wet
16.10271606,-19.29765422,LA5,2009-01-09,07:40:00 AM,07:40:00,Hot-Wet
16.10817769,-19.2958313,LA5,2009-01-09,08:00:00 AM,08:00:00,Hot-Wet
16.10798848,-19.29537354,LA5,2009-01-09,08:20:00 AM,08:20:00,Hot-Wet
16.11106262,-19.29774577,LA5,2009-01-09,08:40:00 AM,08:40:00,Hot-Wet
16.11106669,-19.29773763,LA5,2009-01-09,09:00:00 AM,09:00:00,Hot-Wet
16.11569621,-19.30614421,LA5,2009-01-09,09:20:00 AM,09:20:00,Hot-Wet
16.11569417,-19.3061381,LA5,2009-01-09,09:40:00 AM,09:40:00,Hot-Wet
16.11896362,-19.3130249,LA5,2009-01-09,10:00:00 AM,10:00:00,Hot-Wet
16.12182007,-19.31007284,LA5,2009-01-09,10:20:00 AM,10:20:00,Hot-Wet
16.12262166,-19.30722656,LA5,2009-01-09,10:40:00 AM,10:40:00,Hot-Wet
16.12346191,-19.30707601,LA5,2009-01-09,11:00:00 AM,11:00:00,Hot-Wet
16.12348124,-19.30707194,LA5,2009-01-09,11:20:00 AM,11:20:00,Hot-Wet
16.12347209,-19.3070638,LA5,2009-01-09,11:40:00 AM,11:40:00,Hot-Wet
16.12234294,-19.30938721,LA5,2009-01-09,12:00:00 PM,12:00:00,Hot-Wet
16.11807963,-19.31414795,LA5,2009-01-09,12:20:00 PM,12:20:00,Hot-Wet
16.11407166,-19.31003418,LA5,2009-01-09,12:40:00 PM,12:40:00,Hot-Wet
16.10892334,-19.30811157,LA5,2009-01-09,01:00:00 PM,13:00:00,Hot-Wet
16.10358582,-19.30583089,LA5,2009-01-09,01:20:00 PM,13:20:00,Hot-Wet
16.10108134,-19.30380656,LA5,2009-01-09,01:40:00 PM,13:40:00,Hot-Wet
16.10108643,-19.30380249,LA5,2009-01-09,02:00:00 PM,14:00:00,Hot-Wet
16.10056356,-19.30012817,LA5,2009-01-09,02:20:00 PM,14:20:00,Hot-Wet
16.10057475,-19.30013631,LA5,2009-01-09,02:40:00 PM,14:40:00,Hot-Wet
16.09931539,-19.2898702,LA5,2009-01-09,03:00:00 PM,15:00:00,Hot-Wet
16.09910889,-19.28366089,LA5,2009-01-09,03:20:00 PM,15:20:00,Hot-Wet
16.09556885,-19.27994995,LA5,2009-01-09,03:40:00 PM,15:40:00,Hot-Wet
16.09556173,-19.27995605,LA5,2009-01-09,04:00:00 PM,16:00:00,Hot-Wet
16.09640096,-19.27837931,LA5,2009-01-09,04:20:00 PM,16:20:00,Hot-Wet
16.0941803,-19.27812093,LA5,2009-01-09,04:40:00 PM,16:40:00,Hot-Wet
16.0941569,-19.27559001,LA5,2009-01-09,05:00:00 PM,17:00:00,Hot-Wet
16.09413859,-19.27473755,LA5,2009-01-09,05:20:00 PM,17:20:00,Hot-Wet
16.09206441,-19.27636515,LA5,2009-01-09,05:40:00 PM,17:40:00,Hot-Wet
16.09017334,-19.278302,LA5,2009-01-09,06:00:00 PM,18:00:00,Hot-Wet
16.08590495,-19.27790527,LA5,2009-01-09,06:20:00 PM,18:20:00,Hot-Wet
16.08567403,-19.27787069,LA5,2009-01-09,06:40:00 PM,18:40:00,Hot-Wet
16.08562012,-19.27748413,LA5,2009-01-09,07:00:00 PM,19:00:00,Hot-Wet
16.08561808,-19.2774821,LA5,2009-01-09,07:20:00 PM,19:20:00,Hot-Wet
16.08554484,-19.27757161,LA5,2009-01-09,07:40:00 PM,19:40:00,Hot-Wet
16.08495382,-19.27710571,LA5,2009-01-09,08:00:00 PM,20:00:00,Hot-Wet
16.08442485,-19.27808431,LA5,2009-01-09,08:20:00 PM,20:20:00,Hot-Wet
16.08442383,-19.27810059,LA5,2009-01-09,08:40:00 PM,20:40:00,Hot-Wet
16.08446757,-19.27918091,LA5,2009-01-09,09:00:00 PM,21:00:00,Hot-Wet
16.08447876,-19.27914836,LA5,2009-01-09,09:20:00 PM,21:20:00,Hot-Wet
16.0845815,-19.27846883,LA5,2009-01-09,09:40:00 PM,21:40:00,Hot-Wet
16.08431702,-19.27805379,LA5,2009-01-09,10:00:00 PM,22:00:00,Hot-Wet
16.08431498,-19.27804972,LA5,2009-01-09,10:20:00 PM,22:20:00,Hot-Wet
16.08432719,-19.27807414,LA5,2009-01-09,10:40:00 PM,22:40:00,Hot-Wet
16.08430074,-19.27808228,LA5,2009-01-09,11:00:00 PM,23:00:00,Hot-Wet
16.08430583,-19.27810669,LA5,2009-01-09,11:20:00 PM,23:20:00,Hot-Wet
16.08447469,-19.2791626,LA5,2009-01-09,11:40:00 PM,23:40:00,Hot-Wet
16.08447266,-19.2791687,LA5,2009-01-10,12:00:00 AM,00:00:00,Hot-Wet
16.08508606,-19.27861938,LA5,2009-01-10,12:20:00 AM,00:20:00,Hot-Wet
16.08482056,-19.27851766,LA5,2009-01-10,12:40:00 AM,00:40:00,Hot-Wet
16.08481038,-19.27842,LA5,2009-01-10,01:00:00 AM,01:00:00,Hot-Wet
16.0847819,-19.27840373,LA5,2009-01-10,01:20:00 AM,01:20:00,Hot-Wet
16.08478088,-19.27840576,LA5,2009-01-10,01:40:00 AM,01:40:00,Hot-Wet
16.08480326,-19.27843221,LA5,2009-01-10,02:00:00 AM,02:00:00,Hot-Wet
16.08481954,-19.27843424,LA5,2009-01-10,02:20:00 AM,02:20:00,Hot-Wet
16.08476461,-19.27826945,LA5,2009-01-10,02:40:00 AM,02:40:00,Hot-Wet
16.08476664,-19.27826742,LA5,2009-01-10,03:00:00 AM,03:00:00,Hot-Wet
16.08476868,-19.27829386,LA5,2009-01-10,03:20:00 AM,03:20:00,Hot-Wet
16.08476766,-19.2782959,LA5,2009-01-10,03:40:00 AM,03:40:00,Hot-Wet
16.08478495,-19.27829793,LA5,2009-01-10,04:00:00 AM,04:00:00,Hot-Wet
16.08478902,-19.27829386,LA5,2009-01-10,04:20:00 AM,04:20:00,Hot-Wet
16.08623047,-19.27805583,LA5,2009-01-10,04:40:00 AM,04:40:00,Hot-Wet
16.08747559,-19.27843628,LA5,2009-01-10,05:00:00 AM,05:00:00,Hot-Wet
16.09067891,-19.28283488,LA5,2009-01-10,05:20:00 AM,05:20:00,Hot-Wet
16.09392192,-19.28337809,LA5,2009-01-10,05:40:00 AM,05:40:00,Hot-Wet
16.09418945,-19.2839742,LA5,2009-01-10,06:00:00 AM,06:00:00,Hot-Wet
16.09450684,-19.28283488,LA5,2009-01-10,06:20:00 AM,06:20:00,Hot-Wet
16.09813232,-19.2844991,LA5,2009-01-10,06:40:00 AM,06:40:00,Hot-Wet
16.10033162,-19.28781535,LA5,2009-01-10,07:00:00 AM,07:00:00,Hot-Wet
16.10226339,-19.28982544,LA5,2009-01-10,07:20:00 AM,07:20:00,Hot-Wet
16.10589193,-19.29570109,LA5,2009-01-10,07:40:00 AM,07:40:00,Hot-Wet
16.11446838,-19.30510254,LA5,2009-01-10,08:00:00 AM,08:00:00,Hot-Wet
16.11447449,-19.30511475,LA5,2009-01-10,08:20:00 AM,08:20:00,Hot-Wet
16.11922506,-19.31322835,LA5,2009-01-10,08:40:00 AM,08:40:00,Hot-Wet
16.11780904,-19.31195679,LA5,2009-01-10,09:00:00 AM,09:00:00,Hot-Wet
16.11684977,-19.30807495,LA5,2009-01-10,09:20:00 AM,09:20:00,Hot-Wet
16.11561991,-19.30745443,LA5,2009-01-10,09:40:00 AM,09:40:00,Hot-Wet
16.11536662,-19.30276693,LA5,2009-01-10,10:00:00 AM,10:00:00,Hot-Wet
16.1153595,-19.302771,LA5,2009-01-10,10:20:00 AM,10:20:00,Hot-Wet
16.11665039,-19.29879761,LA5,2009-01-10,10:40:00 AM,10:40:00,Hot-Wet
16.12444458,-19.29295654,LA5,2009-01-10,11:00:00 AM,11:00:00,Hot-Wet
16.12444865,-19.29295451,LA5,2009-01-10,11:20:00 AM,11:20:00,Hot-Wet
16.12808329,-19.29122721,LA5,2009-01-10,11:40:00 AM,11:40:00,Hot-Wet
16.13109945,-19.2886617,LA5,2009-01-10,12:00:00 PM,12:00:00,Hot-Wet
16.13227641,-19.2888916,LA5,2009-01-10,12:20:00 PM,12:20:00,Hot-Wet
16.13228455,-19.28889567,LA5,2009-01-10,12:40:00 PM,12:40:00,Hot-Wet
16.13228455,-19.28890788,LA5,2009-01-10,01:00:00 PM,13:00:00,Hot-Wet
16.13228963,-19.28889771,LA5,2009-01-10,01:20:00 PM,13:20:00,Hot-Wet
16.13228251,-19.28888957,LA5,2009-01-10,01:40:00 PM,13:40:00,Hot-Wet
16.13229065,-19.28889364,LA5,2009-01-10,02:00:00 PM,14:00:00,Hot-Wet
16.13319499,-19.28899536,LA5,2009-01-10,02:20:00 PM,14:20:00,Hot-Wet
16.13498739,-19.28952637,LA5,2009-01-10,02:40:00 PM,14:40:00,Hot-Wet
16.13691305,-19.29180094,LA5,2009-01-10,03:00:00 PM,15:00:00,Hot-Wet
16.13994039,-19.29241943,LA5,2009-01-10,03:20:00 PM,15:20:00,Hot-Wet
16.14066976,-19.29503784,LA5,2009-01-10,03:40:00 PM,15:40:00,Hot-Wet
16.13975728,-19.29541219,LA5,2009-01-10,04:00:00 PM,16:00:00,Hot-Wet
16.13353475,-19.29939575,LA5,2009-01-10,04:20:00 PM,16:20:00,Hot-Wet
16.12945455,-19.30525106,LA5,2009-01-10,04:40:00 PM,16:40:00,Hot-Wet
16.12914124,-19.30797526,LA5,2009-01-10,05:00:00 PM,17:00:00,Hot-Wet
16.12915141,-19.30797323,LA5,2009-01-10,05:20:00 PM,17:20:00,Hot-Wet
16.1264384,-19.31360067,LA5,2009-01-10,05:40:00 PM,17:40:00,Hot-Wet
16.11957092,-19.31370443,LA5,2009-01-10,06:00:00 PM,18:00:00,Hot-Wet
16.11693319,-19.31007487,LA5,2009-01-10,06:20:00 PM,18:20:00,Hot-Wet
16.11359863,-19.30678914,LA5,2009-01-10,06:40:00 PM,18:40:00,Hot-Wet
16.10749817,-19.30378418,LA5,2009-01-10,07:00:00 PM,19:00:00,Hot-Wet
16.10216777,-19.30010579,LA5,2009-01-10,07:20:00 PM,19:20:00,Hot-Wet
16.10045369,-19.29383952,LA5,2009-01-10,07:40:00 PM,19:40:00,Hot-Wet
16.09864807,-19.28789673,LA5,2009-01-10,08:00:00 PM,20:00:00,Hot-Wet
16.09807638,-19.28618164,LA5,2009-01-10,08:20:00 PM,20:20:00,Hot-Wet
16.09779561,-19.28282878,LA5,2009-01-10,08:40:00 PM,20:40:00,Hot-Wet
16.09778849,-19.28112996,LA5,2009-01-10,09:00:00 PM,21:00:00,Hot-Wet
16.09734701,-19.27926229,LA5,2009-01-10,09:20:00 PM,21:20:00,Hot-Wet
16.0967631,-19.27907104,LA5,2009-01-10,09:40:00 PM,21:40:00,Hot-Wet
16.09663188,-19.27833455,LA5,2009-01-10,10:00:00 PM,22:00:00,Hot-Wet
16.09663086,-19.27832845,LA5,2009-01-10,10:20:00 PM,22:20:00,Hot-Wet
16.09732361,-19.27737223,LA5,2009-01-10,10:40:00 PM,22:40:00,Hot-Wet
16.09733073,-19.27708537,LA5,2009-01-10,11:00:00 PM,23:00:00,Hot-Wet
16.09747518,-19.27691854,LA5,2009-01-10,11:20:00 PM,23:20:00,Hot-Wet
16.09804993,-19.27382406,LA5,2009-01-10,11:40:00 PM,23:40:00,Hot-Wet
16.0978892,-19.27311605,LA5,2009-01-11,12:00:00 AM,00:00:00,Hot-Wet
16.0978892,-19.27313232,LA5,2009-01-11,12:20:00 AM,00:20:00,Hot-Wet
16.09964905,-19.27244873,LA5,2009-01-11,12:40:00 AM,00:40:00,Hot-Wet
16.0997701,-19.27264404,LA5,2009-01-11,01:00:00 AM,01:00:00,Hot-Wet
16.09977519,-19.27264404,LA5,2009-01-11,01:20:00 AM,01:20:00,Hot-Wet
16.09986369,-19.27282918,LA5,2009-01-11,01:40:00 AM,01:40:00,Hot-Wet
16.10084432,-19.27321981,LA5,2009-01-11,02:00:00 AM,02:00:00,Hot-Wet
16.10084432,-19.2732137,LA5,2009-01-11,02:20:00 AM,02:20:00,Hot-Wet
16.10085551,-19.27321574,LA5,2009-01-11,02:40:00 AM,02:40:00,Hot-Wet
16.10089111,-19.27298991,LA5,2009-01-11,03:00:00 AM,03:00:00,Hot-Wet
16.10087585,-19.27299398,LA5,2009-01-11,03:20:00 AM,03:20:00,Hot-Wet
16.10088501,-19.2729777,LA5,2009-01-11,03:40:00 AM,03:40:00,Hot-Wet
16.10087077,-19.2729777,LA5,2009-01-11,04:00:00 AM,04:00:00,Hot-Wet
16.10057373,-19.27277425,LA5,2009-01-11,04:20:00 AM,04:20:00,Hot-Wet
16.10067851,-19.27272949,LA5,2009-01-11,04:40:00 AM,04:40:00,Hot-Wet
16.10068665,-19.27273153,LA5,2009-01-11,05:00:00 AM,05:00:00,Hot-Wet
16.09850362,-19.27424927,LA5,2009-01-11,05:20:00 AM,05:20:00,Hot-Wet
16.09780579,-19.27275798,LA5,2009-01-11,05:40:00 AM,05:40:00,Hot-Wet
16.09781494,-19.27274984,LA5,2009-01-11,06:00:00 AM,06:00:00,Hot-Wet
16.09873149,-19.27308553,LA5,2009-01-11,06:20:00 AM,06:20:00,Hot-Wet
16.09947408,-19.27399495,LA5,2009-01-11,06:40:00 AM,06:40:00,Hot-Wet
16.10098267,-19.27468262,LA5,2009-01-11,07:00:00 AM,07:00:00,Hot-Wet
16.10204061,-19.27461751,LA5,2009-01-11,07:20:00 AM,07:20:00,Hot-Wet
16.10269775,-19.27414551,LA5,2009-01-11,07:40:00 AM,07:40:00,Hot-Wet
16.10596313,-19.27744954,LA5,2009-01-11,08:00:00 AM,08:00:00,Hot-Wet
16.1052592,-19.27891235,LA5,2009-01-11,08:20:00 AM,08:20:00,Hot-Wet
16.10525411,-19.27890828,LA5,2009-01-11,08:40:00 AM,08:40:00,Hot-Wet
16.10470276,-19.28597209,LA5,2009-01-11,09:00:00 AM,09:00:00,Hot-Wet
16.10516256,-19.28960571,LA5,2009-01-11,09:20:00 AM,09:20:00,Hot-Wet
16.10515645,-19.28960978,LA5,2009-01-11,09:40:00 AM,09:40:00,Hot-Wet
16.10517069,-19.28961182,LA5,2009-01-11,10:00:00 AM,10:00:00,Hot-Wet
16.10516866,-19.28959554,LA5,2009-01-11,10:20:00 AM,10:20:00,Hot-Wet
16.10519002,-19.2895813,LA5,2009-01-11,10:40:00 AM,10:40:00,Hot-Wet
16.10529378,-19.28979085,LA5,2009-01-11,11:00:00 AM,11:00:00,Hot-Wet
16.10529378,-19.28978068,LA5,2009-01-11,11:20:00 AM,11:20:00,Hot-Wet
16.10552165,-19.28970337,LA5,2009-01-11,11:40:00 AM,11:40:00,Hot-Wet
16.10552063,-19.2896993,LA5,2009-01-11,12:00:00 PM,12:00:00,Hot-Wet
16.10549113,-19.28964844,LA5,2009-01-11,12:20:00 PM,12:20:00,Hot-Wet
16.1055013,-19.28966471,LA5,2009-01-11,12:40:00 PM,12:40:00,Hot-Wet
16.1055186,-19.28971354,LA5,2009-01-11,01:00:00 PM,13:00:00,Hot-Wet
16.10554403,-19.28968099,LA5,2009-01-11,01:20:00 PM,13:20:00,Hot-Wet
16.10519816,-19.29080404,LA5,2009-01-11,01:40:00 PM,13:40:00,Hot-Wet
16.10521545,-19.29073079,LA5,2009-01-11,02:00:00 PM,14:00:00,Hot-Wet
16.10668233,-19.29396973,LA5,2009-01-11,02:20:00 PM,14:20:00,Hot-Wet
16.10757039,-19.29721883,LA5,2009-01-11,02:40:00 PM,14:40:00,Hot-Wet
16.11228333,-19.30082194,LA5,2009-01-11,03:00:00 PM,15:00:00,Hot-Wet
16.11451213,-19.30508016,LA5,2009-01-11,03:20:00 PM,15:20:00,Hot-Wet
16.11721395,-19.30852661,LA5,2009-01-11,03:40:00 PM,15:40:00,Hot-Wet
16.1181427,-19.31262207,LA5,2009-01-11,04:00:00 PM,16:00:00,Hot-Wet
16.11796061,-19.30896606,LA5,2009-01-11,04:20:00 PM,16:20:00,Hot-Wet
16.11796265,-19.3089681,LA5,2009-01-11,04:40:00 PM,16:40:00,Hot-Wet
16.11743673,-19.29961141,LA5,2009-01-11,05:00:00 PM,17:00:00,Hot-Wet
16.11101278,-19.29228516,LA5,2009-01-11,05:20:00 PM,17:20:00,Hot-Wet
16.10359904,-19.28727824,LA5,2009-01-11,05:40:00 PM,17:40:00,Hot-Wet
16.09981283,-19.28091024,LA5,2009-01-11,06:00:00 PM,18:00:00,Hot-Wet
16.09980774,-19.28092041,LA5,2009-01-11,06:20:00 PM,18:20:00,Hot-Wet
16.1001475,-19.27879028,LA5,2009-01-11,06:40:00 PM,18:40:00,Hot-Wet
16.0979126,-19.27572021,LA5,2009-01-11,07:00:00 PM,19:00:00,Hot-Wet
16.09603475,-19.27435913,LA5,2009-01-11,07:20:00 PM,19:20:00,Hot-Wet
16.09303996,-19.27270915,LA5,2009-01-11,07:40:00 PM,19:40:00,Hot-Wet
16.09073486,-19.2744283,LA5,2009-01-11,08:00:00 PM,20:00:00,Hot-Wet
16.08443095,-19.27753296,LA5,2009-01-11,08:20:00 PM,20:20:00,Hot-Wet
16.08379822,-19.27744548,LA5,2009-01-11,08:40:00 PM,20:40:00,Hot-Wet
16.08270264,-19.27753906,LA5,2009-01-11,09:00:00 PM,21:00:00,Hot-Wet
16.08028463,-19.2777771,LA5,2009-01-11,09:20:00 PM,21:20:00,Hot-Wet
16.0785258,-19.27983805,LA5,2009-01-11,09:40:00 PM,21:40:00,Hot-Wet
16.07854004,-19.27985636,LA5,2009-01-11,10:00:00 PM,22:00:00,Hot-Wet
16.0787557,-19.28020426,LA5,2009-01-11,10:20:00 PM,22:20:00,Hot-Wet
16.07973022,-19.28071899,LA5,2009-01-11,10:40:00 PM,22:40:00,Hot-Wet
16.08124695,-19.28047689,LA5,2009-01-11,11:00:00 PM,23:00:00,Hot-Wet
16.08161112,-19.28046468,LA5,2009-01-11,11:20:00 PM,23:20:00,Hot-Wet
16.08251343,-19.28038127,LA5,2009-01-11,11:40:00 PM,23:40:00,Hot-Wet
16.08456217,-19.27966512,LA5,2009-01-12,12:00:00 AM,00:00:00,Hot-Wet
16.08464661,-19.2794576,LA5,2009-01-12,12:20:00 AM,00:20:00,Hot-Wet
16.08465373,-19.27851359,LA5,2009-01-12,12:40:00 AM,00:40:00,Hot-Wet
16.08457845,-19.27868042,LA5,2009-01-12,01:00:00 AM,01:00:00,Hot-Wet
16.08442891,-19.27869059,LA5,2009-01-12,01:20:00 AM,01:20:00,Hot-Wet
16.084434,-19.27868449,LA5,2009-01-12,01:40:00 AM,01:40:00,Hot-Wet
16.08441467,-19.27867839,LA5,2009-01-12,02:00:00 AM,02:00:00,Hot-Wet
16.08454895,-19.27835286,LA5,2009-01-12,02:20:00 AM,02:20:00,Hot-Wet
16.08479818,-19.27819214,LA5,2009-01-12,02:40:00 AM,02:40:00,Hot-Wet
16.08504232,-19.27792358,LA5,2009-01-12,03:00:00 AM,03:00:00,Hot-Wet
16.08506266,-19.27793376,LA5,2009-01-12,03:20:00 AM,03:20:00,Hot-Wet
16.08508809,-19.27785034,LA5,2009-01-12,03:40:00 AM,03:40:00,Hot-Wet
16.08508403,-19.27784017,LA5,2009-01-12,04:00:00 AM,04:00:00,Hot-Wet
16.08507182,-19.27784831,LA5,2009-01-12,04:20:00 AM,04:20:00,Hot-Wet
16.08577474,-19.27843221,LA5,2009-01-12,04:40:00 AM,04:40:00,Hot-Wet
16.08684692,-19.27984009,LA5,2009-01-12,05:00:00 AM,05:00:00,Hot-Wet
16.09245199,-19.28139445,LA5,2009-01-12,05:20:00 AM,05:20:00,Hot-Wet
16.09334208,-19.28080444,LA5,2009-01-12,05:40:00 AM,05:40:00,Hot-Wet
16.09657796,-19.28241374,LA5,2009-01-12,06:00:00 AM,06:00:00,Hot-Wet
16.09831746,-19.28383789,LA5,2009-01-12,06:20:00 AM,06:20:00,Hot-Wet
16.09832764,-19.28383993,LA5,2009-01-12,06:40:00 AM,06:40:00,Hot-Wet
16.10047404,-19.28486532,LA5,2009-01-12,07:00:00 AM,07:00:00,Hot-Wet
16.1011556,-19.28779093,LA5,2009-01-12,07:20:00 AM,07:20:00,Hot-Wet
16.10135396,-19.28816935,LA5,2009-01-12,07:40:00 AM,07:40:00,Hot-Wet
16.10417175,-19.29090373,LA5,2009-01-12,08:00:00 AM,08:00:00,Hot-Wet
16.10649719,-19.29454753,LA5,2009-01-12,08:20:00 AM,08:20:00,Hot-Wet
16.11105245,-19.29937541,LA5,2009-01-12,08:40:00 AM,08:40:00,Hot-Wet
16.1138682,-19.30326335,LA5,2009-01-12,09:00:00 AM,09:00:00,Hot-Wet
16.11637472,-19.30641276,LA5,2009-01-12,09:20:00 AM,09:20:00,Hot-Wet
16.11629639,-19.30633138,LA5,2009-01-12,09:40:00 AM,09:40:00,Hot-Wet
16.1163269,-19.30633952,LA5,2009-01-12,10:00:00 AM,10:00:00,Hot-Wet
16.11758525,-19.30918172,LA5,2009-01-12,10:20:00 AM,10:20:00,Hot-Wet
16.11915995,-19.31192017,LA5,2009-01-12,10:40:00 AM,10:40:00,Hot-Wet
16.12381999,-19.30825195,LA5,2009-01-12,11:00:00 AM,11:00:00,Hot-Wet
16.12596944,-19.30752157,LA5,2009-01-12,11:20:00 AM,11:20:00,Hot-Wet
16.12841187,-19.30644938,LA5,2009-01-12,11:40:00 AM,11:40:00,Hot-Wet
16.13126526,-19.30307821,LA5,2009-01-12,12:00:00 PM,12:00:00,Hot-Wet
16.13307699,-19.3048116,LA5,2009-01-12,12:20:00 PM,12:20:00,Hot-Wet
16.13238932,-19.30715739,LA5,2009-01-12,12:40:00 PM,12:40:00,Hot-Wet
16.13171183,-19.30734253,LA5,2009-01-12,01:00:00 PM,13:00:00,Hot-Wet
16.13311768,-19.30863241,LA5,2009-01-12,01:20:00 PM,13:20:00,Hot-Wet
16.13033549,-19.31155599,LA5,2009-01-12,01:40:00 PM,13:40:00,Hot-Wet
16.1243693,-19.31272583,LA5,2009-01-12,02:00:00 PM,14:00:00,Hot-Wet
16.11865336,-19.31231893,LA5,2009-01-12,02:20:00 PM,14:20:00,Hot-Wet
16.12179972,-19.30418905,LA5,2009-01-12,02:40:00 PM,14:40:00,Hot-Wet
16.1249054,-19.29628499,LA5,2009-01-12,03:00:00 PM,15:00:00,Hot-Wet
16.12962545,-19.28970133,LA5,2009-01-12,03:20:00 PM,15:20:00,Hot-Wet
16.13110046,-19.28837891,LA5,2009-01-12,03:40:00 PM,15:40:00,Hot-Wet
16.13108724,-19.28839315,LA5,2009-01-12,04:00:00 PM,16:00:00,Hot-Wet
16.13109334,-19.28840535,LA5,2009-01-12,04:20:00 PM,16:20:00,Hot-Wet
16.13314616,-19.28953044,LA5,2009-01-12,04:40:00 PM,16:40:00,Hot-Wet
16.13386027,-19.28817749,LA5,2009-01-12,05:00:00 PM,17:00:00,Hot-Wet
16.13400472,-19.28755086,LA5,2009-01-12,05:20:00 PM,17:20:00,Hot-Wet
16.13407593,-19.28625895,LA5,2009-01-12,05:40:00 PM,17:40:00,Hot-Wet
16.13369954,-19.28369548,LA5,2009-01-12,06:00:00 PM,18:00:00,Hot-Wet
16.13374939,-19.2835673,LA5,2009-01-12,06:20:00 PM,18:20:00,Hot-Wet
16.13290405,-19.27984212,LA5,2009-01-12,06:40:00 PM,18:40:00,Hot-Wet
16.13190715,-19.27793376,LA5,2009-01-12,07:00:00 PM,19:00:00,Hot-Wet
16.13048808,-19.2754008,LA5,2009-01-12,07:20:00 PM,19:20:00,Hot-Wet
16.12878927,-19.27367554,LA5,2009-01-12,07:40:00 PM,19:40:00,Hot-Wet
16.12724304,-19.27242228,LA5,2009-01-12,08:00:00 PM,20:00:00,Hot-Wet
16.12644653,-19.27171224,LA5,2009-01-12,08:20:00 PM,20:20:00,Hot-Wet
16.12594706,-19.27125448,LA5,2009-01-12,08:40:00 PM,20:40:00,Hot-Wet
16.12612,-19.27026164,LA5,2009-01-12,09:00:00 PM,21:00:00,Hot-Wet
16.1261261,-19.27025553,LA5,2009-01-12,09:20:00 PM,21:20:00,Hot-Wet
16.12616272,-19.27025553,LA5,2009-01-12,09:40:00 PM,21:40:00,Hot-Wet
16.12556458,-19.26975098,LA5,2009-01-12,10:00:00 PM,22:00:00,Hot-Wet
16.12347616,-19.26937052,LA5,2009-01-12,10:20:00 PM,22:20:00,Hot-Wet
16.12199605,-19.2687561,LA5,2009-01-12,10:40:00 PM,22:40:00,Hot-Wet
16.12069702,-19.26765137,LA5,2009-01-12,11:00:00 PM,23:00:00,Hot-Wet
16.12000936,-19.26727498,LA5,2009-01-12,11:20:00 PM,23:20:00,Hot-Wet
16.12058614,-19.26627401,LA5,2009-01-12,11:40:00 PM,23:40:00,Hot-Wet
16.12029419,-19.26509399,LA5,2009-01-13,12:00:48 AM,00:00:00,Hot-Wet
16.11983134,-19.26503092,LA5,2009-01-13,12:20:48 AM,00:20:00,Hot-Wet
16.11986186,-19.26500651,LA5,2009-01-13,12:40:48 AM,00:40:00,Hot-Wet
16.11983948,-19.26500448,LA5,2009-01-13,01:00:48 AM,01:00:00,Hot-Wet
16.11967977,-19.26500041,LA5,2009-01-13,01:20:48 AM,01:20:00,Hot-Wet
16.1178833,-19.2652242,LA5,2009-01-13,01:40:48 AM,01:40:00,Hot-Wet
16.11787109,-19.265212,LA5,2009-01-13,02:00:48 AM,02:00:00,Hot-Wet
16.11786601,-19.26518351,LA5,2009-01-13,02:20:48 AM,02:20:00,Hot-Wet
16.11789246,-19.26523234,LA5,2009-01-13,02:40:48 AM,02:40:00,Hot-Wet
16.11790365,-19.26520996,LA5,2009-01-13,03:00:48 AM,03:00:00,Hot-Wet
16.11778259,-19.26517131,LA5,2009-01-13,03:20:48 AM,03:20:00,Hot-Wet
16.11779683,-19.26520386,LA5,2009-01-13,03:40:48 AM,03:40:00,Hot-Wet
16.11776937,-19.26519775,LA5,2009-01-13,04:00:48 AM,04:00:00,Hot-Wet
16.11776937,-19.26520996,LA5,2009-01-13,04:20:48 AM,04:20:00,Hot-Wet
16.11893311,-19.26732178,LA5,2009-01-13,04:40:48 AM,04:40:00,Hot-Wet
16.11907654,-19.26815999,LA5,2009-01-13,05:00:48 AM,05:00:00,Hot-Wet
16.12066956,-19.26845703,LA5,2009-01-13,05:20:48 AM,05:20:00,Hot-Wet
16.12187093,-19.26960449,LA5,2009-01-13,05:40:48 AM,05:40:00,Hot-Wet
16.12259827,-19.26944173,LA5,2009-01-13,06:00:48 AM,06:00:00,Hot-Wet
16.12365011,-19.26983032,LA5,2009-01-13,06:20:48 AM,06:20:00,Hot-Wet
16.12361145,-19.27084554,LA5,2009-01-13,06:40:48 AM,06:40:00,Hot-Wet
16.12306213,-19.27175903,LA5,2009-01-13,07:00:48 AM,07:00:00,Hot-Wet
16.1226359,-19.27713623,LA5,2009-01-13,07:20:48 AM,07:20:00,Hot-Wet
16.12121785,-19.28200684,LA5,2009-01-13,07:40:48 AM,07:40:00,Hot-Wet
16.12184957,-19.28682454,LA5,2009-01-13,08:00:48 AM,08:00:00,Hot-Wet
16.12318522,-19.29218547,LA5,2009-01-13,08:20:48 AM,08:20:00,Hot-Wet
16.12245178,-19.29346924,LA5,2009-01-13,08:40:48 AM,08:40:00,Hot-Wet
16.12072652,-19.29702555,LA5,2009-01-13,09:00:48 AM,09:00:00,Hot-Wet
16.12243144,-19.30104574,LA5,2009-01-13,09:20:48 AM,09:20:00,Hot-Wet
16.1247406,-19.30761312,LA5,2009-01-13,09:40:48 AM,09:40:00,Hot-Wet
16.11917725,-19.31279704,LA5,2009-01-13,10:00:48 AM,10:00:00,Hot-Wet
16.11962382,-19.31310628,LA5,2009-01-13,10:20:48 AM,10:20:00,Hot-Wet
16.11862386,-19.30864868,LA5,2009-01-13,10:40:48 AM,10:40:00,Hot-Wet
16.11454264,-19.30058797,LA5,2009-01-13,11:00:48 AM,11:00:00,Hot-Wet
16.11148173,-19.29446208,LA5,2009-01-13,11:20:48 AM,11:20:00,Hot-Wet
16.10856832,-19.2878479,LA5,2009-01-13,11:40:48 AM,11:40:00,Hot-Wet
16.11001587,-19.28230591,LA5,2009-01-13,12:00:48 PM,12:00:00,Hot-Wet
16.11083069,-19.28029989,LA5,2009-01-13,12:20:48 PM,12:20:00,Hot-Wet
16.11054688,-19.27887573,LA5,2009-01-13,12:40:48 PM,12:40:00,Hot-Wet
16.11054688,-19.27887573,LA5,2009-01-13,01:00:48 PM,13:00:00,Hot-Wet
16.11054382,-19.27886759,LA5,2009-01-13,01:20:48 PM,13:20:00,Hot-Wet
16.11055603,-19.27886149,LA5,2009-01-13,01:40:48 PM,13:40:00,Hot-Wet
16.11075033,-19.27866618,LA5,2009-01-13,02:00:48 PM,14:00:00,Hot-Wet
16.11089783,-19.27920939,LA5,2009-01-13,02:20:48 PM,14:20:00,Hot-Wet
16.11086833,-19.2792216,LA5,2009-01-13,02:40:48 PM,14:40:00,Hot-Wet
16.11089478,-19.27923381,LA5,2009-01-13,03:00:48 PM,15:00:00,Hot-Wet
16.11089071,-19.27922363,LA5,2009-01-13,03:20:48 PM,15:20:00,Hot-Wet
16.11133016,-19.27992147,LA5,2009-01-13,03:40:48 PM,15:40:00,Hot-Wet
16.11107483,-19.28037923,LA5,2009-01-13,04:00:48 PM,16:00:00,Hot-Wet
16.11206868,-19.28068848,LA5,2009-01-13,04:20:48 PM,16:20:00,Hot-Wet
16.1161733,-19.28102417,LA5,2009-01-13,04:40:48 PM,16:40:00,Hot-Wet
16.11564535,-19.274823,LA5,2009-01-13,05:00:48 PM,17:00:00,Hot-Wet
16.1165741,-19.27433268,LA5,2009-01-13,05:20:48 PM,17:20:00,Hot-Wet
16.11703084,-19.27371216,LA5,2009-01-13,05:40:48 PM,17:40:00,Hot-Wet
16.11720683,-19.27309774,LA5,2009-01-13,06:00:48 PM,18:00:00,Hot-Wet
16.11884155,-19.27283732,LA5,2009-01-13,06:20:48 PM,18:20:00,Hot-Wet
16.11926473,-19.27238973,LA5,2009-01-13,06:40:48 PM,18:40:00,Hot-Wet
16.11922099,-19.27198079,LA5,2009-01-13,07:00:48 PM,19:00:00,Hot-Wet
16.1199707,-19.27137655,LA5,2009-01-13,07:20:48 PM,19:20:00,Hot-Wet
16.12000834,-19.27133993,LA5,2009-01-13,07:40:48 PM,19:40:00,Hot-Wet
16.12135213,-19.27082316,LA5,2009-01-13,08:00:48 PM,20:00:00,Hot-Wet
16.12079976,-19.27045085,LA5,2009-01-13,08:20:48 PM,20:20:00,Hot-Wet
16.11977132,-19.27004395,LA5,2009-01-13,08:40:48 PM,20:40:00,Hot-Wet
16.11875712,-19.27012329,LA5,2009-01-13,09:00:48 PM,21:00:00,Hot-Wet
16.11685181,-19.27071737,LA5,2009-01-13,09:20:48 PM,21:20:00,Hot-Wet
16.11651408,-19.27029622,LA5,2009-01-13,09:40:48 PM,21:40:00,Hot-Wet
16.11344503,-19.27039591,LA5,2009-01-13,10:00:48 PM,22:00:00,Hot-Wet
16.11219686,-19.27003377,LA5,2009-01-13,10:20:48 PM,22:20:00,Hot-Wet
16.11266378,-19.27016805,LA5,2009-01-13,10:40:48 PM,22:40:00,Hot-Wet
16.11246643,-19.27049764,LA5,2009-01-13,11:00:48 PM,23:00:00,Hot-Wet
16.11077169,-19.27180583,LA5,2009-01-13,11:20:48 PM,23:20:00,Hot-Wet
16.1073995,-19.27228597,LA5,2009-01-13,11:40:48 PM,23:40:00,Hot-Wet
16.10683085,-19.27232259,LA5,2009-01-14,12:00:48 AM,00:00:00,Hot-Wet
16.10683187,-19.27234294,LA5,2009-01-14,12:20:48 AM,00:20:00,Hot-Wet
16.10683695,-19.2723348,LA5,2009-01-14,12:40:48 AM,00:40:00,Hot-Wet
16.10681966,-19.27231445,LA5,2009-01-14,01:00:48 AM,01:00:00,Hot-Wet
16.10683695,-19.27232666,LA5,2009-01-14,01:20:48 AM,01:20:00,Hot-Wet
16.10665588,-19.27246094,LA5,2009-01-14,01:40:48 AM,01:40:00,Hot-Wet
16.10659281,-19.27246704,LA5,2009-01-14,02:00:48 AM,02:00:00,Hot-Wet
16.10660197,-19.27246297,LA5,2009-01-14,02:20:48 AM,02:20:00,Hot-Wet
16.10660909,-19.27247721,LA5,2009-01-14,02:40:48 AM,02:40:00,Hot-Wet
16.10660604,-19.27249349,LA5,2009-01-14,03:00:48 AM,03:00:00,Hot-Wet
16.10661926,-19.27249552,LA5,2009-01-14,03:20:48 AM,03:20:00,Hot-Wet
16.10659892,-19.27248128,LA5,2009-01-14,03:40:48 AM,03:40:00,Hot-Wet
16.10660807,-19.2725057,LA5,2009-01-14,04:00:55 AM,04:00:00,Hot-Wet
16.10493164,-19.27434285,LA5,2009-01-14,04:20:48 AM,04:20:00,Hot-Wet
16.10571798,-19.2768575,LA5,2009-01-14,04:40:48 AM,04:40:00,Hot-Wet
16.10608317,-19.27905273,LA5,2009-01-14,05:00:48 AM,05:00:00,Hot-Wet
16.10694173,-19.28130697,LA5,2009-01-14,05:20:48 AM,05:20:00,Hot-Wet
16.10754293,-19.28515625,LA5,2009-01-14,05:40:48 AM,05:40:00,Hot-Wet
16.10986226,-19.28849691,LA5,2009-01-14,06:00:48 AM,06:00:00,Hot-Wet
16.11270243,-19.29230754,LA5,2009-01-14,06:20:48 AM,06:20:00,Hot-Wet
16.11421204,-19.29681193,LA5,2009-01-14,06:40:48 AM,06:40:00,Hot-Wet
16.11701965,-19.30249837,LA5,2009-01-14,07:00:48 AM,07:00:00,Hot-Wet
16.11729329,-19.30820109,LA5,2009-01-14,07:20:48 AM,07:20:00,Hot-Wet
16.11932576,-19.31326294,LA5,2009-01-14,07:40:48 AM,07:40:00,Hot-Wet
16.12249654,-19.30837402,LA5,2009-01-14,08:00:48 AM,08:00:00,Hot-Wet
16.12317301,-19.30612386,LA5,2009-01-14,08:20:48 AM,08:20:00,Hot-Wet
16.12620443,-19.303538,LA5,2009-01-14,08:40:48 AM,08:40:00,Hot-Wet
16.12658895,-19.30339355,LA5,2009-01-14,09:00:48 AM,09:00:00,Hot-Wet
16.13092651,-19.30189819,LA5,2009-01-14,09:20:48 AM,09:20:00,Hot-Wet
16.13545227,-19.30149536,LA5,2009-01-14,09:40:48 AM,09:40:00,Hot-Wet
16.13500875,-19.30051676,LA5,2009-01-14,10:00:48 AM,10:00:00,Hot-Wet
16.13396098,-19.30016276,LA5,2009-01-14,10:20:48 AM,10:20:00,Hot-Wet
16.13407186,-19.29943441,LA5,2009-01-14,10:40:48 AM,10:40:00,Hot-Wet
16.13457336,-19.30047607,LA5,2009-01-14,11:00:48 AM,11:00:00,Hot-Wet
16.1320638,-19.30384521,LA5,2009-01-14,11:20:48 AM,11:20:00,Hot-Wet
16.13210347,-19.30701701,LA5,2009-01-14,11:40:48 AM,11:40:00,Hot-Wet
16.1305013,-19.31138713,LA5,2009-01-14,12:00:48 PM,12:00:00,Hot-Wet
16.12150777,-19.3133077,LA5,2009-01-14,12:20:48 PM,12:20:00,Hot-Wet
16.118868,-19.31298828,LA5,2009-01-14,12:40:48 PM,12:40:00,Hot-Wet
16.11937764,-19.31155192,LA5,2009-01-14,01:00:48 PM,13:00:00,Hot-Wet
16.11792704,-19.30566203,LA5,2009-01-14,01:20:48 PM,13:20:00,Hot-Wet
16.11898804,-19.30084635,LA5,2009-01-14,01:40:48 PM,13:40:00,Hot-Wet
16.12070618,-19.29705404,LA5,2009-01-14,02:00:48 PM,14:00:00,Hot-Wet
16.12271016,-19.29318644,LA5,2009-01-14,02:20:48 PM,14:20:00,Hot-Wet
16.12394511,-19.29151611,LA5,2009-01-14,02:40:48 PM,14:40:00,Hot-Wet
16.12540385,-19.29091797,LA5,2009-01-14,03:00:48 PM,15:00:00,Hot-Wet
16.1253835,-19.29093424,LA5,2009-01-14,03:20:48 PM,15:20:00,Hot-Wet
16.12536112,-19.29094442,LA5,2009-01-14,03:40:48 PM,15:40:00,Hot-Wet
16.12643941,-19.29062907,LA5,2009-01-14,04:00:48 PM,16:00:00,Hot-Wet
16.12863261,-19.28928223,LA5,2009-01-14,04:20:48 PM,16:20:00,Hot-Wet
16.13114319,-19.29060669,LA5,2009-01-14,04:40:48 PM,16:40:00,Hot-Wet
16.13214722,-19.29058228,LA5,2009-01-14,05:00:48 PM,17:00:00,Hot-Wet
16.13207703,-19.29009399,LA5,2009-01-14,05:20:48 PM,17:20:00,Hot-Wet
16.13136698,-19.28965658,LA5,2009-01-14,05:40:48 PM,17:40:00,Hot-Wet
16.1312144,-19.2896993,LA5,2009-01-14,06:00:48 PM,18:00:00,Hot-Wet
16.13302002,-19.29035645,LA5,2009-01-14,06:20:48 PM,18:20:00,Hot-Wet
16.13394979,-19.2911967,LA5,2009-01-14,06:40:48 PM,18:40:00,Hot-Wet
16.13528137,-19.29104614,LA5,2009-01-14,07:00:48 PM,19:00:00,Hot-Wet
16.13627116,-19.29059245,LA5,2009-01-14,07:20:48 PM,19:20:00,Hot-Wet
16.13617961,-19.29046631,LA5,2009-01-14,07:40:48 PM,19:40:00,Hot-Wet
16.13778788,-19.290271,LA5,2009-01-14,08:00:48 PM,20:00:00,Hot-Wet
16.13888448,-19.29046834,LA5,2009-01-14,08:20:48 PM,20:20:00,Hot-Wet
16.13881632,-19.29048462,LA5,2009-01-14,08:40:48 PM,20:40:00,Hot-Wet
16.1397817,-19.29059855,LA5,2009-01-14,09:00:48 PM,21:00:00,Hot-Wet
16.13983256,-19.28994344,LA5,2009-01-14,09:20:48 PM,21:20:00,Hot-Wet
16.13994954,-19.28976237,LA5,2009-01-14,09:40:48 PM,21:40:00,Hot-Wet
16.14032288,-19.28898926,LA5,2009-01-14,10:00:48 PM,22:00:00,Hot-Wet
16.14072367,-19.2884257,LA5,2009-01-14,10:20:49 PM,22:20:00,Hot-Wet
16.14048767,-19.28789876,LA5,2009-01-14,10:40:48 PM,22:40:00,Hot-Wet
16.14110209,-19.28754883,LA5,2009-01-14,11:00:48 PM,23:00:00,Hot-Wet
16.14161682,-19.2869283,LA5,2009-01-14,11:20:48 PM,23:20:00,Hot-Wet
16.14211222,-19.28654378,LA5,2009-01-14,11:40:48 PM,23:40:00,Hot-Wet
16.1426239,-19.28642782,LA5,2009-01-15,12:00:48 AM,00:00:00,Hot-Wet
16.14261475,-19.28645833,LA5,2009-01-15,12:20:48 AM,00:20:00,Hot-Wet
16.14261373,-19.28641764,LA5,2009-01-15,12:40:48 AM,00:40:00,Hot-Wet
16.14262899,-19.28645426,LA5,2009-01-15,01:00:48 AM,01:00:00,Hot-Wet
16.14258219,-19.28643799,LA5,2009-01-15,01:20:54 AM,01:20:00,Hot-Wet
16.14265035,-19.28642985,LA5,2009-01-15,01:40:55 AM,01:40:00,Hot-Wet
16.14292297,-19.28659058,LA5,2009-01-15,02:00:48 AM,02:00:00,Hot-Wet
16.14338277,-19.28698527,LA5,2009-01-15,02:20:48 AM,02:20:00,Hot-Wet
16.14337972,-19.28700968,LA5,2009-01-15,02:40:48 AM,02:40:00,Hot-Wet
16.14338379,-19.28697306,LA5,2009-01-15,03:00:48 AM,03:00:00,Hot-Wet
16.14337769,-19.28696899,LA5,2009-01-15,03:20:48 AM,03:20:00,Hot-Wet
16.14338175,-19.28699341,LA5,2009-01-15,03:40:48 AM,03:40:00,Hot-Wet
16.14344279,-19.28704427,LA5,2009-01-15,04:00:48 AM,04:00:00,Hot-Wet
16.14344076,-19.28704427,LA5,2009-01-15,04:20:48 AM,04:20:00,Hot-Wet
16.14340108,-19.28702596,LA5,2009-01-15,04:40:48 AM,04:40:00,Hot-Wet
16.14423218,-19.28929443,LA5,2009-01-15,05:00:48 AM,05:00:00,Hot-Wet
16.14392395,-19.29083659,LA5,2009-01-15,05:20:48 AM,05:20:00,Hot-Wet
16.14443461,-19.29094442,LA5,2009-01-15,05:40:48 AM,05:40:00,Hot-Wet
16.14642639,-19.29107666,LA5,2009-01-15,06:00:48 AM,06:00:00,Hot-Wet
16.14830221,-19.29141846,LA5,2009-01-15,06:20:48 AM,06:20:00,Hot-Wet
16.14873047,-19.29319458,LA5,2009-01-15,06:40:48 AM,06:40:00,Hot-Wet
16.14912516,-19.2952006,LA5,2009-01-15,07:00:48 AM,07:00:00,Hot-Wet
16.14757996,-19.2969991,LA5,2009-01-15,07:20:48 AM,07:20:00,Hot-Wet
16.14567871,-19.29745076,LA5,2009-01-15,07:40:48 AM,07:40:00,Hot-Wet
16.14096578,-19.29842122,LA5,2009-01-15,08:00:48 AM,08:00:00,Hot-Wet
16.1327301,-19.30130412,LA5,2009-01-15,08:20:48 AM,08:20:00,Hot-Wet
16.13057149,-19.3023702,LA5,2009-01-15,08:40:48 AM,08:40:00,Hot-Wet
16.13059998,-19.30241089,LA5,2009-01-15,09:00:48 AM,09:00:00,Hot-Wet
16.13061625,-19.30240072,LA5,2009-01-15,09:20:48 AM,09:20:00,Hot-Wet
16.13059591,-19.30239665,LA5,2009-01-15,09:40:48 AM,09:40:00,Hot-Wet
16.12644958,-19.30540365,LA5,2009-01-15,10:00:48 AM,10:00:00,Hot-Wet
16.12341105,-19.30864258,LA5,2009-01-15,10:20:48 AM,10:20:00,Hot-Wet
16.11921082,-19.31282145,LA5,2009-01-15,10:40:48 AM,10:40:00,Hot-Wet
16.11878459,-19.31133219,LA5,2009-01-15,11:00:48 AM,11:00:00,Hot-Wet
16.12212321,-19.30767212,LA5,2009-01-15,11:20:48 AM,11:20:00,Hot-Wet
16.13459473,-19.30000203,LA5,2009-01-15,11:40:48 AM,11:40:00,Hot-Wet
16.13684896,-19.29993693,LA5,2009-01-15,12:00:48 PM,12:00:00,Hot-Wet
16.13671163,-19.29980062,LA5,2009-01-15,12:20:48 PM,12:20:00,Hot-Wet
16.13669535,-19.29978434,LA5,2009-01-15,12:40:48 PM,12:40:00,Hot-Wet
16.13669027,-19.29979248,LA5,2009-01-15,01:00:48 PM,13:00:00,Hot-Wet
16.13947245,-19.29678955,LA5,2009-01-15,01:20:48 PM,13:20:00,Hot-Wet
16.1397878,-19.29533488,LA5,2009-01-15,01:40:48 PM,13:40:00,Hot-Wet
16.1401123,-19.29488729,LA5,2009-01-15,02:00:48 PM,14:00:00,Hot-Wet
16.14294027,-19.2938151,LA5,2009-01-15,02:20:48 PM,14:20:00,Hot-Wet
16.14324849,-19.29305013,LA5,2009-01-15,02:40:48 PM,14:40:00,Hot-Wet
16.1447937,-19.29117839,LA5,2009-01-15,03:00:48 PM,15:00:00,Hot-Wet
16.14520976,-19.28940837,LA5,2009-01-15,03:20:48 PM,15:20:00,Hot-Wet
16.14626668,-19.28990479,LA5,2009-01-15,03:40:48 PM,15:40:00,Hot-Wet
16.1474233,-19.29159749,LA5,2009-01-15,04:00:48 PM,16:00:00,Hot-Wet
16.1461141,-19.29264526,LA5,2009-01-15,04:20:48 PM,16:20:00,Hot-Wet
16.14613851,-19.29338786,LA5,2009-01-15,04:40:48 PM,16:40:00,Hot-Wet
16.1447642,-19.29476725,LA5,2009-01-15,05:00:48 PM,17:00:00,Hot-Wet
16.14532267,-19.29597168,LA5,2009-01-15,05:20:48 PM,17:20:00,Hot-Wet
16.14537252,-19.2975057,LA5,2009-01-15,05:40:48 PM,17:40:00,Hot-Wet
16.14396973,-19.30027873,LA5,2009-01-15,06:00:48 PM,18:00:00,Hot-Wet
16.1421519,-19.30278117,LA5,2009-01-15,06:20:48 PM,18:20:00,Hot-Wet
16.13824565,-19.30494385,LA5,2009-01-15,06:40:48 PM,18:40:00,Hot-Wet
16.13605042,-19.30471802,LA5,2009-01-15,07:00:48 PM,19:00:00,Hot-Wet
16.13405253,-19.30836995,LA5,2009-01-15,07:20:48 PM,19:20:00,Hot-Wet
16.13138021,-19.30955607,LA5,2009-01-15,07:40:48 PM,19:40:00,Hot-Wet
16.12834778,-19.31223145,LA5,2009-01-15,08:00:48 PM,20:00:00,Hot-Wet
16.12531128,-19.31379395,LA5,2009-01-15,08:20:48 PM,20:20:00,Hot-Wet
16.12265422,-19.31305745,LA5,2009-01-15,08:40:48 PM,20:40:00,Hot-Wet
16.11916402,-19.31300252,LA5,2009-01-15,09:00:48 PM,21:00:00,Hot-Wet
16.11783752,-19.31129354,LA5,2009-01-15,09:20:48 PM,21:20:00,Hot-Wet
16.11588338,-19.30915731,LA5,2009-01-15,09:40:49 PM,21:40:00,Hot-Wet
16.11444804,-19.30731812,LA5,2009-01-15,10:00:48 PM,22:00:00,Hot-Wet
16.11046855,-19.30402222,LA5,2009-01-15,10:20:48 PM,22:20:00,Hot-Wet
16.10640361,-19.3015625,LA5,2009-01-15,10:40:48 PM,22:40:00,Hot-Wet
16.10453695,-19.30014038,LA5,2009-01-15,11:00:48 PM,23:00:00,Hot-Wet
16.10415141,-19.29868368,LA5,2009-01-15,11:20:48 PM,23:20:00,Hot-Wet
16.10272624,-19.29688517,LA5,2009-01-15,11:40:48 PM,23:40:00,Hot-Wet
16.10196635,-19.29547933,LA5,2009-01-16,12:00:48 AM,00:00:00,Hot-Wet
16.09980164,-19.29243571,LA5,2009-01-16,12:20:48 AM,00:20:00,Hot-Wet
16.09821574,-19.28781331,LA5,2009-01-16,12:40:48 AM,00:40:00,Hot-Wet
16.09879252,-19.28690389,LA5,2009-01-16,01:00:48 AM,01:00:00,Hot-Wet
16.09804789,-19.28442993,LA5,2009-01-16,01:20:48 AM,01:20:00,Hot-Wet
16.0980662,-19.284316,LA5,2009-01-16,01:40:48 AM,01:40:00,Hot-Wet
16.09809367,-19.28428548,LA5,2009-01-16,02:00:48 AM,02:00:00,Hot-Wet
16.09811707,-19.28432414,LA5,2009-01-16,02:20:48 AM,02:20:00,Hot-Wet
16.09812927,-19.28433024,LA5,2009-01-16,02:40:48 AM,02:40:00,Hot-Wet
16.09813029,-19.28429565,LA5,2009-01-16,03:00:48 AM,03:00:00,Hot-Wet
16.09814555,-19.284316,LA5,2009-01-16,03:20:48 AM,03:20:00,Hot-Wet
16.09799194,-19.28421021,LA5,2009-01-16,03:40:48 AM,03:40:00,Hot-Wet
16.09799601,-19.28422445,LA5,2009-01-16,04:00:48 AM,04:00:00,Hot-Wet
16.09800212,-19.28423869,LA5,2009-01-16,04:20:48 AM,04:20:00,Hot-Wet
16.09686686,-19.28143107,LA5,2009-01-16,04:40:48 AM,04:40:00,Hot-Wet
16.09711812,-19.27895304,LA5,2009-01-16,05:00:48 AM,05:00:00,Hot-Wet
16.0979777,-19.27816569,LA5,2009-01-16,05:20:48 AM,05:20:00,Hot-Wet
16.09678955,-19.27791341,LA5,2009-01-16,05:40:48 AM,05:40:00,Hot-Wet
16.09540405,-19.27820231,LA5,2009-01-16,06:00:48 AM,06:00:00,Hot-Wet
16.09685059,-19.27943929,LA5,2009-01-16,06:20:48 AM,06:20:00,Hot-Wet
16.09763387,-19.27925212,LA5,2009-01-16,06:40:48 AM,06:40:00,Hot-Wet
16.09870402,-19.2788737,LA5,2009-01-16,07:00:48 AM,07:00:00,Hot-Wet
16.10043945,-19.27997843,LA5,2009-01-16,07:20:48 AM,07:20:00,Hot-Wet
16.10151876,-19.28101196,LA5,2009-01-16,07:40:48 AM,07:40:00,Hot-Wet
16.10206909,-19.28035075,LA5,2009-01-16,08:00:48 AM,08:00:00,Hot-Wet
16.10145162,-19.28213908,LA5,2009-01-16,08:20:48 AM,08:20:00,Hot-Wet
16.10145365,-19.28216146,LA5,2009-01-16,08:40:48 AM,08:40:00,Hot-Wet
16.10146586,-19.28216553,LA5,2009-01-16,09:00:48 AM,09:00:00,Hot-Wet
16.1014506,-19.28214722,LA5,2009-01-16,09:20:48 AM,09:20:00,Hot-Wet
16.10144145,-19.28214111,LA5,2009-01-16,09:40:48 AM,09:40:00,Hot-Wet
16.10143941,-19.28214925,LA5,2009-01-16,10:00:48 AM,10:00:00,Hot-Wet
16.1014679,-19.28220215,LA5,2009-01-16,10:20:49 AM,10:20:00,Hot-Wet
16.10145671,-19.28215942,LA5,2009-01-16,10:40:48 AM,10:40:00,Hot-Wet
16.10088399,-19.2832723,LA5,2009-01-16,11:00:48 AM,11:00:00,Hot-Wet
16.1007843,-19.28441569,LA5,2009-01-16,11:20:48 AM,11:20:00,Hot-Wet
16.10216471,-19.28515218,LA5,2009-01-16,11:40:48 AM,11:40:00,Hot-Wet
16.10184733,-19.28553263,LA5,2009-01-16,12:00:48 PM,12:00:00,Hot-Wet
16.10101318,-19.28649902,LA5,2009-01-16,12:20:48 PM,12:20:00,Hot-Wet
16.09993388,-19.28703613,LA5,2009-01-16,12:40:49 PM,12:40:00,Hot-Wet
16.09998372,-19.28707275,LA5,2009-01-16,01:00:48 PM,13:00:00,Hot-Wet
16.09995015,-19.28706258,LA5,2009-01-16,01:20:48 PM,13:20:00,Hot-Wet
16.09992778,-19.28706868,LA5,2009-01-16,01:40:48 PM,13:40:00,Hot-Wet
16.09994202,-19.28706055,LA5,2009-01-16,02:00:48 PM,14:00:00,Hot-Wet
16.09996847,-19.28703613,LA5,2009-01-16,02:20:48 PM,14:20:00,Hot-Wet
16.09998067,-19.28704834,LA5,2009-01-16,02:40:48 PM,14:40:00,Hot-Wet
16.10016174,-19.28742269,LA5,2009-01-16,03:00:48 PM,15:00:00,Hot-Wet
16.10167542,-19.28765666,LA5,2009-01-16,03:20:48 PM,15:20:00,Hot-Wet
16.10402222,-19.28683065,LA5,2009-01-16,03:40:48 PM,15:40:00,Hot-Wet
16.10632935,-19.28624674,LA5,2009-01-16,04:00:48 PM,16:00:00,Hot-Wet
16.10633545,-19.28808797,LA5,2009-01-16,04:20:48 PM,16:20:00,Hot-Wet
16.10655823,-19.2916748,LA5,2009-01-16,04:40:48 PM,16:40:00,Hot-Wet
16.10779012,-19.29596354,LA5,2009-01-16,05:00:48 PM,17:00:00,Hot-Wet
16.11066996,-19.29994914,LA5,2009-01-16,05:20:48 PM,17:20:00,Hot-Wet
16.11313985,-19.30279541,LA5,2009-01-16,05:40:48 PM,17:40:00,Hot-Wet
16.11531372,-19.30849609,LA5,2009-01-16,06:00:48 PM,18:00:00,Hot-Wet
16.11946716,-19.31344401,LA5,2009-01-16,06:20:48 PM,18:20:00,Hot-Wet
16.11947327,-19.31287435,LA5,2009-01-16,06:40:48 PM,18:40:00,Hot-Wet
16.11581217,-19.31322835,LA5,2009-01-16,07:00:48 PM,19:00:00,Hot-Wet
16.11407064,-19.31351522,LA5,2009-01-16,07:20:48 PM,19:20:00,Hot-Wet
16.1099884,-19.31206665,LA5,2009-01-16,07:40:48 PM,19:40:00,Hot-Wet
16.10745239,-19.31097209,LA5,2009-01-16,08:00:48 PM,20:00:00,Hot-Wet
16.10368144,-19.31062826,LA5,2009-01-16,08:20:48 PM,20:20:00,Hot-Wet
16.10258586,-19.31032918,LA5,2009-01-16,08:40:48 PM,20:40:00,Hot-Wet
16.10170288,-19.30965373,LA5,2009-01-16,09:00:48 PM,21:00:00,Hot-Wet
16.10039063,-19.3074707,LA5,2009-01-16,09:20:48 PM,21:20:00,Hot-Wet
16.09654236,-19.30587158,LA5,2009-01-16,09:40:48 PM,21:40:00,Hot-Wet
16.09595032,-19.30656535,LA5,2009-01-16,10:00:48 PM,22:00:00,Hot-Wet
16.09424744,-19.30646566,LA5,2009-01-16,10:20:48 PM,22:20:00,Hot-Wet
16.08678385,-19.30537109,LA5,2009-01-16,10:40:48 PM,22:40:00,Hot-Wet
16.08536886,-19.3045756,LA5,2009-01-16,11:00:48 PM,23:00:00,Hot-Wet
16.08461405,-19.30380046,LA5,2009-01-16,11:20:48 PM,23:20:00,Hot-Wet
16.08242188,-19.30167236,LA5,2009-01-16,11:40:48 PM,23:40:00,Hot-Wet
16.07746785,-19.2962443,LA5,2009-01-17,12:00:48 AM,00:00:00,Hot-Wet
16.07416687,-19.29444784,LA5,2009-01-17,12:20:48 AM,00:20:00,Hot-Wet
16.07240397,-19.2925354,LA5,2009-01-17,12:40:49 AM,00:40:00,Hot-Wet
16.07002665,-19.29443156,LA5,2009-01-17,01:00:48 AM,01:00:00,Hot-Wet
16.07104187,-19.29579875,LA5,2009-01-17,01:20:48 AM,01:20:00,Hot-Wet
16.07206116,-19.29619141,LA5,2009-01-17,01:40:48 AM,01:40:00,Hot-Wet
16.07142843,-19.29666341,LA5,2009-01-17,02:00:48 AM,02:00:00,Hot-Wet
16.07113139,-19.29657593,LA5,2009-01-17,02:20:48 AM,02:20:00,Hot-Wet
16.07114156,-19.29656576,LA5,2009-01-17,02:40:48 AM,02:40:00,Hot-Wet
16.07114258,-19.29656982,LA5,2009-01-17,03:00:48 AM,03:00:00,Hot-Wet
16.07115987,-19.29655151,LA5,2009-01-17,03:20:48 AM,03:20:00,Hot-Wet
16.07096761,-19.29670614,LA5,2009-01-17,03:40:48 AM,03:40:00,Hot-Wet
16.0709198,-19.29666341,LA5,2009-01-17,04:00:48 AM,04:00:00,Hot-Wet
16.07094421,-19.29668376,LA5,2009-01-17,04:20:48 AM,04:20:00,Hot-Wet
16.0699646,-19.29661458,LA5,2009-01-17,04:40:48 AM,04:40:00,Hot-Wet
16.06869812,-19.2959493,LA5,2009-01-17,05:00:48 AM,05:00:00,Hot-Wet
16.0681427,-19.29409993,LA5,2009-01-17,05:20:48 AM,05:20:00,Hot-Wet
16.06516418,-19.29274089,LA5,2009-01-17,05:40:48 AM,05:40:00,Hot-Wet
16.06538391,-19.29104614,LA5,2009-01-17,06:00:48 AM,06:00:00,Hot-Wet
16.06537577,-19.28920085,LA5,2009-01-17,06:20:48 AM,06:20:00,Hot-Wet
16.06532186,-19.28742065,LA5,2009-01-17,06:40:48 AM,06:40:00,Hot-Wet
16.06556702,-19.28747965,LA5,2009-01-17,07:00:48 AM,07:00:00,Hot-Wet
16.06287028,-19.28815308,LA5,2009-01-17,07:20:48 AM,07:20:00,Hot-Wet
16.06153158,-19.28904622,LA5,2009-01-17,07:40:48 AM,07:40:00,Hot-Wet
16.06159058,-19.28910929,LA5,2009-01-17,08:00:48 AM,08:00:00,Hot-Wet
16.06134542,-19.28878784,LA5,2009-01-17,08:20:48 AM,08:20:00,Hot-Wet
16.06031901,-19.28797201,LA5,2009-01-17,08:40:48 AM,08:40:00,Hot-Wet
16.05955302,-19.28792521,LA5,2009-01-17,09:00:48 AM,09:00:00,Hot-Wet
16.05879517,-19.28731689,LA5,2009-01-17,09:20:48 AM,09:20:00,Hot-Wet
16.05812581,-19.28751221,LA5,2009-01-17,09:40:48 AM,09:40:00,Hot-Wet
16.05758464,-19.28863322,LA5,2009-01-17,10:00:48 AM,10:00:00,Hot-Wet
16.05702515,-19.28878988,LA5,2009-01-17,10:20:48 AM,10:20:00,Hot-Wet
16.05566305,-19.28847046,LA5,2009-01-17,10:40:48 AM,10:40:00,Hot-Wet
16.05462036,-19.28869832,LA5,2009-01-17,11:00:48 AM,11:00:00,Hot-Wet
16.05473836,-19.2879008,LA5,2009-01-17,11:20:48 AM,11:20:00,Hot-Wet
16.0547109,-19.2879069,LA5,2009-01-17,11:40:48 AM,11:40:00,Hot-Wet
16.05470988,-19.2879069,LA5,2009-01-17,12:00:48 PM,12:00:00,Hot-Wet
16.05473531,-19.28793538,LA5,2009-01-17,12:20:48 PM,12:20:00,Hot-Wet
16.05474548,-19.28790894,LA5,2009-01-17,12:40:49 PM,12:40:00,Hot-Wet
16.05474345,-19.2879069,LA5,2009-01-17,01:00:48 PM,13:00:00,Hot-Wet
16.05462443,-19.28797607,LA5,2009-01-17,01:20:48 PM,13:20:00,Hot-Wet
16.05438843,-19.28836263,LA5,2009-01-17,01:40:48 PM,13:40:00,Hot-Wet
16.05447896,-19.29035645,LA5,2009-01-17,02:00:48 PM,14:00:00,Hot-Wet
16.05477295,-19.29294637,LA5,2009-01-17,02:20:48 PM,14:20:00,Hot-Wet
16.05361735,-19.29378255,LA5,2009-01-17,02:40:48 PM,14:40:00,Hot-Wet
16.0526886,-19.29370321,LA5,2009-01-17,03:00:48 PM,15:00:00,Hot-Wet
16.0522349,-19.294104,LA5,2009-01-17,03:20:48 PM,15:20:00,Hot-Wet
16.05203756,-19.29509888,LA5,2009-01-17,03:40:48 PM,15:40:00,Hot-Wet
16.05246073,-19.30025024,LA5,2009-01-17,04:00:48 PM,16:00:00,Hot-Wet
16.05409851,-19.30234782,LA5,2009-01-17,04:20:48 PM,16:20:00,Hot-Wet
16.05712891,-19.30233765,LA5,2009-01-17,04:40:48 PM,16:40:00,Hot-Wet
16.05906982,-19.30086263,LA5,2009-01-17,05:00:48 PM,17:00:00,Hot-Wet
16.06094259,-19.30112712,LA5,2009-01-17,05:20:48 PM,17:20:00,Hot-Wet
16.06487427,-19.30302938,LA5,2009-01-17,05:40:48 PM,17:40:00,Hot-Wet
16.06763814,-19.30320638,LA5,2009-01-17,06:00:48 PM,18:00:00,Hot-Wet
16.06866353,-19.30327555,LA5,2009-01-17,06:20:48 PM,18:20:00,Hot-Wet
16.0691803,-19.30291748,LA5,2009-01-17,06:40:48 PM,18:40:00,Hot-Wet
16.06914571,-19.30283,LA5,2009-01-17,07:00:48 PM,19:00:00,Hot-Wet
16.06899007,-19.30264689,LA5,2009-01-17,07:20:48 PM,19:20:00,Hot-Wet
16.06901855,-19.30262655,LA5,2009-01-17,07:40:48 PM,19:40:00,Hot-Wet
16.06907552,-19.30216064,LA5,2009-01-17,08:00:48 PM,20:00:00,Hot-Wet
16.06890361,-19.30153402,LA5,2009-01-17,08:20:48 PM,20:20:00,Hot-Wet
16.06900635,-19.30151571,LA5,2009-01-17,08:40:48 PM,20:40:00,Hot-Wet
16.06897278,-19.30150757,LA5,2009-01-17,09:00:48 PM,21:00:00,Hot-Wet
16.06899414,-19.3014974,LA5,2009-01-17,09:20:48 PM,21:20:00,Hot-Wet
16.06897583,-19.3014974,LA5,2009-01-17,09:40:48 PM,21:40:00,Hot-Wet
16.06899516,-19.30151774,LA5,2009-01-17,10:00:48 PM,22:00:00,Hot-Wet
16.06969503,-19.3019104,LA5,2009-01-17,10:20:48 PM,22:20:00,Hot-Wet
16.06960347,-19.30187581,LA5,2009-01-17,10:40:48 PM,22:40:00,Hot-Wet
16.06958923,-19.30189412,LA5,2009-01-17,11:00:48 PM,23:00:00,Hot-Wet
16.06959229,-19.30189616,LA5,2009-01-17,11:20:48 PM,23:20:00,Hot-Wet
16.06959534,-19.30193685,LA5,2009-01-17,11:40:54 PM,23:40:00,Hot-Wet
16.06958415,-19.30189616,LA5,2009-01-18,12:00:48 AM,00:00:00,Hot-Wet
16.06962891,-19.30183512,LA5,2009-01-18,12:20:48 AM,00:20:00,Hot-Wet
16.06972249,-19.30199585,LA5,2009-01-18,12:40:48 AM,00:40:00,Hot-Wet
16.0699351,-19.30050049,LA5,2009-01-18,01:00:48 AM,01:00:00,Hot-Wet
16.06937154,-19.2980835,LA5,2009-01-18,01:20:48 AM,01:20:00,Hot-Wet
16.07023315,-19.29723511,LA5,2009-01-18,01:40:48 AM,01:40:00,Hot-Wet
16.07019755,-19.29650065,LA5,2009-01-18,02:00:48 AM,02:00:00,Hot-Wet
16.07046611,-19.2962911,LA5,2009-01-18,02:20:48 AM,02:20:00,Hot-Wet
16.06956685,-19.29592082,LA5,2009-01-18,02:40:48 AM,02:40:00,Hot-Wet
16.0696106,-19.29588216,LA5,2009-01-18,03:00:48 AM,03:00:00,Hot-Wet
16.06957092,-19.29591268,LA5,2009-01-18,03:20:48 AM,03:20:00,Hot-Wet
16.06954549,-19.29588623,LA5,2009-01-18,03:40:48 AM,03:40:00,Hot-Wet
16.06953532,-19.2959432,LA5,2009-01-18,04:00:48 AM,04:00:00,Hot-Wet
16.06949768,-19.29587606,LA5,2009-01-18,04:20:48 AM,04:20:00,Hot-Wet
16.06953837,-19.29588623,LA5,2009-01-18,04:40:48 AM,04:40:00,Hot-Wet
16.06960042,-19.29593099,LA5,2009-01-18,05:00:48 AM,05:00:00,Hot-Wet
16.06988017,-19.29574178,LA5,2009-01-18,05:20:48 AM,05:20:00,Hot-Wet
16.07193909,-19.29885254,LA5,2009-01-18,05:40:48 AM,05:40:00,Hot-Wet
16.07422587,-19.30018107,LA5,2009-01-18,06:00:48 AM,06:00:00,Hot-Wet
16.07546285,-19.29950155,LA5,2009-01-18,06:20:48 AM,06:20:00,Hot-Wet
16.07649028,-19.2989502,LA5,2009-01-18,06:40:48 AM,06:40:00,Hot-Wet
16.07657878,-19.29895426,LA5,2009-01-18,07:00:48 AM,07:00:00,Hot-Wet
16.07690328,-19.2981547,LA5,2009-01-18,07:20:48 AM,07:20:00,Hot-Wet
16.07846883,-19.29891968,LA5,2009-01-18,07:40:48 AM,07:40:00,Hot-Wet
16.08525696,-19.30139567,LA5,2009-01-18,08:00:48 AM,08:00:00,Hot-Wet
16.09077047,-19.30118612,LA5,2009-01-18,08:20:48 AM,08:20:00,Hot-Wet
16.09647217,-19.30767008,LA5,2009-01-18,08:40:48 AM,08:40:00,Hot-Wet
16.10780233,-19.31111043,LA5,2009-01-18,09:00:48 AM,09:00:00,Hot-Wet
16.11824443,-19.31380208,LA5,2009-01-18,09:20:48 AM,09:20:00,Hot-Wet
16.1179718,-19.30972697,LA5,2009-01-18,09:40:48 AM,09:40:00,Hot-Wet
16.11404114,-19.30329386,LA5,2009-01-18,10:00:48 AM,10:00:00,Hot-Wet
16.11218465,-19.29894613,LA5,2009-01-18,10:20:48 AM,10:20:00,Hot-Wet
16.11731873,-19.2954895,LA5,2009-01-18,10:40:48 AM,10:40:00,Hot-Wet
16.12483826,-19.29255778,LA5,2009-01-18,11:00:48 AM,11:00:00,Hot-Wet
16.13109538,-19.28860067,LA5,2009-01-18,11:20:48 AM,11:20:00,Hot-Wet
16.13421224,-19.28740845,LA5,2009-01-18,11:40:48 AM,11:40:00,Hot-Wet
16.13425191,-19.28741048,LA5,2009-01-18,12:00:48 PM,12:00:00,Hot-Wet
16.13633626,-19.28786825,LA5,2009-01-18,12:20:49 PM,12:20:00,Hot-Wet
16.13833822,-19.28638509,LA5,2009-01-18,12:40:48 PM,12:40:00,Hot-Wet
16.13818156,-19.28546753,LA5,2009-01-18,01:00:48 PM,13:00:00,Hot-Wet
16.13970439,-19.28457438,LA5,2009-01-18,01:20:48 PM,13:20:00,Hot-Wet
16.14303996,-19.28572998,LA5,2009-01-18,01:40:48 PM,13:40:00,Hot-Wet
16.14497274,-19.28766886,LA5,2009-01-18,02:00:48 PM,14:00:00,Hot-Wet
16.14695536,-19.29164632,LA5,2009-01-18,02:20:48 PM,14:20:00,Hot-Wet
16.14991048,-19.29468384,LA5,2009-01-18,02:40:48 PM,14:40:00,Hot-Wet
16.14972127,-19.29468994,LA5,2009-01-18,03:00:48 PM,15:00:00,Hot-Wet
16.14898173,-19.29609578,LA5,2009-01-18,03:20:48 PM,15:20:00,Hot-Wet
16.1478597,-19.29622803,LA5,2009-01-18,03:40:49 PM,15:40:00,Hot-Wet
16.14665629,-19.29539591,LA5,2009-01-18,04:00:48 PM,16:00:00,Hot-Wet
16.14583537,-19.29527588,LA5,2009-01-18,04:20:48 PM,16:20:00,Hot-Wet
16.1458669,-19.29404297,LA5,2009-01-18,04:40:48 PM,16:40:00,Hot-Wet
16.14523519,-19.29358521,LA5,2009-01-18,05:00:48 PM,17:00:00,Hot-Wet
16.14435628,-19.29321493,LA5,2009-01-18,05:20:48 PM,17:20:00,Hot-Wet
16.14302063,-19.29262695,LA5,2009-01-18,05:40:48 PM,17:40:00,Hot-Wet
16.14237773,-19.29228719,LA5,2009-01-18,06:00:48 PM,18:00:00,Hot-Wet
16.14143066,-19.29112549,LA5,2009-01-18,06:20:48 PM,18:20:00,Hot-Wet
16.13937073,-19.2896342,LA5,2009-01-18,06:40:48 PM,18:40:00,Hot-Wet
16.13872681,-19.28905843,LA5,2009-01-18,07:00:48 PM,19:00:00,Hot-Wet
16.1361969,-19.28687541,LA5,2009-01-18,07:20:48 PM,19:20:00,Hot-Wet
16.13579407,-19.28609823,LA5,2009-01-18,07:40:48 PM,19:40:00,Hot-Wet
16.13529968,-19.28606364,LA5,2009-01-18,08:00:48 PM,20:00:00,Hot-Wet
16.13528646,-19.28614705,LA5,2009-01-18,08:20:48 PM,20:20:00,Hot-Wet
16.1351532,-19.28595378,LA5,2009-01-18,08:40:48 PM,20:40:00,Hot-Wet
16.13572693,-19.28572591,LA5,2009-01-18,09:00:48 PM,21:00:00,Hot-Wet
16.13759155,-19.28604329,LA5,2009-01-18,09:20:48 PM,21:20:00,Hot-Wet
16.13840535,-19.28619995,LA5,2009-01-18,09:40:48 PM,21:40:00,Hot-Wet
16.13936666,-19.28459473,LA5,2009-01-18,10:00:48 PM,22:00:00,Hot-Wet
16.13993835,-19.28404948,LA5,2009-01-18,10:20:48 PM,22:20:00,Hot-Wet
16.14041239,-19.28315633,LA5,2009-01-18,10:40:48 PM,22:40:00,Hot-Wet
16.14244792,-19.28407593,LA5,2009-01-18,11:00:48 PM,23:00:00,Hot-Wet
16.14293315,-19.28500366,LA5,2009-01-18,11:20:48 PM,23:20:00,Hot-Wet
16.14379272,-19.28460083,LA5,2009-01-18,11:40:48 PM,23:40:00,Hot-Wet
16.14432068,-19.28473918,LA5,2009-01-19,12:00:48 AM,00:00:00,Hot-Wet
16.14538472,-19.28424072,LA5,2009-01-19,12:20:48 AM,00:20:00,Hot-Wet
16.1451945,-19.28451538,LA5,2009-01-19,12:40:55 AM,00:40:00,Hot-Wet
16.14518636,-19.28444214,LA5,2009-01-19,01:00:48 AM,01:00:00,Hot-Wet
16.14517517,-19.28445435,LA5,2009-01-19,01:20:48 AM,01:20:00,Hot-Wet
16.14512939,-19.28450521,LA5,2009-01-19,01:40:48 AM,01:40:00,Hot-Wet
16.14517517,-19.28450521,LA5,2009-01-19,02:00:48 AM,02:00:00,Hot-Wet
16.14517314,-19.28450928,LA5,2009-01-19,02:20:48 AM,02:20:00,Hot-Wet
16.14521383,-19.28453166,LA5,2009-01-19,02:40:49 AM,02:40:00,Hot-Wet
16.14515686,-19.28445435,LA5,2009-01-19,03:00:48 AM,03:00:00,Hot-Wet
16.14513753,-19.28452148,LA5,2009-01-19,03:20:48 AM,03:20:00,Hot-Wet
16.1451711,-19.284493,LA5,2009-01-19,03:40:48 AM,03:40:00,Hot-Wet
16.14551086,-19.28461711,LA5,2009-01-19,04:00:48 AM,04:00:00,Hot-Wet
16.14550069,-19.2846049,LA5,2009-01-19,04:20:48 AM,04:20:00,Hot-Wet
16.14619344,-19.28578898,LA5,2009-01-19,04:40:48 AM,04:40:00,Hot-Wet
16.14703878,-19.2859965,LA5,2009-01-19,05:00:48 AM,05:00:00,Hot-Wet
16.1475118,-19.28466593,LA5,2009-01-19,05:20:48 AM,05:20:00,Hot-Wet
16.14830017,-19.28378703,LA5,2009-01-19,05:40:48 AM,05:40:00,Hot-Wet
16.14768168,-19.28324585,LA5,2009-01-19,06:00:48 AM,06:00:00,Hot-Wet
16.14717814,-19.28323364,LA5,2009-01-19,06:20:48 AM,06:20:00,Hot-Wet
16.14721273,-19.28384806,LA5,2009-01-19,06:40:48 AM,06:40:00,Hot-Wet
16.14700419,-19.28353475,LA5,2009-01-19,07:00:48 AM,07:00:00,Hot-Wet
16.14683736,-19.2842509,LA5,2009-01-19,07:20:48 AM,07:20:00,Hot-Wet
16.14643046,-19.28305868,LA5,2009-01-19,07:40:48 AM,07:40:00,Hot-Wet
16.14580587,-19.28278198,LA5,2009-01-19,08:00:48 AM,08:00:00,Hot-Wet
16.14615784,-19.28382975,LA5,2009-01-19,08:20:48 AM,08:20:00,Hot-Wet
16.14664307,-19.2835144,LA5,2009-01-19,08:40:48 AM,08:40:00,Hot-Wet
16.14906616,-19.28566488,LA5,2009-01-19,09:00:48 AM,09:00:00,Hot-Wet
16.14892883,-19.28546956,LA5,2009-01-19,09:20:48 AM,09:20:00,Hot-Wet
16.14940898,-19.28816325,LA5,2009-01-19,09:40:48 AM,09:40:00,Hot-Wet
16.14944967,-19.28817749,LA5,2009-01-19,10:00:48 AM,10:00:00,Hot-Wet
16.14948629,-19.28819987,LA5,2009-01-19,10:20:48 AM,10:20:00,Hot-Wet
16.14946899,-19.28818156,LA5,2009-01-19,10:40:48 AM,10:40:00,Hot-Wet
16.14944153,-19.28816528,LA5,2009-01-19,11:00:48 AM,11:00:00,Hot-Wet
16.14943848,-19.28817546,LA5,2009-01-19,11:20:48 AM,11:20:00,Hot-Wet
16.1487498,-19.2883667,LA5,2009-01-19,11:40:48 AM,11:40:00,Hot-Wet
16.14874573,-19.28835856,LA5,2009-01-19,12:00:48 PM,12:00:00,Hot-Wet
16.148762,-19.28839925,LA5,2009-01-19,12:20:48 PM,12:20:00,Hot-Wet
16.14794515,-19.28991903,LA5,2009-01-19,12:40:48 PM,12:40:00,Hot-Wet
16.15118612,-19.29136556,LA5,2009-01-19,01:00:48 PM,13:00:00,Hot-Wet
16.15303853,-19.29211833,LA5,2009-01-19,01:20:48 PM,13:20:00,Hot-Wet
16.14982707,-19.29678548,LA5,2009-01-19,01:40:48 PM,13:40:00,Hot-Wet
16.14836934,-19.29684041,LA5,2009-01-19,02:00:48 PM,14:00:00,Hot-Wet
16.14832764,-19.29629924,LA5,2009-01-19,02:20:48 PM,14:20:00,Hot-Wet
16.14858093,-19.29621989,LA5,2009-01-19,02:40:48 PM,14:40:00,Hot-Wet
16.14747009,-19.29681396,LA5,2009-01-19,03:00:48 PM,15:00:00,Hot-Wet
16.14888306,-19.30280355,LA5,2009-01-19,03:20:48 PM,15:20:00,Hot-Wet
16.14511312,-19.3045634,LA5,2009-01-19,03:40:48 PM,15:40:00,Hot-Wet
16.14412944,-19.30604451,LA5,2009-01-19,04:00:48 PM,16:00:00,Hot-Wet
16.13902181,-19.30719604,LA5,2009-01-19,04:20:48 PM,16:20:00,Hot-Wet
16.13641866,-19.31075236,LA5,2009-01-19,04:40:48 PM,16:40:00,Hot-Wet
16.13333028,-19.3141215,LA5,2009-01-19,05:00:48 PM,17:00:00,Hot-Wet
16.12611898,-19.31400553,LA5,2009-01-19,05:20:48 PM,17:20:00,Hot-Wet
16.12125854,-19.31331991,LA5,2009-01-19,05:40:48 PM,17:40:00,Hot-Wet
16.1190623,-19.31270142,LA5,2009-01-19,06:00:48 PM,18:00:00,Hot-Wet
16.1175059,-19.312854,LA5,2009-01-19,06:20:48 PM,18:20:00,Hot-Wet
16.11099548,-19.31219482,LA5,2009-01-19,06:40:48 PM,18:40:00,Hot-Wet
16.10698751,-19.31090902,LA5,2009-01-19,07:00:48 PM,19:00:00,Hot-Wet
16.10293783,-19.30981038,LA5,2009-01-19,07:20:48 PM,19:20:00,Hot-Wet
16.09830221,-19.30797729,LA5,2009-01-19,07:40:48 PM,19:40:00,Hot-Wet
16.0967041,-19.30672201,LA5,2009-01-19,08:00:48 PM,20:00:00,Hot-Wet
16.09524333,-19.30558675,LA5,2009-01-19,08:20:48 PM,20:20:00,Hot-Wet
16.09327189,-19.30513509,LA5,2009-01-19,08:40:48 PM,20:40:00,Hot-Wet
16.09151306,-19.30409953,LA5,2009-01-19,09:00:48 PM,21:00:00,Hot-Wet
16.09000142,-19.30284627,LA5,2009-01-19,09:20:48 PM,21:20:00,Hot-Wet
16.08676453,-19.30111287,LA5,2009-01-19,09:40:48 PM,21:40:00,Hot-Wet
16.08372904,-19.29754639,LA5,2009-01-19,10:00:48 PM,22:00:00,Hot-Wet
16.07898458,-19.29603678,LA5,2009-01-19,10:20:48 PM,22:20:00,Hot-Wet
16.07681071,-19.29571126,LA5,2009-01-19,10:40:48 PM,22:40:00,Hot-Wet
16.07568766,-19.29622192,LA5,2009-01-19,11:00:48 PM,23:00:00,Hot-Wet
16.07462667,-19.29609782,LA5,2009-01-19,11:20:48 PM,23:20:00,Hot-Wet
16.07167155,-19.29591675,LA5,2009-01-19,11:40:48 PM,23:40:00,Hot-Wet
16.06946106,-19.29417318,LA5,2009-01-20,12:00:48 AM,00:00:00,Hot-Wet
16.06803894,-19.29378459,LA5,2009-01-20,12:20:48 AM,00:20:00,Hot-Wet
16.06921997,-19.29225057,LA5,2009-01-20,12:40:48 AM,00:40:00,Hot-Wet
16.06933899,-19.29215495,LA5,2009-01-20,01:00:48 AM,01:00:00,Hot-Wet
16.0693278,-19.29205933,LA5,2009-01-20,01:20:48 AM,01:20:00,Hot-Wet
16.06922913,-19.29199219,LA5,2009-01-20,01:40:48 AM,01:40:00,Hot-Wet
16.06869812,-19.29191081,LA5,2009-01-20,02:00:48 AM,02:00:00,Hot-Wet
16.06866557,-19.29192505,LA5,2009-01-20,02:20:48 AM,02:20:00,Hot-Wet
16.06866557,-19.29194539,LA5,2009-01-20,02:40:48 AM,02:40:00,Hot-Wet
16.06866964,-19.29193115,LA5,2009-01-20,03:00:48 AM,03:00:00,Hot-Wet
16.0686849,-19.29195353,LA5,2009-01-20,03:20:48 AM,03:20:00,Hot-Wet
16.06870321,-19.29193319,LA5,2009-01-20,03:40:48 AM,03:40:00,Hot-Wet
16.06868083,-19.29193319,LA5,2009-01-20,04:00:48 AM,04:00:00,Hot-Wet
16.06867981,-19.29193319,LA5,2009-01-20,04:20:48 AM,04:20:00,Hot-Wet
16.06596578,-19.290802,LA5,2009-01-20,04:40:48 AM,04:40:00,Hot-Wet
16.06274923,-19.29028931,LA5,2009-01-20,05:00:48 AM,05:00:00,Hot-Wet
16.06105245,-19.2879069,LA5,2009-01-20,05:20:48 AM,05:20:00,Hot-Wet
16.06190694,-19.28689779,LA5,2009-01-20,05:40:48 AM,05:40:00,Hot-Wet
16.06148275,-19.28640747,LA5,2009-01-20,06:00:48 AM,06:00:00,Hot-Wet
16.06100159,-19.2868571,LA5,2009-01-20,06:20:48 AM,06:20:00,Hot-Wet
16.06107788,-19.28445231,LA5,2009-01-20,06:40:48 AM,06:40:00,Hot-Wet
16.06246643,-19.28470459,LA5,2009-01-20,07:00:48 AM,07:00:00,Hot-Wet
16.06131694,-19.28392944,LA5,2009-01-20,07:20:48 AM,07:20:00,Hot-Wet
16.06074117,-19.28295492,LA5,2009-01-20,07:40:48 AM,07:40:00,Hot-Wet
16.05948283,-19.28238932,LA5,2009-01-20,08:00:48 AM,08:00:00,Hot-Wet
16.05869548,-19.28300374,LA5,2009-01-20,08:20:48 AM,08:20:00,Hot-Wet
16.05831401,-19.28313395,LA5,2009-01-20,08:40:48 AM,08:40:00,Hot-Wet
16.05807292,-19.28377686,LA5,2009-01-20,09:00:48 AM,09:00:00,Hot-Wet
16.05758769,-19.28387858,LA5,2009-01-20,09:20:48 AM,09:20:00,Hot-Wet
16.05759074,-19.28425496,LA5,2009-01-20,09:40:48 AM,09:40:00,Hot-Wet
16.05756022,-19.28424276,LA5,2009-01-20,10:00:48 AM,10:00:00,Hot-Wet
16.05761007,-19.28425496,LA5,2009-01-20,10:20:48 AM,10:20:00,Hot-Wet
16.05743205,-19.28431396,LA5,2009-01-20,10:40:48 AM,10:40:00,Hot-Wet
16.05426737,-19.28479411,LA5,2009-01-20,11:00:48 AM,11:00:00,Hot-Wet
16.0527242,-19.28528849,LA5,2009-01-20,11:20:48 AM,11:20:00,Hot-Wet
16.05222371,-19.28847046,LA5,2009-01-20,11:40:48 AM,11:40:00,Hot-Wet
16.05135803,-19.28866374,LA5,2009-01-20,12:00:48 PM,12:00:00,Hot-Wet
16.05066121,-19.29206746,LA5,2009-01-20,12:20:48 PM,12:20:00,Hot-Wet
16.05048523,-19.29093424,LA5,2009-01-20,12:40:49 PM,12:40:00,Hot-Wet
16.04966431,-19.29270426,LA5,2009-01-20,01:00:48 PM,13:00:00,Hot-Wet
16.04993693,-19.29335327,LA5,2009-01-20,01:20:48 PM,13:20:00,Hot-Wet
16.04999695,-19.29439697,LA5,2009-01-20,01:40:48 PM,13:40:00,Hot-Wet
16.04866435,-19.29337565,LA5,2009-01-20,02:00:48 PM,14:00:00,Hot-Wet
16.04795736,-19.29303996,LA5,2009-01-20,02:20:48 PM,14:20:00,Hot-Wet
16.04652405,-19.29050903,LA5,2009-01-20,02:40:48 PM,14:40:00,Hot-Wet
16.04735616,-19.28908081,LA5,2009-01-20,03:00:48 PM,15:00:00,Hot-Wet
16.0483724,-19.28951416,LA5,2009-01-20,03:20:48 PM,15:20:00,Hot-Wet
16.04839986,-19.29043986,LA5,2009-01-20,03:40:48 PM,15:40:00,Hot-Wet
16.04814758,-19.29092204,LA5,2009-01-20,04:00:48 PM,16:00:00,Hot-Wet
16.04672852,-19.29164225,LA5,2009-01-20,04:20:48 PM,16:20:00,Hot-Wet
16.04609172,-19.29245809,LA5,2009-01-20,04:40:48 PM,16:40:00,Hot-Wet
16.0460317,-19.29243368,LA5,2009-01-20,05:00:48 PM,17:00:00,Hot-Wet
16.04671733,-19.29402873,LA5,2009-01-20,05:20:48 PM,17:20:00,Hot-Wet
16.04860535,-19.29500529,LA5,2009-01-20,05:40:48 PM,17:40:00,Hot-Wet
16.0502299,-19.29582316,LA5,2009-01-20,06:00:48 PM,18:00:00,Hot-Wet
16.05220235,-19.29413249,LA5,2009-01-20,06:20:48 PM,18:20:00,Hot-Wet
16.05203145,-19.2935201,LA5,2009-01-20,06:40:48 PM,18:40:00,Hot-Wet
16.05115763,-19.2930603,LA5,2009-01-20,07:00:48 PM,19:00:00,Hot-Wet
16.05137939,-19.29242757,LA5,2009-01-20,07:20:48 PM,19:20:00,Hot-Wet
16.05155131,-19.29115804,LA5,2009-01-20,07:40:48 PM,19:40:00,Hot-Wet
16.05164591,-19.29095256,LA5,2009-01-20,08:00:48 PM,20:00:00,Hot-Wet
16.05095622,-19.29003906,LA5,2009-01-20,08:20:48 PM,20:20:00,Hot-Wet
16.05033264,-19.28956706,LA5,2009-01-20,08:40:48 PM,20:40:00,Hot-Wet
16.0508311,-19.28867391,LA5,2009-01-20,09:00:48 PM,21:00:00,Hot-Wet
16.05059611,-19.28760579,LA5,2009-01-20,09:20:48 PM,21:20:00,Hot-Wet
16.05040588,-19.28676351,LA5,2009-01-20,09:40:48 PM,21:40:00,Hot-Wet
16.0504893,-19.28685099,LA5,2009-01-20,10:00:55 PM,22:00:00,Hot-Wet
16.0505127,-19.28685913,LA5,2009-01-20,10:20:48 PM,22:20:00,Hot-Wet
16.05050049,-19.28687541,LA5,2009-01-20,10:40:48 PM,22:40:00,Hot-Wet
16.05052592,-19.28685913,LA5,2009-01-20,11:00:48 PM,23:00:00,Hot-Wet
16.05050354,-19.28684285,LA5,2009-01-20,11:20:48 PM,23:20:00,Hot-Wet
16.05047913,-19.28687134,LA5,2009-01-20,11:40:48 PM,23:40:00,Hot-Wet
16.05048218,-19.2868632,LA5,2009-01-21,12:00:48 AM,00:00:00,Hot-Wet
16.05049337,-19.28685913,LA5,2009-01-21,12:20:48 AM,00:20:00,Hot-Wet
16.05047201,-19.28686523,LA5,2009-01-21,12:40:48 AM,00:40:00,Hot-Wet
16.05050049,-19.28684896,LA5,2009-01-21,01:00:48 AM,01:00:00,Hot-Wet
16.05050659,-19.28682454,LA5,2009-01-21,01:20:48 AM,01:20:00,Hot-Wet
16.05052185,-19.28685506,LA5,2009-01-21,01:40:48 AM,01:40:00,Hot-Wet
16.05049438,-19.28688558,LA5,2009-01-21,02:00:48 AM,02:00:00,Hot-Wet
16.05046692,-19.28686117,LA5,2009-01-21,02:20:48 AM,02:20:00,Hot-Wet
16.05093689,-19.28725789,LA5,2009-01-21,02:40:48 AM,02:40:00,Hot-Wet
16.05060425,-19.28741455,LA5,2009-01-21,03:00:48 AM,03:00:00,Hot-Wet
16.04988708,-19.28672485,LA5,2009-01-21,03:20:48 AM,03:20:00,Hot-Wet
16.04923604,-19.28635864,LA5,2009-01-21,03:40:48 AM,03:40:00,Hot-Wet
16.04844666,-19.2858195,LA5,2009-01-21,04:00:48 AM,04:00:00,Hot-Wet
16.04757792,-19.28516439,LA5,2009-01-21,04:20:48 AM,04:20:00,Hot-Wet
16.0484436,-19.28508708,LA5,2009-01-21,04:40:48 AM,04:40:00,Hot-Wet
16.04955037,-19.2844401,LA5,2009-01-21,05:00:48 AM,05:00:00,Hot-Wet
16.04973958,-19.28433634,LA5,2009-01-21,05:20:48 AM,05:20:00,Hot-Wet
16.05001424,-19.28363647,LA5,2009-01-21,05:40:48 AM,05:40:00,Hot-Wet
16.0508606,-19.28147176,LA5,2009-01-21,06:00:48 AM,06:00:00,Hot-Wet
16.05124308,-19.28152669,LA5,2009-01-21,06:20:48 AM,06:20:00,Hot-Wet
16.05228984,-19.28263143,LA5,2009-01-21,06:40:48 AM,06:40:00,Hot-Wet
16.0532725,-19.28376872,LA5,2009-01-21,07:00:48 AM,07:00:00,Hot-Wet
16.05423482,-19.28378092,LA5,2009-01-21,07:20:48 AM,07:20:00,Hot-Wet
16.05445251,-19.28418986,LA5,2009-01-21,07:40:48 AM,07:40:00,Hot-Wet
16.05544027,-19.28299561,LA5,2009-01-21,08:00:48 AM,08:00:00,Hot-Wet
16.05539958,-19.27196859,LA5,2009-01-21,08:20:48 AM,08:20:00,Hot-Wet
16.06186625,-19.26871948,LA5,2009-01-21,08:40:48 AM,08:40:00,Hot-Wet
16.06203613,-19.2658488,LA5,2009-01-21,09:00:48 AM,09:00:00,Hot-Wet
16.06203715,-19.26583659,LA5,2009-01-21,09:20:48 AM,09:20:00,Hot-Wet
16.06201782,-19.2658549,LA5,2009-01-21,09:40:48 AM,09:40:00,Hot-Wet
16.06207784,-19.26586914,LA5,2009-01-21,10:00:48 AM,10:00:00,Hot-Wet
16.0631134,-19.26567383,LA5,2009-01-21,10:20:48 AM,10:20:00,Hot-Wet
16.06311035,-19.26568197,LA5,2009-01-21,10:40:48 AM,10:40:00,Hot-Wet
16.06312663,-19.265684,LA5,2009-01-21,11:00:48 AM,11:00:00,Hot-Wet
16.06544698,-19.26603394,LA5,2009-01-21,11:20:48 AM,11:20:00,Hot-Wet
16.06628418,-19.26847534,LA5,2009-01-21,11:40:48 AM,11:40:00,Hot-Wet
16.06847026,-19.27046712,LA5,2009-01-21,12:00:48 PM,12:00:00,Hot-Wet
16.06983541,-19.27171834,LA5,2009-01-21,12:20:48 PM,12:20:00,Hot-Wet
16.07121379,-19.27146606,LA5,2009-01-21,12:40:48 PM,12:40:00,Hot-Wet
16.07122294,-19.27134806,LA5,2009-01-21,01:00:48 PM,13:00:00,Hot-Wet
16.07254639,-19.27417399,LA5,2009-01-21,01:20:48 PM,13:20:00,Hot-Wet
16.07728475,-19.27485555,LA5,2009-01-21,01:40:48 PM,13:40:00,Hot-Wet
16.08113912,-19.27388509,LA5,2009-01-21,02:00:48 PM,14:00:00,Hot-Wet
16.08348592,-19.27573242,LA5,2009-01-21,02:20:48 PM,14:20:00,Hot-Wet
16.08558248,-19.27491252,LA5,2009-01-21,02:40:48 PM,14:40:00,Hot-Wet
16.08592834,-19.27799276,LA5,2009-01-21,03:00:48 PM,15:00:00,Hot-Wet
16.08596395,-19.27915243,LA5,2009-01-21,03:20:48 PM,15:20:00,Hot-Wet
16.08813477,-19.28043009,LA5,2009-01-21,03:40:48 PM,15:40:00,Hot-Wet
16.08823446,-19.28329061,LA5,2009-01-21,04:00:48 PM,16:00:00,Hot-Wet
16.08996379,-19.28634847,LA5,2009-01-21,04:20:48 PM,16:20:00,Hot-Wet
16.08980713,-19.28796794,LA5,2009-01-21,04:40:48 PM,16:40:00,Hot-Wet
16.08800151,-19.28901367,LA5,2009-01-21,05:00:48 PM,17:00:00,Hot-Wet
16.08784078,-19.28913981,LA5,2009-01-21,05:20:48 PM,17:20:00,Hot-Wet
16.08695984,-19.28926595,LA5,2009-01-21,05:40:48 PM,17:40:00,Hot-Wet
16.08421529,-19.28992106,LA5,2009-01-21,06:00:48 PM,18:00:00,Hot-Wet
16.0826711,-19.29001872,LA5,2009-01-21,06:20:48 PM,18:20:00,Hot-Wet
16.08081156,-19.29042765,LA5,2009-01-21,06:40:48 PM,18:40:00,Hot-Wet
16.07694906,-19.29095662,LA5,2009-01-21,07:00:48 PM,19:00:00,Hot-Wet
16.07633565,-19.29123942,LA5,2009-01-21,07:20:48 PM,19:20:00,Hot-Wet
16.07515157,-19.29138184,LA5,2009-01-21,07:40:48 PM,19:40:00,Hot-Wet
16.07130025,-19.28991699,LA5,2009-01-21,08:00:48 PM,20:00:00,Hot-Wet
16.0720459,-19.29051107,LA5,2009-01-21,08:20:48 PM,20:20:00,Hot-Wet
16.07208252,-19.29090576,LA5,2009-01-21,08:40:48 PM,20:40:00,Hot-Wet
16.07107849,-19.29129028,LA5,2009-01-21,09:00:48 PM,21:00:00,Hot-Wet
16.07214762,-19.29156291,LA5,2009-01-21,09:20:48 PM,21:20:00,Hot-Wet
16.07261963,-19.29102987,LA5,2009-01-21,09:40:48 PM,21:40:00,Hot-Wet
16.07276408,-19.29081421,LA5,2009-01-21,10:00:48 PM,22:00:00,Hot-Wet
16.07211914,-19.29038696,LA5,2009-01-21,10:20:48 PM,22:20:00,Hot-Wet
16.07152913,-19.28881226,LA5,2009-01-21,10:40:48 PM,22:40:00,Hot-Wet
16.07065125,-19.28828328,LA5,2009-01-21,11:00:48 PM,23:00:00,Hot-Wet
16.06885376,-19.28829346,LA5,2009-01-21,11:20:48 PM,23:20:00,Hot-Wet
16.06751099,-19.28844401,LA5,2009-01-21,11:40:48 PM,23:40:00,Hot-Wet
16.06754252,-19.28841349,LA5,2009-01-22,12:00:48 AM,00:00:00,Hot-Wet
16.06754456,-19.28844808,LA5,2009-01-22,12:20:48 AM,00:20:00,Hot-Wet
16.06753235,-19.28845215,LA5,2009-01-22,12:40:48 AM,00:40:00,Hot-Wet
16.06755575,-19.28842977,LA5,2009-01-22,01:00:48 AM,01:00:00,Hot-Wet
16.06727702,-19.28839518,LA5,2009-01-22,01:20:48 AM,01:20:00,Hot-Wet
16.06728312,-19.28837484,LA5,2009-01-22,01:40:48 AM,01:40:00,Hot-Wet
16.06728719,-19.28838094,LA5,2009-01-22,02:00:48 AM,02:00:00,Hot-Wet
16.0672821,-19.28837077,LA5,2009-01-22,02:20:48 AM,02:20:00,Hot-Wet
16.06727193,-19.2883667,LA5,2009-01-22,02:40:48 AM,02:40:00,Hot-Wet
16.06726685,-19.28836466,LA5,2009-01-22,03:00:48 AM,03:00:00,Hot-Wet
16.0670929,-19.28839925,LA5,2009-01-22,03:20:48 AM,03:20:00,Hot-Wet
16.06707967,-19.28848267,LA5,2009-01-22,03:40:48 AM,03:40:00,Hot-Wet
16.06707153,-19.28846639,LA5,2009-01-22,04:00:48 AM,04:00:00,Hot-Wet
16.06698303,-19.28766276,LA5,2009-01-22,04:20:48 AM,04:20:00,Hot-Wet
16.06748657,-19.28687744,LA5,2009-01-22,04:40:48 AM,04:40:00,Hot-Wet
16.06706136,-19.28602091,LA5,2009-01-22,05:00:48 AM,05:00:00,Hot-Wet
16.0668925,-19.28576457,LA5,2009-01-22,05:20:48 AM,05:20:00,Hot-Wet
16.06524862,-19.28465169,LA5,2009-01-22,05:40:48 AM,05:40:00,Hot-Wet
16.06446431,-19.28335368,LA5,2009-01-22,06:00:48 AM,06:00:00,Hot-Wet
16.06432292,-19.28254801,LA5,2009-01-22,06:20:48 AM,06:20:00,Hot-Wet
16.06399434,-19.28171997,LA5,2009-01-22,06:40:48 AM,06:40:00,Hot-Wet
16.06616007,-19.28195597,LA5,2009-01-22,07:00:48 AM,07:00:00,Hot-Wet
16.06796163,-19.28228353,LA5,2009-01-22,07:20:48 AM,07:20:00,Hot-Wet
16.06857605,-19.28184814,LA5,2009-01-22,07:40:48 AM,07:40:00,Hot-Wet
16.06956889,-19.28266602,LA5,2009-01-22,08:00:48 AM,08:00:00,Hot-Wet
16.07010193,-19.28279622,LA5,2009-01-22,08:20:48 AM,08:20:00,Hot-Wet
16.06903687,-19.28377075,LA5,2009-01-22,08:40:48 AM,08:40:00,Hot-Wet
16.06840515,-19.2847229,LA5,2009-01-22,09:00:48 AM,09:00:00,Hot-Wet
16.06832377,-19.28454183,LA5,2009-01-22,09:20:48 AM,09:20:00,Hot-Wet
16.0692159,-19.28700155,LA5,2009-01-22,09:40:48 AM,09:40:00,Hot-Wet
16.06970418,-19.29185994,LA5,2009-01-22,10:00:48 AM,10:00:00,Hot-Wet
16.0686086,-19.2916097,LA5,2009-01-22,10:20:48 AM,10:20:00,Hot-Wet
16.0688151,-19.29239502,LA5,2009-01-22,10:40:48 AM,10:40:00,Hot-Wet
16.06980591,-19.2916748,LA5,2009-01-22,11:00:48 AM,11:00:00,Hot-Wet
16.07109578,-19.28852539,LA5,2009-01-22,11:20:48 AM,11:20:00,Hot-Wet
16.0682312,-19.28839111,LA5,2009-01-22,11:40:48 AM,11:40:00,Hot-Wet
16.06549886,-19.28977865,LA5,2009-01-22,12:00:48 PM,12:00:00,Hot-Wet
16.06050313,-19.28962606,LA5,2009-01-22,12:20:48 PM,12:20:00,Hot-Wet
16.0590627,-19.28874105,LA5,2009-01-22,12:40:49 PM,12:40:00,Hot-Wet
16.05823975,-19.28863932,LA5,2009-01-22,01:00:48 PM,13:00:00,Hot-Wet
16.05628357,-19.28809814,LA5,2009-01-22,01:20:48 PM,13:20:00,Hot-Wet
16.05631612,-19.29159139,LA5,2009-01-22,01:40:48 PM,13:40:00,Hot-Wet
16.05489705,-19.29298096,LA5,2009-01-22,02:00:48 PM,14:00:00,Hot-Wet
16.05570272,-19.29530233,LA5,2009-01-22,02:20:48 PM,14:20:00,Hot-Wet
16.05561523,-19.29715169,LA5,2009-01-22,02:40:48 PM,14:40:00,Hot-Wet
16.05494893,-19.29692179,LA5,2009-01-22,03:00:48 PM,15:00:00,Hot-Wet
16.05420634,-19.29711711,LA5,2009-01-22,03:20:48 PM,15:20:00,Hot-Wet
16.05350037,-19.29829305,LA5,2009-01-22,03:40:48 PM,15:40:00,Hot-Wet
16.04951681,-19.30096436,LA5,2009-01-22,04:00:48 PM,16:00:00,Hot-Wet
16.04444885,-19.3045756,LA5,2009-01-22,04:20:48 PM,16:20:00,Hot-Wet
16.04336955,-19.30548299,LA5,2009-01-22,04:40:48 PM,16:40:00,Hot-Wet
16.04120483,-19.30894165,LA5,2009-01-22,05:00:48 PM,17:00:00,Hot-Wet
16.03624674,-19.31025594,LA5,2009-01-22,05:20:48 PM,17:20:00,Hot-Wet
16.03502502,-19.30893758,LA5,2009-01-22,05:40:48 PM,17:40:00,Hot-Wet
16.03564046,-19.3081014,LA5,2009-01-22,06:00:48 PM,18:00:00,Hot-Wet
16.0371287,-19.30686035,LA5,2009-01-22,06:20:48 PM,18:20:00,Hot-Wet
16.03816833,-19.3075765,LA5,2009-01-22,06:40:48 PM,18:40:00,Hot-Wet
16.03849792,-19.30753988,LA5,2009-01-22,07:00:48 PM,19:00:00,Hot-Wet
16.03949076,-19.30748088,LA5,2009-01-22,07:20:48 PM,19:20:00,Hot-Wet
16.04057515,-19.30795695,LA5,2009-01-22,07:40:48 PM,19:40:00,Hot-Wet
16.04143066,-19.3080363,LA5,2009-01-22,08:00:48 PM,20:00:00,Hot-Wet
16.04258626,-19.30731812,LA5,2009-01-22,08:20:48 PM,20:20:00,Hot-Wet
16.04308167,-19.30708415,LA5,2009-01-22,08:40:48 PM,20:40:00,Hot-Wet
16.04356995,-19.30626221,LA5,2009-01-22,09:00:48 PM,21:00:00,Hot-Wet
16.04317017,-19.30504557,LA5,2009-01-22,09:20:48 PM,21:20:00,Hot-Wet
16.04327087,-19.30532633,LA5,2009-01-22,09:40:48 PM,21:40:00,Hot-Wet
16.04302877,-19.30397339,LA5,2009-01-22,10:00:48 PM,22:00:00,Hot-Wet
16.04296977,-19.30396729,LA5,2009-01-22,10:20:48 PM,22:20:00,Hot-Wet
16.04279989,-19.3034668,LA5,2009-01-22,10:40:48 PM,22:40:00,Hot-Wet
16.04307556,-19.30224813,LA5,2009-01-22,11:00:48 PM,23:00:00,Hot-Wet
16.0436554,-19.30245158,LA5,2009-01-22,11:20:48 PM,23:20:00,Hot-Wet
16.04371541,-19.30271606,LA5,2009-01-22,11:40:48 PM,23:40:00,Hot-Wet
16.04386597,-19.30260417,LA5,2009-01-23,12:00:48 AM,00:00:00,Hot-Wet
16.04385783,-19.30258993,LA5,2009-01-23,12:20:48 AM,00:20:00,Hot-Wet
16.04386902,-19.3026062,LA5,2009-01-23,12:40:48 AM,00:40:00,Hot-Wet
16.04386088,-19.30263062,LA5,2009-01-23,01:00:48 AM,01:00:00,Hot-Wet
16.04385986,-19.30261637,LA5,2009-01-23,01:20:48 AM,01:20:00,Hot-Wet
16.04387207,-19.30262044,LA5,2009-01-23,01:40:48 AM,01:40:00,Hot-Wet
16.04384257,-19.30261027,LA5,2009-01-23,02:00:48 AM,02:00:00,Hot-Wet
16.04386902,-19.30261434,LA5,2009-01-23,02:20:48 AM,02:20:00,Hot-Wet
16.0438385,-19.30262655,LA5,2009-01-23,02:40:48 AM,02:40:00,Hot-Wet
16.04384664,-19.3026123,LA5,2009-01-23,03:00:48 AM,03:00:00,Hot-Wet
16.04385579,-19.30262858,LA5,2009-01-23,03:20:48 AM,03:20:00,Hot-Wet
16.04421285,-19.30267334,LA5,2009-01-23,03:40:48 AM,03:40:00,Hot-Wet
16.04422201,-19.30266724,LA5,2009-01-23,04:00:48 AM,04:00:00,Hot-Wet
16.04422201,-19.30265503,LA5,2009-01-23,04:20:48 AM,04:20:00,Hot-Wet
16.04548747,-19.30225016,LA5,2009-01-23,04:40:48 AM,04:40:00,Hot-Wet
16.04692179,-19.30254517,LA5,2009-01-23,05:00:48 AM,05:00:00,Hot-Wet
16.04705607,-19.30352783,LA5,2009-01-23,05:20:48 AM,05:20:00,Hot-Wet
16.04618123,-19.30390625,LA5,2009-01-23,05:40:48 AM,05:40:00,Hot-Wet
16.04620463,-19.3045105,LA5,2009-01-23,06:00:48 AM,06:00:00,Hot-Wet
16.04773153,-19.30496623,LA5,2009-01-23,06:20:48 AM,06:20:00,Hot-Wet
16.04906413,-19.3043986,LA5,2009-01-23,06:40:48 AM,06:40:00,Hot-Wet
16.05017395,-19.30377604,LA5,2009-01-23,07:00:48 AM,07:00:00,Hot-Wet
16.05095317,-19.30270589,LA5,2009-01-23,07:20:48 AM,07:20:00,Hot-Wet
16.05039571,-19.30252889,LA5,2009-01-23,07:40:48 AM,07:40:00,Hot-Wet
16.05206807,-19.30211385,LA5,2009-01-23,08:00:48 AM,08:00:00,Hot-Wet
16.05213521,-19.30121053,LA5,2009-01-23,08:20:48 AM,08:20:00,Hot-Wet
16.05091248,-19.30029704,LA5,2009-01-23,08:40:48 AM,08:40:00,Hot-Wet
16.05072734,-19.29935303,LA5,2009-01-23,09:00:48 AM,09:00:00,Hot-Wet
16.05004883,-19.29829305,LA5,2009-01-23,09:20:48 AM,09:20:00,Hot-Wet
16.05099691,-19.2976766,LA5,2009-01-23,09:40:48 AM,09:40:00,Hot-Wet
16.05104574,-19.29748739,LA5,2009-01-23,10:00:48 AM,10:00:00,Hot-Wet
16.05182292,-19.297288,LA5,2009-01-23,10:20:48 AM,10:20:00,Hot-Wet
16.05276184,-19.29876912,LA5,2009-01-23,10:40:48 AM,10:40:00,Hot-Wet
16.05358988,-19.29992676,LA5,2009-01-23,11:00:48 AM,11:00:00,Hot-Wet
16.05458476,-19.29975993,LA5,2009-01-23,11:20:48 AM,11:20:00,Hot-Wet
16.05468648,-19.29879761,LA5,2009-01-23,11:40:48 AM,11:40:00,Hot-Wet
16.0550883,-19.29835002,LA5,2009-01-23,12:00:48 PM,12:00:00,Hot-Wet
16.05411377,-19.29806519,LA5,2009-01-23,12:20:48 PM,12:20:00,Hot-Wet
16.05299377,-19.29779256,LA5,2009-01-23,01:00:38 PM,13:00:00,Hot-Wet
16.05178019,-19.29859009,LA5,2009-01-23,01:20:38 PM,13:20:00,Hot-Wet
16.05168152,-19.29831136,LA5,2009-01-23,01:40:38 PM,13:40:00,Hot-Wet
16.05111796,-19.29826457,LA5,2009-01-23,02:00:38 PM,14:00:00,Hot-Wet
16.05112712,-19.2982666,LA5,2009-01-23,02:20:38 PM,14:20:00,Hot-Wet
16.05110982,-19.29828695,LA5,2009-01-23,02:40:38 PM,14:40:00,Hot-Wet
16.05030721,-19.29894002,LA5,2009-01-23,03:00:38 PM,15:00:00,Hot-Wet
16.04652303,-19.30215658,LA5,2009-01-23,03:20:38 PM,15:20:00,Hot-Wet
16.04628703,-19.30196533,LA5,2009-01-23,03:40:38 PM,15:40:00,Hot-Wet
16.04729106,-19.30234985,LA5,2009-01-23,04:00:38 PM,16:00:00,Hot-Wet
16.04711304,-19.30438029,LA5,2009-01-23,04:20:38 PM,16:20:00,Hot-Wet
16.04544169,-19.30771484,LA5,2009-01-23,04:40:38 PM,16:40:00,Hot-Wet
16.04513652,-19.30937093,LA5,2009-01-23,05:00:38 PM,17:00:00,Hot-Wet
16.04310404,-19.30833944,LA5,2009-01-23,05:20:38 PM,17:20:00,Hot-Wet
16.04226278,-19.30473633,LA5,2009-01-23,05:40:38 PM,17:40:00,Hot-Wet
16.03340251,-19.29875285,LA5,2009-01-23,06:00:38 PM,18:00:00,Hot-Wet
16.0211263,-19.29621379,LA5,2009-01-23,06:20:38 PM,18:20:00,Hot-Wet
16.01266479,-19.29401449,LA5,2009-01-23,06:40:38 PM,18:40:00,Hot-Wet
16.00249736,-19.29816284,LA5,2009-01-23,07:00:38 PM,19:00:00,Hot-Wet
15.99448751,-19.2998291,LA5,2009-01-23,07:20:38 PM,19:20:00,Hot-Wet
15.98952026,-19.30394897,LA5,2009-01-23,07:40:38 PM,19:40:00,Hot-Wet
15.97939046,-19.30716553,LA5,2009-01-23,08:00:38 PM,20:00:00,Hot-Wet
15.96829224,-19.30981038,LA5,2009-01-23,08:20:38 PM,20:20:00,Hot-Wet
15.95742696,-19.31106567,LA5,2009-01-23,08:40:38 PM,20:40:00,Hot-Wet
15.93670553,-19.31453857,LA5,2009-01-23,09:00:38 PM,21:00:00,Hot-Wet
15.9367157,-19.31454468,LA5,2009-01-23,09:20:38 PM,21:20:00,Hot-Wet
15.92807922,-19.30651652,LA5,2009-01-23,09:40:38 PM,21:40:00,Hot-Wet
15.92133382,-19.29944255,LA5,2009-01-23,10:00:38 PM,22:00:00,Hot-Wet
15.91072489,-19.29293009,LA5,2009-01-23,10:20:38 PM,22:20:00,Hot-Wet
15.9107137,-19.29292603,LA5,2009-01-23,10:40:38 PM,22:40:00,Hot-Wet
15.90932719,-19.28981527,LA5,2009-01-23,11:00:38 PM,23:00:00,Hot-Wet
15.90861816,-19.28790894,LA5,2009-01-23,11:20:38 PM,23:20:00,Hot-Wet
15.90875244,-19.28704427,LA5,2009-01-23,11:40:38 PM,23:40:00,Hot-Wet
15.90878092,-19.2854187,LA5,2009-01-24,12:00:38 AM,00:00:00,Hot-Wet
15.90824483,-19.28438924,LA5,2009-01-24,12:20:38 AM,00:20:00,Hot-Wet
15.9073995,-19.28263143,LA5,2009-01-24,12:40:38 AM,00:40:00,Hot-Wet
15.9073466,-19.28374634,LA5,2009-01-24,01:00:38 AM,01:00:00,Hot-Wet
15.9073466,-19.2837443,LA5,2009-01-24,01:20:38 AM,01:20:00,Hot-Wet
15.90736491,-19.28372599,LA5,2009-01-24,01:40:38 AM,01:40:00,Hot-Wet
15.90739034,-19.28374634,LA5,2009-01-24,02:00:38 AM,02:00:00,Hot-Wet
15.90734355,-19.2837443,LA5,2009-01-24,02:20:38 AM,02:20:00,Hot-Wet
15.9072998,-19.28389486,LA5,2009-01-24,02:40:38 AM,02:40:00,Hot-Wet
15.9072876,-19.28391317,LA5,2009-01-24,03:00:38 AM,03:00:00,Hot-Wet
15.90724691,-19.28388672,LA5,2009-01-24,03:20:38 AM,03:20:00,Hot-Wet
15.9072876,-19.2839091,LA5,2009-01-24,03:40:38 AM,03:40:00,Hot-Wet
15.90730591,-19.2839091,LA5,2009-01-24,04:00:38 AM,04:00:00,Hot-Wet
15.90681152,-19.28334961,LA5,2009-01-24,04:20:38 AM,04:20:00,Hot-Wet
15.90702006,-19.28211873,LA5,2009-01-24,04:40:38 AM,04:40:00,Hot-Wet
15.90749715,-19.28047078,LA5,2009-01-24,05:00:38 AM,05:00:00,Hot-Wet
15.90786743,-19.27955119,LA5,2009-01-24,05:20:38 AM,05:20:00,Hot-Wet
15.90909322,-19.2781779,LA5,2009-01-24,05:40:38 AM,05:40:00,Hot-Wet
15.91002299,-19.27670898,LA5,2009-01-24,06:00:38 AM,06:00:00,Hot-Wet
15.90964661,-19.27612101,LA5,2009-01-24,06:20:38 AM,06:20:00,Hot-Wet
15.91070557,-19.27486572,LA5,2009-01-24,06:40:38 AM,06:40:00,Hot-Wet
15.90869649,-19.27751872,LA5,2009-01-24,07:00:38 AM,07:00:00,Hot-Wet
15.9086853,-19.27750854,LA5,2009-01-24,07:20:38 AM,07:20:00,Hot-Wet
15.90826823,-19.27930094,LA5,2009-01-24,07:40:38 AM,07:40:00,Hot-Wet
15.90827128,-19.27930298,LA5,2009-01-24,08:00:38 AM,08:00:00,Hot-Wet
15.90301107,-19.28138631,LA5,2009-01-24,08:20:38 AM,08:20:00,Hot-Wet
15.89824931,-19.27888997,LA5,2009-01-24,08:40:38 AM,08:40:00,Hot-Wet
15.89289551,-19.27154948,LA5,2009-01-24,09:00:38 AM,09:00:00,Hot-Wet
15.89060364,-19.27381592,LA5,2009-01-24,09:20:38 AM,09:20:00,Hot-Wet
15.88843587,-19.27564901,LA5,2009-01-24,09:40:38 AM,09:40:00,Hot-Wet
15.88732402,-19.27260742,LA5,2009-01-24,10:00:38 AM,10:00:00,Hot-Wet
15.88833923,-19.27304077,LA5,2009-01-24,10:20:38 AM,10:20:00,Hot-Wet
15.88843994,-19.27349243,LA5,2009-01-24,10:40:38 AM,10:40:00,Hot-Wet
15.88262024,-19.27009684,LA5,2009-01-24,11:00:38 AM,11:00:00,Hot-Wet
15.88135783,-19.27151082,LA5,2009-01-24,11:20:38 AM,11:20:00,Hot-Wet
15.88242798,-19.27178548,LA5,2009-01-24,11:40:38 AM,11:40:00,Hot-Wet
15.88297323,-19.27107544,LA5,2009-01-24,12:00:38 PM,12:00:00,Hot-Wet
15.88322042,-19.27118937,LA5,2009-01-24,12:20:38 PM,12:20:00,Hot-Wet
15.88400675,-19.27209066,LA5,2009-01-24,12:40:38 PM,12:40:00,Hot-Wet
15.88131205,-19.27046102,LA5,2009-01-24,01:00:38 PM,13:00:00,Hot-Wet
15.88037313,-19.26953735,LA5,2009-01-24,01:20:38 PM,13:20:00,Hot-Wet
15.87885234,-19.27042033,LA5,2009-01-24,01:40:38 PM,13:40:00,Hot-Wet
15.87672424,-19.27104492,LA5,2009-01-24,02:00:38 PM,14:00:00,Hot-Wet
15.8720164,-19.27281698,LA5,2009-01-24,02:20:38 PM,14:20:00,Hot-Wet
15.87481791,-19.26871948,LA5,2009-01-24,02:40:38 PM,14:40:00,Hot-Wet
15.87639364,-19.26888631,LA5,2009-01-24,03:00:38 PM,15:00:00,Hot-Wet
15.87533468,-19.26791178,LA5,2009-01-24,03:20:38 PM,15:20:00,Hot-Wet
15.8647878,-19.26607666,LA5,2009-01-24,03:40:38 PM,15:40:00,Hot-Wet
15.8558431,-19.26277262,LA5,2009-01-24,04:00:38 PM,16:00:00,Hot-Wet
15.85329081,-19.26148885,LA5,2009-01-24,04:20:38 PM,16:20:00,Hot-Wet
15.85244548,-19.26020915,LA5,2009-01-24,04:40:38 PM,16:40:00,Hot-Wet
15.85015259,-19.26305745,LA5,2009-01-24,05:00:38 PM,17:00:00,Hot-Wet
15.84714559,-19.2650472,LA5,2009-01-24,05:20:38 PM,17:20:00,Hot-Wet
15.83974202,-19.26565348,LA5,2009-01-24,05:40:38 PM,17:40:00,Hot-Wet
15.83776245,-19.2655599,LA5,2009-01-24,06:00:38 PM,18:00:00,Hot-Wet
15.83636983,-19.26612956,LA5,2009-01-24,06:20:38 PM,18:20:00,Hot-Wet
15.83379924,-19.26707153,LA5,2009-01-24,06:40:38 PM,18:40:00,Hot-Wet
15.8325887,-19.2672465,LA5,2009-01-24,07:00:38 PM,19:00:00,Hot-Wet
15.83286947,-19.26503906,LA5,2009-01-24,07:20:38 PM,19:20:00,Hot-Wet
15.83473511,-19.26358846,LA5,2009-01-24,07:40:38 PM,19:40:00,Hot-Wet
15.83510335,-19.2637146,LA5,2009-01-24,08:00:38 PM,20:00:00,Hot-Wet
15.83561096,-19.26318563,LA5,2009-01-24,08:20:38 PM,20:20:00,Hot-Wet
15.83501282,-19.26178996,LA5,2009-01-24,08:40:38 PM,20:40:00,Hot-Wet
15.83517863,-19.2616984,LA5,2009-01-24,09:00:38 PM,21:00:00,Hot-Wet
15.83417867,-19.26106567,LA5,2009-01-24,09:20:38 PM,21:20:00,Hot-Wet
15.83415527,-19.2610616,LA5,2009-01-24,09:40:38 PM,21:40:00,Hot-Wet
15.83322449,-19.26143392,LA5,2009-01-24,10:00:38 PM,22:00:00,Hot-Wet
15.8347585,-19.26367188,LA5,2009-01-24,10:20:38 PM,22:20:00,Hot-Wet
15.83562622,-19.26485392,LA5,2009-01-24,10:40:38 PM,22:40:00,Hot-Wet
15.83638407,-19.26485596,LA5,2009-01-24,11:00:38 PM,23:00:00,Hot-Wet
15.8365682,-19.26528117,LA5,2009-01-24,11:20:38 PM,23:20:00,Hot-Wet
15.83652242,-19.26714478,LA5,2009-01-24,11:40:38 PM,23:40:00,Hot-Wet
15.83712362,-19.26682739,LA5,2009-01-25,12:00:38 AM,00:00:00,Hot-Wet
15.83652852,-19.2667216,LA5,2009-01-25,12:20:38 AM,00:20:00,Hot-Wet
15.83653361,-19.26671753,LA5,2009-01-25,12:40:38 AM,00:40:00,Hot-Wet
15.83657735,-19.26674601,LA5,2009-01-25,01:00:38 AM,01:00:00,Hot-Wet
15.83655396,-19.26675415,LA5,2009-01-25,01:20:38 AM,01:20:00,Hot-Wet
15.83655802,-19.2667216,LA5,2009-01-25,01:40:38 AM,01:40:00,Hot-Wet
15.83592834,-19.26717936,LA5,2009-01-25,02:00:38 AM,02:00:00,Hot-Wet
15.83591105,-19.26722005,LA5,2009-01-25,02:20:38 AM,02:20:00,Hot-Wet
15.83589986,-19.2671814,LA5,2009-01-25,02:40:38 AM,02:40:00,Hot-Wet
15.83591309,-19.26717529,LA5,2009-01-25,03:00:38 AM,03:00:00,Hot-Wet
15.83589783,-19.2671814,LA5,2009-01-25,03:20:38 AM,03:20:00,Hot-Wet
15.83590088,-19.26717936,LA5,2009-01-25,03:40:38 AM,03:40:00,Hot-Wet
15.83586629,-19.26718953,LA5,2009-01-25,04:00:38 AM,04:00:00,Hot-Wet
15.8358785,-19.26721598,LA5,2009-01-25,04:20:38 AM,04:20:00,Hot-Wet
15.83591003,-19.26717936,LA5,2009-01-25,04:40:38 AM,04:40:00,Hot-Wet
15.83583781,-19.26723429,LA5,2009-01-25,05:00:38 AM,05:00:00,Hot-Wet
15.83875326,-19.27000732,LA5,2009-01-25,05:20:38 AM,05:20:00,Hot-Wet
15.84064331,-19.27017008,LA5,2009-01-25,05:40:38 AM,05:40:00,Hot-Wet
15.84210815,-19.2713501,LA5,2009-01-25,06:00:38 AM,06:00:00,Hot-Wet
15.84299215,-19.27183838,LA5,2009-01-25,06:20:38 AM,06:20:00,Hot-Wet
15.84329224,-19.27045492,LA5,2009-01-25,06:40:38 AM,06:40:00,Hot-Wet
15.84119873,-19.2699646,LA5,2009-01-25,07:00:38 AM,07:00:00,Hot-Wet
15.84120483,-19.26997274,LA5,2009-01-25,07:20:38 AM,07:20:00,Hot-Wet
15.84064535,-19.27033488,LA5,2009-01-25,07:40:38 AM,07:40:00,Hot-Wet
15.84065348,-19.27028809,LA5,2009-01-25,08:00:38 AM,08:00:00,Hot-Wet
15.84067179,-19.27033081,LA5,2009-01-25,08:20:38 AM,08:20:00,Hot-Wet
15.84066671,-19.27033081,LA5,2009-01-25,08:40:38 AM,08:40:00,Hot-Wet
15.8407491,-19.27090047,LA5,2009-01-25,09:00:38 AM,09:00:00,Hot-Wet
15.83974202,-19.27141724,LA5,2009-01-25,09:20:38 AM,09:20:00,Hot-Wet
15.83845927,-19.27140706,LA5,2009-01-25,09:40:38 AM,09:40:00,Hot-Wet
15.84047445,-19.27484334,LA5,2009-01-25,10:00:38 AM,10:00:00,Hot-Wet
15.84343465,-19.27563273,LA5,2009-01-25,10:20:38 AM,10:20:00,Hot-Wet
15.84357198,-19.27580363,LA5,2009-01-25,10:40:38 AM,10:40:00,Hot-Wet
15.84238078,-19.27273356,LA5,2009-01-25,11:00:38 AM,11:00:00,Hot-Wet
15.84175008,-19.27290039,LA5,2009-01-25,11:20:38 AM,11:20:00,Hot-Wet
15.84165039,-19.27384644,LA5,2009-01-25,11:40:38 AM,11:40:00,Hot-Wet
15.84073588,-19.2734965,LA5,2009-01-25,12:00:38 PM,12:00:00,Hot-Wet
15.84260152,-19.2711141,LA5,2009-01-25,12:20:38 PM,12:20:00,Hot-Wet
15.84234416,-19.26790365,LA5,2009-01-25,12:40:38 PM,12:40:00,Hot-Wet
15.84019165,-19.26472371,LA5,2009-01-25,01:00:38 PM,13:00:00,Hot-Wet
15.84021301,-19.26471965,LA5,2009-01-25,01:20:38 PM,13:20:00,Hot-Wet
15.84021403,-19.26472575,LA5,2009-01-25,01:40:38 PM,13:40:00,Hot-Wet
15.84031576,-19.26467489,LA5,2009-01-25,02:00:38 PM,14:00:00,Hot-Wet
15.84564311,-19.26769613,LA5,2009-01-25,02:20:38 PM,14:20:00,Hot-Wet
15.8456604,-19.26823527,LA5,2009-01-25,02:40:38 PM,14:40:00,Hot-Wet
15.84402262,-19.2674825,LA5,2009-01-25,03:00:38 PM,15:00:00,Hot-Wet
15.84012044,-19.2654012,LA5,2009-01-25,03:20:38 PM,15:20:00,Hot-Wet
15.83899841,-19.26590169,LA5,2009-01-25,03:40:38 PM,15:40:00,Hot-Wet
15.83748474,-19.26572266,LA5,2009-01-25,04:00:38 PM,16:00:00,Hot-Wet
15.83687642,-19.26583455,LA5,2009-01-25,04:20:38 PM,16:20:00,Hot-Wet
15.83637492,-19.26445313,LA5,2009-01-25,04:40:38 PM,16:40:00,Hot-Wet
15.83589986,-19.26317546,LA5,2009-01-25,05:00:38 PM,17:00:00,Hot-Wet
15.83642069,-19.26030884,LA5,2009-01-25,05:20:38 PM,17:20:00,Hot-Wet
15.83179423,-19.25847778,LA5,2009-01-25,05:40:38 PM,17:40:00,Hot-Wet
15.83226725,-19.25623983,LA5,2009-01-25,06:00:38 PM,18:00:00,Hot-Wet
15.83345337,-19.25472616,LA5,2009-01-25,06:20:38 PM,18:20:00,Hot-Wet
15.83567301,-19.25532023,LA5,2009-01-25,06:40:38 PM,18:40:00,Hot-Wet
15.83712056,-19.25312703,LA5,2009-01-25,07:00:38 PM,19:00:00,Hot-Wet
15.84123535,-19.2500651,LA5,2009-01-25,07:20:38 PM,19:20:00,Hot-Wet
15.84357605,-19.24833374,LA5,2009-01-25,07:40:38 PM,19:40:00,Hot-Wet
15.84408569,-19.24714559,LA5,2009-01-25,08:00:38 PM,20:00:00,Hot-Wet
15.84410299,-19.24574178,LA5,2009-01-25,08:20:38 PM,20:20:00,Hot-Wet
15.8438975,-19.24557292,LA5,2009-01-25,08:40:38 PM,20:40:00,Hot-Wet
15.84348348,-19.24591675,LA5,2009-01-25,09:00:38 PM,21:00:00,Hot-Wet
15.84462585,-19.24589233,LA5,2009-01-25,09:20:38 PM,21:20:00,Hot-Wet
15.84498901,-19.2465922,LA5,2009-01-25,09:40:38 PM,21:40:00,Hot-Wet
15.84611104,-19.24599202,LA5,2009-01-25,10:00:38 PM,22:00:00,Hot-Wet
15.84589742,-19.24553426,LA5,2009-01-25,10:20:38 PM,22:20:00,Hot-Wet
15.84511922,-19.24572754,LA5,2009-01-25,10:40:38 PM,22:40:00,Hot-Wet
15.84472351,-19.24646606,LA5,2009-01-25,11:00:38 PM,23:00:00,Hot-Wet
15.84371745,-19.24818929,LA5,2009-01-25,11:20:38 PM,23:20:00,Hot-Wet
15.84290161,-19.24885254,LA5,2009-01-25,11:40:38 PM,23:40:00,Hot-Wet
15.84071147,-19.24825033,LA5,2009-01-26,12:00:38 AM,00:00:00,Hot-Wet
15.8391571,-19.24876099,LA5,2009-01-26,12:20:38 AM,00:20:00,Hot-Wet
15.83918457,-19.24833577,LA5,2009-01-26,12:40:38 AM,00:40:00,Hot-Wet
15.83918762,-19.24834391,LA5,2009-01-26,01:00:38 AM,01:00:00,Hot-Wet
15.8391866,-19.2483195,LA5,2009-01-26,01:20:38 AM,01:20:00,Hot-Wet
15.8384023,-19.24820353,LA5,2009-01-26,01:40:38 AM,01:40:00,Hot-Wet
15.83772786,-19.2476766,LA5,2009-01-26,02:00:38 AM,02:00:00,Hot-Wet
15.83766174,-19.24775798,LA5,2009-01-26,02:20:38 AM,02:20:00,Hot-Wet
15.8376943,-19.24775594,LA5,2009-01-26,02:40:38 AM,02:40:00,Hot-Wet
15.83811137,-19.24781087,LA5,2009-01-26,03:00:38 AM,03:00:00,Hot-Wet
15.83775228,-19.24775391,LA5,2009-01-26,03:20:38 AM,03:20:00,Hot-Wet
15.83771057,-19.24775391,LA5,2009-01-26,03:40:38 AM,03:40:00,Hot-Wet
15.83772888,-19.24776408,LA5,2009-01-26,04:00:38 AM,04:00:00,Hot-Wet
15.83768921,-19.24779663,LA5,2009-01-26,04:20:57 AM,04:20:00,Hot-Wet
15.83775228,-19.24776815,LA5,2009-01-26,04:40:38 AM,04:40:00,Hot-Wet
15.83775838,-19.24776815,LA5,2009-01-26,05:00:38 AM,05:00:00,Hot-Wet
15.83766581,-19.24776611,LA5,2009-01-26,05:20:38 AM,05:20:00,Hot-Wet
15.83760478,-19.2477417,LA5,2009-01-26,05:40:38 AM,05:40:00,Hot-Wet
15.83773397,-19.24764811,LA5,2009-01-26,06:00:38 AM,06:00:00,Hot-Wet
15.83644307,-19.24575806,LA5,2009-01-26,06:20:38 AM,06:20:00,Hot-Wet
15.83499451,-19.24327189,LA5,2009-01-26,06:40:38 AM,06:40:00,Hot-Wet
15.8346049,-19.24145711,LA5,2009-01-26,07:00:38 AM,07:00:00,Hot-Wet
15.83120015,-19.23806559,LA5,2009-01-26,07:20:38 AM,07:20:00,Hot-Wet
15.83119303,-19.23806356,LA5,2009-01-26,07:40:38 AM,07:40:00,Hot-Wet
15.82940877,-19.23739624,LA5,2009-01-26,08:00:38 AM,08:00:00,Hot-Wet
15.82886759,-19.23789266,LA5,2009-01-26,08:20:38 AM,08:20:00,Hot-Wet
15.82886658,-19.23789876,LA5,2009-01-26,08:40:38 AM,08:40:00,Hot-Wet
15.82891337,-19.2379008,LA5,2009-01-26,09:00:38 AM,09:00:00,Hot-Wet
15.82768962,-19.23876343,LA5,2009-01-26,09:20:38 AM,09:20:00,Hot-Wet
15.82724609,-19.23979085,LA5,2009-01-26,09:40:38 AM,09:40:00,Hot-Wet
15.82713928,-19.24026082,LA5,2009-01-26,10:00:38 AM,10:00:00,Hot-Wet
15.82713521,-19.24026082,LA5,2009-01-26,10:20:38 AM,10:20:00,Hot-Wet
15.8271169,-19.24025675,LA5,2009-01-26,10:40:38 AM,10:40:00,Hot-Wet
15.82712097,-19.24025269,LA5,2009-01-26,11:00:38 AM,11:00:00,Hot-Wet
15.82714539,-19.24025269,LA5,2009-01-26,11:20:38 AM,11:20:00,Hot-Wet
15.83100382,-19.24383138,LA5,2009-01-26,11:40:38 AM,11:40:00,Hot-Wet
15.83151855,-19.24246216,LA5,2009-01-26,12:00:38 PM,12:00:00,Hot-Wet
15.83454692,-19.24672648,LA5,2009-01-26,12:20:38 PM,12:20:00,Hot-Wet
15.83493856,-19.24690145,LA5,2009-01-26,12:40:38 PM,12:40:00,Hot-Wet
15.83107096,-19.24937744,LA5,2009-01-26,01:00:38 PM,13:00:00,Hot-Wet
15.83039856,-19.24866943,LA5,2009-01-26,01:20:38 PM,13:20:00,Hot-Wet
15.82782084,-19.24548543,LA5,2009-01-26,01:40:38 PM,13:40:00,Hot-Wet
15.82557983,-19.24501343,LA5,2009-01-26,02:00:38 PM,14:00:00,Hot-Wet
15.82542623,-19.24461873,LA5,2009-01-26,02:20:38 PM,14:20:00,Hot-Wet
15.8240387,-19.24614258,LA5,2009-01-26,02:40:38 PM,14:40:00,Hot-Wet
15.82234599,-19.24492188,LA5,2009-01-26,03:00:38 PM,15:00:00,Hot-Wet
15.81801453,-19.24366455,LA5,2009-01-26,03:20:38 PM,15:20:00,Hot-Wet
15.81754252,-19.24497274,LA5,2009-01-26,03:40:38 PM,15:40:00,Hot-Wet
15.81672872,-19.24378459,LA5,2009-01-26,04:00:38 PM,16:00:00,Hot-Wet
15.81766154,-19.24288534,LA5,2009-01-26,04:20:38 PM,16:20:00,Hot-Wet
15.8173055,-19.2430542,LA5,2009-01-26,04:40:38 PM,16:40:00,Hot-Wet
15.81637675,-19.2429891,LA5,2009-01-26,05:00:38 PM,17:00:00,Hot-Wet
15.81280924,-19.24256592,LA5,2009-01-26,05:20:38 PM,17:20:00,Hot-Wet
15.80712687,-19.23985596,LA5,2009-01-26,05:40:38 PM,17:40:00,Hot-Wet
15.80504456,-19.24012858,LA5,2009-01-26,06:00:38 PM,18:00:00,Hot-Wet
15.804953,-19.24007772,LA5,2009-01-26,06:20:38 PM,18:20:00,Hot-Wet
15.80191752,-19.24081014,LA5,2009-01-26,06:40:38 PM,18:40:00,Hot-Wet
15.80227661,-19.24136353,LA5,2009-01-26,07:00:38 PM,19:00:00,Hot-Wet
15.80205892,-19.24290975,LA5,2009-01-26,07:20:38 PM,19:20:00,Hot-Wet
15.80316366,-19.24319458,LA5,2009-01-26,07:40:38 PM,19:40:00,Hot-Wet
15.80289307,-19.24344889,LA5,2009-01-26,08:00:38 PM,20:00:00,Hot-Wet
15.80282796,-19.2453715,LA5,2009-01-26,08:20:38 PM,20:20:00,Hot-Wet
15.80239563,-19.24737142,LA5,2009-01-26,08:40:38 PM,20:40:00,Hot-Wet
15.80301514,-19.24818726,LA5,2009-01-26,09:00:38 PM,21:00:00,Hot-Wet
15.8035848,-19.24897257,LA5,2009-01-26,09:20:38 PM,21:20:00,Hot-Wet
15.80403239,-19.24873454,LA5,2009-01-26,09:40:38 PM,21:40:00,Hot-Wet
15.80622762,-19.24818929,LA5,2009-01-26,10:00:38 PM,22:00:00,Hot-Wet
15.80592143,-19.24890137,LA5,2009-01-26,10:20:38 PM,22:20:00,Hot-Wet
15.80563761,-19.24921265,LA5,2009-01-26,10:40:38 PM,22:40:00,Hot-Wet
15.80506592,-19.25004679,LA5,2009-01-26,11:00:38 PM,23:00:00,Hot-Wet
15.80509135,-19.25032552,LA5,2009-01-26,11:20:38 PM,23:20:00,Hot-Wet
15.8051768,-19.25014648,LA5,2009-01-26,11:40:38 PM,23:40:00,Hot-Wet
15.80517273,-19.25013224,LA5,2009-01-27,12:00:38 AM,00:00:00,Hot-Wet
15.8052063,-19.25014648,LA5,2009-01-27,12:20:38 AM,00:20:00,Hot-Wet
15.80515645,-19.25015666,LA5,2009-01-27,12:40:38 AM,00:40:00,Hot-Wet
15.80618693,-19.25047201,LA5,2009-01-27,01:00:38 AM,01:00:00,Hot-Wet
15.80628866,-19.25013428,LA5,2009-01-27,01:20:38 AM,01:20:00,Hot-Wet
15.80632833,-19.25014648,LA5,2009-01-27,01:40:38 AM,01:40:00,Hot-Wet
15.80752258,-19.25053101,LA5,2009-01-27,02:00:38 AM,02:00:00,Hot-Wet
15.80659688,-19.25050252,LA5,2009-01-27,02:20:38 AM,02:20:00,Hot-Wet
15.80658976,-19.25050456,LA5,2009-01-27,02:40:38 AM,02:40:00,Hot-Wet
15.80660706,-19.25048421,LA5,2009-01-27,03:00:38 AM,03:00:00,Hot-Wet
15.80660197,-19.25048828,LA5,2009-01-27,03:20:38 AM,03:20:00,Hot-Wet
15.80660299,-19.25048828,LA5,2009-01-27,03:40:38 AM,03:40:00,Hot-Wet
15.8065684,-19.25045776,LA5,2009-01-27,04:00:38 AM,04:00:00,Hot-Wet
15.80659892,-19.2505127,LA5,2009-01-27,04:20:38 AM,04:20:00,Hot-Wet
15.80658162,-19.25049845,LA5,2009-01-27,04:40:39 AM,04:40:00,Hot-Wet
15.8065623,-19.25047201,LA5,2009-01-27,05:00:38 AM,05:00:00,Hot-Wet
15.80670776,-19.24955444,LA5,2009-01-27,05:20:38 AM,05:20:00,Hot-Wet
15.81017049,-19.24805094,LA5,2009-01-27,05:40:38 AM,05:40:00,Hot-Wet
15.8154185,-19.24534505,LA5,2009-01-27,06:00:38 AM,06:00:00,Hot-Wet
15.81749674,-19.24416707,LA5,2009-01-27,06:20:38 AM,06:20:00,Hot-Wet
15.81680806,-19.24297892,LA5,2009-01-27,06:40:38 AM,06:40:00,Hot-Wet
15.81680908,-19.24298096,LA5,2009-01-27,07:00:38 AM,07:00:00,Hot-Wet
15.81737874,-19.2352946,LA5,2009-01-27,07:20:38 AM,07:20:00,Hot-Wet
15.81737061,-19.2353007,LA5,2009-01-27,07:40:38 AM,07:40:00,Hot-Wet
15.81805623,-19.23358561,LA5,2009-01-27,08:00:38 AM,08:00:00,Hot-Wet
15.81708781,-19.23343709,LA5,2009-01-27,08:20:38 AM,08:20:00,Hot-Wet
15.81840312,-19.23266805,LA5,2009-01-27,08:40:38 AM,08:40:00,Hot-Wet
15.81479492,-19.23155721,LA5,2009-01-27,09:00:38 AM,09:00:00,Hot-Wet
15.81263326,-19.2321818,LA5,2009-01-27,09:20:38 AM,09:20:00,Hot-Wet
15.81307678,-19.23110758,LA5,2009-01-27,09:40:38 AM,09:40:00,Hot-Wet
15.8138387,-19.23054606,LA5,2009-01-27,10:00:38 AM,10:00:00,Hot-Wet
15.8138387,-19.23055216,LA5,2009-01-27,10:20:38 AM,10:20:00,Hot-Wet
15.81508586,-19.23335775,LA5,2009-01-27,10:40:38 AM,10:40:00,Hot-Wet
15.81687927,-19.2335734,LA5,2009-01-27,11:00:38 AM,11:00:00,Hot-Wet
15.81555481,-19.23548177,LA5,2009-01-27,11:20:38 AM,11:20:00,Hot-Wet
15.8172821,-19.23551432,LA5,2009-01-27,11:40:38 AM,11:40:00,Hot-Wet
15.81502787,-19.23440755,LA5,2009-01-27,12:00:38 PM,12:00:00,Hot-Wet
15.81426799,-19.23421427,LA5,2009-01-27,12:20:38 PM,12:20:00,Hot-Wet
15.81473897,-19.23421021,LA5,2009-01-27,12:40:38 PM,12:40:00,Hot-Wet
15.81534424,-19.23447469,LA5,2009-01-27,01:00:38 PM,13:00:00,Hot-Wet
15.81564535,-19.23353068,LA5,2009-01-27,01:20:38 PM,13:20:00,Hot-Wet
15.81345113,-19.23605347,LA5,2009-01-27,01:40:38 PM,13:40:00,Hot-Wet
15.80882975,-19.23345337,LA5,2009-01-27,02:00:38 PM,14:00:00,Hot-Wet
15.80488078,-19.23870443,LA5,2009-01-27,02:20:38 PM,14:20:00,Hot-Wet
15.80564982,-19.24075521,LA5,2009-01-27,02:40:38 PM,14:40:00,Hot-Wet
15.80723979,-19.24123332,LA5,2009-01-27,03:00:38 PM,15:00:00,Hot-Wet
15.81019897,-19.24244588,LA5,2009-01-27,03:20:38 PM,15:20:00,Hot-Wet
15.8125,-19.24475911,LA5,2009-01-27,03:40:38 PM,15:40:00,Hot-Wet
15.81243591,-19.24497884,LA5,2009-01-27,04:00:38 PM,16:00:00,Hot-Wet
15.8124644,-19.24559733,LA5,2009-01-27,04:20:38 PM,16:20:00,Hot-Wet
15.81203206,-19.24519653,LA5,2009-01-27,04:40:38 PM,16:40:00,Hot-Wet
15.81327922,-19.24477132,LA5,2009-01-27,05:00:38 PM,17:00:00,Hot-Wet
15.81478475,-19.24569499,LA5,2009-01-27,05:20:38 PM,17:20:00,Hot-Wet
15.81452942,-19.24632772,LA5,2009-01-27,05:40:38 PM,17:40:00,Hot-Wet
15.81573588,-19.24688314,LA5,2009-01-27,06:00:38 PM,18:00:00,Hot-Wet
15.81777852,-19.24742839,LA5,2009-01-27,06:20:38 PM,18:20:00,Hot-Wet
15.81751404,-19.24877523,LA5,2009-01-27,06:40:38 PM,18:40:00,Hot-Wet
15.81750081,-19.24986369,LA5,2009-01-27,07:00:38 PM,19:00:00,Hot-Wet
15.81952108,-19.25085246,LA5,2009-01-27,07:20:38 PM,19:20:00,Hot-Wet
15.82122599,-19.25136515,LA5,2009-01-27,07:40:38 PM,19:40:00,Hot-Wet
15.82056783,-19.25216064,LA5,2009-01-27,08:00:38 PM,20:00:00,Hot-Wet
15.81932475,-19.25170695,LA5,2009-01-27,08:20:38 PM,20:20:00,Hot-Wet
15.81687419,-19.25051473,LA5,2009-01-27,08:40:38 PM,20:40:00,Hot-Wet
15.81687317,-19.2505127,LA5,2009-01-27,09:00:38 PM,21:00:00,Hot-Wet
15.81632589,-19.24920044,LA5,2009-01-27,09:20:38 PM,21:20:00,Hot-Wet
15.81616109,-19.24860026,LA5,2009-01-27,09:40:38 PM,21:40:00,Hot-Wet
15.81564026,-19.24819539,LA5,2009-01-27,10:00:38 PM,22:00:00,Hot-Wet
15.81563416,-19.24817505,LA5,2009-01-27,10:20:38 PM,22:20:00,Hot-Wet
15.81561788,-19.24818726,LA5,2009-01-27,10:40:38 PM,22:40:00,Hot-Wet
15.815625,-19.24818726,LA5,2009-01-27,11:00:38 PM,23:00:00,Hot-Wet
15.81562398,-19.24821777,LA5,2009-01-27,11:20:38 PM,23:20:00,Hot-Wet
15.8156189,-19.24821574,LA5,2009-01-27,11:40:38 PM,23:40:00,Hot-Wet
15.81561584,-19.24820353,LA5,2009-01-28,12:00:38 AM,00:00:00,Hot-Wet
15.81560974,-19.24823405,LA5,2009-01-28,12:20:38 AM,00:20:00,Hot-Wet
15.81513163,-19.24833374,LA5,2009-01-28,12:40:38 AM,00:40:00,Hot-Wet
15.81434835,-19.24755452,LA5,2009-01-28,01:00:38 AM,01:00:00,Hot-Wet
15.81381327,-19.24715169,LA5,2009-01-28,01:20:38 AM,01:20:00,Hot-Wet
15.81471049,-19.24679565,LA5,2009-01-28,01:40:38 AM,01:40:00,Hot-Wet
15.81484782,-19.24675903,LA5,2009-01-28,02:00:38 AM,02:00:00,Hot-Wet
15.81470744,-19.24678955,LA5,2009-01-28,02:20:38 AM,02:20:00,Hot-Wet
15.81619263,-19.24541829,LA5,2009-01-28,02:40:38 AM,02:40:00,Hot-Wet
15.8179891,-19.24408162,LA5,2009-01-28,03:00:38 AM,03:00:00,Hot-Wet
15.81786499,-19.24409587,LA5,2009-01-28,03:20:38 AM,03:20:00,Hot-Wet
15.81787313,-19.24409587,LA5,2009-01-28,03:40:38 AM,03:40:00,Hot-Wet
15.81785787,-19.24411621,LA5,2009-01-28,04:00:38 AM,04:00:00,Hot-Wet
15.81791992,-19.2440918,LA5,2009-01-28,04:20:38 AM,04:20:00,Hot-Wet
15.81792399,-19.2440328,LA5,2009-01-28,04:40:38 AM,04:40:00,Hot-Wet
15.81980286,-19.2449056,LA5,2009-01-28,05:00:38 AM,05:00:00,Hot-Wet
15.82092489,-19.24588623,LA5,2009-01-28,05:20:38 AM,05:20:00,Hot-Wet
15.82104492,-19.24703166,LA5,2009-01-28,05:40:38 AM,05:40:00,Hot-Wet
15.82227376,-19.24708252,LA5,2009-01-28,06:00:38 AM,06:00:00,Hot-Wet
15.8233256,-19.24589844,LA5,2009-01-28,06:20:38 AM,06:20:00,Hot-Wet
15.8233785,-19.24605103,LA5,2009-01-28,06:40:38 AM,06:40:00,Hot-Wet
15.82332764,-19.24596151,LA5,2009-01-28,07:00:38 AM,07:00:00,Hot-Wet
15.82338359,-19.24592082,LA5,2009-01-28,07:20:38 AM,07:20:00,Hot-Wet
15.82338053,-19.24592285,LA5,2009-01-28,07:40:38 AM,07:40:00,Hot-Wet
15.81968994,-19.24423218,LA5,2009-01-28,08:00:38 AM,08:00:00,Hot-Wet
15.8196991,-19.24423218,LA5,2009-01-28,08:20:38 AM,08:20:00,Hot-Wet
15.82551168,-19.25151774,LA5,2009-01-28,08:40:38 AM,08:40:00,Hot-Wet
15.82550557,-19.2515035,LA5,2009-01-28,09:00:38 AM,09:00:00,Hot-Wet
15.83262939,-19.25888265,LA5,2009-01-28,09:20:38 AM,09:20:00,Hot-Wet
15.84043274,-19.26518351,LA5,2009-01-28,09:40:38 AM,09:40:00,Hot-Wet
15.84565735,-19.26764933,LA5,2009-01-28,10:00:38 AM,10:00:00,Hot-Wet
15.84927572,-19.26832682,LA5,2009-01-28,10:20:38 AM,10:20:00,Hot-Wet
15.85611979,-19.27095744,LA5,2009-01-28,10:40:38 AM,10:40:00,Hot-Wet
15.86153666,-19.27185262,LA5,2009-01-28,11:00:38 AM,11:00:00,Hot-Wet
15.86613057,-19.27382406,LA5,2009-01-28,11:20:38 AM,11:20:00,Hot-Wet
15.87197571,-19.2728068,LA5,2009-01-28,11:40:38 AM,11:40:00,Hot-Wet
15.87462463,-19.27542725,LA5,2009-01-28,12:00:38 PM,12:00:00,Hot-Wet
15.87537638,-19.27715658,LA5,2009-01-28,12:20:38 PM,12:20:00,Hot-Wet
15.87630412,-19.27595215,LA5,2009-01-28,12:40:38 PM,12:40:00,Hot-Wet
15.87504272,-19.27645467,LA5,2009-01-28,01:00:38 PM,13:00:00,Hot-Wet
15.87634481,-19.27804565,LA5,2009-01-28,01:20:38 PM,13:20:00,Hot-Wet
15.87653707,-19.27881673,LA5,2009-01-28,01:40:38 PM,13:40:00,Hot-Wet
15.87583618,-19.28055013,LA5,2009-01-28,02:00:38 PM,14:00:00,Hot-Wet
15.87648926,-19.28098551,LA5,2009-01-28,02:20:38 PM,14:20:00,Hot-Wet
15.87674662,-19.28071493,LA5,2009-01-28,02:40:38 PM,14:40:00,Hot-Wet
15.8739502,-19.2823995,LA5,2009-01-28,03:00:38 PM,15:00:00,Hot-Wet
15.87395121,-19.28240356,LA5,2009-01-28,03:20:38 PM,15:20:00,Hot-Wet
15.86572469,-19.28075358,LA5,2009-01-28,03:40:38 PM,15:40:00,Hot-Wet
15.8650116,-19.27525838,LA5,2009-01-28,04:00:38 PM,16:00:00,Hot-Wet
15.86121114,-19.27008057,LA5,2009-01-28,04:20:38 PM,16:20:00,Hot-Wet
15.85581156,-19.26288452,LA5,2009-01-28,04:40:38 PM,16:40:00,Hot-Wet
15.85162048,-19.26316528,LA5,2009-01-28,05:00:38 PM,17:00:00,Hot-Wet
15.84952698,-19.26415405,LA5,2009-01-28,05:20:38 PM,17:20:00,Hot-Wet
15.84911906,-19.26352336,LA5,2009-01-28,05:40:38 PM,17:40:00,Hot-Wet
15.84932556,-19.26168213,LA5,2009-01-28,06:00:38 PM,18:00:00,Hot-Wet
15.84966227,-19.26170044,LA5,2009-01-28,06:20:38 PM,18:20:00,Hot-Wet
15.84786682,-19.26089071,LA5,2009-01-28,06:40:38 PM,18:40:00,Hot-Wet
15.84717712,-19.25860189,LA5,2009-01-28,07:00:38 PM,19:00:00,Hot-Wet
15.84798482,-19.25641276,LA5,2009-01-28,07:20:38 PM,19:20:00,Hot-Wet
15.84843343,-19.2548116,LA5,2009-01-28,07:40:38 PM,19:40:00,Hot-Wet
15.84564311,-19.25036214,LA5,2009-01-28,08:00:38 PM,20:00:00,Hot-Wet
15.84291687,-19.24887492,LA5,2009-01-28,08:20:38 PM,20:20:00,Hot-Wet
15.84134725,-19.24787394,LA5,2009-01-28,08:40:38 PM,20:40:00,Hot-Wet
15.84134216,-19.2478597,LA5,2009-01-28,09:00:38 PM,21:00:00,Hot-Wet
15.84159139,-19.24748535,LA5,2009-01-28,09:20:38 PM,21:20:00,Hot-Wet
15.84173991,-19.24689535,LA5,2009-01-28,09:40:38 PM,21:40:00,Hot-Wet
15.84120992,-19.24688721,LA5,2009-01-28,10:00:38 PM,22:00:00,Hot-Wet
15.84164429,-19.24639282,LA5,2009-01-28,10:20:38 PM,22:20:00,Hot-Wet
15.84113057,-19.2457194,LA5,2009-01-28,10:40:38 PM,22:40:00,Hot-Wet
15.84037374,-19.24601034,LA5,2009-01-28,11:00:38 PM,23:00:00,Hot-Wet
15.83999837,-19.24531453,LA5,2009-01-28,11:20:38 PM,23:20:00,Hot-Wet
15.84027507,-19.24473267,LA5,2009-01-28,11:40:38 PM,23:40:00,Hot-Wet
15.84026998,-19.24473063,LA5,2009-01-29,12:00:38 AM,00:00:00,Hot-Wet
15.84029338,-19.2446757,LA5,2009-01-29,12:20:38 AM,00:20:00,Hot-Wet
15.84025065,-19.24471029,LA5,2009-01-29,12:40:40 AM,00:40:00,Hot-Wet
15.84027812,-19.24469604,LA5,2009-01-29,01:00:38 AM,01:00:00,Hot-Wet
15.84026998,-19.24472046,LA5,2009-01-29,01:20:38 AM,01:20:00,Hot-Wet
15.84025269,-19.24468587,LA5,2009-01-29,01:40:38 AM,01:40:00,Hot-Wet
15.84023132,-19.24466146,LA5,2009-01-29,02:00:38 AM,02:00:00,Hot-Wet
15.84016724,-19.24459839,LA5,2009-01-29,02:20:38 AM,02:20:00,Hot-Wet
15.84013163,-19.24475098,LA5,2009-01-29,02:40:38 AM,02:40:00,Hot-Wet
15.84016724,-19.24466553,LA5,2009-01-29,03:00:38 AM,03:00:00,Hot-Wet
15.84016113,-19.24468994,LA5,2009-01-29,03:20:38 AM,03:20:00,Hot-Wet
15.84021403,-19.24469808,LA5,2009-01-29,03:40:38 AM,03:40:00,Hot-Wet
15.84014587,-19.24388835,LA5,2009-01-29,04:00:38 AM,04:00:00,Hot-Wet
15.83983765,-19.24305013,LA5,2009-01-29,04:20:38 AM,04:20:00,Hot-Wet
15.83978271,-19.24300537,LA5,2009-01-29,04:40:38 AM,04:40:00,Hot-Wet
15.84009908,-19.24094442,LA5,2009-01-29,05:00:38 AM,05:00:00,Hot-Wet
15.84136353,-19.24042969,LA5,2009-01-29,05:20:38 AM,05:20:00,Hot-Wet
15.84180603,-19.24075114,LA5,2009-01-29,05:40:38 AM,05:40:00,Hot-Wet
15.84284261,-19.24003092,LA5,2009-01-29,06:00:38 AM,06:00:00,Hot-Wet
15.84205627,-19.23959554,LA5,2009-01-29,06:20:38 AM,06:20:00,Hot-Wet
15.84312846,-19.23906453,LA5,2009-01-29,06:40:38 AM,06:40:00,Hot-Wet
15.84389445,-19.23963623,LA5,2009-01-29,07:00:38 AM,07:00:00,Hot-Wet
15.84052226,-19.23825073,LA5,2009-01-29,07:20:38 AM,07:20:00,Hot-Wet
15.84052124,-19.23825073,LA5,2009-01-29,07:40:38 AM,07:40:00,Hot-Wet
15.82953898,-19.23705851,LA5,2009-01-29,08:00:38 AM,08:00:00,Hot-Wet
15.82953695,-19.23706055,LA5,2009-01-29,08:20:38 AM,08:20:00,Hot-Wet
15.8304657,-19.23779297,LA5,2009-01-29,08:40:38 AM,08:40:00,Hot-Wet
15.83044739,-19.23779297,LA5,2009-01-29,09:00:38 AM,09:00:00,Hot-Wet
15.82737732,-19.23610026,LA5,2009-01-29,09:20:38 AM,09:20:00,Hot-Wet
15.82612305,-19.23687744,LA5,2009-01-29,09:40:38 AM,09:40:00,Hot-Wet
15.81787415,-19.23595988,LA5,2009-01-29,10:00:38 AM,10:00:00,Hot-Wet
15.81606344,-19.23376668,LA5,2009-01-29,10:20:38 AM,10:20:00,Hot-Wet
15.81663208,-19.23281047,LA5,2009-01-29,10:40:38 AM,10:40:00,Hot-Wet
15.8141805,-19.23035685,LA5,2009-01-29,11:00:38 AM,11:00:00,Hot-Wet
15.8089915,-19.23197021,LA5,2009-01-29,11:20:38 AM,11:20:00,Hot-Wet
15.79992065,-19.22982381,LA5,2009-01-29,11:40:38 AM,11:40:00,Hot-Wet
15.79858297,-19.22727051,LA5,2009-01-29,12:00:38 PM,12:00:00,Hot-Wet
15.79797262,-19.227889,LA5,2009-01-29,12:20:38 PM,12:20:00,Hot-Wet
15.79676615,-19.22768148,LA5,2009-01-29,12:40:38 PM,12:40:00,Hot-Wet
15.79462484,-19.22637126,LA5,2009-01-29,01:00:38 PM,13:00:00,Hot-Wet
15.79440104,-19.22734172,LA5,2009-01-29,01:20:38 PM,13:20:00,Hot-Wet
15.79419759,-19.22782796,LA5,2009-01-29,01:40:38 PM,13:40:00,Hot-Wet
15.79342957,-19.23061117,LA5,2009-01-29,02:00:38 PM,14:00:00,Hot-Wet
15.796462,-19.23281453,LA5,2009-01-29,02:20:38 PM,14:20:00,Hot-Wet
15.79997864,-19.2322286,LA5,2009-01-29,02:40:38 PM,14:40:00,Hot-Wet
15.79878438,-19.22782186,LA5,2009-01-29,03:00:38 PM,15:00:00,Hot-Wet
15.79878133,-19.22781779,LA5,2009-01-29,03:20:38 PM,15:20:00,Hot-Wet
15.79888306,-19.22713013,LA5,2009-01-29,03:40:38 PM,15:40:00,Hot-Wet
15.80016276,-19.22513021,LA5,2009-01-29,04:00:38 PM,16:00:00,Hot-Wet
15.79836121,-19.22391561,LA5,2009-01-29,04:20:38 PM,16:20:00,Hot-Wet
15.79710693,-19.22469482,LA5,2009-01-29,04:40:38 PM,16:40:00,Hot-Wet
15.79524028,-19.22472331,LA5,2009-01-29,05:00:38 PM,17:00:00,Hot-Wet
15.78989665,-19.22572632,LA5,2009-01-29,05:20:38 PM,17:20:00,Hot-Wet
15.78760681,-19.22903646,LA5,2009-01-29,05:40:38 PM,17:40:00,Hot-Wet
15.7826121,-19.23521932,LA5,2009-01-29,06:00:38 PM,18:00:00,Hot-Wet
15.77909241,-19.23704224,LA5,2009-01-29,06:20:38 PM,18:20:00,Hot-Wet
15.78292745,-19.23899333,LA5,2009-01-29,06:40:38 PM,18:40:00,Hot-Wet
15.78658244,-19.23969116,LA5,2009-01-29,07:00:38 PM,19:00:00,Hot-Wet
15.78820699,-19.24062907,LA5,2009-01-29,07:20:38 PM,19:20:00,Hot-Wet
15.79064331,-19.24240723,LA5,2009-01-29,07:40:38 PM,19:40:00,Hot-Wet
15.79206746,-19.24314372,LA5,2009-01-29,08:00:38 PM,20:00:00,Hot-Wet
15.7925059,-19.24387817,LA5,2009-01-29,08:20:38 PM,20:20:00,Hot-Wet
15.79240112,-19.24789022,LA5,2009-01-29,08:40:38 PM,20:40:00,Hot-Wet
15.79240519,-19.24788615,LA5,2009-01-29,09:00:38 PM,21:00:00,Hot-Wet
15.7914032,-19.2491394,LA5,2009-01-29,09:20:38 PM,21:20:00,Hot-Wet
15.79152934,-19.24862061,LA5,2009-01-29,09:40:38 PM,21:40:00,Hot-Wet
15.79171753,-19.24820557,LA5,2009-01-29,10:00:38 PM,22:00:00,Hot-Wet
15.79170939,-19.2482015,LA5,2009-01-29,10:20:38 PM,22:20:00,Hot-Wet
15.79165141,-19.25008138,LA5,2009-01-29,10:40:38 PM,22:40:00,Hot-Wet
15.79160258,-19.25004883,LA5,2009-01-29,11:00:38 PM,23:00:00,Hot-Wet
15.79406942,-19.25244751,LA5,2009-01-29,11:20:38 PM,23:20:00,Hot-Wet
15.79406942,-19.25244141,LA5,2009-01-29,11:40:38 PM,23:40:00,Hot-Wet
15.79585571,-19.25378825,LA5,2009-01-30,12:00:38 AM,00:00:00,Hot-Wet
15.80093282,-19.25266724,LA5,2009-01-30,12:20:38 AM,00:20:00,Hot-Wet
15.80568542,-19.25459798,LA5,2009-01-30,12:40:38 AM,00:40:00,Hot-Wet
15.80901184,-19.25755005,LA5,2009-01-30,01:00:38 AM,01:00:00,Hot-Wet
15.80931803,-19.26068522,LA5,2009-01-30,01:20:38 AM,01:20:00,Hot-Wet
15.80915629,-19.26336263,LA5,2009-01-30,01:40:38 AM,01:40:00,Hot-Wet
15.80915629,-19.26405233,LA5,2009-01-30,02:00:38 AM,02:00:00,Hot-Wet
15.80919495,-19.26421916,LA5,2009-01-30,02:20:38 AM,02:20:00,Hot-Wet
15.80920105,-19.26421916,LA5,2009-01-30,02:40:38 AM,02:40:00,Hot-Wet
15.80916646,-19.26428833,LA5,2009-01-30,03:00:38 AM,03:00:00,Hot-Wet
15.80918783,-19.26426799,LA5,2009-01-30,03:20:38 AM,03:20:00,Hot-Wet
15.80907491,-19.26455892,LA5,2009-01-30,03:40:38 AM,03:40:00,Hot-Wet
15.80907389,-19.26453654,LA5,2009-01-30,04:00:38 AM,04:00:00,Hot-Wet
15.8091156,-19.26451213,LA5,2009-01-30,04:20:38 AM,04:20:00,Hot-Wet
15.81069946,-19.26622111,LA5,2009-01-30,04:40:38 AM,04:40:00,Hot-Wet
15.81427205,-19.26963094,LA5,2009-01-30,05:00:38 AM,05:00:00,Hot-Wet
15.82110799,-19.27591349,LA5,2009-01-30,05:20:38 AM,05:20:00,Hot-Wet
15.82814229,-19.27706909,LA5,2009-01-30,05:40:38 AM,05:40:00,Hot-Wet
15.83563843,-19.27634277,LA5,2009-01-30,06:00:38 AM,06:00:00,Hot-Wet
15.83979696,-19.27739461,LA5,2009-01-30,06:20:38 AM,06:20:00,Hot-Wet
15.8458669,-19.27805786,LA5,2009-01-30,06:40:38 AM,06:40:00,Hot-Wet
15.84585978,-19.2780599,LA5,2009-01-30,07:00:38 AM,07:00:00,Hot-Wet
15.85360718,-19.2762675,LA5,2009-01-30,07:20:38 AM,07:20:00,Hot-Wet
15.85360616,-19.27626343,LA5,2009-01-30,07:40:38 AM,07:40:00,Hot-Wet
15.85987345,-19.27816162,LA5,2009-01-30,08:00:38 AM,08:00:00,Hot-Wet
15.85987447,-19.27816162,LA5,2009-01-30,08:20:38 AM,08:20:00,Hot-Wet
15.86119385,-19.2819458,LA5,2009-01-30,08:40:38 AM,08:40:00,Hot-Wet
15.85871684,-19.28103027,LA5,2009-01-30,09:00:38 AM,09:00:00,Hot-Wet
15.85542094,-19.27908529,LA5,2009-01-30,09:20:38 AM,09:20:00,Hot-Wet
15.85395915,-19.27860107,LA5,2009-01-30,09:40:38 AM,09:40:00,Hot-Wet
15.85122579,-19.27969767,LA5,2009-01-30,10:00:38 AM,10:00:00,Hot-Wet
15.84793803,-19.27972005,LA5,2009-01-30,10:20:38 AM,10:20:00,Hot-Wet
15.8458018,-19.27886353,LA5,2009-01-30,10:40:38 AM,10:40:00,Hot-Wet
15.84580282,-19.27888387,LA5,2009-01-30,11:00:38 AM,11:00:00,Hot-Wet
15.84580282,-19.27885742,LA5,2009-01-30,11:20:38 AM,11:20:00,Hot-Wet
15.84517721,-19.2782369,LA5,2009-01-30,11:40:38 AM,11:40:00,Hot-Wet
15.84431966,-19.27672526,LA5,2009-01-30,12:00:38 PM,12:00:00,Hot-Wet
15.84327901,-19.27490234,LA5,2009-01-30,12:20:38 PM,12:20:00,Hot-Wet
15.84149068,-19.27815145,LA5,2009-01-30,12:40:38 PM,12:40:00,Hot-Wet
15.84159342,-19.27769368,LA5,2009-01-30,01:00:38 PM,13:00:00,Hot-Wet
15.84349162,-19.27616781,LA5,2009-01-30,01:20:38 PM,13:20:00,Hot-Wet
15.84210103,-19.27435099,LA5,2009-01-30,01:40:38 PM,13:40:00,Hot-Wet
15.84082947,-19.27341919,LA5,2009-01-30,02:00:38 PM,14:00:00,Hot-Wet
15.84450175,-19.27028402,LA5,2009-01-30,02:20:38 PM,14:20:00,Hot-Wet
15.85163269,-19.26789551,LA5,2009-01-30,02:40:38 PM,14:40:00,Hot-Wet
15.85495097,-19.26494344,LA5,2009-01-30,03:00:38 PM,15:00:00,Hot-Wet
15.85669963,-19.26269735,LA5,2009-01-30,03:20:38 PM,15:20:00,Hot-Wet
15.85476888,-19.26138306,LA5,2009-01-30,03:40:38 PM,15:40:00,Hot-Wet
15.85344543,-19.26153768,LA5,2009-01-30,04:00:38 PM,16:00:00,Hot-Wet
15.85467631,-19.26285807,LA5,2009-01-30,04:20:38 PM,16:20:00,Hot-Wet
15.85568644,-19.26311035,LA5,2009-01-30,04:40:38 PM,16:40:00,Hot-Wet
15.85666606,-19.26675415,LA5,2009-01-30,05:00:38 PM,17:00:00,Hot-Wet
15.86353455,-19.26944173,LA5,2009-01-30,05:20:38 PM,17:20:00,Hot-Wet
15.86564941,-19.27267456,LA5,2009-01-30,05:40:38 PM,17:40:00,Hot-Wet
15.86398315,-19.27682902,LA5,2009-01-30,06:00:38 PM,18:00:00,Hot-Wet
15.86460876,-19.27999268,LA5,2009-01-30,06:20:38 PM,18:20:00,Hot-Wet
15.8668396,-19.28160197,LA5,2009-01-30,06:40:38 PM,18:40:00,Hot-Wet
15.86702779,-19.2815389,LA5,2009-01-30,07:00:38 PM,19:00:00,Hot-Wet
15.86742249,-19.28001506,LA5,2009-01-30,07:20:38 PM,19:20:00,Hot-Wet
15.8667745,-19.27807821,LA5,2009-01-30,07:40:38 PM,19:40:00,Hot-Wet
15.86785685,-19.27751668,LA5,2009-01-30,08:00:38 PM,20:00:00,Hot-Wet
15.86830343,-19.27615967,LA5,2009-01-30,08:20:38 PM,20:20:00,Hot-Wet
15.87056986,-19.27398275,LA5,2009-01-30,08:40:38 PM,20:40:00,Hot-Wet
15.86841634,-19.27388306,LA5,2009-01-30,09:00:38 PM,21:00:00,Hot-Wet
15.86770732,-19.2733134,LA5,2009-01-30,09:20:38 PM,21:20:00,Hot-Wet
15.86735433,-19.27073364,LA5,2009-01-30,09:40:38 PM,21:40:00,Hot-Wet
15.86458232,-19.26853434,LA5,2009-01-30,10:00:38 PM,22:00:00,Hot-Wet
15.86023966,-19.26454875,LA5,2009-01-30,10:20:38 PM,22:20:00,Hot-Wet
15.85718486,-19.2612325,LA5,2009-01-30,10:40:38 PM,22:40:00,Hot-Wet
15.85442301,-19.2615682,LA5,2009-01-30,11:00:38 PM,23:00:00,Hot-Wet
15.85178731,-19.26253662,LA5,2009-01-30,11:20:38 PM,23:20:00,Hot-Wet
15.85162964,-19.26317139,LA5,2009-01-30,11:40:38 PM,23:40:00,Hot-Wet
15.85162659,-19.2632019,LA5,2009-01-31,12:00:38 AM,00:00:00,Hot-Wet
15.85162964,-19.26319987,LA5,2009-01-31,12:20:38 AM,00:20:00,Hot-Wet
15.85122274,-19.2632609,LA5,2009-01-31,12:40:38 AM,00:40:00,Hot-Wet
15.85121358,-19.26325684,LA5,2009-01-31,01:00:38 AM,01:00:00,Hot-Wet
15.85122884,-19.26328532,LA5,2009-01-31,01:20:38 AM,01:20:00,Hot-Wet
15.85120544,-19.26324666,LA5,2009-01-31,01:40:38 AM,01:40:00,Hot-Wet
15.85019531,-19.26311239,LA5,2009-01-31,02:00:38 AM,02:00:00,Hot-Wet
15.85018819,-19.26311849,LA5,2009-01-31,02:20:38 AM,02:20:00,Hot-Wet
15.85017802,-19.26310832,LA5,2009-01-31,02:40:38 AM,02:40:00,Hot-Wet
15.85018616,-19.26311442,LA5,2009-01-31,03:00:38 AM,03:00:00,Hot-Wet
15.85018616,-19.26310628,LA5,2009-01-31,03:20:38 AM,03:20:00,Hot-Wet
15.85018107,-19.26311035,LA5,2009-01-31,03:40:38 AM,03:40:00,Hot-Wet
15.84990438,-19.26331787,LA5,2009-01-31,04:00:38 AM,04:00:00,Hot-Wet
15.84990438,-19.26332194,LA5,2009-01-31,04:20:38 AM,04:20:00,Hot-Wet
15.84971415,-19.2637207,LA5,2009-01-31,04:40:38 AM,04:40:00,Hot-Wet
15.8504659,-19.26641642,LA5,2009-01-31,05:00:38 AM,05:00:00,Hot-Wet
15.84837138,-19.2703186,LA5,2009-01-31,05:20:38 AM,05:20:00,Hot-Wet
15.85138957,-19.27363078,LA5,2009-01-31,05:40:38 AM,05:40:00,Hot-Wet
15.85363464,-19.27485962,LA5,2009-01-31,06:00:38 AM,06:00:00,Hot-Wet
15.85653585,-19.27424927,LA5,2009-01-31,06:20:38 AM,06:20:00,Hot-Wet
15.85799662,-19.27252604,LA5,2009-01-31,06:40:38 AM,06:40:00,Hot-Wet
15.85792948,-19.27109375,LA5,2009-01-31,07:00:38 AM,07:00:00,Hot-Wet
15.85740967,-19.27102254,LA5,2009-01-31,07:20:38 AM,07:20:00,Hot-Wet
15.85836385,-19.27041829,LA5,2009-01-31,07:40:38 AM,07:40:00,Hot-Wet
15.86103719,-19.27284342,LA5,2009-01-31,08:00:38 AM,08:00:00,Hot-Wet
15.86103719,-19.27283732,LA5,2009-01-31,08:20:38 AM,08:20:00,Hot-Wet
15.85964966,-19.27446289,LA5,2009-01-31,08:40:38 AM,08:40:00,Hot-Wet
15.85903524,-19.27399089,LA5,2009-01-31,09:00:38 AM,09:00:00,Hot-Wet
15.85983073,-19.27254232,LA5,2009-01-31,09:20:38 AM,09:20:00,Hot-Wet
15.86435343,-19.27590332,LA5,2009-01-31,09:40:38 AM,09:40:00,Hot-Wet
15.86435343,-19.27590129,LA5,2009-01-31,10:00:38 AM,10:00:00,Hot-Wet
15.8712321,-19.27448324,LA5,2009-01-31,10:20:38 AM,10:20:00,Hot-Wet
15.87296143,-19.27577718,LA5,2009-01-31,10:40:38 AM,10:40:00,Hot-Wet
15.86970113,-19.27852376,LA5,2009-01-31,11:00:38 AM,11:00:00,Hot-Wet
15.86725769,-19.28010254,LA5,2009-01-31,11:20:38 AM,11:20:00,Hot-Wet
15.86399333,-19.27934977,LA5,2009-01-31,11:40:38 AM,11:40:00,Hot-Wet
15.86123047,-19.27649943,LA5,2009-01-31,12:00:38 PM,12:00:00,Hot-Wet
15.86105957,-19.27283325,LA5,2009-01-31,12:20:38 PM,12:20:00,Hot-Wet
15.85972188,-19.27088013,LA5,2009-01-31,12:40:38 PM,12:40:00,Hot-Wet
15.85936279,-19.27076619,LA5,2009-01-31,01:00:38 PM,13:00:00,Hot-Wet
15.85936076,-19.27076213,LA5,2009-01-31,01:20:38 PM,13:20:00,Hot-Wet
15.85906067,-19.27113037,LA5,2009-01-31,01:40:38 PM,13:40:00,Hot-Wet
15.85646464,-19.26895955,LA5,2009-01-31,02:00:38 PM,14:00:00,Hot-Wet
15.85398356,-19.2644165,LA5,2009-01-31,02:20:38 PM,14:20:00,Hot-Wet
15.85193278,-19.26248169,LA5,2009-01-31,02:40:38 PM,14:40:00,Hot-Wet
15.84966227,-19.26172078,LA5,2009-01-31,03:00:38 PM,15:00:00,Hot-Wet
15.84864299,-19.26216431,LA5,2009-01-31,03:20:38 PM,15:20:00,Hot-Wet
15.84406535,-19.26458944,LA5,2009-01-31,03:40:38 PM,15:40:00,Hot-Wet
15.84096883,-19.26384277,LA5,2009-01-31,04:00:38 PM,16:00:00,Hot-Wet
15.83947957,-19.2633728,LA5,2009-01-31,04:20:38 PM,16:20:00,Hot-Wet
15.83442688,-19.26535238,LA5,2009-01-31,04:40:38 PM,16:40:00,Hot-Wet
15.8332428,-19.26579386,LA5,2009-01-31,05:00:38 PM,17:00:00,Hot-Wet
15.83049011,-19.26427612,LA5,2009-01-31,05:20:38 PM,17:20:00,Hot-Wet
15.8283488,-19.26341146,LA5,2009-01-31,05:40:38 PM,17:40:00,Hot-Wet
15.82271423,-19.2561971,LA5,2009-01-31,06:00:38 PM,18:00:00,Hot-Wet
15.81930033,-19.25184326,LA5,2009-01-31,06:20:38 PM,18:20:00,Hot-Wet
15.81403605,-19.24729411,LA5,2009-01-31,06:40:38 PM,18:40:00,Hot-Wet
15.81219889,-19.24590047,LA5,2009-01-31,07:00:38 PM,19:00:00,Hot-Wet
15.81138611,-19.24528809,LA5,2009-01-31,07:20:38 PM,19:20:00,Hot-Wet
15.81125997,-19.24488525,LA5,2009-01-31,07:40:38 PM,19:40:00,Hot-Wet
15.80943197,-19.24535726,LA5,2009-01-31,08:00:38 PM,20:00:00,Hot-Wet
15.80575562,-19.24769287,LA5,2009-01-31,08:20:38 PM,20:20:00,Hot-Wet
15.8041392,-19.24777018,LA5,2009-01-31,08:40:38 PM,20:40:00,Hot-Wet
15.80396118,-19.24715983,LA5,2009-01-31,09:00:38 PM,21:00:00,Hot-Wet
15.80371908,-19.24808553,LA5,2009-01-31,09:20:38 PM,21:20:00,Hot-Wet
15.80399475,-19.24824626,LA5,2009-01-31,09:40:38 PM,21:40:00,Hot-Wet
15.80391235,-19.24915975,LA5,2009-01-31,10:00:38 PM,22:00:00,Hot-Wet
15.80289307,-19.24868774,LA5,2009-01-31,10:20:38 PM,22:20:00,Hot-Wet
15.80215556,-19.24823812,LA5,2009-01-31,10:40:38 PM,22:40:00,Hot-Wet
15.8020874,-19.24824626,LA5,2009-01-31,11:00:38 PM,23:00:00,Hot-Wet
15.80212809,-19.24821981,LA5,2009-01-31,11:20:38 PM,23:20:00,Hot-Wet
15.80214437,-19.24817912,LA5,2009-01-31,11:40:38 PM,23:40:00,Hot-Wet
15.80209554,-19.24824626,LA5,2009-02-01,12:00:00 AM,00:00:00,Hot-Wet
15.80212097,-19.24822998,LA5,2009-02-01,12:20:00 AM,00:20:00,Hot-Wet
15.80211283,-19.24818319,LA5,2009-02-01,12:40:00 AM,00:40:00,Hot-Wet
15.8021047,-19.24818726,LA5,2009-02-01,01:00:00 AM,01:00:00,Hot-Wet
15.80212097,-19.24803467,LA5,2009-02-01,01:20:00 AM,01:20:00,Hot-Wet
15.80210266,-19.24800822,LA5,2009-02-01,01:40:00 AM,01:40:00,Hot-Wet
15.80210164,-19.24800212,LA5,2009-02-01,02:00:00 AM,02:00:00,Hot-Wet
15.80214539,-19.24802856,LA5,2009-02-01,02:20:00 AM,02:20:00,Hot-Wet
15.80215454,-19.24804891,LA5,2009-02-01,02:40:00 AM,02:40:00,Hot-Wet
15.80131124,-19.24875488,LA5,2009-02-01,03:00:00 AM,03:00:00,Hot-Wet
15.8012146,-19.24811808,LA5,2009-02-01,03:20:00 AM,03:20:00,Hot-Wet
15.80120036,-19.24812012,LA5,2009-02-01,03:40:00 AM,03:40:00,Hot-Wet
15.80120138,-19.24811808,LA5,2009-02-01,04:00:00 AM,04:00:00,Hot-Wet
15.80121765,-19.24812012,LA5,2009-02-01,04:20:00 AM,04:20:00,Hot-Wet
15.80120036,-19.2481486,LA5,2009-02-01,04:40:00 AM,04:40:00,Hot-Wet
15.80119832,-19.2481425,LA5,2009-02-01,05:00:00 AM,05:00:00,Hot-Wet
15.80356242,-19.24946899,LA5,2009-02-01,05:20:00 AM,05:20:00,Hot-Wet
15.80703532,-19.24283854,LA5,2009-02-01,05:40:00 AM,05:40:00,Hot-Wet
15.80065409,-19.24052327,LA5,2009-02-01,06:00:00 AM,06:00:00,Hot-Wet
15.80076803,-19.2356425,LA5,2009-02-01,06:20:00 AM,06:20:00,Hot-Wet
15.80076803,-19.2356425,LA5,2009-02-01,06:40:00 AM,06:40:00,Hot-Wet
15.80307617,-19.23059896,LA5,2009-02-01,07:00:00 AM,07:00:00,Hot-Wet
15.79775187,-19.22717489,LA5,2009-02-01,07:20:00 AM,07:20:00,Hot-Wet
15.79776815,-19.22720947,LA5,2009-02-01,07:40:00 AM,07:40:00,Hot-Wet
15.79987284,-19.22632243,LA5,2009-02-01,08:00:00 AM,08:00:00,Hot-Wet
15.80107117,-19.22659912,LA5,2009-02-01,08:20:00 AM,08:20:00,Hot-Wet
15.8028595,-19.22708944,LA5,2009-02-01,08:40:00 AM,08:40:00,Hot-Wet
15.80382589,-19.22846883,LA5,2009-02-01,09:00:00 AM,09:00:00,Hot-Wet
15.80818685,-19.22918294,LA5,2009-02-01,09:20:00 AM,09:20:00,Hot-Wet
15.81266479,-19.23055216,LA5,2009-02-01,09:40:00 AM,09:40:00,Hot-Wet
15.81450806,-19.23106893,LA5,2009-02-01,10:00:00 AM,10:00:00,Hot-Wet
15.81517843,-19.23150228,LA5,2009-02-01,10:20:00 AM,10:20:00,Hot-Wet
15.81494751,-19.23241374,LA5,2009-02-01,10:40:00 AM,10:40:00,Hot-Wet
15.81298014,-19.23119303,LA5,2009-02-01,11:00:00 AM,11:00:00,Hot-Wet
15.8129659,-19.23117879,LA5,2009-02-01,11:20:00 AM,11:20:00,Hot-Wet
15.81295675,-19.23118286,LA5,2009-02-01,11:40:00 AM,11:40:00,Hot-Wet
15.81298116,-19.23117065,LA5,2009-02-01,12:00:00 PM,12:00:00,Hot-Wet
15.81215108,-19.23265381,LA5,2009-02-01,12:20:00 PM,12:20:00,Hot-Wet
15.81216532,-19.23265991,LA5,2009-02-01,12:40:00 PM,12:40:00,Hot-Wet
15.8136617,-19.23392944,LA5,2009-02-01,01:00:00 PM,13:00:00,Hot-Wet
15.81345622,-19.23757324,LA5,2009-02-01,01:20:00 PM,13:20:00,Hot-Wet
15.81116435,-19.23804932,LA5,2009-02-01,01:40:00 PM,13:40:00,Hot-Wet
15.80494588,-19.23516235,LA5,2009-02-01,02:00:00 PM,14:00:00,Hot-Wet
15.79802551,-19.23369141,LA5,2009-02-01,02:20:00 PM,14:20:00,Hot-Wet
15.7980306,-19.23371379,LA5,2009-02-01,02:40:00 PM,14:40:00,Hot-Wet
15.79631144,-19.2279541,LA5,2009-02-01,03:00:00 PM,15:00:00,Hot-Wet
15.79628703,-19.22861938,LA5,2009-02-01,03:20:00 PM,15:20:00,Hot-Wet
15.79574178,-19.22937012,LA5,2009-02-01,03:40:00 PM,15:40:00,Hot-Wet
15.79513957,-19.23117065,LA5,2009-02-01,04:00:00 PM,16:00:00,Hot-Wet
15.79512533,-19.23117879,LA5,2009-02-01,04:20:00 PM,16:20:00,Hot-Wet
15.79562887,-19.23557332,LA5,2009-02-01,04:40:00 PM,16:40:00,Hot-Wet
15.79562988,-19.23551636,LA5,2009-02-01,05:00:00 PM,17:00:00,Hot-Wet
15.79529826,-19.24209798,LA5,2009-02-01,05:20:00 PM,17:20:00,Hot-Wet
15.79163818,-19.24260457,LA5,2009-02-01,05:40:00 PM,17:40:00,Hot-Wet
15.78833516,-19.2428243,LA5,2009-02-01,06:00:00 PM,18:00:00,Hot-Wet
15.78730672,-19.24331462,LA5,2009-02-01,06:20:00 PM,18:20:00,Hot-Wet
15.78238627,-19.24215291,LA5,2009-02-01,06:40:00 PM,18:40:00,Hot-Wet
15.7749705,-19.2382609,LA5,2009-02-01,07:00:00 PM,19:00:00,Hot-Wet
15.77222493,-19.23661092,LA5,2009-02-01,07:20:00 PM,19:20:00,Hot-Wet
15.76924845,-19.23631592,LA5,2009-02-01,07:40:00 PM,19:40:00,Hot-Wet
15.76859131,-19.23759562,LA5,2009-02-01,08:00:00 PM,20:00:00,Hot-Wet
15.76904093,-19.23527629,LA5,2009-02-01,08:20:00 PM,20:20:00,Hot-Wet
15.76904093,-19.23527629,LA5,2009-02-01,08:40:00 PM,20:40:00,Hot-Wet
15.76819763,-19.23225301,LA5,2009-02-01,09:00:00 PM,21:00:00,Hot-Wet
15.76700948,-19.231309,LA5,2009-02-01,09:20:00 PM,21:20:00,Hot-Wet
15.76701253,-19.23132324,LA5,2009-02-01,09:40:00 PM,21:40:00,Hot-Wet
15.76709696,-19.2314799,LA5,2009-02-01,10:00:00 PM,22:00:00,Hot-Wet
15.76710714,-19.23115031,LA5,2009-02-01,10:20:00 PM,22:20:00,Hot-Wet
15.76729024,-19.2311971,LA5,2009-02-01,10:40:00 PM,22:40:00,Hot-Wet
15.76871643,-19.23030192,LA5,2009-02-01,11:00:00 PM,23:00:00,Hot-Wet
15.7695638,-19.23033854,LA5,2009-02-01,11:20:00 PM,23:20:00,Hot-Wet
15.77017721,-19.22972209,LA5,2009-02-01,11:40:00 PM,23:40:00,Hot-Wet
15.77036336,-19.23001302,LA5,2009-02-02,12:00:00 AM,00:00:00,Hot-Wet
15.77083639,-19.2299174,LA5,2009-02-02,12:20:00 AM,00:20:00,Hot-Wet
15.77142334,-19.22940063,LA5,2009-02-02,12:40:00 AM,00:40:00,Hot-Wet
15.77149251,-19.22946981,LA5,2009-02-02,01:00:00 AM,01:00:00,Hot-Wet
15.77206014,-19.22944336,LA5,2009-02-02,01:20:00 AM,01:20:00,Hot-Wet
15.77205098,-19.22944539,LA5,2009-02-02,01:40:00 AM,01:40:00,Hot-Wet
15.77210592,-19.22946777,LA5,2009-02-02,02:00:00 AM,02:00:00,Hot-Wet
15.77218018,-19.22933757,LA5,2009-02-02,02:20:00 AM,02:20:00,Hot-Wet
15.77219747,-19.22934367,LA5,2009-02-02,02:40:00 AM,02:40:00,Hot-Wet
15.77216492,-19.22933146,LA5,2009-02-02,03:00:00 AM,03:00:00,Hot-Wet
15.77217712,-19.22932332,LA5,2009-02-02,03:20:00 AM,03:20:00,Hot-Wet
15.77217306,-19.22932536,LA5,2009-02-02,03:40:00 AM,03:40:00,Hot-Wet
15.77220662,-19.22931112,LA5,2009-02-02,04:00:00 AM,04:00:00,Hot-Wet
15.77219747,-19.22933553,LA5,2009-02-02,04:20:00 AM,04:20:00,Hot-Wet
15.77219747,-19.22933146,LA5,2009-02-02,04:40:00 AM,04:40:00,Hot-Wet
15.77212219,-19.22930705,LA5,2009-02-02,05:00:00 AM,05:00:00,Hot-Wet
15.77222799,-19.22934163,LA5,2009-02-02,05:20:00 AM,05:20:00,Hot-Wet
15.77232768,-19.22921143,LA5,2009-02-02,05:40:00 AM,05:40:00,Hot-Wet
15.77481893,-19.23138021,LA5,2009-02-02,06:00:00 AM,06:00:00,Hot-Wet
15.77590027,-19.23148397,LA5,2009-02-02,06:20:00 AM,06:20:00,Hot-Wet
15.77590332,-19.23148193,LA5,2009-02-02,06:40:00 AM,06:40:00,Hot-Wet
15.77825826,-19.23161825,LA5,2009-02-02,07:00:00 AM,07:00:00,Hot-Wet
15.77827148,-19.23154297,LA5,2009-02-02,07:20:00 AM,07:20:00,Hot-Wet
15.77792358,-19.22768555,LA5,2009-02-02,07:40:00 AM,07:40:00,Hot-Wet
15.77792155,-19.22768555,LA5,2009-02-02,08:00:00 AM,08:00:00,Hot-Wet
15.78061625,-19.22673136,LA5,2009-02-02,08:20:00 AM,08:20:00,Hot-Wet
15.78237305,-19.22541911,LA5,2009-02-02,08:40:00 AM,08:40:00,Hot-Wet
15.7829539,-19.22505493,LA5,2009-02-02,09:00:00 AM,09:00:00,Hot-Wet
15.78426819,-19.22561849,LA5,2009-02-02,09:20:00 AM,09:20:00,Hot-Wet
15.78691203,-19.22532349,LA5,2009-02-02,09:40:00 AM,09:40:00,Hot-Wet
15.78847351,-19.22508138,LA5,2009-02-02,10:00:00 AM,10:00:00,Hot-Wet
15.78976542,-19.2258728,LA5,2009-02-02,10:20:00 AM,10:20:00,Hot-Wet
15.78975627,-19.22584635,LA5,2009-02-02,10:40:00 AM,10:40:00,Hot-Wet
15.78974508,-19.22581177,LA5,2009-02-02,11:00:00 AM,11:00:00,Hot-Wet
15.78975627,-19.22580363,LA5,2009-02-02,11:20:00 AM,11:20:00,Hot-Wet
15.78929342,-19.22608236,LA5,2009-02-02,11:40:00 AM,11:40:00,Hot-Wet
15.78929036,-19.22610067,LA5,2009-02-02,12:00:00 PM,12:00:00,Hot-Wet
15.78988241,-19.22716675,LA5,2009-02-02,12:20:00 PM,12:20:00,Hot-Wet
15.7896342,-19.22687378,LA5,2009-02-02,12:40:00 PM,12:40:00,Hot-Wet
15.78963928,-19.22686971,LA5,2009-02-02,01:00:00 PM,13:00:00,Hot-Wet
15.78961995,-19.2260498,LA5,2009-02-02,01:20:00 PM,13:20:00,Hot-Wet
15.79125671,-19.22609049,LA5,2009-02-02,01:40:00 PM,13:40:00,Hot-Wet
15.79175008,-19.22591146,LA5,2009-02-02,02:00:00 PM,14:00:00,Hot-Wet
15.79176331,-19.22591553,LA5,2009-02-02,02:20:00 PM,14:20:00,Hot-Wet
15.79335022,-19.2244161,LA5,2009-02-02,02:40:00 PM,14:40:00,Hot-Wet
15.79157206,-19.22235311,LA5,2009-02-02,03:00:00 PM,15:00:00,Hot-Wet
15.78791199,-19.22367757,LA5,2009-02-02,03:20:00 PM,15:20:00,Hot-Wet
15.78653361,-19.22396647,LA5,2009-02-02,03:40:00 PM,15:40:00,Hot-Wet
15.78652242,-19.22396647,LA5,2009-02-02,04:00:00 PM,16:00:00,Hot-Wet
15.78749084,-19.22489217,LA5,2009-02-02,04:20:00 PM,16:20:00,Hot-Wet
15.78811849,-19.22526855,LA5,2009-02-02,04:40:00 PM,16:40:00,Hot-Wet
15.78661296,-19.22822266,LA5,2009-02-02,05:00:00 PM,17:00:00,Hot-Wet
15.78661499,-19.22822266,LA5,2009-02-02,05:20:00 PM,17:20:00,Hot-Wet
15.78730977,-19.22968547,LA5,2009-02-02,05:40:00 PM,17:40:00,Hot-Wet
15.78606771,-19.23245443,LA5,2009-02-02,06:00:00 PM,18:00:00,Hot-Wet
15.78384094,-19.23350423,LA5,2009-02-02,06:20:00 PM,18:20:00,Hot-Wet
15.78336995,-19.23541056,LA5,2009-02-02,06:40:00 PM,18:40:00,Hot-Wet
15.78337911,-19.23541463,LA5,2009-02-02,07:00:00 PM,19:00:00,Hot-Wet
15.78435059,-19.23690389,LA5,2009-02-02,07:20:00 PM,19:20:00,Hot-Wet
15.78513489,-19.23753459,LA5,2009-02-02,07:40:00 PM,19:40:00,Hot-Wet
15.78455505,-19.23915609,LA5,2009-02-02,08:00:00 PM,20:00:00,Hot-Wet
15.78389587,-19.23957926,LA5,2009-02-02,08:20:00 PM,20:20:00,Hot-Wet
15.78211466,-19.23919881,LA5,2009-02-02,08:40:00 PM,20:40:00,Hot-Wet
15.78190409,-19.23845215,LA5,2009-02-02,09:00:00 PM,21:00:00,Hot-Wet
15.78118286,-19.23716838,LA5,2009-02-02,09:20:00 PM,21:20:00,Hot-Wet
15.7809906,-19.2364502,LA5,2009-02-02,09:40:00 PM,21:40:00,Hot-Wet
15.78101196,-19.23644409,LA5,2009-02-02,10:00:00 PM,22:00:00,Hot-Wet
15.78118388,-19.23439331,LA5,2009-02-02,10:20:00 PM,22:20:00,Hot-Wet
15.78088989,-19.23406982,LA5,2009-02-02,10:40:00 PM,22:40:00,Hot-Wet
15.78026733,-19.23413696,LA5,2009-02-02,11:00:00 PM,23:00:00,Hot-Wet
15.78026937,-19.23413086,LA5,2009-02-02,11:20:00 PM,23:20:00,Hot-Wet
15.78026937,-19.2341451,LA5,2009-02-02,11:40:00 PM,23:40:00,Hot-Wet
15.78022563,-19.23413289,LA5,2009-02-03,12:00:00 AM,00:00:00,Hot-Wet
15.78013102,-19.23421427,LA5,2009-02-03,12:20:00 AM,00:20:00,Hot-Wet
15.78010864,-19.23418579,LA5,2009-02-03,12:40:00 AM,00:40:00,Hot-Wet
15.7800883,-19.23416341,LA5,2009-02-03,01:00:00 AM,01:00:00,Hot-Wet
15.78016866,-19.23423665,LA5,2009-02-03,01:20:00 AM,01:20:00,Hot-Wet
15.78010254,-19.23422648,LA5,2009-02-03,01:40:00 AM,01:40:00,Hot-Wet
15.78010661,-19.23423055,LA5,2009-02-03,02:00:00 AM,02:00:00,Hot-Wet
15.78012288,-19.23420614,LA5,2009-02-03,02:20:00 AM,02:20:00,Hot-Wet
15.78011475,-19.2342041,LA5,2009-02-03,02:40:00 AM,02:40:00,Hot-Wet
15.78013204,-19.23418986,LA5,2009-02-03,03:00:00 AM,03:00:00,Hot-Wet
15.78012288,-19.23392944,LA5,2009-02-03,03:20:00 AM,03:20:00,Hot-Wet
15.7801005,-19.23389282,LA5,2009-02-03,03:40:00 AM,03:40:00,Hot-Wet
15.7800883,-19.23388265,LA5,2009-02-03,04:00:00 AM,04:00:00,Hot-Wet
15.78010661,-19.23394979,LA5,2009-02-03,04:20:00 AM,04:20:00,Hot-Wet
15.77992452,-19.23418986,LA5,2009-02-03,04:40:00 AM,04:40:00,Hot-Wet
15.77871501,-19.23486328,LA5,2009-02-03,05:00:00 AM,05:00:00,Hot-Wet
15.77792664,-19.23517456,LA5,2009-02-03,05:20:00 AM,05:20:00,Hot-Wet
15.7776947,-19.23536174,LA5,2009-02-03,05:40:00 AM,05:40:00,Hot-Wet
15.77733053,-19.23656413,LA5,2009-02-03,06:00:00 AM,06:00:00,Hot-Wet
15.77447103,-19.23516846,LA5,2009-02-03,06:20:00 AM,06:20:00,Hot-Wet
15.77448425,-19.23517253,LA5,2009-02-03,06:40:00 AM,06:40:00,Hot-Wet
15.77579854,-19.2336731,LA5,2009-02-03,07:00:00 AM,07:00:00,Hot-Wet
15.77565715,-19.23363647,LA5,2009-02-03,07:20:00 AM,07:20:00,Hot-Wet
15.7759318,-19.23440348,LA5,2009-02-03,07:40:00 AM,07:40:00,Hot-Wet
15.77592672,-19.23440552,LA5,2009-02-03,08:00:00 AM,08:00:00,Hot-Wet
15.77608134,-19.23501587,LA5,2009-02-03,08:20:00 AM,08:20:00,Hot-Wet
15.77633769,-19.23568726,LA5,2009-02-03,08:40:00 AM,08:40:00,Hot-Wet
15.77716471,-19.23595581,LA5,2009-02-03,09:00:00 AM,09:00:00,Hot-Wet
15.78098755,-19.23642171,LA5,2009-02-03,09:20:00 AM,09:20:00,Hot-Wet
15.78459574,-19.23599854,LA5,2009-02-03,09:40:00 AM,09:40:00,Hot-Wet
15.78615417,-19.23540243,LA5,2009-02-03,10:00:00 AM,10:00:00,Hot-Wet
15.78735352,-19.23436686,LA5,2009-02-03,10:20:00 AM,10:20:00,Hot-Wet
15.78683167,-19.23577677,LA5,2009-02-03,10:40:00 AM,10:40:00,Hot-Wet
15.78684387,-19.23577677,LA5,2009-02-03,11:00:00 AM,11:00:00,Hot-Wet
15.78824972,-19.23571777,LA5,2009-02-03,11:20:00 AM,11:20:00,Hot-Wet
15.7892568,-19.23496501,LA5,2009-02-03,11:40:00 AM,11:40:00,Hot-Wet
15.78966573,-19.23231608,LA5,2009-02-03,12:00:00 PM,12:00:00,Hot-Wet
15.78940226,-19.23217977,LA5,2009-02-03,12:20:00 PM,12:20:00,Hot-Wet
15.78939514,-19.23218384,LA5,2009-02-03,12:40:00 PM,12:40:00,Hot-Wet
15.78961283,-19.23233439,LA5,2009-02-03,01:00:00 PM,13:00:00,Hot-Wet
15.79005229,-19.2340861,LA5,2009-02-03,01:20:00 PM,13:20:00,Hot-Wet
15.79181925,-19.23448283,LA5,2009-02-03,01:40:00 PM,13:40:00,Hot-Wet
15.79583028,-19.23434652,LA5,2009-02-03,02:00:00 PM,14:00:00,Hot-Wet
15.7987915,-19.23469849,LA5,2009-02-03,02:20:00 PM,14:20:00,Hot-Wet
15.80215149,-19.23511353,LA5,2009-02-03,02:40:00 PM,14:40:00,Hot-Wet
15.80510966,-19.23106893,LA5,2009-02-03,03:00:00 PM,15:00:00,Hot-Wet
15.79840393,-19.23041789,LA5,2009-02-03,03:20:00 PM,15:20:00,Hot-Wet
15.78775533,-19.22905884,LA5,2009-02-03,03:40:00 PM,15:40:00,Hot-Wet
15.77980347,-19.22664388,LA5,2009-02-03,04:00:00 PM,16:00:00,Hot-Wet
15.77479553,-19.22830404,LA5,2009-02-03,04:20:00 PM,16:20:00,Hot-Wet
15.76638896,-19.22854614,LA5,2009-02-03,04:40:00 PM,16:40:00,Hot-Wet
15.7585317,-19.23261312,LA5,2009-02-03,05:00:00 PM,17:00:00,Hot-Wet
15.74837341,-19.22970785,LA5,2009-02-03,05:20:00 PM,17:20:00,Hot-Wet
15.73837789,-19.23208211,LA5,2009-02-03,05:40:00 PM,17:40:00,Hot-Wet
15.73270874,-19.22668457,LA5,2009-02-03,06:00:00 PM,18:00:00,Hot-Wet
15.72904053,-19.22411702,LA5,2009-02-03,06:20:00 PM,18:20:00,Hot-Wet
15.71992493,-19.22540283,LA5,2009-02-03,06:40:00 PM,18:40:00,Hot-Wet
15.71191508,-19.2267395,LA5,2009-02-03,07:00:00 PM,19:00:00,Hot-Wet
15.709434,-19.22934367,LA5,2009-02-03,07:20:00 PM,19:20:00,Hot-Wet
15.70886027,-19.22705485,LA5,2009-02-03,07:40:00 PM,19:40:00,Hot-Wet
15.70884806,-19.2270813,LA5,2009-02-03,08:00:00 PM,20:00:00,Hot-Wet
15.71104431,-19.22662964,LA5,2009-02-03,08:20:00 PM,20:20:00,Hot-Wet
15.70909424,-19.22714437,LA5,2009-02-03,08:40:00 PM,20:40:00,Hot-Wet
15.70761617,-19.2288798,LA5,2009-02-03,09:00:00 PM,21:00:00,Hot-Wet
15.70447693,-19.23190511,LA5,2009-02-03,09:20:00 PM,21:20:00,Hot-Wet
15.70396729,-19.2347229,LA5,2009-02-03,09:40:00 PM,21:40:00,Hot-Wet
15.70398458,-19.23469238,LA5,2009-02-03,10:00:00 PM,22:00:00,Hot-Wet
15.70485331,-19.23728638,LA5,2009-02-03,10:20:00 PM,22:20:00,Hot-Wet
15.7050649,-19.23847656,LA5,2009-02-03,10:40:00 PM,22:40:00,Hot-Wet
15.70620931,-19.23942871,LA5,2009-02-03,11:00:00 PM,23:00:00,Hot-Wet
15.70720622,-19.2401001,LA5,2009-02-03,11:20:00 PM,23:20:00,Hot-Wet
15.70787455,-19.24067179,LA5,2009-02-03,11:40:00 PM,23:40:00,Hot-Wet
15.70903015,-19.24265747,LA5,2009-02-04,12:00:00 AM,00:00:00,Hot-Wet
15.70948181,-19.24132487,LA5,2009-02-04,12:20:00 AM,00:20:00,Hot-Wet
15.70915222,-19.24037272,LA5,2009-02-04,12:40:00 AM,00:40:00,Hot-Wet
15.70915934,-19.24037476,LA5,2009-02-04,01:00:00 AM,01:00:00,Hot-Wet
15.70915833,-19.24041341,LA5,2009-02-04,01:20:00 AM,01:20:00,Hot-Wet
15.70915527,-19.24041748,LA5,2009-02-04,01:40:00 AM,01:40:00,Hot-Wet
15.70862935,-19.2400411,LA5,2009-02-04,02:00:00 AM,02:00:00,Hot-Wet
15.70682373,-19.2354716,LA5,2009-02-04,02:20:00 AM,02:20:00,Hot-Wet
15.70585531,-19.23399862,LA5,2009-02-04,02:40:00 AM,02:40:00,Hot-Wet
15.70327555,-19.23318888,LA5,2009-02-04,03:00:00 AM,03:00:00,Hot-Wet
15.70275065,-19.23297729,LA5,2009-02-04,03:20:00 AM,03:20:00,Hot-Wet
15.70278117,-19.23297933,LA5,2009-02-04,03:40:00 AM,03:40:00,Hot-Wet
15.70098674,-19.23185221,LA5,2009-02-04,04:00:00 AM,04:00:00,Hot-Wet
15.70025024,-19.23082479,LA5,2009-02-04,04:20:00 AM,04:20:00,Hot-Wet
15.69711507,-19.227771,LA5,2009-02-04,04:40:00 AM,04:40:00,Hot-Wet
15.69196574,-19.2233846,LA5,2009-02-04,05:00:00 AM,05:00:00,Hot-Wet
15.69057821,-19.22253825,LA5,2009-02-04,05:20:00 AM,05:20:00,Hot-Wet
15.69025879,-19.22299194,LA5,2009-02-04,05:40:00 AM,05:40:00,Hot-Wet
15.68879801,-19.22315063,LA5,2009-02-04,06:00:00 AM,06:00:00,Hot-Wet
15.6882548,-19.22194824,LA5,2009-02-04,06:20:00 AM,06:20:00,Hot-Wet
15.68826192,-19.22196248,LA5,2009-02-04,06:40:00 AM,06:40:00,Hot-Wet
15.68847148,-19.22011108,LA5,2009-02-04,07:00:00 AM,07:00:00,Hot-Wet
15.68949382,-19.22000122,LA5,2009-02-04,07:20:00 AM,07:20:00,Hot-Wet
15.69263306,-19.22094523,LA5,2009-02-04,07:40:00 AM,07:40:00,Hot-Wet
15.69263204,-19.22095337,LA5,2009-02-04,08:00:00 AM,08:00:00,Hot-Wet
15.69329529,-19.22110392,LA5,2009-02-04,08:20:00 AM,08:20:00,Hot-Wet
15.69183757,-19.2228007,LA5,2009-02-04,08:40:00 AM,08:40:00,Hot-Wet
15.68940938,-19.22462362,LA5,2009-02-04,09:00:00 AM,09:00:00,Hot-Wet
15.68941142,-19.22461141,LA5,2009-02-04,09:20:00 AM,09:20:00,Hot-Wet
15.69063314,-19.22648112,LA5,2009-02-04,09:40:00 AM,09:40:00,Hot-Wet
15.69307048,-19.23136597,LA5,2009-02-04,10:00:00 AM,10:00:00,Hot-Wet
15.69484558,-19.23457642,LA5,2009-02-04,10:20:00 AM,10:20:00,Hot-Wet
15.6986084,-19.23402303,LA5,2009-02-04,10:40:00 AM,10:40:00,Hot-Wet
15.70060527,-19.23417155,LA5,2009-02-04,11:00:00 AM,11:00:00,Hot-Wet
15.70061035,-19.23418579,LA5,2009-02-04,11:20:00 AM,11:20:00,Hot-Wet
15.70060323,-19.23418579,LA5,2009-02-04,11:40:00 AM,11:40:00,Hot-Wet
15.70060527,-19.23417358,LA5,2009-02-04,12:00:00 PM,12:00:00,Hot-Wet
15.70157674,-19.23332723,LA5,2009-02-04,12:20:00 PM,12:20:00,Hot-Wet
15.70501709,-19.22740072,LA5,2009-02-04,12:40:00 PM,12:40:00,Hot-Wet
15.71002808,-19.23041585,LA5,2009-02-04,01:00:00 PM,13:00:00,Hot-Wet
15.71125387,-19.22732747,LA5,2009-02-04,01:20:00 PM,13:20:00,Hot-Wet
15.70666606,-19.22661133,LA5,2009-02-04,01:40:00 PM,13:40:00,Hot-Wet
15.70309245,-19.22773234,LA5,2009-02-04,02:00:00 PM,14:00:00,Hot-Wet
15.70076904,-19.23112386,LA5,2009-02-04,02:20:00 PM,14:20:00,Hot-Wet
15.70079854,-19.23111572,LA5,2009-02-04,02:40:00 PM,14:40:00,Hot-Wet
15.70176799,-19.2365214,LA5,2009-02-04,03:00:00 PM,15:00:00,Hot-Wet
15.70177002,-19.23652547,LA5,2009-02-04,03:20:00 PM,15:20:00,Hot-Wet
15.7029012,-19.23659465,LA5,2009-02-04,03:40:00 PM,15:40:00,Hot-Wet
15.7062856,-19.2344279,LA5,2009-02-04,04:00:00 PM,16:00:00,Hot-Wet
15.7112325,-19.23267619,LA5,2009-02-04,04:20:00 PM,16:20:00,Hot-Wet
15.7182017,-19.22965495,LA5,2009-02-04,04:40:00 PM,16:40:00,Hot-Wet
15.72794088,-19.22398885,LA5,2009-02-04,05:00:00 PM,17:00:00,Hot-Wet
15.72984924,-19.22463989,LA5,2009-02-04,05:20:00 PM,17:20:00,Hot-Wet
15.72970378,-19.22255249,LA5,2009-02-04,05:40:00 PM,17:40:00,Hot-Wet
15.7270223,-19.22195638,LA5,2009-02-04,06:00:00 PM,18:00:00,Hot-Wet
15.72475281,-19.22216187,LA5,2009-02-04,06:20:00 PM,18:20:00,Hot-Wet
15.72296041,-19.22382813,LA5,2009-02-04,06:40:00 PM,18:40:00,Hot-Wet
15.72174072,-19.22549642,LA5,2009-02-04,07:00:00 PM,19:00:00,Hot-Wet
15.72005819,-19.22645874,LA5,2009-02-04,07:20:00 PM,19:20:00,Hot-Wet
15.71903585,-19.22990316,LA5,2009-02-04,07:40:00 PM,19:40:00,Hot-Wet
15.71723328,-19.23243815,LA5,2009-02-04,08:00:00 PM,20:00:00,Hot-Wet
15.71589762,-19.23300578,LA5,2009-02-04,08:20:00 PM,20:20:00,Hot-Wet
15.7137736,-19.23465576,LA5,2009-02-04,08:40:00 PM,20:40:00,Hot-Wet
15.70900981,-19.2335612,LA5,2009-02-04,09:00:00 PM,21:00:00,Hot-Wet
15.70566203,-19.23707479,LA5,2009-02-04,09:20:00 PM,21:20:00,Hot-Wet
15.70494893,-19.23655396,LA5,2009-02-04,09:40:00 PM,21:40:00,Hot-Wet
15.70238342,-19.23656413,LA5,2009-02-04,10:00:00 PM,22:00:00,Hot-Wet
15.70238139,-19.23656209,LA5,2009-02-04,10:20:00 PM,22:20:00,Hot-Wet
15.70114237,-19.23450928,LA5,2009-02-04,10:40:00 PM,22:40:00,Hot-Wet
15.69940186,-19.23570964,LA5,2009-02-04,11:00:00 PM,23:00:00,Hot-Wet
15.69856364,-19.23731486,LA5,2009-02-04,11:20:00 PM,23:20:00,Hot-Wet
15.69759623,-19.23705851,LA5,2009-02-04,11:40:00 PM,23:40:00,Hot-Wet
15.69528198,-19.23674316,LA5,2009-02-05,12:00:00 AM,00:00:00,Hot-Wet
15.69484151,-19.23618164,LA5,2009-02-05,12:20:00 AM,00:20:00,Hot-Wet
15.69483744,-19.2361674,LA5,2009-02-05,12:40:00 AM,00:40:00,Hot-Wet
15.69567464,-19.23341064,LA5,2009-02-05,01:00:00 AM,01:00:00,Hot-Wet
15.69566549,-19.23341675,LA5,2009-02-05,01:20:00 AM,01:20:00,Hot-Wet
15.69632263,-19.23404948,LA5,2009-02-05,01:40:00 AM,01:40:00,Hot-Wet
15.69631348,-19.23405151,LA5,2009-02-05,02:00:00 AM,02:00:00,Hot-Wet
15.69630737,-19.23402507,LA5,2009-02-05,02:20:00 AM,02:20:00,Hot-Wet
15.69597473,-19.23395996,LA5,2009-02-05,02:40:00 AM,02:40:00,Hot-Wet
15.69596965,-19.233962,LA5,2009-02-05,03:00:00 AM,03:00:00,Hot-Wet
15.69597473,-19.23396606,LA5,2009-02-05,03:20:00 AM,03:20:00,Hot-Wet
15.69597778,-19.233962,LA5,2009-02-05,03:40:00 AM,03:40:00,Hot-Wet
15.69595032,-19.23394572,LA5,2009-02-05,04:00:00 AM,04:00:00,Hot-Wet
15.69596863,-19.23395793,LA5,2009-02-05,04:20:00 AM,04:20:00,Hot-Wet
15.69572347,-19.2346578,LA5,2009-02-05,04:40:00 AM,04:40:00,Hot-Wet
15.6952535,-19.23532918,LA5,2009-02-05,05:00:00 AM,05:00:00,Hot-Wet
15.6952474,-19.23532511,LA5,2009-02-05,05:20:00 AM,05:20:00,Hot-Wet
15.69661153,-19.23637085,LA5,2009-02-05,05:40:00 AM,05:40:00,Hot-Wet
15.69876811,-19.23542684,LA5,2009-02-05,06:00:00 AM,06:00:00,Hot-Wet
15.6991099,-19.23808797,LA5,2009-02-05,06:20:00 AM,06:20:00,Hot-Wet
15.70239563,-19.23733114,LA5,2009-02-05,06:40:00 AM,06:40:00,Hot-Wet
15.70203349,-19.23722331,LA5,2009-02-05,07:00:00 AM,07:00:00,Hot-Wet
15.70202637,-19.23723958,LA5,2009-02-05,07:20:00 AM,07:20:00,Hot-Wet
15.70183207,-19.2360026,LA5,2009-02-05,07:40:00 AM,07:40:00,Hot-Wet
15.70130107,-19.23618164,LA5,2009-02-05,08:00:00 AM,08:00:00,Hot-Wet
15.70139058,-19.23620402,LA5,2009-02-05,08:20:00 AM,08:20:00,Hot-Wet
15.70060221,-19.23422445,LA5,2009-02-05,08:40:00 AM,08:40:00,Hot-Wet
15.7005544,-19.23423258,LA5,2009-02-05,09:00:00 AM,09:00:00,Hot-Wet
15.70054118,-19.23422852,LA5,2009-02-05,09:20:00 AM,09:20:00,Hot-Wet
15.70057576,-19.23422038,LA5,2009-02-05,09:40:00 AM,09:40:00,Hot-Wet
15.70058899,-19.23423258,LA5,2009-02-05,10:00:00 AM,10:00:00,Hot-Wet
15.70059408,-19.23423462,LA5,2009-02-05,10:20:00 AM,10:20:00,Hot-Wet
15.70309143,-19.23337606,LA5,2009-02-05,10:40:00 AM,10:40:00,Hot-Wet
15.70179443,-19.22601929,LA5,2009-02-05,11:00:00 AM,11:00:00,Hot-Wet
15.69954631,-19.22711182,LA5,2009-02-05,11:20:00 AM,11:20:00,Hot-Wet
15.698762,-19.22736003,LA5,2009-02-05,11:40:00 AM,11:40:00,Hot-Wet
15.69626973,-19.22796021,LA5,2009-02-05,12:00:00 PM,12:00:00,Hot-Wet
15.69587097,-19.22838949,LA5,2009-02-05,12:20:00 PM,12:20:00,Hot-Wet
15.69344788,-19.22924194,LA5,2009-02-05,12:40:00 PM,12:40:00,Hot-Wet
15.69103394,-19.22982992,LA5,2009-02-05,01:00:00 PM,13:00:00,Hot-Wet
15.69018656,-19.22982788,LA5,2009-02-05,01:20:00 PM,13:20:00,Hot-Wet
15.68993225,-19.22776693,LA5,2009-02-05,01:40:00 PM,13:40:00,Hot-Wet
15.68907369,-19.22112223,LA5,2009-02-05,02:00:00 PM,14:00:00,Hot-Wet
15.6868337,-19.21562703,LA5,2009-02-05,02:20:00 PM,14:20:00,Hot-Wet
15.68179525,-19.21071167,LA5,2009-02-05,02:40:00 PM,14:40:00,Hot-Wet
15.67738241,-19.20395304,LA5,2009-02-05,03:00:00 PM,15:00:00,Hot-Wet
15.67735291,-19.20396932,LA5,2009-02-05,03:20:00 PM,15:20:00,Hot-Wet
15.68055216,-19.19986979,LA5,2009-02-05,03:40:00 PM,15:40:00,Hot-Wet
15.68857422,-19.2001241,LA5,2009-02-05,04:00:00 PM,16:00:00,Hot-Wet
15.69315186,-19.20228882,LA5,2009-02-05,04:20:00 PM,16:20:00,Hot-Wet
15.69544678,-19.2130249,LA5,2009-02-05,04:40:00 PM,16:40:00,Hot-Wet
15.69546102,-19.21302083,LA5,2009-02-05,05:00:00 PM,17:00:00,Hot-Wet
15.6958669,-19.21162923,LA5,2009-02-05,05:20:00 PM,17:20:00,Hot-Wet
15.69437358,-19.21408488,LA5,2009-02-05,05:40:00 PM,17:40:00,Hot-Wet
15.69446615,-19.2140035,LA5,2009-02-05,06:00:00 PM,18:00:00,Hot-Wet
15.69526978,-19.21648356,LA5,2009-02-05,06:20:00 PM,18:20:00,Hot-Wet
15.69648234,-19.21677043,LA5,2009-02-05,06:40:00 PM,18:40:00,Hot-Wet
15.69648743,-19.21673177,LA5,2009-02-05,07:00:00 PM,19:00:00,Hot-Wet
15.69657593,-19.21891276,LA5,2009-02-05,07:20:00 PM,19:20:00,Hot-Wet
15.69890137,-19.22085978,LA5,2009-02-05,07:40:00 PM,19:40:00,Hot-Wet
15.70213318,-19.21941121,LA5,2009-02-05,08:00:00 PM,20:00:00,Hot-Wet
15.70295003,-19.21986898,LA5,2009-02-05,08:20:00 PM,20:20:00,Hot-Wet
15.70295207,-19.21986287,LA5,2009-02-05,08:40:00 PM,20:40:00,Hot-Wet
15.70773722,-19.21960653,LA5,2009-02-05,09:00:00 PM,21:00:00,Hot-Wet
15.71125387,-19.22115682,LA5,2009-02-05,09:20:00 PM,21:20:00,Hot-Wet
15.71198324,-19.2268453,LA5,2009-02-05,09:40:00 PM,21:40:00,Hot-Wet
15.71133423,-19.22925822,LA5,2009-02-05,10:00:00 PM,22:00:00,Hot-Wet
15.71129964,-19.23152059,LA5,2009-02-05,10:20:00 PM,22:20:00,Hot-Wet
15.71061707,-19.23305868,LA5,2009-02-05,10:40:00 PM,22:40:00,Hot-Wet
15.7097758,-19.23544718,LA5,2009-02-05,11:00:00 PM,23:00:00,Hot-Wet
15.70760193,-19.23623861,LA5,2009-02-05,11:20:00 PM,23:20:00,Hot-Wet
15.70543213,-19.23711344,LA5,2009-02-05,11:40:00 PM,23:40:00,Hot-Wet
15.70339559,-19.23782552,LA5,2009-02-06,12:00:00 AM,00:00:00,Hot-Wet
15.7023468,-19.23844808,LA5,2009-02-06,12:20:00 AM,00:20:00,Hot-Wet
15.70220744,-19.23866984,LA5,2009-02-06,12:40:00 AM,00:40:00,Hot-Wet
15.70219421,-19.23866374,LA5,2009-02-06,01:00:00 AM,01:00:00,Hot-Wet
15.70218913,-19.23865967,LA5,2009-02-06,01:20:00 AM,01:20:00,Hot-Wet
15.70219218,-19.2386495,LA5,2009-02-06,01:40:00 AM,01:40:00,Hot-Wet
15.70217896,-19.23865763,LA5,2009-02-06,02:00:00 AM,02:00:00,Hot-Wet
15.70217082,-19.23869222,LA5,2009-02-06,02:20:00 AM,02:20:00,Hot-Wet
15.70218302,-19.23901571,LA5,2009-02-06,02:40:00 AM,02:40:00,Hot-Wet
15.70218404,-19.23901774,LA5,2009-02-06,03:00:00 AM,03:00:00,Hot-Wet
15.70220439,-19.23901978,LA5,2009-02-06,03:20:00 AM,03:20:00,Hot-Wet
15.7022054,-19.23904012,LA5,2009-02-06,03:40:00 AM,03:40:00,Hot-Wet
15.70219421,-19.23904215,LA5,2009-02-06,04:00:00 AM,04:00:00,Hot-Wet
15.70220032,-19.23901978,LA5,2009-02-06,04:20:00 AM,04:20:00,Hot-Wet
15.70211182,-19.23906453,LA5,2009-02-06,04:40:00 AM,04:40:00,Hot-Wet
15.70203044,-19.23894857,LA5,2009-02-06,05:00:00 AM,05:00:00,Hot-Wet
15.70091756,-19.24085897,LA5,2009-02-06,05:20:00 AM,05:20:00,Hot-Wet
15.70092061,-19.24086304,LA5,2009-02-06,05:40:00 AM,05:40:00,Hot-Wet
15.70273539,-19.24023438,LA5,2009-02-06,06:00:00 AM,06:00:00,Hot-Wet
15.70207825,-19.23901571,LA5,2009-02-06,06:20:00 AM,06:20:00,Hot-Wet
15.70077413,-19.23831177,LA5,2009-02-06,06:40:00 AM,06:40:00,Hot-Wet
15.70010376,-19.23787028,LA5,2009-02-06,07:00:00 AM,07:00:00,Hot-Wet
15.69906616,-19.2369812,LA5,2009-02-06,07:20:00 AM,07:20:00,Hot-Wet
15.69907735,-19.23699137,LA5,2009-02-06,07:40:00 AM,07:40:00,Hot-Wet
15.69914347,-19.23680827,LA5,2009-02-06,08:00:00 AM,08:00:00,Hot-Wet
15.69874268,-19.23811442,LA5,2009-02-06,08:20:00 AM,08:20:00,Hot-Wet
15.69828593,-19.23915405,LA5,2009-02-06,08:40:00 AM,08:40:00,Hot-Wet
15.6982605,-19.23642171,LA5,2009-02-06,09:00:00 AM,09:00:00,Hot-Wet
15.69993083,-19.23606771,LA5,2009-02-06,09:20:00 AM,09:20:00,Hot-Wet
15.69993184,-19.23607381,LA5,2009-02-06,09:40:00 AM,09:40:00,Hot-Wet
15.70147095,-19.23422445,LA5,2009-02-06,10:00:00 AM,10:00:00,Hot-Wet
15.70200704,-19.23230794,LA5,2009-02-06,10:20:00 AM,10:20:00,Hot-Wet
15.70196635,-19.2302124,LA5,2009-02-06,10:40:00 AM,10:40:00,Hot-Wet
15.69968363,-19.23175863,LA5,2009-02-06,11:00:00 AM,11:00:00,Hot-Wet
15.69958394,-19.23248088,LA5,2009-02-06,11:20:00 AM,11:20:00,Hot-Wet
15.69475708,-19.23240153,LA5,2009-02-06,11:40:00 AM,11:40:00,Hot-Wet
15.69365438,-19.23361003,LA5,2009-02-06,12:00:00 PM,12:00:00,Hot-Wet
15.69216207,-19.23439738,LA5,2009-02-06,12:20:00 PM,12:20:00,Hot-Wet
15.69215291,-19.23439738,LA5,2009-02-06,12:40:00 PM,12:40:00,Hot-Wet
15.69271342,-19.23477376,LA5,2009-02-06,01:00:00 PM,13:00:00,Hot-Wet
15.69034932,-19.23526611,LA5,2009-02-06,01:20:00 PM,13:20:00,Hot-Wet
15.68859456,-19.2375651,LA5,2009-02-06,01:40:00 PM,13:40:00,Hot-Wet
15.68859253,-19.2375651,LA5,2009-02-06,02:00:00 PM,14:00:00,Hot-Wet
15.68776449,-19.23922933,LA5,2009-02-06,02:20:00 PM,14:20:00,Hot-Wet
15.68777059,-19.23922729,LA5,2009-02-06,02:40:00 PM,14:40:00,Hot-Wet
15.69001567,-19.24090983,LA5,2009-02-06,03:00:00 PM,15:00:00,Hot-Wet
15.69230855,-19.24103394,LA5,2009-02-06,03:20:00 PM,15:20:00,Hot-Wet
15.69759115,-19.23961385,LA5,2009-02-06,03:40:00 PM,15:40:00,Hot-Wet
15.70322673,-19.24102173,LA5,2009-02-06,04:00:00 PM,16:00:00,Hot-Wet
15.70452372,-19.23576457,LA5,2009-02-06,04:20:00 PM,16:20:00,Hot-Wet
15.70866903,-19.23039144,LA5,2009-02-06,04:40:00 PM,16:40:00,Hot-Wet
15.71394552,-19.22902629,LA5,2009-02-06,05:00:00 PM,17:00:00,Hot-Wet
15.72634583,-19.22426351,LA5,2009-02-06,05:20:00 PM,17:20:00,Hot-Wet
15.73710938,-19.22544149,LA5,2009-02-06,05:40:00 PM,17:40:00,Hot-Wet
15.74496867,-19.22898356,LA5,2009-02-06,06:00:00 PM,18:00:00,Hot-Wet
15.75744527,-19.23786825,LA5,2009-02-06,06:20:00 PM,18:20:00,Hot-Wet
15.75745951,-19.23779704,LA5,2009-02-06,06:40:00 PM,18:40:00,Hot-Wet
15.75460917,-19.25042928,LA5,2009-02-06,07:00:00 PM,19:00:00,Hot-Wet
15.75230103,-19.25665487,LA5,2009-02-06,07:20:00 PM,19:20:00,Hot-Wet
15.74909058,-19.25863444,LA5,2009-02-06,07:40:00 PM,19:40:00,Hot-Wet
15.74459025,-19.25609945,LA5,2009-02-06,08:00:00 PM,20:00:00,Hot-Wet
15.74289856,-19.25429077,LA5,2009-02-06,08:20:00 PM,20:20:00,Hot-Wet
15.74170024,-19.25282593,LA5,2009-02-06,08:40:00 PM,20:40:00,Hot-Wet
15.74173482,-19.25284017,LA5,2009-02-06,09:00:00 PM,21:00:00,Hot-Wet
15.74178772,-19.2519165,LA5,2009-02-06,09:20:00 PM,21:20:00,Hot-Wet
15.74257609,-19.25016479,LA5,2009-02-06,09:40:00 PM,21:40:00,Hot-Wet
15.74312846,-19.24461873,LA5,2009-02-06,10:00:00 PM,22:00:00,Hot-Wet
15.74242655,-19.2427653,LA5,2009-02-06,10:20:00 PM,22:20:00,Hot-Wet
15.74234721,-19.24196981,LA5,2009-02-06,10:40:00 PM,22:40:00,Hot-Wet
15.74157817,-19.24064331,LA5,2009-02-06,11:00:00 PM,23:00:00,Hot-Wet
15.7414327,-19.24013062,LA5,2009-02-06,11:20:00 PM,23:20:00,Hot-Wet
15.74143473,-19.24013062,LA5,2009-02-06,11:40:00 PM,23:40:00,Hot-Wet
15.74134623,-19.23974813,LA5,2009-02-07,12:00:00 AM,00:00:00,Hot-Wet
15.74134623,-19.23975627,LA5,2009-02-07,12:20:00 AM,00:20:00,Hot-Wet
15.74136658,-19.23973389,LA5,2009-02-07,12:40:00 AM,00:40:00,Hot-Wet
15.74134013,-19.23974813,LA5,2009-02-07,01:00:00 AM,01:00:00,Hot-Wet
15.74134725,-19.23974813,LA5,2009-02-07,01:20:00 AM,01:20:00,Hot-Wet
15.74135132,-19.23975423,LA5,2009-02-07,01:40:00 AM,01:40:00,Hot-Wet
15.74132894,-19.23973185,LA5,2009-02-07,02:00:00 AM,02:00:00,Hot-Wet
15.74132792,-19.23979492,LA5,2009-02-07,02:20:00 AM,02:20:00,Hot-Wet
15.74129944,-19.23978475,LA5,2009-02-07,02:40:00 AM,02:40:00,Hot-Wet
15.7412913,-19.23977051,LA5,2009-02-07,03:00:00 AM,03:00:00,Hot-Wet
15.74130452,-19.23977865,LA5,2009-02-07,03:20:00 AM,03:20:00,Hot-Wet
15.74161886,-19.23967082,LA5,2009-02-07,03:40:00 AM,03:40:00,Hot-Wet
15.74163106,-19.23969727,LA5,2009-02-07,04:00:00 AM,04:00:00,Hot-Wet
15.74162191,-19.23970337,LA5,2009-02-07,04:20:00 AM,04:20:00,Hot-Wet
15.74164124,-19.2397054,LA5,2009-02-07,04:40:00 AM,04:40:00,Hot-Wet
15.73954671,-19.23516642,LA5,2009-02-07,05:00:00 AM,05:00:00,Hot-Wet
15.73176676,-19.23408813,LA5,2009-02-07,05:20:00 AM,05:20:00,Hot-Wet
15.72164205,-19.2351827,LA5,2009-02-07,05:40:00 AM,05:40:00,Hot-Wet
15.71163432,-19.23446248,LA5,2009-02-07,06:00:00 AM,06:00:00,Hot-Wet
15.70368754,-19.23488159,LA5,2009-02-07,06:20:00 AM,06:20:00,Hot-Wet
15.70283101,-19.23606567,LA5,2009-02-07,06:40:00 AM,06:40:00,Hot-Wet
15.70203552,-19.23745117,LA5,2009-02-07,07:00:00 AM,07:00:00,Hot-Wet
15.70164083,-19.23778687,LA5,2009-02-07,07:20:00 AM,07:20:00,Hot-Wet
15.7014974,-19.23810628,LA5,2009-02-07,07:40:00 AM,07:40:00,Hot-Wet
15.7014445,-19.23818563,LA5,2009-02-07,08:00:00 AM,08:00:00,Hot-Wet
15.70144246,-19.23819173,LA5,2009-02-07,08:20:00 AM,08:20:00,Hot-Wet
15.70194702,-19.23851522,LA5,2009-02-07,08:40:00 AM,08:40:00,Hot-Wet
15.7028066,-19.23958537,LA5,2009-02-07,09:00:00 AM,09:00:00,Hot-Wet
15.70283712,-19.24083455,LA5,2009-02-07,09:20:00 AM,09:20:00,Hot-Wet
15.70302633,-19.24243571,LA5,2009-02-07,09:40:00 AM,09:40:00,Hot-Wet
15.70304565,-19.24269409,LA5,2009-02-07,10:00:00 AM,10:00:00,Hot-Wet
15.70307109,-19.24269613,LA5,2009-02-07,10:20:00 AM,10:20:00,Hot-Wet
15.70306396,-19.24272664,LA5,2009-02-07,10:40:00 AM,10:40:00,Hot-Wet
15.70342814,-19.2418335,LA5,2009-02-07,11:00:00 AM,11:00:00,Hot-Wet
15.70237935,-19.24292603,LA5,2009-02-07,11:20:00 AM,11:20:00,Hot-Wet
15.70180054,-19.24213257,LA5,2009-02-07,11:40:00 AM,11:40:00,Hot-Wet
15.70172831,-19.24209798,LA5,2009-02-07,12:00:00 PM,12:00:00,Hot-Wet
15.70173442,-19.24211019,LA5,2009-02-07,12:20:00 PM,12:20:00,Hot-Wet
15.70232849,-19.24179077,LA5,2009-02-07,12:40:00 PM,12:40:00,Hot-Wet
15.70337524,-19.24291382,LA5,2009-02-07,01:00:00 PM,13:00:00,Hot-Wet
15.70281474,-19.24474284,LA5,2009-02-07,01:20:00 PM,13:20:00,Hot-Wet
15.7027181,-19.24452718,LA5,2009-02-07,01:40:00 PM,13:40:00,Hot-Wet
15.70214945,-19.24529826,LA5,2009-02-07,02:00:00 PM,14:00:00,Hot-Wet
15.70215963,-19.24529826,LA5,2009-02-07,02:20:00 PM,14:20:00,Hot-Wet
15.70310059,-19.24689738,LA5,2009-02-07,02:40:00 PM,14:40:00,Hot-Wet
15.70320435,-19.24770915,LA5,2009-02-07,03:00:00 PM,15:00:00,Hot-Wet
15.70375264,-19.24944255,LA5,2009-02-07,03:20:00 PM,15:20:00,Hot-Wet
15.70311076,-19.24659017,LA5,2009-02-07,03:40:00 PM,15:40:00,Hot-Wet
15.7030955,-19.24659424,LA5,2009-02-07,04:00:00 PM,16:00:00,Hot-Wet
15.70589905,-19.24557902,LA5,2009-02-07,04:20:00 PM,16:20:00,Hot-Wet
15.70803324,-19.24638672,LA5,2009-02-07,04:40:00 PM,16:40:00,Hot-Wet
15.71067505,-19.24785767,LA5,2009-02-07,05:00:00 PM,17:00:00,Hot-Wet
15.71189575,-19.24926554,LA5,2009-02-07,05:20:00 PM,17:20:00,Hot-Wet
15.71576335,-19.25753581,LA5,2009-02-07,05:40:00 PM,17:40:00,Hot-Wet
15.71435445,-19.25664266,LA5,2009-02-07,06:00:00 PM,18:00:00,Hot-Wet
15.71257019,-19.25708211,LA5,2009-02-07,06:20:00 PM,18:20:00,Hot-Wet
15.71107279,-19.25792847,LA5,2009-02-07,06:40:00 PM,18:40:00,Hot-Wet
15.71108093,-19.2579366,LA5,2009-02-07,07:00:00 PM,19:00:00,Hot-Wet
15.71121318,-19.25888265,LA5,2009-02-07,07:20:00 PM,19:20:00,Hot-Wet
15.71226705,-19.25860392,LA5,2009-02-07,07:40:00 PM,19:40:00,Hot-Wet
15.71513062,-19.25853882,LA5,2009-02-07,08:00:00 PM,20:00:00,Hot-Wet
15.71916809,-19.26029256,LA5,2009-02-07,08:20:00 PM,20:20:00,Hot-Wet
15.72116496,-19.26299438,LA5,2009-02-07,08:40:00 PM,20:40:00,Hot-Wet
15.72115275,-19.26301066,LA5,2009-02-07,09:00:00 PM,21:00:00,Hot-Wet
15.7231486,-19.26515096,LA5,2009-02-07,09:20:00 PM,21:20:00,Hot-Wet
15.72545064,-19.27083537,LA5,2009-02-07,09:40:00 PM,21:40:00,Hot-Wet
15.72545369,-19.27079468,LA5,2009-02-07,10:00:00 PM,22:00:00,Hot-Wet
15.72621765,-19.27322184,LA5,2009-02-07,10:20:00 PM,22:20:00,Hot-Wet
15.7261912,-19.27411296,LA5,2009-02-07,10:40:00 PM,22:40:00,Hot-Wet
15.72620239,-19.27411296,LA5,2009-02-07,11:00:00 PM,23:00:00,Hot-Wet
15.7269165,-19.27424113,LA5,2009-02-07,11:20:00 PM,23:20:00,Hot-Wet
15.72721863,-19.27432048,LA5,2009-02-07,11:40:00 PM,23:40:00,Hot-Wet
15.72746785,-19.27417603,LA5,2009-02-08,12:00:00 AM,00:00:00,Hot-Wet
15.72755127,-19.27521159,LA5,2009-02-08,12:20:00 AM,00:20:00,Hot-Wet
15.7275411,-19.27519328,LA5,2009-02-08,12:40:00 AM,00:40:00,Hot-Wet
15.72754415,-19.27522583,LA5,2009-02-08,01:00:00 AM,01:00:00,Hot-Wet
15.72755229,-19.27520752,LA5,2009-02-08,01:20:00 AM,01:20:00,Hot-Wet
15.72756348,-19.27519124,LA5,2009-02-08,01:40:00 AM,01:40:00,Hot-Wet
15.72755737,-19.27518107,LA5,2009-02-08,02:00:00 AM,02:00:00,Hot-Wet
15.72755432,-19.27518717,LA5,2009-02-08,02:20:00 AM,02:20:00,Hot-Wet
15.7275533,-19.27519124,LA5,2009-02-08,02:40:00 AM,02:40:00,Hot-Wet
15.72755127,-19.27522583,LA5,2009-02-08,03:00:00 AM,03:00:00,Hot-Wet
15.72745361,-19.27501628,LA5,2009-02-08,03:20:00 AM,03:20:00,Hot-Wet
15.72746684,-19.27502238,LA5,2009-02-08,03:40:00 AM,03:40:00,Hot-Wet
15.72692159,-19.27394816,LA5,2009-02-08,04:00:00 AM,04:00:00,Hot-Wet
15.72618815,-19.27405192,LA5,2009-02-08,04:20:00 AM,04:20:00,Hot-Wet
15.72554423,-19.27307332,LA5,2009-02-08,04:40:00 AM,04:40:00,Hot-Wet
15.72536825,-19.27070109,LA5,2009-02-08,05:00:00 AM,05:00:00,Hot-Wet
15.72447306,-19.26809692,LA5,2009-02-08,05:20:00 AM,05:20:00,Hot-Wet
15.72417501,-19.26717326,LA5,2009-02-08,05:40:00 AM,05:40:00,Hot-Wet
15.7220164,-19.26273193,LA5,2009-02-08,06:00:00 AM,06:00:00,Hot-Wet
15.71831258,-19.2571106,LA5,2009-02-08,06:20:00 AM,06:20:00,Hot-Wet
15.71688538,-19.25419718,LA5,2009-02-08,06:40:00 AM,06:40:00,Hot-Wet
15.70685527,-19.24465739,LA5,2009-02-08,07:00:00 AM,07:00:00,Hot-Wet
15.70197245,-19.23911133,LA5,2009-02-08,07:20:00 AM,07:20:00,Hot-Wet
15.70197042,-19.2391215,LA5,2009-02-08,07:40:00 AM,07:40:00,Hot-Wet
15.70043538,-19.23516235,LA5,2009-02-08,08:00:00 AM,08:00:00,Hot-Wet
15.69647827,-19.23126628,LA5,2009-02-08,08:20:00 AM,08:20:00,Hot-Wet
15.69503886,-19.23331299,LA5,2009-02-08,08:40:00 AM,08:40:00,Hot-Wet
15.69503479,-19.23331909,LA5,2009-02-08,09:00:00 AM,09:00:00,Hot-Wet
15.69475708,-19.23069051,LA5,2009-02-08,09:20:00 AM,09:20:00,Hot-Wet
15.69112854,-19.22356364,LA5,2009-02-08,09:40:00 AM,09:40:00,Hot-Wet
15.69118144,-19.22366333,LA5,2009-02-08,10:00:00 AM,10:00:00,Hot-Wet
15.69163005,-19.22121379,LA5,2009-02-08,10:20:00 AM,10:20:00,Hot-Wet
15.69165039,-19.22120768,LA5,2009-02-08,10:40:00 AM,10:40:00,Hot-Wet
15.69178874,-19.22117513,LA5,2009-02-08,11:00:00 AM,11:00:00,Hot-Wet
15.6918335,-19.22116699,LA5,2009-02-08,11:20:00 AM,11:20:00,Hot-Wet
15.69166565,-19.21939494,LA5,2009-02-08,11:40:00 AM,11:40:00,Hot-Wet
15.6877065,-19.21586711,LA5,2009-02-08,12:00:00 PM,12:00:00,Hot-Wet
15.6851298,-19.21452433,LA5,2009-02-08,12:20:00 PM,12:20:00,Hot-Wet
15.68467712,-19.21383667,LA5,2009-02-08,12:40:00 PM,12:40:00,Hot-Wet
15.68466797,-19.2138265,LA5,2009-02-08,01:00:00 PM,13:00:00,Hot-Wet
15.68641154,-19.21295573,LA5,2009-02-08,01:20:00 PM,13:20:00,Hot-Wet
15.68723551,-19.21313273,LA5,2009-02-08,01:40:00 PM,13:40:00,Hot-Wet
15.68913066,-19.21441447,LA5,2009-02-08,02:00:00 PM,14:00:00,Hot-Wet
15.69143168,-19.21442871,LA5,2009-02-08,02:20:00 PM,14:20:00,Hot-Wet
15.69239807,-19.2158488,LA5,2009-02-08,02:40:00 PM,14:40:00,Hot-Wet
15.69317627,-19.21730754,LA5,2009-02-08,03:00:00 PM,15:00:00,Hot-Wet
15.69413147,-19.21672974,LA5,2009-02-08,03:20:00 PM,15:20:00,Hot-Wet
15.69701436,-19.21714274,LA5,2009-02-08,03:40:00 PM,15:40:00,Hot-Wet
15.69712118,-19.21559041,LA5,2009-02-08,04:00:00 PM,16:00:00,Hot-Wet
15.69890035,-19.2134196,LA5,2009-02-08,04:20:00 PM,16:20:00,Hot-Wet
15.70189311,-19.21366577,LA5,2009-02-08,04:40:00 PM,16:40:00,Hot-Wet
15.70335693,-19.21862793,LA5,2009-02-08,05:00:00 PM,17:00:00,Hot-Wet
15.70791829,-19.21909587,LA5,2009-02-08,05:20:00 PM,17:20:00,Hot-Wet
15.71098836,-19.21623332,LA5,2009-02-08,05:40:00 PM,17:40:00,Hot-Wet
15.71338806,-19.21449178,LA5,2009-02-08,06:00:00 PM,18:00:00,Hot-Wet
15.71632792,-19.21340332,LA5,2009-02-08,06:20:00 PM,18:20:00,Hot-Wet
15.71746216,-19.21307983,LA5,2009-02-08,06:40:00 PM,18:40:00,Hot-Wet
15.71994425,-19.21372274,LA5,2009-02-08,07:00:00 PM,19:00:00,Hot-Wet
15.72329508,-19.21393026,LA5,2009-02-08,07:20:00 PM,19:20:00,Hot-Wet
15.72572734,-19.21453857,LA5,2009-02-08,07:40:00 PM,19:40:00,Hot-Wet
15.72701925,-19.2156779,LA5,2009-02-08,08:00:00 PM,20:00:00,Hot-Wet
15.7278951,-19.21778158,LA5,2009-02-08,08:20:00 PM,20:20:00,Hot-Wet
15.72909953,-19.21819255,LA5,2009-02-08,08:40:00 PM,20:40:00,Hot-Wet
15.72936198,-19.21949056,LA5,2009-02-08,09:00:00 PM,21:00:00,Hot-Wet
15.73050944,-19.22324829,LA5,2009-02-08,09:20:00 PM,21:20:00,Hot-Wet
15.73493144,-19.22391561,LA5,2009-02-08,09:40:00 PM,21:40:00,Hot-Wet
15.73566793,-19.22396647,LA5,2009-02-08,10:00:00 PM,22:00:00,Hot-Wet
15.73807068,-19.22569784,LA5,2009-02-08,10:20:00 PM,22:20:00,Hot-Wet
15.73959249,-19.22670695,LA5,2009-02-08,10:40:00 PM,22:40:00,Hot-Wet
15.73958333,-19.22670695,LA5,2009-02-08,11:00:00 PM,23:00:00,Hot-Wet
15.74263509,-19.22848918,LA5,2009-02-08,11:20:00 PM,23:20:00,Hot-Wet
15.74427389,-19.22919718,LA5,2009-02-08,11:40:00 PM,23:40:00,Hot-Wet
15.74745585,-19.23036092,LA5,2009-02-09,12:00:00 AM,00:00:00,Hot-Wet
15.75198771,-19.23416545,LA5,2009-02-09,12:20:00 AM,00:20:00,Hot-Wet
15.75328776,-19.23468018,LA5,2009-02-09,12:40:00 AM,00:40:00,Hot-Wet
15.75358276,-19.23444417,LA5,2009-02-09,01:00:00 AM,01:00:00,Hot-Wet
15.75436503,-19.23460286,LA5,2009-02-09,01:20:00 AM,01:20:00,Hot-Wet
15.7563151,-19.23513997,LA5,2009-02-09,01:40:00 AM,01:40:00,Hot-Wet
15.75631714,-19.23514608,LA5,2009-02-09,02:00:00 AM,02:00:00,Hot-Wet
15.7585083,-19.23485311,LA5,2009-02-09,02:20:00 AM,02:20:00,Hot-Wet
15.75848185,-19.23484701,LA5,2009-02-09,02:40:00 AM,02:40:00,Hot-Wet
15.7584727,-19.23482259,LA5,2009-02-09,03:00:00 AM,03:00:00,Hot-Wet
15.75848796,-19.23482259,LA5,2009-02-09,03:20:00 AM,03:20:00,Hot-Wet
15.75839233,-19.23478597,LA5,2009-02-09,03:40:00 AM,03:40:00,Hot-Wet
15.75838826,-19.234788,LA5,2009-02-09,04:00:00 AM,04:00:00,Hot-Wet
15.7584259,-19.23476969,LA5,2009-02-09,04:20:00 AM,04:20:00,Hot-Wet
15.75843913,-19.23477783,LA5,2009-02-09,04:40:00 AM,04:40:00,Hot-Wet
15.7584849,-19.23483887,LA5,2009-02-09,05:00:00 AM,05:00:00,Hot-Wet
15.75930888,-19.23326009,LA5,2009-02-09,05:20:00 AM,05:20:00,Hot-Wet
15.76385091,-19.23302612,LA5,2009-02-09,05:40:00 AM,05:40:00,Hot-Wet
15.76700236,-19.23404948,LA5,2009-02-09,06:00:00 AM,06:00:00,Hot-Wet
15.77460938,-19.23491211,LA5,2009-02-09,06:20:00 AM,06:20:00,Hot-Wet
15.77461141,-19.23491414,LA5,2009-02-09,06:40:00 AM,06:40:00,Hot-Wet
15.77524312,-19.23368937,LA5,2009-02-09,07:00:00 AM,07:00:00,Hot-Wet
15.77516886,-19.23422038,LA5,2009-02-09,07:20:00 AM,07:20:00,Hot-Wet
15.77516988,-19.23421427,LA5,2009-02-09,07:40:00 AM,07:40:00,Hot-Wet
15.77396342,-19.23920695,LA5,2009-02-09,08:00:00 AM,08:00:00,Hot-Wet
15.77324626,-19.23956909,LA5,2009-02-09,08:20:00 AM,08:20:00,Hot-Wet
15.77322795,-19.23955078,LA5,2009-02-09,08:40:00 AM,08:40:00,Hot-Wet
15.77321981,-19.23954875,LA5,2009-02-09,09:00:00 AM,09:00:00,Hot-Wet
15.77322388,-19.23953857,LA5,2009-02-09,09:20:00 AM,09:20:00,Hot-Wet
15.77319946,-19.2395284,LA5,2009-02-09,09:40:00 AM,09:40:00,Hot-Wet
15.7732371,-19.23955892,LA5,2009-02-09,10:00:00 AM,10:00:00,Hot-Wet
15.77324117,-19.23955688,LA5,2009-02-09,10:20:00 AM,10:20:00,Hot-Wet
15.77355143,-19.23922119,LA5,2009-02-09,10:40:00 AM,10:40:00,Hot-Wet
15.77463684,-19.23845215,LA5,2009-02-09,11:00:00 AM,11:00:00,Hot-Wet
15.77405396,-19.23907674,LA5,2009-02-09,11:20:00 AM,11:20:00,Hot-Wet
15.77387695,-19.23969727,LA5,2009-02-09,11:40:00 AM,11:40:00,Hot-Wet
15.77364909,-19.23983561,LA5,2009-02-09,12:00:00 PM,12:00:00,Hot-Wet
15.77364604,-19.2398173,LA5,2009-02-09,12:20:00 PM,12:20:00,Hot-Wet
15.77461243,-19.23842773,LA5,2009-02-09,12:40:00 PM,12:40:00,Hot-Wet
15.77565002,-19.2346049,LA5,2009-02-09,01:00:00 PM,13:00:00,Hot-Wet
15.78021444,-19.23437297,LA5,2009-02-09,01:20:00 PM,13:20:00,Hot-Wet
15.77929891,-19.23675537,LA5,2009-02-09,01:40:00 PM,13:40:00,Hot-Wet
15.77864075,-19.23779093,LA5,2009-02-09,02:00:00 PM,14:00:00,Hot-Wet
15.77805074,-19.23826701,LA5,2009-02-09,02:20:00 PM,14:20:00,Hot-Wet
15.77686564,-19.2387146,LA5,2009-02-09,02:40:00 PM,14:40:00,Hot-Wet
15.77577311,-19.24028727,LA5,2009-02-09,03:00:00 PM,15:00:00,Hot-Wet
15.77456563,-19.24164836,LA5,2009-02-09,03:20:00 PM,15:20:00,Hot-Wet
15.77118327,-19.24267578,LA5,2009-02-09,03:40:00 PM,15:40:00,Hot-Wet
15.76706645,-19.24204712,LA5,2009-02-09,04:00:00 PM,16:00:00,Hot-Wet
15.762323,-19.24147949,LA5,2009-02-09,04:20:00 PM,16:20:00,Hot-Wet
15.76001282,-19.24411011,LA5,2009-02-09,04:40:00 PM,16:40:00,Hot-Wet
15.76002502,-19.24400024,LA5,2009-02-09,05:00:00 PM,17:00:00,Hot-Wet
15.76036682,-19.24979655,LA5,2009-02-09,05:20:00 PM,17:20:00,Hot-Wet
15.7609019,-19.25075887,LA5,2009-02-09,05:40:00 PM,17:40:00,Hot-Wet
15.75915934,-19.25095011,LA5,2009-02-09,06:00:00 PM,18:00:00,Hot-Wet
15.75780741,-19.24981079,LA5,2009-02-09,06:20:00 PM,18:20:00,Hot-Wet
15.75658468,-19.24911092,LA5,2009-02-09,06:40:00 PM,18:40:00,Hot-Wet
15.75360616,-19.24810994,LA5,2009-02-09,07:00:00 PM,19:00:00,Hot-Wet
15.75172729,-19.24880371,LA5,2009-02-09,07:20:00 PM,19:20:00,Hot-Wet
15.749823,-19.25038859,LA5,2009-02-09,07:40:00 PM,19:40:00,Hot-Wet
15.74684245,-19.25100708,LA5,2009-02-09,08:00:00 PM,20:00:00,Hot-Wet
15.7442922,-19.25174764,LA5,2009-02-09,08:20:00 PM,20:20:00,Hot-Wet
15.73988444,-19.25344849,LA5,2009-02-09,08:40:00 PM,20:40:00,Hot-Wet
15.73773804,-19.2528951,LA5,2009-02-09,09:00:00 PM,21:00:00,Hot-Wet
15.73476359,-19.25178223,LA5,2009-02-09,09:20:00 PM,21:20:00,Hot-Wet
15.7299764,-19.25205485,LA5,2009-02-09,09:40:00 PM,21:40:00,Hot-Wet
15.72619731,-19.25196533,LA5,2009-02-09,10:00:00 PM,22:00:00,Hot-Wet
15.7240387,-19.25028687,LA5,2009-02-09,10:20:00 PM,22:20:00,Hot-Wet
15.72301737,-19.24765015,LA5,2009-02-09,10:40:00 PM,22:40:00,Hot-Wet
15.72166443,-19.24627686,LA5,2009-02-09,11:00:00 PM,23:00:00,Hot-Wet
15.72157796,-19.24485067,LA5,2009-02-09,11:20:00 PM,23:20:00,Hot-Wet
15.71970113,-19.24348755,LA5,2009-02-09,11:40:00 PM,23:40:00,Hot-Wet
15.71879679,-19.24205933,LA5,2009-02-10,12:00:00 AM,00:00:00,Hot-Wet
15.71774597,-19.24054159,LA5,2009-02-10,12:20:00 AM,00:20:00,Hot-Wet
15.71773987,-19.2405599,LA5,2009-02-10,12:40:00 AM,00:40:00,Hot-Wet
15.71778463,-19.23901367,LA5,2009-02-10,01:00:00 AM,01:00:00,Hot-Wet
15.71764221,-19.23911336,LA5,2009-02-10,01:20:00 AM,01:20:00,Hot-Wet
15.71759237,-19.23915202,LA5,2009-02-10,01:40:00 AM,01:40:00,Hot-Wet
15.71698507,-19.23703206,LA5,2009-02-10,02:00:00 AM,02:00:00,Hot-Wet
15.71551005,-19.23381144,LA5,2009-02-10,02:20:00 AM,02:20:00,Hot-Wet
15.71519063,-19.23295898,LA5,2009-02-10,02:40:00 AM,02:40:00,Hot-Wet
15.71522013,-19.23295492,LA5,2009-02-10,03:00:00 AM,03:00:00,Hot-Wet
15.71530863,-19.23302409,LA5,2009-02-10,03:20:00 AM,03:20:00,Hot-Wet
15.71432699,-19.23275757,LA5,2009-02-10,03:40:00 AM,03:40:00,Hot-Wet
15.71432597,-19.23275146,LA5,2009-02-10,04:00:00 AM,04:00:00,Hot-Wet
15.71435038,-19.2327474,LA5,2009-02-10,04:20:00 AM,04:20:00,Hot-Wet
15.71434021,-19.23272502,LA5,2009-02-10,04:40:00 AM,04:40:00,Hot-Wet
15.71432393,-19.23274129,LA5,2009-02-10,05:00:00 AM,05:00:00,Hot-Wet
15.71430359,-19.23273722,LA5,2009-02-10,05:20:00 AM,05:20:00,Hot-Wet
15.71431071,-19.23273315,LA5,2009-02-10,05:40:00 AM,05:40:00,Hot-Wet
15.71185506,-19.23093669,LA5,2009-02-10,06:00:00 AM,06:00:00,Hot-Wet
15.70829773,-19.23089803,LA5,2009-02-10,06:20:00 AM,06:20:00,Hot-Wet
15.70412598,-19.22924194,LA5,2009-02-10,06:40:00 AM,06:40:00,Hot-Wet
15.69630432,-19.2269755,LA5,2009-02-10,07:00:00 AM,07:00:00,Hot-Wet
15.69158122,-19.22578735,LA5,2009-02-10,07:20:00 AM,07:20:00,Hot-Wet
15.69129333,-19.22670085,LA5,2009-02-10,07:40:00 AM,07:40:00,Hot-Wet
15.69130961,-19.22669474,LA5,2009-02-10,08:00:00 AM,08:00:00,Hot-Wet
15.69129333,-19.22605591,LA5,2009-02-10,08:20:00 AM,08:20:00,Hot-Wet
15.69119466,-19.22634684,LA5,2009-02-10,08:40:00 AM,08:40:00,Hot-Wet
15.69097392,-19.22644857,LA5,2009-02-10,09:00:00 AM,09:00:00,Hot-Wet
15.69096171,-19.22643433,LA5,2009-02-10,09:20:00 AM,09:20:00,Hot-Wet
15.69072876,-19.22549032,LA5,2009-02-10,09:40:00 AM,09:40:00,Hot-Wet
15.68839417,-19.22353516,LA5,2009-02-10,10:00:00 AM,10:00:00,Hot-Wet
15.68736979,-19.22052205,LA5,2009-02-10,10:20:00 AM,10:20:00,Hot-Wet
15.68738505,-19.22052409,LA5,2009-02-10,10:40:00 AM,10:40:00,Hot-Wet
15.6885203,-19.21902873,LA5,2009-02-10,11:00:00 AM,11:00:00,Hot-Wet
15.68908895,-19.21812337,LA5,2009-02-10,11:20:00 AM,11:20:00,Hot-Wet
15.68927409,-19.21838582,LA5,2009-02-10,11:40:00 AM,11:40:00,Hot-Wet
15.68927917,-19.21838989,LA5,2009-02-10,12:00:00 PM,12:00:00,Hot-Wet
15.69141744,-19.21772868,LA5,2009-02-10,12:20:00 PM,12:20:00,Hot-Wet
15.69329834,-19.21900635,LA5,2009-02-10,12:40:00 PM,12:40:00,Hot-Wet
15.69425557,-19.21774495,LA5,2009-02-10,01:00:00 PM,13:00:00,Hot-Wet
15.69375712,-19.21823934,LA5,2009-02-10,01:20:00 PM,13:20:00,Hot-Wet
15.6937439,-19.21825155,LA5,2009-02-10,01:40:00 PM,13:40:00,Hot-Wet
15.69370931,-19.21824341,LA5,2009-02-10,02:00:00 PM,14:00:00,Hot-Wet
15.69370931,-19.21824341,LA5,2009-02-10,02:20:00 PM,14:20:00,Hot-Wet
15.69374593,-19.2182251,LA5,2009-02-10,02:40:00 PM,14:40:00,Hot-Wet
15.69385376,-19.21522624,LA5,2009-02-10,03:00:00 PM,15:00:00,Hot-Wet
15.69589844,-19.2142863,LA5,2009-02-10,03:20:00 PM,15:20:00,Hot-Wet
15.69915466,-19.20967814,LA5,2009-02-10,03:40:00 PM,15:40:00,Hot-Wet
15.69730123,-19.20917765,LA5,2009-02-10,04:00:00 PM,16:00:00,Hot-Wet
15.69594116,-19.21134033,LA5,2009-02-10,04:20:00 PM,16:20:00,Hot-Wet
15.69592896,-19.21133423,LA5,2009-02-10,04:40:00 PM,16:40:00,Hot-Wet
15.69328613,-19.21091512,LA5,2009-02-10,05:00:00 PM,17:00:00,Hot-Wet
15.69333496,-19.21087036,LA5,2009-02-10,05:20:00 PM,17:20:00,Hot-Wet
15.694104,-19.21378377,LA5,2009-02-10,05:40:00 PM,17:40:00,Hot-Wet
15.6949707,-19.21491699,LA5,2009-02-10,06:00:00 PM,18:00:00,Hot-Wet
15.69496969,-19.21491496,LA5,2009-02-10,06:20:00 PM,18:20:00,Hot-Wet
15.69629313,-19.21259969,LA5,2009-02-10,06:40:00 PM,18:40:00,Hot-Wet
15.69761353,-19.21042684,LA5,2009-02-10,07:00:00 PM,19:00:00,Hot-Wet
15.69905396,-19.2102417,LA5,2009-02-10,07:20:00 PM,19:20:00,Hot-Wet
15.70073751,-19.21057332,LA5,2009-02-10,07:40:00 PM,19:40:00,Hot-Wet
15.70079346,-19.21074422,LA5,2009-02-10,08:00:00 PM,20:00:00,Hot-Wet
15.70082092,-19.21074422,LA5,2009-02-10,08:20:00 PM,20:20:00,Hot-Wet
15.70163167,-19.21259359,LA5,2009-02-10,08:40:00 PM,20:40:00,Hot-Wet
15.70409953,-19.21312866,LA5,2009-02-10,09:00:00 PM,21:00:00,Hot-Wet
15.70328267,-19.21239014,LA5,2009-02-10,09:20:00 PM,21:20:00,Hot-Wet
15.70244344,-19.21438599,LA5,2009-02-10,09:40:00 PM,21:40:00,Hot-Wet
15.70243429,-19.21436768,LA5,2009-02-10,10:00:00 PM,22:00:00,Hot-Wet
15.70273336,-19.21586507,LA5,2009-02-10,10:20:00 PM,22:20:00,Hot-Wet
15.70217997,-19.21853638,LA5,2009-02-10,10:40:00 PM,22:40:00,Hot-Wet
15.70187887,-19.21956787,LA5,2009-02-10,11:00:00 PM,23:00:00,Hot-Wet
15.70099996,-19.21939901,LA5,2009-02-10,11:20:00 PM,23:20:00,Hot-Wet
15.70028381,-19.21839396,LA5,2009-02-10,11:40:00 PM,23:40:00,Hot-Wet
15.69981486,-19.21800334,LA5,2009-02-11,12:00:00 AM,00:00:00,Hot-Wet
15.69979146,-19.21790975,LA5,2009-02-11,12:20:00 AM,00:20:00,Hot-Wet
15.69978841,-19.21789347,LA5,2009-02-11,12:40:00 AM,00:40:00,Hot-Wet
15.69983622,-19.21788534,LA5,2009-02-11,01:00:00 AM,01:00:00,Hot-Wet
15.69983927,-19.21788737,LA5,2009-02-11,01:20:00 AM,01:20:00,Hot-Wet
15.69983419,-19.21788737,LA5,2009-02-11,01:40:00 AM,01:40:00,Hot-Wet
15.69980265,-19.21791382,LA5,2009-02-11,02:00:00 AM,02:00:00,Hot-Wet
15.69978434,-19.21790568,LA5,2009-02-11,02:20:00 AM,02:20:00,Hot-Wet
15.69911702,-19.21825562,LA5,2009-02-11,02:40:00 AM,02:40:00,Hot-Wet
15.69817912,-19.21994832,LA5,2009-02-11,03:00:00 AM,03:00:00,Hot-Wet
15.69664408,-19.22127686,LA5,2009-02-11,03:20:00 AM,03:20:00,Hot-Wet
15.69512634,-19.22236735,LA5,2009-02-11,03:40:00 AM,03:40:00,Hot-Wet
15.6951416,-19.22237956,LA5,2009-02-11,04:00:00 AM,04:00:00,Hot-Wet
15.6953776,-19.2229777,LA5,2009-02-11,04:20:00 AM,04:20:00,Hot-Wet
15.69549866,-19.22316691,LA5,2009-02-11,04:40:00 AM,04:40:00,Hot-Wet
15.69460042,-19.22319743,LA5,2009-02-11,05:00:00 AM,05:00:00,Hot-Wet
15.69167887,-19.22331136,LA5,2009-02-11,05:20:00 AM,05:20:00,Hot-Wet
15.69086304,-19.22423503,LA5,2009-02-11,05:40:00 AM,05:40:00,Hot-Wet
15.68837585,-19.22351685,LA5,2009-02-11,06:00:00 AM,06:00:00,Hot-Wet
15.68815613,-19.22069702,LA5,2009-02-11,06:20:00 AM,06:20:00,Hot-Wet
15.68438517,-19.21918945,LA5,2009-02-11,06:40:00 AM,06:40:00,Hot-Wet
15.68376261,-19.21860352,LA5,2009-02-11,07:00:00 AM,07:00:00,Hot-Wet
15.68233846,-19.21802368,LA5,2009-02-11,07:20:00 AM,07:20:00,Hot-Wet
15.68234965,-19.21801554,LA5,2009-02-11,07:40:00 AM,07:40:00,Hot-Wet
15.68274028,-19.21844889,LA5,2009-02-11,08:00:00 AM,08:00:00,Hot-Wet
15.68298136,-19.21954346,LA5,2009-02-11,08:20:00 AM,08:20:00,Hot-Wet
15.68355916,-19.22016195,LA5,2009-02-11,08:40:00 AM,08:40:00,Hot-Wet
15.68337097,-19.22022298,LA5,2009-02-11,09:00:00 AM,09:00:00,Hot-Wet
15.68298442,-19.22133993,LA5,2009-02-11,09:20:00 AM,09:20:00,Hot-Wet
15.68247172,-19.22313843,LA5,2009-02-11,09:40:00 AM,09:40:00,Hot-Wet
15.68103536,-19.22242228,LA5,2009-02-11,10:00:00 AM,10:00:00,Hot-Wet
15.68102926,-19.22242025,LA5,2009-02-11,10:20:00 AM,10:20:00,Hot-Wet
15.68126526,-19.22126465,LA5,2009-02-11,10:40:00 AM,10:40:00,Hot-Wet
15.68123881,-19.22090861,LA5,2009-02-11,11:00:00 AM,11:00:00,Hot-Wet
15.68061829,-19.21933187,LA5,2009-02-11,11:20:00 AM,11:20:00,Hot-Wet
15.6800944,-19.21899821,LA5,2009-02-11,11:40:00 AM,11:40:00,Hot-Wet
15.67898763,-19.21975708,LA5,2009-02-11,12:00:00 PM,12:00:00,Hot-Wet
15.67849935,-19.21868693,LA5,2009-02-11,12:20:00 PM,12:20:00,Hot-Wet
15.67610372,-19.21826986,LA5,2009-02-11,12:40:00 PM,12:40:00,Hot-Wet
15.6754425,-19.21670125,LA5,2009-02-11,01:00:00 PM,13:00:00,Hot-Wet
15.67540995,-19.21671346,LA5,2009-02-11,01:20:00 PM,13:20:00,Hot-Wet
15.67621969,-19.21878662,LA5,2009-02-11,01:40:00 PM,13:40:00,Hot-Wet
15.67440287,-19.2184021,LA5,2009-02-11,02:00:00 PM,14:00:00,Hot-Wet
15.67441508,-19.21840413,LA5,2009-02-11,02:20:00 PM,14:20:00,Hot-Wet
15.67546183,-19.21495768,LA5,2009-02-11,02:40:00 PM,14:40:00,Hot-Wet
15.67950643,-19.21428833,LA5,2009-02-11,03:00:00 PM,15:00:00,Hot-Wet
15.67968343,-19.21478475,LA5,2009-02-11,03:20:00 PM,15:20:00,Hot-Wet
15.6820811,-19.21505534,LA5,2009-02-11,03:40:00 PM,15:40:00,Hot-Wet
15.68345744,-19.21262614,LA5,2009-02-11,04:00:00 PM,16:00:00,Hot-Wet
15.68529561,-19.21314697,LA5,2009-02-11,04:20:00 PM,16:20:00,Hot-Wet
15.68831177,-19.2116984,LA5,2009-02-11,04:40:00 PM,16:40:00,Hot-Wet
15.69094747,-19.21193848,LA5,2009-02-11,05:00:00 PM,17:00:00,Hot-Wet
15.69438782,-19.21163127,LA5,2009-02-11,05:20:00 PM,17:20:00,Hot-Wet
15.69579163,-19.21358439,LA5,2009-02-11,05:40:00 PM,17:40:00,Hot-Wet
15.69580688,-19.21358643,LA5,2009-02-11,06:00:00 PM,18:00:00,Hot-Wet
15.69657593,-19.21422526,LA5,2009-02-11,06:20:00 PM,18:20:00,Hot-Wet
15.69717509,-19.21372274,LA5,2009-02-11,06:40:00 PM,18:40:00,Hot-Wet
15.69919332,-19.21425781,LA5,2009-02-11,07:00:00 PM,19:00:00,Hot-Wet
15.7006429,-19.21522624,LA5,2009-02-11,07:20:00 PM,19:20:00,Hot-Wet
15.70225016,-19.21930949,LA5,2009-02-11,07:40:00 PM,19:40:00,Hot-Wet
15.70214233,-19.22157593,LA5,2009-02-11,08:00:00 PM,20:00:00,Hot-Wet
15.70149231,-19.22184245,LA5,2009-02-11,08:20:00 PM,20:20:00,Hot-Wet
15.70031331,-19.22347005,LA5,2009-02-11,08:40:00 PM,20:40:00,Hot-Wet
15.69986572,-19.22381388,LA5,2009-02-11,09:00:00 PM,21:00:00,Hot-Wet
15.69900411,-19.22273763,LA5,2009-02-11,09:20:00 PM,21:20:00,Hot-Wet
15.69925028,-19.22226766,LA5,2009-02-11,09:40:00 PM,21:40:00,Hot-Wet
15.69924825,-19.22226156,LA5,2009-02-11,10:00:00 PM,22:00:00,Hot-Wet
15.69777934,-19.22161865,LA5,2009-02-11,10:20:00 PM,22:20:00,Hot-Wet
15.69737854,-19.22174276,LA5,2009-02-11,10:40:00 PM,22:40:00,Hot-Wet
15.69736226,-19.22173665,LA5,2009-02-11,11:00:00 PM,23:00:00,Hot-Wet
15.69759115,-19.22159831,LA5,2009-02-11,11:20:00 PM,23:20:00,Hot-Wet
15.6975942,-19.22159627,LA5,2009-02-11,11:40:00 PM,23:40:00,Hot-Wet
15.69755554,-19.22154134,LA5,2009-02-12,12:00:00 AM,00:00:00,Hot-Wet
15.69755961,-19.22159627,LA5,2009-02-12,12:20:00 AM,00:20:00,Hot-Wet
15.6975647,-19.2215922,LA5,2009-02-12,12:40:00 AM,00:40:00,Hot-Wet
15.69764201,-19.22150675,LA5,2009-02-12,01:00:00 AM,01:00:00,Hot-Wet
15.69893087,-19.2227478,LA5,2009-02-12,01:20:00 AM,01:20:00,Hot-Wet
15.69967244,-19.2238973,LA5,2009-02-12,01:40:00 AM,01:40:00,Hot-Wet
15.70028076,-19.22530721,LA5,2009-02-12,02:00:00 AM,02:00:00,Hot-Wet
15.69899902,-19.22625326,LA5,2009-02-12,02:20:00 AM,02:20:00,Hot-Wet
15.69821981,-19.22553507,LA5,2009-02-12,02:40:00 AM,02:40:00,Hot-Wet
15.69634908,-19.22446696,LA5,2009-02-12,03:00:00 AM,03:00:00,Hot-Wet
15.69633687,-19.22446899,LA5,2009-02-12,03:20:00 AM,03:20:00,Hot-Wet
15.69633789,-19.22446696,LA5,2009-02-12,03:40:00 AM,03:40:00,Hot-Wet
15.69632975,-19.22446493,LA5,2009-02-12,04:00:00 AM,04:00:00,Hot-Wet
15.69633687,-19.22450562,LA5,2009-02-12,04:20:00 AM,04:20:00,Hot-Wet
15.69483337,-19.22314453,LA5,2009-02-12,04:40:00 AM,04:40:00,Hot-Wet
15.69027608,-19.22160441,LA5,2009-02-12,05:00:00 AM,05:00:00,Hot-Wet
15.69007161,-19.22145996,LA5,2009-02-12,05:20:00 AM,05:20:00,Hot-Wet
15.68799438,-19.22042033,LA5,2009-02-12,05:40:00 AM,05:40:00,Hot-Wet
15.68574117,-19.22050985,LA5,2009-02-12,06:00:00 AM,06:00:00,Hot-Wet
15.68499451,-19.22291667,LA5,2009-02-12,06:20:00 AM,06:20:00,Hot-Wet
15.68500163,-19.2229126,LA5,2009-02-12,06:40:00 AM,06:40:00,Hot-Wet
15.68540853,-19.22282104,LA5,2009-02-12,07:00:00 AM,07:00:00,Hot-Wet
15.68498637,-19.22446493,LA5,2009-02-12,07:20:00 AM,07:20:00,Hot-Wet
15.68628438,-19.22446493,LA5,2009-02-12,07:40:00 AM,07:40:00,Hot-Wet
15.68628438,-19.22447103,LA5,2009-02-12,08:00:00 AM,08:00:00,Hot-Wet
15.68628743,-19.22417196,LA5,2009-02-12,08:20:00 AM,08:20:00,Hot-Wet
15.68707072,-19.22360433,LA5,2009-02-12,08:40:00 AM,08:40:00,Hot-Wet
15.68739624,-19.22288615,LA5,2009-02-12,09:00:00 AM,09:00:00,Hot-Wet
15.68696798,-19.22258708,LA5,2009-02-12,09:20:00 AM,09:20:00,Hot-Wet
15.68660482,-19.22326864,LA5,2009-02-12,09:40:00 AM,09:40:00,Hot-Wet
15.68574626,-19.22328898,LA5,2009-02-12,10:00:00 AM,10:00:00,Hot-Wet
15.68423055,-19.21877645,LA5,2009-02-12,10:20:00 AM,10:20:00,Hot-Wet
15.6836853,-19.21720581,LA5,2009-02-12,10:40:00 AM,10:40:00,Hot-Wet
15.68374125,-19.21727905,LA5,2009-02-12,11:00:00 AM,11:00:00,Hot-Wet
15.6835144,-19.21482747,LA5,2009-02-12,11:20:00 AM,11:20:00,Hot-Wet
15.6835022,-19.21483561,LA5,2009-02-12,11:40:00 AM,11:40:00,Hot-Wet
15.68238729,-19.21302083,LA5,2009-02-12,12:00:00 PM,12:00:00,Hot-Wet
15.68236186,-19.21301066,LA5,2009-02-12,12:20:00 PM,12:20:00,Hot-Wet
15.68246257,-19.21616618,LA5,2009-02-12,12:40:00 PM,12:40:00,Hot-Wet
15.68244629,-19.2161499,LA5,2009-02-12,01:00:00 PM,13:00:00,Hot-Wet
15.68397115,-19.21746216,LA5,2009-02-12,01:20:00 PM,13:20:00,Hot-Wet
15.68533223,-19.21750895,LA5,2009-02-12,01:40:00 PM,13:40:00,Hot-Wet
15.68710429,-19.21616211,LA5,2009-02-12,02:00:00 PM,14:00:00,Hot-Wet
15.68771159,-19.21514079,LA5,2009-02-12,02:20:00 PM,14:20:00,Hot-Wet
15.68855896,-19.21592611,LA5,2009-02-12,02:40:00 PM,14:40:00,Hot-Wet
15.68914083,-19.21605835,LA5,2009-02-12,03:00:00 PM,15:00:00,Hot-Wet
15.68797404,-19.21518962,LA5,2009-02-12,03:20:00 PM,15:20:00,Hot-Wet
15.68277486,-19.21152344,LA5,2009-02-12,03:40:00 PM,15:40:00,Hot-Wet
15.67761129,-19.21257324,LA5,2009-02-12,04:00:00 PM,16:00:00,Hot-Wet
15.67460429,-19.21247355,LA5,2009-02-12,04:20:00 PM,16:20:00,Hot-Wet
15.67295532,-19.21468709,LA5,2009-02-12,04:40:00 PM,16:40:00,Hot-Wet
15.67299398,-19.2147054,LA5,2009-02-12,05:00:00 PM,17:00:00,Hot-Wet
15.67021688,-19.21079102,LA5,2009-02-12,05:20:00 PM,17:20:00,Hot-Wet
15.66838684,-19.21335246,LA5,2009-02-12,05:40:00 PM,17:40:00,Hot-Wet
15.66841532,-19.21324463,LA5,2009-02-12,06:00:00 PM,18:00:00,Hot-Wet
15.66922099,-19.21410319,LA5,2009-02-12,06:20:00 PM,18:20:00,Hot-Wet
15.66987305,-19.21248169,LA5,2009-02-12,06:40:00 PM,18:40:00,Hot-Wet
15.66992289,-19.21256714,LA5,2009-02-12,07:00:00 PM,19:00:00,Hot-Wet
15.67109884,-19.21098836,LA5,2009-02-12,07:20:00 PM,19:20:00,Hot-Wet
15.67213542,-19.20851644,LA5,2009-02-12,07:40:00 PM,19:40:00,Hot-Wet
15.67327271,-19.2081075,LA5,2009-02-12,08:00:00 PM,20:00:00,Hot-Wet
15.67287496,-19.20531616,LA5,2009-02-12,08:20:00 PM,20:20:00,Hot-Wet
15.67177327,-19.20579427,LA5,2009-02-12,08:40:00 PM,20:40:00,Hot-Wet
15.67081095,-19.20549723,LA5,2009-02-12,09:00:00 PM,21:00:00,Hot-Wet
15.67030538,-19.20535075,LA5,2009-02-12,09:20:00 PM,21:20:00,Hot-Wet
15.66842143,-19.20475057,LA5,2009-02-12,09:40:00 PM,21:40:00,Hot-Wet
15.66752828,-19.20447388,LA5,2009-02-12,10:00:00 PM,22:00:00,Hot-Wet
15.66752625,-19.20446981,LA5,2009-02-12,10:20:00 PM,22:20:00,Hot-Wet
15.66893412,-19.20501709,LA5,2009-02-12,10:40:00 PM,22:40:00,Hot-Wet
15.67011617,-19.20171305,LA5,2009-02-12,11:00:00 PM,23:00:00,Hot-Wet
15.67015889,-19.2004069,LA5,2009-02-12,11:20:00 PM,23:20:00,Hot-Wet
15.67016195,-19.20040894,LA5,2009-02-12,11:40:00 PM,23:40:00,Hot-Wet
15.67105204,-19.20173136,LA5,2009-02-13,12:00:38 AM,00:00:00,Hot-Wet
15.67105001,-19.20173543,LA5,2009-02-13,12:20:38 AM,00:20:00,Hot-Wet
15.67188009,-19.20141602,LA5,2009-02-13,12:40:38 AM,00:40:00,Hot-Wet
15.67191671,-19.2009318,LA5,2009-02-13,01:00:38 AM,01:00:00,Hot-Wet
15.67216695,-19.20056559,LA5,2009-02-13,01:20:38 AM,01:20:00,Hot-Wet
15.67309163,-19.20185954,LA5,2009-02-13,01:40:38 AM,01:40:00,Hot-Wet
15.67304993,-19.20386353,LA5,2009-02-13,02:00:38 AM,02:00:00,Hot-Wet
15.6727478,-19.20437622,LA5,2009-02-13,02:20:38 AM,02:20:00,Hot-Wet
15.67276713,-19.20435994,LA5,2009-02-13,02:40:38 AM,02:40:00,Hot-Wet
15.6727478,-19.20438232,LA5,2009-02-13,03:00:38 AM,03:00:00,Hot-Wet
15.67272746,-19.20435384,LA5,2009-02-13,03:20:38 AM,03:20:00,Hot-Wet
15.67266744,-19.20438843,LA5,2009-02-13,03:40:38 AM,03:40:00,Hot-Wet
15.67268677,-19.20436401,LA5,2009-02-13,04:00:38 AM,04:00:00,Hot-Wet
15.67299093,-19.2046224,LA5,2009-02-13,04:20:38 AM,04:20:00,Hot-Wet
15.67394104,-19.20370687,LA5,2009-02-13,04:40:38 AM,04:40:00,Hot-Wet
15.67590637,-19.20448608,LA5,2009-02-13,05:00:38 AM,05:00:00,Hot-Wet
15.67589315,-19.20448201,LA5,2009-02-13,05:20:38 AM,05:20:00,Hot-Wet
15.67800293,-19.20688477,LA5,2009-02-13,05:40:38 AM,05:40:00,Hot-Wet
15.678007,-19.2068868,LA5,2009-02-13,06:00:38 AM,06:00:00,Hot-Wet
15.67599284,-19.20721436,LA5,2009-02-13,06:20:38 AM,06:20:00,Hot-Wet
15.67599386,-19.20721232,LA5,2009-02-13,06:40:38 AM,06:40:00,Hot-Wet
15.6791158,-19.21274618,LA5,2009-02-13,07:00:38 AM,07:00:00,Hot-Wet
15.67911479,-19.21274211,LA5,2009-02-13,07:20:38 AM,07:20:00,Hot-Wet
15.67827861,-19.21902873,LA5,2009-02-13,07:40:38 AM,07:40:00,Hot-Wet
15.67863871,-19.22242025,LA5,2009-02-13,08:00:38 AM,08:00:00,Hot-Wet
15.6778422,-19.2234436,LA5,2009-02-13,08:20:38 AM,08:20:00,Hot-Wet
15.680012,-19.22262573,LA5,2009-02-13,08:40:38 AM,08:40:00,Hot-Wet
15.68103739,-19.222288,LA5,2009-02-13,09:00:39 AM,09:00:00,Hot-Wet
15.6812266,-19.22202148,LA5,2009-02-13,09:20:38 AM,09:20:00,Hot-Wet
15.68116862,-19.22201538,LA5,2009-02-13,09:40:38 AM,09:40:00,Hot-Wet
15.68120931,-19.22196248,LA5,2009-02-13,10:00:38 AM,10:00:00,Hot-Wet
15.68120931,-19.22203573,LA5,2009-02-13,10:20:38 AM,10:20:00,Hot-Wet
15.68158264,-19.22151489,LA5,2009-02-13,10:40:38 AM,10:40:00,Hot-Wet
15.68512166,-19.21847127,LA5,2009-02-13,11:00:38 AM,11:00:00,Hot-Wet
15.68485616,-19.21730143,LA5,2009-02-13,11:20:38 AM,11:20:00,Hot-Wet
15.68526611,-19.21637777,LA5,2009-02-13,11:40:38 AM,11:40:00,Hot-Wet
15.6845754,-19.21566976,LA5,2009-02-13,12:00:38 PM,12:00:00,Hot-Wet
15.68451233,-19.21582031,LA5,2009-02-13,12:20:38 PM,12:20:00,Hot-Wet
15.68370463,-19.21515299,LA5,2009-02-13,12:40:38 PM,12:40:00,Hot-Wet
15.68337402,-19.21338704,LA5,2009-02-13,01:00:38 PM,13:00:00,Hot-Wet
15.68133748,-19.20986938,LA5,2009-02-13,01:20:38 PM,13:20:00,Hot-Wet
15.67846578,-19.21050618,LA5,2009-02-13,01:40:38 PM,13:40:00,Hot-Wet
15.67759603,-19.21260783,LA5,2009-02-13,02:00:38 PM,14:00:00,Hot-Wet
15.67520142,-19.21059774,LA5,2009-02-13,02:20:38 PM,14:20:00,Hot-Wet
15.67483927,-19.20713908,LA5,2009-02-13,02:40:38 PM,14:40:00,Hot-Wet
15.67886149,-19.20255534,LA5,2009-02-13,03:00:38 PM,15:00:00,Hot-Wet
15.6761912,-19.20169474,LA5,2009-02-13,03:20:38 PM,15:20:00,Hot-Wet
15.674587,-19.20403646,LA5,2009-02-13,03:40:38 PM,15:40:00,Hot-Wet
15.67236633,-19.20645142,LA5,2009-02-13,04:00:38 PM,16:00:00,Hot-Wet
15.6714091,-19.20788167,LA5,2009-02-13,04:20:38 PM,16:20:00,Hot-Wet
15.6690155,-19.2074056,LA5,2009-02-13,04:40:38 PM,16:40:00,Hot-Wet
15.66791687,-19.20817871,LA5,2009-02-13,05:00:38 PM,17:00:00,Hot-Wet
15.66630046,-19.20783285,LA5,2009-02-13,05:20:38 PM,17:20:00,Hot-Wet
15.66630147,-19.20799764,LA5,2009-02-13,05:40:38 PM,17:40:00,Hot-Wet
15.66568502,-19.21039632,LA5,2009-02-13,06:00:38 PM,18:00:00,Hot-Wet
15.66566264,-19.21246948,LA5,2009-02-13,06:20:38 PM,18:20:00,Hot-Wet
15.66677653,-19.2145223,LA5,2009-02-13,06:40:38 PM,18:40:00,Hot-Wet
15.6643809,-19.21643473,LA5,2009-02-13,07:00:38 PM,19:00:00,Hot-Wet
15.66232503,-19.21498617,LA5,2009-02-13,07:20:38 PM,19:20:00,Hot-Wet
15.66399028,-19.21510824,LA5,2009-02-13,07:40:38 PM,19:40:00,Hot-Wet
15.66398824,-19.21510417,LA5,2009-02-13,08:00:38 PM,20:00:00,Hot-Wet
15.66438904,-19.21519165,LA5,2009-02-13,08:20:38 PM,20:20:00,Hot-Wet
15.66523336,-19.21489258,LA5,2009-02-13,08:40:38 PM,20:40:00,Hot-Wet
15.66556295,-19.21432902,LA5,2009-02-13,09:00:38 PM,21:00:00,Hot-Wet
15.66786906,-19.21124471,LA5,2009-02-13,09:20:38 PM,21:20:00,Hot-Wet
15.66786296,-19.21124268,LA5,2009-02-13,09:40:38 PM,21:40:00,Hot-Wet
15.6687205,-19.2101359,LA5,2009-02-13,10:00:38 PM,22:00:00,Hot-Wet
15.66929321,-19.20965169,LA5,2009-02-13,10:20:38 PM,22:20:00,Hot-Wet
15.6692454,-19.209198,LA5,2009-02-13,10:40:38 PM,22:40:00,Hot-Wet
15.66934306,-19.20812174,LA5,2009-02-13,11:00:38 PM,23:00:00,Hot-Wet
15.66931051,-19.20765381,LA5,2009-02-13,11:20:38 PM,23:20:00,Hot-Wet
15.66929118,-19.20761922,LA5,2009-02-13,11:40:38 PM,23:40:00,Hot-Wet
15.6694397,-19.2075765,LA5,2009-02-14,12:00:38 AM,00:00:00,Hot-Wet
15.6694397,-19.20757446,LA5,2009-02-14,12:20:38 AM,00:20:00,Hot-Wet
15.67059123,-19.20796712,LA5,2009-02-14,12:40:38 AM,00:40:00,Hot-Wet
15.67142944,-19.20827433,LA5,2009-02-14,01:00:38 AM,01:00:00,Hot-Wet
15.6720815,-19.20853678,LA5,2009-02-14,01:20:38 AM,01:20:00,Hot-Wet
15.67237244,-19.20797933,LA5,2009-02-14,01:40:38 AM,01:40:00,Hot-Wet
15.67243856,-19.20802409,LA5,2009-02-14,02:00:38 AM,02:00:00,Hot-Wet
15.67248739,-19.20955404,LA5,2009-02-14,02:20:38 AM,02:20:00,Hot-Wet
15.67255859,-19.20970256,LA5,2009-02-14,02:40:38 AM,02:40:00,Hot-Wet
15.67253825,-19.209729,LA5,2009-02-14,03:00:38 AM,03:00:00,Hot-Wet
15.67267558,-19.20988363,LA5,2009-02-14,03:20:38 AM,03:20:00,Hot-Wet
15.67337646,-19.21066488,LA5,2009-02-14,03:40:38 AM,03:40:00,Hot-Wet
15.67273051,-19.21084595,LA5,2009-02-14,04:00:38 AM,04:00:00,Hot-Wet
15.67271525,-19.21052653,LA5,2009-02-14,04:20:51 AM,04:20:00,Hot-Wet
15.67272034,-19.21048381,LA5,2009-02-14,04:40:38 AM,04:40:00,Hot-Wet
15.67269389,-19.21051432,LA5,2009-02-14,05:00:38 AM,05:00:00,Hot-Wet
15.67299601,-19.2107666,LA5,2009-02-14,05:20:38 AM,05:20:00,Hot-Wet
15.67541809,-19.21425578,LA5,2009-02-14,05:40:38 AM,05:40:00,Hot-Wet
15.6804423,-19.22215576,LA5,2009-02-14,06:00:38 AM,06:00:00,Hot-Wet
15.68044128,-19.22214966,LA5,2009-02-14,06:20:38 AM,06:20:00,Hot-Wet
15.68047892,-19.22220866,LA5,2009-02-14,06:40:38 AM,06:40:00,Hot-Wet
15.68109334,-19.22300415,LA5,2009-02-14,07:00:38 AM,07:00:00,Hot-Wet
15.68103841,-19.22292887,LA5,2009-02-14,07:20:38 AM,07:20:00,Hot-Wet
15.68422445,-19.22443644,LA5,2009-02-14,07:40:38 AM,07:40:00,Hot-Wet
15.68533529,-19.22377523,LA5,2009-02-14,08:00:38 AM,08:00:00,Hot-Wet
15.68541768,-19.22342733,LA5,2009-02-14,08:20:38 AM,08:20:00,Hot-Wet
15.68537394,-19.22347005,LA5,2009-02-14,08:40:38 AM,08:40:00,Hot-Wet
15.68537496,-19.22343547,LA5,2009-02-14,09:00:38 AM,09:00:00,Hot-Wet
15.6855835,-19.22480062,LA5,2009-02-14,09:20:38 AM,09:20:00,Hot-Wet
15.68581746,-19.22588704,LA5,2009-02-14,09:40:38 AM,09:40:00,Hot-Wet
15.68540955,-19.22539063,LA5,2009-02-14,10:00:38 AM,10:00:00,Hot-Wet
15.68522135,-19.224587,LA5,2009-02-14,10:20:38 AM,10:20:00,Hot-Wet
15.68446859,-19.22347412,LA5,2009-02-14,10:40:38 AM,10:40:00,Hot-Wet
15.68352661,-19.22272746,LA5,2009-02-14,11:00:38 AM,11:00:00,Hot-Wet
15.68378398,-19.22300618,LA5,2009-02-14,11:20:38 AM,11:20:00,Hot-Wet
15.68473002,-19.22329508,LA5,2009-02-14,11:40:38 AM,11:40:00,Hot-Wet
15.68589681,-19.22092489,LA5,2009-02-14,12:00:38 PM,12:00:00,Hot-Wet
15.68623556,-19.22067668,LA5,2009-02-14,12:20:38 PM,12:20:00,Hot-Wet
15.68894857,-19.22124023,LA5,2009-02-14,12:40:38 PM,12:40:00,Hot-Wet
15.68998311,-19.22179362,LA5,2009-02-14,01:00:38 PM,13:00:00,Hot-Wet
15.68862,-19.21875203,LA5,2009-02-14,01:20:38 PM,13:20:00,Hot-Wet
15.68766988,-19.21866455,LA5,2009-02-14,01:40:38 PM,13:40:00,Hot-Wet
15.68671977,-19.21804403,LA5,2009-02-14,02:00:38 PM,14:00:00,Hot-Wet
15.68540446,-19.21719971,LA5,2009-02-14,02:20:38 PM,14:20:00,Hot-Wet
15.68520203,-19.21702474,LA5,2009-02-14,02:40:38 PM,14:40:00,Hot-Wet
15.68603516,-19.21425781,LA5,2009-02-14,03:00:38 PM,15:00:00,Hot-Wet
15.68746338,-19.21449178,LA5,2009-02-14,03:20:38 PM,15:20:00,Hot-Wet
15.68767598,-19.21506144,LA5,2009-02-14,03:40:38 PM,15:40:00,Hot-Wet
15.68793844,-19.21332601,LA5,2009-02-14,04:00:38 PM,16:00:00,Hot-Wet
15.68516439,-19.21060994,LA5,2009-02-14,04:20:38 PM,16:20:00,Hot-Wet
15.68242391,-19.20788574,LA5,2009-02-14,04:40:38 PM,16:40:00,Hot-Wet
15.68141276,-19.20687663,LA5,2009-02-14,05:00:38 PM,17:00:00,Hot-Wet
15.67961324,-19.20550537,LA5,2009-02-14,05:20:38 PM,17:20:00,Hot-Wet
15.67680562,-19.20541789,LA5,2009-02-14,05:40:38 PM,17:40:00,Hot-Wet
15.67331645,-19.20453898,LA5,2009-02-14,06:00:38 PM,18:00:00,Hot-Wet
15.67235819,-19.2047465,LA5,2009-02-14,06:20:38 PM,18:20:00,Hot-Wet
15.67082723,-19.20574748,LA5,2009-02-14,06:40:38 PM,18:40:00,Hot-Wet
15.67062276,-19.20626831,LA5,2009-02-14,07:00:38 PM,19:00:00,Hot-Wet
15.67226156,-19.20718384,LA5,2009-02-14,07:20:38 PM,19:20:00,Hot-Wet
15.67313741,-19.20798747,LA5,2009-02-14,07:40:38 PM,19:40:00,Hot-Wet
15.6731425,-19.20798747,LA5,2009-02-14,08:00:38 PM,20:00:00,Hot-Wet
15.67366435,-19.20714722,LA5,2009-02-14,08:20:38 PM,20:20:00,Hot-Wet
15.67301839,-19.2076945,LA5,2009-02-14,08:40:38 PM,20:40:00,Hot-Wet
15.67215373,-19.20864054,LA5,2009-02-14,09:00:38 PM,21:00:00,Hot-Wet
15.67010701,-19.20904744,LA5,2009-02-14,09:20:38 PM,21:20:00,Hot-Wet
15.67011719,-19.20903727,LA5,2009-02-14,09:40:38 PM,21:40:00,Hot-Wet
15.66912842,-19.20983073,LA5,2009-02-14,10:00:38 PM,22:00:00,Hot-Wet
15.66842448,-19.2096049,LA5,2009-02-14,10:20:38 PM,22:20:00,Hot-Wet
15.66793722,-19.20909831,LA5,2009-02-14,10:40:38 PM,22:40:00,Hot-Wet
15.66862081,-19.20825195,LA5,2009-02-14,11:00:38 PM,23:00:00,Hot-Wet
15.66898499,-19.20842285,LA5,2009-02-14,11:20:38 PM,23:20:00,Hot-Wet
15.6696696,-19.20847575,LA5,2009-02-14,11:40:38 PM,23:40:00,Hot-Wet
15.66975606,-19.20893148,LA5,2009-02-15,12:00:38 AM,00:00:00,Hot-Wet
15.67014465,-19.20900879,LA5,2009-02-15,12:20:38 AM,00:20:00,Hot-Wet
15.67044271,-19.20982869,LA5,2009-02-15,12:40:38 AM,00:40:00,Hot-Wet
15.67109985,-19.20989787,LA5,2009-02-15,01:00:38 AM,01:00:00,Hot-Wet
15.67113342,-19.20984701,LA5,2009-02-15,01:20:38 AM,01:20:00,Hot-Wet
15.67109172,-19.20989583,LA5,2009-02-15,01:40:38 AM,01:40:00,Hot-Wet
15.67112528,-19.20990601,LA5,2009-02-15,02:00:38 AM,02:00:00,Hot-Wet
15.67114766,-19.20985107,LA5,2009-02-15,02:20:38 AM,02:20:00,Hot-Wet
15.67119141,-19.20987549,LA5,2009-02-15,02:40:38 AM,02:40:00,Hot-Wet
15.6712148,-19.20985514,LA5,2009-02-15,03:00:38 AM,03:00:00,Hot-Wet
15.6712148,-19.20985311,LA5,2009-02-15,03:20:38 AM,03:20:00,Hot-Wet
15.67117411,-19.20986125,LA5,2009-02-15,03:40:38 AM,03:40:00,Hot-Wet
15.67117208,-19.20985514,LA5,2009-02-15,04:00:38 AM,04:00:00,Hot-Wet
15.67121175,-19.20985311,LA5,2009-02-15,04:20:38 AM,04:20:00,Hot-Wet
15.6713206,-19.20981852,LA5,2009-02-15,04:40:38 AM,04:40:00,Hot-Wet
15.67206624,-19.21026815,LA5,2009-02-15,05:00:38 AM,05:00:00,Hot-Wet
15.67341817,-19.21279704,LA5,2009-02-15,05:20:38 AM,05:20:00,Hot-Wet
15.6754598,-19.21337687,LA5,2009-02-15,05:40:38 AM,05:40:00,Hot-Wet
15.67548218,-19.21226196,LA5,2009-02-15,06:00:38 AM,06:00:00,Hot-Wet
15.67626953,-19.2133728,LA5,2009-02-15,06:20:38 AM,06:20:00,Hot-Wet
15.6764679,-19.21407267,LA5,2009-02-15,06:40:38 AM,06:40:00,Hot-Wet
15.67584432,-19.21969604,LA5,2009-02-15,07:00:38 AM,07:00:00,Hot-Wet
15.67585144,-19.21968791,LA5,2009-02-15,07:20:38 AM,07:20:00,Hot-Wet
15.67644348,-19.22216187,LA5,2009-02-15,07:40:38 AM,07:40:00,Hot-Wet
15.67924398,-19.22407227,LA5,2009-02-15,08:00:38 AM,08:00:00,Hot-Wet
15.6803894,-19.22326457,LA5,2009-02-15,08:20:38 AM,08:20:00,Hot-Wet
15.68075053,-19.22314657,LA5,2009-02-15,08:40:38 AM,08:40:00,Hot-Wet
15.68074544,-19.22316081,LA5,2009-02-15,09:00:38 AM,09:00:00,Hot-Wet
15.68076375,-19.22314453,LA5,2009-02-15,09:20:38 AM,09:20:00,Hot-Wet
15.68123983,-19.22310588,LA5,2009-02-15,09:40:38 AM,09:40:00,Hot-Wet
15.68131205,-19.22387085,LA5,2009-02-15,10:00:38 AM,10:00:00,Hot-Wet
15.6823232,-19.22472941,LA5,2009-02-15,10:20:38 AM,10:20:00,Hot-Wet
15.68290609,-19.22359619,LA5,2009-02-15,10:40:38 AM,10:40:00,Hot-Wet
15.68258362,-19.22335612,LA5,2009-02-15,11:00:38 AM,11:00:00,Hot-Wet
15.68431905,-19.22281901,LA5,2009-02-15,11:20:38 AM,11:20:00,Hot-Wet
15.68469238,-19.2212443,LA5,2009-02-15,11:40:38 AM,11:40:00,Hot-Wet
15.68438619,-19.22051188,LA5,2009-02-15,12:00:38 PM,12:00:00,Hot-Wet
15.68740845,-19.22050578,LA5,2009-02-15,12:20:38 PM,12:20:00,Hot-Wet
15.68725789,-19.221757,LA5,2009-02-15,12:40:38 PM,12:40:00,Hot-Wet
15.68758036,-19.22224325,LA5,2009-02-15,01:00:38 PM,13:00:00,Hot-Wet
15.68784383,-19.21849976,LA5,2009-02-15,01:20:38 PM,13:20:00,Hot-Wet
15.68858032,-19.21605632,LA5,2009-02-15,01:40:38 PM,13:40:00,Hot-Wet
15.68859253,-19.21606038,LA5,2009-02-15,02:00:38 PM,14:00:00,Hot-Wet
15.68775126,-19.21601156,LA5,2009-02-15,02:20:38 PM,14:20:00,Hot-Wet
15.68779195,-19.21626383,LA5,2009-02-15,02:40:38 PM,14:40:00,Hot-Wet
15.68891805,-19.21802165,LA5,2009-02-15,03:00:38 PM,15:00:00,Hot-Wet
15.689505,-19.21669515,LA5,2009-02-15,03:20:38 PM,15:20:00,Hot-Wet
15.69057719,-19.21594645,LA5,2009-02-15,03:40:38 PM,15:40:00,Hot-Wet
15.68903809,-19.21385295,LA5,2009-02-15,04:00:38 PM,16:00:00,Hot-Wet
15.687205,-19.21204224,LA5,2009-02-15,04:20:38 PM,16:20:00,Hot-Wet
15.68561198,-19.20980632,LA5,2009-02-15,04:40:38 PM,16:40:00,Hot-Wet
15.68243205,-19.20922038,LA5,2009-02-15,05:00:38 PM,17:00:00,Hot-Wet
15.67990926,-19.20777995,LA5,2009-02-15,05:20:38 PM,17:20:00,Hot-Wet
15.67960205,-19.20863241,LA5,2009-02-15,05:40:38 PM,17:40:00,Hot-Wet
15.67718302,-19.21129964,LA5,2009-02-15,06:00:38 PM,18:00:00,Hot-Wet
15.6758016,-19.21205241,LA5,2009-02-15,06:20:38 PM,18:20:00,Hot-Wet
15.67440694,-19.21381632,LA5,2009-02-15,06:40:38 PM,18:40:00,Hot-Wet
15.67477315,-19.21561279,LA5,2009-02-15,07:00:38 PM,19:00:00,Hot-Wet
15.67469889,-19.21565552,LA5,2009-02-15,07:20:38 PM,19:20:00,Hot-Wet
15.67489827,-19.21513875,LA5,2009-02-15,07:40:38 PM,19:40:00,Hot-Wet
15.67489827,-19.21514282,LA5,2009-02-15,08:00:38 PM,20:00:00,Hot-Wet
15.67447815,-19.21545614,LA5,2009-02-15,08:20:38 PM,20:20:00,Hot-Wet
15.67298889,-19.21622314,LA5,2009-02-15,08:40:38 PM,20:40:00,Hot-Wet
15.67250163,-19.21645915,LA5,2009-02-15,09:00:38 PM,21:00:00,Hot-Wet
15.6742747,-19.21855265,LA5,2009-02-15,09:20:38 PM,21:20:00,Hot-Wet
15.6742686,-19.21855672,LA5,2009-02-15,09:40:38 PM,21:40:00,Hot-Wet
15.67138774,-19.22204183,LA5,2009-02-15,10:00:38 PM,22:00:00,Hot-Wet
15.67139587,-19.22203369,LA5,2009-02-15,10:20:38 PM,22:20:00,Hot-Wet
15.6704366,-19.22380168,LA5,2009-02-15,10:40:38 PM,22:40:00,Hot-Wet
15.67050069,-19.22538045,LA5,2009-02-15,11:00:38 PM,23:00:00,Hot-Wet
15.6714447,-19.22677205,LA5,2009-02-15,11:20:38 PM,23:20:00,Hot-Wet
15.67145182,-19.22659912,LA5,2009-02-15,11:40:38 PM,23:40:00,Hot-Wet
15.67215373,-19.22681478,LA5,2009-02-16,12:00:38 AM,00:00:00,Hot-Wet
15.67232666,-19.22709351,LA5,2009-02-16,12:20:38 AM,00:20:00,Hot-Wet
15.67121277,-19.22825928,LA5,2009-02-16,12:40:38 AM,00:40:00,Hot-Wet
15.6705068,-19.22875773,LA5,2009-02-16,01:00:45 AM,01:00:00,Hot-Wet
15.6705485,-19.22889404,LA5,2009-02-16,01:20:38 AM,01:20:00,Hot-Wet
15.67054036,-19.22893473,LA5,2009-02-16,01:40:38 AM,01:40:00,Hot-Wet
15.67014364,-19.22959391,LA5,2009-02-16,02:00:38 AM,02:00:00,Hot-Wet
15.6702596,-19.22968547,LA5,2009-02-16,02:20:38 AM,02:20:00,Hot-Wet
15.67026265,-19.22967936,LA5,2009-02-16,02:40:38 AM,02:40:00,Hot-Wet
15.67017517,-19.2296224,LA5,2009-02-16,03:00:38 AM,03:00:00,Hot-Wet
15.67015788,-19.22966715,LA5,2009-02-16,03:20:38 AM,03:20:00,Hot-Wet
15.6702301,-19.22965291,LA5,2009-02-16,03:40:38 AM,03:40:00,Hot-Wet
15.67029114,-19.23000081,LA5,2009-02-16,04:00:38 AM,04:00:00,Hot-Wet
15.67013652,-19.2299764,LA5,2009-02-16,04:20:45 AM,04:20:00,Hot-Wet
15.67081604,-19.22932332,LA5,2009-02-16,04:40:38 AM,04:40:00,Hot-Wet
15.67081706,-19.22932536,LA5,2009-02-16,05:00:38 AM,05:00:00,Hot-Wet
15.67396545,-19.22891642,LA5,2009-02-16,05:20:38 AM,05:20:00,Hot-Wet
15.6739624,-19.22892049,LA5,2009-02-16,05:40:38 AM,05:40:00,Hot-Wet
15.68013306,-19.2232137,LA5,2009-02-16,06:00:38 AM,06:00:00,Hot-Wet
15.68027242,-19.22323812,LA5,2009-02-16,06:20:38 AM,06:20:00,Hot-Wet
15.68036804,-19.22329305,LA5,2009-02-16,06:40:38 AM,06:40:00,Hot-Wet
15.68036296,-19.22329102,LA5,2009-02-16,07:00:38 AM,07:00:00,Hot-Wet
15.681014,-19.22194621,LA5,2009-02-16,07:20:38 AM,07:20:00,Hot-Wet
15.68216146,-19.22188314,LA5,2009-02-16,07:40:38 AM,07:40:00,Hot-Wet
15.68262431,-19.22230835,LA5,2009-02-16,08:00:38 AM,08:00:00,Hot-Wet
15.68271993,-19.22231852,LA5,2009-02-16,08:20:38 AM,08:20:00,Hot-Wet
15.68277588,-19.22231038,LA5,2009-02-16,08:40:38 AM,08:40:00,Hot-Wet
15.68279317,-19.22235514,LA5,2009-02-16,09:00:38 AM,09:00:00,Hot-Wet
15.68321737,-19.22218628,LA5,2009-02-16,09:20:38 AM,09:20:00,Hot-Wet
15.68320211,-19.22131958,LA5,2009-02-16,09:40:38 AM,09:40:00,Hot-Wet
15.68192749,-19.22103068,LA5,2009-02-16,10:00:38 AM,10:00:00,Hot-Wet
15.68206685,-19.22153727,LA5,2009-02-16,10:20:38 AM,10:20:00,Hot-Wet
15.68190715,-19.22260946,LA5,2009-02-16,10:40:38 AM,10:40:00,Hot-Wet
15.68225403,-19.22320353,LA5,2009-02-16,11:00:38 AM,11:00:00,Hot-Wet
15.68213806,-19.22334188,LA5,2009-02-16,11:20:38 AM,11:20:00,Hot-Wet
15.68214315,-19.22334188,LA5,2009-02-16,11:40:38 AM,11:40:00,Hot-Wet
15.68447164,-19.22343953,LA5,2009-02-16,12:00:38 PM,12:00:00,Hot-Wet
15.68485514,-19.2222758,LA5,2009-02-16,12:20:38 PM,12:20:00,Hot-Wet
15.68527222,-19.21921183,LA5,2009-02-16,12:40:38 PM,12:40:00,Hot-Wet
15.68638916,-19.21864827,LA5,2009-02-16,01:00:38 PM,13:00:00,Hot-Wet
15.68633321,-19.21807658,LA5,2009-02-16,01:20:38 PM,13:20:00,Hot-Wet
15.68537394,-19.21980998,LA5,2009-02-16,01:40:38 PM,13:40:00,Hot-Wet
15.68537292,-19.21981405,LA5,2009-02-16,02:00:38 PM,14:00:00,Hot-Wet
15.68776754,-19.21977336,LA5,2009-02-16,02:20:38 PM,14:20:00,Hot-Wet
15.68776855,-19.21977336,LA5,2009-02-16,02:40:38 PM,14:40:00,Hot-Wet
15.68868408,-19.21791789,LA5,2009-02-16,03:00:38 PM,15:00:00,Hot-Wet
15.68911438,-19.21616414,LA5,2009-02-16,03:20:38 PM,15:20:00,Hot-Wet
15.68420919,-19.22006022,LA5,2009-02-16,03:40:38 PM,15:40:00,Hot-Wet
15.68147786,-19.22517293,LA5,2009-02-16,04:00:38 PM,16:00:00,Hot-Wet
15.67934875,-19.22820028,LA5,2009-02-16,04:20:38 PM,16:20:00,Hot-Wet
15.68091431,-19.23381755,LA5,2009-02-16,04:40:38 PM,16:40:00,Hot-Wet
15.68207092,-19.23602091,LA5,2009-02-16,05:00:38 PM,17:00:00,Hot-Wet
15.68540853,-19.23685506,LA5,2009-02-16,05:20:38 PM,17:20:00,Hot-Wet
15.68766785,-19.23658651,LA5,2009-02-16,05:40:38 PM,17:40:00,Hot-Wet
15.68950094,-19.23496704,LA5,2009-02-16,06:00:38 PM,18:00:00,Hot-Wet
15.69109701,-19.23578491,LA5,2009-02-16,06:20:38 PM,18:20:00,Hot-Wet
15.6928477,-19.23740234,LA5,2009-02-16,06:40:38 PM,18:40:00,Hot-Wet
15.69233398,-19.23888753,LA5,2009-02-16,07:00:38 PM,19:00:00,Hot-Wet
15.68707377,-19.24671427,LA5,2009-02-16,07:20:38 PM,19:20:00,Hot-Wet
15.68707682,-19.24671224,LA5,2009-02-16,07:40:38 PM,19:40:00,Hot-Wet
15.68504232,-19.2482137,LA5,2009-02-16,08:00:38 PM,20:00:00,Hot-Wet
15.68415527,-19.24912516,LA5,2009-02-16,08:20:38 PM,20:20:00,Hot-Wet
15.68216451,-19.25149536,LA5,2009-02-16,08:40:38 PM,20:40:00,Hot-Wet
15.68171997,-19.25158285,LA5,2009-02-16,09:00:38 PM,21:00:00,Hot-Wet
15.67994385,-19.25360311,LA5,2009-02-16,09:20:38 PM,21:20:00,Hot-Wet
15.6799469,-19.25359294,LA5,2009-02-16,09:40:38 PM,21:40:00,Hot-Wet
15.67849121,-19.25337728,LA5,2009-02-16,10:00:38 PM,22:00:00,Hot-Wet
15.67953084,-19.25268962,LA5,2009-02-16,10:20:38 PM,22:20:00,Hot-Wet
15.67687785,-19.25082194,LA5,2009-02-16,10:40:38 PM,22:40:00,Hot-Wet
15.67377014,-19.25039469,LA5,2009-02-16,11:00:38 PM,23:00:00,Hot-Wet
15.67275391,-19.25131836,LA5,2009-02-16,11:20:38 PM,23:20:00,Hot-Wet
15.67214762,-19.25175578,LA5,2009-02-16,11:40:38 PM,23:40:00,Hot-Wet
15.67154948,-19.25238241,LA5,2009-02-17,12:00:38 AM,00:00:00,Hot-Wet
15.6714325,-19.25128784,LA5,2009-02-17,12:20:38 AM,00:20:00,Hot-Wet
15.67156576,-19.25148519,LA5,2009-02-17,12:40:38 AM,00:40:00,Hot-Wet
15.67082113,-19.25077515,LA5,2009-02-17,01:00:38 AM,01:00:00,Hot-Wet
15.67080485,-19.25081177,LA5,2009-02-17,01:20:38 AM,01:20:00,Hot-Wet
15.67081706,-19.25079346,LA5,2009-02-17,01:40:38 AM,01:40:00,Hot-Wet
15.67086487,-19.25083822,LA5,2009-02-17,02:00:38 AM,02:00:00,Hot-Wet
15.67085266,-19.25079549,LA5,2009-02-17,02:20:38 AM,02:20:00,Hot-Wet
15.67083639,-19.25108032,LA5,2009-02-17,02:40:38 AM,02:40:00,Hot-Wet
15.67074382,-19.25106405,LA5,2009-02-17,03:00:38 AM,03:00:00,Hot-Wet
15.67091268,-19.2512207,LA5,2009-02-17,03:20:38 AM,03:20:00,Hot-Wet
15.67067973,-19.25082804,LA5,2009-02-17,03:40:38 AM,03:40:00,Hot-Wet
15.67120158,-19.25035197,LA5,2009-02-17,04:00:38 AM,04:00:00,Hot-Wet
15.67193909,-19.25067749,LA5,2009-02-17,04:20:38 AM,04:20:00,Hot-Wet
15.67204081,-19.25017497,LA5,2009-02-17,04:40:38 AM,04:40:00,Hot-Wet
15.67133789,-19.24926147,LA5,2009-02-17,05:00:38 AM,05:00:00,Hot-Wet
15.6728597,-19.24659017,LA5,2009-02-17,05:20:38 AM,05:20:00,Hot-Wet
15.67285767,-19.24659017,LA5,2009-02-17,05:40:38 AM,05:40:00,Hot-Wet
15.67015177,-19.2456543,LA5,2009-02-17,06:00:38 AM,06:00:00,Hot-Wet
15.67015889,-19.24565633,LA5,2009-02-17,06:20:38 AM,06:20:00,Hot-Wet
15.66959635,-19.24761149,LA5,2009-02-17,06:40:38 AM,06:40:00,Hot-Wet
15.66959635,-19.24761353,LA5,2009-02-17,07:00:38 AM,07:00:00,Hot-Wet
15.67113037,-19.24995321,LA5,2009-02-17,07:20:38 AM,07:20:00,Hot-Wet
15.67426656,-19.24894816,LA5,2009-02-17,07:40:38 AM,07:40:00,Hot-Wet
15.67573751,-19.24813029,LA5,2009-02-17,08:00:38 AM,08:00:00,Hot-Wet
15.67722677,-19.2467631,LA5,2009-02-17,08:20:38 AM,08:20:00,Hot-Wet
15.6787679,-19.24769491,LA5,2009-02-17,08:40:38 AM,08:40:00,Hot-Wet
15.68141886,-19.24747518,LA5,2009-02-17,09:00:38 AM,09:00:00,Hot-Wet
15.68139038,-19.24858195,LA5,2009-02-17,09:20:38 AM,09:20:00,Hot-Wet
15.68134257,-19.2483256,LA5,2009-02-17,09:40:38 AM,09:40:00,Hot-Wet
15.68134766,-19.24834595,LA5,2009-02-17,10:00:38 AM,10:00:00,Hot-Wet
15.68117574,-19.24885457,LA5,2009-02-17,10:20:38 AM,10:20:00,Hot-Wet
15.67888082,-19.24674886,LA5,2009-02-17,10:40:38 AM,10:40:00,Hot-Wet
15.67805379,-19.24613851,LA5,2009-02-17,11:00:38 AM,11:00:00,Hot-Wet
15.67648722,-19.24401042,LA5,2009-02-17,11:20:38 AM,11:20:00,Hot-Wet
15.67447917,-19.24342651,LA5,2009-02-17,11:40:38 AM,11:40:00,Hot-Wet
15.67385661,-19.24120076,LA5,2009-02-17,12:00:38 PM,12:00:00,Hot-Wet
15.67448934,-19.23976644,LA5,2009-02-17,12:20:38 PM,12:20:00,Hot-Wet
15.67548116,-19.23961182,LA5,2009-02-17,12:40:38 PM,12:40:00,Hot-Wet
15.67622477,-19.24048462,LA5,2009-02-17,01:00:38 PM,13:00:00,Hot-Wet
15.67540792,-19.24151204,LA5,2009-02-17,01:20:38 PM,13:20:00,Hot-Wet
15.67421672,-19.24233398,LA5,2009-02-17,01:40:38 PM,13:40:00,Hot-Wet
15.66928813,-19.24292399,LA5,2009-02-17,02:00:38 PM,14:00:00,Hot-Wet
15.66835531,-19.24586182,LA5,2009-02-17,02:20:38 PM,14:20:00,Hot-Wet
15.66722819,-19.2506429,LA5,2009-02-17,02:40:38 PM,14:40:00,Hot-Wet
15.66565552,-19.25253092,LA5,2009-02-17,03:00:38 PM,15:00:00,Hot-Wet
15.6646342,-19.25288289,LA5,2009-02-17,03:20:38 PM,15:20:00,Hot-Wet
15.66419474,-19.25672607,LA5,2009-02-17,03:40:38 PM,15:40:00,Hot-Wet
15.66528015,-19.259021,LA5,2009-02-17,04:00:38 PM,16:00:00,Hot-Wet
15.66287435,-19.26221517,LA5,2009-02-17,04:20:38 PM,16:20:00,Hot-Wet
15.65684814,-19.26325684,LA5,2009-02-17,04:40:38 PM,16:40:00,Hot-Wet
15.65594991,-19.25883382,LA5,2009-02-17,05:00:38 PM,17:00:00,Hot-Wet
15.65605367,-19.25757039,LA5,2009-02-17,05:20:38 PM,17:20:00,Hot-Wet
15.6562795,-19.25599976,LA5,2009-02-17,05:40:38 PM,17:40:00,Hot-Wet
15.65312602,-19.25242716,LA5,2009-02-17,06:00:38 PM,18:00:00,Hot-Wet
15.65070292,-19.25101522,LA5,2009-02-17,06:20:38 PM,18:20:00,Hot-Wet
15.64911397,-19.25088501,LA5,2009-02-17,06:40:38 PM,18:40:00,Hot-Wet
15.64766642,-19.25235799,LA5,2009-02-17,07:00:38 PM,19:00:00,Hot-Wet
15.6465566,-19.25202433,LA5,2009-02-17,07:20:38 PM,19:20:00,Hot-Wet
15.64724019,-19.25030314,LA5,2009-02-17,07:40:38 PM,19:40:00,Hot-Wet
15.64850159,-19.25028483,LA5,2009-02-17,08:00:38 PM,20:00:00,Hot-Wet
15.64904785,-19.2494812,LA5,2009-02-17,08:20:38 PM,20:20:00,Hot-Wet
15.65032145,-19.24809774,LA5,2009-02-17,08:40:38 PM,20:40:00,Hot-Wet
15.65090841,-19.2477417,LA5,2009-02-17,09:00:38 PM,21:00:00,Hot-Wet
15.65129903,-19.24909668,LA5,2009-02-17,09:20:38 PM,21:20:00,Hot-Wet
15.6513031,-19.24909668,LA5,2009-02-17,09:40:38 PM,21:40:00,Hot-Wet
15.65068766,-19.25026652,LA5,2009-02-17,10:00:38 PM,22:00:00,Hot-Wet
15.65072937,-19.25104574,LA5,2009-02-17,10:20:38 PM,22:20:00,Hot-Wet
15.65162557,-19.2510966,LA5,2009-02-17,10:40:38 PM,22:40:00,Hot-Wet
15.65290324,-19.250177,LA5,2009-02-17,11:00:38 PM,23:00:00,Hot-Wet
15.65269877,-19.24909058,LA5,2009-02-17,11:20:38 PM,23:20:00,Hot-Wet
15.65231018,-19.24894816,LA5,2009-02-17,11:40:38 PM,23:40:00,Hot-Wet
15.65256348,-19.24840088,LA5,2009-02-18,12:00:38 AM,00:00:00,Hot-Wet
15.6526296,-19.24708455,LA5,2009-02-18,12:20:38 AM,00:20:00,Hot-Wet
15.65351563,-19.24605306,LA5,2009-02-18,12:40:38 AM,00:40:00,Hot-Wet
15.65310771,-19.24596354,LA5,2009-02-18,01:00:38 AM,01:00:00,Hot-Wet
15.65310364,-19.24593506,LA5,2009-02-18,01:20:38 AM,01:20:00,Hot-Wet
15.65311483,-19.24596151,LA5,2009-02-18,01:40:38 AM,01:40:00,Hot-Wet
15.65230306,-19.24564616,LA5,2009-02-18,02:00:38 AM,02:00:00,Hot-Wet
15.65330912,-19.24517008,LA5,2009-02-18,02:20:38 AM,02:20:00,Hot-Wet
15.65521545,-19.24503784,LA5,2009-02-18,02:40:38 AM,02:40:00,Hot-Wet
15.65888672,-19.24595947,LA5,2009-02-18,03:00:38 AM,03:00:00,Hot-Wet
15.66132609,-19.24762777,LA5,2009-02-18,03:20:38 AM,03:20:00,Hot-Wet
15.66134542,-19.24909058,LA5,2009-02-18,03:40:38 AM,03:40:00,Hot-Wet
15.66181946,-19.24951579,LA5,2009-02-18,04:00:38 AM,04:00:00,Hot-Wet
15.6618337,-19.24951986,LA5,2009-02-18,04:20:38 AM,04:20:00,Hot-Wet
15.66180725,-19.24950562,LA5,2009-02-18,04:40:38 AM,04:40:00,Hot-Wet
15.66162821,-19.24984334,LA5,2009-02-18,05:00:38 AM,05:00:00,Hot-Wet
15.67051086,-19.24512939,LA5,2009-02-18,05:20:38 AM,05:20:00,Hot-Wet
15.67050781,-19.24513143,LA5,2009-02-18,05:40:38 AM,05:40:00,Hot-Wet
15.67648926,-19.24517008,LA5,2009-02-18,06:00:38 AM,06:00:00,Hot-Wet
15.67648417,-19.24517212,LA5,2009-02-18,06:20:38 AM,06:20:00,Hot-Wet
15.6762797,-19.25020752,LA5,2009-02-18,06:40:38 AM,06:40:00,Hot-Wet
15.67627767,-19.25020345,LA5,2009-02-18,07:00:38 AM,07:00:00,Hot-Wet
15.67563375,-19.25286255,LA5,2009-02-18,07:20:38 AM,07:20:00,Hot-Wet
15.67137248,-19.25403849,LA5,2009-02-18,07:40:38 AM,07:40:00,Hot-Wet
15.66952006,-19.25541585,LA5,2009-02-18,08:00:38 AM,08:00:00,Hot-Wet
15.66564128,-19.2548584,LA5,2009-02-18,08:20:38 AM,08:20:00,Hot-Wet
15.66604106,-19.25651855,LA5,2009-02-18,08:40:38 AM,08:40:00,Hot-Wet
15.66384583,-19.25813802,LA5,2009-02-18,09:00:38 AM,09:00:00,Hot-Wet
15.66439921,-19.2577006,LA5,2009-02-18,09:20:38 AM,09:20:00,Hot-Wet
15.66363627,-19.2571757,LA5,2009-02-18,09:40:38 AM,09:40:00,Hot-Wet
15.66352437,-19.25728353,LA5,2009-02-18,10:00:38 AM,10:00:00,Hot-Wet
15.66274821,-19.25657959,LA5,2009-02-18,10:20:38 AM,10:20:00,Hot-Wet
15.6628713,-19.25296224,LA5,2009-02-18,10:40:38 AM,10:40:00,Hot-Wet
15.66143392,-19.25243734,LA5,2009-02-18,11:00:38 AM,11:00:00,Hot-Wet
15.66360982,-19.25003866,LA5,2009-02-18,11:20:38 AM,11:20:00,Hot-Wet
15.67021484,-19.24809977,LA5,2009-02-18,11:40:38 AM,11:40:00,Hot-Wet
15.67664693,-19.2483724,LA5,2009-02-18,12:00:38 PM,12:00:00,Hot-Wet
15.68603109,-19.24413045,LA5,2009-02-18,12:20:38 PM,12:20:00,Hot-Wet
15.69297791,-19.23749593,LA5,2009-02-18,12:40:38 PM,12:40:00,Hot-Wet
15.69273071,-19.23100993,LA5,2009-02-18,01:00:38 PM,13:00:00,Hot-Wet
15.68506775,-19.2223938,LA5,2009-02-18,01:20:38 PM,13:20:00,Hot-Wet
15.68512675,-19.22029012,LA5,2009-02-18,01:40:38 PM,13:40:00,Hot-Wet
15.68347371,-19.21531982,LA5,2009-02-18,02:00:38 PM,14:00:00,Hot-Wet
15.68589579,-19.21574097,LA5,2009-02-18,02:20:38 PM,14:20:00,Hot-Wet
15.68329366,-19.21223348,LA5,2009-02-18,02:40:38 PM,14:40:00,Hot-Wet
15.67998149,-19.21281535,LA5,2009-02-18,03:00:38 PM,15:00:00,Hot-Wet
15.68444112,-19.21491903,LA5,2009-02-18,03:20:38 PM,15:20:00,Hot-Wet
15.69046021,-19.21848348,LA5,2009-02-18,03:40:38 PM,15:40:00,Hot-Wet
15.69267578,-19.22147827,LA5,2009-02-18,04:00:38 PM,16:00:00,Hot-Wet
15.69191793,-19.22333781,LA5,2009-02-18,04:20:38 PM,16:20:00,Hot-Wet
15.69482524,-19.22590129,LA5,2009-02-18,04:40:38 PM,16:40:00,Hot-Wet
15.69146932,-19.22581584,LA5,2009-02-18,05:00:38 PM,17:00:00,Hot-Wet
15.68399963,-19.22571411,LA5,2009-02-18,05:20:38 PM,17:20:00,Hot-Wet
15.68041178,-19.22490031,LA5,2009-02-18,05:40:38 PM,17:40:00,Hot-Wet
15.67690125,-19.22490438,LA5,2009-02-18,06:00:38 PM,18:00:00,Hot-Wet
15.67551575,-19.22568766,LA5,2009-02-18,06:20:38 PM,18:20:00,Hot-Wet
15.67114766,-19.22555135,LA5,2009-02-18,06:40:38 PM,18:40:00,Hot-Wet
15.66825562,-19.22738647,LA5,2009-02-18,07:00:38 PM,19:00:00,Hot-Wet
15.66595866,-19.22674764,LA5,2009-02-18,07:20:38 PM,19:20:00,Hot-Wet
15.66527812,-19.22661743,LA5,2009-02-18,07:40:38 PM,19:40:00,Hot-Wet
15.66440837,-19.22660522,LA5,2009-02-18,08:00:38 PM,20:00:00,Hot-Wet
15.66209513,-19.22701823,LA5,2009-02-18,08:20:38 PM,20:20:00,Hot-Wet
15.66053772,-19.22769368,LA5,2009-02-18,08:40:38 PM,20:40:00,Hot-Wet
15.66085002,-19.22982788,LA5,2009-02-18,09:00:38 PM,21:00:00,Hot-Wet
15.66084595,-19.22982788,LA5,2009-02-18,09:20:38 PM,21:20:00,Hot-Wet
15.66109212,-19.23059285,LA5,2009-02-18,09:40:38 PM,21:40:00,Hot-Wet
15.65894877,-19.23216756,LA5,2009-02-18,10:00:38 PM,22:00:00,Hot-Wet
15.65702616,-19.23514608,LA5,2009-02-18,10:20:38 PM,22:20:00,Hot-Wet
15.65811462,-19.23670044,LA5,2009-02-18,10:40:38 PM,22:40:00,Hot-Wet
15.65718282,-19.23782349,LA5,2009-02-18,11:00:38 PM,23:00:00,Hot-Wet
15.65672302,-19.23825277,LA5,2009-02-18,11:20:38 PM,23:20:00,Hot-Wet
15.65611674,-19.23847046,LA5,2009-02-18,11:40:38 PM,23:40:00,Hot-Wet
15.65734355,-19.23983154,LA5,2009-02-19,12:00:38 AM,00:00:00,Hot-Wet
15.6571991,-19.23983358,LA5,2009-02-19,12:20:38 AM,00:20:00,Hot-Wet
15.65718689,-19.23977865,LA5,2009-02-19,12:40:38 AM,00:40:00,Hot-Wet
15.65722961,-19.2398763,LA5,2009-02-19,01:00:39 AM,01:00:00,Hot-Wet
15.65721741,-19.23982951,LA5,2009-02-19,01:20:45 AM,01:20:00,Hot-Wet
15.65723674,-19.23983765,LA5,2009-02-19,01:40:45 AM,01:40:00,Hot-Wet
15.65724691,-19.23983561,LA5,2009-02-19,02:00:38 AM,02:00:00,Hot-Wet
15.65721537,-19.2398702,LA5,2009-02-19,02:20:38 AM,02:20:00,Hot-Wet
15.65645752,-19.24095662,LA5,2009-02-19,02:40:38 AM,02:40:00,Hot-Wet
15.65702616,-19.2406189,LA5,2009-02-19,03:00:38 AM,03:00:00,Hot-Wet
15.65667419,-19.24011637,LA5,2009-02-19,03:20:38 AM,03:20:00,Hot-Wet
15.65655924,-19.23955282,LA5,2009-02-19,03:40:38 AM,03:40:00,Hot-Wet
15.65583801,-19.23949992,LA5,2009-02-19,04:00:38 AM,04:00:00,Hot-Wet
15.65547994,-19.23864746,LA5,2009-02-19,04:20:38 AM,04:20:00,Hot-Wet
15.65609945,-19.2384908,LA5,2009-02-19,04:40:38 AM,04:40:00,Hot-Wet
15.66251221,-19.23916626,LA5,2009-02-19,05:00:38 AM,05:00:00,Hot-Wet
15.66825867,-19.24248861,LA5,2009-02-19,05:20:38 AM,05:20:00,Hot-Wet
15.6682546,-19.24249471,LA5,2009-02-19,05:40:38 AM,05:40:00,Hot-Wet
15.67049967,-19.2420634,LA5,2009-02-19,06:00:38 AM,06:00:00,Hot-Wet
15.6723409,-19.24437052,LA5,2009-02-19,06:20:38 AM,06:20:00,Hot-Wet
15.67561544,-19.24629924,LA5,2009-02-19,06:40:38 AM,06:40:00,Hot-Wet
15.67561849,-19.24629313,LA5,2009-02-19,07:00:38 AM,07:00:00,Hot-Wet
15.67213236,-19.25151774,LA5,2009-02-19,07:20:38 AM,07:20:00,Hot-Wet
15.66718038,-19.25552979,LA5,2009-02-19,07:40:38 AM,07:40:00,Hot-Wet
15.66606242,-19.25937703,LA5,2009-02-19,08:00:38 AM,08:00:00,Hot-Wet
15.66280111,-19.26291504,LA5,2009-02-19,08:20:38 AM,08:20:00,Hot-Wet
15.66544189,-19.26232707,LA5,2009-02-19,08:40:38 AM,08:40:00,Hot-Wet
15.66568298,-19.26085002,LA5,2009-02-19,09:00:38 AM,09:00:00,Hot-Wet
15.66605428,-19.25985718,LA5,2009-02-19,09:20:38 AM,09:20:00,Hot-Wet
15.66495361,-19.25646362,LA5,2009-02-19,09:40:38 AM,09:40:00,Hot-Wet
15.66357524,-19.25503947,LA5,2009-02-19,10:00:38 AM,10:00:00,Hot-Wet
15.65953979,-19.25634562,LA5,2009-02-19,10:20:38 AM,10:20:00,Hot-Wet
15.65951742,-19.26020915,LA5,2009-02-19,10:40:38 AM,10:40:00,Hot-Wet
15.65664978,-19.26086222,LA5,2009-02-19,11:00:38 AM,11:00:00,Hot-Wet
15.65537415,-19.25611369,LA5,2009-02-19,11:20:38 AM,11:20:00,Hot-Wet
15.65850423,-19.2517863,LA5,2009-02-19,11:40:38 AM,11:40:00,Hot-Wet
15.66110433,-19.24910482,LA5,2009-02-19,12:00:38 PM,12:00:00,Hot-Wet
15.65758158,-19.24809774,LA5,2009-02-19,12:20:38 PM,12:20:00,Hot-Wet
15.64706726,-19.25166423,LA5,2009-02-19,12:40:38 PM,12:40:00,Hot-Wet
15.63675842,-19.25193278,LA5,2009-02-19,01:00:38 PM,13:00:00,Hot-Wet
15.63344218,-19.25309245,LA5,2009-02-19,01:20:38 PM,13:20:00,Hot-Wet
15.62940877,-19.25094198,LA5,2009-02-19,01:40:38 PM,13:40:00,Hot-Wet
15.62697957,-19.24416707,LA5,2009-02-19,02:00:38 PM,14:00:00,Hot-Wet
15.62450562,-19.23817342,LA5,2009-02-19,02:20:38 PM,14:20:00,Hot-Wet
15.62546285,-19.23408407,LA5,2009-02-19,02:40:38 PM,14:40:00,Hot-Wet
15.62144674,-19.23582357,LA5,2009-02-19,03:00:38 PM,15:00:00,Hot-Wet
15.6175588,-19.2418457,LA5,2009-02-19,03:20:38 PM,15:20:00,Hot-Wet
15.60919698,-19.24752808,LA5,2009-02-19,03:40:38 PM,15:40:00,Hot-Wet
15.60068665,-19.24794922,LA5,2009-02-19,04:00:38 PM,16:00:00,Hot-Wet
15.59266256,-19.2504659,LA5,2009-02-19,04:20:38 PM,16:20:00,Hot-Wet
15.58301188,-19.24626261,LA5,2009-02-19,04:40:38 PM,16:40:00,Hot-Wet
15.58010356,-19.24241943,LA5,2009-02-19,05:00:38 PM,17:00:00,Hot-Wet
15.58071086,-19.2412679,LA5,2009-02-19,05:20:38 PM,17:20:00,Hot-Wet
15.57906291,-19.23848674,LA5,2009-02-19,05:40:38 PM,17:40:00,Hot-Wet
15.58167826,-19.23845825,LA5,2009-02-19,06:00:38 PM,18:00:00,Hot-Wet
15.58379008,-19.23922933,LA5,2009-02-19,06:20:38 PM,18:20:00,Hot-Wet
15.57662354,-19.24242147,LA5,2009-02-19,06:40:38 PM,18:40:00,Hot-Wet
15.56660258,-19.24562581,LA5,2009-02-19,07:00:38 PM,19:00:00,Hot-Wet
15.55513102,-19.24015299,LA5,2009-02-19,07:20:38 PM,19:20:00,Hot-Wet
15.55513306,-19.24016724,LA5,2009-02-19,07:40:38 PM,19:40:00,Hot-Wet
15.54411723,-19.23747152,LA5,2009-02-19,08:00:38 PM,20:00:00,Hot-Wet
15.53207296,-19.23961182,LA5,2009-02-19,08:20:38 PM,20:20:00,Hot-Wet
15.52445577,-19.24048665,LA5,2009-02-19,08:40:38 PM,20:40:00,Hot-Wet
15.50665995,-19.2423584,LA5,2009-02-19,09:00:38 PM,21:00:00,Hot-Wet
15.50666809,-19.24235636,LA5,2009-02-19,09:20:38 PM,21:20:00,Hot-Wet
15.49724731,-19.23966471,LA5,2009-02-19,09:40:38 PM,21:40:00,Hot-Wet
15.49231771,-19.23828735,LA5,2009-02-19,10:00:38 PM,22:00:00,Hot-Wet
15.48800151,-19.23805339,LA5,2009-02-19,10:20:38 PM,22:20:00,Hot-Wet
15.48656006,-19.23785604,LA5,2009-02-19,10:40:38 PM,22:40:00,Hot-Wet
15.4854187,-19.2377889,LA5,2009-02-19,11:00:38 PM,23:00:00,Hot-Wet
15.48608805,-19.23856812,LA5,2009-02-19,11:20:38 PM,23:20:00,Hot-Wet
15.48657939,-19.23839722,LA5,2009-02-19,11:40:38 PM,23:40:00,Hot-Wet
15.48697103,-19.23861694,LA5,2009-02-20,12:00:38 AM,00:00:00,Hot-Wet
15.48681844,-19.23875936,LA5,2009-02-20,12:20:38 AM,00:20:00,Hot-Wet
15.48766073,-19.23861491,LA5,2009-02-20,12:40:38 AM,00:40:00,Hot-Wet
15.48817444,-19.23710734,LA5,2009-02-20,01:00:38 AM,01:00:00,Hot-Wet
15.48629964,-19.23543701,LA5,2009-02-20,01:20:38 AM,01:20:00,Hot-Wet
15.48643697,-19.23630778,LA5,2009-02-20,01:40:38 AM,01:40:00,Hot-Wet
15.488915,-19.2369751,LA5,2009-02-20,02:00:38 AM,02:00:00,Hot-Wet
15.48917236,-19.23626506,LA5,2009-02-20,02:20:38 AM,02:20:00,Hot-Wet
15.48949076,-19.23652751,LA5,2009-02-20,02:40:38 AM,02:40:00,Hot-Wet
15.48974813,-19.23703206,LA5,2009-02-20,03:00:38 AM,03:00:00,Hot-Wet
15.48907064,-19.23698324,LA5,2009-02-20,03:20:38 AM,03:20:00,Hot-Wet
15.48920085,-19.23755086,LA5,2009-02-20,03:40:38 AM,03:40:00,Hot-Wet
15.48637288,-19.23576253,LA5,2009-02-20,04:00:38 AM,04:00:00,Hot-Wet
15.47963257,-19.23318278,LA5,2009-02-20,04:20:38 AM,04:20:00,Hot-Wet
15.47928263,-19.23336792,LA5,2009-02-20,04:40:38 AM,04:40:00,Hot-Wet
15.47884521,-19.23354696,LA5,2009-02-20,05:00:38 AM,05:00:00,Hot-Wet
15.4724823,-19.23597412,LA5,2009-02-20,05:20:38 AM,05:20:00,Hot-Wet
15.44654846,-19.23561401,LA5,2009-02-20,05:40:38 AM,05:40:00,Hot-Wet
15.44654439,-19.23563639,LA5,2009-02-20,06:00:38 AM,06:00:00,Hot-Wet
15.43473511,-19.23077596,LA5,2009-02-20,06:20:38 AM,06:20:00,Hot-Wet
15.43140666,-19.23581746,LA5,2009-02-20,06:40:38 AM,06:40:00,Hot-Wet
15.43103638,-19.23380737,LA5,2009-02-20,07:00:38 AM,07:00:00,Hot-Wet
15.43364766,-19.23985189,LA5,2009-02-20,07:20:38 AM,07:20:00,Hot-Wet
15.44067586,-19.23972575,LA5,2009-02-20,07:40:38 AM,07:40:00,Hot-Wet
15.44895223,-19.24052938,LA5,2009-02-20,08:00:38 AM,08:00:00,Hot-Wet
15.45356445,-19.2373291,LA5,2009-02-20,08:20:38 AM,08:20:00,Hot-Wet
15.45355937,-19.23733317,LA5,2009-02-20,08:40:38 AM,08:40:00,Hot-Wet
15.45353292,-19.23731689,LA5,2009-02-20,09:00:38 AM,09:00:00,Hot-Wet
15.45215556,-19.23788656,LA5,2009-02-20,09:20:38 AM,09:20:00,Hot-Wet
15.45328267,-19.23791911,LA5,2009-02-20,09:40:38 AM,09:40:00,Hot-Wet
15.45688883,-19.23763021,LA5,2009-02-20,10:00:38 AM,10:00:00,Hot-Wet
15.46264852,-19.23885295,LA5,2009-02-20,10:20:38 AM,10:20:00,Hot-Wet
15.4631663,-19.23988037,LA5,2009-02-20,10:40:38 AM,10:40:00,Hot-Wet
15.46373088,-19.24101563,LA5,2009-02-20,11:00:38 AM,11:00:00,Hot-Wet
15.4634196,-19.24122111,LA5,2009-02-20,11:20:38 AM,11:20:00,Hot-Wet
15.45978088,-19.24052531,LA5,2009-02-20,11:40:38 AM,11:40:00,Hot-Wet
15.45424703,-19.23708293,LA5,2009-02-20,12:00:38 PM,12:00:00,Hot-Wet
15.45151774,-19.23751017,LA5,2009-02-20,12:20:38 PM,12:20:00,Hot-Wet
15.45197245,-19.23758748,LA5,2009-02-20,12:40:38 PM,12:40:00,Hot-Wet
15.4491862,-19.23173625,LA5,2009-02-20,01:00:38 PM,13:00:00,Hot-Wet
15.45210571,-19.23963826,LA5,2009-02-20,01:20:38 PM,13:20:00,Hot-Wet
15.45210876,-19.23963826,LA5,2009-02-20,01:40:38 PM,13:40:00,Hot-Wet
15.45205994,-19.23966064,LA5,2009-02-20,02:00:38 PM,14:00:00,Hot-Wet
15.45203349,-19.23965047,LA5,2009-02-20,02:20:38 PM,14:20:00,Hot-Wet
15.45917664,-19.23764038,LA5,2009-02-20,02:40:38 PM,14:40:00,Hot-Wet
15.46080526,-19.23481852,LA5,2009-02-20,03:00:38 PM,15:00:00,Hot-Wet
15.46076864,-19.23481649,LA5,2009-02-20,03:20:38 PM,15:20:00,Hot-Wet
15.46077474,-19.23496094,LA5,2009-02-20,03:40:38 PM,15:40:00,Hot-Wet
15.4625885,-19.23116455,LA5,2009-02-20,04:00:38 PM,16:00:00,Hot-Wet
15.47067871,-19.23125203,LA5,2009-02-20,04:20:38 PM,16:20:00,Hot-Wet
15.47609151,-19.23080444,LA5,2009-02-20,04:40:38 PM,16:40:00,Hot-Wet
15.47912089,-19.2311381,LA5,2009-02-20,05:00:38 PM,17:00:00,Hot-Wet
15.47802734,-19.23266602,LA5,2009-02-20,05:20:38 PM,17:20:00,Hot-Wet
15.47388306,-19.23190511,LA5,2009-02-20,05:40:38 PM,17:40:00,Hot-Wet
15.46952922,-19.23080648,LA5,2009-02-20,06:00:38 PM,18:00:00,Hot-Wet
15.4684316,-19.23053589,LA5,2009-02-20,06:20:38 PM,18:20:00,Hot-Wet
15.4660319,-19.23073527,LA5,2009-02-20,06:40:38 PM,18:40:00,Hot-Wet
15.4623291,-19.23067627,LA5,2009-02-20,07:00:38 PM,19:00:00,Hot-Wet
15.46233215,-19.2306783,LA5,2009-02-20,07:20:38 PM,19:20:00,Hot-Wet
15.45783183,-19.228479,LA5,2009-02-20,07:40:38 PM,19:40:00,Hot-Wet
15.45782369,-19.22848307,LA5,2009-02-20,08:00:38 PM,20:00:00,Hot-Wet
15.45563761,-19.22521973,LA5,2009-02-20,08:20:38 PM,20:20:00,Hot-Wet
15.44825033,-19.2205363,LA5,2009-02-20,08:40:38 PM,20:40:00,Hot-Wet
15.43599243,-19.21059774,LA5,2009-02-20,09:00:38 PM,21:00:00,Hot-Wet
15.43599548,-19.21060181,LA5,2009-02-20,09:20:38 PM,21:20:00,Hot-Wet
15.42944132,-19.20506795,LA5,2009-02-20,09:40:38 PM,21:40:00,Hot-Wet
15.43190613,-19.20114136,LA5,2009-02-20,10:00:38 PM,22:00:00,Hot-Wet
15.42934672,-19.19755859,LA5,2009-02-20,10:20:38 PM,22:20:00,Hot-Wet
15.42642619,-19.19440308,LA5,2009-02-20,10:40:38 PM,22:40:00,Hot-Wet
15.42468058,-19.19303792,LA5,2009-02-20,11:00:38 PM,23:00:00,Hot-Wet
15.42530009,-19.18820597,LA5,2009-02-20,11:20:38 PM,23:20:00,Hot-Wet
15.42268778,-19.18649495,LA5,2009-02-20,11:40:38 PM,23:40:00,Hot-Wet
15.41609294,-19.18350016,LA5,2009-02-21,12:00:38 AM,00:00:00,Hot-Wet
15.41358948,-19.18214518,LA5,2009-02-21,12:20:38 AM,00:20:00,Hot-Wet
15.41408081,-19.18165487,LA5,2009-02-21,12:40:38 AM,00:40:00,Hot-Wet
15.41404317,-19.18128255,LA5,2009-02-21,01:00:38 AM,01:00:00,Hot-Wet
15.41316935,-19.18020833,LA5,2009-02-21,01:20:38 AM,01:20:00,Hot-Wet
15.4129425,-19.18021851,LA5,2009-02-21,01:40:38 AM,01:40:00,Hot-Wet
15.41096802,-19.17833252,LA5,2009-02-21,02:00:38 AM,02:00:00,Hot-Wet
15.41099752,-19.17710368,LA5,2009-02-21,02:20:38 AM,02:20:00,Hot-Wet
15.41165059,-19.17592367,LA5,2009-02-21,02:40:38 AM,02:40:00,Hot-Wet
15.41112671,-19.17492269,LA5,2009-02-21,03:00:38 AM,03:00:00,Hot-Wet
15.41056213,-19.17316081,LA5,2009-02-21,03:20:38 AM,03:20:00,Hot-Wet
15.41106466,-19.17285563,LA5,2009-02-21,03:40:38 AM,03:40:00,Hot-Wet
15.40883382,-19.16693319,LA5,2009-02-21,04:00:38 AM,04:00:00,Hot-Wet
15.40786235,-19.16490479,LA5,2009-02-21,04:20:38 AM,04:20:00,Hot-Wet
15.40826009,-19.16141357,LA5,2009-02-21,04:40:38 AM,04:40:00,Hot-Wet
15.4099294,-19.15961304,LA5,2009-02-21,05:00:38 AM,05:00:00,Hot-Wet
15.40992533,-19.15961914,LA5,2009-02-21,05:20:38 AM,05:20:00,Hot-Wet
15.4105011,-19.15869751,LA5,2009-02-21,05:40:38 AM,05:40:00,Hot-Wet
15.41050212,-19.15870158,LA5,2009-02-21,06:00:38 AM,06:00:00,Hot-Wet
15.41281128,-19.1587911,LA5,2009-02-21,06:20:38 AM,06:20:00,Hot-Wet
15.41281433,-19.1587911,LA5,2009-02-21,06:40:38 AM,06:40:00,Hot-Wet
15.41570536,-19.15871989,LA5,2009-02-21,07:00:38 AM,07:00:00,Hot-Wet
15.41570435,-19.15871989,LA5,2009-02-21,07:20:38 AM,07:20:00,Hot-Wet
15.4162679,-19.15940348,LA5,2009-02-21,07:40:38 AM,07:40:00,Hot-Wet
15.41627401,-19.15940552,LA5,2009-02-21,08:00:38 AM,08:00:00,Hot-Wet
15.41697184,-19.15939128,LA5,2009-02-21,08:20:38 AM,08:20:00,Hot-Wet
15.41697693,-19.15938721,LA5,2009-02-21,08:40:38 AM,08:40:00,Hot-Wet
15.41717834,-19.15942586,LA5,2009-02-21,09:00:38 AM,09:00:00,Hot-Wet
15.41684265,-19.15844116,LA5,2009-02-21,09:20:38 AM,09:20:00,Hot-Wet
15.41670939,-19.15796916,LA5,2009-02-21,09:40:38 AM,09:40:00,Hot-Wet
15.41637166,-19.15754395,LA5,2009-02-21,10:00:38 AM,10:00:00,Hot-Wet
15.41612549,-19.15807902,LA5,2009-02-21,10:20:38 AM,10:20:00,Hot-Wet
15.41681417,-19.15869954,LA5,2009-02-21,10:40:38 AM,10:40:00,Hot-Wet
15.41713562,-19.159139,LA5,2009-02-21,11:00:38 AM,11:00:00,Hot-Wet
15.41681315,-19.15869548,LA5,2009-02-21,11:20:38 AM,11:20:00,Hot-Wet
15.41677653,-19.15869751,LA5,2009-02-21,11:40:38 AM,11:40:00,Hot-Wet
15.4163442,-19.15807699,LA5,2009-02-21,12:00:38 PM,12:00:00,Hot-Wet
15.41300863,-19.15817871,LA5,2009-02-21,12:20:38 PM,12:20:00,Hot-Wet
15.41315816,-19.15971273,LA5,2009-02-21,12:40:38 PM,12:40:00,Hot-Wet
15.41317749,-19.15971273,LA5,2009-02-21,01:00:38 PM,13:00:00,Hot-Wet
15.41320801,-19.15969035,LA5,2009-02-21,01:20:38 PM,13:20:00,Hot-Wet
15.41313477,-19.15968424,LA5,2009-02-21,01:40:38 PM,13:40:00,Hot-Wet
15.41108805,-19.15831299,LA5,2009-02-21,02:00:38 PM,14:00:00,Hot-Wet
15.40387573,-19.15246379,LA5,2009-02-21,02:20:38 PM,14:20:00,Hot-Wet
15.40452576,-19.15376587,LA5,2009-02-21,02:40:38 PM,14:40:00,Hot-Wet
15.40600179,-19.15563354,LA5,2009-02-21,03:00:38 PM,15:00:00,Hot-Wet
15.40793457,-19.15752157,LA5,2009-02-21,03:20:38 PM,15:20:00,Hot-Wet
15.40771688,-19.15917562,LA5,2009-02-21,03:40:38 PM,15:40:00,Hot-Wet
15.40673319,-19.16065267,LA5,2009-02-21,04:00:38 PM,16:00:00,Hot-Wet
15.40652059,-19.16056315,LA5,2009-02-21,04:20:38 PM,16:20:00,Hot-Wet
15.40522766,-19.16091105,LA5,2009-02-21,04:40:38 PM,16:40:00,Hot-Wet
15.40421956,-19.16176147,LA5,2009-02-21,05:00:38 PM,17:00:00,Hot-Wet
15.40072123,-19.16074422,LA5,2009-02-21,05:20:38 PM,17:20:00,Hot-Wet
15.39771423,-19.15900879,LA5,2009-02-21,05:40:38 PM,17:40:00,Hot-Wet
15.39679972,-19.16053874,LA5,2009-02-21,06:00:38 PM,18:00:00,Hot-Wet
15.39229329,-19.15455322,LA5,2009-02-21,06:20:38 PM,18:20:00,Hot-Wet
15.38605957,-19.14868978,LA5,2009-02-21,06:40:38 PM,18:40:00,Hot-Wet
15.37803446,-19.14473063,LA5,2009-02-21,07:00:38 PM,19:00:00,Hot-Wet
15.36988118,-19.13914388,LA5,2009-02-21,07:20:38 PM,19:20:00,Hot-Wet
15.36539307,-19.13643392,LA5,2009-02-21,07:40:38 PM,19:40:00,Hot-Wet
15.36483459,-19.13568726,LA5,2009-02-21,08:00:38 PM,20:00:00,Hot-Wet
15.35911967,-19.13530273,LA5,2009-02-21,08:20:38 PM,20:20:00,Hot-Wet
15.35763652,-19.13498739,LA5,2009-02-21,08:40:38 PM,20:40:00,Hot-Wet
15.35577393,-19.13740641,LA5,2009-02-21,09:00:38 PM,21:00:00,Hot-Wet
15.35577087,-19.13740234,LA5,2009-02-21,09:20:38 PM,21:20:00,Hot-Wet
15.35608114,-19.13803914,LA5,2009-02-21,09:40:38 PM,21:40:00,Hot-Wet
15.35623474,-19.13857625,LA5,2009-02-21,10:00:38 PM,22:00:00,Hot-Wet
15.35482381,-19.14306844,LA5,2009-02-21,10:20:38 PM,22:20:00,Hot-Wet
15.35411479,-19.14427287,LA5,2009-02-21,10:40:38 PM,22:40:00,Hot-Wet
15.35433553,-19.14561971,LA5,2009-02-21,11:00:38 PM,23:00:00,Hot-Wet
15.35235392,-19.14928589,LA5,2009-02-21,11:20:38 PM,23:20:00,Hot-Wet
15.35073344,-19.15247803,LA5,2009-02-21,11:40:38 PM,23:40:00,Hot-Wet
15.34367269,-19.15584717,LA5,2009-02-22,12:00:38 AM,00:00:00,Hot-Wet
15.33550212,-19.1600708,LA5,2009-02-22,12:20:38 AM,00:20:00,Hot-Wet
15.32410583,-19.16382243,LA5,2009-02-22,12:40:38 AM,00:40:00,Hot-Wet
15.31346639,-19.16410319,LA5,2009-02-22,01:00:38 AM,01:00:00,Hot-Wet
15.30747375,-19.16537882,LA5,2009-02-22,01:20:38 AM,01:20:00,Hot-Wet
15.30240275,-19.1665507,LA5,2009-02-22,01:40:38 AM,01:40:00,Hot-Wet
15.29378866,-19.16892904,LA5,2009-02-22,02:00:38 AM,02:00:00,Hot-Wet
15.28407593,-19.17297974,LA5,2009-02-22,02:20:38 AM,02:20:00,Hot-Wet
15.2802063,-19.17395426,LA5,2009-02-22,02:40:38 AM,02:40:00,Hot-Wet
15.28002014,-19.17406616,LA5,2009-02-22,03:00:38 AM,03:00:00,Hot-Wet
15.2800293,-19.17407023,LA5,2009-02-22,03:20:38 AM,03:20:00,Hot-Wet
15.27984009,-19.17455648,LA5,2009-02-22,03:40:38 AM,03:40:00,Hot-Wet
15.27980245,-19.17489827,LA5,2009-02-22,04:00:38 AM,04:00:00,Hot-Wet
15.27978617,-19.17492269,LA5,2009-02-22,04:20:38 AM,04:20:00,Hot-Wet
15.27964986,-19.17509766,LA5,2009-02-22,04:40:38 AM,04:40:00,Hot-Wet
15.27929382,-19.17515869,LA5,2009-02-22,05:00:38 AM,05:00:00,Hot-Wet
15.27929077,-19.17515462,LA5,2009-02-22,05:20:38 AM,05:20:00,Hot-Wet
15.27940979,-19.17520955,LA5,2009-02-22,05:40:38 AM,05:40:00,Hot-Wet
15.27939555,-19.17522176,LA5,2009-02-22,06:00:38 AM,06:00:00,Hot-Wet
15.28260295,-19.17688192,LA5,2009-02-22,06:20:38 AM,06:20:00,Hot-Wet
15.28259176,-19.17688395,LA5,2009-02-22,06:40:38 AM,06:40:00,Hot-Wet
15.28878886,-19.17855835,LA5,2009-02-22,07:00:38 AM,07:00:00,Hot-Wet
15.28711446,-19.1770752,LA5,2009-02-22,07:20:38 AM,07:20:00,Hot-Wet
15.28712463,-19.17709554,LA5,2009-02-22,07:40:38 AM,07:40:00,Hot-Wet
15.28744405,-19.17665202,LA5,2009-02-22,08:00:38 AM,08:00:00,Hot-Wet
15.28808695,-19.17576904,LA5,2009-02-22,08:20:38 AM,08:20:00,Hot-Wet
15.28746643,-19.17516479,LA5,2009-02-22,08:40:38 AM,08:40:00,Hot-Wet
15.28519592,-19.17583008,LA5,2009-02-22,09:00:38 AM,09:00:00,Hot-Wet
15.28470662,-19.17686564,LA5,2009-02-22,09:20:38 AM,09:20:00,Hot-Wet
15.28542989,-19.1771993,LA5,2009-02-22,09:40:38 AM,09:40:00,Hot-Wet
15.28771973,-19.17689006,LA5,2009-02-22,10:00:38 AM,10:00:00,Hot-Wet
15.28777161,-19.17510579,LA5,2009-02-22,10:20:38 AM,10:20:00,Hot-Wet
15.29118347,-19.17298381,LA5,2009-02-22,10:40:38 AM,10:40:00,Hot-Wet
15.29599406,-19.17378337,LA5,2009-02-22,11:00:38 AM,11:00:00,Hot-Wet
15.2964447,-19.17503052,LA5,2009-02-22,11:20:38 AM,11:20:00,Hot-Wet
15.29670817,-19.17469279,LA5,2009-02-22,11:40:38 AM,11:40:00,Hot-Wet
15.29588623,-19.1743571,LA5,2009-02-22,12:00:38 PM,12:00:00,Hot-Wet
15.29588318,-19.17433065,LA5,2009-02-22,12:20:38 PM,12:20:00,Hot-Wet
15.29594523,-19.17472941,LA5,2009-02-22,12:40:38 PM,12:40:00,Hot-Wet
15.29588521,-19.17474976,LA5,2009-02-22,01:00:38 PM,13:00:00,Hot-Wet
15.29565328,-19.17536214,LA5,2009-02-22,01:20:38 PM,13:20:00,Hot-Wet
15.29561056,-19.1753479,LA5,2009-02-22,01:40:38 PM,13:40:00,Hot-Wet
15.29682109,-19.17594401,LA5,2009-02-22,02:00:38 PM,14:00:00,Hot-Wet
15.29632568,-19.17559814,LA5,2009-02-22,02:20:38 PM,14:20:00,Hot-Wet
15.29602153,-19.17340088,LA5,2009-02-22,02:40:38 PM,14:40:00,Hot-Wet
15.29183044,-19.17664388,LA5,2009-02-22,03:00:38 PM,15:00:00,Hot-Wet
15.29199117,-19.1774882,LA5,2009-02-22,03:20:38 PM,15:20:00,Hot-Wet
15.29167175,-19.17623698,LA5,2009-02-22,03:40:38 PM,15:40:00,Hot-Wet
15.29199829,-19.17914429,LA5,2009-02-22,04:00:38 PM,16:00:00,Hot-Wet
15.29110819,-19.18017578,LA5,2009-02-22,04:20:38 PM,16:20:00,Hot-Wet
15.28794352,-19.18209432,LA5,2009-02-22,04:40:38 PM,16:40:00,Hot-Wet
15.28702494,-19.18283895,LA5,2009-02-22,05:00:38 PM,17:00:00,Hot-Wet
15.28464559,-19.18113607,LA5,2009-02-22,05:20:38 PM,17:20:00,Hot-Wet
15.28174438,-19.17944743,LA5,2009-02-22,05:40:38 PM,17:40:00,Hot-Wet
15.27811178,-19.17545369,LA5,2009-02-22,06:00:38 PM,18:00:00,Hot-Wet
15.27148438,-19.17461955,LA5,2009-02-22,06:20:38 PM,18:20:00,Hot-Wet
15.26041158,-19.17608439,LA5,2009-02-22,06:40:38 PM,18:40:00,Hot-Wet
15.25480143,-19.17570801,LA5,2009-02-22,07:00:38 PM,19:00:00,Hot-Wet
15.24951172,-19.17462362,LA5,2009-02-22,07:20:38 PM,19:20:00,Hot-Wet
15.24627787,-19.17503662,LA5,2009-02-22,07:40:38 PM,19:40:00,Hot-Wet
15.24162292,-19.17626546,LA5,2009-02-22,08:00:38 PM,20:00:00,Hot-Wet
15.23936056,-19.17894491,LA5,2009-02-22,08:20:38 PM,20:20:00,Hot-Wet
15.23300781,-19.18012085,LA5,2009-02-22,08:40:38 PM,20:40:00,Hot-Wet
15.21351522,-19.18174845,LA5,2009-02-22,09:00:38 PM,21:00:00,Hot-Wet
15.21352844,-19.18175252,LA5,2009-02-22,09:20:38 PM,21:20:00,Hot-Wet
15.20789591,-19.18198039,LA5,2009-02-22,09:40:38 PM,21:40:00,Hot-Wet
15.20659993,-19.18227132,LA5,2009-02-22,10:00:38 PM,22:00:00,Hot-Wet
15.19719137,-19.18285726,LA5,2009-02-22,10:20:38 PM,22:20:00,Hot-Wet
15.19176331,-19.18380127,LA5,2009-02-22,10:40:38 PM,22:40:00,Hot-Wet
15.1854482,-19.18527425,LA5,2009-02-22,11:00:38 PM,23:00:00,Hot-Wet
15.1801239,-19.1932312,LA5,2009-02-22,11:20:38 PM,23:20:00,Hot-Wet
15.17997945,-19.19820557,LA5,2009-02-22,11:40:38 PM,23:40:00,Hot-Wet
15.17915243,-19.2007548,LA5,2009-02-23,12:00:38 AM,00:00:00,Hot-Wet
15.1806783,-19.20256144,LA5,2009-02-23,12:20:38 AM,00:20:00,Hot-Wet
15.18282776,-19.20288289,LA5,2009-02-23,12:40:38 AM,00:40:00,Hot-Wet
15.18219706,-19.20386759,LA5,2009-02-23,01:00:38 AM,01:00:00,Hot-Wet
15.18220113,-19.20494792,LA5,2009-02-23,01:20:38 AM,01:20:00,Hot-Wet
15.181073,-19.20604045,LA5,2009-02-23,01:40:38 AM,01:40:00,Hot-Wet
15.18028463,-19.20775553,LA5,2009-02-23,02:00:38 AM,02:00:00,Hot-Wet
15.17989705,-19.20777791,LA5,2009-02-23,02:20:38 AM,02:20:00,Hot-Wet
15.18028056,-19.20727336,LA5,2009-02-23,02:40:38 AM,02:40:00,Hot-Wet
15.18050639,-19.20714925,LA5,2009-02-23,03:00:38 AM,03:00:00,Hot-Wet
15.18045654,-19.20715942,LA5,2009-02-23,03:20:38 AM,03:20:00,Hot-Wet
15.18042501,-19.20714722,LA5,2009-02-23,03:40:38 AM,03:40:00,Hot-Wet
15.18042501,-19.2071106,LA5,2009-02-23,04:00:38 AM,04:00:00,Hot-Wet
15.18040975,-19.20713704,LA5,2009-02-23,04:20:38 AM,04:20:00,Hot-Wet
15.18204041,-19.20516764,LA5,2009-02-23,04:40:38 AM,04:40:00,Hot-Wet
15.18112488,-19.20194906,LA5,2009-02-23,05:00:38 AM,05:00:00,Hot-Wet
15.1862854,-19.20122681,LA5,2009-02-23,05:20:38 AM,05:20:00,Hot-Wet
15.18531087,-19.19883423,LA5,2009-02-23,05:40:38 AM,05:40:00,Hot-Wet
15.18313904,-19.19928792,LA5,2009-02-23,06:00:38 AM,06:00:00,Hot-Wet
15.18100688,-19.20034587,LA5,2009-02-23,06:20:38 AM,06:20:00,Hot-Wet
15.17943929,-19.20006104,LA5,2009-02-23,06:40:38 AM,06:40:00,Hot-Wet
15.1831543,-19.19743245,LA5,2009-02-23,07:00:38 AM,07:00:00,Hot-Wet
15.18458455,-19.19672445,LA5,2009-02-23,07:20:38 AM,07:20:00,Hot-Wet
15.18650208,-19.19747518,LA5,2009-02-23,07:40:38 AM,07:40:00,Hot-Wet
15.19431356,-19.1946818,LA5,2009-02-23,08:00:38 AM,08:00:00,Hot-Wet
15.19217631,-19.19146729,LA5,2009-02-23,08:20:38 AM,08:20:00,Hot-Wet
15.18535258,-19.18341878,LA5,2009-02-23,08:40:38 AM,08:40:00,Hot-Wet
15.1828359,-19.17566528,LA5,2009-02-23,09:00:38 AM,09:00:00,Hot-Wet
15.1806427,-19.16399536,LA5,2009-02-23,09:20:38 AM,09:20:00,Hot-Wet
15.17879639,-19.15477091,LA5,2009-02-23,09:40:38 AM,09:40:00,Hot-Wet
15.18061218,-19.14633179,LA5,2009-02-23,10:00:38 AM,10:00:00,Hot-Wet
15.17977091,-19.14009806,LA5,2009-02-23,10:20:38 AM,10:20:00,Hot-Wet
15.17767741,-19.13099569,LA5,2009-02-23,10:40:38 AM,10:40:00,Hot-Wet
15.17753805,-19.12269694,LA5,2009-02-23,11:00:38 AM,11:00:00,Hot-Wet
15.1746755,-19.11776326,LA5,2009-02-23,11:20:38 AM,11:20:00,Hot-Wet
15.17270406,-19.11302083,LA5,2009-02-23,11:40:38 AM,11:40:00,Hot-Wet
15.17604472,-19.10504761,LA5,2009-02-23,12:00:38 PM,12:00:00,Hot-Wet
15.1837321,-19.10211182,LA5,2009-02-23,12:20:38 PM,12:20:00,Hot-Wet
15.18510742,-19.10216064,LA5,2009-02-23,12:40:38 PM,12:40:00,Hot-Wet
15.18689473,-19.10203044,LA5,2009-02-23,01:00:38 PM,13:00:00,Hot-Wet
15.18943481,-19.10249837,LA5,2009-02-23,01:20:38 PM,13:20:00,Hot-Wet
15.18964233,-19.10282186,LA5,2009-02-23,01:40:38 PM,13:40:00,Hot-Wet
15.19006856,-19.10327148,LA5,2009-02-23,02:00:38 PM,14:00:00,Hot-Wet
15.18986918,-19.10182088,LA5,2009-02-23,02:20:38 PM,14:20:00,Hot-Wet
15.18835653,-19.09957072,LA5,2009-02-23,02:40:38 PM,14:40:00,Hot-Wet
15.18631287,-19.09820353,LA5,2009-02-23,03:00:38 PM,15:00:00,Hot-Wet
15.18383891,-19.09887492,LA5,2009-02-23,03:20:38 PM,15:20:00,Hot-Wet
15.18257141,-19.09979045,LA5,2009-02-23,03:40:38 PM,15:40:00,Hot-Wet
15.18109029,-19.10031128,LA5,2009-02-23,04:00:38 PM,16:00:00,Hot-Wet
15.18038432,-19.09991862,LA5,2009-02-23,04:20:38 PM,16:20:00,Hot-Wet
15.17878316,-19.10135498,LA5,2009-02-23,04:40:38 PM,16:40:00,Hot-Wet
15.17985229,-19.10406494,LA5,2009-02-23,05:00:38 PM,17:00:00,Hot-Wet
15.1810435,-19.10696615,LA5,2009-02-23,05:20:38 PM,17:20:00,Hot-Wet
15.17861938,-19.11225789,LA5,2009-02-23,05:40:38 PM,17:40:00,Hot-Wet
15.17250061,-19.11708781,LA5,2009-02-23,06:00:38 PM,18:00:00,Hot-Wet
15.16695251,-19.12173869,LA5,2009-02-23,06:20:38 PM,18:20:00,Hot-Wet
15.1665802,-19.12112427,LA5,2009-02-23,06:40:38 PM,18:40:00,Hot-Wet
15.16469421,-19.12543945,LA5,2009-02-23,07:00:38 PM,19:00:00,Hot-Wet
15.16259054,-19.12961019,LA5,2009-02-23,07:20:38 PM,19:20:00,Hot-Wet
15.15831706,-19.13368327,LA5,2009-02-23,07:40:38 PM,19:40:00,Hot-Wet
15.1548584,-19.13685099,LA5,2009-02-23,08:00:38 PM,20:00:00,Hot-Wet
15.15030924,-19.1396932,LA5,2009-02-23,08:20:38 PM,20:20:00,Hot-Wet
15.14961446,-19.13942668,LA5,2009-02-23,08:40:38 PM,20:40:00,Hot-Wet
15.1493571,-19.13955892,LA5,2009-02-23,09:00:38 PM,21:00:00,Hot-Wet
15.1493632,-19.13955892,LA5,2009-02-23,09:20:38 PM,21:20:00,Hot-Wet
15.14933472,-19.13955485,LA5,2009-02-23,09:40:38 PM,21:40:00,Hot-Wet
15.14965007,-19.1394165,LA5,2009-02-23,10:00:38 PM,22:00:00,Hot-Wet
15.14964803,-19.1394104,LA5,2009-02-23,10:20:38 PM,22:20:00,Hot-Wet
15.14962667,-19.13942057,LA5,2009-02-23,10:40:38 PM,22:40:00,Hot-Wet
15.1496287,-19.13944702,LA5,2009-02-23,11:00:38 PM,23:00:00,Hot-Wet
15.14962158,-19.13942464,LA5,2009-02-23,11:20:38 PM,23:20:00,Hot-Wet
15.14961243,-19.13942668,LA5,2009-02-23,11:40:38 PM,23:40:00,Hot-Wet
15.15003052,-19.13967285,LA5,2009-02-24,12:00:38 AM,00:00:00,Hot-Wet
15.15002645,-19.13967489,LA5,2009-02-24,12:20:38 AM,00:20:00,Hot-Wet
15.14978333,-19.14003499,LA5,2009-02-24,12:40:38 AM,00:40:00,Hot-Wet
15.14882507,-19.14217326,LA5,2009-02-24,01:00:38 AM,01:00:00,Hot-Wet
15.14869995,-19.14649658,LA5,2009-02-24,01:20:38 AM,01:20:00,Hot-Wet
15.15046794,-19.14946696,LA5,2009-02-24,01:40:38 AM,01:40:00,Hot-Wet
15.15050151,-19.15128581,LA5,2009-02-24,02:00:38 AM,02:00:00,Hot-Wet
15.15050659,-19.15125936,LA5,2009-02-24,02:20:38 AM,02:20:00,Hot-Wet
15.15029195,-19.15141398,LA5,2009-02-24,02:40:38 AM,02:40:00,Hot-Wet
15.14860331,-19.15088908,LA5,2009-02-24,03:00:38 AM,03:00:00,Hot-Wet
15.14743449,-19.15145467,LA5,2009-02-24,03:20:38 AM,03:20:00,Hot-Wet
15.14744873,-19.15147095,LA5,2009-02-24,03:40:38 AM,03:40:00,Hot-Wet
15.14743754,-19.15145671,LA5,2009-02-24,04:00:38 AM,04:00:00,Hot-Wet
15.14746908,-19.15149129,LA5,2009-02-24,04:20:38 AM,04:20:00,Hot-Wet
15.1474233,-19.15145874,LA5,2009-02-24,04:40:38 AM,04:40:00,Hot-Wet
15.14723002,-19.15143433,LA5,2009-02-24,05:00:38 AM,05:00:00,Hot-Wet
15.14722595,-19.15143229,LA5,2009-02-24,05:20:38 AM,05:20:00,Hot-Wet
15.14719747,-19.15140991,LA5,2009-02-24,05:40:38 AM,05:40:00,Hot-Wet
15.14699402,-19.1516215,LA5,2009-02-24,06:00:38 AM,06:00:00,Hot-Wet
15.14749756,-19.15152995,LA5,2009-02-24,06:20:38 AM,06:20:00,Hot-Wet
15.14749756,-19.15152995,LA5,2009-02-24,06:40:38 AM,06:40:00,Hot-Wet
15.14748739,-19.15134277,LA5,2009-02-24,07:00:38 AM,07:00:00,Hot-Wet
15.1446757,-19.15175781,LA5,2009-02-24,07:20:38 AM,07:20:00,Hot-Wet
15.14122009,-19.15183512,LA5,2009-02-24,07:40:38 AM,07:40:00,Hot-Wet
15.14000549,-19.15021769,LA5,2009-02-24,08:00:38 AM,08:00:00,Hot-Wet
15.13858541,-19.14262492,LA5,2009-02-24,08:20:38 AM,08:20:00,Hot-Wet
15.1365509,-19.13758138,LA5,2009-02-24,08:40:38 AM,08:40:00,Hot-Wet
15.13147786,-19.13737996,LA5,2009-02-24,09:00:38 AM,09:00:00,Hot-Wet
15.12846069,-19.13389893,LA5,2009-02-24,09:20:38 AM,09:20:00,Hot-Wet
15.12972616,-19.12892863,LA5,2009-02-24,09:40:38 AM,09:40:00,Hot-Wet
15.13070984,-19.12745768,LA5,2009-02-24,10:00:38 AM,10:00:00,Hot-Wet
15.13218994,-19.12530721,LA5,2009-02-24,10:20:38 AM,10:20:00,Hot-Wet
15.13538208,-19.12398682,LA5,2009-02-24,10:40:38 AM,10:40:00,Hot-Wet
15.13680929,-19.12069499,LA5,2009-02-24,11:00:38 AM,11:00:00,Hot-Wet
15.14000448,-19.11602173,LA5,2009-02-24,11:20:38 AM,11:20:00,Hot-Wet
15.14228007,-19.11442871,LA5,2009-02-24,11:40:38 AM,11:40:00,Hot-Wet
15.1423116,-19.11327311,LA5,2009-02-24,12:00:38 PM,12:00:00,Hot-Wet
15.14697774,-19.11205037,LA5,2009-02-24,12:20:38 PM,12:20:00,Hot-Wet
15.15275574,-19.1116923,LA5,2009-02-24,12:40:38 PM,12:40:00,Hot-Wet
15.15865885,-19.11105754,LA5,2009-02-24,01:00:38 PM,13:00:00,Hot-Wet
15.16249898,-19.10752767,LA5,2009-02-24,01:20:38 PM,13:20:00,Hot-Wet
15.16521403,-19.10567424,LA5,2009-02-24,01:40:38 PM,13:40:00,Hot-Wet
15.16553141,-19.1031901,LA5,2009-02-24,02:00:38 PM,14:00:00,Hot-Wet
15.16634827,-19.09987996,LA5,2009-02-24,02:20:38 PM,14:20:00,Hot-Wet
15.16629435,-19.0983195,LA5,2009-02-24,02:40:38 PM,14:40:00,Hot-Wet
15.16600647,-19.09559326,LA5,2009-02-24,03:00:38 PM,15:00:00,Hot-Wet
15.16475321,-19.09228719,LA5,2009-02-24,03:20:38 PM,15:20:00,Hot-Wet
15.16244507,-19.08919271,LA5,2009-02-24,03:40:38 PM,15:40:00,Hot-Wet
15.15755208,-19.08860881,LA5,2009-02-24,04:00:38 PM,16:00:00,Hot-Wet
15.15640055,-19.08789266,LA5,2009-02-24,04:20:38 PM,16:20:00,Hot-Wet
15.15490926,-19.08752441,LA5,2009-02-24,04:40:38 PM,16:40:00,Hot-Wet
15.15254313,-19.08720907,LA5,2009-02-24,05:00:38 PM,17:00:00,Hot-Wet
15.15147909,-19.08669637,LA5,2009-02-24,05:20:38 PM,17:20:00,Hot-Wet
15.14869893,-19.08868001,LA5,2009-02-24,05:40:38 PM,17:40:00,Hot-Wet
15.14376322,-19.08835653,LA5,2009-02-24,06:00:38 PM,18:00:00,Hot-Wet
15.14221395,-19.08846436,LA5,2009-02-24,06:20:38 PM,18:20:00,Hot-Wet
15.14090373,-19.08951213,LA5,2009-02-24,06:40:38 PM,18:40:00,Hot-Wet
15.13804626,-19.0907959,LA5,2009-02-24,07:00:38 PM,19:00:00,Hot-Wet
15.13394979,-19.09109701,LA5,2009-02-24,07:20:38 PM,19:20:00,Hot-Wet
15.13293152,-19.09151611,LA5,2009-02-24,07:40:38 PM,19:40:00,Hot-Wet
15.13157247,-19.09198608,LA5,2009-02-24,08:00:38 PM,20:00:00,Hot-Wet
15.13154297,-19.09325358,LA5,2009-02-24,08:20:38 PM,20:20:00,Hot-Wet
15.12989909,-19.09293213,LA5,2009-02-24,08:40:38 PM,20:40:00,Hot-Wet
15.12990011,-19.0929362,LA5,2009-02-24,09:00:38 PM,21:00:00,Hot-Wet
15.12866821,-19.09339803,LA5,2009-02-24,09:20:38 PM,21:20:00,Hot-Wet
15.12696025,-19.09302165,LA5,2009-02-24,09:40:38 PM,21:40:00,Hot-Wet
15.12616781,-19.09328817,LA5,2009-02-24,10:00:38 PM,22:00:00,Hot-Wet
15.12488505,-19.09324748,LA5,2009-02-24,10:20:38 PM,22:20:00,Hot-Wet
15.1250234,-19.09421794,LA5,2009-02-24,10:40:38 PM,22:40:00,Hot-Wet
15.1252299,-19.09538981,LA5,2009-02-24,11:00:38 PM,23:00:00,Hot-Wet
15.12579854,-19.09546916,LA5,2009-02-24,11:20:38 PM,23:20:00,Hot-Wet
15.12562256,-19.09550985,LA5,2009-02-24,11:40:38 PM,23:40:00,Hot-Wet
15.12563782,-19.09550171,LA5,2009-02-25,12:00:38 AM,00:00:00,Hot-Wet
15.1254893,-19.09569702,LA5,2009-02-25,12:20:38 AM,00:20:00,Hot-Wet
15.12550049,-19.09566447,LA5,2009-02-25,12:40:38 AM,00:40:00,Hot-Wet
15.12547506,-19.0957255,LA5,2009-02-25,01:00:38 AM,01:00:00,Hot-Wet
15.12548218,-19.09572144,LA5,2009-02-25,01:20:38 AM,01:20:00,Hot-Wet
15.12545878,-19.09572347,LA5,2009-02-25,01:40:38 AM,01:40:00,Hot-Wet
15.12547506,-19.09574585,LA5,2009-02-25,02:00:38 AM,02:00:00,Hot-Wet
15.12547709,-19.09574585,LA5,2009-02-25,02:20:38 AM,02:20:00,Hot-Wet
15.12530518,-19.09591878,LA5,2009-02-25,02:40:38 AM,02:40:00,Hot-Wet
15.12529907,-19.09590861,LA5,2009-02-25,03:00:38 AM,03:00:00,Hot-Wet
15.12532654,-19.09592692,LA5,2009-02-25,03:20:38 AM,03:20:00,Hot-Wet
15.12526347,-19.09587809,LA5,2009-02-25,03:40:38 AM,03:40:00,Hot-Wet
15.12425334,-19.09649455,LA5,2009-02-25,04:00:38 AM,04:00:00,Hot-Wet
15.12263184,-19.09881592,LA5,2009-02-25,04:20:38 AM,04:20:00,Hot-Wet
15.12263692,-19.09881388,LA5,2009-02-25,04:40:38 AM,04:40:00,Hot-Wet
15.12237956,-19.09974569,LA5,2009-02-25,05:00:38 AM,05:00:00,Hot-Wet
15.12185974,-19.09868774,LA5,2009-02-25,05:20:38 AM,05:20:00,Hot-Wet
15.12185669,-19.09868978,LA5,2009-02-25,05:40:38 AM,05:40:00,Hot-Wet
15.12030945,-19.09769694,LA5,2009-02-25,06:00:38 AM,06:00:00,Hot-Wet
15.1203064,-19.09769694,LA5,2009-02-25,06:20:38 AM,06:20:00,Hot-Wet
15.11964722,-19.09768677,LA5,2009-02-25,06:40:38 AM,06:40:00,Hot-Wet
15.11979675,-19.09659831,LA5,2009-02-25,07:00:38 AM,07:00:00,Hot-Wet
15.1197937,-19.09575399,LA5,2009-02-25,07:20:38 AM,07:20:00,Hot-Wet
15.11846517,-19.09522095,LA5,2009-02-25,07:40:38 AM,07:40:00,Hot-Wet
15.11894124,-19.0964091,LA5,2009-02-25,08:00:38 AM,08:00:00,Hot-Wet
15.11879883,-19.0965271,LA5,2009-02-25,08:20:38 AM,08:20:00,Hot-Wet
15.11722717,-19.09734497,LA5,2009-02-25,08:40:38 AM,08:40:00,Hot-Wet
15.11623942,-19.09871623,LA5,2009-02-25,09:00:38 AM,09:00:00,Hot-Wet
15.11417847,-19.09794515,LA5,2009-02-25,09:20:38 AM,09:20:00,Hot-Wet
15.11414083,-19.09811198,LA5,2009-02-25,09:40:38 AM,09:40:00,Hot-Wet
15.11388041,-19.09705811,LA5,2009-02-25,10:00:38 AM,10:00:00,Hot-Wet
15.11361186,-19.09578044,LA5,2009-02-25,10:20:38 AM,10:20:00,Hot-Wet
15.11694438,-19.09597371,LA5,2009-02-25,10:40:38 AM,10:40:00,Hot-Wet
15.11762288,-19.09425456,LA5,2009-02-25,11:00:38 AM,11:00:00,Hot-Wet
15.12105815,-19.09373983,LA5,2009-02-25,11:20:38 AM,11:20:00,Hot-Wet
15.12229716,-19.09448242,LA5,2009-02-25,11:40:38 AM,11:40:00,Hot-Wet
15.12367249,-19.09505412,LA5,2009-02-25,12:00:38 PM,12:00:00,Hot-Wet
15.12597249,-19.09601237,LA5,2009-02-25,12:20:38 PM,12:20:00,Hot-Wet
15.12497355,-19.0950175,LA5,2009-02-25,12:40:38 PM,12:40:00,Hot-Wet
15.12330729,-19.09377238,LA5,2009-02-25,01:00:38 PM,13:00:00,Hot-Wet
15.12197164,-19.09305216,LA5,2009-02-25,01:20:38 PM,13:20:00,Hot-Wet
15.12085978,-19.09065959,LA5,2009-02-25,01:40:38 PM,13:40:00,Hot-Wet
15.12146708,-19.08954875,LA5,2009-02-25,02:00:38 PM,14:00:00,Hot-Wet
15.1229187,-19.08967285,LA5,2009-02-25,02:20:38 PM,14:20:00,Hot-Wet
15.12521159,-19.08857218,LA5,2009-02-25,02:40:38 PM,14:40:00,Hot-Wet
15.12642314,-19.08859253,LA5,2009-02-25,03:00:38 PM,15:00:00,Hot-Wet
15.1260081,-19.08705648,LA5,2009-02-25,03:20:38 PM,15:20:00,Hot-Wet
15.1257192,-19.08682658,LA5,2009-02-25,03:40:38 PM,15:40:00,Hot-Wet
15.12359212,-19.08662313,LA5,2009-02-25,04:00:38 PM,16:00:00,Hot-Wet
15.12256571,-19.08424683,LA5,2009-02-25,04:20:38 PM,16:20:00,Hot-Wet
15.12203776,-19.08392131,LA5,2009-02-25,04:40:38 PM,16:40:00,Hot-Wet
15.12158101,-19.08228353,LA5,2009-02-25,05:00:38 PM,17:00:00,Hot-Wet
15.12039897,-19.08233439,LA5,2009-02-25,05:20:38 PM,17:20:00,Hot-Wet
15.1196106,-19.08198446,LA5,2009-02-25,05:40:38 PM,17:40:00,Hot-Wet
15.1166921,-19.08038127,LA5,2009-02-25,06:00:38 PM,18:00:00,Hot-Wet
15.11436361,-19.08086548,LA5,2009-02-25,06:20:38 PM,18:20:00,Hot-Wet
15.11173299,-19.08319906,LA5,2009-02-25,06:40:38 PM,18:40:00,Hot-Wet
15.1138855,-19.08480225,LA5,2009-02-25,07:00:38 PM,19:00:00,Hot-Wet
15.11388041,-19.08479818,LA5,2009-02-25,07:20:38 PM,19:20:00,Hot-Wet
15.11670532,-19.08718872,LA5,2009-02-25,07:40:38 PM,19:40:00,Hot-Wet
15.1175059,-19.08911947,LA5,2009-02-25,08:00:38 PM,20:00:00,Hot-Wet
15.11793823,-19.09117635,LA5,2009-02-25,08:20:38 PM,20:20:00,Hot-Wet
15.11659851,-19.094045,LA5,2009-02-25,08:40:38 PM,20:40:00,Hot-Wet
15.1166036,-19.09404704,LA5,2009-02-25,09:00:38 PM,21:00:00,Hot-Wet
15.11395772,-19.09721883,LA5,2009-02-25,09:20:38 PM,21:20:00,Hot-Wet
15.11396993,-19.09721883,LA5,2009-02-25,09:40:38 PM,21:40:00,Hot-Wet
15.11325378,-19.09726563,LA5,2009-02-25,10:00:38 PM,22:00:00,Hot-Wet
15.11288045,-19.09784546,LA5,2009-02-25,10:20:38 PM,22:20:00,Hot-Wet
15.11350403,-19.09859416,LA5,2009-02-25,10:40:46 PM,22:40:00,Hot-Wet
15.11443075,-19.09952596,LA5,2009-02-25,11:00:38 PM,23:00:00,Hot-Wet
15.11445313,-19.09953613,LA5,2009-02-25,11:20:38 PM,23:20:00,Hot-Wet
15.11439718,-19.09951375,LA5,2009-02-25,11:40:38 PM,23:40:00,Hot-Wet
15.11471456,-19.10011393,LA5,2009-02-26,12:00:38 AM,00:00:00,Hot-Wet
15.11471761,-19.10012004,LA5,2009-02-26,12:20:38 AM,00:20:00,Hot-Wet
15.11473999,-19.10019938,LA5,2009-02-26,12:40:38 AM,00:40:00,Hot-Wet
15.11473185,-19.10021973,LA5,2009-02-26,01:00:38 AM,01:00:00,Hot-Wet
15.11475321,-19.10021159,LA5,2009-02-26,01:20:38 AM,01:20:00,Hot-Wet
15.11475728,-19.10021159,LA5,2009-02-26,01:40:38 AM,01:40:00,Hot-Wet
15.1147227,-19.10018921,LA5,2009-02-26,02:00:38 AM,02:00:00,Hot-Wet
15.11477254,-19.10019531,LA5,2009-02-26,02:20:38 AM,02:20:00,Hot-Wet
15.11479085,-19.10016073,LA5,2009-02-26,02:40:38 AM,02:40:00,Hot-Wet
15.11478373,-19.10013835,LA5,2009-02-26,03:00:38 AM,03:00:00,Hot-Wet
15.11478678,-19.10013631,LA5,2009-02-26,03:20:38 AM,03:20:00,Hot-Wet
15.11477153,-19.10013428,LA5,2009-02-26,03:40:38 AM,03:40:00,Hot-Wet
15.11526998,-19.09989217,LA5,2009-02-26,04:00:38 AM,04:00:00,Hot-Wet
15.11517537,-19.09887288,LA5,2009-02-26,04:20:38 AM,04:20:00,Hot-Wet
15.11493835,-19.09861043,LA5,2009-02-26,04:40:38 AM,04:40:00,Hot-Wet
15.1149292,-19.09861043,LA5,2009-02-26,05:00:38 AM,05:00:00,Hot-Wet
15.11708679,-19.09689941,LA5,2009-02-26,05:20:38 AM,05:20:00,Hot-Wet
15.11708476,-19.09689738,LA5,2009-02-26,05:40:38 AM,05:40:00,Hot-Wet
15.12113241,-19.09680379,LA5,2009-02-26,06:00:38 AM,06:00:00,Hot-Wet
15.12113647,-19.09680786,LA5,2009-02-26,06:20:38 AM,06:20:00,Hot-Wet
15.1216746,-19.09653727,LA5,2009-02-26,06:40:38 AM,06:40:00,Hot-Wet
15.12101034,-19.09593913,LA5,2009-02-26,07:00:38 AM,07:00:00,Hot-Wet
15.12072652,-19.09636841,LA5,2009-02-26,07:20:38 AM,07:20:00,Hot-Wet
15.12235819,-19.09730428,LA5,2009-02-26,07:40:38 AM,07:40:00,Hot-Wet
15.12223816,-19.09807739,LA5,2009-02-26,08:00:38 AM,08:00:00,Hot-Wet
15.12223206,-19.09807332,LA5,2009-02-26,08:20:38 AM,08:20:00,Hot-Wet
15.12303365,-19.09927572,LA5,2009-02-26,08:40:38 AM,08:40:00,Hot-Wet
15.12194621,-19.09960531,LA5,2009-02-26,09:00:38 AM,09:00:00,Hot-Wet
15.12237651,-19.0975769,LA5,2009-02-26,09:20:38 AM,09:20:00,Hot-Wet
15.12249858,-19.09637044,LA5,2009-02-26,09:40:38 AM,09:40:00,Hot-Wet
15.12208659,-19.0957194,LA5,2009-02-26,10:00:38 AM,10:00:00,Hot-Wet
15.12139791,-19.09553019,LA5,2009-02-26,10:20:38 AM,10:20:00,Hot-Wet
15.12351786,-19.0939799,LA5,2009-02-26,10:40:38 AM,10:40:00,Hot-Wet
15.12909241,-19.0975118,LA5,2009-02-26,11:00:38 AM,11:00:00,Hot-Wet
15.13664958,-19.10371704,LA5,2009-02-26,11:20:38 AM,11:20:00,Hot-Wet
15.1359965,-19.10857951,LA5,2009-02-26,11:40:38 AM,11:40:00,Hot-Wet
15.13362732,-19.11021525,LA5,2009-02-26,12:00:38 PM,12:00:00,Hot-Wet
15.12705282,-19.10905151,LA5,2009-02-26,12:20:38 PM,12:20:00,Hot-Wet
15.12192993,-19.10562948,LA5,2009-02-26,12:40:38 PM,12:40:00,Hot-Wet
15.11813354,-19.1018453,LA5,2009-02-26,01:00:38 PM,13:00:00,Hot-Wet
15.11673075,-19.10137939,LA5,2009-02-26,01:20:38 PM,13:20:00,Hot-Wet
15.11501872,-19.10315959,LA5,2009-02-26,01:40:38 PM,13:40:00,Hot-Wet
15.11258647,-19.10500285,LA5,2009-02-26,02:00:38 PM,14:00:00,Hot-Wet
15.10815531,-19.10662231,LA5,2009-02-26,02:20:38 PM,14:20:00,Hot-Wet
15.10533549,-19.10579427,LA5,2009-02-26,02:40:38 PM,14:40:00,Hot-Wet
15.10403951,-19.10312297,LA5,2009-02-26,03:00:38 PM,15:00:00,Hot-Wet
15.10543416,-19.10205892,LA5,2009-02-26,03:20:38 PM,15:20:00,Hot-Wet
15.10772196,-19.10100911,LA5,2009-02-26,03:40:38 PM,15:40:00,Hot-Wet
15.10881144,-19.10175578,LA5,2009-02-26,04:00:38 PM,16:00:00,Hot-Wet
15.10901693,-19.10318807,LA5,2009-02-26,04:20:38 PM,16:20:00,Hot-Wet
15.11082052,-19.10443929,LA5,2009-02-26,04:40:38 PM,16:40:00,Hot-Wet
15.11219076,-19.10732422,LA5,2009-02-26,05:00:38 PM,17:00:00,Hot-Wet
15.11183675,-19.10998942,LA5,2009-02-26,05:20:38 PM,17:20:00,Hot-Wet
15.11335144,-19.11497192,LA5,2009-02-26,05:40:38 PM,17:40:00,Hot-Wet
15.11334941,-19.11497599,LA5,2009-02-26,06:00:38 PM,18:00:00,Hot-Wet
15.11619364,-19.11488444,LA5,2009-02-26,06:20:38 PM,18:20:00,Hot-Wet
15.12182109,-19.11709391,LA5,2009-02-26,06:40:38 PM,18:40:00,Hot-Wet
15.12238566,-19.12397257,LA5,2009-02-26,07:00:38 PM,19:00:00,Hot-Wet
15.12190145,-19.12902018,LA5,2009-02-26,07:20:38 PM,19:20:00,Hot-Wet
15.11858724,-19.13370565,LA5,2009-02-26,07:40:38 PM,19:40:00,Hot-Wet
15.11666768,-19.13665161,LA5,2009-02-26,08:00:38 PM,20:00:00,Hot-Wet
15.1146993,-19.13897502,LA5,2009-02-26,08:20:38 PM,20:20:00,Hot-Wet
15.1131958,-19.14121908,LA5,2009-02-26,08:40:38 PM,20:40:00,Hot-Wet
15.11183268,-19.14406535,LA5,2009-02-26,09:00:38 PM,21:00:00,Hot-Wet
15.1081838,-19.15061239,LA5,2009-02-26,09:20:38 PM,21:20:00,Hot-Wet
15.10819194,-19.15061239,LA5,2009-02-26,09:40:38 PM,21:40:00,Hot-Wet
15.10637614,-19.15536499,LA5,2009-02-26,10:00:38 PM,22:00:00,Hot-Wet
15.10543823,-19.15987549,LA5,2009-02-26,10:20:38 PM,22:20:00,Hot-Wet
15.10397441,-19.16668091,LA5,2009-02-26,10:40:38 PM,22:40:00,Hot-Wet
15.10476583,-19.1763326,LA5,2009-02-26,11:00:38 PM,23:00:00,Hot-Wet
15.10707499,-19.17973226,LA5,2009-02-26,11:20:38 PM,23:20:00,Hot-Wet
15.10631307,-19.18093058,LA5,2009-02-26,11:40:38 PM,23:40:00,Hot-Wet
15.10730286,-19.18224284,LA5,2009-02-27,12:00:38 AM,00:00:00,Hot-Wet
15.1080953,-19.18338216,LA5,2009-02-27,12:20:38 AM,00:20:00,Hot-Wet
15.10831706,-19.18381958,LA5,2009-02-27,12:40:45 AM,00:40:00,Hot-Wet
15.10830587,-19.18382365,LA5,2009-02-27,01:00:38 AM,01:00:00,Hot-Wet
15.1082428,-19.18383179,LA5,2009-02-27,01:20:38 AM,01:20:00,Hot-Wet
15.1089976,-19.18429972,LA5,2009-02-27,01:40:38 AM,01:40:00,Hot-Wet
15.10979919,-19.18437907,LA5,2009-02-27,02:00:38 AM,02:00:00,Hot-Wet
15.11030477,-19.18393351,LA5,2009-02-27,02:20:38 AM,02:20:00,Hot-Wet
15.11047058,-19.18510539,LA5,2009-02-27,02:40:38 AM,02:40:00,Hot-Wet
15.11052144,-19.18516439,LA5,2009-02-27,03:00:38 AM,03:00:00,Hot-Wet
15.1105072,-19.18514811,LA5,2009-02-27,03:20:38 AM,03:20:00,Hot-Wet
15.11048686,-19.18516846,LA5,2009-02-27,03:40:38 AM,03:40:00,Hot-Wet
15.11049194,-19.18512573,LA5,2009-02-27,04:00:38 AM,04:00:00,Hot-Wet
15.11052246,-19.18514811,LA5,2009-02-27,04:20:38 AM,04:20:00,Hot-Wet
15.11268616,-19.18424479,LA5,2009-02-27,04:40:38 AM,04:40:00,Hot-Wet
15.11269023,-19.18424886,LA5,2009-02-27,05:00:38 AM,05:00:00,Hot-Wet
15.11796366,-19.18146769,LA5,2009-02-27,05:20:38 AM,05:20:00,Hot-Wet
15.12285563,-19.17470093,LA5,2009-02-27,05:40:38 AM,05:40:00,Hot-Wet
15.13523865,-19.15852865,LA5,2009-02-27,06:00:38 AM,06:00:00,Hot-Wet
15.13523966,-19.15853475,LA5,2009-02-27,06:20:38 AM,06:20:00,Hot-Wet
15.14245809,-19.14999797,LA5,2009-02-27,06:40:38 AM,06:40:00,Hot-Wet
15.14730733,-19.14205729,LA5,2009-02-27,07:00:38 AM,07:00:00,Hot-Wet
15.15123698,-19.13121338,LA5,2009-02-27,07:20:38 AM,07:20:00,Hot-Wet
15.1566508,-19.12131348,LA5,2009-02-27,07:40:38 AM,07:40:00,Hot-Wet
15.16599833,-19.11589559,LA5,2009-02-27,08:00:38 AM,08:00:00,Hot-Wet
15.17416382,-19.11088053,LA5,2009-02-27,08:20:38 AM,08:20:00,Hot-Wet
15.1807607,-19.10607707,LA5,2009-02-27,08:40:38 AM,08:40:00,Hot-Wet
15.18331299,-19.10302327,LA5,2009-02-27,09:00:38 AM,09:00:00,Hot-Wet
15.18440653,-19.10267944,LA5,2009-02-27,09:20:38 AM,09:20:00,Hot-Wet
15.18530477,-19.10109863,LA5,2009-02-27,09:40:38 AM,09:40:00,Hot-Wet
15.18280029,-19.09844971,LA5,2009-02-27,10:00:38 AM,10:00:00,Hot-Wet
15.1812144,-19.09774577,LA5,2009-02-27,10:20:38 AM,10:20:00,Hot-Wet
15.18245443,-19.09313558,LA5,2009-02-27,10:40:38 AM,10:40:00,Hot-Wet
15.18543599,-19.09409383,LA5,2009-02-27,11:00:38 AM,11:00:00,Hot-Wet
15.18870341,-19.09507853,LA5,2009-02-27,11:20:38 AM,11:20:00,Hot-Wet
15.19109904,-19.09385986,LA5,2009-02-27,11:40:38 AM,11:40:00,Hot-Wet
15.19440104,-19.0928772,LA5,2009-02-27,12:00:38 PM,12:00:00,Hot-Wet
15.19550476,-19.09590251,LA5,2009-02-27,12:20:38 PM,12:20:00,Hot-Wet
15.19739685,-19.09810181,LA5,2009-02-27,12:40:38 PM,12:40:00,Hot-Wet
15.20416361,-19.09248454,LA5,2009-02-27,01:00:38 PM,13:00:00,Hot-Wet
15.20416158,-19.0924825,LA5,2009-02-27,01:20:38 PM,13:20:00,Hot-Wet
15.20926921,-19.09332886,LA5,2009-02-27,01:40:38 PM,13:40:00,Hot-Wet
15.21492513,-19.09465129,LA5,2009-02-27,02:00:38 PM,14:00:00,Hot-Wet
15.21537476,-19.09584757,LA5,2009-02-27,02:20:38 PM,14:20:00,Hot-Wet
15.21665853,-19.09736735,LA5,2009-02-27,02:40:38 PM,14:40:00,Hot-Wet
15.21745809,-19.09814657,LA5,2009-02-27,03:00:38 PM,15:00:00,Hot-Wet
15.22248433,-19.09679362,LA5,2009-02-27,03:20:38 PM,15:20:00,Hot-Wet
15.22377319,-19.09629313,LA5,2009-02-27,03:40:38 PM,15:40:00,Hot-Wet
15.2240743,-19.09697673,LA5,2009-02-27,04:00:38 PM,16:00:00,Hot-Wet
15.22918599,-19.09798991,LA5,2009-02-27,04:20:38 PM,16:20:00,Hot-Wet
15.22918599,-19.09798584,LA5,2009-02-27,04:40:38 PM,16:40:00,Hot-Wet
15.22912903,-19.0980306,LA5,2009-02-27,05:00:38 PM,17:00:00,Hot-Wet
15.22890625,-19.09784953,LA5,2009-02-27,05:20:38 PM,17:20:00,Hot-Wet
15.23034261,-19.09940592,LA5,2009-02-27,05:40:38 PM,17:40:00,Hot-Wet
15.23215332,-19.09887899,LA5,2009-02-27,06:00:38 PM,18:00:00,Hot-Wet
15.23302714,-19.09776204,LA5,2009-02-27,06:20:38 PM,18:20:00,Hot-Wet
15.23466695,-19.09378459,LA5,2009-02-27,06:40:38 PM,18:40:00,Hot-Wet
15.23618164,-19.09293416,LA5,2009-02-27,07:00:38 PM,19:00:00,Hot-Wet
15.23713277,-19.09309285,LA5,2009-02-27,07:20:38 PM,19:20:00,Hot-Wet
15.23644714,-19.09143066,LA5,2009-02-27,07:40:38 PM,19:40:00,Hot-Wet
15.2371582,-19.08945516,LA5,2009-02-27,08:00:38 PM,20:00:00,Hot-Wet
15.23886414,-19.09142253,LA5,2009-02-27,08:20:38 PM,20:20:00,Hot-Wet
15.2380422,-19.09449666,LA5,2009-02-27,08:40:38 PM,20:40:00,Hot-Wet
15.23620097,-19.09669189,LA5,2009-02-27,09:00:38 PM,21:00:00,Hot-Wet
15.23619995,-19.09669393,LA5,2009-02-27,09:20:38 PM,21:20:00,Hot-Wet
15.23552551,-19.09747111,LA5,2009-02-27,09:40:38 PM,21:40:00,Hot-Wet
15.23458659,-19.09796753,LA5,2009-02-27,10:00:38 PM,22:00:00,Hot-Wet
15.2334137,-19.10008748,LA5,2009-02-27,10:20:38 PM,22:20:00,Hot-Wet
15.2336436,-19.10107015,LA5,2009-02-27,10:40:38 PM,22:40:00,Hot-Wet
15.23229167,-19.10446167,LA5,2009-02-27,11:00:38 PM,23:00:00,Hot-Wet
15.23167114,-19.10578206,LA5,2009-02-27,11:20:38 PM,23:20:00,Hot-Wet
15.23172099,-19.10578817,LA5,2009-02-27,11:40:38 PM,23:40:00,Hot-Wet
15.23172913,-19.10579224,LA5,2009-02-28,12:00:38 AM,00:00:00,Hot-Wet
15.23171997,-19.10581258,LA5,2009-02-28,12:20:38 AM,00:20:00,Hot-Wet
15.23169963,-19.10581462,LA5,2009-02-28,12:40:38 AM,00:40:00,Hot-Wet
15.23165894,-19.10577393,LA5,2009-02-28,01:00:38 AM,01:00:00,Hot-Wet
15.23165487,-19.10577596,LA5,2009-02-28,01:20:38 AM,01:20:00,Hot-Wet
15.23162333,-19.10581258,LA5,2009-02-28,01:40:38 AM,01:40:00,Hot-Wet
15.231604,-19.10580444,LA5,2009-02-28,02:00:45 AM,02:00:00,Hot-Wet
15.23162333,-19.10575765,LA5,2009-02-28,02:20:38 AM,02:20:00,Hot-Wet
15.23163452,-19.10577393,LA5,2009-02-28,02:40:38 AM,02:40:00,Hot-Wet
15.23161519,-19.10578206,LA5,2009-02-28,03:00:38 AM,03:00:00,Hot-Wet
15.23164876,-19.10580444,LA5,2009-02-28,03:20:38 AM,03:20:00,Hot-Wet
15.23164571,-19.10580648,LA5,2009-02-28,03:40:38 AM,03:40:00,Hot-Wet
15.23166097,-19.10579631,LA5,2009-02-28,04:00:38 AM,04:00:00,Hot-Wet
15.23165283,-19.10575765,LA5,2009-02-28,04:20:38 AM,04:20:00,Hot-Wet
15.22956848,-19.10328776,LA5,2009-02-28,04:40:38 AM,04:40:00,Hot-Wet
15.22957357,-19.10328573,LA5,2009-02-28,05:00:38 AM,05:00:00,Hot-Wet
15.22782084,-19.10250651,LA5,2009-02-28,05:20:38 AM,05:20:00,Hot-Wet
15.22782694,-19.10251261,LA5,2009-02-28,05:40:38 AM,05:40:00,Hot-Wet
15.22585754,-19.10043945,LA5,2009-02-28,06:00:38 AM,06:00:00,Hot-Wet
15.22585551,-19.10044352,LA5,2009-02-28,06:20:38 AM,06:20:00,Hot-Wet
15.22652486,-19.10016886,LA5,2009-02-28,06:40:38 AM,06:40:00,Hot-Wet
15.22486369,-19.09943848,LA5,2009-02-28,07:00:38 AM,07:00:00,Hot-Wet
15.22482707,-19.09933268,LA5,2009-02-28,07:20:38 AM,07:20:00,Hot-Wet
15.22574259,-19.09917399,LA5,2009-02-28,07:40:38 AM,07:40:00,Hot-Wet
15.22729594,-19.09886475,LA5,2009-02-28,08:00:38 AM,08:00:00,Hot-Wet
15.22684835,-19.09766235,LA5,2009-02-28,08:20:38 AM,08:20:00,Hot-Wet
15.22614441,-19.09693604,LA5,2009-02-28,08:40:38 AM,08:40:00,Hot-Wet
15.22515971,-19.09649251,LA5,2009-02-28,09:00:38 AM,09:00:00,Hot-Wet
15.22404277,-19.09696248,LA5,2009-02-28,09:20:38 AM,09:20:00,Hot-Wet
15.22373454,-19.09668986,LA5,2009-02-28,09:40:38 AM,09:40:00,Hot-Wet
15.22304484,-19.09622803,LA5,2009-02-28,10:00:38 AM,10:00:00,Hot-Wet
15.22315572,-19.09707845,LA5,2009-02-28,10:20:38 AM,10:20:00,Hot-Wet
15.224587,-19.09830322,LA5,2009-02-28,10:40:38 AM,10:40:00,Hot-Wet
15.22403768,-19.09972331,LA5,2009-02-28,11:00:38 AM,11:00:00,Hot-Wet
15.22353719,-19.09910482,LA5,2009-02-28,11:20:38 AM,11:20:00,Hot-Wet
15.22552389,-19.0983785,LA5,2009-02-28,11:40:38 AM,11:40:00,Hot-Wet
15.2276062,-19.09921875,LA5,2009-02-28,12:00:38 PM,12:00:00,Hot-Wet
15.22835185,-19.10161133,LA5,2009-02-28,12:20:38 PM,12:20:00,Hot-Wet
15.22871806,-19.10285645,LA5,2009-02-28,12:40:38 PM,12:40:00,Hot-Wet
15.2295461,-19.10244141,LA5,2009-02-28,01:00:38 PM,13:00:00,Hot-Wet
15.22999064,-19.1022644,LA5,2009-02-28,01:20:38 PM,13:20:00,Hot-Wet
15.2295634,-19.10060018,LA5,2009-02-28,01:40:38 PM,13:40:00,Hot-Wet
15.22884521,-19.09963379,LA5,2009-02-28,02:00:38 PM,14:00:00,Hot-Wet
15.22819722,-19.09878743,LA5,2009-02-28,02:20:38 PM,14:20:00,Hot-Wet
15.23020223,-19.09604492,LA5,2009-02-28,02:40:38 PM,14:40:00,Hot-Wet
15.22922567,-19.09531453,LA5,2009-02-28,03:00:38 PM,15:00:00,Hot-Wet
15.22911174,-19.09603271,LA5,2009-02-28,03:20:38 PM,15:20:00,Hot-Wet
15.2294342,-19.09609782,LA5,2009-02-28,03:40:38 PM,15:40:00,Hot-Wet
15.23157349,-19.09640503,LA5,2009-02-28,04:00:38 PM,16:00:00,Hot-Wet
15.23098857,-19.09741211,LA5,2009-02-28,04:20:38 PM,16:20:00,Hot-Wet
15.2313029,-19.09860026,LA5,2009-02-28,04:40:38 PM,16:40:00,Hot-Wet
15.23309021,-19.10171712,LA5,2009-02-28,05:00:38 PM,17:00:00,Hot-Wet
15.23311869,-19.10759888,LA5,2009-02-28,05:20:38 PM,17:20:00,Hot-Wet
15.23225606,-19.11378174,LA5,2009-02-28,05:40:38 PM,17:40:00,Hot-Wet
15.23248088,-19.11860352,LA5,2009-02-28,06:00:38 PM,18:00:00,Hot-Wet
15.23299357,-19.12332967,LA5,2009-02-28,06:20:38 PM,18:20:00,Hot-Wet
15.23332825,-19.12935588,LA5,2009-02-28,06:40:38 PM,18:40:00,Hot-Wet
15.23332723,-19.12935791,LA5,2009-02-28,07:00:38 PM,19:00:00,Hot-Wet
15.23639933,-19.13322754,LA5,2009-02-28,07:20:38 PM,19:20:00,Hot-Wet
15.24254456,-19.13632406,LA5,2009-02-28,07:40:38 PM,19:40:00,Hot-Wet
15.24336751,-19.13723551,LA5,2009-02-28,08:00:38 PM,20:00:00,Hot-Wet
15.24440816,-19.13723348,LA5,2009-02-28,08:20:38 PM,20:20:00,Hot-Wet
15.2444102,-19.13722941,LA5,2009-02-28,08:40:38 PM,20:40:00,Hot-Wet
15.24491069,-19.13696899,LA5,2009-02-28,09:00:38 PM,21:00:00,Hot-Wet
15.24491781,-19.13693644,LA5,2009-02-28,09:20:38 PM,21:20:00,Hot-Wet
15.24491882,-19.13694458,LA5,2009-02-28,09:40:38 PM,21:40:00,Hot-Wet
15.24491882,-19.13693441,LA5,2009-02-28,10:00:38 PM,22:00:00,Hot-Wet
15.24503174,-19.1368042,LA5,2009-02-28,10:20:38 PM,22:20:00,Hot-Wet
15.24506938,-19.13674316,LA5,2009-02-28,10:40:38 PM,22:40:00,Hot-Wet
15.24506734,-19.13675741,LA5,2009-02-28,11:00:38 PM,23:00:00,Hot-Wet
15.24508769,-19.1367513,LA5,2009-02-28,11:20:38 PM,23:20:00,Hot-Wet
15.24503174,-19.1367452,LA5,2009-02-28,11:40:38 PM,23:40:00,Hot-Wet
15.24627991,-19.1357666,LA5,2009-03-01,12:00:00 AM,00:00:00,Hot-Wet
15.24647827,-19.13487549,LA5,2009-03-01,12:20:00 AM,00:20:00,Hot-Wet
15.24647929,-19.13489176,LA5,2009-03-01,12:40:00 AM,00:40:00,Hot-Wet
15.24646606,-19.13485921,LA5,2009-03-01,01:00:00 AM,01:00:00,Hot-Wet
15.24645691,-19.13486532,LA5,2009-03-01,01:20:00 AM,01:20:00,Hot-Wet
15.24645996,-19.13488973,LA5,2009-03-01,01:40:00 AM,01:40:00,Hot-Wet
15.24646912,-19.13484701,LA5,2009-03-01,02:00:00 AM,02:00:00,Hot-Wet
15.24645691,-19.13486125,LA5,2009-03-01,02:20:00 AM,02:20:00,Hot-Wet
15.24645894,-19.13486125,LA5,2009-03-01,02:40:00 AM,02:40:00,Hot-Wet
15.24646505,-19.13486938,LA5,2009-03-01,03:00:00 AM,03:00:00,Hot-Wet
15.24646708,-19.13484701,LA5,2009-03-01,03:20:00 AM,03:20:00,Hot-Wet
15.24636434,-19.13486532,LA5,2009-03-01,03:40:00 AM,03:40:00,Hot-Wet
15.24621785,-19.13476359,LA5,2009-03-01,04:00:00 AM,04:00:00,Hot-Wet
15.2462148,-19.13475952,LA5,2009-03-01,04:20:00 AM,04:20:00,Hot-Wet
15.24613241,-19.13475342,LA5,2009-03-01,04:40:00 AM,04:40:00,Hot-Wet
15.24606934,-19.13442993,LA5,2009-03-01,05:00:00 AM,05:00:00,Hot-Wet
15.24518941,-19.12948201,LA5,2009-03-01,05:20:00 AM,05:20:00,Hot-Wet
15.24269613,-19.1238973,LA5,2009-03-01,05:40:00 AM,05:40:00,Hot-Wet
15.23891398,-19.11960653,LA5,2009-03-01,06:00:00 AM,06:00:00,Hot-Wet
15.2346283,-19.11472575,LA5,2009-03-01,06:20:00 AM,06:20:00,Hot-Wet
15.23464457,-19.11473185,LA5,2009-03-01,06:40:00 AM,06:40:00,Hot-Wet
15.23239543,-19.11089274,LA5,2009-03-01,07:00:00 AM,07:00:00,Hot-Wet
15.23118896,-19.10709025,LA5,2009-03-01,07:20:00 AM,07:20:00,Hot-Wet
15.22965291,-19.10534465,LA5,2009-03-01,07:40:00 AM,07:40:00,Hot-Wet
15.22880452,-19.10283407,LA5,2009-03-01,08:00:00 AM,08:00:00,Hot-Wet
15.22826029,-19.10138346,LA5,2009-03-01,08:20:00 AM,08:20:00,Hot-Wet
15.22824707,-19.10138957,LA5,2009-03-01,08:40:00 AM,08:40:00,Hot-Wet
15.22833354,-19.10053914,LA5,2009-03-01,09:00:00 AM,09:00:00,Hot-Wet
15.22833252,-19.10054932,LA5,2009-03-01,09:20:00 AM,09:20:00,Hot-Wet
15.22711589,-19.09867757,LA5,2009-03-01,09:40:00 AM,09:40:00,Hot-Wet
15.2260966,-19.09383748,LA5,2009-03-01,10:00:00 AM,10:00:00,Hot-Wet
15.22609558,-19.09383748,LA5,2009-03-01,10:20:00 AM,10:20:00,Hot-Wet
15.22766317,-19.09113363,LA5,2009-03-01,10:40:00 AM,10:40:00,Hot-Wet
15.23368835,-19.09131063,LA5,2009-03-01,11:00:00 AM,11:00:00,Hot-Wet
15.23694967,-19.08723755,LA5,2009-03-01,11:20:00 AM,11:20:00,Hot-Wet
15.23987427,-19.08431803,LA5,2009-03-01,11:40:00 AM,11:40:00,Hot-Wet
15.24718221,-19.0781779,LA5,2009-03-01,12:00:00 PM,12:00:00,Hot-Wet
15.25114746,-19.07236328,LA5,2009-03-01,12:20:00 PM,12:20:00,Hot-Wet
15.24341939,-19.06653035,LA5,2009-03-01,12:40:00 PM,12:40:00,Hot-Wet
15.23701681,-19.06155396,LA5,2009-03-01,01:00:00 PM,13:00:00,Hot-Wet
15.23381348,-19.06109619,LA5,2009-03-01,01:20:00 PM,13:20:00,Hot-Wet
15.23161621,-19.06392008,LA5,2009-03-01,01:40:00 PM,13:40:00,Hot-Wet
15.23160502,-19.06393026,LA5,2009-03-01,02:00:00 PM,14:00:00,Hot-Wet
15.23507487,-19.06463623,LA5,2009-03-01,02:20:00 PM,14:20:00,Hot-Wet
15.23575541,-19.06483154,LA5,2009-03-01,02:40:00 PM,14:40:00,Hot-Wet
15.23509827,-19.07192179,LA5,2009-03-01,03:00:00 PM,15:00:00,Hot-Wet
15.23347168,-19.07896322,LA5,2009-03-01,03:20:00 PM,15:20:00,Hot-Wet
15.23182271,-19.08503825,LA5,2009-03-01,03:40:00 PM,15:40:00,Hot-Wet
15.23131409,-19.0875,LA5,2009-03-01,04:00:00 PM,16:00:00,Hot-Wet
15.22847493,-19.08986206,LA5,2009-03-01,04:20:00 PM,16:20:00,Hot-Wet
15.2284729,-19.08986613,LA5,2009-03-01,04:40:00 PM,16:40:00,Hot-Wet
15.22836202,-19.09293213,LA5,2009-03-01,05:00:00 PM,17:00:00,Hot-Wet
15.22666524,-19.09336751,LA5,2009-03-01,05:20:00 PM,17:20:00,Hot-Wet
15.22596232,-19.09393717,LA5,2009-03-01,05:40:00 PM,17:40:00,Hot-Wet
15.22582601,-19.09411418,LA5,2009-03-01,06:00:00 PM,18:00:00,Hot-Wet
15.2254598,-19.09408366,LA5,2009-03-01,06:20:00 PM,18:20:00,Hot-Wet
15.22531738,-19.09413452,LA5,2009-03-01,06:40:00 PM,18:40:00,Hot-Wet
15.22532043,-19.09415283,LA5,2009-03-01,07:00:00 PM,19:00:00,Hot-Wet
15.22570496,-19.09938558,LA5,2009-03-01,07:20:00 PM,19:20:00,Hot-Wet
15.22558594,-19.0993571,LA5,2009-03-01,07:40:00 PM,19:40:00,Hot-Wet
15.2256012,-19.09937948,LA5,2009-03-01,08:00:00 PM,20:00:00,Hot-Wet
15.22560628,-19.1004659,LA5,2009-03-01,08:20:00 PM,20:20:00,Hot-Wet
15.22473348,-19.1024821,LA5,2009-03-01,08:40:00 PM,20:40:00,Hot-Wet
15.22473958,-19.10245972,LA5,2009-03-01,09:00:00 PM,21:00:00,Hot-Wet
15.22480164,-19.10490723,LA5,2009-03-01,09:20:00 PM,21:20:00,Hot-Wet
15.22479757,-19.10489909,LA5,2009-03-01,09:40:00 PM,21:40:00,Hot-Wet
15.22507731,-19.10495809,LA5,2009-03-01,10:00:00 PM,22:00:00,Hot-Wet
15.22512207,-19.10552572,LA5,2009-03-01,10:20:00 PM,22:20:00,Hot-Wet
15.22550863,-19.1060791,LA5,2009-03-01,10:40:00 PM,22:40:00,Hot-Wet
15.22489624,-19.10825399,LA5,2009-03-01,11:00:00 PM,23:00:00,Hot-Wet
15.22457784,-19.10863444,LA5,2009-03-01,11:20:00 PM,23:20:00,Hot-Wet
15.22451884,-19.1087443,LA5,2009-03-01,11:40:00 PM,23:40:00,Hot-Wet
15.22451172,-19.1087382,LA5,2009-03-02,12:00:00 AM,00:00:00,Hot-Wet
15.22364807,-19.10919393,LA5,2009-03-02,12:20:00 AM,00:20:00,Hot-Wet
15.223054,-19.10929769,LA5,2009-03-02,12:40:00 AM,00:40:00,Hot-Wet
15.22299194,-19.10924886,LA5,2009-03-02,01:00:00 AM,01:00:00,Hot-Wet
15.22298787,-19.10924886,LA5,2009-03-02,01:20:00 AM,01:20:00,Hot-Wet
15.2230367,-19.10928955,LA5,2009-03-02,01:40:00 AM,01:40:00,Hot-Wet
15.22305603,-19.10931396,LA5,2009-03-02,02:00:00 AM,02:00:00,Hot-Wet
15.22304789,-19.10929769,LA5,2009-03-02,02:20:00 AM,02:20:00,Hot-Wet
15.22304688,-19.10928345,LA5,2009-03-02,02:40:00 AM,02:40:00,Hot-Wet
15.22304993,-19.10924479,LA5,2009-03-02,03:00:00 AM,03:00:00,Hot-Wet
15.22304789,-19.10925496,LA5,2009-03-02,03:20:00 AM,03:20:00,Hot-Wet
15.22305501,-19.10930379,LA5,2009-03-02,03:40:00 AM,03:40:00,Hot-Wet
15.223054,-19.10928955,LA5,2009-03-02,04:00:00 AM,04:00:00,Hot-Wet
15.22304993,-19.10932414,LA5,2009-03-02,04:20:00 AM,04:20:00,Hot-Wet
15.22292989,-19.10948486,LA5,2009-03-02,04:40:00 AM,04:40:00,Hot-Wet
15.22010803,-19.10994059,LA5,2009-03-02,05:00:00 AM,05:00:00,Hot-Wet
15.21834005,-19.10999756,LA5,2009-03-02,05:20:00 AM,05:20:00,Hot-Wet
15.21726786,-19.10953369,LA5,2009-03-02,05:40:00 AM,05:40:00,Hot-Wet
15.21629435,-19.10864665,LA5,2009-03-02,06:00:00 AM,06:00:00,Hot-Wet
15.21700643,-19.10788981,LA5,2009-03-02,06:20:00 AM,06:20:00,Hot-Wet
15.21701457,-19.10789185,LA5,2009-03-02,06:40:00 AM,06:40:00,Hot-Wet
15.21711528,-19.10666097,LA5,2009-03-02,07:00:00 AM,07:00:00,Hot-Wet
15.21608276,-19.10612793,LA5,2009-03-02,07:20:00 AM,07:20:00,Hot-Wet
15.21536764,-19.10671997,LA5,2009-03-02,07:40:00 AM,07:40:00,Hot-Wet
15.21536458,-19.10671997,LA5,2009-03-02,08:00:00 AM,08:00:00,Hot-Wet
15.21608683,-19.10616252,LA5,2009-03-02,08:20:00 AM,08:20:00,Hot-Wet
15.21554362,-19.10557454,LA5,2009-03-02,08:40:00 AM,08:40:00,Hot-Wet
15.21525574,-19.10503743,LA5,2009-03-02,09:00:00 AM,09:00:00,Hot-Wet
15.21528219,-19.10504761,LA5,2009-03-02,09:20:00 AM,09:20:00,Hot-Wet
15.21545512,-19.10406494,LA5,2009-03-02,09:40:00 AM,09:40:00,Hot-Wet
15.21546326,-19.10407511,LA5,2009-03-02,10:00:00 AM,10:00:00,Hot-Wet
15.21495972,-19.10297648,LA5,2009-03-02,10:20:00 AM,10:20:00,Hot-Wet
15.21450602,-19.10210368,LA5,2009-03-02,10:40:00 AM,10:40:00,Hot-Wet
15.21457113,-19.10202026,LA5,2009-03-02,11:00:00 AM,11:00:00,Hot-Wet
15.214446,-19.10208944,LA5,2009-03-02,11:20:00 AM,11:20:00,Hot-Wet
15.21443075,-19.10210164,LA5,2009-03-02,11:40:00 AM,11:40:00,Hot-Wet
15.21374105,-19.1048055,LA5,2009-03-02,12:00:00 PM,12:00:00,Hot-Wet
15.21375224,-19.1048116,LA5,2009-03-02,12:20:00 PM,12:20:00,Hot-Wet
15.21261597,-19.10660807,LA5,2009-03-02,12:40:00 PM,12:40:00,Hot-Wet
15.21062622,-19.10759684,LA5,2009-03-02,01:00:00 PM,13:00:00,Hot-Wet
15.21073812,-19.10759888,LA5,2009-03-02,01:20:00 PM,13:20:00,Hot-Wet
15.21223145,-19.11023153,LA5,2009-03-02,01:40:00 PM,13:40:00,Hot-Wet
15.21135559,-19.11050618,LA5,2009-03-02,02:00:00 PM,14:00:00,Hot-Wet
15.21135254,-19.11051229,LA5,2009-03-02,02:20:00 PM,14:20:00,Hot-Wet
15.21213684,-19.10951945,LA5,2009-03-02,02:40:00 PM,14:40:00,Hot-Wet
15.2158549,-19.11057332,LA5,2009-03-02,03:00:00 PM,15:00:00,Hot-Wet
15.21645915,-19.10658162,LA5,2009-03-02,03:20:00 PM,15:20:00,Hot-Wet
15.2164622,-19.10657756,LA5,2009-03-02,03:40:00 PM,15:40:00,Hot-Wet
15.21656799,-19.10725505,LA5,2009-03-02,04:00:00 PM,16:00:00,Hot-Wet
15.2166392,-19.10876872,LA5,2009-03-02,04:20:00 PM,16:20:00,Hot-Wet
15.21448771,-19.10840251,LA5,2009-03-02,04:40:00 PM,16:40:00,Hot-Wet
15.21350098,-19.10889689,LA5,2009-03-02,05:00:00 PM,17:00:00,Hot-Wet
15.21349792,-19.10889486,LA5,2009-03-02,05:20:00 PM,17:20:00,Hot-Wet
15.21477254,-19.10941366,LA5,2009-03-02,05:40:00 PM,17:40:00,Hot-Wet
15.21890462,-19.11131795,LA5,2009-03-02,06:00:00 PM,18:00:00,Hot-Wet
15.22330221,-19.11346842,LA5,2009-03-02,06:20:00 PM,18:20:00,Hot-Wet
15.22330322,-19.11346232,LA5,2009-03-02,06:40:00 PM,18:40:00,Hot-Wet
15.22715047,-19.11602173,LA5,2009-03-02,07:00:00 PM,19:00:00,Hot-Wet
15.22810974,-19.12376709,LA5,2009-03-02,07:20:00 PM,19:20:00,Hot-Wet
15.22969666,-19.1291748,LA5,2009-03-02,07:40:00 PM,19:40:00,Hot-Wet
15.2332133,-19.13258057,LA5,2009-03-02,08:00:00 PM,20:00:00,Hot-Wet
15.24033203,-19.13510946,LA5,2009-03-02,08:20:00 PM,20:20:00,Hot-Wet
15.24034322,-19.13509521,LA5,2009-03-02,08:40:00 PM,20:40:00,Hot-Wet
15.2428009,-19.13814087,LA5,2009-03-02,09:00:00 PM,21:00:00,Hot-Wet
15.24296875,-19.13817546,LA5,2009-03-02,09:20:00 PM,21:20:00,Hot-Wet
15.24303996,-19.13835653,LA5,2009-03-02,09:40:00 PM,21:40:00,Hot-Wet
15.24412944,-19.13927612,LA5,2009-03-02,10:00:00 PM,22:00:00,Hot-Wet
15.2448822,-19.13942871,LA5,2009-03-02,10:20:00 PM,22:20:00,Hot-Wet
15.2450175,-19.13991089,LA5,2009-03-02,10:40:00 PM,22:40:00,Hot-Wet
15.24491374,-19.14035848,LA5,2009-03-02,11:00:00 PM,23:00:00,Hot-Wet
15.2446462,-19.14058634,LA5,2009-03-02,11:20:00 PM,23:20:00,Hot-Wet
15.24463196,-19.14058634,LA5,2009-03-02,11:40:00 PM,23:40:00,Hot-Wet
15.24467773,-19.14043783,LA5,2009-03-03,12:00:00 AM,00:00:00,Hot-Wet
15.24408976,-19.14053141,LA5,2009-03-03,12:20:00 AM,00:20:00,Hot-Wet
15.24382629,-19.14059855,LA5,2009-03-03,12:40:00 AM,00:40:00,Hot-Wet
15.24385478,-19.14058838,LA5,2009-03-03,01:00:00 AM,01:00:00,Hot-Wet
15.24386902,-19.14130046,LA5,2009-03-03,01:20:00 AM,01:20:00,Hot-Wet
15.2438324,-19.14041951,LA5,2009-03-03,01:40:00 AM,01:40:00,Hot-Wet
15.24381002,-19.14056193,LA5,2009-03-03,02:00:00 AM,02:00:00,Hot-Wet
15.24382935,-19.14051514,LA5,2009-03-03,02:20:00 AM,02:20:00,Hot-Wet
15.24387817,-19.14113159,LA5,2009-03-03,02:40:00 AM,02:40:00,Hot-Wet
15.24359639,-19.14155884,LA5,2009-03-03,03:00:00 AM,03:00:00,Hot-Wet
15.24355367,-19.14154663,LA5,2009-03-03,03:20:00 AM,03:20:00,Hot-Wet
15.24357402,-19.14154256,LA5,2009-03-03,03:40:00 AM,03:40:00,Hot-Wet
15.24344991,-19.14144084,LA5,2009-03-03,04:00:00 AM,04:00:00,Hot-Wet
15.24298706,-19.14094645,LA5,2009-03-03,04:20:00 AM,04:20:00,Hot-Wet
15.24303792,-19.14086914,LA5,2009-03-03,04:40:00 AM,04:40:00,Hot-Wet
15.24385376,-19.14130656,LA5,2009-03-03,05:00:00 AM,05:00:00,Hot-Wet
15.24385783,-19.14129435,LA5,2009-03-03,05:20:00 AM,05:20:00,Hot-Wet
15.24376729,-19.13754272,LA5,2009-03-03,05:40:00 AM,05:40:00,Hot-Wet
15.24377035,-19.13754272,LA5,2009-03-03,06:00:00 AM,06:00:00,Hot-Wet
15.24547831,-19.13592733,LA5,2009-03-03,06:20:00 AM,06:20:00,Hot-Wet
15.24542135,-19.13390096,LA5,2009-03-03,06:40:00 AM,06:40:00,Hot-Wet
15.24441732,-19.13234049,LA5,2009-03-03,07:00:00 AM,07:00:00,Hot-Wet
15.24441427,-19.13234456,LA5,2009-03-03,07:20:00 AM,07:20:00,Hot-Wet
15.24533793,-19.13687337,LA5,2009-03-03,07:40:00 AM,07:40:00,Hot-Wet
15.24533183,-19.13687337,LA5,2009-03-03,08:00:00 AM,08:00:00,Hot-Wet
15.24535421,-19.13685913,LA5,2009-03-03,08:20:00 AM,08:20:00,Hot-Wet
15.24610799,-19.13584391,LA5,2009-03-03,08:40:00 AM,08:40:00,Hot-Wet
15.2464681,-19.13390503,LA5,2009-03-03,09:00:00 AM,09:00:00,Hot-Wet
15.24506226,-19.13137817,LA5,2009-03-03,09:20:00 AM,09:20:00,Hot-Wet
15.24493103,-19.13264364,LA5,2009-03-03,09:40:00 AM,09:40:00,Hot-Wet
15.24493612,-19.1326416,LA5,2009-03-03,10:00:00 AM,10:00:00,Hot-Wet
15.24575195,-19.13516032,LA5,2009-03-03,10:20:00 AM,10:20:00,Hot-Wet
15.24601542,-19.13544922,LA5,2009-03-03,10:40:00 AM,10:40:00,Hot-Wet
15.24604594,-19.13458049,LA5,2009-03-03,11:00:00 AM,11:00:00,Hot-Wet
15.24509277,-19.13795776,LA5,2009-03-03,11:20:00 AM,11:20:00,Hot-Wet
15.24509277,-19.1379659,LA5,2009-03-03,11:40:00 AM,11:40:00,Hot-Wet
15.24537354,-19.137913,LA5,2009-03-03,12:00:00 PM,12:00:00,Hot-Wet
15.24408468,-19.13359985,LA5,2009-03-03,12:20:00 PM,12:20:00,Hot-Wet
15.24725037,-19.13234456,LA5,2009-03-03,12:40:00 PM,12:40:00,Hot-Wet
15.2472463,-19.13234049,LA5,2009-03-03,01:00:00 PM,13:00:00,Hot-Wet
15.24860128,-19.13654582,LA5,2009-03-03,01:20:00 PM,13:20:00,Hot-Wet
15.24835002,-19.13615926,LA5,2009-03-03,01:40:00 PM,13:40:00,Hot-Wet
15.24833679,-19.13616536,LA5,2009-03-03,02:00:00 PM,14:00:00,Hot-Wet
15.2489329,-19.1356547,LA5,2009-03-03,02:20:00 PM,14:20:00,Hot-Wet
15.24894206,-19.13563843,LA5,2009-03-03,02:40:00 PM,14:40:00,Hot-Wet
15.24894511,-19.13563843,LA5,2009-03-03,03:00:00 PM,15:00:00,Hot-Wet
15.24932149,-19.13560181,LA5,2009-03-03,03:20:00 PM,15:20:00,Hot-Wet
15.25432841,-19.13822021,LA5,2009-03-03,03:40:00 PM,15:40:00,Hot-Wet
15.26451416,-19.14238892,LA5,2009-03-03,04:00:00 PM,16:00:00,Hot-Wet
15.27619222,-19.14648438,LA5,2009-03-03,04:20:00 PM,16:20:00,Hot-Wet
15.2769399,-19.15463664,LA5,2009-03-03,04:40:00 PM,16:40:00,Hot-Wet
15.27809753,-19.16410319,LA5,2009-03-03,05:00:00 PM,17:00:00,Hot-Wet
15.27967122,-19.17147217,LA5,2009-03-03,05:20:00 PM,17:20:00,Hot-Wet
15.28523458,-19.17757568,LA5,2009-03-03,05:40:00 PM,17:40:00,Hot-Wet
15.28786316,-19.17930501,LA5,2009-03-03,06:00:00 PM,18:00:00,Hot-Wet
15.29065145,-19.18110148,LA5,2009-03-03,06:20:00 PM,18:20:00,Hot-Wet
15.29156291,-19.18104858,LA5,2009-03-03,06:40:00 PM,18:40:00,Hot-Wet
15.29263407,-19.18115845,LA5,2009-03-03,07:00:00 PM,19:00:00,Hot-Wet
15.29307963,-19.18405151,LA5,2009-03-03,07:20:00 PM,19:20:00,Hot-Wet
15.29261475,-19.18395793,LA5,2009-03-03,07:40:00 PM,19:40:00,Hot-Wet
15.29164632,-19.18474325,LA5,2009-03-03,08:00:00 PM,20:00:00,Hot-Wet
15.29047852,-19.18356323,LA5,2009-03-03,08:20:00 PM,20:20:00,Hot-Wet
15.29048869,-19.1835673,LA5,2009-03-03,08:40:00 PM,20:40:00,Hot-Wet
15.290802,-19.18304647,LA5,2009-03-03,09:00:00 PM,21:00:00,Hot-Wet
15.28988444,-19.18255005,LA5,2009-03-03,09:20:00 PM,21:20:00,Hot-Wet
15.28914795,-19.18206177,LA5,2009-03-03,09:40:00 PM,21:40:00,Hot-Wet
15.28848572,-19.18186035,LA5,2009-03-03,10:00:00 PM,22:00:00,Hot-Wet
15.287795,-19.18178507,LA5,2009-03-03,10:20:00 PM,22:20:00,Hot-Wet
15.28778788,-19.18179525,LA5,2009-03-03,10:40:00 PM,22:40:00,Hot-Wet
15.2880249,-19.18147786,LA5,2009-03-03,11:00:00 PM,23:00:00,Hot-Wet
15.28801168,-19.18147786,LA5,2009-03-03,11:20:00 PM,23:20:00,Hot-Wet
15.28802389,-19.1814799,LA5,2009-03-03,11:40:00 PM,23:40:00,Hot-Wet
15.28805949,-19.1815979,LA5,2009-03-04,12:00:00 AM,00:00:00,Hot-Wet
15.28810221,-19.18162231,LA5,2009-03-04,12:20:00 AM,00:20:00,Hot-Wet
15.28792928,-19.18154093,LA5,2009-03-04,12:40:00 AM,00:40:00,Hot-Wet
15.28782349,-19.18163249,LA5,2009-03-04,01:00:00 AM,01:00:00,Hot-Wet
15.28786926,-19.18160604,LA5,2009-03-04,01:20:00 AM,01:20:00,Hot-Wet
15.28786825,-19.1815979,LA5,2009-03-04,01:40:00 AM,01:40:00,Hot-Wet
15.28789063,-19.18158976,LA5,2009-03-04,02:00:00 AM,02:00:00,Hot-Wet
15.28786621,-19.18158366,LA5,2009-03-04,02:20:00 AM,02:20:00,Hot-Wet
15.28786316,-19.18157349,LA5,2009-03-04,02:40:00 AM,02:40:00,Hot-Wet
15.2878774,-19.18160807,LA5,2009-03-04,03:00:00 AM,03:00:00,Hot-Wet
15.28786825,-19.18163045,LA5,2009-03-04,03:20:00 AM,03:20:00,Hot-Wet
15.28786519,-19.18167318,LA5,2009-03-04,03:40:00 AM,03:40:00,Hot-Wet
15.28786926,-19.18167114,LA5,2009-03-04,04:00:00 AM,04:00:00,Hot-Wet
15.28787231,-19.18166707,LA5,2009-03-04,04:20:00 AM,04:20:00,Hot-Wet
15.28777568,-19.18148193,LA5,2009-03-04,04:40:00 AM,04:40:00,Hot-Wet
15.28820394,-19.18163045,LA5,2009-03-04,05:00:00 AM,05:00:00,Hot-Wet
15.28819885,-19.18162638,LA5,2009-03-04,05:20:00 AM,05:20:00,Hot-Wet
15.28775533,-19.1807902,LA5,2009-03-04,05:40:00 AM,05:40:00,Hot-Wet
15.28689677,-19.18099162,LA5,2009-03-04,06:00:00 AM,06:00:00,Hot-Wet
15.28526611,-19.18099569,LA5,2009-03-04,06:20:00 AM,06:20:00,Hot-Wet
15.28522949,-19.18013916,LA5,2009-03-04,06:40:00 AM,06:40:00,Hot-Wet
15.28451742,-19.18001912,LA5,2009-03-04,07:00:00 AM,07:00:00,Hot-Wet
15.28452759,-19.18002523,LA5,2009-03-04,07:20:00 AM,07:20:00,Hot-Wet
15.28452759,-19.17946574,LA5,2009-03-04,07:40:00 AM,07:40:00,Hot-Wet
15.28726908,-19.17908732,LA5,2009-03-04,08:00:00 AM,08:00:00,Hot-Wet
15.28937683,-19.18026937,LA5,2009-03-04,08:20:00 AM,08:20:00,Hot-Wet
15.2881724,-19.18008626,LA5,2009-03-04,08:40:00 AM,08:40:00,Hot-Wet
15.28784485,-19.17998047,LA5,2009-03-04,09:00:00 AM,09:00:00,Hot-Wet
15.28784281,-19.17997437,LA5,2009-03-04,09:20:00 AM,09:20:00,Hot-Wet
15.28785299,-19.17999674,LA5,2009-03-04,09:40:00 AM,09:40:00,Hot-Wet
15.28784383,-19.17998657,LA5,2009-03-04,10:00:00 AM,10:00:00,Hot-Wet
15.28731893,-19.17925618,LA5,2009-03-04,10:20:00 AM,10:20:00,Hot-Wet
15.28640849,-19.17608846,LA5,2009-03-04,10:40:00 AM,10:40:00,Hot-Wet
15.28644613,-19.17610474,LA5,2009-03-04,11:00:00 AM,11:00:00,Hot-Wet
15.28404439,-19.17483317,LA5,2009-03-04,11:20:00 AM,11:20:00,Hot-Wet
15.2840627,-19.17483114,LA5,2009-03-04,11:40:00 AM,11:40:00,Hot-Wet
15.28542582,-19.17655029,LA5,2009-03-04,12:00:00 PM,12:00:00,Hot-Wet
15.28765157,-19.1765096,LA5,2009-03-04,12:20:00 PM,12:20:00,Hot-Wet
15.29067078,-19.17800293,LA5,2009-03-04,12:40:00 PM,12:40:00,Hot-Wet
15.29066467,-19.17800293,LA5,2009-03-04,01:00:00 PM,13:00:00,Hot-Wet
15.29217224,-19.17927043,LA5,2009-03-04,01:20:00 PM,13:20:00,Hot-Wet
15.29264119,-19.17845866,LA5,2009-03-04,01:40:00 PM,13:40:00,Hot-Wet
15.29366048,-19.17877401,LA5,2009-03-04,02:00:00 PM,14:00:00,Hot-Wet
15.29438883,-19.17921346,LA5,2009-03-04,02:20:00 PM,14:20:00,Hot-Wet
15.29437866,-19.17920736,LA5,2009-03-04,02:40:00 PM,14:40:00,Hot-Wet
15.29506327,-19.17848307,LA5,2009-03-04,03:00:00 PM,15:00:00,Hot-Wet
15.29698079,-19.17832235,LA5,2009-03-04,03:20:00 PM,15:20:00,Hot-Wet
15.30036723,-19.17767944,LA5,2009-03-04,03:40:00 PM,15:40:00,Hot-Wet
15.3078481,-19.18048096,LA5,2009-03-04,04:00:00 PM,16:00:00,Hot-Wet
15.30784505,-19.18047078,LA5,2009-03-04,04:20:00 PM,16:20:00,Hot-Wet
15.31080627,-19.18236084,LA5,2009-03-04,04:40:00 PM,16:40:00,Hot-Wet
15.31080017,-19.18236084,LA5,2009-03-04,05:00:00 PM,17:00:00,Hot-Wet
15.31472066,-19.18124593,LA5,2009-03-04,05:20:00 PM,17:20:00,Hot-Wet
15.31619771,-19.17778117,LA5,2009-03-04,05:40:00 PM,17:40:00,Hot-Wet
15.31611226,-19.17493693,LA5,2009-03-04,06:00:00 PM,18:00:00,Hot-Wet
15.31597595,-19.17387899,LA5,2009-03-04,06:20:00 PM,18:20:00,Hot-Wet
15.31582235,-19.17516886,LA5,2009-03-04,06:40:00 PM,18:40:00,Hot-Wet
15.31513977,-19.17548218,LA5,2009-03-04,07:00:00 PM,19:00:00,Hot-Wet
15.31512451,-19.1758606,LA5,2009-03-04,07:20:00 PM,19:20:00,Hot-Wet
15.31375834,-19.18116862,LA5,2009-03-04,07:40:00 PM,19:40:00,Hot-Wet
15.31251628,-19.18319295,LA5,2009-03-04,08:00:00 PM,20:00:00,Hot-Wet
15.31174825,-19.18481038,LA5,2009-03-04,08:20:00 PM,20:20:00,Hot-Wet
15.31175842,-19.18481242,LA5,2009-03-04,08:40:00 PM,20:40:00,Hot-Wet
15.31327515,-19.18702393,LA5,2009-03-04,09:00:00 PM,21:00:00,Hot-Wet
15.31342672,-19.18939819,LA5,2009-03-04,09:20:00 PM,21:20:00,Hot-Wet
15.3134257,-19.1894043,LA5,2009-03-04,09:40:00 PM,21:40:00,Hot-Wet
15.31353149,-19.19222005,LA5,2009-03-04,10:00:00 PM,22:00:00,Hot-Wet
15.31036174,-19.19178467,LA5,2009-03-04,10:20:00 PM,22:20:00,Hot-Wet
15.30845439,-19.19193319,LA5,2009-03-04,10:40:00 PM,22:40:00,Hot-Wet
15.30747681,-19.19202271,LA5,2009-03-04,11:00:00 PM,23:00:00,Hot-Wet
15.30719706,-19.19176432,LA5,2009-03-04,11:20:00 PM,23:20:00,Hot-Wet
15.30718791,-19.19178263,LA5,2009-03-04,11:40:00 PM,23:40:00,Hot-Wet
15.30746257,-19.19146322,LA5,2009-03-05,12:00:00 AM,00:00:00,Hot-Wet
15.30666097,-19.19014486,LA5,2009-03-05,12:20:00 AM,00:20:00,Hot-Wet
15.30648295,-19.19011027,LA5,2009-03-05,12:40:00 AM,00:40:00,Hot-Wet
15.30631205,-19.18922323,LA5,2009-03-05,01:00:00 AM,01:00:00,Hot-Wet
15.30631409,-19.18921712,LA5,2009-03-05,01:20:00 AM,01:20:00,Hot-Wet
15.30631307,-19.18919474,LA5,2009-03-05,01:40:00 AM,01:40:00,Hot-Wet
15.30631612,-19.18919474,LA5,2009-03-05,02:00:00 AM,02:00:00,Hot-Wet
15.30631002,-19.18919678,LA5,2009-03-05,02:20:00 AM,02:20:00,Hot-Wet
15.30630086,-19.18920288,LA5,2009-03-05,02:40:00 AM,02:40:00,Hot-Wet
15.30627848,-19.18920492,LA5,2009-03-05,03:00:00 AM,03:00:00,Hot-Wet
15.30629374,-19.18919474,LA5,2009-03-05,03:20:00 AM,03:20:00,Hot-Wet
15.30626831,-19.1891866,LA5,2009-03-05,03:40:00 AM,03:40:00,Hot-Wet
15.30627645,-19.18918457,LA5,2009-03-05,04:00:00 AM,04:00:00,Hot-Wet
15.30626628,-19.18920492,LA5,2009-03-05,04:20:00 AM,04:20:00,Hot-Wet
15.30494995,-19.1877828,LA5,2009-03-05,04:40:00 AM,04:40:00,Hot-Wet
15.30409037,-19.18806966,LA5,2009-03-05,05:00:00 AM,05:00:00,Hot-Wet
15.30358378,-19.18610636,LA5,2009-03-05,05:20:00 AM,05:20:00,Hot-Wet
15.30261332,-19.18454997,LA5,2009-03-05,05:40:00 AM,05:40:00,Hot-Wet
15.30193787,-19.18179321,LA5,2009-03-05,06:00:00 AM,06:00:00,Hot-Wet
15.30078532,-19.1809021,LA5,2009-03-05,06:20:00 AM,06:20:00,Hot-Wet
15.29816284,-19.17987467,LA5,2009-03-05,06:40:00 AM,06:40:00,Hot-Wet
15.29645081,-19.17658488,LA5,2009-03-05,07:00:00 AM,07:00:00,Hot-Wet
15.29526876,-19.17649536,LA5,2009-03-05,07:20:00 AM,07:20:00,Hot-Wet
15.29379883,-19.17643229,LA5,2009-03-05,07:40:00 AM,07:40:00,Hot-Wet
15.29201253,-19.17635701,LA5,2009-03-05,08:00:00 AM,08:00:00,Hot-Wet
15.28981934,-19.17563477,LA5,2009-03-05,08:20:00 AM,08:20:00,Hot-Wet
15.28885803,-19.17443848,LA5,2009-03-05,08:40:00 AM,08:40:00,Hot-Wet
15.28584798,-19.17165934,LA5,2009-03-05,09:00:00 AM,09:00:00,Hot-Wet
15.28277079,-19.16997884,LA5,2009-03-05,09:20:00 AM,09:20:00,Hot-Wet
15.28206584,-19.16790975,LA5,2009-03-05,09:40:00 AM,09:40:00,Hot-Wet
15.27767232,-19.1661499,LA5,2009-03-05,10:00:00 AM,10:00:00,Hot-Wet
15.27431437,-19.16713867,LA5,2009-03-05,10:20:00 AM,10:20:00,Hot-Wet
15.27412109,-19.16675822,LA5,2009-03-05,10:40:00 AM,10:40:00,Hot-Wet
15.27412821,-19.16676025,LA5,2009-03-05,11:00:00 AM,11:00:00,Hot-Wet
15.27437236,-19.16660563,LA5,2009-03-05,11:20:00 AM,11:20:00,Hot-Wet
15.27710063,-19.15450846,LA5,2009-03-05,11:40:00 AM,11:40:00,Hot-Wet
15.27548218,-19.15104167,LA5,2009-03-05,12:00:00 PM,12:00:00,Hot-Wet
15.27195435,-19.15233561,LA5,2009-03-05,12:20:00 PM,12:20:00,Hot-Wet
15.27055562,-19.15262248,LA5,2009-03-05,12:40:00 PM,12:40:00,Hot-Wet
15.27057902,-19.15262248,LA5,2009-03-05,01:00:00 PM,13:00:00,Hot-Wet
15.27049459,-19.1526591,LA5,2009-03-05,01:20:00 PM,13:20:00,Hot-Wet
15.27049052,-19.15265503,LA5,2009-03-05,01:40:00 PM,13:40:00,Hot-Wet
15.26889648,-19.15179036,LA5,2009-03-05,02:00:00 PM,14:00:00,Hot-Wet
15.26797994,-19.15043742,LA5,2009-03-05,02:20:00 PM,14:20:00,Hot-Wet
15.2670695,-19.150059,LA5,2009-03-05,02:40:00 PM,14:40:00,Hot-Wet
15.26671956,-19.14855347,LA5,2009-03-05,03:00:00 PM,15:00:00,Hot-Wet
15.26674194,-19.1485616,LA5,2009-03-05,03:20:00 PM,15:20:00,Hot-Wet
15.26731771,-19.14793498,LA5,2009-03-05,03:40:00 PM,15:40:00,Hot-Wet
15.26843363,-19.14564819,LA5,2009-03-05,04:00:00 PM,16:00:00,Hot-Wet
15.27037455,-19.1417867,LA5,2009-03-05,04:20:00 PM,16:20:00,Hot-Wet
15.27679647,-19.13922933,LA5,2009-03-05,04:40:00 PM,16:40:00,Hot-Wet
15.28480835,-19.1372701,LA5,2009-03-05,05:00:00 PM,17:00:00,Hot-Wet
15.2868276,-19.13707886,LA5,2009-03-05,05:20:00 PM,17:20:00,Hot-Wet
15.2914683,-19.14148153,LA5,2009-03-05,05:40:00 PM,17:40:00,Hot-Wet
15.29453634,-19.14395549,LA5,2009-03-05,06:00:00 PM,18:00:00,Hot-Wet
15.30224508,-19.15109049,LA5,2009-03-05,06:20:00 PM,18:20:00,Hot-Wet
15.30224406,-19.15108846,LA5,2009-03-05,06:40:00 PM,18:40:00,Hot-Wet
15.30352173,-19.15319621,LA5,2009-03-05,07:00:00 PM,19:00:00,Hot-Wet
15.3093394,-19.1586141,LA5,2009-03-05,07:20:00 PM,19:20:00,Hot-Wet
15.31701253,-19.16278483,LA5,2009-03-05,07:40:00 PM,19:40:00,Hot-Wet
15.32345479,-19.16966146,LA5,2009-03-05,08:00:00 PM,20:00:00,Hot-Wet
15.32258097,-19.17307536,LA5,2009-03-05,08:20:00 PM,20:20:00,Hot-Wet
15.3224823,-19.17933146,LA5,2009-03-05,08:40:00 PM,20:40:00,Hot-Wet
15.32249146,-19.17936808,LA5,2009-03-05,09:00:00 PM,21:00:00,Hot-Wet
15.3228363,-19.18255412,LA5,2009-03-05,09:20:00 PM,21:20:00,Hot-Wet
15.3218516,-19.18555705,LA5,2009-03-05,09:40:00 PM,21:40:00,Hot-Wet
15.31865845,-19.18850098,LA5,2009-03-05,10:00:00 PM,22:00:00,Hot-Wet
15.31507365,-19.1900533,LA5,2009-03-05,10:20:00 PM,22:20:00,Hot-Wet
15.31292013,-19.18933105,LA5,2009-03-05,10:40:00 PM,22:40:00,Hot-Wet
15.31100057,-19.18958537,LA5,2009-03-05,11:00:00 PM,23:00:00,Hot-Wet
15.31057332,-19.1900472,LA5,2009-03-05,11:20:00 PM,23:20:00,Hot-Wet
15.3102122,-19.19060872,LA5,2009-03-05,11:40:00 PM,23:40:00,Hot-Wet
15.30996297,-19.19139811,LA5,2009-03-06,12:00:00 AM,00:00:00,Hot-Wet
15.3099467,-19.19141439,LA5,2009-03-06,12:20:00 AM,00:20:00,Hot-Wet
15.30996501,-19.19141439,LA5,2009-03-06,12:40:00 AM,00:40:00,Hot-Wet
15.30996704,-19.19146322,LA5,2009-03-06,01:00:00 AM,01:00:00,Hot-Wet
15.30957845,-19.19120687,LA5,2009-03-06,01:20:00 AM,01:20:00,Hot-Wet
15.30957947,-19.1911967,LA5,2009-03-06,01:40:00 AM,01:40:00,Hot-Wet
15.30958659,-19.19118245,LA5,2009-03-06,02:00:00 AM,02:00:00,Hot-Wet
15.30951029,-19.19123332,LA5,2009-03-06,02:20:00 AM,02:20:00,Hot-Wet
15.30954386,-19.19122925,LA5,2009-03-06,02:40:00 AM,02:40:00,Hot-Wet
15.30954285,-19.19119263,LA5,2009-03-06,03:00:00 AM,03:00:00,Hot-Wet
15.30954895,-19.19123332,LA5,2009-03-06,03:20:00 AM,03:20:00,Hot-Wet
15.309611,-19.19125163,LA5,2009-03-06,03:40:00 AM,03:40:00,Hot-Wet
15.30959574,-19.1912089,LA5,2009-03-06,04:00:00 AM,04:00:00,Hot-Wet
15.30958964,-19.1912089,LA5,2009-03-06,04:20:00 AM,04:20:00,Hot-Wet
15.30948995,-19.19138997,LA5,2009-03-06,04:40:00 AM,04:40:00,Hot-Wet
15.30841064,-19.19089355,LA5,2009-03-06,05:00:00 AM,05:00:00,Hot-Wet
15.30720113,-19.19141439,LA5,2009-03-06,05:20:00 AM,05:20:00,Hot-Wet
15.30595093,-19.19060465,LA5,2009-03-06,05:40:00 AM,05:40:00,Hot-Wet
15.30098877,-19.187146,LA5,2009-03-06,06:00:00 AM,06:00:00,Hot-Wet
15.29735718,-19.18551432,LA5,2009-03-06,06:20:00 AM,06:20:00,Hot-Wet
15.29362895,-19.18269653,LA5,2009-03-06,06:40:00 AM,06:40:00,Hot-Wet
15.29028015,-19.180837,LA5,2009-03-06,07:00:00 AM,07:00:00,Hot-Wet
15.28952637,-19.18083496,LA5,2009-03-06,07:20:00 AM,07:20:00,Hot-Wet
15.28889262,-19.18106689,LA5,2009-03-06,07:40:00 AM,07:40:00,Hot-Wet
15.2885671,-19.1808492,LA5,2009-03-06,08:00:00 AM,08:00:00,Hot-Wet
15.28770142,-19.18094279,LA5,2009-03-06,08:20:00 AM,08:20:00,Hot-Wet
15.28612874,-19.17965698,LA5,2009-03-06,08:40:00 AM,08:40:00,Hot-Wet
15.28503621,-19.17914632,LA5,2009-03-06,09:00:00 AM,09:00:00,Hot-Wet
15.28401388,-19.17855021,LA5,2009-03-06,09:20:00 AM,09:20:00,Hot-Wet
15.28312785,-19.17779338,LA5,2009-03-06,09:40:00 AM,09:40:00,Hot-Wet
15.28311869,-19.17779338,LA5,2009-03-06,10:00:00 AM,10:00:00,Hot-Wet
15.28228455,-19.17582194,LA5,2009-03-06,10:20:00 AM,10:20:00,Hot-Wet
15.28125712,-19.17507324,LA5,2009-03-06,10:40:00 AM,10:40:00,Hot-Wet
15.28127848,-19.17509766,LA5,2009-03-06,11:00:00 AM,11:00:00,Hot-Wet
15.28316345,-19.1738973,LA5,2009-03-06,11:20:00 AM,11:20:00,Hot-Wet
15.28598938,-19.17582194,LA5,2009-03-06,11:40:00 AM,11:40:00,Hot-Wet
15.28599955,-19.17578735,LA5,2009-03-06,12:00:00 PM,12:00:00,Hot-Wet
15.28774719,-19.17822062,LA5,2009-03-06,12:20:00 PM,12:20:00,Hot-Wet
15.29260152,-19.17698161,LA5,2009-03-06,12:40:00 PM,12:40:00,Hot-Wet
15.29559733,-19.17759806,LA5,2009-03-06,01:00:00 PM,13:00:00,Hot-Wet
15.29697367,-19.17942505,LA5,2009-03-06,01:20:00 PM,13:20:00,Hot-Wet
15.29776204,-19.17953491,LA5,2009-03-06,01:40:00 PM,13:40:00,Hot-Wet
15.29779968,-19.17976888,LA5,2009-03-06,02:00:00 PM,14:00:00,Hot-Wet
15.29798787,-19.18093669,LA5,2009-03-06,02:20:00 PM,14:20:00,Hot-Wet
15.29811096,-19.18074748,LA5,2009-03-06,02:40:00 PM,14:40:00,Hot-Wet
15.29860636,-19.18117269,LA5,2009-03-06,03:00:00 PM,15:00:00,Hot-Wet
15.30041606,-19.18259277,LA5,2009-03-06,03:20:00 PM,15:20:00,Hot-Wet
15.3035675,-19.18263957,LA5,2009-03-06,03:40:00 PM,15:40:00,Hot-Wet
15.3054657,-19.18398844,LA5,2009-03-06,04:00:00 PM,16:00:00,Hot-Wet
15.30674744,-19.18358765,LA5,2009-03-06,04:20:00 PM,16:20:00,Hot-Wet
15.30796407,-19.18311768,LA5,2009-03-06,04:40:00 PM,16:40:00,Hot-Wet
15.30896301,-19.18419393,LA5,2009-03-06,05:00:00 PM,17:00:00,Hot-Wet
15.31039429,-19.18549601,LA5,2009-03-06,05:20:00 PM,17:20:00,Hot-Wet
15.31164958,-19.18650309,LA5,2009-03-06,05:40:00 PM,17:40:00,Hot-Wet
15.31267395,-19.18683879,LA5,2009-03-06,06:00:00 PM,18:00:00,Hot-Wet
15.31474304,-19.18720093,LA5,2009-03-06,06:20:00 PM,18:20:00,Hot-Wet
15.31773071,-19.1869873,LA5,2009-03-06,06:40:00 PM,18:40:00,Hot-Wet
15.3200531,-19.18868205,LA5,2009-03-06,07:00:00 PM,19:00:00,Hot-Wet
15.32402039,-19.18924764,LA5,2009-03-06,07:20:00 PM,19:20:00,Hot-Wet
15.32916158,-19.19192912,LA5,2009-03-06,07:40:00 PM,19:40:00,Hot-Wet
15.33250834,-19.19378052,LA5,2009-03-06,08:00:00 PM,20:00:00,Hot-Wet
15.33251139,-19.19379069,LA5,2009-03-06,08:20:00 PM,20:20:00,Hot-Wet
15.33601074,-19.19505819,LA5,2009-03-06,08:40:00 PM,20:40:00,Hot-Wet
15.33766988,-19.19584351,LA5,2009-03-06,09:00:00 PM,21:00:00,Hot-Wet
15.34081726,-19.19547729,LA5,2009-03-06,09:20:00 PM,21:20:00,Hot-Wet
15.34251607,-19.19515991,LA5,2009-03-06,09:40:00 PM,21:40:00,Hot-Wet
15.34304911,-19.1950765,LA5,2009-03-06,10:00:00 PM,22:00:00,Hot-Wet
15.34506022,-19.1947408,LA5,2009-03-06,10:20:00 PM,22:20:00,Hot-Wet
15.34673157,-19.1930481,LA5,2009-03-06,10:40:00 PM,22:40:00,Hot-Wet
15.34841512,-19.19296061,LA5,2009-03-06,11:00:00 PM,23:00:00,Hot-Wet
15.3500824,-19.19244385,LA5,2009-03-06,11:20:00 PM,23:20:00,Hot-Wet
15.35038757,-19.19255778,LA5,2009-03-06,11:40:00 PM,23:40:00,Hot-Wet
15.35184326,-19.19171753,LA5,2009-03-07,12:00:00 AM,00:00:00,Hot-Wet
15.35460917,-19.19257406,LA5,2009-03-07,12:20:00 AM,00:20:00,Hot-Wet
15.35624593,-19.19106242,LA5,2009-03-07,12:40:00 AM,00:40:00,Hot-Wet
15.35652669,-19.19024251,LA5,2009-03-07,01:00:00 AM,01:00:00,Hot-Wet
15.35662231,-19.18974202,LA5,2009-03-07,01:20:00 AM,01:20:00,Hot-Wet
15.35663249,-19.18974813,LA5,2009-03-07,01:40:00 AM,01:40:00,Hot-Wet
15.35664368,-19.18977661,LA5,2009-03-07,02:00:00 AM,02:00:00,Hot-Wet
15.35663045,-19.1897583,LA5,2009-03-07,02:20:00 AM,02:20:00,Hot-Wet
15.35661723,-19.18973389,LA5,2009-03-07,02:40:00 AM,02:40:00,Hot-Wet
15.35662638,-19.18973389,LA5,2009-03-07,03:00:00 AM,03:00:00,Hot-Wet
15.35662333,-19.18974406,LA5,2009-03-07,03:20:00 AM,03:20:00,Hot-Wet
15.356604,-19.18974202,LA5,2009-03-07,03:40:00 AM,03:40:00,Hot-Wet
15.35660299,-19.18968302,LA5,2009-03-07,04:00:00 AM,04:00:00,Hot-Wet
15.35656942,-19.18967489,LA5,2009-03-07,04:20:00 AM,04:20:00,Hot-Wet
15.35607808,-19.18804118,LA5,2009-03-07,04:40:00 AM,04:40:00,Hot-Wet
15.356073,-19.18805135,LA5,2009-03-07,05:00:00 AM,05:00:00,Hot-Wet
15.35912781,-19.17365926,LA5,2009-03-07,05:20:00 AM,05:20:00,Hot-Wet
15.35913086,-19.17365723,LA5,2009-03-07,05:40:00 AM,05:40:00,Hot-Wet
15.36115926,-19.16615397,LA5,2009-03-07,06:00:00 AM,06:00:00,Hot-Wet
15.37020162,-19.16143799,LA5,2009-03-07,06:20:00 AM,06:20:00,Hot-Wet
15.37615153,-19.14979045,LA5,2009-03-07,06:40:00 AM,06:40:00,Hot-Wet
15.38970947,-19.1506897,LA5,2009-03-07,07:00:00 AM,07:00:00,Hot-Wet
15.40221558,-19.15587565,LA5,2009-03-07,07:20:00 AM,07:20:00,Hot-Wet
15.40629374,-19.15869141,LA5,2009-03-07,07:40:00 AM,07:40:00,Hot-Wet
15.40788778,-19.16023763,LA5,2009-03-07,08:00:00 AM,08:00:00,Hot-Wet
15.41181132,-19.1609965,LA5,2009-03-07,08:20:00 AM,08:20:00,Hot-Wet
15.4128245,-19.16161906,LA5,2009-03-07,08:40:00 AM,08:40:00,Hot-Wet
15.41428324,-19.16189575,LA5,2009-03-07,09:00:00 AM,09:00:00,Hot-Wet
15.41541138,-19.16372477,LA5,2009-03-07,09:20:00 AM,09:20:00,Hot-Wet
15.41542867,-19.16373698,LA5,2009-03-07,09:40:00 AM,09:40:00,Hot-Wet
15.41588338,-19.16438395,LA5,2009-03-07,10:00:00 AM,10:00:00,Hot-Wet
15.41519368,-19.16479899,LA5,2009-03-07,10:20:00 AM,10:20:00,Hot-Wet
15.41518656,-19.16479899,LA5,2009-03-07,10:40:00 AM,10:40:00,Hot-Wet
15.41523946,-19.16485799,LA5,2009-03-07,11:00:00 AM,11:00:00,Hot-Wet
15.4152771,-19.1656311,LA5,2009-03-07,11:20:00 AM,11:20:00,Hot-Wet
15.41445719,-19.16653442,LA5,2009-03-07,11:40:00 AM,11:40:00,Hot-Wet
15.41443075,-19.16653646,LA5,2009-03-07,12:00:00 PM,12:00:00,Hot-Wet
15.4144165,-19.16653646,LA5,2009-03-07,12:20:00 PM,12:20:00,Hot-Wet
15.41302999,-19.16619466,LA5,2009-03-07,12:40:00 PM,12:40:00,Hot-Wet
15.41204631,-19.16306356,LA5,2009-03-07,01:00:00 PM,13:00:00,Hot-Wet
15.41203817,-19.16308187,LA5,2009-03-07,01:20:00 PM,13:20:00,Hot-Wet
15.41237386,-19.16182454,LA5,2009-03-07,01:40:00 PM,13:40:00,Hot-Wet
15.41232707,-19.16138509,LA5,2009-03-07,02:00:00 PM,14:00:00,Hot-Wet
15.41224569,-19.16139526,LA5,2009-03-07,02:20:00 PM,14:20:00,Hot-Wet
15.41162008,-19.16073201,LA5,2009-03-07,02:40:00 PM,14:40:00,Hot-Wet
15.40962524,-19.16081543,LA5,2009-03-07,03:00:00 PM,15:00:00,Hot-Wet
15.40892537,-19.16148071,LA5,2009-03-07,03:20:00 PM,15:20:00,Hot-Wet
15.4089386,-19.16143595,LA5,2009-03-07,03:40:00 PM,15:40:00,Hot-Wet
15.40921326,-19.1626709,LA5,2009-03-07,04:00:00 PM,16:00:00,Hot-Wet
15.41072083,-19.16589152,LA5,2009-03-07,04:20:00 PM,16:20:00,Hot-Wet
15.41253459,-19.17451375,LA5,2009-03-07,04:40:00 PM,16:40:00,Hot-Wet
15.41018066,-19.17875366,LA5,2009-03-07,05:00:00 PM,17:00:00,Hot-Wet
15.40928141,-19.18059692,LA5,2009-03-07,05:20:00 PM,17:20:00,Hot-Wet
15.40926921,-19.18061523,LA5,2009-03-07,05:40:00 PM,17:40:00,Hot-Wet
15.41724141,-19.18256632,LA5,2009-03-07,06:00:00 PM,18:00:00,Hot-Wet
15.41724345,-19.18256429,LA5,2009-03-07,06:20:00 PM,18:20:00,Hot-Wet
15.42012431,-19.18435669,LA5,2009-03-07,06:40:00 PM,18:40:00,Hot-Wet
15.42268168,-19.18453979,LA5,2009-03-07,07:00:00 PM,19:00:00,Hot-Wet
15.42549032,-19.18646647,LA5,2009-03-07,07:20:00 PM,19:20:00,Hot-Wet
15.42789205,-19.18808797,LA5,2009-03-07,07:40:00 PM,19:40:00,Hot-Wet
15.43352051,-19.19129842,LA5,2009-03-07,08:00:00 PM,20:00:00,Hot-Wet
15.43352559,-19.19130249,LA5,2009-03-07,08:20:00 PM,20:20:00,Hot-Wet
15.43422139,-19.19169718,LA5,2009-03-07,08:40:00 PM,20:40:00,Hot-Wet
15.43438822,-19.19400431,LA5,2009-03-07,09:00:00 PM,21:00:00,Hot-Wet
15.4342804,-19.19466349,LA5,2009-03-07,09:20:00 PM,21:20:00,Hot-Wet
15.434257,-19.1946696,LA5,2009-03-07,09:40:00 PM,21:40:00,Hot-Wet
15.43552043,-19.19400228,LA5,2009-03-07,10:00:00 PM,22:00:00,Hot-Wet
15.43585103,-19.19260457,LA5,2009-03-07,10:20:00 PM,22:20:00,Hot-Wet
15.43701782,-19.19187012,LA5,2009-03-07,10:40:00 PM,22:40:00,Hot-Wet
15.43746948,-19.18852132,LA5,2009-03-07,11:00:00 PM,23:00:00,Hot-Wet
15.43704631,-19.18665365,LA5,2009-03-07,11:20:00 PM,23:20:00,Hot-Wet
15.43702901,-19.18667806,LA5,2009-03-07,11:40:00 PM,23:40:00,Hot-Wet
15.43769836,-19.18519491,LA5,2009-03-08,12:00:00 AM,00:00:00,Hot-Wet
15.43934428,-19.18465169,LA5,2009-03-08,12:20:00 AM,00:20:00,Hot-Wet
15.43901876,-19.1832784,LA5,2009-03-08,12:40:00 AM,00:40:00,Hot-Wet
15.43901062,-19.18325806,LA5,2009-03-08,01:00:00 AM,01:00:00,Hot-Wet
15.44003194,-19.18340251,LA5,2009-03-08,01:20:00 AM,01:20:00,Hot-Wet
15.44056803,-19.18195394,LA5,2009-03-08,01:40:00 AM,01:40:00,Hot-Wet
15.44053955,-19.1819519,LA5,2009-03-08,02:00:00 AM,02:00:00,Hot-Wet
15.44053752,-19.18195394,LA5,2009-03-08,02:20:00 AM,02:20:00,Hot-Wet
15.44059448,-19.18194784,LA5,2009-03-08,02:40:00 AM,02:40:00,Hot-Wet
15.44136556,-19.18285522,LA5,2009-03-08,03:00:00 AM,03:00:00,Hot-Wet
15.44136658,-19.18285522,LA5,2009-03-08,03:20:00 AM,03:20:00,Hot-Wet
15.44135946,-19.18284912,LA5,2009-03-08,03:40:00 AM,03:40:00,Hot-Wet
15.44138184,-19.1828776,LA5,2009-03-08,04:00:00 AM,04:00:00,Hot-Wet
15.44138387,-19.18287557,LA5,2009-03-08,04:20:00 AM,04:20:00,Hot-Wet
15.44139709,-19.18287964,LA5,2009-03-08,04:40:00 AM,04:40:00,Hot-Wet
15.44135437,-19.18288371,LA5,2009-03-08,05:00:00 AM,05:00:00,Hot-Wet
15.44134725,-19.18291423,LA5,2009-03-08,05:20:00 AM,05:20:00,Hot-Wet
15.44292297,-19.1851359,LA5,2009-03-08,05:40:00 AM,05:40:00,Hot-Wet
15.44291382,-19.18513794,LA5,2009-03-08,06:00:00 AM,06:00:00,Hot-Wet
15.44179688,-19.18621623,LA5,2009-03-08,06:20:00 AM,06:20:00,Hot-Wet
15.4415273,-19.18556315,LA5,2009-03-08,06:40:00 AM,06:40:00,Hot-Wet
15.44111226,-19.18409831,LA5,2009-03-08,07:00:00 AM,07:00:00,Hot-Wet
15.44237366,-19.18484904,LA5,2009-03-08,07:20:00 AM,07:20:00,Hot-Wet
15.44237467,-19.18484904,LA5,2009-03-08,07:40:00 AM,07:40:00,Hot-Wet
15.44322611,-19.18744914,LA5,2009-03-08,08:00:00 AM,08:00:00,Hot-Wet
15.44268799,-19.18722738,LA5,2009-03-08,08:20:00 AM,08:20:00,Hot-Wet
15.44238993,-19.18665975,LA5,2009-03-08,08:40:00 AM,08:40:00,Hot-Wet
15.44245809,-19.1866923,LA5,2009-03-08,09:00:00 AM,09:00:00,Hot-Wet
15.44159953,-19.18867188,LA5,2009-03-08,09:20:00 AM,09:20:00,Hot-Wet
15.44160767,-19.18868205,LA5,2009-03-08,09:40:00 AM,09:40:00,Hot-Wet
15.44416911,-19.18628743,LA5,2009-03-08,10:00:00 AM,10:00:00,Hot-Wet
15.45082804,-19.18674927,LA5,2009-03-08,10:20:00 AM,10:20:00,Hot-Wet
15.45413818,-19.18809001,LA5,2009-03-08,10:40:00 AM,10:40:00,Hot-Wet
15.45831197,-19.19196777,LA5,2009-03-08,11:00:00 AM,11:00:00,Hot-Wet
15.45832214,-19.19196981,LA5,2009-03-08,11:20:00 AM,11:20:00,Hot-Wet
15.4584493,-19.19216512,LA5,2009-03-08,11:40:00 AM,11:40:00,Hot-Wet
15.45843709,-19.19217733,LA5,2009-03-08,12:00:00 PM,12:00:00,Hot-Wet
15.45993449,-19.19277751,LA5,2009-03-08,12:20:00 PM,12:20:00,Hot-Wet
15.45967,-19.19329224,LA5,2009-03-08,12:40:00 PM,12:40:00,Hot-Wet
15.45967407,-19.19329631,LA5,2009-03-08,01:00:00 PM,13:00:00,Hot-Wet
15.4628245,-19.19222209,LA5,2009-03-08,01:20:00 PM,13:20:00,Hot-Wet
15.46900635,-19.19250488,LA5,2009-03-08,01:40:00 PM,13:40:00,Hot-Wet
15.47581787,-19.19371134,LA5,2009-03-08,02:00:00 PM,14:00:00,Hot-Wet
15.48158061,-19.19304403,LA5,2009-03-08,02:20:00 PM,14:20:00,Hot-Wet
15.48464864,-19.19090983,LA5,2009-03-08,02:40:00 PM,14:40:00,Hot-Wet
15.4860321,-19.19174601,LA5,2009-03-08,03:00:00 PM,15:00:00,Hot-Wet
15.48846537,-19.19589233,LA5,2009-03-08,03:20:00 PM,15:20:00,Hot-Wet
15.49182739,-19.1980306,LA5,2009-03-08,03:40:00 PM,15:40:00,Hot-Wet
15.49151408,-19.19937134,LA5,2009-03-08,04:00:00 PM,16:00:00,Hot-Wet
15.49087219,-19.20175985,LA5,2009-03-08,04:20:00 PM,16:20:00,Hot-Wet
15.4908905,-19.20174357,LA5,2009-03-08,04:40:00 PM,16:40:00,Hot-Wet
15.49608968,-19.20155436,LA5,2009-03-08,05:00:00 PM,17:00:00,Hot-Wet
15.50609436,-19.20435384,LA5,2009-03-08,05:20:00 PM,17:20:00,Hot-Wet
15.5151825,-19.20579427,LA5,2009-03-08,05:40:00 PM,17:40:00,Hot-Wet
15.51990662,-19.20270386,LA5,2009-03-08,06:00:00 PM,18:00:00,Hot-Wet
15.52715352,-19.20605876,LA5,2009-03-08,06:20:00 PM,18:20:00,Hot-Wet
15.53013,-19.21227824,LA5,2009-03-08,06:40:00 PM,18:40:00,Hot-Wet
15.53019511,-19.21218669,LA5,2009-03-08,07:00:00 PM,19:00:00,Hot-Wet
15.53020121,-19.21225789,LA5,2009-03-08,07:20:00 PM,19:20:00,Hot-Wet
15.54240011,-19.21563721,LA5,2009-03-08,07:40:00 PM,19:40:00,Hot-Wet
15.56172485,-19.21809692,LA5,2009-03-08,08:00:00 PM,20:00:00,Hot-Wet
15.5617218,-19.21807658,LA5,2009-03-08,08:20:00 PM,20:20:00,Hot-Wet
15.57130737,-19.21977539,LA5,2009-03-08,08:40:00 PM,20:40:00,Hot-Wet
15.57969157,-19.2215332,LA5,2009-03-08,09:00:00 PM,21:00:00,Hot-Wet
15.58396708,-19.22108358,LA5,2009-03-08,09:20:00 PM,21:20:00,Hot-Wet
15.58908285,-19.21968384,LA5,2009-03-08,09:40:00 PM,21:40:00,Hot-Wet
15.5913798,-19.21612142,LA5,2009-03-08,10:00:00 PM,22:00:00,Hot-Wet
15.59200338,-19.21616618,LA5,2009-03-08,10:20:00 PM,22:20:00,Hot-Wet
15.59237671,-19.21839396,LA5,2009-03-08,10:40:00 PM,22:40:00,Hot-Wet
15.59283854,-19.21832886,LA5,2009-03-08,11:00:00 PM,23:00:00,Hot-Wet
15.59327393,-19.21809489,LA5,2009-03-08,11:20:00 PM,23:20:00,Hot-Wet
15.59729513,-19.22017415,LA5,2009-03-08,11:40:00 PM,23:40:00,Hot-Wet
15.59882202,-19.22105713,LA5,2009-03-09,12:00:00 AM,00:00:00,Hot-Wet
15.59869181,-19.22141927,LA5,2009-03-09,12:20:00 AM,00:20:00,Hot-Wet
15.59868876,-19.22144165,LA5,2009-03-09,12:40:00 AM,00:40:00,Hot-Wet
15.60017904,-19.22180379,LA5,2009-03-09,01:00:00 AM,01:00:00,Hot-Wet
15.60312195,-19.22127279,LA5,2009-03-09,01:20:00 AM,01:20:00,Hot-Wet
15.60460917,-19.22070313,LA5,2009-03-09,01:40:00 AM,01:40:00,Hot-Wet
15.60459595,-19.22070109,LA5,2009-03-09,02:00:00 AM,02:00:00,Hot-Wet
15.60461019,-19.22069702,LA5,2009-03-09,02:20:00 AM,02:20:00,Hot-Wet
15.60461731,-19.22070313,LA5,2009-03-09,02:40:00 AM,02:40:00,Hot-Wet
15.60462036,-19.22070516,LA5,2009-03-09,03:00:00 AM,03:00:00,Hot-Wet
15.60460917,-19.22073568,LA5,2009-03-09,03:20:00 AM,03:20:00,Hot-Wet
15.60459086,-19.22073771,LA5,2009-03-09,03:40:00 AM,03:40:00,Hot-Wet
15.60459798,-19.22073771,LA5,2009-03-09,04:00:00 AM,04:00:00,Hot-Wet
15.60460307,-19.22069702,LA5,2009-03-09,04:20:00 AM,04:20:00,Hot-Wet
15.60487467,-19.22027384,LA5,2009-03-09,04:40:00 AM,04:40:00,Hot-Wet
15.60473735,-19.21548055,LA5,2009-03-09,05:00:00 AM,05:00:00,Hot-Wet
15.60602722,-19.20467936,LA5,2009-03-09,05:20:00 AM,05:20:00,Hot-Wet
15.60605876,-19.20482381,LA5,2009-03-09,05:40:00 AM,05:40:00,Hot-Wet
15.61550496,-19.20073039,LA5,2009-03-09,06:00:00 AM,06:00:00,Hot-Wet
15.62538859,-19.19485677,LA5,2009-03-09,06:20:00 AM,06:20:00,Hot-Wet
15.62751363,-19.18876953,LA5,2009-03-09,06:40:00 AM,06:40:00,Hot-Wet
15.63001302,-19.18837484,LA5,2009-03-09,07:00:00 AM,07:00:00,Hot-Wet
15.63674825,-19.18729045,LA5,2009-03-09,07:20:00 AM,07:20:00,Hot-Wet
15.6389801,-19.1879069,LA5,2009-03-09,07:40:00 AM,07:40:00,Hot-Wet
15.63999329,-19.18646037,LA5,2009-03-09,08:00:00 AM,08:00:00,Hot-Wet
15.64255269,-19.18725586,LA5,2009-03-09,08:20:00 AM,08:20:00,Hot-Wet
15.64549967,-19.18463135,LA5,2009-03-09,08:40:00 AM,08:40:00,Hot-Wet
15.64528707,-19.1776652,LA5,2009-03-09,09:00:00 AM,09:00:00,Hot-Wet
15.64514465,-19.17758382,LA5,2009-03-09,09:20:00 AM,09:20:00,Hot-Wet
15.64401449,-19.17624919,LA5,2009-03-09,09:40:00 AM,09:40:00,Hot-Wet
15.64402974,-19.17625122,LA5,2009-03-09,10:00:00 AM,10:00:00,Hot-Wet
15.64433594,-19.17753906,LA5,2009-03-09,10:20:00 AM,10:20:00,Hot-Wet
15.64546,-19.17834269,LA5,2009-03-09,10:40:00 AM,10:40:00,Hot-Wet
15.64831034,-19.18292236,LA5,2009-03-09,11:00:00 AM,11:00:00,Hot-Wet
15.64831645,-19.18291626,LA5,2009-03-09,11:20:00 AM,11:20:00,Hot-Wet
15.64847107,-19.18357544,LA5,2009-03-09,11:40:00 AM,11:40:00,Hot-Wet
15.64847819,-19.18359172,LA5,2009-03-09,12:00:00 PM,12:00:00,Hot-Wet
15.64848633,-19.18360189,LA5,2009-03-09,12:20:00 PM,12:20:00,Hot-Wet
15.64671427,-19.18146769,LA5,2009-03-09,12:40:00 PM,12:40:00,Hot-Wet
15.64406433,-19.18091227,LA5,2009-03-09,01:00:00 PM,13:00:00,Hot-Wet
15.64398295,-19.18133545,LA5,2009-03-09,01:20:00 PM,13:20:00,Hot-Wet
15.64314372,-19.18196208,LA5,2009-03-09,01:40:00 PM,13:40:00,Hot-Wet
15.64099121,-19.18166707,LA5,2009-03-09,02:00:00 PM,14:00:00,Hot-Wet
15.64099325,-19.18167521,LA5,2009-03-09,02:20:00 PM,14:20:00,Hot-Wet
15.64482524,-19.18352254,LA5,2009-03-09,02:40:00 PM,14:40:00,Hot-Wet
15.64603373,-19.18363851,LA5,2009-03-09,03:00:00 PM,15:00:00,Hot-Wet
15.64632365,-19.18480632,LA5,2009-03-09,03:20:00 PM,15:20:00,Hot-Wet
15.64718018,-19.18387044,LA5,2009-03-09,03:40:00 PM,15:40:00,Hot-Wet
15.64739685,-19.18368123,LA5,2009-03-09,04:00:00 PM,16:00:00,Hot-Wet
15.64763692,-19.18327433,LA5,2009-03-09,04:20:00 PM,16:20:00,Hot-Wet
15.65284627,-19.18172201,LA5,2009-03-09,04:40:00 PM,16:40:00,Hot-Wet
15.65470479,-19.18261922,LA5,2009-03-09,05:00:00 PM,17:00:00,Hot-Wet
15.65706685,-19.18153687,LA5,2009-03-09,05:20:00 PM,17:20:00,Hot-Wet
15.65723063,-19.17414144,LA5,2009-03-09,05:40:00 PM,17:40:00,Hot-Wet
15.65435384,-19.17283325,LA5,2009-03-09,06:00:00 PM,18:00:00,Hot-Wet
15.65329081,-19.17318929,LA5,2009-03-09,06:20:00 PM,18:20:00,Hot-Wet
15.65295003,-19.17455444,LA5,2009-03-09,06:40:00 PM,18:40:00,Hot-Wet
15.6524353,-19.17532349,LA5,2009-03-09,07:00:00 PM,19:00:00,Hot-Wet
15.65129598,-19.1763265,LA5,2009-03-09,07:20:00 PM,19:20:00,Hot-Wet
15.65129293,-19.17632446,LA5,2009-03-09,07:40:00 PM,19:40:00,Hot-Wet
15.65156962,-19.1773702,LA5,2009-03-09,08:00:00 PM,20:00:00,Hot-Wet
15.65258891,-19.17802938,LA5,2009-03-09,08:20:00 PM,20:20:00,Hot-Wet
15.65388997,-19.18153483,LA5,2009-03-09,08:40:00 PM,20:40:00,Hot-Wet
15.6538859,-19.1815328,LA5,2009-03-09,09:00:00 PM,21:00:00,Hot-Wet
15.65620524,-19.18451538,LA5,2009-03-09,09:20:00 PM,21:20:00,Hot-Wet
15.65904744,-19.18581543,LA5,2009-03-09,09:40:00 PM,21:40:00,Hot-Wet
15.66036174,-19.18602498,LA5,2009-03-09,10:00:00 PM,22:00:00,Hot-Wet
15.66060994,-19.18688965,LA5,2009-03-09,10:20:00 PM,22:20:00,Hot-Wet
15.66116028,-19.18915812,LA5,2009-03-09,10:40:00 PM,22:40:00,Hot-Wet
15.6631897,-19.19193522,LA5,2009-03-09,11:00:00 PM,23:00:00,Hot-Wet
15.66318359,-19.19192098,LA5,2009-03-09,11:20:00 PM,23:20:00,Hot-Wet
15.6620402,-19.19723307,LA5,2009-03-09,11:40:00 PM,23:40:00,Hot-Wet
15.66205139,-19.19722087,LA5,2009-03-10,12:00:00 AM,00:00:00,Hot-Wet
15.66392314,-19.19823608,LA5,2009-03-10,12:20:00 AM,00:20:00,Hot-Wet
15.66468913,-19.19859619,LA5,2009-03-10,12:40:00 AM,00:40:00,Hot-Wet
15.66512553,-19.20002848,LA5,2009-03-10,01:00:00 AM,01:00:00,Hot-Wet
15.66513265,-19.20004272,LA5,2009-03-10,01:20:00 AM,01:20:00,Hot-Wet
15.66513468,-19.20000203,LA5,2009-03-10,01:40:00 AM,01:40:00,Hot-Wet
15.66512451,-19.20000407,LA5,2009-03-10,02:00:00 AM,02:00:00,Hot-Wet
15.66511434,-19.20000814,LA5,2009-03-10,02:20:00 AM,02:20:00,Hot-Wet
15.66524862,-19.20007528,LA5,2009-03-10,02:40:00 AM,02:40:00,Hot-Wet
15.66521708,-19.20008138,LA5,2009-03-10,03:00:00 AM,03:00:00,Hot-Wet
15.66524251,-19.20015055,LA5,2009-03-10,03:20:00 AM,03:20:00,Hot-Wet
15.66522929,-19.20014038,LA5,2009-03-10,03:40:00 AM,03:40:00,Hot-Wet
15.66523743,-19.20013224,LA5,2009-03-10,04:00:00 AM,04:00:00,Hot-Wet
15.66525981,-19.200118,LA5,2009-03-10,04:20:00 AM,04:20:00,Hot-Wet
15.66525574,-19.20013631,LA5,2009-03-10,04:40:00 AM,04:40:00,Hot-Wet
15.66524251,-19.20010173,LA5,2009-03-10,05:00:00 AM,05:00:00,Hot-Wet
15.66520894,-19.20006917,LA5,2009-03-10,05:20:00 AM,05:20:00,Hot-Wet
15.66519979,-19.200059,LA5,2009-03-10,05:40:00 AM,05:40:00,Hot-Wet
15.66383057,-19.2008138,LA5,2009-03-10,06:00:00 AM,06:00:00,Hot-Wet
15.66387838,-19.20077922,LA5,2009-03-10,06:20:00 AM,06:20:00,Hot-Wet
15.66415507,-19.20216878,LA5,2009-03-10,06:40:00 AM,06:40:00,Hot-Wet
15.66394755,-19.20275065,LA5,2009-03-10,07:00:00 AM,07:00:00,Hot-Wet
15.66355591,-19.20316162,LA5,2009-03-10,07:20:00 AM,07:20:00,Hot-Wet
15.66157227,-19.20267334,LA5,2009-03-10,07:40:00 AM,07:40:00,Hot-Wet
15.65856934,-19.20441081,LA5,2009-03-10,08:00:00 AM,08:00:00,Hot-Wet
15.65858866,-19.20441081,LA5,2009-03-10,08:20:00 AM,08:20:00,Hot-Wet
15.65899353,-19.20322876,LA5,2009-03-10,08:40:00 AM,08:40:00,Hot-Wet
15.66166789,-19.19865926,LA5,2009-03-10,09:00:00 AM,09:00:00,Hot-Wet
15.66422424,-19.18868001,LA5,2009-03-10,09:20:00 AM,09:20:00,Hot-Wet
15.66424561,-19.18867594,LA5,2009-03-10,09:40:00 AM,09:40:00,Hot-Wet
15.6646698,-19.18766276,LA5,2009-03-10,10:00:00 AM,10:00:00,Hot-Wet
15.66210734,-19.18769938,LA5,2009-03-10,10:20:00 AM,10:20:00,Hot-Wet
15.66106059,-19.18871257,LA5,2009-03-10,10:40:00 AM,10:40:00,Hot-Wet
15.65931498,-19.18719076,LA5,2009-03-10,11:00:00 AM,11:00:00,Hot-Wet
15.65929159,-19.187205,LA5,2009-03-10,11:20:00 AM,11:20:00,Hot-Wet
15.66170858,-19.18572795,LA5,2009-03-10,11:40:00 AM,11:40:00,Hot-Wet
15.66269938,-19.18635661,LA5,2009-03-10,12:00:00 PM,12:00:00,Hot-Wet
15.66391907,-19.18668416,LA5,2009-03-10,12:20:00 PM,12:20:00,Hot-Wet
15.66394246,-19.18664754,LA5,2009-03-10,12:40:00 PM,12:40:00,Hot-Wet
15.66351217,-19.18502197,LA5,2009-03-10,01:00:00 PM,13:00:00,Hot-Wet
15.65997009,-19.17672526,LA5,2009-03-10,01:20:00 PM,13:20:00,Hot-Wet
15.65892232,-19.17393595,LA5,2009-03-10,01:40:00 PM,13:40:00,Hot-Wet
15.65895589,-19.17398885,LA5,2009-03-10,02:00:00 PM,14:00:00,Hot-Wet
15.65989482,-19.17489827,LA5,2009-03-10,02:20:00 PM,14:20:00,Hot-Wet
15.66001282,-19.17567546,LA5,2009-03-10,02:40:00 PM,14:40:00,Hot-Wet
15.65827433,-19.1741984,LA5,2009-03-10,03:00:00 PM,15:00:00,Hot-Wet
15.65516154,-19.17595418,LA5,2009-03-10,03:20:00 PM,15:20:00,Hot-Wet
15.65297852,-19.17691243,LA5,2009-03-10,03:40:00 PM,15:40:00,Hot-Wet
15.64966838,-19.17881266,LA5,2009-03-10,04:00:00 PM,16:00:00,Hot-Wet
15.64887085,-19.18094076,LA5,2009-03-10,04:20:00 PM,16:20:00,Hot-Wet
15.64845276,-19.18221436,LA5,2009-03-10,04:40:00 PM,16:40:00,Hot-Wet
15.64783223,-19.18420003,LA5,2009-03-10,05:00:00 PM,17:00:00,Hot-Wet
15.64723307,-19.18491821,LA5,2009-03-10,05:20:00 PM,17:20:00,Hot-Wet
15.64723206,-19.18490601,LA5,2009-03-10,05:40:00 PM,17:40:00,Hot-Wet
15.64791972,-19.18599243,LA5,2009-03-10,06:00:00 PM,18:00:00,Hot-Wet
15.65386454,-19.19008789,LA5,2009-03-10,06:20:00 PM,18:20:00,Hot-Wet
15.65657247,-19.1931722,LA5,2009-03-10,06:40:00 PM,18:40:00,Hot-Wet
15.65996399,-19.19655762,LA5,2009-03-10,07:00:00 PM,19:00:00,Hot-Wet
15.66082458,-19.19874878,LA5,2009-03-10,07:20:00 PM,19:20:00,Hot-Wet
15.66490377,-19.20169067,LA5,2009-03-10,07:40:00 PM,19:40:00,Hot-Wet
15.66580709,-19.20445353,LA5,2009-03-10,08:00:00 PM,20:00:00,Hot-Wet
15.66557719,-19.20525309,LA5,2009-03-10,08:20:00 PM,20:20:00,Hot-Wet
15.66702576,-19.20614421,LA5,2009-03-10,08:40:00 PM,20:40:00,Hot-Wet
15.66702372,-19.20614421,LA5,2009-03-10,09:00:00 PM,21:00:00,Hot-Wet
15.66748861,-19.20686849,LA5,2009-03-10,09:20:00 PM,21:20:00,Hot-Wet
15.66889038,-19.20748901,LA5,2009-03-10,09:40:00 PM,21:40:00,Hot-Wet
15.6688975,-19.20749308,LA5,2009-03-10,10:00:00 PM,22:00:00,Hot-Wet
15.66878052,-19.21121623,LA5,2009-03-10,10:20:00 PM,22:20:00,Hot-Wet
15.66876628,-19.21264445,LA5,2009-03-10,10:40:00 PM,22:40:00,Hot-Wet
15.66814168,-19.21349894,LA5,2009-03-10,11:00:00 PM,23:00:00,Hot-Wet
15.66776021,-19.21556803,LA5,2009-03-10,11:20:00 PM,23:20:00,Hot-Wet
15.66776632,-19.21555583,LA5,2009-03-10,11:40:00 PM,23:40:00,Hot-Wet
15.66920878,-19.21641032,LA5,2009-03-11,12:00:00 AM,00:00:00,Hot-Wet
15.6712677,-19.21577759,LA5,2009-03-11,12:20:00 AM,00:20:00,Hot-Wet
15.67220357,-19.21650798,LA5,2009-03-11,12:40:00 AM,00:40:00,Hot-Wet
15.67221375,-19.21650187,LA5,2009-03-11,01:00:00 AM,01:00:00,Hot-Wet
15.67222799,-19.2164978,LA5,2009-03-11,01:20:00 AM,01:20:00,Hot-Wet
15.67226563,-19.21643066,LA5,2009-03-11,01:40:00 AM,01:40:00,Hot-Wet
15.67222493,-19.21643677,LA5,2009-03-11,02:00:00 AM,02:00:00,Hot-Wet
15.67222595,-19.2164327,LA5,2009-03-11,02:20:00 AM,02:20:00,Hot-Wet
15.67225647,-19.21644694,LA5,2009-03-11,02:40:00 AM,02:40:00,Hot-Wet
15.67223002,-19.21644287,LA5,2009-03-11,03:00:00 AM,03:00:00,Hot-Wet
15.67223002,-19.21643473,LA5,2009-03-11,03:20:00 AM,03:20:00,Hot-Wet
15.67222595,-19.21643473,LA5,2009-03-11,03:40:00 AM,03:40:00,Hot-Wet
15.67221883,-19.21645711,LA5,2009-03-11,04:00:00 AM,04:00:00,Hot-Wet
15.672229,-19.21645508,LA5,2009-03-11,04:20:00 AM,04:20:00,Hot-Wet
15.67222697,-19.21644287,LA5,2009-03-11,04:40:00 AM,04:40:00,Hot-Wet
15.67221781,-19.21642456,LA5,2009-03-11,05:00:00 AM,05:00:00,Hot-Wet
15.6728068,-19.21510824,LA5,2009-03-11,05:20:00 AM,05:20:00,Hot-Wet
15.67206116,-19.212736,LA5,2009-03-11,05:40:00 AM,05:40:00,Hot-Wet
15.67205811,-19.21273193,LA5,2009-03-11,06:00:00 AM,06:00:00,Hot-Wet
15.671639,-19.21292928,LA5,2009-03-11,06:20:00 AM,06:20:00,Hot-Wet
15.66994222,-19.21255493,LA5,2009-03-11,06:40:00 AM,06:40:00,Hot-Wet
15.66994934,-19.21254476,LA5,2009-03-11,07:00:00 AM,07:00:00,Hot-Wet
15.67143351,-19.21566569,LA5,2009-03-11,07:20:00 AM,07:20:00,Hot-Wet
15.67612203,-19.21829224,LA5,2009-03-11,07:40:00 AM,07:40:00,Hot-Wet
15.68241475,-19.22327677,LA5,2009-03-11,08:00:00 AM,08:00:00,Hot-Wet
15.68707581,-19.22015991,LA5,2009-03-11,08:20:00 AM,08:20:00,Hot-Wet
15.68562826,-19.21416016,LA5,2009-03-11,08:40:00 AM,08:40:00,Hot-Wet
15.68189392,-19.21060791,LA5,2009-03-11,09:00:00 AM,09:00:00,Hot-Wet
15.67760213,-19.21017049,LA5,2009-03-11,09:20:00 AM,09:20:00,Hot-Wet
15.67415568,-19.20982869,LA5,2009-03-11,09:40:00 AM,09:40:00,Hot-Wet
15.67257385,-19.20757853,LA5,2009-03-11,10:00:00 AM,10:00:00,Hot-Wet
15.67204793,-19.20693359,LA5,2009-03-11,10:20:00 AM,10:20:00,Hot-Wet
15.67150574,-19.20607503,LA5,2009-03-11,10:40:00 AM,10:40:00,Hot-Wet
15.67151896,-19.20608521,LA5,2009-03-11,11:00:00 AM,11:00:00,Hot-Wet
15.6688914,-19.19337565,LA5,2009-03-11,11:20:00 AM,11:20:00,Hot-Wet
15.66885986,-19.19076538,LA5,2009-03-11,11:40:00 AM,11:40:00,Hot-Wet
15.66653239,-19.18887126,LA5,2009-03-11,12:00:00 PM,12:00:00,Hot-Wet
15.66314087,-19.18907267,LA5,2009-03-11,12:20:00 PM,12:20:00,Hot-Wet
15.66224467,-19.1901001,LA5,2009-03-11,12:40:00 PM,12:40:00,Hot-Wet
15.66087646,-19.19390666,LA5,2009-03-11,01:00:00 PM,13:00:00,Hot-Wet
15.65915324,-19.18905233,LA5,2009-03-11,01:20:00 PM,13:20:00,Hot-Wet
15.65826314,-19.1861674,LA5,2009-03-11,01:40:00 PM,13:40:00,Hot-Wet
15.65825907,-19.18618978,LA5,2009-03-11,02:00:00 PM,14:00:00,Hot-Wet
15.65977681,-19.18338826,LA5,2009-03-11,02:20:00 PM,14:20:00,Hot-Wet
15.66124471,-19.18320516,LA5,2009-03-11,02:40:00 PM,14:40:00,Hot-Wet
15.66212158,-19.17759399,LA5,2009-03-11,03:00:00 PM,15:00:00,Hot-Wet
15.65495911,-19.17379761,LA5,2009-03-11,03:20:00 PM,15:20:00,Hot-Wet
15.655012,-19.17386271,LA5,2009-03-11,03:40:00 PM,15:40:00,Hot-Wet
15.6569163,-19.16963908,LA5,2009-03-11,04:00:00 PM,16:00:00,Hot-Wet
15.6579895,-19.16999105,LA5,2009-03-11,04:20:00 PM,16:20:00,Hot-Wet
15.65668437,-19.17294312,LA5,2009-03-11,04:40:00 PM,16:40:00,Hot-Wet
15.65294596,-19.17406209,LA5,2009-03-11,05:00:00 PM,17:00:00,Hot-Wet
15.65042114,-19.17387288,LA5,2009-03-11,05:20:00 PM,17:20:00,Hot-Wet
15.64643758,-19.17348022,LA5,2009-03-11,05:40:00 PM,17:40:00,Hot-Wet
15.6452891,-19.17143962,LA5,2009-03-11,06:00:00 PM,18:00:00,Hot-Wet
15.64288737,-19.1727417,LA5,2009-03-11,06:20:00 PM,18:20:00,Hot-Wet
15.64182943,-19.17375488,LA5,2009-03-11,06:40:00 PM,18:40:00,Hot-Wet
15.63898214,-19.17522786,LA5,2009-03-11,07:00:00 PM,19:00:00,Hot-Wet
15.63770955,-19.17669067,LA5,2009-03-11,07:20:00 PM,19:20:00,Hot-Wet
15.63683268,-19.17567749,LA5,2009-03-11,07:40:00 PM,19:40:00,Hot-Wet
15.63605652,-19.17508952,LA5,2009-03-11,08:00:00 PM,20:00:00,Hot-Wet
15.63505452,-19.17555745,LA5,2009-03-11,08:20:00 PM,20:20:00,Hot-Wet
15.63480428,-19.17533773,LA5,2009-03-11,08:40:00 PM,20:40:00,Hot-Wet
15.63383484,-19.17680054,LA5,2009-03-11,09:00:00 PM,21:00:00,Hot-Wet
15.63308716,-19.17850952,LA5,2009-03-11,09:20:00 PM,21:20:00,Hot-Wet
15.63256429,-19.1806722,LA5,2009-03-11,09:40:00 PM,21:40:00,Hot-Wet
15.63255819,-19.18066406,LA5,2009-03-11,10:00:00 PM,22:00:00,Hot-Wet
15.63501078,-19.18047485,LA5,2009-03-11,10:20:00 PM,22:20:00,Hot-Wet
15.63626811,-19.18052979,LA5,2009-03-11,10:40:00 PM,22:40:00,Hot-Wet
15.64057617,-19.1811971,LA5,2009-03-11,11:00:00 PM,23:00:00,Hot-Wet
15.64278971,-19.18111572,LA5,2009-03-11,11:20:00 PM,23:20:00,Hot-Wet
15.64307048,-19.18145345,LA5,2009-03-11,11:40:00 PM,23:40:00,Hot-Wet
15.64430542,-19.18158773,LA5,2009-03-12,12:00:00 AM,00:00:00,Hot-Wet
15.64455872,-19.18214315,LA5,2009-03-12,12:20:00 AM,00:20:00,Hot-Wet
15.6445811,-19.18314616,LA5,2009-03-12,12:40:00 AM,00:40:00,Hot-Wet
15.64536438,-19.18418986,LA5,2009-03-12,01:00:00 AM,01:00:00,Hot-Wet
15.64546611,-19.18418579,LA5,2009-03-12,01:20:00 AM,01:20:00,Hot-Wet
15.64546916,-19.18417562,LA5,2009-03-12,01:40:00 AM,01:40:00,Hot-Wet
15.64547323,-19.18419189,LA5,2009-03-12,02:00:00 AM,02:00:00,Hot-Wet
15.64547221,-19.18418783,LA5,2009-03-12,02:20:00 AM,02:20:00,Hot-Wet
15.64547017,-19.18420207,LA5,2009-03-12,02:40:00 AM,02:40:00,Hot-Wet
15.64546916,-19.18420614,LA5,2009-03-12,03:00:00 AM,03:00:00,Hot-Wet
15.64545085,-19.18418783,LA5,2009-03-12,03:20:00 AM,03:20:00,Hot-Wet
15.64546305,-19.18419189,LA5,2009-03-12,03:40:00 AM,03:40:00,Hot-Wet
15.64552612,-19.18417969,LA5,2009-03-12,04:00:00 AM,04:00:00,Hot-Wet
15.64552511,-19.18416748,LA5,2009-03-12,04:20:00 AM,04:20:00,Hot-Wet
15.64553121,-19.18419393,LA5,2009-03-12,04:40:00 AM,04:40:00,Hot-Wet
15.64566345,-19.18373413,LA5,2009-03-12,05:00:00 AM,05:00:00,Hot-Wet
15.64566549,-19.18374023,LA5,2009-03-12,05:20:00 AM,05:20:00,Hot-Wet
15.64615173,-19.18480225,LA5,2009-03-12,05:40:00 AM,05:40:00,Hot-Wet
15.64677327,-19.18480021,LA5,2009-03-12,06:00:00 AM,06:00:00,Hot-Wet
15.64720459,-19.18491618,LA5,2009-03-12,06:20:00 AM,06:20:00,Hot-Wet
15.64721171,-19.18383993,LA5,2009-03-12,06:40:00 AM,06:40:00,Hot-Wet
15.64723409,-19.18381144,LA5,2009-03-12,07:00:00 AM,07:00:00,Hot-Wet
15.64840088,-19.18366089,LA5,2009-03-12,07:20:00 AM,07:20:00,Hot-Wet
15.65414327,-19.18486938,LA5,2009-03-12,07:40:00 AM,07:40:00,Hot-Wet
15.66011963,-19.18681844,LA5,2009-03-12,08:00:00 AM,08:00:00,Hot-Wet
15.66304932,-19.18990885,LA5,2009-03-12,08:20:00 AM,08:20:00,Hot-Wet
15.66887105,-19.1956014,LA5,2009-03-12,08:40:00 AM,08:40:00,Hot-Wet
15.67025045,-19.20084839,LA5,2009-03-12,09:00:00 AM,09:00:00,Hot-Wet
15.67024333,-19.2008606,LA5,2009-03-12,09:20:00 AM,09:20:00,Hot-Wet
15.67242432,-19.20320841,LA5,2009-03-12,09:40:00 AM,09:40:00,Hot-Wet
15.67359111,-19.20322876,LA5,2009-03-12,10:00:00 AM,10:00:00,Hot-Wet
15.67492371,-19.20663045,LA5,2009-03-12,10:20:00 AM,10:20:00,Hot-Wet
15.67814636,-19.2071818,LA5,2009-03-12,10:40:00 AM,10:40:00,Hot-Wet
15.67925822,-19.20923462,LA5,2009-03-12,11:00:00 AM,11:00:00,Hot-Wet
15.6808665,-19.21315511,LA5,2009-03-12,11:20:00 AM,11:20:00,Hot-Wet
15.6782074,-19.21358032,LA5,2009-03-12,11:40:00 AM,11:40:00,Hot-Wet
15.6747996,-19.21517537,LA5,2009-03-12,12:00:00 PM,12:00:00,Hot-Wet
15.67438049,-19.21843262,LA5,2009-03-12,12:20:00 PM,12:20:00,Hot-Wet
15.67345785,-19.21959635,LA5,2009-03-12,12:40:00 PM,12:40:00,Hot-Wet
15.67204997,-19.21959635,LA5,2009-03-12,01:00:00 PM,13:00:00,Hot-Wet
15.66797078,-19.22152913,LA5,2009-03-12,01:20:00 PM,13:20:00,Hot-Wet
15.66614482,-19.22191366,LA5,2009-03-12,01:40:00 PM,13:40:00,Hot-Wet
15.6647939,-19.22428182,LA5,2009-03-12,02:00:00 PM,14:00:00,Hot-Wet
15.66481323,-19.22427572,LA5,2009-03-12,02:20:00 PM,14:20:00,Hot-Wet
15.66482035,-19.22426961,LA5,2009-03-12,02:40:00 PM,14:40:00,Hot-Wet
15.66459757,-19.23025716,LA5,2009-03-12,03:00:00 PM,15:00:00,Hot-Wet
15.65900472,-19.23482056,LA5,2009-03-12,03:20:00 PM,15:20:00,Hot-Wet
15.65310872,-19.2377238,LA5,2009-03-12,03:40:00 PM,15:40:00,Hot-Wet
15.64752808,-19.23977051,LA5,2009-03-12,04:00:00 PM,16:00:00,Hot-Wet
15.64638672,-19.2411499,LA5,2009-03-12,04:20:00 PM,16:20:00,Hot-Wet
15.64639994,-19.24115804,LA5,2009-03-12,04:40:00 PM,16:40:00,Hot-Wet
15.64664307,-19.24152222,LA5,2009-03-12,05:00:00 PM,17:00:00,Hot-Wet
15.64934489,-19.24061076,LA5,2009-03-12,05:20:00 PM,17:20:00,Hot-Wet
15.65347697,-19.24169108,LA5,2009-03-12,05:40:00 PM,17:40:00,Hot-Wet
15.65349833,-19.24164225,LA5,2009-03-12,06:00:00 PM,18:00:00,Hot-Wet
15.65433451,-19.24187012,LA5,2009-03-12,06:20:00 PM,18:20:00,Hot-Wet
15.65669352,-19.24314372,LA5,2009-03-12,06:40:00 PM,18:40:00,Hot-Wet
15.65829163,-19.24411214,LA5,2009-03-12,07:00:00 PM,19:00:00,Hot-Wet
15.66025187,-19.24400431,LA5,2009-03-12,07:20:00 PM,19:20:00,Hot-Wet
15.66195068,-19.24679565,LA5,2009-03-12,07:40:00 PM,19:40:00,Hot-Wet
15.66194865,-19.24679362,LA5,2009-03-12,08:00:00 PM,20:00:00,Hot-Wet
15.66257121,-19.24886882,LA5,2009-03-12,08:20:00 PM,20:20:00,Hot-Wet
15.66177775,-19.25311279,LA5,2009-03-12,08:40:00 PM,20:40:00,Hot-Wet
15.66176453,-19.25311076,LA5,2009-03-12,09:00:00 PM,21:00:00,Hot-Wet
15.66272481,-19.25421143,LA5,2009-03-12,09:20:00 PM,21:20:00,Hot-Wet
15.6645223,-19.25281779,LA5,2009-03-12,09:40:00 PM,21:40:00,Hot-Wet
15.66456807,-19.25283,LA5,2009-03-12,10:00:00 PM,22:00:00,Hot-Wet
15.66463826,-19.25126139,LA5,2009-03-12,10:20:00 PM,22:20:00,Hot-Wet
15.66463725,-19.25125936,LA5,2009-03-12,10:40:00 PM,22:40:00,Hot-Wet
15.66466471,-19.25184733,LA5,2009-03-12,11:00:00 PM,23:00:00,Hot-Wet
15.66470032,-19.25186157,LA5,2009-03-12,11:20:00 PM,23:20:00,Hot-Wet
15.66389669,-19.24673462,LA5,2009-03-12,11:40:00 PM,23:40:00,Hot-Wet
15.66389669,-19.24675903,LA5,2009-03-13,12:00:38 AM,00:00:00,Hot-Wet
15.66494344,-19.2444987,LA5,2009-03-13,12:20:38 AM,00:20:00,Hot-Wet
15.66581217,-19.24199219,LA5,2009-03-13,12:40:38 AM,00:40:00,Hot-Wet
15.66634928,-19.24135742,LA5,2009-03-13,01:00:38 AM,01:00:00,Hot-Wet
15.66634216,-19.24058838,LA5,2009-03-13,01:20:38 AM,01:20:00,Hot-Wet
15.66623942,-19.24025065,LA5,2009-03-13,01:40:38 AM,01:40:00,Hot-Wet
15.66618042,-19.24024048,LA5,2009-03-13,02:00:38 AM,02:00:00,Hot-Wet
15.66618856,-19.24026693,LA5,2009-03-13,02:20:38 AM,02:20:00,Hot-Wet
15.66617432,-19.24024251,LA5,2009-03-13,02:40:38 AM,02:40:00,Hot-Wet
15.66619263,-19.24023234,LA5,2009-03-13,03:00:38 AM,03:00:00,Hot-Wet
15.66613871,-19.24029541,LA5,2009-03-13,03:20:38 AM,03:20:00,Hot-Wet
15.66618347,-19.24030965,LA5,2009-03-13,03:40:38 AM,03:40:00,Hot-Wet
15.66614787,-19.24033407,LA5,2009-03-13,04:00:38 AM,04:00:00,Hot-Wet
15.66614889,-19.2403361,LA5,2009-03-13,04:20:38 AM,04:20:00,Hot-Wet
15.6661499,-19.24033,LA5,2009-03-13,04:40:38 AM,04:40:00,Hot-Wet
15.6662028,-19.24034424,LA5,2009-03-13,05:00:38 AM,05:00:00,Hot-Wet
15.66654053,-19.23718872,LA5,2009-03-13,05:20:38 AM,05:20:00,Hot-Wet
15.66653951,-19.23718669,LA5,2009-03-13,05:40:38 AM,05:40:00,Hot-Wet
15.66941325,-19.23221029,LA5,2009-03-13,06:00:38 AM,06:00:00,Hot-Wet
15.67059428,-19.22817586,LA5,2009-03-13,06:20:38 AM,06:20:00,Hot-Wet
15.66947123,-19.22630412,LA5,2009-03-13,06:40:38 AM,06:40:00,Hot-Wet
15.66497904,-19.22085978,LA5,2009-03-13,07:00:38 AM,07:00:00,Hot-Wet
15.6649821,-19.22086589,LA5,2009-03-13,07:20:38 AM,07:20:00,Hot-Wet
15.66497192,-19.21830648,LA5,2009-03-13,07:40:38 AM,07:40:00,Hot-Wet
15.66547953,-19.21447754,LA5,2009-03-13,08:00:38 AM,08:00:00,Hot-Wet
15.6658315,-19.21264038,LA5,2009-03-13,08:20:38 AM,08:20:00,Hot-Wet
15.66572978,-19.21172689,LA5,2009-03-13,08:40:38 AM,08:40:00,Hot-Wet
15.66611023,-19.20893962,LA5,2009-03-13,09:00:38 AM,09:00:00,Hot-Wet
15.66773783,-19.20678914,LA5,2009-03-13,09:20:38 AM,09:20:00,Hot-Wet
15.67077128,-19.20535482,LA5,2009-03-13,09:40:38 AM,09:40:00,Hot-Wet
15.67045593,-19.19957275,LA5,2009-03-13,10:00:38 AM,10:00:00,Hot-Wet
15.6687439,-19.19453328,LA5,2009-03-13,10:20:38 AM,10:20:00,Hot-Wet
15.66949361,-19.19173177,LA5,2009-03-13,10:40:38 AM,10:40:00,Hot-Wet
15.66946818,-19.19169515,LA5,2009-03-13,11:00:38 AM,11:00:00,Hot-Wet
15.67002563,-19.19174398,LA5,2009-03-13,11:20:38 AM,11:20:00,Hot-Wet
15.66809184,-19.18846029,LA5,2009-03-13,11:40:38 AM,11:40:00,Hot-Wet
15.66382955,-19.18807576,LA5,2009-03-13,12:00:38 PM,12:00:00,Hot-Wet
15.65927429,-19.18345947,LA5,2009-03-13,12:20:38 PM,12:20:00,Hot-Wet
15.65399882,-19.18290405,LA5,2009-03-13,12:40:38 PM,12:40:00,Hot-Wet
15.64838562,-19.18058879,LA5,2009-03-13,01:00:38 PM,13:00:00,Hot-Wet
15.64585775,-19.18070272,LA5,2009-03-13,01:20:38 PM,13:20:00,Hot-Wet
15.64432373,-19.18085327,LA5,2009-03-13,01:40:38 PM,13:40:00,Hot-Wet
15.64769796,-19.17839966,LA5,2009-03-13,02:00:38 PM,14:00:00,Hot-Wet
15.64975891,-19.17359619,LA5,2009-03-13,02:20:38 PM,14:20:00,Hot-Wet
15.6449412,-19.17052612,LA5,2009-03-13,02:40:38 PM,14:40:00,Hot-Wet
15.64436544,-19.168337,LA5,2009-03-13,03:00:38 PM,15:00:00,Hot-Wet
15.64700419,-19.16611735,LA5,2009-03-13,03:20:38 PM,15:20:00,Hot-Wet
15.64397583,-19.1642924,LA5,2009-03-13,03:40:38 PM,15:40:00,Hot-Wet
15.64411214,-19.16254679,LA5,2009-03-13,04:00:38 PM,16:00:00,Hot-Wet
15.63752238,-19.16623739,LA5,2009-03-13,04:20:38 PM,16:20:00,Hot-Wet
15.63752441,-19.16623128,LA5,2009-03-13,04:40:38 PM,16:40:00,Hot-Wet
15.63406982,-19.16917521,LA5,2009-03-13,05:00:38 PM,17:00:00,Hot-Wet
15.63175761,-19.17115479,LA5,2009-03-13,05:20:38 PM,17:20:00,Hot-Wet
15.63292338,-19.17160238,LA5,2009-03-13,05:40:38 PM,17:40:00,Hot-Wet
15.63274536,-19.17157186,LA5,2009-03-13,06:00:38 PM,18:00:00,Hot-Wet
15.63292033,-19.17305298,LA5,2009-03-13,06:20:38 PM,18:20:00,Hot-Wet
15.63394165,-19.17289429,LA5,2009-03-13,06:40:38 PM,18:40:00,Hot-Wet
15.63430888,-19.17295736,LA5,2009-03-13,07:00:38 PM,19:00:00,Hot-Wet
15.63410339,-19.17279256,LA5,2009-03-13,07:20:38 PM,19:20:00,Hot-Wet
15.63409424,-19.17235718,LA5,2009-03-13,07:40:38 PM,19:40:00,Hot-Wet
15.63409932,-19.17235718,LA5,2009-03-13,08:00:38 PM,20:00:00,Hot-Wet
15.63583984,-19.17918498,LA5,2009-03-13,08:20:38 PM,20:20:00,Hot-Wet
15.64272156,-19.18463338,LA5,2009-03-13,08:40:38 PM,20:40:00,Hot-Wet
15.64468282,-19.1904012,LA5,2009-03-13,09:00:38 PM,21:00:00,Hot-Wet
15.64661967,-19.19756266,LA5,2009-03-13,09:20:38 PM,21:20:00,Hot-Wet
15.6497467,-19.20671183,LA5,2009-03-13,09:40:38 PM,21:40:00,Hot-Wet
15.65488688,-19.21240438,LA5,2009-03-13,10:00:38 PM,22:00:00,Hot-Wet
15.65814107,-19.21679688,LA5,2009-03-13,10:20:38 PM,22:20:00,Hot-Wet
15.6617391,-19.2194519,LA5,2009-03-13,10:40:38 PM,22:40:00,Hot-Wet
15.66344198,-19.2207723,LA5,2009-03-13,11:00:38 PM,23:00:00,Hot-Wet
15.66446431,-19.22016398,LA5,2009-03-13,11:20:38 PM,23:20:00,Hot-Wet
15.66511536,-19.22101237,LA5,2009-03-13,11:40:38 PM,23:40:00,Hot-Wet
15.66510213,-19.2222758,LA5,2009-03-14,12:00:38 AM,00:00:00,Hot-Wet
15.66497904,-19.22373657,LA5,2009-03-14,12:20:38 AM,00:20:00,Hot-Wet
15.66558024,-19.22399699,LA5,2009-03-14,12:40:38 AM,00:40:00,Hot-Wet
15.66652323,-19.22668254,LA5,2009-03-14,01:00:38 AM,01:00:00,Hot-Wet
15.66652832,-19.2266866,LA5,2009-03-14,01:20:38 AM,01:20:00,Hot-Wet
15.66661682,-19.22831217,LA5,2009-03-14,01:40:38 AM,01:40:00,Hot-Wet
15.66614583,-19.22913615,LA5,2009-03-14,02:00:38 AM,02:00:00,Hot-Wet
15.66612752,-19.22906494,LA5,2009-03-14,02:20:38 AM,02:20:00,Hot-Wet
15.66613464,-19.22907715,LA5,2009-03-14,02:40:38 AM,02:40:00,Hot-Wet
15.66664225,-19.22889811,LA5,2009-03-14,03:00:38 AM,03:00:00,Hot-Wet
15.66664937,-19.22890828,LA5,2009-03-14,03:20:38 AM,03:20:00,Hot-Wet
15.66665141,-19.22890015,LA5,2009-03-14,03:40:38 AM,03:40:00,Hot-Wet
15.66667379,-19.22891439,LA5,2009-03-14,04:00:38 AM,04:00:00,Hot-Wet
15.67219442,-19.2291036,LA5,2009-03-14,04:20:38 AM,04:20:00,Hot-Wet
15.6721873,-19.22910563,LA5,2009-03-14,04:40:38 AM,04:40:00,Hot-Wet
15.67566935,-19.22777303,LA5,2009-03-14,05:00:38 AM,05:00:00,Hot-Wet
15.67879944,-19.22590129,LA5,2009-03-14,05:20:38 AM,05:20:00,Hot-Wet
15.67957357,-19.22548014,LA5,2009-03-14,05:40:38 AM,05:40:00,Hot-Wet
15.68021139,-19.2254659,LA5,2009-03-14,06:00:38 AM,06:00:00,Hot-Wet
15.68020121,-19.22545573,LA5,2009-03-14,06:20:38 AM,06:20:00,Hot-Wet
15.68021647,-19.2254598,LA5,2009-03-14,06:40:38 AM,06:40:00,Hot-Wet
15.68308919,-19.22478638,LA5,2009-03-14,07:00:38 AM,07:00:00,Hot-Wet
15.68659058,-19.22704264,LA5,2009-03-14,07:20:38 AM,07:20:00,Hot-Wet
15.68776245,-19.22831421,LA5,2009-03-14,07:40:38 AM,07:40:00,Hot-Wet
15.69246419,-19.23247274,LA5,2009-03-14,08:00:38 AM,08:00:00,Hot-Wet
15.69497782,-19.23319702,LA5,2009-03-14,08:20:38 AM,08:20:00,Hot-Wet
15.69848022,-19.23559163,LA5,2009-03-14,08:40:38 AM,08:40:00,Hot-Wet
15.69913025,-19.23661906,LA5,2009-03-14,09:00:38 AM,09:00:00,Hot-Wet
15.70035502,-19.23722738,LA5,2009-03-14,09:20:38 AM,09:20:00,Hot-Wet
15.70249634,-19.23722127,LA5,2009-03-14,09:40:38 AM,09:40:00,Hot-Wet
15.70340169,-19.23667603,LA5,2009-03-14,10:00:38 AM,10:00:00,Hot-Wet
15.70109253,-19.23413289,LA5,2009-03-14,10:20:38 AM,10:20:00,Hot-Wet
15.70056966,-19.23346151,LA5,2009-03-14,10:40:38 AM,10:40:00,Hot-Wet
15.70128581,-19.23156738,LA5,2009-03-14,11:00:38 AM,11:00:00,Hot-Wet
15.70128479,-19.23154093,LA5,2009-03-14,11:20:38 AM,11:20:00,Hot-Wet
15.70130615,-19.23154297,LA5,2009-03-14,11:40:38 AM,11:40:00,Hot-Wet
15.70859477,-19.23236898,LA5,2009-03-14,12:00:38 PM,12:00:00,Hot-Wet
15.70858154,-19.23236491,LA5,2009-03-14,12:20:38 PM,12:20:00,Hot-Wet
15.71151937,-19.23178304,LA5,2009-03-14,12:40:38 PM,12:40:00,Hot-Wet
15.7162852,-19.22866211,LA5,2009-03-14,01:00:38 PM,13:00:00,Hot-Wet
15.72697754,-19.22443644,LA5,2009-03-14,01:20:38 PM,13:20:00,Hot-Wet
15.73529867,-19.22408854,LA5,2009-03-14,01:40:38 PM,13:40:00,Hot-Wet
15.73935649,-19.22947795,LA5,2009-03-14,02:00:38 PM,14:00:00,Hot-Wet
15.74259745,-19.23408813,LA5,2009-03-14,02:20:38 PM,14:20:00,Hot-Wet
15.74628194,-19.23735352,LA5,2009-03-14,02:40:38 PM,14:40:00,Hot-Wet
15.75353597,-19.24165039,LA5,2009-03-14,03:00:38 PM,15:00:00,Hot-Wet
15.75559998,-19.24412231,LA5,2009-03-14,03:20:38 PM,15:20:00,Hot-Wet
15.75609741,-19.2451884,LA5,2009-03-14,03:40:38 PM,15:40:00,Hot-Wet
15.76053162,-19.24415894,LA5,2009-03-14,04:00:38 PM,16:00:00,Hot-Wet
15.76053263,-19.24416707,LA5,2009-03-14,04:20:38 PM,16:20:00,Hot-Wet
15.76644491,-19.24182332,LA5,2009-03-14,04:40:38 PM,16:40:00,Hot-Wet
15.77125041,-19.24192505,LA5,2009-03-14,05:00:38 PM,17:00:00,Hot-Wet
15.77455546,-19.23834635,LA5,2009-03-14,05:20:38 PM,17:20:00,Hot-Wet
15.7796285,-19.24035034,LA5,2009-03-14,05:40:38 PM,17:40:00,Hot-Wet
15.78538615,-19.24081421,LA5,2009-03-14,06:00:38 PM,18:00:00,Hot-Wet
15.78753866,-19.24494832,LA5,2009-03-14,06:20:38 PM,18:20:00,Hot-Wet
15.78980509,-19.24500326,LA5,2009-03-14,06:40:38 PM,18:40:00,Hot-Wet
15.79151306,-19.24635213,LA5,2009-03-14,07:00:38 PM,19:00:00,Hot-Wet
15.79210409,-19.24765422,LA5,2009-03-14,07:20:38 PM,19:20:00,Hot-Wet
15.79480794,-19.24755249,LA5,2009-03-14,07:40:38 PM,19:40:00,Hot-Wet
15.79521993,-19.25036214,LA5,2009-03-14,08:00:38 PM,20:00:00,Hot-Wet
15.79521993,-19.25036011,LA5,2009-03-14,08:20:38 PM,20:20:00,Hot-Wet
15.79420776,-19.2519165,LA5,2009-03-14,08:40:38 PM,20:40:00,Hot-Wet
15.79138692,-19.25114543,LA5,2009-03-14,09:00:38 PM,21:00:00,Hot-Wet
15.78973999,-19.25009969,LA5,2009-03-14,09:20:38 PM,21:20:00,Hot-Wet
15.78796692,-19.2506429,LA5,2009-03-14,09:40:38 PM,21:40:00,Hot-Wet
15.78796387,-19.24906006,LA5,2009-03-14,10:00:38 PM,22:00:00,Hot-Wet
15.78635152,-19.2485494,LA5,2009-03-14,10:20:38 PM,22:20:00,Hot-Wet
15.78401388,-19.24800008,LA5,2009-03-14,10:40:38 PM,22:40:00,Hot-Wet
15.782842,-19.25050456,LA5,2009-03-14,11:00:38 PM,23:00:00,Hot-Wet
15.78268433,-19.25031738,LA5,2009-03-14,11:20:38 PM,23:20:00,Hot-Wet
15.77998657,-19.25056966,LA5,2009-03-14,11:40:38 PM,23:40:00,Hot-Wet
15.77946574,-19.25204061,LA5,2009-03-15,12:00:38 AM,00:00:00,Hot-Wet
15.78044434,-19.25309855,LA5,2009-03-15,12:20:38 AM,00:20:00,Hot-Wet
15.78073222,-19.25316162,LA5,2009-03-15,12:40:38 AM,00:40:00,Hot-Wet
15.78363749,-19.25384521,LA5,2009-03-15,01:00:38 AM,01:00:00,Hot-Wet
15.78411051,-19.25372925,LA5,2009-03-15,01:20:38 AM,01:20:00,Hot-Wet
15.78417969,-19.25373332,LA5,2009-03-15,01:40:38 AM,01:40:00,Hot-Wet
15.7842926,-19.25377604,LA5,2009-03-15,02:00:38 AM,02:00:00,Hot-Wet
15.78426819,-19.2537618,LA5,2009-03-15,02:20:38 AM,02:20:00,Hot-Wet
15.78426717,-19.2537618,LA5,2009-03-15,02:40:38 AM,02:40:00,Hot-Wet
15.78426005,-19.25375366,LA5,2009-03-15,03:00:38 AM,03:00:00,Hot-Wet
15.78427531,-19.25377808,LA5,2009-03-15,03:20:38 AM,03:20:00,Hot-Wet
15.78426819,-19.2537618,LA5,2009-03-15,03:40:38 AM,03:40:00,Hot-Wet
15.78440653,-19.25356038,LA5,2009-03-15,04:00:38 AM,04:00:00,Hot-Wet
15.78444621,-19.25362142,LA5,2009-03-15,04:20:38 AM,04:20:00,Hot-Wet
15.78443807,-19.25361125,LA5,2009-03-15,04:40:38 AM,04:40:00,Hot-Wet
15.79398397,-19.25447184,LA5,2009-03-15,05:00:38 AM,05:00:00,Hot-Wet
15.79397278,-19.25447795,LA5,2009-03-15,05:20:38 AM,05:20:00,Hot-Wet
15.79796041,-19.2545756,LA5,2009-03-15,05:40:38 AM,05:40:00,Hot-Wet
15.80265706,-19.25656535,LA5,2009-03-15,06:00:38 AM,06:00:00,Hot-Wet
15.81156006,-19.26339315,LA5,2009-03-15,06:20:38 AM,06:20:00,Hot-Wet
15.82375895,-19.26704305,LA5,2009-03-15,06:40:38 AM,06:40:00,Hot-Wet
15.83455811,-19.26968384,LA5,2009-03-15,07:00:38 AM,07:00:00,Hot-Wet
15.84185791,-19.26982829,LA5,2009-03-15,07:20:38 AM,07:20:00,Hot-Wet
15.84487712,-19.2687439,LA5,2009-03-15,07:40:38 AM,07:40:00,Hot-Wet
15.84878438,-19.26459351,LA5,2009-03-15,08:00:38 AM,08:00:00,Hot-Wet
15.85312703,-19.26259969,LA5,2009-03-15,08:20:38 AM,08:20:00,Hot-Wet
15.85623474,-19.2612264,LA5,2009-03-15,08:40:38 AM,08:40:00,Hot-Wet
15.85837504,-19.26137899,LA5,2009-03-15,09:00:38 AM,09:00:00,Hot-Wet
15.86036479,-19.26122233,LA5,2009-03-15,09:20:38 AM,09:20:00,Hot-Wet
15.86097514,-19.26236572,LA5,2009-03-15,09:40:38 AM,09:40:00,Hot-Wet
15.86262004,-19.26193237,LA5,2009-03-15,10:00:38 AM,10:00:00,Hot-Wet
15.86270142,-19.26098429,LA5,2009-03-15,10:20:38 AM,10:20:00,Hot-Wet
15.86273804,-19.26098429,LA5,2009-03-15,10:40:38 AM,10:40:00,Hot-Wet
15.86271566,-19.26100464,LA5,2009-03-15,11:00:38 AM,11:00:00,Hot-Wet
15.86184184,-19.26361694,LA5,2009-03-15,11:20:38 AM,11:20:00,Hot-Wet
15.86183879,-19.26361084,LA5,2009-03-15,11:40:38 AM,11:40:00,Hot-Wet
15.86506449,-19.26582235,LA5,2009-03-15,12:00:38 PM,12:00:00,Hot-Wet
15.86739705,-19.26593424,LA5,2009-03-15,12:20:38 PM,12:20:00,Hot-Wet
15.86882222,-19.26846313,LA5,2009-03-15,12:40:38 PM,12:40:00,Hot-Wet
15.87132874,-19.26866862,LA5,2009-03-15,01:00:38 PM,13:00:00,Hot-Wet
15.87410787,-19.27374471,LA5,2009-03-15,01:20:38 PM,13:20:00,Hot-Wet
15.87429504,-19.27603353,LA5,2009-03-15,01:40:38 PM,13:40:00,Hot-Wet
15.87257284,-19.27534383,LA5,2009-03-15,02:00:38 PM,14:00:00,Hot-Wet
15.86976217,-19.27303263,LA5,2009-03-15,02:20:38 PM,14:20:00,Hot-Wet
15.86580811,-19.27036133,LA5,2009-03-15,02:40:38 PM,14:40:00,Hot-Wet
15.86336568,-19.26709188,LA5,2009-03-15,03:00:38 PM,15:00:00,Hot-Wet
15.86271667,-19.26279297,LA5,2009-03-15,03:20:38 PM,15:20:00,Hot-Wet
15.86703186,-19.26161906,LA5,2009-03-15,03:40:38 PM,15:40:00,Hot-Wet
15.87334086,-19.26452026,LA5,2009-03-15,04:00:38 PM,16:00:00,Hot-Wet
15.87994588,-19.26714274,LA5,2009-03-15,04:20:38 PM,16:20:00,Hot-Wet
15.8829305,-19.27177327,LA5,2009-03-15,04:40:38 PM,16:40:00,Hot-Wet
15.88537496,-19.27648722,LA5,2009-03-15,05:00:38 PM,17:00:00,Hot-Wet
15.88726603,-19.28069865,LA5,2009-03-15,05:20:38 PM,17:20:00,Hot-Wet
15.89098307,-19.28276774,LA5,2009-03-15,05:40:38 PM,17:40:00,Hot-Wet
15.88881022,-19.28494059,LA5,2009-03-15,06:00:38 PM,18:00:00,Hot-Wet
15.88591715,-19.28835856,LA5,2009-03-15,06:20:38 PM,18:20:00,Hot-Wet
15.88316345,-19.29010824,LA5,2009-03-15,06:40:38 PM,18:40:00,Hot-Wet
15.87443339,-19.2887675,LA5,2009-03-15,07:00:38 PM,19:00:00,Hot-Wet
15.86963806,-19.28743286,LA5,2009-03-15,07:20:38 PM,19:20:00,Hot-Wet
15.8649648,-19.28886922,LA5,2009-03-15,07:40:38 PM,19:40:00,Hot-Wet
15.86495463,-19.28887126,LA5,2009-03-15,08:00:38 PM,20:00:00,Hot-Wet
15.862264,-19.2854187,LA5,2009-03-15,08:20:38 PM,20:20:00,Hot-Wet
15.86079814,-19.28401896,LA5,2009-03-15,08:40:38 PM,20:40:00,Hot-Wet
15.85899963,-19.28323771,LA5,2009-03-15,09:00:38 PM,21:00:00,Hot-Wet
15.85843099,-19.2839152,LA5,2009-03-15,09:20:38 PM,21:20:00,Hot-Wet
15.8569224,-19.28274333,LA5,2009-03-15,09:40:38 PM,21:40:00,Hot-Wet
15.85548706,-19.28203532,LA5,2009-03-15,10:00:38 PM,22:00:00,Hot-Wet
15.85474854,-19.28146769,LA5,2009-03-15,10:20:38 PM,22:20:00,Hot-Wet
15.85387573,-19.28090413,LA5,2009-03-15,10:40:38 PM,22:40:00,Hot-Wet
15.85297241,-19.27944743,LA5,2009-03-15,11:00:38 PM,23:00:00,Hot-Wet
15.85098979,-19.27867635,LA5,2009-03-15,11:20:38 PM,23:20:00,Hot-Wet
15.84965413,-19.2770874,LA5,2009-03-15,11:40:38 PM,23:40:00,Hot-Wet
15.84573466,-19.27571004,LA5,2009-03-16,12:00:38 AM,00:00:00,Hot-Wet
15.84532471,-19.2756307,LA5,2009-03-16,12:20:38 AM,00:20:00,Hot-Wet
15.84525859,-19.27552287,LA5,2009-03-16,12:40:38 AM,00:40:00,Hot-Wet
15.84329631,-19.27427775,LA5,2009-03-16,01:00:38 AM,01:00:00,Hot-Wet
15.84329834,-19.27333171,LA5,2009-03-16,01:20:38 AM,01:20:00,Hot-Wet
15.84329427,-19.2730896,LA5,2009-03-16,01:40:38 AM,01:40:00,Hot-Wet
15.84311727,-19.27264811,LA5,2009-03-16,02:00:38 AM,02:00:00,Hot-Wet
15.84313253,-19.27269491,LA5,2009-03-16,02:20:38 AM,02:20:00,Hot-Wet
15.84312032,-19.27242839,LA5,2009-03-16,02:40:38 AM,02:40:00,Hot-Wet
15.84315898,-19.27243449,LA5,2009-03-16,03:00:38 AM,03:00:00,Hot-Wet
15.84316305,-19.27243652,LA5,2009-03-16,03:20:38 AM,03:20:00,Hot-Wet
15.8431488,-19.27243652,LA5,2009-03-16,03:40:38 AM,03:40:00,Hot-Wet
15.84312032,-19.27241821,LA5,2009-03-16,04:00:38 AM,04:00:00,Hot-Wet
15.84313354,-19.27241211,LA5,2009-03-16,04:20:38 AM,04:20:00,Hot-Wet
15.84311015,-19.27241821,LA5,2009-03-16,04:40:38 AM,04:40:00,Hot-Wet
15.84324137,-19.27242635,LA5,2009-03-16,05:00:38 AM,05:00:00,Hot-Wet
15.84243266,-19.27213949,LA5,2009-03-16,05:20:38 AM,05:20:00,Hot-Wet
15.84243266,-19.27213745,LA5,2009-03-16,05:40:38 AM,05:40:00,Hot-Wet
15.84233093,-19.27214559,LA5,2009-03-16,06:00:38 AM,06:00:00,Hot-Wet
15.842276,-19.27204183,LA5,2009-03-16,06:20:38 AM,06:20:00,Hot-Wet
15.84115194,-19.27054647,LA5,2009-03-16,06:40:38 AM,06:40:00,Hot-Wet
15.83997498,-19.26701864,LA5,2009-03-16,07:00:38 AM,07:00:00,Hot-Wet
15.83938293,-19.26544393,LA5,2009-03-16,07:20:38 AM,07:20:00,Hot-Wet
15.83835449,-19.265625,LA5,2009-03-16,07:40:38 AM,07:40:00,Hot-Wet
15.83727214,-19.26566162,LA5,2009-03-16,08:00:38 AM,08:00:00,Hot-Wet
15.83874919,-19.26471965,LA5,2009-03-16,08:20:38 AM,08:20:00,Hot-Wet
15.84042053,-19.26491699,LA5,2009-03-16,08:40:38 AM,08:40:00,Hot-Wet
15.84299418,-19.26614787,LA5,2009-03-16,09:00:38 AM,09:00:00,Hot-Wet
15.84639282,-19.26815389,LA5,2009-03-16,09:20:38 AM,09:20:00,Hot-Wet
15.851651,-19.26456502,LA5,2009-03-16,09:40:38 AM,09:40:00,Hot-Wet
15.85476888,-19.26485799,LA5,2009-03-16,10:00:38 AM,10:00:00,Hot-Wet
15.85507304,-19.26307983,LA5,2009-03-16,10:20:38 AM,10:20:00,Hot-Wet
15.85539347,-19.26111043,LA5,2009-03-16,10:40:38 AM,10:40:00,Hot-Wet
15.8551829,-19.26104329,LA5,2009-03-16,11:00:38 AM,11:00:00,Hot-Wet
15.85521037,-19.26103109,LA5,2009-03-16,11:20:38 AM,11:20:00,Hot-Wet
15.8551829,-19.26105347,LA5,2009-03-16,11:40:38 AM,11:40:00,Hot-Wet
15.85596008,-19.26327311,LA5,2009-03-16,12:00:38 PM,12:00:00,Hot-Wet
15.85445862,-19.26522013,LA5,2009-03-16,12:20:38 PM,12:20:00,Hot-Wet
15.85378418,-19.26503296,LA5,2009-03-16,12:40:38 PM,12:40:00,Hot-Wet
15.85330607,-19.26571655,LA5,2009-03-16,01:00:38 PM,13:00:00,Hot-Wet
15.85279744,-19.26560669,LA5,2009-03-16,01:20:38 PM,13:20:00,Hot-Wet
15.85320028,-19.26667277,LA5,2009-03-16,01:40:38 PM,13:40:00,Hot-Wet
15.85170593,-19.2679952,LA5,2009-03-16,02:00:38 PM,14:00:00,Hot-Wet
15.8491984,-19.2664327,LA5,2009-03-16,02:20:38 PM,14:20:00,Hot-Wet
15.84547526,-19.26359456,LA5,2009-03-16,02:40:38 PM,14:40:00,Hot-Wet
15.84055583,-19.26188151,LA5,2009-03-16,03:00:38 PM,15:00:00,Hot-Wet
15.83449504,-19.26504313,LA5,2009-03-16,03:20:38 PM,15:20:00,Hot-Wet
15.82971191,-19.26841431,LA5,2009-03-16,03:40:38 PM,15:40:00,Hot-Wet
15.82971395,-19.26841431,LA5,2009-03-16,04:00:38 PM,16:00:00,Hot-Wet
15.82478841,-19.27221476,LA5,2009-03-16,04:20:38 PM,16:20:00,Hot-Wet
15.81765137,-19.27438965,LA5,2009-03-16,04:40:38 PM,16:40:00,Hot-Wet
15.81746216,-19.27509155,LA5,2009-03-16,05:00:38 PM,17:00:00,Hot-Wet
15.81928304,-19.2741272,LA5,2009-03-16,05:20:38 PM,17:20:00,Hot-Wet
15.82148743,-19.2727417,LA5,2009-03-16,05:40:38 PM,17:40:00,Hot-Wet
15.82227478,-19.27214355,LA5,2009-03-16,06:00:38 PM,18:00:00,Hot-Wet
15.82331441,-19.27144572,LA5,2009-03-16,06:20:38 PM,18:20:00,Hot-Wet
15.8236908,-19.2704834,LA5,2009-03-16,06:40:38 PM,18:40:00,Hot-Wet
15.82437948,-19.26898193,LA5,2009-03-16,07:00:38 PM,19:00:00,Hot-Wet
15.82725423,-19.26762288,LA5,2009-03-16,07:20:38 PM,19:20:00,Hot-Wet
15.8272583,-19.26762492,LA5,2009-03-16,07:40:38 PM,19:40:00,Hot-Wet
15.82781169,-19.26571045,LA5,2009-03-16,08:00:38 PM,20:00:00,Hot-Wet
15.82781169,-19.26571045,LA5,2009-03-16,08:20:38 PM,20:20:00,Hot-Wet
15.82864278,-19.26453247,LA5,2009-03-16,08:40:38 PM,20:40:00,Hot-Wet
15.82981873,-19.26332601,LA5,2009-03-16,09:00:38 PM,21:00:00,Hot-Wet
15.83068441,-19.26242676,LA5,2009-03-16,09:20:38 PM,21:20:00,Hot-Wet
15.83241679,-19.26060588,LA5,2009-03-16,09:40:38 PM,21:40:00,Hot-Wet
15.83197632,-19.25855916,LA5,2009-03-16,10:00:38 PM,22:00:00,Hot-Wet
15.82967529,-19.25797323,LA5,2009-03-16,10:20:38 PM,22:20:00,Hot-Wet
15.82748006,-19.25835978,LA5,2009-03-16,10:40:38 PM,22:40:00,Hot-Wet
15.82493083,-19.25615031,LA5,2009-03-16,11:00:38 PM,23:00:00,Hot-Wet
15.82375387,-19.25467733,LA5,2009-03-16,11:20:38 PM,23:20:00,Hot-Wet
15.82207235,-19.25397339,LA5,2009-03-16,11:40:38 PM,23:40:00,Hot-Wet
15.82227376,-19.25385946,LA5,2009-03-17,12:00:38 AM,00:00:00,Hot-Wet
15.82234599,-19.25384725,LA5,2009-03-17,12:20:38 AM,00:20:00,Hot-Wet
15.82234192,-19.25384725,LA5,2009-03-17,12:40:38 AM,00:40:00,Hot-Wet
15.82236328,-19.25383911,LA5,2009-03-17,01:00:38 AM,01:00:00,Hot-Wet
15.82234294,-19.25383911,LA5,2009-03-17,01:20:38 AM,01:20:00,Hot-Wet
15.82224935,-19.25361125,LA5,2009-03-17,01:40:38 AM,01:40:00,Hot-Wet
15.82228394,-19.25358683,LA5,2009-03-17,02:00:38 AM,02:00:00,Hot-Wet
15.82226054,-19.25361735,LA5,2009-03-17,02:20:38 AM,02:20:00,Hot-Wet
15.82225037,-19.25363973,LA5,2009-03-17,02:40:38 AM,02:40:00,Hot-Wet
15.82226868,-19.25362142,LA5,2009-03-17,03:00:38 AM,03:00:00,Hot-Wet
15.82232869,-19.25339966,LA5,2009-03-17,03:20:38 AM,03:20:00,Hot-Wet
15.82233683,-19.25339152,LA5,2009-03-17,03:40:38 AM,03:40:00,Hot-Wet
15.82234192,-19.25339966,LA5,2009-03-17,04:00:38 AM,04:00:00,Hot-Wet
15.82234395,-19.2534078,LA5,2009-03-17,04:20:38 AM,04:20:00,Hot-Wet
15.82257182,-19.25334269,LA5,2009-03-17,04:40:38 AM,04:40:00,Hot-Wet
15.8220815,-19.25322062,LA5,2009-03-17,05:00:38 AM,05:00:00,Hot-Wet
15.8220815,-19.25322266,LA5,2009-03-17,05:20:38 AM,05:20:00,Hot-Wet
15.82090149,-19.25133057,LA5,2009-03-17,05:40:38 AM,05:40:00,Hot-Wet
15.81937459,-19.25032552,LA5,2009-03-17,06:00:38 AM,06:00:00,Hot-Wet
15.81986084,-19.24959717,LA5,2009-03-17,06:20:38 AM,06:20:00,Hot-Wet
15.82102153,-19.24914551,LA5,2009-03-17,06:40:38 AM,06:40:00,Hot-Wet
15.82050171,-19.24859212,LA5,2009-03-17,07:00:38 AM,07:00:00,Hot-Wet
15.81801249,-19.24956868,LA5,2009-03-17,07:20:38 AM,07:20:00,Hot-Wet
15.81656596,-19.25211385,LA5,2009-03-17,07:40:38 AM,07:40:00,Hot-Wet
15.81266988,-19.25157878,LA5,2009-03-17,08:00:38 AM,08:00:00,Hot-Wet
15.80994364,-19.24867961,LA5,2009-03-17,08:20:38 AM,08:20:00,Hot-Wet
15.80763346,-19.24602865,LA5,2009-03-17,08:40:38 AM,08:40:00,Hot-Wet
15.80645142,-19.24221395,LA5,2009-03-17,09:00:38 AM,09:00:00,Hot-Wet
15.8049174,-19.23984578,LA5,2009-03-17,09:20:38 AM,09:20:00,Hot-Wet
15.80048014,-19.23925781,LA5,2009-03-17,09:40:38 AM,09:40:00,Hot-Wet
15.7996521,-19.23861287,LA5,2009-03-17,10:00:38 AM,10:00:00,Hot-Wet
15.79928996,-19.23642375,LA5,2009-03-17,10:20:38 AM,10:20:00,Hot-Wet
15.79608866,-19.23275757,LA5,2009-03-17,10:40:38 AM,10:40:00,Hot-Wet
15.79154358,-19.23160197,LA5,2009-03-17,11:00:38 AM,11:00:00,Hot-Wet
15.78591817,-19.22679647,LA5,2009-03-17,11:20:38 AM,11:20:00,Hot-Wet
15.78250631,-19.21801147,LA5,2009-03-17,11:40:38 AM,11:40:00,Hot-Wet
15.78251444,-19.21801758,LA5,2009-03-17,12:00:38 PM,12:00:00,Hot-Wet
15.77995809,-19.21404012,LA5,2009-03-17,12:20:38 PM,12:20:00,Hot-Wet
15.77615356,-19.21114502,LA5,2009-03-17,12:40:38 PM,12:40:00,Hot-Wet
15.77034098,-19.20948893,LA5,2009-03-17,01:00:38 PM,13:00:00,Hot-Wet
15.76473083,-19.21185099,LA5,2009-03-17,01:20:38 PM,13:20:00,Hot-Wet
15.76144307,-19.21551514,LA5,2009-03-17,01:40:38 PM,13:40:00,Hot-Wet
15.75974731,-19.21618245,LA5,2009-03-17,02:00:38 PM,14:00:00,Hot-Wet
15.75749105,-19.2156779,LA5,2009-03-17,02:20:38 PM,14:20:00,Hot-Wet
15.75516052,-19.21066691,LA5,2009-03-17,02:40:38 PM,14:40:00,Hot-Wet
15.75403442,-19.20684408,LA5,2009-03-17,03:00:38 PM,15:00:00,Hot-Wet
15.75429281,-19.20379028,LA5,2009-03-17,03:20:38 PM,15:20:00,Hot-Wet
15.76179403,-19.20102539,LA5,2009-03-17,03:40:38 PM,15:40:00,Hot-Wet
15.76178589,-19.20102539,LA5,2009-03-17,04:00:38 PM,16:00:00,Hot-Wet
15.76247965,-19.20031738,LA5,2009-03-17,04:20:38 PM,16:20:00,Hot-Wet
15.7584727,-19.2008016,LA5,2009-03-17,04:40:38 PM,16:40:00,Hot-Wet
15.75415955,-19.19939779,LA5,2009-03-17,05:00:38 PM,17:00:00,Hot-Wet
15.74553121,-19.19583537,LA5,2009-03-17,05:20:38 PM,17:20:00,Hot-Wet
15.74552816,-19.19584147,LA5,2009-03-17,05:40:38 PM,17:40:00,Hot-Wet
15.74615885,-19.19247843,LA5,2009-03-17,06:00:38 PM,18:00:00,Hot-Wet
15.75134989,-19.19365031,LA5,2009-03-17,06:20:38 PM,18:20:00,Hot-Wet
15.7526123,-19.1954244,LA5,2009-03-17,06:40:38 PM,18:40:00,Hot-Wet
15.75150757,-19.1980367,LA5,2009-03-17,07:00:38 PM,19:00:00,Hot-Wet
15.75320841,-19.20036418,LA5,2009-03-17,07:20:38 PM,19:20:00,Hot-Wet
15.75321147,-19.20036621,LA5,2009-03-17,07:40:38 PM,19:40:00,Hot-Wet
15.75258179,-19.20214233,LA5,2009-03-17,08:00:38 PM,20:00:00,Hot-Wet
15.75327352,-19.20326742,LA5,2009-03-17,08:20:38 PM,20:20:00,Hot-Wet
15.7537618,-19.20401408,LA5,2009-03-17,08:40:38 PM,20:40:00,Hot-Wet
15.75466919,-19.20383911,LA5,2009-03-17,09:00:38 PM,21:00:00,Hot-Wet
15.75466919,-19.20383911,LA5,2009-03-17,09:20:38 PM,21:20:00,Hot-Wet
15.75643514,-19.20472819,LA5,2009-03-17,09:40:38 PM,21:40:00,Hot-Wet
15.75789591,-19.20551758,LA5,2009-03-17,10:00:38 PM,22:00:00,Hot-Wet
15.75868225,-19.20654907,LA5,2009-03-17,10:20:38 PM,22:20:00,Hot-Wet
15.76126506,-19.20846558,LA5,2009-03-17,10:40:38 PM,22:40:00,Hot-Wet
15.76128133,-19.20850627,LA5,2009-03-17,11:00:38 PM,23:00:00,Hot-Wet
15.76353149,-19.20852254,LA5,2009-03-17,11:20:38 PM,23:20:00,Hot-Wet
15.76421305,-19.20924886,LA5,2009-03-17,11:40:38 PM,23:40:00,Hot-Wet
15.76558431,-19.20936483,LA5,2009-03-18,12:00:38 AM,00:00:00,Hot-Wet
15.76577962,-19.2101359,LA5,2009-03-18,12:20:38 AM,00:20:00,Hot-Wet
15.76643677,-19.20917358,LA5,2009-03-18,12:40:38 AM,00:40:00,Hot-Wet
15.76647542,-19.20915527,LA5,2009-03-18,01:00:38 AM,01:00:00,Hot-Wet
15.76644796,-19.2090271,LA5,2009-03-18,01:20:38 AM,01:20:00,Hot-Wet
15.76643473,-19.20880941,LA5,2009-03-18,01:40:38 AM,01:40:00,Hot-Wet
15.7664093,-19.20879924,LA5,2009-03-18,02:00:38 AM,02:00:00,Hot-Wet
15.76642049,-19.20882161,LA5,2009-03-18,02:20:38 AM,02:20:00,Hot-Wet
15.7664032,-19.20880737,LA5,2009-03-18,02:40:38 AM,02:40:00,Hot-Wet
15.76640422,-19.20880127,LA5,2009-03-18,03:00:38 AM,03:00:00,Hot-Wet
15.76642151,-19.20883789,LA5,2009-03-18,03:20:38 AM,03:20:00,Hot-Wet
15.7663147,-19.20878499,LA5,2009-03-18,03:40:38 AM,03:40:00,Hot-Wet
15.76644185,-19.20883382,LA5,2009-03-18,04:00:38 AM,04:00:00,Hot-Wet
15.7664388,-19.20887248,LA5,2009-03-18,04:20:45 AM,04:20:00,Hot-Wet
15.76639913,-19.2088501,LA5,2009-03-18,04:40:38 AM,04:40:00,Hot-Wet
15.76608887,-19.20869344,LA5,2009-03-18,05:00:38 AM,05:00:00,Hot-Wet
15.76812439,-19.20787354,LA5,2009-03-18,05:20:38 AM,05:20:00,Hot-Wet
15.76865336,-19.20627848,LA5,2009-03-18,05:40:38 AM,05:40:00,Hot-Wet
15.76977946,-19.20560506,LA5,2009-03-18,06:00:38 AM,06:00:00,Hot-Wet
15.77004191,-19.20252889,LA5,2009-03-18,06:20:38 AM,06:20:00,Hot-Wet
15.77215068,-19.20177409,LA5,2009-03-18,06:40:38 AM,06:40:00,Hot-Wet
15.77214864,-19.20177612,LA5,2009-03-18,07:00:38 AM,07:00:00,Hot-Wet
15.77336222,-19.20167643,LA5,2009-03-18,07:20:38 AM,07:20:00,Hot-Wet
15.77583923,-19.20215454,LA5,2009-03-18,07:40:38 AM,07:40:00,Hot-Wet
15.78000285,-19.20402629,LA5,2009-03-18,08:00:38 AM,08:00:00,Hot-Wet
15.78141073,-19.20606486,LA5,2009-03-18,08:20:38 AM,08:20:00,Hot-Wet
15.78395386,-19.20810547,LA5,2009-03-18,08:40:38 AM,08:40:00,Hot-Wet
15.78772786,-19.20773112,LA5,2009-03-18,09:00:38 AM,09:00:00,Hot-Wet
15.78592326,-19.20567017,LA5,2009-03-18,09:20:38 AM,09:20:00,Hot-Wet
15.78165588,-19.20589396,LA5,2009-03-18,09:40:38 AM,09:40:00,Hot-Wet
15.77774963,-19.20465698,LA5,2009-03-18,10:00:38 AM,10:00:00,Hot-Wet
15.77543233,-19.20388997,LA5,2009-03-18,10:20:38 AM,10:20:00,Hot-Wet
15.77233073,-19.20159098,LA5,2009-03-18,10:40:38 AM,10:40:00,Hot-Wet
15.7691508,-19.20301921,LA5,2009-03-18,11:00:38 AM,11:00:00,Hot-Wet
15.76822611,-19.2034139,LA5,2009-03-18,11:20:38 AM,11:20:00,Hot-Wet
15.76685689,-19.20362345,LA5,2009-03-18,11:40:38 AM,11:40:00,Hot-Wet
15.76593323,-19.20372925,LA5,2009-03-18,12:00:38 PM,12:00:00,Hot-Wet
15.7675944,-19.20013631,LA5,2009-03-18,12:20:38 PM,12:20:00,Hot-Wet
15.76914368,-19.19928589,LA5,2009-03-18,12:40:38 PM,12:40:00,Hot-Wet
15.76909892,-19.19856364,LA5,2009-03-18,01:00:38 PM,13:00:00,Hot-Wet
15.76773376,-19.19876099,LA5,2009-03-18,01:20:38 PM,13:20:00,Hot-Wet
15.76412964,-19.20096842,LA5,2009-03-18,01:40:38 PM,13:40:00,Hot-Wet
15.76517843,-19.19983521,LA5,2009-03-18,02:00:38 PM,14:00:00,Hot-Wet
15.7655599,-19.19944051,LA5,2009-03-18,02:20:38 PM,14:20:00,Hot-Wet
15.76568095,-19.19825033,LA5,2009-03-18,02:41:08 PM,14:41:00,Hot-Wet
15.76627909,-19.19744466,LA5,2009-03-18,03:00:38 PM,15:00:00,Hot-Wet
15.76821594,-19.19411214,LA5,2009-03-18,03:20:38 PM,15:20:00,Hot-Wet
15.76897074,-19.18970133,LA5,2009-03-18,03:40:38 PM,15:40:00,Hot-Wet
15.76897278,-19.1896993,LA5,2009-03-18,04:00:38 PM,16:00:00,Hot-Wet
15.76782125,-19.18756104,LA5,2009-03-18,04:20:38 PM,16:20:00,Hot-Wet
15.76978556,-19.1884318,LA5,2009-03-18,04:40:38 PM,16:40:00,Hot-Wet
15.77295431,-19.18983968,LA5,2009-03-18,05:00:38 PM,17:00:00,Hot-Wet
15.77232768,-19.19238078,LA5,2009-03-18,05:20:38 PM,17:20:00,Hot-Wet
15.77206523,-19.19163411,LA5,2009-03-18,05:40:38 PM,17:40:00,Hot-Wet
15.77069906,-19.1938029,LA5,2009-03-18,06:00:38 PM,18:00:00,Hot-Wet
15.77010295,-19.19482829,LA5,2009-03-18,06:20:38 PM,18:20:00,Hot-Wet
15.77066854,-19.19528605,LA5,2009-03-18,06:40:38 PM,18:40:00,Hot-Wet
15.76976522,-19.19644572,LA5,2009-03-18,07:00:38 PM,19:00:00,Hot-Wet
15.76879171,-19.20074259,LA5,2009-03-18,07:20:38 PM,19:20:00,Hot-Wet
15.76915588,-19.20303955,LA5,2009-03-18,07:40:38 PM,19:40:00,Hot-Wet
15.76817424,-19.20401001,LA5,2009-03-18,08:00:38 PM,20:00:00,Hot-Wet
15.76817118,-19.20401408,LA5,2009-03-18,08:20:38 PM,20:20:00,Hot-Wet
15.76811625,-19.20488078,LA5,2009-03-18,08:40:38 PM,20:40:00,Hot-Wet
15.76780294,-19.20572713,LA5,2009-03-18,09:00:38 PM,21:00:00,Hot-Wet
15.76726685,-19.20500081,LA5,2009-03-18,09:20:38 PM,21:20:00,Hot-Wet
15.76495972,-19.20455729,LA5,2009-03-18,09:40:38 PM,21:40:00,Hot-Wet
15.76275024,-19.20476888,LA5,2009-03-18,10:00:38 PM,22:00:00,Hot-Wet
15.76142476,-19.20635783,LA5,2009-03-18,10:20:38 PM,22:20:00,Hot-Wet
15.76148478,-19.20908813,LA5,2009-03-18,10:40:38 PM,22:40:00,Hot-Wet
15.76122843,-19.20969035,LA5,2009-03-18,11:00:38 PM,23:00:00,Hot-Wet
15.76154073,-19.20983276,LA5,2009-03-18,11:20:38 PM,23:20:00,Hot-Wet
15.75989889,-19.21032104,LA5,2009-03-18,11:40:38 PM,23:40:00,Hot-Wet
15.75988057,-19.21019897,LA5,2009-03-19,12:00:38 AM,00:00:00,Hot-Wet
15.75960083,-19.21092733,LA5,2009-03-19,12:20:38 AM,00:20:00,Hot-Wet
15.76105143,-19.2107076,LA5,2009-03-19,12:40:38 AM,00:40:00,Hot-Wet
15.7610555,-19.2107076,LA5,2009-03-19,01:00:38 AM,01:00:00,Hot-Wet
15.76107279,-19.21068319,LA5,2009-03-19,01:20:45 AM,01:20:00,Hot-Wet
15.76106873,-19.21068726,LA5,2009-03-19,01:40:38 AM,01:40:00,Hot-Wet
15.76107279,-19.21067301,LA5,2009-03-19,02:00:38 AM,02:00:00,Hot-Wet
15.76108398,-19.21067912,LA5,2009-03-19,02:20:38 AM,02:20:00,Hot-Wet
15.76100871,-19.21090698,LA5,2009-03-19,02:40:38 AM,02:40:00,Hot-Wet
15.76094869,-19.21083171,LA5,2009-03-19,03:00:38 AM,03:00:00,Hot-Wet
15.76091614,-19.21081136,LA5,2009-03-19,03:20:38 AM,03:20:00,Hot-Wet
15.76091715,-19.21081543,LA5,2009-03-19,03:40:38 AM,03:40:00,Hot-Wet
15.75929972,-19.21223958,LA5,2009-03-19,04:00:38 AM,04:00:00,Hot-Wet
15.75929871,-19.21223958,LA5,2009-03-19,04:20:38 AM,04:20:00,Hot-Wet
15.75850728,-19.21131388,LA5,2009-03-19,04:40:38 AM,04:40:00,Hot-Wet
15.75850932,-19.21130981,LA5,2009-03-19,05:00:38 AM,05:00:00,Hot-Wet
15.75886434,-19.21003418,LA5,2009-03-19,05:20:38 AM,05:20:00,Hot-Wet
15.76011047,-19.20975749,LA5,2009-03-19,05:40:38 AM,05:40:00,Hot-Wet
15.76101888,-19.21262614,LA5,2009-03-19,06:00:38 AM,06:00:00,Hot-Wet
15.7637502,-19.21210327,LA5,2009-03-19,06:20:38 AM,06:20:00,Hot-Wet
15.76645915,-19.21431274,LA5,2009-03-19,06:40:38 AM,06:40:00,Hot-Wet
15.76862691,-19.21697184,LA5,2009-03-19,07:00:38 AM,07:00:00,Hot-Wet
15.7708313,-19.21676636,LA5,2009-03-19,07:20:38 AM,07:20:00,Hot-Wet
15.77331746,-19.21965739,LA5,2009-03-19,07:40:38 AM,07:40:00,Hot-Wet
15.77518717,-19.21976318,LA5,2009-03-19,08:00:38 AM,08:00:00,Hot-Wet
15.77656148,-19.21818441,LA5,2009-03-19,08:20:38 AM,08:20:00,Hot-Wet
15.77761129,-19.21879272,LA5,2009-03-19,08:40:38 AM,08:40:00,Hot-Wet
15.78031108,-19.21906535,LA5,2009-03-19,09:00:38 AM,09:00:00,Hot-Wet
15.7833252,-19.21832886,LA5,2009-03-19,09:20:38 AM,09:20:00,Hot-Wet
15.78427531,-19.21864827,LA5,2009-03-19,09:40:38 AM,09:40:00,Hot-Wet
15.78568929,-19.22063802,LA5,2009-03-19,10:00:38 AM,10:00:00,Hot-Wet
15.78811239,-19.21791382,LA5,2009-03-19,10:20:38 AM,10:20:00,Hot-Wet
15.78873291,-19.21812134,LA5,2009-03-19,10:40:38 AM,10:40:00,Hot-Wet
15.79183146,-19.21940918,LA5,2009-03-19,11:00:38 AM,11:00:00,Hot-Wet
15.79306742,-19.22357178,LA5,2009-03-19,11:20:38 AM,11:20:00,Hot-Wet
15.78857218,-19.22226563,LA5,2009-03-19,11:40:38 AM,11:40:00,Hot-Wet
15.78858846,-19.22225545,LA5,2009-03-19,12:00:38 PM,12:00:00,Hot-Wet
15.78497213,-19.22190552,LA5,2009-03-19,12:20:38 PM,12:20:00,Hot-Wet
15.78057149,-19.22320557,LA5,2009-03-19,12:40:38 PM,12:40:00,Hot-Wet
15.77887675,-19.22332967,LA5,2009-03-19,01:00:38 PM,13:00:00,Hot-Wet
15.77686056,-19.22329508,LA5,2009-03-19,01:20:38 PM,13:20:00,Hot-Wet
15.77642314,-19.22218018,LA5,2009-03-19,01:40:38 PM,13:40:00,Hot-Wet
15.77362671,-19.22061971,LA5,2009-03-19,02:00:38 PM,14:00:00,Hot-Wet
15.77235107,-19.22005412,LA5,2009-03-19,02:20:38 PM,14:20:00,Hot-Wet
15.77022196,-19.22203979,LA5,2009-03-19,02:40:38 PM,14:40:00,Hot-Wet
15.77000631,-19.22259521,LA5,2009-03-19,03:00:38 PM,15:00:00,Hot-Wet
15.76646016,-19.22722575,LA5,2009-03-19,03:20:38 PM,15:20:00,Hot-Wet
15.76367594,-19.22976278,LA5,2009-03-19,03:40:38 PM,15:40:00,Hot-Wet
15.75612183,-19.23232829,LA5,2009-03-19,04:00:38 PM,16:00:00,Hot-Wet
15.75924988,-19.24390666,LA5,2009-03-19,04:20:38 PM,16:20:00,Hot-Wet
15.75748596,-19.24342244,LA5,2009-03-19,04:40:38 PM,16:40:00,Hot-Wet
15.75177409,-19.23764445,LA5,2009-03-19,05:00:38 PM,17:00:00,Hot-Wet
15.75058594,-19.23415527,LA5,2009-03-19,05:20:38 PM,17:20:00,Hot-Wet
15.75107727,-19.23220011,LA5,2009-03-19,05:40:38 PM,17:40:00,Hot-Wet
15.75317383,-19.22932129,LA5,2009-03-19,06:00:38 PM,18:00:00,Hot-Wet
15.75396627,-19.22812703,LA5,2009-03-19,06:20:38 PM,18:20:00,Hot-Wet
15.75627441,-19.2269694,LA5,2009-03-19,06:40:38 PM,18:40:00,Hot-Wet
15.75586344,-19.22599894,LA5,2009-03-19,07:00:38 PM,19:00:00,Hot-Wet
15.75652771,-19.22487386,LA5,2009-03-19,07:20:38 PM,19:20:00,Hot-Wet
15.75652262,-19.22486979,LA5,2009-03-19,07:40:38 PM,19:40:00,Hot-Wet
15.75762126,-19.2248881,LA5,2009-03-19,08:00:38 PM,20:00:00,Hot-Wet
15.75841166,-19.225295,LA5,2009-03-19,08:20:38 PM,20:20:00,Hot-Wet
15.7615682,-19.22642415,LA5,2009-03-19,08:40:38 PM,20:40:00,Hot-Wet
15.76442464,-19.22787476,LA5,2009-03-19,09:00:38 PM,21:00:00,Hot-Wet
15.76557007,-19.23006795,LA5,2009-03-19,09:20:38 PM,21:20:00,Hot-Wet
15.77302551,-19.23477987,LA5,2009-03-19,09:40:38 PM,21:40:00,Hot-Wet
15.7752655,-19.23551432,LA5,2009-03-19,10:00:38 PM,22:00:00,Hot-Wet
15.77750549,-19.23470866,LA5,2009-03-19,10:20:38 PM,22:20:00,Hot-Wet
15.7774526,-19.23247274,LA5,2009-03-19,10:40:38 PM,22:40:00,Hot-Wet
15.77829692,-19.22888184,LA5,2009-03-19,11:00:38 PM,23:00:00,Hot-Wet
15.77941488,-19.22785645,LA5,2009-03-19,11:20:38 PM,23:20:00,Hot-Wet
15.77986755,-19.2278422,LA5,2009-03-19,11:40:38 PM,23:40:00,Hot-Wet
15.77979635,-19.22785441,LA5,2009-03-20,12:00:38 AM,00:00:00,Hot-Wet
15.7798116,-19.22780558,LA5,2009-03-20,12:20:38 AM,00:20:00,Hot-Wet
15.7808075,-19.22698161,LA5,2009-03-20,12:40:38 AM,00:40:00,Hot-Wet
15.78080953,-19.22698161,LA5,2009-03-20,01:00:38 AM,01:00:00,Hot-Wet
15.78095601,-19.22707723,LA5,2009-03-20,01:20:38 AM,01:20:00,Hot-Wet
15.78085836,-19.22710164,LA5,2009-03-20,01:40:38 AM,01:40:00,Hot-Wet
15.78091838,-19.22710978,LA5,2009-03-20,02:00:38 AM,02:00:00,Hot-Wet
15.78088582,-19.22709961,LA5,2009-03-20,02:20:45 AM,02:20:00,Hot-Wet
15.78088481,-19.22715658,LA5,2009-03-20,02:40:38 AM,02:40:00,Hot-Wet
15.78090922,-19.22713623,LA5,2009-03-20,03:00:45 AM,03:00:00,Hot-Wet
15.7808665,-19.22711385,LA5,2009-03-20,03:20:45 AM,03:20:00,Hot-Wet
15.78088684,-19.22712606,LA5,2009-03-20,03:40:38 AM,03:40:00,Hot-Wet
15.78088074,-19.22712402,LA5,2009-03-20,04:00:38 AM,04:00:00,Hot-Wet
15.78088277,-19.22712402,LA5,2009-03-20,04:20:38 AM,04:20:00,Hot-Wet
15.78086853,-19.22713623,LA5,2009-03-20,04:40:38 AM,04:40:00,Hot-Wet
15.7808726,-19.22713826,LA5,2009-03-20,05:00:38 AM,05:00:00,Hot-Wet
15.78123474,-19.22411499,LA5,2009-03-20,05:20:38 AM,05:20:00,Hot-Wet
15.77864787,-19.22181193,LA5,2009-03-20,05:40:38 AM,05:40:00,Hot-Wet
15.7769694,-19.22237142,LA5,2009-03-20,06:00:38 AM,06:00:00,Hot-Wet
15.77484334,-19.22389933,LA5,2009-03-20,06:20:38 AM,06:20:00,Hot-Wet
15.77401123,-19.22261556,LA5,2009-03-20,06:40:38 AM,06:40:00,Hot-Wet
15.77513326,-19.22120768,LA5,2009-03-20,07:00:38 AM,07:00:00,Hot-Wet
15.77679342,-19.21666667,LA5,2009-03-20,07:20:38 AM,07:20:00,Hot-Wet
15.77863871,-19.21621704,LA5,2009-03-20,07:40:38 AM,07:40:00,Hot-Wet
15.77961222,-19.21491903,LA5,2009-03-20,08:00:38 AM,08:00:00,Hot-Wet
15.78265788,-19.21380412,LA5,2009-03-20,08:20:38 AM,08:20:00,Hot-Wet
15.78746338,-19.20764771,LA5,2009-03-20,08:40:38 AM,08:40:00,Hot-Wet
15.78533427,-19.20130412,LA5,2009-03-20,09:00:38 AM,09:00:00,Hot-Wet
15.78271484,-19.20189412,LA5,2009-03-20,09:20:38 AM,09:20:00,Hot-Wet
15.77982992,-19.2053894,LA5,2009-03-20,09:40:38 AM,09:40:00,Hot-Wet
15.77849223,-19.20956421,LA5,2009-03-20,10:00:38 AM,10:00:00,Hot-Wet
15.77622681,-19.21238403,LA5,2009-03-20,10:20:38 AM,10:20:00,Hot-Wet
15.77521871,-19.21447347,LA5,2009-03-20,10:40:38 AM,10:40:00,Hot-Wet
15.77172546,-19.21220296,LA5,2009-03-20,11:00:38 AM,11:00:00,Hot-Wet
15.77150981,-19.21125081,LA5,2009-03-20,11:20:38 AM,11:20:00,Hot-Wet
15.77161967,-19.20832723,LA5,2009-03-20,11:40:38 AM,11:40:00,Hot-Wet
15.77113749,-19.20509644,LA5,2009-03-20,12:00:38 PM,12:00:00,Hot-Wet
15.76761271,-19.20263672,LA5,2009-03-20,12:20:38 PM,12:20:00,Hot-Wet
15.7652771,-19.20079346,LA5,2009-03-20,12:40:38 PM,12:40:00,Hot-Wet
15.7661967,-19.19842733,LA5,2009-03-20,01:00:38 PM,13:00:00,Hot-Wet
15.76606344,-19.19728597,LA5,2009-03-20,01:20:38 PM,13:20:00,Hot-Wet
15.76489156,-19.19626058,LA5,2009-03-20,01:40:38 PM,13:40:00,Hot-Wet
15.7637502,-19.19385783,LA5,2009-03-20,02:00:38 PM,14:00:00,Hot-Wet
15.76402995,-19.19367269,LA5,2009-03-20,02:20:38 PM,14:20:00,Hot-Wet
15.76403605,-19.19365031,LA5,2009-03-20,02:40:38 PM,14:40:00,Hot-Wet
15.76402791,-19.19365845,LA5,2009-03-20,03:00:38 PM,15:00:00,Hot-Wet
15.76467489,-19.1925354,LA5,2009-03-20,03:20:38 PM,15:20:00,Hot-Wet
15.76467285,-19.19253947,LA5,2009-03-20,03:40:38 PM,15:40:00,Hot-Wet
15.76518148,-19.190625,LA5,2009-03-20,04:00:38 PM,16:00:00,Hot-Wet
15.7661967,-19.18982951,LA5,2009-03-20,04:20:38 PM,16:20:00,Hot-Wet
15.76583455,-19.19102376,LA5,2009-03-20,04:40:38 PM,16:40:00,Hot-Wet
15.76440735,-19.18910319,LA5,2009-03-20,05:00:38 PM,17:00:00,Hot-Wet
15.76100667,-19.18815308,LA5,2009-03-20,05:20:38 PM,17:20:00,Hot-Wet
15.7597819,-19.19184163,LA5,2009-03-20,05:40:38 PM,17:40:00,Hot-Wet
15.75902405,-19.19370931,LA5,2009-03-20,06:00:38 PM,18:00:00,Hot-Wet
15.75996297,-19.19516398,LA5,2009-03-20,06:20:38 PM,18:20:00,Hot-Wet
15.75938924,-19.19622803,LA5,2009-03-20,06:40:38 PM,18:40:00,Hot-Wet
15.7614797,-19.19842733,LA5,2009-03-20,07:00:38 PM,19:00:00,Hot-Wet
15.76425578,-19.20191447,LA5,2009-03-20,07:20:38 PM,19:20:00,Hot-Wet
15.76394958,-19.20281372,LA5,2009-03-20,07:40:38 PM,19:40:00,Hot-Wet
15.76394145,-19.20281169,LA5,2009-03-20,08:00:38 PM,20:00:00,Hot-Wet
15.76230062,-19.20446981,LA5,2009-03-20,08:20:38 PM,20:20:00,Hot-Wet
15.76334127,-19.20936686,LA5,2009-03-20,08:40:38 PM,20:40:00,Hot-Wet
15.76317342,-19.21111043,LA5,2009-03-20,09:00:38 PM,21:00:00,Hot-Wet
15.76471965,-19.21014404,LA5,2009-03-20,09:20:38 PM,21:20:00,Hot-Wet
15.76270549,-19.21120809,LA5,2009-03-20,09:40:38 PM,21:40:00,Hot-Wet
15.76172791,-19.21165365,LA5,2009-03-20,10:00:38 PM,22:00:00,Hot-Wet
15.76222738,-19.21528727,LA5,2009-03-20,10:20:38 PM,22:20:00,Hot-Wet
15.76300557,-19.21613363,LA5,2009-03-20,10:40:38 PM,22:40:00,Hot-Wet
15.76352437,-19.21634928,LA5,2009-03-20,11:00:38 PM,23:00:00,Hot-Wet
15.76500448,-19.21550903,LA5,2009-03-20,11:20:38 PM,23:20:00,Hot-Wet
15.7653951,-19.21590576,LA5,2009-03-20,11:40:38 PM,23:40:00,Hot-Wet
15.76546936,-19.21596476,LA5,2009-03-21,12:00:38 AM,00:00:00,Hot-Wet
15.7649058,-19.2166748,LA5,2009-03-21,12:20:38 AM,00:20:00,Hot-Wet
15.7648997,-19.21670125,LA5,2009-03-21,12:40:38 AM,00:40:00,Hot-Wet
15.76489868,-19.21670125,LA5,2009-03-21,01:00:38 AM,01:00:00,Hot-Wet
15.76467183,-19.2171346,LA5,2009-03-21,01:20:38 AM,01:20:00,Hot-Wet
15.76475423,-19.21798096,LA5,2009-03-21,01:40:38 AM,01:40:00,Hot-Wet
15.76571045,-19.21921387,LA5,2009-03-21,02:00:38 AM,02:00:00,Hot-Wet
15.76567586,-19.21921997,LA5,2009-03-21,02:20:38 AM,02:20:00,Hot-Wet
15.76571248,-19.21921183,LA5,2009-03-21,02:40:38 AM,02:40:00,Hot-Wet
15.76570231,-19.21922201,LA5,2009-03-21,03:00:38 AM,03:00:00,Hot-Wet
15.765684,-19.2192159,LA5,2009-03-21,03:20:38 AM,03:20:00,Hot-Wet
15.76570333,-19.21923014,LA5,2009-03-21,03:40:38 AM,03:40:00,Hot-Wet
15.76571452,-19.21927083,LA5,2009-03-21,04:00:38 AM,04:00:00,Hot-Wet
15.76565145,-19.21919149,LA5,2009-03-21,04:20:38 AM,04:20:00,Hot-Wet
15.76567078,-19.21920776,LA5,2009-03-21,04:40:38 AM,04:40:00,Hot-Wet
15.76604513,-19.21879272,LA5,2009-03-21,05:00:38 AM,05:00:00,Hot-Wet
15.76603495,-19.21879069,LA5,2009-03-21,05:20:38 AM,05:20:00,Hot-Wet
15.76792806,-19.21805623,LA5,2009-03-21,05:40:38 AM,05:40:00,Hot-Wet
15.76937459,-19.21740723,LA5,2009-03-21,06:00:38 AM,06:00:00,Hot-Wet
15.76985779,-19.21530965,LA5,2009-03-21,06:20:38 AM,06:20:00,Hot-Wet
15.77223409,-19.21472982,LA5,2009-03-21,06:40:38 AM,06:40:00,Hot-Wet
15.77277832,-19.21450806,LA5,2009-03-21,07:00:38 AM,07:00:00,Hot-Wet
15.77259827,-19.21350911,LA5,2009-03-21,07:20:38 AM,07:20:00,Hot-Wet
15.77260234,-19.21231079,LA5,2009-03-21,07:40:38 AM,07:40:00,Hot-Wet
15.77484538,-19.20973714,LA5,2009-03-21,08:00:38 AM,08:00:00,Hot-Wet
15.77514343,-19.20839437,LA5,2009-03-21,08:20:38 AM,08:20:00,Hot-Wet
15.77518514,-19.20451457,LA5,2009-03-21,08:40:38 AM,08:40:00,Hot-Wet
15.78265076,-19.20186971,LA5,2009-03-21,09:00:38 AM,09:00:00,Hot-Wet
15.78174438,-19.20006714,LA5,2009-03-21,09:20:38 AM,09:20:00,Hot-Wet
15.7829895,-19.19627686,LA5,2009-03-21,09:40:38 AM,09:40:00,Hot-Wet
15.78243917,-19.19265747,LA5,2009-03-21,10:00:38 AM,10:00:00,Hot-Wet
15.7825175,-19.19096883,LA5,2009-03-21,10:20:38 AM,10:20:00,Hot-Wet
15.78084208,-19.18792318,LA5,2009-03-21,10:40:38 AM,10:40:00,Hot-Wet
15.77897542,-19.18563029,LA5,2009-03-21,11:00:38 AM,11:00:00,Hot-Wet
15.77861837,-19.184316,LA5,2009-03-21,11:20:38 AM,11:20:00,Hot-Wet
15.77485148,-19.18510946,LA5,2009-03-21,11:40:38 AM,11:40:00,Hot-Wet
15.77164205,-19.18812663,LA5,2009-03-21,12:00:38 PM,12:00:00,Hot-Wet
15.77076619,-19.19115601,LA5,2009-03-21,12:20:38 PM,12:20:00,Hot-Wet
15.77095642,-19.1926473,LA5,2009-03-21,12:40:38 PM,12:40:00,Hot-Wet
15.76910807,-19.19484049,LA5,2009-03-21,01:00:38 PM,13:00:00,Hot-Wet
15.76737569,-19.19701335,LA5,2009-03-21,01:20:38 PM,13:20:00,Hot-Wet
15.76411133,-19.20093791,LA5,2009-03-21,01:40:38 PM,13:40:00,Hot-Wet
15.76577555,-19.2051473,LA5,2009-03-21,02:00:38 PM,14:00:00,Hot-Wet
15.76549988,-19.2080953,LA5,2009-03-21,02:20:38 PM,14:20:00,Hot-Wet
15.76708272,-19.21107381,LA5,2009-03-21,02:40:38 PM,14:40:00,Hot-Wet
15.76682943,-19.21351115,LA5,2009-03-21,03:00:38 PM,15:00:00,Hot-Wet
15.76560262,-19.21538493,LA5,2009-03-21,03:20:38 PM,15:20:00,Hot-Wet
15.76477865,-19.21646118,LA5,2009-03-21,03:40:38 PM,15:40:00,Hot-Wet
15.76267904,-19.21724854,LA5,2009-03-21,04:00:38 PM,16:00:00,Hot-Wet
15.76112874,-19.21732178,LA5,2009-03-21,04:20:38 PM,16:20:00,Hot-Wet
15.75930176,-19.21779989,LA5,2009-03-21,04:40:38 PM,16:40:00,Hot-Wet
15.75846456,-19.21875203,LA5,2009-03-21,05:00:38 PM,17:00:00,Hot-Wet
15.75846863,-19.21875,LA5,2009-03-21,05:20:38 PM,17:20:00,Hot-Wet
15.7589915,-19.22004395,LA5,2009-03-21,05:40:38 PM,17:40:00,Hot-Wet
15.75946452,-19.22148031,LA5,2009-03-21,06:00:38 PM,18:00:00,Hot-Wet
15.76045634,-19.22160238,LA5,2009-03-21,06:20:38 PM,18:20:00,Hot-Wet
15.76180013,-19.22182617,LA5,2009-03-21,06:40:38 PM,18:40:00,Hot-Wet
15.76176046,-19.2224589,LA5,2009-03-21,07:00:38 PM,19:00:00,Hot-Wet
15.76175435,-19.22244466,LA5,2009-03-21,07:20:38 PM,19:20:00,Hot-Wet
15.76189168,-19.22222697,LA5,2009-03-21,07:40:38 PM,19:40:00,Hot-Wet
15.7620697,-19.22384644,LA5,2009-03-21,08:00:38 PM,20:00:00,Hot-Wet
15.76302287,-19.2247111,LA5,2009-03-21,08:20:38 PM,20:20:00,Hot-Wet
15.76407471,-19.22554932,LA5,2009-03-21,08:40:38 PM,20:40:00,Hot-Wet
15.76686401,-19.22504883,LA5,2009-03-21,09:00:38 PM,21:00:00,Hot-Wet
15.7670929,-19.22467244,LA5,2009-03-21,09:20:38 PM,21:20:00,Hot-Wet
15.7694163,-19.2237264,LA5,2009-03-21,09:40:38 PM,21:40:00,Hot-Wet
15.76918538,-19.22468669,LA5,2009-03-21,10:00:38 PM,22:00:00,Hot-Wet
15.76681417,-19.22606812,LA5,2009-03-21,10:20:38 PM,22:20:00,Hot-Wet
15.76566162,-19.22437337,LA5,2009-03-21,10:40:38 PM,22:40:00,Hot-Wet
15.76608988,-19.22230021,LA5,2009-03-21,11:00:38 PM,23:00:00,Hot-Wet
15.76608073,-19.22141724,LA5,2009-03-21,11:20:38 PM,23:20:00,Hot-Wet
15.76617839,-19.22072144,LA5,2009-03-21,11:40:38 PM,23:40:00,Hot-Wet
15.76640625,-19.2202535,LA5,2009-03-22,12:00:38 AM,00:00:00,Hot-Wet
15.76753235,-19.22252808,LA5,2009-03-22,12:20:38 AM,00:20:00,Hot-Wet
15.76753133,-19.22252808,LA5,2009-03-22,12:40:38 AM,00:40:00,Hot-Wet
15.76795858,-19.2225057,LA5,2009-03-22,01:00:38 AM,01:00:00,Hot-Wet
15.76794332,-19.22259115,LA5,2009-03-22,01:20:38 AM,01:20:00,Hot-Wet
15.77045593,-19.22287394,LA5,2009-03-22,01:40:38 AM,01:40:00,Hot-Wet
15.77055562,-19.22292277,LA5,2009-03-22,02:00:38 AM,02:00:00,Hot-Wet
15.77059123,-19.22292074,LA5,2009-03-22,02:20:38 AM,02:20:00,Hot-Wet
15.77049052,-19.22300618,LA5,2009-03-22,02:40:38 AM,02:40:00,Hot-Wet
15.77048747,-19.22300008,LA5,2009-03-22,03:00:38 AM,03:00:00,Hot-Wet
15.77050374,-19.22305298,LA5,2009-03-22,03:20:38 AM,03:20:00,Hot-Wet
15.77054138,-19.22308757,LA5,2009-03-22,03:40:38 AM,03:40:00,Hot-Wet
15.77050883,-19.22308146,LA5,2009-03-22,04:00:38 AM,04:00:00,Hot-Wet
15.77053019,-19.22312622,LA5,2009-03-22,04:20:38 AM,04:20:00,Hot-Wet
15.7705068,-19.22305298,LA5,2009-03-22,04:40:38 AM,04:40:00,Hot-Wet
15.77050781,-19.22305094,LA5,2009-03-22,05:00:38 AM,05:00:00,Hot-Wet
15.77032166,-19.22195028,LA5,2009-03-22,05:20:38 AM,05:20:00,Hot-Wet
15.77017822,-19.21901042,LA5,2009-03-22,05:40:38 AM,05:40:00,Hot-Wet
15.77008667,-19.218514,LA5,2009-03-22,06:00:38 AM,06:00:00,Hot-Wet
15.76809591,-19.21772868,LA5,2009-03-22,06:20:38 AM,06:20:00,Hot-Wet
15.77072042,-19.21630859,LA5,2009-03-22,06:40:38 AM,06:40:00,Hot-Wet
15.7710083,-19.21558431,LA5,2009-03-22,07:00:38 AM,07:00:00,Hot-Wet
15.77031759,-19.21258952,LA5,2009-03-22,07:20:38 AM,07:20:00,Hot-Wet
15.76872457,-19.21020711,LA5,2009-03-22,07:40:38 AM,07:40:00,Hot-Wet
15.76684163,-19.20944417,LA5,2009-03-22,08:00:38 AM,08:00:00,Hot-Wet
15.76766968,-19.20574137,LA5,2009-03-22,08:20:38 AM,08:20:00,Hot-Wet
15.76422017,-19.20093587,LA5,2009-03-22,08:40:38 AM,08:40:00,Hot-Wet
15.7678894,-19.19908447,LA5,2009-03-22,09:00:38 AM,09:00:00,Hot-Wet
15.77065328,-19.19960531,LA5,2009-03-22,09:20:38 AM,09:20:00,Hot-Wet
15.77283223,-19.1992981,LA5,2009-03-22,09:40:38 AM,09:40:00,Hot-Wet
15.77679443,-19.19659627,LA5,2009-03-22,10:00:38 AM,10:00:00,Hot-Wet
15.775177,-19.1987264,LA5,2009-03-22,10:20:38 AM,10:20:00,Hot-Wet
15.77369181,-19.19897461,LA5,2009-03-22,10:40:38 AM,10:40:00,Hot-Wet
15.77253316,-19.19999593,LA5,2009-03-22,11:00:38 AM,11:00:00,Hot-Wet
15.77010803,-19.19492188,LA5,2009-03-22,11:20:38 AM,11:20:00,Hot-Wet
15.77010803,-19.19492594,LA5,2009-03-22,11:40:38 AM,11:40:00,Hot-Wet
15.77199198,-19.19196981,LA5,2009-03-22,12:00:38 PM,12:00:00,Hot-Wet
15.77292277,-19.19314779,LA5,2009-03-22,12:20:38 PM,12:20:00,Hot-Wet
15.77200419,-19.19411011,LA5,2009-03-22,12:40:38 PM,12:40:00,Hot-Wet
15.7706899,-19.19495646,LA5,2009-03-22,01:00:38 PM,13:00:00,Hot-Wet
15.76771952,-19.19710286,LA5,2009-03-22,01:20:38 PM,13:20:00,Hot-Wet
15.76513875,-19.20045573,LA5,2009-03-22,01:40:38 PM,13:40:00,Hot-Wet
15.76363831,-19.20401815,LA5,2009-03-22,02:00:38 PM,14:00:00,Hot-Wet
15.76444092,-19.21070353,LA5,2009-03-22,02:20:38 PM,14:20:00,Hot-Wet
15.76262309,-19.21490682,LA5,2009-03-22,02:40:38 PM,14:40:00,Hot-Wet
15.76328328,-19.21813558,LA5,2009-03-22,03:00:38 PM,15:00:00,Hot-Wet
15.76370951,-19.21936239,LA5,2009-03-22,03:20:38 PM,15:20:00,Hot-Wet
15.76370646,-19.21936239,LA5,2009-03-22,03:40:38 PM,15:40:00,Hot-Wet
15.76367594,-19.21936239,LA5,2009-03-22,04:00:38 PM,16:00:00,Hot-Wet
15.76236064,-19.21949463,LA5,2009-03-22,04:20:38 PM,16:20:00,Hot-Wet
15.7620046,-19.21870728,LA5,2009-03-22,04:40:38 PM,16:40:00,Hot-Wet
15.75914307,-19.21876831,LA5,2009-03-22,05:00:38 PM,17:00:00,Hot-Wet
15.75915019,-19.21876221,LA5,2009-03-22,05:20:38 PM,17:20:00,Hot-Wet
15.75612183,-19.21945597,LA5,2009-03-22,05:40:38 PM,17:40:00,Hot-Wet
15.754953,-19.21787923,LA5,2009-03-22,06:00:38 PM,18:00:00,Hot-Wet
15.75566406,-19.21753337,LA5,2009-03-22,06:20:38 PM,18:20:00,Hot-Wet
15.75616862,-19.21800944,LA5,2009-03-22,06:40:38 PM,18:40:00,Hot-Wet
15.75814718,-19.21766561,LA5,2009-03-22,07:00:38 PM,19:00:00,Hot-Wet
15.75814718,-19.21766357,LA5,2009-03-22,07:20:38 PM,19:20:00,Hot-Wet
15.75597636,-19.22027791,LA5,2009-03-22,07:40:38 PM,19:40:00,Hot-Wet
15.75597839,-19.22029012,LA5,2009-03-22,08:00:38 PM,20:00:00,Hot-Wet
15.759257,-19.22239583,LA5,2009-03-22,08:20:38 PM,20:20:00,Hot-Wet
15.76102091,-19.22314657,LA5,2009-03-22,08:40:38 PM,20:40:00,Hot-Wet
15.76229757,-19.22328491,LA5,2009-03-22,09:00:38 PM,21:00:00,Hot-Wet
15.76170451,-19.22159017,LA5,2009-03-22,09:20:38 PM,21:20:00,Hot-Wet
15.76254171,-19.22115479,LA5,2009-03-22,09:40:38 PM,21:40:00,Hot-Wet
15.76284281,-19.22260335,LA5,2009-03-22,10:00:38 PM,22:00:00,Hot-Wet
15.76401469,-19.22333577,LA5,2009-03-22,10:20:38 PM,22:20:00,Hot-Wet
15.76569621,-19.22350057,LA5,2009-03-22,10:40:38 PM,22:40:00,Hot-Wet
15.76706645,-19.22463379,LA5,2009-03-22,11:00:38 PM,23:00:00,Hot-Wet
15.76831258,-19.22325643,LA5,2009-03-22,11:20:45 PM,23:20:00,Hot-Wet
15.7695343,-19.22329712,LA5,2009-03-22,11:40:38 PM,23:40:00,Hot-Wet
15.76955566,-19.22332153,LA5,2009-03-23,12:00:38 AM,00:00:00,Hot-Wet
15.77048238,-19.22302043,LA5,2009-03-23,12:20:38 AM,00:20:00,Hot-Wet
15.77048035,-19.22303874,LA5,2009-03-23,12:40:00 AM,00:40:00,Hot-Wet
15.77047628,-19.22304077,LA5,2009-03-23,01:00:38 AM,01:00:00,Hot-Wet
15.77266947,-19.22319946,LA5,2009-03-23,01:20:38 AM,01:20:00,Hot-Wet
15.77510783,-19.22375488,LA5,2009-03-23,01:40:38 AM,01:40:00,Hot-Wet
15.77794596,-19.22404175,LA5,2009-03-23,02:00:38 AM,02:00:00,Hot-Wet
15.77909444,-19.22360636,LA5,2009-03-23,02:20:38 AM,02:20:00,Hot-Wet
15.77915548,-19.22377319,LA5,2009-03-23,02:40:38 AM,02:40:00,Hot-Wet
15.77914937,-19.22384644,LA5,2009-03-23,03:00:38 AM,03:00:00,Hot-Wet
15.77917582,-19.22374878,LA5,2009-03-23,03:20:39 AM,03:20:00,Hot-Wet
15.77911479,-19.22378337,LA5,2009-03-23,03:40:38 AM,03:40:00,Hot-Wet
15.77914429,-19.22376099,LA5,2009-03-23,04:00:45 AM,04:00:00,Hot-Wet
15.77915955,-19.22375488,LA5,2009-03-23,04:20:38 AM,04:20:00,Hot-Wet
15.77915548,-19.22375692,LA5,2009-03-23,04:40:38 AM,04:40:00,Hot-Wet
15.77987671,-19.22254842,LA5,2009-03-23,05:00:38 AM,05:00:00,Hot-Wet
15.77987467,-19.22255046,LA5,2009-03-23,05:20:38 AM,05:20:00,Hot-Wet
15.78293152,-19.21836751,LA5,2009-03-23,05:40:38 AM,05:40:00,Hot-Wet
15.78409526,-19.2157491,LA5,2009-03-23,06:00:38 AM,06:00:00,Hot-Wet
15.78685303,-19.21214193,LA5,2009-03-23,06:20:38 AM,06:20:00,Hot-Wet
15.7874766,-19.20755615,LA5,2009-03-23,06:40:38 AM,06:40:00,Hot-Wet
15.78562826,-19.20603027,LA5,2009-03-23,07:00:38 AM,07:00:00,Hot-Wet
15.78436279,-19.20426636,LA5,2009-03-23,07:20:38 AM,07:20:00,Hot-Wet
15.78323364,-19.20195516,LA5,2009-03-23,07:40:38 AM,07:40:00,Hot-Wet
15.78264364,-19.20186768,LA5,2009-03-23,08:00:38 AM,08:00:00,Hot-Wet
15.78285319,-19.20142822,LA5,2009-03-23,08:20:38 AM,08:20:00,Hot-Wet
15.77871704,-19.20118408,LA5,2009-03-23,08:40:38 AM,08:40:00,Hot-Wet
15.77596334,-19.20065715,LA5,2009-03-23,09:00:38 AM,09:00:00,Hot-Wet
15.77470601,-19.19989217,LA5,2009-03-23,09:20:38 AM,09:20:00,Hot-Wet
15.77488505,-19.19885457,LA5,2009-03-23,09:40:38 AM,09:40:00,Hot-Wet
15.7772939,-19.19617106,LA5,2009-03-23,10:00:38 AM,10:00:00,Hot-Wet
15.77825419,-19.19806112,LA5,2009-03-23,10:20:38 AM,10:20:00,Hot-Wet
15.77686564,-19.1964152,LA5,2009-03-23,10:40:38 AM,10:40:00,Hot-Wet
15.78109639,-19.19760335,LA5,2009-03-23,11:00:38 AM,11:00:00,Hot-Wet
15.78617249,-19.19485677,LA5,2009-03-23,11:20:38 AM,11:20:00,Hot-Wet
15.78618368,-19.19484863,LA5,2009-03-23,11:40:38 AM,11:40:00,Hot-Wet
15.78434855,-19.19551799,LA5,2009-03-23,12:00:38 PM,12:00:00,Hot-Wet
15.78157349,-19.19493815,LA5,2009-03-23,12:20:38 PM,12:20:00,Hot-Wet
15.77944132,-19.19501139,LA5,2009-03-23,12:40:38 PM,12:40:00,Hot-Wet
15.77676392,-19.196521,LA5,2009-03-23,01:00:38 PM,13:00:00,Hot-Wet
15.77298075,-19.19618734,LA5,2009-03-23,01:20:38 PM,13:20:00,Hot-Wet
15.77275289,-19.19595337,LA5,2009-03-23,01:40:38 PM,13:40:00,Hot-Wet
15.77296855,-19.19522705,LA5,2009-03-23,02:00:38 PM,14:00:00,Hot-Wet
15.76686808,-19.19254964,LA5,2009-03-23,02:20:38 PM,14:20:00,Hot-Wet
15.76547648,-19.19204102,LA5,2009-03-23,02:40:38 PM,14:40:00,Hot-Wet
15.7636261,-19.19232788,LA5,2009-03-23,03:00:38 PM,15:00:00,Hot-Wet
15.76342672,-19.19319865,LA5,2009-03-23,03:20:38 PM,15:20:00,Hot-Wet
15.762205,-19.19383341,LA5,2009-03-23,03:40:38 PM,15:40:00,Hot-Wet
15.76150513,-19.19240316,LA5,2009-03-23,04:00:38 PM,16:00:00,Hot-Wet
15.76380208,-19.18873901,LA5,2009-03-23,04:20:38 PM,16:20:00,Hot-Wet
15.76565145,-19.18453369,LA5,2009-03-23,04:40:38 PM,16:40:00,Hot-Wet
15.76941833,-19.18082072,LA5,2009-03-23,05:00:38 PM,17:00:00,Hot-Wet
15.76928609,-19.18040975,LA5,2009-03-23,05:20:38 PM,17:20:00,Hot-Wet
15.77511597,-19.17912191,LA5,2009-03-23,05:40:38 PM,17:40:00,Hot-Wet
15.77914225,-19.17656047,LA5,2009-03-23,06:00:38 PM,18:00:00,Hot-Wet
15.78134054,-19.17802734,LA5,2009-03-23,06:20:38 PM,18:20:00,Hot-Wet
15.78306173,-19.17860514,LA5,2009-03-23,06:40:38 PM,18:40:00,Hot-Wet
15.78329366,-19.18140259,LA5,2009-03-23,07:00:38 PM,19:00:00,Hot-Wet
15.78328451,-19.18139852,LA5,2009-03-23,07:20:38 PM,19:20:00,Hot-Wet
15.78604228,-19.18739217,LA5,2009-03-23,07:40:38 PM,19:40:00,Hot-Wet
15.78604126,-19.18739827,LA5,2009-03-23,08:00:38 PM,20:00:00,Hot-Wet
15.78794963,-19.18916016,LA5,2009-03-23,08:20:38 PM,20:20:00,Hot-Wet
15.78813578,-19.19082031,LA5,2009-03-23,08:40:38 PM,20:40:00,Hot-Wet
15.79083354,-19.19283854,LA5,2009-03-23,09:00:38 PM,21:00:00,Hot-Wet
15.791863,-19.19734701,LA5,2009-03-23,09:20:38 PM,21:20:00,Hot-Wet
15.78938599,-19.20224406,LA5,2009-03-23,09:40:38 PM,21:40:00,Hot-Wet
15.78748678,-19.20763346,LA5,2009-03-23,10:00:38 PM,22:00:00,Hot-Wet
15.7865092,-19.20912882,LA5,2009-03-23,10:20:38 PM,22:20:00,Hot-Wet
15.78680013,-19.21050822,LA5,2009-03-23,10:40:38 PM,22:40:00,Hot-Wet
15.78621928,-19.21260579,LA5,2009-03-23,11:00:38 PM,23:00:00,Hot-Wet
15.78551025,-19.21506958,LA5,2009-03-23,11:20:38 PM,23:20:00,Hot-Wet
15.78549703,-19.21514079,LA5,2009-03-23,11:40:38 PM,23:40:00,Hot-Wet
15.78570251,-19.21575928,LA5,2009-03-24,12:00:38 AM,00:00:00,Hot-Wet
15.7851888,-19.21682536,LA5,2009-03-24,12:20:38 AM,00:20:00,Hot-Wet
15.78519185,-19.21682129,LA5,2009-03-24,12:40:38 AM,00:40:00,Hot-Wet
15.78520406,-19.21683757,LA5,2009-03-24,01:00:38 AM,01:00:00,Hot-Wet
15.78544006,-19.21719564,LA5,2009-03-24,01:20:38 AM,01:20:00,Hot-Wet
15.78620504,-19.21722412,LA5,2009-03-24,01:40:38 AM,01:40:00,Hot-Wet
15.78627319,-19.21728312,LA5,2009-03-24,02:00:38 AM,02:00:00,Hot-Wet
15.78629049,-19.21728312,LA5,2009-03-24,02:20:38 AM,02:20:00,Hot-Wet
15.78630981,-19.21727905,LA5,2009-03-24,02:40:38 AM,02:40:00,Hot-Wet
15.78627726,-19.21726278,LA5,2009-03-24,03:00:38 AM,03:00:00,Hot-Wet
15.78627116,-19.21727295,LA5,2009-03-24,03:20:38 AM,03:20:00,Hot-Wet
15.78640747,-19.21723633,LA5,2009-03-24,03:40:38 AM,03:40:00,Hot-Wet
15.78640951,-19.21720785,LA5,2009-03-24,04:00:38 AM,04:00:00,Hot-Wet
15.78639628,-19.21723022,LA5,2009-03-24,04:20:38 AM,04:20:00,Hot-Wet
15.78638916,-19.21722209,LA5,2009-03-24,04:40:38 AM,04:40:00,Hot-Wet
15.78640544,-19.21723022,LA5,2009-03-24,05:00:38 AM,05:00:00,Hot-Wet
15.78606974,-19.21721802,LA5,2009-03-24,05:20:38 AM,05:20:00,Hot-Wet
15.78702901,-19.21702271,LA5,2009-03-24,05:40:38 AM,05:40:00,Hot-Wet
15.78849589,-19.21788127,LA5,2009-03-24,06:00:38 AM,06:00:00,Hot-Wet
15.78961385,-19.2162679,LA5,2009-03-24,06:20:38 AM,06:20:00,Hot-Wet
15.79130452,-19.21721598,LA5,2009-03-24,06:40:38 AM,06:40:00,Hot-Wet
15.79320577,-19.21795451,LA5,2009-03-24,07:00:38 AM,07:00:00,Hot-Wet
15.79331767,-19.21624349,LA5,2009-03-24,07:20:38 AM,07:20:00,Hot-Wet
15.79329122,-19.21364746,LA5,2009-03-24,07:40:38 AM,07:40:00,Hot-Wet
15.79477539,-19.21168416,LA5,2009-03-24,08:00:38 AM,08:00:00,Hot-Wet
15.79559631,-19.20945638,LA5,2009-03-24,08:20:38 AM,08:20:00,Hot-Wet
15.79478963,-19.20863037,LA5,2009-03-24,08:40:38 AM,08:40:00,Hot-Wet
15.79436239,-19.20536296,LA5,2009-03-24,09:00:38 AM,09:00:00,Hot-Wet
15.79550069,-19.20341593,LA5,2009-03-24,09:20:38 AM,09:20:00,Hot-Wet
15.79219157,-19.20127767,LA5,2009-03-24,09:40:38 AM,09:40:00,Hot-Wet
15.78980001,-19.1995931,LA5,2009-03-24,10:00:38 AM,10:00:00,Hot-Wet
15.78766785,-19.19963786,LA5,2009-03-24,10:20:38 AM,10:20:00,Hot-Wet
15.78672078,-19.19963379,LA5,2009-03-24,10:40:38 AM,10:40:00,Hot-Wet
15.7855835,-19.19933472,LA5,2009-03-24,11:00:38 AM,11:00:00,Hot-Wet
15.78316752,-19.2019633,LA5,2009-03-24,11:20:38 AM,11:20:00,Hot-Wet
15.78319499,-19.2019694,LA5,2009-03-24,11:40:38 AM,11:40:00,Hot-Wet
15.78325195,-19.20193685,LA5,2009-03-24,12:00:38 PM,12:00:00,Hot-Wet
15.78315023,-19.20189006,LA5,2009-03-24,12:20:38 PM,12:20:00,Hot-Wet
15.78367818,-19.19622803,LA5,2009-03-24,12:40:38 PM,12:40:00,Hot-Wet
15.78439636,-19.19196167,LA5,2009-03-24,01:00:38 PM,13:00:00,Hot-Wet
15.78404846,-19.18806152,LA5,2009-03-24,01:20:38 PM,13:20:00,Hot-Wet
15.78481242,-19.18187459,LA5,2009-03-24,01:40:38 PM,13:40:00,Hot-Wet
15.78321533,-19.17811483,LA5,2009-03-24,02:00:38 PM,14:00:00,Hot-Wet
15.78052979,-19.17534587,LA5,2009-03-24,02:20:38 PM,14:20:00,Hot-Wet
15.77907613,-19.17278035,LA5,2009-03-24,02:40:38 PM,14:40:00,Hot-Wet
15.79323222,-19.16780802,LA5,2009-03-24,03:00:38 PM,15:00:00,Hot-Wet
15.79323425,-19.16780802,LA5,2009-03-24,03:20:38 PM,15:20:00,Hot-Wet
15.7964386,-19.16779785,LA5,2009-03-24,03:40:38 PM,15:40:00,Hot-Wet
15.79721883,-19.16554972,LA5,2009-03-24,04:00:38 PM,16:00:00,Hot-Wet
15.79193827,-19.16541341,LA5,2009-03-24,04:20:38 PM,16:20:00,Hot-Wet
15.78932495,-19.16127726,LA5,2009-03-24,04:40:38 PM,16:40:00,Hot-Wet
15.7874176,-19.15618693,LA5,2009-03-24,05:00:38 PM,17:00:00,Hot-Wet
15.77967529,-19.15488485,LA5,2009-03-24,05:20:38 PM,17:20:00,Hot-Wet
15.77564901,-19.15858968,LA5,2009-03-24,05:40:38 PM,17:40:00,Hot-Wet
15.76956685,-19.15639242,LA5,2009-03-24,06:00:38 PM,18:00:00,Hot-Wet
15.76446737,-19.153479,LA5,2009-03-24,06:20:38 PM,18:20:00,Hot-Wet
15.75490824,-19.14906006,LA5,2009-03-24,06:40:38 PM,18:40:00,Hot-Wet
15.74508565,-19.14553426,LA5,2009-03-24,07:00:38 PM,19:00:00,Hot-Wet
15.7362325,-19.14166463,LA5,2009-03-24,07:20:38 PM,19:20:00,Hot-Wet
15.73624064,-19.1416687,LA5,2009-03-24,07:40:38 PM,19:40:00,Hot-Wet
15.72675069,-19.13821411,LA5,2009-03-24,08:00:38 PM,20:00:00,Hot-Wet
15.72239685,-19.13745321,LA5,2009-03-24,08:20:38 PM,20:20:00,Hot-Wet
15.71959025,-19.13738403,LA5,2009-03-24,08:40:38 PM,20:40:00,Hot-Wet
15.71100464,-19.13783366,LA5,2009-03-24,09:00:38 PM,21:00:00,Hot-Wet
15.70485942,-19.13737386,LA5,2009-03-24,09:20:38 PM,21:20:00,Hot-Wet
15.69675496,-19.13412882,LA5,2009-03-24,09:40:38 PM,21:40:00,Hot-Wet
15.69099223,-19.13440552,LA5,2009-03-24,10:00:38 PM,22:00:00,Hot-Wet
15.68899434,-19.14306437,LA5,2009-03-24,10:20:38 PM,22:20:00,Hot-Wet
15.68861898,-19.14423421,LA5,2009-03-24,10:40:38 PM,22:40:00,Hot-Wet
15.6881429,-19.14495646,LA5,2009-03-24,11:00:38 PM,23:00:00,Hot-Wet
15.68824056,-19.14541219,LA5,2009-03-24,11:20:38 PM,23:20:00,Hot-Wet
15.68800863,-19.14682821,LA5,2009-03-24,11:40:38 PM,23:40:00,Hot-Wet
15.6878479,-19.14829508,LA5,2009-03-25,12:00:38 AM,00:00:00,Hot-Wet
15.68697001,-19.1491272,LA5,2009-03-25,12:20:38 AM,00:20:00,Hot-Wet
15.68621216,-19.15007528,LA5,2009-03-25,12:40:38 AM,00:40:00,Hot-Wet
15.68491007,-19.15176595,LA5,2009-03-25,01:00:38 AM,01:00:00,Hot-Wet
15.68464966,-19.15120443,LA5,2009-03-25,01:20:38 AM,01:20:00,Hot-Wet
15.6846995,-19.15120239,LA5,2009-03-25,01:40:38 AM,01:40:00,Hot-Wet
15.68466797,-19.1512085,LA5,2009-03-25,02:00:38 AM,02:00:00,Hot-Wet
15.68464457,-19.15115356,LA5,2009-03-25,02:20:38 AM,02:20:00,Hot-Wet
15.68465068,-19.15118815,LA5,2009-03-25,02:40:38 AM,02:40:00,Hot-Wet
15.68466899,-19.15118612,LA5,2009-03-25,03:00:38 AM,03:00:00,Hot-Wet
15.68467204,-19.15117391,LA5,2009-03-25,03:20:38 AM,03:20:00,Hot-Wet
15.68466492,-19.15119019,LA5,2009-03-25,03:40:38 AM,03:40:00,Hot-Wet
15.68466085,-19.15119222,LA5,2009-03-25,04:00:38 AM,04:00:00,Hot-Wet
15.68389587,-19.15257568,LA5,2009-03-25,04:20:38 AM,04:20:00,Hot-Wet
15.68402812,-19.15292969,LA5,2009-03-25,04:40:38 AM,04:40:00,Hot-Wet
15.68347168,-19.15568441,LA5,2009-03-25,05:00:38 AM,05:00:00,Hot-Wet
15.68173421,-19.15784709,LA5,2009-03-25,05:20:38 AM,05:20:00,Hot-Wet
15.67973328,-19.16332194,LA5,2009-03-25,05:40:38 AM,05:40:00,Hot-Wet
15.67904561,-19.17138875,LA5,2009-03-25,06:00:38 AM,06:00:00,Hot-Wet
15.67740479,-19.17582804,LA5,2009-03-25,06:20:38 AM,06:20:00,Hot-Wet
15.67446187,-19.17787272,LA5,2009-03-25,06:40:38 AM,06:40:00,Hot-Wet
15.67413228,-19.18320109,LA5,2009-03-25,07:00:38 AM,07:00:00,Hot-Wet
15.67113851,-19.18837891,LA5,2009-03-25,07:20:38 AM,07:20:00,Hot-Wet
15.66984863,-19.18850708,LA5,2009-03-25,07:40:38 AM,07:40:00,Hot-Wet
15.67002462,-19.19032186,LA5,2009-03-25,08:00:38 AM,08:00:00,Hot-Wet
15.67110392,-19.19112752,LA5,2009-03-25,08:20:38 AM,08:20:00,Hot-Wet
15.6714152,-19.19029744,LA5,2009-03-25,08:40:38 AM,08:40:00,Hot-Wet
15.67002157,-19.18840739,LA5,2009-03-25,09:00:38 AM,09:00:00,Hot-Wet
15.67377523,-19.18743286,LA5,2009-03-25,09:20:38 AM,09:20:00,Hot-Wet
15.67727051,-19.18700765,LA5,2009-03-25,09:40:38 AM,09:40:00,Hot-Wet
15.679717,-19.18533325,LA5,2009-03-25,10:00:38 AM,10:00:00,Hot-Wet
15.67975667,-19.18530477,LA5,2009-03-25,10:20:38 AM,10:20:00,Hot-Wet
15.67972107,-19.18533122,LA5,2009-03-25,10:40:38 AM,10:40:00,Hot-Wet
15.68210653,-19.18134562,LA5,2009-03-25,11:00:38 AM,11:00:00,Hot-Wet
15.68300374,-19.17672323,LA5,2009-03-25,11:20:38 AM,11:20:00,Hot-Wet
15.68768005,-19.17275798,LA5,2009-03-25,11:40:38 AM,11:40:00,Hot-Wet
15.68802694,-19.17203369,LA5,2009-03-25,12:00:38 PM,12:00:00,Hot-Wet
15.68804016,-19.17201945,LA5,2009-03-25,12:20:38 PM,12:20:00,Hot-Wet
15.69094238,-19.17289632,LA5,2009-03-25,12:40:38 PM,12:40:00,Hot-Wet
15.69791463,-19.17096965,LA5,2009-03-25,01:00:38 PM,13:00:00,Hot-Wet
15.70326742,-19.16722209,LA5,2009-03-25,01:20:38 PM,13:20:00,Hot-Wet
15.70898438,-19.16550903,LA5,2009-03-25,01:40:38 PM,13:40:00,Hot-Wet
15.7124644,-19.16471965,LA5,2009-03-25,02:00:38 PM,14:00:00,Hot-Wet
15.7160848,-19.16248372,LA5,2009-03-25,02:20:38 PM,14:20:00,Hot-Wet
15.71670837,-19.16241455,LA5,2009-03-25,02:40:38 PM,14:40:00,Hot-Wet
15.72764893,-19.16019897,LA5,2009-03-25,03:00:38 PM,15:00:00,Hot-Wet
15.7276357,-19.16019897,LA5,2009-03-25,03:20:38 PM,15:20:00,Hot-Wet
15.73862406,-19.15529989,LA5,2009-03-25,03:40:38 PM,15:40:00,Hot-Wet
15.74561462,-19.15461426,LA5,2009-03-25,04:00:38 PM,16:00:00,Hot-Wet
15.75630798,-19.15846151,LA5,2009-03-25,04:20:38 PM,16:20:00,Hot-Wet
15.76812846,-19.15444132,LA5,2009-03-25,04:40:38 PM,16:40:00,Hot-Wet
15.77570292,-19.1587911,LA5,2009-03-25,05:00:38 PM,17:00:00,Hot-Wet
15.77854004,-19.16402384,LA5,2009-03-25,05:20:38 PM,17:20:00,Hot-Wet
15.78362223,-19.16963094,LA5,2009-03-25,05:40:38 PM,17:40:00,Hot-Wet
15.78240763,-19.17492879,LA5,2009-03-25,06:00:38 PM,18:00:00,Hot-Wet
15.77994893,-19.17734578,LA5,2009-03-25,06:20:38 PM,18:20:00,Hot-Wet
15.7836263,-19.17955119,LA5,2009-03-25,06:40:38 PM,18:40:00,Hot-Wet
15.78336589,-19.18288778,LA5,2009-03-25,07:00:38 PM,19:00:00,Hot-Wet
15.78129781,-19.18598429,LA5,2009-03-25,07:20:38 PM,19:20:00,Hot-Wet
15.77772827,-19.19007772,LA5,2009-03-25,07:40:38 PM,19:40:00,Hot-Wet
15.77552287,-19.19129842,LA5,2009-03-25,08:00:38 PM,20:00:00,Hot-Wet
15.77331645,-19.19471232,LA5,2009-03-25,08:20:38 PM,20:20:00,Hot-Wet
15.77304179,-19.19598999,LA5,2009-03-25,08:40:38 PM,20:40:00,Hot-Wet
15.77133789,-19.19949341,LA5,2009-03-25,09:00:38 PM,21:00:00,Hot-Wet
15.77115479,-19.20045369,LA5,2009-03-25,09:20:38 PM,21:20:00,Hot-Wet
15.77043152,-19.20116781,LA5,2009-03-25,09:40:38 PM,21:40:00,Hot-Wet
15.76914571,-19.20296834,LA5,2009-03-25,10:00:38 PM,22:00:00,Hot-Wet
15.76911418,-19.20306803,LA5,2009-03-25,10:20:38 PM,22:20:00,Hot-Wet
15.76895549,-19.20321655,LA5,2009-03-25,10:40:38 PM,22:40:00,Hot-Wet
15.76729736,-19.20499064,LA5,2009-03-25,11:00:38 PM,23:00:00,Hot-Wet
15.76758626,-19.20713908,LA5,2009-03-25,11:20:38 PM,23:20:00,Hot-Wet
15.76791484,-19.21062012,LA5,2009-03-25,11:40:38 PM,23:40:00,Hot-Wet
15.76800741,-19.21120199,LA5,2009-03-26,12:00:38 AM,00:00:00,Hot-Wet
15.7680013,-19.21296794,LA5,2009-03-26,12:20:38 AM,00:20:00,Hot-Wet
15.76566366,-19.21554565,LA5,2009-03-26,12:40:38 AM,00:40:00,Hot-Wet
15.76494039,-19.21609904,LA5,2009-03-26,01:00:38 AM,01:00:00,Hot-Wet
15.76482239,-19.21697184,LA5,2009-03-26,01:20:38 AM,01:20:00,Hot-Wet
15.76563009,-19.2174825,LA5,2009-03-26,01:40:38 AM,01:40:00,Hot-Wet
15.76565247,-19.21746216,LA5,2009-03-26,02:00:38 AM,02:00:00,Hot-Wet
15.76530965,-19.21704305,LA5,2009-03-26,02:20:38 AM,02:20:00,Hot-Wet
15.76528015,-19.21704305,LA5,2009-03-26,02:40:38 AM,02:40:00,Hot-Wet
15.7653127,-19.2170695,LA5,2009-03-26,03:00:38 AM,03:00:00,Hot-Wet
15.76530355,-19.21705729,LA5,2009-03-26,03:20:38 AM,03:20:00,Hot-Wet
15.76533508,-19.21704305,LA5,2009-03-26,03:40:38 AM,03:40:00,Hot-Wet
15.76531677,-19.21705119,LA5,2009-03-26,04:00:38 AM,04:00:00,Hot-Wet
15.76533508,-19.21705933,LA5,2009-03-26,04:20:38 AM,04:20:00,Hot-Wet
15.76535034,-19.21706136,LA5,2009-03-26,04:40:38 AM,04:40:00,Hot-Wet
15.7652771,-19.21702067,LA5,2009-03-26,05:01:09 AM,05:01:00,Hot-Wet
15.76785278,-19.21775513,LA5,2009-03-26,05:20:38 AM,05:20:00,Hot-Wet
15.76784566,-19.21775106,LA5,2009-03-26,05:40:38 AM,05:40:00,Hot-Wet
15.76840617,-19.21966756,LA5,2009-03-26,06:00:38 AM,06:00:00,Hot-Wet
15.76866048,-19.22077026,LA5,2009-03-26,06:20:38 AM,06:20:00,Hot-Wet
15.76919149,-19.22077026,LA5,2009-03-26,06:40:38 AM,06:40:00,Hot-Wet
15.77196045,-19.21967367,LA5,2009-03-26,07:00:38 AM,07:00:00,Hot-Wet
15.7747111,-19.21715902,LA5,2009-03-26,07:20:38 AM,07:20:00,Hot-Wet
15.77883606,-19.2160848,LA5,2009-03-26,07:40:38 AM,07:40:00,Hot-Wet
15.78216553,-19.21446126,LA5,2009-03-26,08:00:38 AM,08:00:00,Hot-Wet
15.78748983,-19.20762736,LA5,2009-03-26,08:20:38 AM,08:20:00,Hot-Wet
15.78326009,-19.20197957,LA5,2009-03-26,08:40:38 AM,08:40:00,Hot-Wet
15.78259074,-19.20176188,LA5,2009-03-26,09:00:38 AM,09:00:00,Hot-Wet
15.77927144,-19.20018514,LA5,2009-03-26,09:20:38 AM,09:20:00,Hot-Wet
15.77617391,-19.20056763,LA5,2009-03-26,09:40:38 AM,09:40:00,Hot-Wet
15.77582194,-19.2001119,LA5,2009-03-26,10:00:38 AM,10:00:00,Hot-Wet
15.77224223,-19.20042114,LA5,2009-03-26,10:20:38 AM,10:20:00,Hot-Wet
15.77227173,-19.20046794,LA5,2009-03-26,10:40:38 AM,10:40:00,Hot-Wet
15.77638448,-19.19676514,LA5,2009-03-26,11:00:38 AM,11:00:00,Hot-Wet
15.77847087,-19.19654541,LA5,2009-03-26,11:20:38 AM,11:20:00,Hot-Wet
15.78124797,-19.19240723,LA5,2009-03-26,11:40:38 AM,11:40:00,Hot-Wet
15.7831899,-19.19009603,LA5,2009-03-26,12:00:38 PM,12:00:00,Hot-Wet
15.78335368,-19.18786621,LA5,2009-03-26,12:20:38 PM,12:20:00,Hot-Wet
15.78455709,-19.18667806,LA5,2009-03-26,12:40:38 PM,12:40:00,Hot-Wet
15.78454895,-19.1866923,LA5,2009-03-26,01:00:38 PM,13:00:00,Hot-Wet
15.78453267,-19.18665975,LA5,2009-03-26,01:20:38 PM,13:20:00,Hot-Wet
15.78421427,-19.18652954,LA5,2009-03-26,01:40:38 PM,13:40:00,Hot-Wet
15.78483683,-19.18101196,LA5,2009-03-26,02:00:38 PM,14:00:00,Hot-Wet
15.78135173,-19.17637533,LA5,2009-03-26,02:20:38 PM,14:20:00,Hot-Wet
15.77745667,-19.17302653,LA5,2009-03-26,02:40:38 PM,14:40:00,Hot-Wet
15.77602743,-19.16861369,LA5,2009-03-26,03:00:38 PM,15:00:00,Hot-Wet
15.78455404,-19.16749674,LA5,2009-03-26,03:20:38 PM,15:20:00,Hot-Wet
15.7845459,-19.16749878,LA5,2009-03-26,03:40:38 PM,15:40:00,Hot-Wet
15.78919169,-19.16475016,LA5,2009-03-26,04:00:38 PM,16:00:00,Hot-Wet
15.79326172,-19.16779582,LA5,2009-03-26,04:20:38 PM,16:20:00,Hot-Wet
15.78814494,-19.15853475,LA5,2009-03-26,04:40:38 PM,16:40:00,Hot-Wet
15.78814494,-19.15853475,LA5,2009-03-26,05:00:38 PM,17:00:00,Hot-Wet
15.78447266,-19.16105754,LA5,2009-03-26,05:20:38 PM,17:20:00,Hot-Wet
15.77952779,-19.16274414,LA5,2009-03-26,05:40:38 PM,17:40:00,Hot-Wet
15.77840169,-19.16395264,LA5,2009-03-26,06:00:38 PM,18:00:00,Hot-Wet
15.77132365,-19.16410116,LA5,2009-03-26,06:20:38 PM,18:20:00,Hot-Wet
15.77132161,-19.16409912,LA5,2009-03-26,06:40:38 PM,18:40:00,Hot-Wet
15.76868998,-19.1661499,LA5,2009-03-26,07:00:38 PM,19:00:00,Hot-Wet
15.75619405,-19.17069702,LA5,2009-03-26,07:20:38 PM,19:20:00,Hot-Wet
15.7561971,-19.17069702,LA5,2009-03-26,07:40:38 PM,19:40:00,Hot-Wet
15.7566335,-19.1760966,LA5,2009-03-26,08:00:38 PM,20:00:00,Hot-Wet
15.75497538,-19.18170573,LA5,2009-03-26,08:20:38 PM,20:20:00,Hot-Wet
15.7569397,-19.18541667,LA5,2009-03-26,08:40:38 PM,20:40:00,Hot-Wet
15.75711263,-19.18566284,LA5,2009-03-26,09:00:38 PM,21:00:00,Hot-Wet
15.75708516,-19.1856486,LA5,2009-03-26,09:20:38 PM,21:20:00,Hot-Wet
15.7571401,-19.18583781,LA5,2009-03-26,09:40:38 PM,21:40:00,Hot-Wet
15.7564738,-19.18595581,LA5,2009-03-26,10:00:38 PM,22:00:00,Hot-Wet
15.75670166,-19.18623454,LA5,2009-03-26,10:20:38 PM,22:20:00,Hot-Wet
15.75684204,-19.1871582,LA5,2009-03-26,10:40:38 PM,22:40:00,Hot-Wet
15.75736084,-19.19119263,LA5,2009-03-26,11:00:38 PM,23:00:00,Hot-Wet
15.75562134,-19.19339803,LA5,2009-03-26,11:20:38 PM,23:20:00,Hot-Wet
15.75694275,-19.19731852,LA5,2009-03-26,11:40:38 PM,23:40:00,Hot-Wet
15.75700073,-19.19784546,LA5,2009-03-27,12:00:38 AM,00:00:00,Hot-Wet
15.75676371,-19.19903361,LA5,2009-03-27,12:20:38 AM,00:20:00,Hot-Wet
15.7563914,-19.20077922,LA5,2009-03-27,12:40:38 AM,00:40:00,Hot-Wet
15.75555216,-19.20177409,LA5,2009-03-27,01:00:38 AM,01:00:00,Hot-Wet
15.7555481,-19.20177612,LA5,2009-03-27,01:20:38 AM,01:20:00,Hot-Wet
15.75496318,-19.20179443,LA5,2009-03-27,01:40:38 AM,01:40:00,Hot-Wet
15.75419006,-19.20215861,LA5,2009-03-27,02:00:38 AM,02:00:00,Hot-Wet
15.7539917,-19.20276896,LA5,2009-03-27,02:20:38 AM,02:20:00,Hot-Wet
15.75449524,-19.20355632,LA5,2009-03-27,02:40:38 AM,02:40:00,Hot-Wet
15.75448405,-19.20361938,LA5,2009-03-27,03:00:38 AM,03:00:00,Hot-Wet
15.754481,-19.20365804,LA5,2009-03-27,03:20:38 AM,03:20:00,Hot-Wet
15.75447795,-19.20364176,LA5,2009-03-27,03:40:38 AM,03:40:00,Hot-Wet
15.75453084,-19.20358683,LA5,2009-03-27,04:00:38 AM,04:00:00,Hot-Wet
15.75456238,-19.20358887,LA5,2009-03-27,04:20:38 AM,04:20:00,Hot-Wet
15.75456441,-19.2035909,LA5,2009-03-27,04:40:38 AM,04:40:00,Hot-Wet
15.75457052,-19.20355835,LA5,2009-03-27,05:00:38 AM,05:00:00,Hot-Wet
15.75456645,-19.20356445,LA5,2009-03-27,05:20:38 AM,05:20:00,Hot-Wet
15.75516968,-19.20311076,LA5,2009-03-27,05:40:38 AM,05:40:00,Hot-Wet
15.75621847,-19.20212402,LA5,2009-03-27,06:00:38 AM,06:00:00,Hot-Wet
15.757429,-19.19997559,LA5,2009-03-27,06:20:38 AM,06:20:00,Hot-Wet
15.75697835,-19.19876302,LA5,2009-03-27,06:40:38 AM,06:40:00,Hot-Wet
15.7557546,-19.19816691,LA5,2009-03-27,07:00:38 AM,07:00:00,Hot-Wet
15.75529887,-19.19731649,LA5,2009-03-27,07:20:38 AM,07:20:00,Hot-Wet
15.75544739,-19.19342448,LA5,2009-03-27,07:40:38 AM,07:40:00,Hot-Wet
15.75790609,-19.19223022,LA5,2009-03-27,08:00:38 AM,08:00:00,Hot-Wet
15.75683797,-19.19078573,LA5,2009-03-27,08:20:38 AM,08:20:00,Hot-Wet
15.75904541,-19.18621216,LA5,2009-03-27,08:40:38 AM,08:40:00,Hot-Wet
15.75967407,-19.18606771,LA5,2009-03-27,09:00:38 AM,09:00:00,Hot-Wet
15.76109517,-19.18548381,LA5,2009-03-27,09:20:38 AM,09:20:00,Hot-Wet
15.76569519,-19.18718262,LA5,2009-03-27,09:40:38 AM,09:40:00,Hot-Wet
15.76862081,-19.19044393,LA5,2009-03-27,10:00:38 AM,10:00:00,Hot-Wet
15.77210185,-19.19167887,LA5,2009-03-27,10:20:38 AM,10:20:00,Hot-Wet
15.77151693,-19.18773804,LA5,2009-03-27,10:40:38 AM,10:40:00,Hot-Wet
15.7694753,-19.18691203,LA5,2009-03-27,11:00:38 AM,11:00:00,Hot-Wet
15.77098185,-19.18532104,LA5,2009-03-27,11:20:38 AM,11:20:00,Hot-Wet
15.77174174,-19.1882019,LA5,2009-03-27,11:40:38 AM,11:40:00,Hot-Wet
15.77039591,-19.18793132,LA5,2009-03-27,12:00:38 PM,12:00:00,Hot-Wet
15.768573,-19.18549194,LA5,2009-03-27,12:20:38 PM,12:20:00,Hot-Wet
15.76772563,-19.18392537,LA5,2009-03-27,12:40:38 PM,12:40:00,Hot-Wet
15.76829732,-19.18214315,LA5,2009-03-27,01:00:38 PM,13:00:00,Hot-Wet
15.76623128,-19.18303833,LA5,2009-03-27,01:20:38 PM,13:20:00,Hot-Wet
15.75986023,-19.18641764,LA5,2009-03-27,01:40:38 PM,13:40:00,Hot-Wet
15.75907389,-19.18582967,LA5,2009-03-27,02:00:38 PM,14:00:00,Hot-Wet
15.75801697,-19.18529663,LA5,2009-03-27,02:20:38 PM,14:20:00,Hot-Wet
15.75766093,-19.18534953,LA5,2009-03-27,02:40:38 PM,14:40:00,Hot-Wet
15.75796814,-19.18518677,LA5,2009-03-27,03:00:38 PM,15:00:00,Hot-Wet
15.75692139,-19.1846578,LA5,2009-03-27,03:20:38 PM,15:20:00,Hot-Wet
15.75674337,-19.18495076,LA5,2009-03-27,03:40:38 PM,15:40:00,Hot-Wet
15.75655314,-19.18509318,LA5,2009-03-27,04:00:38 PM,16:00:00,Hot-Wet
15.75663859,-19.18340047,LA5,2009-03-27,04:20:38 PM,16:20:00,Hot-Wet
15.7668396,-19.17444255,LA5,2009-03-27,04:40:38 PM,16:40:00,Hot-Wet
15.7668335,-19.17445068,LA5,2009-03-27,05:00:38 PM,17:00:00,Hot-Wet
15.77386373,-19.1724528,LA5,2009-03-27,05:20:38 PM,17:20:00,Hot-Wet
15.77692871,-19.17532145,LA5,2009-03-27,05:40:38 PM,17:40:00,Hot-Wet
15.78102824,-19.17632039,LA5,2009-03-27,06:00:38 PM,18:00:00,Hot-Wet
15.78505351,-19.17084757,LA5,2009-03-27,06:20:38 PM,18:20:00,Hot-Wet
15.78680623,-19.16975301,LA5,2009-03-27,06:40:38 PM,18:40:00,Hot-Wet
15.78680318,-19.16975301,LA5,2009-03-27,07:00:38 PM,19:00:00,Hot-Wet
15.78902588,-19.16638794,LA5,2009-03-27,07:20:38 PM,19:20:00,Hot-Wet
15.78902079,-19.16639811,LA5,2009-03-27,07:40:38 PM,19:40:00,Hot-Wet
15.7904775,-19.16679891,LA5,2009-03-27,08:00:38 PM,20:00:00,Hot-Wet
15.79327291,-19.16830648,LA5,2009-03-27,08:20:38 PM,20:20:00,Hot-Wet
15.79597168,-19.16897176,LA5,2009-03-27,08:40:38 PM,20:40:00,Hot-Wet
15.80081889,-19.17050171,LA5,2009-03-27,09:00:38 PM,21:00:00,Hot-Wet
15.80081787,-19.17384847,LA5,2009-03-27,09:20:38 PM,21:20:00,Hot-Wet
15.79771932,-19.18014526,LA5,2009-03-27,09:40:38 PM,21:40:00,Hot-Wet
15.79114176,-19.18705037,LA5,2009-03-27,10:00:38 PM,22:00:00,Hot-Wet
15.79027201,-19.19066162,LA5,2009-03-27,10:20:38 PM,22:20:00,Hot-Wet
15.78616435,-19.18991496,LA5,2009-03-27,10:40:38 PM,22:40:00,Hot-Wet
15.78143005,-19.19145508,LA5,2009-03-27,11:00:38 PM,23:00:00,Hot-Wet
15.77796326,-19.19381307,LA5,2009-03-27,11:20:38 PM,23:20:00,Hot-Wet
15.77727966,-19.19446615,LA5,2009-03-27,11:40:38 PM,23:40:00,Hot-Wet
15.77495117,-19.19605509,LA5,2009-03-28,12:00:38 AM,00:00:00,Hot-Wet
15.7725413,-19.19788005,LA5,2009-03-28,12:20:38 AM,00:20:00,Hot-Wet
15.77151286,-19.20035604,LA5,2009-03-28,12:40:38 AM,00:40:00,Hot-Wet
15.77124329,-19.20061442,LA5,2009-03-28,01:00:38 AM,01:00:00,Hot-Wet
15.77124939,-19.20062052,LA5,2009-03-28,01:20:38 AM,01:20:00,Hot-Wet
15.77123718,-19.2006307,LA5,2009-03-28,01:40:38 AM,01:40:00,Hot-Wet
15.77146301,-19.20056356,LA5,2009-03-28,02:00:38 AM,02:00:00,Hot-Wet
15.77144572,-19.20052897,LA5,2009-03-28,02:20:38 AM,02:20:00,Hot-Wet
15.77142944,-19.20063273,LA5,2009-03-28,02:40:38 AM,02:40:00,Hot-Wet
15.77142944,-19.20066325,LA5,2009-03-28,03:00:38 AM,03:00:00,Hot-Wet
15.7715566,-19.20052897,LA5,2009-03-28,03:20:38 AM,03:20:00,Hot-Wet
15.77155558,-19.20052897,LA5,2009-03-28,03:40:38 AM,03:40:00,Hot-Wet
15.7714742,-19.20054525,LA5,2009-03-28,04:00:38 AM,04:00:00,Hot-Wet
15.77146505,-19.20053507,LA5,2009-03-28,04:20:38 AM,04:20:00,Hot-Wet
15.77145793,-19.20055339,LA5,2009-03-28,04:40:45 AM,04:40:00,Hot-Wet
15.7713857,-19.20082804,LA5,2009-03-28,05:00:46 AM,05:00:00,Hot-Wet
15.7715627,-19.20079753,LA5,2009-03-28,05:20:38 AM,05:20:00,Hot-Wet
15.77103271,-19.20067546,LA5,2009-03-28,05:40:38 AM,05:40:00,Hot-Wet
15.77147217,-19.20033773,LA5,2009-03-28,06:00:38 AM,06:00:00,Hot-Wet
15.77170715,-19.20027669,LA5,2009-03-28,06:20:38 AM,06:20:00,Hot-Wet
15.77160441,-19.20129598,LA5,2009-03-28,06:40:38 AM,06:40:00,Hot-Wet
15.77257792,-19.20146891,LA5,2009-03-28,07:00:38 AM,07:00:00,Hot-Wet
15.77226156,-19.20012004,LA5,2009-03-28,07:20:38 AM,07:20:00,Hot-Wet
15.77206726,-19.19975179,LA5,2009-03-28,07:40:38 AM,07:40:00,Hot-Wet
15.77018331,-19.19739787,LA5,2009-03-28,08:00:38 AM,08:00:00,Hot-Wet
15.77261556,-19.19273682,LA5,2009-03-28,08:20:38 AM,08:20:00,Hot-Wet
15.77171936,-19.18813883,LA5,2009-03-28,08:40:38 AM,08:40:00,Hot-Wet
15.77654826,-19.18161214,LA5,2009-03-28,09:00:38 AM,09:00:00,Hot-Wet
15.77889303,-19.17661743,LA5,2009-03-28,09:20:38 AM,09:20:00,Hot-Wet
15.77783712,-19.1734375,LA5,2009-03-28,09:40:38 AM,09:40:00,Hot-Wet
15.78094279,-19.17295329,LA5,2009-03-28,10:00:38 AM,10:00:00,Hot-Wet
15.78216451,-19.16998291,LA5,2009-03-28,10:20:38 AM,10:20:00,Hot-Wet
15.78771464,-19.16605632,LA5,2009-03-28,10:40:38 AM,10:40:00,Hot-Wet
15.79445496,-19.16569824,LA5,2009-03-28,11:00:38 AM,11:00:00,Hot-Wet
15.79444071,-19.16570435,LA5,2009-03-28,11:20:38 AM,11:20:00,Hot-Wet
15.78774719,-19.16723226,LA5,2009-03-28,11:40:38 AM,11:40:00,Hot-Wet
15.77888997,-19.17303467,LA5,2009-03-28,12:00:38 PM,12:00:00,Hot-Wet
15.77534281,-19.17422689,LA5,2009-03-28,12:20:38 PM,12:20:00,Hot-Wet
15.77354838,-19.17376302,LA5,2009-03-28,12:40:38 PM,12:40:00,Hot-Wet
15.77407023,-19.16931559,LA5,2009-03-28,01:00:38 PM,13:00:00,Hot-Wet
15.77113037,-19.17074992,LA5,2009-03-28,01:20:38 PM,13:20:00,Hot-Wet
15.76423442,-19.17043864,LA5,2009-03-28,01:40:38 PM,13:40:00,Hot-Wet
15.75654602,-19.17083944,LA5,2009-03-28,02:00:38 PM,14:00:00,Hot-Wet
15.75536499,-19.17899984,LA5,2009-03-28,02:20:38 PM,14:20:00,Hot-Wet
15.75632935,-19.18526611,LA5,2009-03-28,02:40:38 PM,14:40:00,Hot-Wet
15.75635885,-19.18536174,LA5,2009-03-28,03:00:38 PM,15:00:00,Hot-Wet
15.75661519,-19.18584188,LA5,2009-03-28,03:20:38 PM,15:20:00,Hot-Wet
15.75676066,-19.18554484,LA5,2009-03-28,03:40:38 PM,15:40:00,Hot-Wet
15.75708822,-19.18567912,LA5,2009-03-28,04:00:38 PM,16:00:00,Hot-Wet
15.75709127,-19.18598226,LA5,2009-03-28,04:20:38 PM,16:20:00,Hot-Wet
15.75780741,-19.18647257,LA5,2009-03-28,04:40:38 PM,16:40:00,Hot-Wet
15.75780538,-19.18646851,LA5,2009-03-28,05:00:38 PM,17:00:00,Hot-Wet
15.75212809,-19.18869629,LA5,2009-03-28,05:20:38 PM,17:20:00,Hot-Wet
15.74894307,-19.19047648,LA5,2009-03-28,05:40:38 PM,17:40:00,Hot-Wet
15.74985555,-19.19377645,LA5,2009-03-28,06:00:38 PM,18:00:00,Hot-Wet
15.74900411,-19.19773763,LA5,2009-03-28,06:20:38 PM,18:20:00,Hot-Wet
15.75000407,-19.1989624,LA5,2009-03-28,06:40:38 PM,18:40:00,Hot-Wet
15.75274963,-19.2001119,LA5,2009-03-28,07:00:38 PM,19:00:00,Hot-Wet
15.7544871,-19.20144043,LA5,2009-03-28,07:20:38 PM,19:20:00,Hot-Wet
15.75448608,-19.20144857,LA5,2009-03-28,07:40:38 PM,19:40:00,Hot-Wet
15.75649516,-19.20245361,LA5,2009-03-28,08:00:38 PM,20:00:00,Hot-Wet
15.75622559,-19.20846761,LA5,2009-03-28,08:20:38 PM,20:20:00,Hot-Wet
15.75557251,-19.21217651,LA5,2009-03-28,08:40:38 PM,20:40:00,Hot-Wet
15.75613505,-19.21306356,LA5,2009-03-28,09:00:38 PM,21:00:00,Hot-Wet
15.75825907,-19.21613363,LA5,2009-03-28,09:20:38 PM,21:20:00,Hot-Wet
15.75886536,-19.21577352,LA5,2009-03-28,09:40:38 PM,21:40:00,Hot-Wet
15.75960185,-19.21480306,LA5,2009-03-28,10:00:38 PM,22:00:00,Hot-Wet
15.76046956,-19.2145223,LA5,2009-03-28,10:20:38 PM,22:20:00,Hot-Wet
15.75963135,-19.21565552,LA5,2009-03-28,10:40:38 PM,22:40:00,Hot-Wet
15.75987142,-19.21687215,LA5,2009-03-28,11:00:38 PM,23:00:00,Hot-Wet
15.75990601,-19.21691691,LA5,2009-03-28,11:20:38 PM,23:20:00,Hot-Wet
15.75990906,-19.2168986,LA5,2009-03-28,11:40:38 PM,23:40:00,Hot-Wet
15.75990397,-19.21690877,LA5,2009-03-29,12:00:38 AM,00:00:00,Hot-Wet
15.76001994,-19.21657104,LA5,2009-03-29,12:20:38 AM,00:20:00,Hot-Wet
15.76004639,-19.21658122,LA5,2009-03-29,12:40:38 AM,00:40:00,Hot-Wet
15.76000671,-19.21656087,LA5,2009-03-29,01:00:38 AM,01:00:00,Hot-Wet
15.76005961,-19.21656087,LA5,2009-03-29,01:20:38 AM,01:20:00,Hot-Wet
15.75999756,-19.21657715,LA5,2009-03-29,01:40:38 AM,01:40:00,Hot-Wet
15.75996908,-19.21649577,LA5,2009-03-29,02:00:38 AM,02:00:00,Hot-Wet
15.75997925,-19.21648763,LA5,2009-03-29,02:20:38 AM,02:20:00,Hot-Wet
15.75999654,-19.21645711,LA5,2009-03-29,02:41:08 AM,02:41:00,Hot-Wet
15.75994059,-19.21650594,LA5,2009-03-29,03:00:38 AM,03:00:00,Hot-Wet
15.75723368,-19.21640218,LA5,2009-03-29,03:20:38 AM,03:20:00,Hot-Wet
15.75722758,-19.21639608,LA5,2009-03-29,03:40:38 AM,03:40:00,Hot-Wet
15.76140544,-19.21778564,LA5,2009-03-29,04:00:38 AM,04:00:00,Hot-Wet
15.76140544,-19.21778768,LA5,2009-03-29,04:20:38 AM,04:20:00,Hot-Wet
15.76247152,-19.21807658,LA5,2009-03-29,04:40:38 AM,04:40:00,Hot-Wet
15.76468913,-19.21885986,LA5,2009-03-29,05:00:38 AM,05:00:00,Hot-Wet
15.76638184,-19.21989746,LA5,2009-03-29,05:20:38 AM,05:20:00,Hot-Wet
15.76824036,-19.22000529,LA5,2009-03-29,05:40:38 AM,05:40:00,Hot-Wet
15.77064412,-19.22211711,LA5,2009-03-29,06:00:38 AM,06:00:00,Hot-Wet
15.77467143,-19.22532552,LA5,2009-03-29,06:20:38 AM,06:20:00,Hot-Wet
15.77820231,-19.22739461,LA5,2009-03-29,06:40:38 AM,06:40:00,Hot-Wet
15.78727112,-19.22989095,LA5,2009-03-29,07:00:38 AM,07:00:00,Hot-Wet
15.79660746,-19.23275553,LA5,2009-03-29,07:20:38 AM,07:20:00,Hot-Wet
15.80273539,-19.2318217,LA5,2009-03-29,07:40:38 AM,07:40:00,Hot-Wet
15.8102478,-19.23363241,LA5,2009-03-29,08:00:38 AM,08:00:00,Hot-Wet
15.81695353,-19.23693237,LA5,2009-03-29,08:20:38 AM,08:20:00,Hot-Wet
15.82184957,-19.24182332,LA5,2009-03-29,08:40:38 AM,08:40:00,Hot-Wet
15.83203735,-19.24403076,LA5,2009-03-29,09:00:38 AM,09:00:00,Hot-Wet
15.84024353,-19.24762573,LA5,2009-03-29,09:20:38 AM,09:20:00,Hot-Wet
15.85139974,-19.25222168,LA5,2009-03-29,09:40:38 AM,09:40:00,Hot-Wet
15.85590719,-19.25484212,LA5,2009-03-29,10:00:38 AM,10:00:00,Hot-Wet
15.85661723,-19.25751343,LA5,2009-03-29,10:20:38 AM,10:20:00,Hot-Wet
15.86270752,-19.2668925,LA5,2009-03-29,10:40:38 AM,10:40:00,Hot-Wet
15.87103882,-19.27596029,LA5,2009-03-29,11:00:38 AM,11:00:00,Hot-Wet
15.87105103,-19.27596232,LA5,2009-03-29,11:20:38 AM,11:20:00,Hot-Wet
15.87197266,-19.27650757,LA5,2009-03-29,11:40:38 AM,11:40:00,Hot-Wet
15.86967061,-19.27859701,LA5,2009-03-29,12:00:38 PM,12:00:00,Hot-Wet
15.86740316,-19.28133748,LA5,2009-03-29,12:20:38 PM,12:20:00,Hot-Wet
15.86911825,-19.28388062,LA5,2009-03-29,01:00:38 PM,13:00:00,Hot-Wet
15.87687581,-19.28675537,LA5,2009-03-29,01:20:38 PM,13:20:00,Hot-Wet
15.88539022,-19.29210205,LA5,2009-03-29,01:40:38 PM,13:40:00,Hot-Wet
15.89387817,-19.29649658,LA5,2009-03-29,02:00:38 PM,14:00:00,Hot-Wet
15.89851176,-19.29892171,LA5,2009-03-29,02:20:38 PM,14:20:00,Hot-Wet
15.90373332,-19.30316976,LA5,2009-03-29,02:40:38 PM,14:40:00,Hot-Wet
15.91153564,-19.30671387,LA5,2009-03-29,03:00:38 PM,15:00:00,Hot-Wet
15.9283549,-19.31229655,LA5,2009-03-29,03:20:38 PM,15:20:00,Hot-Wet
15.92834574,-19.31229045,LA5,2009-03-29,03:40:38 PM,15:40:00,Hot-Wet
15.93232829,-19.31348267,LA5,2009-03-29,04:00:38 PM,16:00:00,Hot-Wet
15.94101969,-19.3161967,LA5,2009-03-29,04:20:38 PM,16:20:00,Hot-Wet
15.94206238,-19.3165507,LA5,2009-03-29,04:40:38 PM,16:40:00,Hot-Wet
15.95230815,-19.32307332,LA5,2009-03-29,05:00:38 PM,17:00:00,Hot-Wet
15.95785014,-19.3284139,LA5,2009-03-29,05:20:38 PM,17:20:00,Hot-Wet
15.95800273,-19.3296285,LA5,2009-03-29,05:40:38 PM,17:40:00,Hot-Wet
15.9592509,-19.33056234,LA5,2009-03-29,06:00:38 PM,18:00:00,Hot-Wet
15.96567586,-19.33045044,LA5,2009-03-29,06:20:38 PM,18:20:00,Hot-Wet
15.96568298,-19.33024495,LA5,2009-03-29,06:40:38 PM,18:40:00,Hot-Wet
15.96568298,-19.33024495,LA5,2009-03-29,07:00:38 PM,19:00:00,Hot-Wet
15.96614482,-19.32960002,LA5,2009-03-29,07:20:38 PM,19:20:00,Hot-Wet
15.9664388,-19.3296875,LA5,2009-03-29,07:40:38 PM,19:40:00,Hot-Wet
15.96679993,-19.32899373,LA5,2009-03-29,08:00:38 PM,20:00:00,Hot-Wet
15.96780497,-19.32967936,LA5,2009-03-29,08:20:38 PM,20:20:00,Hot-Wet
15.96827596,-19.32993978,LA5,2009-03-29,08:40:38 PM,20:40:00,Hot-Wet
15.97172241,-19.33006999,LA5,2009-03-29,09:00:38 PM,21:00:00,Hot-Wet
15.97505697,-19.33268433,LA5,2009-03-29,09:20:38 PM,21:20:00,Hot-Wet
15.97607727,-19.33141073,LA5,2009-03-29,09:40:38 PM,21:40:00,Hot-Wet
15.97689107,-19.32972209,LA5,2009-03-29,10:00:38 PM,22:00:00,Hot-Wet
15.97929993,-19.32841593,LA5,2009-03-29,10:20:38 PM,22:20:00,Hot-Wet
15.98328349,-19.32839355,LA5,2009-03-29,10:40:38 PM,22:40:00,Hot-Wet
15.9854716,-19.32898153,LA5,2009-03-29,11:00:38 PM,23:00:00,Hot-Wet
15.98727417,-19.32945557,LA5,2009-03-29,11:20:38 PM,23:20:00,Hot-Wet
15.98817444,-19.32867432,LA5,2009-03-29,11:40:38 PM,23:40:00,Hot-Wet
15.98947144,-19.32849121,LA5,2009-03-30,12:00:38 AM,00:00:00,Hot-Wet
15.98998413,-19.32801107,LA5,2009-03-30,12:20:38 AM,00:20:00,Hot-Wet
15.99095662,-19.32860718,LA5,2009-03-30,12:40:38 AM,00:40:00,Hot-Wet
15.99127401,-19.32883097,LA5,2009-03-30,01:00:38 AM,01:00:00,Hot-Wet
15.99153239,-19.32797241,LA5,2009-03-30,01:20:38 AM,01:20:00,Hot-Wet
15.99157003,-19.32753906,LA5,2009-03-30,01:40:38 AM,01:40:00,Hot-Wet
15.99157918,-19.32757772,LA5,2009-03-30,02:00:38 AM,02:00:00,Hot-Wet
15.99131978,-19.32693481,LA5,2009-03-30,02:20:38 AM,02:20:00,Hot-Wet
15.99176331,-19.32618001,LA5,2009-03-30,02:40:38 AM,02:40:00,Hot-Wet
15.99191488,-19.3261556,LA5,2009-03-30,03:00:38 AM,03:00:00,Hot-Wet
15.99192403,-19.32613525,LA5,2009-03-30,03:20:38 AM,03:20:00,Hot-Wet
15.99194641,-19.32612915,LA5,2009-03-30,03:40:38 AM,03:40:00,Hot-Wet
15.99193115,-19.32614543,LA5,2009-03-30,04:00:38 AM,04:00:00,Hot-Wet
15.99191691,-19.32617594,LA5,2009-03-30,04:20:38 AM,04:20:00,Hot-Wet
15.99212341,-19.32607422,LA5,2009-03-30,04:40:38 AM,04:40:00,Hot-Wet
15.99212138,-19.32607015,LA5,2009-03-30,05:00:38 AM,05:00:00,Hot-Wet
15.99414164,-19.32590332,LA5,2009-03-30,05:20:38 AM,05:20:00,Hot-Wet
15.99555359,-19.32408854,LA5,2009-03-30,05:40:38 AM,05:40:00,Hot-Wet
15.99741923,-19.3234965,LA5,2009-03-30,06:00:38 AM,06:00:00,Hot-Wet
16.00104167,-19.3274231,LA5,2009-03-30,06:20:38 AM,06:20:00,Hot-Wet
16.00652364,-19.32975871,LA5,2009-03-30,06:40:38 AM,06:40:00,Hot-Wet
16.00788167,-19.33068237,LA5,2009-03-30,07:00:38 AM,07:00:00,Hot-Wet
16.01015422,-19.32967326,LA5,2009-03-30,07:20:38 AM,07:20:00,Hot-Wet
16.01532389,-19.32989502,LA5,2009-03-30,07:40:38 AM,07:40:00,Hot-Wet
16.01859334,-19.33045451,LA5,2009-03-30,08:00:38 AM,08:00:00,Hot-Wet
16.02324829,-19.33311564,LA5,2009-03-30,08:20:38 AM,08:20:00,Hot-Wet
16.03146566,-19.33355916,LA5,2009-03-30,08:40:38 AM,08:40:00,Hot-Wet
16.03417664,-19.33438924,LA5,2009-03-30,09:00:38 AM,09:00:00,Hot-Wet
16.03341471,-19.3365804,LA5,2009-03-30,09:20:38 AM,09:20:00,Hot-Wet
16.03271383,-19.33733521,LA5,2009-03-30,09:40:38 AM,09:40:00,Hot-Wet
16.031663,-19.33946533,LA5,2009-03-30,10:00:38 AM,10:00:00,Hot-Wet
16.03091431,-19.34100342,LA5,2009-03-30,10:20:38 AM,10:20:00,Hot-Wet
16.03062642,-19.34241536,LA5,2009-03-30,10:40:38 AM,10:40:00,Hot-Wet
16.03125407,-19.33772583,LA5,2009-03-30,11:00:38 AM,11:00:00,Hot-Wet
16.03302511,-19.33681437,LA5,2009-03-30,11:20:38 AM,11:20:00,Hot-Wet
16.03751729,-19.33635254,LA5,2009-03-30,11:40:38 AM,11:40:00,Hot-Wet
16.03894857,-19.33491821,LA5,2009-03-30,12:00:38 PM,12:00:00,Hot-Wet
16.03924255,-19.33317261,LA5,2009-03-30,12:20:38 PM,12:20:00,Hot-Wet
16.04335124,-19.33064168,LA5,2009-03-30,12:40:38 PM,12:40:00,Hot-Wet
16.0457489,-19.33271688,LA5,2009-03-30,01:00:38 PM,13:00:00,Hot-Wet
16.04785868,-19.33637288,LA5,2009-03-30,01:20:38 PM,13:20:00,Hot-Wet
16.04939067,-19.3340922,LA5,2009-03-30,01:40:38 PM,13:40:00,Hot-Wet
16.05195211,-19.33057251,LA5,2009-03-30,02:00:38 PM,14:00:00,Hot-Wet
16.05984701,-19.32722575,LA5,2009-03-30,02:20:38 PM,14:20:00,Hot-Wet
16.06894633,-19.32393595,LA5,2009-03-30,02:40:38 PM,14:40:00,Hot-Wet
16.08017273,-19.32426351,LA5,2009-03-30,03:00:38 PM,15:00:00,Hot-Wet
16.08265483,-19.3198527,LA5,2009-03-30,03:20:38 PM,15:20:00,Hot-Wet
16.08054606,-19.31333415,LA5,2009-03-30,03:40:38 PM,15:40:00,Hot-Wet
16.07829997,-19.31178589,LA5,2009-03-30,04:00:38 PM,16:00:00,Hot-Wet
16.07228699,-19.31545817,LA5,2009-03-30,04:20:38 PM,16:20:00,Hot-Wet
16.06783752,-19.31792603,LA5,2009-03-30,04:40:38 PM,16:40:00,Hot-Wet
16.06436666,-19.31983032,LA5,2009-03-30,05:00:38 PM,17:00:00,Hot-Wet
16.06360474,-19.31840617,LA5,2009-03-30,05:20:38 PM,17:20:00,Hot-Wet
16.06161702,-19.31739705,LA5,2009-03-30,05:40:38 PM,17:40:00,Hot-Wet
16.05785421,-19.31877441,LA5,2009-03-30,06:00:38 PM,18:00:00,Hot-Wet
16.05785929,-19.31877035,LA5,2009-03-30,06:20:38 PM,18:20:00,Hot-Wet
16.05672913,-19.3207784,LA5,2009-03-30,06:40:38 PM,18:40:00,Hot-Wet
16.05599365,-19.32290243,LA5,2009-03-30,07:00:38 PM,19:00:00,Hot-Wet
16.05490417,-19.3252828,LA5,2009-03-30,07:20:38 PM,19:20:00,Hot-Wet
16.05183105,-19.32665202,LA5,2009-03-30,07:40:38 PM,19:40:00,Hot-Wet
16.04784546,-19.32766724,LA5,2009-03-30,08:00:38 PM,20:00:00,Hot-Wet
16.04570719,-19.32710978,LA5,2009-03-30,08:20:38 PM,20:20:00,Hot-Wet
16.04515076,-19.32686157,LA5,2009-03-30,08:40:38 PM,20:40:00,Hot-Wet
16.04385478,-19.32693685,LA5,2009-03-30,09:00:38 PM,21:00:00,Hot-Wet
16.04276632,-19.32701619,LA5,2009-03-30,09:20:38 PM,21:20:00,Hot-Wet
16.04216817,-19.32711385,LA5,2009-03-30,09:40:38 PM,21:40:00,Hot-Wet
16.04180196,-19.3270223,LA5,2009-03-30,10:00:38 PM,22:00:00,Hot-Wet
16.04154867,-19.32821248,LA5,2009-03-30,10:20:38 PM,22:20:00,Hot-Wet
16.04058329,-19.32786865,LA5,2009-03-30,10:40:38 PM,22:40:00,Hot-Wet
16.03952332,-19.32774658,LA5,2009-03-30,11:00:38 PM,23:00:00,Hot-Wet
16.03915507,-19.32747192,LA5,2009-03-30,11:20:38 PM,23:20:00,Hot-Wet
16.03942973,-19.3266744,LA5,2009-03-30,11:40:38 PM,23:40:00,Hot-Wet
16.0394043,-19.32569784,LA5,2009-03-31,12:00:38 AM,00:00:00,Hot-Wet
16.03950907,-19.32544556,LA5,2009-03-31,12:20:38 AM,00:20:00,Hot-Wet
16.03955892,-19.32509359,LA5,2009-03-31,12:40:38 AM,00:40:00,Hot-Wet
16.03955485,-19.32510173,LA5,2009-03-31,01:00:38 AM,01:00:00,Hot-Wet
16.03961792,-19.32509155,LA5,2009-03-31,01:20:38 AM,01:20:00,Hot-Wet
16.03963725,-19.32509969,LA5,2009-03-31,01:40:39 AM,01:40:00,Hot-Wet
16.03963013,-19.3250529,LA5,2009-03-31,02:00:38 AM,02:00:00,Hot-Wet
16.03954061,-19.3251241,LA5,2009-03-31,02:20:38 AM,02:20:00,Hot-Wet
16.03960266,-19.32506307,LA5,2009-03-31,02:40:38 AM,02:40:00,Hot-Wet
16.03822835,-19.32545166,LA5,2009-03-31,03:00:38 AM,03:00:00,Hot-Wet
16.03822021,-19.32544759,LA5,2009-03-31,03:20:38 AM,03:20:00,Hot-Wet
16.03684489,-19.32558797,LA5,2009-03-31,03:40:38 AM,03:40:00,Hot-Wet
16.03740234,-19.32655233,LA5,2009-03-31,04:00:38 AM,04:00:00,Hot-Wet
16.03858337,-19.32836304,LA5,2009-03-31,04:20:38 AM,04:20:00,Hot-Wet
16.03857727,-19.32836304,LA5,2009-03-31,04:40:38 AM,04:40:00,Hot-Wet
16.04001058,-19.32885335,LA5,2009-03-31,05:00:38 AM,05:00:00,Hot-Wet
16.04116313,-19.32885742,LA5,2009-03-31,05:20:38 AM,05:20:00,Hot-Wet
16.04132487,-19.32733561,LA5,2009-03-31,05:40:38 AM,05:40:00,Hot-Wet
16.0416921,-19.3260498,LA5,2009-03-31,06:00:38 AM,06:00:00,Hot-Wet
16.04147237,-19.32646891,LA5,2009-03-31,06:20:38 AM,06:20:00,Hot-Wet
16.04274292,-19.32566325,LA5,2009-03-31,06:40:38 AM,06:40:00,Hot-Wet
16.0437734,-19.32606812,LA5,2009-03-31,07:00:38 AM,07:00:00,Hot-Wet
16.04289144,-19.32675374,LA5,2009-03-31,07:20:38 AM,07:20:00,Hot-Wet
16.0425944,-19.328538,LA5,2009-03-31,07:40:38 AM,07:40:00,Hot-Wet
16.04429118,-19.3299764,LA5,2009-03-31,08:00:38 AM,08:00:00,Hot-Wet
16.0482666,-19.33051351,LA5,2009-03-31,08:20:38 AM,08:20:00,Hot-Wet
16.05345357,-19.32914429,LA5,2009-03-31,08:40:38 AM,08:40:00,Hot-Wet
16.05894267,-19.32439575,LA5,2009-03-31,09:00:38 AM,09:00:00,Hot-Wet
16.06170349,-19.32207642,LA5,2009-03-31,09:20:38 AM,09:20:00,Hot-Wet
16.0642568,-19.32047933,LA5,2009-03-31,09:40:38 AM,09:40:00,Hot-Wet
16.06825256,-19.31993205,LA5,2009-03-31,10:00:38 AM,10:00:00,Hot-Wet
16.07146912,-19.31657918,LA5,2009-03-31,10:20:38 AM,10:20:00,Hot-Wet
16.07906087,-19.31426188,LA5,2009-03-31,10:40:38 AM,10:40:00,Hot-Wet
16.07906799,-19.31425781,LA5,2009-03-31,11:00:38 AM,11:00:00,Hot-Wet
16.07576904,-19.3182902,LA5,2009-03-31,11:20:38 AM,11:20:00,Hot-Wet
16.07198181,-19.31889242,LA5,2009-03-31,11:40:38 AM,11:40:00,Hot-Wet
16.07052511,-19.31848755,LA5,2009-03-31,12:00:38 PM,12:00:00,Hot-Wet
16.07015889,-19.3194397,LA5,2009-03-31,12:20:38 PM,12:20:00,Hot-Wet
16.06923625,-19.32377523,LA5,2009-03-31,12:40:38 PM,12:40:00,Hot-Wet
16.06771037,-19.32433879,LA5,2009-03-31,01:00:38 PM,13:00:00,Hot-Wet
16.06575216,-19.32371012,LA5,2009-03-31,01:20:38 PM,13:20:00,Hot-Wet
16.06281331,-19.32087606,LA5,2009-03-31,01:40:38 PM,13:40:00,Hot-Wet
16.06083984,-19.32088013,LA5,2009-03-31,02:00:38 PM,14:00:00,Hot-Wet
16.06029663,-19.32076213,LA5,2009-03-31,02:20:38 PM,14:20:00,Hot-Wet
16.05957438,-19.3215332,LA5,2009-03-31,02:40:38 PM,14:40:00,Hot-Wet
16.06027832,-19.32300618,LA5,2009-03-31,03:00:38 PM,15:00:00,Hot-Wet
16.06027425,-19.32300822,LA5,2009-03-31,03:20:38 PM,15:20:00,Hot-Wet
16.06035055,-19.32304484,LA5,2009-03-31,03:40:38 PM,15:40:00,Hot-Wet
16.06001383,-19.325354,LA5,2009-03-31,04:00:38 PM,16:00:00,Hot-Wet
16.06249186,-19.33045451,LA5,2009-03-31,04:20:38 PM,16:20:00,Hot-Wet
16.06248779,-19.33045654,LA5,2009-03-31,04:40:38 PM,16:40:00,Hot-Wet
16.0616333,-19.33258057,LA5,2009-03-31,05:00:38 PM,17:00:00,Hot-Wet
16.0617218,-19.33413493,LA5,2009-03-31,05:20:38 PM,17:20:00,Hot-Wet
16.06181844,-19.33697713,LA5,2009-03-31,05:40:38 PM,17:40:00,Hot-Wet
16.05905253,-19.34019165,LA5,2009-03-31,06:00:38 PM,18:00:00,Hot-Wet
16.05746765,-19.34214274,LA5,2009-03-31,06:20:38 PM,18:20:00,Hot-Wet
16.05622152,-19.34211629,LA5,2009-03-31,06:40:38 PM,18:40:00,Hot-Wet
16.05622864,-19.3421224,LA5,2009-03-31,07:00:38 PM,19:00:00,Hot-Wet
16.05409953,-19.34282633,LA5,2009-03-31,07:20:38 PM,19:20:00,Hot-Wet
16.0541036,-19.34446208,LA5,2009-03-31,07:40:38 PM,19:40:00,Hot-Wet
16.0540741,-19.34609782,LA5,2009-03-31,08:00:38 PM,20:00:00,Hot-Wet
16.05236511,-19.34589844,LA5,2009-03-31,08:20:38 PM,20:20:00,Hot-Wet
16.04815572,-19.34521484,LA5,2009-03-31,08:40:38 PM,20:40:00,Hot-Wet
16.04674581,-19.34393717,LA5,2009-03-31,09:00:38 PM,21:00:00,Hot-Wet
16.0428009,-19.34223633,LA5,2009-03-31,09:20:38 PM,21:20:00,Hot-Wet
16.03732402,-19.34210205,LA5,2009-03-31,09:40:38 PM,21:40:00,Hot-Wet
16.0371755,-19.33824666,LA5,2009-03-31,10:00:38 PM,22:00:00,Hot-Wet
16.03659566,-19.33767904,LA5,2009-03-31,10:20:38 PM,22:20:00,Hot-Wet
16.03715108,-19.33608602,LA5,2009-03-31,10:40:38 PM,22:40:00,Hot-Wet
16.03615316,-19.33532715,LA5,2009-03-31,11:00:38 PM,23:00:00,Hot-Wet
16.03487651,-19.33454793,LA5,2009-03-31,11:20:38 PM,23:20:00,Hot-Wet
16.03345032,-19.333962,LA5,2009-03-31,11:40:38 PM,23:40:00,Hot-Wet
16.03003337,-19.33405762,LA5,2009-04-01,12:00:00 AM,00:00:00,Hot-Wet
16.03003337,-19.33405965,LA5,2009-04-01,12:20:00 AM,00:20:00,Hot-Wet
16.03090108,-19.33116455,LA5,2009-04-01,12:40:00 AM,00:40:00,Hot-Wet
16.03082377,-19.33112386,LA5,2009-04-01,01:00:00 AM,01:00:00,Hot-Wet
16.03084412,-19.33112386,LA5,2009-04-01,01:20:00 AM,01:20:00,Hot-Wet
16.03141174,-19.33122965,LA5,2009-04-01,01:40:00 AM,01:40:00,Hot-Wet
16.03187154,-19.33010457,LA5,2009-04-01,02:00:00 AM,02:00:00,Hot-Wet
16.03187968,-19.33010457,LA5,2009-04-01,02:20:00 AM,02:20:00,Hot-Wet
16.03186646,-19.33007813,LA5,2009-04-01,02:40:00 AM,02:40:00,Hot-Wet
16.03189392,-19.33008626,LA5,2009-04-01,03:00:00 AM,03:00:00,Hot-Wet
16.0318512,-19.33002319,LA5,2009-04-01,03:20:00 AM,03:20:00,Hot-Wet
16.03186646,-19.3301005,LA5,2009-04-01,03:40:00 AM,03:40:00,Hot-Wet
16.03192952,-19.33011068,LA5,2009-04-01,04:00:00 AM,04:00:00,Hot-Wet
16.03188578,-19.33015747,LA5,2009-04-01,04:20:00 AM,04:20:00,Hot-Wet
16.0318807,-19.33015747,LA5,2009-04-01,04:40:00 AM,04:40:00,Hot-Wet
16.03191427,-19.33014526,LA5,2009-04-01,05:00:00 AM,05:00:00,Hot-Wet
16.03243306,-19.3290507,LA5,2009-04-01,05:20:00 AM,05:20:00,Hot-Wet
16.03548686,-19.33030802,LA5,2009-04-01,05:40:00 AM,05:40:00,Hot-Wet
16.03651835,-19.33192139,LA5,2009-04-01,06:00:00 AM,06:00:00,Hot-Wet
16.03777161,-19.33256429,LA5,2009-04-01,06:20:00 AM,06:20:00,Hot-Wet
16.03862101,-19.33312988,LA5,2009-04-01,06:40:00 AM,06:40:00,Hot-Wet
16.04054057,-19.33156942,LA5,2009-04-01,07:00:00 AM,07:00:00,Hot-Wet
16.04232992,-19.32888997,LA5,2009-04-01,07:20:00 AM,07:20:00,Hot-Wet
16.0451711,-19.32626953,LA5,2009-04-01,07:40:00 AM,07:40:00,Hot-Wet
16.04675395,-19.32434489,LA5,2009-04-01,08:00:00 AM,08:00:00,Hot-Wet
16.05130208,-19.31983439,LA5,2009-04-01,08:20:00 AM,08:20:00,Hot-Wet
16.05298157,-19.3168335,LA5,2009-04-01,08:40:00 AM,08:40:00,Hot-Wet
16.0547821,-19.31686808,LA5,2009-04-01,09:00:00 AM,09:00:00,Hot-Wet
16.05674032,-19.3185201,LA5,2009-04-01,09:20:00 AM,09:20:00,Hot-Wet
16.05832723,-19.3178243,LA5,2009-04-01,09:40:00 AM,09:40:00,Hot-Wet
16.05954997,-19.31752726,LA5,2009-04-01,10:00:00 AM,10:00:00,Hot-Wet
16.06087138,-19.31861572,LA5,2009-04-01,10:20:00 AM,10:20:00,Hot-Wet
16.06318156,-19.3189738,LA5,2009-04-01,10:40:00 AM,10:40:00,Hot-Wet
16.06791687,-19.31800944,LA5,2009-04-01,11:00:00 AM,11:00:00,Hot-Wet
16.07536825,-19.31420288,LA5,2009-04-01,11:20:00 AM,11:20:00,Hot-Wet
16.07782898,-19.32011922,LA5,2009-04-01,11:40:00 AM,11:40:00,Hot-Wet
16.07770691,-19.3201945,LA5,2009-04-01,12:00:00 PM,12:00:00,Hot-Wet
16.0733724,-19.32104492,LA5,2009-04-01,12:20:00 PM,12:20:00,Hot-Wet
16.07232361,-19.32053426,LA5,2009-04-01,12:40:00 PM,12:40:00,Hot-Wet
16.07200928,-19.32042847,LA5,2009-04-01,01:00:00 PM,13:00:00,Hot-Wet
16.07059428,-19.32217,LA5,2009-04-01,01:20:00 PM,13:20:00,Hot-Wet
16.06927694,-19.32375488,LA5,2009-04-01,01:40:00 PM,13:40:00,Hot-Wet
16.0679067,-19.32430827,LA5,2009-04-01,02:00:00 PM,14:00:00,Hot-Wet
16.06557719,-19.32135824,LA5,2009-04-01,02:20:00 PM,14:20:00,Hot-Wet
16.0632019,-19.32021077,LA5,2009-04-01,02:40:00 PM,14:40:00,Hot-Wet
16.06234131,-19.32004598,LA5,2009-04-01,03:00:00 PM,15:00:00,Hot-Wet
16.0610026,-19.31838582,LA5,2009-04-01,03:20:00 PM,15:20:00,Hot-Wet
16.05899556,-19.31762899,LA5,2009-04-01,03:40:00 PM,15:40:00,Hot-Wet
16.05787048,-19.31627808,LA5,2009-04-01,04:00:00 PM,16:00:00,Hot-Wet
16.05703227,-19.31470744,LA5,2009-04-01,04:20:00 PM,16:20:00,Hot-Wet
16.05665283,-19.31422323,LA5,2009-04-01,04:40:00 PM,16:40:00,Hot-Wet
16.05664978,-19.31423543,LA5,2009-04-01,05:00:00 PM,17:00:00,Hot-Wet
16.05679321,-19.31116333,LA5,2009-04-01,05:20:00 PM,17:20:00,Hot-Wet
16.05672302,-19.31014811,LA5,2009-04-01,05:40:00 PM,17:40:00,Hot-Wet
16.0561554,-19.30976359,LA5,2009-04-01,06:00:00 PM,18:00:00,Hot-Wet
16.0513916,-19.31166178,LA5,2009-04-01,06:20:00 PM,18:20:00,Hot-Wet
16.05103048,-19.31039429,LA5,2009-04-01,06:40:00 PM,18:40:00,Hot-Wet
16.04784953,-19.31046956,LA5,2009-04-01,07:00:00 PM,19:00:00,Hot-Wet
16.04577128,-19.3091451,LA5,2009-04-01,07:20:00 PM,19:20:00,Hot-Wet
16.04442749,-19.30848185,LA5,2009-04-01,07:40:00 PM,19:40:00,Hot-Wet
16.04442851,-19.30848389,LA5,2009-04-01,08:00:00 PM,20:00:00,Hot-Wet
16.04507446,-19.30378215,LA5,2009-04-01,08:20:00 PM,20:20:00,Hot-Wet
16.04509888,-19.30376587,LA5,2009-04-01,08:40:00 PM,20:40:00,Hot-Wet
16.04464315,-19.29940186,LA5,2009-04-01,09:00:00 PM,21:00:00,Hot-Wet
16.04408875,-19.29653524,LA5,2009-04-01,09:20:00 PM,21:20:00,Hot-Wet
16.04407959,-19.29656169,LA5,2009-04-01,09:40:00 PM,21:40:00,Hot-Wet
16.04473674,-19.29093424,LA5,2009-04-01,10:00:00 PM,22:00:00,Hot-Wet
16.04474589,-19.29092,LA5,2009-04-01,10:20:00 PM,22:20:00,Hot-Wet
16.04485067,-19.28919881,LA5,2009-04-01,10:40:00 PM,22:40:00,Hot-Wet
16.04642639,-19.2891744,LA5,2009-04-01,11:00:00 PM,23:00:00,Hot-Wet
16.04789327,-19.28805745,LA5,2009-04-01,11:20:00 PM,23:20:00,Hot-Wet
16.04862264,-19.28821411,LA5,2009-04-01,11:40:00 PM,23:40:00,Hot-Wet
16.04803365,-19.28580526,LA5,2009-04-02,12:00:00 AM,00:00:00,Hot-Wet
16.04803772,-19.28580729,LA5,2009-04-02,12:20:00 AM,00:20:00,Hot-Wet
16.04876506,-19.28595581,LA5,2009-04-02,12:40:00 AM,00:40:00,Hot-Wet
16.04875692,-19.28593953,LA5,2009-04-02,01:00:00 AM,01:00:00,Hot-Wet
16.04875183,-19.28595378,LA5,2009-04-02,01:20:00 AM,01:20:00,Hot-Wet
16.04870504,-19.28601481,LA5,2009-04-02,01:40:00 AM,01:40:00,Hot-Wet
16.04870504,-19.28602905,LA5,2009-04-02,02:00:00 AM,02:00:00,Hot-Wet
16.04872131,-19.28593343,LA5,2009-04-02,02:20:00 AM,02:20:00,Hot-Wet
16.04872437,-19.28593547,LA5,2009-04-02,02:40:00 AM,02:40:00,Hot-Wet
16.0487203,-19.28594564,LA5,2009-04-02,03:00:00 AM,03:00:00,Hot-Wet
16.0487203,-19.28593953,LA5,2009-04-02,03:20:00 AM,03:20:00,Hot-Wet
16.04862874,-19.28595581,LA5,2009-04-02,03:40:00 AM,03:40:00,Hot-Wet
16.04862976,-19.28595174,LA5,2009-04-02,04:00:00 AM,04:00:00,Hot-Wet
16.04863892,-19.2859965,LA5,2009-04-02,04:20:00 AM,04:20:00,Hot-Wet
16.04863586,-19.28600057,LA5,2009-04-02,04:40:00 AM,04:40:00,Hot-Wet
16.04876811,-19.28578084,LA5,2009-04-02,05:00:00 AM,05:00:00,Hot-Wet
16.04810486,-19.28624471,LA5,2009-04-02,05:20:00 AM,05:20:00,Hot-Wet
16.04596659,-19.2836263,LA5,2009-04-02,05:40:00 AM,05:40:00,Hot-Wet
16.04271545,-19.28332316,LA5,2009-04-02,06:00:00 AM,06:00:00,Hot-Wet
16.03769328,-19.28372803,LA5,2009-04-02,06:20:00 AM,06:20:00,Hot-Wet
16.0357076,-19.28515015,LA5,2009-04-02,06:40:00 AM,06:40:00,Hot-Wet
16.03187154,-19.28425903,LA5,2009-04-02,07:00:00 AM,07:00:00,Hot-Wet
16.03097026,-19.28331095,LA5,2009-04-02,07:20:00 AM,07:20:00,Hot-Wet
16.03030192,-19.28047485,LA5,2009-04-02,07:40:00 AM,07:40:00,Hot-Wet
16.02774556,-19.28088175,LA5,2009-04-02,08:00:00 AM,08:00:00,Hot-Wet
16.02294108,-19.27939046,LA5,2009-04-02,08:20:00 AM,08:20:00,Hot-Wet
16.01981608,-19.27991333,LA5,2009-04-02,08:40:00 AM,08:40:00,Hot-Wet
16.01615804,-19.28054606,LA5,2009-04-02,09:00:00 AM,09:00:00,Hot-Wet
16.01210022,-19.28103841,LA5,2009-04-02,09:20:00 AM,09:20:00,Hot-Wet
16.00877889,-19.28333537,LA5,2009-04-02,09:40:00 AM,09:40:00,Hot-Wet
16.00510559,-19.28590291,LA5,2009-04-02,10:00:00 AM,10:00:00,Hot-Wet
16.00093994,-19.28662923,LA5,2009-04-02,10:20:00 AM,10:20:00,Hot-Wet
15.99837748,-19.2873759,LA5,2009-04-02,10:40:00 AM,10:40:00,Hot-Wet
15.99775187,-19.2876119,LA5,2009-04-02,11:00:00 AM,11:00:00,Hot-Wet
15.99364929,-19.28945923,LA5,2009-04-02,11:20:00 AM,11:20:00,Hot-Wet
15.9926473,-19.28953451,LA5,2009-04-02,11:40:00 AM,11:40:00,Hot-Wet
15.99092814,-19.28919474,LA5,2009-04-02,12:00:00 PM,12:00:00,Hot-Wet
15.98914185,-19.28717651,LA5,2009-04-02,12:20:00 PM,12:20:00,Hot-Wet
15.98545431,-19.28685099,LA5,2009-04-02,12:40:00 PM,12:40:00,Hot-Wet
15.98541056,-19.28670654,LA5,2009-04-02,01:00:00 PM,13:00:00,Hot-Wet
15.98492025,-19.28536174,LA5,2009-04-02,01:20:00 PM,13:20:00,Hot-Wet
15.98491923,-19.28535156,LA5,2009-04-02,01:40:00 PM,13:40:00,Hot-Wet
15.98453471,-19.28365682,LA5,2009-04-02,02:00:00 PM,14:00:00,Hot-Wet
15.98364766,-19.2840332,LA5,2009-04-02,02:20:00 PM,14:20:00,Hot-Wet
15.98116557,-19.28409424,LA5,2009-04-02,02:40:00 PM,14:40:00,Hot-Wet
15.97857666,-19.28351237,LA5,2009-04-02,03:00:00 PM,15:00:00,Hot-Wet
15.97658691,-19.28305461,LA5,2009-04-02,03:20:00 PM,15:20:00,Hot-Wet
15.97273356,-19.28694255,LA5,2009-04-02,03:40:00 PM,15:40:00,Hot-Wet
15.96964518,-19.29036051,LA5,2009-04-02,04:00:00 PM,16:00:00,Hot-Wet
15.96281942,-19.29475098,LA5,2009-04-02,04:20:00 PM,16:20:00,Hot-Wet
15.95787252,-19.29963175,LA5,2009-04-02,04:40:00 PM,16:40:00,Hot-Wet
15.95792338,-19.2995341,LA5,2009-04-02,05:00:00 PM,17:00:00,Hot-Wet
15.95371806,-19.30593872,LA5,2009-04-02,05:20:00 PM,17:20:00,Hot-Wet
15.94547628,-19.3078125,LA5,2009-04-02,05:40:00 PM,17:40:00,Hot-Wet
15.94109904,-19.31449992,LA5,2009-04-02,06:00:00 PM,18:00:00,Hot-Wet
15.93902384,-19.31566772,LA5,2009-04-02,06:20:00 PM,18:20:00,Hot-Wet
15.93064779,-19.31158854,LA5,2009-04-02,06:40:00 PM,18:40:00,Hot-Wet
15.92168681,-19.30865072,LA5,2009-04-02,07:00:00 PM,19:00:00,Hot-Wet
15.91247457,-19.30646362,LA5,2009-04-02,07:20:00 PM,19:20:00,Hot-Wet
15.90774333,-19.30504354,LA5,2009-04-02,07:40:00 PM,19:40:00,Hot-Wet
15.9039917,-19.30323283,LA5,2009-04-02,08:00:00 PM,20:00:00,Hot-Wet
15.90371195,-19.30087891,LA5,2009-04-02,08:20:00 PM,20:20:00,Hot-Wet
15.90143941,-19.30031331,LA5,2009-04-02,08:40:00 PM,20:40:00,Hot-Wet
15.89968974,-19.29819743,LA5,2009-04-02,09:00:00 PM,21:00:00,Hot-Wet
15.89945577,-19.29727987,LA5,2009-04-02,09:20:00 PM,21:20:00,Hot-Wet
15.89737752,-19.29771118,LA5,2009-04-02,09:40:00 PM,21:40:00,Hot-Wet
15.89740702,-19.29771729,LA5,2009-04-02,10:00:00 PM,22:00:00,Hot-Wet
15.89898376,-19.29562174,LA5,2009-04-02,10:20:00 PM,22:20:00,Hot-Wet
15.89960632,-19.2957194,LA5,2009-04-02,10:40:00 PM,22:40:00,Hot-Wet
15.90108337,-19.29445394,LA5,2009-04-02,11:00:00 PM,23:00:00,Hot-Wet
15.90175273,-19.29338786,LA5,2009-04-02,11:20:00 PM,23:20:00,Hot-Wet
15.90166931,-19.29200033,LA5,2009-04-02,11:40:00 PM,23:40:00,Hot-Wet
15.90166016,-19.29201253,LA5,2009-04-03,12:00:00 AM,00:00:00,Hot-Wet
15.90203857,-19.29117432,LA5,2009-04-03,12:20:00 AM,00:20:00,Hot-Wet
15.90234375,-19.29081828,LA5,2009-04-03,12:40:00 AM,00:40:00,Hot-Wet
15.9025116,-19.29080607,LA5,2009-04-03,01:00:00 AM,01:00:00,Hot-Wet
15.90305786,-19.29067179,LA5,2009-04-03,01:20:00 AM,01:20:00,Hot-Wet
15.90263875,-19.29162598,LA5,2009-04-03,01:40:00 AM,01:40:00,Hot-Wet
15.90205485,-19.29119263,LA5,2009-04-03,02:00:00 AM,02:00:00,Hot-Wet
15.90206807,-19.29119059,LA5,2009-04-03,02:20:00 AM,02:20:00,Hot-Wet
15.90204264,-19.29119873,LA5,2009-04-03,02:40:00 AM,02:40:00,Hot-Wet
15.90203959,-19.29120076,LA5,2009-04-03,03:00:00 AM,03:00:00,Hot-Wet
15.90205994,-19.29121704,LA5,2009-04-03,03:20:00 AM,03:20:00,Hot-Wet
15.90204468,-19.2912028,LA5,2009-04-03,03:40:00 AM,03:40:00,Hot-Wet
15.90204671,-19.29121704,LA5,2009-04-03,04:00:00 AM,04:00:00,Hot-Wet
15.90203959,-19.29120483,LA5,2009-04-03,04:20:00 AM,04:20:00,Hot-Wet
15.90203654,-19.29121094,LA5,2009-04-03,04:40:00 AM,04:40:00,Hot-Wet
15.90204264,-19.29120483,LA5,2009-04-03,05:00:00 AM,05:00:00,Hot-Wet
15.90031738,-19.29043986,LA5,2009-04-03,05:20:00 AM,05:20:00,Hot-Wet
15.89912618,-19.28913574,LA5,2009-04-03,05:40:00 AM,05:40:00,Hot-Wet
15.89821065,-19.28637899,LA5,2009-04-03,06:00:00 AM,06:00:00,Hot-Wet
15.89664001,-19.28378499,LA5,2009-04-03,06:20:00 AM,06:20:00,Hot-Wet
15.89210815,-19.27878418,LA5,2009-04-03,06:40:00 AM,06:40:00,Hot-Wet
15.88982544,-19.27483114,LA5,2009-04-03,07:00:00 AM,07:00:00,Hot-Wet
15.8851888,-19.27109782,LA5,2009-04-03,07:20:00 AM,07:20:00,Hot-Wet
15.88166606,-19.26860555,LA5,2009-04-03,07:40:00 AM,07:40:00,Hot-Wet
15.8763855,-19.26425171,LA5,2009-04-03,08:00:00 AM,08:00:00,Hot-Wet
15.87554525,-19.26170247,LA5,2009-04-03,08:20:00 AM,08:20:00,Hot-Wet
15.87553914,-19.26168823,LA5,2009-04-03,08:40:00 AM,08:40:00,Hot-Wet
15.87428284,-19.2582133,LA5,2009-04-03,09:00:00 AM,09:00:00,Hot-Wet
15.87180684,-19.25676066,LA5,2009-04-03,09:20:00 AM,09:20:00,Hot-Wet
15.86730245,-19.25315145,LA5,2009-04-03,09:40:00 AM,09:40:00,Hot-Wet
15.86350708,-19.25112305,LA5,2009-04-03,10:00:00 AM,10:00:00,Hot-Wet
15.86000671,-19.24937541,LA5,2009-04-03,10:20:00 AM,10:20:00,Hot-Wet
15.85809224,-19.24904785,LA5,2009-04-03,10:40:00 AM,10:40:00,Hot-Wet
15.85703837,-19.24988403,LA5,2009-04-03,11:00:00 AM,11:00:00,Hot-Wet
15.85594889,-19.25076904,LA5,2009-04-03,11:20:00 AM,11:20:00,Hot-Wet
15.85595296,-19.25078939,LA5,2009-04-03,11:40:00 AM,11:40:00,Hot-Wet
15.85534058,-19.25274251,LA5,2009-04-03,12:00:00 PM,12:00:00,Hot-Wet
15.85534465,-19.25273641,LA5,2009-04-03,12:20:00 PM,12:20:00,Hot-Wet
15.85525106,-19.2548055,LA5,2009-04-03,12:40:00 PM,12:40:00,Hot-Wet
15.85457967,-19.25561117,LA5,2009-04-03,01:00:00 PM,13:00:00,Hot-Wet
15.85410563,-19.25586141,LA5,2009-04-03,01:20:00 PM,13:20:00,Hot-Wet
15.85382589,-19.25635783,LA5,2009-04-03,01:40:00 PM,13:40:00,Hot-Wet
15.85376587,-19.25617269,LA5,2009-04-03,02:00:00 PM,14:00:00,Hot-Wet
15.85386149,-19.25615845,LA5,2009-04-03,02:20:00 PM,14:20:00,Hot-Wet
15.85400391,-19.25532023,LA5,2009-04-03,02:40:00 PM,14:40:00,Hot-Wet
15.85476481,-19.25614624,LA5,2009-04-03,03:00:00 PM,15:00:00,Hot-Wet
15.85484314,-19.25484823,LA5,2009-04-03,03:20:00 PM,15:20:00,Hot-Wet
15.8582133,-19.25142822,LA5,2009-04-03,03:40:00 PM,15:40:00,Hot-Wet
15.85716858,-19.24848429,LA5,2009-04-03,04:00:00 PM,16:00:00,Hot-Wet
15.85438944,-19.24808757,LA5,2009-04-03,04:20:00 PM,16:20:00,Hot-Wet
15.84863993,-19.2442159,LA5,2009-04-03,04:40:00 PM,16:40:00,Hot-Wet
15.84619751,-19.2460612,LA5,2009-04-03,05:00:00 PM,17:00:00,Hot-Wet
15.8449351,-19.24818319,LA5,2009-04-03,05:20:00 PM,17:20:00,Hot-Wet
15.84451396,-19.25316366,LA5,2009-04-03,05:40:00 PM,17:40:00,Hot-Wet
15.84153442,-19.25838623,LA5,2009-04-03,06:00:00 PM,18:00:00,Hot-Wet
15.83746643,-19.26254679,LA5,2009-04-03,06:20:00 PM,18:20:00,Hot-Wet
15.83439331,-19.26606038,LA5,2009-04-03,06:40:00 PM,18:40:00,Hot-Wet
15.83296,-19.26734416,LA5,2009-04-03,07:00:00 PM,19:00:00,Hot-Wet
15.83224589,-19.26807861,LA5,2009-04-03,07:20:00 PM,19:20:00,Hot-Wet
15.83121745,-19.26815389,LA5,2009-04-03,07:40:00 PM,19:40:00,Hot-Wet
15.83091532,-19.26823527,LA5,2009-04-03,08:00:00 PM,20:00:00,Hot-Wet
15.82856242,-19.26780192,LA5,2009-04-03,08:20:00 PM,20:20:00,Hot-Wet
15.82737935,-19.26776733,LA5,2009-04-03,08:40:00 PM,20:40:00,Hot-Wet
15.82705994,-19.26759237,LA5,2009-04-03,09:00:00 PM,21:00:00,Hot-Wet
15.82633057,-19.27281291,LA5,2009-04-03,09:20:00 PM,21:20:00,Hot-Wet
15.82631836,-19.27280884,LA5,2009-04-03,09:40:00 PM,21:40:00,Hot-Wet
15.82613424,-19.27301636,LA5,2009-04-03,10:00:00 PM,22:00:00,Hot-Wet
15.82415466,-19.27437744,LA5,2009-04-03,10:20:00 PM,22:20:00,Hot-Wet
15.82259827,-19.27578125,LA5,2009-04-03,10:40:00 PM,22:40:00,Hot-Wet
15.82215474,-19.27571411,LA5,2009-04-03,11:00:00 PM,23:00:00,Hot-Wet
15.82215068,-19.2757019,LA5,2009-04-03,11:20:00 PM,23:20:00,Hot-Wet
15.82214457,-19.27572632,LA5,2009-04-03,11:40:00 PM,23:40:00,Hot-Wet
15.82214864,-19.27572835,LA5,2009-04-04,12:00:00 AM,00:00:00,Hot-Wet
15.82211812,-19.27571411,LA5,2009-04-04,12:20:00 AM,00:20:00,Hot-Wet
15.82214457,-19.27575073,LA5,2009-04-04,12:40:00 AM,00:40:00,Hot-Wet
15.82209676,-19.27585246,LA5,2009-04-04,01:00:00 AM,01:00:00,Hot-Wet
15.82186584,-19.27605591,LA5,2009-04-04,01:20:00 AM,01:20:00,Hot-Wet
15.82185465,-19.2760437,LA5,2009-04-04,01:40:00 AM,01:40:00,Hot-Wet
15.82183024,-19.27604777,LA5,2009-04-04,02:00:00 AM,02:00:00,Hot-Wet
15.82184041,-19.27605794,LA5,2009-04-04,02:20:00 AM,02:20:00,Hot-Wet
15.82184347,-19.27603556,LA5,2009-04-04,02:40:00 AM,02:40:00,Hot-Wet
15.82183228,-19.27605387,LA5,2009-04-04,03:00:00 AM,03:00:00,Hot-Wet
15.82181702,-19.27598877,LA5,2009-04-04,03:20:00 AM,03:20:00,Hot-Wet
15.82180074,-19.2759257,LA5,2009-04-04,03:40:00 AM,03:40:00,Hot-Wet
15.82172038,-19.27593994,LA5,2009-04-04,04:00:00 AM,04:00:00,Hot-Wet
15.82172038,-19.27593384,LA5,2009-04-04,04:20:00 AM,04:20:00,Hot-Wet
15.82178853,-19.27593384,LA5,2009-04-04,04:40:00 AM,04:40:00,Hot-Wet
15.82155558,-19.27642619,LA5,2009-04-04,05:00:00 AM,05:00:00,Hot-Wet
15.82114054,-19.27585042,LA5,2009-04-04,05:20:00 AM,05:20:00,Hot-Wet
15.82084554,-19.27550252,LA5,2009-04-04,05:40:00 AM,05:40:00,Hot-Wet
15.82086792,-19.27548218,LA5,2009-04-04,06:00:00 AM,06:00:00,Hot-Wet
15.82139079,-19.27520752,LA5,2009-04-04,06:20:00 AM,06:20:00,Hot-Wet
15.82265727,-19.27553711,LA5,2009-04-04,06:40:00 AM,06:40:00,Hot-Wet
15.82387492,-19.27704875,LA5,2009-04-04,07:00:00 AM,07:00:00,Hot-Wet
15.82500712,-19.27809041,LA5,2009-04-04,07:20:00 AM,07:20:00,Hot-Wet
15.8283783,-19.27822062,LA5,2009-04-04,07:40:00 AM,07:40:00,Hot-Wet
15.83326111,-19.27358195,LA5,2009-04-04,08:00:00 AM,08:00:00,Hot-Wet
15.83833008,-19.27348429,LA5,2009-04-04,08:20:00 AM,08:20:00,Hot-Wet
15.83893738,-19.27052205,LA5,2009-04-04,08:40:00 AM,08:40:00,Hot-Wet
15.83711751,-19.26954346,LA5,2009-04-04,09:00:00 AM,09:00:00,Hot-Wet
15.83642171,-19.27015177,LA5,2009-04-04,09:20:00 AM,09:20:00,Hot-Wet
15.83598022,-19.27081502,LA5,2009-04-04,09:40:00 AM,09:40:00,Hot-Wet
15.83489685,-19.27095133,LA5,2009-04-04,10:00:00 AM,10:00:00,Hot-Wet
15.83491313,-19.2709432,LA5,2009-04-04,10:20:00 AM,10:20:00,Hot-Wet
15.8353536,-19.27144368,LA5,2009-04-04,10:40:00 AM,10:40:00,Hot-Wet
15.83633626,-19.27217,LA5,2009-04-04,11:00:00 AM,11:00:00,Hot-Wet
15.83852844,-19.27350057,LA5,2009-04-04,11:20:00 AM,11:20:00,Hot-Wet
15.83770142,-19.27674764,LA5,2009-04-04,11:40:00 AM,11:40:00,Hot-Wet
15.83770549,-19.27674561,LA5,2009-04-04,12:00:00 PM,12:00:00,Hot-Wet
15.83152161,-19.27593384,LA5,2009-04-04,12:20:00 PM,12:20:00,Hot-Wet
15.82960307,-19.27700399,LA5,2009-04-04,12:40:00 PM,12:40:00,Hot-Wet
15.82348226,-19.27735189,LA5,2009-04-04,01:00:00 PM,13:00:00,Hot-Wet
15.82207336,-19.27589111,LA5,2009-04-04,01:20:00 PM,13:20:00,Hot-Wet
15.82118632,-19.27563477,LA5,2009-04-04,01:40:00 PM,13:40:00,Hot-Wet
15.82006734,-19.27685343,LA5,2009-04-04,02:00:00 PM,14:00:00,Hot-Wet
15.81976013,-19.27717285,LA5,2009-04-04,02:20:00 PM,14:20:00,Hot-Wet
15.818632,-19.27918294,LA5,2009-04-04,02:40:00 PM,14:40:00,Hot-Wet
15.81583049,-19.28229777,LA5,2009-04-04,03:00:00 PM,15:00:00,Hot-Wet
15.81537577,-19.28105672,LA5,2009-04-04,03:20:00 PM,15:20:00,Hot-Wet
15.81311747,-19.27798869,LA5,2009-04-04,03:40:00 PM,15:40:00,Hot-Wet
15.80750631,-19.27535807,LA5,2009-04-04,04:00:00 PM,16:00:00,Hot-Wet
15.80750529,-19.27537435,LA5,2009-04-04,04:20:00 PM,16:20:00,Hot-Wet
15.81003113,-19.2730835,LA5,2009-04-04,04:40:00 PM,16:40:00,Hot-Wet
15.8113973,-19.27114054,LA5,2009-04-04,05:00:00 PM,17:00:00,Hot-Wet
15.81064046,-19.26159058,LA5,2009-04-04,05:20:00 PM,17:20:00,Hot-Wet
15.80895691,-19.25712891,LA5,2009-04-04,05:40:00 PM,17:40:00,Hot-Wet
15.81135559,-19.25544434,LA5,2009-04-04,06:00:00 PM,18:00:00,Hot-Wet
15.80774841,-19.25586955,LA5,2009-04-04,06:20:00 PM,18:20:00,Hot-Wet
15.80949198,-19.25428467,LA5,2009-04-04,06:40:00 PM,18:40:00,Hot-Wet
15.80552775,-19.25097046,LA5,2009-04-04,07:00:00 PM,19:00:00,Hot-Wet
15.80251058,-19.24827881,LA5,2009-04-04,07:20:00 PM,19:20:00,Hot-Wet
15.80163167,-19.24484049,LA5,2009-04-04,07:40:00 PM,19:40:00,Hot-Wet
15.79826762,-19.24256185,LA5,2009-04-04,08:00:00 PM,20:00:00,Hot-Wet
15.79835307,-19.24252523,LA5,2009-04-04,08:20:00 PM,20:20:00,Hot-Wet
15.79757182,-19.23647461,LA5,2009-04-04,08:40:00 PM,20:40:00,Hot-Wet
15.79404806,-19.23190715,LA5,2009-04-04,09:00:00 PM,21:00:00,Hot-Wet
15.78746134,-19.23117879,LA5,2009-04-04,09:20:00 PM,21:20:00,Hot-Wet
15.78530579,-19.22943726,LA5,2009-04-04,09:40:00 PM,21:40:00,Hot-Wet
15.78196106,-19.22837118,LA5,2009-04-04,10:00:00 PM,22:00:00,Hot-Wet
15.77885234,-19.22629801,LA5,2009-04-04,10:20:00 PM,22:20:00,Hot-Wet
15.7760142,-19.22310181,LA5,2009-04-04,10:40:00 PM,22:40:00,Hot-Wet
15.77186584,-19.222229,LA5,2009-04-04,11:00:00 PM,23:00:00,Hot-Wet
15.77139893,-19.22311808,LA5,2009-04-04,11:20:00 PM,23:20:00,Hot-Wet
15.76877848,-19.2227417,LA5,2009-04-04,11:40:00 PM,23:40:00,Hot-Wet
15.76819051,-19.22044881,LA5,2009-04-05,12:00:00 AM,00:00:00,Hot-Wet
15.76749471,-19.21981812,LA5,2009-04-05,12:20:00 AM,00:20:00,Hot-Wet
15.76671549,-19.21994629,LA5,2009-04-05,01:00:00 AM,01:00:00,Hot-Wet
15.76671651,-19.2199585,LA5,2009-04-05,01:20:00 AM,01:20:00,Hot-Wet
15.76673584,-19.21996053,LA5,2009-04-05,01:40:00 AM,01:40:00,Hot-Wet
15.76576538,-19.22007446,LA5,2009-04-05,02:00:00 AM,02:00:00,Hot-Wet
15.76575521,-19.22009888,LA5,2009-04-05,02:20:00 AM,02:20:00,Hot-Wet
15.76578471,-19.22063599,LA5,2009-04-05,02:40:00 AM,02:40:00,Hot-Wet
15.76576538,-19.22061768,LA5,2009-04-05,03:00:00 AM,03:00:00,Hot-Wet
15.76576843,-19.22062378,LA5,2009-04-05,03:20:00 AM,03:20:00,Hot-Wet
15.76577148,-19.22062581,LA5,2009-04-05,03:40:00 AM,03:40:00,Hot-Wet
15.76577759,-19.22064006,LA5,2009-04-05,04:00:00 AM,04:00:00,Hot-Wet
15.76576843,-19.22062581,LA5,2009-04-05,04:20:00 AM,04:20:00,Hot-Wet
15.76577555,-19.22062988,LA5,2009-04-05,04:40:00 AM,04:40:00,Hot-Wet
15.76579183,-19.22066854,LA5,2009-04-05,05:00:00 AM,05:00:00,Hot-Wet
15.7657664,-19.2206075,LA5,2009-04-05,05:20:00 AM,05:20:00,Hot-Wet
15.76398519,-19.21931152,LA5,2009-04-05,05:40:00 AM,05:40:00,Hot-Wet
15.76399536,-19.21930745,LA5,2009-04-05,06:00:00 AM,06:00:00,Hot-Wet
15.76430969,-19.22079264,LA5,2009-04-05,06:20:00 AM,06:20:00,Hot-Wet
15.76588033,-19.22149455,LA5,2009-04-05,06:40:00 AM,06:40:00,Hot-Wet
15.76730042,-19.21935018,LA5,2009-04-05,07:00:00 AM,07:00:00,Hot-Wet
15.769045,-19.21934814,LA5,2009-04-05,07:20:00 AM,07:20:00,Hot-Wet
15.77070211,-19.22013957,LA5,2009-04-05,07:40:00 AM,07:40:00,Hot-Wet
15.77297465,-19.22025553,LA5,2009-04-05,08:00:00 AM,08:00:00,Hot-Wet
15.77524516,-19.2213623,LA5,2009-04-05,08:20:00 AM,08:20:00,Hot-Wet
15.77686259,-19.22192383,LA5,2009-04-05,08:40:00 AM,08:40:00,Hot-Wet
15.77924296,-19.22126058,LA5,2009-04-05,09:00:00 AM,09:00:00,Hot-Wet
15.78195699,-19.21550903,LA5,2009-04-05,09:20:00 AM,09:20:00,Hot-Wet
15.78576558,-19.20841268,LA5,2009-04-05,09:40:00 AM,09:40:00,Hot-Wet
15.78874613,-19.20867106,LA5,2009-04-05,10:00:00 AM,10:00:00,Hot-Wet
15.79070129,-19.2086141,LA5,2009-04-05,10:20:00 AM,10:20:00,Hot-Wet
15.79234111,-19.21059977,LA5,2009-04-05,10:40:00 AM,10:40:00,Hot-Wet
15.79384155,-19.21263021,LA5,2009-04-05,11:00:00 AM,11:00:00,Hot-Wet
15.7949707,-19.20723267,LA5,2009-04-05,11:20:00 AM,11:20:00,Hot-Wet
15.79497579,-19.20725708,LA5,2009-04-05,11:40:00 AM,11:40:00,Hot-Wet
15.79706828,-19.20540365,LA5,2009-04-05,12:00:00 PM,12:00:00,Hot-Wet
15.80001017,-19.20427653,LA5,2009-04-05,12:20:00 PM,12:20:00,Hot-Wet
15.80603943,-19.20206095,LA5,2009-04-05,12:40:00 PM,12:40:00,Hot-Wet
15.80600077,-19.20193075,LA5,2009-04-05,01:00:00 PM,13:00:00,Hot-Wet
15.80573527,-19.20133667,LA5,2009-04-05,01:20:00 PM,13:20:00,Hot-Wet
15.80573324,-19.2013387,LA5,2009-04-05,01:40:00 PM,13:40:00,Hot-Wet
15.80485535,-19.2002889,LA5,2009-04-05,02:00:00 PM,14:00:00,Hot-Wet
15.80084941,-19.20098267,LA5,2009-04-05,02:20:00 PM,14:20:00,Hot-Wet
15.7945516,-19.199882,LA5,2009-04-05,02:40:00 PM,14:40:00,Hot-Wet
15.7905131,-19.19929199,LA5,2009-04-05,03:00:00 PM,15:00:00,Hot-Wet
15.78838603,-19.20018921,LA5,2009-04-05,03:20:00 PM,15:20:00,Hot-Wet
15.78664246,-19.1937561,LA5,2009-04-05,03:40:00 PM,15:40:00,Hot-Wet
15.78578898,-19.19037069,LA5,2009-04-05,04:00:00 PM,16:00:00,Hot-Wet
15.78420715,-19.18208008,LA5,2009-04-05,04:20:00 PM,16:20:00,Hot-Wet
15.77993062,-19.17602743,LA5,2009-04-05,04:40:00 PM,16:40:00,Hot-Wet
15.77877197,-19.17154134,LA5,2009-04-05,05:00:00 PM,17:00:00,Hot-Wet
15.77652791,-19.1711263,LA5,2009-04-05,05:20:00 PM,17:20:00,Hot-Wet
15.78047078,-19.16947225,LA5,2009-04-05,05:40:00 PM,17:40:00,Hot-Wet
15.787087,-19.16482747,LA5,2009-04-05,06:00:00 PM,18:00:00,Hot-Wet
15.78925374,-19.16378174,LA5,2009-04-05,06:20:00 PM,18:20:00,Hot-Wet
15.7892568,-19.16378784,LA5,2009-04-05,06:40:00 PM,18:40:00,Hot-Wet
15.79082133,-19.1637675,LA5,2009-04-05,07:00:00 PM,19:00:00,Hot-Wet
15.78923035,-19.15871175,LA5,2009-04-05,07:20:00 PM,19:20:00,Hot-Wet
15.78808289,-19.16050008,LA5,2009-04-05,07:40:00 PM,19:40:00,Hot-Wet
15.78809408,-19.16046956,LA5,2009-04-05,08:00:00 PM,20:00:00,Hot-Wet
15.7898407,-19.16530762,LA5,2009-04-05,08:20:00 PM,20:20:00,Hot-Wet
15.79148865,-19.16508586,LA5,2009-04-05,08:40:00 PM,20:40:00,Hot-Wet
15.78924154,-19.16227417,LA5,2009-04-05,09:00:00 PM,21:00:00,Hot-Wet
15.78788757,-19.15850423,LA5,2009-04-05,09:20:00 PM,21:20:00,Hot-Wet
15.78548787,-19.15753174,LA5,2009-04-05,09:40:00 PM,21:40:00,Hot-Wet
15.78504028,-19.15933634,LA5,2009-04-05,10:00:00 PM,22:00:00,Hot-Wet
15.78415426,-19.16174113,LA5,2009-04-05,10:20:00 PM,22:20:00,Hot-Wet
15.78413188,-19.16172689,LA5,2009-04-05,10:40:00 PM,22:40:00,Hot-Wet
15.78308919,-19.16819865,LA5,2009-04-05,11:00:00 PM,23:00:00,Hot-Wet
15.77670186,-19.16927897,LA5,2009-04-05,11:20:00 PM,23:20:00,Hot-Wet
15.77203878,-19.17093099,LA5,2009-04-05,11:40:00 PM,23:40:00,Hot-Wet
15.76860352,-19.17481079,LA5,2009-04-06,12:00:00 AM,00:00:00,Hot-Wet
15.76604513,-19.17836304,LA5,2009-04-06,12:20:00 AM,00:20:00,Hot-Wet
15.76298726,-19.18172811,LA5,2009-04-06,12:40:00 AM,00:40:00,Hot-Wet
15.75871175,-19.18603312,LA5,2009-04-06,01:00:00 AM,01:00:00,Hot-Wet
15.75818481,-19.18569539,LA5,2009-04-06,01:20:00 AM,01:20:00,Hot-Wet
15.75818787,-19.18570353,LA5,2009-04-06,01:40:00 AM,01:40:00,Hot-Wet
15.75819092,-19.18570353,LA5,2009-04-06,02:00:00 AM,02:00:00,Hot-Wet
15.75819397,-19.18568726,LA5,2009-04-06,02:20:00 AM,02:20:00,Hot-Wet
15.75812581,-19.18553263,LA5,2009-04-06,02:40:00 AM,02:40:00,Hot-Wet
15.75811971,-19.18553467,LA5,2009-04-06,03:00:00 AM,03:00:00,Hot-Wet
15.75837708,-19.18533732,LA5,2009-04-06,03:20:00 AM,03:20:00,Hot-Wet
15.75836792,-19.18533122,LA5,2009-04-06,03:40:00 AM,03:40:00,Hot-Wet
15.7583669,-19.18531901,LA5,2009-04-06,04:00:00 AM,04:00:00,Hot-Wet
15.75838114,-19.18534546,LA5,2009-04-06,04:20:00 AM,04:20:00,Hot-Wet
15.75837097,-19.18534953,LA5,2009-04-06,04:40:00 AM,04:40:00,Hot-Wet
15.75836283,-19.18534139,LA5,2009-04-06,05:00:00 AM,05:00:00,Hot-Wet
15.75833333,-19.18533732,LA5,2009-04-06,05:20:00 AM,05:20:00,Hot-Wet
15.75837504,-19.18536174,LA5,2009-04-06,05:40:00 AM,05:40:00,Hot-Wet
15.75848897,-19.18613892,LA5,2009-04-06,06:00:00 AM,06:00:00,Hot-Wet
15.75849406,-19.18614705,LA5,2009-04-06,06:20:00 AM,06:20:00,Hot-Wet
15.75923055,-19.1891805,LA5,2009-04-06,06:40:00 AM,06:40:00,Hot-Wet
15.76430461,-19.19217733,LA5,2009-04-06,07:00:00 AM,07:00:00,Hot-Wet
15.76616313,-19.19302368,LA5,2009-04-06,07:20:00 AM,07:20:00,Hot-Wet
15.76853739,-19.19497884,LA5,2009-04-06,07:40:00 AM,07:40:00,Hot-Wet
15.77344869,-19.19582113,LA5,2009-04-06,08:00:00 AM,08:00:00,Hot-Wet
15.77668355,-19.19664714,LA5,2009-04-06,08:20:00 AM,08:20:00,Hot-Wet
15.78254395,-19.19419963,LA5,2009-04-06,08:40:00 AM,08:40:00,Hot-Wet
15.78420919,-19.19557699,LA5,2009-04-06,09:00:00 AM,09:00:00,Hot-Wet
15.78420512,-19.19558105,LA5,2009-04-06,09:20:00 AM,09:20:00,Hot-Wet
15.78379008,-19.19028117,LA5,2009-04-06,09:40:00 AM,09:40:00,Hot-Wet
15.78318888,-19.1893453,LA5,2009-04-06,10:00:00 AM,10:00:00,Hot-Wet
15.78273722,-19.18854574,LA5,2009-04-06,10:20:00 AM,10:20:00,Hot-Wet
15.78274638,-19.18853963,LA5,2009-04-06,10:40:00 AM,10:40:00,Hot-Wet
15.7837382,-19.18811849,LA5,2009-04-06,11:00:00 AM,11:00:00,Hot-Wet
15.78443909,-19.18803914,LA5,2009-04-06,11:20:00 AM,11:20:00,Hot-Wet
15.78446655,-19.18806763,LA5,2009-04-06,11:40:00 AM,11:40:00,Hot-Wet
15.78450724,-19.18751628,LA5,2009-04-06,12:00:00 PM,12:00:00,Hot-Wet
15.78451538,-19.18751221,LA5,2009-04-06,12:20:00 PM,12:20:00,Hot-Wet
15.78451945,-19.18755697,LA5,2009-04-06,12:40:00 PM,12:40:00,Hot-Wet
15.78453573,-19.1875651,LA5,2009-04-06,01:00:00 PM,13:00:00,Hot-Wet
15.78281352,-19.1799703,LA5,2009-04-06,01:20:00 PM,13:20:00,Hot-Wet
15.78150126,-19.1778951,LA5,2009-04-06,01:40:00 PM,13:40:00,Hot-Wet
15.77841797,-19.17207845,LA5,2009-04-06,02:00:00 PM,14:00:00,Hot-Wet
15.77842611,-19.1721639,LA5,2009-04-06,02:20:00 PM,14:20:00,Hot-Wet
15.78110555,-19.16980998,LA5,2009-04-06,02:40:00 PM,14:40:00,Hot-Wet
15.78872579,-19.16741333,LA5,2009-04-06,03:00:00 PM,15:00:00,Hot-Wet
15.78995972,-19.16583455,LA5,2009-04-06,03:20:00 PM,15:20:00,Hot-Wet
15.78960978,-19.15621948,LA5,2009-04-06,03:40:00 PM,15:40:00,Hot-Wet
15.79217428,-19.15457967,LA5,2009-04-06,04:00:00 PM,16:00:00,Hot-Wet
15.79181824,-19.1512736,LA5,2009-04-06,04:20:00 PM,16:20:00,Hot-Wet
15.7869751,-19.15084432,LA5,2009-04-06,04:40:00 PM,16:40:00,Hot-Wet
15.78333537,-19.15018514,LA5,2009-04-06,05:00:00 PM,17:00:00,Hot-Wet
15.78044535,-19.15058797,LA5,2009-04-06,05:20:00 PM,17:20:00,Hot-Wet
15.77959696,-19.15144043,LA5,2009-04-06,05:40:00 PM,17:40:00,Hot-Wet
15.7780365,-19.15270996,LA5,2009-04-06,06:00:00 PM,18:00:00,Hot-Wet
15.77786255,-19.15374349,LA5,2009-04-06,06:20:00 PM,18:20:00,Hot-Wet
15.77531637,-19.15506999,LA5,2009-04-06,06:40:00 PM,18:40:00,Hot-Wet
15.77536316,-19.15870768,LA5,2009-04-06,07:00:00 PM,19:00:00,Hot-Wet
15.77293396,-19.15935059,LA5,2009-04-06,07:20:00 PM,19:20:00,Hot-Wet
15.7690684,-19.1577535,LA5,2009-04-06,07:40:00 PM,19:40:00,Hot-Wet
15.76905212,-19.15776571,LA5,2009-04-06,08:00:00 PM,20:00:00,Hot-Wet
15.76890157,-19.15259399,LA5,2009-04-06,08:20:00 PM,20:20:00,Hot-Wet
15.76887614,-19.15258382,LA5,2009-04-06,08:40:00 PM,20:40:00,Hot-Wet
15.77458191,-19.15238037,LA5,2009-04-06,09:00:00 PM,21:00:00,Hot-Wet
15.7749471,-19.15397542,LA5,2009-04-06,09:20:00 PM,21:20:00,Hot-Wet
15.77741597,-19.15422567,LA5,2009-04-06,09:40:00 PM,21:40:00,Hot-Wet
15.77986348,-19.15407511,LA5,2009-04-06,10:00:00 PM,22:00:00,Hot-Wet
15.78118083,-19.15137329,LA5,2009-04-06,10:20:00 PM,22:20:00,Hot-Wet
15.77894694,-19.15218709,LA5,2009-04-06,10:40:00 PM,22:40:00,Hot-Wet
15.77779643,-19.15313721,LA5,2009-04-06,11:00:00 PM,23:00:00,Hot-Wet
15.777771,-19.15313314,LA5,2009-04-06,11:20:00 PM,23:20:00,Hot-Wet
15.78227844,-19.15633748,LA5,2009-04-06,11:40:00 PM,23:40:00,Hot-Wet
15.78544006,-19.1599528,LA5,2009-04-07,12:00:00 AM,00:00:00,Hot-Wet
15.78839518,-19.16453044,LA5,2009-04-07,12:20:00 AM,00:20:00,Hot-Wet
15.78939006,-19.16604411,LA5,2009-04-07,12:40:00 AM,00:40:00,Hot-Wet
15.79110616,-19.16806234,LA5,2009-04-07,01:00:00 AM,01:00:00,Hot-Wet
15.79253947,-19.1678182,LA5,2009-04-07,01:20:00 AM,01:20:00,Hot-Wet
15.79303894,-19.16869914,LA5,2009-04-07,01:40:00 AM,01:40:00,Hot-Wet
15.79635722,-19.16815796,LA5,2009-04-07,02:00:00 AM,02:00:00,Hot-Wet
15.79635824,-19.16816406,LA5,2009-04-07,02:20:00 AM,02:20:00,Hot-Wet
15.80083923,-19.16929525,LA5,2009-04-07,02:40:00 AM,02:40:00,Hot-Wet
15.80145264,-19.16829834,LA5,2009-04-07,03:00:00 AM,03:00:00,Hot-Wet
15.80144857,-19.16830241,LA5,2009-04-07,03:20:00 AM,03:20:00,Hot-Wet
15.80144958,-19.16830851,LA5,2009-04-07,03:40:00 AM,03:40:00,Hot-Wet
15.8014445,-19.16831258,LA5,2009-04-07,04:00:00 AM,04:00:00,Hot-Wet
15.80144246,-19.16831055,LA5,2009-04-07,04:20:00 AM,04:20:00,Hot-Wet
15.80146281,-19.16830037,LA5,2009-04-07,04:40:00 AM,04:40:00,Hot-Wet
15.80150553,-19.16821493,LA5,2009-04-07,05:00:00 AM,05:00:00,Hot-Wet
15.80122375,-19.16685181,LA5,2009-04-07,05:20:00 AM,05:20:00,Hot-Wet
15.79708455,-19.16169434,LA5,2009-04-07,05:40:00 AM,05:40:00,Hot-Wet
15.79221395,-19.15841064,LA5,2009-04-07,06:00:00 AM,06:00:00,Hot-Wet
15.78971659,-19.15678507,LA5,2009-04-07,06:20:00 AM,06:20:00,Hot-Wet
15.78692017,-19.15411987,LA5,2009-04-07,06:40:00 AM,06:40:00,Hot-Wet
15.78239441,-19.15415853,LA5,2009-04-07,07:00:00 AM,07:00:00,Hot-Wet
15.77850545,-19.15165202,LA5,2009-04-07,07:20:00 AM,07:20:00,Hot-Wet
15.77663981,-19.14927165,LA5,2009-04-07,07:40:00 AM,07:40:00,Hot-Wet
15.77511597,-19.15120036,LA5,2009-04-07,08:00:00 AM,08:00:00,Hot-Wet
15.77388611,-19.14884033,LA5,2009-04-07,08:20:00 AM,08:20:00,Hot-Wet
15.77150981,-19.14974162,LA5,2009-04-07,08:40:00 AM,08:40:00,Hot-Wet
15.7693634,-19.14928996,LA5,2009-04-07,09:00:00 AM,09:00:00,Hot-Wet
15.76933695,-19.14930623,LA5,2009-04-07,09:20:00 AM,09:20:00,Hot-Wet
15.77081502,-19.14833374,LA5,2009-04-07,09:40:00 AM,09:40:00,Hot-Wet
15.77175903,-19.150236,LA5,2009-04-07,10:00:00 AM,10:00:00,Hot-Wet
15.76986491,-19.15256551,LA5,2009-04-07,10:20:00 AM,10:20:00,Hot-Wet
15.7690745,-19.15284017,LA5,2009-04-07,10:40:00 AM,10:40:00,Hot-Wet
15.76755778,-19.15616659,LA5,2009-04-07,11:00:00 AM,11:00:00,Hot-Wet
15.76755778,-19.156132,LA5,2009-04-07,11:20:00 AM,11:20:00,Hot-Wet
15.77193298,-19.16025594,LA5,2009-04-07,11:40:00 AM,11:40:00,Hot-Wet
15.77472534,-19.16195475,LA5,2009-04-07,12:00:00 PM,12:00:00,Hot-Wet
15.77513529,-19.16054484,LA5,2009-04-07,12:20:00 PM,12:20:00,Hot-Wet
15.77622579,-19.16050822,LA5,2009-04-07,12:40:00 PM,12:40:00,Hot-Wet
15.77630514,-19.16172892,LA5,2009-04-07,01:00:00 PM,13:00:00,Hot-Wet
15.77634786,-19.16193034,LA5,2009-04-07,01:20:00 PM,13:20:00,Hot-Wet
15.77634277,-19.16192017,LA5,2009-04-07,01:40:00 PM,13:40:00,Hot-Wet
15.77636312,-19.16193441,LA5,2009-04-07,02:00:00 PM,14:00:00,Hot-Wet
15.77787882,-19.16197713,LA5,2009-04-07,02:20:00 PM,14:20:00,Hot-Wet
15.77918803,-19.16228841,LA5,2009-04-07,02:40:00 PM,14:40:00,Hot-Wet
15.78353577,-19.16367798,LA5,2009-04-07,03:00:00 PM,15:00:00,Hot-Wet
15.77883809,-19.16210531,LA5,2009-04-07,03:20:00 PM,15:20:00,Hot-Wet
15.77490133,-19.15923462,LA5,2009-04-07,03:40:00 PM,15:40:00,Hot-Wet
15.77390137,-19.15976563,LA5,2009-04-07,04:00:00 PM,16:00:00,Hot-Wet
15.77098287,-19.16119385,LA5,2009-04-07,04:20:00 PM,16:20:00,Hot-Wet
15.77009989,-19.16317342,LA5,2009-04-07,04:40:00 PM,16:40:00,Hot-Wet
15.76938985,-19.16421712,LA5,2009-04-07,05:00:00 PM,17:00:00,Hot-Wet
15.76940511,-19.16422119,LA5,2009-04-07,05:20:00 PM,17:20:00,Hot-Wet
15.77120768,-19.16353963,LA5,2009-04-07,05:40:00 PM,17:40:00,Hot-Wet
15.77424418,-19.16254069,LA5,2009-04-07,06:00:00 PM,18:00:00,Hot-Wet
15.77422282,-19.16414795,LA5,2009-04-07,06:20:00 PM,18:20:00,Hot-Wet
15.7763621,-19.16209106,LA5,2009-04-07,06:40:00 PM,18:40:00,Hot-Wet
15.776356,-19.16209106,LA5,2009-04-07,07:00:00 PM,19:00:00,Hot-Wet
15.7739858,-19.15863037,LA5,2009-04-07,07:20:00 PM,19:20:00,Hot-Wet
15.76708476,-19.15470785,LA5,2009-04-07,07:40:00 PM,19:40:00,Hot-Wet
15.76441549,-19.15321248,LA5,2009-04-07,08:00:00 PM,20:00:00,Hot-Wet
15.76413371,-19.15156047,LA5,2009-04-07,08:20:00 PM,20:20:00,Hot-Wet
15.76217346,-19.15035197,LA5,2009-04-07,08:40:00 PM,20:40:00,Hot-Wet
15.7621816,-19.15034993,LA5,2009-04-07,09:00:00 PM,21:00:00,Hot-Wet
15.76296183,-19.14416097,LA5,2009-04-07,09:20:00 PM,21:20:00,Hot-Wet
15.76296488,-19.14414876,LA5,2009-04-07,09:40:00 PM,21:40:00,Hot-Wet
15.76649068,-19.14366862,LA5,2009-04-07,10:00:00 PM,22:00:00,Hot-Wet
15.76890361,-19.14801636,LA5,2009-04-07,10:20:00 PM,22:20:00,Hot-Wet
15.77079976,-19.15071004,LA5,2009-04-07,10:40:00 PM,22:40:00,Hot-Wet
15.77487895,-19.15420532,LA5,2009-04-07,11:00:00 PM,23:00:00,Hot-Wet
15.78267619,-19.16104533,LA5,2009-04-07,11:20:00 PM,23:20:00,Hot-Wet
15.78267517,-19.16104736,LA5,2009-04-07,11:40:00 PM,23:40:00,Hot-Wet
15.78496806,-19.17358602,LA5,2009-04-08,12:00:00 AM,00:00:00,Hot-Wet
15.7825236,-19.18011678,LA5,2009-04-08,12:20:00 AM,00:20:00,Hot-Wet
15.78195903,-19.18199259,LA5,2009-04-08,12:40:00 AM,00:40:00,Hot-Wet
15.78116353,-19.18898519,LA5,2009-04-08,01:00:00 AM,01:00:00,Hot-Wet
15.7775706,-19.19634399,LA5,2009-04-08,01:20:00 AM,01:20:00,Hot-Wet
15.77658997,-19.19679565,LA5,2009-04-08,01:40:00 AM,01:40:00,Hot-Wet
15.77580363,-19.20043538,LA5,2009-04-08,02:00:00 AM,02:00:00,Hot-Wet
15.77191976,-19.20232951,LA5,2009-04-08,02:20:00 AM,02:20:00,Hot-Wet
15.77094727,-19.20245972,LA5,2009-04-08,02:40:00 AM,02:40:00,Hot-Wet
15.7690328,-19.20332845,LA5,2009-04-08,03:00:00 AM,03:00:00,Hot-Wet
15.76824341,-19.20333049,LA5,2009-04-08,03:20:00 AM,03:20:00,Hot-Wet
15.76822408,-19.20333455,LA5,2009-04-08,03:40:00 AM,03:40:00,Hot-Wet
15.76826172,-19.20333049,LA5,2009-04-08,04:00:00 AM,04:00:00,Hot-Wet
15.76821899,-19.20334473,LA5,2009-04-08,04:20:00 AM,04:20:00,Hot-Wet
15.7682017,-19.2033549,LA5,2009-04-08,04:40:00 AM,04:40:00,Hot-Wet
15.76828105,-19.20334676,LA5,2009-04-08,05:00:00 AM,05:00:00,Hot-Wet
15.76826477,-19.20332235,LA5,2009-04-08,05:20:00 AM,05:20:00,Hot-Wet
15.76825765,-19.20331421,LA5,2009-04-08,05:40:00 AM,05:40:00,Hot-Wet
15.76785889,-19.2031901,LA5,2009-04-08,06:00:00 AM,06:00:00,Hot-Wet
15.7677002,-19.20290527,LA5,2009-04-08,06:20:00 AM,06:20:00,Hot-Wet
15.76769104,-19.20290527,LA5,2009-04-08,06:40:00 AM,06:40:00,Hot-Wet
15.76895752,-19.20192871,LA5,2009-04-08,07:00:00 AM,07:00:00,Hot-Wet
15.77007039,-19.20174764,LA5,2009-04-08,07:20:00 AM,07:20:00,Hot-Wet
15.77090454,-19.20190837,LA5,2009-04-08,07:40:00 AM,07:40:00,Hot-Wet
15.77131348,-19.20046387,LA5,2009-04-08,08:00:00 AM,08:00:00,Hot-Wet
15.77187093,-19.20138143,LA5,2009-04-08,08:20:00 AM,08:20:00,Hot-Wet
15.7737203,-19.19969076,LA5,2009-04-08,08:40:00 AM,08:40:00,Hot-Wet
15.77531433,-19.19881388,LA5,2009-04-08,09:00:00 AM,09:00:00,Hot-Wet
15.77729085,-19.19677124,LA5,2009-04-08,09:20:00 AM,09:20:00,Hot-Wet
15.78075053,-19.19962972,LA5,2009-04-08,09:40:00 AM,09:40:00,Hot-Wet
15.78489787,-19.2015686,LA5,2009-04-08,10:00:00 AM,10:00:00,Hot-Wet
15.79187622,-19.20054118,LA5,2009-04-08,10:20:00 AM,10:20:00,Hot-Wet
15.79501139,-19.20049438,LA5,2009-04-08,10:40:00 AM,10:40:00,Hot-Wet
15.79940084,-19.19951986,LA5,2009-04-08,11:00:00 AM,11:00:00,Hot-Wet
15.79912821,-19.19840902,LA5,2009-04-08,11:20:00 AM,11:20:00,Hot-Wet
15.79893392,-19.19861043,LA5,2009-04-08,11:40:00 AM,11:40:00,Hot-Wet
15.79862671,-19.19909465,LA5,2009-04-08,12:00:00 PM,12:00:00,Hot-Wet
15.7986084,-19.19909668,LA5,2009-04-08,12:20:00 PM,12:20:00,Hot-Wet
15.79919739,-19.19890951,LA5,2009-04-08,12:40:00 PM,12:40:00,Hot-Wet
15.79920858,-19.19892375,LA5,2009-04-08,01:00:00 PM,13:00:00,Hot-Wet
15.79921875,-19.19890747,LA5,2009-04-08,01:20:00 PM,13:20:00,Hot-Wet
15.79953105,-19.19934082,LA5,2009-04-08,01:40:00 PM,13:40:00,Hot-Wet
15.80085754,-19.20030924,LA5,2009-04-08,02:00:00 PM,14:00:00,Hot-Wet
15.80268555,-19.20230509,LA5,2009-04-08,02:20:00 PM,14:20:00,Hot-Wet
15.80576681,-19.20102946,LA5,2009-04-08,02:40:00 PM,14:40:00,Hot-Wet
15.80576274,-19.20102539,LA5,2009-04-08,03:00:00 PM,15:00:00,Hot-Wet
15.80594584,-19.20087687,LA5,2009-04-08,03:20:00 PM,15:20:00,Hot-Wet
15.80593974,-19.20087891,LA5,2009-04-08,03:40:00 PM,15:40:00,Hot-Wet
15.80787862,-19.19998779,LA5,2009-04-08,04:00:00 PM,16:00:00,Hot-Wet
15.80832316,-19.19636434,LA5,2009-04-08,04:20:00 PM,16:20:00,Hot-Wet
15.80990601,-19.19498088,LA5,2009-04-08,04:40:00 PM,16:40:00,Hot-Wet
15.80995585,-19.19194743,LA5,2009-04-08,05:00:00 PM,17:00:00,Hot-Wet
15.80342306,-19.18729248,LA5,2009-04-08,05:20:00 PM,17:20:00,Hot-Wet
15.79851379,-19.18614909,LA5,2009-04-08,05:40:00 PM,17:40:00,Hot-Wet
15.79557393,-19.18741252,LA5,2009-04-08,06:00:00 PM,18:00:00,Hot-Wet
15.79267578,-19.18956502,LA5,2009-04-08,06:20:00 PM,18:20:00,Hot-Wet
15.79268494,-19.18955688,LA5,2009-04-08,06:40:00 PM,18:40:00,Hot-Wet
15.79373271,-19.19303792,LA5,2009-04-08,07:00:00 PM,19:00:00,Hot-Wet
15.79474284,-19.19605916,LA5,2009-04-08,07:20:00 PM,19:20:00,Hot-Wet
15.795401,-19.19798991,LA5,2009-04-08,07:40:00 PM,19:40:00,Hot-Wet
15.79737651,-19.19935303,LA5,2009-04-08,08:00:00 PM,20:00:00,Hot-Wet
15.79920858,-19.20159709,LA5,2009-04-08,08:20:00 PM,20:20:00,Hot-Wet
15.80111694,-19.20391439,LA5,2009-04-08,08:40:00 PM,20:40:00,Hot-Wet
15.79892578,-19.2074056,LA5,2009-04-08,09:00:00 PM,21:00:00,Hot-Wet
15.79619039,-19.20849202,LA5,2009-04-08,09:20:00 PM,21:20:00,Hot-Wet
15.7941274,-19.20857544,LA5,2009-04-08,09:40:00 PM,21:40:00,Hot-Wet
15.79006958,-19.20845947,LA5,2009-04-08,10:00:00 PM,22:00:00,Hot-Wet
15.78944194,-19.20814006,LA5,2009-04-08,10:20:00 PM,22:20:00,Hot-Wet
15.78766683,-19.2076884,LA5,2009-04-08,10:40:00 PM,22:40:00,Hot-Wet
15.78766886,-19.20768026,LA5,2009-04-08,11:00:00 PM,23:00:00,Hot-Wet
15.78907979,-19.21078491,LA5,2009-04-08,11:20:00 PM,23:20:00,Hot-Wet
15.78965352,-19.21202799,LA5,2009-04-08,11:40:00 PM,23:40:00,Hot-Wet
15.78980103,-19.2138855,LA5,2009-04-09,12:00:00 AM,00:00:00,Hot-Wet
15.78977559,-19.21742554,LA5,2009-04-09,12:20:00 AM,00:20:00,Hot-Wet
15.78975728,-19.2174174,LA5,2009-04-09,12:40:00 AM,00:40:00,Hot-Wet
15.78977051,-19.2174113,LA5,2009-04-09,01:00:00 AM,01:00:00,Hot-Wet
15.78974813,-19.21741333,LA5,2009-04-09,01:20:00 AM,01:20:00,Hot-Wet
15.78959452,-19.21853027,LA5,2009-04-09,01:40:00 AM,01:40:00,Hot-Wet
15.78959452,-19.21852214,LA5,2009-04-09,02:00:00 AM,02:00:00,Hot-Wet
15.78961589,-19.21854451,LA5,2009-04-09,02:20:00 AM,02:20:00,Hot-Wet
15.78959351,-19.21854451,LA5,2009-04-09,02:40:00 AM,02:40:00,Hot-Wet
15.78958842,-19.21854655,LA5,2009-04-09,03:00:00 AM,03:00:00,Hot-Wet
15.78957214,-19.21861572,LA5,2009-04-09,03:20:00 AM,03:20:00,Hot-Wet
15.78955587,-19.21861165,LA5,2009-04-09,03:40:00 AM,03:40:00,Hot-Wet
15.78954773,-19.21861572,LA5,2009-04-09,04:00:00 AM,04:00:00,Hot-Wet
15.78955383,-19.21861979,LA5,2009-04-09,04:20:00 AM,04:20:00,Hot-Wet
15.78954773,-19.21861572,LA5,2009-04-09,04:40:00 AM,04:40:00,Hot-Wet
15.78954875,-19.21861369,LA5,2009-04-09,05:00:00 AM,05:00:00,Hot-Wet
15.78952738,-19.21865031,LA5,2009-04-09,05:20:00 AM,05:20:00,Hot-Wet
15.78854879,-19.21798299,LA5,2009-04-09,05:40:00 AM,05:40:00,Hot-Wet
15.7871877,-19.21755575,LA5,2009-04-09,06:00:00 AM,06:00:00,Hot-Wet
15.78573507,-19.21673584,LA5,2009-04-09,06:20:00 AM,06:20:00,Hot-Wet
15.78539429,-19.21580811,LA5,2009-04-09,06:40:00 AM,06:40:00,Hot-Wet
15.78539022,-19.21581014,LA5,2009-04-09,07:00:00 AM,07:00:00,Hot-Wet
15.78568624,-19.21508382,LA5,2009-04-09,07:20:00 AM,07:20:00,Hot-Wet
15.78536784,-19.21204224,LA5,2009-04-09,07:40:00 AM,07:40:00,Hot-Wet
15.78536886,-19.21204224,LA5,2009-04-09,08:00:00 AM,08:00:00,Hot-Wet
15.78575338,-19.20396118,LA5,2009-04-09,08:20:00 AM,08:20:00,Hot-Wet
15.7840566,-19.19654948,LA5,2009-04-09,08:40:00 AM,08:40:00,Hot-Wet
15.77684428,-19.19650675,LA5,2009-04-09,09:00:00 AM,09:00:00,Hot-Wet
15.7768453,-19.19651082,LA5,2009-04-09,09:20:00 AM,09:20:00,Hot-Wet
15.77843526,-19.19395549,LA5,2009-04-09,09:40:00 AM,09:40:00,Hot-Wet
15.7802714,-19.1917745,LA5,2009-04-09,10:00:00 AM,10:00:00,Hot-Wet
15.78306885,-19.18299357,LA5,2009-04-09,10:20:00 AM,10:20:00,Hot-Wet
15.78117371,-19.1799235,LA5,2009-04-09,10:40:00 AM,10:40:00,Hot-Wet
15.77986654,-19.17683309,LA5,2009-04-09,11:00:00 AM,11:00:00,Hot-Wet
15.77463481,-19.17408447,LA5,2009-04-09,11:20:00 AM,11:20:00,Hot-Wet
15.77166138,-19.16865031,LA5,2009-04-09,11:40:00 AM,11:40:00,Hot-Wet
15.77173971,-19.16872559,LA5,2009-04-09,12:00:00 PM,12:00:00,Hot-Wet
15.77396545,-19.16327311,LA5,2009-04-09,12:20:00 PM,12:20:00,Hot-Wet
15.7742981,-19.16281535,LA5,2009-04-09,12:40:00 PM,12:40:00,Hot-Wet
15.77431335,-19.16282756,LA5,2009-04-09,01:00:00 PM,13:00:00,Hot-Wet
15.77433573,-19.16284587,LA5,2009-04-09,01:20:00 PM,13:20:00,Hot-Wet
15.77338359,-19.15915731,LA5,2009-04-09,01:40:00 PM,13:40:00,Hot-Wet
15.76762492,-19.15296224,LA5,2009-04-09,02:00:00 PM,14:00:00,Hot-Wet
15.76762187,-19.15298462,LA5,2009-04-09,02:20:00 PM,14:20:00,Hot-Wet
15.76926371,-19.14910075,LA5,2009-04-09,02:40:00 PM,14:40:00,Hot-Wet
15.77295634,-19.1487793,LA5,2009-04-09,03:00:00 PM,15:00:00,Hot-Wet
15.77798564,-19.14501546,LA5,2009-04-09,03:20:00 PM,15:20:00,Hot-Wet
15.77293599,-19.13741659,LA5,2009-04-09,03:40:00 PM,15:40:00,Hot-Wet
15.76843363,-19.13910116,LA5,2009-04-09,04:00:00 PM,16:00:00,Hot-Wet
15.76572164,-19.14135132,LA5,2009-04-09,04:20:00 PM,16:20:00,Hot-Wet
15.76085917,-19.14012858,LA5,2009-04-09,04:40:00 PM,16:40:00,Hot-Wet
15.76064046,-19.1398173,LA5,2009-04-09,05:00:00 PM,17:00:00,Hot-Wet
15.76064453,-19.13982951,LA5,2009-04-09,05:20:00 PM,17:20:00,Hot-Wet
15.76298421,-19.13846842,LA5,2009-04-09,05:40:00 PM,17:40:00,Hot-Wet
15.76269836,-19.13827108,LA5,2009-04-09,06:00:00 PM,18:00:00,Hot-Wet
15.76111145,-19.1402242,LA5,2009-04-09,06:20:00 PM,18:20:00,Hot-Wet
15.76022542,-19.14116821,LA5,2009-04-09,06:40:00 PM,18:40:00,Hot-Wet
15.7580363,-19.14107666,LA5,2009-04-09,07:00:00 PM,19:00:00,Hot-Wet
15.754481,-19.14424845,LA5,2009-04-09,07:20:00 PM,19:20:00,Hot-Wet
15.75318197,-19.14358114,LA5,2009-04-09,07:40:00 PM,19:40:00,Hot-Wet
15.753184,-19.14355672,LA5,2009-04-09,08:00:00 PM,20:00:00,Hot-Wet
15.75414327,-19.14133708,LA5,2009-04-09,08:20:00 PM,20:20:00,Hot-Wet
15.75476074,-19.14031372,LA5,2009-04-09,08:40:00 PM,20:40:00,Hot-Wet
15.75407206,-19.13694865,LA5,2009-04-09,09:00:00 PM,21:00:00,Hot-Wet
15.75326131,-19.13516439,LA5,2009-04-09,09:20:00 PM,21:20:00,Hot-Wet
15.75153707,-19.13457031,LA5,2009-04-09,09:40:00 PM,21:40:00,Hot-Wet
15.75039876,-19.13468018,LA5,2009-04-09,10:00:00 PM,22:00:00,Hot-Wet
15.74938558,-19.13526408,LA5,2009-04-09,10:20:00 PM,22:20:00,Hot-Wet
15.74877116,-19.13641154,LA5,2009-04-09,10:40:00 PM,22:40:00,Hot-Wet
15.74876506,-19.1363973,LA5,2009-04-09,11:00:00 PM,23:00:00,Hot-Wet
15.74850566,-19.13827515,LA5,2009-04-09,11:20:00 PM,23:20:00,Hot-Wet
15.74688924,-19.13781738,LA5,2009-04-09,11:40:00 PM,23:40:00,Hot-Wet
15.74670512,-19.13765462,LA5,2009-04-10,12:00:00 AM,00:00:00,Hot-Wet
15.74671936,-19.13768107,LA5,2009-04-10,12:20:00 AM,00:20:00,Hot-Wet
15.74619242,-19.13504028,LA5,2009-04-10,12:40:00 AM,00:40:00,Hot-Wet
15.74618022,-19.13504435,LA5,2009-04-10,01:00:00 AM,01:00:00,Hot-Wet
15.74650167,-19.13441366,LA5,2009-04-10,01:20:00 AM,01:20:00,Hot-Wet
15.74709167,-19.1351298,LA5,2009-04-10,01:40:00 AM,01:40:00,Hot-Wet
15.74833476,-19.13486532,LA5,2009-04-10,02:00:00 AM,02:00:00,Hot-Wet
15.75028788,-19.13416748,LA5,2009-04-10,02:20:00 AM,02:20:00,Hot-Wet
15.7502533,-19.13410441,LA5,2009-04-10,02:40:00 AM,02:40:00,Hot-Wet
15.75027059,-19.13407796,LA5,2009-04-10,03:00:00 AM,03:00:00,Hot-Wet
15.75028788,-19.13408407,LA5,2009-04-10,03:20:00 AM,03:20:00,Hot-Wet
15.75027466,-19.13409627,LA5,2009-04-10,03:40:00 AM,03:40:00,Hot-Wet
15.75026245,-19.13416951,LA5,2009-04-10,04:00:00 AM,04:00:00,Hot-Wet
15.75020854,-19.13418579,LA5,2009-04-10,04:20:00 AM,04:20:00,Hot-Wet
15.75015869,-19.13412476,LA5,2009-04-10,04:40:00 AM,04:40:00,Hot-Wet
15.75015869,-19.13412679,LA5,2009-04-10,05:00:00 AM,05:00:00,Hot-Wet
15.75026042,-19.13418579,LA5,2009-04-10,05:20:00 AM,05:20:00,Hot-Wet
15.75028788,-19.13417155,LA5,2009-04-10,05:40:00 AM,05:40:00,Hot-Wet
15.7508901,-19.13224894,LA5,2009-04-10,06:00:00 AM,06:00:00,Hot-Wet
15.75090027,-19.13225301,LA5,2009-04-10,06:20:00 AM,06:20:00,Hot-Wet
15.75109151,-19.13137207,LA5,2009-04-10,06:40:00 AM,06:40:00,Hot-Wet
15.75384928,-19.13069661,LA5,2009-04-10,07:00:00 AM,07:00:00,Hot-Wet
15.75639445,-19.12821859,LA5,2009-04-10,07:20:00 AM,07:20:00,Hot-Wet
15.75678304,-19.12698364,LA5,2009-04-10,07:40:00 AM,07:40:00,Hot-Wet
15.7568634,-19.12686768,LA5,2009-04-10,08:00:00 AM,08:00:00,Hot-Wet
15.7569224,-19.12544963,LA5,2009-04-10,08:20:00 AM,08:20:00,Hot-Wet
15.75692546,-19.12545776,LA5,2009-04-10,08:40:00 AM,08:40:00,Hot-Wet
15.75693461,-19.12544149,LA5,2009-04-10,09:00:00 AM,09:00:00,Hot-Wet
15.75692037,-19.12545369,LA5,2009-04-10,09:20:00 AM,09:20:00,Hot-Wet
15.75693868,-19.12545166,LA5,2009-04-10,09:40:00 AM,09:40:00,Hot-Wet
15.75693258,-19.1254598,LA5,2009-04-10,10:00:00 AM,10:00:00,Hot-Wet
15.7557546,-19.12682902,LA5,2009-04-10,10:20:00 AM,10:20:00,Hot-Wet
15.7557373,-19.12685547,LA5,2009-04-10,10:40:00 AM,10:40:00,Hot-Wet
15.75609233,-19.12760824,LA5,2009-04-10,11:00:00 AM,11:00:00,Hot-Wet
15.75693665,-19.1296285,LA5,2009-04-10,11:20:00 AM,11:20:00,Hot-Wet
15.76050822,-19.12973022,LA5,2009-04-10,11:40:00 AM,11:40:00,Hot-Wet
15.7605306,-19.12973226,LA5,2009-04-10,12:00:00 PM,12:00:00,Hot-Wet
15.75831299,-19.12825928,LA5,2009-04-10,12:20:00 PM,12:20:00,Hot-Wet
15.75563253,-19.12649333,LA5,2009-04-10,12:40:00 PM,12:40:00,Hot-Wet
15.75564372,-19.12650553,LA5,2009-04-10,01:00:00 PM,13:00:00,Hot-Wet
15.75614929,-19.12673543,LA5,2009-04-10,01:20:00 PM,13:20:00,Hot-Wet
15.756132,-19.12674764,LA5,2009-04-10,01:40:00 PM,13:40:00,Hot-Wet
15.75407003,-19.1275533,LA5,2009-04-10,02:00:00 PM,14:00:00,Hot-Wet
15.75596008,-19.13013102,LA5,2009-04-10,02:20:00 PM,14:20:00,Hot-Wet
15.75595907,-19.13013306,LA5,2009-04-10,02:40:00 PM,14:40:00,Hot-Wet
15.75696106,-19.13379313,LA5,2009-04-10,03:00:00 PM,15:00:00,Hot-Wet
15.75965169,-19.13771159,LA5,2009-04-10,03:20:00 PM,15:20:00,Hot-Wet
15.76490682,-19.134729,LA5,2009-04-10,03:40:00 PM,15:40:00,Hot-Wet
15.76209717,-19.13175659,LA5,2009-04-10,04:00:00 PM,16:00:00,Hot-Wet
15.75910441,-19.12824707,LA5,2009-04-10,04:20:00 PM,16:20:00,Hot-Wet
15.75301208,-19.12904053,LA5,2009-04-10,04:40:00 PM,16:40:00,Hot-Wet
15.75103048,-19.13154907,LA5,2009-04-10,05:00:00 PM,17:00:00,Hot-Wet
15.75088908,-19.13259074,LA5,2009-04-10,05:20:00 PM,17:20:00,Hot-Wet
15.74959412,-19.13660685,LA5,2009-04-10,05:40:00 PM,17:40:00,Hot-Wet
15.74996847,-19.13902995,LA5,2009-04-10,06:00:00 PM,18:00:00,Hot-Wet
15.74998067,-19.13904622,LA5,2009-04-10,06:20:00 PM,18:20:00,Hot-Wet
15.7502238,-19.14136353,LA5,2009-04-10,06:40:00 PM,18:40:00,Hot-Wet
15.7497996,-19.14702759,LA5,2009-04-10,07:00:00 PM,19:00:00,Hot-Wet
15.74766134,-19.14621785,LA5,2009-04-10,07:20:00 PM,19:20:00,Hot-Wet
15.74192301,-19.15094808,LA5,2009-04-10,07:40:00 PM,19:40:00,Hot-Wet
15.74192607,-19.15094198,LA5,2009-04-10,08:00:00 PM,20:00:00,Hot-Wet
15.7419637,-19.15144043,LA5,2009-04-10,08:20:00 PM,20:20:00,Hot-Wet
15.74275004,-19.15628459,LA5,2009-04-10,08:40:00 PM,20:40:00,Hot-Wet
15.74561666,-19.16117757,LA5,2009-04-10,09:00:00 PM,21:00:00,Hot-Wet
15.74744975,-19.16362915,LA5,2009-04-10,09:20:00 PM,21:20:00,Hot-Wet
15.75380046,-19.16811117,LA5,2009-04-10,09:40:00 PM,21:40:00,Hot-Wet
15.75715434,-19.17142334,LA5,2009-04-10,10:00:00 PM,22:00:00,Hot-Wet
15.75903015,-19.17270304,LA5,2009-04-10,10:20:00 PM,22:20:00,Hot-Wet
15.76433105,-19.17577515,LA5,2009-04-10,10:40:00 PM,22:40:00,Hot-Wet
15.76592509,-19.17814738,LA5,2009-04-10,11:00:00 PM,23:00:00,Hot-Wet
15.76855774,-19.18068848,LA5,2009-04-10,11:20:00 PM,23:20:00,Hot-Wet
15.76855977,-19.18068237,LA5,2009-04-10,11:40:00 PM,23:40:00,Hot-Wet
15.76866964,-19.18155111,LA5,2009-04-11,12:00:00 AM,00:00:00,Hot-Wet
15.77193095,-19.18494263,LA5,2009-04-11,12:20:00 AM,00:20:00,Hot-Wet
15.77301534,-19.18954468,LA5,2009-04-11,12:40:00 AM,00:40:00,Hot-Wet
15.77684123,-19.19643962,LA5,2009-04-11,01:00:00 AM,01:00:00,Hot-Wet
15.77724304,-19.19618734,LA5,2009-04-11,01:20:00 AM,01:20:00,Hot-Wet
15.77737834,-19.19621989,LA5,2009-04-11,01:40:00 AM,01:40:00,Hot-Wet
15.77736308,-19.19621785,LA5,2009-04-11,02:00:00 AM,02:00:00,Hot-Wet
15.78037821,-19.19940592,LA5,2009-04-11,02:20:00 AM,02:20:00,Hot-Wet
15.77908427,-19.20221558,LA5,2009-04-11,02:40:00 AM,02:40:00,Hot-Wet
15.77748413,-19.20576782,LA5,2009-04-11,03:00:00 AM,03:00:00,Hot-Wet
15.77535502,-19.20918376,LA5,2009-04-11,03:20:00 AM,03:20:00,Hot-Wet
15.77534892,-19.20917358,LA5,2009-04-11,03:40:00 AM,03:40:00,Hot-Wet
15.77535807,-19.20985718,LA5,2009-04-11,04:00:00 AM,04:00:00,Hot-Wet
15.77538249,-19.20985107,LA5,2009-04-11,04:20:00 AM,04:20:00,Hot-Wet
15.77538147,-19.20985718,LA5,2009-04-11,04:40:00 AM,04:40:00,Hot-Wet
15.7753835,-19.20984904,LA5,2009-04-11,05:00:00 AM,05:00:00,Hot-Wet
15.77537944,-19.20987956,LA5,2009-04-11,05:20:00 AM,05:20:00,Hot-Wet
15.7754008,-19.20990601,LA5,2009-04-11,05:40:00 AM,05:40:00,Hot-Wet
15.77461243,-19.20939941,LA5,2009-04-11,06:00:00 AM,06:00:00,Hot-Wet
15.77387187,-19.20927327,LA5,2009-04-11,06:20:00 AM,06:20:00,Hot-Wet
15.77301229,-19.20872599,LA5,2009-04-11,06:40:00 AM,06:40:00,Hot-Wet
15.77301229,-19.20872803,LA5,2009-04-11,07:00:00 AM,07:00:00,Hot-Wet
15.77342834,-19.20786743,LA5,2009-04-11,07:20:00 AM,07:20:00,Hot-Wet
15.77349955,-19.20727946,LA5,2009-04-11,07:40:00 AM,07:40:00,Hot-Wet
15.77435608,-19.20431112,LA5,2009-04-11,08:00:00 AM,08:00:00,Hot-Wet
15.77436218,-19.20431315,LA5,2009-04-11,08:20:00 AM,08:20:00,Hot-Wet
15.77528178,-19.20137736,LA5,2009-04-11,08:40:00 AM,08:40:00,Hot-Wet
15.77665507,-19.19468791,LA5,2009-04-11,09:00:00 AM,09:00:00,Hot-Wet
15.77668355,-19.19477336,LA5,2009-04-11,09:20:00 AM,09:20:00,Hot-Wet
15.77719727,-19.18726807,LA5,2009-04-11,09:40:00 AM,09:40:00,Hot-Wet
15.78154399,-19.17980957,LA5,2009-04-11,10:00:00 AM,10:00:00,Hot-Wet
15.78137716,-19.17838745,LA5,2009-04-11,10:20:00 AM,10:20:00,Hot-Wet
15.7791036,-19.17739258,LA5,2009-04-11,10:40:00 AM,10:40:00,Hot-Wet
15.77703451,-19.1754069,LA5,2009-04-11,11:00:00 AM,11:00:00,Hot-Wet
15.77479146,-19.17180176,LA5,2009-04-11,11:20:00 AM,11:20:00,Hot-Wet
15.7741038,-19.16924235,LA5,2009-04-11,11:40:00 AM,11:40:00,Hot-Wet
15.77413228,-19.16923828,LA5,2009-04-11,12:00:00 PM,12:00:00,Hot-Wet
15.77411906,-19.16922811,LA5,2009-04-11,12:20:00 PM,12:20:00,Hot-Wet
15.77412821,-19.16921794,LA5,2009-04-11,12:40:00 PM,12:40:00,Hot-Wet
15.77411906,-19.16921794,LA5,2009-04-11,01:00:00 PM,13:00:00,Hot-Wet
15.77412211,-19.16922811,LA5,2009-04-11,01:20:00 PM,13:20:00,Hot-Wet
15.77414144,-19.16920776,LA5,2009-04-11,01:40:00 PM,13:40:00,Hot-Wet
15.77705485,-19.16924032,LA5,2009-04-11,02:00:00 PM,14:00:00,Hot-Wet
15.78413086,-19.16900024,LA5,2009-04-11,02:20:00 PM,14:20:00,Hot-Wet
15.78776143,-19.1647054,LA5,2009-04-11,02:40:00 PM,14:40:00,Hot-Wet
15.78772481,-19.15936076,LA5,2009-04-11,03:00:00 PM,15:00:00,Hot-Wet
15.78382568,-19.156368,LA5,2009-04-11,03:20:00 PM,15:20:00,Hot-Wet
15.78393453,-19.15641276,LA5,2009-04-11,03:40:00 PM,15:40:00,Hot-Wet
15.77715556,-19.1504008,LA5,2009-04-11,04:00:00 PM,16:00:00,Hot-Wet
15.77359314,-19.14943848,LA5,2009-04-11,04:20:00 PM,16:20:00,Hot-Wet
15.76905924,-19.14437663,LA5,2009-04-11,04:40:00 PM,16:40:00,Hot-Wet
15.76904093,-19.1443929,LA5,2009-04-11,05:00:00 PM,17:00:00,Hot-Wet
15.76408488,-19.14286906,LA5,2009-04-11,05:20:00 PM,17:20:00,Hot-Wet
15.7596934,-19.14104818,LA5,2009-04-11,05:40:00 PM,17:40:00,Hot-Wet
15.75660299,-19.141038,LA5,2009-04-11,06:00:00 PM,18:00:00,Hot-Wet
15.75132751,-19.13942464,LA5,2009-04-11,06:20:00 PM,18:20:00,Hot-Wet
15.74832458,-19.1389506,LA5,2009-04-11,06:40:00 PM,18:40:00,Hot-Wet
15.74523926,-19.14080811,LA5,2009-04-11,07:00:00 PM,19:00:00,Hot-Wet
15.74523519,-19.14078776,LA5,2009-04-11,07:20:00 PM,19:20:00,Hot-Wet
15.74464722,-19.14533895,LA5,2009-04-11,07:40:00 PM,19:40:00,Hot-Wet
15.7429657,-19.14815267,LA5,2009-04-11,08:00:00 PM,20:00:00,Hot-Wet
15.742099,-19.15112508,LA5,2009-04-11,08:20:00 PM,20:20:00,Hot-Wet
15.73954569,-19.15454712,LA5,2009-04-11,08:40:00 PM,20:40:00,Hot-Wet
15.73660583,-19.15882568,LA5,2009-04-11,09:00:00 PM,21:00:00,Hot-Wet
15.73439433,-19.16131999,LA5,2009-04-11,09:20:00 PM,21:20:00,Hot-Wet
15.7343394,-19.16406657,LA5,2009-04-11,09:40:00 PM,21:40:00,Hot-Wet
15.73337199,-19.16789754,LA5,2009-04-11,10:00:00 PM,22:00:00,Hot-Wet
15.73338216,-19.16790365,LA5,2009-04-11,10:20:00 PM,22:20:00,Hot-Wet
15.73287659,-19.17320353,LA5,2009-04-11,10:40:00 PM,22:40:00,Hot-Wet
15.73285014,-19.17318319,LA5,2009-04-11,11:00:00 PM,23:00:00,Hot-Wet
15.7353658,-19.17632446,LA5,2009-04-11,11:20:00 PM,23:20:00,Hot-Wet
15.73726807,-19.1788147,LA5,2009-04-11,11:40:00 PM,23:40:00,Hot-Wet
15.73890788,-19.17920939,LA5,2009-04-12,12:00:00 AM,00:00:00,Hot-Wet
15.74218852,-19.18093465,LA5,2009-04-12,12:20:00 AM,00:20:00,Hot-Wet
15.74383647,-19.18186035,LA5,2009-04-12,12:40:00 AM,00:40:00,Hot-Wet
15.74618327,-19.18245443,LA5,2009-04-12,01:00:00 AM,01:00:00,Hot-Wet
15.7506134,-19.18276164,LA5,2009-04-12,01:20:00 AM,01:20:00,Hot-Wet
15.75285746,-19.18233643,LA5,2009-04-12,01:40:00 AM,01:40:00,Hot-Wet
15.75635681,-19.18537394,LA5,2009-04-12,02:00:00 AM,02:00:00,Hot-Wet
15.7564504,-19.18607788,LA5,2009-04-12,02:20:00 AM,02:20:00,Hot-Wet
15.7564504,-19.18607992,LA5,2009-04-12,02:40:00 AM,02:40:00,Hot-Wet
15.75666402,-19.18614502,LA5,2009-04-12,03:00:00 AM,03:00:00,Hot-Wet
15.75665283,-19.18614095,LA5,2009-04-12,03:20:00 AM,03:20:00,Hot-Wet
15.75678711,-19.18628743,LA5,2009-04-12,03:40:00 AM,03:40:00,Hot-Wet
15.75677389,-19.18627116,LA5,2009-04-12,04:00:00 AM,04:00:00,Hot-Wet
15.75677185,-19.18627319,LA5,2009-04-12,04:20:00 AM,04:20:00,Hot-Wet
15.75677795,-19.18626709,LA5,2009-04-12,04:40:00 AM,04:40:00,Hot-Wet
15.75687663,-19.18636475,LA5,2009-04-12,05:00:00 AM,05:00:00,Hot-Wet
15.75688477,-19.18636678,LA5,2009-04-12,05:20:00 AM,05:20:00,Hot-Wet
15.75914408,-19.18739014,LA5,2009-04-12,05:40:00 AM,05:40:00,Hot-Wet
15.76468811,-19.19012044,LA5,2009-04-12,06:00:00 AM,06:00:00,Hot-Wet
15.7711141,-19.19351603,LA5,2009-04-12,06:20:00 AM,06:20:00,Hot-Wet
15.77676799,-19.19661458,LA5,2009-04-12,06:40:00 AM,06:40:00,Hot-Wet
15.78032837,-19.19846191,LA5,2009-04-12,07:00:00 AM,07:00:00,Hot-Wet
15.78679097,-19.20602214,LA5,2009-04-12,07:20:00 AM,07:20:00,Hot-Wet
15.78931885,-19.21072591,LA5,2009-04-12,07:40:00 AM,07:40:00,Hot-Wet
15.79194641,-19.21020101,LA5,2009-04-12,08:00:00 AM,08:00:00,Hot-Wet
15.79211019,-19.21381226,LA5,2009-04-12,08:20:00 AM,08:20:00,Hot-Wet
15.79391073,-19.21336873,LA5,2009-04-12,08:40:00 AM,08:40:00,Hot-Wet
15.7939738,-19.2100057,LA5,2009-04-12,09:00:00 AM,09:00:00,Hot-Wet
15.79397888,-19.2100057,LA5,2009-04-12,09:20:00 AM,09:20:00,Hot-Wet
15.79720662,-19.20969035,LA5,2009-04-12,09:40:00 AM,09:40:00,Hot-Wet
15.79753723,-19.2109904,LA5,2009-04-12,10:00:00 AM,10:00:00,Hot-Wet
15.79742025,-19.21212362,LA5,2009-04-12,10:20:00 AM,10:20:00,Hot-Wet
15.79600016,-19.21227214,LA5,2009-04-12,10:40:00 AM,10:40:00,Hot-Wet
15.79520772,-19.21135254,LA5,2009-04-12,11:00:00 AM,11:00:00,Hot-Wet
15.79515381,-19.21131999,LA5,2009-04-12,11:20:00 AM,11:20:00,Hot-Wet
15.79247131,-19.20953776,LA5,2009-04-12,11:40:00 AM,11:40:00,Hot-Wet
15.78762207,-19.20771077,LA5,2009-04-12,12:00:00 PM,12:00:00,Hot-Wet
15.78760885,-19.20772502,LA5,2009-04-12,12:20:00 PM,12:20:00,Hot-Wet
15.78821513,-19.20693359,LA5,2009-04-12,12:40:00 PM,12:40:00,Hot-Wet
15.79293111,-19.20303141,LA5,2009-04-12,01:00:00 PM,13:00:00,Hot-Wet
15.80018819,-19.2028951,LA5,2009-04-12,01:20:00 PM,13:20:00,Hot-Wet
15.80565694,-19.20146891,LA5,2009-04-12,01:40:00 PM,13:40:00,Hot-Wet
15.80599365,-19.20148315,LA5,2009-04-12,02:00:00 PM,14:00:00,Hot-Wet
15.80617981,-19.20230306,LA5,2009-04-12,02:20:00 PM,14:20:00,Hot-Wet
15.80618286,-19.20230103,LA5,2009-04-12,02:40:00 PM,14:40:00,Hot-Wet
15.80635173,-19.20253499,LA5,2009-04-12,03:00:00 PM,15:00:00,Hot-Wet
15.80907593,-19.20141602,LA5,2009-04-12,03:20:00 PM,15:20:00,Hot-Wet
15.81105245,-19.20262451,LA5,2009-04-12,03:40:00 PM,15:40:00,Hot-Wet
15.81349792,-19.20311076,LA5,2009-04-12,04:00:00 PM,16:00:00,Hot-Wet
15.81826986,-19.20231527,LA5,2009-04-12,04:20:00 PM,16:20:00,Hot-Wet
15.8202006,-19.20085246,LA5,2009-04-12,04:40:00 PM,16:40:00,Hot-Wet
15.82640991,-19.19811808,LA5,2009-04-12,05:00:00 PM,17:00:00,Hot-Wet
15.8367808,-19.19278768,LA5,2009-04-12,05:20:00 PM,17:20:00,Hot-Wet
15.83677572,-19.19279378,LA5,2009-04-12,05:40:00 PM,17:40:00,Hot-Wet
15.84131775,-19.18956909,LA5,2009-04-12,06:00:00 PM,18:00:00,Hot-Wet
15.84409993,-19.18899333,LA5,2009-04-12,06:20:00 PM,18:20:00,Hot-Wet
15.84793193,-19.18819987,LA5,2009-04-12,06:40:00 PM,18:40:00,Hot-Wet
15.85181681,-19.18782959,LA5,2009-04-12,07:00:00 PM,19:00:00,Hot-Wet
15.85238953,-19.18962606,LA5,2009-04-12,07:20:00 PM,19:20:00,Hot-Wet
15.85716553,-19.18890991,LA5,2009-04-12,07:40:00 PM,19:40:00,Hot-Wet
15.8614563,-19.19087728,LA5,2009-04-12,08:00:00 PM,20:00:00,Hot-Wet
15.86480916,-19.19041138,LA5,2009-04-12,08:20:00 PM,20:20:00,Hot-Wet
15.87168986,-19.18959554,LA5,2009-04-12,08:40:00 PM,20:40:00,Hot-Wet
15.88061523,-19.19075114,LA5,2009-04-12,09:00:00 PM,21:00:00,Hot-Wet
15.88895569,-19.18827718,LA5,2009-04-12,09:20:00 PM,21:20:00,Hot-Wet
15.89874369,-19.18551229,LA5,2009-04-12,09:40:00 PM,21:40:00,Hot-Wet
15.90709025,-19.18323364,LA5,2009-04-12,10:00:00 PM,22:00:00,Hot-Wet
15.91307475,-19.1850647,LA5,2009-04-12,10:20:00 PM,22:20:00,Hot-Wet
15.90683085,-19.18885091,LA5,2009-04-12,10:40:00 PM,22:40:00,Hot-Wet
15.90280253,-19.19678345,LA5,2009-04-12,11:00:00 PM,23:00:00,Hot-Wet
15.89718933,-19.20126953,LA5,2009-04-12,11:20:00 PM,23:20:00,Hot-Wet
15.8894399,-19.20574137,LA5,2009-04-12,11:40:00 PM,23:40:00,Hot-Wet
15.88946533,-19.20568441,LA5,2009-04-13,12:00:38 AM,00:00:00,Hot-Wet
15.88067322,-19.21170654,LA5,2009-04-13,12:20:38 AM,00:20:00,Hot-Wet
15.87513224,-19.21621908,LA5,2009-04-13,01:00:38 AM,01:00:00,Hot-Wet
15.87105509,-19.22345988,LA5,2009-04-13,01:20:38 AM,01:20:00,Hot-Wet
15.86969503,-19.22878825,LA5,2009-04-13,01:40:38 AM,01:40:00,Hot-Wet
15.86706746,-19.23358765,LA5,2009-04-13,02:00:38 AM,02:00:00,Hot-Wet
15.86583761,-19.23736369,LA5,2009-04-13,02:20:38 AM,02:20:00,Hot-Wet
15.86583761,-19.23737386,LA5,2009-04-13,02:40:38 AM,02:40:00,Hot-Wet
15.86588847,-19.23723551,LA5,2009-04-13,03:00:38 AM,03:00:00,Hot-Wet
15.86582947,-19.23719279,LA5,2009-04-13,03:20:38 AM,03:20:00,Hot-Wet
15.86585795,-19.23718262,LA5,2009-04-13,03:40:38 AM,03:40:00,Hot-Wet
15.86582235,-19.237146,LA5,2009-04-13,04:00:38 AM,04:00:00,Hot-Wet
15.86582031,-19.2369873,LA5,2009-04-13,04:20:38 AM,04:20:00,Hot-Wet
15.86586711,-19.23719279,LA5,2009-04-13,04:40:38 AM,04:40:00,Hot-Wet
15.86581726,-19.23721517,LA5,2009-04-13,05:00:38 AM,05:00:00,Hot-Wet
15.8659668,-19.23812459,LA5,2009-04-13,05:20:38 AM,05:20:00,Hot-Wet
15.86442159,-19.23963623,LA5,2009-04-13,05:40:38 AM,05:40:00,Hot-Wet
15.86254272,-19.24296672,LA5,2009-04-13,06:00:38 AM,06:00:00,Hot-Wet
15.8617391,-19.24224447,LA5,2009-04-13,06:20:38 AM,06:20:00,Hot-Wet
15.85920105,-19.24667765,LA5,2009-04-13,06:40:38 AM,06:40:00,Hot-Wet
15.85788371,-19.2503479,LA5,2009-04-13,07:00:38 AM,07:00:00,Hot-Wet
15.85652873,-19.25316976,LA5,2009-04-13,07:20:38 AM,07:20:00,Hot-Wet
15.8559021,-19.25384521,LA5,2009-04-13,07:40:38 AM,07:40:00,Hot-Wet
15.85537109,-19.25443319,LA5,2009-04-13,08:00:38 AM,08:00:00,Hot-Wet
15.85566305,-19.25526123,LA5,2009-04-13,08:20:38 AM,08:20:00,Hot-Wet
15.85422872,-19.25587972,LA5,2009-04-13,08:40:38 AM,08:40:00,Hot-Wet
15.85437826,-19.2539388,LA5,2009-04-13,09:00:38 AM,09:00:00,Hot-Wet
15.85504862,-19.25085653,LA5,2009-04-13,09:20:38 AM,09:20:00,Hot-Wet
15.8552297,-19.24912516,LA5,2009-04-13,09:40:38 AM,09:40:00,Hot-Wet
15.8570872,-19.2466512,LA5,2009-04-13,10:00:38 AM,10:00:00,Hot-Wet
15.8591451,-19.24556478,LA5,2009-04-13,10:20:38 AM,10:20:00,Hot-Wet
15.86164958,-19.24764608,LA5,2009-04-13,10:40:38 AM,10:40:00,Hot-Wet
15.86220093,-19.24969076,LA5,2009-04-13,11:00:38 AM,11:00:00,Hot-Wet
15.86212769,-19.2537618,LA5,2009-04-13,11:20:38 AM,11:20:00,Hot-Wet
15.86213175,-19.25435588,LA5,2009-04-13,11:40:38 AM,11:40:00,Hot-Wet
15.86541545,-19.25788981,LA5,2009-04-13,12:00:38 PM,12:00:00,Hot-Wet
15.86885376,-19.25753581,LA5,2009-04-13,12:20:38 PM,12:20:00,Hot-Wet
15.87169495,-19.25730998,LA5,2009-04-13,12:40:38 PM,12:40:00,Hot-Wet
15.87489624,-19.25876465,LA5,2009-04-13,01:00:38 PM,13:00:00,Hot-Wet
15.88086141,-19.25858968,LA5,2009-04-13,01:20:38 PM,13:20:00,Hot-Wet
15.88447469,-19.25967,LA5,2009-04-13,01:40:38 PM,13:40:00,Hot-Wet
15.88532104,-19.26085612,LA5,2009-04-13,02:00:38 PM,14:00:00,Hot-Wet
15.88490601,-19.26411336,LA5,2009-04-13,02:20:38 PM,14:20:00,Hot-Wet
15.8883311,-19.26541341,LA5,2009-04-13,02:40:38 PM,14:40:00,Hot-Wet
15.88959554,-19.26624552,LA5,2009-04-13,03:00:38 PM,15:00:00,Hot-Wet
15.89257914,-19.26747437,LA5,2009-04-13,03:20:38 PM,15:20:00,Hot-Wet
15.89564311,-19.26686198,LA5,2009-04-13,03:40:38 PM,15:40:00,Hot-Wet
15.89606934,-19.26864217,LA5,2009-04-13,04:00:38 PM,16:00:00,Hot-Wet
15.89590352,-19.2700297,LA5,2009-04-13,04:20:38 PM,16:20:00,Hot-Wet
15.89957581,-19.27484538,LA5,2009-04-13,04:40:38 PM,16:40:00,Hot-Wet
15.90384928,-19.28055623,LA5,2009-04-13,05:00:38 PM,17:00:00,Hot-Wet
15.91035156,-19.28953451,LA5,2009-04-13,05:20:38 PM,17:20:00,Hot-Wet
15.91445211,-19.29383341,LA5,2009-04-13,05:40:38 PM,17:40:00,Hot-Wet
15.91445313,-19.29383138,LA5,2009-04-13,06:00:38 PM,18:00:00,Hot-Wet
15.92378947,-19.29892985,LA5,2009-04-13,06:20:38 PM,18:20:00,Hot-Wet
15.92377726,-19.29891968,LA5,2009-04-13,06:40:38 PM,18:40:00,Hot-Wet
15.92788086,-19.30569051,LA5,2009-04-13,07:00:38 PM,19:00:00,Hot-Wet
15.93314616,-19.31121216,LA5,2009-04-13,07:20:38 PM,19:20:00,Hot-Wet
15.93930664,-19.31318359,LA5,2009-04-13,07:40:38 PM,19:40:00,Hot-Wet
15.94083964,-19.31612142,LA5,2009-04-13,08:00:38 PM,20:00:00,Hot-Wet
15.94216309,-19.31650391,LA5,2009-04-13,08:20:38 PM,20:20:00,Hot-Wet
15.94221191,-19.31411336,LA5,2009-04-13,08:40:38 PM,20:40:00,Hot-Wet
15.9426829,-19.31241659,LA5,2009-04-13,09:00:38 PM,21:00:00,Hot-Wet
15.94310303,-19.31173706,LA5,2009-04-13,09:20:38 PM,21:20:00,Hot-Wet
15.94538879,-19.31148478,LA5,2009-04-13,09:40:38 PM,21:40:00,Hot-Wet
15.95114848,-19.31148275,LA5,2009-04-13,10:00:38 PM,22:00:00,Hot-Wet
15.95282491,-19.31079102,LA5,2009-04-13,10:20:38 PM,22:20:00,Hot-Wet
15.9565155,-19.31252645,LA5,2009-04-13,10:40:38 PM,22:40:00,Hot-Wet
15.959493,-19.31349487,LA5,2009-04-13,11:00:38 PM,23:00:00,Hot-Wet
15.96536255,-19.31361084,LA5,2009-04-13,11:20:38 PM,23:20:00,Hot-Wet
15.96779277,-19.31354574,LA5,2009-04-13,11:40:38 PM,23:40:00,Hot-Wet
15.96900228,-19.31258952,LA5,2009-04-14,12:00:38 AM,00:00:00,Hot-Wet
15.97197673,-19.3133606,LA5,2009-04-14,12:20:38 AM,00:20:00,Hot-Wet
15.97245585,-19.31386312,LA5,2009-04-14,12:40:38 AM,00:40:00,Hot-Wet
15.97211507,-19.31425985,LA5,2009-04-14,01:00:38 AM,01:00:00,Hot-Wet
15.97172038,-19.31495565,LA5,2009-04-14,01:20:38 AM,01:20:00,Hot-Wet
15.97176107,-19.31507161,LA5,2009-04-14,01:40:38 AM,01:40:00,Hot-Wet
15.97173258,-19.31506348,LA5,2009-04-14,02:00:38 AM,02:00:00,Hot-Wet
15.97170512,-19.31503906,LA5,2009-04-14,02:20:38 AM,02:20:00,Hot-Wet
15.97119548,-19.31562093,LA5,2009-04-14,02:40:38 AM,02:40:00,Hot-Wet
15.97117106,-19.31559448,LA5,2009-04-14,03:00:38 AM,03:00:00,Hot-Wet
15.97117106,-19.31560872,LA5,2009-04-14,03:20:51 AM,03:20:00,Hot-Wet
15.97118225,-19.3156189,LA5,2009-04-14,03:40:51 AM,03:40:00,Hot-Wet
15.97110494,-19.31558228,LA5,2009-04-14,04:00:38 AM,04:00:00,Hot-Wet
15.97117411,-19.31568807,LA5,2009-04-14,04:20:38 AM,04:20:00,Hot-Wet
15.97117004,-19.31568604,LA5,2009-04-14,04:40:38 AM,04:40:00,Hot-Wet
15.97113037,-19.31566162,LA5,2009-04-14,05:00:38 AM,05:00:00,Hot-Wet
15.97258809,-19.31602987,LA5,2009-04-14,05:20:38 AM,05:20:00,Hot-Wet
15.97454732,-19.31512451,LA5,2009-04-14,05:40:38 AM,05:40:00,Hot-Wet
15.97630005,-19.31035563,LA5,2009-04-14,06:00:38 AM,06:00:00,Hot-Wet
15.97886556,-19.3071818,LA5,2009-04-14,06:20:38 AM,06:20:00,Hot-Wet
15.98761698,-19.30499471,LA5,2009-04-14,06:40:38 AM,06:40:00,Hot-Wet
15.99572754,-19.30274862,LA5,2009-04-14,07:00:38 AM,07:00:00,Hot-Wet
16.00075582,-19.29842122,LA5,2009-04-14,07:20:38 AM,07:20:00,Hot-Wet
16.0040273,-19.29871419,LA5,2009-04-14,07:40:38 AM,07:40:00,Hot-Wet
16.00733948,-19.29597168,LA5,2009-04-14,08:00:38 AM,08:00:00,Hot-Wet
16.01200358,-19.29304199,LA5,2009-04-14,08:20:38 AM,08:20:00,Hot-Wet
16.02325134,-19.29161174,LA5,2009-04-14,08:40:38 AM,08:40:00,Hot-Wet
16.03720398,-19.29151611,LA5,2009-04-14,09:00:38 AM,09:00:00,Hot-Wet
16.04258321,-19.28968913,LA5,2009-04-14,09:20:38 AM,09:20:00,Hot-Wet
16.0473704,-19.28950399,LA5,2009-04-14,09:40:38 AM,09:40:00,Hot-Wet
16.05168355,-19.28985392,LA5,2009-04-14,10:00:38 AM,10:00:00,Hot-Wet
16.05260518,-19.28891195,LA5,2009-04-14,10:20:38 AM,10:20:00,Hot-Wet
16.05284729,-19.28754679,LA5,2009-04-14,10:40:38 AM,10:40:00,Hot-Wet
16.05443726,-19.28584798,LA5,2009-04-14,11:00:38 AM,11:00:00,Hot-Wet
16.05662842,-19.28823039,LA5,2009-04-14,11:20:38 AM,11:20:00,Hot-Wet
16.06309509,-19.29125773,LA5,2009-04-14,11:40:38 AM,11:40:00,Hot-Wet
16.06588338,-19.29088745,LA5,2009-04-14,12:00:38 PM,12:00:00,Hot-Wet
16.07009989,-19.29146932,LA5,2009-04-14,12:20:38 PM,12:20:00,Hot-Wet
16.07415975,-19.29291585,LA5,2009-04-14,12:40:38 PM,12:40:00,Hot-Wet
16.08036906,-19.29953003,LA5,2009-04-14,01:00:38 PM,13:00:00,Hot-Wet
16.08891398,-19.30523478,LA5,2009-04-14,01:20:38 PM,13:20:00,Hot-Wet
16.08957316,-19.30755819,LA5,2009-04-14,01:40:38 PM,13:40:00,Hot-Wet
16.08597209,-19.30897624,LA5,2009-04-14,02:00:38 PM,14:00:00,Hot-Wet
16.08048604,-19.31384888,LA5,2009-04-14,02:20:38 PM,14:20:00,Hot-Wet
16.07734985,-19.31679688,LA5,2009-04-14,02:40:38 PM,14:40:00,Hot-Wet
16.07432963,-19.32160238,LA5,2009-04-14,03:00:38 PM,15:00:00,Hot-Wet
16.0703481,-19.32396444,LA5,2009-04-14,03:20:00 PM,15:20:00,Hot-Wet
16.07042135,-19.32395833,LA5,2009-04-14,03:40:38 PM,15:40:00,Hot-Wet
16.06627604,-19.32581584,LA5,2009-04-14,04:00:38 PM,16:00:00,Hot-Wet
16.06275024,-19.32797648,LA5,2009-04-14,04:20:38 PM,16:20:00,Hot-Wet
16.06067912,-19.33024699,LA5,2009-04-14,04:40:38 PM,16:40:00,Hot-Wet
16.05989685,-19.33406372,LA5,2009-04-14,05:00:38 PM,17:00:00,Hot-Wet
16.06028849,-19.33562215,LA5,2009-04-14,05:20:38 PM,17:20:00,Hot-Wet
16.06028646,-19.33561808,LA5,2009-04-14,05:40:38 PM,17:40:00,Hot-Wet
16.06039022,-19.33881022,LA5,2009-04-14,06:00:38 PM,18:00:00,Hot-Wet
16.05898234,-19.34146118,LA5,2009-04-14,06:20:38 PM,18:20:00,Hot-Wet
16.05958862,-19.3415568,LA5,2009-04-14,06:40:38 PM,18:40:00,Hot-Wet
16.05973816,-19.34209391,LA5,2009-04-14,07:00:38 PM,19:00:00,Hot-Wet
16.05903117,-19.34324748,LA5,2009-04-14,07:20:38 PM,19:20:00,Hot-Wet
16.05874736,-19.34395752,LA5,2009-04-14,07:40:38 PM,19:40:00,Hot-Wet
16.05881042,-19.34444173,LA5,2009-04-14,08:00:38 PM,20:00:00,Hot-Wet
16.05913188,-19.34451497,LA5,2009-04-14,08:20:38 PM,20:20:00,Hot-Wet
16.05940145,-19.34441732,LA5,2009-04-14,08:40:38 PM,20:40:00,Hot-Wet
16.0591746,-19.34435425,LA5,2009-04-14,09:00:38 PM,21:00:00,Hot-Wet
16.05858765,-19.34408162,LA5,2009-04-14,09:20:38 PM,21:20:00,Hot-Wet
16.05772807,-19.34427083,LA5,2009-04-14,09:40:38 PM,21:40:00,Hot-Wet
16.05597941,-19.34534709,LA5,2009-04-14,10:00:38 PM,22:00:00,Hot-Wet
16.0509613,-19.34422811,LA5,2009-04-14,10:20:38 PM,22:20:00,Hot-Wet
16.04949849,-19.3417806,LA5,2009-04-14,10:40:38 PM,22:40:00,Hot-Wet
16.04934794,-19.33970947,LA5,2009-04-14,11:00:38 PM,23:00:00,Hot-Wet
16.04874064,-19.33776652,LA5,2009-04-14,11:20:38 PM,23:20:00,Hot-Wet
16.04760844,-19.33592326,LA5,2009-04-14,11:40:38 PM,23:40:00,Hot-Wet
16.04771932,-19.33446248,LA5,2009-04-15,12:00:38 AM,00:00:00,Hot-Wet
16.04506327,-19.33149414,LA5,2009-04-15,12:20:38 AM,00:20:00,Hot-Wet
16.04430644,-19.32930501,LA5,2009-04-15,12:40:38 AM,00:40:00,Hot-Wet
16.04424337,-19.32790527,LA5,2009-04-15,01:00:38 AM,01:00:00,Hot-Wet
16.04431254,-19.32743734,LA5,2009-04-15,01:20:38 AM,01:20:00,Hot-Wet
16.04432678,-19.32744548,LA5,2009-04-15,01:40:38 AM,01:40:00,Hot-Wet
16.04407857,-19.32686157,LA5,2009-04-15,02:00:38 AM,02:00:00,Hot-Wet
16.04408366,-19.32686157,LA5,2009-04-15,02:20:38 AM,02:20:00,Hot-Wet
16.04428609,-19.32664795,LA5,2009-04-15,02:40:38 AM,02:40:00,Hot-Wet
16.04428609,-19.3266805,LA5,2009-04-15,03:00:38 AM,03:00:00,Hot-Wet
16.04430339,-19.32667847,LA5,2009-04-15,03:20:38 AM,03:20:00,Hot-Wet
16.04430237,-19.3266744,LA5,2009-04-15,03:40:38 AM,03:40:00,Hot-Wet
16.04429932,-19.32669474,LA5,2009-04-15,04:00:38 AM,04:00:00,Hot-Wet
16.04428202,-19.3266866,LA5,2009-04-15,04:20:38 AM,04:20:00,Hot-Wet
16.04428406,-19.32667847,LA5,2009-04-15,04:40:38 AM,04:40:00,Hot-Wet
16.0440745,-19.32502238,LA5,2009-04-15,05:00:38 AM,05:00:00,Hot-Wet
16.04508769,-19.32378947,LA5,2009-04-15,05:20:38 AM,05:20:00,Hot-Wet
16.04643351,-19.32196248,LA5,2009-04-15,05:40:38 AM,05:40:00,Hot-Wet
16.04816081,-19.32087606,LA5,2009-04-15,06:00:38 AM,06:00:00,Hot-Wet
16.05087687,-19.318455,LA5,2009-04-15,06:20:38 AM,06:20:00,Hot-Wet
16.05389608,-19.31628418,LA5,2009-04-15,06:40:38 AM,06:40:00,Hot-Wet
16.05580648,-19.31401774,LA5,2009-04-15,07:00:38 AM,07:00:00,Hot-Wet
16.05923767,-19.31178996,LA5,2009-04-15,07:20:38 AM,07:20:00,Hot-Wet
16.06601054,-19.31024373,LA5,2009-04-15,07:40:38 AM,07:40:00,Hot-Wet
16.07192179,-19.31018473,LA5,2009-04-15,08:00:38 AM,08:00:00,Hot-Wet
16.08035278,-19.3132487,LA5,2009-04-15,08:20:38 AM,08:20:00,Hot-Wet
16.08724365,-19.30890706,LA5,2009-04-15,08:40:38 AM,08:40:00,Hot-Wet
16.0914266,-19.30581462,LA5,2009-04-15,09:00:38 AM,09:00:00,Hot-Wet
16.08903097,-19.30238444,LA5,2009-04-15,09:20:38 AM,09:20:00,Hot-Wet
16.08445231,-19.29117635,LA5,2009-04-15,09:40:38 AM,09:40:00,Hot-Wet
16.08444824,-19.29118245,LA5,2009-04-15,10:00:38 AM,10:00:00,Hot-Wet
16.08395691,-19.28783976,LA5,2009-04-15,10:20:38 AM,10:20:00,Hot-Wet
16.08340352,-19.28704427,LA5,2009-04-15,10:40:38 AM,10:40:00,Hot-Wet
16.08211873,-19.28426107,LA5,2009-04-15,11:00:38 AM,11:00:00,Hot-Wet
16.08091125,-19.28278809,LA5,2009-04-15,11:20:38 AM,11:20:00,Hot-Wet
16.0799235,-19.28198446,LA5,2009-04-15,11:40:38 AM,11:40:00,Hot-Wet
16.08071289,-19.28069051,LA5,2009-04-15,12:00:38 PM,12:00:00,Hot-Wet
16.08220317,-19.2793986,LA5,2009-04-15,12:20:38 PM,12:20:00,Hot-Wet
16.08815816,-19.2752299,LA5,2009-04-15,12:40:38 PM,12:40:00,Hot-Wet
16.08607178,-19.27477214,LA5,2009-04-15,01:00:38 PM,13:00:00,Hot-Wet
16.0812439,-19.27398682,LA5,2009-04-15,01:20:38 PM,13:20:00,Hot-Wet
16.07658691,-19.27529704,LA5,2009-04-15,01:40:38 PM,13:40:00,Hot-Wet
16.07100423,-19.27897339,LA5,2009-04-15,02:00:38 PM,14:00:00,Hot-Wet
16.06979777,-19.27911174,LA5,2009-04-15,02:20:38 PM,14:20:00,Hot-Wet
16.06959635,-19.28007609,LA5,2009-04-15,02:40:38 PM,14:40:00,Hot-Wet
16.06684774,-19.27961629,LA5,2009-04-15,03:00:38 PM,15:00:00,Hot-Wet
16.06210022,-19.28327637,LA5,2009-04-15,03:20:38 PM,15:20:00,Hot-Wet
16.06209412,-19.28327026,LA5,2009-04-15,03:40:38 PM,15:40:00,Hot-Wet
16.06017253,-19.283962,LA5,2009-04-15,04:00:38 PM,16:00:00,Hot-Wet
16.05780029,-19.28443807,LA5,2009-04-15,04:20:38 PM,16:20:00,Hot-Wet
16.05702413,-19.28512777,LA5,2009-04-15,04:40:38 PM,16:40:00,Hot-Wet
16.05268046,-19.28787638,LA5,2009-04-15,05:00:38 PM,17:00:00,Hot-Wet
16.05241089,-19.2888855,LA5,2009-04-15,05:20:38 PM,17:20:00,Hot-Wet
16.05199382,-19.28858236,LA5,2009-04-15,05:40:38 PM,17:40:00,Hot-Wet
16.05007731,-19.28713379,LA5,2009-04-15,06:00:38 PM,18:00:00,Hot-Wet
16.05007121,-19.28712972,LA5,2009-04-15,06:20:38 PM,18:20:00,Hot-Wet
16.04981893,-19.28600057,LA5,2009-04-15,06:40:38 PM,18:40:00,Hot-Wet
16.05051575,-19.28618164,LA5,2009-04-15,07:00:38 PM,19:00:00,Hot-Wet
16.05163269,-19.28597005,LA5,2009-04-15,07:20:38 PM,19:20:00,Hot-Wet
16.05161438,-19.28695679,LA5,2009-04-15,07:40:38 PM,19:40:00,Hot-Wet
16.05198568,-19.28738607,LA5,2009-04-15,08:00:38 PM,20:00:00,Hot-Wet
16.05164998,-19.28837891,LA5,2009-04-15,08:20:38 PM,20:20:00,Hot-Wet
16.05064087,-19.28978068,LA5,2009-04-15,08:40:38 PM,20:40:00,Hot-Wet
16.04896139,-19.28919067,LA5,2009-04-15,09:00:38 PM,21:00:00,Hot-Wet
16.04673869,-19.28834432,LA5,2009-04-15,09:20:38 PM,21:20:00,Hot-Wet
16.04639384,-19.28820394,LA5,2009-04-15,09:40:38 PM,21:40:00,Hot-Wet
16.04536438,-19.28809814,LA5,2009-04-15,10:00:38 PM,22:00:00,Hot-Wet
16.04537659,-19.28808187,LA5,2009-04-15,10:20:38 PM,22:20:00,Hot-Wet
16.04539083,-19.28810628,LA5,2009-04-15,10:40:38 PM,22:40:00,Hot-Wet
16.0444814,-19.28815308,LA5,2009-04-15,11:00:38 PM,23:00:00,Hot-Wet
16.04370829,-19.28798421,LA5,2009-04-15,11:20:38 PM,23:20:00,Hot-Wet
16.04272766,-19.28758952,LA5,2009-04-15,11:40:38 PM,23:40:00,Hot-Wet
16.0425944,-19.28746948,LA5,2009-04-16,12:00:38 AM,00:00:00,Hot-Wet
16.04248556,-19.28719482,LA5,2009-04-16,12:20:38 AM,00:20:00,Hot-Wet
16.04181213,-19.28560588,LA5,2009-04-16,12:40:38 AM,00:40:00,Hot-Wet
16.04084574,-19.28406169,LA5,2009-04-16,01:00:38 AM,01:00:00,Hot-Wet
16.04078776,-19.28404744,LA5,2009-04-16,01:20:38 AM,01:20:00,Hot-Wet
16.04078674,-19.28407796,LA5,2009-04-16,01:40:38 AM,01:40:00,Hot-Wet
16.04078267,-19.28405355,LA5,2009-04-16,02:00:38 AM,02:00:00,Hot-Wet
16.04077657,-19.28404338,LA5,2009-04-16,02:20:38 AM,02:20:00,Hot-Wet
16.04077047,-19.28407593,LA5,2009-04-16,02:40:38 AM,02:40:00,Hot-Wet
16.0401652,-19.28422241,LA5,2009-04-16,03:00:45 AM,03:00:00,Hot-Wet
16.04016825,-19.28422648,LA5,2009-04-16,03:20:38 AM,03:20:00,Hot-Wet
16.04016622,-19.28419393,LA5,2009-04-16,03:40:45 AM,03:40:00,Hot-Wet
16.04021098,-19.28422648,LA5,2009-04-16,04:01:21 AM,04:01:00,Hot-Wet
16.03990173,-19.28414307,LA5,2009-04-16,04:20:38 AM,04:20:00,Hot-Wet
16.03984884,-19.284139,LA5,2009-04-16,04:40:38 AM,04:40:00,Hot-Wet
16.03943787,-19.28389689,LA5,2009-04-16,05:00:38 AM,05:00:00,Hot-Wet
16.03930969,-19.28331095,LA5,2009-04-16,05:20:38 AM,05:20:00,Hot-Wet
16.04045105,-19.28250529,LA5,2009-04-16,05:40:38 AM,05:40:00,Hot-Wet
16.04364522,-19.28253174,LA5,2009-04-16,06:00:00 AM,06:00:00,Hot-Wet
16.04364217,-19.28252767,LA5,2009-04-16,06:20:38 AM,06:20:00,Hot-Wet
16.04707031,-19.28233439,LA5,2009-04-16,06:40:38 AM,06:40:00,Hot-Wet
16.04960836,-19.28417765,LA5,2009-04-16,07:00:38 AM,07:00:00,Hot-Wet
16.05081787,-19.28448486,LA5,2009-04-16,07:20:38 AM,07:20:00,Hot-Wet
16.05415853,-19.28586426,LA5,2009-04-16,07:40:38 AM,07:40:00,Hot-Wet
16.05900981,-19.28752035,LA5,2009-04-16,08:00:38 AM,08:00:00,Hot-Wet
16.06539408,-19.28920288,LA5,2009-04-16,08:20:38 AM,08:20:00,Hot-Wet
16.070696,-19.29131877,LA5,2009-04-16,08:40:38 AM,08:40:00,Hot-Wet
16.07481283,-19.2948527,LA5,2009-04-16,09:00:38 AM,09:00:00,Hot-Wet
16.08268331,-19.29725342,LA5,2009-04-16,09:20:38 AM,09:20:00,Hot-Wet
16.08960368,-19.3070638,LA5,2009-04-16,09:40:38 AM,09:40:00,Hot-Wet
16.08960368,-19.3070638,LA5,2009-04-16,10:00:38 AM,10:00:00,Hot-Wet
16.08826497,-19.30355428,LA5,2009-04-16,10:20:38 AM,10:20:00,Hot-Wet
16.08717448,-19.29756063,LA5,2009-04-16,10:40:38 AM,10:40:00,Hot-Wet
16.08656209,-19.29140625,LA5,2009-04-16,11:00:38 AM,11:00:00,Hot-Wet
16.0854716,-19.28963826,LA5,2009-04-16,11:20:38 AM,11:20:00,Hot-Wet
16.08487244,-19.28806356,LA5,2009-04-16,11:40:38 AM,11:40:00,Hot-Wet
16.08557536,-19.28618774,LA5,2009-04-16,12:00:38 PM,12:00:00,Hot-Wet
16.08823446,-19.28464762,LA5,2009-04-16,12:20:38 PM,12:20:00,Hot-Wet
16.08809916,-19.28192342,LA5,2009-04-16,12:40:38 PM,12:40:00,Hot-Wet
16.08672994,-19.27780355,LA5,2009-04-16,01:00:38 PM,13:00:00,Hot-Wet
16.08959249,-19.27541707,LA5,2009-04-16,01:20:38 PM,13:20:00,Hot-Wet
16.09486186,-19.27432454,LA5,2009-04-16,01:40:38 PM,13:40:00,Hot-Wet
16.09531657,-19.27236125,LA5,2009-04-16,02:00:38 PM,14:00:00,Hot-Wet
16.09795532,-19.27306722,LA5,2009-04-16,02:20:38 PM,14:20:00,Hot-Wet
16.09781596,-19.27379354,LA5,2009-04-16,02:40:38 PM,14:40:00,Hot-Wet
16.09886983,-19.2760966,LA5,2009-04-16,03:00:38 PM,15:00:00,Hot-Wet
16.0995697,-19.27734578,LA5,2009-04-16,03:20:38 PM,15:20:00,Hot-Wet
16.09956767,-19.27734172,LA5,2009-04-16,03:40:38 PM,15:40:00,Hot-Wet
16.10017497,-19.28000692,LA5,2009-04-16,04:00:38 PM,16:00:00,Hot-Wet
16.0993103,-19.28097331,LA5,2009-04-16,04:20:38 PM,16:20:00,Hot-Wet
16.0983846,-19.2822998,LA5,2009-04-16,04:40:38 PM,16:40:00,Hot-Wet
16.09498698,-19.28559774,LA5,2009-04-16,05:00:38 PM,17:00:00,Hot-Wet
16.09538879,-19.28607381,LA5,2009-04-16,05:20:38 PM,17:20:00,Hot-Wet
16.09539286,-19.28607178,LA5,2009-04-16,05:40:38 PM,17:40:00,Hot-Wet
16.09632975,-19.28682658,LA5,2009-04-16,06:00:38 PM,18:00:00,Hot-Wet
16.09682617,-19.28851522,LA5,2009-04-16,06:20:38 PM,18:20:00,Hot-Wet
16.09609477,-19.28993327,LA5,2009-04-16,06:40:38 PM,18:40:00,Hot-Wet
16.09557393,-19.29089355,LA5,2009-04-16,07:00:38 PM,19:00:00,Hot-Wet
16.09498189,-19.29146322,LA5,2009-04-16,07:20:38 PM,19:20:00,Hot-Wet
16.09096069,-19.29079183,LA5,2009-04-16,07:40:38 PM,19:40:00,Hot-Wet
16.09012248,-19.29116007,LA5,2009-04-16,08:00:38 PM,20:00:00,Hot-Wet
16.09005432,-19.29168294,LA5,2009-04-16,08:20:38 PM,20:20:00,Hot-Wet
16.08942159,-19.29168091,LA5,2009-04-16,08:40:38 PM,20:40:00,Hot-Wet
16.08815918,-19.2906311,LA5,2009-04-16,09:00:38 PM,21:00:00,Hot-Wet
16.0866333,-19.28844808,LA5,2009-04-16,09:20:38 PM,21:20:00,Hot-Wet
16.08607381,-19.28891195,LA5,2009-04-16,09:40:38 PM,21:40:00,Hot-Wet
16.08378194,-19.28859863,LA5,2009-04-16,10:00:38 PM,22:00:00,Hot-Wet
16.08200277,-19.28783162,LA5,2009-04-16,10:20:38 PM,22:20:00,Hot-Wet
16.08092143,-19.28768311,LA5,2009-04-16,10:40:38 PM,22:40:00,Hot-Wet
16.08037618,-19.28695475,LA5,2009-04-16,11:00:38 PM,23:00:00,Hot-Wet
16.08034871,-19.28696696,LA5,2009-04-16,11:20:38 PM,23:20:00,Hot-Wet
16.07750549,-19.28590291,LA5,2009-04-16,11:40:38 PM,23:40:00,Hot-Wet
16.07543437,-19.28401896,LA5,2009-04-17,12:00:38 AM,00:00:00,Hot-Wet
16.07449443,-19.28233643,LA5,2009-04-17,12:20:38 AM,00:20:00,Hot-Wet
16.07312622,-19.28168335,LA5,2009-04-17,12:40:38 AM,00:40:00,Hot-Wet
16.07324117,-19.28158773,LA5,2009-04-17,01:00:45 AM,01:00:00,Hot-Wet
16.07325846,-19.28159587,LA5,2009-04-17,01:21:21 AM,01:21:00,Hot-Wet
16.07322489,-19.28158366,LA5,2009-04-17,01:40:38 AM,01:40:00,Hot-Wet
16.07324626,-19.28158569,LA5,2009-04-17,02:00:38 AM,02:00:00,Hot-Wet
16.07325338,-19.28157756,LA5,2009-04-17,02:20:38 AM,02:20:00,Hot-Wet
16.07328491,-19.281663,LA5,2009-04-17,02:40:38 AM,02:40:00,Hot-Wet
16.07322184,-19.28159383,LA5,2009-04-17,03:00:38 AM,03:00:00,Hot-Wet
16.07324015,-19.28159383,LA5,2009-04-17,03:20:38 AM,03:20:00,Hot-Wet
16.07323914,-19.28158976,LA5,2009-04-17,03:40:38 AM,03:40:00,Hot-Wet
16.07325338,-19.2815979,LA5,2009-04-17,04:00:38 AM,04:00:00,Hot-Wet
16.07309265,-19.28159587,LA5,2009-04-17,04:20:38 AM,04:20:00,Hot-Wet
16.07207133,-19.28161418,LA5,2009-04-17,04:40:38 AM,04:40:00,Hot-Wet
16.07098796,-19.28163045,LA5,2009-04-17,05:00:38 AM,05:00:00,Hot-Wet
16.07011414,-19.28091634,LA5,2009-04-17,05:20:38 AM,05:20:00,Hot-Wet
16.06932068,-19.28124797,LA5,2009-04-17,05:40:38 AM,05:40:00,Hot-Wet
16.06918233,-19.28189697,LA5,2009-04-17,06:00:38 AM,06:00:00,Hot-Wet
16.06939189,-19.28349406,LA5,2009-04-17,06:20:38 AM,06:20:00,Hot-Wet
16.07038981,-19.28771362,LA5,2009-04-17,06:40:38 AM,06:40:00,Hot-Wet
16.07269897,-19.29161784,LA5,2009-04-17,07:00:38 AM,07:00:00,Hot-Wet
16.07300212,-19.2928894,LA5,2009-04-17,07:20:38 AM,07:20:00,Hot-Wet
16.07362773,-19.29332479,LA5,2009-04-17,07:40:38 AM,07:40:00,Hot-Wet
16.07607117,-19.29517619,LA5,2009-04-17,08:00:38 AM,08:00:00,Hot-Wet
16.0792277,-19.2985555,LA5,2009-04-17,08:20:38 AM,08:20:00,Hot-Wet
16.0833079,-19.30089315,LA5,2009-04-17,08:40:38 AM,08:40:00,Hot-Wet
16.08940938,-19.30664266,LA5,2009-04-17,09:00:38 AM,09:00:00,Hot-Wet
16.08964335,-19.30732218,LA5,2009-04-17,09:20:38 AM,09:20:00,Hot-Wet
16.09119161,-19.30688883,LA5,2009-04-17,09:40:38 AM,09:40:00,Hot-Wet
16.09446513,-19.30339559,LA5,2009-04-17,10:00:38 AM,10:00:00,Hot-Wet
16.09595032,-19.30172729,LA5,2009-04-17,10:20:38 AM,10:20:00,Hot-Wet
16.09620768,-19.30080363,LA5,2009-04-17,10:40:38 AM,10:40:00,Hot-Wet
16.09721985,-19.29801229,LA5,2009-04-17,11:00:38 AM,11:00:00,Hot-Wet
16.09793091,-19.29594523,LA5,2009-04-17,11:20:38 AM,11:20:00,Hot-Wet
16.1004069,-19.29341634,LA5,2009-04-17,11:40:38 AM,11:40:00,Hot-Wet
16.09712016,-19.28818766,LA5,2009-04-17,12:00:38 PM,12:00:00,Hot-Wet
16.09494527,-19.28576457,LA5,2009-04-17,12:20:38 PM,12:20:00,Hot-Wet
16.09297485,-19.28289591,LA5,2009-04-17,12:40:38 PM,12:40:00,Hot-Wet
16.09304708,-19.27894694,LA5,2009-04-17,01:00:38 PM,13:00:00,Hot-Wet
16.0899353,-19.274646,LA5,2009-04-17,01:20:38 PM,13:20:00,Hot-Wet
16.08825989,-19.27040812,LA5,2009-04-17,01:40:38 PM,13:40:00,Hot-Wet
16.08867391,-19.26833293,LA5,2009-04-17,02:00:38 PM,14:00:00,Hot-Wet
16.0899058,-19.26727498,LA5,2009-04-17,02:20:38 PM,14:20:00,Hot-Wet
16.09071147,-19.26518148,LA5,2009-04-17,02:40:38 PM,14:40:00,Hot-Wet
16.08974915,-19.26269735,LA5,2009-04-17,03:00:38 PM,15:00:00,Hot-Wet
16.08975932,-19.26122437,LA5,2009-04-17,03:20:38 PM,15:20:00,Hot-Wet
16.09199219,-19.25955607,LA5,2009-04-17,03:40:38 PM,15:40:00,Hot-Wet
16.09051412,-19.25810954,LA5,2009-04-17,04:00:38 PM,16:00:00,Hot-Wet
16.08936462,-19.25694987,LA5,2009-04-17,04:20:38 PM,16:20:00,Hot-Wet
16.09234721,-19.25651042,LA5,2009-04-17,04:40:38 PM,16:40:00,Hot-Wet
16.09540304,-19.25315755,LA5,2009-04-17,05:00:38 PM,17:00:00,Hot-Wet
16.09540507,-19.25316162,LA5,2009-04-17,05:20:38 PM,17:20:00,Hot-Wet
16.09971212,-19.25411987,LA5,2009-04-17,05:40:38 PM,17:40:00,Hot-Wet
16.09970703,-19.2541097,LA5,2009-04-17,06:00:38 PM,18:00:00,Hot-Wet
16.10031738,-19.25466919,LA5,2009-04-17,06:20:38 PM,18:20:00,Hot-Wet
16.09985657,-19.25745443,LA5,2009-04-17,06:40:38 PM,18:40:00,Hot-Wet
16.09957886,-19.25870972,LA5,2009-04-17,07:00:38 PM,19:00:00,Hot-Wet
16.10041097,-19.26363322,LA5,2009-04-17,07:20:38 PM,19:20:00,Hot-Wet
16.09993083,-19.26572469,LA5,2009-04-17,07:40:38 PM,19:40:00,Hot-Wet
16.10175171,-19.271521,LA5,2009-04-17,08:00:38 PM,20:00:00,Hot-Wet
16.10461222,-19.27600098,LA5,2009-04-17,08:20:38 PM,20:20:00,Hot-Wet
16.10574341,-19.27689412,LA5,2009-04-17,08:40:38 PM,20:40:00,Hot-Wet
16.10672607,-19.27710368,LA5,2009-04-17,09:00:38 PM,21:00:00,Hot-Wet
16.10735881,-19.27684123,LA5,2009-04-17,09:20:38 PM,21:20:00,Hot-Wet
16.11064148,-19.27929281,LA5,2009-04-17,09:40:38 PM,21:40:00,Hot-Wet
16.11039022,-19.27990316,LA5,2009-04-17,10:00:38 PM,22:00:00,Hot-Wet
16.11132914,-19.27933757,LA5,2009-04-17,10:20:38 PM,22:20:00,Hot-Wet
16.11149801,-19.27818807,LA5,2009-04-17,10:40:38 PM,22:40:00,Hot-Wet
16.1115214,-19.2778361,LA5,2009-04-17,11:00:38 PM,23:00:00,Hot-Wet
16.11152547,-19.27783407,LA5,2009-04-17,11:20:38 PM,23:20:00,Hot-Wet
16.11550802,-19.27582194,LA5,2009-04-17,11:40:38 PM,23:40:00,Hot-Wet
16.11536051,-19.27574666,LA5,2009-04-18,12:00:38 AM,00:00:00,Hot-Wet
16.11608988,-19.2745341,LA5,2009-04-18,12:20:38 AM,00:20:00,Hot-Wet
16.11608988,-19.27417806,LA5,2009-04-18,12:40:38 AM,00:40:00,Hot-Wet
16.11633097,-19.2740214,LA5,2009-04-18,01:00:38 AM,01:00:00,Hot-Wet
16.11612549,-19.27436117,LA5,2009-04-18,01:20:38 AM,01:20:00,Hot-Wet
16.11496277,-19.27385457,LA5,2009-04-18,01:40:38 AM,01:40:00,Hot-Wet
16.11769409,-19.27270304,LA5,2009-04-18,02:00:38 AM,02:00:00,Hot-Wet
16.11771749,-19.27275798,LA5,2009-04-18,02:20:38 AM,02:20:00,Hot-Wet
16.11772054,-19.2727417,LA5,2009-04-18,02:40:38 AM,02:40:00,Hot-Wet
16.11774699,-19.27270915,LA5,2009-04-18,03:00:38 AM,03:00:00,Hot-Wet
16.11776021,-19.27210897,LA5,2009-04-18,03:20:38 AM,03:20:00,Hot-Wet
16.11780396,-19.27211304,LA5,2009-04-18,03:40:38 AM,03:40:00,Hot-Wet
16.11776632,-19.27209269,LA5,2009-04-18,04:00:51 AM,04:00:00,Hot-Wet
16.11769613,-19.27214355,LA5,2009-04-18,04:20:45 AM,04:20:00,Hot-Wet
16.11766866,-19.27213745,LA5,2009-04-18,04:40:38 AM,04:40:00,Hot-Wet
16.11769613,-19.27214355,LA5,2009-04-18,05:00:38 AM,05:00:00,Hot-Wet
16.11848043,-19.27233887,LA5,2009-04-18,05:20:38 AM,05:20:00,Hot-Wet
16.11874491,-19.27279256,LA5,2009-04-18,05:40:38 AM,05:40:00,Hot-Wet
16.11894226,-19.27317301,LA5,2009-04-18,06:00:38 AM,06:00:00,Hot-Wet
16.11826579,-19.27426554,LA5,2009-04-18,06:20:38 AM,06:20:00,Hot-Wet
16.11775208,-19.27485148,LA5,2009-04-18,06:40:38 AM,06:40:00,Hot-Wet
16.11742859,-19.27510376,LA5,2009-04-18,07:00:38 AM,07:00:00,Hot-Wet
16.11716207,-19.27591553,LA5,2009-04-18,07:20:38 AM,07:20:00,Hot-Wet
16.11820984,-19.27723999,LA5,2009-04-18,07:40:38 AM,07:40:00,Hot-Wet
16.12101339,-19.27816976,LA5,2009-04-18,08:00:38 AM,08:00:00,Hot-Wet
16.1234904,-19.27954508,LA5,2009-04-18,08:20:38 AM,08:20:00,Hot-Wet
16.12302856,-19.27417399,LA5,2009-04-18,08:40:38 AM,08:40:00,Hot-Wet
16.12502645,-19.27288411,LA5,2009-04-18,09:00:38 AM,09:00:00,Hot-Wet
16.12567647,-19.27151896,LA5,2009-04-18,09:20:38 AM,09:20:00,Hot-Wet
16.12614237,-19.27235514,LA5,2009-04-18,09:40:38 AM,09:40:00,Hot-Wet
16.12609253,-19.27016602,LA5,2009-04-18,10:00:38 AM,10:00:00,Hot-Wet
16.12323303,-19.26958211,LA5,2009-04-18,10:20:38 AM,10:20:00,Hot-Wet
16.12153422,-19.27015381,LA5,2009-04-18,10:40:38 AM,10:40:00,Hot-Wet
16.11932373,-19.27142537,LA5,2009-04-18,11:00:38 AM,11:00:00,Hot-Wet
16.12054647,-19.27215983,LA5,2009-04-18,11:20:38 AM,11:20:00,Hot-Wet
16.12215678,-19.27510986,LA5,2009-04-18,11:40:38 AM,11:40:00,Hot-Wet
16.12339783,-19.27951457,LA5,2009-04-18,12:00:38 PM,12:00:00,Hot-Wet
16.1265859,-19.27695923,LA5,2009-04-18,12:20:38 PM,12:20:00,Hot-Wet
16.12874247,-19.27409058,LA5,2009-04-18,12:40:38 PM,12:40:00,Hot-Wet
16.12892456,-19.2729126,LA5,2009-04-18,01:00:38 PM,13:00:00,Hot-Wet
16.12742004,-19.2706075,LA5,2009-04-18,01:20:38 PM,13:20:00,Hot-Wet
16.12697449,-19.26793213,LA5,2009-04-18,01:40:38 PM,13:40:00,Hot-Wet
16.12686462,-19.26545614,LA5,2009-04-18,02:00:38 PM,14:00:00,Hot-Wet
16.1263387,-19.26405436,LA5,2009-04-18,02:20:38 PM,14:20:00,Hot-Wet
16.12318522,-19.25710653,LA5,2009-04-18,02:40:38 PM,14:40:00,Hot-Wet
16.12428284,-19.25620321,LA5,2009-04-18,03:00:38 PM,15:00:00,Hot-Wet
16.12771301,-19.25592651,LA5,2009-04-18,03:20:38 PM,15:20:00,Hot-Wet
16.13240662,-19.25657349,LA5,2009-04-18,03:40:38 PM,15:40:00,Hot-Wet
16.13349609,-19.25867716,LA5,2009-04-18,04:00:38 PM,16:00:00,Hot-Wet
16.13570048,-19.25826619,LA5,2009-04-18,04:20:38 PM,16:20:00,Hot-Wet
16.13673604,-19.25887248,LA5,2009-04-18,04:40:38 PM,16:40:00,Hot-Wet
16.13824565,-19.26049194,LA5,2009-04-18,05:00:00 PM,17:00:00,Hot-Wet
16.14135946,-19.25970866,LA5,2009-04-18,05:20:38 PM,17:20:00,Hot-Wet
16.14136454,-19.25970866,LA5,2009-04-18,05:40:38 PM,17:40:00,Hot-Wet
16.1417745,-19.26157837,LA5,2009-04-18,06:00:38 PM,18:00:00,Hot-Wet
16.14177348,-19.2615804,LA5,2009-04-18,06:20:38 PM,18:20:00,Hot-Wet
16.14402873,-19.26319784,LA5,2009-04-18,06:40:38 PM,18:40:00,Hot-Wet
16.14549662,-19.26454468,LA5,2009-04-18,07:00:38 PM,19:00:00,Hot-Wet
16.14584757,-19.26659342,LA5,2009-04-18,07:20:38 PM,19:20:00,Hot-Wet
16.14816284,-19.26676432,LA5,2009-04-18,07:40:38 PM,19:40:00,Hot-Wet
16.15069987,-19.26853231,LA5,2009-04-18,08:00:38 PM,20:00:00,Hot-Wet
16.15296733,-19.27109375,LA5,2009-04-18,08:20:38 PM,20:20:00,Hot-Wet
16.15171407,-19.27143555,LA5,2009-04-18,08:40:38 PM,20:40:00,Hot-Wet
16.15194804,-19.27384847,LA5,2009-04-18,09:00:38 PM,21:00:00,Hot-Wet
16.15177002,-19.27857463,LA5,2009-04-18,09:20:38 PM,21:20:00,Hot-Wet
16.1541097,-19.27979329,LA5,2009-04-18,09:40:38 PM,21:40:00,Hot-Wet
16.15469462,-19.28089803,LA5,2009-04-18,10:00:38 PM,22:00:00,Hot-Wet
16.15447896,-19.28139242,LA5,2009-04-18,10:20:38 PM,22:20:00,Hot-Wet
16.15441182,-19.28189494,LA5,2009-04-18,10:40:38 PM,22:40:00,Hot-Wet
16.15368042,-19.28079834,LA5,2009-04-18,11:00:38 PM,23:00:00,Hot-Wet
16.15295817,-19.28042399,LA5,2009-04-18,11:20:38 PM,23:20:00,Hot-Wet
16.15091451,-19.28099162,LA5,2009-04-18,11:40:38 PM,23:40:00,Hot-Wet
16.15155233,-19.28185832,LA5,2009-04-19,12:00:38 AM,00:00:00,Hot-Wet
16.15111287,-19.28180135,LA5,2009-04-19,12:20:38 AM,00:20:00,Hot-Wet
16.15111186,-19.28180542,LA5,2009-04-19,12:40:38 AM,00:40:00,Hot-Wet
16.14844259,-19.27235107,LA5,2009-04-19,01:00:38 AM,01:00:00,Hot-Wet
16.14437561,-19.268573,LA5,2009-04-19,01:20:38 AM,01:20:00,Hot-Wet
16.14141134,-19.26725057,LA5,2009-04-19,01:40:38 AM,01:40:00,Hot-Wet
16.13983459,-19.26685791,LA5,2009-04-19,02:00:38 AM,02:00:00,Hot-Wet
16.13920288,-19.26593221,LA5,2009-04-19,02:20:38 AM,02:20:00,Hot-Wet
16.13921204,-19.26592,LA5,2009-04-19,02:40:38 AM,02:40:00,Hot-Wet
16.1392039,-19.26592,LA5,2009-04-19,03:00:38 AM,03:00:00,Hot-Wet
16.13920492,-19.26589762,LA5,2009-04-19,03:20:38 AM,03:20:00,Hot-Wet
16.13917745,-19.26589559,LA5,2009-04-19,03:40:38 AM,03:40:00,Hot-Wet
16.13920593,-19.26592814,LA5,2009-04-19,04:00:38 AM,04:00:00,Hot-Wet
16.13918152,-19.26591187,LA5,2009-04-19,04:20:38 AM,04:20:00,Hot-Wet
16.13864848,-19.26187948,LA5,2009-04-19,04:40:38 AM,04:40:00,Hot-Wet
16.13865153,-19.26188151,LA5,2009-04-19,05:00:38 AM,05:00:00,Hot-Wet
16.13899434,-19.2620931,LA5,2009-04-19,05:20:38 AM,05:20:00,Hot-Wet
16.13893534,-19.26166992,LA5,2009-04-19,05:40:38 AM,05:40:00,Hot-Wet
16.13893941,-19.26154175,LA5,2009-04-19,06:00:38 AM,06:00:00,Hot-Wet
16.13772786,-19.2600769,LA5,2009-04-19,06:20:38 AM,06:20:00,Hot-Wet
16.13569031,-19.25828451,LA5,2009-04-19,06:40:38 AM,06:40:00,Hot-Wet
16.13524475,-19.25848185,LA5,2009-04-19,07:00:38 AM,07:00:00,Hot-Wet
16.1326121,-19.25818685,LA5,2009-04-19,07:20:38 AM,07:20:00,Hot-Wet
16.13338114,-19.25709229,LA5,2009-04-19,07:40:38 AM,07:40:00,Hot-Wet
16.13047282,-19.25762939,LA5,2009-04-19,08:00:38 AM,08:00:00,Hot-Wet
16.1273468,-19.25738932,LA5,2009-04-19,08:20:38 AM,08:20:00,Hot-Wet
16.12318014,-19.25711263,LA5,2009-04-19,08:40:38 AM,08:40:00,Hot-Wet
16.12239583,-19.25696615,LA5,2009-04-19,09:00:38 AM,09:00:00,Hot-Wet
16.12143758,-19.25922038,LA5,2009-04-19,09:20:38 AM,09:20:00,Hot-Wet
16.12174276,-19.26084391,LA5,2009-04-19,09:40:38 AM,09:40:00,Hot-Wet
16.12010193,-19.26049194,LA5,2009-04-19,10:00:38 AM,10:00:00,Hot-Wet
16.11870219,-19.26186523,LA5,2009-04-19,10:20:38 AM,10:20:00,Hot-Wet
16.11920064,-19.26050822,LA5,2009-04-19,10:40:38 AM,10:40:00,Hot-Wet
16.12265218,-19.25733236,LA5,2009-04-19,11:00:38 AM,11:00:00,Hot-Wet
16.12305806,-19.25604248,LA5,2009-04-19,11:20:38 AM,11:20:00,Hot-Wet
16.12267761,-19.25659587,LA5,2009-04-19,11:40:38 AM,11:40:00,Hot-Wet
16.12259318,-19.26286418,LA5,2009-04-19,12:00:38 PM,12:00:00,Hot-Wet
16.12059631,-19.26494548,LA5,2009-04-19,12:20:38 PM,12:20:00,Hot-Wet
16.11968587,-19.26524862,LA5,2009-04-19,12:40:38 PM,12:40:00,Hot-Wet
16.11658325,-19.2668457,LA5,2009-04-19,01:00:38 PM,13:00:00,Hot-Wet
16.11658427,-19.26685181,LA5,2009-04-19,01:20:38 PM,13:20:00,Hot-Wet
16.1154012,-19.26789347,LA5,2009-04-19,01:40:38 PM,13:40:00,Hot-Wet
16.11719259,-19.27014974,LA5,2009-04-19,02:00:38 PM,14:00:00,Hot-Wet
16.11704915,-19.26982625,LA5,2009-04-19,02:20:38 PM,14:20:00,Hot-Wet
16.11779989,-19.27150269,LA5,2009-04-19,02:40:38 PM,14:40:00,Hot-Wet
16.11830139,-19.27164917,LA5,2009-04-19,03:00:38 PM,15:00:00,Hot-Wet
16.11830139,-19.27163493,LA5,2009-04-19,03:20:38 PM,15:20:00,Hot-Wet
16.11759237,-19.2728536,LA5,2009-04-19,03:40:38 PM,15:40:00,Hot-Wet
16.11716614,-19.27223307,LA5,2009-04-19,04:00:38 PM,16:00:00,Hot-Wet
16.11570943,-19.27265828,LA5,2009-04-19,04:20:38 PM,16:20:00,Hot-Wet
16.11718852,-19.2771993,LA5,2009-04-19,04:40:38 PM,16:40:00,Hot-Wet
16.11627502,-19.27608439,LA5,2009-04-19,05:00:38 PM,17:00:00,Hot-Wet
16.11627909,-19.27608643,LA5,2009-04-19,05:20:38 PM,17:20:00,Hot-Wet
16.11750488,-19.27585449,LA5,2009-04-19,05:40:38 PM,17:40:00,Hot-Wet
16.11751709,-19.27585856,LA5,2009-04-19,06:00:38 PM,18:00:00,Hot-Wet
16.11740417,-19.2758138,LA5,2009-04-19,06:20:38 PM,18:20:00,Hot-Wet
16.12010396,-19.27390747,LA5,2009-04-19,06:40:38 PM,18:40:00,Hot-Wet
16.12160441,-19.27284953,LA5,2009-04-19,07:00:38 PM,19:00:00,Hot-Wet
16.12201029,-19.27069906,LA5,2009-04-19,07:20:38 PM,19:20:00,Hot-Wet
16.1213562,-19.26935018,LA5,2009-04-19,07:40:38 PM,19:40:00,Hot-Wet
16.1210144,-19.26830444,LA5,2009-04-19,08:00:38 PM,20:00:00,Hot-Wet
16.11920064,-19.26797892,LA5,2009-04-19,08:20:38 PM,20:20:00,Hot-Wet
16.11884054,-19.26748047,LA5,2009-04-19,08:40:38 PM,20:40:00,Hot-Wet
16.11803385,-19.26708171,LA5,2009-04-19,09:00:38 PM,21:00:00,Hot-Wet
16.11662598,-19.2662028,LA5,2009-04-19,09:20:38 PM,21:20:00,Hot-Wet
16.1169637,-19.26453857,LA5,2009-04-19,09:40:38 PM,21:40:00,Hot-Wet
16.11556702,-19.26390991,LA5,2009-04-19,10:00:38 PM,22:00:00,Hot-Wet
16.11699422,-19.2608256,LA5,2009-04-19,10:20:38 PM,22:20:00,Hot-Wet
16.1161794,-19.26103109,LA5,2009-04-19,10:40:38 PM,22:40:00,Hot-Wet
16.11553548,-19.25992432,LA5,2009-04-19,11:00:38 PM,23:00:00,Hot-Wet
16.11511027,-19.25927938,LA5,2009-04-19,11:20:38 PM,23:20:00,Hot-Wet
16.11420593,-19.259316,LA5,2009-04-19,11:40:38 PM,23:40:00,Hot-Wet
16.11380717,-19.25742391,LA5,2009-04-20,12:00:38 AM,00:00:00,Hot-Wet
16.11304932,-19.25690104,LA5,2009-04-20,12:20:38 AM,00:20:00,Hot-Wet
16.11307373,-19.25674438,LA5,2009-04-20,12:40:38 AM,00:40:00,Hot-Wet
16.11302897,-19.25673014,LA5,2009-04-20,01:00:38 AM,01:00:00,Hot-Wet
16.11300659,-19.2567688,LA5,2009-04-20,01:20:51 AM,01:20:00,Hot-Wet
16.11302287,-19.2567159,LA5,2009-04-20,01:40:51 AM,01:40:00,Hot-Wet
16.11301168,-19.25672201,LA5,2009-04-20,02:00:38 AM,02:00:00,Hot-Wet
16.11303406,-19.25679118,LA5,2009-04-20,02:20:38 AM,02:20:00,Hot-Wet
16.11304016,-19.25675863,LA5,2009-04-20,02:40:38 AM,02:40:00,Hot-Wet
16.1130544,-19.25674032,LA5,2009-04-20,03:00:38 AM,03:00:00,Hot-Wet
16.11308695,-19.25673828,LA5,2009-04-20,03:20:38 AM,03:20:00,Hot-Wet
16.11306152,-19.25673014,LA5,2009-04-20,03:40:38 AM,03:40:00,Hot-Wet
16.11306051,-19.25672404,LA5,2009-04-20,04:00:38 AM,04:00:00,Hot-Wet
16.1132487,-19.25602417,LA5,2009-04-20,04:20:38 AM,04:20:00,Hot-Wet
16.11256917,-19.25397339,LA5,2009-04-20,04:40:38 AM,04:40:00,Hot-Wet
16.11113892,-19.25308024,LA5,2009-04-20,05:00:38 AM,05:00:00,Hot-Wet
16.10989075,-19.2534139,LA5,2009-04-20,05:20:38 AM,05:20:00,Hot-Wet
16.10771077,-19.25296631,LA5,2009-04-20,05:40:38 AM,05:40:00,Hot-Wet
16.10572205,-19.25302531,LA5,2009-04-20,06:00:38 AM,06:00:00,Hot-Wet
16.10618388,-19.25593872,LA5,2009-04-20,06:20:38 AM,06:20:00,Hot-Wet
16.10977071,-19.25583089,LA5,2009-04-20,06:40:38 AM,06:40:00,Hot-Wet
16.11122437,-19.25493774,LA5,2009-04-20,07:00:38 AM,07:00:00,Hot-Wet
16.1113505,-19.25453084,LA5,2009-04-20,07:20:38 AM,07:20:00,Hot-Wet
16.11245015,-19.25843709,LA5,2009-04-20,07:40:38 AM,07:40:00,Hot-Wet
16.11847636,-19.25808512,LA5,2009-04-20,08:00:00 AM,08:00:00,Hot-Wet
16.11848857,-19.25809326,LA5,2009-04-20,08:20:38 AM,08:20:00,Hot-Wet
16.12318929,-19.25711263,LA5,2009-04-20,08:40:38 AM,08:40:00,Hot-Wet
16.12411092,-19.25717773,LA5,2009-04-20,09:00:38 AM,09:00:00,Hot-Wet
16.12423604,-19.25334269,LA5,2009-04-20,09:20:38 AM,09:20:00,Hot-Wet
16.12422994,-19.25334269,LA5,2009-04-20,09:40:38 AM,09:40:00,Hot-Wet
16.12297058,-19.2548584,LA5,2009-04-20,10:00:38 AM,10:00:00,Hot-Wet
16.11685384,-19.25524495,LA5,2009-04-20,10:20:38 AM,10:20:00,Hot-Wet
16.11744792,-19.25279338,LA5,2009-04-20,10:40:38 AM,10:40:00,Hot-Wet
16.1165863,-19.24805298,LA5,2009-04-20,11:00:38 AM,11:00:00,Hot-Wet
16.11569417,-19.24618937,LA5,2009-04-20,11:20:38 AM,11:20:00,Hot-Wet
16.11309916,-19.24653931,LA5,2009-04-20,11:40:38 AM,11:40:00,Hot-Wet
16.11115417,-19.25008952,LA5,2009-04-20,12:00:38 PM,12:00:00,Hot-Wet
16.11114095,-19.25008545,LA5,2009-04-20,12:20:38 PM,12:20:00,Hot-Wet
16.11114807,-19.25007324,LA5,2009-04-20,12:40:38 PM,12:40:00,Hot-Wet
16.11109517,-19.25010579,LA5,2009-04-20,01:00:38 PM,13:00:00,Hot-Wet
16.1102773,-19.24937744,LA5,2009-04-20,01:20:38 PM,13:20:00,Hot-Wet
16.11028748,-19.24729411,LA5,2009-04-20,01:40:38 PM,13:40:00,Hot-Wet
16.11128337,-19.24772135,LA5,2009-04-20,02:00:38 PM,14:00:00,Hot-Wet
16.11149699,-19.2476888,LA5,2009-04-20,02:20:38 PM,14:20:00,Hot-Wet
16.11506449,-19.24828288,LA5,2009-04-20,02:40:38 PM,14:40:00,Hot-Wet
16.12020671,-19.24699097,LA5,2009-04-20,03:00:38 PM,15:00:00,Hot-Wet
16.12020976,-19.246993,LA5,2009-04-20,03:20:38 PM,15:20:00,Hot-Wet
16.12559814,-19.24818929,LA5,2009-04-20,03:40:38 PM,15:40:00,Hot-Wet
16.12703247,-19.25104167,LA5,2009-04-20,04:00:38 PM,16:00:00,Hot-Wet
16.12757467,-19.25145264,LA5,2009-04-20,04:20:38 PM,16:20:00,Hot-Wet
16.12663371,-19.25304159,LA5,2009-04-20,04:40:38 PM,16:40:00,Hot-Wet
16.12298381,-19.25717163,LA5,2009-04-20,05:00:38 PM,17:00:00,Hot-Wet
16.12298889,-19.25717773,LA5,2009-04-20,05:20:38 PM,17:20:00,Hot-Wet
16.12427368,-19.25773519,LA5,2009-04-20,05:40:38 PM,17:40:00,Hot-Wet
16.12915243,-19.2601827,LA5,2009-04-20,06:00:38 PM,18:00:00,Hot-Wet
16.13427734,-19.26149089,LA5,2009-04-20,06:20:38 PM,18:20:00,Hot-Wet
16.13720601,-19.25987956,LA5,2009-04-20,06:40:38 PM,18:40:00,Hot-Wet
16.13929138,-19.2578715,LA5,2009-04-20,07:00:38 PM,19:00:00,Hot-Wet
16.14497172,-19.25730387,LA5,2009-04-20,07:20:38 PM,19:20:00,Hot-Wet
16.14866231,-19.25663859,LA5,2009-04-20,07:40:38 PM,19:40:00,Hot-Wet
16.1495341,-19.25576375,LA5,2009-04-20,08:00:38 PM,20:00:00,Hot-Wet
16.15159403,-19.25557454,LA5,2009-04-20,08:20:38 PM,20:20:00,Hot-Wet
16.1533193,-19.25439046,LA5,2009-04-20,08:40:38 PM,20:40:00,Hot-Wet
16.15594788,-19.25255534,LA5,2009-04-20,09:00:38 PM,21:00:00,Hot-Wet
16.15824076,-19.25092977,LA5,2009-04-20,09:20:38 PM,21:20:00,Hot-Wet
16.16007589,-19.25196533,LA5,2009-04-20,09:40:38 PM,21:40:00,Hot-Wet
16.16076558,-19.2506368,LA5,2009-04-20,10:00:38 PM,22:00:00,Hot-Wet
16.16152852,-19.25008341,LA5,2009-04-20,10:20:38 PM,22:20:00,Hot-Wet
16.16260681,-19.25083822,LA5,2009-04-20,10:40:38 PM,22:40:00,Hot-Wet
16.16327311,-19.25054118,LA5,2009-04-20,11:00:38 PM,23:00:00,Hot-Wet
16.16359863,-19.25045166,LA5,2009-04-20,11:20:38 PM,23:20:00,Hot-Wet
16.1633433,-19.25019124,LA5,2009-04-20,11:40:38 PM,23:40:00,Hot-Wet
16.16477254,-19.25132446,LA5,2009-04-21,12:00:38 AM,00:00:00,Hot-Wet
16.16485291,-19.25132039,LA5,2009-04-21,12:20:38 AM,00:20:00,Hot-Wet
16.1667806,-19.25234985,LA5,2009-04-21,12:40:38 AM,00:40:00,Hot-Wet
16.16792806,-19.25293376,LA5,2009-04-21,01:00:38 AM,01:00:00,Hot-Wet
16.16786397,-19.25307617,LA5,2009-04-21,01:20:38 AM,01:20:00,Hot-Wet
16.16837565,-19.25303955,LA5,2009-04-21,01:40:38 AM,01:40:00,Hot-Wet
16.17057699,-19.25141805,LA5,2009-04-21,02:00:38 AM,02:00:00,Hot-Wet
16.17051392,-19.25139771,LA5,2009-04-21,02:20:38 AM,02:20:00,Hot-Wet
16.17047323,-19.25135498,LA5,2009-04-21,02:40:38 AM,02:40:00,Hot-Wet
16.17049662,-19.25143026,LA5,2009-04-21,03:00:38 AM,03:00:00,Hot-Wet
16.17049459,-19.25142822,LA5,2009-04-21,03:20:51 AM,03:20:00,Hot-Wet
16.17048848,-19.25140584,LA5,2009-04-21,03:40:38 AM,03:40:00,Hot-Wet
16.1704305,-19.25145874,LA5,2009-04-21,04:00:38 AM,04:00:00,Hot-Wet
16.17046509,-19.25147909,LA5,2009-04-21,04:20:38 AM,04:20:00,Hot-Wet
16.17047628,-19.25148112,LA5,2009-04-21,04:40:38 AM,04:40:00,Hot-Wet
16.1706309,-19.2509318,LA5,2009-04-21,05:00:38 AM,05:00:00,Hot-Wet
16.17271932,-19.24955648,LA5,2009-04-21,05:20:38 AM,05:20:00,Hot-Wet
16.17491964,-19.25075277,LA5,2009-04-21,05:40:38 AM,05:40:00,Hot-Wet
16.17488607,-19.25094808,LA5,2009-04-21,06:00:38 AM,06:00:00,Hot-Wet
16.17445272,-19.2513916,LA5,2009-04-21,06:20:38 AM,06:20:00,Hot-Wet
16.17387187,-19.25275675,LA5,2009-04-21,06:40:38 AM,06:40:00,Hot-Wet
16.17366435,-19.25344238,LA5,2009-04-21,07:00:38 AM,07:00:00,Hot-Wet
16.1715922,-19.25408325,LA5,2009-04-21,07:20:38 AM,07:20:00,Hot-Wet
16.16808573,-19.25785116,LA5,2009-04-21,07:40:38 AM,07:40:00,Hot-Wet
16.1657491,-19.2645813,LA5,2009-04-21,08:00:38 AM,08:00:00,Hot-Wet
16.16515401,-19.27155151,LA5,2009-04-21,08:20:38 AM,08:20:00,Hot-Wet
16.1689504,-19.27628784,LA5,2009-04-21,08:40:38 AM,08:40:00,Hot-Wet
16.17724508,-19.2782491,LA5,2009-04-21,09:00:38 AM,09:00:00,Hot-Wet
16.17358907,-19.28103434,LA5,2009-04-21,09:20:38 AM,09:20:00,Hot-Wet
16.16986694,-19.28491007,LA5,2009-04-21,09:40:38 AM,09:40:00,Hot-Wet
16.16639811,-19.2914917,LA5,2009-04-21,10:00:38 AM,10:00:00,Hot-Wet
16.16284587,-19.28901774,LA5,2009-04-21,10:20:38 AM,10:20:00,Hot-Wet
16.15885925,-19.28642375,LA5,2009-04-21,10:40:38 AM,10:40:00,Hot-Wet
16.15642497,-19.28627523,LA5,2009-04-21,11:00:38 AM,11:00:00,Hot-Wet
16.15194295,-19.28681234,LA5,2009-04-21,11:20:38 AM,11:20:00,Hot-Wet
16.15046692,-19.28978475,LA5,2009-04-21,11:40:38 AM,11:40:00,Hot-Wet
16.14775594,-19.28972982,LA5,2009-04-21,12:00:38 PM,12:00:00,Hot-Wet
16.14712016,-19.28938395,LA5,2009-04-21,12:20:38 PM,12:20:00,Hot-Wet
16.14711711,-19.28938192,LA5,2009-04-21,12:40:38 PM,12:40:00,Hot-Wet
16.14453532,-19.28758952,LA5,2009-04-21,01:00:38 PM,13:00:00,Hot-Wet
16.14116821,-19.28816325,LA5,2009-04-21,01:20:38 PM,13:20:00,Hot-Wet
16.13797201,-19.28554281,LA5,2009-04-21,01:40:38 PM,13:40:00,Hot-Wet
16.1373586,-19.28123779,LA5,2009-04-21,02:00:38 PM,14:00:00,Hot-Wet
16.12902527,-19.27967733,LA5,2009-04-21,02:20:38 PM,14:20:00,Hot-Wet
16.12275798,-19.27989502,LA5,2009-04-21,02:40:38 PM,14:40:00,Hot-Wet
16.12354329,-19.26808472,LA5,2009-04-21,03:00:38 PM,15:00:00,Hot-Wet
16.1235494,-19.26808065,LA5,2009-04-21,03:20:38 PM,15:20:00,Hot-Wet
16.12090251,-19.26561279,LA5,2009-04-21,03:40:38 PM,15:40:00,Hot-Wet
16.12103068,-19.26354167,LA5,2009-04-21,04:00:38 PM,16:00:00,Hot-Wet
16.12123922,-19.2615682,LA5,2009-04-21,04:20:38 PM,16:20:00,Hot-Wet
16.12315877,-19.25714518,LA5,2009-04-21,04:40:38 PM,16:40:00,Hot-Wet
16.12199605,-19.25567627,LA5,2009-04-21,05:00:38 PM,17:00:00,Hot-Wet
16.11896057,-19.25458577,LA5,2009-04-21,05:20:38 PM,17:20:00,Hot-Wet
16.11679891,-19.25218099,LA5,2009-04-21,05:40:38 PM,17:40:00,Hot-Wet
16.11680298,-19.25218506,LA5,2009-04-21,06:00:38 PM,18:00:00,Hot-Wet
16.11471151,-19.24629313,LA5,2009-04-21,06:20:38 PM,18:20:00,Hot-Wet
16.11581116,-19.24517415,LA5,2009-04-21,06:40:38 PM,18:40:00,Hot-Wet
16.11494954,-19.24497477,LA5,2009-04-21,07:00:38 PM,19:00:00,Hot-Wet
16.11393738,-19.24418538,LA5,2009-04-21,07:20:38 PM,19:20:00,Hot-Wet
16.11267497,-19.24401042,LA5,2009-04-21,07:40:38 PM,19:40:00,Hot-Wet
16.11058146,-19.24289144,LA5,2009-04-21,08:00:38 PM,20:00:00,Hot-Wet
16.1104248,-19.2426005,LA5,2009-04-21,08:20:38 PM,20:20:00,Hot-Wet
16.11080627,-19.2424235,LA5,2009-04-21,08:40:38 PM,20:40:00,Hot-Wet
16.11183675,-19.24263102,LA5,2009-04-21,09:00:38 PM,21:00:00,Hot-Wet
16.11244202,-19.24289754,LA5,2009-04-21,09:20:38 PM,21:20:00,Hot-Wet
16.11315104,-19.2434611,LA5,2009-04-21,09:40:38 PM,21:40:00,Hot-Wet
16.11263835,-19.24408366,LA5,2009-04-21,10:00:38 PM,22:00:00,Hot-Wet
16.11198222,-19.24373372,LA5,2009-04-21,10:20:38 PM,22:20:00,Hot-Wet
16.10901693,-19.24393921,LA5,2009-04-21,10:40:38 PM,22:40:00,Hot-Wet
16.10901286,-19.24394124,LA5,2009-04-21,11:00:38 PM,23:00:00,Hot-Wet
16.1085734,-19.2439209,LA5,2009-04-21,11:20:38 PM,23:20:00,Hot-Wet
16.10735677,-19.24317017,LA5,2009-04-21,11:40:38 PM,23:40:00,Hot-Wet
16.10539449,-19.24228923,LA5,2009-04-22,12:00:38 AM,00:00:00,Hot-Wet
16.10447083,-19.24239095,LA5,2009-04-22,12:20:38 AM,00:20:00,Hot-Wet
16.10303548,-19.24503988,LA5,2009-04-22,12:40:38 AM,00:40:00,Hot-Wet
16.10417379,-19.24546102,LA5,2009-04-22,01:00:38 AM,01:00:00,Hot-Wet
16.10435486,-19.24544678,LA5,2009-04-22,01:20:38 AM,01:20:00,Hot-Wet
16.10344543,-19.2463623,LA5,2009-04-22,01:40:45 AM,01:40:00,Hot-Wet
16.10344543,-19.24636434,LA5,2009-04-22,02:00:38 AM,02:00:00,Hot-Wet
16.10345256,-19.24635417,LA5,2009-04-22,02:20:38 AM,02:20:00,Hot-Wet
16.10345357,-19.24637655,LA5,2009-04-22,02:40:38 AM,02:40:00,Hot-Wet
16.10349426,-19.24639079,LA5,2009-04-22,03:00:38 AM,03:00:00,Hot-Wet
16.10349019,-19.24639282,LA5,2009-04-22,03:20:38 AM,03:20:00,Hot-Wet
16.1034139,-19.24641113,LA5,2009-04-22,03:40:38 AM,03:40:00,Hot-Wet
16.10344442,-19.24635824,LA5,2009-04-22,04:00:38 AM,04:00:00,Hot-Wet
16.10343424,-19.24636027,LA5,2009-04-22,04:20:38 AM,04:20:00,Hot-Wet
16.10343628,-19.24637451,LA5,2009-04-22,04:40:38 AM,04:40:00,Hot-Wet
16.10345662,-19.2463501,LA5,2009-04-22,05:00:38 AM,05:00:00,Hot-Wet
16.10506287,-19.24421997,LA5,2009-04-22,05:20:38 AM,05:20:00,Hot-Wet
16.10593058,-19.24541423,LA5,2009-04-22,05:40:38 AM,05:40:00,Hot-Wet
16.10982869,-19.24557902,LA5,2009-04-22,06:00:38 AM,06:00:00,Hot-Wet
16.1125651,-19.24570516,LA5,2009-04-22,06:20:38 AM,06:20:00,Hot-Wet
16.11438395,-19.24630737,LA5,2009-04-22,06:40:38 AM,06:40:00,Hot-Wet
16.11487427,-19.24379883,LA5,2009-04-22,07:00:38 AM,07:00:00,Hot-Wet
16.11718953,-19.24328817,LA5,2009-04-22,07:20:38 AM,07:20:00,Hot-Wet
16.11981608,-19.24461466,LA5,2009-04-22,07:40:38 AM,07:40:00,Hot-Wet
16.12314351,-19.24613037,LA5,2009-04-22,08:00:38 AM,08:00:00,Hot-Wet
16.12454122,-19.24967244,LA5,2009-04-22,08:20:38 AM,08:20:00,Hot-Wet
16.12217509,-19.256663,LA5,2009-04-22,08:40:38 AM,08:40:00,Hot-Wet
16.12266439,-19.25684408,LA5,2009-04-22,09:00:38 AM,09:00:00,Hot-Wet
16.12051086,-19.25738932,LA5,2009-04-22,09:20:38 AM,09:20:00,Hot-Wet
16.11765645,-19.2571228,LA5,2009-04-22,09:40:38 AM,09:40:00,Hot-Wet
16.11617839,-19.25957031,LA5,2009-04-22,10:00:38 AM,10:00:00,Hot-Wet
16.1184021,-19.25975749,LA5,2009-04-22,10:20:38 AM,10:20:00,Hot-Wet
16.12109578,-19.25842082,LA5,2009-04-22,10:40:38 AM,10:40:00,Hot-Wet
16.12283936,-19.25690308,LA5,2009-04-22,11:00:38 AM,11:00:00,Hot-Wet
16.11920369,-19.25305176,LA5,2009-04-22,11:20:38 AM,11:20:00,Hot-Wet
16.11407878,-19.25221151,LA5,2009-04-22,11:40:38 AM,11:40:00,Hot-Wet
16.11180013,-19.25244344,LA5,2009-04-22,12:00:38 PM,12:00:00,Hot-Wet
16.11116231,-19.25006714,LA5,2009-04-22,12:20:38 PM,12:20:00,Hot-Wet
16.11116536,-19.25006307,LA5,2009-04-22,12:40:38 PM,12:40:00,Hot-Wet
16.11153158,-19.24782918,LA5,2009-04-22,01:00:38 PM,13:00:00,Hot-Wet
16.11274516,-19.24714762,LA5,2009-04-22,01:20:38 PM,13:20:00,Hot-Wet
16.11573486,-19.24655965,LA5,2009-04-22,01:40:38 PM,13:40:00,Hot-Wet
16.11562907,-19.24656372,LA5,2009-04-22,02:00:38 PM,14:00:00,Hot-Wet
16.115625,-19.24657796,LA5,2009-04-22,02:20:38 PM,14:20:00,Hot-Wet
16.11563517,-19.24657593,LA5,2009-04-22,02:40:38 PM,14:40:00,Hot-Wet
16.11625468,-19.24732259,LA5,2009-04-22,03:00:38 PM,15:00:00,Hot-Wet
16.11758626,-19.24743449,LA5,2009-04-22,03:20:38 PM,15:20:00,Hot-Wet
16.12173869,-19.24690348,LA5,2009-04-22,03:40:38 PM,15:40:00,Hot-Wet
16.13017782,-19.24231771,LA5,2009-04-22,04:00:38 PM,16:00:00,Hot-Wet
16.135613,-19.24153239,LA5,2009-04-22,04:20:38 PM,16:20:00,Hot-Wet
16.1425059,-19.24323527,LA5,2009-04-22,04:40:38 PM,16:40:00,Hot-Wet
16.14853617,-19.24712931,LA5,2009-04-22,05:00:38 PM,17:00:00,Hot-Wet
16.14853414,-19.24713135,LA5,2009-04-22,05:20:38 PM,17:20:00,Hot-Wet
16.1537028,-19.24837646,LA5,2009-04-22,05:40:38 PM,17:40:00,Hot-Wet
16.15758362,-19.24813029,LA5,2009-04-22,06:00:38 PM,18:00:00,Hot-Wet
16.16103516,-19.24995321,LA5,2009-04-22,06:20:38 PM,18:20:00,Hot-Wet
16.16409709,-19.25198161,LA5,2009-04-22,06:40:38 PM,18:40:00,Hot-Wet
16.16532898,-19.25479533,LA5,2009-04-22,07:00:38 PM,19:00:00,Hot-Wet
16.16532694,-19.25479329,LA5,2009-04-22,07:20:38 PM,19:20:00,Hot-Wet
16.165507,-19.2549113,LA5,2009-04-22,07:40:38 PM,19:40:00,Hot-Wet
16.16568705,-19.25500692,LA5,2009-04-22,08:00:38 PM,20:00:00,Hot-Wet
16.16759745,-19.25590413,LA5,2009-04-22,08:20:38 PM,20:20:00,Hot-Wet
16.16777039,-19.25628052,LA5,2009-04-22,08:40:38 PM,20:40:00,Hot-Wet
16.16892192,-19.2554952,LA5,2009-04-22,09:00:38 PM,21:00:00,Hot-Wet
16.17160543,-19.25325521,LA5,2009-04-22,09:20:38 PM,21:20:00,Hot-Wet
16.17247721,-19.25121663,LA5,2009-04-22,09:40:38 PM,21:40:00,Hot-Wet
16.17414449,-19.2483134,LA5,2009-04-22,10:00:38 PM,22:00:00,Hot-Wet
16.17403463,-19.24624634,LA5,2009-04-22,10:20:38 PM,22:20:00,Hot-Wet
16.17432861,-19.24300741,LA5,2009-04-22,10:40:38 PM,22:40:00,Hot-Wet
16.17425334,-19.24083455,LA5,2009-04-22,11:00:38 PM,23:00:00,Hot-Wet
16.17577515,-19.24100749,LA5,2009-04-22,11:20:38 PM,23:20:00,Hot-Wet
16.17647705,-19.24212036,LA5,2009-04-22,11:40:38 PM,23:40:00,Hot-Wet
16.17725728,-19.24121297,LA5,2009-04-23,12:00:38 AM,00:00:00,Hot-Wet
16.17831217,-19.24056803,LA5,2009-04-23,12:20:38 AM,00:20:00,Hot-Wet
16.17809347,-19.2402771,LA5,2009-04-23,12:40:00 AM,00:40:00,Hot-Wet
16.1781016,-19.2402771,LA5,2009-04-23,01:00:38 AM,01:00:00,Hot-Wet
16.17825521,-19.24070841,LA5,2009-04-23,01:20:38 AM,01:20:00,Hot-Wet
16.17825216,-19.24071248,LA5,2009-04-23,01:40:38 AM,01:40:00,Hot-Wet
16.17827148,-19.24065755,LA5,2009-04-23,02:00:38 AM,02:00:00,Hot-Wet
16.17826538,-19.24071859,LA5,2009-04-23,02:20:38 AM,02:20:00,Hot-Wet
16.17820638,-19.24068197,LA5,2009-04-23,02:40:48 AM,02:40:00,Hot-Wet
16.17844035,-19.24069824,LA5,2009-04-23,03:00:38 AM,03:00:00,Hot-Wet
16.17821655,-19.24065145,LA5,2009-04-23,03:20:38 AM,03:20:00,Hot-Wet
16.17827148,-19.24069824,LA5,2009-04-23,03:40:47 AM,03:40:00,Hot-Wet
16.17815145,-19.24070231,LA5,2009-04-23,04:00:38 AM,04:00:00,Hot-Wet
16.17818502,-19.24071248,LA5,2009-04-23,04:20:38 AM,04:20:00,Hot-Wet
16.17824605,-19.24072062,LA5,2009-04-23,04:40:38 AM,04:40:00,Hot-Wet
16.17834269,-19.24085083,LA5,2009-04-23,05:00:38 AM,05:00:00,Hot-Wet
16.17833964,-19.24086507,LA5,2009-04-23,05:20:38 AM,05:20:00,Hot-Wet
16.17863159,-19.23880005,LA5,2009-04-23,05:40:38 AM,05:40:00,Hot-Wet
16.17685852,-19.23825887,LA5,2009-04-23,06:00:38 AM,06:00:00,Hot-Wet
16.17658488,-19.23881429,LA5,2009-04-23,06:20:38 AM,06:20:00,Hot-Wet
16.17623291,-19.2388326,LA5,2009-04-23,06:40:38 AM,06:40:00,Hot-Wet
16.17564087,-19.237441,LA5,2009-04-23,07:00:38 AM,07:00:00,Hot-Wet
16.1754598,-19.23716227,LA5,2009-04-23,07:20:38 AM,07:20:00,Hot-Wet
16.17463175,-19.23614705,LA5,2009-04-23,07:40:38 AM,07:40:00,Hot-Wet
16.17431437,-19.23705037,LA5,2009-04-23,08:00:38 AM,08:00:00,Hot-Wet
16.17398376,-19.23821208,LA5,2009-04-23,08:20:38 AM,08:20:00,Hot-Wet
16.17310282,-19.23754679,LA5,2009-04-23,08:40:38 AM,08:40:00,Hot-Wet
16.17261759,-19.23679606,LA5,2009-04-23,09:00:38 AM,09:00:00,Hot-Wet
16.16982218,-19.23698324,LA5,2009-04-23,09:20:38 AM,09:20:00,Hot-Wet
16.16880493,-19.23611857,LA5,2009-04-23,09:40:38 AM,09:40:00,Hot-Wet
16.16597392,-19.23518677,LA5,2009-04-23,10:00:38 AM,10:00:00,Hot-Wet
16.16398214,-19.23450114,LA5,2009-04-23,10:20:38 AM,10:20:00,Hot-Wet
16.16242574,-19.23376058,LA5,2009-04-23,10:40:38 AM,10:40:00,Hot-Wet
16.15795695,-19.23246053,LA5,2009-04-23,11:00:38 AM,11:00:00,Hot-Wet
16.15732117,-19.23230998,LA5,2009-04-23,11:20:38 AM,11:20:00,Hot-Wet
16.15608114,-19.23379517,LA5,2009-04-23,11:40:38 AM,11:40:00,Hot-Wet
16.1557312,-19.23392537,LA5,2009-04-23,12:00:38 PM,12:00:00,Hot-Wet
16.15574646,-19.23392334,LA5,2009-04-23,12:20:38 PM,12:20:00,Hot-Wet
16.15574443,-19.23391113,LA5,2009-04-23,12:40:38 PM,12:40:00,Hot-Wet
16.15497335,-19.23546143,LA5,2009-04-23,01:00:38 PM,13:00:00,Hot-Wet
16.14751078,-19.23748169,LA5,2009-04-23,01:20:38 PM,13:20:00,Hot-Wet
16.13704325,-19.23702596,LA5,2009-04-23,01:40:38 PM,13:40:00,Hot-Wet
16.13181559,-19.23870239,LA5,2009-04-23,02:00:38 PM,14:00:00,Hot-Wet
16.12692871,-19.24373372,LA5,2009-04-23,02:20:38 PM,14:20:00,Hot-Wet
16.1171936,-19.24574992,LA5,2009-04-23,02:40:38 PM,14:40:00,Hot-Wet
16.11430562,-19.24629313,LA5,2009-04-23,03:00:38 PM,15:00:00,Hot-Wet
16.11273702,-19.24593913,LA5,2009-04-23,03:20:38 PM,15:20:00,Hot-Wet
16.11043091,-19.24708659,LA5,2009-04-23,03:40:38 PM,15:40:00,Hot-Wet
16.10656128,-19.24816895,LA5,2009-04-23,04:00:38 PM,16:00:00,Hot-Wet
16.104422,-19.24921468,LA5,2009-04-23,04:20:38 PM,16:20:00,Hot-Wet
16.09926046,-19.24811198,LA5,2009-04-23,04:40:38 PM,16:40:00,Hot-Wet
16.09753927,-19.24630534,LA5,2009-04-23,05:00:38 PM,17:00:00,Hot-Wet
16.09754028,-19.24629517,LA5,2009-04-23,05:20:38 PM,17:20:00,Hot-Wet
16.09797465,-19.24295654,LA5,2009-04-23,05:40:38 PM,17:40:00,Hot-Wet
16.09585368,-19.24173787,LA5,2009-04-23,06:00:38 PM,18:00:00,Hot-Wet
16.09505717,-19.24107869,LA5,2009-04-23,06:20:38 PM,18:20:00,Hot-Wet
16.09887594,-19.24187215,LA5,2009-04-23,06:40:38 PM,18:40:00,Hot-Wet
16.10729167,-19.24225871,LA5,2009-04-23,07:00:38 PM,19:00:00,Hot-Wet
16.10728455,-19.2422526,LA5,2009-04-23,07:20:38 PM,19:20:00,Hot-Wet
16.11094666,-19.24358521,LA5,2009-04-23,07:40:38 PM,19:40:00,Hot-Wet
16.11272888,-19.24380086,LA5,2009-04-23,08:00:38 PM,20:00:00,Hot-Wet
16.11336975,-19.24471639,LA5,2009-04-23,08:20:38 PM,20:20:00,Hot-Wet
16.11374207,-19.24579061,LA5,2009-04-23,08:40:38 PM,20:40:00,Hot-Wet
16.1132192,-19.24671631,LA5,2009-04-23,09:00:38 PM,21:00:00,Hot-Wet
16.11257731,-19.24891154,LA5,2009-04-23,09:20:38 PM,21:20:00,Hot-Wet
16.11217957,-19.25000814,LA5,2009-04-23,09:40:38 PM,21:40:00,Hot-Wet
16.11262614,-19.2505127,LA5,2009-04-23,10:00:38 PM,22:00:00,Hot-Wet
16.11327006,-19.25057983,LA5,2009-04-23,10:20:38 PM,22:20:00,Hot-Wet
16.11367493,-19.24998576,LA5,2009-04-23,10:40:38 PM,22:40:00,Hot-Wet
16.11394145,-19.25130412,LA5,2009-04-23,11:00:38 PM,23:00:00,Hot-Wet
16.11448263,-19.25149943,LA5,2009-04-23,11:20:38 PM,23:20:00,Hot-Wet
16.11501261,-19.25135498,LA5,2009-04-23,11:40:38 PM,23:40:00,Hot-Wet
16.11402181,-19.25154622,LA5,2009-04-24,12:00:38 AM,00:00:00,Hot-Wet
16.112559,-19.25211792,LA5,2009-04-24,12:20:38 AM,00:20:00,Hot-Wet
16.11126404,-19.25207723,LA5,2009-04-24,12:40:38 AM,00:40:00,Hot-Wet
16.11128235,-19.25208944,LA5,2009-04-24,01:00:38 AM,01:00:00,Hot-Wet
16.11124369,-19.25210164,LA5,2009-04-24,01:20:38 AM,01:20:00,Hot-Wet
16.11124471,-19.25207926,LA5,2009-04-24,01:40:38 AM,01:40:00,Hot-Wet
16.11045939,-19.25172323,LA5,2009-04-24,02:00:38 AM,02:00:00,Hot-Wet
16.10970052,-19.25145671,LA5,2009-04-24,02:20:38 AM,02:20:00,Hot-Wet
16.10833537,-19.25088298,LA5,2009-04-24,02:40:38 AM,02:40:00,Hot-Wet
16.10780334,-19.25069173,LA5,2009-04-24,03:00:38 AM,03:00:00,Hot-Wet
16.10786133,-19.25070597,LA5,2009-04-24,03:20:38 AM,03:20:00,Hot-Wet
16.10782471,-19.25072632,LA5,2009-04-24,03:40:38 AM,03:40:00,Hot-Wet
16.10781555,-19.25072428,LA5,2009-04-24,04:00:38 AM,04:00:00,Hot-Wet
16.10785726,-19.25076294,LA5,2009-04-24,04:20:38 AM,04:20:00,Hot-Wet
16.10783285,-19.25074259,LA5,2009-04-24,04:40:38 AM,04:40:00,Hot-Wet
16.10815125,-19.25133667,LA5,2009-04-24,05:00:38 AM,05:00:00,Hot-Wet
16.10897725,-19.25341187,LA5,2009-04-24,05:20:38 AM,05:20:00,Hot-Wet
16.1099589,-19.25477295,LA5,2009-04-24,05:40:38 AM,05:40:00,Hot-Wet
16.11026815,-19.25568034,LA5,2009-04-24,06:00:38 AM,06:00:00,Hot-Wet
16.11149902,-19.25659587,LA5,2009-04-24,06:20:38 AM,06:20:00,Hot-Wet
16.11405131,-19.25695597,LA5,2009-04-24,06:40:38 AM,06:40:00,Hot-Wet
16.11641439,-19.25643717,LA5,2009-04-24,07:00:38 AM,07:00:00,Hot-Wet
16.11694743,-19.25793254,LA5,2009-04-24,07:20:38 AM,07:20:00,Hot-Wet
16.11997884,-19.25799154,LA5,2009-04-24,07:40:38 AM,07:40:00,Hot-Wet
16.12326355,-19.25714722,LA5,2009-04-24,08:00:38 AM,08:00:00,Hot-Wet
16.12280172,-19.26138102,LA5,2009-04-24,08:20:38 AM,08:20:00,Hot-Wet
16.11961975,-19.26332804,LA5,2009-04-24,08:40:38 AM,08:40:00,Hot-Wet
16.11889445,-19.26431478,LA5,2009-04-24,09:00:38 AM,09:00:00,Hot-Wet
16.11884766,-19.26576945,LA5,2009-04-24,09:20:38 AM,09:20:00,Hot-Wet
16.12003886,-19.2661438,LA5,2009-04-24,09:40:38 AM,09:40:00,Hot-Wet
16.12079468,-19.26555176,LA5,2009-04-24,10:00:38 AM,10:00:00,Hot-Wet
16.1221405,-19.26466064,LA5,2009-04-24,10:20:38 AM,10:20:00,Hot-Wet
16.12298482,-19.26259969,LA5,2009-04-24,10:40:38 AM,10:40:00,Hot-Wet
16.12384847,-19.25718994,LA5,2009-04-24,11:00:38 AM,11:00:00,Hot-Wet
16.12234395,-19.25725911,LA5,2009-04-24,11:20:38 AM,11:20:00,Hot-Wet
16.12042135,-19.25933431,LA5,2009-04-24,11:40:38 AM,11:40:00,Hot-Wet
16.11852519,-19.26032918,LA5,2009-04-24,12:00:38 PM,12:00:00,Hot-Wet
16.11665955,-19.26381836,LA5,2009-04-24,12:20:38 PM,12:20:00,Hot-Wet
16.11607259,-19.27064412,LA5,2009-04-24,12:40:38 PM,12:40:00,Hot-Wet
16.11607768,-19.27064616,LA5,2009-04-24,01:00:38 PM,13:00:00,Hot-Wet
16.11611226,-19.27066447,LA5,2009-04-24,01:20:38 PM,13:20:00,Hot-Wet
16.1161204,-19.27066243,LA5,2009-04-24,01:40:38 PM,13:40:00,Hot-Wet
16.11637777,-19.27164714,LA5,2009-04-24,02:00:38 PM,14:00:00,Hot-Wet
16.11496582,-19.2739563,LA5,2009-04-24,02:20:38 PM,14:20:00,Hot-Wet
16.11446025,-19.27390951,LA5,2009-04-24,02:40:38 PM,14:40:00,Hot-Wet
16.11445821,-19.27390747,LA5,2009-04-24,03:00:38 PM,15:00:00,Hot-Wet
16.11188863,-19.27449341,LA5,2009-04-24,03:20:38 PM,15:20:00,Hot-Wet
16.11098633,-19.27907308,LA5,2009-04-24,03:40:38 PM,15:40:00,Hot-Wet
16.11111959,-19.27922974,LA5,2009-04-24,04:00:38 PM,16:00:00,Hot-Wet
16.11393331,-19.28300578,LA5,2009-04-24,04:20:38 PM,16:20:00,Hot-Wet
16.11637472,-19.28420003,LA5,2009-04-24,04:40:38 PM,16:40:00,Hot-Wet
16.11637065,-19.28420003,LA5,2009-04-24,05:00:38 PM,17:00:00,Hot-Wet
16.11837667,-19.28040365,LA5,2009-04-24,05:20:38 PM,17:20:00,Hot-Wet
16.1184967,-19.27965291,LA5,2009-04-24,05:40:38 PM,17:40:00,Hot-Wet
16.11738586,-19.27793986,LA5,2009-04-24,06:00:38 PM,18:00:00,Hot-Wet
16.11683248,-19.27583008,LA5,2009-04-24,06:20:38 PM,18:20:00,Hot-Wet
16.11625671,-19.27490641,LA5,2009-04-24,06:40:38 PM,18:40:00,Hot-Wet
16.11667684,-19.27398478,LA5,2009-04-24,07:00:38 PM,19:00:00,Hot-Wet
16.11851196,-19.27282715,LA5,2009-04-24,07:20:38 PM,19:20:00,Hot-Wet
16.12118429,-19.27140503,LA5,2009-04-24,07:40:38 PM,19:40:00,Hot-Wet
16.12310384,-19.26902466,LA5,2009-04-24,08:00:38 PM,20:00:00,Hot-Wet
16.12399089,-19.26736247,LA5,2009-04-24,08:20:38 PM,20:20:00,Hot-Wet
16.12408142,-19.26630656,LA5,2009-04-24,08:40:38 PM,20:40:00,Hot-Wet
16.12349345,-19.26318563,LA5,2009-04-24,09:00:38 PM,21:00:00,Hot-Wet
16.12321981,-19.25736694,LA5,2009-04-24,09:20:38 PM,21:20:00,Hot-Wet
16.12482198,-19.256368,LA5,2009-04-24,09:40:38 PM,21:40:00,Hot-Wet
16.12925008,-19.25864868,LA5,2009-04-24,10:00:38 PM,22:00:00,Hot-Wet
16.13279317,-19.26084798,LA5,2009-04-24,10:20:38 PM,22:20:00,Hot-Wet
16.13642375,-19.26221924,LA5,2009-04-24,10:40:38 PM,22:40:00,Hot-Wet
16.13955587,-19.26331991,LA5,2009-04-24,11:00:38 PM,23:00:00,Hot-Wet
16.13977051,-19.26462606,LA5,2009-04-24,11:20:38 PM,23:20:00,Hot-Wet
16.14229329,-19.26589152,LA5,2009-04-24,11:40:38 PM,23:40:00,Hot-Wet
16.14516093,-19.26574504,LA5,2009-04-25,12:00:38 AM,00:00:00,Hot-Wet
16.145696,-19.26641439,LA5,2009-04-25,12:20:38 AM,00:20:00,Hot-Wet
16.14608866,-19.26905111,LA5,2009-04-25,12:40:38 AM,00:40:00,Hot-Wet
16.147052,-19.27085978,LA5,2009-04-25,01:00:38 AM,01:00:00,Hot-Wet
16.14703471,-19.27464803,LA5,2009-04-25,01:20:38 AM,01:20:00,Hot-Wet
16.14703267,-19.27464396,LA5,2009-04-25,01:40:38 AM,01:40:00,Hot-Wet
16.14961039,-19.28101807,LA5,2009-04-25,02:00:38 AM,02:00:00,Hot-Wet
16.15015666,-19.28155111,LA5,2009-04-25,02:20:38 AM,02:20:00,Hot-Wet
16.15013428,-19.28156331,LA5,2009-04-25,02:40:38 AM,02:40:00,Hot-Wet
16.15013936,-19.28156738,LA5,2009-04-25,03:00:38 AM,03:00:00,Hot-Wet
16.15014242,-19.28154907,LA5,2009-04-25,03:20:38 AM,03:20:00,Hot-Wet
16.15017293,-19.28157756,LA5,2009-04-25,03:40:38 AM,03:40:00,Hot-Wet
16.14937642,-19.28233439,LA5,2009-04-25,04:00:38 AM,04:00:00,Hot-Wet
16.14847819,-19.28343913,LA5,2009-04-25,04:20:38 AM,04:20:00,Hot-Wet
16.14773356,-19.28418376,LA5,2009-04-25,04:40:38 AM,04:40:00,Hot-Wet
16.14778442,-19.28419393,LA5,2009-04-25,05:00:38 AM,05:00:00,Hot-Wet
16.14773356,-19.28435669,LA5,2009-04-25,05:20:38 AM,05:20:00,Hot-Wet
16.14775289,-19.28431396,LA5,2009-04-25,05:40:38 AM,05:40:00,Hot-Wet
16.14738261,-19.28467611,LA5,2009-04-25,06:00:38 AM,06:00:00,Hot-Wet
16.14700012,-19.28383789,LA5,2009-04-25,06:20:38 AM,06:20:00,Hot-Wet
16.14926046,-19.28213094,LA5,2009-04-25,06:40:38 AM,06:40:00,Hot-Wet
16.15205485,-19.28064575,LA5,2009-04-25,07:00:38 AM,07:00:00,Hot-Wet
16.15473531,-19.28095907,LA5,2009-04-25,07:20:38 AM,07:20:00,Hot-Wet
16.1563914,-19.28402303,LA5,2009-04-25,07:40:38 AM,07:40:00,Hot-Wet
16.15791626,-19.28630371,LA5,2009-04-25,08:00:38 AM,08:00:00,Hot-Wet
16.15712585,-19.28822021,LA5,2009-04-25,08:20:38 AM,08:20:00,Hot-Wet
16.15869039,-19.2889974,LA5,2009-04-25,08:40:38 AM,08:40:00,Hot-Wet
16.16047058,-19.29343465,LA5,2009-04-25,09:00:38 AM,09:00:00,Hot-Wet
16.16047668,-19.29343058,LA5,2009-04-25,09:20:38 AM,09:20:00,Hot-Wet
16.16410828,-19.29331462,LA5,2009-04-25,09:40:38 AM,09:40:00,Hot-Wet
16.16797791,-19.29204712,LA5,2009-04-25,10:00:38 AM,10:00:00,Hot-Wet
16.1712087,-19.29509074,LA5,2009-04-25,10:20:38 AM,10:20:00,Hot-Wet
16.17143555,-19.2956543,LA5,2009-04-25,10:40:38 AM,10:40:00,Hot-Wet
16.1712148,-19.29627686,LA5,2009-04-25,11:00:38 AM,11:00:00,Hot-Wet
16.16893412,-19.29572754,LA5,2009-04-25,11:20:38 AM,11:20:00,Hot-Wet
16.16795247,-19.29510498,LA5,2009-04-25,11:40:38 AM,11:40:00,Hot-Wet
16.16685079,-19.29153442,LA5,2009-04-25,12:00:38 PM,12:00:00,Hot-Wet
16.1701884,-19.28876546,LA5,2009-04-25,12:20:38 PM,12:20:00,Hot-Wet
16.17017721,-19.28876546,LA5,2009-04-25,12:40:38 PM,12:40:00,Hot-Wet
16.17195638,-19.28835449,LA5,2009-04-25,01:00:38 PM,13:00:00,Hot-Wet
16.17430623,-19.29035848,LA5,2009-04-25,01:20:38 PM,13:20:00,Hot-Wet
16.17871704,-19.28975627,LA5,2009-04-25,01:40:38 PM,13:40:00,Hot-Wet
16.184316,-19.28898519,LA5,2009-04-25,02:00:38 PM,14:00:00,Hot-Wet
16.18439229,-19.28739827,LA5,2009-04-25,02:20:38 PM,14:20:00,Hot-Wet
16.18027954,-19.28352254,LA5,2009-04-25,02:40:38 PM,14:40:00,Hot-Wet
16.18028361,-19.28352458,LA5,2009-04-25,03:00:38 PM,15:00:00,Hot-Wet
16.18001099,-19.28309123,LA5,2009-04-25,03:20:38 PM,15:20:00,Hot-Wet
16.17751363,-19.28319906,LA5,2009-04-25,03:40:38 PM,15:40:00,Hot-Wet
16.17582194,-19.28374023,LA5,2009-04-25,04:00:38 PM,16:00:00,Hot-Wet
16.17318217,-19.28415324,LA5,2009-04-25,04:20:38 PM,16:20:00,Hot-Wet
16.17113749,-19.28516846,LA5,2009-04-25,04:40:38 PM,16:40:00,Hot-Wet
16.16815491,-19.2847758,LA5,2009-04-25,05:00:38 PM,17:00:00,Hot-Wet
16.16816101,-19.28477987,LA5,2009-04-25,05:20:38 PM,17:20:00,Hot-Wet
16.16678162,-19.28432007,LA5,2009-04-25,05:40:38 PM,17:40:00,Hot-Wet
16.16599833,-19.28345947,LA5,2009-04-25,06:00:38 PM,18:00:00,Hot-Wet
16.164151,-19.28139852,LA5,2009-04-25,06:20:38 PM,18:20:00,Hot-Wet
16.16349182,-19.28046468,LA5,2009-04-25,06:40:38 PM,18:40:00,Hot-Wet
16.16252645,-19.28127848,LA5,2009-04-25,07:00:38 PM,19:00:00,Hot-Wet
16.16084798,-19.28184408,LA5,2009-04-25,07:20:38 PM,19:20:00,Hot-Wet
16.16015523,-19.2826416,LA5,2009-04-25,07:40:38 PM,19:40:00,Hot-Wet
16.15893656,-19.28198649,LA5,2009-04-25,08:00:38 PM,20:00:00,Hot-Wet
16.15781047,-19.28305257,LA5,2009-04-25,08:20:38 PM,20:20:00,Hot-Wet
16.1571523,-19.2840332,LA5,2009-04-25,08:40:38 PM,20:40:00,Hot-Wet
16.15773926,-19.28360799,LA5,2009-04-25,09:00:38 PM,21:00:00,Hot-Wet
16.15718486,-19.28197428,LA5,2009-04-25,09:20:38 PM,21:20:00,Hot-Wet
16.15579224,-19.28004761,LA5,2009-04-25,09:40:38 PM,21:40:00,Hot-Wet
16.15575358,-19.27872111,LA5,2009-04-25,10:00:38 PM,22:00:00,Hot-Wet
16.15784607,-19.27767741,LA5,2009-04-25,10:20:38 PM,22:20:00,Hot-Wet
16.15902303,-19.27622477,LA5,2009-04-25,10:40:38 PM,22:40:00,Hot-Wet
16.1580719,-19.27426147,LA5,2009-04-25,11:00:38 PM,23:00:00,Hot-Wet
16.1576182,-19.27411092,LA5,2009-04-25,11:20:38 PM,23:20:00,Hot-Wet
16.15675659,-19.27163493,LA5,2009-04-25,11:40:38 PM,23:40:00,Hot-Wet
16.15742798,-19.27140096,LA5,2009-04-26,12:00:38 AM,00:00:00,Hot-Wet
16.15915833,-19.27260539,LA5,2009-04-26,12:20:38 AM,00:20:00,Hot-Wet
16.15915934,-19.27260539,LA5,2009-04-26,12:40:38 AM,00:40:00,Hot-Wet
16.15903625,-19.27273966,LA5,2009-04-26,01:00:38 AM,01:00:00,Hot-Wet
16.15897319,-19.27275391,LA5,2009-04-26,01:20:39 AM,01:20:00,Hot-Wet
16.15904744,-19.27282104,LA5,2009-04-26,01:40:38 AM,01:40:00,Hot-Wet
16.15901896,-19.27282104,LA5,2009-04-26,02:00:38 AM,02:00:00,Hot-Wet
16.15902303,-19.27281698,LA5,2009-04-26,02:20:38 AM,02:20:00,Hot-Wet
16.15905863,-19.27278849,LA5,2009-04-26,02:40:38 AM,02:40:00,Hot-Wet
16.159021,-19.27279663,LA5,2009-04-26,03:00:38 AM,03:00:00,Hot-Wet
16.15900472,-19.2727946,LA5,2009-04-26,03:20:45 AM,03:20:00,Hot-Wet
16.15901896,-19.27277222,LA5,2009-04-26,03:40:38 AM,03:40:00,Hot-Wet
16.15903422,-19.27282104,LA5,2009-04-26,04:00:38 AM,04:00:00,Hot-Wet
16.15903931,-19.27282918,LA5,2009-04-26,04:20:38 AM,04:20:00,Hot-Wet
16.15904541,-19.27276408,LA5,2009-04-26,04:40:38 AM,04:40:00,Hot-Wet
16.15908203,-19.27283732,LA5,2009-04-26,05:00:38 AM,05:00:00,Hot-Wet
16.15904846,-19.27281087,LA5,2009-04-26,05:20:38 AM,05:20:00,Hot-Wet
16.15890096,-19.27268473,LA5,2009-04-26,05:40:38 AM,05:40:00,Hot-Wet
16.15783997,-19.27356567,LA5,2009-04-26,06:00:38 AM,06:00:00,Hot-Wet
16.15697734,-19.27476196,LA5,2009-04-26,06:20:38 AM,06:20:00,Hot-Wet
16.15643819,-19.27562052,LA5,2009-04-26,06:40:38 AM,06:40:00,Hot-Wet
16.15500488,-19.27500203,LA5,2009-04-26,07:00:38 AM,07:00:00,Hot-Wet
16.15394694,-19.27370199,LA5,2009-04-26,07:20:38 AM,07:20:00,Hot-Wet
16.15429281,-19.2715922,LA5,2009-04-26,07:40:38 AM,07:40:00,Hot-Wet
16.1552297,-19.27168376,LA5,2009-04-26,08:00:38 AM,08:00:00,Hot-Wet
16.15412394,-19.26935832,LA5,2009-04-26,08:20:38 AM,08:20:00,Hot-Wet
16.15314128,-19.26752726,LA5,2009-04-26,08:40:38 AM,08:40:00,Hot-Wet
16.14829508,-19.26407471,LA5,2009-04-26,09:00:38 AM,09:00:00,Hot-Wet
16.14829508,-19.2640686,LA5,2009-04-26,09:20:38 AM,09:20:00,Hot-Wet
16.14727681,-19.26361084,LA5,2009-04-26,09:40:38 AM,09:40:00,Hot-Wet
16.14725952,-19.26358643,LA5,2009-04-26,10:00:38 AM,10:00:00,Hot-Wet
16.14726257,-19.26358032,LA5,2009-04-26,10:20:38 AM,10:20:00,Hot-Wet
16.14615377,-19.26065267,LA5,2009-04-26,10:40:38 AM,10:40:00,Hot-Wet
16.14532471,-19.25602417,LA5,2009-04-26,11:00:38 AM,11:00:00,Hot-Wet
16.1409139,-19.24983724,LA5,2009-04-26,11:20:38 AM,11:20:00,Hot-Wet
16.13579814,-19.2433431,LA5,2009-04-26,11:40:38 AM,11:40:00,Hot-Wet
16.13357442,-19.24174398,LA5,2009-04-26,12:00:38 PM,12:00:00,Hot-Wet
16.13358663,-19.24174398,LA5,2009-04-26,12:20:38 PM,12:20:00,Hot-Wet
16.13137207,-19.24168905,LA5,2009-04-26,12:40:38 PM,12:40:00,Hot-Wet
16.13136597,-19.24169108,LA5,2009-04-26,01:00:38 PM,13:00:00,Hot-Wet
16.12742411,-19.24693604,LA5,2009-04-26,01:20:38 PM,13:20:00,Hot-Wet
16.12599182,-19.24875895,LA5,2009-04-26,01:40:38 PM,13:40:00,Hot-Wet
16.12519938,-19.25026652,LA5,2009-04-26,02:00:38 PM,14:00:00,Hot-Wet
16.12281799,-19.25441081,LA5,2009-04-26,02:20:38 PM,14:20:00,Hot-Wet
16.12261963,-19.25684001,LA5,2009-04-26,02:40:38 PM,14:40:00,Hot-Wet
16.11878153,-19.25420939,LA5,2009-04-26,03:00:38 PM,15:00:00,Hot-Wet
16.116804,-19.2530599,LA5,2009-04-26,03:20:38 PM,15:20:00,Hot-Wet
16.11570943,-19.25172119,LA5,2009-04-26,03:40:38 PM,15:40:00,Hot-Wet
16.11299947,-19.24948324,LA5,2009-04-26,04:00:38 PM,16:00:00,Hot-Wet
16.10912476,-19.25062866,LA5,2009-04-26,04:20:38 PM,16:20:00,Hot-Wet
16.10521037,-19.25299276,LA5,2009-04-26,04:40:38 PM,16:40:00,Hot-Wet
16.10521952,-19.25299479,LA5,2009-04-26,05:00:38 PM,17:00:00,Hot-Wet
16.10293477,-19.25550944,LA5,2009-04-26,05:20:38 PM,17:20:00,Hot-Wet
16.10135701,-19.25943807,LA5,2009-04-26,05:40:38 PM,17:40:00,Hot-Wet
16.09969076,-19.2603658,LA5,2009-04-26,06:00:38 PM,18:00:00,Hot-Wet
16.09604899,-19.26093343,LA5,2009-04-26,06:20:38 PM,18:20:00,Hot-Wet
16.09015198,-19.26188558,LA5,2009-04-26,06:40:38 PM,18:40:00,Hot-Wet
16.08633626,-19.26090495,LA5,2009-04-26,07:00:38 PM,19:00:00,Hot-Wet
16.08597921,-19.26261597,LA5,2009-04-26,07:20:38 PM,19:20:00,Hot-Wet
16.08585205,-19.26286214,LA5,2009-04-26,07:40:38 PM,19:40:00,Hot-Wet
16.08572083,-19.2629008,LA5,2009-04-26,08:00:38 PM,20:00:00,Hot-Wet
16.08387655,-19.26170451,LA5,2009-04-26,08:20:38 PM,20:20:00,Hot-Wet
16.08285828,-19.26057739,LA5,2009-04-26,08:40:38 PM,20:40:00,Hot-Wet
16.08059896,-19.25984294,LA5,2009-04-26,09:00:38 PM,21:00:00,Hot-Wet
16.07695414,-19.25921631,LA5,2009-04-26,09:20:38 PM,21:20:00,Hot-Wet
16.07357483,-19.25872599,LA5,2009-04-26,09:40:38 PM,21:40:00,Hot-Wet
16.07305705,-19.26096191,LA5,2009-04-26,10:00:38 PM,22:00:00,Hot-Wet
16.07283325,-19.25831299,LA5,2009-04-26,10:20:38 PM,22:20:00,Hot-Wet
16.07323303,-19.25833944,LA5,2009-04-26,10:40:38 PM,22:40:00,Hot-Wet
16.07150472,-19.25819702,LA5,2009-04-26,11:00:38 PM,23:00:00,Hot-Wet
16.06993612,-19.25897217,LA5,2009-04-26,11:20:38 PM,23:20:00,Hot-Wet
16.07124634,-19.26213379,LA5,2009-04-26,11:40:38 PM,23:40:00,Hot-Wet
16.07089132,-19.26501058,LA5,2009-04-27,12:00:38 AM,00:00:00,Hot-Wet
16.06987305,-19.26964518,LA5,2009-04-27,12:20:38 AM,00:20:00,Hot-Wet
16.06987508,-19.26964111,LA5,2009-04-27,12:40:38 AM,00:40:00,Hot-Wet
16.07059326,-19.26994019,LA5,2009-04-27,01:00:38 AM,01:00:00,Hot-Wet
16.07094828,-19.27019043,LA5,2009-04-27,01:20:38 AM,01:20:00,Hot-Wet
16.07093506,-19.27022705,LA5,2009-04-27,01:40:38 AM,01:40:00,Hot-Wet
16.07089437,-19.27022095,LA5,2009-04-27,02:00:38 AM,02:00:00,Hot-Wet
16.07093913,-19.27024129,LA5,2009-04-27,02:20:45 AM,02:20:00,Hot-Wet
16.07091471,-19.27020671,LA5,2009-04-27,02:40:38 AM,02:40:00,Hot-Wet
16.07092285,-19.27023519,LA5,2009-04-27,03:00:38 AM,03:00:00,Hot-Wet
16.07076925,-19.27075399,LA5,2009-04-27,03:20:38 AM,03:20:00,Hot-Wet
16.07078145,-19.27077637,LA5,2009-04-27,03:40:38 AM,03:40:00,Hot-Wet
16.07078349,-19.27077433,LA5,2009-04-27,04:00:50 AM,04:00:00,Hot-Wet
16.07077942,-19.27072957,LA5,2009-04-27,04:20:51 AM,04:20:00,Hot-Wet
16.07074076,-19.27074788,LA5,2009-04-27,04:40:38 AM,04:40:00,Hot-Wet
16.07079264,-19.27074585,LA5,2009-04-27,05:00:38 AM,05:00:00,Hot-Wet
16.07078756,-19.27083537,LA5,2009-04-27,05:20:38 AM,05:20:00,Hot-Wet
16.0709137,-19.27085978,LA5,2009-04-27,05:40:38 AM,05:40:00,Hot-Wet
16.07135213,-19.27187297,LA5,2009-04-27,06:00:38 AM,06:00:00,Hot-Wet
16.07152507,-19.27259725,LA5,2009-04-27,06:20:38 AM,06:20:00,Hot-Wet
16.06954651,-19.27283122,LA5,2009-04-27,06:40:38 AM,06:40:00,Hot-Wet
16.06869609,-19.27362061,LA5,2009-04-27,07:00:38 AM,07:00:00,Hot-Wet
16.06742045,-19.27506104,LA5,2009-04-27,07:20:38 AM,07:20:00,Hot-Wet
16.06677958,-19.27436523,LA5,2009-04-27,07:40:38 AM,07:40:00,Hot-Wet
16.06496785,-19.27362874,LA5,2009-04-27,08:00:38 AM,08:00:00,Hot-Wet
16.0635966,-19.27215576,LA5,2009-04-27,08:20:38 AM,08:20:00,Hot-Wet
16.06343079,-19.27087809,LA5,2009-04-27,08:40:38 AM,08:40:00,Hot-Wet
16.06965129,-19.27290446,LA5,2009-04-27,09:00:38 AM,09:00:00,Hot-Wet
16.0696523,-19.27290853,LA5,2009-04-27,09:20:38 AM,09:20:00,Hot-Wet
16.07054545,-19.27338867,LA5,2009-04-27,09:40:38 AM,09:40:00,Hot-Wet
16.07224935,-19.2736145,LA5,2009-04-27,10:00:38 AM,10:00:00,Hot-Wet
16.07336731,-19.27399495,LA5,2009-04-27,10:20:38 AM,10:20:00,Hot-Wet
16.07358297,-19.27574259,LA5,2009-04-27,10:40:38 AM,10:40:00,Hot-Wet
16.07327677,-19.27619425,LA5,2009-04-27,11:00:38 AM,11:00:00,Hot-Wet
16.07328695,-19.27619222,LA5,2009-04-27,11:20:38 AM,11:20:00,Hot-Wet
16.07419637,-19.27653809,LA5,2009-04-27,11:40:38 AM,11:40:00,Hot-Wet
16.07801412,-19.27666016,LA5,2009-04-27,12:00:38 PM,12:00:00,Hot-Wet
16.08449198,-19.27648315,LA5,2009-04-27,12:20:38 PM,12:20:00,Hot-Wet
16.08943075,-19.27612101,LA5,2009-04-27,12:40:38 PM,12:40:00,Hot-Wet
16.09226786,-19.28135783,LA5,2009-04-27,01:00:38 PM,13:00:00,Hot-Wet
16.09439799,-19.28655192,LA5,2009-04-27,01:20:38 PM,13:20:00,Hot-Wet
16.09850871,-19.29176229,LA5,2009-04-27,01:40:38 PM,13:40:00,Hot-Wet
16.10076192,-19.29582113,LA5,2009-04-27,02:00:38 PM,14:00:00,Hot-Wet
16.10045776,-19.2960083,LA5,2009-04-27,02:20:38 PM,14:20:00,Hot-Wet
16.09778646,-19.29767049,LA5,2009-04-27,02:40:38 PM,14:40:00,Hot-Wet
16.09538574,-19.3023763,LA5,2009-04-27,03:00:38 PM,15:00:00,Hot-Wet
16.09106954,-19.30667114,LA5,2009-04-27,03:20:38 PM,15:20:00,Hot-Wet
16.09309489,-19.30647786,LA5,2009-04-27,03:40:38 PM,15:40:00,Hot-Wet
16.09602763,-19.29953613,LA5,2009-04-27,04:00:38 PM,16:00:00,Hot-Wet
16.09083354,-19.28860067,LA5,2009-04-27,04:20:38 PM,16:20:00,Hot-Wet
16.09083761,-19.28860677,LA5,2009-04-27,04:40:38 PM,16:40:00,Hot-Wet
16.08979492,-19.28922526,LA5,2009-04-27,05:00:38 PM,17:00:00,Hot-Wet
16.08968099,-19.28961995,LA5,2009-04-27,05:20:38 PM,17:20:00,Hot-Wet
16.08849996,-19.28927816,LA5,2009-04-27,05:40:38 PM,17:40:00,Hot-Wet
16.08773193,-19.28852336,LA5,2009-04-27,06:00:38 PM,18:00:00,Hot-Wet
16.08601379,-19.28750203,LA5,2009-04-27,06:20:38 PM,18:20:00,Hot-Wet
16.08427429,-19.28497314,LA5,2009-04-27,06:40:38 PM,18:40:00,Hot-Wet
16.08082886,-19.28335571,LA5,2009-04-27,07:00:38 PM,19:00:00,Hot-Wet
16.07920431,-19.28276164,LA5,2009-04-27,07:20:38 PM,19:20:00,Hot-Wet
16.076415,-19.28220011,LA5,2009-04-27,07:40:38 PM,19:40:00,Hot-Wet
16.0728597,-19.28209839,LA5,2009-04-27,08:00:38 PM,20:00:00,Hot-Wet
16.06921285,-19.28296712,LA5,2009-04-27,08:20:38 PM,20:20:00,Hot-Wet
16.06489563,-19.28308716,LA5,2009-04-27,08:40:38 PM,20:40:00,Hot-Wet
16.06350301,-19.28442586,LA5,2009-04-27,09:00:38 PM,21:00:00,Hot-Wet
16.06105754,-19.28436076,LA5,2009-04-27,09:20:38 PM,21:20:00,Hot-Wet
16.05909322,-19.28312581,LA5,2009-04-27,09:40:38 PM,21:40:00,Hot-Wet
16.05872701,-19.28304036,LA5,2009-04-27,10:00:38 PM,22:00:00,Hot-Wet
16.05820109,-19.28250529,LA5,2009-04-27,10:20:38 PM,22:20:00,Hot-Wet
16.0576945,-19.28220622,LA5,2009-04-27,10:40:38 PM,22:40:00,Hot-Wet
16.05600688,-19.28189494,LA5,2009-04-27,11:00:38 PM,23:00:00,Hot-Wet
16.05550334,-19.28239136,LA5,2009-04-27,11:20:38 PM,23:20:00,Hot-Wet
16.05524597,-19.28244832,LA5,2009-04-27,11:40:38 PM,23:40:00,Hot-Wet
16.05508118,-19.28250732,LA5,2009-04-28,12:00:38 AM,00:00:00,Hot-Wet
16.05499674,-19.28232218,LA5,2009-04-28,12:20:38 AM,00:20:00,Hot-Wet
16.05498657,-19.28232829,LA5,2009-04-28,12:40:38 AM,00:40:00,Hot-Wet
16.0549998,-19.28232218,LA5,2009-04-28,01:00:38 AM,01:00:00,Hot-Wet
16.05496928,-19.28231201,LA5,2009-04-28,01:20:38 AM,01:20:00,Hot-Wet
16.05376892,-19.28159993,LA5,2009-04-28,01:40:38 AM,01:40:00,Hot-Wet
16.0527242,-19.28144938,LA5,2009-04-28,02:00:38 AM,02:00:00,Hot-Wet
16.0527181,-19.28145345,LA5,2009-04-28,02:20:38 AM,02:20:00,Hot-Wet
16.05228373,-19.28124593,LA5,2009-04-28,02:40:38 AM,02:40:00,Hot-Wet
16.05222168,-19.28133138,LA5,2009-04-28,03:00:38 AM,03:00:00,Hot-Wet
16.05224304,-19.28134562,LA5,2009-04-28,03:20:38 AM,03:20:00,Hot-Wet
16.05223796,-19.28132528,LA5,2009-04-28,03:40:38 AM,03:40:00,Hot-Wet
16.05224813,-19.2813741,LA5,2009-04-28,04:00:38 AM,04:00:00,Hot-Wet
16.05224711,-19.2813741,LA5,2009-04-28,04:20:38 AM,04:20:00,Hot-Wet
16.0516276,-19.28034261,LA5,2009-04-28,04:40:38 AM,04:40:00,Hot-Wet
16.05062052,-19.27929891,LA5,2009-04-28,05:00:38 AM,05:00:00,Hot-Wet
16.04856262,-19.27641195,LA5,2009-04-28,05:20:38 AM,05:20:00,Hot-Wet
16.04852397,-19.27370809,LA5,2009-04-28,05:40:38 AM,05:40:00,Hot-Wet
16.0489919,-19.26857503,LA5,2009-04-28,06:00:38 AM,06:00:00,Hot-Wet
16.04644063,-19.26398315,LA5,2009-04-28,06:20:38 AM,06:20:00,Hot-Wet
16.04658203,-19.26078084,LA5,2009-04-28,06:40:38 AM,06:40:00,Hot-Wet
16.04496867,-19.26000773,LA5,2009-04-28,07:00:38 AM,07:00:00,Hot-Wet
16.0433431,-19.25558472,LA5,2009-04-28,07:20:38 AM,07:20:00,Hot-Wet
16.04059753,-19.25900675,LA5,2009-04-28,07:40:38 AM,07:40:00,Hot-Wet
16.03510335,-19.26126099,LA5,2009-04-28,08:00:38 AM,08:00:00,Hot-Wet
16.03134766,-19.26247559,LA5,2009-04-28,08:20:38 AM,08:20:00,Hot-Wet
16.03005676,-19.2637207,LA5,2009-04-28,08:40:38 AM,08:40:00,Hot-Wet
16.02997131,-19.26408081,LA5,2009-04-28,09:00:38 AM,09:00:00,Hot-Wet
16.02707011,-19.26630656,LA5,2009-04-28,09:20:38 AM,09:20:00,Hot-Wet
16.02724609,-19.26614583,LA5,2009-04-28,09:40:38 AM,09:40:00,Hot-Wet
16.02721354,-19.26612956,LA5,2009-04-28,10:00:38 AM,10:00:00,Hot-Wet
16.0272349,-19.26610311,LA5,2009-04-28,10:20:38 AM,10:20:00,Hot-Wet
16.02724915,-19.26608887,LA5,2009-04-28,10:40:38 AM,10:40:00,Hot-Wet
16.02757975,-19.26553752,LA5,2009-04-28,11:00:38 AM,11:00:00,Hot-Wet
16.02864278,-19.2633138,LA5,2009-04-28,11:20:38 AM,11:20:00,Hot-Wet
16.03131104,-19.26135457,LA5,2009-04-28,11:40:38 AM,11:40:00,Hot-Wet
16.03326111,-19.26087036,LA5,2009-04-28,12:00:38 PM,12:00:00,Hot-Wet
16.03814596,-19.25816243,LA5,2009-04-28,12:20:38 PM,12:20:00,Hot-Wet
16.04454753,-19.25572917,LA5,2009-04-28,12:40:38 PM,12:40:00,Hot-Wet
16.0500061,-19.25591634,LA5,2009-04-28,01:00:38 PM,13:00:00,Hot-Wet
16.0549825,-19.25605062,LA5,2009-04-28,01:20:38 PM,13:20:00,Hot-Wet
16.06003113,-19.25870361,LA5,2009-04-28,01:40:38 PM,13:40:00,Hot-Wet
16.06293844,-19.25905151,LA5,2009-04-28,02:00:38 PM,14:00:00,Hot-Wet
16.06543681,-19.26187541,LA5,2009-04-28,02:20:38 PM,14:20:00,Hot-Wet
16.06865133,-19.26195068,LA5,2009-04-28,02:40:38 PM,14:40:00,Hot-Wet
16.07299906,-19.2608785,LA5,2009-04-28,03:00:38 PM,15:00:00,Hot-Wet
16.0776001,-19.26214803,LA5,2009-04-28,03:20:38 PM,15:20:00,Hot-Wet
16.07937419,-19.26246948,LA5,2009-04-28,03:40:38 PM,15:40:00,Hot-Wet
16.08145955,-19.2640625,LA5,2009-04-28,04:00:38 PM,16:00:00,Hot-Wet
16.08434041,-19.26417033,LA5,2009-04-28,04:20:38 PM,16:20:00,Hot-Wet
16.08968506,-19.26519572,LA5,2009-04-28,04:40:38 PM,16:40:00,Hot-Wet
16.08968201,-19.26519775,LA5,2009-04-28,05:00:38 PM,17:00:00,Hot-Wet
16.09464925,-19.26584676,LA5,2009-04-28,05:20:38 PM,17:20:00,Hot-Wet
16.10175578,-19.26319784,LA5,2009-04-28,05:40:38 PM,17:40:00,Hot-Wet
16.10895793,-19.2587382,LA5,2009-04-28,06:00:38 PM,18:00:00,Hot-Wet
16.11369527,-19.25890096,LA5,2009-04-28,06:20:38 PM,18:20:00,Hot-Wet
16.12351379,-19.2571757,LA5,2009-04-28,06:40:38 PM,18:40:00,Hot-Wet
16.12350972,-19.25716553,LA5,2009-04-28,07:00:38 PM,19:00:00,Hot-Wet
16.12696025,-19.25492961,LA5,2009-04-28,07:20:38 PM,19:20:00,Hot-Wet
16.13062337,-19.25420736,LA5,2009-04-28,07:40:38 PM,19:40:00,Hot-Wet
16.13305868,-19.25551554,LA5,2009-04-28,08:00:38 PM,20:00:00,Hot-Wet
16.13500977,-19.25706787,LA5,2009-04-28,08:20:38 PM,20:20:00,Hot-Wet
16.13801066,-19.25904338,LA5,2009-04-28,08:40:38 PM,20:40:00,Hot-Wet
16.13966471,-19.26009318,LA5,2009-04-28,09:00:38 PM,21:00:00,Hot-Wet
16.14196777,-19.26155396,LA5,2009-04-28,09:20:38 PM,21:20:00,Hot-Wet
16.14453328,-19.262854,LA5,2009-04-28,09:40:38 PM,21:40:00,Hot-Wet
16.14708354,-19.26474609,LA5,2009-04-28,10:00:38 PM,22:00:00,Hot-Wet
16.15133464,-19.26748861,LA5,2009-04-28,10:20:38 PM,22:20:00,Hot-Wet
16.15406291,-19.2677653,LA5,2009-04-28,10:40:38 PM,22:40:00,Hot-Wet
16.15464478,-19.26977539,LA5,2009-04-28,11:00:38 PM,23:00:00,Hot-Wet
16.15566406,-19.27207642,LA5,2009-04-28,11:20:38 PM,23:20:00,Hot-Wet
16.15577393,-19.27267456,LA5,2009-04-28,11:40:38 PM,23:40:00,Hot-Wet
16.15751343,-19.27111816,LA5,2009-04-29,12:00:38 AM,00:00:00,Hot-Wet
16.15964559,-19.27348836,LA5,2009-04-29,12:20:38 AM,00:20:00,Hot-Wet
16.15956828,-19.27340495,LA5,2009-04-29,12:40:00 AM,00:40:00,Hot-Wet
16.15955912,-19.27341105,LA5,2009-04-29,01:00:38 AM,01:00:00,Hot-Wet
16.15954895,-19.27342529,LA5,2009-04-29,01:20:38 AM,01:20:00,Hot-Wet
16.15894775,-19.27369995,LA5,2009-04-29,01:40:38 AM,01:40:00,Hot-Wet
16.15863241,-19.27346191,LA5,2009-04-29,02:00:38 AM,02:00:00,Hot-Wet
16.15862528,-19.27345785,LA5,2009-04-29,02:20:38 AM,02:20:00,Hot-Wet
16.15871582,-19.27349854,LA5,2009-04-29,02:40:38 AM,02:40:00,Hot-Wet
16.15872192,-19.27340495,LA5,2009-04-29,03:00:38 AM,03:00:00,Hot-Wet
16.15870463,-19.27347616,LA5,2009-04-29,03:20:38 AM,03:20:00,Hot-Wet
16.15868225,-19.27345378,LA5,2009-04-29,03:40:38 AM,03:40:00,Hot-Wet
16.15870463,-19.27346191,LA5,2009-04-29,04:00:39 AM,04:00:00,Hot-Wet
16.15871379,-19.27344971,LA5,2009-04-29,04:20:38 AM,04:20:00,Hot-Wet
16.15814616,-19.27378947,LA5,2009-04-29,04:40:38 AM,04:40:00,Hot-Wet
16.15814616,-19.27378743,LA5,2009-04-29,05:00:38 AM,05:00:00,Hot-Wet
16.15745646,-19.27529907,LA5,2009-04-29,05:20:38 AM,05:20:00,Hot-Wet
16.15694377,-19.27782593,LA5,2009-04-29,05:40:38 AM,05:40:00,Hot-Wet
16.15725708,-19.28002319,LA5,2009-04-29,06:00:38 AM,06:00:00,Hot-Wet
16.15759481,-19.28048299,LA5,2009-04-29,06:20:38 AM,06:20:00,Hot-Wet
16.15726725,-19.28420817,LA5,2009-04-29,06:40:38 AM,06:40:00,Hot-Wet
16.15404053,-19.28513184,LA5,2009-04-29,07:00:38 AM,07:00:00,Hot-Wet
16.15121155,-19.28499959,LA5,2009-04-29,07:20:38 AM,07:20:00,Hot-Wet
16.15016073,-19.28424886,LA5,2009-04-29,07:40:38 AM,07:40:00,Hot-Wet
16.15003052,-19.28402507,LA5,2009-04-29,08:00:38 AM,08:00:00,Hot-Wet
16.15272217,-19.28351034,LA5,2009-04-29,08:20:38 AM,08:20:00,Hot-Wet
16.15738831,-19.28424276,LA5,2009-04-29,08:40:38 AM,08:40:00,Hot-Wet
16.15737203,-19.28425496,LA5,2009-04-29,09:00:38 AM,09:00:00,Hot-Wet
16.1585144,-19.28554484,LA5,2009-04-29,09:20:38 AM,09:20:00,Hot-Wet
16.15789897,-19.28769328,LA5,2009-04-29,09:40:38 AM,09:40:00,Hot-Wet
16.16014404,-19.28926595,LA5,2009-04-29,10:00:38 AM,10:00:00,Hot-Wet
16.16230672,-19.29149373,LA5,2009-04-29,10:20:38 AM,10:20:00,Hot-Wet
16.16652527,-19.29134725,LA5,2009-04-29,10:40:38 AM,10:40:00,Hot-Wet
16.1651357,-19.29231567,LA5,2009-04-29,11:00:38 AM,11:00:00,Hot-Wet
16.16380208,-19.29387817,LA5,2009-04-29,11:20:38 AM,11:20:00,Hot-Wet
16.16235148,-19.2946757,LA5,2009-04-29,11:40:38 AM,11:40:00,Hot-Wet
16.16029663,-19.29492391,LA5,2009-04-29,12:00:38 PM,12:00:00,Hot-Wet
16.15925496,-19.29250488,LA5,2009-04-29,12:20:38 PM,12:20:00,Hot-Wet
16.15889181,-19.2927124,LA5,2009-04-29,12:40:38 PM,12:40:00,Hot-Wet
16.15818278,-19.29120483,LA5,2009-04-29,01:00:38 PM,13:00:00,Hot-Wet
16.15824788,-19.29022217,LA5,2009-04-29,01:20:38 PM,13:20:00,Hot-Wet
16.15764669,-19.28441366,LA5,2009-04-29,01:40:38 PM,13:40:00,Hot-Wet
16.15837809,-19.28462728,LA5,2009-04-29,02:00:38 PM,14:00:00,Hot-Wet
16.16074422,-19.287087,LA5,2009-04-29,02:20:38 PM,14:20:00,Hot-Wet
16.16074422,-19.28709106,LA5,2009-04-29,02:40:38 PM,14:40:00,Hot-Wet
16.16275635,-19.28835653,LA5,2009-04-29,03:00:38 PM,15:00:00,Hot-Wet
16.16436564,-19.2892924,LA5,2009-04-29,03:20:38 PM,15:20:00,Hot-Wet
16.16654053,-19.28812052,LA5,2009-04-29,03:40:38 PM,15:40:00,Hot-Wet
16.16803792,-19.28830973,LA5,2009-04-29,04:00:38 PM,16:00:00,Hot-Wet
16.16921895,-19.28956299,LA5,2009-04-29,04:20:38 PM,16:20:00,Hot-Wet
16.16921692,-19.28956502,LA5,2009-04-29,04:40:38 PM,16:40:00,Hot-Wet
16.16963603,-19.28841553,LA5,2009-04-29,05:00:38 PM,17:00:00,Hot-Wet
16.17089844,-19.28754883,LA5,2009-04-29,05:20:38 PM,17:20:00,Hot-Wet
16.17212016,-19.28767293,LA5,2009-04-29,05:40:38 PM,17:40:00,Hot-Wet
16.17236125,-19.28678589,LA5,2009-04-29,06:00:38 PM,18:00:00,Hot-Wet
16.17271729,-19.28494873,LA5,2009-04-29,06:20:38 PM,18:20:00,Hot-Wet
16.17177327,-19.28156942,LA5,2009-04-29,06:40:38 PM,18:40:00,Hot-Wet
16.17177531,-19.28157145,LA5,2009-04-29,07:00:38 PM,19:00:00,Hot-Wet
16.17248433,-19.27891032,LA5,2009-04-29,07:20:38 PM,19:20:00,Hot-Wet
16.17205302,-19.27702433,LA5,2009-04-29,07:40:38 PM,19:40:00,Hot-Wet
16.17187297,-19.27426961,LA5,2009-04-29,08:00:38 PM,20:00:00,Hot-Wet
16.17422384,-19.27215983,LA5,2009-04-29,08:20:38 PM,20:20:00,Hot-Wet
16.17473348,-19.2710612,LA5,2009-04-29,08:40:38 PM,20:40:00,Hot-Wet
16.17527059,-19.26947428,LA5,2009-04-29,09:00:38 PM,21:00:00,Hot-Wet
16.17607015,-19.26787516,LA5,2009-04-29,09:20:38 PM,21:20:00,Hot-Wet
16.17733561,-19.26689657,LA5,2009-04-29,09:40:38 PM,21:40:00,Hot-Wet
16.17730713,-19.26494141,LA5,2009-04-29,10:00:38 PM,22:00:00,Hot-Wet
16.17729899,-19.26299438,LA5,2009-04-29,10:20:38 PM,22:20:00,Hot-Wet
16.17789714,-19.26176147,LA5,2009-04-29,10:40:38 PM,22:40:00,Hot-Wet
16.17789714,-19.26172485,LA5,2009-04-29,11:00:38 PM,23:00:00,Hot-Wet
16.17802327,-19.25743001,LA5,2009-04-29,11:20:38 PM,23:20:00,Hot-Wet
16.17831624,-19.25637207,LA5,2009-04-29,11:40:38 PM,23:40:00,Hot-Wet
16.17830505,-19.256368,LA5,2009-04-30,12:00:38 AM,00:00:00,Hot-Wet
16.1795929,-19.25544637,LA5,2009-04-30,12:20:38 AM,00:20:00,Hot-Wet
16.18006185,-19.25447591,LA5,2009-04-30,12:40:38 AM,00:40:00,Hot-Wet
16.18111369,-19.25314535,LA5,2009-04-30,01:00:38 AM,01:00:00,Hot-Wet
16.18110962,-19.25314941,LA5,2009-04-30,01:20:38 AM,01:20:00,Hot-Wet
16.17882182,-19.24972331,LA5,2009-04-30,01:40:38 AM,01:40:00,Hot-Wet
16.17827962,-19.24880981,LA5,2009-04-30,02:00:38 AM,02:00:00,Hot-Wet
16.17827657,-19.24848429,LA5,2009-04-30,02:20:38 AM,02:20:00,Hot-Wet
16.1782664,-19.2484904,LA5,2009-04-30,02:40:38 AM,02:40:00,Hot-Wet
16.17833761,-19.24846598,LA5,2009-04-30,03:00:38 AM,03:00:00,Hot-Wet
16.17824198,-19.24842529,LA5,2009-04-30,03:20:38 AM,03:20:00,Hot-Wet
16.17825216,-19.24848022,LA5,2009-04-30,03:40:38 AM,03:40:00,Hot-Wet
16.17827148,-19.24843953,LA5,2009-04-30,04:00:38 AM,04:00:00,Hot-Wet
16.17822876,-19.24844767,LA5,2009-04-30,04:20:38 AM,04:20:00,Hot-Wet
16.1782491,-19.2484436,LA5,2009-04-30,04:40:51 AM,04:40:00,Hot-Wet
16.17759806,-19.24842326,LA5,2009-04-30,05:00:38 AM,05:00:00,Hot-Wet
16.17759603,-19.24842529,LA5,2009-04-30,05:20:38 AM,05:20:00,Hot-Wet
16.17701518,-19.24661865,LA5,2009-04-30,05:40:38 AM,05:40:00,Hot-Wet
16.17588196,-19.24522909,LA5,2009-04-30,06:00:38 AM,06:00:00,Hot-Wet
16.17446493,-19.24395142,LA5,2009-04-30,06:20:38 AM,06:20:00,Hot-Wet
16.17236532,-19.24294434,LA5,2009-04-30,06:40:38 AM,06:40:00,Hot-Wet
16.17236735,-19.24292603,LA5,2009-04-30,07:00:38 AM,07:00:00,Hot-Wet
16.16845805,-19.24175212,LA5,2009-04-30,07:20:38 AM,07:20:00,Hot-Wet
16.16517436,-19.24135742,LA5,2009-04-30,07:40:38 AM,07:40:00,Hot-Wet
16.16252441,-19.23966675,LA5,2009-04-30,08:00:38 AM,08:00:00,Hot-Wet
16.15741984,-19.23715007,LA5,2009-04-30,08:20:38 AM,08:20:00,Hot-Wet
16.15025431,-19.23757935,LA5,2009-04-30,08:40:38 AM,08:40:00,Hot-Wet
16.142217,-19.23747762,LA5,2009-04-30,09:00:38 AM,09:00:00,Hot-Wet
16.13689067,-19.2369873,LA5,2009-04-30,09:20:38 AM,09:20:00,Hot-Wet
16.13170573,-19.23848267,LA5,2009-04-30,09:40:38 AM,09:40:00,Hot-Wet
16.131545,-19.23871663,LA5,2009-04-30,10:00:38 AM,10:00:00,Hot-Wet
16.13136292,-19.23805542,LA5,2009-04-30,10:20:38 AM,10:20:00,Hot-Wet
16.13053385,-19.23724772,LA5,2009-04-30,10:40:38 AM,10:40:00,Hot-Wet
16.13057353,-19.23704427,LA5,2009-04-30,11:00:38 AM,11:00:00,Hot-Wet
16.13060506,-19.23648885,LA5,2009-04-30,11:20:38 AM,11:20:00,Hot-Wet
16.13116455,-19.23595988,LA5,2009-04-30,11:40:38 AM,11:40:00,Hot-Wet
16.13109741,-19.23663534,LA5,2009-04-30,12:00:38 PM,12:00:00,Hot-Wet
16.13179728,-19.23845622,LA5,2009-04-30,12:20:38 PM,12:20:00,Hot-Wet
16.13173828,-19.23980509,LA5,2009-04-30,12:40:38 PM,12:40:00,Hot-Wet
16.1309021,-19.24099935,LA5,2009-04-30,01:00:38 PM,13:00:00,Hot-Wet
16.12990112,-19.24234416,LA5,2009-04-30,01:20:38 PM,13:20:00,Hot-Wet
16.12886556,-19.24246216,LA5,2009-04-30,01:40:38 PM,13:40:00,Hot-Wet
16.12906596,-19.2430481,LA5,2009-04-30,02:00:38 PM,14:00:00,Hot-Wet
16.12980245,-19.243514,LA5,2009-04-30,02:20:38 PM,14:20:00,Hot-Wet
16.12877604,-19.24368286,LA5,2009-04-30,02:40:38 PM,14:40:00,Hot-Wet
16.12821554,-19.24416911,LA5,2009-04-30,03:00:38 PM,15:00:00,Hot-Wet
16.12645162,-19.24755452,LA5,2009-04-30,03:20:38 PM,15:20:00,Hot-Wet
16.12561849,-19.2486735,LA5,2009-04-30,03:40:38 PM,15:40:00,Hot-Wet
16.12377319,-19.25117391,LA5,2009-04-30,04:00:38 PM,16:00:00,Hot-Wet
16.12271423,-19.25140177,LA5,2009-04-30,04:20:38 PM,16:20:00,Hot-Wet
16.12271322,-19.25140584,LA5,2009-04-30,04:40:38 PM,16:40:00,Hot-Wet
16.12275899,-19.25085449,LA5,2009-04-30,05:00:38 PM,17:00:00,Hot-Wet
16.12262065,-19.25072428,LA5,2009-04-30,05:20:38 PM,17:20:00,Hot-Wet
16.12244568,-19.24988607,LA5,2009-04-30,05:40:38 PM,17:40:00,Hot-Wet
16.12198792,-19.24862874,LA5,2009-04-30,06:00:38 PM,18:00:00,Hot-Wet
16.11900635,-19.24688314,LA5,2009-04-30,06:20:38 PM,18:20:00,Hot-Wet
16.11406352,-19.24542236,LA5,2009-04-30,06:40:38 PM,18:40:00,Hot-Wet
16.1140625,-19.2454305,LA5,2009-04-30,07:00:38 PM,19:00:00,Hot-Wet
16.11267497,-19.2445516,LA5,2009-04-30,07:20:38 PM,19:20:00,Hot-Wet
16.11252848,-19.24527995,LA5,2009-04-30,07:40:38 PM,19:40:00,Hot-Wet
16.11319987,-19.24460246,LA5,2009-04-30,08:00:38 PM,20:00:00,Hot-Wet
16.11330261,-19.24447835,LA5,2009-04-30,08:20:38 PM,20:20:00,Hot-Wet
16.11274109,-19.24199219,LA5,2009-04-30,08:40:38 PM,20:40:00,Hot-Wet
16.11056722,-19.23892212,LA5,2009-04-30,09:00:38 PM,21:00:00,Hot-Wet
16.1084432,-19.23694458,LA5,2009-04-30,09:20:38 PM,21:20:00,Hot-Wet
16.10401204,-19.23449097,LA5,2009-04-30,09:40:38 PM,21:40:00,Hot-Wet
16.09996236,-19.23160807,LA5,2009-04-30,10:00:38 PM,22:00:00,Hot-Wet
16.09748332,-19.2275472,LA5,2009-04-30,10:20:38 PM,22:20:00,Hot-Wet
16.09834595,-19.22776489,LA5,2009-04-30,10:40:38 PM,22:40:00,Hot-Wet
16.09824931,-19.22635091,LA5,2009-04-30,11:00:38 PM,23:00:00,Hot-Wet
16.09691874,-19.22469076,LA5,2009-04-30,11:20:38 PM,23:20:00,Hot-Wet
16.09680481,-19.22443848,LA5,2009-04-30,11:40:38 PM,23:40:00,Hot-Wet
